datetime,co2,temperature,humidity
2023-11-01 14:00:00,1684.6666666666667,21.600000000000005,47.79
2023-11-01 14:30:00,1525.6666666666667,21.600000000000005,46.74333333333333
2023-11-01 15:00:00,1431.0,21.53333333333333,46.35
2023-11-01 15:30:00,1428.6666666666667,21.5,46.61333333333334
2023-11-01 16:00:00,1314.3333333333333,21.46666666666667,46.61333333333334
2023-11-01 16:30:00,1149.6666666666667,21.399999999999995,46.35
2023-11-01 17:00:00,1072.0,21.3,46.61333333333334
2023-11-01 17:30:00,1063.3333333333333,21.3,46.88
2023-11-01 18:00:00,1012.3333333333334,21.2,47.14000000000001
2023-11-01 18:30:00,962.0,21.2,47.4
2023-11-01 19:00:00,952.3333333333334,21.2,47.66
2023-11-01 19:30:00,893.6666666666666,21.2,47.66
2023-11-01 20:00:00,847.3333333333334,21.2,48.04999999999999
2023-11-01 20:30:00,813.3333333333334,21.2,48.04999999999999
2023-11-01 21:00:00,804.3333333333334,21.2,48.31
2023-11-01 21:30:00,727.0,21.2,48.44
2023-11-01 22:00:00,763.6666666666666,21.1,48.830000000000005
2023-11-01 22:30:00,781.6666666666666,21.1,48.96
2023-11-01 23:00:00,752.0,21.1,49.22
2023-11-01 23:30:00,754.3333333333334,21.1,49.35
2023-11-02 00:00:00,701.0,21.066666666666666,49.60999999999999
2023-11-02 00:30:00,726.3333333333334,21.033333333333335,49.60999999999999
2023-11-02 01:00:00,722.3333333333334,21.0,49.870000000000005
2023-11-02 01:30:00,682.0,21.0,50.0
2023-11-02 02:00:00,721.0,21.0,50.0
2023-11-02 02:30:00,704.0,21.0,50.26
2023-11-02 03:00:00,688.6666666666666,21.0,50.39000000000001
2023-11-02 03:30:00,667.6666666666666,21.0,50.39000000000001
2023-11-02 04:00:00,672.0,20.966666666666665,50.39000000000001
2023-11-02 04:30:00,644.6666666666666,20.933333333333334,50.65
2023-11-02 05:00:00,651.3333333333334,20.9,50.78
2023-11-02 05:30:00,631.6666666666666,20.9,50.78
2023-11-02 06:00:00,612.0,20.9,50.78
2023-11-02 06:30:00,615.6666666666666,20.9,51.169999999999995
2023-11-02 07:00:00,639.0,20.9,52.60333333333333
2023-11-02 07:30:00,668.0,20.9,53.12
2023-11-02 08:00:00,749.0,20.9,53.38666666666666
2023-11-02 08:30:00,1118.0,21.033333333333335,55.73
2023-11-02 09:00:00,1413.5,21.15,57.225
2023-11-02 09:30:00,1618.3333333333333,21.166666666666668,58.07
2023-11-02 10:00:00,1849.6666666666667,21.233333333333334,58.46
2023-11-02 10:30:00,2054.0,21.3,58.98
2023-11-02 11:00:00,1272.0,20.266666666666666,56.77
2023-11-02 11:30:00,1021.0,18.833333333333332,59.9
2023-11-02 12:00:00,1380.0,19.0,62.24
2023-11-02 12:30:00,1292.0,20.133333333333333,58.85333333333333
2023-11-02 13:00:00,1917.0,20.7,59.24333333333333
2023-11-02 13:30:00,1872.3333333333333,20.866666666666664,57.81
2023-11-02 14:00:00,1830.6666666666667,20.966666666666665,58.723333333333336
2023-11-02 14:30:00,1759.6666666666667,20.966666666666665,57.68000000000001
2023-11-02 15:00:00,1519.0,20.866666666666664,56.77
2023-11-02 15:30:00,1266.0,20.766666666666666,55.6
2023-11-02 16:00:00,1255.0,20.7,55.99
2023-11-02 16:30:00,1320.0,20.966666666666665,56.379999999999995
2023-11-02 17:00:00,1283.0,21.033333333333335,56.25
2023-11-02 17:30:00,1284.5,21.0,56.25
2023-11-02 18:00:00,1252.3333333333333,21.0,55.85999999999999
2023-11-02 18:30:00,1244.6666666666667,21.0,55.85999999999999
2023-11-02 19:00:00,1209.6666666666667,21.0,55.85999999999999
2023-11-02 19:30:00,1222.6666666666667,21.033333333333335,55.85999999999999
2023-11-02 20:00:00,1192.75,21.025,55.86
2023-11-02 20:30:00,1189.3333333333333,21.0,55.85999999999999
2023-11-02 21:00:00,1158.0,21.033333333333335,55.73
2023-11-02 21:30:00,1157.3333333333333,21.033333333333335,55.47
2023-11-02 22:00:00,1155.0,21.066666666666666,55.47
2023-11-02 22:30:00,1130.0,21.033333333333335,55.47
2023-11-02 23:00:00,1156.3333333333333,21.066666666666666,55.47
2023-11-02 23:30:00,1137.3333333333333,21.0,55.47
2023-11-03 00:00:00,1057.6666666666667,21.033333333333335,55.47
2023-11-03 00:30:00,1071.6666666666667,21.033333333333335,55.47
2023-11-03 01:00:00,1088.6666666666667,21.033333333333335,55.47
2023-11-03 01:30:00,1043.3333333333333,21.066666666666666,55.339999999999996
2023-11-03 02:00:00,1078.0,21.1,55.08
2023-11-03 02:30:00,1079.0,21.1,55.080000000000005
2023-11-03 03:00:00,1018.0,21.1,55.080000000000005
2023-11-03 03:30:00,1033.0,21.1,55.080000000000005
2023-11-03 04:00:00,1030.6666666666667,21.1,55.080000000000005
2023-11-03 04:30:00,1025.0,21.1,55.080000000000005
2023-11-03 05:00:00,999.0,21.1,55.080000000000005
2023-11-03 05:30:00,1020.0,21.1,55.080000000000005
2023-11-03 06:00:00,969.6666666666666,21.1,55.080000000000005
2023-11-03 06:30:00,983.3333333333334,21.1,54.81999999999999
2023-11-03 07:00:00,1005.0,21.133333333333336,58.07
2023-11-03 07:30:00,992.6666666666666,21.2,58.46333333333334
2023-11-03 08:00:00,1143.3333333333333,21.3,58.59
2023-11-03 08:30:00,1230.3333333333333,21.333333333333332,58.59
2023-11-03 09:00:00,1243.3333333333333,21.399999999999995,57.94
2023-11-03 09:30:00,1353.0,21.399999999999995,58.330000000000005
2023-11-03 10:00:00,1393.0,21.46666666666667,58.330000000000005
2023-11-03 10:30:00,1502.3333333333333,21.5,58.85
2023-11-03 11:00:00,1555.6666666666667,21.53333333333333,58.98333333333333
2023-11-03 11:30:00,1762.3333333333333,21.900000000000002,59.24666666666667
2023-11-03 12:00:00,1478.3333333333333,22.066666666666666,57.160000000000004
2023-11-03 12:30:00,1107.6666666666667,22.03333333333333,53.64666666666667
2023-11-03 13:00:00,854.3333333333334,21.96666666666667,51.04
2023-11-03 13:30:00,730.3333333333334,21.899999999999995,49.870000000000005
2023-11-03 14:00:00,736.6666666666666,21.8,49.74
2023-11-03 14:30:00,700.0,21.8,49.35
2023-11-03 15:00:00,717.0,21.7,48.830000000000005
2023-11-03 15:30:00,728.0,21.7,48.18
2023-11-03 16:00:00,753.3333333333334,21.7,48.699999999999996
2023-11-03 16:30:00,818.3333333333334,21.8,48.830000000000005
2023-11-03 17:00:00,864.0,21.8,49.089999999999996
2023-11-03 17:30:00,833.3333333333334,21.733333333333334,49.35
2023-11-03 18:00:00,810.3333333333334,21.7,49.35
2023-11-03 18:30:00,760.0,21.7,49.22
2023-11-03 19:00:00,750.6666666666666,21.7,49.48
2023-11-03 19:30:00,747.6666666666666,21.7,49.22
2023-11-03 20:00:00,712.6666666666666,21.7,49.60999999999999
2023-11-03 20:30:00,728.3333333333334,21.7,49.60999999999999
2023-11-03 21:00:00,722.6666666666666,21.7,49.60999999999999
2023-11-03 21:30:00,685.3333333333334,21.600000000000005,49.870000000000005
2023-11-03 22:00:00,685.6666666666666,21.600000000000005,50.0
2023-11-03 22:30:00,712.6666666666666,21.600000000000005,50.0
2023-11-03 23:00:00,659.0,21.600000000000005,50.0
2023-11-03 23:30:00,676.6666666666666,21.600000000000005,50.129999999999995
2023-11-04 00:00:00,675.6666666666666,21.600000000000005,50.129999999999995
2023-11-04 00:30:00,656.6666666666666,21.600000000000005,50.26
2023-11-04 01:00:00,648.3333333333334,21.600000000000005,50.39000000000001
2023-11-04 01:30:00,631.3333333333334,21.600000000000005,50.39000000000001
2023-11-04 02:00:00,616.6666666666666,21.600000000000005,50.0
2023-11-04 02:30:00,619.0,21.6,50.0
2023-11-04 03:00:00,601.0,21.600000000000005,50.0
2023-11-04 03:30:00,582.0,21.600000000000005,49.74
2023-11-04 04:00:00,552.6666666666666,21.600000000000005,49.60999999999999
2023-11-04 04:30:00,554.6666666666666,21.600000000000005,49.60999999999999
2023-11-04 05:00:00,558.0,21.566666666666666,49.35
2023-11-04 05:30:00,544.0,21.5,49.22
2023-11-04 06:00:00,542.6666666666666,21.5,49.22
2023-11-04 06:30:00,559.6666666666666,21.5,48.96
2023-11-04 07:00:00,563.6666666666666,21.5,48.830000000000005
2023-11-04 07:30:00,565.0,21.46666666666667,48.830000000000005
2023-11-04 08:00:00,554.25,21.475,48.83
2023-11-04 08:30:00,541.6666666666666,21.399999999999995,48.830000000000005
2023-11-04 09:00:00,526.0,21.399999999999995,48.830000000000005
2023-11-04 09:30:00,566.6666666666666,21.46666666666667,48.830000000000005
2023-11-04 10:00:00,546.3333333333334,21.46666666666667,48.830000000000005
2023-11-04 10:30:00,565.6666666666666,21.5,48.830000000000005
2023-11-04 11:00:00,563.3333333333334,21.5,48.830000000000005
2023-11-04 11:30:00,548.3333333333334,21.5,48.56999999999999
2023-11-04 12:00:00,566.0,21.5,48.04999999999999
2023-11-04 12:30:00,863.3333333333334,21.566666666666666,50.0
2023-11-04 13:00:00,640.3333333333334,21.599999999999998,46.22
2023-11-04 13:30:00,617.0,21.333333333333332,45.57
2023-11-04 14:00:00,616.3333333333334,21.166666666666668,45.44
2023-11-04 14:30:00,679.6666666666666,21.033333333333335,46.09
2023-11-04 15:00:00,696.3333333333334,21.1,46.48
2023-11-04 15:30:00,696.0,21.1,46.88
2023-11-04 16:00:00,701.6666666666666,21.1,46.876666666666665
2023-11-04 16:30:00,755.0,21.1,47.01
2023-11-04 17:00:00,759.0,21.1,47.01
2023-11-04 17:30:00,710.6666666666666,21.033333333333335,46.88
2023-11-04 18:00:00,716.3333333333334,21.033333333333335,46.74666666666667
2023-11-04 18:30:00,549.6666666666666,20.9,46.48
2023-11-04 19:00:00,572.0,20.8,46.48333333333333
2023-11-04 19:30:00,561.3333333333334,20.8,46.88
2023-11-04 20:00:00,549.3333333333334,20.9,46.88
2023-11-04 20:30:00,557.0,20.9,46.88
2023-11-04 21:00:00,551.0,20.9,46.61333333333334
2023-11-04 21:30:00,550.6666666666666,20.9,46.61333333333334
2023-11-04 22:00:00,534.6666666666666,20.9,46.48
2023-11-04 22:30:00,537.3333333333334,20.866666666666664,46.48
2023-11-04 23:00:00,525.3333333333334,20.833333333333332,46.48
2023-11-04 23:30:00,540.6666666666666,20.8,46.35
2023-11-05 00:00:00,556.3333333333334,20.8,46.74666666666667
2023-11-05 00:30:00,528.3333333333334,20.8,46.74666666666667
2023-11-05 01:00:00,549.0,20.8,46.88
2023-11-05 01:30:00,514.5,20.7,46.88
2023-11-05 02:00:00,508.3333333333333,20.7,47.01
2023-11-05 02:30:00,516.3333333333334,20.7,47.27
2023-11-05 03:00:00,514.3333333333334,20.666666666666668,47.14000000000001
2023-11-05 03:30:00,517.3333333333334,20.6,46.88
2023-11-05 04:00:00,529.6666666666666,20.6,47.01
2023-11-05 04:30:00,528.0,20.5,47.27
2023-11-05 05:00:00,496.3333333333333,20.5,47.4
2023-11-05 05:30:00,511.3333333333333,20.433333333333334,47.53
2023-11-05 06:00:00,499.0,20.466666666666665,47.53
2023-11-05 06:30:00,513.3333333333334,20.4,47.27
2023-11-05 07:00:00,508.3333333333333,20.366666666666664,47.53
2023-11-05 07:30:00,517.6666666666666,20.3,47.66
2023-11-05 08:00:00,520.0,20.3,47.79
2023-11-05 08:30:00,506.0,20.3,48.18
2023-11-05 09:00:00,517.3333333333334,20.266666666666666,48.56999999999999
2023-11-05 09:30:00,508.3333333333333,20.266666666666666,49.089999999999996
2023-11-05 10:00:00,518.0,20.266666666666666,49.60999999999999
2023-11-05 10:30:00,483.6666666666667,20.233333333333334,50.0
2023-11-05 11:00:00,493.3333333333333,20.3,50.39000000000001
2023-11-05 11:30:00,499.0,20.3,50.39000000000001
2023-11-05 12:00:00,546.6666666666666,20.233333333333334,50.78
2023-11-05 12:30:00,513.0,20.2,50.78
2023-11-05 13:00:00,521.6666666666666,20.2,50.78
2023-11-05 13:30:00,537.3333333333334,20.2,51.169999999999995
2023-11-05 14:00:00,502.6666666666667,20.1,50.78
2023-11-05 14:30:00,489.6,20.14,51.17
2023-11-05 15:00:00,498.6666666666667,20.1,51.169999999999995
2023-11-05 15:30:00,494.0,20.1,51.169999999999995
2023-11-05 16:00:00,489.0,20.1,51.43000000000001
2023-11-05 16:30:00,517.3333333333334,20.1,51.56
2023-11-05 17:00:00,553.6666666666666,20.1,51.56
2023-11-05 17:30:00,516.6666666666666,20.1,51.95000000000001
2023-11-05 18:00:00,496.0,20.1,52.21
2023-11-05 18:30:00,517.6666666666666,20.066666666666666,52.34
2023-11-05 19:00:00,520.0,20.0,52.73
2023-11-05 19:30:00,518.6666666666666,20.0,53.12
2023-11-05 20:00:00,530.0,20.0,53.12
2023-11-05 20:30:00,526.75,20.05,53.12
2023-11-05 21:00:00,553.0,20.1,53.12
2023-11-05 21:30:00,524.5,20.075000000000003,53.12
2023-11-05 22:00:00,519.3333333333334,20.1,53.12
2023-11-05 22:30:00,535.3333333333334,20.1,53.12
2023-11-05 23:00:00,537.0,20.1,53.12
2023-11-05 23:30:00,515.3333333333334,20.1,53.12
2023-11-06 00:00:00,545.6666666666666,20.1,53.38666666666666
2023-11-06 00:30:00,519.0,20.1,53.38666666666666
2023-11-06 01:00:00,549.3333333333334,20.133333333333336,53.52
2023-11-06 01:30:00,549.6666666666666,20.2,53.52
2023-11-06 02:00:00,538.6666666666666,20.2,53.52
2023-11-06 02:30:00,511.6666666666667,20.2,53.38666666666666
2023-11-06 03:00:00,539.0,20.2,53.12
2023-11-06 03:30:00,529.6666666666666,20.2,53.12
2023-11-06 04:00:00,541.3333333333334,20.2,53.12
2023-11-06 04:30:00,571.0,20.2,53.12
2023-11-06 05:00:00,540.3333333333334,20.2,53.25333333333333
2023-11-06 05:30:00,544.3333333333334,20.233333333333334,53.25333333333333
2023-11-06 06:00:00,531.3333333333334,20.2,53.25333333333333
2023-11-06 06:30:00,523.0,20.2,53.52
2023-11-06 07:00:00,550.0,20.2,53.65
2023-11-06 07:30:00,545.3333333333334,20.2,53.91
2023-11-06 08:00:00,538.0,20.2,55.275
2023-11-06 08:30:00,565.3333333333334,20.2,57.550000000000004
2023-11-06 09:00:00,650.0,20.2,56.77
2023-11-06 09:30:00,1316.0,20.400000000000002,59.116666666666674
2023-11-06 10:00:00,1489.6666666666667,20.6,58.98333333333333
2023-11-06 10:30:00,1406.6666666666667,20.666666666666668,57.68000000000001
2023-11-06 11:00:00,1428.3333333333333,20.733333333333334,57.419999999999995
2023-11-06 11:30:00,1969.3333333333333,20.866666666666664,59.9
2023-11-06 12:00:00,1872.6666666666667,21.0,59.9
2023-11-06 12:30:00,1545.0,21.0,58.07
2023-11-06 13:00:00,1398.3333333333333,20.933333333333334,56.77
2023-11-06 13:30:00,1430.6666666666667,21.0,55.85999999999999
2023-11-06 14:00:00,1402.0,20.9,55.21
2023-11-06 14:30:00,1383.6666666666667,20.9,54.81999999999999
2023-11-06 15:00:00,1197.3333333333333,20.866666666666664,53.64666666666667
2023-11-06 15:30:00,906.6666666666666,20.833333333333332,52.47
2023-11-06 16:00:00,673.6666666666666,20.7,51.82
2023-11-06 16:30:00,608.3333333333334,20.633333333333336,51.169999999999995
2023-11-06 17:00:00,560.0,20.466666666666665,50.65
2023-11-06 17:30:00,556.6666666666666,20.3,50.39000000000001
2023-11-06 18:00:00,537.0,20.133333333333336,50.26
2023-11-06 18:30:00,526.0,20.066666666666666,50.39000000000001
2023-11-06 19:00:00,553.0,20.066666666666666,50.78
2023-11-06 19:30:00,599.0,20.266666666666666,50.78
2023-11-06 20:00:00,587.3333333333334,20.333333333333332,50.78
2023-11-06 20:30:00,589.6666666666666,20.4,50.78
2023-11-06 21:00:00,572.3333333333334,20.4,50.910000000000004
2023-11-06 21:30:00,532.0,20.466666666666665,51.169999999999995
2023-11-06 22:00:00,537.6666666666666,20.466666666666665,51.169999999999995
2023-11-06 22:30:00,520.3333333333334,20.5,51.56
2023-11-06 23:00:00,491.3333333333333,20.466666666666665,51.56
2023-11-06 23:30:00,539.0,20.5,51.56
2023-11-07 00:00:00,515.0,20.5,51.56
2023-11-07 00:30:00,539.6666666666666,20.466666666666665,51.56
2023-11-07 01:00:00,499.6666666666667,20.5,51.169999999999995
2023-11-07 01:30:00,521.6666666666666,20.5,51.169999999999995
2023-11-07 02:00:00,501.3333333333333,20.466666666666665,51.169999999999995
2023-11-07 02:30:00,513.6666666666666,20.466666666666665,50.78
2023-11-07 03:00:00,496.6666666666667,20.433333333333334,50.65
2023-11-07 03:30:00,503.0,20.466666666666665,50.39000000000001
2023-11-07 04:00:00,506.3333333333333,20.433333333333334,50.26
2023-11-07 04:30:00,529.0,20.4,50.39000000000001
2023-11-07 05:00:00,502.0,20.4,50.39000000000001
2023-11-07 05:30:00,513.0,20.4,50.39
2023-11-07 06:00:00,477.75,20.375,50.39
2023-11-07 06:30:00,518.0,20.3,50.0
2023-11-07 07:00:00,499.0,20.3,50.39000000000001
2023-11-07 07:30:00,531.3333333333334,20.3,50.65
2023-11-07 08:00:00,510.0,20.266666666666666,51.300000000000004
2023-11-07 08:30:00,603.6666666666666,20.3,52.34
2023-11-07 09:00:00,858.3333333333334,20.3,54.82
2023-11-07 09:30:00,965.6666666666666,20.4,56.120000000000005
2023-11-07 10:00:00,1068.0,20.466666666666665,56.120000000000005
2023-11-07 10:30:00,1066.3333333333333,20.6,56.120000000000005
2023-11-07 11:00:00,1217.6666666666667,20.633333333333336,56.120000000000005
2023-11-07 11:30:00,1022.6666666666666,20.766666666666666,55.21
2023-11-07 12:00:00,751.0,20.766666666666666,53.25333333333333
2023-11-07 12:30:00,702.0,20.666666666666668,53.12
2023-11-07 13:00:00,688.3333333333334,20.633333333333336,53.12
2023-11-07 13:30:00,643.3333333333334,20.566666666666666,53.52
2023-11-07 14:00:00,600.6666666666666,20.5,53.38666666666666
2023-11-07 14:30:00,596.3333333333334,20.5,53.12
2023-11-07 15:00:00,573.0,20.433333333333334,52.73
2023-11-07 15:30:00,580.3333333333334,20.4,52.47
2023-11-07 16:00:00,562.6666666666666,20.366666666666664,52.21
2023-11-07 16:30:00,594.3333333333334,20.2,52.34
2023-11-07 17:00:00,599.6666666666666,20.133333333333336,52.34
2023-11-07 17:30:00,622.6666666666666,20.1,51.95000000000001
2023-11-07 18:00:00,593.6666666666666,20.033333333333335,51.95000000000001
2023-11-07 18:30:00,598.0,20.0,52.34
2023-11-07 19:00:00,636.6666666666666,20.0,52.34
2023-11-07 19:30:00,647.0,20.166666666666668,52.34
2023-11-07 20:00:00,635.3333333333334,20.266666666666666,51.95000000000001
2023-11-07 20:30:00,612.3333333333334,20.333333333333332,51.82
2023-11-07 21:00:00,609.3333333333334,20.4,51.56
2023-11-07 21:30:00,587.0,20.433333333333334,51.43000000000001
2023-11-07 22:00:00,576.0,20.5,51.169999999999995
2023-11-07 22:30:00,537.3333333333334,20.5,51.169999999999995
2023-11-07 23:00:00,558.0,20.5,50.78
2023-11-07 23:30:00,574.0,20.5,50.78
2023-11-08 00:00:00,521.6666666666666,20.5,50.78
2023-11-08 00:30:00,563.3333333333334,20.5,50.39000000000001
2023-11-08 01:00:00,533.6666666666666,20.533333333333335,50.39000000000001
2023-11-08 01:30:00,516.0,20.533333333333335,50.39000000000001
2023-11-08 02:00:00,530.6666666666666,20.533333333333335,50.39000000000001
2023-11-08 02:30:00,506.6666666666667,20.566666666666666,50.39000000000001
2023-11-08 03:00:00,534.6666666666666,20.6,50.129999999999995
2023-11-08 03:30:00,523.6666666666666,20.6,50.0
2023-11-08 04:00:00,516.6666666666666,20.6,50.0
2023-11-08 04:30:00,527.0,20.6,50.0
2023-11-08 05:00:00,533.0,20.6,50.0
2023-11-08 05:30:00,524.3333333333334,20.6,50.0
2023-11-08 06:00:00,504.3333333333333,20.566666666666666,50.0
2023-11-08 06:30:00,513.3333333333334,20.466666666666665,50.0
2023-11-08 07:00:00,548.0,20.333333333333332,50.52
2023-11-08 07:30:00,627.3333333333334,20.433333333333334,51.95000000000001
2023-11-08 08:00:00,889.6666666666666,20.5,54.29999999999999
2023-11-08 08:30:00,1148.0,20.633333333333336,57.423333333333325
2023-11-08 09:00:00,1582.3333333333333,20.866666666666664,60.81
2023-11-08 09:30:00,1832.3333333333333,21.066666666666666,60.03
2023-11-08 10:00:00,1918.3333333333333,21.1,59.77
2023-11-08 10:30:00,1977.3333333333333,21.133333333333336,59.24666666666667
2023-11-08 11:00:00,1901.3333333333333,21.2,58.85333333333333
2023-11-08 11:30:00,1691.3333333333333,21.2,57.419999999999995
2023-11-08 12:00:00,1549.3333333333333,21.2,56.77
2023-11-08 12:30:00,1390.3333333333333,21.2,55.6
2023-11-08 13:00:00,1300.6666666666667,21.1,54.69
2023-11-08 13:30:00,1531.0,21.15,55.275
2023-11-08 14:00:00,1543.0,21.166666666666668,54.69
2023-11-08 14:30:00,2214.6666666666665,21.2,56.9
2023-11-08 15:00:00,2375.3333333333335,21.266666666666666,57.160000000000004
2023-11-08 15:30:00,1649.0,21.2,54.56
2023-11-08 16:00:00,1289.0,21.133333333333336,53.38666666666666
2023-11-08 16:30:00,1058.3333333333333,21.1,52.6
2023-11-08 17:00:00,959.3333333333334,21.1,52.21
2023-11-08 17:30:00,858.3333333333334,21.1,51.95000000000001
2023-11-08 18:00:00,799.3333333333334,21.1,51.56
2023-11-08 18:30:00,743.0,21.1,51.43000000000001
2023-11-08 19:00:00,744.3333333333334,21.1,51.169999999999995
2023-11-08 19:30:00,698.6666666666666,21.1,50.78
2023-11-08 20:00:00,728.6666666666666,21.2,50.78
2023-11-08 20:30:00,666.0,21.2,50.78
2023-11-08 21:00:00,659.0,21.2,50.78
2023-11-08 21:30:00,646.6666666666666,21.266666666666666,50.65
2023-11-08 22:00:00,629.6666666666666,21.233333333333334,50.39000000000001
2023-11-08 22:30:00,610.3333333333334,21.3,50.39000000000001
2023-11-08 23:00:00,575.0,21.3,50.26
2023-11-08 23:30:00,586.6666666666666,21.3,50.0
2023-11-09 00:00:00,564.0,21.3,50.0
2023-11-09 00:30:00,583.3333333333334,21.3,50.0
2023-11-09 01:00:00,552.0,21.3,50.0
2023-11-09 01:30:00,543.3333333333334,21.3,50.0
2023-11-09 02:00:00,565.3333333333334,21.3,50.26
2023-11-09 02:30:00,578.3333333333334,21.233333333333334,50.0
2023-11-09 03:00:00,527.0,21.2,50.129999999999995
2023-11-09 03:30:00,551.6666666666666,21.2,50.129999999999995
2023-11-09 04:00:00,533.6666666666666,21.2,50.129999999999995
2023-11-09 04:30:00,533.0,21.2,50.39000000000001
2023-11-09 05:00:00,533.6666666666666,21.2,50.78
2023-11-09 05:30:00,550.6666666666666,21.2,50.910000000000004
2023-11-09 06:00:00,559.6666666666666,21.166666666666668,51.169999999999995
2023-11-09 06:30:00,533.3333333333334,21.133333333333336,51.169999999999995
2023-11-09 07:00:00,583.0,21.166666666666668,53.51666666666667
2023-11-09 07:30:00,617.6666666666666,21.2,53.91
2023-11-09 08:00:00,689.0,21.133333333333336,54.43
2023-11-09 08:30:00,945.0,21.3,57.03
2023-11-09 09:00:00,1063.6666666666667,21.399999999999995,57.419999999999995
2023-11-09 09:30:00,1254.3333333333333,21.46666666666667,58.07
2023-11-09 10:00:00,1321.6666666666667,21.566666666666666,59.24666666666667
2023-11-09 10:30:00,1367.3333333333333,21.733333333333334,59.50666666666666
2023-11-09 11:00:00,1690.0,21.833333333333332,60.28666666666667
2023-11-09 11:30:00,3155.0,22.099999999999998,65.49666666666667
2023-11-09 12:00:00,2911.0,22.2,64.97333333333334
2023-11-09 12:30:00,2354.0,22.2,62.10999999999999
2023-11-09 13:00:00,2126.3333333333335,22.2,60.419999999999995
2023-11-09 13:30:00,1911.6666666666667,22.2,59.376666666666665
2023-11-09 14:00:00,1764.0,22.133333333333336,58.85333333333333
2023-11-09 14:30:00,1630.6666666666667,22.100000000000005,57.81
2023-11-09 15:00:00,1446.0,22.100000000000005,56.9
2023-11-09 15:30:00,1350.0,22.03333333333333,56.9
2023-11-09 16:00:00,1225.5,22.0,56.25
2023-11-09 16:30:00,1216.0,21.96666666666667,56.51
2023-11-09 17:00:00,1232.6666666666667,22.0,56.25
2023-11-09 17:30:00,1151.0,21.95,55.665
2023-11-09 18:00:00,1046.0,21.899999999999995,54.949999999999996
2023-11-09 18:30:00,908.6666666666666,21.766666666666666,54.29999999999999
2023-11-09 19:00:00,801.3333333333334,21.7,53.91
2023-11-09 19:30:00,809.3333333333334,21.7,53.91
2023-11-09 20:00:00,794.3333333333334,21.600000000000005,53.91
2023-11-09 20:30:00,757.0,21.600000000000005,53.52
2023-11-09 21:00:00,731.6666666666666,21.600000000000005,53.25333333333333
2023-11-09 21:30:00,739.0,21.600000000000005,52.99
2023-11-09 22:00:00,689.6666666666666,21.600000000000005,52.73
2023-11-09 22:30:00,680.0,21.6,52.73
2023-11-09 23:00:00,678.0,21.600000000000005,52.34
2023-11-09 23:30:00,671.6666666666666,21.600000000000005,52.34
2023-11-10 00:00:00,630.0,21.566666666666666,52.080000000000005
2023-11-10 00:30:00,580.3333333333334,21.5,51.95000000000001
2023-11-10 01:00:00,607.0,21.5,51.95000000000001
2023-11-10 01:30:00,602.0,21.5,51.95000000000001
2023-11-10 02:00:00,594.6666666666666,21.5,51.95000000000001
2023-11-10 02:30:00,608.3333333333334,21.5,51.69
2023-11-10 03:00:00,582.0,21.399999999999995,51.56
2023-11-10 03:30:00,574.6666666666666,21.399999999999995,51.56
2023-11-10 04:00:00,571.3333333333334,21.399999999999995,51.56
2023-11-10 04:30:00,585.6666666666666,21.399999999999995,51.82
2023-11-10 05:00:00,546.0,21.399999999999995,51.95000000000001
2023-11-10 05:30:00,548.0,21.399999999999995,52.080000000000005
2023-11-10 06:00:00,567.3333333333334,21.399999999999995,52.34
2023-11-10 06:30:00,567.3333333333334,21.399999999999995,52.34
2023-11-10 07:00:00,571.6666666666666,21.3,54.82
2023-11-10 07:30:00,686.6666666666666,21.366666666666664,55.99
2023-11-10 08:00:00,821.3333333333334,21.46666666666667,56.120000000000005
2023-11-10 08:30:00,1065.6666666666667,21.600000000000005,56.77
2023-11-10 09:00:00,1255.6666666666667,21.666666666666668,56.9
2023-11-10 09:30:00,1094.6666666666667,21.633333333333336,54.169999999999995
2023-11-10 10:00:00,980.3333333333334,21.566666666666666,51.95000000000001
2023-11-10 10:30:00,1253.6666666666667,21.566666666666666,53.38666666666666
2023-11-10 11:00:00,1381.6666666666667,21.666666666666668,54.29999999999999
2023-11-10 11:30:00,1821.0,21.866666666666664,55.99
2023-11-10 12:00:00,1833.0,21.933333333333334,55.21
2023-11-10 12:30:00,1464.0,21.8,53.51666666666667
2023-11-10 13:00:00,1249.0,21.766666666666666,52.34
2023-11-10 13:30:00,1333.5,21.8,52.6325
2023-11-10 14:00:00,1317.3333333333333,21.8,51.69
2023-11-10 14:30:00,1242.3333333333333,21.833333333333332,51.04
2023-11-10 15:00:00,1203.6666666666667,21.833333333333332,50.39000000000001
2023-11-10 15:30:00,1107.6666666666667,21.8,50.0
2023-11-10 16:00:00,1092.0,21.733333333333334,49.35
2023-11-10 16:30:00,1049.6666666666667,21.7,48.96
2023-11-10 17:00:00,992.0,21.75,49.025
2023-11-10 17:30:00,978.0,21.8,49.48
2023-11-10 18:00:00,972.0,21.8,48.830000000000005
2023-11-10 18:30:00,928.3333333333334,21.8,48.56999999999999
2023-11-10 19:00:00,908.3333333333334,21.8,48.44
2023-11-10 19:30:00,929.6666666666666,21.766666666666666,48.44
2023-11-10 20:00:00,834.0,21.7,48.44
2023-11-10 20:30:00,798.6666666666666,21.633333333333336,48.44
2023-11-10 21:00:00,768.3333333333334,21.600000000000005,48.56999999999999
2023-11-10 21:30:00,727.0,21.5,48.699999999999996
2023-11-10 22:00:00,717.0,21.5,48.44
2023-11-10 22:30:00,673.6666666666666,21.5,48.56999999999999
2023-11-10 23:00:00,651.6666666666666,21.5,48.699999999999996
2023-11-10 23:30:00,639.0,21.45,48.83
2023-11-11 00:00:00,628.0,21.46666666666667,48.830000000000005
2023-11-11 00:30:00,637.0,21.433333333333334,48.56999999999999
2023-11-11 01:00:00,593.0,21.433333333333334,48.830000000000005
2023-11-11 01:30:00,615.6666666666666,21.399999999999995,48.830000000000005
2023-11-11 02:00:00,598.3333333333334,21.399999999999995,48.830000000000005
2023-11-11 02:30:00,593.6666666666666,21.399999999999995,48.830000000000005
2023-11-11 03:00:00,601.0,21.399999999999995,48.830000000000005
2023-11-11 03:30:00,561.0,21.399999999999995,48.830000000000005
2023-11-11 04:00:00,550.3333333333334,21.399999999999995,48.830000000000005
2023-11-11 04:30:00,566.6666666666666,21.399999999999995,48.830000000000005
2023-11-11 05:00:00,562.6666666666666,21.366666666666664,48.830000000000005
2023-11-11 05:30:00,546.6666666666666,21.399999999999995,48.830000000000005
2023-11-11 06:00:00,559.6666666666666,21.3,48.830000000000005
2023-11-11 06:30:00,503.6666666666667,21.3,48.830000000000005
2023-11-11 07:00:00,537.5,21.3,48.83
2023-11-11 07:30:00,543.3333333333334,21.3,48.830000000000005
2023-11-11 08:00:00,529.6666666666666,21.3,48.830000000000005
2023-11-11 08:30:00,534.0,21.3,48.830000000000005
2023-11-11 09:00:00,513.3333333333334,21.3,48.830000000000005
2023-11-11 09:30:00,530.6666666666666,21.3,48.830000000000005
2023-11-11 10:00:00,537.3333333333334,21.333333333333332,48.830000000000005
2023-11-11 10:30:00,522.0,21.3,48.830000000000005
2023-11-11 11:00:00,564.3333333333334,21.3,48.830000000000005
2023-11-11 11:30:00,560.6666666666666,21.3,48.830000000000005
2023-11-11 12:00:00,527.3333333333334,21.3,48.830000000000005
2023-11-11 12:30:00,499.3333333333333,21.3,48.830000000000005
2023-11-11 13:00:00,553.3333333333334,21.266666666666666,48.830000000000005
2023-11-11 13:30:00,533.6666666666666,21.233333333333334,48.830000000000005
2023-11-11 14:00:00,523.3333333333334,21.3,48.830000000000005
2023-11-11 14:30:00,531.6666666666666,21.3,48.830000000000005
2023-11-11 15:00:00,533.3333333333334,21.266666666666666,48.830000000000005
2023-11-11 15:30:00,525.6666666666666,21.266666666666666,48.830000000000005
2023-11-11 16:00:00,518.0,21.25,48.83
2023-11-11 16:30:00,540.0,21.233333333333334,48.96
2023-11-11 17:00:00,536.0,21.3,48.830000000000005
2023-11-11 17:30:00,560.6666666666666,21.2,48.830000000000005
2023-11-11 18:00:00,508.3333333333333,21.2,48.830000000000005
2023-11-11 18:30:00,524.0,21.2,48.699999999999996
2023-11-11 19:00:00,525.0,21.2,48.56999999999999
2023-11-11 19:30:00,560.6666666666666,21.2,48.830000000000005
2023-11-11 20:00:00,527.0,21.2,48.830000000000005
2023-11-11 20:30:00,518.3333333333334,21.2,48.830000000000005
2023-11-11 21:00:00,518.3333333333334,21.2,48.830000000000005
2023-11-11 21:30:00,530.0,21.2,48.830000000000005
2023-11-11 22:00:00,514.6666666666666,21.133333333333336,48.830000000000005
2023-11-11 22:30:00,497.3333333333333,21.166666666666668,48.830000000000005
2023-11-11 23:00:00,530.6666666666666,21.133333333333336,48.830000000000005
2023-11-11 23:30:00,504.6666666666667,21.1,48.830000000000005
2023-11-12 00:00:00,526.0,21.1,48.830000000000005
2023-11-12 00:30:00,529.0,21.1,48.96
2023-11-12 01:00:00,509.3333333333333,21.1,48.830000000000005
2023-11-12 01:30:00,516.3333333333334,21.1,48.96
2023-11-12 02:00:00,613.6666666666666,21.1,49.22
2023-11-12 02:30:00,633.3333333333334,21.1,49.22
2023-11-12 03:00:00,573.6666666666666,21.1,49.22
2023-11-12 03:30:00,608.5,21.0,49.22
2023-11-12 04:00:00,550.3333333333334,21.0,49.22
2023-11-12 04:30:00,553.6666666666666,21.0,48.96
2023-11-12 05:00:00,559.0,21.0,48.830000000000005
2023-11-12 05:30:00,569.6666666666666,21.0,48.96
2023-11-12 06:00:00,562.3333333333334,20.966666666666665,48.830000000000005
2023-11-12 06:30:00,515.6666666666666,20.9,48.830000000000005
2023-11-12 07:00:00,539.5,20.95,48.83
2023-11-12 07:30:00,546.3333333333334,20.9,48.830000000000005
2023-11-12 08:00:00,507.0,20.9,48.830000000000005
2023-11-12 08:30:00,526.6666666666666,20.9,48.830000000000005
2023-11-12 09:00:00,566.0,20.9,48.830000000000005
2023-11-12 09:30:00,515.0,20.966666666666665,48.830000000000005
2023-11-12 10:00:00,556.0,20.933333333333334,49.089999999999996
2023-11-12 10:30:00,785.0,21.0,51.56
2023-11-12 11:00:00,979.3333333333334,21.066666666666666,52.99333333333334
2023-11-12 11:30:00,990.3333333333334,21.1,52.85999999999999
2023-11-12 12:00:00,1040.6666666666667,21.2,52.21
2023-11-12 12:30:00,991.3333333333334,21.2,52.47
2023-11-12 13:00:00,1014.0,21.2,52.080000000000005
2023-11-12 13:30:00,893.6666666666666,21.2,51.56
2023-11-12 14:00:00,746.0,21.175,50.4875
2023-11-12 14:30:00,682.6666666666666,21.1,50.0
2023-11-12 15:00:00,643.3333333333334,21.033333333333335,49.60999999999999
2023-11-12 15:30:00,639.0,21.1,49.60999999999999
2023-11-12 16:00:00,589.0,21.066666666666666,49.22
2023-11-12 16:30:00,577.6666666666666,21.033333333333335,49.22
2023-11-12 17:00:00,557.3333333333334,21.033333333333335,48.96
2023-11-12 17:30:00,573.3333333333334,21.0,48.830000000000005
2023-11-12 18:00:00,542.6666666666666,21.0,48.830000000000005
2023-11-12 18:30:00,553.0,21.0,48.830000000000005
2023-11-12 19:00:00,574.0,21.0,48.44
2023-11-12 19:30:00,569.0,21.0,48.44
2023-11-12 20:00:00,548.0,20.9,48.44
2023-11-12 20:30:00,530.3333333333334,20.9,48.44
2023-11-12 21:00:00,536.0,20.9,48.44
2023-11-12 21:30:00,554.0,20.9,48.44
2023-11-12 22:00:00,530.3333333333334,20.9,48.18
2023-11-12 22:30:00,520.6666666666666,20.9,48.04999999999999
2023-11-12 23:00:00,537.6666666666666,20.833333333333332,48.04999999999999
2023-11-12 23:30:00,540.0,20.8,48.04999999999999
2023-11-13 00:00:00,540.0,20.8,47.79
2023-11-13 00:30:00,490.6666666666667,20.766666666666666,47.66
2023-11-13 01:00:00,539.0,20.75,47.66
2023-11-13 01:30:00,534.0,20.7,47.66
2023-11-13 02:00:00,514.0,20.7,47.27
2023-11-13 02:30:00,,,
2023-11-13 03:00:00,519.0,20.6,47.27
2023-11-13 03:30:00,513.0,20.65,47.27
2023-11-13 04:00:00,554.0,20.7,47.27
2023-11-13 04:30:00,539.0,20.6,47.27
2023-11-13 05:00:00,516.3333333333334,20.6,47.27
2023-11-13 05:30:00,504.6666666666667,20.5,47.14000000000001
2023-11-13 06:00:00,512.3333333333334,20.5,46.88
2023-11-13 06:30:00,553.3333333333334,20.466666666666665,46.48
2023-11-13 07:00:00,536.3333333333334,20.4,46.35
2023-11-13 07:30:00,556.3333333333334,20.366666666666664,45.830000000000005
2023-11-13 08:00:00,582.6666666666666,20.333333333333332,45.830000000000005
2023-11-13 08:30:00,635.0,20.366666666666664,46.873333333333335
2023-11-13 09:00:00,705.3333333333334,20.4,48.830000000000005
2023-11-13 09:30:00,875.3333333333334,20.433333333333334,51.04
2023-11-13 10:00:00,1128.0,20.5,52.86333333333334
2023-11-13 10:30:00,1373.0,20.6,53.65
2023-11-13 11:00:00,1744.3333333333333,20.666666666666668,55.080000000000005
2023-11-13 11:30:00,2146.0,20.900000000000002,57.03
2023-11-13 12:00:00,2121.6666666666665,21.099999999999998,56.64000000000001
2023-11-13 12:30:00,2640.0,21.233333333333334,58.333333333333336
2023-11-13 13:00:00,2691.3333333333335,21.399999999999995,57.550000000000004
2023-11-13 13:30:00,2234.3333333333335,21.400000000000002,55.47
2023-11-13 14:00:00,1779.6666666666667,21.2,53.25333333333333
2023-11-13 14:30:00,1546.3333333333333,21.133333333333336,51.04
2023-11-13 15:00:00,1560.3333333333333,21.133333333333336,51.56
2023-11-13 15:30:00,1708.0,21.2,51.755
2023-11-13 16:00:00,1731.3333333333333,21.2,52.34
2023-11-13 16:30:00,1904.0,21.1,52.99
2023-11-13 17:00:00,1824.3333333333333,21.1,52.85999999999999
2023-11-13 17:30:00,1787.3333333333333,21.033333333333335,52.73
2023-11-13 18:00:00,1767.0,20.966666666666665,52.73
2023-11-13 18:30:00,1723.3333333333333,20.9,52.73
2023-11-13 19:00:00,1679.6666666666667,20.9,52.6
2023-11-13 19:30:00,1646.0,20.8,52.34
2023-11-13 20:00:00,1655.3333333333333,20.8,52.34
2023-11-13 20:30:00,1610.0,20.8,52.34
2023-11-13 21:00:00,1604.0,20.8,52.34
2023-11-13 21:30:00,1515.0,20.766666666666666,52.34
2023-11-13 22:00:00,1558.6666666666667,20.8,52.34
2023-11-13 22:30:00,1545.3333333333333,20.766666666666666,52.34
2023-11-13 23:00:00,1516.6666666666667,20.7,52.34
2023-11-13 23:30:00,1492.6666666666667,20.733333333333334,52.34
2023-11-14 00:00:00,1459.0,20.7,52.34
2023-11-14 00:30:00,1437.3333333333333,20.7,52.21
2023-11-14 01:00:00,1381.0,20.7,52.080000000000005
2023-11-14 01:30:00,1402.0,20.7,52.080000000000005
2023-11-14 02:00:00,1341.3333333333333,20.7,51.95000000000001
2023-11-14 02:30:00,1328.0,20.7,51.95000000000001
2023-11-14 03:00:00,1348.6666666666667,20.7,51.95000000000001
2023-11-14 03:30:00,1289.3333333333333,20.6,51.95000000000001
2023-11-14 04:00:00,1291.0,20.666666666666668,51.95000000000001
2023-11-14 04:30:00,1238.6666666666667,20.6,51.95000000000001
2023-11-14 05:00:00,1227.6666666666667,20.6,51.95000000000001
2023-11-14 05:30:00,1236.3333333333333,20.633333333333336,51.95000000000001
2023-11-14 06:00:00,1170.0,20.6,51.95000000000001
2023-11-14 06:30:00,1146.6666666666667,20.6,51.95000000000001
2023-11-14 07:00:00,1170.6666666666667,20.6,51.95000000000001
2023-11-14 07:30:00,1125.6666666666667,20.6,51.95000000000001
2023-11-14 08:00:00,1089.0,20.533333333333335,52.60333333333333
2023-11-14 08:30:00,1017.6666666666666,20.533333333333335,55.080000000000005
2023-11-14 09:00:00,947.0,20.5,55.21
2023-11-14 09:30:00,1207.6666666666667,20.566666666666666,57.160000000000004
2023-11-14 10:00:00,1348.0,20.7,58.593333333333334
2023-11-14 10:30:00,1496.0,20.766666666666666,58.98333333333333
2023-11-14 11:00:00,1827.0,20.933333333333334,58.07
2023-11-14 11:30:00,1850.0,21.05,57.81
2023-11-14 12:00:00,1458.0,21.066666666666666,55.339999999999996
2023-11-14 12:30:00,1357.3333333333333,21.0,53.51666666666667
2023-11-14 13:00:00,1275.0,20.966666666666665,53.12
2023-11-14 13:30:00,1185.6666666666667,20.9,52.34
2023-11-14 14:00:00,1146.6666666666667,20.866666666666664,51.82
2023-11-14 14:30:00,1070.3333333333333,20.8,51.04
2023-11-14 15:00:00,1280.0,20.8,51.43000000000001
2023-11-14 15:30:00,1269.0,20.8,51.69
2023-11-14 16:00:00,1493.6666666666667,20.8,52.47
2023-11-14 16:30:00,1459.3333333333333,20.8,52.47
2023-11-14 17:00:00,1359.0,20.7,52.21
2023-11-14 17:30:00,1332.6666666666667,20.666666666666668,52.21
2023-11-14 18:00:00,1276.0,20.6,52.34
2023-11-14 18:30:00,1220.0,20.6,52.080000000000005
2023-11-14 19:00:00,1230.0,20.6,52.080000000000005
2023-11-14 19:30:00,1249.0,20.533333333333335,52.34
2023-11-14 20:00:00,1190.3333333333333,20.566666666666666,52.34
2023-11-14 20:30:00,1190.0,20.5,52.34
2023-11-14 21:00:00,1142.0,20.5,52.34
2023-11-14 21:30:00,1132.6666666666667,20.466666666666665,52.34
2023-11-14 22:00:00,1081.3333333333333,20.466666666666665,52.34
2023-11-14 22:30:00,1080.3333333333333,20.433333333333334,52.34
2023-11-14 23:00:00,1082.6666666666667,20.4,52.34
2023-11-14 23:30:00,1048.3333333333333,20.4,52.34
2023-11-15 00:00:00,1075.5,20.4,52.34
2023-11-15 00:30:00,1038.3333333333333,20.4,52.34
2023-11-15 01:00:00,1034.0,20.333333333333332,52.34
2023-11-15 01:30:00,1027.0,20.3,52.34
2023-11-15 02:00:00,960.6666666666666,20.3,52.34
2023-11-15 02:30:00,962.3333333333334,20.3,52.34
2023-11-15 03:00:00,968.0,20.3,52.34
2023-11-15 03:30:00,949.0,20.3,52.34
2023-11-15 04:00:00,931.5,20.25,52.34
2023-11-15 04:30:00,924.0,20.2,52.34
2023-11-15 05:00:00,914.3333333333334,20.2,52.34
2023-11-15 05:30:00,882.6666666666666,20.2,52.34
2023-11-15 06:00:00,892.0,20.2,52.34
2023-11-15 06:30:00,869.3333333333334,20.2,52.34
2023-11-15 07:00:00,876.3333333333334,20.166666666666668,53.25333333333333
2023-11-15 07:30:00,908.6666666666666,20.2,52.99333333333334
2023-11-15 08:00:00,1004.3333333333334,20.3,51.56
2023-11-15 08:30:00,960.5,20.4,50.0
2023-11-15 09:00:00,985.6666666666666,20.433333333333334,48.96
2023-11-15 09:30:00,1156.6666666666667,20.533333333333335,50.129999999999995
2023-11-15 10:00:00,1186.3333333333333,20.533333333333335,49.870000000000005
2023-11-15 10:30:00,1279.0,20.566666666666666,50.26
2023-11-15 11:00:00,1352.3333333333333,20.6,50.39000000000001
2023-11-15 11:30:00,1476.3333333333333,20.7,50.39000000000001
2023-11-15 12:00:00,1547.6666666666667,20.733333333333334,50.26
2023-11-15 12:30:00,1559.3333333333333,20.7,50.129999999999995
2023-11-15 13:00:00,1593.3333333333333,20.8,50.129999999999995
2023-11-15 13:30:00,1792.6666666666667,20.8,50.52
2023-11-15 14:00:00,2053.0,20.9,52.343333333333334
2023-11-15 14:30:00,2187.0,20.9,53.51666666666667
2023-11-15 15:00:00,2395.0,20.9,54.169999999999995
2023-11-15 15:30:00,2047.0,20.3,51.69333333333333
2023-11-15 16:00:00,906.6666666666666,17.066666666666666,50.65
2023-11-15 16:30:00,1367.0,18.966666666666665,52.86333333333334
2023-11-15 17:00:00,1317.3333333333333,19.766666666666666,51.04
2023-11-15 17:30:00,1283.0,19.966666666666665,50.78
2023-11-15 18:00:00,1310.6666666666667,20.1,50.39000000000001
2023-11-15 18:30:00,1269.0,20.2,50.39000000000001
2023-11-15 19:00:00,1252.3333333333333,20.233333333333334,50.39000000000001
2023-11-15 19:30:00,1223.6666666666667,20.2,50.52
2023-11-15 20:00:00,1197.6666666666667,20.233333333333334,50.78
2023-11-15 20:30:00,1212.6666666666667,20.3,50.78
2023-11-15 21:00:00,1215.0,20.3,50.78
2023-11-15 21:30:00,1207.75,20.3,50.78
2023-11-15 22:00:00,1153.5,20.3,50.78
2023-11-15 22:30:00,1166.6666666666667,20.3,50.910000000000004
2023-11-15 23:00:00,1119.0,20.3,51.04
2023-11-15 23:30:00,1142.3333333333333,20.3,51.43000000000001
2023-11-16 00:00:00,1095.3333333333333,20.266666666666666,51.56
2023-11-16 00:30:00,1082.0,20.3,51.56
2023-11-16 01:00:00,1077.6666666666667,20.266666666666666,51.56
2023-11-16 01:30:00,1028.3333333333333,20.266666666666666,51.56
2023-11-16 02:00:00,1030.3333333333333,20.266666666666666,51.300000000000004
2023-11-16 02:30:00,1060.3333333333333,20.266666666666666,51.43000000000001
2023-11-16 03:00:00,1026.3333333333333,20.2,51.169999999999995
2023-11-16 03:30:00,978.0,20.2,51.169999999999995
2023-11-16 04:00:00,983.0,20.2,51.169999999999995
2023-11-16 04:30:00,953.6666666666666,20.166666666666668,51.169999999999995
2023-11-16 05:00:00,953.0,20.133333333333336,51.169999999999995
2023-11-16 05:30:00,931.6666666666666,20.1,51.169999999999995
2023-11-16 06:00:00,894.0,20.1,51.169999999999995
2023-11-16 06:30:00,857.3333333333334,20.033333333333335,52.083333333333336
2023-11-16 07:00:00,787.6666666666666,20.0,54.56
2023-11-16 07:30:00,883.0,20.0,53.91
2023-11-16 08:00:00,1171.3333333333333,20.1,55.99
2023-11-16 08:30:00,1705.5,20.225,62.0125
2023-11-16 09:00:00,2145.6666666666665,20.366666666666664,66.14666666666666
2023-11-16 09:30:00,1618.0,20.4,62.370000000000005
2023-11-16 10:00:00,1698.6666666666667,20.833333333333332,62.629999999999995
2023-11-16 10:30:00,1362.6666666666667,21.5,56.9
2023-11-16 11:00:00,1639.3333333333333,21.96666666666667,57.94
2023-11-16 11:30:00,1201.3333333333333,20.099999999999998,50.13
2023-11-16 12:00:00,1593.6666666666667,18.366666666666664,61.720000000000006
2023-11-16 12:30:00,2185.0,21.53333333333333,61.330000000000005
2023-11-16 13:00:00,1969.6666666666667,22.666666666666668,55.20666666666667
2023-11-16 13:30:00,1763.6666666666667,23.333333333333332,52.080000000000005
2023-11-16 14:00:00,1846.0,23.866666666666664,50.26
2023-11-16 14:30:00,1765.6666666666667,24.233333333333334,48.050000000000004
2023-11-16 15:00:00,1575.0,24.35,45.895
2023-11-16 15:30:00,1476.6666666666667,24.53333333333333,45.050000000000004
2023-11-16 16:00:00,1305.3333333333333,24.566666666666666,43.49
2023-11-16 16:30:00,1439.3333333333333,24.53333333333333,45.18
2023-11-16 17:00:00,1264.3333333333333,24.633333333333336,42.96666666666666
2023-11-16 17:30:00,1274.6666666666667,24.5,42.71
2023-11-16 18:00:00,1365.6666666666667,24.666666666666668,42.059999999999995
2023-11-16 18:30:00,1445.0,24.8,41.28
2023-11-16 19:00:00,1383.6666666666667,24.933333333333334,40.36333333333334
2023-11-16 19:30:00,1402.0,25.166666666666668,41.02
2023-11-16 20:00:00,1375.6666666666667,25.233333333333334,40.88666666666666
2023-11-16 20:30:00,1337.3333333333333,25.3,41.02
2023-11-16 21:00:00,1268.3333333333333,25.333333333333332,40.88666666666666
2023-11-16 21:30:00,1267.3333333333333,25.433333333333334,40.88666666666666
2023-11-16 22:00:00,1222.3333333333333,25.53333333333333,41.54
2023-11-16 22:30:00,1182.3333333333333,25.600000000000005,41.02
2023-11-16 23:00:00,1137.3333333333333,25.7,40.88666666666666
2023-11-16 23:30:00,1147.6666666666667,25.733333333333334,41.02
2023-11-17 00:00:00,1078.3333333333333,25.833333333333332,40.75333333333333
2023-11-17 00:30:00,1037.3333333333333,25.866666666666664,40.88666666666666
2023-11-17 01:00:00,1047.3333333333333,25.96666666666667,40.62
2023-11-17 01:30:00,998.0,26.0,40.88666666666666
2023-11-17 02:00:00,1004.0,26.066666666666666,40.62
2023-11-17 02:30:00,1029.0,26.133333333333336,40.88666666666666
2023-11-17 03:00:00,926.6666666666666,26.2,40.75333333333333
2023-11-17 03:30:00,950.6666666666666,26.233333333333334,40.49
2023-11-17 04:00:00,911.0,26.3,40.75333333333333
2023-11-17 04:30:00,852.6666666666666,26.3,40.62
2023-11-17 05:00:00,883.3333333333334,26.399999999999995,40.49
2023-11-17 05:30:00,873.3333333333334,26.399999999999995,40.49
2023-11-17 06:00:00,902.0,26.399999999999995,40.49
2023-11-17 06:30:00,805.3333333333334,26.46666666666667,40.23
2023-11-17 07:00:00,734.6666666666666,26.46666666666667,39.580000000000005
2023-11-17 07:30:00,648.3333333333334,26.399999999999995,37.11
2023-11-17 08:00:00,649.0,26.46666666666667,37.63
2023-11-17 08:30:00,692.3333333333334,26.566666666666666,37.11
2023-11-17 09:00:00,686.6666666666666,26.53333333333333,34.9
2023-11-17 09:30:00,697.0,26.433333333333334,34.24666666666667
2023-11-17 10:00:00,700.3333333333334,26.3,33.85
2023-11-17 10:30:00,648.3333333333334,26.2,33.85
2023-11-17 11:00:00,795.3333333333334,26.2,33.983333333333334
2023-11-17 11:30:00,1077.3333333333333,26.333333333333332,35.55
2023-11-17 12:00:00,1021.5,26.4,34.77
2023-11-17 12:30:00,925.6666666666666,26.399999999999995,34.51
2023-11-17 13:00:00,863.3333333333334,26.366666666666664,34.11666666666667
2023-11-17 13:30:00,907.3333333333334,26.399999999999995,33.85
2023-11-17 14:00:00,824.6666666666666,26.399999999999995,33.330000000000005
2023-11-17 14:30:00,799.0,26.399999999999995,33.07
2023-11-17 15:00:00,782.3333333333334,26.333333333333332,32.550000000000004
2023-11-17 15:30:00,758.0,26.3,32.42
2023-11-17 16:00:00,749.3333333333334,26.3,32.160000000000004
2023-11-17 16:30:00,739.3333333333334,26.233333333333334,32.29
2023-11-17 17:00:00,750.6666666666666,26.2,32.29
2023-11-17 17:30:00,757.6666666666666,26.100000000000005,32.160000000000004
2023-11-17 18:00:00,676.6666666666666,26.066666666666666,32.29
2023-11-17 18:30:00,648.0,26.066666666666666,32.42
2023-11-17 19:00:00,669.3333333333334,26.100000000000005,32.03
2023-11-17 19:30:00,665.0,26.03333333333333,32.03
2023-11-17 20:00:00,643.0,26.05,32.225
2023-11-17 20:30:00,607.6666666666666,26.066666666666666,32.160000000000004
2023-11-17 21:00:00,580.0,26.100000000000005,31.77
2023-11-17 21:30:00,588.0,26.0,32.03
2023-11-17 22:00:00,568.0,26.0,32.03
2023-11-17 22:30:00,589.0,26.03333333333333,31.51
2023-11-17 23:00:00,518.0,26.03333333333333,31.64
2023-11-17 23:30:00,537.3333333333334,26.0,31.38
2023-11-18 00:00:00,538.6666666666666,26.03333333333333,31.25
2023-11-18 00:30:00,541.0,26.03333333333333,30.99
2023-11-18 01:00:00,513.6666666666666,26.03333333333333,30.86
2023-11-18 01:30:00,467.0,26.0,30.86
2023-11-18 02:00:00,522.6666666666666,26.066666666666666,30.599999999999998
2023-11-18 02:30:00,499.0,26.100000000000005,30.47
2023-11-18 03:00:00,511.6666666666667,26.100000000000005,30.47
2023-11-18 03:30:00,511.6666666666667,26.066666666666666,30.47
2023-11-18 04:00:00,467.3333333333333,26.03333333333333,30.08
2023-11-18 04:30:00,473.0,26.0,29.95
2023-11-18 05:00:00,485.0,25.96666666666667,30.08
2023-11-18 05:30:00,488.3333333333333,26.0,29.95
2023-11-18 06:00:00,466.0,26.0,29.560000000000002
2023-11-18 06:30:00,492.3333333333333,26.0,29.17
2023-11-18 07:00:00,461.6666666666667,26.066666666666666,29.3
2023-11-18 07:30:00,488.3333333333333,26.0,29.17
2023-11-18 08:00:00,490.0,25.933333333333334,28.91
2023-11-18 08:30:00,529.3333333333334,25.899999999999995,29.040000000000003
2023-11-18 09:00:00,475.6666666666667,25.833333333333332,28.78
2023-11-18 09:30:00,470.6666666666667,25.733333333333334,28.91
2023-11-18 10:00:00,449.6666666666667,25.7,29.3
2023-11-18 10:30:00,516.6666666666666,25.733333333333334,28.776666666666667
2023-11-18 11:00:00,519.6666666666666,25.133333333333336,25.52
2023-11-18 11:30:00,528.6666666666666,25.566666666666666,28.123333333333335
2023-11-18 12:00:00,608.6666666666666,25.866666666666664,29.430000000000003
2023-11-18 12:30:00,583.4,25.96,29.534000000000002
2023-11-18 13:00:00,554.0,26.100000000000005,29.430000000000003
2023-11-18 13:30:00,612.6666666666666,26.2,29.820000000000004
2023-11-18 14:00:00,643.0,26.2,29.820000000000004
2023-11-18 14:30:00,610.0,26.225,29.69
2023-11-18 15:00:00,564.6666666666666,26.233333333333334,29.040000000000003
2023-11-18 15:30:00,571.3333333333334,26.166666666666668,28.650000000000002
2023-11-18 16:00:00,547.0,26.100000000000005,29.040000000000003
2023-11-18 16:30:00,618.3333333333334,26.2,29.820000000000004
2023-11-18 17:00:00,671.3333333333334,26.333333333333332,30.209999999999997
2023-11-18 17:30:00,739.6666666666666,26.433333333333334,30.34
2023-11-18 18:00:00,774.0,26.566666666666666,30.99
2023-11-18 18:30:00,763.6666666666666,26.633333333333336,30.599999999999998
2023-11-18 19:00:00,584.3333333333334,26.600000000000005,29.430000000000003
2023-11-18 19:30:00,638.6666666666666,26.633333333333336,30.47
2023-11-18 20:00:00,731.0,26.666666666666668,31.12
2023-11-18 20:30:00,582.3333333333334,26.566666666666666,29.95
2023-11-18 21:00:00,552.75,25.95,29.884999999999998
2023-11-18 21:30:00,545.6666666666666,25.266666666666666,30.47
2023-11-18 22:00:00,534.3333333333334,24.7,30.99
2023-11-18 22:30:00,490.6666666666667,24.133333333333336,31.77
2023-11-18 23:00:00,435.0,23.6,32.615
2023-11-18 23:30:00,493.75,23.3,33.102500000000006
2023-11-19 00:00:00,468.0,22.96666666666667,33.59
2023-11-19 00:30:00,492.6666666666667,22.733333333333334,34.11333333333334
2023-11-19 01:00:00,474.3333333333333,22.566666666666666,34.38
2023-11-19 01:30:00,442.3333333333333,22.366666666666664,35.03
2023-11-19 02:00:00,432.3333333333333,22.2,35.419999999999995
2023-11-19 02:30:00,441.3333333333333,22.100000000000005,35.55
2023-11-19 03:00:00,444.0,21.96666666666667,35.94
2023-11-19 03:30:00,453.0,21.9,36.33
2023-11-19 04:00:00,411.25,21.825,36.525
2023-11-19 04:30:00,441.0,21.7,36.72
2023-11-19 05:00:00,434.0,21.633333333333336,36.98
2023-11-19 05:30:00,407.0,21.566666666666666,37.11
2023-11-19 06:00:00,421.25,21.525,37.5
2023-11-19 06:30:00,418.3333333333333,21.399999999999995,37.89
2023-11-19 07:00:00,385.6666666666667,21.333333333333332,38.15
2023-11-19 07:30:00,407.0,21.266666666666666,38.410000000000004
2023-11-19 08:00:00,418.3333333333333,21.2,38.67
2023-11-19 08:30:00,425.3333333333333,21.133333333333336,38.93
2023-11-19 09:00:00,417.6666666666667,21.1,39.32
2023-11-19 09:30:00,420.0,21.066666666666666,39.45
2023-11-19 10:00:00,418.6666666666667,21.0,39.580000000000005
2023-11-19 10:30:00,435.3333333333333,20.966666666666665,39.84
2023-11-19 11:00:00,443.0,20.9,39.84
2023-11-19 11:30:00,419.0,20.866666666666664,39.84
2023-11-19 12:00:00,430.0,20.8,39.84
2023-11-19 12:30:00,425.3333333333333,20.8,39.97
2023-11-19 13:00:00,463.6666666666667,20.7,40.1
2023-11-19 13:30:00,461.0,20.7,40.23
2023-11-19 14:00:00,493.3333333333333,20.633333333333336,40.23
2023-11-19 14:30:00,475.3333333333333,20.6,40.23
2023-11-19 15:00:00,482.6666666666667,20.6,40.23
2023-11-19 15:30:00,470.6666666666667,20.5,40.49
2023-11-19 16:00:00,494.3333333333333,20.466666666666665,40.62
2023-11-19 16:30:00,462.0,20.5,40.75333333333333
2023-11-19 17:00:00,463.6666666666667,20.4,41.02
2023-11-19 17:30:00,478.6666666666667,20.4,41.02
2023-11-19 18:00:00,461.3333333333333,20.4,41.02
2023-11-19 18:30:00,415.6666666666667,20.3,41.02
2023-11-19 19:00:00,409.6666666666667,20.3,41.02
2023-11-19 19:30:00,434.0,20.3,41.02
2023-11-19 20:00:00,449.5,20.275,41.3125
2023-11-19 20:30:00,442.0,20.3,41.41
2023-11-19 21:00:00,420.6666666666667,20.2,41.41
2023-11-19 21:30:00,417.3333333333333,20.233333333333334,41.41
2023-11-19 22:00:00,433.6666666666667,20.2,41.41
2023-11-19 22:30:00,421.0,20.2,41.41
2023-11-19 23:00:00,422.6666666666667,20.2,41.41
2023-11-19 23:30:00,440.3333333333333,20.2,41.41
2023-11-20 00:00:00,424.3333333333333,20.166666666666668,41.41
2023-11-20 00:30:00,413.3333333333333,20.133333333333336,41.41
2023-11-20 01:00:00,441.3333333333333,20.1,41.54
2023-11-20 01:30:00,408.0,20.1,41.669999999999995
2023-11-20 02:00:00,434.0,20.1,41.669999999999995
2023-11-20 02:30:00,423.3333333333333,20.1,41.8
2023-11-20 03:00:00,431.6666666666667,20.066666666666666,41.8
2023-11-20 03:30:00,448.3333333333333,20.066666666666666,41.8
2023-11-20 04:00:00,444.0,20.0,41.8
2023-11-20 04:30:00,469.6666666666667,20.0,41.8
2023-11-20 05:00:00,440.0,20.0,41.8
2023-11-20 05:30:00,396.6666666666667,20.0,41.8
2023-11-20 06:00:00,428.6666666666667,20.0,41.8
2023-11-20 06:30:00,428.3333333333333,20.0,41.8
2023-11-20 07:00:00,424.6666666666667,20.0,41.8
2023-11-20 07:30:00,448.6666666666667,19.933333333333334,41.8
2023-11-20 08:00:00,515.0,19.966666666666665,43.35999999999999
2023-11-20 08:30:00,902.0,20.066666666666666,47.26666666666667
2023-11-20 09:00:00,1404.0,20.233333333333334,50.0
2023-11-20 09:30:00,1901.0,20.366666666666664,52.080000000000005
2023-11-20 10:00:00,2453.6666666666665,20.433333333333334,54.81999999999999
2023-11-20 10:30:00,2913.3333333333335,20.533333333333335,56.25
2023-11-20 11:00:00,2392.0,20.733333333333334,53.25666666666667
2023-11-20 11:30:00,2630.3333333333335,20.966666666666665,54.81999999999999
2023-11-20 12:00:00,2282.0,21.0,53.383333333333326
2023-11-20 12:30:00,2082.0,21.066666666666666,51.82
2023-11-20 13:00:00,2042.3333333333333,21.1,52.21
2023-11-20 13:30:00,1882.6666666666667,21.166666666666668,50.65
2023-11-20 14:00:00,1816.5,21.1,49.61
2023-11-20 14:30:00,1668.6666666666667,21.1,49.089999999999996
2023-11-20 15:00:00,1608.0,21.1,48.56999999999999
2023-11-20 15:30:00,1420.6666666666667,21.0,47.53
2023-11-20 16:00:00,1129.6666666666667,20.9,46.223333333333336
2023-11-20 16:30:00,1023.3333333333334,20.833333333333332,45.31
2023-11-20 17:00:00,1003.6666666666666,20.7,45.31
2023-11-20 17:30:00,956.6666666666666,20.6,45.44
2023-11-20 18:00:00,953.6666666666666,20.566666666666666,45.70000000000001
2023-11-20 18:30:00,921.6666666666666,20.5,45.830000000000005
2023-11-20 19:00:00,915.6666666666666,20.5,46.09
2023-11-20 19:30:00,895.3333333333334,20.4,46.09
2023-11-20 20:00:00,898.3333333333334,20.4,46.09
2023-11-20 20:30:00,878.0,20.4,46.48
2023-11-20 21:00:00,855.3333333333334,20.3,46.48
2023-11-20 21:30:00,850.6666666666666,20.3,46.48
2023-11-20 22:00:00,823.0,20.3,46.48
2023-11-20 22:30:00,854.6666666666666,20.3,46.48
2023-11-20 23:00:00,822.6666666666666,20.266666666666666,46.48
2023-11-20 23:30:00,808.6666666666666,20.233333333333334,46.48
2023-11-21 00:00:00,854.0,20.2,46.48
2023-11-21 00:30:00,794.0,20.2,46.48
2023-11-21 01:00:00,788.6666666666666,20.2,46.48
2023-11-21 01:30:00,792.3333333333334,20.166666666666668,46.48
2023-11-21 02:00:00,760.3333333333334,20.166666666666668,46.48
2023-11-21 02:30:00,775.0,20.166666666666668,46.48
2023-11-21 03:00:00,798.0,20.1,46.48
2023-11-21 03:30:00,726.0,20.1,46.48
2023-11-21 04:00:00,761.0,20.1,46.48
2023-11-21 04:30:00,734.0,20.1,46.48
2023-11-21 05:00:00,726.6666666666666,20.1,46.48
2023-11-21 05:30:00,730.0,20.066666666666666,46.48
2023-11-21 06:00:00,733.6666666666666,20.0,46.48
2023-11-21 06:30:00,716.6666666666666,20.0,46.48
2023-11-21 07:00:00,739.3333333333334,20.0,46.48
2023-11-21 07:30:00,759.6666666666666,20.0,48.44
2023-11-21 08:00:00,900.6666666666666,20.033333333333335,47.526666666666664
2023-11-21 08:30:00,860.6666666666666,20.1,45.96
2023-11-21 09:00:00,879.0,20.1,44.919999999999995
2023-11-21 09:30:00,923.0,20.1,44.01
2023-11-21 10:00:00,1004.6666666666666,20.1,44.14000000000001
2023-11-21 10:30:00,1183.6666666666667,20.2,44.919999999999995
2023-11-21 11:00:00,1636.3333333333333,20.266666666666666,46.74666666666667
2023-11-21 11:30:00,2284.6666666666665,20.433333333333334,48.56999999999999
2023-11-21 12:00:00,1588.3333333333333,20.366666666666664,45.31
2023-11-21 12:30:00,1165.75,20.25,42.8725
2023-11-21 13:00:00,965.0,20.133333333333336,41.669999999999995
2023-11-21 13:30:00,816.5,20.1,40.72
2023-11-21 14:00:00,787.0,20.0,40.1
2023-11-21 14:30:00,747.0,19.966666666666665,39.580000000000005
2023-11-21 15:00:00,736.0,20.0,39.45
2023-11-21 15:30:00,791.0,19.95,39.45
2023-11-21 16:00:00,808.0,20.0,39.45
2023-11-21 16:30:00,818.3333333333334,19.966666666666665,39.71
2023-11-21 17:00:00,821.0,19.95,40.23
2023-11-21 17:30:00,785.0,19.9,40.62
2023-11-21 18:00:00,765.0,19.9,40.75333333333333
2023-11-21 18:30:00,793.3333333333334,19.9,41.02
2023-11-21 19:00:00,731.3333333333334,19.866666666666664,41.41
2023-11-21 19:30:00,736.0,19.833333333333332,41.669999999999995
2023-11-21 20:00:00,754.0,19.8,41.8
2023-11-21 20:30:00,740.5,19.8,42.19
2023-11-21 21:00:00,729.0,19.8,42.19
2023-11-21 21:30:00,749.0,19.8,42.449999999999996
2023-11-21 22:00:00,705.3333333333334,19.8,42.58
2023-11-21 22:30:00,725.6666666666666,19.733333333333334,42.58
2023-11-21 23:00:00,715.0,19.7,42.839999999999996
2023-11-21 23:30:00,711.6666666666666,19.7,42.97
2023-11-22 00:00:00,680.0,19.7,42.97
2023-11-22 00:30:00,689.6666666666666,19.7,42.97
2023-11-22 01:00:00,691.6666666666666,19.6,43.35999999999999
2023-11-22 01:30:00,679.3333333333334,19.6,43.35999999999999
2023-11-22 02:00:00,691.0,19.6,43.35999999999999
2023-11-22 02:30:00,667.0,19.6,43.35999999999999
2023-11-22 03:00:00,689.0,19.566666666666666,43.35999999999999
2023-11-22 03:30:00,656.3333333333334,19.566666666666666,43.620000000000005
2023-11-22 04:00:00,669.0,19.5,43.75
2023-11-22 04:30:00,654.3333333333334,19.5,43.75
2023-11-22 05:00:00,639.0,19.5,43.75
2023-11-22 05:30:00,618.6666666666666,19.433333333333334,43.75
2023-11-22 06:00:00,661.3333333333334,19.4,43.75
2023-11-22 06:30:00,626.6666666666666,19.4,43.75
2023-11-22 07:00:00,635.6666666666666,19.366666666666664,43.75
2023-11-22 07:30:00,629.6666666666666,19.3,43.75
2023-11-22 08:00:00,779.0,19.3,44.14000000000001
2023-11-22 08:30:00,1043.0,19.433333333333334,44.53333333333333
2023-11-22 09:00:00,1827.6666666666667,19.7,49.48
2023-11-22 09:30:00,2111.6666666666665,19.9,48.31
2023-11-22 10:00:00,2425.0,20.033333333333335,48.56999999999999
2023-11-22 10:30:00,2554.6666666666665,20.1,48.56999999999999
2023-11-22 11:00:00,2640.6666666666665,20.2,49.48
2023-11-22 11:30:00,2630.0,20.3,49.35
2023-11-22 12:00:00,2612.0,20.266666666666666,49.22
2023-11-22 12:30:00,2429.0,20.233333333333334,48.96
2023-11-22 13:00:00,2335.3333333333335,20.266666666666666,47.919999999999995
2023-11-22 13:30:00,2135.3333333333335,20.2,46.48333333333333
2023-11-22 14:00:00,1915.3333333333333,20.133333333333336,45.31
2023-11-22 14:30:00,1797.3333333333333,20.066666666666666,44.919999999999995
2023-11-22 15:00:00,1545.0,20.0,43.879999999999995
2023-11-22 15:30:00,1376.0,19.933333333333334,43.1
2023-11-22 16:00:00,1235.3333333333333,19.9,41.93
2023-11-22 16:30:00,1154.0,19.766666666666666,41.016666666666666
2023-11-22 17:00:00,1036.6666666666667,19.666666666666668,40.23
2023-11-22 17:30:00,982.6666666666666,19.6,39.580000000000005
2023-11-22 18:00:00,885.6666666666666,19.533333333333335,38.800000000000004
2023-11-22 18:30:00,791.3333333333334,19.5,38.410000000000004
2023-11-22 19:00:00,735.5,19.5,38.67
2023-11-22 19:30:00,728.6666666666666,19.5,38.67
2023-11-22 20:00:00,665.3333333333334,19.566666666666666,38.28
2023-11-22 20:30:00,644.3333333333334,19.5,38.28
2023-11-22 21:00:00,608.6666666666666,19.566666666666666,38.28
2023-11-22 21:30:00,592.6666666666666,19.6,38.28
2023-11-22 22:00:00,548.6666666666666,19.6,38.54
2023-11-22 22:30:00,533.3333333333334,19.533333333333335,39.06
2023-11-22 23:00:00,544.3333333333334,19.566666666666666,39.45
2023-11-22 23:30:00,558.3333333333334,19.533333333333335,39.84
2023-11-23 00:00:00,520.6666666666666,19.566666666666666,40.1
2023-11-23 00:30:00,523.6666666666666,19.6,40.49
2023-11-23 01:00:00,520.3333333333334,19.6,40.88666666666666
2023-11-23 01:30:00,530.3333333333334,19.6,41.41
2023-11-23 02:00:00,512.6666666666666,19.6,41.93
2023-11-23 02:30:00,499.6666666666667,19.6,42.449999999999996
2023-11-23 03:00:00,495.3333333333333,19.5,43.1
2023-11-23 03:30:00,521.3333333333334,19.466666666666665,43.620000000000005
2023-11-23 04:00:00,495.3333333333333,19.466666666666665,44.4
2023-11-23 04:30:00,514.0,19.466666666666665,44.4
2023-11-23 05:00:00,501.3333333333333,19.5,44.27
2023-11-23 05:30:00,492.6666666666667,19.5,44.53
2023-11-23 06:00:00,488.6666666666667,19.5,44.53
2023-11-23 06:30:00,504.0,19.5,44.53
2023-11-23 07:00:00,499.6666666666667,19.5,44.53
2023-11-23 07:30:00,523.0,19.5,44.79
2023-11-23 08:00:00,497.6666666666667,19.566666666666666,44.919999999999995
2023-11-23 08:30:00,541.3333333333334,19.6,47.00333333333333
2023-11-23 09:00:00,597.3333333333334,19.6,49.74
2023-11-23 09:30:00,687.0,19.666666666666668,50.910000000000004
2023-11-23 10:00:00,998.0,19.833333333333332,54.03666666666666
2023-11-23 10:30:00,1486.3333333333333,19.966666666666665,57.03
2023-11-23 11:00:00,2166.0,20.266666666666666,60.28666666666667
2023-11-23 11:30:00,2137.3333333333335,19.966666666666665,61.196666666666665
2023-11-23 12:00:00,2198.6666666666665,20.4,60.68
2023-11-23 12:30:00,1690.3333333333333,20.3,57.29
2023-11-23 13:00:00,1583.0,20.133333333333336,57.03
2023-11-23 13:30:00,1104.3333333333333,19.366666666666667,54.81666666666666
2023-11-23 14:00:00,1621.3333333333333,20.03333333333333,57.160000000000004
2023-11-23 14:30:00,1682.3333333333333,20.366666666666664,57.160000000000004
2023-11-23 15:00:00,1730.0,20.5,55.6
2023-11-23 15:30:00,1636.0,20.533333333333335,54.69
2023-11-23 16:00:00,1557.6666666666667,20.566666666666666,53.383333333333326
2023-11-23 16:30:00,1461.6666666666667,20.5,53.12
2023-11-23 17:00:00,1441.0,20.4,52.99
2023-11-23 17:30:00,1399.6666666666667,20.4,52.85999999999999
2023-11-23 18:00:00,1224.6666666666667,20.466666666666665,51.82
2023-11-23 18:30:00,1094.3333333333333,20.433333333333334,50.129999999999995
2023-11-23 19:00:00,980.0,20.4,49.089999999999996
2023-11-23 19:30:00,981.3333333333334,20.366666666666664,48.830000000000005
2023-11-23 20:00:00,942.75,20.375,48.635
2023-11-23 20:30:00,913.0,20.3,48.44
2023-11-23 21:00:00,868.0,20.266666666666666,48.44
2023-11-23 21:30:00,842.6666666666666,20.266666666666666,48.04999999999999
2023-11-23 22:00:00,842.6666666666666,20.266666666666666,47.66
2023-11-23 22:30:00,823.6666666666666,20.2,47.53
2023-11-23 23:00:00,753.6666666666666,20.166666666666668,47.27
2023-11-23 23:30:00,745.0,20.1,47.27
2023-11-24 00:00:00,711.6666666666666,20.1,47.14000000000001
2023-11-24 00:30:00,712.0,20.1,46.88
2023-11-24 01:00:00,715.0,20.066666666666666,46.88
2023-11-24 01:30:00,726.0,20.033333333333335,46.61333333333334
2023-11-24 02:00:00,675.0,20.0,46.48
2023-11-24 02:30:00,715.6666666666666,20.0,46.22
2023-11-24 03:00:00,642.6666666666666,20.0,45.830000000000005
2023-11-24 03:30:00,682.0,20.0,45.18000000000001
2023-11-24 04:00:00,598.0,19.933333333333334,44.79
2023-11-24 04:30:00,588.0,19.9,44.4
2023-11-24 05:00:00,598.0,19.9,44.14000000000001
2023-11-24 05:30:00,567.0,19.9,43.75
2023-11-24 06:00:00,580.3333333333334,19.9,43.620000000000005
2023-11-24 06:30:00,552.0,19.833333333333332,43.23
2023-11-24 07:00:00,671.6666666666666,19.8,47.52666666666667
2023-11-24 07:30:00,823.0,19.866666666666664,47.00333333333333
2023-11-24 08:00:00,882.0,20.0,45.57
2023-11-24 08:30:00,1012.6666666666666,20.1,44.919999999999995
2023-11-24 09:00:00,1039.0,20.1,44.4
2023-11-24 09:30:00,1009.6666666666666,20.2,43.75
2023-11-24 10:00:00,1097.3333333333333,20.2,43.35999999999999
2023-11-24 10:30:00,1079.3333333333333,20.2,43.35999999999999
2023-11-24 11:00:00,1137.0,20.2,43.75
2023-11-24 11:30:00,1493.3333333333333,20.366666666666664,46.61333333333334
2023-11-24 12:00:00,1388.6666666666667,20.366666666666664,45.833333333333336
2023-11-24 12:30:00,1175.3333333333333,20.233333333333334,44.14000000000001
2023-11-24 13:00:00,1023.6666666666666,20.166666666666668,43.49
2023-11-24 13:30:00,948.0,20.1,42.839999999999996
2023-11-24 14:00:00,872.5,20.0,42.58
2023-11-24 14:30:00,820.0,19.933333333333334,42.059999999999995
2023-11-24 15:00:00,801.0,19.9,41.8
2023-11-24 15:30:00,788.0,19.9,41.41
2023-11-24 16:00:00,786.3333333333334,19.8,40.88666666666666
2023-11-24 16:30:00,766.6666666666666,19.8,40.49
2023-11-24 17:00:00,764.6666666666666,19.7,39.97
2023-11-24 17:30:00,759.6666666666666,19.666666666666668,39.580000000000005
2023-11-24 18:00:00,773.3333333333334,19.6,39.190000000000005
2023-11-24 18:30:00,763.6666666666666,19.6,38.800000000000004
2023-11-24 19:00:00,731.6666666666666,19.566666666666666,38.800000000000004
2023-11-24 19:30:00,685.6666666666666,19.533333333333335,38.67
2023-11-24 20:00:00,690.6666666666666,19.5,38.67
2023-11-24 20:30:00,667.3333333333334,19.5,38.67
2023-11-24 21:00:00,623.0,19.5,38.54
2023-11-24 21:30:00,614.3333333333334,19.4,38.54
2023-11-24 22:00:00,591.6666666666666,19.4,38.28
2023-11-24 22:30:00,588.3333333333334,19.366666666666664,38.28
2023-11-24 23:00:00,617.0,19.333333333333332,38.15
2023-11-24 23:30:00,594.6666666666666,19.3,37.89
2023-11-25 00:00:00,577.3333333333334,19.3,37.89
2023-11-25 00:30:00,561.0,19.3,37.89
2023-11-25 01:00:00,555.0,19.266666666666666,37.89
2023-11-25 01:30:00,547.6666666666666,19.3,37.63
2023-11-25 02:00:00,545.0,19.2,37.5
2023-11-25 02:30:00,534.6666666666666,19.2,37.5
2023-11-25 03:00:00,531.6666666666666,19.2,37.5
2023-11-25 03:30:00,545.6666666666666,19.2,37.37
2023-11-25 04:00:00,561.3333333333334,19.166666666666668,37.37
2023-11-25 04:30:00,517.0,19.166666666666668,37.11
2023-11-25 05:00:00,519.5,19.1,37.11
2023-11-25 05:30:00,540.0,19.133333333333336,37.11
2023-11-25 06:00:00,521.0,19.1,37.11
2023-11-25 06:30:00,545.5,19.1,37.11
2023-11-25 07:00:00,532.3333333333334,19.1,37.11
2023-11-25 07:30:00,532.3333333333334,19.1,37.5
2023-11-25 08:00:00,532.6666666666666,19.1,37.5
2023-11-25 08:30:00,520.3333333333334,19.1,37.5
2023-11-25 09:00:00,555.0,19.1,37.24
2023-11-25 09:30:00,522.6666666666666,19.066666666666666,36.98
2023-11-25 10:00:00,556.6666666666666,19.066666666666666,36.72
2023-11-25 10:30:00,495.0,19.166666666666668,36.72
2023-11-25 11:00:00,519.6666666666666,19.2,36.72
2023-11-25 11:30:00,506.75,19.2,36.427499999999995
2023-11-25 12:00:00,501.0,19.1,36.199999999999996
2023-11-25 12:30:00,552.3333333333334,19.1,35.94
2023-11-25 13:00:00,530.0,19.066666666666666,35.55
2023-11-25 13:30:00,511.0,19.066666666666666,35.29
2023-11-25 14:00:00,523.3333333333334,19.0,35.16
2023-11-25 14:30:00,498.3333333333333,19.0,35.03
2023-11-25 15:00:00,517.3333333333334,18.966666666666665,34.77
2023-11-25 15:30:00,530.6666666666666,18.933333333333334,34.38
2023-11-25 16:00:00,507.6666666666667,18.9,34.38
2023-11-25 16:30:00,511.0,18.9,33.98
2023-11-25 17:00:00,526.0,18.833333333333332,33.98
2023-11-25 17:30:00,503.0,18.866666666666664,33.59
2023-11-25 18:00:00,479.3333333333333,18.766666666666666,33.330000000000005
2023-11-25 18:30:00,489.6666666666667,18.766666666666666,33.2
2023-11-25 19:00:00,479.0,18.766666666666666,32.81
2023-11-25 19:30:00,504.3333333333333,18.8,32.81
2023-11-25 20:00:00,486.3333333333333,18.733333333333334,32.81
2023-11-25 20:30:00,479.6666666666667,18.666666666666668,32.81
2023-11-25 21:00:00,488.3333333333333,18.7,32.68
2023-11-25 21:30:00,476.0,18.7,32.42
2023-11-25 22:00:00,482.3333333333333,18.6,32.29
2023-11-25 22:30:00,488.0,18.566666666666666,32.160000000000004
2023-11-25 23:00:00,476.0,18.533333333333335,32.03
2023-11-25 23:30:00,445.3333333333333,18.5,32.03
2023-11-26 00:00:00,463.0,18.533333333333335,32.03
2023-11-26 00:30:00,454.6666666666667,18.5,31.77
2023-11-26 01:00:00,481.6666666666667,18.466666666666665,31.64
2023-11-26 01:30:00,490.3333333333333,18.433333333333334,31.64
2023-11-26 02:00:00,471.6666666666667,18.433333333333334,31.64
2023-11-26 02:30:00,467.6666666666667,18.466666666666665,31.64
2023-11-26 03:00:00,491.0,18.466666666666665,31.64
2023-11-26 03:30:00,472.0,18.366666666666664,31.900000000000002
2023-11-26 04:00:00,475.3333333333333,18.4,32.03
2023-11-26 04:30:00,474.0,18.3,32.03
2023-11-26 05:00:00,487.0,18.333333333333332,32.03
2023-11-26 05:30:00,474.0,18.333333333333332,32.03
2023-11-26 06:00:00,472.0,18.333333333333332,32.42
2023-11-26 06:30:00,496.3333333333333,18.3,32.42
2023-11-26 07:00:00,480.6666666666667,18.233333333333334,32.68
2023-11-26 07:30:00,482.6666666666667,18.2,32.81
2023-11-26 08:00:00,462.3333333333333,18.2,33.07
2023-11-26 08:30:00,488.3333333333333,18.2,33.2
2023-11-26 09:00:00,476.6666666666667,18.166666666666668,33.330000000000005
2023-11-26 09:30:00,494.6666666666667,18.133333333333336,33.59
2023-11-26 10:00:00,495.3333333333333,18.1,33.59
2023-11-26 10:30:00,490.3333333333333,18.133333333333336,33.98
2023-11-26 11:00:00,465.3333333333333,18.266666666666666,34.38
2023-11-26 11:30:00,476.0,18.366666666666664,34.38
2023-11-26 12:00:00,487.0,18.433333333333334,34.38
2023-11-26 12:30:00,469.0,18.366666666666664,34.77
2023-11-26 13:00:00,486.6666666666667,18.4,34.77
2023-11-26 13:30:00,473.6666666666667,18.3,34.64000000000001
2023-11-26 14:00:00,466.0,18.3,34.24666666666667
2023-11-26 14:30:00,486.3333333333333,18.233333333333334,33.98
2023-11-26 15:00:00,483.3333333333333,18.233333333333334,33.98
2023-11-26 15:30:00,471.3333333333333,18.2,33.98
2023-11-26 16:00:00,463.0,18.2,33.98
2023-11-26 16:30:00,463.0,18.2,33.59
2023-11-26 17:00:00,474.0,18.2,33.59
2023-11-26 17:30:00,454.0,18.2,33.59
2023-11-26 18:00:00,473.6666666666667,18.2,33.46
2023-11-26 18:30:00,492.6666666666667,18.2,33.59
2023-11-26 19:00:00,498.3333333333333,18.2,33.59
2023-11-26 19:30:00,471.0,18.2,33.59
2023-11-26 20:00:00,464.0,18.2,33.59
2023-11-26 20:30:00,470.3333333333333,18.2,33.59
2023-11-26 21:00:00,457.3333333333333,18.2,33.46
2023-11-26 21:30:00,470.6666666666667,18.2,33.46
2023-11-26 22:00:00,493.0,18.2,33.2
2023-11-26 22:30:00,459.3333333333333,18.166666666666668,33.330000000000005
2023-11-26 23:00:00,464.3333333333333,18.2,33.2
2023-11-26 23:30:00,470.5,18.2,33.2
2023-11-27 00:00:00,486.6666666666667,18.166666666666668,33.2
2023-11-27 00:30:00,479.0,18.2,33.2
2023-11-27 01:00:00,475.0,18.2,33.2
2023-11-27 01:30:00,457.3333333333333,18.166666666666668,33.2
2023-11-27 02:00:00,441.0,18.133333333333336,33.2
2023-11-27 02:30:00,459.3333333333333,18.1,33.2
2023-11-27 03:00:00,458.3333333333333,18.1,33.07
2023-11-27 03:30:00,447.6666666666667,18.066666666666666,32.940000000000005
2023-11-27 04:00:00,451.6666666666667,18.066666666666666,32.81
2023-11-27 04:30:00,467.6666666666667,18.0,32.81
2023-11-27 05:00:00,459.0,18.0,32.81
2023-11-27 05:30:00,434.3333333333333,18.0,32.81
2023-11-27 06:00:00,454.3333333333333,18.0,32.68
2023-11-27 06:30:00,478.0,18.0,32.42
2023-11-27 07:00:00,472.0,18.0,32.81
2023-11-27 07:30:00,477.0,18.0,32.81
2023-11-27 08:00:00,642.3333333333334,18.033333333333335,35.153333333333336
2023-11-27 08:30:00,951.0,18.166666666666668,39.190000000000005
2023-11-27 09:00:00,1295.6666666666667,18.466666666666665,39.580000000000005
2023-11-27 09:30:00,2121.6666666666665,18.733333333333334,42.97
2023-11-27 10:00:00,2969.0,19.0,46.35333333333333
2023-11-27 10:30:00,3881.0,19.166666666666668,49.60999999999999
2023-11-27 11:00:00,4061.0,19.325,53.22
2023-11-27 11:30:00,4061.0,19.433333333333334,52.21333333333333
2023-11-27 12:00:00,3245.6666666666665,19.3,47.916666666666664
2023-11-27 12:30:00,2521.0,19.133333333333336,45.050000000000004
2023-11-27 13:00:00,2679.0,19.133333333333336,47.13666666666666
2023-11-27 13:30:00,2971.6666666666665,19.1,48.699999999999996
2023-11-27 14:00:00,2644.0,19.066666666666666,47.13666666666666
2023-11-27 14:30:00,767.3333333333334,15.299999999999999,37.5
2023-11-27 15:00:00,704.0,13.566666666666668,41.14666666666667
2023-11-27 15:30:00,1335.0,15.966666666666667,47.656666666666666
2023-11-27 16:00:00,1676.6666666666667,17.900000000000002,45.44
2023-11-27 16:30:00,2126.6666666666665,18.599999999999998,46.61333333333334
2023-11-27 17:00:00,2642.0,18.8,48.44
2023-11-27 17:30:00,3071.3333333333335,18.933333333333334,50.129999999999995
2023-11-27 18:00:00,3340.3333333333335,19.0,50.78
2023-11-27 18:30:00,3347.3333333333335,18.933333333333334,50.65
2023-11-27 19:00:00,3404.3333333333335,19.0,50.65
2023-11-27 19:30:00,3571.3333333333335,19.033333333333335,51.43000000000001
2023-11-27 20:00:00,3701.6666666666665,19.1,51.56
2023-11-27 20:30:00,3167.3333333333335,18.966666666666665,49.35
2023-11-27 21:00:00,2618.6666666666665,18.733333333333334,46.61333333333334
2023-11-27 21:30:00,2532.3333333333335,18.733333333333334,46.35
2023-11-27 22:00:00,2451.5,18.8,45.895
2023-11-27 22:30:00,2318.3333333333335,18.8,45.57
2023-11-27 23:00:00,2243.0,18.733333333333334,45.18000000000001
2023-11-27 23:30:00,2173.3333333333335,18.766666666666666,44.919999999999995
2023-11-28 00:00:00,2106.6666666666665,18.766666666666666,44.4
2023-11-28 00:30:00,2028.6666666666667,18.766666666666666,44.14000000000001
2023-11-28 01:00:00,1924.6666666666667,18.766666666666666,43.879999999999995
2023-11-28 01:30:00,1872.3333333333333,18.8,43.49
2023-11-28 02:00:00,1778.3333333333333,18.7,43.1
2023-11-28 02:30:00,1691.3333333333333,18.7,42.839999999999996
2023-11-28 03:00:00,1659.6666666666667,18.7,42.58
2023-11-28 03:30:00,1549.0,18.733333333333334,42.19
2023-11-28 04:00:00,1483.3333333333333,18.733333333333334,42.19
2023-11-28 04:30:00,1459.3333333333333,18.666666666666668,41.8
2023-11-28 05:00:00,1409.3333333333333,18.7,41.8
2023-11-28 05:30:00,1344.0,18.675,41.50749999999999
2023-11-28 06:00:00,1276.25,18.575,41.215
2023-11-28 06:30:00,1129.0,18.566666666666666,41.28
2023-11-28 07:00:00,906.3333333333334,18.5,41.54
2023-11-28 07:30:00,898.0,18.7,40.75333333333333
2023-11-28 08:00:00,881.0,18.7,40.1
2023-11-28 08:30:00,854.25,18.725,39.84
2023-11-28 09:00:00,805.75,18.7,39.45
2023-11-28 09:30:00,762.0,18.7,39.32
2023-11-28 10:00:00,774.6666666666666,18.7,39.06
2023-11-28 10:30:00,761.3333333333334,18.6,39.06
2023-11-28 11:00:00,943.6666666666666,18.6,38.02
2023-11-28 11:30:00,1605.0,18.633333333333336,37.89
2023-11-28 12:00:00,1562.3333333333333,18.666666666666668,36.46
2023-11-28 12:30:00,1083.5,18.4,33.395
2023-11-28 13:00:00,1029.0,18.4,32.940000000000005
2023-11-28 13:30:00,1017.3333333333334,18.433333333333334,32.550000000000004
2023-11-28 14:00:00,955.0,18.433333333333334,32.68
2023-11-28 14:30:00,906.0,18.4,32.42
2023-11-28 15:00:00,893.0,18.4,32.03
2023-11-28 15:30:00,818.0,18.3,32.03
2023-11-28 16:00:00,800.6666666666666,18.3,31.900000000000002
2023-11-28 16:30:00,790.3333333333334,18.3,31.64
2023-11-28 17:00:00,745.3333333333334,18.3,31.64
2023-11-28 17:30:00,752.0,18.35,32.03
2023-11-28 18:00:00,756.6666666666666,18.333333333333332,32.03
2023-11-28 18:30:00,724.3333333333334,18.3,32.03
2023-11-28 19:00:00,713.6666666666666,18.3,31.77
2023-11-28 19:30:00,651.6666666666666,18.3,31.64
2023-11-28 20:00:00,649.0,18.3,31.64
2023-11-28 20:30:00,614.3333333333334,18.333333333333332,31.64
2023-11-28 21:00:00,624.5,18.35,31.64
2023-11-28 21:30:00,607.3333333333334,18.3,31.64
2023-11-28 22:00:00,575.6666666666666,18.333333333333332,31.64
2023-11-28 22:30:00,589.6666666666666,18.3,31.64
2023-11-28 23:00:00,567.6666666666666,18.333333333333332,31.64
2023-11-28 23:30:00,535.6666666666666,18.3,31.38
2023-11-29 00:00:00,507.3333333333333,18.3,31.51
2023-11-29 00:30:00,518.3333333333334,18.366666666666664,31.25
2023-11-29 01:00:00,514.6666666666666,18.333333333333332,31.12
2023-11-29 01:30:00,511.3333333333333,18.333333333333332,30.86
2023-11-29 02:00:00,505.6666666666667,18.3,30.86
2023-11-29 02:30:00,479.6666666666667,18.3,30.599999999999998
2023-11-29 03:00:00,493.0,18.3,30.47
2023-11-29 03:30:00,505.6666666666667,18.3,30.47
2023-11-29 04:00:00,497.3333333333333,18.3,30.34
2023-11-29 04:30:00,480.3333333333333,18.266666666666666,30.08
2023-11-29 05:00:00,504.3333333333333,18.3,30.08
2023-11-29 05:30:00,492.3333333333333,18.3,29.69
2023-11-29 06:00:00,495.3333333333333,18.3,29.430000000000003
2023-11-29 06:30:00,505.6666666666667,18.3,29.17
2023-11-29 07:00:00,515.3333333333334,18.266666666666666,29.040000000000003
2023-11-29 07:30:00,502.0,18.3,28.91
2023-11-29 08:00:00,588.0,18.3,29.429999999999996
2023-11-29 08:30:00,777.6666666666666,18.4,30.99
2023-11-29 09:00:00,888.0,18.533333333333335,32.81333333333333
2023-11-29 09:30:00,1040.0,18.766666666666666,35.16
2023-11-29 10:00:00,1113.3333333333333,18.833333333333332,35.419999999999995
2023-11-29 10:30:00,1193.3333333333333,18.9,35.29
2023-11-29 11:00:00,1357.0,18.966666666666665,36.07
2023-11-29 11:30:00,1424.3333333333333,18.966666666666665,38.28
2023-11-29 12:00:00,1555.0,19.0,40.233333333333334
2023-11-29 12:30:00,1485.0,19.066666666666666,38.02
2023-11-29 13:00:00,1485.0,19.033333333333335,37.37
2023-11-29 13:30:00,1351.6666666666667,19.033333333333335,36.72
2023-11-29 14:00:00,1292.6666666666667,19.033333333333335,36.199999999999996
2023-11-29 14:30:00,1307.6666666666667,19.0,36.07
2023-11-29 15:00:00,1674.3333333333333,19.066666666666666,38.28
2023-11-29 15:30:00,1902.3333333333333,19.066666666666666,39.84
2023-11-29 16:00:00,2050.0,18.933333333333334,40.35999999999999
2023-11-29 16:30:00,1313.6666666666667,18.7,37.5
2023-11-29 17:00:00,935.3333333333334,18.466666666666665,35.809999999999995
2023-11-29 17:30:00,834.3333333333334,18.5,35.29
2023-11-29 18:00:00,777.3333333333334,18.433333333333334,35.03
2023-11-29 18:30:00,758.0,18.5,34.77
2023-11-29 19:00:00,724.0,18.6,34.77
2023-11-29 19:30:00,723.0,18.599999999999998,34.77
2023-11-29 20:00:00,669.6666666666666,18.533333333333335,34.51
2023-11-29 20:30:00,665.6666666666666,18.566666666666666,34.38
2023-11-29 21:00:00,669.0,18.633333333333336,34.51
2023-11-29 21:30:00,631.0,18.633333333333336,34.77
2023-11-29 22:00:00,618.0,18.633333333333336,34.77
2023-11-29 22:30:00,581.3333333333334,18.666666666666668,34.77
2023-11-29 23:00:00,558.6666666666666,18.7,34.77
2023-11-29 23:30:00,580.0,18.7,34.77
2023-11-30 00:00:00,535.6666666666666,18.666666666666668,34.9
2023-11-30 00:30:00,558.5,18.65,35.16
2023-11-30 01:00:00,550.3333333333334,18.666666666666668,35.16
2023-11-30 01:30:00,548.5,18.7,35.16
2023-11-30 02:00:00,535.0,18.65,35.16
2023-11-30 02:30:00,539.0,18.633333333333336,35.16
2023-11-30 03:00:00,528.0,18.7,35.16
2023-11-30 03:30:00,510.3333333333333,18.7,35.16
2023-11-30 04:00:00,519.0,18.666666666666668,35.16
2023-11-30 04:30:00,556.0,18.7,35.419999999999995
2023-11-30 05:00:00,530.3333333333334,18.733333333333334,35.16
2023-11-30 05:30:00,515.3333333333334,18.7,35.29
2023-11-30 06:00:00,512.0,18.766666666666666,35.16
2023-11-30 06:30:00,509.0,18.766666666666666,35.03
2023-11-30 07:00:00,513.0,18.766666666666666,34.77
2023-11-30 07:30:00,523.3333333333334,18.8,34.77
2023-11-30 08:00:00,575.6666666666666,18.766666666666666,34.9
2023-11-30 08:30:00,743.6666666666666,18.833333333333332,38.28
2023-11-30 09:00:00,1009.0,19.0,39.843333333333334
2023-11-30 09:30:00,1792.5,19.35,44.53
2023-11-30 10:00:00,2617.3333333333335,19.5,48.04666666666666
2023-11-30 10:30:00,2412.0,19.566666666666666,48.43666666666667
2023-11-30 11:00:00,1884.0,19.5,44.79
2023-11-30 11:30:00,2268.0,19.566666666666666,46.61666666666667
2023-11-30 12:00:00,2325.3333333333335,19.666666666666668,47.26666666666667
2023-11-30 12:30:00,1936.6666666666667,19.433333333333334,44.53
2023-11-30 13:00:00,1733.0,19.4,43.35999999999999
2023-11-30 13:30:00,1508.0,19.3,41.54
2023-11-30 14:00:00,1510.6666666666667,19.3,40.62
2023-11-30 14:30:00,1397.6666666666667,19.3,39.84
2023-11-30 15:00:00,1325.0,19.266666666666666,39.06
2023-11-30 15:30:00,1137.6666666666667,19.233333333333334,37.89
2023-11-30 16:00:00,995.3333333333334,19.166666666666668,36.72
2023-11-30 16:30:00,981.0,19.266666666666666,36.33
2023-11-30 17:00:00,913.0,19.266666666666666,36.199999999999996
2023-11-30 17:30:00,914.3333333333334,19.166666666666668,35.94
2023-11-30 18:00:00,860.3333333333334,19.1,35.809999999999995
2023-11-30 18:30:00,786.3333333333334,19.1,35.419999999999995
2023-11-30 19:00:00,719.0,19.066666666666666,35.16
2023-11-30 19:30:00,705.6666666666666,19.033333333333335,35.16
2023-11-30 20:00:00,677.6666666666666,19.066666666666666,34.9
2023-11-30 20:30:00,656.3333333333334,19.0,34.77
2023-11-30 21:00:00,622.6666666666666,19.033333333333335,34.64000000000001
2023-11-30 21:30:00,631.0,19.0,34.51
2023-11-30 22:00:00,615.0,18.933333333333334,34.38
2023-11-30 22:30:00,602.0,18.933333333333334,34.24666666666667
2023-11-30 23:00:00,601.0,18.9,33.98
2023-11-30 23:30:00,577.6666666666666,18.9,33.85
2023-12-01 00:00:00,564.3333333333334,18.9,33.59
2023-12-01 00:30:00,575.0,18.933333333333334,33.59
2023-12-01 01:00:00,568.0,18.933333333333334,33.59
2023-12-01 01:30:00,531.3333333333334,18.866666666666664,33.46
2023-12-01 02:00:00,564.3333333333334,18.866666666666664,33.59
2023-12-01 02:30:00,537.0,18.9,33.59
2023-12-01 03:00:00,522.0,18.9,33.59
2023-12-01 03:30:00,542.0,18.8,33.59
2023-12-01 04:00:00,547.0,18.766666666666666,33.59
2023-12-01 04:30:00,558.0,18.85,33.59
2023-12-01 05:00:00,531.3333333333334,18.866666666666664,33.59
2023-12-01 05:30:00,502.3333333333333,18.900000000000002,33.59
2023-12-01 06:00:00,508.3333333333333,18.9,33.59
2023-12-01 06:30:00,552.0,18.8,33.59
2023-12-01 07:00:00,534.0,18.900000000000002,33.2
2023-12-01 07:30:00,556.0,19.066666666666666,33.2
2023-12-01 08:00:00,550.3333333333334,19.166666666666668,33.46
2023-12-01 08:30:00,867.0,19.133333333333336,39.846666666666664
2023-12-01 09:00:00,1079.3333333333333,19.2,42.57666666666666
2023-12-01 09:30:00,977.6666666666666,19.3,37.63
2023-12-01 10:00:00,997.0,19.3,37.76
2023-12-01 10:30:00,1062.3333333333333,19.333333333333332,37.11
2023-12-01 11:00:00,1186.6666666666667,19.4,39.449999999999996
2023-12-01 11:30:00,1672.6666666666667,19.466666666666665,44.660000000000004
2023-12-01 12:00:00,1976.6666666666667,19.6,45.31
2023-12-01 12:30:00,1894.0,19.6,44.4
2023-12-01 13:00:00,1674.0,19.6,43.620000000000005
2023-12-01 13:30:00,1634.6666666666667,19.6,42.19
2023-12-01 14:00:00,1062.6666666666667,19.366666666666664,36.846666666666664
2023-12-01 14:30:00,1394.3333333333333,19.333333333333332,39.190000000000005
2023-12-01 15:00:00,1753.3333333333333,19.533333333333335,40.88333333333333
2023-12-01 15:30:00,1951.0,19.6,41.02
2023-12-01 16:00:00,1885.3333333333333,19.5,40.88666666666666
2023-12-01 16:30:00,1404.3333333333333,19.333333333333332,38.67
2023-12-01 17:00:00,1349.6666666666667,19.366666666666664,38.15
2023-12-01 17:30:00,1376.6666666666667,19.366666666666664,37.11
2023-12-01 18:00:00,1456.3333333333333,19.4,37.24
2023-12-01 18:30:00,1159.6666666666667,19.233333333333334,35.809999999999995
2023-12-01 19:00:00,934.0,19.166666666666668,34.376666666666665
2023-12-01 19:30:00,791.3333333333334,19.233333333333334,33.46
2023-12-01 20:00:00,678.6666666666666,19.2,32.940000000000005
2023-12-01 20:30:00,640.0,19.233333333333334,32.42
2023-12-01 21:00:00,585.3333333333334,19.2,32.03
2023-12-01 21:30:00,584.6666666666666,19.2,31.900000000000002
2023-12-01 22:00:00,538.0,19.2,31.64
2023-12-01 22:30:00,514.6666666666666,19.2,31.64
2023-12-01 23:00:00,511.6666666666667,19.2,31.77
2023-12-01 23:30:00,505.0,19.3,32.03
2023-12-02 00:00:00,506.6666666666667,19.233333333333334,32.550000000000004
2023-12-02 00:30:00,517.6666666666666,19.166666666666668,32.940000000000005
2023-12-02 01:00:00,498.6666666666667,19.1,33.330000000000005
2023-12-02 01:30:00,485.6666666666667,19.033333333333335,33.59
2023-12-02 02:00:00,496.0,19.0,33.98
2023-12-02 02:30:00,537.6666666666666,19.0,34.11333333333334
2023-12-02 03:00:00,505.0,19.0,34.38
2023-12-02 03:30:00,497.3333333333333,19.0,34.38
2023-12-02 04:00:00,518.0,19.0,34.64000000000001
2023-12-02 04:30:00,531.3333333333334,18.966666666666665,34.77
2023-12-02 05:00:00,535.6666666666666,19.0,34.77
2023-12-02 05:30:00,539.6666666666666,18.966666666666665,34.77
2023-12-02 06:00:00,540.3333333333334,18.9,34.77
2023-12-02 06:30:00,517.5,18.95,34.77
2023-12-02 07:00:00,538.0,18.9,34.77
2023-12-02 07:30:00,533.0,18.9,34.77
2023-12-02 08:00:00,518.3333333333334,18.900000000000002,34.77
2023-12-02 08:30:00,523.0,18.866666666666664,34.9
2023-12-02 09:00:00,501.6666666666667,18.9,34.9
2023-12-02 09:30:00,669.6666666666666,18.733333333333334,33.723333333333336
2023-12-02 10:00:00,1026.6666666666667,19.099999999999998,36.589999999999996
2023-12-02 10:30:00,1769.0,19.366666666666664,41.666666666666664
2023-12-02 11:00:00,2161.0,19.4,45.050000000000004
2023-12-02 11:30:00,2082.6666666666665,19.4,45.70333333333334
2023-12-02 12:00:00,1745.0,19.466666666666665,42.58
2023-12-02 12:30:00,2019.3333333333333,19.5,44.01
2023-12-02 13:00:00,2350.6666666666665,19.433333333333334,44.53
2023-12-02 13:30:00,2540.3333333333335,19.4,44.919999999999995
2023-12-02 14:00:00,2830.3333333333335,19.366666666666664,45.96333333333334
2023-12-02 14:30:00,3015.3333333333335,19.333333333333332,47.66
2023-12-02 15:00:00,3232.6666666666665,19.366666666666664,47.66
2023-12-02 15:30:00,3480.0,19.4,47.79
2023-12-02 16:00:00,3193.3333333333335,19.333333333333332,46.74666666666667
2023-12-02 16:30:00,1873.6666666666667,19.166666666666668,41.93
2023-12-02 17:00:00,1619.0,19.1,40.36666666666667
2023-12-02 17:30:00,1162.3333333333333,19.0,38.02
2023-12-02 18:00:00,1014.5,19.55,38.085
2023-12-02 18:30:00,1186.3333333333333,20.46666666666667,38.28
2023-12-02 19:00:00,1195.3333333333333,21.166666666666668,38.15
2023-12-02 19:30:00,1193.6666666666667,21.433333333333334,37.24
2023-12-02 20:00:00,1187.6666666666667,21.400000000000002,37.5
2023-12-02 20:30:00,1169.0,21.166666666666668,37.37
2023-12-02 21:00:00,801.0,20.9,33.723333333333336
2023-12-02 21:30:00,853.6666666666666,21.166666666666668,34.64000000000001
2023-12-02 22:00:00,959.0,21.333333333333332,34.51
2023-12-02 22:30:00,1089.3333333333333,21.3,35.55
2023-12-02 23:00:00,1036.3333333333333,21.2,35.68
2023-12-02 23:30:00,1125.0,21.033333333333335,36.46
2023-12-03 00:00:00,1203.6666666666667,21.1,36.98
2023-12-03 00:30:00,1229.6666666666667,20.833333333333332,37.11
2023-12-03 01:00:00,1182.3333333333333,20.533333333333335,37.37
2023-12-03 01:30:00,1161.3333333333333,20.3,37.5
2023-12-03 02:00:00,1134.5,20.2,37.5
2023-12-03 02:30:00,1116.6666666666667,20.066666666666666,37.63
2023-12-03 03:00:00,1089.6666666666667,19.866666666666664,37.89
2023-12-03 03:30:00,1057.3333333333333,19.733333333333334,37.89
2023-12-03 04:00:00,1004.3333333333334,19.633333333333336,37.89
2023-12-03 04:30:00,966.6666666666666,19.5,37.89
2023-12-03 05:00:00,930.0,19.433333333333334,37.89
2023-12-03 05:30:00,925.6666666666666,19.366666666666664,37.89
2023-12-03 06:00:00,905.0,19.333333333333332,37.89
2023-12-03 06:30:00,880.6666666666666,19.2,37.89
2023-12-03 07:00:00,858.3333333333334,19.1,37.5
2023-12-03 07:30:00,859.3333333333334,19.033333333333335,37.5
2023-12-03 08:00:00,805.0,19.0,37.5
2023-12-03 08:30:00,815.0,18.933333333333334,37.5
2023-12-03 09:00:00,811.6666666666666,18.866666666666664,37.5
2023-12-03 09:30:00,788.3333333333334,18.766666666666666,37.5
2023-12-03 10:00:00,743.6666666666666,18.766666666666666,37.5
2023-12-03 10:30:00,787.3333333333334,18.733333333333334,38.803333333333335
2023-12-03 11:00:00,1100.3333333333333,18.833333333333332,42.32
2023-12-03 11:30:00,1395.3333333333333,19.066666666666666,44.01
2023-12-03 12:00:00,1708.0,19.166666666666668,45.31
2023-12-03 12:30:00,2029.6666666666667,19.233333333333334,45.830000000000005
2023-12-03 13:00:00,2023.0,19.166666666666668,44.53
2023-12-03 13:30:00,1707.6666666666667,19.166666666666668,43.879999999999995
2023-12-03 14:00:00,1129.3333333333333,19.0,38.67
2023-12-03 14:30:00,1011.0,18.866666666666664,37.63
2023-12-03 15:00:00,995.3333333333334,18.733333333333334,37.11
2023-12-03 15:30:00,988.6666666666666,18.666666666666668,36.85
2023-12-03 16:00:00,1050.6666666666667,18.6,38.28
2023-12-03 16:30:00,1125.6666666666667,18.7,38.02
2023-12-03 17:00:00,1060.3333333333333,18.6,37.37
2023-12-03 17:30:00,1192.6666666666667,18.566666666666666,38.800000000000004
2023-12-03 18:00:00,1178.6666666666667,18.599999999999998,39.580000000000005
2023-12-03 18:30:00,960.3333333333334,18.533333333333335,39.19
2023-12-03 19:00:00,933.6666666666666,18.533333333333335,38.800000000000004
2023-12-03 19:30:00,894.0,18.466666666666665,38.28
2023-12-03 20:00:00,889.75,18.4,38.865
2023-12-03 20:30:00,865.5,18.35,39.645
2023-12-03 21:00:00,867.3333333333334,18.333333333333332,39.32
2023-12-03 21:30:00,848.3333333333334,18.3,39.06
2023-12-03 22:00:00,812.6666666666666,18.333333333333332,38.93
2023-12-03 22:30:00,797.3333333333334,18.3,38.67
2023-12-03 23:00:00,777.6666666666666,18.266666666666666,38.67
2023-12-03 23:30:00,799.6666666666666,18.266666666666666,38.67
2023-12-04 00:00:00,769.0,18.266666666666666,38.67
2023-12-04 00:30:00,749.6666666666666,18.2,38.93
2023-12-04 01:00:00,759.0,18.2,38.93
2023-12-04 01:30:00,756.3333333333334,18.2,39.06
2023-12-04 02:00:00,719.3333333333334,18.133333333333336,39.06
2023-12-04 02:30:00,723.0,18.133333333333336,39.06
2023-12-04 03:00:00,715.3333333333334,18.1,39.06
2023-12-04 03:30:00,720.6666666666666,18.1,39.06
2023-12-04 04:00:00,725.6666666666666,18.1,39.06
2023-12-04 04:30:00,721.3333333333334,18.066666666666666,39.06
2023-12-04 05:00:00,692.6666666666666,18.1,39.190000000000005
2023-12-04 05:30:00,669.0,18.033333333333335,39.06
2023-12-04 06:00:00,675.6666666666666,18.066666666666666,39.06
2023-12-04 06:30:00,655.0,18.033333333333335,39.06
2023-12-04 07:00:00,652.0,18.0,39.06
2023-12-04 07:30:00,566.3333333333334,15.666666666666666,38.93
2023-12-04 08:00:00,710.3333333333334,16.099999999999998,42.06
2023-12-04 08:30:00,977.3333333333334,17.766666666666666,40.75333333333333
2023-12-04 09:00:00,1088.0,18.400000000000002,40.623333333333335
2023-12-04 09:30:00,1150.0,18.566666666666666,41.93
2023-12-04 10:00:00,1541.3333333333333,18.833333333333332,44.4
2023-12-04 10:30:00,1975.6666666666667,19.133333333333336,46.22
2023-12-04 11:00:00,2578.6666666666665,19.366666666666664,49.74
2023-12-04 11:30:00,3055.6666666666665,19.466666666666665,52.21
2023-12-04 12:00:00,3659.0,19.5,54.03666666666667
2023-12-04 12:30:00,3844.5,19.700000000000003,53.91
2023-12-04 13:00:00,4049.6666666666665,20.266666666666666,53.776666666666664
2023-12-04 13:30:00,4053.0,20.8,55.47
2023-12-04 14:00:00,4053.0,20.9,55.85999999999999
2023-12-04 14:30:00,3793.6666666666665,20.833333333333332,53.126666666666665
2023-12-04 15:00:00,2281.0,20.633333333333336,44.919999999999995
2023-12-04 15:30:00,2419.0,20.6,45.96
2023-12-04 16:00:00,2318.3333333333335,20.566666666666666,45.57
2023-12-04 16:30:00,2304.0,20.633333333333336,46.35
2023-12-04 17:00:00,2471.0,20.666666666666668,46.88
2023-12-04 17:30:00,1966.0,20.599999999999998,44.403333333333336
2023-12-04 18:00:00,1115.0,20.366666666666667,38.410000000000004
2023-12-04 18:30:00,1005.3333333333334,20.3,36.98
2023-12-04 19:00:00,950.0,20.3,36.589999999999996
2023-12-04 19:30:00,918.6666666666666,20.3,36.33
2023-12-04 20:00:00,852.0,20.3,35.94
2023-12-04 20:30:00,845.3333333333334,20.266666666666666,35.809999999999995
2023-12-04 21:00:00,752.6666666666666,20.2,35.55
2023-12-04 21:30:00,722.3333333333334,20.2,35.55
2023-12-04 22:00:00,688.6666666666666,20.233333333333334,35.16
2023-12-04 22:30:00,686.3333333333334,20.2,35.16
2023-12-04 23:00:00,654.3333333333334,20.2,35.16
2023-12-04 23:30:00,634.6666666666666,20.2,34.9
2023-12-05 00:00:00,614.6666666666666,20.2,34.77
2023-12-05 00:30:00,598.3333333333334,20.2,34.77
2023-12-05 01:00:00,598.0,20.2,34.77
2023-12-05 01:30:00,608.3333333333334,20.2,34.77
2023-12-05 02:00:00,605.0,20.2,34.38
2023-12-05 02:30:00,598.3333333333334,20.2,34.38
2023-12-05 03:00:00,592.6666666666666,20.233333333333334,33.98
2023-12-05 03:30:00,574.0,20.2,33.98
2023-12-05 04:00:00,596.6666666666666,20.266666666666666,33.98
2023-12-05 04:30:00,605.0,20.433333333333334,34.24666666666667
2023-12-05 05:00:00,587.0,20.566666666666666,34.51
2023-12-05 05:30:00,596.0,20.6,34.77
2023-12-05 06:00:00,541.0,20.6,35.03
2023-12-05 06:30:00,582.5,20.6,35.4525
2023-12-05 07:00:00,615.0,20.666666666666668,37.88999999999999
2023-12-05 07:30:00,660.3333333333334,20.633333333333336,40.36333333333334
2023-12-05 08:00:00,724.0,20.525,38.085
2023-12-05 08:30:00,926.0,20.666666666666668,39.06
2023-12-05 09:00:00,1271.0,20.833333333333332,40.49333333333333
2023-12-05 09:30:00,1706.0,20.933333333333334,42.58
2023-12-05 10:00:00,2106.3333333333335,21.166666666666668,45.830000000000005
2023-12-05 10:30:00,2518.3333333333335,21.3,46.61333333333334
2023-12-05 11:00:00,2850.3333333333335,21.366666666666664,48.04999999999999
2023-12-05 11:30:00,2989.6666666666665,21.399999999999995,47.79
2023-12-05 12:00:00,3335.3333333333335,21.5,49.48
2023-12-05 12:30:00,3595.3333333333335,21.600000000000005,51.56
2023-12-05 13:00:00,3908.3333333333335,21.7,53.12
2023-12-05 13:30:00,4043.0,21.7,53.65
2023-12-05 14:00:00,4053.0,21.766666666666666,54.04
2023-12-05 14:30:00,4053.0,21.8,54.56
2023-12-05 15:00:00,3489.0,21.766666666666666,50.129999999999995
2023-12-05 15:30:00,4002.0,21.899999999999995,52.6
2023-12-05 16:00:00,4053.0,21.866666666666664,53.91
2023-12-05 16:30:00,4053.0,21.833333333333332,53.383333333333326
2023-12-05 17:00:00,3998.0,21.8,52.47
2023-12-05 17:30:00,3692.0,21.7,51.04
2023-12-05 18:00:00,2074.3333333333335,21.53333333333333,43.620000000000005
2023-12-05 18:30:00,2152.6666666666665,21.433333333333334,43.35999999999999
2023-12-05 19:00:00,1813.6666666666667,21.233333333333334,40.62
2023-12-05 19:30:00,1621.0,21.066666666666666,39.32
2023-12-05 20:00:00,1689.5,20.9,39.645
2023-12-05 20:30:00,1654.6666666666667,20.766666666666666,40.23
2023-12-05 21:00:00,1558.0,20.633333333333336,43.75
2023-12-05 21:30:00,1546.0,20.533333333333335,44.14000000000001
2023-12-05 22:00:00,1474.6666666666667,20.433333333333334,44.01
2023-12-05 22:30:00,1440.3333333333333,20.366666666666664,43.75
2023-12-05 23:00:00,1388.6666666666667,20.3,43.49
2023-12-05 23:30:00,1346.6666666666667,20.233333333333334,43.23
2023-12-06 00:00:00,1274.3333333333333,20.2,42.97
2023-12-06 00:30:00,1202.6666666666667,20.133333333333336,42.97
2023-12-06 01:00:00,1172.3333333333333,20.1,42.58
2023-12-06 01:30:00,1169.6666666666667,20.1,42.58
2023-12-06 02:00:00,1153.6666666666667,20.1,42.449999999999996
2023-12-06 02:30:00,1126.6666666666667,20.066666666666666,42.19
2023-12-06 03:00:00,1051.6666666666667,20.1,42.059999999999995
2023-12-06 03:30:00,1012.0,20.1,41.8
2023-12-06 04:00:00,1000.3333333333334,20.066666666666666,41.8
2023-12-06 04:30:00,956.6666666666666,20.066666666666666,41.41
2023-12-06 05:00:00,928.0,20.1,41.41
2023-12-06 05:30:00,889.6666666666666,20.033333333333335,41.28
2023-12-06 06:00:00,878.3333333333334,20.0,41.02
2023-12-06 06:30:00,853.0,20.0,40.62
2023-12-06 07:00:00,844.6666666666666,20.0,40.49
2023-12-06 07:30:00,793.0,20.0,40.23
2023-12-06 08:00:00,854.0,20.0,40.62333333333333
2023-12-06 08:30:00,937.6666666666666,20.2,41.8
2023-12-06 09:00:00,1143.0,20.900000000000002,42.19
2023-12-06 09:30:00,1386.0,21.400000000000002,42.58
2023-12-06 10:00:00,1733.0,21.5,44.79
2023-12-06 10:30:00,2035.6666666666667,21.46666666666667,46.35333333333333
2023-12-06 11:00:00,2215.0,21.366666666666664,47.14000000000001
2023-12-06 11:30:00,2276.6666666666665,21.3,47.66
2023-12-06 12:00:00,2589.3333333333335,21.3,48.699999999999996
2023-12-06 12:30:00,1112.3333333333333,20.966666666666665,38.54
2023-12-06 13:00:00,1503.0,21.400000000000002,41.669999999999995
2023-12-06 13:30:00,1764.6666666666667,21.900000000000002,42.32
2023-12-06 14:00:00,1811.3333333333333,22.0,42.19
2023-12-06 14:30:00,1755.0,21.85,42.19
2023-12-06 15:00:00,1679.0,21.666666666666668,42.19
2023-12-06 15:30:00,1608.6666666666667,21.46666666666667,42.32
2023-12-06 16:00:00,1626.0,21.399999999999995,42.71
2023-12-06 16:30:00,1990.0,21.399999999999995,44.660000000000004
2023-12-06 17:00:00,2399.3333333333335,21.5,46.35333333333333
2023-12-06 17:30:00,2453.6666666666665,21.5,46.48333333333333
2023-12-06 18:00:00,2785.6666666666665,21.5,47.53
2023-12-06 18:30:00,2965.3333333333335,21.53333333333333,47.919999999999995
2023-12-06 19:00:00,2825.3333333333335,21.46666666666667,47.01
2023-12-06 19:30:00,2683.0,21.399999999999995,46.61333333333334
2023-12-06 20:00:00,2657.0,21.399999999999995,46.22
2023-12-06 20:30:00,2595.6666666666665,21.399999999999995,45.70000000000001
2023-12-06 21:00:00,2443.0,21.399999999999995,45.44
2023-12-06 21:30:00,2420.6666666666665,21.366666666666664,45.31
2023-12-06 22:00:00,2332.6666666666665,21.366666666666664,44.919999999999995
2023-12-06 22:30:00,2229.0,21.399999999999995,44.53
2023-12-06 23:00:00,2168.3333333333335,21.3,44.53
2023-12-06 23:30:00,2094.6666666666665,21.366666666666664,44.14000000000001
2023-12-07 00:00:00,2017.0,21.366666666666664,44.01
2023-12-07 00:30:00,1961.6666666666667,21.333333333333332,43.75
2023-12-07 01:00:00,1921.6666666666667,21.333333333333332,43.75
2023-12-07 01:30:00,1849.6666666666667,21.3,43.35999999999999
2023-12-07 02:00:00,1753.6666666666667,21.3,43.35999999999999
2023-12-07 02:30:00,1687.0,21.3,42.97
2023-12-07 03:00:00,1710.6666666666667,21.3,42.97
2023-12-07 03:30:00,1583.3333333333333,21.3,42.97
2023-12-07 04:00:00,1592.6666666666667,21.3,42.839999999999996
2023-12-07 04:30:00,1575.0,21.3,42.58
2023-12-07 05:00:00,1490.0,21.333333333333332,42.58
2023-12-07 05:30:00,1476.3333333333333,21.3,42.58
2023-12-07 06:00:00,1422.0,21.3,42.32
2023-12-07 06:30:00,1418.5,21.3,42.19
2023-12-07 07:00:00,1342.0,21.3,42.32
2023-12-07 07:30:00,992.0,21.2,39.580000000000005
2023-12-07 08:00:00,992.0,21.2,40.36333333333334
2023-12-07 08:30:00,1343.6666666666667,21.46666666666667,43.23
2023-12-07 09:00:00,1818.6666666666667,21.53333333333333,45.57
2023-12-07 09:30:00,2567.3333333333335,21.633333333333336,49.35
2023-12-07 10:00:00,3086.0,21.7,51.56
2023-12-07 10:30:00,3748.0,21.733333333333334,53.78
2023-12-07 11:00:00,2708.0,21.666666666666668,48.696666666666665
2023-12-07 11:30:00,2036.6666666666667,21.46666666666667,44.919999999999995
2023-12-07 12:00:00,2731.6666666666665,21.7,47.526666666666664
2023-12-07 12:30:00,2780.6666666666665,21.833333333333332,48.699999999999996
2023-12-07 13:00:00,3104.6666666666665,21.866666666666664,50.52
2023-12-07 13:30:00,3380.3333333333335,21.866666666666664,52.080000000000005
2023-12-07 14:00:00,3743.6666666666665,21.866666666666664,53.91
2023-12-07 14:30:00,4053.0,22.0,54.949999999999996
2023-12-07 15:00:00,4053.0,22.066666666666666,56.77
2023-12-07 15:30:00,2971.3333333333335,21.833333333333332,50.0
2023-12-07 16:00:00,2074.3333333333335,21.833333333333332,47.79
2023-12-07 16:30:00,2071.3333333333335,21.933333333333334,46.48666666666666
2023-12-07 17:00:00,1604.3333333333333,21.899999999999995,44.14000000000001
2023-12-07 17:30:00,1727.0,21.899999999999995,44.4
2023-12-07 18:00:00,1787.6666666666667,21.8,44.79
2023-12-07 18:30:00,1605.0,21.766666666666666,43.49
2023-12-07 19:00:00,943.3333333333334,21.53333333333333,38.54
2023-12-07 19:30:00,868.6666666666666,21.5,37.63
2023-12-07 20:00:00,863.3333333333334,21.433333333333334,37.5
2023-12-07 20:30:00,900.0,21.53333333333333,38.02
2023-12-07 21:00:00,880.6666666666666,21.600000000000005,38.54
2023-12-07 21:30:00,856.0,21.600000000000005,38.93
2023-12-07 22:00:00,862.0,21.600000000000005,39.06
2023-12-07 22:30:00,847.3333333333334,21.600000000000005,39.45
2023-12-07 23:00:00,828.3333333333334,21.600000000000005,39.580000000000005
2023-12-07 23:30:00,835.0,21.600000000000005,39.84
2023-12-08 00:00:00,830.3333333333334,21.600000000000005,39.84
2023-12-08 00:30:00,852.0,21.600000000000005,39.97
2023-12-08 01:00:00,852.3333333333334,21.600000000000005,40.23
2023-12-08 01:30:00,823.0,21.600000000000005,40.23
2023-12-08 02:00:00,801.0,21.600000000000005,40.23
2023-12-08 02:30:00,797.6666666666666,21.600000000000005,40.23
2023-12-08 03:00:00,781.6666666666666,21.53333333333333,40.49
2023-12-08 03:30:00,771.0,21.53333333333333,40.62
2023-12-08 04:00:00,781.6666666666666,21.600000000000005,40.62
2023-12-08 04:30:00,783.5,21.6,40.62
2023-12-08 05:00:00,795.0,21.566666666666666,40.62
2023-12-08 05:30:00,766.0,21.600000000000005,40.62
2023-12-08 06:00:00,720.25,21.55,39.644999999999996
2023-12-08 06:30:00,630.5,21.35,39.845
2023-12-08 07:00:00,661.0,21.400000000000002,41.15
2023-12-08 07:30:00,661.6666666666666,21.566666666666666,40.62
2023-12-08 08:00:00,714.3333333333334,21.600000000000005,40.88333333333333
2023-12-08 08:30:00,1053.3333333333333,21.600000000000005,43.49
2023-12-08 09:00:00,1493.3333333333333,21.7,45.830000000000005
2023-12-08 09:30:00,1817.6666666666667,21.7,47.656666666666666
2023-12-08 10:00:00,2511.0,21.866666666666664,51.300000000000004
2023-12-08 10:30:00,3054.6666666666665,21.96666666666667,53.776666666666664
2023-12-08 11:00:00,2330.0,21.866666666666664,47.52666666666667
2023-12-08 11:30:00,2611.6666666666665,22.3,48.18
2023-12-08 12:00:00,3107.5,22.65,48.83
2023-12-08 12:30:00,3441.0,22.633333333333336,50.0
2023-12-08 13:00:00,3626.6666666666665,22.566666666666666,50.39000000000001
2023-12-08 13:30:00,3587.3333333333335,22.399999999999995,52.080000000000005
2023-12-08 14:00:00,3043.3333333333335,22.2,48.96
2023-12-08 14:30:00,2386.0,22.03333333333333,45.44
2023-12-08 15:00:00,2167.6666666666665,22.0,44.4
2023-12-08 15:30:00,2180.6666666666665,21.933333333333334,44.4
2023-12-08 16:00:00,2412.6666666666665,21.933333333333334,45.57
2023-12-08 16:30:00,2412.0,21.866666666666664,45.96
2023-12-08 17:00:00,2488.3333333333335,21.8,46.48
2023-12-08 17:30:00,2367.3333333333335,21.8,45.830000000000005
2023-12-08 18:00:00,2218.6666666666665,21.766666666666666,45.44
2023-12-08 18:30:00,2141.3333333333335,21.7,45.18000000000001
2023-12-08 19:00:00,2025.0,21.666666666666668,44.919999999999995
2023-12-08 19:30:00,1984.0,21.666666666666668,44.79
2023-12-08 20:00:00,1942.6666666666667,21.666666666666668,44.53
2023-12-08 20:30:00,1861.6666666666667,21.666666666666668,44.53
2023-12-08 21:00:00,1817.6666666666667,21.633333333333336,44.53
2023-12-08 21:30:00,1773.0,21.600000000000005,44.14000000000001
2023-12-08 22:00:00,1729.3333333333333,21.600000000000005,44.14000000000001
2023-12-08 22:30:00,1683.6666666666667,21.600000000000005,44.14000000000001
2023-12-08 23:00:00,1649.3333333333333,21.600000000000005,43.879999999999995
2023-12-08 23:30:00,1629.5,21.6,43.75
2023-12-09 00:00:00,1570.25,21.6,43.75
2023-12-09 00:30:00,1500.6666666666667,21.566666666666666,43.75
2023-12-09 01:00:00,1469.6666666666667,21.566666666666666,43.75
2023-12-09 01:30:00,1449.6666666666667,21.566666666666666,43.620000000000005
2023-12-09 02:00:00,1418.6666666666667,21.53333333333333,43.35999999999999
2023-12-09 02:30:00,1364.0,21.566666666666666,43.35999999999999
2023-12-09 03:00:00,1386.3333333333333,21.53333333333333,43.35999999999999
2023-12-09 03:30:00,1315.0,21.53333333333333,43.35999999999999
2023-12-09 04:00:00,1277.0,21.53333333333333,43.1
2023-12-09 04:30:00,1261.6666666666667,21.5,42.97
2023-12-09 05:00:00,1240.3333333333333,21.53333333333333,42.97
2023-12-09 05:30:00,1221.3333333333333,21.5,42.97
2023-12-09 06:00:00,1161.3333333333333,21.5,42.839999999999996
2023-12-09 06:30:00,1116.0,21.46666666666667,42.58
2023-12-09 07:00:00,1084.0,21.5,42.58
2023-12-09 07:30:00,1069.6666666666667,21.399999999999995,42.449999999999996
2023-12-09 08:00:00,1051.6666666666667,21.433333333333334,42.58
2023-12-09 08:30:00,1083.6666666666667,21.5,42.58
2023-12-09 09:00:00,1180.6666666666667,21.5,43.35999999999999
2023-12-09 09:30:00,1599.0,21.566666666666666,45.96333333333334
2023-12-09 10:00:00,1990.3333333333333,21.633333333333336,47.66
2023-12-09 10:30:00,2309.6666666666665,21.7,48.830000000000005
2023-12-09 11:00:00,2546.6666666666665,21.7,49.22
2023-12-09 11:30:00,2705.3333333333335,21.7,49.22
2023-12-09 12:00:00,2841.6666666666665,21.7,50.26
2023-12-09 12:30:00,2994.3333333333335,21.733333333333334,50.39000000000001
2023-12-09 13:00:00,3056.3333333333335,21.7,50.39000000000001
2023-12-09 13:30:00,3126.0,21.7,50.26
2023-12-09 14:00:00,3137.3333333333335,21.7,50.0
2023-12-09 14:30:00,3113.3333333333335,21.666666666666668,50.0
2023-12-09 15:00:00,3016.6666666666665,21.600000000000005,49.48
2023-12-09 15:30:00,2900.0,21.6,49.025
2023-12-09 16:00:00,2824.3333333333335,21.600000000000005,48.56999999999999
2023-12-09 16:30:00,2704.0,21.566666666666666,48.04999999999999
2023-12-09 17:00:00,2567.6666666666665,21.53333333333333,47.66
2023-12-09 17:30:00,2384.3333333333335,21.5,47.14000000000001
2023-12-09 18:00:00,2277.3333333333335,21.5,46.88
2023-12-09 18:30:00,2206.6666666666665,21.5,46.48
2023-12-09 19:00:00,2098.6666666666665,21.5,46.09
2023-12-09 19:30:00,1967.6666666666667,21.5,46.09
2023-12-09 20:00:00,1948.3333333333333,21.5,45.830000000000005
2023-12-09 20:30:00,1891.0,21.5,45.70000000000001
2023-12-09 21:00:00,1831.3333333333333,21.5,45.70000000000001
2023-12-09 21:30:00,1766.0,21.5,45.31
2023-12-09 22:00:00,1753.3333333333333,21.5,45.31
2023-12-09 22:30:00,1682.25,21.5,45.31
2023-12-09 23:00:00,1639.6666666666667,21.5,45.31
2023-12-09 23:30:00,1524.5,21.5,44.92
2023-12-10 00:00:00,1523.3333333333333,21.5,44.919999999999995
2023-12-10 00:30:00,1545.0,21.5,44.919999999999995
2023-12-10 01:00:00,1472.3333333333333,21.5,44.79
2023-12-10 01:30:00,1418.0,21.5,44.53
2023-12-10 02:00:00,1377.3333333333333,21.5,44.53
2023-12-10 02:30:00,1338.3333333333333,21.5,44.4
2023-12-10 03:00:00,1309.3333333333333,21.5,44.4
2023-12-10 03:30:00,1254.3333333333333,21.5,44.27
2023-12-10 04:00:00,1215.3333333333333,21.5,44.14000000000001
2023-12-10 04:30:00,1160.6666666666667,21.5,44.14000000000001
2023-12-10 05:00:00,1188.3333333333333,21.5,44.01
2023-12-10 05:30:00,1158.3333333333333,21.5,44.14000000000001
2023-12-10 06:00:00,1137.3333333333333,21.5,43.879999999999995
2023-12-10 06:30:00,1106.3333333333333,21.5,43.75
2023-12-10 07:00:00,1060.6666666666667,21.5,43.75
2023-12-10 07:30:00,1009.6666666666666,21.5,43.620000000000005
2023-12-10 08:00:00,942.5,21.5,43.36
2023-12-10 08:30:00,944.6666666666666,21.5,43.35999999999999
2023-12-10 09:00:00,797.3333333333334,21.433333333333334,42.19
2023-12-10 09:30:00,659.6666666666666,21.3,40.49
2023-12-10 10:00:00,724.6666666666666,21.5,40.35999999999999
2023-12-10 10:30:00,772.3333333333334,21.733333333333334,40.36333333333334
2023-12-10 11:00:00,785.3333333333334,21.96666666666667,39.97
2023-12-10 11:30:00,861.3333333333334,22.2,39.32
2023-12-10 12:00:00,1011.6666666666666,22.233333333333334,39.580000000000005
2023-12-10 12:30:00,1119.6666666666667,22.166666666666668,41.276666666666664
2023-12-10 13:00:00,1098.3333333333333,22.03333333333333,41.406666666666666
2023-12-10 13:30:00,1107.3333333333333,21.933333333333334,40.88666666666666
2023-12-10 14:00:00,1083.3333333333333,21.899999999999995,41.15
2023-12-10 14:30:00,1081.0,21.899999999999995,42.19
2023-12-10 15:00:00,925.5,21.8,39.9375
2023-12-10 15:30:00,791.6666666666666,21.7,39.06
2023-12-10 16:00:00,705.6666666666666,21.7,38.410000000000004
2023-12-10 16:30:00,651.3333333333334,21.866666666666664,38.28
2023-12-10 17:00:00,637.6666666666666,22.03333333333333,37.37
2023-12-10 17:30:00,627.6666666666666,22.2,36.98
2023-12-10 18:00:00,573.6666666666666,22.399999999999995,36.199999999999996
2023-12-10 18:30:00,602.0,22.53333333333333,36.46
2023-12-10 19:00:00,606.3333333333334,22.600000000000005,35.94
2023-12-10 19:30:00,575.6666666666666,22.633333333333336,35.94
2023-12-10 20:00:00,592.3333333333334,22.7,36.07
2023-12-10 20:30:00,594.0,22.666666666666668,35.94
2023-12-10 21:00:00,559.6666666666666,22.600000000000005,35.94
2023-12-10 21:30:00,535.0,22.600000000000005,35.94
2023-12-10 22:00:00,542.0,22.600000000000005,35.94
2023-12-10 22:30:00,520.3333333333334,22.633333333333336,35.68
2023-12-10 23:00:00,537.0,22.7,35.94
2023-12-10 23:30:00,518.6666666666666,22.733333333333334,35.55
2023-12-11 00:00:00,518.3333333333334,22.8,35.55
2023-12-11 00:30:00,479.6666666666667,22.8,35.55
2023-12-11 01:00:00,500.0,22.833333333333332,35.55
2023-12-11 01:30:00,471.0,22.866666666666664,35.55
2023-12-11 02:00:00,460.0,22.899999999999995,35.55
2023-12-11 02:30:00,467.0,22.899999999999995,35.419999999999995
2023-12-11 03:00:00,457.0,23.0,35.419999999999995
2023-12-11 03:30:00,471.6666666666667,23.0,35.55
2023-12-11 04:00:00,453.6666666666667,23.0,35.419999999999995
2023-12-11 04:30:00,453.6666666666667,23.0,35.29
2023-12-11 05:00:00,483.3333333333333,23.0,35.16
2023-12-11 05:30:00,471.6666666666667,22.96666666666667,35.55
2023-12-11 06:00:00,468.3333333333333,22.96666666666667,35.29
2023-12-11 06:30:00,482.3333333333333,22.899999999999995,35.16
2023-12-11 07:00:00,525.3333333333334,22.899999999999995,38.67333333333334
2023-12-11 07:30:00,567.6666666666666,23.03333333333333,38.54
2023-12-11 08:00:00,591.3333333333334,23.066666666666666,39.32
2023-12-11 08:30:00,684.6666666666666,22.866666666666664,39.580000000000005
2023-12-11 09:00:00,830.25,22.675,40.6225
2023-12-11 09:30:00,1218.3333333333333,22.600000000000005,42.97
2023-12-11 10:00:00,1728.0,22.600000000000005,45.050000000000004
2023-12-11 10:30:00,2248.0,22.600000000000005,47.27
2023-12-11 11:00:00,2717.0,22.600000000000005,48.44
2023-12-11 11:30:00,3025.0,22.566666666666666,49.35
2023-12-11 12:00:00,3314.3333333333335,22.5,50.910000000000004
2023-12-11 12:30:00,3866.3333333333335,22.566666666666666,54.03666666666666
2023-12-11 13:00:00,4006.0,22.666666666666668,55.47
2023-12-11 13:30:00,4006.0,22.7,56.445
2023-12-11 14:00:00,2607.3333333333335,22.433333333333334,49.74
2023-12-11 14:30:00,1164.3333333333333,22.400000000000002,41.53666666666666
2023-12-11 15:00:00,1028.6666666666667,22.7,38.800000000000004
2023-12-11 15:30:00,915.3333333333334,23.0,36.85
2023-12-11 16:00:00,941.0,23.266666666666666,36.199999999999996
2023-12-11 16:30:00,1580.0,23.7,38.67
2023-12-11 17:00:00,2388.3333333333335,23.96666666666667,42.056666666666665
2023-12-11 17:30:00,3113.3333333333335,23.866666666666664,44.53
2023-12-11 18:00:00,3668.6666666666665,23.666666666666668,47.4
2023-12-11 18:30:00,3888.6666666666665,23.400000000000002,48.44
2023-12-11 19:00:00,2841.3333333333335,23.099999999999998,45.31333333333333
2023-12-11 19:30:00,1647.0,22.866666666666664,40.88666666666666
2023-12-11 20:00:00,1421.6666666666667,22.599999999999998,39.84
2023-12-11 20:30:00,1257.0,22.433333333333334,39.190000000000005
2023-12-11 21:00:00,1100.6666666666667,22.266666666666666,38.800000000000004
2023-12-11 21:30:00,998.0,22.133333333333336,38.410000000000004
2023-12-11 22:00:00,942.0,22.100000000000005,38.15
2023-12-11 22:30:00,878.0,22.03333333333333,37.89
2023-12-11 23:00:00,765.0,22.0,37.76
2023-12-11 23:30:00,749.0,21.899999999999995,37.5
2023-12-12 00:00:00,708.6666666666666,21.866666666666664,37.24
2023-12-12 00:30:00,693.6666666666666,21.8,37.11
2023-12-12 01:00:00,630.6666666666666,21.8,36.85
2023-12-12 01:30:00,619.3333333333334,21.766666666666666,36.72
2023-12-12 02:00:00,587.6666666666666,21.7,36.589999999999996
2023-12-12 02:30:00,587.3333333333334,21.7,36.33
2023-12-12 03:00:00,554.3333333333334,21.7,36.33
2023-12-12 03:30:00,539.6666666666666,21.7,36.199999999999996
2023-12-12 04:00:00,528.0,21.666666666666668,35.94
2023-12-12 04:30:00,520.6666666666666,21.633333333333336,35.94
2023-12-12 05:00:00,517.6666666666666,21.600000000000005,35.809999999999995
2023-12-12 05:30:00,524.0,21.600000000000005,35.55
2023-12-12 06:00:00,525.6666666666666,21.600000000000005,35.29
2023-12-12 06:30:00,506.3333333333333,21.600000000000005,34.77
2023-12-12 07:00:00,522.6666666666666,21.600000000000005,37.370000000000005
2023-12-12 07:30:00,589.6666666666666,21.7,38.93
2023-12-12 08:00:00,863.3333333333334,21.7,40.88333333333333
2023-12-12 08:30:00,1345.6666666666667,21.833333333333332,44.01
2023-12-12 09:00:00,2044.6666666666667,21.96666666666667,46.873333333333335
2023-12-12 09:30:00,3085.6666666666665,22.166666666666668,50.910000000000004
2023-12-12 10:00:00,3504.6666666666665,22.400000000000002,52.73333333333333
2023-12-12 10:30:00,2286.0,20.233333333333334,47.656666666666666
2023-12-12 11:00:00,2398.0,21.266666666666666,49.22
2023-12-12 11:30:00,2938.0,22.133333333333336,49.09
2023-12-12 12:00:00,2169.6666666666665,22.2,45.44
2023-12-12 12:30:00,2271.6666666666665,22.233333333333334,44.4
2023-12-12 13:00:00,2189.0,22.2,43.879999999999995
2023-12-12 13:30:00,1849.6666666666667,22.133333333333336,41.92666666666667
2023-12-12 14:00:00,1334.0,22.03333333333333,38.28
2023-12-12 14:30:00,1511.5,22.1,38.475
2023-12-12 15:00:00,2355.0,22.266666666666666,44.53
2023-12-12 15:30:00,3453.3333333333335,22.433333333333334,48.699999999999996
2023-12-12 16:00:00,3484.3333333333335,22.400000000000002,49.22
2023-12-12 16:30:00,2647.3333333333335,22.2,45.31
2023-12-12 17:00:00,1820.25,21.924999999999997,40.92
2023-12-12 17:30:00,1928.3333333333333,21.866666666666664,41.41
2023-12-12 18:00:00,2016.3333333333333,21.833333333333332,42.19
2023-12-12 18:30:00,2006.0,21.733333333333334,42.32
2023-12-12 19:00:00,2014.25,21.7,42.58
2023-12-12 19:30:00,2000.3333333333333,21.7,42.58
2023-12-12 20:00:00,2031.6666666666667,21.633333333333336,42.839999999999996
2023-12-12 20:30:00,2028.3333333333333,21.600000000000005,42.97
2023-12-12 21:00:00,2046.3333333333333,21.566666666666666,42.97
2023-12-12 21:30:00,1920.6666666666667,21.5,42.97
2023-12-12 22:00:00,1947.0,21.433333333333334,42.97
2023-12-12 22:30:00,1870.0,21.399999999999995,42.97
2023-12-12 23:00:00,1801.3333333333333,21.366666666666664,42.839999999999996
2023-12-12 23:30:00,1780.0,21.3,42.58
2023-12-13 00:00:00,1698.3333333333333,21.3,42.58
2023-12-13 00:30:00,1637.0,21.266666666666666,42.58
2023-12-13 01:00:00,1626.0,21.233333333333334,42.58
2023-12-13 01:30:00,1512.6666666666667,21.2,42.449999999999996
2023-12-13 02:00:00,1512.3333333333333,21.2,42.19
2023-12-13 02:30:00,1489.6666666666667,21.1,42.19
2023-12-13 03:00:00,1406.0,21.133333333333336,42.19
2023-12-13 03:30:00,1409.0,21.1,42.19
2023-12-13 04:00:00,1363.6666666666667,21.1,42.19
2023-12-13 04:30:00,1366.3333333333333,21.1,41.8
2023-12-13 05:00:00,1291.6666666666667,21.033333333333335,41.8
2023-12-13 05:30:00,1292.3333333333333,21.0,41.8
2023-12-13 06:00:00,1236.6666666666667,21.0,41.41
2023-12-13 06:30:00,1162.6666666666667,20.9,41.15
2023-12-13 07:00:00,1170.0,20.9,40.82
2023-12-13 07:30:00,936.6666666666666,20.933333333333334,40.49333333333333
2023-12-13 08:00:00,978.0,21.0,40.49333333333333
2023-12-13 08:30:00,1193.0,21.099999999999998,42.19
2023-12-13 09:00:00,1464.0,21.366666666666664,43.49
2023-12-13 09:30:00,2039.0,21.399999999999995,45.833333333333336
2023-12-13 10:00:00,3029.3333333333335,21.399999999999995,50.0
2023-12-13 10:30:00,3878.6666666666665,21.5,54.556666666666665
2023-12-13 11:00:00,4006.0,21.53333333333333,56.51
2023-12-13 11:30:00,3590.0,21.53333333333333,53.51666666666667
2023-12-13 12:00:00,2085.6666666666665,21.366666666666664,44.27
2023-12-13 12:30:00,1894.3333333333333,21.333333333333332,42.059999999999995
2023-12-13 13:00:00,1767.6666666666667,21.233333333333334,40.49333333333333
2023-12-13 13:30:00,1986.0,21.233333333333334,41.406666666666666
2023-12-13 14:00:00,1934.3333333333333,21.3,40.62
2023-12-13 14:30:00,1880.0,21.266666666666666,40.49
2023-12-13 15:00:00,1734.0,21.399999999999995,40.233333333333334
2023-12-13 15:30:00,1769.6666666666667,21.333333333333332,39.973333333333336
2023-12-13 16:00:00,2759.6666666666665,21.433333333333334,44.919999999999995
2023-12-13 16:30:00,3576.0,21.399999999999995,48.18
2023-12-13 17:00:00,3800.6666666666665,21.333333333333332,48.830000000000005
2023-12-13 17:30:00,3943.0,21.3,49.48
2023-12-13 18:00:00,4006.0,21.233333333333334,50.65
2023-12-13 18:30:00,4006.0,21.233333333333334,51.56
2023-12-13 19:00:00,4006.0,21.266666666666666,51.82
2023-12-13 19:30:00,4006.0,21.2,52.080000000000005
2023-12-13 20:00:00,4006.0,21.133333333333336,51.43000000000001
2023-12-13 20:30:00,4006.0,21.033333333333335,50.65
2023-12-13 21:00:00,4006.0,21.0,50.0
2023-12-13 21:30:00,4006.0,20.966666666666665,49.22
2023-12-13 22:00:00,4001.3333333333335,20.9,48.699999999999996
2023-12-13 22:30:00,3920.6666666666665,20.9,48.18
2023-12-13 23:00:00,3797.0,20.9,47.66
2023-12-13 23:30:00,3637.5,20.9,47.27
2023-12-14 00:00:00,3572.3333333333335,20.866666666666664,47.14000000000001
2023-12-14 00:30:00,3535.6666666666665,20.833333333333332,46.74666666666667
2023-12-14 01:00:00,3371.6666666666665,20.8,46.48
2023-12-14 01:30:00,3286.6666666666665,20.8,46.09
2023-12-14 02:00:00,3144.6666666666665,20.8,45.70000000000001
2023-12-14 02:30:00,3046.3333333333335,20.8,45.44
2023-12-14 03:00:00,2955.0,20.8,45.31
2023-12-14 03:30:00,2889.6666666666665,20.8,44.919999999999995
2023-12-14 04:00:00,2786.0,20.766666666666666,44.79
2023-12-14 04:30:00,2729.3333333333335,20.7,44.53
2023-12-14 05:00:00,2634.3333333333335,20.733333333333334,44.4
2023-12-14 05:30:00,2533.3333333333335,20.766666666666666,44.14000000000001
2023-12-14 06:00:00,2448.5,20.8,43.75
2023-12-14 06:30:00,1607.3333333333333,20.766666666666666,41.53333333333333
2023-12-14 07:00:00,1288.3333333333333,20.633333333333336,43.75
2023-12-14 07:30:00,1397.0,20.96666666666667,44.01
2023-12-14 08:00:00,1374.3333333333333,21.2,44.27
2023-12-14 08:30:00,1540.3333333333333,21.133333333333336,45.050000000000004
2023-12-14 09:00:00,1732.3333333333333,21.1,45.830000000000005
2023-12-14 09:30:00,2243.0,21.133333333333336,48.18
2023-12-14 10:00:00,2836.0,21.2,50.65
2023-12-14 10:30:00,3512.6666666666665,21.333333333333332,54.300000000000004
2023-12-14 11:00:00,4006.0,21.46666666666667,56.77
2023-12-14 11:30:00,3958.0,21.5,56.379999999999995
2023-12-14 12:00:00,4006.0,21.633333333333336,61.06999999999999
2023-12-14 12:30:00,4006.0,21.766666666666666,63.28
2023-12-14 13:00:00,3878.6666666666665,21.766666666666666,59.89333333333334
2023-12-14 13:30:00,2769.6666666666665,21.53333333333333,49.60999999999999
2023-12-14 14:00:00,3798.3333333333335,21.766666666666666,55.46666666666667
2023-12-14 14:30:00,4006.0,21.96666666666667,60.54666666666666
2023-12-14 15:00:00,3144.0,21.099999999999998,54.166666666666664
2023-12-14 15:30:00,1368.3333333333333,17.166666666666668,46.873333333333335
2023-12-14 16:00:00,1490.3333333333333,20.233333333333334,42.19
2023-12-14 16:30:00,1316.0,21.633333333333336,38.15
2023-12-14 17:00:00,1335.5,22.0,37.11
2023-12-14 17:30:00,1839.3333333333333,22.100000000000005,39.97
2023-12-14 18:00:00,2046.3333333333333,21.900000000000002,41.669999999999995
2023-12-14 18:30:00,2527.0,21.8,44.79
2023-12-14 19:00:00,2928.0,21.933333333333334,47.53
2023-12-14 19:30:00,2622.3333333333335,21.899999999999995,45.443333333333335
2023-12-14 20:00:00,2353.6666666666665,21.8,44.27
2023-12-14 20:30:00,2281.6666666666665,21.8,43.48666666666667
2023-12-14 21:00:00,702.3333333333334,21.133333333333336,34.63333333333333
2023-12-14 21:30:00,1214.6666666666667,21.666666666666668,38.54
2023-12-14 22:00:00,1594.6666666666667,22.2,39.71
2023-12-14 22:30:00,1654.0,22.233333333333334,40.23
2023-12-14 23:00:00,1746.3333333333333,22.0,41.15
2023-12-14 23:30:00,1763.6666666666667,21.8,41.8
2023-12-15 00:00:00,1701.6666666666667,21.566666666666666,41.8
2023-12-15 00:30:00,1669.3333333333333,21.5,42.19
2023-12-15 01:00:00,1546.6666666666667,21.399999999999995,42.19
2023-12-15 01:30:00,1509.0,21.399999999999995,41.93
2023-12-15 02:00:00,1475.0,21.399999999999995,41.8
2023-12-15 02:30:00,1439.6666666666667,21.399999999999995,41.93
2023-12-15 03:00:00,1377.0,21.399999999999995,41.8
2023-12-15 03:30:00,1325.3333333333333,21.399999999999995,41.8
2023-12-15 04:00:00,1291.3333333333333,21.399999999999995,41.54
2023-12-15 04:30:00,1257.6666666666667,21.333333333333332,41.669999999999995
2023-12-15 05:00:00,1253.0,21.399999999999995,41.8
2023-12-15 05:30:00,1219.3333333333333,21.399999999999995,41.8
2023-12-15 06:00:00,1185.6666666666667,21.399999999999995,41.8
2023-12-15 06:30:00,926.75,21.4,39.94
2023-12-15 07:00:00,916.6666666666666,21.399999999999995,40.23
2023-12-15 07:30:00,882.6666666666666,21.53333333333333,40.23
2023-12-15 08:00:00,926.0,21.600000000000005,40.23
2023-12-15 08:30:00,875.0,21.5,40.62
2023-12-15 09:00:00,803.6666666666666,21.5,41.800000000000004
2023-12-15 09:30:00,793.0,21.566666666666666,42.059999999999995
2023-12-15 10:00:00,788.3333333333334,21.900000000000002,41.54
2023-12-15 10:30:00,823.0,22.099999999999998,41.15
2023-12-15 11:00:00,768.6666666666666,22.366666666666664,40.62
2023-12-15 11:30:00,742.0,22.53333333333333,40.23
2023-12-15 12:00:00,741.3333333333334,22.600000000000005,40.23
2023-12-15 12:30:00,744.0,22.633333333333336,40.1
2023-12-15 13:00:00,727.6666666666666,22.7,39.84
2023-12-15 13:30:00,716.6666666666666,22.7,39.84
2023-12-15 14:00:00,737.3333333333334,22.766666666666666,39.84
2023-12-15 14:30:00,710.6666666666666,22.8,39.84
2023-12-15 15:00:00,719.0,22.8,39.84
2023-12-15 15:30:00,697.0,22.899999999999995,39.71
2023-12-15 16:00:00,726.5,22.9,39.645
2023-12-15 16:30:00,690.6666666666666,22.933333333333334,39.580000000000005
2023-12-15 17:00:00,742.0,22.95,39.45
2023-12-15 17:30:00,661.0,23.0,39.45
2023-12-15 18:00:00,665.3333333333334,23.0,39.45
2023-12-15 18:30:00,677.0,23.0,39.45
2023-12-15 19:00:00,711.0,23.0,39.45
2023-12-15 19:30:00,668.3333333333334,23.066666666666666,39.580000000000005
2023-12-15 20:00:00,679.6666666666666,23.100000000000005,39.580000000000005
2023-12-15 20:30:00,683.6666666666666,23.066666666666666,39.45
2023-12-15 21:00:00,684.6666666666666,22.96666666666667,39.71
2023-12-15 21:30:00,679.0,22.733333333333334,40.1
2023-12-15 22:00:00,666.0,22.599999999999998,40.35999999999999
2023-12-15 22:30:00,673.0,22.46666666666667,40.62
2023-12-15 23:00:00,669.3333333333334,22.399999999999995,40.75333333333333
2023-12-15 23:30:00,669.0,22.399999999999995,41.02
2023-12-16 00:00:00,665.75,22.375,41.02
2023-12-16 00:30:00,660.3333333333334,22.333333333333332,41.02
2023-12-16 01:00:00,700.0,22.3,41.02
2023-12-16 01:30:00,694.0,22.3,41.02
2023-12-16 02:00:00,675.0,22.3,41.15
2023-12-16 02:30:00,665.0,22.3,41.41
2023-12-16 03:00:00,699.3333333333334,22.233333333333334,41.41
2023-12-16 03:30:00,657.0,22.3,41.41
2023-12-16 04:00:00,687.3333333333334,22.3,41.41
2023-12-16 04:30:00,678.6666666666666,22.3,41.41
2023-12-16 05:00:00,666.0,22.3,41.41
2023-12-16 05:30:00,696.6666666666666,22.233333333333334,41.41
2023-12-16 06:00:00,681.6666666666666,22.233333333333334,41.41
2023-12-16 06:30:00,640.6666666666666,22.2,41.41
2023-12-16 07:00:00,692.0,22.2,41.41
2023-12-16 07:30:00,706.6666666666666,22.2,41.41
2023-12-16 08:00:00,689.3333333333334,22.2,41.41
2023-12-16 08:30:00,652.6666666666666,22.2,41.41
2023-12-16 09:00:00,660.3333333333334,22.2,41.54
2023-12-16 09:30:00,671.3333333333334,22.2,41.8
2023-12-16 10:00:00,668.6666666666666,22.233333333333334,41.8
2023-12-16 10:30:00,650.6666666666666,22.3,41.8
2023-12-16 11:00:00,629.3333333333334,22.3,41.8
2023-12-16 11:30:00,654.0,22.3,41.93
2023-12-16 12:00:00,675.6666666666666,22.3,42.839999999999996
2023-12-16 12:30:00,764.6666666666666,22.46666666666667,44.27
2023-12-16 13:00:00,804.3333333333334,22.566666666666666,44.27
2023-12-16 13:30:00,1283.6666666666667,22.5,47.00666666666667
2023-12-16 14:00:00,1798.3333333333333,22.566666666666666,49.48
2023-12-16 14:30:00,1655.3333333333333,22.600000000000005,48.96
2023-12-16 15:00:00,1623.0,22.766666666666666,48.699999999999996
2023-12-16 15:30:00,2346.0,22.8,50.78
2023-12-16 16:00:00,3171.3333333333335,22.8,53.25666666666667
2023-12-16 16:30:00,3194.6666666666665,22.7,53.51666666666667
2023-12-16 17:00:00,3128.6666666666665,22.633333333333336,52.85999999999999
2023-12-16 17:30:00,3058.6666666666665,22.53333333333333,52.6
2023-12-16 18:00:00,2457.3333333333335,22.53333333333333,50.129999999999995
2023-12-16 18:30:00,2513.6666666666665,22.600000000000005,50.129999999999995
2023-12-16 19:00:00,2449.25,22.6,50.0
2023-12-16 19:30:00,2429.3333333333335,22.53333333333333,49.60999999999999
2023-12-16 20:00:00,2372.0,22.5,49.60999999999999
2023-12-16 20:30:00,2415.6666666666665,22.46666666666667,49.22
2023-12-16 21:00:00,2405.0,22.5,49.22
2023-12-16 21:30:00,2268.6666666666665,22.5,48.830000000000005
2023-12-16 22:00:00,2277.5,22.5,48.83
2023-12-16 22:30:00,2290.0,22.5,48.56999999999999
2023-12-16 23:00:00,2238.0,22.600000000000005,48.31
2023-12-16 23:30:00,2186.0,22.725,47.75749999999999
2023-12-17 00:00:00,2144.6666666666665,22.899999999999995,47.53
2023-12-17 00:30:00,2110.75,23.075000000000003,46.977500000000006
2023-12-17 01:00:00,2102.6666666666665,23.233333333333334,46.35
2023-12-17 01:30:00,2046.3333333333333,23.366666666666664,46.09
2023-12-17 02:00:00,2021.0,23.399999999999995,45.830000000000005
2023-12-17 02:30:00,2035.6666666666667,23.46666666666667,45.57
2023-12-17 03:00:00,2066.3333333333335,23.5,45.44
2023-12-17 03:30:00,1997.3333333333333,23.566666666666666,45.31
2023-12-17 04:00:00,1931.0,23.600000000000005,45.18000000000001
2023-12-17 04:30:00,1897.0,23.600000000000005,44.919999999999995
2023-12-17 05:00:00,1926.0,23.600000000000005,44.919999999999995
2023-12-17 05:30:00,1879.0,23.600000000000005,44.919999999999995
2023-12-17 06:00:00,1806.3333333333333,23.600000000000005,44.919999999999995
2023-12-17 06:30:00,1766.3333333333333,23.600000000000005,44.919999999999995
2023-12-17 07:00:00,1751.6666666666667,23.600000000000005,44.79
2023-12-17 07:30:00,1717.3333333333333,23.53333333333333,44.53
2023-12-17 08:00:00,1696.3333333333333,23.5,44.53
2023-12-17 08:30:00,1662.0,23.5,44.53
2023-12-17 09:00:00,1662.6666666666667,23.366666666666664,45.31
2023-12-17 09:30:00,1820.3333333333333,23.5,46.48
2023-12-17 10:00:00,2041.3333333333333,23.600000000000005,47.4
2023-12-17 10:30:00,2177.3333333333335,23.566666666666666,48.18
2023-12-17 11:00:00,2588.0,23.375,50.292500000000004
2023-12-17 11:30:00,2608.3333333333335,23.266666666666666,51.04
2023-12-17 12:00:00,2723.3333333333335,23.133333333333336,51.300000000000004
2023-12-17 12:30:00,2694.0,23.03333333333333,51.169999999999995
2023-12-17 13:00:00,2757.3333333333335,22.933333333333334,51.169999999999995
2023-12-17 13:30:00,2707.5,22.9,51.17
2023-12-17 14:00:00,2777.0,22.899999999999995,51.169999999999995
2023-12-17 14:30:00,2779.0,22.833333333333332,51.169999999999995
2023-12-17 15:00:00,2842.6666666666665,22.8,50.910000000000004
2023-12-17 15:30:00,2703.6666666666665,22.833333333333332,51.56
2023-12-17 16:00:00,2733.0,22.8,51.169999999999995
2023-12-17 16:30:00,2694.3333333333335,22.8,51.169999999999995
2023-12-17 17:00:00,2648.6666666666665,22.7,51.04
2023-12-17 17:30:00,2567.0,22.666666666666668,50.78
2023-12-17 18:00:00,2564.6666666666665,22.600000000000005,50.39000000000001
2023-12-17 18:30:00,2443.0,22.600000000000005,50.129999999999995
2023-12-17 19:00:00,2392.6666666666665,22.53333333333333,50.129999999999995
2023-12-17 19:30:00,2439.75,22.5,50.0
2023-12-17 20:00:00,2413.0,22.53333333333333,50.0
2023-12-17 20:30:00,2360.0,22.5,49.74
2023-12-17 21:00:00,2342.3333333333335,22.53333333333333,49.60999999999999
2023-12-17 21:30:00,2326.6666666666665,22.5,49.48
2023-12-17 22:00:00,2281.3333333333335,22.53333333333333,49.22
2023-12-17 22:30:00,2247.6666666666665,22.5,49.22
2023-12-17 23:00:00,2195.0,22.5,49.22
2023-12-17 23:30:00,2119.6666666666665,22.5,49.22
2023-12-18 00:00:00,2107.6666666666665,22.5,48.830000000000005
2023-12-18 00:30:00,2129.3333333333335,22.5,48.830000000000005
2023-12-18 01:00:00,2082.0,22.46666666666667,48.830000000000005
2023-12-18 01:30:00,2072.6666666666665,22.433333333333334,48.830000000000005
2023-12-18 02:00:00,2074.3333333333335,22.5,48.699999999999996
2023-12-18 02:30:00,2067.0,22.46666666666667,48.44
2023-12-18 03:00:00,2015.0,22.433333333333334,48.44
2023-12-18 03:30:00,1959.3333333333333,22.399999999999995,48.44
2023-12-18 04:00:00,1980.6666666666667,22.46666666666667,48.44
2023-12-18 04:30:00,1949.6666666666667,22.399999999999995,48.44
2023-12-18 05:00:00,1941.0,22.399999999999995,48.44
2023-12-18 05:30:00,1933.0,22.433333333333334,48.44
2023-12-18 06:00:00,1876.6666666666667,22.399999999999995,48.04999999999999
2023-12-18 06:30:00,1773.3333333333333,22.399999999999995,48.31
2023-12-18 07:00:00,1580.6666666666667,22.399999999999995,50.78
2023-12-18 07:30:00,1570.3333333333333,22.399999999999995,50.26
2023-12-18 08:00:00,1598.6666666666667,22.399999999999995,50.0
2023-12-18 08:30:00,1630.3333333333333,22.433333333333334,50.0
2023-12-18 09:00:00,1623.6666666666667,22.46666666666667,50.0
2023-12-18 09:30:00,1620.6666666666667,22.5,50.26
2023-12-18 10:00:00,1690.0,22.5,50.26
2023-12-18 10:30:00,1757.3333333333333,22.5,50.39000000000001
2023-12-18 11:00:00,1828.0,22.5,51.04
2023-12-18 11:30:00,2103.6666666666665,22.53333333333333,51.69
2023-12-18 12:00:00,2084.5,22.6,51.365
2023-12-18 12:30:00,1550.3333333333333,22.5,49.60999999999999
2023-12-18 13:00:00,1358.3333333333333,22.5,48.96
2023-12-18 13:30:00,1170.0,22.5,48.44
2023-12-18 14:00:00,1086.3333333333333,22.433333333333334,48.04999999999999
2023-12-18 14:30:00,994.3333333333334,22.433333333333334,48.04999999999999
2023-12-18 15:00:00,935.0,22.399999999999995,47.66
2023-12-18 15:30:00,884.3333333333334,22.399999999999995,47.53
2023-12-18 16:00:00,801.6666666666666,22.399999999999995,47.27
2023-12-18 16:30:00,807.0,22.399999999999995,46.88
2023-12-18 17:00:00,769.3333333333334,22.399999999999995,46.88
2023-12-18 17:30:00,778.0,22.399999999999995,46.61333333333334
2023-12-18 18:00:00,754.75,22.4,46.48
2023-12-18 18:30:00,729.0,22.399999999999995,46.35
2023-12-18 19:00:00,718.3333333333334,22.366666666666664,46.09
2023-12-18 19:30:00,747.6666666666666,22.399999999999995,46.09
2023-12-18 20:00:00,755.6666666666666,22.399999999999995,46.09
2023-12-18 20:30:00,706.0,22.399999999999995,46.09
2023-12-18 21:00:00,673.6666666666666,22.399999999999995,46.09
2023-12-18 21:30:00,677.0,22.399999999999995,46.09
2023-12-18 22:00:00,657.0,22.399999999999995,46.09
2023-12-18 22:30:00,640.0,22.46666666666667,46.09
2023-12-18 23:00:00,674.75,22.45,45.7
2023-12-18 23:30:00,617.6666666666666,22.46666666666667,45.70000000000001
2023-12-19 00:00:00,613.3333333333334,22.5,45.70000000000001
2023-12-19 00:30:00,589.0,22.399999999999995,45.70000000000001
2023-12-19 01:00:00,619.3333333333334,22.46666666666667,45.70000000000001
2023-12-19 01:30:00,598.3333333333334,22.46666666666667,45.70000000000001
2023-12-19 02:00:00,595.6666666666666,22.5,45.70000000000001
2023-12-19 02:30:00,577.3333333333334,22.5,45.70000000000001
2023-12-19 03:00:00,546.6666666666666,22.5,45.70000000000001
2023-12-19 03:30:00,563.3333333333334,22.5,45.70000000000001
2023-12-19 04:00:00,567.0,22.5,45.70000000000001
2023-12-19 04:30:00,549.3333333333334,22.5,45.830000000000005
2023-12-19 05:00:00,543.6666666666666,22.5,46.09
2023-12-19 05:30:00,567.3333333333334,22.566666666666666,45.96
2023-12-19 06:00:00,552.0,22.566666666666666,45.830000000000005
2023-12-19 06:30:00,576.0,22.53333333333333,45.96
2023-12-19 07:00:00,598.3333333333334,22.5,46.09
2023-12-19 07:30:00,533.3333333333334,22.46666666666667,46.09
2023-12-19 08:00:00,576.3333333333334,22.46666666666667,45.96
2023-12-19 08:30:00,581.6666666666666,22.399999999999995,45.57
2023-12-19 09:00:00,681.3333333333334,22.46666666666667,46.61333333333334
2023-12-19 09:30:00,782.3333333333334,22.53333333333333,47.79
2023-12-19 10:00:00,884.6666666666666,22.600000000000005,47.79
2023-12-19 10:30:00,864.0,22.566666666666666,47.66
2023-12-19 11:00:00,884.3333333333334,22.5,47.53
2023-12-19 11:30:00,856.3333333333334,22.46666666666667,47.27
2023-12-19 12:00:00,836.6666666666666,22.433333333333334,47.27
2023-12-19 12:30:00,829.0,22.399999999999995,47.27
2023-12-19 13:00:00,823.3333333333334,22.399999999999995,47.14000000000001
2023-12-19 13:30:00,781.6666666666666,22.399999999999995,46.88
2023-12-19 14:00:00,771.25,22.4,46.88
2023-12-19 14:30:00,766.3333333333334,22.399999999999995,46.74666666666667
2023-12-19 15:00:00,784.0,22.399999999999995,46.48
2023-12-19 15:30:00,770.6666666666666,22.399999999999995,46.48
2023-12-19 16:00:00,754.3333333333334,22.399999999999995,46.48
2023-12-19 16:30:00,780.3333333333334,22.399999999999995,46.35
2023-12-19 17:00:00,791.0,22.366666666666664,46.22
2023-12-19 17:30:00,772.3333333333334,22.366666666666664,46.09
2023-12-19 18:00:00,761.3333333333334,22.333333333333332,46.09
2023-12-19 18:30:00,730.0,22.3,46.09
2023-12-19 19:00:00,732.6666666666666,22.3,46.09
2023-12-19 19:30:00,748.3333333333334,22.266666666666666,46.35
2023-12-19 20:00:00,745.0,22.266666666666666,46.09
2023-12-19 20:30:00,739.3333333333334,22.2,46.35
2023-12-19 21:00:00,717.0,22.2,46.22
2023-12-19 21:30:00,704.0,22.2,46.22
2023-12-19 22:00:00,706.6666666666666,22.133333333333336,46.35
2023-12-19 22:30:00,716.3333333333334,22.100000000000005,46.35
2023-12-19 23:00:00,715.3333333333334,22.100000000000005,46.48
2023-12-19 23:30:00,730.0,22.100000000000005,46.22
2023-12-20 00:00:00,741.0,22.100000000000005,46.35
2023-12-20 00:30:00,691.0,22.100000000000005,46.09
2023-12-20 01:00:00,674.0,22.100000000000005,46.09
2023-12-20 01:30:00,693.0,22.0,46.09
2023-12-20 02:00:00,665.0,22.0,46.09
2023-12-20 02:30:00,690.6666666666666,22.0,46.09
2023-12-20 03:00:00,643.5,22.0,46.09
2023-12-20 03:30:00,663.0,21.933333333333334,46.09
2023-12-20 04:00:00,606.5,21.95,46.09
2023-12-20 04:30:00,642.3333333333334,21.899999999999995,46.09
2023-12-20 05:00:00,654.0,21.899999999999995,46.09
2023-12-20 05:30:00,636.3333333333334,21.899999999999995,46.09
2023-12-20 06:00:00,652.3333333333334,21.899999999999995,46.09
2023-12-20 06:30:00,640.6666666666666,21.899999999999995,45.70000000000001
2023-12-20 07:00:00,612.3333333333334,21.833333333333332,45.70000000000001
2023-12-20 07:30:00,586.6666666666666,21.8,45.70000000000001
2023-12-20 08:00:00,595.3333333333334,21.8,45.70000000000001
2023-12-20 08:30:00,583.6666666666666,21.8,45.44
2023-12-20 09:00:00,583.6666666666666,21.8,45.31
2023-12-20 09:30:00,607.3333333333334,21.8,45.57
2023-12-20 10:00:00,715.3333333333334,21.8,46.48
2023-12-20 10:30:00,849.3333333333334,21.8,46.88
2023-12-20 11:00:00,939.6666666666666,21.8,47.01
2023-12-20 11:30:00,997.0,21.8,47.27
2023-12-20 12:00:00,1113.0,21.8,47.4
2023-12-20 12:30:00,1202.0,21.8,47.66
2023-12-20 13:00:00,1240.3333333333333,21.8,47.66
2023-12-20 13:30:00,1201.0,21.8,47.66
2023-12-20 14:00:00,1258.5,21.7,47.66
2023-12-20 14:30:00,1342.3333333333333,21.733333333333334,48.04999999999999
2023-12-20 15:00:00,1437.0,21.8,49.089999999999996
2023-12-20 15:30:00,1484.3333333333333,21.8,48.830000000000005
2023-12-20 16:00:00,1549.6666666666667,21.8,48.830000000000005
2023-12-20 16:30:00,1646.6666666666667,21.766666666666666,49.22
2023-12-20 17:00:00,1620.3333333333333,21.600000000000005,49.22
2023-12-20 17:30:00,1563.0,21.566666666666666,48.830000000000005
2023-12-20 18:00:00,1500.6666666666667,21.5,48.44
2023-12-20 18:30:00,1484.3333333333333,21.5,48.18
2023-12-20 19:00:00,1417.0,21.433333333333334,48.04999999999999
2023-12-20 19:30:00,1399.0,21.5,47.79
2023-12-20 20:00:00,1382.0,21.5,47.66
2023-12-20 20:30:00,1381.6666666666667,21.5,47.66
2023-12-20 21:00:00,1350.0,21.5,47.66
2023-12-20 21:30:00,1320.3333333333333,21.5,47.27
2023-12-20 22:00:00,1307.3333333333333,21.5,47.27
2023-12-20 22:30:00,1263.6666666666667,21.5,47.27
2023-12-20 23:00:00,1238.0,21.433333333333334,47.14000000000001
2023-12-20 23:30:00,1252.3333333333333,21.433333333333334,46.88
2023-12-21 00:00:00,1207.0,21.399999999999995,46.88
2023-12-21 00:30:00,1229.5,21.4,46.88
2023-12-21 01:00:00,1208.3333333333333,21.399999999999995,46.88
2023-12-21 01:30:00,1158.6666666666667,21.399999999999995,46.88
2023-12-21 02:00:00,1137.0,21.399999999999995,46.74666666666667
2023-12-21 02:30:00,1126.3333333333333,21.399999999999995,46.48
2023-12-21 03:00:00,1118.3333333333333,21.399999999999995,46.48
2023-12-21 03:30:00,1060.3333333333333,21.399999999999995,46.48
2023-12-21 04:00:00,1037.3333333333333,21.366666666666664,46.48
2023-12-21 04:30:00,1052.6666666666667,21.333333333333332,46.22
2023-12-21 05:00:00,1027.6666666666667,21.333333333333332,45.830000000000005
2023-12-21 05:30:00,982.3333333333334,21.366666666666664,45.70000000000001
2023-12-21 06:00:00,1000.0,21.333333333333332,45.70000000000001
2023-12-21 06:30:00,889.6666666666666,21.333333333333332,45.57
2023-12-21 07:00:00,940.6666666666666,21.333333333333332,45.44
2023-12-21 07:30:00,881.6666666666666,21.399999999999995,45.31
2023-12-21 08:00:00,851.3333333333334,21.399999999999995,45.31
2023-12-21 08:30:00,858.6666666666666,21.399999999999995,44.919999999999995
2023-12-21 09:00:00,826.3333333333334,21.333333333333332,45.050000000000004
2023-12-21 09:30:00,854.3333333333334,21.366666666666664,44.919999999999995
2023-12-21 10:00:00,789.3333333333334,21.399999999999995,44.919999999999995
2023-12-21 10:30:00,772.3333333333334,21.399999999999995,44.919999999999995
2023-12-21 11:00:00,730.3333333333334,21.46666666666667,44.919999999999995
2023-12-21 11:30:00,634.6666666666666,21.53333333333333,45.57
2023-12-21 12:00:00,770.6666666666666,22.066666666666666,45.57
2023-12-21 12:30:00,1011.3333333333334,22.5,45.830000000000005
2023-12-21 13:00:00,1301.3333333333333,22.633333333333336,46.74666666666667
2023-12-21 13:30:00,1329.6666666666667,22.566666666666666,47.27
2023-12-21 14:00:00,1520.6666666666667,22.333333333333332,48.56999999999999
2023-12-21 14:30:00,1562.3333333333333,22.133333333333336,49.089999999999996
2023-12-21 15:00:00,1538.3333333333333,22.03333333333333,49.22
2023-12-21 15:30:00,1579.6666666666667,22.0,49.22
2023-12-21 16:00:00,1505.6666666666667,21.899999999999995,48.56999999999999
2023-12-21 16:30:00,1601.3333333333333,21.899999999999995,49.35
2023-12-21 17:00:00,1599.3333333333333,21.766666666666666,49.35
2023-12-21 17:30:00,1539.0,21.733333333333334,49.22
2023-12-21 18:00:00,1484.3333333333333,21.8,48.56999999999999
2023-12-21 18:30:00,1408.6666666666667,21.7,48.44
2023-12-21 19:00:00,1388.3333333333333,21.7,48.31
2023-12-21 19:30:00,1370.3333333333333,21.7,47.79
2023-12-21 20:00:00,1345.0,21.7,47.66
2023-12-21 20:30:00,1308.0,21.7,47.66
2023-12-21 21:00:00,1266.6666666666667,21.633333333333336,47.53
2023-12-21 21:30:00,1247.6666666666667,21.600000000000005,47.27
2023-12-21 22:00:00,1170.3333333333333,21.600000000000005,47.27
2023-12-21 22:30:00,1224.0,21.600000000000005,47.14000000000001
2023-12-21 23:00:00,1172.6666666666667,21.600000000000005,46.88
2023-12-21 23:30:00,1175.6666666666667,21.600000000000005,46.74666666666667
2023-12-22 00:00:00,1138.3333333333333,21.53333333333333,46.35
2023-12-22 00:30:00,1071.3333333333333,21.53333333333333,46.09
2023-12-22 01:00:00,1079.6666666666667,21.5,46.09
2023-12-22 01:30:00,1051.3333333333333,21.46666666666667,46.09
2023-12-22 02:00:00,1007.3333333333334,21.433333333333334,45.70000000000001
2023-12-22 02:30:00,984.6666666666666,21.399999999999995,45.70000000000001
2023-12-22 03:00:00,931.0,21.399999999999995,45.70000000000001
2023-12-22 03:30:00,948.0,21.399999999999995,45.57
2023-12-22 04:00:00,902.3333333333334,21.399999999999995,45.31
2023-12-22 04:30:00,881.0,21.399999999999995,45.31
2023-12-22 05:00:00,658.3333333333334,21.266666666666666,41.669999999999995
2023-12-22 05:30:00,669.6666666666666,21.266666666666666,42.449999999999996
2023-12-22 06:00:00,667.3333333333334,21.2,42.58
2023-12-22 06:30:00,631.3333333333334,21.2,42.839999999999996
2023-12-22 07:00:00,647.0,21.133333333333336,42.97
2023-12-22 07:30:00,629.6666666666666,21.1,42.97
2023-12-22 08:00:00,641.3333333333334,21.033333333333335,42.97
2023-12-22 08:30:00,605.6666666666666,21.033333333333335,42.71
2023-12-22 09:00:00,629.3333333333334,21.1,42.449999999999996
2023-12-22 09:30:00,556.3333333333334,21.133333333333336,42.19
2023-12-22 10:00:00,569.6666666666666,21.2,42.19
2023-12-22 10:30:00,574.0,21.2,41.8
2023-12-22 11:00:00,555.0,21.2,41.8
2023-12-22 11:30:00,556.0,21.2,41.8
2023-12-22 12:00:00,549.3333333333334,21.233333333333334,41.54
2023-12-22 12:30:00,533.3333333333334,21.2,41.41
2023-12-22 13:00:00,529.6666666666666,21.2,41.41
2023-12-22 13:30:00,507.0,21.2,41.28
2023-12-22 14:00:00,503.0,21.2,41.02
2023-12-22 14:30:00,533.6666666666666,21.2,41.02
2023-12-22 15:00:00,509.6666666666667,21.2,40.75333333333333
2023-12-22 15:30:00,493.3333333333333,21.2,40.62
2023-12-22 16:00:00,474.0,21.2,40.35999999999999
2023-12-22 16:30:00,492.0,21.2,40.49
2023-12-22 17:00:00,478.5,21.2,40.3275
2023-12-22 17:30:00,462.0,21.2,40.62
2023-12-22 18:00:00,469.6666666666667,21.2,40.23
2023-12-22 18:30:00,435.6666666666667,21.2,40.23
2023-12-22 19:00:00,478.6666666666667,21.133333333333336,40.23
2023-12-22 19:30:00,477.6666666666667,21.1,40.62
2023-12-22 20:00:00,444.0,21.1,40.62
2023-12-22 20:30:00,481.3333333333333,21.1,40.62
2023-12-22 21:00:00,468.6666666666667,21.1,40.62
2023-12-22 21:30:00,500.0,21.066666666666666,40.62
2023-12-22 22:00:00,485.3333333333333,21.066666666666666,40.62
2023-12-22 22:30:00,476.0,21.066666666666666,40.62
2023-12-22 23:00:00,481.3333333333333,21.0,40.62
2023-12-22 23:30:00,451.6666666666667,21.0,40.62
2023-12-23 00:00:00,500.6666666666667,21.0,40.62
2023-12-23 00:30:00,452.3333333333333,21.0,40.62
2023-12-23 01:00:00,479.0,20.966666666666665,40.62
2023-12-23 01:30:00,459.6666666666667,20.9,40.62
2023-12-23 02:00:00,456.0,20.9,40.62
2023-12-23 02:30:00,502.0,20.9,40.62
2023-12-23 03:00:00,486.6666666666667,20.9,40.62
2023-12-23 03:30:00,483.6666666666667,20.9,40.62
2023-12-23 04:00:00,447.3333333333333,20.866666666666664,40.62
2023-12-23 04:30:00,475.0,20.833333333333332,40.62
2023-12-23 05:00:00,492.6666666666667,20.8,40.62
2023-12-23 05:30:00,496.6666666666667,20.8,40.75333333333333
2023-12-23 06:00:00,483.0,20.8,40.62
2023-12-23 06:30:00,443.3333333333333,20.8,40.62
2023-12-23 07:00:00,464.6666666666667,20.766666666666666,40.62
2023-12-23 07:30:00,456.3333333333333,20.766666666666666,40.35999999999999
2023-12-23 08:00:00,454.0,20.8,40.23
2023-12-23 08:30:00,443.6666666666667,20.8,40.23
2023-12-23 09:00:00,458.6666666666667,20.8,40.1
2023-12-23 09:30:00,443.6666666666667,20.8,39.97
2023-12-23 10:00:00,494.3333333333333,20.8,39.84
2023-12-23 10:30:00,456.3333333333333,20.833333333333332,39.84
2023-12-23 11:00:00,463.0,20.8,39.84
2023-12-23 11:30:00,468.3333333333333,20.8,39.84
2023-12-23 12:00:00,452.3333333333333,20.7,39.84
2023-12-23 12:30:00,454.3333333333333,20.8,39.84
2023-12-23 13:00:00,493.6666666666667,20.8,39.84
2023-12-23 13:30:00,455.6666666666667,20.8,39.84
2023-12-23 14:00:00,450.3333333333333,20.8,39.84
2023-12-23 14:30:00,448.0,20.833333333333332,39.71
2023-12-23 15:00:00,459.3333333333333,20.8,39.45
2023-12-23 15:30:00,471.6666666666667,20.8,39.45
2023-12-23 16:00:00,469.3333333333333,20.8,39.45
2023-12-23 16:30:00,441.0,20.766666666666666,39.45
2023-12-23 17:00:00,415.0,20.7,39.580000000000005
2023-12-23 17:30:00,470.6666666666667,20.7,39.45
2023-12-23 18:00:00,451.5,20.75,39.45
2023-12-23 18:30:00,428.6666666666667,20.666666666666668,39.45
2023-12-23 19:00:00,427.0,20.666666666666668,39.45
2023-12-23 19:30:00,461.0,20.7,39.45
2023-12-23 20:00:00,454.0,20.666666666666668,39.580000000000005
2023-12-23 20:30:00,437.3333333333333,20.6,39.84
2023-12-23 21:00:00,431.6666666666667,20.6,39.84
2023-12-23 21:30:00,437.3333333333333,20.6,39.84
2023-12-23 22:00:00,454.0,20.533333333333335,39.84
2023-12-23 22:30:00,432.0,20.5,39.84
2023-12-23 23:00:00,432.3333333333333,20.5,39.84
2023-12-23 23:30:00,475.3333333333333,20.5,39.84
2023-12-24 00:00:00,436.3333333333333,20.5,39.84
2023-12-24 00:30:00,461.6666666666667,20.5,39.84
2023-12-24 01:00:00,428.6666666666667,20.5,39.84
2023-12-24 01:30:00,433.0,20.5,39.84
2023-12-24 02:00:00,432.6666666666667,20.5,39.84
2023-12-24 02:30:00,425.3333333333333,20.5,39.84
2023-12-24 03:00:00,418.0,20.5,39.84
2023-12-24 03:30:00,420.6666666666667,20.5,39.84
2023-12-24 04:00:00,455.6666666666667,20.5,39.84
2023-12-24 04:30:00,447.6666666666667,20.5,39.84
2023-12-24 05:00:00,420.6666666666667,20.5,39.84
2023-12-24 05:30:00,429.0,20.533333333333335,39.84
2023-12-24 06:00:00,435.0,20.566666666666666,39.45
2023-12-24 06:30:00,451.0,20.566666666666666,39.45
2023-12-24 07:00:00,445.6666666666667,20.6,39.45
2023-12-24 07:30:00,430.6666666666667,20.5,39.45
2023-12-24 08:00:00,399.6666666666667,20.5,39.45
2023-12-24 08:30:00,453.3333333333333,20.533333333333335,39.45
2023-12-24 09:00:00,444.75,20.6,39.255
2023-12-24 09:30:00,450.0,20.7,39.06
2023-12-24 10:00:00,462.6666666666667,20.833333333333332,38.93
2023-12-24 10:30:00,417.3333333333333,21.099999999999998,38.67
2023-12-24 11:00:00,394.3333333333333,21.333333333333332,38.410000000000004
2023-12-24 11:30:00,414.3333333333333,21.599999999999998,37.89
2023-12-24 12:00:00,438.0,21.833333333333332,37.5
2023-12-24 12:30:00,419.0,22.0,37.37
2023-12-24 13:00:00,426.0,22.100000000000005,37.11
2023-12-24 13:30:00,432.0,22.166666666666668,37.11
2023-12-24 14:00:00,445.6666666666667,22.233333333333334,37.11
2023-12-24 14:30:00,412.3333333333333,22.3,37.11
2023-12-24 15:00:00,437.0,22.3,37.11
2023-12-24 15:30:00,446.0,22.399999999999995,37.11
2023-12-24 16:00:00,420.6666666666667,22.399999999999995,37.11
2023-12-24 16:30:00,405.6666666666667,22.46666666666667,37.37
2023-12-24 17:00:00,443.3333333333333,22.53333333333333,37.37
2023-12-24 17:30:00,418.6666666666667,22.600000000000005,37.37
2023-12-24 18:00:00,431.6666666666667,22.666666666666668,37.5
2023-12-24 18:30:00,400.0,22.7,37.5
2023-12-24 19:00:00,404.0,22.733333333333334,37.5
2023-12-24 19:30:00,409.0,22.8,37.5
2023-12-24 20:00:00,397.0,22.8,37.305
2023-12-24 20:30:00,411.3333333333333,22.899999999999995,37.11
2023-12-24 21:00:00,427.3333333333333,22.933333333333334,37.11
2023-12-24 21:30:00,427.75,23.0,37.207499999999996
2023-12-24 22:00:00,422.5,23.0,37.11
2023-12-24 22:30:00,398.6666666666667,23.100000000000005,37.11
2023-12-24 23:00:00,408.0,23.100000000000005,37.11
2023-12-24 23:30:00,430.6666666666667,23.100000000000005,37.11
2023-12-25 00:00:00,421.3333333333333,23.100000000000005,37.11
2023-12-25 00:30:00,420.3333333333333,23.166666666666668,37.11
2023-12-25 01:00:00,452.6666666666667,23.2,37.11
2023-12-25 01:30:00,486.3333333333333,23.2,37.11
2023-12-25 02:00:00,460.6666666666667,23.233333333333334,37.11
2023-12-25 02:30:00,481.3333333333333,23.233333333333334,37.11
2023-12-25 03:00:00,450.3333333333333,23.3,37.11
2023-12-25 03:30:00,473.0,23.266666666666666,37.11
2023-12-25 04:00:00,484.6666666666667,23.3,37.11
2023-12-25 04:30:00,504.75,23.3,37.11
2023-12-25 05:00:00,461.6666666666667,23.3,37.11
2023-12-25 05:30:00,476.3333333333333,23.3,37.11
2023-12-25 06:00:00,464.6666666666667,23.266666666666666,37.11
2023-12-25 06:30:00,456.3333333333333,23.2,37.11
2023-12-25 07:00:00,488.6666666666667,23.2,37.11
2023-12-25 07:30:00,453.3333333333333,23.2,37.11
2023-12-25 08:00:00,480.6666666666667,23.2,37.11
2023-12-25 08:30:00,456.3333333333333,23.2,37.11
2023-12-25 09:00:00,463.6666666666667,23.2,37.11
2023-12-25 09:30:00,463.3333333333333,23.2,37.11
2023-12-25 10:00:00,514.6666666666666,23.266666666666666,37.11
2023-12-25 10:30:00,499.0,23.233333333333334,37.11
2023-12-25 11:00:00,491.0,23.233333333333334,37.11
2023-12-25 11:30:00,478.0,23.2,37.11
2023-12-25 12:00:00,440.0,23.2,36.98
2023-12-25 12:30:00,451.3333333333333,23.233333333333334,37.11
2023-12-25 13:00:00,481.3333333333333,23.2,37.11
2023-12-25 13:30:00,436.3333333333333,23.2,37.11
2023-12-25 14:00:00,458.0,23.166666666666668,37.11
2023-12-25 14:30:00,454.6666666666667,23.166666666666668,37.11
2023-12-25 15:00:00,463.6666666666667,23.100000000000005,37.11
2023-12-25 15:30:00,441.0,23.100000000000005,37.11
2023-12-25 16:00:00,429.3333333333333,23.100000000000005,36.98
2023-12-25 16:30:00,436.0,23.100000000000005,37.11
2023-12-25 17:00:00,480.0,23.0,37.11
2023-12-25 17:30:00,479.6666666666667,23.0,37.11
2023-12-25 18:00:00,482.6666666666667,23.0,37.11
2023-12-25 18:30:00,477.6666666666667,23.0,37.11
2023-12-25 19:00:00,443.0,22.96666666666667,37.24
2023-12-25 19:30:00,444.6666666666667,22.933333333333334,37.5
2023-12-25 20:00:00,459.6666666666667,22.899999999999995,37.5
2023-12-25 20:30:00,487.3333333333333,22.7,37.76
2023-12-25 21:00:00,486.6666666666667,22.400000000000002,38.15
2023-12-25 21:30:00,457.0,22.266666666666666,38.67
2023-12-25 22:00:00,484.3333333333333,22.2,38.67
2023-12-25 22:30:00,433.3333333333333,22.2,38.67
2023-12-25 23:00:00,486.3333333333333,22.2,38.67
2023-12-25 23:30:00,455.6666666666667,22.100000000000005,38.67
2023-12-26 00:00:00,454.0,22.100000000000005,38.67
2023-12-26 00:30:00,466.3333333333333,22.100000000000005,39.06
2023-12-26 01:00:00,464.3333333333333,22.066666666666666,39.06
2023-12-26 01:30:00,486.0,22.03333333333333,39.06
2023-12-26 02:00:00,457.6666666666667,22.0,39.06
2023-12-26 02:30:00,458.0,22.0,39.06
2023-12-26 03:00:00,469.6666666666667,22.0,39.06
2023-12-26 03:30:00,449.6666666666667,22.03333333333333,39.06
2023-12-26 04:00:00,464.3333333333333,22.066666666666666,39.06
2023-12-26 04:30:00,432.5,22.05,39.1575
2023-12-26 05:00:00,465.3333333333333,22.0,39.32
2023-12-26 05:30:00,475.3333333333333,22.0,39.45
2023-12-26 06:00:00,450.3333333333333,22.0,39.45
2023-12-26 06:30:00,434.3333333333333,22.0,39.45
2023-12-26 07:00:00,471.3333333333333,22.03333333333333,39.45
2023-12-26 07:30:00,473.6666666666667,22.0,39.45
2023-12-26 08:00:00,477.3333333333333,22.0,39.45
2023-12-26 08:30:00,465.25,21.975,39.45
2023-12-26 09:00:00,460.6666666666667,21.899999999999995,39.45
2023-12-26 09:30:00,469.25,21.9,39.45
2023-12-26 10:00:00,444.6666666666667,21.833333333333332,39.580000000000005
2023-12-26 10:30:00,473.0,21.8,39.84
2023-12-26 11:00:00,464.0,21.766666666666666,39.84
2023-12-26 11:30:00,458.6666666666667,21.8,39.84
2023-12-26 12:00:00,483.0,21.8,39.71
2023-12-26 12:30:00,482.6666666666667,21.8,39.45
2023-12-26 13:00:00,494.0,21.8,39.580000000000005
2023-12-26 13:30:00,475.3333333333333,21.8,39.45
2023-12-26 14:00:00,456.3333333333333,21.7,39.45
2023-12-26 14:30:00,461.5,21.7,39.45
2023-12-26 15:00:00,468.3333333333333,21.633333333333336,39.84
2023-12-26 15:30:00,463.0,21.600000000000005,39.84
2023-12-26 16:00:00,468.3333333333333,21.566666666666666,39.84
2023-12-26 16:30:00,438.6666666666667,21.566666666666666,39.84
2023-12-26 17:00:00,437.6666666666667,21.53333333333333,39.84
2023-12-26 17:30:00,481.0,21.5,39.84
2023-12-26 18:00:00,451.3333333333333,21.5,39.84
2023-12-26 18:30:00,434.6666666666667,21.433333333333334,39.84
2023-12-26 19:00:00,454.6666666666667,21.46666666666667,39.84
2023-12-26 19:30:00,426.3333333333333,21.433333333333334,39.84
2023-12-26 20:00:00,465.0,21.5,39.84
2023-12-26 20:30:00,461.0,21.5,39.84
2023-12-26 21:00:00,457.0,21.5,39.84
2023-12-26 21:30:00,447.3333333333333,21.5,39.84
2023-12-26 22:00:00,465.3333333333333,21.5,39.84
2023-12-26 22:30:00,484.0,21.5,40.035
2023-12-26 23:00:00,473.3333333333333,21.399999999999995,40.1
2023-12-26 23:30:00,470.6666666666667,21.399999999999995,40.23
2023-12-27 00:00:00,462.6666666666667,21.399999999999995,40.23
2023-12-27 00:30:00,454.3333333333333,21.399999999999995,40.23
2023-12-27 01:00:00,470.3333333333333,21.5,40.23
2023-12-27 01:30:00,462.6666666666667,21.5,40.23
2023-12-27 02:00:00,471.6666666666667,21.433333333333334,40.23
2023-12-27 02:30:00,465.3333333333333,21.433333333333334,40.23
2023-12-27 03:00:00,469.3333333333333,21.399999999999995,40.23
2023-12-27 03:30:00,479.3333333333333,21.399999999999995,40.23
2023-12-27 04:00:00,476.0,21.399999999999995,40.23
2023-12-27 04:30:00,478.0,21.366666666666664,40.23
2023-12-27 05:00:00,472.6666666666667,21.366666666666664,40.23
2023-12-27 05:30:00,468.3333333333333,21.3,40.23
2023-12-27 06:00:00,444.0,21.3,40.23
2023-12-27 06:30:00,445.6666666666667,21.266666666666666,39.97
2023-12-27 07:00:00,424.3333333333333,21.233333333333334,39.84
2023-12-27 07:30:00,434.3333333333333,21.2,39.84
2023-12-27 08:00:00,436.3333333333333,21.166666666666668,39.84
2023-12-27 08:30:00,476.3333333333333,21.1,39.84
2023-12-27 09:00:00,449.3333333333333,21.1,39.580000000000005
2023-12-27 09:30:00,471.0,21.2,39.45
2023-12-27 10:00:00,455.3333333333333,21.2,39.32
2023-12-27 10:30:00,453.0,21.2,39.06
2023-12-27 11:00:00,444.6666666666667,21.2,39.06
2023-12-27 11:30:00,459.3333333333333,21.2,39.06
2023-12-27 12:00:00,461.3333333333333,21.166666666666668,39.06
2023-12-27 12:30:00,467.3333333333333,21.133333333333336,39.06
2023-12-27 13:00:00,457.3333333333333,21.133333333333336,39.06
2023-12-27 13:30:00,473.3333333333333,21.166666666666668,39.06
2023-12-27 14:00:00,432.6666666666667,21.2,39.06
2023-12-27 14:30:00,456.0,21.133333333333336,38.800000000000004
2023-12-27 15:00:00,452.6666666666667,21.1,38.67
2023-12-27 15:30:00,455.0,21.1,38.67
2023-12-27 16:00:00,457.3333333333333,21.166666666666668,38.67
2023-12-27 16:30:00,438.3333333333333,21.133333333333336,38.67
2023-12-27 17:00:00,465.6666666666667,21.1,38.67
2023-12-27 17:30:00,449.3333333333333,21.1,38.67
2023-12-27 18:00:00,463.3333333333333,21.1,38.67
2023-12-27 18:30:00,466.6666666666667,21.066666666666666,38.67
2023-12-27 19:00:00,449.6666666666667,21.066666666666666,38.67
2023-12-27 19:30:00,454.3333333333333,21.066666666666666,38.800000000000004
2023-12-27 20:00:00,475.3333333333333,21.1,38.93
2023-12-27 20:30:00,465.0,21.1,38.93
2023-12-27 21:00:00,447.3333333333333,21.1,38.93
2023-12-27 21:30:00,419.6666666666667,21.1,38.93
2023-12-27 22:00:00,442.0,21.1,38.93
2023-12-27 22:30:00,435.3333333333333,21.1,39.06
2023-12-27 23:00:00,464.6666666666667,21.133333333333336,38.93
2023-12-27 23:30:00,420.6666666666667,21.133333333333336,38.93
2023-12-28 00:00:00,427.0,21.2,39.06
2023-12-28 00:30:00,433.3333333333333,21.2,39.06
2023-12-28 01:00:00,448.0,21.2,39.06
2023-12-28 01:30:00,427.6666666666667,21.2,39.06
2023-12-28 02:00:00,459.0,21.233333333333334,38.93
2023-12-28 02:30:00,420.0,21.3,38.800000000000004
2023-12-28 03:00:00,437.6666666666667,21.3,38.93
2023-12-28 03:30:00,452.0,21.399999999999995,38.800000000000004
2023-12-28 04:00:00,467.0,21.399999999999995,38.67
2023-12-28 04:30:00,439.0,21.399999999999995,38.67
2023-12-28 05:00:00,466.0,21.46666666666667,38.93
2023-12-28 05:30:00,465.75,21.55,38.67
2023-12-28 06:00:00,451.3333333333333,21.633333333333336,38.67
2023-12-28 06:30:00,434.3333333333333,21.900000000000002,38.410000000000004
2023-12-28 07:00:00,478.0,22.166666666666668,38.15
2023-12-28 07:30:00,468.3333333333333,22.366666666666664,37.89
2023-12-28 08:00:00,476.3333333333333,22.5,37.89
2023-12-28 08:30:00,475.5,22.6,37.89
2023-12-28 09:00:00,483.3333333333333,22.566666666666666,37.89
2023-12-28 09:30:00,472.0,22.7,37.5
2023-12-28 10:00:00,449.3333333333333,22.766666666666666,37.63
2023-12-28 10:30:00,462.6666666666667,22.8,37.76
2023-12-28 11:00:00,476.0,22.833333333333332,37.5
2023-12-28 11:30:00,458.3333333333333,22.899999999999995,37.5
2023-12-28 12:00:00,461.0,22.899999999999995,37.5
2023-12-28 12:30:00,433.3333333333333,22.933333333333334,37.76
2023-12-28 13:00:00,448.3333333333333,23.0,37.89
2023-12-28 13:30:00,493.3333333333333,23.0,37.89
2023-12-28 14:00:00,471.6666666666667,23.03333333333333,37.89
2023-12-28 14:30:00,504.6666666666667,23.066666666666666,37.89
2023-12-28 15:00:00,471.0,23.100000000000005,37.76
2023-12-28 15:30:00,490.6666666666667,23.100000000000005,37.5
2023-12-28 16:00:00,456.0,23.166666666666668,37.63
2023-12-28 16:30:00,466.6666666666667,23.2,37.63
2023-12-28 17:00:00,440.6666666666667,23.2,37.5
2023-12-28 17:30:00,473.0,23.2,37.63
2023-12-28 18:00:00,456.0,23.2,37.89
2023-12-28 18:30:00,459.3333333333333,23.3,37.76
2023-12-28 19:00:00,426.6666666666667,23.3,37.89
2023-12-28 19:30:00,481.3333333333333,23.3,37.89
2023-12-28 20:00:00,486.0,23.3,37.89
2023-12-28 20:30:00,482.6666666666667,23.3,37.76
2023-12-28 21:00:00,476.0,23.3,37.89
2023-12-28 21:30:00,468.0,23.333333333333332,37.89
2023-12-28 22:00:00,456.6666666666667,23.3,37.89
2023-12-28 22:30:00,489.3333333333333,23.3,37.89
2023-12-28 23:00:00,475.0,23.333333333333332,37.89
2023-12-28 23:30:00,498.3333333333333,23.3,37.89
2023-12-29 00:00:00,466.6666666666667,23.3,37.89
2023-12-29 00:30:00,460.3333333333333,23.3,38.02
2023-12-29 01:00:00,457.3333333333333,23.3,37.89
2023-12-29 01:30:00,453.6666666666667,23.3,37.89
2023-12-29 02:00:00,478.6666666666667,23.3,38.02
2023-12-29 02:30:00,442.0,23.3,38.28
2023-12-29 03:00:00,451.3333333333333,23.266666666666666,38.28
2023-12-29 03:30:00,468.3333333333333,23.2,38.28
2023-12-29 04:00:00,435.6666666666667,23.2,38.28
2023-12-29 04:30:00,508.0,23.2,38.410000000000004
2023-12-29 05:00:00,488.6666666666667,23.2,38.28
2023-12-29 05:30:00,464.0,23.2,38.410000000000004
2023-12-29 06:00:00,502.0,23.2,38.54
2023-12-29 06:30:00,477.3333333333333,23.166666666666668,38.54
2023-12-29 07:00:00,471.0,23.100000000000005,38.67
2023-12-29 07:30:00,493.0,23.100000000000005,38.67
2023-12-29 08:00:00,478.3333333333333,23.03333333333333,38.800000000000004
2023-12-29 08:30:00,497.0,22.866666666666664,39.06
2023-12-29 09:00:00,462.3333333333333,22.733333333333334,39.32
2023-12-29 09:30:00,471.3333333333333,22.7,39.45
2023-12-29 10:00:00,487.0,22.7,39.45
2023-12-29 10:30:00,456.3333333333333,22.7,39.45
2023-12-29 11:00:00,459.0,22.7,39.45
2023-12-29 11:30:00,422.6666666666667,22.733333333333334,39.45
2023-12-29 12:00:00,454.0,22.633333333333336,39.45
2023-12-29 12:30:00,449.0,22.600000000000005,39.580000000000005
2023-12-29 13:00:00,440.0,22.53333333333333,39.84
2023-12-29 13:30:00,477.0,22.5,39.84
2023-12-29 14:00:00,508.6666666666667,22.46666666666667,39.84
2023-12-29 14:30:00,450.6666666666667,22.399999999999995,39.84
2023-12-29 15:00:00,462.0,22.366666666666664,39.84
2023-12-29 15:30:00,471.0,22.366666666666664,39.97
2023-12-29 16:00:00,467.0,22.333333333333332,40.1
2023-12-29 16:30:00,466.6666666666667,22.3,40.23
2023-12-29 17:00:00,469.0,22.3,40.23
2023-12-29 17:30:00,481.6666666666667,22.266666666666666,40.23
2023-12-29 18:00:00,489.3333333333333,22.266666666666666,40.23
2023-12-29 18:30:00,474.0,22.2,40.23
2023-12-29 19:00:00,482.0,22.2,40.23
2023-12-29 19:30:00,497.6666666666667,22.2,40.35999999999999
2023-12-29 20:00:00,494.6666666666667,22.2,40.62
2023-12-29 20:30:00,512.0,22.2,40.62
2023-12-29 21:00:00,510.3333333333333,22.2,40.62
2023-12-29 21:30:00,510.0,22.2,40.62
2023-12-29 22:00:00,499.3333333333333,22.233333333333334,40.62
2023-12-29 22:30:00,496.3333333333333,22.2,40.62
2023-12-29 23:00:00,508.6666666666667,22.2,40.62
2023-12-29 23:30:00,499.0,22.2,40.62
2023-12-30 00:00:00,510.0,22.2,40.62
2023-12-30 00:30:00,468.3333333333333,22.166666666666668,40.62
2023-12-30 01:00:00,473.0,22.2,40.88666666666666
2023-12-30 01:30:00,493.0,22.2,41.02
2023-12-30 02:00:00,485.0,22.15,41.02
2023-12-30 02:30:00,447.0,22.100000000000005,41.02
2023-12-30 03:00:00,468.6666666666667,22.100000000000005,41.02
2023-12-30 03:30:00,495.3333333333333,22.100000000000005,41.02
2023-12-30 04:00:00,478.3333333333333,22.100000000000005,41.02
2023-12-30 04:30:00,491.6666666666667,22.100000000000005,41.02
2023-12-30 05:00:00,479.6666666666667,22.066666666666666,41.15
2023-12-30 05:30:00,473.0,22.03333333333333,41.28
2023-12-30 06:00:00,486.0,22.0,41.28
2023-12-30 06:30:00,471.6666666666667,21.899999999999995,41.28
2023-12-30 07:00:00,454.0,21.899999999999995,41.28
2023-12-30 07:30:00,433.3333333333333,21.899999999999995,41.41
2023-12-30 08:00:00,457.0,21.866666666666664,41.28
2023-12-30 08:30:00,448.3333333333333,21.899999999999995,41.15
2023-12-30 09:00:00,463.3333333333333,21.833333333333332,41.02
2023-12-30 09:30:00,467.6666666666667,21.8,41.41
2023-12-30 10:00:00,496.0,21.766666666666666,41.41
2023-12-30 10:30:00,454.3333333333333,21.766666666666666,41.28
2023-12-30 11:00:00,462.0,21.766666666666666,41.41
2023-12-30 11:30:00,487.3333333333333,21.766666666666666,41.28
2023-12-30 12:00:00,460.3333333333333,21.7,41.15
2023-12-30 12:30:00,425.3333333333333,21.7,41.28
2023-12-30 13:00:00,430.0,21.7,41.41
2023-12-30 13:30:00,469.6666666666667,21.7,41.15
2023-12-30 14:00:00,478.3333333333333,21.7,41.28
2023-12-30 14:30:00,457.0,21.633333333333336,41.41
2023-12-30 15:00:00,469.3333333333333,21.666666666666668,41.28
2023-12-30 15:30:00,457.3333333333333,21.633333333333336,41.15
2023-12-30 16:00:00,485.6666666666667,21.600000000000005,41.28
2023-12-30 16:30:00,482.6666666666667,21.600000000000005,41.28
2023-12-30 17:00:00,478.3333333333333,21.600000000000005,41.02
2023-12-30 17:30:00,452.3333333333333,21.600000000000005,41.02
2023-12-30 18:00:00,449.6666666666667,21.600000000000005,41.02
2023-12-30 18:30:00,436.6666666666667,21.600000000000005,41.02
2023-12-30 19:00:00,455.6666666666667,21.600000000000005,41.02
2023-12-30 19:30:00,464.0,21.666666666666668,41.15
2023-12-30 20:00:00,439.3333333333333,21.7,41.02
2023-12-30 20:30:00,449.0,21.7,41.02
2023-12-30 21:00:00,456.6666666666667,21.766666666666666,41.02
2023-12-30 21:30:00,416.0,21.7,41.02
2023-12-30 22:00:00,466.0,21.7,41.02
2023-12-30 22:30:00,454.6666666666667,21.7,41.02
2023-12-30 23:00:00,451.0,21.7,41.02
2023-12-30 23:30:00,464.6666666666667,21.733333333333334,41.02
2023-12-31 00:00:00,459.3333333333333,21.766666666666666,41.02
2023-12-31 00:30:00,470.3333333333333,21.766666666666666,41.02
2023-12-31 01:00:00,472.6666666666667,21.7,41.28
2023-12-31 01:30:00,466.0,21.766666666666666,41.15
2023-12-31 02:00:00,445.3333333333333,21.733333333333334,41.28
2023-12-31 02:30:00,458.6666666666667,21.7,41.28
2023-12-31 03:00:00,444.0,21.7,41.41
2023-12-31 03:30:00,439.6666666666667,21.7,41.41
2023-12-31 04:00:00,448.0,21.7,41.41
2023-12-31 04:30:00,457.6666666666667,21.7,41.41
2023-12-31 05:00:00,469.3333333333333,21.7,41.41
2023-12-31 05:30:00,443.6666666666667,21.7,41.41
2023-12-31 06:00:00,452.3333333333333,21.7,41.41
2023-12-31 06:30:00,450.6666666666667,21.633333333333336,41.41
2023-12-31 07:00:00,464.5,21.65,41.41
2023-12-31 07:30:00,452.6666666666667,21.600000000000005,41.41
2023-12-31 08:00:00,443.0,21.600000000000005,41.41
2023-12-31 08:30:00,455.3333333333333,21.600000000000005,41.41
2023-12-31 09:00:00,472.3333333333333,21.566666666666666,41.41
2023-12-31 09:30:00,490.0,21.5,41.41
2023-12-31 10:00:00,450.0,21.600000000000005,41.41
2023-12-31 10:30:00,465.3333333333333,21.600000000000005,41.41
2023-12-31 11:00:00,457.0,21.600000000000005,41.28
2023-12-31 11:30:00,463.0,21.600000000000005,41.15
2023-12-31 12:00:00,465.6666666666667,21.600000000000005,41.15
2023-12-31 12:30:00,452.6666666666667,21.600000000000005,41.02
2023-12-31 13:00:00,446.3333333333333,21.600000000000005,41.02
2023-12-31 13:30:00,463.3333333333333,21.600000000000005,41.02
2023-12-31 14:00:00,439.6666666666667,21.600000000000005,41.02
2023-12-31 14:30:00,468.3333333333333,21.600000000000005,41.02
2023-12-31 15:00:00,471.3333333333333,21.600000000000005,41.02
2023-12-31 15:30:00,457.3333333333333,21.53333333333333,41.02
2023-12-31 16:00:00,480.6666666666667,21.53333333333333,41.02
2023-12-31 16:30:00,487.6666666666667,21.53333333333333,41.02
2023-12-31 17:00:00,481.6666666666667,21.566666666666666,41.15
2023-12-31 17:30:00,476.0,21.5,41.02
2023-12-31 18:00:00,460.3333333333333,21.53333333333333,41.02
2023-12-31 18:30:00,469.0,21.5,41.02
2023-12-31 19:00:00,475.0,21.5,41.15
2023-12-31 19:30:00,462.0,21.53333333333333,41.02
2023-12-31 20:00:00,460.6666666666667,21.566666666666666,41.02
2023-12-31 20:30:00,476.5,21.6,41.02
2023-12-31 21:00:00,482.3333333333333,21.600000000000005,41.02
2023-12-31 21:30:00,456.3333333333333,21.600000000000005,41.02
2023-12-31 22:00:00,469.6666666666667,21.600000000000005,41.02
2023-12-31 22:30:00,461.0,21.600000000000005,41.02
2023-12-31 23:00:00,461.6666666666667,21.633333333333336,41.02
2023-12-31 23:30:00,441.3333333333333,21.600000000000005,41.02
2024-01-01 00:00:00,458.0,21.600000000000005,41.02
2024-01-01 00:30:00,460.6666666666667,21.7,41.02
2024-01-01 01:00:00,468.3333333333333,21.666666666666668,41.02
2024-01-01 01:30:00,460.6666666666667,21.666666666666668,41.02
2024-01-01 02:00:00,470.3333333333333,21.7,41.02
2024-01-01 02:30:00,471.0,21.666666666666668,41.02
2024-01-01 03:00:00,428.0,21.7,41.02
2024-01-01 03:30:00,437.3333333333333,21.7,41.02
2024-01-01 04:00:00,460.6666666666667,21.7,41.02
2024-01-01 04:30:00,437.3333333333333,21.7,41.02
2024-01-01 05:00:00,453.6666666666667,21.7,41.02
2024-01-01 05:30:00,466.6666666666667,21.7,41.02
2024-01-01 06:00:00,440.6666666666667,21.7,41.02
2024-01-01 06:30:00,433.3333333333333,21.7,41.02
2024-01-01 07:00:00,439.3333333333333,21.7,41.02
2024-01-01 07:30:00,439.6666666666667,21.7,41.02
2024-01-01 08:00:00,450.0,21.7,41.02
2024-01-01 08:30:00,456.6666666666667,21.7,41.02
2024-01-01 09:00:00,477.0,21.7,41.02
2024-01-01 09:30:00,447.6666666666667,21.7,41.02
2024-01-01 10:00:00,461.3333333333333,21.7,41.02
2024-01-01 10:30:00,472.0,21.7,41.02
2024-01-01 11:00:00,418.3333333333333,21.7,41.02
2024-01-01 11:30:00,462.0,21.7,41.02
2024-01-01 12:00:00,473.3333333333333,21.7,41.02
2024-01-01 12:30:00,455.0,21.7,41.02
2024-01-01 13:00:00,477.6666666666667,21.7,41.02
2024-01-01 13:30:00,442.6666666666667,21.7,41.02
2024-01-01 14:00:00,436.0,21.666666666666668,41.02
2024-01-01 14:30:00,443.6666666666667,21.600000000000005,41.02
2024-01-01 15:00:00,446.3333333333333,21.600000000000005,41.02
2024-01-01 15:30:00,466.6666666666667,21.666666666666668,41.02
2024-01-01 16:00:00,461.3333333333333,21.666666666666668,41.02
2024-01-01 16:30:00,464.0,21.600000000000005,41.02
2024-01-01 17:00:00,472.6666666666667,21.600000000000005,41.02
2024-01-01 17:30:00,464.0,21.600000000000005,41.02
2024-01-01 18:00:00,461.0,21.600000000000005,41.02
2024-01-01 18:30:00,476.0,21.6,41.02
2024-01-01 19:00:00,476.3333333333333,21.600000000000005,41.02
2024-01-01 19:30:00,453.6666666666667,21.600000000000005,41.02
2024-01-01 20:00:00,460.3333333333333,21.600000000000005,41.02
2024-01-01 20:30:00,485.0,21.600000000000005,41.02
2024-01-01 21:00:00,465.6666666666667,21.600000000000005,41.02
2024-01-01 21:30:00,470.0,21.600000000000005,41.02
2024-01-01 22:00:00,457.3333333333333,21.600000000000005,41.02
2024-01-01 22:30:00,478.6666666666667,21.600000000000005,41.02
2024-01-01 23:00:00,466.3333333333333,21.600000000000005,41.02
2024-01-01 23:30:00,470.3333333333333,21.600000000000005,41.02
2024-01-02 00:00:00,456.3333333333333,21.566666666666666,41.02
2024-01-02 00:30:00,481.0,21.566666666666666,41.02
2024-01-02 01:00:00,489.5,21.5,41.02
2024-01-02 01:30:00,470.0,21.5,41.02
2024-01-02 02:00:00,492.6666666666667,21.5,41.02
2024-01-02 02:30:00,499.0,21.5,41.02
2024-01-02 03:00:00,459.6666666666667,21.46666666666667,41.02
2024-01-02 03:30:00,461.3333333333333,21.399999999999995,41.02
2024-01-02 04:00:00,456.6666666666667,21.399999999999995,41.02
2024-01-02 04:30:00,453.0,21.399999999999995,41.02
2024-01-02 05:00:00,473.3333333333333,21.399999999999995,41.02
2024-01-02 05:30:00,438.3333333333333,21.399999999999995,40.88666666666666
2024-01-02 06:00:00,455.6666666666667,21.399999999999995,40.62
2024-01-02 06:30:00,463.0,21.3,40.62
2024-01-02 07:00:00,451.6666666666667,21.3,40.62
2024-01-02 07:30:00,469.3333333333333,21.3,40.35999999999999
2024-01-02 08:00:00,448.0,21.3,40.49
2024-01-02 08:30:00,468.0,21.2,40.23
2024-01-02 09:00:00,526.6666666666666,21.2,39.19
2024-01-02 09:30:00,606.6666666666666,21.3,38.02
2024-01-02 10:00:00,945.6666666666666,21.399999999999995,38.67
2024-01-02 10:30:00,1319.0,21.5,40.1
2024-01-02 11:00:00,1335.6666666666667,21.399999999999995,39.97
2024-01-02 11:30:00,1289.0,21.399999999999995,39.84
2024-01-02 12:00:00,1252.0,21.35,39.45
2024-01-02 12:30:00,1168.0,21.233333333333334,39.190000000000005
2024-01-02 13:00:00,1287.75,21.175,39.644999999999996
2024-01-02 13:30:00,1518.0,21.266666666666666,40.623333333333335
2024-01-02 14:00:00,1687.6666666666667,21.333333333333332,41.8
2024-01-02 14:30:00,1885.6666666666667,21.399999999999995,42.71
2024-01-02 15:00:00,1128.0,21.333333333333332,38.67
2024-01-02 15:30:00,1265.6666666666667,21.333333333333332,39.84
2024-01-02 16:00:00,942.0,21.233333333333334,37.11
2024-01-02 16:30:00,811.6666666666666,21.166666666666668,36.199999999999996
2024-01-02 17:00:00,715.3333333333334,21.333333333333332,35.68
2024-01-02 17:30:00,680.6666666666666,21.599999999999998,34.9
2024-01-02 18:00:00,630.6666666666666,21.833333333333332,34.11333333333334
2024-01-02 18:30:00,658.6666666666666,22.03333333333333,33.59
2024-01-02 19:00:00,657.6666666666666,22.100000000000005,33.59
2024-01-02 19:30:00,645.6666666666666,22.100000000000005,33.59
2024-01-02 20:00:00,598.3333333333334,22.133333333333336,33.330000000000005
2024-01-02 20:30:00,576.3333333333334,22.100000000000005,33.2
2024-01-02 21:00:00,570.3333333333334,22.100000000000005,33.2
2024-01-02 21:30:00,558.6666666666666,22.133333333333336,32.81
2024-01-02 22:00:00,577.3333333333334,22.100000000000005,33.2
2024-01-02 22:30:00,561.0,22.133333333333336,32.940000000000005
2024-01-02 23:00:00,550.6666666666666,22.166666666666668,32.81
2024-01-02 23:30:00,530.6666666666666,22.2,32.81
2024-01-03 00:00:00,534.0,22.2,32.81
2024-01-03 00:30:00,538.3333333333334,22.2,32.68
2024-01-03 01:00:00,524.6666666666666,22.2,32.42
2024-01-03 01:30:00,531.6666666666666,22.2,32.42
2024-01-03 02:00:00,505.6666666666667,22.3,32.42
2024-01-03 02:30:00,512.6666666666666,22.333333333333332,32.160000000000004
2024-01-03 03:00:00,519.0,22.399999999999995,32.03
2024-01-03 03:30:00,529.0,22.399999999999995,32.03
2024-01-03 04:00:00,527.0,22.399999999999995,32.03
2024-01-03 04:30:00,506.3333333333333,22.399999999999995,32.03
2024-01-03 05:00:00,477.3333333333333,22.399999999999995,31.77
2024-01-03 05:30:00,497.3333333333333,22.399999999999995,31.64
2024-01-03 06:00:00,483.6666666666667,22.399999999999995,31.64
2024-01-03 06:30:00,524.3333333333334,22.433333333333334,31.64
2024-01-03 07:00:00,497.0,22.666666666666668,31.900000000000002
2024-01-03 07:30:00,512.3333333333334,22.7,31.900000000000002
2024-01-03 08:00:00,485.3333333333333,22.46666666666667,32.160000000000004
2024-01-03 08:30:00,580.6666666666666,21.933333333333334,34.24666666666667
2024-01-03 09:00:00,662.0,21.866666666666664,35.03
2024-01-03 09:30:00,662.6666666666666,21.933333333333334,34.11333333333334
2024-01-03 10:00:00,705.0,22.0,33.98
2024-01-03 10:30:00,737.3333333333334,22.133333333333336,33.59
2024-01-03 11:00:00,958.0,22.366666666666664,34.24666666666667
2024-01-03 11:30:00,1077.6666666666667,22.46666666666667,34.11333333333334
2024-01-03 12:00:00,1180.6666666666667,22.46666666666667,34.89666666666667
2024-01-03 12:30:00,929.3333333333334,22.3,33.98
2024-01-03 13:00:00,870.0,22.025,33.98
2024-01-03 13:30:00,761.0,21.96666666666667,33.59
2024-01-03 14:00:00,721.6666666666666,22.03333333333333,33.2
2024-01-03 14:30:00,648.6666666666666,22.166666666666668,32.81
2024-01-03 15:00:00,665.6666666666666,22.3,33.07
2024-01-03 15:30:00,834.3333333333334,22.666666666666668,33.85
2024-01-03 16:00:00,923.3333333333334,22.400000000000002,34.11333333333334
2024-01-03 16:30:00,899.6666666666666,21.933333333333334,35.03
2024-01-03 17:00:00,857.0,21.599999999999998,35.419999999999995
2024-01-03 17:30:00,848.6666666666666,21.433333333333334,35.809999999999995
2024-01-03 18:00:00,799.6666666666666,21.3,35.94
2024-01-03 18:30:00,758.0,21.2,35.94
2024-01-03 19:00:00,729.6666666666666,21.1,36.33
2024-01-03 19:30:00,743.6666666666666,21.0,36.46
2024-01-03 20:00:00,716.6666666666666,21.0,36.72
2024-01-03 20:30:00,749.5,20.9,36.72
2024-01-03 21:00:00,753.0,20.9,36.72
2024-01-03 21:30:00,740.0,20.8,36.72
2024-01-03 22:00:00,704.6666666666666,20.8,36.72
2024-01-03 22:30:00,705.0,20.8,36.72
2024-01-03 23:00:00,693.6666666666666,20.766666666666666,36.72
2024-01-03 23:30:00,699.3333333333334,20.7,36.72
2024-01-04 00:00:00,671.0,20.666666666666668,36.199999999999996
2024-01-04 00:30:00,610.0,20.6,34.9
2024-01-04 01:00:00,549.6666666666666,20.5,34.24666666666667
2024-01-04 01:30:00,537.6666666666666,20.5,33.85
2024-01-04 02:00:00,518.0,20.5,33.59
2024-01-04 02:30:00,537.0,20.5,33.2
2024-01-04 03:00:00,494.0,20.4,32.940000000000005
2024-01-04 03:30:00,496.6666666666667,20.433333333333334,32.550000000000004
2024-01-04 04:00:00,508.6666666666667,20.4,32.42
2024-01-04 04:30:00,507.6666666666667,20.366666666666664,32.42
2024-01-04 05:00:00,509.0,20.333333333333332,32.03
2024-01-04 05:30:00,477.3333333333333,20.333333333333332,31.900000000000002
2024-01-04 06:00:00,507.0,20.266666666666666,31.77
2024-01-04 06:30:00,456.3333333333333,20.2,31.38
2024-01-04 07:00:00,496.3333333333333,20.166666666666668,31.12
2024-01-04 07:30:00,530.3333333333334,20.2,30.599999999999998
2024-01-04 08:00:00,602.0,20.566666666666666,31.12
2024-01-04 08:30:00,612.3333333333334,20.933333333333334,30.34
2024-01-04 09:00:00,654.6666666666666,21.3,29.560000000000002
2024-01-04 09:30:00,855.0,21.7,30.99
2024-01-04 10:00:00,833.6666666666666,21.8,30.47
2024-01-04 10:30:00,1089.6666666666667,21.733333333333334,32.03
2024-01-04 11:00:00,1419.3333333333333,21.566666666666666,35.68
2024-01-04 11:30:00,1992.6666666666667,21.46666666666667,39.580000000000005
2024-01-04 12:00:00,2428.3333333333335,21.366666666666664,41.02
2024-01-04 12:30:00,2505.3333333333335,21.3,41.15
2024-01-04 13:00:00,2626.0,21.3,41.669999999999995
2024-01-04 13:30:00,2838.3333333333335,21.166666666666668,42.19
2024-01-04 14:00:00,2997.3333333333335,21.1,42.97
2024-01-04 14:30:00,2838.0,21.1,41.93
2024-01-04 15:00:00,2838.3333333333335,21.033333333333335,41.93
2024-01-04 15:30:00,1397.3333333333333,20.833333333333332,34.9
2024-01-04 16:00:00,1207.3333333333333,20.833333333333332,34.51
2024-01-04 16:30:00,1146.3333333333333,20.9,34.77
2024-01-04 17:00:00,1111.0,20.9,34.77
2024-01-04 17:30:00,1060.0,20.8,34.77
2024-01-04 18:00:00,1019.6666666666666,20.733333333333334,34.77
2024-01-04 18:30:00,981.0,20.7,34.77
2024-01-04 19:00:00,962.3333333333334,20.733333333333334,34.77
2024-01-04 19:30:00,919.3333333333334,20.766666666666666,34.77
2024-01-04 20:00:00,882.0,20.7,34.64000000000001
2024-01-04 20:30:00,868.0,20.7,34.77
2024-01-04 21:00:00,821.0,20.666666666666668,34.64000000000001
2024-01-04 21:30:00,803.6666666666666,20.666666666666668,34.64000000000001
2024-01-04 22:00:00,802.6666666666666,20.6,34.38
2024-01-04 22:30:00,778.5,20.6,34.38
2024-01-04 23:00:00,703.6666666666666,20.566666666666666,34.38
2024-01-04 23:30:00,706.0,20.5,34.38
2024-01-05 00:00:00,688.3333333333334,20.5,34.38
2024-01-05 00:30:00,708.3333333333334,20.466666666666665,34.38
2024-01-05 01:00:00,644.3333333333334,20.4,34.38
2024-01-05 01:30:00,661.3333333333334,20.4,34.38
2024-01-05 02:00:00,655.0,20.4,34.38
2024-01-05 02:30:00,659.6666666666666,20.333333333333332,34.24666666666667
2024-01-05 03:00:00,617.3333333333334,20.3,34.11333333333334
2024-01-05 03:30:00,631.6666666666666,20.3,33.98
2024-01-05 04:00:00,615.0,20.3,33.98
2024-01-05 04:30:00,582.3333333333334,20.233333333333334,33.98
2024-01-05 05:00:00,600.3333333333334,20.2,33.98
2024-01-05 05:30:00,587.0,20.2,33.98
2024-01-05 06:00:00,551.0,20.1,33.59
2024-01-05 06:30:00,568.0,20.1,33.46
2024-01-05 07:00:00,571.6666666666666,20.066666666666666,33.2
2024-01-05 07:30:00,550.6666666666666,20.0,32.940000000000005
2024-01-05 08:00:00,563.0,19.966666666666665,31.51
2024-01-05 08:30:00,604.6666666666666,19.8,28.78
2024-01-05 09:00:00,751.3333333333334,20.066666666666666,28.123333333333335
2024-01-05 09:30:00,920.0,20.366666666666667,28.253333333333334
2024-01-05 10:00:00,1484.6666666666667,20.833333333333332,32.550000000000004
2024-01-05 10:30:00,2149.6666666666665,21.066666666666666,36.589999999999996
2024-01-05 11:00:00,2525.3333333333335,21.0,38.410000000000004
2024-01-05 11:30:00,2373.3333333333335,20.7,37.89
2024-01-05 12:00:00,2679.6666666666665,20.599999999999998,39.449999999999996
2024-01-05 12:30:00,3289.0,20.5,42.19
2024-01-05 13:00:00,3710.6666666666665,20.5,43.75
2024-01-05 13:30:00,3553.6666666666665,20.433333333333334,43.1
2024-01-05 14:00:00,3248.6666666666665,20.333333333333332,42.71
2024-01-05 14:30:00,3143.6666666666665,20.433333333333334,41.54
2024-01-05 15:00:00,2815.0,20.366666666666664,39.97
2024-01-05 15:30:00,1294.0,20.033333333333335,32.03
2024-01-05 16:00:00,951.0,19.966666666666665,29.040000000000003
2024-01-05 16:30:00,813.6666666666666,20.2,27.599999999999998
2024-01-05 17:00:00,720.3333333333334,20.533333333333335,26.819999999999997
2024-01-05 17:30:00,757.3333333333334,20.766666666666666,26.17
2024-01-05 18:00:00,677.0,20.833333333333332,25.78
2024-01-05 18:30:00,640.6666666666666,20.9,25.650000000000002
2024-01-05 19:00:00,639.6666666666666,20.966666666666665,25.39
2024-01-05 19:30:00,617.0,21.0,25.52
2024-01-05 20:00:00,586.0,21.066666666666666,25.650000000000002
2024-01-05 20:30:00,575.3333333333334,21.066666666666666,25.39
2024-01-05 21:00:00,570.3333333333334,21.1,25.39
2024-01-05 21:30:00,587.3333333333334,21.1,25.39
2024-01-05 22:00:00,544.0,21.1,25.39
2024-01-05 22:30:00,554.6666666666666,21.133333333333336,25.39
2024-01-05 23:00:00,524.0,21.2,25.78
2024-01-05 23:30:00,518.6666666666666,21.2,25.78
2024-01-06 00:00:00,505.3333333333333,21.2,25.78
2024-01-06 00:30:00,527.0,21.2,25.78
2024-01-06 01:00:00,501.0,21.2,25.78
2024-01-06 01:30:00,498.6666666666667,21.266666666666666,25.78
2024-01-06 02:00:00,506.0,21.266666666666666,25.78
2024-01-06 02:30:00,495.3333333333333,21.266666666666666,25.650000000000002
2024-01-06 03:00:00,483.0,21.3,25.650000000000002
2024-01-06 03:30:00,494.3333333333333,21.3,25.39
2024-01-06 04:00:00,506.6666666666667,21.399999999999995,25.26
2024-01-06 04:30:00,504.0,21.46666666666667,25.0
2024-01-06 05:00:00,500.0,21.5,25.0
2024-01-06 05:30:00,470.0,21.5,24.61
2024-01-06 06:00:00,478.5,21.5,24.61
2024-01-06 06:30:00,492.0,21.53333333333333,24.48
2024-01-06 07:00:00,493.3333333333333,21.5,24.22
2024-01-06 07:30:00,535.6666666666666,21.399999999999995,24.22
2024-01-06 08:00:00,495.3333333333333,21.399999999999995,23.83
2024-01-06 08:30:00,501.0,21.399999999999995,23.83
2024-01-06 09:00:00,485.6666666666667,21.399999999999995,24.09
2024-01-06 09:30:00,497.0,21.399999999999995,24.22
2024-01-06 10:00:00,502.6666666666667,21.399999999999995,24.22
2024-01-06 10:30:00,478.3333333333333,21.399999999999995,24.349999999999998
2024-01-06 11:00:00,487.6666666666667,21.399999999999995,24.61
2024-01-06 11:30:00,529.6666666666666,21.5,25.39
2024-01-06 12:00:00,530.6666666666666,21.5,25.0
2024-01-06 12:30:00,552.0,21.5,24.87
2024-01-06 13:00:00,511.6666666666667,21.46666666666667,24.61
2024-01-06 13:30:00,498.3333333333333,21.399999999999995,24.61
2024-01-06 14:00:00,491.3333333333333,21.3,24.48
2024-01-06 14:30:00,492.6666666666667,21.3,24.349999999999998
2024-01-06 15:00:00,490.6666666666667,21.3,24.22
2024-01-06 15:30:00,478.6666666666667,21.3,23.959999999999997
2024-01-06 16:00:00,472.6666666666667,21.3,23.83
2024-01-06 16:30:00,503.3333333333333,21.3,23.83
2024-01-06 17:00:00,485.0,21.366666666666664,23.44
2024-01-06 17:30:00,476.6666666666667,21.333333333333332,23.44
2024-01-06 18:00:00,488.0,21.333333333333332,23.44
2024-01-06 18:30:00,478.6666666666667,21.399999999999995,23.05
2024-01-06 19:00:00,495.6666666666667,21.399999999999995,23.05
2024-01-06 19:30:00,489.3333333333333,21.366666666666664,23.180000000000003
2024-01-06 20:00:00,496.6666666666667,21.399999999999995,23.310000000000002
2024-01-06 20:30:00,478.6666666666667,21.399999999999995,23.310000000000002
2024-01-06 21:00:00,476.0,21.399999999999995,23.180000000000003
2024-01-06 21:30:00,459.3333333333333,21.399999999999995,23.05
2024-01-06 22:00:00,463.0,21.399999999999995,23.05
2024-01-06 22:30:00,496.3333333333333,21.399999999999995,23.05
2024-01-06 23:00:00,509.3333333333333,21.399999999999995,23.05
2024-01-06 23:30:00,457.3333333333333,21.399999999999995,23.05
2024-01-07 00:00:00,475.6666666666667,21.399999999999995,23.05
2024-01-07 00:30:00,451.3333333333333,21.399999999999995,23.05
2024-01-07 01:00:00,486.3333333333333,21.399999999999995,23.05
2024-01-07 01:30:00,468.6666666666667,21.399999999999995,22.92
2024-01-07 02:00:00,485.3333333333333,21.399999999999995,22.790000000000003
2024-01-07 02:30:00,478.6666666666667,21.399999999999995,22.92
2024-01-07 03:00:00,471.6666666666667,21.399999999999995,22.66
2024-01-07 03:30:00,468.6666666666667,21.433333333333334,22.66
2024-01-07 04:00:00,451.6666666666667,21.399999999999995,22.53
2024-01-07 04:30:00,478.0,21.399999999999995,22.53
2024-01-07 05:00:00,464.0,21.399999999999995,22.27
2024-01-07 05:30:00,466.6666666666667,21.3,22.27
2024-01-07 06:00:00,469.0,21.333333333333332,22.27
2024-01-07 06:30:00,484.3333333333333,21.3,22.27
2024-01-07 07:00:00,503.3333333333333,21.2,22.14
2024-01-07 07:30:00,466.6666666666667,21.2,22.01
2024-01-07 08:00:00,500.0,21.233333333333334,22.27
2024-01-07 08:30:00,446.3333333333333,21.233333333333334,22.27
2024-01-07 09:00:00,472.3333333333333,21.2,22.27
2024-01-07 09:30:00,493.6666666666667,21.2,22.53
2024-01-07 10:00:00,449.6666666666667,21.2,22.66
2024-01-07 10:30:00,480.3333333333333,21.266666666666666,22.66
2024-01-07 11:00:00,465.0,21.233333333333334,22.66
2024-01-07 11:30:00,512.0,21.3,22.790000000000003
2024-01-07 12:00:00,627.3333333333334,21.53333333333333,23.44
2024-01-07 12:30:00,524.3333333333334,21.599999999999998,22.790000000000003
2024-01-07 13:00:00,565.0,21.3,22.92
2024-01-07 13:30:00,504.3333333333333,21.133333333333336,23.180000000000003
2024-01-07 14:00:00,481.6666666666667,21.166666666666668,23.180000000000003
2024-01-07 14:30:00,504.0,21.233333333333334,23.05
2024-01-07 15:00:00,492.75,21.3,23.1475
2024-01-07 15:30:00,495.3333333333333,21.3,23.05
2024-01-07 16:00:00,472.0,21.3,23.310000000000002
2024-01-07 16:30:00,505.6666666666667,21.3,23.05
2024-01-07 17:00:00,478.3333333333333,21.3,22.92
2024-01-07 17:30:00,521.0,21.333333333333332,22.66
2024-01-07 18:00:00,521.6666666666666,21.3,22.66
2024-01-07 18:30:00,516.6666666666666,21.3,22.66
2024-01-07 19:00:00,483.6666666666667,21.3,22.66
2024-01-07 19:30:00,510.6666666666667,21.399999999999995,22.66
2024-01-07 20:00:00,491.3333333333333,21.399999999999995,22.66
2024-01-07 20:30:00,484.6666666666667,21.399999999999995,22.66
2024-01-07 21:00:00,503.6666666666667,21.46666666666667,22.66
2024-01-07 21:30:00,504.3333333333333,21.46666666666667,22.66
2024-01-07 22:00:00,486.0,21.433333333333334,22.66
2024-01-07 22:30:00,472.6666666666667,21.5,22.66
2024-01-07 23:00:00,489.3333333333333,21.5,22.66
2024-01-07 23:30:00,471.3333333333333,21.46666666666667,22.66
2024-01-08 00:00:00,479.0,21.5,22.66
2024-01-08 00:30:00,488.6666666666667,21.46666666666667,22.66
2024-01-08 01:00:00,460.75,21.424999999999997,22.66
2024-01-08 01:30:00,440.5,21.45,22.66
2024-01-08 02:00:00,443.6666666666667,21.399999999999995,22.790000000000003
2024-01-08 02:30:00,472.0,21.399999999999995,22.66
2024-01-08 03:00:00,471.3333333333333,21.399999999999995,22.66
2024-01-08 03:30:00,501.6666666666667,21.433333333333334,22.66
2024-01-08 04:00:00,476.3333333333333,21.46666666666667,22.66
2024-01-08 04:30:00,471.6666666666667,21.5,22.66
2024-01-08 05:00:00,474.6666666666667,21.566666666666666,22.66
2024-01-08 05:30:00,462.0,21.5,22.66
2024-01-08 06:00:00,463.0,21.5,22.53
2024-01-08 06:30:00,481.6666666666667,21.46666666666667,22.27
2024-01-08 07:00:00,515.6666666666666,21.433333333333334,22.27
2024-01-08 07:30:00,530.0,21.433333333333334,24.613333333333333
2024-01-08 08:00:00,583.3333333333334,21.633333333333336,27.343333333333334
2024-01-08 08:30:00,632.3333333333334,21.833333333333332,26.3
2024-01-08 09:00:00,592.3333333333334,21.666666666666668,26.430000000000003
2024-01-08 09:30:00,861.6666666666666,21.5,29.166666666666668
2024-01-08 10:00:00,1298.6666666666667,21.5,31.900000000000002
2024-01-08 10:30:00,2072.6666666666665,21.5,35.416666666666664
2024-01-08 11:00:00,2915.0,21.600000000000005,39.32333333333333
2024-01-08 11:30:00,3560.6666666666665,21.53333333333333,42.059999999999995
2024-01-08 12:00:00,4025.3333333333335,21.400000000000002,43.75
2024-01-08 12:30:00,4046.0,21.2,43.620000000000005
2024-01-08 13:00:00,3930.3333333333335,20.933333333333334,42.32
2024-01-08 13:30:00,3828.3333333333335,20.866666666666664,41.28
2024-01-08 14:00:00,3597.3333333333335,20.9,40.49
2024-01-08 14:30:00,3471.6666666666665,20.9,40.1
2024-01-08 15:00:00,3360.0,20.9,39.71
2024-01-08 15:30:00,3043.0,20.866666666666664,38.410000000000004
2024-01-08 16:00:00,2802.3333333333335,20.8,37.5
2024-01-08 16:30:00,2636.0,20.733333333333334,37.24
2024-01-08 17:00:00,2492.0,20.7,36.589999999999996
2024-01-08 17:30:00,2374.3333333333335,20.666666666666668,36.07
2024-01-08 18:00:00,2210.6666666666665,20.6,35.94
2024-01-08 18:30:00,2053.0,20.6,35.55
2024-01-08 19:00:00,1970.6666666666667,20.533333333333335,35.16
2024-01-08 19:30:00,1922.6666666666667,20.5,35.16
2024-01-08 20:00:00,1846.0,20.5,34.77
2024-01-08 20:30:00,1789.6666666666667,20.5,34.77
2024-01-08 21:00:00,1712.6666666666667,20.5,34.77
2024-01-08 21:30:00,1650.6666666666667,20.5,34.64000000000001
2024-01-08 22:00:00,1651.0,20.5,34.38
2024-01-08 22:30:00,1562.3333333333333,20.466666666666665,34.38
2024-01-08 23:00:00,1497.6666666666667,20.466666666666665,34.38
2024-01-08 23:30:00,1443.3333333333333,20.4,34.24666666666667
2024-01-09 00:00:00,1439.3333333333333,20.433333333333334,34.11333333333334
2024-01-09 00:30:00,1354.5,20.4,33.98
2024-01-09 01:00:00,1326.6666666666667,20.4,33.98
2024-01-09 01:30:00,1261.0,20.4,33.98
2024-01-09 02:00:00,1199.0,20.4,33.98
2024-01-09 02:30:00,1237.3333333333333,20.433333333333334,33.85
2024-01-09 03:00:00,1154.6666666666667,20.433333333333334,33.59
2024-01-09 03:30:00,1076.3333333333333,20.4,33.59
2024-01-09 04:00:00,1112.6666666666667,20.5,33.59
2024-01-09 04:30:00,1073.6666666666667,20.5,33.59
2024-01-09 05:00:00,1075.3333333333333,20.5,33.59
2024-01-09 05:30:00,1040.3333333333333,20.5,33.59
2024-01-09 06:00:00,974.0,20.433333333333334,33.59
2024-01-09 06:30:00,957.3333333333334,20.466666666666665,33.59
2024-01-09 07:00:00,945.3333333333334,20.4,33.46
2024-01-09 07:30:00,932.6666666666666,20.4,34.37666666666667
2024-01-09 08:00:00,800.6666666666666,20.233333333333334,32.42
2024-01-09 08:30:00,1201.3333333333333,20.866666666666667,35.03
2024-01-09 09:00:00,1186.6666666666667,21.2,35.809999999999995
2024-01-09 09:30:00,1322.0,21.166666666666668,35.94
2024-01-09 10:00:00,1178.3333333333333,21.066666666666666,34.77
2024-01-09 10:30:00,1377.6666666666667,21.0,36.07
2024-01-09 11:00:00,2118.3333333333335,21.133333333333336,39.843333333333334
2024-01-09 11:30:00,2924.3333333333335,21.266666666666666,43.75
2024-01-09 12:00:00,3751.3333333333335,21.233333333333334,45.96333333333334
2024-01-09 12:30:00,2315.3333333333335,21.0,38.93333333333333
2024-01-09 13:00:00,1795.0,20.900000000000002,38.54
2024-01-09 13:30:00,1841.3333333333333,21.333333333333332,37.89
2024-01-09 14:00:00,1354.0,21.366666666666664,36.85
2024-01-09 14:30:00,1100.0,21.233333333333334,34.376666666666665
2024-01-09 15:00:00,1003.0,21.25,33.005
2024-01-09 15:30:00,936.0,21.333333333333332,32.42
2024-01-09 16:00:00,904.0,21.566666666666666,31.38
2024-01-09 16:30:00,913.3333333333334,21.866666666666664,31.25
2024-01-09 17:00:00,930.6666666666666,22.0,31.51
2024-01-09 17:30:00,891.6666666666666,21.933333333333334,31.77
2024-01-09 18:00:00,873.3333333333334,21.7,32.29
2024-01-09 18:30:00,850.0,21.5,32.68
2024-01-09 19:00:00,842.6666666666666,21.333333333333332,33.07
2024-01-09 19:30:00,830.0,21.233333333333334,33.2
2024-01-09 20:00:00,813.3333333333334,21.2,33.59
2024-01-09 20:30:00,787.0,21.2,33.59
2024-01-09 21:00:00,784.3333333333334,21.166666666666668,33.59
2024-01-09 21:30:00,758.0,21.15,33.785
2024-01-09 22:00:00,736.0,21.1,33.85
2024-01-09 22:30:00,758.3333333333334,21.1,33.98
2024-01-09 23:00:00,751.0,21.1,33.98
2024-01-09 23:30:00,764.0,21.1,33.98
2024-01-10 00:00:00,769.6666666666666,21.1,33.98
2024-01-10 00:30:00,739.0,21.066666666666666,33.98
2024-01-10 01:00:00,719.0,21.066666666666666,34.24666666666667
2024-01-10 01:30:00,707.3333333333334,21.0,34.38
2024-01-10 02:00:00,701.0,21.0,34.38
2024-01-10 02:30:00,698.0,21.0,34.38
2024-01-10 03:00:00,692.6666666666666,21.0,34.38
2024-01-10 03:30:00,658.6666666666666,21.0,34.38
2024-01-10 04:00:00,677.0,21.0,34.38
2024-01-10 04:30:00,695.6666666666666,20.966666666666665,34.38
2024-01-10 05:00:00,662.3333333333334,20.933333333333334,34.38
2024-01-10 05:30:00,608.6666666666666,21.0,34.38
2024-01-10 06:00:00,644.6666666666666,21.033333333333335,34.38
2024-01-10 06:30:00,661.6666666666666,20.966666666666665,34.38
2024-01-10 07:00:00,642.6666666666666,20.9,34.38
2024-01-10 07:30:00,665.6666666666666,20.933333333333334,34.24666666666667
2024-01-10 08:00:00,695.3333333333334,20.866666666666664,37.11
2024-01-10 08:30:00,1077.6666666666667,21.133333333333336,39.97333333333333
2024-01-10 09:00:00,1881.6666666666667,21.433333333333334,44.79
2024-01-10 09:30:00,2261.0,21.46666666666667,46.61333333333334
2024-01-10 10:00:00,3215.0,21.5,50.910000000000004
2024-01-10 10:30:00,3603.0,21.53333333333333,52.080000000000005
2024-01-10 11:00:00,2706.3333333333335,21.46666666666667,47.52666666666667
2024-01-10 11:30:00,3258.5,21.725,49.5125
2024-01-10 12:00:00,2370.0,21.733333333333334,44.01
2024-01-10 12:30:00,2391.3333333333335,21.600000000000005,43.35999999999999
2024-01-10 13:00:00,2298.6666666666665,21.566666666666666,42.71
2024-01-10 13:30:00,2624.6666666666665,21.566666666666666,43.879999999999995
2024-01-10 14:00:00,3311.3333333333335,21.600000000000005,46.74666666666667
2024-01-10 14:30:00,2401.6666666666665,21.5,42.97
2024-01-10 15:00:00,1513.6666666666667,21.2,38.67
2024-01-10 15:30:00,1471.3333333333333,21.233333333333334,37.89
2024-01-10 16:00:00,1406.6666666666667,21.233333333333334,37.24
2024-01-10 16:30:00,1384.0,21.2,37.11
2024-01-10 17:00:00,1230.0,21.25,36.72
2024-01-10 17:30:00,1144.0,21.133333333333336,36.72
2024-01-10 18:00:00,1088.6666666666667,21.1,36.46
2024-01-10 18:30:00,1095.0,21.1,36.33
2024-01-10 19:00:00,1031.6666666666667,21.033333333333335,36.46
2024-01-10 19:30:00,1052.8,21.0,36.72
2024-01-10 20:00:00,1037.6666666666667,21.0,36.72
2024-01-10 20:30:00,1008.6666666666666,21.0,36.72
2024-01-10 21:00:00,1006.6666666666666,20.9,36.85
2024-01-10 21:30:00,957.4,20.9,37.11
2024-01-10 22:00:00,971.3333333333334,20.9,36.98
2024-01-10 22:30:00,916.6666666666666,20.866666666666664,37.11
2024-01-10 23:00:00,927.6666666666666,20.833333333333332,37.11
2024-01-10 23:30:00,892.6,20.8,37.11
2024-01-11 00:00:00,930.0,20.8,37.11
2024-01-11 00:30:00,877.3333333333334,20.8,37.11
2024-01-11 01:00:00,901.3333333333334,20.8,37.11
2024-01-11 01:30:00,840.8,20.8,37.11
2024-01-11 02:00:00,830.0,20.8,37.11
2024-01-11 02:30:00,834.0,20.766666666666666,37.11
2024-01-11 03:00:00,848.3333333333334,20.733333333333334,37.11
2024-01-11 03:30:00,801.0,20.7,37.11
2024-01-11 04:00:00,799.3333333333334,20.7,37.11
2024-01-11 04:30:00,776.6,20.8,37.11
2024-01-11 05:00:00,772.6666666666666,20.733333333333334,37.11
2024-01-11 05:30:00,751.3333333333334,20.7,37.11
2024-01-11 06:00:00,771.3333333333334,20.766666666666666,37.11
2024-01-11 06:30:00,734.0,20.766666666666666,36.72
2024-01-11 07:00:00,736.6666666666666,20.7,36.85
2024-01-11 07:30:00,810.6666666666666,20.733333333333334,37.11
2024-01-11 08:00:00,1055.3333333333333,20.833333333333332,38.54
2024-01-11 08:30:00,1125.3333333333333,20.833333333333332,40.88666666666666
2024-01-11 09:00:00,1495.0,20.933333333333334,43.620000000000005
2024-01-11 09:30:00,2172.3333333333335,21.099999999999998,46.74666666666667
2024-01-11 10:00:00,3130.0,21.266666666666666,52.47333333333333
2024-01-11 10:30:00,3309.3333333333335,21.399999999999995,53.123333333333335
2024-01-11 11:00:00,2289.3333333333335,21.366666666666664,48.18
2024-01-11 11:30:00,2888.6666666666665,21.433333333333334,49.74
2024-01-11 12:00:00,4038.0,21.733333333333334,55.080000000000005
2024-01-11 12:30:00,4038.0,21.7,55.339999999999996
2024-01-11 13:00:00,3329.3333333333335,21.599999999999998,50.65
2024-01-11 13:30:00,3148.8,21.439999999999998,49.608
2024-01-11 14:00:00,1879.3333333333333,21.366666666666664,43.23
2024-01-11 14:30:00,1555.6666666666667,21.2,40.88666666666666
2024-01-11 15:00:00,1384.0,21.1,39.32
2024-01-11 15:30:00,1153.0,20.966666666666665,37.5
2024-01-11 16:00:00,1085.0,20.9,37.5
2024-01-11 16:30:00,1044.6666666666667,20.9,37.76
2024-01-11 17:00:00,1007.3333333333334,20.8,37.89
2024-01-11 17:30:00,1009.0,20.8,38.02
2024-01-11 18:00:00,967.3333333333334,20.8,38.28
2024-01-11 18:30:00,934.0,20.759999999999998,38.04600000000001
2024-01-11 19:00:00,944.0,20.733333333333334,38.28
2024-01-11 19:30:00,920.6,20.7,38.28
2024-01-11 20:00:00,902.3333333333334,20.7,38.28
2024-01-11 20:30:00,894.2,20.7,38.124
2024-01-11 21:00:00,863.8,20.7,38.28
2024-01-11 21:30:00,855.3333333333334,20.7,38.15
2024-01-11 22:00:00,842.2,20.7,37.89
2024-01-11 22:30:00,845.0,20.7,37.89
2024-01-11 23:00:00,842.0,20.666666666666668,37.89
2024-01-11 23:30:00,801.0,20.633333333333336,37.89
2024-01-12 00:00:00,828.8,20.6,37.734
2024-01-12 00:30:00,796.6666666666666,20.666666666666668,37.5
2024-01-12 01:00:00,819.6666666666666,20.6,37.5
2024-01-12 01:30:00,763.0,20.566666666666666,37.5
2024-01-12 02:00:00,768.4,20.52,37.5
2024-01-12 02:30:00,747.6666666666666,20.5,37.37
2024-01-12 03:00:00,725.0,20.5,37.37
2024-01-12 03:30:00,711.3333333333334,20.5,37.11
2024-01-12 04:00:00,727.6,20.5,37.11
2024-01-12 04:30:00,685.3333333333334,20.5,37.11
2024-01-12 05:00:00,672.0,20.466666666666665,36.98
2024-01-12 05:30:00,671.6666666666666,20.5,36.72
2024-01-12 06:00:00,670.8,20.5,36.72
2024-01-12 06:30:00,682.0,20.4,36.589999999999996
2024-01-12 07:00:00,655.3333333333334,20.4,36.33
2024-01-12 07:30:00,659.3333333333334,20.366666666666664,36.33
2024-01-12 08:00:00,604.0,20.18,33.67
2024-01-12 08:30:00,662.6666666666666,19.866666666666667,32.68
2024-01-12 09:00:00,821.0,20.5,34.376666666666665
2024-01-12 09:30:00,811.6666666666666,20.933333333333334,36.07
2024-01-12 10:00:00,1061.0,21.22,35.39399999999999
2024-01-12 10:30:00,1410.0,21.333333333333332,37.89
2024-01-12 11:00:00,1838.3333333333333,21.3,40.1
2024-01-12 11:30:00,2255.6666666666665,21.2,41.800000000000004
2024-01-12 12:00:00,2465.3333333333335,21.1,43.49
2024-01-12 12:30:00,1566.6666666666667,21.0,40.49333333333333
2024-01-12 13:00:00,1952.0,21.2,44.92333333333334
2024-01-12 13:30:00,2919.6666666666665,88.0,41.410000000000004
2024-01-12 14:00:00,3889.4,181.5,32.504000000000005
2024-01-12 14:30:00,3649.6,221.44,25.744
2024-01-12 15:00:00,1310.3333333333333,20.933333333333334,37.89
2024-01-12 15:30:00,1270.0,20.95,37.89
2024-01-12 16:00:00,1242.3333333333333,21.066666666666666,37.89
2024-01-12 16:30:00,1229.6666666666667,20.966666666666665,38.02
2024-01-12 17:00:00,1175.0,20.9,38.28
2024-01-12 17:30:00,1164.6,20.9,37.89
2024-01-12 18:00:00,1069.0,20.833333333333332,37.89
2024-01-12 18:30:00,1072.3333333333333,20.8,37.89
2024-01-12 19:00:00,1014.6666666666666,20.833333333333332,37.89
2024-01-12 19:30:00,1016.6666666666666,20.8,37.89
2024-01-12 20:00:00,979.3333333333334,20.8,37.89
2024-01-12 20:30:00,952.6666666666666,20.8,37.63
2024-01-12 21:00:00,918.3333333333334,20.8,37.5
2024-01-12 21:30:00,922.6666666666666,20.8,37.5
2024-01-12 22:00:00,891.4,20.8,37.5
2024-01-12 22:30:00,870.1428571428571,20.8,37.5
2024-01-12 23:00:00,862.3333333333334,20.8,37.24
2024-01-12 23:30:00,826.3333333333334,20.8,37.11
2024-01-13 00:00:00,840.6666666666666,20.8,37.11
2024-01-13 00:30:00,814.0,20.8,37.11
2024-01-13 01:00:00,779.0,20.8,36.98
2024-01-13 01:30:00,748.6666666666666,20.8,36.98
2024-01-13 02:00:00,737.0,20.8,36.72
2024-01-13 02:30:00,755.1428571428571,20.8,36.71999999999999
2024-01-13 03:00:00,736.0,20.8,36.72
2024-01-13 03:30:00,729.0,20.8,36.72
2024-01-13 04:00:00,743.0,20.8,36.72
2024-01-13 04:30:00,722.3333333333334,20.8,36.72
2024-01-13 05:00:00,708.0,20.8,36.589999999999996
2024-01-13 05:30:00,695.7142857142857,20.9,36.71999999999999
2024-01-13 06:00:00,663.0,20.833333333333332,36.589999999999996
2024-01-13 06:30:00,679.3333333333334,20.833333333333332,36.33
2024-01-13 07:00:00,652.3333333333334,20.866666666666664,36.33
2024-01-13 07:30:00,652.0,20.85,36.33
2024-01-13 08:00:00,664.3333333333334,20.8,36.33
2024-01-13 08:30:00,618.6666666666666,20.833333333333332,36.33
2024-01-13 09:00:00,614.0,20.833333333333332,36.33
2024-01-13 09:30:00,593.0,20.9,36.33
2024-01-13 10:00:00,587.0,20.9,36.33
2024-01-13 10:30:00,606.0,20.9,36.33
2024-01-13 11:00:00,609.0,20.9,36.33
2024-01-13 11:30:00,615.0,20.9,36.33
2024-01-13 12:00:00,591.0,20.9,36.33
2024-01-13 12:30:00,603.0,20.966666666666665,36.33
2024-01-13 13:00:00,561.3333333333334,21.0,36.33
2024-01-13 13:30:00,579.0,21.0,36.33
2024-01-13 14:00:00,567.6666666666666,21.0,36.33
2024-01-13 14:30:00,560.0,21.0,36.33
2024-01-13 15:00:00,531.3333333333334,21.0,36.33
2024-01-13 15:30:00,549.3333333333334,21.0,36.33
2024-01-13 16:00:00,540.3333333333334,21.0,36.33
2024-01-13 16:30:00,549.0,21.033333333333335,36.33
2024-01-13 17:00:00,564.0,21.066666666666666,36.07
2024-01-13 17:30:00,560.0,21.066666666666666,35.94
2024-01-13 18:00:00,533.8,21.060000000000002,35.94
2024-01-13 18:30:00,554.0,21.1,35.94
2024-01-13 19:00:00,514.6666666666666,21.1,35.94
2024-01-13 19:30:00,509.6666666666667,21.1,35.94
2024-01-13 20:00:00,512.8,21.1,35.94
2024-01-13 20:30:00,479.0,21.1,35.94
2024-01-13 21:00:00,524.0,21.133333333333336,35.94
2024-01-13 21:30:00,510.2,21.1,35.94
2024-01-13 22:00:00,519.3333333333334,21.1,35.94
2024-01-13 22:30:00,536.3333333333334,21.1,35.94
2024-01-13 23:00:00,543.3333333333334,21.1,35.94
2024-01-13 23:30:00,536.6666666666666,21.1,35.94
2024-01-14 00:00:00,520.3333333333334,21.1,35.94
2024-01-14 00:30:00,515.6666666666666,21.1,35.94
2024-01-14 01:00:00,518.8,21.1,35.94
2024-01-14 01:30:00,509.6666666666667,21.1,35.94
2024-01-14 02:00:00,569.8,21.0,35.94
2024-01-14 02:30:00,536.3333333333334,21.0,35.94
2024-01-14 03:00:00,526.3333333333334,21.0,35.94
2024-01-14 03:30:00,505.3333333333333,21.0,35.94
2024-01-14 04:00:00,536.6666666666666,21.0,35.809999999999995
2024-01-14 04:30:00,541.0,21.0,35.809999999999995
2024-01-14 05:00:00,528.6666666666666,21.0,35.809999999999995
2024-01-14 05:30:00,506.0,21.0,35.68
2024-01-14 06:00:00,503.5,20.9,35.55
2024-01-14 06:30:00,503.57142857142856,20.9,35.77285714285714
2024-01-14 07:00:00,531.3333333333334,20.866666666666664,35.55
2024-01-14 07:30:00,526.0,20.833333333333332,35.55
2024-01-14 08:00:00,533.6666666666666,20.833333333333332,35.55
2024-01-14 08:30:00,544.6666666666666,20.8,35.55
2024-01-14 09:00:00,519.6666666666666,20.8,35.55
2024-01-14 09:30:00,495.6666666666667,20.833333333333332,35.419999999999995
2024-01-14 10:00:00,501.3333333333333,20.833333333333332,35.29
2024-01-14 10:30:00,520.3333333333334,20.8,35.419999999999995
2024-01-14 11:00:00,524.0,20.8,35.55
2024-01-14 11:30:00,505.0,20.866666666666664,35.55
2024-01-14 12:00:00,502.3333333333333,20.866666666666664,35.55
2024-01-14 12:30:00,540.4,20.8,35.55
2024-01-14 13:00:00,507.3333333333333,20.8,35.55
2024-01-14 13:30:00,507.3333333333333,20.9,35.55
2024-01-14 14:00:00,512.0,20.9,35.55
2024-01-14 14:30:00,516.6666666666666,20.9,35.55
2024-01-14 15:00:00,482.6666666666667,20.9,35.55
2024-01-14 15:30:00,536.6666666666666,20.9,35.55
2024-01-14 16:00:00,502.6666666666667,20.9,35.55
2024-01-14 16:30:00,514.0,20.9,35.238
2024-01-14 17:00:00,512.6666666666666,20.933333333333334,35.29
2024-01-14 17:30:00,513.3333333333334,20.933333333333334,35.16
2024-01-14 18:00:00,512.0,20.9,35.16
2024-01-14 18:30:00,508.6666666666667,20.9,35.16
2024-01-14 19:00:00,475.0,20.966666666666665,35.16
2024-01-14 19:30:00,514.6666666666666,21.0,35.16
2024-01-14 20:00:00,495.6,21.0,35.16
2024-01-14 20:30:00,490.4,21.0,35.16
2024-01-14 21:00:00,484.0,21.0,35.16
2024-01-14 21:30:00,503.3333333333333,21.0,35.29
2024-01-14 22:00:00,494.3333333333333,20.966666666666665,35.16
2024-01-14 22:30:00,495.2,21.0,35.39399999999999
2024-01-14 23:00:00,499.0,21.0,35.16
2024-01-14 23:30:00,514.6666666666666,21.0,35.16
2024-01-15 00:00:00,443.6666666666667,20.966666666666665,35.16
2024-01-15 00:30:00,490.4,21.0,35.16
2024-01-15 01:00:00,471.6666666666667,21.0,35.16
2024-01-15 01:30:00,481.3333333333333,21.0,35.16
2024-01-15 02:00:00,500.0,21.0,35.16
2024-01-15 02:30:00,482.8,21.0,35.16
2024-01-15 03:00:00,475.6666666666667,21.0,35.16
2024-01-15 03:30:00,480.0,20.9,35.16
2024-01-15 04:00:00,489.0,20.9,35.16
2024-01-15 04:30:00,500.2,20.9,35.16
2024-01-15 05:00:00,511.5,20.9,35.16
2024-01-15 05:30:00,462.0,20.9,35.16
2024-01-15 06:00:00,479.6666666666667,20.9,35.16
2024-01-15 06:30:00,495.0,20.866666666666664,35.03
2024-01-15 07:00:00,503.3333333333333,20.9,34.77
2024-01-15 07:30:00,541.4285714285714,20.82857142857143,34.544285714285714
2024-01-15 08:00:00,584.0,20.7,33.59
2024-01-15 08:30:00,645.2,20.8,33.35600000000001
2024-01-15 09:00:00,729.3333333333334,21.099999999999998,33.59
2024-01-15 09:30:00,885.3333333333334,21.5,33.59
2024-01-15 10:00:00,1143.0,21.766666666666666,35.03
2024-01-15 10:30:00,1192.0,21.733333333333334,36.07
2024-01-15 11:00:00,1320.6666666666667,21.633333333333336,36.46
2024-01-15 11:30:00,2079.0,21.633333333333336,39.58
2024-01-15 12:00:00,2484.3333333333335,21.5,41.666666666666664
2024-01-15 12:30:00,2752.0,21.399999999999995,42.839999999999996
2024-01-15 13:00:00,3021.6666666666665,21.3,44.01
2024-01-15 13:30:00,3347.3333333333335,21.233333333333334,44.919999999999995
2024-01-15 14:00:00,2746.8,21.060000000000002,43.124
2024-01-15 14:30:00,1409.0,20.939999999999998,35.706
2024-01-15 15:00:00,1333.0,20.933333333333334,34.376666666666665
2024-01-15 15:30:00,1688.0,21.133333333333336,36.199999999999996
2024-01-15 16:00:00,1553.6666666666667,21.0,35.419999999999995
2024-01-15 16:30:00,1449.6666666666667,20.833333333333332,35.55
2024-01-15 17:00:00,1368.0,20.666666666666668,35.55
2024-01-15 17:30:00,1281.3333333333333,20.566666666666666,35.68
2024-01-15 18:00:00,1256.3333333333333,20.5,35.94
2024-01-15 18:30:00,1209.3333333333333,20.5,35.809999999999995
2024-01-15 19:00:00,1148.6666666666667,20.466666666666665,35.94
2024-01-15 19:30:00,1138.6666666666667,20.366666666666664,35.94
2024-01-15 20:00:00,1146.5,20.35,35.94
2024-01-15 20:30:00,1098.2,20.34,35.94
2024-01-15 21:00:00,1060.3333333333333,20.3,36.33
2024-01-15 21:30:00,1043.3333333333333,20.3,36.07
2024-01-15 22:00:00,1049.6666666666667,20.3,35.94
2024-01-15 22:30:00,1020.6,20.3,36.096
2024-01-15 23:00:00,988.2,20.28,35.94
2024-01-15 23:30:00,939.3333333333334,20.233333333333334,35.94
2024-01-16 00:00:00,910.0,20.2,35.94
2024-01-16 00:30:00,897.8333333333334,20.2,35.94
2024-01-16 01:00:00,899.8,20.2,35.784
2024-01-16 01:30:00,862.3333333333334,20.166666666666668,35.55
2024-01-16 02:00:00,841.3333333333334,20.133333333333336,35.55
2024-01-16 02:30:00,839.2,20.12,35.471999999999994
2024-01-16 03:00:00,846.0,20.1,35.419999999999995
2024-01-16 03:30:00,802.3333333333334,20.1,35.16
2024-01-16 04:00:00,798.6666666666666,20.1,35.29
2024-01-16 04:30:00,771.0,20.066666666666666,35.16
2024-01-16 05:00:00,780.6666666666666,20.0,35.16
2024-01-16 05:30:00,747.0,19.933333333333334,35.16
2024-01-16 06:00:00,726.0,19.9,35.03
2024-01-16 06:30:00,727.6666666666666,19.866666666666664,34.77
2024-01-16 07:00:00,721.3333333333334,19.8,34.64000000000001
2024-01-16 07:30:00,622.0,19.7,33.2
2024-01-16 08:00:00,627.6666666666666,19.866666666666667,33.07
2024-01-16 08:30:00,621.6,19.98,31.639999999999997
2024-01-16 09:00:00,716.0,19.833333333333332,30.599999999999998
2024-01-16 09:30:00,1099.3333333333333,20.466666666666665,33.07
2024-01-16 10:00:00,1629.3333333333333,20.7,35.68
2024-01-16 10:30:00,2099.0,20.666666666666668,37.89
2024-01-16 11:00:00,2636.0,20.533333333333335,41.01666666666667
2024-01-16 11:30:00,3155.0,20.4,43.945
2024-01-16 12:00:00,3324.0,20.366666666666664,44.27
2024-01-16 12:30:00,2330.6666666666665,20.166666666666668,40.623333333333335
2024-01-16 13:00:00,2755.3333333333335,20.1,42.839999999999996
2024-01-16 13:30:00,3202.5,20.1,44.335
2024-01-16 14:00:00,3463.3333333333335,20.066666666666666,44.79
2024-01-16 14:30:00,3674.0,20.1,45.44
2024-01-16 15:00:00,3942.6666666666665,20.1,45.830000000000005
2024-01-16 15:30:00,4038.0,20.166666666666668,46.48333333333333
2024-01-16 16:00:00,4038.0,20.133333333333336,47.27
2024-01-16 16:30:00,3729.3333333333335,20.066666666666666,45.31333333333333
2024-01-16 17:00:00,3490.0,20.0,43.879999999999995
2024-01-16 17:30:00,3291.0,19.933333333333334,43.1
2024-01-16 18:00:00,3051.6666666666665,19.933333333333334,42.32
2024-01-16 18:30:00,2767.6666666666665,19.966666666666665,41.54
2024-01-16 19:00:00,2561.6,19.9,41.02
2024-01-16 19:30:00,2494.6666666666665,19.9,40.62
2024-01-16 20:00:00,2291.3333333333335,19.933333333333334,40.1
2024-01-16 20:30:00,2193.0,19.966666666666665,39.71
2024-01-16 21:00:00,2112.6666666666665,20.0,39.32
2024-01-16 21:30:00,2024.3333333333333,20.0,39.06
2024-01-16 22:00:00,1883.0,20.0,38.93
2024-01-16 22:30:00,1795.0,20.0,38.67
2024-01-16 23:00:00,1697.3333333333333,20.0,38.28
2024-01-16 23:30:00,1662.0,20.066666666666666,38.28
2024-01-17 00:00:00,1582.5,20.1,37.89
2024-01-17 00:30:00,1512.3333333333333,20.1,37.89
2024-01-17 01:00:00,1463.6666666666667,20.133333333333336,37.63
2024-01-17 01:30:00,1407.6666666666667,20.166666666666668,37.5
2024-01-17 02:00:00,1340.3333333333333,20.2,37.11
2024-01-17 02:30:00,1265.6666666666667,20.233333333333334,37.11
2024-01-17 03:00:00,1213.4,20.28,36.95399999999999
2024-01-17 03:30:00,1183.0,20.266666666666666,36.72
2024-01-17 04:00:00,1132.6666666666667,20.266666666666666,36.72
2024-01-17 04:30:00,1092.0,20.3,36.72
2024-01-17 05:00:00,1060.4,20.38,36.486000000000004
2024-01-17 05:30:00,1051.0,20.333333333333332,36.46
2024-01-17 06:00:00,1027.3333333333333,20.366666666666664,36.46
2024-01-17 06:30:00,995.0,20.333333333333332,36.33
2024-01-17 07:00:00,992.3333333333334,20.4,36.33
2024-01-17 07:30:00,806.6666666666666,20.333333333333332,37.37
2024-01-17 08:00:00,735.0,20.366666666666664,36.199999999999996
2024-01-17 08:30:00,658.3333333333334,20.333333333333332,35.29
2024-01-17 09:00:00,767.3333333333334,20.7,35.03
2024-01-17 09:30:00,849.0,21.133333333333333,35.160000000000004
2024-01-17 10:00:00,853.0,21.400000000000002,34.50666666666667
2024-01-17 10:30:00,941.3333333333334,21.566666666666666,34.24666666666667
2024-01-17 11:00:00,1063.6666666666667,21.333333333333332,35.03
2024-01-17 11:30:00,1394.6666666666667,21.3,36.72
2024-01-17 12:00:00,1592.6666666666667,21.2,38.67
2024-01-17 12:30:00,1231.0,21.066666666666666,36.72
2024-01-17 13:00:00,1135.8,20.96,35.705999999999996
2024-01-17 13:30:00,1046.2,20.9,35.55
2024-01-17 14:00:00,1019.0,20.9,34.458000000000006
2024-01-17 14:30:00,1217.3333333333333,21.099999999999998,36.07
2024-01-17 15:00:00,1632.0,21.166666666666668,38.54
2024-01-17 15:30:00,2105.0,21.133333333333336,40.623333333333335
2024-01-17 16:00:00,2185.6666666666665,21.0,41.02
2024-01-17 16:30:00,2153.3333333333335,21.033333333333335,40.36666666666667
2024-01-17 17:00:00,1047.6666666666667,20.733333333333334,34.89666666666667
2024-01-17 17:30:00,840.2,20.78,33.278000000000006
2024-01-17 18:00:00,705.3333333333334,21.099999999999998,32.03
2024-01-17 18:30:00,673.6666666666666,21.46666666666667,31.12
2024-01-17 19:00:00,679.6666666666666,21.666666666666668,30.47
2024-01-17 19:30:00,679.0,21.866666666666664,30.209999999999997
2024-01-17 20:00:00,760.0,21.96666666666667,30.08
2024-01-17 20:30:00,737.3333333333334,22.0,30.08
2024-01-17 21:00:00,732.3333333333334,22.03333333333333,30.08
2024-01-17 21:30:00,716.0,22.066666666666666,30.08
2024-01-17 22:00:00,747.3333333333334,22.066666666666666,30.08
2024-01-17 22:30:00,722.0,22.0,30.08
2024-01-17 23:00:00,752.0,22.0,30.079999999999995
2024-01-17 23:30:00,674.3333333333334,21.96666666666667,29.95
2024-01-18 00:00:00,700.6666666666666,22.0,29.69
2024-01-18 00:30:00,668.0,22.0,29.69
2024-01-18 01:00:00,629.0,22.0,29.3
2024-01-18 01:30:00,647.3333333333334,22.0,29.17
2024-01-18 02:00:00,611.0,22.0,28.91
2024-01-18 02:30:00,605.6666666666666,22.0,28.91
2024-01-18 03:00:00,579.6666666666666,22.0,28.91
2024-01-18 03:30:00,568.3333333333334,22.0,28.52
2024-01-18 04:00:00,573.3333333333334,22.133333333333336,28.52
2024-01-18 04:30:00,553.4285714285714,22.3,28.91
2024-01-18 05:00:00,578.8,22.119999999999997,29.144
2024-01-18 05:30:00,575.0,21.833333333333332,29.95
2024-01-18 06:00:00,535.0,21.585714285714285,30.302857142857142
2024-01-18 06:30:00,505.6666666666667,21.333333333333332,30.86
2024-01-18 07:00:00,695.0,21.2,32.03
2024-01-18 07:30:00,1199.3333333333333,21.266666666666666,35.68
2024-01-18 08:00:00,1289.3333333333333,21.2,36.199999999999996
2024-01-18 08:30:00,1288.0,21.1,36.33
2024-01-18 09:00:00,1268.0,21.1,35.809999999999995
2024-01-18 09:30:00,1334.2,21.1,36.486000000000004
2024-01-18 10:00:00,1375.3333333333333,21.1,36.589999999999996
2024-01-18 10:30:00,1595.0,21.166666666666668,39.06
2024-01-18 11:00:00,1922.0,21.133333333333336,41.41
2024-01-18 11:30:00,2074.3333333333335,21.1,41.28
2024-01-18 12:00:00,2055.3333333333335,21.1,41.669999999999995
2024-01-18 12:30:00,1896.3333333333333,21.0,39.97333333333333
2024-01-18 13:00:00,1603.0,21.033333333333335,38.02
2024-01-18 13:30:00,1370.3333333333333,21.2,35.809999999999995
2024-01-18 14:00:00,1326.3333333333333,21.03333333333333,35.16
2024-01-18 14:30:00,1155.0,20.766666666666666,33.85333333333333
2024-01-18 15:00:00,1111.3333333333333,20.666666666666668,33.59
2024-01-18 15:30:00,1138.3333333333333,20.7,34.64000000000001
2024-01-18 16:00:00,1150.2,20.68,34.926
2024-01-18 16:30:00,1104.0,20.666666666666668,34.9
2024-01-18 17:00:00,1058.0,20.8,34.77
2024-01-18 17:30:00,1028.0,20.733333333333334,34.77
2024-01-18 18:00:00,986.3333333333334,20.7,34.77
2024-01-18 18:30:00,938.5,20.65,34.77
2024-01-18 19:00:00,920.6666666666666,20.6,34.77
2024-01-18 19:30:00,937.3333333333334,20.6,34.77
2024-01-18 20:00:00,925.0,20.6,34.77
2024-01-18 20:30:00,911.3333333333334,20.533333333333335,34.9
2024-01-18 21:00:00,869.0,20.5,35.16
2024-01-18 21:30:00,857.6666666666666,20.5,35.16
2024-01-18 22:00:00,818.0,20.466666666666665,35.16
2024-01-18 22:30:00,831.3333333333334,20.5,35.16
2024-01-18 23:00:00,817.0,20.5,35.16
2024-01-18 23:30:00,802.2,20.4,35.315999999999995
2024-01-19 00:00:00,821.3333333333334,20.4,35.419999999999995
2024-01-19 00:30:00,763.3333333333334,20.4,35.419999999999995
2024-01-19 01:00:00,775.3333333333334,20.4,35.55
2024-01-19 01:30:00,777.8,20.36,35.55
2024-01-19 02:00:00,775.6666666666666,20.4,35.55
2024-01-19 02:30:00,753.0,20.4,35.55
2024-01-19 03:00:00,767.0,20.4,35.55
2024-01-19 03:30:00,755.7142857142857,20.4,35.55
2024-01-19 04:00:00,739.6666666666666,20.4,35.55
2024-01-19 04:30:00,734.6666666666666,20.4,35.419999999999995
2024-01-19 05:00:00,709.3333333333334,20.433333333333334,35.55
2024-01-19 05:30:00,694.0,20.419999999999998,35.471999999999994
2024-01-19 06:00:00,708.6666666666666,20.5,35.29
2024-01-19 06:30:00,637.3333333333334,20.400000000000002,39.06333333333333
2024-01-19 07:00:00,639.3333333333334,20.433333333333334,41.14666666666667
2024-01-19 07:30:00,633.8,20.7,39.45
2024-01-19 08:00:00,661.3333333333334,20.8,38.67
2024-01-19 08:30:00,807.3333333333334,20.7,39.32
2024-01-19 09:00:00,1319.6666666666667,20.766666666666666,41.79666666666666
2024-01-19 09:30:00,1785.2,20.759999999999998,43.984
2024-01-19 10:00:00,1770.6666666666667,20.7,43.75
2024-01-19 10:30:00,1885.3333333333333,20.7,43.879999999999995
2024-01-19 11:00:00,1792.3333333333333,20.6,43.49
2024-01-19 11:30:00,1676.8,20.6,42.891999999999996
2024-01-19 12:00:00,1578.6666666666667,20.6,42.059999999999995
2024-01-19 12:30:00,1486.6666666666667,20.633333333333336,41.54
2024-01-19 13:00:00,1453.3333333333333,20.633333333333336,41.02
2024-01-19 13:30:00,1375.0,20.6,40.49
2024-01-19 14:00:00,1310.3333333333333,20.633333333333336,40.49
2024-01-19 14:30:00,1320.0,20.6,40.23
2024-01-19 15:00:00,1257.4,20.6,40.23
2024-01-19 15:30:00,1243.6,20.6,39.84
2024-01-19 16:00:00,1182.6666666666667,20.6,39.45
2024-01-19 16:30:00,1170.0,20.7,39.372
2024-01-19 17:00:00,1143.4,20.7,39.06
2024-01-19 17:30:00,1097.2,20.740000000000002,38.904
2024-01-19 18:00:00,1075.3333333333333,20.7,38.800000000000004
2024-01-19 18:30:00,1038.0,20.7,38.67
2024-01-19 19:00:00,1029.6666666666667,20.733333333333334,38.54
2024-01-19 19:30:00,992.0,20.766666666666666,38.28
2024-01-19 20:00:00,1003.6,20.8,38.28
2024-01-19 20:30:00,992.0,20.8,38.28
2024-01-19 21:00:00,948.6666666666666,20.8,38.28
2024-01-19 21:30:00,943.6,20.8,38.28
2024-01-19 22:00:00,945.6666666666666,20.8,38.28
2024-01-19 22:30:00,920.5714285714286,20.8,37.89
2024-01-19 23:00:00,934.2,20.8,37.89
2024-01-19 23:30:00,861.8,20.84,37.89
2024-01-20 00:00:00,888.0,20.866666666666664,37.89
2024-01-20 00:30:00,889.0,20.9,37.89
2024-01-20 01:00:00,826.0,20.9,37.89
2024-01-20 01:30:00,886.3333333333334,20.833333333333332,37.89
2024-01-20 02:00:00,843.4285714285714,20.9,37.667142857142856
2024-01-20 02:30:00,823.6666666666666,20.9,37.5
2024-01-20 03:00:00,814.0,21.0,37.5
2024-01-20 03:30:00,792.0,21.0,37.5
2024-01-20 04:00:00,808.0,21.0,37.5
2024-01-20 04:30:00,779.2,21.0,37.422000000000004
2024-01-20 05:00:00,789.6666666666666,21.0,37.37
2024-01-20 05:30:00,783.4,21.0,37.188
2024-01-20 06:00:00,774.6,21.0,37.11
2024-01-20 06:30:00,745.6666666666666,21.0,37.11
2024-01-20 07:00:00,728.7142857142857,21.0,37.11
2024-01-20 07:30:00,740.0,21.0,37.11
2024-01-20 08:00:00,717.0,21.0,37.11
2024-01-20 08:30:00,730.3333333333334,21.033333333333335,37.11
2024-01-20 09:00:00,680.3333333333334,21.066666666666666,37.11
2024-01-20 09:30:00,661.6666666666666,21.1,36.85
2024-01-20 10:00:00,662.0,21.1,36.72
2024-01-20 10:30:00,658.3333333333334,21.066666666666666,36.72
2024-01-20 11:00:00,641.3333333333334,21.1,36.72
2024-01-20 11:30:00,659.4,21.12,36.72
2024-01-20 12:00:00,658.0,21.1,36.589999999999996
2024-01-20 12:30:00,622.0,21.1,36.72
2024-01-20 13:00:00,617.6666666666666,21.133333333333336,36.589999999999996
2024-01-20 13:30:00,630.3333333333334,21.1,36.589999999999996
2024-01-20 14:00:00,607.3333333333334,21.133333333333336,36.33
2024-01-20 14:30:00,611.0,21.2,36.33
2024-01-20 15:00:00,562.6666666666666,21.2,36.33
2024-01-20 15:30:00,592.3333333333334,21.133333333333336,36.33
2024-01-20 16:00:00,602.6,21.18,36.33
2024-01-20 16:30:00,589.6666666666666,21.2,36.33
2024-01-20 17:00:00,596.4,21.2,36.33
2024-01-20 17:30:00,553.0,21.2,36.33
2024-01-20 18:00:00,603.6,21.2,36.33
2024-01-20 18:30:00,573.6666666666666,21.2,36.33
2024-01-20 19:00:00,618.3333333333334,21.2,36.33
2024-01-20 19:30:00,607.6666666666666,21.166666666666668,36.33
2024-01-20 20:00:00,560.2,21.18,36.33
2024-01-20 20:30:00,583.0,21.166666666666668,36.33
2024-01-20 21:00:00,579.3333333333334,21.166666666666668,36.46
2024-01-20 21:30:00,567.3333333333334,21.133333333333336,36.33
2024-01-20 22:00:00,572.6666666666666,21.2,36.589999999999996
2024-01-20 22:30:00,569.3333333333334,21.166666666666668,36.33
2024-01-20 23:00:00,555.6666666666666,21.2,36.46
2024-01-20 23:30:00,555.3333333333334,21.2,36.33
2024-01-21 00:00:00,554.0,21.2,36.33
2024-01-21 00:30:00,572.0,21.2,36.33
2024-01-21 01:00:00,548.0,21.2,36.33
2024-01-21 01:30:00,544.3333333333334,21.2,36.33
2024-01-21 02:00:00,542.4,21.2,36.408
2024-01-21 02:30:00,545.6666666666666,21.2,36.33
2024-01-21 03:00:00,556.0,21.2,36.33
2024-01-21 03:30:00,563.0,21.2,36.33
2024-01-21 04:00:00,553.6666666666666,21.2,36.33
2024-01-21 04:30:00,538.0,21.2,36.33
2024-01-21 05:00:00,550.3333333333334,21.2,36.33
2024-01-21 05:30:00,565.6666666666666,21.2,36.33
2024-01-21 06:00:00,536.2,21.2,36.174
2024-01-21 06:30:00,581.3333333333334,21.133333333333336,35.94
2024-01-21 07:00:00,527.0,21.1,35.94
2024-01-21 07:30:00,554.6666666666666,21.133333333333336,35.809999999999995
2024-01-21 08:00:00,532.6666666666666,21.1,35.55
2024-01-21 08:30:00,549.3333333333334,21.2,35.55
2024-01-21 09:00:00,552.6666666666666,21.133333333333336,35.55
2024-01-21 09:30:00,518.6666666666666,21.1,35.419999999999995
2024-01-21 10:00:00,586.2,21.1,35.16
2024-01-21 10:30:00,523.3333333333334,21.166666666666668,35.03
2024-01-21 11:00:00,536.3333333333334,21.133333333333336,34.9
2024-01-21 11:30:00,551.6666666666666,21.1,34.77
2024-01-21 12:00:00,518.6666666666666,21.133333333333336,34.77
2024-01-21 12:30:00,517.0,21.133333333333336,34.64000000000001
2024-01-21 13:00:00,516.0,21.133333333333336,34.38
2024-01-21 13:30:00,534.3333333333334,21.2,34.38
2024-01-21 14:00:00,535.4,21.2,34.38
2024-01-21 14:30:00,523.0,21.2,34.38
2024-01-21 15:00:00,485.0,21.2,34.38
2024-01-21 15:30:00,507.3333333333333,21.2,34.38
2024-01-21 16:00:00,527.3333333333334,21.2,34.38
2024-01-21 16:30:00,510.6666666666667,21.1,34.38
2024-01-21 17:00:00,533.3333333333334,21.1,34.38
2024-01-21 17:30:00,507.0,21.1,34.38
2024-01-21 18:00:00,525.6,21.1,34.38
2024-01-21 18:30:00,513.6666666666666,21.1,34.38
2024-01-21 19:00:00,509.6666666666667,21.166666666666668,34.38
2024-01-21 19:30:00,512.6666666666666,21.133333333333336,34.38
2024-01-21 20:00:00,509.4,21.14,34.38
2024-01-21 20:30:00,518.6666666666666,21.2,34.38
2024-01-21 21:00:00,503.6666666666667,21.2,34.38
2024-01-21 21:30:00,492.6666666666667,21.2,34.38
2024-01-21 22:00:00,518.0,21.2,34.38
2024-01-21 22:30:00,517.6666666666666,21.2,34.51
2024-01-21 23:00:00,507.3333333333333,21.166666666666668,34.38
2024-01-21 23:30:00,506.8,21.2,34.536
2024-01-22 00:00:00,508.0,21.15,34.77
2024-01-22 00:30:00,497.0,21.166666666666668,34.77
2024-01-22 01:00:00,516.0,21.166666666666668,34.64000000000001
2024-01-22 01:30:00,523.0,21.2,34.77
2024-01-22 02:00:00,509.85714285714283,21.2,34.65857142857143
2024-01-22 02:30:00,524.0,21.2,34.77
2024-01-22 03:00:00,529.3333333333334,21.2,34.77
2024-01-22 03:30:00,508.6666666666667,21.2,34.77
2024-01-22 04:00:00,475.14285714285717,21.2,34.77
2024-01-22 04:30:00,482.3333333333333,21.2,34.77
2024-01-22 05:00:00,481.0,21.2,34.77
2024-01-22 05:30:00,473.3333333333333,21.2,34.77
2024-01-22 06:00:00,490.4,21.2,34.77
2024-01-22 06:30:00,487.3333333333333,21.2,34.77
2024-01-22 07:00:00,479.6666666666667,21.2,34.77
2024-01-22 07:30:00,512.0,21.266666666666666,36.199999999999996
2024-01-22 08:00:00,523.8,21.3,40.308
2024-01-22 08:30:00,526.0,21.366666666666664,39.71
2024-01-22 09:00:00,540.6666666666666,21.399999999999995,39.32
2024-01-22 09:30:00,558.5,21.4,39.06
2024-01-22 10:00:00,535.6,21.5,38.67
2024-01-22 10:30:00,557.3333333333334,21.5,38.54
2024-01-22 11:00:00,514.3333333333334,21.600000000000005,38.28
2024-01-22 11:30:00,598.0,21.7,39.190000000000005
2024-01-22 12:00:00,672.6666666666666,21.8,39.32
2024-01-22 12:30:00,780.0,21.8,39.45
2024-01-22 13:00:00,777.3333333333334,21.733333333333334,39.580000000000005
2024-01-22 13:30:00,824.3333333333334,21.733333333333334,39.71
2024-01-22 14:00:00,919.6,21.82,39.84
2024-01-22 14:30:00,1053.3333333333333,21.933333333333334,39.84
2024-01-22 15:00:00,1121.0,21.96666666666667,40.1
2024-01-22 15:30:00,1120.3333333333333,22.0,39.71
2024-01-22 16:00:00,1061.75,21.975,39.45
2024-01-22 16:30:00,1041.0,21.899999999999995,39.45
2024-01-22 17:00:00,1003.8,21.9,39.294000000000004
2024-01-22 17:30:00,988.3333333333334,21.899999999999995,39.06
2024-01-22 18:00:00,971.6666666666666,21.899999999999995,39.06
2024-01-22 18:30:00,965.6666666666666,22.0,38.800000000000004
2024-01-22 19:00:00,976.0,21.933333333333334,38.800000000000004
2024-01-22 19:30:00,970.6666666666666,21.96666666666667,38.67
2024-01-22 20:00:00,933.0,22.0,38.67
2024-01-22 20:30:00,967.0,22.0,38.67
2024-01-22 21:00:00,981.6666666666666,22.0,38.67
2024-01-22 21:30:00,940.2,22.0,38.67
2024-01-22 22:00:00,898.6666666666666,22.0,38.410000000000004
2024-01-22 22:30:00,944.5,22.05,38.572500000000005
2024-01-22 23:00:00,936.6666666666666,22.066666666666666,38.28
2024-01-22 23:30:00,912.0,22.100000000000005,38.28
2024-01-23 00:00:00,885.6666666666666,22.066666666666666,38.28
2024-01-23 00:30:00,898.6,22.060000000000002,38.28
2024-01-23 01:00:00,900.0,22.066666666666666,38.28
2024-01-23 01:30:00,871.3333333333334,22.100000000000005,38.28
2024-01-23 02:00:00,873.3333333333334,22.0,38.28
2024-01-23 02:30:00,844.5,22.05,38.28
2024-01-23 03:00:00,854.3333333333334,22.100000000000005,38.28
2024-01-23 03:30:00,852.6666666666666,22.100000000000005,38.28
2024-01-23 04:00:00,832.6666666666666,22.0,38.28
2024-01-23 04:30:00,819.4,21.9,38.513999999999996
2024-01-23 05:00:00,822.6666666666666,21.899999999999995,38.54
2024-01-23 05:30:00,818.8,21.9,38.513999999999996
2024-01-23 06:00:00,788.6666666666666,21.899999999999995,38.28
2024-01-23 06:30:00,795.4,21.9,38.28
2024-01-23 07:00:00,753.3333333333334,21.866666666666664,38.28
2024-01-23 07:30:00,708.0,21.8,38.28
2024-01-23 08:00:00,718.0,21.8,38.28
2024-01-23 08:30:00,705.6666666666666,21.8,38.28
2024-01-23 09:00:00,705.3333333333334,21.8,38.410000000000004
2024-01-23 09:30:00,795.0,21.8,39.843333333333334
2024-01-23 10:00:00,925.0,21.866666666666664,40.49333333333333
2024-01-23 10:30:00,1104.4,22.0,41.02
2024-01-23 11:00:00,1217.6666666666667,22.0,41.28
2024-01-23 11:30:00,1037.0,22.066666666666666,40.49333333333333
2024-01-23 12:00:00,908.0,22.1,39.645
2024-01-23 12:30:00,816.6666666666666,22.100000000000005,39.190000000000005
2024-01-23 13:00:00,788.6666666666666,22.03333333333333,38.54
2024-01-23 13:30:00,664.0,22.0,38.28
2024-01-23 14:00:00,650.6666666666666,22.0,38.02
2024-01-23 14:30:00,625.0,21.96666666666667,37.89
2024-01-23 15:00:00,650.6666666666666,21.96666666666667,37.5
2024-01-23 15:30:00,630.6666666666666,21.96666666666667,37.24
2024-01-23 16:00:00,595.0,21.96666666666667,36.72
2024-01-23 16:30:00,573.8,21.86,36.486000000000004
2024-01-23 17:00:00,592.0,21.8,36.33
2024-01-23 17:30:00,583.0,21.8,36.33
2024-01-23 18:00:00,593.6666666666666,21.8,36.33
2024-01-23 18:30:00,574.0,21.833333333333332,36.33
2024-01-23 19:00:00,571.0,21.899999999999995,36.33
2024-01-23 19:30:00,548.6666666666666,21.899999999999995,36.07
2024-01-23 20:00:00,531.3333333333334,21.899999999999995,36.07
2024-01-23 20:30:00,553.6666666666666,21.899999999999995,36.33
2024-01-23 21:00:00,538.6666666666666,21.899999999999995,36.33
2024-01-23 21:30:00,547.3333333333334,21.833333333333332,36.33
2024-01-23 22:00:00,529.3333333333334,21.866666666666664,36.33
2024-01-23 22:30:00,556.2,21.86,36.33
2024-01-23 23:00:00,529.6666666666666,21.8,36.33
2024-01-23 23:30:00,518.3333333333334,21.8,36.33
2024-01-24 00:00:00,543.0,21.8,36.72
2024-01-24 00:30:00,530.0,21.7,36.72
2024-01-24 01:00:00,493.0,21.7,37.11
2024-01-24 01:30:00,492.0,21.7,37.11
2024-01-24 02:00:00,519.6666666666666,21.733333333333334,37.37
2024-01-24 02:30:00,495.0,21.7,37.76
2024-01-24 03:00:00,499.3333333333333,21.733333333333334,38.15
2024-01-24 03:30:00,524.0,21.7,38.54
2024-01-24 04:00:00,494.3333333333333,21.766666666666666,38.800000000000004
2024-01-24 04:30:00,529.0,21.8,38.54
2024-01-24 05:00:00,516.3333333333334,21.866666666666664,38.28
2024-01-24 05:30:00,529.0,21.899999999999995,38.28
2024-01-24 06:00:00,517.0,21.899999999999995,38.28
2024-01-24 06:30:00,511.0,21.939999999999998,38.28
2024-01-24 07:00:00,528.6666666666666,22.0,38.28
2024-01-24 07:30:00,533.0,22.03333333333333,38.28
2024-01-24 08:00:00,550.3333333333334,22.100000000000005,38.28
2024-01-24 08:30:00,680.6666666666666,22.100000000000005,39.190000000000005
2024-01-24 09:00:00,859.6,22.2,39.684000000000005
2024-01-24 09:30:00,1020.0,22.3,40.23
2024-01-24 10:00:00,1103.5,22.35,40.23
2024-01-24 10:30:00,1152.3333333333333,22.366666666666664,40.23
2024-01-24 11:00:00,1215.6666666666667,22.399999999999995,40.35999999999999
2024-01-24 11:30:00,966.0,22.333333333333332,40.35999999999999
2024-01-24 12:00:00,876.3333333333334,22.3,40.62
2024-01-24 12:30:00,818.3333333333334,22.2,40.62
2024-01-24 13:00:00,755.0,22.2,40.62
2024-01-24 13:30:00,736.3333333333334,22.233333333333334,40.62
2024-01-24 14:00:00,700.0,22.3,40.49
2024-01-24 14:30:00,726.0,22.3,40.62
2024-01-24 15:00:00,705.0,22.2,40.62
2024-01-24 15:30:00,697.6666666666666,22.2,40.62
2024-01-24 16:00:00,696.6666666666666,22.100000000000005,40.88666666666666
2024-01-24 16:30:00,672.3333333333334,22.100000000000005,41.02
2024-01-24 17:00:00,684.6666666666666,22.133333333333336,40.62
2024-01-24 17:30:00,724.0,22.133333333333336,40.23
2024-01-24 18:00:00,664.0,22.100000000000005,39.84
2024-01-24 18:30:00,651.6666666666666,22.100000000000005,39.71
2024-01-24 19:00:00,630.0,22.100000000000005,39.71
2024-01-24 19:30:00,650.2,22.2,39.528000000000006
2024-01-24 20:00:00,615.3333333333334,22.2,39.45
2024-01-24 20:30:00,655.0,22.266666666666666,39.45
2024-01-24 21:00:00,629.6666666666666,22.266666666666666,39.32
2024-01-24 21:30:00,588.0,22.2,39.06
2024-01-24 22:00:00,614.6666666666666,22.3,39.06
2024-01-24 22:30:00,571.0,22.266666666666666,39.06
2024-01-24 23:00:00,602.0,22.3,38.67
2024-01-24 23:30:00,589.6666666666666,22.3,38.67
2024-01-25 00:00:00,584.6666666666666,22.3,38.67
2024-01-25 00:30:00,587.6,22.32,38.28
2024-01-25 01:00:00,568.6666666666666,22.399999999999995,38.28
2024-01-25 01:30:00,562.6,22.4,38.28
2024-01-25 02:00:00,550.3333333333334,22.399999999999995,38.28
2024-01-25 02:30:00,524.3333333333334,22.366666666666664,38.02
2024-01-25 03:00:00,546.2,22.3,38.04600000000001
2024-01-25 03:30:00,528.6666666666666,22.3,37.89
2024-01-25 04:00:00,547.3333333333334,22.3,37.89
2024-01-25 04:30:00,544.3333333333334,22.3,37.89
2024-01-25 05:00:00,550.0,22.3,38.124
2024-01-25 05:30:00,549.0,22.3,38.02
2024-01-25 06:00:00,567.0,22.3,38.04600000000001
2024-01-25 06:30:00,547.6,22.28,38.28
2024-01-25 07:00:00,549.6,22.2,38.124
2024-01-25 07:30:00,558.0,22.2,39.32333333333333
2024-01-25 08:00:00,568.6666666666666,22.133333333333336,43.23
2024-01-25 08:30:00,593.6666666666666,22.100000000000005,41.8
2024-01-25 09:00:00,582.8,22.1,41.254
2024-01-25 09:30:00,583.3333333333334,22.100000000000005,40.88666666666666
2024-01-25 10:00:00,565.6666666666666,22.100000000000005,40.35999999999999
2024-01-25 10:30:00,597.3333333333334,22.166666666666668,40.1
2024-01-25 11:00:00,602.0,22.240000000000002,39.84
2024-01-25 11:30:00,602.0,22.233333333333334,40.1
2024-01-25 12:00:00,692.6666666666666,22.3,40.23
2024-01-25 12:30:00,836.0,22.233333333333334,40.62
2024-01-25 13:00:00,957.2,22.12,41.02
2024-01-25 13:30:00,1055.0,22.100000000000005,41.41
2024-01-25 14:00:00,1085.3333333333333,22.066666666666666,41.54
2024-01-25 14:30:00,1188.0,22.02,41.8
2024-01-25 15:00:00,1256.6,22.0,41.8
2024-01-25 15:30:00,1318.3333333333333,22.0,41.93
2024-01-25 16:00:00,1404.6666666666667,22.0,42.19
2024-01-25 16:30:00,1492.3333333333333,21.96666666666667,42.19
2024-01-25 17:00:00,1543.0,21.96666666666667,42.32
2024-01-25 17:30:00,1451.0,21.899999999999995,42.19
2024-01-25 18:00:00,1461.3333333333333,21.899999999999995,42.059999999999995
2024-01-25 18:30:00,1427.3333333333333,21.833333333333332,41.93
2024-01-25 19:00:00,1407.0,21.8,41.8
2024-01-25 19:30:00,1399.3333333333333,21.8,41.8
2024-01-25 20:00:00,1357.3333333333333,21.8,41.8
2024-01-25 20:30:00,1284.0,21.733333333333334,41.8
2024-01-25 21:00:00,1302.0,21.7,41.8
2024-01-25 21:30:00,1282.3333333333333,21.7,41.8
2024-01-25 22:00:00,1295.5,21.7,41.8
2024-01-25 22:30:00,1268.3333333333333,21.633333333333336,41.8
2024-01-25 23:00:00,1262.6,21.6,41.8
2024-01-25 23:30:00,1255.0,21.600000000000005,41.8
2024-01-26 00:00:00,1189.6666666666667,21.53333333333333,41.8
2024-01-26 00:30:00,1169.6666666666667,21.53333333333333,41.41
2024-01-26 01:00:00,1211.6666666666667,21.5,41.41
2024-01-26 01:30:00,1155.0,21.5,41.41
2024-01-26 02:00:00,1117.6666666666667,21.5,41.41
2024-01-26 02:30:00,1117.3333333333333,21.46666666666667,41.41
2024-01-26 03:00:00,1080.0,21.4,41.41
2024-01-26 03:30:00,1069.8,21.4,41.41
2024-01-26 04:00:00,1046.0,21.433333333333334,41.41
2024-01-26 04:30:00,1058.3333333333333,21.399999999999995,41.28
2024-01-26 05:00:00,1060.6,21.4,41.176
2024-01-26 05:30:00,1029.0,21.399999999999995,41.02
2024-01-26 06:00:00,1015.3333333333334,21.399999999999995,41.02
2024-01-26 06:30:00,947.0,21.399999999999995,40.88666666666666
2024-01-26 07:00:00,957.0,21.399999999999995,40.62
2024-01-26 07:30:00,902.3333333333334,21.399999999999995,40.62
2024-01-26 08:00:00,909.6,21.4,40.62
2024-01-26 08:30:00,881.2,21.36,40.62
2024-01-26 09:00:00,828.3333333333334,21.399999999999995,40.35999999999999
2024-01-26 09:30:00,807.0,21.399999999999995,40.35999999999999
2024-01-26 10:00:00,788.3333333333334,21.399999999999995,40.23
2024-01-26 10:30:00,810.6,21.4,40.23
2024-01-26 11:00:00,791.6666666666666,21.399999999999995,40.23
2024-01-26 11:30:00,771.5,21.4,40.23
2024-01-26 12:00:00,794.0,21.4,40.23
2024-01-26 12:30:00,763.3333333333334,21.399999999999995,40.23
2024-01-26 13:00:00,716.8,21.4,40.23
2024-01-26 13:30:00,766.8,21.46,40.23
2024-01-26 14:00:00,721.6666666666666,21.53333333333333,40.23
2024-01-26 14:30:00,694.6666666666666,21.566666666666666,40.23
2024-01-26 15:00:00,720.6,21.6,40.23
2024-01-26 15:30:00,733.6666666666666,21.633333333333336,40.23
2024-01-26 16:00:00,724.0,21.666666666666668,40.23
2024-01-26 16:30:00,679.3333333333334,21.633333333333336,40.23
2024-01-26 17:00:00,691.8,21.6,40.074
2024-01-26 17:30:00,649.3333333333334,21.566666666666666,39.97
2024-01-26 18:00:00,688.3333333333334,21.5,39.84
2024-01-26 18:30:00,664.6666666666666,21.5,39.84
2024-01-26 19:00:00,650.6666666666666,21.600000000000005,39.84
2024-01-26 19:30:00,638.0,21.600000000000005,39.71
2024-01-26 20:00:00,662.0,21.600000000000005,39.71
2024-01-26 20:30:00,692.3333333333334,21.600000000000005,39.71
2024-01-26 21:00:00,697.3333333333334,21.600000000000005,39.71
2024-01-26 21:30:00,642.3333333333334,21.600000000000005,39.580000000000005
2024-01-26 22:00:00,633.3333333333334,21.600000000000005,39.45
2024-01-26 22:30:00,632.6666666666666,21.600000000000005,39.45
2024-01-26 23:00:00,670.0,21.600000000000005,39.45
2024-01-26 23:30:00,647.6666666666666,21.600000000000005,39.45
2024-01-27 00:00:00,652.3333333333334,21.600000000000005,39.45
2024-01-27 00:30:00,622.0,21.600000000000005,39.45
2024-01-27 01:00:00,602.0,21.600000000000005,39.45
2024-01-27 01:30:00,623.6666666666666,21.566666666666666,39.45
2024-01-27 02:00:00,589.0,21.600000000000005,39.45
2024-01-27 02:30:00,565.0,21.5,39.45
2024-01-27 03:00:00,574.0,21.560000000000002,39.294000000000004
2024-01-27 03:30:00,598.6666666666666,21.5,39.32
2024-01-27 04:00:00,578.3333333333334,21.5,39.45
2024-01-27 04:30:00,591.0,21.5,39.45
2024-01-27 05:00:00,589.0,21.5,39.32
2024-01-27 05:30:00,521.3333333333334,21.5,39.06
2024-01-27 06:00:00,561.6666666666666,21.5,39.190000000000005
2024-01-27 06:30:00,531.6666666666666,21.5,39.06
2024-01-27 07:00:00,539.0,21.399999999999995,39.06
2024-01-27 07:30:00,532.3333333333334,21.399999999999995,39.06
2024-01-27 08:00:00,515.4,21.4,39.06
2024-01-27 08:30:00,514.0,21.399999999999995,39.06
2024-01-27 09:00:00,518.2,21.4,39.06
2024-01-27 09:30:00,516.3333333333334,21.399999999999995,39.06
2024-01-27 10:00:00,517.3333333333334,21.46666666666667,38.800000000000004
2024-01-27 10:30:00,515.0,21.5,38.67
2024-01-27 11:00:00,508.6666666666667,21.53333333333333,38.93
2024-01-27 11:30:00,517.6666666666666,21.5,38.67
2024-01-27 12:00:00,539.0,21.600000000000005,38.67
2024-01-27 12:30:00,524.7142857142857,21.6,38.67
2024-01-27 13:00:00,506.0,21.600000000000005,38.67
2024-01-27 13:30:00,524.0,21.6,38.67
2024-01-27 14:00:00,526.6666666666666,21.633333333333336,38.67
2024-01-27 14:30:00,538.4,21.6,38.67
2024-01-27 15:00:00,509.4,21.64,38.67
2024-01-27 15:30:00,487.4,21.7,38.67
2024-01-27 16:00:00,515.0,21.7,38.67
2024-01-27 16:30:00,504.0,21.7,38.67
2024-01-27 17:00:00,510.0,21.7,38.67
2024-01-27 17:30:00,497.4,21.7,38.67
2024-01-27 18:00:00,451.6666666666667,21.7,38.67
2024-01-27 18:30:00,465.0,21.7,38.67
2024-01-27 19:00:00,504.6666666666667,21.7,38.67
2024-01-27 19:30:00,486.3333333333333,21.7,38.67
2024-01-27 20:00:00,510.6666666666667,21.733333333333334,38.67
2024-01-27 20:30:00,508.6666666666667,21.766666666666666,38.67
2024-01-27 21:00:00,509.6666666666667,21.8,38.67
2024-01-27 21:30:00,487.3333333333333,21.8,38.67
2024-01-27 22:00:00,493.0,21.8,38.67
2024-01-27 22:30:00,501.3333333333333,21.8,38.67
2024-01-27 23:00:00,506.0,21.8,38.67
2024-01-27 23:30:00,505.6,21.8,38.67
2024-01-28 00:00:00,494.3333333333333,21.8,38.67
2024-01-28 00:30:00,486.6666666666667,21.833333333333332,38.67
2024-01-28 01:00:00,498.3333333333333,21.866666666666664,38.67
2024-01-28 01:30:00,518.6,21.9,38.67
2024-01-28 02:00:00,501.0,21.899999999999995,38.67
2024-01-28 02:30:00,491.6666666666667,21.899999999999995,38.67
2024-01-28 03:00:00,490.3333333333333,21.899999999999995,38.54
2024-01-28 03:30:00,485.2,21.9,38.436
2024-01-28 04:00:00,493.0,21.899999999999995,38.410000000000004
2024-01-28 04:30:00,491.0,21.899999999999995,38.410000000000004
2024-01-28 05:00:00,488.0,21.96666666666667,38.410000000000004
2024-01-28 05:30:00,505.0,22.0,38.28
2024-01-28 06:00:00,506.3333333333333,21.933333333333334,38.28
2024-01-28 06:30:00,460.6666666666667,21.899999999999995,38.28
2024-01-28 07:00:00,477.0,21.8,38.02
2024-01-28 07:30:00,450.0,21.740000000000002,38.04600000000001
2024-01-28 08:00:00,523.3333333333334,21.7,37.89
2024-01-28 08:30:00,475.0,21.7,37.89
2024-01-28 09:00:00,469.6666666666667,21.7,37.89
2024-01-28 09:30:00,478.8,21.740000000000002,37.89
2024-01-28 10:00:00,491.0,21.866666666666664,37.89
2024-01-28 10:30:00,484.6666666666667,21.899999999999995,37.76
2024-01-28 11:00:00,503.0,21.933333333333334,37.76
2024-01-28 11:30:00,537.2,21.939999999999998,37.656
2024-01-28 12:00:00,514.6666666666666,22.0,37.5
2024-01-28 12:30:00,521.0,22.0,37.5
2024-01-28 13:00:00,526.3333333333334,22.0,37.5
2024-01-28 13:30:00,567.3333333333334,22.100000000000005,37.5
2024-01-28 14:00:00,517.6666666666666,22.100000000000005,37.37
2024-01-28 14:30:00,532.0,22.100000000000005,37.24
2024-01-28 15:00:00,561.0,21.96666666666667,36.46
2024-01-28 15:30:00,547.5,21.825,36.135
2024-01-28 16:00:00,544.6666666666666,21.766666666666666,35.94
2024-01-28 16:30:00,499.6666666666667,21.7,35.55
2024-01-28 17:00:00,519.3333333333334,21.666666666666668,35.419999999999995
2024-01-28 17:30:00,507.3333333333333,21.600000000000005,35.29
2024-01-28 18:00:00,522.6666666666666,21.600000000000005,35.16
2024-01-28 18:30:00,493.0,21.600000000000005,35.03
2024-01-28 19:00:00,487.0,21.600000000000005,34.9
2024-01-28 19:30:00,476.0,21.625,34.965
2024-01-28 20:00:00,492.6666666666667,21.7,34.9
2024-01-28 20:30:00,508.0,21.7,34.9
2024-01-28 21:00:00,488.3333333333333,21.7,34.9
2024-01-28 21:30:00,513.0,21.7,34.77
2024-01-28 22:00:00,519.0,21.7,34.77
2024-01-28 22:30:00,485.6666666666667,21.7,34.77
2024-01-28 23:00:00,498.3333333333333,21.7,34.51
2024-01-28 23:30:00,487.0,21.65,34.38
2024-01-29 00:00:00,518.0,21.666666666666668,34.38
2024-01-29 00:30:00,480.6666666666667,21.600000000000005,34.38
2024-01-29 01:00:00,498.3333333333333,21.600000000000005,34.38
2024-01-29 01:30:00,485.6666666666667,21.600000000000005,34.38
2024-01-29 02:00:00,463.6666666666667,21.600000000000005,34.38
2024-01-29 02:30:00,463.0,21.566666666666666,34.11333333333334
2024-01-29 03:00:00,473.3333333333333,21.600000000000005,33.98
2024-01-29 03:30:00,460.0,21.53333333333333,33.98
2024-01-29 04:00:00,497.6666666666667,21.53333333333333,33.85
2024-01-29 04:30:00,483.3333333333333,21.566666666666666,33.59
2024-01-29 05:00:00,481.6666666666667,21.5,33.59
2024-01-29 05:30:00,474.6,21.54,33.59
2024-01-29 06:00:00,480.0,21.5,33.330000000000005
2024-01-29 06:30:00,479.6666666666667,21.5,32.940000000000005
2024-01-29 07:00:00,481.6666666666667,21.5,32.81
2024-01-29 07:30:00,484.5,21.5,32.615
2024-01-29 08:00:00,605.0,21.53333333333333,33.330000000000005
2024-01-29 08:30:00,861.6666666666666,21.633333333333336,35.16
2024-01-29 09:00:00,1007.6666666666666,21.7,36.07
2024-01-29 09:30:00,1095.6666666666667,21.7,36.46
2024-01-29 10:00:00,1260.6666666666667,21.7,36.85
2024-01-29 10:30:00,1393.0,21.7,37.37
2024-01-29 11:00:00,1570.0,21.633333333333336,38.54
2024-01-29 11:30:00,2484.6666666666665,21.900000000000002,43.35999999999999
2024-01-29 12:00:00,3007.0,22.066666666666666,44.79
2024-01-29 12:30:00,2332.0,22.0,42.839999999999996
2024-01-29 13:00:00,1713.6666666666667,21.96666666666667,40.10333333333333
2024-01-29 13:30:00,1390.6,21.88,38.202
2024-01-29 14:00:00,1200.3333333333333,21.8,37.63
2024-01-29 14:30:00,1438.3333333333333,21.900000000000002,39.71
2024-01-29 15:00:00,1618.3333333333333,22.100000000000005,39.84
2024-01-29 15:30:00,1589.2,22.1,39.60600000000001
2024-01-29 16:00:00,1458.0,22.03333333333333,38.800000000000004
2024-01-29 16:30:00,1423.6666666666667,21.866666666666664,39.06
2024-01-29 17:00:00,1378.0,21.8,39.06
2024-01-29 17:30:00,1339.2,21.7,39.06
2024-01-29 18:00:00,1325.3333333333333,21.7,39.06
2024-01-29 18:30:00,1268.6666666666667,21.666666666666668,39.06
2024-01-29 19:00:00,1283.3333333333333,21.600000000000005,39.06
2024-01-29 19:30:00,1299.6,21.6,39.06
2024-01-29 20:00:00,1235.0,21.600000000000005,39.06
2024-01-29 20:30:00,1261.5,21.6,39.06
2024-01-29 21:00:00,1259.0,21.600000000000005,39.06
2024-01-29 21:30:00,1238.0,21.600000000000005,39.06
2024-01-29 22:00:00,1207.6666666666667,21.566666666666666,39.06
2024-01-29 22:30:00,1200.6666666666667,21.53333333333333,39.06
2024-01-29 23:00:00,1189.3333333333333,21.5,39.06
2024-01-29 23:30:00,1147.3333333333333,21.566666666666666,39.06
2024-01-30 00:00:00,1150.6666666666667,21.53333333333333,39.06
2024-01-30 00:30:00,1113.6666666666667,21.5,39.06
2024-01-30 01:00:00,1118.3333333333333,21.5,39.06
2024-01-30 01:30:00,1101.7142857142858,21.5,39.06
2024-01-30 02:00:00,1075.8,21.5,39.06
2024-01-30 02:30:00,1106.0,21.5,39.06
2024-01-30 03:00:00,1036.0,21.5,39.06
2024-01-30 03:30:00,1046.8,21.5,39.06
2024-01-30 04:00:00,1021.8,21.54,39.06
2024-01-30 04:30:00,1011.6666666666666,21.53333333333333,39.06
2024-01-30 05:00:00,986.6666666666666,21.5,39.06
2024-01-30 05:30:00,998.6666666666666,21.5,39.06
2024-01-30 06:00:00,999.3333333333334,21.566666666666666,39.06
2024-01-30 06:30:00,930.0,21.5,39.06
2024-01-30 07:00:00,940.6666666666666,21.5,39.06
2024-01-30 07:30:00,918.3333333333334,21.5,39.06
2024-01-30 08:00:00,787.8,21.6,44.688
2024-01-30 08:30:00,633.0,21.5,41.54
2024-01-30 09:00:00,668.6666666666666,21.633333333333336,41.15
2024-01-30 09:30:00,778.0,22.25,40.82
2024-01-30 10:00:00,875.0,22.66,40.544
2024-01-30 10:30:00,959.3333333333334,22.7,40.623333333333335
2024-01-30 11:00:00,1179.6666666666667,22.5,42.84
2024-01-30 11:30:00,1537.7142857142858,22.6,44.864285714285714
2024-01-30 12:00:00,1309.3333333333333,22.53333333333333,42.97
2024-01-30 12:30:00,1177.0,22.5,41.8
2024-01-30 13:00:00,995.0,22.600000000000005,41.016666666666666
2024-01-30 13:30:00,946.6666666666666,22.5,40.75333333333333
2024-01-30 14:00:00,918.6,22.439999999999998,40.62
2024-01-30 14:30:00,959.3333333333334,22.399999999999995,40.623333333333335
2024-01-30 15:00:00,931.0,22.366666666666664,39.97
2024-01-30 15:30:00,962.6666666666666,22.3,40.1
2024-01-30 16:00:00,906.8,22.3,39.60600000000001
2024-01-30 16:30:00,871.6666666666666,22.2,39.06
2024-01-30 17:00:00,823.6666666666666,22.133333333333336,39.06
2024-01-30 17:30:00,804.6666666666666,22.100000000000005,39.06
2024-01-30 18:00:00,802.0,22.03333333333333,39.06
2024-01-30 18:30:00,798.3333333333334,22.066666666666666,39.06
2024-01-30 19:00:00,753.6666666666666,22.0,39.45
2024-01-30 19:30:00,775.6666666666666,22.100000000000005,39.45
2024-01-30 20:00:00,749.6666666666666,22.100000000000005,39.45
2024-01-30 20:30:00,746.6666666666666,22.266666666666666,39.45
2024-01-30 21:00:00,709.0,22.266666666666666,39.45
2024-01-30 21:30:00,704.0,22.2,39.580000000000005
2024-01-30 22:00:00,711.2,22.240000000000002,39.60600000000001
2024-01-30 22:30:00,690.3333333333334,22.3,39.45
2024-01-30 23:00:00,646.6666666666666,22.266666666666666,39.71
2024-01-30 23:30:00,662.0,22.233333333333334,39.84
2024-01-31 00:00:00,632.3333333333334,22.3,39.84
2024-01-31 00:30:00,646.3333333333334,22.3,39.84
2024-01-31 01:00:00,633.3333333333334,22.266666666666666,39.84
2024-01-31 01:30:00,622.6666666666666,22.233333333333334,39.84
2024-01-31 02:00:00,603.5,22.25,39.84
2024-01-31 02:30:00,601.0,22.266666666666666,39.84
2024-01-31 03:00:00,631.3333333333334,22.3,39.84
2024-01-31 03:30:00,605.0,22.333333333333332,39.71
2024-01-31 04:00:00,606.6,22.36,39.45
2024-01-31 04:30:00,599.0,22.433333333333334,39.32
2024-01-31 05:00:00,613.6666666666666,22.46666666666667,39.32
2024-01-31 05:30:00,612.0,22.399999999999995,39.45
2024-01-31 06:00:00,601.4,22.38,39.294000000000004
2024-01-31 06:30:00,605.6666666666666,22.233333333333334,39.45
2024-01-31 07:00:00,589.3333333333334,22.166666666666668,39.45
2024-01-31 07:30:00,612.0,22.100000000000005,39.580000000000005
2024-01-31 08:00:00,642.0,22.03333333333333,41.14333333333334
2024-01-31 08:30:00,630.0,21.866666666666664,38.54
2024-01-31 09:00:00,795.0,22.366666666666664,39.190000000000005
2024-01-31 09:30:00,1086.6666666666667,22.600000000000005,39.583333333333336
2024-01-31 10:00:00,1582.8,22.6,42.19
2024-01-31 10:30:00,2145.6666666666665,22.53333333333333,44.4
2024-01-31 11:00:00,2426.0,22.5,45.31
2024-01-31 11:30:00,2575.3333333333335,22.399999999999995,46.74666666666667
2024-01-31 12:00:00,2178.3333333333335,22.333333333333332,44.919999999999995
2024-01-31 12:30:00,1877.3333333333333,22.3,44.01
2024-01-31 13:00:00,1729.6666666666667,22.3,42.97
2024-01-31 13:30:00,1640.6666666666667,22.3,42.449999999999996
2024-01-31 14:00:00,1418.3333333333333,22.233333333333334,41.406666666666666
2024-01-31 14:30:00,1332.3333333333333,22.266666666666666,40.75333333333333
2024-01-31 15:00:00,1252.3333333333333,22.2,39.580000000000005
2024-01-31 15:30:00,1168.0,22.166666666666668,38.54
2024-01-31 16:00:00,1116.3333333333333,22.100000000000005,38.54
2024-01-31 16:30:00,1262.0,22.0,39.190000000000005
2024-01-31 17:00:00,1218.3333333333333,22.0,39.45
2024-01-31 17:30:00,1212.0,21.899999999999995,39.84
2024-01-31 18:00:00,1155.0,21.9,39.84
2024-01-31 18:30:00,1141.8,21.86,39.84
2024-01-31 19:00:00,1122.3333333333333,21.8,40.1
2024-01-31 19:30:00,1116.6666666666667,21.8,40.23
2024-01-31 20:00:00,1124.0,21.8,40.23
2024-01-31 20:30:00,1097.3333333333333,21.8,40.23
2024-01-31 21:00:00,1079.0,21.8,40.23
2024-01-31 21:30:00,1075.0,21.8,40.23
2024-01-31 22:00:00,1029.3333333333333,21.7,40.23
2024-01-31 22:30:00,1038.6,21.7,40.23
2024-01-31 23:00:00,1031.6666666666667,21.7,40.23
2024-01-31 23:30:00,1000.6666666666666,21.7,40.35999999999999
2024-02-01 00:00:00,990.0,21.7,40.23
2024-02-01 00:30:00,966.6666666666666,21.7,40.23
2024-02-01 01:00:00,967.1428571428571,21.7,40.50857142857143
2024-02-01 01:30:00,922.6666666666666,21.7,40.62
2024-02-01 02:00:00,911.6,21.7,40.62
2024-02-01 02:30:00,897.3333333333334,21.7,40.62
2024-02-01 03:00:00,870.0,21.633333333333336,40.62
2024-02-01 03:30:00,870.6666666666666,21.600000000000005,40.35999999999999
2024-02-01 04:00:00,871.0,21.600000000000005,40.62
2024-02-01 04:30:00,854.0,21.6,40.62
2024-02-01 05:00:00,857.0,21.600000000000005,40.49
2024-02-01 05:30:00,848.3333333333334,21.600000000000005,40.49
2024-02-01 06:00:00,849.3333333333334,21.600000000000005,40.23
2024-02-01 06:30:00,782.3333333333334,21.566666666666666,40.23
2024-02-01 07:00:00,741.0,21.53333333333333,39.71
2024-02-01 07:30:00,713.0,21.5,42.58
2024-02-01 08:00:00,700.3333333333334,21.5,40.10333333333333
2024-02-01 08:30:00,639.6,21.5,38.04600000000001
2024-02-01 09:00:00,677.6666666666666,21.599999999999998,38.02
2024-02-01 09:30:00,735.6666666666666,21.8,38.28
2024-02-01 10:00:00,808.3333333333334,21.899999999999995,38.410000000000004
2024-02-01 10:30:00,873.0,21.9,38.67
2024-02-01 11:00:00,1103.3333333333333,21.96666666666667,39.84
2024-02-01 11:30:00,1697.6666666666667,22.066666666666666,42.19
2024-02-01 12:00:00,1873.6666666666667,22.166666666666668,44.01
2024-02-01 12:30:00,1793.0,22.266666666666666,43.620000000000005
2024-02-01 13:00:00,1787.6666666666667,22.3,43.75
2024-02-01 13:30:00,1739.3333333333333,22.266666666666666,43.1
2024-02-01 14:00:00,1513.6666666666667,22.2,41.54
2024-02-01 14:30:00,1391.2,22.2,41.176
2024-02-01 15:00:00,1308.6666666666667,22.100000000000005,39.97
2024-02-01 15:30:00,1173.3333333333333,22.100000000000005,38.93
2024-02-01 16:00:00,1011.0,21.96666666666667,37.5
2024-02-01 16:30:00,1016.0,21.933333333333334,38.02
2024-02-01 17:00:00,998.6666666666666,21.933333333333334,37.76
2024-02-01 17:30:00,1058.3333333333333,21.8,38.800000000000004
2024-02-01 18:00:00,1031.6666666666667,21.733333333333334,39.06
2024-02-01 18:30:00,1023.0,21.733333333333334,39.06
2024-02-01 19:00:00,981.3333333333334,21.7,39.45
2024-02-01 19:30:00,984.0,21.600000000000005,39.580000000000005
2024-02-01 20:00:00,991.3333333333334,21.600000000000005,39.84
2024-02-01 20:30:00,956.3333333333334,21.600000000000005,39.84
2024-02-01 21:00:00,943.5,21.6,39.84
2024-02-01 21:30:00,951.3333333333334,21.5,40.1
2024-02-01 22:00:00,949.6666666666666,21.5,40.23
2024-02-01 22:30:00,906.2,21.5,40.23
2024-02-01 23:00:00,941.6666666666666,21.5,40.23
2024-02-01 23:30:00,935.0,21.5,40.23
2024-02-02 00:00:00,876.6666666666666,21.46666666666667,40.35999999999999
2024-02-02 00:30:00,875.6,21.5,40.464
2024-02-02 01:00:00,872.8,21.4,40.62
2024-02-02 01:30:00,866.3333333333334,21.46666666666667,40.62
2024-02-02 02:00:00,825.3333333333334,21.399999999999995,40.62
2024-02-02 02:30:00,829.0,21.4,40.62
2024-02-02 03:00:00,844.3333333333334,21.399999999999995,40.62
2024-02-02 03:30:00,824.6666666666666,21.399999999999995,40.62
2024-02-02 04:00:00,777.3333333333334,21.399999999999995,40.62
2024-02-02 04:30:00,816.0,21.4,40.62
2024-02-02 05:00:00,790.0,21.399999999999995,40.62
2024-02-02 05:30:00,773.0,21.399999999999995,40.62
2024-02-02 06:00:00,774.3333333333334,21.399999999999995,40.62
2024-02-02 06:30:00,694.6666666666666,21.399999999999995,40.1
2024-02-02 07:00:00,691.3333333333334,21.399999999999995,44.919999999999995
2024-02-02 07:30:00,645.6666666666666,21.5,43.620000000000005
2024-02-02 08:00:00,664.6666666666666,21.566666666666666,42.71
2024-02-02 08:30:00,666.0,21.5,42.71
2024-02-02 09:00:00,615.3333333333334,21.53333333333333,41.669999999999995
2024-02-02 09:30:00,738.6666666666666,21.96666666666667,41.54
2024-02-02 10:00:00,943.3333333333334,22.366666666666664,43.879999999999995
2024-02-02 10:30:00,1056.4,22.5,44.686
2024-02-02 11:00:00,1216.3333333333333,22.333333333333332,45.050000000000004
2024-02-02 11:30:00,1117.6666666666667,22.3,43.49
2024-02-02 12:00:00,1349.0,22.233333333333334,44.919999999999995
2024-02-02 12:30:00,1260.3333333333333,22.266666666666666,44.53
2024-02-02 13:00:00,911.3333333333334,22.133333333333336,43.23
2024-02-02 13:30:00,1118.0,22.366666666666664,44.53
2024-02-02 14:00:00,1311.0,22.65,44.92
2024-02-02 14:30:00,1519.0,22.600000000000005,45.44
2024-02-02 15:00:00,1262.6,22.419999999999998,44.14
2024-02-02 15:30:00,1184.6666666666667,22.3,43.620000000000005
2024-02-02 16:00:00,1126.3333333333333,22.333333333333332,43.620000000000005
2024-02-02 16:30:00,1156.0,22.3,43.35999999999999
2024-02-02 17:00:00,1119.3333333333333,22.3,43.35999999999999
2024-02-02 17:30:00,1136.6666666666667,22.3,43.23
2024-02-02 18:00:00,1075.3333333333333,22.3,43.1
2024-02-02 18:30:00,1083.0,22.3,42.97
2024-02-02 19:00:00,1034.8,22.32,42.814
2024-02-02 19:30:00,1065.0,22.3,42.97
2024-02-02 20:00:00,1103.3333333333333,22.3,42.97
2024-02-02 20:30:00,1031.0,22.266666666666666,42.97
2024-02-02 21:00:00,1062.4,22.28,42.97
2024-02-02 21:30:00,1030.3333333333333,22.3,42.71
2024-02-02 22:00:00,1037.6666666666667,22.366666666666664,42.449999999999996
2024-02-02 22:30:00,992.0,22.366666666666664,42.449999999999996
2024-02-02 23:00:00,951.0,22.366666666666664,42.449999999999996
2024-02-02 23:30:00,999.0,22.399999999999995,42.19
2024-02-03 00:00:00,950.0,22.399999999999995,42.19
2024-02-03 00:30:00,960.6666666666666,22.433333333333334,42.19
2024-02-03 01:00:00,919.4,22.36,42.346
2024-02-03 01:30:00,959.6666666666666,22.333333333333332,42.32
2024-02-03 02:00:00,944.5,22.45,41.995
2024-02-03 02:30:00,890.3333333333334,22.5,41.93
2024-02-03 03:00:00,950.0,22.439999999999998,41.878
2024-02-03 03:30:00,915.6,22.5,41.8
2024-02-03 04:00:00,927.6666666666666,22.46666666666667,41.93
2024-02-03 04:30:00,925.6666666666666,22.5,41.8
2024-02-03 05:00:00,877.0,22.5,41.8
2024-02-03 05:30:00,873.6666666666666,22.53333333333333,41.8
2024-02-03 06:00:00,875.0,22.566666666666666,41.8
2024-02-03 06:30:00,852.6666666666666,22.566666666666666,41.54
2024-02-03 07:00:00,856.8,22.6,41.41
2024-02-03 07:30:00,841.6666666666666,22.600000000000005,41.41
2024-02-03 08:00:00,821.6666666666666,22.600000000000005,41.41
2024-02-03 08:30:00,805.0,22.600000000000005,41.41
2024-02-03 09:00:00,816.8,22.6,41.41
2024-02-03 09:30:00,802.6666666666666,22.600000000000005,41.41
2024-02-03 10:00:00,793.6666666666666,22.633333333333336,41.41
2024-02-03 10:30:00,804.0,22.633333333333336,41.28
2024-02-03 11:00:00,763.6666666666666,22.7,41.02
2024-02-03 11:30:00,755.3333333333334,22.666666666666668,41.02
2024-02-03 12:00:00,761.0,22.633333333333336,41.02
2024-02-03 12:30:00,765.0,22.7,41.02
2024-02-03 13:00:00,733.2,22.7,41.02
2024-02-03 13:30:00,721.6,22.7,41.02
2024-02-03 14:00:00,731.6666666666666,22.666666666666668,41.02
2024-02-03 14:30:00,731.3333333333334,22.633333333333336,41.02
2024-02-03 15:00:00,737.3333333333334,22.600000000000005,41.02
2024-02-03 15:30:00,718.0,22.600000000000005,41.02
2024-02-03 16:00:00,700.3333333333334,22.600000000000005,40.88666666666666
2024-02-03 16:30:00,706.6666666666666,22.600000000000005,41.02
2024-02-03 17:00:00,673.3333333333334,22.600000000000005,41.02
2024-02-03 17:30:00,707.0,22.46666666666667,41.02
2024-02-03 18:00:00,679.3333333333334,22.433333333333334,41.02
2024-02-03 18:30:00,685.0,22.399999999999995,41.02
2024-02-03 19:00:00,697.0,22.424999999999997,40.92
2024-02-03 19:30:00,717.3333333333334,22.5,40.75333333333333
2024-02-03 20:00:00,638.6666666666666,22.5,40.75333333333333
2024-02-03 20:30:00,663.0,22.5,40.62
2024-02-03 21:00:00,662.5,22.5,40.62
2024-02-03 21:30:00,646.6666666666666,22.5,40.62
2024-02-03 22:00:00,696.6666666666666,22.5,40.62
2024-02-03 22:30:00,659.0,22.5,40.62
2024-02-03 23:00:00,656.0,22.399999999999995,40.62
2024-02-03 23:30:00,665.75,22.35,40.82
2024-02-04 00:00:00,652.3333333333334,22.3,40.88666666666666
2024-02-04 00:30:00,646.3333333333334,22.3,40.75333333333333
2024-02-04 01:00:00,642.6666666666666,22.3,40.62
2024-02-04 01:30:00,642.0,22.233333333333334,40.88666666666666
2024-02-04 02:00:00,628.3333333333334,22.2,41.02
2024-02-04 02:30:00,627.0,22.2,40.75333333333333
2024-02-04 03:00:00,651.6666666666666,22.166666666666668,40.62
2024-02-04 03:30:00,651.6666666666666,22.133333333333336,40.62
2024-02-04 04:00:00,607.6666666666666,22.2,40.62
2024-02-04 04:30:00,639.6666666666666,22.2,40.49
2024-02-04 05:00:00,638.3333333333334,22.266666666666666,40.23
2024-02-04 05:30:00,614.0,22.266666666666666,40.23
2024-02-04 06:00:00,605.6666666666666,22.266666666666666,40.23
2024-02-04 06:30:00,596.3333333333334,22.3,40.23
2024-02-04 07:00:00,591.0,22.3,40.23
2024-02-04 07:30:00,623.0,22.266666666666666,39.97
2024-02-04 08:00:00,617.0,22.3,39.84
2024-02-04 08:30:00,607.6666666666666,22.3,39.84
2024-02-04 09:00:00,597.0,22.3,39.84
2024-02-04 09:30:00,578.6666666666666,22.3,39.84
2024-02-04 10:00:00,588.0,22.3,39.84
2024-02-04 10:30:00,570.6666666666666,22.3,39.84
2024-02-04 11:00:00,605.6666666666666,22.3,39.84
2024-02-04 11:30:00,587.3333333333334,22.3,39.84
2024-02-04 12:00:00,568.3333333333334,22.3,39.84
2024-02-04 12:30:00,547.0,22.3,39.84
2024-02-04 13:00:00,549.6666666666666,22.3,39.84
2024-02-04 13:30:00,579.6666666666666,22.3,39.71
2024-02-04 14:00:00,560.0,22.3,39.580000000000005
2024-02-04 14:30:00,544.6666666666666,22.3,39.84
2024-02-04 15:00:00,560.5,22.3,39.45
2024-02-04 15:30:00,564.6666666666666,22.233333333333334,39.84
2024-02-04 16:00:00,558.3333333333334,22.2,39.84
2024-02-04 16:30:00,564.0,22.233333333333334,39.71
2024-02-04 17:00:00,546.3333333333334,22.2,39.84
2024-02-04 17:30:00,554.6666666666666,22.266666666666666,39.580000000000005
2024-02-04 18:00:00,548.3333333333334,22.3,39.45
2024-02-04 18:30:00,562.3333333333334,22.3,39.45
2024-02-04 19:00:00,541.6666666666666,22.399999999999995,39.45
2024-02-04 19:30:00,584.3333333333334,22.399999999999995,39.45
2024-02-04 20:00:00,543.6666666666666,22.399999999999995,39.45
2024-02-04 20:30:00,549.3333333333334,22.399999999999995,39.45
2024-02-04 21:00:00,525.5,22.4,39.45
2024-02-04 21:30:00,565.3333333333334,22.399999999999995,39.45
2024-02-04 22:00:00,529.3333333333334,22.399999999999995,39.45
2024-02-04 22:30:00,536.6666666666666,22.399999999999995,39.45
2024-02-04 23:00:00,538.3333333333334,22.399999999999995,39.45
2024-02-04 23:30:00,523.5,22.4,39.45
2024-02-05 00:00:00,525.4,22.4,39.45
2024-02-05 00:30:00,517.6666666666666,22.366666666666664,39.45
2024-02-05 01:00:00,531.0,22.399999999999995,39.45
2024-02-05 01:30:00,549.6666666666666,22.366666666666664,39.45
2024-02-05 02:00:00,558.3333333333334,22.399999999999995,39.45
2024-02-05 02:30:00,521.3333333333334,22.333333333333332,39.45
2024-02-05 03:00:00,490.6666666666667,22.399999999999995,39.45
2024-02-05 03:30:00,541.0,22.399999999999995,39.32
2024-02-05 04:00:00,541.3333333333334,22.3,39.45
2024-02-05 04:30:00,513.0,22.3,39.45
2024-02-05 05:00:00,525.6666666666666,22.3,39.45
2024-02-05 05:30:00,529.0,22.3,39.45
2024-02-05 06:00:00,565.6666666666666,22.3,39.32
2024-02-05 06:30:00,541.3333333333334,22.3,39.32
2024-02-05 07:00:00,528.3333333333334,22.3,39.190000000000005
2024-02-05 07:30:00,528.3333333333334,22.3,39.06
2024-02-05 08:00:00,564.3333333333334,22.266666666666666,43.49
2024-02-05 08:30:00,561.6666666666666,22.133333333333336,42.71
2024-02-05 09:00:00,554.0,22.2,42.059999999999995
2024-02-05 09:30:00,597.0,22.2,41.8
2024-02-05 10:00:00,817.6666666666666,22.166666666666668,42.58
2024-02-05 10:30:00,1288.6666666666667,22.2,44.14000000000001
2024-02-05 11:00:00,1634.6666666666667,22.3,44.919999999999995
2024-02-05 11:30:00,1287.6666666666667,22.2,40.623333333333335
2024-02-05 12:00:00,1346.6666666666667,22.2,40.62333333333333
2024-02-05 12:30:00,1191.0,22.25,40.035
2024-02-05 13:00:00,1319.3333333333333,22.266666666666666,39.97
2024-02-05 13:30:00,1611.5,22.2,41.41
2024-02-05 14:00:00,880.6666666666666,21.96666666666667,35.550000000000004
2024-02-05 14:30:00,1001.6666666666666,21.933333333333334,36.85
2024-02-05 15:00:00,1119.6666666666667,22.433333333333334,36.85
2024-02-05 15:30:00,1358.0,22.600000000000005,37.5
2024-02-05 16:00:00,1411.6666666666667,22.433333333333334,38.54
2024-02-05 16:30:00,1208.6666666666667,22.3,38.67
2024-02-05 17:00:00,1111.3333333333333,22.2,38.28
2024-02-05 17:30:00,1034.0,22.2,38.085
2024-02-05 18:00:00,988.6666666666666,22.03333333333333,37.76
2024-02-05 18:30:00,884.6666666666666,22.0,37.5
2024-02-05 19:00:00,827.3333333333334,21.899999999999995,37.11
2024-02-05 19:30:00,796.6666666666666,21.899999999999995,36.72
2024-02-05 20:00:00,730.3333333333334,21.899999999999995,36.72
2024-02-05 20:30:00,754.0,21.866666666666664,36.46
2024-02-05 21:00:00,694.0,21.8,36.33
2024-02-05 21:30:00,634.3333333333334,21.8,36.199999999999996
2024-02-05 22:00:00,645.6666666666666,21.733333333333334,35.94
2024-02-05 22:30:00,607.0,21.7,35.94
2024-02-05 23:00:00,564.3333333333334,21.633333333333336,35.809999999999995
2024-02-05 23:30:00,574.6666666666666,21.600000000000005,35.55
2024-02-06 00:00:00,558.3333333333334,21.600000000000005,35.55
2024-02-06 00:30:00,583.6666666666666,21.600000000000005,35.55
2024-02-06 01:00:00,498.3333333333333,21.566666666666666,35.55
2024-02-06 01:30:00,533.0,21.53333333333333,35.55
2024-02-06 02:00:00,527.3333333333334,21.5,35.55
2024-02-06 02:30:00,483.6666666666667,21.5,35.55
2024-02-06 03:00:00,541.3333333333334,21.5,35.55
2024-02-06 03:30:00,492.6666666666667,21.433333333333334,35.55
2024-02-06 04:00:00,474.0,21.399999999999995,35.809999999999995
2024-02-06 04:30:00,480.0,21.399999999999995,35.809999999999995
2024-02-06 05:00:00,492.0,21.399999999999995,35.94
2024-02-06 05:30:00,467.0,21.399999999999995,35.94
2024-02-06 06:00:00,499.0,21.399999999999995,35.94
2024-02-06 06:30:00,499.0,21.399999999999995,35.94
2024-02-06 07:00:00,464.3333333333333,21.399999999999995,36.07
2024-02-06 07:30:00,485.0,21.366666666666664,36.85
2024-02-06 08:00:00,525.3333333333334,21.399999999999995,38.02
2024-02-06 08:30:00,557.0,21.433333333333334,42.449999999999996
2024-02-06 09:00:00,751.0,21.599999999999998,42.449999999999996
2024-02-06 09:30:00,1027.0,21.766666666666666,44.01
2024-02-06 10:00:00,1512.0,21.899999999999995,46.22
2024-02-06 10:30:00,1851.6666666666667,21.933333333333334,47.53
2024-02-06 11:00:00,1620.6666666666667,21.96666666666667,48.44
2024-02-06 11:30:00,1715.3333333333333,22.133333333333336,50.65
2024-02-06 12:00:00,1566.3333333333333,22.166666666666668,51.300000000000004
2024-02-06 12:30:00,1571.0,22.100000000000005,50.910000000000004
2024-02-06 13:00:00,1487.0,22.100000000000005,49.870000000000005
2024-02-06 13:30:00,2009.0,22.166666666666668,53.25666666666666
2024-02-06 14:00:00,2722.0,22.2,56.25
2024-02-06 14:30:00,3142.3333333333335,22.2,57.160000000000004
2024-02-06 15:00:00,3283.0,22.2,57.225
2024-02-06 15:30:00,3409.3333333333335,22.166666666666668,57.29
2024-02-06 16:00:00,3727.6666666666665,22.100000000000005,58.20000000000001
2024-02-06 16:30:00,3889.3333333333335,22.133333333333336,57.68000000000001
2024-02-06 17:00:00,3814.0,22.100000000000005,57.29
2024-02-06 17:30:00,3919.0,22.100000000000005,56.77
2024-02-06 18:00:00,3803.3333333333335,22.066666666666666,55.47
2024-02-06 18:30:00,3529.6666666666665,22.0,54.43
2024-02-06 19:00:00,3530.6666666666665,22.0,53.38666666666666
2024-02-06 19:30:00,3403.6666666666665,22.0,53.25333333333333
2024-02-06 20:00:00,3402.6666666666665,22.0,52.85999999999999
2024-02-06 20:30:00,3276.6666666666665,22.0,52.47
2024-02-06 21:00:00,3298.3333333333335,22.0,51.82
2024-02-06 21:30:00,3215.0,22.0,51.300000000000004
2024-02-06 22:00:00,3157.6666666666665,22.0,51.04
2024-02-06 22:30:00,3094.6666666666665,22.0,50.65
2024-02-06 23:00:00,3016.6666666666665,22.0,50.26
2024-02-06 23:30:00,3019.3333333333335,22.0,50.0
2024-02-07 00:00:00,2936.0,21.96666666666667,49.60999999999999
2024-02-07 00:30:00,2861.0,21.96666666666667,49.35
2024-02-07 01:00:00,2821.0,21.899999999999995,49.22
2024-02-07 01:30:00,2751.6666666666665,21.899999999999995,48.830000000000005
2024-02-07 02:00:00,2774.6666666666665,21.899999999999995,48.830000000000005
2024-02-07 02:30:00,2698.0,21.866666666666664,48.56999999999999
2024-02-07 03:00:00,2604.3333333333335,21.833333333333332,48.31
2024-02-07 03:30:00,2529.3333333333335,21.8,48.04999999999999
2024-02-07 04:00:00,2469.3333333333335,21.7,48.04999999999999
2024-02-07 04:30:00,2406.6666666666665,21.7,47.79
2024-02-07 05:00:00,2318.0,21.7,47.66
2024-02-07 05:30:00,2320.6666666666665,21.7,47.4
2024-02-07 06:00:00,2200.3333333333335,21.600000000000005,47.14000000000001
2024-02-07 06:30:00,2165.5,21.6,46.88
2024-02-07 07:00:00,2074.0,21.5,46.61333333333334
2024-02-07 07:30:00,1708.0,21.45,44.14
2024-02-07 08:00:00,1362.6666666666667,21.400000000000002,40.626666666666665
2024-02-07 08:30:00,1156.6666666666667,21.566666666666666,37.63
2024-02-07 09:00:00,1245.0,21.7,37.11
2024-02-07 09:30:00,1182.6666666666667,21.7,35.94
2024-02-07 10:00:00,1131.0,21.7,34.50666666666667
2024-02-07 10:30:00,1145.0,21.7,34.11333333333334
2024-02-07 11:00:00,1096.6666666666667,21.7,33.59
2024-02-07 11:30:00,926.6666666666666,21.733333333333334,33.983333333333334
2024-02-07 12:00:00,1045.6666666666667,21.833333333333332,34.11333333333334
2024-02-07 12:30:00,1268.3333333333333,21.866666666666664,35.03
2024-02-07 13:00:00,1212.3333333333333,21.8,35.29
2024-02-07 13:30:00,1338.3333333333333,21.8,35.809999999999995
2024-02-07 14:00:00,1393.0,21.8,35.809999999999995
2024-02-07 14:30:00,1342.0,21.7,35.29
2024-02-07 15:00:00,1175.3333333333333,21.7,34.77
2024-02-07 15:30:00,1146.6666666666667,21.7,35.16
2024-02-07 16:00:00,1149.0,21.566666666666666,35.419999999999995
2024-02-07 16:30:00,1092.0,21.433333333333334,35.94
2024-02-07 17:00:00,1066.3333333333333,21.3,36.33
2024-02-07 17:30:00,1041.0,21.2,36.33
2024-02-07 18:00:00,1042.3333333333333,21.166666666666668,36.72
2024-02-07 18:30:00,1013.3333333333334,21.1,36.72
2024-02-07 19:00:00,981.3333333333334,21.133333333333336,36.85
2024-02-07 19:30:00,983.3333333333334,21.2,36.98
2024-02-07 20:00:00,963.6666666666666,21.2,37.11
2024-02-07 20:30:00,956.3333333333334,21.133333333333336,37.11
2024-02-07 21:00:00,945.6666666666666,21.1,37.5
2024-02-07 21:30:00,913.6666666666666,21.1,37.5
2024-02-07 22:00:00,949.6666666666666,21.1,37.5
2024-02-07 22:30:00,936.3333333333334,21.066666666666666,37.5
2024-02-07 23:00:00,909.3333333333334,21.0,37.76
2024-02-07 23:30:00,901.0,21.0,37.89
2024-02-08 00:00:00,900.3333333333334,20.966666666666665,37.89
2024-02-08 00:30:00,865.3333333333334,20.933333333333334,37.89
2024-02-08 01:00:00,857.6666666666666,20.966666666666665,37.89
2024-02-08 01:30:00,866.5,20.95,37.89
2024-02-08 02:00:00,857.0,20.933333333333334,38.15
2024-02-08 02:30:00,798.0,20.9,38.28
2024-02-08 03:00:00,864.6666666666666,20.866666666666664,38.28
2024-02-08 03:30:00,802.6666666666666,20.866666666666664,38.67
2024-02-08 04:00:00,795.3333333333334,20.833333333333332,38.28
2024-02-08 04:30:00,793.3333333333334,20.9,38.67
2024-02-08 05:00:00,756.6666666666666,20.833333333333332,38.67
2024-02-08 05:30:00,806.3333333333334,20.9,38.67
2024-02-08 06:00:00,771.3333333333334,20.9,38.54
2024-02-08 06:30:00,706.6666666666666,20.866666666666664,38.02
2024-02-08 07:00:00,701.3333333333334,20.8,37.24
2024-02-08 07:30:00,558.0,20.7,34.9
2024-02-08 08:00:00,616.6666666666666,20.8,36.45666666666666
2024-02-08 08:30:00,713.0,21.099999999999998,38.93
2024-02-08 09:00:00,844.3333333333334,21.2,38.28
2024-02-08 09:30:00,1184.0,21.233333333333334,40.49666666666667
2024-02-08 10:00:00,1259.3333333333333,21.366666666666664,40.626666666666665
2024-02-08 10:30:00,1581.0,21.399999999999995,41.666666666666664
2024-02-08 11:00:00,2090.0,21.566666666666666,44.660000000000004
2024-02-08 11:30:00,3593.0,21.8,49.22
2024-02-08 12:00:00,2122.0,21.666666666666668,42.056666666666665
2024-02-08 12:30:00,2208.0,21.8,42.97
2024-02-08 13:00:00,2328.6666666666665,22.2,42.58
2024-02-08 13:30:00,2250.0,22.3,42.58
2024-02-08 14:00:00,2235.6666666666665,22.166666666666668,42.58
2024-02-08 14:30:00,1704.3333333333333,22.0,40.23
2024-02-08 15:00:00,1546.0,21.866666666666664,39.32
2024-02-08 15:30:00,1384.0,21.733333333333334,38.28
2024-02-08 16:00:00,1213.6666666666667,21.566666666666666,37.63
2024-02-08 16:30:00,1097.3333333333333,21.5,36.98
2024-02-08 17:00:00,901.0,21.400000000000002,35.94
2024-02-08 17:30:00,820.3333333333334,21.2,35.55
2024-02-08 18:00:00,783.0,21.133333333333336,35.16
2024-02-08 18:30:00,776.3333333333334,21.1,35.03
2024-02-08 19:00:00,706.6666666666666,21.1,34.77
2024-02-08 19:30:00,680.0,21.1,34.77
2024-02-08 20:00:00,725.3333333333334,21.1,34.38
2024-02-08 20:30:00,687.3333333333334,21.1,34.38
2024-02-08 21:00:00,660.0,21.1,34.38
2024-02-08 21:30:00,660.6666666666666,21.1,33.98
2024-02-08 22:00:00,644.3333333333334,21.066666666666666,33.98
2024-02-08 22:30:00,631.0,21.066666666666666,33.98
2024-02-08 23:00:00,601.3333333333334,21.0,33.98
2024-02-08 23:30:00,579.6666666666666,21.0,33.98
2024-02-09 00:00:00,580.0,21.0,33.72
2024-02-09 00:30:00,560.3333333333334,20.966666666666665,33.59
2024-02-09 01:00:00,587.0,20.9,33.59
2024-02-09 01:30:00,574.3333333333334,20.9,33.59
2024-02-09 02:00:00,565.0,20.9,33.330000000000005
2024-02-09 02:30:00,536.6666666666666,20.9,33.2
2024-02-09 03:00:00,552.3333333333334,20.8,33.2
2024-02-09 03:30:00,516.0,20.8,33.2
2024-02-09 04:00:00,523.0,20.8,33.2
2024-02-09 04:30:00,511.0,20.8,33.07
2024-02-09 05:00:00,512.0,20.8,32.81
2024-02-09 05:30:00,502.0,20.7,32.68
2024-02-09 06:00:00,527.0,20.7,32.42
2024-02-09 06:30:00,491.6666666666667,20.6,32.42
2024-02-09 07:00:00,504.0,20.65,32.225
2024-02-09 07:30:00,511.0,20.633333333333336,32.03
2024-02-09 08:00:00,718.0,20.7,33.395
2024-02-09 08:30:00,834.3333333333334,20.7,33.983333333333334
2024-02-09 09:00:00,878.3333333333334,20.900000000000002,34.64
2024-02-09 09:30:00,961.6666666666666,21.0,34.11333333333334
2024-02-09 10:00:00,1117.3333333333333,21.066666666666666,34.51
2024-02-09 10:30:00,1291.3333333333333,21.1,35.55
2024-02-09 11:00:00,1409.0,21.066666666666666,36.07
2024-02-09 11:30:00,1593.3333333333333,21.2,36.589999999999996
2024-02-09 12:00:00,1554.3333333333333,21.166666666666668,36.46
2024-02-09 12:30:00,1322.0,21.1,35.68
2024-02-09 13:00:00,1326.5,21.1,35.745
