datetime,co2,temperature,humidity,closed_frac
2023-11-01 14:00:00,2317.0,23.9,45.7,1.0
2023-11-01 14:15:00,2354.0,23.9,46.09,
2023-11-01 14:30:00,2354.0,23.9,46.09,1.0
2023-11-01 14:45:00,2354.0,23.95,45.895,
2023-11-01 15:00:00,2341.0,23.9,45.7,1.0
2023-11-01 15:15:00,2341.0,23.9,45.31,
2023-11-01 15:30:00,2341.0,23.9,47.27,1.0
2023-11-01 15:45:00,2341.0,24.0,47.855,
2023-11-01 16:00:00,2341.0,24.0,47.66,1.0
2023-11-01 16:15:00,2341.0,23.95,48.05,
2023-11-01 16:30:00,2341.0,23.9,48.44,1.0
2023-11-01 16:45:00,2341.0,23.8,48.44,
2023-11-01 17:00:00,2341.0,23.8,48.44,1.0
2023-11-01 17:15:00,2341.0,23.7,48.83,
2023-11-01 17:30:00,2341.0,23.7,48.83,1.0
2023-11-01 17:45:00,2341.0,23.7,48.83,
2023-11-01 18:00:00,2341.0,23.6,48.83,1.0
2023-11-01 18:15:00,2341.0,23.6,49.025,
2023-11-01 18:30:00,2341.0,23.6,49.22,1.0
2023-11-01 18:45:00,2341.0,23.6,49.22,
2023-11-01 19:00:00,2341.0,23.5,49.22,1.0
2023-11-01 19:15:00,2341.0,23.5,49.22,
2023-11-01 19:30:00,2341.0,23.5,49.61,1.0
2023-11-01 19:45:00,2341.0,23.5,49.22,
2023-11-01 20:00:00,2341.0,23.5,49.61,1.0
2023-11-01 20:15:00,2341.0,23.5,49.61,
2023-11-01 20:30:00,2341.0,23.5,49.61,1.0
2023-11-01 20:45:00,2341.0,23.5,49.61,
2023-11-01 21:00:00,2341.0,23.5,49.61,1.0
2023-11-01 21:15:00,2341.0,23.4,49.61,
2023-11-01 21:30:00,2341.0,23.4,49.805,1.0
2023-11-01 21:45:00,2341.0,23.4,50.0,
2023-11-01 22:00:00,2341.0,23.4,49.805,1.0
2023-11-01 22:15:00,2341.0,23.4,50.0,
2023-11-01 22:30:00,2341.0,23.4,50.0,1.0
2023-11-01 22:45:00,2341.0,23.4,50.0,
2023-11-01 23:00:00,2341.0,23.4,50.0,1.0
2023-11-01 23:15:00,2341.0,23.4,50.0,
2023-11-01 23:30:00,2341.0,23.4,50.0,1.0
2023-11-01 23:45:00,2341.0,23.3,50.39,
2023-11-02 00:00:00,2341.0,23.3,50.195,1.0
2023-11-02 00:15:00,2341.0,23.3,50.39,
2023-11-02 00:30:00,2319.5,23.3,50.39,1.0
2023-11-02 00:45:00,2327.0,23.3,50.39,
2023-11-02 01:00:00,2341.0,23.3,50.39,1.0
2023-11-02 01:15:00,2341.0,23.3,50.39,
2023-11-02 01:30:00,2244.5,23.3,50.39,1.0
2023-11-02 01:45:00,2229.0,23.2,50.39,
2023-11-02 02:00:00,2284.5,23.3,50.39,1.0
2023-11-02 02:15:00,2190.0,23.3,50.39,
2023-11-02 02:30:00,2240.0,23.2,50.39,1.0
2023-11-02 02:45:00,2195.0,23.2,50.39,
2023-11-02 03:00:00,2208.5,23.2,50.39,1.0
2023-11-02 03:15:00,2201.0,23.2,50.78,
2023-11-02 03:30:00,2230.5,23.2,50.78,1.0
2023-11-02 03:45:00,2140.0,23.2,50.78,
2023-11-02 04:00:00,2143.0,23.2,50.78,1.0
2023-11-02 04:15:00,2115.0,23.2,50.78,
2023-11-02 04:30:00,2157.0,23.2,50.78,1.0
2023-11-02 04:45:00,2140.5,23.2,50.78,
2023-11-02 05:00:00,2077.0,23.2,50.78,1.0
2023-11-02 05:15:00,2029.5,23.1,50.78,
2023-11-02 05:30:00,2062.0,23.1,50.78,1.0
2023-11-02 05:45:00,1945.0,23.1,50.78,
2023-11-02 06:00:00,1991.0,23.1,50.78,1.0
2023-11-02 06:15:00,1982.0,23.1,50.78,
2023-11-02 06:30:00,1939.0,23.1,50.78,1.0
2023-11-02 06:45:00,1937.5,23.1,50.78,
2023-11-02 07:00:00,1962.0,23.1,50.78,1.0
2023-11-02 07:15:00,1928.5,23.1,50.78,
2023-11-02 07:30:00,1873.0,23.1,50.78,1.0
2023-11-02 07:45:00,1537.5,23.15,50.0,0.0
2023-11-02 08:00:00,1066.0,23.2,49.22,0.0
2023-11-02 08:15:00,1151.5,23.3,49.61,
2023-11-02 08:30:00,1183.0,23.3,49.61,0.0
2023-11-02 08:45:00,1141.5,23.4,49.22,
2023-11-02 09:00:00,1384.0,23.4,49.61,0.0
2023-11-02 09:15:00,1415.0,23.4,49.415,
2023-11-02 09:30:00,1393.0,23.5,49.22,0.0
2023-11-02 09:45:00,1340.0,23.5,48.83,
2023-11-02 10:00:00,1551.0,23.5,49.22,0.0
2023-11-02 10:15:00,1515.0,23.5,49.22,
2023-11-02 10:30:00,1557.0,23.5,48.83,0.0
2023-11-02 10:45:00,1611.5,23.5,49.22,1.0
2023-11-02 11:00:00,1609.0,23.5,49.22,1.0
2023-11-02 11:15:00,1701.0,23.5,49.22,
2023-11-02 11:30:00,1655.0,23.5,49.22,1.0
2023-11-02 11:45:00,1927.5,23.5,49.805,
2023-11-02 12:00:00,2341.0,23.5,51.17,1.0
2023-11-02 12:15:00,2341.0,23.6,51.56,
2023-11-02 12:30:00,2341.0,23.6,51.17,1.0
2023-11-02 12:45:00,2240.0,23.6,50.78,
2023-11-02 13:00:00,2255.0,23.65,50.585,1.0
2023-11-02 13:15:00,2201.0,23.7,50.39,
2023-11-02 13:30:00,2220.0,23.7,50.39,1.0
2023-11-02 13:45:00,2242.0,23.7,50.39,
2023-11-02 14:00:00,2341.0,23.7,50.39,1.0
2023-11-02 14:15:00,2341.0,23.7,50.78,
2023-11-02 14:30:00,2341.0,23.55,50.78,1.0
2023-11-02 14:45:00,2295.0,23.5,50.78,
2023-11-02 15:00:00,2133.0,23.5,50.195,1.0
2023-11-02 15:15:00,2341.0,23.5,51.17,
2023-11-02 15:30:00,2341.0,23.5,51.755,1.0
2023-11-02 15:45:00,2341.0,23.5,51.95,
2023-11-02 16:00:00,2244.5,23.6,51.17,1.0
2023-11-02 16:15:00,2017.0,23.6,49.61,
2023-11-02 16:30:00,2092.0,23.55,50.39,1.0
2023-11-02 16:45:00,2166.0,23.5,50.39,
2023-11-02 17:00:00,2105.0,23.45,50.78,1.0
2023-11-02 17:15:00,2092.0,23.4,50.78,
2023-11-02 17:30:00,2082.5,23.4,50.78,1.0
2023-11-02 17:45:00,2111.0,23.3,50.78,
2023-11-02 18:00:00,2079.5,23.3,50.78,1.0
2023-11-02 18:15:00,2059.0,23.3,51.17,
2023-11-02 18:30:00,2051.5,23.25,51.17,1.0
2023-11-02 18:45:00,2070.0,23.2,51.17,
2023-11-02 19:00:00,1970.0,23.2,51.17,1.0
2023-11-02 19:15:00,1981.0,23.2,51.17,
2023-11-02 19:30:00,1959.5,23.2,51.17,1.0
2023-11-02 19:45:00,1946.0,23.2,51.17,
2023-11-02 20:00:00,1947.0,23.2,51.17,1.0
2023-11-02 20:15:00,1976.0,23.1,51.17,
2023-11-02 20:30:00,1923.0,23.1,51.17,1.0
2023-11-02 20:45:00,1994.0,23.1,51.17,
2023-11-02 21:00:00,1906.0,23.1,51.56,1.0
2023-11-02 21:15:00,1872.0,23.1,51.56,
2023-11-02 21:30:00,1923.0,23.1,51.17,1.0
2023-11-02 21:45:00,1904.0,23.1,51.56,
2023-11-02 22:00:00,1902.0,23.1,51.56,1.0
2023-11-02 22:15:00,1879.0,23.1,51.56,
2023-11-02 22:30:00,1828.0,23.0,51.56,1.0
2023-11-02 22:45:00,1851.0,23.0,51.56,
2023-11-02 23:00:00,1873.0,23.0,51.56,1.0
2023-11-02 23:15:00,1841.5,23.0,51.56,
2023-11-02 23:30:00,1881.0,23.0,51.56,1.0
2023-11-02 23:45:00,1843.0,23.0,51.56,
2023-11-03 00:00:00,1798.0,23.0,51.56,1.0
2023-11-03 00:15:00,1817.5,23.0,51.56,
2023-11-03 00:30:00,1751.0,23.0,51.56,1.0
2023-11-03 00:45:00,1775.0,22.95,51.56,
2023-11-03 01:00:00,1783.0,23.0,51.56,1.0
2023-11-03 01:15:00,1678.5,22.95,51.56,
2023-11-03 01:30:00,1747.0,22.9,51.56,1.0
2023-11-03 01:45:00,1761.0,22.9,51.755,
2023-11-03 02:00:00,1727.0,22.9,51.95,1.0
2023-11-03 02:15:00,1677.5,22.9,51.56,
2023-11-03 02:30:00,1701.0,22.9,51.95,1.0
2023-11-03 02:45:00,1662.5,22.9,51.95,
2023-11-03 03:00:00,1671.0,22.9,51.95,1.0
2023-11-03 03:15:00,1694.5,22.9,51.95,
2023-11-03 03:30:00,1710.0,22.9,51.95,1.0
2023-11-03 03:45:00,1610.5,22.9,51.95,
2023-11-03 04:00:00,1613.0,22.9,51.95,1.0
2023-11-03 04:15:00,1588.5,22.9,51.95,
2023-11-03 04:30:00,1576.0,22.9,51.95,1.0
2023-11-03 04:45:00,1612.0,22.9,51.95,
2023-11-03 05:00:00,1626.0,22.9,51.95,1.0
2023-11-03 05:15:00,1612.0,22.9,51.95,
2023-11-03 05:30:00,1565.5,22.85,51.95,1.0
2023-11-03 05:45:00,1566.0,22.8,51.95,
2023-11-03 06:00:00,1576.5,22.85,51.95,1.0
2023-11-03 06:15:00,1560.0,22.8,51.95,
2023-11-03 06:30:00,1534.5,22.8,51.95,1.0
2023-11-03 06:45:00,1536.0,22.8,51.95,
2023-11-03 07:00:00,1499.0,22.8,51.95,1.0
2023-11-03 07:15:00,1536.0,22.8,51.95,
2023-11-03 07:30:00,1416.0,22.8,51.755,0.6666666666666666
2023-11-03 07:45:00,836.0,22.8,50.39,
2023-11-03 08:00:00,869.0,22.9,50.0,0.0
2023-11-03 08:15:00,959.0,22.9,50.0,
2023-11-03 08:30:00,1108.0,22.95,51.365,0.0
2023-11-03 08:45:00,1116.0,23.0,50.78,
2023-11-03 09:00:00,1124.0,23.0,50.585,0.0
2023-11-03 09:15:00,1172.0,23.0,50.78,
2023-11-03 09:30:00,1132.0,23.1,50.0,0.0
2023-11-03 09:45:00,1245.0,23.2,49.61,
2023-11-03 10:00:00,1218.5,23.15,49.025,0.0
2023-11-03 10:15:00,1672.0,23.2,49.61,
2023-11-03 10:30:00,1734.5,23.2,49.805,0.0
2023-11-03 10:45:00,1559.0,23.2,48.83,
2023-11-03 11:00:00,1388.0,23.2,48.245,0.3333333333333333
2023-11-03 11:15:00,1536.0,23.2,48.44,
2023-11-03 11:30:00,1509.0,23.2,48.44,1.0
2023-11-03 11:45:00,1394.0,23.2,48.83,
2023-11-03 12:00:00,1379.0,23.1,48.83,1.0
2023-11-03 12:15:00,1880.0,23.2,50.0,
2023-11-03 12:30:00,1887.0,23.25,50.0,1.0
2023-11-03 12:45:00,1913.0,23.3,50.0,
2023-11-03 13:00:00,1856.0,23.3,50.0,1.0
2023-11-03 13:15:00,2033.0,23.4,50.39,
2023-11-03 13:30:00,2132.5,23.4,50.0,1.0
2023-11-03 13:45:00,2188.0,23.5,50.0,
2023-11-03 14:00:00,2341.0,23.5,50.78,1.0
2023-11-03 14:15:00,2341.0,23.6,51.56,
2023-11-03 14:30:00,2341.0,23.6,53.12,1.0
2023-11-03 14:45:00,2341.0,23.6,52.144999999999996,
2023-11-03 15:00:00,2341.0,23.5,50.78,1.0
2023-11-03 15:15:00,2341.0,23.6,52.735,
2023-11-03 15:30:00,2341.0,23.7,54.3,1.0
2023-11-03 15:45:00,2341.0,23.7,53.91,
2023-11-03 16:00:00,2341.0,23.8,53.52,1.0
2023-11-03 16:15:00,2341.0,23.75,52.535,
2023-11-03 16:30:00,2341.0,23.7,51.95,1.0
2023-11-03 16:45:00,2341.0,23.55,52.34,
2023-11-03 17:00:00,2341.0,23.5,52.34,1.0
2023-11-03 17:15:00,2341.0,23.4,52.535,
2023-11-03 17:30:00,2341.0,23.4,52.34,1.0
2023-11-03 17:45:00,2341.0,23.3,52.34,
2023-11-03 18:00:00,2341.0,23.3,52.34,1.0
2023-11-03 18:15:00,2341.0,23.3,52.34,
2023-11-03 18:30:00,2341.0,23.2,52.34,1.0
2023-11-03 18:45:00,2341.0,23.2,52.535,
2023-11-03 19:00:00,2341.0,23.2,52.73,1.0
2023-11-03 19:15:00,2341.0,23.2,52.535,
2023-11-03 19:30:00,2341.0,23.2,52.34,1.0
2023-11-03 19:45:00,2341.0,23.1,52.535,
2023-11-03 20:00:00,2341.0,23.1,52.34,1.0
2023-11-03 20:15:00,2341.0,23.1,52.535,
2023-11-03 20:30:00,2341.0,23.1,52.73,1.0
2023-11-03 20:45:00,2341.0,23.1,52.535,
2023-11-03 21:00:00,2341.0,23.1,52.73,1.0
2023-11-03 21:15:00,2341.0,23.1,52.73,
2023-11-03 21:30:00,2341.0,23.1,52.73,1.0
2023-11-03 21:45:00,2341.0,23.0,52.73,
2023-11-03 22:00:00,2341.0,23.0,52.34,1.0
2023-11-03 22:15:00,2341.0,23.0,52.73,
2023-11-03 22:30:00,2341.0,23.0,52.73,1.0
2023-11-03 22:45:00,2341.0,23.0,52.34,
2023-11-03 23:00:00,2341.0,23.0,52.73,1.0
2023-11-03 23:15:00,2341.0,23.0,52.73,
2023-11-03 23:30:00,2341.0,23.0,52.535,1.0
2023-11-03 23:45:00,2341.0,23.0,52.73,
2023-11-04 00:00:00,2323.5,22.95,52.73,1.0
2023-11-04 00:15:00,2303.0,23.0,52.73,
2023-11-04 00:30:00,2271.0,22.9,52.73,1.0
2023-11-04 00:45:00,2320.0,23.0,52.73,
2023-11-04 01:00:00,2267.0,22.9,52.73,1.0
2023-11-04 01:15:00,2305.0,22.9,52.73,
2023-11-04 01:30:00,2318.5,22.9,52.73,1.0
2023-11-04 01:45:00,2261.0,22.9,52.73,
2023-11-04 02:00:00,2296.0,22.9,52.73,1.0
2023-11-04 02:15:00,2255.0,22.9,52.73,
2023-11-04 02:30:00,2290.5,22.9,52.73,1.0
2023-11-04 02:45:00,2126.0,22.9,52.73,
2023-11-04 03:00:00,2165.0,22.9,52.73,1.0
2023-11-04 03:15:00,2243.0,22.9,52.73,
2023-11-04 03:30:00,2159.0,22.9,52.73,1.0
2023-11-04 03:45:00,2147.0,22.9,52.73,
2023-11-04 04:00:00,2075.5,22.9,52.73,1.0
2023-11-04 04:15:00,2138.0,22.9,52.73,
2023-11-04 04:30:00,2081.0,22.9,52.73,1.0
2023-11-04 04:45:00,2098.0,22.9,52.73,
2023-11-04 05:00:00,2080.5,22.85,52.73,1.0
2023-11-04 05:15:00,2087.0,22.9,52.73,
2023-11-04 05:30:00,2027.5,22.9,52.73,1.0
2023-11-04 05:45:00,2069.0,22.8,52.73,
2023-11-04 06:00:00,1972.0,22.8,52.73,1.0
2023-11-04 06:15:00,1982.5,22.85,52.73,
2023-11-04 06:30:00,1946.0,22.9,52.73,1.0
2023-11-04 06:45:00,1987.0,22.8,52.73,
2023-11-04 07:00:00,1900.0,22.8,52.73,1.0
2023-11-04 07:15:00,1903.0,22.8,52.73,
2023-11-04 07:30:00,1892.0,22.8,52.73,1.0
2023-11-04 07:45:00,1866.0,22.8,52.34,
2023-11-04 08:00:00,1892.0,22.8,52.34,1.0
2023-11-04 08:15:00,1893.0,22.8,52.34,
2023-11-04 08:30:00,1823.0,22.8,52.34,1.0
2023-11-04 08:45:00,1820.5,22.8,52.34,
2023-11-04 09:00:00,1795.0,22.8,52.34,1.0
2023-11-04 09:15:00,1740.5,22.8,52.34,
2023-11-04 09:30:00,1809.0,22.8,52.34,1.0
2023-11-04 09:45:00,1740.5,22.8,52.34,
2023-11-04 10:00:00,1756.0,22.8,52.34,1.0
2023-11-04 10:15:00,1777.0,22.85,52.34,
2023-11-04 10:30:00,1745.0,22.8,52.34,1.0
2023-11-04 10:45:00,1670.0,22.8,52.34,
2023-11-04 11:00:00,1725.0,22.9,52.34,1.0
2023-11-04 11:15:00,1678.5,22.9,52.34,
2023-11-04 11:30:00,1653.0,22.9,52.34,1.0
2023-11-04 11:45:00,1630.5,22.9,52.34,
2023-11-04 12:00:00,1674.0,22.9,52.34,1.0
2023-11-04 12:15:00,1608.0,22.9,52.34,
2023-11-04 12:30:00,1642.0,22.9,52.34,1.0
2023-11-04 12:45:00,1581.5,22.85,52.34,
2023-11-04 13:00:00,1687.0,22.9,52.34,1.0
2023-11-04 13:15:00,1540.0,22.9,52.34,
2023-11-04 13:30:00,1552.0,22.8,52.34,1.0
2023-11-04 13:45:00,1539.5,22.85,52.34,
2023-11-04 14:00:00,1552.0,22.9,52.34,1.0
2023-11-04 14:15:00,1552.0,22.9,52.34,
2023-11-04 14:30:00,1546.5,22.85,52.34,1.0
2023-11-04 14:45:00,1522.0,22.9,52.34,
2023-11-04 15:00:00,1463.0,22.9,52.34,1.0
2023-11-04 15:15:00,1506.0,22.8,52.34,
2023-11-04 15:30:00,1468.5,22.8,52.34,1.0
2023-11-04 15:45:00,1519.0,22.8,52.34,
2023-11-04 16:00:00,1512.5,22.8,52.34,1.0
2023-11-04 16:15:00,1468.0,22.8,52.34,
2023-11-04 16:30:00,1509.5,22.8,52.34,1.0
2023-11-04 16:45:00,1461.0,22.8,52.34,
2023-11-04 17:00:00,1488.5,22.8,52.34,1.0
2023-11-04 17:15:00,1475.0,22.8,52.34,
2023-11-04 17:30:00,1446.5,22.8,52.34,1.0
2023-11-04 17:45:00,1465.0,22.8,52.34,
2023-11-04 18:00:00,1419.5,22.8,52.34,1.0
2023-11-04 18:15:00,1430.0,22.8,52.34,
2023-11-04 18:30:00,1419.5,22.8,52.34,1.0
2023-11-04 18:45:00,1378.0,22.8,52.34,
2023-11-04 19:00:00,1391.0,22.8,52.34,1.0
2023-11-04 19:15:00,1428.0,22.8,52.34,
2023-11-04 19:30:00,1372.5,22.8,52.34,1.0
2023-11-04 19:45:00,1399.0,22.8,52.34,
2023-11-04 20:00:00,1408.0,22.8,52.34,1.0
2023-11-04 20:15:00,1380.0,22.8,52.34,
2023-11-04 20:30:00,1323.0,22.8,52.34,1.0
2023-11-04 20:45:00,1341.0,22.8,52.34,
2023-11-04 21:00:00,1321.5,22.8,52.34,1.0
2023-11-04 21:15:00,1323.0,22.8,52.34,
2023-11-04 21:30:00,1310.0,22.8,52.34,1.0
2023-11-04 21:45:00,1284.0,22.8,52.34,
2023-11-04 22:00:00,1272.0,22.8,52.34,1.0
2023-11-04 22:15:00,1266.0,22.8,52.34,
2023-11-04 22:30:00,1284.0,22.8,52.34,1.0
2023-11-04 22:45:00,1291.5,22.8,52.34,
2023-11-04 23:00:00,1224.0,22.8,52.34,1.0
2023-11-04 23:15:00,1290.5,22.75,52.34,
2023-11-04 23:30:00,1270.0,22.8,52.34,1.0
2023-11-04 23:45:00,1264.5,22.7,52.34,
2023-11-05 00:00:00,1219.0,22.7,52.34,1.0
2023-11-05 00:15:00,1302.5,22.75,52.34,
2023-11-05 00:30:00,1180.0,22.7,52.34,1.0
2023-11-05 00:45:00,1205.0,22.7,52.34,
2023-11-05 01:00:00,1208.0,22.7,52.34,1.0
2023-11-05 01:15:00,1213.5,22.7,52.34,
2023-11-05 01:30:00,1167.0,22.7,52.34,1.0
2023-11-05 01:45:00,1190.0,22.7,52.34,
2023-11-05 02:00:00,1203.0,22.7,52.34,1.0
2023-11-05 02:15:00,1202.0,22.7,52.34,
2023-11-05 02:30:00,1160.0,22.7,52.34,1.0
2023-11-05 02:45:00,1120.0,22.7,52.34,
2023-11-05 03:00:00,1167.0,22.7,52.34,1.0
2023-11-05 03:15:00,1122.5,22.7,52.34,
2023-11-05 03:30:00,1100.0,22.7,52.34,1.0
2023-11-05 03:45:00,1132.0,22.7,52.34,
2023-11-05 04:00:00,1142.0,22.7,52.34,1.0
2023-11-05 04:15:00,1112.5,22.7,52.34,
2023-11-05 04:30:00,1120.0,22.7,52.34,1.0
2023-11-05 04:45:00,1107.0,22.7,52.34,
2023-11-05 05:00:00,1077.0,22.7,52.34,1.0
2023-11-05 05:15:00,1102.0,22.7,52.34,
2023-11-05 05:30:00,1045.0,22.7,52.34,1.0
2023-11-05 05:45:00,1112.0,22.7,52.34,
2023-11-05 06:00:00,1070.0,22.7,52.34,1.0
2023-11-05 06:15:00,1108.0,22.7,52.34,
2023-11-05 06:30:00,1096.0,22.7,52.34,1.0
2023-11-05 06:45:00,1043.0,22.7,52.34,
2023-11-05 07:00:00,1061.0,22.7,52.34,1.0
2023-11-05 07:15:00,1008.0,22.7,52.34,
2023-11-05 07:30:00,1052.0,22.7,52.34,1.0
2023-11-05 07:45:00,1050.0,22.7,52.34,
2023-11-05 08:00:00,1041.0,22.7,52.34,1.0
2023-11-05 08:15:00,1062.0,22.7,52.34,
2023-11-05 08:30:00,1005.5,22.7,52.34,1.0
2023-11-05 08:45:00,1010.0,22.7,52.34,
2023-11-05 09:00:00,1053.0,22.7,52.34,1.0
2023-11-05 09:15:00,1055.0,22.7,52.34,
2023-11-05 09:30:00,1049.0,22.7,52.34,1.0
2023-11-05 09:45:00,1025.0,22.7,52.34,
2023-11-05 10:00:00,1033.0,22.7,52.34,1.0
2023-11-05 10:15:00,919.0,22.7,52.34,
2023-11-05 10:30:00,998.0,22.7,52.34,1.0
2023-11-05 10:45:00,998.0,22.7,52.34,
2023-11-05 11:00:00,961.0,22.7,52.34,1.0
2023-11-05 11:15:00,972.0,22.7,52.34,
2023-11-05 11:30:00,984.0,22.7,52.34,1.0
2023-11-05 11:45:00,970.0,22.7,52.34,
2023-11-05 12:00:00,1009.5,22.7,52.34,1.0
2023-11-05 12:15:00,853.0,22.7,52.34,
2023-11-05 12:30:00,979.5,22.7,52.34,1.0
2023-11-05 12:45:00,950.0,22.7,52.34,
2023-11-05 13:00:00,900.5,22.7,52.34,1.0
2023-11-05 13:15:00,962.0,22.7,52.34,
2023-11-05 13:30:00,952.5,22.7,52.34,1.0
2023-11-05 13:45:00,890.0,22.7,52.34,
2023-11-05 14:00:00,915.0,22.7,52.34,1.0
2023-11-05 14:15:00,945.0,22.7,52.34,
2023-11-05 14:30:00,924.0,22.7,52.34,1.0
2023-11-05 14:45:00,885.0,22.7,52.34,
2023-11-05 15:00:00,971.0,22.7,52.34,1.0
2023-11-05 15:15:00,900.5,22.7,52.34,
2023-11-05 15:30:00,850.0,22.7,52.34,1.0
2023-11-05 15:45:00,896.0,22.7,52.34,
2023-11-05 16:00:00,903.0,22.7,52.34,1.0
2023-11-05 16:15:00,915.5,22.7,52.34,
2023-11-05 16:30:00,822.0,22.7,52.34,1.0
2023-11-05 16:45:00,936.0,22.7,52.34,
2023-11-05 17:00:00,901.0,22.7,52.34,1.0
2023-11-05 17:15:00,862.5,22.7,52.34,
2023-11-05 17:30:00,903.0,22.7,52.34,1.0
2023-11-05 17:45:00,876.0,22.7,52.34,
2023-11-05 18:00:00,889.0,22.6,52.34,1.0
2023-11-05 18:15:00,891.0,22.7,52.34,
2023-11-05 18:30:00,881.0,22.6,52.34,1.0
2023-11-05 18:45:00,872.5,22.65,52.34,
2023-11-05 19:00:00,918.0,22.7,52.34,1.0
2023-11-05 19:15:00,915.0,22.6,52.34,
2023-11-05 19:30:00,879.0,22.6,52.34,1.0
2023-11-05 19:45:00,875.0,22.65,52.34,
2023-11-05 20:00:00,864.0,22.7,52.34,1.0
2023-11-05 20:15:00,883.5,22.6,52.34,
2023-11-05 20:30:00,838.0,22.6,52.34,1.0
2023-11-05 20:45:00,853.5,22.6,52.34,
2023-11-05 21:00:00,850.0,22.6,52.34,1.0
2023-11-05 21:15:00,885.0,22.6,52.34,
2023-11-05 21:30:00,786.0,22.6,52.34,1.0
2023-11-05 21:45:00,803.0,22.6,52.34,
2023-11-05 22:00:00,852.0,22.6,52.34,1.0
2023-11-05 22:15:00,856.5,22.6,52.34,
2023-11-05 22:30:00,854.0,22.6,52.34,1.0
2023-11-05 22:45:00,859.0,22.65,52.34,
2023-11-05 23:00:00,859.0,22.6,52.34,1.0
2023-11-05 23:15:00,832.5,22.6,52.535,
2023-11-05 23:30:00,793.0,22.6,52.34,1.0
2023-11-05 23:45:00,820.0,22.6,52.535,
2023-11-06 00:00:00,775.0,22.6,52.73,1.0
2023-11-06 00:15:00,800.5,22.6,52.34,
2023-11-06 00:30:00,807.0,22.6,52.73,1.0
2023-11-06 00:45:00,831.0,22.6,52.535,
2023-11-06 01:00:00,789.0,22.6,52.73,1.0
2023-11-06 01:15:00,812.0,22.6,52.73,
2023-11-06 01:30:00,793.0,22.6,52.73,1.0
2023-11-06 01:45:00,823.0,22.6,52.535,
2023-11-06 02:00:00,782.0,22.6,52.73,1.0
2023-11-06 02:15:00,811.0,22.6,52.73,
2023-11-06 02:30:00,862.0,22.6,52.73,1.0
2023-11-06 02:45:00,799.5,22.6,52.73,
2023-11-06 03:00:00,800.0,22.6,52.73,1.0
2023-11-06 03:15:00,808.5,22.6,52.73,
2023-11-06 03:30:00,812.0,22.6,52.73,1.0
2023-11-06 03:45:00,778.5,22.6,52.73,
2023-11-06 04:00:00,786.0,22.6,52.73,1.0
2023-11-06 04:15:00,753.5,22.6,52.73,
2023-11-06 04:30:00,763.0,22.6,52.73,1.0
2023-11-06 04:45:00,746.5,22.6,52.73,
2023-11-06 05:00:00,735.0,22.6,52.73,1.0
2023-11-06 05:15:00,735.0,22.6,52.73,
2023-11-06 05:30:00,772.0,22.6,52.73,1.0
2023-11-06 05:45:00,737.0,22.6,52.73,
2023-11-06 06:00:00,718.0,22.6,52.73,1.0
2023-11-06 06:15:00,811.0,22.6,52.73,
2023-11-06 06:30:00,796.0,22.6,52.73,1.0
2023-11-06 06:45:00,797.0,22.6,52.73,
2023-11-06 07:00:00,770.0,22.6,52.73,1.0
2023-11-06 07:15:00,771.5,22.6,52.73,
2023-11-06 07:30:00,789.0,22.6,52.73,1.0
2023-11-06 07:45:00,771.0,22.6,52.73,
2023-11-06 08:00:00,721.0,22.6,52.73,1.0
2023-11-06 08:15:00,647.0,22.6,52.73,
2023-11-06 08:30:00,866.5,22.65,53.125,1.0
2023-11-06 08:45:00,1032.0,22.8,53.52,
2023-11-06 09:00:00,1076.0,22.9,52.925,1.0
2023-11-06 09:15:00,1155.0,23.0,51.95,
2023-11-06 09:30:00,1247.5,23.05,52.145,1.0
2023-11-06 09:45:00,1461.0,23.1,52.34,
2023-11-06 10:00:00,1463.5,23.1,52.34,1.0
2023-11-06 10:15:00,1727.0,23.1,52.73,
2023-11-06 10:30:00,1847.0,23.1,53.12,
2023-11-06 10:45:00,2039.0,23.2,53.52,
2023-11-06 11:00:00,2270.0,23.2,53.91,1.0
2023-11-06 11:15:00,2341.0,23.2,54.3,
2023-11-06 11:30:00,2341.0,23.3,54.3,
2023-11-06 11:45:00,2341.0,23.2,54.69,
2023-11-06 12:00:00,2072.0,23.3,51.95,1.0
2023-11-06 12:15:00,2341.0,23.3,53.52,
2023-11-06 12:30:00,2341.0,23.3,54.105,
2023-11-06 12:45:00,2341.0,23.3,54.3,
2023-11-06 13:00:00,2341.0,23.35,54.69,
2023-11-06 13:15:00,2341.0,23.4,55.08,
2023-11-06 13:30:00,2341.0,23.4,55.275,
2023-11-06 13:45:00,2341.0,23.5,55.08,
2023-11-06 14:00:00,2341.0,23.5,54.69,
2023-11-06 14:15:00,2341.0,23.6,55.08,1.0
2023-11-06 14:30:00,2341.0,23.6,54.495,1.0
2023-11-06 14:45:00,2341.0,23.6,53.52,
2023-11-06 15:00:00,2341.0,23.55,52.925,1.0
2023-11-06 15:15:00,2341.0,23.5,52.34,
2023-11-06 15:30:00,2341.0,23.55,51.95,1.0
2023-11-06 15:45:00,2341.0,23.5,51.17,
2023-11-06 16:00:00,2341.0,23.55,51.56,1.0
2023-11-06 16:15:00,2341.0,23.6,50.78,
2023-11-06 16:30:00,2203.0,23.6,50.195,1.0
2023-11-06 16:45:00,2214.0,23.6,50.39,
2023-11-06 17:00:00,2001.0,23.6,49.61,1.0
2023-11-06 17:15:00,1919.0,23.6,49.415,
2023-11-06 17:30:00,1966.0,23.6,49.61,1.0
2023-11-06 17:45:00,1933.5,23.6,49.415,
2023-11-06 18:00:00,1961.0,23.6,49.22,1.0
2023-11-06 18:15:00,1903.5,23.6,49.22,
2023-11-06 18:30:00,1840.0,23.6,49.22,1.0
2023-11-06 18:45:00,1840.5,23.65,49.22,
2023-11-06 19:00:00,1767.0,23.6,49.61,1.0
2023-11-06 19:15:00,1734.5,23.5,50.0,
2023-11-06 19:30:00,1723.0,23.4,50.0,1.0
2023-11-06 19:45:00,1752.0,23.4,50.39,
2023-11-06 20:00:00,1762.0,23.3,50.78,1.0
2023-11-06 20:15:00,1782.0,23.3,50.78,
2023-11-06 20:30:00,1735.0,23.3,50.78,1.0
2023-11-06 20:45:00,1716.5,23.2,50.78,
2023-11-06 21:00:00,1679.0,23.2,51.17,1.0
2023-11-06 21:15:00,1704.5,23.2,51.17,
2023-11-06 21:30:00,1680.0,23.2,51.17,1.0
2023-11-06 21:45:00,1698.0,23.1,51.17,
2023-11-06 22:00:00,1718.0,23.1,51.17,1.0
2023-11-06 22:15:00,1684.0,23.1,51.56,
2023-11-06 22:30:00,1709.0,23.1,51.56,1.0
2023-11-06 22:45:00,1630.5,23.1,51.56,
2023-11-06 23:00:00,1672.0,23.1,51.56,1.0
2023-11-06 23:15:00,1655.5,23.1,51.56,
2023-11-06 23:30:00,1586.0,23.0,51.56,1.0
2023-11-06 23:45:00,1588.0,23.0,51.56,
2023-11-07 00:00:00,1570.0,23.0,51.95,1.0
2023-11-07 00:15:00,1601.5,23.0,51.95,
2023-11-07 00:30:00,1564.0,23.0,51.95,1.0
2023-11-07 00:45:00,1559.5,23.0,51.95,
2023-11-07 01:00:00,1536.0,23.0,51.95,1.0
2023-11-07 01:15:00,1517.0,23.0,51.95,
2023-11-07 01:30:00,1604.5,23.0,51.95,1.0
2023-11-07 01:45:00,1514.0,23.0,51.95,
2023-11-07 02:00:00,1530.0,23.0,51.95,1.0
2023-11-07 02:15:00,1484.0,23.0,51.95,
2023-11-07 02:30:00,1571.5,22.9,51.95,1.0
2023-11-07 02:45:00,1554.0,22.9,51.95,
2023-11-07 03:00:00,1473.0,22.9,51.95,1.0
2023-11-07 03:15:00,1546.0,22.9,51.95,
2023-11-07 03:30:00,1509.5,22.9,52.145,1.0
2023-11-07 03:45:00,1456.0,22.9,51.95,
2023-11-07 04:00:00,1472.0,22.9,51.95,1.0
2023-11-07 04:15:00,1448.0,22.9,52.34,
2023-11-07 04:30:00,1461.5,22.9,52.34,1.0
2023-11-07 04:45:00,1443.0,22.9,52.34,
2023-11-07 05:00:00,1427.5,22.9,52.34,1.0
2023-11-07 05:15:00,1414.0,22.9,52.34,
2023-11-07 05:30:00,1414.0,22.9,52.34,1.0
2023-11-07 05:45:00,1380.0,22.9,52.34,
2023-11-07 06:00:00,1418.5,22.9,52.34,1.0
2023-11-07 06:15:00,1342.0,22.9,52.34,
2023-11-07 06:30:00,1386.5,22.9,52.34,1.0
2023-11-07 06:45:00,1368.0,22.8,52.34,
2023-11-07 07:00:00,1382.5,22.9,52.34,1.0
2023-11-07 07:15:00,1392.0,22.9,52.34,
2023-11-07 07:30:00,1413.0,22.85,52.34,1.0
2023-11-07 07:45:00,1392.0,22.9,52.34,
2023-11-07 08:00:00,1317.5,22.85,52.34,1.0
2023-11-07 08:15:00,1400.0,22.8,52.34,
2023-11-07 08:30:00,1308.0,22.8,52.34,1.0
2023-11-07 08:45:00,1363.0,22.8,52.34,
2023-11-07 09:00:00,1484.5,22.85,53.905,1.0
2023-11-07 09:15:00,1742.0,23.0,57.42,
2023-11-07 09:30:00,1831.0,23.0,58.59,1.0
2023-11-07 09:45:00,2088.0,23.1,59.575,
2023-11-07 10:00:00,2209.0,23.2,59.77,1.0
2023-11-07 10:15:00,2341.0,23.25,59.77,
2023-11-07 10:30:00,2341.0,23.3,60.16,1.0
2023-11-07 10:45:00,2341.0,23.35,60.16,
2023-11-07 11:00:00,2341.0,23.4,60.16,1.0
2023-11-07 11:15:00,2341.0,23.4,60.16,
2023-11-07 11:30:00,2341.0,23.4,60.16,1.0
2023-11-07 11:45:00,2341.0,23.4,60.355,
2023-11-07 12:00:00,2341.0,23.4,60.55,1.0
2023-11-07 12:15:00,2341.0,23.4,59.965,
2023-11-07 12:30:00,2341.0,23.4,60.16,1.0
2023-11-07 12:45:00,2341.0,23.5,60.355,
2023-11-07 13:00:00,2341.0,23.5,60.55,1.0
2023-11-07 13:15:00,2341.0,23.5,60.16,
2023-11-07 13:30:00,2341.0,23.5,60.16,1.0
2023-11-07 13:45:00,2341.0,23.5,60.16,
2023-11-07 14:00:00,2341.0,23.6,60.16,1.0
2023-11-07 14:15:00,2341.0,23.6,60.355,
2023-11-07 14:30:00,2341.0,23.6,60.55,1.0
2023-11-07 14:45:00,2341.0,23.6,60.55,
2023-11-07 15:00:00,2341.0,23.6,60.55,1.0
2023-11-07 15:15:00,2341.0,23.6,60.355000000000004,
2023-11-07 15:30:00,2341.0,23.6,59.38,1.0
2023-11-07 15:45:00,2341.0,23.7,58.59,
2023-11-07 16:00:00,2341.0,23.6,57.81,1.0
2023-11-07 16:15:00,2341.0,23.6,57.225,
2023-11-07 16:30:00,2341.0,23.6,56.64,1.0
2023-11-07 16:45:00,2341.0,23.7,56.64,
2023-11-07 17:00:00,2341.0,23.7,57.03,1.0
2023-11-07 17:15:00,2341.0,23.7,57.42,
2023-11-07 17:30:00,2341.0,23.6,56.25,1.0
2023-11-07 17:45:00,2341.0,23.6,56.25,
2023-11-07 18:00:00,2341.0,23.5,56.25,1.0
2023-11-07 18:15:00,2341.0,23.4,56.25,
2023-11-07 18:30:00,2341.0,23.4,56.25,1.0
2023-11-07 18:45:00,2341.0,23.4,56.25,
2023-11-07 19:00:00,2341.0,23.3,56.25,1.0
2023-11-07 19:15:00,2341.0,23.3,56.25,
2023-11-07 19:30:00,2341.0,23.25,56.25,1.0
2023-11-07 19:45:00,2341.0,23.3,56.25,
2023-11-07 20:00:00,2341.0,23.2,56.25,1.0
2023-11-07 20:15:00,2341.0,23.2,55.86,
2023-11-07 20:30:00,2341.0,23.2,55.86,1.0
2023-11-07 20:45:00,2341.0,23.2,55.86,
2023-11-07 21:00:00,2341.0,23.15,55.86,1.0
2023-11-07 21:15:00,2341.0,23.2,55.86,
2023-11-07 21:30:00,2341.0,23.1,55.86,1.0
2023-11-07 21:45:00,2341.0,23.1,55.86,
2023-11-07 22:00:00,2341.0,23.1,55.86,1.0
2023-11-07 22:15:00,2341.0,23.1,55.47,
2023-11-07 22:30:00,2341.0,23.1,55.665,1.0
2023-11-07 22:45:00,2341.0,23.1,55.47,
2023-11-07 23:00:00,2341.0,23.05,55.47,1.0
2023-11-07 23:15:00,2341.0,23.1,55.47,
2023-11-07 23:30:00,2341.0,23.0,55.47,1.0
2023-11-07 23:45:00,2341.0,23.0,55.47,
2023-11-08 00:00:00,2341.0,23.0,55.47,1.0
2023-11-08 00:15:00,2341.0,23.0,55.47,
2023-11-08 00:30:00,2341.0,23.0,55.47,1.0
2023-11-08 00:45:00,2341.0,23.0,55.47,
2023-11-08 01:00:00,2341.0,23.0,55.275,1.0
2023-11-08 01:15:00,2341.0,23.0,55.08,
2023-11-08 01:30:00,2341.0,23.0,55.08,1.0
2023-11-08 01:45:00,2341.0,23.0,55.08,
2023-11-08 02:00:00,2341.0,23.0,55.08,1.0
2023-11-08 02:15:00,2341.0,23.0,55.08,
2023-11-08 02:30:00,2341.0,23.0,55.08,1.0
2023-11-08 02:45:00,2341.0,23.0,55.08,
2023-11-08 03:00:00,2341.0,23.0,55.08,1.0
2023-11-08 03:15:00,2341.0,22.95,55.08,
2023-11-08 03:30:00,2341.0,22.9,55.08,1.0
2023-11-08 03:45:00,2341.0,22.9,55.08,
2023-11-08 04:00:00,2341.0,22.9,55.08,1.0
2023-11-08 04:15:00,2341.0,22.9,54.885,
2023-11-08 04:30:00,2341.0,22.9,55.08,1.0
2023-11-08 04:45:00,2341.0,22.9,54.69,
2023-11-08 05:00:00,2341.0,22.9,54.69,1.0
2023-11-08 05:15:00,2341.0,22.9,54.69,
2023-11-08 05:30:00,2341.0,22.9,54.69,1.0
2023-11-08 05:45:00,2339.0,22.9,54.69,
2023-11-08 06:00:00,2252.0,22.9,54.69,1.0
2023-11-08 06:15:00,2278.0,22.9,54.69,
2023-11-08 06:30:00,2295.0,22.9,54.69,1.0
2023-11-08 06:45:00,2252.0,22.9,54.69,
2023-11-08 07:00:00,2289.0,22.9,54.69,1.0
2023-11-08 07:15:00,2213.0,22.9,54.69,
2023-11-08 07:30:00,2234.0,22.9,54.69,1.0
2023-11-08 07:45:00,2129.0,22.9,54.69,
2023-11-08 08:00:00,2144.0,22.9,54.69,1.0
2023-11-08 08:15:00,2112.5,22.9,54.69,
2023-11-08 08:30:00,2088.0,22.9,54.69,1.0
2023-11-08 08:45:00,2186.0,22.9,54.69,
2023-11-08 09:00:00,2034.0,22.9,54.69,1.0
2023-11-08 09:15:00,2104.0,22.9,54.69,
2023-11-08 09:30:00,2061.0,22.9,54.69,0.6666666666666666
2023-11-08 09:45:00,2076.0,22.9,54.69,1.0
2023-11-08 10:00:00,1390.5,22.9,53.125,1.0
2023-11-08 10:15:00,1645.0,23.0,55.86,
2023-11-08 10:30:00,1863.5,23.200000000000003,56.445,1.0
2023-11-08 10:45:00,1913.0,23.4,57.03,
2023-11-08 11:00:00,2232.0,23.5,57.42,1.0
2023-11-08 11:15:00,2341.0,23.6,57.81,
2023-11-08 11:30:00,2341.0,23.7,57.81,1.0
2023-11-08 11:45:00,2341.0,23.7,58.2,
2023-11-08 12:00:00,2309.5,23.8,56.25,0.0
2023-11-08 12:15:00,1970.0,23.7,53.12,
2023-11-08 12:30:00,1919.5,23.7,51.56,0.0
2023-11-08 12:45:00,1729.0,23.7,50.78,
2023-11-08 13:00:00,1941.5,23.7,50.195,0.0
2023-11-08 13:15:00,1838.0,23.6,49.61,
2023-11-08 13:30:00,1819.0,23.65,49.415,0.0
2023-11-08 13:45:00,1850.0,23.7,48.83,
2023-11-08 14:00:00,1619.0,23.6,48.245,0.0
2023-11-08 14:15:00,1495.0,23.6,47.66,
2023-11-08 14:30:00,1473.5,23.6,47.27,0.0
2023-11-08 14:45:00,1455.0,23.6,47.27,
2023-11-08 15:00:00,1517.0,23.6,47.465,1.0
2023-11-08 15:15:00,1645.0,23.6,47.66,
2023-11-08 15:30:00,1689.0,23.6,48.05,1.0
2023-11-08 15:45:00,1748.0,23.6,48.05,
2023-11-08 16:00:00,1849.0,23.6,48.44,1.0
2023-11-08 16:15:00,1783.0,23.6,48.83,
2023-11-08 16:30:00,1779.0,23.5,49.22,1.0
2023-11-08 16:45:00,1670.0,23.4,49.61,
2023-11-08 17:00:00,1916.5,23.4,51.365,1.0
2023-11-08 17:15:00,2124.0,23.4,52.34,
2023-11-08 17:30:00,2286.5,23.5,52.925,1.0
2023-11-08 17:45:00,2341.0,23.5,53.52,
2023-11-08 18:00:00,2341.0,23.6,53.91,1.0
2023-11-08 18:15:00,2341.0,23.6,53.715,
2023-11-08 18:30:00,2341.0,23.5,53.52,1.0
2023-11-08 18:45:00,2341.0,23.45,53.52,
2023-11-08 19:00:00,2341.0,23.4,53.52,1.0
2023-11-08 19:15:00,2341.0,23.35,53.52,
2023-11-08 19:30:00,2341.0,23.3,53.52,1.0
2023-11-08 19:45:00,2341.0,23.3,53.52,
2023-11-08 20:00:00,2341.0,23.2,53.52,1.0
2023-11-08 20:15:00,2341.0,23.2,53.52,
2023-11-08 20:30:00,2341.0,23.2,53.52,1.0
2023-11-08 20:45:00,2341.0,23.2,53.52,
2023-11-08 21:00:00,2291.0,23.2,53.52,1.0
2023-11-08 21:15:00,2332.0,23.2,53.12,
2023-11-08 21:30:00,2341.0,23.1,53.12,1.0
2023-11-08 21:45:00,2276.5,23.1,53.52,
2023-11-08 22:00:00,2189.0,23.1,53.12,1.0
2023-11-08 22:15:00,2187.0,23.1,53.32,
2023-11-08 22:30:00,2200.0,23.1,53.12,1.0
2023-11-08 22:45:00,2204.5,23.1,53.12,
2023-11-08 23:00:00,2197.0,23.1,53.12,1.0
2023-11-08 23:15:00,2162.5,23.1,53.12,
2023-11-08 23:30:00,2151.0,23.0,53.12,1.0
2023-11-08 23:45:00,2142.0,23.1,53.12,
2023-11-09 00:00:00,2136.0,23.0,53.12,1.0
2023-11-09 00:15:00,2060.5,23.0,53.32,
2023-11-09 00:30:00,1974.0,23.0,53.12,1.0
2023-11-09 00:45:00,2067.0,23.0,53.12,
2023-11-09 01:00:00,2020.0,23.0,53.12,1.0
2023-11-09 01:15:00,1992.5,23.0,53.32,
2023-11-09 01:30:00,2067.0,23.0,53.12,1.0
2023-11-09 01:45:00,1937.5,23.0,53.12,
2023-11-09 02:00:00,1936.0,23.0,53.12,1.0
2023-11-09 02:15:00,1909.0,23.0,53.12,
2023-11-09 02:30:00,1911.5,23.0,53.12,1.0
2023-11-09 02:45:00,1975.0,23.0,53.12,
2023-11-09 03:00:00,1871.0,23.0,53.12,1.0
2023-11-09 03:15:00,1876.0,23.0,53.12,
2023-11-09 03:30:00,1841.0,22.95,53.12,1.0
2023-11-09 03:45:00,1783.0,22.9,53.12,
2023-11-09 04:00:00,1814.5,22.9,53.12,1.0
2023-11-09 04:15:00,1828.0,22.9,53.12,
2023-11-09 04:30:00,1744.0,22.9,53.12,1.0
2023-11-09 04:45:00,1769.0,22.9,53.12,
2023-11-09 05:00:00,1701.0,22.9,53.12,1.0
2023-11-09 05:15:00,1722.0,22.9,53.12,
2023-11-09 05:30:00,1734.5,22.9,53.12,1.0
2023-11-09 05:45:00,1712.0,22.9,53.12,
2023-11-09 06:00:00,1712.5,22.9,53.12,1.0
2023-11-09 06:15:00,1740.0,22.9,53.12,
2023-11-09 06:30:00,1676.5,22.9,53.12,1.0
2023-11-09 06:45:00,1649.0,22.9,53.12,
2023-11-09 07:00:00,1669.5,22.9,53.12,1.0
2023-11-09 07:15:00,1575.0,22.9,53.12,
2023-11-09 07:30:00,1627.0,22.9,53.12,1.0
2023-11-09 07:45:00,1652.0,22.9,53.12,
2023-11-09 08:00:00,1620.0,22.9,53.12,1.0
2023-11-09 08:15:00,1561.0,22.9,53.12,
2023-11-09 08:30:00,1567.0,22.9,53.12,1.0
2023-11-09 08:45:00,1620.0,22.9,53.12,
2023-11-09 09:00:00,1582.0,22.9,53.12,1.0
2023-11-09 09:15:00,1487.0,22.9,53.12,
2023-11-09 09:30:00,1559.0,22.9,53.12,1.0
2023-11-09 09:45:00,1533.0,22.9,53.12,
2023-11-09 10:00:00,1517.0,22.9,53.12,1.0
2023-11-09 10:15:00,1524.0,22.9,53.12,
2023-11-09 10:30:00,1518.0,22.9,53.12,1.0
2023-11-09 10:45:00,1534.0,22.9,53.12,
2023-11-09 11:00:00,1514.0,22.9,53.12,1.0
2023-11-09 11:15:00,1532.5,22.85,53.12,
2023-11-09 11:30:00,1520.0,22.9,53.12,1.0
2023-11-09 11:45:00,1469.0,22.9,53.12,
2023-11-09 12:00:00,1601.0,22.9,53.12,1.0
2023-11-09 12:15:00,1497.0,22.9,53.12,
2023-11-09 12:30:00,1503.0,22.8,53.12,1.0
2023-11-09 12:45:00,1522.5,22.85,53.12,
2023-11-09 13:00:00,1413.0,22.9,53.12,1.0
2023-11-09 13:15:00,1552.0,22.85,53.12,
2023-11-09 13:30:00,1458.0,22.9,53.12,1.0
2023-11-09 13:45:00,1508.5,22.8,53.52,
2023-11-09 14:00:00,1490.0,22.8,53.52,1.0
2023-11-09 14:15:00,1471.0,22.9,53.32,
2023-11-09 14:30:00,1495.0,22.8,53.52,1.0
2023-11-09 14:45:00,1457.5,22.85,53.52,
2023-11-09 15:00:00,1235.0,22.9,53.52,1.0
2023-11-09 15:15:00,1276.5,22.85,53.52,
2023-11-09 15:30:00,1272.0,22.8,53.52,1.0
2023-11-09 15:45:00,1233.0,22.8,53.52,
2023-11-09 16:00:00,1153.0,22.8,53.52,1.0
2023-11-09 16:15:00,1253.5,22.8,53.52,
2023-11-09 16:30:00,1256.0,22.8,53.52,1.0
2023-11-09 16:45:00,1257.5,22.8,53.52,
2023-11-09 17:00:00,1153.0,22.8,53.52,1.0
2023-11-09 17:15:00,1203.0,22.8,53.52,
2023-11-09 17:30:00,1182.0,22.8,53.52,1.0
2023-11-09 17:45:00,1168.5,22.8,53.52,
2023-11-09 18:00:00,1165.0,22.8,53.52,1.0
2023-11-09 18:15:00,1191.0,22.8,53.52,
2023-11-09 18:30:00,1178.0,22.8,53.52,1.0
2023-11-09 18:45:00,1220.0,22.8,53.52,
2023-11-09 19:00:00,1203.0,22.8,53.32,1.0
2023-11-09 19:15:00,1213.0,22.8,53.52,
2023-11-09 19:30:00,1176.5,22.8,53.52,1.0
2023-11-09 19:45:00,1207.0,22.8,53.52,
2023-11-09 20:00:00,1181.0,22.8,53.52,1.0
2023-11-09 20:15:00,1165.0,22.8,53.52,
2023-11-09 20:30:00,1168.5,22.8,53.52,1.0
2023-11-09 20:45:00,1152.0,22.8,53.52,
2023-11-09 21:00:00,1178.0,22.8,53.52,1.0
2023-11-09 21:15:00,1120.0,22.8,53.52,
2023-11-09 21:30:00,1129.5,22.8,53.52,1.0
2023-11-09 21:45:00,1144.0,22.8,53.52,
2023-11-09 22:00:00,1107.5,22.8,53.52,1.0
2023-11-09 22:15:00,1191.0,22.8,53.52,
2023-11-09 22:30:00,1142.5,22.8,53.52,1.0
2023-11-09 22:45:00,1123.0,22.8,53.52,
2023-11-09 23:00:00,1190.0,22.75,53.52,1.0
2023-11-09 23:15:00,1136.0,22.8,53.52,
2023-11-09 23:30:00,1086.0,22.75,53.52,1.0
2023-11-09 23:45:00,1125.0,22.8,53.52,
2023-11-10 00:00:00,1058.0,22.75,53.52,1.0
2023-11-10 00:15:00,1102.0,22.7,53.52,
2023-11-10 00:30:00,1068.0,22.8,53.52,1.0
2023-11-10 00:45:00,1106.0,22.8,53.52,
2023-11-10 01:00:00,1091.0,22.75,53.52,1.0
2023-11-10 01:15:00,1089.0,22.8,53.52,
2023-11-10 01:30:00,1118.5,22.75,53.52,1.0
2023-11-10 01:45:00,1029.0,22.8,53.52,
2023-11-10 02:00:00,1073.0,22.7,53.52,1.0
2023-11-10 02:15:00,1062.0,22.8,53.52,
2023-11-10 02:30:00,1046.0,22.8,53.52,1.0
2023-11-10 02:45:00,1020.5,22.8,53.52,
2023-11-10 03:00:00,1057.0,22.8,53.52,1.0
2023-11-10 03:15:00,992.0,22.75,53.52,
2023-11-10 03:30:00,999.0,22.7,53.52,1.0
2023-11-10 03:45:00,994.0,22.8,53.52,
2023-11-10 04:00:00,1025.5,22.8,53.52,1.0
2023-11-10 04:15:00,1005.0,22.8,53.52,
2023-11-10 04:30:00,1006.5,22.8,53.32,1.0
2023-11-10 04:45:00,971.0,22.7,53.52,
2023-11-10 05:00:00,1005.5,22.7,53.52,1.0
2023-11-10 05:15:00,984.0,22.7,53.52,
2023-11-10 05:30:00,957.5,22.75,53.52,1.0
2023-11-10 05:45:00,919.0,22.7,53.52,
2023-11-10 06:00:00,955.5,22.7,53.32,1.0
2023-11-10 06:15:00,939.0,22.8,53.12,
2023-11-10 06:30:00,956.5,22.75,53.12,1.0
2023-11-10 06:45:00,956.0,22.7,53.12,
2023-11-10 07:00:00,916.5,22.7,53.12,1.0
2023-11-10 07:15:00,964.0,22.8,53.12,
2023-11-10 07:30:00,934.0,22.7,53.12,1.0
2023-11-10 07:45:00,876.0,22.8,53.12,
2023-11-10 08:00:00,686.5,22.8,50.975,1.0
2023-11-10 08:15:00,800.0,22.9,51.17,
2023-11-10 08:30:00,1073.0,23.0,51.95,0.6666666666666666
2023-11-10 08:45:00,1044.0,23.0,50.78,
2023-11-10 09:00:00,1049.0,23.1,50.39,0.0
2023-11-10 09:15:00,1129.0,23.1,49.415,
2023-11-10 09:30:00,1162.0,23.1,50.0,0.0
2023-11-10 09:45:00,1304.5,23.15,49.805,
2023-11-10 10:00:00,1471.0,23.2,50.0,0.0
2023-11-10 10:15:00,1483.5,23.2,49.805,
2023-11-10 10:30:00,1343.0,23.2,48.44,0.0
2023-11-10 10:45:00,1373.0,23.2,48.635,
2023-11-10 11:00:00,1502.0,23.2,49.22,1.0
2023-11-10 11:15:00,1675.5,23.25,49.22,
2023-11-10 11:30:00,1864.0,23.4,49.61,1.0
2023-11-10 11:45:00,1855.5,23.4,49.805,
2023-11-10 12:00:00,1879.0,23.4,49.61,1.0
2023-11-10 12:15:00,1905.5,23.45,49.805,
2023-11-10 12:30:00,1779.0,23.5,49.22,1.0
2023-11-10 12:45:00,1719.5,23.4,49.025,
2023-11-10 13:00:00,1756.0,23.4,48.83,1.0
2023-11-10 13:15:00,1908.5,23.5,49.22,
2023-11-10 13:30:00,1920.0,23.5,49.22,1.0
2023-11-10 13:45:00,2094.0,23.5,50.195,
2023-11-10 14:00:00,2094.0,23.5,50.0,1.0
2023-11-10 14:15:00,2094.0,23.5,50.0,
2023-11-10 14:30:00,2094.0,23.6,50.0,1.0
2023-11-10 14:45:00,2094.0,23.6,49.61,
2023-11-10 15:00:00,2094.0,23.5,50.0,1.0
2023-11-10 15:15:00,2094.0,23.45,50.195,
2023-11-10 15:30:00,2094.0,23.4,50.0,1.0
2023-11-10 15:45:00,2094.0,23.5,50.585,
2023-11-10 16:00:00,2094.0,23.6,50.78,1.0
2023-11-10 16:15:00,2094.0,23.6,51.365,
2023-11-10 16:30:00,2094.0,23.6,51.95,1.0
2023-11-10 16:45:00,2094.0,23.55,51.755,
2023-11-10 17:00:00,2094.0,23.5,51.56,1.0
2023-11-10 17:15:00,2094.0,23.4,51.56,
2023-11-10 17:30:00,2094.0,23.4,51.56,1.0
2023-11-10 17:45:00,2094.0,23.3,51.95,
2023-11-10 18:00:00,2094.0,23.3,51.95,1.0
2023-11-10 18:15:00,2094.0,23.3,51.95,
2023-11-10 18:30:00,2094.0,23.25,51.95,1.0
2023-11-10 18:45:00,2094.0,23.2,51.95,
2023-11-10 19:00:00,2094.0,23.2,51.95,1.0
2023-11-10 19:15:00,2094.0,23.2,51.95,
2023-11-10 19:30:00,2094.0,23.15,51.95,1.0
2023-11-10 19:45:00,2094.0,23.1,51.95,
2023-11-10 20:00:00,2094.0,23.1,51.95,1.0
2023-11-10 20:15:00,2094.0,23.1,51.95,
2023-11-10 20:30:00,2094.0,23.1,51.95,1.0
2023-11-10 20:45:00,2094.0,23.1,51.95,
2023-11-10 21:00:00,2094.0,23.1,52.145,1.0
2023-11-10 21:15:00,2094.0,23.1,51.95,
2023-11-10 21:30:00,2094.0,23.05,52.145,1.0
2023-11-10 21:45:00,2094.0,23.0,51.95,
2023-11-10 22:00:00,2094.0,23.0,52.145,1.0
2023-11-10 22:15:00,2094.0,23.0,51.95,
2023-11-10 22:30:00,2094.0,23.0,52.34,1.0
2023-11-10 22:45:00,2094.0,23.0,52.34,
2023-11-10 23:00:00,2094.0,23.0,52.34,1.0
2023-11-10 23:15:00,2094.0,23.0,52.34,
2023-11-10 23:30:00,2094.0,23.0,52.34,1.0
2023-11-10 23:45:00,2075.0,23.0,52.34,
2023-11-11 00:00:00,2094.0,23.0,52.34,1.0
2023-11-11 00:15:00,2094.0,23.0,52.34,
2023-11-11 00:30:00,2094.0,23.0,52.34,1.0
2023-11-11 00:45:00,2071.0,23.0,52.34,
2023-11-11 01:00:00,2094.0,23.0,52.34,1.0
2023-11-11 01:15:00,1998.0,23.0,52.34,
2023-11-11 01:30:00,2094.0,22.9,52.34,1.0
2023-11-11 01:45:00,1955.5,22.9,52.34,
2023-11-11 02:00:00,2064.0,22.9,52.34,1.0
2023-11-11 02:15:00,1965.5,22.9,52.34,
2023-11-11 02:30:00,2055.0,22.9,52.34,1.0
2023-11-11 02:45:00,1980.5,22.9,52.34,
2023-11-11 03:00:00,1870.0,22.9,52.34,1.0
2023-11-11 03:15:00,1939.0,22.9,52.34,
2023-11-11 03:30:00,1921.0,22.9,52.34,1.0
2023-11-11 03:45:00,1900.0,22.9,52.34,
2023-11-11 04:00:00,1835.0,22.9,52.34,1.0
2023-11-11 04:15:00,1814.0,22.9,52.34,
2023-11-11 04:30:00,1823.0,22.9,52.34,1.0
2023-11-11 04:45:00,1833.0,22.9,52.34,
2023-11-11 05:00:00,1790.0,22.9,52.34,1.0
2023-11-11 05:15:00,1803.5,22.9,52.34,
2023-11-11 05:30:00,1720.0,22.9,52.34,1.0
2023-11-11 05:45:00,1723.0,22.9,52.34,
2023-11-11 06:00:00,1738.0,22.9,52.34,1.0
2023-11-11 06:15:00,1776.0,22.9,52.535,
2023-11-11 06:30:00,1754.0,22.9,52.34,1.0
2023-11-11 06:45:00,1720.0,22.9,52.34,
2023-11-11 07:00:00,1708.0,22.9,52.34,1.0
2023-11-11 07:15:00,1714.0,22.9,52.34,
2023-11-11 07:30:00,1645.0,22.9,52.34,1.0
2023-11-11 07:45:00,1623.0,22.9,52.34,
2023-11-11 08:00:00,1596.0,22.9,52.34,1.0
2023-11-11 08:15:00,1600.5,22.9,52.34,
2023-11-11 08:30:00,1526.0,22.8,52.34,1.0
2023-11-11 08:45:00,1593.5,22.8,52.34,
2023-11-11 09:00:00,1545.0,22.8,52.34,1.0
2023-11-11 09:15:00,1533.0,22.85,52.535,
2023-11-11 09:30:00,1576.0,22.8,52.34,1.0
2023-11-11 09:45:00,1526.0,22.8,52.34,
2023-11-11 10:00:00,1517.0,22.8,52.34,1.0
2023-11-11 10:15:00,1481.0,22.8,52.34,
2023-11-11 10:30:00,1535.5,22.9,52.34,1.0
2023-11-11 10:45:00,1503.0,22.9,52.34,
2023-11-11 11:00:00,1408.0,22.8,52.34,1.0
2023-11-11 11:15:00,1406.0,22.9,52.34,
2023-11-11 11:30:00,1424.0,22.8,52.34,1.0
2023-11-11 11:45:00,1487.0,22.8,52.34,
2023-11-11 12:00:00,1444.5,22.8,52.34,1.0
2023-11-11 12:15:00,1439.0,22.8,52.34,
2023-11-11 12:30:00,1399.5,22.8,52.34,1.0
2023-11-11 12:45:00,1406.0,22.8,52.34,
2023-11-11 13:00:00,1343.0,22.8,52.34,1.0
2023-11-11 13:15:00,1357.0,22.8,52.34,
2023-11-11 13:30:00,1318.0,22.8,52.34,1.0
2023-11-11 13:45:00,1345.0,22.8,52.34,
2023-11-11 14:00:00,1304.5,22.8,52.535,1.0
2023-11-11 14:15:00,1282.0,22.8,52.34,
2023-11-11 14:30:00,1278.5,22.8,52.535,1.0
2023-11-11 14:45:00,1279.0,22.8,52.34,
2023-11-11 15:00:00,1246.0,22.8,52.535,1.0
2023-11-11 15:15:00,1328.0,22.8,52.34,
2023-11-11 15:30:00,1315.0,22.8,52.535,1.0
2023-11-11 15:45:00,1213.0,22.8,52.34,
2023-11-11 16:00:00,1251.0,22.8,52.73,1.0
2023-11-11 16:15:00,1304.0,22.8,52.34,
2023-11-11 16:30:00,1194.0,22.8,52.34,1.0
2023-11-11 16:45:00,1220.0,22.8,52.73,
2023-11-11 17:00:00,1154.0,22.8,52.73,1.0
2023-11-11 17:15:00,1213.0,22.8,52.34,
2023-11-11 17:30:00,1135.0,22.8,52.73,1.0
2023-11-11 17:45:00,1175.0,22.8,52.34,
2023-11-11 18:00:00,1181.0,22.8,52.34,1.0
2023-11-11 18:15:00,1170.5,22.8,52.34,
2023-11-11 18:30:00,1149.0,22.8,52.34,1.0
2023-11-11 18:45:00,1100.5,22.8,52.34,
2023-11-11 19:00:00,1086.0,22.8,52.34,1.0
2023-11-11 19:15:00,1108.0,22.8,52.73,
2023-11-11 19:30:00,1139.0,22.8,52.34,1.0
2023-11-11 19:45:00,1089.0,22.8,52.34,
2023-11-11 20:00:00,1045.0,22.8,52.73,1.0
2023-11-11 20:15:00,1072.5,22.75,52.34,
2023-11-11 20:30:00,1057.0,22.7,52.34,1.0
2023-11-11 20:45:00,1038.0,22.7,52.73,
2023-11-11 21:00:00,1062.0,22.8,52.34,1.0
2023-11-11 21:15:00,1016.5,22.75,52.73,
2023-11-11 21:30:00,1049.0,22.7,52.34,1.0
2023-11-11 21:45:00,1060.5,22.7,52.73,
2023-11-11 22:00:00,979.0,22.7,52.73,1.0
2023-11-11 22:15:00,1028.0,22.7,52.34,
2023-11-11 22:30:00,1018.0,22.7,52.73,1.0
2023-11-11 22:45:00,952.5,22.7,52.535,
2023-11-11 23:00:00,1033.0,22.7,52.73,1.0
2023-11-11 23:15:00,991.5,22.7,52.73,
2023-11-11 23:30:00,1002.0,22.7,52.73,1.0
2023-11-11 23:45:00,1023.0,22.7,52.73,
2023-11-12 00:00:00,989.0,22.7,52.34,1.0
2023-11-12 00:15:00,998.5,22.7,52.73,
2023-11-12 00:30:00,930.0,22.7,52.73,1.0
2023-11-12 00:45:00,976.5,22.7,52.73,
2023-11-12 01:00:00,1005.0,22.7,52.73,1.0
2023-11-12 01:15:00,945.5,22.7,52.73,
2023-11-12 01:30:00,933.0,22.7,52.73,1.0
2023-11-12 01:45:00,877.5,22.7,52.73,
2023-11-12 02:00:00,840.0,22.7,52.73,1.0
2023-11-12 02:15:00,948.5,22.7,52.535,
2023-11-12 02:30:00,900.0,22.7,52.73,1.0
2023-11-12 02:45:00,933.0,22.7,52.73,
2023-11-12 03:00:00,901.0,22.7,52.73,1.0
2023-11-12 03:15:00,839.0,22.7,52.73,
2023-11-12 03:30:00,869.0,22.7,52.73,1.0
2023-11-12 03:45:00,877.0,22.7,52.73,
2023-11-12 04:00:00,821.5,22.7,52.73,1.0
2023-11-12 04:15:00,904.0,22.7,52.73,
2023-11-12 04:30:00,875.5,22.7,52.535,1.0
2023-11-12 04:45:00,809.0,22.7,52.73,
2023-11-12 05:00:00,859.0,22.7,52.73,1.0
2023-11-12 05:15:00,829.0,22.7,52.73,
2023-11-12 05:30:00,799.5,22.7,52.73,1.0
2023-11-12 05:45:00,832.0,22.7,52.73,
2023-11-12 06:00:00,849.5,22.7,52.73,1.0
2023-11-12 06:15:00,829.0,22.7,52.73,
2023-11-12 06:30:00,804.5,22.7,52.535,1.0
2023-11-12 06:45:00,743.0,22.7,52.73,
2023-11-12 07:00:00,789.5,22.65,52.73,1.0
2023-11-12 07:15:00,797.0,22.7,52.73,
2023-11-12 07:30:00,765.0,22.7,52.535,1.0
2023-11-12 07:45:00,844.0,22.7,52.34,
2023-11-12 08:00:00,709.0,22.7,52.73,1.0
2023-11-12 08:15:00,777.0,22.7,52.34,
2023-11-12 08:30:00,788.5,22.7,52.34,1.0
2023-11-12 08:45:00,750.0,22.7,52.34,
2023-11-12 09:00:00,761.5,22.65,52.34,1.0
2023-11-12 09:15:00,702.0,22.7,52.73,
2023-11-12 09:30:00,743.5,22.65,52.34,1.0
2023-11-12 09:45:00,780.0,22.7,52.34,
2023-11-12 10:00:00,708.5,22.7,52.34,1.0
2023-11-12 10:15:00,736.0,22.7,52.34,
2023-11-12 10:30:00,767.5,22.7,52.34,1.0
2023-11-12 10:45:00,722.0,22.7,52.34,
2023-11-12 11:00:00,742.0,22.7,52.34,1.0
2023-11-12 11:15:00,702.0,22.7,52.34,
2023-11-12 11:30:00,735.5,22.7,52.34,1.0
2023-11-12 11:45:00,681.0,22.7,52.34,
2023-11-12 12:00:00,740.0,22.7,52.34,1.0
2023-11-12 12:15:00,668.0,22.7,52.34,
2023-11-12 12:30:00,670.0,22.7,52.34,1.0
2023-11-12 12:45:00,710.0,22.7,52.34,
2023-11-12 13:00:00,665.0,22.7,52.34,1.0
2023-11-12 13:15:00,666.0,22.7,52.34,
2023-11-12 13:30:00,661.0,22.7,52.34,1.0
2023-11-12 13:45:00,644.0,22.7,52.34,
2023-11-12 14:00:00,667.5,22.7,52.34,1.0
2023-11-12 14:15:00,668.0,22.7,52.34,
2023-11-12 14:30:00,671.0,22.7,52.34,1.0
2023-11-12 14:45:00,589.0,22.7,52.34,
2023-11-12 15:00:00,676.5,22.7,52.34,1.0
2023-11-12 15:15:00,627.0,22.7,52.34,
2023-11-12 15:30:00,640.5,22.7,52.34,1.0
2023-11-12 15:45:00,617.0,22.7,52.34,
2023-11-12 16:00:00,603.0,22.6,52.34,1.0
2023-11-12 16:15:00,644.0,22.6,52.34,
2023-11-12 16:30:00,612.5,22.65,52.34,1.0
2023-11-12 16:45:00,612.0,22.6,52.34,
2023-11-12 17:00:00,646.5,22.6,52.34,1.0
2023-11-12 17:15:00,560.0,22.6,52.34,
2023-11-12 17:30:00,558.0,22.6,52.34,1.0
2023-11-12 17:45:00,565.0,22.6,52.34,
2023-11-12 18:00:00,618.5,22.6,52.34,1.0
2023-11-12 18:15:00,656.0,22.6,52.34,
2023-11-12 18:30:00,577.0,22.6,52.34,1.0
2023-11-12 18:45:00,551.0,22.6,52.34,
2023-11-12 19:00:00,583.0,22.6,52.34,1.0
2023-11-12 19:15:00,572.0,22.6,52.34,
2023-11-12 19:30:00,574.5,22.6,52.34,1.0
2023-11-12 19:45:00,605.0,22.6,52.34,
2023-11-12 20:00:00,583.0,22.6,52.34,1.0
2023-11-12 20:15:00,615.0,22.6,52.34,
2023-11-12 20:30:00,546.0,22.6,52.34,1.0
2023-11-12 20:45:00,603.0,22.6,52.34,
2023-11-12 21:00:00,614.0,22.6,52.34,1.0
2023-11-12 21:15:00,559.0,22.6,52.34,
2023-11-12 21:30:00,537.5,22.6,52.34,1.0
2023-11-12 21:45:00,511.0,22.6,52.34,
2023-11-12 22:00:00,564.0,22.6,52.34,1.0
2023-11-12 22:15:00,556.5,22.6,52.34,
2023-11-12 22:30:00,578.0,22.6,52.34,1.0
2023-11-12 22:45:00,564.0,22.6,52.34,
2023-11-12 23:00:00,545.0,22.6,52.34,1.0
2023-11-12 23:15:00,549.0,22.6,52.34,
2023-11-12 23:30:00,590.0,22.6,52.34,1.0
2023-11-12 23:45:00,519.5,22.6,52.34,
2023-11-13 00:00:00,524.0,22.6,52.34,1.0
2023-11-13 00:15:00,521.0,22.6,52.34,
2023-11-13 00:30:00,484.0,22.6,52.34,1.0
2023-11-13 00:45:00,560.5,22.6,52.34,
2023-11-13 01:00:00,588.0,22.6,52.34,1.0
2023-11-13 01:15:00,484.0,22.6,52.34,
2023-11-13 01:30:00,,,,
2023-11-13 01:45:00,,,,
2023-11-13 02:00:00,,,,
2023-11-13 02:15:00,,,,
2023-11-13 02:30:00,,,,
2023-11-13 02:45:00,,,,
2023-11-13 03:00:00,,,,
2023-11-13 03:15:00,,,,
2023-11-13 03:30:00,,,,
2023-11-13 03:45:00,,,,
2023-11-13 04:00:00,,,,
2023-11-13 04:15:00,494.0,22.5,52.34,
2023-11-13 04:30:00,447.0,22.5,52.34,1.0
2023-11-13 04:45:00,448.5,22.5,52.34,
2023-11-13 05:00:00,512.0,22.5,52.34,1.0
2023-11-13 05:15:00,439.0,22.5,52.34,
2023-11-13 05:30:00,496.0,22.5,52.34,1.0
2023-11-13 05:45:00,485.0,22.5,52.34,
2023-11-13 06:00:00,422.0,22.5,52.34,1.0
2023-11-13 06:15:00,495.5,22.5,52.34,
2023-11-13 06:30:00,453.0,22.5,52.34,1.0
2023-11-13 06:45:00,464.5,22.5,52.34,
2023-11-13 07:00:00,474.0,22.5,52.34,1.0
2023-11-13 07:15:00,489.5,22.5,52.34,
2023-11-13 07:30:00,407.0,22.5,52.34,1.0
2023-11-13 07:45:00,401.5,22.55,48.24,
2023-11-13 08:00:00,751.0,22.7,47.27,1.0
2023-11-13 08:15:00,917.0,22.7,48.635,
2023-11-13 08:30:00,1166.0,22.8,49.61,1.0
2023-11-13 08:45:00,1678.0,22.8,52.535,
2023-11-13 09:00:00,1871.0,22.9,53.52,1.0
2023-11-13 09:15:00,2083.5,22.9,53.715,
2023-11-13 09:30:00,1049.0,22.9,50.39,1.0
2023-11-13 09:45:00,1844.5,22.95,51.365,
2023-11-13 10:00:00,2094.0,23.0,52.73,1.0
2023-11-13 10:15:00,2094.0,23.05,53.125,
2023-11-13 10:30:00,2094.0,23.1,52.73,1.0
2023-11-13 10:45:00,2094.0,23.15,52.925,
2023-11-13 11:00:00,2094.0,23.2,53.52,1.0
2023-11-13 11:15:00,1873.5,23.2,50.39,
2023-11-13 11:30:00,2094.0,23.3,50.0,1.0
2023-11-13 11:45:00,1944.5,23.3,49.805,
2023-11-13 12:00:00,2094.0,23.3,50.39,1.0
2023-11-13 12:15:00,2094.0,23.25,51.365,
2023-11-13 12:30:00,2094.0,23.3,51.95,1.0
2023-11-13 12:45:00,2094.0,23.3,52.34,
2023-11-13 13:00:00,2094.0,23.35,51.95,1.0
2023-11-13 13:15:00,2094.0,23.4,51.56,
2023-11-13 13:30:00,2094.0,23.4,51.755,1.0
2023-11-13 13:45:00,2094.0,23.5,51.17,
2023-11-13 14:00:00,2094.0,23.45,50.78,1.0
2023-11-13 14:15:00,2094.0,23.4,50.0,
2023-11-13 14:30:00,2094.0,23.45,50.39,1.0
2023-11-13 14:45:00,2094.0,23.5,50.39,
2023-11-13 15:00:00,2094.0,23.45,50.195,1.0
2023-11-13 15:15:00,2094.0,23.4,50.39,
2023-11-13 15:30:00,2094.0,23.3,50.78,1.0
2023-11-13 15:45:00,2094.0,23.2,50.78,
2023-11-13 16:00:00,2094.0,23.2,50.78,1.0
2023-11-13 16:15:00,2094.0,23.1,50.78,
2023-11-13 16:30:00,2094.0,23.1,50.975,1.0
2023-11-13 16:45:00,2094.0,23.1,51.17,
2023-11-13 17:00:00,2094.0,23.05,51.17,1.0
2023-11-13 17:15:00,2094.0,23.0,51.17,
2023-11-13 17:30:00,2094.0,23.0,51.17,1.0
2023-11-13 17:45:00,2094.0,23.0,51.17,
2023-11-13 18:00:00,2094.0,23.0,51.17,1.0
2023-11-13 18:15:00,2094.0,22.9,51.17,
2023-11-13 18:30:00,2094.0,22.9,51.17,1.0
2023-11-13 18:45:00,2094.0,22.9,51.17,
2023-11-13 19:00:00,2094.0,22.9,51.17,1.0
2023-11-13 19:15:00,2094.0,22.9,51.17,
2023-11-13 19:30:00,2067.5,22.9,51.365,1.0
2023-11-13 19:45:00,2094.0,22.9,51.56,
2023-11-13 20:00:00,2073.5,22.85,51.56,1.0
2023-11-13 20:15:00,2094.0,22.9,51.56,
2023-11-13 20:30:00,2061.0,22.8,51.56,1.0
2023-11-13 20:45:00,1929.0,22.8,51.56,
2023-11-13 21:00:00,2079.0,22.8,51.56,1.0
2023-11-13 21:15:00,2008.0,22.8,51.56,
2023-11-13 21:30:00,1988.0,22.8,51.56,1.0
2023-11-13 21:45:00,1964.0,22.8,51.56,
2023-11-13 22:00:00,1949.0,22.8,51.56,1.0
2023-11-13 22:15:00,1932.5,22.8,51.56,
2023-11-13 22:30:00,1942.0,22.8,51.56,1.0
2023-11-13 22:45:00,1937.5,22.8,51.56,
2023-11-13 23:00:00,1969.0,22.8,51.56,1.0
2023-11-13 23:15:00,1861.0,22.8,51.56,
2023-11-13 23:30:00,1835.0,22.7,51.56,1.0
2023-11-13 23:45:00,1846.5,22.7,51.56,
2023-11-14 00:00:00,1796.0,22.7,51.56,1.0
2023-11-14 00:15:00,1775.5,22.7,51.56,
2023-11-14 00:30:00,1778.0,22.7,51.56,1.0
2023-11-14 00:45:00,1798.0,22.7,51.56,
2023-11-14 01:00:00,1751.0,22.7,51.95,1.0
2023-11-14 01:15:00,1765.0,22.7,51.755,
2023-11-14 01:30:00,1777.0,22.7,51.95,1.0
2023-11-14 01:45:00,1715.0,22.7,51.56,
2023-11-14 02:00:00,1647.0,22.7,51.56,1.0
2023-11-14 02:15:00,1718.0,22.7,51.56,
2023-11-14 02:30:00,1664.0,22.7,51.56,1.0
2023-11-14 02:45:00,1662.0,22.7,51.95,
2023-11-14 03:00:00,1765.0,22.7,51.56,1.0
2023-11-14 03:15:00,1632.0,22.65,51.755,
2023-11-14 03:30:00,1687.0,22.7,51.56,1.0
2023-11-14 03:45:00,1623.0,22.6,51.95,
2023-11-14 04:00:00,1623.0,22.6,51.95,1.0
2023-11-14 04:15:00,1572.0,22.6,51.95,
2023-11-14 04:30:00,1617.0,22.6,51.95,1.0
2023-11-14 04:45:00,1513.0,22.6,51.95,
2023-11-14 05:00:00,1558.0,22.6,51.95,1.0
2023-11-14 05:15:00,1513.0,22.6,51.95,
2023-11-14 05:30:00,1529.0,22.6,51.95,1.0
2023-11-14 05:45:00,1538.0,22.6,51.95,
2023-11-14 06:00:00,1449.0,22.6,51.95,1.0
2023-11-14 06:15:00,1540.0,22.6,51.95,
2023-11-14 06:30:00,1501.0,22.6,51.95,1.0
2023-11-14 06:45:00,1490.0,22.6,51.95,
2023-11-14 07:00:00,1423.5,22.6,51.755,1.0
2023-11-14 07:15:00,1457.0,22.6,51.95,
2023-11-14 07:30:00,1424.5,22.6,51.755,1.0
2023-11-14 07:45:00,1284.0,22.6,51.95,
2023-11-14 08:00:00,1031.0,22.65,49.61,1.0
2023-11-14 08:15:00,1267.0,22.8,50.39,
2023-11-14 08:30:00,1467.5,22.9,53.515,1.0
2023-11-14 08:45:00,1755.0,23.0,55.47,
2023-11-14 09:00:00,1760.5,23.0,56.055,1.0
2023-11-14 09:15:00,1721.0,23.1,56.25,
2023-11-14 09:30:00,2069.0,23.15,56.055,1.0
2023-11-14 09:45:00,2094.0,23.2,55.86,
2023-11-14 10:00:00,2094.0,23.25,55.47,1.0
2023-11-14 10:15:00,2053.0,23.3,53.52,
2023-11-14 10:30:00,2094.0,23.3,54.495,1.0
2023-11-14 10:45:00,2094.0,23.3,54.69,
2023-11-14 11:00:00,2094.0,23.35,53.91,1.0
2023-11-14 11:15:00,2094.0,23.4,53.52,
2023-11-14 11:30:00,2094.0,23.35,52.535,1.0
2023-11-14 11:45:00,2094.0,23.4,52.34,
2023-11-14 12:00:00,2094.0,23.4,52.73,1.0
2023-11-14 12:15:00,2094.0,23.4,52.73,
2023-11-14 12:30:00,2094.0,23.4,52.535,1.0
2023-11-14 12:45:00,2094.0,23.4,52.34,
2023-11-14 13:00:00,2094.0,23.5,52.145,1.0
2023-11-14 13:15:00,2094.0,23.5,51.56,
2023-11-14 13:30:00,2094.0,23.5,51.365,1.0
2023-11-14 13:45:00,2094.0,23.6,51.56,
2023-11-14 14:00:00,2094.0,23.6,51.56,1.0
2023-11-14 14:15:00,2094.0,23.6,51.17,
2023-11-14 14:30:00,2094.0,23.6,51.17,0.6666666666666666
2023-11-14 14:45:00,2094.0,23.6,50.39,
2023-11-14 15:00:00,1925.0,23.6,47.27,0.0
2023-11-14 15:15:00,1733.0,23.5,46.09,
2023-11-14 15:30:00,1806.0,23.5,46.09,0.3333333333333333
2023-11-14 15:45:00,1757.0,23.5,45.7,
2023-11-14 16:00:00,1940.0,23.5,46.09,1.0
2023-11-14 16:15:00,1876.0,23.5,46.285,
2023-11-14 16:30:00,1828.0,23.4,46.48,1.0
2023-11-14 16:45:00,1798.5,23.35,47.075,
2023-11-14 17:00:00,1833.0,23.3,47.27,1.0
2023-11-14 17:15:00,1755.5,23.2,47.66,
2023-11-14 17:30:00,1791.0,23.2,48.05,1.0
2023-11-14 17:45:00,1794.0,23.1,48.05,
2023-11-14 18:00:00,1772.0,23.1,48.44,1.0
2023-11-14 18:15:00,1750.5,23.05,48.44,
2023-11-14 18:30:00,1770.0,23.0,48.44,1.0
2023-11-14 18:45:00,1679.0,23.0,48.83,
2023-11-14 19:00:00,1712.0,23.0,48.83,1.0
2023-11-14 19:15:00,1691.0,23.0,48.83,
2023-11-14 19:30:00,1671.0,23.0,48.83,1.0
2023-11-14 19:45:00,1661.0,22.9,49.22,
2023-11-14 20:00:00,1638.0,22.9,49.22,1.0
2023-11-14 20:15:00,1595.0,22.9,49.22,
2023-11-14 20:30:00,1552.0,22.9,49.22,1.0
2023-11-14 20:45:00,1563.0,22.9,49.61,
2023-11-14 21:00:00,1589.0,22.9,49.61,1.0
2023-11-14 21:15:00,1570.5,22.9,49.61,
2023-11-14 21:30:00,1622.0,22.9,49.61,1.0
2023-11-14 21:45:00,1513.5,22.9,49.61,
2023-11-14 22:00:00,1528.0,22.9,49.61,1.0
2023-11-14 22:15:00,1549.5,22.8,50.0,
2023-11-14 22:30:00,1492.0,22.9,50.0,1.0
2023-11-14 22:45:00,1478.0,22.8,50.0,
2023-11-14 23:00:00,1538.0,22.8,50.0,1.0
2023-11-14 23:15:00,1462.0,22.8,50.0,
2023-11-14 23:30:00,1487.0,22.8,50.0,1.0
2023-11-14 23:45:00,1463.0,22.8,50.0,
2023-11-15 00:00:00,1462.0,22.8,50.195,1.0
2023-11-15 00:15:00,1441.0,22.8,50.39,
2023-11-15 00:30:00,1463.5,22.8,50.195,1.0
2023-11-15 00:45:00,1381.0,22.8,50.39,
2023-11-15 01:00:00,1369.5,22.8,50.39,1.0
2023-11-15 01:15:00,1455.0,22.8,50.39,
2023-11-15 01:30:00,1400.0,22.8,50.39,1.0
2023-11-15 01:45:00,1345.0,22.8,50.39,
2023-11-15 02:00:00,1368.5,22.8,50.39,1.0
2023-11-15 02:15:00,1375.0,22.8,50.39,
2023-11-15 02:30:00,1332.0,22.8,50.39,1.0
2023-11-15 02:45:00,1323.0,22.8,50.39,
2023-11-15 03:00:00,1324.0,22.8,50.39,1.0
2023-11-15 03:15:00,1314.0,22.7,50.39,
2023-11-15 03:30:00,1281.5,22.7,50.585,1.0
2023-11-15 03:45:00,1303.0,22.7,50.78,
2023-11-15 04:00:00,1198.0,22.7,50.78,1.0
2023-11-15 04:15:00,1292.0,22.7,50.78,
2023-11-15 04:30:00,1240.0,22.7,50.78,1.0
2023-11-15 04:45:00,1227.0,22.7,50.78,
2023-11-15 05:00:00,1231.5,22.7,50.78,1.0
2023-11-15 05:15:00,1117.0,22.7,50.78,
2023-11-15 05:30:00,1226.0,22.7,50.78,1.0
2023-11-15 05:45:00,1209.0,22.7,50.78,
2023-11-15 06:00:00,1176.0,22.7,50.78,1.0
2023-11-15 06:15:00,1209.0,22.7,50.78,
2023-11-15 06:30:00,1206.0,22.7,50.78,1.0
2023-11-15 06:45:00,1192.0,22.7,50.78,
2023-11-15 07:00:00,1108.0,22.7,50.78,1.0
2023-11-15 07:15:00,1110.5,22.7,50.78,
2023-11-15 07:30:00,1108.0,22.7,50.78,1.0
2023-11-15 07:45:00,1096.0,22.7,50.585,
2023-11-15 08:00:00,1056.0,22.7,50.78,1.0
2023-11-15 08:15:00,1053.5,22.7,50.78,
2023-11-15 08:30:00,992.0,22.7,49.22,1.0
2023-11-15 08:45:00,1025.5,22.7,49.415,
2023-11-15 09:00:00,976.0,22.7,49.61,1.0
2023-11-15 09:15:00,980.5,22.7,49.415,
2023-11-15 09:30:00,900.0,22.7,48.44,0.6666666666666666
2023-11-15 09:45:00,1140.5,22.75,46.68,
2023-11-15 10:00:00,1051.0,22.8,45.31,0.0
2023-11-15 10:15:00,1024.5,22.8,44.14,
2023-11-15 10:30:00,1383.0,22.9,45.31,0.0
2023-11-15 10:45:00,1572.0,22.9,46.09,
2023-11-15 11:00:00,1555.0,23.0,45.7,0.0
2023-11-15 11:15:00,1559.5,23.0,45.505,
2023-11-15 11:30:00,2078.0,23.1,46.09,0.3333333333333333
2023-11-15 11:45:00,1815.0,23.1,44.92,
2023-11-15 12:00:00,1998.0,23.2,45.31,1.0
2023-11-15 12:15:00,2080.0,23.2,45.7,
2023-11-15 12:30:00,2085.0,23.2,45.7,1.0
2023-11-15 12:45:00,2094.0,23.2,45.505,
2023-11-15 13:00:00,2094.0,23.3,45.31,1.0
2023-11-15 13:15:00,2064.5,23.3,45.115,
2023-11-15 13:30:00,2094.0,23.3,45.7,1.0
2023-11-15 13:45:00,2094.0,23.3,45.505,
2023-11-15 14:00:00,2094.0,23.3,45.31,1.0
2023-11-15 14:15:00,2069.5,23.3,44.92,
2023-11-15 14:30:00,2054.0,23.3,44.53,1.0
2023-11-15 14:45:00,2074.0,23.3,44.92,
2023-11-15 15:00:00,2094.0,23.3,45.7,1.0
2023-11-15 15:15:00,2094.0,23.3,46.09,
2023-11-15 15:30:00,2094.0,23.4,45.895,1.0
2023-11-15 15:45:00,2094.0,23.4,45.31,
2023-11-15 16:00:00,2094.0,23.45,45.115,1.0
2023-11-15 16:15:00,2094.0,23.5,45.7,
2023-11-15 16:30:00,2094.0,23.5,45.115,1.0
2023-11-15 16:45:00,1965.0,23.5,44.14,
2023-11-15 17:00:00,2094.0,23.45,44.725,1.0
2023-11-15 17:15:00,2036.0,23.4,44.92,
2023-11-15 17:30:00,1847.5,23.25,44.14,1.0
2023-11-15 17:45:00,1905.0,23.2,44.53,
2023-11-15 18:00:00,1817.5,23.15,44.725,1.0
2023-11-15 18:15:00,1757.0,23.1,44.92,
2023-11-15 18:30:00,1803.0,23.05,45.31,1.0
2023-11-15 18:45:00,1787.0,23.0,45.7,
2023-11-15 19:00:00,1731.5,23.0,45.895,1.0
2023-11-15 19:15:00,1688.0,23.0,46.09,
2023-11-15 19:30:00,1772.5,22.9,46.09,1.0
2023-11-15 19:45:00,1704.0,22.9,46.48,
2023-11-15 20:00:00,1660.0,22.9,46.68,1.0
2023-11-15 20:15:00,1669.0,22.9,46.88,
2023-11-15 20:30:00,1618.0,22.9,46.88,1.0
2023-11-15 20:45:00,1660.0,22.9,46.88,
2023-11-15 21:00:00,1692.5,22.9,47.27,1.0
2023-11-15 21:15:00,1670.0,22.9,47.27,
2023-11-15 21:30:00,1609.0,22.9,47.27,1.0
2023-11-15 21:45:00,1650.0,22.8,47.66,
2023-11-15 22:00:00,1573.0,22.8,47.66,1.0
2023-11-15 22:15:00,1551.0,22.8,47.66,
2023-11-15 22:30:00,1578.5,22.8,47.66,1.0
2023-11-15 22:45:00,1550.0,22.8,48.05,
2023-11-15 23:00:00,1519.0,22.8,48.05,1.0
2023-11-15 23:15:00,1519.0,22.8,48.05,
2023-11-15 23:30:00,1527.0,22.8,48.05,1.0
2023-11-15 23:45:00,1474.0,22.8,48.245,
2023-11-16 00:00:00,1494.0,22.8,48.44,1.0
2023-11-16 00:15:00,1519.5,22.8,48.44,
2023-11-16 00:30:00,1463.0,22.8,48.44,1.0
2023-11-16 00:45:00,1436.0,22.8,48.44,
2023-11-16 01:00:00,1471.0,22.8,48.44,1.0
2023-11-16 01:15:00,1432.0,22.7,48.44,
2023-11-16 01:30:00,1377.0,22.7,48.44,1.0
2023-11-16 01:45:00,1403.0,22.7,48.83,
2023-11-16 02:00:00,1468.0,22.7,48.83,1.0
2023-11-16 02:15:00,1371.5,22.7,48.83,
2023-11-16 02:30:00,1327.0,22.7,48.83,1.0
2023-11-16 02:45:00,1326.5,22.7,48.83,
2023-11-16 03:00:00,1360.0,22.7,48.83,1.0
2023-11-16 03:15:00,1327.5,22.7,48.83,
2023-11-16 03:30:00,1373.0,22.7,48.83,1.0
2023-11-16 03:45:00,1316.0,22.7,49.22,
2023-11-16 04:00:00,1299.0,22.7,49.22,1.0
2023-11-16 04:15:00,1305.0,22.7,49.22,
2023-11-16 04:30:00,1297.0,22.7,49.22,1.0
2023-11-16 04:45:00,1288.5,22.7,49.22,
2023-11-16 05:00:00,1310.0,22.7,49.22,1.0
2023-11-16 05:15:00,1215.5,22.7,49.22,
2023-11-16 05:30:00,1189.0,22.7,49.22,1.0
2023-11-16 05:45:00,1214.5,22.7,49.22,
2023-11-16 06:00:00,1173.0,22.7,49.22,1.0
2023-11-16 06:15:00,1189.5,22.7,49.22,
2023-11-16 06:30:00,1134.0,22.7,49.22,1.0
2023-11-16 06:45:00,1145.5,22.7,49.22,
2023-11-16 07:00:00,1176.0,22.7,49.22,1.0
2023-11-16 07:15:00,1125.0,22.7,49.22,
2023-11-16 07:30:00,1159.0,22.6,49.22,1.0
2023-11-16 07:45:00,1121.0,22.6,49.22,
2023-11-16 08:00:00,1111.5,22.65,49.22,1.0
2023-11-16 08:15:00,1050.0,22.7,49.22,
2023-11-16 08:30:00,1037.5,22.65,49.22,1.0
2023-11-16 08:45:00,1048.0,22.6,49.22,
2023-11-16 09:00:00,1087.0,22.6,49.22,1.0
2023-11-16 09:15:00,1089.0,22.7,49.22,
2023-11-16 09:30:00,1064.5,22.6,49.22,1.0
2023-11-16 09:45:00,1045.0,22.6,49.22,
2023-11-16 10:00:00,1043.5,22.6,49.22,1.0
2023-11-16 10:15:00,1075.0,22.6,49.22,
2023-11-16 10:30:00,1036.5,22.6,49.22,1.0
2023-11-16 10:45:00,993.0,22.7,49.22,
2023-11-16 11:00:00,996.0,22.6,49.22,1.0
2023-11-16 11:15:00,993.0,22.6,49.22,
2023-11-16 11:30:00,1005.0,22.6,49.22,1.0
2023-11-16 11:45:00,1087.0,22.6,49.22,
2023-11-16 12:00:00,983.0,22.6,49.22,1.0
2023-11-16 12:15:00,1019.0,22.6,49.22,
2023-11-16 12:30:00,1012.5,22.6,49.22,1.0
2023-11-16 12:45:00,1001.0,22.6,49.22,
2023-11-16 13:00:00,960.0,22.6,49.22,1.0
2023-11-16 13:15:00,990.0,22.6,49.22,
2023-11-16 13:30:00,987.5,22.6,49.22,1.0
2023-11-16 13:45:00,1000.0,22.6,49.22,
2023-11-16 14:00:00,970.5,22.6,49.61,1.0
2023-11-16 14:15:00,950.0,22.6,49.22,
2023-11-16 14:30:00,979.5,22.6,49.22,1.0
2023-11-16 14:45:00,916.0,22.6,49.22,
2023-11-16 15:00:00,942.5,22.6,49.22,1.0
2023-11-16 15:15:00,954.0,22.6,49.22,
2023-11-16 15:30:00,888.0,22.6,49.61,1.0
2023-11-16 15:45:00,919.5,22.6,49.61,
2023-11-16 16:00:00,969.0,22.6,49.61,1.0
2023-11-16 16:15:00,900.0,22.6,49.61,
2023-11-16 16:30:00,838.0,22.6,49.61,1.0
2023-11-16 16:45:00,892.5,22.6,49.415,
2023-11-16 17:00:00,836.0,22.6,49.61,1.0
2023-11-16 17:15:00,837.0,22.6,49.415,
2023-11-16 17:30:00,921.0,22.6,49.22,1.0
2023-11-16 17:45:00,847.0,22.6,49.22,
2023-11-16 18:00:00,918.0,22.6,49.22,1.0
2023-11-16 18:15:00,888.0,22.6,49.415,
2023-11-16 18:30:00,891.0,22.6,49.61,1.0
2023-11-16 18:45:00,842.0,22.6,49.61,
2023-11-16 19:00:00,861.0,22.6,49.61,1.0
2023-11-16 19:15:00,911.0,22.6,49.61,
2023-11-16 19:30:00,891.0,22.6,49.61,1.0
2023-11-16 19:45:00,876.0,22.6,49.61,
2023-11-16 20:00:00,791.0,22.6,49.61,1.0
2023-11-16 20:15:00,844.5,22.6,49.61,
2023-11-16 20:30:00,845.0,22.6,49.61,1.0
2023-11-16 20:45:00,860.0,22.6,49.61,
2023-11-16 21:00:00,835.0,22.6,49.61,1.0
2023-11-16 21:15:00,838.5,22.55,49.61,
2023-11-16 21:30:00,806.0,22.5,49.61,1.0
2023-11-16 21:45:00,850.0,22.6,49.61,
2023-11-16 22:00:00,847.0,22.5,49.61,1.0
2023-11-16 22:15:00,818.5,22.6,49.61,
2023-11-16 22:30:00,788.0,22.6,49.61,1.0
2023-11-16 22:45:00,799.0,22.55,49.61,
2023-11-16 23:00:00,800.0,22.5,49.61,1.0
2023-11-16 23:15:00,830.0,22.55,49.61,
2023-11-16 23:30:00,815.0,22.6,49.61,1.0
2023-11-16 23:45:00,777.5,22.5,49.61,
2023-11-17 00:00:00,795.0,22.6,49.61,1.0
2023-11-17 00:15:00,791.5,22.55,49.61,
2023-11-17 00:30:00,830.0,22.5,49.61,1.0
2023-11-17 00:45:00,824.5,22.5,49.61,
2023-11-17 01:00:00,778.0,22.5,49.61,1.0
2023-11-17 01:15:00,798.5,22.5,49.61,
2023-11-17 01:30:00,807.0,22.5,49.61,1.0
2023-11-17 01:45:00,770.5,22.5,49.61,
2023-11-17 02:00:00,832.0,22.5,49.61,1.0
2023-11-17 02:15:00,780.0,22.5,49.61,
2023-11-17 02:30:00,734.0,22.5,49.61,1.0
2023-11-17 02:45:00,735.0,22.5,49.61,
2023-11-17 03:00:00,748.0,22.5,49.61,1.0
2023-11-17 03:15:00,764.0,22.5,49.61,
2023-11-17 03:30:00,760.0,22.5,49.61,1.0
2023-11-17 03:45:00,745.0,22.5,49.61,
2023-11-17 04:00:00,712.0,22.5,49.61,1.0
2023-11-17 04:15:00,755.5,22.5,49.61,
2023-11-17 04:30:00,795.0,22.5,49.61,1.0
2023-11-17 04:45:00,770.5,22.5,49.61,
2023-11-17 05:00:00,778.0,22.5,49.61,1.0
2023-11-17 05:15:00,719.5,22.5,49.61,
2023-11-17 05:30:00,736.0,22.5,49.61,1.0
2023-11-17 05:45:00,756.5,22.5,49.61,
2023-11-17 06:00:00,760.0,22.5,49.61,1.0
2023-11-17 06:15:00,740.5,22.5,49.61,
2023-11-17 06:30:00,693.0,22.5,49.61,1.0
2023-11-17 06:45:00,673.5,22.5,49.61,
2023-11-17 07:00:00,736.0,22.5,49.61,1.0
2023-11-17 07:15:00,687.0,22.5,49.61,
2023-11-17 07:30:00,724.0,22.5,49.61,1.0
2023-11-17 07:45:00,659.0,22.5,49.61,
2023-11-17 08:00:00,691.0,22.5,49.61,1.0
2023-11-17 08:15:00,691.5,22.5,49.61,
2023-11-17 08:30:00,727.0,22.5,49.61,1.0
2023-11-17 08:45:00,686.0,22.5,49.61,
2023-11-17 09:00:00,627.0,22.5,49.61,1.0
2023-11-17 09:15:00,653.0,22.5,49.415,
2023-11-17 09:30:00,640.0,22.5,49.22,1.0
2023-11-17 09:45:00,661.5,22.5,48.83,
2023-11-17 10:00:00,605.0,22.5,48.83,1.0
2023-11-17 10:15:00,621.5,22.5,48.83,
2023-11-17 10:30:00,604.0,22.5,48.83,1.0
2023-11-17 10:45:00,662.5,22.55,48.83,
2023-11-17 11:00:00,667.0,22.6,49.22,1.0
2023-11-17 11:15:00,662.5,22.5,49.025,
2023-11-17 11:30:00,707.0,22.6,49.22,1.0
2023-11-17 11:45:00,686.0,22.5,49.22,
2023-11-17 12:00:00,677.0,22.55,49.22,1.0
2023-11-17 12:15:00,707.0,22.5,49.22,
2023-11-17 12:30:00,693.0,22.5,49.22,1.0
2023-11-17 12:45:00,664.0,22.5,49.22,
2023-11-17 13:00:00,701.5,22.5,49.22,1.0
2023-11-17 13:15:00,707.0,22.5,49.22,
2023-11-17 13:30:00,752.0,22.5,49.61,1.0
2023-11-17 13:45:00,700.0,22.5,49.61,
2023-11-17 14:00:00,724.0,22.5,49.61,1.0
2023-11-17 14:15:00,741.0,22.5,49.61,
2023-11-17 14:30:00,757.0,22.5,49.61,1.0
2023-11-17 14:45:00,736.0,22.5,49.61,
2023-11-17 15:00:00,757.5,22.5,49.61,1.0
2023-11-17 15:15:00,746.0,22.5,49.61,
2023-11-17 15:30:00,769.5,22.5,49.61,1.0
2023-11-17 15:45:00,778.0,22.5,49.61,
2023-11-17 16:00:00,780.0,22.5,49.61,1.0
2023-11-17 16:15:00,807.0,22.5,49.61,
2023-11-17 16:30:00,831.0,22.5,49.61,1.0
2023-11-17 16:45:00,830.0,22.5,49.61,
2023-11-17 17:00:00,776.5,22.5,49.61,1.0
2023-11-17 17:15:00,765.0,22.5,49.61,
2023-11-17 17:30:00,820.5,22.5,49.61,1.0
2023-11-17 17:45:00,802.0,22.5,49.61,
2023-11-17 18:00:00,863.0,22.5,49.61,1.0
2023-11-17 18:15:00,763.0,22.5,49.61,
2023-11-17 18:30:00,826.5,22.5,49.61,1.0
2023-11-17 18:45:00,739.0,22.5,49.61,
2023-11-17 19:00:00,741.0,22.5,49.61,1.0
2023-11-17 19:15:00,760.0,22.5,49.61,
2023-11-17 19:30:00,770.5,22.5,49.61,1.0
2023-11-17 19:45:00,795.0,22.5,49.61,
2023-11-17 20:00:00,775.5,22.5,49.61,1.0
2023-11-17 20:15:00,751.0,22.5,49.61,
2023-11-17 20:30:00,802.5,22.5,49.415,1.0
2023-11-17 20:45:00,704.0,22.5,49.22,
2023-11-17 21:00:00,769.0,22.5,49.415,1.0
2023-11-17 21:15:00,807.0,22.5,49.22,
2023-11-17 21:30:00,781.0,22.5,49.61,1.0
2023-11-17 21:45:00,811.0,22.5,49.61,
2023-11-17 22:00:00,768.5,22.5,49.22,1.0
2023-11-17 22:15:00,757.0,22.5,49.22,
2023-11-17 22:30:00,761.0,22.5,49.415,1.0
2023-11-17 22:45:00,846.0,22.5,49.22,
2023-11-17 23:00:00,763.0,22.5,49.22,1.0
2023-11-17 23:15:00,816.0,22.5,49.22,
2023-11-17 23:30:00,789.0,22.5,49.415,1.0
2023-11-17 23:45:00,740.0,22.5,49.22,
2023-11-18 00:00:00,755.5,22.5,49.415,1.0
2023-11-18 00:15:00,747.0,22.5,49.61,
2023-11-18 00:30:00,783.5,22.45,49.22,1.0
2023-11-18 00:45:00,811.0,22.5,49.22,
2023-11-18 01:00:00,753.5,22.45,49.22,1.0
2023-11-18 01:15:00,774.0,22.4,49.22,
2023-11-18 01:30:00,811.0,22.4,49.22,1.0
2023-11-18 01:45:00,641.0,22.4,49.22,
2023-11-18 02:00:00,726.0,22.4,49.22,1.0
2023-11-18 02:15:00,716.0,22.5,49.22,
2023-11-18 02:30:00,726.0,22.4,49.22,1.0
2023-11-18 02:45:00,733.0,22.4,49.22,
2023-11-18 03:00:00,741.5,22.4,49.22,1.0
2023-11-18 03:15:00,771.0,22.4,49.22,
2023-11-18 03:30:00,734.0,22.4,49.22,1.0
2023-11-18 03:45:00,708.0,22.4,49.22,
2023-11-18 04:00:00,774.0,22.4,49.22,1.0
2023-11-18 04:15:00,755.0,22.4,49.22,
2023-11-18 04:30:00,734.0,22.4,49.22,1.0
2023-11-18 04:45:00,802.0,22.4,49.22,
2023-11-18 05:00:00,757.0,22.4,49.22,1.0
2023-11-18 05:15:00,724.0,22.4,49.22,
2023-11-18 05:30:00,710.5,22.4,49.22,1.0
2023-11-18 05:45:00,724.0,22.4,49.22,
2023-11-18 06:00:00,702.5,22.4,49.22,1.0
2023-11-18 06:15:00,644.0,22.4,49.22,
2023-11-18 06:30:00,744.5,22.4,49.22,1.0
2023-11-18 06:45:00,705.0,22.4,49.22,
2023-11-18 07:00:00,676.0,22.4,49.22,1.0
2023-11-18 07:15:00,654.0,22.4,49.22,
2023-11-18 07:30:00,695.5,22.4,49.22,1.0
2023-11-18 07:45:00,681.0,22.4,49.22,
2023-11-18 08:00:00,625.0,22.4,48.83,1.0
2023-11-18 08:15:00,719.0,22.4,48.83,
2023-11-18 08:30:00,644.0,22.4,48.83,1.0
2023-11-18 08:45:00,628.5,22.4,48.83,
2023-11-18 09:00:00,654.0,22.4,48.83,1.0
2023-11-18 09:15:00,632.0,22.4,48.83,
2023-11-18 09:30:00,634.0,22.4,48.83,1.0
2023-11-18 09:45:00,638.0,22.4,48.83,
2023-11-18 10:00:00,659.0,22.4,48.83,1.0
2023-11-18 10:15:00,649.0,22.4,48.83,
2023-11-18 10:30:00,688.0,22.4,48.83,1.0
2023-11-18 10:45:00,655.0,22.4,48.83,
2023-11-18 11:00:00,620.0,22.4,48.83,1.0
2023-11-18 11:15:00,599.0,22.4,48.83,
2023-11-18 11:30:00,671.0,22.4,48.83,1.0
2023-11-18 11:45:00,648.0,22.4,48.83,
2023-11-18 12:00:00,661.0,22.4,48.83,1.0
2023-11-18 12:15:00,633.5,22.4,48.83,
2023-11-18 12:30:00,698.0,22.4,48.83,1.0
2023-11-18 12:45:00,549.0,22.4,48.44,
2023-11-18 13:00:00,625.0,22.4,48.44,1.0
2023-11-18 13:15:00,594.0,22.4,48.44,
2023-11-18 13:30:00,566.0,22.4,48.44,1.0
2023-11-18 13:45:00,580.5,22.4,48.44,
2023-11-18 14:00:00,529.0,22.4,48.44,1.0
2023-11-18 14:15:00,603.0,22.4,48.44,
2023-11-18 14:30:00,526.0,22.4,48.44,1.0
2023-11-18 14:45:00,545.5,22.4,48.44,
2023-11-18 15:00:00,547.0,22.4,48.44,1.0
2023-11-18 15:15:00,529.5,22.35,48.44,
2023-11-18 15:30:00,544.0,22.4,48.44,1.0
2023-11-18 15:45:00,581.5,22.4,48.44,
2023-11-18 16:00:00,551.0,22.4,48.44,1.0
2023-11-18 16:15:00,551.5,22.35,48.44,
2023-11-18 16:30:00,579.0,22.3,48.44,1.0
2023-11-18 16:45:00,493.0,22.35,48.44,
2023-11-18 17:00:00,516.0,22.3,48.44,1.0
2023-11-18 17:15:00,524.5,22.3,48.44,
2023-11-18 17:30:00,514.0,22.3,48.44,1.0
2023-11-18 17:45:00,543.0,22.3,48.44,
2023-11-18 18:00:00,500.0,22.3,48.44,1.0
2023-11-18 18:15:00,468.5,22.3,48.44,
2023-11-18 18:30:00,490.0,22.3,48.44,1.0
2023-11-18 18:45:00,492.5,22.3,48.44,
2023-11-18 19:00:00,504.0,22.3,48.44,1.0
2023-11-18 19:15:00,489.0,22.3,48.245,
2023-11-18 19:30:00,502.0,22.3,48.05,1.0
2023-11-18 19:45:00,458.0,22.3,48.245,
2023-11-18 20:00:00,489.0,22.3,48.05,1.0
2023-11-18 20:15:00,435.0,22.3,48.05,
2023-11-18 20:30:00,506.0,22.3,48.05,1.0
2023-11-18 20:45:00,493.0,22.3,48.05,
2023-11-18 21:00:00,499.0,22.3,48.05,1.0
2023-11-18 21:15:00,476.5,22.3,48.05,
2023-11-18 21:30:00,485.0,22.3,48.05,1.0
2023-11-18 21:45:00,495.5,22.3,48.05,
2023-11-18 22:00:00,466.0,22.3,48.05,1.0
2023-11-18 22:15:00,443.0,22.3,48.05,
2023-11-18 22:30:00,420.0,22.3,48.05,1.0
2023-11-18 22:45:00,431.5,22.3,48.05,
2023-11-18 23:00:00,529.0,22.3,48.05,1.0
2023-11-18 23:15:00,465.5,22.3,48.05,
2023-11-18 23:30:00,412.0,22.3,48.05,1.0
2023-11-18 23:45:00,434.0,22.3,48.05,
2023-11-19 00:00:00,424.0,22.3,48.05,1.0
2023-11-19 00:15:00,415.0,22.3,48.05,
2023-11-19 00:30:00,449.0,22.3,48.05,1.0
2023-11-19 00:45:00,386.0,22.3,48.05,
2023-11-19 01:00:00,416.0,22.3,48.05,1.0
2023-11-19 01:15:00,413.5,22.3,48.05,
2023-11-19 01:30:00,389.0,22.3,48.05,1.0
2023-11-19 01:45:00,422.5,22.3,48.05,
2023-11-19 02:00:00,328.0,22.3,48.05,1.0
2023-11-19 02:15:00,377.0,22.3,48.05,
2023-11-19 02:30:00,411.0,22.3,48.05,1.0
2023-11-19 02:45:00,411.0,22.3,48.05,
2023-11-19 03:00:00,364.0,22.3,48.05,1.0
2023-11-19 03:15:00,398.5,22.3,48.05,
2023-11-19 03:30:00,362.0,22.3,48.05,1.0
2023-11-19 03:45:00,367.5,22.3,48.05,
2023-11-19 04:00:00,404.0,22.3,48.05,1.0
2023-11-19 04:15:00,366.5,22.3,48.05,
2023-11-19 04:30:00,361.0,22.3,48.05,1.0
2023-11-19 04:45:00,364.5,22.3,48.05,
2023-11-19 05:00:00,364.0,22.3,48.05,1.0
2023-11-19 05:15:00,288.5,22.3,48.05,
2023-11-19 05:30:00,323.0,22.3,48.05,1.0
2023-11-19 05:45:00,315.0,22.3,48.05,
2023-11-19 06:00:00,345.5,22.3,48.05,1.0
2023-11-19 06:15:00,402.0,22.3,48.05,
2023-11-19 06:30:00,379.5,22.3,48.05,1.0
2023-11-19 06:45:00,308.0,22.3,48.05,
2023-11-19 07:00:00,355.5,22.3,48.05,1.0
2023-11-19 07:15:00,370.0,22.3,48.05,
2023-11-19 07:30:00,321.5,22.3,48.05,1.0
2023-11-19 07:45:00,332.0,22.3,48.05,
2023-11-19 08:00:00,307.5,22.3,48.05,1.0
2023-11-19 08:15:00,400.0,22.3,48.05,
2023-11-19 08:30:00,328.0,22.3,48.05,1.0
2023-11-19 08:45:00,400.0,22.3,48.05,
2023-11-19 09:00:00,362.5,22.3,48.05,1.0
2023-11-19 09:15:00,322.0,22.3,48.05,
2023-11-19 09:30:00,329.5,22.3,48.05,1.0
2023-11-19 09:45:00,322.0,22.3,48.05,
2023-11-19 10:00:00,297.5,22.3,48.05,1.0
2023-11-19 10:15:00,266.0,22.3,48.05,
2023-11-19 10:30:00,363.5,22.3,48.05,1.0
2023-11-19 10:45:00,299.0,22.3,48.05,
2023-11-19 11:00:00,365.0,22.3,48.05,1.0
2023-11-19 11:15:00,384.0,22.3,48.05,
2023-11-19 11:30:00,362.0,22.3,48.05,1.0
2023-11-19 11:45:00,326.0,22.3,48.05,
2023-11-19 12:00:00,330.0,22.3,48.05,1.0
2023-11-19 12:15:00,313.0,22.3,48.05,
2023-11-19 12:30:00,362.5,22.3,48.05,1.0
2023-11-19 12:45:00,315.0,22.3,48.05,
2023-11-19 13:00:00,307.5,22.3,48.05,1.0
2023-11-19 13:15:00,405.0,22.3,48.05,
2023-11-19 13:30:00,310.0,22.3,48.05,1.0
2023-11-19 13:45:00,333.0,22.3,48.05,
2023-11-19 14:00:00,302.0,22.3,48.05,1.0
2023-11-19 14:15:00,362.0,22.3,48.05,
2023-11-19 14:30:00,307.5,22.3,48.05,1.0
2023-11-19 14:45:00,286.0,22.3,48.05,
2023-11-19 15:00:00,297.0,22.3,48.05,1.0
2023-11-19 15:15:00,315.0,22.3,48.05,
2023-11-19 15:30:00,270.5,22.3,48.05,1.0
2023-11-19 15:45:00,311.0,22.3,48.05,
2023-11-19 16:00:00,308.0,22.3,48.05,1.0
2023-11-19 16:15:00,297.0,22.3,48.05,
2023-11-19 16:30:00,292.5,22.3,48.05,1.0
2023-11-19 16:45:00,299.0,22.3,48.05,
2023-11-19 17:00:00,311.0,22.3,48.05,1.0
2023-11-19 17:15:00,266.0,22.3,48.05,
2023-11-19 17:30:00,290.5,22.3,48.05,1.0
2023-11-19 17:45:00,315.0,22.3,48.05,
2023-11-19 18:00:00,326.5,22.3,48.05,1.0
2023-11-19 18:15:00,266.0,22.3,48.05,
2023-11-19 18:30:00,263.0,22.3,48.05,1.0
2023-11-19 18:45:00,325.0,22.3,48.05,
2023-11-19 19:00:00,272.5,22.3,48.05,1.0
2023-11-19 19:15:00,307.0,22.3,48.05,
2023-11-19 19:30:00,259.5,22.3,48.05,1.0
2023-11-19 19:45:00,325.0,22.3,48.05,
2023-11-19 20:00:00,285.5,22.3,48.05,1.0
2023-11-19 20:15:00,218.0,22.3,48.05,
2023-11-19 20:30:00,287.0,22.3,48.05,1.0
2023-11-19 20:45:00,312.0,22.3,48.05,
2023-11-19 21:00:00,314.5,22.3,48.05,1.0
2023-11-19 21:15:00,312.0,22.3,48.05,
2023-11-19 21:30:00,281.5,22.3,48.05,1.0
2023-11-19 21:45:00,288.0,22.3,48.05,
2023-11-19 22:00:00,300.0,22.3,48.05,1.0
2023-11-19 22:15:00,339.0,22.3,48.05,
2023-11-19 22:30:00,318.5,22.3,48.05,1.0
2023-11-19 22:45:00,316.0,22.3,48.05,
2023-11-19 23:00:00,289.5,22.3,48.05,1.0
2023-11-19 23:15:00,296.0,22.3,48.05,
2023-11-19 23:30:00,243.5,22.3,48.05,1.0
2023-11-19 23:45:00,268.0,22.3,48.05,
2023-11-20 00:00:00,268.5,22.3,48.05,1.0
2023-11-20 00:15:00,287.0,22.3,48.05,
2023-11-20 00:30:00,285.0,22.3,48.05,1.0
2023-11-20 00:45:00,237.0,22.3,48.05,
2023-11-20 01:00:00,255.5,22.3,48.05,1.0
2023-11-20 01:15:00,314.0,22.3,48.05,
2023-11-20 01:30:00,268.5,22.3,48.05,1.0
2023-11-20 01:45:00,301.0,22.3,48.05,
2023-11-20 02:00:00,267.5,22.25,48.05,1.0
2023-11-20 02:15:00,272.0,22.3,48.05,
2023-11-20 02:30:00,278.5,22.3,48.05,1.0
2023-11-20 02:45:00,267.0,22.3,48.05,
2023-11-20 03:00:00,263.0,22.3,48.05,1.0
2023-11-20 03:15:00,288.5,22.3,48.05,
2023-11-20 03:30:00,228.0,22.3,48.05,1.0
2023-11-20 03:45:00,268.5,22.3,48.05,
2023-11-20 04:00:00,277.5,22.25,48.05,1.0
2023-11-20 04:15:00,307.0,22.3,48.05,
2023-11-20 04:30:00,239.0,22.3,48.05,1.0
2023-11-20 04:45:00,256.5,22.3,48.05,
2023-11-20 05:00:00,239.0,22.2,48.05,1.0
2023-11-20 05:15:00,250.5,22.25,48.05,
2023-11-20 05:30:00,272.0,22.2,48.05,1.0
2023-11-20 05:45:00,228.0,22.3,48.05,
2023-11-20 06:00:00,312.0,22.3,48.05,1.0
2023-11-20 06:15:00,247.5,22.3,48.05,
2023-11-20 06:30:00,298.0,22.3,48.05,1.0
2023-11-20 06:45:00,248.0,22.3,48.05,
2023-11-20 07:00:00,250.0,22.3,48.05,1.0
2023-11-20 07:15:00,258.0,22.25,48.05,
2023-11-20 07:30:00,285.0,22.3,48.05,1.0
2023-11-20 07:45:00,260.5,22.3,48.05,0.0
2023-11-20 08:00:00,459.0,22.3,46.09,0.0
2023-11-20 08:15:00,486.0,22.3,43.945,
2023-11-20 08:30:00,727.0,22.3,43.75,0.0
2023-11-20 08:45:00,735.5,22.4,42.775,
2023-11-20 09:00:00,680.0,22.4,42.19,0.3333333333333333
2023-11-20 09:15:00,1039.0,22.55,42.775,
2023-11-20 09:30:00,1078.0,22.7,42.58,1.0
2023-11-20 09:45:00,1308.0,22.9,43.36,
2023-11-20 10:00:00,1652.0,23.0,44.14,1.0
2023-11-20 10:15:00,1622.0,23.0,44.14,
2023-11-20 10:30:00,1714.0,22.9,44.53,1.0
2023-11-20 10:45:00,1817.0,22.9,45.115,
2023-11-20 11:00:00,1906.0,22.9,44.92,1.0
2023-11-20 11:15:00,2004.5,22.9,45.31,
2023-11-20 11:30:00,2103.0,22.9,46.48,1.0
2023-11-20 11:45:00,2103.0,22.9,46.88,
2023-11-20 12:00:00,2103.0,22.9,47.27,1.0
2023-11-20 12:15:00,2103.0,23.1,47.66,
2023-11-20 12:30:00,2103.0,23.3,47.27,1.0
2023-11-20 12:45:00,2103.0,23.4,45.894999999999996,
2023-11-20 13:00:00,2103.0,23.5,45.7,1.0
2023-11-20 13:15:00,2103.0,23.6,44.92,
2023-11-20 13:30:00,2103.0,23.6,42.97,1.0
2023-11-20 13:45:00,2103.0,23.75,43.75,
2023-11-20 14:00:00,2103.0,23.8,43.36,1.0
2023-11-20 14:15:00,2103.0,23.85,43.555,
2023-11-20 14:30:00,2103.0,23.9,42.97,1.0
2023-11-20 14:45:00,2103.0,24.0,43.36,
2023-11-20 15:00:00,2103.0,24.0,43.36,1.0
2023-11-20 15:15:00,2103.0,24.1,42.97,
2023-11-20 15:30:00,2103.0,24.1,42.385,1.0
2023-11-20 15:45:00,2103.0,24.1,42.58,
2023-11-20 16:00:00,2103.0,24.2,43.165,1.0
2023-11-20 16:15:00,2103.0,24.3,43.75,
2023-11-20 16:30:00,2103.0,24.3,44.725,1.0
2023-11-20 16:45:00,2103.0,24.3,44.92,
2023-11-20 17:00:00,2103.0,24.4,45.505,1.0
2023-11-20 17:15:00,2103.0,24.4,45.7,
2023-11-20 17:30:00,2103.0,24.5,45.895,1.0
2023-11-20 17:45:00,2103.0,24.5,45.7,
2023-11-20 18:00:00,2103.0,24.4,45.7,1.0
2023-11-20 18:15:00,2103.0,24.4,45.7,
2023-11-20 18:30:00,2103.0,24.4,45.7,1.0
2023-11-20 18:45:00,2103.0,24.4,45.7,
2023-11-20 19:00:00,2103.0,24.4,45.7,1.0
2023-11-20 19:15:00,2103.0,24.4,45.7,
2023-11-20 19:30:00,2103.0,24.4,45.7,1.0
2023-11-20 19:45:00,2103.0,24.4,45.7,
2023-11-20 20:00:00,2103.0,24.4,45.7,1.0
2023-11-20 20:15:00,2103.0,24.4,45.31,
2023-11-20 20:30:00,2103.0,24.4,45.31,1.0
2023-11-20 20:45:00,2103.0,24.4,45.31,
2023-11-20 21:00:00,2103.0,24.4,45.31,1.0
2023-11-20 21:15:00,2103.0,24.4,45.31,
2023-11-20 21:30:00,2103.0,24.45,45.31,1.0
2023-11-20 21:45:00,2103.0,24.5,45.31,
2023-11-20 22:00:00,2103.0,24.5,45.31,1.0
2023-11-20 22:15:00,2103.0,24.5,45.31,
2023-11-20 22:30:00,2103.0,24.55,45.31,1.0
2023-11-20 22:45:00,2103.0,24.5,45.31,
2023-11-20 23:00:00,2091.0,24.5,45.31,1.0
2023-11-20 23:15:00,2103.0,24.5,45.31,
2023-11-20 23:30:00,2058.0,24.6,45.31,1.0
2023-11-20 23:45:00,2071.0,24.6,45.31,
2023-11-21 00:00:00,2029.0,24.6,44.92,1.0
2023-11-21 00:15:00,2000.5,24.6,44.92,
2023-11-21 00:30:00,1909.0,24.6,45.31,1.0
2023-11-21 00:45:00,1916.5,24.6,44.92,
2023-11-21 01:00:00,1824.0,24.6,44.92,1.0
2023-11-21 01:15:00,1769.5,24.6,44.92,
2023-11-21 01:30:00,1789.0,24.6,44.92,1.0
2023-11-21 01:45:00,1826.0,24.7,44.92,
2023-11-21 02:00:00,1775.0,24.7,44.92,1.0
2023-11-21 02:15:00,1723.5,24.7,44.92,
2023-11-21 02:30:00,1680.0,24.7,44.92,1.0
2023-11-21 02:45:00,1618.5,24.7,44.92,
2023-11-21 03:00:00,1556.0,24.7,44.92,1.0
2023-11-21 03:15:00,1527.5,24.7,44.92,
2023-11-21 03:30:00,1558.0,24.7,44.92,1.0
2023-11-21 03:45:00,1513.0,24.7,44.92,
2023-11-21 04:00:00,1511.0,24.8,44.92,1.0
2023-11-21 04:15:00,1382.0,24.8,44.92,
2023-11-21 04:30:00,1478.0,24.8,44.53,1.0
2023-11-21 04:45:00,1385.0,24.8,44.53,
2023-11-21 05:00:00,1414.0,24.8,44.53,1.0
2023-11-21 05:15:00,1324.0,24.8,44.53,
2023-11-21 05:30:00,1294.0,24.8,44.53,1.0
2023-11-21 05:45:00,1286.5,24.8,44.53,
2023-11-21 06:00:00,1241.0,24.8,44.53,1.0
2023-11-21 06:15:00,1297.5,24.8,44.53,
2023-11-21 06:30:00,1309.0,24.8,44.53,1.0
2023-11-21 06:45:00,1173.5,24.8,44.53,
2023-11-21 07:00:00,1228.0,24.8,44.53,1.0
2023-11-21 07:15:00,1158.0,24.8,44.53,
2023-11-21 07:30:00,1120.0,24.8,44.53,1.0
2023-11-21 07:45:00,1209.0,24.8,44.53,
2023-11-21 08:00:00,1061.0,24.9,44.14,1.0
2023-11-21 08:15:00,1192.0,24.9,44.14,
2023-11-21 08:30:00,1095.5,24.9,44.335,1.0
2023-11-21 08:45:00,1148.0,24.9,44.14,0.0
2023-11-21 09:00:00,1214.0,24.85,43.75,0.0
2023-11-21 09:15:00,1041.0,24.7,41.02,
2023-11-21 09:30:00,938.0,24.45,39.255,0.0
2023-11-21 09:45:00,895.0,24.3,37.5,
2023-11-21 10:00:00,761.0,24.15,35.745,0.3333333333333333
2023-11-21 10:15:00,542.0,24.0,32.81,
2023-11-21 10:30:00,938.0,24.0,35.355,1.0
2023-11-21 10:45:00,1146.0,24.0,36.33,
2023-11-21 11:00:00,1377.0,24.0,37.305,1.0
2023-11-21 11:15:00,1353.0,24.0,37.89,
2023-11-21 11:30:00,1640.0,24.0,39.06,1.0
2023-11-21 11:45:00,1996.0,24.0,39.84,
2023-11-21 12:00:00,2066.0,24.0,40.625,1.0
2023-11-21 12:15:00,2103.0,24.0,41.41,
2023-11-21 12:30:00,2103.0,24.0,41.995,1.0
2023-11-21 12:45:00,2103.0,24.0,42.58,
2023-11-21 13:00:00,2103.0,24.0,43.165,1.0
2023-11-21 13:15:00,2103.0,24.0,43.75,
2023-11-21 13:30:00,2103.0,24.0,43.165,1.0
2023-11-21 13:45:00,2103.0,23.9,42.97,
2023-11-21 14:00:00,2103.0,23.95,42.97,1.0
2023-11-21 14:15:00,2103.0,24.0,42.97,
2023-11-21 14:30:00,2103.0,24.0,42.97,1.0
2023-11-21 14:45:00,2103.0,24.0,42.58,
2023-11-21 15:00:00,2103.0,23.95,42.385,1.0
2023-11-21 15:15:00,2103.0,24.0,42.58,
2023-11-21 15:30:00,2103.0,24.0,42.775,1.0
2023-11-21 15:45:00,2103.0,23.9,42.97,
2023-11-21 16:00:00,2103.0,23.9,42.97,1.0
2023-11-21 16:15:00,2103.0,23.9,43.36,
2023-11-21 16:30:00,2103.0,23.9,42.97,1.0
2023-11-21 16:45:00,2103.0,23.9,42.58,
2023-11-21 17:00:00,2103.0,23.9,42.58,1.0
2023-11-21 17:15:00,2103.0,23.85,42.385,
2023-11-21 17:30:00,2103.0,23.8,42.19,1.0
2023-11-21 17:45:00,2103.0,23.75,41.995,
2023-11-21 18:00:00,2070.0,23.7,42.19,1.0
2023-11-21 18:15:00,2066.5,23.65,42.385,
2023-11-21 18:30:00,2023.0,23.6,42.58,1.0
2023-11-21 18:45:00,1963.0,23.55,42.97,
2023-11-21 19:00:00,1990.0,23.5,42.97,1.0
2023-11-21 19:15:00,1953.5,23.4,42.97,
2023-11-21 19:30:00,1910.0,23.4,43.36,1.0
2023-11-21 19:45:00,1906.5,23.4,43.36,
2023-11-21 20:00:00,1891.0,23.3,43.36,1.0
2023-11-21 20:15:00,1883.5,23.3,43.36,
2023-11-21 20:30:00,1851.0,23.3,43.75,1.0
2023-11-21 20:45:00,1808.0,23.25,43.555,
2023-11-21 21:00:00,1863.0,23.2,43.75,1.0
2023-11-21 21:15:00,1832.0,23.2,43.75,
2023-11-21 21:30:00,1797.0,23.2,43.75,1.0
2023-11-21 21:45:00,1752.0,23.15,43.75,
2023-11-21 22:00:00,1730.0,23.1,43.75,1.0
2023-11-21 22:15:00,1749.0,23.1,43.75,
2023-11-21 22:30:00,1660.0,23.1,44.14,1.0
2023-11-21 22:45:00,1662.5,23.05,43.945,
2023-11-21 23:00:00,1736.0,23.0,44.14,1.0
2023-11-21 23:15:00,1663.0,23.0,44.14,
2023-11-21 23:30:00,1600.0,23.0,44.14,1.0
2023-11-21 23:45:00,1593.0,22.95,44.14,
2023-11-22 00:00:00,1630.0,22.9,44.14,1.0
2023-11-22 00:15:00,1523.0,22.9,44.14,
2023-11-22 00:30:00,1526.0,22.9,44.14,1.0
2023-11-22 00:45:00,1572.0,22.9,44.14,
2023-11-22 01:00:00,1522.5,22.9,44.14,1.0
2023-11-22 01:15:00,1457.0,22.9,44.14,
2023-11-22 01:30:00,1411.0,22.8,44.335,1.0
2023-11-22 01:45:00,1472.0,22.8,44.53,
2023-11-22 02:00:00,1483.5,22.8,44.53,1.0
2023-11-22 02:15:00,1442.0,22.8,44.53,
2023-11-22 02:30:00,1402.0,22.75,44.53,1.0
2023-11-22 02:45:00,1419.0,22.7,44.53,
2023-11-22 03:00:00,1380.5,22.7,44.53,1.0
2023-11-22 03:15:00,1412.0,22.7,44.53,
2023-11-22 03:30:00,1363.0,22.7,44.53,1.0
2023-11-22 03:45:00,1330.0,22.7,44.53,
2023-11-22 04:00:00,1339.5,22.7,44.53,1.0
2023-11-22 04:15:00,1256.0,22.6,44.53,
2023-11-22 04:30:00,1274.0,22.6,44.53,1.0
2023-11-22 04:45:00,1334.0,22.6,44.53,
2023-11-22 05:00:00,1274.5,22.6,44.53,1.0
2023-11-22 05:15:00,1284.0,22.6,44.53,
2023-11-22 05:30:00,1243.5,22.6,44.92,1.0
2023-11-22 05:45:00,1180.0,22.5,44.92,
2023-11-22 06:00:00,1199.5,22.5,44.725,1.0
2023-11-22 06:15:00,1214.0,22.5,44.92,
2023-11-22 06:30:00,1170.5,22.5,44.92,1.0
2023-11-22 06:45:00,1182.0,22.5,44.92,
2023-11-22 07:00:00,1153.0,22.5,44.92,1.0
2023-11-22 07:15:00,1197.0,22.5,44.92,
2023-11-22 07:30:00,1142.0,22.5,44.92,1.0
2023-11-22 07:45:00,966.0,22.4,43.36,0.0
2023-11-22 08:00:00,802.5,22.5,41.209999999999994,0.3333333333333333
2023-11-22 08:15:00,789.0,22.5,41.8,
2023-11-22 08:30:00,1039.5,22.55,41.605000000000004,1.0
2023-11-22 08:45:00,1276.0,22.6,42.58,
2023-11-22 09:00:00,1438.0,22.7,42.97,1.0
2023-11-22 09:15:00,1621.5,22.75,43.555,
2023-11-22 09:30:00,1893.0,22.8,44.14,1.0
2023-11-22 09:45:00,1942.5,22.8,44.14,
2023-11-22 10:00:00,1971.0,22.8,44.14,1.0
2023-11-22 10:15:00,1975.0,22.8,44.14,
2023-11-22 10:30:00,2103.0,22.9,44.53,1.0
2023-11-22 10:45:00,2103.0,22.8,45.115,
2023-11-22 11:00:00,2103.0,22.9,45.31,1.0
2023-11-22 11:15:00,2087.5,22.9,44.335,
2023-11-22 11:30:00,2103.0,22.9,45.7,1.0
2023-11-22 11:45:00,2103.0,22.9,45.7,
2023-11-22 12:00:00,2103.0,22.9,44.92,1.0
2023-11-22 12:15:00,2017.5,22.8,42.775,
2023-11-22 12:30:00,1781.0,22.8,41.8,1.0
2023-11-22 12:45:00,1985.0,22.8,41.995,
2023-11-22 13:00:00,1843.0,22.8,41.8,1.0
2023-11-22 13:15:00,2103.0,22.9,43.165,0.0
2023-11-22 13:30:00,1784.0,22.8,40.23,0.3333333333333333
2023-11-22 13:45:00,2103.0,22.8,42.385,
2023-11-22 14:00:00,2103.0,22.8,42.97,1.0
2023-11-22 14:15:00,2103.0,22.7,42.97,
2023-11-22 14:30:00,2103.0,22.7,42.97,1.0
2023-11-22 14:45:00,2103.0,22.6,43.165,
2023-11-22 15:00:00,2103.0,22.6,43.36,1.0
2023-11-22 15:15:00,2103.0,22.5,43.36,
2023-11-22 15:30:00,2103.0,22.5,42.58,1.0
2023-11-22 15:45:00,2103.0,22.65,43.555,
2023-11-22 16:00:00,2103.0,22.7,44.53,1.0
2023-11-22 16:15:00,2103.0,22.7,42.385,
2023-11-22 16:30:00,2103.0,22.7,42.19,1.0
2023-11-22 16:45:00,2103.0,22.8,41.8,
2023-11-22 17:00:00,2103.0,22.8,41.8,1.0
2023-11-22 17:15:00,2103.0,22.8,41.41,
2023-11-22 17:30:00,2103.0,22.75,42.19,1.0
2023-11-22 17:45:00,2103.0,22.7,42.58,
2023-11-22 18:00:00,2055.5,22.65,42.58,1.0
2023-11-22 18:15:00,2054.0,22.6,42.58,
2023-11-22 18:30:00,2068.5,22.55,42.58,1.0
2023-11-22 18:45:00,1952.0,22.5,42.97,
2023-11-22 19:00:00,2014.5,22.45,42.97,1.0
2023-11-22 19:15:00,1969.0,22.4,42.97,
2023-11-22 19:30:00,1944.5,22.4,42.97,1.0
2023-11-22 19:45:00,1917.0,22.4,42.97,
2023-11-22 20:00:00,1884.0,22.4,43.165,1.0
2023-11-22 20:15:00,1868.0,22.4,42.97,
2023-11-22 20:30:00,1868.5,22.3,43.36,1.0
2023-11-22 20:45:00,1721.0,22.3,43.36,
2023-11-22 21:00:00,1737.5,22.3,43.36,1.0
2023-11-22 21:15:00,1718.0,22.3,43.36,
2023-11-22 21:30:00,1726.5,22.3,43.36,1.0
2023-11-22 21:45:00,1594.0,22.3,43.36,
2023-11-22 22:00:00,1650.0,22.3,43.555,1.0
2023-11-22 22:15:00,1671.0,22.3,43.75,
2023-11-22 22:30:00,1666.0,22.3,43.75,1.0
2023-11-22 22:45:00,1602.0,22.3,43.75,
2023-11-22 23:00:00,1571.5,22.3,43.75,1.0
2023-11-22 23:15:00,1621.0,22.3,43.75,
2023-11-22 23:30:00,1596.0,22.25,43.75,1.0
2023-11-22 23:45:00,1501.0,22.2,43.75,
2023-11-23 00:00:00,1500.5,22.2,43.945,1.0
2023-11-23 00:15:00,1464.0,22.2,43.75,
2023-11-23 00:30:00,1495.0,22.2,44.14,1.0
2023-11-23 00:45:00,1447.0,22.2,44.14,
2023-11-23 01:00:00,1446.0,22.2,44.14,1.0
2023-11-23 01:15:00,1373.0,22.2,44.14,
2023-11-23 01:30:00,1389.5,22.2,44.14,1.0
2023-11-23 01:45:00,1387.0,22.2,44.14,
2023-11-23 02:00:00,1414.0,22.2,44.14,1.0
2023-11-23 02:15:00,1356.5,22.2,44.335,
2023-11-23 02:30:00,1392.0,22.2,44.14,1.0
2023-11-23 02:45:00,1341.5,22.2,44.335,
2023-11-23 03:00:00,1322.0,22.2,44.14,1.0
2023-11-23 03:15:00,1297.5,22.2,44.335,
2023-11-23 03:30:00,1246.0,22.2,44.53,1.0
2023-11-23 03:45:00,1244.0,22.2,44.53,
2023-11-23 04:00:00,1167.0,22.2,44.53,1.0
2023-11-23 04:15:00,1187.0,22.2,44.335,
2023-11-23 04:30:00,1161.0,22.2,44.53,1.0
2023-11-23 04:45:00,1191.5,22.2,44.53,
2023-11-23 05:00:00,1086.0,22.2,44.53,1.0
2023-11-23 05:15:00,1142.5,22.2,44.53,
2023-11-23 05:30:00,1091.0,22.3,44.53,1.0
2023-11-23 05:45:00,1077.0,22.2,44.53,
2023-11-23 06:00:00,1032.0,22.2,44.53,1.0
2023-11-23 06:15:00,1128.0,22.25,44.53,
2023-11-23 06:30:00,1060.0,22.2,44.53,1.0
2023-11-23 06:45:00,1050.0,22.2,44.92,
2023-11-23 07:00:00,963.0,22.2,44.92,1.0
2023-11-23 07:15:00,837.0,22.3,43.945,
2023-11-23 07:30:00,634.0,22.3,42.58,1.0
2023-11-23 07:45:00,944.5,22.4,44.14,
2023-11-23 08:00:00,1113.0,22.4,44.92,1.0
2023-11-23 08:15:00,1132.0,22.5,45.505,
2023-11-23 08:30:00,1537.0,22.5,47.66,1.0
2023-11-23 08:45:00,1401.5,22.5,47.269999999999996,
2023-11-23 09:00:00,1563.0,22.5,49.22,1.0
2023-11-23 09:15:00,1819.0,22.65,50.975,
2023-11-23 09:30:00,1954.0,22.7,50.39,1.0
2023-11-23 09:45:00,2022.5,22.7,50.195,
2023-11-23 10:00:00,2022.0,22.8,49.61,1.0
2023-11-23 10:15:00,2103.0,22.8,49.61,
2023-11-23 10:30:00,2103.0,22.8,49.415,1.0
2023-11-23 10:45:00,2103.0,22.8,50.0,
2023-11-23 11:00:00,2103.0,22.8,50.0,1.0
2023-11-23 11:15:00,2103.0,22.8,50.39,
2023-11-23 11:30:00,2103.0,22.8,50.39,1.0
2023-11-23 11:45:00,2103.0,22.8,50.39,
2023-11-23 12:00:00,2103.0,22.9,50.78,1.0
2023-11-23 12:15:00,2103.0,22.9,50.78,
2023-11-23 12:30:00,2103.0,22.9,50.78,1.0
2023-11-23 12:45:00,2103.0,22.9,50.78,
2023-11-23 13:00:00,2103.0,22.9,50.78,1.0
2023-11-23 13:15:00,2103.0,22.9,50.39,
2023-11-23 13:30:00,2103.0,22.95,50.585,1.0
2023-11-23 13:45:00,2103.0,23.0,50.0,
2023-11-23 14:00:00,2103.0,22.9,50.39,1.0
2023-11-23 14:15:00,2103.0,22.9,50.39,
2023-11-23 14:30:00,2103.0,22.9,50.0,1.0
2023-11-23 14:45:00,2103.0,22.9,50.0,
2023-11-23 15:00:00,2103.0,22.8,50.0,1.0
2023-11-23 15:15:00,2103.0,22.7,50.0,
2023-11-23 15:30:00,2103.0,22.7,49.805,1.0
2023-11-23 15:45:00,2103.0,22.6,49.61,
2023-11-23 16:00:00,2103.0,22.6,49.61,1.0
2023-11-23 16:15:00,2103.0,22.6,49.61,
2023-11-23 16:30:00,2103.0,22.5,49.61,1.0
2023-11-23 16:45:00,2103.0,22.5,49.61,
2023-11-23 17:00:00,2103.0,22.5,49.61,1.0
2023-11-23 17:15:00,2103.0,22.4,49.22,
2023-11-23 17:30:00,2103.0,22.4,49.22,1.0
2023-11-23 17:45:00,2103.0,22.4,49.22,
2023-11-23 18:00:00,2103.0,22.4,49.22,1.0
2023-11-23 18:15:00,2103.0,22.4,48.83,
2023-11-23 18:30:00,2103.0,22.4,48.83,1.0
2023-11-23 18:45:00,2103.0,22.4,48.83,
2023-11-23 19:00:00,2103.0,22.3,48.83,1.0
2023-11-23 19:15:00,2103.0,22.3,48.83,
2023-11-23 19:30:00,2103.0,22.3,48.83,1.0
2023-11-23 19:45:00,2103.0,22.3,48.635,
2023-11-23 20:00:00,2103.0,22.3,48.44,1.0
2023-11-23 20:15:00,2103.0,22.3,48.44,
2023-11-23 20:30:00,2017.0,22.3,48.05,1.0
2023-11-23 20:45:00,1885.0,22.3,47.66,
2023-11-23 21:00:00,1778.0,22.3,47.66,1.0
2023-11-23 21:15:00,1645.5,22.3,47.66,
2023-11-23 21:30:00,1723.0,22.3,47.66,1.0
2023-11-23 21:45:00,1669.5,22.25,47.66,
2023-11-23 22:00:00,1711.0,22.2,47.66,1.0
2023-11-23 22:15:00,1620.5,22.25,47.66,
2023-11-23 22:30:00,1650.0,22.2,47.66,1.0
2023-11-23 22:45:00,1600.5,22.2,47.465,
2023-11-23 23:00:00,1537.0,22.2,47.66,1.0
2023-11-23 23:15:00,1534.0,22.2,47.27,
2023-11-23 23:30:00,1481.0,22.2,47.27,1.0
2023-11-23 23:45:00,1443.0,22.2,47.27,
2023-11-24 00:00:00,1464.0,22.2,47.27,1.0
2023-11-24 00:15:00,1466.5,22.2,47.27,
2023-11-24 00:30:00,1469.0,22.2,47.27,1.0
2023-11-24 00:45:00,1350.0,22.2,47.27,
2023-11-24 01:00:00,1403.0,22.2,47.27,1.0
2023-11-24 01:15:00,1336.0,22.2,47.27,
2023-11-24 01:30:00,1378.0,22.2,47.27,1.0
2023-11-24 01:45:00,1368.5,22.2,47.27,
2023-11-24 02:00:00,1256.0,22.1,47.27,1.0
2023-11-24 02:15:00,1285.5,22.2,47.27,
2023-11-24 02:30:00,1326.0,22.1,46.88,1.0
2023-11-24 02:45:00,1328.0,22.1,46.88,
2023-11-24 03:00:00,1317.0,22.1,46.88,1.0
2023-11-24 03:15:00,1197.0,22.1,46.88,
2023-11-24 03:30:00,1233.5,22.1,46.88,1.0
2023-11-24 03:45:00,1186.0,22.1,46.88,
2023-11-24 04:00:00,1207.0,22.1,46.88,1.0
2023-11-24 04:15:00,1210.0,22.1,46.88,
2023-11-24 04:30:00,1194.0,22.1,46.88,1.0
2023-11-24 04:45:00,1167.0,22.1,46.88,
2023-11-24 05:00:00,1113.5,22.1,46.88,1.0
2023-11-24 05:15:00,1130.0,22.1,46.88,
2023-11-24 05:30:00,1100.5,22.1,46.88,1.0
2023-11-24 05:45:00,1122.0,22.1,46.88,
2023-11-24 06:00:00,1079.5,22.1,46.88,1.0
2023-11-24 06:15:00,1044.0,22.1,46.88,
2023-11-24 06:30:00,1095.0,22.1,46.88,1.0
2023-11-24 06:45:00,1026.0,22.1,46.88,
2023-11-24 07:00:00,1044.5,22.1,46.88,1.0
2023-11-24 07:15:00,1054.0,22.1,46.88,
2023-11-24 07:30:00,1005.0,22.1,46.88,1.0
2023-11-24 07:45:00,962.0,22.1,45.7,
2023-11-24 08:00:00,1295.0,22.1,47.269999999999996,1.0
2023-11-24 08:15:00,1354.0,22.1,46.88,
2023-11-24 08:30:00,1366.5,22.2,46.48,1.0
2023-11-24 08:45:00,1606.0,22.3,47.27,
2023-11-24 09:00:00,1663.0,22.3,47.855,1.0
2023-11-24 09:15:00,1807.0,22.3,48.05,
2023-11-24 09:30:00,1954.5,22.4,48.245,1.0
2023-11-24 09:45:00,2103.0,22.4,48.83,
2023-11-24 10:00:00,2044.0,22.45,47.655,1.0
2023-11-24 10:15:00,2103.0,22.5,46.09,
2023-11-24 10:30:00,1903.0,22.55,44.92,1.0
2023-11-24 10:45:00,1907.0,22.6,45.31,
2023-11-24 11:00:00,2103.0,22.799999999999997,45.895,1.0
2023-11-24 11:15:00,2103.0,23.0,46.09,
2023-11-24 11:30:00,2103.0,23.1,46.48,1.0
2023-11-24 11:45:00,2103.0,23.35,46.68,
2023-11-24 12:00:00,2103.0,23.5,46.88,1.0
2023-11-24 12:15:00,2103.0,23.5,44.725,
2023-11-24 12:30:00,2103.0,23.6,43.75,1.0
2023-11-24 12:45:00,2103.0,23.6,43.36,
2023-11-24 13:00:00,2103.0,23.7,44.14,1.0
2023-11-24 13:15:00,2103.0,23.8,43.945,
2023-11-24 13:30:00,2103.0,23.8,43.36,0.6666666666666666
2023-11-24 13:45:00,2085.0,23.75,42.19,
2023-11-24 14:00:00,1490.0,23.5,38.67,0.0
2023-11-24 14:15:00,957.5,23.35,36.135,1.0
2023-11-24 14:30:00,1192.0,23.3,36.72,1.0
2023-11-24 14:45:00,1195.0,23.4,37.11,
2023-11-24 15:00:00,1264.0,23.5,37.5,1.0
2023-11-24 15:15:00,1243.5,23.55,37.695,
2023-11-24 15:30:00,1283.0,23.6,38.28,1.0
2023-11-24 15:45:00,1265.0,23.7,38.67,
2023-11-24 16:00:00,1305.0,23.7,39.06,1.0
2023-11-24 16:15:00,1411.5,23.8,39.255,
2023-11-24 16:30:00,1366.0,23.8,39.45,1.0
2023-11-24 16:45:00,1453.5,23.85,39.84,
2023-11-24 17:00:00,1360.0,23.9,40.23,1.0
2023-11-24 17:15:00,1459.0,23.9,40.23,
2023-11-24 17:30:00,1424.0,23.9,40.62,1.0
2023-11-24 17:45:00,1496.0,23.95,40.62,
2023-11-24 18:00:00,1520.0,24.0,40.62,1.0
2023-11-24 18:15:00,1502.0,24.0,41.02,
2023-11-24 18:30:00,1429.0,24.0,41.02,1.0
2023-11-24 18:45:00,1499.0,24.0,41.02,
2023-11-24 19:00:00,1524.0,24.0,41.41,1.0
2023-11-24 19:15:00,1512.0,24.05,41.41,
2023-11-24 19:30:00,1510.0,24.1,41.41,1.0
2023-11-24 19:45:00,1480.5,24.1,41.605,
2023-11-24 20:00:00,1475.0,24.1,41.8,1.0
2023-11-24 20:15:00,1480.0,24.1,41.8,
2023-11-24 20:30:00,1563.0,24.1,41.8,1.0
2023-11-24 20:45:00,1474.0,24.1,41.8,
2023-11-24 21:00:00,1458.5,24.1,41.8,1.0
2023-11-24 21:15:00,1385.0,24.1,41.8,
2023-11-24 21:30:00,1432.0,24.2,42.19,1.0
2023-11-24 21:45:00,1480.0,24.2,42.19,
2023-11-24 22:00:00,1415.0,24.2,42.19,1.0
2023-11-24 22:15:00,1430.0,24.2,42.19,
2023-11-24 22:30:00,1391.5,24.2,42.19,1.0
2023-11-24 22:45:00,1386.0,24.2,42.19,
2023-11-24 23:00:00,1364.0,24.2,42.19,1.0
2023-11-24 23:15:00,1370.0,24.2,42.19,
2023-11-24 23:30:00,1323.5,24.2,42.19,1.0
2023-11-24 23:45:00,1294.0,24.2,42.19,
2023-11-25 00:00:00,1324.0,24.2,42.19,1.0
2023-11-25 00:15:00,1286.0,24.2,42.19,
2023-11-25 00:30:00,1257.0,24.2,42.385,1.0
2023-11-25 00:45:00,1286.0,24.2,42.19,
2023-11-25 01:00:00,1249.5,24.3,42.58,1.0
2023-11-25 01:15:00,1250.0,24.3,42.19,
2023-11-25 01:30:00,1176.5,24.3,42.58,1.0
2023-11-25 01:45:00,1212.0,24.3,42.19,
2023-11-25 02:00:00,1173.0,24.3,42.58,1.0
2023-11-25 02:15:00,1220.0,24.3,42.58,
2023-11-25 02:30:00,1173.0,24.3,42.58,1.0
2023-11-25 02:45:00,1189.0,24.3,42.19,
2023-11-25 03:00:00,1140.5,24.3,42.58,1.0
2023-11-25 03:15:00,1113.0,24.3,42.58,
2023-11-25 03:30:00,1102.5,24.3,42.58,1.0
2023-11-25 03:45:00,1137.0,24.3,42.58,
2023-11-25 04:00:00,1086.0,24.3,42.58,1.0
2023-11-25 04:15:00,1077.0,24.3,42.58,
2023-11-25 04:30:00,1098.0,24.3,42.58,1.0
2023-11-25 04:45:00,1090.0,24.3,42.58,
2023-11-25 05:00:00,1033.0,24.3,42.58,1.0
2023-11-25 05:15:00,1087.5,24.3,42.58,
2023-11-25 05:30:00,1054.0,24.3,42.58,1.0
2023-11-25 05:45:00,1074.0,24.3,42.58,
2023-11-25 06:00:00,1008.0,24.4,42.19,1.0
2023-11-25 06:15:00,1008.0,24.4,42.19,
2023-11-25 06:30:00,992.0,24.4,42.58,1.0
2023-11-25 06:45:00,962.0,24.4,42.19,
2023-11-25 07:00:00,926.0,24.4,42.19,1.0
2023-11-25 07:15:00,947.5,24.35,42.19,
2023-11-25 07:30:00,883.0,24.3,42.19,1.0
2023-11-25 07:45:00,955.5,24.35,42.19,
2023-11-25 08:00:00,905.0,24.4,42.19,1.0
2023-11-25 08:15:00,880.5,24.4,42.19,
2023-11-25 08:30:00,870.0,24.3,42.19,1.0
2023-11-25 08:45:00,895.0,24.35,42.19,
2023-11-25 09:00:00,855.0,24.3,42.19,1.0
2023-11-25 09:15:00,890.5,24.3,42.19,
2023-11-25 09:30:00,836.0,24.3,42.19,1.0
2023-11-25 09:45:00,839.0,24.3,42.19,
2023-11-25 10:00:00,813.0,24.3,42.19,1.0
2023-11-25 10:15:00,859.0,24.3,42.19,
2023-11-25 10:30:00,833.0,24.3,42.19,1.0
2023-11-25 10:45:00,833.0,24.3,42.19,
2023-11-25 11:00:00,771.0,24.4,42.19,1.0
2023-11-25 11:15:00,797.5,24.35,42.19,
2023-11-25 11:30:00,754.0,24.4,42.19,1.0
2023-11-25 11:45:00,820.0,24.4,42.19,
2023-11-25 12:00:00,730.0,24.4,42.19,1.0
2023-11-25 12:15:00,799.5,24.4,42.19,
2023-11-25 12:30:00,658.0,24.4,41.8,1.0
2023-11-25 12:45:00,699.5,24.4,41.8,
2023-11-25 13:00:00,734.0,24.4,41.8,1.0
2023-11-25 13:15:00,744.5,24.4,41.8,
2023-11-25 13:30:00,684.0,24.4,41.8,1.0
2023-11-25 13:45:00,689.5,24.4,41.8,
2023-11-25 14:00:00,780.0,24.4,41.8,1.0
2023-11-25 14:15:00,711.5,24.4,41.8,
2023-11-25 14:30:00,740.0,24.4,41.8,1.0
2023-11-25 14:45:00,662.0,24.4,41.8,
2023-11-25 15:00:00,638.0,24.4,41.8,1.0
2023-11-25 15:15:00,618.5,24.4,41.605,
2023-11-25 15:30:00,652.0,24.4,41.41,1.0
2023-11-25 15:45:00,653.5,24.4,41.41,
2023-11-25 16:00:00,591.0,24.4,41.41,1.0
2023-11-25 16:15:00,642.0,24.4,41.41,
2023-11-25 16:30:00,666.0,24.4,41.41,1.0
2023-11-25 16:45:00,587.0,24.4,41.41,
2023-11-25 17:00:00,561.0,24.4,41.41,1.0
2023-11-25 17:15:00,603.5,24.4,41.41,
2023-11-25 17:30:00,596.0,24.4,41.41,1.0
2023-11-25 17:45:00,580.0,24.45,41.41,
2023-11-25 18:00:00,528.0,24.4,41.41,1.0
2023-11-25 18:15:00,561.0,24.4,41.02,
2023-11-25 18:30:00,558.0,24.4,41.02,1.0
2023-11-25 18:45:00,556.0,24.4,41.02,
2023-11-25 19:00:00,542.0,24.4,41.02,1.0
2023-11-25 19:15:00,554.0,24.4,41.02,
2023-11-25 19:30:00,547.0,24.4,41.02,1.0
2023-11-25 19:45:00,573.5,24.4,41.02,
2023-11-25 20:00:00,556.0,24.4,41.02,1.0
2023-11-25 20:15:00,558.0,24.4,41.02,
2023-11-25 20:30:00,556.0,24.4,41.02,1.0
2023-11-25 20:45:00,506.0,24.4,41.02,
2023-11-25 21:00:00,508.0,24.4,41.02,1.0
2023-11-25 21:15:00,513.0,24.4,41.02,
2023-11-25 21:30:00,521.0,24.4,41.02,1.0
2023-11-25 21:45:00,567.0,24.4,41.02,
2023-11-25 22:00:00,462.5,24.35,41.02,1.0
2023-11-25 22:15:00,448.0,24.4,41.02,
2023-11-25 22:30:00,467.0,24.35,41.02,1.0
2023-11-25 22:45:00,538.0,24.4,41.02,
2023-11-25 23:00:00,510.0,24.3,40.82,1.0
2023-11-25 23:15:00,443.0,24.3,41.02,
2023-11-25 23:30:00,480.0,24.3,40.62,1.0
2023-11-25 23:45:00,463.0,24.3,41.02,
2023-11-26 00:00:00,481.0,24.3,40.62,1.0
2023-11-26 00:15:00,452.0,24.3,40.62,
2023-11-26 00:30:00,469.0,24.3,40.62,1.0
2023-11-26 00:45:00,477.0,24.3,40.62,
2023-11-26 01:00:00,446.0,24.35,40.62,1.0
2023-11-26 01:15:00,433.0,24.3,40.62,
2023-11-26 01:30:00,402.5,24.3,40.62,1.0
2023-11-26 01:45:00,417.0,24.3,40.62,
2023-11-26 02:00:00,407.0,24.3,40.62,1.0
2023-11-26 02:15:00,415.0,24.3,40.62,
2023-11-26 02:30:00,400.0,24.3,40.62,1.0
2023-11-26 02:45:00,486.0,24.3,40.62,
2023-11-26 03:00:00,416.0,24.3,40.62,1.0
2023-11-26 03:15:00,403.0,24.3,40.62,
2023-11-26 03:30:00,436.5,24.3,40.62,1.0
2023-11-26 03:45:00,327.0,24.3,40.62,
2023-11-26 04:00:00,576.0,24.3,40.62,1.0
2023-11-26 04:15:00,598.0,24.3,40.62,
2023-11-26 04:30:00,589.5,24.3,40.425,1.0
2023-11-26 04:45:00,628.0,24.3,40.62,
2023-11-26 05:00:00,600.0,24.3,40.425,1.0
2023-11-26 05:15:00,650.0,24.3,40.62,
2023-11-26 05:30:00,577.5,24.3,40.23,1.0
2023-11-26 05:45:00,597.0,24.3,40.23,
2023-11-26 06:00:00,558.0,24.2,40.23,1.0
2023-11-26 06:15:00,587.0,24.3,40.23,
2023-11-26 06:30:00,581.5,24.3,40.23,1.0
2023-11-26 06:45:00,529.0,24.3,40.23,
2023-11-26 07:00:00,583.0,24.3,40.23,1.0
2023-11-26 07:15:00,589.0,24.3,40.23,
2023-11-26 07:30:00,566.5,24.35,40.23,1.0
2023-11-26 07:45:00,571.0,24.3,39.84,
2023-11-26 08:00:00,572.0,24.3,40.035,1.0
2023-11-26 08:15:00,589.0,24.3,39.84,
2023-11-26 08:30:00,539.5,24.35,39.84,1.0
2023-11-26 08:45:00,526.0,24.3,39.84,
2023-11-26 09:00:00,547.5,24.35,39.84,1.0
2023-11-26 09:15:00,571.0,24.3,39.84,
2023-11-26 09:30:00,530.5,24.3,39.84,1.0
2023-11-26 09:45:00,600.0,24.3,39.84,
2023-11-26 10:00:00,545.5,24.3,39.84,1.0
2023-11-26 10:15:00,472.0,24.3,39.84,
2023-11-26 10:30:00,498.0,24.3,39.84,1.0
2023-11-26 10:45:00,456.0,24.3,39.84,
2023-11-26 11:00:00,522.0,24.3,39.84,1.0
2023-11-26 11:15:00,584.0,24.3,39.84,
2023-11-26 11:30:00,528.0,24.3,39.84,1.0
2023-11-26 11:45:00,524.0,24.3,39.84,
2023-11-26 12:00:00,535.0,24.3,39.84,1.0
2023-11-26 12:15:00,555.0,24.3,39.84,
2023-11-26 12:30:00,458.0,24.3,39.84,1.0
2023-11-26 12:45:00,487.0,24.3,39.84,
2023-11-26 13:00:00,544.0,24.3,39.84,1.0
2023-11-26 13:15:00,518.0,24.3,39.45,
2023-11-26 13:30:00,568.0,24.3,39.645,1.0
2023-11-26 13:45:00,529.0,24.3,39.45,
2023-11-26 14:00:00,535.0,24.3,39.645,1.0
2023-11-26 14:15:00,534.0,24.3,39.45,
2023-11-26 14:30:00,496.0,24.3,39.45,1.0
2023-11-26 14:45:00,520.0,24.3,39.45,
2023-11-26 15:00:00,543.5,24.3,39.45,1.0
2023-11-26 15:15:00,443.0,24.3,39.45,
2023-11-26 15:30:00,473.0,24.3,39.45,1.0
2023-11-26 15:45:00,476.0,24.3,39.45,
2023-11-26 16:00:00,516.0,24.35,39.45,1.0
2023-11-26 16:15:00,470.0,24.3,39.45,
2023-11-26 16:30:00,538.0,24.35,39.45,1.0
2023-11-26 16:45:00,500.0,24.4,39.45,
2023-11-26 17:00:00,450.0,24.4,39.45,1.0
2023-11-26 17:15:00,507.0,24.4,39.45,
2023-11-26 17:30:00,535.5,24.4,39.45,1.0
2023-11-26 17:45:00,477.0,24.4,39.45,
2023-11-26 18:00:00,490.0,24.4,39.06,1.0
2023-11-26 18:15:00,525.0,24.4,39.06,
2023-11-26 18:30:00,511.0,24.4,39.06,1.0
2023-11-26 18:45:00,487.5,24.4,39.06,
2023-11-26 19:00:00,520.0,24.4,39.06,1.0
2023-11-26 19:15:00,502.0,24.4,39.06,
2023-11-26 19:30:00,513.0,24.4,39.06,1.0
2023-11-26 19:45:00,487.0,24.4,39.06,
2023-11-26 20:00:00,483.0,24.4,39.06,1.0
2023-11-26 20:15:00,511.5,24.4,39.06,
2023-11-26 20:30:00,502.0,24.4,39.06,1.0
2023-11-26 20:45:00,494.5,24.4,39.06,
2023-11-26 21:00:00,427.0,24.4,39.06,1.0
2023-11-26 21:15:00,516.5,24.4,39.06,
2023-11-26 21:30:00,502.0,24.4,39.06,1.0
2023-11-26 21:45:00,528.0,24.4,39.06,
2023-11-26 22:00:00,513.0,24.4,39.06,1.0
2023-11-26 22:15:00,495.5,24.4,39.06,
2023-11-26 22:30:00,507.0,24.4,39.06,1.0
2023-11-26 22:45:00,488.5,24.4,39.06,
2023-11-26 23:00:00,502.0,24.4,39.06,1.0
2023-11-26 23:15:00,462.0,24.4,39.06,
2023-11-26 23:30:00,475.0,24.4,39.06,1.0
2023-11-26 23:45:00,444.5,24.4,39.06,
2023-11-27 00:00:00,484.0,24.4,39.06,1.0
2023-11-27 00:15:00,443.5,24.4,39.06,
2023-11-27 00:30:00,498.0,24.4,39.06,1.0
2023-11-27 00:45:00,467.5,24.4,39.06,
2023-11-27 01:00:00,484.0,24.4,39.06,1.0
2023-11-27 01:15:00,437.5,24.4,39.06,
2023-11-27 01:30:00,477.0,24.4,39.06,1.0
2023-11-27 01:45:00,516.0,24.4,39.06,
2023-11-27 02:00:00,449.0,24.4,39.06,1.0
2023-11-27 02:15:00,472.5,24.35,39.06,
2023-11-27 02:30:00,433.0,24.3,39.06,1.0
2023-11-27 02:45:00,473.5,24.3,39.06,
2023-11-27 03:00:00,508.0,24.4,39.06,1.0
2023-11-27 03:15:00,490.0,24.3,38.865,
2023-11-27 03:30:00,422.0,24.3,39.06,1.0
2023-11-27 03:45:00,470.5,24.35,39.06,
2023-11-27 04:00:00,533.0,24.3,38.67,1.0
2023-11-27 04:15:00,491.0,24.3,39.06,
2023-11-27 04:30:00,476.0,24.3,39.06,1.0
2023-11-27 04:45:00,458.5,24.3,38.865,
2023-11-27 05:00:00,424.0,24.3,38.67,1.0
2023-11-27 05:15:00,447.5,24.3,38.67,
2023-11-27 05:30:00,536.0,24.3,39.06,1.0
2023-11-27 05:45:00,483.0,24.3,38.67,
2023-11-27 06:00:00,425.0,24.3,38.67,1.0
2023-11-27 06:15:00,466.5,24.3,38.67,
2023-11-27 06:30:00,447.0,24.3,38.67,1.0
2023-11-27 06:45:00,436.0,24.3,38.67,
2023-11-27 07:00:00,473.0,24.3,38.67,1.0
2023-11-27 07:15:00,474.0,24.3,38.67,
2023-11-27 07:30:00,550.0,24.3,38.67,1.0
2023-11-27 07:45:00,442.5,24.3,38.67,
2023-11-27 08:00:00,496.0,24.3,38.28,1.0
2023-11-27 08:15:00,654.0,24.25,37.305,
2023-11-27 08:30:00,847.0,24.2,35.55,1.0
2023-11-27 08:45:00,874.0,24.2,34.965,
2023-11-27 09:00:00,1037.0,24.3,34.77,1.0
2023-11-27 09:15:00,1166.0,24.35,35.355,
2023-11-27 09:30:00,1221.0,24.4,35.55,1.0
2023-11-27 09:45:00,1462.0,24.5,35.745,
2023-11-27 10:00:00,1594.0,24.5,35.55,1.0
2023-11-27 10:15:00,1626.0,24.6,35.55,
2023-11-27 10:30:00,1674.0,24.6,35.55,1.0
2023-11-27 10:45:00,1776.5,24.7,35.355,
2023-11-27 11:00:00,1848.0,24.7,35.55,1.0
2023-11-27 11:15:00,2018.0,24.8,35.745,
2023-11-27 11:30:00,1991.0,24.8,35.55,1.0
2023-11-27 11:45:00,2168.0,24.8,35.94,
2023-11-27 12:00:00,2288.0,24.9,36.135,1.0
2023-11-27 12:15:00,2288.0,24.9,35.94,
2023-11-27 12:30:00,2288.0,24.9,36.135,1.0
2023-11-27 12:45:00,2288.0,24.8,35.94,
2023-11-27 13:00:00,2271.0,24.8,35.55,1.0
2023-11-27 13:15:00,2288.0,24.8,35.94,
2023-11-27 13:30:00,2252.5,24.8,36.135,1.0
2023-11-27 13:45:00,2288.0,24.8,36.72,
2023-11-27 14:00:00,2288.0,24.8,36.135,1.0
2023-11-27 14:15:00,2288.0,24.8,35.94,
2023-11-27 14:30:00,2288.0,24.8,34.965,1.0
2023-11-27 14:45:00,2288.0,24.8,34.77,
2023-11-27 15:00:00,2288.0,24.95,35.355,1.0
2023-11-27 15:15:00,2288.0,25.0,35.55,
2023-11-27 15:30:00,2288.0,24.9,36.135,1.0
2023-11-27 15:45:00,2288.0,24.7,36.72,
2023-11-27 16:00:00,2288.0,24.5,37.305,1.0
2023-11-27 16:15:00,2288.0,24.4,37.5,
2023-11-27 16:30:00,2288.0,24.3,37.695,1.0
2023-11-27 16:45:00,2288.0,24.2,37.89,
2023-11-27 17:00:00,2288.0,24.1,37.695,1.0
2023-11-27 17:15:00,2288.0,24.1,37.89,
2023-11-27 17:30:00,2288.0,24.0,37.5,1.0
2023-11-27 17:45:00,2288.0,23.9,37.5,
2023-11-27 18:00:00,2288.0,23.85,37.89,1.0
2023-11-27 18:15:00,2288.0,23.8,37.89,
2023-11-27 18:30:00,2288.0,23.7,37.89,1.0
2023-11-27 18:45:00,2288.0,23.7,37.89,
2023-11-27 19:00:00,2288.0,23.6,38.28,1.0
2023-11-27 19:15:00,2288.0,23.6,38.28,
2023-11-27 19:30:00,2288.0,23.5,38.28,1.0
2023-11-27 19:45:00,2288.0,23.5,38.28,
2023-11-27 20:00:00,2280.0,23.5,38.67,1.0
2023-11-27 20:15:00,2268.5,23.4,38.67,
2023-11-27 20:30:00,2258.0,23.4,38.67,1.0
2023-11-27 20:45:00,2248.0,23.4,38.67,
2023-11-27 21:00:00,2157.0,23.4,38.67,1.0
2023-11-27 21:15:00,2132.0,23.4,39.06,
2023-11-27 21:30:00,2213.0,23.4,39.06,1.0
2023-11-27 21:45:00,2162.5,23.3,39.06,
2023-11-27 22:00:00,2118.0,23.3,39.06,1.0
2023-11-27 22:15:00,2024.5,23.3,39.06,
2023-11-27 22:30:00,1972.0,23.3,39.06,1.0
2023-11-27 22:45:00,1980.5,23.3,39.06,
2023-11-27 23:00:00,1959.0,23.3,39.06,1.0
2023-11-27 23:15:00,1907.0,23.2,39.06,
2023-11-27 23:30:00,1831.0,23.2,39.06,1.0
2023-11-27 23:45:00,1888.5,23.2,39.06,
2023-11-28 00:00:00,1777.0,23.2,39.06,1.0
2023-11-28 00:15:00,1820.0,23.2,39.06,
2023-11-28 00:30:00,1729.0,23.1,39.06,1.0
2023-11-28 00:45:00,1700.0,23.15,39.06,
2023-11-28 01:00:00,1778.0,23.1,39.45,1.0
2023-11-28 01:15:00,1654.0,23.1,39.06,
2023-11-28 01:30:00,1679.0,23.1,39.45,1.0
2023-11-28 01:45:00,1665.0,23.1,39.06,
2023-11-28 02:00:00,1624.0,23.1,39.45,1.0
2023-11-28 02:15:00,1590.5,23.1,39.06,
2023-11-28 02:30:00,1637.0,23.1,39.06,1.0
2023-11-28 02:45:00,1602.5,23.1,39.06,
2023-11-28 03:00:00,1562.0,23.1,39.06,1.0
2023-11-28 03:15:00,1468.0,23.05,39.06,
2023-11-28 03:30:00,1410.0,23.0,39.06,1.0
2023-11-28 03:45:00,1485.0,23.0,39.06,
2023-11-28 04:00:00,1426.0,23.0,39.06,1.0
2023-11-28 04:15:00,1473.0,23.0,39.06,
2023-11-28 04:30:00,1438.0,23.0,39.255,1.0
2023-11-28 04:45:00,1359.0,23.0,39.06,
2023-11-28 05:00:00,1374.5,23.0,39.255,1.0
2023-11-28 05:15:00,1277.0,23.0,39.45,
2023-11-28 05:30:00,1328.5,23.0,39.45,1.0
2023-11-28 05:45:00,1334.0,23.0,39.06,
2023-11-28 06:00:00,1279.0,22.95,39.255,1.0
2023-11-28 06:15:00,1323.0,23.0,39.06,
2023-11-28 06:30:00,1295.0,22.95,39.06,1.0
2023-11-28 06:45:00,1191.0,23.0,39.06,
2023-11-28 07:00:00,1212.5,22.95,39.06,1.0
2023-11-28 07:15:00,1198.0,23.0,39.45,
2023-11-28 07:30:00,1225.0,22.95,40.035,1.0
2023-11-28 07:45:00,1170.0,22.9,39.06,
2023-11-28 08:00:00,1088.5,22.95,37.305,1.0
2023-11-28 08:15:00,1307.0,23.0,36.72,
2023-11-28 08:30:00,1406.0,23.1,36.915,1.0
2023-11-28 08:45:00,1459.0,23.1,37.11,
2023-11-28 09:00:00,1659.0,23.15,37.695,1.0
2023-11-28 09:15:00,1639.0,23.2,36.72,
2023-11-28 09:30:00,1836.0,23.2,36.72,1.0
2023-11-28 09:45:00,1798.0,23.2,37.11,
2023-11-28 10:00:00,1802.0,23.25,37.11,1.0
2023-11-28 10:15:00,1900.0,23.3,36.33,
2023-11-28 10:30:00,2015.0,23.3,35.94,1.0
2023-11-28 10:45:00,2098.0,23.3,36.33,
2023-11-28 11:00:00,2203.5,23.3,36.72,1.0
2023-11-28 11:15:00,2160.0,23.3,36.72,
2023-11-28 11:30:00,2170.0,23.25,36.72,1.0
2023-11-28 11:45:00,2154.0,23.2,36.72,
2023-11-28 12:00:00,2288.0,23.2,36.72,1.0
2023-11-28 12:15:00,2288.0,23.2,36.72,
2023-11-28 12:30:00,2288.0,23.3,37.11,1.0
2023-11-28 12:45:00,2288.0,23.3,38.28,
2023-11-28 13:00:00,2288.0,23.3,37.89,1.0
2023-11-28 13:15:00,2288.0,23.3,37.89,
2023-11-28 13:30:00,2288.0,23.3,37.89,1.0
2023-11-28 13:45:00,2288.0,23.3,37.5,
2023-11-28 14:00:00,2288.0,23.3,37.5,1.0
2023-11-28 14:15:00,2288.0,23.2,37.305,
2023-11-28 14:30:00,2288.0,23.2,37.5,1.0
2023-11-28 14:45:00,2288.0,23.1,37.695,
2023-11-28 15:00:00,2288.0,23.1,37.89,1.0
2023-11-28 15:15:00,2288.0,23.0,37.89,
2023-11-28 15:30:00,2288.0,23.0,37.89,1.0
2023-11-28 15:45:00,2288.0,23.05,41.015,
2023-11-28 16:00:00,2288.0,23.1,41.8,1.0
2023-11-28 16:15:00,2288.0,23.2,42.19,
2023-11-28 16:30:00,2288.0,23.2,42.97,1.0
2023-11-28 16:45:00,2288.0,23.15,42.775,
2023-11-28 17:00:00,2288.0,23.1,42.58,1.0
2023-11-28 17:15:00,2288.0,23.05,42.58,
2023-11-28 17:30:00,2288.0,23.0,42.19,1.0
2023-11-28 17:45:00,2288.0,22.95,42.19,
2023-11-28 18:00:00,2288.0,22.9,42.19,1.0
2023-11-28 18:15:00,2288.0,22.9,41.8,
2023-11-28 18:30:00,2288.0,22.9,41.8,1.0
2023-11-28 18:45:00,2288.0,22.9,41.605,
2023-11-28 19:00:00,2288.0,22.9,41.41,1.0
2023-11-28 19:15:00,2288.0,22.9,41.41,
2023-11-28 19:30:00,2288.0,22.9,41.41,1.0
2023-11-28 19:45:00,2288.0,22.9,41.41,
2023-11-28 20:00:00,2288.0,22.9,41.02,1.0
2023-11-28 20:15:00,2288.0,22.9,41.02,
2023-11-28 20:30:00,2288.0,22.9,41.02,1.0
2023-11-28 20:45:00,2288.0,22.9,41.02,
2023-11-28 21:00:00,2288.0,22.9,41.02,1.0
2023-11-28 21:15:00,2288.0,22.9,41.02,
2023-11-28 21:30:00,2288.0,22.9,40.82,1.0
2023-11-28 21:45:00,2288.0,22.9,41.02,
2023-11-28 22:00:00,2288.0,22.9,40.62,1.0
2023-11-28 22:15:00,2288.0,22.9,40.62,
2023-11-28 22:30:00,2288.0,22.9,40.62,1.0
2023-11-28 22:45:00,2288.0,22.9,40.62,
2023-11-28 23:00:00,2288.0,22.9,40.62,1.0
2023-11-28 23:15:00,2218.0,22.9,40.62,
2023-11-28 23:30:00,2288.0,22.9,40.62,1.0
2023-11-28 23:45:00,2173.0,22.9,40.62,
2023-11-29 00:00:00,2267.0,22.9,40.62,1.0
2023-11-29 00:15:00,2203.0,22.9,40.62,
2023-11-29 00:30:00,2119.0,22.9,40.425,1.0
2023-11-29 00:45:00,2100.0,22.9,40.23,
2023-11-29 01:00:00,2044.5,22.9,40.23,1.0
2023-11-29 01:15:00,2079.0,22.9,40.23,
2023-11-29 01:30:00,2050.5,22.85,40.23,1.0
2023-11-29 01:45:00,1984.0,22.9,40.23,
2023-11-29 02:00:00,2002.0,22.9,40.23,1.0
2023-11-29 02:15:00,1900.0,22.9,40.23,
2023-11-29 02:30:00,1951.0,22.9,40.23,1.0
2023-11-29 02:45:00,1958.0,22.9,40.23,
2023-11-29 03:00:00,1825.5,22.85,40.23,1.0
2023-11-29 03:15:00,1871.0,22.8,40.23,
2023-11-29 03:30:00,1774.5,22.85,40.23,1.0
2023-11-29 03:45:00,1819.0,22.8,40.23,
2023-11-29 04:00:00,1702.5,22.8,40.23,1.0
2023-11-29 04:15:00,1697.0,22.8,40.23,
2023-11-29 04:30:00,1686.0,22.8,40.23,1.0
2023-11-29 04:45:00,1647.0,22.8,40.23,
2023-11-29 05:00:00,1625.0,22.8,40.23,1.0
2023-11-29 05:15:00,1622.0,22.8,40.23,
2023-11-29 05:30:00,1647.0,22.8,40.23,1.0
2023-11-29 05:45:00,1589.5,22.8,40.035,
2023-11-29 06:00:00,1581.0,22.8,39.84,1.0
2023-11-29 06:15:00,1527.5,22.8,39.84,
2023-11-29 06:30:00,1523.0,22.8,39.84,1.0
2023-11-29 06:45:00,1499.0,22.8,39.84,
2023-11-29 07:00:00,1483.0,22.8,39.84,1.0
2023-11-29 07:15:00,1412.5,22.8,39.84,
2023-11-29 07:30:00,1390.0,22.8,39.84,1.0
2023-11-29 07:45:00,1440.5,22.8,39.45,0.5
2023-11-29 08:00:00,1311.0,22.9,37.89,1.0
2023-11-29 08:15:00,1412.5,22.85,36.33,
2023-11-29 08:30:00,1450.0,22.9,37.11,1.0
2023-11-29 08:45:00,1524.5,23.05,36.72,
2023-11-29 09:00:00,1736.0,23.2,37.11,1.0
2023-11-29 09:15:00,2094.5,23.3,38.28,
2023-11-29 09:30:00,2288.0,23.4,39.45,1.0
2023-11-29 09:45:00,2288.0,23.4,40.625,
2023-11-29 10:00:00,2288.0,23.4,42.19,1.0
2023-11-29 10:15:00,2288.0,23.35,42.385,
2023-11-29 10:30:00,2288.0,23.3,43.36,1.0
2023-11-29 10:45:00,2288.0,23.3,43.165,
2023-11-29 11:00:00,2288.0,23.3,41.02,1.0
2023-11-29 11:15:00,2288.0,23.3,40.625,
2023-11-29 11:30:00,2288.0,23.3,39.84,1.0
2023-11-29 11:45:00,2288.0,23.3,39.645,
2023-11-29 12:00:00,2288.0,23.3,39.84,1.0
2023-11-29 12:15:00,2288.0,23.3,40.82,
2023-11-29 12:30:00,2288.0,23.3,41.02,1.0
2023-11-29 12:45:00,2288.0,23.3,40.82,
2023-11-29 13:00:00,2288.0,23.3,39.84,1.0
2023-11-29 13:15:00,2288.0,23.2,39.06,
2023-11-29 13:30:00,2288.0,23.2,39.645,1.0
2023-11-29 13:45:00,2288.0,23.3,40.23,
2023-11-29 14:00:00,2288.0,23.3,40.82,1.0
2023-11-29 14:15:00,2288.0,23.3,41.41,
2023-11-29 14:30:00,2288.0,23.25,41.995,1.0
2023-11-29 14:45:00,2288.0,23.3,42.19,
2023-11-29 15:00:00,2288.0,23.25,42.775,1.0
2023-11-29 15:15:00,2288.0,23.2,42.58,
2023-11-29 15:30:00,2288.0,23.2,43.165,1.0
2023-11-29 15:45:00,2288.0,23.2,43.36,
2023-11-29 16:00:00,2288.0,23.2,43.555,1.0
2023-11-29 16:15:00,2288.0,23.2,43.75,
2023-11-29 16:30:00,2288.0,23.2,44.14,1.0
2023-11-29 16:45:00,2288.0,23.2,44.53,
2023-11-29 17:00:00,2288.0,23.25,44.53,1.0
2023-11-29 17:15:00,2288.0,23.2,42.97,
2023-11-29 17:30:00,2288.0,23.15,43.75,1.0
2023-11-29 17:45:00,2288.0,23.1,43.75,
2023-11-29 18:00:00,2288.0,23.0,43.75,1.0
2023-11-29 18:15:00,2288.0,23.0,43.75,
2023-11-29 18:30:00,2288.0,23.0,43.75,1.0
2023-11-29 18:45:00,2288.0,23.0,43.36,
2023-11-29 19:00:00,2288.0,23.0,43.36,1.0
2023-11-29 19:15:00,2288.0,23.0,43.36,
2023-11-29 19:30:00,2288.0,23.0,43.165,1.0
2023-11-29 19:45:00,2288.0,23.0,42.97,
2023-11-29 20:00:00,2288.0,22.95,42.97,1.0
2023-11-29 20:15:00,2288.0,22.9,42.97,
2023-11-29 20:30:00,2288.0,22.9,42.775,1.0
2023-11-29 20:45:00,2288.0,22.9,42.58,
2023-11-29 21:00:00,2288.0,22.9,42.58,1.0
2023-11-29 21:15:00,2288.0,22.9,42.58,
2023-11-29 21:30:00,2288.0,22.9,42.58,1.0
2023-11-29 21:45:00,2288.0,22.9,42.19,
2023-11-29 22:00:00,2288.0,22.9,42.19,1.0
2023-11-29 22:15:00,2288.0,22.9,42.19,
2023-11-29 22:30:00,2288.0,22.9,42.19,1.0
2023-11-29 22:45:00,2288.0,22.9,42.19,
2023-11-29 23:00:00,2288.0,22.9,42.19,1.0
2023-11-29 23:15:00,2288.0,22.9,41.995,
2023-11-29 23:30:00,2288.0,22.9,41.8,1.0
2023-11-29 23:45:00,2288.0,22.9,41.8,
2023-11-30 00:00:00,2288.0,22.9,41.8,1.0
2023-11-30 00:15:00,2288.0,22.9,41.8,
2023-11-30 00:30:00,2288.0,22.9,41.8,1.0
2023-11-30 00:45:00,2288.0,22.9,41.8,
2023-11-30 01:00:00,2288.0,22.9,41.8,1.0
2023-11-30 01:15:00,2288.0,22.9,41.8,
2023-11-30 01:30:00,2288.0,22.9,41.8,1.0
2023-11-30 01:45:00,2231.0,22.9,41.41,
2023-11-30 02:00:00,2285.0,22.9,41.41,1.0
2023-11-30 02:15:00,2276.0,22.9,41.41,
2023-11-30 02:30:00,2182.0,22.9,41.41,1.0
2023-11-30 02:45:00,2204.5,22.9,41.41,
2023-11-30 03:00:00,2098.0,22.9,41.41,1.0
2023-11-30 03:15:00,2090.5,22.9,41.41,
2023-11-30 03:30:00,2027.0,22.9,41.41,1.0
2023-11-30 03:45:00,2004.5,22.9,41.41,
2023-11-30 04:00:00,1898.0,22.9,41.41,1.0
2023-11-30 04:15:00,1957.5,22.9,41.41,
2023-11-30 04:30:00,1933.0,22.9,41.41,1.0
2023-11-30 04:45:00,1908.0,22.9,41.41,
2023-11-30 05:00:00,1789.0,22.9,41.41,1.0
2023-11-30 05:15:00,1855.0,22.9,41.41,
2023-11-30 05:30:00,1804.5,22.9,41.41,1.0
2023-11-30 05:45:00,1806.0,22.9,41.41,
2023-11-30 06:00:00,1741.5,22.9,41.41,1.0
2023-11-30 06:15:00,1846.0,22.9,41.41,
2023-11-30 06:30:00,1745.5,22.9,41.41,1.0
2023-11-30 06:45:00,1669.0,22.9,41.41,
2023-11-30 07:00:00,1665.0,22.9,41.41,1.0
2023-11-30 07:15:00,1644.0,22.9,41.02,
2023-11-30 07:30:00,1618.0,22.9,41.41,1.0
2023-11-30 07:45:00,1658.0,22.9,41.41,
2023-11-30 08:00:00,1623.0,22.9,41.215,1.0
2023-11-30 08:15:00,1630.0,22.9,42.19,
2023-11-30 08:30:00,1495.0,22.9,41.8,1.0
2023-11-30 08:45:00,1280.0,23.0,41.02,
2023-11-30 09:00:00,1407.5,23.05,40.82,1.0
2023-11-30 09:15:00,1386.0,23.1,39.84,
2023-11-30 09:30:00,1477.5,23.1,39.255,1.0
2023-11-30 09:45:00,1492.0,23.2,39.06,
2023-11-30 10:00:00,1504.5,23.2,38.865,1.0
2023-11-30 10:15:00,1498.0,23.2,37.89,
2023-11-30 10:30:00,1673.5,23.2,38.28,1.0
2023-11-30 10:45:00,1817.0,23.2,39.06,
2023-11-30 11:00:00,1872.5,23.2,39.06,1.0
2023-11-30 11:15:00,1971.0,23.2,39.06,
2023-11-30 11:30:00,2103.0,23.2,40.035,1.0
2023-11-30 11:45:00,2288.0,23.2,40.62,
2023-11-30 12:00:00,2288.0,23.2,41.215,1.0
2023-11-30 12:15:00,2288.0,23.2,41.41,
2023-11-30 12:30:00,2288.0,23.25,40.23,1.0
2023-11-30 12:45:00,2288.0,23.5,40.23,
2023-11-30 13:00:00,2288.0,23.700000000000003,39.45,1.0
2023-11-30 13:15:00,2288.0,23.9,39.06,
2023-11-30 13:30:00,2288.0,24.0,39.06,1.0
2023-11-30 13:45:00,2288.0,24.1,38.67,
2023-11-30 14:00:00,2288.0,24.1,38.67,1.0
2023-11-30 14:15:00,2288.0,24.2,38.475,
2023-11-30 14:30:00,2288.0,24.3,38.28,1.0
2023-11-30 14:45:00,2288.0,24.3,39.06,
2023-11-30 15:00:00,2288.0,24.3,39.45,0.6666666666666666
2023-11-30 15:15:00,2288.0,24.299999999999997,38.28,1.0
2023-11-30 15:30:00,2258.0,24.1,36.33,1.0
2023-11-30 15:45:00,2288.0,23.9,37.11,
2023-11-30 16:00:00,2288.0,23.8,37.89,1.0
2023-11-30 16:15:00,2288.0,23.7,38.865,
2023-11-30 16:30:00,2288.0,23.6,39.84,1.0
2023-11-30 16:45:00,2288.0,23.55,40.230000000000004,
2023-11-30 17:00:00,2288.0,23.5,41.02,1.0
2023-11-30 17:15:00,2288.0,23.5,41.605,
2023-11-30 17:30:00,2288.0,23.5,41.41,1.0
2023-11-30 17:45:00,2288.0,23.45,41.8,
2023-11-30 18:00:00,2288.0,23.3,41.41,1.0
2023-11-30 18:15:00,2288.0,23.25,41.41,
2023-11-30 18:30:00,2288.0,23.1,41.41,1.0
2023-11-30 18:45:00,2288.0,23.05,41.41,
2023-11-30 19:00:00,2288.0,23.0,41.41,1.0
2023-11-30 19:15:00,2288.0,22.95,41.41,
2023-11-30 19:30:00,2288.0,22.9,41.41,1.0
2023-11-30 19:45:00,2288.0,22.85,41.41,
2023-11-30 20:00:00,2288.0,22.8,41.41,1.0
2023-11-30 20:15:00,2288.0,22.8,41.41,
2023-11-30 20:30:00,2288.0,22.7,41.41,1.0
2023-11-30 20:45:00,2288.0,22.7,41.41,
2023-11-30 21:00:00,2288.0,22.7,41.41,1.0
2023-11-30 21:15:00,2288.0,22.65,41.41,
2023-11-30 21:30:00,2288.0,22.6,41.41,1.0
2023-11-30 21:45:00,2288.0,22.6,41.41,
2023-11-30 22:00:00,2288.0,22.6,41.41,1.0
2023-11-30 22:15:00,2288.0,22.6,41.41,
2023-11-30 22:30:00,2288.0,22.5,41.41,1.0
2023-11-30 22:45:00,2288.0,22.5,41.41,
2023-11-30 23:00:00,2288.0,22.5,41.41,1.0
2023-11-30 23:15:00,2288.0,22.4,41.41,
2023-11-30 23:30:00,2288.0,22.4,41.41,1.0
2023-11-30 23:45:00,2288.0,22.4,41.41,
2023-12-01 00:00:00,2288.0,22.4,41.41,1.0
2023-12-01 00:15:00,2288.0,22.3,41.41,
2023-12-01 00:30:00,2288.0,22.3,41.41,1.0
2023-12-01 00:45:00,2288.0,22.3,41.41,
2023-12-01 01:00:00,2288.0,22.3,41.41,1.0
2023-12-01 01:15:00,2288.0,22.3,41.41,
2023-12-01 01:30:00,2275.0,22.3,41.41,1.0
2023-12-01 01:45:00,2182.0,22.2,41.41,
2023-12-01 02:00:00,2176.0,22.2,41.41,1.0
2023-12-01 02:15:00,2092.0,22.2,41.41,
2023-12-01 02:30:00,2183.5,22.2,41.41,1.0
2023-12-01 02:45:00,2127.0,22.2,41.41,
2023-12-01 03:00:00,2146.5,22.1,41.41,1.0
2023-12-01 03:15:00,2148.0,22.1,41.41,
2023-12-01 03:30:00,2068.0,22.1,41.41,1.0
2023-12-01 03:45:00,2060.0,22.1,41.41,
2023-12-01 04:00:00,2150.0,22.1,41.41,1.0
2023-12-01 04:15:00,2033.0,22.1,41.41,
2023-12-01 04:30:00,1995.0,22.1,41.41,1.0
2023-12-01 04:45:00,2041.0,22.0,41.41,
2023-12-01 05:00:00,1941.0,22.0,41.41,1.0
2023-12-01 05:15:00,1944.0,22.0,41.41,
2023-12-01 05:30:00,1883.0,22.0,41.41,1.0
2023-12-01 05:45:00,1935.0,22.0,41.41,
2023-12-01 06:00:00,1866.0,22.0,41.41,1.0
2023-12-01 06:15:00,1880.5,22.0,41.41,
2023-12-01 06:30:00,1830.0,21.9,41.41,1.0
2023-12-01 06:45:00,1833.0,21.95,41.41,
2023-12-01 07:00:00,1728.0,21.9,41.41,1.0
2023-12-01 07:15:00,1746.0,21.9,41.41,
2023-12-01 07:30:00,1686.0,21.9,41.41,1.0
2023-12-01 07:45:00,1638.5,21.9,41.41,
2023-12-01 08:00:00,1693.0,21.9,41.41,1.0
2023-12-01 08:15:00,1646.0,21.9,41.41,
2023-12-01 08:30:00,1398.0,21.9,41.02,1.0
2023-12-01 08:45:00,1258.0,21.95,39.45,
2023-12-01 09:00:00,1496.0,22.0,39.45,1.0
2023-12-01 09:15:00,1595.0,22.15,39.06,
2023-12-01 09:30:00,1874.0,22.2,40.23,1.0
2023-12-01 09:45:00,2022.5,22.3,39.84,
2023-12-01 10:00:00,2039.0,22.3,39.45,1.0
2023-12-01 10:15:00,2200.0,22.4,39.06,
2023-12-01 10:30:00,2288.0,22.4,39.45,1.0
2023-12-01 10:45:00,2288.0,22.4,39.84,
2023-12-01 11:00:00,2288.0,22.4,41.02,1.0
2023-12-01 11:15:00,2288.0,22.45,41.8,
2023-12-01 11:30:00,2288.0,22.4,41.8,1.0
2023-12-01 11:45:00,2288.0,22.35,41.995,
2023-12-01 12:00:00,2288.0,22.3,41.8,1.0
2023-12-01 12:15:00,2288.0,22.4,41.605,
2023-12-01 12:30:00,2288.0,22.7,41.8,1.0
2023-12-01 12:45:00,2288.0,22.9,41.41,
2023-12-01 13:00:00,2288.0,23.1,41.02,1.0
2023-12-01 13:15:00,2288.0,23.1,39.645,
2023-12-01 13:30:00,2288.0,23.1,39.84,1.0
2023-12-01 13:45:00,2288.0,23.05,40.425,
2023-12-01 14:00:00,2288.0,23.0,40.23,1.0
2023-12-01 14:15:00,2288.0,22.9,40.62,
2023-12-01 14:30:00,2288.0,23.0,40.62,1.0
2023-12-01 14:45:00,2288.0,22.9,40.23,
2023-12-01 15:00:00,2288.0,22.9,40.035,1.0
2023-12-01 15:15:00,2288.0,22.9,40.62,
2023-12-01 15:30:00,2288.0,22.9,40.23,1.0
2023-12-01 15:45:00,2288.0,22.9,40.23,
2023-12-01 16:00:00,2288.0,22.8,40.23,1.0
2023-12-01 16:15:00,2288.0,22.8,40.23,
2023-12-01 16:30:00,2288.0,22.75,40.23,1.0
2023-12-01 16:45:00,2288.0,22.7,40.23,
2023-12-01 17:00:00,2288.0,22.7,40.23,1.0
2023-12-01 17:15:00,2288.0,22.7,40.23,
2023-12-01 17:30:00,2288.0,22.7,40.23,1.0
2023-12-01 17:45:00,2288.0,22.7,40.23,
2023-12-01 18:00:00,2288.0,22.7,40.23,1.0
2023-12-01 18:15:00,2288.0,22.7,40.23,
2023-12-01 18:30:00,2288.0,22.7,40.23,1.0
2023-12-01 18:45:00,2288.0,22.7,40.23,
2023-12-01 19:00:00,2288.0,22.7,40.23,1.0
2023-12-01 19:15:00,2288.0,22.7,40.23,
2023-12-01 19:30:00,2288.0,22.7,40.23,1.0
2023-12-01 19:45:00,2288.0,22.7,40.62,
2023-12-01 20:00:00,2288.0,22.7,40.425,1.0
2023-12-01 20:15:00,2288.0,22.7,40.62,
2023-12-01 20:30:00,2288.0,22.75,40.425,1.0
2023-12-01 20:45:00,2288.0,22.7,40.23,
2023-12-01 21:00:00,2282.0,22.75,40.23,1.0
2023-12-01 21:15:00,2194.0,22.7,40.23,
2023-12-01 21:30:00,2207.5,22.75,40.23,1.0
2023-12-01 21:45:00,2206.0,22.7,40.62,
2023-12-01 22:00:00,2192.5,22.75,40.425,1.0
2023-12-01 22:15:00,2231.0,22.7,40.62,
2023-12-01 22:30:00,2140.0,22.7,40.62,1.0
2023-12-01 22:45:00,2099.5,22.7,40.62,
2023-12-01 23:00:00,2095.0,22.7,40.62,1.0
2023-12-01 23:15:00,2077.0,22.8,40.62,
2023-12-01 23:30:00,2122.0,22.7,40.62,1.0
2023-12-01 23:45:00,2006.0,22.8,40.62,
2023-12-02 00:00:00,2038.0,22.8,40.23,1.0
2023-12-02 00:15:00,1998.5,22.8,40.62,
2023-12-02 00:30:00,1997.0,22.8,40.62,1.0
2023-12-02 00:45:00,1909.5,22.8,40.23,
2023-12-02 01:00:00,1800.0,22.7,40.62,1.0
2023-12-02 01:15:00,1836.5,22.75,40.62,
2023-12-02 01:30:00,1846.0,22.8,40.23,1.0
2023-12-02 01:45:00,1830.5,22.8,40.23,
2023-12-02 02:00:00,1806.0,22.7,40.62,1.0
2023-12-02 02:15:00,1725.5,22.8,40.62,
2023-12-02 02:30:00,1781.0,22.8,40.62,1.0
2023-12-02 02:45:00,1759.5,22.7,40.23,
2023-12-02 03:00:00,1744.0,22.7,40.23,1.0
2023-12-02 03:15:00,1712.0,22.8,40.23,
2023-12-02 03:30:00,1646.0,22.8,40.23,1.0
2023-12-02 03:45:00,1657.5,22.75,40.23,
2023-12-02 04:00:00,1555.0,22.8,40.62,1.0
2023-12-02 04:15:00,1627.0,22.8,40.23,
2023-12-02 04:30:00,1586.0,22.8,40.23,1.0
2023-12-02 04:45:00,1556.5,22.8,40.23,
2023-12-02 05:00:00,1632.0,22.8,40.62,1.0
2023-12-02 05:15:00,1494.0,22.8,40.23,
2023-12-02 05:30:00,1509.0,22.7,40.23,1.0
2023-12-02 05:45:00,1473.0,22.75,40.425,
2023-12-02 06:00:00,1428.0,22.7,40.23,1.0
2023-12-02 06:15:00,1460.0,22.7,40.23,
2023-12-02 06:30:00,1520.0,22.8,40.23,1.0
2023-12-02 06:45:00,1412.0,22.8,40.23,
2023-12-02 07:00:00,1436.0,22.8,40.23,1.0
2023-12-02 07:15:00,1377.0,22.8,40.23,
2023-12-02 07:30:00,1403.0,22.8,40.23,1.0
2023-12-02 07:45:00,1388.0,22.8,40.23,
2023-12-02 08:00:00,1377.5,22.8,40.23,1.0
2023-12-02 08:15:00,1383.0,22.8,40.23,
2023-12-02 08:30:00,1351.5,22.8,40.23,1.0
2023-12-02 08:45:00,1315.0,22.8,40.23,
2023-12-02 09:00:00,1375.5,22.8,40.23,1.0
2023-12-02 09:15:00,1400.0,22.8,40.23,
2023-12-02 09:30:00,1281.5,22.8,40.23,1.0
2023-12-02 09:45:00,1286.0,22.8,40.23,
2023-12-02 10:00:00,1260.5,22.8,39.84,1.0
2023-12-02 10:15:00,1252.0,22.8,39.84,
2023-12-02 10:30:00,1242.5,22.8,39.84,1.0
2023-12-02 10:45:00,1219.0,22.8,39.84,
2023-12-02 11:00:00,1241.0,22.8,39.84,1.0
2023-12-02 11:15:00,1203.0,22.8,39.84,
2023-12-02 11:30:00,1213.5,22.8,39.84,1.0
2023-12-02 11:45:00,1142.0,22.8,39.84,
2023-12-02 12:00:00,1166.0,22.8,39.84,1.0
2023-12-02 12:15:00,1142.0,22.8,39.84,
2023-12-02 12:30:00,1171.0,22.8,39.84,1.0
2023-12-02 12:45:00,1142.0,22.8,39.84,
2023-12-02 13:00:00,1125.5,22.8,39.84,1.0
2023-12-02 13:15:00,1084.0,22.8,39.84,
2023-12-02 13:30:00,1149.5,22.8,39.84,1.0
2023-12-02 13:45:00,1109.0,22.8,39.84,
2023-12-02 14:00:00,1114.0,22.8,39.84,1.0
2023-12-02 14:15:00,1114.0,22.8,39.84,
2023-12-02 14:30:00,1043.5,22.8,39.84,1.0
2023-12-02 14:45:00,1144.0,22.8,39.84,
2023-12-02 15:00:00,1085.0,22.8,39.84,1.0
2023-12-02 15:15:00,1039.0,22.8,39.84,
2023-12-02 15:30:00,1028.0,22.8,39.84,1.0
2023-12-02 15:45:00,1044.0,22.8,39.84,
2023-12-02 16:00:00,1064.0,22.8,39.84,1.0
2023-12-02 16:15:00,1015.0,22.8,39.84,
2023-12-02 16:30:00,1004.0,22.8,39.84,1.0
2023-12-02 16:45:00,1004.0,22.8,39.84,
2023-12-02 17:00:00,974.0,22.8,39.84,1.0
2023-12-02 17:15:00,968.5,22.8,39.84,
2023-12-02 17:30:00,945.0,22.8,39.84,1.0
2023-12-02 17:45:00,964.5,22.8,39.84,
2023-12-02 18:00:00,952.0,22.8,39.84,1.0
2023-12-02 18:15:00,960.0,22.8,39.84,
2023-12-02 18:30:00,947.0,22.8,39.84,1.0
2023-12-02 18:45:00,894.5,22.8,39.84,
2023-12-02 19:00:00,947.0,22.8,39.84,1.0
2023-12-02 19:15:00,902.0,22.8,39.645,
2023-12-02 19:30:00,931.0,22.8,39.84,1.0
2023-12-02 19:45:00,917.5,22.8,39.645,
2023-12-02 20:00:00,882.0,22.8,39.45,1.0
2023-12-02 20:15:00,876.0,22.8,39.84,
2023-12-02 20:30:00,892.0,22.8,39.84,1.0
2023-12-02 20:45:00,889.0,22.8,39.84,
2023-12-02 21:00:00,896.0,22.8,39.84,1.0
2023-12-02 21:15:00,864.0,22.8,39.84,
2023-12-02 21:30:00,846.0,22.8,39.84,1.0
2023-12-02 21:45:00,862.5,22.8,39.84,
2023-12-02 22:00:00,814.0,22.8,39.84,1.0
2023-12-02 22:15:00,837.5,22.8,39.84,
2023-12-02 22:30:00,846.0,22.8,39.84,1.0
2023-12-02 22:45:00,817.5,22.8,39.84,
2023-12-02 23:00:00,879.0,22.8,39.84,1.0
2023-12-02 23:15:00,837.0,22.8,39.84,
2023-12-02 23:30:00,838.0,22.8,39.84,1.0
2023-12-02 23:45:00,836.5,22.8,39.84,
2023-12-03 00:00:00,774.0,22.8,39.84,1.0
2023-12-03 00:15:00,777.5,22.8,39.645,
2023-12-03 00:30:00,812.0,22.8,39.84,1.0
2023-12-03 00:45:00,787.0,22.8,39.84,
2023-12-03 01:00:00,783.0,22.8,39.45,1.0
2023-12-03 01:15:00,780.5,22.8,39.645,
2023-12-03 01:30:00,760.0,22.8,39.45,1.0
2023-12-03 01:45:00,828.0,22.8,39.45,
2023-12-03 02:00:00,771.0,22.8,39.45,1.0
2023-12-03 02:15:00,766.0,22.8,39.645,
2023-12-03 02:30:00,753.0,22.8,39.45,1.0
2023-12-03 02:45:00,739.0,22.8,39.45,
2023-12-03 03:00:00,773.0,22.8,39.84,1.0
2023-12-03 03:15:00,765.0,22.8,39.45,
2023-12-03 03:30:00,753.5,22.8,39.45,1.0
2023-12-03 03:45:00,739.0,22.8,39.45,
2023-12-03 04:00:00,711.0,22.8,39.645,1.0
2023-12-03 04:15:00,748.0,22.8,39.84,
2023-12-03 04:30:00,667.0,22.8,39.645,1.0
2023-12-03 04:45:00,734.0,22.8,39.84,
2023-12-03 05:00:00,722.5,22.8,39.84,1.0
2023-12-03 05:15:00,711.0,22.8,39.45,
2023-12-03 05:30:00,661.5,22.8,39.45,1.0
2023-12-03 05:45:00,678.0,22.8,39.45,
2023-12-03 06:00:00,709.5,22.8,39.84,1.0
2023-12-03 06:15:00,759.0,22.8,39.45,
2023-12-03 06:30:00,672.0,22.7,39.645,1.0
2023-12-03 06:45:00,703.0,22.7,39.45,
2023-12-03 07:00:00,664.5,22.7,39.45,1.0
2023-12-03 07:15:00,617.0,22.7,39.45,
2023-12-03 07:30:00,679.0,22.7,39.45,1.0
2023-12-03 07:45:00,642.0,22.7,39.45,
2023-12-03 08:00:00,701.5,22.7,39.45,1.0
2023-12-03 08:15:00,605.0,22.7,39.45,
2023-12-03 08:30:00,673.0,22.8,39.45,1.0
2023-12-03 08:45:00,684.0,22.7,39.45,
2023-12-03 09:00:00,645.0,22.7,39.45,1.0
2023-12-03 09:15:00,679.0,22.7,39.45,
2023-12-03 09:30:00,621.5,22.8,39.45,1.0
2023-12-03 09:45:00,659.0,22.8,39.45,
2023-12-03 10:00:00,656.0,22.8,39.45,1.0
2023-12-03 10:15:00,631.0,22.8,39.45,
2023-12-03 10:30:00,642.5,22.8,39.45,1.0
2023-12-03 10:45:00,657.0,22.8,39.45,
2023-12-03 11:00:00,663.5,22.8,39.45,1.0
2023-12-03 11:15:00,659.0,22.8,39.45,
2023-12-03 11:30:00,656.0,22.8,39.45,1.0
2023-12-03 11:45:00,627.0,22.8,39.45,
2023-12-03 12:00:00,622.5,22.8,39.45,1.0
2023-12-03 12:15:00,680.0,22.8,39.45,
2023-12-03 12:30:00,646.0,22.8,39.45,1.0
2023-12-03 12:45:00,627.0,22.8,39.45,
2023-12-03 13:00:00,641.5,22.8,39.45,1.0
2023-12-03 13:15:00,634.0,22.8,39.45,
2023-12-03 13:30:00,633.5,22.8,39.255,1.0
2023-12-03 13:45:00,581.0,22.8,39.45,
2023-12-03 14:00:00,616.5,22.8,39.255,1.0
2023-12-03 14:15:00,627.0,22.8,39.45,
2023-12-03 14:30:00,610.0,22.8,39.45,1.0
2023-12-03 14:45:00,647.0,22.8,39.45,
2023-12-03 15:00:00,584.0,22.8,39.45,1.0
2023-12-03 15:15:00,581.0,22.8,39.45,
2023-12-03 15:30:00,598.5,22.8,39.45,1.0
2023-12-03 15:45:00,606.0,22.8,39.45,
2023-12-03 16:00:00,606.5,22.8,39.45,1.0
2023-12-03 16:15:00,557.0,22.8,39.45,
2023-12-03 16:30:00,588.0,22.8,39.45,1.0
2023-12-03 16:45:00,636.0,22.8,39.06,
2023-12-03 17:00:00,571.0,22.8,39.45,1.0
2023-12-03 17:15:00,631.0,22.8,39.45,
2023-12-03 17:30:00,622.5,22.8,39.45,1.0
2023-12-03 17:45:00,568.0,22.8,39.45,
2023-12-03 18:00:00,657.0,22.8,39.45,1.0
2023-12-03 18:15:00,559.0,22.8,39.06,
2023-12-03 18:30:00,577.0,22.8,39.45,1.0
2023-12-03 18:45:00,588.0,22.8,39.45,
2023-12-03 19:00:00,569.0,22.8,39.06,1.0
2023-12-03 19:15:00,593.0,22.8,39.45,
2023-12-03 19:30:00,548.5,22.8,39.45,1.0
2023-12-03 19:45:00,588.0,22.8,39.45,
2023-12-03 20:00:00,570.5,22.8,39.45,1.0
2023-12-03 20:15:00,527.0,22.8,39.45,
2023-12-03 20:30:00,568.0,22.8,39.45,1.0
2023-12-03 20:45:00,584.0,22.8,39.45,
2023-12-03 21:00:00,587.0,22.8,39.45,1.0
2023-12-03 21:15:00,606.0,22.8,39.45,
2023-12-03 21:30:00,595.0,22.8,39.45,1.0
2023-12-03 21:45:00,581.0,22.8,39.45,
2023-12-03 22:00:00,557.0,22.8,39.45,1.0
2023-12-03 22:15:00,570.0,22.8,39.45,
2023-12-03 22:30:00,573.5,22.8,39.45,1.0
2023-12-03 22:45:00,548.0,22.8,39.45,
2023-12-03 23:00:00,559.0,22.8,39.45,1.0
2023-12-03 23:15:00,548.0,22.8,39.45,
2023-12-03 23:30:00,567.5,22.8,39.45,1.0
2023-12-03 23:45:00,530.0,22.8,39.45,
2023-12-04 00:00:00,597.0,22.8,39.45,1.0
2023-12-04 00:15:00,555.5,22.8,39.45,
2023-12-04 00:30:00,539.0,22.8,39.45,1.0
2023-12-04 00:45:00,548.5,22.8,39.45,
2023-12-04 01:00:00,581.0,22.8,39.45,1.0
2023-12-04 01:15:00,594.0,22.8,39.45,
2023-12-04 01:30:00,541.0,22.8,39.45,1.0
2023-12-04 01:45:00,570.0,22.8,39.45,
2023-12-04 02:00:00,563.0,22.8,39.45,1.0
2023-12-04 02:15:00,580.5,22.8,39.45,
2023-12-04 02:30:00,584.0,22.8,39.45,1.0
2023-12-04 02:45:00,511.5,22.8,39.45,
2023-12-04 03:00:00,581.0,22.8,39.45,1.0
2023-12-04 03:15:00,555.5,22.8,39.45,
2023-12-04 03:30:00,489.0,22.8,39.45,1.0
2023-12-04 03:45:00,576.0,22.8,39.45,
2023-12-04 04:00:00,549.0,22.8,39.45,1.0
2023-12-04 04:15:00,560.5,22.8,39.45,
2023-12-04 04:30:00,574.0,22.8,39.45,1.0
2023-12-04 04:45:00,543.0,22.8,39.45,
2023-12-04 05:00:00,558.0,22.8,39.45,1.0
2023-12-04 05:15:00,507.0,22.8,39.45,
2023-12-04 05:30:00,520.0,22.8,39.45,1.0
2023-12-04 05:45:00,526.0,22.8,39.45,
2023-12-04 06:00:00,574.0,22.8,39.45,1.0
2023-12-04 06:15:00,528.0,22.8,39.45,
2023-12-04 06:30:00,584.0,22.8,39.45,1.0
2023-12-04 06:45:00,515.0,22.8,39.45,
2023-12-04 07:00:00,555.0,22.8,39.45,1.0
2023-12-04 07:15:00,524.5,22.8,39.45,
2023-12-04 07:30:00,561.0,22.8,39.45,1.0
2023-12-04 07:45:00,543.5,22.8,39.45,0.0
2023-12-04 08:00:00,711.0,22.7,37.11,0.3333333333333333
2023-12-04 08:15:00,727.0,22.7,34.769999999999996,
2023-12-04 08:30:00,846.0,22.9,35.16,0.6666666666666666
2023-12-04 08:45:00,1070.0,22.9,35.355000000000004,
2023-12-04 09:00:00,1011.0,22.8,33.98,0.0
2023-12-04 09:15:00,1066.5,22.8,33.395,
2023-12-04 09:30:00,1133.0,22.8,32.81,0.3333333333333333
2023-12-04 09:45:00,1238.0,22.85,33.005,
2023-12-04 10:00:00,1334.0,22.9,33.59,1.0
2023-12-04 10:15:00,1433.5,23.0,33.59,0.0
2023-12-04 10:30:00,1329.0,23.0,33.2,0.0
2023-12-04 10:45:00,1366.0,23.0,33.005,
2023-12-04 11:00:00,1216.0,23.0,32.42,0.0
2023-12-04 11:15:00,1317.5,23.0,32.03,
2023-12-04 11:30:00,1212.0,23.0,31.64,0.0
2023-12-04 11:45:00,1371.5,23.0,31.835,
2023-12-04 12:00:00,1635.0,23.1,32.81,0.0
2023-12-04 12:15:00,1804.0,23.05,33.785,
2023-12-04 12:30:00,1914.0,23.1,33.98,0.0
2023-12-04 12:45:00,2020.0,23.15,33.785,
2023-12-04 13:00:00,1915.0,23.2,33.2,0.3333333333333333
2023-12-04 13:15:00,2292.0,23.3,35.16,
2023-12-04 13:30:00,2292.0,23.45,36.33,1.0
2023-12-04 13:45:00,2292.0,23.5,37.11,
2023-12-04 14:00:00,2292.0,23.5,38.475,1.0
2023-12-04 14:15:00,2292.0,23.4,39.06,
2023-12-04 14:30:00,2292.0,23.35,39.255,1.0
2023-12-04 14:45:00,2292.0,23.3,38.28,
2023-12-04 15:00:00,2292.0,23.2,39.06,1.0
2023-12-04 15:15:00,2292.0,23.2,39.84,
2023-12-04 15:30:00,2292.0,23.2,40.035,1.0
2023-12-04 15:45:00,2292.0,23.2,40.23,
2023-12-04 16:00:00,2292.0,23.2,40.82,1.0
2023-12-04 16:15:00,2292.0,23.2,41.41,
2023-12-04 16:30:00,2292.0,23.2,41.41,1.0
2023-12-04 16:45:00,2292.0,23.2,40.23,
2023-12-04 17:00:00,2292.0,23.1,39.84,1.0
2023-12-04 17:15:00,2292.0,23.1,39.84,
2023-12-04 17:30:00,2292.0,23.0,39.84,1.0
2023-12-04 17:45:00,2292.0,23.0,39.84,
2023-12-04 18:00:00,2292.0,22.9,39.84,1.0
2023-12-04 18:15:00,2292.0,22.9,39.84,
2023-12-04 18:30:00,2292.0,22.9,39.84,1.0
2023-12-04 18:45:00,2292.0,22.9,39.84,
2023-12-04 19:00:00,2292.0,22.9,39.84,1.0
2023-12-04 19:15:00,2292.0,22.9,39.84,
2023-12-04 19:30:00,2292.0,22.9,39.84,1.0
2023-12-04 19:45:00,2292.0,22.9,39.84,
2023-12-04 20:00:00,2292.0,22.9,39.84,1.0
2023-12-04 20:15:00,2292.0,22.9,39.84,
2023-12-04 20:30:00,2292.0,22.9,39.84,1.0
2023-12-04 20:45:00,2292.0,22.9,39.84,
2023-12-04 21:00:00,2292.0,22.9,39.84,1.0
2023-12-04 21:15:00,2292.0,22.9,39.84,
2023-12-04 21:30:00,2292.0,22.9,39.84,1.0
2023-12-04 21:45:00,2292.0,22.9,39.84,
2023-12-04 22:00:00,2292.0,22.9,39.84,1.0
2023-12-04 22:15:00,2292.0,22.9,39.84,
2023-12-04 22:30:00,2292.0,22.9,39.84,1.0
2023-12-04 22:45:00,2292.0,22.9,39.84,
2023-12-04 23:00:00,2292.0,22.9,39.84,1.0
2023-12-04 23:15:00,2278.5,22.9,39.84,
2023-12-04 23:30:00,2292.0,22.9,39.84,1.0
2023-12-04 23:45:00,2292.0,22.9,39.84,
2023-12-05 00:00:00,2216.0,22.9,39.84,1.0
2023-12-05 00:15:00,2218.0,22.9,39.84,
2023-12-05 00:30:00,2168.0,22.9,39.84,1.0
2023-12-05 00:45:00,2175.5,22.9,39.84,
2023-12-05 01:00:00,2099.0,22.9,39.84,1.0
2023-12-05 01:15:00,2185.5,22.9,39.84,
2023-12-05 01:30:00,2078.0,22.9,39.84,1.0
2023-12-05 01:45:00,2069.5,22.9,39.84,
2023-12-05 02:00:00,2006.0,22.9,39.84,1.0
2023-12-05 02:15:00,2054.0,22.9,39.84,
2023-12-05 02:30:00,2034.0,22.9,39.84,1.0
2023-12-05 02:45:00,1954.0,22.9,39.84,
2023-12-05 03:00:00,1957.0,22.9,39.84,1.0
2023-12-05 03:15:00,1976.0,22.9,39.84,
2023-12-05 03:30:00,1893.0,22.9,39.84,1.0
2023-12-05 03:45:00,1925.5,22.9,39.84,
2023-12-05 04:00:00,1859.0,22.9,39.84,1.0
2023-12-05 04:15:00,1901.0,22.9,39.84,
2023-12-05 04:30:00,1859.0,22.9,39.84,1.0
2023-12-05 04:45:00,1863.5,22.9,39.84,
2023-12-05 05:00:00,1765.0,22.9,39.84,1.0
2023-12-05 05:15:00,1754.0,22.9,39.84,
2023-12-05 05:30:00,1836.0,22.9,39.84,1.0
2023-12-05 05:45:00,1751.0,22.9,39.84,
2023-12-05 06:00:00,1718.5,22.9,39.84,1.0
2023-12-05 06:15:00,1626.0,22.9,39.84,
2023-12-05 06:30:00,1681.0,22.9,39.84,1.0
2023-12-05 06:45:00,1626.0,22.9,39.84,
2023-12-05 07:00:00,1693.5,22.9,39.84,1.0
2023-12-05 07:15:00,1686.0,22.9,39.84,
2023-12-05 07:30:00,1673.5,22.9,39.84,1.0
2023-12-05 07:45:00,1652.0,22.9,39.84,
2023-12-05 08:00:00,1634.0,22.9,40.035,1.0
2023-12-05 08:15:00,1513.0,22.9,39.84,
2023-12-05 08:30:00,1608.5,22.9,41.21,1.0
2023-12-05 08:45:00,1842.0,23.0,42.97,
2023-12-05 09:00:00,1989.0,23.05,43.945,1.0
2023-12-05 09:15:00,2163.0,23.1,44.53,
2023-12-05 09:30:00,2292.0,23.1,44.92,1.0
2023-12-05 09:45:00,2292.0,23.1,45.31,
2023-12-05 10:00:00,2292.0,23.2,45.7,1.0
2023-12-05 10:15:00,2292.0,23.2,45.7,
2023-12-05 10:30:00,2292.0,23.2,46.09,1.0
2023-12-05 10:45:00,2292.0,23.2,46.09,
2023-12-05 11:00:00,2292.0,23.25,44.53,1.0
2023-12-05 11:15:00,2292.0,23.5,42.19,0.0
2023-12-05 11:30:00,2198.5,23.5,38.67,0.0
2023-12-05 11:45:00,2051.0,23.4,37.11,
2023-12-05 12:00:00,1821.5,23.4,36.135,0.0
2023-12-05 12:15:00,1745.0,23.4,35.55,
2023-12-05 12:30:00,1706.5,23.4,34.965,0.0
2023-12-05 12:45:00,1756.0,23.4,34.77,1.0
2023-12-05 13:00:00,1817.5,23.45,35.16,1.0
2023-12-05 13:15:00,2038.0,23.7,36.33,0.0
2023-12-05 13:30:00,2233.0,23.8,36.525,0.0
2023-12-05 13:45:00,2009.0,23.7,33.98,1.0
2023-12-05 14:00:00,1652.0,23.6,32.81,1.0
2023-12-05 14:15:00,1866.5,23.65,33.985,
2023-12-05 14:30:00,2100.0,23.7,35.16,1.0
2023-12-05 14:45:00,1765.5,23.8,33.790000000000006,
2023-12-05 15:00:00,1675.0,23.9,32.42,1.0
2023-12-05 15:15:00,1448.5,23.9,31.055,0.0
2023-12-05 15:30:00,1326.0,23.8,30.08,0.3333333333333333
2023-12-05 15:45:00,1247.0,23.75,29.494999999999997,
2023-12-05 16:00:00,1418.0,23.8,30.86,1.0
2023-12-05 16:15:00,1582.0,23.9,31.835,
2023-12-05 16:30:00,1668.0,24.0,32.42,1.0
2023-12-05 16:45:00,1640.5,24.1,32.615,
2023-12-05 17:00:00,1546.0,24.2,32.81,1.0
2023-12-05 17:15:00,1627.0,24.2,33.005,
2023-12-05 17:30:00,1666.0,24.3,33.2,1.0
2023-12-05 17:45:00,1547.0,24.3,33.395,
2023-12-05 18:00:00,1552.0,24.3,33.59,1.0
2023-12-05 18:15:00,1521.0,24.35,33.785,
2023-12-05 18:30:00,1518.0,24.4,33.98,1.0
2023-12-05 18:45:00,1528.0,24.4,33.98,
2023-12-05 19:00:00,1478.0,24.4,33.98,1.0
2023-12-05 19:15:00,1460.5,24.5,34.38,
2023-12-05 19:30:00,1385.0,24.5,34.38,1.0
2023-12-05 19:45:00,1456.0,24.45,34.38,
2023-12-05 20:00:00,1450.0,24.5,34.77,1.0
2023-12-05 20:15:00,1374.0,24.5,34.77,
2023-12-05 20:30:00,1432.0,24.6,34.77,1.0
2023-12-05 20:45:00,1371.0,24.5,34.77,
2023-12-05 21:00:00,1403.0,24.6,35.16,1.0
2023-12-05 21:15:00,1377.5,24.6,35.16,
2023-12-05 21:30:00,1339.0,24.6,35.16,1.0
2023-12-05 21:45:00,1346.5,24.6,35.16,
2023-12-05 22:00:00,1336.0,24.6,35.16,1.0
2023-12-05 22:15:00,1310.5,24.6,35.55,
2023-12-05 22:30:00,1246.0,24.6,35.55,1.0
2023-12-05 22:45:00,1311.5,24.7,35.55,
2023-12-05 23:00:00,1265.0,24.7,35.55,1.0
2023-12-05 23:15:00,1266.5,24.7,35.55,
2023-12-05 23:30:00,1244.0,24.7,35.55,1.0
2023-12-05 23:45:00,1248.0,24.7,35.55,
2023-12-06 00:00:00,1182.0,24.7,35.55,1.0
2023-12-06 00:15:00,1164.5,24.8,35.745,
2023-12-06 00:30:00,1207.0,24.8,35.94,1.0
2023-12-06 00:45:00,1217.0,24.8,35.94,
2023-12-06 01:00:00,1156.0,24.8,35.94,1.0
2023-12-06 01:15:00,1195.0,24.8,35.94,
2023-12-06 01:30:00,1139.0,24.8,35.94,1.0
2023-12-06 01:45:00,1151.0,24.8,35.94,
2023-12-06 02:00:00,1069.0,24.8,35.94,1.0
2023-12-06 02:15:00,1159.0,24.8,35.94,
2023-12-06 02:30:00,1119.0,24.8,35.94,1.0
2023-12-06 02:45:00,1066.0,24.8,35.94,
2023-12-06 03:00:00,1102.0,24.85,35.94,1.0
2023-12-06 03:15:00,1057.0,24.9,35.94,
2023-12-06 03:30:00,1061.0,24.9,35.94,1.0
2023-12-06 03:45:00,1007.0,24.9,35.94,
2023-12-06 04:00:00,1019.0,24.9,35.94,1.0
2023-12-06 04:15:00,1043.0,24.9,35.94,
2023-12-06 04:30:00,1037.5,24.9,36.135,1.0
2023-12-06 04:45:00,1023.0,24.9,36.33,
2023-12-06 05:00:00,1004.5,24.9,36.33,1.0
2023-12-06 05:15:00,986.0,24.9,36.33,
2023-12-06 05:30:00,971.0,24.9,36.33,1.0
2023-12-06 05:45:00,998.0,24.9,36.33,
2023-12-06 06:00:00,953.0,24.9,36.33,1.0
2023-12-06 06:15:00,922.0,24.9,36.33,
2023-12-06 06:30:00,934.0,24.9,36.33,1.0
2023-12-06 06:45:00,949.0,24.9,36.33,0.0
2023-12-06 07:00:00,809.0,24.799999999999997,34.18,0.0
2023-12-06 07:15:00,743.0,24.5,31.64,1.0
2023-12-06 07:30:00,982.5,24.25,32.615,1.0
2023-12-06 07:45:00,1006.0,24.2,33.2,
2023-12-06 08:00:00,1071.0,24.15,33.785,1.0
2023-12-06 08:15:00,1270.0,24.1,35.16,
2023-12-06 08:30:00,1319.0,24.1,35.16,1.0
2023-12-06 08:45:00,1185.0,24.1,34.77,
2023-12-06 09:00:00,1386.5,24.05,34.965,1.0
2023-12-06 09:15:00,1412.0,24.1,35.16,
2023-12-06 09:30:00,1683.0,24.05,36.525,1.0
2023-12-06 09:45:00,1895.0,24.1,37.11,
2023-12-06 10:00:00,1774.5,24.1,35.745,1.0
2023-12-06 10:15:00,2165.0,24.2,37.11,0.0
2023-12-06 10:30:00,2292.0,24.2,37.89,0.0
2023-12-06 10:45:00,1997.5,24.15,35.94,
2023-12-06 11:00:00,1769.0,24.1,34.38,0.25
2023-12-06 11:15:00,1687.0,24.1,34.18,1.0
2023-12-06 11:30:00,1859.0,24.0,34.38,1.0
2023-12-06 11:45:00,2190.0,24.05,35.745,
2023-12-06 12:00:00,2292.0,24.2,36.72,1.0
2023-12-06 12:15:00,2292.0,24.2,36.525,
2023-12-06 12:30:00,2292.0,24.2,36.72,0.6666666666666666
2023-12-06 12:45:00,1998.5,24.1,35.16,
2023-12-06 13:00:00,1770.0,23.9,34.38,0.0
2023-12-06 13:15:00,1206.5,23.65,31.445,
2023-12-06 13:30:00,948.0,23.5,29.69,0.3333333333333333
2023-12-06 13:45:00,1489.0,23.5,32.03,
2023-12-06 14:00:00,2008.0,23.8,33.2,1.0
2023-12-06 14:15:00,2228.5,24.0,34.965,
2023-12-06 14:30:00,2292.0,24.0,35.55,1.0
2023-12-06 14:45:00,2292.0,23.95,35.94,
2023-12-06 15:00:00,2292.0,23.9,36.72,1.0
2023-12-06 15:15:00,2292.0,23.85,36.72,
2023-12-06 15:30:00,2292.0,23.7,37.11,1.0
2023-12-06 15:45:00,2292.0,23.6,37.11,
2023-12-06 16:00:00,2292.0,23.5,37.11,1.0
2023-12-06 16:15:00,2292.0,23.4,37.11,
2023-12-06 16:30:00,2292.0,23.3,37.11,1.0
2023-12-06 16:45:00,2292.0,23.3,36.915,
2023-12-06 17:00:00,2261.0,23.2,37.11,1.0
2023-12-06 17:15:00,2263.0,23.15,36.915,
2023-12-06 17:30:00,2212.0,23.1,37.11,1.0
2023-12-06 17:45:00,2114.0,23.1,36.72,
2023-12-06 18:00:00,2075.0,23.1,36.72,1.0
2023-12-06 18:15:00,2027.0,23.0,36.72,
2023-12-06 18:30:00,1968.0,23.0,36.72,1.0
2023-12-06 18:45:00,1939.5,22.95,36.72,
2023-12-06 19:00:00,1807.0,22.9,36.72,1.0
2023-12-06 19:15:00,1830.0,22.9,36.72,
2023-12-06 19:30:00,1836.5,22.9,36.915,1.0
2023-12-06 19:45:00,1826.0,22.9,37.11,
2023-12-06 20:00:00,1832.5,22.8,37.11,1.0
2023-12-06 20:15:00,1732.0,22.8,37.11,
2023-12-06 20:30:00,1802.0,22.8,37.11,1.0
2023-12-06 20:45:00,1773.0,22.8,37.11,
2023-12-06 21:00:00,1699.0,22.75,37.305,1.0
2023-12-06 21:15:00,1708.0,22.7,37.5,
2023-12-06 21:30:00,1675.5,22.7,37.5,1.0
2023-12-06 21:45:00,1691.0,22.7,37.5,
2023-12-06 22:00:00,1671.0,22.7,37.5,1.0
2023-12-06 22:15:00,1645.0,22.7,37.5,
2023-12-06 22:30:00,1639.5,22.7,37.5,1.0
2023-12-06 22:45:00,1530.0,22.7,37.5,
2023-12-06 23:00:00,1586.5,22.6,37.5,1.0
2023-12-06 23:15:00,1598.0,22.6,37.5,
2023-12-06 23:30:00,1599.0,22.6,37.695,1.0
2023-12-06 23:45:00,1540.0,22.6,37.89,
2023-12-07 00:00:00,1514.5,22.6,37.89,1.0
2023-12-07 00:15:00,1558.0,22.6,37.89,
2023-12-07 00:30:00,1511.5,22.55,37.89,1.0
2023-12-07 00:45:00,1463.0,22.5,37.89,
2023-12-07 01:00:00,1455.5,22.5,37.89,1.0
2023-12-07 01:15:00,1421.0,22.5,37.89,
2023-12-07 01:30:00,1402.5,22.5,37.89,1.0
2023-12-07 01:45:00,1345.0,22.5,37.89,
2023-12-07 02:00:00,1422.0,22.5,37.89,1.0
2023-12-07 02:15:00,1342.0,22.5,37.89,
2023-12-07 02:30:00,1427.5,22.5,38.28,1.0
2023-12-07 02:45:00,1391.0,22.4,38.28,
2023-12-07 03:00:00,1315.0,22.4,38.28,1.0
2023-12-07 03:15:00,1366.0,22.4,38.28,
2023-12-07 03:30:00,1299.0,22.4,38.28,1.0
2023-12-07 03:45:00,1320.5,22.4,38.28,
2023-12-07 04:00:00,1281.0,22.4,38.28,1.0
2023-12-07 04:15:00,1294.0,22.4,38.28,
2023-12-07 04:30:00,1237.0,22.4,38.28,1.0
2023-12-07 04:45:00,1259.5,22.4,38.28,
2023-12-07 05:00:00,1280.0,22.4,38.28,1.0
2023-12-07 05:15:00,1264.0,22.4,38.28,
2023-12-07 05:30:00,1264.0,22.4,38.28,1.0
2023-12-07 05:45:00,1204.5,22.4,38.28,
2023-12-07 06:00:00,1207.0,22.3,38.28,1.0
2023-12-07 06:15:00,1199.5,22.3,38.28,
2023-12-07 06:30:00,1166.0,22.3,38.28,1.0
2023-12-07 06:45:00,1172.5,22.3,38.28,
2023-12-07 07:00:00,1092.0,22.3,38.28,1.0
2023-12-07 07:15:00,1105.0,22.3,38.28,
2023-12-07 07:30:00,1080.0,22.3,37.89,1.0
2023-12-07 07:45:00,1081.0,22.3,38.28,
2023-12-07 08:00:00,1345.0,22.3,39.06,1.0
2023-12-07 08:15:00,1598.0,22.35,39.645,
2023-12-07 08:30:00,1949.0,22.4,41.8,1.0
2023-12-07 08:45:00,2237.0,22.55,43.945,
2023-12-07 09:00:00,2270.0,22.6,43.75,1.0
2023-12-07 09:15:00,2244.5,22.7,43.165,
2023-12-07 09:30:00,2292.0,22.8,43.75,1.0
2023-12-07 09:45:00,2292.0,22.85,44.92,
2023-12-07 10:00:00,2292.0,22.9,43.75,1.0
2023-12-07 10:15:00,2292.0,22.9,43.165,
2023-12-07 10:30:00,2292.0,22.9,42.58,1.0
2023-12-07 10:45:00,2292.0,22.9,42.19,
2023-12-07 11:00:00,2292.0,22.9,41.8,1.0
2023-12-07 11:15:00,2292.0,22.9,41.8,
2023-12-07 11:30:00,2243.5,22.9,41.605,1.0
2023-12-07 11:45:00,2292.0,22.9,42.19,
2023-12-07 12:00:00,2292.0,22.9,42.58,1.0
2023-12-07 12:15:00,2292.0,22.9,42.58,
2023-12-07 12:30:00,2292.0,22.9,42.97,1.0
2023-12-07 12:45:00,2292.0,22.9,43.36,
2023-12-07 13:00:00,2292.0,22.9,42.97,1.0
2023-12-07 13:15:00,2292.0,22.9,41.8,
2023-12-07 13:30:00,2292.0,22.9,40.82,1.0
2023-12-07 13:45:00,2292.0,22.9,41.02,
2023-12-07 14:00:00,2292.0,22.9,41.605,1.0
2023-12-07 14:15:00,2292.0,22.9,42.19,
2023-12-07 14:30:00,2292.0,22.9,42.775,1.0
2023-12-07 14:45:00,2292.0,22.9,42.97,
2023-12-07 15:00:00,2292.0,22.95,42.97,1.0
2023-12-07 15:15:00,2292.0,23.3,40.62,
2023-12-07 15:30:00,2227.0,23.55,38.67,1.0
2023-12-07 15:45:00,2273.0,23.7,38.28,
2023-12-07 16:00:00,1983.5,23.55,37.695,1.0
2023-12-07 16:15:00,1947.0,23.4,37.5,
2023-12-07 16:30:00,1921.5,23.35,36.915,1.0
2023-12-07 16:45:00,1853.0,23.3,36.72,
2023-12-07 17:00:00,1612.0,23.15,36.135,1.0
2023-12-07 17:15:00,1339.0,23.0,35.94,
2023-12-07 17:30:00,1342.5,23.0,35.94,1.0
2023-12-07 17:45:00,1419.0,22.9,36.33,
2023-12-07 18:00:00,1385.0,22.85,36.525,1.0
2023-12-07 18:15:00,1408.0,22.8,36.72,
2023-12-07 18:30:00,1342.5,22.7,36.72,1.0
2023-12-07 18:45:00,1374.0,22.7,37.11,
2023-12-07 19:00:00,1309.0,22.65,37.11,1.0
2023-12-07 19:15:00,1292.0,22.6,37.11,
2023-12-07 19:30:00,1305.5,22.6,37.305,1.0
2023-12-07 19:45:00,1303.0,22.5,37.5,
2023-12-07 20:00:00,1285.5,22.5,37.5,1.0
2023-12-07 20:15:00,1274.0,22.5,37.5,
2023-12-07 20:30:00,1261.5,22.4,37.89,1.0
2023-12-07 20:45:00,1281.0,22.4,37.89,
2023-12-07 21:00:00,1245.5,22.4,37.89,1.0
2023-12-07 21:15:00,1164.0,22.4,37.89,
2023-12-07 21:30:00,1241.0,22.4,37.89,1.0
2023-12-07 21:45:00,1199.0,22.35,38.085,
2023-12-07 22:00:00,1210.0,22.3,38.28,1.0
2023-12-07 22:15:00,1218.0,22.3,38.28,
2023-12-07 22:30:00,1185.0,22.3,38.28,1.0
2023-12-07 22:45:00,1149.5,22.3,38.28,
2023-12-07 23:00:00,1167.0,22.3,38.28,1.0
2023-12-07 23:15:00,1207.0,22.3,38.28,
2023-12-07 23:30:00,1149.0,22.3,38.28,1.0
2023-12-07 23:45:00,1104.0,22.2,38.67,
2023-12-08 00:00:00,1085.0,22.2,38.67,1.0
2023-12-08 00:15:00,1127.5,22.2,38.67,
2023-12-08 00:30:00,1110.0,22.2,38.67,1.0
2023-12-08 00:45:00,1138.0,22.2,38.67,
2023-12-08 01:00:00,1103.0,22.2,38.67,1.0
2023-12-08 01:15:00,1064.0,22.2,38.67,
2023-12-08 01:30:00,1029.0,22.2,38.67,1.0
2023-12-08 01:45:00,1054.0,22.15,38.67,
2023-12-08 02:00:00,1092.0,22.2,38.67,1.0
2023-12-08 02:15:00,1089.5,22.1,39.06,
2023-12-08 02:30:00,1067.0,22.1,38.67,1.0
2023-12-08 02:45:00,1047.5,22.1,39.06,
2023-12-08 03:00:00,1018.0,22.1,39.06,1.0
2023-12-08 03:15:00,1015.5,22.1,39.06,
2023-12-08 03:30:00,1041.0,22.1,39.06,1.0
2023-12-08 03:45:00,1040.5,22.1,39.06,
2023-12-08 04:00:00,1053.0,22.1,39.06,1.0
2023-12-08 04:15:00,987.5,22.1,39.06,
2023-12-08 04:30:00,991.0,22.1,39.06,1.0
2023-12-08 04:45:00,943.0,22.05,39.06,
2023-12-08 05:00:00,998.0,22.0,39.06,1.0
2023-12-08 05:15:00,970.0,22.0,39.06,
2023-12-08 05:30:00,925.0,22.0,39.06,1.0
2023-12-08 05:45:00,995.0,22.0,39.255,
2023-12-08 06:00:00,980.0,22.0,39.06,1.0
2023-12-08 06:15:00,922.5,22.0,39.06,
2023-12-08 06:30:00,943.0,22.0,39.06,1.0
2023-12-08 06:45:00,937.0,22.0,39.06,
2023-12-08 07:00:00,958.0,22.0,39.06,0.6666666666666666
2023-12-08 07:15:00,735.0,22.0,37.11,
2023-12-08 07:30:00,711.0,22.1,36.72,0.3333333333333333
2023-12-08 07:45:00,808.0,22.1,36.525,
2023-12-08 08:00:00,852.0,22.1,36.72,1.0
2023-12-08 08:15:00,947.0,22.2,37.11,
2023-12-08 08:30:00,1045.5,22.2,37.695,1.0
2023-12-08 08:45:00,1230.0,22.2,39.06,
2023-12-08 09:00:00,1448.0,22.25,39.84,1.0
2023-12-08 09:15:00,1771.0,22.3,40.23,
2023-12-08 09:30:00,2025.5,22.4,41.995,1.0
2023-12-08 09:45:00,2136.0,22.5,42.19,
2023-12-08 10:00:00,2292.0,22.55,43.165,1.0
2023-12-08 10:15:00,2292.0,22.6,43.36,
2023-12-08 10:30:00,2292.0,22.6,42.97,1.0
2023-12-08 10:45:00,2292.0,22.6,42.58,
2023-12-08 11:00:00,2292.0,22.7,41.8,1.0
2023-12-08 11:15:00,2292.0,22.7,41.41,
2023-12-08 11:30:00,2148.5,22.7,39.84,1.0
2023-12-08 11:45:00,2140.0,22.7,39.45,
2023-12-08 12:00:00,2147.5,22.7,39.644999999999996,1.0
2023-12-08 12:15:00,2292.0,22.7,40.23,
2023-12-08 12:30:00,2292.0,22.7,40.425,1.0
2023-12-08 12:45:00,2292.0,22.8,41.41,
2023-12-08 13:00:00,2292.0,22.8,41.8,1.0
2023-12-08 13:15:00,2292.0,22.8,41.8,
2023-12-08 13:30:00,2292.0,22.8,41.605,1.0
2023-12-08 13:45:00,2292.0,22.9,42.19,
2023-12-08 14:00:00,2292.0,22.9,42.58,1.0
2023-12-08 14:15:00,2292.0,22.9,41.41,
2023-12-08 14:30:00,2292.0,22.9,42.385,1.0
2023-12-08 14:45:00,2292.0,22.9,42.19,
2023-12-08 15:00:00,2292.0,22.9,42.58,1.0
2023-12-08 15:15:00,2292.0,22.9,42.58,
2023-12-08 15:30:00,2292.0,22.9,41.41,1.0
2023-12-08 15:45:00,2292.0,22.8,40.23,
2023-12-08 16:00:00,2292.0,22.75,40.425,1.0
2023-12-08 16:15:00,2292.0,22.7,40.62,
2023-12-08 16:30:00,2292.0,22.6,40.62,1.0
2023-12-08 16:45:00,2292.0,22.55,40.62,
2023-12-08 17:00:00,2292.0,22.5,40.62,1.0
2023-12-08 17:15:00,2292.0,22.45,40.62,
2023-12-08 17:30:00,2292.0,22.4,40.62,1.0
2023-12-08 17:45:00,2292.0,22.4,40.82,
2023-12-08 18:00:00,2292.0,22.4,40.62,1.0
2023-12-08 18:15:00,2292.0,22.3,40.62,
2023-12-08 18:30:00,2292.0,22.3,41.02,1.0
2023-12-08 18:45:00,2292.0,22.3,41.02,
2023-12-08 19:00:00,2292.0,22.3,41.02,1.0
2023-12-08 19:15:00,2292.0,22.2,40.82,
2023-12-08 19:30:00,2292.0,22.2,41.02,1.0
2023-12-08 19:45:00,2289.5,22.2,41.02,
2023-12-08 20:00:00,2268.0,22.2,41.02,1.0
2023-12-08 20:15:00,2280.0,22.2,41.02,
2023-12-08 20:30:00,2289.0,22.2,41.02,1.0
2023-12-08 20:45:00,2215.5,22.15,41.02,
2023-12-08 21:00:00,2173.0,22.2,41.02,1.0
2023-12-08 21:15:00,2173.0,22.1,41.02,
2023-12-08 21:30:00,2272.0,22.1,41.02,1.0
2023-12-08 21:45:00,2184.0,22.1,41.02,
2023-12-08 22:00:00,2130.0,22.1,41.02,1.0
2023-12-08 22:15:00,2136.0,22.1,41.02,
2023-12-08 22:30:00,2070.0,22.1,41.02,1.0
2023-12-08 22:45:00,2095.0,22.1,41.02,
2023-12-08 23:00:00,2144.0,22.1,41.02,1.0
2023-12-08 23:15:00,2030.5,22.0,41.02,
2023-12-08 23:30:00,2066.0,22.0,41.02,1.0
2023-12-08 23:45:00,2016.0,22.0,41.02,
2023-12-09 00:00:00,2048.0,22.0,41.02,1.0
2023-12-09 00:15:00,2010.5,22.0,41.02,
2023-12-09 00:30:00,2015.0,22.0,41.02,1.0
2023-12-09 00:45:00,1956.0,22.0,41.02,
2023-12-09 01:00:00,1956.0,22.0,41.02,1.0
2023-12-09 01:15:00,1932.0,22.0,41.02,
2023-12-09 01:30:00,1986.5,22.0,41.02,1.0
2023-12-09 01:45:00,1921.0,22.0,41.02,
2023-12-09 02:00:00,1900.5,21.95,41.02,1.0
2023-12-09 02:15:00,1883.0,21.9,41.02,
2023-12-09 02:30:00,1945.5,21.95,41.02,1.0
2023-12-09 02:45:00,1840.0,21.9,41.02,
2023-12-09 03:00:00,1770.0,21.9,41.02,1.0
2023-12-09 03:15:00,1787.0,21.9,41.02,
2023-12-09 03:30:00,1770.5,21.9,41.02,1.0
2023-12-09 03:45:00,1819.0,21.9,41.02,
2023-12-09 04:00:00,1769.0,21.9,41.02,1.0
2023-12-09 04:15:00,1728.0,21.9,41.02,
2023-12-09 04:30:00,1735.0,21.9,41.02,1.0
2023-12-09 04:45:00,1753.0,21.9,41.02,
2023-12-09 05:00:00,1736.5,21.9,41.02,1.0
2023-12-09 05:15:00,1675.0,21.9,41.02,
2023-12-09 05:30:00,1690.5,21.85,41.02,1.0
2023-12-09 05:45:00,1697.0,21.9,41.02,
2023-12-09 06:00:00,1661.5,21.9,41.02,1.0
2023-12-09 06:15:00,1617.0,21.8,41.02,
2023-12-09 06:30:00,1622.0,21.8,41.02,1.0
2023-12-09 06:45:00,1666.0,21.8,41.02,
2023-12-09 07:00:00,1586.0,21.8,41.02,1.0
2023-12-09 07:15:00,1504.0,21.8,41.02,
2023-12-09 07:30:00,1576.0,21.8,41.02,1.0
2023-12-09 07:45:00,1575.0,21.8,41.02,
2023-12-09 08:00:00,1552.0,21.8,41.02,1.0
2023-12-09 08:15:00,1463.0,21.8,41.02,
2023-12-09 08:30:00,1501.0,21.8,41.02,1.0
2023-12-09 08:45:00,1503.0,21.8,41.02,
2023-12-09 09:00:00,1455.0,21.8,41.02,1.0
2023-12-09 09:15:00,1430.5,21.8,41.02,
2023-12-09 09:30:00,1386.0,21.8,41.02,1.0
2023-12-09 09:45:00,1416.0,21.8,41.02,
2023-12-09 10:00:00,1454.0,21.8,41.02,1.0
2023-12-09 10:15:00,1424.0,21.8,41.02,
2023-12-09 10:30:00,1374.0,21.8,41.02,1.0
2023-12-09 10:45:00,1373.0,21.8,41.02,
2023-12-09 11:00:00,1414.0,21.8,41.02,1.0
2023-12-09 11:15:00,1363.0,21.8,41.02,
2023-12-09 11:30:00,1332.0,21.8,41.02,1.0
2023-12-09 11:45:00,1316.0,21.8,41.02,
2023-12-09 12:00:00,1347.0,21.7,41.02,1.0
2023-12-09 12:15:00,1281.0,21.8,41.02,
2023-12-09 12:30:00,1311.0,21.8,41.02,1.0
2023-12-09 12:45:00,1294.0,21.75,41.02,
2023-12-09 13:00:00,1270.0,21.8,41.02,1.0
2023-12-09 13:15:00,1231.5,21.8,41.02,
2023-12-09 13:30:00,1246.0,21.8,41.02,1.0
2023-12-09 13:45:00,1240.5,21.7,41.02,
2023-12-09 14:00:00,1231.0,21.8,41.02,1.0
2023-12-09 14:15:00,1226.0,21.7,41.02,
2023-12-09 14:30:00,1213.0,21.7,41.02,1.0
2023-12-09 14:45:00,1246.0,21.75,41.02,
2023-12-09 15:00:00,1210.0,21.7,41.02,1.0
2023-12-09 15:15:00,1226.0,21.7,41.02,
2023-12-09 15:30:00,1228.0,21.7,41.02,1.0
2023-12-09 15:45:00,1193.5,21.7,41.02,
2023-12-09 16:00:00,1197.0,21.7,41.02,1.0
2023-12-09 16:15:00,1161.0,21.7,41.02,
2023-12-09 16:30:00,1087.0,21.7,41.02,1.0
2023-12-09 16:45:00,1138.0,21.7,41.02,
2023-12-09 17:00:00,1067.0,21.7,41.02,1.0
2023-12-09 17:15:00,1122.5,21.7,41.02,
2023-12-09 17:30:00,1090.0,21.7,41.02,1.0
2023-12-09 17:45:00,1123.0,21.7,41.02,
2023-12-09 18:00:00,1125.0,21.7,41.02,1.0
2023-12-09 18:15:00,1087.5,21.7,41.02,
2023-12-09 18:30:00,1125.0,21.7,41.02,1.0
2023-12-09 18:45:00,1066.0,21.7,41.02,
2023-12-09 19:00:00,1115.0,21.7,41.02,1.0
2023-12-09 19:15:00,1088.5,21.7,41.02,
2023-12-09 19:30:00,1087.0,21.7,41.02,1.0
2023-12-09 19:45:00,1120.0,21.7,41.02,
2023-12-09 20:00:00,1002.0,21.7,41.02,1.0
2023-12-09 20:15:00,1027.5,21.7,41.02,
2023-12-09 20:30:00,1120.0,21.7,41.02,1.0
2023-12-09 20:45:00,1031.0,21.7,41.02,
2023-12-09 21:00:00,1021.0,21.7,41.02,1.0
2023-12-09 21:15:00,1042.0,21.7,41.41,
2023-12-09 21:30:00,1001.0,21.7,41.02,1.0
2023-12-09 21:45:00,978.0,21.7,41.41,
2023-12-09 22:00:00,978.0,21.7,41.41,1.0
2023-12-09 22:15:00,1046.0,21.7,41.41,
2023-12-09 22:30:00,962.5,21.7,41.41,1.0
2023-12-09 22:45:00,1109.0,21.7,41.02,
2023-12-09 23:00:00,1011.5,21.7,41.41,1.0
2023-12-09 23:15:00,997.0,21.7,41.02,
2023-12-09 23:30:00,987.0,21.7,41.41,1.0
2023-12-09 23:45:00,921.0,21.7,41.41,
2023-12-10 00:00:00,1017.0,21.7,41.41,1.0
2023-12-10 00:15:00,999.0,21.7,41.41,
2023-12-10 00:30:00,912.0,21.7,41.41,1.0
2023-12-10 00:45:00,950.0,21.7,41.41,
2023-12-10 01:00:00,993.0,21.7,41.41,1.0
2023-12-10 01:15:00,926.0,21.7,41.41,
2023-12-10 01:30:00,920.0,21.7,41.41,1.0
2023-12-10 01:45:00,921.0,21.7,41.41,
2023-12-10 02:00:00,916.5,21.65,41.41,1.0
2023-12-10 02:15:00,911.0,21.7,41.41,
2023-12-10 02:30:00,908.0,21.65,41.41,1.0
2023-12-10 02:45:00,878.0,21.6,41.41,
2023-12-10 03:00:00,926.5,21.7,41.41,1.0
2023-12-10 03:15:00,916.0,21.7,41.41,
2023-12-10 03:30:00,927.0,21.6,41.41,1.0
2023-12-10 03:45:00,829.0,21.6,41.41,
2023-12-10 04:00:00,902.0,21.6,41.41,1.0
2023-12-10 04:15:00,911.0,21.6,41.41,
2023-12-10 04:30:00,934.0,21.6,41.41,1.0
2023-12-10 04:45:00,933.0,21.6,41.41,
2023-12-10 05:00:00,910.0,21.65,41.41,1.0
2023-12-10 05:15:00,924.0,21.6,41.41,
2023-12-10 05:30:00,894.0,21.7,41.41,1.0
2023-12-10 05:45:00,892.0,21.6,41.41,
2023-12-10 06:00:00,886.5,21.6,41.41,1.0
2023-12-10 06:15:00,837.0,21.6,41.41,
2023-12-10 06:30:00,887.0,21.6,41.41,1.0
2023-12-10 06:45:00,877.0,21.6,41.41,
2023-12-10 07:00:00,886.0,21.6,41.41,1.0
2023-12-10 07:15:00,875.0,21.6,41.41,
2023-12-10 07:30:00,853.0,21.6,41.41,1.0
2023-12-10 07:45:00,908.0,21.6,41.41,
2023-12-10 08:00:00,849.5,21.6,41.41,1.0
2023-12-10 08:15:00,875.0,21.6,41.41,
2023-12-10 08:30:00,812.5,21.6,41.41,1.0
2023-12-10 08:45:00,798.0,21.6,41.41,
2023-12-10 09:00:00,852.5,21.6,41.41,1.0
2023-12-10 09:15:00,800.0,21.6,41.41,
2023-12-10 09:30:00,830.0,21.6,41.41,1.0
2023-12-10 09:45:00,809.0,21.6,41.41,
2023-12-10 10:00:00,797.5,21.6,41.41,1.0
2023-12-10 10:15:00,798.0,21.6,41.41,
2023-12-10 10:30:00,783.5,21.6,41.41,1.0
2023-12-10 10:45:00,850.0,21.6,41.41,
2023-12-10 11:00:00,835.5,21.6,41.41,1.0
2023-12-10 11:15:00,762.0,21.6,41.41,
2023-12-10 11:30:00,708.0,21.6,41.8,1.0
2023-12-10 11:45:00,795.5,21.6,41.41,
2023-12-10 12:00:00,855.0,21.6,41.41,1.0
2023-12-10 12:15:00,742.0,21.6,41.41,
2023-12-10 12:30:00,776.0,21.6,41.41,1.0
2023-12-10 12:45:00,715.0,21.6,41.41,
2023-12-10 13:00:00,755.0,21.6,41.41,1.0
2023-12-10 13:15:00,720.0,21.6,41.41,
2023-12-10 13:30:00,786.0,21.6,41.41,1.0
2023-12-10 13:45:00,756.0,21.6,41.41,
2023-12-10 14:00:00,718.0,21.6,41.41,1.0
2023-12-10 14:15:00,782.0,21.6,41.41,
2023-12-10 14:30:00,762.0,21.6,41.41,1.0
2023-12-10 14:45:00,753.0,21.6,41.41,
2023-12-10 15:00:00,750.0,21.6,41.41,1.0
2023-12-10 15:15:00,736.0,21.6,41.41,
2023-12-10 15:30:00,757.0,21.6,41.8,1.0
2023-12-10 15:45:00,723.5,21.6,41.41,
2023-12-10 16:00:00,759.0,21.6,41.41,1.0
2023-12-10 16:15:00,689.5,21.6,41.41,
2023-12-10 16:30:00,736.0,21.6,41.41,1.0
2023-12-10 16:45:00,665.0,21.6,41.41,
2023-12-10 17:00:00,654.0,21.6,41.41,1.0
2023-12-10 17:15:00,669.5,21.6,41.41,
2023-12-10 17:30:00,682.0,21.6,41.41,1.0
2023-12-10 17:45:00,671.0,21.6,41.41,
2023-12-10 18:00:00,685.0,21.6,41.41,1.0
2023-12-10 18:15:00,732.0,21.6,41.41,
2023-12-10 18:30:00,677.0,21.6,41.41,1.0
2023-12-10 18:45:00,682.5,21.6,41.41,
2023-12-10 19:00:00,703.0,21.6,41.41,1.0
2023-12-10 19:15:00,679.5,21.6,41.41,
2023-12-10 19:30:00,638.0,21.6,41.41,1.0
2023-12-10 19:45:00,657.5,21.6,41.41,
2023-12-10 20:00:00,738.0,21.6,41.41,1.0
2023-12-10 20:15:00,692.5,21.6,41.41,
2023-12-10 20:30:00,721.0,21.6,41.41,1.0
2023-12-10 20:45:00,669.5,21.6,41.605,
2023-12-10 21:00:00,735.0,21.6,41.8,1.0
2023-12-10 21:15:00,661.0,21.6,41.8,
2023-12-10 21:30:00,694.0,21.6,41.41,1.0
2023-12-10 21:45:00,655.0,21.6,41.605,
2023-12-10 22:00:00,689.0,21.5,41.41,1.0
2023-12-10 22:15:00,651.0,21.6,41.8,
2023-12-10 22:30:00,622.0,21.6,41.8,1.0
2023-12-10 22:45:00,642.5,21.55,41.8,
2023-12-10 23:00:00,617.0,21.6,41.41,1.0
2023-12-10 23:15:00,616.0,21.6,41.8,
2023-12-10 23:30:00,673.0,21.6,41.8,1.0
2023-12-10 23:45:00,678.5,21.6,41.8,
2023-12-11 00:00:00,654.0,21.6,41.8,1.0
2023-12-11 00:15:00,644.0,21.55,41.8,
2023-12-11 00:30:00,657.0,21.6,41.8,1.0
2023-12-11 00:45:00,640.5,21.6,41.8,
2023-12-11 01:00:00,652.0,21.6,41.8,1.0
2023-12-11 01:15:00,642.5,21.55,41.8,
2023-12-11 01:30:00,647.0,21.6,41.8,1.0
2023-12-11 01:45:00,632.5,21.6,41.8,
2023-12-11 02:00:00,638.0,21.6,41.8,1.0
2023-12-11 02:15:00,627.0,21.6,41.8,
2023-12-11 02:30:00,613.0,21.6,41.8,1.0
2023-12-11 02:45:00,625.5,21.55,41.8,
2023-12-11 03:00:00,640.0,21.6,41.8,1.0
2023-12-11 03:15:00,633.5,21.55,41.8,
2023-12-11 03:30:00,657.0,21.5,41.8,1.0
2023-12-11 03:45:00,619.0,21.55,41.8,
2023-12-11 04:00:00,638.0,21.6,41.8,1.0
2023-12-11 04:15:00,597.0,21.55,41.8,
2023-12-11 04:30:00,629.0,21.5,41.8,1.0
2023-12-11 04:45:00,634.5,21.55,41.8,
2023-12-11 05:00:00,631.0,21.6,41.8,1.0
2023-12-11 05:15:00,616.0,21.6,41.8,
2023-12-11 05:30:00,592.0,21.6,41.8,1.0
2023-12-11 05:45:00,589.0,21.55,41.8,
2023-12-11 06:00:00,563.0,21.5,41.8,1.0
2023-12-11 06:15:00,608.5,21.5,41.8,
2023-12-11 06:30:00,629.0,21.5,41.8,1.0
2023-12-11 06:45:00,610.5,21.6,41.8,
2023-12-11 07:00:00,588.0,21.5,41.8,1.0
2023-12-11 07:15:00,561.0,21.55,40.43,
2023-12-11 07:30:00,577.0,21.7,38.67,1.0
2023-12-11 07:45:00,715.0,21.85,38.865,
2023-12-11 08:00:00,689.0,21.9,39.06,1.0
2023-12-11 08:15:00,949.0,22.1,39.84,
2023-12-11 08:30:00,1151.0,22.3,40.62,1.0
2023-12-11 08:45:00,1231.0,22.4,41.41,
2023-12-11 09:00:00,1344.0,22.45,43.165,1.0
2023-12-11 09:15:00,1348.0,22.6,42.97,
2023-12-11 09:30:00,1586.0,22.65,43.75,1.0
2023-12-11 09:45:00,1754.0,22.7,43.75,
2023-12-11 10:00:00,1608.0,22.65,43.555,1.0
2023-12-11 10:15:00,1768.0,22.6,43.36,
2023-12-11 10:30:00,1893.0,22.7,43.36,1.0
2023-12-11 10:45:00,1827.0,22.7,43.36,
2023-12-11 11:00:00,2160.5,22.7,43.75,1.0
2023-12-11 11:15:00,2270.0,22.7,43.75,
2023-12-11 11:30:00,2292.0,22.7,44.14,1.0
2023-12-11 11:45:00,2292.0,22.8,43.75,
2023-12-11 12:00:00,2208.5,23.05,42.58,1.0
2023-12-11 12:15:00,2078.0,23.2,41.8,
2023-12-11 12:30:00,2213.5,23.3,41.41,1.0
2023-12-11 12:45:00,2289.0,23.4,41.02,
2023-12-11 13:00:00,2223.0,23.4,40.62,1.0
2023-12-11 13:15:00,2097.0,23.4,40.23,
2023-12-11 13:30:00,2250.0,23.55,40.82,1.0
2023-12-11 13:45:00,2292.0,23.7,41.41,
2023-12-11 14:00:00,2292.0,23.7,41.8,1.0
2023-12-11 14:15:00,2292.0,23.8,41.8,
2023-12-11 14:30:00,2292.0,23.75,41.8,1.0
2023-12-11 14:45:00,2292.0,23.8,41.41,
2023-12-11 15:00:00,2292.0,23.8,41.41,1.0
2023-12-11 15:15:00,2292.0,23.8,41.41,
2023-12-11 15:30:00,2292.0,23.8,41.41,1.0
2023-12-11 15:45:00,2292.0,23.8,41.41,
2023-12-11 16:00:00,2292.0,23.8,41.41,1.0
2023-12-11 16:15:00,2292.0,23.9,41.41,
2023-12-11 16:30:00,2292.0,23.9,41.02,1.0
2023-12-11 16:45:00,2292.0,23.9,41.02,
2023-12-11 17:00:00,2292.0,24.0,41.02,1.0
2023-12-11 17:15:00,2292.0,24.0,41.02,
2023-12-11 17:30:00,2292.0,24.0,41.02,1.0
2023-12-11 17:45:00,2252.5,24.0,41.02,
2023-12-11 18:00:00,2186.0,24.1,41.02,1.0
2023-12-11 18:15:00,2247.0,24.1,41.02,
2023-12-11 18:30:00,2202.0,24.1,41.02,1.0
2023-12-11 18:45:00,2170.0,24.1,41.02,
2023-12-11 19:00:00,2255.0,24.1,40.62,1.0
2023-12-11 19:15:00,2104.0,24.2,40.82,
2023-12-11 19:30:00,2133.0,24.2,40.62,1.0
2023-12-11 19:45:00,2108.0,24.2,40.82,
2023-12-11 20:00:00,2059.0,24.2,40.62,1.0
2023-12-11 20:15:00,2061.5,24.3,40.62,
2023-12-11 20:30:00,2002.0,24.3,40.62,1.0
2023-12-11 20:45:00,2030.5,24.3,40.62,
2023-12-11 21:00:00,1976.0,24.3,40.62,1.0
2023-12-11 21:15:00,1960.5,24.35,40.62,
2023-12-11 21:30:00,1977.0,24.4,40.62,1.0
2023-12-11 21:45:00,1922.5,24.4,40.62,
2023-12-11 22:00:00,1972.0,24.4,40.62,1.0
2023-12-11 22:15:00,1931.5,24.4,40.62,
2023-12-11 22:30:00,1912.0,24.4,40.62,1.0
2023-12-11 22:45:00,1937.5,24.5,40.62,
2023-12-11 23:00:00,1861.0,24.5,40.62,1.0
2023-12-11 23:15:00,1836.5,24.5,40.23,
2023-12-11 23:30:00,1900.0,24.5,40.23,1.0
2023-12-11 23:45:00,1808.0,24.55,40.23,
2023-12-12 00:00:00,1791.0,24.5,40.23,1.0
2023-12-12 00:15:00,1717.0,24.6,40.23,
2023-12-12 00:30:00,1777.0,24.6,40.23,1.0
2023-12-12 00:45:00,1739.5,24.6,40.23,
2023-12-12 01:00:00,1655.0,24.6,40.23,1.0
2023-12-12 01:15:00,1725.0,24.6,40.23,
2023-12-12 01:30:00,1642.5,24.6,40.23,1.0
2023-12-12 01:45:00,1592.0,24.6,40.23,
2023-12-12 02:00:00,1647.5,24.6,40.23,1.0
2023-12-12 02:15:00,1625.0,24.6,40.23,
2023-12-12 02:30:00,1598.5,24.6,40.23,1.0
2023-12-12 02:45:00,1614.0,24.7,40.23,
2023-12-12 03:00:00,1592.0,24.65,40.23,1.0
2023-12-12 03:15:00,1541.0,24.6,40.23,
2023-12-12 03:30:00,1509.5,24.7,40.23,1.0
2023-12-12 03:45:00,1478.0,24.7,40.23,
2023-12-12 04:00:00,1498.0,24.7,40.035,1.0
2023-12-12 04:15:00,1406.0,24.7,39.84,
2023-12-12 04:30:00,1480.0,24.7,39.84,1.0
2023-12-12 04:45:00,1401.0,24.7,40.23,
2023-12-12 05:00:00,1374.0,24.7,39.84,1.0
2023-12-12 05:15:00,1305.0,24.7,39.84,
2023-12-12 05:30:00,1348.0,24.7,39.84,1.0
2023-12-12 05:45:00,1334.0,24.7,39.84,
2023-12-12 06:00:00,1305.5,24.8,39.84,1.0
2023-12-12 06:15:00,1264.0,24.8,39.84,
2023-12-12 06:30:00,1263.0,24.8,39.84,1.0
2023-12-12 06:45:00,1411.0,24.8,39.84,
2023-12-12 07:00:00,1243.0,24.8,39.84,1.0
2023-12-12 07:15:00,1260.0,24.8,39.84,
2023-12-12 07:30:00,1254.5,24.8,39.645,1.0
2023-12-12 07:45:00,1226.0,24.8,39.45,
2023-12-12 08:00:00,1147.0,24.8,39.45,1.0
2023-12-12 08:15:00,1231.0,24.8,39.45,
2023-12-12 08:30:00,1216.5,24.8,39.45,1.0
2023-12-12 08:45:00,1220.0,24.8,39.45,
2023-12-12 09:00:00,1160.5,24.8,39.45,1.0
2023-12-12 09:15:00,1173.0,24.8,39.84,
2023-12-12 09:30:00,1126.0,24.7,39.45,1.0
2023-12-12 09:45:00,1175.0,24.75,39.45,
2023-12-12 10:00:00,1167.0,24.7,39.45,1.0
2023-12-12 10:15:00,1149.0,24.7,39.45,
2023-12-12 10:30:00,1106.0,24.8,39.45,1.0
2023-12-12 10:45:00,1105.0,24.8,39.45,
2023-12-12 11:00:00,1075.0,24.8,39.45,1.0
2023-12-12 11:15:00,1214.0,24.8,39.45,
2023-12-12 11:30:00,1220.0,24.8,39.45,1.0
2023-12-12 11:45:00,1097.5,24.8,39.45,
2023-12-12 12:00:00,1184.0,24.8,39.45,1.0
2023-12-12 12:15:00,1109.5,24.8,39.45,
2023-12-12 12:30:00,1174.0,24.8,39.45,1.0
2023-12-12 12:45:00,1179.5,24.8,39.45,
2023-12-12 13:00:00,1089.0,24.8,39.45,1.0
2023-12-12 13:15:00,1158.0,24.8,39.45,
2023-12-12 13:30:00,1090.0,24.9,39.45,1.0
2023-12-12 13:45:00,1118.5,24.85,39.255,
2023-12-12 14:00:00,1160.0,24.9,39.06,1.0
2023-12-12 14:15:00,1119.5,24.9,39.06,
2023-12-12 14:30:00,1065.0,24.9,39.06,1.0
2023-12-12 14:45:00,1189.5,24.9,39.06,
2023-12-12 15:00:00,1185.0,24.9,39.06,1.0
2023-12-12 15:15:00,1123.0,24.9,39.06,
2023-12-12 15:30:00,1152.0,24.9,39.06,1.0
2023-12-12 15:45:00,1112.0,24.9,39.06,
2023-12-12 16:00:00,1170.0,24.9,39.06,1.0
2023-12-12 16:15:00,1207.5,24.9,39.06,
2023-12-12 16:30:00,1121.0,24.9,39.06,1.0
2023-12-12 16:45:00,1155.5,24.9,39.06,
2023-12-12 17:00:00,1189.0,24.9,39.06,1.0
2023-12-12 17:15:00,1176.0,24.9,39.06,
2023-12-12 17:30:00,1186.5,24.9,39.06,1.0
2023-12-12 17:45:00,1103.0,24.9,39.06,
2023-12-12 18:00:00,1153.0,24.9,39.06,1.0
2023-12-12 18:15:00,1144.0,24.9,39.06,
2023-12-12 18:30:00,1198.0,24.9,39.06,1.0
2023-12-12 18:45:00,1130.0,24.9,39.06,
2023-12-12 19:00:00,1152.0,24.9,39.06,1.0
2023-12-12 19:15:00,1146.0,25.0,39.06,
2023-12-12 19:30:00,1198.5,25.0,39.06,1.0
2023-12-12 19:45:00,1049.0,25.0,39.06,
2023-12-12 20:00:00,1129.5,25.0,39.06,1.0
2023-12-12 20:15:00,1104.0,25.0,39.06,
2023-12-12 20:30:00,1069.0,25.0,39.06,1.0
2023-12-12 20:45:00,1102.0,25.0,39.06,
2023-12-12 21:00:00,1069.5,25.0,39.06,1.0
2023-12-12 21:15:00,1060.0,25.0,39.06,
2023-12-12 21:30:00,1051.0,25.0,39.06,1.0
2023-12-12 21:45:00,1080.0,25.0,39.06,
2023-12-12 22:00:00,1045.0,25.0,38.865,1.0
2023-12-12 22:15:00,1105.0,25.0,39.06,
2023-12-12 22:30:00,1074.0,25.0,39.06,1.0
2023-12-12 22:45:00,1047.0,25.0,38.67,
2023-12-12 23:00:00,1022.0,25.0,39.06,1.0
2023-12-12 23:15:00,1080.0,25.0,38.67,
2023-12-12 23:30:00,1065.0,25.0,38.865,1.0
2023-12-12 23:45:00,1050.0,25.0,39.06,
2023-12-13 00:00:00,1041.0,25.0,38.67,1.0
2023-12-13 00:15:00,1047.0,25.0,38.67,
2023-12-13 00:30:00,1024.0,25.0,38.67,1.0
2023-12-13 00:45:00,1037.0,25.0,38.67,
2023-12-13 01:00:00,1026.0,25.0,38.67,1.0
2023-12-13 01:15:00,1032.0,25.0,38.67,
2023-12-13 01:30:00,978.0,25.0,38.67,1.0
2023-12-13 01:45:00,1011.0,25.0,38.67,
2023-12-13 02:00:00,1022.0,25.0,38.67,1.0
2023-12-13 02:15:00,992.5,25.0,38.67,
2023-12-13 02:30:00,976.0,25.0,38.67,1.0
2023-12-13 02:45:00,949.5,25.0,38.67,
2023-12-13 03:00:00,963.0,25.0,38.67,1.0
2023-12-13 03:15:00,986.5,25.0,38.67,
2023-12-13 03:30:00,965.0,25.0,38.67,1.0
2023-12-13 03:45:00,977.0,25.0,38.67,
2023-12-13 04:00:00,1008.0,25.0,38.67,1.0
2023-12-13 04:15:00,976.0,25.0,38.67,
2023-12-13 04:30:00,986.0,25.0,38.67,1.0
2023-12-13 04:45:00,932.0,25.0,38.67,
2023-12-13 05:00:00,991.0,25.0,38.28,1.0
2023-12-13 05:15:00,899.0,25.05,38.475,
2023-12-13 05:30:00,928.0,25.0,38.28,1.0
2023-12-13 05:45:00,924.5,25.0,38.28,
2023-12-13 06:00:00,914.0,25.1,38.28,1.0
2023-12-13 06:15:00,911.5,25.05,38.28,
2023-12-13 06:30:00,901.0,25.0,38.28,1.0
2023-12-13 06:45:00,857.0,25.0,38.28,
2023-12-13 07:00:00,828.0,25.0,38.28,1.0
2023-12-13 07:15:00,849.5,25.0,38.28,
2023-12-13 07:30:00,900.0,25.0,38.28,1.0
2023-12-13 07:45:00,861.0,25.0,38.28,
2023-12-13 08:00:00,823.0,25.0,37.89,1.0
2023-12-13 08:15:00,855.0,24.95,37.89,
2023-12-13 08:30:00,857.0,25.0,37.89,1.0
2023-12-13 08:45:00,827.0,24.95,37.89,
2023-12-13 09:00:00,814.0,25.0,37.89,1.0
2023-12-13 09:15:00,824.5,25.0,37.89,
2023-12-13 09:30:00,885.0,25.0,37.89,1.0
2023-12-13 09:45:00,846.0,25.0,37.89,
2023-12-13 10:00:00,791.0,25.0,37.89,1.0
2023-12-13 10:15:00,804.0,25.0,37.695,
2023-12-13 10:30:00,869.0,25.0,37.89,1.0
2023-12-13 10:45:00,829.5,25.0,37.89,
2023-12-13 11:00:00,832.0,25.0,37.89,1.0
2023-12-13 11:15:00,877.0,25.0,37.89,
2023-12-13 11:30:00,859.0,25.0,37.89,1.0
2023-12-13 11:45:00,868.0,25.0,37.695,
2023-12-13 12:00:00,968.0,25.0,37.5,1.0
2023-12-13 12:15:00,835.0,25.0,37.5,
2023-12-13 12:30:00,869.0,25.0,37.5,1.0
2023-12-13 12:45:00,884.0,25.0,37.5,
2023-12-13 13:00:00,901.0,25.0,37.5,1.0
2023-12-13 13:15:00,881.5,25.0,37.5,
2023-12-13 13:30:00,867.0,25.0,37.5,1.0
2023-12-13 13:45:00,1002.0,25.0,37.5,
2023-12-13 14:00:00,971.0,25.0,37.5,1.0
2023-12-13 14:15:00,953.0,25.0,37.5,
2023-12-13 14:30:00,994.0,25.0,37.5,1.0
2023-12-13 14:45:00,1005.0,25.0,37.5,
2023-12-13 15:00:00,998.5,25.0,37.5,1.0
2023-12-13 15:15:00,937.0,25.0,37.5,
2023-12-13 15:30:00,1023.5,25.0,37.5,1.0
2023-12-13 15:45:00,1108.0,25.0,37.5,
2023-12-13 16:00:00,1074.0,25.0,37.5,1.0
2023-12-13 16:15:00,1035.0,25.0,37.5,
2023-12-13 16:30:00,1117.5,25.0,37.5,1.0
2023-12-13 16:45:00,1011.0,25.0,37.5,
2023-12-13 17:00:00,1136.5,25.05,37.5,1.0
2023-12-13 17:15:00,1081.0,25.1,37.5,
2023-12-13 17:30:00,1096.0,25.0,37.5,1.0
2023-12-13 17:45:00,1126.0,25.1,37.11,
2023-12-13 18:00:00,1148.0,25.0,37.305,1.0
2023-12-13 18:15:00,1179.0,25.0,37.11,
2023-12-13 18:30:00,1115.0,25.0,37.5,1.0
2023-12-13 18:45:00,1224.0,25.0,37.5,
2023-12-13 19:00:00,1100.5,25.0,37.305,1.0
2023-12-13 19:15:00,1164.0,25.1,37.5,
2023-12-13 19:30:00,1161.5,25.05,37.5,1.0
2023-12-13 19:45:00,1069.0,25.1,37.5,
2023-12-13 20:00:00,1103.0,25.0,37.5,1.0
2023-12-13 20:15:00,1079.0,25.0,37.5,
2023-12-13 20:30:00,1176.5,25.0,37.305,1.0
2023-12-13 20:45:00,1168.0,25.0,37.5,
2023-12-13 21:00:00,1110.5,25.05,37.5,1.0
2023-12-13 21:15:00,1151.0,25.0,37.11,
2023-12-13 21:30:00,1070.0,25.05,37.305,1.0
2023-12-13 21:45:00,1036.0,25.0,37.5,
2023-12-13 22:00:00,1018.0,25.0,37.5,1.0
2023-12-13 22:15:00,1049.5,25.05,37.5,
2023-12-13 22:30:00,1028.0,25.1,37.5,1.0
2023-12-13 22:45:00,1064.5,25.1,37.305,
2023-12-13 23:00:00,1006.0,25.1,37.5,1.0
2023-12-13 23:15:00,997.0,25.1,37.305,
2023-12-13 23:30:00,984.0,25.1,37.5,1.0
2023-12-13 23:45:00,990.0,25.1,37.11,
2023-12-14 00:00:00,984.0,25.1,37.11,1.0
2023-12-14 00:15:00,974.0,25.1,37.11,
2023-12-14 00:30:00,1007.0,25.1,37.11,1.0
2023-12-14 00:45:00,940.5,25.1,37.11,
2023-12-14 01:00:00,1018.0,25.1,37.11,1.0
2023-12-14 01:15:00,954.5,25.0,37.11,
2023-12-14 01:30:00,956.0,25.1,37.11,1.0
2023-12-14 01:45:00,938.5,25.0,37.11,
2023-12-14 02:00:00,860.0,25.1,37.11,1.0
2023-12-14 02:15:00,879.0,25.05,37.11,
2023-12-14 02:30:00,907.0,25.1,37.11,1.0
2023-12-14 02:45:00,867.5,25.1,37.11,
2023-12-14 03:00:00,910.0,25.0,37.11,1.0
2023-12-14 03:15:00,854.0,25.1,37.11,
2023-12-14 03:30:00,937.0,25.1,37.11,1.0
2023-12-14 03:45:00,879.0,25.1,37.11,
2023-12-14 04:00:00,939.0,25.1,37.11,1.0
2023-12-14 04:15:00,869.0,25.1,37.11,1.0
2023-12-14 04:30:00,870.0,25.1,37.11,1.0
2023-12-14 04:45:00,814.0,25.1,37.11,1.0
2023-12-14 05:00:00,912.0,25.1,37.11,1.0
2023-12-14 05:15:00,888.5,25.1,37.11,1.0
2023-12-14 05:30:00,890.0,25.1,37.11,1.0
2023-12-14 05:45:00,791.0,25.1,37.11,1.0
2023-12-14 06:00:00,774.0,25.1,37.11,1.0
2023-12-14 06:15:00,824.0,25.1,36.72,1.0
2023-12-14 06:30:00,794.0,25.1,37.11,1.0
2023-12-14 06:45:00,781.0,25.1,36.915,1.0
2023-12-14 07:00:00,792.0,25.1,37.11,1.0
2023-12-14 07:15:00,759.5,25.1,36.72,1.0
2023-12-14 07:30:00,775.0,25.1,36.72,1.0
2023-12-14 07:45:00,920.5,24.95,33.985,1.0
2023-12-14 08:00:00,1013.0,24.8,33.98,1.0
2023-12-14 08:15:00,1247.0,24.65,35.94,1.0
2023-12-14 08:30:00,1279.0,24.5,36.72,1.0
2023-12-14 08:45:00,1186.0,24.4,35.94,1.0
2023-12-14 09:00:00,1414.5,24.4,35.745,1.0
2023-12-14 09:15:00,1578.0,24.4,35.94,1.0
2023-12-14 09:30:00,1760.5,24.4,36.135,1.0
2023-12-14 09:45:00,2067.0,24.5,37.5,0.0
2023-12-14 10:00:00,1860.5,24.45,35.55,0.5
2023-12-14 10:15:00,1715.0,24.4,33.98,1.0
2023-12-14 10:30:00,1631.5,24.45,33.98,0.5
2023-12-14 10:45:00,1879.0,24.5,33.2,0.0
2023-12-14 11:00:00,2059.0,24.45,33.785,0.0
2023-12-14 11:15:00,2174.0,24.3,33.98,0.0
2023-12-14 11:30:00,2015.5,24.35,32.81,0.0
2023-12-14 11:45:00,2048.0,24.3,32.42,0.0
2023-12-14 12:00:00,2059.0,24.35,32.81,0.5
2023-12-14 12:15:00,2230.0,24.5,33.2,1.0
2023-12-14 12:30:00,2000.0,24.55,32.42,1.0
2023-12-14 12:45:00,1776.0,24.6,31.64,1.0
2023-12-14 13:00:00,2054.0,24.65,31.835,1.0
2023-12-14 13:15:00,2189.0,24.7,32.42,1.0
2023-12-14 13:30:00,2149.0,24.65,32.03,1.0
2023-12-14 13:45:00,2120.0,24.6,32.03,1.0
2023-12-14 14:00:00,2087.0,24.7,32.03,1.0
2023-12-14 14:15:00,2110.0,24.7,32.81,1.0
2023-12-14 14:30:00,2185.5,24.6,33.395,1.0
2023-12-14 14:45:00,2230.0,24.5,33.59,1.0
2023-12-14 15:00:00,2229.5,24.5,34.375,1.0
2023-12-14 15:15:00,2230.0,24.5,35.55,1.0
2023-12-14 15:30:00,2230.0,24.4,35.55,1.0
2023-12-14 15:45:00,2230.0,24.4,35.55,1.0
2023-12-14 16:00:00,2230.0,24.35,35.55,1.0
2023-12-14 16:15:00,2230.0,24.3,35.94,1.0
2023-12-14 16:30:00,2230.0,24.25,35.94,1.0
2023-12-14 16:45:00,2230.0,24.2,35.94,1.0
2023-12-14 17:00:00,2230.0,24.1,36.33,1.0
2023-12-14 17:15:00,2230.0,24.1,36.33,1.0
2023-12-14 17:30:00,2230.0,24.0,36.33,1.0
2023-12-14 17:45:00,2230.0,24.0,36.33,1.0
2023-12-14 18:00:00,2230.0,24.0,36.33,1.0
2023-12-14 18:15:00,2230.0,23.95,36.525,1.0
2023-12-14 18:30:00,2230.0,23.9,36.72,1.0
2023-12-14 18:45:00,2230.0,23.9,36.72,1.0
2023-12-14 19:00:00,2230.0,23.9,36.72,1.0
2023-12-14 19:15:00,2230.0,23.9,36.72,1.0
2023-12-14 19:30:00,2230.0,23.9,36.72,1.0
2023-12-14 19:45:00,2215.0,23.9,36.72,1.0
2023-12-14 20:00:00,2230.0,23.9,37.11,1.0
2023-12-14 20:15:00,2221.0,23.9,36.915,1.0
2023-12-14 20:30:00,2230.0,23.8,37.11,1.0
2023-12-14 20:45:00,2212.5,23.8,37.11,1.0
2023-12-14 21:00:00,2168.0,23.8,37.11,1.0
2023-12-14 21:15:00,2178.5,23.8,37.11,1.0
2023-12-14 21:30:00,2096.0,23.9,37.11,1.0
2023-12-14 21:45:00,2130.0,23.85,37.11,1.0
2023-12-14 22:00:00,2133.0,23.9,37.11,1.0
2023-12-14 22:15:00,2087.0,23.85,37.11,1.0
2023-12-14 22:30:00,2004.0,23.9,37.11,1.0
2023-12-14 22:45:00,2058.5,23.85,37.11,1.0
2023-12-14 23:00:00,1968.0,23.8,37.11,1.0
2023-12-14 23:15:00,1998.0,23.8,37.305,1.0
2023-12-14 23:30:00,1964.0,23.8,37.11,1.0
2023-12-14 23:45:00,1946.5,23.8,37.5,1.0
2023-12-15 00:00:00,1985.0,23.8,37.11,1.0
2023-12-15 00:15:00,1896.5,23.8,37.5,1.0
2023-12-15 00:30:00,1853.0,23.8,37.5,1.0
2023-12-15 00:45:00,1835.0,23.8,37.5,1.0
2023-12-15 01:00:00,1838.0,23.8,37.5,1.0
2023-12-15 01:15:00,1791.0,23.8,37.5,1.0
2023-12-15 01:30:00,1768.5,23.8,37.5,
2023-12-15 01:45:00,1785.0,23.8,37.5,1.0
2023-12-15 02:00:00,1723.0,23.8,37.5,
2023-12-15 02:15:00,1669.0,23.8,37.5,1.0
2023-12-15 02:30:00,1671.5,23.8,37.5,
2023-12-15 02:45:00,1737.0,23.8,37.5,1.0
2023-12-15 03:00:00,1646.0,23.8,37.5,
2023-12-15 03:15:00,1675.0,23.8,37.5,1.0
2023-12-15 03:30:00,1619.5,23.8,37.5,
2023-12-15 03:45:00,1598.0,23.8,37.5,1.0
2023-12-15 04:00:00,1588.5,23.8,37.5,
2023-12-15 04:15:00,1514.0,23.8,37.5,1.0
2023-12-15 04:30:00,1607.5,23.8,37.5,
2023-12-15 04:45:00,1535.0,23.8,37.5,1.0
2023-12-15 05:00:00,1578.0,23.8,37.89,
2023-12-15 05:15:00,1505.0,23.8,37.89,1.0
2023-12-15 05:30:00,1523.5,23.8,37.89,
2023-12-15 05:45:00,1461.0,23.7,37.89,1.0
2023-12-15 06:00:00,1418.0,23.75,37.89,
2023-12-15 06:15:00,1464.0,23.8,37.89,1.0
2023-12-15 06:30:00,1459.0,23.8,37.89,
2023-12-15 06:45:00,1412.0,23.8,37.89,1.0
2023-12-15 07:00:00,1404.5,23.75,37.89,
2023-12-15 07:15:00,1402.0,23.8,37.89,0.0
2023-12-15 07:30:00,1323.5,23.7,37.695,
2023-12-15 07:45:00,1385.0,23.7,37.5,0.0
2023-12-15 08:00:00,1267.0,23.6,37.5,
2023-12-15 08:15:00,1305.0,23.5,37.5,0.0
2023-12-15 08:30:00,1279.0,23.5,37.305,
2023-12-15 08:45:00,1229.0,23.4,37.11,0.0
2023-12-15 09:00:00,1230.0,23.4,37.305,
2023-12-15 09:15:00,1345.0,23.4,37.89,1.0
2023-12-15 09:30:00,1356.0,23.4,38.67,
2023-12-15 09:45:00,1613.0,23.55,39.255,1.0
2023-12-15 10:00:00,1782.0,23.7,40.23,
2023-12-15 10:15:00,1880.0,23.7,40.230000000000004,1.0
2023-12-15 10:30:00,2085.0,23.7,41.02,
2023-12-15 10:45:00,2230.0,23.7,41.8,1.0
2023-12-15 11:00:00,2230.0,23.7,42.58,0.5
2023-12-15 11:15:00,1753.5,23.55,40.23,1.0
2023-12-15 11:30:00,1836.0,23.5,40.23,
2023-12-15 11:45:00,1852.5,23.6,40.23,0.0
2023-12-15 12:00:00,1730.0,23.5,39.84,
2023-12-15 12:15:00,1487.0,23.45,39.06,0.0
2023-12-15 12:30:00,1360.0,23.3,38.67,
2023-12-15 12:45:00,1478.5,23.2,39.255,1.0
2023-12-15 13:00:00,1781.0,23.2,39.84,
2023-12-15 13:15:00,1548.5,23.2,39.84,1.0
2023-12-15 13:30:00,1527.0,23.2,39.84,
2023-12-15 13:45:00,1468.0,23.2,39.84,1.0
2023-12-15 14:00:00,1703.0,23.2,40.23,
2023-12-15 14:15:00,2200.0,23.2,41.8,1.0
2023-12-15 14:30:00,2194.0,23.2,41.41,
2023-12-15 14:45:00,2086.0,23.15,41.41,1.0
2023-12-15 15:00:00,2112.0,23.1,41.41,
2023-12-15 15:15:00,2077.5,23.1,41.215,1.0
2023-12-15 15:30:00,2062.0,23.1,41.02,
2023-12-15 15:45:00,2044.5,23.05,41.02,1.0
2023-12-15 16:00:00,2018.0,23.0,41.02,
2023-12-15 16:15:00,2035.5,23.0,41.02,1.0
2023-12-15 16:30:00,1943.0,23.0,41.02,
2023-12-15 16:45:00,2001.0,22.9,41.02,1.0
2023-12-15 17:00:00,1972.0,22.9,41.02,
2023-12-15 17:15:00,1945.0,22.9,41.02,1.0
2023-12-15 17:30:00,1856.0,22.9,41.02,
2023-12-15 17:45:00,1886.0,22.9,41.02,1.0
2023-12-15 18:00:00,1933.5,22.9,41.02,
2023-12-15 18:15:00,1890.0,22.9,41.02,1.0
2023-12-15 18:30:00,1838.0,22.8,41.02,
2023-12-15 18:45:00,1861.0,22.8,41.02,1.0
2023-12-15 19:00:00,1828.0,22.8,41.02,
2023-12-15 19:15:00,1829.0,22.8,41.02,1.0
2023-12-15 19:30:00,1808.5,22.8,41.02,
2023-12-15 19:45:00,1875.0,22.8,41.02,1.0
2023-12-15 20:00:00,1792.5,22.8,41.02,
2023-12-15 20:15:00,1757.0,22.8,41.02,1.0
2023-12-15 20:30:00,1738.0,22.8,41.02,
2023-12-15 20:45:00,1727.0,22.7,41.02,1.0
2023-12-15 21:00:00,1745.0,22.7,41.02,
2023-12-15 21:15:00,1722.0,22.7,41.02,1.0
2023-12-15 21:30:00,1637.0,22.7,41.02,
2023-12-15 21:45:00,1699.0,22.7,41.02,1.0
2023-12-15 22:00:00,1651.0,22.7,41.02,
2023-12-15 22:15:00,1753.0,22.7,41.02,1.0
2023-12-15 22:30:00,1637.0,22.7,41.02,
2023-12-15 22:45:00,1636.0,22.7,41.02,1.0
2023-12-15 23:00:00,1664.5,22.7,41.02,
2023-12-15 23:15:00,1625.0,22.7,41.02,1.0
2023-12-15 23:30:00,1576.5,22.7,41.02,
2023-12-15 23:45:00,1583.0,22.7,41.02,1.0
2023-12-16 00:00:00,1573.5,22.6,41.02,
2023-12-16 00:15:00,1541.0,22.6,41.02,1.0
2023-12-16 00:30:00,1603.5,22.6,41.02,
2023-12-16 00:45:00,1511.0,22.6,41.02,1.0
2023-12-16 01:00:00,1470.0,22.6,41.02,
2023-12-16 01:15:00,1514.0,22.6,41.02,1.0
2023-12-16 01:30:00,1427.5,22.6,41.02,
2023-12-16 01:45:00,1461.0,22.6,41.02,1.0
2023-12-16 02:00:00,1399.0,22.6,41.02,
2023-12-16 02:15:00,1445.0,22.6,41.02,1.0
2023-12-16 02:30:00,1418.0,22.6,41.02,
2023-12-16 02:45:00,1365.5,22.6,41.02,1.0
2023-12-16 03:00:00,1401.0,22.6,41.02,
2023-12-16 03:15:00,1363.5,22.6,41.02,1.0
2023-12-16 03:30:00,1382.0,22.6,41.02,
2023-12-16 03:45:00,1388.5,22.6,41.02,1.0
2023-12-16 04:00:00,1294.0,22.6,41.02,
2023-12-16 04:15:00,1343.5,22.55,41.02,1.0
2023-12-16 04:30:00,1310.0,22.6,41.02,
2023-12-16 04:45:00,1295.5,22.6,41.02,1.0
2023-12-16 05:00:00,1323.0,22.6,41.02,
2023-12-16 05:15:00,1283.5,22.6,41.02,1.0
2023-12-16 05:30:00,1284.0,22.5,41.02,
2023-12-16 05:45:00,1333.0,22.5,41.02,1.0
2023-12-16 06:00:00,1284.0,22.5,41.02,
2023-12-16 06:15:00,1294.5,22.5,41.02,1.0
2023-12-16 06:30:00,1184.0,22.5,41.02,
2023-12-16 06:45:00,1236.5,22.5,41.02,1.0
2023-12-16 07:00:00,1153.0,22.5,41.02,
2023-12-16 07:15:00,1227.0,22.5,41.02,1.0
2023-12-16 07:30:00,1218.0,22.5,41.02,
2023-12-16 07:45:00,1172.5,22.5,41.02,1.0
2023-12-16 08:00:00,1200.0,22.5,41.02,
2023-12-16 08:15:00,1139.0,22.5,41.02,1.0
2023-12-16 08:30:00,1192.0,22.5,41.02,
2023-12-16 08:45:00,1132.5,22.5,41.02,1.0
2023-12-16 09:00:00,1117.0,22.5,41.02,
2023-12-16 09:15:00,1104.5,22.5,41.02,1.0
2023-12-16 09:30:00,1120.0,22.5,41.02,
2023-12-16 09:45:00,1062.0,22.5,41.02,1.0
2023-12-16 10:00:00,1099.0,22.5,41.02,
2023-12-16 10:15:00,1053.0,22.5,41.02,1.0
2023-12-16 10:30:00,1047.0,22.5,41.02,
2023-12-16 10:45:00,1063.0,22.5,41.02,1.0
2023-12-16 11:00:00,1034.5,22.5,41.02,
2023-12-16 11:15:00,1051.0,22.5,41.02,1.0
2023-12-16 11:30:00,999.5,22.5,41.02,
2023-12-16 11:45:00,1068.0,22.5,41.02,1.0
2023-12-16 12:00:00,998.5,22.5,41.02,
2023-12-16 12:15:00,991.0,22.5,41.02,1.0
2023-12-16 12:30:00,947.0,22.5,41.02,
2023-12-16 12:45:00,991.0,22.5,41.02,1.0
2023-12-16 13:00:00,979.5,22.5,41.215,
2023-12-16 13:15:00,1012.0,22.5,41.02,1.0
2023-12-16 13:30:00,952.0,22.5,41.215,
2023-12-16 13:45:00,956.0,22.5,41.41,1.0
2023-12-16 14:00:00,927.5,22.5,41.41,
2023-12-16 14:15:00,956.0,22.5,41.02,1.0
2023-12-16 14:30:00,949.0,22.5,41.41,
2023-12-16 14:45:00,916.0,22.5,41.41,1.0
2023-12-16 15:00:00,878.5,22.5,41.41,
2023-12-16 15:15:00,965.0,22.5,41.41,1.0
2023-12-16 15:30:00,908.5,22.5,41.41,
2023-12-16 15:45:00,904.0,22.5,41.41,1.0
2023-12-16 16:00:00,892.5,22.5,41.41,
2023-12-16 16:15:00,901.0,22.5,41.41,1.0
2023-12-16 16:30:00,890.5,22.5,41.41,
2023-12-16 16:45:00,856.0,22.5,41.41,1.0
2023-12-16 17:00:00,826.5,22.5,41.41,
2023-12-16 17:15:00,802.0,22.5,41.41,1.0
2023-12-16 17:30:00,815.5,22.5,41.41,
2023-12-16 17:45:00,795.0,22.5,41.41,1.0
2023-12-16 18:00:00,826.5,22.5,41.41,
2023-12-16 18:15:00,841.0,22.5,41.41,1.0
2023-12-16 18:30:00,825.5,22.5,41.41,
2023-12-16 18:45:00,843.0,22.5,41.41,1.0
2023-12-16 19:00:00,763.5,22.5,41.41,
2023-12-16 19:15:00,768.0,22.5,41.41,1.0
2023-12-16 19:30:00,805.0,22.5,41.41,
2023-12-16 19:45:00,802.0,22.5,41.41,1.0
2023-12-16 20:00:00,788.0,22.5,41.41,
2023-12-16 20:15:00,712.5,22.5,41.41,1.0
2023-12-16 20:30:00,726.0,22.5,41.41,
2023-12-16 20:45:00,754.5,22.5,41.41,1.0
2023-12-16 21:00:00,733.0,22.5,41.41,
2023-12-16 21:15:00,716.5,22.55,41.41,1.0
2023-12-16 21:30:00,742.0,22.5,41.41,
2023-12-16 21:45:00,725.0,22.55,41.41,1.0
2023-12-16 22:00:00,733.0,22.6,41.41,
2023-12-16 22:15:00,761.0,22.5,41.41,1.0
2023-12-16 22:30:00,774.0,22.6,41.41,
2023-12-16 22:45:00,687.5,22.55,41.41,1.0
2023-12-16 23:00:00,691.0,22.6,41.41,
2023-12-16 23:15:00,727.0,22.6,41.41,1.0
2023-12-16 23:30:00,695.0,22.6,41.41,
2023-12-16 23:45:00,726.0,22.6,41.41,1.0
2023-12-17 00:00:00,650.0,22.6,41.41,
2023-12-17 00:15:00,712.0,22.6,41.41,1.0
2023-12-17 00:30:00,728.0,22.6,41.41,
2023-12-17 00:45:00,711.5,22.6,41.41,1.0
2023-12-17 01:00:00,698.0,22.6,41.41,
2023-12-17 01:15:00,667.5,22.6,41.41,1.0
2023-12-17 01:30:00,698.0,22.6,41.41,
2023-12-17 01:45:00,702.0,22.6,41.41,1.0
2023-12-17 02:00:00,607.0,22.6,41.41,
2023-12-17 02:15:00,655.5,22.6,41.41,1.0
2023-12-17 02:30:00,671.0,22.6,41.41,
2023-12-17 02:45:00,653.0,22.6,41.41,1.0
2023-12-17 03:00:00,666.0,22.6,41.41,
2023-12-17 03:15:00,650.5,22.6,41.41,1.0
2023-12-17 03:30:00,652.0,22.6,41.41,
2023-12-17 03:45:00,661.5,22.6,41.605,1.0
2023-12-17 04:00:00,600.0,22.6,41.8,
2023-12-17 04:15:00,639.0,22.6,41.8,1.0
2023-12-17 04:30:00,610.0,22.6,41.8,
2023-12-17 04:45:00,657.5,22.6,41.8,1.0
2023-12-17 05:00:00,600.0,22.6,41.8,
2023-12-17 05:15:00,619.0,22.6,41.8,1.0
2023-12-17 05:30:00,586.0,22.6,41.8,
2023-12-17 05:45:00,591.0,22.6,41.8,1.0
2023-12-17 06:00:00,650.0,22.6,41.8,
2023-12-17 06:15:00,602.0,22.6,41.8,1.0
2023-12-17 06:30:00,543.0,22.6,41.8,
2023-12-17 06:45:00,610.0,22.6,41.8,1.0
2023-12-17 07:00:00,638.0,22.6,41.8,
2023-12-17 07:15:00,589.0,22.6,41.8,1.0
2023-12-17 07:30:00,650.0,22.6,41.8,
2023-12-17 07:45:00,598.0,22.6,41.8,1.0
2023-12-17 08:00:00,580.0,22.6,41.8,
2023-12-17 08:15:00,620.0,22.6,41.8,1.0
2023-12-17 08:30:00,605.0,22.6,41.8,
2023-12-17 08:45:00,607.5,22.6,41.8,1.0
2023-12-17 09:00:00,617.0,22.6,41.8,
2023-12-17 09:15:00,590.0,22.6,41.8,1.0
2023-12-17 09:30:00,593.0,22.6,41.8,
2023-12-17 09:45:00,574.0,22.6,41.8,1.0
2023-12-17 10:00:00,559.0,22.6,42.19,
2023-12-17 10:15:00,570.5,22.6,41.8,1.0
2023-12-17 10:30:00,591.0,22.6,42.19,
2023-12-17 10:45:00,568.0,22.6,41.995,1.0
2023-12-17 11:00:00,586.0,22.6,42.19,
2023-12-17 11:15:00,558.0,22.6,42.19,1.0
2023-12-17 11:30:00,584.0,22.6,42.19,
2023-12-17 11:45:00,552.0,22.6,42.19,1.0
2023-12-17 12:00:00,643.0,22.6,42.19,
2023-12-17 12:15:00,583.0,22.6,42.19,1.0
2023-12-17 12:30:00,575.0,22.6,42.19,
2023-12-17 12:45:00,614.5,22.6,42.19,1.0
2023-12-17 13:00:00,605.0,22.6,42.19,
2023-12-17 13:15:00,518.0,22.6,42.19,1.0
2023-12-17 13:30:00,529.0,22.6,42.19,
2023-12-17 13:45:00,576.5,22.6,42.19,1.0
2023-12-17 14:00:00,580.0,22.6,42.19,
2023-12-17 14:15:00,574.0,22.6,42.19,1.0
2023-12-17 14:30:00,612.0,22.6,42.19,
2023-12-17 14:45:00,530.5,22.6,42.19,1.0
2023-12-17 15:00:00,491.0,22.6,42.19,
2023-12-17 15:15:00,545.5,22.6,42.19,1.0
2023-12-17 15:30:00,541.0,22.6,42.19,
2023-12-17 15:45:00,539.5,22.6,42.19,1.0
2023-12-17 16:00:00,566.0,22.6,42.19,
2023-12-17 16:15:00,527.0,22.6,42.19,1.0
2023-12-17 16:30:00,568.0,22.6,42.19,
2023-12-17 16:45:00,545.5,22.6,42.19,1.0
2023-12-17 17:00:00,591.0,22.6,42.19,
2023-12-17 17:15:00,523.0,22.6,42.19,1.0
2023-12-17 17:30:00,534.0,22.6,42.19,
2023-12-17 17:45:00,516.0,22.6,42.19,1.0
2023-12-17 18:00:00,521.5,22.6,42.19,
2023-12-17 18:15:00,568.0,22.6,42.19,1.0
2023-12-17 18:30:00,520.0,22.6,42.19,
2023-12-17 18:45:00,534.0,22.6,42.19,1.0
2023-12-17 19:00:00,539.5,22.6,42.19,
2023-12-17 19:15:00,518.0,22.6,42.19,1.0
2023-12-17 19:30:00,516.0,22.6,42.19,
2023-12-17 19:45:00,566.0,22.6,42.19,1.0
2023-12-17 20:00:00,551.0,22.6,42.19,
2023-12-17 20:15:00,548.0,22.6,42.19,1.0
2023-12-17 20:30:00,557.0,22.6,42.19,
2023-12-17 20:45:00,507.0,22.6,42.19,1.0
2023-12-17 21:00:00,570.5,22.6,42.19,
2023-12-17 21:15:00,555.0,22.6,42.19,1.0
2023-12-17 21:30:00,556.0,22.6,42.19,
2023-12-17 21:45:00,493.0,22.6,42.19,1.0
2023-12-17 22:00:00,533.0,22.6,42.19,
2023-12-17 22:15:00,439.0,22.6,42.19,1.0
2023-12-17 22:30:00,532.0,22.6,42.19,
2023-12-17 22:45:00,573.0,22.6,42.19,1.0
2023-12-17 23:00:00,541.0,22.6,42.19,
2023-12-17 23:15:00,543.0,22.6,42.19,1.0
2023-12-17 23:30:00,502.5,22.6,42.19,
2023-12-17 23:45:00,480.0,22.6,42.19,1.0
2023-12-18 00:00:00,544.0,22.6,42.19,
2023-12-18 00:15:00,505.0,22.6,42.19,1.0
2023-12-18 00:30:00,508.0,22.6,42.19,
2023-12-18 00:45:00,464.0,22.6,42.19,1.0
2023-12-18 01:00:00,518.0,22.6,42.19,
2023-12-18 01:15:00,505.0,22.6,42.19,1.0
2023-12-18 01:30:00,487.5,22.6,42.19,
2023-12-18 01:45:00,518.0,22.6,42.19,1.0
2023-12-18 02:00:00,490.0,22.6,42.385,
2023-12-18 02:15:00,554.0,22.6,42.58,1.0
2023-12-18 02:30:00,544.0,22.6,42.385,
2023-12-18 02:45:00,496.0,22.6,42.19,1.0
2023-12-18 03:00:00,514.0,22.6,42.19,
2023-12-18 03:15:00,496.0,22.6,42.19,1.0
2023-12-18 03:30:00,512.5,22.6,42.19,
2023-12-18 03:45:00,491.0,22.6,42.58,1.0
2023-12-18 04:00:00,523.0,22.6,42.58,
2023-12-18 04:15:00,446.0,22.6,42.58,1.0
2023-12-18 04:30:00,508.0,22.6,42.385,
2023-12-18 04:45:00,484.0,22.6,42.58,1.0
2023-12-18 05:00:00,508.0,22.6,42.58,
2023-12-18 05:15:00,484.0,22.6,42.58,1.0
2023-12-18 05:30:00,448.5,22.6,42.58,
2023-12-18 05:45:00,529.0,22.6,42.58,1.0
2023-12-18 06:00:00,487.5,22.6,42.58,
2023-12-18 06:15:00,534.0,22.6,42.58,1.0
2023-12-18 06:30:00,520.5,22.6,42.58,
2023-12-18 06:45:00,444.0,22.6,42.58,1.0
2023-12-18 07:00:00,498.0,22.6,42.58,
2023-12-18 07:15:00,435.0,22.6,42.58,1.0
2023-12-18 07:30:00,624.5,22.6,42.775,
2023-12-18 07:45:00,740.0,22.7,42.58,1.0
2023-12-18 08:00:00,1116.0,22.7,44.14,
2023-12-18 08:15:00,768.0,22.8,42.97,1.0
2023-12-18 08:30:00,960.5,22.8,43.36,
2023-12-18 08:45:00,1053.0,22.9,43.36,1.0
2023-12-18 09:00:00,1108.5,22.9,43.36,
2023-12-18 09:15:00,1593.0,22.9,45.31,1.0
2023-12-18 09:30:00,1729.0,23.0,45.7,
2023-12-18 09:45:00,1698.0,23.0,45.31,1.0
2023-12-18 10:00:00,1879.5,23.0,46.09,
2023-12-18 10:15:00,2047.0,23.0,46.48,1.0
2023-12-18 10:30:00,2143.0,23.0,46.48,
2023-12-18 10:45:00,2110.0,23.0,46.09,1.0
2023-12-18 11:00:00,2185.0,23.0,46.68,
2023-12-18 11:15:00,1849.0,23.0,46.09,1.0
2023-12-18 11:30:00,1892.0,23.0,46.285,
2023-12-18 11:45:00,2230.0,23.0,47.27,1.0
2023-12-18 12:00:00,2230.0,23.0,46.88,
2023-12-18 12:15:00,2230.0,23.0,46.88,1.0
2023-12-18 12:30:00,2125.0,23.0,46.88,
2023-12-18 12:45:00,2211.0,23.0,47.06999999999999,1.0
2023-12-18 13:00:00,2230.0,23.0,48.05,
2023-12-18 13:15:00,2230.0,23.05,48.05,1.0
2023-12-18 13:30:00,2230.0,23.1,48.05,
2023-12-18 13:45:00,2230.0,23.1,47.269999999999996,1.0
2023-12-18 14:00:00,2230.0,23.1,48.05,
2023-12-18 14:15:00,2230.0,23.1,48.05,1.0
2023-12-18 14:30:00,2230.0,23.1,48.05,
2023-12-18 14:45:00,2230.0,23.1,47.855,1.0
2023-12-18 15:00:00,2230.0,23.0,47.66,
2023-12-18 15:15:00,2230.0,23.0,47.465,1.0
2023-12-18 15:30:00,2230.0,23.0,47.27,
2023-12-18 15:45:00,2230.0,22.95,47.27,1.0
2023-12-18 16:00:00,2230.0,22.9,47.27,
2023-12-18 16:15:00,2230.0,22.9,47.075,1.0
2023-12-18 16:30:00,2230.0,22.9,46.88,
2023-12-18 16:45:00,2230.0,22.8,46.88,1.0
2023-12-18 17:00:00,2230.0,22.8,46.88,
2023-12-18 17:15:00,2230.0,22.8,46.48,1.0
2023-12-18 17:30:00,2230.0,22.8,46.48,
2023-12-18 17:45:00,2230.0,22.8,46.48,1.0
2023-12-18 18:00:00,2230.0,22.8,46.48,
2023-12-18 18:15:00,2230.0,22.8,46.48,1.0
2023-12-18 18:30:00,2230.0,22.8,46.48,
2023-12-18 18:45:00,2230.0,22.8,46.09,1.0
2023-12-18 19:00:00,2230.0,22.8,46.09,
2023-12-18 19:15:00,2180.0,22.75,46.09,1.0
2023-12-18 19:30:00,2100.0,22.8,46.09,
2023-12-18 19:45:00,2163.5,22.8,46.09,1.0
2023-12-18 20:00:00,2084.0,22.8,45.7,
2023-12-18 20:15:00,2111.0,22.75,45.7,1.0
2023-12-18 20:30:00,2057.0,22.7,45.7,
2023-12-18 20:45:00,2104.0,22.7,45.7,1.0
2023-12-18 21:00:00,2045.0,22.7,45.7,
2023-12-18 21:15:00,2007.5,22.7,45.7,1.0
2023-12-18 21:30:00,2039.0,22.7,45.7,
2023-12-18 21:45:00,1958.5,22.7,45.7,1.0
2023-12-18 22:00:00,1920.0,22.7,45.7,
2023-12-18 22:15:00,2009.5,22.7,45.7,1.0
2023-12-18 22:30:00,1997.0,22.7,45.31,
2023-12-18 22:45:00,1879.0,22.7,45.31,1.0
2023-12-18 23:00:00,1938.0,22.7,45.31,
2023-12-18 23:15:00,1857.5,22.7,45.31,1.0
2023-12-18 23:30:00,1801.0,22.7,45.31,
2023-12-18 23:45:00,1818.0,22.7,45.31,1.0
2023-12-19 00:00:00,1846.0,22.7,45.31,
2023-12-19 00:15:00,1783.0,22.7,45.31,1.0
2023-12-19 00:30:00,1691.0,22.7,45.31,
2023-12-19 00:45:00,1643.0,22.7,45.31,1.0
2023-12-19 01:00:00,1724.0,22.7,45.31,
2023-12-19 01:15:00,1678.0,22.7,45.31,1.0
2023-12-19 01:30:00,1708.0,22.7,45.31,
2023-12-19 01:45:00,1645.0,22.7,44.92,1.0
2023-12-19 02:00:00,1689.5,22.7,45.115,
2023-12-19 02:15:00,1673.0,22.7,44.92,1.0
2023-12-19 02:30:00,1618.0,22.7,44.92,
2023-12-19 02:45:00,1575.0,22.7,44.92,1.0
2023-12-19 03:00:00,1539.0,22.7,44.92,
2023-12-19 03:15:00,1596.0,22.7,44.92,1.0
2023-12-19 03:30:00,1539.0,22.7,44.92,
2023-12-19 03:45:00,1507.0,22.7,44.92,1.0
2023-12-19 04:00:00,1513.0,22.7,44.92,
2023-12-19 04:15:00,1494.0,22.7,44.92,1.0
2023-12-19 04:30:00,1510.0,22.7,44.92,
2023-12-19 04:45:00,1466.0,22.7,44.92,1.0
2023-12-19 05:00:00,1435.0,22.7,44.92,
2023-12-19 05:15:00,1431.0,22.7,44.92,1.0
2023-12-19 05:30:00,1441.5,22.7,44.92,
2023-12-19 05:45:00,1385.0,22.7,44.92,1.0
2023-12-19 06:00:00,1436.0,22.7,44.92,
2023-12-19 06:15:00,1453.0,22.7,44.92,1.0
2023-12-19 06:30:00,1335.5,22.7,44.92,
2023-12-19 06:45:00,1414.0,22.7,44.92,1.0
2023-12-19 07:00:00,1358.5,22.7,44.92,
2023-12-19 07:15:00,1324.0,22.7,44.92,1.0
2023-12-19 07:30:00,1326.0,22.7,44.92,
2023-12-19 07:45:00,956.0,22.7,44.14,1.0
2023-12-19 08:00:00,892.0,22.8,43.75,
2023-12-19 08:15:00,1015.0,22.9,44.14,1.0
2023-12-19 08:30:00,919.5,22.95,43.75,
2023-12-19 08:45:00,1175.0,23.0,44.14,1.0
2023-12-19 09:00:00,1338.0,23.0,45.31,
2023-12-19 09:15:00,1862.0,23.1,47.27,1.0
2023-12-19 09:30:00,2177.5,23.15,48.44,
2023-12-19 09:45:00,2230.0,23.2,49.61,1.0
2023-12-19 10:00:00,2230.0,23.2,50.39,
2023-12-19 10:15:00,2230.0,23.3,51.17,1.0
2023-12-19 10:30:00,2230.0,23.3,51.365,
2023-12-19 10:45:00,2230.0,23.3,50.78,1.0
2023-12-19 11:00:00,2230.0,23.2,50.39,
2023-12-19 11:15:00,2230.0,23.2,50.0,1.0
2023-12-19 11:30:00,1719.0,23.1,46.48,
2023-12-19 11:45:00,2230.0,23.1,48.635,1.0
2023-12-19 12:00:00,2230.0,23.1,50.39,
2023-12-19 12:15:00,2230.0,23.2,50.78,1.0
2023-12-19 12:30:00,2230.0,23.2,50.78,
2023-12-19 12:45:00,2230.0,23.2,51.365,1.0
2023-12-19 13:00:00,2230.0,23.2,51.56,
2023-12-19 13:15:00,2230.0,23.3,51.56,1.0
2023-12-19 13:30:00,2230.0,23.3,50.0,
2023-12-19 13:45:00,2230.0,23.3,50.39,1.0
2023-12-19 14:00:00,2230.0,23.3,50.78,
2023-12-19 14:15:00,2230.0,23.3,50.0,1.0
2023-12-19 14:30:00,2230.0,23.3,49.61,
2023-12-19 14:45:00,2230.0,23.3,48.83,1.0
2023-12-19 15:00:00,2230.0,23.3,48.05,
2023-12-19 15:15:00,2230.0,23.3,47.855,1.0
2023-12-19 15:30:00,2230.0,23.3,47.66,
2023-12-19 15:45:00,2230.0,23.25,47.66,1.0
2023-12-19 16:00:00,2230.0,23.2,47.66,
2023-12-19 16:15:00,2176.5,23.15,47.465,1.0
2023-12-19 16:30:00,2214.0,23.1,47.27,
2023-12-19 16:45:00,2141.0,23.05,47.27,1.0
2023-12-19 17:00:00,2070.0,23.0,47.27,
2023-12-19 17:15:00,2050.0,23.0,47.27,1.0
2023-12-19 17:30:00,2108.0,23.0,47.27,
2023-12-19 17:45:00,2090.0,23.0,47.27,1.0
2023-12-19 18:00:00,2072.0,23.0,47.27,
2023-12-19 18:15:00,2016.0,23.0,46.88,1.0
2023-12-19 18:30:00,2027.0,23.0,46.88,
2023-12-19 18:45:00,2000.5,23.0,46.88,1.0
2023-12-19 19:00:00,1896.0,23.0,46.88,
2023-12-19 19:15:00,1958.0,23.0,46.88,1.0
2023-12-19 19:30:00,1914.0,22.95,46.88,
2023-12-19 19:45:00,1864.0,23.0,46.48,1.0
2023-12-19 20:00:00,1903.5,23.0,46.48,
2023-12-19 20:15:00,1791.0,22.9,46.48,1.0
2023-12-19 20:30:00,1837.0,22.9,46.48,
2023-12-19 20:45:00,1826.0,22.9,46.48,1.0
2023-12-19 21:00:00,1778.5,22.9,46.48,
2023-12-19 21:15:00,1700.0,22.9,46.48,1.0
2023-12-19 21:30:00,1782.5,22.9,46.285,
2023-12-19 21:45:00,1773.0,22.9,46.09,1.0
2023-12-19 22:00:00,1723.5,22.9,46.285,
2023-12-19 22:15:00,1759.0,22.9,46.09,1.0
2023-12-19 22:30:00,1737.0,22.9,46.09,
2023-12-19 22:45:00,1719.0,22.9,46.09,1.0
2023-12-19 23:00:00,1677.0,22.9,46.09,
2023-12-19 23:15:00,1671.0,22.9,46.09,1.0
2023-12-19 23:30:00,1630.5,22.9,46.09,
2023-12-19 23:45:00,1688.0,22.9,46.09,1.0
2023-12-20 00:00:00,1595.5,22.9,46.09,
2023-12-20 00:15:00,1590.0,22.9,46.09,1.0
2023-12-20 00:30:00,1567.0,22.85,46.09,
2023-12-20 00:45:00,1560.0,22.9,46.09,1.0
2023-12-20 01:00:00,1528.0,22.9,46.09,
2023-12-20 01:15:00,1513.0,22.9,45.7,1.0
2023-12-20 01:30:00,1530.0,22.9,45.7,
2023-12-20 01:45:00,1562.0,22.9,45.7,1.0
2023-12-20 02:00:00,1475.0,22.85,45.7,
2023-12-20 02:15:00,1438.0,22.8,45.7,1.0
2023-12-20 02:30:00,1500.0,22.8,45.7,
2023-12-20 02:45:00,1433.0,22.8,45.7,1.0
2023-12-20 03:00:00,1429.0,22.8,45.7,
2023-12-20 03:15:00,1449.0,22.8,45.7,1.0
2023-12-20 03:30:00,1490.0,22.8,45.7,
2023-12-20 03:45:00,1412.5,22.8,45.7,1.0
2023-12-20 04:00:00,1363.0,22.8,45.7,
2023-12-20 04:15:00,1373.5,22.8,45.505,1.0
2023-12-20 04:30:00,1425.0,22.8,45.7,
2023-12-20 04:45:00,1288.5,22.8,45.31,1.0
2023-12-20 05:00:00,1363.0,22.8,45.31,
2023-12-20 05:15:00,1264.5,22.8,45.31,1.0
2023-12-20 05:30:00,1333.0,22.8,45.31,
2023-12-20 05:45:00,1261.0,22.8,45.31,1.0
2023-12-20 06:00:00,1199.0,22.8,45.31,
2023-12-20 06:15:00,1239.5,22.8,45.31,1.0
2023-12-20 06:30:00,1259.0,22.8,45.31,
2023-12-20 06:45:00,1230.0,22.8,45.31,1.0
2023-12-20 07:00:00,1186.0,22.8,45.31,
2023-12-20 07:15:00,1181.5,22.8,45.115,1.0
2023-12-20 07:30:00,1222.0,22.8,45.31,
2023-12-20 07:45:00,1196.0,22.8,45.115,1.0
2023-12-20 08:00:00,1158.0,22.8,44.92,
2023-12-20 08:15:00,807.5,22.8,42.775,1.0
2023-12-20 08:30:00,1114.0,22.9,44.14,
2023-12-20 08:45:00,1476.5,22.9,45.31,1.0
2023-12-20 09:00:00,1854.0,23.0,46.48,
2023-12-20 09:15:00,1950.5,23.0,46.88,1.0
2023-12-20 09:30:00,2098.0,23.0,47.27,
2023-12-20 09:45:00,2178.0,23.1,47.27,1.0
2023-12-20 10:00:00,2206.0,23.1,47.66,
2023-12-20 10:15:00,1974.0,23.1,46.68,1.0
2023-12-20 10:30:00,2089.0,23.1,45.7,
2023-12-20 10:45:00,2206.0,23.1,47.465,1.0
2023-12-20 11:00:00,2206.0,23.1,48.05,
2023-12-20 11:15:00,2206.0,23.1,48.83,1.0
2023-12-20 11:30:00,2206.0,23.1,49.22,
2023-12-20 11:45:00,2206.0,23.1,49.22,1.0
2023-12-20 12:00:00,2206.0,23.2,49.805,
2023-12-20 12:15:00,,,,1.0
2023-12-20 12:30:00,2206.0,23.2,49.61,
2023-12-20 12:45:00,2206.0,23.2,50.39,1.0
2023-12-20 13:00:00,2206.0,23.2,50.39,
2023-12-20 13:15:00,2206.0,23.2,50.39,1.0
2023-12-20 13:30:00,2206.0,23.2,50.585,
2023-12-20 13:45:00,2206.0,23.3,50.78,1.0
2023-12-20 14:00:00,2206.0,23.3,48.635,
2023-12-20 14:15:00,2206.0,23.3,48.83,1.0
2023-12-20 14:30:00,2206.0,23.3,49.415,
2023-12-20 14:45:00,2206.0,23.3,50.0,1.0
2023-12-20 15:00:00,2206.0,23.3,49.61,
2023-12-20 15:15:00,2206.0,23.3,46.88,1.0
2023-12-20 15:30:00,2206.0,23.2,47.66,
2023-12-20 15:45:00,2206.0,23.1,47.66,1.0
2023-12-20 16:00:00,2206.0,23.1,47.465,
2023-12-20 16:15:00,2206.0,23.0,47.27,1.0
2023-12-20 16:30:00,2206.0,23.0,47.27,
2023-12-20 16:45:00,2206.0,22.9,47.27,1.0
2023-12-20 17:00:00,2206.0,22.9,47.27,
2023-12-20 17:15:00,2206.0,22.9,46.88,1.0
2023-12-20 17:30:00,2206.0,22.9,46.88,
2023-12-20 17:45:00,2206.0,22.9,46.88,1.0
2023-12-20 18:00:00,2206.0,22.85,46.88,
2023-12-20 18:15:00,2206.0,22.8,46.88,1.0
2023-12-20 18:30:00,2206.0,22.8,46.48,
2023-12-20 18:45:00,2206.0,22.8,46.48,1.0
2023-12-20 19:00:00,2206.0,22.8,46.48,
2023-12-20 19:15:00,2206.0,22.8,46.48,1.0
2023-12-20 19:30:00,2206.0,22.8,46.285,
2023-12-20 19:45:00,2206.0,22.8,46.48,1.0
2023-12-20 20:00:00,2206.0,22.8,46.285,
2023-12-20 20:15:00,2206.0,22.8,46.09,1.0
2023-12-20 20:30:00,2206.0,22.8,46.09,
2023-12-20 20:45:00,2206.0,22.75,46.09,1.0
2023-12-20 21:00:00,2206.0,22.7,46.09,
2023-12-20 21:15:00,2206.0,22.7,46.09,1.0
2023-12-20 21:30:00,2206.0,22.7,46.09,
2023-12-20 21:45:00,2206.0,22.7,45.895,1.0
2023-12-20 22:00:00,2206.0,22.7,46.09,
2023-12-20 22:15:00,2206.0,22.7,45.7,1.0
2023-12-20 22:30:00,2159.0,22.7,45.7,
2023-12-20 22:45:00,2136.0,22.7,45.7,1.0
2023-12-20 23:00:00,2165.0,22.7,45.7,
2023-12-20 23:15:00,2022.5,22.7,45.7,1.0
2023-12-20 23:30:00,2070.0,22.7,45.7,
2023-12-20 23:45:00,2015.0,22.7,45.7,1.0
2023-12-21 00:00:00,2037.0,22.7,45.7,
2023-12-21 00:15:00,2016.0,22.7,45.7,1.0
2023-12-21 00:30:00,1995.0,22.7,45.7,
2023-12-21 00:45:00,1947.5,22.7,45.7,1.0
2023-12-21 01:00:00,1939.0,22.6,45.31,
2023-12-21 01:15:00,1892.0,22.65,45.31,1.0
2023-12-21 01:30:00,1871.0,22.6,45.31,
2023-12-21 01:45:00,1853.5,22.6,45.31,1.0
2023-12-21 02:00:00,1927.0,22.6,45.31,
2023-12-21 02:15:00,1821.5,22.6,45.31,1.0
2023-12-21 02:30:00,1842.0,22.6,45.31,
2023-12-21 02:45:00,1796.0,22.6,45.31,1.0
2023-12-21 03:00:00,1796.0,22.6,45.31,
2023-12-21 03:15:00,1773.0,22.6,45.31,1.0
2023-12-21 03:30:00,1747.0,22.6,45.31,
2023-12-21 03:45:00,1830.0,22.6,45.31,1.0
2023-12-21 04:00:00,1697.0,22.6,45.31,
2023-12-21 04:15:00,1673.0,22.6,45.31,1.0
2023-12-21 04:30:00,1697.0,22.6,45.31,
2023-12-21 04:45:00,1698.0,22.6,45.31,1.0
2023-12-21 05:00:00,1714.0,22.6,45.31,
2023-12-21 05:15:00,1635.0,22.6,45.31,1.0
2023-12-21 05:30:00,1572.0,22.6,45.31,
2023-12-21 05:45:00,1669.0,22.6,44.92,1.0
2023-12-21 06:00:00,1559.0,22.6,44.92,
2023-12-21 06:15:00,1538.0,22.6,44.92,1.0
2023-12-21 06:30:00,1586.5,22.6,44.92,
2023-12-21 06:45:00,1605.0,22.6,44.92,1.0
2023-12-21 07:00:00,1510.5,22.6,44.92,
2023-12-21 07:15:00,821.0,22.6,41.02,1.0
2023-12-21 07:30:00,912.5,22.7,41.41,
2023-12-21 07:45:00,1003.0,22.8,41.41,1.0
2023-12-21 08:00:00,999.5,22.8,41.215,
2023-12-21 08:15:00,987.0,22.8,41.41,1.0
2023-12-21 08:30:00,1053.5,22.8,41.605000000000004,
2023-12-21 08:45:00,1379.0,22.9,43.36,1.0
2023-12-21 09:00:00,1517.0,22.9,44.14,
2023-12-21 09:15:00,1763.0,22.8,44.92,1.0
2023-12-21 09:30:00,1473.0,22.9,44.14,
2023-12-21 09:45:00,1673.0,22.9,44.53,1.0
2023-12-21 10:00:00,2082.5,22.9,46.09,
2023-12-21 10:15:00,2206.0,22.9,46.48,1.0
2023-12-21 10:30:00,2206.0,22.9,47.075,
2023-12-21 10:45:00,2206.0,22.9,47.27,1.0
2023-12-21 11:00:00,2206.0,22.9,48.05,
2023-12-21 11:15:00,2206.0,23.0,47.27,1.0
2023-12-21 11:30:00,2206.0,23.0,47.265,
2023-12-21 11:45:00,2206.0,23.0,48.05,1.0
2023-12-21 12:00:00,2206.0,22.9,47.66,
2023-12-21 12:15:00,2206.0,22.9,47.66,1.0
2023-12-21 12:30:00,1350.0,22.9,43.75,
2023-12-21 12:45:00,1484.5,22.9,43.555,1.0
2023-12-21 13:00:00,1613.0,22.9,44.53,
2023-12-21 13:15:00,1876.5,22.95,46.09,1.0
2023-12-21 13:30:00,2200.0,23.0,46.88,
2023-12-21 13:45:00,2206.0,23.0,47.66,1.0
2023-12-21 14:00:00,2206.0,23.0,47.66,
2023-12-21 14:15:00,2206.0,22.95,47.27,1.0
2023-12-21 14:30:00,2206.0,22.9,47.27,
2023-12-21 14:45:00,2072.5,22.9,46.68,1.0
2023-12-21 15:00:00,2101.0,22.9,46.48,
2023-12-21 15:15:00,2076.5,22.8,46.48,1.0
2023-12-21 15:30:00,2001.0,22.8,46.48,
2023-12-21 15:45:00,1987.5,22.8,46.48,1.0
2023-12-21 16:00:00,2060.0,22.8,46.48,
2023-12-21 16:15:00,1902.0,22.8,46.09,1.0
2023-12-21 16:30:00,1917.0,22.7,46.09,
2023-12-21 16:45:00,1877.5,22.7,46.09,
2023-12-21 17:00:00,1859.0,22.7,46.09,1.0
2023-12-21 17:15:00,1792.5,22.7,46.09,1.0
2023-12-21 17:30:00,1765.0,22.7,46.09,
2023-12-21 17:45:00,1711.0,22.7,45.7,1.0
2023-12-21 18:00:00,1657.0,22.7,45.7,
2023-12-21 18:15:00,1583.5,22.7,45.7,1.0
2023-12-21 18:30:00,1581.0,22.7,45.31,
2023-12-21 18:45:00,1528.0,22.65,45.31,1.0
2023-12-21 19:00:00,1592.0,22.6,45.31,
2023-12-21 19:15:00,1510.5,22.6,45.31,1.0
2023-12-21 19:30:00,1487.0,22.6,45.31,
2023-12-21 19:45:00,1426.0,22.65,45.31,1.0
2023-12-21 20:00:00,1428.0,22.6,45.31,
2023-12-21 20:15:00,1390.0,22.6,45.31,1.0
2023-12-21 20:30:00,1364.0,22.6,45.31,
2023-12-21 20:45:00,1432.0,22.6,45.31,1.0
2023-12-21 21:00:00,1291.5,22.6,45.115,
2023-12-21 21:15:00,1405.0,22.6,44.92,1.0
2023-12-21 21:30:00,1332.0,22.6,44.92,
2023-12-21 21:45:00,1261.0,22.6,44.92,1.0
2023-12-21 22:00:00,1283.5,22.6,44.92,
2023-12-21 22:15:00,1327.0,22.6,44.92,1.0
2023-12-21 22:30:00,1266.5,22.6,44.92,
2023-12-21 22:45:00,1254.0,22.6,44.92,1.0
2023-12-21 23:00:00,1180.0,22.55,44.92,
2023-12-21 23:15:00,1176.0,22.6,44.92,1.0
2023-12-21 23:30:00,1158.0,22.6,44.725,
2023-12-21 23:45:00,1160.0,22.6,44.53,1.0
2023-12-22 00:00:00,1114.5,22.6,44.53,
2023-12-22 00:15:00,1140.0,22.5,44.53,1.0
2023-12-22 00:30:00,1122.5,22.5,44.53,
2023-12-22 00:45:00,1042.0,22.5,44.53,1.0
2023-12-22 01:00:00,1039.5,22.5,44.335,
2023-12-22 01:15:00,1032.0,22.5,44.14,1.0
2023-12-22 01:30:00,1027.0,22.5,44.14,
2023-12-22 01:45:00,1014.0,22.5,44.14,1.0
2023-12-22 02:00:00,1014.5,22.5,44.14,
2023-12-22 02:15:00,1013.0,22.5,44.14,1.0
2023-12-22 02:30:00,947.5,22.5,44.14,
2023-12-22 02:45:00,961.0,22.5,44.14,1.0
2023-12-22 03:00:00,896.5,22.5,43.75,
2023-12-22 03:15:00,885.0,22.5,43.75,1.0
2023-12-22 03:30:00,970.5,22.5,43.75,
2023-12-22 03:45:00,902.0,22.5,43.75,1.0
2023-12-22 04:00:00,882.0,22.5,43.75,
2023-12-22 04:15:00,907.0,22.5,43.75,1.0
2023-12-22 04:30:00,844.5,22.5,43.75,
2023-12-22 04:45:00,809.0,22.5,43.75,1.0
2023-12-22 05:00:00,826.0,22.5,43.36,
2023-12-22 05:15:00,816.0,22.5,43.36,1.0
2023-12-22 05:30:00,811.0,22.5,43.36,
2023-12-22 05:45:00,812.5,22.5,43.36,1.0
2023-12-22 06:00:00,768.0,22.5,43.36,
2023-12-22 06:15:00,805.5,22.5,43.36,1.0
2023-12-22 06:30:00,775.0,22.5,43.36,
2023-12-22 06:45:00,817.5,22.5,43.36,1.0
2023-12-22 07:00:00,763.0,22.5,43.36,
2023-12-22 07:15:00,763.5,22.45,43.36,1.0
2023-12-22 07:30:00,738.0,22.4,43.36,
2023-12-22 07:45:00,741.0,22.45,43.36,1.0
2023-12-22 08:00:00,743.0,22.5,42.97,
2023-12-22 08:15:00,727.0,22.45,42.97,1.0
2023-12-22 08:30:00,709.0,22.4,42.97,
2023-12-22 08:45:00,705.0,22.4,42.97,1.0
2023-12-22 09:00:00,684.0,22.4,42.97,
2023-12-22 09:15:00,701.0,22.4,42.97,1.0
2023-12-22 09:30:00,709.0,22.5,42.97,
2023-12-22 09:45:00,693.0,22.45,42.97,1.0
2023-12-22 10:00:00,645.0,22.5,42.58,
2023-12-22 10:15:00,654.0,22.5,42.775,1.0
2023-12-22 10:30:00,730.0,22.5,42.58,
2023-12-22 10:45:00,641.5,22.5,42.58,1.0
2023-12-22 11:00:00,701.0,22.5,42.58,
2023-12-22 11:15:00,701.0,22.5,42.58,1.0
2023-12-22 11:30:00,605.0,22.5,42.58,
2023-12-22 11:45:00,659.5,22.5,42.58,1.0
2023-12-22 12:00:00,640.0,22.5,42.58,
2023-12-22 12:15:00,607.0,22.5,42.58,1.0
2023-12-22 12:30:00,638.0,22.5,42.58,
2023-12-22 12:45:00,607.0,22.5,42.58,1.0
2023-12-22 13:00:00,584.0,22.5,42.58,
2023-12-22 13:15:00,577.5,22.5,42.385,1.0
2023-12-22 13:30:00,607.0,22.5,42.58,
2023-12-22 13:45:00,624.0,22.45,42.58,1.0
2023-12-22 14:00:00,633.0,22.4,42.19,
2023-12-22 14:15:00,598.5,22.5,42.19,1.0
2023-12-22 14:30:00,584.0,22.4,42.19,
2023-12-22 14:45:00,590.5,22.45,42.19,1.0
2023-12-22 15:00:00,586.0,22.4,42.19,
2023-12-22 15:15:00,542.0,22.4,42.19,1.0
2023-12-22 15:30:00,630.0,22.4,41.8,
2023-12-22 15:45:00,566.0,22.4,41.995,1.0
2023-12-22 16:00:00,548.0,22.4,42.19,
2023-12-22 16:15:00,567.5,22.45,41.995,1.0
2023-12-22 16:30:00,543.0,22.4,42.19,
2023-12-22 16:45:00,596.0,22.4,41.8,1.0
2023-12-22 17:00:00,597.0,22.4,41.8,
2023-12-22 17:15:00,549.0,22.4,41.8,1.0
2023-12-22 17:30:00,534.0,22.4,41.8,
2023-12-22 17:45:00,569.0,22.4,41.8,1.0
2023-12-22 18:00:00,516.0,22.4,41.8,
2023-12-22 18:15:00,515.0,22.4,41.8,1.0
2023-12-22 18:30:00,489.0,22.4,41.8,
2023-12-22 18:45:00,525.0,22.4,41.8,1.0
2023-12-22 19:00:00,555.0,22.4,41.8,
2023-12-22 19:15:00,523.0,22.4,41.8,1.0
2023-12-22 19:30:00,509.0,22.4,41.8,
2023-12-22 19:45:00,504.5,22.4,41.8,1.0
2023-12-22 20:00:00,466.0,22.4,41.8,
2023-12-22 20:15:00,534.0,22.4,41.8,1.0
2023-12-22 20:30:00,471.0,22.4,41.8,
2023-12-22 20:45:00,508.5,22.4,41.8,1.0
2023-12-22 21:00:00,489.0,22.4,41.8,
2023-12-22 21:15:00,516.0,22.4,41.8,1.0
2023-12-22 21:30:00,478.0,22.4,41.8,
2023-12-22 21:45:00,518.5,22.4,41.8,1.0
2023-12-22 22:00:00,484.0,22.4,41.8,
2023-12-22 22:15:00,503.5,22.4,41.8,1.0
2023-12-22 22:30:00,502.0,22.4,41.8,
2023-12-22 22:45:00,494.5,22.4,41.8,1.0
2023-12-22 23:00:00,496.0,22.4,41.8,
2023-12-22 23:15:00,525.0,22.4,41.8,1.0
2023-12-22 23:30:00,469.0,22.4,41.8,
2023-12-22 23:45:00,505.5,22.4,41.8,1.0
2023-12-23 00:00:00,505.0,22.4,41.8,
2023-12-23 00:15:00,482.0,22.4,41.8,1.0
2023-12-23 00:30:00,532.0,22.4,41.8,
2023-12-23 00:45:00,487.5,22.4,41.8,1.0
2023-12-23 01:00:00,530.0,22.4,41.8,
2023-12-23 01:15:00,515.0,22.4,41.8,1.0
2023-12-23 01:30:00,469.0,22.4,41.8,
2023-12-23 01:45:00,449.5,22.4,41.605,1.0
2023-12-23 02:00:00,433.0,22.4,41.41,
2023-12-23 02:15:00,451.0,22.4,41.41,1.0
2023-12-23 02:30:00,506.5,22.4,41.605,
2023-12-23 02:45:00,463.0,22.4,41.8,1.0
2023-12-23 03:00:00,449.0,22.4,41.8,
2023-12-23 03:15:00,476.5,22.4,41.8,1.0
2023-12-23 03:30:00,541.0,22.4,41.8,
2023-12-23 03:45:00,446.0,22.4,41.8,1.0
2023-12-23 04:00:00,441.5,22.4,41.605,
2023-12-23 04:15:00,469.0,22.4,41.8,1.0
2023-12-23 04:30:00,432.5,22.4,41.41,
2023-12-23 04:45:00,452.0,22.4,41.8,1.0
2023-12-23 05:00:00,470.0,22.4,41.8,
2023-12-23 05:15:00,443.0,22.3,41.8,1.0
2023-12-23 05:30:00,467.5,22.35,41.8,
2023-12-23 05:45:00,438.0,22.3,41.8,1.0
2023-12-23 06:00:00,447.5,22.3,41.8,
2023-12-23 06:15:00,438.0,22.4,41.8,1.0
2023-12-23 06:30:00,453.0,22.3,41.8,
2023-12-23 06:45:00,488.0,22.3,41.8,1.0
2023-12-23 07:00:00,472.0,22.3,41.8,
2023-12-23 07:15:00,463.0,22.3,41.8,1.0
2023-12-23 07:30:00,461.0,22.3,41.8,
2023-12-23 07:45:00,477.0,22.3,41.8,1.0
2023-12-23 08:00:00,412.5,22.3,41.8,
2023-12-23 08:15:00,479.0,22.3,41.8,1.0
2023-12-23 08:30:00,424.5,22.3,41.605,
2023-12-23 08:45:00,490.0,22.3,41.41,1.0
2023-12-23 09:00:00,471.0,22.4,41.41,
2023-12-23 09:15:00,451.0,22.4,41.41,1.0
2023-12-23 09:30:00,468.0,22.4,41.41,
2023-12-23 09:45:00,475.0,22.4,41.41,1.0
2023-12-23 10:00:00,484.5,22.4,41.605,
2023-12-23 10:15:00,453.0,22.4,41.41,1.0
2023-12-23 10:30:00,493.5,22.4,41.605,
2023-12-23 10:45:00,466.0,22.4,41.41,1.0
2023-12-23 11:00:00,433.5,22.4,41.41,
2023-12-23 11:15:00,507.0,22.4,41.41,1.0
2023-12-23 11:30:00,423.5,22.4,41.41,
2023-12-23 11:45:00,442.0,22.4,41.8,1.0
2023-12-23 12:00:00,457.0,22.4,41.605,
2023-12-23 12:15:00,433.0,22.4,41.8,1.0
2023-12-23 12:30:00,390.0,22.4,41.605,
2023-12-23 12:45:00,442.0,22.4,41.41,1.0
2023-12-23 13:00:00,415.5,22.4,41.8,
2023-12-23 13:15:00,426.0,22.4,41.8,1.0
2023-12-23 13:30:00,447.0,22.4,41.8,
2023-12-23 13:45:00,446.0,22.4,41.8,1.0
2023-12-23 14:00:00,415.0,22.4,41.8,
2023-12-23 14:15:00,459.0,22.3,41.8,1.0
2023-12-23 14:30:00,475.5,22.35,41.8,
2023-12-23 14:45:00,490.0,22.3,41.8,1.0
2023-12-23 15:00:00,429.5,22.3,41.8,
2023-12-23 15:15:00,441.0,22.3,41.8,1.0
2023-12-23 15:30:00,380.0,22.3,41.8,
2023-12-23 15:45:00,383.0,22.4,41.8,1.0
2023-12-23 16:00:00,405.5,22.4,41.605,
2023-12-23 16:15:00,483.0,22.4,41.8,1.0
2023-12-23 16:30:00,421.5,22.35,41.8,
2023-12-23 16:45:00,427.0,22.3,41.8,1.0
2023-12-23 17:00:00,435.0,22.3,41.8,
2023-12-23 17:15:00,420.0,22.3,41.41,1.0
2023-12-23 17:30:00,414.0,22.3,41.8,
2023-12-23 17:45:00,407.0,22.3,41.8,1.0
2023-12-23 18:00:00,488.0,22.3,41.8,
2023-12-23 18:15:00,456.0,22.3,41.8,1.0
2023-12-23 18:30:00,473.5,22.3,41.8,
2023-12-23 18:45:00,383.0,22.3,41.8,1.0
2023-12-23 19:00:00,406.0,22.3,41.8,
2023-12-23 19:15:00,400.0,22.3,41.8,1.0
2023-12-23 19:30:00,415.0,22.3,41.8,
2023-12-23 19:45:00,454.0,22.3,41.8,1.0
2023-12-23 20:00:00,453.0,22.3,41.8,
2023-12-23 20:15:00,400.0,22.3,41.8,1.0
2023-12-23 20:30:00,386.0,22.3,41.8,
2023-12-23 20:45:00,429.0,22.3,41.8,1.0
2023-12-23 21:00:00,459.0,22.3,41.8,
2023-12-23 21:15:00,465.0,22.3,41.8,1.0
2023-12-23 21:30:00,401.0,22.3,41.8,
2023-12-23 21:45:00,405.0,22.3,41.8,1.0
2023-12-23 22:00:00,427.0,22.3,41.8,
2023-12-23 22:15:00,490.0,22.3,41.8,1.0
2023-12-23 22:30:00,380.0,22.3,41.8,
2023-12-23 22:45:00,454.0,22.3,41.8,1.0
2023-12-23 23:00:00,440.5,22.3,41.8,
2023-12-23 23:15:00,420.0,22.3,41.8,1.0
2023-12-23 23:30:00,427.0,22.3,41.8,
2023-12-23 23:45:00,460.5,22.3,41.8,1.0
2023-12-24 00:00:00,462.0,22.3,41.8,
2023-12-24 00:15:00,425.0,22.3,41.8,1.0
2023-12-24 00:30:00,416.0,22.3,41.8,
2023-12-24 00:45:00,449.5,22.3,41.8,1.0
2023-12-24 01:00:00,429.0,22.3,41.8,
2023-12-24 01:15:00,406.5,22.3,41.605,1.0
2023-12-24 01:30:00,420.0,22.3,41.8,
2023-12-24 01:45:00,432.5,22.3,41.8,1.0
2023-12-24 02:00:00,411.0,22.3,41.41,
2023-12-24 02:15:00,426.0,22.3,41.8,1.0
2023-12-24 02:30:00,420.0,22.3,41.8,
2023-12-24 02:45:00,395.0,22.3,41.8,1.0
2023-12-24 03:00:00,474.0,22.3,41.41,
2023-12-24 03:15:00,439.5,22.3,41.605,1.0
2023-12-24 03:30:00,443.0,22.3,41.8,
2023-12-24 03:45:00,464.5,22.3,41.41,1.0
2023-12-24 04:00:00,454.0,22.3,41.41,
2023-12-24 04:15:00,425.0,22.3,41.605,1.0
2023-12-24 04:30:00,463.0,22.3,41.8,
2023-12-24 04:45:00,450.5,22.3,41.41,1.0
2023-12-24 05:00:00,456.0,22.3,41.41,
2023-12-24 05:15:00,406.0,22.3,41.41,1.0
2023-12-24 05:30:00,420.0,22.3,41.41,
2023-12-24 05:45:00,427.0,22.3,41.41,1.0
2023-12-24 06:00:00,429.0,22.3,41.41,
2023-12-24 06:15:00,376.0,22.3,41.41,1.0
2023-12-24 06:30:00,400.0,22.3,41.41,
2023-12-24 06:45:00,410.5,22.3,41.41,1.0
2023-12-24 07:00:00,376.0,22.3,41.41,
2023-12-24 07:15:00,451.0,22.3,41.41,1.0
2023-12-24 07:30:00,391.0,22.3,41.41,
2023-12-24 07:45:00,417.0,22.3,41.41,1.0
2023-12-24 08:00:00,391.0,22.3,41.41,
2023-12-24 08:15:00,405.5,22.3,41.41,1.0
2023-12-24 08:30:00,387.0,22.3,41.41,
2023-12-24 08:45:00,383.5,22.3,41.41,1.0
2023-12-24 09:00:00,389.0,22.3,41.41,
2023-12-24 09:15:00,437.0,22.3,41.41,1.0
2023-12-24 09:30:00,418.0,22.3,41.41,
2023-12-24 09:45:00,429.0,22.3,41.41,1.0
2023-12-24 10:00:00,407.0,22.3,41.41,
2023-12-24 10:15:00,381.0,22.3,41.41,1.0
2023-12-24 10:30:00,418.0,22.3,41.41,
2023-12-24 10:45:00,374.5,22.3,41.41,1.0
2023-12-24 11:00:00,415.0,22.4,41.41,
2023-12-24 11:15:00,404.0,22.3,41.41,1.0
2023-12-24 11:30:00,429.0,22.4,41.41,
2023-12-24 11:45:00,417.5,22.35,41.41,1.0
2023-12-24 12:00:00,406.0,22.4,41.41,
2023-12-24 12:15:00,395.5,22.3,41.41,1.0
2023-12-24 12:30:00,446.0,22.3,41.41,
2023-12-24 12:45:00,425.5,22.4,41.41,1.0
2023-12-24 13:00:00,421.0,22.4,41.41,
2023-12-24 13:15:00,398.0,22.4,41.41,1.0
2023-12-24 13:30:00,390.0,22.4,41.41,
2023-12-24 13:45:00,421.5,22.4,41.41,1.0
2023-12-24 14:00:00,421.0,22.4,41.41,
2023-12-24 14:15:00,419.0,22.4,41.41,1.0
2023-12-24 14:30:00,384.0,22.4,41.41,
2023-12-24 14:45:00,405.5,22.4,41.41,1.0
2023-12-24 15:00:00,392.0,22.4,41.41,
2023-12-24 15:15:00,394.5,22.4,41.41,1.0
2023-12-24 15:30:00,397.0,22.4,41.41,
2023-12-24 15:45:00,401.5,22.4,41.605,1.0
2023-12-24 16:00:00,359.0,22.4,41.8,
2023-12-24 16:15:00,405.5,22.4,41.605,1.0
2023-12-24 16:30:00,417.0,22.4,41.41,
2023-12-24 16:45:00,391.5,22.4,41.8,1.0
2023-12-24 17:00:00,369.0,22.4,41.8,
2023-12-24 17:15:00,418.5,22.4,41.8,1.0
2023-12-24 17:30:00,412.0,22.4,41.8,
2023-12-24 17:45:00,419.0,22.4,41.8,1.0
2023-12-24 18:00:00,430.0,22.4,41.8,
2023-12-24 18:15:00,385.5,22.4,41.8,1.0
2023-12-24 18:30:00,381.0,22.4,41.8,
2023-12-24 18:45:00,391.0,22.4,41.8,1.0
2023-12-24 19:00:00,402.0,22.4,41.8,
2023-12-24 19:15:00,378.5,22.4,41.8,1.0
2023-12-24 19:30:00,391.0,22.4,41.8,
2023-12-24 19:45:00,375.5,22.4,41.8,1.0
2023-12-24 20:00:00,389.0,22.4,41.8,
2023-12-24 20:15:00,371.0,22.4,41.8,1.0
2023-12-24 20:30:00,398.0,22.4,41.8,
2023-12-24 20:45:00,458.0,22.4,41.8,1.0
2023-12-24 21:00:00,399.0,22.4,41.8,
2023-12-24 21:15:00,398.0,22.4,42.19,1.0
2023-12-24 21:30:00,402.0,22.45,41.8,
2023-12-24 21:45:00,385.0,22.5,41.8,1.0
2023-12-24 22:00:00,347.0,22.4,41.8,
2023-12-24 22:15:00,409.0,22.5,42.19,1.0
2023-12-24 22:30:00,379.0,22.45,41.8,
2023-12-24 22:45:00,409.0,22.4,41.8,1.0
2023-12-24 23:00:00,371.5,22.45,41.995,
2023-12-24 23:15:00,398.0,22.5,42.19,1.0
2023-12-24 23:30:00,408.0,22.5,41.995,
2023-12-24 23:45:00,393.0,22.5,42.19,1.0
2023-12-25 00:00:00,434.0,22.45,42.19,
2023-12-25 00:15:00,434.0,22.5,42.19,1.0
2023-12-25 00:30:00,391.5,22.5,42.19,
2023-12-25 00:45:00,382.0,22.4,42.19,1.0
2023-12-25 01:00:00,374.5,22.45,42.19,
2023-12-25 01:15:00,472.0,22.5,42.19,1.0
2023-12-25 01:30:00,365.5,22.45,42.19,
2023-12-25 01:45:00,407.0,22.5,42.19,1.0
2023-12-25 02:00:00,315.5,22.4,42.19,
2023-12-25 02:15:00,402.0,22.4,42.19,1.0
2023-12-25 02:30:00,371.0,22.45,42.19,
2023-12-25 02:45:00,416.0,22.5,42.19,1.0
2023-12-25 03:00:00,364.0,22.5,42.19,
2023-12-25 03:15:00,396.0,22.4,42.19,1.0
2023-12-25 03:30:00,392.0,22.4,42.19,
2023-12-25 03:45:00,407.0,22.5,42.19,1.0
2023-12-25 04:00:00,363.0,22.45,42.19,
2023-12-25 04:15:00,404.0,22.4,42.19,1.0
2023-12-25 04:30:00,336.0,22.5,42.19,
2023-12-25 04:45:00,416.0,22.5,42.19,1.0
2023-12-25 05:00:00,424.5,22.5,42.19,
2023-12-25 05:15:00,365.0,22.5,42.19,1.0
2023-12-25 05:30:00,413.5,22.5,42.19,
2023-12-25 05:45:00,369.0,22.5,42.19,1.0
2023-12-25 06:00:00,406.5,22.5,42.19,
2023-12-25 06:15:00,365.0,22.5,41.8,1.0
2023-12-25 06:30:00,401.0,22.5,41.8,
2023-12-25 06:45:00,440.0,22.5,41.8,1.0
2023-12-25 07:00:00,388.0,22.5,41.8,
2023-12-25 07:15:00,427.0,22.5,41.8,1.0
2023-12-25 07:30:00,417.0,22.5,41.8,
2023-12-25 07:45:00,365.0,22.5,41.8,1.0
2023-12-25 08:00:00,380.0,22.5,41.8,
2023-12-25 08:15:00,378.0,22.5,41.8,1.0
2023-12-25 08:30:00,372.5,22.5,41.8,
2023-12-25 08:45:00,336.0,22.5,41.8,1.0
2023-12-25 09:00:00,343.5,22.5,41.8,
2023-12-25 09:15:00,396.0,22.5,41.8,1.0
2023-12-25 09:30:00,393.5,22.5,41.8,
2023-12-25 09:45:00,334.0,22.5,41.8,1.0
2023-12-25 10:00:00,387.0,22.5,41.8,
2023-12-25 10:15:00,318.0,22.5,41.8,1.0
2023-12-25 10:30:00,390.5,22.5,41.8,
2023-12-25 10:45:00,372.0,22.5,41.8,1.0
2023-12-25 11:00:00,405.0,22.5,41.8,
2023-12-25 11:15:00,372.0,22.5,41.8,1.0
2023-12-25 11:30:00,397.5,22.5,41.8,
2023-12-25 11:45:00,417.0,22.5,41.8,1.0
2023-12-25 12:00:00,402.0,22.5,41.8,
2023-12-25 12:15:00,359.0,22.5,41.8,1.0
2023-12-25 12:30:00,429.5,22.5,41.8,
2023-12-25 12:45:00,389.0,22.5,41.8,1.0
2023-12-25 13:00:00,376.5,22.5,41.8,
2023-12-25 13:15:00,381.0,22.5,41.8,1.0
2023-12-25 13:30:00,404.5,22.5,41.8,
2023-12-25 13:45:00,416.0,22.5,41.8,1.0
2023-12-25 14:00:00,395.5,22.5,41.8,
2023-12-25 14:15:00,391.0,22.5,41.8,1.0
2023-12-25 14:30:00,374.5,22.5,41.8,
2023-12-25 14:45:00,422.0,22.5,41.8,1.0
2023-12-25 15:00:00,415.5,22.5,41.8,
2023-12-25 15:15:00,365.0,22.5,41.8,1.0
2023-12-25 15:30:00,381.5,22.45,41.8,
2023-12-25 15:45:00,454.0,22.5,41.8,1.0
2023-12-25 16:00:00,370.0,22.45,41.8,
2023-12-25 16:15:00,389.0,22.5,41.8,1.0
2023-12-25 16:30:00,400.0,22.45,41.8,
2023-12-25 16:45:00,391.0,22.5,41.8,1.0
2023-12-25 17:00:00,383.5,22.5,41.8,
2023-12-25 17:15:00,454.0,22.5,41.8,1.0
2023-12-25 17:30:00,369.0,22.4,41.8,
2023-12-25 17:45:00,413.0,22.5,41.8,1.0
2023-12-25 18:00:00,409.0,22.5,41.8,
2023-12-25 18:15:00,402.5,22.5,41.8,1.0
2023-12-25 18:30:00,413.5,22.45,41.8,
2023-12-25 18:45:00,334.0,22.4,41.8,1.0
2023-12-25 19:00:00,393.0,22.4,41.8,
2023-12-25 19:15:00,421.0,22.4,41.8,1.0
2023-12-25 19:30:00,380.0,22.4,41.8,
2023-12-25 19:45:00,398.5,22.4,41.8,1.0
2023-12-25 20:00:00,484.0,22.4,41.8,
2023-12-25 20:15:00,448.5,22.4,41.8,1.0
2023-12-25 20:30:00,442.0,22.5,41.8,
2023-12-25 20:45:00,397.0,22.4,41.8,1.0
2023-12-25 21:00:00,433.0,22.4,41.8,
2023-12-25 21:15:00,391.0,22.4,41.8,1.0
2023-12-25 21:30:00,429.0,22.4,41.8,
2023-12-25 21:45:00,406.0,22.4,41.8,1.0
2023-12-25 22:00:00,404.0,22.4,41.8,
2023-12-25 22:15:00,424.0,22.4,41.8,1.0
2023-12-25 22:30:00,334.0,22.4,41.8,
2023-12-25 22:45:00,378.5,22.4,41.8,1.0
2023-12-25 23:00:00,404.0,22.4,41.8,
2023-12-25 23:15:00,363.5,22.5,41.8,1.0
2023-12-25 23:30:00,385.0,22.5,42.19,
2023-12-25 23:45:00,409.5,22.45,41.8,1.0
2023-12-26 00:00:00,343.0,22.5,41.8,
2023-12-26 00:15:00,368.0,22.5,41.8,1.0
2023-12-26 00:30:00,427.0,22.4,41.8,
2023-12-26 00:45:00,396.5,22.5,41.8,1.0
2023-12-26 01:00:00,356.0,22.5,41.8,
2023-12-26 01:15:00,359.0,22.45,41.8,1.0
2023-12-26 01:30:00,369.0,22.5,41.8,
2023-12-26 01:45:00,379.0,22.45,41.8,1.0
2023-12-26 02:00:00,369.0,22.5,41.8,
2023-12-26 02:15:00,394.5,22.45,41.8,1.0
2023-12-26 02:30:00,422.0,22.5,41.8,
2023-12-26 02:45:00,378.0,22.45,41.8,1.0
2023-12-26 03:00:00,345.0,22.5,41.8,
2023-12-26 03:15:00,381.0,22.4,41.8,1.0
2023-12-26 03:30:00,312.0,22.5,41.8,
2023-12-26 03:45:00,406.5,22.5,41.995,1.0
2023-12-26 04:00:00,413.0,22.5,41.8,
2023-12-26 04:15:00,394.5,22.5,41.8,1.0
2023-12-26 04:30:00,343.0,22.5,42.19,
2023-12-26 04:45:00,403.5,22.45,41.8,1.0
2023-12-26 05:00:00,404.0,22.5,41.8,
2023-12-26 05:15:00,381.0,22.5,41.8,1.0
2023-12-26 05:30:00,416.0,22.5,41.8,
2023-12-26 05:45:00,375.5,22.45,41.995,1.0
2023-12-26 06:00:00,371.0,22.5,41.8,
2023-12-26 06:15:00,351.5,22.5,41.8,1.0
2023-12-26 06:30:00,340.0,22.4,41.8,
2023-12-26 06:45:00,337.0,22.4,41.8,1.0
2023-12-26 07:00:00,380.0,22.5,41.8,
2023-12-26 07:15:00,383.0,22.45,41.8,1.0
2023-12-26 07:30:00,332.0,22.4,41.8,
2023-12-26 07:45:00,345.0,22.4,41.995,1.0
2023-12-26 08:00:00,321.0,22.4,41.8,
2023-12-26 08:15:00,361.5,22.4,41.995,1.0
2023-12-26 08:30:00,398.0,22.4,42.19,
2023-12-26 08:45:00,331.0,22.45,41.995,1.0
2023-12-26 09:00:00,358.0,22.4,41.8,
2023-12-26 09:15:00,366.0,22.4,41.8,1.0
2023-12-26 09:30:00,378.0,22.4,41.8,
2023-12-26 09:45:00,379.0,22.45,41.8,1.0
2023-12-26 10:00:00,407.0,22.5,41.8,
2023-12-26 10:15:00,403.5,22.45,41.8,1.0
2023-12-26 10:30:00,413.0,22.4,41.8,
2023-12-26 10:45:00,326.5,22.4,41.8,1.0
2023-12-26 11:00:00,334.0,22.4,42.19,
2023-12-26 11:15:00,400.0,22.45,41.8,1.0
2023-12-26 11:30:00,380.0,22.4,41.8,
2023-12-26 11:45:00,354.5,22.45,41.995,1.0
2023-12-26 12:00:00,385.0,22.5,42.19,
2023-12-26 12:15:00,401.5,22.5,41.995,1.0
2023-12-26 12:30:00,396.0,22.5,42.19,
2023-12-26 12:45:00,391.0,22.5,42.19,1.0
2023-12-26 13:00:00,409.0,22.5,42.19,
2023-12-26 13:15:00,408.0,22.45,42.19,1.0
2023-12-26 13:30:00,365.0,22.4,42.19,
2023-12-26 13:45:00,358.0,22.45,42.19,1.0
2023-12-26 14:00:00,358.0,22.4,42.19,
2023-12-26 14:15:00,397.0,22.4,42.19,1.0
2023-12-26 14:30:00,345.0,22.4,42.19,
2023-12-26 14:45:00,338.0,22.4,42.19,1.0
2023-12-26 15:00:00,390.0,22.4,42.19,
2023-12-26 15:15:00,388.0,22.4,42.19,1.0
2023-12-26 15:30:00,402.5,22.4,42.19,
2023-12-26 15:45:00,370.0,22.4,42.19,1.0
2023-12-26 16:00:00,401.5,22.4,42.19,
2023-12-26 16:15:00,381.0,22.4,42.19,1.0
2023-12-26 16:30:00,381.5,22.4,42.19,
2023-12-26 16:45:00,388.0,22.4,42.19,1.0
2023-12-26 17:00:00,381.5,22.4,42.19,
2023-12-26 17:15:00,397.0,22.4,42.19,1.0
2023-12-26 17:30:00,402.5,22.4,42.19,
2023-12-26 17:45:00,329.0,22.3,42.19,1.0
2023-12-26 18:00:00,386.0,22.4,42.19,
2023-12-26 18:15:00,364.0,22.4,42.19,1.0
2023-12-26 18:30:00,352.0,22.4,42.19,
2023-12-26 18:45:00,342.0,22.3,42.19,1.0
2023-12-26 19:00:00,351.5,22.4,42.19,
2023-12-26 19:15:00,368.0,22.4,42.19,1.0
2023-12-26 19:30:00,369.0,22.4,41.995,
2023-12-26 19:45:00,305.0,22.4,42.19,1.0
2023-12-26 20:00:00,336.5,22.4,42.19,
2023-12-26 20:15:00,457.0,22.4,42.19,1.0
2023-12-26 20:30:00,422.5,22.4,42.19,
2023-12-26 20:45:00,403.0,22.4,42.19,1.0
2023-12-26 21:00:00,373.5,22.4,41.995,
2023-12-26 21:15:00,419.0,22.4,41.8,1.0
2023-12-26 21:30:00,376.5,22.4,41.995,
2023-12-26 21:45:00,352.0,22.4,42.19,1.0
2023-12-26 22:00:00,414.5,22.4,41.995,
2023-12-26 22:15:00,419.0,22.4,42.19,1.0
2023-12-26 22:30:00,402.5,22.4,42.19,
2023-12-26 22:45:00,401.0,22.4,42.19,1.0
2023-12-26 23:00:00,363.5,22.4,41.995,
2023-12-26 23:15:00,408.0,22.4,41.8,1.0
2023-12-26 23:30:00,409.0,22.4,41.8,
2023-12-26 23:45:00,372.0,22.4,42.19,1.0
2023-12-27 00:00:00,404.5,22.4,41.995,
2023-12-27 00:15:00,355.0,22.4,41.8,1.0
2023-12-27 00:30:00,421.5,22.4,41.8,
2023-12-27 00:45:00,342.0,22.4,41.8,1.0
2023-12-27 01:00:00,338.5,22.4,41.995,
2023-12-27 01:15:00,388.0,22.4,42.19,1.0
2023-12-27 01:30:00,328.5,22.4,41.8,
2023-12-27 01:45:00,333.0,22.4,41.8,1.0
2023-12-27 02:00:00,378.0,22.4,41.995,
2023-12-27 02:15:00,364.0,22.4,42.19,1.0
2023-12-27 02:30:00,423.0,22.4,41.8,
2023-12-27 02:45:00,403.0,22.4,41.8,1.0
2023-12-27 03:00:00,413.5,22.4,41.8,
2023-12-27 03:15:00,377.0,22.4,41.8,1.0
2023-12-27 03:30:00,414.0,22.4,41.8,
2023-12-27 03:45:00,379.0,22.4,41.8,1.0
2023-12-27 04:00:00,406.0,22.4,41.8,
2023-12-27 04:15:00,344.0,22.4,41.8,1.0
2023-12-27 04:30:00,330.0,22.4,41.995,
2023-12-27 04:45:00,412.0,22.4,42.19,1.0
2023-12-27 05:00:00,393.5,22.4,41.8,
2023-12-27 05:15:00,419.0,22.4,41.8,1.0
2023-12-27 05:30:00,382.0,22.4,41.8,
2023-12-27 05:45:00,384.0,22.4,41.8,1.0
2023-12-27 06:00:00,394.5,22.4,41.8,
2023-12-27 06:15:00,333.0,22.4,41.8,1.0
2023-12-27 06:30:00,343.0,22.4,41.8,
2023-12-27 06:45:00,412.0,22.4,41.8,1.0
2023-12-27 07:00:00,414.5,22.4,41.8,
2023-12-27 07:15:00,388.0,22.4,41.8,1.0
2023-12-27 07:30:00,377.0,22.4,41.8,
2023-12-27 07:45:00,368.0,22.4,41.8,1.0
2023-12-27 08:00:00,356.5,22.4,41.8,
2023-12-27 08:15:00,403.0,22.4,41.8,1.0
2023-12-27 08:30:00,373.5,22.35,41.8,
2023-12-27 08:45:00,381.0,22.3,41.8,1.0
2023-12-27 09:00:00,379.5,22.35,41.8,
2023-12-27 09:15:00,357.0,22.4,41.8,1.0
2023-12-27 09:30:00,402.5,22.4,41.8,
2023-12-27 09:45:00,401.0,22.4,41.8,1.0
2023-12-27 10:00:00,386.0,22.4,41.8,
2023-12-27 10:15:00,437.0,22.4,41.8,1.0
2023-12-27 10:30:00,401.0,22.4,41.8,
2023-12-27 10:45:00,406.0,22.4,41.8,1.0
2023-12-27 11:00:00,388.0,22.4,41.605,
2023-12-27 11:15:00,368.0,22.4,41.8,1.0
2023-12-27 11:30:00,390.0,22.4,41.8,
2023-12-27 11:45:00,433.0,22.4,41.8,1.0
2023-12-27 12:00:00,390.0,22.4,41.8,
2023-12-27 12:15:00,396.5,22.4,41.8,1.0
2023-12-27 12:30:00,366.0,22.4,41.8,
2023-12-27 12:45:00,397.0,22.4,41.8,1.0
2023-12-27 13:00:00,364.0,22.4,41.8,
2023-12-27 13:15:00,394.5,22.4,41.605,1.0
2023-12-27 13:30:00,457.0,22.4,41.8,
2023-12-27 13:45:00,370.0,22.4,41.605,1.0
2023-12-27 14:00:00,395.0,22.4,41.8,
2023-12-27 14:15:00,384.0,22.4,41.605,1.0
2023-12-27 14:30:00,403.0,22.4,41.41,
2023-12-27 14:45:00,333.0,22.4,41.605,1.0
2023-12-27 15:00:00,417.0,22.4,41.8,
2023-12-27 15:15:00,364.0,22.4,41.8,1.0
2023-12-27 15:30:00,403.0,22.4,41.41,
2023-12-27 15:45:00,392.5,22.4,41.41,1.0
2023-12-27 16:00:00,370.0,22.4,41.41,
2023-12-27 16:15:00,402.0,22.4,41.41,1.0
2023-12-27 16:30:00,377.0,22.4,41.41,
2023-12-27 16:45:00,402.0,22.4,41.41,1.0
2023-12-27 17:00:00,390.0,22.4,41.41,
2023-12-27 17:15:00,388.0,22.4,41.41,1.0
2023-12-27 17:30:00,335.0,22.4,41.41,
2023-12-27 17:45:00,403.5,22.4,41.41,1.0
2023-12-27 18:00:00,419.0,22.4,41.41,
2023-12-27 18:15:00,372.5,22.4,41.41,1.0
2023-12-27 18:30:00,395.0,22.4,41.41,
2023-12-27 18:45:00,414.5,22.4,41.41,1.0
2023-12-27 19:00:00,428.0,22.4,41.41,
2023-12-27 19:15:00,379.0,22.4,41.41,1.0
2023-12-27 19:30:00,432.0,22.4,41.41,
2023-12-27 19:45:00,351.0,22.4,41.41,1.0
2023-12-27 20:00:00,408.0,22.4,41.41,
2023-12-27 20:15:00,439.0,22.4,41.41,1.0
2023-12-27 20:30:00,421.0,22.4,41.41,
2023-12-27 20:45:00,380.5,22.4,41.41,1.0
2023-12-27 21:00:00,417.0,22.4,41.41,
2023-12-27 21:15:00,420.5,22.4,41.41,1.0
2023-12-27 21:30:00,384.0,22.4,41.41,
2023-12-27 21:45:00,433.0,22.4,41.41,1.0
2023-12-27 22:00:00,390.0,22.4,41.8,
2023-12-27 22:15:00,409.0,22.35,41.605,1.0
2023-12-27 22:30:00,372.0,22.4,41.41,
2023-12-27 22:45:00,402.5,22.4,41.605,1.0
2023-12-27 23:00:00,388.0,22.4,41.41,
2023-12-27 23:15:00,380.0,22.4,41.41,1.0
2023-12-27 23:30:00,342.0,22.4,41.41,
2023-12-27 23:45:00,399.0,22.4,41.41,1.0
2023-12-28 00:00:00,397.0,22.4,41.41,
2023-12-28 00:15:00,383.5,22.4,41.41,1.0
2023-12-28 00:30:00,388.0,22.4,41.41,
2023-12-28 00:45:00,374.5,22.3,41.605,1.0
2023-12-28 01:00:00,372.0,22.3,41.41,
2023-12-28 01:15:00,424.0,22.35,41.8,1.0
2023-12-28 01:30:00,384.0,22.3,41.41,
2023-12-28 01:45:00,380.0,22.4,41.605,1.0
2023-12-28 02:00:00,309.0,22.4,41.41,
2023-12-28 02:15:00,384.5,22.4,41.41,1.0
2023-12-28 02:30:00,426.0,22.4,41.41,
2023-12-28 02:45:00,376.5,22.4,41.41,1.0
2023-12-28 03:00:00,446.0,22.4,41.8,
2023-12-28 03:15:00,411.0,22.4,41.41,1.0
2023-12-28 03:30:00,392.0,22.4,41.41,
2023-12-28 03:45:00,372.5,22.4,41.41,1.0
2023-12-28 04:00:00,346.0,22.4,41.41,
2023-12-28 04:15:00,364.0,22.4,41.41,1.0
2023-12-28 04:30:00,478.0,22.4,41.41,
2023-12-28 04:45:00,469.0,22.4,41.41,1.0
2023-12-28 05:00:00,527.0,22.4,41.8,
2023-12-28 05:15:00,458.5,22.4,41.41,1.0
2023-12-28 05:30:00,496.0,22.4,41.41,
2023-12-28 05:45:00,501.5,22.4,41.41,1.0
2023-12-28 06:00:00,498.0,22.4,41.41,
2023-12-28 06:15:00,511.5,22.4,41.605,1.0
2023-12-28 06:30:00,460.0,22.4,41.8,
2023-12-28 06:45:00,457.5,22.4,41.605,1.0
2023-12-28 07:00:00,476.0,22.4,41.41,
2023-12-28 07:15:00,433.5,22.4,41.8,1.0
2023-12-28 07:30:00,500.0,22.4,41.8,
2023-12-28 07:45:00,464.0,22.4,41.8,1.0
2023-12-28 08:00:00,382.0,22.4,41.8,
2023-12-28 08:15:00,479.0,22.4,41.8,1.0
2023-12-28 08:30:00,514.0,22.4,41.8,
2023-12-28 08:45:00,498.5,22.4,41.8,1.0
2023-12-28 09:00:00,451.0,22.4,41.8,
2023-12-28 09:15:00,512.0,22.4,41.8,1.0
2023-12-28 09:30:00,505.0,22.4,41.8,
2023-12-28 09:45:00,466.0,22.4,41.8,1.0
2023-12-28 10:00:00,446.0,22.4,41.8,
2023-12-28 10:15:00,535.0,22.4,41.8,1.0
2023-12-28 10:30:00,486.0,22.4,41.8,
2023-12-28 10:45:00,592.0,22.4,41.8,1.0
2023-12-28 11:00:00,438.0,22.4,41.8,
2023-12-28 11:15:00,479.0,22.4,41.8,1.0
2023-12-28 11:30:00,470.5,22.4,41.8,
2023-12-28 11:45:00,473.0,22.4,41.8,1.0
2023-12-28 12:00:00,516.0,22.45,41.8,
2023-12-28 12:15:00,553.0,22.5,41.8,1.0
2023-12-28 12:30:00,472.5,22.4,41.8,
2023-12-28 12:45:00,486.0,22.4,41.8,1.0
2023-12-28 13:00:00,536.0,22.4,41.8,
2023-12-28 13:15:00,486.0,22.4,41.8,1.0
2023-12-28 13:30:00,490.5,22.4,41.8,
2023-12-28 13:45:00,427.0,22.4,41.8,1.0
2023-12-28 14:00:00,489.0,22.45,41.8,
2023-12-28 14:15:00,459.0,22.4,41.8,1.0
2023-12-28 14:30:00,477.0,22.4,41.8,
2023-12-28 14:45:00,515.0,22.5,41.8,1.0
2023-12-28 15:00:00,498.0,22.4,41.8,
2023-12-28 15:15:00,505.0,22.4,41.8,1.0
2023-12-28 15:30:00,471.0,22.4,41.995,
2023-12-28 15:45:00,546.0,22.4,42.19,1.0
2023-12-28 16:00:00,469.5,22.45,42.19,
2023-12-28 16:15:00,515.0,22.5,42.19,1.0
2023-12-28 16:30:00,478.0,22.5,42.19,
2023-12-28 16:45:00,,,,1.0
2023-12-28 17:00:00,515.0,22.5,42.19,
2023-12-28 17:15:00,528.0,22.5,42.19,1.0
2023-12-28 17:30:00,470.5,22.5,42.19,
2023-12-28 17:45:00,477.0,22.5,42.19,1.0
2023-12-28 18:00:00,493.5,22.5,42.19,
2023-12-28 18:15:00,521.0,22.5,42.19,1.0
2023-12-28 18:30:00,453.5,22.5,42.19,
2023-12-28 18:45:00,451.0,22.5,42.19,1.0
2023-12-28 19:00:00,517.0,22.5,42.19,
2023-12-28 19:15:00,479.0,22.5,42.19,1.0
2023-12-28 19:30:00,499.0,22.5,42.19,
2023-12-28 19:45:00,445.0,22.5,42.19,1.0
2023-12-28 20:00:00,531.5,22.5,42.19,
2023-12-28 20:15:00,491.0,22.5,42.19,1.0
2023-12-28 20:30:00,513.5,22.5,42.19,
2023-12-28 20:45:00,497.0,22.5,42.19,1.0
2023-12-28 21:00:00,444.5,22.5,42.19,
2023-12-28 21:15:00,480.0,22.5,42.19,1.0
2023-12-28 21:30:00,462.0,22.5,42.19,
2023-12-28 21:45:00,490.0,22.5,42.19,1.0
2023-12-28 22:00:00,490.5,22.5,42.19,
2023-12-28 22:15:00,480.0,22.5,42.19,1.0
2023-12-28 22:30:00,475.0,22.5,42.19,
2023-12-28 22:45:00,474.0,22.5,42.19,1.0
2023-12-28 23:00:00,520.0,22.5,42.19,
2023-12-28 23:15:00,498.0,22.5,42.19,1.0
2023-12-28 23:30:00,487.0,22.5,42.19,
2023-12-28 23:45:00,460.0,22.5,42.19,1.0
2023-12-29 00:00:00,466.0,22.5,42.19,
2023-12-29 00:15:00,408.0,22.5,42.19,1.0
2023-12-29 00:30:00,486.0,22.5,42.19,
2023-12-29 00:45:00,528.0,22.5,42.19,1.0
2023-12-29 01:00:00,476.0,22.5,42.19,
2023-12-29 01:15:00,449.0,22.5,42.19,1.0
2023-12-29 01:30:00,530.0,22.5,42.19,
2023-12-29 01:45:00,482.0,22.5,42.19,1.0
2023-12-29 02:00:00,493.5,22.5,42.19,
2023-12-29 02:15:00,480.0,22.5,42.19,1.0
2023-12-29 02:30:00,529.0,22.5,42.19,
2023-12-29 02:45:00,491.0,22.5,42.19,1.0
2023-12-29 03:00:00,454.0,22.5,42.19,
2023-12-29 03:15:00,474.0,22.5,42.19,1.0
2023-12-29 03:30:00,483.5,22.5,42.19,
2023-12-29 03:45:00,518.0,22.5,42.19,1.0
2023-12-29 04:00:00,452.5,22.5,42.19,
2023-12-29 04:15:00,474.0,22.5,42.19,1.0
2023-12-29 04:30:00,493.5,22.5,42.19,
2023-12-29 04:45:00,552.0,22.5,42.19,1.0
2023-12-29 05:00:00,476.0,22.5,42.19,
2023-12-29 05:15:00,478.0,22.5,42.19,1.0
2023-12-29 05:30:00,445.0,22.5,42.19,
2023-12-29 05:45:00,478.0,22.5,42.58,1.0
2023-12-29 06:00:00,476.0,22.5,42.385,
2023-12-29 06:15:00,460.0,22.5,42.19,1.0
2023-12-29 06:30:00,503.5,22.5,42.19,
2023-12-29 06:45:00,494.0,22.5,42.19,1.0
2023-12-29 07:00:00,463.5,22.5,42.19,
2023-12-29 07:15:00,502.0,22.5,42.58,1.0
2023-12-29 07:30:00,464.0,22.5,42.19,
2023-12-29 07:45:00,454.0,22.5,42.58,1.0
2023-12-29 08:00:00,436.0,22.5,42.385,
2023-12-29 08:15:00,445.0,22.5,42.58,1.0
2023-12-29 08:30:00,477.0,22.5,42.58,
2023-12-29 08:45:00,505.0,22.5,42.58,1.0
2023-12-29 09:00:00,490.0,22.5,42.58,
2023-12-29 09:15:00,505.0,22.5,42.58,1.0
2023-12-29 09:30:00,509.0,22.5,42.58,
2023-12-29 09:45:00,462.0,22.5,42.58,1.0
2023-12-29 10:00:00,455.5,22.5,42.58,
2023-12-29 10:15:00,439.0,22.5,42.58,1.0
2023-12-29 10:30:00,449.5,22.5,42.58,
2023-12-29 10:45:00,518.0,22.5,42.58,1.0
2023-12-29 11:00:00,490.0,22.55,42.58,
2023-12-29 11:15:00,561.0,22.5,42.58,1.0
2023-12-29 11:30:00,477.5,22.6,42.58,
2023-12-29 11:45:00,511.0,22.6,42.58,1.0
2023-12-29 12:00:00,486.0,22.5,42.58,
2023-12-29 12:15:00,502.0,22.5,42.58,1.0
2023-12-29 12:30:00,492.0,22.5,42.58,
2023-12-29 12:45:00,432.0,22.5,42.58,1.0
2023-12-29 13:00:00,469.0,22.5,42.58,
2023-12-29 13:15:00,456.5,22.5,42.58,1.0
2023-12-29 13:30:00,500.0,22.5,42.58,
2023-12-29 13:45:00,514.5,22.5,42.58,1.0
2023-12-29 14:00:00,443.0,22.5,42.58,
2023-12-29 14:15:00,470.5,22.5,42.58,1.0
2023-12-29 14:30:00,395.0,22.5,42.58,
2023-12-29 14:45:00,487.0,22.5,42.58,1.0
2023-12-29 15:00:00,507.0,22.5,42.58,
2023-12-29 15:15:00,477.0,22.5,42.58,1.0
2023-12-29 15:30:00,417.0,22.5,42.58,
2023-12-29 15:45:00,492.5,22.5,42.58,1.0
2023-12-29 16:00:00,443.0,22.5,42.58,
2023-12-29 16:15:00,491.5,22.5,42.58,1.0
2023-12-29 16:30:00,489.0,22.5,42.58,
2023-12-29 16:45:00,528.0,22.5,42.58,1.0
2023-12-29 17:00:00,449.0,22.5,42.58,
2023-12-29 17:15:00,470.0,22.5,42.58,1.0
2023-12-29 17:30:00,454.0,22.5,42.58,
2023-12-29 17:45:00,467.0,22.5,42.58,1.0
2023-12-29 18:00:00,487.0,22.5,42.58,
2023-12-29 18:15:00,471.5,22.5,42.58,1.0
2023-12-29 18:30:00,491.0,22.5,42.58,
2023-12-29 18:45:00,485.5,22.5,42.58,1.0
2023-12-29 19:00:00,478.0,22.5,42.58,
2023-12-29 19:15:00,494.0,22.5,42.58,1.0
2023-12-29 19:30:00,464.0,22.5,42.58,
2023-12-29 19:45:00,457.0,22.5,42.58,1.0
2023-12-29 20:00:00,476.0,22.5,42.58,
2023-12-29 20:15:00,489.5,22.5,42.58,1.0
2023-12-29 20:30:00,486.0,22.5,42.58,
2023-12-29 20:45:00,483.5,22.5,42.58,1.0
2023-12-29 21:00:00,449.0,22.5,42.58,
2023-12-29 21:15:00,470.0,22.5,42.58,1.0
2023-12-29 21:30:00,449.0,22.5,42.58,
2023-12-29 21:45:00,496.0,22.5,42.58,1.0
2023-12-29 22:00:00,436.0,22.5,42.58,
2023-12-29 22:15:00,518.0,22.5,42.58,1.0
2023-12-29 22:30:00,467.0,22.5,42.58,
2023-12-29 22:45:00,495.0,22.5,42.58,1.0
2023-12-29 23:00:00,535.0,22.5,42.58,
2023-12-29 23:15:00,481.0,22.5,42.58,1.0
2023-12-29 23:30:00,507.0,22.5,42.58,
2023-12-29 23:45:00,468.0,22.5,42.58,1.0
2023-12-30 00:00:00,449.0,22.5,42.58,
2023-12-30 00:15:00,487.0,22.5,42.58,1.0
2023-12-30 00:30:00,454.0,22.5,42.58,
2023-12-30 00:45:00,468.0,22.5,42.58,1.0
2023-12-30 01:00:00,456.0,22.5,42.58,
2023-12-30 01:15:00,497.0,22.5,42.58,1.0
2023-12-30 01:30:00,476.0,22.5,42.58,
2023-12-30 01:45:00,486.5,22.5,42.58,1.0
2023-12-30 02:00:00,417.0,22.5,42.58,
2023-12-30 02:15:00,489.0,22.5,42.58,1.0
2023-12-30 02:30:00,491.0,22.5,42.58,
2023-12-30 02:45:00,466.5,22.5,42.58,1.0
2023-12-30 03:00:00,465.0,22.5,42.58,
2023-12-30 03:15:00,496.5,22.5,42.58,1.0
2023-12-30 03:30:00,478.0,22.5,42.58,
2023-12-30 03:45:00,468.0,22.5,42.58,1.0
2023-12-30 04:00:00,474.0,22.5,42.58,
2023-12-30 04:15:00,520.0,22.5,42.58,1.0
2023-12-30 04:30:00,540.0,22.5,42.58,
2023-12-30 04:45:00,505.5,22.5,42.58,1.0
2023-12-30 05:00:00,454.0,22.5,42.58,
2023-12-30 05:15:00,461.0,22.5,42.58,1.0
2023-12-30 05:30:00,507.0,22.5,42.58,
2023-12-30 05:45:00,520.5,22.5,42.58,1.0
2023-12-30 06:00:00,474.0,22.5,42.58,
2023-12-30 06:15:00,495.0,22.5,42.58,1.0
2023-12-30 06:30:00,430.0,22.5,42.58,
2023-12-30 06:45:00,466.0,22.5,42.58,1.0
2023-12-30 07:00:00,436.0,22.5,42.58,
2023-12-30 07:15:00,495.0,22.5,42.58,1.0
2023-12-30 07:30:00,449.0,22.5,42.58,
2023-12-30 07:45:00,483.5,22.5,42.58,1.0
2023-12-30 08:00:00,468.0,22.5,42.58,
2023-12-30 08:15:00,499.0,22.5,42.58,1.0
2023-12-30 08:30:00,521.0,22.5,42.58,
2023-12-30 08:45:00,484.0,22.5,42.58,1.0
2023-12-30 09:00:00,451.0,22.5,42.58,
2023-12-30 09:15:00,498.0,22.5,42.58,1.0
2023-12-30 09:30:00,0.0,22.5,42.58,
2023-12-30 09:45:00,530.0,22.5,42.58,1.0
2023-12-30 10:00:00,490.0,22.5,42.58,
2023-12-30 10:15:00,502.0,22.5,42.58,1.0
2023-12-30 10:30:00,481.0,22.5,42.58,
2023-12-30 10:45:00,500.0,22.5,42.58,1.0
2023-12-30 11:00:00,473.5,22.5,42.58,
2023-12-30 11:15:00,500.0,22.5,42.58,1.0
2023-12-30 11:30:00,445.0,22.5,42.58,
2023-12-30 11:45:00,507.0,22.5,42.58,1.0
2023-12-30 12:00:00,534.5,22.5,42.58,
2023-12-30 12:15:00,489.0,22.5,42.58,1.0
2023-12-30 12:30:00,506.0,22.5,42.58,
2023-12-30 12:45:00,421.0,22.5,42.58,1.0
2023-12-30 13:00:00,475.0,22.5,42.58,
2023-12-30 13:15:00,469.0,22.5,42.58,1.0
2023-12-30 13:30:00,461.5,22.5,42.58,
2023-12-30 13:45:00,528.0,22.5,42.58,1.0
2023-12-30 14:00:00,467.0,22.5,42.58,
2023-12-30 14:15:00,493.0,22.5,42.58,1.0
2023-12-30 14:30:00,501.0,22.5,42.58,
2023-12-30 14:45:00,539.0,22.5,42.58,1.0
2023-12-30 15:00:00,447.5,22.5,42.58,
2023-12-30 15:15:00,468.0,22.5,42.58,1.0
2023-12-30 15:30:00,483.5,22.5,42.58,
2023-12-30 15:45:00,542.0,22.5,42.58,1.0
2023-12-30 16:00:00,466.0,22.5,42.58,
2023-12-30 16:15:00,468.0,22.5,42.58,1.0
2023-12-30 16:30:00,496.0,22.5,42.58,
2023-12-30 16:45:00,486.0,22.5,42.58,1.0
2023-12-30 17:00:00,473.5,22.5,42.58,
2023-12-30 17:15:00,573.0,22.5,42.58,1.0
2023-12-30 17:30:00,465.0,22.5,42.58,
2023-12-30 17:45:00,460.0,22.5,42.58,1.0
2023-12-30 18:00:00,473.5,22.5,42.58,
2023-12-30 18:15:00,477.0,22.5,42.58,1.0
2023-12-30 18:30:00,526.0,22.5,42.58,
2023-12-30 18:45:00,475.0,22.5,42.58,1.0
2023-12-30 19:00:00,494.5,22.5,42.58,
2023-12-30 19:15:00,535.0,22.5,42.58,1.0
2023-12-30 19:30:00,491.5,22.5,42.58,
2023-12-30 19:45:00,459.0,22.5,42.58,1.0
2023-12-30 20:00:00,518.5,22.5,42.58,
2023-12-30 20:15:00,456.0,22.5,42.19,1.0
2023-12-30 20:30:00,519.5,22.5,42.58,
2023-12-30 20:45:00,452.0,22.5,42.58,1.0
2023-12-30 21:00:00,449.0,22.5,42.19,
2023-12-30 21:15:00,500.0,22.5,42.19,1.0
2023-12-30 21:30:00,494.0,22.5,42.58,
2023-12-30 21:45:00,562.0,22.5,42.19,1.0
2023-12-30 22:00:00,452.0,22.5,42.58,
2023-12-30 22:15:00,474.0,22.5,42.19,1.0
2023-12-30 22:30:00,531.0,22.5,42.58,
2023-12-30 22:45:00,482.0,22.5,42.58,1.0
2023-12-30 23:00:00,483.0,22.5,42.385,
2023-12-30 23:15:00,487.0,22.5,42.58,1.0
2023-12-30 23:30:00,476.0,22.5,42.385,
2023-12-30 23:45:00,480.0,22.5,42.58,1.0
2023-12-31 00:00:00,483.5,22.5,42.385,
2023-12-31 00:15:00,462.0,22.5,42.58,1.0
2023-12-31 00:30:00,480.5,22.5,42.19,
2023-12-31 00:45:00,476.0,22.5,42.19,1.0
2023-12-31 01:00:00,464.0,22.5,42.19,
2023-12-31 01:15:00,445.0,22.5,42.19,1.0
2023-12-31 01:30:00,485.5,22.5,42.19,
2023-12-31 01:45:00,507.0,22.5,42.19,1.0
2023-12-31 02:00:00,494.5,22.5,42.19,
2023-12-31 02:15:00,476.0,22.5,42.58,1.0
2023-12-31 02:30:00,493.5,22.5,42.19,
2023-12-31 02:45:00,507.0,22.5,42.19,1.0
2023-12-31 03:00:00,499.0,22.5,42.19,
2023-12-31 03:15:00,505.0,22.5,42.19,1.0
2023-12-31 03:30:00,445.0,22.5,42.19,
2023-12-31 03:45:00,538.0,22.5,42.19,1.0
2023-12-31 04:00:00,454.0,22.5,42.19,
2023-12-31 04:15:00,460.0,22.5,42.19,1.0
2023-12-31 04:30:00,506.0,22.5,42.19,
2023-12-31 04:45:00,522.0,22.5,42.19,1.0
2023-12-31 05:00:00,527.0,22.5,42.19,
2023-12-31 05:15:00,480.0,22.5,42.19,1.0
2023-12-31 05:30:00,446.5,22.5,42.19,
2023-12-31 05:45:00,480.0,22.5,42.19,1.0
2023-12-31 06:00:00,472.5,22.5,42.19,
2023-12-31 06:15:00,462.0,22.5,42.19,1.0
2023-12-31 06:30:00,527.0,22.5,42.19,
2023-12-31 06:45:00,531.0,22.5,42.19,1.0
2023-12-31 07:00:00,500.0,22.5,42.19,
2023-12-31 07:15:00,514.5,22.5,42.19,1.0
2023-12-31 07:30:00,456.0,22.5,42.19,
2023-12-31 07:45:00,497.0,22.5,42.19,1.0
2023-12-31 08:00:00,476.0,22.5,42.19,
2023-12-31 08:15:00,462.5,22.5,42.19,1.0
2023-12-31 08:30:00,511.0,22.5,42.19,
2023-12-31 08:45:00,478.5,22.5,42.19,1.0
2023-12-31 09:00:00,491.0,22.5,42.19,
2023-12-31 09:15:00,500.0,22.5,42.58,1.0
2023-12-31 09:30:00,498.0,22.5,42.58,
2023-12-31 09:45:00,550.0,22.5,42.58,1.0
2023-12-31 10:00:00,465.0,22.5,42.58,
2023-12-31 10:15:00,470.5,22.5,42.58,1.0
2023-12-31 10:30:00,516.0,22.5,42.58,
2023-12-31 10:45:00,473.5,22.5,42.385,1.0
2023-12-31 11:00:00,487.0,22.6,42.58,
2023-12-31 11:15:00,514.5,22.5,42.58,1.0
2023-12-31 11:30:00,531.0,22.6,42.58,
2023-12-31 11:45:00,500.0,22.5,42.58,1.0
2023-12-31 12:00:00,498.0,22.5,42.58,
2023-12-31 12:15:00,544.0,22.5,42.58,1.0
2023-12-31 12:30:00,469.0,22.5,42.58,
2023-12-31 12:45:00,469.0,22.55,42.58,1.0
2023-12-31 13:00:00,543.0,22.5,42.58,
2023-12-31 13:15:00,431.0,22.5,42.58,1.0
2023-12-31 13:30:00,456.0,22.5,42.58,
2023-12-31 13:45:00,447.5,22.5,42.58,1.0
2023-12-31 14:00:00,500.0,22.5,42.58,
2023-12-31 14:15:00,495.5,22.5,42.58,1.0
2023-12-31 14:30:00,511.0,22.5,42.58,
2023-12-31 14:45:00,506.0,22.5,42.58,1.0
2023-12-31 15:00:00,502.0,22.5,42.58,
2023-12-31 15:15:00,520.0,22.5,42.58,1.0
2023-12-31 15:30:00,516.0,22.5,42.58,
2023-12-31 15:45:00,434.5,22.5,42.58,1.0
2023-12-31 16:00:00,531.0,22.5,42.58,
2023-12-31 16:15:00,506.5,22.5,42.58,1.0
2023-12-31 16:30:00,500.0,22.5,42.58,
2023-12-31 16:45:00,482.5,22.5,42.58,1.0
2023-12-31 17:00:00,502.0,22.5,42.58,
2023-12-31 17:15:00,492.5,22.5,42.58,1.0
2023-12-31 17:30:00,478.0,22.5,42.58,
2023-12-31 17:45:00,515.0,22.5,42.58,1.0
2023-12-31 18:00:00,439.0,22.5,42.58,
2023-12-31 18:15:00,478.5,22.5,42.58,1.0
2023-12-31 18:30:00,500.0,22.5,42.58,
2023-12-31 18:45:00,524.0,22.5,42.58,1.0
2023-12-31 19:00:00,469.0,22.5,42.58,
2023-12-31 19:15:00,533.5,22.5,42.58,1.0
2023-12-31 19:30:00,505.0,22.5,42.58,
2023-12-31 19:45:00,470.5,22.5,42.58,1.0
2023-12-31 20:00:00,538.0,22.5,42.58,
2023-12-31 20:15:00,510.0,22.5,42.58,1.0
2023-12-31 20:30:00,502.0,22.5,42.58,
2023-12-31 20:45:00,475.5,22.5,42.58,1.0
2023-12-31 21:00:00,491.0,22.5,42.58,
2023-12-31 21:15:00,547.5,22.5,42.58,1.0
2023-12-31 21:30:00,474.0,22.5,42.58,
2023-12-31 21:45:00,498.0,22.5,42.58,1.0
2023-12-31 22:00:00,511.0,22.5,42.58,
2023-12-31 22:15:00,478.0,22.5,42.58,1.0
2023-12-31 22:30:00,498.0,22.5,42.58,
2023-12-31 22:45:00,447.5,22.5,42.58,1.0
2023-12-31 23:00:00,467.0,22.5,42.58,
2023-12-31 23:15:00,494.5,22.5,42.58,1.0
2023-12-31 23:30:00,502.0,22.5,42.58,
2023-12-31 23:45:00,505.5,22.5,42.58,1.0
2024-01-01 00:00:00,536.0,22.5,42.58,
2024-01-01 00:15:00,486.0,22.5,42.58,1.0
2024-01-01 00:30:00,500.0,22.5,42.58,
2024-01-01 00:45:00,495.5,22.5,42.58,1.0
2024-01-01 01:00:00,507.0,22.5,42.58,
2024-01-01 01:15:00,452.5,22.5,42.58,1.0
2024-01-01 01:30:00,500.0,22.5,42.58,
2024-01-01 01:45:00,463.0,22.5,42.58,1.0
2024-01-01 02:00:00,561.0,22.5,42.58,
2024-01-01 02:15:00,516.0,22.5,42.58,1.0
2024-01-01 02:30:00,494.0,22.5,42.58,
2024-01-01 02:45:00,509.0,22.5,42.58,1.0
2024-01-01 03:00:00,529.0,22.5,42.58,
2024-01-01 03:15:00,498.0,22.5,42.58,1.0
2024-01-01 03:30:00,456.0,22.5,42.58,
2024-01-01 03:45:00,478.0,22.5,42.58,1.0
2024-01-01 04:00:00,497.0,22.5,42.58,
2024-01-01 04:15:00,527.0,22.5,42.58,1.0
2024-01-01 04:30:00,485.0,22.5,42.58,
2024-01-01 04:45:00,462.0,22.5,42.58,1.0
2024-01-01 05:00:00,512.5,22.5,42.58,
2024-01-01 05:15:00,487.0,22.5,42.58,1.0
2024-01-01 05:30:00,520.0,22.5,42.58,
2024-01-01 05:45:00,522.0,22.5,42.58,1.0
2024-01-01 06:00:00,552.5,22.5,42.58,
2024-01-01 06:15:00,513.0,22.5,42.58,1.0
2024-01-01 06:30:00,465.0,22.5,42.58,
2024-01-01 06:45:00,491.0,22.5,42.58,1.0
2024-01-01 07:00:00,516.0,22.5,42.58,
2024-01-01 07:15:00,500.0,22.5,42.58,1.0
2024-01-01 07:30:00,475.0,22.5,42.58,
2024-01-01 07:45:00,430.0,22.5,42.58,1.0
2024-01-01 08:00:00,492.0,22.5,42.58,
2024-01-01 08:15:00,478.0,22.5,42.58,1.0
2024-01-01 08:30:00,481.5,22.5,42.58,
2024-01-01 08:45:00,551.0,22.5,42.58,1.0
2024-01-01 09:00:00,520.5,22.5,42.775,
2024-01-01 09:15:00,487.0,22.5,42.58,1.0
2024-01-01 09:30:00,482.5,22.5,42.58,
2024-01-01 09:45:00,538.0,22.5,42.97,1.0
2024-01-01 10:00:00,519.0,22.5,42.97,
2024-01-01 10:15:00,460.0,22.5,42.58,1.0
2024-01-01 10:30:00,480.0,22.5,42.58,
2024-01-01 10:45:00,565.0,22.5,42.58,1.0
2024-01-01 11:00:00,516.0,22.5,42.775,
2024-01-01 11:15:00,462.0,22.5,42.58,1.0
2024-01-01 11:30:00,520.5,22.5,42.97,
2024-01-01 11:45:00,482.0,22.5,42.97,1.0
2024-01-01 12:00:00,525.5,22.5,42.97,
2024-01-01 12:15:00,591.0,22.5,42.97,1.0
2024-01-01 12:30:00,514.5,22.5,42.97,
2024-01-01 12:45:00,576.0,22.5,42.97,1.0
2024-01-01 13:00:00,519.0,22.5,42.97,
2024-01-01 13:15:00,511.0,22.5,42.97,1.0
2024-01-01 13:30:00,481.5,22.5,42.97,
2024-01-01 13:45:00,522.0,22.5,42.97,1.0
2024-01-01 14:00:00,482.0,22.5,42.97,
2024-01-01 14:15:00,530.0,22.5,42.97,1.0
2024-01-01 14:30:00,505.0,22.5,42.97,
2024-01-01 14:45:00,526.0,22.5,42.97,1.0
2024-01-01 15:00:00,519.5,22.5,42.97,
2024-01-01 15:15:00,465.0,22.5,42.97,1.0
2024-01-01 15:30:00,490.0,22.5,42.97,
2024-01-01 15:45:00,504.0,22.5,42.97,1.0
2024-01-01 16:00:00,490.5,22.5,42.97,
2024-01-01 16:15:00,460.0,22.5,42.97,1.0
2024-01-01 16:30:00,503.0,22.5,42.97,
2024-01-01 16:45:00,521.0,22.5,42.97,1.0
2024-01-01 17:00:00,496.0,22.5,42.97,
2024-01-01 17:15:00,497.0,22.5,42.97,1.0
2024-01-01 17:30:00,460.5,22.5,42.97,
2024-01-01 17:45:00,490.0,22.5,42.97,1.0
2024-01-01 18:00:00,496.0,22.5,42.97,
2024-01-01 18:15:00,517.0,22.5,42.97,1.0
2024-01-01 18:30:00,509.5,22.5,42.97,
2024-01-01 18:45:00,477.0,22.5,42.97,1.0
2024-01-01 19:00:00,480.5,22.5,42.97,
2024-01-01 19:15:00,418.0,22.5,42.97,1.0
2024-01-01 19:30:00,539.0,22.5,42.97,
2024-01-01 19:45:00,546.0,22.5,42.97,1.0
2024-01-01 20:00:00,506.0,22.5,42.97,
2024-01-01 20:15:00,461.0,22.5,42.97,1.0
2024-01-01 20:30:00,480.0,22.5,42.97,
2024-01-01 20:45:00,499.0,22.5,42.97,1.0
2024-01-01 21:00:00,485.0,22.5,42.97,
2024-01-01 21:15:00,512.0,22.5,42.97,1.0
2024-01-01 21:30:00,512.5,22.5,42.97,
2024-01-01 21:45:00,546.0,22.5,42.97,1.0
2024-01-01 22:00:00,570.0,22.5,42.97,
2024-01-01 22:15:00,546.0,22.5,42.97,1.0
2024-01-01 22:30:00,513.5,22.5,42.97,
2024-01-01 22:45:00,479.0,22.5,42.97,1.0
2024-01-01 23:00:00,527.0,22.5,42.97,
2024-01-01 23:15:00,488.0,22.5,42.97,1.0
2024-01-01 23:30:00,520.5,22.5,42.97,
2024-01-01 23:45:00,473.0,22.5,42.97,1.0
2024-01-02 00:00:00,493.5,22.5,42.97,
2024-01-02 00:15:00,481.0,22.5,42.97,1.0
2024-01-02 00:30:00,516.0,22.45,42.97,
2024-01-02 00:45:00,506.0,22.5,42.97,1.0
2024-01-02 01:00:00,481.0,22.5,42.97,
2024-01-02 01:15:00,537.0,22.5,42.97,1.0
2024-01-02 01:30:00,522.5,22.5,42.97,
2024-01-02 01:45:00,611.0,22.5,42.97,1.0
2024-01-02 02:00:00,560.0,22.5,42.97,
2024-01-02 02:15:00,516.0,22.45,42.97,1.0
2024-01-02 02:30:00,481.0,22.5,42.97,
2024-01-02 02:45:00,466.0,22.5,42.97,1.0
2024-01-02 03:00:00,504.0,22.5,42.97,
2024-01-02 03:15:00,538.0,22.5,42.97,1.0
2024-01-02 03:30:00,504.0,22.5,42.97,
2024-01-02 03:45:00,479.0,22.5,42.97,1.0
2024-01-02 04:00:00,528.0,22.5,42.58,
2024-01-02 04:15:00,459.5,22.45,42.97,1.0
2024-01-02 04:30:00,555.0,22.5,42.97,
2024-01-02 04:45:00,512.5,22.45,42.97,1.0
2024-01-02 05:00:00,517.0,22.5,42.97,
2024-01-02 05:15:00,503.5,22.45,42.97,1.0
2024-01-02 05:30:00,515.0,22.5,42.58,
2024-01-02 05:45:00,494.5,22.45,42.97,1.0
2024-01-02 06:00:00,479.0,22.4,42.97,
2024-01-02 06:15:00,509.0,22.4,42.775,1.0
2024-01-02 06:30:00,493.0,22.4,42.58,
2024-01-02 06:45:00,522.5,22.4,42.775,1.0
2024-01-02 07:00:00,510.0,22.4,42.58,
2024-01-02 07:15:00,490.5,22.4,42.58,1.0
2024-01-02 07:30:00,475.0,22.4,42.58,
2024-01-02 07:45:00,501.0,22.4,42.58,1.0
2024-01-02 08:00:00,466.0,22.4,42.58,
2024-01-02 08:15:00,495.0,22.4,42.58,1.0
2024-01-02 08:30:00,505.0,22.4,42.58,
2024-01-02 08:45:00,510.5,22.4,42.58,1.0
2024-01-02 09:00:00,437.0,22.4,42.58,
2024-01-02 09:15:00,504.0,22.4,42.58,1.0
2024-01-02 09:30:00,489.0,22.4,42.58,
2024-01-02 09:45:00,515.5,22.4,42.58,1.0
2024-01-02 10:00:00,503.0,22.4,42.58,
2024-01-02 10:15:00,502.5,22.4,42.58,1.0
2024-01-02 10:30:00,552.0,22.4,42.58,
2024-01-02 10:45:00,502.5,22.4,42.58,1.0
2024-01-02 11:00:00,476.0,22.4,42.58,
2024-01-02 11:15:00,485.0,22.4,42.58,1.0
2024-01-02 11:30:00,509.0,22.4,42.58,
2024-01-02 11:45:00,481.5,22.4,42.58,1.0
2024-01-02 12:00:00,511.0,22.4,42.58,
2024-01-02 12:15:00,539.5,22.4,42.58,1.0
2024-01-02 12:30:00,500.0,22.4,42.58,
2024-01-02 12:45:00,538.5,22.4,42.58,1.0
2024-01-02 13:00:00,496.0,22.4,42.58,
2024-01-02 13:15:00,451.0,22.4,42.58,1.0
2024-01-02 13:30:00,523.0,22.4,42.58,
2024-01-02 13:45:00,511.0,22.4,42.385,1.0
2024-01-02 14:00:00,514.0,22.4,42.19,
2024-01-02 14:15:00,516.0,22.4,42.58,1.0
2024-01-02 14:30:00,480.0,22.4,42.19,
2024-01-02 14:45:00,517.0,22.4,42.19,1.0
2024-01-02 15:00:00,563.0,22.4,42.19,
2024-01-02 15:15:00,531.5,22.4,42.19,1.0
2024-01-02 15:30:00,503.0,22.4,42.19,
2024-01-02 15:45:00,532.5,22.4,42.19,1.0
2024-01-02 16:00:00,559.0,22.4,42.19,
2024-01-02 16:15:00,480.5,22.4,42.19,1.0
2024-01-02 16:30:00,604.0,22.4,42.19,
2024-01-02 16:45:00,488.0,22.4,42.19,1.0
2024-01-02 17:00:00,563.0,22.4,42.19,
2024-01-02 17:15:00,542.0,22.4,42.19,1.0
2024-01-02 17:30:00,568.0,22.3,42.19,
2024-01-02 17:45:00,533.5,22.4,42.19,1.0
2024-01-02 18:00:00,500.0,22.3,42.19,
2024-01-02 18:15:00,528.0,22.4,41.995,1.0
2024-01-02 18:30:00,558.0,22.4,42.19,
2024-01-02 18:45:00,524.0,22.3,41.995,1.0
2024-01-02 19:00:00,598.0,22.3,41.8,
2024-01-02 19:15:00,574.5,22.4,42.19,1.0
2024-01-02 19:30:00,536.0,22.4,41.8,
2024-01-02 19:45:00,553.0,22.4,41.8,1.0
2024-01-02 20:00:00,516.0,22.3,41.8,
2024-01-02 20:15:00,564.0,22.4,41.8,1.0
2024-01-02 20:30:00,538.0,22.4,42.19,
2024-01-02 20:45:00,503.0,22.3,41.8,1.0
2024-01-02 21:00:00,591.0,22.3,41.8,
2024-01-02 21:15:00,545.5,22.4,41.8,1.0
2024-01-02 21:30:00,527.0,22.3,42.19,
2024-01-02 21:45:00,607.0,22.4,41.8,1.0
2024-01-02 22:00:00,554.0,22.4,41.8,
2024-01-02 22:15:00,500.0,22.4,41.8,1.0
2024-01-02 22:30:00,576.5,22.35,41.995,
2024-01-02 22:45:00,572.0,22.35,41.8,1.0
2024-01-02 23:00:00,529.0,22.4,41.8,
2024-01-02 23:15:00,547.0,22.4,41.8,1.0
2024-01-02 23:30:00,581.0,22.35,42.19,
2024-01-02 23:45:00,528.0,22.4,41.8,1.0
2024-01-03 00:00:00,588.0,22.3,41.8,
2024-01-03 00:15:00,560.0,22.3,41.8,1.0
2024-01-03 00:30:00,557.5,22.3,41.8,
2024-01-03 00:45:00,560.0,22.3,41.8,1.0
2024-01-03 01:00:00,538.5,22.3,41.8,
2024-01-03 01:15:00,576.0,22.3,41.8,1.0
2024-01-03 01:30:00,564.5,22.3,41.8,
2024-01-03 01:45:00,537.0,22.3,41.8,1.0
2024-01-03 02:00:00,561.0,22.3,41.8,
2024-01-03 02:15:00,515.0,22.3,41.8,1.0
2024-01-03 02:30:00,549.5,22.3,41.8,
2024-01-03 02:45:00,616.0,22.3,41.8,1.0
2024-01-03 03:00:00,555.5,22.3,41.8,
2024-01-03 03:15:00,589.0,22.3,41.8,1.0
2024-01-03 03:30:00,543.0,22.3,41.8,
2024-01-03 03:45:00,533.0,22.3,41.8,1.0
2024-01-03 04:00:00,598.5,22.3,41.8,
2024-01-03 04:15:00,553.0,22.3,41.8,1.0
2024-01-03 04:30:00,510.5,22.3,41.8,
2024-01-03 04:45:00,537.0,22.3,41.8,1.0
2024-01-03 05:00:00,562.0,22.3,41.8,
2024-01-03 05:15:00,576.0,22.3,41.8,1.0
2024-01-03 05:30:00,517.0,22.3,41.8,
2024-01-03 05:45:00,535.0,22.3,41.8,1.0
2024-01-03 06:00:00,585.0,22.3,41.8,
2024-01-03 06:15:00,524.0,22.3,41.8,1.0
2024-01-03 06:30:00,518.5,22.3,41.8,
2024-01-03 06:45:00,497.0,22.3,41.8,1.0
2024-01-03 07:00:00,523.5,22.3,41.8,
2024-01-03 07:15:00,539.0,22.3,41.8,1.0
2024-01-03 07:30:00,511.0,22.3,41.8,
2024-01-03 07:45:00,543.0,22.3,41.8,1.0
2024-01-03 08:00:00,511.0,22.3,41.605,
2024-01-03 08:15:00,486.0,22.3,41.41,1.0
2024-01-03 08:30:00,503.5,22.3,41.41,
2024-01-03 08:45:00,486.0,22.3,41.41,1.0
2024-01-03 09:00:00,554.0,22.3,41.41,
2024-01-03 09:15:00,557.0,22.3,41.41,1.0
2024-01-03 09:30:00,555.5,22.3,41.41,
2024-01-03 09:45:00,624.0,22.3,41.41,1.0
2024-01-03 10:00:00,568.5,22.3,41.41,
2024-01-03 10:15:00,573.0,22.3,41.41,1.0
2024-01-03 10:30:00,582.0,22.3,41.41,
2024-01-03 10:45:00,491.0,22.3,41.41,1.0
2024-01-03 11:00:00,495.0,22.3,41.41,
2024-01-03 11:15:00,504.0,22.3,41.41,1.0
2024-01-03 11:30:00,526.0,22.3,41.41,
2024-01-03 11:45:00,479.0,22.3,41.41,1.0
2024-01-03 12:00:00,506.0,22.3,41.41,
2024-01-03 12:15:00,519.0,22.3,41.41,1.0
2024-01-03 12:30:00,535.0,22.3,41.41,
2024-01-03 12:45:00,546.0,22.3,41.41,1.0
2024-01-03 13:00:00,554.5,22.3,41.41,
2024-01-03 13:15:00,504.0,22.3,41.02,1.0
2024-01-03 13:30:00,508.5,22.3,41.41,
2024-01-03 13:45:00,502.0,22.3,41.02,1.0
2024-01-03 14:00:00,527.0,22.3,41.215,
2024-01-03 14:15:00,612.0,22.3,41.41,1.0
2024-01-03 14:30:00,501.5,22.3,41.41,
2024-01-03 14:45:00,560.0,22.3,41.02,1.0
2024-01-03 15:00:00,554.0,22.3,41.215,
2024-01-03 15:15:00,499.0,22.3,41.02,1.0
2024-01-03 15:30:00,486.0,22.3,41.02,
2024-01-03 15:45:00,544.0,22.3,41.02,1.0
2024-01-03 16:00:00,494.0,22.3,41.02,
2024-01-03 16:15:00,499.0,22.3,41.02,1.0
2024-01-03 16:30:00,524.0,22.3,41.02,
2024-01-03 16:45:00,515.0,22.3,41.02,1.0
2024-01-03 17:00:00,536.0,22.3,41.02,
2024-01-03 17:15:00,475.0,22.3,41.02,1.0
2024-01-03 17:30:00,560.5,22.3,41.02,
2024-01-03 17:45:00,519.0,22.3,41.02,1.0
2024-01-03 18:00:00,504.5,22.3,41.02,
2024-01-03 18:15:00,488.0,22.3,41.02,1.0
2024-01-03 18:30:00,535.5,22.3,41.02,
2024-01-03 18:45:00,519.0,22.3,41.02,1.0
2024-01-03 19:00:00,528.0,22.3,41.02,
2024-01-03 19:15:00,544.0,22.3,41.02,1.0
2024-01-03 19:30:00,523.0,22.3,41.02,
2024-01-03 19:45:00,532.5,22.3,41.02,1.0
2024-01-03 20:00:00,508.0,22.3,41.02,
2024-01-03 20:15:00,530.0,22.3,41.02,1.0
2024-01-03 20:30:00,504.0,22.3,41.02,
2024-01-03 20:45:00,526.5,22.3,41.02,1.0
2024-01-03 21:00:00,514.0,22.3,41.02,
2024-01-03 21:15:00,523.5,22.3,41.02,1.0
2024-01-03 21:30:00,512.0,22.3,41.02,
2024-01-03 21:45:00,464.0,22.3,41.02,1.0
2024-01-03 22:00:00,488.0,22.3,41.02,
2024-01-03 22:15:00,473.5,22.3,41.02,1.0
2024-01-03 22:30:00,499.0,22.3,41.02,
2024-01-03 22:45:00,496.5,22.3,41.02,1.0
2024-01-03 23:00:00,510.0,22.3,41.02,
2024-01-03 23:15:00,513.0,22.3,41.02,1.0
2024-01-03 23:30:00,501.0,22.3,41.02,
2024-01-03 23:45:00,503.5,22.3,41.02,1.0
2024-01-04 00:00:00,518.0,22.3,41.02,
2024-01-04 00:15:00,513.0,22.3,41.02,1.0
2024-01-04 00:30:00,403.0,22.3,41.02,
2024-01-04 00:45:00,484.5,22.3,41.02,1.0
2024-01-04 01:00:00,536.0,22.3,41.02,
2024-01-04 01:15:00,488.5,22.3,41.02,1.0
2024-01-04 01:30:00,497.0,22.3,41.02,
2024-01-04 01:45:00,502.5,22.3,41.02,1.0
2024-01-04 02:00:00,466.0,22.3,41.02,
2024-01-04 02:15:00,512.0,22.3,41.02,1.0
2024-01-04 02:30:00,543.0,22.2,41.02,
2024-01-04 02:45:00,472.0,22.3,41.02,1.0
2024-01-04 03:00:00,458.0,22.3,41.02,
2024-01-04 03:15:00,484.0,22.25,41.02,1.0
2024-01-04 03:30:00,490.0,22.3,41.02,
2024-01-04 03:45:00,465.5,22.2,41.02,1.0
2024-01-04 04:00:00,450.0,22.2,41.02,
2024-01-04 04:15:00,496.0,22.25,41.02,1.0
2024-01-04 04:30:00,552.0,22.2,41.02,
2024-01-04 04:45:00,535.0,22.25,40.82,1.0
2024-01-04 05:00:00,448.0,22.2,41.02,
2024-01-04 05:15:00,448.5,22.2,41.02,1.0
2024-01-04 05:30:00,445.0,22.2,41.02,
2024-01-04 05:45:00,513.0,22.2,40.62,1.0
2024-01-04 06:00:00,527.0,22.2,41.02,
2024-01-04 06:15:00,456.5,22.2,40.62,1.0
2024-01-04 06:30:00,458.0,22.2,40.62,
2024-01-04 06:45:00,498.0,22.2,40.62,1.0
2024-01-04 07:00:00,493.0,22.2,40.62,
2024-01-04 07:15:00,462.5,22.2,40.62,1.0
2024-01-04 07:30:00,533.0,22.2,40.62,
2024-01-04 07:45:00,487.5,22.2,40.62,1.0
2024-01-04 08:00:00,427.0,22.2,40.62,
2024-01-04 08:15:00,517.5,22.2,40.425,1.0
2024-01-04 08:30:00,463.0,22.2,40.62,
2024-01-04 08:45:00,506.0,22.2,40.425,1.0
2024-01-04 09:00:00,463.0,22.2,40.23,
2024-01-04 09:15:00,497.0,22.2,39.84,1.0
2024-01-04 09:30:00,548.0,22.3,39.84,
2024-01-04 09:45:00,483.0,22.2,39.84,1.0
2024-01-04 10:00:00,521.0,22.2,39.45,
2024-01-04 10:15:00,534.5,22.2,39.645,1.0
2024-01-04 10:30:00,456.0,22.2,39.45,
2024-01-04 10:45:00,506.5,22.2,39.45,1.0
2024-01-04 11:00:00,563.0,22.2,39.45,
2024-01-04 11:15:00,488.5,22.2,39.645,1.0
2024-01-04 11:30:00,470.0,22.2,39.84,
2024-01-04 11:45:00,499.5,22.2,39.84,1.0
2024-01-04 12:00:00,514.0,22.2,39.84,
2024-01-04 12:15:00,556.0,22.2,39.84,1.0
2024-01-04 12:30:00,494.0,22.2,39.84,
2024-01-04 12:45:00,517.0,22.2,39.645,1.0
2024-01-04 13:00:00,503.0,22.2,39.84,
2024-01-04 13:15:00,531.0,22.2,39.645,1.0
2024-01-04 13:30:00,507.0,22.2,39.45,
2024-01-04 13:45:00,508.5,22.2,39.645,1.0
2024-01-04 14:00:00,506.0,22.2,39.45,
2024-01-04 14:15:00,522.0,22.2,39.45,1.0
2024-01-04 14:30:00,520.0,22.2,39.84,
2024-01-04 14:45:00,540.5,22.1,39.84,1.0
2024-01-04 15:00:00,555.0,22.1,39.84,
2024-01-04 15:15:00,620.0,22.1,39.84,1.0
2024-01-04 15:30:00,534.0,22.1,39.84,
2024-01-04 15:45:00,572.5,22.1,39.645,1.0
2024-01-04 16:00:00,548.0,22.1,39.45,
2024-01-04 16:15:00,568.0,22.1,39.645,1.0
2024-01-04 16:30:00,555.0,22.1,39.84,
2024-01-04 16:45:00,584.0,22.1,39.84,1.0
2024-01-04 17:00:00,554.5,22.1,39.645,
2024-01-04 17:15:00,543.0,22.1,39.45,1.0
2024-01-04 17:30:00,585.0,22.1,39.45,
2024-01-04 17:45:00,557.0,22.1,39.45,1.0
2024-01-04 18:00:00,580.5,22.1,39.45,
2024-01-04 18:15:00,600.0,22.1,39.45,1.0
2024-01-04 18:30:00,573.0,22.1,39.45,
2024-01-04 18:45:00,638.0,22.1,39.45,1.0
2024-01-04 19:00:00,602.0,22.1,39.45,
2024-01-04 19:15:00,584.0,22.1,39.45,1.0
2024-01-04 19:30:00,583.5,22.1,39.45,
2024-01-04 19:45:00,496.0,22.1,39.45,1.0
2024-01-04 20:00:00,586.0,22.1,39.45,
2024-01-04 20:15:00,632.0,22.1,39.45,1.0
2024-01-04 20:30:00,596.0,22.1,39.45,
2024-01-04 20:45:00,618.0,22.1,39.45,1.0
2024-01-04 21:00:00,624.5,22.1,39.45,
2024-01-04 21:15:00,595.0,22.1,39.45,1.0
2024-01-04 21:30:00,622.5,22.1,39.45,
2024-01-04 21:45:00,575.0,22.1,39.45,1.0
2024-01-04 22:00:00,562.5,22.1,39.45,
2024-01-04 22:15:00,620.0,22.1,39.45,1.0
2024-01-04 22:30:00,575.0,22.1,39.45,
2024-01-04 22:45:00,597.0,22.1,39.45,1.0
2024-01-04 23:00:00,565.5,22.1,39.45,
2024-01-04 23:15:00,586.0,22.1,39.45,1.0
2024-01-04 23:30:00,594.5,22.1,39.45,
2024-01-04 23:45:00,586.0,22.1,39.45,1.0
2024-01-05 00:00:00,600.5,22.1,39.45,
2024-01-05 00:15:00,600.0,22.1,39.45,1.0
2024-01-05 00:30:00,577.0,22.1,39.45,
2024-01-05 00:45:00,550.0,22.1,39.45,1.0
2024-01-05 01:00:00,610.0,22.1,39.45,
2024-01-05 01:15:00,578.0,22.1,39.45,1.0
2024-01-05 01:30:00,582.0,22.1,39.45,
2024-01-05 01:45:00,612.0,22.1,39.45,1.0
2024-01-05 02:00:00,599.5,22.1,39.45,
2024-01-05 02:15:00,592.0,22.1,39.45,1.0
2024-01-05 02:30:00,563.0,22.1,39.255,
2024-01-05 02:45:00,594.0,22.1,39.06,1.0
2024-01-05 03:00:00,592.0,22.1,39.255,
2024-01-05 03:15:00,619.0,22.1,39.06,1.0
2024-01-05 03:30:00,619.0,22.1,39.06,
2024-01-05 03:45:00,605.0,22.1,39.06,1.0
2024-01-05 04:00:00,604.5,22.0,39.06,
2024-01-05 04:15:00,567.0,22.0,39.06,1.0
2024-01-05 04:30:00,593.5,22.0,39.06,
2024-01-05 04:45:00,560.0,22.0,39.06,1.0
2024-01-05 05:00:00,572.5,22.0,39.06,
2024-01-05 05:15:00,603.0,22.0,39.06,1.0
2024-01-05 05:30:00,569.0,22.0,39.06,
2024-01-05 05:45:00,592.0,22.0,39.06,1.0
2024-01-05 06:00:00,568.5,22.0,39.06,
2024-01-05 06:15:00,599.0,22.0,39.06,1.0
2024-01-05 06:30:00,562.5,22.05,38.865,
2024-01-05 06:45:00,529.0,22.0,38.67,1.0
2024-01-05 07:00:00,578.5,22.0,38.67,
2024-01-05 07:15:00,558.0,22.0,38.67,1.0
2024-01-05 07:30:00,533.0,22.0,38.67,
2024-01-05 07:45:00,572.0,22.0,38.67,1.0
2024-01-05 08:00:00,537.0,22.0,38.67,
2024-01-05 08:15:00,578.0,22.0,38.67,1.0
2024-01-05 08:30:00,585.5,22.0,38.67,
2024-01-05 08:45:00,594.0,22.0,38.67,1.0
2024-01-05 09:00:00,569.0,22.1,38.67,
2024-01-05 09:15:00,674.0,22.0,37.5,1.0
2024-01-05 09:30:00,867.5,22.05,36.135,
2024-01-05 09:45:00,896.0,22.1,34.38,1.0
2024-01-05 10:00:00,1179.5,22.1,35.94,
2024-01-05 10:15:00,1405.0,22.2,36.72,1.0
2024-01-05 10:30:00,1700.5,22.25,37.5,
2024-01-05 10:45:00,1663.0,22.3,37.11,1.0
2024-01-05 11:00:00,1760.0,22.3,37.305,
2024-01-05 11:15:00,2076.0,22.3,38.67,1.0
2024-01-05 11:30:00,2263.0,22.3,39.84,
2024-01-05 11:45:00,2118.0,22.3,38.475,1.0
2024-01-05 12:00:00,1975.0,22.3,37.5,
2024-01-05 12:15:00,1876.5,22.3,37.5,1.0
2024-01-05 12:30:00,1928.0,22.2,37.5,
2024-01-05 12:45:00,1895.5,22.2,37.5,1.0
2024-01-05 13:00:00,2231.0,22.3,37.89,
2024-01-05 13:15:00,2297.5,22.3,38.085,1.0
2024-01-05 13:30:00,2314.0,22.3,38.67,
2024-01-05 13:45:00,2314.0,22.4,39.84,1.0
2024-01-05 14:00:00,2314.0,22.4,39.45,
2024-01-05 14:15:00,2314.0,22.4,39.45,1.0
2024-01-05 14:30:00,2314.0,22.4,39.45,
2024-01-05 14:45:00,2314.0,22.3,39.06,1.0
2024-01-05 15:00:00,2314.0,22.3,39.45,
2024-01-05 15:15:00,2314.0,22.2,39.06,1.0
2024-01-05 15:30:00,2314.0,22.2,39.06,
2024-01-05 15:45:00,2314.0,22.1,39.06,1.0
2024-01-05 16:00:00,2314.0,22.1,39.06,
2024-01-05 16:15:00,2314.0,22.1,39.06,1.0
2024-01-05 16:30:00,2314.0,22.1,39.06,
2024-01-05 16:45:00,2314.0,22.1,39.06,1.0
2024-01-05 17:00:00,2314.0,22.1,39.06,
2024-01-05 17:15:00,2714.0,22.1,39.06,1.0
2024-01-05 17:30:00,2714.0,22.1,38.67,
2024-01-05 17:45:00,2638.0,22.1,38.67,1.0
2024-01-05 18:00:00,2673.0,22.1,38.67,
2024-01-05 18:15:00,2633.5,22.1,38.67,1.0
2024-01-05 18:30:00,2612.0,22.1,38.67,
2024-01-05 18:45:00,2618.0,22.1,38.67,1.0
2024-01-05 19:00:00,2570.0,22.1,38.67,
2024-01-05 19:15:00,2445.0,22.1,38.67,1.0
2024-01-05 19:30:00,2409.0,22.1,38.67,
2024-01-05 19:45:00,2395.0,22.1,38.67,1.0
2024-01-05 20:00:00,2413.5,22.1,38.67,
2024-01-05 20:15:00,2368.0,22.1,38.67,1.0
2024-01-05 20:30:00,2402.0,22.1,38.475,
2024-01-05 20:45:00,2354.0,22.1,38.67,1.0
2024-01-05 21:00:00,2331.5,22.1,38.67,
2024-01-05 21:15:00,2258.0,22.1,38.67,1.0
2024-01-05 21:30:00,2252.5,22.05,38.67,
2024-01-05 21:45:00,2176.0,22.0,38.67,1.0
2024-01-05 22:00:00,2207.0,22.0,38.28,
2024-01-05 22:15:00,2232.0,22.1,38.67,1.0
2024-01-05 22:30:00,2137.0,22.05,38.28,
2024-01-05 22:45:00,2106.0,22.0,38.28,1.0
2024-01-05 23:00:00,2143.5,22.05,38.475,
2024-01-05 23:15:00,2045.0,22.0,38.28,1.0
2024-01-05 23:30:00,2007.0,22.1,38.28,
2024-01-05 23:45:00,1988.0,22.0,38.28,1.0
2024-01-06 00:00:00,2009.0,22.05,38.28,
2024-01-06 00:15:00,2045.0,22.0,38.28,1.0
2024-01-06 00:30:00,1907.0,22.0,38.28,
2024-01-06 00:45:00,1919.0,22.1,38.28,1.0
2024-01-06 01:00:00,1900.5,22.1,38.28,
2024-01-06 01:15:00,1847.0,22.1,38.28,1.0
2024-01-06 01:30:00,1884.5,22.1,38.28,
2024-01-06 01:45:00,1938.0,22.1,38.28,1.0
2024-01-06 02:00:00,1864.5,22.1,38.28,
2024-01-06 02:15:00,1818.0,22.1,38.28,1.0
2024-01-06 02:30:00,1774.0,22.1,38.28,
2024-01-06 02:45:00,1813.0,22.1,38.28,1.0
2024-01-06 03:00:00,1714.0,22.1,38.28,
2024-01-06 03:15:00,1676.0,22.1,38.28,1.0
2024-01-06 03:30:00,1726.0,22.1,38.085,
2024-01-06 03:45:00,1757.0,22.1,38.28,1.0
2024-01-06 04:00:00,1731.0,22.1,37.89,
2024-01-06 04:15:00,1727.5,22.1,38.085,1.0
2024-01-06 04:30:00,1654.0,22.1,37.89,
2024-01-06 04:45:00,1637.0,22.1,37.89,1.0
2024-01-06 05:00:00,1594.0,22.1,37.89,
2024-01-06 05:15:00,1652.5,22.1,37.89,1.0
2024-01-06 05:30:00,1586.0,22.1,37.89,
2024-01-06 05:45:00,1574.5,22.1,37.89,1.0
2024-01-06 06:00:00,1638.0,22.1,37.89,
2024-01-06 06:15:00,1615.0,22.1,37.89,1.0
2024-01-06 06:30:00,1533.0,22.1,37.89,
2024-01-06 06:45:00,1531.5,22.1,37.89,1.0
2024-01-06 07:00:00,1540.0,22.1,37.89,
2024-01-06 07:15:00,1516.5,22.1,37.89,1.0
2024-01-06 07:30:00,1430.0,22.1,37.89,
2024-01-06 07:45:00,1494.0,22.05,37.695,1.0
2024-01-06 08:00:00,1430.0,22.0,37.89,
2024-01-06 08:15:00,1463.0,22.0,37.89,1.0
2024-01-06 08:30:00,1459.0,22.0,37.89,
2024-01-06 08:45:00,1448.5,22.0,37.5,1.0
2024-01-06 09:00:00,1349.0,22.0,37.5,
2024-01-06 09:15:00,1485.0,22.05,37.5,1.0
2024-01-06 09:30:00,1391.0,22.0,37.5,
2024-01-06 09:45:00,1403.0,22.1,37.5,1.0
2024-01-06 10:00:00,1415.0,22.1,37.5,
2024-01-06 10:15:00,1388.5,22.1,37.5,1.0
2024-01-06 10:30:00,1389.0,22.1,37.5,
2024-01-06 10:45:00,1386.5,22.1,37.5,1.0
2024-01-06 11:00:00,1350.0,22.1,37.5,
2024-01-06 11:15:00,1359.0,22.1,37.5,1.0
2024-01-06 11:30:00,1295.0,22.1,37.5,
2024-01-06 11:45:00,1350.0,22.1,37.5,1.0
2024-01-06 12:00:00,1372.0,22.1,37.5,
2024-01-06 12:15:00,1278.0,22.1,37.5,1.0
2024-01-06 12:30:00,1298.5,22.1,37.5,
2024-01-06 12:45:00,1285.0,22.1,37.5,1.0
2024-01-06 13:00:00,1262.5,22.1,37.5,
2024-01-06 13:15:00,1314.0,22.1,37.5,1.0
2024-01-06 13:30:00,1313.0,22.1,37.5,
2024-01-06 13:45:00,1283.0,22.1,37.5,1.0
2024-01-06 14:00:00,1304.5,22.1,37.5,
2024-01-06 14:15:00,1288.0,22.1,37.5,1.0
2024-01-06 14:30:00,1247.5,22.1,37.5,
2024-01-06 14:45:00,1217.0,22.1,37.5,1.0
2024-01-06 15:00:00,1248.5,22.1,37.5,
2024-01-06 15:15:00,1241.0,22.1,37.5,1.0
2024-01-06 15:30:00,1200.0,22.05,37.5,
2024-01-06 15:45:00,1250.0,22.1,37.5,1.0
2024-01-06 16:00:00,1203.5,22.05,37.5,
2024-01-06 16:15:00,1198.0,22.1,37.5,1.0
2024-01-06 16:30:00,1196.0,22.05,37.5,
2024-01-06 16:45:00,1158.0,22.1,37.5,1.0
2024-01-06 17:00:00,1162.0,22.1,37.5,
2024-01-06 17:15:00,1163.0,22.1,37.11,1.0
2024-01-06 17:30:00,1192.0,22.05,37.11,
2024-01-06 17:45:00,1177.0,22.1,37.11,1.0
2024-01-06 18:00:00,1154.0,22.1,37.11,
2024-01-06 18:15:00,1137.0,22.1,37.11,1.0
2024-01-06 18:30:00,1152.5,22.1,37.11,
2024-01-06 18:45:00,1158.0,22.1,37.11,1.0
2024-01-06 19:00:00,1133.0,22.05,37.11,
2024-01-06 19:15:00,1154.0,22.1,37.11,1.0
2024-01-06 19:30:00,1184.5,22.05,37.11,
2024-01-06 19:45:00,1126.0,22.1,37.11,1.0
2024-01-06 20:00:00,1130.5,22.0,37.11,
2024-01-06 20:15:00,1033.0,22.1,37.11,1.0
2024-01-06 20:30:00,1140.0,22.1,37.11,
2024-01-06 20:45:00,1129.5,22.1,37.11,1.0
2024-01-06 21:00:00,1097.0,22.1,37.11,
2024-01-06 21:15:00,1053.0,22.05,37.11,1.0
2024-01-06 21:30:00,1135.0,22.1,37.11,
2024-01-06 21:45:00,1088.0,22.1,37.11,1.0
2024-01-06 22:00:00,1074.0,22.1,37.11,
2024-01-06 22:15:00,1062.5,22.1,37.11,1.0
2024-01-06 22:30:00,1102.0,22.1,37.11,
2024-01-06 22:45:00,1081.0,22.1,37.11,1.0
2024-01-06 23:00:00,1081.0,22.1,37.11,
2024-01-06 23:15:00,1058.0,22.1,37.11,1.0
2024-01-06 23:30:00,1089.0,22.1,37.11,
2024-01-06 23:45:00,1064.5,22.1,36.72,1.0
2024-01-07 00:00:00,1057.0,22.1,36.72,
2024-01-07 00:15:00,1053.0,22.1,36.72,1.0
2024-01-07 00:30:00,1025.0,22.1,36.72,
2024-01-07 00:45:00,1051.0,22.1,36.915,1.0
2024-01-07 01:00:00,1050.0,22.1,36.72,
2024-01-07 01:15:00,1020.0,22.1,36.72,1.0
2024-01-07 01:30:00,1070.0,22.1,36.72,
2024-01-07 01:45:00,1049.0,22.1,36.72,1.0
2024-01-07 02:00:00,1050.0,22.1,36.72,
2024-01-07 02:15:00,1018.0,22.1,36.72,1.0
2024-01-07 02:30:00,1034.0,22.1,36.72,
2024-01-07 02:45:00,1039.5,22.1,36.72,1.0
2024-01-07 03:00:00,993.0,22.1,36.72,
2024-01-07 03:15:00,970.5,22.1,36.72,1.0
2024-01-07 03:30:00,1046.0,22.1,36.72,
2024-01-07 03:45:00,1026.5,22.05,36.72,1.0
2024-01-07 04:00:00,1075.0,22.1,36.72,
2024-01-07 04:15:00,1002.5,22.1,36.72,1.0
2024-01-07 04:30:00,994.0,22.1,36.72,
2024-01-07 04:45:00,963.0,22.1,36.72,1.0
2024-01-07 05:00:00,975.5,22.05,36.72,
2024-01-07 05:15:00,999.0,22.1,36.72,1.0
2024-01-07 05:30:00,945.0,22.0,36.72,
2024-01-07 05:45:00,981.0,22.1,36.72,1.0
2024-01-07 06:00:00,1012.5,22.0,36.72,
2024-01-07 06:15:00,1003.0,22.0,36.72,1.0
2024-01-07 06:30:00,968.0,22.0,36.72,
2024-01-07 06:45:00,947.0,22.0,36.33,1.0
2024-01-07 07:00:00,989.5,22.0,36.525,
2024-01-07 07:15:00,1021.0,22.0,36.33,1.0
2024-01-07 07:30:00,1027.5,22.0,36.33,
2024-01-07 07:45:00,960.0,22.0,36.33,1.0
2024-01-07 08:00:00,978.5,22.0,36.33,
2024-01-07 08:15:00,987.0,22.0,36.33,1.0
2024-01-07 08:30:00,951.0,22.0,36.33,
2024-01-07 08:45:00,987.0,22.0,36.33,1.0
2024-01-07 09:00:00,934.5,22.0,36.33,
2024-01-07 09:15:00,969.0,22.0,36.33,1.0
2024-01-07 09:30:00,993.0,22.0,36.33,
2024-01-07 09:45:00,999.0,22.0,36.33,1.0
2024-01-07 10:00:00,960.5,22.05,36.33,
2024-01-07 10:15:00,905.0,22.0,36.33,1.0
2024-01-07 10:30:00,984.0,22.0,36.33,
2024-01-07 10:45:00,931.0,22.0,36.33,1.0
2024-01-07 11:00:00,947.0,22.05,36.33,
2024-01-07 11:15:00,923.0,22.1,36.33,1.0
2024-01-07 11:30:00,958.5,22.1,36.33,
2024-01-07 11:45:00,936.0,22.1,35.94,1.0
2024-01-07 12:00:00,941.0,22.1,36.33,
2024-01-07 12:15:00,932.0,22.1,35.94,1.0
2024-01-07 12:30:00,972.0,22.1,35.94,
2024-01-07 12:45:00,959.5,22.1,35.94,1.0
2024-01-07 13:00:00,934.0,22.1,35.94,
2024-01-07 13:15:00,914.0,22.05,35.94,1.0
2024-01-07 13:30:00,954.0,22.1,35.94,
2024-01-07 13:45:00,927.5,22.05,35.94,1.0
2024-01-07 14:00:00,982.0,22.1,35.94,
2024-01-07 14:15:00,947.0,22.1,35.94,1.0
2024-01-07 14:30:00,907.0,22.1,35.94,
2024-01-07 14:45:00,966.5,22.1,35.94,1.0
2024-01-07 15:00:00,943.0,22.1,35.94,
2024-01-07 15:15:00,957.0,22.1,35.94,1.0
2024-01-07 15:30:00,894.0,22.1,35.94,
2024-01-07 15:45:00,947.0,22.1,35.94,1.0
2024-01-07 16:00:00,896.0,22.1,35.94,
2024-01-07 16:15:00,889.0,22.05,35.94,1.0
2024-01-07 16:30:00,936.0,22.0,35.94,
2024-01-07 16:45:00,889.5,22.05,35.94,1.0
2024-01-07 17:00:00,936.0,22.0,35.94,
2024-01-07 17:15:00,933.5,22.1,35.94,1.0
2024-01-07 17:30:00,1028.0,22.0,35.94,
2024-01-07 17:45:00,959.5,22.0,35.94,1.0
2024-01-07 18:00:00,956.0,22.0,35.94,
2024-01-07 18:15:00,941.0,22.0,35.94,1.0
2024-01-07 18:30:00,887.0,22.0,35.94,
2024-01-07 18:45:00,911.5,22.0,35.94,1.0
2024-01-07 19:00:00,949.0,22.0,35.94,
2024-01-07 19:15:00,969.5,22.0,35.94,1.0
2024-01-07 19:30:00,987.0,22.0,35.94,
2024-01-07 19:45:00,941.5,22.1,35.94,1.0
2024-01-07 20:00:00,963.0,22.0,35.94,
2024-01-07 20:15:00,956.5,22.1,35.94,1.0
2024-01-07 20:30:00,930.0,22.0,35.94,
2024-01-07 20:45:00,920.0,22.1,35.94,1.0
2024-01-07 21:00:00,972.0,22.1,35.94,
2024-01-07 21:15:00,916.0,22.1,35.94,1.0
2024-01-07 21:30:00,895.0,22.05,35.94,
2024-01-07 21:45:00,921.0,22.1,35.94,1.0
2024-01-07 22:00:00,983.0,22.1,35.94,
2024-01-07 22:15:00,943.0,22.1,35.94,1.0
2024-01-07 22:30:00,925.5,22.1,35.94,
2024-01-07 22:45:00,930.0,22.1,35.94,1.0
2024-01-07 23:00:00,928.5,22.1,35.94,
2024-01-07 23:15:00,967.0,22.1,35.94,1.0
2024-01-07 23:30:00,903.0,22.1,35.94,
2024-01-07 23:45:00,945.0,22.1,35.94,1.0
2024-01-08 00:00:00,925.0,22.1,35.94,
2024-01-08 00:15:00,973.0,22.1,35.94,1.0
2024-01-08 00:30:00,945.5,22.1,35.94,
2024-01-08 00:45:00,919.0,22.1,35.94,1.0
2024-01-08 01:00:00,911.0,22.1,35.94,
2024-01-08 01:15:00,910.0,22.1,35.94,1.0
2024-01-08 01:30:00,924.5,22.1,35.94,
2024-01-08 01:45:00,923.0,22.1,35.94,1.0
2024-01-08 02:00:00,907.5,22.1,35.94,
2024-01-08 02:15:00,910.0,22.1,35.94,1.0
2024-01-08 02:30:00,894.5,22.05,35.94,
2024-01-08 02:45:00,854.0,22.1,35.94,1.0
2024-01-08 03:00:00,926.5,22.1,35.94,
2024-01-08 03:15:00,919.0,22.1,35.94,1.0
2024-01-08 03:30:00,935.5,22.1,35.94,
2024-01-08 03:45:00,872.0,22.1,35.94,1.0
2024-01-08 04:00:00,917.5,22.1,35.94,
2024-01-08 04:15:00,921.0,22.1,35.94,1.0
2024-01-08 04:30:00,929.0,22.1,35.745,
2024-01-08 04:45:00,907.0,22.1,35.94,1.0
2024-01-08 05:00:00,926.5,22.1,35.94,
2024-01-08 05:15:00,894.0,22.1,35.94,1.0
2024-01-08 05:30:00,921.0,22.1,35.94,
2024-01-08 05:45:00,927.5,22.1,35.745,1.0
2024-01-08 06:00:00,943.0,22.1,35.55,
2024-01-08 06:15:00,936.5,22.05,35.55,1.0
2024-01-08 06:30:00,898.0,22.1,35.55,
2024-01-08 06:45:00,880.5,22.05,35.55,1.0
2024-01-08 07:00:00,956.0,22.1,35.55,
2024-01-08 07:15:00,945.0,22.1,35.55,1.0
2024-01-08 07:30:00,956.0,22.0,35.55,
2024-01-08 07:45:00,843.0,22.0,35.55,1.0
2024-01-08 08:00:00,896.0,22.0,35.55,
2024-01-08 08:15:00,911.0,22.0,35.55,1.0
2024-01-08 08:30:00,906.0,22.0,35.55,
2024-01-08 08:45:00,887.0,22.0,35.55,1.0
2024-01-08 09:00:00,987.0,22.1,35.55,
2024-01-08 09:15:00,947.0,22.1,35.55,1.0
2024-01-08 09:30:00,948.0,22.1,35.55,
2024-01-08 09:45:00,955.0,22.1,35.55,1.0
2024-01-08 10:00:00,987.0,22.2,35.55,
2024-01-08 10:15:00,958.0,22.15,35.55,1.0
2024-01-08 10:30:00,926.0,22.2,35.55,
2024-01-08 10:45:00,961.0,22.2,35.55,1.0
2024-01-08 11:00:00,965.0,22.1,35.55,
2024-01-08 11:15:00,1007.5,22.2,35.55,1.0
2024-01-08 11:30:00,976.0,22.1,35.55,
2024-01-08 11:45:00,997.0,22.15,35.55,1.0
2024-01-08 12:00:00,1005.0,22.1,35.55,
2024-01-08 12:15:00,998.5,22.1,35.745,1.0
2024-01-08 12:30:00,1014.0,22.1,35.94,
2024-01-08 12:45:00,1030.5,22.1,35.94,1.0
2024-01-08 13:00:00,1075.0,22.1,35.94,
2024-01-08 13:15:00,1058.0,22.1,35.94,1.0
2024-01-08 13:30:00,1098.0,22.1,35.94,
2024-01-08 13:45:00,1141.0,22.1,35.94,1.0
2024-01-08 14:00:00,1062.5,22.1,35.94,
2024-01-08 14:15:00,1073.0,22.1,35.94,1.0
2024-01-08 14:30:00,1138.0,22.1,35.94,
2024-01-08 14:45:00,1155.0,22.1,35.94,1.0
2024-01-08 15:00:00,1121.0,22.1,35.94,
2024-01-08 15:15:00,1195.0,22.1,35.94,1.0
2024-01-08 15:30:00,1132.5,22.1,35.94,
2024-01-08 15:45:00,1152.0,22.1,35.94,1.0
2024-01-08 16:00:00,1207.0,22.1,35.94,
2024-01-08 16:15:00,1178.0,22.1,35.94,1.0
2024-01-08 16:30:00,1211.0,22.1,35.94,
2024-01-08 16:45:00,1244.0,22.1,35.94,1.0
2024-01-08 17:00:00,1234.0,22.1,35.94,
2024-01-08 17:15:00,1216.0,22.1,35.94,1.0
2024-01-08 17:30:00,1234.5,22.1,35.94,
2024-01-08 17:45:00,1188.0,22.1,35.94,1.0
2024-01-08 18:00:00,1235.0,22.1,35.94,
2024-01-08 18:15:00,1166.0,22.1,35.94,1.0
2024-01-08 18:30:00,1259.5,22.1,35.94,
2024-01-08 18:45:00,1288.0,22.1,35.94,1.0
2024-01-08 19:00:00,1280.5,22.1,35.94,
2024-01-08 19:15:00,1242.0,22.1,35.94,1.0
2024-01-08 19:30:00,1280.5,22.1,35.94,
2024-01-08 19:45:00,1341.0,22.1,35.94,1.0
2024-01-08 20:00:00,1300.0,22.1,35.94,
2024-01-08 20:15:00,1278.0,22.1,35.94,1.0
2024-01-08 20:30:00,1257.5,22.1,35.94,
2024-01-08 20:45:00,1305.0,22.1,35.94,1.0
2024-01-08 21:00:00,1323.0,22.1,35.94,
2024-01-08 21:15:00,1280.0,22.1,35.94,1.0
2024-01-08 21:30:00,1272.0,22.1,35.94,
2024-01-08 21:45:00,1271.0,22.1,35.94,1.0
2024-01-08 22:00:00,1286.0,22.1,35.94,
2024-01-08 22:15:00,1295.5,22.1,35.94,1.0
2024-01-08 22:30:00,1247.0,22.1,35.94,
2024-01-08 22:45:00,1313.0,22.1,35.94,1.0
2024-01-08 23:00:00,1326.0,22.1,35.94,
2024-01-08 23:15:00,1320.5,22.1,35.94,1.0
2024-01-08 23:30:00,1252.0,22.1,35.94,
2024-01-08 23:45:00,1276.0,22.1,35.94,1.0
2024-01-09 00:00:00,1252.0,22.1,35.94,
2024-01-09 00:15:00,1213.0,22.1,35.94,1.0
2024-01-09 00:30:00,1283.0,22.1,35.94,
2024-01-09 00:45:00,1307.0,22.1,35.94,1.0
2024-01-09 01:00:00,1247.0,22.1,35.94,
2024-01-09 01:15:00,1246.0,22.1,35.94,1.0
2024-01-09 01:30:00,1336.0,22.1,35.94,
2024-01-09 01:45:00,1246.0,22.1,35.94,1.0
2024-01-09 02:00:00,1211.0,22.1,35.94,
2024-01-09 02:15:00,1212.0,22.1,35.94,1.0
2024-01-09 02:30:00,1245.0,22.1,35.94,
2024-01-09 02:45:00,1227.0,22.1,35.94,1.0
2024-01-09 03:00:00,1178.0,22.1,35.94,
2024-01-09 03:15:00,1228.5,22.15,35.94,1.0
2024-01-09 03:30:00,1188.0,22.1,35.94,
2024-01-09 03:45:00,1189.0,22.1,35.94,1.0
2024-01-09 04:00:00,1195.0,22.1,35.94,
2024-01-09 04:15:00,1262.0,22.1,35.94,1.0
2024-01-09 04:30:00,1240.0,22.1,35.94,
2024-01-09 04:45:00,1226.5,22.15,35.94,1.0
2024-01-09 05:00:00,1178.0,22.2,35.94,
2024-01-09 05:15:00,1183.5,22.15,35.94,1.0
2024-01-09 05:30:00,1213.0,22.2,35.94,
2024-01-09 05:45:00,1198.5,22.2,35.94,1.0
2024-01-09 06:00:00,1186.0,22.2,35.94,
2024-01-09 06:15:00,1176.0,22.1,35.94,1.0
2024-01-09 06:30:00,1163.5,22.2,35.94,
2024-01-09 06:45:00,1176.0,22.2,35.94,1.0
2024-01-09 07:00:00,1194.5,22.15,35.94,
2024-01-09 07:15:00,1176.0,22.2,35.94,1.0
2024-01-09 07:30:00,1211.5,22.2,35.94,
2024-01-09 07:45:00,1204.0,22.2,35.94,1.0
2024-01-09 08:00:00,1130.0,22.15,35.94,
2024-01-09 08:15:00,1130.0,22.2,35.94,1.0
2024-01-09 08:30:00,1162.5,22.2,35.94,
2024-01-09 08:45:00,1153.0,22.2,35.94,1.0
2024-01-09 09:00:00,1198.5,22.2,35.94,
2024-01-09 09:15:00,1189.0,22.2,35.94,1.0
2024-01-09 09:30:00,1179.0,22.2,35.94,
2024-01-09 09:45:00,1177.0,22.2,35.94,1.0
2024-01-09 10:00:00,1149.0,22.2,35.94,
2024-01-09 10:15:00,1116.0,22.2,35.94,1.0
2024-01-09 10:30:00,1144.0,22.2,35.94,
2024-01-09 10:45:00,1170.0,22.2,35.94,1.0
2024-01-09 11:00:00,1200.5,22.2,36.33,
2024-01-09 11:15:00,1165.0,22.2,35.94,1.0
2024-01-09 11:30:00,1194.0,22.2,35.94,
2024-01-09 11:45:00,1179.0,22.2,35.94,1.0
2024-01-09 12:00:00,1195.5,22.2,36.33,
2024-01-09 12:15:00,1163.0,22.2,36.33,1.0
2024-01-09 12:30:00,1216.0,22.2,36.33,
2024-01-09 12:45:00,1179.0,22.2,36.33,1.0
2024-01-09 13:00:00,1188.0,22.2,36.33,
2024-01-09 13:15:00,1302.0,22.2,36.33,1.0
2024-01-09 13:30:00,1203.5,22.2,36.33,
2024-01-09 13:45:00,1174.0,22.2,36.33,1.0
2024-01-09 14:00:00,1251.0,22.2,36.33,
2024-01-09 14:15:00,1234.0,22.2,36.33,1.0
2024-01-09 14:30:00,1239.0,22.2,36.33,
2024-01-09 14:45:00,1227.5,22.2,36.33,1.0
2024-01-09 15:00:00,1239.0,22.2,36.33,
2024-01-09 15:15:00,1243.5,22.2,36.33,1.0
2024-01-09 15:30:00,1229.0,22.2,36.33,
2024-01-09 15:45:00,1275.0,22.2,36.33,1.0
2024-01-09 16:00:00,1301.0,22.2,36.33,
2024-01-09 16:15:00,1224.0,22.2,36.525,1.0
2024-01-09 16:30:00,1267.0,22.2,36.33,
2024-01-09 16:45:00,1317.0,22.2,36.33,1.0
2024-01-09 17:00:00,1289.0,22.2,36.72,
2024-01-09 17:15:00,1230.5,22.2,36.33,1.0
2024-01-09 17:30:00,1241.0,22.2,36.33,
2024-01-09 17:45:00,1240.0,22.2,36.525,1.0
2024-01-09 18:00:00,1279.0,22.2,36.33,
2024-01-09 18:15:00,1270.0,22.2,36.33,1.0
2024-01-09 18:30:00,1248.0,22.2,36.33,
2024-01-09 18:45:00,1277.0,22.2,36.33,1.0
2024-01-09 19:00:00,1253.0,22.2,36.33,
2024-01-09 19:15:00,1299.5,22.2,36.525,1.0
2024-01-09 19:30:00,1270.0,22.2,36.33,
2024-01-09 19:45:00,1264.0,22.2,36.525,1.0
2024-01-09 20:00:00,1214.0,22.2,36.72,
2024-01-09 20:15:00,1264.0,22.2,36.72,1.0
2024-01-09 20:30:00,1174.0,22.2,36.72,
2024-01-09 20:45:00,1271.0,22.2,36.72,1.0
2024-01-09 21:00:00,1270.0,22.2,36.72,
2024-01-09 21:15:00,1275.0,22.2,36.72,1.0
2024-01-09 21:30:00,1221.0,22.2,36.72,
2024-01-09 21:45:00,1243.0,22.2,36.72,1.0
2024-01-09 22:00:00,1258.0,22.2,36.72,
2024-01-09 22:15:00,1288.5,22.2,36.72,1.0
2024-01-09 22:30:00,1205.0,22.2,36.72,
2024-01-09 22:45:00,1309.0,22.2,36.72,1.0
2024-01-09 23:00:00,1235.0,22.2,36.72,
2024-01-09 23:15:00,1217.0,22.2,36.72,1.0
2024-01-09 23:30:00,1264.0,22.2,36.72,
2024-01-09 23:45:00,1196.0,22.2,36.72,1.0
2024-01-10 00:00:00,1264.0,22.2,36.72,
2024-01-10 00:15:00,1270.0,22.2,36.72,1.0
2024-01-10 00:30:00,1231.0,22.2,36.72,
2024-01-10 00:45:00,1232.0,22.3,36.72,1.0
2024-01-10 01:00:00,1197.5,22.3,36.72,
2024-01-10 01:15:00,1171.0,22.3,36.72,1.0
2024-01-10 01:30:00,1251.5,22.25,36.72,
2024-01-10 01:45:00,1204.0,22.2,36.72,1.0
2024-01-10 02:00:00,1228.0,22.2,36.72,
2024-01-10 02:15:00,1239.0,22.2,36.72,1.0
2024-01-10 02:30:00,1230.5,22.25,36.72,
2024-01-10 02:45:00,1204.0,22.2,36.72,1.0
2024-01-10 03:00:00,1206.5,22.25,36.72,
2024-01-10 03:15:00,1168.0,22.3,36.72,1.0
2024-01-10 03:30:00,1221.5,22.2,36.72,
2024-01-10 03:45:00,1150.0,22.3,36.72,1.0
2024-01-10 04:00:00,1199.0,22.2,36.72,
2024-01-10 04:15:00,1206.0,22.2,36.72,1.0
2024-01-10 04:30:00,1192.0,22.2,36.72,
2024-01-10 04:45:00,1175.0,22.2,36.72,1.0
2024-01-10 05:00:00,1161.5,22.2,36.72,
2024-01-10 05:15:00,1150.0,22.2,36.72,1.0
2024-01-10 05:30:00,1152.0,22.2,36.72,
2024-01-10 05:45:00,1140.0,22.2,36.72,1.0
2024-01-10 06:00:00,1132.5,22.3,36.72,
2024-01-10 06:15:00,1171.0,22.3,36.72,1.0
2024-01-10 06:30:00,1138.0,22.3,36.72,
2024-01-10 06:45:00,1131.0,22.3,36.72,1.0
2024-01-10 07:00:00,1122.0,22.3,36.72,
2024-01-10 07:15:00,1142.5,22.3,36.72,1.0
2024-01-10 07:30:00,1124.0,22.2,36.72,
2024-01-10 07:45:00,1161.5,22.25,36.72,1.0
2024-01-10 08:00:00,1190.0,22.2,36.72,
2024-01-10 08:15:00,1146.5,22.2,36.72,1.0
2024-01-10 08:30:00,1103.0,22.2,36.72,
2024-01-10 08:45:00,1127.5,22.25,36.72,1.0
2024-01-10 09:00:00,1178.0,22.2,36.72,
2024-01-10 09:15:00,1333.5,22.3,40.43,1.0
2024-01-10 09:30:00,1328.0,22.3,43.36,
2024-01-10 09:45:00,1400.5,22.3,43.75,1.0
2024-01-10 10:00:00,1314.0,22.4,43.75,
2024-01-10 10:15:00,1392.5,22.4,43.75,1.0
2024-01-10 10:30:00,1351.0,22.4,43.75,
2024-01-10 10:45:00,1415.0,22.4,43.36,1.0
2024-01-10 11:00:00,1372.0,22.4,42.97,
2024-01-10 11:15:00,1601.5,22.4,42.775,1.0
2024-01-10 11:30:00,1566.0,22.4,42.19,
2024-01-10 11:45:00,1527.5,22.4,41.605,1.0
2024-01-10 12:00:00,1563.0,22.4,40.62,
2024-01-10 12:15:00,1480.0,22.4,40.62,1.0
2024-01-10 12:30:00,1480.0,22.4,40.62,
2024-01-10 12:45:00,1496.5,22.4,40.62,1.0
2024-01-10 13:00:00,1438.0,22.4,40.62,
2024-01-10 13:15:00,1466.5,22.4,40.425,1.0
2024-01-10 13:30:00,1535.0,22.4,40.23,
2024-01-10 13:45:00,1491.5,22.3,40.23,1.0
2024-01-10 14:00:00,1544.0,22.3,40.23,
2024-01-10 14:15:00,1512.0,22.3,40.23,1.0
2024-01-10 14:30:00,1517.0,22.3,40.23,
2024-01-10 14:45:00,1546.0,22.3,39.84,1.0
2024-01-10 15:00:00,1569.0,22.3,39.84,
2024-01-10 15:15:00,1522.0,22.3,39.84,1.0
2024-01-10 15:30:00,1542.5,22.3,39.84,
2024-01-10 15:45:00,1499.0,22.3,39.84,1.0
2024-01-10 16:00:00,1562.0,22.3,39.84,
2024-01-10 16:15:00,1537.0,22.3,39.84,1.0
2024-01-10 16:30:00,1513.0,22.3,39.645,
2024-01-10 16:45:00,1557.0,22.3,39.45,1.0
2024-01-10 17:00:00,1583.0,22.3,39.45,
2024-01-10 17:15:00,1577.0,22.3,39.45,1.0
2024-01-10 17:30:00,1552.5,22.3,39.45,
2024-01-10 17:45:00,1615.0,22.3,39.45,
2024-01-10 18:00:00,1562.5,22.3,39.255,1.0
2024-01-10 18:15:00,1597.0,22.3,39.06,
2024-01-10 18:30:00,1572.0,22.3,39.06,1.0
2024-01-10 18:45:00,1625.0,22.3,39.06,
2024-01-10 19:00:00,1585.5,22.3,39.06,
2024-01-10 19:15:00,1592.0,22.3,39.06,
2024-01-10 19:30:00,1576.5,22.3,39.06,1.0
2024-01-10 19:45:00,1577.0,22.3,39.06,1.0
2024-01-10 20:00:00,1543.0,22.3,39.06,
2024-01-10 20:15:00,1669.0,22.3,39.06,1.0
2024-01-10 20:30:00,1605.0,22.3,39.06,
2024-01-10 20:45:00,1618.0,22.3,39.06,1.0
2024-01-10 21:00:00,1598.5,22.3,39.06,
2024-01-10 21:15:00,1562.0,22.3,39.06,1.0
2024-01-10 21:30:00,1634.5,22.3,38.67,
2024-01-10 21:45:00,1597.0,22.3,38.67,1.0
2024-01-10 22:00:00,1575.5,22.3,38.67,
2024-01-10 22:15:00,1615.0,22.3,38.67,1.0
2024-01-10 22:30:00,1632.5,22.3,38.67,
2024-01-10 22:45:00,1675.0,22.3,38.67,1.0
2024-01-10 23:00:00,1579.5,22.3,38.67,
2024-01-10 23:15:00,1572.0,22.3,38.67,1.0
2024-01-10 23:30:00,1559.0,22.3,38.67,
2024-01-10 23:45:00,1588.5,22.3,38.67,1.0
2024-01-11 00:00:00,1577.0,22.3,38.67,
2024-01-11 00:15:00,1511.5,22.3,38.67,1.0
2024-01-11 00:30:00,1467.0,22.3,38.67,
2024-01-11 00:45:00,1601.0,22.3,38.67,1.0
2024-01-11 01:00:00,1557.0,22.3,38.67,
2024-01-11 01:15:00,1534.5,22.3,38.475,1.0
2024-01-11 01:30:00,1547.0,22.3,38.28,
2024-01-11 01:45:00,1568.5,22.3,38.28,1.0
2024-01-11 02:00:00,1603.0,22.3,38.28,
2024-01-11 02:15:00,1543.0,22.3,38.28,1.0
2024-01-11 02:30:00,1552.0,22.3,38.28,
2024-01-11 02:45:00,1534.5,22.3,38.28,1.0
2024-01-11 03:00:00,1504.0,22.3,38.28,
2024-01-11 03:15:00,1490.5,22.3,38.28,1.0
2024-01-11 03:30:00,1560.0,22.3,38.28,
2024-01-11 03:45:00,1540.5,22.3,38.28,1.0
2024-01-11 04:00:00,1517.0,22.3,38.28,
2024-01-11 04:15:00,1478.0,22.3,38.28,1.0
2024-01-11 04:30:00,1462.0,22.3,38.28,
2024-01-11 04:45:00,1452.5,22.3,38.28,1.0
2024-01-11 05:00:00,1474.0,22.3,38.28,
2024-01-11 05:15:00,1456.5,22.3,38.28,1.0
2024-01-11 05:30:00,1489.0,22.3,38.28,
2024-01-11 05:45:00,1450.5,22.35,38.28,1.0
2024-01-11 06:00:00,1529.0,22.3,38.28,
2024-01-11 06:15:00,1439.0,22.3,38.28,1.0
2024-01-11 06:30:00,1398.0,22.3,38.28,
2024-01-11 06:45:00,1442.5,22.3,38.28,1.0
2024-01-11 07:00:00,1410.0,22.3,38.28,
2024-01-11 07:15:00,1412.0,22.3,38.28,1.0
2024-01-11 07:30:00,1432.0,22.3,38.28,
2024-01-11 07:45:00,1375.0,22.3,37.89,1.0
2024-01-11 08:00:00,1494.0,22.3,37.89,
2024-01-11 08:15:00,2060.0,22.4,39.84,1.0
2024-01-11 08:30:00,1923.0,22.4,39.84,
2024-01-11 08:45:00,1864.0,22.4,39.84,1.0
2024-01-11 09:00:00,1946.0,22.45,39.84,
2024-01-11 09:15:00,2076.0,22.5,39.84,1.0
2024-01-11 09:30:00,2152.5,22.5,39.45,
2024-01-11 09:45:00,2255.0,22.6,39.06,1.0
2024-01-11 10:00:00,2660.0,22.65,41.015,
2024-01-11 10:15:00,2714.0,22.7,40.23,1.0
2024-01-11 10:30:00,2714.0,22.7,41.015,
2024-01-11 10:45:00,2714.0,22.7,42.19,1.0
2024-01-11 11:00:00,2714.0,22.7,41.209999999999994,
2024-01-11 11:15:00,2714.0,22.7,41.02,1.0
2024-01-11 11:30:00,2714.0,22.8,42.775,
2024-01-11 11:45:00,2714.0,22.8,43.36,1.0
2024-01-11 12:00:00,2714.0,22.9,44.53,
2024-01-11 12:15:00,2714.0,22.9,45.31,1.0
2024-01-11 12:30:00,2714.0,22.85,43.555,
2024-01-11 12:45:00,2714.0,22.8,41.41,1.0
2024-01-11 13:00:00,2714.0,22.8,42.58,
2024-01-11 13:15:00,2714.0,22.7,42.97,1.0
2024-01-11 13:30:00,2714.0,22.7,42.97,
2024-01-11 13:45:00,2714.0,22.7,42.58,1.0
2024-01-11 14:00:00,2714.0,22.7,41.8,
2024-01-11 14:15:00,2714.0,22.7,41.8,1.0
2024-01-11 14:30:00,2714.0,22.7,41.41,
2024-01-11 14:45:00,2714.0,22.6,41.41,1.0
2024-01-11 15:00:00,2714.0,22.55,41.41,
2024-01-11 15:15:00,2714.0,22.5,41.41,1.0
2024-01-11 15:30:00,2714.0,22.5,41.41,
2024-01-11 15:45:00,2714.0,22.5,41.41,1.0
2024-01-11 16:00:00,2714.0,22.4,41.41,
2024-01-11 16:15:00,2714.0,22.4,41.02,1.0
2024-01-11 16:30:00,2714.0,22.4,41.02,
2024-01-11 16:45:00,2714.0,22.4,41.02,1.0
2024-01-11 17:00:00,2714.0,22.4,41.02,
2024-01-11 17:15:00,2714.0,22.4,41.02,1.0
2024-01-11 17:30:00,2714.0,22.4,41.02,
2024-01-11 17:45:00,2714.0,22.4,41.02,1.0
2024-01-11 18:00:00,2714.0,22.4,40.82,
2024-01-11 18:15:00,2714.0,22.4,40.62,1.0
2024-01-11 18:30:00,2714.0,22.4,40.62,
2024-01-11 18:45:00,2714.0,22.4,40.62,1.0
2024-01-11 19:00:00,2714.0,22.4,40.62,
2024-01-11 19:15:00,2714.0,22.4,40.62,1.0
2024-01-11 19:30:00,2714.0,22.4,40.62,
2024-01-11 19:45:00,2714.0,22.4,40.62,1.0
2024-01-11 20:00:00,2714.0,22.4,40.62,
2024-01-11 20:15:00,2714.0,22.4,40.62,1.0
2024-01-11 20:30:00,2714.0,22.4,40.23,
2024-01-11 20:45:00,2714.0,22.4,40.23,1.0
2024-01-11 21:00:00,2714.0,22.4,40.23,
2024-01-11 21:15:00,2714.0,22.4,40.23,1.0
2024-01-11 21:30:00,2714.0,22.4,40.23,
2024-01-11 21:45:00,2714.0,22.4,40.23,1.0
2024-01-11 22:00:00,2714.0,22.4,40.23,
2024-01-11 22:15:00,2714.0,22.4,40.23,1.0
2024-01-11 22:30:00,2714.0,22.4,40.23,
2024-01-11 22:45:00,2714.0,22.4,40.23,1.0
2024-01-11 23:00:00,2714.0,22.4,40.23,
2024-01-11 23:15:00,2714.0,22.4,40.035,1.0
2024-01-11 23:30:00,2714.0,22.4,39.84,
2024-01-11 23:45:00,2714.0,22.4,39.84,1.0
2024-01-12 00:00:00,2714.0,22.4,39.84,
2024-01-12 00:15:00,2709.5,22.3,39.84,1.0
2024-01-12 00:30:00,2714.0,22.4,39.84,
2024-01-12 00:45:00,2714.0,22.35,39.84,1.0
2024-01-12 01:00:00,2708.0,22.3,39.84,
2024-01-12 01:15:00,2661.0,22.35,39.84,1.0
2024-01-12 01:30:00,2699.0,22.3,39.84,
2024-01-12 01:45:00,2597.5,22.3,39.84,1.0
2024-01-12 02:00:00,2611.0,22.3,39.84,
2024-01-12 02:15:00,2555.5,22.3,39.84,1.0
2024-01-12 02:30:00,2494.0,22.4,39.45,
2024-01-12 02:45:00,2570.5,22.35,39.45,1.0
2024-01-12 03:00:00,2515.0,22.3,39.45,
2024-01-12 03:15:00,2540.5,22.3,39.45,1.0
2024-01-12 03:30:00,2530.0,22.4,39.45,
2024-01-12 03:45:00,2453.5,22.35,39.45,1.0
2024-01-12 04:00:00,2429.0,22.3,39.45,
2024-01-12 04:15:00,2429.5,22.3,39.45,1.0
2024-01-12 04:30:00,2383.0,22.3,39.45,
2024-01-12 04:45:00,2336.5,22.3,39.45,1.0
2024-01-12 05:00:00,2313.0,22.3,39.45,
2024-01-12 05:15:00,2329.0,22.3,39.45,1.0
2024-01-12 05:30:00,2296.0,22.3,39.06,
2024-01-12 05:45:00,2201.5,22.35,39.255,1.0
2024-01-12 06:00:00,2279.0,22.3,39.45,
2024-01-12 06:15:00,2195.5,22.3,39.06,1.0
2024-01-12 06:30:00,2156.0,22.3,39.06,
2024-01-12 06:45:00,2185.5,22.3,39.06,1.0
2024-01-12 07:00:00,2162.0,22.3,39.06,
2024-01-12 07:15:00,2140.5,22.3,39.06,1.0
2024-01-12 07:30:00,2139.0,22.3,39.06,
2024-01-12 07:45:00,2052.0,22.35,38.28,1.0
2024-01-12 08:00:00,2029.0,22.4,37.5,
2024-01-12 08:15:00,2254.0,22.4,38.67,1.0
2024-01-12 08:30:00,2339.0,22.45,38.28,
2024-01-12 08:45:00,2081.0,22.5,37.5,1.0
2024-01-12 09:00:00,2093.5,22.5,37.5,
2024-01-12 09:15:00,2007.0,22.5,37.5,1.0
2024-01-12 09:30:00,2073.5,22.45,37.5,
2024-01-12 09:45:00,2025.0,22.4,37.5,1.0
2024-01-12 10:00:00,2011.0,22.4,37.89,
2024-01-12 10:15:00,2003.0,22.4,37.89,1.0
2024-01-12 10:30:00,2296.0,22.45,38.475,
2024-01-12 10:45:00,2535.0,22.6,39.45,1.0
2024-01-12 11:00:00,2653.0,22.75,40.035,
2024-01-12 11:15:00,2714.0,22.8,39.45,1.0
2024-01-12 11:30:00,2676.5,22.8,39.06,
2024-01-12 11:45:00,2686.0,22.7,39.06,1.0
2024-01-12 12:00:00,2656.5,22.7,39.06,
2024-01-12 12:15:00,2685.0,22.7,39.06,1.0
2024-01-12 12:30:00,2643.0,22.65,39.06,
2024-01-12 12:45:00,2521.0,22.6,39.45,1.0
2024-01-12 13:00:00,2587.0,22.6,39.45,
2024-01-12 13:15:00,4092.0,222.20000000000002,25.0,1.0
2024-01-12 13:30:00,4079.0,222.20000000000002,24.9025,
2024-01-12 13:45:00,2533.0,22.6,39.45,1.0
2024-01-12 14:00:00,2488.0,22.6,39.45,
2024-01-12 14:15:00,2485.0,22.6,39.06,1.0
2024-01-12 14:30:00,2572.0,22.6,39.45,
2024-01-12 14:45:00,2529.0,22.6,39.06,1.0
2024-01-12 15:00:00,2529.0,22.6,39.45,
2024-01-12 15:15:00,2614.0,22.6,39.45,1.0
2024-01-12 15:30:00,2574.0,22.65,39.45,
2024-01-12 15:45:00,2585.0,22.6,39.45,1.0
2024-01-12 16:00:00,2530.5,22.65,39.255,
2024-01-12 16:15:00,2507.0,22.7,39.45,1.0
2024-01-12 16:30:00,2558.5,22.7,39.255,
2024-01-12 16:45:00,2581.0,22.7,39.45,1.0
2024-01-12 17:00:00,2487.0,22.6,39.06,
2024-01-12 17:15:00,2488.0,22.6,39.06,1.0
2024-01-12 17:30:00,2489.5,22.6,39.255,
2024-01-12 17:45:00,2467.0,22.6,39.06,1.0
2024-01-12 18:00:00,2466.0,22.6,39.255,
2024-01-12 18:15:00,2500.0,22.6,39.06,1.0
2024-01-12 18:30:00,2402.5,22.6,39.06,
2024-01-12 18:45:00,2432.0,22.6,39.06,1.0
2024-01-12 19:00:00,2433.5,22.6,39.06,
2024-01-12 19:15:00,2411.0,22.6,39.06,1.0
2024-01-12 19:30:00,2364.5,22.6,39.06,
2024-01-12 19:45:00,2402.0,22.6,39.06,1.0
2024-01-12 20:00:00,2404.0,22.6,39.06,
2024-01-12 20:15:00,2359.0,22.6,39.06,1.0
2024-01-12 20:30:00,2367.0,22.6,39.06,
2024-01-12 20:45:00,2301.0,22.6,39.06,1.0
2024-01-12 21:00:00,2341.0,22.6,39.06,
2024-01-12 21:15:00,2311.0,22.6,39.06,1.0
2024-01-12 21:30:00,2304.0,22.6,39.06,
2024-01-12 21:45:00,2252.0,22.6,39.06,1.0
2024-01-12 22:00:00,2258.0,22.6,39.06,
2024-01-12 22:15:00,2270.5,22.6,39.06,1.0
2024-01-12 22:30:00,2229.0,22.6,39.06,
2024-01-12 22:45:00,2253.5,22.6,39.06,1.0
2024-01-12 23:00:00,2144.0,22.6,39.06,
2024-01-12 23:15:00,2159.0,22.6,39.06,1.0
2024-01-12 23:30:00,2125.0,22.6,39.06,
2024-01-12 23:45:00,2151.5,22.6,38.865,1.0
2024-01-13 00:00:00,2164.0,22.6,39.06,
2024-01-13 00:15:00,2120.5,22.6,38.865,1.0
2024-01-13 00:30:00,2128.0,22.6,38.67,
2024-01-13 00:45:00,2018.0,22.6,38.67,1.0
2024-01-13 01:00:00,2161.0,22.6,38.67,
2024-01-13 01:15:00,2055.5,22.6,38.67,1.0
2024-01-13 01:30:00,2066.0,22.6,38.67,
2024-01-13 01:45:00,2076.0,22.6,38.67,1.0
2024-01-13 02:00:00,2023.0,22.6,38.67,
2024-01-13 02:15:00,2040.5,22.6,38.67,1.0
2024-01-13 02:30:00,1974.0,22.6,38.67,
2024-01-13 02:45:00,1975.0,22.6,38.67,1.0
2024-01-13 03:00:00,1979.0,22.6,38.67,
2024-01-13 03:15:00,1928.0,22.6,38.67,1.0
2024-01-13 03:30:00,1917.0,22.6,38.67,
2024-01-13 03:45:00,1930.0,22.6,38.67,1.0
2024-01-13 04:00:00,1993.0,22.6,38.67,
2024-01-13 04:15:00,1857.0,22.6,38.67,1.0
2024-01-13 04:30:00,1892.0,22.6,38.67,
2024-01-13 04:45:00,1903.0,22.6,38.67,1.0
2024-01-13 05:00:00,1903.0,22.6,38.67,
2024-01-13 05:15:00,1797.5,22.6,38.67,1.0
2024-01-13 05:30:00,1837.0,22.6,38.67,
2024-01-13 05:45:00,1795.0,22.6,38.67,1.0
2024-01-13 06:00:00,1808.0,22.6,38.67,
2024-01-13 06:15:00,1826.0,22.6,38.67,1.0
2024-01-13 06:30:00,1780.0,22.6,38.67,
2024-01-13 06:45:00,1733.0,22.6,38.475,1.0
2024-01-13 07:00:00,1733.0,22.6,38.28,
2024-01-13 07:15:00,1752.5,22.65,38.28,1.0
2024-01-13 07:30:00,1694.0,22.7,38.28,
2024-01-13 07:45:00,1685.0,22.6,38.28,1.0
2024-01-13 08:00:00,1699.0,22.6,38.28,
2024-01-13 08:15:00,1683.5,22.6,38.28,1.0
2024-01-13 08:30:00,1642.0,22.6,38.28,
2024-01-13 08:45:00,1670.0,22.6,38.28,1.0
2024-01-13 09:00:00,1665.5,22.6,38.28,
2024-01-13 09:15:00,1626.0,22.6,38.28,1.0
2024-01-13 09:30:00,1594.0,22.6,38.28,
2024-01-13 09:45:00,1621.0,22.6,38.28,1.0
2024-01-13 10:00:00,1595.5,22.6,38.28,
2024-01-13 10:15:00,1631.0,22.6,38.28,1.0
2024-01-13 10:30:00,1535.0,22.7,38.28,
2024-01-13 10:45:00,1609.0,22.7,38.28,1.0
2024-01-13 11:00:00,1513.0,22.65,38.28,
2024-01-13 11:15:00,1488.0,22.7,38.28,1.0
2024-01-13 11:30:00,1520.5,22.7,38.28,
2024-01-13 11:45:00,1523.0,22.7,38.28,1.0
2024-01-13 12:00:00,1501.5,22.7,38.28,
2024-01-13 12:15:00,1485.0,22.7,38.28,1.0
2024-01-13 12:30:00,1486.5,22.7,38.28,
2024-01-13 12:45:00,1468.0,22.7,38.28,1.0
2024-01-13 13:00:00,1464.0,22.7,38.28,
2024-01-13 13:15:00,1458.0,22.7,38.28,1.0
2024-01-13 13:30:00,1495.0,22.7,38.28,
2024-01-13 13:45:00,1391.0,22.7,38.28,1.0
2024-01-13 14:00:00,1427.0,22.7,38.28,
2024-01-13 14:15:00,1438.0,22.7,38.28,1.0
2024-01-13 14:30:00,1385.0,22.7,38.28,
2024-01-13 14:45:00,1425.0,22.7,38.28,1.0
2024-01-13 15:00:00,1419.5,22.7,38.28,
2024-01-13 15:15:00,1425.0,22.7,38.28,1.0
2024-01-13 15:30:00,1403.0,22.7,38.28,
2024-01-13 15:45:00,1374.0,22.7,38.28,1.0
2024-01-13 16:00:00,1412.0,22.7,38.28,
2024-01-13 16:15:00,1369.0,22.7,38.28,1.0
2024-01-13 16:30:00,1376.5,22.7,38.28,
2024-01-13 16:45:00,1371.0,22.7,38.28,1.0
2024-01-13 17:00:00,1325.5,22.7,38.28,
2024-01-13 17:15:00,916.0,22.7,38.28,1.0
2024-01-13 17:30:00,952.5,22.7,38.28,
2024-01-13 17:45:00,834.0,22.7,38.28,1.0
2024-01-13 18:00:00,869.5,22.7,38.28,
2024-01-13 18:15:00,861.0,22.7,38.28,1.0
2024-01-13 18:30:00,861.0,22.7,38.28,
2024-01-13 18:45:00,835.5,22.7,38.28,1.0
2024-01-13 19:00:00,864.5,22.7,38.28,
2024-01-13 19:15:00,897.0,22.7,38.28,1.0
2024-01-13 19:30:00,900.0,22.7,38.28,
2024-01-13 19:45:00,801.0,22.7,38.28,1.0
2024-01-13 20:00:00,863.0,22.7,38.28,
2024-01-13 20:15:00,873.0,22.7,38.28,1.0
2024-01-13 20:30:00,948.0,22.7,38.28,
2024-01-13 20:45:00,829.0,22.7,38.28,1.0
2024-01-13 21:00:00,834.0,22.6,38.28,
2024-01-13 21:15:00,813.5,22.7,38.28,1.0
2024-01-13 21:30:00,872.0,22.7,38.28,
2024-01-13 21:45:00,802.0,22.6,38.28,1.0
2024-01-13 22:00:00,826.0,22.6,38.28,
2024-01-13 22:15:00,805.5,22.65,38.28,1.0
2024-01-13 22:30:00,794.0,22.6,38.28,
2024-01-13 22:45:00,766.5,22.6,38.28,1.0
2024-01-13 23:00:00,798.0,22.6,38.28,
2024-01-13 23:15:00,802.0,22.65,38.28,1.0
2024-01-13 23:30:00,785.0,22.6,38.28,
2024-01-13 23:45:00,776.5,22.6,38.28,1.0
2024-01-14 00:00:00,734.0,22.6,38.28,
2024-01-14 00:15:00,732.5,22.6,38.28,1.0
2024-01-14 00:30:00,770.0,22.6,38.28,
2024-01-14 00:45:00,766.0,22.6,38.28,1.0
2024-01-14 01:00:00,784.0,22.6,38.28,
2024-01-14 01:15:00,710.5,22.6,38.28,1.0
2024-01-14 01:30:00,684.0,22.6,38.28,
2024-01-14 01:45:00,724.5,22.6,38.28,1.0
2024-01-14 02:00:00,759.0,22.6,38.28,
2024-01-14 02:15:00,730.0,22.6,38.28,1.0
2024-01-14 02:30:00,749.0,22.6,38.28,
2024-01-14 02:45:00,749.0,22.6,38.28,1.0
2024-01-14 03:00:00,782.0,22.6,38.28,
2024-01-14 03:15:00,721.0,22.6,38.28,1.0
2024-01-14 03:30:00,684.0,22.6,38.28,
2024-01-14 03:45:00,723.5,22.6,38.28,1.0
2024-01-14 04:00:00,742.0,22.6,38.28,
2024-01-14 04:15:00,799.5,22.6,38.28,1.0
2024-01-14 04:30:00,707.0,22.6,38.28,
2024-01-14 04:45:00,701.0,22.6,38.28,1.0
2024-01-14 05:00:00,686.0,22.6,38.28,
2024-01-14 05:15:00,724.5,22.6,38.28,1.0
2024-01-14 05:30:00,707.0,22.6,38.28,
2024-01-14 05:45:00,682.5,22.6,38.28,1.0
2024-01-14 06:00:00,716.0,22.6,38.28,
2024-01-14 06:15:00,676.5,22.6,38.28,1.0
2024-01-14 06:30:00,641.0,22.6,38.28,
2024-01-14 06:45:00,708.0,22.6,38.28,1.0
2024-01-14 07:00:00,627.0,22.6,38.28,
2024-01-14 07:15:00,624.0,22.6,38.28,1.0
2024-01-14 07:30:00,662.0,22.6,38.28,
2024-01-14 07:45:00,659.0,22.6,38.28,1.0
2024-01-14 08:00:00,679.0,22.6,38.28,
2024-01-14 08:15:00,668.0,22.6,38.28,1.0
2024-01-14 08:30:00,0.0,22.6,38.28,
2024-01-14 08:45:00,680.5,22.6,38.085,1.0
2024-01-14 09:00:00,714.0,22.7,37.89,
2024-01-14 09:15:00,671.5,22.7,37.89,1.0
2024-01-14 09:30:00,668.0,22.7,37.89,
2024-01-14 09:45:00,663.5,22.8,37.89,1.0
2024-01-14 10:00:00,661.0,22.8,37.89,
2024-01-14 10:15:00,701.0,22.8,37.5,1.0
2024-01-14 10:30:00,624.0,22.8,37.89,
2024-01-14 10:45:00,628.0,22.8,37.695,1.0
2024-01-14 11:00:00,681.0,22.8,37.89,
2024-01-14 11:15:00,619.5,22.8,37.695,1.0
2024-01-14 11:30:00,690.0,22.8,37.5,
2024-01-14 11:45:00,630.0,22.8,37.5,1.0
2024-01-14 12:00:00,656.0,22.8,37.5,
2024-01-14 12:15:00,635.5,22.8,37.89,1.0
2024-01-14 12:30:00,605.0,22.8,37.89,
2024-01-14 12:45:00,633.0,22.8,37.5,1.0
2024-01-14 13:00:00,689.0,22.8,37.89,
2024-01-14 13:15:00,601.5,22.8,37.695,1.0
2024-01-14 13:30:00,635.0,22.8,37.5,
2024-01-14 13:45:00,591.5,22.8,37.89,1.0
2024-01-14 14:00:00,613.0,22.8,37.5,
2024-01-14 14:15:00,663.0,22.8,37.695,1.0
2024-01-14 14:30:00,656.0,22.8,37.89,
2024-01-14 14:45:00,606.0,22.8,37.89,1.0
2024-01-14 15:00:00,606.0,22.8,37.5,
2024-01-14 15:15:00,563.0,22.8,37.5,1.0
2024-01-14 15:30:00,597.5,22.8,37.5,
2024-01-14 15:45:00,612.0,22.8,37.5,1.0
2024-01-14 16:00:00,613.5,22.8,37.695,
2024-01-14 16:15:00,596.0,22.8,37.5,1.0
2024-01-14 16:30:00,625.0,22.8,37.5,
2024-01-14 16:45:00,571.0,22.8,37.5,1.0
2024-01-14 17:00:00,609.0,22.8,37.5,
2024-01-14 17:15:00,610.0,22.8,37.5,1.0
2024-01-14 17:30:00,608.0,22.8,37.5,
2024-01-14 17:45:00,551.0,22.8,37.5,1.0
2024-01-14 18:00:00,582.5,22.8,37.5,
2024-01-14 18:15:00,567.0,22.8,37.5,1.0
2024-01-14 18:30:00,599.5,22.8,37.5,
2024-01-14 18:45:00,580.0,22.8,37.5,1.0
2024-01-14 19:00:00,611.0,22.8,37.5,
2024-01-14 19:15:00,546.0,22.8,37.5,1.0
2024-01-14 19:30:00,575.0,22.8,37.5,
2024-01-14 19:45:00,612.0,22.8,37.5,1.0
2024-01-14 20:00:00,585.0,22.8,37.5,
2024-01-14 20:15:00,573.0,22.8,37.5,1.0
2024-01-14 20:30:00,607.5,22.8,37.5,
2024-01-14 20:45:00,644.0,22.8,37.5,1.0
2024-01-14 21:00:00,567.0,22.8,37.5,
2024-01-14 21:15:00,619.0,22.8,37.5,1.0
2024-01-14 21:30:00,627.5,22.8,37.5,
2024-01-14 21:45:00,585.0,22.8,37.5,1.0
2024-01-14 22:00:00,597.5,22.8,37.5,
2024-01-14 22:15:00,619.0,22.8,37.5,1.0
2024-01-14 22:30:00,536.0,22.8,37.5,
2024-01-14 22:45:00,560.0,22.8,37.5,1.0
2024-01-14 23:00:00,532.0,22.75,37.5,
2024-01-14 23:15:00,560.0,22.8,37.5,1.0
2024-01-14 23:30:00,541.0,22.8,37.5,
2024-01-14 23:45:00,564.0,22.8,37.5,1.0
2024-01-15 00:00:00,612.0,22.75,37.5,
2024-01-15 00:15:00,564.0,22.8,37.5,1.0
2024-01-15 00:30:00,580.0,22.8,37.5,
2024-01-15 00:45:00,513.0,22.7,37.5,1.0
2024-01-15 01:00:00,496.5,22.8,37.5,
2024-01-15 01:15:00,525.0,22.7,37.5,1.0
2024-01-15 01:30:00,559.5,22.75,37.5,
2024-01-15 01:45:00,508.0,22.7,37.5,1.0
2024-01-15 02:00:00,540.0,22.7,37.5,
2024-01-15 02:15:00,515.0,22.8,37.5,1.0
2024-01-15 02:30:00,527.0,22.7,37.5,
2024-01-15 02:45:00,504.0,22.7,37.5,1.0
2024-01-15 03:00:00,522.5,22.8,37.5,
2024-01-15 03:15:00,499.0,22.8,37.5,1.0
2024-01-15 03:30:00,485.0,22.7,37.5,
2024-01-15 03:45:00,525.0,22.7,37.5,1.0
2024-01-15 04:00:00,535.5,22.7,37.5,
2024-01-15 04:15:00,500.0,22.7,37.5,1.0
2024-01-15 04:30:00,563.5,22.7,37.5,
2024-01-15 04:45:00,563.0,22.7,37.5,1.0
2024-01-15 05:00:00,556.5,22.7,37.5,
2024-01-15 05:15:00,521.0,22.7,37.5,1.0
2024-01-15 05:30:00,535.5,22.7,37.5,
2024-01-15 05:45:00,554.0,22.7,37.5,1.0
2024-01-15 06:00:00,528.5,22.7,37.5,
2024-01-15 06:15:00,503.0,22.7,37.5,1.0
2024-01-15 06:30:00,492.0,22.7,37.5,
2024-01-15 06:45:00,489.0,22.7,37.5,1.0
2024-01-15 07:00:00,498.0,22.7,37.5,
2024-01-15 07:15:00,500.0,22.7,37.5,1.0
2024-01-15 07:30:00,484.5,22.7,37.5,
2024-01-15 07:45:00,516.0,22.7,37.11,1.0
2024-01-15 08:00:00,484.0,22.7,37.11,
2024-01-15 08:15:00,514.0,22.7,37.11,1.0
2024-01-15 08:30:00,500.5,22.7,37.11,
2024-01-15 08:45:00,701.0,22.7,37.5,1.0
2024-01-15 09:00:00,1348.5,22.7,39.255,0.5
2024-01-15 09:15:00,1487.0,22.6,39.45,1.0
2024-01-15 09:30:00,1512.5,22.6,39.45,
2024-01-15 09:45:00,1513.0,22.6,39.45,1.0
2024-01-15 10:00:00,1447.0,22.6,39.06,
2024-01-15 10:15:00,1491.0,22.6,39.06,1.0
2024-01-15 10:30:00,1412.0,22.55,39.06,
2024-01-15 10:45:00,1351.0,22.5,38.67,1.0
2024-01-15 11:00:00,1363.0,22.5,38.67,
2024-01-15 11:15:00,1343.0,22.5,38.67,1.0
2024-01-15 11:30:00,1327.0,22.5,38.67,
2024-01-15 11:45:00,1338.0,22.5,38.67,1.0
2024-01-15 12:00:00,1606.0,22.5,38.67,
2024-01-15 12:15:00,1880.5,22.6,38.475,1.0
2024-01-15 12:30:00,2056.0,22.6,38.28,
2024-01-15 12:45:00,2032.5,22.7,38.28,1.0
2024-01-15 13:00:00,2120.0,22.8,38.67,
2024-01-15 13:15:00,2205.0,23.05,38.475,1.0
2024-01-15 13:30:00,2271.0,23.3,38.28,
2024-01-15 13:45:00,2271.0,23.45,38.28,1.0
2024-01-15 14:00:00,2271.0,23.5,37.89,
2024-01-15 14:15:00,2271.0,23.6,37.5,1.0
2024-01-15 14:30:00,2271.0,23.6,37.89,
2024-01-15 14:45:00,2271.0,23.7,38.67,1.0
2024-01-15 15:00:00,2271.0,23.7,38.67,
2024-01-15 15:15:00,2271.0,23.65,38.28,1.0
2024-01-15 15:30:00,2271.0,23.6,38.28,
2024-01-15 15:45:00,2271.0,23.6,37.89,1.0
2024-01-15 16:00:00,2271.0,23.5,37.89,
2024-01-15 16:15:00,2271.0,23.5,37.89,1.0
2024-01-15 16:30:00,2271.0,23.5,37.5,
2024-01-15 16:45:00,2271.0,23.5,37.695,1.0
2024-01-15 17:00:00,2271.0,23.5,37.5,
2024-01-15 17:15:00,2271.0,23.5,37.5,1.0
2024-01-15 17:30:00,2200.0,23.5,37.5,
2024-01-15 17:45:00,2271.0,23.5,37.5,1.0
2024-01-15 18:00:00,2238.0,23.5,37.5,
2024-01-15 18:15:00,2198.0,23.5,37.305,1.0
2024-01-15 18:30:00,2271.0,23.5,37.11,
2024-01-15 18:45:00,2118.5,23.5,37.11,1.0
2024-01-15 19:00:00,2114.0,23.5,37.11,
2024-01-15 19:15:00,2084.0,23.5,37.11,1.0
2024-01-15 19:30:00,2062.5,23.5,37.11,
2024-01-15 19:45:00,1954.0,23.5,37.11,1.0
2024-01-15 20:00:00,2010.5,23.55,37.11,
2024-01-15 20:15:00,,,,1.0
2024-01-15 20:30:00,1943.5,23.6,37.11,
2024-01-15 20:45:00,1962.0,23.6,37.11,1.0
2024-01-15 21:00:00,1888.5,23.6,37.11,
2024-01-15 21:15:00,1821.0,23.6,37.11,1.0
2024-01-15 21:30:00,1841.5,23.6,37.11,
2024-01-15 21:45:00,1879.0,23.6,37.11,1.0
2024-01-15 22:00:00,1755.0,23.6,37.11,
2024-01-15 22:15:00,1786.0,23.5,36.72,1.0
2024-01-15 22:30:00,1693.5,23.5,37.11,
2024-01-15 22:45:00,1683.0,23.5,37.11,1.0
2024-01-15 23:00:00,1710.5,23.5,36.72,
2024-01-15 23:15:00,1730.0,23.5,36.72,1.0
2024-01-15 23:30:00,1621.5,23.55,36.72,
2024-01-15 23:45:00,1666.0,23.6,36.72,1.0
2024-01-16 00:00:00,1651.0,23.5,36.72,
2024-01-16 00:15:00,1591.0,23.5,36.72,1.0
2024-01-16 00:30:00,1511.5,23.6,36.72,
2024-01-16 00:45:00,1497.0,23.5,36.72,1.0
2024-01-16 01:00:00,1476.0,23.5,36.72,
2024-01-16 01:15:00,1492.0,23.5,36.72,1.0
2024-01-16 01:30:00,1493.0,23.55,36.72,
2024-01-16 01:45:00,1489.0,23.6,36.72,1.0
2024-01-16 02:00:00,1426.5,23.55,36.72,
2024-01-16 02:15:00,1444.0,23.6,36.72,1.0
2024-01-16 02:30:00,1411.5,23.6,36.33,
2024-01-16 02:45:00,1348.0,23.5,36.33,1.0
2024-01-16 03:00:00,1346.5,23.6,36.33,
2024-01-16 03:15:00,1355.0,23.5,36.33,1.0
2024-01-16 03:30:00,1379.0,23.5,36.33,
2024-01-16 03:45:00,1370.0,23.5,36.33,1.0
2024-01-16 04:00:00,1227.0,23.6,36.33,
2024-01-16 04:15:00,1321.0,23.5,36.33,1.0
2024-01-16 04:30:00,1377.0,23.5,36.33,
2024-01-16 04:45:00,1295.5,23.55,36.33,1.0
2024-01-16 05:00:00,1287.0,23.5,36.33,
2024-01-16 05:15:00,1230.0,23.5,36.33,1.0
2024-01-16 05:30:00,1162.0,23.5,36.33,
2024-01-16 05:45:00,1201.0,23.5,35.94,1.0
2024-01-16 06:00:00,1162.0,23.5,36.33,
2024-01-16 06:15:00,1171.0,23.5,36.33,1.0
2024-01-16 06:30:00,1230.0,23.5,35.94,
2024-01-16 06:45:00,1139.5,23.55,35.94,1.0
2024-01-16 07:00:00,1186.0,23.6,35.94,
2024-01-16 07:15:00,1150.5,23.6,35.94,1.0
2024-01-16 07:30:00,1128.0,23.6,35.94,
2024-01-16 07:45:00,1063.5,23.6,35.55,1.0
2024-01-16 08:00:00,1130.0,23.6,35.55,
2024-01-16 08:15:00,1170.5,23.6,35.16,1.0
2024-01-16 08:30:00,1264.0,23.6,33.98,
2024-01-16 08:45:00,1275.0,23.6,32.615,1.0
2024-01-16 09:00:00,1464.0,23.7,32.03,
2024-01-16 09:15:00,1448.5,23.75,31.835,1.0
2024-01-16 09:30:00,1583.0,23.8,32.03,
2024-01-16 09:45:00,1809.0,24.0,33.59,1.0
2024-01-16 10:00:00,1911.0,24.0,33.98,
2024-01-16 10:15:00,1587.5,23.95,32.615,1.0
2024-01-16 10:30:00,1763.0,23.9,33.2,
2024-01-16 10:45:00,2110.5,24.0,34.375,1.0
2024-01-16 11:00:00,2271.0,24.0,35.55,
2024-01-16 11:15:00,2271.0,24.0,36.33,1.0
2024-01-16 11:30:00,2271.0,23.9,36.33,
2024-01-16 11:45:00,2271.0,23.9,36.33,1.0
2024-01-16 12:00:00,2271.0,23.8,36.33,0.0
2024-01-16 12:15:00,1706.0,23.6,32.42,1.0
2024-01-16 12:30:00,1816.0,23.6,32.03,
2024-01-16 12:45:00,1952.0,23.8,33.2,1.0
2024-01-16 13:00:00,2143.0,23.95,33.59,
2024-01-16 13:15:00,2271.0,24.1,34.38,1.0
2024-01-16 13:30:00,2271.0,24.15,34.38,
2024-01-16 13:45:00,2271.0,24.2,35.16,0.25
2024-01-16 14:00:00,2074.0,24.1,33.4,
2024-01-16 14:15:00,1717.0,23.9,30.47,1.0
2024-01-16 14:30:00,1886.0,24.0,31.445,
2024-01-16 14:45:00,1930.0,24.1,31.25,1.0
2024-01-16 15:00:00,1997.0,24.1,31.64,
2024-01-16 15:15:00,1949.0,24.1,31.64,1.0
2024-01-16 15:30:00,1875.5,24.05,32.03,
2024-01-16 15:45:00,1877.0,24.0,32.03,1.0
2024-01-16 16:00:00,1817.5,24.0,32.42,
2024-01-16 16:15:00,1796.0,23.9,32.81,1.0
2024-01-16 16:30:00,1839.0,23.9,32.81,
2024-01-16 16:45:00,1879.0,23.8,33.2,1.0
2024-01-16 17:00:00,1795.0,23.8,33.2,
2024-01-16 17:15:00,1794.0,23.8,33.2,1.0
2024-01-16 17:30:00,1726.5,23.7,33.59,
2024-01-16 17:45:00,1653.0,23.7,33.59,1.0
2024-01-16 18:00:00,1726.0,23.7,33.59,
2024-01-16 18:15:00,1565.0,23.7,33.59,1.0
2024-01-16 18:30:00,1614.5,23.7,33.59,
2024-01-16 18:45:00,1664.0,23.7,33.98,1.0
2024-01-16 19:00:00,1628.5,23.7,33.98,
2024-01-16 19:15:00,1562.0,23.7,33.98,1.0
2024-01-16 19:30:00,1586.0,23.7,33.98,
2024-01-16 19:45:00,1510.0,23.7,33.98,1.0
2024-01-16 20:00:00,1513.0,23.7,33.98,
2024-01-16 20:15:00,1469.0,23.7,33.98,1.0
2024-01-16 20:30:00,1393.0,23.8,33.98,
2024-01-16 20:45:00,1456.0,23.8,33.98,1.0
2024-01-16 21:00:00,1485.0,23.8,34.38,
2024-01-16 21:15:00,1384.5,23.8,34.38,1.0
2024-01-16 21:30:00,1413.0,23.8,34.38,
2024-01-16 21:45:00,1366.5,23.8,34.38,1.0
2024-01-16 22:00:00,1461.0,23.8,34.38,
2024-01-16 22:15:00,1378.5,23.8,34.38,1.0
2024-01-16 22:30:00,1428.0,23.8,34.38,
2024-01-16 22:45:00,1327.0,23.8,34.38,1.0
2024-01-16 23:00:00,1353.0,23.8,34.38,
2024-01-16 23:15:00,1340.5,23.8,34.38,1.0
2024-01-16 23:30:00,1327.0,23.8,34.38,
2024-01-16 23:45:00,1303.5,23.8,34.38,1.0
2024-01-17 00:00:00,1252.0,23.8,34.38,
2024-01-17 00:15:00,1266.0,23.8,34.38,1.0
2024-01-17 00:30:00,1249.0,23.8,34.38,
2024-01-17 00:45:00,1288.5,23.8,34.38,1.0
2024-01-17 01:00:00,1230.0,23.8,34.38,
2024-01-17 01:15:00,1196.0,23.8,34.575,1.0
2024-01-17 01:30:00,1178.0,23.8,34.38,
2024-01-17 01:45:00,1197.5,23.8,34.77,1.0
2024-01-17 02:00:00,1135.0,23.8,34.77,
2024-01-17 02:15:00,1159.0,23.8,34.77,1.0
2024-01-17 02:30:00,1097.0,23.8,34.77,
2024-01-17 02:45:00,1106.0,23.8,34.77,1.0
2024-01-17 03:00:00,1075.0,23.8,34.38,
2024-01-17 03:15:00,1123.0,23.8,34.575,1.0
2024-01-17 03:30:00,1137.0,23.8,34.38,
2024-01-17 03:45:00,1092.5,23.8,34.77,1.0
2024-01-17 04:00:00,1119.0,23.8,34.77,
2024-01-17 04:15:00,1029.0,23.8,34.77,1.0
2024-01-17 04:30:00,1116.0,23.8,34.77,
2024-01-17 04:45:00,1109.0,23.8,34.77,1.0
2024-01-17 05:00:00,1051.5,23.8,34.77,
2024-01-17 05:15:00,980.0,23.8,34.77,1.0
2024-01-17 05:30:00,1013.5,23.8,34.77,
2024-01-17 05:45:00,1052.0,23.8,34.77,1.0
2024-01-17 06:00:00,995.0,23.8,34.77,
2024-01-17 06:15:00,979.0,23.8,34.77,1.0
2024-01-17 06:30:00,978.5,23.8,34.575,
2024-01-17 06:45:00,919.0,23.7,34.77,1.0
2024-01-17 07:00:00,890.0,23.7,34.77,
2024-01-17 07:15:00,975.0,23.7,34.77,1.0
2024-01-17 07:30:00,933.5,23.7,34.77,
2024-01-17 07:45:00,928.0,23.7,34.77,1.0
2024-01-17 08:00:00,941.0,23.7,34.77,
2024-01-17 08:15:00,919.0,23.7,34.77,1.0
2024-01-17 08:30:00,882.0,23.7,34.77,
2024-01-17 08:45:00,966.0,23.7,34.77,1.0
2024-01-17 09:00:00,868.5,23.7,34.77,
2024-01-17 09:15:00,907.0,23.7,34.77,1.0
2024-01-17 09:30:00,874.5,23.7,34.77,
2024-01-17 09:45:00,860.0,23.7,34.77,1.0
2024-01-17 10:00:00,894.5,23.8,34.77,
2024-01-17 10:15:00,819.0,23.8,34.77,1.0
2024-01-17 10:30:00,859.5,23.8,34.77,
2024-01-17 10:45:00,822.0,23.8,34.77,1.0
2024-01-17 11:00:00,859.5,23.8,34.77,
2024-01-17 11:15:00,827.0,23.8,34.77,1.0
2024-01-17 11:30:00,847.0,23.8,34.77,
2024-01-17 11:45:00,872.0,23.8,34.77,1.0
2024-01-17 12:00:00,864.0,23.75,34.77,
2024-01-17 12:15:00,815.0,23.7,34.77,1.0
2024-01-17 12:30:00,836.5,23.7,34.77,
2024-01-17 12:45:00,797.0,23.7,34.77,1.0
2024-01-17 13:00:00,877.0,23.7,34.965,
2024-01-17 13:15:00,854.0,23.7,34.77,1.0
2024-01-17 13:30:00,863.5,23.7,34.965,
2024-01-17 13:45:00,820.0,23.7,35.16,1.0
2024-01-17 14:00:00,858.5,23.7,35.16,
2024-01-17 14:15:00,873.0,23.7,35.16,1.0
2024-01-17 14:30:00,883.0,23.7,35.16,
2024-01-17 14:45:00,825.0,23.7,35.16,1.0
2024-01-17 15:00:00,880.0,23.7,35.16,
2024-01-17 15:15:00,897.0,23.7,35.16,1.0
2024-01-17 15:30:00,880.0,23.7,35.16,
2024-01-17 15:45:00,823.0,23.7,35.16,1.0
2024-01-17 16:00:00,820.0,23.7,35.16,
2024-01-17 16:15:00,824.0,23.7,35.16,1.0
2024-01-17 16:30:00,893.0,23.8,35.16,
2024-01-17 16:45:00,900.5,23.75,35.16,1.0
2024-01-17 17:00:00,803.0,23.8,35.16,
2024-01-17 17:15:00,848.0,23.75,35.16,1.0
2024-01-17 17:30:00,859.0,23.7,35.16,
2024-01-17 17:45:00,840.5,23.7,35.16,1.0
2024-01-17 18:00:00,866.0,23.7,35.16,
2024-01-17 18:15:00,864.5,23.7,35.16,1.0
2024-01-17 18:30:00,876.0,23.7,35.16,
2024-01-17 18:45:00,829.5,23.7,35.16,1.0
2024-01-17 19:00:00,843.0,23.7,35.16,
2024-01-17 19:15:00,873.5,23.7,35.16,1.0
2024-01-17 19:30:00,841.0,23.7,35.16,
2024-01-17 19:45:00,869.0,23.7,35.16,1.0
2024-01-17 20:00:00,778.0,23.7,35.16,
2024-01-17 20:15:00,834.5,23.7,35.16,1.0
2024-01-17 20:30:00,887.0,23.7,35.16,
2024-01-17 20:45:00,810.0,23.7,35.16,1.0
2024-01-17 21:00:00,814.0,23.7,35.16,
2024-01-17 21:15:00,829.5,23.7,35.16,1.0
2024-01-17 21:30:00,817.0,23.7,35.16,
2024-01-17 21:45:00,807.0,23.7,35.16,1.0
2024-01-17 22:00:00,876.0,23.7,35.16,
2024-01-17 22:15:00,863.5,23.7,35.16,1.0
2024-01-17 22:30:00,846.0,23.7,35.16,
2024-01-17 22:45:00,806.5,23.7,35.16,1.0
2024-01-17 23:00:00,832.0,23.7,35.16,
2024-01-17 23:15:00,870.0,23.7,35.16,1.0
2024-01-17 23:30:00,767.0,23.7,35.16,
2024-01-17 23:45:00,839.5,23.7,35.16,1.0
2024-01-18 00:00:00,806.0,23.7,35.16,
2024-01-18 00:15:00,830.5,23.7,35.16,1.0
2024-01-18 00:30:00,824.0,23.7,35.16,
2024-01-18 00:45:00,837.0,23.7,35.16,1.0
2024-01-18 01:00:00,811.0,23.7,35.16,
2024-01-18 01:15:00,812.0,23.7,35.16,1.0
2024-01-18 01:30:00,754.0,23.7,35.16,
2024-01-18 01:45:00,756.5,23.7,35.16,1.0
2024-01-18 02:00:00,790.0,23.7,35.16,
2024-01-18 02:15:00,755.5,23.7,35.16,1.0
2024-01-18 02:30:00,858.0,23.7,35.16,
2024-01-18 02:45:00,771.0,23.7,35.16,1.0
2024-01-18 03:00:00,776.0,23.7,35.16,
2024-01-18 03:15:00,749.5,23.7,35.16,1.0
2024-01-18 03:30:00,799.0,23.7,35.16,
2024-01-18 03:45:00,767.0,23.7,35.16,1.0
2024-01-18 04:00:00,763.0,23.7,35.16,
2024-01-18 04:15:00,778.0,23.7,35.16,1.0
2024-01-18 04:30:00,712.0,23.7,35.16,
2024-01-18 04:45:00,732.5,23.7,35.16,1.0
2024-01-18 05:00:00,740.0,23.7,35.16,
2024-01-18 05:15:00,714.0,23.7,35.16,1.0
2024-01-18 05:30:00,735.0,23.7,35.16,
2024-01-18 05:45:00,733.0,23.7,35.16,1.0
2024-01-18 06:00:00,739.0,23.7,35.16,
2024-01-18 06:15:00,745.5,23.65,35.16,1.0
2024-01-18 06:30:00,720.0,23.6,35.16,
2024-01-18 06:45:00,682.5,23.6,34.965,1.0
2024-01-18 07:00:00,685.0,23.7,35.16,
2024-01-18 07:15:00,738.5,23.6,34.18,0.75
2024-01-18 07:30:00,764.0,23.6,31.64,
2024-01-18 07:45:00,849.5,23.65,30.665,1.0
2024-01-18 08:00:00,884.0,23.7,30.08,
2024-01-18 08:15:00,915.5,23.8,30.275,1.0
2024-01-18 08:30:00,830.0,23.9,30.47,
2024-01-18 08:45:00,908.0,23.9,30.47,1.0
2024-01-18 09:00:00,954.0,23.9,30.86,
2024-01-18 09:15:00,1188.5,24.05,31.835,1.0
2024-01-18 09:30:00,975.0,24.0,30.86,
2024-01-18 09:45:00,998.0,24.0,31.055,1.0
2024-01-18 10:00:00,1010.0,24.0,31.25,
2024-01-18 10:15:00,1073.5,24.0,31.445,1.0
2024-01-18 10:30:00,1156.0,24.0,31.64,
2024-01-18 10:45:00,1253.0,24.0,32.42,1.0
2024-01-18 11:00:00,1568.0,24.1,33.59,
2024-01-18 11:15:00,1820.0,24.1,34.38,1.0
2024-01-18 11:30:00,2167.5,24.1,35.16,
2024-01-18 11:45:00,2271.0,24.1,35.94,1.0
2024-01-18 12:00:00,2210.5,24.0,35.16,
2024-01-18 12:15:00,2129.0,24.0,35.16,1.0
2024-01-18 12:30:00,2093.5,23.9,35.16,
2024-01-18 12:45:00,1955.0,23.9,35.16,1.0
2024-01-18 13:00:00,1630.0,23.9,34.375,
2024-01-18 13:15:00,1282.0,23.8,32.81,1.0
2024-01-18 13:30:00,1547.5,23.8,32.81,
2024-01-18 13:45:00,1751.0,23.9,33.98,1.0
2024-01-18 14:00:00,1981.5,23.95,34.38,
2024-01-18 14:15:00,1988.0,24.0,33.98,1.0
2024-01-18 14:30:00,2019.0,24.0,34.575,
2024-01-18 14:45:00,2050.0,24.0,34.38,1.0
2024-01-18 15:00:00,2102.5,24.0,34.38,
2024-01-18 15:15:00,2106.0,24.0,34.38,1.0
2024-01-18 15:30:00,2017.0,24.0,34.38,
2024-01-18 15:45:00,2040.0,23.9,34.38,1.0
2024-01-18 16:00:00,1970.0,23.85,34.38,
2024-01-18 16:15:00,1905.0,23.8,34.38,1.0
2024-01-18 16:30:00,1880.0,23.8,34.38,
2024-01-18 16:45:00,1884.0,23.8,34.38,1.0
2024-01-18 17:00:00,1830.5,23.8,34.575,
2024-01-18 17:15:00,1893.0,23.7,34.77,1.0
2024-01-18 17:30:00,1818.0,23.75,34.575,
2024-01-18 17:45:00,1815.0,23.8,34.38,1.0
2024-01-18 18:00:00,1749.0,23.7,34.38,
2024-01-18 18:15:00,1741.0,23.7,34.77,
2024-01-18 18:30:00,1673.0,23.7,34.38,
2024-01-18 18:45:00,1662.0,23.7,34.38,1.0
2024-01-18 19:00:00,1665.0,23.7,34.38,
2024-01-18 19:15:00,1688.0,23.7,34.575,1.0
2024-01-18 19:30:00,1587.0,23.7,34.77,
2024-01-18 19:45:00,1635.5,23.7,34.77,1.0
2024-01-18 20:00:00,1587.0,23.7,34.77,
2024-01-18 20:15:00,1609.5,23.7,34.77,1.0
2024-01-18 20:30:00,1570.0,23.7,34.77,
2024-01-18 20:45:00,1607.5,23.7,34.77,1.0
2024-01-18 21:00:00,1565.0,23.7,34.77,
2024-01-18 21:15:00,1460.0,23.7,34.77,1.0
2024-01-18 21:30:00,1442.0,23.7,34.77,
2024-01-18 21:45:00,1484.0,23.7,34.77,1.0
2024-01-18 22:00:00,1351.0,23.7,34.77,
2024-01-18 22:15:00,1486.5,23.7,34.77,1.0
2024-01-18 22:30:00,1367.0,23.7,34.77,
2024-01-18 22:45:00,1379.5,23.7,34.77,1.0
2024-01-18 23:00:00,1310.0,23.7,34.77,
2024-01-18 23:15:00,1300.5,23.7,34.575,1.0
2024-01-18 23:30:00,1351.0,23.7,34.77,
2024-01-18 23:45:00,1251.5,23.7,34.575,1.0
2024-01-19 00:00:00,1280.0,23.7,34.77,
2024-01-19 00:15:00,1283.5,23.7,34.575,1.0
2024-01-19 00:30:00,1220.0,23.7,34.77,
2024-01-19 00:45:00,1267.0,23.7,34.77,1.0
2024-01-19 01:00:00,1202.0,23.7,34.77,
2024-01-19 01:15:00,1156.0,23.7,34.38,1.0
2024-01-19 01:30:00,1228.0,23.7,34.77,
2024-01-19 01:45:00,1212.0,23.7,34.77,1.0
2024-01-19 02:00:00,1184.0,23.7,34.77,
2024-01-19 02:15:00,1205.0,23.7,34.38,1.0
2024-01-19 02:30:00,1143.0,23.7,34.77,
2024-01-19 02:45:00,1137.0,23.7,34.38,1.0
2024-01-19 03:00:00,1128.5,23.7,34.575,
2024-01-19 03:15:00,1114.0,23.7,34.77,1.0
2024-01-19 03:30:00,1082.0,23.7,34.77,
2024-01-19 03:45:00,1128.0,23.7,34.38,1.0
2024-01-19 04:00:00,1071.0,23.7,34.77,
2024-01-19 04:15:00,1085.0,23.7,34.77,1.0
2024-01-19 04:30:00,1093.0,23.7,34.77,
2024-01-19 04:45:00,1048.0,23.7,34.77,1.0
2024-01-19 05:00:00,998.0,23.7,34.38,
2024-01-19 05:15:00,978.0,23.7,34.77,1.0
2024-01-19 05:30:00,1041.5,23.7,34.77,
2024-01-19 05:45:00,998.0,23.7,34.77,1.0
2024-01-19 06:00:00,994.5,23.7,34.38,
2024-01-19 06:15:00,1002.0,23.7,34.38,1.0
2024-01-19 06:30:00,965.0,23.7,34.38,
2024-01-19 06:45:00,940.0,23.7,34.38,1.0
2024-01-19 07:00:00,905.0,23.7,34.38,
2024-01-19 07:15:00,964.0,23.7,34.38,1.0
2024-01-19 07:30:00,897.5,23.7,34.38,
2024-01-19 07:45:00,1028.0,23.6,33.2,1.0
2024-01-19 08:00:00,1274.0,23.7,34.18000000000001,
2024-01-19 08:15:00,1599.0,23.8,35.16,1.0
2024-01-19 08:30:00,1739.5,23.85,35.745,
2024-01-19 08:45:00,1921.0,23.9,36.72,1.0
2024-01-19 09:00:00,1781.5,23.9,35.94,
2024-01-19 09:15:00,1528.0,23.9,35.16,1.0
2024-01-19 09:30:00,1517.0,23.9,35.16,
2024-01-19 09:45:00,1488.0,23.9,35.16,1.0
2024-01-19 10:00:00,1469.0,23.9,35.55,
2024-01-19 10:15:00,1472.5,23.9,35.55,1.0
2024-01-19 10:30:00,1539.0,23.9,35.55,
2024-01-19 10:45:00,1516.5,23.9,35.55,1.0
2024-01-19 11:00:00,1384.0,23.9,35.55,
2024-01-19 11:15:00,1567.0,23.85,35.355,1.0
2024-01-19 11:30:00,1552.0,23.9,35.16,
2024-01-19 11:45:00,1516.0,23.8,35.16,1.0
2024-01-19 12:00:00,1644.0,23.8,35.16,
2024-01-19 12:15:00,1971.5,23.8,35.355,0.75
2024-01-19 12:30:00,2261.0,23.9,36.33,
2024-01-19 12:45:00,2259.0,23.9,36.135,1.0
2024-01-19 13:00:00,2271.0,23.9,35.94,
2024-01-19 13:15:00,2271.0,23.9,36.135,1.0
2024-01-19 13:30:00,2270.0,23.9,35.94,
2024-01-19 13:45:00,2195.5,23.9,35.94,1.0
2024-01-19 14:00:00,2128.0,23.8,35.94,
2024-01-19 14:15:00,2169.5,23.8,35.94,1.0
2024-01-19 14:30:00,2212.0,23.8,35.94,
2024-01-19 14:45:00,2088.0,23.8,35.94,1.0
2024-01-19 15:00:00,2073.0,23.8,35.94,
2024-01-19 15:15:00,2050.5,23.8,35.94,1.0
2024-01-19 15:30:00,2037.0,23.8,35.55,
2024-01-19 15:45:00,2047.5,23.8,34.77,1.0
2024-01-19 16:00:00,2024.0,23.8,34.77,
2024-01-19 16:15:00,2023.5,23.9,34.77,1.0
2024-01-19 16:30:00,2002.0,23.9,34.77,
2024-01-19 16:45:00,1970.5,23.9,34.77,1.0
2024-01-19 17:00:00,1936.0,23.9,34.77,
2024-01-19 17:15:00,1876.5,23.9,34.965,1.0
2024-01-19 17:30:00,1991.0,23.8,35.16,
2024-01-19 17:45:00,1871.0,23.9,35.16,1.0
2024-01-19 18:00:00,1858.0,23.9,35.16,
2024-01-19 18:15:00,1811.0,23.85,35.16,1.0
2024-01-19 18:30:00,1755.0,23.8,35.16,
2024-01-19 18:45:00,1849.0,23.8,35.16,1.0
2024-01-19 19:00:00,1740.0,23.8,35.16,
2024-01-19 19:15:00,1686.0,23.8,35.16,1.0
2024-01-19 19:30:00,1716.5,23.8,35.16,
2024-01-19 19:45:00,1636.0,23.8,35.16,1.0
2024-01-19 20:00:00,1726.5,23.8,35.16,
2024-01-19 20:15:00,1689.0,23.8,35.16,1.0
2024-01-19 20:30:00,1657.0,23.8,35.16,
2024-01-19 20:45:00,1627.0,23.8,35.16,1.0
2024-01-19 21:00:00,1630.0,23.8,35.16,
2024-01-19 21:15:00,1520.0,23.8,35.16,1.0
2024-01-19 21:30:00,1594.0,23.8,35.16,
2024-01-19 21:45:00,1533.0,23.8,35.55,1.0
2024-01-19 22:00:00,1556.5,23.8,35.355,
2024-01-19 22:15:00,1473.0,23.8,35.16,1.0
2024-01-19 22:30:00,1465.0,23.8,35.55,
2024-01-19 22:45:00,1558.0,23.8,35.16,1.0
2024-01-19 23:00:00,1492.5,23.8,35.16,
2024-01-19 23:15:00,1353.0,23.8,35.16,1.0
2024-01-19 23:30:00,1427.0,23.8,35.16,
2024-01-19 23:45:00,1464.0,23.8,35.16,1.0
2024-01-20 00:00:00,1390.0,23.8,35.16,
2024-01-20 00:15:00,1305.0,23.8,35.16,1.0
2024-01-20 00:30:00,1306.5,23.8,35.16,
2024-01-20 00:45:00,1295.0,23.8,35.16,1.0
2024-01-20 01:00:00,1245.5,23.8,35.16,
2024-01-20 01:15:00,1290.0,23.8,35.16,1.0
2024-01-20 01:30:00,1301.5,23.8,35.16,
2024-01-20 01:45:00,1214.0,23.8,35.16,1.0
2024-01-20 02:00:00,1196.0,23.8,35.16,
2024-01-20 02:15:00,1235.0,23.8,35.16,1.0
2024-01-20 02:30:00,1182.5,23.8,35.16,
2024-01-20 02:45:00,1249.0,23.8,35.16,1.0
2024-01-20 03:00:00,1195.0,23.8,35.16,
2024-01-20 03:15:00,1144.0,23.8,35.16,1.0
2024-01-20 03:30:00,1146.0,23.8,35.16,
2024-01-20 03:45:00,1151.5,23.8,35.16,1.0
2024-01-20 04:00:00,1090.0,23.8,35.16,
2024-01-20 04:15:00,1071.0,23.8,35.16,1.0
2024-01-20 04:30:00,1020.0,23.8,35.16,
2024-01-20 04:45:00,1071.0,23.8,35.16,1.0
2024-01-20 05:00:00,1075.0,23.8,35.16,
2024-01-20 05:15:00,1023.5,23.8,35.16,1.0
2024-01-20 05:30:00,1032.0,23.8,35.16,
2024-01-20 05:45:00,1018.5,23.8,35.16,1.0
2024-01-20 06:00:00,1042.0,23.8,35.16,
2024-01-20 06:15:00,1051.5,23.8,35.16,1.0
2024-01-20 06:30:00,992.0,23.8,35.16,
2024-01-20 06:45:00,976.0,23.8,35.16,1.0
2024-01-20 07:00:00,1037.0,23.8,35.16,
2024-01-20 07:15:00,975.0,23.8,35.16,1.0
2024-01-20 07:30:00,970.0,23.8,35.16,
2024-01-20 07:45:00,915.5,23.85,35.16,1.0
2024-01-20 08:00:00,944.0,23.8,35.16,
2024-01-20 08:15:00,905.5,23.8,35.16,1.0
2024-01-20 08:30:00,901.0,23.8,35.16,
2024-01-20 08:45:00,941.5,23.8,35.355,1.0
2024-01-20 09:00:00,936.0,23.8,35.16,
2024-01-20 09:15:00,887.0,23.8,35.355,1.0
2024-01-20 09:30:00,926.0,23.8,35.55,
2024-01-20 09:45:00,916.5,23.8,35.355,1.0
2024-01-20 10:00:00,858.0,23.8,35.16,
2024-01-20 10:15:00,890.5,23.9,35.55,1.0
2024-01-20 10:30:00,852.0,23.9,35.55,
2024-01-20 10:45:00,854.0,23.85,35.355,1.0
2024-01-20 11:00:00,848.0,23.8,35.55,
2024-01-20 11:15:00,892.5,23.8,35.355,1.0
2024-01-20 11:30:00,868.0,23.8,35.55,
2024-01-20 11:45:00,848.0,23.8,35.55,1.0
2024-01-20 12:00:00,839.5,23.9,35.55,
2024-01-20 12:15:00,859.0,23.9,35.55,1.0
2024-01-20 12:30:00,865.5,23.9,35.55,
2024-01-20 12:45:00,888.0,23.9,35.55,1.0
2024-01-20 13:00:00,853.0,23.9,35.55,
2024-01-20 13:15:00,803.0,23.9,35.55,1.0
2024-01-20 13:30:00,826.5,23.85,35.55,
2024-01-20 13:45:00,829.0,23.8,35.55,1.0
2024-01-20 14:00:00,841.5,23.8,35.55,
2024-01-20 14:15:00,868.0,23.8,35.55,1.0
2024-01-20 14:30:00,821.5,23.8,35.55,
2024-01-20 14:45:00,848.0,23.8,35.55,1.0
2024-01-20 15:00:00,789.5,23.8,35.55,
2024-01-20 15:15:00,764.0,23.8,35.55,1.0
2024-01-20 15:30:00,761.5,23.8,35.55,
2024-01-20 15:45:00,827.0,23.8,35.55,1.0
2024-01-20 16:00:00,771.0,23.8,35.55,
2024-01-20 16:15:00,747.0,23.8,35.55,1.0
2024-01-20 16:30:00,768.5,23.8,35.55,
2024-01-20 16:45:00,783.0,23.8,35.55,1.0
2024-01-20 17:00:00,820.5,23.8,35.55,
2024-01-20 17:15:00,858.0,23.8,35.55,1.0
2024-01-20 17:30:00,734.5,23.8,35.55,
2024-01-20 17:45:00,736.0,23.8,35.55,1.0
2024-01-20 18:00:00,736.0,23.8,35.55,
2024-01-20 18:15:00,731.0,23.8,35.55,1.0
2024-01-20 18:30:00,708.0,23.8,35.55,
2024-01-20 18:45:00,736.0,23.8,35.55,1.0
2024-01-20 19:00:00,696.0,23.8,35.55,
2024-01-20 19:15:00,822.0,23.8,35.55,1.0
2024-01-20 19:30:00,721.5,23.8,35.55,
2024-01-20 19:45:00,740.0,23.8,35.55,1.0
2024-01-20 20:00:00,711.5,23.8,35.55,
2024-01-20 20:15:00,709.0,23.8,35.55,1.0
2024-01-20 20:30:00,723.0,23.8,35.55,
2024-01-20 20:45:00,754.0,23.8,35.55,1.0
2024-01-20 21:00:00,755.0,23.8,35.55,
2024-01-20 21:15:00,730.0,23.8,35.55,1.0
2024-01-20 21:30:00,712.0,23.8,35.55,
2024-01-20 21:45:00,728.0,23.8,35.55,1.0
2024-01-20 22:00:00,735.0,23.8,35.55,
2024-01-20 22:15:00,747.0,23.8,35.55,1.0
2024-01-20 22:30:00,668.0,23.8,35.55,
2024-01-20 22:45:00,752.0,23.8,35.55,1.0
2024-01-20 23:00:00,730.0,23.8,35.55,
2024-01-20 23:15:00,773.0,23.8,35.55,1.0
2024-01-20 23:30:00,674.5,23.8,35.55,
2024-01-20 23:45:00,684.0,23.8,35.55,1.0
2024-01-21 00:00:00,724.5,23.8,35.55,
2024-01-21 00:15:00,748.0,23.9,35.55,1.0
2024-01-21 00:30:00,683.5,23.85,35.55,
2024-01-21 00:45:00,748.0,23.9,35.55,1.0
2024-01-21 01:00:00,735.0,23.85,35.55,
2024-01-21 01:15:00,675.0,23.8,35.55,1.0
2024-01-21 01:30:00,687.5,23.8,35.55,
2024-01-21 01:45:00,672.0,23.8,35.55,1.0
2024-01-21 02:00:00,698.0,23.8,35.55,
2024-01-21 02:15:00,722.0,23.8,35.55,1.0
2024-01-21 02:30:00,647.0,23.8,35.55,
2024-01-21 02:45:00,731.0,23.8,35.55,1.0
2024-01-21 03:00:00,700.5,23.8,35.55,
2024-01-21 03:15:00,701.0,23.8,35.55,1.0
2024-01-21 03:30:00,653.5,23.8,35.55,
2024-01-21 03:45:00,724.0,23.8,35.55,1.0
2024-01-21 04:00:00,665.0,23.8,35.55,
2024-01-21 04:15:00,698.0,23.8,35.55,1.0
2024-01-21 04:30:00,704.5,23.8,35.55,
2024-01-21 04:45:00,690.0,23.8,35.55,1.0
2024-01-21 05:00:00,623.0,23.8,35.55,
2024-01-21 05:15:00,685.0,23.8,35.55,1.0
2024-01-21 05:30:00,648.5,23.8,35.55,
2024-01-21 05:45:00,623.0,23.8,35.55,1.0
2024-01-21 06:00:00,668.0,23.8,35.55,
2024-01-21 06:15:00,674.0,23.8,35.55,1.0
2024-01-21 06:30:00,632.0,23.8,35.55,
2024-01-21 06:45:00,660.0,23.8,35.55,1.0
2024-01-21 07:00:00,659.0,23.8,35.16,
2024-01-21 07:15:00,623.0,23.8,35.16,1.0
2024-01-21 07:30:00,652.5,23.8,35.16,
2024-01-21 07:45:00,662.0,23.8,35.16,1.0
2024-01-21 08:00:00,655.0,23.8,35.16,
2024-01-21 08:15:00,571.0,23.8,35.16,1.0
2024-01-21 08:30:00,600.0,23.8,35.16,
2024-01-21 08:45:00,648.5,23.8,35.16,1.0
2024-01-21 09:00:00,627.5,23.8,35.16,
2024-01-21 09:15:00,605.0,23.8,35.16,1.0
2024-01-21 09:30:00,700.0,23.8,35.16,
2024-01-21 09:45:00,667.0,23.8,35.16,1.0
2024-01-21 10:00:00,591.0,23.8,35.16,
2024-01-21 10:15:00,640.5,23.8,35.16,1.0
2024-01-21 10:30:00,630.0,23.8,34.77,
2024-01-21 10:45:00,626.5,23.8,34.77,1.0
2024-01-21 11:00:00,696.0,23.8,34.77,
2024-01-21 11:15:00,600.5,23.8,34.77,1.0
2024-01-21 11:30:00,670.0,23.8,34.77,
2024-01-21 11:45:00,605.5,23.8,34.77,1.0
2024-01-21 12:00:00,624.0,23.8,34.77,
2024-01-21 12:15:00,580.0,23.8,34.77,1.0
2024-01-21 12:30:00,623.0,23.8,34.77,
2024-01-21 12:45:00,566.0,23.8,34.77,1.0
2024-01-21 13:00:00,625.0,23.8,34.77,
2024-01-21 13:15:00,617.0,23.8,34.77,1.0
2024-01-21 13:30:00,650.0,23.8,34.77,
2024-01-21 13:45:00,597.0,23.8,34.77,1.0
2024-01-21 14:00:00,584.0,23.8,34.77,
2024-01-21 14:15:00,579.0,23.8,34.77,1.0
2024-01-21 14:30:00,593.0,23.8,34.77,
2024-01-21 14:45:00,590.5,23.8,34.77,1.0
2024-01-21 15:00:00,632.0,23.8,34.77,
2024-01-21 15:15:00,602.5,23.8,34.77,1.0
2024-01-21 15:30:00,674.0,23.8,34.77,
2024-01-21 15:45:00,616.0,23.8,34.77,1.0
2024-01-21 16:00:00,605.0,23.8,34.77,
2024-01-21 16:15:00,601.0,23.8,34.77,1.0
2024-01-21 16:30:00,572.0,23.8,34.77,
2024-01-21 16:45:00,561.5,23.8,34.575,1.0
2024-01-21 17:00:00,562.0,23.8,34.77,
2024-01-21 17:15:00,826.0,23.8,34.77,1.0
2024-01-21 17:30:00,951.0,23.8,34.77,
2024-01-21 17:45:00,975.0,23.8,34.77,1.0
2024-01-21 18:00:00,974.0,23.8,34.77,
2024-01-21 18:15:00,960.0,23.8,34.77,1.0
2024-01-21 18:30:00,974.0,23.8,34.77,
2024-01-21 18:45:00,990.0,23.8,34.77,1.0
2024-01-21 19:00:00,959.0,23.8,34.77,
2024-01-21 19:15:00,1032.0,23.8,34.77,1.0
2024-01-21 19:30:00,911.0,23.8,34.77,
2024-01-21 19:45:00,957.0,23.8,34.77,1.0
2024-01-21 20:00:00,981.0,23.8,34.77,
2024-01-21 20:15:00,969.0,23.8,34.77,1.0
2024-01-21 20:30:00,968.0,23.8,34.77,
2024-01-21 20:45:00,985.5,23.8,34.77,1.0
2024-01-21 21:00:00,972.0,23.8,34.77,
2024-01-21 21:15:00,979.5,23.8,34.77,1.0
2024-01-21 21:30:00,973.0,23.8,34.77,
2024-01-21 21:45:00,980.0,23.8,34.77,1.0
2024-01-21 22:00:00,987.0,23.8,34.77,
2024-01-21 22:15:00,951.0,23.8,34.77,1.0
2024-01-21 22:30:00,1010.0,23.8,34.77,
2024-01-21 22:45:00,960.0,23.8,34.77,1.0
2024-01-21 23:00:00,991.5,23.8,34.77,
2024-01-21 23:15:00,984.0,23.8,34.77,1.0
2024-01-21 23:30:00,949.5,23.8,34.77,
2024-01-21 23:45:00,1009.0,23.8,34.77,1.0
2024-01-22 00:00:00,973.0,23.8,34.77,
2024-01-22 00:15:00,1055.0,23.8,34.77,1.0
2024-01-22 00:30:00,959.5,23.8,34.77,
2024-01-22 00:45:00,946.0,23.8,34.77,1.0
2024-01-22 01:00:00,916.5,23.8,34.77,
2024-01-22 01:15:00,951.0,23.8,34.77,1.0
2024-01-22 01:30:00,958.5,23.8,34.77,
2024-01-22 01:45:00,957.0,23.8,34.77,1.0
2024-01-22 02:00:00,994.5,23.8,34.77,
2024-01-22 02:15:00,944.0,23.8,34.77,1.0
2024-01-22 02:30:00,991.5,23.8,34.77,
2024-01-22 02:45:00,,,,1.0
2024-01-22 03:00:00,969.5,23.8,34.77,
2024-01-22 03:15:00,917.0,23.8,34.77,1.0
2024-01-22 03:30:00,969.5,23.8,34.77,
2024-01-22 03:45:00,971.0,23.8,34.77,1.0
2024-01-22 04:00:00,983.0,23.8,34.77,
2024-01-22 04:15:00,934.0,23.8,34.77,1.0
2024-01-22 04:30:00,918.5,23.8,34.77,
2024-01-22 04:45:00,934.0,23.8,34.77,1.0
2024-01-22 05:00:00,929.5,23.8,34.77,
2024-01-22 05:15:00,950.0,23.8,34.77,1.0
2024-01-22 05:30:00,949.5,23.8,34.77,
2024-01-22 05:45:00,905.0,23.8,34.77,1.0
2024-01-22 06:00:00,939.5,23.8,34.77,
2024-01-22 06:15:00,950.0,23.8,34.77,1.0
2024-01-22 06:30:00,959.0,23.8,35.16,
2024-01-22 06:45:00,889.0,23.8,34.965,1.0
2024-01-22 07:00:00,905.0,23.8,35.16,
2024-01-22 07:15:00,945.5,23.8,35.16,1.0
2024-01-22 07:30:00,888.0,23.8,35.16,
2024-01-22 07:45:00,1067.5,23.8,34.575,1.0
2024-01-22 08:00:00,1297.0,23.8,34.38,
2024-01-22 08:15:00,1588.5,23.9,35.55,1.0
2024-01-22 08:30:00,1698.0,23.9,35.94,
2024-01-22 08:45:00,1787.0,24.0,35.745,1.0
2024-01-22 09:00:00,1478.0,24.0,34.77,
2024-01-22 09:15:00,1771.5,24.05,35.94,1.0
2024-01-22 09:30:00,1959.0,24.1,36.72,
2024-01-22 09:45:00,2184.5,24.1,37.695,1.0
2024-01-22 10:00:00,2327.0,24.1,37.89,
2024-01-22 10:15:00,2259.5,24.1,37.5,1.0
2024-01-22 10:30:00,1941.0,24.0,36.33,
2024-01-22 10:45:00,1893.5,24.0,36.33,1.0
2024-01-22 11:00:00,1816.0,24.0,36.72,
2024-01-22 11:15:00,1813.0,23.9,36.72,1.0
2024-01-22 11:30:00,1858.0,23.9,36.72,
2024-01-22 11:45:00,1913.5,23.9,37.11,1.0
2024-01-22 12:00:00,2124.0,23.9,37.89,
2024-01-22 12:15:00,2389.0,24.0,38.865,1.0
2024-01-22 12:30:00,2593.0,24.1,39.45,
2024-01-22 12:45:00,2671.0,24.1,39.84,1.0
2024-01-22 13:00:00,2671.0,24.1,40.23,
2024-01-22 13:15:00,2671.0,24.1,40.82,1.0
2024-01-22 13:30:00,2671.0,24.1,40.23,
2024-01-22 13:45:00,2538.5,24.05,38.085,1.0
2024-01-22 14:00:00,2263.0,24.0,36.72,
2024-01-22 14:15:00,2444.0,24.0,37.5,1.0
2024-01-22 14:30:00,2417.0,24.0,37.5,
2024-01-22 14:45:00,2425.5,24.05,37.11,1.0
2024-01-22 15:00:00,2457.0,24.1,37.11,
2024-01-22 15:15:00,2384.0,24.1,37.305,1.0
2024-01-22 15:30:00,2269.0,24.1,37.11,
2024-01-22 15:45:00,2332.5,24.05,37.11,1.0
2024-01-22 16:00:00,2210.0,24.0,37.11,
2024-01-22 16:15:00,2247.0,24.0,37.11,1.0
2024-01-22 16:30:00,2261.0,24.0,37.11,
2024-01-22 16:45:00,2216.5,24.0,37.11,1.0
2024-01-22 17:00:00,2181.0,24.0,37.11,
2024-01-22 17:15:00,2138.5,24.0,37.11,1.0
2024-01-22 17:30:00,2166.0,24.0,37.11,
2024-01-22 17:45:00,2129.0,24.0,37.11,1.0
2024-01-22 18:00:00,2048.0,24.0,37.11,
2024-01-22 18:15:00,2118.5,24.0,37.11,1.0
2024-01-22 18:30:00,2087.0,24.0,37.11,
2024-01-22 18:45:00,2079.0,24.0,37.11,1.0
2024-01-22 19:00:00,2012.0,23.9,37.11,
2024-01-22 19:15:00,1962.0,24.0,37.11,1.0
2024-01-22 19:30:00,1919.5,24.0,37.11,
2024-01-22 19:45:00,1924.0,24.0,37.11,1.0
2024-01-22 20:00:00,1931.5,23.9,37.11,
2024-01-22 20:15:00,1940.0,23.9,37.11,1.0
2024-01-22 20:30:00,1877.5,23.95,37.11,
2024-01-22 20:45:00,1813.0,23.9,37.11,1.0
2024-01-22 21:00:00,1846.5,23.95,37.11,
2024-01-22 21:15:00,1902.0,23.9,37.11,1.0
2024-01-22 21:30:00,1856.0,23.9,37.11,
2024-01-22 21:45:00,1840.0,24.0,37.11,1.0
2024-01-22 22:00:00,1782.0,23.9,37.11,
2024-01-22 22:15:00,1744.0,23.9,37.11,1.0
2024-01-22 22:30:00,1717.0,23.9,37.11,
2024-01-22 22:45:00,1736.0,23.9,37.11,1.0
2024-01-22 23:00:00,1710.5,23.9,37.11,
2024-01-22 23:15:00,1719.0,23.9,37.11,1.0
2024-01-22 23:30:00,1747.0,23.9,37.11,
2024-01-22 23:45:00,1690.0,23.9,37.11,1.0
2024-01-23 00:00:00,1695.5,23.9,37.11,
2024-01-23 00:15:00,1628.0,23.9,36.72,1.0
2024-01-23 00:30:00,1681.0,23.9,36.915,
2024-01-23 00:45:00,1548.0,23.9,36.72,1.0
2024-01-23 01:00:00,1626.5,23.9,36.72,
2024-01-23 01:15:00,1617.0,23.9,36.72,1.0
2024-01-23 01:30:00,1498.0,23.9,36.72,
2024-01-23 01:45:00,1612.0,23.9,36.72,1.0
2024-01-23 02:00:00,1487.5,23.9,36.72,
2024-01-23 02:15:00,1535.0,23.9,36.72,1.0
2024-01-23 02:30:00,1460.0,23.9,36.72,
2024-01-23 02:45:00,1438.0,23.9,36.72,1.0
2024-01-23 03:00:00,1482.5,23.9,36.72,
2024-01-23 03:15:00,1524.0,23.9,36.72,1.0
2024-01-23 03:30:00,1504.5,23.9,36.72,
2024-01-23 03:45:00,1467.0,23.9,36.72,1.0
2024-01-23 04:00:00,1454.0,23.9,36.72,
2024-01-23 04:15:00,1452.0,23.9,36.72,1.0
2024-01-23 04:30:00,1409.0,23.9,36.72,
2024-01-23 04:45:00,1428.0,23.9,36.72,1.0
2024-01-23 05:00:00,1338.0,23.9,36.72,
2024-01-23 05:15:00,1393.0,23.9,36.72,1.0
2024-01-23 05:30:00,1434.0,23.9,36.72,
2024-01-23 05:45:00,1383.0,23.9,36.72,1.0
2024-01-23 06:00:00,1386.0,23.9,36.72,
2024-01-23 06:15:00,1374.0,23.9,36.72,1.0
2024-01-23 06:30:00,1394.0,23.9,36.72,
2024-01-23 06:45:00,1367.5,23.9,36.72,1.0
2024-01-23 07:00:00,1330.0,23.9,36.72,
2024-01-23 07:15:00,1309.5,23.9,36.72,1.0
2024-01-23 07:30:00,1288.0,23.9,36.72,
2024-01-23 07:45:00,1285.0,23.9,36.72,1.0
2024-01-23 08:00:00,1262.0,23.9,36.72,
2024-01-23 08:15:00,1283.5,23.9,36.525,1.0
2024-01-23 08:30:00,1259.0,23.9,36.72,
2024-01-23 08:45:00,1265.5,23.9,36.72,1.0
2024-01-23 09:00:00,1276.0,23.9,36.72,
2024-01-23 09:15:00,1276.5,23.9,36.72,1.0
2024-01-23 09:30:00,1280.0,23.9,36.72,
2024-01-23 09:45:00,1258.0,23.9,36.72,1.0
2024-01-23 10:00:00,1216.0,23.9,36.72,
2024-01-23 10:15:00,1289.0,23.9,36.72,1.0
2024-01-23 10:30:00,1209.0,23.9,36.72,
2024-01-23 10:45:00,1219.0,23.9,36.72,1.0
2024-01-23 11:00:00,1221.0,23.9,36.72,
2024-01-23 11:15:00,1239.5,23.9,36.72,1.0
2024-01-23 11:30:00,1229.0,23.9,36.72,
2024-01-23 11:45:00,1254.0,23.9,36.72,1.0
2024-01-23 12:00:00,1209.0,23.9,36.72,
2024-01-23 12:15:00,1214.0,23.9,36.72,1.0
2024-01-23 12:30:00,1265.0,23.9,36.72,
2024-01-23 12:45:00,1248.0,23.9,36.72,1.0
2024-01-23 13:00:00,1271.0,23.9,36.72,
2024-01-23 13:15:00,1197.0,23.9,36.72,1.0
2024-01-23 13:30:00,1277.5,23.9,36.72,
2024-01-23 13:45:00,1285.0,23.9,36.72,1.0
2024-01-23 14:00:00,1271.5,23.9,36.72,
2024-01-23 14:15:00,1287.0,23.9,36.72,1.0
2024-01-23 14:30:00,1272.0,23.9,36.72,
2024-01-23 14:45:00,1238.0,23.9,36.72,1.0
2024-01-23 15:00:00,1252.0,23.9,36.72,
2024-01-23 15:15:00,1286.0,23.9,36.72,1.0
2024-01-23 15:30:00,1280.0,23.9,36.72,
2024-01-23 15:45:00,1328.0,23.9,36.72,1.0
2024-01-23 16:00:00,1338.0,23.9,36.72,
2024-01-23 16:15:00,1326.0,23.9,36.72,1.0
2024-01-23 16:30:00,1281.5,23.9,36.72,
2024-01-23 16:45:00,1259.0,23.9,36.72,1.0
2024-01-23 17:00:00,1299.0,23.9,36.72,
2024-01-23 17:15:00,1359.0,23.9,36.72,1.0
2024-01-23 17:30:00,1331.0,23.9,36.915,
2024-01-23 17:45:00,1298.0,23.9,37.11,1.0
2024-01-23 18:00:00,1279.0,23.9,36.72,
2024-01-23 18:15:00,1269.0,23.9,36.72,1.0
2024-01-23 18:30:00,1316.0,23.9,36.72,
2024-01-23 18:45:00,1364.0,23.9,37.11,1.0
2024-01-23 19:00:00,1296.0,23.9,36.72,
2024-01-23 19:15:00,1286.0,23.9,36.72,1.0
2024-01-23 19:30:00,1314.0,23.9,36.72,
2024-01-23 19:45:00,1345.0,23.9,36.72,1.0
2024-01-23 20:00:00,1317.0,23.9,36.72,
2024-01-23 20:15:00,1284.0,23.9,36.72,1.0
2024-01-23 20:30:00,1338.5,23.9,36.72,
2024-01-23 20:45:00,1340.0,23.9,36.72,1.0
2024-01-23 21:00:00,1301.0,23.9,36.72,
2024-01-23 21:15:00,1319.0,23.9,36.72,1.0
2024-01-23 21:30:00,1342.0,23.9,36.72,
2024-01-23 21:45:00,1311.0,23.9,36.72,1.0
2024-01-23 22:00:00,1311.0,23.9,36.72,
2024-01-23 22:15:00,1289.5,23.9,36.72,1.0
2024-01-23 22:30:00,1326.0,23.9,36.72,
2024-01-23 22:45:00,1276.0,23.9,36.72,1.0
2024-01-23 23:00:00,1257.0,23.9,36.72,
2024-01-23 23:15:00,1276.5,23.9,36.72,1.0
2024-01-23 23:30:00,1274.0,23.9,36.72,
2024-01-23 23:45:00,1279.0,23.9,36.72,1.0
2024-01-24 00:00:00,1252.0,23.9,36.72,
2024-01-24 00:15:00,1229.5,23.9,36.72,1.0
2024-01-24 00:30:00,1257.0,23.9,36.72,
2024-01-24 00:45:00,1256.5,23.9,36.72,1.0
2024-01-24 01:00:00,1206.0,23.9,36.72,
2024-01-24 01:15:00,1243.5,23.9,36.72,1.0
2024-01-24 01:30:00,1166.0,23.9,36.72,
2024-01-24 01:45:00,1199.0,23.9,36.72,1.0
2024-01-24 02:00:00,1175.0,23.9,36.72,
2024-01-24 02:15:00,1209.0,23.9,36.72,1.0
2024-01-24 02:30:00,1196.0,23.9,36.72,
2024-01-24 02:45:00,1185.5,23.9,36.72,1.0
2024-01-24 03:00:00,1210.0,23.9,36.72,
2024-01-24 03:15:00,1196.0,23.9,36.72,1.0
2024-01-24 03:30:00,1203.0,23.8,36.72,
2024-01-24 03:45:00,1203.0,23.9,36.72,1.0
2024-01-24 04:00:00,1217.0,23.9,36.72,
2024-01-24 04:15:00,1222.0,23.85,36.72,1.0
2024-01-24 04:30:00,1194.0,23.9,36.72,
2024-01-24 04:45:00,1151.0,23.9,36.72,1.0
2024-01-24 05:00:00,1144.0,23.85,36.72,
2024-01-24 05:15:00,1139.0,23.9,36.72,1.0
2024-01-24 05:30:00,1154.5,23.85,36.72,
2024-01-24 05:45:00,1170.0,23.9,36.72,1.0
2024-01-24 06:00:00,1144.0,23.9,36.72,
2024-01-24 06:15:00,1130.0,23.9,36.72,1.0
2024-01-24 06:30:00,1182.0,23.9,36.72,
2024-01-24 06:45:00,1286.0,23.9,35.94,1.0
2024-01-24 07:00:00,1360.0,23.9,35.745,
2024-01-24 07:15:00,1409.0,23.9,35.55,1.0
2024-01-24 07:30:00,1407.5,24.0,35.55,
2024-01-24 07:45:00,1367.0,24.0,35.55,1.0
2024-01-24 08:00:00,1422.5,24.0,35.55,
2024-01-24 08:15:00,1446.0,24.1,35.94,1.0
2024-01-24 08:30:00,1381.5,24.1,35.94,
2024-01-24 08:45:00,1356.0,24.1,36.33,1.0
2024-01-24 09:00:00,1397.0,24.05,36.33,
2024-01-24 09:15:00,1357.0,24.0,36.33,1.0
2024-01-24 09:30:00,1358.5,24.0,36.72,
2024-01-24 09:45:00,1287.0,24.0,36.72,1.0
2024-01-24 10:00:00,1327.0,24.0,36.72,
2024-01-24 10:15:00,1366.0,24.0,36.72,1.0
2024-01-24 10:30:00,1418.0,24.0,37.11,
2024-01-24 10:45:00,1570.0,24.0,37.11,1.0
2024-01-24 11:00:00,1728.5,23.9,37.5,
2024-01-24 11:15:00,1657.0,24.0,37.5,1.0
2024-01-24 11:30:00,1679.5,23.95,37.5,
2024-01-24 11:45:00,1709.0,23.9,37.5,1.0
2024-01-24 12:00:00,1696.5,23.95,37.5,
2024-01-24 12:15:00,1699.0,23.9,37.5,1.0
2024-01-24 12:30:00,1998.0,23.9,38.28,
2024-01-24 12:45:00,2259.0,24.0,39.45,1.0
2024-01-24 13:00:00,2251.0,24.0,39.45,
2024-01-24 13:15:00,2118.0,24.0,38.67,1.0
2024-01-24 13:30:00,2120.0,24.0,38.28,
2024-01-24 13:45:00,2402.5,24.0,38.865,1.0
2024-01-24 14:00:00,2139.0,24.0,38.28,
2024-01-24 14:15:00,2094.5,24.0,38.28,1.0
2024-01-24 14:30:00,2046.0,24.1,38.28,
2024-01-24 14:45:00,1996.5,24.1,38.28,1.0
2024-01-24 15:00:00,2050.0,24.1,38.28,
2024-01-24 15:15:00,1982.0,24.0,38.28,1.0
2024-01-24 15:30:00,1871.0,24.0,38.28,
2024-01-24 15:45:00,1935.5,24.0,38.28,1.0
2024-01-24 16:00:00,1922.0,24.0,38.28,
2024-01-24 16:15:00,1922.5,24.0,38.28,1.0
2024-01-24 16:30:00,1814.0,24.0,38.28,
2024-01-24 16:45:00,1832.0,24.0,38.28,1.0
2024-01-24 17:00:00,1825.0,24.0,38.28,
2024-01-24 17:15:00,1815.0,24.0,38.28,1.0
2024-01-24 17:30:00,1784.0,24.0,37.89,
2024-01-24 17:45:00,1800.0,24.0,38.085,1.0
2024-01-24 18:00:00,1749.0,24.0,37.89,
2024-01-24 18:15:00,1756.0,24.0,38.085,1.0
2024-01-24 18:30:00,1683.0,24.0,38.28,
2024-01-24 18:45:00,1741.5,24.0,37.89,1.0
2024-01-24 19:00:00,1699.0,24.0,37.89,
2024-01-24 19:15:00,1694.0,24.0,37.89,1.0
2024-01-24 19:30:00,1668.0,24.0,37.89,
2024-01-24 19:45:00,1620.0,24.0,37.89,1.0
2024-01-24 20:00:00,1699.0,24.0,37.89,
2024-01-24 20:15:00,1613.5,24.0,37.89,1.0
2024-01-24 20:30:00,1626.0,24.0,37.89,
2024-01-24 20:45:00,1603.0,24.0,37.89,1.0
2024-01-24 21:00:00,1585.0,24.0,37.89,
2024-01-24 21:15:00,1501.0,24.0,37.89,1.0
2024-01-24 21:30:00,1551.0,24.0,37.89,
2024-01-24 21:45:00,1533.0,24.0,37.89,1.0
2024-01-24 22:00:00,1573.5,24.0,37.89,
2024-01-24 22:15:00,1525.0,24.0,37.89,1.0
2024-01-24 22:30:00,1527.0,24.0,37.89,
2024-01-24 22:45:00,1539.0,24.0,37.89,1.0
2024-01-24 23:00:00,1483.0,24.0,37.695,
2024-01-24 23:15:00,1505.0,24.0,37.5,1.0
2024-01-24 23:30:00,1460.0,24.0,37.695,
2024-01-24 23:45:00,1463.0,24.0,37.5,1.0
2024-01-25 00:00:00,1440.5,24.0,37.5,
2024-01-25 00:15:00,1465.0,24.0,37.5,1.0
2024-01-25 00:30:00,1427.5,24.0,37.5,
2024-01-25 00:45:00,1410.0,24.0,37.5,1.0
2024-01-25 01:00:00,1402.5,24.0,37.5,
2024-01-25 01:15:00,1403.0,24.0,37.5,1.0
2024-01-25 01:30:00,1357.0,24.0,37.5,
2024-01-25 01:45:00,1334.0,24.0,37.5,1.0
2024-01-25 02:00:00,1361.0,24.0,37.5,
2024-01-25 02:15:00,1349.0,24.0,37.5,1.0
2024-01-25 02:30:00,1340.0,24.0,37.5,
2024-01-25 02:45:00,1319.0,24.0,37.5,1.0
2024-01-25 03:00:00,1360.0,24.0,37.5,
2024-01-25 03:15:00,1304.0,23.9,37.5,1.0
2024-01-25 03:30:00,1341.0,23.9,37.5,
2024-01-25 03:45:00,1277.0,23.9,37.5,1.0
2024-01-25 04:00:00,1330.0,23.95,37.5,
2024-01-25 04:15:00,1275.0,23.9,37.5,1.0
2024-01-25 04:30:00,1298.5,23.95,37.305,
2024-01-25 04:45:00,1234.0,23.9,37.5,1.0
2024-01-25 05:00:00,1224.5,23.95,37.305,
2024-01-25 05:15:00,1205.0,24.0,37.5,1.0
2024-01-25 05:30:00,1266.0,23.9,37.11,
2024-01-25 05:45:00,1222.5,24.0,37.11,1.0
2024-01-25 06:00:00,1222.0,24.0,37.11,
2024-01-25 06:15:00,1239.5,24.0,37.11,1.0
2024-01-25 06:30:00,1289.0,24.0,37.11,
2024-01-25 06:45:00,1180.5,23.9,37.11,1.0
2024-01-25 07:00:00,1273.0,23.9,37.11,
2024-01-25 07:15:00,1182.5,23.95,37.11,1.0
2024-01-25 07:30:00,1230.0,23.9,37.11,
2024-01-25 07:45:00,1171.5,23.95,37.11,1.0
2024-01-25 08:00:00,1329.0,24.0,36.33,
2024-01-25 08:15:00,1470.0,24.0,36.525,0.25
2024-01-25 08:30:00,1386.0,23.9,35.16,0.0
2024-01-25 08:45:00,1585.0,24.0,35.94,0.25
2024-01-25 09:00:00,1531.0,23.9,35.55,
2024-01-25 09:15:00,1682.5,23.8,37.695,0.0
2024-01-25 09:30:00,1819.0,23.7,41.41,
2024-01-25 09:45:00,1696.5,23.65,39.26,0.0
2024-01-25 10:00:00,1292.0,23.3,33.59,
2024-01-25 10:15:00,1314.0,23.15,33.595,1.0
2024-01-25 10:30:00,1551.0,23.3,35.55,
2024-01-25 10:45:00,1922.5,23.6,37.305,0.6666666666666666
2024-01-25 11:00:00,2424.0,23.7,39.06,1.0
2024-01-25 11:15:00,2031.5,23.7,37.305,1.0
2024-01-25 11:30:00,1877.0,23.6,37.11,
2024-01-25 11:45:00,1893.5,23.6,37.11,1.0
2024-01-25 12:00:00,2021.0,23.5,37.89,
2024-01-25 12:15:00,2120.0,23.5,39.255,0.0
2024-01-25 12:30:00,1761.0,23.5,37.89,
2024-01-25 12:45:00,1766.5,23.4,37.11,0.0
2024-01-25 13:00:00,1788.0,23.4,37.11,
2024-01-25 13:15:00,1840.5,23.4,37.11,0.0
2024-01-25 13:30:00,2045.0,23.4,37.5,1.0
2024-01-25 13:45:00,2054.0,23.4,37.5,1.0
2024-01-25 14:00:00,2054.0,23.4,37.5,
2024-01-25 14:15:00,2061.0,23.4,37.5,1.0
2024-01-25 14:30:00,2069.5,23.35,37.5,
2024-01-25 14:45:00,1928.0,23.3,37.5,1.0
2024-01-25 15:00:00,1967.0,23.3,37.695,
2024-01-25 15:15:00,1957.0,23.2,37.89,1.0
2024-01-25 15:30:00,1969.0,23.2,37.89,
2024-01-25 15:45:00,1972.0,23.2,37.89,1.0
2024-01-25 16:00:00,1941.5,23.15,37.89,
2024-01-25 16:15:00,1927.0,23.1,37.89,1.0
2024-01-25 16:30:00,1903.0,23.1,37.89,
2024-01-25 16:45:00,1863.0,23.1,37.89,1.0
2024-01-25 17:00:00,1917.0,23.0,38.28,
2024-01-25 17:15:00,1881.0,23.0,38.28,1.0
2024-01-25 17:30:00,1883.0,23.0,38.28,
2024-01-25 17:45:00,1867.0,23.0,38.28,1.0
2024-01-25 18:00:00,1829.5,23.0,38.28,
2024-01-25 18:15:00,1778.0,23.0,38.28,1.0
2024-01-25 18:30:00,1791.0,22.9,38.28,
2024-01-25 18:45:00,1790.0,22.9,38.28,1.0
2024-01-25 19:00:00,1808.5,22.9,38.28,
2024-01-25 19:15:00,1741.0,22.9,38.28,1.0
2024-01-25 19:30:00,1716.5,22.9,38.28,
2024-01-25 19:45:00,1728.0,22.9,38.28,1.0
2024-01-25 20:00:00,1752.0,22.8,38.28,
2024-01-25 20:15:00,1672.0,22.8,38.28,1.0
2024-01-25 20:30:00,1745.5,22.8,38.28,
2024-01-25 20:45:00,1740.0,22.8,38.28,1.0
2024-01-25 21:00:00,1709.5,22.8,38.28,
2024-01-25 21:15:00,1713.0,22.8,38.67,1.0
2024-01-25 21:30:00,1703.5,22.75,38.28,
2024-01-25 21:45:00,1679.0,22.7,38.28,1.0
2024-01-25 22:00:00,1704.0,22.7,38.28,
2024-01-25 22:15:00,1716.0,22.7,38.67,1.0
2024-01-25 22:30:00,1730.0,22.7,38.67,
2024-01-25 22:45:00,1656.0,22.7,38.67,1.0
2024-01-25 23:00:00,1694.0,22.7,38.28,
2024-01-25 23:15:00,1659.0,22.7,38.67,1.0
2024-01-25 23:30:00,1735.0,22.7,38.67,
2024-01-25 23:45:00,1679.0,22.7,38.67,1.0
2024-01-26 00:00:00,1651.0,22.7,38.67,
2024-01-26 00:15:00,1637.5,22.6,38.67,1.0
2024-01-26 00:30:00,1609.0,22.6,38.67,
2024-01-26 00:45:00,1645.0,22.6,38.67,1.0
2024-01-26 01:00:00,1692.0,22.6,38.67,
2024-01-26 01:15:00,1620.5,22.6,38.67,1.0
2024-01-26 01:30:00,1619.0,22.6,38.67,
2024-01-26 01:45:00,1594.0,22.6,38.67,1.0
2024-01-26 02:00:00,1539.0,22.6,38.67,
2024-01-26 02:15:00,1588.0,22.6,38.67,1.0
2024-01-26 02:30:00,1531.0,22.6,38.67,
2024-01-26 02:45:00,1582.0,22.6,38.67,1.0
2024-01-26 03:00:00,1586.0,22.6,38.67,
2024-01-26 03:15:00,1582.5,22.5,38.67,1.0
2024-01-26 03:30:00,1414.0,22.5,38.67,
2024-01-26 03:45:00,1549.0,22.5,38.67,1.0
2024-01-26 04:00:00,1520.0,22.5,38.67,
2024-01-26 04:15:00,1485.5,22.5,38.67,1.0
2024-01-26 04:30:00,1459.0,22.5,38.67,
2024-01-26 04:45:00,1499.5,22.5,38.67,1.0
2024-01-26 05:00:00,1497.0,22.5,38.67,
2024-01-26 05:15:00,1483.0,22.5,38.475,1.0
2024-01-26 05:30:00,1466.0,22.5,38.67,
2024-01-26 05:45:00,1482.0,22.5,38.67,1.0
2024-01-26 06:00:00,1438.0,22.5,38.28,
2024-01-26 06:15:00,1448.5,22.5,38.67,1.0
2024-01-26 06:30:00,1406.0,22.5,38.67,
2024-01-26 06:45:00,1463.0,22.5,38.67,1.0
2024-01-26 07:00:00,1390.0,22.5,38.67,
2024-01-26 07:15:00,1433.0,22.5,38.67,1.0
2024-01-26 07:30:00,1427.0,22.4,38.67,
2024-01-26 07:45:00,1388.0,22.4,38.67,1.0
2024-01-26 08:00:00,1263.5,22.45,37.305,
2024-01-26 08:15:00,1892.0,22.6,39.45,1.0
2024-01-26 08:30:00,2117.5,22.65,40.230000000000004,
2024-01-26 08:45:00,1753.0,22.6,39.06,1.0
2024-01-26 09:00:00,1935.0,22.7,39.45,
2024-01-26 09:15:00,2214.0,22.7,40.62,1.0
2024-01-26 09:30:00,2614.5,22.7,41.605,
2024-01-26 09:45:00,2671.0,22.7,42.19,1.0
2024-01-26 10:00:00,2393.5,22.7,41.209999999999994,
2024-01-26 10:15:00,2671.0,22.8,42.58,1.0
2024-01-26 10:30:00,2671.0,22.8,42.775,
2024-01-26 10:45:00,2671.0,22.8,42.97,1.0
2024-01-26 11:00:00,2671.0,22.8,42.97,
2024-01-26 11:15:00,2671.0,22.8,43.75,1.0
2024-01-26 11:30:00,2671.0,22.8,44.335,
2024-01-26 11:45:00,2671.0,22.8,44.14,1.0
2024-01-26 12:00:00,2671.0,22.8,42.97,
2024-01-26 12:15:00,2442.0,22.8,41.41,1.0
2024-01-26 12:30:00,2625.5,22.8,43.165,
2024-01-26 12:45:00,2671.0,22.8,44.53,1.0
2024-01-26 13:00:00,2671.0,22.8,44.725,
2024-01-26 13:15:00,2671.0,22.8,44.14,1.0
2024-01-26 13:30:00,2671.0,22.85,45.7,
2024-01-26 13:45:00,2671.0,22.8,45.31,1.0
2024-01-26 14:00:00,2671.0,22.8,45.115,
2024-01-26 14:15:00,2671.0,22.8,44.92,1.0
2024-01-26 14:30:00,2671.0,22.7,44.92,
2024-01-26 14:45:00,2671.0,22.7,44.53,1.0
2024-01-26 15:00:00,2671.0,22.7,44.14,
2024-01-26 15:15:00,2671.0,22.6,44.14,1.0
2024-01-26 15:30:00,2671.0,22.6,43.75,
2024-01-26 15:45:00,2671.0,22.6,43.75,1.0
2024-01-26 16:00:00,2671.0,22.6,43.36,
2024-01-26 16:15:00,2671.0,22.55,43.36,1.0
2024-01-26 16:30:00,2671.0,22.6,42.97,
2024-01-26 16:45:00,2671.0,22.6,42.97,1.0
2024-01-26 17:00:00,2671.0,22.5,42.97,
2024-01-26 17:15:00,2671.0,22.5,42.97,1.0
2024-01-26 17:30:00,2671.0,22.5,42.58,
2024-01-26 17:45:00,2668.5,22.5,42.58,1.0
2024-01-26 18:00:00,2671.0,22.5,42.58,
2024-01-26 18:15:00,2637.0,22.5,42.385,1.0
2024-01-26 18:30:00,2611.0,22.5,42.19,
2024-01-26 18:45:00,2535.5,22.5,42.19,1.0
2024-01-26 19:00:00,2509.0,22.5,42.19,
2024-01-26 19:15:00,2506.5,22.5,41.8,1.0
2024-01-26 19:30:00,2493.0,22.5,41.8,
2024-01-26 19:45:00,2541.5,22.5,41.8,1.0
2024-01-26 20:00:00,2351.0,22.5,41.8,
2024-01-26 20:15:00,2377.5,22.5,41.41,1.0
2024-01-26 20:30:00,2342.0,22.5,41.41,
2024-01-26 20:45:00,2316.0,22.5,41.41,1.0
2024-01-26 21:00:00,2272.0,22.5,41.41,
2024-01-26 21:15:00,2262.0,22.5,41.41,1.0
2024-01-26 21:30:00,2278.0,22.5,41.02,
2024-01-26 21:45:00,2198.0,22.5,41.02,1.0
2024-01-26 22:00:00,2183.0,22.5,41.02,
2024-01-26 22:15:00,2101.5,22.5,41.02,1.0
2024-01-26 22:30:00,2118.0,22.5,41.02,
2024-01-26 22:45:00,2135.0,22.5,41.02,1.0
2024-01-26 23:00:00,2075.0,22.4,40.62,
2024-01-26 23:15:00,2057.0,22.4,40.62,1.0
2024-01-26 23:30:00,2028.5,22.4,40.62,
2024-01-26 23:45:00,1899.0,22.4,40.62,1.0
2024-01-27 00:00:00,1955.5,22.4,40.62,
2024-01-27 00:15:00,1932.0,22.4,40.62,1.0
2024-01-27 00:30:00,1961.0,22.4,40.425,
2024-01-27 00:45:00,1919.0,22.4,40.23,1.0
2024-01-27 01:00:00,1920.0,22.4,40.23,
2024-01-27 01:15:00,,,,1.0
2024-01-27 01:30:00,1813.0,22.4,40.23,
2024-01-27 01:45:00,1842.0,22.4,40.23,1.0
2024-01-27 02:00:00,1822.5,22.4,40.23,
2024-01-27 02:15:00,1762.0,22.4,40.23,1.0
2024-01-27 02:30:00,1779.5,22.4,40.23,
2024-01-27 02:45:00,1762.0,22.4,40.23,1.0
2024-01-27 03:00:00,1721.0,22.4,40.23,
2024-01-27 03:15:00,1797.0,22.4,39.84,1.0
2024-01-27 03:30:00,1761.0,22.4,39.84,
2024-01-27 03:45:00,1715.0,22.4,39.84,1.0
2024-01-27 04:00:00,1696.5,22.4,39.84,
2024-01-27 04:15:00,1636.0,22.4,39.84,1.0
2024-01-27 04:30:00,1670.5,22.4,39.84,
2024-01-27 04:45:00,1696.0,22.4,39.84,1.0
2024-01-27 05:00:00,1646.5,22.4,39.84,
2024-01-27 05:15:00,1616.0,22.4,39.84,1.0
2024-01-27 05:30:00,1611.5,22.4,39.84,
2024-01-27 05:45:00,,,,1.0
2024-01-27 06:00:00,1649.5,22.4,39.84,
2024-01-27 06:15:00,1566.0,22.4,39.84,1.0
2024-01-27 06:30:00,1578.0,22.4,39.84,
2024-01-27 06:45:00,1613.0,22.4,39.84,1.0
2024-01-27 07:00:00,1584.5,22.4,39.84,
2024-01-27 07:15:00,1518.0,22.4,39.84,1.0
2024-01-27 07:30:00,1595.0,22.4,39.84,
2024-01-27 07:45:00,1597.5,22.4,39.84,1.0
2024-01-27 08:00:00,1528.0,22.4,39.84,
2024-01-27 08:15:00,1556.0,22.4,39.84,1.0
2024-01-27 08:30:00,1534.0,22.4,39.84,
2024-01-27 08:45:00,1496.0,22.4,39.645,1.0
2024-01-27 09:00:00,1551.0,22.4,39.45,
2024-01-27 09:15:00,1493.5,22.4,39.84,1.0
2024-01-27 09:30:00,1501.0,22.4,39.84,
2024-01-27 09:45:00,1508.5,22.4,39.45,1.0
2024-01-27 10:00:00,1463.0,22.4,39.45,
2024-01-27 10:15:00,1535.5,22.4,39.645,1.0
2024-01-27 10:30:00,1468.0,22.4,39.45,
2024-01-27 10:45:00,1419.5,22.4,39.45,1.0
2024-01-27 11:00:00,1398.0,22.5,39.45,
2024-01-27 11:15:00,1445.5,22.45,39.45,1.0
2024-01-27 11:30:00,1448.0,22.5,39.45,
2024-01-27 11:45:00,1399.5,22.45,39.45,1.0
2024-01-27 12:00:00,1381.0,22.5,39.45,
2024-01-27 12:15:00,1399.5,22.5,39.45,1.0
2024-01-27 12:30:00,1369.0,22.5,39.45,
2024-01-27 12:45:00,1397.0,22.45,39.45,1.0
2024-01-27 13:00:00,1408.0,22.4,39.45,
2024-01-27 13:15:00,1303.0,22.4,39.45,1.0
2024-01-27 13:30:00,1339.0,22.4,39.45,
2024-01-27 13:45:00,1352.5,22.45,39.45,1.0
2024-01-27 14:00:00,1361.0,22.4,39.45,
2024-01-27 14:15:00,1372.0,22.4,39.45,1.0
2024-01-27 14:30:00,1356.0,22.4,39.45,
2024-01-27 14:45:00,1307.5,22.4,39.45,1.0
2024-01-27 15:00:00,1356.0,22.4,39.45,
2024-01-27 15:15:00,1322.0,22.4,39.45,1.0
2024-01-27 15:30:00,1279.5,22.4,39.45,
2024-01-27 15:45:00,1327.0,22.4,39.45,1.0
2024-01-27 16:00:00,1333.0,22.4,39.645,
2024-01-27 16:15:00,1281.0,22.4,39.45,1.0
2024-01-27 16:30:00,1257.0,22.4,39.45,
2024-01-27 16:45:00,1269.0,22.4,39.45,1.0
2024-01-27 17:00:00,1320.0,22.4,39.645,
2024-01-27 17:15:00,1296.0,22.4,39.45,1.0
2024-01-27 17:30:00,1298.0,22.4,39.45,
2024-01-27 17:45:00,1334.0,22.4,39.45,1.0
2024-01-27 18:00:00,1255.0,22.4,39.45,
2024-01-27 18:15:00,1364.0,22.4,39.45,1.0
2024-01-27 18:30:00,1231.5,22.4,39.45,
2024-01-27 18:45:00,1269.0,22.4,39.45,1.0
2024-01-27 19:00:00,1283.5,22.4,39.45,
2024-01-27 19:15:00,1327.0,22.4,39.45,1.0
2024-01-27 19:30:00,1258.5,22.4,39.45,
2024-01-27 19:45:00,1242.0,22.4,39.45,1.0
2024-01-27 20:00:00,1246.0,22.4,39.45,
2024-01-27 20:15:00,1273.0,22.4,39.45,1.0
2024-01-27 20:30:00,1280.0,22.4,39.45,
2024-01-27 20:45:00,1218.0,22.4,39.45,1.0
2024-01-27 21:00:00,1216.5,22.4,39.45,
2024-01-27 21:15:00,1262.0,22.4,39.45,1.0
2024-01-27 21:30:00,1218.0,22.4,39.45,
2024-01-27 21:45:00,1223.0,22.4,39.45,1.0
2024-01-27 22:00:00,1208.5,22.4,39.45,
2024-01-27 22:15:00,1167.0,22.4,39.45,1.0
2024-01-27 22:30:00,1208.0,22.4,39.45,
2024-01-27 22:45:00,1215.0,22.4,39.45,1.0
2024-01-27 23:00:00,1223.0,22.4,39.45,
2024-01-27 23:15:00,1221.5,22.4,39.45,1.0
2024-01-27 23:30:00,1217.0,22.4,39.45,
2024-01-27 23:45:00,1191.0,22.4,39.45,1.0
2024-01-28 00:00:00,1172.0,22.4,39.84,
2024-01-28 00:15:00,1233.0,22.4,39.45,1.0
2024-01-28 00:30:00,1191.0,22.4,39.45,
2024-01-28 00:45:00,1193.5,22.4,39.45,1.0
2024-01-28 01:00:00,1249.0,22.4,39.45,
2024-01-28 01:15:00,1156.0,22.4,39.45,1.0
2024-01-28 01:30:00,1127.0,22.4,39.45,
2024-01-28 01:45:00,1163.0,22.4,39.45,1.0
2024-01-28 02:00:00,,,,
2024-01-28 02:15:00,1138.0,22.4,39.45,1.0
2024-01-28 02:30:00,1104.0,22.4,39.45,
2024-01-28 02:45:00,1149.5,22.4,39.45,1.0
2024-01-28 03:00:00,1212.0,22.4,39.45,
2024-01-28 03:15:00,1140.0,22.4,39.45,1.0
2024-01-28 03:30:00,1146.0,22.4,39.45,
2024-01-28 03:45:00,1176.0,22.4,39.45,1.0
2024-01-28 04:00:00,1142.0,22.4,39.45,
2024-01-28 04:15:00,1139.5,22.4,39.45,1.0
2024-01-28 04:30:00,1176.0,22.4,39.45,
2024-01-28 04:45:00,1126.0,22.4,39.45,1.0
2024-01-28 05:00:00,1126.0,22.4,39.45,
2024-01-28 05:15:00,1128.0,22.4,39.45,1.0
2024-01-28 05:30:00,1145.0,22.4,39.45,
2024-01-28 05:45:00,1088.5,22.4,39.45,1.0
2024-01-28 06:00:00,1076.0,22.4,39.45,
2024-01-28 06:15:00,1109.0,22.4,39.45,1.0
2024-01-28 06:30:00,1126.0,22.4,39.45,
2024-01-28 06:45:00,1122.0,22.4,39.45,1.0
2024-01-28 07:00:00,1110.0,22.4,39.45,
2024-01-28 07:15:00,1124.0,22.4,39.45,1.0
2024-01-28 07:30:00,1133.5,22.4,39.45,
2024-01-28 07:45:00,1089.0,22.4,39.45,1.0
2024-01-28 08:00:00,1112.0,22.4,39.45,
2024-01-28 08:15:00,1124.0,22.4,39.45,1.0
2024-01-28 08:30:00,1091.0,22.4,39.45,
2024-01-28 08:45:00,1074.0,22.4,39.45,1.0
2024-01-28 09:00:00,1089.0,22.4,39.45,
2024-01-28 09:15:00,1090.0,22.4,39.45,1.0
2024-01-28 09:30:00,1104.5,22.4,39.45,
2024-01-28 09:45:00,1036.0,22.4,39.45,1.0
2024-01-28 10:00:00,1120.0,22.4,39.45,
2024-01-28 10:15:00,1085.0,22.4,39.45,1.0
2024-01-28 10:30:00,1097.0,22.4,39.45,
2024-01-28 10:45:00,1064.0,22.4,39.45,1.0
2024-01-28 11:00:00,1078.5,22.4,39.45,
2024-01-28 11:15:00,1071.0,22.4,39.45,1.0
2024-01-28 11:30:00,1038.5,22.4,39.45,
2024-01-28 11:45:00,1074.0,22.4,39.45,1.0
2024-01-28 12:00:00,1069.0,22.4,39.45,
2024-01-28 12:15:00,1076.0,22.4,39.45,1.0
2024-01-28 12:30:00,1065.5,22.4,39.45,
2024-01-28 12:45:00,1085.0,22.4,39.45,1.0
2024-01-28 13:00:00,1075.0,22.4,39.45,
2024-01-28 13:15:00,1011.0,22.4,39.45,1.0
2024-01-28 13:30:00,1071.5,22.4,39.45,
2024-01-28 13:45:00,1114.0,22.4,39.45,1.0
2024-01-28 14:00:00,1050.0,22.4,39.45,
2024-01-28 14:15:00,1065.0,22.5,39.45,1.0
2024-01-28 14:30:00,1028.0,22.4,39.45,
2024-01-28 14:45:00,1090.0,22.4,39.45,1.0
2024-01-28 15:00:00,1057.5,22.4,39.45,
2024-01-28 15:15:00,1004.0,22.4,39.45,1.0
2024-01-28 15:30:00,1102.0,22.4,39.45,
2024-01-28 15:45:00,1076.0,22.4,39.45,1.0
2024-01-28 16:00:00,1059.0,22.4,39.45,
2024-01-28 16:15:00,1049.5,22.4,39.45,1.0
2024-01-28 16:30:00,1059.0,22.4,39.45,
2024-01-28 16:45:00,976.5,22.4,39.45,1.0
2024-01-28 17:00:00,1055.0,22.4,39.45,
2024-01-28 17:15:00,1046.5,22.4,39.255,1.0
2024-01-28 17:30:00,1045.0,22.4,39.45,
2024-01-28 17:45:00,1034.5,22.4,39.255,1.0
2024-01-28 18:00:00,1083.0,22.4,39.06,
2024-01-28 18:15:00,1002.0,22.4,39.255,1.0
2024-01-28 18:30:00,1050.0,22.4,39.06,
2024-01-28 18:45:00,1078.5,22.4,39.06,1.0
2024-01-28 19:00:00,1059.0,22.4,39.06,
2024-01-28 19:15:00,1046.5,22.4,39.06,1.0
2024-01-28 19:30:00,1094.0,22.4,39.06,
2024-01-28 19:45:00,1049.0,22.4,39.255,1.0
2024-01-28 20:00:00,1085.0,22.3,39.06,
2024-01-28 20:15:00,1048.0,22.4,39.06,1.0
2024-01-28 20:30:00,1038.0,22.3,39.06,
2024-01-28 20:45:00,1041.5,22.35,39.06,1.0
2024-01-28 21:00:00,1108.0,22.4,39.06,
2024-01-28 21:15:00,995.5,22.35,39.06,1.0
2024-01-28 21:30:00,1050.0,22.4,39.06,
2024-01-28 21:45:00,1022.0,22.35,39.06,1.0
2024-01-28 22:00:00,1018.0,22.3,39.06,
2024-01-28 22:15:00,1012.0,22.3,39.06,1.0
2024-01-28 22:30:00,993.0,22.4,39.06,
2024-01-28 22:45:00,1032.0,22.4,39.06,1.0
2024-01-28 23:00:00,1005.0,22.3,39.06,
2024-01-28 23:15:00,1040.0,22.3,39.06,1.0
2024-01-28 23:30:00,980.0,22.3,39.06,
2024-01-28 23:45:00,1037.0,22.3,39.06,1.0
2024-01-29 00:00:00,1011.0,22.3,39.06,
2024-01-29 00:15:00,1058.0,22.3,39.06,1.0
2024-01-29 00:30:00,1000.5,22.3,39.06,
2024-01-29 00:45:00,1037.0,22.3,39.06,1.0
2024-01-29 01:00:00,999.5,22.3,39.06,
2024-01-29 01:15:00,998.0,22.3,39.06,1.0
2024-01-29 01:30:00,1016.5,22.3,39.06,
2024-01-29 01:45:00,1012.0,22.3,39.06,1.0
2024-01-29 02:00:00,1036.0,22.3,39.06,
2024-01-29 02:15:00,921.0,22.3,39.06,1.0
2024-01-29 02:30:00,993.0,22.3,39.06,
2024-01-29 02:45:00,1023.0,22.3,39.06,1.0
2024-01-29 03:00:00,991.5,22.3,39.06,
2024-01-29 03:15:00,992.0,22.3,39.06,1.0
2024-01-29 03:30:00,974.5,22.3,39.06,
2024-01-29 03:45:00,1005.0,22.3,39.06,1.0
2024-01-29 04:00:00,1011.0,22.3,39.06,
2024-01-29 04:15:00,971.0,22.3,39.06,1.0
2024-01-29 04:30:00,982.0,22.3,39.06,
2024-01-29 04:45:00,998.0,22.3,39.06,1.0
2024-01-29 05:00:00,977.5,22.3,39.06,
2024-01-29 05:15:00,994.0,22.3,39.06,1.0
2024-01-29 05:30:00,1008.5,22.3,39.06,
2024-01-29 05:45:00,953.0,22.3,39.06,1.0
2024-01-29 06:00:00,980.0,22.3,39.06,
2024-01-29 06:15:00,1054.0,22.3,39.06,1.0
2024-01-29 06:30:00,1000.5,22.3,39.06,
2024-01-29 06:45:00,969.0,22.3,39.06,1.0
2024-01-29 07:00:00,1009.5,22.3,39.06,
2024-01-29 07:15:00,933.0,22.3,39.06,1.0
2024-01-29 07:30:00,966.0,22.3,38.67,
2024-01-29 07:45:00,994.0,22.3,38.67,1.0
2024-01-29 08:00:00,973.0,22.3,38.67,
2024-01-29 08:15:00,1010.0,22.3,38.475,1.0
2024-01-29 08:30:00,1333.0,22.4,37.5,
2024-01-29 08:45:00,1973.5,22.45,41.405,1.0
2024-01-29 09:00:00,1697.0,22.5,38.67,
2024-01-29 09:15:00,1602.0,22.5,37.11,1.0
2024-01-29 09:30:00,1859.0,22.6,38.28,
2024-01-29 09:45:00,2157.0,22.65,38.67,1.0
2024-01-29 10:00:00,2181.0,22.7,39.45,
2024-01-29 10:15:00,2194.5,22.6,39.45,1.0
2024-01-29 10:30:00,2194.0,22.6,39.45,
2024-01-29 10:45:00,2102.0,22.6,39.45,1.0
2024-01-29 11:00:00,2100.0,22.6,39.84,
2024-01-29 11:15:00,2154.0,22.6,39.84,1.0
2024-01-29 11:30:00,2134.0,22.6,39.84,
2024-01-29 11:45:00,2260.5,22.6,38.865,1.0
2024-01-29 12:00:00,2512.0,22.7,39.45,
2024-01-29 12:15:00,2540.0,22.7,39.255,1.0
2024-01-29 12:30:00,2612.0,22.7,39.45,
2024-01-29 12:45:00,2473.0,22.7,39.45,1.0
2024-01-29 13:00:00,2608.0,22.6,39.45,
2024-01-29 13:15:00,2526.0,22.65,39.84,1.0
2024-01-29 13:30:00,2589.0,22.6,39.84,0.5
2024-01-29 13:45:00,2410.5,22.65,38.67,1.0
2024-01-29 14:00:00,2671.0,22.8,41.02,
2024-01-29 14:15:00,2671.0,22.9,41.8,1.0
2024-01-29 14:30:00,2671.0,22.9,41.41,
2024-01-29 14:45:00,2671.0,22.85,41.41,1.0
2024-01-29 15:00:00,2671.0,22.8,41.02,
2024-01-29 15:15:00,2671.0,22.75,41.215,1.0
2024-01-29 15:30:00,2671.0,22.7,41.02,
2024-01-29 15:45:00,2671.0,22.7,41.02,1.0
2024-01-29 16:00:00,2671.0,22.6,41.02,
2024-01-29 16:15:00,2671.0,22.6,41.02,1.0
2024-01-29 16:30:00,2671.0,22.6,41.02,
2024-01-29 16:45:00,2671.0,22.6,41.02,1.0
2024-01-29 17:00:00,2671.0,22.55,41.02,
2024-01-29 17:15:00,2671.0,22.6,41.02,1.0
2024-01-29 17:30:00,2239.0,22.5,41.02,
2024-01-29 17:45:00,2239.0,22.5,40.62,1.0
2024-01-29 18:00:00,2239.0,22.5,40.62,
2024-01-29 18:15:00,2239.0,22.5,40.62,1.0
2024-01-29 18:30:00,2239.0,22.5,40.62,
2024-01-29 18:45:00,2239.0,22.5,40.62,1.0
2024-01-29 19:00:00,2239.0,22.5,40.62,
2024-01-29 19:15:00,2239.0,22.5,40.62,1.0
2024-01-29 19:30:00,2239.0,22.5,40.62,
2024-01-29 19:45:00,2239.0,22.5,40.62,1.0
2024-01-29 20:00:00,2239.0,22.5,40.62,
2024-01-29 20:15:00,2239.0,22.5,40.62,1.0
2024-01-29 20:30:00,2239.0,22.5,40.425,
2024-01-29 20:45:00,2239.0,22.5,40.23,1.0
2024-01-29 21:00:00,2237.5,22.5,40.23,
2024-01-29 21:15:00,2239.0,22.5,40.23,1.0
2024-01-29 21:30:00,2213.5,22.5,40.23,
2024-01-29 21:45:00,2239.0,22.5,40.23,1.0
2024-01-29 22:00:00,2224.0,22.5,40.23,
2024-01-29 22:15:00,2200.0,22.5,40.23,1.0
2024-01-29 22:30:00,2165.0,22.5,40.23,
2024-01-29 22:45:00,2209.0,22.5,40.23,1.0
2024-01-29 23:00:00,2110.5,22.5,40.23,
2024-01-29 23:15:00,2169.0,22.5,40.23,1.0
2024-01-29 23:30:00,2134.0,22.5,40.23,
2024-01-29 23:45:00,2028.0,22.5,40.23,1.0
2024-01-30 00:00:00,2090.0,22.5,40.23,
2024-01-30 00:15:00,2069.5,22.5,40.23,1.0
2024-01-30 00:30:00,2037.0,22.5,40.23,
2024-01-30 00:45:00,2033.5,22.45,40.23,1.0
2024-01-30 01:00:00,1972.0,22.4,40.23,
2024-01-30 01:15:00,1984.5,22.4,40.23,1.0
2024-01-30 01:30:00,1895.0,22.5,40.23,
2024-01-30 01:45:00,1940.0,22.45,40.035,1.0
2024-01-30 02:00:00,1938.0,22.4,39.84,
2024-01-30 02:15:00,1921.0,22.4,40.035,1.0
2024-01-30 02:30:00,1889.0,22.4,40.23,
2024-01-30 02:45:00,1857.5,22.5,39.84,1.0
2024-01-30 03:00:00,1800.0,22.5,39.84,
2024-01-30 03:15:00,1836.0,22.4,39.84,1.0
2024-01-30 03:30:00,1794.0,22.4,39.84,
2024-01-30 03:45:00,1812.5,22.4,39.84,1.0
2024-01-30 04:00:00,1840.0,22.4,39.84,
2024-01-30 04:15:00,1811.5,22.4,39.84,1.0
2024-01-30 04:30:00,1828.0,22.4,39.84,
2024-01-30 04:45:00,1748.0,22.45,39.84,1.0
2024-01-30 05:00:00,1744.0,22.4,39.84,
2024-01-30 05:15:00,1713.0,22.4,39.84,1.0
2024-01-30 05:30:00,,,,
2024-01-30 05:45:00,1718.5,22.4,39.84,1.0
2024-01-30 06:00:00,1636.0,22.4,39.84,
2024-01-30 06:15:00,1651.0,22.4,39.84,1.0
2024-01-30 06:30:00,1764.0,22.4,39.84,
2024-01-30 06:45:00,1625.5,22.4,39.84,1.0
2024-01-30 07:00:00,1646.0,22.4,39.84,
2024-01-30 07:15:00,1579.0,22.4,39.84,1.0
2024-01-30 07:30:00,1638.0,22.4,39.84,
2024-01-30 07:45:00,1616.0,22.4,39.84,1.0
2024-01-30 08:00:00,1542.0,22.4,39.84,
2024-01-30 08:15:00,1572.0,22.4,39.84,1.0
2024-01-30 08:30:00,1499.0,22.4,39.84,
2024-01-30 08:45:00,1509.0,22.4,39.84,1.0
2024-01-30 09:00:00,1474.5,22.4,39.84,
2024-01-30 09:15:00,1438.0,22.4,39.84,1.0
2024-01-30 09:30:00,1506.0,22.45,39.84,
2024-01-30 09:45:00,1555.0,22.4,39.84,1.0
2024-01-30 10:00:00,1480.0,22.45,39.84,
2024-01-30 10:15:00,1414.0,22.5,39.84,1.0
2024-01-30 10:30:00,1480.5,22.5,39.84,
2024-01-30 10:45:00,1517.0,22.5,39.84,1.0
2024-01-30 11:00:00,1438.5,22.5,39.84,
2024-01-30 11:15:00,1444.0,22.5,39.84,1.0
2024-01-30 11:30:00,1471.0,22.5,39.84,
2024-01-30 11:45:00,1493.0,22.5,39.84,1.0
2024-01-30 12:00:00,1441.5,22.5,39.84,
2024-01-30 12:15:00,1449.0,22.5,40.23,1.0
2024-01-30 12:30:00,1518.5,22.5,40.035,
2024-01-30 12:45:00,1468.0,22.5,39.84,1.0
2024-01-30 13:00:00,1523.0,22.5,39.84,
2024-01-30 13:15:00,1466.0,22.5,39.84,1.0
2024-01-30 13:30:00,1366.0,22.5,39.84,
2024-01-30 13:45:00,1455.0,22.5,40.23,1.0
2024-01-30 14:00:00,1483.5,22.5,40.23,
2024-01-30 14:15:00,1350.0,22.5,40.23,1.0
2024-01-30 14:30:00,1434.5,22.5,40.23,
2024-01-30 14:45:00,1414.0,22.5,39.84,1.0
2024-01-30 15:00:00,1386.0,22.5,40.23,
2024-01-30 15:15:00,1409.0,22.5,40.23,1.0
2024-01-30 15:30:00,1440.0,22.5,40.23,
2024-01-30 15:45:00,1433.0,22.5,40.23,1.0
2024-01-30 16:00:00,1419.0,22.5,40.23,
2024-01-30 16:15:00,1433.0,22.5,40.23,1.0
2024-01-30 16:30:00,1411.0,22.5,40.23,
2024-01-30 16:45:00,1441.0,22.5,40.23,1.0
2024-01-30 17:00:00,1392.0,22.5,40.23,
2024-01-30 17:15:00,1415.5,22.5,40.23,1.0
2024-01-30 17:30:00,1425.0,22.5,40.23,
2024-01-30 17:45:00,1359.5,22.5,40.23,1.0
2024-01-30 18:00:00,1339.0,22.5,40.23,
2024-01-30 18:15:00,1407.5,22.5,40.23,1.0
2024-01-30 18:30:00,1376.0,22.5,40.23,
2024-01-30 18:45:00,1400.5,22.5,40.23,1.0
2024-01-30 19:00:00,1300.0,22.5,40.23,
2024-01-30 19:15:00,1406.0,22.5,40.23,1.0
2024-01-30 19:30:00,1358.0,22.5,40.23,
2024-01-30 19:45:00,1371.5,22.5,40.23,1.0
2024-01-30 20:00:00,1382.0,22.5,40.23,
2024-01-30 20:15:00,1379.0,22.5,40.23,1.0
2024-01-30 20:30:00,1358.0,22.5,40.23,
2024-01-30 20:45:00,1376.5,22.5,40.23,1.0
2024-01-30 21:00:00,1376.0,22.5,40.23,
2024-01-30 21:15:00,1380.5,22.5,40.23,1.0
2024-01-30 21:30:00,1353.0,22.5,40.23,
2024-01-30 21:45:00,1362.0,22.5,40.23,1.0
2024-01-30 22:00:00,1358.0,22.5,40.23,
2024-01-30 22:15:00,1302.5,22.5,40.23,1.0
2024-01-30 22:30:00,1331.0,22.5,40.23,
2024-01-30 22:45:00,1341.0,22.5,40.23,1.0
2024-01-30 23:00:00,1284.0,22.5,40.23,
2024-01-30 23:15:00,1304.5,22.5,40.23,1.0
2024-01-30 23:30:00,1339.0,22.5,40.23,
2024-01-30 23:45:00,1306.5,22.5,40.23,1.0
2024-01-31 00:00:00,1305.0,22.5,40.23,
2024-01-31 00:15:00,1363.0,22.5,40.23,1.0
2024-01-31 00:30:00,1298.5,22.5,40.23,
2024-01-31 00:45:00,1323.0,22.5,40.23,1.0
2024-01-31 01:00:00,1260.0,22.5,40.23,
2024-01-31 01:15:00,1221.0,22.5,40.23,1.0
2024-01-31 01:30:00,1281.0,22.5,40.23,
2024-01-31 01:45:00,1307.0,22.5,40.23,1.0
2024-01-31 02:00:00,1244.5,22.5,40.23,
2024-01-31 02:15:00,1279.0,22.5,40.23,1.0
2024-01-31 02:30:00,1244.5,22.5,40.23,
2024-01-31 02:45:00,,,,1.0
2024-01-31 03:00:00,1250.0,22.5,40.23,
2024-01-31 03:15:00,1216.0,22.5,40.23,1.0
2024-01-31 03:30:00,1197.0,22.5,40.23,
2024-01-31 03:45:00,1242.0,22.5,40.23,1.0
2024-01-31 04:00:00,1192.5,22.5,40.23,
2024-01-31 04:15:00,1185.0,22.5,40.23,1.0
2024-01-31 04:30:00,1139.0,22.5,40.23,
2024-01-31 04:45:00,1200.0,22.5,40.23,1.0
2024-01-31 05:00:00,1188.5,22.5,40.23,
2024-01-31 05:15:00,1071.0,22.5,40.23,1.0
2024-01-31 05:30:00,1195.0,22.5,40.23,
2024-01-31 05:45:00,1159.0,22.5,40.23,1.0
2024-01-31 06:00:00,1113.5,22.5,40.23,
2024-01-31 06:15:00,1130.0,22.5,40.23,1.0
2024-01-31 06:30:00,1136.5,22.5,40.23,
2024-01-31 06:45:00,1125.0,22.5,40.23,1.0
2024-01-31 07:00:00,1113.5,22.5,40.23,
2024-01-31 07:15:00,1102.0,22.5,40.23,1.0
2024-01-31 07:30:00,1077.5,22.45,40.035,
2024-01-31 07:45:00,922.0,22.5,38.28,0.0
2024-01-31 08:00:00,968.0,22.5,37.695,1.0
2024-01-31 08:15:00,1415.0,22.6,38.67,1.0
2024-01-31 08:30:00,1633.0,22.9,39.45,
2024-01-31 08:45:00,2121.0,23.1,40.43000000000001,1.0
2024-01-31 09:00:00,1668.0,23.2,37.89,
2024-01-31 09:15:00,1394.0,23.2,36.72,1.0
2024-01-31 09:30:00,1158.0,23.1,35.94,
2024-01-31 09:45:00,1335.5,23.05,36.33,1.0
2024-01-31 10:00:00,1348.0,23.0,36.33,
2024-01-31 10:15:00,1448.5,22.95,36.72,1.0
2024-01-31 10:30:00,1341.0,22.9,37.11,
2024-01-31 10:45:00,1325.0,22.85,37.11,1.0
2024-01-31 11:00:00,1359.0,22.8,37.5,
2024-01-31 11:15:00,1940.0,22.8,40.035,1.0
2024-01-31 11:30:00,2239.0,22.9,41.8,
2024-01-31 11:45:00,2239.0,22.9,42.775,0.6666666666666666
2024-01-31 12:00:00,2239.0,23.0,43.75,1.0
2024-01-31 12:15:00,1845.0,22.85,38.67,1.0
2024-01-31 12:30:00,2239.0,22.9,41.41,
2024-01-31 12:45:00,2239.0,23.0,42.775,1.0
2024-01-31 13:00:00,2239.0,23.1,43.75,
2024-01-31 13:15:00,2239.0,23.1,44.92,1.0
2024-01-31 13:30:00,2239.0,23.1,43.75,
2024-01-31 13:45:00,2239.0,23.05,41.995,1.0
2024-01-31 14:00:00,2239.0,23.0,41.41,
2024-01-31 14:15:00,2239.0,23.0,41.215,1.0
2024-01-31 14:30:00,2239.0,23.0,41.8,
2024-01-31 14:45:00,2239.0,22.9,42.775,1.0
2024-01-31 15:00:00,2239.0,22.9,43.75,
2024-01-31 15:15:00,2239.0,22.9,43.555,1.0
2024-01-31 15:30:00,2161.0,22.9,39.84,
2024-01-31 15:45:00,2239.0,22.9,41.8,1.0
2024-01-31 16:00:00,2239.0,22.9,41.8,
2024-01-31 16:15:00,2239.0,22.85,41.8,1.0
2024-01-31 16:30:00,2239.0,22.8,41.8,
2024-01-31 16:45:00,2239.0,22.7,41.8,1.0
2024-01-31 17:00:00,2239.0,22.7,41.8,
2024-01-31 17:15:00,2239.0,22.7,41.8,1.0
2024-01-31 17:30:00,2239.0,22.6,41.8,
2024-01-31 17:45:00,2239.0,22.6,41.8,1.0
2024-01-31 18:00:00,2239.0,22.6,41.41,
2024-01-31 18:15:00,2239.0,22.6,41.41,1.0
2024-01-31 18:30:00,2239.0,22.6,41.41,
2024-01-31 18:45:00,2239.0,22.6,41.41,1.0
2024-01-31 19:00:00,2239.0,22.5,41.41,
2024-01-31 19:15:00,2239.0,22.6,41.41,1.0
2024-01-31 19:30:00,2239.0,22.5,41.41,
2024-01-31 19:45:00,2239.0,22.5,41.02,1.0
2024-01-31 20:00:00,2239.0,22.5,41.02,
2024-01-31 20:15:00,2239.0,22.5,41.02,1.0
2024-01-31 20:30:00,2213.0,22.5,41.02,
2024-01-31 20:45:00,2195.0,22.5,41.02,1.0
2024-01-31 21:00:00,2201.5,22.5,41.02,
2024-01-31 21:15:00,2152.0,22.5,41.02,1.0
2024-01-31 21:30:00,2170.0,22.5,41.02,
2024-01-31 21:45:00,2154.0,22.5,41.02,1.0
2024-01-31 22:00:00,2131.5,22.5,41.02,
2024-01-31 22:15:00,2127.0,22.5,40.62,1.0
2024-01-31 22:30:00,2146.5,22.5,40.62,
2024-01-31 22:45:00,2067.0,22.5,41.02,1.0
2024-01-31 23:00:00,1994.0,22.5,40.82,
2024-01-31 23:15:00,1992.0,22.5,40.62,1.0
2024-01-31 23:30:00,2044.5,22.5,40.82,
2024-01-31 23:45:00,1936.0,22.5,40.62,1.0
2024-02-01 00:00:00,1898.0,22.5,40.62,
2024-02-01 00:15:00,1907.0,22.5,40.62,1.0
2024-02-01 00:30:00,1914.5,22.5,40.62,
2024-02-01 00:45:00,2034.0,22.5,40.62,1.0
2024-02-01 01:00:00,1808.5,22.5,40.62,
2024-02-01 01:15:00,1887.0,22.5,40.62,1.0
2024-02-01 01:30:00,1860.0,22.5,40.62,
2024-02-01 01:45:00,1888.0,22.5,40.62,1.0
2024-02-01 02:00:00,1860.0,22.4,40.62,
2024-02-01 02:15:00,1800.0,22.5,40.62,1.0
2024-02-01 02:30:00,1774.0,22.4,40.62,
2024-02-01 02:45:00,1757.0,22.5,40.62,1.0
2024-02-01 03:00:00,1751.0,22.4,40.62,
2024-02-01 03:15:00,1725.5,22.45,40.62,1.0
2024-02-01 03:30:00,1742.0,22.4,40.62,
2024-02-01 03:45:00,1675.0,22.4,40.62,1.0
2024-02-01 04:00:00,1689.0,22.4,40.62,
2024-02-01 04:15:00,1677.5,22.4,40.62,1.0
2024-02-01 04:30:00,1688.0,22.4,40.62,
2024-02-01 04:45:00,1641.0,22.4,40.62,1.0
2024-02-01 05:00:00,1636.0,22.4,40.62,
2024-02-01 05:15:00,1613.0,22.4,40.62,1.0
2024-02-01 05:30:00,1564.0,22.4,40.23,
2024-02-01 05:45:00,1576.5,22.4,40.23,1.0
2024-02-01 06:00:00,1495.0,22.4,40.23,
2024-02-01 06:15:00,1490.5,22.4,40.23,1.0
2024-02-01 06:30:00,1580.0,22.4,40.23,
2024-02-01 06:45:00,1492.5,22.4,40.23,1.0
2024-02-01 07:00:00,1511.0,22.4,40.23,
2024-02-01 07:15:00,1447.0,22.4,40.23,1.0
2024-02-01 07:30:00,1465.0,22.4,40.23,
2024-02-01 07:45:00,1103.0,22.4,39.06,0.75
2024-02-01 08:00:00,1006.0,22.5,37.89,
2024-02-01 08:15:00,1334.5,22.55,39.255,1.0
2024-02-01 08:30:00,1715.0,22.6,40.62,
2024-02-01 08:45:00,2156.5,22.7,41.605,1.0
2024-02-01 09:00:00,2239.0,22.7,42.19,
2024-02-01 09:15:00,2239.0,22.75,42.58,1.0
2024-02-01 09:30:00,2239.0,22.8,43.36,
2024-02-01 09:45:00,2239.0,22.8,43.36,1.0
2024-02-01 10:00:00,2239.0,22.8,43.75,
2024-02-01 10:15:00,2239.0,22.8,43.36,1.0
2024-02-01 10:30:00,2239.0,22.8,43.945,
2024-02-01 10:45:00,2239.0,22.8,44.53,1.0
2024-02-01 11:00:00,2239.0,22.8,44.92,
2024-02-01 11:15:00,2239.0,22.9,44.92,1.0
2024-02-01 11:30:00,2239.0,22.9,44.92,
2024-02-01 11:45:00,2239.0,22.8,44.53,1.0
2024-02-01 12:00:00,2239.0,22.8,44.53,
2024-02-01 12:15:00,1625.0,22.7,39.06,1.0
2024-02-01 12:30:00,2060.5,22.8,40.625,
2024-02-01 12:45:00,2239.0,22.8,43.75,1.0
2024-02-01 13:00:00,2239.0,22.8,44.53,
2024-02-01 13:15:00,2239.0,22.8,44.14,1.0
2024-02-01 13:30:00,2239.0,22.8,43.555,
2024-02-01 13:45:00,2239.0,22.8,44.92,1.0
2024-02-01 14:00:00,2239.0,22.9,45.115,
2024-02-01 14:15:00,2239.0,22.9,44.92,1.0
2024-02-01 14:30:00,2239.0,22.95,45.505,
2024-02-01 14:45:00,2239.0,23.0,46.09,1.0
2024-02-01 15:00:00,2239.0,23.0,46.48,
2024-02-01 15:15:00,2239.0,23.0,46.09,1.0
2024-02-01 15:30:00,2239.0,23.0,45.31,
2024-02-01 15:45:00,2239.0,23.0,45.31,1.0
2024-02-01 16:00:00,2239.0,23.0,46.09,
2024-02-01 16:15:00,2239.0,23.0,46.48,1.0
2024-02-01 16:30:00,2239.0,23.0,46.88,
2024-02-01 16:45:00,2239.0,23.0,47.27,1.0
2024-02-01 17:00:00,2239.0,23.0,47.27,
2024-02-01 17:15:00,2239.0,22.9,46.48,1.0
2024-02-01 17:30:00,2239.0,22.9,46.09,
2024-02-01 17:45:00,2239.0,22.8,46.09,1.0
2024-02-01 18:00:00,2239.0,22.8,45.7,
2024-02-01 18:15:00,2239.0,22.8,45.7,1.0
2024-02-01 18:30:00,2239.0,22.7,45.31,
2024-02-01 18:45:00,2239.0,22.7,45.31,1.0
2024-02-01 19:00:00,2239.0,22.7,44.92,
2024-02-01 19:15:00,2239.0,22.65,44.92,1.0
2024-02-01 19:30:00,2239.0,22.6,44.53,
2024-02-01 19:45:00,2239.0,22.6,44.53,1.0
2024-02-01 20:00:00,2239.0,22.6,44.53,
2024-02-01 20:15:00,2239.0,22.6,44.14,1.0
2024-02-01 20:30:00,2239.0,22.6,44.14,
2024-02-01 20:45:00,2239.0,22.6,43.945,1.0
2024-02-01 21:00:00,2239.0,22.6,43.75,
2024-02-01 21:15:00,2239.0,22.6,43.75,1.0
2024-02-01 21:30:00,2239.0,22.6,43.75,
2024-02-01 21:45:00,2239.0,22.6,43.555,1.0
2024-02-01 22:00:00,2239.0,22.6,43.36,
2024-02-01 22:15:00,2239.0,22.6,43.36,1.0
2024-02-01 22:30:00,2239.0,22.6,43.36,
2024-02-01 22:45:00,2239.0,22.6,43.165,1.0
2024-02-01 23:00:00,2239.0,22.5,42.97,
2024-02-01 23:15:00,2239.0,22.5,42.97,1.0
2024-02-01 23:30:00,2239.0,22.5,42.97,
2024-02-01 23:45:00,2239.0,22.5,42.97,1.0
2024-02-02 00:00:00,2239.0,22.5,42.97,
2024-02-02 00:15:00,2239.0,22.5,42.97,1.0
2024-02-02 00:30:00,2239.0,22.5,42.97,
2024-02-02 00:45:00,2239.0,22.5,42.97,1.0
2024-02-02 01:00:00,2239.0,22.5,42.58,
2024-02-02 01:15:00,2239.0,22.5,42.775,1.0
2024-02-02 01:30:00,2239.0,22.5,42.58,
2024-02-02 01:45:00,2239.0,22.5,42.58,1.0
2024-02-02 02:00:00,2239.0,22.5,42.58,
2024-02-02 02:15:00,2239.0,22.5,42.58,1.0
2024-02-02 02:30:00,2239.0,22.5,42.58,
2024-02-02 02:45:00,2239.0,22.5,42.58,1.0
2024-02-02 03:00:00,2239.0,22.5,42.58,
2024-02-02 03:15:00,2239.0,22.5,42.58,1.0
2024-02-02 03:30:00,2239.0,22.5,42.19,
2024-02-02 03:45:00,2239.0,22.5,42.19,1.0
2024-02-02 04:00:00,2239.0,22.5,42.19,
2024-02-02 04:15:00,2239.0,22.5,42.19,1.0
2024-02-02 04:30:00,2239.0,22.5,42.19,
2024-02-02 04:45:00,2239.0,22.5,42.19,1.0
2024-02-02 05:00:00,2239.0,22.5,42.19,
2024-02-02 05:15:00,2239.0,22.5,42.19,1.0
2024-02-02 05:30:00,2222.0,22.4,41.995,
2024-02-02 05:45:00,2178.0,22.5,42.19,1.0
2024-02-02 06:00:00,2212.5,22.5,42.19,
2024-02-02 06:15:00,2202.0,22.5,42.19,1.0
2024-02-02 06:30:00,2124.5,22.5,41.8,
2024-02-02 06:45:00,2054.0,22.5,41.8,1.0
2024-02-02 07:00:00,2034.0,22.45,41.8,
2024-02-02 07:15:00,2034.0,22.5,41.8,1.0
2024-02-02 07:30:00,2023.0,22.5,41.8,
2024-02-02 07:45:00,2087.0,22.4,41.8,1.0
2024-02-02 08:00:00,2037.5,22.45,41.8,
2024-02-02 08:15:00,1837.0,22.5,41.8,1.0
2024-02-02 08:30:00,1894.0,22.5,41.8,
2024-02-02 08:45:00,1881.0,22.5,41.8,1.0
2024-02-02 09:00:00,1841.0,22.5,41.8,
2024-02-02 09:15:00,1807.0,22.5,41.8,1.0
2024-02-02 09:30:00,1851.0,22.5,41.8,
2024-02-02 09:45:00,1902.0,22.5,41.8,1.0
2024-02-02 10:00:00,1807.0,22.5,41.8,
2024-02-02 10:15:00,1821.0,22.5,41.8,1.0
2024-02-02 10:30:00,1778.0,22.5,41.8,
2024-02-02 10:45:00,1773.5,22.5,41.8,1.0
2024-02-02 11:00:00,1701.0,22.5,41.41,
2024-02-02 11:15:00,1722.5,22.5,41.41,1.0
2024-02-02 11:30:00,1606.0,22.5,41.41,
2024-02-02 11:45:00,1624.5,22.5,41.41,1.0
2024-02-02 12:00:00,1698.0,22.5,41.41,
2024-02-02 12:15:00,1691.5,22.5,41.41,1.0
2024-02-02 12:30:00,1689.0,22.5,41.41,
2024-02-02 12:45:00,1661.0,22.5,41.41,1.0
2024-02-02 13:00:00,1639.0,22.5,41.41,
2024-02-02 13:15:00,1611.5,22.5,41.605,1.0
2024-02-02 13:30:00,1658.0,22.5,41.8,
2024-02-02 13:45:00,1595.0,22.5,41.41,1.0
2024-02-02 14:00:00,1540.0,22.5,41.8,
2024-02-02 14:15:00,1593.0,22.5,41.605,1.0
2024-02-02 14:30:00,1548.0,22.5,41.41,
2024-02-02 14:45:00,1570.0,22.5,41.8,1.0
2024-02-02 15:00:00,1570.0,22.5,41.41,
2024-02-02 15:15:00,1548.0,22.5,41.605,1.0
2024-02-02 15:30:00,1468.0,22.5,41.41,
2024-02-02 15:45:00,1547.0,22.5,41.8,1.0
2024-02-02 16:00:00,1548.0,22.5,41.41,
2024-02-02 16:15:00,1552.5,22.5,41.8,1.0
2024-02-02 16:30:00,1479.0,22.5,41.8,
2024-02-02 16:45:00,1544.0,22.5,41.8,1.0
2024-02-02 17:00:00,1562.0,22.5,41.8,
2024-02-02 17:15:00,1573.0,22.5,41.8,1.0
2024-02-02 17:30:00,1539.0,22.5,41.8,
2024-02-02 17:45:00,1497.0,22.5,41.8,1.0
2024-02-02 18:00:00,1458.0,22.5,41.8,
2024-02-02 18:15:00,1419.0,22.5,41.8,1.0
2024-02-02 18:30:00,1461.5,22.5,41.8,
2024-02-02 18:45:00,1436.0,22.5,41.8,1.0
2024-02-02 19:00:00,1496.0,22.5,41.8,
2024-02-02 19:15:00,1458.0,22.5,41.8,1.0
2024-02-02 19:30:00,1434.0,22.5,41.8,
2024-02-02 19:45:00,1363.0,22.5,41.8,1.0
2024-02-02 20:00:00,1394.5,22.5,41.8,
2024-02-02 20:15:00,1466.0,22.5,41.8,1.0
2024-02-02 20:30:00,1449.5,22.5,41.8,
2024-02-02 20:45:00,1463.0,22.5,41.8,1.0
2024-02-02 21:00:00,1405.0,22.5,41.8,
2024-02-02 21:15:00,1392.0,22.5,41.8,1.0
2024-02-02 21:30:00,1387.5,22.5,41.8,
2024-02-02 21:45:00,1368.0,22.5,41.8,1.0
2024-02-02 22:00:00,1334.0,22.5,41.8,
2024-02-02 22:15:00,1353.0,22.5,41.8,1.0
2024-02-02 22:30:00,1323.0,22.5,41.8,
2024-02-02 22:45:00,1337.0,22.5,41.8,1.0
2024-02-02 23:00:00,1350.0,22.5,41.8,
2024-02-02 23:15:00,1276.0,22.5,41.8,1.0
2024-02-02 23:30:00,1298.5,22.5,41.8,
2024-02-02 23:45:00,1294.0,22.5,41.8,1.0
2024-02-03 00:00:00,1239.0,22.5,41.8,
2024-02-03 00:15:00,1286.0,22.5,41.8,1.0
2024-02-03 00:30:00,1242.0,22.5,41.8,
2024-02-03 00:45:00,1250.0,22.5,41.8,1.0
2024-02-03 01:00:00,1231.0,22.5,41.8,
2024-02-03 01:15:00,1244.0,22.5,41.8,1.0
2024-02-03 01:30:00,1169.5,22.5,41.8,
2024-02-03 01:45:00,1289.0,22.5,41.8,1.0
2024-02-03 02:00:00,1197.5,22.5,41.8,
2024-02-03 02:15:00,1208.0,22.5,41.8,1.0
2024-02-03 02:30:00,1230.0,22.5,41.8,
2024-02-03 02:45:00,1172.0,22.5,41.8,1.0
2024-02-03 03:00:00,1165.5,22.5,41.8,
2024-02-03 03:15:00,1177.0,22.5,41.8,1.0
2024-02-03 03:30:00,1192.0,22.5,41.8,
2024-02-03 03:45:00,1160.5,22.5,41.8,1.0
2024-02-03 04:00:00,1182.0,22.5,41.8,
2024-02-03 04:15:00,1164.5,22.5,41.8,1.0
2024-02-03 04:30:00,1108.0,22.5,41.8,
2024-02-03 04:45:00,1105.5,22.5,41.8,1.0
2024-02-03 05:00:00,1172.0,22.5,41.8,
2024-02-03 05:15:00,1167.5,22.5,41.8,1.0
2024-02-03 05:30:00,1088.0,22.5,41.8,
2024-02-03 05:45:00,1041.0,22.5,41.8,1.0
2024-02-03 06:00:00,1174.0,22.5,41.8,
2024-02-03 06:15:00,1097.0,22.5,41.8,1.0
2024-02-03 06:30:00,1017.0,22.5,41.8,
2024-02-03 06:45:00,1084.0,22.5,41.8,1.0
2024-02-03 07:00:00,1015.0,22.5,41.8,
2024-02-03 07:15:00,1112.0,22.5,41.8,1.0
2024-02-03 07:30:00,1045.0,22.5,41.8,
2024-02-03 07:45:00,1069.5,22.5,41.8,1.0
2024-02-03 08:00:00,1098.0,22.5,41.8,
2024-02-03 08:15:00,1044.0,22.5,41.8,1.0
2024-02-03 08:30:00,1121.0,22.5,41.8,
2024-02-03 08:45:00,1021.0,22.5,41.8,1.0
2024-02-03 09:00:00,1075.0,22.5,41.8,
2024-02-03 09:15:00,1074.5,22.5,41.8,1.0
2024-02-03 09:30:00,1129.0,22.5,41.8,
2024-02-03 09:45:00,1002.0,22.5,41.8,1.0
2024-02-03 10:00:00,1008.0,22.6,41.8,
2024-02-03 10:15:00,1015.5,22.6,41.8,1.0
2024-02-03 10:30:00,1001.0,22.6,41.8,
2024-02-03 10:45:00,1061.0,22.6,41.8,1.0
2024-02-03 11:00:00,967.0,22.6,41.8,
2024-02-03 11:15:00,993.0,22.6,41.8,1.0
2024-02-03 11:30:00,992.5,22.5,41.8,
2024-02-03 11:45:00,1017.0,22.6,41.8,1.0
2024-02-03 12:00:00,1000.0,22.6,41.8,
2024-02-03 12:15:00,976.0,22.5,41.8,1.0
2024-02-03 12:30:00,963.5,22.6,41.8,
2024-02-03 12:45:00,966.0,22.6,41.8,1.0
2024-02-03 13:00:00,933.5,22.6,41.8,
2024-02-03 13:15:00,914.0,22.6,41.8,1.0
2024-02-03 13:30:00,936.5,22.6,41.8,
2024-02-03 13:45:00,886.0,22.6,41.8,1.0
2024-02-03 14:00:00,958.5,22.6,41.8,
2024-02-03 14:15:00,932.0,22.6,41.8,1.0
2024-02-03 14:30:00,966.0,22.6,41.8,
2024-02-03 14:45:00,976.0,22.6,41.8,1.0
2024-02-03 15:00:00,910.5,22.6,41.8,
2024-02-03 15:15:00,973.0,22.6,41.8,1.0
2024-02-03 15:30:00,954.5,22.55,41.8,
2024-02-03 15:45:00,887.0,22.5,41.8,1.0
2024-02-03 16:00:00,948.0,22.5,41.8,
2024-02-03 16:15:00,921.0,22.6,41.8,1.0
2024-02-03 16:30:00,909.0,22.6,41.8,
2024-02-03 16:45:00,911.0,22.5,41.8,1.0
2024-02-03 17:00:00,881.5,22.5,41.8,
2024-02-03 17:15:00,856.0,22.5,41.8,1.0
2024-02-03 17:30:00,880.0,22.5,41.8,
2024-02-03 17:45:00,908.0,22.5,41.8,1.0
2024-02-03 18:00:00,839.5,22.5,41.8,
2024-02-03 18:15:00,869.0,22.5,41.8,1.0
2024-02-03 18:30:00,833.5,22.5,41.8,
2024-02-03 18:45:00,905.0,22.5,41.8,1.0
2024-02-03 19:00:00,829.5,22.5,41.8,
2024-02-03 19:15:00,855.0,22.5,41.8,1.0
2024-02-03 19:30:00,872.0,22.5,41.8,
2024-02-03 19:45:00,802.0,22.5,41.8,1.0
2024-02-03 20:00:00,831.0,22.5,41.8,
2024-02-03 20:15:00,838.0,22.5,41.8,1.0
2024-02-03 20:30:00,838.0,22.5,41.8,
2024-02-03 20:45:00,817.5,22.5,41.8,1.0
2024-02-03 21:00:00,856.0,22.5,41.8,
2024-02-03 21:15:00,809.0,22.5,41.8,1.0
2024-02-03 21:30:00,816.0,22.5,41.8,
2024-02-03 21:45:00,787.0,22.5,41.8,1.0
2024-02-03 22:00:00,789.0,22.5,41.8,
2024-02-03 22:15:00,803.0,22.5,41.605,1.0
2024-02-03 22:30:00,826.0,22.5,41.41,
2024-02-03 22:45:00,782.0,22.5,41.8,1.0
2024-02-03 23:00:00,732.0,22.5,41.41,
2024-02-03 23:15:00,792.0,22.5,41.41,1.0
2024-02-03 23:30:00,775.0,22.5,41.41,
2024-02-03 23:45:00,795.0,22.5,41.41,1.0
2024-02-04 00:00:00,750.0,22.5,41.41,
2024-02-04 00:15:00,730.5,22.5,41.41,1.0
2024-02-04 00:30:00,774.0,22.5,41.41,
2024-02-04 00:45:00,821.0,22.5,41.41,1.0
2024-02-04 01:00:00,762.0,22.5,41.41,
2024-02-04 01:15:00,747.0,22.5,41.41,1.0
2024-02-04 01:30:00,733.0,22.4,41.41,
2024-02-04 01:45:00,794.5,22.5,41.41,1.0
2024-02-04 02:00:00,798.0,22.4,41.41,
2024-02-04 02:15:00,732.0,22.45,41.41,1.0
2024-02-04 02:30:00,759.0,22.4,41.41,
2024-02-04 02:45:00,729.0,22.45,41.41,1.0
2024-02-04 03:00:00,703.0,22.5,41.41,
2024-02-04 03:15:00,698.0,22.4,41.41,1.0
2024-02-04 03:30:00,722.0,22.4,41.41,
2024-02-04 03:45:00,730.0,22.45,41.41,1.0
2024-02-04 04:00:00,698.0,22.4,41.41,
2024-02-04 04:15:00,737.5,22.4,41.41,1.0
2024-02-04 04:30:00,665.0,22.4,41.41,
2024-02-04 04:45:00,736.5,22.4,41.41,1.0
2024-02-04 05:00:00,721.0,22.4,41.41,
2024-02-04 05:15:00,714.0,22.4,41.41,1.0
2024-02-04 05:30:00,724.0,22.4,41.41,
2024-02-04 05:45:00,688.5,22.4,41.215,1.0
2024-02-04 06:00:00,731.0,22.4,41.02,
2024-02-04 06:15:00,695.5,22.4,41.215,1.0
2024-02-04 06:30:00,681.0,22.4,41.02,
2024-02-04 06:45:00,706.0,22.4,41.02,1.0
2024-02-04 07:00:00,670.0,22.4,41.02,
2024-02-04 07:15:00,721.0,22.4,41.02,1.0
2024-02-04 07:30:00,663.0,22.4,41.02,
2024-02-04 07:45:00,719.0,22.4,41.02,1.0
2024-02-04 08:00:00,663.0,22.4,41.02,
2024-02-04 08:15:00,674.5,22.4,41.02,1.0
2024-02-04 08:30:00,684.0,22.4,41.02,
2024-02-04 08:45:00,655.5,22.45,41.02,1.0
2024-02-04 09:00:00,591.0,22.5,41.02,
2024-02-04 09:15:00,622.5,22.45,41.02,1.0
2024-02-04 09:30:00,628.0,22.5,41.02,
2024-02-04 09:45:00,701.0,22.5,41.02,1.0
2024-02-04 10:00:00,652.0,22.5,41.02,
2024-02-04 10:15:00,675.5,22.5,41.02,1.0
2024-02-04 10:30:00,706.0,22.5,41.02,
2024-02-04 10:45:00,625.0,22.5,41.02,1.0
2024-02-04 11:00:00,703.0,22.5,40.62,
2024-02-04 11:15:00,660.0,22.5,40.62,1.0
2024-02-04 11:30:00,640.0,22.5,40.62,
2024-02-04 11:45:00,619.0,22.5,40.82,1.0
2024-02-04 12:00:00,624.0,22.5,40.62,
2024-02-04 12:15:00,652.5,22.5,40.82,1.0
2024-02-04 12:30:00,592.0,22.5,40.62,
2024-02-04 12:45:00,622.0,22.5,40.62,1.0
2024-02-04 13:00:00,549.0,22.5,40.62,
2024-02-04 13:15:00,595.5,22.5,40.62,1.0
2024-02-04 13:30:00,581.0,22.5,40.62,
2024-02-04 13:45:00,628.0,22.5,40.62,1.0
2024-02-04 14:00:00,624.0,22.5,40.62,
2024-02-04 14:15:00,647.5,22.5,40.82,1.0
2024-02-04 14:30:00,626.0,22.5,40.62,
2024-02-04 14:45:00,607.0,22.5,40.62,1.0
2024-02-04 15:00:00,607.0,22.5,41.02,
2024-02-04 15:15:00,621.0,22.5,40.82,1.0
2024-02-04 15:30:00,566.0,22.5,41.02,
2024-02-04 15:45:00,584.5,22.5,41.02,1.0
2024-02-04 16:00:00,603.0,22.5,41.02,
2024-02-04 16:15:00,583.5,22.5,41.02,1.0
2024-02-04 16:30:00,603.0,22.5,41.02,
2024-02-04 16:45:00,635.5,22.5,41.02,1.0
2024-02-04 17:00:00,626.0,22.5,41.02,
2024-02-04 17:15:00,571.5,22.5,41.02,1.0
2024-02-04 17:30:00,541.0,22.5,41.02,
2024-02-04 17:45:00,617.0,22.5,41.02,1.0
2024-02-04 18:00:00,600.5,22.5,41.02,
2024-02-04 18:15:00,572.0,22.5,41.02,1.0
2024-02-04 18:30:00,548.0,22.5,41.02,
2024-02-04 18:45:00,568.0,22.5,41.02,1.0
2024-02-04 19:00:00,563.0,22.5,41.02,
2024-02-04 19:15:00,626.0,22.5,41.02,1.0
2024-02-04 19:30:00,583.0,22.5,41.02,
2024-02-04 19:45:00,628.0,22.5,41.02,1.0
2024-02-04 20:00:00,601.0,22.5,41.02,
2024-02-04 20:15:00,573.0,22.5,41.02,1.0
2024-02-04 20:30:00,606.5,22.5,41.02,
2024-02-04 20:45:00,552.0,22.5,41.02,1.0
2024-02-04 21:00:00,543.0,22.4,41.02,
2024-02-04 21:15:00,612.0,22.5,41.02,1.0
2024-02-04 21:30:00,581.0,22.5,41.02,
2024-02-04 21:45:00,589.0,22.5,41.02,1.0
2024-02-04 22:00:00,602.5,22.45,41.02,
2024-02-04 22:15:00,564.0,22.5,41.02,1.0
2024-02-04 22:30:00,573.0,22.45,41.02,
2024-02-04 22:45:00,550.0,22.4,41.02,1.0
2024-02-04 23:00:00,551.0,22.5,41.02,
2024-02-04 23:15:00,577.0,22.5,41.02,1.0
2024-02-04 23:30:00,575.0,22.5,41.02,
2024-02-04 23:45:00,589.0,22.4,41.02,1.0
2024-02-05 00:00:00,592.5,22.45,41.02,
2024-02-05 00:15:00,612.0,22.4,41.02,1.0
2024-02-05 00:30:00,568.0,22.4,41.02,
2024-02-05 00:45:00,577.0,22.4,41.02,1.0
2024-02-05 01:00:00,556.5,22.4,41.02,
2024-02-05 01:15:00,606.0,22.4,41.02,1.0
2024-02-05 01:30:00,571.5,22.4,41.02,
2024-02-05 01:45:00,618.0,22.4,41.02,1.0
2024-02-05 02:00:00,562.5,22.4,41.02,
2024-02-05 02:15:00,567.0,22.4,41.02,1.0
2024-02-05 02:30:00,556.0,22.4,41.02,
2024-02-05 02:45:00,576.0,22.4,41.02,1.0
2024-02-05 03:00:00,554.5,22.4,41.02,
2024-02-05 03:15:00,529.0,22.4,41.02,1.0
2024-02-05 03:30:00,572.0,22.4,41.02,
2024-02-05 03:45:00,542.0,22.4,41.02,1.0
2024-02-05 04:00:00,565.0,22.4,41.02,
2024-02-05 04:15:00,522.0,22.4,41.02,1.0
2024-02-05 04:30:00,543.5,22.4,41.02,
2024-02-05 04:45:00,504.0,22.4,41.02,1.0
2024-02-05 05:00:00,545.5,22.4,41.02,
2024-02-05 05:15:00,538.0,22.4,41.02,1.0
2024-02-05 05:30:00,589.0,22.4,41.02,
2024-02-05 05:45:00,576.0,22.4,41.02,1.0
2024-02-05 06:00:00,537.5,22.4,41.02,
2024-02-05 06:15:00,551.0,22.4,41.02,1.0
2024-02-05 06:30:00,576.5,22.4,41.02,
2024-02-05 06:45:00,533.0,22.4,41.02,1.0
2024-02-05 07:00:00,575.5,22.4,40.040000000000006,
2024-02-05 07:15:00,616.0,22.4,39.06,1.0
2024-02-05 07:30:00,666.5,22.5,38.28,
2024-02-05 07:45:00,954.0,22.6,39.45,1.0
2024-02-05 08:00:00,1059.0,22.6,40.23,
2024-02-05 08:15:00,960.0,22.7,40.23,1.0
2024-02-05 08:30:00,1388.0,22.7,41.215,
2024-02-05 08:45:00,1270.0,22.7,40.23,1.0
2024-02-05 09:00:00,1691.0,22.8,41.605,
2024-02-05 09:15:00,1863.0,22.8,42.58,1.0
2024-02-05 09:30:00,1924.0,22.8,42.385,
2024-02-05 09:45:00,1738.0,22.8,41.41,1.0
2024-02-05 10:00:00,1693.0,22.8,40.82,
2024-02-05 10:15:00,1505.0,22.8,39.84,1.0
2024-02-05 10:30:00,1758.0,22.85,40.82,
2024-02-05 10:45:00,2060.0,22.9,41.8,1.0
2024-02-05 11:00:00,2235.0,22.8,42.19,
2024-02-05 11:15:00,2239.0,22.9,42.775,1.0
2024-02-05 11:30:00,2239.0,22.9,43.36,
2024-02-05 11:45:00,2239.0,22.9,42.775,1.0
2024-02-05 12:00:00,1929.0,22.9,41.02,
2024-02-05 12:15:00,2216.5,22.9,41.795,1.0
2024-02-05 12:30:00,2239.0,22.9,43.36,
2024-02-05 12:45:00,2239.0,22.95,43.36,1.0
2024-02-05 13:00:00,2239.0,23.0,43.36,
2024-02-05 13:15:00,2239.0,22.9,42.97,1.0
2024-02-05 13:30:00,2239.0,22.9,42.97,
2024-02-05 13:45:00,2239.0,22.9,42.97,1.0
2024-02-05 14:00:00,2239.0,22.8,42.97,
2024-02-05 14:15:00,2239.0,22.8,42.58,1.0
2024-02-05 14:30:00,2239.0,22.9,42.58,
2024-02-05 14:45:00,2239.0,22.9,44.14,1.0
2024-02-05 15:00:00,2239.0,23.0,44.92,
2024-02-05 15:15:00,2239.0,23.0,45.895,1.0
2024-02-05 15:30:00,2239.0,23.0,46.48,
2024-02-05 15:45:00,2239.0,23.1,46.68,1.0
2024-02-05 16:00:00,2239.0,23.0,46.09,
2024-02-05 16:15:00,2239.0,22.95,45.7,1.0
2024-02-05 16:30:00,2239.0,22.9,45.31,
2024-02-05 16:45:00,2239.0,22.8,45.31,1.0
2024-02-05 17:00:00,2239.0,22.8,44.92,
2024-02-05 17:15:00,2239.0,22.75,44.92,1.0
2024-02-05 17:30:00,2239.0,22.7,44.92,
2024-02-05 17:45:00,2239.0,22.7,44.725,1.0
2024-02-05 18:00:00,2239.0,22.7,44.53,
2024-02-05 18:15:00,2239.0,22.6,44.53,1.0
2024-02-05 18:30:00,2239.0,22.6,44.53,
2024-02-05 18:45:00,2239.0,22.6,44.53,1.0
2024-02-05 19:00:00,2239.0,22.6,44.335,
2024-02-05 19:15:00,2239.0,22.6,44.14,1.0
2024-02-05 19:30:00,2239.0,22.6,44.14,
2024-02-05 19:45:00,2239.0,22.6,44.14,1.0
2024-02-05 20:00:00,2239.0,22.6,43.945,
2024-02-05 20:15:00,2239.0,22.6,43.75,1.0
2024-02-05 20:30:00,2239.0,22.6,43.75,
2024-02-05 20:45:00,2239.0,22.5,43.75,1.0
2024-02-05 21:00:00,2239.0,22.5,43.75,
2024-02-05 21:15:00,2239.0,22.6,43.75,1.0
2024-02-05 21:30:00,2239.0,22.5,43.75,
2024-02-05 21:45:00,2239.0,22.5,43.75,1.0
2024-02-05 22:00:00,2239.0,22.5,43.75,
2024-02-05 22:15:00,2239.0,22.5,43.36,1.0
2024-02-05 22:30:00,2239.0,22.5,43.36,
2024-02-05 22:45:00,2239.0,22.5,43.75,1.0
2024-02-05 23:00:00,2239.0,22.5,43.36,
2024-02-05 23:15:00,,,,1.0
2024-02-05 23:30:00,2239.0,22.5,43.36,
2024-02-05 23:45:00,2239.0,22.5,43.36,1.0
2024-02-06 00:00:00,2239.0,22.5,43.36,
2024-02-06 00:15:00,2239.0,22.5,43.36,1.0
2024-02-06 00:30:00,2239.0,22.5,43.36,
2024-02-06 00:45:00,2239.0,22.5,43.36,1.0
2024-02-06 01:00:00,2239.0,22.5,43.36,
2024-02-06 01:15:00,2239.0,22.4,42.97,1.0
2024-02-06 01:30:00,2239.0,22.45,43.165,
2024-02-06 01:45:00,,,,1.0
2024-02-06 02:00:00,2239.0,22.4,42.97,
2024-02-06 02:15:00,2239.0,22.4,42.97,1.0
2024-02-06 02:30:00,2239.0,22.4,42.97,
2024-02-06 02:45:00,2239.0,22.4,42.97,1.0
2024-02-06 03:00:00,2239.0,22.4,42.97,
2024-02-06 03:15:00,2239.0,22.4,42.97,1.0
2024-02-06 03:30:00,2239.0,22.4,42.97,
2024-02-06 03:45:00,2239.0,22.4,42.97,1.0
2024-02-06 04:00:00,2239.0,22.4,42.97,
2024-02-06 04:15:00,2239.0,22.4,42.97,1.0
2024-02-06 04:30:00,2239.0,22.4,42.97,
2024-02-06 04:45:00,2239.0,22.4,42.97,1.0
2024-02-06 05:00:00,2239.0,22.4,42.97,
2024-02-06 05:15:00,2239.0,22.4,42.58,1.0
2024-02-06 05:30:00,2239.0,22.4,42.58,
2024-02-06 05:45:00,2239.0,22.4,42.58,1.0
2024-02-06 06:00:00,2239.0,22.4,42.58,
2024-02-06 06:15:00,2239.0,22.4,42.58,1.0
2024-02-06 06:30:00,2210.0,22.4,42.58,
2024-02-06 06:45:00,2181.0,22.4,42.58,1.0
2024-02-06 07:00:00,2239.0,22.4,42.58,
2024-02-06 07:15:00,2172.0,22.4,42.58,1.0
2024-02-06 07:30:00,2164.0,22.4,42.58,
2024-02-06 07:45:00,2114.5,22.4,42.58,1.0
2024-02-06 08:00:00,2039.0,22.4,42.58,
2024-02-06 08:15:00,2225.5,22.45,44.335,1.0
2024-02-06 08:30:00,2239.0,22.6,45.31,
2024-02-06 08:45:00,2239.0,22.6,45.895,1.0
2024-02-06 09:00:00,2239.0,22.6,46.09,
2024-02-06 09:15:00,2239.0,22.7,46.68,1.0
2024-02-06 09:30:00,2239.0,22.7,47.27,
2024-02-06 09:45:00,2239.0,22.7,46.88,1.0
2024-02-06 10:00:00,2239.0,22.7,46.48,
2024-02-06 10:15:00,2239.0,22.7,46.48,1.0
2024-02-06 10:30:00,2239.0,22.7,46.485,
2024-02-06 10:45:00,2239.0,22.7,47.66,1.0
2024-02-06 11:00:00,2239.0,22.7,48.44,
2024-02-06 11:15:00,2239.0,22.7,48.05,1.0
2024-02-06 11:30:00,2239.0,22.7,47.66,
2024-02-06 11:45:00,2239.0,22.7,47.66,1.0
2024-02-06 12:00:00,2239.0,22.6,47.27,
2024-02-06 12:15:00,2239.0,22.6,47.27,1.0
2024-02-06 12:30:00,2239.0,22.6,46.88,
2024-02-06 12:45:00,2239.0,22.6,46.88,1.0
2024-02-06 13:00:00,2239.0,22.5,46.48,
2024-02-06 13:15:00,2239.0,22.5,46.48,1.0
2024-02-06 13:30:00,2239.0,22.5,46.285,
2024-02-06 13:45:00,2239.0,22.5,46.09,1.0
2024-02-06 14:00:00,2239.0,22.55,46.09,
2024-02-06 14:15:00,2239.0,22.5,45.7,1.0
2024-02-06 14:30:00,2239.0,22.55,45.7,
2024-02-06 14:45:00,2239.0,22.5,45.7,1.0
2024-02-06 15:00:00,2239.0,22.5,45.7,
2024-02-06 15:15:00,2239.0,22.5,45.31,1.0
2024-02-06 15:30:00,2239.0,22.5,45.31,
2024-02-06 15:45:00,2239.0,22.5,45.31,1.0
2024-02-06 16:00:00,2239.0,22.5,45.31,
2024-02-06 16:15:00,2239.0,22.5,45.31,1.0
2024-02-06 16:30:00,2239.0,22.5,45.31,
2024-02-06 16:45:00,2239.0,22.5,44.92,1.0
2024-02-06 17:00:00,2239.0,22.5,44.92,
2024-02-06 17:15:00,2239.0,22.5,44.92,1.0
2024-02-06 17:30:00,2140.0,22.5,44.92,
2024-02-06 17:45:00,2140.0,22.5,44.92,1.0
2024-02-06 18:00:00,2140.0,22.5,44.53,
2024-02-06 18:15:00,2140.0,22.5,44.92,1.0
2024-02-06 18:30:00,2140.0,22.5,44.53,
2024-02-06 18:45:00,2140.0,22.5,44.53,1.0
2024-02-06 19:00:00,2140.0,22.5,44.53,
2024-02-06 19:15:00,2140.0,22.5,44.53,1.0
2024-02-06 19:30:00,2140.0,22.5,44.53,
2024-02-06 19:45:00,2140.0,22.5,44.335,1.0
2024-02-06 20:00:00,2140.0,22.5,44.53,
2024-02-06 20:15:00,2131.0,22.5,44.53,1.0
2024-02-06 20:30:00,2140.0,22.5,44.14,
2024-02-06 20:45:00,2140.0,22.5,44.14,1.0
2024-02-06 21:00:00,2007.0,22.5,44.14,
2024-02-06 21:15:00,2078.0,22.5,44.14,1.0
2024-02-06 21:30:00,2080.0,22.5,44.14,
2024-02-06 21:45:00,2028.5,22.5,44.14,1.0
2024-02-06 22:00:00,2001.0,22.5,44.14,
2024-02-06 22:15:00,1964.5,22.45,44.14,1.0
2024-02-06 22:30:00,1944.0,22.5,44.14,
2024-02-06 22:45:00,1964.5,22.5,44.14,1.0
2024-02-06 23:00:00,1876.0,22.4,44.14,
2024-02-06 23:15:00,1955.5,22.5,43.75,1.0
2024-02-06 23:30:00,1884.0,22.4,43.75,
2024-02-06 23:45:00,1811.0,22.5,43.75,1.0
2024-02-07 00:00:00,1985.0,22.5,43.75,
2024-02-07 00:15:00,1803.5,22.5,43.75,1.0
2024-02-07 00:30:00,1801.0,22.4,43.75,
2024-02-07 00:45:00,1793.0,22.4,43.75,1.0
2024-02-07 01:00:00,1763.0,22.4,43.75,
2024-02-07 01:15:00,1706.0,22.4,43.75,1.0
2024-02-07 01:30:00,1769.0,22.4,43.75,
2024-02-07 01:45:00,1665.0,22.4,43.75,1.0
2024-02-07 02:00:00,1757.0,22.4,43.75,
2024-02-07 02:15:00,1631.0,22.4,43.75,1.0
2024-02-07 02:30:00,1617.0,22.4,43.75,
2024-02-07 02:45:00,1645.0,22.4,43.36,1.0
2024-02-07 03:00:00,1632.5,22.4,43.555,
2024-02-07 03:15:00,1586.0,22.4,43.36,1.0
2024-02-07 03:30:00,1565.0,22.4,43.36,
2024-02-07 03:45:00,1539.0,22.4,43.36,1.0
2024-02-07 04:00:00,1564.0,22.4,43.36,
2024-02-07 04:15:00,1572.0,22.4,43.36,1.0
2024-02-07 04:30:00,1515.0,22.4,43.36,
2024-02-07 04:45:00,1500.0,22.4,43.36,1.0
2024-02-07 05:00:00,1515.0,22.4,43.36,
2024-02-07 05:15:00,1486.0,22.4,43.36,1.0
2024-02-07 05:30:00,1444.5,22.4,43.36,
2024-02-07 05:45:00,1387.0,22.4,43.36,1.0
2024-02-07 06:00:00,1422.5,22.4,42.97,
2024-02-07 06:15:00,1414.0,22.4,42.97,1.0
2024-02-07 06:30:00,1382.5,22.4,42.97,
2024-02-07 06:45:00,1439.0,22.4,42.97,1.0
2024-02-07 07:00:00,1371.5,22.4,42.97,
2024-02-07 07:15:00,1398.0,22.4,42.97,1.0
2024-02-07 07:30:00,1332.5,22.4,42.58,
2024-02-07 07:45:00,887.0,22.4,39.45,1.0
2024-02-07 08:00:00,871.0,22.45,37.89,
2024-02-07 08:15:00,985.0,22.5,35.94,1.0
2024-02-07 08:30:00,1451.0,22.55,37.89,
2024-02-07 08:45:00,1967.0,22.7,40.23,1.0
2024-02-07 09:00:00,2140.0,22.75,41.41,
2024-02-07 09:15:00,2097.0,22.7,40.62,1.0
2024-02-07 09:30:00,1994.5,22.7,40.23,
2024-02-07 09:45:00,2031.0,22.6,40.23,1.0
2024-02-07 10:00:00,1924.5,22.6,40.23,
2024-02-07 10:15:00,1836.0,22.6,40.23,1.0
2024-02-07 10:30:00,1651.0,22.6,39.84,
2024-02-07 10:45:00,1854.0,22.55,40.035,1.0
2024-02-07 11:00:00,1859.0,22.6,40.23,
2024-02-07 11:15:00,1807.5,22.55,40.23,1.0
2024-02-07 11:30:00,1723.0,22.5,40.23,
2024-02-07 11:45:00,2091.0,22.6,41.8,1.0
2024-02-07 12:00:00,2140.0,22.7,42.58,
2024-02-07 12:15:00,2140.0,22.7,43.555,1.0
2024-02-07 12:30:00,2140.0,22.8,44.53,
2024-02-07 12:45:00,2140.0,22.8,45.505,1.0
2024-02-07 13:00:00,2140.0,22.8,46.09,
2024-02-07 13:15:00,2140.0,22.8,44.92,1.0
2024-02-07 13:30:00,2140.0,22.9,44.53,
2024-02-07 13:45:00,2140.0,22.85,42.58,1.0
2024-02-07 14:00:00,2140.0,22.8,41.02,0.5
2024-02-07 14:15:00,2140.0,22.8,42.385,1.0
2024-02-07 14:30:00,2140.0,22.7,41.8,
2024-02-07 14:45:00,2140.0,22.7,41.8,1.0
2024-02-07 15:00:00,2140.0,22.6,41.8,
2024-02-07 15:15:00,2140.0,22.6,41.8,1.0
2024-02-07 15:30:00,2140.0,22.6,41.8,
2024-02-07 15:45:00,2140.0,22.5,41.8,1.0
2024-02-07 16:00:00,2140.0,22.5,41.8,
2024-02-07 16:15:00,2140.0,22.5,41.8,1.0
2024-02-07 16:30:00,2140.0,22.4,41.8,
2024-02-07 16:45:00,2140.0,22.4,41.8,1.0
2024-02-07 17:00:00,2140.0,22.4,41.8,
2024-02-07 17:15:00,2140.0,22.4,41.8,1.0
2024-02-07 17:30:00,2140.0,22.4,41.8,
2024-02-07 17:45:00,2140.0,22.4,41.8,1.0
2024-02-07 18:00:00,2140.0,22.4,41.8,
2024-02-07 18:15:00,2140.0,22.4,41.8,1.0
2024-02-07 18:30:00,2140.0,22.4,41.8,
2024-02-07 18:45:00,2140.0,22.4,41.8,1.0
2024-02-07 19:00:00,2140.0,22.4,41.8,
2024-02-07 19:15:00,2140.0,22.4,41.8,1.0
2024-02-07 19:30:00,2140.0,22.4,41.8,
2024-02-07 19:45:00,2140.0,22.4,41.8,1.0
2024-02-07 20:00:00,2140.0,22.4,41.8,
2024-02-07 20:15:00,2140.0,22.4,41.8,1.0
2024-02-07 20:30:00,2140.0,22.3,41.8,
2024-02-07 20:45:00,2140.0,22.3,41.8,1.0
2024-02-07 21:00:00,2140.0,22.3,41.8,
2024-02-07 21:15:00,2140.0,22.4,41.8,1.0
2024-02-07 21:30:00,2123.5,22.3,41.8,
2024-02-07 21:45:00,2137.0,22.3,41.8,1.0
2024-02-07 22:00:00,2082.0,22.3,41.8,
2024-02-07 22:15:00,2070.0,22.3,41.8,1.0
2024-02-07 22:30:00,2118.5,22.3,41.8,
2024-02-07 22:45:00,2018.0,22.3,41.8,1.0
2024-02-07 23:00:00,2042.0,22.3,41.8,
2024-02-07 23:15:00,1991.0,22.3,41.8,1.0
2024-02-07 23:30:00,1989.5,22.3,41.8,
2024-02-07 23:45:00,1955.0,22.3,41.8,1.0
2024-02-08 00:00:00,1992.5,22.3,41.8,
2024-02-08 00:15:00,1982.0,22.3,41.41,1.0
2024-02-08 00:30:00,1943.0,22.3,41.41,
2024-02-08 00:45:00,1964.0,22.3,41.8,1.0
2024-02-08 01:00:00,1872.0,22.3,41.605,
2024-02-08 01:15:00,1804.0,22.3,41.41,1.0
2024-02-08 01:30:00,1811.0,22.3,41.41,
2024-02-08 01:45:00,1824.0,22.3,41.41,1.0
2024-02-08 02:00:00,1789.0,22.3,41.41,
2024-02-08 02:15:00,1857.0,22.3,41.41,1.0
2024-02-08 02:30:00,1801.0,22.3,41.41,
2024-02-08 02:45:00,1744.5,22.3,41.41,1.0
2024-02-08 03:00:00,1642.0,22.3,41.41,
2024-02-08 03:15:00,1712.0,22.3,41.41,1.0
2024-02-08 03:30:00,1689.0,22.3,41.41,
2024-02-08 03:45:00,1660.0,22.3,41.41,1.0
2024-02-08 04:00:00,1614.0,22.3,41.41,
2024-02-08 04:15:00,1629.5,22.3,41.41,1.0
2024-02-08 04:30:00,1601.0,22.3,41.41,
2024-02-08 04:45:00,1543.5,22.3,41.41,1.0
2024-02-08 05:00:00,1547.0,22.3,41.41,
2024-02-08 05:15:00,1507.0,22.3,41.215,1.0
2024-02-08 05:30:00,1578.0,22.3,41.02,
2024-02-08 05:45:00,1470.0,22.3,41.215,1.0
2024-02-08 06:00:00,1520.0,22.3,41.02,
2024-02-08 06:15:00,1438.5,22.3,41.02,1.0
2024-02-08 06:30:00,1445.0,22.3,41.02,
2024-02-08 06:45:00,1457.5,22.3,41.02,1.0
2024-02-08 07:00:00,1429.0,22.3,41.02,
2024-02-08 07:15:00,1106.5,22.3,38.870000000000005,1.0
2024-02-08 07:30:00,1035.0,22.4,37.5,
2024-02-08 07:45:00,1376.0,22.5,38.67,1.0
2024-02-08 08:00:00,1412.0,22.5,39.06,
2024-02-08 08:15:00,1365.0,22.55,38.67,1.0
2024-02-08 08:30:00,1423.0,22.6,38.67,
2024-02-08 08:45:00,1344.0,22.6,38.475,1.0
2024-02-08 09:00:00,1437.0,22.6,38.67,
2024-02-08 09:15:00,1456.5,22.6,38.67,1.0
2024-02-08 09:30:00,1704.0,22.6,39.06,
2024-02-08 09:45:00,1668.0,22.6,39.06,1.0
2024-02-08 10:00:00,1572.0,22.6,39.06,
2024-02-08 10:15:00,1561.5,22.55,39.255,1.0
2024-02-08 10:30:00,1566.0,22.5,39.45,
2024-02-08 10:45:00,1477.0,22.5,39.45,1.0
2024-02-08 11:00:00,1488.0,22.4,39.45,
2024-02-08 11:15:00,1383.5,22.4,39.45,1.0
2024-02-08 11:30:00,1385.0,22.4,39.45,0.5
2024-02-08 11:45:00,1355.0,22.4,37.89,1.0
2024-02-08 12:00:00,1535.5,22.45,37.695,
2024-02-08 12:15:00,1714.0,22.5,38.67,1.0
2024-02-08 12:30:00,2030.0,22.65,39.45,
2024-02-08 12:45:00,2140.0,22.7,40.23,1.0
2024-02-08 13:00:00,2140.0,22.7,41.215,
2024-02-08 13:15:00,2140.0,22.7,41.8,1.0
2024-02-08 13:30:00,2140.0,22.8,41.41,
2024-02-08 13:45:00,2140.0,22.8,41.41,1.0
2024-02-08 14:00:00,2140.0,22.8,41.41,
2024-02-08 14:15:00,2140.0,22.8,42.19,1.0
2024-02-08 14:30:00,2140.0,22.8,43.165,
2024-02-08 14:45:00,2140.0,22.9,43.75,1.0
2024-02-08 15:00:00,2140.0,22.85,44.335,
2024-02-08 15:15:00,2140.0,22.9,44.92,1.0
2024-02-08 15:30:00,2140.0,22.85,43.165,
2024-02-08 15:45:00,2140.0,22.8,41.8,1.0
2024-02-08 16:00:00,2140.0,22.75,41.995,
2024-02-08 16:15:00,2140.0,22.7,42.19,1.0
2024-02-08 16:30:00,2140.0,22.7,41.995,
2024-02-08 16:45:00,2140.0,22.6,42.19,1.0
2024-02-08 17:00:00,2140.0,22.6,41.8,
2024-02-08 17:15:00,2140.0,22.6,41.8,1.0
2024-02-08 17:30:00,2140.0,22.5,41.8,
2024-02-08 17:45:00,2140.0,22.5,41.8,1.0
2024-02-08 18:00:00,2140.0,22.5,41.8,
2024-02-08 18:15:00,2140.0,22.5,41.8,1.0
2024-02-08 18:30:00,2140.0,22.5,41.8,
2024-02-08 18:45:00,2140.0,22.5,41.8,1.0
2024-02-08 19:00:00,2140.0,22.5,41.8,
2024-02-08 19:15:00,2140.0,22.5,41.8,1.0
2024-02-08 19:30:00,2140.0,22.5,41.8,
2024-02-08 19:45:00,2140.0,22.5,41.8,1.0
2024-02-08 20:00:00,2140.0,22.45,41.8,
2024-02-08 20:15:00,2140.0,22.5,41.41,1.0
2024-02-08 20:30:00,2140.0,22.4,41.41,
2024-02-08 20:45:00,2140.0,22.4,41.41,1.0
2024-02-08 21:00:00,2140.0,22.4,41.41,
2024-02-08 21:15:00,2140.0,22.4,41.605,1.0
2024-02-08 21:30:00,2140.0,22.4,41.41,
2024-02-08 21:45:00,2140.0,22.4,41.41,1.0
2024-02-08 22:00:00,2140.0,22.4,41.41,
2024-02-08 22:15:00,2140.0,22.4,41.41,1.0
2024-02-08 22:30:00,2140.0,22.4,41.41,
2024-02-08 22:45:00,2140.0,22.4,41.41,1.0
2024-02-08 23:00:00,2140.0,22.4,41.41,
2024-02-08 23:15:00,2140.0,22.35,41.41,1.0
2024-02-08 23:30:00,2140.0,22.4,41.41,
2024-02-08 23:45:00,2140.0,22.35,41.41,1.0
2024-02-09 00:00:00,2140.0,22.3,41.41,
2024-02-09 00:15:00,2140.0,22.35,41.41,1.0
2024-02-09 00:30:00,2140.0,22.4,41.41,
2024-02-09 00:45:00,2071.0,22.35,41.41,1.0
2024-02-09 01:00:00,1992.0,22.4,41.41,
2024-02-09 01:15:00,2040.0,22.35,41.41,1.0
2024-02-09 01:30:00,2043.0,22.3,41.41,
2024-02-09 01:45:00,2011.5,22.3,41.41,1.0
2024-02-09 02:00:00,2001.0,22.3,41.41,
2024-02-09 02:15:00,2004.5,22.3,41.215,1.0
2024-02-09 02:30:00,1938.0,22.3,41.02,
2024-02-09 02:45:00,1894.5,22.3,41.02,1.0
2024-02-09 03:00:00,1896.0,22.3,41.02,
2024-02-09 03:15:00,1901.0,22.3,41.02,1.0
2024-02-09 03:30:00,1819.0,22.3,41.02,
2024-02-09 03:45:00,1849.0,22.3,41.02,1.0
2024-02-09 04:00:00,1854.5,22.3,41.02,
2024-02-09 04:15:00,1770.0,22.3,41.02,1.0
2024-02-09 04:30:00,1809.5,22.3,41.02,
2024-02-09 04:45:00,1811.0,22.3,41.02,1.0
2024-02-09 05:00:00,1751.5,22.3,41.02,
2024-02-09 05:15:00,1738.0,22.3,41.02,1.0
2024-02-09 05:30:00,1738.0,22.3,41.02,
2024-02-09 05:45:00,1695.0,22.3,41.02,1.0
2024-02-09 06:00:00,1692.0,22.3,41.02,
2024-02-09 06:15:00,1624.0,22.3,41.02,1.0
2024-02-09 06:30:00,1662.0,22.3,41.02,
2024-02-09 06:45:00,1579.0,22.3,41.02,1.0
2024-02-09 07:00:00,1568.0,22.3,41.02,
2024-02-09 07:15:00,1597.0,22.3,40.62,1.0
2024-02-09 07:30:00,1549.5,22.3,40.62,
2024-02-09 07:45:00,1508.0,22.3,40.62,1.0
2024-02-09 08:00:00,1499.0,22.3,40.425,
2024-02-09 08:15:00,1540.0,22.3,40.23,1.0
2024-02-09 08:30:00,1265.5,22.4,38.865,
2024-02-09 08:45:00,1245.0,22.4,38.28,1.0
2024-02-09 09:00:00,1293.0,22.4,38.28,
2024-02-09 09:15:00,1716.0,22.5,39.06,1.0
2024-02-09 09:30:00,2021.0,22.55,39.84,
2024-02-09 09:45:00,2060.0,22.6,39.84,1.0
2024-02-09 10:00:00,2140.0,22.6,40.425,
2024-02-09 10:15:00,2140.0,22.6,41.02,1.0
2024-02-09 10:30:00,2140.0,22.6,41.41,
2024-02-09 10:45:00,2140.0,22.6,41.02,1.0
2024-02-09 11:00:00,2140.0,22.65,41.605,
2024-02-09 11:15:00,2140.0,22.7,42.19,1.0
2024-02-09 11:30:00,2140.0,22.7,42.97,
2024-02-09 11:45:00,2140.0,22.7,42.58,1.0
2024-02-09 12:00:00,2140.0,22.7,41.995,
2024-02-09 12:15:00,2140.0,22.7,41.02,1.0
2024-02-09 12:30:00,2140.0,22.7,40.62,
2024-02-09 12:45:00,2140.0,22.65,39.84,1.0
2024-02-09 13:00:00,2140.0,22.6,39.84,
