datetime,co2,temperature,humidity,closed_frac
2023-11-01 14:00:00,1489.0,22.833333333333332,48.18,1.0
2023-11-01 14:30:00,1768.6666666666667,22.899999999999995,49.74,1.0
2023-11-01 15:00:00,1692.0,22.96666666666667,48.699999999999996,1.0
2023-11-01 15:30:00,1602.3333333333333,23.099999999999998,47.919999999999995,1.0
2023-11-01 16:00:00,1495.3333333333333,23.0,48.18,1.0
2023-11-01 16:30:00,1545.0,23.133333333333336,47.66,1.0
2023-11-01 17:00:00,1353.6666666666667,23.366666666666664,46.876666666666665,1.0
2023-11-01 17:30:00,1358.6666666666667,23.399999999999995,46.88,0.75
2023-11-01 18:00:00,1314.5,23.15,47.465,1.0
2023-11-01 18:30:00,1271.0,23.03333333333333,47.919999999999995,1.0
2023-11-01 19:00:00,1205.3333333333333,22.899999999999995,48.18,1.0
2023-11-01 19:30:00,1182.6666666666667,22.8,48.56999999999999,1.0
2023-11-01 20:00:00,1198.3333333333333,22.733333333333334,48.830000000000005,1.0
2023-11-01 20:30:00,1157.0,22.7,48.96,1.0
2023-11-01 21:00:00,1164.3333333333333,22.7,49.22,1.0
2023-11-01 21:30:00,1142.6666666666667,22.7,49.22,1.0
2023-11-01 22:00:00,1080.0,22.7,49.35,1.0
2023-11-01 22:30:00,1088.3333333333333,22.666666666666668,49.22,1.0
2023-11-01 23:00:00,1074.0,22.7,49.60999999999999,1.0
2023-11-01 23:30:00,1034.3333333333333,22.666666666666668,49.60999999999999,1.0
2023-11-02 00:00:00,1022.3333333333334,22.666666666666668,49.60999999999999,1.0
2023-11-02 00:30:00,1023.3333333333334,22.666666666666668,49.60999999999999,1.0
2023-11-02 01:00:00,1007.0,22.633333333333336,49.60999999999999,1.0
2023-11-02 01:30:00,978.3333333333334,22.666666666666668,49.60999999999999,1.0
2023-11-02 02:00:00,962.6666666666666,22.666666666666668,49.60999999999999,1.0
2023-11-02 02:30:00,943.0,22.633333333333336,49.60999999999999,1.0
2023-11-02 03:00:00,926.3333333333334,22.666666666666668,49.74,1.0
2023-11-02 03:30:00,896.0,22.666666666666668,49.60999999999999,1.0
2023-11-02 04:00:00,905.0,22.7,49.60999999999999,1.0
2023-11-02 04:30:00,940.0,22.7,49.60999999999999,1.0
2023-11-02 05:00:00,878.6666666666666,22.7,49.74,1.0
2023-11-02 05:30:00,857.0,22.7,50.0,1.0
2023-11-02 06:00:00,863.6666666666666,22.633333333333336,50.0,1.0
2023-11-02 06:30:00,838.0,22.666666666666668,49.870000000000005,1.0
2023-11-02 07:00:00,819.6666666666666,22.733333333333334,50.0,1.0
2023-11-02 07:30:00,814.6666666666666,22.733333333333334,50.0,1.0
2023-11-02 08:00:00,805.3333333333334,22.766666666666666,50.0,1.0
2023-11-02 08:30:00,886.6666666666666,22.8,50.39000000000001,1.0
2023-11-02 09:00:00,1045.6666666666667,22.96666666666667,51.169999999999995,1.0
2023-11-02 09:30:00,1347.0,23.03333333333333,52.34,1.0
2023-11-02 10:00:00,1474.3333333333333,23.100000000000005,52.73,1.0
2023-11-02 10:30:00,1422.3333333333333,23.166666666666668,52.21,1.0
2023-11-02 11:00:00,1406.6666666666667,23.2,51.82,1.0
2023-11-02 11:30:00,1415.3333333333333,23.399999999999995,51.69,1.0
2023-11-02 12:00:00,1320.0,23.4,51.17,1.0
2023-11-02 12:30:00,1243.5,23.2,50.78,1.0
2023-11-02 13:00:00,1149.6666666666667,23.166666666666668,50.78,1.0
2023-11-02 13:30:00,1124.3333333333333,23.166666666666668,50.78,1.0
2023-11-02 14:00:00,1098.6666666666667,22.96666666666667,50.78,1.0
2023-11-02 14:30:00,1124.6666666666667,22.96666666666667,50.78,1.0
2023-11-02 15:00:00,1075.3333333333333,22.833333333333332,50.78,1.0
2023-11-02 15:30:00,1038.0,22.833333333333332,50.78,1.0
2023-11-02 16:00:00,1015.0,22.766666666666666,50.78,1.0
2023-11-02 16:30:00,991.0,22.7,50.78,1.0
2023-11-02 17:00:00,987.6666666666666,22.666666666666668,50.78,1.0
2023-11-02 17:30:00,945.0,22.666666666666668,50.78,1.0
2023-11-02 18:00:00,921.6666666666666,22.633333333333336,50.78,1.0
2023-11-02 18:30:00,903.6666666666666,22.633333333333336,50.78,1.0
2023-11-02 19:00:00,930.0,22.666666666666668,51.04,1.0
2023-11-02 19:30:00,885.3333333333334,22.566666666666666,51.04,1.0
2023-11-02 20:00:00,921.3333333333334,22.600000000000005,51.169999999999995,1.0
2023-11-02 20:30:00,857.6666666666666,22.600000000000005,51.04,1.0
2023-11-02 21:00:00,863.0,22.600000000000005,51.169999999999995,1.0
2023-11-02 21:30:00,817.3333333333334,22.600000000000005,51.169999999999995,1.0
2023-11-02 22:00:00,820.3333333333334,22.600000000000005,51.169999999999995,1.0
2023-11-02 22:30:00,810.3333333333334,22.53333333333333,51.169999999999995,1.0
2023-11-02 23:00:00,809.3333333333334,22.600000000000005,51.169999999999995,1.0
2023-11-02 23:30:00,837.0,22.53333333333333,51.169999999999995,1.0
2023-11-03 00:00:00,783.6666666666666,22.53333333333333,51.169999999999995,1.0
2023-11-03 00:30:00,763.3333333333334,22.5,51.169999999999995,1.0
2023-11-03 01:00:00,744.3333333333334,22.5,51.169999999999995,1.0
2023-11-03 01:30:00,679.6666666666666,22.53333333333333,51.169999999999995,1.0
2023-11-03 02:00:00,742.0,22.53333333333333,51.169999999999995,1.0
2023-11-03 02:30:00,749.6666666666666,22.5,51.169999999999995,1.0
2023-11-03 03:00:00,748.0,22.600000000000005,51.169999999999995,1.0
2023-11-03 03:30:00,752.3333333333334,22.433333333333334,51.169999999999995,1.0
2023-11-03 04:00:00,752.3333333333334,22.53333333333333,51.169999999999995,1.0
2023-11-03 04:30:00,740.6666666666666,22.433333333333334,51.169999999999995,1.0
2023-11-03 05:00:00,726.0,22.600000000000005,51.169999999999995,1.0
2023-11-03 05:30:00,720.3333333333334,22.53333333333333,51.169999999999995,1.0
2023-11-03 06:00:00,718.6666666666666,22.53333333333333,51.169999999999995,1.0
2023-11-03 06:30:00,746.3333333333334,22.5,51.169999999999995,1.0
2023-11-03 07:00:00,711.3333333333334,22.46666666666667,51.169999999999995,1.0
2023-11-03 07:30:00,683.6666666666666,22.5,51.04,1.0
2023-11-03 08:00:00,657.3333333333334,22.5,51.169999999999995,1.0
2023-11-03 08:30:00,702.6666666666666,22.5,51.43000000000001,1.0
2023-11-03 09:00:00,764.0,22.5,52.85999999999999,1.0
2023-11-03 09:30:00,742.5,22.5,52.925,1.0
2023-11-03 10:00:00,732.0,22.53333333333333,52.47,1.0
2023-11-03 10:30:00,773.6666666666666,22.53333333333333,52.34,1.0
2023-11-03 11:00:00,795.0,22.566666666666666,52.080000000000005,1.0
2023-11-03 11:30:00,773.6666666666666,22.5,51.82,1.0
2023-11-03 12:00:00,743.6666666666666,22.5,51.56,1.0
2023-11-03 12:30:00,736.6666666666666,22.5,51.56,1.0
2023-11-03 13:00:00,765.3333333333334,22.53333333333333,51.43000000000001,1.0
2023-11-03 13:30:00,786.0,22.5,51.300000000000004,1.0
2023-11-03 14:00:00,855.0,22.566666666666666,51.56,1.0
2023-11-03 14:30:00,901.3333333333334,22.5,51.56,1.0
2023-11-03 15:00:00,882.0,22.5,51.56,1.0
2023-11-03 15:30:00,912.0,22.53333333333333,51.56,1.0
2023-11-03 16:00:00,898.0,22.633333333333336,51.169999999999995,1.0
2023-11-03 16:30:00,894.6666666666666,22.600000000000005,51.169999999999995,1.0
2023-11-03 17:00:00,898.3333333333334,22.566666666666666,51.169999999999995,1.0
2023-11-03 17:30:00,894.6666666666666,22.53333333333333,51.169999999999995,1.0
2023-11-03 18:00:00,865.6666666666666,22.53333333333333,51.169999999999995,1.0
2023-11-03 18:30:00,868.0,22.5,51.17,1.0
2023-11-03 19:00:00,850.3333333333334,22.53333333333333,51.169999999999995,1.0
2023-11-03 19:30:00,832.3333333333334,22.53333333333333,51.169999999999995,1.0
2023-11-03 20:00:00,853.6666666666666,22.566666666666666,51.169999999999995,1.0
2023-11-03 20:30:00,862.0,22.53333333333333,51.169999999999995,1.0
2023-11-03 21:00:00,834.6666666666666,22.5,51.169999999999995,1.0
2023-11-03 21:30:00,820.6666666666666,22.53333333333333,51.169999999999995,1.0
2023-11-03 22:00:00,859.6666666666666,22.5,51.169999999999995,1.0
2023-11-03 22:30:00,826.3333333333334,22.5,51.169999999999995,1.0
2023-11-03 23:00:00,828.6666666666666,22.46666666666667,51.169999999999995,1.0
2023-11-03 23:30:00,837.0,22.5,51.169999999999995,1.0
2023-11-04 00:00:00,790.0,22.5,51.169999999999995,1.0
2023-11-04 00:30:00,788.6666666666666,22.46666666666667,51.169999999999995,1.0
2023-11-04 01:00:00,786.6666666666666,22.5,51.169999999999995,1.0
2023-11-04 01:30:00,799.3333333333334,22.399999999999995,51.169999999999995,1.0
2023-11-04 02:00:00,767.0,22.433333333333334,51.169999999999995,1.0
2023-11-04 02:30:00,770.3333333333334,22.5,51.04,1.0
2023-11-04 03:00:00,778.0,22.433333333333334,51.169999999999995,1.0
2023-11-04 03:30:00,787.6666666666666,22.433333333333334,51.169999999999995,1.0
2023-11-04 04:00:00,765.3333333333334,22.433333333333334,51.169999999999995,1.0
2023-11-04 04:30:00,815.3333333333334,22.433333333333334,51.169999999999995,1.0
2023-11-04 05:00:00,749.0,22.433333333333334,51.169999999999995,1.0
2023-11-04 05:30:00,768.0,22.366666666666664,51.04,1.0
2023-11-04 06:00:00,750.6666666666666,22.399999999999995,51.04,1.0
2023-11-04 06:30:00,727.6666666666666,22.366666666666664,50.78,1.0
2023-11-04 07:00:00,724.3333333333334,22.333333333333332,50.78,1.0
2023-11-04 07:30:00,746.3333333333334,22.399999999999995,50.78,1.0
2023-11-04 08:00:00,740.6666666666666,22.366666666666664,50.78,1.0
2023-11-04 08:30:00,712.3333333333334,22.366666666666664,50.78,1.0
2023-11-04 09:00:00,722.3333333333334,22.399999999999995,50.65,1.0
2023-11-04 09:30:00,685.3333333333334,22.433333333333334,50.52,1.0
2023-11-04 10:00:00,686.6666666666666,22.399999999999995,50.39000000000001,1.0
2023-11-04 10:30:00,671.6666666666666,22.366666666666664,50.39000000000001,1.0
2023-11-04 11:00:00,697.6666666666666,22.399999999999995,50.65,1.0
2023-11-04 11:30:00,670.3333333333334,22.366666666666664,50.39000000000001,1.0
2023-11-04 12:00:00,659.3333333333334,22.366666666666664,50.39000000000001,1.0
2023-11-04 12:30:00,685.0,22.366666666666664,50.39000000000001,1.0
2023-11-04 13:00:00,658.0,22.399999999999995,50.39000000000001,1.0
2023-11-04 13:30:00,645.6666666666666,22.333333333333332,50.78,1.0
2023-11-04 14:00:00,667.0,22.333333333333332,50.65,1.0
2023-11-04 14:30:00,656.3333333333334,22.3,50.52,1.0
2023-11-04 15:00:00,654.0,22.366666666666664,50.52,1.0
2023-11-04 15:30:00,633.3333333333334,22.3,50.65,1.0
2023-11-04 16:00:00,669.6666666666666,22.3,50.39000000000001,1.0
2023-11-04 16:30:00,622.3333333333334,22.333333333333332,50.39000000000001,1.0
2023-11-04 17:00:00,670.0,22.3,50.39000000000001,1.0
2023-11-04 17:30:00,634.6666666666666,22.3,50.39000000000001,1.0
2023-11-04 18:00:00,663.3333333333334,22.266666666666666,50.39000000000001,1.0
2023-11-04 18:30:00,612.0,22.266666666666666,50.39000000000001,1.0
2023-11-04 19:00:00,640.6666666666666,22.3,50.39000000000001,1.0
2023-11-04 19:30:00,625.0,22.266666666666666,50.39000000000001,1.0
2023-11-04 20:00:00,602.6666666666666,22.3,50.39000000000001,1.0
2023-11-04 20:30:00,620.6666666666666,22.266666666666666,50.39000000000001,1.0
2023-11-04 21:00:00,621.6666666666666,22.3,50.129999999999995,1.0
2023-11-04 21:30:00,600.0,22.266666666666666,50.26,1.0
2023-11-04 22:00:00,585.6666666666666,22.233333333333334,50.129999999999995,1.0
2023-11-04 22:30:00,594.6666666666666,22.233333333333334,50.0,1.0
2023-11-04 23:00:00,616.0,22.3,50.0,1.0
2023-11-04 23:30:00,612.6666666666666,22.266666666666666,50.0,1.0
2023-11-05 00:00:00,601.6666666666666,22.2,50.0,1.0
2023-11-05 00:30:00,608.3333333333334,22.3,50.0,1.0
2023-11-05 01:00:00,605.3333333333334,22.2,50.0,1.0
2023-11-05 01:30:00,597.6666666666666,22.2,50.0,1.0
2023-11-05 02:00:00,566.0,22.233333333333334,50.0,1.0
2023-11-05 02:30:00,568.6666666666666,22.266666666666666,50.0,1.0
2023-11-05 03:00:00,561.0,22.233333333333334,50.0,1.0
2023-11-05 03:30:00,585.6666666666666,22.3,49.870000000000005,1.0
2023-11-05 04:00:00,554.3333333333334,22.233333333333334,50.0,1.0
2023-11-05 04:30:00,551.6666666666666,22.2,50.0,1.0
2023-11-05 05:00:00,549.0,22.266666666666666,49.74,1.0
2023-11-05 05:30:00,536.0,22.233333333333334,49.870000000000005,1.0
2023-11-05 06:00:00,565.0,22.2,49.870000000000005,1.0
2023-11-05 06:30:00,533.6666666666666,22.233333333333334,49.870000000000005,1.0
2023-11-05 07:00:00,532.0,22.3,49.60999999999999,1.0
2023-11-05 07:30:00,509.6666666666667,22.233333333333334,49.60999999999999,1.0
2023-11-05 08:00:00,525.6666666666666,22.233333333333334,49.74,1.0
2023-11-05 08:30:00,552.6666666666666,22.2,49.60999999999999,1.0
2023-11-05 09:00:00,504.3333333333333,22.233333333333334,49.60999999999999,1.0
2023-11-05 09:30:00,524.3333333333334,22.3,49.60999999999999,1.0
2023-11-05 10:00:00,531.0,22.233333333333334,49.870000000000005,1.0
2023-11-05 10:30:00,499.6666666666667,22.2,50.0,1.0
2023-11-05 11:00:00,516.0,22.3,49.60999999999999,1.0
2023-11-05 11:30:00,508.6666666666667,22.266666666666666,49.74,1.0
2023-11-05 12:00:00,502.3333333333333,22.233333333333334,49.870000000000005,1.0
2023-11-05 12:30:00,532.3333333333334,22.2,50.0,1.0
2023-11-05 13:00:00,484.0,22.266666666666666,50.0,1.0
2023-11-05 13:30:00,481.0,22.3,50.0,1.0
2023-11-05 14:00:00,507.0,22.3,50.0,1.0
2023-11-05 14:30:00,512.6666666666666,22.233333333333334,50.0,1.0
2023-11-05 15:00:00,530.6666666666666,22.2,50.0,1.0
2023-11-05 15:30:00,505.0,22.266666666666666,50.0,1.0
2023-11-05 16:00:00,520.0,22.266666666666666,50.0,1.0
2023-11-05 16:30:00,516.6666666666666,22.2,50.0,1.0
2023-11-05 17:00:00,507.3333333333333,22.2,50.0,1.0
2023-11-05 17:30:00,515.3333333333334,22.233333333333334,50.0,1.0
2023-11-05 18:00:00,518.3333333333334,22.133333333333336,50.0,1.0
2023-11-05 18:30:00,506.0,22.166666666666668,50.0,1.0
2023-11-05 19:00:00,526.0,22.166666666666668,50.0,1.0
2023-11-05 19:30:00,520.0,22.166666666666668,50.129999999999995,1.0
2023-11-05 20:00:00,517.0,22.233333333333334,50.129999999999995,1.0
2023-11-05 20:30:00,519.0,22.2,50.26,1.0
2023-11-05 21:00:00,520.3333333333334,22.166666666666668,50.39000000000001,1.0
2023-11-05 21:30:00,486.0,22.2,50.39000000000001,1.0
2023-11-05 22:00:00,520.0,22.166666666666668,50.39000000000001,1.0
2023-11-05 22:30:00,517.3333333333334,22.2,50.39000000000001,1.0
2023-11-05 23:00:00,524.3333333333334,22.233333333333334,50.26,1.0
2023-11-05 23:30:00,520.3333333333334,22.233333333333334,50.26,1.0
2023-11-06 00:00:00,485.3333333333333,22.266666666666666,50.129999999999995,1.0
2023-11-06 00:30:00,519.0,22.2,50.39000000000001,1.0
2023-11-06 01:00:00,524.6666666666666,22.3,50.26,1.0
2023-11-06 01:30:00,515.0,22.266666666666666,50.39000000000001,1.0
2023-11-06 02:00:00,491.3333333333333,22.233333333333334,50.39000000000001,1.0
2023-11-06 02:30:00,516.3333333333334,22.266666666666666,50.39000000000001,1.0
2023-11-06 03:00:00,515.0,22.3,50.39000000000001,1.0
2023-11-06 03:30:00,483.6666666666667,22.3,50.39000000000001,1.0
2023-11-06 04:00:00,512.0,22.266666666666666,50.39000000000001,1.0
2023-11-06 04:30:00,519.6666666666666,22.233333333333334,50.39000000000001,1.0
2023-11-06 05:00:00,550.6666666666666,22.266666666666666,50.39000000000001,1.0
2023-11-06 05:30:00,537.6666666666666,22.266666666666666,50.39000000000001,1.0
2023-11-06 06:00:00,463.3333333333333,22.233333333333334,50.39000000000001,1.0
2023-11-06 06:30:00,504.3333333333333,22.233333333333334,50.39000000000001,1.0
2023-11-06 07:00:00,518.0,22.266666666666666,50.39000000000001,1.0
2023-11-06 07:30:00,520.6666666666666,22.233333333333334,50.39000000000001,1.0
2023-11-06 08:00:00,507.6666666666667,22.2,50.39000000000001,1.0
2023-11-06 08:30:00,512.3333333333334,22.233333333333334,50.39000000000001,1.0
2023-11-06 09:00:00,535.0,22.3,50.39000000000001,1.0
2023-11-06 09:30:00,517.6666666666666,22.266666666666666,50.39000000000001,1.0
2023-11-06 10:00:00,554.0,22.333333333333332,50.39000000000001,1.0
2023-11-06 10:30:00,515.3333333333334,22.366666666666664,50.39000000000001,1.0
2023-11-06 11:00:00,543.6666666666666,22.366666666666664,50.39000000000001,1.0
2023-11-06 11:30:00,586.6666666666666,22.366666666666664,50.39000000000001,1.0
2023-11-06 12:00:00,553.3333333333334,22.3,50.39000000000001,
2023-11-06 12:30:00,602.6666666666666,22.333333333333332,50.39000000000001,1.0
2023-11-06 13:00:00,649.6666666666666,22.3,50.52,
2023-11-06 13:30:00,632.3333333333334,22.333333333333332,50.52,
2023-11-06 14:00:00,673.3333333333334,22.3,50.65,
2023-11-06 14:30:00,668.0,22.266666666666666,50.78,1.0
2023-11-06 15:00:00,675.6666666666666,22.3,50.78,1.0
2023-11-06 15:30:00,667.3333333333334,22.333333333333332,50.65,1.0
2023-11-06 16:00:00,710.0,22.366666666666664,50.65,1.0
2023-11-06 16:30:00,730.3333333333334,22.366666666666664,50.39000000000001,1.0
2023-11-06 17:00:00,732.3333333333334,22.400000000000002,50.39000000000001,1.0
2023-11-06 17:30:00,734.6666666666666,22.399999999999995,50.39000000000001,1.0
2023-11-06 18:00:00,752.0,22.399999999999995,50.39000000000001,1.0
2023-11-06 18:30:00,731.0,22.46666666666667,50.39000000000001,1.0
2023-11-06 19:00:00,730.0,22.399999999999995,50.39000000000001,1.0
2023-11-06 19:30:00,778.0,22.399999999999995,50.39000000000001,1.0
2023-11-06 20:00:00,773.6666666666666,22.399999999999995,50.39000000000001,1.0
2023-11-06 20:30:00,762.6666666666666,22.399999999999995,50.39000000000001,1.0
2023-11-06 21:00:00,744.3333333333334,22.399999999999995,50.39000000000001,1.0
2023-11-06 21:30:00,779.3333333333334,22.399999999999995,50.52,1.0
2023-11-06 22:00:00,763.3333333333334,22.399999999999995,50.52,1.0
2023-11-06 22:30:00,789.3333333333334,22.5,50.39000000000001,1.0
2023-11-06 23:00:00,749.6666666666666,22.333333333333332,50.65,1.0
2023-11-06 23:30:00,751.0,22.333333333333332,50.78,1.0
2023-11-07 00:00:00,752.0,22.366666666666664,50.52,1.0
2023-11-07 00:30:00,741.0,22.433333333333334,50.39000000000001,1.0
2023-11-07 01:00:00,757.3333333333334,22.400000000000002,50.52,1.0
2023-11-07 01:30:00,773.0,22.399999999999995,50.65,1.0
2023-11-07 02:00:00,738.3333333333334,22.399999999999995,50.52,1.0
2023-11-07 02:30:00,743.6666666666666,22.399999999999995,50.52,1.0
2023-11-07 03:00:00,726.0,22.366666666666664,50.65,1.0
2023-11-07 03:30:00,734.3333333333334,22.399999999999995,50.39000000000001,1.0
2023-11-07 04:00:00,710.3333333333334,22.366666666666664,50.52,1.0
2023-11-07 04:30:00,727.0,22.366666666666664,50.52,1.0
2023-11-07 05:00:00,736.6666666666666,22.399999999999995,50.39000000000001,1.0
2023-11-07 05:30:00,736.0,22.366666666666664,50.52,1.0
2023-11-07 06:00:00,683.0,22.366666666666664,50.39000000000001,1.0
2023-11-07 06:30:00,699.3333333333334,22.366666666666664,50.39000000000001,1.0
2023-11-07 07:00:00,707.6666666666666,22.399999999999995,50.39000000000001,1.0
2023-11-07 07:30:00,701.5,22.35,50.39,1.0
2023-11-07 08:00:00,659.0,22.366666666666664,50.39000000000001,1.0
2023-11-07 08:30:00,680.3333333333334,22.366666666666664,50.39000000000001,1.0
2023-11-07 09:00:00,673.3333333333334,22.366666666666664,50.52,1.0
2023-11-07 09:30:00,718.3333333333334,22.333333333333332,50.65,1.0
2023-11-07 10:00:00,700.3333333333334,22.3,50.78,1.0
2023-11-07 10:30:00,712.6666666666666,22.333333333333332,50.78,1.0
2023-11-07 11:00:00,692.3333333333334,22.399999999999995,50.65,1.0
2023-11-07 11:30:00,737.6666666666666,22.399999999999995,50.65,1.0
2023-11-07 12:00:00,721.3333333333334,22.366666666666664,50.78,1.0
2023-11-07 12:30:00,752.3333333333334,22.366666666666664,50.78,1.0
2023-11-07 13:00:00,765.6666666666666,22.399999999999995,50.78,1.0
2023-11-07 13:30:00,743.6666666666666,22.366666666666664,50.78,1.0
2023-11-07 14:00:00,800.0,22.399999999999995,50.78,1.0
2023-11-07 14:30:00,798.3333333333334,22.366666666666664,50.78,1.0
2023-11-07 15:00:00,817.3333333333334,22.46666666666667,50.78,1.0
2023-11-07 15:30:00,1220.6666666666667,22.599999999999998,52.47,1.0
2023-11-07 16:00:00,1263.3333333333333,22.833333333333332,51.95333333333334,1.0
2023-11-07 16:30:00,1245.0,22.96666666666667,51.169999999999995,1.0
2023-11-07 17:00:00,1323.0,23.066666666666666,51.169999999999995,1.0
2023-11-07 17:30:00,1398.6666666666667,23.166666666666668,51.300000000000004,1.0
2023-11-07 18:00:00,1369.3333333333333,22.899999999999995,51.56,1.0
2023-11-07 18:30:00,1299.6666666666667,22.8,51.56,1.0
2023-11-07 19:00:00,1302.6666666666667,22.666666666666668,51.56,1.0
2023-11-07 19:30:00,1291.6666666666667,22.566666666666666,51.82,1.0
2023-11-07 20:00:00,1274.6666666666667,22.5,51.82,1.0
2023-11-07 20:30:00,1240.0,22.433333333333334,51.82,1.0
2023-11-07 21:00:00,1195.3333333333333,22.433333333333334,51.69,1.0
2023-11-07 21:30:00,1205.6666666666667,22.433333333333334,51.82,1.0
2023-11-07 22:00:00,1175.6666666666667,22.399999999999995,51.56,1.0
2023-11-07 22:30:00,1124.3333333333333,22.399999999999995,51.56,1.0
2023-11-07 23:00:00,1128.0,22.399999999999995,51.56,1.0
2023-11-07 23:30:00,1191.3333333333333,22.366666666666664,51.56,1.0
2023-11-08 00:00:00,1067.3333333333333,22.399999999999995,51.56,1.0
2023-11-08 00:30:00,1052.3333333333333,22.399999999999995,51.56,1.0
2023-11-08 01:00:00,1070.6666666666667,22.399999999999995,51.56,1.0
2023-11-08 01:30:00,1081.3333333333333,22.399999999999995,51.56,1.0
2023-11-08 02:00:00,1027.6666666666667,22.399999999999995,51.56,1.0
2023-11-08 02:30:00,975.3333333333334,22.333333333333332,51.43000000000001,1.0
2023-11-08 03:00:00,954.3333333333334,22.366666666666664,51.300000000000004,1.0
2023-11-08 03:30:00,931.3333333333334,22.333333333333332,51.169999999999995,1.0
2023-11-08 04:00:00,932.6666666666666,22.333333333333332,51.169999999999995,1.0
2023-11-08 04:30:00,953.0,22.3,51.17,1.0
2023-11-08 05:00:00,975.6666666666666,22.3,51.169999999999995,1.0
2023-11-08 05:30:00,918.6666666666666,22.3,51.169999999999995,1.0
2023-11-08 06:00:00,921.6666666666666,22.3,51.169999999999995,1.0
2023-11-08 06:30:00,891.3333333333334,22.3,51.169999999999995,1.0
2023-11-08 07:00:00,883.3333333333334,22.333333333333332,51.169999999999995,1.0
2023-11-08 07:30:00,838.0,22.266666666666666,51.169999999999995,1.0
2023-11-08 08:00:00,837.0,22.366666666666664,51.169999999999995,1.0
2023-11-08 08:30:00,822.6666666666666,22.366666666666664,51.169999999999995,1.0
2023-11-08 09:00:00,869.0,22.433333333333334,51.169999999999995,1.0
2023-11-08 09:30:00,850.6666666666666,22.399999999999995,51.169999999999995,1.0
2023-11-08 10:00:00,846.6666666666666,22.399999999999995,51.169999999999995,1.0
2023-11-08 10:30:00,831.6666666666666,22.399999999999995,51.169999999999995,1.0
2023-11-08 11:00:00,854.6666666666666,22.399999999999995,51.169999999999995,1.0
2023-11-08 11:30:00,824.0,22.366666666666664,51.169999999999995,1.0
2023-11-08 12:00:00,799.3333333333334,22.399999999999995,51.169999999999995,1.0
2023-11-08 12:30:00,828.3333333333334,22.399999999999995,51.169999999999995,1.0
2023-11-08 13:00:00,811.3333333333334,22.399999999999995,51.169999999999995,1.0
2023-11-08 13:30:00,855.6666666666666,22.399999999999995,51.169999999999995,1.0
2023-11-08 14:00:00,848.3333333333334,22.399999999999995,51.169999999999995,1.0
2023-11-08 14:30:00,870.6666666666666,22.433333333333334,51.169999999999995,1.0
2023-11-08 15:00:00,853.3333333333334,22.366666666666664,51.169999999999995,1.0
2023-11-08 15:30:00,848.6666666666666,22.399999999999995,50.910000000000004,1.0
2023-11-08 16:00:00,852.3333333333334,22.399999999999995,50.78,1.0
2023-11-08 16:30:00,812.6666666666666,22.46666666666667,50.78,1.0
2023-11-08 17:00:00,800.6666666666666,22.399999999999995,50.78,1.0
2023-11-08 17:30:00,863.6666666666666,22.399999999999995,50.78,1.0
2023-11-08 18:00:00,885.3333333333334,22.399999999999995,50.78,1.0
2023-11-08 18:30:00,856.0,22.399999999999995,50.78,1.0
2023-11-08 19:00:00,845.3333333333334,22.433333333333334,50.78,1.0
2023-11-08 19:30:00,772.6666666666666,22.46666666666667,50.78,1.0
2023-11-08 20:00:00,784.3333333333334,22.433333333333334,50.78,1.0
2023-11-08 20:30:00,785.3333333333334,22.46666666666667,50.78,1.0
2023-11-08 21:00:00,766.0,22.399999999999995,50.78,1.0
2023-11-08 21:30:00,765.3333333333334,22.433333333333334,50.78,1.0
2023-11-08 22:00:00,717.3333333333334,22.399999999999995,50.78,1.0
2023-11-08 22:30:00,715.3333333333334,22.433333333333334,50.78,1.0
2023-11-08 23:00:00,748.0,22.433333333333334,50.78,1.0
2023-11-08 23:30:00,728.0,22.46666666666667,50.78,1.0
2023-11-09 00:00:00,721.3333333333334,22.46666666666667,50.78,1.0
2023-11-09 00:30:00,725.3333333333334,22.433333333333334,50.78,1.0
2023-11-09 01:00:00,705.6666666666666,22.46666666666667,50.78,1.0
2023-11-09 01:30:00,733.6666666666666,22.433333333333334,50.78,1.0
2023-11-09 02:00:00,680.6666666666666,22.433333333333334,50.78,1.0
2023-11-09 02:30:00,701.6666666666666,22.399999999999995,50.78,1.0
2023-11-09 03:00:00,688.6666666666666,22.399999999999995,50.65,1.0
2023-11-09 03:30:00,687.6666666666666,22.366666666666664,50.78,1.0
2023-11-09 04:00:00,657.0,22.333333333333332,50.65,1.0
2023-11-09 04:30:00,669.3333333333334,22.399999999999995,50.78,1.0
2023-11-09 05:00:00,628.0,22.366666666666664,50.65,1.0
2023-11-09 05:30:00,649.0,22.333333333333332,50.65,1.0
2023-11-09 06:00:00,644.0,22.366666666666664,50.78,1.0
2023-11-09 06:30:00,618.6666666666666,22.333333333333332,50.52,1.0
2023-11-09 07:00:00,611.0,22.333333333333332,50.39000000000001,1.0
2023-11-09 07:30:00,622.6666666666666,22.333333333333332,50.65,1.0
2023-11-09 08:00:00,633.3333333333334,22.399999999999995,50.65,1.0
2023-11-09 08:30:00,698.6666666666666,22.399999999999995,51.43000000000001,1.0
2023-11-09 09:00:00,764.3333333333334,22.5,51.56,0.75
2023-11-09 09:30:00,883.3333333333334,22.666666666666668,51.169999999999995,1.0
2023-11-09 10:00:00,1062.0,22.833333333333332,52.34,1.0
2023-11-09 10:30:00,1203.3333333333333,22.933333333333334,52.6,1.0
2023-11-09 11:00:00,1146.3333333333333,23.03333333333333,51.69,1.0
2023-11-09 11:30:00,1176.6666666666667,23.099999999999998,51.56,1.0
2023-11-09 12:00:00,1244.0,23.066666666666666,51.95000000000001,1.0
2023-11-09 12:30:00,1198.0,22.766666666666666,51.95000000000001,1.0
2023-11-09 13:00:00,1191.6666666666667,22.666666666666668,52.34,1.0
2023-11-09 13:30:00,1178.5,22.65,52.34,1.0
2023-11-09 14:00:00,1251.6666666666667,22.600000000000005,52.34,1.0
2023-11-09 14:30:00,1194.0,22.566666666666666,52.34,1.0
2023-11-09 15:00:00,1209.0,22.566666666666666,52.34,1.0
2023-11-09 15:30:00,1177.6666666666667,22.53333333333333,52.21,1.0
2023-11-09 16:00:00,1133.0,22.53333333333333,52.21,1.0
2023-11-09 16:30:00,1128.0,22.53333333333333,51.95000000000001,1.0
2023-11-09 17:00:00,1074.3333333333333,22.5,51.95000000000001,1.0
2023-11-09 17:30:00,1076.3333333333333,22.433333333333334,51.95000000000001,1.0
2023-11-09 18:00:00,1020.6666666666666,22.46666666666667,51.95000000000001,1.0
2023-11-09 18:30:00,1012.6666666666666,22.46666666666667,51.95000000000001,1.0
2023-11-09 19:00:00,1042.3333333333333,22.46666666666667,51.95000000000001,1.0
2023-11-09 19:30:00,1047.6666666666667,22.399999999999995,51.82,1.0
2023-11-09 20:00:00,1030.3333333333333,22.46666666666667,51.82,1.0
2023-11-09 20:30:00,987.0,22.433333333333334,51.56,1.0
2023-11-09 21:00:00,992.6666666666666,22.399999999999995,51.56,1.0
2023-11-09 21:30:00,950.3333333333334,22.399999999999995,51.56,1.0
2023-11-09 22:00:00,938.0,22.399999999999995,51.56,1.0
2023-11-09 22:30:00,943.3333333333334,22.433333333333334,51.56,1.0
2023-11-09 23:00:00,896.6666666666666,22.433333333333334,51.56,1.0
2023-11-09 23:30:00,889.6666666666666,22.5,51.56,1.0
2023-11-10 00:00:00,861.3333333333334,22.5,51.56,1.0
2023-11-10 00:30:00,877.6666666666666,22.366666666666664,51.56,1.0
2023-11-10 01:00:00,870.0,22.366666666666664,51.56,1.0
2023-11-10 01:30:00,843.6666666666666,22.433333333333334,51.56,1.0
2023-11-10 02:00:00,840.0,22.399999999999995,51.43000000000001,1.0
2023-11-10 02:30:00,867.6666666666666,22.399999999999995,51.43000000000001,1.0
2023-11-10 03:00:00,828.0,22.433333333333334,51.300000000000004,1.0
2023-11-10 03:30:00,817.3333333333334,22.366666666666664,51.169999999999995,1.0
2023-11-10 04:00:00,792.0,22.399999999999995,51.169999999999995,1.0
2023-11-10 04:30:00,781.6666666666666,22.333333333333332,51.169999999999995,1.0
2023-11-10 05:00:00,747.0,22.333333333333332,51.169999999999995,1.0
2023-11-10 05:30:00,715.3333333333334,22.366666666666664,51.169999999999995,1.0
2023-11-10 06:00:00,716.6666666666666,22.366666666666664,51.169999999999995,1.0
2023-11-10 06:30:00,715.3333333333334,22.333333333333332,51.169999999999995,1.0
2023-11-10 07:00:00,723.0,22.333333333333332,51.169999999999995,1.0
2023-11-10 07:30:00,673.3333333333334,22.333333333333332,51.169999999999995,1.0
2023-11-10 08:00:00,690.6666666666666,22.3,51.04,1.0
2023-11-10 08:30:00,687.3333333333334,22.3,51.169999999999995,1.0
2023-11-10 09:00:00,690.0,22.333333333333332,51.04,1.0
2023-11-10 09:30:00,748.0,22.3,51.169999999999995,1.0
2023-11-10 10:00:00,704.3333333333334,22.3,51.169999999999995,1.0
2023-11-10 10:30:00,713.3333333333334,22.3,51.169999999999995,1.0
2023-11-10 11:00:00,722.6666666666666,22.333333333333332,51.169999999999995,1.0
2023-11-10 11:30:00,757.3333333333334,22.333333333333332,51.169999999999995,1.0
2023-11-10 12:00:00,754.3333333333334,22.3,51.169999999999995,1.0
2023-11-10 12:30:00,763.0,22.333333333333332,51.169999999999995,1.0
2023-11-10 13:00:00,770.6666666666666,22.3,51.169999999999995,1.0
2023-11-10 13:30:00,829.3333333333334,22.3,51.169999999999995,1.0
2023-11-10 14:00:00,812.0,22.333333333333332,51.169999999999995,1.0
2023-11-10 14:30:00,820.6666666666666,22.333333333333332,51.169999999999995,1.0
2023-11-10 15:00:00,864.5,22.3,51.17,1.0
2023-11-10 15:30:00,875.6666666666666,22.366666666666664,50.910000000000004,1.0
2023-11-10 16:00:00,819.0,22.366666666666664,50.78,1.0
2023-11-10 16:30:00,828.0,22.366666666666664,50.78,1.0
2023-11-10 17:00:00,807.0,22.333333333333332,50.78,1.0
2023-11-10 17:30:00,821.0,22.3,50.78,1.0
2023-11-10 18:00:00,825.3333333333334,22.399999999999995,50.78,1.0
2023-11-10 18:30:00,823.0,22.333333333333332,50.78,1.0
2023-11-10 19:00:00,800.6666666666666,22.366666666666664,50.78,1.0
2023-11-10 19:30:00,815.3333333333334,22.399999999999995,50.78,1.0
2023-11-10 20:00:00,803.0,22.3,50.78,1.0
2023-11-10 20:30:00,827.3333333333334,22.399999999999995,50.78,1.0
2023-11-10 21:00:00,813.3333333333334,22.399999999999995,50.78,1.0
2023-11-10 21:30:00,829.3333333333334,22.399999999999995,50.78,1.0
2023-11-10 22:00:00,812.0,22.3,50.78,1.0
2023-11-10 22:30:00,797.3333333333334,22.366666666666664,50.78,1.0
2023-11-10 23:00:00,805.0,22.333333333333332,50.78,1.0
2023-11-10 23:30:00,736.3333333333334,22.366666666666664,50.78,1.0
2023-11-11 00:00:00,766.0,22.366666666666664,50.78,1.0
2023-11-11 00:30:00,774.6666666666666,22.333333333333332,50.78,1.0
2023-11-11 01:00:00,742.3333333333334,22.366666666666664,50.78,1.0
2023-11-11 01:30:00,708.0,22.333333333333332,50.52,1.0
2023-11-11 02:00:00,756.6666666666666,22.3,50.78,1.0
2023-11-11 02:30:00,725.6666666666666,22.3,50.78,1.0
2023-11-11 03:00:00,732.3333333333334,22.3,50.65,1.0
2023-11-11 03:30:00,768.0,22.3,50.78,1.0
2023-11-11 04:00:00,742.6666666666666,22.266666666666666,50.65,1.0
2023-11-11 04:30:00,731.0,22.266666666666666,50.52,1.0
2023-11-11 05:00:00,723.3333333333334,22.3,50.52,1.0
2023-11-11 05:30:00,776.6666666666666,22.266666666666666,50.39000000000001,1.0
2023-11-11 06:00:00,735.0,22.266666666666666,50.52,1.0
2023-11-11 06:30:00,735.0,22.3,50.39000000000001,1.0
2023-11-11 07:00:00,679.6666666666666,22.2,50.39000000000001,1.0
2023-11-11 07:30:00,696.6666666666666,22.266666666666666,50.39000000000001,1.0
2023-11-11 08:00:00,736.3333333333334,22.266666666666666,50.39000000000001,1.0
2023-11-11 08:30:00,683.6666666666666,22.3,50.26,1.0
2023-11-11 09:00:00,664.6666666666666,22.3,50.39000000000001,1.0
2023-11-11 09:30:00,671.3333333333334,22.3,50.26,1.0
2023-11-11 10:00:00,667.6666666666666,22.3,50.129999999999995,1.0
2023-11-11 10:30:00,611.6666666666666,22.3,50.0,1.0
2023-11-11 11:00:00,655.6666666666666,22.3,50.0,1.0
2023-11-11 11:30:00,675.0,22.3,50.0,1.0
2023-11-11 12:00:00,657.6666666666666,22.3,50.0,1.0
2023-11-11 12:30:00,627.6666666666666,22.3,50.0,1.0
2023-11-11 13:00:00,611.6666666666666,22.3,50.0,1.0
2023-11-11 13:30:00,621.6666666666666,22.233333333333334,50.0,1.0
2023-11-11 14:00:00,592.3333333333334,22.3,50.0,1.0
2023-11-11 14:30:00,619.6666666666666,22.3,50.0,1.0
2023-11-11 15:00:00,566.0,22.3,50.0,1.0
2023-11-11 15:30:00,603.6666666666666,22.266666666666666,50.0,1.0
2023-11-11 16:00:00,583.6666666666666,22.2,50.0,1.0
2023-11-11 16:30:00,603.6666666666666,22.233333333333334,50.0,1.0
2023-11-11 17:00:00,573.3333333333334,22.266666666666666,50.0,1.0
2023-11-11 17:30:00,587.6666666666666,22.233333333333334,50.0,1.0
2023-11-11 18:00:00,587.0,22.2,50.0,1.0
2023-11-11 18:30:00,584.3333333333334,22.2,49.870000000000005,1.0
2023-11-11 19:00:00,570.6666666666666,22.2,50.0,1.0
2023-11-11 19:30:00,597.6666666666666,22.2,50.0,1.0
2023-11-11 20:00:00,547.3333333333334,22.233333333333334,50.0,1.0
2023-11-11 20:30:00,562.3333333333334,22.233333333333334,50.0,1.0
2023-11-11 21:00:00,552.3333333333334,22.2,50.0,1.0
2023-11-11 21:30:00,549.6666666666666,22.2,50.0,1.0
2023-11-11 22:00:00,537.6666666666666,22.233333333333334,50.0,1.0
2023-11-11 22:30:00,573.3333333333334,22.3,50.0,1.0
2023-11-11 23:00:00,561.3333333333334,22.233333333333334,50.0,1.0
2023-11-11 23:30:00,566.3333333333334,22.2,50.0,1.0
2023-11-12 00:00:00,546.6666666666666,22.2,50.0,1.0
2023-11-12 00:30:00,548.3333333333334,22.2,50.0,1.0
2023-11-12 01:00:00,555.0,22.233333333333334,50.0,1.0
2023-11-12 01:30:00,555.6666666666666,22.266666666666666,50.0,1.0
2023-11-12 02:00:00,533.6666666666666,22.2,50.0,1.0
2023-11-12 02:30:00,553.0,22.233333333333334,50.0,1.0
2023-11-12 03:00:00,542.3333333333334,22.2,50.0,1.0
2023-11-12 03:30:00,546.3333333333334,22.2,50.0,1.0
2023-11-12 04:00:00,549.6666666666666,22.3,50.0,1.0
2023-11-12 04:30:00,571.3333333333334,22.2,50.0,1.0
2023-11-12 05:00:00,528.6666666666666,22.2,50.0,1.0
2023-11-12 05:30:00,518.6666666666666,22.2,50.0,1.0
2023-11-12 06:00:00,520.6666666666666,22.233333333333334,49.74,1.0
2023-11-12 06:30:00,536.6666666666666,22.233333333333334,49.74,1.0
2023-11-12 07:00:00,532.0,22.2,49.60999999999999,1.0
2023-11-12 07:30:00,533.0,22.233333333333334,49.60999999999999,1.0
2023-11-12 08:00:00,553.0,22.266666666666666,49.60999999999999,1.0
2023-11-12 08:30:00,501.6666666666667,22.3,49.60999999999999,1.0
2023-11-12 09:00:00,543.0,22.266666666666666,49.60999999999999,1.0
2023-11-12 09:30:00,550.0,22.25,49.61,1.0
2023-11-12 10:00:00,510.6666666666667,22.266666666666666,49.60999999999999,1.0
2023-11-12 10:30:00,515.6666666666666,22.266666666666666,49.60999999999999,1.0
2023-11-12 11:00:00,490.6666666666667,22.233333333333334,49.60999999999999,1.0
2023-11-12 11:30:00,517.6666666666666,22.2,49.60999999999999,1.0
2023-11-12 12:00:00,523.3333333333334,22.2,49.60999999999999,1.0
2023-11-12 12:30:00,494.0,22.2,49.60999999999999,1.0
2023-11-12 13:00:00,503.0,22.266666666666666,49.48,1.0
2023-11-12 13:30:00,504.0,22.3,49.35,1.0
2023-11-12 14:00:00,495.6666666666667,22.233333333333334,49.48,1.0
2023-11-12 14:30:00,488.0,22.2,49.60999999999999,1.0
2023-11-12 15:00:00,473.6666666666667,22.266666666666666,49.35,1.0
2023-11-12 15:30:00,499.0,22.3,49.60999999999999,1.0
2023-11-12 16:00:00,513.0,22.3,49.22,1.0
2023-11-12 16:30:00,499.6666666666667,22.233333333333334,49.48,1.0
2023-11-12 17:00:00,508.0,22.233333333333334,49.22,1.0
2023-11-12 17:30:00,495.0,22.233333333333334,49.22,1.0
2023-11-12 18:00:00,476.6666666666667,22.266666666666666,49.22,1.0
2023-11-12 18:30:00,480.0,22.233333333333334,49.22,1.0
2023-11-12 19:00:00,467.0,22.233333333333334,49.22,1.0
2023-11-12 19:30:00,488.6666666666667,22.233333333333334,49.22,1.0
2023-11-12 20:00:00,489.6666666666667,22.233333333333334,49.22,1.0
2023-11-12 20:30:00,477.3333333333333,22.233333333333334,49.22,1.0
2023-11-12 21:00:00,478.0,22.2,49.22,1.0
2023-11-12 21:30:00,459.6666666666667,22.166666666666668,49.22,1.0
2023-11-12 22:00:00,484.6666666666667,22.266666666666666,49.22,1.0
2023-11-12 22:30:00,468.6666666666667,22.133333333333336,49.22,1.0
2023-11-12 23:00:00,498.6666666666667,22.100000000000005,49.22,1.0
2023-11-12 23:30:00,461.6666666666667,22.166666666666668,49.22,1.0
2023-11-13 00:00:00,460.3333333333333,22.166666666666668,49.22,1.0
2023-11-13 00:30:00,489.3333333333333,22.166666666666668,49.22,1.0
2023-11-13 01:00:00,455.6666666666667,22.233333333333334,49.22,
2023-11-13 01:30:00,,,,1.0
2023-11-13 02:00:00,,,,
2023-11-13 02:30:00,,,,
2023-11-13 03:00:00,,,,
2023-11-13 03:30:00,,,,
2023-11-13 04:00:00,489.0,22.1,49.22,1.0
2023-11-13 04:30:00,473.6666666666667,22.166666666666668,49.22,1.0
2023-11-13 05:00:00,475.0,22.100000000000005,49.22,1.0
2023-11-13 05:30:00,469.3333333333333,22.100000000000005,49.22,1.0
2023-11-13 06:00:00,484.0,22.166666666666668,48.96,1.0
2023-11-13 06:30:00,487.3333333333333,22.2,48.830000000000005,1.0
2023-11-13 07:00:00,460.0,22.133333333333336,48.699999999999996,1.0
2023-11-13 07:30:00,484.6666666666667,22.100000000000005,48.44,1.0
2023-11-13 08:00:00,461.0,22.166666666666668,48.44,1.0
2023-11-13 08:30:00,475.6666666666667,22.166666666666668,48.44,1.0
2023-11-13 09:00:00,465.0,22.133333333333336,48.44,1.0
2023-11-13 09:30:00,502.0,22.166666666666668,48.44,1.0
2023-11-13 10:00:00,497.3333333333333,22.2,48.31,1.0
2023-11-13 10:30:00,498.0,22.333333333333332,47.66,1.0
2023-11-13 11:00:00,493.6666666666667,22.599999999999998,47.01,1.0
2023-11-13 11:30:00,531.0,22.8,46.88,1.0
2023-11-13 12:00:00,517.3333333333334,22.833333333333332,47.01,1.0
2023-11-13 12:30:00,565.3333333333334,22.666666666666668,47.4,1.0
2023-11-13 13:00:00,544.3333333333334,22.53333333333333,47.66,1.0
2023-11-13 13:30:00,930.3333333333334,22.599999999999998,48.04999999999999,1.0
2023-11-13 14:00:00,1448.0,22.900000000000002,49.870000000000005,1.0
2023-11-13 14:30:00,1321.0,22.96666666666667,48.44,1.0
2023-11-13 15:00:00,1532.0,23.066666666666666,49.089999999999996,1.0
2023-11-13 15:30:00,1785.6666666666667,22.96666666666667,50.39000000000001,1.0
2023-11-13 16:00:00,2073.0,23.0,51.43000000000001,1.0
2023-11-13 16:30:00,2206.0,23.03333333333333,51.82,1.0
2023-11-13 17:00:00,2229.0,23.0,51.95000000000001,1.0
2023-11-13 17:30:00,2491.6666666666665,23.066666666666666,52.47,1.0
2023-11-13 18:00:00,2713.6666666666665,23.066666666666666,52.99,1.0
2023-11-13 18:30:00,2876.3333333333335,23.066666666666666,53.12,1.0
2023-11-13 19:00:00,3062.0,23.15,53.12,1.0
2023-11-13 19:30:00,3140.0,23.100000000000005,53.52,1.0
2023-11-13 20:00:00,3260.6666666666665,23.099999999999998,53.91,1.0
2023-11-13 20:30:00,3312.3333333333335,23.133333333333336,53.78,1.0
2023-11-13 21:00:00,3183.6666666666665,22.899999999999995,53.123333333333335,1.0
2023-11-13 21:30:00,3118.0,22.8,52.47,1.0
2023-11-13 22:00:00,2823.3333333333335,22.666666666666668,52.21,1.0
2023-11-13 22:30:00,2741.3333333333335,22.600000000000005,51.95000000000001,1.0
2023-11-13 23:00:00,2593.6666666666665,22.53333333333333,51.82,1.0
2023-11-13 23:30:00,2414.6666666666665,22.5,51.43000000000001,1.0
2023-11-14 00:00:00,2377.0,22.46666666666667,51.169999999999995,1.0
2023-11-14 00:30:00,2250.0,22.366666666666664,50.910000000000004,1.0
2023-11-14 01:00:00,2122.6666666666665,22.333333333333332,50.78,1.0
2023-11-14 01:30:00,2062.0,22.366666666666664,50.65,1.0
2023-11-14 02:00:00,1967.0,22.333333333333332,50.39000000000001,1.0
2023-11-14 02:30:00,1916.3333333333333,22.3,50.26,1.0
2023-11-14 03:00:00,1823.0,22.266666666666666,50.0,1.0
2023-11-14 03:30:00,1749.6666666666667,22.333333333333332,50.0,1.0
2023-11-14 04:00:00,1642.0,22.2,49.74,1.0
2023-11-14 04:30:00,1584.6666666666667,22.2,49.60999999999999,1.0
2023-11-14 05:00:00,1470.3333333333333,22.266666666666666,49.60999999999999,1.0
2023-11-14 05:30:00,1437.3333333333333,22.266666666666666,49.60999999999999,1.0
2023-11-14 06:00:00,1393.0,22.266666666666666,49.48,1.0
2023-11-14 06:30:00,1367.6666666666667,22.233333333333334,49.22,1.0
2023-11-14 07:00:00,1277.0,22.233333333333334,49.22,1.0
2023-11-14 07:30:00,1183.0,22.233333333333334,49.089999999999996,1.0
2023-11-14 08:00:00,1163.0,22.233333333333334,49.089999999999996,1.0
2023-11-14 08:30:00,1132.6666666666667,22.266666666666666,48.830000000000005,1.0
2023-11-14 09:00:00,1078.0,22.233333333333334,48.830000000000005,1.0
2023-11-14 09:30:00,1078.0,22.166666666666668,48.830000000000005,1.0
2023-11-14 10:00:00,1028.3333333333333,22.266666666666666,48.699999999999996,1.0
2023-11-14 10:30:00,960.0,22.166666666666668,48.699999999999996,1.0
2023-11-14 11:00:00,961.3333333333334,22.233333333333334,48.44,1.0
2023-11-14 11:30:00,899.0,22.2,48.44,1.0
2023-11-14 12:00:00,883.3333333333334,22.166666666666668,48.56999999999999,1.0
2023-11-14 12:30:00,921.6666666666666,22.2,48.44,1.0
2023-11-14 13:00:00,875.3333333333334,22.2,48.830000000000005,1.0
2023-11-14 13:30:00,828.0,22.2,48.830000000000005,1.0
2023-11-14 14:00:00,929.3333333333334,22.266666666666666,48.699999999999996,1.0
2023-11-14 14:30:00,849.0,22.133333333333336,48.830000000000005,1.0
2023-11-14 15:00:00,876.6666666666666,22.166666666666668,48.830000000000005,1.0
2023-11-14 15:30:00,855.6666666666666,22.2,48.699999999999996,1.0
2023-11-14 16:00:00,1108.0,22.266666666666666,49.48,1.0
2023-11-14 16:30:00,1454.0,22.400000000000002,50.52,1.0
2023-11-14 17:00:00,1107.6666666666667,22.633333333333336,47.66,1.0
2023-11-14 17:30:00,1184.3333333333333,22.766666666666666,47.916666666666664,1.0
2023-11-14 18:00:00,1528.6666666666667,22.766666666666666,49.74,1.0
2023-11-14 18:30:00,1018.6666666666666,22.8,46.873333333333335,1.0
2023-11-14 19:00:00,883.0,23.03333333333333,45.830000000000005,1.0
2023-11-14 19:30:00,1016.3333333333334,23.03333333333333,47.14000000000001,1.0
2023-11-14 20:00:00,1303.6666666666667,22.96666666666667,48.44,1.0
2023-11-14 20:30:00,1540.6666666666667,22.96666666666667,49.74,1.0
2023-11-14 21:00:00,1788.6666666666667,22.866666666666664,50.65,1.0
2023-11-14 21:30:00,2168.0,22.900000000000002,51.56,1.0
2023-11-14 22:00:00,2272.3333333333335,22.933333333333334,52.21,1.0
2023-11-14 22:30:00,2483.6666666666665,22.933333333333334,52.6,1.0
2023-11-14 23:00:00,2717.3333333333335,22.933333333333334,53.25333333333333,1.0
2023-11-14 23:30:00,2680.3333333333335,22.866666666666664,52.73,1.0
2023-11-15 00:00:00,2610.6666666666665,22.633333333333336,52.21,1.0
2023-11-15 00:30:00,2514.0,22.53333333333333,51.95000000000001,1.0
2023-11-15 01:00:00,2323.6666666666665,22.433333333333334,51.56,1.0
2023-11-15 01:30:00,2240.6666666666665,22.366666666666664,51.56,1.0
2023-11-15 02:00:00,2222.0,22.3,51.169999999999995,1.0
2023-11-15 02:30:00,2070.6666666666665,22.233333333333334,51.04,1.0
2023-11-15 03:00:00,2039.0,22.3,50.78,1.0
2023-11-15 03:30:00,1941.3333333333333,22.266666666666666,50.39000000000001,1.0
2023-11-15 04:00:00,1873.0,22.266666666666666,50.39000000000001,1.0
2023-11-15 04:30:00,1816.6666666666667,22.3,50.39000000000001,1.0
2023-11-15 05:00:00,1763.6666666666667,22.266666666666666,50.129999999999995,1.0
2023-11-15 05:30:00,1700.3333333333333,22.266666666666666,50.0,1.0
2023-11-15 06:00:00,1617.0,22.15,50.0,1.0
2023-11-15 06:30:00,1630.3333333333333,22.2,49.60999999999999,1.0
2023-11-15 07:00:00,1553.3333333333333,22.2,49.60999999999999,1.0
2023-11-15 07:30:00,1487.3333333333333,22.2,49.22,1.0
2023-11-15 08:00:00,1381.3333333333333,22.2,49.22,1.0
2023-11-15 08:30:00,1389.3333333333333,22.233333333333334,49.22,1.0
2023-11-15 09:00:00,1291.0,22.233333333333334,48.44,1.0
2023-11-15 09:30:00,1151.0,22.400000000000002,47.13666666666666,1.0
2023-11-15 10:00:00,1154.6666666666667,22.766666666666666,46.74666666666667,1.0
2023-11-15 10:30:00,1123.0,22.899999999999995,46.88,1.0
2023-11-15 11:00:00,1100.0,22.833333333333332,46.48,1.0
2023-11-15 11:30:00,1066.3333333333333,22.899999999999995,46.35,1.0
2023-11-15 12:00:00,1053.6666666666667,23.0,46.74666666666667,1.0
2023-11-15 12:30:00,1003.3333333333334,22.833333333333332,46.88,1.0
2023-11-15 13:00:00,1014.3333333333334,22.666666666666668,47.27,1.0
2023-11-15 13:30:00,1023.0,22.566666666666666,47.66,1.0
2023-11-15 14:00:00,1003.6666666666666,22.46666666666667,47.66,1.0
2023-11-15 14:30:00,980.0,22.46666666666667,48.04999999999999,1.0
2023-11-15 15:00:00,969.3333333333334,22.433333333333334,48.04999999999999,1.0
2023-11-15 15:30:00,961.0,22.366666666666664,48.04999999999999,1.0
2023-11-15 16:00:00,1243.6666666666667,22.566666666666666,46.22,1.0
2023-11-15 16:30:00,1301.6666666666667,22.8,45.96,1.0
2023-11-15 17:00:00,1311.0,22.933333333333334,45.96,1.0
2023-11-15 17:30:00,1285.3333333333333,23.03333333333333,45.830000000000005,1.0
2023-11-15 18:00:00,1434.3333333333333,23.0,47.13666666666666,1.0
2023-11-15 18:30:00,1520.6666666666667,22.866666666666664,47.66,1.0
2023-11-15 19:00:00,1484.3333333333333,22.733333333333334,48.04999999999999,1.0
2023-11-15 19:30:00,1433.0,22.600000000000005,48.04999999999999,1.0
2023-11-15 20:00:00,1357.6666666666667,22.433333333333334,48.04999999999999,1.0
2023-11-15 20:30:00,1355.3333333333333,22.433333333333334,48.04999999999999,1.0
2023-11-15 21:00:00,1299.0,22.333333333333332,48.04999999999999,1.0
2023-11-15 21:30:00,1241.0,22.366666666666664,48.04999999999999,1.0
2023-11-15 22:00:00,1241.3333333333333,22.3,48.04999999999999,1.0
2023-11-15 22:30:00,1164.5,22.35,48.05,1.0
2023-11-15 23:00:00,1156.3333333333333,22.3,47.919999999999995,1.0
2023-11-15 23:30:00,1166.3333333333333,22.3,47.79,1.0
2023-11-16 00:00:00,1060.6666666666667,22.233333333333334,47.66,1.0
2023-11-16 00:30:00,1038.6666666666667,22.233333333333334,47.66,1.0
2023-11-16 01:00:00,1039.3333333333333,22.233333333333334,47.66,1.0
2023-11-16 01:30:00,957.6666666666666,22.233333333333334,47.66,1.0
2023-11-16 02:00:00,941.6666666666666,22.2,47.4,1.0
2023-11-16 02:30:00,923.3333333333334,22.133333333333336,47.27,1.0
2023-11-16 03:00:00,883.0,22.2,47.27,1.0
2023-11-16 03:30:00,848.0,22.2,47.14000000000001,1.0
2023-11-16 04:00:00,818.3333333333334,22.2,46.88,1.0
2023-11-16 04:30:00,767.0,22.166666666666668,46.88,1.0
2023-11-16 05:00:00,743.0,22.100000000000005,46.88,1.0
2023-11-16 05:30:00,777.3333333333334,22.133333333333336,46.48,1.0
2023-11-16 06:00:00,717.0,22.100000000000005,46.48,1.0
2023-11-16 06:30:00,686.3333333333334,22.100000000000005,46.35,1.0
2023-11-16 07:00:00,651.0,22.166666666666668,46.09,1.0
2023-11-16 07:30:00,609.0,22.066666666666666,46.09,1.0
2023-11-16 08:00:00,613.6666666666666,22.066666666666666,46.09,1.0
2023-11-16 08:30:00,590.6666666666666,22.133333333333336,46.09,1.0
2023-11-16 09:00:00,608.0,22.100000000000005,46.09,1.0
2023-11-16 09:30:00,604.0,22.100000000000005,46.09,1.0
2023-11-16 10:00:00,593.3333333333334,22.100000000000005,46.09,1.0
2023-11-16 10:30:00,654.0,22.133333333333336,46.48333333333333,1.0
2023-11-16 11:00:00,853.0,22.3,47.79,1.0
2023-11-16 11:30:00,932.3333333333334,22.53333333333333,47.53,1.0
2023-11-16 12:00:00,955.0,22.53333333333333,47.79,1.0
2023-11-16 12:30:00,934.3333333333334,22.400000000000002,47.66,1.0
2023-11-16 13:00:00,895.3333333333334,22.233333333333334,47.66,1.0
2023-11-16 13:30:00,899.3333333333334,22.166666666666668,47.53,1.0
2023-11-16 14:00:00,813.0,22.2,47.27,1.0
2023-11-16 14:30:00,803.3333333333334,22.166666666666668,47.27,1.0
2023-11-16 15:00:00,793.0,22.166666666666668,47.27,1.0
2023-11-16 15:30:00,763.0,22.2,47.01,1.0
2023-11-16 16:00:00,764.0,22.166666666666668,46.616666666666674,1.0
2023-11-16 16:30:00,965.6666666666666,22.399999999999995,46.48333333333333,1.0
2023-11-16 17:00:00,1148.6666666666667,22.53333333333333,47.53,1.0
2023-11-16 17:30:00,1147.3333333333333,22.566666666666666,47.26666666666667,1.0
2023-11-16 18:00:00,816.6666666666666,22.733333333333334,44.919999999999995,1.0
2023-11-16 18:30:00,785.0,22.866666666666664,44.4,1.0
2023-11-16 19:00:00,768.0,22.9,45.115,1.0
2023-11-16 19:30:00,837.3333333333334,22.7,45.57,1.0
2023-11-16 20:00:00,781.3333333333334,22.53333333333333,46.09,1.0
2023-11-16 20:30:00,813.0,22.433333333333334,46.09,1.0
2023-11-16 21:00:00,751.6666666666666,22.399999999999995,46.09,1.0
2023-11-16 21:30:00,756.6666666666666,22.2,46.09,1.0
2023-11-16 22:00:00,763.6666666666666,22.2,46.09,1.0
2023-11-16 22:30:00,737.6666666666666,22.233333333333334,46.09,1.0
2023-11-16 23:00:00,674.6666666666666,22.2,46.09,1.0
2023-11-16 23:30:00,709.3333333333334,22.2,46.22,1.0
2023-11-17 00:00:00,706.6666666666666,22.2,46.22,1.0
2023-11-17 00:30:00,687.3333333333334,22.2,46.09,1.0
2023-11-17 01:00:00,712.0,22.2,46.22,1.0
2023-11-17 01:30:00,684.3333333333334,22.2,46.22,1.0
2023-11-17 02:00:00,689.3333333333334,22.2,46.22,1.0
2023-11-17 02:30:00,658.3333333333334,22.2,46.35,1.0
2023-11-17 03:00:00,683.6666666666666,22.2,46.48,1.0
2023-11-17 03:30:00,662.6666666666666,22.133333333333336,46.48,1.0
2023-11-17 04:00:00,635.3333333333334,22.133333333333336,46.48,1.0
2023-11-17 04:30:00,591.3333333333334,22.166666666666668,46.48,1.0
2023-11-17 05:00:00,600.0,22.100000000000005,46.48,1.0
2023-11-17 05:30:00,591.6666666666666,22.100000000000005,46.35,1.0
2023-11-17 06:00:00,570.5,22.05,46.09,1.0
2023-11-17 06:30:00,566.5,22.025,46.09,1.0
2023-11-17 07:00:00,567.0,22.0,46.09,1.0
2023-11-17 07:30:00,603.0,22.100000000000005,45.96,1.0
2023-11-17 08:00:00,557.0,22.100000000000005,45.830000000000005,1.0
2023-11-17 08:30:00,574.0,22.066666666666666,45.70000000000001,1.0
2023-11-17 09:00:00,564.0,22.03333333333333,45.70000000000001,1.0
2023-11-17 09:30:00,515.6666666666666,22.3,45.050000000000004,1.0
2023-11-17 10:00:00,527.0,22.5,44.660000000000004,1.0
2023-11-17 10:30:00,545.6666666666666,22.46666666666667,44.919999999999995,1.0
2023-11-17 11:00:00,1014.3333333333334,22.53333333333333,46.22,1.0
2023-11-17 11:30:00,1007.6666666666666,22.399999999999995,46.48,1.0
2023-11-17 12:00:00,991.6666666666666,22.333333333333332,46.61333333333334,1.0
2023-11-17 12:30:00,970.6666666666666,22.233333333333334,46.61333333333334,1.0
2023-11-17 13:00:00,1003.0,22.233333333333334,46.88,1.0
2023-11-17 13:30:00,1207.0,22.433333333333334,46.09,1.0
2023-11-17 14:00:00,1380.0,22.633333333333336,46.22,1.0
2023-11-17 14:30:00,1836.3333333333333,22.766666666666666,49.48,1.0
2023-11-17 15:00:00,2260.0,22.766666666666666,51.95000000000001,1.0
2023-11-17 15:30:00,2527.3333333333335,22.766666666666666,51.69,1.0
2023-11-17 16:00:00,2449.0,22.666666666666668,50.65,1.0
2023-11-17 16:30:00,2384.6666666666665,22.53333333333333,50.26,1.0
2023-11-17 17:00:00,2304.0,22.399999999999995,49.870000000000005,1.0
2023-11-17 17:30:00,2139.3333333333335,22.333333333333332,49.48,1.0
2023-11-17 18:00:00,2029.0,22.3,49.089999999999996,1.0
2023-11-17 18:30:00,1940.6666666666667,22.3,48.830000000000005,1.0
2023-11-17 19:00:00,1859.0,22.266666666666666,48.56999999999999,1.0
2023-11-17 19:30:00,1807.3333333333333,22.266666666666666,48.699999999999996,1.0
2023-11-17 20:00:00,1760.0,22.233333333333334,48.44,1.0
2023-11-17 20:30:00,1744.6666666666667,22.233333333333334,48.44,1.0
2023-11-17 21:00:00,1709.0,22.266666666666666,48.44,1.0
2023-11-17 21:30:00,1691.0,22.2,48.18,1.0
2023-11-17 22:00:00,1609.0,22.2,48.04999999999999,1.0
2023-11-17 22:30:00,1594.3333333333333,22.133333333333336,48.04999999999999,1.0
2023-11-17 23:00:00,1510.3333333333333,22.133333333333336,48.04999999999999,1.0
2023-11-17 23:30:00,1497.3333333333333,22.2,48.04999999999999,1.0
2023-11-18 00:00:00,1465.6666666666667,22.133333333333336,47.79,1.0
2023-11-18 00:30:00,1442.6666666666667,22.133333333333336,47.79,1.0
2023-11-18 01:00:00,1352.0,22.100000000000005,47.66,1.0
2023-11-18 01:30:00,1368.0,22.05,47.66,1.0
2023-11-18 02:00:00,1359.6666666666667,22.03333333333333,47.66,1.0
2023-11-18 02:30:00,1290.0,22.03333333333333,47.66,1.0
2023-11-18 03:00:00,1276.6666666666667,22.03333333333333,47.53,1.0
2023-11-18 03:30:00,1247.3333333333333,22.100000000000005,47.27,1.0
2023-11-18 04:00:00,1174.3333333333333,22.066666666666666,47.4,1.0
2023-11-18 04:30:00,1178.3333333333333,22.066666666666666,47.27,1.0
2023-11-18 05:00:00,1103.6666666666667,22.066666666666666,47.27,1.0
2023-11-18 05:30:00,1128.6666666666667,22.066666666666666,47.27,1.0
2023-11-18 06:00:00,1107.6666666666667,22.03333333333333,47.14000000000001,1.0
2023-11-18 06:30:00,1069.6666666666667,22.03333333333333,46.88,1.0
2023-11-18 07:00:00,1032.3333333333333,22.0,46.48,1.0
2023-11-18 07:30:00,1019.0,22.0,46.48,1.0
2023-11-18 08:00:00,991.3333333333334,21.96666666666667,46.09,1.0
2023-11-18 08:30:00,975.3333333333334,21.96666666666667,46.09,1.0
2023-11-18 09:00:00,932.3333333333334,21.96666666666667,45.96,1.0
2023-11-18 09:30:00,909.6666666666666,21.96666666666667,45.70000000000001,1.0
2023-11-18 10:00:00,890.0,21.96666666666667,45.70000000000001,1.0
2023-11-18 10:30:00,848.3333333333334,21.96666666666667,45.70000000000001,1.0
2023-11-18 11:00:00,857.0,21.933333333333334,45.70000000000001,1.0
2023-11-18 11:30:00,834.6666666666666,22.0,45.44,1.0
2023-11-18 12:00:00,835.0,21.933333333333334,45.31,1.0
2023-11-18 12:30:00,803.3333333333334,21.933333333333334,45.31,1.0
2023-11-18 13:00:00,787.0,21.933333333333334,45.31,1.0
2023-11-18 13:30:00,751.0,21.933333333333334,45.050000000000004,1.0
2023-11-18 14:00:00,741.0,21.96666666666667,44.919999999999995,1.0
2023-11-18 14:30:00,716.3333333333334,22.0,44.919999999999995,1.0
2023-11-18 15:00:00,736.0,21.96666666666667,44.919999999999995,1.0
2023-11-18 15:30:00,710.6666666666666,21.899999999999995,44.919999999999995,1.0
2023-11-18 16:00:00,687.6666666666666,21.96666666666667,44.79,1.0
2023-11-18 16:30:00,667.6666666666666,22.0,44.53,1.0
2023-11-18 17:00:00,674.3333333333334,21.933333333333334,44.53,1.0
2023-11-18 17:30:00,647.0,21.933333333333334,44.53,1.0
2023-11-18 18:00:00,665.0,21.933333333333334,44.53,1.0
2023-11-18 18:30:00,686.6666666666666,21.899999999999995,44.53,1.0
2023-11-18 19:00:00,642.6666666666666,21.899999999999995,44.660000000000004,1.0
2023-11-18 19:30:00,642.0,21.899999999999995,44.919999999999995,1.0
2023-11-18 20:00:00,583.0,21.866666666666664,44.919999999999995,1.0
2023-11-18 20:30:00,595.0,21.899999999999995,44.919999999999995,1.0
2023-11-18 21:00:00,584.0,21.866666666666664,44.919999999999995,1.0
2023-11-18 21:30:00,566.3333333333334,21.899999999999995,45.18000000000001,1.0
2023-11-18 22:00:00,573.6666666666666,21.866666666666664,45.18000000000001,1.0
2023-11-18 22:30:00,580.0,21.900000000000002,45.050000000000004,1.0
2023-11-18 23:00:00,602.0,21.933333333333334,45.31,1.0
2023-11-18 23:30:00,569.3333333333334,21.96666666666667,45.31,1.0
2023-11-19 00:00:00,607.6666666666666,21.866666666666664,45.31,1.0
2023-11-19 00:30:00,562.3333333333334,21.899999999999995,45.31,1.0
2023-11-19 01:00:00,572.6666666666666,21.899999999999995,45.31,1.0
2023-11-19 01:30:00,541.3333333333334,22.0,45.31,1.0
2023-11-19 02:00:00,569.3333333333334,21.933333333333334,45.31,1.0
2023-11-19 02:30:00,574.6666666666666,21.8,45.31,1.0
2023-11-19 03:00:00,569.6666666666666,21.933333333333334,45.31,1.0
2023-11-19 03:30:00,590.3333333333334,21.96666666666667,45.31,1.0
2023-11-19 04:00:00,569.6666666666666,21.899999999999995,45.31,1.0
2023-11-19 04:30:00,592.0,21.899999999999995,45.31,1.0
2023-11-19 05:00:00,547.0,21.95,45.505,1.0
2023-11-19 05:30:00,554.6666666666666,21.933333333333334,45.31,1.0
2023-11-19 06:00:00,554.3333333333334,21.933333333333334,45.31,1.0
2023-11-19 06:30:00,541.6666666666666,21.900000000000002,45.31,1.0
2023-11-19 07:00:00,521.0,21.899999999999995,45.31,1.0
2023-11-19 07:30:00,520.0,21.899999999999995,45.18000000000001,1.0
2023-11-19 08:00:00,502.6666666666667,21.866666666666664,45.18000000000001,1.0
2023-11-19 08:30:00,463.3333333333333,21.899999999999995,45.050000000000004,1.0
2023-11-19 09:00:00,507.0,21.866666666666664,45.31,1.0
2023-11-19 09:30:00,486.3333333333333,21.899999999999995,45.31,1.0
2023-11-19 10:00:00,461.6666666666667,21.866666666666664,45.31,1.0
2023-11-19 10:30:00,451.6666666666667,21.866666666666664,45.18000000000001,1.0
2023-11-19 11:00:00,454.3333333333333,21.866666666666664,45.31,1.0
2023-11-19 11:30:00,466.6666666666667,21.866666666666664,45.18000000000001,1.0
2023-11-19 12:00:00,461.0,21.899999999999995,44.919999999999995,1.0
2023-11-19 12:30:00,495.3333333333333,21.866666666666664,44.919999999999995,1.0
2023-11-19 13:00:00,466.6666666666667,21.833333333333332,44.919999999999995,1.0
2023-11-19 13:30:00,458.6666666666667,21.833333333333332,44.919999999999995,1.0
2023-11-19 14:00:00,485.6666666666667,21.866666666666664,44.919999999999995,1.0
2023-11-19 14:30:00,465.3333333333333,21.899999999999995,44.919999999999995,1.0
2023-11-19 15:00:00,457.0,21.833333333333332,44.919999999999995,1.0
2023-11-19 15:30:00,455.6666666666667,21.866666666666664,44.919999999999995,1.0
2023-11-19 16:00:00,451.6666666666667,21.833333333333332,44.919999999999995,1.0
2023-11-19 16:30:00,468.0,21.8,44.919999999999995,1.0
2023-11-19 17:00:00,491.6666666666667,21.866666666666664,44.919999999999995,1.0
2023-11-19 17:30:00,475.6666666666667,21.8,44.919999999999995,1.0
2023-11-19 18:00:00,486.0,21.8,44.79,1.0
2023-11-19 18:30:00,474.0,21.8,44.919999999999995,1.0
2023-11-19 19:00:00,465.0,21.8,44.79,1.0
2023-11-19 19:30:00,474.3333333333333,21.833333333333332,44.919999999999995,1.0
2023-11-19 20:00:00,482.0,21.866666666666664,44.919999999999995,1.0
2023-11-19 20:30:00,495.3333333333333,21.8,44.919999999999995,1.0
2023-11-19 21:00:00,514.0,21.833333333333332,44.919999999999995,1.0
2023-11-19 21:30:00,495.3333333333333,21.833333333333332,44.919999999999995,1.0
2023-11-19 22:00:00,506.6666666666667,21.866666666666664,44.919999999999995,1.0
2023-11-19 22:30:00,477.3333333333333,21.899999999999995,44.919999999999995,1.0
2023-11-19 23:00:00,468.6666666666667,21.866666666666664,44.919999999999995,1.0
2023-11-19 23:30:00,482.3333333333333,21.833333333333332,44.919999999999995,1.0
2023-11-20 00:00:00,492.0,21.8,44.919999999999995,1.0
2023-11-20 00:30:00,488.0,21.866666666666664,44.919999999999995,1.0
2023-11-20 01:00:00,481.0,21.866666666666664,44.919999999999995,1.0
2023-11-20 01:30:00,472.6666666666667,21.833333333333332,45.050000000000004,1.0
2023-11-20 02:00:00,449.0,21.833333333333332,45.18000000000001,1.0
2023-11-20 02:30:00,450.3333333333333,21.833333333333332,44.919999999999995,1.0
2023-11-20 03:00:00,419.0,21.8,45.050000000000004,1.0
2023-11-20 03:30:00,437.6666666666667,21.866666666666664,45.050000000000004,1.0
2023-11-20 04:00:00,426.0,21.833333333333332,45.31,1.0
2023-11-20 04:30:00,408.6666666666667,21.833333333333332,45.31,1.0
2023-11-20 05:00:00,455.3333333333333,21.833333333333332,45.31,1.0
2023-11-20 05:30:00,432.6666666666667,21.866666666666664,45.31,1.0
2023-11-20 06:00:00,401.3333333333333,21.833333333333332,45.31,1.0
2023-11-20 06:30:00,407.0,21.833333333333332,45.18000000000001,1.0
2023-11-20 07:00:00,418.0,21.866666666666664,45.050000000000004,1.0
2023-11-20 07:30:00,414.0,21.866666666666664,45.18000000000001,1.0
2023-11-20 08:00:00,398.3333333333333,21.899999999999995,45.050000000000004,1.0
2023-11-20 08:30:00,694.3333333333334,21.933333333333334,45.57,1.0
2023-11-20 09:00:00,868.6666666666666,22.3,45.44,1.0
2023-11-20 09:30:00,1002.0,22.53333333333333,45.050000000000004,1.0
2023-11-20 10:00:00,1135.6666666666667,22.7,45.31,1.0
2023-11-20 10:30:00,1328.3333333333333,22.7,45.70000000000001,1.0
2023-11-20 11:00:00,1565.6666666666667,22.666666666666668,46.876666666666665,1.0
2023-11-20 11:30:00,1778.3333333333333,22.666666666666668,47.79,1.0
2023-11-20 12:00:00,1874.6666666666667,22.633333333333336,47.79,1.0
2023-11-20 12:30:00,1737.0,22.53333333333333,47.27,1.0
2023-11-20 13:00:00,1844.3333333333333,22.5,47.66,1.0
2023-11-20 13:30:00,2148.3333333333335,22.566666666666666,48.96,1.0
2023-11-20 14:00:00,2400.6666666666665,22.599999999999998,49.60999999999999,1.0
2023-11-20 14:30:00,2418.0,22.65,50.0,1.0
2023-11-20 15:00:00,2656.3333333333335,22.600000000000005,50.39000000000001,1.0
2023-11-20 15:30:00,2928.3333333333335,22.633333333333336,50.78,1.0
2023-11-20 16:00:00,3080.6666666666665,22.666666666666668,50.78,1.0
2023-11-20 16:30:00,3332.6666666666665,22.7,51.300000000000004,1.0
2023-11-20 17:00:00,3495.3333333333335,22.633333333333336,51.56,1.0
2023-11-20 17:30:00,3160.3333333333335,22.633333333333336,50.52,1.0
2023-11-20 18:00:00,3282.0,22.7,51.169999999999995,1.0
2023-11-20 18:30:00,3406.6666666666665,22.666666666666668,51.69,1.0
2023-11-20 19:00:00,3419.0,22.566666666666666,51.169999999999995,1.0
2023-11-20 19:30:00,3263.0,22.399999999999995,50.78,1.0
2023-11-20 20:00:00,3242.6666666666665,22.333333333333332,50.52,1.0
2023-11-20 20:30:00,2993.6666666666665,22.266666666666666,50.26,1.0
2023-11-20 21:00:00,2915.6666666666665,22.2,50.0,1.0
2023-11-20 21:30:00,2741.3333333333335,22.2,49.60999999999999,1.0
2023-11-20 22:00:00,2705.3333333333335,22.166666666666668,49.60999999999999,1.0
2023-11-20 22:30:00,2589.6666666666665,22.166666666666668,49.22,1.0
2023-11-20 23:00:00,2541.6666666666665,22.133333333333336,49.22,1.0
2023-11-20 23:30:00,2536.3333333333335,22.099999999999998,48.96,1.0
2023-11-21 00:00:00,2515.0,22.100000000000005,48.830000000000005,1.0
2023-11-21 00:30:00,2352.0,22.03333333333333,48.830000000000005,1.0
2023-11-21 01:00:00,2348.3333333333335,22.066666666666666,48.44,1.0
2023-11-21 01:30:00,2225.3333333333335,22.03333333333333,48.44,1.0
2023-11-21 02:00:00,2240.6666666666665,22.03333333333333,48.44,1.0
2023-11-21 02:30:00,2076.0,22.03333333333333,48.44,1.0
2023-11-21 03:00:00,2140.6666666666665,22.0,48.31,1.0
2023-11-21 03:30:00,2036.3333333333333,22.03333333333333,48.04999999999999,1.0
2023-11-21 04:00:00,2005.6666666666667,22.03333333333333,48.04999999999999,1.0
2023-11-21 04:30:00,1931.3333333333333,22.03333333333333,48.04999999999999,1.0
2023-11-21 05:00:00,1839.0,22.0,47.79,1.0
2023-11-21 05:30:00,1829.3333333333333,21.96666666666667,47.66,1.0
2023-11-21 06:00:00,1711.0,21.933333333333334,47.66,1.0
2023-11-21 06:30:00,1687.0,21.96666666666667,47.4,1.0
2023-11-21 07:00:00,1628.5,21.95,47.27,1.0
2023-11-21 07:30:00,1614.3333333333333,21.96666666666667,47.27,1.0
2023-11-21 08:00:00,1516.3333333333333,21.933333333333334,46.88,1.0
2023-11-21 08:30:00,1513.6666666666667,21.899999999999995,46.88,1.0
2023-11-21 09:00:00,1418.6666666666667,21.96666666666667,46.61333333333334,1.0
2023-11-21 09:30:00,1432.6666666666667,21.96666666666667,46.48,1.0
2023-11-21 10:00:00,1327.3333333333333,21.933333333333334,46.48,1.0
2023-11-21 10:30:00,1285.0,22.0,46.48,1.0
2023-11-21 11:00:00,1249.6666666666667,21.933333333333334,46.09,1.0
2023-11-21 11:30:00,1202.0,21.96666666666667,46.09,1.0
2023-11-21 12:00:00,1211.0,22.0,45.96,1.0
2023-11-21 12:30:00,1182.0,22.03333333333333,45.70000000000001,1.0
2023-11-21 13:00:00,1062.3333333333333,21.933333333333334,45.70000000000001,1.0
2023-11-21 13:30:00,1064.6666666666667,21.96666666666667,45.31,1.0
2023-11-21 14:00:00,1038.0,21.96666666666667,45.31,1.0
2023-11-21 14:30:00,1040.3333333333333,21.933333333333334,45.31,1.0
2023-11-21 15:00:00,1057.0,21.96666666666667,45.31,1.0
2023-11-21 15:30:00,1018.3333333333334,21.933333333333334,45.31,1.0
2023-11-21 16:00:00,1087.6666666666667,21.96666666666667,44.919999999999995,1.0
2023-11-21 16:30:00,1410.0,22.3,44.79,1.0
2023-11-21 17:00:00,1309.0,22.5,43.23,1.0
2023-11-21 17:30:00,1661.0,22.433333333333334,45.31,1.0
2023-11-21 18:00:00,1961.3333333333333,22.46666666666667,46.74666666666667,1.0
2023-11-21 18:30:00,1175.3333333333333,22.600000000000005,41.93,1.0
2023-11-21 19:00:00,1064.6666666666667,22.733333333333334,40.75333333333333,1.0
2023-11-21 19:30:00,1003.0,22.766666666666666,40.623333333333335,1.0
2023-11-21 20:00:00,1017.0,22.7,41.406666666666666,1.0
2023-11-21 20:30:00,1053.3333333333333,22.433333333333334,42.839999999999996,1.0
2023-11-21 21:00:00,1054.0,22.3,43.35999999999999,1.0
2023-11-21 21:30:00,1040.3333333333333,22.233333333333334,43.75,1.0
2023-11-21 22:00:00,1043.3333333333333,22.133333333333336,44.01,1.0
2023-11-21 22:30:00,1036.3333333333333,22.100000000000005,44.14000000000001,1.0
2023-11-21 23:00:00,1031.0,22.03333333333333,44.53,1.0
2023-11-21 23:30:00,1017.6666666666666,22.03333333333333,44.53,1.0
2023-11-22 00:00:00,991.6666666666666,22.0,44.53,1.0
2023-11-22 00:30:00,968.6666666666666,22.0,44.53,1.0
2023-11-22 01:00:00,936.6666666666666,22.0,44.919999999999995,1.0
2023-11-22 01:30:00,952.3333333333334,22.0,44.919999999999995,1.0
2023-11-22 02:00:00,930.3333333333334,21.933333333333334,44.919999999999995,1.0
2023-11-22 02:30:00,958.0,21.95,44.92,1.0
2023-11-22 03:00:00,929.0,21.933333333333334,44.919999999999995,1.0
2023-11-22 03:30:00,881.6666666666666,21.933333333333334,44.919999999999995,1.0
2023-11-22 04:00:00,937.3333333333334,21.899999999999995,44.919999999999995,1.0
2023-11-22 04:30:00,896.6666666666666,21.899999999999995,44.919999999999995,1.0
2023-11-22 05:00:00,861.6666666666666,21.933333333333334,44.919999999999995,1.0
2023-11-22 05:30:00,873.6666666666666,21.899999999999995,44.919999999999995,1.0
2023-11-22 06:00:00,844.0,21.833333333333332,45.050000000000004,1.0
2023-11-22 06:30:00,856.6666666666666,21.899999999999995,44.919999999999995,1.0
2023-11-22 07:00:00,856.0,21.899999999999995,44.919999999999995,1.0
2023-11-22 07:30:00,793.3333333333334,21.866666666666664,44.53,1.0
2023-11-22 08:00:00,811.0,21.833333333333332,44.53,1.0
2023-11-22 08:30:00,819.0,21.899999999999995,44.53,1.0
2023-11-22 09:00:00,806.3333333333334,21.899999999999995,44.53,1.0
2023-11-22 09:30:00,771.6666666666666,21.96666666666667,44.53,1.0
2023-11-22 10:00:00,866.0,21.96666666666667,44.79,1.0
2023-11-22 10:30:00,1393.3333333333333,22.333333333333332,47.39666666666667,1.0
2023-11-22 11:00:00,1648.0,22.5,47.919999999999995,1.0
2023-11-22 11:30:00,1936.3333333333333,22.46666666666667,48.44,1.0
2023-11-22 12:00:00,2294.0,22.46666666666667,49.35,1.0
2023-11-22 12:30:00,2538.0,22.5,49.870000000000005,1.0
2023-11-22 13:00:00,2647.0,22.53333333333333,49.48,1.0
2023-11-22 13:30:00,2969.6666666666665,22.5,49.870000000000005,1.0
2023-11-22 14:00:00,2489.3333333333335,22.566666666666666,47.916666666666664,1.0
2023-11-22 14:30:00,2081.0,22.566666666666666,46.74333333333333,1.0
2023-11-22 15:00:00,2359.6666666666665,22.600000000000005,48.04999999999999,1.0
2023-11-22 15:30:00,2359.3333333333335,22.566666666666666,48.050000000000004,
2023-11-22 16:00:00,2101.6666666666665,22.633333333333336,46.74666666666667,1.0
2023-11-22 16:30:00,2437.3333333333335,22.600000000000005,48.04999999999999,1.0
2023-11-22 17:00:00,2658.3333333333335,22.633333333333336,48.96,1.0
2023-11-22 17:30:00,2741.6666666666665,22.599999999999998,49.22,1.0
2023-11-22 18:00:00,3098.6666666666665,22.633333333333336,50.39000000000001,1.0
2023-11-22 18:30:00,3292.6666666666665,22.633333333333336,51.169999999999995,1.0
2023-11-22 19:00:00,3637.6666666666665,22.633333333333336,51.95000000000001,1.0
2023-11-22 19:30:00,3945.3333333333335,22.666666666666668,53.25333333333333,1.0
2023-11-22 20:00:00,4155.333333333333,22.7,54.69,1.0
2023-11-22 20:30:00,4480.0,22.7,55.47,1.0
2023-11-22 21:00:00,4668.0,22.7,55.85999999999999,1.0
2023-11-22 21:30:00,4668.0,22.7,55.6,1.0
2023-11-22 22:00:00,4647.0,22.46666666666667,54.56,1.0
2023-11-22 22:30:00,4535.0,22.333333333333332,53.65,1.0
2023-11-22 23:00:00,4335.0,22.3,53.25333333333333,1.0
2023-11-22 23:30:00,4167.666666666667,22.2,52.85999999999999,1.0
2023-11-23 00:00:00,4091.3333333333335,22.133333333333336,52.6,1.0
2023-11-23 00:30:00,3980.0,22.100000000000005,52.21,1.0
2023-11-23 01:00:00,3845.0,22.133333333333336,51.95000000000001,1.0
2023-11-23 01:30:00,3764.3333333333335,22.166666666666668,51.56,1.0
2023-11-23 02:00:00,3607.0,22.03333333333333,51.169999999999995,1.0
2023-11-23 02:30:00,3555.0,22.066666666666666,50.78,1.0
2023-11-23 03:00:00,3463.0,22.066666666666666,50.78,1.0
2023-11-23 03:30:00,3352.0,22.0,50.65,1.0
2023-11-23 04:00:00,3213.0,22.0,50.39,1.0
2023-11-23 04:30:00,3189.3333333333335,21.96666666666667,50.39000000000001,1.0
2023-11-23 05:00:00,3133.6666666666665,21.96666666666667,50.0,1.0
2023-11-23 05:30:00,2983.0,21.96666666666667,50.0,1.0
2023-11-23 06:00:00,2920.3333333333335,21.899999999999995,50.0,1.0
2023-11-23 06:30:00,2865.0,21.933333333333334,49.74,1.0
2023-11-23 07:00:00,2863.0,21.96666666666667,49.60999999999999,1.0
2023-11-23 07:30:00,2772.0,21.933333333333334,49.60999999999999,1.0
2023-11-23 08:00:00,2660.6666666666665,22.0,49.60999999999999,1.0
2023-11-23 08:30:00,2634.0,21.96666666666667,49.60999999999999,1.0
2023-11-23 09:00:00,2541.3333333333335,22.03333333333333,49.35,1.0
2023-11-23 09:30:00,2460.3333333333335,22.100000000000005,49.22,1.0
2023-11-23 10:00:00,2395.3333333333335,22.100000000000005,49.22,1.0
2023-11-23 10:30:00,2300.0,22.166666666666668,49.22,1.0
2023-11-23 11:00:00,2287.6666666666665,22.166666666666668,49.22,1.0
2023-11-23 11:30:00,2299.0,22.166666666666668,49.22,1.0
2023-11-23 12:00:00,2210.3333333333335,22.166666666666668,49.22,1.0
2023-11-23 12:30:00,2191.6666666666665,22.133333333333336,49.22,1.0
2023-11-23 13:00:00,2131.0,22.166666666666668,49.22,1.0
2023-11-23 13:30:00,2026.3333333333333,22.133333333333336,49.22,1.0
2023-11-23 14:00:00,1959.3333333333333,22.233333333333334,48.830000000000005,1.0
2023-11-23 14:30:00,1992.3333333333333,22.266666666666666,48.830000000000005,1.0
2023-11-23 15:00:00,1896.0,22.2,48.830000000000005,1.0
2023-11-23 15:30:00,1838.0,22.133333333333336,48.830000000000005,1.0
2023-11-23 16:00:00,1701.6666666666667,22.166666666666668,48.56999999999999,1.0
2023-11-23 16:30:00,1483.3333333333333,22.2,48.44,1.0
2023-11-23 17:00:00,1451.6666666666667,22.233333333333334,48.44,1.0
2023-11-23 17:30:00,1434.3333333333333,22.233333333333334,48.31,1.0
2023-11-23 18:00:00,1391.3333333333333,22.266666666666666,48.04999999999999,1.0
2023-11-23 18:30:00,1334.3333333333333,22.266666666666666,48.04999999999999,1.0
2023-11-23 19:00:00,1391.6666666666667,22.233333333333334,48.56999999999999,1.0
2023-11-23 19:30:00,1301.3333333333333,22.233333333333334,48.04666666666666,1.0
2023-11-23 20:00:00,1312.0,22.266666666666666,48.04999999999999,1.0
2023-11-23 20:30:00,1242.3333333333333,22.2,48.04999999999999,1.0
2023-11-23 21:00:00,1248.3333333333333,22.133333333333336,48.18,1.0
2023-11-23 21:30:00,1270.0,22.166666666666668,48.44,1.0
2023-11-23 22:00:00,1217.0,22.100000000000005,48.44,1.0
2023-11-23 22:30:00,1214.0,22.100000000000005,48.44,1.0
2023-11-23 23:00:00,1186.0,22.1,48.44,1.0
2023-11-23 23:30:00,1152.3333333333333,22.100000000000005,48.44,1.0
2023-11-24 00:00:00,1153.3333333333333,22.100000000000005,48.18,1.0
2023-11-24 00:30:00,1147.3333333333333,22.066666666666666,48.04999999999999,1.0
2023-11-24 01:00:00,1117.0,22.100000000000005,48.31,1.0
2023-11-24 01:30:00,1079.0,22.03333333333333,48.04999999999999,1.0
2023-11-24 02:00:00,1081.6666666666667,22.100000000000005,48.04999999999999,1.0
2023-11-24 02:30:00,1036.3333333333333,22.03333333333333,48.04999999999999,1.0
2023-11-24 03:00:00,1050.6666666666667,22.03333333333333,48.04999999999999,1.0
2023-11-24 03:30:00,1072.6666666666667,22.0,48.04999999999999,1.0
2023-11-24 04:00:00,1000.0,22.0,48.04999999999999,1.0
2023-11-24 04:30:00,1005.6666666666666,21.96666666666667,48.04999999999999,1.0
2023-11-24 05:00:00,1019.3333333333334,22.0,48.04999999999999,1.0
2023-11-24 05:30:00,1000.0,22.0,48.04999999999999,1.0
2023-11-24 06:00:00,1007.3333333333334,21.96666666666667,47.79,1.0
2023-11-24 06:30:00,977.0,22.0,47.66,1.0
2023-11-24 07:00:00,946.6666666666666,22.0,47.53,1.0
2023-11-24 07:30:00,945.6666666666666,21.96666666666667,47.4,1.0
2023-11-24 08:00:00,916.6666666666666,21.96666666666667,47.4,1.0
2023-11-24 08:30:00,956.3333333333334,21.933333333333334,47.27,1.0
2023-11-24 09:00:00,908.0,21.933333333333334,47.27,1.0
2023-11-24 09:30:00,931.3333333333334,21.96666666666667,47.27,1.0
2023-11-24 10:00:00,906.6666666666666,22.066666666666666,47.27,1.0
2023-11-24 10:30:00,906.0,22.03333333333333,47.14000000000001,1.0
2023-11-24 11:00:00,881.3333333333334,22.066666666666666,47.14000000000001,1.0
2023-11-24 11:30:00,863.6666666666666,22.0,47.14000000000001,1.0
2023-11-24 12:00:00,884.3333333333334,22.066666666666666,46.61333333333334,1.0
2023-11-24 12:30:00,905.0,22.100000000000005,46.09,1.0
2023-11-24 13:00:00,891.3333333333334,22.333333333333332,45.70000000000001,1.0
2023-11-24 13:30:00,905.6666666666666,22.399999999999995,45.70000000000001,1.0
2023-11-24 14:00:00,884.0,22.333333333333332,46.09,1.0
2023-11-24 14:30:00,883.3333333333334,22.2,46.09,1.0
2023-11-24 15:00:00,889.0,22.2,46.35,1.0
2023-11-24 15:30:00,883.6666666666666,22.133333333333336,46.09,1.0
2023-11-24 16:00:00,871.6666666666666,22.100000000000005,46.09,1.0
2023-11-24 16:30:00,876.0,22.133333333333336,46.09,1.0
2023-11-24 17:00:00,852.6666666666666,22.100000000000005,46.09,1.0
2023-11-24 17:30:00,885.6666666666666,22.100000000000005,46.09,1.0
2023-11-24 18:00:00,863.6666666666666,22.133333333333336,45.830000000000005,1.0
2023-11-24 18:30:00,854.3333333333334,22.03333333333333,45.70000000000001,1.0
2023-11-24 19:00:00,874.3333333333334,22.03333333333333,45.70000000000001,1.0
2023-11-24 19:30:00,846.0,22.03333333333333,45.96,1.0
2023-11-24 20:00:00,812.0,22.066666666666666,46.09,1.0
2023-11-24 20:30:00,882.0,22.066666666666666,46.09,1.0
2023-11-24 21:00:00,838.0,22.066666666666666,46.09,1.0
2023-11-24 21:30:00,799.6666666666666,22.03333333333333,46.09,1.0
2023-11-24 22:00:00,844.0,22.03333333333333,46.09,1.0
2023-11-24 22:30:00,824.3333333333334,22.03333333333333,46.09,1.0
2023-11-24 23:00:00,836.0,22.0,46.09,1.0
2023-11-24 23:30:00,819.6666666666666,22.0,46.09,1.0
2023-11-25 00:00:00,822.6666666666666,21.933333333333334,46.09,1.0
2023-11-25 00:30:00,849.0,21.933333333333334,46.09,1.0
2023-11-25 01:00:00,820.3333333333334,21.933333333333334,46.09,1.0
2023-11-25 01:30:00,805.0,21.899999999999995,46.09,1.0
2023-11-25 02:00:00,792.3333333333334,21.899999999999995,46.09,1.0
2023-11-25 02:30:00,753.6666666666666,21.933333333333334,46.35,1.0
2023-11-25 03:00:00,790.0,21.899999999999995,46.09,1.0
2023-11-25 03:30:00,764.3333333333334,21.899999999999995,46.09,1.0
2023-11-25 04:00:00,760.3333333333334,21.899999999999995,46.09,1.0
2023-11-25 04:30:00,762.3333333333334,21.866666666666664,46.09,1.0
2023-11-25 05:00:00,751.0,21.933333333333334,46.09,1.0
2023-11-25 05:30:00,777.3333333333334,21.8,46.09,1.0
2023-11-25 06:00:00,769.0,21.866666666666664,46.09,1.0
2023-11-25 06:30:00,722.6666666666666,21.900000000000002,45.70000000000001,1.0
2023-11-25 07:00:00,744.0,21.833333333333332,45.70000000000001,1.0
2023-11-25 07:30:00,739.3333333333334,21.833333333333332,45.70000000000001,1.0
2023-11-25 08:00:00,740.0,21.833333333333332,45.57,1.0
2023-11-25 08:30:00,722.3333333333334,21.899999999999995,45.31,1.0
2023-11-25 09:00:00,715.6666666666666,21.866666666666664,45.050000000000004,1.0
2023-11-25 09:30:00,704.0,21.833333333333332,44.919999999999995,1.0
2023-11-25 10:00:00,717.3333333333334,21.8,44.79,1.0
2023-11-25 10:30:00,688.0,21.866666666666664,44.53,1.0
2023-11-25 11:00:00,700.3333333333334,21.866666666666664,44.4,1.0
2023-11-25 11:30:00,682.0,21.899999999999995,44.14000000000001,1.0
2023-11-25 12:00:00,670.0,21.899999999999995,44.01,1.0
2023-11-25 12:30:00,658.6666666666666,21.899999999999995,43.879999999999995,1.0
2023-11-25 13:00:00,618.3333333333334,21.866666666666664,43.75,1.0
2023-11-25 13:30:00,638.3333333333334,21.866666666666664,43.75,1.0
2023-11-25 14:00:00,615.0,21.866666666666664,43.75,1.0
2023-11-25 14:30:00,584.3333333333334,21.833333333333332,43.75,1.0
2023-11-25 15:00:00,549.6666666666666,21.8,43.75,1.0
2023-11-25 15:30:00,563.3333333333334,21.766666666666666,43.75,1.0
2023-11-25 16:00:00,572.0,21.8,43.35999999999999,1.0
2023-11-25 16:30:00,574.6666666666666,21.8,43.49,1.0
2023-11-25 17:00:00,542.6666666666666,21.766666666666666,43.35999999999999,1.0
2023-11-25 17:30:00,581.3333333333334,21.766666666666666,43.35999999999999,1.0
2023-11-25 18:00:00,588.0,21.766666666666666,43.23,1.0
2023-11-25 18:30:00,535.0,21.766666666666666,42.97,1.0
2023-11-25 19:00:00,548.3333333333334,21.766666666666666,42.97,1.0
2023-11-25 19:30:00,588.6666666666666,21.766666666666666,42.97,1.0
2023-11-25 20:00:00,572.6666666666666,21.766666666666666,43.23,1.0
2023-11-25 20:30:00,564.6666666666666,21.8,43.1,1.0
2023-11-25 21:00:00,553.6666666666666,21.766666666666666,43.35999999999999,1.0
2023-11-25 21:30:00,555.6666666666666,21.733333333333334,43.35999999999999,1.0
2023-11-25 22:00:00,561.3333333333334,21.766666666666666,43.35999999999999,1.0
2023-11-25 22:30:00,533.3333333333334,21.7,43.49,1.0
2023-11-25 23:00:00,533.3333333333334,21.766666666666666,43.35999999999999,1.0
2023-11-25 23:30:00,542.6666666666666,21.733333333333334,43.620000000000005,1.0
2023-11-26 00:00:00,516.3333333333334,21.7,43.75,1.0
2023-11-26 00:30:00,527.0,21.7,43.75,1.0
2023-11-26 01:00:00,548.0,21.7,43.75,1.0
2023-11-26 01:30:00,543.6666666666666,21.7,43.75,1.0
2023-11-26 02:00:00,536.3333333333334,21.7,43.75,1.0
2023-11-26 02:30:00,555.0,21.7,43.75,1.0
2023-11-26 03:00:00,568.0,21.7,43.75,1.0
2023-11-26 03:30:00,532.6666666666666,21.7,43.75,1.0
2023-11-26 04:00:00,577.0,21.7,43.75,1.0
2023-11-26 04:30:00,571.0,21.7,43.75,1.0
2023-11-26 05:00:00,567.3333333333334,21.7,43.75,1.0
2023-11-26 05:30:00,615.0,21.7,43.75,1.0
2023-11-26 06:00:00,576.3333333333334,21.7,43.75,1.0
2023-11-26 06:30:00,570.6666666666666,21.7,43.49,1.0
2023-11-26 07:00:00,588.6666666666666,21.633333333333336,43.35999999999999,1.0
2023-11-26 07:30:00,557.0,21.666666666666668,43.35999999999999,1.0
2023-11-26 08:00:00,573.3333333333334,21.666666666666668,43.1,1.0
2023-11-26 08:30:00,574.0,21.666666666666668,42.97,1.0
2023-11-26 09:00:00,550.3333333333334,21.633333333333336,42.97,1.0
2023-11-26 09:30:00,543.3333333333334,21.7,42.97,1.0
2023-11-26 10:00:00,534.6666666666666,21.633333333333336,42.97,1.0
2023-11-26 10:30:00,525.6666666666666,21.733333333333334,42.97,1.0
2023-11-26 11:00:00,543.0,21.7,42.97,1.0
2023-11-26 11:30:00,508.6666666666667,21.666666666666668,42.97,1.0
2023-11-26 12:00:00,545.3333333333334,21.7,42.97,1.0
2023-11-26 12:30:00,506.6666666666667,21.7,42.97,1.0
2023-11-26 13:00:00,518.3333333333334,21.733333333333334,42.839999999999996,1.0
2023-11-26 13:30:00,502.3333333333333,21.7,42.97,1.0
2023-11-26 14:00:00,507.0,21.666666666666668,42.71,1.0
2023-11-26 14:30:00,490.3333333333333,21.633333333333336,42.71,1.0
2023-11-26 15:00:00,503.6666666666667,21.666666666666668,42.58,1.0
2023-11-26 15:30:00,463.3333333333333,21.7,42.58,1.0
2023-11-26 16:00:00,466.5,21.7,42.58,1.0
2023-11-26 16:30:00,495.3333333333333,21.766666666666666,42.58,1.0
2023-11-26 17:00:00,473.6666666666667,21.733333333333334,42.58,1.0
2023-11-26 17:30:00,482.6666666666667,21.733333333333334,42.58,1.0
2023-11-26 18:00:00,444.0,21.733333333333334,42.58,1.0
2023-11-26 18:30:00,473.0,21.8,42.19,1.0
2023-11-26 19:00:00,496.3333333333333,21.733333333333334,42.58,1.0
2023-11-26 19:30:00,485.3333333333333,21.7,42.58,1.0
2023-11-26 20:00:00,470.6666666666667,21.8,42.58,1.0
2023-11-26 20:30:00,486.0,21.8,42.58,1.0
2023-11-26 21:00:00,468.0,21.766666666666666,42.839999999999996,1.0
2023-11-26 21:30:00,459.0,21.7,42.97,1.0
2023-11-26 22:00:00,455.6666666666667,21.7,42.97,1.0
2023-11-26 22:30:00,452.0,21.733333333333334,42.97,1.0
2023-11-26 23:00:00,494.6666666666667,21.766666666666666,42.97,1.0
2023-11-26 23:30:00,493.0,21.766666666666666,42.97,1.0
2023-11-27 00:00:00,467.3333333333333,21.733333333333334,43.1,1.0
2023-11-27 00:30:00,506.3333333333333,21.766666666666666,42.97,1.0
2023-11-27 01:00:00,489.6666666666667,21.7,43.1,1.0
2023-11-27 01:30:00,472.6666666666667,21.766666666666666,43.1,1.0
2023-11-27 02:00:00,491.3333333333333,21.7,42.97,1.0
2023-11-27 02:30:00,460.3333333333333,21.733333333333334,42.97,1.0
2023-11-27 03:00:00,469.3333333333333,21.733333333333334,43.23,1.0
2023-11-27 03:30:00,495.6666666666667,21.666666666666668,43.1,1.0
2023-11-27 04:00:00,488.3333333333333,21.766666666666666,43.1,1.0
2023-11-27 04:30:00,490.6666666666667,21.766666666666666,43.23,1.0
2023-11-27 05:00:00,497.0,21.766666666666666,42.97,1.0
2023-11-27 05:30:00,488.0,21.766666666666666,42.97,1.0
2023-11-27 06:00:00,464.3333333333333,21.733333333333334,42.97,1.0
2023-11-27 06:30:00,470.3333333333333,21.7,42.71,1.0
2023-11-27 07:00:00,472.0,21.7,42.58,1.0
2023-11-27 07:30:00,480.6666666666667,21.7,42.32,1.0
2023-11-27 08:00:00,470.6666666666667,21.666666666666668,42.32,1.0
2023-11-27 08:30:00,472.0,21.633333333333336,42.19,1.0
2023-11-27 09:00:00,457.3333333333333,21.600000000000005,42.19,1.0
2023-11-27 09:30:00,457.0,21.666666666666668,42.19,1.0
2023-11-27 10:00:00,508.0,21.7,41.93,1.0
2023-11-27 10:30:00,476.0,21.7,41.8,1.0
2023-11-27 11:00:00,504.3333333333333,21.766666666666666,41.8,1.0
2023-11-27 11:30:00,480.3333333333333,21.733333333333334,41.669999999999995,1.0
2023-11-27 12:00:00,497.3333333333333,21.766666666666666,41.54,1.0
2023-11-27 12:30:00,469.3333333333333,21.733333333333334,41.41,1.0
2023-11-27 13:00:00,698.3333333333334,21.766666666666666,41.669999999999995,1.0
2023-11-27 13:30:00,1314.0,22.0,42.58,1.0
2023-11-27 14:00:00,1811.3333333333333,22.3,44.27,1.0
2023-11-27 14:30:00,1984.3333333333333,22.5,45.050000000000004,1.0
2023-11-27 15:00:00,1890.6666666666667,22.5,43.75,1.0
2023-11-27 15:30:00,1811.0,22.53333333333333,42.32,1.0
2023-11-27 16:00:00,2023.6666666666667,22.433333333333334,43.35999999999999,1.0
2023-11-27 16:30:00,1711.3333333333333,22.433333333333334,41.54,
2023-11-27 17:00:00,1700.6666666666667,22.5,41.28,1.0
2023-11-27 17:30:00,1579.6666666666667,22.53333333333333,40.49666666666667,1.0
2023-11-27 18:00:00,1541.3333333333333,22.433333333333334,40.623333333333335,
2023-11-27 18:30:00,1754.3333333333333,22.3,41.93,1.0
2023-11-27 19:00:00,2011.6666666666667,22.3,43.23,1.0
2023-11-27 19:30:00,2327.3333333333335,22.333333333333332,44.01,1.0
2023-11-27 20:00:00,2517.6666666666665,22.333333333333332,44.660000000000004,1.0
2023-11-27 20:30:00,2665.0,22.3,45.050000000000004,1.0
2023-11-27 21:00:00,2518.6666666666665,22.166666666666668,44.660000000000004,1.0
2023-11-27 21:30:00,2369.3333333333335,22.0,44.53,1.0
2023-11-27 22:00:00,2292.0,21.95,44.14,1.0
2023-11-27 22:30:00,2243.6666666666665,21.899999999999995,43.879999999999995,1.0
2023-11-27 23:00:00,2166.3333333333335,21.933333333333334,43.620000000000005,1.0
2023-11-27 23:30:00,2074.6666666666665,21.899999999999995,43.35999999999999,1.0
2023-11-28 00:00:00,1992.3333333333333,21.833333333333332,43.23,1.0
2023-11-28 00:30:00,1917.6666666666667,21.866666666666664,42.97,1.0
2023-11-28 01:00:00,1880.6666666666667,21.866666666666664,42.839999999999996,1.0
2023-11-28 01:30:00,1831.3333333333333,21.833333333333332,42.58,1.0
2023-11-28 02:00:00,1816.0,21.766666666666666,42.58,1.0
2023-11-28 02:30:00,1745.0,21.733333333333334,42.19,1.0
2023-11-28 03:00:00,1656.0,21.766666666666666,42.19,1.0
2023-11-28 03:30:00,1590.0,21.733333333333334,42.19,1.0
2023-11-28 04:00:00,1553.3333333333333,21.8,41.8,1.0
2023-11-28 04:30:00,1561.6666666666667,21.766666666666666,41.8,1.0
2023-11-28 05:00:00,1434.0,21.7,41.8,1.0
2023-11-28 05:30:00,1390.6666666666667,21.766666666666666,41.8,1.0
2023-11-28 06:00:00,1414.6666666666667,21.733333333333334,41.41,1.0
2023-11-28 06:30:00,1315.0,21.7,41.15,1.0
2023-11-28 07:00:00,1254.6666666666667,21.666666666666668,41.02,1.0
2023-11-28 07:30:00,1243.6666666666667,21.733333333333334,40.75333333333333,1.0
2023-11-28 08:00:00,1177.0,21.666666666666668,40.62,1.0
2023-11-28 08:30:00,1171.3333333333333,21.666666666666668,40.62,1.0
2023-11-28 09:00:00,1133.0,21.733333333333334,40.62,1.0
2023-11-28 09:30:00,1125.0,21.733333333333334,40.62,1.0
2023-11-28 10:00:00,1113.3333333333333,21.766666666666666,40.62,1.0
2023-11-28 10:30:00,1102.3333333333333,21.733333333333334,40.62,1.0
2023-11-28 11:00:00,1038.0,21.733333333333334,40.62,1.0
2023-11-28 11:30:00,1052.3333333333333,21.766666666666666,40.62,1.0
2023-11-28 12:00:00,974.3333333333334,21.733333333333334,40.75333333333333,1.0
2023-11-28 12:30:00,986.3333333333334,21.766666666666666,41.02,1.0
2023-11-28 13:00:00,969.3333333333334,21.733333333333334,41.02,1.0
2023-11-28 13:30:00,989.3333333333334,21.766666666666666,41.02,1.0
2023-11-28 14:00:00,924.0,21.75,41.02,1.0
2023-11-28 14:30:00,962.6666666666666,21.733333333333334,41.02,1.0
2023-11-28 15:00:00,953.6666666666666,21.766666666666666,41.02,1.0
2023-11-28 15:30:00,920.3333333333334,21.733333333333334,40.88666666666666,1.0
2023-11-28 16:00:00,899.3333333333334,21.766666666666666,40.62,1.0
2023-11-28 16:30:00,1065.6666666666667,21.766666666666666,40.62,1.0
2023-11-28 17:00:00,1271.3333333333333,21.96666666666667,39.06,1.0
2023-11-28 17:30:00,1263.0,22.066666666666666,38.02,1.0
2023-11-28 18:00:00,1255.0,21.899999999999995,38.93,1.0
2023-11-28 18:30:00,1218.3333333333333,21.766666666666666,39.06,1.0
2023-11-28 19:00:00,1173.0,21.766666666666666,39.45,1.0
2023-11-28 19:30:00,1145.0,21.733333333333334,39.71,1.0
2023-11-28 20:00:00,1162.3333333333333,21.733333333333334,39.84,1.0
2023-11-28 20:30:00,1127.0,21.733333333333334,40.23,1.0
2023-11-28 21:00:00,1117.0,21.7,40.23,1.0
2023-11-28 21:30:00,1108.6666666666667,21.7,40.23,1.0
2023-11-28 22:00:00,1072.6666666666667,21.733333333333334,40.49,1.0
2023-11-28 22:30:00,1048.0,21.7,40.62,1.0
2023-11-28 23:00:00,1049.0,21.7,40.62,1.0
2023-11-28 23:30:00,999.6666666666666,21.7,40.62,1.0
2023-11-29 00:00:00,989.0,21.7,40.62,1.0
2023-11-29 00:30:00,997.3333333333334,21.666666666666668,40.62,1.0
2023-11-29 01:00:00,1006.6666666666666,21.7,40.88666666666666,1.0
2023-11-29 01:30:00,990.3333333333334,21.7,40.75333333333333,1.0
2023-11-29 02:00:00,955.0,21.733333333333334,41.02,1.0
2023-11-29 02:30:00,951.0,21.666666666666668,41.02,1.0
2023-11-29 03:00:00,924.6666666666666,21.7,41.02,1.0
2023-11-29 03:30:00,911.3333333333334,21.7,41.02,1.0
2023-11-29 04:00:00,895.0,21.666666666666668,41.02,1.0
2023-11-29 04:30:00,904.3333333333334,21.666666666666668,41.02,1.0
2023-11-29 05:00:00,884.3333333333334,21.7,40.88666666666666,1.0
2023-11-29 05:30:00,848.0,21.666666666666668,40.88666666666666,1.0
2023-11-29 06:00:00,845.3333333333334,21.633333333333336,40.62,1.0
2023-11-29 06:30:00,812.3333333333334,21.600000000000005,40.49,1.0
2023-11-29 07:00:00,824.6666666666666,21.666666666666668,40.23,1.0
2023-11-29 07:30:00,783.5,21.65,40.035,1.0
2023-11-29 08:00:00,872.6666666666666,21.666666666666668,38.67,1.0
2023-11-29 08:30:00,1117.0,21.933333333333334,39.84,1.0
2023-11-29 09:00:00,1044.0,21.96666666666667,39.06,1.0
2023-11-29 09:30:00,1052.0,21.96666666666667,39.32,1.0
2023-11-29 10:00:00,1371.3333333333333,21.96666666666667,41.14666666666667,1.0
2023-11-29 10:30:00,1665.0,22.0,42.58,1.0
2023-11-29 11:00:00,1927.3333333333333,22.166666666666668,43.35999999999999,1.0
2023-11-29 11:30:00,2092.3333333333335,22.133333333333336,43.49,1.0
2023-11-29 12:00:00,2388.0,22.166666666666668,44.4,1.0
2023-11-29 12:30:00,2692.3333333333335,22.266666666666666,45.31,1.0
2023-11-29 13:00:00,2642.6666666666665,22.2,44.660000000000004,1.0
2023-11-29 13:30:00,2837.6666666666665,22.166666666666668,45.96,1.0
2023-11-29 14:00:00,2959.6666666666665,22.266666666666666,46.74666666666667,1.0
2023-11-29 14:30:00,3122.0,22.233333333333334,47.14000000000001,1.0
2023-11-29 15:00:00,3228.3333333333335,22.233333333333334,47.4,1.0
2023-11-29 15:30:00,3494.0,22.266666666666666,47.66,1.0
2023-11-29 16:00:00,3613.6666666666665,22.3,48.04999999999999,1.0
2023-11-29 16:30:00,3748.6666666666665,22.333333333333332,48.31,1.0
2023-11-29 17:00:00,3791.0,22.3,48.56999999999999,1.0
2023-11-29 17:30:00,3973.0,22.366666666666664,48.830000000000005,1.0
2023-11-29 18:00:00,4242.333333333333,22.366666666666664,49.35,1.0
2023-11-29 18:30:00,4211.333333333333,22.333333333333332,49.48,1.0
2023-11-29 19:00:00,4087.0,22.233333333333334,48.699999999999996,1.0
2023-11-29 19:30:00,3937.0,22.066666666666666,48.04999999999999,1.0
2023-11-29 20:00:00,3777.6666666666665,22.03333333333333,47.79,1.0
2023-11-29 20:30:00,3647.3333333333335,21.899999999999995,47.27,1.0
2023-11-29 21:00:00,3561.3333333333335,21.866666666666664,46.88,1.0
2023-11-29 21:30:00,3480.3333333333335,21.866666666666664,46.61333333333334,1.0
2023-11-29 22:00:00,3276.3333333333335,21.833333333333332,46.22,1.0
2023-11-29 22:30:00,3225.0,21.866666666666664,45.96,1.0
2023-11-29 23:00:00,3101.0,21.8,45.70000000000001,1.0
2023-11-29 23:30:00,3049.3333333333335,21.766666666666666,45.57,1.0
2023-11-30 00:00:00,2932.6666666666665,21.8,45.31,1.0
2023-11-30 00:30:00,2848.0,21.75,45.31,1.0
2023-11-30 01:00:00,2721.6666666666665,21.8,44.919999999999995,1.0
2023-11-30 01:30:00,2671.6666666666665,21.733333333333334,44.79,1.0
2023-11-30 02:00:00,2590.3333333333335,21.733333333333334,44.53,1.0
2023-11-30 02:30:00,2498.3333333333335,21.733333333333334,44.53,1.0
2023-11-30 03:00:00,2422.0,21.733333333333334,44.27,1.0
2023-11-30 03:30:00,2297.0,21.7,44.14000000000001,1.0
2023-11-30 04:00:00,2212.3333333333335,21.766666666666666,43.879999999999995,1.0
2023-11-30 04:30:00,2153.3333333333335,21.766666666666666,43.75,1.0
2023-11-30 05:00:00,1985.3333333333333,21.766666666666666,43.35999999999999,1.0
2023-11-30 05:30:00,1907.0,21.766666666666666,43.35999999999999,1.0
2023-11-30 06:00:00,1841.6666666666667,21.733333333333334,42.97,1.0
2023-11-30 06:30:00,1769.0,21.733333333333334,42.58,1.0
2023-11-30 07:00:00,1680.3333333333333,21.666666666666668,42.32,1.0
2023-11-30 07:30:00,1533.6666666666667,21.633333333333336,42.19,1.0
2023-11-30 08:00:00,1494.3333333333333,21.633333333333336,41.8,1.0
2023-11-30 08:30:00,1464.0,21.7,41.669999999999995,1.0
2023-11-30 09:00:00,1353.3333333333333,21.7,41.41,1.0
2023-11-30 09:30:00,1327.3333333333333,21.666666666666668,41.28,1.0
2023-11-30 10:00:00,1289.6666666666667,21.766666666666666,41.02,1.0
2023-11-30 10:30:00,1193.0,21.766666666666666,41.02,1.0
2023-11-30 11:00:00,1146.6666666666667,21.733333333333334,41.02,1.0
2023-11-30 11:30:00,1137.0,21.733333333333334,41.02,1.0
2023-11-30 12:00:00,1085.3333333333333,21.733333333333334,40.88666666666666,1.0
2023-11-30 12:30:00,1041.3333333333333,21.766666666666666,41.02,1.0
2023-11-30 13:00:00,1015.6666666666666,21.733333333333334,41.02,1.0
2023-11-30 13:30:00,997.3333333333334,21.766666666666666,41.02,1.0
2023-11-30 14:00:00,982.0,21.766666666666666,41.02,1.0
2023-11-30 14:30:00,933.3333333333334,21.733333333333334,41.02,1.0
2023-11-30 15:00:00,920.0,21.733333333333334,40.62,1.0
2023-11-30 15:30:00,912.0,21.7,40.62,1.0
2023-11-30 16:00:00,913.3333333333334,21.7,40.62,1.0
2023-11-30 16:30:00,872.0,21.733333333333334,40.49,1.0
2023-11-30 17:00:00,865.6666666666666,21.766666666666666,39.839999999999996,1.0
2023-11-30 17:30:00,1001.6666666666666,21.933333333333334,37.89,1.0
2023-11-30 18:00:00,1153.0,22.133333333333336,38.67,1.0
2023-11-30 18:30:00,1480.6666666666667,22.100000000000005,40.75333333333333,1.0
2023-11-30 19:00:00,1756.6666666666667,22.100000000000005,42.58,1.0
2023-11-30 19:30:00,1865.0,22.15,43.165,1.0
2023-11-30 20:00:00,2146.0,22.166666666666668,44.01,1.0
2023-11-30 20:30:00,2362.6666666666665,22.233333333333334,44.660000000000004,1.0
2023-11-30 21:00:00,2336.3333333333335,22.066666666666666,44.4,1.0
2023-11-30 21:30:00,2307.6666666666665,21.933333333333334,44.01,1.0
2023-11-30 22:00:00,2267.6666666666665,21.866666666666664,43.75,1.0
2023-11-30 22:30:00,2164.6666666666665,21.866666666666664,43.49,1.0
2023-11-30 23:00:00,2152.0,21.866666666666664,43.35999999999999,1.0
2023-11-30 23:30:00,2046.0,21.733333333333334,43.1,1.0
2023-12-01 00:00:00,1998.3333333333333,21.766666666666666,42.97,1.0
2023-12-01 00:30:00,1939.6666666666667,21.7,42.97,1.0
2023-12-01 01:00:00,1897.6666666666667,21.733333333333334,42.839999999999996,1.0
2023-12-01 01:30:00,1849.6666666666667,21.7,42.58,1.0
2023-12-01 02:00:00,1808.0,21.733333333333334,42.58,1.0
2023-12-01 02:30:00,1732.3333333333333,21.7,42.58,1.0
2023-12-01 03:00:00,1704.6666666666667,21.7,42.58,1.0
2023-12-01 03:30:00,1650.6666666666667,21.733333333333334,42.58,1.0
2023-12-01 04:00:00,1638.0,21.7,42.58,1.0
2023-12-01 04:30:00,1601.0,21.733333333333334,42.58,1.0
2023-12-01 05:00:00,1531.0,21.766666666666666,42.449999999999996,1.0
2023-12-01 05:30:00,1529.3333333333333,21.7,42.32,1.0
2023-12-01 06:00:00,1453.6666666666667,21.733333333333334,42.19,1.0
2023-12-01 06:30:00,1451.0,21.633333333333336,42.19,1.0
2023-12-01 07:00:00,1376.6666666666667,21.633333333333336,41.8,1.0
2023-12-01 07:30:00,1313.0,21.633333333333336,41.8,1.0
2023-12-01 08:00:00,1316.3333333333333,21.633333333333336,41.8,1.0
2023-12-01 08:30:00,1220.0,21.633333333333336,41.15,1.0
2023-12-01 09:00:00,1194.6666666666667,21.899999999999995,40.88666666666666,1.0
2023-12-01 09:30:00,1197.6666666666667,21.933333333333334,40.88666666666666,1.0
2023-12-01 10:00:00,1318.6666666666667,22.03333333333333,43.1,1.0
2023-12-01 10:30:00,1366.6666666666667,22.46666666666667,42.32,1.0
2023-12-01 11:00:00,1347.6666666666667,22.633333333333336,41.41,1.0
2023-12-01 11:30:00,1331.5,22.8,41.41,1.0
2023-12-01 12:00:00,1316.3333333333333,22.566666666666666,41.8,1.0
2023-12-01 12:30:00,1617.0,22.333333333333332,42.71,1.0
2023-12-01 13:00:00,1695.0,22.233333333333334,42.97,1.0
2023-12-01 13:30:00,1558.0,22.133333333333336,41.800000000000004,1.0
2023-12-01 14:00:00,1489.0,22.066666666666666,41.54,1.0
2023-12-01 14:30:00,1475.0,21.96666666666667,41.8,1.0
2023-12-01 15:00:00,1391.3333333333333,21.933333333333334,41.8,1.0
2023-12-01 15:30:00,1423.0,21.933333333333334,41.8,1.0
2023-12-01 16:00:00,1403.6666666666667,21.900000000000002,41.8,1.0
2023-12-01 16:30:00,1338.3333333333333,21.833333333333332,41.669999999999995,1.0
2023-12-01 17:00:00,1279.6666666666667,21.866666666666664,41.41,1.0
2023-12-01 17:30:00,1274.6666666666667,21.899999999999995,41.41,1.0
2023-12-01 18:00:00,1235.0,21.866666666666664,41.28,1.0
2023-12-01 18:30:00,1207.6666666666667,21.833333333333332,41.02,1.0
2023-12-01 19:00:00,1157.0,21.833333333333332,41.02,1.0
2023-12-01 19:30:00,1162.6666666666667,21.866666666666664,41.02,1.0
2023-12-01 20:00:00,1130.0,21.866666666666664,41.28,1.0
2023-12-01 20:30:00,1068.3333333333333,21.833333333333332,41.41,1.0
2023-12-01 21:00:00,1068.3333333333333,21.8,41.41,1.0
2023-12-01 21:30:00,1067.0,21.8,41.41,1.0
2023-12-01 22:00:00,1033.0,21.8,41.41,1.0
2023-12-01 22:30:00,1030.6666666666667,21.733333333333334,41.41,1.0
2023-12-01 23:00:00,1029.3333333333333,21.766666666666666,41.41,1.0
2023-12-01 23:30:00,998.6666666666666,21.733333333333334,41.41,1.0
2023-12-02 00:00:00,1007.6666666666666,21.8,41.41,1.0
2023-12-02 00:30:00,996.0,21.7,41.41,1.0
2023-12-02 01:00:00,972.6666666666666,21.766666666666666,41.41,1.0
2023-12-02 01:30:00,953.3333333333334,21.733333333333334,41.41,1.0
2023-12-02 02:00:00,938.3333333333334,21.7,41.41,1.0
2023-12-02 02:30:00,931.0,21.7,41.41,1.0
2023-12-02 03:00:00,932.0,21.733333333333334,41.41,1.0
2023-12-02 03:30:00,896.0,21.766666666666666,41.41,1.0
2023-12-02 04:00:00,883.3333333333334,21.733333333333334,41.41,1.0
2023-12-02 04:30:00,848.0,21.75,41.41,1.0
2023-12-02 05:00:00,871.6666666666666,21.766666666666666,41.41,1.0
2023-12-02 05:30:00,880.6666666666666,21.766666666666666,41.41,1.0
2023-12-02 06:00:00,855.6666666666666,21.733333333333334,41.15,1.0
2023-12-02 06:30:00,817.6666666666666,21.766666666666666,41.02,1.0
2023-12-02 07:00:00,797.6666666666666,21.7,40.88666666666666,1.0
2023-12-02 07:30:00,800.0,21.766666666666666,40.62,1.0
2023-12-02 08:00:00,807.0,21.7,40.62,1.0
2023-12-02 08:30:00,780.0,21.733333333333334,40.62,1.0
2023-12-02 09:00:00,771.6666666666666,21.733333333333334,40.62,1.0
2023-12-02 09:30:00,760.3333333333334,21.8,40.62,1.0
2023-12-02 10:00:00,734.0,21.766666666666666,40.62,1.0
2023-12-02 10:30:00,695.6666666666666,21.8,40.49,1.0
2023-12-02 11:00:00,714.3333333333334,21.8,40.35999999999999,1.0
2023-12-02 11:30:00,714.6666666666666,21.766666666666666,40.23,1.0
2023-12-02 12:00:00,703.0,21.733333333333334,40.23,1.0
2023-12-02 12:30:00,697.6666666666666,21.766666666666666,40.23,1.0
2023-12-02 13:00:00,677.0,21.7,40.23,1.0
2023-12-02 13:30:00,639.0,21.7,40.23,1.0
2023-12-02 14:00:00,667.3333333333334,21.7,40.1,1.0
2023-12-02 14:30:00,653.3333333333334,21.7,40.23,1.0
2023-12-02 15:00:00,635.0,21.7,40.23,1.0
2023-12-02 15:30:00,640.0,21.7,39.97,1.0
2023-12-02 16:00:00,614.3333333333334,21.733333333333334,40.23,1.0
2023-12-02 16:30:00,618.6666666666666,21.666666666666668,40.1,1.0
2023-12-02 17:00:00,607.3333333333334,21.7,39.97,1.0
2023-12-02 17:30:00,628.0,21.666666666666668,39.84,1.0
2023-12-02 18:00:00,609.3333333333334,21.666666666666668,39.84,1.0
2023-12-02 18:30:00,617.0,21.666666666666668,39.84,1.0
2023-12-02 19:00:00,591.6666666666666,21.7,39.97,1.0
2023-12-02 19:30:00,596.3333333333334,21.733333333333334,40.23,1.0
2023-12-02 20:00:00,615.6666666666666,21.7,40.23,1.0
2023-12-02 20:30:00,583.6666666666666,21.7,40.23,1.0
2023-12-02 21:00:00,592.6666666666666,21.7,40.23,1.0
2023-12-02 21:30:00,600.0,21.7,40.23,1.0
2023-12-02 22:00:00,606.0,21.666666666666668,40.23,1.0
2023-12-02 22:30:00,594.6666666666666,21.666666666666668,40.35999999999999,1.0
2023-12-02 23:00:00,569.6666666666666,21.7,40.23,1.0
2023-12-02 23:30:00,557.0,21.666666666666668,40.62,1.0
2023-12-03 00:00:00,541.3333333333334,21.7,40.49,1.0
2023-12-03 00:30:00,551.3333333333334,21.7,40.62,1.0
2023-12-03 01:00:00,540.6666666666666,21.666666666666668,40.62,1.0
2023-12-03 01:30:00,527.6666666666666,21.666666666666668,40.62,1.0
2023-12-03 02:00:00,543.0,21.7,40.62,1.0
2023-12-03 02:30:00,579.3333333333334,21.733333333333334,40.62,1.0
2023-12-03 03:00:00,585.0,21.7,40.62,1.0
2023-12-03 03:30:00,579.0,21.666666666666668,40.62,1.0
2023-12-03 04:00:00,545.3333333333334,21.666666666666668,40.62,1.0
2023-12-03 04:30:00,570.3333333333334,21.633333333333336,40.62,1.0
2023-12-03 05:00:00,567.3333333333334,21.7,40.62,1.0
2023-12-03 05:30:00,523.3333333333334,21.7,40.62,1.0
2023-12-03 06:00:00,528.3333333333334,21.733333333333334,40.35999999999999,1.0
2023-12-03 06:30:00,558.0,21.766666666666666,40.23,1.0
2023-12-03 07:00:00,513.0,21.7,39.97,1.0
2023-12-03 07:30:00,538.0,21.7,39.84,1.0
2023-12-03 08:00:00,535.3333333333334,21.733333333333334,39.84,1.0
2023-12-03 08:30:00,572.6666666666666,21.633333333333336,39.84,1.0
2023-12-03 09:00:00,532.3333333333334,21.766666666666666,39.84,1.0
2023-12-03 09:30:00,566.0,21.633333333333336,39.84,1.0
2023-12-03 10:00:00,536.6666666666666,21.733333333333334,39.84,1.0
2023-12-03 10:30:00,535.0,21.7,39.84,1.0
2023-12-03 11:00:00,541.3333333333334,21.766666666666666,39.84,1.0
2023-12-03 11:30:00,551.3333333333334,21.7,39.84,1.0
2023-12-03 12:00:00,515.6666666666666,21.7,39.84,1.0
2023-12-03 12:30:00,526.0,21.766666666666666,39.84,1.0
2023-12-03 13:00:00,522.3333333333334,21.766666666666666,39.84,1.0
2023-12-03 13:30:00,500.3333333333333,21.7,39.84,1.0
2023-12-03 14:00:00,489.0,21.7,39.84,1.0
2023-12-03 14:30:00,458.0,21.7,39.84,1.0
2023-12-03 15:00:00,493.6666666666667,21.7,39.84,1.0
2023-12-03 15:30:00,498.3333333333333,21.7,39.71,1.0
2023-12-03 16:00:00,477.6666666666667,21.7,39.580000000000005,1.0
2023-12-03 16:30:00,493.0,21.7,39.45,1.0
2023-12-03 17:00:00,481.6666666666667,21.666666666666668,39.45,1.0
2023-12-03 17:30:00,524.0,21.666666666666668,39.45,1.0
2023-12-03 18:00:00,497.3333333333333,21.633333333333336,39.45,1.0
2023-12-03 18:30:00,519.6666666666666,21.666666666666668,39.45,1.0
2023-12-03 19:00:00,496.6666666666667,21.666666666666668,39.45,1.0
2023-12-03 19:30:00,501.6666666666667,21.633333333333336,39.580000000000005,1.0
2023-12-03 20:00:00,504.0,21.633333333333336,39.71,1.0
2023-12-03 20:30:00,491.3333333333333,21.7,39.84,1.0
2023-12-03 21:00:00,514.6666666666666,21.7,39.84,1.0
2023-12-03 21:30:00,478.3333333333333,21.633333333333336,39.84,1.0
2023-12-03 22:00:00,472.6666666666667,21.633333333333336,39.84,1.0
2023-12-03 22:30:00,473.5,21.65,39.84,1.0
2023-12-03 23:00:00,473.0,21.7,39.84,1.0
2023-12-03 23:30:00,474.6666666666667,21.666666666666668,39.84,1.0
2023-12-04 00:00:00,442.0,21.7,40.1,1.0
2023-12-04 00:30:00,485.3333333333333,21.7,40.23,1.0
2023-12-04 01:00:00,449.3333333333333,21.666666666666668,40.23,1.0
2023-12-04 01:30:00,486.3333333333333,21.666666666666668,40.23,1.0
2023-12-04 02:00:00,465.6666666666667,21.666666666666668,40.23,1.0
2023-12-04 02:30:00,454.0,21.666666666666668,40.23,1.0
2023-12-04 03:00:00,503.0,21.7,40.23,1.0
2023-12-04 03:30:00,456.0,21.7,40.23,1.0
2023-12-04 04:00:00,457.6666666666667,21.600000000000005,40.23,1.0
2023-12-04 04:30:00,487.6666666666667,21.633333333333336,40.23,1.0
2023-12-04 05:00:00,493.3333333333333,21.600000000000005,40.23,1.0
2023-12-04 05:30:00,473.0,21.633333333333336,40.23,1.0
2023-12-04 06:00:00,471.0,21.633333333333336,40.23,1.0
2023-12-04 06:30:00,533.0,21.7,40.23,1.0
2023-12-04 07:00:00,504.6666666666667,21.633333333333336,40.23,1.0
2023-12-04 07:30:00,512.3333333333334,21.666666666666668,40.23,1.0
2023-12-04 08:00:00,476.6666666666667,21.633333333333336,40.23,1.0
2023-12-04 08:30:00,510.3333333333333,21.633333333333336,40.23,1.0
2023-12-04 09:00:00,559.6666666666666,21.666666666666668,39.839999999999996,1.0
2023-12-04 09:30:00,1006.0,21.866666666666664,42.449999999999996,1.0
2023-12-04 10:00:00,1451.0,22.066666666666666,44.4,1.0
2023-12-04 10:30:00,1598.6666666666667,22.066666666666666,44.14000000000001,1.0
2023-12-04 11:00:00,1537.0,22.0,43.620000000000005,1.0
2023-12-04 11:30:00,1479.3333333333333,21.833333333333332,43.1,1.0
2023-12-04 12:00:00,1532.6666666666667,21.933333333333334,42.97,1.0
2023-12-04 12:30:00,1890.0,22.03333333333333,44.4,1.0
2023-12-04 13:00:00,2016.3333333333333,22.100000000000005,44.14000000000001,1.0
2023-12-04 13:30:00,2272.0,22.133333333333336,45.050000000000004,1.0
2023-12-04 14:00:00,2468.0,22.233333333333334,45.830000000000005,1.0
2023-12-04 14:30:00,2692.6666666666665,22.266666666666666,46.876666666666665,1.0
2023-12-04 15:00:00,3007.0,22.333333333333332,47.66,1.0
2023-12-04 15:30:00,3204.3333333333335,22.399999999999995,48.04999999999999,1.0
2023-12-04 16:00:00,3369.0,22.366666666666664,48.830000000000005,1.0
2023-12-04 16:30:00,3502.0,22.399999999999995,49.089999999999996,1.0
2023-12-04 17:00:00,3680.0,22.433333333333334,50.0,1.0
2023-12-04 17:30:00,3852.0,22.433333333333334,51.04,1.0
2023-12-04 18:00:00,3924.0,22.399999999999995,51.95000000000001,1.0
2023-12-04 18:30:00,4106.333333333333,22.433333333333334,52.34,1.0
2023-12-04 19:00:00,4436.666666666667,22.5,52.73,1.0
2023-12-04 19:30:00,4655.0,22.5,54.43,1.0
2023-12-04 20:00:00,4655.0,22.46666666666667,55.47,1.0
2023-12-04 20:30:00,4655.0,22.5,56.120000000000005,1.0
2023-12-04 21:00:00,4655.0,22.53333333333333,57.03,1.0
2023-12-04 21:30:00,4655.0,22.5,57.81,1.0
2023-12-04 22:00:00,4655.0,22.45,57.81,1.0
2023-12-04 22:30:00,4655.0,22.5,58.20000000000001,1.0
2023-12-04 23:00:00,4655.0,22.5,56.9,1.0
2023-12-04 23:30:00,4655.0,22.2,55.339999999999996,1.0
2023-12-05 00:00:00,4655.0,22.100000000000005,54.169999999999995,1.0
2023-12-05 00:30:00,4540.0,22.066666666666666,53.51666666666667,1.0
2023-12-05 01:00:00,4396.333333333333,22.0,52.6,1.0
2023-12-05 01:30:00,4127.666666666667,21.899999999999995,51.82,1.0
2023-12-05 02:00:00,4038.6666666666665,21.899999999999995,51.04,1.0
2023-12-05 02:30:00,3843.0,21.899999999999995,50.52,1.0
2023-12-05 03:00:00,3706.3333333333335,21.866666666666664,50.129999999999995,1.0
2023-12-05 03:30:00,3507.6666666666665,21.866666666666664,49.60999999999999,1.0
2023-12-05 04:00:00,3416.6666666666665,21.833333333333332,49.22,1.0
2023-12-05 04:30:00,3316.0,21.866666666666664,48.830000000000005,1.0
2023-12-05 05:00:00,3208.0,21.866666666666664,48.31,1.0
2023-12-05 05:30:00,3040.3333333333335,21.866666666666664,48.04999999999999,1.0
2023-12-05 06:00:00,2862.6666666666665,21.866666666666664,47.66,1.0
2023-12-05 06:30:00,2801.3333333333335,21.866666666666664,47.14000000000001,1.0
2023-12-05 07:00:00,2644.6666666666665,21.833333333333332,46.88,1.0
2023-12-05 07:30:00,2362.0,21.866666666666664,46.089999999999996,1.0
2023-12-05 08:00:00,1885.3333333333333,21.833333333333332,45.96,1.0
2023-12-05 08:30:00,1847.0,21.833333333333332,45.830000000000005,1.0
2023-12-05 09:00:00,1800.0,21.766666666666666,45.70000000000001,1.0
2023-12-05 09:30:00,1715.3333333333333,21.8,45.44,1.0
2023-12-05 10:00:00,1648.3333333333333,21.833333333333332,45.31,1.0
2023-12-05 10:30:00,1580.6666666666667,21.8,44.919999999999995,1.0
2023-12-05 11:00:00,1310.0,21.766666666666666,44.14000000000001,0.2
2023-12-05 11:30:00,1000.3333333333334,21.766666666666666,39.45333333333333,1.0
2023-12-05 12:00:00,1477.0,22.400000000000002,43.35666666666666,0.0
2023-12-05 12:30:00,1176.6666666666667,22.46666666666667,39.190000000000005,1.0
2023-12-05 13:00:00,1205.6666666666667,22.633333333333336,39.97,1.0
2023-12-05 13:30:00,1502.0,22.733333333333334,41.93,1.0
2023-12-05 14:00:00,1746.0,22.633333333333336,43.620000000000005,1.0
2023-12-05 14:30:00,1968.0,22.599999999999998,45.050000000000004,1.0
2023-12-05 15:00:00,2144.0,22.5,45.895,1.0
2023-12-05 15:30:00,2317.6666666666665,22.399999999999995,46.35,1.0
2023-12-05 16:00:00,2437.0,22.366666666666664,46.35,1.0
2023-12-05 16:30:00,2242.3333333333335,22.166666666666668,45.830000000000005,1.0
2023-12-05 17:00:00,2185.0,22.03333333333333,45.44,1.0
2023-12-05 17:30:00,2055.3333333333335,21.96666666666667,44.79,1.0
2023-12-05 18:00:00,1934.6666666666667,21.96666666666667,44.4,1.0
2023-12-05 18:30:00,1842.0,21.933333333333334,43.879999999999995,1.0
2023-12-05 19:00:00,1747.6666666666667,21.933333333333334,43.49,1.0
2023-12-05 19:30:00,1681.0,21.899999999999995,43.35999999999999,1.0
2023-12-05 20:00:00,1641.0,21.833333333333332,43.1,1.0
2023-12-05 20:30:00,1556.3333333333333,21.833333333333332,42.97,1.0
2023-12-05 21:00:00,1497.6666666666667,21.833333333333332,42.71,1.0
2023-12-05 21:30:00,1429.3333333333333,21.866666666666664,42.58,1.0
2023-12-05 22:00:00,1394.6666666666667,21.899999999999995,42.32,1.0
2023-12-05 22:30:00,1337.6666666666667,21.8,42.19,1.0
2023-12-05 23:00:00,1311.6666666666667,21.833333333333332,42.19,1.0
2023-12-05 23:30:00,1236.0,21.833333333333332,42.19,1.0
2023-12-06 00:00:00,1196.6666666666667,21.8,41.8,1.0
2023-12-06 00:30:00,1168.0,21.833333333333332,41.8,1.0
2023-12-06 01:00:00,1121.3333333333333,21.8,41.8,1.0
2023-12-06 01:30:00,1092.0,21.8,41.8,1.0
2023-12-06 02:00:00,1064.0,21.7,41.8,1.0
2023-12-06 02:30:00,1044.0,21.766666666666666,41.8,1.0
2023-12-06 03:00:00,1022.3333333333334,21.766666666666666,41.8,1.0
2023-12-06 03:30:00,978.3333333333334,21.8,41.8,1.0
2023-12-06 04:00:00,958.0,21.733333333333334,41.8,1.0
2023-12-06 04:30:00,922.3333333333334,21.766666666666666,41.8,1.0
2023-12-06 05:00:00,920.6666666666666,21.8,41.669999999999995,1.0
2023-12-06 05:30:00,913.3333333333334,21.733333333333334,41.41,1.0
2023-12-06 06:00:00,864.6666666666666,21.8,41.15,1.0
2023-12-06 06:30:00,839.3333333333334,21.733333333333334,40.88666666666666,1.0
2023-12-06 07:00:00,816.0,21.7,40.88666666666666,1.0
2023-12-06 07:30:00,819.3333333333334,21.7,40.62,1.0
2023-12-06 08:00:00,1028.6666666666667,21.766666666666666,43.49,1.0
2023-12-06 08:30:00,1582.6666666666667,22.100000000000005,48.31,0.75
2023-12-06 09:00:00,1950.0,22.3,49.025,0.75
2023-12-06 09:30:00,2399.6666666666665,22.599999999999998,51.43000000000001,0.6666666666666666
2023-12-06 10:00:00,2682.3333333333335,22.733333333333334,50.65,0.75
2023-12-06 10:30:00,2412.3333333333335,22.8,49.35,1.0
2023-12-06 11:00:00,2945.6666666666665,22.899999999999995,51.82,1.0
2023-12-06 11:30:00,2832.3333333333335,22.633333333333336,50.39000000000001,0.25
2023-12-06 12:00:00,2383.6666666666665,22.46666666666667,47.52666666666667,1.0
2023-12-06 12:30:00,2948.3333333333335,22.666666666666668,50.65,0.75
2023-12-06 13:00:00,2212.3333333333335,22.733333333333334,45.31,0.75
2023-12-06 13:30:00,2122.6666666666665,22.733333333333334,46.876666666666665,0.6666666666666666
2023-12-06 14:00:00,2617.0,22.833333333333332,50.65,0.0
2023-12-06 14:30:00,1305.6666666666667,22.5,40.88666666666666,1.0
2023-12-06 15:00:00,1980.6666666666667,22.933333333333334,45.18333333333334,1.0
2023-12-06 15:30:00,1838.6666666666667,22.96666666666667,43.23,1.0
2023-12-06 16:00:00,2121.3333333333335,22.866666666666664,45.050000000000004,1.0
2023-12-06 16:30:00,2004.0,22.599999999999998,44.919999999999995,1.0
2023-12-06 17:00:00,1949.6666666666667,22.333333333333332,44.919999999999995,1.0
2023-12-06 17:30:00,1886.0,22.233333333333334,44.919999999999995,1.0
2023-12-06 18:00:00,1816.3333333333333,22.100000000000005,44.660000000000004,1.0
2023-12-06 18:30:00,1764.3333333333333,22.0,44.53,1.0
2023-12-06 19:00:00,1678.6666666666667,22.0,44.53,1.0
2023-12-06 19:30:00,1668.3333333333333,21.96666666666667,44.53,1.0
2023-12-06 20:00:00,1632.6666666666667,21.933333333333334,44.53,1.0
2023-12-06 20:30:00,1586.3333333333333,21.933333333333334,44.14000000000001,1.0
2023-12-06 21:00:00,1534.6666666666667,21.96666666666667,44.14000000000001,1.0
2023-12-06 21:30:00,1471.3333333333333,21.96666666666667,44.14000000000001,1.0
2023-12-06 22:00:00,1492.3333333333333,21.96666666666667,44.14000000000001,1.0
2023-12-06 22:30:00,1470.0,21.96666666666667,44.14000000000001,1.0
2023-12-06 23:00:00,1438.3333333333333,21.933333333333334,44.14000000000001,1.0
2023-12-06 23:30:00,1421.3333333333333,21.96666666666667,44.14000000000001,1.0
2023-12-07 00:00:00,1362.6666666666667,21.899999999999995,44.14000000000001,1.0
2023-12-07 00:30:00,1364.0,21.933333333333334,43.879999999999995,1.0
2023-12-07 01:00:00,1326.5,21.95,43.75,1.0
2023-12-07 01:30:00,1305.3333333333333,21.899999999999995,43.75,1.0
2023-12-07 02:00:00,1238.0,21.899999999999995,43.75,1.0
2023-12-07 02:30:00,1280.6666666666667,21.899999999999995,43.75,1.0
2023-12-07 03:00:00,1229.3333333333333,21.866666666666664,43.75,1.0
2023-12-07 03:30:00,1225.3333333333333,21.833333333333332,43.75,1.0
2023-12-07 04:00:00,1208.0,21.833333333333332,43.75,1.0
2023-12-07 04:30:00,1199.3333333333333,21.866666666666664,43.75,1.0
2023-12-07 05:00:00,1174.0,21.899999999999995,43.75,1.0
2023-12-07 05:30:00,1137.6666666666667,21.899999999999995,43.620000000000005,1.0
2023-12-07 06:00:00,1140.0,21.8,43.620000000000005,1.0
2023-12-07 06:30:00,1084.6666666666667,21.866666666666664,43.35999999999999,1.0
2023-12-07 07:00:00,1054.3333333333333,21.866666666666664,43.35999999999999,1.0
2023-12-07 07:30:00,1061.3333333333333,21.8,43.35999999999999,1.0
2023-12-07 08:00:00,1067.3333333333333,21.899999999999995,43.35999999999999,1.0
2023-12-07 08:30:00,1318.6666666666667,21.96666666666667,45.57,1.0
2023-12-07 09:00:00,1267.0,22.133333333333336,44.660000000000004,1.0
2023-12-07 09:30:00,1391.3333333333333,22.3,45.57,1.0
2023-12-07 10:00:00,1700.3333333333333,22.333333333333332,47.79,1.0
2023-12-07 10:30:00,2301.3333333333335,22.433333333333334,49.870000000000005,1.0
2023-12-07 11:00:00,2672.0,22.566666666666666,51.169999999999995,1.0
2023-12-07 11:30:00,2968.3333333333335,22.53333333333333,51.43000000000001,0.25
2023-12-07 12:00:00,3135.3333333333335,22.53333333333333,51.82,1.0
2023-12-07 12:30:00,3488.0,22.600000000000005,53.51666666666667,1.0
2023-12-07 13:00:00,3886.6666666666665,22.7,54.81999999999999,1.0
2023-12-07 13:30:00,4006.0,22.633333333333336,54.04,0.6666666666666666
2023-12-07 14:00:00,3497.0,22.633333333333336,51.949999999999996,1.0
2023-12-07 14:30:00,3916.3333333333335,22.7,53.38666666666666,1.0
2023-12-07 15:00:00,4097.666666666667,22.666666666666668,53.52,1.0
2023-12-07 15:30:00,4374.333333333333,22.7,54.04,1.0
2023-12-07 16:00:00,4390.666666666667,22.666666666666668,54.169999999999995,1.0
2023-12-07 16:30:00,4655.0,22.7,54.949999999999996,1.0
2023-12-07 17:00:00,4655.0,22.633333333333336,55.6,1.0
2023-12-07 17:30:00,4655.0,22.633333333333336,54.56,1.0
2023-12-07 18:00:00,4637.5,22.5,53.91,1.0
2023-12-07 18:30:00,4588.0,22.266666666666666,53.123333333333335,1.0
2023-12-07 19:00:00,4329.666666666667,22.133333333333336,52.34,1.0
2023-12-07 19:30:00,4266.0,22.099999999999998,51.95000000000001,1.0
2023-12-07 20:00:00,4097.666666666667,22.03333333333333,51.56,1.0
2023-12-07 20:30:00,4039.0,22.03333333333333,51.04,1.0
2023-12-07 21:00:00,3916.0,21.933333333333334,50.65,1.0
2023-12-07 21:30:00,3746.3333333333335,21.96666666666667,50.26,1.0
2023-12-07 22:00:00,3658.6666666666665,21.96666666666667,50.0,1.0
2023-12-07 22:30:00,3548.0,21.96666666666667,49.60999999999999,1.0
2023-12-07 23:00:00,3501.0,21.933333333333334,49.35,1.0
2023-12-07 23:30:00,3307.3333333333335,21.96666666666667,49.089999999999996,1.0
2023-12-08 00:00:00,3240.3333333333335,21.933333333333334,48.830000000000005,1.0
2023-12-08 00:30:00,3297.0,21.933333333333334,48.830000000000005,1.0
2023-12-08 01:00:00,3081.0,21.899999999999995,48.44,1.0
2023-12-08 01:30:00,3023.6666666666665,21.933333333333334,48.44,1.0
2023-12-08 02:00:00,2909.6666666666665,21.899999999999995,48.18,1.0
2023-12-08 02:30:00,2903.3333333333335,21.899999999999995,48.04999999999999,1.0
2023-12-08 03:00:00,2760.6666666666665,21.899999999999995,47.919999999999995,1.0
2023-12-08 03:30:00,2710.6666666666665,21.899999999999995,47.66,1.0
2023-12-08 04:00:00,2661.3333333333335,21.899999999999995,47.66,1.0
2023-12-08 04:30:00,2542.0,21.866666666666664,47.27,1.0
2023-12-08 05:00:00,2516.0,21.866666666666664,47.27,1.0
2023-12-08 05:30:00,2460.0,21.899999999999995,47.01,1.0
2023-12-08 06:00:00,2358.0,21.899999999999995,46.88,1.0
2023-12-08 06:30:00,2280.3333333333335,21.899999999999995,46.88,1.0
2023-12-08 07:00:00,2180.3333333333335,21.899999999999995,46.48,1.0
2023-12-08 07:30:00,2184.0,21.899999999999995,46.48,1.0
2023-12-08 08:00:00,1880.6666666666667,21.833333333333332,45.31,1.0
2023-12-08 08:30:00,1242.6666666666667,21.933333333333334,43.879999999999995,1.0
2023-12-08 09:00:00,1277.0,22.0,44.53,1.0
2023-12-08 09:30:00,1226.0,22.0,44.53,1.0
2023-12-08 10:00:00,1272.0,22.1,44.92,1.0
2023-12-08 10:30:00,1429.3333333333333,22.133333333333336,45.44,1.0
2023-12-08 11:00:00,1539.6666666666667,22.3,45.44,1.0
2023-12-08 11:30:00,1435.6666666666667,22.733333333333334,43.620000000000005,1.0
2023-12-08 12:00:00,1431.3333333333333,23.03333333333333,43.35999999999999,1.0
2023-12-08 12:30:00,1417.3333333333333,23.233333333333334,43.35999999999999,1.0
2023-12-08 13:00:00,1466.6666666666667,23.233333333333334,43.620000000000005,1.0
2023-12-08 13:30:00,1779.0,23.166666666666668,44.660000000000004,1.0
2023-12-08 14:00:00,2049.3333333333335,22.96666666666667,46.09,1.0
2023-12-08 14:30:00,2244.3333333333335,22.866666666666664,47.4,1.0
2023-12-08 15:00:00,2681.6666666666665,22.899999999999995,48.96,1.0
2023-12-08 15:30:00,2924.3333333333335,22.833333333333332,49.089999999999996,1.0
2023-12-08 16:00:00,3066.0,22.866666666666664,49.870000000000005,1.0
2023-12-08 16:30:00,2645.0,22.766666666666666,47.79,1.0
2023-12-08 17:00:00,2456.3333333333335,22.599999999999998,47.27,1.0
2023-12-08 17:30:00,2338.3333333333335,22.400000000000002,47.27,1.0
2023-12-08 18:00:00,2220.0,22.266666666666666,46.88,1.0
2023-12-08 18:30:00,2165.6666666666665,22.2,46.74666666666667,1.0
2023-12-08 19:00:00,2103.3333333333335,22.2,46.48,1.0
2023-12-08 19:30:00,2033.3333333333333,22.133333333333336,46.48,1.0
2023-12-08 20:00:00,1948.6666666666667,22.166666666666668,46.48,1.0
2023-12-08 20:30:00,1881.3333333333333,22.133333333333336,46.09,1.0
2023-12-08 21:00:00,1869.6666666666667,22.166666666666668,46.09,1.0
2023-12-08 21:30:00,1797.6666666666667,22.133333333333336,46.09,1.0
2023-12-08 22:00:00,1811.3333333333333,22.100000000000005,46.09,1.0
2023-12-08 22:30:00,2115.0,22.166666666666668,48.44,1.0
2023-12-08 23:00:00,2269.6666666666665,22.333333333333332,49.74,1.0
2023-12-08 23:30:00,2584.0,22.333333333333332,50.26,1.0
2023-12-09 00:00:00,2930.0,22.400000000000002,51.56,1.0
2023-12-09 00:30:00,3293.3333333333335,22.433333333333334,52.21,1.0
2023-12-09 01:00:00,3661.0,22.46666666666667,53.64666666666667,1.0
2023-12-09 01:30:00,4022.0,22.53333333333333,55.73,1.0
2023-12-09 02:00:00,4029.0,22.46666666666667,55.21,1.0
2023-12-09 02:30:00,3969.0,22.333333333333332,54.29999999999999,1.0
2023-12-09 03:00:00,3791.3333333333335,22.2,53.25333333333333,1.0
2023-12-09 03:30:00,3725.5,22.1,52.535,1.0
2023-12-09 04:00:00,3604.6666666666665,22.066666666666666,52.080000000000005,1.0
2023-12-09 04:30:00,3454.3333333333335,22.0,51.43000000000001,1.0
2023-12-09 05:00:00,3333.3333333333335,21.96666666666667,51.04,1.0
2023-12-09 05:30:00,3233.0,21.96666666666667,50.52,1.0
2023-12-09 06:00:00,3175.0,21.96666666666667,50.129999999999995,1.0
2023-12-09 06:30:00,3044.0,21.933333333333334,49.60999999999999,1.0
2023-12-09 07:00:00,2890.0,21.933333333333334,49.22,1.0
2023-12-09 07:30:00,2793.6666666666665,21.933333333333334,48.830000000000005,1.0
2023-12-09 08:00:00,2637.3333333333335,21.899999999999995,48.56999999999999,1.0
2023-12-09 08:30:00,2577.5,21.9,48.245,1.0
2023-12-09 09:00:00,2567.0,21.899999999999995,48.04999999999999,1.0
2023-12-09 09:30:00,2511.0,21.933333333333334,48.04999999999999,1.0
2023-12-09 10:00:00,2471.0,21.933333333333334,47.66,1.0
2023-12-09 10:30:00,2281.6666666666665,21.933333333333334,47.53,1.0
2023-12-09 11:00:00,2244.0,21.899999999999995,47.27,1.0
2023-12-09 11:30:00,2184.6666666666665,21.866666666666664,47.14000000000001,1.0
2023-12-09 12:00:00,2075.6666666666665,21.866666666666664,46.88,1.0
2023-12-09 12:30:00,1986.3333333333333,21.899999999999995,46.88,1.0
2023-12-09 13:00:00,1944.6666666666667,21.866666666666664,46.61333333333334,1.0
2023-12-09 13:30:00,1881.6666666666667,21.866666666666664,46.48,1.0
2023-12-09 14:00:00,1845.6666666666667,21.899999999999995,46.48,1.0
2023-12-09 14:30:00,1789.3333333333333,21.866666666666664,46.48,1.0
2023-12-09 15:00:00,1696.3333333333333,21.866666666666664,46.35,1.0
2023-12-09 15:30:00,1670.0,21.899999999999995,46.09,1.0
2023-12-09 16:00:00,1612.6666666666667,21.866666666666664,46.09,1.0
2023-12-09 16:30:00,1552.3333333333333,21.899999999999995,46.09,1.0
2023-12-09 17:00:00,1526.6666666666667,21.866666666666664,45.96,1.0
2023-12-09 17:30:00,1472.6666666666667,21.899999999999995,45.830000000000005,1.0
2023-12-09 18:00:00,1410.6666666666667,21.866666666666664,45.70000000000001,1.0
2023-12-09 18:30:00,1333.3333333333333,21.833333333333332,45.70000000000001,1.0
2023-12-09 19:00:00,1329.3333333333333,21.833333333333332,45.70000000000001,1.0
2023-12-09 19:30:00,1305.6666666666667,21.866666666666664,45.70000000000001,1.0
2023-12-09 20:00:00,1304.6666666666667,21.866666666666664,45.57,1.0
2023-12-09 20:30:00,1207.6666666666667,21.866666666666664,45.57,1.0
2023-12-09 21:00:00,1209.3333333333333,21.833333333333332,45.57,1.0
2023-12-09 21:30:00,1173.6666666666667,21.833333333333332,45.31,1.0
2023-12-09 22:00:00,1117.3333333333333,21.833333333333332,45.31,1.0
2023-12-09 22:30:00,1080.3333333333333,21.866666666666664,45.31,1.0
2023-12-09 23:00:00,1129.3333333333333,21.833333333333332,45.31,1.0
2023-12-09 23:30:00,1041.6666666666667,21.833333333333332,45.31,1.0
2023-12-10 00:00:00,1040.0,21.866666666666664,45.31,1.0
2023-12-10 00:30:00,1014.0,21.833333333333332,45.31,1.0
2023-12-10 01:00:00,1018.6666666666666,21.833333333333332,45.050000000000004,1.0
2023-12-10 01:30:00,1013.3333333333334,21.833333333333332,44.919999999999995,1.0
2023-12-10 02:00:00,947.6666666666666,21.833333333333332,44.919999999999995,1.0
2023-12-10 02:30:00,954.0,21.866666666666664,44.919999999999995,1.0
2023-12-10 03:00:00,938.6666666666666,21.833333333333332,44.919999999999995,1.0
2023-12-10 03:30:00,920.0,21.85,44.92,1.0
2023-12-10 04:00:00,888.6666666666666,21.866666666666664,44.919999999999995,1.0
2023-12-10 04:30:00,911.6666666666666,21.899999999999995,44.919999999999995,1.0
2023-12-10 05:00:00,866.6666666666666,21.8,44.919999999999995,1.0
2023-12-10 05:30:00,841.6666666666666,21.833333333333332,44.919999999999995,1.0
2023-12-10 06:00:00,854.3333333333334,21.833333333333332,44.919999999999995,1.0
2023-12-10 06:30:00,811.3333333333334,21.833333333333332,44.660000000000004,1.0
2023-12-10 07:00:00,787.0,21.833333333333332,44.53,1.0
2023-12-10 07:30:00,765.3333333333334,21.8,44.53,1.0
2023-12-10 08:00:00,782.6666666666666,21.866666666666664,44.53,1.0
2023-12-10 08:30:00,761.3333333333334,21.833333333333332,44.53,1.0
2023-12-10 09:00:00,732.3333333333334,21.866666666666664,44.53,1.0
2023-12-10 09:30:00,675.6666666666666,21.833333333333332,44.4,1.0
2023-12-10 10:00:00,704.6666666666666,21.8,44.14000000000001,1.0
2023-12-10 10:30:00,724.6666666666666,21.8,44.14000000000001,1.0
2023-12-10 11:00:00,709.6666666666666,21.8,44.14000000000001,1.0
2023-12-10 11:30:00,689.6666666666666,21.8,44.14000000000001,1.0
2023-12-10 12:00:00,682.3333333333334,21.8,44.14000000000001,1.0
2023-12-10 12:30:00,661.0,21.8,44.14000000000001,1.0
2023-12-10 13:00:00,656.3333333333334,21.8,44.01,1.0
2023-12-10 13:30:00,647.3333333333334,21.766666666666666,43.879999999999995,1.0
2023-12-10 14:00:00,649.3333333333334,21.766666666666666,43.75,1.0
2023-12-10 14:30:00,661.0,21.766666666666666,43.75,1.0
2023-12-10 15:00:00,605.3333333333334,21.833333333333332,43.75,1.0
2023-12-10 15:30:00,631.0,21.8,43.75,1.0
2023-12-10 16:00:00,611.3333333333334,21.8,43.75,1.0
2023-12-10 16:30:00,642.3333333333334,21.8,43.75,1.0
2023-12-10 17:00:00,613.0,21.866666666666664,43.75,1.0
2023-12-10 17:30:00,625.3333333333334,21.8,43.75,1.0
2023-12-10 18:00:00,598.3333333333334,21.833333333333332,43.75,1.0
2023-12-10 18:30:00,584.6666666666666,21.8,43.35999999999999,1.0
2023-12-10 19:00:00,591.3333333333334,21.766666666666666,43.35999999999999,1.0
2023-12-10 19:30:00,566.3333333333334,21.766666666666666,43.620000000000005,1.0
2023-12-10 20:00:00,626.3333333333334,21.766666666666666,43.620000000000005,1.0
2023-12-10 20:30:00,590.6666666666666,21.8,43.75,1.0
2023-12-10 21:00:00,583.6666666666666,21.8,43.75,1.0
2023-12-10 21:30:00,561.6666666666666,21.8,43.75,1.0
2023-12-10 22:00:00,553.6666666666666,21.8,43.75,1.0
2023-12-10 22:30:00,554.6666666666666,21.8,43.75,1.0
2023-12-10 23:00:00,547.0,21.8,43.75,1.0
2023-12-10 23:30:00,560.0,21.8,43.75,1.0
2023-12-11 00:00:00,545.3333333333334,21.8,43.75,1.0
2023-12-11 00:30:00,551.3333333333334,21.833333333333332,43.75,1.0
2023-12-11 01:00:00,531.0,21.8,43.75,1.0
2023-12-11 01:30:00,546.3333333333334,21.8,43.75,1.0
2023-12-11 02:00:00,589.3333333333334,21.833333333333332,43.75,1.0
2023-12-11 02:30:00,538.5,21.799999999999997,43.75,1.0
2023-12-11 03:00:00,581.0,21.833333333333332,43.75,1.0
2023-12-11 03:30:00,518.0,21.8,43.75,1.0
2023-12-11 04:00:00,511.3333333333333,21.866666666666664,43.75,1.0
2023-12-11 04:30:00,549.0,21.866666666666664,43.75,1.0
2023-12-11 05:00:00,549.0,21.833333333333332,43.75,1.0
2023-12-11 05:30:00,573.3333333333334,21.866666666666664,43.879999999999995,1.0
2023-12-11 06:00:00,555.3333333333334,21.866666666666664,43.879999999999995,1.0
2023-12-11 06:30:00,548.6666666666666,21.833333333333332,43.879999999999995,1.0
2023-12-11 07:00:00,567.0,21.866666666666664,43.75,1.0
2023-12-11 07:30:00,559.3333333333334,21.899999999999995,43.75,1.0
2023-12-11 08:00:00,568.3333333333334,21.899999999999995,43.75,1.0
2023-12-11 08:30:00,529.6666666666666,21.899999999999995,43.75,1.0
2023-12-11 09:00:00,542.3333333333334,21.833333333333332,43.75,1.0
2023-12-11 09:30:00,520.6666666666666,21.8,43.75,1.0
2023-12-11 10:00:00,526.3333333333334,21.833333333333332,43.75,1.0
2023-12-11 10:30:00,524.0,21.8,43.75,1.0
2023-12-11 11:00:00,712.0,21.866666666666664,44.660000000000004,1.0
2023-12-11 11:30:00,1129.3333333333333,21.96666666666667,46.876666666666665,1.0
2023-12-11 12:00:00,1660.3333333333333,22.066666666666666,48.56999999999999,1.0
2023-12-11 12:30:00,1939.0,22.166666666666668,48.96,1.0
2023-12-11 13:00:00,2034.0,22.100000000000005,48.96,0.75
2023-12-11 13:30:00,2498.3333333333335,22.266666666666666,51.169999999999995,1.0
2023-12-11 14:00:00,2925.3333333333335,22.366666666666664,51.95000000000001,0.75
2023-12-11 14:30:00,3066.3333333333335,22.5,51.69,1.0
2023-12-11 15:00:00,3217.0,22.5,51.56,1.0
2023-12-11 15:30:00,3446.6666666666665,22.5,52.47,1.0
2023-12-11 16:00:00,3660.3333333333335,22.433333333333334,53.123333333333335,1.0
2023-12-11 16:30:00,3839.3333333333335,22.5,53.65,1.0
2023-12-11 17:00:00,4002.3333333333335,22.53333333333333,54.29999999999999,1.0
2023-12-11 17:30:00,3997.0,22.5,54.04,1.0
2023-12-11 18:00:00,3974.6666666666665,22.3,52.73,1.0
2023-12-11 18:30:00,3798.6666666666665,22.2,52.080000000000005,1.0
2023-12-11 19:00:00,3829.3333333333335,22.133333333333336,52.73,1.0
2023-12-11 19:30:00,3769.6666666666665,22.100000000000005,52.47,1.0
2023-12-11 20:00:00,3654.0,22.0,52.34,1.0
2023-12-11 20:30:00,3483.0,21.933333333333334,52.080000000000005,1.0
2023-12-11 21:00:00,3392.3333333333335,21.899999999999995,51.82,1.0
2023-12-11 21:30:00,3376.3333333333335,21.933333333333334,51.56,1.0
2023-12-11 22:00:00,3258.6666666666665,21.96666666666667,51.300000000000004,1.0
2023-12-11 22:30:00,3154.0,21.900000000000002,51.04,1.0
2023-12-11 23:00:00,3136.3333333333335,21.933333333333334,50.910000000000004,1.0
2023-12-11 23:30:00,3034.3333333333335,21.899999999999995,50.52,1.0
2023-12-12 00:00:00,2919.0,21.899999999999995,50.39000000000001,1.0
2023-12-12 00:30:00,2826.0,21.833333333333332,50.129999999999995,1.0
2023-12-12 01:00:00,2736.0,21.866666666666664,50.0,1.0
2023-12-12 01:30:00,2754.6666666666665,21.833333333333332,50.0,1.0
2023-12-12 02:00:00,2612.3333333333335,21.866666666666664,49.60999999999999,1.0
2023-12-12 02:30:00,2550.6666666666665,21.899999999999995,49.60999999999999,1.0
2023-12-12 03:00:00,2504.3333333333335,21.866666666666664,49.22,1.0
2023-12-12 03:30:00,2470.6666666666665,21.899999999999995,49.22,1.0
2023-12-12 04:00:00,2354.0,21.833333333333332,49.089999999999996,1.0
2023-12-12 04:30:00,2362.6666666666665,21.833333333333332,48.830000000000005,1.0
2023-12-12 05:00:00,2287.6666666666665,21.833333333333332,48.830000000000005,1.0
2023-12-12 05:30:00,2183.0,21.866666666666664,48.56999999999999,1.0
2023-12-12 06:00:00,2148.6666666666665,21.833333333333332,48.44,1.0
2023-12-12 06:30:00,2058.6666666666665,21.833333333333332,48.04999999999999,1.0
2023-12-12 07:00:00,1969.5,21.8,47.66,1.0
2023-12-12 07:30:00,1908.6666666666667,21.866666666666664,47.66,1.0
2023-12-12 08:00:00,1814.6666666666667,21.8,47.53,1.0
2023-12-12 08:30:00,1760.6666666666667,21.766666666666666,47.27,1.0
2023-12-12 09:00:00,1595.0,21.866666666666664,46.48,1.0
2023-12-12 09:30:00,1624.6666666666667,21.866666666666664,46.61333333333334,1.0
2023-12-12 10:00:00,1281.3333333333333,21.96666666666667,43.620000000000005,1.0
2023-12-12 10:30:00,1111.3333333333333,22.2,42.19,1.0
2023-12-12 11:00:00,1268.6666666666667,22.46666666666667,42.71,1.0
2023-12-12 11:30:00,1208.6666666666667,22.53333333333333,41.669999999999995,1.0
2023-12-12 12:00:00,1212.6666666666667,22.53333333333333,41.41,1.0
2023-12-12 12:30:00,1100.6666666666667,22.433333333333334,41.41,1.0
2023-12-12 13:00:00,1131.6666666666667,22.2,42.32,1.0
2023-12-12 13:30:00,1140.6666666666667,22.099999999999998,42.71,1.0
2023-12-12 14:00:00,1079.3333333333333,22.0,42.97,1.0
2023-12-12 14:30:00,1059.6666666666667,21.899999999999995,42.97,1.0
2023-12-12 15:00:00,1041.6666666666667,21.899999999999995,43.35999999999999,1.0
2023-12-12 15:30:00,1007.3333333333334,21.899999999999995,43.35999999999999,1.0
2023-12-12 16:00:00,1006.6666666666666,21.899999999999995,43.35999999999999,1.0
2023-12-12 16:30:00,1000.0,21.899999999999995,43.35999999999999,1.0
2023-12-12 17:00:00,952.6666666666666,21.899999999999995,43.35999999999999,1.0
2023-12-12 17:30:00,950.6666666666666,21.899999999999995,43.35999999999999,1.0
2023-12-12 18:00:00,987.3333333333334,21.866666666666664,43.35999999999999,1.0
2023-12-12 18:30:00,904.0,21.866666666666664,43.35999999999999,1.0
2023-12-12 19:00:00,902.6666666666666,21.866666666666664,43.35999999999999,1.0
2023-12-12 19:30:00,885.6666666666666,21.899999999999995,43.35999999999999,1.0
2023-12-12 20:00:00,887.6666666666666,21.8,43.35999999999999,1.0
2023-12-12 20:30:00,883.6666666666666,21.866666666666664,43.35999999999999,1.0
2023-12-12 21:00:00,864.3333333333334,21.899999999999995,43.35999999999999,1.0
2023-12-12 21:30:00,848.3333333333334,21.899999999999995,43.75,1.0
2023-12-12 22:00:00,834.3333333333334,21.899999999999995,43.75,1.0
2023-12-12 22:30:00,818.0,21.866666666666664,43.75,1.0
2023-12-12 23:00:00,820.3333333333334,21.866666666666664,43.75,1.0
2023-12-12 23:30:00,779.3333333333334,21.833333333333332,43.75,1.0
2023-12-13 00:00:00,813.3333333333334,21.833333333333332,43.49,1.0
2023-12-13 00:30:00,769.6666666666666,21.8,43.620000000000005,1.0
2023-12-13 01:00:00,793.3333333333334,21.833333333333332,43.620000000000005,1.0
2023-12-13 01:30:00,787.0,21.766666666666666,43.75,1.0
2023-12-13 02:00:00,764.0,21.866666666666664,43.620000000000005,1.0
2023-12-13 02:30:00,752.0,21.766666666666666,43.49,1.0
2023-12-13 03:00:00,709.3333333333334,21.7,43.35999999999999,1.0
2023-12-13 03:30:00,732.5,21.7,43.36,1.0
2023-12-13 04:00:00,741.0,21.766666666666666,43.35999999999999,1.0
2023-12-13 04:30:00,694.25,21.75,43.36,1.0
2023-12-13 05:00:00,712.0,21.8,43.36,1.0
2023-12-13 05:30:00,692.6666666666666,21.8,43.23,1.0
2023-12-13 06:00:00,701.3333333333334,21.833333333333332,43.23,1.0
2023-12-13 06:30:00,682.3333333333334,21.8,42.97,1.0
2023-12-13 07:00:00,670.3333333333334,21.766666666666666,42.58,1.0
2023-12-13 07:30:00,652.6666666666666,21.8,42.58,1.0
2023-12-13 08:00:00,655.0,21.733333333333334,42.449999999999996,1.0
2023-12-13 08:30:00,651.6666666666666,21.766666666666666,42.19,1.0
2023-12-13 09:00:00,634.6666666666666,21.7,42.19,1.0
2023-12-13 09:30:00,652.0,21.733333333333334,42.059999999999995,1.0
2023-12-13 10:00:00,629.6666666666666,21.7,41.8,1.0
2023-12-13 10:30:00,603.3333333333334,21.733333333333334,41.8,1.0
2023-12-13 11:00:00,664.6666666666666,21.8,42.059999999999995,1.0
2023-12-13 11:30:00,1006.3333333333334,21.900000000000002,43.23,1.0
2023-12-13 12:00:00,1372.6666666666667,22.099999999999998,44.4,1.0
2023-12-13 12:30:00,1584.0,22.100000000000005,45.050000000000004,1.0
2023-12-13 13:00:00,1508.6666666666667,22.066666666666666,44.14000000000001,1.0
2023-12-13 13:30:00,1806.6666666666667,22.166666666666668,45.31,1.0
2023-12-13 14:00:00,2238.6666666666665,22.233333333333334,46.876666666666665,1.0
2023-12-13 14:30:00,2423.0,22.333333333333332,47.4,1.0
2023-12-13 15:00:00,2609.6666666666665,22.333333333333332,48.04999999999999,0.75
2023-12-13 15:30:00,2201.0,22.366666666666664,45.57333333333333,0.75
2023-12-13 16:00:00,2030.3333333333333,22.399999999999995,45.31,1.0
2023-12-13 16:30:00,2377.3333333333335,22.5,46.48333333333333,1.0
2023-12-13 17:00:00,2697.6666666666665,22.53333333333333,48.050000000000004,1.0
2023-12-13 17:30:00,2871.0,22.566666666666666,48.56999999999999,1.0
2023-12-13 18:00:00,1570.3333333333333,22.46666666666667,41.666666666666664,1.0
2023-12-13 18:30:00,1213.0,22.5,39.580000000000005,1.0
2023-12-13 19:00:00,1119.3333333333333,22.53333333333333,38.800000000000004,1.0
2023-12-13 19:30:00,1151.6666666666667,22.333333333333332,39.84,1.0
2023-12-13 20:00:00,1101.3333333333333,22.2,40.75333333333333,1.0
2023-12-13 20:30:00,1072.6666666666667,22.100000000000005,41.02,1.0
2023-12-13 21:00:00,1061.6666666666667,21.96666666666667,41.41,1.0
2023-12-13 21:30:00,1075.0,21.933333333333334,41.669999999999995,1.0
2023-12-13 22:00:00,1079.6666666666667,21.899999999999995,41.8,1.0
2023-12-13 22:30:00,1043.3333333333333,22.0,42.059999999999995,1.0
2023-12-13 23:00:00,1060.3333333333333,21.900000000000002,42.19,1.0
2023-12-13 23:30:00,1030.0,22.0,42.19,1.0
2023-12-14 00:00:00,1012.0,21.899999999999995,42.19,1.0
2023-12-14 00:30:00,992.3333333333334,21.866666666666664,42.19,1.0
2023-12-14 01:00:00,935.0,21.866666666666664,42.19,1.0
2023-12-14 01:30:00,957.0,21.833333333333332,42.449999999999996,1.0
2023-12-14 02:00:00,947.6666666666666,21.833333333333332,42.58,1.0
2023-12-14 02:30:00,919.6666666666666,21.899999999999995,42.58,1.0
2023-12-14 03:00:00,904.6666666666666,21.866666666666664,42.58,1.0
2023-12-14 03:30:00,910.5,21.9,42.58,1.0
2023-12-14 04:00:00,892.3333333333334,21.833333333333332,42.58,1.0
2023-12-14 04:30:00,871.0,21.8,42.58,1.0
2023-12-14 05:00:00,883.0,21.866666666666664,42.58,1.0
2023-12-14 05:30:00,874.3333333333334,21.899999999999995,42.58,1.0
2023-12-14 06:00:00,879.0,21.866666666666664,42.58,1.0
2023-12-14 06:30:00,835.3333333333334,21.8,42.58,1.0
2023-12-14 07:00:00,822.0,21.8,42.449999999999996,1.0
2023-12-14 07:30:00,824.3333333333334,21.8,42.449999999999996,1.0
2023-12-14 08:00:00,834.6666666666666,21.766666666666666,42.32,1.0
2023-12-14 08:30:00,834.3333333333334,21.766666666666666,41.93,1.0
2023-12-14 09:00:00,1001.3333333333334,21.899999999999995,42.059999999999995,1.0
2023-12-14 09:30:00,1004.3333333333334,22.03333333333333,42.19,1.0
2023-12-14 10:00:00,979.6666666666666,22.0,42.19,1.0
2023-12-14 10:30:00,970.3333333333334,22.03333333333333,42.19,1.0
2023-12-14 11:00:00,971.3333333333334,22.03333333333333,42.19,1.0
2023-12-14 11:30:00,963.6666666666666,22.066666666666666,42.19,1.0
2023-12-14 12:00:00,977.0,22.066666666666666,42.19,1.0
2023-12-14 12:30:00,1353.0,22.2,40.88333333333333,1.0
2023-12-14 13:00:00,1248.3333333333333,22.133333333333336,40.49,1.0
2023-12-14 13:30:00,1222.6666666666667,22.100000000000005,40.62,1.0
2023-12-14 14:00:00,1213.6666666666667,22.066666666666666,41.02,1.0
2023-12-14 14:30:00,1234.6666666666667,22.066666666666666,41.02,1.0
2023-12-14 15:00:00,1179.6666666666667,22.066666666666666,41.41,1.0
2023-12-14 15:30:00,1581.0,22.099999999999998,41.14666666666667,1.0
2023-12-14 16:00:00,1755.0,22.400000000000002,41.02,1.0
2023-12-14 16:30:00,1573.3333333333333,22.53333333333333,39.32,1.0
2023-12-14 17:00:00,1447.6666666666667,22.566666666666666,38.410000000000004,1.0
2023-12-14 17:30:00,1741.6666666666667,22.5,40.623333333333335,1.0
2023-12-14 18:00:00,2116.3333333333335,22.399999999999995,42.71,1.0
2023-12-14 18:30:00,2484.3333333333335,22.53333333333333,44.14000000000001,1.0
2023-12-14 19:00:00,2647.3333333333335,22.433333333333334,44.79,1.0
2023-12-14 19:30:00,2663.3333333333335,22.3,44.660000000000004,1.0
2023-12-14 20:00:00,2633.6666666666665,22.2,44.53,1.0
2023-12-14 20:30:00,2564.6666666666665,22.066666666666666,44.27,1.0
2023-12-14 21:00:00,2491.0,22.066666666666666,44.14000000000001,1.0
2023-12-14 21:30:00,2438.3333333333335,22.0,44.14000000000001,1.0
2023-12-14 22:00:00,2441.3333333333335,21.933333333333334,43.879999999999995,1.0
2023-12-14 22:30:00,2306.3333333333335,21.933333333333334,43.75,1.0
2023-12-14 23:00:00,2297.0,21.9,43.75,1.0
2023-12-14 23:30:00,2278.0,21.899999999999995,43.75,1.0
2023-12-15 00:00:00,2223.3333333333335,21.933333333333334,43.620000000000005,1.0
2023-12-15 00:30:00,2132.6666666666665,21.933333333333334,43.49,1.0
2023-12-15 01:00:00,2136.3333333333335,21.933333333333334,43.35999999999999,1.0
2023-12-15 01:30:00,2085.6666666666665,21.933333333333334,43.35999999999999,1.0
2023-12-15 02:00:00,2010.6666666666667,21.933333333333334,43.35999999999999,1.0
2023-12-15 02:30:00,1958.0,21.96666666666667,43.35999999999999,1.0
2023-12-15 03:00:00,1927.6666666666667,21.833333333333332,43.35999999999999,1.0
2023-12-15 03:30:00,1897.0,21.899999999999995,43.35999999999999,1.0
2023-12-15 04:00:00,1842.6666666666667,21.899999999999995,43.35999999999999,1.0
2023-12-15 04:30:00,1799.3333333333333,21.866666666666664,43.35999999999999,1.0
2023-12-15 05:00:00,1797.3333333333333,21.866666666666664,43.35999999999999,1.0
2023-12-15 05:30:00,1738.6666666666667,21.833333333333332,43.35999999999999,1.0
2023-12-15 06:00:00,1717.0,21.833333333333332,43.23,1.0
2023-12-15 06:30:00,1671.6666666666667,21.8,43.35999999999999,1.0
2023-12-15 07:00:00,1603.0,21.899999999999995,43.1,1.0
2023-12-15 07:30:00,1594.6666666666667,21.899999999999995,43.1,1.0
2023-12-15 08:00:00,1524.6666666666667,21.899999999999995,43.23,1.0
2023-12-15 08:30:00,1521.6666666666667,21.866666666666664,43.23,1.0
2023-12-15 09:00:00,1440.0,21.899999999999995,42.97,1.0
2023-12-15 09:30:00,1301.6666666666667,22.099999999999998,42.839999999999996,1.0
2023-12-15 10:00:00,1235.3333333333333,22.333333333333332,42.32,1.0
2023-12-15 10:30:00,1186.6666666666667,22.53333333333333,42.19,1.0
2023-12-15 11:00:00,1233.6666666666667,22.53333333333333,42.19,1.0
2023-12-15 11:30:00,1180.6666666666667,22.400000000000002,42.58,1.0
2023-12-15 12:00:00,1189.0,22.233333333333334,42.839999999999996,1.0
2023-12-15 12:30:00,1265.0,22.233333333333334,43.49,1.0
2023-12-15 13:00:00,1430.0,22.433333333333334,44.27,1.0
2023-12-15 13:30:00,1563.6666666666667,22.5,44.53,1.0
2023-12-15 14:00:00,1634.6666666666667,22.600000000000005,44.660000000000004,1.0
2023-12-15 14:30:00,2040.3333333333333,22.633333333333336,46.223333333333336,1.0
2023-12-15 15:00:00,2328.3333333333335,22.666666666666668,47.27,1.0
2023-12-15 15:30:00,1979.0,22.7,45.830000000000005,1.0
2023-12-15 16:00:00,1714.6666666666667,22.633333333333336,44.4,1.0
2023-12-15 16:30:00,1999.5,22.75,45.895,1.0
2023-12-15 17:00:00,2263.3333333333335,22.733333333333334,46.876666666666665,1.0
2023-12-15 17:30:00,2477.3333333333335,22.666666666666668,47.27,1.0
2023-12-15 18:00:00,2426.6666666666665,22.433333333333334,46.88,1.0
2023-12-15 18:30:00,2312.6666666666665,22.333333333333332,46.61333333333334,1.0
2023-12-15 19:00:00,2252.0,22.233333333333334,46.48,1.0
2023-12-15 19:30:00,2208.3333333333335,22.166666666666668,46.48,1.0
2023-12-15 20:00:00,2140.6666666666665,22.166666666666668,46.09,1.0
2023-12-15 20:30:00,2093.6666666666665,22.133333333333336,46.09,1.0
2023-12-15 21:00:00,2049.6666666666665,22.100000000000005,45.830000000000005,1.0
2023-12-15 21:30:00,2012.6666666666667,22.100000000000005,45.70000000000001,1.0
2023-12-15 22:00:00,1982.6666666666667,22.100000000000005,45.70000000000001,1.0
2023-12-15 22:30:00,1900.6666666666667,22.133333333333336,45.70000000000001,1.0
2023-12-15 23:00:00,1871.6666666666667,22.100000000000005,45.44,1.0
2023-12-15 23:30:00,1868.3333333333333,22.066666666666666,45.31,1.0
2023-12-16 00:00:00,1790.0,22.066666666666666,45.31,1.0
2023-12-16 00:30:00,1793.3333333333333,22.100000000000005,45.31,1.0
2023-12-16 01:00:00,1751.6666666666667,22.066666666666666,45.31,1.0
2023-12-16 01:30:00,1669.6666666666667,22.03333333333333,45.18000000000001,1.0
2023-12-16 02:00:00,1690.3333333333333,22.0,44.919999999999995,1.0
2023-12-16 02:30:00,1598.0,22.066666666666666,44.919999999999995,1.0
2023-12-16 03:00:00,1580.0,22.066666666666666,44.919999999999995,1.0
2023-12-16 03:30:00,1507.0,22.03333333333333,44.919999999999995,1.0
2023-12-16 04:00:00,1486.0,22.066666666666666,44.919999999999995,1.0
2023-12-16 04:30:00,1466.0,22.066666666666666,44.919999999999995,1.0
2023-12-16 05:00:00,1429.3333333333333,22.0,44.660000000000004,1.0
2023-12-16 05:30:00,1429.3333333333333,22.03333333333333,44.53,1.0
2023-12-16 06:00:00,1384.0,22.066666666666666,44.53,1.0
2023-12-16 06:30:00,1335.6666666666667,22.066666666666666,44.53,1.0
2023-12-16 07:00:00,1358.6666666666667,22.03333333333333,44.53,1.0
2023-12-16 07:30:00,1315.6666666666667,22.03333333333333,44.53,1.0
2023-12-16 08:00:00,1294.0,22.03333333333333,44.53,1.0
2023-12-16 08:30:00,1268.0,22.0,44.53,1.0
2023-12-16 09:00:00,1231.0,22.05,44.53,1.0
2023-12-16 09:30:00,1193.6666666666667,22.066666666666666,44.53,1.0
2023-12-16 10:00:00,1217.6666666666667,22.03333333333333,44.53,1.0
2023-12-16 10:30:00,1182.0,22.066666666666666,44.53,1.0
2023-12-16 11:00:00,1136.0,22.03333333333333,44.53,1.0
2023-12-16 11:30:00,1144.0,22.066666666666666,44.53,1.0
2023-12-16 12:00:00,1136.6666666666667,22.0,44.53,1.0
2023-12-16 12:30:00,1043.6666666666667,22.0,44.53,1.0
2023-12-16 13:00:00,1002.6666666666666,22.03333333333333,44.53,1.0
2023-12-16 13:30:00,991.3333333333334,22.0,44.53,1.0
2023-12-16 14:00:00,949.0,22.0,44.53,1.0
2023-12-16 14:30:00,1006.6666666666666,21.96666666666667,44.53,1.0
2023-12-16 15:00:00,928.6666666666666,21.96666666666667,44.53,1.0
2023-12-16 15:30:00,940.6666666666666,22.03333333333333,44.53,1.0
2023-12-16 16:00:00,964.6666666666666,22.0,44.53,1.0
2023-12-16 16:30:00,898.6666666666666,21.899999999999995,44.53,1.0
2023-12-16 17:00:00,897.6666666666666,21.96666666666667,44.53,1.0
2023-12-16 17:30:00,870.3333333333334,22.0,44.53,1.0
2023-12-16 18:00:00,861.0,21.96666666666667,44.53,1.0
2023-12-16 18:30:00,845.3333333333334,21.96666666666667,44.53,1.0
2023-12-16 19:00:00,826.0,22.03333333333333,44.53,1.0
2023-12-16 19:30:00,820.0,22.0,44.53,1.0
2023-12-16 20:00:00,807.6666666666666,21.96666666666667,44.53,1.0
2023-12-16 20:30:00,809.0,21.933333333333334,44.53,1.0
2023-12-16 21:00:00,776.6666666666666,22.03333333333333,44.53,1.0
2023-12-16 21:30:00,773.0,22.0,44.53,1.0
2023-12-16 22:00:00,730.0,21.96666666666667,44.53,1.0
2023-12-16 22:30:00,743.0,22.0,44.53,1.0
2023-12-16 23:00:00,745.3333333333334,21.96666666666667,44.53,1.0
2023-12-16 23:30:00,767.6666666666666,22.0,44.53,1.0
2023-12-17 00:00:00,740.0,22.0,44.53,1.0
2023-12-17 00:30:00,678.3333333333334,22.0,44.53,1.0
2023-12-17 01:00:00,695.0,21.96666666666667,44.53,1.0
2023-12-17 01:30:00,703.6666666666666,22.0,44.53,1.0
2023-12-17 02:00:00,703.3333333333334,21.96666666666667,44.53,1.0
2023-12-17 02:30:00,679.0,22.0,44.53,1.0
2023-12-17 03:00:00,655.3333333333334,21.96666666666667,44.53,1.0
2023-12-17 03:30:00,697.6666666666666,22.03333333333333,44.4,1.0
2023-12-17 04:00:00,664.6666666666666,22.0,44.53,1.0
2023-12-17 04:30:00,619.3333333333334,22.03333333333333,44.53,1.0
2023-12-17 05:00:00,654.6666666666666,22.03333333333333,44.4,1.0
2023-12-17 05:30:00,635.3333333333334,22.03333333333333,44.4,1.0
2023-12-17 06:00:00,630.6666666666666,22.03333333333333,44.53,1.0
2023-12-17 06:30:00,678.0,22.03333333333333,44.4,1.0
2023-12-17 07:00:00,663.0,22.066666666666666,44.53,1.0
2023-12-17 07:30:00,572.6666666666666,22.100000000000005,44.53,1.0
2023-12-17 08:00:00,646.3333333333334,22.100000000000005,44.53,1.0
2023-12-17 08:30:00,612.3333333333334,22.03333333333333,44.53,1.0
2023-12-17 09:00:00,594.0,22.03333333333333,44.53,1.0
2023-12-17 09:30:00,622.3333333333334,22.100000000000005,44.53,1.0
2023-12-17 10:00:00,599.6666666666666,22.100000000000005,44.53,1.0
2023-12-17 10:30:00,592.0,22.03333333333333,44.53,1.0
2023-12-17 11:00:00,578.3333333333334,22.03333333333333,44.53,1.0
2023-12-17 11:30:00,553.0,22.03333333333333,44.53,1.0
2023-12-17 12:00:00,558.6666666666666,22.03333333333333,44.53,1.0
2023-12-17 12:30:00,527.3333333333334,22.099999999999998,44.53,1.0
2023-12-17 13:00:00,534.6666666666666,22.133333333333336,44.53,1.0
2023-12-17 13:30:00,547.6666666666666,22.100000000000005,44.53,1.0
2023-12-17 14:00:00,554.0,22.0,44.53,1.0
2023-12-17 14:30:00,549.0,22.03333333333333,44.53,1.0
2023-12-17 15:00:00,573.3333333333334,22.03333333333333,44.53,1.0
2023-12-17 15:30:00,559.6666666666666,22.066666666666666,44.53,1.0
2023-12-17 16:00:00,521.3333333333334,22.0,44.53,1.0
2023-12-17 16:30:00,545.5,22.1,44.53,1.0
2023-12-17 17:00:00,556.3333333333334,22.066666666666666,44.53,1.0
2023-12-17 17:30:00,534.6666666666666,22.066666666666666,44.53,1.0
2023-12-17 18:00:00,546.0,22.15,44.53,1.0
2023-12-17 18:30:00,565.3333333333334,22.099999999999998,44.53,1.0
2023-12-17 19:00:00,544.6666666666666,22.100000000000005,44.53,1.0
2023-12-17 19:30:00,599.0,22.133333333333336,44.53,1.0
2023-12-17 20:00:00,567.3333333333334,22.133333333333336,44.53,1.0
2023-12-17 20:30:00,564.0,22.100000000000005,44.53,1.0
2023-12-17 21:00:00,564.0,22.100000000000005,44.53,1.0
2023-12-17 21:30:00,533.3333333333334,22.133333333333336,44.53,1.0
2023-12-17 22:00:00,512.0,22.100000000000005,44.53,1.0
2023-12-17 22:30:00,487.3333333333333,22.133333333333336,44.53,1.0
2023-12-17 23:00:00,518.3333333333334,22.100000000000005,44.53,1.0
2023-12-17 23:30:00,475.0,22.100000000000005,44.53,1.0
2023-12-18 00:00:00,483.3333333333333,22.100000000000005,44.53,1.0
2023-12-18 00:30:00,495.0,22.03333333333333,44.53,1.0
2023-12-18 01:00:00,471.0,22.100000000000005,44.53,1.0
2023-12-18 01:30:00,473.6666666666667,22.066666666666666,44.53,1.0
2023-12-18 02:00:00,476.0,22.100000000000005,44.53,1.0
2023-12-18 02:30:00,497.0,22.066666666666666,44.53,1.0
2023-12-18 03:00:00,467.3333333333333,22.100000000000005,44.53,1.0
2023-12-18 03:30:00,500.0,22.100000000000005,44.53,1.0
2023-12-18 04:00:00,491.6666666666667,22.100000000000005,44.53,1.0
2023-12-18 04:30:00,465.0,22.066666666666666,44.53,1.0
2023-12-18 05:00:00,466.3333333333333,22.0,44.53,1.0
2023-12-18 05:30:00,455.0,22.099999999999998,44.53,1.0
2023-12-18 06:00:00,445.3333333333333,22.100000000000005,44.53,1.0
2023-12-18 06:30:00,458.6666666666667,22.066666666666666,44.53,1.0
2023-12-18 07:00:00,463.6666666666667,22.133333333333336,44.53,1.0
2023-12-18 07:30:00,480.3333333333333,22.066666666666666,44.53,1.0
2023-12-18 08:00:00,494.3333333333333,22.066666666666666,45.050000000000004,1.0
2023-12-18 08:30:00,531.0,22.133333333333336,45.31,1.0
2023-12-18 09:00:00,539.0,22.100000000000005,45.44,1.0
2023-12-18 09:30:00,542.3333333333334,22.066666666666666,45.70000000000001,1.0
2023-12-18 10:00:00,737.0,22.133333333333336,46.22,1.0
2023-12-18 10:30:00,1123.6666666666667,22.5,47.53,1.0
2023-12-18 11:00:00,1517.0,22.666666666666668,48.830000000000005,1.0
2023-12-18 11:30:00,1910.6666666666667,22.733333333333334,49.35,1.0
2023-12-18 12:00:00,2223.0,22.8,49.870000000000005,1.0
2023-12-18 12:30:00,2470.6666666666665,22.833333333333332,50.26,1.0
2023-12-18 13:00:00,2090.6666666666665,22.766666666666666,49.60999999999999,1.0
2023-12-18 13:30:00,1718.3333333333333,22.8,49.35,1.0
2023-12-18 14:00:00,1448.3333333333333,22.833333333333332,48.31,1.0
2023-12-18 14:30:00,1631.6666666666667,22.866666666666664,48.830000000000005,1.0
2023-12-18 15:00:00,1998.0,22.933333333333334,50.0,1.0
2023-12-18 15:30:00,2157.3333333333335,22.933333333333334,50.65,1.0
2023-12-18 16:00:00,2472.3333333333335,22.933333333333334,51.300000000000004,1.0
2023-12-18 16:30:00,2717.0,22.96666666666667,51.95000000000001,1.0
2023-12-18 17:00:00,2993.3333333333335,23.0,52.73,1.0
2023-12-18 17:30:00,3288.3333333333335,23.0,53.38666666666666,1.0
2023-12-18 18:00:00,3616.0,23.03333333333333,54.169999999999995,1.0
2023-12-18 18:30:00,2977.0,23.03333333333333,52.086666666666666,1.0
2023-12-18 19:00:00,1752.0,23.03333333333333,48.96,1.0
2023-12-18 19:30:00,1849.0,23.066666666666666,49.870000000000005,1.0
2023-12-18 20:00:00,2073.0,23.1,50.975,1.0
2023-12-18 20:30:00,2266.3333333333335,23.066666666666666,51.300000000000004,1.0
2023-12-18 21:00:00,2152.0,22.866666666666664,50.65,1.0
2023-12-18 21:30:00,2096.3333333333335,22.733333333333334,50.39000000000001,1.0
2023-12-18 22:00:00,2039.3333333333333,22.600000000000005,50.26,1.0
2023-12-18 22:30:00,2000.0,22.566666666666666,50.0,1.0
2023-12-18 23:00:00,1926.0,22.53333333333333,50.0,1.0
2023-12-18 23:30:00,1935.0,22.399999999999995,49.60999999999999,1.0
2023-12-19 00:00:00,1864.6666666666667,22.46666666666667,49.60999999999999,1.0
2023-12-19 00:30:00,1898.0,22.433333333333334,49.22,1.0
2023-12-19 01:00:00,1729.6666666666667,22.366666666666664,49.22,1.0
2023-12-19 01:30:00,1749.6666666666667,22.333333333333332,49.22,1.0
2023-12-19 02:00:00,1669.6666666666667,22.333333333333332,48.830000000000005,1.0
2023-12-19 02:30:00,1601.6666666666667,22.333333333333332,48.830000000000005,1.0
2023-12-19 03:00:00,1670.0,22.266666666666666,48.699999999999996,1.0
2023-12-19 03:30:00,1629.3333333333333,22.3,48.44,1.0
2023-12-19 04:00:00,1584.3333333333333,22.266666666666666,48.44,1.0
2023-12-19 04:30:00,1521.6666666666667,22.366666666666664,48.44,1.0
2023-12-19 05:00:00,1496.3333333333333,22.3,48.31,1.0
2023-12-19 05:30:00,1446.6666666666667,22.266666666666666,48.04999999999999,1.0
2023-12-19 06:00:00,1429.6666666666667,22.233333333333334,48.04999999999999,1.0
2023-12-19 06:30:00,1376.0,22.3,48.04999999999999,1.0
2023-12-19 07:00:00,1300.3333333333333,22.266666666666666,48.04999999999999,1.0
2023-12-19 07:30:00,1291.6666666666667,22.266666666666666,47.66,1.0
2023-12-19 08:00:00,1284.0,22.266666666666666,47.66,1.0
2023-12-19 08:30:00,1245.3333333333333,22.233333333333334,47.66,1.0
2023-12-19 09:00:00,1199.6666666666667,22.266666666666666,47.66,1.0
2023-12-19 09:30:00,1194.3333333333333,22.233333333333334,47.66,1.0
2023-12-19 10:00:00,1153.3333333333333,22.266666666666666,47.66,1.0
2023-12-19 10:30:00,1136.3333333333333,22.266666666666666,47.66,1.0
2023-12-19 11:00:00,1143.0,22.266666666666666,47.66,1.0
2023-12-19 11:30:00,1095.0,22.233333333333334,47.53,1.0
2023-12-19 12:00:00,1089.6666666666667,22.3,47.53,1.0
2023-12-19 12:30:00,1092.5,22.25,47.27,1.0
2023-12-19 13:00:00,1026.0,22.266666666666666,47.27,1.0
2023-12-19 13:30:00,1021.6666666666666,22.266666666666666,47.27,1.0
2023-12-19 14:00:00,959.6666666666666,22.233333333333334,47.27,1.0
2023-12-19 14:30:00,992.3333333333334,22.233333333333334,47.27,1.0
2023-12-19 15:00:00,981.0,22.233333333333334,47.27,1.0
2023-12-19 15:30:00,979.0,22.233333333333334,47.27,1.0
2023-12-19 16:00:00,938.6666666666666,22.2,47.14000000000001,1.0
2023-12-19 16:30:00,952.0,22.233333333333334,47.01,1.0
2023-12-19 17:00:00,943.3333333333334,22.2,47.01,1.0
2023-12-19 17:30:00,915.6666666666666,22.166666666666668,46.88,1.0
2023-12-19 18:00:00,901.0,22.166666666666668,46.88,1.0
2023-12-19 18:30:00,892.3333333333334,22.133333333333336,46.88,1.0
2023-12-19 19:00:00,872.3333333333334,22.166666666666668,46.88,
2023-12-19 19:30:00,860.3333333333334,22.2,46.88,1.0
2023-12-19 20:00:00,822.0,22.2,46.88,1.0
2023-12-19 20:30:00,876.6666666666666,22.166666666666668,46.88,1.0
2023-12-19 21:00:00,817.3333333333334,22.133333333333336,46.74666666666667,1.0
2023-12-19 21:30:00,841.3333333333334,22.100000000000005,46.88,1.0
2023-12-19 22:00:00,816.3333333333334,22.133333333333336,46.61333333333334,1.0
2023-12-19 22:30:00,775.3333333333334,22.133333333333336,46.48,1.0
2023-12-19 23:00:00,818.0,22.100000000000005,46.48,1.0
2023-12-19 23:30:00,756.0,22.133333333333336,46.48,1.0
2023-12-20 00:00:00,803.6666666666666,22.133333333333336,46.48,1.0
2023-12-20 00:30:00,774.6666666666666,22.166666666666668,46.48,1.0
2023-12-20 01:00:00,773.6666666666666,22.166666666666668,46.48,1.0
2023-12-20 01:30:00,704.0,22.2,46.48,1.0
2023-12-20 02:00:00,744.6666666666666,22.2,46.48,1.0
2023-12-20 02:30:00,700.6666666666666,22.100000000000005,46.35,1.0
2023-12-20 03:00:00,729.6666666666666,22.133333333333336,46.09,1.0
2023-12-20 03:30:00,714.0,22.066666666666666,46.22,1.0
2023-12-20 04:00:00,729.3333333333334,22.100000000000005,46.09,1.0
2023-12-20 04:30:00,674.0,22.066666666666666,46.09,1.0
2023-12-20 05:00:00,666.6666666666666,22.100000000000005,46.09,1.0
2023-12-20 05:30:00,639.0,22.100000000000005,46.09,1.0
2023-12-20 06:00:00,638.6666666666666,22.03333333333333,46.09,1.0
2023-12-20 06:30:00,641.6666666666666,22.066666666666666,46.09,1.0
2023-12-20 07:00:00,651.0,22.066666666666666,46.09,1.0
2023-12-20 07:30:00,642.0,22.100000000000005,46.09,1.0
2023-12-20 08:00:00,645.3333333333334,22.03333333333333,45.830000000000005,1.0
2023-12-20 08:30:00,651.3333333333334,22.0,45.70000000000001,1.0
2023-12-20 09:00:00,1165.3333333333333,22.3,52.083333333333336,1.0
2023-12-20 09:30:00,2006.3333333333333,22.633333333333336,58.330000000000005,0.75
2023-12-20 10:00:00,2557.6666666666665,22.833333333333332,59.376666666666665,1.0
2023-12-20 10:30:00,3055.0,22.899999999999995,59.76666666666666,1.0
2023-12-20 11:00:00,3060.6666666666665,22.766666666666666,57.419999999999995,1.0
2023-12-20 11:30:00,2469.0,22.53333333333333,54.29666666666666,1.0
2023-12-20 12:00:00,1197.0,22.666666666666668,46.873333333333335,1.0
2023-12-20 12:30:00,1403.0,22.8,48.699999999999996,1.0
2023-12-20 13:00:00,1362.0,22.600000000000005,49.22,1.0
2023-12-20 13:30:00,1526.5,22.5,48.83,1.0
2023-12-20 14:00:00,1771.3333333333333,22.766666666666666,48.830000000000005,1.0
2023-12-20 14:30:00,2774.3333333333335,23.03333333333333,54.166666666666664,1.0
2023-12-20 15:00:00,2154.6666666666665,22.96666666666667,50.39000000000001,1.0
2023-12-20 15:30:00,1565.6666666666667,22.96666666666667,47.00666666666667,1.0
2023-12-20 16:00:00,1297.6666666666667,22.933333333333334,44.4,1.0
2023-12-20 16:30:00,1157.0,23.03333333333333,43.23,1.0
2023-12-20 17:00:00,1299.3333333333333,23.066666666666666,44.27,1.0
2023-12-20 17:30:00,1610.6666666666667,23.0,46.74666666666667,1.0
2023-12-20 18:00:00,1986.6666666666667,22.899999999999995,48.04999999999999,1.0
2023-12-20 18:30:00,2289.3333333333335,22.933333333333334,49.22,1.0
2023-12-20 19:00:00,2530.0,22.900000000000002,50.0,1.0
2023-12-20 19:30:00,2815.3333333333335,22.866666666666664,50.78,1.0
2023-12-20 20:00:00,2978.6666666666665,22.900000000000002,51.300000000000004,1.0
2023-12-20 20:30:00,3213.6666666666665,22.866666666666664,51.56,1.0
2023-12-20 21:00:00,3437.6666666666665,22.933333333333334,52.080000000000005,1.0
2023-12-20 21:30:00,3655.0,22.933333333333334,52.34,1.0
2023-12-20 22:00:00,3901.0,22.866666666666664,52.73,1.0
2023-12-20 22:30:00,4139.0,22.899999999999995,52.99,1.0
2023-12-20 23:00:00,4136.0,22.766666666666666,52.6,1.0
2023-12-20 23:30:00,4013.0,22.566666666666666,51.95000000000001,1.0
2023-12-21 00:00:00,3812.0,22.433333333333334,51.56,1.0
2023-12-21 00:30:00,3627.3333333333335,22.3,51.169999999999995,1.0
2023-12-21 01:00:00,3477.0,22.266666666666666,50.910000000000004,1.0
2023-12-21 01:30:00,3418.0,22.233333333333334,50.78,1.0
2023-12-21 02:00:00,3320.6666666666665,22.2,50.39000000000001,1.0
2023-12-21 02:30:00,3237.0,22.2,50.26,1.0
2023-12-21 03:00:00,3190.6666666666665,22.2,50.0,1.0
2023-12-21 03:30:00,3037.3333333333335,22.166666666666668,49.870000000000005,1.0
2023-12-21 04:00:00,2956.0,22.166666666666668,49.60999999999999,1.0
2023-12-21 04:30:00,2811.0,22.133333333333336,49.35,1.0
2023-12-21 05:00:00,2758.6666666666665,22.133333333333336,49.22,1.0
2023-12-21 05:30:00,2629.3333333333335,22.166666666666668,49.089999999999996,1.0
2023-12-21 06:00:00,2531.0,22.100000000000005,48.830000000000005,1.0
2023-12-21 06:30:00,2472.5,22.05,48.83,1.0
2023-12-21 07:00:00,2332.0,22.066666666666666,48.56999999999999,1.0
2023-12-21 07:30:00,2308.6666666666665,22.100000000000005,48.44,1.0
2023-12-21 08:00:00,2215.0,22.100000000000005,48.44,1.0
2023-12-21 08:30:00,2183.6666666666665,22.03333333333333,48.18,1.0
2023-12-21 09:00:00,2073.6666666666665,22.0,48.04999999999999,1.0
2023-12-21 09:30:00,2049.3333333333335,22.100000000000005,48.04999999999999,1.0
2023-12-21 10:00:00,1970.0,22.066666666666666,48.04999999999999,1.0
2023-12-21 10:30:00,1876.6666666666667,22.066666666666666,48.04999999999999,1.0
2023-12-21 11:00:00,1826.6666666666667,22.03333333333333,48.04999999999999,1.0
2023-12-21 11:30:00,1802.0,22.03333333333333,48.04999999999999,1.0
2023-12-21 12:00:00,1718.6666666666667,22.0,48.04999999999999,1.0
2023-12-21 12:30:00,1706.6666666666667,22.03333333333333,47.919999999999995,1.0
2023-12-21 13:00:00,1638.0,22.066666666666666,47.79,1.0
2023-12-21 13:30:00,1635.6666666666667,22.03333333333333,47.66,1.0
2023-12-21 14:00:00,1560.6666666666667,22.03333333333333,47.66,1.0
2023-12-21 14:30:00,1513.3333333333333,22.0,47.66,1.0
2023-12-21 15:00:00,1474.0,22.03333333333333,47.66,1.0
2023-12-21 15:30:00,1448.0,22.0,47.4,1.0
2023-12-21 16:00:00,1399.6666666666667,22.0,47.27,1.0
2023-12-21 16:30:00,1361.0,22.0,47.27,1.0
2023-12-21 17:00:00,1322.0,22.0,47.27,1.0
2023-12-21 17:30:00,1303.6666666666667,22.03333333333333,47.27,1.0
2023-12-21 18:00:00,1294.3333333333333,22.0,47.01,1.0
2023-12-21 18:30:00,1226.0,22.0,46.88,1.0
2023-12-21 19:00:00,1256.3333333333333,22.0,46.88,1.0
2023-12-21 19:30:00,1161.6666666666667,22.0,46.88,1.0
2023-12-21 20:00:00,1179.6666666666667,22.0,46.88,1.0
2023-12-21 20:30:00,1164.0,22.0,46.88,1.0
2023-12-21 21:00:00,1126.0,22.0,46.88,1.0
2023-12-21 21:30:00,1078.6666666666667,21.96666666666667,46.88,1.0
2023-12-21 22:00:00,1081.0,22.0,46.88,1.0
2023-12-21 22:30:00,1092.0,21.96666666666667,46.88,1.0
2023-12-21 23:00:00,1058.0,21.95,46.88,1.0
2023-12-21 23:30:00,1027.6666666666667,22.0,46.88,1.0
2023-12-22 00:00:00,1007.6666666666666,21.96666666666667,46.88,1.0
2023-12-22 00:30:00,975.6666666666666,21.933333333333334,46.88,1.0
2023-12-22 01:00:00,948.6666666666666,21.96666666666667,46.74666666666667,1.0
2023-12-22 01:30:00,969.6666666666666,21.933333333333334,46.48,1.0
2023-12-22 02:00:00,924.0,21.96666666666667,46.48,1.0
2023-12-22 02:30:00,912.3333333333334,21.96666666666667,46.48,1.0
2023-12-22 03:00:00,923.3333333333334,21.933333333333334,46.48,1.0
2023-12-22 03:30:00,909.0,22.0,46.48,1.0
2023-12-22 04:00:00,870.6666666666666,21.933333333333334,46.48,1.0
2023-12-22 04:30:00,848.6666666666666,21.933333333333334,46.48,1.0
2023-12-22 05:00:00,829.3333333333334,21.899999999999995,46.48,1.0
2023-12-22 05:30:00,848.0,21.96666666666667,46.48,1.0
2023-12-22 06:00:00,821.0,21.96666666666667,46.35,1.0
2023-12-22 06:30:00,802.3333333333334,21.96666666666667,46.22,1.0
2023-12-22 07:00:00,791.3333333333334,21.900000000000002,46.09,1.0
2023-12-22 07:30:00,771.3333333333334,21.933333333333334,46.09,1.0
2023-12-22 08:00:00,766.0,21.899999999999995,46.09,1.0
2023-12-22 08:30:00,739.6666666666666,21.899999999999995,46.09,1.0
2023-12-22 09:00:00,734.3333333333334,21.899999999999995,46.09,1.0
2023-12-22 09:30:00,728.6666666666666,21.866666666666664,45.70000000000001,1.0
2023-12-22 10:00:00,734.3333333333334,21.899999999999995,45.70000000000001,1.0
2023-12-22 10:30:00,707.0,21.899999999999995,45.70000000000001,1.0
2023-12-22 11:00:00,663.6666666666666,21.899999999999995,45.70000000000001,1.0
2023-12-22 11:30:00,664.6666666666666,22.0,45.70000000000001,1.0
2023-12-22 12:00:00,676.6666666666666,21.933333333333334,45.44,1.0
2023-12-22 12:30:00,649.3333333333334,21.933333333333334,45.57,1.0
2023-12-22 13:00:00,639.3333333333334,22.0,45.44,1.0
2023-12-22 13:30:00,652.3333333333334,21.96666666666667,45.31,1.0
2023-12-22 14:00:00,625.3333333333334,22.0,45.31,1.0
2023-12-22 14:30:00,648.0,21.899999999999995,45.31,1.0
2023-12-22 15:00:00,635.6666666666666,21.933333333333334,45.31,1.0
2023-12-22 15:30:00,643.6666666666666,21.933333333333334,45.31,1.0
2023-12-22 16:00:00,626.0,21.899999999999995,45.18000000000001,1.0
2023-12-22 16:30:00,608.0,21.866666666666664,45.050000000000004,1.0
2023-12-22 17:00:00,595.3333333333334,21.899999999999995,44.919999999999995,1.0
2023-12-22 17:30:00,637.0,21.899999999999995,45.050000000000004,1.0
2023-12-22 18:00:00,603.3333333333334,21.833333333333332,44.919999999999995,1.0
2023-12-22 18:30:00,575.3333333333334,21.866666666666664,44.919999999999995,1.0
2023-12-22 19:00:00,564.3333333333334,21.866666666666664,44.919999999999995,1.0
2023-12-22 19:30:00,535.6666666666666,21.899999999999995,44.919999999999995,1.0
2023-12-22 20:00:00,541.0,21.899999999999995,45.050000000000004,1.0
2023-12-22 20:30:00,541.6666666666666,21.833333333333332,44.919999999999995,1.0
2023-12-22 21:00:00,562.3333333333334,21.8,45.18000000000001,1.0
2023-12-22 21:30:00,565.3333333333334,21.8,45.18000000000001,1.0
2023-12-22 22:00:00,597.3333333333334,21.866666666666664,45.050000000000004,1.0
2023-12-22 22:30:00,559.6666666666666,21.8,45.31,1.0
2023-12-22 23:00:00,554.3333333333334,21.833333333333332,45.18000000000001,1.0
2023-12-22 23:30:00,575.3333333333334,21.866666666666664,45.31,1.0
2023-12-23 00:00:00,564.0,21.833333333333332,45.18000000000001,1.0
2023-12-23 00:30:00,564.3333333333334,21.899999999999995,45.050000000000004,1.0
2023-12-23 01:00:00,531.3333333333334,21.866666666666664,45.18000000000001,1.0
2023-12-23 01:30:00,522.0,21.899999999999995,44.919999999999995,1.0
2023-12-23 02:00:00,538.3333333333334,21.866666666666664,45.050000000000004,1.0
2023-12-23 02:30:00,520.6666666666666,21.8,44.919999999999995,1.0
2023-12-23 03:00:00,537.6666666666666,21.833333333333332,45.18000000000001,1.0
2023-12-23 03:30:00,564.3333333333334,21.833333333333332,44.919999999999995,1.0
2023-12-23 04:00:00,547.3333333333334,21.866666666666664,44.919999999999995,1.0
2023-12-23 04:30:00,556.6666666666666,21.833333333333332,44.919999999999995,1.0
2023-12-23 05:00:00,526.6666666666666,21.833333333333332,44.919999999999995,1.0
2023-12-23 05:30:00,534.3333333333334,21.866666666666664,44.919999999999995,1.0
2023-12-23 06:00:00,511.3333333333333,21.899999999999995,44.919999999999995,1.0
2023-12-23 06:30:00,543.6666666666666,21.866666666666664,44.660000000000004,1.0
2023-12-23 07:00:00,490.3333333333333,21.8,44.53,1.0
2023-12-23 07:30:00,499.0,21.8,44.53,1.0
2023-12-23 08:00:00,477.3333333333333,21.833333333333332,44.53,1.0
2023-12-23 08:30:00,479.0,21.866666666666664,44.53,1.0
2023-12-23 09:00:00,463.5,21.85,44.335,1.0
2023-12-23 09:30:00,455.6666666666667,21.833333333333332,44.4,1.0
2023-12-23 10:00:00,460.6666666666667,21.8,44.14000000000001,1.0
2023-12-23 10:30:00,450.0,21.833333333333332,44.14000000000001,1.0
2023-12-23 11:00:00,447.0,21.866666666666664,44.14000000000001,1.0
2023-12-23 11:30:00,465.3333333333333,21.866666666666664,44.14000000000001,1.0
2023-12-23 12:00:00,457.6666666666667,21.833333333333332,44.14000000000001,1.0
2023-12-23 12:30:00,490.0,21.833333333333332,44.14000000000001,1.0
2023-12-23 13:00:00,476.0,21.833333333333332,44.14000000000001,1.0
2023-12-23 13:30:00,467.3333333333333,21.833333333333332,44.14000000000001,1.0
2023-12-23 14:00:00,465.6666666666667,21.8,44.14000000000001,1.0
2023-12-23 14:30:00,452.6666666666667,21.8,44.14000000000001,1.0
2023-12-23 15:00:00,450.3333333333333,21.8,44.14000000000001,1.0
2023-12-23 15:30:00,452.0,21.833333333333332,44.14000000000001,1.0
2023-12-23 16:00:00,442.6666666666667,21.866666666666664,44.14000000000001,1.0
2023-12-23 16:30:00,452.3333333333333,21.833333333333332,44.01,1.0
2023-12-23 17:00:00,441.0,21.833333333333332,44.14000000000001,1.0
2023-12-23 17:30:00,396.3333333333333,21.766666666666666,43.879999999999995,1.0
2023-12-23 18:00:00,425.6666666666667,21.8,43.75,1.0
2023-12-23 18:30:00,434.3333333333333,21.8,43.75,1.0
2023-12-23 19:00:00,441.0,21.8,43.75,1.0
2023-12-23 19:30:00,468.0,21.8,43.75,1.0
2023-12-23 20:00:00,445.0,21.766666666666666,43.879999999999995,1.0
2023-12-23 20:30:00,424.0,21.7,44.14000000000001,1.0
2023-12-23 21:00:00,434.3333333333333,21.8,44.14000000000001,1.0
2023-12-23 21:30:00,440.0,21.8,44.14000000000001,1.0
2023-12-23 22:00:00,447.6666666666667,21.7,44.14000000000001,1.0
2023-12-23 22:30:00,460.3333333333333,21.733333333333334,44.14000000000001,1.0
2023-12-23 23:00:00,482.6666666666667,21.733333333333334,44.14000000000001,1.0
2023-12-23 23:30:00,474.6666666666667,21.733333333333334,44.14000000000001,1.0
2023-12-24 00:00:00,484.3333333333333,21.7,44.14000000000001,1.0
2023-12-24 00:30:00,464.3333333333333,21.733333333333334,44.14000000000001,1.0
2023-12-24 01:00:00,508.6666666666667,21.766666666666666,44.01,1.0
2023-12-24 01:30:00,479.3333333333333,21.7,44.14000000000001,1.0
2023-12-24 02:00:00,492.6666666666667,21.7,44.14000000000001,1.0
2023-12-24 02:30:00,476.3333333333333,21.733333333333334,44.14000000000001,1.0
2023-12-24 03:00:00,451.3333333333333,21.8,44.01,1.0
2023-12-24 03:30:00,454.6666666666667,21.7,44.14000000000001,1.0
2023-12-24 04:00:00,456.6666666666667,21.766666666666666,44.01,1.0
2023-12-24 04:30:00,459.0,21.7,44.01,1.0
2023-12-24 05:00:00,452.0,21.733333333333334,44.01,1.0
2023-12-24 05:30:00,434.3333333333333,21.733333333333334,44.14000000000001,1.0
2023-12-24 06:00:00,432.0,21.733333333333334,44.01,1.0
2023-12-24 06:30:00,438.0,21.733333333333334,44.01,1.0
2023-12-24 07:00:00,437.6666666666667,21.733333333333334,43.75,1.0
2023-12-24 07:30:00,428.3333333333333,21.7,43.75,1.0
2023-12-24 08:00:00,417.6666666666667,21.7,43.75,1.0
2023-12-24 08:30:00,393.0,21.733333333333334,43.75,1.0
2023-12-24 09:00:00,404.3333333333333,21.7,43.75,1.0
2023-12-24 09:30:00,399.6666666666667,21.7,43.75,1.0
2023-12-24 10:00:00,412.0,21.7,43.75,1.0
2023-12-24 10:30:00,374.0,21.7,43.75,1.0
2023-12-24 11:00:00,397.6666666666667,21.7,43.620000000000005,1.0
2023-12-24 11:30:00,352.0,21.733333333333334,43.620000000000005,1.0
2023-12-24 12:00:00,386.3333333333333,21.766666666666666,43.620000000000005,1.0
2023-12-24 12:30:00,364.0,21.733333333333334,43.75,1.0
2023-12-24 13:00:00,391.0,21.733333333333334,43.75,1.0
2023-12-24 13:30:00,354.3333333333333,21.766666666666666,43.75,1.0
2023-12-24 14:00:00,373.0,21.733333333333334,43.75,1.0
2023-12-24 14:30:00,397.0,21.733333333333334,43.75,1.0
2023-12-24 15:00:00,388.3333333333333,21.7,43.75,1.0
2023-12-24 15:30:00,396.0,21.766666666666666,43.75,1.0
2023-12-24 16:00:00,402.3333333333333,21.833333333333332,43.75,1.0
2023-12-24 16:30:00,353.6666666666667,21.7,44.14000000000001,1.0
2023-12-24 17:00:00,375.6666666666667,21.7,44.14000000000001,1.0
2023-12-24 17:30:00,382.3333333333333,21.833333333333332,44.14000000000001,1.0
2023-12-24 18:00:00,369.3333333333333,21.8,44.14000000000001,1.0
2023-12-24 18:30:00,373.3333333333333,21.766666666666666,44.14000000000001,1.0
2023-12-24 19:00:00,363.6666666666667,21.8,44.14000000000001,1.0
2023-12-24 19:30:00,365.6666666666667,21.899999999999995,44.14000000000001,1.0
2023-12-24 20:00:00,403.3333333333333,21.866666666666664,44.14000000000001,1.0
2023-12-24 20:30:00,398.3333333333333,21.833333333333332,44.14000000000001,1.0
2023-12-24 21:00:00,367.6666666666667,21.866666666666664,44.14000000000001,1.0
2023-12-24 21:30:00,383.6666666666667,21.866666666666664,44.14000000000001,1.0
2023-12-24 22:00:00,410.0,21.833333333333332,44.14000000000001,1.0
2023-12-24 22:30:00,375.3333333333333,21.866666666666664,44.14000000000001,1.0
2023-12-24 23:00:00,415.3333333333333,21.899999999999995,44.14000000000001,1.0
2023-12-24 23:30:00,394.0,21.899999999999995,44.14000000000001,1.0
2023-12-25 00:00:00,401.6666666666667,21.866666666666664,44.14000000000001,1.0
2023-12-25 00:30:00,408.0,21.899999999999995,44.14000000000001,1.0
2023-12-25 01:00:00,467.0,21.866666666666664,44.14000000000001,1.0
2023-12-25 01:30:00,442.6666666666667,21.900000000000002,44.27,1.0
2023-12-25 02:00:00,482.6666666666667,21.899999999999995,44.14000000000001,1.0
2023-12-25 02:30:00,464.3333333333333,21.866666666666664,44.14000000000001,1.0
2023-12-25 03:00:00,473.0,21.95,44.14,1.0
2023-12-25 03:30:00,456.0,21.933333333333334,44.14000000000001,1.0
2023-12-25 04:00:00,462.3333333333333,21.899999999999995,44.14000000000001,1.0
2023-12-25 04:30:00,477.6666666666667,21.96666666666667,44.14000000000001,1.0
2023-12-25 05:00:00,464.0,21.899999999999995,44.14000000000001,1.0
2023-12-25 05:30:00,420.6666666666667,21.833333333333332,44.14000000000001,1.0
2023-12-25 06:00:00,456.3333333333333,21.899999999999995,44.14000000000001,1.0
2023-12-25 06:30:00,453.0,21.899999999999995,44.14000000000001,1.0
2023-12-25 07:00:00,461.0,21.96666666666667,44.14000000000001,1.0
2023-12-25 07:30:00,443.6666666666667,21.933333333333334,44.14000000000001,1.0
2023-12-25 08:00:00,444.0,21.899999999999995,44.14000000000001,1.0
2023-12-25 08:30:00,444.0,21.933333333333334,44.14000000000001,1.0
2023-12-25 09:00:00,452.6666666666667,21.96666666666667,44.14000000000001,1.0
2023-12-25 09:30:00,443.6666666666667,21.96666666666667,44.14000000000001,1.0
2023-12-25 10:00:00,421.6666666666667,21.933333333333334,44.14000000000001,1.0
2023-12-25 10:30:00,436.0,21.96666666666667,44.14000000000001,1.0
2023-12-25 11:00:00,438.0,21.96666666666667,44.14000000000001,1.0
2023-12-25 11:30:00,410.6666666666667,21.899999999999995,44.14000000000001,1.0
2023-12-25 12:00:00,439.0,21.96666666666667,44.14000000000001,1.0
2023-12-25 12:30:00,451.0,21.933333333333334,44.14000000000001,1.0
2023-12-25 13:00:00,441.6666666666667,21.933333333333334,44.14000000000001,1.0
2023-12-25 13:30:00,424.3333333333333,21.933333333333334,44.14000000000001,1.0
2023-12-25 14:00:00,414.0,21.899999999999995,44.14000000000001,1.0
2023-12-25 14:30:00,447.6666666666667,21.899999999999995,44.14000000000001,1.0
2023-12-25 15:00:00,437.6666666666667,21.933333333333334,44.14000000000001,1.0
2023-12-25 15:30:00,438.6666666666667,21.899999999999995,44.14000000000001,1.0
2023-12-25 16:00:00,432.6666666666667,21.8,44.14000000000001,1.0
2023-12-25 16:30:00,449.6666666666667,21.933333333333334,44.14000000000001,1.0
2023-12-25 17:00:00,450.6666666666667,21.933333333333334,44.01,1.0
2023-12-25 17:30:00,439.3333333333333,21.899999999999995,43.879999999999995,1.0
2023-12-25 18:00:00,440.6666666666667,21.899999999999995,43.879999999999995,1.0
2023-12-25 18:30:00,448.0,21.96666666666667,43.75,1.0
2023-12-25 19:00:00,475.0,21.899999999999995,43.879999999999995,1.0
2023-12-25 19:30:00,428.3333333333333,21.933333333333334,43.75,1.0
2023-12-25 20:00:00,451.3333333333333,21.899999999999995,44.14000000000001,1.0
2023-12-25 20:30:00,466.3333333333333,21.899999999999995,44.14000000000001,1.0
2023-12-25 21:00:00,456.3333333333333,21.96666666666667,44.14000000000001,1.0
2023-12-25 21:30:00,454.3333333333333,21.899999999999995,44.14000000000001,1.0
2023-12-25 22:00:00,465.0,21.933333333333334,44.14000000000001,1.0
2023-12-25 22:30:00,454.6666666666667,21.899999999999995,44.14000000000001,1.0
2023-12-25 23:00:00,446.3333333333333,21.899999999999995,44.14000000000001,1.0
2023-12-25 23:30:00,455.3333333333333,21.899999999999995,44.14000000000001,1.0
2023-12-26 00:00:00,424.3333333333333,21.899999999999995,44.14000000000001,1.0
2023-12-26 00:30:00,460.6666666666667,21.899999999999995,44.14000000000001,1.0
2023-12-26 01:00:00,431.0,21.899999999999995,44.14000000000001,1.0
2023-12-26 01:30:00,449.6666666666667,21.899999999999995,44.14000000000001,1.0
2023-12-26 02:00:00,445.6666666666667,21.899999999999995,44.14000000000001,1.0
2023-12-26 02:30:00,474.6666666666667,21.900000000000002,44.14000000000001,1.0
2023-12-26 03:00:00,482.0,21.866666666666664,44.14000000000001,1.0
2023-12-26 03:30:00,459.6666666666667,21.899999999999995,44.14000000000001,1.0
2023-12-26 04:00:00,446.0,21.899999999999995,44.14000000000001,1.0
2023-12-26 04:30:00,469.0,21.933333333333334,44.14000000000001,1.0
2023-12-26 05:00:00,451.0,21.933333333333334,44.14000000000001,1.0
2023-12-26 05:30:00,435.0,21.899999999999995,44.14000000000001,1.0
2023-12-26 06:00:00,433.3333333333333,21.866666666666664,44.14000000000001,1.0
2023-12-26 06:30:00,438.3333333333333,21.899999999999995,44.14000000000001,1.0
2023-12-26 07:00:00,420.0,21.833333333333332,44.14000000000001,1.0
2023-12-26 07:30:00,476.6666666666667,21.833333333333332,44.14000000000001,1.0
2023-12-26 08:00:00,464.0,21.833333333333332,44.14000000000001,1.0
2023-12-26 08:30:00,473.3333333333333,21.866666666666664,44.14000000000001,1.0
2023-12-26 09:00:00,445.6666666666667,21.866666666666664,44.14000000000001,1.0
2023-12-26 09:30:00,456.3333333333333,21.899999999999995,44.14000000000001,1.0
2023-12-26 10:00:00,451.6666666666667,21.866666666666664,44.14000000000001,1.0
2023-12-26 10:30:00,493.6666666666667,21.899999999999995,44.14000000000001,1.0
2023-12-26 11:00:00,466.0,21.866666666666664,44.14000000000001,1.0
2023-12-26 11:30:00,502.0,21.933333333333334,44.14000000000001,1.0
2023-12-26 12:00:00,478.6666666666667,21.899999999999995,44.14000000000001,1.0
2023-12-26 12:30:00,486.6666666666667,21.933333333333334,44.14000000000001,1.0
2023-12-26 13:00:00,429.3333333333333,21.899999999999995,44.14000000000001,1.0
2023-12-26 13:30:00,446.0,21.899999999999995,44.01,1.0
2023-12-26 14:00:00,463.6666666666667,21.899999999999995,44.14000000000001,1.0
2023-12-26 14:30:00,446.6666666666667,21.866666666666664,44.14000000000001,1.0
2023-12-26 15:00:00,458.0,21.9,44.14,1.0
2023-12-26 15:30:00,451.3333333333333,21.899999999999995,43.879999999999995,1.0
2023-12-26 16:00:00,467.0,21.866666666666664,43.879999999999995,1.0
2023-12-26 16:30:00,476.0,21.866666666666664,44.01,1.0
2023-12-26 17:00:00,475.6666666666667,21.899999999999995,43.75,1.0
2023-12-26 17:30:00,495.6666666666667,21.866666666666664,43.75,1.0
2023-12-26 18:00:00,458.6666666666667,21.8,43.75,1.0
2023-12-26 18:30:00,476.0,21.833333333333332,43.75,1.0
2023-12-26 19:00:00,474.3333333333333,21.866666666666664,43.75,1.0
2023-12-26 19:30:00,498.3333333333333,21.833333333333332,43.75,1.0
2023-12-26 20:00:00,422.0,21.8,43.75,1.0
2023-12-26 20:30:00,428.6666666666667,21.866666666666664,43.75,1.0
2023-12-26 21:00:00,452.5,21.9,43.75,1.0
2023-12-26 21:30:00,471.0,21.899999999999995,43.879999999999995,1.0
2023-12-26 22:00:00,486.0,21.833333333333332,44.01,1.0
2023-12-26 22:30:00,489.0,21.899999999999995,43.75,1.0
2023-12-26 23:00:00,492.6666666666667,21.833333333333332,43.879999999999995,1.0
2023-12-26 23:30:00,483.6666666666667,21.833333333333332,44.14000000000001,1.0
2023-12-27 00:00:00,478.6666666666667,21.833333333333332,44.14000000000001,1.0
2023-12-27 00:30:00,488.3333333333333,21.866666666666664,44.01,1.0
2023-12-27 01:00:00,450.3333333333333,21.899999999999995,44.01,1.0
2023-12-27 01:30:00,470.6666666666667,21.833333333333332,44.14000000000001,1.0
2023-12-27 02:00:00,457.0,21.8,44.14,1.0
2023-12-27 02:30:00,442.0,21.833333333333332,44.01,1.0
2023-12-27 03:00:00,476.6666666666667,21.866666666666664,43.879999999999995,1.0
2023-12-27 03:30:00,468.0,21.8,43.879999999999995,1.0
2023-12-27 04:00:00,492.3333333333333,21.866666666666664,44.01,1.0
2023-12-27 04:30:00,492.6666666666667,21.866666666666664,44.14000000000001,1.0
2023-12-27 05:00:00,485.3333333333333,21.833333333333332,43.75,1.0
2023-12-27 05:30:00,499.0,21.866666666666664,43.879999999999995,1.0
2023-12-27 06:00:00,501.3333333333333,21.8,43.879999999999995,1.0
2023-12-27 06:30:00,477.6666666666667,21.8,43.75,1.0
2023-12-27 07:00:00,465.3333333333333,21.833333333333332,43.75,1.0
2023-12-27 07:30:00,506.6666666666667,21.8,43.620000000000005,1.0
2023-12-27 08:00:00,451.0,21.8,43.35999999999999,1.0
2023-12-27 08:30:00,450.3333333333333,21.8,43.35999999999999,1.0
2023-12-27 09:00:00,461.6666666666667,21.8,43.35999999999999,1.0
2023-12-27 09:30:00,477.3333333333333,21.733333333333334,43.35999999999999,1.0
2023-12-27 10:00:00,489.0,21.766666666666666,43.35999999999999,1.0
2023-12-27 10:30:00,452.6666666666667,21.766666666666666,43.35999999999999,1.0
2023-12-27 11:00:00,482.0,21.766666666666666,43.35999999999999,1.0
2023-12-27 11:30:00,499.0,21.8,43.1,1.0
2023-12-27 12:00:00,501.3333333333333,21.8,43.1,1.0
2023-12-27 12:30:00,478.6666666666667,21.7,43.23,1.0
2023-12-27 13:00:00,457.3333333333333,21.8,42.97,1.0
2023-12-27 13:30:00,507.6666666666667,21.833333333333332,42.97,1.0
2023-12-27 14:00:00,493.0,21.8,42.97,1.0
2023-12-27 14:30:00,481.3333333333333,21.8,42.97,1.0
2023-12-27 15:00:00,456.3333333333333,21.766666666666666,42.97,1.0
2023-12-27 15:30:00,455.6666666666667,21.8,42.97,1.0
2023-12-27 16:00:00,501.0,21.766666666666666,42.97,1.0
2023-12-27 16:30:00,459.0,21.8,42.97,1.0
2023-12-27 17:00:00,456.3333333333333,21.833333333333332,42.839999999999996,1.0
2023-12-27 17:30:00,485.3333333333333,21.766666666666666,42.839999999999996,1.0
2023-12-27 18:00:00,484.6666666666667,21.766666666666666,42.71,1.0
2023-12-27 18:30:00,477.6666666666667,21.8,42.839999999999996,1.0
2023-12-27 19:00:00,481.6666666666667,21.8,42.58,1.0
2023-12-27 19:30:00,482.6666666666667,21.8,42.58,1.0
2023-12-27 20:00:00,478.6666666666667,21.8,42.58,1.0
2023-12-27 20:30:00,484.6666666666667,21.766666666666666,42.839999999999996,1.0
2023-12-27 21:00:00,458.0,21.8,42.58,1.0
2023-12-27 21:30:00,471.6666666666667,21.8,42.58,1.0
2023-12-27 22:00:00,437.6666666666667,21.733333333333334,42.58,1.0
2023-12-27 22:30:00,506.0,21.833333333333332,42.58,1.0
2023-12-27 23:00:00,459.6666666666667,21.8,42.58,1.0
2023-12-27 23:30:00,456.3333333333333,21.766666666666666,42.58,1.0
2023-12-28 00:00:00,468.3333333333333,21.8,42.58,1.0
2023-12-28 00:30:00,482.6666666666667,21.766666666666666,42.58,1.0
2023-12-28 01:00:00,459.0,21.766666666666666,42.839999999999996,1.0
2023-12-28 01:30:00,450.0,21.8,42.97,1.0
2023-12-28 02:00:00,474.3333333333333,21.733333333333334,42.97,1.0
2023-12-28 02:30:00,448.0,21.7,42.97,1.0
2023-12-28 03:00:00,484.0,21.733333333333334,42.97,1.0
2023-12-28 03:30:00,450.3333333333333,21.733333333333334,42.97,1.0
2023-12-28 04:00:00,444.0,21.8,42.97,1.0
2023-12-28 04:30:00,452.0,21.833333333333332,42.97,1.0
2023-12-28 05:00:00,482.6666666666667,21.899999999999995,42.97,1.0
2023-12-28 05:30:00,439.3333333333333,21.8,42.97,1.0
2023-12-28 06:00:00,446.3333333333333,21.8,43.1,1.0
2023-12-28 06:30:00,439.0,21.8,43.35999999999999,1.0
2023-12-28 07:00:00,454.3333333333333,21.8,43.23,1.0
2023-12-28 07:30:00,470.0,21.833333333333332,43.35999999999999,1.0
2023-12-28 08:00:00,467.0,21.8,43.35999999999999,1.0
2023-12-28 08:30:00,470.0,21.766666666666666,43.35999999999999,1.0
2023-12-28 09:00:00,463.0,21.8,43.35999999999999,1.0
2023-12-28 09:30:00,434.3333333333333,21.833333333333332,43.35999999999999,1.0
2023-12-28 10:00:00,475.3333333333333,21.8,43.35999999999999,1.0
2023-12-28 10:30:00,479.6666666666667,21.8,43.35999999999999,1.0
2023-12-28 11:00:00,448.6666666666667,21.833333333333332,43.35999999999999,1.0
2023-12-28 11:30:00,502.0,21.833333333333332,43.35999999999999,1.0
2023-12-28 12:00:00,446.0,21.899999999999995,43.35999999999999,1.0
2023-12-28 12:30:00,437.0,21.833333333333332,43.35999999999999,1.0
2023-12-28 13:00:00,482.3333333333333,21.866666666666664,43.35999999999999,1.0
2023-12-28 13:30:00,454.3333333333333,21.8,43.49,1.0
2023-12-28 14:00:00,472.3333333333333,21.866666666666664,43.75,1.0
2023-12-28 14:30:00,480.6666666666667,21.8,43.75,1.0
2023-12-28 15:00:00,468.0,21.866666666666664,43.75,1.0
2023-12-28 15:30:00,474.0,21.866666666666664,43.75,1.0
2023-12-28 16:00:00,422.5,21.85,43.75,1.0
2023-12-28 16:30:00,482.3333333333333,21.833333333333332,43.75,1.0
2023-12-28 17:00:00,476.5,21.9,43.75,1.0
2023-12-28 17:30:00,465.0,21.9,43.75,1.0
2023-12-28 18:00:00,463.3333333333333,21.899999999999995,43.75,1.0
2023-12-28 18:30:00,453.6666666666667,21.833333333333332,43.75,1.0
2023-12-28 19:00:00,463.0,21.833333333333332,43.75,1.0
2023-12-28 19:30:00,453.6666666666667,21.899999999999995,43.75,1.0
2023-12-28 20:00:00,481.3333333333333,21.899999999999995,43.75,1.0
2023-12-28 20:30:00,455.0,21.866666666666664,43.75,1.0
2023-12-28 21:00:00,441.3333333333333,21.899999999999995,43.75,1.0
2023-12-28 21:30:00,455.0,21.899999999999995,43.75,1.0
2023-12-28 22:00:00,435.6666666666667,21.899999999999995,43.75,1.0
2023-12-28 22:30:00,476.0,21.899999999999995,43.75,1.0
2023-12-28 23:00:00,458.0,21.899999999999995,43.75,1.0
2023-12-28 23:30:00,443.0,21.899999999999995,43.75,1.0
2023-12-29 00:00:00,459.3333333333333,21.899999999999995,43.75,1.0
2023-12-29 00:30:00,433.6666666666667,21.899999999999995,43.75,1.0
2023-12-29 01:00:00,490.0,21.9,43.75,1.0
2023-12-29 01:30:00,456.3333333333333,21.899999999999995,43.75,1.0
2023-12-29 02:00:00,431.3333333333333,21.899999999999995,43.75,1.0
2023-12-29 02:30:00,446.3333333333333,21.933333333333334,43.75,1.0
2023-12-29 03:00:00,463.0,21.933333333333334,43.75,1.0
2023-12-29 03:30:00,441.6666666666667,21.899999999999995,43.75,1.0
2023-12-29 04:00:00,453.3333333333333,21.899999999999995,43.75,1.0
2023-12-29 04:30:00,457.0,21.866666666666664,43.75,1.0
2023-12-29 05:00:00,454.3333333333333,21.866666666666664,43.75,1.0
2023-12-29 05:30:00,456.3333333333333,21.899999999999995,43.75,1.0
2023-12-29 06:00:00,434.6666666666667,21.899999999999995,43.75,1.0
2023-12-29 06:30:00,426.0,21.899999999999995,43.75,1.0
2023-12-29 07:00:00,478.6666666666667,21.899999999999995,43.75,1.0
2023-12-29 07:30:00,442.6666666666667,21.899999999999995,43.75,1.0
2023-12-29 08:00:00,441.0,21.933333333333334,43.75,1.0
2023-12-29 08:30:00,445.0,21.899999999999995,43.879999999999995,1.0
2023-12-29 09:00:00,462.0,21.899999999999995,43.879999999999995,1.0
2023-12-29 09:30:00,432.0,21.933333333333334,43.75,1.0
2023-12-29 10:00:00,443.6666666666667,21.933333333333334,43.75,1.0
2023-12-29 10:30:00,455.3333333333333,21.933333333333334,43.879999999999995,1.0
2023-12-29 11:00:00,434.3333333333333,22.0,43.879999999999995,1.0
2023-12-29 11:30:00,437.3333333333333,21.96666666666667,43.879999999999995,1.0
2023-12-29 12:00:00,447.6666666666667,21.96666666666667,43.879999999999995,1.0
2023-12-29 12:30:00,439.3333333333333,21.933333333333334,44.01,1.0
2023-12-29 13:00:00,446.0,21.899999999999995,44.14000000000001,1.0
2023-12-29 13:30:00,415.3333333333333,21.933333333333334,44.01,1.0
2023-12-29 14:00:00,417.6666666666667,21.933333333333334,44.14000000000001,1.0
2023-12-29 14:30:00,445.3333333333333,21.933333333333334,44.14000000000001,1.0
2023-12-29 15:00:00,446.3333333333333,21.899999999999995,44.01,1.0
2023-12-29 15:30:00,445.3333333333333,21.866666666666664,44.14000000000001,1.0
2023-12-29 16:00:00,442.0,21.899999999999995,43.879999999999995,1.0
2023-12-29 16:30:00,436.0,21.866666666666664,43.879999999999995,1.0
2023-12-29 17:00:00,453.3333333333333,21.899999999999995,43.75,1.0
2023-12-29 17:30:00,438.6666666666667,21.933333333333334,43.75,1.0
2023-12-29 18:00:00,442.3333333333333,21.899999999999995,43.75,1.0
2023-12-29 18:30:00,465.3333333333333,21.899999999999995,43.879999999999995,1.0
2023-12-29 19:00:00,448.6666666666667,21.899999999999995,43.879999999999995,1.0
2023-12-29 19:30:00,449.3333333333333,21.933333333333334,44.01,1.0
2023-12-29 20:00:00,440.6666666666667,21.899999999999995,44.14000000000001,1.0
2023-12-29 20:30:00,443.0,21.933333333333334,44.01,1.0
2023-12-29 21:00:00,442.3333333333333,21.96666666666667,43.879999999999995,1.0
2023-12-29 21:30:00,453.3333333333333,21.933333333333334,43.879999999999995,1.0
2023-12-29 22:00:00,464.3333333333333,21.933333333333334,43.879999999999995,1.0
2023-12-29 22:30:00,434.3333333333333,21.96666666666667,43.75,1.0
2023-12-29 23:00:00,442.6666666666667,21.933333333333334,43.879999999999995,1.0
2023-12-29 23:30:00,432.0,21.933333333333334,43.879999999999995,1.0
2023-12-30 00:00:00,442.6666666666667,21.899999999999995,44.01,1.0
2023-12-30 00:30:00,424.3333333333333,21.933333333333334,43.879999999999995,1.0
2023-12-30 01:00:00,435.6666666666667,21.899999999999995,44.01,1.0
2023-12-30 01:30:00,424.0,21.933333333333334,44.14000000000001,1.0
2023-12-30 02:00:00,442.0,21.933333333333334,43.879999999999995,1.0
2023-12-30 02:30:00,458.0,21.933333333333334,44.01,1.0
2023-12-30 03:00:00,428.3333333333333,21.96666666666667,43.879999999999995,1.0
2023-12-30 03:30:00,454.0,22.0,43.879999999999995,1.0
2023-12-30 04:00:00,438.3333333333333,21.933333333333334,44.01,1.0
2023-12-30 04:30:00,411.6666666666667,21.96666666666667,44.01,1.0
2023-12-30 05:00:00,445.3333333333333,21.96666666666667,43.879999999999995,1.0
2023-12-30 05:30:00,460.3333333333333,21.933333333333334,43.75,1.0
2023-12-30 06:00:00,439.6666666666667,21.899999999999995,44.14000000000001,1.0
2023-12-30 06:30:00,442.0,21.899999999999995,43.879999999999995,1.0
2023-12-30 07:00:00,435.6666666666667,21.899999999999995,43.75,1.0
2023-12-30 07:30:00,457.6666666666667,22.0,43.75,1.0
2023-12-30 08:00:00,441.3333333333333,21.933333333333334,43.75,1.0
2023-12-30 08:30:00,430.6666666666667,21.899999999999995,43.75,1.0
2023-12-30 09:00:00,439.0,21.899999999999995,43.75,1.0
2023-12-30 09:30:00,466.3333333333333,21.96666666666667,43.75,1.0
2023-12-30 10:00:00,443.0,21.9,43.75,1.0
2023-12-30 10:30:00,431.0,21.933333333333334,43.75,1.0
2023-12-30 11:00:00,444.3333333333333,21.899999999999995,43.75,1.0
2023-12-30 11:30:00,435.6666666666667,21.96666666666667,43.75,1.0
2023-12-30 12:00:00,462.3333333333333,21.96666666666667,43.75,1.0
2023-12-30 12:30:00,445.0,21.899999999999995,43.75,1.0
2023-12-30 13:00:00,433.0,21.899999999999995,43.75,1.0
2023-12-30 13:30:00,440.3333333333333,21.933333333333334,43.75,1.0
2023-12-30 14:00:00,460.0,21.933333333333334,43.75,1.0
2023-12-30 14:30:00,424.0,21.899999999999995,43.75,1.0
2023-12-30 15:00:00,440.3333333333333,21.899999999999995,43.75,1.0
2023-12-30 15:30:00,454.6666666666667,21.899999999999995,43.75,1.0
2023-12-30 16:00:00,468.6666666666667,21.899999999999995,43.75,1.0
2023-12-30 16:30:00,421.3333333333333,21.866666666666664,43.75,1.0
2023-12-30 17:00:00,459.3333333333333,21.899999999999995,43.620000000000005,1.0
2023-12-30 17:30:00,463.6666666666667,21.933333333333334,43.620000000000005,1.0
2023-12-30 18:00:00,425.6666666666667,21.899999999999995,43.49,1.0
2023-12-30 18:30:00,415.3333333333333,21.899999999999995,43.35999999999999,1.0
2023-12-30 19:00:00,439.0,21.899999999999995,43.35999999999999,1.0
2023-12-30 19:30:00,435.0,21.899999999999995,43.49,1.0
2023-12-30 20:00:00,444.3333333333333,21.933333333333334,43.620000000000005,1.0
2023-12-30 20:30:00,426.0,21.899999999999995,43.620000000000005,1.0
2023-12-30 21:00:00,403.0,21.899999999999995,43.620000000000005,1.0
2023-12-30 21:30:00,429.0,21.96666666666667,43.49,1.0
2023-12-30 22:00:00,469.6666666666667,21.899999999999995,43.49,1.0
2023-12-30 22:30:00,445.3333333333333,21.933333333333334,43.75,1.0
2023-12-30 23:00:00,449.3333333333333,21.899999999999995,43.75,1.0
2023-12-30 23:30:00,415.6666666666667,21.899999999999995,43.75,1.0
2023-12-31 00:00:00,435.6666666666667,21.899999999999995,43.75,1.0
2023-12-31 00:30:00,436.3333333333333,21.899999999999995,43.75,1.0
2023-12-31 01:00:00,436.0,21.899999999999995,43.75,1.0
2023-12-31 01:30:00,432.0,21.899999999999995,43.75,1.0
2023-12-31 02:00:00,442.3333333333333,21.899999999999995,43.620000000000005,1.0
2023-12-31 02:30:00,431.0,21.899999999999995,43.620000000000005,1.0
2023-12-31 03:00:00,429.0,21.899999999999995,43.620000000000005,1.0
2023-12-31 03:30:00,420.6666666666667,21.899999999999995,43.35999999999999,1.0
2023-12-31 04:00:00,465.0,21.899999999999995,43.75,1.0
2023-12-31 04:30:00,413.6666666666667,21.899999999999995,43.620000000000005,1.0
2023-12-31 05:00:00,430.3333333333333,21.899999999999995,43.620000000000005,1.0
2023-12-31 05:30:00,424.6666666666667,21.933333333333334,43.620000000000005,1.0
2023-12-31 06:00:00,424.3333333333333,21.899999999999995,43.620000000000005,1.0
2023-12-31 06:30:00,437.3333333333333,21.866666666666664,43.35999999999999,1.0
2023-12-31 07:00:00,422.3333333333333,21.833333333333332,43.49,1.0
2023-12-31 07:30:00,456.0,21.866666666666664,43.35999999999999,1.0
2023-12-31 08:00:00,472.6666666666667,21.899999999999995,43.35999999999999,1.0
2023-12-31 08:30:00,459.6666666666667,21.866666666666664,43.35999999999999,1.0
2023-12-31 09:00:00,412.3333333333333,21.833333333333332,43.35999999999999,1.0
2023-12-31 09:30:00,430.0,21.866666666666664,43.35999999999999,1.0
2023-12-31 10:00:00,420.6666666666667,21.899999999999995,43.35999999999999,1.0
2023-12-31 10:30:00,444.3333333333333,21.833333333333332,43.35999999999999,1.0
2023-12-31 11:00:00,446.6666666666667,21.8,43.35999999999999,1.0
2023-12-31 11:30:00,447.6666666666667,21.866666666666664,43.1,1.0
2023-12-31 12:00:00,437.6666666666667,21.866666666666664,43.23,1.0
2023-12-31 12:30:00,420.3333333333333,21.833333333333332,42.97,1.0
2023-12-31 13:00:00,442.3333333333333,21.866666666666664,42.97,1.0
2023-12-31 13:30:00,437.3333333333333,21.866666666666664,42.97,1.0
2023-12-31 14:00:00,429.3333333333333,21.833333333333332,42.97,1.0
2023-12-31 14:30:00,446.6666666666667,21.866666666666664,42.97,1.0
2023-12-31 15:00:00,432.0,21.866666666666664,42.97,1.0
2023-12-31 15:30:00,429.0,21.866666666666664,42.97,1.0
2023-12-31 16:00:00,412.3333333333333,21.8,42.97,1.0
2023-12-31 16:30:00,428.0,21.866666666666664,42.97,1.0
2023-12-31 17:00:00,481.0,21.833333333333332,42.97,1.0
2023-12-31 17:30:00,441.3333333333333,21.8,42.97,1.0
2023-12-31 18:00:00,447.0,21.866666666666664,42.97,1.0
2023-12-31 18:30:00,436.6666666666667,21.833333333333332,42.97,1.0
2023-12-31 19:00:00,458.3333333333333,21.833333333333332,42.97,1.0
2023-12-31 19:30:00,446.6666666666667,21.833333333333332,42.97,1.0
2023-12-31 20:00:00,465.3333333333333,21.866666666666664,42.97,1.0
2023-12-31 20:30:00,451.3333333333333,21.866666666666664,42.97,1.0
2023-12-31 21:00:00,436.6666666666667,21.899999999999995,42.97,1.0
2023-12-31 21:30:00,438.0,21.866666666666664,43.1,1.0
2023-12-31 22:00:00,453.6666666666667,21.899999999999995,43.1,1.0
2023-12-31 22:30:00,466.6666666666667,21.866666666666664,43.23,1.0
2023-12-31 23:00:00,447.0,21.899999999999995,43.35999999999999,1.0
2023-12-31 23:30:00,457.3333333333333,21.899999999999995,43.35999999999999,1.0
2024-01-01 00:00:00,414.6666666666667,21.866666666666664,43.35999999999999,1.0
2024-01-01 00:30:00,448.0,21.899999999999995,43.35999999999999,1.0
2024-01-01 01:00:00,473.6666666666667,21.866666666666664,43.35999999999999,1.0
2024-01-01 01:30:00,447.0,21.899999999999995,43.35999999999999,1.0
2024-01-01 02:00:00,460.3333333333333,21.899999999999995,43.35999999999999,1.0
2024-01-01 02:30:00,417.3333333333333,21.833333333333332,43.35999999999999,1.0
2024-01-01 03:00:00,434.0,21.866666666666664,43.35999999999999,1.0
2024-01-01 03:30:00,443.3333333333333,21.899999999999995,43.35999999999999,1.0
2024-01-01 04:00:00,459.3333333333333,21.899999999999995,43.35999999999999,1.0
2024-01-01 04:30:00,463.0,21.833333333333332,43.49,1.0
2024-01-01 05:00:00,450.0,21.8,43.555,1.0
2024-01-01 05:30:00,433.0,21.866666666666664,43.35999999999999,1.0
2024-01-01 06:00:00,441.6666666666667,21.899999999999995,43.35999999999999,1.0
2024-01-01 06:30:00,428.0,21.899999999999995,43.35999999999999,1.0
2024-01-01 07:00:00,460.6666666666667,21.899999999999995,43.35999999999999,1.0
2024-01-01 07:30:00,467.3333333333333,21.899999999999995,43.35999999999999,1.0
2024-01-01 08:00:00,431.6666666666667,21.899999999999995,43.35999999999999,1.0
2024-01-01 08:30:00,458.0,21.833333333333332,43.35999999999999,1.0
2024-01-01 09:00:00,441.0,21.833333333333332,43.35999999999999,1.0
2024-01-01 09:30:00,462.0,21.899999999999995,43.35999999999999,1.0
2024-01-01 10:00:00,455.6666666666667,21.866666666666664,43.35999999999999,1.0
2024-01-01 10:30:00,426.0,21.866666666666664,43.35999999999999,1.0
2024-01-01 11:00:00,435.3333333333333,21.866666666666664,43.35999999999999,1.0
2024-01-01 11:30:00,455.3333333333333,21.899999999999995,43.49,1.0
2024-01-01 12:00:00,467.0,21.866666666666664,43.49,1.0
2024-01-01 12:30:00,453.3333333333333,21.833333333333332,43.35999999999999,1.0
2024-01-01 13:00:00,474.3333333333333,21.833333333333332,43.49,1.0
2024-01-01 13:30:00,459.0,21.8,43.35999999999999,1.0
2024-01-01 14:00:00,469.6666666666667,21.866666666666664,43.35999999999999,1.0
2024-01-01 14:30:00,443.6666666666667,21.866666666666664,43.35999999999999,1.0
2024-01-01 15:00:00,456.0,21.866666666666664,43.35999999999999,1.0
2024-01-01 15:30:00,455.3333333333333,21.866666666666664,43.49,1.0
2024-01-01 16:00:00,448.0,21.866666666666664,43.35999999999999,1.0
2024-01-01 16:30:00,478.3333333333333,21.866666666666664,43.35999999999999,1.0
2024-01-01 17:00:00,460.3333333333333,21.833333333333332,43.35999999999999,1.0
2024-01-01 17:30:00,446.0,21.833333333333332,43.35999999999999,1.0
2024-01-01 18:00:00,447.6666666666667,21.899999999999995,43.35999999999999,1.0
2024-01-01 18:30:00,436.0,21.833333333333332,43.35999999999999,1.0
2024-01-01 19:00:00,486.3333333333333,21.8,43.35999999999999,1.0
2024-01-01 19:30:00,453.3333333333333,21.833333333333332,43.35999999999999,1.0
2024-01-01 20:00:00,455.0,21.866666666666664,43.35999999999999,1.0
2024-01-01 20:30:00,478.3333333333333,21.866666666666664,43.35999999999999,1.0
2024-01-01 21:00:00,470.0,21.8,43.35999999999999,1.0
2024-01-01 21:30:00,462.3333333333333,21.833333333333332,43.35999999999999,1.0
2024-01-01 22:00:00,445.3333333333333,21.866666666666664,43.35999999999999,1.0
2024-01-01 22:30:00,449.0,21.866666666666664,43.23,1.0
2024-01-01 23:00:00,454.0,21.899999999999995,43.35999999999999,1.0
2024-01-01 23:30:00,476.6666666666667,21.899999999999995,43.23,1.0
2024-01-02 00:00:00,460.3333333333333,21.866666666666664,42.97,1.0
2024-01-02 00:30:00,474.6666666666667,21.866666666666664,42.97,1.0
2024-01-02 01:00:00,491.0,21.899999999999995,42.97,1.0
2024-01-02 01:30:00,513.0,21.899999999999995,42.97,1.0
2024-01-02 02:00:00,498.0,21.833333333333332,42.97,1.0
2024-01-02 02:30:00,518.0,21.833333333333332,42.97,1.0
2024-01-02 03:00:00,516.6666666666666,21.8,42.97,1.0
2024-01-02 03:30:00,477.6666666666667,21.833333333333332,42.97,1.0
2024-01-02 04:00:00,497.3333333333333,21.833333333333332,42.839999999999996,1.0
2024-01-02 04:30:00,493.6666666666667,21.8,42.97,1.0
2024-01-02 05:00:00,504.6666666666667,21.8,42.71,1.0
2024-01-02 05:30:00,481.0,21.833333333333332,42.58,1.0
2024-01-02 06:00:00,500.0,21.8,42.58,1.0
2024-01-02 06:30:00,518.0,21.8,42.58,1.0
2024-01-02 07:00:00,491.3333333333333,21.766666666666666,42.449999999999996,1.0
2024-01-02 07:30:00,497.0,21.8,42.19,1.0
2024-01-02 08:00:00,493.3333333333333,21.8,42.19,1.0
2024-01-02 08:30:00,577.0,21.8,41.669999999999995,1.0
2024-01-02 09:00:00,915.3333333333334,21.933333333333334,43.35999999999999,1.0
2024-01-02 09:30:00,1154.3333333333333,22.03333333333333,44.660000000000004,1.0
2024-01-02 10:00:00,770.0,22.066666666666666,41.276666666666664,1.0
2024-01-02 10:30:00,720.3333333333334,22.100000000000005,41.016666666666666,1.0
2024-01-02 11:00:00,1090.6666666666667,22.100000000000005,42.97,1.0
2024-01-02 11:30:00,1437.6666666666667,22.2,44.53,1.0
2024-01-02 12:00:00,1657.0,22.2,45.31,1.0
2024-01-02 12:30:00,1182.6666666666667,22.266666666666666,42.839999999999996,1.0
2024-01-02 13:00:00,1486.6666666666667,22.2,44.53,1.0
2024-01-02 13:30:00,1836.3333333333333,22.266666666666666,45.70000000000001,1.0
2024-01-02 14:00:00,2127.3333333333335,22.333333333333332,46.88,1.0
2024-01-02 14:30:00,2158.0,22.3,46.61333333333334,1.0
2024-01-02 15:00:00,2370.3333333333335,22.366666666666664,47.66,1.0
2024-01-02 15:30:00,2396.3333333333335,22.399999999999995,48.44,1.0
2024-01-02 16:00:00,1595.0,22.4,44.92,1.0
2024-01-02 16:30:00,1295.6666666666667,22.400000000000002,43.49,1.0
2024-01-02 17:00:00,1119.3333333333333,22.366666666666664,42.32,1.0
2024-01-02 17:30:00,1206.6666666666667,22.433333333333334,42.32,1.0
2024-01-02 18:00:00,1630.3333333333333,22.433333333333334,45.18,1.0
2024-01-02 18:30:00,1428.3333333333333,22.433333333333334,44.01,1.0
2024-01-02 19:00:00,1007.6666666666666,22.433333333333334,41.14666666666667,1.0
2024-01-02 19:30:00,959.3333333333334,22.366666666666664,41.15,1.0
2024-01-02 20:00:00,917.6666666666666,22.2,41.8,1.0
2024-01-02 20:30:00,884.3333333333334,22.03333333333333,41.8,1.0
2024-01-02 21:00:00,893.6666666666666,21.899999999999995,41.8,1.0
2024-01-02 21:30:00,812.3333333333334,22.0,41.016666666666666,1.0
2024-01-02 22:00:00,746.0,22.133333333333336,39.84,1.0
2024-01-02 22:30:00,781.6666666666666,22.266666666666666,39.580000000000005,1.0
2024-01-02 23:00:00,773.3333333333334,22.333333333333332,39.32,1.0
2024-01-02 23:30:00,831.3333333333334,22.3,39.97,1.0
2024-01-03 00:00:00,782.3333333333334,22.066666666666666,40.49,1.0
2024-01-03 00:30:00,742.0,21.96666666666667,40.88666666666666,1.0
2024-01-03 01:00:00,716.6666666666666,21.899999999999995,41.02,1.0
2024-01-03 01:30:00,691.0,21.96666666666667,41.02,1.0
2024-01-03 02:00:00,698.3333333333334,21.933333333333334,41.28,1.0
2024-01-03 02:30:00,649.6666666666666,21.899999999999995,41.02,1.0
2024-01-03 03:00:00,637.0,21.866666666666664,41.02,1.0
2024-01-03 03:30:00,612.3333333333334,21.833333333333332,41.02,1.0
2024-01-03 04:00:00,612.3333333333334,21.8,41.02,1.0
2024-01-03 04:30:00,619.0,21.8,41.02,1.0
2024-01-03 05:00:00,569.6666666666666,21.8,41.02,1.0
2024-01-03 05:30:00,590.3333333333334,21.8,41.02,1.0
2024-01-03 06:00:00,581.6666666666666,21.833333333333332,40.88666666666666,1.0
2024-01-03 06:30:00,576.3333333333334,21.8,40.62,1.0
2024-01-03 07:00:00,584.3333333333334,21.733333333333334,40.62,1.0
2024-01-03 07:30:00,542.6666666666666,21.733333333333334,40.23,1.0
2024-01-03 08:00:00,560.0,21.766666666666666,40.23,1.0
2024-01-03 08:30:00,552.0,21.733333333333334,40.23,1.0
2024-01-03 09:00:00,522.0,21.7,39.84,1.0
2024-01-03 09:30:00,546.3333333333334,21.733333333333334,39.84,1.0
2024-01-03 10:00:00,529.6666666666666,21.733333333333334,39.84,1.0
2024-01-03 10:30:00,520.0,21.7,39.84,1.0
2024-01-03 11:00:00,519.0,21.733333333333334,39.84,1.0
2024-01-03 11:30:00,524.3333333333334,21.7,39.71,1.0
2024-01-03 12:00:00,529.6666666666666,21.7,39.580000000000005,1.0
2024-01-03 12:30:00,519.0,21.7,39.71,1.0
2024-01-03 13:00:00,494.6666666666667,21.7,39.71,1.0
2024-01-03 13:30:00,497.6666666666667,21.666666666666668,39.84,1.0
2024-01-03 14:00:00,493.6666666666667,21.7,39.71,1.0
2024-01-03 14:30:00,502.0,21.7,39.71,1.0
2024-01-03 15:00:00,511.0,21.633333333333336,39.580000000000005,1.0
2024-01-03 15:30:00,489.3333333333333,21.666666666666668,39.45,1.0
2024-01-03 16:00:00,491.0,21.7,39.45,1.0
2024-01-03 16:30:00,493.6666666666667,21.7,39.45,1.0
2024-01-03 17:00:00,503.6666666666667,21.666666666666668,39.45,1.0
2024-01-03 17:30:00,500.6666666666667,21.633333333333336,39.45,1.0
2024-01-03 18:00:00,488.0,21.633333333333336,39.06,1.0
2024-01-03 18:30:00,536.6666666666666,21.7,39.06,1.0
2024-01-03 19:00:00,511.0,21.600000000000005,39.45,1.0
2024-01-03 19:30:00,501.3333333333333,21.633333333333336,39.45,1.0
2024-01-03 20:00:00,516.6666666666666,21.633333333333336,39.32,1.0
2024-01-03 20:30:00,516.0,21.633333333333336,39.32,1.0
2024-01-03 21:00:00,538.6666666666666,21.7,39.32,1.0
2024-01-03 21:30:00,520.3333333333334,21.633333333333336,39.190000000000005,1.0
2024-01-03 22:00:00,510.3333333333333,21.666666666666668,39.06,1.0
2024-01-03 22:30:00,529.0,21.633333333333336,39.06,1.0
2024-01-03 23:00:00,519.0,21.633333333333336,39.06,1.0
2024-01-03 23:30:00,528.6666666666666,21.7,39.06,1.0
2024-01-04 00:00:00,539.0,21.600000000000005,39.06,1.0
2024-01-04 00:30:00,539.0,21.600000000000005,39.06,1.0
2024-01-04 01:00:00,534.3333333333334,21.666666666666668,39.06,1.0
2024-01-04 01:30:00,541.3333333333334,21.600000000000005,39.06,1.0
2024-01-04 02:00:00,533.6666666666666,21.600000000000005,38.67,1.0
2024-01-04 02:30:00,540.5,21.65,38.67,1.0
2024-01-04 03:00:00,532.6666666666666,21.633333333333336,38.67,1.0
2024-01-04 03:30:00,508.6666666666667,21.600000000000005,38.54,1.0
2024-01-04 04:00:00,521.3333333333334,21.600000000000005,38.28,1.0
2024-01-04 04:30:00,506.0,21.666666666666668,38.28,1.0
2024-01-04 05:00:00,528.6666666666666,21.600000000000005,38.28,1.0
2024-01-04 05:30:00,524.6666666666666,21.633333333333336,38.28,1.0
2024-01-04 06:00:00,526.0,21.666666666666668,38.15,1.0
2024-01-04 06:30:00,503.6666666666667,21.599999999999998,37.89,1.0
2024-01-04 07:00:00,511.6666666666667,21.53333333333333,37.63,1.0
2024-01-04 07:30:00,524.6666666666666,21.666666666666668,37.5,1.0
2024-01-04 08:00:00,499.6666666666667,21.566666666666666,37.5,1.0
2024-01-04 08:30:00,500.0,21.566666666666666,37.5,1.0
2024-01-04 09:00:00,521.3333333333334,21.599999999999998,37.5,1.0
2024-01-04 09:30:00,518.6666666666666,21.599999999999998,37.5,1.0
2024-01-04 10:00:00,550.3333333333334,21.600000000000005,37.5,1.0
2024-01-04 10:30:00,557.0,21.633333333333336,37.89,1.0
2024-01-04 11:00:00,831.6666666666666,21.866666666666664,38.28,1.0
2024-01-04 11:30:00,1061.3333333333333,21.933333333333334,38.54,1.0
2024-01-04 12:00:00,1470.3333333333333,22.100000000000005,39.97,1.0
2024-01-04 12:30:00,1585.6666666666667,22.100000000000005,40.62,1.0
2024-01-04 13:00:00,1492.6666666666667,22.100000000000005,39.580000000000005,1.0
2024-01-04 13:30:00,1391.3333333333333,22.099999999999998,38.93,1.0
2024-01-04 14:00:00,1357.0,22.133333333333336,38.67,1.0
2024-01-04 14:30:00,1621.0,22.100000000000005,40.1,1.0
2024-01-04 15:00:00,1840.0,22.100000000000005,40.623333333333335,1.0
2024-01-04 15:30:00,2103.6666666666665,22.133333333333336,41.41,1.0
2024-01-04 16:00:00,2124.6666666666665,22.03333333333333,41.15,1.0
2024-01-04 16:30:00,1953.6666666666667,21.933333333333334,40.62,1.0
2024-01-04 17:00:00,1504.3333333333333,22.0,38.54,1.0
2024-01-04 17:30:00,1426.3333333333333,22.133333333333336,40.1,1.0
2024-01-04 18:00:00,1374.0,22.166666666666668,39.84,1.0
2024-01-04 18:30:00,1297.3333333333333,22.066666666666666,39.580000000000005,1.0
2024-01-04 19:00:00,1252.0,21.96666666666667,39.71,1.0
2024-01-04 19:30:00,1206.6666666666667,21.833333333333332,39.84,1.0
2024-01-04 20:00:00,1155.0,21.8,39.71,1.0
2024-01-04 20:30:00,1193.0,21.766666666666666,39.71,1.0
2024-01-04 21:00:00,1169.6666666666667,21.7,39.71,1.0
2024-01-04 21:30:00,1176.6666666666667,21.733333333333334,39.84,1.0
2024-01-04 22:00:00,1121.3333333333333,21.733333333333334,39.84,1.0
2024-01-04 22:30:00,1116.0,21.733333333333334,39.84,1.0
2024-01-04 23:00:00,1079.6666666666667,21.633333333333336,39.84,1.0
2024-01-04 23:30:00,1160.0,21.600000000000005,39.84,1.0
2024-01-05 00:00:00,1059.3333333333333,21.633333333333336,39.84,1.0
2024-01-05 00:30:00,1065.6666666666667,21.566666666666666,39.71,1.0
2024-01-05 01:00:00,1012.6666666666666,21.566666666666666,39.45,1.0
2024-01-05 01:30:00,990.0,21.6,39.84,1.0
2024-01-05 02:00:00,992.3333333333334,21.566666666666666,39.580000000000005,1.0
2024-01-05 02:30:00,978.0,21.566666666666666,39.45,1.0
2024-01-05 03:00:00,998.3333333333334,21.600000000000005,39.45,1.0
2024-01-05 03:30:00,968.3333333333334,21.566666666666666,39.45,1.0
2024-01-05 04:00:00,959.0,21.633333333333336,39.32,1.0
2024-01-05 04:30:00,951.6666666666666,21.566666666666666,39.45,1.0
2024-01-05 05:00:00,912.0,21.566666666666666,39.45,1.0
2024-01-05 05:30:00,898.3333333333334,21.566666666666666,39.45,1.0
2024-01-05 06:00:00,902.6666666666666,21.566666666666666,39.190000000000005,1.0
2024-01-05 06:30:00,827.6666666666666,21.5,38.93,1.0
2024-01-05 07:00:00,853.3333333333334,21.46666666666667,38.67,1.0
2024-01-05 07:30:00,832.0,21.5,38.410000000000004,1.0
2024-01-05 08:00:00,843.3333333333334,21.5,38.28,1.0
2024-01-05 08:30:00,755.3333333333334,21.46666666666667,38.28,1.0
2024-01-05 09:00:00,797.0,21.46666666666667,38.28,1.0
2024-01-05 09:30:00,761.3333333333334,21.46666666666667,37.89,1.0
2024-01-05 10:00:00,760.0,21.5,37.89,1.0
2024-01-05 10:30:00,719.3333333333334,21.53333333333333,37.89,1.0
2024-01-05 11:00:00,719.3333333333334,21.53333333333333,37.63,1.0
2024-01-05 11:30:00,737.0,21.46666666666667,37.5,1.0
2024-01-05 12:00:00,687.0,21.53333333333333,37.5,1.0
2024-01-05 12:30:00,713.0,21.5,37.5,1.0
2024-01-05 13:00:00,694.3333333333334,21.53333333333333,37.5,1.0
2024-01-05 13:30:00,695.6666666666666,21.53333333333333,37.5,1.0
2024-01-05 14:00:00,693.3333333333334,21.566666666666666,37.5,1.0
2024-01-05 14:30:00,668.0,21.5,37.5,1.0
2024-01-05 15:00:00,712.6666666666666,21.53333333333333,37.5,1.0
2024-01-05 15:30:00,708.3333333333334,21.566666666666666,37.5,1.0
2024-01-05 16:00:00,736.0,21.53333333333333,37.37,1.0
2024-01-05 16:30:00,669.0,21.566666666666666,37.37,1.0
2024-01-05 17:00:00,693.6666666666666,21.53333333333333,37.11,1.0
2024-01-05 17:30:00,688.6666666666666,21.5,37.11,1.0
2024-01-05 18:00:00,695.6666666666666,21.5,37.11,1.0
2024-01-05 18:30:00,683.0,21.53333333333333,37.11,1.0
2024-01-05 19:00:00,668.0,21.53333333333333,36.98,1.0
2024-01-05 19:30:00,641.6666666666666,21.5,37.11,1.0
2024-01-05 20:00:00,651.3333333333334,21.5,37.11,1.0
2024-01-05 20:30:00,618.3333333333334,21.5,37.11,1.0
2024-01-05 21:00:00,618.0,21.5,37.11,1.0
2024-01-05 21:30:00,606.6666666666666,21.5,37.11,1.0
2024-01-05 22:00:00,596.0,21.5,37.11,1.0
2024-01-05 22:30:00,603.0,21.5,37.11,1.0
2024-01-05 23:00:00,564.0,21.5,37.11,1.0
2024-01-05 23:30:00,593.0,21.5,37.24,1.0
2024-01-06 00:00:00,595.3333333333334,21.5,37.24,1.0
2024-01-06 00:30:00,593.3333333333334,21.5,37.24,1.0
2024-01-06 01:00:00,610.0,21.5,37.11,1.0
2024-01-06 01:30:00,583.0,21.5,37.11,1.0
2024-01-06 02:00:00,615.6666666666666,21.5,37.11,1.0
2024-01-06 02:30:00,588.0,21.53333333333333,37.11,1.0
2024-01-06 03:00:00,609.0,21.53333333333333,37.11,1.0
2024-01-06 03:30:00,566.3333333333334,21.5,37.11,1.0
2024-01-06 04:00:00,558.6666666666666,21.600000000000005,37.11,1.0
2024-01-06 04:30:00,569.0,21.53333333333333,37.11,1.0
2024-01-06 05:00:00,585.0,21.53333333333333,37.11,1.0
2024-01-06 05:30:00,591.3333333333334,21.53333333333333,37.11,1.0
2024-01-06 06:00:00,580.3333333333334,21.5,36.98,1.0
2024-01-06 06:30:00,549.3333333333334,21.5,36.72,1.0
2024-01-06 07:00:00,534.6666666666666,21.5,36.72,1.0
2024-01-06 07:30:00,549.0,21.5,36.46,1.0
2024-01-06 08:00:00,559.0,21.433333333333334,36.33,1.0
2024-01-06 08:30:00,577.0,21.46666666666667,36.33,1.0
2024-01-06 09:00:00,595.6666666666666,21.433333333333334,36.33,1.0
2024-01-06 09:30:00,560.3333333333334,21.600000000000005,36.33,1.0
2024-01-06 10:00:00,579.0,21.5,36.33,1.0
2024-01-06 10:30:00,566.5,21.55,36.135,1.0
2024-01-06 11:00:00,563.6666666666666,21.566666666666666,36.33,1.0
2024-01-06 11:30:00,567.3333333333334,21.566666666666666,36.33,1.0
2024-01-06 12:00:00,538.3333333333334,21.53333333333333,36.33,1.0
2024-01-06 12:30:00,562.0,21.566666666666666,36.33,1.0
2024-01-06 13:00:00,557.0,21.566666666666666,36.33,1.0
2024-01-06 13:30:00,562.3333333333334,21.566666666666666,36.33,1.0
2024-01-06 14:00:00,530.3333333333334,21.53333333333333,36.33,1.0
2024-01-06 14:30:00,567.0,21.566666666666666,36.33,1.0
2024-01-06 15:00:00,530.3333333333334,21.53333333333333,36.199999999999996,1.0
2024-01-06 15:30:00,541.3333333333334,21.5,36.07,1.0
2024-01-06 16:00:00,519.3333333333334,21.53333333333333,35.94,1.0
2024-01-06 16:30:00,520.0,21.5,35.94,1.0
2024-01-06 17:00:00,526.6666666666666,21.5,35.94,1.0
2024-01-06 17:30:00,507.6666666666667,21.5,35.94,1.0
2024-01-06 18:00:00,496.0,21.5,35.94,1.0
2024-01-06 18:30:00,492.0,21.53333333333333,35.94,1.0
2024-01-06 19:00:00,493.3333333333333,21.566666666666666,35.809999999999995,1.0
2024-01-06 19:30:00,497.3333333333333,21.566666666666666,35.94,1.0
2024-01-06 20:00:00,483.6666666666667,21.566666666666666,35.94,1.0
2024-01-06 20:30:00,483.0,21.566666666666666,36.33,1.0
2024-01-06 21:00:00,484.6666666666667,21.566666666666666,36.33,1.0
2024-01-06 21:30:00,480.3333333333333,21.53333333333333,36.33,1.0
2024-01-06 22:00:00,485.0,21.566666666666666,36.46,1.0
2024-01-06 22:30:00,503.0,21.53333333333333,36.589999999999996,1.0
2024-01-06 23:00:00,517.3333333333334,21.566666666666666,36.72,1.0
2024-01-06 23:30:00,500.3333333333333,21.566666666666666,36.72,1.0
2024-01-07 00:00:00,515.0,21.5,36.72,1.0
2024-01-07 00:30:00,490.6666666666667,21.53333333333333,36.72,1.0
2024-01-07 01:00:00,531.0,21.600000000000005,36.72,1.0
2024-01-07 01:30:00,511.6666666666667,21.600000000000005,36.72,1.0
2024-01-07 02:00:00,514.6666666666666,21.53333333333333,36.98,1.0
2024-01-07 02:30:00,535.0,21.600000000000005,36.98,1.0
2024-01-07 03:00:00,521.3333333333334,21.5,37.11,1.0
2024-01-07 03:30:00,532.3333333333334,21.600000000000005,37.11,1.0
2024-01-07 04:00:00,519.3333333333334,21.53333333333333,37.11,1.0
2024-01-07 04:30:00,498.0,21.53333333333333,37.11,1.0
2024-01-07 05:00:00,514.3333333333334,21.53333333333333,37.11,1.0
2024-01-07 05:30:00,508.3333333333333,21.53333333333333,37.11,1.0
2024-01-07 06:00:00,508.0,21.53333333333333,36.98,1.0
2024-01-07 06:30:00,477.3333333333333,21.46666666666667,36.72,1.0
2024-01-07 07:00:00,508.6666666666667,21.5,36.46,1.0
2024-01-07 07:30:00,485.0,21.399999999999995,36.33,1.0
2024-01-07 08:00:00,486.6666666666667,21.46666666666667,36.33,1.0
2024-01-07 08:30:00,508.6666666666667,21.46666666666667,36.199999999999996,1.0
2024-01-07 09:00:00,485.6666666666667,21.5,35.94,1.0
2024-01-07 09:30:00,485.3333333333333,21.46666666666667,35.94,1.0
2024-01-07 10:00:00,485.6666666666667,21.5,35.94,1.0
2024-01-07 10:30:00,490.6666666666667,21.433333333333334,35.94,1.0
2024-01-07 11:00:00,466.3333333333333,21.5,35.809999999999995,1.0
2024-01-07 11:30:00,520.0,21.399999999999995,35.68,1.0
2024-01-07 12:00:00,449.0,21.46666666666667,35.55,1.0
2024-01-07 12:30:00,467.0,21.5,35.55,1.0
2024-01-07 13:00:00,474.6666666666667,21.46666666666667,35.55,1.0
2024-01-07 13:30:00,473.6666666666667,21.433333333333334,35.55,1.0
2024-01-07 14:00:00,481.0,21.5,35.55,1.0
2024-01-07 14:30:00,482.6666666666667,21.5,35.55,1.0
2024-01-07 15:00:00,460.6666666666667,21.46666666666667,35.55,1.0
2024-01-07 15:30:00,476.0,21.399999999999995,35.55,1.0
2024-01-07 16:00:00,476.6666666666667,21.46666666666667,35.55,1.0
2024-01-07 16:30:00,490.6666666666667,21.46666666666667,35.419999999999995,1.0
2024-01-07 17:00:00,477.0,21.46666666666667,35.16,1.0
2024-01-07 17:30:00,469.0,21.399999999999995,35.16,1.0
2024-01-07 18:00:00,476.0,21.46666666666667,35.16,1.0
2024-01-07 18:30:00,492.0,21.46666666666667,34.9,1.0
2024-01-07 19:00:00,495.3333333333333,21.46666666666667,35.03,1.0
2024-01-07 19:30:00,475.6666666666667,21.46666666666667,35.16,1.0
2024-01-07 20:00:00,511.6666666666667,21.46666666666667,35.16,1.0
2024-01-07 20:30:00,455.6666666666667,21.46666666666667,35.419999999999995,1.0
2024-01-07 21:00:00,483.6666666666667,21.46666666666667,35.55,1.0
2024-01-07 21:30:00,480.0,21.46666666666667,35.55,1.0
2024-01-07 22:00:00,493.3333333333333,21.5,35.55,1.0
2024-01-07 22:30:00,479.3333333333333,21.46666666666667,35.55,1.0
2024-01-07 23:00:00,517.0,21.5,35.55,1.0
2024-01-07 23:30:00,456.6666666666667,21.5,35.55,1.0
2024-01-08 00:00:00,474.6666666666667,21.46666666666667,35.55,1.0
2024-01-08 00:30:00,495.0,21.5,35.55,1.0
2024-01-08 01:00:00,509.0,21.46666666666667,35.55,1.0
2024-01-08 01:30:00,513.3333333333334,21.46666666666667,35.55,1.0
2024-01-08 02:00:00,463.3333333333333,21.399999999999995,35.55,1.0
2024-01-08 02:30:00,497.3333333333333,21.46666666666667,35.55,1.0
2024-01-08 03:00:00,523.3333333333334,21.46666666666667,35.55,1.0
2024-01-08 03:30:00,475.6666666666667,21.46666666666667,35.809999999999995,1.0
2024-01-08 04:00:00,505.3333333333333,21.5,35.94,1.0
2024-01-08 04:30:00,497.0,21.5,35.94,1.0
2024-01-08 05:00:00,535.6666666666666,21.46666666666667,36.07,1.0
2024-01-08 05:30:00,511.6666666666667,21.5,36.07,1.0
2024-01-08 06:00:00,526.3333333333334,21.46666666666667,36.199999999999996,1.0
2024-01-08 06:30:00,533.6666666666666,21.566666666666666,35.94,1.0
2024-01-08 07:00:00,530.6666666666666,21.5,35.94,1.0
2024-01-08 07:30:00,479.5,21.5,35.94,1.0
2024-01-08 08:00:00,532.6666666666666,21.5,35.94,1.0
2024-01-08 08:30:00,524.0,21.433333333333334,35.94,1.0
2024-01-08 09:00:00,509.3333333333333,21.5,35.94,1.0
2024-01-08 09:30:00,530.6666666666666,21.5,35.809999999999995,1.0
2024-01-08 10:00:00,536.6666666666666,21.5,35.55,1.0
2024-01-08 10:30:00,529.3333333333334,21.5,35.55,1.0
2024-01-08 11:00:00,538.6666666666666,21.5,35.55,1.0
2024-01-08 11:30:00,528.3333333333334,21.5,35.55,1.0
2024-01-08 12:00:00,557.6666666666666,21.5,35.55,1.0
2024-01-08 12:30:00,571.0,21.53333333333333,35.55,1.0
2024-01-08 13:00:00,583.6666666666666,21.5,35.809999999999995,1.0
2024-01-08 13:30:00,583.3333333333334,21.5,35.94,1.0
2024-01-08 14:00:00,568.6666666666666,21.5,35.94,1.0
2024-01-08 14:30:00,582.6666666666666,21.5,35.68,1.0
2024-01-08 15:00:00,570.3333333333334,21.5,35.809999999999995,1.0
2024-01-08 15:30:00,594.0,21.5,35.68,1.0
2024-01-08 16:00:00,612.3333333333334,21.5,35.68,1.0
2024-01-08 16:30:00,610.0,21.46666666666667,35.55,1.0
2024-01-08 17:00:00,606.3333333333334,21.5,35.55,1.0
2024-01-08 17:30:00,591.0,21.5,35.68,1.0
2024-01-08 18:00:00,596.6666666666666,21.5,35.55,1.0
2024-01-08 18:30:00,605.0,21.5,35.55,1.0
2024-01-08 19:00:00,620.6666666666666,21.5,35.55,1.0
2024-01-08 19:30:00,631.3333333333334,21.5,35.809999999999995,1.0
2024-01-08 20:00:00,598.0,21.5,35.94,1.0
2024-01-08 20:30:00,593.3333333333334,21.5,35.94,1.0
2024-01-08 21:00:00,625.0,21.53333333333333,36.07,1.0
2024-01-08 21:30:00,602.3333333333334,21.5,36.33,1.0
2024-01-08 22:00:00,614.0,21.5,36.33,1.0
2024-01-08 22:30:00,578.3333333333334,21.5,36.33,1.0
2024-01-08 23:00:00,608.6666666666666,21.5,36.33,1.0
2024-01-08 23:30:00,596.6666666666666,21.5,36.33,1.0
2024-01-09 00:00:00,610.6666666666666,21.46666666666667,36.46,1.0
2024-01-09 00:30:00,603.0,21.5,36.72,1.0
2024-01-09 01:00:00,592.0,21.46666666666667,36.72,1.0
2024-01-09 01:30:00,607.3333333333334,21.5,36.72,1.0
2024-01-09 02:00:00,600.6666666666666,21.5,36.72,1.0
2024-01-09 02:30:00,597.6666666666666,21.53333333333333,36.72,1.0
2024-01-09 03:00:00,571.0,21.53333333333333,36.72,1.0
2024-01-09 03:30:00,573.6666666666666,21.5,36.72,1.0
2024-01-09 04:00:00,548.3333333333334,21.46666666666667,36.98,1.0
2024-01-09 04:30:00,603.6666666666666,21.5,36.98,1.0
2024-01-09 05:00:00,590.0,21.53333333333333,36.98,1.0
2024-01-09 05:30:00,580.0,21.5,37.11,1.0
2024-01-09 06:00:00,591.6666666666666,21.5,36.98,1.0
2024-01-09 06:30:00,591.3333333333334,21.5,36.85,1.0
2024-01-09 07:00:00,576.0,21.53333333333333,36.85,1.0
2024-01-09 07:30:00,601.3333333333334,21.5,36.85,1.0
2024-01-09 08:00:00,563.6666666666666,21.5,36.98,1.0
2024-01-09 08:30:00,576.3333333333334,21.5,36.72,1.0
2024-01-09 09:00:00,577.6666666666666,21.5,36.72,1.0
2024-01-09 09:30:00,552.0,21.5,36.72,1.0
2024-01-09 10:00:00,557.0,21.566666666666666,36.72,1.0
2024-01-09 10:30:00,568.3333333333334,21.5,36.72,1.0
2024-01-09 11:00:00,579.6666666666666,21.5,36.72,1.0
2024-01-09 11:30:00,574.3333333333334,21.53333333333333,36.72,1.0
2024-01-09 12:00:00,557.6666666666666,21.53333333333333,36.72,1.0
2024-01-09 12:30:00,585.0,21.600000000000005,36.85,1.0
2024-01-09 13:00:00,569.6666666666666,21.600000000000005,36.85,1.0
2024-01-09 13:30:00,553.6666666666666,21.633333333333336,36.72,1.0
2024-01-09 14:00:00,549.6666666666666,21.600000000000005,37.11,1.0
2024-01-09 14:30:00,560.3333333333334,21.600000000000005,36.85,1.0
2024-01-09 15:00:00,568.3333333333334,21.566666666666666,36.85,1.0
2024-01-09 15:30:00,567.0,21.599999999999998,37.11,1.0
2024-01-09 16:00:00,562.3333333333334,21.599999999999998,37.11,1.0
2024-01-09 16:30:00,530.3333333333334,21.53333333333333,37.11,1.0
2024-01-09 17:00:00,566.0,21.53333333333333,37.11,1.0
2024-01-09 17:30:00,552.0,21.600000000000005,37.11,1.0
2024-01-09 18:00:00,571.6666666666666,21.5,37.11,1.0
2024-01-09 18:30:00,566.0,21.566666666666666,37.11,1.0
2024-01-09 19:00:00,535.6666666666666,21.599999999999998,37.11,1.0
2024-01-09 19:30:00,553.3333333333334,21.566666666666666,37.11,1.0
2024-01-09 20:00:00,555.6666666666666,21.566666666666666,37.11,1.0
2024-01-09 20:30:00,563.6666666666666,21.600000000000005,37.11,1.0
2024-01-09 21:00:00,572.6666666666666,21.53333333333333,37.24,1.0
2024-01-09 21:30:00,567.6666666666666,21.53333333333333,37.11,1.0
2024-01-09 22:00:00,557.0,21.566666666666666,37.37,1.0
2024-01-09 22:30:00,550.0,21.6,37.11,1.0
2024-01-09 23:00:00,544.5,21.55,37.5,1.0
2024-01-09 23:30:00,538.5,21.6,37.5,1.0
2024-01-10 00:00:00,544.6666666666666,21.566666666666666,37.5,1.0
2024-01-10 00:30:00,566.0,21.600000000000005,37.5,1.0
2024-01-10 01:00:00,550.0,21.600000000000005,37.5,1.0
2024-01-10 01:30:00,546.3333333333334,21.633333333333336,37.5,1.0
2024-01-10 02:00:00,516.3333333333334,21.599999999999998,37.5,1.0
2024-01-10 02:30:00,537.6666666666666,21.600000000000005,37.5,1.0
2024-01-10 03:00:00,524.3333333333334,21.599999999999998,37.5,1.0
2024-01-10 03:30:00,540.0,21.53333333333333,37.5,1.0
2024-01-10 04:00:00,525.0,21.666666666666668,37.5,1.0
2024-01-10 04:30:00,532.3333333333334,21.599999999999998,37.5,1.0
2024-01-10 05:00:00,543.0,21.53333333333333,37.5,1.0
2024-01-10 05:30:00,551.6666666666666,21.5,37.5,1.0
2024-01-10 06:00:00,522.3333333333334,21.599999999999998,37.63,1.0
2024-01-10 06:30:00,543.3333333333334,21.53333333333333,37.5,1.0
2024-01-10 07:00:00,532.3333333333334,21.5,37.5,1.0
2024-01-10 07:30:00,533.3333333333334,21.5,37.5,1.0
2024-01-10 08:00:00,528.6666666666666,21.53333333333333,37.5,1.0
2024-01-10 08:30:00,553.6666666666666,21.600000000000005,37.63,1.0
2024-01-10 09:00:00,677.3333333333334,21.600000000000005,41.276666666666664,1.0
2024-01-10 09:30:00,662.6666666666666,21.600000000000005,42.449999999999996,1.0
2024-01-10 10:00:00,662.0,21.7,41.93,1.0
2024-01-10 10:30:00,653.0,21.633333333333336,41.41,1.0
2024-01-10 11:00:00,884.0,21.666666666666668,41.410000000000004,1.0
2024-01-10 11:30:00,1592.3333333333333,22.133333333333336,42.97,1.0
2024-01-10 12:00:00,2057.6666666666665,22.7,43.620000000000005,1.0
2024-01-10 12:30:00,2064.3333333333335,22.900000000000002,42.71,1.0
2024-01-10 13:00:00,2107.0,23.133333333333336,41.93,1.0
2024-01-10 13:30:00,2260.0,22.96666666666667,42.449999999999996,1.0
2024-01-10 14:00:00,2324.6666666666665,22.733333333333334,42.97,1.0
2024-01-10 14:30:00,2637.3333333333335,22.53333333333333,44.4,1.0
2024-01-10 15:00:00,2646.6666666666665,22.433333333333334,44.27,1.0
2024-01-10 15:30:00,2670.3333333333335,22.366666666666664,45.44,1.0
2024-01-10 16:00:00,2954.0,22.333333333333332,47.14000000000001,1.0
2024-01-10 16:30:00,3318.6666666666665,22.366666666666664,47.79,1.0
2024-01-10 17:00:00,3506.3333333333335,22.233333333333334,48.18,1.0
2024-01-10 17:30:00,3412.6666666666665,22.066666666666666,47.53,1.0
2024-01-10 18:00:00,3231.0,21.96666666666667,46.48333333333333,1.0
2024-01-10 18:30:00,3161.0,21.899999999999995,45.830000000000005,1.0
2024-01-10 19:00:00,3030.0,21.866666666666664,45.44,1.0
2024-01-10 19:30:00,3013.6666666666665,21.8,45.050000000000004,1.0
2024-01-10 20:00:00,2844.0,21.833333333333332,44.53,1.0
2024-01-10 20:30:00,2783.6666666666665,21.8,44.27,1.0
2024-01-10 21:00:00,2667.6666666666665,21.733333333333334,43.879999999999995,1.0
2024-01-10 21:30:00,2679.0,21.733333333333334,43.620000000000005,1.0
2024-01-10 22:00:00,2615.3333333333335,21.7,43.35999999999999,1.0
2024-01-10 22:30:00,2553.0,21.65,43.36,1.0
2024-01-10 23:00:00,2443.6666666666665,21.733333333333334,42.97,1.0
2024-01-10 23:30:00,2447.6666666666665,21.633333333333336,42.839999999999996,1.0
2024-01-11 00:00:00,2397.0,21.633333333333336,42.58,1.0
2024-01-11 00:30:00,2332.3333333333335,21.633333333333336,42.58,1.0
2024-01-11 01:00:00,2223.3333333333335,21.666666666666668,42.19,1.0
2024-01-11 01:30:00,2163.0,21.666666666666668,42.19,1.0
2024-01-11 02:00:00,2065.0,21.6,42.19,1.0
2024-01-11 02:30:00,2099.6666666666665,21.633333333333336,41.93,1.0
2024-01-11 03:00:00,1977.3333333333333,21.666666666666668,41.8,1.0
2024-01-11 03:30:00,1976.3333333333333,21.633333333333336,41.8,1.0
2024-01-11 04:00:00,1950.0,21.666666666666668,41.54,1.0
2024-01-11 04:30:00,1947.0,21.7,41.41,1.0
2024-01-11 05:00:00,1880.6666666666667,21.600000000000005,41.41,1.0
2024-01-11 05:30:00,1790.0,21.633333333333336,41.41,1.0
2024-01-11 06:00:00,1743.0,21.633333333333336,41.28,1.0
2024-01-11 06:30:00,1674.0,21.633333333333336,41.02,1.0
2024-01-11 07:00:00,1629.3333333333333,21.633333333333336,41.02,1.0
2024-01-11 07:30:00,1548.0,21.600000000000005,40.62,1.0
2024-01-11 08:00:00,1506.6666666666667,21.666666666666668,40.62,1.0
2024-01-11 08:30:00,1518.6666666666667,21.633333333333336,40.62,1.0
2024-01-11 09:00:00,1494.3333333333333,21.633333333333336,40.62,1.0
2024-01-11 09:30:00,1497.6666666666667,21.600000000000005,40.62,1.0
2024-01-11 10:00:00,1424.6666666666667,21.666666666666668,40.49,1.0
2024-01-11 10:30:00,1410.0,21.666666666666668,40.35999999999999,1.0
2024-01-11 11:00:00,1402.6666666666667,21.633333333333336,40.23,1.0
2024-01-11 11:30:00,1375.0,21.7,40.23,1.0
2024-01-11 12:00:00,1347.3333333333333,21.633333333333336,40.23,1.0
2024-01-11 12:30:00,1327.3333333333333,21.666666666666668,40.23,1.0
2024-01-11 13:00:00,1396.6666666666667,21.7,39.97,1.0
2024-01-11 13:30:00,1310.6666666666667,21.866666666666664,38.410000000000004,1.0
2024-01-11 14:00:00,1484.6666666666667,21.933333333333334,40.10333333333333,1.0
2024-01-11 14:30:00,1707.0,22.0,41.41,1.0
2024-01-11 15:00:00,1915.3333333333333,22.066666666666666,42.32,1.0
2024-01-11 15:30:00,2241.3333333333335,22.100000000000005,43.35999999999999,1.0
2024-01-11 16:00:00,2408.0,22.099999999999998,43.75,1.0
2024-01-11 16:30:00,2314.6666666666665,21.96666666666667,43.23,1.0
2024-01-11 17:00:00,2312.5,21.9,42.775,1.0
2024-01-11 17:30:00,2175.6666666666665,21.833333333333332,42.58,1.0
2024-01-11 18:00:00,2117.6666666666665,21.866666666666664,42.059999999999995,1.0
2024-01-11 18:30:00,2054.6666666666665,21.8,41.8,1.0
2024-01-11 19:00:00,1974.3333333333333,21.8,41.54,1.0
2024-01-11 19:30:00,1897.3333333333333,21.8,41.41,1.0
2024-01-11 20:00:00,1890.3333333333333,21.733333333333334,41.41,1.0
2024-01-11 20:30:00,1889.3333333333333,21.8,41.28,1.0
2024-01-11 21:00:00,1823.6666666666667,21.766666666666666,41.02,1.0
2024-01-11 21:30:00,1824.0,21.7,41.02,1.0
2024-01-11 22:00:00,1753.0,21.7,41.02,1.0
2024-01-11 22:30:00,1718.6666666666667,21.7,41.02,1.0
2024-01-11 23:00:00,1684.3333333333333,21.633333333333336,41.02,1.0
2024-01-11 23:30:00,1634.3333333333333,21.7,40.62,1.0
2024-01-12 00:00:00,1600.3333333333333,21.7,40.62,1.0
2024-01-12 00:30:00,1586.3333333333333,21.7,40.62,1.0
2024-01-12 01:00:00,1553.6666666666667,21.633333333333336,40.62,1.0
2024-01-12 01:30:00,1567.0,21.666666666666668,40.62,1.0
2024-01-12 02:00:00,1528.6666666666667,21.666666666666668,40.23,1.0
2024-01-12 02:30:00,1518.6666666666667,21.666666666666668,40.23,1.0
2024-01-12 03:00:00,1414.0,21.633333333333336,40.23,1.0
2024-01-12 03:30:00,1466.3333333333333,21.633333333333336,40.23,1.0
2024-01-12 04:00:00,1365.0,21.633333333333336,40.23,1.0
2024-01-12 04:30:00,1404.6666666666667,21.633333333333336,40.23,1.0
2024-01-12 05:00:00,1350.3333333333333,21.600000000000005,40.23,1.0
2024-01-12 05:30:00,1294.0,21.666666666666668,40.1,1.0
2024-01-12 06:00:00,1329.0,21.633333333333336,39.84,1.0
2024-01-12 06:30:00,1271.0,21.666666666666668,39.84,1.0
2024-01-12 07:00:00,1235.6666666666667,21.600000000000005,39.84,1.0
2024-01-12 07:30:00,1186.3333333333333,21.633333333333336,39.71,1.0
2024-01-12 08:00:00,1202.0,21.600000000000005,39.45,1.0
2024-01-12 08:30:00,1194.0,21.666666666666668,39.580000000000005,1.0
2024-01-12 09:00:00,1167.3333333333333,21.666666666666668,39.580000000000005,1.0
2024-01-12 09:30:00,1132.6666666666667,21.766666666666666,39.84,1.0
2024-01-12 10:00:00,1097.0,21.8,39.84,1.0
2024-01-12 10:30:00,1227.0,21.8,40.23333333333334,1.0
2024-01-12 11:00:00,1639.3333333333333,22.03333333333333,42.449999999999996,1.0
2024-01-12 11:30:00,1642.5,22.0,42.19,1.0
2024-01-12 12:00:00,1567.0,21.899999999999995,41.406666666666666,1.0
2024-01-12 12:30:00,1657.0,21.96666666666667,41.93,1.0
2024-01-12 13:00:00,1913.0,22.03333333333333,43.49,1.0
2024-01-12 13:30:00,2918.25,121.925,35.1575,1.0
2024-01-12 14:00:00,1935.0,21.899999999999995,42.71,1.0
2024-01-12 14:30:00,1906.3333333333333,21.8,42.449999999999996,1.0
2024-01-12 15:00:00,1849.3333333333333,21.766666666666666,42.19,1.0
2024-01-12 15:30:00,2742.75,121.80000000000001,33.9875,1.0
2024-01-12 16:00:00,1702.0,21.766666666666666,41.54,1.0
2024-01-12 16:30:00,1696.3333333333333,21.733333333333334,41.41,1.0
2024-01-12 17:00:00,1645.6666666666667,21.7,41.41,1.0
2024-01-12 17:30:00,1631.0,21.7,41.02,1.0
2024-01-12 18:00:00,1589.0,21.7,41.02,1.0
2024-01-12 18:30:00,1510.6666666666667,21.766666666666666,41.02,1.0
2024-01-12 19:00:00,1515.3333333333333,21.733333333333334,40.75333333333333,1.0
2024-01-12 19:30:00,1511.3333333333333,21.7,40.62,1.0
2024-01-12 20:00:00,1465.6666666666667,21.733333333333334,40.62,1.0
2024-01-12 20:30:00,1439.0,21.733333333333334,40.62,1.0
2024-01-12 21:00:00,1399.0,21.733333333333334,40.62,1.0
2024-01-12 21:30:00,1387.6666666666667,21.733333333333334,40.62,1.0
2024-01-12 22:00:00,1368.3333333333333,21.733333333333334,40.62,1.0
2024-01-12 22:30:00,1333.6666666666667,21.733333333333334,40.62,1.0
2024-01-12 23:00:00,1315.0,21.766666666666666,40.62,1.0
2024-01-12 23:30:00,1287.6666666666667,21.733333333333334,40.62,1.0
2024-01-13 00:00:00,1252.3333333333333,21.7,40.49,1.0
2024-01-13 00:30:00,1268.3333333333333,21.7,40.49,1.0
2024-01-13 01:00:00,1273.0,21.7,40.23,1.0
2024-01-13 01:30:00,1207.0,21.7,40.23,1.0
2024-01-13 02:00:00,1204.0,21.666666666666668,40.23,1.0
2024-01-13 02:30:00,1148.6666666666667,21.7,40.23,1.0
2024-01-13 03:00:00,1142.3333333333333,21.7,40.23,1.0
2024-01-13 03:30:00,1170.3333333333333,21.7,40.23,1.0
2024-01-13 04:00:00,1131.5,21.7,40.23,1.0
2024-01-13 04:30:00,1108.6666666666667,21.7,40.23,1.0
2024-01-13 05:00:00,1090.6666666666667,21.7,40.23,1.0
2024-01-13 05:30:00,1064.6666666666667,21.666666666666668,40.23,1.0
2024-01-13 06:00:00,1037.3333333333333,21.7,40.23,1.0
2024-01-13 06:30:00,1028.3333333333333,21.7,40.23,1.0
2024-01-13 07:00:00,1015.3333333333334,21.7,40.23,1.0
2024-01-13 07:30:00,1026.3333333333333,21.666666666666668,40.23,1.0
2024-01-13 08:00:00,981.3333333333334,21.666666666666668,39.97,1.0
2024-01-13 08:30:00,990.3333333333334,21.633333333333336,40.1,1.0
2024-01-13 09:00:00,948.0,21.633333333333336,39.97,1.0
2024-01-13 09:30:00,954.0,21.633333333333336,39.97,1.0
2024-01-13 10:00:00,978.6666666666666,21.633333333333336,39.84,1.0
2024-01-13 10:30:00,934.3333333333334,21.666666666666668,39.97,1.0
2024-01-13 11:00:00,919.6666666666666,21.666666666666668,39.84,1.0
2024-01-13 11:30:00,910.6666666666666,21.7,39.97,1.0
2024-01-13 12:00:00,885.6666666666666,21.7,40.1,1.0
2024-01-13 12:30:00,891.3333333333334,21.7,39.84,1.0
2024-01-13 13:00:00,893.0,21.7,39.97,1.0
2024-01-13 13:30:00,867.3333333333334,21.666666666666668,39.84,1.0
2024-01-13 14:00:00,847.0,21.633333333333336,40.1,1.0
2024-01-13 14:30:00,820.3333333333334,21.666666666666668,39.84,1.0
2024-01-13 15:00:00,824.3333333333334,21.7,40.1,1.0
2024-01-13 15:30:00,830.0,21.633333333333336,39.84,1.0
2024-01-13 16:00:00,822.6666666666666,21.666666666666668,39.84,1.0
2024-01-13 16:30:00,806.6666666666666,21.7,39.84,1.0
2024-01-13 17:00:00,820.6666666666666,21.600000000000005,39.84,1.0
2024-01-13 17:30:00,815.3333333333334,21.633333333333336,39.84,1.0
2024-01-13 18:00:00,820.0,21.7,39.84,1.0
2024-01-13 18:30:00,757.6666666666666,21.7,39.84,1.0
2024-01-13 19:00:00,763.6666666666666,21.633333333333336,39.84,1.0
2024-01-13 19:30:00,773.6666666666666,21.600000000000005,39.84,1.0
2024-01-13 20:00:00,750.6666666666666,21.600000000000005,39.84,1.0
2024-01-13 20:30:00,762.0,21.600000000000005,39.84,1.0
2024-01-13 21:00:00,735.3333333333334,21.600000000000005,39.84,1.0
2024-01-13 21:30:00,744.6666666666666,21.666666666666668,39.84,1.0
2024-01-13 22:00:00,751.0,21.633333333333336,39.84,1.0
2024-01-13 22:30:00,729.6666666666666,21.666666666666668,39.84,1.0
2024-01-13 23:00:00,704.3333333333334,21.633333333333336,39.84,1.0
2024-01-13 23:30:00,702.0,21.7,39.84,1.0
2024-01-14 00:00:00,714.3333333333334,21.666666666666668,39.97,1.0
2024-01-14 00:30:00,685.0,21.7,39.84,1.0
2024-01-14 01:00:00,697.6666666666666,21.666666666666668,39.84,1.0
2024-01-14 01:30:00,712.6666666666666,21.7,39.97,1.0
2024-01-14 02:00:00,700.3333333333334,21.600000000000005,39.84,1.0
2024-01-14 02:30:00,711.0,21.666666666666668,39.84,1.0
2024-01-14 03:00:00,698.6666666666666,21.600000000000005,39.84,1.0
2024-01-14 03:30:00,653.6666666666666,21.666666666666668,39.84,1.0
2024-01-14 04:00:00,719.3333333333334,21.600000000000005,39.84,1.0
2024-01-14 04:30:00,694.3333333333334,21.600000000000005,39.84,1.0
2024-01-14 05:00:00,642.6666666666666,21.666666666666668,39.84,1.0
2024-01-14 05:30:00,658.0,21.633333333333336,39.84,1.0
2024-01-14 06:00:00,642.5,21.6,39.84,1.0
2024-01-14 06:30:00,644.0,21.600000000000005,39.84,1.0
2024-01-14 07:00:00,660.0,21.600000000000005,39.71,1.0
2024-01-14 07:30:00,647.6666666666666,21.600000000000005,39.45,1.0
2024-01-14 08:00:00,658.3333333333334,21.600000000000005,39.45,1.0
2024-01-14 08:30:00,639.3333333333334,21.666666666666668,39.45,1.0
2024-01-14 09:00:00,610.0,21.633333333333336,39.45,1.0
2024-01-14 09:30:00,605.0,21.666666666666668,39.45,1.0
2024-01-14 10:00:00,636.3333333333334,21.7,39.45,1.0
2024-01-14 10:30:00,638.6666666666666,21.7,39.45,1.0
2024-01-14 11:00:00,629.6666666666666,21.666666666666668,39.45,1.0
2024-01-14 11:30:00,671.3333333333334,21.666666666666668,39.45,1.0
2024-01-14 12:00:00,639.3333333333334,21.666666666666668,39.45,1.0
2024-01-14 12:30:00,601.0,21.7,39.45,1.0
2024-01-14 13:00:00,580.6666666666666,21.633333333333336,39.45,1.0
2024-01-14 13:30:00,609.6666666666666,21.666666666666668,39.45,1.0
2024-01-14 14:00:00,654.6666666666666,21.633333333333336,39.45,1.0
2024-01-14 14:30:00,628.3333333333334,21.633333333333336,39.45,1.0
2024-01-14 15:00:00,603.6666666666666,21.600000000000005,39.45,1.0
2024-01-14 15:30:00,609.3333333333334,21.633333333333336,39.45,1.0
2024-01-14 16:00:00,617.3333333333334,21.600000000000005,39.45,1.0
2024-01-14 16:30:00,632.6666666666666,21.600000000000005,39.45,1.0
2024-01-14 17:00:00,596.0,21.600000000000005,39.45,1.0
2024-01-14 17:30:00,591.0,21.600000000000005,39.45,1.0
2024-01-14 18:00:00,559.6666666666666,21.600000000000005,39.45,1.0
2024-01-14 18:30:00,520.0,21.600000000000005,39.45,1.0
2024-01-14 19:00:00,528.3333333333334,21.600000000000005,39.45,1.0
2024-01-14 19:30:00,529.6666666666666,21.600000000000005,39.45,1.0
2024-01-14 20:00:00,584.0,21.600000000000005,39.45,1.0
2024-01-14 20:30:00,513.3333333333334,21.600000000000005,39.45,1.0
2024-01-14 21:00:00,553.3333333333334,21.633333333333336,39.45,1.0
2024-01-14 21:30:00,522.3333333333334,21.600000000000005,39.45,1.0
2024-01-14 22:00:00,522.0,21.6,39.45,1.0
2024-01-14 22:30:00,514.3333333333334,21.633333333333336,39.45,1.0
2024-01-14 23:00:00,567.3333333333334,21.600000000000005,39.45,1.0
2024-01-14 23:30:00,512.0,21.633333333333336,39.45,1.0
2024-01-15 00:00:00,534.6666666666666,21.633333333333336,39.45,1.0
2024-01-15 00:30:00,547.6666666666666,21.600000000000005,39.45,1.0
2024-01-15 01:00:00,551.0,21.666666666666668,39.45,1.0
2024-01-15 01:30:00,530.6666666666666,21.666666666666668,39.45,1.0
2024-01-15 02:00:00,538.0,21.633333333333336,39.45,1.0
2024-01-15 02:30:00,538.3333333333334,21.600000000000005,39.45,1.0
2024-01-15 03:00:00,556.3333333333334,21.600000000000005,39.45,1.0
2024-01-15 03:30:00,589.0,21.666666666666668,39.71,1.0
2024-01-15 04:00:00,530.3333333333334,21.666666666666668,39.45,1.0
2024-01-15 04:30:00,522.0,21.600000000000005,39.45,1.0
2024-01-15 05:00:00,533.6666666666666,21.666666666666668,39.580000000000005,1.0
2024-01-15 05:30:00,539.6666666666666,21.633333333333336,39.580000000000005,1.0
2024-01-15 06:00:00,533.0,21.633333333333336,39.45,1.0
2024-01-15 06:30:00,528.6666666666666,21.600000000000005,39.45,1.0
2024-01-15 07:00:00,565.0,21.7,39.45,1.0
2024-01-15 07:30:00,556.6666666666666,21.600000000000005,39.32,1.0
2024-01-15 08:00:00,572.3333333333334,21.5,39.45,1.0
2024-01-15 08:30:00,556.0,21.566666666666666,39.32,1.0
2024-01-15 09:00:00,556.0,21.600000000000005,39.190000000000005,1.0
2024-01-15 09:30:00,708.3333333333334,21.666666666666668,39.32,1.0
2024-01-15 10:00:00,1191.6666666666667,21.833333333333332,42.06,1.0
2024-01-15 10:30:00,1668.0,21.96666666666667,43.879999999999995,1.0
2024-01-15 11:00:00,1314.3333333333333,22.066666666666666,40.623333333333335,1.0
2024-01-15 11:30:00,1423.6666666666667,22.100000000000005,41.54,1.0
2024-01-15 12:00:00,1617.6666666666667,22.166666666666668,42.449999999999996,1.0
2024-01-15 12:30:00,1874.3333333333333,22.2,42.839999999999996,1.0
2024-01-15 13:00:00,1859.3333333333333,22.066666666666666,42.32,1.0
2024-01-15 13:30:00,2092.6666666666665,22.133333333333336,42.71,1.0
2024-01-15 14:00:00,2594.6666666666665,22.233333333333334,44.27,0.75
2024-01-15 14:30:00,2651.6666666666665,22.333333333333332,43.75,1.0
2024-01-15 15:00:00,3344.6666666666665,22.566666666666666,47.00666666666667,1.0
2024-01-15 15:30:00,3369.6666666666665,22.53333333333333,46.88,1.0
2024-01-15 16:00:00,3572.0,22.4,46.88,1.0
2024-01-15 16:30:00,3748.3333333333335,22.399999999999995,47.14000000000001,1.0
2024-01-15 17:00:00,3802.3333333333335,22.399999999999995,47.27,1.0
2024-01-15 17:30:00,4064.0,22.333333333333332,47.53,1.0
2024-01-15 18:00:00,4389.333333333333,22.399999999999995,47.919999999999995,1.0
2024-01-15 18:30:00,4550.0,22.3,48.56999999999999,1.0
2024-01-15 19:00:00,4691.0,22.366666666666664,48.96,1.0
2024-01-15 19:30:00,4485.0,22.266666666666666,48.44,1.0
2024-01-15 20:00:00,4335.0,22.2,47.4,1.0
2024-01-15 20:30:00,4154.333333333333,22.0,46.74666666666667,1.0
2024-01-15 21:00:00,4103.666666666667,21.933333333333334,46.22,1.0
2024-01-15 21:30:00,3914.3333333333335,21.833333333333332,45.70000000000001,1.0
2024-01-15 22:00:00,3942.6666666666665,21.833333333333332,45.18000000000001,1.0
2024-01-15 22:30:00,3656.0,21.766666666666666,44.79,1.0
2024-01-15 23:00:00,3609.0,21.766666666666666,44.53,1.0
2024-01-15 23:30:00,3567.3333333333335,21.733333333333334,44.27,1.0
2024-01-16 00:00:00,3410.3333333333335,21.733333333333334,43.879999999999995,1.0
2024-01-16 00:30:00,3261.6666666666665,21.666666666666668,43.620000000000005,1.0
2024-01-16 01:00:00,3218.6666666666665,21.633333333333336,43.35999999999999,1.0
2024-01-16 01:30:00,3073.0,21.633333333333336,43.1,1.0
2024-01-16 02:00:00,2962.0,21.633333333333336,42.97,1.0
2024-01-16 02:30:00,2932.0,21.633333333333336,42.71,1.0
2024-01-16 03:00:00,2771.0,21.600000000000005,42.58,1.0
2024-01-16 03:30:00,2817.3333333333335,21.633333333333336,42.449999999999996,1.0
2024-01-16 04:00:00,2679.3333333333335,21.53333333333333,42.19,1.0
2024-01-16 04:30:00,2617.0,21.53333333333333,42.059999999999995,1.0
2024-01-16 05:00:00,2506.6666666666665,21.566666666666666,41.8,1.0
2024-01-16 05:30:00,2489.6666666666665,21.566666666666666,41.8,1.0
2024-01-16 06:00:00,2471.0,21.5,41.54,1.0
2024-01-16 06:30:00,2302.0,21.5,41.15,1.0
2024-01-16 07:00:00,2188.6666666666665,21.5,40.75333333333333,1.0
2024-01-16 07:30:00,2102.0,21.5,40.62,1.0
2024-01-16 08:00:00,2026.0,21.55,40.425,1.0
2024-01-16 08:30:00,1982.0,21.5,40.23,1.0
2024-01-16 09:00:00,1939.3333333333333,21.53333333333333,40.23,1.0
2024-01-16 09:30:00,1841.6666666666667,21.566666666666666,39.97,1.0
2024-01-16 10:00:00,1789.3333333333333,21.53333333333333,39.71,1.0
2024-01-16 10:30:00,1709.0,21.566666666666666,39.580000000000005,1.0
2024-01-16 11:00:00,1651.6666666666667,21.600000000000005,39.45,1.0
2024-01-16 11:30:00,1622.0,21.566666666666666,39.45,1.0
2024-01-16 12:00:00,1549.3333333333333,21.566666666666666,39.45,1.0
2024-01-16 12:30:00,1583.3333333333333,21.600000000000005,39.45,1.0
2024-01-16 13:00:00,1575.3333333333333,21.566666666666666,39.45,1.0
2024-01-16 13:30:00,1466.3333333333333,21.566666666666666,39.32,1.0
2024-01-16 14:00:00,1443.3333333333333,21.600000000000005,39.45,1.0
2024-01-16 14:30:00,1408.3333333333333,21.53333333333333,39.32,1.0
2024-01-16 15:00:00,1387.0,21.53333333333333,39.32,1.0
2024-01-16 15:30:00,1340.0,21.5,39.06,1.0
2024-01-16 16:00:00,1324.3333333333333,21.566666666666666,39.06,1.0
2024-01-16 16:30:00,1318.6666666666667,21.5,39.06,1.0
2024-01-16 17:00:00,1267.6666666666667,21.5,39.06,1.0
2024-01-16 17:30:00,1233.0,21.566666666666666,39.06,1.0
2024-01-16 18:00:00,1200.6666666666667,21.53333333333333,39.06,1.0
2024-01-16 18:30:00,1212.6666666666667,21.5,39.06,1.0
2024-01-16 19:00:00,1154.0,21.5,39.06,1.0
2024-01-16 19:30:00,1191.3333333333333,21.5,39.06,1.0
2024-01-16 20:00:00,1158.6666666666667,21.5,39.06,1.0
2024-01-16 20:30:00,1132.3333333333333,21.566666666666666,39.32,1.0
2024-01-16 21:00:00,1130.6666666666667,21.53333333333333,39.06,1.0
2024-01-16 21:30:00,1124.3333333333333,21.5,39.32,1.0
2024-01-16 22:00:00,1083.6666666666667,21.53333333333333,39.45,1.0
2024-01-16 22:30:00,1089.0,21.53333333333333,39.45,1.0
2024-01-16 23:00:00,1103.0,21.5,39.45,1.0
2024-01-16 23:30:00,1067.3333333333333,21.566666666666666,39.45,1.0
2024-01-17 00:00:00,1028.6666666666667,21.53333333333333,39.45,1.0
2024-01-17 00:30:00,1069.0,21.55,39.45,1.0
2024-01-17 01:00:00,1053.6666666666667,21.53333333333333,39.45,1.0
2024-01-17 01:30:00,1011.0,21.53333333333333,39.45,1.0
2024-01-17 02:00:00,1006.3333333333334,21.53333333333333,39.45,1.0
2024-01-17 02:30:00,986.3333333333334,21.5,39.45,1.0
2024-01-17 03:00:00,977.3333333333334,21.53333333333333,39.45,1.0
2024-01-17 03:30:00,988.3333333333334,21.566666666666666,39.45,1.0
2024-01-17 04:00:00,976.3333333333334,21.566666666666666,39.45,1.0
2024-01-17 04:30:00,940.0,21.566666666666666,39.45,1.0
2024-01-17 05:00:00,947.6666666666666,21.566666666666666,39.45,1.0
2024-01-17 05:30:00,948.0,21.53333333333333,39.45,1.0
2024-01-17 06:00:00,896.0,21.600000000000005,39.45,1.0
2024-01-17 06:30:00,888.0,21.566666666666666,39.45,1.0
2024-01-17 07:00:00,894.6666666666666,21.600000000000005,39.45,1.0
2024-01-17 07:30:00,872.3333333333334,21.53333333333333,39.190000000000005,1.0
2024-01-17 08:00:00,867.6666666666666,21.600000000000005,39.45,1.0
2024-01-17 08:30:00,850.6666666666666,21.566666666666666,38.15,1.0
2024-01-17 09:00:00,894.0,21.733333333333334,37.63,1.0
2024-01-17 09:30:00,1124.0,21.899999999999995,39.19,1.0
2024-01-17 10:00:00,1484.6666666666667,21.96666666666667,41.276666666666664,1.0
2024-01-17 10:30:00,1335.0,21.96666666666667,39.843333333333334,1.0
2024-01-17 11:00:00,1200.3333333333333,22.066666666666666,38.410000000000004,1.0
2024-01-17 11:30:00,1401.3333333333333,22.066666666666666,39.97,1.0
2024-01-17 12:00:00,1657.3333333333333,22.100000000000005,41.41,1.0
2024-01-17 12:30:00,1782.3333333333333,22.03333333333333,41.669999999999995,1.0
2024-01-17 13:00:00,1817.6666666666667,21.96666666666667,41.669999999999995,1.0
2024-01-17 13:30:00,2136.3333333333335,22.03333333333333,43.1,1.0
2024-01-17 14:00:00,2446.3333333333335,22.133333333333336,44.14000000000001,1.0
2024-01-17 14:30:00,2670.6666666666665,22.166666666666668,44.79,1.0
2024-01-17 15:00:00,2894.5,22.2,45.505,1.0
2024-01-17 15:30:00,3163.0,22.133333333333336,45.70000000000001,1.0
2024-01-17 16:00:00,3302.6666666666665,22.2,46.48333333333333,1.0
2024-01-17 16:30:00,3037.0,22.166666666666668,45.70000000000001,1.0
2024-01-17 17:00:00,3258.0,22.2,46.48,1.0
2024-01-17 17:30:00,3164.0,22.03333333333333,45.830000000000005,1.0
2024-01-17 18:00:00,3054.0,21.866666666666664,45.050000000000004,1.0
2024-01-17 18:30:00,2933.3333333333335,21.866666666666664,44.4,1.0
2024-01-17 19:00:00,2723.6666666666665,21.766666666666666,44.14000000000001,1.0
2024-01-17 19:30:00,2742.6666666666665,21.733333333333334,43.75,1.0
2024-01-17 20:00:00,2624.0,21.733333333333334,43.49,1.0
2024-01-17 20:30:00,2606.3333333333335,21.666666666666668,43.35999999999999,1.0
2024-01-17 21:00:00,2522.6666666666665,21.633333333333336,42.97,1.0
2024-01-17 21:30:00,2460.6666666666665,21.633333333333336,42.97,1.0
2024-01-17 22:00:00,2414.6666666666665,21.666666666666668,42.58,1.0
2024-01-17 22:30:00,2383.3333333333335,21.600000000000005,42.58,1.0
2024-01-17 23:00:00,2342.0,21.600000000000005,42.58,1.0
2024-01-17 23:30:00,2245.0,21.666666666666668,42.19,1.0
2024-01-18 00:00:00,2171.0,21.566666666666666,42.19,1.0
2024-01-18 00:30:00,2142.6666666666665,21.600000000000005,42.059999999999995,1.0
2024-01-18 01:00:00,2052.3333333333335,21.566666666666666,41.8,1.0
2024-01-18 01:30:00,1953.6666666666667,21.600000000000005,41.8,1.0
2024-01-18 02:00:00,1916.6666666666667,21.566666666666666,41.669999999999995,1.0
2024-01-18 02:30:00,1844.3333333333333,21.566666666666666,41.41,1.0
2024-01-18 03:00:00,1823.3333333333333,21.5,41.41,1.0
2024-01-18 03:30:00,1762.6666666666667,21.566666666666666,41.41,1.0
2024-01-18 04:00:00,1732.3333333333333,21.600000000000005,41.41,1.0
2024-01-18 04:30:00,1698.6666666666667,21.600000000000005,41.28,1.0
2024-01-18 05:00:00,1670.6666666666667,21.600000000000005,41.15,1.0
2024-01-18 05:30:00,1683.0,21.53333333333333,41.02,1.0
2024-01-18 06:00:00,1559.0,21.566666666666666,40.88666666666666,1.0
2024-01-18 06:30:00,1504.6666666666667,21.566666666666666,40.62,1.0
2024-01-18 07:00:00,1478.3333333333333,21.53333333333333,40.62,1.0
2024-01-18 07:30:00,1441.6666666666667,21.566666666666666,40.23,1.0
2024-01-18 08:00:00,1432.6666666666667,21.53333333333333,40.23,1.0
2024-01-18 08:30:00,1358.0,21.566666666666666,40.23,1.0
2024-01-18 09:00:00,1346.3333333333333,21.600000000000005,40.23,1.0
2024-01-18 09:30:00,1271.0,21.55,40.035,1.0
2024-01-18 10:00:00,1245.6666666666667,21.600000000000005,39.97,1.0
2024-01-18 10:30:00,1202.6666666666667,21.600000000000005,40.1,1.0
2024-01-18 11:00:00,1223.0,21.600000000000005,39.84,1.0
2024-01-18 11:30:00,1179.0,21.566666666666666,39.84,1.0
2024-01-18 12:00:00,1160.6666666666667,21.600000000000005,39.84,1.0
2024-01-18 12:30:00,1128.3333333333333,21.600000000000005,39.84,1.0
2024-01-18 13:00:00,1105.0,21.566666666666666,39.84,1.0
2024-01-18 13:30:00,1062.0,21.633333333333336,39.84,1.0
2024-01-18 14:00:00,1089.0,21.600000000000005,39.84,1.0
2024-01-18 14:30:00,1061.0,21.53333333333333,39.84,1.0
2024-01-18 15:00:00,1051.6666666666667,21.600000000000005,39.84,1.0
2024-01-18 15:30:00,1040.6666666666667,21.566666666666666,39.45,1.0
2024-01-18 16:00:00,1016.3333333333334,21.600000000000005,39.45,1.0
2024-01-18 16:30:00,999.3333333333334,21.566666666666666,39.45,1.0
2024-01-18 17:00:00,988.6666666666666,21.600000000000005,39.45,1.0
2024-01-18 17:30:00,971.3333333333334,21.566666666666666,39.45,1.0
2024-01-18 18:00:00,949.5,21.6,39.45,1.0
2024-01-18 18:30:00,908.5,21.6,39.06,1.0
2024-01-18 19:00:00,940.6666666666666,21.566666666666666,39.06,1.0
2024-01-18 19:30:00,914.6666666666666,21.53333333333333,39.32,1.0
2024-01-18 20:00:00,943.3333333333334,21.566666666666666,39.45,1.0
2024-01-18 20:30:00,938.0,21.53333333333333,39.45,1.0
2024-01-18 21:00:00,904.6666666666666,21.53333333333333,39.45,1.0
2024-01-18 21:30:00,894.3333333333334,21.53333333333333,39.45,1.0
2024-01-18 22:00:00,881.6666666666666,21.53333333333333,39.45,1.0
2024-01-18 22:30:00,874.0,21.566666666666666,39.45,1.0
2024-01-18 23:00:00,883.0,21.5,39.45,1.0
2024-01-18 23:30:00,882.3333333333334,21.53333333333333,39.45,1.0
2024-01-19 00:00:00,859.3333333333334,21.600000000000005,39.580000000000005,1.0
2024-01-19 00:30:00,859.5,21.55,39.45,1.0
2024-01-19 01:00:00,844.0,21.53333333333333,39.45,1.0
2024-01-19 01:30:00,818.3333333333334,21.53333333333333,39.580000000000005,1.0
2024-01-19 02:00:00,828.0,21.5,39.45,1.0
2024-01-19 02:30:00,843.0,21.566666666666666,39.45,1.0
2024-01-19 03:00:00,846.0,21.566666666666666,39.45,1.0
2024-01-19 03:30:00,797.6666666666666,21.566666666666666,39.580000000000005,1.0
2024-01-19 04:00:00,800.3333333333334,21.600000000000005,39.71,1.0
2024-01-19 04:30:00,828.3333333333334,21.600000000000005,39.580000000000005,1.0
2024-01-19 05:00:00,787.3333333333334,21.600000000000005,39.45,1.0
2024-01-19 05:30:00,793.0,21.53333333333333,39.45,1.0
2024-01-19 06:00:00,783.0,21.566666666666666,39.580000000000005,1.0
2024-01-19 06:30:00,777.0,21.53333333333333,39.45,1.0
2024-01-19 07:00:00,766.0,21.566666666666666,39.45,1.0
2024-01-19 07:30:00,763.0,21.53333333333333,39.32,1.0
2024-01-19 08:00:00,762.0,21.566666666666666,39.45,1.0
2024-01-19 08:30:00,753.0,21.566666666666666,39.45,1.0
2024-01-19 09:00:00,755.3333333333334,21.566666666666666,39.32,1.0
2024-01-19 09:30:00,756.3333333333334,21.600000000000005,39.190000000000005,1.0
2024-01-19 10:00:00,730.6666666666666,21.5,39.190000000000005,1.0
2024-01-19 10:30:00,727.0,21.600000000000005,39.190000000000005,1.0
2024-01-19 11:00:00,671.0,21.633333333333336,39.06,1.0
2024-01-19 11:30:00,685.3333333333334,21.7,39.190000000000005,1.0
2024-01-19 12:00:00,719.6666666666666,21.7,39.06,1.0
2024-01-19 12:30:00,715.3333333333334,21.833333333333332,39.06,1.0
2024-01-19 13:00:00,722.0,21.8,39.06,1.0
2024-01-19 13:30:00,756.0,21.8,38.02,1.0
2024-01-19 14:00:00,850.6666666666666,21.899999999999995,37.11,1.0
2024-01-19 14:30:00,1153.0,22.0,39.06,0.75
2024-01-19 15:00:00,1405.6666666666667,22.03333333333333,40.23,1.0
2024-01-19 15:30:00,1498.3333333333333,22.166666666666668,40.623333333333335,1.0
2024-01-19 16:00:00,1487.3333333333333,22.099999999999998,40.623333333333335,1.0
2024-01-19 16:30:00,1408.6666666666667,22.099999999999998,39.45,1.0
2024-01-19 17:00:00,1412.0,22.0,39.84,1.0
2024-01-19 17:30:00,1376.3333333333333,21.833333333333332,39.84,1.0
2024-01-19 18:00:00,1346.6666666666667,21.866666666666664,39.84,1.0
2024-01-19 18:30:00,1317.6666666666667,21.8,39.84,1.0
2024-01-19 19:00:00,1294.6666666666667,21.766666666666666,39.84,1.0
2024-01-19 19:30:00,1239.6666666666667,21.766666666666666,39.84,1.0
2024-01-19 20:00:00,1246.3333333333333,21.7,39.84,1.0
2024-01-19 20:30:00,1185.3333333333333,21.666666666666668,39.84,1.0
2024-01-19 21:00:00,1192.0,21.666666666666668,39.84,1.0
2024-01-19 21:30:00,1216.3333333333333,21.7,39.84,1.0
2024-01-19 22:00:00,1178.3333333333333,21.7,39.84,1.0
2024-01-19 22:30:00,1131.0,21.7,39.84,1.0
2024-01-19 23:00:00,1099.3333333333333,21.7,39.580000000000005,1.0
2024-01-19 23:30:00,1110.6666666666667,21.7,39.71,1.0
2024-01-20 00:00:00,1054.3333333333333,21.666666666666668,39.71,1.0
2024-01-20 00:30:00,1064.6666666666667,21.666666666666668,39.580000000000005,1.0
2024-01-20 01:00:00,1057.6666666666667,21.633333333333336,39.580000000000005,1.0
2024-01-20 01:30:00,1053.5,21.6,39.645,1.0
2024-01-20 02:00:00,1009.3333333333334,21.600000000000005,39.580000000000005,1.0
2024-01-20 02:30:00,991.0,21.600000000000005,39.45,1.0
2024-01-20 03:00:00,984.6666666666666,21.600000000000005,39.45,1.0
2024-01-20 03:30:00,959.3333333333334,21.600000000000005,39.580000000000005,1.0
2024-01-20 04:00:00,979.0,21.633333333333336,39.45,1.0
2024-01-20 04:30:00,947.6666666666666,21.666666666666668,39.45,1.0
2024-01-20 05:00:00,972.6666666666666,21.599999999999998,39.45,1.0
2024-01-20 05:30:00,939.3333333333334,21.633333333333336,39.580000000000005,1.0
2024-01-20 06:00:00,909.3333333333334,21.600000000000005,39.45,1.0
2024-01-20 06:30:00,897.6666666666666,21.666666666666668,39.45,1.0
2024-01-20 07:00:00,881.0,21.600000000000005,39.45,1.0
2024-01-20 07:30:00,904.0,21.633333333333336,39.45,1.0
2024-01-20 08:00:00,859.0,21.633333333333336,39.45,1.0
2024-01-20 08:30:00,829.3333333333334,21.600000000000005,39.45,1.0
2024-01-20 09:00:00,839.6666666666666,21.600000000000005,39.45,1.0
2024-01-20 09:30:00,827.3333333333334,21.600000000000005,39.45,1.0
2024-01-20 10:00:00,821.6666666666666,21.600000000000005,39.45,1.0
2024-01-20 10:30:00,807.0,21.633333333333336,39.45,1.0
2024-01-20 11:00:00,776.6666666666666,21.666666666666668,39.45,1.0
2024-01-20 11:30:00,799.0,21.666666666666668,39.45,1.0
2024-01-20 12:00:00,776.0,21.600000000000005,39.45,1.0
2024-01-20 12:30:00,762.0,21.7,39.45,1.0
2024-01-20 13:00:00,732.3333333333334,21.7,39.45,1.0
2024-01-20 13:30:00,694.6666666666666,21.7,39.45,1.0
2024-01-20 14:00:00,720.6666666666666,21.666666666666668,39.45,1.0
2024-01-20 14:30:00,706.6666666666666,21.633333333333336,39.45,1.0
2024-01-20 15:00:00,711.0,21.633333333333336,39.45,1.0
2024-01-20 15:30:00,713.0,21.600000000000005,39.45,1.0
2024-01-20 16:00:00,676.3333333333334,21.600000000000005,39.45,1.0
2024-01-20 16:30:00,706.6666666666666,21.633333333333336,39.45,1.0
2024-01-20 17:00:00,663.6666666666666,21.600000000000005,39.45,1.0
2024-01-20 17:30:00,674.0,21.600000000000005,39.45,1.0
2024-01-20 18:00:00,690.3333333333334,21.600000000000005,39.45,1.0
2024-01-20 18:30:00,666.0,21.6,39.45,1.0
2024-01-20 19:00:00,658.3333333333334,21.600000000000005,39.45,1.0
2024-01-20 19:30:00,649.3333333333334,21.633333333333336,39.45,1.0
2024-01-20 20:00:00,621.6666666666666,21.600000000000005,39.45,1.0
2024-01-20 20:30:00,627.0,21.633333333333336,39.45,1.0
2024-01-20 21:00:00,633.0,21.633333333333336,39.45,1.0
2024-01-20 21:30:00,627.6666666666666,21.600000000000005,39.45,1.0
2024-01-20 22:00:00,620.0,21.633333333333336,39.45,1.0
2024-01-20 22:30:00,646.0,21.633333333333336,39.45,1.0
2024-01-20 23:00:00,598.3333333333334,21.633333333333336,39.45,1.0
2024-01-20 23:30:00,611.3333333333334,21.666666666666668,39.45,1.0
2024-01-21 00:00:00,608.0,21.633333333333336,39.45,1.0
2024-01-21 00:30:00,596.0,21.633333333333336,39.45,1.0
2024-01-21 01:00:00,612.3333333333334,21.666666666666668,39.45,1.0
2024-01-21 01:30:00,592.0,21.666666666666668,39.45,1.0
2024-01-21 02:00:00,617.6666666666666,21.666666666666668,39.45,1.0
2024-01-21 02:30:00,591.6666666666666,21.666666666666668,39.45,1.0
2024-01-21 03:00:00,573.6666666666666,21.666666666666668,39.45,1.0
2024-01-21 03:30:00,602.0,21.633333333333336,39.45,1.0
2024-01-21 04:00:00,606.6666666666666,21.666666666666668,39.45,1.0
2024-01-21 04:30:00,581.6666666666666,21.600000000000005,39.45,1.0
2024-01-21 05:00:00,620.6666666666666,21.633333333333336,39.45,1.0
2024-01-21 05:30:00,608.3333333333334,21.633333333333336,39.45,1.0
2024-01-21 06:00:00,591.3333333333334,21.600000000000005,39.32,1.0
2024-01-21 06:30:00,566.0,21.633333333333336,39.06,1.0
2024-01-21 07:00:00,552.3333333333334,21.600000000000005,39.06,1.0
2024-01-21 07:30:00,562.0,21.600000000000005,39.06,1.0
2024-01-21 08:00:00,521.3333333333334,21.600000000000005,39.06,1.0
2024-01-21 08:30:00,505.0,21.600000000000005,39.06,1.0
2024-01-21 09:00:00,506.6666666666667,21.600000000000005,39.06,1.0
2024-01-21 09:30:00,505.3333333333333,21.600000000000005,39.06,1.0
2024-01-21 10:00:00,498.0,21.566666666666666,39.06,1.0
2024-01-21 10:30:00,529.5,21.55,38.865,1.0
2024-01-21 11:00:00,531.6666666666666,21.600000000000005,38.67,1.0
2024-01-21 11:30:00,534.6666666666666,21.566666666666666,38.800000000000004,1.0
2024-01-21 12:00:00,524.3333333333334,21.600000000000005,38.67,1.0
2024-01-21 12:30:00,509.3333333333333,21.666666666666668,38.67,1.0
2024-01-21 13:00:00,551.6666666666666,21.600000000000005,38.67,1.0
2024-01-21 13:30:00,517.0,21.5,38.67,1.0
2024-01-21 14:00:00,521.0,21.600000000000005,38.67,1.0
2024-01-21 14:30:00,523.0,21.53333333333333,38.800000000000004,1.0
2024-01-21 15:00:00,551.6666666666666,21.566666666666666,38.67,1.0
2024-01-21 15:30:00,526.0,21.633333333333336,38.67,1.0
2024-01-21 16:00:00,517.6666666666666,21.53333333333333,38.67,1.0
2024-01-21 16:30:00,519.6666666666666,21.566666666666666,38.93,1.0
2024-01-21 17:00:00,524.3333333333334,21.5,38.93,1.0
2024-01-21 17:30:00,509.3333333333333,21.53333333333333,38.67,1.0
2024-01-21 18:00:00,525.0,21.599999999999998,38.800000000000004,1.0
2024-01-21 18:30:00,494.3333333333333,21.566666666666666,38.800000000000004,1.0
2024-01-21 19:00:00,483.3333333333333,21.53333333333333,39.06,1.0
2024-01-21 19:30:00,530.0,21.600000000000005,39.06,1.0
2024-01-21 20:00:00,521.3333333333334,21.666666666666668,39.06,1.0
2024-01-21 20:30:00,504.6666666666667,21.566666666666666,39.06,1.0
2024-01-21 21:00:00,518.6666666666666,21.600000000000005,39.06,1.0
2024-01-21 21:30:00,507.3333333333333,21.566666666666666,39.06,1.0
2024-01-21 22:00:00,526.3333333333334,21.53333333333333,39.06,1.0
2024-01-21 22:30:00,512.0,21.633333333333336,39.06,1.0
2024-01-21 23:00:00,514.3333333333334,21.600000000000005,39.06,1.0
2024-01-21 23:30:00,530.5,21.65,39.06,1.0
2024-01-22 00:00:00,547.6666666666666,21.599999999999998,39.06,1.0
2024-01-22 00:30:00,519.0,21.600000000000005,39.06,1.0
2024-01-22 01:00:00,507.3333333333333,21.666666666666668,39.06,1.0
2024-01-22 01:30:00,495.3333333333333,21.566666666666666,39.06,1.0
2024-01-22 02:00:00,511.6666666666667,21.600000000000005,39.06,1.0
2024-01-22 02:30:00,492.6666666666667,21.633333333333336,39.06,1.0
2024-01-22 03:00:00,498.0,21.7,39.06,1.0
2024-01-22 03:30:00,491.6666666666667,21.7,39.06,1.0
2024-01-22 04:00:00,471.0,21.599999999999998,39.06,1.0
2024-01-22 04:30:00,488.6666666666667,21.666666666666668,39.06,1.0
2024-01-22 05:00:00,484.6666666666667,21.566666666666666,39.06,1.0
2024-01-22 05:30:00,421.3333333333333,21.600000000000005,39.06,1.0
2024-01-22 06:00:00,453.0,21.7,39.06,1.0
2024-01-22 06:30:00,454.3333333333333,21.633333333333336,39.06,1.0
2024-01-22 07:00:00,438.0,21.599999999999998,39.06,1.0
2024-01-22 07:30:00,421.6666666666667,21.666666666666668,39.06,1.0
2024-01-22 08:00:00,428.3333333333333,21.666666666666668,39.06,1.0
2024-01-22 08:30:00,479.6666666666667,21.666666666666668,39.190000000000005,1.0
2024-01-22 09:00:00,849.6666666666666,21.8,41.14333333333333,1.0
2024-01-22 09:30:00,1605.0,22.066666666666666,45.96333333333334,1.0
2024-01-22 10:00:00,1473.6666666666667,22.166666666666668,44.53,1.0
2024-01-22 10:30:00,1324.3333333333333,22.266666666666666,43.23,1.0
2024-01-22 11:00:00,1306.0,22.266666666666666,42.839999999999996,1.0
2024-01-22 11:30:00,1582.3333333333333,22.266666666666666,44.53,1.0
2024-01-22 12:00:00,1911.0,22.366666666666664,45.31,1.0
2024-01-22 12:30:00,2123.6666666666665,22.399999999999995,45.31,1.0
2024-01-22 13:00:00,2043.6666666666667,22.266666666666666,44.79,1.0
2024-01-22 13:30:00,1981.5,22.15,44.335,1.0
2024-01-22 14:00:00,1883.3333333333333,22.099999999999998,44.14000000000001,1.0
2024-01-22 14:30:00,1874.0,22.133333333333336,43.75,1.0
2024-01-22 15:00:00,2039.6666666666667,22.100000000000005,43.620000000000005,1.0
2024-01-22 15:30:00,2202.6666666666665,22.2,45.31,1.0
2024-01-22 16:00:00,2445.0,22.3,45.830000000000005,1.0
2024-01-22 16:30:00,2686.6666666666665,22.366666666666664,46.876666666666665,1.0
2024-01-22 17:00:00,2951.5,22.45,47.66,1.0
2024-01-22 17:30:00,3046.6666666666665,22.433333333333334,47.79,1.0
2024-01-22 18:00:00,2996.6666666666665,22.233333333333334,47.01,1.0
2024-01-22 18:30:00,2939.3333333333335,22.133333333333336,46.48,1.0
2024-01-22 19:00:00,2818.0,22.066666666666666,46.09,1.0
2024-01-22 19:30:00,2739.0,22.0,45.70000000000001,1.0
2024-01-22 20:00:00,2706.0,21.96666666666667,45.31,1.0
2024-01-22 20:30:00,2591.6666666666665,21.899999999999995,45.050000000000004,1.0
2024-01-22 21:00:00,2552.0,21.95,44.725,1.0
2024-01-22 21:30:00,2532.3333333333335,21.96666666666667,44.53,1.0
2024-01-22 22:00:00,2482.6666666666665,21.933333333333334,44.4,1.0
2024-01-22 22:30:00,2446.0,21.899999999999995,44.14000000000001,1.0
2024-01-22 23:00:00,2402.6666666666665,21.899999999999995,44.01,1.0
2024-01-22 23:30:00,2313.3333333333335,21.933333333333334,43.75,1.0
2024-01-23 00:00:00,2316.6666666666665,21.899999999999995,43.620000000000005,1.0
2024-01-23 00:30:00,2225.3333333333335,21.96666666666667,43.49,1.0
2024-01-23 01:00:00,2156.6666666666665,21.833333333333332,43.35999999999999,
2024-01-23 01:30:00,2091.3333333333335,21.899999999999995,43.23,1.0
2024-01-23 02:00:00,2056.6666666666665,21.833333333333332,43.1,1.0
2024-01-23 02:30:00,1982.3333333333333,21.833333333333332,42.97,1.0
2024-01-23 03:00:00,1958.0,21.833333333333332,42.97,1.0
2024-01-23 03:30:00,1935.0,21.833333333333332,42.97,1.0
2024-01-23 04:00:00,1923.6666666666667,21.8,42.97,1.0
2024-01-23 04:30:00,1905.6666666666667,21.866666666666664,42.58,1.0
2024-01-23 05:00:00,1843.0,21.833333333333332,42.58,1.0
2024-01-23 05:30:00,1829.6666666666667,21.8,42.58,1.0
2024-01-23 06:00:00,1763.6666666666667,21.866666666666664,42.58,1.0
2024-01-23 06:30:00,1726.3333333333333,21.833333333333332,42.449999999999996,1.0
2024-01-23 07:00:00,1681.6666666666667,21.8,42.32,1.0
2024-01-23 07:30:00,1634.6666666666667,21.8,42.19,1.0
2024-01-23 08:00:00,1599.3333333333333,21.833333333333332,42.19,1.0
2024-01-23 08:30:00,1542.0,21.833333333333332,42.19,1.0
2024-01-23 09:00:00,1566.0,21.899999999999995,42.19,1.0
2024-01-23 09:30:00,1516.5,21.85,42.19,1.0
2024-01-23 10:00:00,1464.5,21.9,42.19,1.0
2024-01-23 10:30:00,1446.0,21.96666666666667,42.19,1.0
2024-01-23 11:00:00,1422.6666666666667,21.900000000000002,42.19,1.0
2024-01-23 11:30:00,1386.6666666666667,21.933333333333334,41.93,1.0
2024-01-23 12:00:00,1375.6666666666667,21.899999999999995,41.93,1.0
2024-01-23 12:30:00,1354.0,21.899999999999995,42.059999999999995,1.0
2024-01-23 13:00:00,1347.3333333333333,21.933333333333334,41.8,1.0
2024-01-23 13:30:00,1303.0,21.933333333333334,41.8,1.0
2024-01-23 14:00:00,1295.6666666666667,21.933333333333334,41.8,1.0
2024-01-23 14:30:00,1285.6666666666667,22.0,41.8,1.0
2024-01-23 15:00:00,1207.6666666666667,21.933333333333334,41.8,1.0
2024-01-23 15:30:00,1236.0,21.933333333333334,41.8,1.0
2024-01-23 16:00:00,1193.6666666666667,21.96666666666667,41.8,1.0
2024-01-23 16:30:00,1160.3333333333333,21.933333333333334,41.8,1.0
2024-01-23 17:00:00,1155.6666666666667,21.933333333333334,41.8,1.0
2024-01-23 17:30:00,1213.0,21.933333333333334,41.669999999999995,1.0
2024-01-23 18:00:00,1127.3333333333333,21.899999999999995,41.54,1.0
2024-01-23 18:30:00,1136.6666666666667,21.933333333333334,41.8,1.0
2024-01-23 19:00:00,1075.3333333333333,21.900000000000002,41.41,1.0
2024-01-23 19:30:00,1097.0,21.866666666666664,41.41,1.0
2024-01-23 20:00:00,1073.3333333333333,21.866666666666664,41.41,1.0
2024-01-23 20:30:00,1044.6666666666667,21.866666666666664,41.41,1.0
2024-01-23 21:00:00,1073.3333333333333,21.866666666666664,41.41,1.0
2024-01-23 21:30:00,1038.0,21.866666666666664,41.41,1.0
2024-01-23 22:00:00,1053.6666666666667,21.8,41.41,1.0
2024-01-23 22:30:00,1033.6666666666667,21.833333333333332,41.41,1.0
2024-01-23 23:00:00,961.3333333333334,21.866666666666664,41.41,1.0
2024-01-23 23:30:00,955.0,21.8,41.41,1.0
2024-01-24 00:00:00,922.3333333333334,21.8,41.41,1.0
2024-01-24 00:30:00,916.3333333333334,21.8,41.41,1.0
2024-01-24 01:00:00,929.0,21.833333333333332,41.28,1.0
2024-01-24 01:30:00,908.6666666666666,21.833333333333332,41.02,1.0
2024-01-24 02:00:00,895.5,21.85,41.215,1.0
2024-01-24 02:30:00,902.0,21.866666666666664,41.02,1.0
2024-01-24 03:00:00,909.6666666666666,21.8,41.02,1.0
2024-01-24 03:30:00,865.0,21.8,41.215,1.0
2024-01-24 04:00:00,862.0,21.866666666666664,41.15,1.0
2024-01-24 04:30:00,886.0,21.866666666666664,41.02,1.0
2024-01-24 05:00:00,841.6666666666666,21.8,41.02,1.0
2024-01-24 05:30:00,805.3333333333334,21.8,41.02,1.0
2024-01-24 06:00:00,798.6666666666666,21.8,41.02,1.0
2024-01-24 06:30:00,810.5,21.8,41.02,1.0
2024-01-24 07:00:00,792.0,21.766666666666666,41.02,1.0
2024-01-24 07:30:00,768.6666666666666,21.766666666666666,41.28,1.0
2024-01-24 08:00:00,784.3333333333334,21.833333333333332,41.15,1.0
2024-01-24 08:30:00,793.6666666666666,21.866666666666664,41.15,1.0
2024-01-24 09:00:00,819.3333333333334,21.833333333333332,41.410000000000004,1.0
2024-01-24 09:30:00,1090.0,22.15,43.555,1.0
2024-01-24 10:00:00,1191.0,22.3,44.01,1.0
2024-01-24 10:30:00,1173.3333333333333,22.333333333333332,43.75,1.0
2024-01-24 11:00:00,1184.0,22.433333333333334,43.620000000000005,1.0
2024-01-24 11:30:00,1322.6666666666667,22.46666666666667,44.27,1.0
2024-01-24 12:00:00,1614.0,22.600000000000005,45.18000000000001,1.0
2024-01-24 12:30:00,1857.3333333333333,22.600000000000005,46.09,1.0
2024-01-24 13:00:00,2154.0,22.6,47.075,1.0
2024-01-24 13:30:00,1981.6666666666667,22.7,46.61333333333334,1.0
2024-01-24 14:00:00,2314.6666666666665,22.866666666666664,48.18,1.0
2024-01-24 14:30:00,2946.3333333333335,22.866666666666664,50.0,1.0
2024-01-24 15:00:00,3372.0,22.899999999999995,50.78,1.0
2024-01-24 15:30:00,3544.0,22.833333333333332,51.04,1.0
2024-01-24 16:00:00,3700.6666666666665,22.8,51.43000000000001,1.0
2024-01-24 16:30:00,3927.3333333333335,22.766666666666666,51.56,1.0
2024-01-24 17:00:00,3751.3333333333335,22.599999999999998,50.52,1.0
2024-01-24 17:30:00,3713.5,22.4,49.61,1.0
2024-01-24 18:00:00,3485.6666666666665,22.333333333333332,49.089999999999996,1.0
2024-01-24 18:30:00,3444.0,22.3,48.699999999999996,1.0
2024-01-24 19:00:00,3365.6666666666665,22.2,48.830000000000005,1.0
2024-01-24 19:30:00,3577.3333333333335,22.3,50.65,1.0
2024-01-24 20:00:00,3524.0,22.266666666666666,50.26,1.0
2024-01-24 20:30:00,3441.5,22.25,50.0,1.0
2024-01-24 21:00:00,3355.3333333333335,22.166666666666668,50.0,1.0
2024-01-24 21:30:00,3214.6666666666665,22.133333333333336,49.60999999999999,1.0
2024-01-24 22:00:00,3082.0,22.066666666666666,49.60999999999999,1.0
2024-01-24 22:30:00,3072.0,22.100000000000005,49.22,1.0
2024-01-24 23:00:00,2966.3333333333335,22.100000000000005,49.22,1.0
2024-01-24 23:30:00,2872.3333333333335,22.066666666666666,49.089999999999996,1.0
2024-01-25 00:00:00,2761.6666666666665,22.03333333333333,48.830000000000005,1.0
2024-01-25 00:30:00,2752.6666666666665,22.0,48.830000000000005,1.0
2024-01-25 01:00:00,2650.0,22.066666666666666,48.44,1.0
2024-01-25 01:30:00,2569.0,22.0,48.44,1.0
2024-01-25 02:00:00,2433.0,22.0,48.18,1.0
2024-01-25 02:30:00,2433.0,22.0,48.04999999999999,1.0
2024-01-25 03:00:00,2368.3333333333335,22.0,47.66,1.0
2024-01-25 03:30:00,2276.0,22.0,47.66,1.0
2024-01-25 04:00:00,2226.6666666666665,21.96666666666667,47.27,1.0
2024-01-25 04:30:00,2187.0,21.96666666666667,47.27,1.0
2024-01-25 05:00:00,2153.3333333333335,21.899999999999995,46.88,1.0
2024-01-25 05:30:00,2115.6666666666665,21.933333333333334,46.88,1.0
2024-01-25 06:00:00,2008.3333333333333,21.899999999999995,46.61333333333334,1.0
2024-01-25 06:30:00,1961.3333333333333,21.899999999999995,46.48,1.0
2024-01-25 07:00:00,1853.0,21.933333333333334,46.09,1.0
2024-01-25 07:30:00,1880.0,21.899999999999995,46.09,1.0
2024-01-25 08:00:00,1842.6666666666667,21.933333333333334,45.96,1.0
2024-01-25 08:30:00,1791.3333333333333,21.899999999999995,45.830000000000005,1.0
2024-01-25 09:00:00,1001.3333333333334,21.900000000000002,44.53,0.0
2024-01-25 09:30:00,482.0,21.53333333333333,39.45,0.0
2024-01-25 10:00:00,466.0,21.433333333333334,36.98,0.0
2024-01-25 10:30:00,446.0,21.35,35.745,0.0
2024-01-25 11:00:00,419.3333333333333,21.3,35.55,0.0
2024-01-25 11:30:00,431.6666666666667,21.3,35.29,0.0
2024-01-25 12:00:00,445.3333333333333,21.233333333333334,35.55,0.0
2024-01-25 12:30:00,438.3333333333333,21.2,35.419999999999995,0.0
2024-01-25 13:00:00,446.0,21.2,35.419999999999995,0.0
2024-01-25 13:30:00,437.6666666666667,21.133333333333336,35.55,0.0
2024-01-25 14:00:00,447.3333333333333,21.133333333333336,35.29,0.0
2024-01-25 14:30:00,427.3333333333333,21.066666666666666,35.16,0.0
2024-01-25 15:00:00,448.0,21.0,34.9,0.0
2024-01-25 15:30:00,424.3333333333333,20.866666666666664,34.77,0.0
2024-01-25 16:00:00,430.0,20.733333333333334,35.03,0.0
2024-01-25 16:30:00,440.6666666666667,20.633333333333336,35.68,0.0
2024-01-25 17:00:00,426.3333333333333,20.566666666666666,35.94,0.0
2024-01-25 17:30:00,418.3333333333333,20.5,35.68,0.0
2024-01-25 18:00:00,411.6666666666667,20.3,35.55,0.0
2024-01-25 18:30:00,446.6666666666667,20.233333333333334,35.419999999999995,0.0
2024-01-25 19:00:00,445.5,20.2,35.55,0.0
2024-01-25 19:30:00,411.5,20.125,35.25749999999999,0.0
2024-01-25 20:00:00,429.5,20.05,34.77,0.0
2024-01-25 20:30:00,441.6666666666667,20.0,34.64000000000001,0.0
2024-01-25 21:00:00,434.3333333333333,19.833333333333332,34.11333333333334,0.0
2024-01-25 21:30:00,402.0,19.8,34.11333333333334,0.0
2024-01-25 22:00:00,398.6666666666667,19.8,33.98,0.0
2024-01-25 22:30:00,423.6666666666667,19.733333333333334,33.98,0.0
2024-01-25 23:00:00,424.0,19.566666666666666,34.11333333333334,0.0
2024-01-25 23:30:00,440.0,19.533333333333335,35.419999999999995,0.0
2024-01-26 00:00:00,430.5,19.55,36.33,0.0
2024-01-26 00:30:00,417.6666666666667,19.433333333333334,36.589999999999996,0.0
2024-01-26 01:00:00,456.3333333333333,19.5,36.72,0.0
2024-01-26 01:30:00,452.3333333333333,19.533333333333335,36.72,0.0
2024-01-26 02:00:00,453.3333333333333,19.466666666666665,36.98,0.0
2024-01-26 02:30:00,441.6666666666667,19.4,36.98,0.0
2024-01-26 03:00:00,455.6666666666667,19.4,36.85,0.0
2024-01-26 03:30:00,440.3333333333333,19.400000000000002,37.24,0.0
2024-01-26 04:00:00,455.6666666666667,19.366666666666664,37.5,0.0
2024-01-26 04:30:00,451.3333333333333,19.3,37.89,0.0
2024-01-26 05:00:00,447.3333333333333,19.266666666666666,37.89,0.0
2024-01-26 05:30:00,440.0,19.233333333333334,38.28,0.0
2024-01-26 06:00:00,440.6666666666667,19.1,38.410000000000004,0.0
2024-01-26 06:30:00,436.0,19.066666666666666,38.93,0.0
2024-01-26 07:00:00,421.3333333333333,18.833333333333332,39.45,0.0
2024-01-26 07:30:00,474.0,18.8,39.45,0.0
2024-01-26 08:00:00,446.6666666666667,18.766666666666666,40.1,0.0
2024-01-26 08:30:00,484.0,18.7,41.15,0.0
2024-01-26 09:00:00,471.0,18.466666666666665,41.93,0.0
2024-01-26 09:30:00,481.3333333333333,18.5,42.58,0.0
2024-01-26 10:00:00,469.6666666666667,18.466666666666665,42.71,0.0
2024-01-26 10:30:00,486.6666666666667,18.5,42.97,0.0
2024-01-26 11:00:00,548.6666666666666,18.433333333333334,43.879999999999995,1.0
2024-01-26 11:30:00,727.3333333333334,19.333333333333332,44.660000000000004,1.0
2024-01-26 12:00:00,990.3333333333334,20.400000000000002,45.050000000000004,1.0
2024-01-26 12:30:00,1234.6666666666667,21.0,45.70000000000001,1.0
2024-01-26 13:00:00,1352.6666666666667,21.433333333333334,44.919999999999995,1.0
2024-01-26 13:30:00,1427.6666666666667,21.666666666666668,45.050000000000004,1.0
2024-01-26 14:00:00,1669.3333333333333,21.8,45.70000000000001,1.0
2024-01-26 14:30:00,1808.0,22.133333333333336,45.830000000000005,1.0
2024-01-26 15:00:00,1882.3333333333333,22.2,46.35333333333333,1.0
2024-01-26 15:30:00,2266.0,22.233333333333334,47.66,1.0
2024-01-26 16:00:00,2510.0,22.2,48.56999999999999,1.0
2024-01-26 16:30:00,2838.0,22.2,49.48,1.0
2024-01-26 17:00:00,3096.0,22.166666666666668,50.129999999999995,1.0
2024-01-26 17:30:00,3404.0,22.133333333333336,50.65,1.0
2024-01-26 18:00:00,3555.3333333333335,22.100000000000005,51.04,1.0
2024-01-26 18:30:00,3646.0,22.066666666666666,51.04,1.0
2024-01-26 19:00:00,3862.6666666666665,22.099999999999998,51.43000000000001,1.0
2024-01-26 19:30:00,4097.333333333333,22.133333333333336,51.95000000000001,1.0
2024-01-26 20:00:00,4342.666666666667,22.100000000000005,53.25666666666667,1.0
2024-01-26 20:30:00,4472.666666666667,22.133333333333336,53.38666666666666,1.0
2024-01-26 21:00:00,4290.666666666667,22.066666666666666,52.080000000000005,1.0
2024-01-26 21:30:00,4057.3333333333335,21.933333333333334,51.300000000000004,1.0
2024-01-26 22:00:00,3943.0,21.9,50.585,1.0
2024-01-26 22:30:00,3764.3333333333335,21.833333333333332,49.74,1.0
2024-01-26 23:00:00,3587.3333333333335,21.833333333333332,49.22,1.0
2024-01-26 23:30:00,3383.3333333333335,21.8,48.56999999999999,1.0
2024-01-27 00:00:00,3273.6666666666665,21.766666666666666,48.18,1.0
2024-01-27 00:30:00,3119.6666666666665,21.766666666666666,47.79,1.0
2024-01-27 01:00:00,2994.3333333333335,21.8,47.27,1.0
2024-01-27 01:30:00,2914.3333333333335,21.766666666666666,46.88,1.0
2024-01-27 02:00:00,2801.0,21.733333333333334,46.74666666666667,1.0
2024-01-27 02:30:00,2724.3333333333335,21.766666666666666,46.48,1.0
2024-01-27 03:00:00,2657.0,21.75,46.48,1.0
2024-01-27 03:30:00,2615.3333333333335,21.7,46.09,1.0
2024-01-27 04:00:00,2483.3333333333335,21.7,46.09,1.0
2024-01-27 04:30:00,2397.3333333333335,21.766666666666666,45.70000000000001,1.0
2024-01-27 05:00:00,2359.6666666666665,21.733333333333334,45.70000000000001,1.0
2024-01-27 05:30:00,2263.3333333333335,21.766666666666666,45.44,1.0
2024-01-27 06:00:00,2214.0,21.733333333333334,45.31,1.0
2024-01-27 06:30:00,2136.0,21.8,45.18000000000001,1.0
2024-01-27 07:00:00,2078.0,21.7,44.919999999999995,1.0
2024-01-27 07:30:00,1985.6666666666667,21.766666666666666,44.919999999999995,1.0
2024-01-27 08:00:00,1939.6666666666667,21.766666666666666,44.79,1.0
2024-01-27 08:30:00,1889.6666666666667,21.766666666666666,44.53,1.0
2024-01-27 09:00:00,1798.0,21.766666666666666,44.53,1.0
2024-01-27 09:30:00,1777.0,21.7,44.53,1.0
2024-01-27 10:00:00,1763.5,21.75,44.53,1.0
2024-01-27 10:30:00,1697.3333333333333,21.766666666666666,44.27,1.0
2024-01-27 11:00:00,1666.3333333333333,21.8,44.14000000000001,1.0
2024-01-27 11:30:00,1623.0,21.8,44.14000000000001,1.0
2024-01-27 12:00:00,1603.6666666666667,21.8,44.14000000000001,1.0
2024-01-27 12:30:00,1566.0,21.8,44.14000000000001,1.0
2024-01-27 13:00:00,1504.0,21.833333333333332,44.14000000000001,1.0
2024-01-27 13:30:00,1492.3333333333333,21.8,44.14000000000001,1.0
2024-01-27 14:00:00,1448.6666666666667,21.766666666666666,44.14000000000001,1.0
2024-01-27 14:30:00,1427.0,21.766666666666666,44.01,1.0
2024-01-27 15:00:00,1412.0,21.8,43.75,1.0
2024-01-27 15:30:00,1383.0,21.733333333333334,44.01,1.0
2024-01-27 16:00:00,1350.6666666666667,21.733333333333334,43.75,1.0
2024-01-27 16:30:00,1320.3333333333333,21.766666666666666,43.75,1.0
2024-01-27 17:00:00,1266.6666666666667,21.733333333333334,43.75,1.0
2024-01-27 17:30:00,1285.6666666666667,21.733333333333334,43.75,1.0
2024-01-27 18:00:00,1229.6666666666667,21.7,43.75,1.0
2024-01-27 18:30:00,1200.3333333333333,21.733333333333334,43.75,1.0
2024-01-27 19:00:00,1188.6666666666667,21.766666666666666,43.75,1.0
2024-01-27 19:30:00,1163.0,21.7,43.49,1.0
2024-01-27 20:00:00,1144.3333333333333,21.8,43.35999999999999,1.0
2024-01-27 20:30:00,1134.0,21.8,43.35999999999999,1.0
2024-01-27 21:00:00,1085.6666666666667,21.766666666666666,43.35999999999999,1.0
2024-01-27 21:30:00,1092.3333333333333,21.766666666666666,43.35999999999999,1.0
2024-01-27 22:00:00,1057.0,21.75,43.36,1.0
2024-01-27 22:30:00,1048.6666666666667,21.8,43.35999999999999,1.0
2024-01-27 23:00:00,1036.0,21.766666666666666,43.35999999999999,1.0
2024-01-27 23:30:00,1038.0,21.8,43.35999999999999,1.0
2024-01-28 00:00:00,1022.3333333333334,21.733333333333334,43.35999999999999,1.0
2024-01-28 00:30:00,1018.3333333333334,21.766666666666666,43.35999999999999,1.0
2024-01-28 01:00:00,973.0,21.8,43.35999999999999,1.0
2024-01-28 01:30:00,960.6666666666666,21.8,43.35999999999999,1.0
2024-01-28 02:00:00,984.3333333333334,21.766666666666666,43.23,1.0
2024-01-28 02:30:00,968.0,21.8,43.35999999999999,1.0
2024-01-28 03:00:00,916.3333333333334,21.8,43.1,1.0
2024-01-28 03:30:00,935.3333333333334,21.766666666666666,42.97,1.0
2024-01-28 04:00:00,923.0,21.8,42.97,1.0
2024-01-28 04:30:00,908.3333333333334,21.766666666666666,42.97,1.0
2024-01-28 05:00:00,888.6666666666666,21.8,42.97,1.0
2024-01-28 05:30:00,895.3333333333334,21.766666666666666,42.97,1.0
2024-01-28 06:00:00,871.3333333333334,21.766666666666666,42.97,1.0
2024-01-28 06:30:00,876.3333333333334,21.766666666666666,42.97,1.0
2024-01-28 07:00:00,842.3333333333334,21.8,42.71,1.0
2024-01-28 07:30:00,851.5,21.7,42.775,1.0
2024-01-28 08:00:00,823.3333333333334,21.766666666666666,42.58,1.0
2024-01-28 08:30:00,798.3333333333334,21.833333333333332,42.71,1.0
2024-01-28 09:00:00,818.3333333333334,21.8,42.58,1.0
2024-01-28 09:30:00,794.6666666666666,21.8,42.58,1.0
2024-01-28 10:00:00,779.6666666666666,21.8,42.58,1.0
2024-01-28 10:30:00,758.6666666666666,21.766666666666666,42.58,1.0
2024-01-28 11:00:00,773.0,21.8,42.58,1.0
2024-01-28 11:30:00,731.6666666666666,21.8,42.58,1.0
2024-01-28 12:00:00,761.0,21.8,42.58,1.0
2024-01-28 12:30:00,759.0,21.833333333333332,42.58,1.0
2024-01-28 13:00:00,742.6666666666666,21.833333333333332,42.32,1.0
2024-01-28 13:30:00,729.0,21.8,42.32,1.0
2024-01-28 14:00:00,711.6666666666666,21.766666666666666,42.449999999999996,1.0
2024-01-28 14:30:00,735.6666666666666,21.733333333333334,42.19,1.0
2024-01-28 15:00:00,694.3333333333334,21.8,42.19,1.0
2024-01-28 15:30:00,695.0,21.766666666666666,42.32,1.0
2024-01-28 16:00:00,705.0,21.766666666666666,42.19,1.0
2024-01-28 16:30:00,638.3333333333334,21.766666666666666,42.19,1.0
2024-01-28 17:00:00,677.3333333333334,21.8,42.19,1.0
2024-01-28 17:30:00,662.0,21.733333333333334,42.19,1.0
2024-01-28 18:00:00,685.3333333333334,21.733333333333334,42.19,1.0
2024-01-28 18:30:00,664.0,21.7,42.19,1.0
2024-01-28 19:00:00,658.6666666666666,21.766666666666666,42.059999999999995,1.0
2024-01-28 19:30:00,659.3333333333334,21.8,42.059999999999995,1.0
2024-01-28 20:00:00,654.0,21.7,42.059999999999995,1.0
2024-01-28 20:30:00,638.6666666666666,21.7,42.19,1.0
2024-01-28 21:00:00,643.3333333333334,21.766666666666666,42.19,1.0
2024-01-28 21:30:00,617.6666666666666,21.766666666666666,42.19,1.0
2024-01-28 22:00:00,608.3333333333334,21.733333333333334,42.19,1.0
2024-01-28 22:30:00,627.6666666666666,21.733333333333334,42.19,1.0
2024-01-28 23:00:00,632.0,21.7,42.19,1.0
2024-01-28 23:30:00,638.6666666666666,21.766666666666666,42.059999999999995,1.0
2024-01-29 00:00:00,593.3333333333334,21.733333333333334,41.8,1.0
2024-01-29 00:30:00,614.0,21.766666666666666,41.8,1.0
2024-01-29 01:00:00,587.6666666666666,21.8,41.93,1.0
2024-01-29 01:30:00,625.3333333333334,21.8,41.8,1.0
2024-01-29 02:00:00,617.6666666666666,21.8,41.8,1.0
2024-01-29 02:30:00,601.0,21.75,41.8,1.0
2024-01-29 03:00:00,590.0,21.766666666666666,41.8,1.0
2024-01-29 03:30:00,602.0,21.8,41.8,1.0
2024-01-29 04:00:00,590.3333333333334,21.8,41.8,1.0
2024-01-29 04:30:00,564.0,21.766666666666666,41.8,1.0
2024-01-29 05:00:00,579.0,21.766666666666666,41.8,1.0
2024-01-29 05:30:00,615.3333333333334,21.733333333333334,41.8,1.0
2024-01-29 06:00:00,587.3333333333334,21.7,41.8,1.0
2024-01-29 06:30:00,579.6666666666666,21.7,41.8,1.0
2024-01-29 07:00:00,586.3333333333334,21.7,41.54,1.0
2024-01-29 07:30:00,591.6666666666666,21.7,41.41,1.0
2024-01-29 08:00:00,557.6666666666666,21.7,41.41,1.0
2024-01-29 08:30:00,544.3333333333334,21.733333333333334,41.41,1.0
2024-01-29 09:00:00,525.6666666666666,21.733333333333334,41.41,1.0
2024-01-29 09:30:00,528.3333333333334,21.7,41.15,1.0
2024-01-29 10:00:00,531.0,21.766666666666666,41.02,1.0
2024-01-29 10:30:00,529.0,21.8,41.02,1.0
2024-01-29 11:00:00,537.3333333333334,21.833333333333332,41.02,1.0
2024-01-29 11:30:00,588.0,21.8,41.02,1.0
2024-01-29 12:00:00,599.0,21.833333333333332,41.02,1.0
2024-01-29 12:30:00,623.0,21.833333333333332,41.02,1.0
2024-01-29 13:00:00,633.0,21.866666666666664,41.28,1.0
2024-01-29 13:30:00,700.0,21.899999999999995,41.15,1.0
2024-01-29 14:00:00,758.0,21.899999999999995,41.016666666666666,0.75
2024-01-29 14:30:00,1708.3333333333333,22.3,45.70333333333334,1.0
2024-01-29 15:00:00,1806.0,22.433333333333334,45.31,1.0
2024-01-29 15:30:00,1766.6666666666667,22.266666666666666,44.53,1.0
2024-01-29 16:00:00,1285.3333333333333,22.3,40.10333333333333,1.0
2024-01-29 16:30:00,1420.3333333333333,22.333333333333332,40.75333333333333,1.0
2024-01-29 17:00:00,1394.0,22.133333333333336,41.28,1.0
2024-01-29 17:30:00,1300.0,22.0,41.41,1.0
2024-01-29 18:00:00,1267.0,21.96666666666667,41.41,1.0
2024-01-29 18:30:00,1269.3333333333333,21.899999999999995,41.41,1.0
2024-01-29 19:00:00,1202.0,21.96666666666667,41.41,1.0
2024-01-29 19:30:00,1232.3333333333333,21.933333333333334,41.669999999999995,1.0
2024-01-29 20:00:00,1246.3333333333333,21.833333333333332,41.8,1.0
2024-01-29 20:30:00,1175.6666666666667,21.933333333333334,41.8,1.0
2024-01-29 21:00:00,1148.0,21.833333333333332,41.8,1.0
2024-01-29 21:30:00,1129.5,21.9,41.8,1.0
2024-01-29 22:00:00,1104.3333333333333,21.866666666666664,41.8,1.0
2024-01-29 22:30:00,1087.3333333333333,21.866666666666664,41.8,1.0
2024-01-29 23:00:00,1069.0,21.899999999999995,41.8,1.0
2024-01-29 23:30:00,1049.0,21.866666666666664,41.669999999999995,1.0
2024-01-30 00:00:00,1078.6666666666667,21.866666666666664,41.669999999999995,1.0
2024-01-30 00:30:00,1033.0,21.866666666666664,41.54,1.0
2024-01-30 01:00:00,1021.3333333333334,21.833333333333332,41.669999999999995,1.0
2024-01-30 01:30:00,1020.0,21.8,41.8,1.0
2024-01-30 02:00:00,1035.5,21.9,41.605,1.0
2024-01-30 02:30:00,974.75,21.875,41.7025,1.0
2024-01-30 03:00:00,986.0,21.9,41.8,1.0
2024-01-30 03:30:00,952.6666666666666,21.866666666666664,41.41,1.0
2024-01-30 04:00:00,935.3333333333334,21.8,41.41,1.0
2024-01-30 04:30:00,894.6666666666666,21.833333333333332,41.8,1.0
2024-01-30 05:00:00,920.6666666666666,21.866666666666664,41.54,1.0
2024-01-30 05:30:00,929.3333333333334,21.899999999999995,41.54,1.0
2024-01-30 06:00:00,901.6666666666666,21.866666666666664,41.54,1.0
2024-01-30 06:30:00,894.0,21.8,41.41,1.0
2024-01-30 07:00:00,866.3333333333334,21.866666666666664,41.41,1.0
2024-01-30 07:30:00,859.6666666666666,21.899999999999995,41.669999999999995,1.0
2024-01-30 08:00:00,848.0,21.899999999999995,41.8,1.0
2024-01-30 08:30:00,811.3333333333334,21.833333333333332,41.8,1.0
2024-01-30 09:00:00,848.0,21.833333333333332,42.19,1.0
2024-01-30 09:30:00,1030.3333333333333,21.933333333333334,44.14000000000001,1.0
2024-01-30 10:00:00,1408.6666666666667,22.099999999999998,46.09,1.0
2024-01-30 10:30:00,1544.3333333333333,22.233333333333334,46.35333333333333,1.0
2024-01-30 11:00:00,1814.3333333333333,22.3,47.27,1.0
2024-01-30 11:30:00,1618.0,22.366666666666664,45.96,1.0
2024-01-30 12:00:00,1538.6666666666667,22.5,44.79,1.0
2024-01-30 12:30:00,1547.6666666666667,22.53333333333333,44.4,1.0
2024-01-30 13:00:00,1697.0,22.46666666666667,45.050000000000004,1.0
2024-01-30 13:30:00,1971.3333333333333,22.46666666666667,46.876666666666665,1.0
2024-01-30 14:00:00,2196.0,22.5,47.66,1.0
2024-01-30 14:30:00,2500.3333333333335,22.566666666666666,48.44,1.0
2024-01-30 15:00:00,2785.3333333333335,22.600000000000005,49.74,1.0
2024-01-30 15:30:00,2323.3333333333335,22.566666666666666,47.656666666666666,1.0
2024-01-30 16:00:00,2276.3333333333335,22.566666666666666,48.18,1.0
2024-01-30 16:30:00,2617.6666666666665,22.600000000000005,50.129999999999995,1.0
2024-01-30 17:00:00,2952.3333333333335,22.633333333333336,51.56,1.0
2024-01-30 17:30:00,2337.0,22.633333333333336,48.04333333333333,1.0
2024-01-30 18:00:00,2055.6666666666665,22.633333333333336,48.050000000000004,1.0
2024-01-30 18:30:00,2374.0,22.7,49.870000000000005,1.0
2024-01-30 19:00:00,2670.0,22.7,51.04,1.0
2024-01-30 19:30:00,2880.6666666666665,22.733333333333334,51.69,1.0
2024-01-30 20:00:00,3121.6666666666665,22.666666666666668,51.95000000000001,1.0
2024-01-30 20:30:00,3011.5,22.45,50.975,1.0
2024-01-30 21:00:00,2930.0,22.366666666666664,50.26,1.0
2024-01-30 21:30:00,2850.3333333333335,22.266666666666666,49.870000000000005,1.0
2024-01-30 22:00:00,2753.0,22.166666666666668,49.48,1.0
2024-01-30 22:30:00,2657.6666666666665,22.166666666666668,49.089999999999996,1.0
2024-01-30 23:00:00,2569.3333333333335,22.100000000000005,48.830000000000005,1.0
2024-01-30 23:30:00,2487.3333333333335,22.100000000000005,48.44,1.0
2024-01-31 00:00:00,2427.3333333333335,22.066666666666666,48.04999999999999,1.0
2024-01-31 00:30:00,2370.3333333333335,22.03333333333333,47.79,1.0
2024-01-31 01:00:00,2269.3333333333335,22.0,47.4,1.0
2024-01-31 01:30:00,2222.3333333333335,22.03333333333333,47.27,1.0
2024-01-31 02:00:00,2150.0,22.0,46.88,1.0
2024-01-31 02:30:00,2132.6666666666665,22.066666666666666,46.88,1.0
2024-01-31 03:00:00,2031.0,22.066666666666666,46.61333333333334,1.0
2024-01-31 03:30:00,2022.3333333333333,22.03333333333333,46.48,1.0
2024-01-31 04:00:00,1904.3333333333333,21.96666666666667,46.35,1.0
2024-01-31 04:30:00,1898.3333333333333,22.0,46.09,1.0
2024-01-31 05:00:00,1861.6666666666667,22.0,46.09,1.0
2024-01-31 05:30:00,1769.0,22.0,45.70000000000001,1.0
2024-01-31 06:00:00,1714.3333333333333,21.96666666666667,45.70000000000001,1.0
2024-01-31 06:30:00,1663.6666666666667,22.0,45.70000000000001,1.0
2024-01-31 07:00:00,1597.6666666666667,21.96666666666667,45.31,1.0
2024-01-31 07:30:00,1566.6666666666667,22.0,45.31,1.0
2024-01-31 08:00:00,1539.6666666666667,21.96666666666667,45.050000000000004,1.0
2024-01-31 08:30:00,1529.0,21.96666666666667,45.050000000000004,1.0
2024-01-31 09:00:00,1484.3333333333333,22.0,44.79,1.0
2024-01-31 09:30:00,1421.3333333333333,22.0,44.53,1.0
2024-01-31 10:00:00,1389.6666666666667,22.0,44.27,1.0
2024-01-31 10:30:00,1291.6666666666667,21.96666666666667,44.01,1.0
2024-01-31 11:00:00,1299.0,22.066666666666666,44.01,1.0
2024-01-31 11:30:00,1250.3333333333333,22.03333333333333,43.75,1.0
2024-01-31 12:00:00,1258.6666666666667,22.166666666666668,43.620000000000005,1.0
2024-01-31 12:30:00,1218.5,22.15,43.36,1.0
2024-01-31 13:00:00,1229.0,22.233333333333334,43.35999999999999,1.0
2024-01-31 13:30:00,1194.0,22.2,43.35999999999999,1.0
2024-01-31 14:00:00,1176.3333333333333,22.166666666666668,43.35999999999999,1.0
2024-01-31 14:30:00,1153.6666666666667,22.100000000000005,43.35999999999999,1.0
2024-01-31 15:00:00,1100.3333333333333,22.066666666666666,43.35999999999999,1.0
2024-01-31 15:30:00,1106.0,22.066666666666666,43.35999999999999,1.0
2024-01-31 16:00:00,1117.3333333333333,22.066666666666666,43.35999999999999,1.0
2024-01-31 16:30:00,1089.6666666666667,22.03333333333333,43.35999999999999,1.0
2024-01-31 17:00:00,1112.3333333333333,22.066666666666666,43.35999999999999,1.0
2024-01-31 17:30:00,1072.6666666666667,21.96666666666667,43.35999999999999,1.0
2024-01-31 18:00:00,1047.3333333333333,22.0,43.1,1.0
2024-01-31 18:30:00,1049.6666666666667,22.03333333333333,42.97,1.0
2024-01-31 19:00:00,1057.0,22.03333333333333,42.97,1.0
2024-01-31 19:30:00,1024.6666666666667,22.03333333333333,43.23,1.0
2024-01-31 20:00:00,1015.3333333333334,21.933333333333334,43.1,1.0
2024-01-31 20:30:00,1022.6666666666666,21.96666666666667,42.97,1.0
2024-01-31 21:00:00,978.6666666666666,21.899999999999995,42.97,1.0
2024-01-31 21:30:00,1021.3333333333334,21.96666666666667,42.97,1.0
2024-01-31 22:00:00,974.3333333333334,21.933333333333334,42.97,1.0
2024-01-31 22:30:00,961.0,21.899999999999995,42.97,1.0
2024-01-31 23:00:00,955.0,21.933333333333334,42.97,1.0
2024-01-31 23:30:00,941.6666666666666,21.933333333333334,42.97,1.0
2024-02-01 00:00:00,894.3333333333334,21.899999999999995,42.97,1.0
2024-02-01 00:30:00,902.0,21.899999999999995,42.97,1.0
2024-02-01 01:00:00,913.3333333333334,21.899999999999995,42.97,1.0
2024-02-01 01:30:00,891.3333333333334,21.933333333333334,42.97,1.0
2024-02-01 02:00:00,897.6666666666666,21.899999999999995,42.97,1.0
2024-02-01 02:30:00,904.0,21.933333333333334,42.97,1.0
2024-02-01 03:00:00,886.6666666666666,21.899999999999995,42.97,1.0
2024-02-01 03:30:00,883.3333333333334,21.899999999999995,42.97,1.0
2024-02-01 04:00:00,884.6666666666666,21.933333333333334,42.97,1.0
2024-02-01 04:30:00,862.6666666666666,21.899999999999995,42.97,1.0
2024-02-01 05:00:00,854.0,21.899999999999995,42.97,1.0
2024-02-01 05:30:00,769.3333333333334,21.899999999999995,42.97,1.0
2024-02-01 06:00:00,828.0,21.900000000000002,42.97,1.0
2024-02-01 06:30:00,797.6666666666666,21.866666666666664,42.58,1.0
2024-02-01 07:00:00,788.3333333333334,21.899999999999995,42.58,1.0
2024-02-01 07:30:00,792.0,21.9,42.58,1.0
2024-02-01 08:00:00,766.3333333333334,21.933333333333334,42.58,1.0
2024-02-01 08:30:00,772.3333333333334,21.899999999999995,42.58,1.0
2024-02-01 09:00:00,923.6666666666666,22.0,43.35999999999999,1.0
2024-02-01 09:30:00,1315.6666666666667,22.333333333333332,45.44,1.0
2024-02-01 10:00:00,1330.3333333333333,22.600000000000005,44.01,1.0
2024-02-01 10:30:00,1564.6666666666667,22.633333333333336,45.18000000000001,1.0
2024-02-01 11:00:00,1763.6666666666667,22.633333333333336,45.96,1.0
2024-02-01 11:30:00,1988.3333333333333,22.5,47.01,1.0
2024-02-01 12:00:00,1840.3333333333333,22.5,45.57666666666666,1.0
2024-02-01 12:30:00,1467.6666666666667,22.599999999999998,43.23,1.0
2024-02-01 13:00:00,1658.3333333333333,22.566666666666666,44.53,1.0
2024-02-01 13:30:00,2074.3333333333335,22.666666666666668,46.09666666666667,1.0
2024-02-01 14:00:00,2369.0,22.633333333333336,47.4,1.0
2024-02-01 14:30:00,2668.0,22.666666666666668,48.830000000000005,1.0
2024-02-01 15:00:00,2810.3333333333335,22.633333333333336,48.830000000000005,1.0
2024-02-01 15:30:00,2979.6666666666665,22.600000000000005,49.35,1.0
2024-02-01 16:00:00,3146.6666666666665,22.600000000000005,49.74,1.0
2024-02-01 16:30:00,3427.6666666666665,22.600000000000005,50.39000000000001,1.0
2024-02-01 17:00:00,3553.3333333333335,22.666666666666668,50.52,1.0
2024-02-01 17:30:00,3677.3333333333335,22.600000000000005,50.39000000000001,1.0
2024-02-01 18:00:00,3494.0,22.433333333333334,49.48,1.0
2024-02-01 18:30:00,3367.6666666666665,22.3,48.96,1.0
2024-02-01 19:00:00,3398.3333333333335,22.3,49.35,1.0
2024-02-01 19:30:00,3538.6666666666665,22.366666666666664,50.52,1.0
2024-02-01 20:00:00,3439.3333333333335,22.333333333333332,49.74,1.0
2024-02-01 20:30:00,3419.3333333333335,22.233333333333334,49.48,1.0
2024-02-01 21:00:00,3187.3333333333335,22.133333333333336,49.22,1.0
2024-02-01 21:30:00,3122.6666666666665,22.133333333333336,48.830000000000005,1.0
2024-02-01 22:00:00,3058.3333333333335,22.066666666666666,48.699999999999996,1.0
2024-02-01 22:30:00,2880.0,22.066666666666666,48.44,1.0
2024-02-01 23:00:00,2829.3333333333335,22.0,48.18,1.0
2024-02-01 23:30:00,2678.0,22.0,48.04999999999999,1.0
2024-02-02 00:00:00,2685.3333333333335,22.0,47.66,1.0
2024-02-02 00:30:00,2571.3333333333335,21.96666666666667,47.66,1.0
2024-02-02 01:00:00,2493.5,22.0,47.66,1.0
2024-02-02 01:30:00,2436.0,21.96666666666667,47.27,1.0
2024-02-02 02:00:00,2347.6666666666665,22.0,47.27,1.0
2024-02-02 02:30:00,2326.0,21.96666666666667,46.88,1.0
2024-02-02 03:00:00,2320.6666666666665,21.96666666666667,46.88,1.0
2024-02-02 03:30:00,2123.5,21.95,46.48,1.0
2024-02-02 04:00:00,2113.0,22.0,46.48,1.0
2024-02-02 04:30:00,2044.3333333333333,21.96666666666667,46.48,1.0
2024-02-02 05:00:00,2023.3333333333333,21.96666666666667,46.48,1.0
2024-02-02 05:30:00,1988.6666666666667,21.933333333333334,46.09,1.0
2024-02-02 06:00:00,1922.0,21.96666666666667,46.09,1.0
2024-02-02 06:30:00,1860.3333333333333,21.933333333333334,46.09,1.0
2024-02-02 07:00:00,1790.6666666666667,21.96666666666667,45.96,1.0
2024-02-02 07:30:00,1819.6666666666667,21.933333333333334,45.70000000000001,1.0
2024-02-02 08:00:00,1705.0,21.899999999999995,45.70000000000001,1.0
2024-02-02 08:30:00,1673.0,21.933333333333334,45.70000000000001,1.0
2024-02-02 09:00:00,1630.3333333333333,21.96666666666667,45.70000000000001,1.0
2024-02-02 09:30:00,1594.6666666666667,21.933333333333334,45.70000000000001,1.0
2024-02-02 10:00:00,1561.0,21.95,45.505,1.0
2024-02-02 10:30:00,1471.3333333333333,22.0,45.18000000000001,1.0
2024-02-02 11:00:00,1414.6666666666667,22.2,44.79,1.0
2024-02-02 11:30:00,1426.3333333333333,22.366666666666664,44.53,1.0
2024-02-02 12:00:00,1357.6666666666667,22.333333333333332,44.53,1.0
2024-02-02 12:30:00,1406.3333333333333,22.2,44.919999999999995,1.0
2024-02-02 13:00:00,1349.0,22.166666666666668,44.919999999999995,1.0
2024-02-02 13:30:00,1346.6666666666667,22.166666666666668,44.919999999999995,1.0
2024-02-02 14:00:00,1352.6666666666667,22.100000000000005,44.919999999999995,1.0
2024-02-02 14:30:00,1349.3333333333333,22.166666666666668,45.050000000000004,1.0
2024-02-02 15:00:00,1314.5,22.05,45.115,1.0
2024-02-02 15:30:00,1283.3333333333333,22.066666666666666,45.18000000000001,1.0
2024-02-02 16:00:00,1277.3333333333333,22.0,45.31,1.0
2024-02-02 16:30:00,1243.6666666666667,22.0,45.18000000000001,1.0
2024-02-02 17:00:00,1254.0,22.066666666666666,45.18000000000001,1.0
2024-02-02 17:30:00,1199.0,22.03333333333333,44.919999999999995,1.0
2024-02-02 18:00:00,1261.3333333333333,22.100000000000005,44.919999999999995,1.0
2024-02-02 18:30:00,1200.3333333333333,22.100000000000005,44.919999999999995,1.0
2024-02-02 19:00:00,1185.0,22.066666666666666,44.919999999999995,1.0
2024-02-02 19:30:00,1157.0,22.066666666666666,44.919999999999995,1.0
2024-02-02 20:00:00,1164.3333333333333,22.100000000000005,44.919999999999995,1.0
2024-02-02 20:30:00,1128.3333333333333,22.066666666666666,44.919999999999995,1.0
2024-02-02 21:00:00,1114.0,22.03333333333333,44.919999999999995,1.0
2024-02-02 21:30:00,1141.3333333333333,22.066666666666666,44.919999999999995,1.0
2024-02-02 22:00:00,1092.6666666666667,22.100000000000005,44.79,1.0
2024-02-02 22:30:00,1096.6666666666667,22.0,44.660000000000004,1.0
2024-02-02 23:00:00,1065.0,22.066666666666666,44.53,1.0
2024-02-02 23:30:00,1039.6666666666667,22.0,44.53,1.0
2024-02-03 00:00:00,1046.0,22.05,44.53,1.0
2024-02-03 00:30:00,994.0,22.03333333333333,44.53,1.0
2024-02-03 01:00:00,981.0,22.0,44.53,1.0
2024-02-03 01:30:00,986.0,22.066666666666666,44.53,1.0
2024-02-03 02:00:00,964.3333333333334,22.066666666666666,44.53,1.0
2024-02-03 02:30:00,949.0,22.03333333333333,44.53,1.0
2024-02-03 03:00:00,938.6666666666666,22.03333333333333,44.53,1.0
2024-02-03 03:30:00,916.0,22.0,44.53,1.0
2024-02-03 04:00:00,899.0,22.0,44.53,1.0
2024-02-03 04:30:00,903.6666666666666,22.0,44.53,1.0
2024-02-03 05:00:00,886.6666666666666,22.03333333333333,44.53,1.0
2024-02-03 05:30:00,882.6666666666666,22.0,44.4,1.0
2024-02-03 06:00:00,889.6666666666666,22.0,44.53,1.0
2024-02-03 06:30:00,842.6666666666666,22.0,44.27,1.0
2024-02-03 07:00:00,836.6666666666666,22.0,44.53,1.0
2024-02-03 07:30:00,850.5,22.05,44.53,1.0
2024-02-03 08:00:00,822.3333333333334,22.03333333333333,44.27,1.0
2024-02-03 08:30:00,798.3333333333334,22.03333333333333,44.14000000000001,1.0
2024-02-03 09:00:00,783.0,22.03333333333333,44.14000000000001,1.0
2024-02-03 09:30:00,794.0,22.0,44.14000000000001,1.0
2024-02-03 10:00:00,779.6666666666666,22.0,44.14000000000001,1.0
2024-02-03 10:30:00,772.6666666666666,22.03333333333333,44.14000000000001,1.0
2024-02-03 11:00:00,773.6666666666666,22.066666666666666,44.14000000000001,1.0
2024-02-03 11:30:00,782.0,22.066666666666666,44.14000000000001,1.0
2024-02-03 12:00:00,746.6666666666666,22.03333333333333,44.14000000000001,1.0
2024-02-03 12:30:00,777.0,22.03333333333333,44.14000000000001,1.0
2024-02-03 13:00:00,751.0,22.066666666666666,44.14000000000001,1.0
2024-02-03 13:30:00,742.0,22.05,44.14,1.0
2024-02-03 14:00:00,729.0,22.0,44.14000000000001,1.0
2024-02-03 14:30:00,719.3333333333334,22.03333333333333,44.14000000000001,1.0
2024-02-03 15:00:00,730.0,22.03333333333333,44.14000000000001,1.0
2024-02-03 15:30:00,731.6666666666666,22.066666666666666,44.14000000000001,1.0
2024-02-03 16:00:00,740.3333333333334,22.03333333333333,44.14000000000001,1.0
2024-02-03 16:30:00,718.0,22.0,44.01,1.0
2024-02-03 17:00:00,678.6666666666666,22.0,44.01,1.0
2024-02-03 17:30:00,690.6666666666666,22.0,43.75,1.0
2024-02-03 18:00:00,660.6666666666666,22.03333333333333,43.75,1.0
2024-02-03 18:30:00,680.0,22.0,43.75,1.0
2024-02-03 19:00:00,675.0,21.933333333333334,43.75,1.0
2024-02-03 19:30:00,695.0,22.066666666666666,43.75,1.0
2024-02-03 20:00:00,681.0,22.03333333333333,43.75,1.0
2024-02-03 20:30:00,622.6666666666666,22.0,43.75,1.0
2024-02-03 21:00:00,652.3333333333334,22.03333333333333,43.75,1.0
2024-02-03 21:30:00,637.0,22.0,43.75,1.0
2024-02-03 22:00:00,613.6666666666666,22.0,43.620000000000005,1.0
2024-02-03 22:30:00,616.0,21.96666666666667,43.75,1.0
2024-02-03 23:00:00,625.3333333333334,21.96666666666667,43.620000000000005,1.0
2024-02-03 23:30:00,608.0,21.96666666666667,43.75,1.0
2024-02-04 00:00:00,666.0,21.96666666666667,43.620000000000005,1.0
2024-02-04 00:30:00,616.0,21.933333333333334,43.75,1.0
2024-02-04 01:00:00,634.0,21.899999999999995,43.35999999999999,1.0
2024-02-04 01:30:00,616.0,21.96666666666667,43.35999999999999,1.0
2024-02-04 02:00:00,583.3333333333334,21.933333333333334,43.35999999999999,1.0
2024-02-04 02:30:00,600.0,21.96666666666667,43.35999999999999,1.0
2024-02-04 03:00:00,575.0,21.96666666666667,43.35999999999999,1.0
2024-02-04 03:30:00,583.0,21.96666666666667,43.35999999999999,1.0
2024-02-04 04:00:00,588.3333333333334,21.933333333333334,43.35999999999999,1.0
2024-02-04 04:30:00,582.6666666666666,22.0,43.35999999999999,1.0
2024-02-04 05:00:00,584.6666666666666,21.96666666666667,43.35999999999999,1.0
2024-02-04 05:30:00,561.6666666666666,21.933333333333334,43.35999999999999,1.0
2024-02-04 06:00:00,588.0,21.899999999999995,43.35999999999999,1.0
2024-02-04 06:30:00,584.6666666666666,21.96666666666667,43.35999999999999,1.0
2024-02-04 07:00:00,588.0,21.933333333333334,43.35999999999999,1.0
2024-02-04 07:30:00,566.3333333333334,21.96666666666667,43.23,1.0
2024-02-04 08:00:00,563.0,22.0,43.35999999999999,1.0
2024-02-04 08:30:00,588.6666666666666,21.96666666666667,43.23,1.0
2024-02-04 09:00:00,580.6666666666666,21.899999999999995,43.35999999999999,1.0
2024-02-04 09:30:00,557.0,21.933333333333334,43.35999999999999,1.0
2024-02-04 10:00:00,577.3333333333334,21.933333333333334,43.1,1.0
2024-02-04 10:30:00,580.6666666666666,21.933333333333334,43.1,1.0
2024-02-04 11:00:00,570.0,21.96666666666667,43.1,1.0
2024-02-04 11:30:00,515.0,21.899999999999995,43.1,1.0
2024-02-04 12:00:00,523.3333333333334,21.933333333333334,43.1,1.0
2024-02-04 12:30:00,513.0,21.899999999999995,43.1,1.0
2024-02-04 13:00:00,508.5,21.9,42.97,1.0
2024-02-04 13:30:00,527.0,21.933333333333334,43.1,1.0
2024-02-04 14:00:00,520.3333333333334,21.96666666666667,43.1,1.0
2024-02-04 14:30:00,556.3333333333334,21.933333333333334,42.97,1.0
2024-02-04 15:00:00,550.3333333333334,21.899999999999995,43.1,1.0
2024-02-04 15:30:00,538.0,21.933333333333334,43.1,1.0
2024-02-04 16:00:00,533.0,21.899999999999995,43.1,1.0
2024-02-04 16:30:00,560.0,21.96666666666667,43.35999999999999,1.0
2024-02-04 17:00:00,526.3333333333334,21.899999999999995,42.97,1.0
2024-02-04 17:30:00,546.3333333333334,21.933333333333334,43.1,1.0
2024-02-04 18:00:00,522.6666666666666,21.899999999999995,42.97,1.0
2024-02-04 18:30:00,538.0,21.96666666666667,42.97,1.0
2024-02-04 19:00:00,552.6666666666666,21.933333333333334,42.97,1.0
2024-02-04 19:30:00,550.6666666666666,21.933333333333334,42.97,1.0
2024-02-04 20:00:00,522.6666666666666,21.900000000000002,42.97,1.0
2024-02-04 20:30:00,523.3333333333334,21.96666666666667,42.97,1.0
2024-02-04 21:00:00,527.0,21.9,42.97,1.0
2024-02-04 21:30:00,535.0,21.899999999999995,42.97,1.0
2024-02-04 22:00:00,537.6666666666666,21.899999999999995,42.97,1.0
2024-02-04 22:30:00,547.3333333333334,21.933333333333334,42.97,1.0
2024-02-04 23:00:00,534.0,21.96666666666667,42.97,1.0
2024-02-04 23:30:00,530.0,21.933333333333334,42.97,1.0
2024-02-05 00:00:00,555.0,21.933333333333334,42.97,1.0
2024-02-05 00:30:00,556.6666666666666,21.96666666666667,42.97,1.0
2024-02-05 01:00:00,542.0,21.933333333333334,42.97,1.0
2024-02-05 01:30:00,522.3333333333334,22.0,42.97,1.0
2024-02-05 02:00:00,546.3333333333334,21.933333333333334,42.97,1.0
2024-02-05 02:30:00,519.0,21.933333333333334,42.97,1.0
2024-02-05 03:00:00,512.0,21.96666666666667,42.97,1.0
2024-02-05 03:30:00,497.3333333333333,21.96666666666667,42.97,1.0
2024-02-05 04:00:00,488.3333333333333,21.96666666666667,42.97,1.0
2024-02-05 04:30:00,480.3333333333333,22.0,42.97,1.0
2024-02-05 05:00:00,479.6666666666667,21.933333333333334,42.97,1.0
2024-02-05 05:30:00,450.6666666666667,21.899999999999995,42.97,1.0
2024-02-05 06:00:00,457.6666666666667,21.96666666666667,42.97,1.0
2024-02-05 06:30:00,446.3333333333333,21.933333333333334,42.839999999999996,1.0
2024-02-05 07:00:00,495.0,21.96666666666667,42.97,1.0
2024-02-05 07:30:00,469.3333333333333,21.899999999999995,42.71,1.0
2024-02-05 08:00:00,479.0,21.933333333333334,42.58,1.0
2024-02-05 08:30:00,488.0,21.899999999999995,42.58,1.0
2024-02-05 09:00:00,453.0,21.933333333333334,42.58,1.0
2024-02-05 09:30:00,499.6666666666667,22.0,42.32,1.0
2024-02-05 10:00:00,467.6666666666667,22.0,42.19,1.0
2024-02-05 10:30:00,483.0,22.0,42.19,1.0
2024-02-05 11:00:00,476.0,22.0,42.32,1.0
2024-02-05 11:30:00,498.3333333333333,22.0,42.58,1.0
2024-02-05 12:00:00,497.6666666666667,21.96666666666667,42.58,1.0
2024-02-05 12:30:00,501.3333333333333,22.0,42.58,1.0
2024-02-05 13:00:00,543.3333333333334,22.0,42.58,1.0
2024-02-05 13:30:00,536.3333333333334,21.96666666666667,42.58,1.0
2024-02-05 14:00:00,549.0,22.03333333333333,42.58,1.0
2024-02-05 14:30:00,524.6666666666666,22.0,42.449999999999996,1.0
2024-02-05 15:00:00,570.0,22.0,42.58,1.0
2024-02-05 15:30:00,593.0,22.0,42.58,1.0
2024-02-05 16:00:00,579.3333333333334,21.96666666666667,42.58,1.0
2024-02-05 16:30:00,613.3333333333334,21.899999999999995,42.58,1.0
2024-02-05 17:00:00,591.6666666666666,21.96666666666667,42.19,1.0
2024-02-05 17:30:00,606.3333333333334,22.0,42.19,1.0
2024-02-05 18:00:00,574.0,21.96666666666667,42.19,1.0
2024-02-05 18:30:00,572.3333333333334,21.933333333333334,42.19,1.0
2024-02-05 19:00:00,576.6666666666666,21.96666666666667,42.19,1.0
2024-02-05 19:30:00,619.3333333333334,21.933333333333334,42.19,1.0
2024-02-05 20:00:00,613.3333333333334,21.899999999999995,42.19,1.0
2024-02-05 20:30:00,606.6666666666666,21.899999999999995,42.19,1.0
2024-02-05 21:00:00,590.3333333333334,21.933333333333334,42.19,1.0
2024-02-05 21:30:00,586.0,21.899999999999995,42.19,1.0
2024-02-05 22:00:00,632.6666666666666,21.899999999999995,42.19,
2024-02-05 22:30:00,627.6666666666666,21.899999999999995,42.19,1.0
2024-02-05 23:00:00,627.3333333333334,21.866666666666664,42.19,
2024-02-05 23:30:00,665.3333333333334,21.899999999999995,42.19,1.0
2024-02-06 00:00:00,656.0,21.833333333333332,42.19,1.0
2024-02-06 00:30:00,613.0,21.833333333333332,42.19,1.0
2024-02-06 01:00:00,616.3333333333334,21.833333333333332,42.19,1.0
2024-02-06 01:30:00,662.3333333333334,21.8,42.19,1.0
2024-02-06 02:00:00,624.0,21.833333333333332,42.19,1.0
2024-02-06 02:30:00,639.0,21.8,42.19,1.0
2024-02-06 03:00:00,618.0,21.866666666666664,42.19,1.0
2024-02-06 03:30:00,591.0,21.9,42.19,1.0
2024-02-06 04:00:00,597.6666666666666,21.8,42.19,1.0
2024-02-06 04:30:00,624.0,21.833333333333332,42.19,1.0
2024-02-06 05:00:00,608.3333333333334,21.8,42.19,1.0
2024-02-06 05:30:00,634.0,21.833333333333332,42.059999999999995,1.0
2024-02-06 06:00:00,604.3333333333334,21.833333333333332,41.93,1.0
2024-02-06 06:30:00,590.6666666666666,21.833333333333332,42.059999999999995,1.0
2024-02-06 07:00:00,571.3333333333334,21.833333333333332,41.93,1.0
2024-02-06 07:30:00,556.5,21.8,42.19,1.0
2024-02-06 08:00:00,585.3333333333334,21.8,42.19,1.0
2024-02-06 08:30:00,578.6666666666666,21.866666666666664,42.19,1.0
2024-02-06 09:00:00,590.3333333333334,21.8,42.19,1.0
2024-02-06 09:30:00,563.0,21.8,42.19,1.0
2024-02-06 10:00:00,575.0,21.8,42.19,1.0
2024-02-06 10:30:00,591.6666666666666,21.866666666666664,42.19,1.0
2024-02-06 11:00:00,586.0,21.900000000000002,42.19,1.0
2024-02-06 11:30:00,585.3333333333334,21.933333333333334,42.19,1.0
2024-02-06 12:00:00,590.0,21.96666666666667,42.32,1.0
2024-02-06 12:30:00,586.0,21.866666666666664,42.58,1.0
2024-02-06 13:00:00,619.0,21.9,42.58,1.0
2024-02-06 13:30:00,635.6666666666666,21.899999999999995,42.58,1.0
2024-02-06 14:00:00,634.6666666666666,22.0,42.58,1.0
2024-02-06 14:30:00,660.3333333333334,21.899999999999995,42.58,1.0
2024-02-06 15:00:00,656.0,21.899999999999995,42.58,1.0
2024-02-06 15:30:00,603.3333333333334,21.899999999999995,42.71,1.0
2024-02-06 16:00:00,612.3333333333334,21.899999999999995,42.839999999999996,1.0
2024-02-06 16:30:00,629.3333333333334,21.933333333333334,42.839999999999996,1.0
2024-02-06 17:00:00,603.0,21.899999999999995,42.97,1.0
2024-02-06 17:30:00,588.0,21.899999999999995,42.839999999999996,1.0
2024-02-06 18:00:00,628.3333333333334,21.899999999999995,42.839999999999996,1.0
2024-02-06 18:30:00,617.6666666666666,21.933333333333334,42.71,1.0
2024-02-06 19:00:00,603.6666666666666,21.96666666666667,42.58,1.0
2024-02-06 19:30:00,606.6666666666666,21.933333333333334,42.839999999999996,1.0
2024-02-06 20:00:00,582.0,21.933333333333334,42.839999999999996,1.0
2024-02-06 20:30:00,643.0,21.96666666666667,42.71,1.0
2024-02-06 21:00:00,610.3333333333334,21.899999999999995,42.839999999999996,1.0
2024-02-06 21:30:00,620.6666666666666,21.899999999999995,42.58,1.0
2024-02-06 22:00:00,608.6666666666666,21.899999999999995,42.58,1.0
2024-02-06 22:30:00,577.6666666666666,21.899999999999995,42.58,1.0
2024-02-06 23:00:00,596.6666666666666,21.899999999999995,42.71,1.0
2024-02-06 23:30:00,571.6666666666666,21.933333333333334,42.58,1.0
2024-02-07 00:00:00,582.0,21.933333333333334,42.58,1.0
2024-02-07 00:30:00,574.6666666666666,21.899999999999995,42.58,1.0
2024-02-07 01:00:00,561.6666666666666,21.933333333333334,42.58,1.0
2024-02-07 01:30:00,568.6666666666666,21.866666666666664,42.58,1.0
2024-02-07 02:00:00,531.3333333333334,21.899999999999995,42.58,1.0
2024-02-07 02:30:00,572.0,21.96666666666667,42.58,1.0
2024-02-07 03:00:00,585.3333333333334,21.933333333333334,42.58,1.0
2024-02-07 03:30:00,567.3333333333334,21.8,42.58,1.0
2024-02-07 04:00:00,572.6666666666666,21.8,42.58,1.0
2024-02-07 04:30:00,578.0,21.833333333333332,42.58,1.0
2024-02-07 05:00:00,564.6666666666666,21.866666666666664,42.58,1.0
2024-02-07 05:30:00,542.6666666666666,21.866666666666664,42.58,1.0
2024-02-07 06:00:00,523.6666666666666,21.8,42.58,1.0
2024-02-07 06:30:00,550.3333333333334,21.866666666666664,42.449999999999996,1.0
2024-02-07 07:00:00,556.6666666666666,21.833333333333332,42.19,1.0
2024-02-07 07:30:00,526.0,21.833333333333332,42.19,1.0
2024-02-07 08:00:00,540.3333333333334,21.833333333333332,42.19,1.0
2024-02-07 08:30:00,550.6666666666666,21.866666666666664,42.19,1.0
2024-02-07 09:00:00,526.3333333333334,21.8,42.19,1.0
2024-02-07 09:30:00,555.6666666666666,21.866666666666664,42.19,1.0
2024-02-07 10:00:00,533.0,21.866666666666664,42.19,1.0
2024-02-07 10:30:00,584.6666666666666,21.933333333333334,41.669999999999995,1.0
2024-02-07 11:00:00,552.6666666666666,22.0,41.669999999999995,1.0
2024-02-07 11:30:00,600.0,22.0,41.41,1.0
2024-02-07 12:00:00,630.3333333333334,22.066666666666666,41.41,1.0
2024-02-07 12:30:00,582.0,22.0,41.54,1.0
2024-02-07 13:00:00,621.0,22.03333333333333,41.54,1.0
2024-02-07 13:30:00,617.0,21.96666666666667,41.669999999999995,1.0
2024-02-07 14:00:00,644.6666666666666,21.933333333333334,41.54,1.0
2024-02-07 14:30:00,612.0,21.96666666666667,41.41,1.0
2024-02-07 15:00:00,604.6666666666666,21.933333333333334,41.669999999999995,1.0
2024-02-07 15:30:00,603.6666666666666,21.833333333333332,41.41,1.0
2024-02-07 16:00:00,638.6666666666666,21.899999999999995,41.41,1.0
2024-02-07 16:30:00,631.3333333333334,21.8,41.41,1.0
2024-02-07 17:00:00,618.6666666666666,21.8,41.41,1.0
2024-02-07 17:30:00,640.6666666666666,21.8,41.41,1.0
2024-02-07 18:00:00,607.6666666666666,21.8,41.41,1.0
2024-02-07 18:30:00,624.0,21.899999999999995,41.02,1.0
2024-02-07 19:00:00,628.6666666666666,21.866666666666664,41.15,1.0
2024-02-07 19:30:00,630.3333333333334,21.833333333333332,41.41,1.0
2024-02-07 20:00:00,661.0,21.8,41.41,1.0
2024-02-07 20:30:00,622.6666666666666,21.866666666666664,41.28,1.0
2024-02-07 21:00:00,653.0,21.8,41.28,1.0
2024-02-07 21:30:00,648.0,21.766666666666666,41.41,1.0
2024-02-07 22:00:00,627.6666666666666,21.8,41.41,1.0
2024-02-07 22:30:00,620.0,21.8,41.28,1.0
2024-02-07 23:00:00,614.6666666666666,21.733333333333334,41.41,1.0
2024-02-07 23:30:00,615.5,21.75,41.41,1.0
2024-02-08 00:00:00,616.0,21.733333333333334,41.41,1.0
2024-02-08 00:30:00,628.6666666666666,21.8,41.28,1.0
2024-02-08 01:00:00,602.0,21.733333333333334,41.41,1.0
2024-02-08 01:30:00,638.0,21.8,41.41,1.0
2024-02-08 02:00:00,634.0,21.766666666666666,41.41,1.0
2024-02-08 02:30:00,626.6666666666666,21.766666666666666,41.41,1.0
2024-02-08 03:00:00,591.3333333333334,21.766666666666666,41.41,1.0
2024-02-08 03:30:00,578.0,21.7,41.41,1.0
2024-02-08 04:00:00,593.6666666666666,21.733333333333334,41.41,1.0
2024-02-08 04:30:00,605.3333333333334,21.7,41.41,1.0
2024-02-08 05:00:00,577.6666666666666,21.766666666666666,41.41,1.0
2024-02-08 05:30:00,571.6666666666666,21.733333333333334,41.41,1.0
2024-02-08 06:00:00,602.3333333333334,21.766666666666666,41.41,1.0
2024-02-08 06:30:00,560.6666666666666,21.766666666666666,41.02,1.0
2024-02-08 07:00:00,589.0,21.766666666666666,41.02,1.0
2024-02-08 07:30:00,542.6666666666666,21.733333333333334,41.02,1.0
2024-02-08 08:00:00,591.6666666666666,21.733333333333334,41.02,1.0
2024-02-08 08:30:00,552.0,21.766666666666666,40.88666666666666,1.0
2024-02-08 09:00:00,572.6666666666666,21.7,40.75333333333333,1.0
2024-02-08 09:30:00,558.6666666666666,21.733333333333334,40.62,1.0
2024-02-08 10:00:00,585.3333333333334,21.833333333333332,40.23,1.0
2024-02-08 10:30:00,566.6666666666666,21.96666666666667,40.1,1.0
2024-02-08 11:00:00,612.3333333333334,22.133333333333336,39.580000000000005,1.0
2024-02-08 11:30:00,584.6666666666666,22.266666666666666,39.45,1.0
2024-02-08 12:00:00,559.3333333333334,22.233333333333334,39.71,1.0
2024-02-08 12:30:00,550.3333333333334,22.166666666666668,39.97,1.0
2024-02-08 13:00:00,563.0,22.066666666666666,40.23,1.0
2024-02-08 13:30:00,602.6666666666666,22.03333333333333,40.23,1.0
2024-02-08 14:00:00,563.3333333333334,21.933333333333334,40.49,1.0
2024-02-08 14:30:00,590.3333333333334,21.96666666666667,40.49,1.0
2024-02-08 15:00:00,564.6666666666666,21.899999999999995,40.62,1.0
2024-02-08 15:30:00,588.6666666666666,21.933333333333334,40.62,1.0
2024-02-08 16:00:00,600.0,21.866666666666664,40.62,1.0
2024-02-08 16:30:00,621.6666666666666,21.899999999999995,40.49,1.0
2024-02-08 17:00:00,611.6666666666666,21.833333333333332,40.62,1.0
2024-02-08 17:30:00,624.6666666666666,21.833333333333332,40.49,1.0
2024-02-08 18:00:00,595.0,21.866666666666664,40.23,1.0
2024-02-08 18:30:00,604.3333333333334,21.866666666666664,40.35999999999999,1.0
2024-02-08 19:00:00,618.3333333333334,21.899999999999995,40.23,1.0
2024-02-08 19:30:00,629.3333333333334,21.866666666666664,40.35999999999999,1.0
2024-02-08 20:00:00,598.3333333333334,21.866666666666664,40.49,1.0
2024-02-08 20:30:00,596.3333333333334,21.833333333333332,40.49,1.0
2024-02-08 21:00:00,581.6666666666666,21.833333333333332,40.49,1.0
2024-02-08 21:30:00,581.6666666666666,21.866666666666664,40.49,1.0
2024-02-08 22:00:00,590.0,21.8,40.62,1.0
2024-02-08 22:30:00,586.6666666666666,21.833333333333332,40.35999999999999,1.0
2024-02-08 23:00:00,597.6666666666666,21.833333333333332,40.23,1.0
2024-02-08 23:30:00,566.6666666666666,21.766666666666666,40.23,1.0
2024-02-09 00:00:00,582.6666666666666,21.8,40.23,1.0
2024-02-09 00:30:00,548.3333333333334,21.8,40.23,1.0
2024-02-09 01:00:00,554.3333333333334,21.733333333333334,40.1,1.0
2024-02-09 01:30:00,565.3333333333334,21.7,40.23,1.0
2024-02-09 02:00:00,532.6666666666666,21.766666666666666,39.97,1.0
2024-02-09 02:30:00,539.3333333333334,21.766666666666666,39.97,1.0
2024-02-09 03:00:00,535.6666666666666,21.766666666666666,39.84,1.0
2024-02-09 03:30:00,552.5,21.7,39.84,1.0
2024-02-09 04:00:00,537.3333333333334,21.733333333333334,39.84,1.0
2024-02-09 04:30:00,523.0,21.733333333333334,39.580000000000005,1.0
2024-02-09 05:00:00,520.0,21.666666666666668,39.45,1.0
2024-02-09 05:30:00,513.0,21.666666666666668,39.45,1.0
2024-02-09 06:00:00,516.3333333333334,21.7,39.45,1.0
2024-02-09 06:30:00,514.0,21.633333333333336,39.06,1.0
2024-02-09 07:00:00,497.6666666666667,21.766666666666666,38.800000000000004,1.0
2024-02-09 07:30:00,508.3333333333333,21.633333333333336,38.67,1.0
2024-02-09 08:00:00,495.3333333333333,21.633333333333336,38.67,1.0
2024-02-09 08:30:00,490.6666666666667,21.7,38.28,1.0
2024-02-09 09:00:00,502.0,21.666666666666668,37.89,1.0
2024-02-09 09:30:00,488.0,21.866666666666664,37.89,1.0
2024-02-09 10:00:00,519.3333333333334,21.8,37.76,1.0
2024-02-09 10:30:00,509.0,22.0,36.33,1.0
2024-02-09 11:00:00,495.6666666666667,22.366666666666664,35.94,1.0
2024-02-09 11:30:00,497.0,22.566666666666666,35.94,1.0
2024-02-09 12:00:00,507.3333333333333,22.53333333333333,36.07,1.0
2024-02-09 12:30:00,508.3333333333333,22.266666666666666,36.33,1.0
2024-02-09 13:00:00,481.0,22.1,36.72,
