datetime,co2,temperature,humidity,closed_frac
2023-11-01 14:00:00,2101.0,23.066666666666666,47.13666666666666,1.0
2023-11-01 14:30:00,2710.0,23.2,48.96,1.0
2023-11-01 15:00:00,3206.0,23.3,50.78,1.0
2023-11-01 15:30:00,3444.0,23.366666666666664,51.56,1.0
2023-11-01 16:00:00,3345.0,23.366666666666664,50.910000000000004,1.0
2023-11-01 16:30:00,2042.5,23.3,48.05,1.0
2023-11-01 17:00:00,1883.0,23.2,47.27,1.0
2023-11-01 17:30:00,1961.5,23.2,47.66,1.0
2023-11-01 18:00:00,1909.0,23.1,47.66,1.0
2023-11-01 18:30:00,1808.6666666666667,22.933333333333334,47.79,1.0
2023-11-01 19:00:00,1735.3333333333333,22.899999999999995,47.79,1.0
2023-11-01 19:30:00,1622.3333333333333,22.899999999999995,47.66,1.0
2023-11-01 20:00:00,1631.3333333333333,22.866666666666664,47.66,1.0
2023-11-01 20:30:00,1535.0,22.8,47.66,1.0
2023-11-01 21:00:00,1496.3333333333333,22.8,47.66,1.0
2023-11-01 21:30:00,1450.6666666666667,22.8,47.66,1.0
2023-11-01 22:00:00,1440.5,22.7,48.05,1.0
2023-11-01 22:30:00,1389.5,22.7,47.855,1.0
2023-11-01 23:00:00,1344.0,22.7,48.05,1.0
2023-11-01 23:30:00,1271.0,22.7,48.05,1.0
2023-11-02 00:00:00,1265.6666666666667,22.7,48.04999999999999,1.0
2023-11-02 00:30:00,1240.3333333333333,22.600000000000005,48.04999999999999,1.0
2023-11-02 01:00:00,1181.5,22.6,48.05,1.0
2023-11-02 01:30:00,1151.6666666666667,22.600000000000005,48.18,1.0
2023-11-02 02:00:00,1106.0,22.600000000000005,48.04999999999999,1.0
2023-11-02 02:30:00,1037.0,22.566666666666666,48.18,1.0
2023-11-02 03:00:00,1081.6666666666667,22.566666666666666,48.31,1.0
2023-11-02 03:30:00,1033.0,22.53333333333333,48.31,1.0
2023-11-02 04:00:00,1034.6666666666667,22.5,48.44,1.0
2023-11-02 04:30:00,972.0,22.5,48.44,1.0
2023-11-02 05:00:00,966.0,22.5,48.44,1.0
2023-11-02 05:30:00,913.6666666666666,22.5,48.44,1.0
2023-11-02 06:00:00,899.3333333333334,22.5,48.44,1.0
2023-11-02 06:30:00,862.6666666666666,22.46666666666667,48.44,1.0
2023-11-02 07:00:00,898.0,22.46666666666667,48.830000000000005,1.0
2023-11-02 07:30:00,1124.5,22.55,50.195,1.0
2023-11-02 08:00:00,1028.0,22.7,49.9025,1.0
2023-11-02 08:30:00,844.5,22.6,49.805,0.6666666666666666
2023-11-02 09:00:00,917.0,22.566666666666666,52.99333333333333,0.0
2023-11-02 09:30:00,723.6666666666666,22.233333333333334,51.56,0.2
2023-11-02 10:00:00,1094.3333333333333,22.366666666666664,52.86333333333334,1.0
2023-11-02 10:30:00,1680.0,22.7,54.69,1.0
2023-11-02 11:00:00,1723.3333333333333,22.933333333333334,53.25333333333333,1.0
2023-11-02 11:30:00,1412.3333333333333,22.899999999999995,51.43000000000001,1.0
2023-11-02 12:00:00,1312.0,22.899999999999995,51.43000000000001,1.0
2023-11-02 12:30:00,1698.0,22.933333333333334,52.34,1.0
2023-11-02 13:00:00,2095.6666666666665,23.099999999999998,53.776666666666664,1.0
2023-11-02 13:30:00,1886.0,23.133333333333336,52.99333333333334,1.0
2023-11-02 14:00:00,1945.5,23.2,52.73,1.0
2023-11-02 14:30:00,,,,1.0
2023-11-02 15:00:00,,,,1.0
2023-11-02 15:30:00,2576.0,23.2,53.91,1.0
2023-11-02 16:00:00,2935.0,23.3,55.08,1.0
2023-11-02 16:30:00,3058.0,23.3,55.21,1.0
2023-11-02 17:00:00,2560.5,23.25,54.105,1.0
2023-11-02 17:30:00,2200.5,23.2,53.125,1.0
2023-11-02 18:00:00,1689.0,23.0,51.56,1.0
2023-11-02 18:30:00,1651.0,22.95,51.56,1.0
2023-11-02 19:00:00,1592.6666666666667,22.833333333333332,51.56,1.0
2023-11-02 19:30:00,1581.6666666666667,22.8,51.56,1.0
2023-11-02 20:00:00,1533.0,22.8,51.56,1.0
2023-11-02 20:30:00,1587.5,22.8,51.56,1.0
2023-11-02 21:00:00,1531.3333333333333,22.733333333333334,51.56,1.0
2023-11-02 21:30:00,1508.6666666666667,22.733333333333334,51.43000000000001,1.0
2023-11-02 22:00:00,1479.3333333333333,22.7,51.43000000000001,1.0
2023-11-02 22:30:00,1449.3333333333333,22.7,51.169999999999995,1.0
2023-11-02 23:00:00,1412.3333333333333,22.666666666666668,51.169999999999995,1.0
2023-11-02 23:30:00,1406.5,22.7,51.17,1.0
2023-11-03 00:00:00,1365.0,22.600000000000005,51.169999999999995,1.0
2023-11-03 00:30:00,1301.0,22.6,51.17,1.0
2023-11-03 01:00:00,1299.0,22.6,51.17,1.0
2023-11-03 01:30:00,1246.0,22.600000000000005,51.169999999999995,1.0
2023-11-03 02:00:00,1233.5,22.55,51.17,1.0
2023-11-03 02:30:00,1170.6666666666667,22.5,51.169999999999995,1.0
2023-11-03 03:00:00,1169.0,22.5,51.17,1.0
2023-11-03 03:30:00,1090.0,22.46666666666667,51.169999999999995,1.0
2023-11-03 04:00:00,1109.3333333333333,22.46666666666667,51.04,1.0
2023-11-03 04:30:00,982.0,22.4,51.17,1.0
2023-11-03 05:00:00,1050.0,22.399999999999995,51.04,1.0
2023-11-03 05:30:00,990.3333333333334,22.399999999999995,50.910000000000004,1.0
2023-11-03 06:00:00,921.5,22.4,50.975,1.0
2023-11-03 06:30:00,,,,1.0
2023-11-03 07:00:00,965.0,22.4,51.17,1.0
2023-11-03 07:30:00,982.5,22.4,51.17,1.0
2023-11-03 08:00:00,895.5,22.4,51.17,1.0
2023-11-03 08:30:00,,,,0.8333333333333334
2023-11-03 09:00:00,917.5,22.299999999999997,54.489999999999995,0.0
2023-11-03 09:30:00,950.3333333333334,22.233333333333334,56.64000000000001,0.0
2023-11-03 10:00:00,1107.0,22.366666666666664,55.85999999999999,0.25
2023-11-03 10:30:00,1282.0,22.5,54.81999999999999,1.0
2023-11-03 11:00:00,1359.0,22.6,55.08,1.0
2023-11-03 11:30:00,1305.6666666666667,22.600000000000005,54.29999999999999,1.0
2023-11-03 12:00:00,1314.0,22.6,53.715,1.0
2023-11-03 12:30:00,1640.3333333333333,22.7,54.29999999999999,1.0
2023-11-03 13:00:00,1973.0,22.766666666666666,55.21,1.0
2023-11-03 13:30:00,2404.5,22.9,56.055,1.0
2023-11-03 14:00:00,2594.6666666666665,23.0,56.25,1.0
2023-11-03 14:30:00,2745.6666666666665,23.03333333333333,56.379999999999995,1.0
2023-11-03 15:00:00,2858.3333333333335,23.233333333333334,56.25,1.0
2023-11-03 15:30:00,2918.6666666666665,23.366666666666664,55.85999999999999,1.0
2023-11-03 16:00:00,2933.0,23.46666666666667,55.6,1.0
2023-11-03 16:30:00,2877.5,23.45,54.885,1.0
2023-11-03 17:00:00,2757.0,23.25,54.69,1.0
2023-11-03 17:30:00,2645.5,23.1,54.105,1.0
2023-11-03 18:00:00,2512.0,23.03333333333333,53.91,1.0
2023-11-03 18:30:00,2378.0,22.899999999999995,53.78,1.0
2023-11-03 19:00:00,2386.5,22.9,53.52,1.0
2023-11-03 19:30:00,2306.0,22.9,53.12,1.0
2023-11-03 20:00:00,2232.3333333333335,22.833333333333332,53.12,1.0
2023-11-03 20:30:00,2222.5,22.8,53.12,1.0
2023-11-03 21:00:00,2111.0,22.8,52.85999999999999,1.0
2023-11-03 21:30:00,2030.3333333333333,22.766666666666666,52.73,1.0
2023-11-03 22:00:00,1993.6666666666667,22.733333333333334,52.73,1.0
2023-11-03 22:30:00,1919.3333333333333,22.7,52.6,1.0
2023-11-03 23:00:00,1927.6666666666667,22.7,52.34,1.0
2023-11-03 23:30:00,1795.0,22.7,52.34,1.0
2023-11-04 00:00:00,1692.3333333333333,22.600000000000005,52.34,1.0
2023-11-04 00:30:00,1721.0,22.633333333333336,52.21,1.0
2023-11-04 01:00:00,1658.0,22.600000000000005,51.95000000000001,1.0
2023-11-04 01:30:00,1588.0,22.600000000000005,51.95000000000001,1.0
2023-11-04 02:00:00,1543.6666666666667,22.600000000000005,51.95000000000001,1.0
2023-11-04 02:30:00,1535.6666666666667,22.566666666666666,51.69,1.0
2023-11-04 03:00:00,1432.6666666666667,22.600000000000005,51.56,1.0
2023-11-04 03:30:00,1435.3333333333333,22.600000000000005,51.56,1.0
2023-11-04 04:00:00,1387.3333333333333,22.53333333333333,51.56,1.0
2023-11-04 04:30:00,1341.3333333333333,22.53333333333333,51.56,1.0
2023-11-04 05:00:00,1302.3333333333333,22.5,51.300000000000004,1.0
2023-11-04 05:30:00,1272.0,22.5,51.300000000000004,1.0
2023-11-04 06:00:00,1232.0,22.5,51.169999999999995,1.0
2023-11-04 06:30:00,1156.0,22.5,51.169999999999995,1.0
2023-11-04 07:00:00,1082.5,22.5,51.17,1.0
2023-11-04 07:30:00,1107.6666666666667,22.46666666666667,50.910000000000004,1.0
2023-11-04 08:00:00,1097.0,22.46666666666667,50.78,1.0
2023-11-04 08:30:00,1049.3333333333333,22.433333333333334,50.78,1.0
2023-11-04 09:00:00,1007.6666666666666,22.46666666666667,50.78,1.0
2023-11-04 09:30:00,944.6666666666666,22.433333333333334,50.65,1.0
2023-11-04 10:00:00,986.3333333333334,22.399999999999995,50.52,1.0
2023-11-04 10:30:00,967.6666666666666,22.433333333333334,50.65,1.0
2023-11-04 11:00:00,937.0,22.399999999999995,50.39000000000001,1.0
2023-11-04 11:30:00,948.6666666666666,22.399999999999995,50.39000000000001,1.0
2023-11-04 12:00:00,895.3333333333334,22.399999999999995,50.39000000000001,1.0
2023-11-04 12:30:00,863.6666666666666,22.399999999999995,50.39000000000001,1.0
2023-11-04 13:00:00,876.6666666666666,22.399999999999995,50.39000000000001,1.0
2023-11-04 13:30:00,826.6666666666666,22.399999999999995,50.39000000000001,1.0
2023-11-04 14:00:00,840.6666666666666,22.399999999999995,50.129999999999995,1.0
2023-11-04 14:30:00,783.3333333333334,22.399999999999995,50.39000000000001,1.0
2023-11-04 15:00:00,828.0,22.4,50.39,1.0
2023-11-04 15:30:00,800.0,22.399999999999995,50.26,1.0
2023-11-04 16:00:00,749.3333333333334,22.399999999999995,50.26,1.0
2023-11-04 16:30:00,760.0,22.4,50.0,1.0
2023-11-04 17:00:00,722.0,22.399999999999995,50.0,1.0
2023-11-04 17:30:00,759.6666666666666,22.399999999999995,50.0,1.0
2023-11-04 18:00:00,769.3333333333334,22.366666666666664,50.0,1.0
2023-11-04 18:30:00,695.3333333333334,22.366666666666664,50.0,1.0
2023-11-04 19:00:00,720.6666666666666,22.366666666666664,50.0,1.0
2023-11-04 19:30:00,703.0,22.366666666666664,50.0,1.0
2023-11-04 20:00:00,662.0,22.366666666666664,50.0,1.0
2023-11-04 20:30:00,712.0,22.333333333333332,50.0,1.0
2023-11-04 21:00:00,713.3333333333334,22.3,49.870000000000005,1.0
2023-11-04 21:30:00,678.3333333333334,22.333333333333332,49.74,1.0
2023-11-04 22:00:00,643.6666666666666,22.3,49.60999999999999,1.0
2023-11-04 22:30:00,727.5,22.3,49.805,1.0
2023-11-04 23:00:00,630.6666666666666,22.3,49.60999999999999,1.0
2023-11-04 23:30:00,664.6666666666666,22.3,49.60999999999999,1.0
2023-11-05 00:00:00,640.3333333333334,22.3,49.60999999999999,1.0
2023-11-05 00:30:00,660.0,22.3,49.61,1.0
2023-11-05 01:00:00,628.3333333333334,22.266666666666666,49.48,1.0
2023-11-05 01:30:00,620.3333333333334,22.3,49.48,1.0
2023-11-05 02:00:00,599.0,22.3,49.48,1.0
2023-11-05 02:30:00,572.0,22.2,49.48,1.0
2023-11-05 03:00:00,628.6666666666666,22.266666666666666,49.60999999999999,1.0
2023-11-05 03:30:00,596.3333333333334,22.3,49.35,1.0
2023-11-05 04:00:00,570.3333333333334,22.266666666666666,49.22,1.0
2023-11-05 04:30:00,553.0,22.266666666666666,49.22,1.0
2023-11-05 05:00:00,551.3333333333334,22.266666666666666,49.22,1.0
2023-11-05 05:30:00,543.0,22.3,49.22,1.0
2023-11-05 06:00:00,552.0,22.25,49.22,1.0
2023-11-05 06:30:00,551.0,22.3,49.22,1.0
2023-11-05 07:00:00,566.6666666666666,22.233333333333334,49.22,1.0
2023-11-05 07:30:00,588.6666666666666,22.3,49.22,1.0
2023-11-05 08:00:00,550.6666666666666,22.233333333333334,49.22,1.0
2023-11-05 08:30:00,486.3333333333333,22.233333333333334,49.22,1.0
2023-11-05 09:00:00,530.0,22.25,49.22,1.0
2023-11-05 09:30:00,536.3333333333334,22.2,49.22,1.0
2023-11-05 10:00:00,539.0,22.2,49.22,1.0
2023-11-05 10:30:00,483.3333333333333,22.266666666666666,49.22,1.0
2023-11-05 11:00:00,520.3333333333334,22.2,49.22,1.0
2023-11-05 11:30:00,512.3333333333334,22.233333333333334,49.22,1.0
2023-11-05 12:00:00,543.3333333333334,22.266666666666666,49.22,1.0
2023-11-05 12:30:00,480.0,22.233333333333334,49.22,1.0
2023-11-05 13:00:00,504.6666666666667,22.233333333333334,49.22,1.0
2023-11-05 13:30:00,510.0,22.233333333333334,49.22,1.0
2023-11-05 14:00:00,485.3333333333333,22.2,49.22,1.0
2023-11-05 14:30:00,516.0,22.233333333333334,49.22,1.0
2023-11-05 15:00:00,488.0,22.233333333333334,49.22,1.0
2023-11-05 15:30:00,486.0,22.25,49.22,1.0
2023-11-05 16:00:00,505.6666666666667,22.2,49.22,1.0
2023-11-05 16:30:00,466.6666666666667,22.2,49.22,1.0
2023-11-05 17:00:00,501.0,22.266666666666666,49.22,1.0
2023-11-05 17:30:00,485.5,22.2,49.22,1.0
2023-11-05 18:00:00,484.0,22.2,49.22,1.0
2023-11-05 18:30:00,478.0,22.2,49.35,1.0
2023-11-05 19:00:00,508.0,22.166666666666668,49.22,1.0
2023-11-05 19:30:00,444.3333333333333,22.2,49.22,1.0
2023-11-05 20:00:00,492.3333333333333,22.2,49.22,1.0
2023-11-05 20:30:00,471.6666666666667,22.2,49.35,1.0
2023-11-05 21:00:00,518.6666666666666,22.166666666666668,49.35,1.0
2023-11-05 21:30:00,501.6666666666667,22.2,49.22,1.0
2023-11-05 22:00:00,505.3333333333333,22.2,49.22,1.0
2023-11-05 22:30:00,492.6666666666667,22.166666666666668,49.35,1.0
2023-11-05 23:00:00,537.3333333333334,22.2,49.35,1.0
2023-11-05 23:30:00,510.3333333333333,22.2,49.35,1.0
2023-11-06 00:00:00,502.6666666666667,22.166666666666668,49.48,1.0
2023-11-06 00:30:00,494.3333333333333,22.2,49.35,1.0
2023-11-06 01:00:00,473.6666666666667,22.2,49.60999999999999,1.0
2023-11-06 01:30:00,475.0,22.2,49.35,1.0
2023-11-06 02:00:00,495.6666666666667,22.166666666666668,49.35,1.0
2023-11-06 02:30:00,476.6666666666667,22.2,49.48,1.0
2023-11-06 03:00:00,450.6666666666667,22.2,49.48,1.0
2023-11-06 03:30:00,493.3333333333333,22.2,49.48,1.0
2023-11-06 04:00:00,439.6666666666667,22.2,49.48,1.0
2023-11-06 04:30:00,479.6666666666667,22.2,49.48,1.0
2023-11-06 05:00:00,483.0,22.2,49.60999999999999,1.0
2023-11-06 05:30:00,526.0,22.2,49.60999999999999,1.0
2023-11-06 06:00:00,464.3333333333333,22.2,49.60999999999999,1.0
2023-11-06 06:30:00,507.6666666666667,22.2,49.48,1.0
2023-11-06 07:00:00,513.3333333333334,22.2,49.60999999999999,1.0
2023-11-06 07:30:00,472.3333333333333,22.2,49.60999999999999,1.0
2023-11-06 08:00:00,889.6666666666666,22.266666666666666,52.343333333333334,0.8333333333333334
2023-11-06 08:30:00,1080.3333333333333,22.366666666666664,55.73,0.0
2023-11-06 09:00:00,1196.3333333333333,22.399999999999995,56.25,0.8
2023-11-06 09:30:00,1638.0,22.6,57.42,1.0
2023-11-06 10:00:00,1865.5,22.7,57.42,1.0
2023-11-06 10:30:00,,,,1.0
2023-11-06 11:00:00,,,,1.0
2023-11-06 11:30:00,1047.5,22.6,50.78,1.0
2023-11-06 12:00:00,,,,1.0
2023-11-06 12:30:00,1901.0,22.95,53.125,1.0
2023-11-06 13:00:00,,,,1.0
2023-11-06 13:30:00,,,,1.0
2023-11-06 14:00:00,,,,1.0
2023-11-06 14:30:00,,,,1.0
2023-11-06 15:00:00,2744.0,23.1,54.3,1.0
2023-11-06 15:30:00,3006.0,23.2,55.08,1.0
2023-11-06 16:00:00,3252.0,23.2,55.08,1.0
2023-11-06 16:30:00,3242.3333333333335,23.133333333333336,55.080000000000005,1.0
2023-11-06 17:00:00,3360.0,23.1,55.47,1.0
2023-11-06 17:30:00,3158.6666666666665,23.100000000000005,54.81999999999999,1.0
2023-11-06 18:00:00,3042.0,23.0,54.105,1.0
2023-11-06 18:30:00,2984.0,22.933333333333334,53.78,1.0
2023-11-06 19:00:00,2722.0,22.899999999999995,53.38666666666666,1.0
2023-11-06 19:30:00,2610.3333333333335,22.866666666666664,53.12,1.0
2023-11-06 20:00:00,2619.0,22.8,52.73,1.0
2023-11-06 20:30:00,2469.3333333333335,22.866666666666664,52.73,1.0
2023-11-06 21:00:00,2419.0,22.8,52.47,1.0
2023-11-06 21:30:00,2275.3333333333335,22.8,52.34,1.0
2023-11-06 22:00:00,2219.6666666666665,22.8,52.34,1.0
2023-11-06 22:30:00,2175.3333333333335,22.766666666666666,51.95000000000001,1.0
2023-11-06 23:00:00,2009.0,22.7,51.95,1.0
2023-11-06 23:30:00,1983.3333333333333,22.766666666666666,51.95000000000001,1.0
2023-11-07 00:00:00,1923.0,22.7,51.755,1.0
2023-11-07 00:30:00,1892.5,22.7,51.56,1.0
2023-11-07 01:00:00,1812.0,22.7,51.56,1.0
2023-11-07 01:30:00,1701.0,22.7,51.56,1.0
2023-11-07 02:00:00,1680.0,22.65,51.56,1.0
2023-11-07 02:30:00,1626.6666666666667,22.633333333333336,51.300000000000004,1.0
2023-11-07 03:00:00,1579.6666666666667,22.633333333333336,51.169999999999995,1.0
2023-11-07 03:30:00,1594.6666666666667,22.600000000000005,51.169999999999995,1.0
2023-11-07 04:00:00,1520.3333333333333,22.633333333333336,51.169999999999995,1.0
2023-11-07 04:30:00,1428.3333333333333,22.600000000000005,51.169999999999995,1.0
2023-11-07 05:00:00,1355.6666666666667,22.600000000000005,51.04,1.0
2023-11-07 05:30:00,1373.3333333333333,22.600000000000005,50.78,1.0
2023-11-07 06:00:00,1293.6666666666667,22.53333333333333,50.78,1.0
2023-11-07 06:30:00,1249.0,22.5,50.78,1.0
2023-11-07 07:00:00,1216.6666666666667,22.566666666666666,50.78,1.0
2023-11-07 07:30:00,1273.3333333333333,22.5,51.56,0.5
2023-11-07 08:00:00,1043.6666666666667,22.5,51.04,0.6666666666666666
2023-11-07 08:30:00,1234.0,22.7,54.946666666666665,1.0
2023-11-07 09:00:00,1490.3333333333333,22.833333333333332,57.03,1.0
2023-11-07 09:30:00,1700.0,23.099999999999998,57.550000000000004,1.0
2023-11-07 10:00:00,1700.0,23.25,57.03,1.0
2023-11-07 10:30:00,1789.5,23.35,57.03,1.0
2023-11-07 11:00:00,1891.3333333333333,23.5,56.25,1.0
2023-11-07 11:30:00,1590.0,23.400000000000002,53.38333333333333,1.0
2023-11-07 12:00:00,1547.0,23.3,52.21,1.0
2023-11-07 12:30:00,2189.0,23.53333333333333,54.56,1.0
2023-11-07 13:00:00,2731.6666666666665,23.7,55.73,1.0
2023-11-07 13:30:00,3062.6666666666665,23.8,56.77,1.0
2023-11-07 14:00:00,3081.0,23.733333333333334,56.379999999999995,1.0
2023-11-07 14:30:00,3022.6666666666665,23.600000000000005,56.25,1.0
2023-11-07 15:00:00,3148.6666666666665,23.600000000000005,56.25,1.0
2023-11-07 15:30:00,3312.6666666666665,23.666666666666668,56.51,1.0
2023-11-07 16:00:00,3017.3333333333335,23.666666666666668,55.73,1.0
2023-11-07 16:30:00,2602.3333333333335,23.633333333333336,54.29666666666666,1.0
2023-11-07 17:00:00,2063.3333333333335,23.5,53.12,1.0
2023-11-07 17:30:00,2101.6666666666665,23.366666666666664,53.12,1.0
2023-11-07 18:00:00,2038.6666666666667,23.3,53.12,1.0
2023-11-07 18:30:00,1986.0,23.3,53.12,1.0
2023-11-07 19:00:00,1991.0,23.2,53.12,1.0
2023-11-07 19:30:00,1898.6666666666667,23.2,53.12,1.0
2023-11-07 20:00:00,1937.6666666666667,23.133333333333336,53.12,1.0
2023-11-07 20:30:00,1886.3333333333333,23.133333333333336,53.12,1.0
2023-11-07 21:00:00,1874.3333333333333,23.100000000000005,52.85999999999999,1.0
2023-11-07 21:30:00,1829.0,23.100000000000005,52.73,1.0
2023-11-07 22:00:00,1752.3333333333333,23.100000000000005,52.73,1.0
2023-11-07 22:30:00,1711.0,23.066666666666666,52.73,1.0
2023-11-07 23:00:00,1689.6666666666667,23.0,52.73,1.0
2023-11-07 23:30:00,1640.3333333333333,23.0,52.34,1.0
2023-11-08 00:00:00,1622.3333333333333,22.933333333333334,52.34,1.0
2023-11-08 00:30:00,1542.6666666666667,22.96666666666667,52.34,1.0
2023-11-08 01:00:00,1485.6666666666667,22.899999999999995,52.34,1.0
2023-11-08 01:30:00,1448.6666666666667,22.899999999999995,52.34,1.0
2023-11-08 02:00:00,1404.6666666666667,22.899999999999995,51.95000000000001,1.0
2023-11-08 02:30:00,1343.5,22.85,51.95,1.0
2023-11-08 03:00:00,1343.25,22.825,51.95,1.0
2023-11-08 03:30:00,1325.0,22.8,51.95,1.0
2023-11-08 04:00:00,1286.0,22.8,51.95000000000001,1.0
2023-11-08 04:30:00,1261.0,22.8,51.95000000000001,1.0
2023-11-08 05:00:00,1245.3333333333333,22.8,51.69,1.0
2023-11-08 05:30:00,1163.0,22.8,51.56,1.0
2023-11-08 06:00:00,1160.6666666666667,22.766666666666666,51.56,1.0
2023-11-08 06:30:00,1181.3333333333333,22.733333333333334,51.56,1.0
2023-11-08 07:00:00,1136.6666666666667,22.7,51.69,1.0
2023-11-08 07:30:00,1106.5,22.7,51.56,1.0
2023-11-08 08:00:00,1082.6666666666667,22.7,51.56,1.0
2023-11-08 08:30:00,1029.3333333333333,22.7,51.56,1.0
2023-11-08 09:00:00,1015.6666666666666,22.7,51.56,1.0
2023-11-08 09:30:00,1029.6666666666667,22.7,51.43000000000001,1.0
2023-11-08 10:00:00,996.0,22.7,51.43000000000001,1.0
2023-11-08 10:30:00,960.6666666666666,22.7,51.43000000000001,1.0
2023-11-08 11:00:00,956.0,22.7,51.169999999999995,1.0
2023-11-08 11:30:00,895.3333333333334,22.7,51.169999999999995,1.0
2023-11-08 12:00:00,937.6666666666666,22.7,51.300000000000004,1.0
2023-11-08 12:30:00,929.6666666666666,22.7,51.169999999999995,1.0
2023-11-08 13:00:00,952.0,22.7,51.169999999999995,1.0
2023-11-08 13:30:00,967.3333333333334,22.7,51.169999999999995,1.0
2023-11-08 14:00:00,987.6666666666666,22.7,51.169999999999995,1.0
2023-11-08 14:30:00,902.6666666666666,22.666666666666668,51.04,1.0
2023-11-08 15:00:00,925.0,22.7,50.78,1.0
2023-11-08 15:30:00,860.3333333333334,22.666666666666668,50.78,1.0
2023-11-08 16:00:00,883.0,22.7,50.78,1.0
2023-11-08 16:30:00,822.0,22.666666666666668,50.78,1.0
2023-11-08 17:00:00,861.0,22.6,50.39,1.0
2023-11-08 17:30:00,894.0,22.600000000000005,50.65,1.0
2023-11-08 18:00:00,866.3333333333334,22.600000000000005,50.52,1.0
2023-11-08 18:30:00,854.6666666666666,22.600000000000005,50.39000000000001,1.0
2023-11-08 19:00:00,858.3333333333334,22.600000000000005,50.39000000000001,1.0
2023-11-08 19:30:00,860.3333333333334,22.600000000000005,50.39000000000001,1.0
2023-11-08 20:00:00,829.0,22.6,50.39,1.0
2023-11-08 20:30:00,848.0,22.600000000000005,50.39000000000001,1.0
2023-11-08 21:00:00,845.0,22.600000000000005,50.39000000000001,1.0
2023-11-08 21:30:00,835.0,22.6,50.39,1.0
2023-11-08 22:00:00,832.3333333333334,22.600000000000005,50.39000000000001,1.0
2023-11-08 22:30:00,794.6666666666666,22.600000000000005,50.39000000000001,1.0
2023-11-08 23:00:00,808.0,22.600000000000005,50.26,1.0
2023-11-08 23:30:00,791.3333333333334,22.600000000000005,50.129999999999995,1.0
2023-11-09 00:00:00,825.0,22.6,50.0,1.0
2023-11-09 00:30:00,767.3333333333334,22.53333333333333,50.0,1.0
2023-11-09 01:00:00,791.3333333333334,22.5,50.0,1.0
2023-11-09 01:30:00,779.3333333333334,22.5,50.0,1.0
2023-11-09 02:00:00,755.6666666666666,22.5,50.0,1.0
2023-11-09 02:30:00,731.3333333333334,22.5,50.0,1.0
2023-11-09 03:00:00,727.0,22.5,50.0,1.0
2023-11-09 03:30:00,724.0,22.5,50.0,1.0
2023-11-09 04:00:00,656.3333333333334,22.433333333333334,50.0,1.0
2023-11-09 04:30:00,666.0,22.5,50.0,1.0
2023-11-09 05:00:00,630.0,22.5,50.0,1.0
2023-11-09 05:30:00,639.6666666666666,22.433333333333334,50.0,1.0
2023-11-09 06:00:00,671.0,22.433333333333334,50.0,1.0
2023-11-09 06:30:00,716.0,22.46666666666667,50.0,1.0
2023-11-09 07:00:00,680.0,22.46666666666667,50.0,1.0
2023-11-09 07:30:00,703.3333333333334,22.433333333333334,50.0,1.0
2023-11-09 08:00:00,679.0,22.433333333333334,50.0,1.0
2023-11-09 08:30:00,660.0,22.433333333333334,50.0,1.0
2023-11-09 09:00:00,629.6666666666666,22.5,50.0,1.0
2023-11-09 09:30:00,626.0,22.5,50.0,1.0
2023-11-09 10:00:00,614.0,22.5,50.0,1.0
2023-11-09 10:30:00,646.5,22.5,50.0,1.0
2023-11-09 11:00:00,673.3333333333334,22.5,50.0,1.0
2023-11-09 11:30:00,698.0,22.5,50.0,1.0
2023-11-09 12:00:00,664.6666666666666,22.5,50.0,1.0
2023-11-09 12:30:00,719.0,22.5,50.0,1.0
2023-11-09 13:00:00,673.3333333333334,22.5,50.0,1.0
2023-11-09 13:30:00,674.3333333333334,22.5,50.0,1.0
2023-11-09 14:00:00,717.3333333333334,22.5,50.0,1.0
2023-11-09 14:30:00,721.0,22.53333333333333,50.129999999999995,1.0
2023-11-09 15:00:00,718.3333333333334,22.5,50.0,1.0
2023-11-09 15:30:00,753.3333333333334,22.5,50.129999999999995,1.0
2023-11-09 16:00:00,741.0,22.5,50.0,1.0
2023-11-09 16:30:00,689.0,22.5,50.0,1.0
2023-11-09 17:00:00,717.3333333333334,22.5,50.129999999999995,1.0
2023-11-09 17:30:00,748.3333333333334,22.5,50.26,1.0
2023-11-09 18:00:00,841.3333333333334,22.5,50.39000000000001,1.0
2023-11-09 18:30:00,792.0,22.46666666666667,50.39000000000001,1.0
2023-11-09 19:00:00,812.3333333333334,22.5,50.39000000000001,1.0
2023-11-09 19:30:00,809.0,22.46666666666667,50.39000000000001,1.0
2023-11-09 20:00:00,828.0,22.5,50.39000000000001,1.0
2023-11-09 20:30:00,807.0,22.46666666666667,50.39000000000001,1.0
2023-11-09 21:00:00,792.3333333333334,22.46666666666667,50.39000000000001,1.0
2023-11-09 21:30:00,825.5,22.5,50.39,1.0
2023-11-09 22:00:00,812.0,22.399999999999995,50.39000000000001,1.0
2023-11-09 22:30:00,785.0,22.5,50.129999999999995,1.0
2023-11-09 23:00:00,784.6666666666666,22.433333333333334,50.26,1.0
2023-11-09 23:30:00,802.3333333333334,22.433333333333334,50.0,1.0
2023-11-10 00:00:00,766.3333333333334,22.433333333333334,50.0,1.0
2023-11-10 00:30:00,774.6666666666666,22.433333333333334,50.0,1.0
2023-11-10 01:00:00,743.0,22.399999999999995,50.0,1.0
2023-11-10 01:30:00,789.3333333333334,22.46666666666667,50.0,1.0
2023-11-10 02:00:00,740.6666666666666,22.46666666666667,50.0,1.0
2023-11-10 02:30:00,745.0,22.399999999999995,50.0,1.0
2023-11-10 03:00:00,732.6666666666666,22.399999999999995,50.0,1.0
2023-11-10 03:30:00,721.0,22.399999999999995,50.0,1.0
2023-11-10 04:00:00,706.0,22.46666666666667,49.74,1.0
2023-11-10 04:30:00,751.0,22.433333333333334,49.870000000000005,1.0
2023-11-10 05:00:00,752.3333333333334,22.399999999999995,49.60999999999999,1.0
2023-11-10 05:30:00,660.0,22.433333333333334,49.60999999999999,1.0
2023-11-10 06:00:00,731.0,22.399999999999995,49.60999999999999,1.0
2023-11-10 06:30:00,684.6666666666666,22.399999999999995,49.60999999999999,1.0
2023-11-10 07:00:00,673.3333333333334,22.399999999999995,49.60999999999999,1.0
2023-11-10 07:30:00,673.3333333333334,22.433333333333334,49.60999999999999,1.0
2023-11-10 08:00:00,639.6666666666666,22.399999999999995,49.60999999999999,1.0
2023-11-10 08:30:00,656.3333333333334,22.399999999999995,49.48,1.0
2023-11-10 09:00:00,615.6666666666666,22.399999999999995,49.35,1.0
2023-11-10 09:30:00,647.3333333333334,22.399999999999995,49.22,1.0
2023-11-10 10:00:00,619.6666666666666,22.399999999999995,49.22,1.0
2023-11-10 10:30:00,645.6666666666666,22.399999999999995,49.22,1.0
2023-11-10 11:00:00,614.0,22.399999999999995,49.22,1.0
2023-11-10 11:30:00,620.0,22.4,49.22,1.0
2023-11-10 12:00:00,615.6666666666666,22.399999999999995,49.22,1.0
2023-11-10 12:30:00,625.0,22.46666666666667,49.22,1.0
2023-11-10 13:00:00,623.0,22.399999999999995,49.22,1.0
2023-11-10 13:30:00,649.3333333333334,22.399999999999995,49.22,1.0
2023-11-10 14:00:00,667.6666666666666,22.399999999999995,49.22,1.0
2023-11-10 14:30:00,638.3333333333334,22.399999999999995,49.22,1.0
2023-11-10 15:00:00,662.6666666666666,22.399999999999995,49.22,1.0
2023-11-10 15:30:00,671.3333333333334,22.399999999999995,49.22,1.0
2023-11-10 16:00:00,678.6666666666666,22.433333333333334,48.96,1.0
2023-11-10 16:30:00,752.0,22.4,49.22,1.0
2023-11-10 17:00:00,701.6666666666666,22.399999999999995,49.089999999999996,1.0
2023-11-10 17:30:00,689.6666666666666,22.399999999999995,48.830000000000005,1.0
2023-11-10 18:00:00,682.0,22.399999999999995,48.830000000000005,1.0
2023-11-10 18:30:00,692.3333333333334,22.366666666666664,48.830000000000005,1.0
2023-11-10 19:00:00,744.3333333333334,22.399999999999995,48.699999999999996,1.0
2023-11-10 19:30:00,695.6666666666666,22.399999999999995,48.830000000000005,1.0
2023-11-10 20:00:00,781.3333333333334,22.399999999999995,48.830000000000005,1.0
2023-11-10 20:30:00,739.5,22.4,48.83,1.0
2023-11-10 21:00:00,736.0,22.366666666666664,48.56999999999999,1.0
2023-11-10 21:30:00,732.3333333333334,22.366666666666664,48.699999999999996,1.0
2023-11-10 22:00:00,685.6666666666666,22.333333333333332,48.56999999999999,1.0
2023-11-10 22:30:00,675.3333333333334,22.399999999999995,48.44,1.0
2023-11-10 23:00:00,713.6666666666666,22.399999999999995,48.44,1.0
2023-11-10 23:30:00,710.6666666666666,22.366666666666664,48.44,1.0
2023-11-11 00:00:00,675.0,22.399999999999995,48.44,1.0
2023-11-11 00:30:00,654.6666666666666,22.399999999999995,48.44,1.0
2023-11-11 01:00:00,660.6666666666666,22.399999999999995,48.44,1.0
2023-11-11 01:30:00,719.0,22.333333333333332,48.44,1.0
2023-11-11 02:00:00,701.0,22.399999999999995,48.44,1.0
2023-11-11 02:30:00,647.5,22.4,48.44,1.0
2023-11-11 03:00:00,655.0,22.3,48.44,1.0
2023-11-11 03:30:00,686.3333333333334,22.366666666666664,48.44,1.0
2023-11-11 04:00:00,685.0,22.399999999999995,48.44,1.0
2023-11-11 04:30:00,674.3333333333334,22.333333333333332,48.44,1.0
2023-11-11 05:00:00,667.3333333333334,22.366666666666664,48.44,1.0
2023-11-11 05:30:00,658.0,22.399999999999995,48.44,1.0
2023-11-11 06:00:00,643.0,22.4,48.245,1.0
2023-11-11 06:30:00,650.5,22.4,48.44,1.0
2023-11-11 07:00:00,655.0,22.333333333333332,48.31,1.0
2023-11-11 07:30:00,603.6666666666666,22.399999999999995,48.31,1.0
2023-11-11 08:00:00,617.3333333333334,22.366666666666664,48.31,1.0
2023-11-11 08:30:00,607.6666666666666,22.399999999999995,48.04999999999999,1.0
2023-11-11 09:00:00,612.0,22.399999999999995,48.04999999999999,1.0
2023-11-11 09:30:00,626.3333333333334,22.366666666666664,48.04999999999999,1.0
2023-11-11 10:00:00,592.3333333333334,22.3,48.04999999999999,1.0
2023-11-11 10:30:00,613.0,22.399999999999995,48.04999999999999,1.0
2023-11-11 11:00:00,626.0,22.399999999999995,48.04999999999999,1.0
2023-11-11 11:30:00,608.3333333333334,22.399999999999995,48.04999999999999,1.0
2023-11-11 12:00:00,616.6666666666666,22.399999999999995,48.04999999999999,1.0
2023-11-11 12:30:00,563.6666666666666,22.333333333333332,48.18,1.0
2023-11-11 13:00:00,599.0,22.333333333333332,48.04999999999999,1.0
2023-11-11 13:30:00,608.5,22.35,48.05,1.0
2023-11-11 14:00:00,565.3333333333334,22.333333333333332,48.04999999999999,1.0
2023-11-11 14:30:00,559.3333333333334,22.366666666666664,48.04999999999999,1.0
2023-11-11 15:00:00,553.0,22.35,48.05,1.0
2023-11-11 15:30:00,580.3333333333334,22.333333333333332,48.04999999999999,1.0
2023-11-11 16:00:00,533.3333333333334,22.333333333333332,48.04999999999999,1.0
2023-11-11 16:30:00,599.3333333333334,22.399999999999995,48.04999999999999,1.0
2023-11-11 17:00:00,561.0,22.366666666666664,48.04999999999999,1.0
2023-11-11 17:30:00,563.0,22.333333333333332,48.04999999999999,1.0
2023-11-11 18:00:00,572.3333333333334,22.333333333333332,48.04999999999999,1.0
2023-11-11 18:30:00,533.3333333333334,22.366666666666664,48.04999999999999,1.0
2023-11-11 19:00:00,556.3333333333334,22.366666666666664,48.04999999999999,1.0
2023-11-11 19:30:00,559.6666666666666,22.333333333333332,48.04999999999999,1.0
2023-11-11 20:00:00,560.0,22.366666666666664,48.04999999999999,1.0
2023-11-11 20:30:00,552.3333333333334,22.333333333333332,48.04999999999999,1.0
2023-11-11 21:00:00,519.3333333333334,22.3,48.04999999999999,1.0
2023-11-11 21:30:00,582.0,22.3,48.04999999999999,1.0
2023-11-11 22:00:00,516.6666666666666,22.333333333333332,48.04999999999999,1.0
2023-11-11 22:30:00,564.0,22.3,48.04999999999999,1.0
2023-11-11 23:00:00,554.6666666666666,22.3,48.04999999999999,1.0
2023-11-11 23:30:00,556.0,22.333333333333332,48.04999999999999,1.0
2023-11-12 00:00:00,583.6666666666666,22.3,48.04999999999999,1.0
2023-11-12 00:30:00,556.5,22.35,48.05,1.0
2023-11-12 01:00:00,510.6666666666667,22.3,47.919999999999995,1.0
2023-11-12 01:30:00,541.0,22.3,48.04999999999999,1.0
2023-11-12 02:00:00,542.3333333333334,22.3,48.04999999999999,1.0
2023-11-12 02:30:00,577.0,22.3,47.919999999999995,1.0
2023-11-12 03:00:00,564.3333333333334,22.366666666666664,47.919999999999995,1.0
2023-11-12 03:30:00,523.6666666666666,22.3,48.04999999999999,1.0
2023-11-12 04:00:00,595.3333333333334,22.333333333333332,47.919999999999995,1.0
2023-11-12 04:30:00,518.6666666666666,22.3,47.79,1.0
2023-11-12 05:00:00,560.3333333333334,22.3,47.79,1.0
2023-11-12 05:30:00,521.3333333333334,22.3,47.66,1.0
2023-11-12 06:00:00,536.6666666666666,22.3,47.66,1.0
2023-11-12 06:30:00,582.0,22.3,47.66,1.0
2023-11-12 07:00:00,542.0,22.3,47.66,1.0
2023-11-12 07:30:00,555.3333333333334,22.3,47.66,1.0
2023-11-12 08:00:00,527.6666666666666,22.3,47.66,1.0
2023-11-12 08:30:00,544.0,22.3,47.66,1.0
2023-11-12 09:00:00,521.0,22.4,47.66,1.0
2023-11-12 09:30:00,545.3333333333334,22.3,47.66,1.0
2023-11-12 10:00:00,514.5,22.3,47.66,1.0
2023-11-12 10:30:00,550.0,22.3,47.66,1.0
2023-11-12 11:00:00,506.0,22.3,47.66,1.0
2023-11-12 11:30:00,551.6666666666666,22.266666666666666,47.66,1.0
2023-11-12 12:00:00,504.0,22.3,47.66,1.0
2023-11-12 12:30:00,528.3333333333334,22.3,47.66,1.0
2023-11-12 13:00:00,546.6666666666666,22.3,47.66,1.0
2023-11-12 13:30:00,561.6666666666666,22.3,47.66,1.0
2023-11-12 14:00:00,556.6666666666666,22.3,47.66,1.0
2023-11-12 14:30:00,534.0,22.3,47.66,1.0
2023-11-12 15:00:00,533.0,22.3,47.465,1.0
2023-11-12 15:30:00,519.6666666666666,22.3,47.66,1.0
2023-11-12 16:00:00,503.6666666666667,22.3,47.53,1.0
2023-11-12 16:30:00,508.0,22.3,47.53,1.0
2023-11-12 17:00:00,508.0,22.3,47.4,1.0
2023-11-12 17:30:00,525.5,22.3,47.27,1.0
2023-11-12 18:00:00,506.0,22.3,47.27,1.0
2023-11-12 18:30:00,522.3333333333334,22.266666666666666,47.27,1.0
2023-11-12 19:00:00,506.0,22.3,47.27,1.0
2023-11-12 19:30:00,542.3333333333334,22.3,47.27,1.0
2023-11-12 20:00:00,533.6666666666666,22.3,47.27,1.0
2023-11-12 20:30:00,499.0,22.266666666666666,47.27,1.0
2023-11-12 21:00:00,526.5,22.3,47.27,1.0
2023-11-12 21:30:00,509.0,22.2,47.27,1.0
2023-11-12 22:00:00,503.0,22.25,47.27,1.0
2023-11-12 22:30:00,519.3333333333334,22.266666666666666,47.14000000000001,1.0
2023-11-12 23:00:00,548.3333333333334,22.266666666666666,46.88,1.0
2023-11-12 23:30:00,499.6666666666667,22.233333333333334,46.88,1.0
2023-11-13 00:00:00,571.6666666666666,22.2,46.88,1.0
2023-11-13 00:30:00,516.0,22.266666666666666,46.88,1.0
2023-11-13 01:00:00,525.0,22.2,46.88,1.0
2023-11-13 01:30:00,481.0,22.3,46.88,1.0
2023-11-13 02:00:00,496.0,22.2,46.88,
2023-11-13 02:30:00,532.0,22.2,46.88,
2023-11-13 03:00:00,,,,
2023-11-13 03:30:00,512.0,22.2,46.48,1.0
2023-11-13 04:00:00,,,,1.0
2023-11-13 04:30:00,525.5,22.25,46.68,1.0
2023-11-13 05:00:00,499.6666666666667,22.233333333333334,46.48,1.0
2023-11-13 05:30:00,512.6666666666666,22.2,46.61333333333334,1.0
2023-11-13 06:00:00,534.3333333333334,22.2,46.48,1.0
2023-11-13 06:30:00,486.0,22.2,46.48,1.0
2023-11-13 07:00:00,534.0,22.166666666666668,46.48,1.0
2023-11-13 07:30:00,530.6666666666666,22.166666666666668,46.48,1.0
2023-11-13 08:00:00,504.3333333333333,22.2,46.48,1.0
2023-11-13 08:30:00,513.6666666666666,22.2,46.48,1.0
2023-11-13 09:00:00,483.0,22.15,46.48,1.0
2023-11-13 09:30:00,528.3333333333334,22.166666666666668,46.48,1.0
2023-11-13 10:00:00,774.0,22.166666666666668,48.306666666666665,0.6666666666666666
2023-11-13 10:30:00,913.0,22.233333333333334,47.79,0.8333333333333334
2023-11-13 11:00:00,1255.6666666666667,22.333333333333332,49.35,1.0
2023-11-13 11:30:00,1439.0,22.45,50.195,1.0
2023-11-13 12:00:00,1628.5,22.5,50.39,1.0
2023-11-13 12:30:00,1854.3333333333333,22.53333333333333,50.78,1.0
2023-11-13 13:00:00,2047.0,22.600000000000005,51.169999999999995,1.0
2023-11-13 13:30:00,2672.3333333333335,22.866666666666664,52.6,1.0
2023-11-13 14:00:00,2878.0,22.8,52.85999999999999,1.0
2023-11-13 14:30:00,3116.0,22.8,53.25333333333333,1.0
2023-11-13 15:00:00,2460.0,22.8,50.910000000000004,1.0
2023-11-13 15:30:00,2432.6666666666665,22.8,50.78,1.0
2023-11-13 16:00:00,2577.0,22.866666666666664,51.169999999999995,1.0
2023-11-13 16:30:00,2499.3333333333335,22.766666666666666,50.65,1.0
2023-11-13 17:00:00,2332.0,22.8,50.195,1.0
2023-11-13 17:30:00,2185.6666666666665,22.7,49.870000000000005,1.0
2023-11-13 18:00:00,2147.6666666666665,22.633333333333336,49.60999999999999,1.0
2023-11-13 18:30:00,2031.0,22.633333333333336,49.35,1.0
2023-11-13 19:00:00,1982.3333333333333,22.600000000000005,49.089999999999996,1.0
2023-11-13 19:30:00,1774.6666666666667,22.600000000000005,48.830000000000005,1.0
2023-11-13 20:00:00,1688.6666666666667,22.600000000000005,48.830000000000005,1.0
2023-11-13 20:30:00,1718.6666666666667,22.566666666666666,48.56999999999999,1.0
2023-11-13 21:00:00,1571.6666666666667,22.600000000000005,48.44,1.0
2023-11-13 21:30:00,1575.3333333333333,22.600000000000005,48.44,1.0
2023-11-13 22:00:00,1484.0,22.5,48.31,1.0
2023-11-13 22:30:00,1415.3333333333333,22.53333333333333,48.31,1.0
2023-11-13 23:00:00,1399.6666666666667,22.5,48.04999999999999,1.0
2023-11-13 23:30:00,1344.6666666666667,22.5,48.04999999999999,1.0
2023-11-14 00:00:00,1299.0,22.5,48.04999999999999,1.0
2023-11-14 00:30:00,1232.0,22.5,47.66,1.0
2023-11-14 01:00:00,1186.5,22.45,47.66,1.0
2023-11-14 01:30:00,1157.6666666666667,22.46666666666667,47.66,1.0
2023-11-14 02:00:00,1097.3333333333333,22.399999999999995,47.66,1.0
2023-11-14 02:30:00,1046.3333333333333,22.433333333333334,47.53,1.0
2023-11-14 03:00:00,1005.3333333333334,22.399999999999995,47.27,1.0
2023-11-14 03:30:00,1016.0,22.399999999999995,47.27,1.0
2023-11-14 04:00:00,983.6666666666666,22.433333333333334,47.27,1.0
2023-11-14 04:30:00,937.6666666666666,22.399999999999995,47.27,1.0
2023-11-14 05:00:00,908.6666666666666,22.399999999999995,47.27,1.0
2023-11-14 05:30:00,850.0,22.399999999999995,47.27,1.0
2023-11-14 06:00:00,855.0,22.399999999999995,47.14000000000001,1.0
2023-11-14 06:30:00,841.3333333333334,22.333333333333332,47.27,1.0
2023-11-14 07:00:00,799.3333333333334,22.3,47.27,1.0
2023-11-14 07:30:00,785.6666666666666,22.3,47.27,1.0
2023-11-14 08:00:00,778.6666666666666,22.3,47.27,1.0
2023-11-14 08:30:00,748.6666666666666,22.3,47.14000000000001,1.0
2023-11-14 09:00:00,736.3333333333334,22.3,47.01,1.0
2023-11-14 09:30:00,731.0,22.333333333333332,46.88,1.0
2023-11-14 10:00:00,694.6666666666666,22.3,46.88,1.0
2023-11-14 10:30:00,730.3333333333334,22.399999999999995,46.88,1.0
2023-11-14 11:00:00,709.3333333333334,22.333333333333332,46.88,1.0
2023-11-14 11:30:00,691.0,22.399999999999995,46.88,1.0
2023-11-14 12:00:00,690.6666666666666,22.399999999999995,46.88,1.0
2023-11-14 12:30:00,647.0,22.4,46.88,1.0
2023-11-14 13:00:00,658.0,22.399999999999995,46.88,1.0
2023-11-14 13:30:00,717.0,22.399999999999995,46.74666666666667,1.0
2023-11-14 14:00:00,656.6666666666666,22.433333333333334,46.48,1.0
2023-11-14 14:30:00,747.0,22.399999999999995,46.74666666666667,1.0
2023-11-14 15:00:00,692.0,22.5,46.68,1.0
2023-11-14 15:30:00,719.6666666666666,22.5,46.48,1.0
2023-11-14 16:00:00,745.6666666666666,22.5,46.48,1.0
2023-11-14 16:30:00,762.0,22.46666666666667,46.48,1.0
2023-11-14 17:00:00,751.3333333333334,22.46666666666667,46.48,1.0
2023-11-14 17:30:00,743.3333333333334,22.5,46.48,1.0
2023-11-14 18:00:00,716.6666666666666,22.46666666666667,46.48,1.0
2023-11-14 18:30:00,695.6666666666666,22.433333333333334,46.22,1.0
2023-11-14 19:00:00,740.3333333333334,22.399999999999995,46.09,1.0
2023-11-14 19:30:00,742.5,22.45,46.09,1.0
2023-11-14 20:00:00,732.6666666666666,22.399999999999995,46.09,1.0
2023-11-14 20:30:00,693.0,22.399999999999995,46.09,1.0
2023-11-14 21:00:00,690.3333333333334,22.399999999999995,46.09,1.0
2023-11-14 21:30:00,668.0,22.399999999999995,46.09,1.0
2023-11-14 22:00:00,670.6666666666666,22.366666666666664,46.09,1.0
2023-11-14 22:30:00,665.3333333333334,22.333333333333332,46.09,1.0
2023-11-14 23:00:00,707.6666666666666,22.3,46.09,1.0
2023-11-14 23:30:00,662.0,22.366666666666664,46.09,1.0
2023-11-15 00:00:00,681.3333333333334,22.3,46.09,1.0
2023-11-15 00:30:00,619.3333333333334,22.3,46.09,1.0
2023-11-15 01:00:00,627.3333333333334,22.3,46.09,1.0
2023-11-15 01:30:00,649.3333333333334,22.3,46.09,1.0
2023-11-15 02:00:00,638.0,22.266666666666666,45.96,1.0
2023-11-15 02:30:00,617.3333333333334,22.233333333333334,45.830000000000005,1.0
2023-11-15 03:00:00,612.0,22.266666666666666,45.70000000000001,1.0
2023-11-15 03:30:00,586.0,22.233333333333334,45.830000000000005,1.0
2023-11-15 04:00:00,564.0,22.266666666666666,45.70000000000001,1.0
2023-11-15 04:30:00,566.3333333333334,22.233333333333334,45.830000000000005,1.0
2023-11-15 05:00:00,599.5,22.25,45.7,1.0
2023-11-15 05:30:00,562.0,22.2,45.70000000000001,1.0
2023-11-15 06:00:00,549.5,22.25,45.7,1.0
2023-11-15 06:30:00,558.6666666666666,22.2,45.70000000000001,1.0
2023-11-15 07:00:00,573.0,22.2,45.70000000000001,1.0
2023-11-15 07:30:00,658.0,22.233333333333334,45.830000000000005,1.0
2023-11-15 08:00:00,1002.6666666666666,22.3,45.830000000000005,1.0
2023-11-15 08:30:00,943.6666666666666,22.366666666666664,44.919999999999995,1.0
2023-11-15 09:00:00,1023.6666666666666,22.5,44.53,0.8333333333333334
2023-11-15 09:30:00,898.3333333333334,22.400000000000002,44.01,1.0
2023-11-15 10:00:00,1257.0,22.400000000000002,47.13666666666666,1.0
2023-11-15 10:30:00,1837.0,22.6,50.0,1.0
2023-11-15 11:00:00,2238.0,22.733333333333334,50.78,1.0
2023-11-15 11:30:00,2217.5,22.75,49.805,1.0
2023-11-15 12:00:00,2068.3333333333335,22.7,49.089999999999996,1.0
2023-11-15 12:30:00,2686.3333333333335,22.866666666666664,50.65,1.0
2023-11-15 13:00:00,3211.0,23.0,52.47,1.0
2023-11-15 13:30:00,3650.0,23.066666666666666,52.85999999999999,1.0
2023-11-15 14:00:00,3242.0,23.066666666666666,50.91,1.0
2023-11-15 14:30:00,2248.3333333333335,23.03333333333333,47.53,1.0
2023-11-15 15:00:00,1810.0,23.100000000000005,45.31,1.0
2023-11-15 15:30:00,1780.3333333333333,23.100000000000005,45.18000000000001,1.0
2023-11-15 16:00:00,1660.6666666666667,23.133333333333336,44.660000000000004,1.0
2023-11-15 16:30:00,1532.3333333333333,23.100000000000005,44.660000000000004,1.0
2023-11-15 17:00:00,1715.3333333333333,23.03333333333333,45.31,1.0
2023-11-15 17:30:00,1647.0,22.95,45.31,1.0
2023-11-15 18:00:00,1648.3333333333333,22.8,45.31,1.0
2023-11-15 18:30:00,1548.3333333333333,22.8,45.70000000000001,1.0
2023-11-15 19:00:00,1473.0,22.733333333333334,45.70000000000001,1.0
2023-11-15 19:30:00,1422.6666666666667,22.7,45.70000000000001,1.0
2023-11-15 20:00:00,1381.6666666666667,22.666666666666668,45.44,1.0
2023-11-15 20:30:00,1291.6666666666667,22.600000000000005,45.44,1.0
2023-11-15 21:00:00,1266.3333333333333,22.600000000000005,45.31,1.0
2023-11-15 21:30:00,1233.5,22.6,45.31,1.0
2023-11-15 22:00:00,1180.3333333333333,22.566666666666666,45.31,1.0
2023-11-15 22:30:00,1149.0,22.53333333333333,45.31,1.0
2023-11-15 23:00:00,1103.6666666666667,22.53333333333333,45.31,1.0
2023-11-15 23:30:00,1063.3333333333333,22.5,45.31,1.0
2023-11-16 00:00:00,1017.0,22.433333333333334,45.31,1.0
2023-11-16 00:30:00,1025.6666666666667,22.46666666666667,45.31,1.0
2023-11-16 01:00:00,982.0,22.399999999999995,45.31,1.0
2023-11-16 01:30:00,930.6666666666666,22.399999999999995,45.31,1.0
2023-11-16 02:00:00,925.0,22.399999999999995,45.31,1.0
2023-11-16 02:30:00,897.3333333333334,22.399999999999995,45.31,1.0
2023-11-16 03:00:00,889.6666666666666,22.366666666666664,45.31,1.0
2023-11-16 03:30:00,812.0,22.35,45.31,1.0
2023-11-16 04:00:00,840.0,22.333333333333332,45.31,1.0
2023-11-16 04:30:00,831.0,22.3,45.31,1.0
2023-11-16 05:00:00,808.0,22.3,45.31,1.0
2023-11-16 05:30:00,780.6666666666666,22.3,45.31,1.0
2023-11-16 06:00:00,718.6666666666666,22.266666666666666,45.31,1.0
2023-11-16 06:30:00,763.3333333333334,22.266666666666666,45.050000000000004,1.0
2023-11-16 07:00:00,658.6666666666666,22.2,45.050000000000004,1.0
2023-11-16 07:30:00,939.6666666666666,22.3,46.74666666666667,1.0
2023-11-16 08:00:00,1006.3333333333334,22.366666666666664,47.14000000000001,1.0
2023-11-16 08:30:00,1109.0,22.3,50.584999999999994,1.0
2023-11-16 09:00:00,1243.3333333333333,22.233333333333334,50.39000000000001,1.0
2023-11-16 09:30:00,1604.0,22.3,53.12,1.0
2023-11-16 10:00:00,2029.0,22.4,55.08,1.0
2023-11-16 10:30:00,2392.0,22.6,54.69,1.0
2023-11-16 11:00:00,2686.6666666666665,22.600000000000005,55.6,1.0
2023-11-16 11:30:00,1865.6666666666667,22.7,51.300000000000004,1.0
2023-11-16 12:00:00,1086.0,22.85,46.290000000000006,1.0
2023-11-16 12:30:00,1608.3333333333333,23.066666666666666,47.66,1.0
2023-11-16 13:00:00,1999.0,23.3,49.22,1.0
2023-11-16 13:30:00,2203.0,23.3,49.60999999999999,1.0
2023-11-16 14:00:00,1951.3333333333333,23.333333333333332,48.96,1.0
2023-11-16 14:30:00,2323.0,23.46666666666667,50.0,1.0
2023-11-16 15:00:00,2661.5,23.55,50.78,1.0
2023-11-16 15:30:00,2924.6666666666665,23.600000000000005,51.300000000000004,1.0
2023-11-16 16:00:00,2294.6666666666665,23.600000000000005,48.56999999999999,1.0
2023-11-16 16:30:00,2335.3333333333335,23.633333333333336,48.699999999999996,1.0
2023-11-16 17:00:00,1465.6666666666667,23.400000000000002,45.18000000000001,1.0
2023-11-16 17:30:00,1393.3333333333333,23.166666666666668,45.830000000000005,1.0
2023-11-16 18:00:00,1345.6666666666667,23.03333333333333,46.09,1.0
2023-11-16 18:30:00,1313.6666666666667,22.96666666666667,46.09,1.0
2023-11-16 19:00:00,1286.0,22.85,46.285,1.0
2023-11-16 19:30:00,1251.6666666666667,22.8,46.48,1.0
2023-11-16 20:00:00,1212.0,22.8,46.48,1.0
2023-11-16 20:30:00,1191.6666666666667,22.766666666666666,46.48,1.0
2023-11-16 21:00:00,1128.6666666666667,22.7,46.48,1.0
2023-11-16 21:30:00,1164.0,22.633333333333336,46.48,1.0
2023-11-16 22:00:00,1105.3333333333333,22.600000000000005,46.48,1.0
2023-11-16 22:30:00,1078.0,22.600000000000005,46.48,1.0
2023-11-16 23:00:00,1101.3333333333333,22.600000000000005,46.48,1.0
2023-11-16 23:30:00,1055.0,22.5,46.48,1.0
2023-11-17 00:00:00,1026.3333333333333,22.5,46.48,1.0
2023-11-17 00:30:00,1019.0,22.5,46.48,1.0
2023-11-17 01:00:00,1019.0,22.5,46.48,1.0
2023-11-17 01:30:00,995.3333333333334,22.46666666666667,46.48,1.0
2023-11-17 02:00:00,949.0,22.433333333333334,46.48,1.0
2023-11-17 02:30:00,944.0,22.46666666666667,46.74666666666667,1.0
2023-11-17 03:00:00,930.3333333333334,22.399999999999995,46.88,1.0
2023-11-17 03:30:00,939.3333333333334,22.399999999999995,46.88,1.0
2023-11-17 04:00:00,870.0,22.399999999999995,46.88,1.0
2023-11-17 04:30:00,901.0,22.399999999999995,46.88,1.0
2023-11-17 05:00:00,840.3333333333334,22.399999999999995,46.88,1.0
2023-11-17 05:30:00,854.3333333333334,22.399999999999995,46.88,1.0
2023-11-17 06:00:00,898.0,22.366666666666664,46.88,1.0
2023-11-17 06:30:00,857.6666666666666,22.333333333333332,46.74666666666667,1.0
2023-11-17 07:00:00,803.3333333333334,22.3,46.61333333333334,1.0
2023-11-17 07:30:00,947.0,22.333333333333332,46.223333333333336,1.0
2023-11-17 08:00:00,1098.6666666666667,22.399999999999995,45.57,1.0
2023-11-17 08:30:00,1609.5,22.700000000000003,49.22,1.0
2023-11-17 09:00:00,1957.0,22.933333333333334,50.0,1.0
2023-11-17 09:30:00,2436.3333333333335,23.099999999999998,51.04,1.0
2023-11-17 10:00:00,2371.6666666666665,23.2,49.870000000000005,1.0
2023-11-17 10:30:00,2639.6666666666665,23.333333333333332,50.39000000000001,1.0
2023-11-17 11:00:00,2951.3333333333335,23.333333333333332,50.65,1.0
2023-11-17 11:30:00,2696.3333333333335,23.166666666666668,49.74,1.0
2023-11-17 12:00:00,2485.6666666666665,23.133333333333336,49.089999999999996,1.0
2023-11-17 12:30:00,1210.0,23.2,40.75333333333333,1.0
2023-11-17 13:00:00,885.6666666666666,23.166666666666668,36.33,1.0
2023-11-17 13:30:00,1092.3333333333333,23.266666666666666,38.02,1.0
2023-11-17 14:00:00,1188.0,23.366666666666664,38.800000000000004,1.0
2023-11-17 14:30:00,1377.3333333333333,23.599999999999998,38.67333333333334,0.6666666666666666
2023-11-17 15:00:00,1308.6666666666667,23.5,38.93,1.0
2023-11-17 15:30:00,1347.0,23.633333333333336,39.06,1.0
2023-11-17 16:00:00,1411.3333333333333,23.766666666666666,39.45,1.0
2023-11-17 16:30:00,1597.6666666666667,23.899999999999995,40.35999999999999,1.0
2023-11-17 17:00:00,1752.0,23.666666666666668,41.276666666666664,1.0
2023-11-17 17:30:00,2095.3333333333335,23.566666666666666,42.71,1.0
2023-11-17 18:00:00,2139.3333333333335,23.400000000000002,42.97,1.0
2023-11-17 18:30:00,1985.0,23.233333333333334,42.97,1.0
2023-11-17 19:00:00,1914.0,23.133333333333336,42.97,1.0
2023-11-17 19:30:00,1870.0,23.066666666666666,43.1,1.0
2023-11-17 20:00:00,1808.3333333333333,23.0,43.23,1.0
2023-11-17 20:30:00,1793.0,23.0,43.35999999999999,1.0
2023-11-17 21:00:00,1781.3333333333333,22.899999999999995,43.35999999999999,1.0
2023-11-17 21:30:00,1728.6666666666667,22.899999999999995,43.35999999999999,1.0
2023-11-17 22:00:00,1719.6666666666667,22.866666666666664,43.49,1.0
2023-11-17 22:30:00,1689.6666666666667,22.8,43.75,1.0
2023-11-17 23:00:00,1629.0,22.8,43.75,1.0
2023-11-17 23:30:00,1522.0,22.733333333333334,43.75,1.0
2023-11-18 00:00:00,1505.3333333333333,22.733333333333334,43.75,1.0
2023-11-18 00:30:00,1498.3333333333333,22.7,43.879999999999995,1.0
2023-11-18 01:00:00,1480.3333333333333,22.7,43.879999999999995,1.0
2023-11-18 01:30:00,1474.0,22.65,43.75,1.0
2023-11-18 02:00:00,1437.3333333333333,22.633333333333336,43.879999999999995,1.0
2023-11-18 02:30:00,1403.6666666666667,22.600000000000005,43.879999999999995,1.0
2023-11-18 03:00:00,1389.6666666666667,22.600000000000005,44.14000000000001,1.0
2023-11-18 03:30:00,1337.3333333333333,22.566666666666666,44.14000000000001,1.0
2023-11-18 04:00:00,1296.6666666666667,22.5,44.14000000000001,1.0
2023-11-18 04:30:00,1241.6666666666667,22.5,44.01,1.0
2023-11-18 05:00:00,1220.3333333333333,22.433333333333334,43.879999999999995,1.0
2023-11-18 05:30:00,1194.6666666666667,22.399999999999995,43.75,1.0
2023-11-18 06:00:00,1181.0,22.433333333333334,43.879999999999995,1.0
2023-11-18 06:30:00,1144.3333333333333,22.399999999999995,43.75,1.0
2023-11-18 07:00:00,1117.0,22.399999999999995,43.75,1.0
2023-11-18 07:30:00,1064.3333333333333,22.366666666666664,43.620000000000005,1.0
2023-11-18 08:00:00,1022.6666666666666,22.3,43.35999999999999,1.0
2023-11-18 08:30:00,1017.0,22.3,43.35999999999999,1.0
2023-11-18 09:00:00,964.3333333333334,22.333333333333332,43.35999999999999,1.0
2023-11-18 09:30:00,944.6666666666666,22.3,43.1,1.0
2023-11-18 10:00:00,921.3333333333334,22.3,42.97,1.0
2023-11-18 10:30:00,921.3333333333334,22.3,42.97,1.0
2023-11-18 11:00:00,905.0,22.3,42.97,1.0
2023-11-18 11:30:00,849.6666666666666,22.3,42.97,1.0
2023-11-18 12:00:00,860.3333333333334,22.266666666666666,42.97,1.0
2023-11-18 12:30:00,826.0,22.2,42.97,1.0
2023-11-18 13:00:00,805.6666666666666,22.233333333333334,42.97,1.0
2023-11-18 13:30:00,795.6666666666666,22.2,42.97,1.0
2023-11-18 14:00:00,807.3333333333334,22.2,42.97,1.0
2023-11-18 14:30:00,741.5,22.2,42.58,1.0
2023-11-18 15:00:00,735.3333333333334,22.2,42.58,1.0
2023-11-18 15:30:00,749.6666666666666,22.2,42.58,1.0
2023-11-18 16:00:00,731.6666666666666,22.133333333333336,42.58,1.0
2023-11-18 16:30:00,679.3333333333334,22.166666666666668,42.58,1.0
2023-11-18 17:00:00,716.6666666666666,22.100000000000005,42.58,1.0
2023-11-18 17:30:00,678.6666666666666,22.166666666666668,42.58,1.0
2023-11-18 18:00:00,653.6666666666666,22.133333333333336,42.58,1.0
2023-11-18 18:30:00,691.6666666666666,22.133333333333336,42.58,1.0
2023-11-18 19:00:00,653.6666666666666,22.100000000000005,42.449999999999996,1.0
2023-11-18 19:30:00,650.0,22.133333333333336,42.449999999999996,1.0
2023-11-18 20:00:00,631.0,22.100000000000005,42.32,1.0
2023-11-18 20:30:00,659.6666666666666,22.100000000000005,42.32,1.0
2023-11-18 21:00:00,595.3333333333334,22.100000000000005,42.32,1.0
2023-11-18 21:30:00,645.0,22.100000000000005,42.449999999999996,1.0
2023-11-18 22:00:00,602.0,22.100000000000005,42.449999999999996,1.0
2023-11-18 22:30:00,576.3333333333334,22.100000000000005,42.58,1.0
2023-11-18 23:00:00,562.3333333333334,22.100000000000005,42.58,1.0
2023-11-18 23:30:00,618.0,22.066666666666666,42.58,1.0
2023-11-19 00:00:00,598.6666666666666,22.066666666666666,42.58,1.0
2023-11-19 00:30:00,607.3333333333334,22.066666666666666,42.58,1.0
2023-11-19 01:00:00,553.3333333333334,22.100000000000005,42.58,1.0
2023-11-19 01:30:00,541.0,22.0,42.58,1.0
2023-11-19 02:00:00,586.6666666666666,22.100000000000005,42.58,1.0
2023-11-19 02:30:00,544.3333333333334,22.03333333333333,42.58,1.0
2023-11-19 03:00:00,545.6666666666666,22.0,42.58,1.0
2023-11-19 03:30:00,542.0,22.0,42.58,1.0
2023-11-19 04:00:00,544.6666666666666,22.0,42.58,1.0
2023-11-19 04:30:00,533.0,22.0,42.58,1.0
2023-11-19 05:00:00,544.5,22.0,42.58,1.0
2023-11-19 05:30:00,556.0,22.0,42.58,1.0
2023-11-19 06:00:00,535.0,22.0,42.58,1.0
2023-11-19 06:30:00,506.6666666666667,22.0,42.97,1.0
2023-11-19 07:00:00,513.0,22.0,42.97,1.0
2023-11-19 07:30:00,500.3333333333333,22.0,42.97,1.0
2023-11-19 08:00:00,494.3333333333333,22.0,42.97,1.0
2023-11-19 08:30:00,537.6666666666666,21.933333333333334,42.97,1.0
2023-11-19 09:00:00,488.6666666666667,21.96666666666667,42.97,1.0
2023-11-19 09:30:00,473.3333333333333,21.96666666666667,42.97,1.0
2023-11-19 10:00:00,523.6666666666666,21.933333333333334,42.97,1.0
2023-11-19 10:30:00,482.0,21.899999999999995,42.97,1.0
2023-11-19 11:00:00,484.0,21.899999999999995,42.97,1.0
2023-11-19 11:30:00,489.6666666666667,21.899999999999995,42.97,1.0
2023-11-19 12:00:00,501.0,21.899999999999995,42.97,1.0
2023-11-19 12:30:00,489.0,21.899999999999995,42.97,1.0
2023-11-19 13:00:00,463.3333333333333,21.899999999999995,42.97,1.0
2023-11-19 13:30:00,467.3333333333333,21.866666666666664,42.97,1.0
2023-11-19 14:00:00,485.0,21.9,42.97,1.0
2023-11-19 14:30:00,458.0,21.9,42.97,1.0
2023-11-19 15:00:00,493.6666666666667,21.899999999999995,42.97,1.0
2023-11-19 15:30:00,455.6666666666667,21.899999999999995,42.97,1.0
2023-11-19 16:00:00,452.3333333333333,21.899999999999995,42.97,1.0
2023-11-19 16:30:00,454.0,21.866666666666664,42.97,1.0
2023-11-19 17:00:00,484.6666666666667,21.899999999999995,42.97,1.0
2023-11-19 17:30:00,457.6666666666667,21.866666666666664,42.97,1.0
2023-11-19 18:00:00,500.3333333333333,21.833333333333332,42.97,1.0
2023-11-19 18:30:00,477.0,21.8,42.97,1.0
2023-11-19 19:00:00,442.3333333333333,21.866666666666664,42.839999999999996,1.0
2023-11-19 19:30:00,459.3333333333333,21.833333333333332,42.71,1.0
2023-11-19 20:00:00,466.3333333333333,21.833333333333332,42.58,1.0
2023-11-19 20:30:00,460.6666666666667,21.8,42.839999999999996,1.0
2023-11-19 21:00:00,494.3333333333333,21.833333333333332,42.97,1.0
2023-11-19 21:30:00,457.0,21.8,42.839999999999996,1.0
2023-11-19 22:00:00,482.0,21.8,42.71,1.0
2023-11-19 22:30:00,473.0,21.8,42.97,1.0
2023-11-19 23:00:00,466.3333333333333,21.833333333333332,42.97,1.0
2023-11-19 23:30:00,461.6666666666667,21.833333333333332,42.839999999999996,1.0
2023-11-20 00:00:00,446.6666666666667,21.866666666666664,42.839999999999996,1.0
2023-11-20 00:30:00,429.5,21.8,42.97,1.0
2023-11-20 01:00:00,449.3333333333333,21.833333333333332,42.97,1.0
2023-11-20 01:30:00,491.0,21.833333333333332,42.97,1.0
2023-11-20 02:00:00,459.0,21.8,42.97,1.0
2023-11-20 02:30:00,425.0,21.75,42.97,1.0
2023-11-20 03:00:00,466.0,21.766666666666666,42.97,1.0
2023-11-20 03:30:00,437.0,21.733333333333334,42.97,1.0
2023-11-20 04:00:00,463.0,21.766666666666666,42.97,1.0
2023-11-20 04:30:00,453.6666666666667,21.766666666666666,42.97,1.0
2023-11-20 05:00:00,483.6666666666667,21.766666666666666,42.97,1.0
2023-11-20 05:30:00,477.6666666666667,21.766666666666666,42.97,1.0
2023-11-20 06:00:00,452.3333333333333,21.766666666666666,42.97,1.0
2023-11-20 06:30:00,441.0,21.8,42.97,1.0
2023-11-20 07:00:00,473.3333333333333,21.766666666666666,42.97,1.0
2023-11-20 07:30:00,491.5,21.8,42.97,1.0
2023-11-20 08:00:00,490.0,21.8,42.97,1.0
2023-11-20 08:30:00,502.0,21.8,42.97,1.0
2023-11-20 09:00:00,517.0,21.8,42.97,1.0
2023-11-20 09:30:00,518.3333333333334,21.866666666666664,42.839999999999996,1.0
2023-11-20 10:00:00,526.0,21.899999999999995,42.71,1.0
2023-11-20 10:30:00,527.0,21.866666666666664,42.97,1.0
2023-11-20 11:00:00,604.3333333333334,21.899999999999995,42.97,1.0
2023-11-20 11:30:00,638.6666666666666,21.933333333333334,42.97,1.0
2023-11-20 12:00:00,627.0,22.0,42.97,1.0
2023-11-20 12:30:00,666.3333333333334,22.0,42.839999999999996,1.0
2023-11-20 13:00:00,652.6666666666666,22.0,42.97,1.0
2023-11-20 13:30:00,692.0,22.066666666666666,42.839999999999996,1.0
2023-11-20 14:00:00,726.3333333333334,22.066666666666666,42.58,1.0
2023-11-20 14:30:00,762.0,22.1,42.58,1.0
2023-11-20 15:00:00,757.3333333333334,22.166666666666668,42.71,1.0
2023-11-20 15:30:00,807.0,22.15,42.58,1.0
2023-11-20 16:00:00,743.6666666666666,22.166666666666668,42.58,1.0
2023-11-20 16:30:00,759.0,22.166666666666668,42.58,1.0
2023-11-20 17:00:00,742.6666666666666,22.2,42.58,1.0
2023-11-20 17:30:00,777.0,22.2,42.58,1.0
2023-11-20 18:00:00,781.6666666666666,22.2,42.58,1.0
2023-11-20 18:30:00,826.6666666666666,22.2,42.58,1.0
2023-11-20 19:00:00,754.6666666666666,22.2,42.58,1.0
2023-11-20 19:30:00,843.6666666666666,22.266666666666666,42.58,1.0
2023-11-20 20:00:00,777.6666666666666,22.2,42.58,1.0
2023-11-20 20:30:00,806.0,22.2,42.58,1.0
2023-11-20 21:00:00,785.6666666666666,22.266666666666666,42.58,1.0
2023-11-20 21:30:00,753.0,22.2,42.58,1.0
2023-11-20 22:00:00,766.6666666666666,22.2,42.58,1.0
2023-11-20 22:30:00,750.3333333333334,22.2,42.58,1.0
2023-11-20 23:00:00,704.6666666666666,22.2,42.58,1.0
2023-11-20 23:30:00,749.6666666666666,22.166666666666668,42.58,1.0
2023-11-21 00:00:00,665.6666666666666,22.166666666666668,42.71,1.0
2023-11-21 00:30:00,707.3333333333334,22.100000000000005,42.58,1.0
2023-11-21 01:00:00,726.6666666666666,22.166666666666668,42.839999999999996,1.0
2023-11-21 01:30:00,652.3333333333334,22.133333333333336,42.839999999999996,1.0
2023-11-21 02:00:00,684.6666666666666,22.133333333333336,42.71,1.0
2023-11-21 02:30:00,661.6666666666666,22.166666666666668,42.58,1.0
2023-11-21 03:00:00,695.0,22.100000000000005,42.58,1.0
2023-11-21 03:30:00,661.3333333333334,22.133333333333336,42.58,1.0
2023-11-21 04:00:00,672.0,22.100000000000005,42.97,1.0
2023-11-21 04:30:00,644.6666666666666,22.100000000000005,42.97,1.0
2023-11-21 05:00:00,644.0,22.100000000000005,42.97,1.0
2023-11-21 05:30:00,620.3333333333334,22.066666666666666,42.97,1.0
2023-11-21 06:00:00,669.0,22.066666666666666,42.839999999999996,1.0
2023-11-21 06:30:00,576.6666666666666,22.066666666666666,42.97,1.0
2023-11-21 07:00:00,615.0,22.066666666666666,42.97,1.0
2023-11-21 07:30:00,602.0,22.03333333333333,42.839999999999996,1.0
2023-11-21 08:00:00,618.0,22.05,42.58,1.0
2023-11-21 08:30:00,766.0,22.100000000000005,41.01333333333333,1.0
2023-11-21 09:00:00,1041.0,22.233333333333334,41.406666666666666,1.0
2023-11-21 09:30:00,1332.6666666666667,22.3,43.23,1.0
2023-11-21 10:00:00,1509.0,22.399999999999995,43.35999999999999,1.0
2023-11-21 10:30:00,1390.0,22.366666666666664,42.58,1.0
2023-11-21 11:00:00,1458.3333333333333,22.3,42.58,1.0
2023-11-21 11:30:00,1824.3333333333333,22.433333333333334,44.14000000000001,1.0
2023-11-21 12:00:00,2196.3333333333335,22.5,45.050000000000004,1.0
2023-11-21 12:30:00,2459.6666666666665,22.600000000000005,45.830000000000005,1.0
2023-11-21 13:00:00,2597.3333333333335,22.633333333333336,45.96,1.0
2023-11-21 13:30:00,2834.6666666666665,22.666666666666668,46.22,1.0
2023-11-21 14:00:00,1995.3333333333333,22.600000000000005,42.18666666666667,1.0
2023-11-21 14:30:00,1505.6666666666667,22.53333333333333,39.19,1.0
2023-11-21 15:00:00,1467.6666666666667,22.600000000000005,38.93,1.0
2023-11-21 15:30:00,1868.5,22.6,41.41,1.0
2023-11-21 16:00:00,2067.3333333333335,22.666666666666668,42.059999999999995,1.0
2023-11-21 16:30:00,2114.0,22.65,42.19,1.0
2023-11-21 17:00:00,2153.0,22.666666666666668,42.19,1.0
2023-11-21 17:30:00,2084.5,22.55,42.19,1.0
2023-11-21 18:00:00,1974.3333333333333,22.46666666666667,42.19,1.0
2023-11-21 18:30:00,1862.0,22.366666666666664,42.449999999999996,1.0
2023-11-21 19:00:00,1798.0,22.366666666666664,42.32,1.0
2023-11-21 19:30:00,1777.0,22.3,42.19,1.0
2023-11-21 20:00:00,1632.6666666666667,22.266666666666666,42.19,1.0
2023-11-21 20:30:00,1619.0,22.3,42.449999999999996,1.0
2023-11-21 21:00:00,1572.6666666666667,22.233333333333334,42.449999999999996,1.0
2023-11-21 21:30:00,1497.3333333333333,22.2,42.58,1.0
2023-11-21 22:00:00,1476.6666666666667,22.2,42.58,1.0
2023-11-21 22:30:00,1403.3333333333333,22.166666666666668,42.58,1.0
2023-11-21 23:00:00,1371.3333333333333,22.133333333333336,42.58,1.0
2023-11-21 23:30:00,1378.3333333333333,22.133333333333336,42.58,1.0
2023-11-22 00:00:00,1275.3333333333333,22.100000000000005,42.58,1.0
2023-11-22 00:30:00,1333.5,22.1,42.58,1.0
2023-11-22 01:00:00,1164.0,22.100000000000005,42.32,1.0
2023-11-22 01:30:00,1157.6666666666667,22.066666666666666,42.58,1.0
2023-11-22 02:00:00,1122.6666666666667,22.03333333333333,42.32,1.0
2023-11-22 02:30:00,1088.0,22.100000000000005,42.19,1.0
2023-11-22 03:00:00,1069.3333333333333,22.0,42.19,1.0
2023-11-22 03:30:00,1046.6666666666667,22.0,42.19,1.0
2023-11-22 04:00:00,1010.6666666666666,22.0,42.19,1.0
2023-11-22 04:30:00,963.0,22.0,42.19,1.0
2023-11-22 05:00:00,925.0,22.0,42.19,1.0
2023-11-22 05:30:00,937.0,21.96666666666667,42.19,1.0
2023-11-22 06:00:00,925.5,21.95,42.19,1.0
2023-11-22 06:30:00,869.6666666666666,21.899999999999995,42.059999999999995,1.0
2023-11-22 07:00:00,903.6666666666666,21.899999999999995,41.8,1.0
2023-11-22 07:30:00,843.3333333333334,21.899999999999995,41.669999999999995,1.0
2023-11-22 08:00:00,804.5,21.9,41.605,1.0
2023-11-22 08:30:00,791.0,21.899999999999995,41.54,1.0
2023-11-22 09:00:00,797.0,21.899999999999995,41.41,1.0
2023-11-22 09:30:00,828.0,21.899999999999995,41.41,1.0
2023-11-22 10:00:00,812.3333333333334,21.899999999999995,41.41,1.0
2023-11-22 10:30:00,790.6666666666666,21.899999999999995,41.41,1.0
2023-11-22 11:00:00,804.3333333333334,21.899999999999995,41.41,1.0
2023-11-22 11:30:00,792.6666666666666,21.899999999999995,41.41,1.0
2023-11-22 12:00:00,850.3333333333334,21.899999999999995,41.41,1.0
2023-11-22 12:30:00,850.3333333333334,21.933333333333334,41.41,1.0
2023-11-22 13:00:00,850.5,21.9,41.41,1.0
2023-11-22 13:30:00,881.6666666666666,21.899999999999995,41.41,1.0
2023-11-22 14:00:00,847.0,21.9,41.41,1.0
2023-11-22 14:30:00,908.0,21.899999999999995,41.8,1.0
2023-11-22 15:00:00,930.0,21.899999999999995,41.669999999999995,1.0
2023-11-22 15:30:00,909.6666666666666,21.899999999999995,41.41,1.0
2023-11-22 16:00:00,875.0,21.899999999999995,41.41,1.0
2023-11-22 16:30:00,889.6666666666666,21.899999999999995,41.669999999999995,1.0
2023-11-22 17:00:00,920.3333333333334,21.899999999999995,41.41,1.0
2023-11-22 17:30:00,900.6666666666666,21.899999999999995,41.41,1.0
2023-11-22 18:00:00,864.6666666666666,21.899999999999995,41.15,1.0
2023-11-22 18:30:00,872.3333333333334,21.899999999999995,41.02,1.0
2023-11-22 19:00:00,853.6666666666666,21.866666666666664,41.15,1.0
2023-11-22 19:30:00,894.3333333333334,21.866666666666664,41.02,1.0
2023-11-22 20:00:00,871.0,21.866666666666664,41.15,1.0
2023-11-22 20:30:00,860.6666666666666,21.833333333333332,41.41,1.0
2023-11-22 21:00:00,867.3333333333334,21.8,41.41,1.0
2023-11-22 21:30:00,853.0,21.8,41.41,1.0
2023-11-22 22:00:00,838.6666666666666,21.833333333333332,41.41,1.0
2023-11-22 22:30:00,832.0,21.8,41.41,1.0
2023-11-22 23:00:00,803.0,21.8,41.41,1.0
2023-11-22 23:30:00,773.3333333333334,21.8,41.41,1.0
2023-11-23 00:00:00,743.6666666666666,21.833333333333332,41.41,1.0
2023-11-23 00:30:00,759.6666666666666,21.8,41.41,1.0
2023-11-23 01:00:00,768.6666666666666,21.8,41.41,1.0
2023-11-23 01:30:00,721.0,21.8,41.41,1.0
2023-11-23 02:00:00,684.0,21.8,41.8,1.0
2023-11-23 02:30:00,714.0,21.8,41.8,1.0
2023-11-23 03:00:00,733.0,21.8,41.8,1.0
2023-11-23 03:30:00,698.0,21.8,41.995,1.0
2023-11-23 04:00:00,701.6666666666666,21.8,42.19,1.0
2023-11-23 04:30:00,667.0,21.733333333333334,42.449999999999996,1.0
2023-11-23 05:00:00,671.0,21.766666666666666,42.58,1.0
2023-11-23 05:30:00,652.6666666666666,21.7,42.58,1.0
2023-11-23 06:00:00,711.5,21.8,42.97,1.0
2023-11-23 06:30:00,659.6666666666666,21.766666666666666,42.97,1.0
2023-11-23 07:00:00,801.0,21.8,44.14000000000001,1.0
2023-11-23 07:30:00,793.0,21.8,44.14000000000001,1.0
2023-11-23 08:00:00,827.6666666666666,21.766666666666666,44.14000000000001,1.0
2023-11-23 08:30:00,825.6666666666666,21.766666666666666,45.96333333333333,0.4
2023-11-23 09:00:00,1224.3333333333333,21.900000000000002,49.870000000000005,1.0
2023-11-23 09:30:00,1664.0,22.133333333333336,53.38666666666666,1.0
2023-11-23 10:00:00,1929.0,22.400000000000002,54.169999999999995,1.0
2023-11-23 10:30:00,1806.0,22.5,52.735,1.0
2023-11-23 11:00:00,1674.3333333333333,22.433333333333334,51.82,1.0
2023-11-23 11:30:00,1913.6666666666667,22.46666666666667,52.34,1.0
2023-11-23 12:00:00,1650.0,22.5,50.78,1.0
2023-11-23 12:30:00,1576.6666666666667,22.5,49.48,1.0
2023-11-23 13:00:00,2062.3333333333335,22.53333333333333,51.43000000000001,1.0
2023-11-23 13:30:00,2171.0,22.7,51.56,1.0
2023-11-23 14:00:00,2240.0,22.7,50.975,1.0
2023-11-23 14:30:00,2429.0,22.7,51.17,1.0
2023-11-23 15:00:00,2567.3333333333335,22.8,51.95000000000001,1.0
2023-11-23 15:30:00,2634.3333333333335,22.8,51.82,1.0
2023-11-23 16:00:00,2550.0,22.8,50.78,1.0
2023-11-23 16:30:00,2341.3333333333335,22.666666666666668,50.129999999999995,1.0
2023-11-23 17:00:00,2240.6666666666665,22.600000000000005,49.74,1.0
2023-11-23 17:30:00,2195.0,22.6,49.22,1.0
2023-11-23 18:00:00,2053.6666666666665,22.5,48.830000000000005,1.0
2023-11-23 18:30:00,1966.3333333333333,22.5,48.44,1.0
2023-11-23 19:00:00,1864.0,22.5,48.18,1.0
2023-11-23 19:30:00,1748.6666666666667,22.46666666666667,47.66,1.0
2023-11-23 20:00:00,1750.0,22.46666666666667,47.66,1.0
2023-11-23 20:30:00,1655.3333333333333,22.433333333333334,47.27,1.0
2023-11-23 21:00:00,1613.0,22.399999999999995,47.27,1.0
2023-11-23 21:30:00,1557.3333333333333,22.399999999999995,46.88,1.0
2023-11-23 22:00:00,1501.0,22.4,46.88,1.0
2023-11-23 22:30:00,1490.3333333333333,22.366666666666664,46.88,1.0
2023-11-23 23:00:00,1411.6666666666667,22.3,46.74666666666667,1.0
2023-11-23 23:30:00,1380.6666666666667,22.3,46.48,1.0
2023-11-24 00:00:00,1346.6666666666667,22.266666666666666,46.48,1.0
2023-11-24 00:30:00,1260.5,22.25,46.48,1.0
2023-11-24 01:00:00,1217.0,22.2,46.09,1.0
2023-11-24 01:30:00,1201.3333333333333,22.166666666666668,46.09,1.0
2023-11-24 02:00:00,1169.0,22.166666666666668,46.09,1.0
2023-11-24 02:30:00,1160.3333333333333,22.166666666666668,45.830000000000005,1.0
2023-11-24 03:00:00,1094.3333333333333,22.100000000000005,45.70000000000001,1.0
2023-11-24 03:30:00,1028.0,22.133333333333336,45.57,1.0
2023-11-24 04:00:00,1058.0,22.100000000000005,45.44,1.0
2023-11-24 04:30:00,1006.0,22.100000000000005,45.44,1.0
2023-11-24 05:00:00,1001.0,22.100000000000005,45.44,1.0
2023-11-24 05:30:00,988.0,22.0,45.31,1.0
2023-11-24 06:00:00,952.6666666666666,22.0,45.31,1.0
2023-11-24 06:30:00,904.3333333333334,22.0,45.050000000000004,1.0
2023-11-24 07:00:00,916.3333333333334,22.0,44.919999999999995,1.0
2023-11-24 07:30:00,839.6666666666666,21.96666666666667,44.53,1.0
2023-11-24 08:00:00,808.0,21.95,44.53,1.0
2023-11-24 08:30:00,873.0,21.9,44.53,1.0
2023-11-24 09:00:00,,,,1.0
2023-11-24 09:30:00,1002.5,21.95,43.36,0.8333333333333334
2023-11-24 10:00:00,1102.5,22.0,43.165,1.0
2023-11-24 10:30:00,,,,1.0
2023-11-24 11:00:00,1906.6666666666667,22.333333333333332,46.09,1.0
2023-11-24 11:30:00,1593.5,22.35,45.31,1.0
2023-11-24 12:00:00,,,,1.0
2023-11-24 12:30:00,1684.0,22.3,44.92,1.0
2023-11-24 13:00:00,2139.0,22.4,46.48,1.0
2023-11-24 13:30:00,2345.0,22.4,47.27,1.0
2023-11-24 14:00:00,2513.0,22.45,47.27,1.0
2023-11-24 14:30:00,2673.0,22.4,47.66,1.0
2023-11-24 15:00:00,2855.5,22.5,48.05,1.0
2023-11-24 15:30:00,2785.0,22.5,47.27,1.0
2023-11-24 16:00:00,,,,1.0
2023-11-24 16:30:00,,,,1.0
2023-11-24 17:00:00,,,,1.0
2023-11-24 17:30:00,,,,1.0
2023-11-24 18:00:00,,,,1.0
2023-11-24 18:30:00,2423.0,22.3,45.505,1.0
2023-11-24 19:00:00,2215.5,22.3,45.31,1.0
2023-11-24 19:30:00,2205.0,22.3,44.92,1.0
2023-11-24 20:00:00,2005.0,22.3,44.92,1.0
2023-11-24 20:30:00,1934.5,22.3,44.92,1.0
2023-11-24 21:00:00,1952.0,22.3,44.92,1.0
2023-11-24 21:30:00,1776.5,22.3,44.53,1.0
2023-11-24 22:00:00,1728.5,22.2,44.14,1.0
2023-11-24 22:30:00,1678.5,22.2,44.14,1.0
2023-11-24 23:00:00,1581.0,22.2,44.01,1.0
2023-11-24 23:30:00,1510.5,22.2,43.945,1.0
2023-11-25 00:00:00,1483.6666666666667,22.166666666666668,43.879999999999995,1.0
2023-11-25 00:30:00,1438.0,22.100000000000005,43.75,1.0
2023-11-25 01:00:00,1393.0,22.100000000000005,43.620000000000005,1.0
2023-11-25 01:30:00,1268.0,22.066666666666666,43.49,1.0
2023-11-25 02:00:00,1246.6666666666667,22.100000000000005,43.35999999999999,1.0
2023-11-25 02:30:00,1172.0,22.1,42.97,1.0
2023-11-25 03:00:00,1140.0,22.0,43.165,1.0
2023-11-25 03:30:00,1109.0,22.0,43.165,1.0
2023-11-25 04:00:00,1049.3333333333333,22.0,42.97,1.0
2023-11-25 04:30:00,1059.5,22.0,42.97,1.0
2023-11-25 05:00:00,992.3333333333334,21.96666666666667,42.97,1.0
2023-11-25 05:30:00,983.6666666666666,21.933333333333334,42.58,1.0
2023-11-25 06:00:00,886.6666666666666,21.899999999999995,42.58,1.0
2023-11-25 06:30:00,925.3333333333334,21.899999999999995,42.58,1.0
2023-11-25 07:00:00,870.0,21.899999999999995,42.449999999999996,1.0
2023-11-25 07:30:00,875.3333333333334,21.899999999999995,42.19,1.0
2023-11-25 08:00:00,820.0,21.866666666666664,42.19,1.0
2023-11-25 08:30:00,806.0,21.833333333333332,42.19,1.0
2023-11-25 09:00:00,810.0,21.866666666666664,42.19,1.0
2023-11-25 09:30:00,761.6666666666666,21.833333333333332,41.8,1.0
2023-11-25 10:00:00,738.3333333333334,21.8,41.8,1.0
2023-11-25 10:30:00,711.3333333333334,21.8,41.8,1.0
2023-11-25 11:00:00,720.0,21.8,41.8,1.0
2023-11-25 11:30:00,716.0,21.8,41.41,1.0
2023-11-25 12:00:00,676.0,21.8,41.41,1.0
2023-11-25 12:30:00,640.3333333333334,21.766666666666666,41.41,1.0
2023-11-25 13:00:00,672.6666666666666,21.8,41.41,1.0
2023-11-25 13:30:00,657.0,21.733333333333334,41.02,1.0
2023-11-25 14:00:00,653.6666666666666,21.733333333333334,41.02,1.0
2023-11-25 14:30:00,640.3333333333334,21.766666666666666,41.02,1.0
2023-11-25 15:00:00,598.0,21.7,41.02,1.0
2023-11-25 15:30:00,616.6666666666666,21.7,40.88666666666666,1.0
2023-11-25 16:00:00,601.0,21.7,40.88666666666666,1.0
2023-11-25 16:30:00,614.3333333333334,21.7,40.62,1.0
2023-11-25 17:00:00,645.3333333333334,21.7,40.62,1.0
2023-11-25 17:30:00,627.0,21.7,40.62,1.0
2023-11-25 18:00:00,602.0,21.666666666666668,40.62,1.0
2023-11-25 18:30:00,563.3333333333334,21.666666666666668,40.62,1.0
2023-11-25 19:00:00,574.6666666666666,21.666666666666668,40.35999999999999,1.0
2023-11-25 19:30:00,593.0,21.600000000000005,40.62,1.0
2023-11-25 20:00:00,577.3333333333334,21.633333333333336,40.23,1.0
2023-11-25 20:30:00,564.0,21.600000000000005,40.35999999999999,1.0
2023-11-25 21:00:00,564.6666666666666,21.600000000000005,40.23,1.0
2023-11-25 21:30:00,556.6666666666666,21.566666666666666,40.23,1.0
2023-11-25 22:00:00,526.3333333333334,21.600000000000005,40.23,1.0
2023-11-25 22:30:00,532.3333333333334,21.600000000000005,40.23,1.0
2023-11-25 23:00:00,584.6666666666666,21.566666666666666,40.23,1.0
2023-11-25 23:30:00,509.3333333333333,21.53333333333333,40.1,1.0
2023-11-26 00:00:00,534.3333333333334,21.5,39.97,1.0
2023-11-26 00:30:00,543.3333333333334,21.53333333333333,39.84,1.0
2023-11-26 01:00:00,562.0,21.5,39.84,1.0
2023-11-26 01:30:00,558.3333333333334,21.5,39.84,1.0
2023-11-26 02:00:00,553.0,21.5,39.84,1.0
2023-11-26 02:30:00,540.0,21.5,39.84,1.0
2023-11-26 03:00:00,558.0,21.5,39.45,1.0
2023-11-26 03:30:00,520.3333333333334,21.5,39.45,1.0
2023-11-26 04:00:00,514.0,21.5,39.45,1.0
2023-11-26 04:30:00,547.3333333333334,21.5,39.45,1.0
2023-11-26 05:00:00,520.3333333333334,21.5,39.45,1.0
2023-11-26 05:30:00,500.0,21.5,39.45,1.0
2023-11-26 06:00:00,537.6666666666666,21.46666666666667,39.45,1.0
2023-11-26 06:30:00,536.0,21.433333333333334,39.45,1.0
2023-11-26 07:00:00,510.6666666666667,21.399999999999995,39.06,1.0
2023-11-26 07:30:00,479.0,21.4,39.06,1.0
2023-11-26 08:00:00,491.6666666666667,21.399999999999995,39.06,1.0
2023-11-26 08:30:00,513.6666666666666,21.399999999999995,39.06,1.0
2023-11-26 09:00:00,533.6666666666666,21.399999999999995,39.06,1.0
2023-11-26 09:30:00,517.6666666666666,21.333333333333332,39.06,1.0
2023-11-26 10:00:00,536.6666666666666,21.366666666666664,39.06,1.0
2023-11-26 10:30:00,535.0,21.366666666666664,39.06,1.0
2023-11-26 11:00:00,500.3333333333333,21.399999999999995,38.67,1.0
2023-11-26 11:30:00,480.5,21.4,38.67,1.0
2023-11-26 12:00:00,553.5,21.4,38.67,1.0
2023-11-26 12:30:00,508.0,21.366666666666664,38.67,1.0
2023-11-26 13:00:00,502.3333333333333,21.399999999999995,38.67,1.0
2023-11-26 13:30:00,485.3333333333333,21.366666666666664,38.67,1.0
2023-11-26 14:00:00,502.0,21.333333333333332,38.67,1.0
2023-11-26 14:30:00,519.3333333333334,21.3,38.67,1.0
2023-11-26 15:00:00,510.0,21.3,38.67,1.0
2023-11-26 15:30:00,480.0,21.366666666666664,38.67,1.0
2023-11-26 16:00:00,467.0,21.366666666666664,38.67,1.0
2023-11-26 16:30:00,505.6666666666667,21.366666666666664,38.67,1.0
2023-11-26 17:00:00,497.0,21.366666666666664,38.67,1.0
2023-11-26 17:30:00,478.0,21.399999999999995,38.67,1.0
2023-11-26 18:00:00,469.0,21.399999999999995,38.67,1.0
2023-11-26 18:30:00,512.3333333333334,21.399999999999995,38.67,1.0
2023-11-26 19:00:00,552.5,21.4,38.865,1.0
2023-11-26 19:30:00,537.3333333333334,21.399999999999995,38.93,1.0
2023-11-26 20:00:00,527.3333333333334,21.399999999999995,39.06,1.0
2023-11-26 20:30:00,576.3333333333334,21.399999999999995,38.93,1.0
2023-11-26 21:00:00,555.0,21.399999999999995,39.06,1.0
2023-11-26 21:30:00,486.6666666666667,21.399999999999995,39.06,1.0
2023-11-26 22:00:00,555.3333333333334,21.399999999999995,39.06,1.0
2023-11-26 22:30:00,551.0,21.399999999999995,38.800000000000004,1.0
2023-11-26 23:00:00,535.0,21.399999999999995,38.93,1.0
2023-11-26 23:30:00,511.0,21.399999999999995,38.67,1.0
2023-11-27 00:00:00,489.0,21.333333333333332,39.06,1.0
2023-11-27 00:30:00,534.6666666666666,21.366666666666664,38.67,1.0
2023-11-27 01:00:00,545.3333333333334,21.366666666666664,39.06,1.0
2023-11-27 01:30:00,493.0,21.399999999999995,38.93,1.0
2023-11-27 02:00:00,525.0,21.399999999999995,38.800000000000004,1.0
2023-11-27 02:30:00,523.3333333333334,21.399999999999995,38.67,1.0
2023-11-27 03:00:00,513.0,21.399999999999995,38.67,1.0
2023-11-27 03:30:00,508.3333333333333,21.399999999999995,38.67,1.0
2023-11-27 04:00:00,504.6666666666667,21.399999999999995,38.410000000000004,1.0
2023-11-27 04:30:00,552.6666666666666,21.433333333333334,38.28,1.0
2023-11-27 05:00:00,553.6666666666666,21.433333333333334,38.28,1.0
2023-11-27 05:30:00,507.0,21.433333333333334,38.28,1.0
2023-11-27 06:00:00,525.6666666666666,21.5,38.28,1.0
2023-11-27 06:30:00,487.0,21.433333333333334,38.15,1.0
2023-11-27 07:00:00,500.3333333333333,21.399999999999995,38.02,1.0
2023-11-27 07:30:00,501.6666666666667,21.399999999999995,37.89,1.0
2023-11-27 08:00:00,504.0,21.399999999999995,38.15,1.0
2023-11-27 08:30:00,532.0,21.399999999999995,38.28,1.0
2023-11-27 09:00:00,540.3333333333334,21.399999999999995,38.28,1.0
2023-11-27 09:30:00,673.3333333333334,21.399999999999995,37.5,1.0
2023-11-27 10:00:00,1080.0,21.5,36.72,1.0
2023-11-27 10:30:00,1262.3333333333333,21.600000000000005,36.46,1.0
2023-11-27 11:00:00,1549.0,21.666666666666668,37.37,1.0
2023-11-27 11:30:00,1383.0,21.7,35.29,1.0
2023-11-27 12:00:00,1302.3333333333333,21.7,34.77,1.0
2023-11-27 12:30:00,1489.0,21.7,36.135,1.0
2023-11-27 13:00:00,1495.3333333333333,21.7,36.46,1.0
2023-11-27 13:30:00,1582.6666666666667,21.666666666666668,36.72,1.0
2023-11-27 14:00:00,2263.3333333333335,21.833333333333332,39.19,1.0
2023-11-27 14:30:00,2502.3333333333335,21.933333333333334,39.580000000000005,1.0
2023-11-27 15:00:00,2811.5,21.95,39.84,1.0
2023-11-27 15:30:00,2856.0,22.0,40.62,1.0
2023-11-27 16:00:00,2534.0,22.5,38.67,1.0
2023-11-27 16:30:00,2328.3333333333335,22.5,37.89,1.0
2023-11-27 17:00:00,2240.0,22.3,37.76,1.0
2023-11-27 17:30:00,2257.6666666666665,22.166666666666668,38.410000000000004,1.0
2023-11-27 18:00:00,,,,1.0
2023-11-27 18:30:00,2031.0,22.0,38.67,1.0
2023-11-27 19:00:00,,,,1.0
2023-11-27 19:30:00,1913.0,21.9,38.67,1.0
2023-11-27 20:00:00,,,,1.0
2023-11-27 20:30:00,1618.0,21.9,38.67,1.0
2023-11-27 21:00:00,1568.5,21.85,38.475,1.0
2023-11-27 21:30:00,1576.0,21.85,38.28,1.0
2023-11-27 22:00:00,1522.0,21.8,38.67,1.0
2023-11-27 22:30:00,1457.0,21.8,38.67,1.0
2023-11-27 23:00:00,1364.0,21.75,38.67,1.0
2023-11-27 23:30:00,1371.3333333333333,21.7,38.67,1.0
2023-11-28 00:00:00,1286.6666666666667,21.7,38.67,1.0
2023-11-28 00:30:00,1262.0,21.633333333333336,38.67,1.0
2023-11-28 01:00:00,1233.0,21.6,38.475,1.0
2023-11-28 01:30:00,1141.0,21.600000000000005,38.54,1.0
2023-11-28 02:00:00,1120.3333333333333,21.53333333333333,38.67,1.0
2023-11-28 02:30:00,1128.3333333333333,21.5,38.54,1.0
2023-11-28 03:00:00,1077.3333333333333,21.5,38.67,1.0
2023-11-28 03:30:00,1047.5,21.5,38.67,1.0
2023-11-28 04:00:00,,,,1.0
2023-11-28 04:30:00,,,,1.0
2023-11-28 05:00:00,920.3333333333334,21.399999999999995,38.28,1.0
2023-11-28 05:30:00,871.3333333333334,21.399999999999995,38.28,1.0
2023-11-28 06:00:00,857.6666666666666,21.366666666666664,38.28,1.0
2023-11-28 06:30:00,834.0,21.3,37.89,1.0
2023-11-28 07:00:00,835.0,21.35,37.89,1.0
2023-11-28 07:30:00,795.0,21.3,37.89,1.0
2023-11-28 08:00:00,745.0,21.266666666666666,37.63,1.0
2023-11-28 08:30:00,871.3333333333334,21.3,37.5,1.0
2023-11-28 09:00:00,1296.6666666666667,21.366666666666664,36.85,1.0
2023-11-28 09:30:00,1762.0,21.5,39.06,1.0
2023-11-28 10:00:00,1905.6666666666667,21.7,39.19,1.0
2023-11-28 10:30:00,1643.6666666666667,21.766666666666666,37.24,1.0
2023-11-28 11:00:00,1834.0,21.766666666666666,37.76,1.0
2023-11-28 11:30:00,2028.6666666666667,21.899999999999995,38.93,1.0
2023-11-28 12:00:00,2343.3333333333335,21.933333333333334,39.71,1.0
2023-11-28 12:30:00,2988.3333333333335,22.03333333333333,41.93,1.0
2023-11-28 13:00:00,3238.6666666666665,22.133333333333336,42.449999999999996,1.0
2023-11-28 13:30:00,3014.6666666666665,22.133333333333336,41.276666666666664,1.0
2023-11-28 14:00:00,3244.3333333333335,22.166666666666668,42.059999999999995,1.0
2023-11-28 14:30:00,3574.3333333333335,22.2,43.1,1.0
2023-11-28 15:00:00,3825.0,22.3,44.14,1.0
2023-11-28 15:30:00,2514.3333333333335,22.233333333333334,38.67333333333333,0.0
2023-11-28 16:00:00,1663.3333333333333,22.066666666666666,34.373333333333335,0.8333333333333334
2023-11-28 16:30:00,1513.6666666666667,21.96666666666667,35.419999999999995,1.0
2023-11-28 17:00:00,1479.3333333333333,21.899999999999995,35.68,1.0
2023-11-28 17:30:00,1381.3333333333333,21.833333333333332,36.07,1.0
2023-11-28 18:00:00,1286.5,21.8,36.33,1.0
2023-11-28 18:30:00,1273.3333333333333,21.733333333333334,36.33,1.0
2023-11-28 19:00:00,1242.6666666666667,21.7,36.33,1.0
2023-11-28 19:30:00,1207.0,21.7,36.46,1.0
2023-11-28 20:00:00,1184.0,21.666666666666668,36.72,1.0
2023-11-28 20:30:00,1142.0,21.666666666666668,36.72,1.0
2023-11-28 21:00:00,1146.6666666666667,21.666666666666668,36.85,1.0
2023-11-28 21:30:00,1146.0,21.666666666666668,37.11,1.0
2023-11-28 22:00:00,1113.0,21.633333333333336,37.11,1.0
2023-11-28 22:30:00,1071.0,21.6,37.11,1.0
2023-11-28 23:00:00,1046.3333333333333,21.566666666666666,37.11,1.0
2023-11-28 23:30:00,1023.6666666666666,21.5,37.37,1.0
2023-11-29 00:00:00,1028.3333333333333,21.53333333333333,37.5,1.0
2023-11-29 00:30:00,962.0,21.53333333333333,37.5,1.0
2023-11-29 01:00:00,981.0,21.5,37.5,1.0
2023-11-29 01:30:00,965.3333333333334,21.5,37.5,1.0
2023-11-29 02:00:00,909.6666666666666,21.5,37.5,1.0
2023-11-29 02:30:00,924.0,21.433333333333334,37.5,1.0
2023-11-29 03:00:00,889.0,21.399999999999995,37.5,1.0
2023-11-29 03:30:00,848.3333333333334,21.366666666666664,37.5,1.0
2023-11-29 04:00:00,775.6666666666666,21.366666666666664,37.5,1.0
2023-11-29 04:30:00,817.3333333333334,21.3,37.5,1.0
2023-11-29 05:00:00,776.6666666666666,21.333333333333332,37.5,1.0
2023-11-29 05:30:00,735.6666666666666,21.333333333333332,37.24,1.0
2023-11-29 06:00:00,781.0,21.333333333333332,37.11,1.0
2023-11-29 06:30:00,721.0,21.399999999999995,36.98,1.0
2023-11-29 07:00:00,715.0,21.333333333333332,36.72,1.0
2023-11-29 07:30:00,752.6666666666666,21.333333333333332,36.589999999999996,1.0
2023-11-29 08:00:00,732.6666666666666,21.366666666666664,37.11,1.0
2023-11-29 08:30:00,1004.0,21.433333333333334,35.67333333333334,1.0
2023-11-29 09:00:00,1381.6666666666667,21.600000000000005,39.06,1.0
2023-11-29 09:30:00,1725.3333333333333,21.666666666666668,41.28,1.0
2023-11-29 10:00:00,1736.3333333333333,21.666666666666668,41.28,1.0
2023-11-29 10:30:00,1969.6666666666667,21.766666666666666,41.41,1.0
2023-11-29 11:00:00,2023.0,21.8,40.626666666666665,1.0
2023-11-29 11:30:00,2106.3333333333335,21.899999999999995,40.75666666666667,1.0
2023-11-29 12:00:00,1739.0,22.066666666666666,38.15,1.0
2023-11-29 12:30:00,1678.3333333333333,22.166666666666668,36.85,1.0
2023-11-29 13:00:00,1876.3333333333333,22.3,37.37,1.0
2023-11-29 13:30:00,2132.0,22.4,38.67,1.0
2023-11-29 14:00:00,2419.6666666666665,22.333333333333332,39.84,1.0
2023-11-29 14:30:00,2651.0,22.233333333333334,40.75333333333333,1.0
2023-11-29 15:00:00,2688.0,22.233333333333334,41.016666666666666,1.0
2023-11-29 15:30:00,2741.0,22.25,40.82,1.0
2023-11-29 16:00:00,2892.3333333333335,22.7,41.02,1.0
2023-11-29 16:30:00,3051.0,22.633333333333336,41.28,1.0
2023-11-29 17:00:00,3278.0,22.5,42.71,1.0
2023-11-29 17:30:00,3237.6666666666665,22.5,42.839999999999996,1.0
2023-11-29 18:00:00,2739.0,22.400000000000002,40.88666666666666,1.0
2023-11-29 18:30:00,2583.0,22.5,40.035,1.0
2023-11-29 19:00:00,2486.3333333333335,22.5,39.84,1.0
2023-11-29 19:30:00,2359.0,22.399999999999995,39.84,1.0
2023-11-29 20:00:00,2246.6666666666665,22.3,40.1,1.0
2023-11-29 20:30:00,2238.6666666666665,22.233333333333334,40.23,1.0
2023-11-29 21:00:00,2124.6666666666665,22.166666666666668,40.1,1.0
2023-11-29 21:30:00,2020.6666666666667,22.366666666666664,39.71,1.0
2023-11-29 22:00:00,1913.0,22.600000000000005,39.190000000000005,1.0
2023-11-29 22:30:00,1912.0,22.666666666666668,39.06,1.0
2023-11-29 23:00:00,1896.3333333333333,22.433333333333334,39.32,1.0
2023-11-29 23:30:00,1863.0,22.3,39.580000000000005,1.0
2023-11-30 00:00:00,1701.0,22.2,39.580000000000005,1.0
2023-11-30 00:30:00,1652.3333333333333,22.2,39.45,1.0
2023-11-30 01:00:00,1642.3333333333333,22.2,39.45,1.0
2023-11-30 01:30:00,1610.6666666666667,22.266666666666666,39.45,1.0
2023-11-30 02:00:00,1600.0,22.3,39.45,1.0
2023-11-30 02:30:00,1488.6666666666667,22.3,39.45,1.0
2023-11-30 03:00:00,1491.3333333333333,22.233333333333334,39.45,1.0
2023-11-30 03:30:00,1414.5,22.15,39.45,1.0
2023-11-30 04:00:00,1350.0,22.100000000000005,39.45,1.0
2023-11-30 04:30:00,1285.6666666666667,22.100000000000005,39.45,1.0
2023-11-30 05:00:00,1245.3333333333333,22.100000000000005,39.45,1.0
2023-11-30 05:30:00,1239.6666666666667,22.03333333333333,39.45,1.0
2023-11-30 06:00:00,1196.0,22.0,39.45,1.0
2023-11-30 06:30:00,1143.0,22.0,39.45,1.0
2023-11-30 07:00:00,1134.6666666666667,22.0,39.45,1.0
2023-11-30 07:30:00,1202.3333333333333,22.03333333333333,39.32,1.0
2023-11-30 08:00:00,1238.3333333333333,22.100000000000005,38.93,1.0
2023-11-30 08:30:00,1142.6666666666667,22.100000000000005,38.54,0.8333333333333334
2023-11-30 09:00:00,1559.6666666666667,22.166666666666668,42.31666666666666,1.0
2023-11-30 09:30:00,2058.3333333333335,22.366666666666664,45.830000000000005,1.0
2023-11-30 10:00:00,2413.0,22.433333333333334,46.35,1.0
2023-11-30 10:30:00,2813.0,22.55,47.075,1.0
2023-11-30 11:00:00,3264.0,22.633333333333336,47.919999999999995,1.0
2023-11-30 11:30:00,3199.0,22.666666666666668,47.26666666666667,1.0
2023-11-30 12:00:00,2251.3333333333335,22.53333333333333,43.49,1.0
2023-11-30 12:30:00,1981.6666666666667,22.5,41.93,1.0
2023-11-30 13:00:00,1817.0,22.600000000000005,40.35999999999999,1.0
2023-11-30 13:30:00,2061.6666666666665,22.666666666666668,40.75666666666667,1.0
2023-11-30 14:00:00,2059.5,22.65,40.62,1.0
2023-11-30 14:30:00,2234.0,22.7,41.8,1.0
2023-11-30 15:00:00,2114.0,22.65,40.81999999999999,1.0
2023-11-30 15:30:00,2459.3333333333335,22.733333333333334,42.19,1.0
2023-11-30 16:00:00,2852.0,22.8,43.75,1.0
2023-11-30 16:30:00,2935.0,22.833333333333332,43.620000000000005,1.0
2023-11-30 17:00:00,2220.6666666666665,22.7,41.02,1.0
2023-11-30 17:30:00,2159.6666666666665,22.46666666666667,41.02,1.0
2023-11-30 18:00:00,2051.5,22.4,41.02,1.0
2023-11-30 18:30:00,1858.3333333333333,22.233333333333334,41.02,1.0
2023-11-30 19:00:00,1805.5,22.2,41.02,1.0
2023-11-30 19:30:00,1728.0,22.15,41.02,1.0
2023-11-30 20:00:00,1765.0,22.2,41.02,1.0
2023-11-30 20:30:00,1691.0,22.1,41.02,1.0
2023-11-30 21:00:00,1611.5,22.05,41.02,1.0
2023-11-30 21:30:00,1549.5,22.0,41.02,1.0
2023-11-30 22:00:00,1544.0,22.0,41.02,1.0
2023-11-30 22:30:00,1356.0,22.0,40.62,1.0
2023-11-30 23:00:00,1404.0,21.9,40.62,1.0
2023-11-30 23:30:00,1334.0,21.9,40.62,1.0
2023-12-01 00:00:00,1349.0,21.9,40.62,1.0
2023-12-01 00:30:00,1239.3333333333333,21.866666666666664,40.62,1.0
2023-12-01 01:00:00,1268.0,21.8,40.62,1.0
2023-12-01 01:30:00,1222.3333333333333,21.8,40.62,1.0
2023-12-01 02:00:00,1168.6666666666667,21.8,40.62,1.0
2023-12-01 02:30:00,1122.6666666666667,21.7,40.62,1.0
2023-12-01 03:00:00,1105.0,21.7,40.49,1.0
2023-12-01 03:30:00,1081.0,21.7,40.23,1.0
2023-12-01 04:00:00,1034.6666666666667,21.7,40.23,1.0
2023-12-01 04:30:00,995.3333333333334,21.7,40.23,1.0
2023-12-01 05:00:00,1011.5,21.7,40.23,1.0
2023-12-01 05:30:00,941.0,21.666666666666668,40.23,1.0
2023-12-01 06:00:00,963.0,21.600000000000005,40.23,1.0
2023-12-01 06:30:00,930.3333333333334,21.600000000000005,40.1,1.0
2023-12-01 07:00:00,878.5,21.6,39.84,1.0
2023-12-01 07:30:00,846.6666666666666,21.600000000000005,39.84,1.0
2023-12-01 08:00:00,835.0,21.5,39.45,1.0
2023-12-01 08:30:00,823.0,21.5,39.45,1.0
2023-12-01 09:00:00,762.0,21.5,39.190000000000005,1.0
2023-12-01 09:30:00,764.6666666666666,21.566666666666666,39.06,1.0
2023-12-01 10:00:00,776.0,21.600000000000005,38.93,1.0
2023-12-01 10:30:00,717.3333333333334,21.600000000000005,38.93,1.0
2023-12-01 11:00:00,747.6666666666666,21.566666666666666,38.67,1.0
2023-12-01 11:30:00,773.0,21.6,38.67,1.0
2023-12-01 12:00:00,706.5,21.55,38.67,1.0
2023-12-01 12:30:00,763.0,21.566666666666666,38.67,1.0
2023-12-01 13:00:00,708.0,21.600000000000005,38.67,1.0
2023-12-01 13:30:00,699.0,21.600000000000005,38.67,1.0
2023-12-01 14:00:00,791.6666666666666,21.566666666666666,38.67,1.0
2023-12-01 14:30:00,822.3333333333334,21.600000000000005,38.67,1.0
2023-12-01 15:00:00,815.3333333333334,21.600000000000005,38.67,1.0
2023-12-01 15:30:00,838.0,21.5,38.67,1.0
2023-12-01 16:00:00,828.3333333333334,21.5,38.67,1.0
2023-12-01 16:30:00,846.0,21.5,38.67,1.0
2023-12-01 17:00:00,880.6666666666666,21.5,38.28,1.0
2023-12-01 17:30:00,837.0,21.5,38.28,1.0
2023-12-01 18:00:00,863.0,21.5,38.28,1.0
2023-12-01 18:30:00,863.0,21.5,38.28,1.0
2023-12-01 19:00:00,916.6666666666666,21.46666666666667,38.28,1.0
2023-12-01 19:30:00,907.6666666666666,21.46666666666667,38.28,1.0
2023-12-01 20:00:00,873.6666666666666,21.433333333333334,38.28,1.0
2023-12-01 20:30:00,881.6666666666666,21.46666666666667,38.28,1.0
2023-12-01 21:00:00,879.0,21.46666666666667,38.28,1.0
2023-12-01 21:30:00,884.6666666666666,21.433333333333334,38.28,1.0
2023-12-01 22:00:00,841.0,21.46666666666667,38.28,1.0
2023-12-01 22:30:00,852.6666666666666,21.46666666666667,38.28,1.0
2023-12-01 23:00:00,832.5,21.45,38.28,1.0
2023-12-01 23:30:00,809.3333333333334,21.433333333333334,38.28,1.0
2023-12-02 00:00:00,772.3333333333334,21.433333333333334,38.28,1.0
2023-12-02 00:30:00,790.6666666666666,21.46666666666667,38.28,1.0
2023-12-02 01:00:00,742.0,21.46666666666667,38.28,1.0
2023-12-02 01:30:00,766.3333333333334,21.399999999999995,37.89,1.0
2023-12-02 02:00:00,757.6666666666666,21.399999999999995,37.89,1.0
2023-12-02 02:30:00,719.0,21.399999999999995,37.89,1.0
2023-12-02 03:00:00,716.6666666666666,21.399999999999995,38.15,1.0
2023-12-02 03:30:00,726.6666666666666,21.399999999999995,37.89,1.0
2023-12-02 04:00:00,688.0,21.366666666666664,37.89,1.0
2023-12-02 04:30:00,645.0,21.399999999999995,37.89,1.0
2023-12-02 05:00:00,657.0,21.366666666666664,37.89,1.0
2023-12-02 05:30:00,683.3333333333334,21.366666666666664,37.89,1.0
2023-12-02 06:00:00,653.3333333333334,21.3,37.89,1.0
2023-12-02 06:30:00,631.3333333333334,21.3,37.76,1.0
2023-12-02 07:00:00,623.0,21.3,37.5,1.0
2023-12-02 07:30:00,639.3333333333334,21.333333333333332,37.5,1.0
2023-12-02 08:00:00,617.3333333333334,21.333333333333332,37.5,1.0
2023-12-02 08:30:00,604.3333333333334,21.333333333333332,37.24,1.0
2023-12-02 09:00:00,586.0,21.3,37.11,1.0
2023-12-02 09:30:00,588.3333333333334,21.3,37.11,1.0
2023-12-02 10:00:00,604.6666666666666,21.333333333333332,37.11,1.0
2023-12-02 10:30:00,593.6666666666666,21.333333333333332,36.98,1.0
2023-12-02 11:00:00,570.6666666666666,21.3,36.72,1.0
2023-12-02 11:30:00,574.6666666666666,21.3,36.72,1.0
2023-12-02 12:00:00,565.0,21.333333333333332,36.72,1.0
2023-12-02 12:30:00,553.5,21.3,36.72,1.0
2023-12-02 13:00:00,540.6666666666666,21.3,36.72,1.0
2023-12-02 13:30:00,575.6666666666666,21.3,36.46,1.0
2023-12-02 14:00:00,512.3333333333334,21.3,36.33,1.0
2023-12-02 14:30:00,528.0,21.3,36.33,1.0
2023-12-02 15:00:00,527.6666666666666,21.3,36.33,1.0
2023-12-02 15:30:00,532.6666666666666,21.3,36.33,1.0
2023-12-02 16:00:00,502.0,21.3,36.33,1.0
2023-12-02 16:30:00,515.3333333333334,21.266666666666666,36.33,1.0
2023-12-02 17:00:00,536.0,21.3,36.33,1.0
2023-12-02 17:30:00,509.6666666666667,21.3,36.33,1.0
2023-12-02 18:00:00,505.3333333333333,21.266666666666666,36.33,1.0
2023-12-02 18:30:00,502.3333333333333,21.266666666666666,36.33,1.0
2023-12-02 19:00:00,523.3333333333334,21.2,36.33,1.0
2023-12-02 19:30:00,535.3333333333334,21.266666666666666,36.33,1.0
2023-12-02 20:00:00,542.0,21.2,36.46,1.0
2023-12-02 20:30:00,553.0,21.266666666666666,36.589999999999996,1.0
2023-12-02 21:00:00,504.6666666666667,21.233333333333334,36.72,1.0
2023-12-02 21:30:00,528.6666666666666,21.2,36.72,1.0
2023-12-02 22:00:00,514.6666666666666,21.233333333333334,36.72,1.0
2023-12-02 22:30:00,500.0,21.2,36.72,1.0
2023-12-02 23:00:00,492.0,21.266666666666666,36.72,1.0
2023-12-02 23:30:00,535.6666666666666,21.2,36.72,1.0
2023-12-03 00:00:00,536.0,21.233333333333334,36.72,1.0
2023-12-03 00:30:00,489.3333333333333,21.2,36.72,1.0
2023-12-03 01:00:00,532.6666666666666,21.233333333333334,36.72,1.0
2023-12-03 01:30:00,490.6666666666667,21.233333333333334,36.72,1.0
2023-12-03 02:00:00,490.6666666666667,21.233333333333334,36.72,1.0
2023-12-03 02:30:00,482.3333333333333,21.2,36.72,1.0
2023-12-03 03:00:00,577.0,21.2,36.72,1.0
2023-12-03 03:30:00,477.6666666666667,21.2,36.72,1.0
2023-12-03 04:00:00,510.0,21.2,36.72,1.0
2023-12-03 04:30:00,495.0,21.166666666666668,36.72,1.0
2023-12-03 05:00:00,469.6666666666667,21.166666666666668,36.72,1.0
2023-12-03 05:30:00,468.0,21.2,36.72,1.0
2023-12-03 06:00:00,500.0,21.2,36.72,1.0
2023-12-03 06:30:00,501.0,21.166666666666668,36.589999999999996,1.0
2023-12-03 07:00:00,457.3333333333333,21.2,36.33,1.0
2023-12-03 07:30:00,461.3333333333333,21.166666666666668,36.33,1.0
2023-12-03 08:00:00,454.6666666666667,21.166666666666668,36.33,1.0
2023-12-03 08:30:00,467.0,21.2,36.33,1.0
2023-12-03 09:00:00,474.3333333333333,21.166666666666668,36.199999999999996,1.0
2023-12-03 09:30:00,504.0,21.166666666666668,35.94,1.0
2023-12-03 10:00:00,438.6666666666667,21.2,35.94,1.0
2023-12-03 10:30:00,478.6666666666667,21.166666666666668,35.94,1.0
2023-12-03 11:00:00,446.6666666666667,21.166666666666668,35.94,1.0
2023-12-03 11:30:00,502.5,21.15,35.94,1.0
2023-12-03 12:00:00,452.6666666666667,21.2,35.94,1.0
2023-12-03 12:30:00,431.3333333333333,21.166666666666668,35.94,1.0
2023-12-03 13:00:00,486.0,21.2,35.94,1.0
2023-12-03 13:30:00,455.6666666666667,21.2,35.94,1.0
2023-12-03 14:00:00,444.6666666666667,21.2,35.94,1.0
2023-12-03 14:30:00,498.5,21.2,35.94,1.0
2023-12-03 15:00:00,452.5,21.2,35.94,1.0
2023-12-03 15:30:00,454.0,21.133333333333336,35.94,1.0
2023-12-03 16:00:00,448.3333333333333,21.133333333333336,35.94,1.0
2023-12-03 16:30:00,425.6666666666667,21.166666666666668,35.94,1.0
2023-12-03 17:00:00,454.3333333333333,21.2,35.94,1.0
2023-12-03 17:30:00,496.0,21.133333333333336,35.809999999999995,1.0
2023-12-03 18:00:00,487.6666666666667,21.166666666666668,35.94,1.0
2023-12-03 18:30:00,449.3333333333333,21.166666666666668,35.68,1.0
2023-12-03 19:00:00,462.0,21.133333333333336,35.809999999999995,1.0
2023-12-03 19:30:00,483.0,21.166666666666668,35.94,1.0
2023-12-03 20:00:00,444.3333333333333,21.2,35.94,1.0
2023-12-03 20:30:00,446.0,21.166666666666668,35.94,1.0
2023-12-03 21:00:00,430.3333333333333,21.133333333333336,36.07,1.0
2023-12-03 21:30:00,466.0,21.166666666666668,35.94,1.0
2023-12-03 22:00:00,443.0,21.2,36.199999999999996,1.0
2023-12-03 22:30:00,473.5,21.1,36.33,1.0
2023-12-03 23:00:00,413.0,21.15,36.33,1.0
2023-12-03 23:30:00,412.3333333333333,21.166666666666668,36.33,1.0
2023-12-04 00:00:00,460.6666666666667,21.133333333333336,36.33,1.0
2023-12-04 00:30:00,460.3333333333333,21.166666666666668,36.33,1.0
2023-12-04 01:00:00,477.0,21.166666666666668,36.33,1.0
2023-12-04 01:30:00,429.3333333333333,21.166666666666668,36.33,1.0
2023-12-04 02:00:00,443.3333333333333,21.166666666666668,36.33,1.0
2023-12-04 02:30:00,455.3333333333333,21.2,36.33,1.0
2023-12-04 03:00:00,425.0,21.166666666666668,36.589999999999996,1.0
2023-12-04 03:30:00,465.6666666666667,21.133333333333336,36.33,1.0
2023-12-04 04:00:00,436.0,21.1,36.72,1.0
2023-12-04 04:30:00,437.0,21.1,36.72,1.0
2023-12-04 05:00:00,435.6666666666667,21.1,36.589999999999996,1.0
2023-12-04 05:30:00,477.3333333333333,21.166666666666668,36.589999999999996,1.0
2023-12-04 06:00:00,459.0,21.133333333333336,36.72,1.0
2023-12-04 06:30:00,455.0,21.133333333333336,36.46,1.0
2023-12-04 07:00:00,417.5,21.1,36.33,1.0
2023-12-04 07:30:00,456.6666666666667,21.1,36.33,1.0
2023-12-04 08:00:00,434.3333333333333,21.133333333333336,36.33,1.0
2023-12-04 08:30:00,470.6666666666667,21.2,36.33,1.0
2023-12-04 09:00:00,489.6666666666667,21.2,36.33,1.0
2023-12-04 09:30:00,484.0,21.2,36.33,1.0
2023-12-04 10:00:00,499.0,21.2,36.33,1.0
2023-12-04 10:30:00,497.3333333333333,21.233333333333334,36.33,1.0
2023-12-04 11:00:00,457.5,21.3,36.33,1.0
2023-12-04 11:30:00,531.6666666666666,21.266666666666666,36.33,1.0
2023-12-04 12:00:00,539.5,21.3,36.33,1.0
2023-12-04 12:30:00,553.0,21.3,36.33,1.0
2023-12-04 13:00:00,543.0,21.3,36.33,1.0
2023-12-04 13:30:00,528.0,21.3,36.33,1.0
2023-12-04 14:00:00,561.0,21.3,36.33,1.0
2023-12-04 14:30:00,608.3333333333334,21.266666666666666,36.46,1.0
2023-12-04 15:00:00,654.3333333333334,21.3,36.589999999999996,1.0
2023-12-04 15:30:00,621.0,21.3,36.72,1.0
2023-12-04 16:00:00,651.6666666666666,21.333333333333332,36.72,1.0
2023-12-04 16:30:00,662.6666666666666,21.3,36.72,1.0
2023-12-04 17:00:00,671.0,21.333333333333332,36.72,1.0
2023-12-04 17:30:00,686.0,21.3,36.72,1.0
2023-12-04 18:00:00,737.0,21.3,36.589999999999996,1.0
2023-12-04 18:30:00,669.0,21.3,36.72,1.0
2023-12-04 19:00:00,717.0,21.3,36.72,1.0
2023-12-04 19:30:00,720.3333333333334,21.3,36.72,1.0
2023-12-04 20:00:00,714.3333333333334,21.3,36.72,1.0
2023-12-04 20:30:00,704.3333333333334,21.3,36.72,1.0
2023-12-04 21:00:00,733.6666666666666,21.3,37.11,1.0
2023-12-04 21:30:00,680.0,21.3,36.85,1.0
2023-12-04 22:00:00,744.6666666666666,21.3,37.11,1.0
2023-12-04 22:30:00,699.0,21.266666666666666,37.11,1.0
2023-12-04 23:00:00,721.6666666666666,21.3,36.85,1.0
2023-12-04 23:30:00,671.0,21.3,36.85,1.0
2023-12-05 00:00:00,701.0,21.233333333333334,37.11,1.0
2023-12-05 00:30:00,683.0,21.233333333333334,36.98,1.0
2023-12-05 01:00:00,680.6666666666666,21.2,36.98,1.0
2023-12-05 01:30:00,684.0,21.266666666666666,36.72,1.0
2023-12-05 02:00:00,659.3333333333334,21.233333333333334,36.98,1.0
2023-12-05 02:30:00,631.3333333333334,21.266666666666666,37.11,1.0
2023-12-05 03:00:00,654.0,21.2,37.11,1.0
2023-12-05 03:30:00,663.0,21.233333333333334,37.11,1.0
2023-12-05 04:00:00,675.0,21.3,37.11,1.0
2023-12-05 04:30:00,661.0,21.2,37.11,1.0
2023-12-05 05:00:00,680.0,21.2,37.11,1.0
2023-12-05 05:30:00,656.5,21.2,37.11,1.0
2023-12-05 06:00:00,627.6666666666666,21.2,37.11,1.0
2023-12-05 06:30:00,640.0,21.2,37.11,1.0
2023-12-05 07:00:00,650.0,21.2,37.11,1.0
2023-12-05 07:30:00,798.6666666666666,21.233333333333334,38.410000000000004,1.0
2023-12-05 08:00:00,1197.0,21.45,39.645,1.0
2023-12-05 08:30:00,1550.0,21.6,40.62,1.0
2023-12-05 09:00:00,1824.3333333333333,21.599999999999998,41.15,1.0
2023-12-05 09:30:00,2073.6666666666665,21.7,41.93,1.0
2023-12-05 10:00:00,1897.0,21.766666666666666,41.14666666666667,1.0
2023-12-05 10:30:00,1666.6666666666667,21.7,40.35999999999999,1.0
2023-12-05 11:00:00,1557.5,21.65,39.84,1.0
2023-12-05 11:30:00,1760.6666666666667,21.766666666666666,40.1,1.0
2023-12-05 12:00:00,1963.6666666666667,21.833333333333332,40.23,1.0
2023-12-05 12:30:00,2169.0,21.866666666666664,40.88666666666666,1.0
2023-12-05 13:00:00,1908.0,21.899999999999995,39.32,1.0
2023-12-05 13:30:00,1810.3333333333333,21.866666666666664,38.800000000000004,1.0
2023-12-05 14:00:00,1753.0,21.733333333333334,38.67,1.0
2023-12-05 14:30:00,1637.3333333333333,21.7,38.67,1.0
2023-12-05 15:00:00,1594.0,21.666666666666668,38.67,1.0
2023-12-05 15:30:00,1495.3333333333333,21.600000000000005,38.54,1.0
2023-12-05 16:00:00,1448.0,21.600000000000005,38.28,1.0
2023-12-05 16:30:00,1396.0,21.600000000000005,38.28,1.0
2023-12-05 17:00:00,1324.0,21.600000000000005,38.02,1.0
2023-12-05 17:30:00,1356.0,21.6,37.89,1.0
2023-12-05 18:00:00,1247.0,21.600000000000005,37.76,1.0
2023-12-05 18:30:00,1200.3333333333333,21.53333333333333,37.5,1.0
2023-12-05 19:00:00,1122.6666666666667,21.600000000000005,37.5,1.0
2023-12-05 19:30:00,1125.6666666666667,21.600000000000005,37.5,1.0
2023-12-05 20:00:00,1072.3333333333333,21.53333333333333,37.11,1.0
2023-12-05 20:30:00,1084.6666666666667,21.53333333333333,37.24,1.0
2023-12-05 21:00:00,1058.3333333333333,21.5,37.11,1.0
2023-12-05 21:30:00,1004.3333333333334,21.5,37.11,1.0
2023-12-05 22:00:00,965.3333333333334,21.5,36.98,1.0
2023-12-05 22:30:00,970.6666666666666,21.5,36.85,1.0
2023-12-05 23:00:00,876.3333333333334,21.5,36.72,1.0
2023-12-05 23:30:00,884.0,21.5,36.72,1.0
2023-12-06 00:00:00,848.6666666666666,21.5,36.72,1.0
2023-12-06 00:30:00,788.6666666666666,21.46666666666667,36.72,1.0
2023-12-06 01:00:00,793.0,21.46666666666667,36.72,1.0
2023-12-06 01:30:00,798.3333333333334,21.46666666666667,36.33,1.0
2023-12-06 02:00:00,794.0,21.399999999999995,36.33,1.0
2023-12-06 02:30:00,763.0,21.5,36.33,1.0
2023-12-06 03:00:00,741.3333333333334,21.399999999999995,36.33,1.0
2023-12-06 03:30:00,694.0,21.399999999999995,36.33,1.0
2023-12-06 04:00:00,695.6666666666666,21.46666666666667,36.33,1.0
2023-12-06 04:30:00,672.6666666666666,21.399999999999995,36.589999999999996,1.0
2023-12-06 05:00:00,667.6666666666666,21.399999999999995,36.72,1.0
2023-12-06 05:30:00,675.0,21.4,36.72,1.0
2023-12-06 06:00:00,657.0,21.399999999999995,36.46,1.0
2023-12-06 06:30:00,637.3333333333334,21.399999999999995,36.33,1.0
2023-12-06 07:00:00,693.0,21.399999999999995,36.33,1.0
2023-12-06 07:30:00,602.3333333333334,21.399999999999995,36.33,1.0
2023-12-06 08:00:00,769.3333333333334,21.399999999999995,36.589999999999996,1.0
2023-12-06 08:30:00,1010.6666666666666,21.53333333333333,37.76,1.0
2023-12-06 09:00:00,1355.3333333333333,21.7,40.75666666666667,1.0
2023-12-06 09:30:00,2122.0,21.933333333333334,44.53,1.0
2023-12-06 10:00:00,2437.6666666666665,22.166666666666668,45.050000000000004,1.0
2023-12-06 10:30:00,2533.0,22.5,44.01,1.0
2023-12-06 11:00:00,2696.6666666666665,22.8,44.4,1.0
2023-12-06 11:30:00,2512.0,22.9,42.58,1.0
2023-12-06 12:00:00,2224.6666666666665,22.5,41.8,1.0
2023-12-06 12:30:00,2386.5,22.4,42.775,1.0
2023-12-06 13:00:00,2444.0,22.4,42.97,1.0
2023-12-06 13:30:00,2073.0,22.4,41.41,1.0
2023-12-06 14:00:00,1823.0,22.8,40.62,1.0
2023-12-06 14:30:00,1811.0,22.866666666666664,39.580000000000005,1.0
2023-12-06 15:00:00,2060.6666666666665,22.733333333333334,40.75666666666667,1.0
2023-12-06 15:30:00,2132.3333333333335,22.666666666666668,40.623333333333335,1.0
2023-12-06 16:00:00,2218.3333333333335,22.600000000000005,40.75666666666667,1.0
2023-12-06 16:30:00,2078.3333333333335,22.600000000000005,39.97,1.0
2023-12-06 17:00:00,1895.0,22.7,39.45,1.0
2023-12-06 17:30:00,1912.3333333333333,22.633333333333336,39.32,1.0
2023-12-06 18:00:00,1833.5,22.45,39.255,1.0
2023-12-06 18:30:00,1789.0,22.399999999999995,39.32,1.0
2023-12-06 19:00:00,1732.0,22.399999999999995,39.06,1.0
2023-12-06 19:30:00,1663.5,22.45,39.06,1.0
2023-12-06 20:00:00,,,,1.0
2023-12-06 20:30:00,1537.0,22.4,38.67,1.0
2023-12-06 21:00:00,1557.0,22.3,39.06,1.0
2023-12-06 21:30:00,1464.0,22.3,38.67,1.0
2023-12-06 22:00:00,1373.0,22.4,38.67,1.0
2023-12-06 22:30:00,1334.3333333333333,22.733333333333334,38.15,1.0
2023-12-06 23:00:00,1319.0,22.55,38.28,1.0
2023-12-06 23:30:00,1264.0,22.4,38.28,1.0
2023-12-07 00:00:00,1243.0,22.3,38.67,1.0
2023-12-07 00:30:00,1228.0,22.233333333333334,38.67,1.0
2023-12-07 01:00:00,1174.5,22.2,38.67,1.0
2023-12-07 01:30:00,1160.0,22.2,38.67,1.0
2023-12-07 02:00:00,1172.0,22.3,38.67,1.0
2023-12-07 02:30:00,1127.3333333333333,22.3,38.28,1.0
2023-12-07 03:00:00,,,,1.0
2023-12-07 03:30:00,1041.0,22.1,38.475,1.0
2023-12-07 04:00:00,1037.3333333333333,22.233333333333334,38.54,1.0
2023-12-07 04:30:00,969.3333333333334,22.53333333333333,37.89,1.0
2023-12-07 05:00:00,973.3333333333334,22.566666666666666,37.76,1.0
2023-12-07 05:30:00,921.0,22.333333333333332,37.89,1.0
2023-12-07 06:00:00,896.6666666666666,22.233333333333334,38.15,1.0
2023-12-07 06:30:00,911.0,22.133333333333336,38.28,1.0
2023-12-07 07:00:00,869.3333333333334,22.266666666666666,38.02,1.0
2023-12-07 07:30:00,849.0,22.4,37.5,1.0
2023-12-07 08:00:00,943.6666666666666,22.333333333333332,37.89,1.0
2023-12-07 08:30:00,1171.0,22.3,39.45,1.0
2023-12-07 09:00:00,1517.6666666666667,22.399999999999995,40.623333333333335,1.0
2023-12-07 09:30:00,1808.3333333333333,22.5,41.669999999999995,1.0
2023-12-07 10:00:00,1766.0,22.666666666666668,40.88666666666666,1.0
2023-12-07 10:30:00,1510.0,22.53333333333333,39.84,1.0
2023-12-07 11:00:00,1512.6666666666667,22.46666666666667,39.71,1.0
2023-12-07 11:30:00,1424.0,22.399999999999995,39.32,1.0
2023-12-07 12:00:00,1592.0,22.46666666666667,40.1,1.0
2023-12-07 12:30:00,1956.0,22.833333333333332,41.02,1.0
2023-12-07 13:00:00,2116.3333333333335,22.8,41.54,1.0
2023-12-07 13:30:00,2245.3333333333335,22.7,41.669999999999995,1.0
2023-12-07 14:00:00,2367.0,22.7,42.19,1.0
2023-12-07 14:30:00,2430.5,22.6,41.8,1.0
2023-12-07 15:00:00,2634.6666666666665,22.666666666666668,42.32,1.0
2023-12-07 15:30:00,2508.0,22.7,41.8,1.0
2023-12-07 16:00:00,2487.0,22.7,41.54,1.0
2023-12-07 16:30:00,2332.0,22.6,41.02,1.0
2023-12-07 17:00:00,2174.0,22.5,40.62,1.0
2023-12-07 17:30:00,2085.0,22.4,40.62,1.0
2023-12-07 18:00:00,2025.5,22.35,40.62,1.0
2023-12-07 18:30:00,,,,1.0
2023-12-07 19:00:00,1850.5,22.3,39.84,1.0
2023-12-07 19:30:00,1762.5,22.3,39.84,1.0
2023-12-07 20:00:00,1722.0,22.3,39.84,1.0
2023-12-07 20:30:00,1687.6666666666667,22.2,39.84,1.0
2023-12-07 21:00:00,1688.3333333333333,22.233333333333334,39.84,1.0
2023-12-07 21:30:00,1575.3333333333333,22.366666666666664,39.580000000000005,1.0
2023-12-07 22:00:00,1611.0,22.333333333333332,39.45,1.0
2023-12-07 22:30:00,1551.3333333333333,22.233333333333334,39.45,1.0
2023-12-07 23:00:00,1472.0,22.2,39.45,1.0
2023-12-07 23:30:00,1411.3333333333333,22.2,39.45,1.0
2023-12-08 00:00:00,1474.5,22.2,39.45,1.0
2023-12-08 00:30:00,1310.0,22.2,39.45,1.0
2023-12-08 01:00:00,1333.0,22.1,39.45,1.0
2023-12-08 01:30:00,1246.3333333333333,22.100000000000005,39.45,1.0
2023-12-08 02:00:00,1295.0,22.1,39.45,1.0
2023-12-08 02:30:00,1223.6666666666667,22.266666666666666,39.190000000000005,1.0
2023-12-08 03:00:00,1195.0,22.46666666666667,38.67,1.0
2023-12-08 03:30:00,1159.0,22.266666666666666,38.93,1.0
2023-12-08 04:00:00,1109.5,22.2,39.06,1.0
2023-12-08 04:30:00,1024.5,22.1,39.06,1.0
2023-12-08 05:00:00,1040.0,22.35,38.865,1.0
2023-12-08 05:30:00,1045.5,22.5,38.67,1.0
2023-12-08 06:00:00,1003.6666666666666,22.333333333333332,38.67,1.0
2023-12-08 06:30:00,976.0,22.2,38.67,1.0
2023-12-08 07:00:00,953.0,22.100000000000005,38.67,1.0
2023-12-08 07:30:00,921.3333333333334,22.2,38.54,1.0
2023-12-08 08:00:00,888.6666666666666,22.366666666666664,38.410000000000004,1.0
2023-12-08 08:30:00,934.6666666666666,22.2,39.32,1.0
2023-12-08 09:00:00,1157.3333333333333,22.233333333333334,39.580000000000005,1.0
2023-12-08 09:30:00,1437.6666666666667,22.3,41.15,1.0
2023-12-08 10:00:00,1677.0,22.4,41.995,1.0
2023-12-08 10:30:00,1861.3333333333333,22.5,42.449999999999996,1.0
2023-12-08 11:00:00,1871.5,22.5,42.385,1.0
2023-12-08 11:30:00,1805.6666666666667,22.366666666666664,41.669999999999995,1.0
2023-12-08 12:00:00,1675.6666666666667,22.53333333333333,40.49333333333333,1.0
2023-12-08 12:30:00,1993.0,22.7,41.41,1.0
2023-12-08 13:00:00,2566.0,22.8,43.49,1.0
2023-12-08 13:30:00,2475.3333333333335,22.666666666666668,42.449999999999996,1.0
2023-12-08 14:00:00,2426.0,22.600000000000005,42.449999999999996,1.0
2023-12-08 14:30:00,2664.3333333333335,22.600000000000005,42.71,1.0
2023-12-08 15:00:00,2858.0,22.7,43.1,1.0
2023-12-08 15:30:00,3099.0,22.7,43.620000000000005,1.0
2023-12-08 16:00:00,3131.0,22.733333333333334,43.49,1.0
2023-12-08 16:30:00,3097.5,22.7,42.97,1.0
2023-12-08 17:00:00,2950.6666666666665,22.600000000000005,42.449999999999996,1.0
2023-12-08 17:30:00,2718.0,22.5,41.8,1.0
2023-12-08 18:00:00,2617.6666666666665,22.46666666666667,41.8,1.0
2023-12-08 18:30:00,2438.6666666666665,22.399999999999995,41.41,1.0
2023-12-08 19:00:00,2419.0,22.399999999999995,41.15,1.0
2023-12-08 19:30:00,2328.0,22.399999999999995,41.02,1.0
2023-12-08 20:00:00,2201.6666666666665,22.399999999999995,40.75333333333333,1.0
2023-12-08 20:30:00,2177.3333333333335,22.399999999999995,40.62,1.0
2023-12-08 21:00:00,2037.0,22.3,40.62,1.0
2023-12-08 21:30:00,1998.6666666666667,22.400000000000002,40.49,1.0
2023-12-08 22:00:00,1975.0,22.5,40.23,1.0
2023-12-08 22:30:00,1846.0,22.4,40.23,1.0
2023-12-08 23:00:00,1785.0,22.366666666666664,40.23,1.0
2023-12-08 23:30:00,1799.0,22.3,40.035,1.0
2023-12-09 00:00:00,1757.0,22.333333333333332,39.97,1.0
2023-12-09 00:30:00,1602.3333333333333,22.5,39.580000000000005,1.0
2023-12-09 01:00:00,1565.6666666666667,22.399999999999995,39.84,1.0
2023-12-09 01:30:00,1445.3333333333333,22.3,39.71,1.0
2023-12-09 02:00:00,1510.3333333333333,22.233333333333334,39.71,1.0
2023-12-09 02:30:00,1496.6666666666667,22.333333333333332,39.71,1.0
2023-12-09 03:00:00,1330.0,22.4,39.45,1.0
2023-12-09 03:30:00,1386.0,22.35,39.45,1.0
2023-12-09 04:00:00,1304.3333333333333,22.266666666666666,39.45,1.0
2023-12-09 04:30:00,1242.6666666666667,22.233333333333334,39.45,1.0
2023-12-09 05:00:00,1253.5,22.2,39.45,1.0
2023-12-09 05:30:00,1239.6666666666667,22.233333333333334,39.45,1.0
2023-12-09 06:00:00,1206.6666666666667,22.399999999999995,39.06,1.0
2023-12-09 06:30:00,1154.0,22.3,39.06,1.0
2023-12-09 07:00:00,1090.5,22.2,39.06,1.0
2023-12-09 07:30:00,1116.0,22.2,39.06,1.0
2023-12-09 08:00:00,1029.0,22.266666666666666,38.93,1.0
2023-12-09 08:30:00,1028.6666666666667,22.399999999999995,38.67,1.0
2023-12-09 09:00:00,1008.6666666666666,22.3,38.67,1.0
2023-12-09 09:30:00,955.3333333333334,22.2,39.06,1.0
2023-12-09 10:00:00,941.6666666666666,22.2,38.800000000000004,1.0
2023-12-09 10:30:00,902.6666666666666,22.566666666666666,38.28,1.0
2023-12-09 11:00:00,876.5,22.8,37.89,1.0
2023-12-09 11:30:00,850.6666666666666,22.5,38.15,1.0
2023-12-09 12:00:00,900.6666666666666,22.333333333333332,38.54,1.0
2023-12-09 12:30:00,816.3333333333334,22.266666666666666,38.67,1.0
2023-12-09 13:00:00,820.3333333333334,22.233333333333334,38.67,1.0
2023-12-09 13:30:00,775.5,22.2,38.67,1.0
2023-12-09 14:00:00,835.5,22.2,38.67,1.0
2023-12-09 14:30:00,836.6666666666666,22.2,38.67,1.0
2023-12-09 15:00:00,853.3333333333334,22.2,38.67,1.0
2023-12-09 15:30:00,802.0,22.2,38.67,1.0
2023-12-09 16:00:00,755.0,22.166666666666668,38.67,1.0
2023-12-09 16:30:00,736.3333333333334,22.2,38.800000000000004,1.0
2023-12-09 17:00:00,795.0,22.2,38.67,1.0
2023-12-09 17:30:00,710.0,22.1,38.865,1.0
2023-12-09 18:00:00,754.5,22.1,39.06,1.0
2023-12-09 18:30:00,716.5,22.1,38.865,1.0
2023-12-09 19:00:00,680.0,22.1,39.06,1.0
2023-12-09 19:30:00,712.0,22.1,39.06,1.0
2023-12-09 20:00:00,636.5,22.1,39.06,1.0
2023-12-09 20:30:00,677.6666666666666,22.100000000000005,39.06,1.0
2023-12-09 21:00:00,643.0,22.05,39.06,1.0
2023-12-09 21:30:00,610.3333333333334,22.100000000000005,39.06,1.0
2023-12-09 22:00:00,662.3333333333334,22.03333333333333,39.06,1.0
2023-12-09 22:30:00,601.0,22.066666666666666,39.06,1.0
2023-12-09 23:00:00,686.0,22.05,39.06,1.0
2023-12-09 23:30:00,647.0,22.05,39.06,1.0
2023-12-10 00:00:00,659.0,22.0,39.06,1.0
2023-12-10 00:30:00,627.5,22.05,39.06,1.0
2023-12-10 01:00:00,664.0,22.0,39.06,1.0
2023-12-10 01:30:00,612.0,22.0,39.06,1.0
2023-12-10 02:00:00,627.6666666666666,22.03333333333333,39.06,1.0
2023-12-10 02:30:00,624.0,22.03333333333333,39.06,1.0
2023-12-10 03:00:00,613.0,22.0,39.06,1.0
2023-12-10 03:30:00,623.0,22.0,39.06,1.0
2023-12-10 04:00:00,582.0,22.0,39.06,1.0
2023-12-10 04:30:00,626.0,22.0,39.06,1.0
2023-12-10 05:00:00,601.6666666666666,22.0,39.06,1.0
2023-12-10 05:30:00,604.3333333333334,22.0,39.06,1.0
2023-12-10 06:00:00,575.5,21.95,39.06,1.0
2023-12-10 06:30:00,563.6666666666666,22.0,39.06,1.0
2023-12-10 07:00:00,,,,1.0
2023-12-10 07:30:00,574.6666666666666,22.0,39.06,1.0
2023-12-10 08:00:00,569.5,22.0,39.06,1.0
2023-12-10 08:30:00,567.3333333333334,21.899999999999995,39.06,1.0
2023-12-10 09:00:00,565.0,21.933333333333334,39.06,1.0
2023-12-10 09:30:00,577.6666666666666,21.933333333333334,39.06,1.0
2023-12-10 10:00:00,574.6666666666666,22.0,38.93,1.0
2023-12-10 10:30:00,538.6666666666666,22.03333333333333,38.67,1.0
2023-12-10 11:00:00,555.0,22.1,38.67,1.0
2023-12-10 11:30:00,596.3333333333334,22.100000000000005,38.67,1.0
2023-12-10 12:00:00,531.5,22.15,38.67,1.0
2023-12-10 12:30:00,590.0,22.1,38.67,1.0
2023-12-10 13:00:00,585.0,22.066666666666666,38.67,1.0
2023-12-10 13:30:00,478.0,22.1,38.67,1.0
2023-12-10 14:00:00,584.0,22.0,38.67,1.0
2023-12-10 14:30:00,569.0,22.05,38.67,1.0
2023-12-10 15:00:00,524.3333333333334,22.0,38.67,1.0
2023-12-10 15:30:00,563.6666666666666,22.03333333333333,38.67,1.0
2023-12-10 16:00:00,561.5,22.0,38.67,1.0
2023-12-10 16:30:00,512.5,22.0,38.67,1.0
2023-12-10 17:00:00,554.0,22.0,38.67,1.0
2023-12-10 17:30:00,547.0,22.0,38.67,1.0
2023-12-10 18:00:00,551.0,22.0,38.67,1.0
2023-12-10 18:30:00,516.0,22.0,38.67,1.0
2023-12-10 19:00:00,,,,1.0
2023-12-10 19:30:00,,,,1.0
2023-12-10 20:00:00,540.0,22.0,38.28,1.0
2023-12-10 20:30:00,499.5,22.0,38.67,1.0
2023-12-10 21:00:00,525.5,22.0,38.67,1.0
2023-12-10 21:30:00,534.0,22.0,38.67,1.0
2023-12-10 22:00:00,523.3333333333334,22.0,38.67,1.0
2023-12-10 22:30:00,539.0,22.0,38.67,1.0
2023-12-10 23:00:00,520.3333333333334,22.0,38.67,1.0
2023-12-10 23:30:00,529.0,22.0,38.67,1.0
2023-12-11 00:00:00,552.0,22.0,38.67,1.0
2023-12-11 00:30:00,533.5,22.0,38.67,1.0
2023-12-11 01:00:00,548.6666666666666,22.0,38.67,1.0
2023-12-11 01:30:00,533.6666666666666,22.0,38.67,1.0
2023-12-11 02:00:00,567.5,22.0,38.67,1.0
2023-12-11 02:30:00,548.0,22.0,38.800000000000004,1.0
2023-12-11 03:00:00,519.5,22.0,38.67,1.0
2023-12-11 03:30:00,547.6666666666666,22.0,38.93,1.0
2023-12-11 04:00:00,551.0,22.0,39.06,1.0
2023-12-11 04:30:00,548.0,22.0,39.06,1.0
2023-12-11 05:00:00,552.5,22.0,39.06,1.0
2023-12-11 05:30:00,,,,1.0
2023-12-11 06:00:00,518.6666666666666,22.0,39.06,1.0
2023-12-11 06:30:00,552.3333333333334,22.0,39.06,1.0
2023-12-11 07:00:00,505.6666666666667,22.0,39.06,1.0
2023-12-11 07:30:00,531.0,22.0,39.06,1.0
2023-12-11 08:00:00,552.0,22.0,39.06,1.0
2023-12-11 08:30:00,645.0,22.03333333333333,39.580000000000005,1.0
2023-12-11 09:00:00,950.3333333333334,22.133333333333336,40.49,1.0
2023-12-11 09:30:00,920.6666666666666,22.133333333333336,39.71,1.0
2023-12-11 10:00:00,1063.3333333333333,22.2,39.84,1.0
2023-12-11 10:30:00,973.6666666666666,22.2,39.45,1.0
2023-12-11 11:00:00,968.0,22.2,39.45,1.0
2023-12-11 11:30:00,991.6666666666666,22.2,39.06,1.0
2023-12-11 12:00:00,1249.6666666666667,22.2,39.84,1.0
2023-12-11 12:30:00,1498.3333333333333,22.366666666666664,40.623333333333335,1.0
2023-12-11 13:00:00,1554.0,22.399999999999995,40.75333333333333,1.0
2023-12-11 13:30:00,,,,1.0
2023-12-11 14:00:00,1368.0,22.35,39.84,1.0
2023-12-11 14:30:00,1564.0,22.333333333333332,40.23,1.0
2023-12-11 15:00:00,1727.6666666666667,22.433333333333334,40.88666666666666,1.0
2023-12-11 15:30:00,2019.0,22.6,42.19,1.0
2023-12-11 16:00:00,1707.0,22.6,40.625,1.0
2023-12-11 16:30:00,2318.5,22.65,42.775,1.0
2023-12-11 17:00:00,2508.5,22.65,43.165,1.0
2023-12-11 17:30:00,2594.0,22.700000000000003,43.36,1.0
2023-12-11 18:00:00,1735.6666666666667,22.733333333333334,40.75333333333333,1.0
2023-12-11 18:30:00,1441.6666666666667,22.600000000000005,39.32,1.0
2023-12-11 19:00:00,1432.5,22.5,39.45,1.0
2023-12-11 19:30:00,1451.0,22.5,39.645,1.0
2023-12-11 20:00:00,1318.3333333333333,22.733333333333334,39.32,1.0
2023-12-11 20:30:00,1288.6666666666667,22.7,39.06,1.0
2023-12-11 21:00:00,,,,1.0
2023-12-11 21:30:00,1238.6666666666667,22.433333333333334,39.45,1.0
2023-12-11 22:00:00,1242.0,22.366666666666664,39.45,1.0
2023-12-11 22:30:00,1258.0,22.3,39.45,1.0
2023-12-11 23:00:00,1186.6666666666667,22.3,39.45,1.0
2023-12-11 23:30:00,1193.0,22.3,39.45,1.0
2023-12-12 00:00:00,1139.0,22.3,39.45,1.0
2023-12-12 00:30:00,1151.0,22.3,39.45,1.0
2023-12-12 01:00:00,1095.3333333333333,22.3,39.45,1.0
2023-12-12 01:30:00,1065.6666666666667,22.266666666666666,39.45,1.0
2023-12-12 02:00:00,1029.3333333333333,22.2,39.190000000000005,1.0
2023-12-12 02:30:00,1045.0,22.2,39.255,1.0
2023-12-12 03:00:00,1047.5,22.25,39.255,1.0
2023-12-12 03:30:00,1009.0,22.3,39.06,1.0
2023-12-12 04:00:00,1009.3333333333334,22.2,39.06,1.0
2023-12-12 04:30:00,920.0,22.4,39.06,1.0
2023-12-12 05:00:00,935.0,22.5,38.67,1.0
2023-12-12 05:30:00,930.5,22.3,39.06,1.0
2023-12-12 06:00:00,895.0,22.2,39.06,1.0
2023-12-12 06:30:00,895.3333333333334,22.266666666666666,38.93,1.0
2023-12-12 07:00:00,808.0,22.566666666666666,38.28,1.0
2023-12-12 07:30:00,828.0,22.400000000000002,38.28,1.0
2023-12-12 08:00:00,1302.0,22.366666666666664,40.233333333333334,1.0
2023-12-12 08:30:00,1388.0,22.399999999999995,41.79666666666666,0.8333333333333334
2023-12-12 09:00:00,1558.3333333333333,22.433333333333334,42.18666666666667,1.0
2023-12-12 09:30:00,2021.6666666666667,22.96666666666667,43.879999999999995,1.0
2023-12-12 10:00:00,1966.0,23.1,41.605,1.0
2023-12-12 10:30:00,2027.6666666666667,23.0,42.19,1.0
2023-12-12 11:00:00,1960.0,22.766666666666666,41.93,1.0
2023-12-12 11:30:00,1897.3333333333333,22.666666666666668,40.88333333333333,1.0
2023-12-12 12:00:00,2128.3333333333335,22.666666666666668,40.88666666666666,1.0
2023-12-12 12:30:00,2291.0,22.85,41.995,1.0
2023-12-12 13:00:00,2815.0,23.133333333333336,42.97,1.0
2023-12-12 13:30:00,3194.0,23.2,43.945,1.0
2023-12-12 14:00:00,2753.0,23.03333333333333,42.57666666666666,1.0
2023-12-12 14:30:00,1809.0,22.9,39.84,1.0
2023-12-12 15:00:00,2485.0,22.9,41.41,1.0
2023-12-12 15:30:00,,,,1.0
2023-12-12 16:00:00,1889.0,22.9,39.06,1.0
2023-12-12 16:30:00,1624.0,22.8,37.89,1.0
2023-12-12 17:00:00,1590.0,22.7,37.89,1.0
2023-12-12 17:30:00,,,,1.0
2023-12-12 18:00:00,1532.0,22.6,37.89,1.0
2023-12-12 18:30:00,1458.0,22.6,37.89,1.0
2023-12-12 19:00:00,,,,1.0
2023-12-12 19:30:00,,,,1.0
2023-12-12 20:00:00,,,,1.0
2023-12-12 20:30:00,1426.0,22.3,38.28,1.0
2023-12-12 21:00:00,1284.0,22.3,38.28,1.0
2023-12-12 21:30:00,1215.5,22.3,38.28,1.0
2023-12-12 22:00:00,1237.0,22.25,38.28,1.0
2023-12-12 22:30:00,1206.0,22.2,38.28,1.0
2023-12-12 23:00:00,1174.0,22.2,38.28,1.0
2023-12-12 23:30:00,1221.0,22.2,38.28,1.0
2023-12-13 00:00:00,1186.5,22.15,38.28,1.0
2023-12-13 00:30:00,1054.5,22.1,38.28,1.0
2023-12-13 01:00:00,1059.0,22.1,38.28,1.0
2023-12-13 01:30:00,1038.5,22.1,38.28,1.0
2023-12-13 02:00:00,1043.0,22.066666666666666,38.28,1.0
2023-12-13 02:30:00,1013.3333333333334,22.066666666666666,38.28,1.0
2023-12-13 03:00:00,977.3333333333334,22.0,38.28,1.0
2023-12-13 03:30:00,945.0,22.0,38.28,1.0
2023-12-13 04:00:00,929.6666666666666,22.0,38.15,1.0
2023-12-13 04:30:00,899.0,21.96666666666667,38.28,1.0
2023-12-13 05:00:00,934.0,21.9,38.085,1.0
2023-12-13 05:30:00,886.0,21.899999999999995,38.02,1.0
2023-12-13 06:00:00,819.3333333333334,21.899999999999995,38.02,1.0
2023-12-13 06:30:00,815.6666666666666,21.899999999999995,38.02,1.0
2023-12-13 07:00:00,784.3333333333334,21.833333333333332,37.89,1.0
2023-12-13 07:30:00,764.0,21.8,37.63,1.0
2023-12-13 08:00:00,757.6666666666666,21.8,37.63,1.0
2023-12-13 08:30:00,1140.3333333333333,21.833333333333332,42.70666666666667,0.8333333333333334
2023-12-13 09:00:00,1278.0,21.96666666666667,42.839999999999996,1.0
2023-12-13 09:30:00,1617.6666666666667,22.133333333333336,45.18000000000001,1.0
2023-12-13 10:00:00,1930.3333333333333,22.2,45.96,1.0
2023-12-13 10:30:00,2044.3333333333333,22.2,46.22,1.0
2023-12-13 11:00:00,1746.0,22.1,43.165,1.0
2023-12-13 11:30:00,1465.3333333333333,22.03333333333333,40.49333333333333,0.8333333333333334
2023-12-13 12:00:00,1404.0,22.233333333333334,38.8,0.6666666666666666
2023-12-13 12:30:00,1295.0,22.3,36.72,1.0
2023-12-13 13:00:00,1674.3333333333333,22.399999999999995,38.800000000000004,1.0
2023-12-13 13:30:00,2054.0,22.399999999999995,40.23,1.0
2023-12-13 14:00:00,2306.6666666666665,22.3,41.15,1.0
2023-12-13 14:30:00,2503.3333333333335,22.3,41.93,1.0
2023-12-13 15:00:00,2815.0,22.3,42.71,1.0
2023-12-13 15:30:00,2528.6666666666665,22.333333333333332,41.53666666666666,1.0
2023-12-13 16:00:00,2449.0,22.4,41.41,1.0
2023-12-13 16:30:00,2704.6666666666665,22.399999999999995,42.32,1.0
2023-12-13 17:00:00,2957.3333333333335,22.399999999999995,42.97,1.0
2023-12-13 17:30:00,2925.3333333333335,22.399999999999995,42.449999999999996,1.0
2023-12-13 18:00:00,2516.6666666666665,22.366666666666664,41.02,1.0
2023-12-13 18:30:00,2380.0,22.400000000000002,40.23,1.0
2023-12-13 19:00:00,2231.6666666666665,22.46666666666667,39.71,1.0
2023-12-13 19:30:00,2193.6666666666665,22.399999999999995,39.84,1.0
2023-12-13 20:00:00,2152.6666666666665,22.3,39.84,1.0
2023-12-13 20:30:00,2010.6666666666667,22.2,39.580000000000005,1.0
2023-12-13 21:00:00,1979.5,22.2,39.45,1.0
2023-12-13 21:30:00,1860.6666666666667,22.233333333333334,39.45,1.0
2023-12-13 22:00:00,1865.3333333333333,22.2,39.45,1.0
2023-12-13 22:30:00,1772.0,22.2,39.190000000000005,1.0
2023-12-13 23:00:00,1701.5,22.2,39.06,1.0
2023-12-13 23:30:00,1695.3333333333333,22.166666666666668,39.06,1.0
2023-12-14 00:00:00,1603.6666666666667,22.133333333333336,39.06,1.0
2023-12-14 00:30:00,1601.6666666666667,22.166666666666668,39.06,1.0
2023-12-14 01:00:00,1539.3333333333333,22.166666666666668,38.800000000000004,1.0
2023-12-14 01:30:00,1476.0,22.100000000000005,38.67,1.0
2023-12-14 02:00:00,1471.6666666666667,22.100000000000005,38.67,1.0
2023-12-14 02:30:00,1456.6666666666667,22.100000000000005,38.67,1.0
2023-12-14 03:00:00,1395.0,22.100000000000005,38.67,1.0
2023-12-14 03:30:00,1361.5,22.1,38.28,1.0
2023-12-14 04:00:00,1314.3333333333333,22.100000000000005,38.28,1.0
2023-12-14 04:30:00,1226.3333333333333,22.100000000000005,38.28,1.0
2023-12-14 05:00:00,1239.6666666666667,22.066666666666666,38.28,1.0
2023-12-14 05:30:00,1211.0,22.03333333333333,38.02,1.0
2023-12-14 06:00:00,1209.0,22.03333333333333,38.15,1.0
2023-12-14 06:30:00,1185.6666666666667,22.0,38.28,1.0
2023-12-14 07:00:00,1105.0,22.0,37.89,1.0
2023-12-14 07:30:00,1089.6666666666667,22.0,37.89,1.0
2023-12-14 08:00:00,1001.0,22.0,37.11,0.16666666666666666
2023-12-14 08:30:00,884.6666666666666,21.96666666666667,35.156666666666666,0.8333333333333334
2023-12-14 09:00:00,1174.6666666666667,22.3,36.07,1.0
2023-12-14 09:30:00,1303.6666666666667,22.7,36.72,1.0
2023-12-14 10:00:00,1841.0,22.866666666666664,39.19,1.0
2023-12-14 10:30:00,2060.0,22.8,39.84,1.0
2023-12-14 11:00:00,2202.5,22.65,40.035,1.0
2023-12-14 11:30:00,1628.6666666666667,22.5,38.02,1.0
2023-12-14 12:00:00,1590.3333333333333,22.46666666666667,37.24,1.0
2023-12-14 12:30:00,1345.3333333333333,22.53333333333333,35.94,1.0
2023-12-14 13:00:00,1552.6666666666667,22.733333333333334,36.72,1.0
2023-12-14 13:30:00,1742.3333333333333,22.733333333333334,37.24,1.0
2023-12-14 14:00:00,2399.0,22.8,39.06,1.0
2023-12-14 14:30:00,2145.5,22.75,38.28,1.0
2023-12-14 15:00:00,2549.0,22.833333333333332,39.84,1.0
2023-12-14 15:30:00,2734.6666666666665,22.899999999999995,40.233333333333334,1.0
2023-12-14 16:00:00,2578.6666666666665,22.933333333333334,40.10333333333333,1.0
2023-12-14 16:30:00,2148.3333333333335,22.866666666666664,38.800000000000004,1.0
2023-12-14 17:00:00,1856.6666666666667,22.7,38.02,1.0
2023-12-14 17:30:00,1841.3333333333333,22.53333333333333,37.89,1.0
2023-12-14 18:00:00,1758.6666666666667,22.46666666666667,37.89,1.0
2023-12-14 18:30:00,1675.5,22.4,37.89,1.0
2023-12-14 19:00:00,1649.3333333333333,22.399999999999995,37.76,1.0
2023-12-14 19:30:00,1676.5,22.4,37.89,1.0
2023-12-14 20:00:00,1549.0,22.4,37.89,1.0
2023-12-14 20:30:00,1558.0,22.333333333333332,37.89,1.0
2023-12-14 21:00:00,1460.0,22.266666666666666,37.89,1.0
2023-12-14 21:30:00,1474.6666666666667,22.366666666666664,37.76,1.0
2023-12-14 22:00:00,1436.6666666666667,22.5,37.5,1.0
2023-12-14 22:30:00,1343.3333333333333,22.433333333333334,37.5,1.0
2023-12-14 23:00:00,1363.0,22.3,37.63,1.0
2023-12-14 23:30:00,1323.3333333333333,22.3,37.63,1.0
2023-12-15 00:00:00,1269.6666666666667,22.233333333333334,37.76,1.0
2023-12-15 00:30:00,1205.0,22.566666666666666,37.24,1.0
2023-12-15 01:00:00,1173.6666666666667,22.5,37.24,1.0
2023-12-15 01:30:00,1186.0,22.333333333333332,37.5,1.0
2023-12-15 02:00:00,1116.0,22.266666666666666,37.5,1.0
2023-12-15 02:30:00,1107.0,22.2,37.5,1.0
2023-12-15 03:00:00,1052.6666666666667,22.2,37.5,1.0
2023-12-15 03:30:00,1057.0,22.2,37.5,1.0
2023-12-15 04:00:00,1026.6666666666667,22.2,37.5,1.0
2023-12-15 04:30:00,1003.0,22.166666666666668,37.5,1.0
2023-12-15 05:00:00,964.6666666666666,22.133333333333336,37.5,1.0
2023-12-15 05:30:00,929.6666666666666,22.133333333333336,37.63,1.0
2023-12-15 06:00:00,918.3333333333334,22.100000000000005,37.76,1.0
2023-12-15 06:30:00,971.6666666666666,22.100000000000005,37.89,1.0
2023-12-15 07:00:00,913.0,22.100000000000005,37.89,1.0
2023-12-15 07:30:00,907.6666666666666,22.3,37.63,1.0
2023-12-15 08:00:00,806.6666666666666,22.166666666666668,37.76,0.3333333333333333
2023-12-15 08:30:00,887.6666666666666,21.8,39.973333333333336,0.5
2023-12-15 09:00:00,1508.3333333333333,22.066666666666666,45.57333333333333,0.6666666666666666
2023-12-15 09:30:00,1906.0,22.333333333333332,47.53,1.0
2023-12-15 10:00:00,1916.6666666666667,22.399999999999995,46.48333333333334,1.0
2023-12-15 10:30:00,2173.0,22.4,46.88,1.0
2023-12-15 11:00:00,2419.0,22.5,47.14000000000001,1.0
2023-12-15 11:30:00,2388.0,22.5,46.48333333333333,1.0
2023-12-15 12:00:00,2224.0,22.3,45.7,1.0
2023-12-15 12:30:00,2103.6666666666665,22.366666666666664,45.44,1.0
2023-12-15 13:00:00,2098.3333333333335,22.46666666666667,44.919999999999995,1.0
2023-12-15 13:30:00,1907.6666666666667,22.433333333333334,44.14000000000001,1.0
2023-12-15 14:00:00,2122.3333333333335,22.53333333333333,44.919999999999995,1.0
2023-12-15 14:30:00,2093.6666666666665,22.8,44.4,1.0
2023-12-15 15:00:00,2405.3333333333335,22.899999999999995,45.18000000000001,1.0
2023-12-15 15:30:00,1976.0,22.766666666666666,43.23,1.0
2023-12-15 16:00:00,1960.6666666666667,22.633333333333336,42.97,1.0
2023-12-15 16:30:00,1949.0,22.6,42.97,1.0
2023-12-15 17:00:00,,,,1.0
2023-12-15 17:30:00,1710.3333333333333,22.5,42.449999999999996,1.0
2023-12-15 18:00:00,1720.0,22.5,42.19,1.0
2023-12-15 18:30:00,,,,1.0
2023-12-15 19:00:00,,,,1.0
2023-12-15 19:30:00,,,,1.0
2023-12-15 20:00:00,,,,1.0
2023-12-15 20:30:00,,,,1.0
2023-12-15 21:00:00,,,,1.0
2023-12-15 21:30:00,,,,1.0
2023-12-15 22:00:00,,,,1.0
2023-12-15 22:30:00,,,,1.0
2023-12-15 23:00:00,,,,1.0
2023-12-15 23:30:00,,,,1.0
2023-12-16 00:00:00,,,,1.0
2023-12-16 00:30:00,,,,1.0
2023-12-16 01:00:00,1300.5,22.45,41.41,1.0
2023-12-16 01:30:00,,,,1.0
2023-12-16 02:00:00,1311.0,22.4,41.41,1.0
2023-12-16 02:30:00,1267.0,22.4,41.41,1.0
2023-12-16 03:00:00,1238.0,22.4,41.41,1.0
2023-12-16 03:30:00,1193.6666666666667,22.399999999999995,41.28,1.0
2023-12-16 04:00:00,1171.0,22.4,41.02,1.0
2023-12-16 04:30:00,,,,1.0
2023-12-16 05:00:00,,,,1.0
2023-12-16 05:30:00,,,,1.0
2023-12-16 06:00:00,,,,1.0
2023-12-16 06:30:00,,,,1.0
2023-12-16 07:00:00,,,,1.0
2023-12-16 07:30:00,,,,1.0
2023-12-16 08:00:00,,,,1.0
2023-12-16 08:30:00,,,,1.0
2023-12-16 09:00:00,,,,1.0
2023-12-16 09:30:00,951.0,22.4,41.02,1.0
2023-12-16 10:00:00,,,,1.0
2023-12-16 10:30:00,,,,1.0
2023-12-16 11:00:00,956.0,22.4,41.02,1.0
2023-12-16 11:30:00,,,,1.0
2023-12-16 12:00:00,,,,1.0
2023-12-16 12:30:00,,,,1.0
2023-12-16 13:00:00,,,,1.0
2023-12-16 13:30:00,814.0,22.4,41.02,1.0
2023-12-16 14:00:00,,,,1.0
2023-12-16 14:30:00,,,,1.0
2023-12-16 15:00:00,,,,1.0
2023-12-16 15:30:00,808.5,22.4,41.41,1.0
2023-12-16 16:00:00,748.5,22.4,41.215,1.0
2023-12-16 16:30:00,703.0,22.4,41.41,1.0
2023-12-16 17:00:00,,,,1.0
2023-12-16 17:30:00,,,,1.0
2023-12-16 18:00:00,,,,1.0
2023-12-16 18:30:00,,,,1.0
2023-12-16 19:00:00,,,,1.0
2023-12-16 19:30:00,,,,1.0
2023-12-16 20:00:00,701.0,22.7,41.02,1.0
2023-12-16 20:30:00,,,,1.0
2023-12-16 21:00:00,,,,1.0
2023-12-16 21:30:00,,,,1.0
2023-12-16 22:00:00,,,,1.0
2023-12-16 22:30:00,,,,1.0
2023-12-16 23:00:00,,,,1.0
2023-12-16 23:30:00,,,,1.0
2023-12-17 00:00:00,726.0,23.2,40.62,1.0
2023-12-17 00:30:00,669.0,23.3,40.62,1.0
2023-12-17 01:00:00,688.6666666666666,23.266666666666666,40.62,1.0
2023-12-17 01:30:00,679.6666666666666,23.3,40.62,1.0
2023-12-17 02:00:00,641.6666666666666,23.333333333333332,40.62,1.0
2023-12-17 02:30:00,641.0,23.399999999999995,40.62,1.0
2023-12-17 03:00:00,643.0,23.399999999999995,40.49,1.0
2023-12-17 03:30:00,637.6666666666666,23.433333333333334,40.23,1.0
2023-12-17 04:00:00,636.3333333333334,23.5,40.23,1.0
2023-12-17 04:30:00,632.3333333333334,23.5,40.23,1.0
2023-12-17 05:00:00,592.6666666666666,23.53333333333333,40.23,1.0
2023-12-17 05:30:00,628.3333333333334,23.53333333333333,40.23,1.0
2023-12-17 06:00:00,590.0,23.600000000000005,40.23,1.0
2023-12-17 06:30:00,596.3333333333334,23.666666666666668,40.23,1.0
2023-12-17 07:00:00,567.6666666666666,23.666666666666668,40.23,1.0
2023-12-17 07:30:00,566.6666666666666,23.7,40.23,1.0
2023-12-17 08:00:00,564.6666666666666,23.733333333333334,40.23,1.0
2023-12-17 08:30:00,630.0,23.7,40.1,1.0
2023-12-17 09:00:00,588.3333333333334,23.7,40.1,1.0
2023-12-17 09:30:00,555.0,23.400000000000002,40.35999999999999,1.0
2023-12-17 10:00:00,585.3333333333334,23.333333333333332,40.62,1.0
2023-12-17 10:30:00,590.3333333333334,23.46666666666667,40.49,1.0
2023-12-17 11:00:00,532.0,23.600000000000005,40.23,1.0
2023-12-17 11:30:00,551.6666666666666,23.633333333333336,40.23,1.0
2023-12-17 12:00:00,517.6666666666666,23.599999999999998,40.23,1.0
2023-12-17 12:30:00,562.6666666666666,23.333333333333332,40.49,1.0
2023-12-17 13:00:00,512.3333333333334,23.233333333333334,40.62,1.0
2023-12-17 13:30:00,556.5,23.25,40.62,1.0
2023-12-17 14:00:00,495.0,23.366666666666664,40.49,1.0
2023-12-17 14:30:00,505.0,23.45,40.23,1.0
2023-12-17 15:00:00,491.0,23.46666666666667,40.23,1.0
2023-12-17 15:30:00,536.0,23.5,40.23,1.0
2023-12-17 16:00:00,520.3333333333334,23.46666666666667,40.23,1.0
2023-12-17 16:30:00,514.6666666666666,23.333333333333332,40.49,1.0
2023-12-17 17:00:00,521.5,23.2,40.62,1.0
2023-12-17 17:30:00,499.3333333333333,23.233333333333334,40.62,1.0
2023-12-17 18:00:00,517.3333333333334,23.333333333333332,40.62,1.0
2023-12-17 18:30:00,518.3333333333334,23.433333333333334,40.35999999999999,1.0
2023-12-17 19:00:00,560.0,23.399999999999995,40.49,1.0
2023-12-17 19:30:00,545.3333333333334,23.399999999999995,40.62,1.0
2023-12-17 20:00:00,586.5,23.3,40.62,1.0
2023-12-17 20:30:00,553.0,23.3,40.62,1.0
2023-12-17 21:00:00,572.0,23.333333333333332,40.62,1.0
2023-12-17 21:30:00,622.6666666666666,23.3,40.62,1.0
2023-12-17 22:00:00,584.3333333333334,23.3,40.75333333333333,1.0
2023-12-17 22:30:00,608.3333333333334,23.233333333333334,40.88666666666666,1.0
2023-12-17 23:00:00,579.6666666666666,23.3,41.02,1.0
2023-12-17 23:30:00,613.3333333333334,23.233333333333334,41.02,1.0
2023-12-18 00:00:00,680.0,23.2,41.02,1.0
2023-12-18 00:30:00,654.0,23.3,41.02,1.0
2023-12-18 01:00:00,622.0,23.3,41.02,1.0
2023-12-18 01:30:00,623.0,23.266666666666666,40.88666666666666,1.0
2023-12-18 02:00:00,604.3333333333334,23.166666666666668,41.02,1.0
2023-12-18 02:30:00,594.0,23.133333333333336,41.02,1.0
2023-12-18 03:00:00,632.0,23.100000000000005,41.02,1.0
2023-12-18 03:30:00,652.0,23.166666666666668,41.02,1.0
2023-12-18 04:00:00,593.6666666666666,23.3,40.62,1.0
2023-12-18 04:30:00,600.0,23.3,40.75333333333333,1.0
2023-12-18 05:00:00,593.3333333333334,23.166666666666668,40.88666666666666,1.0
2023-12-18 05:30:00,537.0,23.100000000000005,41.02,1.0
2023-12-18 06:00:00,575.5,23.15,41.02,1.0
2023-12-18 06:30:00,609.0,23.25,41.02,1.0
2023-12-18 07:00:00,530.6666666666666,23.333333333333332,40.75333333333333,1.0
2023-12-18 07:30:00,569.3333333333334,23.2,41.02,1.0
2023-12-18 08:00:00,578.5,23.1,41.02,1.0
2023-12-18 08:30:00,545.0,23.233333333333334,41.02,1.0
2023-12-18 09:00:00,548.3333333333334,23.333333333333332,41.02,1.0
2023-12-18 09:30:00,562.6666666666666,23.3,41.15,1.0
2023-12-18 10:00:00,763.3333333333334,23.133333333333336,41.93,1.0
2023-12-18 10:30:00,909.0,23.100000000000005,42.71,1.0
2023-12-18 11:00:00,941.6666666666666,23.133333333333336,42.839999999999996,1.0
2023-12-18 11:30:00,1144.0,23.3,43.75,1.0
2023-12-18 12:00:00,1070.0,23.4,43.75,1.0
2023-12-18 12:30:00,1103.6666666666667,23.399999999999995,43.75,1.0
2023-12-18 13:00:00,1309.3333333333333,23.399999999999995,44.27,0.5
2023-12-18 13:30:00,1374.5,23.45,45.115,0.6666666666666666
2023-12-18 14:00:00,1553.5,23.55,45.31,1.0
2023-12-18 14:30:00,1502.6666666666667,23.666666666666668,44.660000000000004,1.0
2023-12-18 15:00:00,1606.0,23.733333333333334,44.79,1.0
2023-12-18 15:30:00,1941.0,23.9,45.505,1.0
2023-12-18 16:00:00,2085.0,23.899999999999995,46.22,1.0
2023-12-18 16:30:00,2298.3333333333335,23.96666666666667,46.61333333333334,1.0
2023-12-18 17:00:00,2433.0,24.0,46.88,1.0
2023-12-18 17:30:00,1964.0,24.0,45.70000000000001,1.0
2023-12-18 18:00:00,1987.6666666666667,24.0,46.09,1.0
2023-12-18 18:30:00,1841.0,24.0,45.31,1.0
2023-12-18 19:00:00,1684.0,23.7,45.18000000000001,1.0
2023-12-18 19:30:00,1628.0,23.46666666666667,44.919999999999995,1.0
2023-12-18 20:00:00,1600.6666666666667,23.399999999999995,44.919999999999995,1.0
2023-12-18 20:30:00,1524.3333333333333,23.333333333333332,44.919999999999995,1.0
2023-12-18 21:00:00,1514.5,23.3,44.725,1.0
2023-12-18 21:30:00,1429.6666666666667,23.399999999999995,44.4,1.0
2023-12-18 22:00:00,1456.5,23.5,44.14,1.0
2023-12-18 22:30:00,1398.6666666666667,23.46666666666667,44.14000000000001,1.0
2023-12-18 23:00:00,1357.3333333333333,23.433333333333334,43.75,1.0
2023-12-18 23:30:00,1344.6666666666667,23.399999999999995,43.75,1.0
2023-12-19 00:00:00,1310.3333333333333,23.333333333333332,43.75,1.0
2023-12-19 00:30:00,1235.0,23.3,43.75,1.0
2023-12-19 01:00:00,1232.6666666666667,23.3,43.75,1.0
2023-12-19 01:30:00,1182.0,23.266666666666666,43.75,1.0
2023-12-19 02:00:00,1162.6666666666667,23.266666666666666,43.75,1.0
2023-12-19 02:30:00,1113.6666666666667,23.233333333333334,43.75,1.0
2023-12-19 03:00:00,1092.0,23.3,43.620000000000005,1.0
2023-12-19 03:30:00,1050.3333333333333,23.433333333333334,43.35999999999999,1.0
2023-12-19 04:00:00,974.6666666666666,23.5,42.97,1.0
2023-12-19 04:30:00,1009.0,23.46666666666667,43.1,1.0
2023-12-19 05:00:00,943.3333333333334,23.5,42.97,1.0
2023-12-19 05:30:00,967.0,23.600000000000005,42.97,1.0
2023-12-19 06:00:00,946.0,23.600000000000005,42.839999999999996,1.0
2023-12-19 06:30:00,898.6666666666666,23.46666666666667,42.97,1.0
2023-12-19 07:00:00,840.3333333333334,23.266666666666666,42.97,1.0
2023-12-19 07:30:00,865.0,23.166666666666668,42.97,1.0
2023-12-19 08:00:00,834.0,23.100000000000005,43.1,1.0
2023-12-19 08:30:00,1004.0,23.133333333333336,44.01,1.0
2023-12-19 09:00:00,1577.3333333333333,23.333333333333332,47.01,1.0
2023-12-19 09:30:00,1670.0,23.433333333333334,47.00666666666666,1.0
2023-12-19 10:00:00,1460.3333333333333,23.433333333333334,46.22,1.0
2023-12-19 10:30:00,1768.0,23.5,46.48,1.0
2023-12-19 11:00:00,1877.6666666666667,23.5,46.88,1.0
2023-12-19 11:30:00,2033.0,23.5,47.14000000000001,1.0
2023-12-19 12:00:00,2022.3333333333333,23.566666666666666,46.616666666666674,1.0
2023-12-19 12:30:00,1325.0,23.5,44.660000000000004,1.0
2023-12-19 13:00:00,1149.3333333333333,23.399999999999995,44.01,1.0
2023-12-19 13:30:00,1396.3333333333333,23.433333333333334,44.53,1.0
2023-12-19 14:00:00,1694.3333333333333,23.53333333333333,45.96,1.0
2023-12-19 14:30:00,1886.6666666666667,23.566666666666666,46.09,1.0
2023-12-19 15:00:00,2160.0,23.6,47.075,1.0
2023-12-19 15:30:00,2350.0,23.633333333333336,47.79,1.0
2023-12-19 16:00:00,2341.5,23.65,47.66,1.0
2023-12-19 16:30:00,2156.0,23.666666666666668,47.13666666666666,1.0
2023-12-19 17:00:00,1922.5,23.5,46.09,1.0
2023-12-19 17:30:00,1804.6666666666667,23.399999999999995,45.57,1.0
2023-12-19 18:00:00,1767.3333333333333,23.333333333333332,45.31,1.0
2023-12-19 18:30:00,1643.0,23.3,44.919999999999995,1.0
2023-12-19 19:00:00,1590.6666666666667,23.266666666666666,44.919999999999995,1.0
2023-12-19 19:30:00,1521.3333333333333,23.2,44.660000000000004,1.0
2023-12-19 20:00:00,1506.0,23.2,44.53,1.0
2023-12-19 20:30:00,1470.3333333333333,23.166666666666668,44.53,1.0
2023-12-19 21:00:00,1443.0,23.1,44.14,1.0
2023-12-19 21:30:00,1430.6666666666667,23.100000000000005,44.14000000000001,1.0
2023-12-19 22:00:00,1376.3333333333333,23.100000000000005,44.14000000000001,1.0
2023-12-19 22:30:00,1390.0,23.03333333333333,44.14000000000001,1.0
2023-12-19 23:00:00,1329.6666666666667,23.0,44.01,1.0
2023-12-19 23:30:00,1320.6666666666667,23.0,43.75,1.0
2023-12-20 00:00:00,1283.0,22.96666666666667,43.75,1.0
2023-12-20 00:30:00,1221.6666666666667,22.899999999999995,43.75,1.0
2023-12-20 01:00:00,1251.0,22.9,43.75,1.0
2023-12-20 01:30:00,1216.0,22.899999999999995,43.620000000000005,1.0
2023-12-20 02:00:00,1139.0,22.866666666666664,43.49,1.0
2023-12-20 02:30:00,1169.0,22.833333333333332,43.35999999999999,1.0
2023-12-20 03:00:00,1172.3333333333333,22.8,43.35999999999999,1.0
2023-12-20 03:30:00,1122.5,22.8,43.36,1.0
2023-12-20 04:00:00,1041.0,22.8,43.35999999999999,1.0
2023-12-20 04:30:00,1061.0,22.75,42.97,1.0
2023-12-20 05:00:00,1016.0,22.766666666666666,42.97,1.0
2023-12-20 05:30:00,1055.3333333333333,22.766666666666666,42.97,1.0
2023-12-20 06:00:00,998.6666666666666,22.7,43.1,1.0
2023-12-20 06:30:00,1069.6666666666667,22.7,42.97,1.0
2023-12-20 07:00:00,950.0,22.7,42.97,1.0
2023-12-20 07:30:00,924.6666666666666,22.666666666666668,42.58,1.0
2023-12-20 08:00:00,874.6666666666666,22.733333333333334,42.449999999999996,1.0
2023-12-20 08:30:00,854.0,22.8,41.995,1.0
2023-12-20 09:00:00,844.0,22.766666666666666,41.93,1.0
2023-12-20 09:30:00,808.0,22.7,42.19,1.0
2023-12-20 10:00:00,848.0,22.733333333333334,41.93,1.0
2023-12-20 10:30:00,748.0,22.85,41.8,1.0
2023-12-20 11:00:00,811.6666666666666,22.733333333333334,41.8,1.0
2023-12-20 11:30:00,783.0,22.666666666666668,41.8,1.0
2023-12-20 12:00:00,810.6666666666666,22.600000000000005,41.8,1.0
2023-12-20 12:30:00,810.3333333333334,22.8,41.669999999999995,1.0
2023-12-20 13:00:00,790.3333333333334,22.96666666666667,41.41,1.0
2023-12-20 13:30:00,796.3333333333334,22.833333333333332,41.41,1.0
2023-12-20 14:00:00,751.3333333333334,22.766666666666666,41.669999999999995,1.0
2023-12-20 14:30:00,794.0,22.733333333333334,41.8,1.0
2023-12-20 15:00:00,810.6666666666666,22.8,41.41,1.0
2023-12-20 15:30:00,746.6666666666666,23.03333333333333,41.02,1.0
2023-12-20 16:00:00,782.0,22.899999999999995,41.02,1.0
2023-12-20 16:30:00,800.3333333333334,22.766666666666666,41.02,1.0
2023-12-20 17:00:00,762.0,22.7,41.02,1.0
2023-12-20 17:30:00,820.6666666666666,22.7,41.02,1.0
2023-12-20 18:00:00,774.6666666666666,22.766666666666666,40.75333333333333,1.0
2023-12-20 18:30:00,724.3333333333334,22.7,40.62,1.0
2023-12-20 19:00:00,729.0,22.666666666666668,40.62,1.0
2023-12-20 19:30:00,817.0,22.666666666666668,41.02,1.0
2023-12-20 20:00:00,771.3333333333334,22.600000000000005,41.02,1.0
2023-12-20 20:30:00,794.0,22.733333333333334,40.88666666666666,1.0
2023-12-20 21:00:00,759.0,22.8,40.62,1.0
2023-12-20 21:30:00,746.0,22.7,40.62,1.0
2023-12-20 22:00:00,741.3333333333334,22.600000000000005,41.02,1.0
2023-12-20 22:30:00,747.0,22.566666666666666,41.02,1.0
2023-12-20 23:00:00,727.6666666666666,22.53333333333333,41.02,1.0
2023-12-20 23:30:00,730.0,22.666666666666668,40.88666666666666,1.0
2023-12-21 00:00:00,691.3333333333334,22.566666666666666,40.75333333333333,1.0
2023-12-21 00:30:00,701.0,22.53333333333333,41.02,1.0
2023-12-21 01:00:00,684.3333333333334,22.433333333333334,41.02,1.0
2023-12-21 01:30:00,709.6666666666666,22.433333333333334,40.88666666666666,1.0
2023-12-21 02:00:00,699.3333333333334,22.399999999999995,40.88666666666666,1.0
2023-12-21 02:30:00,724.0,22.433333333333334,40.88666666666666,1.0
2023-12-21 03:00:00,702.0,22.633333333333336,40.62,1.0
2023-12-21 03:30:00,663.3333333333334,22.566666666666666,40.62,1.0
2023-12-21 04:00:00,749.5,22.4,40.82,1.0
2023-12-21 04:30:00,691.3333333333334,22.433333333333334,41.02,1.0
2023-12-21 05:00:00,650.0,22.366666666666664,40.88666666666666,1.0
2023-12-21 05:30:00,662.3333333333334,22.399999999999995,40.75333333333333,1.0
2023-12-21 06:00:00,661.3333333333334,22.366666666666664,40.75333333333333,1.0
2023-12-21 06:30:00,675.0,22.333333333333332,40.62,1.0
2023-12-21 07:00:00,657.0,22.3,40.62,1.0
2023-12-21 07:30:00,637.0,22.3,40.62,1.0
2023-12-21 08:00:00,675.6666666666666,22.333333333333332,40.62,1.0
2023-12-21 08:30:00,662.6666666666666,22.3,40.62,1.0
2023-12-21 09:00:00,675.0,22.3,40.62,1.0
2023-12-21 09:30:00,640.6666666666666,22.400000000000002,40.62,1.0
2023-12-21 10:00:00,591.6666666666666,22.599999999999998,40.49,1.0
2023-12-21 10:30:00,609.3333333333334,22.733333333333334,40.23,1.0
2023-12-21 11:00:00,638.3333333333334,22.8,40.23,1.0
2023-12-21 11:30:00,609.0,22.833333333333332,40.49,1.0
2023-12-21 12:00:00,632.0,22.9,40.62,1.0
2023-12-21 12:30:00,638.0,22.96666666666667,40.62,1.0
2023-12-21 13:00:00,635.3333333333334,22.96666666666667,40.49,1.0
2023-12-21 13:30:00,640.3333333333334,23.0,40.49,1.0
2023-12-21 14:00:00,675.6666666666666,23.0,40.23,1.0
2023-12-21 14:30:00,680.6666666666666,22.899999999999995,40.49,1.0
2023-12-21 15:00:00,710.6666666666666,22.8,40.62,1.0
2023-12-21 15:30:00,694.0,22.733333333333334,40.49,1.0
2023-12-21 16:00:00,657.0,22.8,40.23,1.0
2023-12-21 16:30:00,614.0,22.8,40.23,1.0
2023-12-21 17:00:00,655.6666666666666,22.8,40.1,1.0
2023-12-21 17:30:00,644.6666666666666,22.7,40.1,1.0
2023-12-21 18:00:00,636.6666666666666,22.666666666666668,40.23,1.0
2023-12-21 18:30:00,657.0,22.633333333333336,40.1,1.0
2023-12-21 19:00:00,615.3333333333334,22.633333333333336,39.97,1.0
2023-12-21 19:30:00,650.6666666666666,22.600000000000005,40.23,1.0
2023-12-21 20:00:00,656.6666666666666,22.600000000000005,40.23,1.0
2023-12-21 20:30:00,638.0,22.600000000000005,40.23,1.0
2023-12-21 21:00:00,601.6666666666666,22.566666666666666,40.23,1.0
2023-12-21 21:30:00,628.6666666666666,22.566666666666666,40.23,1.0
2023-12-21 22:00:00,589.6666666666666,22.5,40.23,1.0
2023-12-21 22:30:00,668.0,22.5,40.23,1.0
2023-12-21 23:00:00,626.0,22.433333333333334,40.23,1.0
2023-12-21 23:30:00,600.0,22.399999999999995,40.23,1.0
2023-12-22 00:00:00,582.0,22.5,40.23,1.0
2023-12-22 00:30:00,577.0,22.46666666666667,40.23,1.0
2023-12-22 01:00:00,593.6666666666666,22.399999999999995,40.1,1.0
2023-12-22 01:30:00,614.6666666666666,22.399999999999995,40.1,1.0
2023-12-22 02:00:00,607.6666666666666,22.433333333333334,39.84,1.0
2023-12-22 02:30:00,583.3333333333334,22.633333333333336,39.45,1.0
2023-12-22 03:00:00,585.3333333333334,22.53333333333333,39.45,1.0
2023-12-22 03:30:00,596.0,22.433333333333334,39.84,1.0
2023-12-22 04:00:00,550.0,22.3,39.84,1.0
2023-12-22 04:30:00,562.0,22.433333333333334,39.71,1.0
2023-12-22 05:00:00,574.3333333333334,22.666666666666668,39.190000000000005,1.0
2023-12-22 05:30:00,560.6666666666666,22.53333333333333,39.190000000000005,1.0
2023-12-22 06:00:00,548.6666666666666,22.400000000000002,39.45,1.0
2023-12-22 06:30:00,533.6666666666666,22.333333333333332,39.45,1.0
2023-12-22 07:00:00,548.0,22.3,39.45,1.0
2023-12-22 07:30:00,559.6666666666666,22.266666666666666,39.32,1.0
2023-12-22 08:00:00,568.0,22.266666666666666,39.06,1.0
2023-12-22 08:30:00,569.3333333333334,22.333333333333332,38.67,1.0
2023-12-22 09:00:00,576.3333333333334,22.333333333333332,38.67,1.0
2023-12-22 09:30:00,532.0,22.333333333333332,38.67,1.0
2023-12-22 10:00:00,565.5,22.5,38.28,1.0
2023-12-22 10:30:00,529.25,22.65,37.9875,1.0
2023-12-22 11:00:00,583.5,22.6,37.89,1.0
2023-12-22 11:30:00,539.3333333333334,22.46666666666667,38.02,1.0
2023-12-22 12:00:00,534.0,22.433333333333334,37.89,1.0
2023-12-22 12:30:00,500.0,22.433333333333334,37.76,1.0
2023-12-22 13:00:00,553.6666666666666,22.633333333333336,37.37,1.0
2023-12-22 13:30:00,510.3333333333333,22.766666666666666,37.11,1.0
2023-12-22 14:00:00,521.3333333333334,22.566666666666666,37.5,1.0
2023-12-22 14:30:00,547.0,22.5,37.5,1.0
2023-12-22 15:00:00,560.3333333333334,22.433333333333334,37.5,1.0
2023-12-22 15:30:00,536.3333333333334,22.599999999999998,36.98,1.0
2023-12-22 16:00:00,526.3333333333334,22.866666666666664,36.46,1.0
2023-12-22 16:30:00,513.3333333333334,22.8,36.46,1.0
2023-12-22 17:00:00,552.6666666666666,22.633333333333336,36.98,1.0
2023-12-22 17:30:00,550.0,22.5,37.11,1.0
2023-12-22 18:00:00,589.0,22.433333333333334,37.11,1.0
2023-12-22 18:30:00,552.3333333333334,22.399999999999995,37.24,1.0
2023-12-22 19:00:00,564.0,22.399999999999995,37.11,1.0
2023-12-22 19:30:00,538.6666666666666,22.333333333333332,37.11,1.0
2023-12-22 20:00:00,548.3333333333334,22.366666666666664,37.37,1.0
2023-12-22 20:30:00,553.3333333333334,22.366666666666664,37.37,1.0
2023-12-22 21:00:00,547.0,22.3,37.11,1.0
2023-12-22 21:30:00,571.6666666666666,22.399999999999995,37.11,1.0
2023-12-22 22:00:00,533.6666666666666,22.333333333333332,37.37,1.0
2023-12-22 22:30:00,549.3333333333334,22.400000000000002,37.24,1.0
2023-12-22 23:00:00,529.3333333333334,22.53333333333333,36.85,1.0
2023-12-22 23:30:00,535.3333333333334,22.46666666666667,37.11,1.0
2023-12-23 00:00:00,562.6666666666666,22.366666666666664,37.24,1.0
2023-12-23 00:30:00,558.6666666666666,22.333333333333332,37.5,1.0
2023-12-23 01:00:00,556.6666666666666,22.3,37.5,1.0
2023-12-23 01:30:00,574.5,22.25,37.5,1.0
2023-12-23 02:00:00,610.3333333333334,22.266666666666666,37.5,1.0
2023-12-23 02:30:00,570.3333333333334,22.3,37.5,1.0
2023-12-23 03:00:00,604.3333333333334,22.233333333333334,37.5,1.0
2023-12-23 03:30:00,606.0,22.266666666666666,37.5,1.0
2023-12-23 04:00:00,543.6666666666666,22.2,37.5,1.0
2023-12-23 04:30:00,543.6666666666666,22.133333333333336,37.5,1.0
2023-12-23 05:00:00,542.0,22.166666666666668,37.5,1.0
2023-12-23 05:30:00,541.3333333333334,22.100000000000005,37.5,1.0
2023-12-23 06:00:00,527.0,22.100000000000005,37.5,1.0
2023-12-23 06:30:00,532.3333333333334,22.066666666666666,37.5,1.0
2023-12-23 07:00:00,511.6666666666667,22.03333333333333,37.5,1.0
2023-12-23 07:30:00,550.6666666666666,22.0,37.5,1.0
2023-12-23 08:00:00,539.5,22.0,37.11,1.0
2023-12-23 08:30:00,536.6666666666666,22.2,36.85,1.0
2023-12-23 09:00:00,587.0,22.266666666666666,36.72,1.0
2023-12-23 09:30:00,528.6666666666666,22.166666666666668,36.72,1.0
2023-12-23 10:00:00,507.3333333333333,22.100000000000005,36.85,1.0
2023-12-23 10:30:00,550.0,22.100000000000005,36.98,1.0
2023-12-23 11:00:00,514.6666666666666,22.066666666666666,37.11,1.0
2023-12-23 11:30:00,486.6666666666667,22.0,37.11,1.0
2023-12-23 12:00:00,537.3333333333334,22.03333333333333,37.11,1.0
2023-12-23 12:30:00,486.0,22.0,37.11,1.0
2023-12-23 13:00:00,486.3333333333333,22.0,37.11,1.0
2023-12-23 13:30:00,540.0,22.133333333333336,36.85,1.0
2023-12-23 14:00:00,532.6666666666666,22.266666666666666,36.589999999999996,1.0
2023-12-23 14:30:00,491.6666666666667,22.3,36.46,1.0
2023-12-23 15:00:00,501.0,22.133333333333336,36.72,1.0
2023-12-23 15:30:00,546.3333333333334,22.066666666666666,36.98,1.0
2023-12-23 16:00:00,460.3333333333333,21.96666666666667,37.11,1.0
2023-12-23 16:30:00,491.3333333333333,22.0,37.11,1.0
2023-12-23 17:00:00,499.3333333333333,22.0,37.11,1.0
2023-12-23 17:30:00,477.6666666666667,21.933333333333334,37.11,1.0
2023-12-23 18:00:00,500.3333333333333,21.899999999999995,37.11,1.0
2023-12-23 18:30:00,486.3333333333333,21.866666666666664,37.11,1.0
2023-12-23 19:00:00,480.6666666666667,21.866666666666664,37.11,1.0
2023-12-23 19:30:00,516.0,21.866666666666664,37.11,1.0
2023-12-23 20:00:00,492.6666666666667,21.866666666666664,37.11,1.0
2023-12-23 20:30:00,494.3333333333333,21.866666666666664,37.11,1.0
2023-12-23 21:00:00,494.3333333333333,21.866666666666664,37.11,1.0
2023-12-23 21:30:00,487.6666666666667,21.833333333333332,37.11,1.0
2023-12-23 22:00:00,478.3333333333333,21.766666666666666,37.11,1.0
2023-12-23 22:30:00,481.0,21.766666666666666,37.11,1.0
2023-12-23 23:00:00,489.6666666666667,21.733333333333334,37.11,1.0
2023-12-23 23:30:00,461.6666666666667,21.8,37.11,1.0
2023-12-24 00:00:00,470.0,21.766666666666666,37.11,1.0
2023-12-24 00:30:00,452.3333333333333,21.7,37.11,1.0
2023-12-24 01:00:00,487.3333333333333,21.733333333333334,37.11,1.0
2023-12-24 01:30:00,475.3333333333333,21.7,37.11,1.0
2023-12-24 02:00:00,431.0,21.7,37.11,1.0
2023-12-24 02:30:00,500.6666666666667,21.7,37.11,1.0
2023-12-24 03:00:00,466.3333333333333,21.7,37.11,1.0
2023-12-24 03:30:00,458.0,21.7,37.11,1.0
2023-12-24 04:00:00,469.3333333333333,21.600000000000005,37.11,1.0
2023-12-24 04:30:00,486.6666666666667,21.666666666666668,37.11,1.0
2023-12-24 05:00:00,477.5,21.6,37.11,1.0
2023-12-24 05:30:00,462.0,21.7,37.11,1.0
2023-12-24 06:00:00,496.0,21.65,37.11,1.0
2023-12-24 06:30:00,474.6666666666667,21.633333333333336,37.11,1.0
2023-12-24 07:00:00,435.6666666666667,21.633333333333336,37.11,1.0
2023-12-24 07:30:00,500.6666666666667,21.633333333333336,37.11,1.0
2023-12-24 08:00:00,476.6666666666667,21.566666666666666,37.11,1.0
2023-12-24 08:30:00,461.6666666666667,21.600000000000005,37.11,1.0
2023-12-24 09:00:00,494.6666666666667,21.633333333333336,37.11,1.0
2023-12-24 09:30:00,448.6666666666667,21.7,37.11,1.0
2023-12-24 10:00:00,482.6666666666667,21.96666666666667,36.72,1.0
2023-12-24 10:30:00,499.6666666666667,22.066666666666666,36.46,1.0
2023-12-24 11:00:00,455.3333333333333,21.933333333333334,36.72,1.0
2023-12-24 11:30:00,472.6666666666667,21.96666666666667,36.72,1.0
2023-12-24 12:00:00,472.0,22.166666666666668,36.72,1.0
2023-12-24 12:30:00,516.0,22.133333333333336,36.46,1.0
2023-12-24 13:00:00,487.6666666666667,21.96666666666667,36.85,1.0
2023-12-24 13:30:00,477.3333333333333,21.899999999999995,37.11,1.0
2023-12-24 14:00:00,477.6666666666667,21.933333333333334,37.24,1.0
2023-12-24 14:30:00,515.6666666666666,22.3,36.85,1.0
2023-12-24 15:00:00,501.3333333333333,22.46666666666667,36.72,1.0
2023-12-24 15:30:00,472.0,22.566666666666666,36.72,1.0
2023-12-24 16:00:00,507.3333333333333,22.633333333333336,36.98,1.0
2023-12-24 16:30:00,485.0,22.666666666666668,37.11,1.0
2023-12-24 17:00:00,498.6666666666667,22.666666666666668,37.11,1.0
2023-12-24 17:30:00,440.6666666666667,22.666666666666668,37.37,1.0
2023-12-24 18:00:00,494.6666666666667,22.7,37.5,1.0
2023-12-24 18:30:00,483.0,22.7,37.5,1.0
2023-12-24 19:00:00,504.3333333333333,22.766666666666666,37.63,1.0
2023-12-24 19:30:00,450.3333333333333,22.766666666666666,37.76,1.0
2023-12-24 20:00:00,459.6666666666667,22.8,37.76,1.0
2023-12-24 20:30:00,456.3333333333333,22.8,37.76,1.0
2023-12-24 21:00:00,475.6666666666667,22.8,37.89,1.0
2023-12-24 21:30:00,460.6666666666667,22.866666666666664,37.89,1.0
2023-12-24 22:00:00,450.3333333333333,22.8,37.89,1.0
2023-12-24 22:30:00,468.0,22.899999999999995,37.89,1.0
2023-12-24 23:00:00,449.3333333333333,22.899999999999995,37.89,1.0
2023-12-24 23:30:00,438.6666666666667,22.933333333333334,37.89,1.0
2023-12-25 00:00:00,476.6666666666667,22.933333333333334,37.89,1.0
2023-12-25 00:30:00,437.6666666666667,22.933333333333334,37.89,1.0
2023-12-25 01:00:00,447.3333333333333,23.0,37.89,1.0
2023-12-25 01:30:00,444.3333333333333,23.0,37.89,1.0
2023-12-25 02:00:00,480.0,22.866666666666664,37.89,1.0
2023-12-25 02:30:00,434.3333333333333,22.833333333333332,37.89,1.0
2023-12-25 03:00:00,450.3333333333333,22.8,38.15,1.0
2023-12-25 03:30:00,474.6666666666667,22.8,38.15,1.0
2023-12-25 04:00:00,478.0,22.766666666666666,38.15,1.0
2023-12-25 04:30:00,516.0,22.7,38.28,1.0
2023-12-25 05:00:00,448.6666666666667,22.7,38.15,1.0
2023-12-25 05:30:00,486.0,22.7,38.15,1.0
2023-12-25 06:00:00,465.3333333333333,22.7,37.89,1.0
2023-12-25 06:30:00,457.0,22.7,37.89,1.0
2023-12-25 07:00:00,479.6666666666667,22.666666666666668,37.89,1.0
2023-12-25 07:30:00,430.0,22.633333333333336,37.89,1.0
2023-12-25 08:00:00,438.6666666666667,22.600000000000005,37.89,1.0
2023-12-25 08:30:00,483.6666666666667,22.7,37.89,1.0
2023-12-25 09:00:00,514.0,22.7,37.5,1.0
2023-12-25 09:30:00,473.3333333333333,22.7,37.5,1.0
2023-12-25 10:00:00,485.6666666666667,22.733333333333334,37.5,1.0
2023-12-25 10:30:00,501.6666666666667,22.766666666666666,37.5,1.0
2023-12-25 11:00:00,500.6666666666667,22.733333333333334,37.5,1.0
2023-12-25 11:30:00,474.6666666666667,22.733333333333334,37.37,1.0
2023-12-25 12:00:00,473.3333333333333,22.633333333333336,37.5,1.0
2023-12-25 12:30:00,475.6666666666667,22.53333333333333,37.5,1.0
2023-12-25 13:00:00,483.0,22.633333333333336,37.5,1.0
2023-12-25 13:30:00,487.6666666666667,22.766666666666666,37.11,1.0
2023-12-25 14:00:00,479.0,22.8,37.11,1.0
2023-12-25 14:30:00,483.6666666666667,22.899999999999995,37.11,1.0
2023-12-25 15:00:00,480.3333333333333,22.8,36.98,1.0
2023-12-25 15:30:00,482.3333333333333,22.866666666666664,36.72,1.0
2023-12-25 16:00:00,465.6666666666667,22.733333333333334,36.98,1.0
2023-12-25 16:30:00,507.0,22.600000000000005,37.11,1.0
2023-12-25 17:00:00,447.0,22.766666666666666,36.85,1.0
2023-12-25 17:30:00,502.6666666666667,22.96666666666667,36.33,1.0
2023-12-25 18:00:00,497.0,23.0,36.33,1.0
2023-12-25 18:30:00,476.0,22.733333333333334,36.589999999999996,1.0
2023-12-25 19:00:00,531.6666666666666,22.53333333333333,36.85,1.0
2023-12-25 19:30:00,536.3333333333334,22.399999999999995,37.11,1.0
2023-12-25 20:00:00,527.0,22.5,37.11,1.0
2023-12-25 20:30:00,487.6666666666667,22.766666666666666,36.72,1.0
2023-12-25 21:00:00,507.0,22.8,36.72,1.0
2023-12-25 21:30:00,551.6666666666666,22.666666666666668,36.85,1.0
2023-12-25 22:00:00,534.0,22.53333333333333,37.11,1.0
2023-12-25 22:30:00,563.3333333333334,22.433333333333334,37.24,1.0
2023-12-25 23:00:00,528.3333333333334,22.566666666666666,37.11,1.0
2023-12-25 23:30:00,484.6666666666667,22.733333333333334,36.72,1.0
2023-12-26 00:00:00,535.0,22.7,36.72,1.0
2023-12-26 00:30:00,507.0,22.566666666666666,36.85,1.0
2023-12-26 01:00:00,530.3333333333334,22.433333333333334,37.11,1.0
2023-12-26 01:30:00,543.6666666666666,22.400000000000002,37.11,1.0
2023-12-26 02:00:00,507.0,22.5,37.11,1.0
2023-12-26 02:30:00,513.0,22.600000000000005,36.98,1.0
2023-12-26 03:00:00,562.6666666666666,22.566666666666666,36.98,1.0
2023-12-26 03:30:00,550.0,22.433333333333334,37.11,1.0
2023-12-26 04:00:00,530.3333333333334,22.3,37.37,1.0
2023-12-26 04:30:00,567.0,22.266666666666666,37.5,1.0
2023-12-26 05:00:00,496.6666666666667,22.5,37.37,1.0
2023-12-26 05:30:00,475.6666666666667,22.633333333333336,37.11,1.0
2023-12-26 06:00:00,493.6666666666667,22.7,37.11,1.0
2023-12-26 06:30:00,496.0,22.733333333333334,37.24,1.0
2023-12-26 07:00:00,516.6666666666666,22.766666666666666,37.37,1.0
2023-12-26 07:30:00,511.6666666666667,22.766666666666666,37.5,1.0
2023-12-26 08:00:00,556.6666666666666,22.766666666666666,37.5,1.0
2023-12-26 08:30:00,524.3333333333334,22.8,37.5,1.0
2023-12-26 09:00:00,525.6666666666666,22.8,37.5,1.0
2023-12-26 09:30:00,531.3333333333334,22.599999999999998,37.5,1.0
2023-12-26 10:00:00,570.6666666666666,22.46666666666667,37.63,1.0
2023-12-26 10:30:00,518.0,22.366666666666664,37.89,1.0
2023-12-26 11:00:00,566.0,22.333333333333332,37.76,1.0
2023-12-26 11:30:00,559.6666666666666,22.399999999999995,37.5,1.0
2023-12-26 12:00:00,530.3333333333334,22.399999999999995,37.5,1.0
2023-12-26 12:30:00,519.6666666666666,22.3,37.5,1.0
2023-12-26 13:00:00,489.0,22.5,37.37,1.0
2023-12-26 13:30:00,545.6666666666666,22.5,37.5,1.0
2023-12-26 14:00:00,531.3333333333334,22.333333333333332,37.5,1.0
2023-12-26 14:30:00,563.6666666666666,22.3,37.76,1.0
2023-12-26 15:00:00,505.0,22.233333333333334,37.63,1.0
2023-12-26 15:30:00,524.3333333333334,22.53333333333333,37.11,1.0
2023-12-26 16:00:00,509.3333333333333,22.566666666666666,37.11,1.0
2023-12-26 16:30:00,549.0,22.400000000000002,37.24,1.0
2023-12-26 17:00:00,534.3333333333334,22.333333333333332,37.5,1.0
2023-12-26 17:30:00,518.6666666666666,22.233333333333334,37.5,1.0
2023-12-26 18:00:00,549.0,22.266666666666666,37.37,1.0
2023-12-26 18:30:00,522.0,22.366666666666664,37.11,1.0
2023-12-26 19:00:00,504.0,22.333333333333332,37.11,1.0
2023-12-26 19:30:00,543.6666666666666,22.233333333333334,37.24,1.0
2023-12-26 20:00:00,545.0,22.133333333333336,37.5,1.0
2023-12-26 20:30:00,542.3333333333334,22.166666666666668,37.5,1.0
2023-12-26 21:00:00,523.0,22.366666666666664,37.5,1.0
2023-12-26 21:30:00,518.6666666666666,22.400000000000002,37.24,1.0
2023-12-26 22:00:00,501.0,22.233333333333334,37.5,1.0
2023-12-26 22:30:00,552.3333333333334,22.133333333333336,37.76,1.0
2023-12-26 23:00:00,551.6666666666666,22.100000000000005,37.89,1.0
2023-12-26 23:30:00,533.6666666666666,22.3,37.63,1.0
2023-12-27 00:00:00,493.6666666666667,22.5,37.24,1.0
2023-12-27 00:30:00,496.3333333333333,22.433333333333334,37.5,1.0
2023-12-27 01:00:00,527.6666666666666,22.2,37.63,1.0
2023-12-27 01:30:00,507.3333333333333,22.100000000000005,37.89,1.0
2023-12-27 02:00:00,521.3333333333334,22.166666666666668,37.76,1.0
2023-12-27 02:30:00,568.6666666666666,22.233333333333334,37.5,1.0
2023-12-27 03:00:00,523.0,22.3,37.5,1.0
2023-12-27 03:30:00,516.6666666666666,22.2,37.63,1.0
2023-12-27 04:00:00,502.3333333333333,22.166666666666668,37.63,1.0
2023-12-27 04:30:00,519.6666666666666,22.266666666666666,37.5,1.0
2023-12-27 05:00:00,553.6666666666666,22.333333333333332,37.5,1.0
2023-12-27 05:30:00,520.3333333333334,22.2,37.5,1.0
2023-12-27 06:00:00,522.0,22.100000000000005,37.5,1.0
2023-12-27 06:30:00,498.6666666666667,22.066666666666666,37.5,1.0
2023-12-27 07:00:00,500.0,22.400000000000002,36.85,1.0
2023-12-27 07:30:00,501.6666666666667,22.5,36.46,1.0
2023-12-27 08:00:00,546.3333333333334,22.366666666666664,36.589999999999996,1.0
2023-12-27 08:30:00,481.6666666666667,22.166666666666668,36.72,1.0
2023-12-27 09:00:00,514.3333333333334,22.066666666666666,36.72,1.0
2023-12-27 09:30:00,531.6666666666666,22.3,36.46,1.0
2023-12-27 10:00:00,513.6666666666666,22.566666666666666,35.94,1.0
2023-12-27 10:30:00,472.6666666666667,22.733333333333334,35.55,1.0
2023-12-27 11:00:00,484.3333333333333,22.766666666666666,35.55,1.0
2023-12-27 11:30:00,554.6666666666666,22.5,35.809999999999995,1.0
2023-12-27 12:00:00,595.0,22.399999999999995,35.94,1.0
2023-12-27 12:30:00,581.6666666666666,22.3,36.07,1.0
2023-12-27 13:00:00,557.6666666666666,22.266666666666666,36.33,1.0
2023-12-27 13:30:00,553.0,22.266666666666666,36.07,1.0
2023-12-27 14:00:00,563.6666666666666,22.333333333333332,35.94,1.0
2023-12-27 14:30:00,584.3333333333334,22.5,35.809999999999995,1.0
2023-12-27 15:00:00,608.6666666666666,22.366666666666664,35.94,1.0
2023-12-27 15:30:00,613.0,22.433333333333334,35.809999999999995,1.0
2023-12-27 16:00:00,593.3333333333334,22.7,35.29,1.0
2023-12-27 16:30:00,624.0,22.599999999999998,35.419999999999995,1.0
2023-12-27 17:00:00,615.3333333333334,22.46666666666667,35.68,1.0
2023-12-27 17:30:00,603.0,22.366666666666664,35.94,1.0
2023-12-27 18:00:00,604.3333333333334,22.366666666666664,35.809999999999995,1.0
2023-12-27 18:30:00,572.0,22.5,35.55,1.0
2023-12-27 19:00:00,607.0,22.666666666666668,35.29,1.0
2023-12-27 19:30:00,595.0,22.55,35.55,1.0
2023-12-27 20:00:00,604.0,22.433333333333334,35.809999999999995,1.0
2023-12-27 20:30:00,644.0,22.3,35.94,1.0
2023-12-27 21:00:00,636.0,22.46666666666667,35.809999999999995,1.0
2023-12-27 21:30:00,564.0,22.666666666666668,35.55,1.0
2023-12-27 22:00:00,559.3333333333334,22.5,35.55,1.0
2023-12-27 22:30:00,564.3333333333334,22.333333333333332,35.809999999999995,1.0
2023-12-27 23:00:00,572.0,22.3,35.94,1.0
2023-12-27 23:30:00,558.0,22.333333333333332,35.94,1.0
2023-12-28 00:00:00,535.6666666666666,22.600000000000005,35.68,1.0
2023-12-28 00:30:00,592.6666666666666,22.46666666666667,35.809999999999995,1.0
2023-12-28 01:00:00,569.0,22.333333333333332,36.07,1.0
2023-12-28 01:30:00,533.3333333333334,22.3,36.33,1.0
2023-12-28 02:00:00,523.0,22.3,36.33,1.0
2023-12-28 02:30:00,490.6666666666667,22.53333333333333,36.07,1.0
2023-12-28 03:00:00,561.3333333333334,22.53333333333333,36.07,1.0
2023-12-28 03:30:00,549.0,22.400000000000002,36.33,1.0
2023-12-28 04:00:00,570.0,22.266666666666666,36.46,1.0
2023-12-28 04:30:00,568.0,22.2,36.72,1.0
2023-12-28 05:00:00,520.6666666666666,22.366666666666664,36.72,1.0
2023-12-28 05:30:00,515.3333333333334,22.566666666666666,36.33,1.0
2023-12-28 06:00:00,515.3333333333334,22.53333333333333,36.46,1.0
2023-12-28 06:30:00,570.3333333333334,22.333333333333332,36.98,1.0
2023-12-28 07:00:00,564.0,22.433333333333334,37.11,1.0
2023-12-28 07:30:00,516.6666666666666,22.733333333333334,36.72,1.0
2023-12-28 08:00:00,478.3333333333333,22.833333333333332,36.72,1.0
2023-12-28 08:30:00,528.0,22.899999999999995,36.72,1.0
2023-12-28 09:00:00,486.3333333333333,22.933333333333334,36.72,1.0
2023-12-28 09:30:00,500.3333333333333,22.96666666666667,36.72,1.0
2023-12-28 10:00:00,513.6666666666666,22.96666666666667,36.72,1.0
2023-12-28 10:30:00,519.3333333333334,23.0,36.85,1.0
2023-12-28 11:00:00,518.0,22.95,37.11,1.0
2023-12-28 11:30:00,515.6666666666666,22.766666666666666,37.37,1.0
2023-12-28 12:00:00,542.0,22.7,37.63,1.0
2023-12-28 12:30:00,505.0,22.866666666666664,37.5,1.0
2023-12-28 13:00:00,549.6666666666666,22.899999999999995,37.5,1.0
2023-12-28 13:30:00,545.6666666666666,22.96666666666667,37.5,1.0
2023-12-28 14:00:00,535.0,22.96666666666667,37.5,1.0
2023-12-28 14:30:00,563.0,23.0,37.5,1.0
2023-12-28 15:00:00,520.3333333333334,23.066666666666666,37.5,1.0
2023-12-28 15:30:00,595.0,23.03333333333333,37.5,1.0
2023-12-28 16:00:00,552.3333333333334,23.100000000000005,37.5,1.0
2023-12-28 16:30:00,549.3333333333334,23.100000000000005,37.5,1.0
2023-12-28 17:00:00,570.6666666666666,23.100000000000005,37.5,1.0
2023-12-28 17:30:00,584.0,23.03333333333333,37.63,1.0
2023-12-28 18:00:00,506.0,22.866666666666664,38.02,1.0
2023-12-28 18:30:00,568.6666666666666,22.766666666666666,38.28,1.0
2023-12-28 19:00:00,522.3333333333334,22.833333333333332,38.15,1.0
2023-12-28 19:30:00,515.3333333333334,22.933333333333334,38.15,1.0
2023-12-28 20:00:00,528.3333333333334,22.933333333333334,38.02,1.0
2023-12-28 20:30:00,563.6666666666666,22.933333333333334,38.15,1.0
2023-12-28 21:00:00,537.0,22.933333333333334,38.15,1.0
2023-12-28 21:30:00,583.6666666666666,22.8,38.28,1.0
2023-12-28 22:00:00,577.0,22.666666666666668,38.410000000000004,1.0
2023-12-28 22:30:00,605.6666666666666,22.733333333333334,38.410000000000004,1.0
2023-12-28 23:00:00,547.3333333333334,22.8,38.28,1.0
2023-12-28 23:30:00,578.6666666666666,22.833333333333332,38.28,1.0
2023-12-29 00:00:00,556.3333333333334,22.933333333333334,38.28,1.0
2023-12-29 00:30:00,530.0,22.933333333333334,38.28,1.0
2023-12-29 01:00:00,555.0,22.899999999999995,38.28,1.0
2023-12-29 01:30:00,567.0,22.733333333333334,38.410000000000004,1.0
2023-12-29 02:00:00,569.0,22.633333333333336,38.67,1.0
2023-12-29 02:30:00,548.0,22.7,38.67,1.0
2023-12-29 03:00:00,566.0,22.833333333333332,38.54,1.0
2023-12-29 03:30:00,555.6666666666666,22.833333333333332,38.28,1.0
2023-12-29 04:00:00,545.0,22.866666666666664,38.410000000000004,1.0
2023-12-29 04:30:00,547.3333333333334,22.8,38.54,1.0
2023-12-29 05:00:00,546.3333333333334,22.766666666666666,38.67,1.0
2023-12-29 05:30:00,540.0,22.766666666666666,38.67,1.0
2023-12-29 06:00:00,547.6666666666666,22.7,38.67,1.0
2023-12-29 06:30:00,529.6666666666666,22.733333333333334,38.67,1.0
2023-12-29 07:00:00,538.3333333333334,22.7,38.67,1.0
2023-12-29 07:30:00,548.0,22.7,38.67,1.0
2023-12-29 08:00:00,523.3333333333334,22.7,38.67,1.0
2023-12-29 08:30:00,549.0,22.6,38.67,1.0
2023-12-29 09:00:00,497.0,22.633333333333336,38.67,1.0
2023-12-29 09:30:00,508.0,22.600000000000005,38.67,1.0
2023-12-29 10:00:00,548.0,22.666666666666668,38.67,1.0
2023-12-29 10:30:00,478.3333333333333,22.666666666666668,38.67,1.0
2023-12-29 11:00:00,487.0,22.7,38.67,1.0
2023-12-29 11:30:00,500.0,22.7,38.67,1.0
2023-12-29 12:00:00,506.6666666666667,22.7,38.67,1.0
2023-12-29 12:30:00,499.6666666666667,22.7,38.410000000000004,1.0
2023-12-29 13:00:00,508.0,22.65,38.28,1.0
2023-12-29 13:30:00,487.0,22.666666666666668,38.28,1.0
2023-12-29 14:00:00,514.3333333333334,22.633333333333336,38.28,1.0
2023-12-29 14:30:00,498.3333333333333,22.7,38.28,1.0
2023-12-29 15:00:00,495.0,22.666666666666668,38.28,1.0
2023-12-29 15:30:00,498.0,22.633333333333336,38.28,1.0
2023-12-29 16:00:00,523.3333333333334,22.600000000000005,38.28,1.0
2023-12-29 16:30:00,536.0,22.566666666666666,38.15,1.0
2023-12-29 17:00:00,491.3333333333333,22.566666666666666,38.28,1.0
2023-12-29 17:30:00,502.5,22.6,38.085,1.0
2023-12-29 18:00:00,494.0,22.633333333333336,38.15,1.0
2023-12-29 18:30:00,485.0,22.600000000000005,37.89,1.0
2023-12-29 19:00:00,519.6666666666666,22.600000000000005,38.15,1.0
2023-12-29 19:30:00,531.0,22.7,38.02,1.0
2023-12-29 20:00:00,514.3333333333334,22.600000000000005,38.15,1.0
2023-12-29 20:30:00,529.6666666666666,22.633333333333336,38.28,1.0
2023-12-29 21:00:00,521.6666666666666,22.600000000000005,38.28,1.0
2023-12-29 21:30:00,486.6666666666667,22.633333333333336,38.28,1.0
2023-12-29 22:00:00,493.6666666666667,22.600000000000005,38.28,1.0
2023-12-29 22:30:00,554.0,22.633333333333336,38.28,1.0
2023-12-29 23:00:00,483.0,22.633333333333336,38.28,1.0
2023-12-29 23:30:00,487.6666666666667,22.600000000000005,38.28,1.0
2023-12-30 00:00:00,518.6666666666666,22.633333333333336,38.28,1.0
2023-12-30 00:30:00,538.0,22.633333333333336,38.28,1.0
2023-12-30 01:00:00,486.0,22.7,38.28,1.0
2023-12-30 01:30:00,529.3333333333334,22.600000000000005,38.28,1.0
2023-12-30 02:00:00,533.0,22.600000000000005,38.28,1.0
2023-12-30 02:30:00,510.6666666666667,22.600000000000005,38.28,1.0
2023-12-30 03:00:00,531.6666666666666,22.600000000000005,38.28,1.0
2023-12-30 03:30:00,523.6666666666666,22.600000000000005,38.28,1.0
2023-12-30 04:00:00,503.0,22.600000000000005,38.28,1.0
2023-12-30 04:30:00,525.3333333333334,22.633333333333336,38.28,1.0
2023-12-30 05:00:00,540.6666666666666,22.600000000000005,38.28,1.0
2023-12-30 05:30:00,557.6666666666666,22.600000000000005,38.28,1.0
2023-12-30 06:00:00,521.0,22.600000000000005,38.28,1.0
2023-12-30 06:30:00,512.0,22.600000000000005,38.28,1.0
2023-12-30 07:00:00,530.3333333333334,22.566666666666666,38.15,1.0
2023-12-30 07:30:00,532.0,22.600000000000005,37.89,1.0
2023-12-30 08:00:00,524.0,22.53333333333333,37.89,1.0
2023-12-30 08:30:00,511.3333333333333,22.46666666666667,38.28,1.0
2023-12-30 09:00:00,523.6666666666666,22.666666666666668,38.02,1.0
2023-12-30 09:30:00,488.0,22.866666666666664,37.5,1.0
2023-12-30 10:00:00,513.3333333333334,22.633333333333336,37.76,1.0
2023-12-30 10:30:00,517.3333333333334,22.53333333333333,37.89,1.0
2023-12-30 11:00:00,515.3333333333334,22.433333333333334,37.89,1.0
2023-12-30 11:30:00,563.3333333333334,22.433333333333334,37.89,1.0
2023-12-30 12:00:00,544.6666666666666,22.399999999999995,37.89,1.0
2023-12-30 12:30:00,511.6666666666667,22.399999999999995,37.89,1.0
2023-12-30 13:00:00,521.6666666666666,22.366666666666664,37.89,1.0
2023-12-30 13:30:00,546.6666666666666,22.333333333333332,37.89,1.0
2023-12-30 14:00:00,559.6666666666666,22.3,37.89,1.0
2023-12-30 14:30:00,545.0,22.366666666666664,37.76,1.0
2023-12-30 15:00:00,516.3333333333334,22.433333333333334,37.5,1.0
2023-12-30 15:30:00,510.3333333333333,22.46666666666667,37.5,1.0
2023-12-30 16:00:00,541.0,22.5,37.5,1.0
2023-12-30 16:30:00,533.3333333333334,22.53333333333333,37.5,1.0
2023-12-30 17:00:00,528.6666666666666,22.5,37.5,1.0
2023-12-30 17:30:00,508.3333333333333,22.5,37.5,1.0
2023-12-30 18:00:00,501.6666666666667,22.53333333333333,37.5,1.0
2023-12-30 18:30:00,523.6666666666666,22.53333333333333,37.37,1.0
2023-12-30 19:00:00,503.6666666666667,22.53333333333333,37.5,1.0
2023-12-30 19:30:00,519.6666666666666,22.566666666666666,37.5,1.0
2023-12-30 20:00:00,520.3333333333334,22.5,37.5,1.0
2023-12-30 20:30:00,509.6666666666667,22.566666666666666,37.5,1.0
2023-12-30 21:00:00,555.6666666666666,22.433333333333334,37.63,1.0
2023-12-30 21:30:00,539.6666666666666,22.433333333333334,37.89,1.0
2023-12-30 22:00:00,567.6666666666666,22.333333333333332,37.89,1.0
2023-12-30 22:30:00,576.6666666666666,22.333333333333332,37.89,1.0
2023-12-30 23:00:00,511.6666666666667,22.333333333333332,37.89,1.0
2023-12-30 23:30:00,563.3333333333334,22.3,37.89,1.0
2023-12-31 00:00:00,556.6666666666666,22.3,37.89,1.0
2023-12-31 00:30:00,569.6666666666666,22.3,37.89,1.0
2023-12-31 01:00:00,563.3333333333334,22.3,37.89,1.0
2023-12-31 01:30:00,529.3333333333334,22.3,37.89,1.0
2023-12-31 02:00:00,577.6666666666666,22.233333333333334,38.02,1.0
2023-12-31 02:30:00,531.6666666666666,22.266666666666666,37.89,1.0
2023-12-31 03:00:00,519.0,22.233333333333334,37.89,1.0
2023-12-31 03:30:00,510.5,22.2,38.085,1.0
2023-12-31 04:00:00,572.0,22.266666666666666,38.02,1.0
2023-12-31 04:30:00,550.3333333333334,22.2,38.28,1.0
2023-12-31 05:00:00,543.3333333333334,22.2,38.28,1.0
2023-12-31 05:30:00,541.3333333333334,22.2,38.28,1.0
2023-12-31 06:00:00,539.0,22.2,38.28,1.0
2023-12-31 06:30:00,569.3333333333334,22.166666666666668,38.28,1.0
2023-12-31 07:00:00,524.3333333333334,22.133333333333336,38.28,1.0
2023-12-31 07:30:00,577.3333333333334,22.2,38.28,1.0
2023-12-31 08:00:00,545.0,22.133333333333336,38.15,1.0
2023-12-31 08:30:00,532.6666666666666,22.133333333333336,38.15,1.0
2023-12-31 09:00:00,503.6666666666667,22.133333333333336,38.15,1.0
2023-12-31 09:30:00,557.6666666666666,22.166666666666668,37.89,1.0
2023-12-31 10:00:00,512.3333333333334,22.100000000000005,37.89,1.0
2023-12-31 10:30:00,535.6666666666666,22.133333333333336,37.89,1.0
2023-12-31 11:00:00,541.3333333333334,22.133333333333336,37.89,1.0
2023-12-31 11:30:00,535.5,22.1,37.89,1.0
2023-12-31 12:00:00,497.3333333333333,22.166666666666668,38.02,1.0
2023-12-31 12:30:00,497.0,22.133333333333336,37.89,1.0
2023-12-31 13:00:00,497.6666666666667,22.100000000000005,37.89,1.0
2023-12-31 13:30:00,514.3333333333334,22.133333333333336,37.89,1.0
2023-12-31 14:00:00,502.0,22.100000000000005,37.89,1.0
2023-12-31 14:30:00,524.3333333333334,22.3,37.63,1.0
2023-12-31 15:00:00,530.6666666666666,22.399999999999995,37.5,1.0
2023-12-31 15:30:00,520.3333333333334,22.46666666666667,37.5,1.0
2023-12-31 16:00:00,500.6666666666667,22.5,37.5,1.0
2023-12-31 16:30:00,535.0,22.566666666666666,37.5,1.0
2023-12-31 17:00:00,543.6666666666666,22.433333333333334,37.63,1.0
2023-12-31 17:30:00,546.0,22.3,37.89,1.0
2023-12-31 18:00:00,546.3333333333334,22.46666666666667,37.63,1.0
2023-12-31 18:30:00,533.3333333333334,22.600000000000005,37.5,1.0
2023-12-31 19:00:00,513.6666666666666,22.5,37.5,1.0
2023-12-31 19:30:00,563.0,22.266666666666666,37.89,1.0
2023-12-31 20:00:00,540.0,22.2,37.89,1.0
2023-12-31 20:30:00,532.6666666666666,22.2,38.15,1.0
2023-12-31 21:00:00,501.3333333333333,22.599999999999998,37.89,1.0
2023-12-31 21:30:00,492.0,22.7,37.63,1.0
2023-12-31 22:00:00,507.6666666666667,22.566666666666666,37.76,1.0
2023-12-31 22:30:00,566.0,22.399999999999995,38.15,1.0
2023-12-31 23:00:00,558.0,22.266666666666666,38.28,1.0
2023-12-31 23:30:00,535.6666666666666,22.233333333333334,38.410000000000004,1.0
2024-01-01 00:00:00,551.6666666666666,22.5,38.28,1.0
2024-01-01 00:30:00,496.3333333333333,22.633333333333336,38.02,1.0
2024-01-01 01:00:00,496.0,22.633333333333336,37.89,1.0
2024-01-01 01:30:00,512.5,22.45,38.28,1.0
2024-01-01 02:00:00,529.0,22.333333333333332,38.54,1.0
2024-01-01 02:30:00,545.6666666666666,22.266666666666666,38.67,1.0
2024-01-01 03:00:00,546.3333333333334,22.5,38.410000000000004,1.0
2024-01-01 03:30:00,484.0,22.666666666666668,38.28,1.0
2024-01-01 04:00:00,519.3333333333334,22.7,38.28,1.0
2024-01-01 04:30:00,496.3333333333333,22.53333333333333,38.28,1.0
2024-01-01 05:00:00,529.6666666666666,22.399999999999995,38.67,1.0
2024-01-01 05:30:00,533.6666666666666,22.266666666666666,38.67,1.0
2024-01-01 06:00:00,564.3333333333334,22.400000000000002,38.67,1.0
2024-01-01 06:30:00,536.6666666666666,22.633333333333336,38.410000000000004,1.0
2024-01-01 07:00:00,462.6666666666667,22.7,38.28,1.0
2024-01-01 07:30:00,494.6666666666667,22.766666666666666,38.28,1.0
2024-01-01 08:00:00,538.6666666666666,22.666666666666668,38.28,1.0
2024-01-01 08:30:00,544.3333333333334,22.46666666666667,38.54,1.0
2024-01-01 09:00:00,533.0,22.599999999999998,38.28,1.0
2024-01-01 09:30:00,511.3333333333333,22.7,38.28,1.0
2024-01-01 10:00:00,497.6666666666667,22.666666666666668,38.28,1.0
2024-01-01 10:30:00,574.6666666666666,22.433333333333334,38.54,1.0
2024-01-01 11:00:00,492.6666666666667,22.599999999999998,38.410000000000004,1.0
2024-01-01 11:30:00,488.3333333333333,22.766666666666666,38.28,1.0
2024-01-01 12:00:00,472.0,22.833333333333332,37.89,1.0
2024-01-01 12:30:00,451.6666666666667,22.8,38.02,1.0
2024-01-01 13:00:00,493.6666666666667,22.53333333333333,38.28,1.0
2024-01-01 13:30:00,518.6666666666666,22.433333333333334,38.67,1.0
2024-01-01 14:00:00,547.3333333333334,22.400000000000002,38.67,1.0
2024-01-01 14:30:00,491.0,22.7,38.15,1.0
2024-01-01 15:00:00,490.3333333333333,22.899999999999995,37.89,1.0
2024-01-01 15:30:00,500.0,23.0,37.89,1.0
2024-01-01 16:00:00,493.3333333333333,23.0,37.89,1.0
2024-01-01 16:30:00,492.6666666666667,22.8,37.89,1.0
2024-01-01 17:00:00,554.0,22.566666666666666,38.28,1.0
2024-01-01 17:30:00,524.3333333333334,22.399999999999995,38.28,1.0
2024-01-01 18:00:00,527.3333333333334,22.5,38.28,1.0
2024-01-01 18:30:00,522.3333333333334,22.766666666666666,38.02,1.0
2024-01-01 19:00:00,529.3333333333334,22.96666666666667,37.76,1.0
2024-01-01 19:30:00,497.0,22.866666666666664,37.63,1.0
2024-01-01 20:00:00,553.6666666666666,22.633333333333336,37.89,1.0
2024-01-01 20:30:00,536.3333333333334,22.53333333333333,38.28,1.0
2024-01-01 21:00:00,546.3333333333334,22.5,38.28,1.0
2024-01-01 21:30:00,589.0,22.5,38.28,1.0
2024-01-01 22:00:00,553.5,22.65,37.89,1.0
2024-01-01 22:30:00,533.6666666666666,22.8,37.63,1.0
2024-01-01 23:00:00,535.0,22.733333333333334,37.5,1.0
2024-01-01 23:30:00,528.6666666666666,22.600000000000005,37.63,1.0
2024-01-02 00:00:00,589.0,22.46666666666667,37.89,1.0
2024-01-02 00:30:00,559.3333333333334,22.566666666666666,37.76,1.0
2024-01-02 01:00:00,553.6666666666666,22.733333333333334,37.37,1.0
2024-01-02 01:30:00,564.0,22.85,37.11,1.0
2024-01-02 02:00:00,577.0,22.600000000000005,37.5,1.0
2024-01-02 02:30:00,583.0,22.5,37.5,1.0
2024-01-02 03:00:00,580.3333333333334,22.399999999999995,37.5,1.0
2024-01-02 03:30:00,560.0,22.599999999999998,37.24,1.0
2024-01-02 04:00:00,554.3333333333334,22.7,36.85,1.0
2024-01-02 04:30:00,533.6666666666666,22.53333333333333,37.11,1.0
2024-01-02 05:00:00,563.6666666666666,22.366666666666664,37.24,1.0
2024-01-02 05:30:00,548.6666666666666,22.3,37.24,1.0
2024-01-02 06:00:00,567.3333333333334,22.433333333333334,36.85,1.0
2024-01-02 06:30:00,562.6666666666666,22.566666666666666,36.46,1.0
2024-01-02 07:00:00,561.6666666666666,22.5,36.46,1.0
2024-01-02 07:30:00,603.3333333333334,22.366666666666664,36.72,1.0
2024-01-02 08:00:00,599.0,22.233333333333334,36.72,1.0
2024-01-02 08:30:00,670.0,22.233333333333334,36.98,1.0
2024-01-02 09:00:00,1000.6666666666666,22.400000000000002,37.89,1.0
2024-01-02 09:30:00,1261.0,22.566666666666666,38.800000000000004,1.0
2024-01-02 10:00:00,1463.3333333333333,22.633333333333336,39.32,1.0
2024-01-02 10:30:00,1485.0,22.566666666666666,39.580000000000005,1.0
2024-01-02 11:00:00,1269.3333333333333,22.433333333333334,38.15,1.0
2024-01-02 11:30:00,1047.0,22.433333333333334,36.85,1.0
2024-01-02 12:00:00,1013.3333333333334,22.600000000000005,35.94,1.0
2024-01-02 12:30:00,1215.0,22.8,36.33,1.0
2024-01-02 13:00:00,1526.6666666666667,22.866666666666664,37.37,1.0
2024-01-02 13:30:00,1774.0,22.8,38.28,1.0
2024-01-02 14:00:00,1850.6666666666667,22.7,38.67,1.0
2024-01-02 14:30:00,1949.6666666666667,22.633333333333336,39.32,1.0
2024-01-02 15:00:00,2169.0,22.666666666666668,39.84,1.0
2024-01-02 15:30:00,2290.3333333333335,22.733333333333334,40.23,1.0
2024-01-02 16:00:00,2334.3333333333335,22.7,40.1,1.0
2024-01-02 16:30:00,2209.6666666666665,22.566666666666666,39.84,1.0
2024-01-02 17:00:00,2081.6666666666665,22.46666666666667,39.06,1.0
2024-01-02 17:30:00,1888.6666666666667,22.333333333333332,38.67,1.0
2024-01-02 18:00:00,1749.0,22.233333333333334,38.28,1.0
2024-01-02 18:30:00,1599.0,22.166666666666668,38.02,1.0
2024-01-02 19:00:00,1522.3333333333333,22.2,37.89,1.0
2024-01-02 19:30:00,1416.6666666666667,22.100000000000005,37.89,1.0
2024-01-02 20:00:00,1380.6666666666667,22.100000000000005,37.76,1.0
2024-01-02 20:30:00,1322.3333333333333,22.066666666666666,37.63,1.0
2024-01-02 21:00:00,1247.5,22.05,37.5,1.0
2024-01-02 21:30:00,1189.0,22.0,37.24,1.0
2024-01-02 22:00:00,1145.3333333333333,22.100000000000005,36.98,1.0
2024-01-02 22:30:00,1131.0,22.03333333333333,36.98,1.0
2024-01-02 23:00:00,1071.6666666666667,22.0,36.98,1.0
2024-01-02 23:30:00,1025.3333333333333,21.933333333333334,36.98,1.0
2024-01-03 00:00:00,954.6666666666666,21.933333333333334,36.72,1.0
2024-01-03 00:30:00,899.0,21.899999999999995,36.72,1.0
2024-01-03 01:00:00,900.0,21.866666666666664,36.72,1.0
2024-01-03 01:30:00,861.0,21.866666666666664,36.72,1.0
2024-01-03 02:00:00,808.6666666666666,21.8,36.72,1.0
2024-01-03 02:30:00,822.0,21.8,36.72,1.0
2024-01-03 03:00:00,779.3333333333334,21.8,36.72,1.0
2024-01-03 03:30:00,723.6666666666666,21.766666666666666,36.72,1.0
2024-01-03 04:00:00,721.0,21.766666666666666,36.72,1.0
2024-01-03 04:30:00,745.0,21.7,36.72,1.0
2024-01-03 05:00:00,753.0,21.7,36.72,1.0
2024-01-03 05:30:00,691.0,21.7,36.72,1.0
2024-01-03 06:00:00,676.3333333333334,21.633333333333336,36.72,1.0
2024-01-03 06:30:00,672.0,21.633333333333336,36.46,1.0
2024-01-03 07:00:00,654.6666666666666,21.566666666666666,36.33,1.0
2024-01-03 07:30:00,598.5,21.6,35.745,1.0
2024-01-03 08:00:00,617.6666666666666,21.766666666666666,35.419999999999995,1.0
2024-01-03 08:30:00,631.6666666666666,21.833333333333332,35.419999999999995,1.0
2024-01-03 09:00:00,603.6666666666666,21.733333333333334,35.55,1.0
2024-01-03 09:30:00,633.3333333333334,21.900000000000002,35.29,1.0
2024-01-03 10:00:00,633.0,22.03333333333333,35.16,1.0
2024-01-03 10:30:00,618.3333333333334,21.900000000000002,35.419999999999995,1.0
2024-01-03 11:00:00,628.3333333333334,21.766666666666666,35.55,1.0
2024-01-03 11:30:00,569.6666666666666,21.7,35.419999999999995,1.0
2024-01-03 12:00:00,591.3333333333334,21.96666666666667,35.16,1.0
2024-01-03 12:30:00,591.3333333333334,21.96666666666667,34.9,1.0
2024-01-03 13:00:00,594.6666666666666,21.866666666666664,35.16,1.0
2024-01-03 13:30:00,601.3333333333334,21.8,35.419999999999995,1.0
2024-01-03 14:00:00,596.6666666666666,21.733333333333334,35.29,1.0
2024-01-03 14:30:00,599.0,21.8,35.16,1.0
2024-01-03 15:00:00,651.3333333333334,22.100000000000005,34.77,1.0
2024-01-03 15:30:00,633.3333333333334,22.0,34.77,1.0
2024-01-03 16:00:00,623.6666666666666,21.866666666666664,35.16,1.0
2024-01-03 16:30:00,619.0,21.866666666666664,35.16,1.0
2024-01-03 17:00:00,607.6666666666666,21.766666666666666,35.16,1.0
2024-01-03 17:30:00,590.0,21.766666666666666,35.03,1.0
2024-01-03 18:00:00,623.3333333333334,21.900000000000002,34.51,1.0
2024-01-03 18:30:00,636.3333333333334,21.933333333333334,34.64000000000001,1.0
2024-01-03 19:00:00,614.3333333333334,21.899999999999995,34.77,1.0
2024-01-03 19:30:00,606.0,21.8,35.03,1.0
2024-01-03 20:00:00,646.6666666666666,21.833333333333332,35.03,1.0
2024-01-03 20:30:00,634.6666666666666,22.233333333333334,34.24666666666667,1.0
2024-01-03 21:00:00,636.6666666666666,22.233333333333334,34.24666666666667,1.0
2024-01-03 21:30:00,652.0,22.100000000000005,34.51,1.0
2024-01-03 22:00:00,648.3333333333334,22.0,34.77,1.0
2024-01-03 22:30:00,597.6666666666666,21.933333333333334,34.77,1.0
2024-01-03 23:00:00,625.3333333333334,22.066666666666666,34.51,1.0
2024-01-03 23:30:00,651.3333333333334,22.100000000000005,34.51,1.0
2024-01-04 00:00:00,629.0,22.0,34.77,1.0
2024-01-04 00:30:00,553.0,21.899999999999995,34.9,1.0
2024-01-04 01:00:00,569.0,21.899999999999995,34.77,1.0
2024-01-04 01:30:00,592.6666666666666,22.099999999999998,34.51,1.0
2024-01-04 02:00:00,635.0,22.2,34.38,1.0
2024-01-04 02:30:00,595.5,22.05,34.575,1.0
2024-01-04 03:00:00,583.3333333333334,22.0,34.77,1.0
2024-01-04 03:30:00,568.3333333333334,21.866666666666664,34.77,1.0
2024-01-04 04:00:00,580.3333333333334,21.933333333333334,34.64000000000001,1.0
2024-01-04 04:30:00,581.3333333333334,22.066666666666666,34.38,1.0
2024-01-04 05:00:00,555.6666666666666,21.933333333333334,34.51,1.0
2024-01-04 05:30:00,585.6666666666666,21.899999999999995,34.77,1.0
2024-01-04 06:00:00,555.0,21.8,34.77,1.0
2024-01-04 06:30:00,541.3333333333334,21.766666666666666,34.376666666666665,1.0
2024-01-04 07:00:00,546.0,21.933333333333334,33.59,1.0
2024-01-04 07:30:00,564.0,21.899999999999995,33.72,1.0
2024-01-04 08:00:00,550.0,21.866666666666664,33.85,1.0
2024-01-04 08:30:00,560.3333333333334,21.8,33.98,1.0
2024-01-04 09:00:00,530.6666666666666,21.7,33.85,1.0
2024-01-04 09:30:00,553.3333333333334,21.733333333333334,33.59,1.0
2024-01-04 10:00:00,533.0,21.7,33.330000000000005,1.0
2024-01-04 10:30:00,570.0,21.766666666666666,33.2,1.0
2024-01-04 11:00:00,551.6666666666666,21.733333333333334,32.940000000000005,1.0
2024-01-04 11:30:00,549.3333333333334,21.733333333333334,32.81,1.0
2024-01-04 12:00:00,,,,1.0
2024-01-04 12:30:00,601.0,21.7,33.2,1.0
2024-01-04 13:00:00,591.0,21.766666666666666,32.81,1.0
2024-01-04 13:30:00,554.6666666666666,21.7,32.81,1.0
2024-01-04 14:00:00,580.0,21.7,32.81,1.0
2024-01-04 14:30:00,635.0,21.6,32.81,1.0
2024-01-04 15:00:00,565.0,21.6,32.81,1.0
2024-01-04 15:30:00,560.5,21.55,32.81,1.0
2024-01-04 16:00:00,630.3333333333334,21.53333333333333,32.550000000000004,1.0
2024-01-04 16:30:00,565.0,21.6,32.42,1.0
2024-01-04 17:00:00,535.0,21.5,32.42,1.0
2024-01-04 17:30:00,608.0,21.5,32.42,1.0
2024-01-04 18:00:00,556.0,21.5,32.225,1.0
2024-01-04 18:30:00,545.0,21.4,32.03,1.0
2024-01-04 19:00:00,626.6666666666666,21.399999999999995,32.160000000000004,1.0
2024-01-04 19:30:00,642.0,21.46666666666667,32.160000000000004,1.0
2024-01-04 20:00:00,614.6666666666666,21.399999999999995,32.42,1.0
2024-01-04 20:30:00,606.6666666666666,21.399999999999995,32.42,1.0
2024-01-04 21:00:00,607.3333333333334,21.399999999999995,32.42,1.0
2024-01-04 21:30:00,607.5,21.4,32.42,1.0
2024-01-04 22:00:00,635.0,21.4,32.42,1.0
2024-01-04 22:30:00,648.6666666666666,21.399999999999995,32.68,1.0
2024-01-04 23:00:00,615.0,21.35,32.615,1.0
2024-01-04 23:30:00,610.0,21.4,32.42,1.0
2024-01-05 00:00:00,630.0,21.4,32.42,1.0
2024-01-05 00:30:00,613.5,21.35,32.42,1.0
2024-01-05 01:00:00,627.3333333333334,21.399999999999995,32.42,1.0
2024-01-05 01:30:00,568.0,21.3,32.42,1.0
2024-01-05 02:00:00,608.5,21.3,32.42,1.0
2024-01-05 02:30:00,621.5,21.3,32.42,1.0
2024-01-05 03:00:00,582.0,21.3,32.42,1.0
2024-01-05 03:30:00,596.0,21.3,32.42,1.0
2024-01-05 04:00:00,605.5,21.3,32.42,1.0
2024-01-05 04:30:00,576.6666666666666,21.233333333333334,32.42,1.0
2024-01-05 05:00:00,635.0,21.3,32.42,1.0
2024-01-05 05:30:00,575.0,21.233333333333334,32.42,1.0
2024-01-05 06:00:00,568.0,21.233333333333334,32.29,1.0
2024-01-05 06:30:00,556.3333333333334,21.2,32.03,1.0
2024-01-05 07:00:00,555.0,21.2,31.77,1.0
2024-01-05 07:30:00,557.6666666666666,21.2,31.64,1.0
2024-01-05 08:00:00,533.3333333333334,21.2,31.38,1.0
2024-01-05 08:30:00,604.6666666666666,21.2,31.51,1.0
2024-01-05 09:00:00,686.0,21.2,32.03,1.0
2024-01-05 09:30:00,671.3333333333334,21.266666666666666,31.51,1.0
2024-01-05 10:00:00,684.6666666666666,21.3,31.25,1.0
2024-01-05 10:30:00,656.0,21.3,31.25,1.0
2024-01-05 11:00:00,626.6666666666666,21.5,30.47,1.0
2024-01-05 11:30:00,636.5,21.55,30.08,1.0
2024-01-05 12:00:00,673.3333333333334,21.433333333333334,30.47,1.0
2024-01-05 12:30:00,670.0,21.399999999999995,30.73,1.0
2024-01-05 13:00:00,631.3333333333334,21.53333333333333,30.34,1.0
2024-01-05 13:30:00,678.3333333333334,21.96666666666667,29.69,1.0
2024-01-05 14:00:00,624.5,21.75,30.08,1.0
2024-01-05 14:30:00,645.6666666666666,21.633333333333336,30.34,1.0
2024-01-05 15:00:00,674.6666666666666,21.53333333333333,30.599999999999998,1.0
2024-01-05 15:30:00,663.0,21.5,30.47,1.0
2024-01-05 16:00:00,716.6666666666666,21.5,30.47,1.0
2024-01-05 16:30:00,673.3333333333334,21.5,30.47,1.0
2024-01-05 17:00:00,705.6666666666666,21.5,30.47,1.0
2024-01-05 17:30:00,648.6666666666666,21.53333333333333,29.95,1.0
2024-01-05 18:00:00,626.6666666666666,21.766666666666666,29.3,1.0
2024-01-05 18:30:00,664.0,21.7,29.69,1.0
2024-01-05 19:00:00,681.6666666666666,21.600000000000005,30.08,1.0
2024-01-05 19:30:00,658.6666666666666,21.5,30.34,1.0
2024-01-05 20:00:00,703.0,21.766666666666666,29.560000000000002,1.0
2024-01-05 20:30:00,662.3333333333334,22.0,29.430000000000003,1.0
2024-01-05 21:00:00,656.6666666666666,21.833333333333332,29.95,1.0
2024-01-05 21:30:00,714.0,21.7,30.34,1.0
2024-01-05 22:00:00,690.6666666666666,21.600000000000005,30.86,1.0
2024-01-05 22:30:00,715.6666666666666,21.600000000000005,30.86,1.0
2024-01-05 23:00:00,711.3333333333334,21.600000000000005,30.86,1.0
2024-01-05 23:30:00,722.3333333333334,21.600000000000005,30.86,1.0
2024-01-06 00:00:00,716.6666666666666,21.53333333333333,31.12,1.0
2024-01-06 00:30:00,705.0,21.6,31.25,1.0
2024-01-06 01:00:00,695.0,21.566666666666666,31.25,1.0
2024-01-06 01:30:00,707.0,21.53333333333333,31.25,1.0
2024-01-06 02:00:00,684.6666666666666,21.5,31.25,1.0
2024-01-06 02:30:00,701.0,21.5,31.64,1.0
2024-01-06 03:00:00,701.0,21.433333333333334,31.64,1.0
2024-01-06 03:30:00,668.0,21.5,31.64,1.0
2024-01-06 04:00:00,654.3333333333334,21.46666666666667,31.64,1.0
2024-01-06 04:30:00,652.3333333333334,21.46666666666667,31.64,1.0
2024-01-06 05:00:00,664.0,21.5,31.64,1.0
2024-01-06 05:30:00,633.3333333333334,21.5,31.51,1.0
2024-01-06 06:00:00,674.6666666666666,21.53333333333333,31.38,1.0
2024-01-06 06:30:00,643.6666666666666,21.53333333333333,31.25,1.0
2024-01-06 07:00:00,594.3333333333334,21.399999999999995,30.99,1.0
2024-01-06 07:30:00,624.0,21.433333333333334,30.86,1.0
2024-01-06 08:00:00,617.0,21.5,30.34,1.0
2024-01-06 08:30:00,584.3333333333334,21.566666666666666,30.08,1.0
2024-01-06 09:00:00,567.0,21.46666666666667,30.08,1.0
2024-01-06 09:30:00,564.3333333333334,21.399999999999995,29.95,1.0
2024-01-06 10:00:00,561.0,21.666666666666668,29.3,1.0
2024-01-06 10:30:00,538.0,21.733333333333334,29.430000000000003,1.0
2024-01-06 11:00:00,560.3333333333334,21.633333333333336,29.95,1.0
2024-01-06 11:30:00,547.6666666666666,21.566666666666666,30.08,1.0
2024-01-06 12:00:00,569.6666666666666,21.53333333333333,30.08,1.0
2024-01-06 12:30:00,575.0,21.600000000000005,30.08,1.0
2024-01-06 13:00:00,575.6666666666666,21.53333333333333,30.08,1.0
2024-01-06 13:30:00,575.0,21.53333333333333,30.08,1.0
2024-01-06 14:00:00,565.3333333333334,21.5,30.209999999999997,1.0
2024-01-06 14:30:00,588.3333333333334,21.433333333333334,30.47,1.0
2024-01-06 15:00:00,554.6666666666666,21.399999999999995,30.47,1.0
2024-01-06 15:30:00,565.6666666666666,21.399999999999995,30.34,1.0
2024-01-06 16:00:00,551.6666666666666,21.399999999999995,30.47,1.0
2024-01-06 16:30:00,550.6666666666666,21.366666666666664,30.47,1.0
2024-01-06 17:00:00,533.3333333333334,21.366666666666664,30.08,1.0
2024-01-06 17:30:00,561.3333333333334,21.333333333333332,30.08,1.0
2024-01-06 18:00:00,550.0,21.3,30.08,1.0
2024-01-06 18:30:00,492.6666666666667,21.3,30.08,1.0
2024-01-06 19:00:00,537.6666666666666,21.233333333333334,30.08,1.0
2024-01-06 19:30:00,523.3333333333334,21.266666666666666,30.08,1.0
2024-01-06 20:00:00,503.6666666666667,21.233333333333334,30.34,1.0
2024-01-06 20:30:00,552.6666666666666,21.266666666666666,30.47,1.0
2024-01-06 21:00:00,541.3333333333334,21.233333333333334,30.47,1.0
2024-01-06 21:30:00,538.6666666666666,21.233333333333334,30.47,1.0
2024-01-06 22:00:00,522.3333333333334,21.2,30.47,1.0
2024-01-06 22:30:00,518.3333333333334,21.2,30.599999999999998,1.0
2024-01-06 23:00:00,545.0,21.2,30.73,1.0
2024-01-06 23:30:00,548.6666666666666,21.2,30.86,1.0
2024-01-07 00:00:00,552.0,21.2,30.86,1.0
2024-01-07 00:30:00,548.6666666666666,21.2,30.86,1.0
2024-01-07 01:00:00,527.6666666666666,21.166666666666668,30.86,1.0
2024-01-07 01:30:00,558.0,21.166666666666668,30.86,1.0
2024-01-07 02:00:00,546.6666666666666,21.166666666666668,30.86,1.0
2024-01-07 02:30:00,533.0,21.133333333333336,30.86,1.0
2024-01-07 03:00:00,520.0,21.1,30.86,1.0
2024-01-07 03:30:00,526.6666666666666,21.133333333333336,30.86,1.0
2024-01-07 04:00:00,516.3333333333334,21.1,30.86,1.0
2024-01-07 04:30:00,527.6666666666666,21.1,30.86,1.0
2024-01-07 05:00:00,503.0,21.1,30.86,1.0
2024-01-07 05:30:00,506.3333333333333,21.1,30.86,1.0
2024-01-07 06:00:00,532.0,21.1,30.86,1.0
2024-01-07 06:30:00,525.3333333333334,21.066666666666666,30.47,1.0
2024-01-07 07:00:00,518.3333333333334,21.066666666666666,30.47,1.0
2024-01-07 07:30:00,500.6666666666667,21.0,30.34,1.0
2024-01-07 08:00:00,501.3333333333333,21.033333333333335,30.08,1.0
2024-01-07 08:30:00,530.6666666666666,21.0,30.08,1.0
2024-01-07 09:00:00,497.3333333333333,21.0,30.08,1.0
2024-01-07 09:30:00,469.0,21.033333333333335,29.820000000000004,1.0
2024-01-07 10:00:00,445.0,21.033333333333335,29.69,1.0
2024-01-07 10:30:00,473.3333333333333,21.133333333333336,29.3,1.0
2024-01-07 11:00:00,537.6666666666666,21.566666666666666,28.650000000000002,1.0
2024-01-07 11:30:00,513.3333333333334,21.8,28.253333333333334,1.0
2024-01-07 12:00:00,541.3333333333334,21.833333333333332,28.12,1.0
2024-01-07 12:30:00,526.0,21.6,28.52,1.0
2024-01-07 13:00:00,533.0,21.366666666666664,28.91,1.0
2024-01-07 13:30:00,487.3333333333333,21.2,29.040000000000003,1.0
2024-01-07 14:00:00,484.6666666666667,21.233333333333334,28.91,1.0
2024-01-07 14:30:00,508.0,21.433333333333334,28.386666666666667,1.0
2024-01-07 15:00:00,516.0,21.566666666666666,28.12,1.0
2024-01-07 15:30:00,531.3333333333334,21.46666666666667,28.650000000000002,1.0
2024-01-07 16:00:00,569.0,21.366666666666664,28.91,1.0
2024-01-07 16:30:00,523.3333333333334,21.3,28.91,1.0
2024-01-07 17:00:00,554.6666666666666,21.333333333333332,28.78,1.0
2024-01-07 17:30:00,515.6666666666666,21.399999999999995,28.52,1.0
2024-01-07 18:00:00,509.0,21.366666666666664,28.52,1.0
2024-01-07 18:30:00,540.0,21.366666666666664,28.52,1.0
2024-01-07 19:00:00,530.0,21.399999999999995,28.52,1.0
2024-01-07 19:30:00,508.3333333333333,21.366666666666664,28.78,1.0
2024-01-07 20:00:00,504.6666666666667,21.399999999999995,28.91,1.0
2024-01-07 20:30:00,544.3333333333334,21.7,28.650000000000002,1.0
2024-01-07 21:00:00,538.0,21.8,28.650000000000002,1.0
2024-01-07 21:30:00,549.0,21.566666666666666,29.040000000000003,1.0
2024-01-07 22:00:00,536.3333333333334,21.433333333333334,29.430000000000003,1.0
2024-01-07 22:30:00,523.0,21.433333333333334,29.3,1.0
2024-01-07 23:00:00,569.3333333333334,21.633333333333336,29.3,1.0
2024-01-07 23:30:00,530.6666666666666,21.599999999999998,29.3,1.0
2024-01-08 00:00:00,527.6666666666666,21.46666666666667,29.69,1.0
2024-01-08 00:30:00,515.3333333333334,21.399999999999995,29.69,1.0
2024-01-08 01:00:00,547.0,21.599999999999998,29.560000000000002,1.0
2024-01-08 01:30:00,520.3333333333334,21.766666666666666,29.3,1.0
2024-01-08 02:00:00,511.3333333333333,21.633333333333336,29.560000000000002,1.0
2024-01-08 02:30:00,560.6666666666666,21.5,29.69,1.0
2024-01-08 03:00:00,524.3333333333334,21.46666666666667,29.69,1.0
2024-01-08 03:30:00,526.0,21.599999999999998,29.560000000000002,1.0
2024-01-08 04:00:00,519.3333333333334,21.766666666666666,29.3,1.0
2024-01-08 04:30:00,522.6666666666666,21.633333333333336,29.560000000000002,1.0
2024-01-08 05:00:00,535.3333333333334,21.46666666666667,29.69,1.0
2024-01-08 05:30:00,497.3333333333333,21.399999999999995,29.95,1.0
2024-01-08 06:00:00,524.6666666666666,21.399999999999995,29.69,1.0
2024-01-08 06:30:00,524.0,21.399999999999995,29.69,1.0
2024-01-08 07:00:00,528.3333333333334,21.399999999999995,29.69,1.0
2024-01-08 07:30:00,864.6666666666666,21.433333333333334,30.209999999999997,1.0
2024-01-08 08:00:00,858.3333333333334,21.733333333333334,28.52,1.0
2024-01-08 08:30:00,920.0,22.0,28.253333333333334,1.0
2024-01-08 09:00:00,1293.0,22.2,29.69,1.0
2024-01-08 09:30:00,1281.6666666666667,22.266666666666666,31.38,1.0
2024-01-08 10:00:00,1909.0,22.3,35.68,1.0
2024-01-08 10:30:00,1989.3333333333333,22.100000000000005,35.809999999999995,1.0
2024-01-08 11:00:00,1870.6666666666667,22.100000000000005,34.376666666666665,1.0
2024-01-08 11:30:00,1486.5,22.1,32.225,1.0
2024-01-08 12:00:00,1265.0,22.2,30.47,1.0
2024-01-08 12:30:00,1367.3333333333333,22.099999999999998,30.08,1.0
2024-01-08 13:00:00,2079.3333333333335,22.133333333333336,32.81,1.0
2024-01-08 13:30:00,2845.0,22.25,35.745,1.0
2024-01-08 14:00:00,3046.3333333333335,22.366666666666664,36.46,1.0
2024-01-08 14:30:00,2663.6666666666665,22.399999999999995,34.9,1.0
2024-01-08 15:00:00,3007.6666666666665,22.366666666666664,36.199999999999996,1.0
2024-01-08 15:30:00,3419.6666666666665,22.399999999999995,37.5,1.0
2024-01-08 16:00:00,2798.0,22.333333333333332,35.54666666666666,1.0
2024-01-08 16:30:00,2215.0,22.3,33.395,1.0
2024-01-08 17:00:00,1947.6666666666667,22.53333333333333,32.29,1.0
2024-01-08 17:30:00,1768.0,22.6,31.055,1.0
2024-01-08 18:00:00,1651.3333333333333,22.3,31.51,1.0
2024-01-08 18:30:00,1503.6666666666667,22.03333333333333,31.64,1.0
2024-01-08 19:00:00,1456.5,21.95,31.64,1.0
2024-01-08 19:30:00,1398.6666666666667,21.96666666666667,31.64,1.0
2024-01-08 20:00:00,1382.6666666666667,22.0,31.64,1.0
2024-01-08 20:30:00,1271.6666666666667,21.899999999999995,31.64,1.0
2024-01-08 21:00:00,1271.6666666666667,21.866666666666664,31.64,1.0
2024-01-08 21:30:00,1211.5,21.9,31.445,1.0
2024-01-08 22:00:00,1215.5,22.25,30.86,1.0
2024-01-08 22:30:00,1132.5,22.1,31.25,1.0
2024-01-08 23:00:00,1094.5,21.95,31.25,1.0
2024-01-08 23:30:00,1075.0,21.899999999999995,31.38,1.0
2024-01-09 00:00:00,1028.0,22.200000000000003,31.055,1.0
2024-01-09 00:30:00,1068.5,22.2,30.86,1.0
2024-01-09 01:00:00,981.3333333333334,22.133333333333336,31.12,1.0
2024-01-09 01:30:00,927.6666666666666,21.96666666666667,31.25,1.0
2024-01-09 02:00:00,892.0,21.866666666666664,31.25,1.0
2024-01-09 02:30:00,926.3333333333334,22.133333333333336,30.99,1.0
2024-01-09 03:00:00,849.0,22.233333333333334,30.86,1.0
2024-01-09 03:30:00,844.5,22.05,31.055,1.0
2024-01-09 04:00:00,823.0,21.96666666666667,31.25,1.0
2024-01-09 04:30:00,779.6666666666666,21.866666666666664,31.25,1.0
2024-01-09 05:00:00,772.5,22.200000000000003,31.055,1.0
2024-01-09 05:30:00,794.0,22.2,30.99,1.0
2024-01-09 06:00:00,718.0,21.9,31.25,1.0
2024-01-09 06:30:00,710.6666666666666,21.899999999999995,31.25,1.0
2024-01-09 07:00:00,719.6666666666666,21.933333333333334,31.12,1.0
2024-01-09 07:30:00,664.6666666666666,22.3,30.47,1.0
2024-01-09 08:00:00,695.0,22.2,30.73,1.0
2024-01-09 08:30:00,660.0,22.0,30.99,1.0
2024-01-09 09:00:00,679.6666666666666,21.899999999999995,31.25,1.0
2024-01-09 09:30:00,678.3333333333334,21.899999999999995,30.99,1.0
2024-01-09 10:00:00,666.0,22.0,30.99,1.0
2024-01-09 10:30:00,628.6666666666666,21.899999999999995,30.99,1.0
2024-01-09 11:00:00,859.6666666666666,21.933333333333334,32.160000000000004,1.0
2024-01-09 11:30:00,1030.0,21.95,32.03,1.0
2024-01-09 12:00:00,1460.0,22.1,33.395,1.0
2024-01-09 12:30:00,1739.0,22.2,34.11333333333334,1.0
2024-01-09 13:00:00,2114.3333333333335,22.233333333333334,35.16,1.0
2024-01-09 13:30:00,2388.0,22.233333333333334,36.199999999999996,1.0
2024-01-09 14:00:00,2722.0,22.233333333333334,36.85,1.0
2024-01-09 14:30:00,2646.3333333333335,22.3,36.589999999999996,1.0
2024-01-09 15:00:00,2682.0,22.3,36.72,1.0
2024-01-09 15:30:00,3039.5,22.3,37.89,1.0
2024-01-09 16:00:00,3065.3333333333335,22.3,38.02,1.0
2024-01-09 16:30:00,3205.0,22.266666666666666,38.15,1.0
2024-01-09 17:00:00,3262.5,22.35,38.28,1.0
2024-01-09 17:30:00,3043.0,22.4,36.72,1.0
2024-01-09 18:00:00,2798.3333333333335,22.233333333333334,36.589999999999996,1.0
2024-01-09 18:30:00,2623.0,22.1,35.94,1.0
2024-01-09 19:00:00,2498.0,22.1,35.94,1.0
2024-01-09 19:30:00,2328.0,22.0,35.55,1.0
2024-01-09 20:00:00,2232.3333333333335,22.100000000000005,35.16,1.0
2024-01-09 20:30:00,2057.5,22.0,34.965,1.0
2024-01-09 21:00:00,1932.0,21.9,34.77,1.0
2024-01-09 21:30:00,1940.0,21.899999999999995,34.77,1.0
2024-01-09 22:00:00,1827.3333333333333,21.899999999999995,34.77,1.0
2024-01-09 22:30:00,1769.3333333333333,21.833333333333332,34.77,1.0
2024-01-09 23:00:00,1714.0,21.8,34.77,1.0
2024-01-09 23:30:00,1653.3333333333333,21.8,34.77,1.0
2024-01-10 00:00:00,1610.3333333333333,21.8,34.64000000000001,1.0
2024-01-10 00:30:00,1565.0,21.8,34.38,1.0
2024-01-10 01:00:00,1459.0,21.75,34.38,1.0
2024-01-10 01:30:00,1420.6666666666667,21.766666666666666,34.38,1.0
2024-01-10 02:00:00,1340.0,21.733333333333334,34.38,1.0
2024-01-10 02:30:00,1361.0,21.7,34.38,1.0
2024-01-10 03:00:00,1266.6666666666667,21.7,34.38,1.0
2024-01-10 03:30:00,1241.6666666666667,21.7,34.38,1.0
2024-01-10 04:00:00,1194.3333333333333,21.633333333333336,34.38,1.0
2024-01-10 04:30:00,1119.6666666666667,21.600000000000005,34.38,1.0
2024-01-10 05:00:00,1166.0,21.65,34.38,1.0
2024-01-10 05:30:00,1108.6666666666667,21.666666666666668,34.38,1.0
2024-01-10 06:00:00,1056.0,21.666666666666668,34.24666666666667,1.0
2024-01-10 06:30:00,1040.3333333333333,21.7,33.98,1.0
2024-01-10 07:00:00,976.3333333333334,21.666666666666668,34.11333333333334,1.0
2024-01-10 07:30:00,976.6666666666666,21.600000000000005,33.98,1.0
2024-01-10 08:00:00,1087.6666666666667,21.733333333333334,34.63666666666666,1.0
2024-01-10 08:30:00,1194.6666666666667,21.933333333333334,35.03,1.0
2024-01-10 09:00:00,1154.3333333333333,21.933333333333334,35.809999999999995,1.0
2024-01-10 09:30:00,1411.6666666666667,21.933333333333334,37.11,1.0
2024-01-10 10:00:00,1998.6666666666667,22.133333333333336,39.97,1.0
2024-01-10 10:30:00,2642.3333333333335,22.266666666666666,41.800000000000004,1.0
2024-01-10 11:00:00,2981.6666666666665,22.366666666666664,43.1,1.0
2024-01-10 11:30:00,3034.3333333333335,22.366666666666664,42.71,1.0
2024-01-10 12:00:00,2270.6666666666665,22.2,39.32,1.0
2024-01-10 12:30:00,2474.0,22.400000000000002,40.233333333333334,1.0
2024-01-10 13:00:00,3002.3333333333335,22.5,41.93,1.0
2024-01-10 13:30:00,3510.0,22.566666666666666,43.1,1.0
2024-01-10 14:00:00,3698.0,22.600000000000005,44.01,1.0
2024-01-10 14:30:00,3807.0,22.7,45.31,1.0
2024-01-10 15:00:00,3807.0,22.8,43.620000000000005,1.0
2024-01-10 15:30:00,3736.0,22.95,42.58,1.0
2024-01-10 16:00:00,3687.0,22.733333333333334,42.58,1.0
2024-01-10 16:30:00,3358.3333333333335,22.633333333333336,41.8,1.0
2024-01-10 17:00:00,3203.6666666666665,22.53333333333333,41.016666666666666,1.0
2024-01-10 17:30:00,2943.3333333333335,22.366666666666664,40.35999999999999,1.0
2024-01-10 18:00:00,2735.6666666666665,22.3,39.580000000000005,1.0
2024-01-10 18:30:00,2587.0,22.2,38.93,1.0
2024-01-10 19:00:00,2488.6666666666665,22.166666666666668,38.67,1.0
2024-01-10 19:30:00,2339.6666666666665,22.100000000000005,38.67,1.0
2024-01-10 20:00:00,2252.0,22.100000000000005,38.28,1.0
2024-01-10 20:30:00,2164.6666666666665,22.066666666666666,38.28,1.0
2024-01-10 21:00:00,2144.0,22.066666666666666,37.89,1.0
2024-01-10 21:30:00,2058.0,22.0,37.89,1.0
2024-01-10 22:00:00,1979.3333333333333,22.0,37.76,1.0
2024-01-10 22:30:00,1859.6666666666667,21.899999999999995,37.5,1.0
2024-01-10 23:00:00,1807.0,21.899999999999995,37.5,1.0
2024-01-10 23:30:00,1794.5,21.9,37.5,1.0
2024-01-11 00:00:00,1704.0,21.933333333333334,37.11,1.0
2024-01-11 00:30:00,1613.3333333333333,21.933333333333334,36.98,1.0
2024-01-11 01:00:00,1590.3333333333333,21.899999999999995,37.11,1.0
2024-01-11 01:30:00,1519.6666666666667,21.8,37.11,1.0
2024-01-11 02:00:00,1434.6666666666667,21.8,36.98,1.0
2024-01-11 02:30:00,1363.3333333333333,21.8,36.85,1.0
2024-01-11 03:00:00,1308.0,21.8,36.72,1.0
2024-01-11 03:30:00,1262.3333333333333,21.8,36.72,1.0
2024-01-11 04:00:00,1222.0,21.733333333333334,36.72,1.0
2024-01-11 04:30:00,1182.6666666666667,21.733333333333334,36.72,1.0
2024-01-11 05:00:00,1198.3333333333333,21.766666666666666,36.72,1.0
2024-01-11 05:30:00,1121.0,21.733333333333334,36.46,1.0
2024-01-11 06:00:00,1088.6666666666667,21.7,36.46,1.0
2024-01-11 06:30:00,1051.3333333333333,21.666666666666668,36.33,1.0
2024-01-11 07:00:00,1010.3333333333334,21.96666666666667,35.809999999999995,1.0
2024-01-11 07:30:00,948.6666666666666,22.2,35.16,1.0
2024-01-11 08:00:00,1010.0,22.099999999999998,35.94,1.0
2024-01-11 08:30:00,1242.3333333333333,21.933333333333334,40.88666666666666,1.0
2024-01-11 09:00:00,1459.6666666666667,22.0,42.71,1.0
2024-01-11 09:30:00,1878.3333333333333,22.2,44.79,1.0
2024-01-11 10:00:00,2138.6666666666665,22.5,45.18000000000001,1.0
2024-01-11 10:30:00,2330.6666666666665,22.399999999999995,44.79,1.0
2024-01-11 11:00:00,2081.0,22.3,42.71,1.0
2024-01-11 11:30:00,1583.0,22.3,38.67,1.0
2024-01-11 12:00:00,1392.3333333333333,22.3,37.89,1.0
2024-01-11 12:30:00,1644.6666666666667,22.3,38.15,1.0
2024-01-11 13:00:00,2040.3333333333333,22.399999999999995,39.71,1.0
2024-01-11 13:30:00,2133.6666666666665,22.433333333333334,40.1,1.0
2024-01-11 14:00:00,2408.5,22.55,40.82,1.0
2024-01-11 14:30:00,2661.0,22.6,41.41,1.0
2024-01-11 15:00:00,2543.6666666666665,22.566666666666666,40.36333333333334,1.0
2024-01-11 15:30:00,2185.6666666666665,22.600000000000005,38.93,1.0
2024-01-11 16:00:00,2154.6666666666665,22.666666666666668,38.410000000000004,1.0
2024-01-11 16:30:00,1991.0,22.5,38.28,1.0
2024-01-11 17:00:00,1893.6666666666667,22.366666666666664,38.28,1.0
2024-01-11 17:30:00,1793.6666666666667,22.3,37.89,1.0
2024-01-11 18:00:00,1673.3333333333333,22.400000000000002,37.24,1.0
2024-01-11 18:30:00,1618.3333333333333,22.566666666666666,36.72,1.0
2024-01-11 19:00:00,1537.5,22.4,36.72,1.0
2024-01-11 19:30:00,1474.0,22.333333333333332,36.85,1.0
2024-01-11 20:00:00,1477.3333333333333,22.3,36.98,1.0
2024-01-11 20:30:00,1448.0,22.366666666666664,36.72,1.0
2024-01-11 21:00:00,1400.0,22.366666666666664,36.33,1.0
2024-01-11 21:30:00,1346.6666666666667,22.3,36.72,1.0
2024-01-11 22:00:00,1362.0,22.2,36.72,1.0
2024-01-11 22:30:00,1287.6666666666667,22.233333333333334,36.46,1.0
2024-01-11 23:00:00,1222.3333333333333,22.3,35.94,1.0
2024-01-11 23:30:00,1251.6666666666667,22.3,35.94,1.0
2024-01-12 00:00:00,1181.0,22.2,35.94,1.0
2024-01-12 00:30:00,1150.0,22.133333333333336,35.94,1.0
2024-01-12 01:00:00,1143.3333333333333,22.133333333333336,35.94,1.0
2024-01-12 01:30:00,1078.3333333333333,22.46666666666667,35.29,1.0
2024-01-12 02:00:00,1042.0,22.5,35.03,1.0
2024-01-12 02:30:00,979.3333333333334,22.333333333333332,35.16,1.0
2024-01-12 03:00:00,977.6666666666666,22.2,35.16,1.0
2024-01-12 03:30:00,950.3333333333334,22.233333333333334,35.16,1.0
2024-01-12 04:00:00,928.3333333333334,22.53333333333333,34.51,1.0
2024-01-12 04:30:00,833.0,22.400000000000002,34.51,1.0
2024-01-12 05:00:00,869.3333333333334,22.266666666666666,34.77,1.0
2024-01-12 05:30:00,813.0,22.2,34.77,1.0
2024-01-12 06:00:00,818.3333333333334,22.166666666666668,34.77,1.0
2024-01-12 06:30:00,757.3333333333334,22.333333333333332,34.24666666666667,1.0
2024-01-12 07:00:00,784.5,22.5,33.785,1.0
2024-01-12 07:30:00,721.0,22.366666666666664,33.98,1.0
2024-01-12 08:00:00,681.6666666666666,22.2,33.85333333333333,1.0
2024-01-12 08:30:00,945.0,22.133333333333336,35.93666666666667,1.0
2024-01-12 09:00:00,1771.3333333333333,22.400000000000002,44.27,1.0
2024-01-12 09:30:00,1571.0,22.46666666666667,41.92333333333334,1.0
2024-01-12 10:00:00,1641.3333333333333,22.433333333333334,41.016666666666666,1.0
2024-01-12 10:30:00,1967.0,22.5,42.19,1.0
2024-01-12 11:00:00,2205.6666666666665,22.5,42.97,1.0
2024-01-12 11:30:00,1910.0,22.65,39.65,1.0
2024-01-12 12:00:00,1098.3333333333333,22.599999999999998,35.03,1.0
2024-01-12 12:30:00,1567.3333333333333,22.566666666666666,36.199999999999996,1.0
2024-01-12 13:00:00,3330.6,182.24,26.798000000000002,1.0
2024-01-12 13:30:00,2062.6666666666665,22.566666666666666,38.54,1.0
2024-01-12 14:00:00,2425.3333333333335,22.7,39.84,1.0
2024-01-12 14:30:00,2578.0,23.0,40.23,1.0
2024-01-12 15:00:00,2869.0,22.85,41.02,1.0
2024-01-12 15:30:00,2690.0,22.7,40.62,1.0
2024-01-12 16:00:00,2325.6666666666665,22.7,38.800000000000004,1.0
2024-01-12 16:30:00,2238.0,22.53333333333333,38.54,1.0
2024-01-12 17:00:00,2114.3333333333335,22.766666666666666,37.63,1.0
2024-01-12 17:30:00,1965.0,22.766666666666666,37.11,1.0
2024-01-12 18:00:00,1866.0,22.566666666666666,37.24,1.0
2024-01-12 18:30:00,1754.3333333333333,22.433333333333334,37.11,1.0
2024-01-12 19:00:00,1678.3333333333333,22.399999999999995,36.85,1.0
2024-01-12 19:30:00,1554.0,22.366666666666664,36.72,1.0
2024-01-12 20:00:00,1477.6666666666667,22.333333333333332,36.46,1.0
2024-01-12 20:30:00,1446.6666666666667,22.3,36.33,1.0
2024-01-12 21:00:00,1383.5,22.3,36.33,1.0
2024-01-12 21:30:00,1384.0,22.3,36.33,1.0
2024-01-12 22:00:00,1375.6666666666667,22.233333333333334,36.33,1.0
2024-01-12 22:30:00,1299.6666666666667,22.2,36.33,1.0
2024-01-12 23:00:00,1241.0,22.2,36.33,1.0
2024-01-12 23:30:00,1247.3333333333333,22.166666666666668,36.33,1.0
2024-01-13 00:00:00,1138.3333333333333,22.133333333333336,36.07,1.0
2024-01-13 00:30:00,1128.6666666666667,22.100000000000005,35.94,1.0
2024-01-13 01:00:00,1108.3333333333333,22.100000000000005,36.07,1.0
2024-01-13 01:30:00,1156.0,22.1,35.94,1.0
2024-01-13 02:00:00,1086.0,22.100000000000005,35.94,1.0
2024-01-13 02:30:00,1023.0,22.066666666666666,35.94,1.0
2024-01-13 03:00:00,1021.0,22.066666666666666,35.94,1.0
2024-01-13 03:30:00,996.0,22.03333333333333,35.94,1.0
2024-01-13 04:00:00,1008.0,22.100000000000005,35.94,1.0
2024-01-13 04:30:00,967.6666666666666,22.100000000000005,35.94,1.0
2024-01-13 05:00:00,976.0,22.2,35.809999999999995,1.0
2024-01-13 05:30:00,941.0,22.433333333333334,35.55,1.0
2024-01-13 06:00:00,896.6666666666666,22.266666666666666,35.55,1.0
2024-01-13 06:30:00,895.3333333333334,22.133333333333336,35.55,1.0
2024-01-13 07:00:00,838.0,22.100000000000005,35.809999999999995,1.0
2024-01-13 07:30:00,813.6666666666666,22.100000000000005,35.55,1.0
2024-01-13 08:00:00,782.0,22.166666666666668,35.55,1.0
2024-01-13 08:30:00,800.6666666666666,22.166666666666668,35.55,1.0
2024-01-13 09:00:00,752.6666666666666,22.066666666666666,35.55,1.0
2024-01-13 09:30:00,753.3333333333334,22.03333333333333,35.55,1.0
2024-01-13 10:00:00,729.6666666666666,22.366666666666664,35.03,1.0
2024-01-13 10:30:00,710.0,22.6,34.77,1.0
2024-01-13 11:00:00,699.0,22.5,34.9,1.0
2024-01-13 11:30:00,684.6666666666666,22.266666666666666,35.16,1.0
2024-01-13 12:00:00,649.3333333333334,22.2,35.55,1.0
2024-01-13 12:30:00,644.6666666666666,22.2,35.55,1.0
2024-01-13 13:00:00,669.3333333333334,22.3,35.16,1.0
2024-01-13 13:30:00,676.0,22.3,35.16,1.0
2024-01-13 14:00:00,654.3333333333334,22.3,35.16,1.0
2024-01-13 14:30:00,657.0,22.3,35.16,1.0
2024-01-13 15:00:00,613.3333333333334,22.333333333333332,35.16,1.0
2024-01-13 15:30:00,594.3333333333334,22.3,35.16,1.0
2024-01-13 16:00:00,583.0,22.2,35.16,1.0
2024-01-13 16:30:00,608.0,22.2,35.419999999999995,1.0
2024-01-13 17:00:00,611.3333333333334,22.166666666666668,35.419999999999995,1.0
2024-01-13 17:30:00,572.0,22.166666666666668,35.419999999999995,1.0
2024-01-13 18:00:00,564.0,22.133333333333336,35.419999999999995,1.0
2024-01-13 18:30:00,561.0,22.100000000000005,35.16,1.0
2024-01-13 19:00:00,596.3333333333334,22.100000000000005,35.29,1.0
2024-01-13 19:30:00,617.6666666666666,22.100000000000005,35.419999999999995,1.0
2024-01-13 20:00:00,610.0,22.1,35.55,1.0
2024-01-13 20:30:00,554.0,22.100000000000005,35.419999999999995,1.0
2024-01-13 21:00:00,562.75,22.1,35.4525,1.0
2024-01-13 21:30:00,556.0,22.100000000000005,35.55,1.0
2024-01-13 22:00:00,540.0,22.1,35.55,1.0
2024-01-13 22:30:00,570.0,22.066666666666666,35.419999999999995,1.0
2024-01-13 23:00:00,569.0,22.1,35.355,1.0
2024-01-13 23:30:00,577.3333333333334,22.066666666666666,35.419999999999995,1.0
2024-01-14 00:00:00,547.0,22.03333333333333,35.419999999999995,1.0
2024-01-14 00:30:00,528.5,22.0,35.355,1.0
2024-01-14 01:00:00,589.6666666666666,22.066666666666666,35.16,1.0
2024-01-14 01:30:00,550.0,22.066666666666666,35.29,1.0
2024-01-14 02:00:00,545.6666666666666,22.100000000000005,35.16,1.0
2024-01-14 02:30:00,550.6666666666666,22.100000000000005,35.16,1.0
2024-01-14 03:00:00,587.6666666666666,22.100000000000005,35.16,1.0
2024-01-14 03:30:00,600.6666666666666,22.100000000000005,35.16,1.0
2024-01-14 04:00:00,549.3333333333334,22.100000000000005,35.16,1.0
2024-01-14 04:30:00,565.6666666666666,22.100000000000005,35.16,1.0
2024-01-14 05:00:00,535.0,22.066666666666666,35.16,1.0
2024-01-14 05:30:00,508.0,22.100000000000005,35.16,1.0
2024-01-14 06:00:00,529.6666666666666,22.066666666666666,35.16,1.0
2024-01-14 06:30:00,537.3333333333334,22.066666666666666,35.03,1.0
2024-01-14 07:00:00,556.6666666666666,22.0,35.03,1.0
2024-01-14 07:30:00,509.6666666666667,22.133333333333336,34.64000000000001,1.0
2024-01-14 08:00:00,591.6666666666666,22.233333333333334,34.38,1.0
2024-01-14 08:30:00,553.0,22.100000000000005,34.77,1.0
2024-01-14 09:00:00,473.0,22.0,34.77,1.0
2024-01-14 09:30:00,521.6666666666666,22.133333333333336,34.376666666666665,1.0
2024-01-14 10:00:00,541.0,22.53333333333333,33.85,1.0
2024-01-14 10:30:00,497.6666666666667,22.53333333333333,33.72,1.0
2024-01-14 11:00:00,503.0,22.333333333333332,34.11333333333334,1.0
2024-01-14 11:30:00,522.3333333333334,22.2,34.38,1.0
2024-01-14 12:00:00,470.6666666666667,22.233333333333334,34.38,1.0
2024-01-14 12:30:00,527.0,22.599999999999998,33.85,1.0
2024-01-14 13:00:00,547.3333333333334,22.8,33.59,1.0
2024-01-14 13:30:00,555.0,22.666666666666668,33.59,1.0
2024-01-14 14:00:00,517.0,22.400000000000002,33.98,1.0
2024-01-14 14:30:00,525.5,22.25,34.18,1.0
2024-01-14 15:00:00,546.0,22.333333333333332,34.24666666666667,1.0
2024-01-14 15:30:00,558.3333333333334,22.733333333333334,33.59,1.0
2024-01-14 16:00:00,583.0,22.933333333333334,33.330000000000005,1.0
2024-01-14 16:30:00,581.3333333333334,23.066666666666666,33.2,1.0
2024-01-14 17:00:00,592.3333333333334,23.100000000000005,32.81,1.0
2024-01-14 17:30:00,574.0,22.766666666666666,33.330000000000005,1.0
2024-01-14 18:00:00,509.6666666666667,22.53333333333333,33.59,1.0
2024-01-14 18:30:00,531.6666666666666,22.433333333333334,33.85,1.0
2024-01-14 19:00:00,540.3333333333334,22.399999999999995,33.98,1.0
2024-01-14 19:30:00,494.3333333333333,22.399999999999995,33.98,1.0
2024-01-14 20:00:00,530.3333333333334,22.399999999999995,33.98,1.0
2024-01-14 20:30:00,508.0,22.399999999999995,33.98,1.0
2024-01-14 21:00:00,488.3333333333333,22.366666666666664,33.98,1.0
2024-01-14 21:30:00,520.0,22.333333333333332,33.98,1.0
2024-01-14 22:00:00,506.0,22.433333333333334,33.98,1.0
2024-01-14 22:30:00,491.3333333333333,22.399999999999995,33.98,1.0
2024-01-14 23:00:00,524.3333333333334,22.3,33.98,1.0
2024-01-14 23:30:00,514.0,22.233333333333334,33.98,1.0
2024-01-15 00:00:00,528.6666666666666,22.2,33.98,1.0
2024-01-15 00:30:00,489.3333333333333,22.233333333333334,33.98,1.0
2024-01-15 01:00:00,541.3333333333334,22.266666666666666,33.98,1.0
2024-01-15 01:30:00,496.6666666666667,22.2,34.11333333333334,1.0
2024-01-15 02:00:00,521.0,22.2,33.98,1.0
2024-01-15 02:30:00,507.3333333333333,22.3,33.98,1.0
2024-01-15 03:00:00,510.6666666666667,22.266666666666666,33.98,1.0
2024-01-15 03:30:00,511.3333333333333,22.2,33.98,1.0
2024-01-15 04:00:00,537.0,22.100000000000005,34.24666666666667,1.0
2024-01-15 04:30:00,542.6666666666666,22.100000000000005,33.98,1.0
2024-01-15 05:00:00,475.0,22.2,33.98,1.0
2024-01-15 05:30:00,507.0,22.166666666666668,33.98,1.0
2024-01-15 06:00:00,476.0,22.066666666666666,33.98,1.0
2024-01-15 06:30:00,471.0,22.066666666666666,33.98,1.0
2024-01-15 07:00:00,484.0,22.166666666666668,33.59,1.0
2024-01-15 07:30:00,483.0,22.1,33.785,1.0
2024-01-15 08:00:00,493.3333333333333,22.100000000000005,33.59,1.0
2024-01-15 08:30:00,495.0,22.066666666666666,33.59,1.0
2024-01-15 09:00:00,508.25,22.575,33.102500000000006,1.0
2024-01-15 09:30:00,532.5,22.65,32.81,1.0
2024-01-15 10:00:00,535.6666666666666,22.433333333333334,33.2,1.0
2024-01-15 10:30:00,552.0,22.233333333333334,33.59,1.0
2024-01-15 11:00:00,499.0,22.15,33.59,1.0
2024-01-15 11:30:00,586.6666666666666,22.2,33.2,1.0
2024-01-15 12:00:00,544.3333333333334,22.100000000000005,33.2,1.0
2024-01-15 12:30:00,536.3333333333334,22.133333333333336,32.940000000000005,1.0
2024-01-15 13:00:00,531.0,22.100000000000005,33.07,1.0
2024-01-15 13:30:00,564.3333333333334,22.03333333333333,33.07,1.0
2024-01-15 14:00:00,536.0,22.166666666666668,32.68,1.0
2024-01-15 14:30:00,540.6666666666666,22.3,32.42,1.0
2024-01-15 15:00:00,558.0,22.2,32.42,1.0
2024-01-15 15:30:00,609.0,22.100000000000005,32.42,1.0
2024-01-15 16:00:00,609.5,22.05,32.42,1.0
2024-01-15 16:30:00,574.6666666666666,22.03333333333333,32.42,1.0
2024-01-15 17:00:00,551.0,22.0,32.42,1.0
2024-01-15 17:30:00,618.6666666666666,22.03333333333333,32.42,1.0
2024-01-15 18:00:00,554.6666666666666,22.0,32.03,1.0
2024-01-15 18:30:00,605.6666666666666,22.0,32.03,1.0
2024-01-15 19:00:00,576.3333333333334,21.96666666666667,32.03,1.0
2024-01-15 19:30:00,624.0,21.899999999999995,32.42,1.0
2024-01-15 20:00:00,616.3333333333334,21.899999999999995,32.42,1.0
2024-01-15 20:30:00,638.3333333333334,21.866666666666664,32.42,1.0
2024-01-15 21:00:00,610.3333333333334,21.899999999999995,32.42,1.0
2024-01-15 21:30:00,614.5,21.8,32.42,1.0
2024-01-15 22:00:00,578.6666666666666,21.8,32.42,1.0
2024-01-15 22:30:00,562.3333333333334,21.8,32.42,1.0
2024-01-15 23:00:00,558.6666666666666,21.733333333333334,32.42,1.0
2024-01-15 23:30:00,591.6666666666666,21.733333333333334,32.42,1.0
2024-01-16 00:00:00,575.6666666666666,21.7,32.42,1.0
2024-01-16 00:30:00,533.3333333333334,21.7,32.42,1.0
2024-01-16 01:00:00,577.3333333333334,21.666666666666668,32.42,1.0
2024-01-16 01:30:00,567.3333333333334,21.666666666666668,32.03,1.0
2024-01-16 02:00:00,574.0,21.666666666666668,32.03,1.0
2024-01-16 02:30:00,615.3333333333334,21.633333333333336,32.03,1.0
2024-01-16 03:00:00,551.6666666666666,21.633333333333336,32.03,1.0
2024-01-16 03:30:00,596.6666666666666,21.666666666666668,32.03,1.0
2024-01-16 04:00:00,544.0,21.600000000000005,32.03,1.0
2024-01-16 04:30:00,558.0,21.600000000000005,32.03,1.0
2024-01-16 05:00:00,567.0,21.600000000000005,32.03,1.0
2024-01-16 05:30:00,563.0,21.600000000000005,32.03,1.0
2024-01-16 06:00:00,552.6666666666666,21.566666666666666,32.03,1.0
2024-01-16 06:30:00,512.3333333333334,21.53333333333333,31.64,1.0
2024-01-16 07:00:00,509.0,21.5,31.64,1.0
2024-01-16 07:30:00,538.6666666666666,21.53333333333333,31.25,1.0
2024-01-16 08:00:00,541.0,21.55,30.86,1.0
2024-01-16 08:30:00,681.3333333333334,21.5,30.47,1.0
2024-01-16 09:00:00,1122.6666666666667,21.599999999999998,32.42,1.0
2024-01-16 09:30:00,1163.3333333333333,21.766666666666666,32.42,1.0
2024-01-16 10:00:00,1103.0,21.866666666666664,31.77,1.0
2024-01-16 10:30:00,1039.0,21.8,31.64,1.0
2024-01-16 11:00:00,1025.0,21.733333333333334,31.51,1.0
2024-01-16 11:30:00,1122.0,21.833333333333332,31.12,1.0
2024-01-16 12:00:00,1347.6666666666667,21.900000000000002,31.77,1.0
2024-01-16 12:30:00,1566.0,22.233333333333334,32.29,1.0
2024-01-16 13:00:00,1649.0,22.166666666666668,32.68,1.0
2024-01-16 13:30:00,1513.3333333333333,22.03333333333333,32.42,1.0
2024-01-16 14:00:00,1640.0,21.96666666666667,32.68,1.0
2024-01-16 14:30:00,1910.0,22.2,33.46,1.0
2024-01-16 15:00:00,1898.0,22.433333333333334,33.07,1.0
2024-01-16 15:30:00,1471.0,22.2,30.34,1.0
2024-01-16 16:00:00,1303.5,22.15,29.689999999999998,1.0
2024-01-16 16:30:00,1347.6666666666667,22.100000000000005,29.689999999999998,1.0
2024-01-16 17:00:00,1302.0,22.0,30.47,1.0
2024-01-16 17:30:00,1248.6666666666667,21.899999999999995,30.73,1.0
2024-01-16 18:00:00,1172.6666666666667,21.933333333333334,30.599999999999998,1.0
2024-01-16 18:30:00,1186.5,22.05,30.47,1.0
2024-01-16 19:00:00,1062.6666666666667,21.96666666666667,30.73,1.0
2024-01-16 19:30:00,1042.0,21.866666666666664,31.12,1.0
2024-01-16 20:00:00,1049.0,21.833333333333332,31.25,1.0
2024-01-16 20:30:00,1036.3333333333333,22.2,30.86,1.0
2024-01-16 21:00:00,1009.0,22.366666666666664,30.47,1.0
2024-01-16 21:30:00,992.6666666666666,22.2,30.99,1.0
2024-01-16 22:00:00,931.3333333333334,22.0,31.25,1.0
2024-01-16 22:30:00,951.0,21.95,31.445,1.0
2024-01-16 23:00:00,917.6666666666666,22.266666666666666,31.38,1.0
2024-01-16 23:30:00,923.0,22.4,30.86,1.0
2024-01-17 00:00:00,884.0,22.3,31.25,1.0
2024-01-17 00:30:00,804.5,22.1,31.64,1.0
2024-01-17 01:00:00,817.0,22.0,31.64,1.0
2024-01-17 01:30:00,864.0,22.3,31.25,1.0
2024-01-17 02:00:00,789.5,22.5,31.055,1.0
2024-01-17 02:30:00,824.5,22.3,31.25,1.0
2024-01-17 03:00:00,803.6666666666666,22.166666666666668,31.51,1.0
2024-01-17 03:30:00,788.0,22.03333333333333,31.64,1.0
2024-01-17 04:00:00,714.3333333333334,22.0,31.64,1.0
2024-01-17 04:30:00,743.6666666666666,22.2,31.51,1.0
2024-01-17 05:00:00,710.6666666666666,22.399999999999995,31.25,1.0
2024-01-17 05:30:00,688.6666666666666,22.2,31.38,1.0
2024-01-17 06:00:00,690.6666666666666,22.03333333333333,31.64,1.0
2024-01-17 06:30:00,659.6666666666666,22.0,31.77,1.0
2024-01-17 07:00:00,639.0,21.899999999999995,31.64,1.0
2024-01-17 07:30:00,622.3333333333334,22.0,31.64,1.0
2024-01-17 08:00:00,681.6666666666666,22.0,31.900000000000002,1.0
2024-01-17 08:30:00,889.6666666666666,21.866666666666664,38.413333333333334,1.0
2024-01-17 09:00:00,915.6666666666666,21.8,41.406666666666666,1.0
2024-01-17 09:30:00,900.0,21.96666666666667,42.059999999999995,1.0
2024-01-17 10:00:00,902.3333333333334,22.03333333333333,42.449999999999996,1.0
2024-01-17 10:30:00,773.5,21.95,42.19,1.0
2024-01-17 11:00:00,808.3333333333334,21.866666666666664,42.58,1.0
2024-01-17 11:30:00,769.0,21.833333333333332,42.58,1.0
2024-01-17 12:00:00,752.0,22.05,42.19,1.0
2024-01-17 12:30:00,792.6666666666666,22.233333333333334,41.41,1.0
2024-01-17 13:00:00,751.3333333333334,22.099999999999998,41.02,1.0
2024-01-17 13:30:00,758.3333333333334,21.899999999999995,41.28,1.0
2024-01-17 14:00:00,812.0,21.899999999999995,40.75333333333333,1.0
2024-01-17 14:30:00,894.6666666666666,21.933333333333334,40.62,1.0
2024-01-17 15:00:00,863.0,22.03333333333333,40.23,1.0
2024-01-17 15:30:00,883.6666666666666,21.96666666666667,40.23,1.0
2024-01-17 16:00:00,828.0,21.866666666666664,40.23,1.0
2024-01-17 16:30:00,780.6666666666666,21.8,40.1,1.0
2024-01-17 17:00:00,760.6666666666666,21.766666666666666,39.84,1.0
2024-01-17 17:30:00,797.3333333333334,22.066666666666666,39.32,1.0
2024-01-17 18:00:00,791.6666666666666,22.133333333333336,38.67,1.0
2024-01-17 18:30:00,776.3333333333334,21.933333333333334,39.06,1.0
2024-01-17 19:00:00,743.5,21.85,38.865,1.0
2024-01-17 19:30:00,724.3333333333334,21.8,38.67,1.0
2024-01-17 20:00:00,740.0,21.766666666666666,38.67,1.0
2024-01-17 20:30:00,703.3333333333334,21.833333333333332,38.800000000000004,1.0
2024-01-17 21:00:00,716.6666666666666,21.899999999999995,38.67,1.0
2024-01-17 21:30:00,695.6666666666666,21.8,38.67,1.0
2024-01-17 22:00:00,704.3333333333334,21.766666666666666,38.67,1.0
2024-01-17 22:30:00,655.0,21.7,38.54,1.0
2024-01-17 23:00:00,687.0,21.7,38.67,1.0
2024-01-17 23:30:00,666.3333333333334,21.733333333333334,38.410000000000004,1.0
2024-01-18 00:00:00,601.3333333333334,21.733333333333334,38.28,1.0
2024-01-18 00:30:00,625.0,21.7,38.28,1.0
2024-01-18 01:00:00,642.6666666666666,21.8,37.89,1.0
2024-01-18 01:30:00,622.0,21.733333333333334,37.89,1.0
2024-01-18 02:00:00,592.3333333333334,21.666666666666668,37.89,1.0
2024-01-18 02:30:00,607.3333333333334,21.666666666666668,37.5,1.0
2024-01-18 03:00:00,619.6666666666666,21.600000000000005,37.5,1.0
2024-01-18 03:30:00,573.6666666666666,21.633333333333336,37.24,1.0
2024-01-18 04:00:00,579.6666666666666,21.633333333333336,37.11,1.0
2024-01-18 04:30:00,586.6666666666666,21.633333333333336,36.98,1.0
2024-01-18 05:00:00,556.0,21.600000000000005,36.98,1.0
2024-01-18 05:30:00,556.6666666666666,21.600000000000005,36.85,1.0
2024-01-18 06:00:00,551.0,21.600000000000005,36.72,1.0
2024-01-18 06:30:00,521.0,21.600000000000005,36.46,1.0
2024-01-18 07:00:00,535.6666666666666,21.600000000000005,36.33,1.0
2024-01-18 07:30:00,532.0,21.666666666666668,35.94,1.0
2024-01-18 08:00:00,531.6666666666666,21.733333333333334,35.419999999999995,1.0
2024-01-18 08:30:00,570.3333333333334,21.7,35.55,1.0
2024-01-18 09:00:00,600.3333333333334,21.633333333333336,35.68,1.0
2024-01-18 09:30:00,590.0,21.633333333333336,35.55,1.0
2024-01-18 10:00:00,576.0,21.6,35.55,1.0
2024-01-18 10:30:00,576.0,21.633333333333336,35.55,1.0
2024-01-18 11:00:00,543.3333333333334,21.7,35.29,1.0
2024-01-18 11:30:00,580.0,21.766666666666666,35.16,1.0
2024-01-18 12:00:00,584.3333333333334,21.733333333333334,35.16,1.0
2024-01-18 12:30:00,1084.3333333333333,21.833333333333332,34.766666666666666,1.0
2024-01-18 13:00:00,1837.0,22.099999999999998,38.02,1.0
2024-01-18 13:30:00,2645.6666666666665,22.266666666666666,39.97,1.0
2024-01-18 14:00:00,2344.6666666666665,22.266666666666666,38.67,1.0
2024-01-18 14:30:00,2088.3333333333335,22.433333333333334,37.5,1.0
2024-01-18 15:00:00,2448.0,22.5,38.800000000000004,1.0
2024-01-18 15:30:00,2731.6666666666665,22.5,39.71,1.0
2024-01-18 16:00:00,3348.3333333333335,22.53333333333333,41.54,1.0
2024-01-18 16:30:00,3743.6666666666665,22.633333333333336,42.449999999999996,1.0
2024-01-18 17:00:00,2263.0,22.733333333333334,36.06666666666667,1.0
2024-01-18 17:30:00,1674.5,22.65,33.59,1.0
2024-01-18 18:00:00,1516.0,22.35,33.98,1.0
2024-01-18 18:30:00,1443.5,22.2,34.38,1.0
2024-01-18 19:00:00,1354.0,22.100000000000005,34.38,1.0
2024-01-18 19:30:00,1346.0,22.3,34.24666666666667,1.0
2024-01-18 20:00:00,1286.0,22.366666666666664,33.98,1.0
2024-01-18 20:30:00,1200.0,22.2,34.38,1.0
2024-01-18 21:00:00,1140.3333333333333,22.100000000000005,34.38,1.0
2024-01-18 21:30:00,1135.0,22.0,34.77,1.0
2024-01-18 22:00:00,1100.3333333333333,22.03333333333333,34.64000000000001,1.0
2024-01-18 22:30:00,1012.6666666666666,22.266666666666666,34.24666666666667,1.0
2024-01-18 23:00:00,1001.6666666666666,22.2,34.24666666666667,1.0
2024-01-18 23:30:00,954.0,22.0,34.38,1.0
2024-01-19 00:00:00,936.0,21.933333333333334,34.64000000000001,1.0
2024-01-19 00:30:00,902.3333333333334,21.933333333333334,34.64000000000001,1.0
2024-01-19 01:00:00,915.3333333333334,22.2,34.11333333333334,1.0
2024-01-19 01:30:00,871.3333333333334,22.233333333333334,33.98,1.0
2024-01-19 02:00:00,826.0,22.133333333333336,33.98,1.0
2024-01-19 02:30:00,856.0,22.03333333333333,34.24666666666667,1.0
2024-01-19 03:00:00,812.3333333333334,22.0,34.38,1.0
2024-01-19 03:30:00,776.6666666666666,21.899999999999995,34.38,1.0
2024-01-19 04:00:00,810.6666666666666,21.933333333333334,34.38,1.0
2024-01-19 04:30:00,749.0,21.899999999999995,34.38,1.0
2024-01-19 05:00:00,772.0,21.899999999999995,34.77,1.0
2024-01-19 05:30:00,734.6666666666666,21.833333333333332,34.77,1.0
2024-01-19 06:00:00,723.0,21.8,34.77,1.0
2024-01-19 06:30:00,701.6666666666666,21.8,34.51,1.0
2024-01-19 07:00:00,698.3333333333334,21.766666666666666,34.38,1.0
2024-01-19 07:30:00,654.0,21.733333333333334,33.98,1.0
2024-01-19 08:00:00,630.6666666666666,21.8,33.85,1.0
2024-01-19 08:30:00,658.6666666666666,21.900000000000002,33.72,1.0
2024-01-19 09:00:00,890.6666666666666,21.899999999999995,35.29,1.0
2024-01-19 09:30:00,1486.3333333333333,22.099999999999998,40.88666666666666,1.0
2024-01-19 10:00:00,1777.3333333333333,22.2,42.839999999999996,1.0
2024-01-19 10:30:00,1956.3333333333333,22.2,43.879999999999995,1.0
2024-01-19 11:00:00,2139.6666666666665,22.366666666666664,43.879999999999995,1.0
2024-01-19 11:30:00,1944.6666666666667,22.400000000000002,42.32,1.0
2024-01-19 12:00:00,1799.6666666666667,22.2,40.36333333333334,1.0
2024-01-19 12:30:00,1781.6666666666667,22.100000000000005,38.93,1.0
2024-01-19 13:00:00,2127.5,22.1,41.015,1.0
2024-01-19 13:30:00,2234.3333333333335,22.400000000000002,41.016666666666666,1.0
2024-01-19 14:00:00,1810.0,22.5,38.15,1.0
2024-01-19 14:30:00,2043.0,22.4,39.06,1.0
2024-01-19 15:00:00,2127.6666666666665,22.333333333333332,39.580000000000005,1.0
2024-01-19 15:30:00,2381.6666666666665,22.366666666666664,40.23,1.0
2024-01-19 16:00:00,2191.3333333333335,22.3,39.190000000000005,1.0
2024-01-19 16:30:00,2044.0,22.266666666666666,38.93,1.0
2024-01-19 17:00:00,1996.3333333333333,22.2,38.67,1.0
2024-01-19 17:30:00,1852.0,22.100000000000005,38.67,1.0
2024-01-19 18:00:00,1733.3333333333333,22.0,38.67,1.0
2024-01-19 18:30:00,1649.3333333333333,22.2,38.02,1.0
2024-01-19 19:00:00,1558.6666666666667,22.433333333333334,37.5,1.0
2024-01-19 19:30:00,1529.0,22.333333333333332,37.5,1.0
2024-01-19 20:00:00,1474.5,22.2,37.5,1.0
2024-01-19 20:30:00,1389.0,22.133333333333336,37.5,1.0
2024-01-19 21:00:00,1406.5,22.1,37.5,1.0
2024-01-19 21:30:00,1338.6666666666667,22.100000000000005,37.5,1.0
2024-01-19 22:00:00,1339.6666666666667,22.03333333333333,37.5,1.0
2024-01-19 22:30:00,1264.6666666666667,22.03333333333333,37.5,1.0
2024-01-19 23:00:00,1212.3333333333333,22.03333333333333,37.5,1.0
2024-01-19 23:30:00,1234.0,22.0,37.5,1.0
2024-01-20 00:00:00,1217.0,22.0,37.5,1.0
2024-01-20 00:30:00,1142.3333333333333,22.0,37.37,1.0
2024-01-20 01:00:00,1088.0,21.899999999999995,37.24,1.0
2024-01-20 01:30:00,1100.6666666666667,21.899999999999995,37.11,1.0
2024-01-20 02:00:00,1047.3333333333333,21.899999999999995,37.24,1.0
2024-01-20 02:30:00,994.6666666666666,21.866666666666664,37.11,1.0
2024-01-20 03:00:00,968.6666666666666,21.866666666666664,37.11,1.0
2024-01-20 03:30:00,954.6666666666666,21.833333333333332,37.11,1.0
2024-01-20 04:00:00,925.6666666666666,21.866666666666664,37.11,1.0
2024-01-20 04:30:00,912.6666666666666,21.8,37.11,1.0
2024-01-20 05:00:00,912.3333333333334,21.866666666666664,37.11,1.0
2024-01-20 05:30:00,921.0,22.0,36.98,1.0
2024-01-20 06:00:00,866.6666666666666,22.0,36.72,1.0
2024-01-20 06:30:00,856.3333333333334,22.0,36.72,1.0
2024-01-20 07:00:00,814.0,22.0,36.72,1.0
2024-01-20 07:30:00,763.6666666666666,22.0,36.46,1.0
2024-01-20 08:00:00,756.3333333333334,22.0,36.589999999999996,1.0
2024-01-20 08:30:00,727.0,21.899999999999995,36.72,1.0
2024-01-20 09:00:00,736.0,22.2,36.199999999999996,1.0
2024-01-20 09:30:00,688.6666666666666,22.399999999999995,35.94,1.0
2024-01-20 10:00:00,655.0,22.2,36.07,1.0
2024-01-20 10:30:00,681.3333333333334,22.0,36.33,1.0
2024-01-20 11:00:00,641.0,21.933333333333334,36.33,1.0
2024-01-20 11:30:00,640.6666666666666,22.099999999999998,36.07,1.0
2024-01-20 12:00:00,658.0,22.4,35.55,1.0
2024-01-20 12:30:00,628.0,22.3,35.55,1.0
2024-01-20 13:00:00,594.6666666666666,22.066666666666666,35.94,1.0
2024-01-20 13:30:00,603.0,21.96666666666667,35.94,1.0
2024-01-20 14:00:00,583.0,22.099999999999998,35.809999999999995,1.0
2024-01-20 14:30:00,580.0,22.266666666666666,35.55,1.0
2024-01-20 15:00:00,560.3333333333334,22.266666666666666,35.16,1.0
2024-01-20 15:30:00,585.6666666666666,22.133333333333336,35.55,1.0
2024-01-20 16:00:00,562.6666666666666,21.96666666666667,35.55,1.0
2024-01-20 16:30:00,577.0,22.03333333333333,35.55,1.0
2024-01-20 17:00:00,592.5,22.35,35.16,1.0
2024-01-20 17:30:00,584.0,22.53333333333333,34.77,1.0
2024-01-20 18:00:00,559.0,22.400000000000002,34.9,1.0
2024-01-20 18:30:00,562.3333333333334,22.166666666666668,35.16,1.0
2024-01-20 19:00:00,564.3333333333334,22.066666666666666,35.55,1.0
2024-01-20 19:30:00,567.0,22.099999999999998,35.419999999999995,1.0
2024-01-20 20:00:00,570.6666666666666,22.366666666666664,35.16,1.0
2024-01-20 20:30:00,563.3333333333334,22.333333333333332,35.16,1.0
2024-01-20 21:00:00,568.0,22.133333333333336,35.419999999999995,1.0
2024-01-20 21:30:00,543.6666666666666,22.100000000000005,35.55,1.0
2024-01-20 22:00:00,566.0,22.099999999999998,35.55,1.0
2024-01-20 22:30:00,551.3333333333334,22.333333333333332,35.419999999999995,1.0
2024-01-20 23:00:00,577.3333333333334,22.366666666666664,35.16,1.0
2024-01-20 23:30:00,568.6666666666666,22.233333333333334,35.419999999999995,1.0
2024-01-21 00:00:00,575.6666666666666,22.100000000000005,35.55,1.0
2024-01-21 00:30:00,601.0,22.0,35.55,1.0
2024-01-21 01:00:00,529.5,22.3,35.355,1.0
2024-01-21 01:30:00,561.0,22.5,34.9,1.0
2024-01-21 02:00:00,537.0,22.366666666666664,34.9,1.0
2024-01-21 02:30:00,529.3333333333334,22.133333333333336,35.29,1.0
2024-01-21 03:00:00,557.3333333333334,22.03333333333333,35.55,1.0
2024-01-21 03:30:00,558.0,22.133333333333336,35.29,1.0
2024-01-21 04:00:00,583.0,22.35,34.965,1.0
2024-01-21 04:30:00,572.3333333333334,22.233333333333334,34.9,1.0
2024-01-21 05:00:00,553.6666666666666,22.100000000000005,35.16,1.0
2024-01-21 05:30:00,541.6666666666666,22.0,35.16,1.0
2024-01-21 06:00:00,538.3333333333334,22.2,34.77,1.0
2024-01-21 06:30:00,549.3333333333334,22.399999999999995,34.24666666666667,1.0
2024-01-21 07:00:00,541.0,22.233333333333334,34.24666666666667,1.0
2024-01-21 07:30:00,529.3333333333334,22.100000000000005,34.38,1.0
2024-01-21 08:00:00,497.6666666666667,21.933333333333334,34.38,1.0
2024-01-21 08:30:00,524.0,22.166666666666668,33.983333333333334,1.0
2024-01-21 09:00:00,528.0,22.433333333333334,33.330000000000005,1.0
2024-01-21 09:30:00,502.6666666666667,22.433333333333334,33.330000000000005,1.0
2024-01-21 10:00:00,516.0,22.2,33.59,1.0
2024-01-21 10:30:00,500.0,22.066666666666666,33.72,1.0
2024-01-21 11:00:00,497.3333333333333,22.03333333333333,33.59,1.0
2024-01-21 11:30:00,527.0,22.266666666666666,33.07,1.0
2024-01-21 12:00:00,530.0,22.399999999999995,32.81,1.0
2024-01-21 12:30:00,498.3333333333333,22.166666666666668,32.940000000000005,1.0
2024-01-21 13:00:00,572.3333333333334,22.100000000000005,33.2,1.0
2024-01-21 13:30:00,493.0,22.166666666666668,33.07,1.0
2024-01-21 14:00:00,518.0,22.333333333333332,32.68,1.0
2024-01-21 14:30:00,551.6666666666666,22.399999999999995,32.550000000000004,1.0
2024-01-21 15:00:00,514.6666666666666,22.399999999999995,32.68,1.0
2024-01-21 15:30:00,502.3333333333333,22.166666666666668,32.940000000000005,1.0
2024-01-21 16:00:00,500.3333333333333,22.099999999999998,33.2,1.0
2024-01-21 16:30:00,520.6666666666666,22.333333333333332,32.81,1.0
2024-01-21 17:00:00,492.0,22.3,32.81,1.0
2024-01-21 17:30:00,502.6666666666667,22.133333333333336,33.2,1.0
2024-01-21 18:00:00,493.6666666666667,22.03333333333333,33.2,1.0
2024-01-21 18:30:00,495.3333333333333,22.233333333333334,33.07,1.0
2024-01-21 19:00:00,510.6666666666667,22.566666666666666,32.81,1.0
2024-01-21 19:30:00,514.6666666666666,22.46666666666667,32.81,1.0
2024-01-21 20:00:00,537.0,22.333333333333332,33.2,1.0
2024-01-21 20:30:00,521.6666666666666,22.133333333333336,33.46,1.0
2024-01-21 21:00:00,535.6666666666666,22.2,33.59,1.0
2024-01-21 21:30:00,538.6666666666666,22.366666666666664,33.330000000000005,1.0
2024-01-21 22:00:00,537.3333333333334,22.399999999999995,33.2,1.0
2024-01-21 22:30:00,560.0,22.266666666666666,33.46,1.0
2024-01-21 23:00:00,536.0,22.2,33.59,1.0
2024-01-21 23:30:00,520.0,22.433333333333334,33.46,1.0
2024-01-22 00:00:00,537.6666666666666,22.46666666666667,33.2,1.0
2024-01-22 00:30:00,552.6666666666666,22.3,33.59,1.0
2024-01-22 01:00:00,543.0,22.166666666666668,33.59,1.0
2024-01-22 01:30:00,504.0,22.100000000000005,33.98,1.0
2024-01-22 02:00:00,558.0,22.3,33.59,1.0
2024-01-22 02:30:00,555.6666666666666,22.333333333333332,33.59,1.0
2024-01-22 03:00:00,550.3333333333334,22.266666666666666,33.59,1.0
2024-01-22 03:30:00,504.0,22.100000000000005,33.98,1.0
2024-01-22 04:00:00,548.0,22.066666666666666,33.98,1.0
2024-01-22 04:30:00,520.0,22.166666666666668,33.98,1.0
2024-01-22 05:00:00,528.6666666666666,22.3,33.98,1.0
2024-01-22 05:30:00,540.0,22.233333333333334,33.98,1.0
2024-01-22 06:00:00,510.3333333333333,22.100000000000005,34.11333333333334,1.0
2024-01-22 06:30:00,518.0,22.3,34.11333333333334,1.0
2024-01-22 07:00:00,527.3333333333334,22.46666666666667,33.98,1.0
2024-01-22 07:30:00,679.6666666666666,22.3,34.9,1.0
2024-01-22 08:00:00,636.6666666666666,22.166666666666668,35.419999999999995,1.0
2024-01-22 08:30:00,652.0,22.066666666666666,35.55,1.0
2024-01-22 09:00:00,641.6666666666666,22.133333333333336,35.55,1.0
2024-01-22 09:30:00,939.0,22.366666666666664,37.89,1.0
2024-01-22 10:00:00,977.0,22.53333333333333,38.15,1.0
2024-01-22 10:30:00,1259.0,22.75,39.255,1.0
2024-01-22 11:00:00,1432.5,22.9,40.035,1.0
2024-01-22 11:30:00,1543.6666666666667,22.96666666666667,39.84,1.0
2024-01-22 12:00:00,1654.0,23.066666666666666,40.1,1.0
2024-01-22 12:30:00,1692.5,23.0,39.84,1.0
2024-01-22 13:00:00,1884.0,22.95,40.62,1.0
2024-01-22 13:30:00,1898.3333333333333,22.899999999999995,40.49666666666667,1.0
2024-01-22 14:00:00,1560.6666666666667,22.8,39.45,1.0
2024-01-22 14:30:00,1051.0,22.7,36.98,1.0
2024-01-22 15:00:00,965.3333333333334,22.600000000000005,36.33,1.0
2024-01-22 15:30:00,1440.6666666666667,22.733333333333334,37.76,1.0
2024-01-22 16:00:00,2489.3333333333335,23.2,41.92666666666667,1.0
2024-01-22 16:30:00,2144.3333333333335,23.333333333333332,40.36333333333334,1.0
2024-01-22 17:00:00,2381.6666666666665,23.399999999999995,41.14666666666667,1.0
2024-01-22 17:30:00,2143.3333333333335,23.3,39.97,1.0
2024-01-22 18:00:00,1946.6666666666667,23.166666666666668,39.190000000000005,1.0
2024-01-22 18:30:00,1860.0,22.95,39.06,1.0
2024-01-22 19:00:00,1698.0,22.6,39.06,1.0
2024-01-22 19:30:00,1713.0,22.7,38.93,1.0
2024-01-22 20:00:00,1674.6666666666667,22.899999999999995,38.410000000000004,1.0
2024-01-22 20:30:00,1519.3333333333333,23.0,38.02,1.0
2024-01-22 21:00:00,1483.6666666666667,23.0,37.89,1.0
2024-01-22 21:30:00,1390.0,23.100000000000005,37.5,1.0
2024-01-22 22:00:00,1338.0,23.100000000000005,37.5,1.0
2024-01-22 22:30:00,1249.5,23.1,37.11,1.0
2024-01-22 23:00:00,1217.6666666666667,23.133333333333336,37.11,1.0
2024-01-22 23:30:00,1148.6666666666667,23.03333333333333,37.11,1.0
2024-01-23 00:00:00,1077.6666666666667,22.766666666666666,37.11,1.0
2024-01-23 00:30:00,1059.6666666666667,22.766666666666666,37.24,1.0
2024-01-23 01:00:00,1015.3333333333334,22.866666666666664,37.11,1.0
2024-01-23 01:30:00,1063.3333333333333,22.96666666666667,36.85,1.0
2024-01-23 02:00:00,1008.0,22.95,36.72,1.0
2024-01-23 02:30:00,946.3333333333334,22.96666666666667,36.72,1.0
2024-01-23 03:00:00,941.0,22.95,36.72,1.0
2024-01-23 03:30:00,873.0,23.0,36.72,1.0
2024-01-23 04:00:00,856.3333333333334,22.8,36.72,1.0
2024-01-23 04:30:00,858.3333333333334,22.633333333333336,36.72,1.0
2024-01-23 05:00:00,857.0,22.7,36.72,1.0
2024-01-23 05:30:00,834.6666666666666,22.866666666666664,36.46,1.0
2024-01-23 06:00:00,829.3333333333334,22.633333333333336,36.72,1.0
2024-01-23 06:30:00,746.3333333333334,22.5,36.72,1.0
2024-01-23 07:00:00,728.0,22.5,36.72,1.0
2024-01-23 07:30:00,742.6666666666666,22.7,36.46,1.0
2024-01-23 08:00:00,992.0,22.833333333333332,39.973333333333336,0.5
2024-01-23 08:30:00,1182.3333333333333,22.8,42.839999999999996,0.8333333333333334
2024-01-23 09:00:00,1466.3333333333333,22.7,44.14000000000001,1.0
2024-01-23 09:30:00,1443.6666666666667,22.633333333333336,43.49,1.0
2024-01-23 10:00:00,1328.6666666666667,22.600000000000005,42.97,1.0
2024-01-23 10:30:00,1259.6666666666667,22.5,42.71,1.0
2024-01-23 11:00:00,1275.3333333333333,22.5,42.449999999999996,1.0
2024-01-23 11:30:00,1220.6666666666667,22.5,42.059999999999995,1.0
2024-01-23 12:00:00,1318.0,22.5,41.93,1.0
2024-01-23 12:30:00,1684.3333333333333,22.600000000000005,42.839999999999996,1.0
2024-01-23 13:00:00,1748.0,22.666666666666668,42.58,1.0
2024-01-23 13:30:00,1740.3333333333333,22.600000000000005,42.32,1.0
2024-01-23 14:00:00,2229.6666666666665,22.733333333333334,43.49,1.0
2024-01-23 14:30:00,2431.0,22.733333333333334,43.879999999999995,1.0
2024-01-23 15:00:00,2119.6666666666665,22.766666666666666,42.449999999999996,1.0
2024-01-23 15:30:00,1921.3333333333333,22.733333333333334,41.8,1.0
2024-01-23 16:00:00,2248.6666666666665,22.8,42.449999999999996,1.0
2024-01-23 16:30:00,2462.6666666666665,22.8,42.97,1.0
2024-01-23 17:00:00,1920.0,22.8,41.016666666666666,1.0
2024-01-23 17:30:00,1870.6666666666667,22.7,40.62,1.0
2024-01-23 18:00:00,1768.3333333333333,22.633333333333336,40.49,1.0
2024-01-23 18:30:00,1698.0,22.566666666666666,40.23,1.0
2024-01-23 19:00:00,1651.6666666666667,22.5,40.23,1.0
2024-01-23 19:30:00,1554.0,22.5,39.84,1.0
2024-01-23 20:00:00,1508.6666666666667,22.433333333333334,39.84,1.0
2024-01-23 20:30:00,1458.0,22.399999999999995,39.84,1.0
2024-01-23 21:00:00,1457.5,22.4,39.645,1.0
2024-01-23 21:30:00,1391.0,22.399999999999995,39.45,1.0
2024-01-23 22:00:00,1329.5,22.3,39.45,1.0
2024-01-23 22:30:00,1334.3333333333333,22.3,39.45,1.0
2024-01-23 23:00:00,1250.5,22.3,39.45,1.0
2024-01-23 23:30:00,1217.5,22.3,39.255,1.0
2024-01-24 00:00:00,1218.5,22.3,39.06,1.0
2024-01-24 00:30:00,1177.3333333333333,22.3,39.06,1.0
2024-01-24 01:00:00,1172.0,22.266666666666666,39.06,1.0
2024-01-24 01:30:00,1089.6666666666667,22.233333333333334,39.06,1.0
2024-01-24 02:00:00,1065.0,22.2,39.06,1.0
2024-01-24 02:30:00,1075.6666666666667,22.2,39.06,1.0
2024-01-24 03:00:00,1040.3333333333333,22.2,39.06,1.0
2024-01-24 03:30:00,986.0,22.2,39.06,1.0
2024-01-24 04:00:00,982.6666666666666,22.2,39.06,1.0
2024-01-24 04:30:00,987.0,22.166666666666668,39.06,1.0
2024-01-24 05:00:00,918.6666666666666,22.400000000000002,38.800000000000004,1.0
2024-01-24 05:30:00,962.3333333333334,22.53333333333333,38.67,1.0
2024-01-24 06:00:00,843.6666666666666,22.599999999999998,42.57666666666666,1.0
2024-01-24 06:30:00,859.6666666666666,22.766666666666666,44.4,1.0
2024-01-24 07:00:00,949.0,22.8,42.449999999999996,1.0
2024-01-24 07:30:00,915.0,22.866666666666664,41.67,1.0
2024-01-24 08:00:00,1242.0,22.95,47.265,1.0
2024-01-24 08:30:00,1496.0,23.03333333333333,50.52,1.0
2024-01-24 09:00:00,1880.6666666666667,23.166666666666668,51.56,1.0
2024-01-24 09:30:00,2024.3333333333333,23.166666666666668,51.56,1.0
2024-01-24 10:00:00,2417.3333333333335,23.2,51.82,1.0
2024-01-24 10:30:00,2264.3333333333335,23.2,49.60999999999999,1.0
2024-01-24 11:00:00,2694.0,23.2,50.39,1.0
2024-01-24 11:30:00,2207.0,23.1,47.66,1.0
2024-01-24 12:00:00,,,,1.0
2024-01-24 12:30:00,1324.6666666666667,23.100000000000005,42.059999999999995,1.0
2024-01-24 13:00:00,1317.0,23.2,41.41,1.0
2024-01-24 13:30:00,1308.0,23.2,41.28,1.0
2024-01-24 14:00:00,1335.3333333333333,23.233333333333334,41.14333333333333,1.0
2024-01-24 14:30:00,,,,1.0
2024-01-24 15:00:00,3002.0,23.5,46.285,1.0
2024-01-24 15:30:00,3448.0,23.6,48.05,1.0
2024-01-24 16:00:00,2914.6666666666665,23.633333333333336,46.61333333333334,1.0
2024-01-24 16:30:00,1584.6666666666667,23.46666666666667,41.93,1.0
2024-01-24 17:00:00,1564.6666666666667,23.633333333333336,41.54,1.0
2024-01-24 17:30:00,1440.3333333333333,23.766666666666666,41.02,1.0
2024-01-24 18:00:00,1291.3333333333333,23.833333333333332,40.62,1.0
2024-01-24 18:30:00,1277.3333333333333,23.899999999999995,40.23,1.0
2024-01-24 19:00:00,1138.5,23.9,39.84,1.0
2024-01-24 19:30:00,1104.5,24.0,39.84,1.0
2024-01-24 20:00:00,1057.0,24.0,39.580000000000005,1.0
2024-01-24 20:30:00,996.6666666666666,24.0,39.32,1.0
2024-01-24 21:00:00,997.0,24.066666666666666,39.06,1.0
2024-01-24 21:30:00,952.6666666666666,24.03333333333333,39.06,1.0
2024-01-24 22:00:00,922.6666666666666,24.100000000000005,38.800000000000004,1.0
2024-01-24 22:30:00,915.0,24.100000000000005,38.67,1.0
2024-01-24 23:00:00,859.5,24.1,38.475,1.0
2024-01-24 23:30:00,782.0,24.166666666666668,38.28,1.0
2024-01-25 00:00:00,752.6666666666666,24.166666666666668,38.28,1.0
2024-01-25 00:30:00,779.0,24.2,37.89,1.0
2024-01-25 01:00:00,763.6666666666666,24.2,37.89,1.0
2024-01-25 01:30:00,758.0,24.233333333333334,37.89,1.0
2024-01-25 02:00:00,701.5,24.2,37.695,1.0
2024-01-25 02:30:00,702.6666666666666,24.266666666666666,37.5,1.0
2024-01-25 03:00:00,681.0,24.266666666666666,37.5,1.0
2024-01-25 03:30:00,668.6666666666666,24.3,37.24,1.0
2024-01-25 04:00:00,692.3333333333334,24.3,37.11,1.0
2024-01-25 04:30:00,660.5,24.3,37.11,1.0
2024-01-25 05:00:00,680.0,24.3,37.11,1.0
2024-01-25 05:30:00,616.0,24.3,37.11,1.0
2024-01-25 06:00:00,635.0,24.3,36.72,1.0
2024-01-25 06:30:00,633.6666666666666,24.3,36.46,1.0
2024-01-25 07:00:00,624.0,24.266666666666666,36.33,1.0
2024-01-25 07:30:00,638.0,24.3,36.33,1.0
2024-01-25 08:00:00,746.6666666666666,24.099999999999998,37.76,0.8
2024-01-25 08:30:00,850.0,23.46666666666667,37.76,0.0
2024-01-25 09:00:00,1145.6666666666667,23.599999999999998,38.15,0.8
2024-01-25 09:30:00,1305.0,23.7,38.67,1.0
2024-01-25 10:00:00,1338.3333333333333,23.7,38.02,1.0
2024-01-25 10:30:00,1387.0,23.733333333333334,37.89,1.0
2024-01-25 11:00:00,1284.0,23.7,37.5,1.0
2024-01-25 11:30:00,1176.3333333333333,23.566666666666666,36.589999999999996,1.0
2024-01-25 12:00:00,1242.3333333333333,23.53333333333333,36.46,1.0
2024-01-25 12:30:00,1397.6666666666667,23.633333333333336,37.24,1.0
2024-01-25 13:00:00,1697.0,23.7,38.67,1.0
2024-01-25 13:30:00,2104.5,23.7,39.84,1.0
2024-01-25 14:00:00,2083.0,23.7,40.035,1.0
2024-01-25 14:30:00,1931.3333333333333,23.666666666666668,39.190000000000005,1.0
2024-01-25 15:00:00,2025.3333333333333,23.7,39.45,1.0
2024-01-25 15:30:00,2011.6666666666667,23.600000000000005,39.45,1.0
2024-01-25 16:00:00,2263.0,23.633333333333336,40.23,1.0
2024-01-25 16:30:00,2451.3333333333335,23.633333333333336,41.41,1.0
2024-01-25 17:00:00,2721.6666666666665,23.7,41.93,1.0
2024-01-25 17:30:00,2256.3333333333335,23.633333333333336,40.75666666666667,1.0
2024-01-25 18:00:00,1420.0,23.5,37.89,1.0
2024-01-25 18:30:00,1414.3333333333333,23.733333333333334,37.37,1.0
2024-01-25 19:00:00,1304.0,23.933333333333334,37.11,1.0
2024-01-25 19:30:00,1257.6666666666667,24.0,36.98,1.0
2024-01-25 20:00:00,1212.6666666666667,24.03333333333333,36.72,1.0
2024-01-25 20:30:00,1091.6666666666667,24.133333333333336,36.589999999999996,1.0
2024-01-25 21:00:00,1042.3333333333333,24.133333333333336,36.33,1.0
2024-01-25 21:30:00,1007.6666666666666,24.166666666666668,36.33,1.0
2024-01-25 22:00:00,1012.6666666666666,24.2,35.94,1.0
2024-01-25 22:30:00,962.0,24.233333333333334,35.94,1.0
2024-01-25 23:00:00,947.0,24.25,35.94,1.0
2024-01-25 23:30:00,927.6666666666666,24.3,35.809999999999995,1.0
2024-01-26 00:00:00,866.6666666666666,24.333333333333332,35.55,1.0
2024-01-26 00:30:00,853.0,24.399999999999995,35.55,1.0
2024-01-26 01:00:00,850.3333333333334,24.366666666666664,35.419999999999995,1.0
2024-01-26 01:30:00,800.0,24.4,35.16,1.0
2024-01-26 02:00:00,764.0,24.433333333333334,35.16,1.0
2024-01-26 02:30:00,767.3333333333334,24.46666666666667,35.16,1.0
2024-01-26 03:00:00,728.6666666666666,24.399999999999995,35.16,1.0
2024-01-26 03:30:00,758.0,24.46666666666667,34.9,1.0
2024-01-26 04:00:00,724.0,24.399999999999995,34.9,1.0
2024-01-26 04:30:00,749.0,24.46666666666667,34.77,1.0
2024-01-26 05:00:00,686.0,24.46666666666667,34.77,1.0
2024-01-26 05:30:00,666.6666666666666,24.433333333333334,34.77,1.0
2024-01-26 06:00:00,660.3333333333334,24.5,34.77,1.0
2024-01-26 06:30:00,624.0,24.399999999999995,34.77,1.0
2024-01-26 07:00:00,710.6666666666666,24.433333333333334,34.64000000000001,1.0
2024-01-26 07:30:00,673.6666666666666,24.53333333333333,34.38,1.0
2024-01-26 08:00:00,670.6666666666666,24.566666666666666,34.24666666666667,1.0
2024-01-26 08:30:00,815.5,24.4,34.18000000000001,1.0
2024-01-26 09:00:00,1052.6666666666667,24.366666666666664,36.72,0.5
2024-01-26 09:30:00,869.6666666666666,23.96666666666667,37.24,0.16666666666666666
2024-01-26 10:00:00,1198.3333333333333,23.866666666666664,38.67,1.0
2024-01-26 10:30:00,1655.0,23.95,40.43000000000001,1.0
2024-01-26 11:00:00,1632.0,24.0,39.645,1.0
2024-01-26 11:30:00,1343.3333333333333,23.733333333333334,39.45,1.0
2024-01-26 12:00:00,1311.0,23.6,39.84,1.0
2024-01-26 12:30:00,2013.0,23.8,42.19,1.0
2024-01-26 13:00:00,2608.0,23.9,44.53,1.0
2024-01-26 13:30:00,1650.0,23.8,40.75333333333333,1.0
2024-01-26 14:00:00,1316.3333333333333,23.566666666666666,39.84,1.0
2024-01-26 14:30:00,1672.5,23.45,41.02,1.0
2024-01-26 15:00:00,1624.0,23.46666666666667,41.016666666666666,1.0
2024-01-26 15:30:00,1496.3333333333333,23.399999999999995,40.62,1.0
2024-01-26 16:00:00,1571.0,23.333333333333332,41.669999999999995,1.0
2024-01-26 16:30:00,1510.6666666666667,23.3,41.666666666666664,1.0
2024-01-26 17:00:00,1337.0,23.2,39.19,1.0
2024-01-26 17:30:00,1650.3333333333333,23.233333333333334,40.23,1.0
2024-01-26 18:00:00,1875.0,23.3,41.016666666666666,1.0
2024-01-26 18:30:00,2100.6666666666665,23.3,41.8,1.0
2024-01-26 19:00:00,2084.0,23.35,41.41,1.0
2024-01-26 19:30:00,1764.0,23.266666666666666,40.35999999999999,1.0
2024-01-26 20:00:00,1723.0,23.166666666666668,39.97,1.0
2024-01-26 20:30:00,1635.6666666666667,23.100000000000005,39.84,1.0
2024-01-26 21:00:00,1589.3333333333333,23.0,39.45,1.0
2024-01-26 21:30:00,1476.3333333333333,23.0,39.45,1.0
2024-01-26 22:00:00,1405.3333333333333,22.899999999999995,39.45,1.0
2024-01-26 22:30:00,1414.3333333333333,22.899999999999995,39.45,1.0
2024-01-26 23:00:00,1377.6666666666667,22.8,39.06,1.0
2024-01-26 23:30:00,1295.3333333333333,22.8,39.06,1.0
2024-01-27 00:00:00,1233.0,22.766666666666666,39.06,1.0
2024-01-27 00:30:00,1197.3333333333333,22.7,39.06,1.0
2024-01-27 01:00:00,1144.0,22.7,39.06,1.0
2024-01-27 01:30:00,1102.6666666666667,22.666666666666668,39.06,1.0
2024-01-27 02:00:00,1136.3333333333333,22.600000000000005,38.67,1.0
2024-01-27 02:30:00,1056.6666666666667,22.600000000000005,38.67,1.0
2024-01-27 03:00:00,1048.0,22.566666666666666,38.67,1.0
2024-01-27 03:30:00,1033.6666666666667,22.53333333333333,38.67,1.0
2024-01-27 04:00:00,1000.3333333333334,22.53333333333333,38.67,1.0
2024-01-27 04:30:00,977.0,22.5,38.67,1.0
2024-01-27 05:00:00,932.6666666666666,22.433333333333334,38.67,1.0
2024-01-27 05:30:00,929.3333333333334,22.399999999999995,38.67,1.0
2024-01-27 06:00:00,890.0,22.366666666666664,38.67,1.0
2024-01-27 06:30:00,924.6666666666666,22.3,38.410000000000004,1.0
2024-01-27 07:00:00,836.3333333333334,22.3,38.28,1.0
2024-01-27 07:30:00,813.3333333333334,22.3,38.28,1.0
2024-01-27 08:00:00,864.0,22.25,38.28,1.0
2024-01-27 08:30:00,817.0,22.266666666666666,38.28,1.0
2024-01-27 09:00:00,766.3333333333334,22.233333333333334,38.28,1.0
2024-01-27 09:30:00,749.3333333333334,22.266666666666666,37.89,1.0
2024-01-27 10:00:00,806.0,22.266666666666666,37.89,1.0
2024-01-27 10:30:00,780.0,22.233333333333334,37.89,1.0
2024-01-27 11:00:00,746.3333333333334,22.2,37.89,1.0
2024-01-27 11:30:00,741.6666666666666,22.2,37.89,1.0
2024-01-27 12:00:00,754.0,22.2,37.89,1.0
2024-01-27 12:30:00,707.6666666666666,22.2,38.02,1.0
2024-01-27 13:00:00,681.0,22.2,37.89,1.0
2024-01-27 13:30:00,722.0,22.166666666666668,38.02,1.0
2024-01-27 14:00:00,680.0,22.166666666666668,38.02,1.0
2024-01-27 14:30:00,675.6666666666666,22.100000000000005,37.89,1.0
2024-01-27 15:00:00,650.6666666666666,22.100000000000005,38.15,1.0
2024-01-27 15:30:00,663.6666666666666,22.100000000000005,38.02,1.0
2024-01-27 16:00:00,659.6666666666666,22.100000000000005,38.28,1.0
2024-01-27 16:30:00,640.0,22.100000000000005,37.89,1.0
2024-01-27 17:00:00,661.3333333333334,22.066666666666666,38.02,1.0
2024-01-27 17:30:00,645.3333333333334,22.0,37.89,1.0
2024-01-27 18:00:00,575.5,22.0,37.89,1.0
2024-01-27 18:30:00,606.6666666666666,22.0,37.89,1.0
2024-01-27 19:00:00,605.0,22.0,38.02,1.0
2024-01-27 19:30:00,565.0,22.0,37.89,1.0
2024-01-27 20:00:00,576.6666666666666,22.0,37.89,1.0
2024-01-27 20:30:00,575.3333333333334,22.0,37.89,1.0
2024-01-27 21:00:00,603.0,21.96666666666667,37.89,1.0
2024-01-27 21:30:00,617.0,21.96666666666667,37.89,1.0
2024-01-27 22:00:00,542.3333333333334,21.96666666666667,37.89,1.0
2024-01-27 22:30:00,579.0,21.96666666666667,37.89,1.0
2024-01-27 23:00:00,571.6666666666666,21.899999999999995,37.89,1.0
2024-01-27 23:30:00,547.6666666666666,21.899999999999995,37.89,1.0
2024-01-28 00:00:00,560.3333333333334,21.899999999999995,37.89,1.0
2024-01-28 00:30:00,528.3333333333334,21.899999999999995,37.89,1.0
2024-01-28 01:00:00,535.6666666666666,21.899999999999995,37.89,1.0
2024-01-28 01:30:00,560.3333333333334,21.866666666666664,37.89,1.0
2024-01-28 02:00:00,551.6666666666666,21.866666666666664,37.89,1.0
2024-01-28 02:30:00,533.0,21.899999999999995,37.89,1.0
2024-01-28 03:00:00,548.3333333333334,21.866666666666664,37.76,1.0
2024-01-28 03:30:00,522.6666666666666,21.8,37.89,1.0
2024-01-28 04:00:00,529.3333333333334,21.866666666666664,37.63,1.0
2024-01-28 04:30:00,523.6666666666666,21.8,37.76,1.0
2024-01-28 05:00:00,578.3333333333334,21.8,37.5,1.0
2024-01-28 05:30:00,524.0,21.8,37.5,1.0
2024-01-28 06:00:00,527.6666666666666,21.8,37.5,1.0
2024-01-28 06:30:00,536.6666666666666,21.8,37.5,1.0
2024-01-28 07:00:00,532.3333333333334,21.8,37.5,1.0
2024-01-28 07:30:00,513.3333333333334,21.8,37.5,1.0
2024-01-28 08:00:00,531.6666666666666,21.8,37.37,1.0
2024-01-28 08:30:00,537.6666666666666,21.733333333333334,37.5,1.0
2024-01-28 09:00:00,518.3333333333334,21.7,37.5,1.0
2024-01-28 09:30:00,522.0,21.7,37.5,1.0
2024-01-28 10:00:00,495.6666666666667,21.7,37.5,1.0
2024-01-28 10:30:00,531.0,21.7,37.37,1.0
2024-01-28 11:00:00,511.6666666666667,21.666666666666668,37.5,1.0
2024-01-28 11:30:00,540.0,21.75,37.5,1.0
2024-01-28 12:00:00,483.6666666666667,21.7,37.11,1.0
2024-01-28 12:30:00,528.3333333333334,21.733333333333334,37.11,1.0
2024-01-28 13:00:00,525.0,21.8,37.11,1.0
2024-01-28 13:30:00,562.0,21.8,37.11,1.0
2024-01-28 14:00:00,521.3333333333334,21.833333333333332,37.11,1.0
2024-01-28 14:30:00,508.6666666666667,21.8,37.11,1.0
2024-01-28 15:00:00,516.0,21.833333333333332,36.85,1.0
2024-01-28 15:30:00,510.0,21.866666666666664,36.72,1.0
2024-01-28 16:00:00,494.3333333333333,21.899999999999995,36.72,1.0
2024-01-28 16:30:00,520.0,21.899999999999995,36.72,1.0
2024-01-28 17:00:00,544.0,21.899999999999995,36.72,1.0
2024-01-28 17:30:00,563.0,21.899999999999995,36.72,1.0
2024-01-28 18:00:00,530.3333333333334,21.899999999999995,36.72,1.0
2024-01-28 18:30:00,555.0,21.866666666666664,36.72,1.0
2024-01-28 19:00:00,510.6666666666667,21.899999999999995,36.589999999999996,1.0
2024-01-28 19:30:00,543.0,21.866666666666664,36.33,1.0
2024-01-28 20:00:00,506.3333333333333,21.899999999999995,36.33,1.0
2024-01-28 20:30:00,538.6666666666666,21.899999999999995,36.33,1.0
2024-01-28 21:00:00,518.3333333333334,21.833333333333332,36.33,1.0
2024-01-28 21:30:00,535.3333333333334,21.899999999999995,36.33,1.0
2024-01-28 22:00:00,502.3333333333333,21.866666666666664,36.33,1.0
2024-01-28 22:30:00,488.0,21.8,36.33,1.0
2024-01-28 23:00:00,541.3333333333334,21.766666666666666,36.33,1.0
2024-01-28 23:30:00,527.5,21.8,36.33,1.0
2024-01-29 00:00:00,534.0,21.8,36.33,1.0
2024-01-29 00:30:00,529.0,21.766666666666666,36.33,1.0
2024-01-29 01:00:00,521.6666666666666,21.733333333333334,36.33,1.0
2024-01-29 01:30:00,520.6666666666666,21.733333333333334,36.33,1.0
2024-01-29 02:00:00,512.0,21.733333333333334,36.33,1.0
2024-01-29 02:30:00,494.6666666666667,21.7,36.33,1.0
2024-01-29 03:00:00,537.0,21.7,36.33,1.0
2024-01-29 03:30:00,482.6666666666667,21.7,36.33,1.0
2024-01-29 04:00:00,499.6666666666667,21.7,36.33,1.0
2024-01-29 04:30:00,488.6666666666667,21.7,36.199999999999996,1.0
2024-01-29 05:00:00,460.0,21.7,36.33,1.0
2024-01-29 05:30:00,458.6666666666667,21.7,36.199999999999996,1.0
2024-01-29 06:00:00,483.6666666666667,21.633333333333336,35.94,1.0
2024-01-29 06:30:00,482.6666666666667,21.633333333333336,35.94,1.0
2024-01-29 07:00:00,489.0,21.633333333333336,36.07,1.0
2024-01-29 07:30:00,528.0,21.600000000000005,35.94,1.0
2024-01-29 08:00:00,677.3333333333334,21.566666666666666,37.11,0.3333333333333333
2024-01-29 08:30:00,1041.6666666666667,21.599999999999998,38.15,0.8333333333333334
2024-01-29 09:00:00,1353.6666666666667,21.833333333333332,39.32,1.0
2024-01-29 09:30:00,1665.6666666666667,21.933333333333334,40.35999999999999,1.0
2024-01-29 10:00:00,1913.3333333333333,22.03333333333333,40.75333333333333,1.0
2024-01-29 10:30:00,2064.0,22.1,41.02,1.0
2024-01-29 11:00:00,2376.0,22.2,41.41,1.0
2024-01-29 11:30:00,2631.5,22.3,41.8,1.0
2024-01-29 12:00:00,2586.6666666666665,22.2,41.016666666666666,1.0
2024-01-29 12:30:00,2353.6666666666665,22.166666666666668,40.23,1.0
2024-01-29 13:00:00,2749.0,22.266666666666666,41.41,1.0
2024-01-29 13:30:00,3071.6666666666665,22.366666666666664,42.32,1.0
2024-01-29 14:00:00,3316.3333333333335,22.399999999999995,42.71,1.0
2024-01-29 14:30:00,3102.3333333333335,22.433333333333334,41.800000000000004,1.0
2024-01-29 15:00:00,3190.6666666666665,22.399999999999995,42.19,1.0
2024-01-29 15:30:00,3289.6666666666665,22.5,42.449999999999996,1.0
2024-01-29 16:00:00,3409.3333333333335,22.566666666666666,43.1,1.0
2024-01-29 16:30:00,3613.0,22.55,43.36,1.0
2024-01-29 17:00:00,3614.3333333333335,22.53333333333333,43.23,1.0
2024-01-29 17:30:00,3454.3333333333335,22.433333333333334,42.58,1.0
2024-01-29 18:00:00,3286.3333333333335,22.333333333333332,42.059999999999995,1.0
2024-01-29 18:30:00,3129.6666666666665,22.3,41.41,1.0
2024-01-29 19:00:00,2931.0,22.233333333333334,40.88666666666666,1.0
2024-01-29 19:30:00,2802.0,22.2,40.62,1.0
2024-01-29 20:00:00,2664.0,22.2,40.23,1.0
2024-01-29 20:30:00,2533.3333333333335,22.166666666666668,40.1,1.0
2024-01-29 21:00:00,2443.6666666666665,22.2,39.84,1.0
2024-01-29 21:30:00,2418.3333333333335,22.133333333333336,39.84,1.0
2024-01-29 22:00:00,2223.0,22.100000000000005,39.45,1.0
2024-01-29 22:30:00,2127.3333333333335,22.100000000000005,39.45,1.0
2024-01-29 23:00:00,2111.0,22.100000000000005,39.06,1.0
2024-01-29 23:30:00,1970.0,22.100000000000005,39.06,1.0
2024-01-30 00:00:00,1904.6666666666667,22.066666666666666,38.93,1.0
2024-01-30 00:30:00,1820.3333333333333,22.066666666666666,38.67,1.0
2024-01-30 01:00:00,1760.3333333333333,22.0,38.67,1.0
2024-01-30 01:30:00,1610.3333333333333,22.0,38.67,1.0
2024-01-30 02:00:00,1583.6666666666667,22.0,38.67,1.0
2024-01-30 02:30:00,1544.6666666666667,22.0,38.410000000000004,1.0
2024-01-30 03:00:00,1548.3333333333333,22.0,38.28,1.0
2024-01-30 03:30:00,1433.6666666666667,21.933333333333334,38.28,1.0
2024-01-30 04:00:00,1403.0,21.899999999999995,38.28,1.0
2024-01-30 04:30:00,1355.6666666666667,21.96666666666667,38.28,1.0
2024-01-30 05:00:00,1266.6666666666667,21.899999999999995,38.28,1.0
2024-01-30 05:30:00,1235.0,21.933333333333334,38.28,1.0
2024-01-30 06:00:00,1174.3333333333333,21.899999999999995,38.28,1.0
2024-01-30 06:30:00,1181.3333333333333,21.899999999999995,38.28,1.0
2024-01-30 07:00:00,1107.0,21.899999999999995,38.28,1.0
2024-01-30 07:30:00,1144.6666666666667,21.899999999999995,38.28,1.0
2024-01-30 08:00:00,1082.0,21.899999999999995,39.973333333333336,1.0
2024-01-30 08:30:00,1210.3333333333333,21.96666666666667,43.75,1.0
2024-01-30 09:00:00,1475.0,22.1,45.505,1.0
2024-01-30 09:30:00,1767.5,22.2,46.09,1.0
2024-01-30 10:00:00,1809.0,22.233333333333334,45.57,1.0
2024-01-30 10:30:00,2052.0,22.3,45.7,1.0
2024-01-30 11:00:00,1947.6666666666667,22.399999999999995,44.660000000000004,1.0
2024-01-30 11:30:00,1451.3333333333333,22.333333333333332,42.32,1.0
2024-01-30 12:00:00,1363.6666666666667,22.3,41.8,1.0
2024-01-30 12:30:00,1628.0,22.399999999999995,42.71,0.0
2024-01-30 13:00:00,880.6666666666666,22.233333333333334,39.97,0.8
2024-01-30 13:30:00,1358.3333333333333,22.3,41.669999999999995,1.0
2024-01-30 14:00:00,1745.3333333333333,22.399999999999995,42.449999999999996,1.0
2024-01-30 14:30:00,1923.0,22.5,42.58,1.0
2024-01-30 15:00:00,1711.0,22.5,41.605,1.0
2024-01-30 15:30:00,2295.5,22.6,43.36,1.0
2024-01-30 16:00:00,2471.0,22.9,42.58,1.0
2024-01-30 16:30:00,2335.3333333333335,22.733333333333334,42.58,1.0
2024-01-30 17:00:00,2211.0,22.566666666666666,42.32,1.0
2024-01-30 17:30:00,2045.5,22.5,41.995,1.0
2024-01-30 18:00:00,1953.0,22.46666666666667,41.54,1.0
2024-01-30 18:30:00,1871.0,22.46666666666667,41.28,1.0
2024-01-30 19:00:00,1797.6666666666667,22.399999999999995,41.02,1.0
2024-01-30 19:30:00,1758.0,22.399999999999995,40.88666666666666,1.0
2024-01-30 20:00:00,1661.0,22.433333333333334,40.62,1.0
2024-01-30 20:30:00,1653.0,22.399999999999995,40.62,1.0
2024-01-30 21:00:00,1594.6666666666667,22.399999999999995,40.62,1.0
2024-01-30 21:30:00,1512.6666666666667,22.399999999999995,40.62,1.0
2024-01-30 22:00:00,1489.0,22.399999999999995,40.23,1.0
2024-01-30 22:30:00,1401.6666666666667,22.399999999999995,40.23,1.0
2024-01-30 23:00:00,1378.0,22.399999999999995,40.23,1.0
2024-01-30 23:30:00,1333.3333333333333,22.399999999999995,40.23,1.0
2024-01-31 00:00:00,1306.6666666666667,22.399999999999995,40.23,1.0
2024-01-31 00:30:00,1205.3333333333333,22.399999999999995,39.97,1.0
2024-01-31 01:00:00,1221.0,22.399999999999995,39.84,1.0
2024-01-31 01:30:00,1172.5,22.4,39.84,1.0
2024-01-31 02:00:00,1149.3333333333333,22.3,39.84,1.0
2024-01-31 02:30:00,1134.5,22.3,39.84,1.0
2024-01-31 03:00:00,1136.5,22.3,39.84,1.0
2024-01-31 03:30:00,1072.6666666666667,22.3,39.84,1.0
2024-01-31 04:00:00,1041.6666666666667,22.3,39.84,1.0
2024-01-31 04:30:00,1024.5,22.25,39.84,1.0
2024-01-31 05:00:00,984.0,22.233333333333334,39.71,1.0
2024-01-31 05:30:00,972.3333333333334,22.233333333333334,39.45,1.0
2024-01-31 06:00:00,886.0,22.233333333333334,39.45,1.0
2024-01-31 06:30:00,869.0,22.2,39.45,1.0
2024-01-31 07:00:00,915.0,22.2,39.32,1.0
2024-01-31 07:30:00,847.0,22.2,39.32,1.0
2024-01-31 08:00:00,834.0,22.2,39.06,1.0
2024-01-31 08:30:00,818.0,22.2,39.06,1.0
2024-01-31 09:00:00,825.0,22.2,39.06,1.0
2024-01-31 09:30:00,777.0,22.3,39.06,1.0
2024-01-31 10:00:00,811.0,22.3,38.800000000000004,1.0
2024-01-31 10:30:00,806.0,22.333333333333332,38.67,1.0
2024-01-31 11:00:00,798.6666666666666,22.3,38.67,1.0
2024-01-31 11:30:00,837.6666666666666,22.3,38.67,1.0
2024-01-31 12:00:00,814.6666666666666,22.3,38.67,1.0
2024-01-31 12:30:00,799.3333333333334,22.333333333333332,38.67,1.0
2024-01-31 13:00:00,850.3333333333334,22.366666666666664,38.54,1.0
2024-01-31 13:30:00,819.0,22.366666666666664,38.67,1.0
2024-01-31 14:00:00,809.0,22.399999999999995,38.67,1.0
2024-01-31 14:30:00,908.0,22.399999999999995,38.67,1.0
2024-01-31 15:00:00,908.6666666666666,22.399999999999995,38.28,1.0
2024-01-31 15:30:00,912.6666666666666,22.399999999999995,38.28,1.0
2024-01-31 16:00:00,932.6666666666666,22.399999999999995,38.28,1.0
2024-01-31 16:30:00,943.6666666666666,22.399999999999995,38.28,1.0
2024-01-31 17:00:00,945.6666666666666,22.399999999999995,38.28,1.0
2024-01-31 17:30:00,891.3333333333334,22.399999999999995,38.15,1.0
2024-01-31 18:00:00,897.3333333333334,22.399999999999995,37.89,1.0
2024-01-31 18:30:00,897.0,22.399999999999995,37.89,1.0
2024-01-31 19:00:00,895.6666666666666,22.366666666666664,37.89,1.0
2024-01-31 19:30:00,935.6666666666666,22.366666666666664,37.89,1.0
2024-01-31 20:00:00,890.0,22.333333333333332,37.89,1.0
2024-01-31 20:30:00,922.3333333333334,22.399999999999995,37.89,1.0
2024-01-31 21:00:00,866.3333333333334,22.333333333333332,37.89,1.0
2024-01-31 21:30:00,897.0,22.333333333333332,37.89,1.0
2024-01-31 22:00:00,931.3333333333334,22.3,37.89,1.0
2024-01-31 22:30:00,887.0,22.3,37.89,1.0
2024-01-31 23:00:00,866.6666666666666,22.3,37.89,1.0
2024-01-31 23:30:00,896.6666666666666,22.3,37.89,1.0
2024-02-01 00:00:00,874.6666666666666,22.266666666666666,37.89,1.0
2024-02-01 00:30:00,876.6666666666666,22.233333333333334,37.89,1.0
2024-02-01 01:00:00,840.6666666666666,22.233333333333334,37.89,1.0
2024-02-01 01:30:00,850.6666666666666,22.2,37.89,1.0
2024-02-01 02:00:00,843.6666666666666,22.2,37.89,1.0
2024-02-01 02:30:00,806.5,22.2,37.89,1.0
2024-02-01 03:00:00,773.0,22.2,37.89,1.0
2024-02-01 03:30:00,799.0,22.2,37.89,1.0
2024-02-01 04:00:00,788.6666666666666,22.166666666666668,37.89,1.0
2024-02-01 04:30:00,737.5,22.2,37.89,1.0
2024-02-01 05:00:00,791.0,22.2,37.89,1.0
2024-02-01 05:30:00,739.25,22.1,37.89,1.0
2024-02-01 06:00:00,710.5,22.1,37.89,1.0
2024-02-01 06:30:00,787.0,22.100000000000005,37.89,1.0
2024-02-01 07:00:00,727.0,22.100000000000005,37.63,1.0
2024-02-01 07:30:00,726.6666666666666,22.100000000000005,37.63,1.0
2024-02-01 08:00:00,716.0,22.1,37.5,1.0
2024-02-01 08:30:00,712.0,22.2,37.5,1.0
2024-02-01 09:00:00,680.0,22.2,37.5,1.0
2024-02-01 09:30:00,761.0,22.166666666666668,37.5,1.0
2024-02-01 10:00:00,738.6666666666666,22.2,37.5,1.0
2024-02-01 10:30:00,716.6666666666666,22.2,37.5,1.0
2024-02-01 11:00:00,726.6666666666666,22.266666666666666,37.5,1.0
2024-02-01 11:30:00,689.6666666666666,22.2,37.5,1.0
2024-02-01 12:00:00,727.3333333333334,22.3,37.5,1.0
2024-02-01 12:30:00,714.0,22.266666666666666,37.5,1.0
2024-02-01 13:00:00,717.6666666666666,22.233333333333334,37.37,1.0
2024-02-01 13:30:00,693.6666666666666,22.266666666666666,37.11,1.0
2024-02-01 14:00:00,713.0,22.3,37.11,1.0
2024-02-01 14:30:00,709.5,22.3,37.11,1.0
2024-02-01 15:00:00,736.0,22.3,37.11,1.0
2024-02-01 15:30:00,749.0,22.3,37.11,1.0
2024-02-01 16:00:00,806.0,22.3,37.11,1.0
2024-02-01 16:30:00,731.3333333333334,22.266666666666666,37.11,1.0
2024-02-01 17:00:00,733.3333333333334,22.266666666666666,37.11,1.0
2024-02-01 17:30:00,717.6666666666666,22.2,37.11,1.0
2024-02-01 18:00:00,724.0,22.233333333333334,37.11,1.0
2024-02-01 18:30:00,730.0,22.2,36.85,1.0
2024-02-01 19:00:00,681.6666666666666,22.2,36.72,1.0
2024-02-01 19:30:00,708.3333333333334,22.233333333333334,36.72,1.0
2024-02-01 20:00:00,699.0,22.3,36.72,1.0
2024-02-01 20:30:00,731.6666666666666,22.3,36.72,1.0
2024-02-01 21:00:00,717.6666666666666,22.266666666666666,36.72,1.0
2024-02-01 21:30:00,728.0,22.266666666666666,36.72,1.0
2024-02-01 22:00:00,699.6666666666666,22.2,36.72,1.0
2024-02-01 22:30:00,722.0,22.3,36.72,1.0
2024-02-01 23:00:00,682.3333333333334,22.2,36.72,1.0
2024-02-01 23:30:00,696.0,22.233333333333334,36.72,1.0
2024-02-02 00:00:00,653.0,22.2,36.72,1.0
2024-02-02 00:30:00,660.0,22.2,36.72,1.0
2024-02-02 01:00:00,664.3333333333334,22.133333333333336,36.72,1.0
2024-02-02 01:30:00,637.0,22.15,36.72,1.0
2024-02-02 02:00:00,642.6666666666666,22.166666666666668,36.72,1.0
2024-02-02 02:30:00,652.0,22.133333333333336,36.72,1.0
2024-02-02 03:00:00,630.6666666666666,22.133333333333336,36.72,1.0
2024-02-02 03:30:00,653.6666666666666,22.100000000000005,36.72,1.0
2024-02-02 04:00:00,638.3333333333334,22.100000000000005,36.72,1.0
2024-02-02 04:30:00,631.6666666666666,22.100000000000005,36.72,1.0
2024-02-02 05:00:00,634.0,22.100000000000005,36.85,1.0
2024-02-02 05:30:00,626.3333333333334,22.066666666666666,36.98,1.0
2024-02-02 06:00:00,632.3333333333334,22.03333333333333,36.98,1.0
2024-02-02 06:30:00,642.0,22.0,37.11,1.0
2024-02-02 07:00:00,618.3333333333334,22.03333333333333,37.11,1.0
2024-02-02 07:30:00,611.0,22.066666666666666,37.11,1.0
2024-02-02 08:00:00,601.5,22.05,37.11,1.0
2024-02-02 08:30:00,562.3333333333334,22.066666666666666,37.11,1.0
2024-02-02 09:00:00,591.3333333333334,22.066666666666666,37.11,1.0
2024-02-02 09:30:00,602.6666666666666,22.066666666666666,37.11,1.0
2024-02-02 10:00:00,647.0,22.100000000000005,37.11,1.0
2024-02-02 10:30:00,646.3333333333334,22.100000000000005,37.11,1.0
2024-02-02 11:00:00,668.3333333333334,22.133333333333336,37.11,1.0
2024-02-02 11:30:00,647.6666666666666,22.166666666666668,37.11,1.0
2024-02-02 12:00:00,669.3333333333334,22.2,37.24,1.0
2024-02-02 12:30:00,695.3333333333334,22.166666666666668,37.5,1.0
2024-02-02 13:00:00,674.6666666666666,22.2,37.5,1.0
2024-02-02 13:30:00,689.0,22.2,37.5,1.0
2024-02-02 14:00:00,699.0,22.2,37.5,1.0
2024-02-02 14:30:00,783.6666666666666,22.233333333333334,37.5,1.0
2024-02-02 15:00:00,752.0,22.2,37.63,1.0
2024-02-02 15:30:00,756.0,22.233333333333334,37.76,1.0
2024-02-02 16:00:00,780.0,22.233333333333334,37.89,1.0
2024-02-02 16:30:00,785.3333333333334,22.233333333333334,37.89,1.0
2024-02-02 17:00:00,802.0,22.2,37.89,1.0
2024-02-02 17:30:00,782.3333333333334,22.233333333333334,38.02,1.0
2024-02-02 18:00:00,773.0,22.2,38.02,1.0
2024-02-02 18:30:00,795.6666666666666,22.2,38.28,1.0
2024-02-02 19:00:00,788.6666666666666,22.266666666666666,38.28,1.0
2024-02-02 19:30:00,786.6666666666666,22.2,38.28,1.0
2024-02-02 20:00:00,766.3333333333334,22.233333333333334,38.28,1.0
2024-02-02 20:30:00,743.3333333333334,22.266666666666666,38.28,1.0
2024-02-02 21:00:00,726.3333333333334,22.2,38.28,1.0
2024-02-02 21:30:00,706.3333333333334,22.2,38.28,1.0
2024-02-02 22:00:00,750.3333333333334,22.2,38.410000000000004,1.0
2024-02-02 22:30:00,773.6666666666666,22.166666666666668,38.54,1.0
2024-02-02 23:00:00,718.0,22.2,38.67,1.0
2024-02-02 23:30:00,721.6666666666666,22.166666666666668,38.67,1.0
2024-02-03 00:00:00,751.3333333333334,22.100000000000005,38.67,1.0
2024-02-03 00:30:00,726.6666666666666,22.100000000000005,38.67,1.0
2024-02-03 01:00:00,729.3333333333334,22.100000000000005,38.67,1.0
2024-02-03 01:30:00,711.0,22.100000000000005,38.67,1.0
2024-02-03 02:00:00,689.0,22.100000000000005,38.67,1.0
2024-02-03 02:30:00,715.6666666666666,22.066666666666666,38.800000000000004,1.0
2024-02-03 03:00:00,689.0,22.066666666666666,39.06,1.0
2024-02-03 03:30:00,686.6666666666666,22.03333333333333,39.06,1.0
2024-02-03 04:00:00,634.3333333333334,22.0,39.06,1.0
2024-02-03 04:30:00,643.3333333333334,22.066666666666666,39.06,1.0
2024-02-03 05:00:00,681.6666666666666,22.03333333333333,39.06,1.0
2024-02-03 05:30:00,642.0,22.0,39.06,1.0
2024-02-03 06:00:00,587.3333333333334,22.0,39.06,1.0
2024-02-03 06:30:00,643.0,22.0,39.06,1.0
2024-02-03 07:00:00,620.0,22.0,39.06,1.0
2024-02-03 07:30:00,593.0,22.0,39.190000000000005,1.0
2024-02-03 08:00:00,616.6666666666666,22.066666666666666,39.06,1.0
2024-02-03 08:30:00,598.0,22.0,39.06,1.0
2024-02-03 09:00:00,629.6666666666666,22.03333333333333,39.06,1.0
2024-02-03 09:30:00,602.3333333333334,22.03333333333333,39.06,1.0
2024-02-03 10:00:00,582.6666666666666,22.100000000000005,39.06,1.0
2024-02-03 10:30:00,589.6666666666666,22.066666666666666,39.06,1.0
2024-02-03 11:00:00,598.0,22.03333333333333,39.06,1.0
2024-02-03 11:30:00,619.3333333333334,22.03333333333333,39.06,1.0
2024-02-03 12:00:00,575.0,22.03333333333333,39.06,1.0
2024-02-03 12:30:00,590.0,22.066666666666666,39.06,1.0
2024-02-03 13:00:00,564.3333333333334,22.066666666666666,39.06,1.0
2024-02-03 13:30:00,518.3333333333334,22.066666666666666,39.06,1.0
2024-02-03 14:00:00,521.3333333333334,22.066666666666666,39.06,1.0
2024-02-03 14:30:00,566.6666666666666,22.0,39.06,1.0
2024-02-03 15:00:00,543.6666666666666,22.0,39.06,1.0
2024-02-03 15:30:00,540.0,22.0,39.06,1.0
2024-02-03 16:00:00,555.3333333333334,22.0,39.06,1.0
2024-02-03 16:30:00,571.3333333333334,22.0,39.06,1.0
2024-02-03 17:00:00,562.0,21.96666666666667,39.06,1.0
2024-02-03 17:30:00,536.3333333333334,22.0,38.93,1.0
2024-02-03 18:00:00,543.6666666666666,22.0,38.67,1.0
2024-02-03 18:30:00,555.0,21.96666666666667,38.67,1.0
2024-02-03 19:00:00,548.6666666666666,21.933333333333334,38.67,1.0
2024-02-03 19:30:00,558.3333333333334,21.96666666666667,38.67,1.0
2024-02-03 20:00:00,527.6666666666666,21.933333333333334,38.67,1.0
2024-02-03 20:30:00,559.0,21.899999999999995,38.67,1.0
2024-02-03 21:00:00,526.0,21.899999999999995,38.410000000000004,1.0
2024-02-03 21:30:00,557.0,21.9,38.475,1.0
2024-02-03 22:00:00,504.0,21.899999999999995,38.28,1.0
2024-02-03 22:30:00,534.6666666666666,21.899999999999995,38.28,1.0
2024-02-03 23:00:00,512.0,21.899999999999995,38.28,1.0
2024-02-03 23:30:00,523.0,21.833333333333332,38.28,1.0
2024-02-04 00:00:00,479.6666666666667,21.833333333333332,38.28,1.0
2024-02-04 00:30:00,510.0,21.833333333333332,38.28,1.0
2024-02-04 01:00:00,531.6666666666666,21.866666666666664,38.28,1.0
2024-02-04 01:30:00,494.3333333333333,21.866666666666664,38.28,1.0
2024-02-04 02:00:00,471.3333333333333,21.833333333333332,38.28,1.0
2024-02-04 02:30:00,472.6666666666667,21.8,38.28,1.0
2024-02-04 03:00:00,495.0,21.8,38.28,1.0
2024-02-04 03:30:00,523.6666666666666,21.8,38.28,1.0
2024-02-04 04:00:00,488.6666666666667,21.8,38.28,1.0
2024-02-04 04:30:00,488.0,21.8,38.28,1.0
2024-02-04 05:00:00,479.6666666666667,21.833333333333332,38.28,1.0
2024-02-04 05:30:00,463.6666666666667,21.8,38.15,1.0
2024-02-04 06:00:00,443.0,21.766666666666666,38.02,1.0
2024-02-04 06:30:00,495.3333333333333,21.766666666666666,38.15,1.0
2024-02-04 07:00:00,472.3333333333333,21.733333333333334,38.15,1.0
2024-02-04 07:30:00,459.0,21.733333333333334,38.28,1.0
2024-02-04 08:00:00,486.0,21.733333333333334,38.02,1.0
2024-02-04 08:30:00,485.0,21.7,38.15,1.0
2024-02-04 09:00:00,521.3333333333334,21.733333333333334,38.02,1.0
2024-02-04 09:30:00,492.0,21.766666666666666,38.28,1.0
2024-02-04 10:00:00,487.0,21.733333333333334,38.15,1.0
2024-02-04 10:30:00,484.3333333333333,21.7,38.28,1.0
2024-02-04 11:00:00,510.3333333333333,21.733333333333334,38.15,1.0
2024-02-04 11:30:00,470.6666666666667,21.733333333333334,38.28,1.0
2024-02-04 12:00:00,470.6666666666667,21.8,38.15,1.0
2024-02-04 12:30:00,480.6666666666667,21.766666666666666,38.15,1.0
2024-02-04 13:00:00,494.3333333333333,21.766666666666666,38.28,1.0
2024-02-04 13:30:00,474.0,21.766666666666666,38.28,1.0
2024-02-04 14:00:00,475.0,21.8,38.28,1.0
2024-02-04 14:30:00,486.0,21.766666666666666,38.28,1.0
2024-02-04 15:00:00,450.3333333333333,21.766666666666666,38.28,1.0
2024-02-04 15:30:00,507.6666666666667,21.7,38.28,1.0
2024-02-04 16:00:00,449.3333333333333,21.7,38.28,1.0
2024-02-04 16:30:00,459.5,21.7,38.28,1.0
2024-02-04 17:00:00,532.0,21.7,38.28,1.0
2024-02-04 17:30:00,462.3333333333333,21.7,38.28,1.0
2024-02-04 18:00:00,513.6666666666666,21.7,38.28,1.0
2024-02-04 18:30:00,449.0,21.666666666666668,38.28,1.0
2024-02-04 19:00:00,501.0,21.7,38.28,1.0
2024-02-04 19:30:00,514.6666666666666,21.7,38.28,1.0
2024-02-04 20:00:00,458.3333333333333,21.7,38.28,1.0
2024-02-04 20:30:00,509.6666666666667,21.666666666666668,38.28,1.0
2024-02-04 21:00:00,493.6666666666667,21.666666666666668,38.28,1.0
2024-02-04 21:30:00,497.3333333333333,21.7,38.28,1.0
2024-02-04 22:00:00,488.0,21.7,38.28,1.0
2024-02-04 22:30:00,497.0,21.666666666666668,38.28,1.0
2024-02-04 23:00:00,478.6666666666667,21.7,38.410000000000004,1.0
2024-02-04 23:30:00,512.0,21.666666666666668,38.28,1.0
2024-02-05 00:00:00,533.0,21.600000000000005,38.28,1.0
2024-02-05 00:30:00,481.3333333333333,21.600000000000005,38.28,1.0
2024-02-05 01:00:00,504.6666666666667,21.633333333333336,38.28,1.0
2024-02-05 01:30:00,476.3333333333333,21.600000000000005,38.28,1.0
2024-02-05 02:00:00,469.0,21.600000000000005,38.28,1.0
2024-02-05 02:30:00,447.0,21.600000000000005,38.28,1.0
2024-02-05 03:00:00,457.3333333333333,21.600000000000005,38.28,1.0
2024-02-05 03:30:00,477.3333333333333,21.600000000000005,38.28,1.0
2024-02-05 04:00:00,510.0,21.600000000000005,38.28,1.0
2024-02-05 04:30:00,484.0,21.566666666666666,38.28,1.0
2024-02-05 05:00:00,498.0,21.566666666666666,38.28,1.0
2024-02-05 05:30:00,510.3333333333333,21.600000000000005,38.28,1.0
2024-02-05 06:00:00,495.3333333333333,21.600000000000005,38.28,1.0
2024-02-05 06:30:00,473.0,21.600000000000005,38.15,1.0
2024-02-05 07:00:00,497.3333333333333,21.600000000000005,38.02,1.0
2024-02-05 07:30:00,444.3333333333333,21.566666666666666,38.15,1.0
2024-02-05 08:00:00,476.3333333333333,21.53333333333333,38.15,1.0
2024-02-05 08:30:00,457.3333333333333,21.566666666666666,38.15,1.0
2024-02-05 09:00:00,457.6666666666667,21.600000000000005,37.89,1.0
2024-02-05 09:30:00,456.0,21.53333333333333,38.02,1.0
2024-02-05 10:00:00,506.6666666666667,21.600000000000005,37.89,1.0
2024-02-05 10:30:00,524.3333333333334,21.566666666666666,38.02,1.0
2024-02-05 11:00:00,546.3333333333334,21.566666666666666,37.89,1.0
2024-02-05 11:30:00,580.6666666666666,21.600000000000005,37.89,1.0
2024-02-05 12:00:00,571.0,21.53333333333333,37.89,1.0
2024-02-05 12:30:00,609.6666666666666,21.566666666666666,37.89,1.0
2024-02-05 13:00:00,627.5,21.5,38.085,1.0
2024-02-05 13:30:00,633.0,21.5,37.89,1.0
2024-02-05 14:00:00,665.0,21.6,37.89,1.0
2024-02-05 14:30:00,717.5,21.55,37.89,1.0
2024-02-05 15:00:00,683.6666666666666,21.566666666666666,37.89,1.0
2024-02-05 15:30:00,725.3333333333334,21.5,37.89,1.0
2024-02-05 16:00:00,763.3333333333334,21.600000000000005,37.89,1.0
2024-02-05 16:30:00,807.0,21.6,37.89,1.0
2024-02-05 17:00:00,731.3333333333334,21.566666666666666,37.89,1.0
2024-02-05 17:30:00,770.0,21.6,37.89,1.0
2024-02-05 18:00:00,808.6666666666666,21.600000000000005,37.89,1.0
2024-02-05 18:30:00,737.5,21.6,37.89,1.0
2024-02-05 19:00:00,737.0,21.6,37.89,1.0
2024-02-05 19:30:00,743.6666666666666,21.600000000000005,37.63,1.0
2024-02-05 20:00:00,760.6666666666666,21.600000000000005,37.5,1.0
2024-02-05 20:30:00,,,,1.0
2024-02-05 21:00:00,714.0,21.6,37.5,1.0
2024-02-05 21:30:00,685.0,21.6,37.5,1.0
2024-02-05 22:00:00,700.0,21.6,37.5,1.0
2024-02-05 22:30:00,636.0,21.600000000000005,37.37,1.0
2024-02-05 23:00:00,662.0,21.600000000000005,37.11,1.0
2024-02-05 23:30:00,659.3333333333334,21.600000000000005,37.11,1.0
2024-02-06 00:00:00,631.3333333333334,21.633333333333336,37.11,1.0
2024-02-06 00:30:00,661.3333333333334,21.633333333333336,37.11,1.0
2024-02-06 01:00:00,637.6666666666666,21.666666666666668,37.11,1.0
2024-02-06 01:30:00,618.3333333333334,21.633333333333336,37.11,1.0
2024-02-06 02:00:00,626.6666666666666,21.666666666666668,37.11,1.0
2024-02-06 02:30:00,599.0,21.633333333333336,37.11,1.0
2024-02-06 03:00:00,608.6666666666666,21.600000000000005,36.98,1.0
2024-02-06 03:30:00,620.0,21.6,37.11,1.0
2024-02-06 04:00:00,563.3333333333334,21.600000000000005,37.11,1.0
2024-02-06 04:30:00,576.0,21.600000000000005,36.85,1.0
2024-02-06 05:00:00,578.0,21.6,37.11,1.0
2024-02-06 05:30:00,558.0,21.6,37.11,1.0
2024-02-06 06:00:00,533.0,21.600000000000005,36.85,1.0
2024-02-06 06:30:00,565.3333333333334,21.600000000000005,36.85,1.0
2024-02-06 07:00:00,577.0,21.633333333333336,36.98,1.0
2024-02-06 07:30:00,561.3333333333334,21.600000000000005,37.11,1.0
2024-02-06 08:00:00,553.3333333333334,21.600000000000005,37.24,1.0
2024-02-06 08:30:00,548.6666666666666,21.600000000000005,37.5,1.0
2024-02-06 09:00:00,551.0,21.600000000000005,37.5,1.0
2024-02-06 09:30:00,519.0,21.600000000000005,37.76,1.0
2024-02-06 10:00:00,531.6666666666666,21.600000000000005,37.89,1.0
2024-02-06 10:30:00,546.0,21.600000000000005,37.89,1.0
2024-02-06 11:00:00,555.0,21.600000000000005,38.15,1.0
2024-02-06 11:30:00,585.3333333333334,21.600000000000005,38.28,1.0
2024-02-06 12:00:00,609.3333333333334,21.600000000000005,38.410000000000004,1.0
2024-02-06 12:30:00,632.6666666666666,21.600000000000005,38.67,1.0
2024-02-06 13:00:00,609.0,21.600000000000005,38.67,1.0
2024-02-06 13:30:00,673.0,21.600000000000005,38.67,1.0
2024-02-06 14:00:00,694.6666666666666,21.600000000000005,38.93,1.0
2024-02-06 14:30:00,698.0,21.6,39.06,1.0
2024-02-06 15:00:00,683.0,21.6,39.06,1.0
2024-02-06 15:30:00,719.6666666666666,21.600000000000005,39.190000000000005,1.0
2024-02-06 16:00:00,742.0,21.7,39.45,1.0
2024-02-06 16:30:00,701.0,21.6,39.45,1.0
2024-02-06 17:00:00,741.0,21.65,39.45,1.0
2024-02-06 17:30:00,722.5,21.6,39.45,1.0
2024-02-06 18:00:00,704.0,21.65,39.45,1.0
2024-02-06 18:30:00,705.0,21.65,39.45,1.0
2024-02-06 19:00:00,681.5,21.65,39.45,1.0
2024-02-06 19:30:00,687.5,21.6,39.45,1.0
2024-02-06 20:00:00,677.0,21.6,39.45,1.0
2024-02-06 20:30:00,710.5,21.7,39.45,1.0
2024-02-06 21:00:00,727.0,21.6,39.45,1.0
2024-02-06 21:30:00,674.0,21.6,39.06,1.0
2024-02-06 22:00:00,686.5,21.6,39.06,1.0
2024-02-06 22:30:00,651.5,21.65,39.06,1.0
2024-02-06 23:00:00,655.0,21.633333333333336,38.93,1.0
2024-02-06 23:30:00,650.0,21.666666666666668,38.67,1.0
2024-02-07 00:00:00,583.6666666666666,21.666666666666668,38.67,1.0
2024-02-07 00:30:00,658.5,21.6,38.67,1.0
2024-02-07 01:00:00,645.0,21.6,38.67,1.0
2024-02-07 01:30:00,617.0,21.65,38.67,1.0
2024-02-07 02:00:00,604.0,21.666666666666668,38.67,1.0
2024-02-07 02:30:00,585.6666666666666,21.600000000000005,38.67,1.0
2024-02-07 03:00:00,585.3333333333334,21.7,38.410000000000004,1.0
2024-02-07 03:30:00,593.6666666666666,21.7,38.28,1.0
2024-02-07 04:00:00,581.3333333333334,21.7,38.28,1.0
2024-02-07 04:30:00,581.0,21.666666666666668,38.28,1.0
2024-02-07 05:00:00,595.0,21.666666666666668,38.28,1.0
2024-02-07 05:30:00,550.3333333333334,21.666666666666668,38.28,1.0
2024-02-07 06:00:00,558.3333333333334,21.7,38.15,1.0
2024-02-07 06:30:00,581.0,21.7,37.89,1.0
2024-02-07 07:00:00,539.6666666666666,21.633333333333336,37.89,1.0
2024-02-07 07:30:00,540.0,21.600000000000005,37.63,1.0
2024-02-07 08:00:00,570.6666666666666,21.666666666666668,37.5,1.0
2024-02-07 08:30:00,542.6666666666666,21.666666666666668,37.5,1.0
2024-02-07 09:00:00,608.6666666666666,21.600000000000005,37.5,1.0
2024-02-07 09:30:00,559.0,21.600000000000005,37.5,1.0
2024-02-07 10:00:00,580.6666666666666,21.666666666666668,37.5,1.0
2024-02-07 10:30:00,621.6666666666666,21.666666666666668,37.24,1.0
2024-02-07 11:00:00,628.3333333333334,21.7,37.11,1.0
2024-02-07 11:30:00,625.3333333333334,21.600000000000005,37.24,1.0
2024-02-07 12:00:00,612.0,21.633333333333336,37.11,1.0
2024-02-07 12:30:00,651.0,21.633333333333336,37.11,1.0
2024-02-07 13:00:00,644.0,21.7,37.11,1.0
2024-02-07 13:30:00,669.3333333333334,21.666666666666668,37.11,1.0
2024-02-07 14:00:00,681.0,21.666666666666668,37.11,1.0
2024-02-07 14:30:00,692.3333333333334,21.7,37.11,1.0
2024-02-07 15:00:00,698.0,21.666666666666668,36.98,1.0
2024-02-07 15:30:00,747.0,21.7,36.72,1.0
2024-02-07 16:00:00,716.0,21.7,36.72,1.0
2024-02-07 16:30:00,727.6666666666666,21.633333333333336,36.72,1.0
2024-02-07 17:00:00,745.6666666666666,21.666666666666668,36.33,1.0
2024-02-07 17:30:00,694.6666666666666,21.633333333333336,36.33,1.0
2024-02-07 18:00:00,732.3333333333334,21.666666666666668,36.33,1.0
2024-02-07 18:30:00,751.3333333333334,21.600000000000005,36.33,1.0
2024-02-07 19:00:00,693.0,21.600000000000005,36.33,1.0
2024-02-07 19:30:00,664.0,21.600000000000005,36.07,1.0
2024-02-07 20:00:00,653.0,21.6,35.94,1.0
2024-02-07 20:30:00,674.0,21.600000000000005,35.94,1.0
2024-02-07 21:00:00,664.0,21.600000000000005,35.68,1.0
2024-02-07 21:30:00,681.6666666666666,21.600000000000005,35.94,1.0
2024-02-07 22:00:00,636.25,21.6,35.647499999999994,1.0
2024-02-07 22:30:00,615.0,21.6,35.55,1.0
2024-02-07 23:00:00,633.0,21.600000000000005,35.55,1.0
2024-02-07 23:30:00,615.0,21.566666666666666,35.55,1.0
2024-02-08 00:00:00,573.3333333333334,21.600000000000005,35.55,1.0
2024-02-08 00:30:00,583.0,21.600000000000005,35.419999999999995,1.0
2024-02-08 01:00:00,593.3333333333334,21.566666666666666,35.55,1.0
2024-02-08 01:30:00,568.0,21.566666666666666,35.55,1.0
2024-02-08 02:00:00,577.0,21.566666666666666,35.55,1.0
2024-02-08 02:30:00,563.3333333333334,21.566666666666666,35.55,1.0
2024-02-08 03:00:00,552.0,21.53333333333333,35.55,1.0
2024-02-08 03:30:00,497.3333333333333,21.600000000000005,35.55,1.0
2024-02-08 04:00:00,531.0,21.600000000000005,35.55,1.0
2024-02-08 04:30:00,523.6666666666666,21.566666666666666,35.55,1.0
2024-02-08 05:00:00,517.6666666666666,21.5,35.55,1.0
2024-02-08 05:30:00,517.3333333333334,21.566666666666666,35.419999999999995,1.0
2024-02-08 06:00:00,531.6666666666666,21.5,35.55,1.0
2024-02-08 06:30:00,515.6666666666666,21.600000000000005,35.419999999999995,1.0
2024-02-08 07:00:00,529.3333333333334,21.5,35.29,1.0
2024-02-08 07:30:00,499.0,21.5,35.55,1.0
2024-02-08 08:00:00,509.5,21.55,35.55,1.0
2024-02-08 08:30:00,538.3333333333334,21.5,35.16,1.0
2024-02-08 09:00:00,530.3333333333334,21.566666666666666,35.29,1.0
2024-02-08 09:30:00,548.6666666666666,21.600000000000005,35.16,1.0
2024-02-08 10:00:00,533.3333333333334,21.633333333333336,35.55,1.0
2024-02-08 10:30:00,511.5,21.65,35.16,1.0
2024-02-08 11:00:00,507.0,21.633333333333336,35.55,1.0
2024-02-08 11:30:00,539.6666666666666,21.7,35.419999999999995,1.0
2024-02-08 12:00:00,563.0,21.7,35.55,1.0
2024-02-08 12:30:00,587.0,21.7,35.55,1.0
2024-02-08 13:00:00,589.6666666666666,21.7,35.55,1.0
2024-02-08 13:30:00,618.6666666666666,21.733333333333334,35.55,1.0
2024-02-08 14:00:00,640.6666666666666,21.7,35.55,1.0
2024-02-08 14:30:00,659.0,21.7,35.55,1.0
2024-02-08 15:00:00,725.3333333333334,21.7,35.55,1.0
2024-02-08 15:30:00,742.0,21.733333333333334,35.55,1.0
2024-02-08 16:00:00,696.6666666666666,21.7,35.55,1.0
2024-02-08 16:30:00,726.3333333333334,21.7,35.55,1.0
2024-02-08 17:00:00,682.0,21.7,35.55,1.0
2024-02-08 17:30:00,690.6666666666666,21.7,35.55,1.0
2024-02-08 18:00:00,679.0,21.7,35.55,1.0
2024-02-08 18:30:00,677.6666666666666,21.7,35.55,1.0
2024-02-08 19:00:00,705.3333333333334,21.666666666666668,35.55,1.0
2024-02-08 19:30:00,677.6666666666666,21.7,35.55,1.0
2024-02-08 20:00:00,640.0,21.7,35.55,1.0
2024-02-08 20:30:00,641.3333333333334,21.666666666666668,35.55,1.0
2024-02-08 21:00:00,656.6666666666666,21.7,35.55,1.0
2024-02-08 21:30:00,630.6666666666666,21.666666666666668,35.419999999999995,1.0
2024-02-08 22:00:00,637.0,21.633333333333336,35.55,1.0
2024-02-08 22:30:00,587.0,21.600000000000005,35.55,1.0
2024-02-08 23:00:00,638.3333333333334,21.633333333333336,35.55,1.0
2024-02-08 23:30:00,600.3333333333334,21.600000000000005,35.55,1.0
2024-02-09 00:00:00,586.6666666666666,21.600000000000005,35.55,1.0
2024-02-09 00:30:00,595.0,21.600000000000005,35.55,1.0
2024-02-09 01:00:00,615.3333333333334,21.566666666666666,35.55,1.0
2024-02-09 01:30:00,589.3333333333334,21.600000000000005,35.55,1.0
2024-02-09 02:00:00,562.5,21.6,35.55,1.0
2024-02-09 02:30:00,579.0,21.53333333333333,35.55,1.0
2024-02-09 03:00:00,586.0,21.53333333333333,35.419999999999995,1.0
2024-02-09 03:30:00,554.3333333333334,21.5,35.29,1.0
2024-02-09 04:00:00,511.6666666666667,21.5,35.16,1.0
2024-02-09 04:30:00,538.6666666666666,21.5,35.16,1.0
2024-02-09 05:00:00,518.3333333333334,21.5,35.16,1.0
2024-02-09 05:30:00,523.3333333333334,21.5,35.16,1.0
2024-02-09 06:00:00,508.0,21.46666666666667,35.16,1.0
2024-02-09 06:30:00,499.3333333333333,21.433333333333334,35.03,1.0
2024-02-09 07:00:00,504.6666666666667,21.433333333333334,35.16,1.0
2024-02-09 07:30:00,524.6666666666666,21.399999999999995,34.77,1.0
2024-02-09 08:00:00,508.6666666666667,21.399999999999995,34.77,1.0
2024-02-09 08:30:00,532.6666666666666,21.399999999999995,34.77,1.0
2024-02-09 09:00:00,523.6666666666666,21.399999999999995,34.77,1.0
2024-02-09 09:30:00,498.3333333333333,21.399999999999995,34.51,1.0
2024-02-09 10:00:00,533.3333333333334,21.399999999999995,34.38,1.0
2024-02-09 10:30:00,512.6666666666666,21.399999999999995,34.38,1.0
2024-02-09 11:00:00,579.0,21.399999999999995,34.38,1.0
2024-02-09 11:30:00,553.3333333333334,21.399999999999995,34.11333333333334,1.0
2024-02-09 12:00:00,565.3333333333334,21.399999999999995,33.98,1.0
2024-02-09 12:30:00,548.0,21.46666666666667,33.98,1.0
2024-02-09 13:00:00,580.5,21.45,33.98,1.0
