datetime,co2,temperature,humidity,closed_frac
2023-11-01 14:00:00,1907.3333333333333,22.933333333333334,47.14000000000001,1.0
2023-11-01 14:30:00,1987.6666666666667,22.96666666666667,47.27,1.0
2023-11-01 15:00:00,1897.3333333333333,22.899999999999995,47.00666666666667,1.0
2023-11-01 15:30:00,1793.0,22.7,47.53,1.0
2023-11-01 16:00:00,1684.0,22.600000000000005,47.919999999999995,1.0
2023-11-01 16:30:00,1617.3333333333333,22.5,48.04999999999999,1.0
2023-11-01 17:00:00,1508.0,22.433333333333334,48.04999999999999,1.0
2023-11-01 17:30:00,1523.3333333333333,22.433333333333334,48.04999999999999,1.0
2023-11-01 18:00:00,1483.6666666666667,22.333333333333332,48.18,1.0
2023-11-01 18:30:00,1402.3333333333333,22.333333333333332,48.44,1.0
2023-11-01 19:00:00,1391.0,22.4,48.44,1.0
2023-11-01 19:30:00,1330.3333333333333,22.399999999999995,48.44,1.0
2023-11-01 20:00:00,1300.6666666666667,22.333333333333332,48.56999999999999,1.0
2023-11-01 20:30:00,1315.6666666666667,22.3,48.830000000000005,1.0
2023-11-01 21:00:00,1280.6666666666667,22.3,48.830000000000005,1.0
2023-11-01 21:30:00,1275.6666666666667,22.266666666666666,48.830000000000005,1.0
2023-11-01 22:00:00,1190.0,22.3,48.96,1.0
2023-11-01 22:30:00,1189.6666666666667,22.3,48.96,1.0
2023-11-01 23:00:00,1151.3333333333333,22.233333333333334,49.22,1.0
2023-11-01 23:30:00,1116.0,22.3,49.22,1.0
2023-11-02 00:00:00,1103.6666666666667,22.2,49.22,1.0
2023-11-02 00:30:00,1093.6666666666667,22.166666666666668,49.22,1.0
2023-11-02 01:00:00,1044.3333333333333,22.233333333333334,49.22,1.0
2023-11-02 01:30:00,1036.3333333333333,22.2,49.22,1.0
2023-11-02 02:00:00,1041.6666666666667,22.166666666666668,49.35,1.0
2023-11-02 02:30:00,1014.3333333333334,22.166666666666668,49.48,1.0
2023-11-02 03:00:00,988.0,22.166666666666668,49.60999999999999,1.0
2023-11-02 03:30:00,986.3333333333334,22.133333333333336,49.60999999999999,1.0
2023-11-02 04:00:00,959.0,22.166666666666668,49.60999999999999,1.0
2023-11-02 04:30:00,928.6666666666666,22.066666666666666,49.60999999999999,1.0
2023-11-02 05:00:00,924.6666666666666,22.166666666666668,49.60999999999999,1.0
2023-11-02 05:30:00,892.3333333333334,22.100000000000005,49.60999999999999,1.0
2023-11-02 06:00:00,888.0,22.133333333333336,49.74,1.0
2023-11-02 06:30:00,867.3333333333334,22.133333333333336,49.60999999999999,1.0
2023-11-02 07:00:00,873.0,22.066666666666666,49.74,1.0
2023-11-02 07:30:00,842.3333333333334,22.133333333333336,49.870000000000005,1.0
2023-11-02 08:00:00,864.0,22.166666666666668,50.26,1.0
2023-11-02 08:30:00,1037.0,22.400000000000002,50.65,1.0
2023-11-02 09:00:00,1087.6666666666667,22.633333333333336,50.39000000000001,1.0
2023-11-02 09:30:00,1134.0,22.7,50.39000000000001,1.0
2023-11-02 10:00:00,1251.6666666666667,22.7,50.65,1.0
2023-11-02 10:30:00,1463.0,22.8,51.43000000000001,1.0
2023-11-02 11:00:00,1553.6666666666667,22.866666666666664,51.56,1.0
2023-11-02 11:30:00,1724.6666666666667,22.733333333333334,52.47,1.0
2023-11-02 12:00:00,2405.5,22.85,55.08,1.0
2023-11-02 12:30:00,3008.0,23.100000000000005,56.379999999999995,1.0
2023-11-02 13:00:00,3762.3333333333335,23.233333333333334,57.68000000000001,1.0
2023-11-02 13:30:00,3752.3333333333335,23.166666666666668,56.64000000000001,1.0
2023-11-02 14:00:00,3476.0,23.03333333333333,55.47,1.0
2023-11-02 14:30:00,3277.3333333333335,22.866666666666664,54.949999999999996,1.0
2023-11-02 15:00:00,2330.6666666666665,22.766666666666666,52.73333333333333,1.0
2023-11-02 15:30:00,1750.0,22.866666666666664,51.82,1.0
2023-11-02 16:00:00,1673.0,22.733333333333334,52.080000000000005,1.0
2023-11-02 16:30:00,1618.6666666666667,22.7,52.080000000000005,1.0
2023-11-02 17:00:00,1524.6666666666667,22.666666666666668,51.95000000000001,1.0
2023-11-02 17:30:00,1493.0,22.600000000000005,51.95000000000001,1.0
2023-11-02 18:00:00,1423.3333333333333,22.53333333333333,51.95000000000001,1.0
2023-11-02 18:30:00,1402.3333333333333,22.53333333333333,51.95000000000001,1.0
2023-11-02 19:00:00,1302.0,22.5,51.95000000000001,1.0
2023-11-02 19:30:00,1305.3333333333333,22.5,51.82,1.0
2023-11-02 20:00:00,1293.3333333333333,22.46666666666667,51.95000000000001,1.0
2023-11-02 20:30:00,1236.3333333333333,22.433333333333334,51.56,1.0
2023-11-02 21:00:00,1193.3333333333333,22.433333333333334,51.69,1.0
2023-11-02 21:30:00,1191.0,22.399999999999995,51.56,1.0
2023-11-02 22:00:00,1149.6666666666667,22.366666666666664,51.56,1.0
2023-11-02 22:30:00,1109.6666666666667,22.366666666666664,51.56,1.0
2023-11-02 23:00:00,1050.6666666666667,22.333333333333332,51.56,1.0
2023-11-02 23:30:00,1045.0,22.333333333333332,51.56,1.0
2023-11-03 00:00:00,1035.6666666666667,22.333333333333332,51.56,1.0
2023-11-03 00:30:00,1029.3333333333333,22.266666666666666,51.56,1.0
2023-11-03 01:00:00,1011.3333333333334,22.266666666666666,51.56,1.0
2023-11-03 01:30:00,987.0,22.266666666666666,51.56,1.0
2023-11-03 02:00:00,995.0,22.3,51.56,1.0
2023-11-03 02:30:00,924.3333333333334,22.266666666666666,51.56,1.0
2023-11-03 03:00:00,947.3333333333334,22.266666666666666,51.56,1.0
2023-11-03 03:30:00,929.3333333333334,22.233333333333334,51.56,1.0
2023-11-03 04:00:00,887.0,22.2,51.56,1.0
2023-11-03 04:30:00,896.0,22.2,51.56,1.0
2023-11-03 05:00:00,886.3333333333334,22.166666666666668,51.56,1.0
2023-11-03 05:30:00,861.6666666666666,22.100000000000005,51.56,1.0
2023-11-03 06:00:00,841.6666666666666,22.133333333333336,51.56,1.0
2023-11-03 06:30:00,824.3333333333334,22.100000000000005,51.56,1.0
2023-11-03 07:00:00,814.6666666666666,22.133333333333336,51.56,1.0
2023-11-03 07:30:00,802.3333333333334,22.3,51.43000000000001,1.0
2023-11-03 08:00:00,963.3333333333334,22.46666666666667,51.56,1.0
2023-11-03 08:30:00,1013.3333333333334,22.566666666666666,51.82,0.6666666666666666
2023-11-03 09:00:00,993.3333333333334,22.5,51.56,1.0
2023-11-03 09:30:00,1160.6666666666667,22.599999999999998,52.21,1.0
2023-11-03 10:00:00,1179.6666666666667,22.666666666666668,51.169999999999995,1.0
2023-11-03 10:30:00,1188.3333333333333,22.8,50.39000000000001,1.0
2023-11-03 11:00:00,1379.0,22.833333333333332,50.78,1.0
2023-11-03 11:30:00,1362.3333333333333,22.633333333333336,51.169999999999995,1.0
2023-11-03 12:00:00,1134.6666666666667,22.600000000000005,50.26,1.0
2023-11-03 12:30:00,1143.6666666666667,22.8,49.60999999999999,1.0
2023-11-03 13:00:00,1548.6666666666667,22.933333333333334,50.910000000000004,1.0
2023-11-03 13:30:00,1496.0,22.96666666666667,50.39000000000001,1.0
2023-11-03 14:00:00,1527.6666666666667,22.933333333333334,50.52,1.0
2023-11-03 14:30:00,1510.6666666666667,22.733333333333334,51.04,1.0
2023-11-03 15:00:00,1676.6666666666667,22.666666666666668,51.43000000000001,1.0
2023-11-03 15:30:00,1686.3333333333333,22.7,51.56,1.0
2023-11-03 16:00:00,1639.6666666666667,22.566666666666666,51.56,1.0
2023-11-03 16:30:00,1620.6666666666667,22.5,51.56,1.0
2023-11-03 17:00:00,1592.6666666666667,22.5,51.56,1.0
2023-11-03 17:30:00,1519.3333333333333,22.5,51.56,1.0
2023-11-03 18:00:00,1500.3333333333333,22.399999999999995,51.56,1.0
2023-11-03 18:30:00,1444.6666666666667,22.399999999999995,51.56,1.0
2023-11-03 19:00:00,1397.6666666666667,22.366666666666664,51.300000000000004,1.0
2023-11-03 19:30:00,1373.0,22.399999999999995,51.169999999999995,1.0
2023-11-03 20:00:00,1348.0,22.399999999999995,51.300000000000004,1.0
2023-11-03 20:30:00,1288.0,22.333333333333332,51.43000000000001,1.0
2023-11-03 21:00:00,1304.6666666666667,22.333333333333332,51.300000000000004,1.0
2023-11-03 21:30:00,1269.3333333333333,22.333333333333332,51.300000000000004,1.0
2023-11-03 22:00:00,1263.0,22.366666666666664,51.56,1.0
2023-11-03 22:30:00,1217.3333333333333,22.2,51.56,1.0
2023-11-03 23:00:00,1193.3333333333333,22.3,51.43000000000001,1.0
2023-11-03 23:30:00,1195.0,22.3,51.365,1.0
2023-11-04 00:00:00,1173.0,22.266666666666666,51.43000000000001,1.0
2023-11-04 00:30:00,1156.0,22.233333333333334,51.43000000000001,1.0
2023-11-04 01:00:00,1129.3333333333333,22.266666666666666,51.56,1.0
2023-11-04 01:30:00,1098.6666666666667,22.266666666666666,51.43000000000001,1.0
2023-11-04 02:00:00,1101.0,22.233333333333334,51.56,1.0
2023-11-04 02:30:00,1078.6666666666667,22.2,51.43000000000001,1.0
2023-11-04 03:00:00,1042.6666666666667,22.2,51.43000000000001,1.0
2023-11-04 03:30:00,1026.3333333333333,22.233333333333334,51.56,1.0
2023-11-04 04:00:00,1008.3333333333334,22.2,51.56,1.0
2023-11-04 04:30:00,981.3333333333334,22.2,51.56,1.0
2023-11-04 05:00:00,952.3333333333334,22.166666666666668,51.56,1.0
2023-11-04 05:30:00,988.3333333333334,22.166666666666668,51.56,1.0
2023-11-04 06:00:00,941.0,22.2,51.300000000000004,1.0
2023-11-04 06:30:00,913.3333333333334,22.166666666666668,51.43000000000001,1.0
2023-11-04 07:00:00,881.6666666666666,22.2,51.169999999999995,1.0
2023-11-04 07:30:00,862.0,22.166666666666668,51.169999999999995,1.0
2023-11-04 08:00:00,850.0,22.133333333333336,51.169999999999995,1.0
2023-11-04 08:30:00,870.6666666666666,22.100000000000005,51.169999999999995,1.0
2023-11-04 09:00:00,814.6666666666666,22.100000000000005,51.169999999999995,1.0
2023-11-04 09:30:00,823.0,22.133333333333336,51.169999999999995,1.0
2023-11-04 10:00:00,780.6666666666666,22.066666666666666,51.300000000000004,1.0
2023-11-04 10:30:00,782.6666666666666,22.100000000000005,51.169999999999995,1.0
2023-11-04 11:00:00,793.6666666666666,22.100000000000005,51.169999999999995,1.0
2023-11-04 11:30:00,781.3333333333334,22.100000000000005,51.169999999999995,1.0
2023-11-04 12:00:00,793.6666666666666,22.100000000000005,51.169999999999995,1.0
2023-11-04 12:30:00,759.3333333333334,22.100000000000005,51.169999999999995,1.0
2023-11-04 13:00:00,751.6666666666666,22.133333333333336,51.169999999999995,1.0
2023-11-04 13:30:00,757.3333333333334,22.066666666666666,51.169999999999995,1.0
2023-11-04 14:00:00,751.3333333333334,22.100000000000005,51.169999999999995,1.0
2023-11-04 14:30:00,730.0,22.100000000000005,51.169999999999995,1.0
2023-11-04 15:00:00,742.6666666666666,22.100000000000005,51.169999999999995,1.0
2023-11-04 15:30:00,748.6666666666666,22.03333333333333,51.169999999999995,1.0
2023-11-04 16:00:00,738.3333333333334,22.100000000000005,51.169999999999995,1.0
2023-11-04 16:30:00,720.3333333333334,22.066666666666666,51.169999999999995,1.0
2023-11-04 17:00:00,710.0,22.0,51.169999999999995,1.0
2023-11-04 17:30:00,728.3333333333334,22.066666666666666,51.169999999999995,1.0
2023-11-04 18:00:00,693.0,22.066666666666666,51.169999999999995,1.0
2023-11-04 18:30:00,706.0,22.066666666666666,51.169999999999995,1.0
2023-11-04 19:00:00,711.3333333333334,22.0,51.169999999999995,1.0
2023-11-04 19:30:00,658.3333333333334,22.066666666666666,51.169999999999995,1.0
2023-11-04 20:00:00,675.3333333333334,22.0,51.169999999999995,1.0
2023-11-04 20:30:00,672.6666666666666,21.96666666666667,51.169999999999995,1.0
2023-11-04 21:00:00,660.0,21.96666666666667,51.169999999999995,1.0
2023-11-04 21:30:00,667.3333333333334,22.03333333333333,51.169999999999995,1.0
2023-11-04 22:00:00,650.3333333333334,21.96666666666667,51.169999999999995,1.0
2023-11-04 22:30:00,650.3333333333334,22.0,51.169999999999995,1.0
2023-11-04 23:00:00,629.0,21.933333333333334,51.169999999999995,1.0
2023-11-04 23:30:00,622.3333333333334,21.933333333333334,51.169999999999995,1.0
2023-11-05 00:00:00,643.0,21.899999999999995,51.169999999999995,1.0
2023-11-05 00:30:00,644.0,21.933333333333334,51.04,1.0
2023-11-05 01:00:00,585.0,21.96666666666667,51.04,1.0
2023-11-05 01:30:00,609.3333333333334,21.96666666666667,51.04,1.0
2023-11-05 02:00:00,627.3333333333334,21.96666666666667,50.910000000000004,1.0
2023-11-05 02:30:00,606.3333333333334,21.899999999999995,51.169999999999995,1.0
2023-11-05 03:00:00,601.6666666666666,21.933333333333334,50.78,1.0
2023-11-05 03:30:00,605.0,21.9,50.78,1.0
2023-11-05 04:00:00,615.3333333333334,21.933333333333334,50.78,1.0
2023-11-05 04:30:00,585.0,21.96666666666667,50.78,1.0
2023-11-05 05:00:00,576.3333333333334,21.96666666666667,50.78,1.0
2023-11-05 05:30:00,579.6666666666666,21.899999999999995,50.78,1.0
2023-11-05 06:00:00,572.0,21.899999999999995,50.78,1.0
2023-11-05 06:30:00,575.3333333333334,21.899999999999995,50.78,1.0
2023-11-05 07:00:00,547.3333333333334,21.899999999999995,50.78,1.0
2023-11-05 07:30:00,584.0,21.933333333333334,50.78,1.0
2023-11-05 08:00:00,567.3333333333334,21.96666666666667,50.78,1.0
2023-11-05 08:30:00,544.6666666666666,21.933333333333334,50.78,1.0
2023-11-05 09:00:00,542.3333333333334,21.933333333333334,50.78,1.0
2023-11-05 09:30:00,536.3333333333334,21.899999999999995,50.78,1.0
2023-11-05 10:00:00,559.3333333333334,21.899999999999995,50.78,1.0
2023-11-05 10:30:00,540.6666666666666,21.96666666666667,50.78,1.0
2023-11-05 11:00:00,545.6666666666666,22.0,50.78,1.0
2023-11-05 11:30:00,535.3333333333334,21.96666666666667,50.78,1.0
2023-11-05 12:00:00,546.3333333333334,21.933333333333334,50.78,1.0
2023-11-05 12:30:00,533.0,21.899999999999995,50.78,1.0
2023-11-05 13:00:00,534.0,22.0,50.78,1.0
2023-11-05 13:30:00,540.0,21.899999999999995,50.78,1.0
2023-11-05 14:00:00,521.0,21.96666666666667,50.78,1.0
2023-11-05 14:30:00,527.0,21.899999999999995,50.78,1.0
2023-11-05 15:00:00,534.0,21.933333333333334,50.78,1.0
2023-11-05 15:30:00,542.6666666666666,21.899999999999995,50.78,1.0
2023-11-05 16:00:00,508.0,21.900000000000002,50.78,1.0
2023-11-05 16:30:00,516.6666666666666,21.900000000000002,50.910000000000004,1.0
2023-11-05 17:00:00,538.6666666666666,21.899999999999995,51.04,1.0
2023-11-05 17:30:00,529.6666666666666,21.866666666666664,51.04,1.0
2023-11-05 18:00:00,531.3333333333334,21.899999999999995,50.910000000000004,1.0
2023-11-05 18:30:00,528.0,21.866666666666664,51.04,1.0
2023-11-05 19:00:00,542.0,21.899999999999995,51.169999999999995,1.0
2023-11-05 19:30:00,509.0,21.833333333333332,51.169999999999995,1.0
2023-11-05 20:00:00,553.6666666666666,21.933333333333334,51.169999999999995,1.0
2023-11-05 20:30:00,550.6666666666666,21.899999999999995,51.169999999999995,1.0
2023-11-05 21:00:00,505.6666666666667,21.933333333333334,51.169999999999995,1.0
2023-11-05 21:30:00,531.3333333333334,21.866666666666664,51.169999999999995,1.0
2023-11-05 22:00:00,542.3333333333334,21.866666666666664,51.169999999999995,1.0
2023-11-05 22:30:00,534.6666666666666,21.866666666666664,51.169999999999995,1.0
2023-11-05 23:00:00,523.0,21.899999999999995,51.169999999999995,1.0
2023-11-05 23:30:00,515.6666666666666,21.833333333333332,51.169999999999995,1.0
2023-11-06 00:00:00,531.6666666666666,21.933333333333334,51.169999999999995,1.0
2023-11-06 00:30:00,538.6666666666666,21.900000000000002,51.169999999999995,1.0
2023-11-06 01:00:00,496.0,21.899999999999995,51.169999999999995,1.0
2023-11-06 01:30:00,536.0,21.933333333333334,51.169999999999995,1.0
2023-11-06 02:00:00,540.0,21.899999999999995,51.169999999999995,1.0
2023-11-06 02:30:00,539.0,21.866666666666664,51.169999999999995,1.0
2023-11-06 03:00:00,516.6666666666666,21.900000000000002,51.300000000000004,1.0
2023-11-06 03:30:00,532.6666666666666,21.933333333333334,51.169999999999995,1.0
2023-11-06 04:00:00,542.6666666666666,21.866666666666664,51.169999999999995,1.0
2023-11-06 04:30:00,540.6666666666666,21.866666666666664,51.300000000000004,1.0
2023-11-06 05:00:00,538.0,21.899999999999995,51.169999999999995,1.0
2023-11-06 05:30:00,529.6666666666666,21.866666666666664,51.43000000000001,1.0
2023-11-06 06:00:00,514.0,21.899999999999995,51.300000000000004,1.0
2023-11-06 06:30:00,543.0,21.933333333333334,51.43000000000001,1.0
2023-11-06 07:00:00,538.3333333333334,21.899999999999995,51.04,1.0
2023-11-06 07:30:00,632.0,22.133333333333336,50.26,1.0
2023-11-06 08:00:00,815.6666666666666,22.333333333333332,50.52,1.0
2023-11-06 08:30:00,936.0,22.5,50.910000000000004,1.0
2023-11-06 09:00:00,1022.6666666666666,22.600000000000005,51.43000000000001,1.0
2023-11-06 09:30:00,1166.0,22.566666666666666,51.82,1.0
2023-11-06 10:00:00,1206.0,22.633333333333336,51.43000000000001,1.0
2023-11-06 10:30:00,1342.3333333333333,22.7,51.43000000000001,1.0
2023-11-06 11:00:00,1354.6666666666667,22.733333333333334,51.169999999999995,1.0
2023-11-06 11:30:00,1230.3333333333333,22.566666666666666,51.56,1.0
2023-11-06 12:00:00,1319.3333333333333,22.666666666666668,51.300000000000004,1.0
2023-11-06 12:30:00,1299.6666666666667,22.733333333333334,50.78,1.0
2023-11-06 13:00:00,1424.3333333333333,22.766666666666666,50.910000000000004,1.0
2023-11-06 13:30:00,1510.6666666666667,22.899999999999995,50.910000000000004,1.0
2023-11-06 14:00:00,1484.0,22.9,50.585,1.0
2023-11-06 14:30:00,1528.6666666666667,22.899999999999995,50.78,1.0
2023-11-06 15:00:00,1514.6666666666667,23.0,50.39000000000001,1.0
2023-11-06 15:30:00,1480.0,23.0,50.129999999999995,1.0
2023-11-06 16:00:00,1585.3333333333333,22.933333333333334,50.52,1.0
2023-11-06 16:30:00,1502.3333333333333,22.833333333333332,50.65,1.0
2023-11-06 17:00:00,1461.0,22.7,51.04,1.0
2023-11-06 17:30:00,1436.3333333333333,22.600000000000005,51.169999999999995,1.0
2023-11-06 18:00:00,1384.6666666666667,22.53333333333333,51.169999999999995,1.0
2023-11-06 18:30:00,1330.0,22.433333333333334,51.169999999999995,1.0
2023-11-06 19:00:00,1285.6666666666667,22.46666666666667,51.169999999999995,1.0
2023-11-06 19:30:00,1242.6666666666667,22.433333333333334,51.169999999999995,1.0
2023-11-06 20:00:00,1215.0,22.399999999999995,51.169999999999995,1.0
2023-11-06 20:30:00,1188.0,22.399999999999995,51.169999999999995,1.0
2023-11-06 21:00:00,1148.6666666666667,22.366666666666664,51.169999999999995,1.0
2023-11-06 21:30:00,1133.6666666666667,22.366666666666664,51.169999999999995,1.0
2023-11-06 22:00:00,1111.6666666666667,22.3,51.169999999999995,1.0
2023-11-06 22:30:00,1081.0,22.333333333333332,51.169999999999995,1.0
2023-11-06 23:00:00,1056.6666666666667,22.3,51.169999999999995,1.0
2023-11-06 23:30:00,1042.0,22.3,51.169999999999995,1.0
2023-11-07 00:00:00,1022.6666666666666,22.266666666666666,51.169999999999995,1.0
2023-11-07 00:30:00,1023.6666666666666,22.266666666666666,51.169999999999995,1.0
2023-11-07 01:00:00,990.6666666666666,22.233333333333334,51.169999999999995,1.0
2023-11-07 01:30:00,999.6666666666666,22.233333333333334,51.169999999999995,1.0
2023-11-07 02:00:00,959.0,22.2,51.169999999999995,1.0
2023-11-07 02:30:00,983.3333333333334,22.233333333333334,51.169999999999995,1.0
2023-11-07 03:00:00,927.3333333333334,22.233333333333334,51.169999999999995,1.0
2023-11-07 03:30:00,913.3333333333334,22.166666666666668,51.169999999999995,1.0
2023-11-07 04:00:00,886.6666666666666,22.133333333333336,51.169999999999995,1.0
2023-11-07 04:30:00,883.0,22.133333333333336,51.169999999999995,1.0
2023-11-07 05:00:00,880.0,22.133333333333336,51.169999999999995,1.0
2023-11-07 05:30:00,839.0,22.2,51.169999999999995,1.0
2023-11-07 06:00:00,846.6666666666666,22.2,51.169999999999995,1.0
2023-11-07 06:30:00,809.6666666666666,22.100000000000005,51.169999999999995,1.0
2023-11-07 07:00:00,790.3333333333334,22.133333333333336,51.169999999999995,1.0
2023-11-07 07:30:00,740.6666666666666,22.166666666666668,50.65,1.0
2023-11-07 08:00:00,903.6666666666666,22.400000000000002,50.52,1.0
2023-11-07 08:30:00,1002.3333333333334,22.53333333333333,50.26,1.0
2023-11-07 09:00:00,1082.5,22.55,50.78,1.0
2023-11-07 09:30:00,1059.6666666666667,22.46666666666667,51.169999999999995,1.0
2023-11-07 10:00:00,1060.6666666666667,22.46666666666667,51.300000000000004,1.0
2023-11-07 10:30:00,1331.3333333333333,22.566666666666666,51.69,1.0
2023-11-07 11:00:00,1549.3333333333333,22.766666666666666,52.21,1.0
2023-11-07 11:30:00,1445.0,22.766666666666666,51.69,1.0
2023-11-07 12:00:00,1426.6666666666667,22.733333333333334,51.56,1.0
2023-11-07 12:30:00,1370.3333333333333,22.53333333333333,51.69,1.0
2023-11-07 13:00:00,1330.0,22.46666666666667,51.95000000000001,1.0
2023-11-07 13:30:00,1314.6666666666667,22.399999999999995,51.95000000000001,1.0
2023-11-07 14:00:00,1275.0,22.3,51.95000000000001,1.0
2023-11-07 14:30:00,1250.0,22.3,51.95000000000001,1.0
2023-11-07 15:00:00,1214.6666666666667,22.333333333333332,51.95000000000001,1.0
2023-11-07 15:30:00,1200.6666666666667,22.266666666666666,51.95000000000001,1.0
2023-11-07 16:00:00,1208.0,22.233333333333334,51.56,1.0
2023-11-07 16:30:00,1480.3333333333333,22.599999999999998,51.43000000000001,1.0
2023-11-07 17:00:00,1622.6666666666667,22.7,51.82,1.0
2023-11-07 17:30:00,1603.0,22.53333333333333,51.95000000000001,1.0
2023-11-07 18:00:00,1524.0,22.46666666666667,51.95000000000001,1.0
2023-11-07 18:30:00,1492.3333333333333,22.399999999999995,51.95000000000001,1.0
2023-11-07 19:00:00,1467.3333333333333,22.399999999999995,51.95000000000001,1.0
2023-11-07 19:30:00,1428.0,22.366666666666664,51.95000000000001,1.0
2023-11-07 20:00:00,1384.0,22.333333333333332,51.82,1.0
2023-11-07 20:30:00,1361.6666666666667,22.266666666666666,51.95000000000001,1.0
2023-11-07 21:00:00,1301.0,22.333333333333332,51.82,1.0
2023-11-07 21:30:00,1271.6666666666667,22.233333333333334,51.82,1.0
2023-11-07 22:00:00,1233.0,22.3,51.56,1.0
2023-11-07 22:30:00,1248.6666666666667,22.233333333333334,51.69,1.0
2023-11-07 23:00:00,1187.6666666666667,22.233333333333334,51.56,1.0
2023-11-07 23:30:00,1146.3333333333333,22.3,51.56,1.0
2023-11-08 00:00:00,1164.6666666666667,22.233333333333334,51.56,1.0
2023-11-08 00:30:00,1106.3333333333333,22.166666666666668,51.56,1.0
2023-11-08 01:00:00,1072.0,22.2,51.56,1.0
2023-11-08 01:30:00,1080.3333333333333,22.166666666666668,51.56,1.0
2023-11-08 02:00:00,1049.3333333333333,22.2,51.56,1.0
2023-11-08 02:30:00,1062.0,22.2,51.56,1.0
2023-11-08 03:00:00,1030.5,22.15,51.56,1.0
2023-11-08 03:30:00,1026.0,22.2,51.56,1.0
2023-11-08 04:00:00,997.3333333333334,22.166666666666668,51.56,1.0
2023-11-08 04:30:00,993.0,22.133333333333336,51.56,1.0
2023-11-08 05:00:00,949.0,22.100000000000005,51.56,1.0
2023-11-08 05:30:00,926.3333333333334,22.133333333333336,51.56,1.0
2023-11-08 06:00:00,915.0,22.133333333333336,51.56,1.0
2023-11-08 06:30:00,864.3333333333334,22.066666666666666,51.56,1.0
2023-11-08 07:00:00,874.6666666666666,22.0,51.56,1.0
2023-11-08 07:30:00,806.6666666666666,22.133333333333336,50.910000000000004,1.0
2023-11-08 08:00:00,926.6666666666666,22.366666666666664,50.78,1.0
2023-11-08 08:30:00,1151.0,22.46666666666667,51.69,1.0
2023-11-08 09:00:00,1024.0,22.599999999999998,50.129999999999995,1.0
2023-11-08 09:30:00,1146.0,22.733333333333334,50.52,1.0
2023-11-08 10:00:00,1319.0,22.8,51.04,1.0
2023-11-08 10:30:00,1428.0,22.8,51.43000000000001,1.0
2023-11-08 11:00:00,1395.6666666666667,22.866666666666664,50.910000000000004,1.0
2023-11-08 11:30:00,1270.3333333333333,22.733333333333334,50.910000000000004,1.0
2023-11-08 12:00:00,1394.3333333333333,22.8,51.04,1.0
2023-11-08 12:30:00,1487.3333333333333,22.899999999999995,51.300000000000004,1.0
2023-11-08 13:00:00,1522.3333333333333,23.0,51.169999999999995,1.0
2023-11-08 13:30:00,1399.3333333333333,23.0,50.26,1.0
2023-11-08 14:00:00,1584.3333333333333,22.96666666666667,50.910000000000004,1.0
2023-11-08 14:30:00,1906.3333333333333,22.96666666666667,52.34,1.0
2023-11-08 15:00:00,1656.3333333333333,23.03333333333333,50.910000000000004,0.75
2023-11-08 15:30:00,1438.0,22.96666666666667,50.52,1.0
2023-11-08 16:00:00,1401.6666666666667,22.766666666666666,50.910000000000004,1.0
2023-11-08 16:30:00,1339.3333333333333,22.666666666666668,51.169999999999995,1.0
2023-11-08 17:00:00,1306.0,22.666666666666668,51.169999999999995,1.0
2023-11-08 17:30:00,1249.6666666666667,22.566666666666666,51.169999999999995,1.0
2023-11-08 18:00:00,1200.6666666666667,22.600000000000005,51.169999999999995,1.0
2023-11-08 18:30:00,1190.0,22.53333333333333,51.169999999999995,1.0
2023-11-08 19:00:00,1167.0,22.433333333333334,51.169999999999995,1.0
2023-11-08 19:30:00,1099.0,22.5,51.169999999999995,1.0
2023-11-08 20:00:00,1093.6666666666667,22.46666666666667,51.169999999999995,1.0
2023-11-08 20:30:00,1090.3333333333333,22.46666666666667,51.169999999999995,1.0
2023-11-08 21:00:00,1048.5,22.4,51.17,1.0
2023-11-08 21:30:00,1056.0,22.399999999999995,51.169999999999995,1.0
2023-11-08 22:00:00,1023.3333333333334,22.366666666666664,51.169999999999995,1.0
2023-11-08 22:30:00,998.0,22.333333333333332,51.169999999999995,1.0
2023-11-08 23:00:00,961.3333333333334,22.366666666666664,51.169999999999995,1.0
2023-11-08 23:30:00,958.0,22.3,51.169999999999995,1.0
2023-11-09 00:00:00,952.6666666666666,22.3,51.169999999999995,1.0
2023-11-09 00:30:00,908.6666666666666,22.3,51.169999999999995,1.0
2023-11-09 01:00:00,911.0,22.333333333333332,51.169999999999995,1.0
2023-11-09 01:30:00,904.6666666666666,22.3,51.169999999999995,1.0
2023-11-09 02:00:00,873.6666666666666,22.266666666666666,51.169999999999995,1.0
2023-11-09 02:30:00,861.3333333333334,22.2,51.169999999999995,1.0
2023-11-09 03:00:00,824.3333333333334,22.266666666666666,51.169999999999995,1.0
2023-11-09 03:30:00,839.0,22.2,51.169999999999995,1.0
2023-11-09 04:00:00,796.0,22.233333333333334,51.169999999999995,1.0
2023-11-09 04:30:00,819.0,22.166666666666668,51.169999999999995,1.0
2023-11-09 05:00:00,780.6666666666666,22.166666666666668,51.169999999999995,1.0
2023-11-09 05:30:00,775.6666666666666,22.166666666666668,51.169999999999995,1.0
2023-11-09 06:00:00,759.3333333333334,22.166666666666668,51.169999999999995,1.0
2023-11-09 06:30:00,730.6666666666666,22.2,51.169999999999995,1.0
2023-11-09 07:00:00,730.0,22.2,51.169999999999995,1.0
2023-11-09 07:30:00,682.6666666666666,22.3,50.0,1.0
2023-11-09 08:00:00,768.6666666666666,22.599999999999998,49.60999999999999,1.0
2023-11-09 08:30:00,966.0,22.666666666666668,50.39000000000001,1.0
2023-11-09 09:00:00,1034.0,22.766666666666666,50.910000000000004,1.0
2023-11-09 09:30:00,1116.3333333333333,22.766666666666666,50.78,1.0
2023-11-09 10:00:00,1201.0,22.766666666666666,51.04,1.0
2023-11-09 10:30:00,1281.6666666666667,22.866666666666664,51.04,1.0
2023-11-09 11:00:00,1321.3333333333333,22.899999999999995,51.04,1.0
2023-11-09 11:30:00,1375.3333333333333,22.866666666666664,51.169999999999995,1.0
2023-11-09 12:00:00,1918.6666666666667,23.0,54.42666666666667,1.0
2023-11-09 12:30:00,2885.6666666666665,23.266666666666666,57.29,1.0
2023-11-09 13:00:00,2742.0,23.3,55.85999999999999,1.0
2023-11-09 13:30:00,2250.0,23.099999999999998,54.29999999999999,1.0
2023-11-09 14:00:00,2152.6666666666665,22.96666666666667,54.04,1.0
2023-11-09 14:30:00,2134.0,22.8,53.91,1.0
2023-11-09 15:00:00,1440.0,22.8,52.21,1.0
2023-11-09 15:30:00,1486.3333333333333,22.733333333333334,52.73,1.0
2023-11-09 16:00:00,1430.3333333333333,22.7,52.73,1.0
2023-11-09 16:30:00,1417.0,22.633333333333336,52.73,1.0
2023-11-09 17:00:00,1375.3333333333333,22.600000000000005,52.73,1.0
2023-11-09 17:30:00,1307.5,22.6,52.73,1.0
2023-11-09 18:00:00,1323.6666666666667,22.599999999999998,52.34,1.0
2023-11-09 18:30:00,1252.3333333333333,22.53333333333333,52.34,1.0
2023-11-09 19:00:00,1227.3333333333333,22.53333333333333,52.34,1.0
2023-11-09 19:30:00,1185.6666666666667,22.46666666666667,52.34,1.0
2023-11-09 20:00:00,1169.6666666666667,22.53333333333333,52.34,1.0
2023-11-09 20:30:00,1143.6666666666667,22.46666666666667,52.34,1.0
2023-11-09 21:00:00,1118.3333333333333,22.433333333333334,52.34,1.0
2023-11-09 21:30:00,1087.0,22.433333333333334,52.21,1.0
2023-11-09 22:00:00,1073.3333333333333,22.400000000000002,52.21,1.0
2023-11-09 22:30:00,1064.6666666666667,22.400000000000002,52.21,1.0
2023-11-09 23:00:00,1024.0,22.399999999999995,52.34,1.0
2023-11-09 23:30:00,1003.0,22.399999999999995,52.080000000000005,1.0
2023-11-10 00:00:00,968.3333333333334,22.399999999999995,52.080000000000005,1.0
2023-11-10 00:30:00,974.0,22.366666666666664,51.95000000000001,1.0
2023-11-10 01:00:00,975.6666666666666,22.366666666666664,52.080000000000005,1.0
2023-11-10 01:30:00,949.0,22.366666666666664,51.95000000000001,1.0
2023-11-10 02:00:00,919.3333333333334,22.366666666666664,51.95000000000001,1.0
2023-11-10 02:30:00,901.3333333333334,22.3,51.95000000000001,1.0
2023-11-10 03:00:00,893.6666666666666,22.3,51.95000000000001,1.0
2023-11-10 03:30:00,878.6666666666666,22.3,51.95000000000001,1.0
2023-11-10 04:00:00,852.6666666666666,22.3,51.95000000000001,1.0
2023-11-10 04:30:00,846.6666666666666,22.266666666666666,51.95000000000001,1.0
2023-11-10 05:00:00,825.3333333333334,22.266666666666666,51.95000000000001,1.0
2023-11-10 05:30:00,820.0,22.266666666666666,51.95000000000001,1.0
2023-11-10 06:00:00,803.6666666666666,22.133333333333336,51.95000000000001,1.0
2023-11-10 06:30:00,763.6666666666666,22.2,51.95000000000001,1.0
2023-11-10 07:00:00,740.3333333333334,22.166666666666668,51.95000000000001,1.0
2023-11-10 07:30:00,750.0,22.2,51.43000000000001,0.75
2023-11-10 08:00:00,1052.6666666666667,22.366666666666664,52.21333333333334,1.0
2023-11-10 08:30:00,1108.6666666666667,22.5,51.82,1.0
2023-11-10 09:00:00,1267.3333333333333,22.666666666666668,51.82,1.0
2023-11-10 09:30:00,1380.3333333333333,22.8,52.47,1.0
2023-11-10 10:00:00,1397.0,22.766666666666666,51.56,1.0
2023-11-10 10:30:00,1531.3333333333333,22.899999999999995,51.56,1.0
2023-11-10 11:00:00,1523.3333333333333,22.933333333333334,51.43000000000001,1.0
2023-11-10 11:30:00,1546.3333333333333,22.833333333333332,51.82,1.0
2023-11-10 12:00:00,1356.3333333333333,22.8,50.52,0.6666666666666666
2023-11-10 12:30:00,1108.6666666666667,22.833333333333332,47.78666666666667,0.3333333333333333
2023-11-10 13:00:00,1091.0,22.7,46.876666666666665,0.25
2023-11-10 13:30:00,1384.0,22.7,48.44,1.0
2023-11-10 14:00:00,1698.6666666666667,22.766666666666666,50.129999999999995,1.0
2023-11-10 14:30:00,1681.6666666666667,22.599999999999998,50.26,1.0
2023-11-10 15:00:00,1630.5,22.5,50.585,1.0
2023-11-10 15:30:00,1656.0,22.46666666666667,50.78,1.0
2023-11-10 16:00:00,1612.6666666666667,22.366666666666664,50.78,1.0
2023-11-10 16:30:00,1535.0,22.366666666666664,50.65,1.0
2023-11-10 17:00:00,1502.3333333333333,22.333333333333332,50.78,1.0
2023-11-10 17:30:00,1516.0,22.333333333333332,50.78,1.0
2023-11-10 18:00:00,1487.0,22.366666666666664,50.78,1.0
2023-11-10 18:30:00,1415.3333333333333,22.3,50.78,1.0
2023-11-10 19:00:00,1398.0,22.3,50.78,1.0
2023-11-10 19:30:00,1376.0,22.3,50.78,1.0
2023-11-10 20:00:00,1371.3333333333333,22.3,50.78,1.0
2023-11-10 20:30:00,1347.3333333333333,22.3,50.78,1.0
2023-11-10 21:00:00,1332.6666666666667,22.2,50.78,1.0
2023-11-10 21:30:00,1307.3333333333333,22.233333333333334,50.78,1.0
2023-11-10 22:00:00,1321.0,22.266666666666666,50.78,1.0
2023-11-10 22:30:00,1273.0,22.2,50.78,1.0
2023-11-10 23:00:00,1271.0,22.2,50.910000000000004,1.0
2023-11-10 23:30:00,1230.3333333333333,22.2,50.78,1.0
2023-11-11 00:00:00,1223.6666666666667,22.166666666666668,50.910000000000004,1.0
2023-11-11 00:30:00,1193.3333333333333,22.100000000000005,51.169999999999995,1.0
2023-11-11 01:00:00,1150.3333333333333,22.166666666666668,50.910000000000004,1.0
2023-11-11 01:30:00,1148.6666666666667,22.166666666666668,51.04,1.0
2023-11-11 02:00:00,1123.6666666666667,22.133333333333336,51.169999999999995,1.0
2023-11-11 02:30:00,1106.0,22.100000000000005,51.169999999999995,1.0
2023-11-11 03:00:00,1086.0,22.133333333333336,51.04,1.0
2023-11-11 03:30:00,1078.6666666666667,22.133333333333336,51.169999999999995,1.0
2023-11-11 04:00:00,1049.6666666666667,22.100000000000005,51.04,1.0
2023-11-11 04:30:00,1066.3333333333333,22.133333333333336,51.169999999999995,1.0
2023-11-11 05:00:00,1002.0,22.100000000000005,51.169999999999995,1.0
2023-11-11 05:30:00,1023.6666666666666,22.066666666666666,51.04,1.0
2023-11-11 06:00:00,977.0,22.099999999999998,51.04,1.0
2023-11-11 06:30:00,964.0,22.066666666666666,51.04,1.0
2023-11-11 07:00:00,941.3333333333334,22.100000000000005,50.78,1.0
2023-11-11 07:30:00,937.3333333333334,22.100000000000005,50.910000000000004,1.0
2023-11-11 08:00:00,902.0,22.066666666666666,50.910000000000004,1.0
2023-11-11 08:30:00,877.3333333333334,22.100000000000005,50.78,1.0
2023-11-11 09:00:00,873.6666666666666,22.066666666666666,50.78,1.0
2023-11-11 09:30:00,831.0,22.066666666666666,50.78,1.0
2023-11-11 10:00:00,829.6666666666666,22.0,50.910000000000004,1.0
2023-11-11 10:30:00,800.3333333333334,22.0,50.910000000000004,1.0
2023-11-11 11:00:00,793.0,22.03333333333333,50.78,1.0
2023-11-11 11:30:00,795.0,22.05,50.78,1.0
2023-11-11 12:00:00,751.0,22.0,50.78,1.0
2023-11-11 12:30:00,768.0,22.03333333333333,50.78,1.0
2023-11-11 13:00:00,748.0,22.066666666666666,50.78,1.0
2023-11-11 13:30:00,740.3333333333334,22.066666666666666,50.78,1.0
2023-11-11 14:00:00,699.6666666666666,22.03333333333333,50.78,1.0
2023-11-11 14:30:00,707.6666666666666,22.0,50.910000000000004,1.0
2023-11-11 15:00:00,693.3333333333334,22.0,50.78,1.0
2023-11-11 15:30:00,677.0,22.066666666666666,50.78,1.0
2023-11-11 16:00:00,687.0,22.066666666666666,50.78,1.0
2023-11-11 16:30:00,664.6666666666666,22.0,50.78,1.0
2023-11-11 17:00:00,649.3333333333334,22.100000000000005,50.78,1.0
2023-11-11 17:30:00,651.6666666666666,22.066666666666666,50.78,1.0
2023-11-11 18:00:00,651.3333333333334,22.03333333333333,50.78,1.0
2023-11-11 18:30:00,618.6666666666666,21.96666666666667,50.78,1.0
2023-11-11 19:00:00,652.6666666666666,22.066666666666666,50.78,1.0
2023-11-11 19:30:00,615.6666666666666,22.0,50.78,1.0
2023-11-11 20:00:00,630.0,22.0,50.78,1.0
2023-11-11 20:30:00,619.0,21.96666666666667,50.78,1.0
2023-11-11 21:00:00,610.3333333333334,21.96666666666667,50.78,1.0
2023-11-11 21:30:00,610.6666666666666,21.933333333333334,50.78,1.0
2023-11-11 22:00:00,614.3333333333334,22.0,50.78,1.0
2023-11-11 22:30:00,604.0,21.96666666666667,50.78,1.0
2023-11-11 23:00:00,604.6666666666666,21.96666666666667,50.78,1.0
2023-11-11 23:30:00,610.6666666666666,22.0,50.78,1.0
2023-11-12 00:00:00,597.3333333333334,21.899999999999995,50.78,1.0
2023-11-12 00:30:00,598.0,22.0,50.78,1.0
2023-11-12 01:00:00,588.3333333333334,21.96666666666667,50.78,1.0
2023-11-12 01:30:00,601.6666666666666,21.96666666666667,50.78,1.0
2023-11-12 02:00:00,569.3333333333334,21.933333333333334,50.78,1.0
2023-11-12 02:30:00,532.3333333333334,21.899999999999995,50.78,1.0
2023-11-12 03:00:00,583.0,21.933333333333334,50.78,1.0
2023-11-12 03:30:00,595.6666666666666,21.96666666666667,50.78,1.0
2023-11-12 04:00:00,554.0,21.96666666666667,50.78,1.0
2023-11-12 04:30:00,571.0,21.96666666666667,50.78,1.0
2023-11-12 05:00:00,566.3333333333334,21.899999999999995,50.78,1.0
2023-11-12 05:30:00,569.6666666666666,21.899999999999995,50.78,1.0
2023-11-12 06:00:00,556.6666666666666,21.933333333333334,50.78,1.0
2023-11-12 06:30:00,521.3333333333334,21.899999999999995,50.78,1.0
2023-11-12 07:00:00,543.6666666666666,21.933333333333334,50.78,1.0
2023-11-12 07:30:00,555.6666666666666,21.933333333333334,50.65,1.0
2023-11-12 08:00:00,545.0,21.933333333333334,50.52,1.0
2023-11-12 08:30:00,577.3333333333334,21.933333333333334,50.65,1.0
2023-11-12 09:00:00,549.6666666666666,21.899999999999995,50.39000000000001,1.0
2023-11-12 09:30:00,532.6666666666666,21.899999999999995,50.65,1.0
2023-11-12 10:00:00,519.0,21.933333333333334,50.65,1.0
2023-11-12 10:30:00,548.6666666666666,21.96666666666667,50.52,1.0
2023-11-12 11:00:00,516.6666666666666,21.933333333333334,50.65,1.0
2023-11-12 11:30:00,536.0,21.933333333333334,50.65,1.0
2023-11-12 12:00:00,523.5,21.9,50.585,1.0
2023-11-12 12:30:00,513.0,21.899999999999995,50.52,1.0
2023-11-12 13:00:00,509.3333333333333,21.933333333333334,50.52,1.0
2023-11-12 13:30:00,522.0,21.96666666666667,50.65,1.0
2023-11-12 14:00:00,518.0,21.96666666666667,50.52,1.0
2023-11-12 14:30:00,514.0,21.96666666666667,50.39000000000001,1.0
2023-11-12 15:00:00,526.0,21.96666666666667,50.52,1.0
2023-11-12 15:30:00,490.0,21.96666666666667,50.52,1.0
2023-11-12 16:00:00,501.0,21.933333333333334,50.39000000000001,1.0
2023-11-12 16:30:00,514.3333333333334,21.899999999999995,50.52,1.0
2023-11-12 17:00:00,505.3333333333333,21.899999999999995,50.39000000000001,1.0
2023-11-12 17:30:00,506.3333333333333,21.899999999999995,50.39000000000001,1.0
2023-11-12 18:00:00,507.3333333333333,21.933333333333334,50.39000000000001,1.0
2023-11-12 18:30:00,514.0,21.933333333333334,50.39000000000001,1.0
2023-11-12 19:00:00,496.0,21.899999999999995,50.39000000000001,1.0
2023-11-12 19:30:00,519.3333333333334,21.899999999999995,50.39000000000001,1.0
2023-11-12 20:00:00,505.3333333333333,21.899999999999995,50.39000000000001,1.0
2023-11-12 20:30:00,505.6666666666667,21.899999999999995,50.39000000000001,1.0
2023-11-12 21:00:00,493.0,21.899999999999995,50.39000000000001,1.0
2023-11-12 21:30:00,497.3333333333333,21.866666666666664,50.39000000000001,1.0
2023-11-12 22:00:00,502.0,21.833333333333332,50.39000000000001,1.0
2023-11-12 22:30:00,519.6666666666666,21.899999999999995,50.39000000000001,1.0
2023-11-12 23:00:00,492.0,21.899999999999995,50.39000000000001,1.0
2023-11-12 23:30:00,490.6666666666667,21.833333333333332,50.39000000000001,1.0
2023-11-13 00:00:00,492.6666666666667,21.899999999999995,50.39000000000001,1.0
2023-11-13 00:30:00,497.6666666666667,21.899999999999995,50.39000000000001,1.0
2023-11-13 01:00:00,502.0,21.9,50.39,1.0
2023-11-13 01:30:00,482.0,21.9,50.39,1.0
2023-11-13 02:00:00,,,,
2023-11-13 02:30:00,,,,
2023-11-13 03:00:00,468.0,21.8,50.39,
2023-11-13 03:30:00,,,,
2023-11-13 04:00:00,483.0,21.8,50.39,
2023-11-13 04:30:00,482.0,21.866666666666664,50.39000000000001,1.0
2023-11-13 05:00:00,488.3333333333333,21.866666666666664,50.39000000000001,1.0
2023-11-13 05:30:00,463.0,21.8,50.39,1.0
2023-11-13 06:00:00,464.5,21.85,50.39,1.0
2023-11-13 06:30:00,494.75,21.8,50.0,1.0
2023-11-13 07:00:00,466.5,21.75,50.0,1.0
2023-11-13 07:30:00,477.3333333333333,21.866666666666664,47.13333333333333,0.25
2023-11-13 08:00:00,593.6666666666666,22.03333333333333,46.09,1.0
2023-11-13 08:30:00,819.3333333333334,22.266666666666666,46.09,1.0
2023-11-13 09:00:00,1022.6666666666666,22.433333333333334,47.01,1.0
2023-11-13 09:30:00,934.0,22.5,46.09,1.0
2023-11-13 10:00:00,1062.0,22.566666666666666,46.74666666666667,1.0
2023-11-13 10:30:00,1164.6666666666667,22.666666666666668,47.14000000000001,1.0
2023-11-13 11:00:00,1222.3333333333333,22.633333333333336,46.876666666666665,1.0
2023-11-13 11:30:00,1256.6666666666667,22.566666666666666,47.53,1.0
2023-11-13 12:00:00,1176.3333333333333,22.333333333333332,48.04999999999999,1.0
2023-11-13 12:30:00,1257.3333333333333,22.333333333333332,47.79,1.0
2023-11-13 13:00:00,1266.6666666666667,22.666666666666668,46.61333333333334,1.0
2023-11-13 13:30:00,1284.0,22.8,46.35,1.0
2023-11-13 14:00:00,1375.0,22.833333333333332,46.74666666666667,1.0
2023-11-13 14:30:00,1426.0,22.833333333333332,46.88,1.0
2023-11-13 15:00:00,1476.3333333333333,22.866666666666664,47.01,1.0
2023-11-13 15:30:00,1536.0,22.833333333333332,47.14000000000001,1.0
2023-11-13 16:00:00,1534.6666666666667,22.833333333333332,47.66,1.0
2023-11-13 16:30:00,1494.6666666666667,22.666666666666668,48.04999999999999,1.0
2023-11-13 17:00:00,1385.0,22.53333333333333,48.04999999999999,1.0
2023-11-13 17:30:00,1325.6666666666667,22.433333333333334,48.04999999999999,1.0
2023-11-13 18:00:00,1279.6666666666667,22.433333333333334,48.31,1.0
2023-11-13 18:30:00,1228.6666666666667,22.399999999999995,48.04999999999999,1.0
2023-11-13 19:00:00,1168.6666666666667,22.366666666666664,48.04999999999999,1.0
2023-11-13 19:30:00,1126.6666666666667,22.366666666666664,48.04999999999999,1.0
2023-11-13 20:00:00,1093.0,22.366666666666664,48.04999999999999,1.0
2023-11-13 20:30:00,1034.0,22.333333333333332,48.04999999999999,1.0
2023-11-13 21:00:00,989.6666666666666,22.266666666666666,48.04999999999999,1.0
2023-11-13 21:30:00,999.6666666666666,22.3,48.04999999999999,1.0
2023-11-13 22:00:00,958.6666666666666,22.3,48.31,1.0
2023-11-13 22:30:00,919.0,22.233333333333334,48.18,1.0
2023-11-13 23:00:00,935.0,22.2,48.04999999999999,1.0
2023-11-13 23:30:00,860.3333333333334,22.266666666666666,48.04999999999999,1.0
2023-11-14 00:00:00,876.3333333333334,22.2,48.04999999999999,1.0
2023-11-14 00:30:00,848.0,22.166666666666668,48.04999999999999,1.0
2023-11-14 01:00:00,811.5,22.15,48.05,1.0
2023-11-14 01:30:00,799.6666666666666,22.166666666666668,48.04999999999999,1.0
2023-11-14 02:00:00,727.3333333333334,22.100000000000005,48.04999999999999,1.0
2023-11-14 02:30:00,727.6666666666666,22.100000000000005,48.04999999999999,1.0
2023-11-14 03:00:00,691.3333333333334,22.100000000000005,48.04999999999999,1.0
2023-11-14 03:30:00,719.3333333333334,22.066666666666666,48.04999999999999,1.0
2023-11-14 04:00:00,680.0,22.066666666666666,48.04999999999999,1.0
2023-11-14 04:30:00,651.3333333333334,22.03333333333333,48.04999999999999,1.0
2023-11-14 05:00:00,652.0,22.0,48.04999999999999,1.0
2023-11-14 05:30:00,621.6666666666666,22.03333333333333,48.04999999999999,1.0
2023-11-14 06:00:00,641.0,22.0,48.04999999999999,1.0
2023-11-14 06:30:00,592.0,21.96666666666667,48.04999999999999,1.0
2023-11-14 07:00:00,599.0,21.96666666666667,48.04999999999999,1.0
2023-11-14 07:30:00,584.0,21.96666666666667,47.919999999999995,1.0
2023-11-14 08:00:00,785.0,22.066666666666666,48.050000000000004,0.75
2023-11-14 08:30:00,936.0,22.233333333333334,48.18,1.0
2023-11-14 09:00:00,1042.0,22.46666666666667,49.74,1.0
2023-11-14 09:30:00,1146.0,22.5,49.089999999999996,1.0
2023-11-14 10:00:00,1123.3333333333333,22.5,48.56999999999999,1.0
2023-11-14 10:30:00,1043.0,22.266666666666666,48.96,1.0
2023-11-14 11:00:00,1011.3333333333334,22.166666666666668,48.830000000000005,1.0
2023-11-14 11:30:00,1253.6666666666667,22.166666666666668,49.35,1.0
2023-11-14 12:00:00,1374.6666666666667,22.233333333333334,49.60999999999999,1.0
2023-11-14 12:30:00,1328.0,22.166666666666668,49.60999999999999,1.0
2023-11-14 13:00:00,1250.6666666666667,22.133333333333336,49.48,1.0
2023-11-14 13:30:00,1237.3333333333333,22.066666666666666,49.22,1.0
2023-11-14 14:00:00,1167.6666666666667,22.066666666666666,49.22,1.0
2023-11-14 14:30:00,1120.0,22.03333333333333,49.22,1.0
2023-11-14 15:00:00,1140.0,22.066666666666666,49.22,1.0
2023-11-14 15:30:00,1083.6666666666667,22.0,49.22,1.0
2023-11-14 16:00:00,1057.0,21.933333333333334,49.089999999999996,1.0
2023-11-14 16:30:00,1026.3333333333333,22.233333333333334,46.48333333333333,1.0
2023-11-14 17:00:00,1076.6666666666667,22.46666666666667,46.35,1.0
2023-11-14 17:30:00,1068.0,22.3,47.27,1.0
2023-11-14 18:00:00,1009.0,22.133333333333336,47.66,1.0
2023-11-14 18:30:00,964.3333333333334,22.099999999999998,47.66,1.0
2023-11-14 19:00:00,924.0,22.0,47.66,1.0
2023-11-14 19:30:00,918.0,22.0,47.66,1.0
2023-11-14 20:00:00,860.6666666666666,22.0,47.79,1.0
2023-11-14 20:30:00,855.3333333333334,22.0,47.919999999999995,1.0
2023-11-14 21:00:00,820.6666666666666,22.03333333333333,47.66,1.0
2023-11-14 21:30:00,798.0,21.95,47.855,1.0
2023-11-14 22:00:00,795.6666666666666,22.03333333333333,47.919999999999995,1.0
2023-11-14 22:30:00,749.3333333333334,22.0,47.79,1.0
2023-11-14 23:00:00,749.0,21.96666666666667,47.66,1.0
2023-11-14 23:30:00,730.3333333333334,21.96666666666667,47.66,1.0
2023-11-15 00:00:00,720.5,22.0,47.66,1.0
2023-11-15 00:30:00,706.6666666666666,22.0,47.66,1.0
2023-11-15 01:00:00,692.3333333333334,21.96666666666667,47.79,1.0
2023-11-15 01:30:00,677.0,21.96666666666667,47.66,1.0
2023-11-15 02:00:00,650.3333333333334,21.899999999999995,47.66,1.0
2023-11-15 02:30:00,656.6666666666666,21.899999999999995,47.66,1.0
2023-11-15 03:00:00,622.3333333333334,21.933333333333334,47.66,1.0
2023-11-15 03:30:00,620.6666666666666,21.899999999999995,47.66,1.0
2023-11-15 04:00:00,626.6666666666666,21.899999999999995,47.66,1.0
2023-11-15 04:30:00,621.6666666666666,21.866666666666664,47.66,1.0
2023-11-15 05:00:00,590.3333333333334,21.833333333333332,47.66,1.0
2023-11-15 05:30:00,575.3333333333334,21.866666666666664,47.66,1.0
2023-11-15 06:00:00,588.0,21.8,47.66,1.0
2023-11-15 06:30:00,579.6666666666666,21.833333333333332,47.66,1.0
2023-11-15 07:00:00,548.0,21.833333333333332,47.53,1.0
2023-11-15 07:30:00,555.6666666666666,21.733333333333334,46.35666666666666,1.0
2023-11-15 08:00:00,676.3333333333334,22.03333333333333,44.01,1.0
2023-11-15 08:30:00,919.3333333333334,22.2,45.699999999999996,1.0
2023-11-15 09:00:00,964.6666666666666,22.366666666666664,45.830000000000005,1.0
2023-11-15 09:30:00,1079.6666666666667,22.333333333333332,46.09,1.0
2023-11-15 10:00:00,1371.0,22.53333333333333,46.35333333333333,1.0
2023-11-15 10:30:00,1227.6666666666667,22.53333333333333,45.44,1.0
2023-11-15 11:00:00,1438.0,22.666666666666668,45.31,1.0
2023-11-15 11:30:00,1358.0,22.53333333333333,45.44,1.0
2023-11-15 12:00:00,1492.0,22.600000000000005,45.44,1.0
2023-11-15 12:30:00,1500.0,22.666666666666668,45.31,1.0
2023-11-15 13:00:00,1454.6666666666667,22.7,44.79,1.0
2023-11-15 13:30:00,1467.3333333333333,22.766666666666666,44.53,1.0
2023-11-15 14:00:00,1472.0,22.733333333333334,44.53,1.0
2023-11-15 14:30:00,1476.3333333333333,22.833333333333332,44.27,1.0
2023-11-15 15:00:00,1565.6666666666667,22.733333333333334,44.53,1.0
2023-11-15 15:30:00,1525.0,22.53333333333333,45.57,1.0
2023-11-15 16:00:00,1483.3333333333333,22.5,45.96,1.0
2023-11-15 16:30:00,1456.0,22.399999999999995,46.09,1.0
2023-11-15 17:00:00,1383.3333333333333,22.399999999999995,46.09,1.0
2023-11-15 17:30:00,1347.6666666666667,22.3,46.09,1.0
2023-11-15 18:00:00,1286.3333333333333,22.3,46.48,1.0
2023-11-15 18:30:00,1232.6666666666667,22.266666666666666,46.48,1.0
2023-11-15 19:00:00,1236.6666666666667,22.266666666666666,46.48,1.0
2023-11-15 19:30:00,1154.6666666666667,22.266666666666666,46.48,1.0
2023-11-15 20:00:00,1145.6666666666667,22.233333333333334,46.48,1.0
2023-11-15 20:30:00,1086.6666666666667,22.166666666666668,46.48,1.0
2023-11-15 21:00:00,1024.0,22.133333333333336,46.48,1.0
2023-11-15 21:30:00,1018.3333333333334,22.166666666666668,46.61333333333334,1.0
2023-11-15 22:00:00,949.0,22.133333333333336,46.48,1.0
2023-11-15 22:30:00,971.5,22.05,46.48,1.0
2023-11-15 23:00:00,901.0,22.066666666666666,46.48,1.0
2023-11-15 23:30:00,868.0,22.100000000000005,46.48,1.0
2023-11-16 00:00:00,854.3333333333334,22.100000000000005,46.48,1.0
2023-11-16 00:30:00,819.6666666666666,22.03333333333333,46.48,1.0
2023-11-16 01:00:00,802.6666666666666,22.03333333333333,46.48,1.0
2023-11-16 01:30:00,761.3333333333334,22.0,46.48,1.0
2023-11-16 02:00:00,742.3333333333334,21.96666666666667,46.48,1.0
2023-11-16 02:30:00,700.0,21.96666666666667,46.35,1.0
2023-11-16 03:00:00,689.0,21.899999999999995,46.35,1.0
2023-11-16 03:30:00,676.3333333333334,21.899999999999995,46.09,1.0
2023-11-16 04:00:00,656.0,21.866666666666664,46.09,1.0
2023-11-16 04:30:00,629.0,21.833333333333332,46.09,1.0
2023-11-16 05:00:00,616.3333333333334,21.866666666666664,46.09,1.0
2023-11-16 05:30:00,599.3333333333334,21.833333333333332,46.09,1.0
2023-11-16 06:00:00,571.3333333333334,21.833333333333332,45.70000000000001,1.0
2023-11-16 06:30:00,587.0,21.766666666666666,45.70000000000001,1.0
2023-11-16 07:00:00,532.0,21.8,45.57,1.0
2023-11-16 07:30:00,547.3333333333334,21.733333333333334,45.96,1.0
2023-11-16 08:00:00,613.0,21.866666666666664,45.96333333333334,1.0
2023-11-16 08:30:00,717.0,22.03333333333333,45.830000000000005,1.0
2023-11-16 09:00:00,901.3333333333334,22.266666666666666,46.61333333333334,1.0
2023-11-16 09:30:00,1279.6666666666667,22.366666666666664,50.0,1.0
2023-11-16 10:00:00,1253.0,22.366666666666664,47.919999999999995,0.75
2023-11-16 10:30:00,934.3333333333334,22.03333333333333,46.35333333333333,1.0
2023-11-16 11:00:00,1133.0,22.46666666666667,47.27,1.0
2023-11-16 11:30:00,1138.6666666666667,22.46666666666667,47.01,1.0
2023-11-16 12:00:00,1120.0,22.3,47.4,1.0
2023-11-16 12:30:00,1449.3333333333333,22.233333333333334,48.96,1.0
2023-11-16 13:00:00,1235.6666666666667,22.266666666666666,47.79,1.0
2023-11-16 13:30:00,1598.3333333333333,22.5,48.96,1.0
2023-11-16 14:00:00,1887.6666666666667,22.733333333333334,50.0,1.0
2023-11-16 14:30:00,1989.0,22.733333333333334,50.129999999999995,1.0
2023-11-16 15:00:00,1607.0,22.633333333333336,47.916666666666664,1.0
2023-11-16 15:30:00,1030.3333333333333,22.633333333333336,44.4,1.0
2023-11-16 16:00:00,937.3333333333334,22.666666666666668,44.01,1.0
2023-11-16 16:30:00,965.0,22.7,44.4,1.0
2023-11-16 17:00:00,917.6666666666666,22.7,44.14000000000001,1.0
2023-11-16 17:30:00,930.0,22.766666666666666,44.14000000000001,1.0
2023-11-16 18:00:00,923.0,22.666666666666668,44.79,1.0
2023-11-16 18:30:00,829.6666666666666,22.433333333333334,45.31,1.0
2023-11-16 19:00:00,813.3333333333334,22.366666666666664,45.18000000000001,1.0
2023-11-16 19:30:00,770.0,22.266666666666666,45.44,1.0
2023-11-16 20:00:00,766.6666666666666,22.233333333333334,45.44,1.0
2023-11-16 20:30:00,736.6666666666666,22.166666666666668,45.70000000000001,1.0
2023-11-16 21:00:00,719.3333333333334,22.166666666666668,45.57,1.0
2023-11-16 21:30:00,734.6666666666666,22.100000000000005,45.44,1.0
2023-11-16 22:00:00,690.0,22.133333333333336,45.44,1.0
2023-11-16 22:30:00,678.0,22.03333333333333,45.44,1.0
2023-11-16 23:00:00,673.0,22.03333333333333,45.44,1.0
2023-11-16 23:30:00,603.0,21.96666666666667,45.70000000000001,1.0
2023-11-17 00:00:00,606.0,22.03333333333333,45.31,1.0
2023-11-17 00:30:00,602.3333333333334,22.0,45.44,1.0
2023-11-17 01:00:00,595.6666666666666,22.0,45.70000000000001,1.0
2023-11-17 01:30:00,595.0,21.95,45.7,1.0
2023-11-17 02:00:00,568.3333333333334,21.866666666666664,45.70000000000001,1.0
2023-11-17 02:30:00,584.0,21.899999999999995,45.70000000000001,1.0
2023-11-17 03:00:00,557.6666666666666,21.833333333333332,45.70000000000001,1.0
2023-11-17 03:30:00,562.3333333333334,21.833333333333332,45.70000000000001,1.0
2023-11-17 04:00:00,524.0,21.833333333333332,45.70000000000001,1.0
2023-11-17 04:30:00,540.3333333333334,21.833333333333332,45.70000000000001,1.0
2023-11-17 05:00:00,570.0,21.833333333333332,45.70000000000001,1.0
2023-11-17 05:30:00,527.0,21.766666666666666,45.70000000000001,1.0
2023-11-17 06:00:00,519.6666666666666,21.8,45.70000000000001,1.0
2023-11-17 06:30:00,515.6666666666666,21.766666666666666,45.70000000000001,1.0
2023-11-17 07:00:00,504.3333333333333,21.7,45.70000000000001,1.0
2023-11-17 07:30:00,549.3333333333334,21.8,44.919999999999995,1.0
2023-11-17 08:00:00,627.6666666666666,22.0,43.75,1.0
2023-11-17 08:30:00,1274.6666666666667,22.166666666666668,48.17666666666667,1.0
2023-11-17 09:00:00,1681.0,22.366666666666664,50.26,0.75
2023-11-17 09:30:00,1886.0,22.433333333333334,51.82,1.0
2023-11-17 10:00:00,1619.6666666666667,22.46666666666667,48.82666666666666,1.0
2023-11-17 10:30:00,1230.5,22.4,45.7,1.0
2023-11-17 11:00:00,1375.3333333333333,22.46666666666667,45.96,1.0
2023-11-17 11:30:00,1415.0,22.366666666666664,46.74666666666667,1.0
2023-11-17 12:00:00,1327.0,22.133333333333336,46.61333333333334,1.0
2023-11-17 12:30:00,1374.6666666666667,22.233333333333334,45.96,1.0
2023-11-17 13:00:00,2034.3333333333333,22.433333333333334,48.04999999999999,1.0
2023-11-17 13:30:00,2116.0,22.46666666666667,48.18,1.0
2023-11-17 14:00:00,2430.3333333333335,22.433333333333334,49.22,1.0
2023-11-17 14:30:00,2654.6666666666665,22.399999999999995,50.0,1.0
2023-11-17 15:00:00,2765.3333333333335,22.433333333333334,50.26,1.0
2023-11-17 15:30:00,3344.0,22.566666666666666,52.343333333333334,1.0
2023-11-17 16:00:00,3185.6666666666665,22.666666666666668,52.73666666666666,1.0
2023-11-17 16:30:00,1858.3333333333333,22.633333333333336,47.27,1.0
2023-11-17 17:00:00,1673.0,22.433333333333334,47.53,1.0
2023-11-17 17:30:00,1611.0,22.3,47.4,1.0
2023-11-17 18:00:00,1560.3333333333333,22.266666666666666,47.27,1.0
2023-11-17 18:30:00,1468.3333333333333,22.233333333333334,47.27,1.0
2023-11-17 19:00:00,1421.6666666666667,22.133333333333336,47.27,1.0
2023-11-17 19:30:00,1377.6666666666667,22.100000000000005,47.27,1.0
2023-11-17 20:00:00,1318.0,22.066666666666666,47.27,1.0
2023-11-17 20:30:00,1283.6666666666667,22.100000000000005,47.14000000000001,1.0
2023-11-17 21:00:00,1236.6666666666667,22.03333333333333,47.01,1.0
2023-11-17 21:30:00,1187.6666666666667,22.03333333333333,47.01,1.0
2023-11-17 22:00:00,1170.5,22.05,46.88,1.0
2023-11-17 22:30:00,1135.0,21.899999999999995,47.14000000000001,1.0
2023-11-17 23:00:00,1094.6666666666667,21.96666666666667,46.88,1.0
2023-11-17 23:30:00,1068.6666666666667,21.933333333333334,46.88,1.0
2023-11-18 00:00:00,1021.6666666666666,21.866666666666664,46.88,1.0
2023-11-18 00:30:00,1014.0,21.866666666666664,46.88,1.0
2023-11-18 01:00:00,988.0,21.899999999999995,46.88,1.0
2023-11-18 01:30:00,934.0,21.833333333333332,46.88,1.0
2023-11-18 02:00:00,945.3333333333334,21.8,46.88,1.0
2023-11-18 02:30:00,929.6666666666666,21.8,46.88,1.0
2023-11-18 03:00:00,879.0,21.766666666666666,46.74666666666667,1.0
2023-11-18 03:30:00,863.3333333333334,21.7,46.88,1.0
2023-11-18 04:00:00,830.3333333333334,21.766666666666666,46.74666666666667,1.0
2023-11-18 04:30:00,810.3333333333334,21.733333333333334,46.61333333333334,1.0
2023-11-18 05:00:00,798.3333333333334,21.7,46.61333333333334,1.0
2023-11-18 05:30:00,766.0,21.733333333333334,46.61333333333334,1.0
2023-11-18 06:00:00,732.6666666666666,21.633333333333336,46.61333333333334,1.0
2023-11-18 06:30:00,700.6666666666666,21.7,46.22,1.0
2023-11-18 07:00:00,659.0,21.633333333333336,45.96,1.0
2023-11-18 07:30:00,666.0,21.666666666666668,45.830000000000005,1.0
2023-11-18 08:00:00,668.6666666666666,21.633333333333336,45.70000000000001,1.0
2023-11-18 08:30:00,639.0,21.633333333333336,45.70000000000001,1.0
2023-11-18 09:00:00,661.6666666666666,21.600000000000005,45.31,1.0
2023-11-18 09:30:00,627.0,21.53333333333333,45.31,1.0
2023-11-18 10:00:00,604.3333333333334,21.633333333333336,45.31,1.0
2023-11-18 10:30:00,602.6666666666666,21.566666666666666,45.31,1.0
2023-11-18 11:00:00,588.6666666666666,21.600000000000005,45.18000000000001,1.0
2023-11-18 11:30:00,571.3333333333334,21.600000000000005,45.050000000000004,1.0
2023-11-18 12:00:00,571.3333333333334,21.53333333333333,45.050000000000004,1.0
2023-11-18 12:30:00,540.3333333333334,21.566666666666666,44.919999999999995,1.0
2023-11-18 13:00:00,537.3333333333334,21.566666666666666,44.79,1.0
2023-11-18 13:30:00,525.0,21.53333333333333,44.660000000000004,1.0
2023-11-18 14:00:00,531.0,21.5,44.53,1.0
2023-11-18 14:30:00,539.6666666666666,21.5,44.53,1.0
2023-11-18 15:00:00,516.0,21.5,44.53,1.0
2023-11-18 15:30:00,510.3333333333333,21.5,44.53,1.0
2023-11-18 16:00:00,509.3333333333333,21.399999999999995,44.53,1.0
2023-11-18 16:30:00,498.3333333333333,21.46666666666667,44.53,1.0
2023-11-18 17:00:00,534.3333333333334,21.46666666666667,44.4,1.0
2023-11-18 17:30:00,521.3333333333334,21.46666666666667,44.4,1.0
2023-11-18 18:00:00,494.0,21.399999999999995,44.4,1.0
2023-11-18 18:30:00,482.6666666666667,21.46666666666667,44.4,1.0
2023-11-18 19:00:00,470.0,21.433333333333334,44.53,1.0
2023-11-18 19:30:00,468.0,21.399999999999995,44.53,1.0
2023-11-18 20:00:00,474.6666666666667,21.399999999999995,44.53,1.0
2023-11-18 20:30:00,466.6666666666667,21.399999999999995,44.53,1.0
2023-11-18 21:00:00,449.6666666666667,21.433333333333334,44.919999999999995,1.0
2023-11-18 21:30:00,465.6666666666667,21.433333333333334,44.919999999999995,1.0
2023-11-18 22:00:00,484.0,21.5,44.919999999999995,1.0
2023-11-18 22:30:00,458.6666666666667,21.399999999999995,44.919999999999995,1.0
2023-11-18 23:00:00,451.0,21.399999999999995,44.919999999999995,1.0
2023-11-18 23:30:00,470.6666666666667,21.433333333333334,44.919999999999995,1.0
2023-11-19 00:00:00,460.3333333333333,21.433333333333334,45.18000000000001,1.0
2023-11-19 00:30:00,467.3333333333333,21.399999999999995,45.31,1.0
2023-11-19 01:00:00,441.6666666666667,21.399999999999995,45.31,1.0
2023-11-19 01:30:00,448.6666666666667,21.399999999999995,45.18000000000001,1.0
2023-11-19 02:00:00,461.0,21.366666666666664,45.31,1.0
2023-11-19 02:30:00,459.6666666666667,21.399999999999995,45.18000000000001,1.0
2023-11-19 03:00:00,450.3333333333333,21.333333333333332,45.31,1.0
2023-11-19 03:30:00,434.0,21.366666666666664,45.31,1.0
2023-11-19 04:00:00,430.3333333333333,21.366666666666664,45.31,1.0
2023-11-19 04:30:00,446.3333333333333,21.399999999999995,45.31,1.0
2023-11-19 05:00:00,439.6666666666667,21.333333333333332,45.31,1.0
2023-11-19 05:30:00,409.0,21.433333333333334,45.31,1.0
2023-11-19 06:00:00,442.6666666666667,21.399999999999995,45.31,1.0
2023-11-19 06:30:00,444.0,21.399999999999995,45.31,1.0
2023-11-19 07:00:00,425.6666666666667,21.400000000000002,45.31,1.0
2023-11-19 07:30:00,421.6666666666667,21.399999999999995,45.31,1.0
2023-11-19 08:00:00,404.6666666666667,21.399999999999995,45.31,1.0
2023-11-19 08:30:00,442.5,21.4,45.31,1.0
2023-11-19 09:00:00,408.3333333333333,21.433333333333334,45.31,1.0
2023-11-19 09:30:00,424.6666666666667,21.399999999999995,45.31,1.0
2023-11-19 10:00:00,420.3333333333333,21.399999999999995,45.31,1.0
2023-11-19 10:30:00,421.3333333333333,21.433333333333334,45.31,1.0
2023-11-19 11:00:00,397.6666666666667,21.399999999999995,45.31,1.0
2023-11-19 11:30:00,409.3333333333333,21.366666666666664,45.31,1.0
2023-11-19 12:00:00,429.6666666666667,21.399999999999995,45.31,1.0
2023-11-19 12:30:00,421.3333333333333,21.366666666666664,45.18000000000001,1.0
2023-11-19 13:00:00,426.6666666666667,21.433333333333334,45.18000000000001,1.0
2023-11-19 13:30:00,408.0,21.366666666666664,44.919999999999995,1.0
2023-11-19 14:00:00,414.6666666666667,21.3,44.919999999999995,1.0
2023-11-19 14:30:00,415.3333333333333,21.366666666666664,44.919999999999995,1.0
2023-11-19 15:00:00,404.6666666666667,21.366666666666664,44.919999999999995,1.0
2023-11-19 15:30:00,410.6666666666667,21.333333333333332,44.919999999999995,1.0
2023-11-19 16:00:00,427.0,21.399999999999995,44.919999999999995,1.0
2023-11-19 16:30:00,413.0,21.399999999999995,44.919999999999995,1.0
2023-11-19 17:00:00,419.0,21.366666666666664,44.919999999999995,1.0
2023-11-19 17:30:00,382.3333333333333,21.3,44.919999999999995,1.0
2023-11-19 18:00:00,404.0,21.333333333333332,44.919999999999995,1.0
2023-11-19 18:30:00,401.3333333333333,21.399999999999995,44.919999999999995,1.0
2023-11-19 19:00:00,426.3333333333333,21.333333333333332,44.919999999999995,1.0
2023-11-19 19:30:00,435.3333333333333,21.366666666666664,44.919999999999995,1.0
2023-11-19 20:00:00,401.6666666666667,21.366666666666664,44.919999999999995,1.0
2023-11-19 20:30:00,417.3333333333333,21.333333333333332,44.919999999999995,1.0
2023-11-19 21:00:00,425.3333333333333,21.366666666666664,44.919999999999995,1.0
2023-11-19 21:30:00,431.6666666666667,21.366666666666664,44.919999999999995,1.0
2023-11-19 22:00:00,393.3333333333333,21.399999999999995,44.919999999999995,1.0
2023-11-19 22:30:00,418.6666666666667,21.3,44.919999999999995,1.0
2023-11-19 23:00:00,404.0,21.399999999999995,45.050000000000004,1.0
2023-11-19 23:30:00,409.0,21.366666666666664,45.31,1.0
2023-11-20 00:00:00,419.0,21.366666666666664,45.050000000000004,1.0
2023-11-20 00:30:00,396.0,21.399999999999995,44.919999999999995,1.0
2023-11-20 01:00:00,385.0,21.333333333333332,45.18000000000001,1.0
2023-11-20 01:30:00,384.6666666666667,21.366666666666664,45.18000000000001,1.0
2023-11-20 02:00:00,405.3333333333333,21.366666666666664,45.18000000000001,1.0
2023-11-20 02:30:00,397.3333333333333,21.399999999999995,45.050000000000004,1.0
2023-11-20 03:00:00,387.3333333333333,21.399999999999995,45.31,1.0
2023-11-20 03:30:00,408.6666666666667,21.366666666666664,45.31,1.0
2023-11-20 04:00:00,399.3333333333333,21.333333333333332,45.31,1.0
2023-11-20 04:30:00,373.3333333333333,21.399999999999995,45.31,1.0
2023-11-20 05:00:00,395.0,21.333333333333332,45.31,1.0
2023-11-20 05:30:00,393.3333333333333,21.366666666666664,45.31,1.0
2023-11-20 06:00:00,382.3333333333333,21.366666666666664,45.31,1.0
2023-11-20 06:30:00,399.6666666666667,21.366666666666664,45.18000000000001,1.0
2023-11-20 07:00:00,396.6666666666667,21.333333333333332,45.18000000000001,1.0
2023-11-20 07:30:00,411.0,21.366666666666664,44.919999999999995,1.0
2023-11-20 08:00:00,576.6666666666666,21.599999999999998,43.35999999999999,1.0
2023-11-20 08:30:00,779.6666666666666,21.8,43.49,1.0
2023-11-20 09:00:00,955.3333333333334,21.96666666666667,43.49,1.0
2023-11-20 09:30:00,960.6666666666666,22.03333333333333,43.35999999999999,1.0
2023-11-20 10:00:00,1233.0,22.0,44.79,1.0
2023-11-20 10:30:00,1306.3333333333333,21.866666666666664,45.31,1.0
2023-11-20 11:00:00,1196.0,21.8,45.31,1.0
2023-11-20 11:30:00,1208.0,21.8,45.18000000000001,1.0
2023-11-20 12:00:00,1281.3333333333333,21.766666666666666,45.31,1.0
2023-11-20 12:30:00,1543.0,22.066666666666666,44.660000000000004,1.0
2023-11-20 13:00:00,1633.0,22.2,44.79,1.0
2023-11-20 13:30:00,1602.6666666666667,22.166666666666668,44.53,1.0
2023-11-20 14:00:00,1677.3333333333333,22.233333333333334,44.919999999999995,1.0
2023-11-20 14:30:00,1765.3333333333333,22.166666666666668,45.44,1.0
2023-11-20 15:00:00,1639.0,22.03333333333333,45.57,1.0
2023-11-20 15:30:00,1594.6666666666667,21.933333333333334,45.57,1.0
2023-11-20 16:00:00,1547.0,21.95,45.31,1.0
2023-11-20 16:30:00,1501.0,21.899999999999995,45.31,1.0
2023-11-20 17:00:00,1404.0,21.8,45.31,1.0
2023-11-20 17:30:00,1345.3333333333333,21.8,45.31,1.0
2023-11-20 18:00:00,1288.6666666666667,21.8,45.31,1.0
2023-11-20 18:30:00,1215.0,21.8,44.919999999999995,1.0
2023-11-20 19:00:00,1156.3333333333333,21.8,44.919999999999995,1.0
2023-11-20 19:30:00,1099.3333333333333,21.766666666666666,45.18000000000001,1.0
2023-11-20 20:00:00,1094.0,21.733333333333334,45.31,1.0
2023-11-20 20:30:00,1045.3333333333333,21.7,45.31,1.0
2023-11-20 21:00:00,1044.0,21.7,45.31,1.0
2023-11-20 21:30:00,981.3333333333334,21.7,45.31,1.0
2023-11-20 22:00:00,962.3333333333334,21.7,45.31,1.0
2023-11-20 22:30:00,926.0,21.7,45.18000000000001,1.0
2023-11-20 23:00:00,906.6666666666666,21.666666666666668,45.18000000000001,1.0
2023-11-20 23:30:00,873.0,21.633333333333336,45.18000000000001,1.0
2023-11-21 00:00:00,838.0,21.666666666666668,45.050000000000004,1.0
2023-11-21 00:30:00,827.3333333333334,21.666666666666668,45.31,1.0
2023-11-21 01:00:00,808.3333333333334,21.633333333333336,45.18000000000001,1.0
2023-11-21 01:30:00,779.0,21.666666666666668,45.18000000000001,1.0
2023-11-21 02:00:00,772.0,21.600000000000005,45.31,1.0
2023-11-21 02:30:00,742.6666666666666,21.633333333333336,45.31,1.0
2023-11-21 03:00:00,732.3333333333334,21.599999999999998,45.31,1.0
2023-11-21 03:30:00,718.0,21.600000000000005,45.31,1.0
2023-11-21 04:00:00,718.0,21.599999999999998,45.31,1.0
2023-11-21 04:30:00,727.3333333333334,21.566666666666666,45.31,1.0
2023-11-21 05:00:00,671.0,21.5,45.31,1.0
2023-11-21 05:30:00,659.6666666666666,21.53333333333333,45.31,1.0
2023-11-21 06:00:00,668.0,21.566666666666666,44.919999999999995,1.0
2023-11-21 06:30:00,649.6666666666666,21.5,44.919999999999995,1.0
2023-11-21 07:00:00,638.3333333333334,21.433333333333334,44.919999999999995,1.0
2023-11-21 07:30:00,691.6666666666666,21.766666666666666,42.32,1.0
2023-11-21 08:00:00,761.6666666666666,21.933333333333334,41.93,1.0
2023-11-21 08:30:00,844.3333333333334,22.133333333333336,41.54,1.0
2023-11-21 09:00:00,1077.0,22.133333333333336,42.839999999999996,1.0
2023-11-21 09:30:00,1417.6666666666667,22.100000000000005,44.660000000000004,1.0
2023-11-21 10:00:00,1397.3333333333333,22.100000000000005,44.27,1.0
2023-11-21 10:30:00,1181.6666666666667,22.2,42.32,1.0
2023-11-21 11:00:00,1125.6666666666667,22.233333333333334,42.059999999999995,1.0
2023-11-21 11:30:00,1128.6666666666667,22.133333333333336,42.32,1.0
2023-11-21 12:00:00,1205.0,22.066666666666666,43.23,1.0
2023-11-21 12:30:00,1126.0,21.933333333333334,43.35999999999999,1.0
2023-11-21 13:00:00,1081.0,21.866666666666664,43.35999999999999,1.0
2023-11-21 13:30:00,1038.0,21.766666666666666,43.35999999999999,1.0
2023-11-21 14:00:00,1002.3333333333334,21.7,43.35999999999999,1.0
2023-11-21 14:30:00,954.0,21.7,43.36,1.0
2023-11-21 15:00:00,933.6666666666666,21.633333333333336,43.35999999999999,1.0
2023-11-21 15:30:00,930.3333333333334,21.666666666666668,43.35999999999999,1.0
2023-11-21 16:00:00,918.0,21.633333333333336,43.35999999999999,1.0
2023-11-21 16:30:00,1152.3333333333333,21.600000000000005,43.23,1.0
2023-11-21 17:00:00,1077.3333333333333,21.666666666666668,43.35999999999999,1.0
2023-11-21 17:30:00,1054.3333333333333,21.600000000000005,43.35999999999999,1.0
2023-11-21 18:00:00,1013.3333333333334,21.599999999999998,43.35999999999999,1.0
2023-11-21 18:30:00,955.3333333333334,21.633333333333336,43.35999999999999,1.0
2023-11-21 19:00:00,952.0,21.600000000000005,43.35999999999999,1.0
2023-11-21 19:30:00,951.3333333333334,21.600000000000005,43.49,1.0
2023-11-21 20:00:00,914.0,21.600000000000005,43.620000000000005,1.0
2023-11-21 20:30:00,857.3333333333334,21.566666666666666,43.75,1.0
2023-11-21 21:00:00,878.3333333333334,21.53333333333333,43.75,1.0
2023-11-21 21:30:00,858.6666666666666,21.53333333333333,44.01,1.0
2023-11-21 22:00:00,837.6666666666666,21.5,44.14000000000001,1.0
2023-11-21 22:30:00,830.3333333333334,21.566666666666666,44.14000000000001,1.0
2023-11-21 23:00:00,809.3333333333334,21.566666666666666,44.14000000000001,1.0
2023-11-21 23:30:00,783.0,21.5,44.14000000000001,1.0
2023-11-22 00:00:00,771.6666666666666,21.5,44.14000000000001,1.0
2023-11-22 00:30:00,749.3333333333334,21.53333333333333,44.14000000000001,1.0
2023-11-22 01:00:00,730.0,21.5,44.14000000000001,1.0
2023-11-22 01:30:00,728.6666666666666,21.5,44.14000000000001,1.0
2023-11-22 02:00:00,751.6666666666666,21.46666666666667,44.27,1.0
2023-11-22 02:30:00,714.3333333333334,21.433333333333334,44.27,1.0
2023-11-22 03:00:00,695.6666666666666,21.5,44.27,1.0
2023-11-22 03:30:00,675.6666666666666,21.46666666666667,44.4,1.0
2023-11-22 04:00:00,684.6666666666666,21.46666666666667,44.4,1.0
2023-11-22 04:30:00,670.0,21.46666666666667,44.53,1.0
2023-11-22 05:00:00,686.3333333333334,21.399999999999995,44.27,1.0
2023-11-22 05:30:00,642.6666666666666,21.433333333333334,44.4,1.0
2023-11-22 06:00:00,667.3333333333334,21.399999999999995,44.27,1.0
2023-11-22 06:30:00,623.3333333333334,21.399999999999995,44.14000000000001,1.0
2023-11-22 07:00:00,621.6666666666666,21.366666666666664,44.14000000000001,0.75
2023-11-22 07:30:00,612.6666666666666,21.599999999999998,39.97,1.0
2023-11-22 08:00:00,775.6666666666666,21.866666666666664,40.23,1.0
2023-11-22 08:30:00,1002.6666666666666,21.933333333333334,41.276666666666664,1.0
2023-11-22 09:00:00,1130.6666666666667,21.866666666666664,42.449999999999996,1.0
2023-11-22 09:30:00,1076.0,21.666666666666668,42.97,1.0
2023-11-22 10:00:00,1055.6666666666667,21.600000000000005,42.97,1.0
2023-11-22 10:30:00,1020.6666666666666,21.566666666666666,43.23,1.0
2023-11-22 11:00:00,998.3333333333334,21.53333333333333,43.35999999999999,1.0
2023-11-22 11:30:00,1194.3333333333333,21.53333333333333,42.97,1.0
2023-11-22 12:00:00,1388.0,21.8,41.54,1.0
2023-11-22 12:30:00,1448.6666666666667,21.933333333333334,41.28,1.0
2023-11-22 13:00:00,1702.0,22.0,42.58,1.0
2023-11-22 13:30:00,1752.5,22.15,42.97,1.0
2023-11-22 14:00:00,1607.3333333333333,22.100000000000005,41.8,1.0
2023-11-22 14:30:00,1779.3333333333333,22.233333333333334,42.32,1.0
2023-11-22 15:00:00,1802.3333333333333,22.3,42.059999999999995,1.0
2023-11-22 15:30:00,1733.0,22.066666666666666,42.71,1.0
2023-11-22 16:00:00,1617.6666666666667,21.899999999999995,42.97,1.0
2023-11-22 16:30:00,1605.6666666666667,21.866666666666664,42.97,1.0
2023-11-22 17:00:00,1575.0,21.8,43.1,1.0
2023-11-22 17:30:00,1497.3333333333333,21.733333333333334,43.1,1.0
2023-11-22 18:00:00,1479.3333333333333,21.7,43.35999999999999,1.0
2023-11-22 18:30:00,1434.0,21.733333333333334,43.35999999999999,1.0
2023-11-22 19:00:00,1354.3333333333333,21.733333333333334,43.35999999999999,1.0
2023-11-22 19:30:00,1316.3333333333333,21.633333333333336,43.35999999999999,1.0
2023-11-22 20:00:00,1303.3333333333333,21.7,43.49,1.0
2023-11-22 20:30:00,1259.3333333333333,21.7,43.49,1.0
2023-11-22 21:00:00,1229.0,21.666666666666668,43.75,1.0
2023-11-22 21:30:00,1211.0,21.666666666666668,43.75,1.0
2023-11-22 22:00:00,1191.0,21.666666666666668,43.75,1.0
2023-11-22 22:30:00,1179.0,21.666666666666668,43.75,1.0
2023-11-22 23:00:00,1127.3333333333333,21.666666666666668,43.879999999999995,1.0
2023-11-22 23:30:00,1091.3333333333333,21.666666666666668,43.75,1.0
2023-11-23 00:00:00,1076.3333333333333,21.633333333333336,44.14000000000001,1.0
2023-11-23 00:30:00,1054.3333333333333,21.599999999999998,44.14000000000001,1.0
2023-11-23 01:00:00,1029.0,21.633333333333336,44.14000000000001,1.0
2023-11-23 01:30:00,1020.3333333333334,21.566666666666666,44.14000000000001,1.0
2023-11-23 02:00:00,988.6666666666666,21.566666666666666,44.14000000000001,1.0
2023-11-23 02:30:00,985.6666666666666,21.633333333333336,44.14000000000001,1.0
2023-11-23 03:00:00,965.3333333333334,21.53333333333333,44.4,1.0
2023-11-23 03:30:00,932.6666666666666,21.566666666666666,44.4,1.0
2023-11-23 04:00:00,919.6666666666666,21.566666666666666,44.4,1.0
2023-11-23 04:30:00,925.0,21.566666666666666,44.53,1.0
2023-11-23 05:00:00,897.0,21.566666666666666,44.53,1.0
2023-11-23 05:30:00,898.0,21.566666666666666,44.53,1.0
2023-11-23 06:00:00,889.0,21.55,44.53,1.0
2023-11-23 06:30:00,884.6666666666666,21.5,44.53,1.0
2023-11-23 07:00:00,867.3333333333334,21.566666666666666,44.53,1.0
2023-11-23 07:30:00,817.0,21.53333333333333,44.79,1.0
2023-11-23 08:00:00,1083.0,21.833333333333332,46.48666666666667,1.0
2023-11-23 08:30:00,1159.6666666666667,21.933333333333334,47.27,1.0
2023-11-23 09:00:00,1294.6666666666667,22.0,47.919999999999995,1.0
2023-11-23 09:30:00,1325.0,22.100000000000005,48.18,1.0
2023-11-23 10:00:00,1295.3333333333333,22.133333333333336,47.79,1.0
2023-11-23 10:30:00,1358.3333333333333,22.133333333333336,48.18,1.0
2023-11-23 11:00:00,1489.0,22.233333333333334,48.31,1.0
2023-11-23 11:30:00,1469.3333333333333,22.099999999999998,48.18,1.0
2023-11-23 12:00:00,2180.3333333333335,22.2,50.910000000000004,1.0
2023-11-23 12:30:00,2885.3333333333335,22.433333333333334,52.86333333333334,1.0
2023-11-23 13:00:00,2542.3333333333335,22.433333333333334,51.69333333333333,0.75
2023-11-23 13:30:00,1803.3333333333333,22.266666666666666,49.74,1.0
2023-11-23 14:00:00,1377.0,22.100000000000005,47.919999999999995,1.0
2023-11-23 14:30:00,1288.6666666666667,21.933333333333334,47.66,1.0
2023-11-23 15:00:00,1020.0,21.866666666666664,46.74666666666667,1.0
2023-11-23 15:30:00,845.6666666666666,21.833333333333332,45.31,1.0
2023-11-23 16:00:00,747.3333333333334,21.866666666666664,44.660000000000004,1.0
2023-11-23 16:30:00,676.6666666666666,21.8,44.14000000000001,1.0
2023-11-23 17:00:00,595.0,21.866666666666664,43.35999999999999,1.0
2023-11-23 17:30:00,548.0,21.8,42.449999999999996,1.0
2023-11-23 18:00:00,528.0,21.733333333333334,41.93,1.0
2023-11-23 18:30:00,502.0,21.8,41.41,1.0
2023-11-23 19:00:00,517.3333333333334,21.7,41.02,1.0
2023-11-23 19:30:00,647.6666666666666,21.8,41.8,1.0
2023-11-23 20:00:00,614.0,21.7,41.669999999999995,1.0
2023-11-23 20:30:00,616.6666666666666,21.733333333333334,40.88666666666666,1.0
2023-11-23 21:00:00,610.0,21.633333333333336,40.75333333333333,1.0
2023-11-23 21:30:00,566.6666666666666,21.666666666666668,40.88666666666666,1.0
2023-11-23 22:00:00,574.6666666666666,21.7,40.62,1.0
2023-11-23 22:30:00,548.6666666666666,21.633333333333336,40.62,1.0
2023-11-23 23:00:00,565.6666666666666,21.633333333333336,40.23,1.0
2023-11-23 23:30:00,560.3333333333334,21.666666666666668,40.23,1.0
2023-11-24 00:00:00,570.0,21.7,39.97,1.0
2023-11-24 00:30:00,518.3333333333334,21.633333333333336,39.580000000000005,1.0
2023-11-24 01:00:00,534.3333333333334,21.600000000000005,39.580000000000005,1.0
2023-11-24 01:30:00,521.0,21.600000000000005,39.45,1.0
2023-11-24 02:00:00,507.0,21.633333333333336,39.45,1.0
2023-11-24 02:30:00,499.6666666666667,21.600000000000005,39.32,1.0
2023-11-24 03:00:00,517.6666666666666,21.599999999999998,39.06,1.0
2023-11-24 03:30:00,497.3333333333333,21.53333333333333,38.93,1.0
2023-11-24 04:00:00,496.6666666666667,21.566666666666666,38.67,1.0
2023-11-24 04:30:00,497.3333333333333,21.53333333333333,38.67,1.0
2023-11-24 05:00:00,491.3333333333333,21.53333333333333,38.28,1.0
2023-11-24 05:30:00,472.6666666666667,21.53333333333333,38.02,1.0
2023-11-24 06:00:00,490.3333333333333,21.46666666666667,37.76,1.0
2023-11-24 06:30:00,450.3333333333333,21.53333333333333,37.11,1.0
2023-11-24 07:00:00,423.0,21.53333333333333,36.33,1.0
2023-11-24 07:30:00,650.0,21.566666666666666,37.63,1.0
2023-11-24 08:00:00,925.6666666666666,21.8,40.1,1.0
2023-11-24 08:30:00,1023.0,21.933333333333334,41.54,1.0
2023-11-24 09:00:00,1186.3333333333333,22.03333333333333,42.32,1.0
2023-11-24 09:30:00,1290.5,22.1,42.58,1.0
2023-11-24 10:00:00,1462.6666666666667,22.100000000000005,43.35999999999999,1.0
2023-11-24 10:30:00,1499.3333333333333,22.166666666666668,43.35999999999999,1.0
2023-11-24 11:00:00,1758.0,22.233333333333334,44.4,1.0
2023-11-24 11:30:00,1671.3333333333333,22.100000000000005,44.4,1.0
2023-11-24 12:00:00,1662.3333333333333,21.899999999999995,44.4,1.0
2023-11-24 12:30:00,1681.6666666666667,22.133333333333336,43.879999999999995,1.0
2023-11-24 13:00:00,1758.0,22.2,43.75,1.0
2023-11-24 13:30:00,1975.3333333333333,22.333333333333332,44.4,1.0
2023-11-24 14:00:00,2019.6666666666667,22.3,44.27,1.0
2023-11-24 14:30:00,2458.6666666666665,22.399999999999995,45.96333333333334,1.0
2023-11-24 15:00:00,3021.6666666666665,22.46666666666667,47.919999999999995,1.0
2023-11-24 15:30:00,2698.6666666666665,22.433333333333334,46.88,1.0
2023-11-24 16:00:00,2601.3333333333335,22.233333333333334,46.35,1.0
2023-11-24 16:30:00,2391.0,22.100000000000005,45.70000000000001,1.0
2023-11-24 17:00:00,2130.6666666666665,22.03333333333333,45.18000000000001,1.0
2023-11-24 17:30:00,2021.0,22.03333333333333,44.79,1.0
2023-11-24 18:00:00,1875.6666666666667,21.933333333333334,44.53,1.0
2023-11-24 18:30:00,1807.6666666666667,21.899999999999995,44.27,1.0
2023-11-24 19:00:00,1735.3333333333333,21.866666666666664,44.14000000000001,1.0
2023-11-24 19:30:00,1626.3333333333333,21.733333333333334,44.14000000000001,1.0
2023-11-24 20:00:00,1593.0,21.833333333333332,44.14000000000001,1.0
2023-11-24 20:30:00,1523.3333333333333,21.733333333333334,44.14000000000001,1.0
2023-11-24 21:00:00,1497.0,21.766666666666666,44.01,1.0
2023-11-24 21:30:00,1428.0,21.766666666666666,43.75,1.0
2023-11-24 22:00:00,1388.0,21.666666666666668,43.879999999999995,1.0
2023-11-24 22:30:00,1360.6666666666667,21.7,44.01,1.0
2023-11-24 23:00:00,1305.3333333333333,21.666666666666668,43.879999999999995,1.0
2023-11-24 23:30:00,1267.0,21.600000000000005,44.01,1.0
2023-11-25 00:00:00,1260.3333333333333,21.633333333333336,43.75,1.0
2023-11-25 00:30:00,1257.0,21.566666666666666,43.75,1.0
2023-11-25 01:00:00,1193.3333333333333,21.566666666666666,43.75,1.0
2023-11-25 01:30:00,1114.5,21.6,43.75,1.0
2023-11-25 02:00:00,1103.6666666666667,21.566666666666666,43.75,1.0
2023-11-25 02:30:00,1081.3333333333333,21.566666666666666,43.75,1.0
2023-11-25 03:00:00,1056.0,21.566666666666666,43.75,1.0
2023-11-25 03:30:00,1016.6666666666666,21.53333333333333,43.879999999999995,1.0
2023-11-25 04:00:00,997.6666666666666,21.46666666666667,43.75,1.0
2023-11-25 04:30:00,993.3333333333334,21.5,43.75,1.0
2023-11-25 05:00:00,975.0,21.46666666666667,43.75,1.0
2023-11-25 05:30:00,952.3333333333334,21.46666666666667,43.75,1.0
2023-11-25 06:00:00,938.6666666666666,21.46666666666667,43.75,1.0
2023-11-25 06:30:00,904.6666666666666,21.5,43.75,1.0
2023-11-25 07:00:00,874.6666666666666,21.46666666666667,43.620000000000005,1.0
2023-11-25 07:30:00,857.3333333333334,21.433333333333334,43.35999999999999,1.0
2023-11-25 08:00:00,818.0,21.433333333333334,43.35999999999999,1.0
2023-11-25 08:30:00,798.6666666666666,21.399999999999995,43.1,1.0
2023-11-25 09:00:00,786.3333333333334,21.399999999999995,42.97,1.0
2023-11-25 09:30:00,769.0,21.400000000000002,42.839999999999996,1.0
2023-11-25 10:00:00,722.0,21.366666666666664,42.58,1.0
2023-11-25 10:30:00,699.3333333333334,21.3,42.58,1.0
2023-11-25 11:00:00,698.6666666666666,21.333333333333332,42.32,1.0
2023-11-25 11:30:00,674.0,21.3,42.19,1.0
2023-11-25 12:00:00,688.3333333333334,21.366666666666664,41.93,1.0
2023-11-25 12:30:00,666.0,21.366666666666664,41.8,1.0
2023-11-25 13:00:00,634.0,21.333333333333332,41.8,1.0
2023-11-25 13:30:00,633.3333333333334,21.366666666666664,41.8,1.0
2023-11-25 14:00:00,604.0,21.366666666666664,41.8,1.0
2023-11-25 14:30:00,584.3333333333334,21.3,41.8,1.0
2023-11-25 15:00:00,592.0,21.3,41.8,1.0
2023-11-25 15:30:00,579.6666666666666,21.3,41.669999999999995,1.0
2023-11-25 16:00:00,581.3333333333334,21.3,41.8,1.0
2023-11-25 16:30:00,559.6666666666666,21.266666666666666,41.54,1.0
2023-11-25 17:00:00,564.0,21.333333333333332,41.41,1.0
2023-11-25 17:30:00,563.0,21.3,41.41,1.0
2023-11-25 18:00:00,556.0,21.3,41.28,1.0
2023-11-25 18:30:00,556.3333333333334,21.233333333333334,41.02,1.0
2023-11-25 19:00:00,531.6666666666666,21.3,41.02,1.0
2023-11-25 19:30:00,556.3333333333334,21.266666666666666,41.28,1.0
2023-11-25 20:00:00,545.3333333333334,21.3,41.41,1.0
2023-11-25 20:30:00,541.6666666666666,21.3,41.28,1.0
2023-11-25 21:00:00,518.3333333333334,21.3,41.41,1.0
2023-11-25 21:30:00,523.0,21.233333333333334,41.54,1.0
2023-11-25 22:00:00,531.0,21.233333333333334,41.41,1.0
2023-11-25 22:30:00,535.6666666666666,21.233333333333334,41.669999999999995,1.0
2023-11-25 23:00:00,514.6666666666666,21.2,41.669999999999995,1.0
2023-11-25 23:30:00,515.6666666666666,21.2,41.8,1.0
2023-11-26 00:00:00,530.3333333333334,21.233333333333334,41.8,1.0
2023-11-26 00:30:00,527.0,21.166666666666668,41.8,1.0
2023-11-26 01:00:00,521.0,21.2,41.8,1.0
2023-11-26 01:30:00,484.0,21.166666666666668,41.8,1.0
2023-11-26 02:00:00,508.0,21.166666666666668,41.8,1.0
2023-11-26 02:30:00,500.6666666666667,21.233333333333334,41.8,1.0
2023-11-26 03:00:00,500.3333333333333,21.166666666666668,41.8,1.0
2023-11-26 03:30:00,515.3333333333334,21.2,41.93,1.0
2023-11-26 04:00:00,509.3333333333333,21.2,41.8,1.0
2023-11-26 04:30:00,505.6666666666667,21.1,41.8,1.0
2023-11-26 05:00:00,495.0,21.133333333333336,41.8,1.0
2023-11-26 05:30:00,495.3333333333333,21.166666666666668,41.8,1.0
2023-11-26 06:00:00,476.6666666666667,21.2,41.93,1.0
2023-11-26 06:30:00,490.6666666666667,21.133333333333336,41.8,1.0
2023-11-26 07:00:00,494.6666666666667,21.1,41.8,1.0
2023-11-26 07:30:00,511.0,21.133333333333336,41.41,1.0
2023-11-26 08:00:00,487.0,21.133333333333336,41.54,1.0
2023-11-26 08:30:00,482.0,21.133333333333336,41.54,1.0
2023-11-26 09:00:00,476.3333333333333,21.1,41.41,1.0
2023-11-26 09:30:00,484.3333333333333,21.166666666666668,41.41,1.0
2023-11-26 10:00:00,480.6666666666667,21.166666666666668,41.41,1.0
2023-11-26 10:30:00,494.0,21.166666666666668,41.41,1.0
2023-11-26 11:00:00,455.6666666666667,21.133333333333336,41.41,1.0
2023-11-26 11:30:00,503.5,21.1,41.41,1.0
2023-11-26 12:00:00,471.6666666666667,21.133333333333336,41.41,1.0
2023-11-26 12:30:00,469.6666666666667,21.133333333333336,41.41,1.0
2023-11-26 13:00:00,474.3333333333333,21.1,41.15,1.0
2023-11-26 13:30:00,471.0,21.1,41.41,1.0
2023-11-26 14:00:00,461.0,21.133333333333336,41.15,1.0
2023-11-26 14:30:00,473.3333333333333,21.166666666666668,41.41,1.0
2023-11-26 15:00:00,460.3333333333333,21.133333333333336,41.15,1.0
2023-11-26 15:30:00,454.6666666666667,21.166666666666668,41.28,1.0
2023-11-26 16:00:00,469.3333333333333,21.1,41.15,1.0
2023-11-26 16:30:00,485.3333333333333,21.1,41.28,1.0
2023-11-26 17:00:00,479.0,21.133333333333336,41.41,1.0
2023-11-26 17:30:00,478.6666666666667,21.133333333333336,41.15,1.0
2023-11-26 18:00:00,490.0,21.1,41.02,1.0
2023-11-26 18:30:00,448.6666666666667,21.2,41.02,1.0
2023-11-26 19:00:00,469.3333333333333,21.133333333333336,41.28,1.0
2023-11-26 19:30:00,480.6666666666667,21.166666666666668,41.41,1.0
2023-11-26 20:00:00,448.0,21.166666666666668,41.41,1.0
2023-11-26 20:30:00,469.3333333333333,21.1,41.41,1.0
2023-11-26 21:00:00,471.6666666666667,21.133333333333336,41.41,1.0
2023-11-26 21:30:00,456.6666666666667,21.166666666666668,41.669999999999995,1.0
2023-11-26 22:00:00,451.3333333333333,21.1,41.669999999999995,1.0
2023-11-26 22:30:00,473.6666666666667,21.133333333333336,41.669999999999995,1.0
2023-11-26 23:00:00,472.6666666666667,21.1,41.669999999999995,1.0
2023-11-26 23:30:00,485.3333333333333,21.1,41.8,1.0
2023-11-27 00:00:00,474.6666666666667,21.166666666666668,41.8,1.0
2023-11-27 00:30:00,471.6666666666667,21.1,41.8,1.0
2023-11-27 01:00:00,473.6666666666667,21.133333333333333,41.8,1.0
2023-11-27 01:30:00,486.6666666666667,21.099999999999998,41.8,1.0
2023-11-27 02:00:00,465.3333333333333,21.099999999999998,41.8,1.0
2023-11-27 02:30:00,489.3333333333333,21.066666666666666,41.8,1.0
2023-11-27 03:00:00,478.3333333333333,21.099999999999998,41.669999999999995,1.0
2023-11-27 03:30:00,466.6666666666667,21.033333333333335,41.54,1.0
2023-11-27 04:00:00,469.3333333333333,21.1,41.8,1.0
2023-11-27 04:30:00,447.6666666666667,21.066666666666666,41.8,1.0
2023-11-27 05:00:00,470.3333333333333,21.066666666666666,41.8,1.0
2023-11-27 05:30:00,457.0,21.099999999999998,41.8,1.0
2023-11-27 06:00:00,468.0,21.1,41.41,1.0
2023-11-27 06:30:00,466.6666666666667,21.066666666666666,41.41,1.0
2023-11-27 07:00:00,467.3333333333333,21.066666666666666,41.02,1.0
2023-11-27 07:30:00,491.3333333333333,21.166666666666668,37.50333333333333,1.0
2023-11-27 08:00:00,643.6666666666666,21.46666666666667,36.07,1.0
2023-11-27 08:30:00,707.0,21.566666666666666,36.46,1.0
2023-11-27 09:00:00,818.6666666666666,21.666666666666668,37.24,1.0
2023-11-27 09:30:00,965.0,21.7,37.63,1.0
2023-11-27 10:00:00,1173.0,21.733333333333334,38.54,1.0
2023-11-27 10:30:00,1844.3333333333333,21.733333333333334,42.06,1.0
2023-11-27 11:00:00,2570.0,21.8,44.14000000000001,1.0
2023-11-27 11:30:00,2665.3333333333335,21.833333333333332,43.61666666666667,1.0
2023-11-27 12:00:00,1744.3333333333333,21.833333333333332,40.49,1.0
2023-11-27 12:30:00,1570.3333333333333,21.96666666666667,39.45,1.0
2023-11-27 13:00:00,1672.3333333333333,22.0,40.36333333333334,1.0
2023-11-27 13:30:00,1946.6666666666667,21.866666666666664,41.93,1.0
2023-11-27 14:00:00,1856.0,21.833333333333332,41.01333333333333,1.0
2023-11-27 14:30:00,1692.0,22.0,39.45,1.0
2023-11-27 15:00:00,1744.0,22.066666666666666,39.06,1.0
2023-11-27 15:30:00,1888.3333333333333,22.03333333333333,39.45,1.0
2023-11-27 16:00:00,1773.0,22.066666666666666,38.800000000000004,1.0
2023-11-27 16:30:00,1548.0,22.166666666666668,37.37,1.0
2023-11-27 17:00:00,1552.3333333333333,22.133333333333336,37.37,1.0
2023-11-27 17:30:00,1611.0,22.15,37.695,1.0
2023-11-27 18:00:00,1504.6666666666667,22.03333333333333,38.28,1.0
2023-11-27 18:30:00,1423.3333333333333,21.8,38.410000000000004,1.0
2023-11-27 19:00:00,1323.6666666666667,21.766666666666666,38.54,1.0
2023-11-27 19:30:00,1249.6666666666667,21.600000000000005,38.67,1.0
2023-11-27 20:00:00,1180.6666666666667,21.633333333333336,38.67,1.0
2023-11-27 20:30:00,1150.0,21.53333333333333,38.800000000000004,1.0
2023-11-27 21:00:00,1083.6666666666667,21.5,38.800000000000004,1.0
2023-11-27 21:30:00,1055.3333333333333,21.46666666666667,39.06,1.0
2023-11-27 22:00:00,998.3333333333334,21.46666666666667,39.06,1.0
2023-11-27 22:30:00,987.3333333333334,21.5,39.06,1.0
2023-11-27 23:00:00,923.3333333333334,21.399999999999995,39.06,1.0
2023-11-27 23:30:00,911.6666666666666,21.46666666666667,39.06,1.0
2023-11-28 00:00:00,869.3333333333334,21.433333333333334,39.06,1.0
2023-11-28 00:30:00,830.0,21.3,39.06,1.0
2023-11-28 01:00:00,794.3333333333334,21.333333333333332,39.06,1.0
2023-11-28 01:30:00,772.6666666666666,21.366666666666664,39.06,1.0
2023-11-28 02:00:00,769.3333333333334,21.266666666666666,38.67,1.0
2023-11-28 02:30:00,722.6666666666666,21.233333333333334,38.67,1.0
2023-11-28 03:00:00,698.6666666666666,21.2,38.67,1.0
2023-11-28 03:30:00,662.6666666666666,21.233333333333334,38.67,1.0
2023-11-28 04:00:00,681.3333333333334,21.233333333333334,38.67,1.0
2023-11-28 04:30:00,658.0,21.233333333333334,38.67,1.0
2023-11-28 05:00:00,647.3333333333334,21.2,38.67,1.0
2023-11-28 05:30:00,629.0,21.166666666666668,38.67,1.0
2023-11-28 06:00:00,599.6666666666666,21.166666666666668,38.67,1.0
2023-11-28 06:30:00,613.6666666666666,21.166666666666668,38.410000000000004,1.0
2023-11-28 07:00:00,598.3333333333334,21.1,38.28,1.0
2023-11-28 07:30:00,706.6666666666666,21.3,35.29,1.0
2023-11-28 08:00:00,847.3333333333334,21.566666666666666,35.55,1.0
2023-11-28 08:30:00,1013.0,21.600000000000005,36.33,1.0
2023-11-28 09:00:00,971.6666666666666,21.400000000000002,37.11,1.0
2023-11-28 09:30:00,937.6666666666666,21.266666666666666,37.5,1.0
2023-11-28 10:00:00,1364.6666666666667,21.566666666666666,37.5,1.0
2023-11-28 10:30:00,1426.3333333333333,21.7,36.33,1.0
2023-11-28 11:00:00,1277.6666666666667,21.7,35.550000000000004,1.0
2023-11-28 11:30:00,1329.6666666666667,21.666666666666668,35.16,1.0
2023-11-28 12:00:00,1383.6666666666667,21.566666666666666,36.85,1.0
2023-11-28 12:30:00,1296.3333333333333,21.46666666666667,37.11,1.0
2023-11-28 13:00:00,1266.0,21.333333333333332,37.37,1.0
2023-11-28 13:30:00,1214.3333333333333,21.266666666666666,37.5,1.0
2023-11-28 14:00:00,1144.0,21.233333333333334,37.89,1.0
2023-11-28 14:30:00,1102.0,21.133333333333336,37.89,1.0
2023-11-28 15:00:00,1071.0,21.133333333333336,37.89,1.0
2023-11-28 15:30:00,1030.5,21.15,37.89,1.0
2023-11-28 16:00:00,1018.6666666666666,21.133333333333336,38.02,1.0
2023-11-28 16:30:00,1386.6666666666667,21.400000000000002,35.55,1.0
2023-11-28 17:00:00,1358.6666666666667,21.599999999999998,36.33,1.0
2023-11-28 17:30:00,1291.3333333333333,21.333333333333332,37.11,1.0
2023-11-28 18:00:00,1246.6666666666667,21.233333333333334,37.37,1.0
2023-11-28 18:30:00,1188.6666666666667,21.2,37.5,1.0
2023-11-28 19:00:00,1163.3333333333333,21.166666666666668,37.5,1.0
2023-11-28 19:30:00,1108.6666666666667,21.166666666666668,37.89,1.0
2023-11-28 20:00:00,1075.0,21.133333333333336,38.15,1.0
2023-11-28 20:30:00,1057.3333333333333,21.066666666666666,38.28,1.0
2023-11-28 21:00:00,1006.6666666666666,21.066666666666666,38.28,1.0
2023-11-28 21:30:00,976.6666666666666,21.066666666666666,38.54,1.0
2023-11-28 22:00:00,932.3333333333334,21.0,38.67,1.0
2023-11-28 22:30:00,920.0,21.033333333333335,38.67,1.0
2023-11-28 23:00:00,891.0,21.033333333333335,38.800000000000004,1.0
2023-11-28 23:30:00,870.3333333333334,21.033333333333335,39.06,1.0
2023-11-29 00:00:00,867.0,21.066666666666666,38.93,1.0
2023-11-29 00:30:00,846.3333333333334,21.033333333333335,39.06,1.0
2023-11-29 01:00:00,834.6666666666666,21.033333333333335,39.06,1.0
2023-11-29 01:30:00,810.6666666666666,21.033333333333335,39.06,1.0
2023-11-29 02:00:00,788.3333333333334,21.0,39.06,1.0
2023-11-29 02:30:00,772.3333333333334,21.0,39.06,1.0
2023-11-29 03:00:00,753.3333333333334,21.033333333333335,39.06,1.0
2023-11-29 03:30:00,757.6666666666666,20.966666666666665,39.06,1.0
2023-11-29 04:00:00,721.3333333333334,20.966666666666665,39.190000000000005,1.0
2023-11-29 04:30:00,726.3333333333334,20.933333333333334,39.45,1.0
2023-11-29 05:00:00,719.6666666666666,20.9,39.45,1.0
2023-11-29 05:30:00,690.3333333333334,20.966666666666665,39.45,1.0
2023-11-29 06:00:00,704.3333333333334,20.966666666666665,39.06,1.0
2023-11-29 06:30:00,652.3333333333334,20.9,39.06,1.0
2023-11-29 07:00:00,643.6666666666666,20.9,38.800000000000004,1.0
2023-11-29 07:30:00,681.0,21.033333333333335,37.24,1.0
2023-11-29 08:00:00,808.6666666666666,21.266666666666666,34.77,1.0
2023-11-29 08:30:00,1027.0,21.433333333333334,35.29,
2023-11-29 09:00:00,1128.6666666666667,21.5,35.68,1.0
2023-11-29 09:30:00,1254.6666666666667,21.7,36.72,1.0
2023-11-29 10:00:00,1177.0,21.666666666666668,36.199999999999996,1.0
2023-11-29 10:30:00,1168.0,21.733333333333334,35.809999999999995,1.0
2023-11-29 11:00:00,1287.0,21.766666666666666,36.589999999999996,1.0
2023-11-29 11:30:00,1232.6666666666667,21.599999999999998,37.11,1.0
2023-11-29 12:00:00,1292.3333333333333,21.566666666666666,37.24,1.0
2023-11-29 12:30:00,1362.5,21.700000000000003,36.72,1.0
2023-11-29 13:00:00,1489.6666666666667,21.8,36.98,1.0
2023-11-29 13:30:00,1537.0,21.899999999999995,37.11,1.0
2023-11-29 14:00:00,1545.6666666666667,21.96666666666667,36.589999999999996,1.0
2023-11-29 14:30:00,1590.3333333333333,21.900000000000002,37.5,1.0
2023-11-29 15:00:00,1901.6666666666667,21.866666666666664,39.45,1.0
2023-11-29 15:30:00,1805.3333333333333,21.766666666666666,39.32,1.0
2023-11-29 16:00:00,1697.0,21.53333333333333,39.06,1.0
2023-11-29 16:30:00,1581.0,21.433333333333334,38.800000000000004,1.0
2023-11-29 17:00:00,1496.3333333333333,21.366666666666664,38.67,1.0
2023-11-29 17:30:00,1402.0,21.366666666666664,38.54,1.0
2023-11-29 18:00:00,1337.6666666666667,21.333333333333332,38.54,1.0
2023-11-29 18:30:00,1228.3333333333333,21.366666666666664,38.28,1.0
2023-11-29 19:00:00,1200.6666666666667,21.3,38.28,1.0
2023-11-29 19:30:00,1128.3333333333333,21.266666666666666,38.54,1.0
2023-11-29 20:00:00,1109.6666666666667,21.3,38.67,1.0
2023-11-29 20:30:00,1086.0,21.233333333333334,38.67,1.0
2023-11-29 21:00:00,1049.6666666666667,21.233333333333334,38.67,1.0
2023-11-29 21:30:00,999.3333333333334,21.233333333333334,38.67,1.0
2023-11-29 22:00:00,969.0,21.2,38.93,1.0
2023-11-29 22:30:00,923.0,21.266666666666666,38.67,1.0
2023-11-29 23:00:00,895.3333333333334,21.266666666666666,38.800000000000004,1.0
2023-11-29 23:30:00,869.3333333333334,21.2,38.93,1.0
2023-11-30 00:00:00,843.3333333333334,21.266666666666666,38.93,1.0
2023-11-30 00:30:00,809.6666666666666,21.233333333333334,39.06,1.0
2023-11-30 01:00:00,820.3333333333334,21.266666666666666,39.06,1.0
2023-11-30 01:30:00,794.0,21.2,38.93,1.0
2023-11-30 02:00:00,760.3333333333334,21.2,38.800000000000004,1.0
2023-11-30 02:30:00,716.6666666666666,21.166666666666668,38.800000000000004,1.0
2023-11-30 03:00:00,721.6666666666666,21.166666666666668,39.06,1.0
2023-11-30 03:30:00,713.3333333333334,21.133333333333336,38.800000000000004,1.0
2023-11-30 04:00:00,659.3333333333334,21.133333333333336,38.93,1.0
2023-11-30 04:30:00,672.3333333333334,21.1,38.800000000000004,1.0
2023-11-30 05:00:00,649.6666666666666,21.133333333333336,38.67,1.0
2023-11-30 05:30:00,623.3333333333334,21.1,38.67,1.0
2023-11-30 06:00:00,611.6666666666666,21.066666666666666,38.67,1.0
2023-11-30 06:30:00,610.3333333333334,21.066666666666666,38.54,1.0
2023-11-30 07:00:00,589.6666666666666,21.066666666666666,37.63,1.0
2023-11-30 07:30:00,789.6666666666666,21.433333333333334,36.85,1.0
2023-11-30 08:00:00,833.0,21.53333333333333,36.589999999999996,1.0
2023-11-30 08:30:00,883.0,21.600000000000005,37.37,1.0
2023-11-30 09:00:00,1018.6666666666666,21.600000000000005,38.15,1.0
2023-11-30 09:30:00,970.6666666666666,21.7,37.76,1.0
2023-11-30 10:00:00,1037.3333333333333,21.8,37.24,1.0
2023-11-30 10:30:00,1189.0,21.866666666666664,37.11,1.0
2023-11-30 11:00:00,1460.6666666666667,21.933333333333334,38.28,1.0
2023-11-30 11:30:00,1476.6666666666667,22.03333333333333,38.15,1.0
2023-11-30 12:00:00,1818.0,22.1,39.644999999999996,1.0
2023-11-30 12:30:00,2456.0,22.2,42.32,1.0
2023-11-30 13:00:00,2709.6666666666665,22.266666666666666,42.97,1.0
2023-11-30 13:30:00,1791.3333333333333,22.100000000000005,39.71333333333333,1.0
2023-11-30 14:00:00,1509.6666666666667,22.133333333333336,37.89,1.0
2023-11-30 14:30:00,1475.6666666666667,22.066666666666666,38.15,1.0
2023-11-30 15:00:00,1529.0,22.066666666666666,37.5,1.0
2023-11-30 15:30:00,1433.0,21.833333333333332,38.28,1.0
2023-11-30 16:00:00,1356.0,21.766666666666666,38.28,1.0
2023-11-30 16:30:00,1276.3333333333333,21.566666666666666,38.28,1.0
2023-11-30 17:00:00,1195.0,21.46666666666667,38.28,1.0
2023-11-30 17:30:00,1126.3333333333333,21.46666666666667,37.89,1.0
2023-11-30 18:00:00,1054.3333333333333,21.366666666666664,37.89,1.0
2023-11-30 18:30:00,1015.3333333333334,21.333333333333332,37.89,1.0
2023-11-30 19:00:00,955.3333333333334,21.333333333333332,37.89,1.0
2023-11-30 19:30:00,925.6666666666666,21.3,38.28,1.0
2023-11-30 20:00:00,911.0,21.266666666666666,38.28,1.0
2023-11-30 20:30:00,854.6666666666666,21.366666666666664,38.28,1.0
2023-11-30 21:00:00,857.6666666666666,21.333333333333332,38.28,1.0
2023-11-30 21:30:00,810.3333333333334,21.3,38.28,1.0
2023-11-30 22:00:00,777.3333333333334,21.3,38.28,1.0
2023-11-30 22:30:00,763.3333333333334,21.233333333333334,38.410000000000004,1.0
2023-11-30 23:00:00,743.3333333333334,21.233333333333334,38.67,1.0
2023-11-30 23:30:00,746.6666666666666,21.2,38.67,1.0
2023-12-01 00:00:00,728.3333333333334,21.2,38.67,1.0
2023-12-01 00:30:00,703.3333333333334,21.133333333333336,38.67,1.0
2023-12-01 01:00:00,722.0,21.133333333333336,38.67,1.0
2023-12-01 01:30:00,693.3333333333334,21.1,38.67,1.0
2023-12-01 02:00:00,700.3333333333334,21.1,38.800000000000004,1.0
2023-12-01 02:30:00,677.3333333333334,21.1,39.06,1.0
2023-12-01 03:00:00,664.0,21.133333333333336,39.06,1.0
2023-12-01 03:30:00,642.6666666666666,21.1,39.06,1.0
2023-12-01 04:00:00,638.0,21.1,39.06,1.0
2023-12-01 04:30:00,639.3333333333334,21.1,39.06,1.0
2023-12-01 05:00:00,612.3333333333334,21.1,39.06,1.0
2023-12-01 05:30:00,616.0,21.1,39.06,1.0
2023-12-01 06:00:00,589.3333333333334,21.033333333333335,39.06,1.0
2023-12-01 06:30:00,591.6666666666666,21.066666666666666,38.93,1.0
2023-12-01 07:00:00,592.3333333333334,21.1,38.67,1.0
2023-12-01 07:30:00,594.6666666666666,21.133333333333336,38.02,1.0
2023-12-01 08:00:00,814.3333333333334,21.3,37.24,1.0
2023-12-01 08:30:00,994.3333333333334,21.46666666666667,37.89,1.0
2023-12-01 09:00:00,1040.0,21.46666666666667,37.5,1.0
2023-12-01 09:30:00,1157.0,21.633333333333336,37.63,1.0
2023-12-01 10:00:00,1536.6666666666667,21.733333333333334,39.71,1.0
2023-12-01 10:30:00,1450.0,21.766666666666666,39.32,1.0
2023-12-01 11:00:00,1499.3333333333333,21.766666666666666,38.93,1.0
2023-12-01 11:30:00,1429.3333333333333,21.566666666666666,39.45,1.0
2023-12-01 12:00:00,1324.5,21.5,39.255,1.0
2023-12-01 12:30:00,1464.3333333333333,21.5,38.67,1.0
2023-12-01 13:00:00,1397.3333333333333,21.46666666666667,38.93,1.0
2023-12-01 13:30:00,1430.3333333333333,21.399999999999995,39.06,1.0
2023-12-01 14:00:00,1697.0,21.46666666666667,40.23,1.0
2023-12-01 14:30:00,1617.3333333333333,21.53333333333333,39.97,1.0
2023-12-01 15:00:00,1525.6666666666667,21.366666666666664,39.580000000000005,1.0
2023-12-01 15:30:00,1466.0,21.3,39.580000000000005,1.0
2023-12-01 16:00:00,1387.0,21.333333333333332,39.45,1.0
2023-12-01 16:30:00,1295.6666666666667,21.2,39.45,1.0
2023-12-01 17:00:00,1248.6666666666667,21.233333333333334,39.06,1.0
2023-12-01 17:30:00,1188.0,21.166666666666668,39.06,1.0
2023-12-01 18:00:00,1139.3333333333333,21.166666666666668,38.93,1.0
2023-12-01 18:30:00,1113.0,21.2,38.67,1.0
2023-12-01 19:00:00,1027.3333333333333,21.166666666666668,38.67,1.0
2023-12-01 19:30:00,1000.0,21.166666666666668,38.93,1.0
2023-12-01 20:00:00,976.6666666666666,21.166666666666668,39.06,1.0
2023-12-01 20:30:00,935.0,21.166666666666668,39.06,1.0
2023-12-01 21:00:00,912.3333333333334,21.1,39.06,1.0
2023-12-01 21:30:00,843.3333333333334,21.133333333333336,39.06,1.0
2023-12-01 22:00:00,888.3333333333334,21.2,39.06,1.0
2023-12-01 22:30:00,821.0,21.166666666666668,39.06,1.0
2023-12-01 23:00:00,814.6666666666666,21.133333333333336,39.06,1.0
2023-12-01 23:30:00,778.6666666666666,21.166666666666668,39.06,1.0
2023-12-02 00:00:00,777.0,21.133333333333336,39.06,1.0
2023-12-02 00:30:00,767.3333333333334,21.1,39.06,1.0
2023-12-02 01:00:00,721.3333333333334,21.1,39.06,1.0
2023-12-02 01:30:00,741.6666666666666,21.133333333333336,39.06,1.0
2023-12-02 02:00:00,713.6666666666666,21.066666666666666,39.06,1.0
2023-12-02 02:30:00,701.3333333333334,21.066666666666666,39.06,1.0
2023-12-02 03:00:00,685.0,21.066666666666666,39.190000000000005,1.0
2023-12-02 03:30:00,678.0,21.033333333333335,39.32,1.0
2023-12-02 04:00:00,674.0,21.1,39.190000000000005,1.0
2023-12-02 04:30:00,664.6666666666666,21.066666666666666,39.06,1.0
2023-12-02 05:00:00,636.0,21.1,39.32,1.0
2023-12-02 05:30:00,640.3333333333334,21.033333333333335,39.32,1.0
2023-12-02 06:00:00,629.3333333333334,21.033333333333335,39.06,1.0
2023-12-02 06:30:00,609.3333333333334,21.033333333333335,39.06,1.0
2023-12-02 07:00:00,617.3333333333334,20.966666666666665,38.93,1.0
2023-12-02 07:30:00,597.0,21.033333333333335,38.67,1.0
2023-12-02 08:00:00,586.0,21.033333333333335,38.67,1.0
2023-12-02 08:30:00,567.3333333333334,21.0,38.67,1.0
2023-12-02 09:00:00,562.3333333333334,21.033333333333335,38.67,1.0
2023-12-02 09:30:00,557.3333333333334,21.0,38.800000000000004,1.0
2023-12-02 10:00:00,569.3333333333334,21.066666666666666,38.67,1.0
2023-12-02 10:30:00,563.6666666666666,21.033333333333335,38.67,1.0
2023-12-02 11:00:00,555.0,21.033333333333335,38.67,1.0
2023-12-02 11:30:00,530.6666666666666,21.033333333333335,38.67,1.0
2023-12-02 12:00:00,512.6666666666666,21.0,38.67,1.0
2023-12-02 12:30:00,519.3333333333334,21.033333333333335,38.54,1.0
2023-12-02 13:00:00,522.0,21.033333333333335,38.410000000000004,1.0
2023-12-02 13:30:00,531.6666666666666,21.033333333333335,38.410000000000004,1.0
2023-12-02 14:00:00,519.3333333333334,21.066666666666666,38.28,1.0
2023-12-02 14:30:00,499.0,21.0,38.54,1.0
2023-12-02 15:00:00,509.6666666666667,21.033333333333335,38.28,1.0
2023-12-02 15:30:00,522.5,21.05,38.28,1.0
2023-12-02 16:00:00,509.5,20.975,38.475,1.0
2023-12-02 16:30:00,504.5,21.0,38.67,1.0
2023-12-02 17:00:00,506.0,21.0,38.28,1.0
2023-12-02 17:30:00,507.0,20.933333333333334,38.410000000000004,1.0
2023-12-02 18:00:00,486.0,21.0,38.28,1.0
2023-12-02 18:30:00,505.3333333333333,20.966666666666665,38.28,1.0
2023-12-02 19:00:00,497.3333333333333,20.966666666666665,38.28,1.0
2023-12-02 19:30:00,468.0,20.9,38.54,1.0
2023-12-02 20:00:00,465.6666666666667,20.933333333333334,38.67,1.0
2023-12-02 20:30:00,494.0,21.0,38.67,1.0
2023-12-02 21:00:00,488.6666666666667,21.066666666666666,38.67,1.0
2023-12-02 21:30:00,511.3333333333333,21.033333333333335,38.67,1.0
2023-12-02 22:00:00,477.3333333333333,20.966666666666665,38.67,1.0
2023-12-02 22:30:00,493.6666666666667,21.0,38.67,1.0
2023-12-02 23:00:00,490.3333333333333,21.0,38.67,1.0
2023-12-02 23:30:00,461.0,20.966666666666665,38.93,1.0
2023-12-03 00:00:00,507.0,20.966666666666665,39.06,1.0
2023-12-03 00:30:00,497.3333333333333,20.966666666666665,39.06,1.0
2023-12-03 01:00:00,487.6666666666667,21.0,39.06,1.0
2023-12-03 01:30:00,485.0,20.966666666666665,39.06,1.0
2023-12-03 02:00:00,484.0,20.966666666666665,39.06,1.0
2023-12-03 02:30:00,486.3333333333333,20.966666666666665,39.06,1.0
2023-12-03 03:00:00,471.6666666666667,20.933333333333334,39.06,1.0
2023-12-03 03:30:00,488.3333333333333,20.933333333333334,39.06,1.0
2023-12-03 04:00:00,484.3333333333333,21.0,39.06,1.0
2023-12-03 04:30:00,461.0,20.966666666666665,39.06,1.0
2023-12-03 05:00:00,477.0,20.933333333333334,39.06,1.0
2023-12-03 05:30:00,487.6666666666667,20.966666666666665,39.06,1.0
2023-12-03 06:00:00,482.0,20.933333333333334,38.800000000000004,1.0
2023-12-03 06:30:00,461.0,20.966666666666665,38.67,1.0
2023-12-03 07:00:00,483.3333333333333,20.966666666666665,38.67,1.0
2023-12-03 07:30:00,464.0,20.9,38.67,1.0
2023-12-03 08:00:00,461.6666666666667,20.933333333333334,38.67,1.0
2023-12-03 08:30:00,477.0,20.966666666666665,38.67,1.0
2023-12-03 09:00:00,475.6666666666667,21.0,38.67,1.0
2023-12-03 09:30:00,465.0,20.933333333333334,38.410000000000004,1.0
2023-12-03 10:00:00,466.6666666666667,20.9,38.54,1.0
2023-12-03 10:30:00,485.6666666666667,20.933333333333334,38.410000000000004,1.0
2023-12-03 11:00:00,469.3333333333333,20.966666666666665,38.28,1.0
2023-12-03 11:30:00,474.6666666666667,21.0,38.410000000000004,1.0
2023-12-03 12:00:00,486.0,20.933333333333334,38.410000000000004,1.0
2023-12-03 12:30:00,492.3333333333333,20.933333333333334,38.28,1.0
2023-12-03 13:00:00,469.6666666666667,20.933333333333334,38.410000000000004,1.0
2023-12-03 13:30:00,454.0,20.966666666666665,38.410000000000004,1.0
2023-12-03 14:00:00,492.3333333333333,21.0,38.28,1.0
2023-12-03 14:30:00,485.6666666666667,20.966666666666665,38.28,1.0
2023-12-03 15:00:00,462.3333333333333,20.933333333333334,38.28,1.0
2023-12-03 15:30:00,467.0,20.966666666666665,38.410000000000004,1.0
2023-12-03 16:00:00,449.6666666666667,20.966666666666665,38.28,1.0
2023-12-03 16:30:00,477.6666666666667,20.966666666666665,38.28,1.0
2023-12-03 17:00:00,485.3333333333333,20.933333333333334,38.28,1.0
2023-12-03 17:30:00,446.3333333333333,20.966666666666665,38.28,1.0
2023-12-03 18:00:00,454.0,20.933333333333334,38.28,1.0
2023-12-03 18:30:00,483.0,20.966666666666665,38.28,1.0
2023-12-03 19:00:00,456.3333333333333,20.933333333333334,38.28,1.0
2023-12-03 19:30:00,463.0,20.966666666666665,38.28,1.0
2023-12-03 20:00:00,453.6666666666667,20.966666666666665,38.28,1.0
2023-12-03 20:30:00,470.6666666666667,20.933333333333334,38.28,1.0
2023-12-03 21:00:00,469.3333333333333,20.966666666666665,38.28,1.0
2023-12-03 21:30:00,467.0,20.933333333333334,38.67,1.0
2023-12-03 22:00:00,465.6666666666667,20.966666666666665,38.410000000000004,1.0
2023-12-03 22:30:00,492.0,21.033333333333335,38.67,1.0
2023-12-03 23:00:00,471.6666666666667,21.033333333333335,38.67,1.0
2023-12-03 23:30:00,459.6666666666667,20.933333333333334,38.67,1.0
2023-12-04 00:00:00,452.3333333333333,21.0,38.67,1.0
2023-12-04 00:30:00,472.6666666666667,21.0,38.93,1.0
2023-12-04 01:00:00,475.6666666666667,20.933333333333334,39.06,1.0
2023-12-04 01:30:00,469.6666666666667,20.966666666666665,39.06,1.0
2023-12-04 02:00:00,487.0,20.933333333333334,39.06,1.0
2023-12-04 02:30:00,460.0,21.0,39.06,1.0
2023-12-04 03:00:00,458.3333333333333,21.0,39.06,1.0
2023-12-04 03:30:00,482.0,20.933333333333334,39.06,1.0
2023-12-04 04:00:00,492.0,20.933333333333334,39.06,1.0
2023-12-04 04:30:00,471.6666666666667,20.933333333333334,39.06,1.0
2023-12-04 05:00:00,473.0,20.933333333333334,39.06,1.0
2023-12-04 05:30:00,487.0,20.966666666666665,39.06,1.0
2023-12-04 06:00:00,467.6666666666667,20.966666666666665,39.06,1.0
2023-12-04 06:30:00,471.3333333333333,20.966666666666665,39.06,1.0
2023-12-04 07:00:00,483.3333333333333,20.9,39.06,1.0
2023-12-04 07:30:00,463.6666666666667,20.9,39.06,1.0
2023-12-04 08:00:00,674.6666666666666,21.133333333333333,37.24,1.0
2023-12-04 08:30:00,806.6666666666666,21.333333333333332,36.46,1.0
2023-12-04 09:00:00,971.6666666666666,21.46666666666667,36.199999999999996,1.0
2023-12-04 09:30:00,1249.0,21.65,37.305,1.0
2023-12-04 10:00:00,1267.0,21.766666666666666,37.11,1.0
2023-12-04 10:30:00,1287.0,21.733333333333334,37.76,1.0
2023-12-04 11:00:00,1326.0,21.733333333333334,38.15,1.0
2023-12-04 11:30:00,1293.6666666666667,21.666666666666668,37.76,1.0
2023-12-04 12:00:00,1427.0,21.733333333333334,37.89,1.0
2023-12-04 12:30:00,1786.6666666666667,21.633333333333336,39.97,1.0
2023-12-04 13:00:00,1889.3333333333333,21.633333333333336,39.97666666666667,1.0
2023-12-04 13:30:00,1470.0,21.8,37.37,1.0
2023-12-04 14:00:00,1500.0,21.933333333333334,37.24,1.0
2023-12-04 14:30:00,1565.3333333333333,21.933333333333334,37.11,1.0
2023-12-04 15:00:00,1831.3333333333333,22.03333333333333,38.28,1.0
2023-12-04 15:30:00,1839.3333333333333,22.100000000000005,38.28,1.0
2023-12-04 16:00:00,1732.6666666666667,21.900000000000002,38.54,1.0
2023-12-04 16:30:00,1624.0,21.633333333333336,38.67,1.0
2023-12-04 17:00:00,1511.0,21.566666666666666,38.67,1.0
2023-12-04 17:30:00,1431.3333333333333,21.5,38.67,1.0
2023-12-04 18:00:00,1385.3333333333333,21.46666666666667,38.67,1.0
2023-12-04 18:30:00,1309.0,21.46666666666667,38.67,1.0
2023-12-04 19:00:00,1224.3333333333333,21.433333333333334,38.67,1.0
2023-12-04 19:30:00,1169.0,21.399999999999995,38.67,1.0
2023-12-04 20:00:00,1131.3333333333333,21.399999999999995,38.67,1.0
2023-12-04 20:30:00,1056.0,21.366666666666664,38.67,1.0
2023-12-04 21:00:00,1042.6666666666667,21.333333333333332,38.67,1.0
2023-12-04 21:30:00,1017.6666666666666,21.333333333333332,38.67,1.0
2023-12-04 22:00:00,947.3333333333334,21.366666666666664,38.67,1.0
2023-12-04 22:30:00,935.6666666666666,21.333333333333332,38.67,1.0
2023-12-04 23:00:00,876.3333333333334,21.3,38.67,1.0
2023-12-04 23:30:00,864.6666666666666,21.3,38.54,1.0
2023-12-05 00:00:00,854.0,21.2,38.67,1.0
2023-12-05 00:30:00,812.6666666666666,21.233333333333334,38.67,1.0
2023-12-05 01:00:00,813.6666666666666,21.233333333333334,38.54,1.0
2023-12-05 01:30:00,772.6666666666666,21.233333333333334,38.54,1.0
2023-12-05 02:00:00,782.3333333333334,21.2,38.67,1.0
2023-12-05 02:30:00,740.3333333333334,21.266666666666666,38.67,1.0
2023-12-05 03:00:00,722.6666666666666,21.233333333333334,38.67,1.0
2023-12-05 03:30:00,711.3333333333334,21.233333333333334,38.67,1.0
2023-12-05 04:00:00,684.3333333333334,21.2,38.67,1.0
2023-12-05 04:30:00,669.3333333333334,21.2,38.67,1.0
2023-12-05 05:00:00,677.0,21.166666666666668,38.67,1.0
2023-12-05 05:30:00,647.3333333333334,21.166666666666668,38.67,1.0
2023-12-05 06:00:00,636.6666666666666,21.166666666666668,38.67,1.0
2023-12-05 06:30:00,641.0,21.166666666666668,38.67,1.0
2023-12-05 07:00:00,611.0,21.2,38.67,1.0
2023-12-05 07:30:00,706.0,21.2,39.32,1.0
2023-12-05 08:00:00,959.6666666666666,21.433333333333334,39.45,1.0
2023-12-05 08:30:00,1071.3333333333333,21.633333333333336,39.84,1.0
2023-12-05 09:00:00,998.3333333333334,21.46666666666667,39.84,1.0
2023-12-05 09:30:00,977.5,21.35,39.45,1.0
2023-12-05 10:00:00,936.3333333333334,21.266666666666666,39.45,1.0
2023-12-05 10:30:00,876.3333333333334,21.266666666666666,39.45,1.0
2023-12-05 11:00:00,907.6666666666666,21.2,39.06,1.0
2023-12-05 11:30:00,852.3333333333334,21.266666666666666,39.06,1.0
2023-12-05 12:00:00,835.3333333333334,21.2,39.06,1.0
2023-12-05 12:30:00,809.3333333333334,21.166666666666668,39.06,1.0
2023-12-05 13:00:00,765.3333333333334,21.166666666666668,38.800000000000004,1.0
2023-12-05 13:30:00,783.6666666666666,21.133333333333336,38.67,1.0
2023-12-05 14:00:00,750.0,21.2,38.67,1.0
2023-12-05 14:30:00,914.3333333333334,21.2,38.54,1.0
2023-12-05 15:00:00,1217.3333333333333,21.433333333333334,36.85,1.0
2023-12-05 15:30:00,1076.3333333333333,21.566666666666666,34.376666666666665,1.0
2023-12-05 16:00:00,1098.0,21.733333333333334,33.983333333333334,1.0
2023-12-05 16:30:00,1075.0,21.566666666666666,35.419999999999995,1.0
2023-12-05 17:00:00,1023.0,21.433333333333334,35.809999999999995,1.0
2023-12-05 17:30:00,989.3333333333334,21.366666666666664,36.07,1.0
2023-12-05 18:00:00,905.3333333333334,21.333333333333332,36.33,1.0
2023-12-05 18:30:00,889.6666666666666,21.3,36.33,1.0
2023-12-05 19:00:00,848.3333333333334,21.3,36.589999999999996,1.0
2023-12-05 19:30:00,833.6666666666666,21.266666666666666,36.72,1.0
2023-12-05 20:00:00,803.6666666666666,21.233333333333334,36.72,1.0
2023-12-05 20:30:00,771.6666666666666,21.2,36.98,1.0
2023-12-05 21:00:00,735.3333333333334,21.2,36.85,1.0
2023-12-05 21:30:00,740.3333333333334,21.2,37.11,1.0
2023-12-05 22:00:00,712.3333333333334,21.166666666666668,37.11,1.0
2023-12-05 22:30:00,672.0,21.133333333333336,37.11,1.0
2023-12-05 23:00:00,694.3333333333334,21.133333333333336,37.11,1.0
2023-12-05 23:30:00,633.6666666666666,21.166666666666668,37.11,1.0
2023-12-06 00:00:00,621.0,21.166666666666668,37.11,1.0
2023-12-06 00:30:00,654.6666666666666,21.166666666666668,37.11,1.0
2023-12-06 01:00:00,612.6666666666666,21.166666666666668,37.11,1.0
2023-12-06 01:30:00,601.3333333333334,21.133333333333336,37.11,1.0
2023-12-06 02:00:00,620.0,21.133333333333336,37.37,1.0
2023-12-06 02:30:00,593.6666666666666,21.133333333333336,37.5,1.0
2023-12-06 03:00:00,573.0,21.166666666666668,37.5,1.0
2023-12-06 03:30:00,581.3333333333334,21.1,37.5,1.0
2023-12-06 04:00:00,569.0,21.1,37.5,1.0
2023-12-06 04:30:00,562.3333333333334,21.1,37.5,1.0
2023-12-06 05:00:00,546.3333333333334,21.133333333333336,37.5,1.0
2023-12-06 05:30:00,558.6666666666666,21.099999999999998,37.5,1.0
2023-12-06 06:00:00,536.3333333333334,21.099999999999998,37.5,1.0
2023-12-06 06:30:00,510.0,21.0,37.5,1.0
2023-12-06 07:00:00,554.3333333333334,21.033333333333335,37.37,1.0
2023-12-06 07:30:00,654.0,21.233333333333334,36.33,1.0
2023-12-06 08:00:00,820.0,21.366666666666664,36.98,1.0
2023-12-06 08:30:00,845.3333333333334,21.333333333333332,37.5,1.0
2023-12-06 09:00:00,799.3333333333334,21.2,37.63,1.0
2023-12-06 09:30:00,756.3333333333334,21.166666666666668,37.63,1.0
2023-12-06 10:00:00,757.0,21.2,37.63,1.0
2023-12-06 10:30:00,734.0,21.166666666666668,37.76,1.0
2023-12-06 11:00:00,881.6666666666666,21.233333333333334,38.410000000000004,1.0
2023-12-06 11:30:00,946.6666666666666,21.2,38.800000000000004,1.0
2023-12-06 12:00:00,1506.3333333333333,21.366666666666664,39.97,1.0
2023-12-06 12:30:00,1363.3333333333333,21.266666666666666,39.45,1.0
2023-12-06 13:00:00,1328.6666666666667,21.266666666666666,39.32,1.0
2023-12-06 13:30:00,1298.6666666666667,21.2,39.06,1.0
2023-12-06 14:00:00,1266.0,21.25,38.865,1.0
2023-12-06 14:30:00,1552.3333333333333,21.366666666666664,39.45,1.0
2023-12-06 15:00:00,1705.0,21.433333333333334,40.233333333333334,0.75
2023-12-06 15:30:00,1669.0,21.400000000000002,40.1,1.0
2023-12-06 16:00:00,1590.3333333333333,21.333333333333332,39.71,1.0
2023-12-06 16:30:00,1498.0,21.366666666666664,39.45,1.0
2023-12-06 17:00:00,1386.0,21.3,39.32,1.0
2023-12-06 17:30:00,1331.3333333333333,21.3,39.06,1.0
2023-12-06 18:00:00,1240.0,21.3,39.06,1.0
2023-12-06 18:30:00,1212.6666666666667,21.3,39.06,1.0
2023-12-06 19:00:00,1158.6666666666667,21.333333333333332,39.06,1.0
2023-12-06 19:30:00,1120.0,21.266666666666666,39.06,1.0
2023-12-06 20:00:00,1070.6666666666667,21.3,39.06,1.0
2023-12-06 20:30:00,1051.3333333333333,21.266666666666666,39.06,1.0
2023-12-06 21:00:00,998.3333333333334,21.266666666666666,39.06,1.0
2023-12-06 21:30:00,980.6666666666666,21.233333333333334,39.06,1.0
2023-12-06 22:00:00,977.6666666666666,21.2,39.06,1.0
2023-12-06 22:30:00,950.6666666666666,21.233333333333334,39.06,1.0
2023-12-06 23:00:00,887.3333333333334,21.2,39.06,1.0
2023-12-06 23:30:00,872.0,21.266666666666666,39.06,1.0
2023-12-07 00:00:00,850.3333333333334,21.2,39.06,1.0
2023-12-07 00:30:00,826.6666666666666,21.2,39.06,1.0
2023-12-07 01:00:00,814.3333333333334,21.233333333333334,39.06,1.0
2023-12-07 01:30:00,814.3333333333334,21.133333333333336,39.190000000000005,1.0
2023-12-07 02:00:00,781.0,21.2,39.32,1.0
2023-12-07 02:30:00,755.0,21.133333333333336,39.06,1.0
2023-12-07 03:00:00,762.6666666666666,21.133333333333336,39.190000000000005,1.0
2023-12-07 03:30:00,742.3333333333334,21.166666666666668,39.32,1.0
2023-12-07 04:00:00,743.3333333333334,21.133333333333336,39.32,1.0
2023-12-07 04:30:00,730.0,21.133333333333336,39.45,1.0
2023-12-07 05:00:00,717.6666666666666,21.1,39.45,1.0
2023-12-07 05:30:00,680.6666666666666,21.133333333333336,39.45,1.0
2023-12-07 06:00:00,681.6666666666666,21.166666666666668,39.45,1.0
2023-12-07 06:30:00,643.6666666666666,21.133333333333336,39.32,1.0
2023-12-07 07:00:00,672.0,21.166666666666668,39.32,1.0
2023-12-07 07:30:00,630.0,21.133333333333336,39.06,1.0
2023-12-07 08:00:00,827.0,21.400000000000002,39.84,1.0
2023-12-07 08:30:00,978.0,21.53333333333333,39.84,1.0
2023-12-07 09:00:00,1047.3333333333333,21.633333333333336,39.580000000000005,1.0
2023-12-07 09:30:00,1110.6666666666667,21.766666666666666,39.580000000000005,1.0
2023-12-07 10:00:00,1222.3333333333333,21.833333333333332,39.71,1.0
2023-12-07 10:30:00,1344.6666666666667,21.96666666666667,39.97,1.0
2023-12-07 11:00:00,1425.6666666666667,21.96666666666667,40.1,1.0
2023-12-07 11:30:00,1379.5,21.9,40.23,1.0
2023-12-07 12:00:00,1536.6666666666667,21.8,40.88333333333333,1.0
2023-12-07 12:30:00,2458.0,22.03333333333333,44.14000000000001,1.0
2023-12-07 13:00:00,3569.6666666666665,22.233333333333334,46.876666666666665,1.0
2023-12-07 13:30:00,3114.3333333333335,22.133333333333336,44.919999999999995,1.0
2023-12-07 14:00:00,2747.3333333333335,21.866666666666664,43.879999999999995,1.0
2023-12-07 14:30:00,2102.0,21.766666666666666,42.19,1.0
2023-12-07 15:00:00,1813.6666666666667,21.666666666666668,41.41,1.0
2023-12-07 15:30:00,1733.6666666666667,21.633333333333336,41.41,1.0
2023-12-07 16:00:00,1652.6666666666667,21.600000000000005,41.41,1.0
2023-12-07 16:30:00,1514.3333333333333,21.5,40.75666666666667,0.0
2023-12-07 17:00:00,897.3333333333334,21.53333333333333,36.72,0.3333333333333333
2023-12-07 17:30:00,677.3333333333334,21.399999999999995,35.03,1.0
2023-12-07 18:00:00,649.3333333333334,21.733333333333334,35.16,1.0
2023-12-07 18:30:00,644.0,21.96666666666667,35.68,1.0
2023-12-07 19:00:00,685.3333333333334,22.066666666666666,36.199999999999996,1.0
2023-12-07 19:30:00,642.3333333333334,21.900000000000002,37.11,1.0
2023-12-07 20:00:00,651.6666666666666,21.7,37.63,1.0
2023-12-07 20:30:00,660.0,21.600000000000005,38.02,1.0
2023-12-07 21:00:00,649.3333333333334,21.5,38.28,1.0
2023-12-07 21:30:00,637.0,21.433333333333334,38.54,1.0
2023-12-07 22:00:00,646.6666666666666,21.433333333333334,38.67,1.0
2023-12-07 22:30:00,623.3333333333334,21.399999999999995,38.800000000000004,1.0
2023-12-07 23:00:00,628.0,21.433333333333334,38.67,1.0
2023-12-07 23:30:00,644.6666666666666,21.366666666666664,38.93,1.0
2023-12-08 00:00:00,613.0,21.399999999999995,39.06,1.0
2023-12-08 00:30:00,640.3333333333334,21.333333333333332,39.06,1.0
2023-12-08 01:00:00,594.3333333333334,21.366666666666664,39.06,1.0
2023-12-08 01:30:00,604.3333333333334,21.333333333333332,39.190000000000005,1.0
2023-12-08 02:00:00,596.0,21.399999999999995,39.190000000000005,1.0
2023-12-08 02:30:00,623.0,21.333333333333332,39.45,1.0
2023-12-08 03:00:00,599.6666666666666,21.3,39.45,1.0
2023-12-08 03:30:00,608.6666666666666,21.366666666666664,39.45,1.0
2023-12-08 04:00:00,594.0,21.366666666666664,39.45,1.0
2023-12-08 04:30:00,602.6666666666666,21.3,39.45,1.0
2023-12-08 05:00:00,594.0,21.266666666666666,39.45,1.0
2023-12-08 05:30:00,614.6666666666666,21.266666666666666,39.580000000000005,1.0
2023-12-08 06:00:00,586.3333333333334,21.266666666666666,39.45,1.0
2023-12-08 06:30:00,582.3333333333334,21.3,39.45,1.0
2023-12-08 07:00:00,582.0,21.2,39.45,1.0
2023-12-08 07:30:00,599.0,21.233333333333334,39.06,1.0
2023-12-08 08:00:00,787.0,21.46666666666667,37.76,1.0
2023-12-08 08:30:00,1265.6666666666667,21.666666666666668,40.75666666666667,1.0
2023-12-08 09:00:00,1363.3333333333333,21.766666666666666,41.02,1.0
2023-12-08 09:30:00,1274.6666666666667,21.5,40.62,1.0
2023-12-08 10:00:00,1382.6666666666667,21.433333333333334,41.14666666666667,1.0
2023-12-08 10:30:00,1678.6666666666667,21.566666666666666,42.449999999999996,1.0
2023-12-08 11:00:00,1948.3333333333333,21.600000000000005,43.1,1.0
2023-12-08 11:30:00,1906.6666666666667,21.633333333333336,42.71,1.0
2023-12-08 12:00:00,1688.3333333333333,21.53333333333333,41.666666666666664,1.0
2023-12-08 12:30:00,1974.0,21.766666666666666,42.32,1.0
2023-12-08 13:00:00,2190.6666666666665,21.766666666666666,43.23,1.0
2023-12-08 13:30:00,2427.5,21.8,43.945,1.0
2023-12-08 14:00:00,2296.3333333333335,21.900000000000002,43.1,1.0
2023-12-08 14:30:00,2045.3333333333333,22.066666666666666,41.669999999999995,1.0
2023-12-08 15:00:00,1954.3333333333333,22.0,41.41,1.0
2023-12-08 15:30:00,1879.0,21.766666666666666,41.41,1.0
2023-12-08 16:00:00,1779.3333333333333,21.7,41.15,1.0
2023-12-08 16:30:00,1669.3333333333333,21.633333333333336,41.02,1.0
2023-12-08 17:00:00,1595.0,21.633333333333336,41.02,1.0
2023-12-08 17:30:00,1498.6666666666667,21.566666666666666,40.75333333333333,1.0
2023-12-08 18:00:00,1427.0,21.53333333333333,40.62,1.0
2023-12-08 18:30:00,1362.0,21.5,40.62,1.0
2023-12-08 19:00:00,1305.3333333333333,21.53333333333333,40.62,1.0
2023-12-08 19:30:00,1302.6666666666667,21.53333333333333,40.62,1.0
2023-12-08 20:00:00,1240.6666666666667,21.433333333333334,40.62,1.0
2023-12-08 20:30:00,1214.3333333333333,21.53333333333333,40.62,1.0
2023-12-08 21:00:00,1196.3333333333333,21.433333333333334,40.62,1.0
2023-12-08 21:30:00,1120.3333333333333,21.46666666666667,40.35999999999999,1.0
2023-12-08 22:00:00,1093.0,21.46666666666667,40.35999999999999,1.0
2023-12-08 22:30:00,1077.3333333333333,21.399999999999995,40.35999999999999,1.0
2023-12-08 23:00:00,1050.6666666666667,21.366666666666664,40.23,1.0
2023-12-08 23:30:00,1008.3333333333334,21.366666666666664,40.23,1.0
2023-12-09 00:00:00,994.3333333333334,21.333333333333332,40.49,1.0
2023-12-09 00:30:00,988.6666666666666,21.333333333333332,40.49,1.0
2023-12-09 01:00:00,953.6666666666666,21.366666666666664,40.49,1.0
2023-12-09 01:30:00,926.3333333333334,21.366666666666664,40.49,1.0
2023-12-09 02:00:00,898.3333333333334,21.366666666666664,40.35999999999999,1.0
2023-12-09 02:30:00,877.0,21.333333333333332,40.35999999999999,1.0
2023-12-09 03:00:00,874.6666666666666,21.3,40.62,1.0
2023-12-09 03:30:00,890.0,21.333333333333332,40.62,1.0
2023-12-09 04:00:00,847.6666666666666,21.366666666666664,40.49,1.0
2023-12-09 04:30:00,849.3333333333334,21.399999999999995,40.35999999999999,1.0
2023-12-09 05:00:00,845.6666666666666,21.366666666666664,40.23,1.0
2023-12-09 05:30:00,796.3333333333334,21.3,40.35999999999999,1.0
2023-12-09 06:00:00,788.3333333333334,21.3,40.23,1.0
2023-12-09 06:30:00,789.6666666666666,21.3,40.23,1.0
2023-12-09 07:00:00,759.5,21.35,40.23,1.0
2023-12-09 07:30:00,742.6666666666666,21.3,40.23,1.0
2023-12-09 08:00:00,749.6666666666666,21.233333333333334,40.23,1.0
2023-12-09 08:30:00,704.25,21.2,40.23,1.0
2023-12-09 09:00:00,698.0,21.2,40.23,1.0
2023-12-09 09:30:00,669.0,21.2,40.23,1.0
2023-12-09 10:00:00,669.6666666666666,21.2,40.23,1.0
2023-12-09 10:30:00,664.0,21.233333333333334,40.23,1.0
2023-12-09 11:00:00,667.0,21.233333333333334,40.23,1.0
2023-12-09 11:30:00,641.3333333333334,21.266666666666666,40.23,1.0
2023-12-09 12:00:00,619.3333333333334,21.2,40.23,1.0
2023-12-09 12:30:00,618.3333333333334,21.2,40.23,1.0
2023-12-09 13:00:00,599.6666666666666,21.233333333333334,40.1,1.0
2023-12-09 13:30:00,611.3333333333334,21.2,40.23,1.0
2023-12-09 14:00:00,614.6666666666666,21.166666666666668,40.23,1.0
2023-12-09 14:30:00,585.0,21.2,40.23,1.0
2023-12-09 15:00:00,568.3333333333334,21.2,40.23,1.0
2023-12-09 15:30:00,583.3333333333334,21.2,40.23,1.0
2023-12-09 16:00:00,593.6666666666666,21.133333333333336,40.23,1.0
2023-12-09 16:30:00,572.3333333333334,21.2,40.23,1.0
2023-12-09 17:00:00,593.0,21.2,40.23,1.0
2023-12-09 17:30:00,555.6666666666666,21.166666666666668,40.23,1.0
2023-12-09 18:00:00,560.6666666666666,21.2,40.23,1.0
2023-12-09 18:30:00,532.6666666666666,21.2,40.23,1.0
2023-12-09 19:00:00,547.6666666666666,21.2,40.23,1.0
2023-12-09 19:30:00,541.3333333333334,21.2,40.23,1.0
2023-12-09 20:00:00,522.3333333333334,21.166666666666668,40.49,1.0
2023-12-09 20:30:00,543.0,21.2,40.62,1.0
2023-12-09 21:00:00,547.0,21.166666666666668,40.62,1.0
2023-12-09 21:30:00,529.3333333333334,21.166666666666668,40.62,1.0
2023-12-09 22:00:00,505.3333333333333,21.2,40.62,1.0
2023-12-09 22:30:00,503.6666666666667,21.166666666666668,40.62,1.0
2023-12-09 23:00:00,504.0,21.2,40.62,1.0
2023-12-09 23:30:00,508.6666666666667,21.166666666666668,40.62,1.0
2023-12-10 00:00:00,500.3333333333333,21.2,40.62,1.0
2023-12-10 00:30:00,511.0,21.166666666666668,40.62,1.0
2023-12-10 01:00:00,517.0,21.166666666666668,40.62,1.0
2023-12-10 01:30:00,482.6666666666667,21.166666666666668,40.62,1.0
2023-12-10 02:00:00,497.6666666666667,21.2,40.62,1.0
2023-12-10 02:30:00,505.3333333333333,21.2,40.62,1.0
2023-12-10 03:00:00,485.6666666666667,21.166666666666668,40.62,1.0
2023-12-10 03:30:00,500.3333333333333,21.166666666666668,40.62,1.0
2023-12-10 04:00:00,490.0,21.2,40.62,1.0
2023-12-10 04:30:00,476.0,21.166666666666668,40.62,1.0
2023-12-10 05:00:00,484.3333333333333,21.166666666666668,40.62,1.0
2023-12-10 05:30:00,466.3333333333333,21.2,40.62,1.0
2023-12-10 06:00:00,471.6666666666667,21.166666666666668,40.62,1.0
2023-12-10 06:30:00,468.6666666666667,21.2,40.62,1.0
2023-12-10 07:00:00,489.3333333333333,21.166666666666668,40.62,1.0
2023-12-10 07:30:00,479.6666666666667,21.166666666666668,40.62,1.0
2023-12-10 08:00:00,467.6666666666667,21.166666666666668,40.49,1.0
2023-12-10 08:30:00,464.3333333333333,21.133333333333336,40.62,1.0
2023-12-10 09:00:00,478.3333333333333,21.166666666666668,40.49,1.0
2023-12-10 09:30:00,471.0,21.2,40.49,
2023-12-10 10:00:00,443.0,21.1,40.62,1.0
2023-12-10 10:30:00,456.6666666666667,21.166666666666668,40.35999999999999,1.0
2023-12-10 11:00:00,441.0,21.133333333333336,40.49,1.0
2023-12-10 11:30:00,462.3333333333333,21.133333333333336,40.35999999999999,1.0
2023-12-10 12:00:00,440.6666666666667,21.1,40.49,1.0
2023-12-10 12:30:00,462.0,21.2,40.23,1.0
2023-12-10 13:00:00,460.6666666666667,21.1,40.23,1.0
2023-12-10 13:30:00,461.0,21.1,40.23,1.0
2023-12-10 14:00:00,433.6666666666667,21.166666666666668,40.23,1.0
2023-12-10 14:30:00,449.3333333333333,21.133333333333336,40.23,1.0
2023-12-10 15:00:00,456.0,21.133333333333336,40.23,1.0
2023-12-10 15:30:00,443.0,21.1,40.23,1.0
2023-12-10 16:00:00,469.3333333333333,21.133333333333336,40.23,1.0
2023-12-10 16:30:00,433.3333333333333,21.133333333333336,40.23,1.0
2023-12-10 17:00:00,445.6666666666667,21.133333333333336,40.23,1.0
2023-12-10 17:30:00,431.6666666666667,21.133333333333336,40.23,1.0
2023-12-10 18:00:00,457.6666666666667,21.133333333333336,40.23,1.0
2023-12-10 18:30:00,441.6666666666667,21.133333333333336,40.23,1.0
2023-12-10 19:00:00,443.6666666666667,21.133333333333336,40.23,1.0
2023-12-10 19:30:00,463.0,21.133333333333336,40.23,1.0
2023-12-10 20:00:00,443.3333333333333,21.133333333333336,40.23,1.0
2023-12-10 20:30:00,448.6666666666667,21.133333333333336,40.23,1.0
2023-12-10 21:00:00,455.0,21.133333333333336,40.23,1.0
2023-12-10 21:30:00,449.3333333333333,21.166666666666668,40.23,1.0
2023-12-10 22:00:00,458.0,21.2,40.23,1.0
2023-12-10 22:30:00,434.6666666666667,21.133333333333336,40.23,1.0
2023-12-10 23:00:00,440.0,21.166666666666668,40.35999999999999,1.0
2023-12-10 23:30:00,433.6666666666667,21.166666666666668,40.23,1.0
2023-12-11 00:00:00,430.0,21.166666666666668,40.35999999999999,1.0
2023-12-11 00:30:00,454.6666666666667,21.166666666666668,40.23,1.0
2023-12-11 01:00:00,440.0,21.15,40.425,1.0
2023-12-11 01:30:00,450.25,21.175,40.62,1.0
2023-12-11 02:00:00,445.0,21.15,40.62,1.0
2023-12-11 02:30:00,438.3333333333333,21.166666666666668,40.49,1.0
2023-12-11 03:00:00,430.3333333333333,21.133333333333336,40.62,1.0
2023-12-11 03:30:00,457.3333333333333,21.166666666666668,40.62,1.0
2023-12-11 04:00:00,421.6666666666667,21.166666666666668,40.62,1.0
2023-12-11 04:30:00,453.6666666666667,21.166666666666668,40.62,1.0
2023-12-11 05:00:00,455.6666666666667,21.166666666666668,40.62,1.0
2023-12-11 05:30:00,458.0,21.133333333333336,40.62,1.0
2023-12-11 06:00:00,434.3333333333333,21.133333333333336,40.62,1.0
2023-12-11 06:30:00,452.0,21.166666666666668,40.62,1.0
2023-12-11 07:00:00,429.0,21.133333333333336,40.62,1.0
2023-12-11 07:30:00,462.3333333333333,21.133333333333336,40.62,1.0
2023-12-11 08:00:00,453.6666666666667,21.166666666666668,40.62,1.0
2023-12-11 08:30:00,426.3333333333333,21.166666666666668,40.62,1.0
2023-12-11 09:00:00,436.3333333333333,21.166666666666668,40.62,1.0
2023-12-11 09:30:00,426.0,21.133333333333336,40.62,1.0
2023-12-11 10:00:00,438.3333333333333,21.2,40.62,
2023-12-11 10:30:00,441.3333333333333,21.166666666666668,40.62,1.0
2023-12-11 11:00:00,455.6666666666667,21.166666666666668,40.62,1.0
2023-12-11 11:30:00,451.6666666666667,21.166666666666668,40.62,
2023-12-11 12:00:00,446.6666666666667,21.133333333333336,40.62,1.0
2023-12-11 12:30:00,451.6666666666667,21.1,40.62,
2023-12-11 13:00:00,444.3333333333333,21.166666666666668,40.62,
2023-12-11 13:30:00,466.3333333333333,21.166666666666668,40.62,
2023-12-11 14:00:00,481.0,21.166666666666668,40.88666666666666,1.0
2023-12-11 14:30:00,501.0,21.2,40.88666666666666,1.0
2023-12-11 15:00:00,504.0,21.2,40.88666666666666,1.0
2023-12-11 15:30:00,519.3333333333334,21.2,40.62,1.0
2023-12-11 16:00:00,534.0,21.133333333333336,40.62,1.0
2023-12-11 16:30:00,513.0,21.166666666666668,40.62,1.0
2023-12-11 17:00:00,498.6666666666667,21.233333333333334,40.62,1.0
2023-12-11 17:30:00,514.0,21.233333333333334,40.62,1.0
2023-12-11 18:00:00,519.3333333333334,21.266666666666666,40.62,1.0
2023-12-11 18:30:00,508.6666666666667,21.266666666666666,40.62,1.0
2023-12-11 19:00:00,509.3333333333333,21.2,40.49,1.0
2023-12-11 19:30:00,529.3333333333334,21.3,40.62,1.0
2023-12-11 20:00:00,509.6666666666667,21.2,40.62,1.0
2023-12-11 20:30:00,521.6666666666666,21.233333333333334,40.62,1.0
2023-12-11 21:00:00,532.3333333333334,21.266666666666666,40.62,1.0
2023-12-11 21:30:00,534.6666666666666,21.233333333333334,40.62,1.0
2023-12-11 22:00:00,550.6666666666666,21.2,40.62,1.0
2023-12-11 22:30:00,575.6666666666666,21.2,40.62,1.0
2023-12-11 23:00:00,582.0,21.266666666666666,40.62,1.0
2023-12-11 23:30:00,571.0,21.233333333333334,40.62,1.0
2023-12-12 00:00:00,555.6666666666666,21.2,40.62,1.0
2023-12-12 00:30:00,558.6666666666666,21.233333333333334,40.62,1.0
2023-12-12 01:00:00,524.3333333333334,21.166666666666668,40.62,1.0
2023-12-12 01:30:00,559.0,21.2,40.62,1.0
2023-12-12 02:00:00,552.0,21.1,40.62,1.0
2023-12-12 02:30:00,540.0,21.166666666666668,40.62,1.0
2023-12-12 03:00:00,551.3333333333334,21.166666666666668,40.62,1.0
2023-12-12 03:30:00,539.6666666666666,21.233333333333334,40.62,1.0
2023-12-12 04:00:00,536.6666666666666,21.2,40.62,1.0
2023-12-12 04:30:00,532.3333333333334,21.2,40.49,1.0
2023-12-12 05:00:00,514.0,21.166666666666668,40.62,1.0
2023-12-12 05:30:00,527.0,21.166666666666668,40.62,1.0
2023-12-12 06:00:00,539.0,21.2,40.35999999999999,1.0
2023-12-12 06:30:00,543.0,21.166666666666668,40.23,1.0
2023-12-12 07:00:00,502.3333333333333,21.166666666666668,40.23,1.0
2023-12-12 07:30:00,594.0,21.233333333333334,39.97,1.0
2023-12-12 08:00:00,734.0,21.53333333333333,38.93,1.0
2023-12-12 08:30:00,776.3333333333334,21.733333333333334,38.67,1.0
2023-12-12 09:00:00,1000.6666666666666,21.766666666666666,39.71,1.0
2023-12-12 09:30:00,968.6666666666666,21.566666666666666,40.23,1.0
2023-12-12 10:00:00,921.0,21.333333333333332,40.23,1.0
2023-12-12 10:30:00,1115.6666666666667,21.366666666666664,41.14666666666667,1.0
2023-12-12 11:00:00,1667.6666666666667,21.599999999999998,43.23,1.0
2023-12-12 11:30:00,1520.3333333333333,21.53333333333333,41.93,1.0
2023-12-12 12:00:00,1547.3333333333333,21.666666666666668,41.93,1.0
2023-12-12 12:30:00,1670.3333333333333,21.733333333333334,42.71,1.0
2023-12-12 13:00:00,1614.6666666666667,21.8,42.059999999999995,1.0
2023-12-12 13:30:00,1924.3333333333333,21.733333333333334,43.75,1.0
2023-12-12 14:00:00,2248.5,21.75,44.53,1.0
2023-12-12 14:30:00,1364.3333333333333,21.900000000000002,39.84,1.0
2023-12-12 15:00:00,1242.0,22.066666666666666,38.410000000000004,1.0
2023-12-12 15:30:00,1253.6666666666667,22.099999999999998,38.54,1.0
2023-12-12 16:00:00,1187.6666666666667,22.100000000000005,38.15,1.0
2023-12-12 16:30:00,1251.3333333333333,22.2,38.28,1.0
2023-12-12 17:00:00,1264.3333333333333,21.933333333333334,39.32,1.0
2023-12-12 17:30:00,1182.0,21.766666666666666,39.45,1.0
2023-12-12 18:00:00,1105.0,21.666666666666668,39.45,1.0
2023-12-12 18:30:00,1055.3333333333333,21.633333333333336,39.45,1.0
2023-12-12 19:00:00,977.6666666666666,21.53333333333333,39.45,1.0
2023-12-12 19:30:00,980.0,21.5,39.45,1.0
2023-12-12 20:00:00,933.3333333333334,21.5,39.45,1.0
2023-12-12 20:30:00,877.0,21.46666666666667,39.580000000000005,1.0
2023-12-12 21:00:00,870.6666666666666,21.46666666666667,39.580000000000005,1.0
2023-12-12 21:30:00,804.3333333333334,21.399999999999995,39.84,1.0
2023-12-12 22:00:00,781.3333333333334,21.333333333333332,39.71,1.0
2023-12-12 22:30:00,792.0,21.366666666666664,39.71,1.0
2023-12-12 23:00:00,749.6666666666666,21.3,39.84,1.0
2023-12-12 23:30:00,760.0,21.399999999999995,39.580000000000005,1.0
2023-12-13 00:00:00,722.0,21.3,39.71,1.0
2023-12-13 00:30:00,708.3333333333334,21.333333333333332,39.580000000000005,1.0
2023-12-13 01:00:00,673.0,21.3,39.45,1.0
2023-12-13 01:30:00,668.3333333333334,21.266666666666666,39.580000000000005,1.0
2023-12-13 02:00:00,663.0,21.3,39.45,1.0
2023-12-13 02:30:00,647.0,21.266666666666666,39.45,1.0
2023-12-13 03:00:00,638.6666666666666,21.266666666666666,39.45,1.0
2023-12-13 03:30:00,619.6666666666666,21.266666666666666,39.45,1.0
2023-12-13 04:00:00,592.0,21.266666666666666,39.45,1.0
2023-12-13 04:30:00,572.3333333333334,21.233333333333334,39.45,1.0
2023-12-13 05:00:00,576.0,21.2,39.45,1.0
2023-12-13 05:30:00,597.0,21.233333333333334,39.45,1.0
2023-12-13 06:00:00,564.3333333333334,21.2,39.32,1.0
2023-12-13 06:30:00,547.3333333333334,21.233333333333334,39.06,1.0
2023-12-13 07:00:00,535.6666666666666,21.2,38.67,1.0
2023-12-13 07:30:00,555.0,21.233333333333334,38.02,1.0
2023-12-13 08:00:00,712.0,21.53333333333333,36.72,1.0
2023-12-13 08:30:00,861.6666666666666,21.7,37.76,1.0
2023-12-13 09:00:00,877.3333333333334,21.7,37.5,1.0
2023-12-13 09:30:00,862.0,21.833333333333332,37.11,1.0
2023-12-13 10:00:00,1005.3333333333334,21.899999999999995,37.63,1.0
2023-12-13 10:30:00,1115.3333333333333,21.933333333333334,38.15,1.0
2023-12-13 11:00:00,1127.3333333333333,21.899999999999995,38.02,1.0
2023-12-13 11:30:00,1081.6666666666667,21.866666666666664,36.85,1.0
2023-12-13 12:00:00,1161.3333333333333,21.899999999999995,36.85,1.0
2023-12-13 12:30:00,1403.3333333333333,21.8,38.410000000000004,1.0
2023-12-13 13:00:00,1749.0,21.833333333333332,39.97,1.0
2023-12-13 13:30:00,1778.6666666666667,21.766666666666666,40.23666666666667,1.0
2023-12-13 14:00:00,1331.0,21.85,37.305,1.0
2023-12-13 14:30:00,1280.3333333333333,22.03333333333333,37.11,1.0
2023-12-13 15:00:00,1297.6666666666667,22.066666666666666,37.37,1.0
2023-12-13 15:30:00,1230.0,21.833333333333332,37.89,1.0
2023-12-13 16:00:00,1184.3333333333333,21.7,37.89,1.0
2023-12-13 16:30:00,1117.0,21.7,37.89,1.0
2023-12-13 17:00:00,1097.3333333333333,21.53333333333333,37.89,1.0
2023-12-13 17:30:00,1084.6666666666667,21.566666666666666,37.89,1.0
2023-12-13 18:00:00,1036.3333333333333,21.5,37.89,1.0
2023-12-13 18:30:00,999.6666666666666,21.53333333333333,37.89,1.0
2023-12-13 19:00:00,944.3333333333334,21.5,37.89,1.0
2023-12-13 19:30:00,948.3333333333334,21.46666666666667,37.89,1.0
2023-12-13 20:00:00,929.6666666666666,21.433333333333334,37.89,1.0
2023-12-13 20:30:00,882.0,21.46666666666667,37.89,1.0
2023-12-13 21:00:00,846.0,21.399999999999995,38.15,1.0
2023-12-13 21:30:00,840.0,21.400000000000002,38.28,1.0
2023-12-13 22:00:00,815.3333333333334,21.333333333333332,38.15,1.0
2023-12-13 22:30:00,833.3333333333334,21.333333333333332,38.28,1.0
2023-12-13 23:00:00,787.3333333333334,21.333333333333332,38.28,1.0
2023-12-13 23:30:00,752.3333333333334,21.333333333333332,38.28,1.0
2023-12-14 00:00:00,758.6666666666666,21.3,38.28,1.0
2023-12-14 00:30:00,713.0,21.3,38.28,1.0
2023-12-14 01:00:00,691.3333333333334,21.266666666666666,38.28,1.0
2023-12-14 01:30:00,684.3333333333334,21.233333333333334,38.28,1.0
2023-12-14 02:00:00,663.6666666666666,21.266666666666666,38.28,1.0
2023-12-14 02:30:00,686.3333333333334,21.266666666666666,38.28,1.0
2023-12-14 03:00:00,643.0,21.266666666666666,38.28,1.0
2023-12-14 03:30:00,643.6666666666666,21.266666666666666,38.28,1.0
2023-12-14 04:00:00,655.0,21.266666666666666,38.28,1.0
2023-12-14 04:30:00,623.0,21.266666666666666,38.410000000000004,1.0
2023-12-14 05:00:00,617.3333333333334,21.233333333333334,38.54,1.0
2023-12-14 05:30:00,624.3333333333334,21.266666666666666,38.67,1.0
2023-12-14 06:00:00,613.0,21.2,38.54,1.0
2023-12-14 06:30:00,611.6666666666666,21.166666666666668,38.28,1.0
2023-12-14 07:00:00,615.0,21.266666666666666,38.15,1.0
2023-12-14 07:30:00,607.3333333333334,21.233333333333334,37.89,1.0
2023-12-14 08:00:00,595.0,21.233333333333334,37.89,1.0
2023-12-14 08:30:00,566.0,21.233333333333334,38.28,1.0
2023-12-14 09:00:00,580.3333333333334,21.2,38.28,1.0
2023-12-14 09:30:00,588.0,21.166666666666668,37.89,1.0
2023-12-14 10:00:00,595.6666666666666,21.233333333333334,37.89,1.0
2023-12-14 10:30:00,608.3333333333334,21.133333333333336,38.02,1.0
2023-12-14 11:00:00,604.6666666666666,21.166666666666668,38.28,1.0
2023-12-14 11:30:00,655.0,21.133333333333336,38.28,1.0
2023-12-14 12:00:00,657.6666666666666,21.233333333333334,38.54,1.0
2023-12-14 12:30:00,680.3333333333334,21.2,38.410000000000004,1.0
2023-12-14 13:00:00,669.6666666666666,21.166666666666668,38.54,1.0
2023-12-14 13:30:00,708.6666666666666,21.133333333333336,38.67,1.0
2023-12-14 14:00:00,1358.3333333333333,21.333333333333332,38.410000000000004,1.0
2023-12-14 14:30:00,1791.0,21.7,39.190000000000005,1.0
2023-12-14 15:00:00,1872.3333333333333,21.833333333333332,39.06,1.0
2023-12-14 15:30:00,1842.3333333333333,21.7,39.45,1.0
2023-12-14 16:00:00,1755.0,21.5,39.45,1.0
2023-12-14 16:30:00,1693.3333333333333,21.433333333333334,39.190000000000005,1.0
2023-12-14 17:00:00,1622.0,21.3,39.06,1.0
2023-12-14 17:30:00,1542.0,21.333333333333332,39.06,1.0
2023-12-14 18:00:00,1507.0,21.3,39.06,1.0
2023-12-14 18:30:00,1444.6666666666667,21.333333333333332,39.06,1.0
2023-12-14 19:00:00,1414.3333333333333,21.333333333333332,39.06,1.0
2023-12-14 19:30:00,1376.6666666666667,21.3,39.06,1.0
2023-12-14 20:00:00,1337.0,21.366666666666664,39.06,1.0
2023-12-14 20:30:00,1309.6666666666667,21.3,39.06,1.0
2023-12-14 21:00:00,1253.6666666666667,21.3,39.06,1.0
2023-12-14 21:30:00,1211.0,21.3,39.06,1.0
2023-12-14 22:00:00,1232.6666666666667,21.266666666666666,39.06,1.0
2023-12-14 22:30:00,1157.6666666666667,21.3,39.06,1.0
2023-12-14 23:00:00,1170.3333333333333,21.266666666666666,39.06,1.0
2023-12-14 23:30:00,1073.6666666666667,21.3,39.06,1.0
2023-12-15 00:00:00,1088.6666666666667,21.233333333333334,39.32,1.0
2023-12-15 00:30:00,1059.0,21.333333333333332,39.190000000000005,1.0
2023-12-15 01:00:00,1066.3333333333333,21.3,39.06,1.0
2023-12-15 01:30:00,1003.3333333333334,21.266666666666666,39.32,1.0
2023-12-15 02:00:00,1003.0,21.2,39.32,1.0
2023-12-15 02:30:00,985.3333333333334,21.233333333333334,39.45,1.0
2023-12-15 03:00:00,986.6666666666666,21.266666666666666,39.45,1.0
2023-12-15 03:30:00,942.3333333333334,21.266666666666666,39.45,1.0
2023-12-15 04:00:00,931.0,21.3,39.45,1.0
2023-12-15 04:30:00,921.3333333333334,21.266666666666666,39.45,1.0
2023-12-15 05:00:00,878.0,21.3,39.45,1.0
2023-12-15 05:30:00,878.3333333333334,21.2,39.45,1.0
2023-12-15 06:00:00,872.0,21.266666666666666,39.45,1.0
2023-12-15 06:30:00,761.3333333333334,21.3,38.410000000000004,1.0
2023-12-15 07:00:00,710.6666666666666,21.433333333333334,37.24,1.0
2023-12-15 07:30:00,685.3333333333334,21.400000000000002,38.15,1.0
2023-12-15 08:00:00,677.0,21.233333333333334,38.54,1.0
2023-12-15 08:30:00,662.3333333333334,21.2,38.67,1.0
2023-12-15 09:00:00,828.6666666666666,21.233333333333334,39.190000000000005,1.0
2023-12-15 09:30:00,861.0,21.3,39.45,1.0
2023-12-15 10:00:00,852.3333333333334,21.3,39.45,1.0
2023-12-15 10:30:00,856.3333333333334,21.266666666666666,39.45,1.0
2023-12-15 11:00:00,811.0,21.3,39.580000000000005,1.0
2023-12-15 11:30:00,840.3333333333334,21.2,39.84,1.0
2023-12-15 12:00:00,844.6666666666666,21.266666666666666,39.71,1.0
2023-12-15 12:30:00,815.0,21.3,39.84,1.0
2023-12-15 13:00:00,1146.0,21.4,40.81999999999999,1.0
2023-12-15 13:30:00,1385.0,21.666666666666668,41.8,1.0
2023-12-15 14:00:00,1653.0,21.8,42.58,1.0
2023-12-15 14:30:00,1926.0,21.833333333333332,43.49,1.0
2023-12-15 15:00:00,1831.0,21.8,43.23,1.0
2023-12-15 15:30:00,1862.3333333333333,21.866666666666664,43.35999999999999,1.0
2023-12-15 16:00:00,1836.3333333333333,21.8,43.23,1.0
2023-12-15 16:30:00,1815.3333333333333,21.666666666666668,42.97,1.0
2023-12-15 17:00:00,1689.0,21.53333333333333,42.58,1.0
2023-12-15 17:30:00,1639.6666666666667,21.5,42.58,1.0
2023-12-15 18:00:00,1601.3333333333333,21.566666666666666,42.19,1.0
2023-12-15 18:30:00,1541.3333333333333,21.5,42.19,1.0
2023-12-15 19:00:00,1524.6666666666667,21.53333333333333,42.059999999999995,1.0
2023-12-15 19:30:00,1491.0,21.566666666666666,41.8,1.0
2023-12-15 20:00:00,1434.6666666666667,21.5,41.8,1.0
2023-12-15 20:30:00,1440.3333333333333,21.566666666666666,41.8,1.0
2023-12-15 21:00:00,1422.0,21.5,41.8,1.0
2023-12-15 21:30:00,1356.0,21.5,41.8,1.0
2023-12-15 22:00:00,1352.3333333333333,21.433333333333334,41.8,1.0
2023-12-15 22:30:00,1310.3333333333333,21.433333333333334,41.669999999999995,1.0
2023-12-15 23:00:00,1279.6666666666667,21.46666666666667,41.54,1.0
2023-12-15 23:30:00,1252.0,21.433333333333334,41.669999999999995,1.0
2023-12-16 00:00:00,1241.0,21.46666666666667,41.41,1.0
2023-12-16 00:30:00,1228.0,21.433333333333334,41.41,1.0
2023-12-16 01:00:00,1172.3333333333333,21.46666666666667,41.41,1.0
2023-12-16 01:30:00,1183.6666666666667,21.433333333333334,41.41,1.0
2023-12-16 02:00:00,1151.3333333333333,21.433333333333334,41.41,1.0
2023-12-16 02:30:00,1130.0,21.399999999999995,41.41,1.0
2023-12-16 03:00:00,1103.0,21.399999999999995,41.41,1.0
2023-12-16 03:30:00,1078.0,21.433333333333334,41.41,1.0
2023-12-16 04:00:00,1108.0,21.399999999999995,41.41,1.0
2023-12-16 04:30:00,1062.0,21.433333333333334,41.41,1.0
2023-12-16 05:00:00,1031.6666666666667,21.399999999999995,41.41,1.0
2023-12-16 05:30:00,1021.0,21.4,41.41,1.0
2023-12-16 06:00:00,992.3333333333334,21.333333333333332,41.41,1.0
2023-12-16 06:30:00,955.6666666666666,21.399999999999995,41.41,1.0
2023-12-16 07:00:00,944.6666666666666,21.366666666666664,41.41,1.0
2023-12-16 07:30:00,940.0,21.399999999999995,41.41,1.0
2023-12-16 08:00:00,909.3333333333334,21.399999999999995,41.54,1.0
2023-12-16 08:30:00,892.0,21.399999999999995,41.41,1.0
2023-12-16 09:00:00,879.0,21.333333333333332,41.41,1.0
2023-12-16 09:30:00,834.0,21.433333333333334,41.41,1.0
2023-12-16 10:00:00,848.6666666666666,21.46666666666667,41.41,1.0
2023-12-16 10:30:00,845.0,21.399999999999995,41.41,1.0
2023-12-16 11:00:00,861.0,21.399999999999995,41.41,1.0
2023-12-16 11:30:00,793.3333333333334,21.433333333333334,41.41,1.0
2023-12-16 12:00:00,770.6666666666666,21.46666666666667,41.41,1.0
2023-12-16 12:30:00,802.3333333333334,21.433333333333334,41.41,1.0
2023-12-16 13:00:00,809.3333333333334,21.366666666666664,41.41,1.0
2023-12-16 13:30:00,781.6666666666666,21.399999999999995,41.669999999999995,1.0
2023-12-16 14:00:00,741.3333333333334,21.399999999999995,41.8,1.0
2023-12-16 14:30:00,754.6666666666666,21.399999999999995,41.8,1.0
2023-12-16 15:00:00,742.0,21.399999999999995,41.8,1.0
2023-12-16 15:30:00,757.3333333333334,21.366666666666664,41.8,1.0
2023-12-16 16:00:00,728.0,21.399999999999995,41.8,1.0
2023-12-16 16:30:00,714.6666666666666,21.366666666666664,41.8,1.0
2023-12-16 17:00:00,715.6666666666666,21.399999999999995,41.8,1.0
2023-12-16 17:30:00,708.3333333333334,21.366666666666664,41.8,1.0
2023-12-16 18:00:00,669.6666666666666,21.433333333333334,41.8,1.0
2023-12-16 18:30:00,676.3333333333334,21.366666666666664,41.8,1.0
2023-12-16 19:00:00,651.0,21.433333333333334,41.93,1.0
2023-12-16 19:30:00,660.6666666666666,21.399999999999995,41.8,1.0
2023-12-16 20:00:00,645.3333333333334,21.400000000000002,41.8,1.0
2023-12-16 20:30:00,649.0,21.399999999999995,41.8,1.0
2023-12-16 21:00:00,650.3333333333334,21.366666666666664,41.8,1.0
2023-12-16 21:30:00,667.3333333333334,21.399999999999995,41.8,1.0
2023-12-16 22:00:00,653.0,21.433333333333334,41.8,1.0
2023-12-16 22:30:00,655.3333333333334,21.433333333333334,41.8,1.0
2023-12-16 23:00:00,640.0,21.433333333333334,41.8,1.0
2023-12-16 23:30:00,613.3333333333334,21.433333333333334,41.8,1.0
2023-12-17 00:00:00,622.3333333333334,21.433333333333334,41.8,1.0
2023-12-17 00:30:00,613.0,21.433333333333334,41.8,1.0
2023-12-17 01:00:00,634.0,21.433333333333334,41.8,1.0
2023-12-17 01:30:00,634.6666666666666,21.46666666666667,41.8,1.0
2023-12-17 02:00:00,615.0,21.433333333333334,41.8,1.0
2023-12-17 02:30:00,604.0,21.399999999999995,41.8,1.0
2023-12-17 03:00:00,624.3333333333334,21.399999999999995,41.8,1.0
2023-12-17 03:30:00,628.3333333333334,21.433333333333334,41.93,1.0
2023-12-17 04:00:00,593.3333333333334,21.5,41.8,1.0
2023-12-17 04:30:00,591.6666666666666,21.433333333333334,41.93,1.0
2023-12-17 05:00:00,604.6666666666666,21.46666666666667,41.8,1.0
2023-12-17 05:30:00,583.0,21.46666666666667,41.8,1.0
2023-12-17 06:00:00,574.6666666666666,21.433333333333334,41.93,1.0
2023-12-17 06:30:00,554.6666666666666,21.46666666666667,41.8,1.0
2023-12-17 07:00:00,571.3333333333334,21.46666666666667,42.059999999999995,1.0
2023-12-17 07:30:00,588.0,21.46666666666667,42.19,1.0
2023-12-17 08:00:00,550.3333333333334,21.46666666666667,42.19,1.0
2023-12-17 08:30:00,557.3333333333334,21.46666666666667,42.19,1.0
2023-12-17 09:00:00,561.6666666666666,21.5,42.19,1.0
2023-12-17 09:30:00,535.3333333333334,21.46666666666667,42.19,1.0
2023-12-17 10:00:00,561.6666666666666,21.5,42.19,1.0
2023-12-17 10:30:00,539.0,21.5,42.19,1.0
2023-12-17 11:00:00,544.6666666666666,21.5,42.19,1.0
2023-12-17 11:30:00,554.3333333333334,21.46666666666667,42.19,1.0
2023-12-17 12:00:00,538.0,21.46666666666667,42.19,1.0
2023-12-17 12:30:00,553.3333333333334,21.46666666666667,42.19,1.0
2023-12-17 13:00:00,534.3333333333334,21.53333333333333,42.19,1.0
2023-12-17 13:30:00,546.6666666666666,21.53333333333333,42.19,1.0
2023-12-17 14:00:00,530.3333333333334,21.53333333333333,42.32,1.0
2023-12-17 14:30:00,528.3333333333334,21.53333333333333,42.19,1.0
2023-12-17 15:00:00,540.6666666666666,21.46666666666667,42.19,1.0
2023-12-17 15:30:00,531.0,21.46666666666667,42.32,1.0
2023-12-17 16:00:00,525.0,21.5,42.32,1.0
2023-12-17 16:30:00,548.3333333333334,21.5,42.449999999999996,1.0
2023-12-17 17:00:00,512.6666666666666,21.53333333333333,42.449999999999996,1.0
2023-12-17 17:30:00,545.3333333333334,21.53333333333333,42.449999999999996,1.0
2023-12-17 18:00:00,546.0,21.46666666666667,42.449999999999996,1.0
2023-12-17 18:30:00,523.6666666666666,21.566666666666666,42.58,1.0
2023-12-17 19:00:00,558.0,21.5,42.58,1.0
2023-12-17 19:30:00,547.3333333333334,21.5,42.58,1.0
2023-12-17 20:00:00,529.3333333333334,21.53333333333333,42.449999999999996,1.0
2023-12-17 20:30:00,539.3333333333334,21.5,42.449999999999996,1.0
2023-12-17 21:00:00,522.6666666666666,21.5,42.58,1.0
2023-12-17 21:30:00,524.0,21.53333333333333,42.58,1.0
2023-12-17 22:00:00,527.0,21.5,42.449999999999996,1.0
2023-12-17 22:30:00,522.6666666666666,21.5,42.58,1.0
2023-12-17 23:00:00,523.0,21.53333333333333,42.449999999999996,1.0
2023-12-17 23:30:00,500.6666666666667,21.53333333333333,42.58,1.0
2023-12-18 00:00:00,539.0,21.53333333333333,42.449999999999996,1.0
2023-12-18 00:30:00,510.0,21.53333333333333,42.58,1.0
2023-12-18 01:00:00,504.3333333333333,21.5,42.58,1.0
2023-12-18 01:30:00,515.6666666666666,21.5,42.58,1.0
2023-12-18 02:00:00,509.3333333333333,21.5,42.58,1.0
2023-12-18 02:30:00,498.3333333333333,21.600000000000005,42.58,1.0
2023-12-18 03:00:00,533.3333333333334,21.53333333333333,42.58,1.0
2023-12-18 03:30:00,531.0,21.5,42.58,1.0
2023-12-18 04:00:00,502.3333333333333,21.53333333333333,42.449999999999996,1.0
2023-12-18 04:30:00,509.3333333333333,21.5,42.58,1.0
2023-12-18 05:00:00,519.3333333333334,21.5,42.58,1.0
2023-12-18 05:30:00,506.0,21.5,42.449999999999996,1.0
2023-12-18 06:00:00,502.6666666666667,21.53333333333333,42.58,1.0
2023-12-18 06:30:00,498.0,21.566666666666666,42.58,1.0
2023-12-18 07:00:00,492.3333333333333,21.5,42.58,1.0
2023-12-18 07:30:00,577.0,21.633333333333336,43.23,1.0
2023-12-18 08:00:00,1001.3333333333334,21.933333333333334,45.44,1.0
2023-12-18 08:30:00,975.3333333333334,21.733333333333334,44.660000000000004,1.0
2023-12-18 09:00:00,929.6666666666666,21.666666666666668,44.53,1.0
2023-12-18 09:30:00,861.0,21.866666666666664,44.79,1.0
2023-12-18 10:00:00,1056.0,22.03333333333333,45.44,1.0
2023-12-18 10:30:00,1196.0,22.099999999999998,46.09,1.0
2023-12-18 11:00:00,1251.3333333333333,22.2,46.22,1.0
2023-12-18 11:30:00,1318.0,22.233333333333334,46.48,1.0
2023-12-18 12:00:00,1355.6666666666667,22.133333333333336,46.48333333333333,1.0
2023-12-18 12:30:00,1554.3333333333333,22.233333333333334,47.27,1.0
2023-12-18 13:00:00,1747.3333333333333,22.333333333333332,47.919999999999995,1.0
2023-12-18 13:30:00,1683.3333333333333,22.366666666666664,47.79,1.0
2023-12-18 14:00:00,1687.6666666666667,22.46666666666667,47.66,1.0
2023-12-18 14:30:00,1746.3333333333333,22.5,47.53,1.0
2023-12-18 15:00:00,1669.6666666666667,22.5,47.53,1.0
2023-12-18 15:30:00,2231.0,22.600000000000005,49.089999999999996,1.0
2023-12-18 16:00:00,2499.3333333333335,22.53333333333333,49.74,1.0
2023-12-18 16:30:00,2199.3333333333335,22.566666666666666,48.56999999999999,1.0
2023-12-18 17:00:00,2115.0,22.366666666666664,48.18,1.0
2023-12-18 17:30:00,2035.3333333333333,22.3,47.79,1.0
2023-12-18 18:00:00,1934.3333333333333,22.233333333333334,47.27,1.0
2023-12-18 18:30:00,1879.0,22.2,46.88,1.0
2023-12-18 19:00:00,1824.0,22.100000000000005,46.74666666666667,1.0
2023-12-18 19:30:00,1758.6666666666667,22.133333333333336,46.48,1.0
2023-12-18 20:00:00,1729.3333333333333,22.166666666666668,46.09,1.0
2023-12-18 20:30:00,1690.6666666666667,22.100000000000005,46.09,1.0
2023-12-18 21:00:00,1665.0,22.100000000000005,45.830000000000005,1.0
2023-12-18 21:30:00,1588.6666666666667,22.133333333333336,45.70000000000001,1.0
2023-12-18 22:00:00,1551.6666666666667,22.066666666666666,45.70000000000001,1.0
2023-12-18 22:30:00,1544.6666666666667,22.066666666666666,45.44,1.0
2023-12-18 23:00:00,1530.5,22.05,45.31,1.0
2023-12-18 23:30:00,1474.0,22.066666666666666,45.31,1.0
2023-12-19 00:00:00,1408.6666666666667,22.100000000000005,45.18000000000001,1.0
2023-12-19 00:30:00,1391.0,22.03333333333333,45.18000000000001,1.0
2023-12-19 01:00:00,1364.3333333333333,22.0,45.050000000000004,1.0
2023-12-19 01:30:00,1326.3333333333333,22.0,44.919999999999995,1.0
2023-12-19 02:00:00,1281.0,21.933333333333334,44.919999999999995,1.0
2023-12-19 02:30:00,1255.6666666666667,21.96666666666667,44.919999999999995,1.0
2023-12-19 03:00:00,1264.3333333333333,22.0,44.919999999999995,1.0
2023-12-19 03:30:00,1232.6666666666667,21.96666666666667,44.79,1.0
2023-12-19 04:00:00,1204.0,21.900000000000002,44.660000000000004,1.0
2023-12-19 04:30:00,1191.3333333333333,21.899999999999995,44.660000000000004,1.0
2023-12-19 05:00:00,1156.3333333333333,21.899999999999995,44.53,1.0
2023-12-19 05:30:00,1127.6666666666667,21.933333333333334,44.53,1.0
2023-12-19 06:00:00,1086.6666666666667,21.899999999999995,44.53,1.0
2023-12-19 06:30:00,1053.0,21.866666666666664,44.53,1.0
2023-12-19 07:00:00,1026.3333333333333,21.833333333333332,44.53,1.0
2023-12-19 07:30:00,1008.0,21.866666666666664,44.53,1.0
2023-12-19 08:00:00,985.3333333333334,21.866666666666664,44.53,1.0
2023-12-19 08:30:00,940.0,21.833333333333332,44.53,1.0
2023-12-19 09:00:00,922.6666666666666,21.8,44.53,1.0
2023-12-19 09:30:00,900.0,21.8,44.53,1.0
2023-12-19 10:00:00,878.6666666666666,21.8,44.53,1.0
2023-12-19 10:30:00,860.0,21.8,44.53,1.0
2023-12-19 11:00:00,826.6666666666666,21.833333333333332,44.53,1.0
2023-12-19 11:30:00,805.0,21.733333333333334,44.53,1.0
2023-12-19 12:00:00,798.0,21.7,44.53,1.0
2023-12-19 12:30:00,796.0,21.733333333333334,44.53,1.0
2023-12-19 13:00:00,769.0,21.733333333333334,44.53,1.0
2023-12-19 13:30:00,795.6666666666666,21.766666666666666,44.4,1.0
2023-12-19 14:00:00,736.0,21.766666666666666,44.4,1.0
2023-12-19 14:30:00,764.3333333333334,21.733333333333334,44.53,1.0
2023-12-19 15:00:00,767.3333333333334,21.733333333333334,44.4,1.0
2023-12-19 15:30:00,742.0,21.8,44.14000000000001,1.0
2023-12-19 16:00:00,721.6666666666666,21.733333333333334,44.14000000000001,1.0
2023-12-19 16:30:00,731.6666666666666,21.766666666666666,44.14000000000001,1.0
2023-12-19 17:00:00,695.3333333333334,21.766666666666666,44.14000000000001,1.0
2023-12-19 17:30:00,696.3333333333334,21.733333333333334,44.14000000000001,1.0
2023-12-19 18:00:00,684.3333333333334,21.766666666666666,44.14000000000001,1.0
2023-12-19 18:30:00,685.6666666666666,21.733333333333334,44.14000000000001,1.0
2023-12-19 19:00:00,668.0,21.7,44.14000000000001,1.0
2023-12-19 19:30:00,674.3333333333334,21.733333333333334,44.14000000000001,1.0
2023-12-19 20:00:00,666.0,21.633333333333336,44.14000000000001,1.0
2023-12-19 20:30:00,661.0,21.666666666666668,44.14000000000001,1.0
2023-12-19 21:00:00,628.6666666666666,21.666666666666668,44.14000000000001,1.0
2023-12-19 21:30:00,605.0,21.633333333333336,44.14000000000001,1.0
2023-12-19 22:00:00,638.6666666666666,21.666666666666668,44.14000000000001,1.0
2023-12-19 22:30:00,630.0,21.666666666666668,44.01,1.0
2023-12-19 23:00:00,624.3333333333334,21.666666666666668,44.14000000000001,1.0
2023-12-19 23:30:00,620.0,21.7,43.945,1.0
2023-12-20 00:00:00,627.5,21.65,44.042500000000004,1.0
2023-12-20 00:30:00,614.0,21.65,43.945,1.0
2023-12-20 01:00:00,631.6666666666666,21.666666666666668,43.879999999999995,1.0
2023-12-20 01:30:00,588.3333333333334,21.7,43.879999999999995,1.0
2023-12-20 02:00:00,579.3333333333334,21.600000000000005,43.75,1.0
2023-12-20 02:30:00,607.3333333333334,21.600000000000005,43.75,1.0
2023-12-20 03:00:00,597.0,21.600000000000005,43.75,1.0
2023-12-20 03:30:00,563.6666666666666,21.633333333333336,43.75,1.0
2023-12-20 04:00:00,572.0,21.600000000000005,43.75,1.0
2023-12-20 04:30:00,561.3333333333334,21.566666666666666,43.75,1.0
2023-12-20 05:00:00,546.0,21.633333333333336,43.75,1.0
2023-12-20 05:30:00,582.0,21.53333333333333,43.75,1.0
2023-12-20 06:00:00,583.0,21.53333333333333,43.75,1.0
2023-12-20 06:30:00,592.0,21.566666666666666,43.75,1.0
2023-12-20 07:00:00,566.3333333333334,21.53333333333333,43.75,1.0
2023-12-20 07:30:00,529.0,21.5,43.35999999999999,1.0
2023-12-20 08:00:00,544.0,21.53333333333333,43.35999999999999,1.0
2023-12-20 08:30:00,617.0,21.599999999999998,43.75,1.0
2023-12-20 09:00:00,867.0,21.866666666666664,44.4,1.0
2023-12-20 09:30:00,856.0,21.766666666666666,44.53,1.0
2023-12-20 10:00:00,841.0,21.633333333333336,44.53,1.0
2023-12-20 10:30:00,829.0,21.633333333333336,44.14000000000001,1.0
2023-12-20 11:00:00,978.6666666666666,21.866666666666664,44.01,1.0
2023-12-20 11:30:00,1024.6666666666667,22.066666666666666,43.49,1.0
2023-12-20 12:00:00,1166.6666666666667,22.266666666666666,43.75,1.0
2023-12-20 12:30:00,1421.3333333333333,22.233333333333334,44.79,1.0
2023-12-20 13:00:00,1546.3333333333333,22.233333333333334,45.050000000000004,1.0
2023-12-20 13:30:00,1895.3333333333333,22.233333333333334,46.48333333333333,1.0
2023-12-20 14:00:00,1546.6666666666667,22.233333333333334,44.4,1.0
2023-12-20 14:30:00,1395.6666666666667,22.399999999999995,43.35999999999999,1.0
2023-12-20 15:00:00,1582.3333333333333,22.400000000000002,44.01,1.0
2023-12-20 15:30:00,1519.0,22.266666666666666,44.14000000000001,1.0
2023-12-20 16:00:00,1478.0,22.166666666666668,44.14000000000001,1.0
2023-12-20 16:30:00,1413.3333333333333,22.100000000000005,43.75,1.0
2023-12-20 17:00:00,1405.0,21.96666666666667,43.75,1.0
2023-12-20 17:30:00,1359.3333333333333,21.96666666666667,43.75,1.0
2023-12-20 18:00:00,1287.6666666666667,21.96666666666667,43.49,1.0
2023-12-20 18:30:00,1239.6666666666667,21.96666666666667,43.35999999999999,1.0
2023-12-20 19:00:00,1247.6666666666667,21.933333333333334,43.35999999999999,1.0
2023-12-20 19:30:00,1189.6666666666667,21.899999999999995,43.35999999999999,1.0
2023-12-20 20:00:00,1176.3333333333333,21.866666666666664,43.35999999999999,1.0
2023-12-20 20:30:00,1162.6666666666667,21.866666666666664,43.35999999999999,1.0
2023-12-20 21:00:00,1144.6666666666667,21.833333333333332,43.35999999999999,1.0
2023-12-20 21:30:00,1114.6666666666667,21.866666666666664,43.35999999999999,1.0
2023-12-20 22:00:00,1118.6666666666667,21.833333333333332,43.35999999999999,1.0
2023-12-20 22:30:00,1101.6666666666667,21.8,43.35999999999999,1.0
2023-12-20 23:00:00,1066.3333333333333,21.8,43.35999999999999,1.0
2023-12-20 23:30:00,1055.0,21.9,43.36,1.0
2023-12-21 00:00:00,1026.6666666666667,21.833333333333332,43.23,1.0
2023-12-21 00:30:00,1001.6666666666666,21.766666666666666,43.1,1.0
2023-12-21 01:00:00,972.3333333333334,21.8,42.97,1.0
2023-12-21 01:30:00,963.0,21.766666666666666,42.97,1.0
2023-12-21 02:00:00,982.0,21.766666666666666,42.97,1.0
2023-12-21 02:30:00,948.0,21.733333333333334,42.97,1.0
2023-12-21 03:00:00,905.3333333333334,21.7,42.97,1.0
2023-12-21 03:30:00,905.3333333333334,21.7,42.97,1.0
2023-12-21 04:00:00,882.6666666666666,21.633333333333336,42.97,1.0
2023-12-21 04:30:00,829.3333333333334,21.666666666666668,42.97,1.0
2023-12-21 05:00:00,833.0,21.600000000000005,42.97,1.0
2023-12-21 05:30:00,806.6666666666666,21.633333333333336,42.97,1.0
2023-12-21 06:00:00,804.0,21.633333333333336,42.97,1.0
2023-12-21 06:30:00,780.0,21.566666666666666,42.97,1.0
2023-12-21 07:00:00,770.0,21.53333333333333,42.97,1.0
2023-12-21 07:30:00,773.0,21.53333333333333,42.97,1.0
2023-12-21 08:00:00,730.0,21.53333333333333,42.97,1.0
2023-12-21 08:30:00,721.6666666666666,21.53333333333333,42.97,1.0
2023-12-21 09:00:00,711.0,21.5,42.97,1.0
2023-12-21 09:30:00,705.6666666666666,21.53333333333333,42.97,1.0
2023-12-21 10:00:00,692.6666666666666,21.53333333333333,42.97,1.0
2023-12-21 10:30:00,701.6666666666666,21.5,42.97,1.0
2023-12-21 11:00:00,684.6666666666666,21.53333333333333,42.97,1.0
2023-12-21 11:30:00,684.0,21.53333333333333,42.97,1.0
2023-12-21 12:00:00,717.6666666666666,21.566666666666666,42.97,1.0
2023-12-21 12:30:00,677.3333333333334,21.566666666666666,42.97,1.0
2023-12-21 13:00:00,679.6666666666666,21.53333333333333,43.1,1.0
2023-12-21 13:30:00,659.6666666666666,21.53333333333333,42.97,1.0
2023-12-21 14:00:00,674.0,21.433333333333334,43.23,1.0
2023-12-21 14:30:00,640.3333333333334,21.5,42.97,1.0
2023-12-21 15:00:00,651.0,21.45,43.165,1.0
2023-12-21 15:30:00,651.0,21.433333333333334,42.97,1.0
2023-12-21 16:00:00,639.6666666666666,21.433333333333334,42.97,1.0
2023-12-21 16:30:00,644.3333333333334,21.46666666666667,42.97,1.0
2023-12-21 17:00:00,641.6666666666666,21.5,42.97,1.0
2023-12-21 17:30:00,605.3333333333334,21.5,42.97,1.0
2023-12-21 18:00:00,611.6666666666666,21.5,42.97,1.0
2023-12-21 18:30:00,616.6666666666666,21.46666666666667,42.97,1.0
2023-12-21 19:00:00,625.3333333333334,21.46666666666667,42.97,1.0
2023-12-21 19:30:00,593.6666666666666,21.5,42.97,1.0
2023-12-21 20:00:00,591.0,21.46666666666667,42.97,1.0
2023-12-21 20:30:00,595.3333333333334,21.399999999999995,42.97,1.0
2023-12-21 21:00:00,601.0,21.46666666666667,42.97,1.0
2023-12-21 21:30:00,609.3333333333334,21.5,42.97,1.0
2023-12-21 22:00:00,590.0,21.433333333333334,42.97,1.0
2023-12-21 22:30:00,599.6666666666666,21.433333333333334,42.97,1.0
2023-12-21 23:00:00,593.3333333333334,21.433333333333334,42.97,1.0
2023-12-21 23:30:00,580.0,21.399999999999995,42.97,1.0
2023-12-22 00:00:00,597.3333333333334,21.433333333333334,42.97,1.0
2023-12-22 00:30:00,574.3333333333334,21.399999999999995,42.839999999999996,1.0
2023-12-22 01:00:00,575.3333333333334,21.399999999999995,42.58,1.0
2023-12-22 01:30:00,565.0,21.399999999999995,42.58,1.0
2023-12-22 02:00:00,551.0,21.399999999999995,42.58,1.0
2023-12-22 02:30:00,529.0,21.399999999999995,42.58,1.0
2023-12-22 03:00:00,506.6666666666667,21.399999999999995,42.58,1.0
2023-12-22 03:30:00,522.3333333333334,21.433333333333334,42.58,1.0
2023-12-22 04:00:00,557.6666666666666,21.399999999999995,42.58,1.0
2023-12-22 04:30:00,525.6666666666666,21.366666666666664,42.58,1.0
2023-12-22 05:00:00,556.0,21.399999999999995,42.58,1.0
2023-12-22 05:30:00,521.0,21.333333333333332,42.58,1.0
2023-12-22 06:00:00,527.3333333333334,21.366666666666664,42.58,1.0
2023-12-22 06:30:00,516.0,21.333333333333332,42.19,1.0
2023-12-22 07:00:00,527.3333333333334,21.333333333333332,42.19,1.0
2023-12-22 07:30:00,516.0,21.333333333333332,42.19,1.0
2023-12-22 08:00:00,511.6666666666667,21.366666666666664,42.19,1.0
2023-12-22 08:30:00,508.6666666666667,21.366666666666664,41.93,1.0
2023-12-22 09:00:00,500.3333333333333,21.366666666666664,42.059999999999995,1.0
2023-12-22 09:30:00,496.6666666666667,21.366666666666664,41.93,1.0
2023-12-22 10:00:00,490.0,21.4,41.8,1.0
2023-12-22 10:30:00,518.75,21.4,41.8,1.0
2023-12-22 11:00:00,486.5,21.3,41.995,1.0
2023-12-22 11:30:00,482.3333333333333,21.333333333333332,41.8,1.0
2023-12-22 12:00:00,493.3333333333333,21.366666666666664,41.8,1.0
2023-12-22 12:30:00,501.3333333333333,21.366666666666664,41.8,1.0
2023-12-22 13:00:00,493.0,21.366666666666664,41.54,1.0
2023-12-22 13:30:00,474.6666666666667,21.366666666666664,41.41,1.0
2023-12-22 14:00:00,478.0,21.366666666666664,41.41,1.0
2023-12-22 14:30:00,478.6666666666667,21.333333333333332,41.41,1.0
2023-12-22 15:00:00,491.6666666666667,21.333333333333332,41.41,1.0
2023-12-22 15:30:00,456.3333333333333,21.333333333333332,41.41,1.0
2023-12-22 16:00:00,482.6666666666667,21.333333333333332,41.41,1.0
2023-12-22 16:30:00,474.0,21.3,41.28,1.0
2023-12-22 17:00:00,478.6666666666667,21.333333333333332,41.15,1.0
2023-12-22 17:30:00,454.3333333333333,21.3,41.15,1.0
2023-12-22 18:00:00,478.6666666666667,21.333333333333332,41.02,1.0
2023-12-22 18:30:00,462.3333333333333,21.366666666666664,41.02,1.0
2023-12-22 19:00:00,459.3333333333333,21.333333333333332,41.02,1.0
2023-12-22 19:30:00,455.3333333333333,21.3,41.02,1.0
2023-12-22 20:00:00,471.6666666666667,21.333333333333332,41.15,1.0
2023-12-22 20:30:00,453.6666666666667,21.333333333333332,41.28,1.0
2023-12-22 21:00:00,458.6666666666667,21.366666666666664,41.41,1.0
2023-12-22 21:30:00,437.6666666666667,21.3,41.41,1.0
2023-12-22 22:00:00,457.3333333333333,21.266666666666666,41.41,1.0
2023-12-22 22:30:00,465.3333333333333,21.266666666666666,41.41,1.0
2023-12-22 23:00:00,439.0,21.333333333333332,41.41,1.0
2023-12-22 23:30:00,454.6666666666667,21.333333333333332,41.41,1.0
2023-12-23 00:00:00,473.0,21.266666666666666,41.41,1.0
2023-12-23 00:30:00,471.0,21.266666666666666,41.41,1.0
2023-12-23 01:00:00,456.6666666666667,21.266666666666666,41.41,1.0
2023-12-23 01:30:00,454.0,21.3,41.41,1.0
2023-12-23 02:00:00,443.6666666666667,21.233333333333334,41.41,1.0
2023-12-23 02:30:00,454.0,21.266666666666666,41.41,1.0
2023-12-23 03:00:00,430.6666666666667,21.3,41.15,1.0
2023-12-23 03:30:00,429.3333333333333,21.233333333333334,41.41,1.0
2023-12-23 04:00:00,455.0,21.266666666666666,41.28,1.0
2023-12-23 04:30:00,456.3333333333333,21.2,41.28,1.0
2023-12-23 05:00:00,456.6666666666667,21.3,41.28,1.0
2023-12-23 05:30:00,456.0,21.233333333333334,41.41,1.0
2023-12-23 06:00:00,441.3333333333333,21.233333333333334,41.28,1.0
2023-12-23 06:30:00,448.0,21.2,41.02,1.0
2023-12-23 07:00:00,451.0,21.266666666666666,41.02,1.0
2023-12-23 07:30:00,436.3333333333333,21.2,41.02,1.0
2023-12-23 08:00:00,438.6666666666667,21.266666666666666,40.88666666666666,1.0
2023-12-23 08:30:00,430.3333333333333,21.2,40.62,1.0
2023-12-23 09:00:00,428.6666666666667,21.2,40.62,1.0
2023-12-23 09:30:00,431.6666666666667,21.2,40.62,1.0
2023-12-23 10:00:00,452.6666666666667,21.233333333333334,40.62,1.0
2023-12-23 10:30:00,442.0,21.233333333333334,40.62,1.0
2023-12-23 11:00:00,447.0,21.2,40.62,1.0
2023-12-23 11:30:00,435.6666666666667,21.266666666666666,40.62,1.0
2023-12-23 12:00:00,414.6666666666667,21.266666666666666,40.62,1.0
2023-12-23 12:30:00,393.0,21.233333333333334,40.62,1.0
2023-12-23 13:00:00,417.6666666666667,21.2,40.62,1.0
2023-12-23 13:30:00,408.3333333333333,21.2,40.62,1.0
2023-12-23 14:00:00,428.6666666666667,21.233333333333334,40.62,1.0
2023-12-23 14:30:00,413.0,21.266666666666666,40.62,1.0
2023-12-23 15:00:00,409.6666666666667,21.233333333333334,40.49,1.0
2023-12-23 15:30:00,424.6666666666667,21.233333333333334,40.62,1.0
2023-12-23 16:00:00,421.0,21.266666666666666,40.35999999999999,1.0
2023-12-23 16:30:00,431.3333333333333,21.2,40.23,1.0
2023-12-23 17:00:00,426.6666666666667,21.166666666666668,40.35999999999999,1.0
2023-12-23 17:30:00,421.6666666666667,21.133333333333336,40.23,1.0
2023-12-23 18:00:00,427.6666666666667,21.166666666666668,40.23,1.0
2023-12-23 18:30:00,419.6666666666667,21.166666666666668,40.23,1.0
2023-12-23 19:00:00,423.0,21.2,40.23,1.0
2023-12-23 19:30:00,409.0,21.2,40.23,1.0
2023-12-23 20:00:00,442.0,21.233333333333334,40.23,1.0
2023-12-23 20:30:00,418.0,21.2,40.23,1.0
2023-12-23 21:00:00,424.6666666666667,21.133333333333336,40.35999999999999,1.0
2023-12-23 21:30:00,419.0,21.166666666666668,40.23,1.0
2023-12-23 22:00:00,426.3333333333333,21.2,40.23,1.0
2023-12-23 22:30:00,413.6666666666667,21.2,40.49,1.0
2023-12-23 23:00:00,429.0,21.166666666666668,40.62,1.0
2023-12-23 23:30:00,412.3333333333333,21.166666666666668,40.49,1.0
2023-12-24 00:00:00,414.0,21.2,40.425,1.0
2023-12-24 00:30:00,419.6666666666667,21.166666666666668,40.49,1.0
2023-12-24 01:00:00,423.0,21.166666666666668,40.49,1.0
2023-12-24 01:30:00,436.0,21.166666666666668,40.62,1.0
2023-12-24 02:00:00,437.3333333333333,21.1,40.62,1.0
2023-12-24 02:30:00,429.3333333333333,21.166666666666668,40.62,1.0
2023-12-24 03:00:00,416.6666666666667,21.133333333333336,40.49,1.0
2023-12-24 03:30:00,430.5,21.15,40.62,1.0
2023-12-24 04:00:00,445.6666666666667,21.166666666666668,40.62,1.0
2023-12-24 04:30:00,438.6666666666667,21.166666666666668,40.62,1.0
2023-12-24 05:00:00,429.0,21.133333333333336,40.62,1.0
2023-12-24 05:30:00,410.3333333333333,21.166666666666668,40.62,1.0
2023-12-24 06:00:00,436.0,21.166666666666668,40.62,1.0
2023-12-24 06:30:00,430.0,21.133333333333336,40.62,1.0
2023-12-24 07:00:00,442.6666666666667,21.133333333333336,40.62,1.0
2023-12-24 07:30:00,435.0,21.1,40.62,1.0
2023-12-24 08:00:00,431.6666666666667,21.166666666666668,40.35999999999999,1.0
2023-12-24 08:30:00,401.6666666666667,21.2,40.49,1.0
2023-12-24 09:00:00,434.6666666666667,21.1,40.23,1.0
2023-12-24 09:30:00,413.3333333333333,21.133333333333336,40.35999999999999,1.0
2023-12-24 10:00:00,427.0,21.133333333333336,40.23,1.0
2023-12-24 10:30:00,424.3333333333333,21.1,40.23,1.0
2023-12-24 11:00:00,439.6666666666667,21.133333333333336,40.23,1.0
2023-12-24 11:30:00,425.3333333333333,21.2,40.23,1.0
2023-12-24 12:00:00,406.6666666666667,21.133333333333336,40.23,1.0
2023-12-24 12:30:00,410.0,21.133333333333336,40.35999999999999,1.0
2023-12-24 13:00:00,406.6666666666667,21.133333333333336,40.23,1.0
2023-12-24 13:30:00,400.6666666666667,21.2,40.35999999999999,1.0
2023-12-24 14:00:00,392.0,21.1,40.62,1.0
2023-12-24 14:30:00,435.6666666666667,21.133333333333336,40.62,1.0
2023-12-24 15:00:00,435.6666666666667,21.1,40.62,1.0
2023-12-24 15:30:00,414.0,21.1,40.62,1.0
2023-12-24 16:00:00,416.3333333333333,21.166666666666668,40.75333333333333,1.0
2023-12-24 16:30:00,405.3333333333333,21.166666666666668,40.88666666666666,1.0
2023-12-24 17:00:00,429.6666666666667,21.2,41.02,1.0
2023-12-24 17:30:00,432.3333333333333,21.2,41.02,1.0
2023-12-24 18:00:00,408.0,21.166666666666668,41.02,1.0
2023-12-24 18:30:00,420.3333333333333,21.2,41.02,1.0
2023-12-24 19:00:00,429.6666666666667,21.2,41.15,1.0
2023-12-24 19:30:00,447.0,21.2,41.02,1.0
2023-12-24 20:00:00,432.3333333333333,21.166666666666668,41.02,1.0
2023-12-24 20:30:00,415.3333333333333,21.166666666666668,41.02,1.0
2023-12-24 21:00:00,424.0,21.2,41.15,1.0
2023-12-24 21:30:00,421.0,21.233333333333334,41.41,1.0
2023-12-24 22:00:00,422.0,21.233333333333334,41.41,1.0
2023-12-24 22:30:00,409.0,21.2,41.41,1.0
2023-12-24 23:00:00,399.0,21.2,41.41,1.0
2023-12-24 23:30:00,432.0,21.233333333333334,41.41,1.0
2023-12-25 00:00:00,413.3333333333333,21.2,41.41,1.0
2023-12-25 00:30:00,434.0,21.266666666666666,41.41,1.0
2023-12-25 01:00:00,462.6666666666667,21.233333333333334,41.41,1.0
2023-12-25 01:30:00,452.0,21.2,41.41,1.0
2023-12-25 02:00:00,438.3333333333333,21.266666666666666,41.41,1.0
2023-12-25 02:30:00,448.0,21.233333333333334,41.41,1.0
2023-12-25 03:00:00,475.6666666666667,21.233333333333334,41.41,1.0
2023-12-25 03:30:00,453.0,21.2,41.41,1.0
2023-12-25 04:00:00,487.6666666666667,21.2,41.41,1.0
2023-12-25 04:30:00,464.6666666666667,21.233333333333334,41.41,1.0
2023-12-25 05:00:00,453.6666666666667,21.233333333333334,41.41,1.0
2023-12-25 05:30:00,469.6666666666667,21.233333333333334,41.41,1.0
2023-12-25 06:00:00,439.6666666666667,21.2,41.41,1.0
2023-12-25 06:30:00,438.3333333333333,21.266666666666666,41.41,1.0
2023-12-25 07:00:00,434.6666666666667,21.233333333333334,41.41,1.0
2023-12-25 07:30:00,453.3333333333333,21.233333333333334,41.41,1.0
2023-12-25 08:00:00,468.0,21.266666666666666,41.41,1.0
2023-12-25 08:30:00,462.6666666666667,21.266666666666666,41.41,1.0
2023-12-25 09:00:00,460.6666666666667,21.266666666666666,41.41,1.0
2023-12-25 09:30:00,468.3333333333333,21.3,41.28,1.0
2023-12-25 10:00:00,451.6666666666667,21.266666666666666,41.41,1.0
2023-12-25 10:30:00,445.3333333333333,21.366666666666664,41.15,1.0
2023-12-25 11:00:00,427.6666666666667,21.333333333333332,41.28,1.0
2023-12-25 11:30:00,470.3333333333333,21.333333333333332,41.15,1.0
2023-12-25 12:00:00,455.3333333333333,21.333333333333332,41.41,1.0
2023-12-25 12:30:00,448.3333333333333,21.233333333333334,41.28,1.0
2023-12-25 13:00:00,467.3333333333333,21.3,41.15,1.0
2023-12-25 13:30:00,452.6666666666667,21.233333333333334,41.28,1.0
2023-12-25 14:00:00,442.6666666666667,21.2,41.41,1.0
2023-12-25 14:30:00,468.3333333333333,21.233333333333334,41.28,1.0
2023-12-25 15:00:00,479.3333333333333,21.266666666666666,41.15,1.0
2023-12-25 15:30:00,448.6666666666667,21.233333333333334,41.41,1.0
2023-12-25 16:00:00,457.6666666666667,21.3,41.15,1.0
2023-12-25 16:30:00,467.3333333333333,21.2,41.02,1.0
2023-12-25 17:00:00,441.0,21.3,41.28,1.0
2023-12-25 17:30:00,477.6666666666667,21.266666666666666,41.02,1.0
2023-12-25 18:00:00,440.0,21.266666666666666,41.02,1.0
2023-12-25 18:30:00,458.6666666666667,21.233333333333334,41.02,1.0
2023-12-25 19:00:00,441.6666666666667,21.266666666666666,41.02,1.0
2023-12-25 19:30:00,450.0,21.3,41.02,1.0
2023-12-25 20:00:00,448.0,21.266666666666666,41.02,1.0
2023-12-25 20:30:00,449.3333333333333,21.3,41.02,1.0
2023-12-25 21:00:00,476.0,21.233333333333334,41.02,1.0
2023-12-25 21:30:00,475.0,21.3,41.15,1.0
2023-12-25 22:00:00,453.0,21.2,41.41,1.0
2023-12-25 22:30:00,450.6666666666667,21.233333333333334,41.28,1.0
2023-12-25 23:00:00,460.0,21.266666666666666,41.28,1.0
2023-12-25 23:30:00,477.6666666666667,21.233333333333334,41.28,1.0
2023-12-26 00:00:00,460.3333333333333,21.266666666666666,41.28,1.0
2023-12-26 00:30:00,444.6666666666667,21.233333333333334,41.02,1.0
2023-12-26 01:00:00,463.3333333333333,21.233333333333334,41.28,1.0
2023-12-26 01:30:00,451.3333333333333,21.266666666666666,41.28,1.0
2023-12-26 02:00:00,440.6666666666667,21.233333333333334,41.28,1.0
2023-12-26 02:30:00,448.6666666666667,21.233333333333334,41.41,1.0
2023-12-26 03:00:00,436.6666666666667,21.2,41.41,1.0
2023-12-26 03:30:00,439.3333333333333,21.3,41.41,1.0
2023-12-26 04:00:00,426.0,21.266666666666666,41.41,1.0
2023-12-26 04:30:00,441.6666666666667,21.2,41.41,1.0
2023-12-26 05:00:00,453.3333333333333,21.233333333333334,41.41,1.0
2023-12-26 05:30:00,438.0,21.233333333333334,41.41,1.0
2023-12-26 06:00:00,473.6666666666667,21.2,41.41,1.0
2023-12-26 06:30:00,450.0,21.266666666666666,41.41,1.0
2023-12-26 07:00:00,452.3333333333333,21.266666666666666,41.41,1.0
2023-12-26 07:30:00,444.3333333333333,21.266666666666666,41.41,1.0
2023-12-26 08:00:00,455.3333333333333,21.266666666666666,41.41,1.0
2023-12-26 08:30:00,456.0,21.3,41.41,1.0
2023-12-26 09:00:00,454.3333333333333,21.266666666666666,41.41,1.0
2023-12-26 09:30:00,468.3333333333333,21.266666666666666,41.41,1.0
2023-12-26 10:00:00,450.3333333333333,21.266666666666666,41.41,1.0
2023-12-26 10:30:00,449.6666666666667,21.266666666666666,41.41,1.0
2023-12-26 11:00:00,448.6666666666667,21.266666666666666,41.41,1.0
2023-12-26 11:30:00,448.3333333333333,21.2,41.41,1.0
2023-12-26 12:00:00,466.3333333333333,21.3,41.41,1.0
2023-12-26 12:30:00,476.3333333333333,21.3,41.41,1.0
2023-12-26 13:00:00,465.6666666666667,21.233333333333334,41.41,1.0
2023-12-26 13:30:00,447.6666666666667,21.266666666666666,41.41,1.0
2023-12-26 14:00:00,472.6666666666667,21.233333333333334,41.41,1.0
2023-12-26 14:30:00,441.0,21.333333333333332,41.41,1.0
2023-12-26 15:00:00,435.3333333333333,21.2,41.41,1.0
2023-12-26 15:30:00,438.6666666666667,21.333333333333332,41.41,1.0
2023-12-26 16:00:00,462.3333333333333,21.2,41.41,1.0
2023-12-26 16:30:00,451.3333333333333,21.2,41.41,1.0
2023-12-26 17:00:00,444.3333333333333,21.2,41.28,1.0
2023-12-26 17:30:00,454.3333333333333,21.233333333333334,41.15,1.0
2023-12-26 18:00:00,440.0,21.233333333333334,41.15,1.0
2023-12-26 18:30:00,456.0,21.266666666666666,41.02,1.0
2023-12-26 19:00:00,448.6666666666667,21.3,41.02,1.0
2023-12-26 19:30:00,446.3333333333333,21.266666666666666,41.02,1.0
2023-12-26 20:00:00,456.3333333333333,21.233333333333334,41.15,1.0
2023-12-26 20:30:00,457.0,21.233333333333334,41.02,1.0
2023-12-26 21:00:00,437.3333333333333,21.266666666666666,41.28,1.0
2023-12-26 21:30:00,445.6666666666667,21.233333333333334,41.41,1.0
2023-12-26 22:00:00,429.3333333333333,21.266666666666666,41.28,1.0
2023-12-26 22:30:00,459.6666666666667,21.233333333333334,41.41,1.0
2023-12-26 23:00:00,458.3333333333333,21.266666666666666,41.41,1.0
2023-12-26 23:30:00,456.6666666666667,21.2,41.41,1.0
2023-12-27 00:00:00,454.3333333333333,21.233333333333334,41.41,1.0
2023-12-27 00:30:00,439.0,21.2,41.41,1.0
2023-12-27 01:00:00,451.0,21.2,41.41,1.0
2023-12-27 01:30:00,447.3333333333333,21.2,41.41,1.0
2023-12-27 02:00:00,447.0,21.233333333333334,41.41,1.0
2023-12-27 02:30:00,441.3333333333333,21.266666666666666,41.41,1.0
2023-12-27 03:00:00,447.3333333333333,21.2,41.41,1.0
2023-12-27 03:30:00,454.3333333333333,21.233333333333334,41.41,1.0
2023-12-27 04:00:00,471.6666666666667,21.233333333333334,41.28,1.0
2023-12-27 04:30:00,460.0,21.233333333333334,41.41,1.0
2023-12-27 05:00:00,458.6666666666667,21.233333333333334,41.41,1.0
2023-12-27 05:30:00,477.3333333333333,21.266666666666666,41.28,1.0
2023-12-27 06:00:00,461.3333333333333,21.166666666666668,41.41,1.0
2023-12-27 06:30:00,443.0,21.2,41.15,1.0
2023-12-27 07:00:00,444.6666666666667,21.166666666666668,41.02,1.0
2023-12-27 07:30:00,439.3333333333333,21.2,41.02,1.0
2023-12-27 08:00:00,482.0,21.2,41.02,1.0
2023-12-27 08:30:00,452.3333333333333,21.2,40.88666666666666,1.0
2023-12-27 09:00:00,457.6666666666667,21.2,40.75333333333333,1.0
2023-12-27 09:30:00,462.6666666666667,21.266666666666666,40.62,1.0
2023-12-27 10:00:00,447.3333333333333,21.266666666666666,40.62,1.0
2023-12-27 10:30:00,458.3333333333333,21.2,40.62,1.0
2023-12-27 11:00:00,444.6666666666667,21.233333333333334,40.62,1.0
2023-12-27 11:30:00,452.0,21.233333333333334,40.62,1.0
2023-12-27 12:00:00,452.6666666666667,21.233333333333334,40.62,1.0
2023-12-27 12:30:00,466.0,21.233333333333334,40.49,1.0
2023-12-27 13:00:00,447.6666666666667,21.233333333333334,40.35999999999999,1.0
2023-12-27 13:30:00,448.6666666666667,21.2,40.23,1.0
2023-12-27 14:00:00,463.3333333333333,21.233333333333334,40.35999999999999,1.0
2023-12-27 14:30:00,453.6666666666667,21.166666666666668,40.23,1.0
2023-12-27 15:00:00,475.6666666666667,21.166666666666668,40.35999999999999,1.0
2023-12-27 15:30:00,447.3333333333333,21.133333333333336,40.23,1.0
2023-12-27 16:00:00,499.5,21.15,40.23,1.0
2023-12-27 16:30:00,466.0,21.233333333333334,40.23,1.0
2023-12-27 17:00:00,488.3333333333333,21.1,40.23,1.0
2023-12-27 17:30:00,462.6666666666667,21.166666666666668,40.23,1.0
2023-12-27 18:00:00,470.3333333333333,21.133333333333336,40.23,1.0
2023-12-27 18:30:00,465.6666666666667,21.166666666666668,40.23,1.0
2023-12-27 19:00:00,438.6666666666667,21.133333333333336,40.23,1.0
2023-12-27 19:30:00,470.0,21.2,40.1,1.0
2023-12-27 20:00:00,463.0,21.2,40.1,1.0
2023-12-27 20:30:00,471.3333333333333,21.2,40.23,1.0
2023-12-27 21:00:00,471.0,21.166666666666668,40.23,1.0
2023-12-27 21:30:00,478.3333333333333,21.2,40.23,1.0
2023-12-27 22:00:00,469.0,21.2,40.23,1.0
2023-12-27 22:30:00,461.3333333333333,21.133333333333336,40.23,1.0
2023-12-27 23:00:00,432.6666666666667,21.1,40.23,1.0
2023-12-27 23:30:00,427.3333333333333,21.2,40.23,1.0
2023-12-28 00:00:00,448.0,21.166666666666668,40.23,1.0
2023-12-28 00:30:00,462.3333333333333,21.133333333333336,40.23,1.0
2023-12-28 01:00:00,461.0,21.133333333333336,40.23,1.0
2023-12-28 01:30:00,447.3333333333333,21.133333333333336,40.35999999999999,1.0
2023-12-28 02:00:00,429.6666666666667,21.166666666666668,40.23,1.0
2023-12-28 02:30:00,454.6666666666667,21.2,40.35999999999999,1.0
2023-12-28 03:00:00,449.3333333333333,21.2,40.35999999999999,1.0
2023-12-28 03:30:00,434.0,21.166666666666668,40.62,1.0
2023-12-28 04:00:00,431.0,21.2,40.62,1.0
2023-12-28 04:30:00,442.0,21.133333333333336,40.62,1.0
2023-12-28 05:00:00,454.6666666666667,21.133333333333336,40.62,1.0
2023-12-28 05:30:00,451.0,21.2,40.62,1.0
2023-12-28 06:00:00,458.3333333333333,21.233333333333334,40.62,1.0
2023-12-28 06:30:00,449.6666666666667,21.166666666666668,40.88666666666666,1.0
2023-12-28 07:00:00,432.0,21.166666666666668,40.88666666666666,1.0
2023-12-28 07:30:00,456.3333333333333,21.166666666666668,41.02,1.0
2023-12-28 08:00:00,448.3333333333333,21.133333333333336,41.02,1.0
2023-12-28 08:30:00,444.3333333333333,21.166666666666668,41.02,1.0
2023-12-28 09:00:00,437.0,21.133333333333336,41.02,1.0
2023-12-28 09:30:00,457.3333333333333,21.233333333333334,41.02,1.0
2023-12-28 10:00:00,416.6666666666667,21.2,41.02,1.0
2023-12-28 10:30:00,461.6666666666667,21.166666666666668,41.02,1.0
2023-12-28 11:00:00,449.6666666666667,21.233333333333334,41.02,1.0
2023-12-28 11:30:00,447.3333333333333,21.266666666666666,41.02,1.0
2023-12-28 12:00:00,446.0,21.233333333333334,41.02,1.0
2023-12-28 12:30:00,468.0,21.233333333333334,41.15,1.0
2023-12-28 13:00:00,450.0,21.2,41.28,1.0
2023-12-28 13:30:00,436.0,21.233333333333334,41.41,1.0
2023-12-28 14:00:00,455.0,21.2,41.41,1.0
2023-12-28 14:30:00,457.0,21.3,41.41,
2023-12-28 15:00:00,454.3333333333333,21.2,41.41,1.0
2023-12-28 15:30:00,452.0,21.233333333333334,41.41,1.0
2023-12-28 16:00:00,441.0,21.266666666666666,41.41,
2023-12-28 16:30:00,452.3333333333333,21.2,41.41,1.0
2023-12-28 17:00:00,445.3333333333333,21.233333333333334,41.41,1.0
2023-12-28 17:30:00,440.0,21.2,41.41,1.0
2023-12-28 18:00:00,457.3333333333333,21.3,41.41,1.0
2023-12-28 18:30:00,460.0,21.2,41.41,1.0
2023-12-28 19:00:00,471.3333333333333,21.233333333333334,41.54,1.0
2023-12-28 19:30:00,459.6666666666667,21.266666666666666,41.41,1.0
2023-12-28 20:00:00,457.6666666666667,21.266666666666666,41.41,1.0
2023-12-28 20:30:00,462.0,21.266666666666666,41.669999999999995,1.0
2023-12-28 21:00:00,454.0,21.233333333333334,41.54,1.0
2023-12-28 21:30:00,455.3333333333333,21.233333333333334,41.54,1.0
2023-12-28 22:00:00,450.0,21.266666666666666,41.54,1.0
2023-12-28 22:30:00,448.3333333333333,21.3,41.54,1.0
2023-12-28 23:00:00,456.0,21.266666666666666,41.669999999999995,1.0
2023-12-28 23:30:00,465.3333333333333,21.3,41.54,1.0
2023-12-29 00:00:00,460.3333333333333,21.233333333333334,41.54,1.0
2023-12-29 00:30:00,446.3333333333333,21.333333333333332,41.669999999999995,1.0
2023-12-29 01:00:00,456.6666666666667,21.3,41.669999999999995,1.0
2023-12-29 01:30:00,472.0,21.3,41.54,1.0
2023-12-29 02:00:00,424.6666666666667,21.266666666666666,41.41,1.0
2023-12-29 02:30:00,473.3333333333333,21.266666666666666,41.669999999999995,1.0
2023-12-29 03:00:00,419.3333333333333,21.333333333333332,41.8,1.0
2023-12-29 03:30:00,443.0,21.266666666666666,41.8,1.0
2023-12-29 04:00:00,442.6666666666667,21.333333333333332,41.8,1.0
2023-12-29 04:30:00,434.3333333333333,21.333333333333332,41.8,1.0
2023-12-29 05:00:00,451.0,21.3,41.8,1.0
2023-12-29 05:30:00,436.3333333333333,21.266666666666666,41.8,1.0
2023-12-29 06:00:00,440.6666666666667,21.3,41.8,1.0
2023-12-29 06:30:00,458.0,21.366666666666664,41.8,1.0
2023-12-29 07:00:00,430.0,21.3,41.8,1.0
2023-12-29 07:30:00,450.6666666666667,21.266666666666666,41.8,1.0
2023-12-29 08:00:00,449.3333333333333,21.266666666666666,41.8,1.0
2023-12-29 08:30:00,450.3333333333333,21.366666666666664,41.8,1.0
2023-12-29 09:00:00,444.3333333333333,21.333333333333332,41.8,1.0
2023-12-29 09:30:00,450.3333333333333,21.3,41.8,1.0
2023-12-29 10:00:00,438.5,21.35,41.8,1.0
2023-12-29 10:30:00,442.3333333333333,21.3,41.8,1.0
2023-12-29 11:00:00,441.6666666666667,21.366666666666664,41.8,1.0
2023-12-29 11:30:00,448.6666666666667,21.399999999999995,41.8,1.0
2023-12-29 12:00:00,453.3333333333333,21.366666666666664,41.8,1.0
2023-12-29 12:30:00,421.0,21.366666666666664,41.8,1.0
2023-12-29 13:00:00,464.0,21.366666666666664,41.8,1.0
2023-12-29 13:30:00,442.6666666666667,21.333333333333332,41.8,1.0
2023-12-29 14:00:00,467.6666666666667,21.3,41.8,1.0
2023-12-29 14:30:00,443.3333333333333,21.333333333333332,41.8,1.0
2023-12-29 15:00:00,452.0,21.333333333333332,41.8,1.0
2023-12-29 15:30:00,472.0,21.333333333333332,41.8,1.0
2023-12-29 16:00:00,469.0,21.3,41.8,1.0
2023-12-29 16:30:00,453.3333333333333,21.333333333333332,41.8,1.0
2023-12-29 17:00:00,475.3333333333333,21.399999999999995,41.8,1.0
2023-12-29 17:30:00,467.0,21.366666666666664,41.8,1.0
2023-12-29 18:00:00,470.0,21.366666666666664,41.8,1.0
2023-12-29 18:30:00,448.0,21.3,41.8,1.0
2023-12-29 19:00:00,464.6666666666667,21.366666666666664,41.8,1.0
2023-12-29 19:30:00,445.0,21.366666666666664,41.8,1.0
2023-12-29 20:00:00,451.0,21.333333333333332,41.8,1.0
2023-12-29 20:30:00,472.3333333333333,21.333333333333332,41.8,1.0
2023-12-29 21:00:00,428.6666666666667,21.333333333333332,41.8,1.0
2023-12-29 21:30:00,438.3333333333333,21.399999999999995,41.8,1.0
2023-12-29 22:00:00,447.0,21.333333333333332,41.8,1.0
2023-12-29 22:30:00,466.0,21.3,41.8,1.0
2023-12-29 23:00:00,447.6666666666667,21.3,41.8,1.0
2023-12-29 23:30:00,466.0,21.333333333333332,41.8,1.0
2023-12-30 00:00:00,432.0,21.333333333333332,41.93,1.0
2023-12-30 00:30:00,477.3333333333333,21.366666666666664,41.8,1.0
2023-12-30 01:00:00,453.0,21.3,41.8,1.0
2023-12-30 01:30:00,447.0,21.333333333333332,41.8,1.0
2023-12-30 02:00:00,439.0,21.366666666666664,41.8,1.0
2023-12-30 02:30:00,445.0,21.3,41.93,1.0
2023-12-30 03:00:00,441.6666666666667,21.333333333333332,41.8,1.0
2023-12-30 03:30:00,438.6666666666667,21.3,41.93,1.0
2023-12-30 04:00:00,448.0,21.399999999999995,41.8,1.0
2023-12-30 04:30:00,454.6666666666667,21.333333333333332,41.8,1.0
2023-12-30 05:00:00,477.6666666666667,21.333333333333332,41.93,1.0
2023-12-30 05:30:00,478.3333333333333,21.333333333333332,42.059999999999995,1.0
2023-12-30 06:00:00,450.6666666666667,21.366666666666664,41.93,1.0
2023-12-30 06:30:00,462.0,21.333333333333332,41.93,1.0
2023-12-30 07:00:00,487.0,21.3,41.8,1.0
2023-12-30 07:30:00,469.6666666666667,21.333333333333332,41.8,1.0
2023-12-30 08:00:00,478.3333333333333,21.3,41.8,1.0
2023-12-30 08:30:00,462.0,21.333333333333332,41.8,1.0
2023-12-30 09:00:00,457.6666666666667,21.366666666666664,41.8,1.0
2023-12-30 09:30:00,469.3333333333333,21.333333333333332,41.8,1.0
2023-12-30 10:00:00,476.0,21.333333333333332,41.8,1.0
2023-12-30 10:30:00,459.0,21.333333333333332,41.8,1.0
2023-12-30 11:00:00,442.3333333333333,21.3,41.8,1.0
2023-12-30 11:30:00,472.0,21.333333333333332,41.8,1.0
2023-12-30 12:00:00,449.3333333333333,21.3,41.8,1.0
2023-12-30 12:30:00,464.0,21.333333333333332,41.8,1.0
2023-12-30 13:00:00,467.3333333333333,21.366666666666664,41.8,1.0
2023-12-30 13:30:00,463.3333333333333,21.333333333333332,41.669999999999995,1.0
2023-12-30 14:00:00,448.6666666666667,21.333333333333332,41.669999999999995,1.0
2023-12-30 14:30:00,479.0,21.3,41.8,1.0
2023-12-30 15:00:00,449.3333333333333,21.333333333333332,41.54,1.0
2023-12-30 15:30:00,454.3333333333333,21.333333333333332,41.8,1.0
2023-12-30 16:00:00,444.3333333333333,21.366666666666664,41.669999999999995,1.0
2023-12-30 16:30:00,492.3333333333333,21.3,41.54,1.0
2023-12-30 17:00:00,470.6666666666667,21.333333333333332,41.669999999999995,1.0
2023-12-30 17:30:00,466.3333333333333,21.333333333333332,41.41,1.0
2023-12-30 18:00:00,445.6666666666667,21.3,41.54,1.0
2023-12-30 18:30:00,464.3333333333333,21.3,41.669999999999995,1.0
2023-12-30 19:00:00,461.0,21.366666666666664,41.54,1.0
2023-12-30 19:30:00,454.6666666666667,21.3,41.41,1.0
2023-12-30 20:00:00,452.0,21.399999999999995,41.41,1.0
2023-12-30 20:30:00,438.0,21.366666666666664,41.669999999999995,1.0
2023-12-30 21:00:00,443.0,21.366666666666664,41.8,1.0
2023-12-30 21:30:00,474.6666666666667,21.3,41.669999999999995,1.0
2023-12-30 22:00:00,440.6666666666667,21.3,41.8,1.0
2023-12-30 22:30:00,453.3333333333333,21.3,41.669999999999995,1.0
2023-12-30 23:00:00,474.0,21.3,41.669999999999995,1.0
2023-12-30 23:30:00,461.3333333333333,21.399999999999995,41.8,1.0
2023-12-31 00:00:00,463.6666666666667,21.3,41.8,1.0
2023-12-31 00:30:00,430.6666666666667,21.333333333333332,41.8,1.0
2023-12-31 01:00:00,442.3333333333333,21.3,41.669999999999995,1.0
2023-12-31 01:30:00,434.3333333333333,21.366666666666664,41.669999999999995,1.0
2023-12-31 02:00:00,428.6666666666667,21.366666666666664,41.669999999999995,1.0
2023-12-31 02:30:00,446.6666666666667,21.333333333333332,41.8,1.0
2023-12-31 03:00:00,437.3333333333333,21.333333333333332,41.8,1.0
2023-12-31 03:30:00,421.6666666666667,21.3,41.8,1.0
2023-12-31 04:00:00,429.0,21.366666666666664,41.8,1.0
2023-12-31 04:30:00,446.5,21.3,41.605,1.0
2023-12-31 05:00:00,428.6666666666667,21.333333333333332,41.669999999999995,1.0
2023-12-31 05:30:00,447.3333333333333,21.333333333333332,41.8,1.0
2023-12-31 06:00:00,433.0,21.333333333333332,41.8,1.0
2023-12-31 06:30:00,434.0,21.3,41.8,1.0
2023-12-31 07:00:00,453.3333333333333,21.266666666666666,41.8,1.0
2023-12-31 07:30:00,431.6666666666667,21.266666666666666,41.54,1.0
2023-12-31 08:00:00,480.6666666666667,21.266666666666666,41.41,1.0
2023-12-31 08:30:00,439.3333333333333,21.3,41.8,1.0
2023-12-31 09:00:00,448.6666666666667,21.3,41.41,1.0
2023-12-31 09:30:00,479.6666666666667,21.333333333333332,41.41,1.0
2023-12-31 10:00:00,436.6666666666667,21.266666666666666,41.54,1.0
2023-12-31 10:30:00,450.6666666666667,21.266666666666666,41.41,1.0
2023-12-31 11:00:00,442.6666666666667,21.366666666666664,41.41,1.0
2023-12-31 11:30:00,459.0,21.333333333333332,41.41,1.0
2023-12-31 12:00:00,420.3333333333333,21.3,41.41,1.0
2023-12-31 12:30:00,476.3333333333333,21.266666666666666,41.41,1.0
2023-12-31 13:00:00,458.3333333333333,21.333333333333332,41.41,1.0
2023-12-31 13:30:00,448.0,21.333333333333332,41.41,1.0
2023-12-31 14:00:00,442.3333333333333,21.266666666666666,41.41,1.0
2023-12-31 14:30:00,471.3333333333333,21.266666666666666,41.41,1.0
2023-12-31 15:00:00,459.3333333333333,21.3,41.41,1.0
2023-12-31 15:30:00,475.0,21.266666666666666,41.41,1.0
2023-12-31 16:00:00,454.3333333333333,21.266666666666666,41.41,1.0
2023-12-31 16:30:00,470.0,21.3,41.41,1.0
2023-12-31 17:00:00,449.3333333333333,21.233333333333334,41.41,1.0
2023-12-31 17:30:00,465.0,21.333333333333332,41.41,1.0
2023-12-31 18:00:00,453.3333333333333,21.266666666666666,41.41,1.0
2023-12-31 18:30:00,461.3333333333333,21.3,41.41,1.0
2023-12-31 19:00:00,458.3333333333333,21.3,41.41,1.0
2023-12-31 19:30:00,483.6666666666667,21.3,41.41,1.0
2023-12-31 20:00:00,460.0,21.266666666666666,41.41,1.0
2023-12-31 20:30:00,468.3333333333333,21.266666666666666,41.41,1.0
2023-12-31 21:00:00,455.3333333333333,21.233333333333334,41.41,1.0
2023-12-31 21:30:00,446.0,21.233333333333334,41.54,1.0
2023-12-31 22:00:00,482.6666666666667,21.3,41.41,1.0
2023-12-31 22:30:00,453.3333333333333,21.233333333333334,41.8,1.0
2023-12-31 23:00:00,442.3333333333333,21.3,41.41,1.0
2023-12-31 23:30:00,458.6666666666667,21.2,41.8,1.0
2024-01-01 00:00:00,475.6666666666667,21.3,41.669999999999995,1.0
2024-01-01 00:30:00,441.0,21.3,41.8,1.0
2024-01-01 01:00:00,484.3333333333333,21.266666666666666,41.8,1.0
2024-01-01 01:30:00,457.0,21.266666666666666,41.8,1.0
2024-01-01 02:00:00,450.3333333333333,21.366666666666664,41.8,1.0
2024-01-01 02:30:00,450.6666666666667,21.266666666666666,41.8,1.0
2024-01-01 03:00:00,461.0,21.233333333333334,41.8,1.0
2024-01-01 03:30:00,458.0,21.3,41.8,1.0
2024-01-01 04:00:00,452.3333333333333,21.333333333333332,41.8,1.0
2024-01-01 04:30:00,459.0,21.3,41.8,1.0
2024-01-01 05:00:00,471.6666666666667,21.3,41.8,1.0
2024-01-01 05:30:00,463.6666666666667,21.3,41.8,1.0
2024-01-01 06:00:00,455.6666666666667,21.233333333333334,41.8,1.0
2024-01-01 06:30:00,445.3333333333333,21.266666666666666,41.8,1.0
2024-01-01 07:00:00,463.6666666666667,21.233333333333334,41.8,1.0
2024-01-01 07:30:00,442.3333333333333,21.266666666666666,41.8,1.0
2024-01-01 08:00:00,446.6666666666667,21.233333333333334,41.8,1.0
2024-01-01 08:30:00,478.6666666666667,21.233333333333334,41.8,1.0
2024-01-01 09:00:00,475.0,21.266666666666666,41.8,1.0
2024-01-01 09:30:00,442.0,21.266666666666666,41.8,1.0
2024-01-01 10:00:00,462.6666666666667,21.266666666666666,41.8,1.0
2024-01-01 10:30:00,484.0,21.333333333333332,41.8,1.0
2024-01-01 11:00:00,481.0,21.266666666666666,41.8,1.0
2024-01-01 11:30:00,463.6666666666667,21.233333333333334,41.8,1.0
2024-01-01 12:00:00,460.6666666666667,21.233333333333334,41.8,1.0
2024-01-01 12:30:00,472.0,21.233333333333334,41.8,1.0
2024-01-01 13:00:00,465.0,21.266666666666666,41.8,1.0
2024-01-01 13:30:00,459.6666666666667,21.3,41.8,1.0
2024-01-01 14:00:00,474.3333333333333,21.266666666666666,41.8,1.0
2024-01-01 14:30:00,494.6666666666667,21.333333333333332,41.8,1.0
2024-01-01 15:00:00,463.6666666666667,21.266666666666666,41.8,1.0
2024-01-01 15:30:00,467.3333333333333,21.266666666666666,41.8,1.0
2024-01-01 16:00:00,477.6666666666667,21.3,41.8,1.0
2024-01-01 16:30:00,476.0,21.366666666666664,41.8,1.0
2024-01-01 17:00:00,470.0,21.266666666666666,41.8,1.0
2024-01-01 17:30:00,468.0,21.233333333333334,41.8,1.0
2024-01-01 18:00:00,487.0,21.233333333333334,41.8,1.0
2024-01-01 18:30:00,495.0,21.3,41.8,1.0
2024-01-01 19:00:00,486.0,21.266666666666666,41.8,1.0
2024-01-01 19:30:00,439.6666666666667,21.233333333333334,41.8,1.0
2024-01-01 20:00:00,487.0,21.233333333333334,41.8,1.0
2024-01-01 20:30:00,468.3333333333333,21.266666666666666,41.8,1.0
2024-01-01 21:00:00,473.3333333333333,21.266666666666666,41.8,1.0
2024-01-01 21:30:00,493.6666666666667,21.233333333333334,41.8,1.0
2024-01-01 22:00:00,466.0,21.266666666666666,41.8,1.0
2024-01-01 22:30:00,457.5,21.3,41.8,1.0
2024-01-01 23:00:00,465.3333333333333,21.266666666666666,41.669999999999995,1.0
2024-01-01 23:30:00,462.5,21.25,41.41,1.0
2024-01-02 00:00:00,477.5,21.2,41.41,1.0
2024-01-02 00:30:00,487.0,21.2,41.41,1.0
2024-01-02 01:00:00,489.6666666666667,21.233333333333334,41.41,1.0
2024-01-02 01:30:00,478.6666666666667,21.266666666666666,41.41,1.0
2024-01-02 02:00:00,465.6666666666667,21.266666666666666,41.41,1.0
2024-01-02 02:30:00,448.0,21.25,41.41,1.0
2024-01-02 03:00:00,478.3333333333333,21.233333333333334,41.41,1.0
2024-01-02 03:30:00,482.6666666666667,21.233333333333334,41.28,1.0
2024-01-02 04:00:00,484.3333333333333,21.233333333333334,41.15,1.0
2024-01-02 04:30:00,478.3333333333333,21.233333333333334,41.15,1.0
2024-01-02 05:00:00,474.0,21.2,41.02,1.0
2024-01-02 05:30:00,455.3333333333333,21.266666666666666,41.02,1.0
2024-01-02 06:00:00,481.0,21.2,41.02,1.0
2024-01-02 06:30:00,481.6666666666667,21.2,40.62,1.0
2024-01-02 07:00:00,449.3333333333333,21.2,40.62,1.0
2024-01-02 07:30:00,437.6666666666667,21.2,40.62,1.0
2024-01-02 08:00:00,481.6666666666667,21.233333333333334,40.62,1.0
2024-01-02 08:30:00,478.3333333333333,21.266666666666666,40.23,1.0
2024-01-02 09:00:00,477.6666666666667,21.233333333333334,40.23,1.0
2024-01-02 09:30:00,554.6666666666666,21.266666666666666,40.1,1.0
2024-01-02 10:00:00,855.6666666666666,21.633333333333336,40.49,1.0
2024-01-02 10:30:00,951.3333333333334,21.833333333333332,40.35999999999999,1.0
2024-01-02 11:00:00,970.0,21.666666666666668,40.88666666666666,1.0
2024-01-02 11:30:00,879.6666666666666,21.53333333333333,40.75333333333333,1.0
2024-01-02 12:00:00,836.6666666666666,21.333333333333332,40.62,1.0
2024-01-02 12:30:00,805.0,21.366666666666664,40.49,1.0
2024-01-02 13:00:00,810.6666666666666,21.5,39.580000000000005,1.0
2024-01-02 13:30:00,862.3333333333334,21.7,39.45,1.0
2024-01-02 14:00:00,853.0,21.8,39.32,1.0
2024-01-02 14:30:00,853.3333333333334,21.833333333333332,39.06,1.0
2024-01-02 15:00:00,985.6666666666666,21.96666666666667,39.45,1.0
2024-01-02 15:30:00,944.6666666666666,21.933333333333334,39.06,1.0
2024-01-02 16:00:00,1081.3333333333333,22.03333333333333,39.190000000000005,1.0
2024-01-02 16:30:00,1126.0,22.0,39.190000000000005,1.0
2024-01-02 17:00:00,1052.0,22.03333333333333,38.800000000000004,1.0
2024-01-02 17:30:00,974.6666666666666,21.833333333333332,38.93,1.0
2024-01-02 18:00:00,924.0,21.666666666666668,38.800000000000004,1.0
2024-01-02 18:30:00,847.3333333333334,21.566666666666666,38.67,1.0
2024-01-02 19:00:00,816.6666666666666,21.5,38.67,1.0
2024-01-02 19:30:00,769.0,21.5,38.67,1.0
2024-01-02 20:00:00,715.0,21.5,38.67,1.0
2024-01-02 20:30:00,706.0,21.46666666666667,38.54,1.0
2024-01-02 21:00:00,729.6666666666666,21.433333333333334,38.54,1.0
2024-01-02 21:30:00,675.0,21.366666666666664,38.410000000000004,1.0
2024-01-02 22:00:00,662.0,21.433333333333334,38.28,1.0
2024-01-02 22:30:00,655.6666666666666,21.366666666666664,38.28,1.0
2024-01-02 23:00:00,612.3333333333334,21.366666666666664,38.28,1.0
2024-01-02 23:30:00,602.0,21.333333333333332,38.28,1.0
2024-01-03 00:00:00,591.3333333333334,21.3,38.28,1.0
2024-01-03 00:30:00,568.0,21.3,38.15,1.0
2024-01-03 01:00:00,573.6666666666666,21.3,38.02,1.0
2024-01-03 01:30:00,561.3333333333334,21.266666666666666,38.28,1.0
2024-01-03 02:00:00,556.3333333333334,21.333333333333332,38.28,1.0
2024-01-03 02:30:00,537.6666666666666,21.266666666666666,37.89,1.0
2024-01-03 03:00:00,523.3333333333334,21.266666666666666,37.89,1.0
2024-01-03 03:30:00,517.3333333333334,21.3,37.89,1.0
2024-01-03 04:00:00,513.6666666666666,21.233333333333334,37.89,1.0
2024-01-03 04:30:00,511.0,21.2,37.89,1.0
2024-01-03 05:00:00,515.3333333333334,21.2,37.89,1.0
2024-01-03 05:30:00,497.0,21.2,37.89,1.0
2024-01-03 06:00:00,499.3333333333333,21.166666666666668,37.89,1.0
2024-01-03 06:30:00,486.0,21.2,37.5,1.0
2024-01-03 07:00:00,494.3333333333333,21.166666666666668,37.5,1.0
2024-01-03 07:30:00,487.3333333333333,21.2,37.5,1.0
2024-01-03 08:00:00,477.3333333333333,21.166666666666668,37.5,1.0
2024-01-03 08:30:00,490.0,21.2,37.37,1.0
2024-01-03 09:00:00,475.3333333333333,21.133333333333336,37.37,1.0
2024-01-03 09:30:00,467.3333333333333,21.166666666666668,37.11,1.0
2024-01-03 10:00:00,468.6666666666667,21.166666666666668,37.11,1.0
2024-01-03 10:30:00,487.0,21.133333333333336,37.11,1.0
2024-01-03 11:00:00,457.6666666666667,21.133333333333336,37.11,1.0
2024-01-03 11:30:00,478.5,21.15,37.11,1.0
2024-01-03 12:00:00,467.0,21.1,37.11,1.0
2024-01-03 12:30:00,469.0,21.1,37.11,1.0
2024-01-03 13:00:00,477.6666666666667,21.133333333333336,37.11,1.0
2024-01-03 13:30:00,473.6666666666667,21.099999999999998,37.11,1.0
2024-01-03 14:00:00,448.0,21.066666666666666,37.24,1.0
2024-01-03 14:30:00,488.6666666666667,21.133333333333336,37.11,1.0
2024-01-03 15:00:00,446.0,21.033333333333335,37.11,1.0
2024-01-03 15:30:00,462.3333333333333,21.033333333333335,37.11,1.0
2024-01-03 16:00:00,460.0,21.1,37.11,1.0
2024-01-03 16:30:00,456.3333333333333,21.033333333333335,37.11,1.0
2024-01-03 17:00:00,474.3333333333333,21.066666666666666,37.11,1.0
2024-01-03 17:30:00,460.0,21.033333333333335,37.11,1.0
2024-01-03 18:00:00,445.6666666666667,21.033333333333335,36.98,1.0
2024-01-03 18:30:00,467.0,21.033333333333335,36.98,1.0
2024-01-03 19:00:00,471.0,21.0,36.98,1.0
2024-01-03 19:30:00,482.0,21.0,37.11,1.0
2024-01-03 20:00:00,481.3333333333333,21.033333333333335,36.85,1.0
2024-01-03 20:30:00,437.3333333333333,21.0,37.11,1.0
2024-01-03 21:00:00,479.0,21.033333333333335,36.98,1.0
2024-01-03 21:30:00,454.6666666666667,21.0,37.11,1.0
2024-01-03 22:00:00,455.0,21.033333333333335,36.85,1.0
2024-01-03 22:30:00,466.0,21.0,36.72,1.0
2024-01-03 23:00:00,441.6666666666667,21.0,36.72,1.0
2024-01-03 23:30:00,460.3333333333333,20.966666666666665,36.72,1.0
2024-01-04 00:00:00,436.0,21.0,36.72,1.0
2024-01-04 00:30:00,446.0,20.966666666666665,36.72,1.0
2024-01-04 01:00:00,457.6666666666667,21.0,36.589999999999996,1.0
2024-01-04 01:30:00,456.6666666666667,21.0,36.46,1.0
2024-01-04 02:00:00,463.6666666666667,20.966666666666665,36.33,1.0
2024-01-04 02:30:00,444.6666666666667,20.933333333333334,36.33,1.0
2024-01-04 03:00:00,416.6666666666667,21.0,36.199999999999996,1.0
2024-01-04 03:30:00,440.6666666666667,20.933333333333334,35.94,1.0
2024-01-04 04:00:00,469.0,20.933333333333334,35.94,1.0
2024-01-04 04:30:00,445.0,20.966666666666665,35.94,1.0
2024-01-04 05:00:00,450.6666666666667,21.0,35.809999999999995,1.0
2024-01-04 05:30:00,436.0,20.966666666666665,35.55,1.0
2024-01-04 06:00:00,440.6666666666667,20.9,35.55,1.0
2024-01-04 06:30:00,446.0,20.9,35.16,1.0
2024-01-04 07:00:00,413.6666666666667,20.933333333333334,35.16,1.0
2024-01-04 07:30:00,450.6666666666667,20.900000000000002,34.77,1.0
2024-01-04 08:00:00,574.0,21.166666666666668,34.50666666666667,1.0
2024-01-04 08:30:00,742.6666666666666,21.266666666666666,33.98333333333333,1.0
2024-01-04 09:00:00,725.3333333333334,21.266666666666666,31.38,1.0
2024-01-04 09:30:00,853.3333333333334,21.3,32.42,1.0
2024-01-04 10:00:00,829.0,21.266666666666666,33.46,1.0
2024-01-04 10:30:00,934.0,21.433333333333334,34.24666666666667,1.0
2024-01-04 11:00:00,915.6666666666666,21.5,34.51,1.0
2024-01-04 11:30:00,884.3333333333334,21.366666666666664,34.9,1.0
2024-01-04 12:00:00,1183.0,21.399999999999995,35.68,1.0
2024-01-04 12:30:00,1460.6666666666667,21.333333333333332,36.589999999999996,1.0
2024-01-04 13:00:00,1739.3333333333333,21.3,37.5,1.0
2024-01-04 13:30:00,1643.3333333333333,21.333333333333332,37.24,1.0
2024-01-04 14:00:00,1452.0,21.46666666666667,36.72,1.0
2024-01-04 14:30:00,1284.6666666666667,21.633333333333336,35.68,1.0
2024-01-04 15:00:00,1277.0,21.599999999999998,35.94,1.0
2024-01-04 15:30:00,1217.6666666666667,21.5,35.94,1.0
2024-01-04 16:00:00,1123.6666666666667,21.266666666666666,35.809999999999995,1.0
2024-01-04 16:30:00,1080.0,21.2,35.68,1.0
2024-01-04 17:00:00,1037.6666666666667,21.166666666666668,35.55,1.0
2024-01-04 17:30:00,965.6666666666666,21.133333333333336,35.55,1.0
2024-01-04 18:00:00,937.5,21.15,35.355,1.0
2024-01-04 18:30:00,944.6666666666666,21.1,35.29,1.0
2024-01-04 19:00:00,860.6666666666666,21.1,35.16,1.0
2024-01-04 19:30:00,835.3333333333334,21.1,35.16,1.0
2024-01-04 20:00:00,826.3333333333334,21.066666666666666,35.419999999999995,1.0
2024-01-04 20:30:00,799.3333333333334,21.1,35.16,1.0
2024-01-04 21:00:00,777.0,21.033333333333335,35.419999999999995,1.0
2024-01-04 21:30:00,756.3333333333334,21.066666666666666,35.55,1.0
2024-01-04 22:00:00,730.3333333333334,21.033333333333335,35.55,1.0
2024-01-04 22:30:00,750.6666666666666,21.033333333333335,35.68,1.0
2024-01-04 23:00:00,689.0,21.033333333333335,35.809999999999995,1.0
2024-01-04 23:30:00,703.0,21.0,35.94,1.0
2024-01-05 00:00:00,691.0,21.0,35.94,1.0
2024-01-05 00:30:00,663.6666666666666,20.9,35.94,1.0
2024-01-05 01:00:00,664.0,21.0,35.94,1.0
2024-01-05 01:30:00,667.0,20.9,35.94,1.0
2024-01-05 02:00:00,649.6666666666666,20.933333333333334,35.94,1.0
2024-01-05 02:30:00,639.6666666666666,20.933333333333334,35.94,1.0
2024-01-05 03:00:00,628.3333333333334,20.933333333333334,35.94,1.0
2024-01-05 03:30:00,601.3333333333334,20.9,35.94,1.0
2024-01-05 04:00:00,591.0,20.9,35.94,1.0
2024-01-05 04:30:00,575.3333333333334,20.933333333333334,35.94,1.0
2024-01-05 05:00:00,577.3333333333334,20.9,35.94,1.0
2024-01-05 05:30:00,594.0,20.9,35.94,1.0
2024-01-05 06:00:00,572.3333333333334,20.866666666666664,35.68,1.0
2024-01-05 06:30:00,536.6666666666666,20.833333333333332,35.55,1.0
2024-01-05 07:00:00,564.6666666666666,20.866666666666664,35.55,1.0
2024-01-05 07:30:00,547.6666666666666,20.866666666666664,35.29,1.0
2024-01-05 08:00:00,557.6666666666666,20.900000000000002,34.24666666666666,1.0
2024-01-05 08:30:00,727.0,21.233333333333334,33.333333333333336,1.0
2024-01-05 09:00:00,1239.6666666666667,21.3,36.33,1.0
2024-01-05 09:30:00,1575.3333333333333,21.2,37.89,1.0
2024-01-05 10:00:00,1912.6666666666667,21.2,38.93,1.0
2024-01-05 10:30:00,1851.6666666666667,21.166666666666668,37.89000000000001,1.0
2024-01-05 11:00:00,1070.3333333333333,21.333333333333332,33.72,1.0
2024-01-05 11:30:00,1143.6666666666667,21.399999999999995,33.85333333333333,1.0
2024-01-05 12:00:00,1380.3333333333333,21.433333333333334,34.9,1.0
2024-01-05 12:30:00,1706.0,21.333333333333332,36.589999999999996,1.0
2024-01-05 13:00:00,2062.6666666666665,21.366666666666664,37.89,1.0
2024-01-05 13:30:00,1478.3333333333333,21.46666666666667,35.03,1.0
2024-01-05 14:00:00,1852.6666666666667,21.566666666666666,36.46,1.0
2024-01-05 14:30:00,1703.6666666666667,21.599999999999998,35.809999999999995,1.0
2024-01-05 15:00:00,1510.0,21.53333333333333,35.03,1.0
2024-01-05 15:30:00,1431.6666666666667,21.333333333333332,35.16,1.0
2024-01-05 16:00:00,1370.0,21.166666666666668,35.16,1.0
2024-01-05 16:30:00,1297.6666666666667,21.1,35.16,1.0
2024-01-05 17:00:00,1267.6666666666667,21.066666666666666,35.16,1.0
2024-01-05 17:30:00,1182.3333333333333,21.033333333333335,35.16,1.0
2024-01-05 18:00:00,1137.3333333333333,21.0,35.03,1.0
2024-01-05 18:30:00,1084.0,21.066666666666666,34.77,1.0
2024-01-05 19:00:00,1026.6666666666667,21.0,34.9,1.0
2024-01-05 19:30:00,1022.0,20.95,34.77,1.0
2024-01-05 20:00:00,988.6666666666666,20.966666666666665,34.77,1.0
2024-01-05 20:30:00,970.0,20.933333333333334,34.77,1.0
2024-01-05 21:00:00,952.0,20.933333333333334,34.77,1.0
2024-01-05 21:30:00,900.3333333333334,20.9,34.77,1.0
2024-01-05 22:00:00,866.0,20.900000000000002,35.03,1.0
2024-01-05 22:30:00,848.3333333333334,20.9,34.77,1.0
2024-01-05 23:00:00,870.3333333333334,20.866666666666664,34.77,1.0
2024-01-05 23:30:00,789.3333333333334,20.866666666666664,34.77,1.0
2024-01-06 00:00:00,789.0,20.833333333333332,34.9,1.0
2024-01-06 00:30:00,757.6666666666666,20.866666666666664,34.64000000000001,1.0
2024-01-06 01:00:00,744.3333333333334,20.833333333333332,34.64000000000001,1.0
2024-01-06 01:30:00,714.3333333333334,20.8,34.77,1.0
2024-01-06 02:00:00,682.6666666666666,20.8,34.64000000000001,1.0
2024-01-06 02:30:00,668.0,20.8,34.51,1.0
2024-01-06 03:00:00,641.0,20.8,34.77,1.0
2024-01-06 03:30:00,649.0,20.8,34.575,1.0
2024-01-06 04:00:00,649.6666666666666,20.8,34.38,1.0
2024-01-06 04:30:00,621.3333333333334,20.8,34.38,1.0
2024-01-06 05:00:00,621.6666666666666,20.766666666666666,34.38,1.0
2024-01-06 05:30:00,594.6666666666666,20.8,34.38,1.0
2024-01-06 06:00:00,608.6666666666666,20.7,34.38,1.0
2024-01-06 06:30:00,595.6666666666666,20.766666666666666,33.98,1.0
2024-01-06 07:00:00,591.6666666666666,20.733333333333334,33.98,1.0
2024-01-06 07:30:00,579.6666666666666,20.7,33.98,1.0
2024-01-06 08:00:00,584.0,20.733333333333334,33.59,1.0
2024-01-06 08:30:00,569.6666666666666,20.766666666666666,33.59,1.0
2024-01-06 09:00:00,554.6666666666666,20.766666666666666,33.72,1.0
2024-01-06 09:30:00,546.0,20.733333333333334,33.59,1.0
2024-01-06 10:00:00,549.0,20.733333333333334,33.59,1.0
2024-01-06 10:30:00,544.6666666666666,20.766666666666666,33.46,1.0
2024-01-06 11:00:00,538.0,20.733333333333334,33.2,1.0
2024-01-06 11:30:00,524.6666666666666,20.7,33.330000000000005,1.0
2024-01-06 12:00:00,501.3333333333333,20.733333333333334,33.46,1.0
2024-01-06 12:30:00,503.6666666666667,20.7,33.46,1.0
2024-01-06 13:00:00,513.0,20.7,33.59,1.0
2024-01-06 13:30:00,532.3333333333334,20.733333333333334,33.59,1.0
2024-01-06 14:00:00,521.6666666666666,20.7,33.46,1.0
2024-01-06 14:30:00,503.3333333333333,20.7,33.46,1.0
2024-01-06 15:00:00,518.3333333333334,20.733333333333334,33.46,1.0
2024-01-06 15:30:00,488.6666666666667,20.7,33.2,1.0
2024-01-06 16:00:00,486.0,20.733333333333334,33.2,1.0
2024-01-06 16:30:00,489.3333333333333,20.7,33.2,1.0
2024-01-06 17:00:00,505.6666666666667,20.7,33.2,1.0
2024-01-06 17:30:00,490.0,20.766666666666666,33.07,1.0
2024-01-06 18:00:00,498.6666666666667,20.7,32.81,1.0
2024-01-06 18:30:00,482.3333333333333,20.733333333333334,32.81,1.0
2024-01-06 19:00:00,488.6666666666667,20.7,32.940000000000005,1.0
2024-01-06 19:30:00,506.3333333333333,20.7,33.2,1.0
2024-01-06 20:00:00,476.6666666666667,20.7,33.2,1.0
2024-01-06 20:30:00,487.6666666666667,20.7,33.2,1.0
2024-01-06 21:00:00,468.0,20.7,33.330000000000005,1.0
2024-01-06 21:30:00,479.0,20.766666666666666,33.330000000000005,1.0
2024-01-06 22:00:00,487.3333333333333,20.7,33.59,1.0
2024-01-06 22:30:00,461.3333333333333,20.7,33.59,1.0
2024-01-06 23:00:00,450.3333333333333,20.7,33.59,1.0
2024-01-06 23:30:00,489.6666666666667,20.733333333333334,33.59,1.0
2024-01-07 00:00:00,491.0,20.733333333333334,33.72,1.0
2024-01-07 00:30:00,496.3333333333333,20.7,33.85,1.0
2024-01-07 01:00:00,473.3333333333333,20.733333333333334,33.98,1.0
2024-01-07 01:30:00,480.0,20.733333333333334,33.98,1.0
2024-01-07 02:00:00,466.6666666666667,20.733333333333334,33.98,1.0
2024-01-07 02:30:00,482.6666666666667,20.733333333333334,33.98,1.0
2024-01-07 03:00:00,496.6666666666667,20.633333333333336,33.98,1.0
2024-01-07 03:30:00,464.6666666666667,20.7,33.98,1.0
2024-01-07 04:00:00,505.6666666666667,20.666666666666668,33.98,1.0
2024-01-07 04:30:00,468.3333333333333,20.633333333333336,33.98,1.0
2024-01-07 05:00:00,459.3333333333333,20.7,33.98,1.0
2024-01-07 05:30:00,457.3333333333333,20.666666666666668,33.98,1.0
2024-01-07 06:00:00,458.0,20.666666666666668,33.85,1.0
2024-01-07 06:30:00,466.3333333333333,20.7,33.59,1.0
2024-01-07 07:00:00,466.0,20.6,33.46,1.0
2024-01-07 07:30:00,452.6666666666667,20.633333333333336,33.2,1.0
2024-01-07 08:00:00,473.0,20.633333333333336,33.2,1.0
2024-01-07 08:30:00,473.6666666666667,20.6,33.2,1.0
2024-01-07 09:00:00,458.3333333333333,20.633333333333336,33.07,1.0
2024-01-07 09:30:00,490.0,20.65,32.81,1.0
2024-01-07 10:00:00,461.6666666666667,20.6,32.81,1.0
2024-01-07 10:30:00,474.6666666666667,20.666666666666668,32.81,1.0
2024-01-07 11:00:00,455.3333333333333,20.633333333333336,32.550000000000004,1.0
2024-01-07 11:30:00,472.6666666666667,20.666666666666668,32.42,1.0
2024-01-07 12:00:00,487.6666666666667,20.7,32.42,1.0
2024-01-07 12:30:00,464.3333333333333,20.7,32.42,1.0
2024-01-07 13:00:00,458.6666666666667,20.7,32.42,1.0
2024-01-07 13:30:00,450.0,20.7,32.42,1.0
2024-01-07 14:00:00,468.3333333333333,20.666666666666668,32.42,1.0
2024-01-07 14:30:00,486.0,20.666666666666668,32.42,1.0
2024-01-07 15:00:00,476.3333333333333,20.733333333333334,32.42,1.0
2024-01-07 15:30:00,465.6666666666667,20.633333333333336,32.42,1.0
2024-01-07 16:00:00,457.6666666666667,20.666666666666668,32.42,1.0
2024-01-07 16:30:00,483.6666666666667,20.7,32.42,1.0
2024-01-07 17:00:00,486.3333333333333,20.633333333333336,32.29,1.0
2024-01-07 17:30:00,474.6666666666667,20.666666666666668,32.03,1.0
2024-01-07 18:00:00,462.3333333333333,20.633333333333336,32.03,1.0
2024-01-07 18:30:00,481.0,20.666666666666668,31.900000000000002,1.0
2024-01-07 19:00:00,470.3333333333333,20.733333333333334,31.900000000000002,1.0
2024-01-07 19:30:00,475.0,20.733333333333334,32.03,1.0
2024-01-07 20:00:00,470.0,20.6,32.160000000000004,1.0
2024-01-07 20:30:00,443.6666666666667,20.7,32.29,1.0
2024-01-07 21:00:00,463.6666666666667,20.7,32.42,1.0
2024-01-07 21:30:00,476.0,20.7,32.29,1.0
2024-01-07 22:00:00,462.3333333333333,20.666666666666668,32.42,1.0
2024-01-07 22:30:00,458.0,20.666666666666668,32.42,1.0
2024-01-07 23:00:00,477.6666666666667,20.666666666666668,32.42,1.0
2024-01-07 23:30:00,475.6666666666667,20.633333333333336,32.42,1.0
2024-01-08 00:00:00,473.3333333333333,20.7,32.42,1.0
2024-01-08 00:30:00,478.0,20.7,32.29,1.0
2024-01-08 01:00:00,477.6666666666667,20.7,32.42,1.0
2024-01-08 01:30:00,477.0,20.633333333333336,32.29,1.0
2024-01-08 02:00:00,444.0,20.7,32.42,1.0
2024-01-08 02:30:00,481.0,20.7,32.42,1.0
2024-01-08 03:00:00,457.3333333333333,20.7,32.29,1.0
2024-01-08 03:30:00,480.0,20.633333333333336,32.42,1.0
2024-01-08 04:00:00,457.3333333333333,20.7,32.42,1.0
2024-01-08 04:30:00,454.6666666666667,20.733333333333334,32.68,1.0
2024-01-08 05:00:00,441.3333333333333,20.666666666666668,32.81,1.0
2024-01-08 05:30:00,469.0,20.666666666666668,32.81,1.0
2024-01-08 06:00:00,470.3333333333333,20.6,32.940000000000005,1.0
2024-01-08 06:30:00,472.3333333333333,20.6,32.940000000000005,1.0
2024-01-08 07:00:00,444.6666666666667,20.633333333333336,32.81,1.0
2024-01-08 07:30:00,478.0,20.6,32.81,1.0
2024-01-08 08:00:00,468.0,20.666666666666668,32.550000000000004,1.0
2024-01-08 08:30:00,459.0,20.633333333333336,32.81,1.0
2024-01-08 09:00:00,474.6666666666667,20.666666666666668,32.68,1.0
2024-01-08 09:30:00,482.6666666666667,20.666666666666668,32.550000000000004,1.0
2024-01-08 10:00:00,478.0,20.666666666666668,32.42,1.0
2024-01-08 10:30:00,509.6666666666667,20.666666666666668,32.42,1.0
2024-01-08 11:00:00,502.3333333333333,20.666666666666668,32.42,1.0
2024-01-08 11:30:00,550.0,20.7,32.42,1.0
2024-01-08 12:00:00,554.3333333333334,20.633333333333336,32.42,1.0
2024-01-08 12:30:00,556.0,20.666666666666668,32.550000000000004,1.0
2024-01-08 13:00:00,585.0,20.6,32.68,1.0
2024-01-08 13:30:00,596.3333333333334,20.666666666666668,32.68,1.0
2024-01-08 14:00:00,612.3333333333334,20.7,32.81,1.0
2024-01-08 14:30:00,636.6666666666666,20.733333333333334,32.81,1.0
2024-01-08 15:00:00,655.6666666666666,20.633333333333336,32.81,1.0
2024-01-08 15:30:00,641.0,20.7,32.81,1.0
2024-01-08 16:00:00,650.6666666666666,20.7,32.81,1.0
2024-01-08 16:30:00,642.6666666666666,20.666666666666668,32.81,1.0
2024-01-08 17:00:00,646.3333333333334,20.666666666666668,32.81,1.0
2024-01-08 17:30:00,651.3333333333334,20.733333333333334,32.81,1.0
2024-01-08 18:00:00,633.3333333333334,20.666666666666668,32.81,1.0
2024-01-08 18:30:00,636.0,20.666666666666668,32.81,1.0
2024-01-08 19:00:00,638.3333333333334,20.733333333333334,32.81,1.0
2024-01-08 19:30:00,633.3333333333334,20.7,32.81,1.0
2024-01-08 20:00:00,623.6666666666666,20.666666666666668,33.07,1.0
2024-01-08 20:30:00,642.0,20.666666666666668,33.2,1.0
2024-01-08 21:00:00,636.0,20.666666666666668,33.2,1.0
2024-01-08 21:30:00,637.0,20.7,33.2,1.0
2024-01-08 22:00:00,655.6666666666666,20.633333333333336,33.46,1.0
2024-01-08 22:30:00,635.6666666666666,20.666666666666668,33.59,1.0
2024-01-08 23:00:00,609.3333333333334,20.666666666666668,33.59,1.0
2024-01-08 23:30:00,614.6666666666666,20.666666666666668,33.59,1.0
2024-01-09 00:00:00,626.0,20.633333333333336,33.59,1.0
2024-01-09 00:30:00,621.6666666666666,20.7,33.98,1.0
2024-01-09 01:00:00,594.3333333333334,20.7,33.72,1.0
2024-01-09 01:30:00,625.3333333333334,20.7,33.98,1.0
2024-01-09 02:00:00,607.6666666666666,20.7,33.98,1.0
2024-01-09 02:30:00,607.0,20.7,33.98,1.0
2024-01-09 03:00:00,588.0,20.7,33.98,1.0
2024-01-09 03:30:00,586.0,20.666666666666668,33.98,1.0
2024-01-09 04:00:00,582.0,20.65,33.98,1.0
2024-01-09 04:30:00,578.6666666666666,20.7,33.98,1.0
2024-01-09 05:00:00,559.3333333333334,20.7,33.98,1.0
2024-01-09 05:30:00,560.3333333333334,20.733333333333334,33.98,1.0
2024-01-09 06:00:00,568.0,20.7,33.98,1.0
2024-01-09 06:30:00,560.6666666666666,20.666666666666668,34.11333333333334,1.0
2024-01-09 07:00:00,554.3333333333334,20.7,33.98,1.0
2024-01-09 07:30:00,564.3333333333334,20.7,33.98,1.0
2024-01-09 08:00:00,550.6666666666666,20.7,33.98,1.0
2024-01-09 08:30:00,551.3333333333334,20.733333333333334,33.98,1.0
2024-01-09 09:00:00,564.0,20.733333333333334,33.98,1.0
2024-01-09 09:30:00,574.6666666666666,20.8,33.98,1.0
2024-01-09 10:00:00,580.0,20.733333333333334,33.85,1.0
2024-01-09 10:30:00,599.3333333333334,20.733333333333334,33.98,1.0
2024-01-09 11:00:00,618.0,20.733333333333334,33.98,1.0
2024-01-09 11:30:00,623.3333333333334,20.733333333333334,33.98,1.0
2024-01-09 12:00:00,616.3333333333334,20.766666666666666,33.98,1.0
2024-01-09 12:30:00,632.6666666666666,20.766666666666666,33.98,1.0
2024-01-09 13:00:00,631.6666666666666,20.766666666666666,34.11333333333334,1.0
2024-01-09 13:30:00,636.0,20.766666666666666,33.98,1.0
2024-01-09 14:00:00,650.6666666666666,20.8,34.24666666666667,1.0
2024-01-09 14:30:00,646.3333333333334,20.8,34.24666666666667,1.0
2024-01-09 15:00:00,654.0,20.733333333333334,34.38,1.0
2024-01-09 15:30:00,644.3333333333334,20.733333333333334,34.38,1.0
2024-01-09 16:00:00,647.3333333333334,20.733333333333334,34.38,1.0
2024-01-09 16:30:00,666.6666666666666,20.733333333333334,34.38,1.0
2024-01-09 17:00:00,645.3333333333334,20.7,34.38,1.0
2024-01-09 17:30:00,641.6666666666666,20.766666666666666,34.24666666666667,1.0
2024-01-09 18:00:00,658.6666666666666,20.833333333333332,34.38,1.0
2024-01-09 18:30:00,649.0,20.733333333333334,34.38,1.0
2024-01-09 19:00:00,642.6666666666666,20.8,34.38,1.0
2024-01-09 19:30:00,647.6666666666666,20.8,34.38,1.0
2024-01-09 20:00:00,635.0,20.766666666666666,34.38,1.0
2024-01-09 20:30:00,635.3333333333334,20.7,34.77,1.0
2024-01-09 21:00:00,643.3333333333334,20.733333333333334,34.77,1.0
2024-01-09 21:30:00,663.3333333333334,20.766666666666666,34.77,1.0
2024-01-09 22:00:00,628.6666666666666,20.766666666666666,34.77,1.0
2024-01-09 22:30:00,634.3333333333334,20.766666666666666,34.77,1.0
2024-01-09 23:00:00,654.0,20.766666666666666,34.77,1.0
2024-01-09 23:30:00,647.3333333333334,20.833333333333332,35.03,1.0
2024-01-10 00:00:00,645.6666666666666,20.8,35.16,1.0
2024-01-10 00:30:00,640.0,20.8,35.03,1.0
2024-01-10 01:00:00,626.6666666666666,20.766666666666666,35.16,1.0
2024-01-10 01:30:00,653.0,20.8,35.16,1.0
2024-01-10 02:00:00,622.0,20.833333333333332,35.16,1.0
2024-01-10 02:30:00,611.3333333333334,20.8,35.16,1.0
2024-01-10 03:00:00,635.0,20.766666666666666,35.16,1.0
2024-01-10 03:30:00,638.3333333333334,20.766666666666666,35.16,1.0
2024-01-10 04:00:00,600.3333333333334,20.766666666666666,35.16,1.0
2024-01-10 04:30:00,602.3333333333334,20.8,35.16,1.0
2024-01-10 05:00:00,626.3333333333334,20.766666666666666,35.29,1.0
2024-01-10 05:30:00,612.0,20.8,35.16,1.0
2024-01-10 06:00:00,604.6666666666666,20.833333333333332,35.29,1.0
2024-01-10 06:30:00,596.6666666666666,20.733333333333334,35.16,1.0
2024-01-10 07:00:00,587.0,20.8,35.16,1.0
2024-01-10 07:30:00,602.3333333333334,20.8,35.16,1.0
2024-01-10 08:00:00,563.6666666666666,20.833333333333332,35.16,1.0
2024-01-10 08:30:00,679.3333333333334,20.8,36.46,1.0
2024-01-10 09:00:00,717.0,20.9,38.67,1.0
2024-01-10 09:30:00,700.6666666666666,20.866666666666664,38.410000000000004,1.0
2024-01-10 10:00:00,676.6666666666666,20.8,38.02,1.0
2024-01-10 10:30:00,688.3333333333334,20.866666666666664,37.76,1.0
2024-01-10 11:00:00,671.3333333333334,20.9,37.5,1.0
2024-01-10 11:30:00,697.3333333333334,20.8,37.24,1.0
2024-01-10 12:00:00,670.3333333333334,20.8,37.11,1.0
2024-01-10 12:30:00,653.0,20.833333333333332,37.11,1.0
2024-01-10 13:00:00,670.0,20.833333333333332,36.72,1.0
2024-01-10 13:30:00,642.6666666666666,20.866666666666664,36.72,1.0
2024-01-10 14:00:00,677.6666666666666,20.833333333333332,36.589999999999996,1.0
2024-01-10 14:30:00,644.0,20.866666666666667,36.33,1.0
2024-01-10 15:00:00,657.0,20.933333333333334,36.33,1.0
2024-01-10 15:30:00,637.6666666666666,20.933333333333334,36.33,1.0
2024-01-10 16:00:00,640.3333333333334,20.900000000000002,36.33,1.0
2024-01-10 16:30:00,647.3333333333334,20.933333333333334,36.33,1.0
2024-01-10 17:00:00,635.6666666666666,20.9,36.07,1.0
2024-01-10 17:30:00,619.6666666666666,20.966666666666665,36.199999999999996,1.0
2024-01-10 18:00:00,617.0,20.9,35.94,1.0
2024-01-10 18:30:00,627.0,20.9,35.94,1.0
2024-01-10 19:00:00,609.6666666666666,20.966666666666665,35.94,1.0
2024-01-10 19:30:00,619.6666666666666,20.933333333333334,35.94,1.0
2024-01-10 20:00:00,630.3333333333334,20.933333333333334,35.94,1.0
2024-01-10 20:30:00,588.6666666666666,20.933333333333334,36.199999999999996,1.0
2024-01-10 21:00:00,615.6666666666666,20.866666666666664,36.33,1.0
2024-01-10 21:30:00,632.0,20.9,36.33,1.0
2024-01-10 22:00:00,629.5,20.95,36.33,1.0
2024-01-10 22:30:00,639.0,20.9,36.33,1.0
2024-01-10 23:00:00,610.6666666666666,20.9,36.33,1.0
2024-01-10 23:30:00,614.0,20.933333333333334,36.33,1.0
2024-01-11 00:00:00,622.0,20.866666666666664,36.33,1.0
2024-01-11 00:30:00,603.3333333333334,20.933333333333334,36.33,1.0
2024-01-11 01:00:00,632.3333333333334,20.9,36.33,1.0
2024-01-11 01:30:00,611.0,20.866666666666664,36.33,1.0
2024-01-11 02:00:00,636.6666666666666,20.866666666666664,36.33,1.0
2024-01-11 02:30:00,588.3333333333334,20.833333333333332,36.33,1.0
2024-01-11 03:00:00,616.3333333333334,20.9,36.33,1.0
2024-01-11 03:30:00,593.3333333333334,20.866666666666664,36.33,1.0
2024-01-11 04:00:00,587.0,20.866666666666664,36.33,1.0
2024-01-11 04:30:00,591.3333333333334,20.9,36.33,1.0
2024-01-11 05:00:00,592.3333333333334,20.866666666666664,36.33,1.0
2024-01-11 05:30:00,590.6666666666666,20.866666666666664,36.33,1.0
2024-01-11 06:00:00,598.3333333333334,20.900000000000002,36.33,1.0
2024-01-11 06:30:00,578.3333333333334,20.866666666666664,36.33,1.0
2024-01-11 07:00:00,547.0,20.9,36.33,1.0
2024-01-11 07:30:00,552.3333333333334,20.866666666666664,36.33,1.0
2024-01-11 08:00:00,603.3333333333334,20.833333333333332,36.33,1.0
2024-01-11 08:30:00,582.0,20.9,36.33,1.0
2024-01-11 09:00:00,591.0,20.9,36.33,1.0
2024-01-11 09:30:00,614.3333333333334,20.9,36.07,1.0
2024-01-11 10:00:00,633.6666666666666,20.933333333333334,36.07,1.0
2024-01-11 10:30:00,632.6666666666666,20.933333333333334,36.07,1.0
2024-01-11 11:00:00,647.3333333333334,20.866666666666664,36.33,1.0
2024-01-11 11:30:00,657.0,20.900000000000002,36.33,1.0
2024-01-11 12:00:00,672.3333333333334,20.833333333333332,36.33,1.0
2024-01-11 12:30:00,712.6666666666666,20.866666666666664,36.33,1.0
2024-01-11 13:00:00,714.6666666666666,20.933333333333334,36.33,1.0
2024-01-11 13:30:00,747.0,20.9,36.33,1.0
2024-01-11 14:00:00,748.6666666666666,20.833333333333332,36.33,1.0
2024-01-11 14:30:00,746.6666666666666,20.866666666666664,36.33,1.0
2024-01-11 15:00:00,753.0,20.866666666666664,36.33,1.0
2024-01-11 15:30:00,780.6666666666666,20.933333333333334,36.33,1.0
2024-01-11 16:00:00,754.0,20.933333333333334,36.33,1.0
2024-01-11 16:30:00,787.6666666666666,20.9,36.33,1.0
2024-01-11 17:00:00,797.3333333333334,20.966666666666665,36.33,1.0
2024-01-11 17:30:00,769.3333333333334,21.0,36.33,1.0
2024-01-11 18:00:00,762.6666666666666,20.933333333333334,36.33,1.0
2024-01-11 18:30:00,754.0,20.933333333333334,36.33,1.0
2024-01-11 19:00:00,752.0,20.9,36.199999999999996,1.0
2024-01-11 19:30:00,776.0,20.933333333333334,36.33,1.0
2024-01-11 20:00:00,734.6666666666666,20.933333333333334,36.33,1.0
2024-01-11 20:30:00,765.0,20.933333333333334,36.33,1.0
2024-01-11 21:00:00,754.6666666666666,20.9,36.33,1.0
2024-01-11 21:30:00,754.0,20.966666666666665,36.33,1.0
2024-01-11 22:00:00,769.6666666666666,20.9,36.33,1.0
2024-01-11 22:30:00,736.3333333333334,20.966666666666665,36.33,1.0
2024-01-11 23:00:00,729.3333333333334,20.933333333333334,36.33,1.0
2024-01-11 23:30:00,748.0,20.933333333333334,36.46,1.0
2024-01-12 00:00:00,759.0,20.966666666666665,36.33,1.0
2024-01-12 00:30:00,716.0,20.933333333333334,36.33,1.0
2024-01-12 01:00:00,732.6666666666666,20.9,36.33,1.0
2024-01-12 01:30:00,745.3333333333334,20.966666666666665,36.33,1.0
2024-01-12 02:00:00,743.0,20.933333333333334,36.33,1.0
2024-01-12 02:30:00,699.6666666666666,20.866666666666664,36.33,1.0
2024-01-12 03:00:00,696.6666666666666,20.900000000000002,36.33,1.0
2024-01-12 03:30:00,695.0,20.933333333333334,36.33,1.0
2024-01-12 04:00:00,708.6666666666666,20.966666666666665,36.33,1.0
2024-01-12 04:30:00,699.6666666666666,20.9,36.33,1.0
2024-01-12 05:00:00,681.6666666666666,20.933333333333334,36.33,1.0
2024-01-12 05:30:00,698.3333333333334,20.9,36.33,1.0
2024-01-12 06:00:00,662.3333333333334,20.900000000000002,36.33,1.0
2024-01-12 06:30:00,664.6666666666666,20.933333333333334,36.33,1.0
2024-01-12 07:00:00,627.6666666666666,20.833333333333332,36.33,1.0
2024-01-12 07:30:00,685.6666666666666,20.933333333333334,35.550000000000004,1.0
2024-01-12 08:00:00,929.6666666666666,21.166666666666668,35.29,1.0
2024-01-12 08:30:00,1112.0,21.3,35.809999999999995,1.0
2024-01-12 09:00:00,1132.6666666666667,21.2,36.33,1.0
2024-01-12 09:30:00,1112.3333333333333,21.133333333333336,36.33,1.0
2024-01-12 10:00:00,1069.0,21.033333333333335,36.46,1.0
2024-01-12 10:30:00,1174.0,21.2,36.199999999999996,1.0
2024-01-12 11:00:00,1414.5,21.35,37.11,1.0
2024-01-12 11:30:00,1378.3333333333333,21.333333333333332,37.11,1.0
2024-01-12 12:00:00,1352.0,21.166666666666668,37.24,1.0
2024-01-12 12:30:00,2108.6666666666665,21.400000000000002,40.623333333333335,1.0
2024-01-12 13:00:00,3633.75,121.60000000000001,35.06,1.0
2024-01-12 13:30:00,4104.0,121.67500000000001,35.84,1.0
2024-01-12 14:00:00,1910.3333333333333,21.7,38.54,1.0
2024-01-12 14:30:00,1850.3333333333333,21.766666666666666,38.28,1.0
2024-01-12 15:00:00,1736.3333333333333,21.733333333333334,37.89,1.0
2024-01-12 15:30:00,1708.3333333333333,21.866666666666664,37.24,1.0
2024-01-12 16:00:00,1742.3333333333333,21.8,37.89,1.0
2024-01-12 16:30:00,1656.0,21.633333333333336,37.89,1.0
2024-01-12 17:00:00,1591.6666666666667,21.46666666666667,37.89,1.0
2024-01-12 17:30:00,1485.3333333333333,21.366666666666664,37.89,1.0
2024-01-12 18:00:00,1443.0,21.3,37.89,1.0
2024-01-12 18:30:00,1376.3333333333333,21.3,37.76,1.0
2024-01-12 19:00:00,1326.3333333333333,21.266666666666666,37.76,1.0
2024-01-12 19:30:00,1265.0,21.3,37.5,1.0
2024-01-12 20:00:00,1233.6666666666667,21.233333333333334,37.63,1.0
2024-01-12 20:30:00,1179.3333333333333,21.233333333333334,37.5,1.0
2024-01-12 21:00:00,1124.0,21.133333333333336,37.76,1.0
2024-01-12 21:30:00,1134.0,21.166666666666668,37.5,1.0
2024-01-12 22:00:00,1105.3333333333333,21.166666666666668,37.63,1.0
2024-01-12 22:30:00,1052.0,21.2,37.5,1.0
2024-01-12 23:00:00,1052.0,21.133333333333336,37.5,1.0
2024-01-12 23:30:00,1034.0,21.066666666666666,37.5,1.0
2024-01-13 00:00:00,991.0,21.1,37.5,1.0
2024-01-13 00:30:00,986.0,21.1,37.5,1.0
2024-01-13 01:00:00,946.3333333333334,21.099999999999998,37.5,1.0
2024-01-13 01:30:00,905.0,21.0,37.5,1.0
2024-01-13 02:00:00,910.3333333333334,21.0,37.5,1.0
2024-01-13 02:30:00,891.3333333333334,21.033333333333335,37.5,1.0
2024-01-13 03:00:00,869.6666666666666,21.0,37.5,1.0
2024-01-13 03:30:00,881.0,21.0,37.5,1.0
2024-01-13 04:00:00,851.3333333333334,21.066666666666666,37.5,1.0
2024-01-13 04:30:00,835.6666666666666,21.066666666666666,37.5,1.0
2024-01-13 05:00:00,820.6666666666666,21.1,37.5,1.0
2024-01-13 05:30:00,799.0,21.0,37.5,1.0
2024-01-13 06:00:00,810.0,21.033333333333335,37.5,1.0
2024-01-13 06:30:00,757.6666666666666,21.0,37.5,1.0
2024-01-13 07:00:00,755.3333333333334,21.0,37.5,1.0
2024-01-13 07:30:00,719.0,21.033333333333335,37.5,1.0
2024-01-13 08:00:00,733.3333333333334,20.966666666666665,37.5,1.0
2024-01-13 08:30:00,696.3333333333334,21.033333333333335,37.24,1.0
2024-01-13 09:00:00,677.0,21.0,37.37,1.0
2024-01-13 09:30:00,700.6666666666666,21.0,37.37,1.0
2024-01-13 10:00:00,672.3333333333334,20.966666666666665,37.37,1.0
2024-01-13 10:30:00,659.6666666666666,20.933333333333334,37.5,1.0
2024-01-13 11:00:00,650.0,20.933333333333334,37.5,1.0
2024-01-13 11:30:00,628.3333333333334,20.966666666666665,37.5,1.0
2024-01-13 12:00:00,644.0,20.966666666666665,37.37,1.0
2024-01-13 12:30:00,626.0,21.0,37.24,1.0
2024-01-13 13:00:00,634.6666666666666,20.966666666666665,37.5,1.0
2024-01-13 13:30:00,626.0,20.933333333333334,37.5,1.0
2024-01-13 14:00:00,614.0,20.933333333333334,37.5,1.0
2024-01-13 14:30:00,589.3333333333334,20.9,37.5,1.0
2024-01-13 15:00:00,596.0,20.966666666666665,37.5,1.0
2024-01-13 15:30:00,581.6666666666666,20.966666666666665,37.5,1.0
2024-01-13 16:00:00,599.3333333333334,20.966666666666665,37.5,1.0
2024-01-13 16:30:00,575.6666666666666,20.933333333333334,37.5,1.0
2024-01-13 17:00:00,582.6666666666666,20.966666666666665,37.5,1.0
2024-01-13 17:30:00,585.3333333333334,20.966666666666665,37.37,1.0
2024-01-13 18:00:00,590.3333333333334,20.966666666666665,37.5,1.0
2024-01-13 18:30:00,614.6666666666666,20.966666666666665,37.5,1.0
2024-01-13 19:00:00,577.3333333333334,20.933333333333334,37.37,1.0
2024-01-13 19:30:00,564.6666666666666,21.033333333333335,37.5,1.0
2024-01-13 20:00:00,562.0,21.0,37.5,1.0
2024-01-13 20:30:00,574.0,20.966666666666665,37.5,1.0
2024-01-13 21:00:00,553.6666666666666,20.966666666666665,37.5,1.0
2024-01-13 21:30:00,552.3333333333334,20.966666666666665,37.5,1.0
2024-01-13 22:00:00,556.3333333333334,20.933333333333334,37.5,1.0
2024-01-13 22:30:00,565.6666666666666,21.0,37.5,1.0
2024-01-13 23:00:00,559.6666666666666,20.933333333333334,37.5,1.0
2024-01-13 23:30:00,534.6666666666666,21.0,37.5,1.0
2024-01-14 00:00:00,566.3333333333334,21.0,37.5,1.0
2024-01-14 00:30:00,556.6666666666666,20.966666666666665,37.5,1.0
2024-01-14 01:00:00,552.6666666666666,20.966666666666665,37.5,1.0
2024-01-14 01:30:00,541.3333333333334,20.966666666666665,37.5,1.0
2024-01-14 02:00:00,538.6666666666666,20.966666666666665,37.5,1.0
2024-01-14 02:30:00,537.0,21.0,37.5,1.0
2024-01-14 03:00:00,525.3333333333334,21.0,37.5,1.0
2024-01-14 03:30:00,545.0,20.933333333333334,37.5,1.0
2024-01-14 04:00:00,559.0,20.966666666666665,37.5,1.0
2024-01-14 04:30:00,528.6666666666666,21.0,37.5,1.0
2024-01-14 05:00:00,538.6666666666666,21.0,37.5,1.0
2024-01-14 05:30:00,531.0,20.933333333333334,37.5,1.0
2024-01-14 06:00:00,534.0,20.933333333333334,37.5,1.0
2024-01-14 06:30:00,519.3333333333334,20.933333333333334,37.5,1.0
2024-01-14 07:00:00,532.6666666666666,20.9,37.5,1.0
2024-01-14 07:30:00,499.6666666666667,20.866666666666664,37.11,1.0
2024-01-14 08:00:00,525.3333333333334,20.966666666666665,37.11,1.0
2024-01-14 08:30:00,520.6666666666666,20.966666666666665,37.11,1.0
2024-01-14 09:00:00,515.3333333333334,20.966666666666665,37.11,1.0
2024-01-14 09:30:00,505.0,20.9,37.11,1.0
2024-01-14 10:00:00,502.0,21.0,37.11,1.0
2024-01-14 10:30:00,523.6666666666666,20.933333333333334,37.11,1.0
2024-01-14 11:00:00,518.0,20.966666666666665,36.85,1.0
2024-01-14 11:30:00,526.0,20.966666666666665,37.11,1.0
2024-01-14 12:00:00,520.0,20.933333333333334,37.11,1.0
2024-01-14 12:30:00,501.3333333333333,20.9,37.11,1.0
2024-01-14 13:00:00,498.6666666666667,20.9,37.11,1.0
2024-01-14 13:30:00,492.6666666666667,20.966666666666665,37.11,1.0
2024-01-14 14:00:00,487.6666666666667,20.933333333333334,37.11,1.0
2024-01-14 14:30:00,496.3333333333333,20.966666666666665,37.11,1.0
2024-01-14 15:00:00,503.6666666666667,20.966666666666665,37.11,1.0
2024-01-14 15:30:00,491.6666666666667,20.966666666666665,37.11,1.0
2024-01-14 16:00:00,516.6666666666666,20.933333333333334,37.11,1.0
2024-01-14 16:30:00,501.6666666666667,20.966666666666665,37.11,1.0
2024-01-14 17:00:00,481.3333333333333,20.966666666666665,37.11,1.0
2024-01-14 17:30:00,489.6666666666667,20.966666666666665,37.11,1.0
2024-01-14 18:00:00,502.6666666666667,20.933333333333334,37.11,1.0
2024-01-14 18:30:00,483.0,20.933333333333334,37.11,1.0
2024-01-14 19:00:00,491.0,20.966666666666665,37.11,1.0
2024-01-14 19:30:00,497.3333333333333,20.966666666666665,37.11,1.0
2024-01-14 20:00:00,497.3333333333333,20.966666666666665,37.11,1.0
2024-01-14 20:30:00,479.0,20.966666666666665,37.37,1.0
2024-01-14 21:00:00,505.5,21.0,37.305,1.0
2024-01-14 21:30:00,483.6666666666667,20.933333333333334,37.24,1.0
2024-01-14 22:00:00,470.6666666666667,20.933333333333334,37.37,1.0
2024-01-14 22:30:00,484.0,20.966666666666665,37.37,1.0
2024-01-14 23:00:00,482.6666666666667,20.966666666666665,37.5,1.0
2024-01-14 23:30:00,478.0,20.966666666666665,37.5,1.0
2024-01-15 00:00:00,479.0,20.933333333333334,37.5,1.0
2024-01-15 00:30:00,485.3333333333333,20.933333333333334,37.5,1.0
2024-01-15 01:00:00,480.6666666666667,20.9,37.5,1.0
2024-01-15 01:30:00,480.0,20.966666666666665,37.5,1.0
2024-01-15 02:00:00,469.3333333333333,20.933333333333334,37.5,1.0
2024-01-15 02:30:00,469.3333333333333,20.933333333333334,37.5,1.0
2024-01-15 03:00:00,475.6666666666667,20.933333333333334,37.5,1.0
2024-01-15 03:30:00,478.0,20.933333333333334,37.5,1.0
2024-01-15 04:00:00,478.6666666666667,20.9,37.37,1.0
2024-01-15 04:30:00,483.0,20.966666666666665,37.5,1.0
2024-01-15 05:00:00,474.0,20.9,37.5,1.0
2024-01-15 05:30:00,460.0,20.9,37.5,1.0
2024-01-15 06:00:00,483.0,20.966666666666665,37.5,1.0
2024-01-15 06:30:00,501.3333333333333,20.9,37.37,1.0
2024-01-15 07:00:00,478.0,20.933333333333334,37.11,1.0
2024-01-15 07:30:00,476.0,20.933333333333334,37.11,1.0
2024-01-15 08:00:00,530.3333333333334,20.933333333333334,36.72,1.0
2024-01-15 08:30:00,935.0,21.3,37.5,1.0
2024-01-15 09:00:00,1146.0,21.333333333333332,38.28,1.0
2024-01-15 09:30:00,1459.0,21.333333333333332,39.71,1.0
2024-01-15 10:00:00,1291.0,21.400000000000002,39.71333333333333,1.0
2024-01-15 10:30:00,2102.0,21.53333333333333,45.830000000000005,1.0
2024-01-15 11:00:00,2634.3333333333335,21.633333333333336,46.48666666666667,0.75
2024-01-15 11:30:00,2197.0,21.433333333333334,42.97,0.6666666666666666
2024-01-15 12:00:00,1528.0,21.366666666666664,39.71333333333333,1.0
2024-01-15 12:30:00,1331.3333333333333,21.400000000000002,37.89,1.0
2024-01-15 13:00:00,1904.0,21.633333333333336,40.10333333333333,1.0
2024-01-15 13:30:00,2344.6666666666665,21.766666666666666,41.800000000000004,1.0
2024-01-15 14:00:00,2138.3333333333335,21.833333333333332,40.623333333333335,1.0
2024-01-15 14:30:00,1764.6666666666667,21.833333333333332,38.800000000000004,1.0
2024-01-15 15:00:00,1554.0,21.766666666666666,36.85,1.0
2024-01-15 15:30:00,1440.3333333333333,21.833333333333332,35.809999999999995,1.0
2024-01-15 16:00:00,1319.0,21.833333333333332,35.419999999999995,1.0
2024-01-15 16:30:00,1276.6666666666667,21.866666666666664,35.03,1.0
2024-01-15 17:00:00,1187.6666666666667,21.7,35.68,1.0
2024-01-15 17:30:00,1157.6666666666667,21.566666666666666,35.94,1.0
2024-01-15 18:00:00,1150.6666666666667,21.5,35.94,1.0
2024-01-15 18:30:00,1094.0,21.399999999999995,35.68,1.0
2024-01-15 19:00:00,1057.0,21.333333333333332,35.94,1.0
2024-01-15 19:30:00,1057.0,21.3,35.94,1.0
2024-01-15 20:00:00,1039.3333333333333,21.233333333333334,35.94,1.0
2024-01-15 20:30:00,1018.0,21.266666666666666,35.94,1.0
2024-01-15 21:00:00,1000.5,21.2,35.94,1.0
2024-01-15 21:30:00,958.6666666666666,21.166666666666668,35.94,1.0
2024-01-15 22:00:00,932.3333333333334,21.2,35.94,1.0
2024-01-15 22:30:00,923.0,21.066666666666666,35.94,1.0
2024-01-15 23:00:00,893.3333333333334,21.099999999999998,35.94,1.0
2024-01-15 23:30:00,896.6666666666666,21.033333333333335,35.94,1.0
2024-01-16 00:00:00,866.6666666666666,21.033333333333335,35.94,1.0
2024-01-16 00:30:00,847.0,21.0,35.94,1.0
2024-01-16 01:00:00,811.3333333333334,20.966666666666665,35.94,1.0
2024-01-16 01:30:00,816.6666666666666,20.966666666666665,35.94,1.0
2024-01-16 02:00:00,804.3333333333334,20.933333333333334,35.94,1.0
2024-01-16 02:30:00,798.0,20.9,35.94,1.0
2024-01-16 03:00:00,781.6666666666666,20.866666666666664,35.94,1.0
2024-01-16 03:30:00,748.6666666666666,20.833333333333332,35.94,1.0
2024-01-16 04:00:00,744.0,20.833333333333332,35.94,1.0
2024-01-16 04:30:00,747.0,20.733333333333334,35.94,1.0
2024-01-16 05:00:00,695.6666666666666,20.833333333333332,35.94,1.0
2024-01-16 05:30:00,702.0,20.733333333333334,35.94,1.0
2024-01-16 06:00:00,708.5,20.7,35.745,1.0
2024-01-16 06:30:00,688.0,20.733333333333334,35.68,1.0
2024-01-16 07:00:00,679.6666666666666,21.266666666666666,35.16,1.0
2024-01-16 07:30:00,665.6666666666666,21.633333333333336,34.51,1.0
2024-01-16 08:00:00,893.3333333333334,21.933333333333334,33.2,1.0
2024-01-16 08:30:00,1045.3333333333333,22.133333333333336,33.59,1.0
2024-01-16 09:00:00,1014.6666666666666,22.03333333333333,33.85,1.0
2024-01-16 09:30:00,966.3333333333334,21.599999999999998,34.64000000000001,1.0
2024-01-16 10:00:00,924.0,21.366666666666664,34.9,1.0
2024-01-16 10:30:00,889.3333333333334,21.233333333333334,34.9,1.0
2024-01-16 11:00:00,886.3333333333334,21.133333333333336,34.77,1.0
2024-01-16 11:30:00,848.0,21.133333333333336,34.77,1.0
2024-01-16 12:00:00,828.6666666666666,21.066666666666666,34.9,1.0
2024-01-16 12:30:00,825.0,21.0,35.16,1.0
2024-01-16 13:00:00,849.3333333333334,20.9,35.16,1.0
2024-01-16 13:30:00,818.6666666666666,20.9,35.16,1.0
2024-01-16 14:00:00,835.6666666666666,20.933333333333334,35.16,1.0
2024-01-16 14:30:00,832.6666666666666,20.833333333333332,35.16,1.0
2024-01-16 15:00:00,783.6666666666666,20.833333333333332,35.16,1.0
2024-01-16 15:30:00,1210.6666666666667,20.900000000000002,36.72,0.75
2024-01-16 16:00:00,1343.6666666666667,21.099999999999998,36.07,1.0
2024-01-16 16:30:00,1270.0,21.3,35.94,1.0
2024-01-16 17:00:00,1195.6666666666667,21.166666666666668,35.94,1.0
2024-01-16 17:30:00,1131.6666666666667,21.033333333333335,35.94,1.0
2024-01-16 18:00:00,1072.3333333333333,20.933333333333334,35.94,1.0
2024-01-16 18:30:00,1071.3333333333333,20.9,35.94,1.0
2024-01-16 19:00:00,1065.0,20.833333333333332,35.94,1.0
2024-01-16 19:30:00,1009.6666666666666,20.8,35.94,1.0
2024-01-16 20:00:00,964.0,20.733333333333334,35.94,1.0
2024-01-16 20:30:00,956.6666666666666,20.7,35.94,1.0
2024-01-16 21:00:00,890.0,20.7,35.94,1.0
2024-01-16 21:30:00,881.3333333333334,20.766666666666666,35.94,1.0
2024-01-16 22:00:00,895.0,20.733333333333334,35.94,1.0
2024-01-16 22:30:00,876.0,20.666666666666668,35.94,1.0
2024-01-16 23:00:00,840.0,20.7,35.94,1.0
2024-01-16 23:30:00,835.0,20.7,35.94,1.0
2024-01-17 00:00:00,803.0,20.7,35.94,1.0
2024-01-17 00:30:00,786.6666666666666,20.666666666666668,35.94,1.0
2024-01-17 01:00:00,804.6666666666666,20.633333333333333,35.94,1.0
2024-01-17 01:30:00,763.3333333333334,20.566666666666666,35.94,1.0
2024-01-17 02:00:00,752.0,20.6,35.94,1.0
2024-01-17 02:30:00,733.0,20.6,35.94,1.0
2024-01-17 03:00:00,703.3333333333334,20.5,36.199999999999996,1.0
2024-01-17 03:30:00,695.0,20.55,36.135,1.0
2024-01-17 04:00:00,690.6666666666666,20.533333333333335,36.199999999999996,1.0
2024-01-17 04:30:00,682.0,20.5,35.94,1.0
2024-01-17 05:00:00,682.3333333333334,20.466666666666665,36.07,1.0
2024-01-17 05:30:00,661.3333333333334,20.466666666666665,35.94,1.0
2024-01-17 06:00:00,659.0,20.4,35.94,1.0
2024-01-17 06:30:00,650.0,20.4,35.94,1.0
2024-01-17 07:00:00,664.0,20.433333333333334,35.94,1.0
2024-01-17 07:30:00,604.6666666666666,20.466666666666665,35.94,1.0
2024-01-17 08:00:00,639.3333333333334,20.433333333333334,35.94,1.0
2024-01-17 08:30:00,629.6666666666666,20.766666666666666,35.809999999999995,1.0
2024-01-17 09:00:00,671.0,21.033333333333335,35.419999999999995,1.0
2024-01-17 09:30:00,660.0,21.333333333333332,35.16,1.0
2024-01-17 10:00:00,647.3333333333334,21.53333333333333,35.16,1.0
2024-01-17 10:30:00,671.0,21.666666666666668,34.9,1.0
2024-01-17 11:00:00,701.3333333333334,21.866666666666664,34.77,1.0
2024-01-17 11:30:00,698.3333333333334,21.933333333333334,34.77,1.0
2024-01-17 12:00:00,684.0,22.03333333333333,34.77,1.0
2024-01-17 12:30:00,674.3333333333334,22.03333333333333,34.77,1.0
2024-01-17 13:00:00,670.0,21.633333333333336,35.29,1.0
2024-01-17 13:30:00,681.6666666666666,21.433333333333334,35.68,1.0
2024-01-17 14:00:00,654.0,21.366666666666664,35.94,1.0
2024-01-17 14:30:00,677.3333333333334,21.266666666666666,35.94,1.0
2024-01-17 15:00:00,679.0,21.2,35.94,1.0
2024-01-17 15:30:00,662.6666666666666,21.166666666666668,35.94,1.0
2024-01-17 16:00:00,672.0,21.166666666666668,35.94,1.0
2024-01-17 16:30:00,660.6666666666666,21.099999999999998,35.809999999999995,1.0
2024-01-17 17:00:00,679.3333333333334,21.066666666666666,35.809999999999995,1.0
2024-01-17 17:30:00,674.6666666666666,21.033333333333335,35.68,1.0
2024-01-17 18:00:00,669.6666666666666,21.0,35.68,1.0
2024-01-17 18:30:00,642.3333333333334,21.0,35.55,1.0
2024-01-17 19:00:00,644.6666666666666,21.0,35.55,1.0
2024-01-17 19:30:00,640.6666666666666,20.933333333333334,35.809999999999995,1.0
2024-01-17 20:00:00,622.3333333333334,20.933333333333334,35.809999999999995,1.0
2024-01-17 20:30:00,640.3333333333334,20.9,35.94,1.0
2024-01-17 21:00:00,641.6666666666666,20.866666666666664,35.94,1.0
2024-01-17 21:30:00,626.6666666666666,20.866666666666664,35.94,1.0
2024-01-17 22:00:00,646.0,20.8,35.94,1.0
2024-01-17 22:30:00,642.6666666666666,20.866666666666664,35.94,1.0
2024-01-17 23:00:00,639.0,20.766666666666666,35.94,1.0
2024-01-17 23:30:00,623.6666666666666,20.733333333333334,35.94,1.0
2024-01-18 00:00:00,638.6666666666666,20.733333333333334,35.94,1.0
2024-01-18 00:30:00,590.3333333333334,20.7,35.94,1.0
2024-01-18 01:00:00,588.3333333333334,20.733333333333334,35.94,1.0
2024-01-18 01:30:00,557.3333333333334,20.7,35.94,1.0
2024-01-18 02:00:00,556.3333333333334,20.7,35.94,1.0
2024-01-18 02:30:00,570.6666666666666,20.7,35.94,1.0
2024-01-18 03:00:00,565.0,20.633333333333333,35.94,1.0
2024-01-18 03:30:00,566.6666666666666,20.666666666666668,35.94,1.0
2024-01-18 04:00:00,524.0,20.633333333333336,35.94,1.0
2024-01-18 04:30:00,547.3333333333334,20.6,35.94,1.0
2024-01-18 05:00:00,549.3333333333334,20.599999999999998,35.94,1.0
2024-01-18 05:30:00,523.3333333333334,20.566666666666666,35.94,1.0
2024-01-18 06:00:00,520.0,20.533333333333335,35.94,1.0
2024-01-18 06:30:00,547.0,20.566666666666666,35.55,1.0
2024-01-18 07:00:00,540.3333333333334,20.5,35.55,1.0
2024-01-18 07:30:00,525.3333333333334,20.466666666666665,35.68,1.0
2024-01-18 08:00:00,533.6666666666666,20.533333333333335,35.55,1.0
2024-01-18 08:30:00,474.0,20.466666666666665,35.55,1.0
2024-01-18 09:00:00,525.6666666666666,20.533333333333335,35.55,1.0
2024-01-18 09:30:00,524.3333333333334,20.466666666666665,35.55,1.0
2024-01-18 10:00:00,1024.3333333333333,20.733333333333334,36.59,1.0
2024-01-18 10:30:00,911.6666666666666,21.033333333333335,35.68,1.0
2024-01-18 11:00:00,985.6666666666666,21.066666666666666,35.94,1.0
2024-01-18 11:30:00,1518.5,21.15,39.45,1.0
2024-01-18 12:00:00,1974.6666666666667,21.2,40.75333333333333,1.0
2024-01-18 12:30:00,2323.0,21.166666666666668,41.15,1.0
2024-01-18 13:00:00,2226.0,21.099999999999998,40.75666666666667,1.0
2024-01-18 13:30:00,1254.0,21.233333333333334,37.76,1.0
2024-01-18 14:00:00,1413.0,21.266666666666666,38.15,1.0
2024-01-18 14:30:00,1433.3333333333333,21.433333333333334,37.5,1.0
2024-01-18 15:00:00,1605.3333333333333,21.46666666666667,38.28,1.0
2024-01-18 15:30:00,1483.3333333333333,21.233333333333334,37.89,1.0
2024-01-18 16:00:00,1476.3333333333333,21.066666666666666,37.63,1.0
2024-01-18 16:30:00,1387.0,20.966666666666665,37.5,1.0
2024-01-18 17:00:00,1295.6666666666667,20.966666666666665,37.24,1.0
2024-01-18 17:30:00,1269.3333333333333,20.866666666666664,37.11,1.0
2024-01-18 18:00:00,1182.0,20.9,36.915,1.0
2024-01-18 18:30:00,1160.5,20.85,36.72,1.0
2024-01-18 19:00:00,1090.0,20.833333333333332,36.72,1.0
2024-01-18 19:30:00,1070.6666666666667,20.7,36.72,1.0
2024-01-18 20:00:00,1016.3333333333334,20.733333333333334,36.72,1.0
2024-01-18 20:30:00,995.6666666666666,20.7,36.72,1.0
2024-01-18 21:00:00,984.0,20.7,36.72,1.0
2024-01-18 21:30:00,933.0,20.733333333333334,36.589999999999996,1.0
2024-01-18 22:00:00,915.6666666666666,20.7,36.72,1.0
2024-01-18 22:30:00,903.0,20.7,36.46,1.0
2024-01-18 23:00:00,875.6666666666666,20.7,36.46,1.0
2024-01-18 23:30:00,859.3333333333334,20.633333333333336,36.46,1.0
2024-01-19 00:00:00,819.3333333333334,20.666666666666668,36.33,1.0
2024-01-19 00:30:00,805.6666666666666,20.7,36.33,1.0
2024-01-19 01:00:00,772.0,20.666666666666668,36.33,1.0
2024-01-19 01:30:00,768.0,20.666666666666668,36.33,1.0
2024-01-19 02:00:00,739.0,20.6,36.33,1.0
2024-01-19 02:30:00,742.3333333333334,20.633333333333336,36.33,1.0
2024-01-19 03:00:00,727.5,20.65,36.33,1.0
2024-01-19 03:30:00,719.3333333333334,20.6,36.33,1.0
2024-01-19 04:00:00,710.6666666666666,20.566666666666666,36.33,1.0
2024-01-19 04:30:00,662.3333333333334,20.633333333333336,36.33,1.0
2024-01-19 05:00:00,649.6666666666666,20.633333333333336,36.33,1.0
2024-01-19 05:30:00,644.3333333333334,20.6,36.33,1.0
2024-01-19 06:00:00,639.6666666666666,20.6,36.33,1.0
2024-01-19 06:30:00,610.6666666666666,20.533333333333335,36.33,1.0
2024-01-19 07:00:00,648.6666666666666,20.8,36.199999999999996,1.0
2024-01-19 07:30:00,631.6666666666666,21.2,35.809999999999995,1.0
2024-01-19 08:00:00,611.3333333333334,21.5,35.809999999999995,1.0
2024-01-19 08:30:00,631.3333333333334,21.666666666666668,35.55,1.0
2024-01-19 09:00:00,624.6666666666666,21.8,35.55,1.0
2024-01-19 09:30:00,637.6666666666666,21.8,35.55,1.0
2024-01-19 10:00:00,635.6666666666666,21.96666666666667,35.809999999999995,1.0
2024-01-19 10:30:00,631.6666666666666,22.099999999999998,35.94,1.0
2024-01-19 11:00:00,650.0,22.0,35.94,1.0
2024-01-19 11:30:00,646.0,21.666666666666668,36.33,1.0
2024-01-19 12:00:00,629.6666666666666,21.46666666666667,36.72,1.0
2024-01-19 12:30:00,639.3333333333334,21.366666666666664,36.72,1.0
2024-01-19 13:00:00,663.0,21.333333333333332,36.85,1.0
2024-01-19 13:30:00,679.3333333333334,21.266666666666666,36.85,1.0
2024-01-19 14:00:00,694.6666666666666,21.233333333333334,37.11,1.0
2024-01-19 14:30:00,687.0,21.2,37.11,1.0
2024-01-19 15:00:00,703.3333333333334,21.166666666666668,37.11,1.0
2024-01-19 15:30:00,704.0,21.166666666666668,37.11,1.0
2024-01-19 16:00:00,710.5,21.2,37.11,1.0
2024-01-19 16:30:00,706.6666666666666,21.1,37.11,1.0
2024-01-19 17:00:00,700.3333333333334,21.099999999999998,36.85,1.0
2024-01-19 17:30:00,710.6666666666666,21.066666666666666,36.72,1.0
2024-01-19 18:00:00,682.3333333333334,21.1,36.72,1.0
2024-01-19 18:30:00,656.0,21.0,36.72,1.0
2024-01-19 19:00:00,680.3333333333334,21.033333333333335,36.72,1.0
2024-01-19 19:30:00,644.5,21.1,36.72,1.0
2024-01-19 20:00:00,673.3333333333334,21.066666666666666,36.72,1.0
2024-01-19 20:30:00,651.3333333333334,20.966666666666665,36.72,1.0
2024-01-19 21:00:00,630.6666666666666,21.0,36.72,1.0
2024-01-19 21:30:00,655.0,20.966666666666665,36.72,1.0
2024-01-19 22:00:00,636.6666666666666,20.933333333333334,36.72,1.0
2024-01-19 22:30:00,633.6666666666666,21.0,36.72,1.0
2024-01-19 23:00:00,655.3333333333334,20.9,36.72,1.0
2024-01-19 23:30:00,609.0,20.866666666666664,36.72,1.0
2024-01-20 00:00:00,631.3333333333334,20.833333333333332,36.72,1.0
2024-01-20 00:30:00,622.6666666666666,20.866666666666664,36.85,1.0
2024-01-20 01:00:00,628.6666666666666,20.8,36.72,1.0
2024-01-20 01:30:00,624.6666666666666,20.8,36.85,1.0
2024-01-20 02:00:00,594.6666666666666,20.833333333333332,36.72,1.0
2024-01-20 02:30:00,616.6666666666666,20.8,36.72,1.0
2024-01-20 03:00:00,599.0,20.833333333333332,36.98,1.0
2024-01-20 03:30:00,601.6666666666666,20.8,36.72,1.0
2024-01-20 04:00:00,595.0,20.8,36.85,1.0
2024-01-20 04:30:00,584.3333333333334,20.766666666666666,36.85,1.0
2024-01-20 05:00:00,588.3333333333334,20.733333333333334,36.98,1.0
2024-01-20 05:30:00,597.6666666666666,20.766666666666666,36.85,1.0
2024-01-20 06:00:00,580.6666666666666,20.766666666666666,36.98,1.0
2024-01-20 06:30:00,565.3333333333334,20.766666666666666,36.98,1.0
2024-01-20 07:00:00,534.6666666666666,20.7,37.11,1.0
2024-01-20 07:30:00,555.3333333333334,20.7,36.98,1.0
2024-01-20 08:00:00,543.3333333333334,20.666666666666668,36.98,1.0
2024-01-20 08:30:00,534.3333333333334,20.666666666666668,36.85,1.0
2024-01-20 09:00:00,539.3333333333334,20.666666666666668,36.98,1.0
2024-01-20 09:30:00,542.0,20.633333333333336,36.98,1.0
2024-01-20 10:00:00,527.6666666666666,20.6,37.11,1.0
2024-01-20 10:30:00,536.3333333333334,20.633333333333336,36.98,1.0
2024-01-20 11:00:00,551.6666666666666,20.633333333333336,36.85,1.0
2024-01-20 11:30:00,509.0,20.65,36.72,1.0
2024-01-20 12:00:00,527.6666666666666,20.6,36.72,1.0
2024-01-20 12:30:00,509.3333333333333,20.633333333333336,36.85,1.0
2024-01-20 13:00:00,505.6666666666667,20.666666666666668,36.98,1.0
2024-01-20 13:30:00,527.0,20.6,37.11,1.0
2024-01-20 14:00:00,523.6666666666666,20.633333333333336,37.11,1.0
2024-01-20 14:30:00,505.3333333333333,20.666666666666668,37.11,1.0
2024-01-20 15:00:00,491.0,20.633333333333336,37.11,1.0
2024-01-20 15:30:00,471.3333333333333,20.6,37.11,1.0
2024-01-20 16:00:00,501.3333333333333,20.566666666666666,37.11,1.0
2024-01-20 16:30:00,491.0,20.6,37.11,1.0
2024-01-20 17:00:00,492.0,20.666666666666668,37.11,1.0
2024-01-20 17:30:00,485.3333333333333,20.599999999999998,37.11,1.0
2024-01-20 18:00:00,487.6666666666667,20.6,37.11,1.0
2024-01-20 18:30:00,483.0,20.6,37.11,1.0
2024-01-20 19:00:00,497.6666666666667,20.633333333333336,37.11,1.0
2024-01-20 19:30:00,483.0,20.666666666666668,37.11,1.0
2024-01-20 20:00:00,482.0,20.666666666666668,37.11,1.0
2024-01-20 20:30:00,481.6666666666667,20.6,37.11,1.0
2024-01-20 21:00:00,462.0,20.6,37.11,1.0
2024-01-20 21:30:00,485.0,20.6,37.11,1.0
2024-01-20 22:00:00,498.3333333333333,20.633333333333336,37.11,1.0
2024-01-20 22:30:00,487.3333333333333,20.533333333333335,37.11,1.0
2024-01-20 23:00:00,492.6666666666667,20.633333333333336,37.11,1.0
2024-01-20 23:30:00,491.6666666666667,20.599999999999998,37.11,1.0
2024-01-21 00:00:00,485.6666666666667,20.633333333333333,37.11,1.0
2024-01-21 00:30:00,489.6666666666667,20.533333333333335,37.11,1.0
2024-01-21 01:00:00,477.0,20.633333333333336,37.11,1.0
2024-01-21 01:30:00,460.0,20.6,37.11,1.0
2024-01-21 02:00:00,485.6666666666667,20.6,37.11,1.0
2024-01-21 02:30:00,492.0,20.6,37.11,1.0
2024-01-21 03:00:00,462.3333333333333,20.6,37.11,1.0
2024-01-21 03:30:00,471.0,20.566666666666666,37.11,1.0
2024-01-21 04:00:00,454.0,20.6,37.11,1.0
2024-01-21 04:30:00,480.0,20.6,37.11,1.0
2024-01-21 05:00:00,470.0,20.6,37.11,1.0
2024-01-21 05:30:00,479.0,20.6,37.11,1.0
2024-01-21 06:00:00,458.0,20.6,37.11,1.0
2024-01-21 06:30:00,444.6666666666667,20.5,37.11,1.0
2024-01-21 07:00:00,449.6666666666667,20.533333333333335,37.11,1.0
2024-01-21 07:30:00,466.0,20.566666666666666,36.98,1.0
2024-01-21 08:00:00,446.5,20.55,37.11,1.0
2024-01-21 08:30:00,472.0,20.566666666666666,36.72,1.0
2024-01-21 09:00:00,473.0,20.533333333333335,36.72,1.0
2024-01-21 09:30:00,464.0,20.533333333333335,36.72,1.0
2024-01-21 10:00:00,461.3333333333333,20.533333333333335,36.72,1.0
2024-01-21 10:30:00,486.3333333333333,20.5,36.72,1.0
2024-01-21 11:00:00,484.0,20.533333333333335,36.72,1.0
2024-01-21 11:30:00,472.3333333333333,20.5,36.72,1.0
2024-01-21 12:00:00,481.6666666666667,20.533333333333335,36.72,1.0
2024-01-21 12:30:00,441.6666666666667,20.5,36.72,1.0
2024-01-21 13:00:00,425.6666666666667,20.533333333333335,36.72,1.0
2024-01-21 13:30:00,462.3333333333333,20.5,36.72,1.0
2024-01-21 14:00:00,439.6666666666667,20.466666666666665,36.72,1.0
2024-01-21 14:30:00,442.6666666666667,20.5,36.72,1.0
2024-01-21 15:00:00,476.3333333333333,20.5,36.72,1.0
2024-01-21 15:30:00,464.6666666666667,20.5,36.72,1.0
2024-01-21 16:00:00,478.6666666666667,20.466666666666665,36.72,1.0
2024-01-21 16:30:00,454.0,20.5,36.72,1.0
2024-01-21 17:00:00,487.0,20.433333333333334,36.72,1.0
2024-01-21 17:30:00,457.3333333333333,20.466666666666665,36.72,1.0
2024-01-21 18:00:00,442.6666666666667,20.433333333333334,36.72,1.0
2024-01-21 18:30:00,476.6666666666667,20.433333333333334,36.72,1.0
2024-01-21 19:00:00,453.6666666666667,20.5,36.72,1.0
2024-01-21 19:30:00,429.0,20.4,36.85,1.0
2024-01-21 20:00:00,443.0,20.466666666666665,36.72,1.0
2024-01-21 20:30:00,443.0,20.433333333333334,36.72,1.0
2024-01-21 21:00:00,447.3333333333333,20.466666666666665,36.85,1.0
2024-01-21 21:30:00,479.6666666666667,20.433333333333334,36.85,1.0
2024-01-21 22:00:00,470.0,20.466666666666665,37.11,1.0
2024-01-21 22:30:00,454.3333333333333,20.5,37.11,1.0
2024-01-21 23:00:00,453.3333333333333,20.466666666666665,37.11,1.0
2024-01-21 23:30:00,451.3333333333333,20.466666666666665,37.11,1.0
2024-01-22 00:00:00,452.0,20.466666666666665,37.11,1.0
2024-01-22 00:30:00,461.3333333333333,20.466666666666665,37.11,1.0
2024-01-22 01:00:00,447.0,20.433333333333334,37.11,1.0
2024-01-22 01:30:00,451.5,20.4,37.11,1.0
2024-01-22 02:00:00,438.6666666666667,20.433333333333334,37.11,1.0
2024-01-22 02:30:00,449.0,20.466666666666665,37.11,1.0
2024-01-22 03:00:00,438.0,20.5,37.11,1.0
2024-01-22 03:30:00,418.0,20.4,37.11,1.0
2024-01-22 04:00:00,445.0,20.433333333333334,37.11,1.0
2024-01-22 04:30:00,432.0,20.433333333333334,37.11,1.0
2024-01-22 05:00:00,422.3333333333333,20.4,37.11,1.0
2024-01-22 05:30:00,438.6666666666667,20.466666666666665,37.11,1.0
2024-01-22 06:00:00,444.0,20.466666666666665,37.11,1.0
2024-01-22 06:30:00,456.0,20.8,36.98,1.0
2024-01-22 07:00:00,456.6666666666667,21.166666666666668,36.589999999999996,1.0
2024-01-22 07:30:00,608.6666666666666,21.5,37.11,1.0
2024-01-22 08:00:00,847.6666666666666,21.733333333333334,38.02,1.0
2024-01-22 08:30:00,962.6666666666666,21.899999999999995,38.28,1.0
2024-01-22 09:00:00,1072.0,22.0,38.67,1.0
2024-01-22 09:30:00,1067.3333333333333,22.100000000000005,38.67,1.0
2024-01-22 10:00:00,1254.6666666666667,22.233333333333334,39.190000000000005,1.0
2024-01-22 10:30:00,1240.6666666666667,22.266666666666666,39.06,1.0
2024-01-22 11:00:00,1527.3333333333333,22.166666666666668,40.49333333333333,1.0
2024-01-22 11:30:00,1500.3333333333333,22.03333333333333,41.016666666666666,1.0
2024-01-22 12:00:00,1390.0,21.95,40.425,1.0
2024-01-22 12:30:00,1317.6666666666667,21.96666666666667,40.35999999999999,1.0
2024-01-22 13:00:00,1374.3333333333333,21.96666666666667,40.35999999999999,1.0
2024-01-22 13:30:00,1466.6666666666667,22.03333333333333,40.75333333333333,1.0
2024-01-22 14:00:00,1505.3333333333333,22.03333333333333,40.88666666666666,1.0
2024-01-22 14:30:00,1575.0,22.066666666666666,41.016666666666666,1.0
2024-01-22 15:00:00,1982.6666666666667,22.100000000000005,42.449999999999996,1.0
2024-01-22 15:30:00,2197.6666666666665,22.03333333333333,43.49,1.0
2024-01-22 16:00:00,2482.3333333333335,22.03333333333333,44.4,1.0
2024-01-22 16:30:00,1849.3333333333333,22.066666666666666,41.53333333333333,1.0
2024-01-22 17:00:00,1401.0,21.933333333333334,40.35999999999999,1.0
2024-01-22 17:30:00,1324.0,21.866666666666664,40.35999999999999,1.0
2024-01-22 18:00:00,1285.0,21.733333333333334,40.23,1.0
2024-01-22 18:30:00,1229.6666666666667,21.7,40.23,1.0
2024-01-22 19:00:00,1207.3333333333333,21.666666666666668,40.23,1.0
2024-01-22 19:30:00,1150.0,21.600000000000005,39.97,1.0
2024-01-22 20:00:00,1119.6666666666667,21.566666666666666,39.84,1.0
2024-01-22 20:30:00,1102.0,21.55,39.84,1.0
2024-01-22 21:00:00,1107.0,21.5,39.84,1.0
2024-01-22 21:30:00,1095.0,21.46666666666667,39.580000000000005,1.0
2024-01-22 22:00:00,1018.6666666666666,21.5,39.45,1.0
2024-01-22 22:30:00,1032.3333333333333,21.5,39.45,1.0
2024-01-22 23:00:00,976.0,21.399999999999995,39.45,1.0
2024-01-22 23:30:00,940.3333333333334,21.399999999999995,39.45,1.0
2024-01-23 00:00:00,922.0,21.333333333333332,39.45,1.0
2024-01-23 00:30:00,923.5,21.35,39.255,1.0
2024-01-23 01:00:00,908.6666666666666,21.333333333333332,39.190000000000005,1.0
2024-01-23 01:30:00,873.0,21.266666666666666,39.190000000000005,1.0
2024-01-23 02:00:00,869.0,21.2,39.06,1.0
2024-01-23 02:30:00,844.3333333333334,21.266666666666666,39.06,1.0
2024-01-23 03:00:00,811.0,21.266666666666666,39.06,1.0
2024-01-23 03:30:00,793.3333333333334,21.2,39.06,1.0
2024-01-23 04:00:00,813.6666666666666,21.233333333333334,39.06,1.0
2024-01-23 04:30:00,803.0,21.2,39.06,1.0
2024-01-23 05:00:00,742.6666666666666,21.1,39.06,1.0
2024-01-23 05:30:00,739.3333333333334,21.166666666666668,39.06,1.0
2024-01-23 06:00:00,739.6666666666666,21.233333333333334,39.06,1.0
2024-01-23 06:30:00,754.3333333333334,21.666666666666668,38.54,1.0
2024-01-23 07:00:00,742.6666666666666,21.899999999999995,38.28,1.0
2024-01-23 07:30:00,801.6666666666666,22.099999999999998,38.54,1.0
2024-01-23 08:00:00,1194.3333333333333,22.333333333333332,39.97333333333333,1.0
2024-01-23 08:30:00,1907.5,22.65,42.97,0.0
2024-01-23 09:00:00,1044.0,22.333333333333332,38.54,0.0
2024-01-23 09:30:00,754.6666666666666,22.066666666666666,37.24,1.0
2024-01-23 10:00:00,1199.0,22.066666666666666,39.843333333333334,1.0
2024-01-23 10:30:00,1891.3333333333333,22.133333333333336,42.71,1.0
2024-01-23 11:00:00,2324.0,22.133333333333336,44.01,1.0
2024-01-23 11:30:00,1081.6666666666667,22.2,38.669999999999995,1.0
2024-01-23 12:00:00,1405.3333333333333,22.166666666666668,40.36333333333334,1.0
2024-01-23 12:30:00,2481.0,22.5,45.18333333333334,1.0
2024-01-23 13:00:00,3406.6666666666665,22.766666666666666,47.919999999999995,0.0
2024-01-23 13:30:00,1722.0,22.566666666666666,42.18666666666667,1.0
2024-01-23 14:00:00,1197.0,22.399999999999995,39.32,1.0
2024-01-23 14:30:00,1078.6666666666667,22.399999999999995,38.67,1.0
2024-01-23 15:00:00,1059.3333333333333,22.3,38.54,1.0
2024-01-23 15:30:00,951.5,22.3,38.085,1.0
2024-01-23 16:00:00,973.6666666666666,22.366666666666664,37.89,1.0
2024-01-23 16:30:00,924.0,22.366666666666664,37.63,1.0
2024-01-23 17:00:00,913.0,22.099999999999998,38.28,1.0
2024-01-23 17:30:00,871.3333333333334,22.0,38.410000000000004,1.0
2024-01-23 18:00:00,856.6666666666666,21.96666666666667,38.67,1.0
2024-01-23 18:30:00,855.3333333333334,21.866666666666664,38.67,1.0
2024-01-23 19:00:00,856.3333333333334,21.866666666666664,38.67,1.0
2024-01-23 19:30:00,807.0,21.7,38.67,1.0
2024-01-23 20:00:00,819.6666666666666,21.7,38.67,1.0
2024-01-23 20:30:00,782.0,21.666666666666668,38.67,1.0
2024-01-23 21:00:00,757.0,21.633333333333336,38.800000000000004,1.0
2024-01-23 21:30:00,786.0,21.600000000000005,38.67,1.0
2024-01-23 22:00:00,791.0,21.53333333333333,38.67,1.0
2024-01-23 22:30:00,747.3333333333334,21.53333333333333,38.800000000000004,1.0
2024-01-23 23:00:00,717.6666666666666,21.53333333333333,38.67,1.0
2024-01-23 23:30:00,691.6666666666666,21.5,38.67,1.0
2024-01-24 00:00:00,704.0,21.46666666666667,38.67,1.0
2024-01-24 00:30:00,701.0,21.46666666666667,38.67,1.0
2024-01-24 01:00:00,665.3333333333334,21.366666666666664,38.67,1.0
2024-01-24 01:30:00,659.3333333333334,21.366666666666664,38.67,1.0
2024-01-24 02:00:00,655.0,21.399999999999995,38.67,1.0
2024-01-24 02:30:00,633.6666666666666,21.3,38.67,1.0
2024-01-24 03:00:00,616.0,21.333333333333332,38.67,1.0
2024-01-24 03:30:00,643.0,21.3,38.67,1.0
2024-01-24 04:00:00,611.6666666666666,21.333333333333332,38.67,1.0
2024-01-24 04:30:00,603.0,21.3,38.67,1.0
2024-01-24 05:00:00,609.6666666666666,21.3,38.67,1.0
2024-01-24 05:30:00,605.6666666666666,21.266666666666666,38.93,1.0
2024-01-24 06:00:00,606.0,21.53333333333333,38.67,1.0
2024-01-24 06:30:00,620.3333333333334,21.666666666666668,38.410000000000004,1.0
2024-01-24 07:00:00,569.3333333333334,21.899999999999995,38.28,1.0
2024-01-24 07:30:00,680.3333333333334,21.933333333333334,38.93,1.0
2024-01-24 08:00:00,1090.6666666666667,22.266666666666666,41.53666666666666,1.0
2024-01-24 08:30:00,1159.6666666666667,22.266666666666666,41.41,1.0
2024-01-24 09:00:00,1247.0,22.2,41.41,1.0
2024-01-24 09:30:00,1435.0,22.133333333333336,42.19,1.0
2024-01-24 10:00:00,1560.0,22.233333333333334,42.71,1.0
2024-01-24 10:30:00,1385.5,22.2,41.8,1.0
2024-01-24 11:00:00,1497.3333333333333,22.099999999999998,42.19,1.0
2024-01-24 11:30:00,1449.3333333333333,21.96666666666667,42.32,1.0
2024-01-24 12:00:00,1233.6666666666667,21.933333333333334,41.8,1.0
2024-01-24 12:30:00,1127.0,22.100000000000005,41.54,1.0
2024-01-24 13:00:00,1204.6666666666667,22.100000000000005,41.669999999999995,1.0
2024-01-24 13:30:00,1589.6666666666667,22.2,43.620000000000005,1.0
2024-01-24 14:00:00,1900.3333333333333,22.166666666666668,44.79,1.0
2024-01-24 14:30:00,1372.6666666666667,22.266666666666666,42.839999999999996,1.0
2024-01-24 15:00:00,1297.0,22.333333333333332,42.059999999999995,1.0
2024-01-24 15:30:00,1269.3333333333333,22.166666666666668,41.8,1.0
2024-01-24 16:00:00,1224.0,22.066666666666666,41.8,1.0
2024-01-24 16:30:00,1189.6666666666667,21.96666666666667,41.8,1.0
2024-01-24 17:00:00,1170.3333333333333,21.899999999999995,41.8,1.0
2024-01-24 17:30:00,1117.3333333333333,21.899999999999995,41.41,1.0
2024-01-24 18:00:00,1130.3333333333333,21.899999999999995,41.41,1.0
2024-01-24 18:30:00,1090.3333333333333,21.833333333333332,41.41,1.0
2024-01-24 19:00:00,1064.6666666666667,21.8,41.15,1.0
2024-01-24 19:30:00,1052.3333333333333,21.733333333333334,41.02,1.0
2024-01-24 20:00:00,1043.3333333333333,21.766666666666666,41.02,1.0
2024-01-24 20:30:00,1013.6666666666666,21.733333333333334,41.02,1.0
2024-01-24 21:00:00,1003.0,21.7,41.02,1.0
2024-01-24 21:30:00,1017.0,21.7,40.75333333333333,1.0
2024-01-24 22:00:00,960.6666666666666,21.666666666666668,40.75333333333333,1.0
2024-01-24 22:30:00,941.6666666666666,21.633333333333336,40.62,1.0
2024-01-24 23:00:00,928.6666666666666,21.633333333333336,40.62,1.0
2024-01-24 23:30:00,931.3333333333334,21.566666666666666,40.62,1.0
2024-01-25 00:00:00,895.3333333333334,21.600000000000005,40.62,1.0
2024-01-25 00:30:00,881.6666666666666,21.53333333333333,40.62,1.0
2024-01-25 01:00:00,844.0,21.53333333333333,40.49,1.0
2024-01-25 01:30:00,812.3333333333334,21.53333333333333,40.35999999999999,1.0
2024-01-25 02:00:00,843.6666666666666,21.566666666666666,40.23,1.0
2024-01-25 02:30:00,800.3333333333334,21.5,40.23,1.0
2024-01-25 03:00:00,808.0,21.5,40.23,1.0
2024-01-25 03:30:00,765.6666666666666,21.5,40.23,1.0
2024-01-25 04:00:00,759.3333333333334,21.399999999999995,40.23,1.0
2024-01-25 04:30:00,735.3333333333334,21.399999999999995,40.23,1.0
2024-01-25 05:00:00,719.6666666666666,21.433333333333334,40.23,1.0
2024-01-25 05:30:00,718.0,21.46666666666667,40.23,1.0
2024-01-25 06:00:00,692.5,21.75,40.23,1.0
2024-01-25 06:30:00,698.6666666666666,22.0,39.71,1.0
2024-01-25 07:00:00,718.6666666666666,22.166666666666668,39.45,1.0
2024-01-25 07:30:00,703.6666666666666,22.066666666666666,39.580000000000005,1.0
2024-01-25 08:00:00,808.0,22.03333333333333,40.88666666666666,1.0
2024-01-25 08:30:00,806.6666666666666,22.100000000000005,39.97,1.0
2024-01-25 09:00:00,924.3333333333334,22.166666666666668,41.016666666666666,1.0
2024-01-25 09:30:00,991.6666666666666,22.266666666666666,41.02,1.0
2024-01-25 10:00:00,1050.3333333333333,22.266666666666666,41.28,1.0
2024-01-25 10:30:00,1048.0,22.3,40.623333333333335,1.0
2024-01-25 11:00:00,984.3333333333334,22.266666666666666,39.97,1.0
2024-01-25 11:30:00,1097.0,22.233333333333334,40.49,1.0
2024-01-25 12:00:00,1358.6666666666667,22.166666666666668,41.666666666666664,0.0
2024-01-25 12:30:00,1716.6666666666667,22.233333333333334,41.93,0.0
2024-01-25 13:00:00,1433.6666666666667,22.3,40.49333333333333,0.0
2024-01-25 13:30:00,1149.6666666666667,22.266666666666666,39.71,0.0
2024-01-25 14:00:00,936.3333333333334,22.099999999999998,38.02,0.0
2024-01-25 14:30:00,767.3333333333334,22.133333333333336,36.33,0.3333333333333333
2024-01-25 15:00:00,796.3333333333334,22.100000000000005,36.98,1.0
2024-01-25 15:30:00,797.6666666666666,21.8,37.63,1.0
2024-01-25 16:00:00,811.3333333333334,21.666666666666668,37.89,1.0
2024-01-25 16:30:00,782.3333333333334,21.599999999999998,38.28,1.0
2024-01-25 17:00:00,775.3333333333334,21.566666666666666,38.410000000000004,1.0
2024-01-25 17:30:00,753.6666666666666,21.53333333333333,38.54,1.0
2024-01-25 18:00:00,711.6666666666666,21.46666666666667,38.67,1.0
2024-01-25 18:30:00,687.6666666666666,21.333333333333332,38.67,1.0
2024-01-25 19:00:00,708.0,21.3,38.67,1.0
2024-01-25 19:30:00,719.3333333333334,21.333333333333332,38.93,1.0
2024-01-25 20:00:00,701.6666666666666,21.233333333333334,39.06,1.0
2024-01-25 20:30:00,689.6666666666666,21.233333333333334,39.06,1.0
2024-01-25 21:00:00,686.6666666666666,21.133333333333336,39.06,1.0
2024-01-25 21:30:00,648.0,21.1,39.06,1.0
2024-01-25 22:00:00,647.6666666666666,21.066666666666666,39.06,1.0
2024-01-25 22:30:00,650.6666666666666,21.033333333333335,39.06,1.0
2024-01-25 23:00:00,640.6666666666666,21.0,39.32,1.0
2024-01-25 23:30:00,638.6666666666666,20.966666666666665,39.45,1.0
2024-01-26 00:00:00,606.3333333333334,20.966666666666665,39.45,1.0
2024-01-26 00:30:00,601.6666666666666,20.866666666666664,39.45,1.0
2024-01-26 01:00:00,615.0,20.8,39.45,1.0
2024-01-26 01:30:00,591.0,20.733333333333334,39.45,1.0
2024-01-26 02:00:00,588.3333333333334,20.766666666666666,39.45,1.0
2024-01-26 02:30:00,587.3333333333334,20.666666666666668,39.45,1.0
2024-01-26 03:00:00,591.3333333333334,20.633333333333336,39.45,1.0
2024-01-26 03:30:00,564.3333333333334,20.666666666666668,39.45,1.0
2024-01-26 04:00:00,555.3333333333334,20.666666666666668,39.45,1.0
2024-01-26 04:30:00,562.3333333333334,20.566666666666666,39.45,1.0
2024-01-26 05:00:00,545.3333333333334,20.666666666666668,39.84,1.0
2024-01-26 05:30:00,575.6666666666666,21.099999999999998,39.190000000000005,1.0
2024-01-26 06:00:00,573.6666666666666,21.3,39.06,1.0
2024-01-26 06:30:00,580.3333333333334,21.566666666666666,38.67,1.0
2024-01-26 07:00:00,555.6666666666666,21.666666666666668,38.67,1.0
2024-01-26 07:30:00,603.0,21.766666666666666,38.67,1.0
2024-01-26 08:00:00,839.0,22.0,38.54,1.0
2024-01-26 08:30:00,947.3333333333334,22.100000000000005,38.93,1.0
2024-01-26 09:00:00,1309.0,22.0,41.01333333333333,1.0
2024-01-26 09:30:00,1620.0,21.866666666666664,42.71,1.0
2024-01-26 10:00:00,1197.0,21.766666666666666,40.36333333333334,1.0
2024-01-26 10:30:00,1046.6666666666667,21.7,39.580000000000005,1.0
2024-01-26 11:00:00,1087.0,21.566666666666666,40.36,1.0
2024-01-26 11:30:00,1077.3333333333333,21.333333333333332,40.75333333333333,1.0
2024-01-26 12:00:00,1167.3333333333333,21.333333333333332,41.40333333333333,1.0
2024-01-26 12:30:00,1616.0,21.6,43.555,1.0
2024-01-26 13:00:00,1347.3333333333333,21.666666666666668,41.8,1.0
2024-01-26 13:30:00,1423.0,21.666666666666668,42.19,1.0
2024-01-26 14:00:00,1372.6666666666667,21.766666666666666,42.19,1.0
2024-01-26 14:30:00,1368.3333333333333,21.833333333333332,42.58,1.0
2024-01-26 15:00:00,1283.3333333333333,21.666666666666668,42.32,1.0
2024-01-26 15:30:00,1240.0,21.433333333333334,42.19,1.0
2024-01-26 16:00:00,1189.3333333333333,21.399999999999995,41.8,1.0
2024-01-26 16:30:00,1149.0,21.35,41.8,1.0
2024-01-26 17:00:00,1124.3333333333333,21.366666666666664,41.41,1.0
2024-01-26 17:30:00,1126.3333333333333,21.3,41.41,1.0
2024-01-26 18:00:00,1048.6666666666667,21.3,41.15,1.0
2024-01-26 18:30:00,1034.0,21.25,41.02,1.0
2024-01-26 19:00:00,983.3333333333334,21.2,41.02,1.0
2024-01-26 19:30:00,948.6666666666666,21.266666666666666,40.75333333333333,1.0
2024-01-26 20:00:00,923.0,21.3,40.62,1.0
2024-01-26 20:30:00,922.6666666666666,21.2,40.62,1.0
2024-01-26 21:00:00,866.0,21.233333333333334,40.62,1.0
2024-01-26 21:30:00,892.0,21.3,40.62,1.0
2024-01-26 22:00:00,870.0,21.233333333333334,40.49,1.0
2024-01-26 22:30:00,823.6666666666666,21.2,40.23,1.0
2024-01-26 23:00:00,808.0,21.233333333333334,40.23,1.0
2024-01-26 23:30:00,784.3333333333334,21.166666666666668,40.23,1.0
2024-01-27 00:00:00,771.0,21.166666666666668,40.23,1.0
2024-01-27 00:30:00,790.0,21.166666666666668,40.23,1.0
2024-01-27 01:00:00,768.3333333333334,21.1,40.23,1.0
2024-01-27 01:30:00,742.0,21.166666666666668,40.1,1.0
2024-01-27 02:00:00,713.0,21.1,40.23,1.0
2024-01-27 02:30:00,723.3333333333334,21.166666666666668,39.97,1.0
2024-01-27 03:00:00,711.3333333333334,21.033333333333335,40.1,1.0
2024-01-27 03:30:00,682.0,21.099999999999998,39.84,1.0
2024-01-27 04:00:00,674.3333333333334,21.066666666666666,39.97,1.0
2024-01-27 04:30:00,684.6666666666666,21.0,39.84,1.0
2024-01-27 05:00:00,664.6666666666666,21.066666666666666,39.84,1.0
2024-01-27 05:30:00,653.0,21.033333333333335,39.84,1.0
2024-01-27 06:00:00,670.6666666666666,21.033333333333335,39.84,1.0
2024-01-27 06:30:00,628.3333333333334,21.033333333333335,39.84,1.0
2024-01-27 07:00:00,627.3333333333334,21.0,39.84,1.0
2024-01-27 07:30:00,625.3333333333334,21.066666666666666,39.84,1.0
2024-01-27 08:00:00,616.6666666666666,21.033333333333335,39.71,1.0
2024-01-27 08:30:00,593.0,21.0,39.84,1.0
2024-01-27 09:00:00,568.0,21.0,39.84,1.0
2024-01-27 09:30:00,594.6666666666666,21.066666666666666,39.580000000000005,1.0
2024-01-27 10:00:00,584.0,21.05,39.645,1.0
2024-01-27 10:30:00,591.6666666666666,21.0,39.45,1.0
2024-01-27 11:00:00,576.0,21.05,39.45,1.0
2024-01-27 11:30:00,568.0,21.0,39.71,1.0
2024-01-27 12:00:00,594.3333333333334,21.033333333333335,39.45,1.0
2024-01-27 12:30:00,593.6666666666666,21.033333333333335,39.71,1.0
2024-01-27 13:00:00,566.6666666666666,21.066666666666666,39.580000000000005,1.0
2024-01-27 13:30:00,562.3333333333334,21.033333333333335,39.71,1.0
2024-01-27 14:00:00,558.6666666666666,21.0,39.45,1.0
2024-01-27 14:30:00,551.0,21.0,39.84,1.0
2024-01-27 15:00:00,516.6666666666666,21.0,39.71,1.0
2024-01-27 15:30:00,531.0,21.0,39.580000000000005,1.0
2024-01-27 16:00:00,541.0,21.0,39.71,1.0
2024-01-27 16:30:00,554.0,21.0,39.84,1.0
2024-01-27 17:00:00,520.0,20.933333333333334,39.84,1.0
2024-01-27 17:30:00,519.0,20.966666666666665,39.84,1.0
2024-01-27 18:00:00,534.6666666666666,20.966666666666665,39.84,1.0
2024-01-27 18:30:00,525.0,21.0,39.84,1.0
2024-01-27 19:00:00,504.0,20.933333333333334,39.84,1.0
2024-01-27 19:30:00,506.6666666666667,20.966666666666665,39.84,1.0
2024-01-27 20:00:00,509.3333333333333,20.966666666666665,39.84,1.0
2024-01-27 20:30:00,533.0,21.0,39.84,1.0
2024-01-27 21:00:00,517.0,20.966666666666665,39.84,1.0
2024-01-27 21:30:00,517.6666666666666,20.966666666666665,39.84,1.0
2024-01-27 22:00:00,533.6666666666666,20.966666666666665,39.84,1.0
2024-01-27 22:30:00,513.3333333333334,20.966666666666665,39.84,1.0
2024-01-27 23:00:00,515.6666666666666,21.0,39.84,1.0
2024-01-27 23:30:00,514.0,21.0,39.84,1.0
2024-01-28 00:00:00,501.3333333333333,20.933333333333334,39.84,1.0
2024-01-28 00:30:00,483.6666666666667,20.933333333333334,39.84,1.0
2024-01-28 01:00:00,505.0,20.933333333333334,39.84,1.0
2024-01-28 01:30:00,518.0,20.9,39.84,1.0
2024-01-28 02:00:00,496.3333333333333,20.966666666666665,39.84,1.0
2024-01-28 02:30:00,492.6666666666667,20.9,39.84,1.0
2024-01-28 03:00:00,470.3333333333333,20.966666666666665,39.84,1.0
2024-01-28 03:30:00,501.6666666666667,20.933333333333334,39.84,1.0
2024-01-28 04:00:00,502.6666666666667,20.9,39.84,1.0
2024-01-28 04:30:00,495.3333333333333,20.9,39.84,1.0
2024-01-28 05:00:00,516.0,20.95,39.645,1.0
2024-01-28 05:30:00,484.0,20.95,39.84,1.0
2024-01-28 06:00:00,511.3333333333333,20.9,39.84,1.0
2024-01-28 06:30:00,482.6666666666667,20.866666666666664,39.84,1.0
2024-01-28 07:00:00,482.3333333333333,20.900000000000002,39.71,1.0
2024-01-28 07:30:00,494.0,20.866666666666664,39.580000000000005,1.0
2024-01-28 08:00:00,497.6666666666667,20.866666666666664,39.45,1.0
2024-01-28 08:30:00,495.6666666666667,20.933333333333334,39.45,1.0
2024-01-28 09:00:00,502.3333333333333,20.933333333333334,39.45,1.0
2024-01-28 09:30:00,482.0,20.9,39.45,1.0
2024-01-28 10:00:00,507.6666666666667,20.966666666666665,39.45,1.0
2024-01-28 10:30:00,491.0,20.966666666666665,39.580000000000005,1.0
2024-01-28 11:00:00,485.0,20.933333333333334,39.45,1.0
2024-01-28 11:30:00,502.3333333333333,20.933333333333334,39.45,1.0
2024-01-28 12:00:00,481.0,20.933333333333334,39.45,1.0
2024-01-28 12:30:00,492.3333333333333,20.9,39.45,1.0
2024-01-28 13:00:00,479.6666666666667,20.866666666666664,39.45,1.0
2024-01-28 13:30:00,464.3333333333333,20.966666666666665,39.45,1.0
2024-01-28 14:00:00,460.3333333333333,21.0,39.45,1.0
2024-01-28 14:30:00,474.3333333333333,20.9,39.45,1.0
2024-01-28 15:00:00,452.3333333333333,20.9,39.45,1.0
2024-01-28 15:30:00,464.0,20.9,39.45,1.0
2024-01-28 16:00:00,470.6666666666667,20.933333333333334,39.45,1.0
2024-01-28 16:30:00,467.5,20.85,39.45,1.0
2024-01-28 17:00:00,484.3333333333333,20.833333333333332,39.45,1.0
2024-01-28 17:30:00,467.6666666666667,20.9,39.45,1.0
2024-01-28 18:00:00,485.6666666666667,20.9,39.45,1.0
2024-01-28 18:30:00,467.6666666666667,20.833333333333332,39.45,1.0
2024-01-28 19:00:00,458.3333333333333,20.8,39.32,1.0
2024-01-28 19:30:00,478.6666666666667,20.866666666666664,39.45,1.0
2024-01-28 20:00:00,460.0,20.8,39.45,1.0
2024-01-28 20:30:00,455.3333333333333,20.8,39.45,1.0
2024-01-28 21:00:00,487.6666666666667,20.833333333333332,39.45,1.0
2024-01-28 21:30:00,465.0,20.866666666666664,39.45,1.0
2024-01-28 22:00:00,484.0,20.866666666666664,39.45,1.0
2024-01-28 22:30:00,450.3333333333333,20.833333333333332,39.45,1.0
2024-01-28 23:00:00,469.0,20.866666666666664,39.45,1.0
2024-01-28 23:30:00,490.0,20.833333333333332,39.45,1.0
2024-01-29 00:00:00,438.3333333333333,20.833333333333332,39.45,1.0
2024-01-29 00:30:00,470.3333333333333,20.866666666666664,39.45,1.0
2024-01-29 01:00:00,465.5,20.8,39.45,1.0
2024-01-29 01:30:00,466.6666666666667,20.866666666666664,39.45,1.0
2024-01-29 02:00:00,476.3333333333333,20.833333333333332,39.45,1.0
2024-01-29 02:30:00,481.0,20.866666666666664,39.190000000000005,1.0
2024-01-29 03:00:00,460.0,20.766666666666666,39.45,1.0
2024-01-29 03:30:00,456.6666666666667,20.833333333333332,39.32,1.0
2024-01-29 04:00:00,449.0,20.766666666666666,39.45,1.0
2024-01-29 04:30:00,456.3333333333333,20.766666666666666,39.45,1.0
2024-01-29 05:00:00,493.0,20.8,39.45,1.0
2024-01-29 05:30:00,446.0,20.766666666666666,39.06,1.0
2024-01-29 06:00:00,481.3333333333333,20.833333333333332,39.32,1.0
2024-01-29 06:30:00,467.6666666666667,21.133333333333336,39.06,1.0
2024-01-29 07:00:00,465.0,21.53333333333333,38.67,1.0
2024-01-29 07:30:00,476.0,21.75,38.475,1.0
2024-01-29 08:00:00,742.6666666666666,22.099999999999998,38.28,1.0
2024-01-29 08:30:00,993.6666666666666,22.333333333333332,38.67,1.0
2024-01-29 09:00:00,1079.0,22.35,38.67,1.0
2024-01-29 09:30:00,1100.6666666666667,22.133333333333336,37.63,1.0
2024-01-29 10:00:00,1099.0,22.100000000000005,36.85,1.0
2024-01-29 10:30:00,1082.0,22.100000000000005,36.589999999999996,1.0
2024-01-29 11:00:00,1150.0,22.133333333333336,36.85,1.0
2024-01-29 11:30:00,1204.3333333333333,22.0,37.76,1.0
2024-01-29 12:00:00,1290.3333333333333,21.900000000000002,38.410000000000004,1.0
2024-01-29 12:30:00,1232.3333333333333,21.733333333333334,38.67,1.0
2024-01-29 13:00:00,1192.0,21.733333333333334,38.93,1.0
2024-01-29 13:30:00,1131.0,21.600000000000005,39.06,1.0
2024-01-29 14:00:00,1155.3333333333333,21.566666666666666,39.06,1.0
2024-01-29 14:30:00,1100.6666666666667,21.600000000000005,39.06,1.0
2024-01-29 15:00:00,1107.3333333333333,21.53333333333333,39.06,1.0
2024-01-29 15:30:00,1053.0,21.5,39.06,1.0
2024-01-29 16:00:00,1103.0,21.53333333333333,38.800000000000004,1.0
2024-01-29 16:30:00,1099.6666666666667,21.46666666666667,38.67,1.0
2024-01-29 17:00:00,1060.3333333333333,21.399999999999995,38.800000000000004,1.0
2024-01-29 17:30:00,1034.0,21.399999999999995,38.93,1.0
2024-01-29 18:00:00,1018.6666666666666,21.399999999999995,38.800000000000004,1.0
2024-01-29 18:30:00,1001.6666666666666,21.366666666666664,38.67,1.0
2024-01-29 19:00:00,959.0,21.399999999999995,38.67,1.0
2024-01-29 19:30:00,934.0,21.333333333333332,38.800000000000004,1.0
2024-01-29 20:00:00,933.6666666666666,21.333333333333332,39.06,1.0
2024-01-29 20:30:00,906.6666666666666,21.3,39.06,1.0
2024-01-29 21:00:00,908.0,21.266666666666666,39.06,1.0
2024-01-29 21:30:00,892.6666666666666,21.3,39.06,1.0
2024-01-29 22:00:00,850.0,21.266666666666666,39.06,1.0
2024-01-29 22:30:00,826.3333333333334,21.233333333333334,39.06,1.0
2024-01-29 23:00:00,821.6666666666666,21.2,39.06,1.0
2024-01-29 23:30:00,825.0,21.2,39.06,1.0
2024-01-30 00:00:00,786.0,21.3,39.06,1.0
2024-01-30 00:30:00,787.0,21.166666666666668,39.06,1.0
2024-01-30 01:00:00,768.3333333333334,21.2,39.06,1.0
2024-01-30 01:30:00,739.5,21.2,39.06,1.0
2024-01-30 02:00:00,759.6666666666666,21.166666666666668,39.06,1.0
2024-01-30 02:30:00,751.6666666666666,21.166666666666668,39.06,1.0
2024-01-30 03:00:00,735.0,21.1,39.06,1.0
2024-01-30 03:30:00,734.0,21.1,39.06,1.0
2024-01-30 04:00:00,716.75,21.15,39.06,1.0
2024-01-30 04:30:00,708.0,21.1,39.06,1.0
2024-01-30 05:00:00,691.0,21.1,39.06,1.0
2024-01-30 05:30:00,693.6666666666666,21.066666666666666,39.190000000000005,1.0
2024-01-30 06:00:00,659.3333333333334,21.066666666666666,39.190000000000005,1.0
2024-01-30 06:30:00,668.6666666666666,21.0,39.190000000000005,1.0
2024-01-30 07:00:00,686.0,21.133333333333336,39.45,0.6666666666666666
2024-01-30 07:30:00,695.3333333333334,21.53333333333333,38.93,1.0
2024-01-30 08:00:00,944.6666666666666,21.833333333333332,39.190000000000005,1.0
2024-01-30 08:30:00,1108.6666666666667,22.233333333333334,40.49,1.0
2024-01-30 09:00:00,1258.6666666666667,22.333333333333332,41.016666666666666,1.0
2024-01-30 09:30:00,1184.3333333333333,22.066666666666666,40.75333333333333,1.0
2024-01-30 10:00:00,1495.3333333333333,22.099999999999998,43.096666666666664,1.0
2024-01-30 10:30:00,1842.6666666666667,22.266666666666666,43.75,0.75
2024-01-30 11:00:00,1380.0,22.2,41.41,1.0
2024-01-30 11:30:00,1436.0,22.233333333333334,41.41,1.0
2024-01-30 12:00:00,1472.6666666666667,22.233333333333334,41.41,1.0
2024-01-30 12:30:00,1532.0,22.3,41.28,1.0
2024-01-30 13:00:00,1577.3333333333333,22.366666666666664,41.669999999999995,1.0
2024-01-30 13:30:00,1602.0,22.4,41.605,1.0
2024-01-30 14:00:00,1557.3333333333333,22.399999999999995,41.41,1.0
2024-01-30 14:30:00,1734.0,22.46666666666667,41.8,1.0
2024-01-30 15:00:00,2092.3333333333335,22.366666666666664,43.23,1.0
2024-01-30 15:30:00,1735.0,22.399999999999995,42.19,1.0
2024-01-30 16:00:00,1636.0,22.5,41.28,1.0
2024-01-30 16:30:00,1562.3333333333333,22.433333333333334,41.15,1.0
2024-01-30 17:00:00,1514.3333333333333,22.233333333333334,41.41,1.0
2024-01-30 17:30:00,1466.0,22.099999999999998,41.41,1.0
2024-01-30 18:00:00,1430.6666666666667,22.066666666666666,41.15,1.0
2024-01-30 18:30:00,1376.6666666666667,22.066666666666666,41.02,1.0
2024-01-30 19:00:00,1370.6666666666667,22.0,41.02,1.0
2024-01-30 19:30:00,1333.0,21.96666666666667,41.02,1.0
2024-01-30 20:00:00,1338.3333333333333,21.899999999999995,41.02,1.0
2024-01-30 20:30:00,1303.0,21.933333333333334,41.02,1.0
2024-01-30 21:00:00,1279.0,21.933333333333334,41.02,1.0
2024-01-30 21:30:00,1230.0,21.899999999999995,41.02,1.0
2024-01-30 22:00:00,1260.6666666666667,21.866666666666664,41.02,1.0
2024-01-30 22:30:00,1203.3333333333333,21.833333333333332,41.02,1.0
2024-01-30 23:00:00,1215.5,21.8,41.02,1.0
2024-01-30 23:30:00,1181.3333333333333,21.766666666666666,41.02,1.0
2024-01-31 00:00:00,1177.3333333333333,21.7,41.02,1.0
2024-01-31 00:30:00,1148.3333333333333,21.7,40.88666666666666,1.0
2024-01-31 01:00:00,1089.3333333333333,21.7,40.88666666666666,1.0
2024-01-31 01:30:00,1096.3333333333333,21.7,40.88666666666666,1.0
2024-01-31 02:00:00,1053.0,21.633333333333336,41.02,1.0
2024-01-31 02:30:00,1076.6666666666667,21.666666666666668,41.02,1.0
2024-01-31 03:00:00,1063.0,21.633333333333336,40.88666666666666,1.0
2024-01-31 03:30:00,1024.6666666666667,21.633333333333336,40.75333333333333,1.0
2024-01-31 04:00:00,993.3333333333334,21.633333333333336,40.62,1.0
2024-01-31 04:30:00,993.0,21.600000000000005,40.62,1.0
2024-01-31 05:00:00,950.3333333333334,21.566666666666666,40.75333333333333,1.0
2024-01-31 05:30:00,956.0,21.599999999999998,40.88666666666666,1.0
2024-01-31 06:00:00,958.6666666666666,21.933333333333334,40.623333333333335,1.0
2024-01-31 06:30:00,910.6666666666666,22.2,40.23,1.0
2024-01-31 07:00:00,902.6666666666666,22.333333333333332,39.84,1.0
2024-01-31 07:30:00,696.0,22.03333333333333,37.88999999999999,0.75
2024-01-31 08:00:00,765.3333333333334,22.0,37.76,1.0
2024-01-31 08:30:00,1020.6666666666666,22.0,38.800000000000004,1.0
2024-01-31 09:00:00,1199.0,22.03333333333333,39.06,1.0
2024-01-31 09:30:00,1172.6666666666667,22.100000000000005,38.67,1.0
2024-01-31 10:00:00,1084.3333333333333,22.100000000000005,38.02,1.0
2024-01-31 10:30:00,1083.6666666666667,22.166666666666668,37.76,1.0
2024-01-31 11:00:00,1244.3333333333333,22.233333333333334,38.67,1.0
2024-01-31 11:30:00,1384.0,22.166666666666668,39.190000000000005,1.0
2024-01-31 12:00:00,1312.0,22.099999999999998,39.32,1.0
2024-01-31 12:30:00,1445.3333333333333,22.233333333333334,39.71,1.0
2024-01-31 13:00:00,1622.0,22.266666666666666,40.233333333333334,1.0
2024-01-31 13:30:00,1503.6666666666667,22.3,39.580000000000005,1.0
2024-01-31 14:00:00,1434.0,22.333333333333332,38.67,1.0
2024-01-31 14:30:00,1486.3333333333333,22.399999999999995,39.190000000000005,1.0
2024-01-31 15:00:00,1493.0,22.366666666666664,39.32,1.0
2024-01-31 15:30:00,1454.6666666666667,22.266666666666666,39.45,1.0
2024-01-31 16:00:00,1414.0,22.1,39.45,1.0
2024-01-31 16:30:00,1410.6666666666667,22.03333333333333,39.580000000000005,1.0
2024-01-31 17:00:00,1373.0,22.0,39.45,1.0
2024-01-31 17:30:00,1314.6666666666667,21.933333333333334,39.580000000000005,1.0
2024-01-31 18:00:00,1288.0,21.899999999999995,39.45,1.0
2024-01-31 18:30:00,1243.3333333333333,21.866666666666664,39.45,1.0
2024-01-31 19:00:00,1245.3333333333333,21.833333333333332,39.45,1.0
2024-01-31 19:30:00,1213.6666666666667,21.8,39.45,1.0
2024-01-31 20:00:00,1213.3333333333333,21.733333333333334,39.45,1.0
2024-01-31 20:30:00,1191.0,21.733333333333334,39.45,1.0
2024-01-31 21:00:00,1170.6666666666667,21.7,39.580000000000005,1.0
2024-01-31 21:30:00,1162.6666666666667,21.666666666666668,39.580000000000005,1.0
2024-01-31 22:00:00,1174.3333333333333,21.7,39.45,1.0
2024-01-31 22:30:00,1125.3333333333333,21.666666666666668,39.71,1.0
2024-01-31 23:00:00,1084.6666666666667,21.633333333333336,39.580000000000005,1.0
2024-01-31 23:30:00,1053.3333333333333,21.633333333333336,39.580000000000005,1.0
2024-02-01 00:00:00,1072.3333333333333,21.600000000000005,39.71,1.0
2024-02-01 00:30:00,1031.3333333333333,21.600000000000005,39.580000000000005,1.0
2024-02-01 01:00:00,1017.0,21.566666666666666,39.71,1.0
2024-02-01 01:30:00,1015.3333333333334,21.53333333333333,39.84,1.0
2024-02-01 02:00:00,999.6666666666666,21.566666666666666,39.84,1.0
2024-02-01 02:30:00,951.0,21.53333333333333,39.71,1.0
2024-02-01 03:00:00,968.6666666666666,21.5,39.71,1.0
2024-02-01 03:30:00,899.0,21.5,39.84,1.0
2024-02-01 04:00:00,914.6666666666666,21.5,39.84,1.0
2024-02-01 04:30:00,866.6666666666666,21.5,39.84,1.0
2024-02-01 05:00:00,895.0,21.433333333333334,39.84,1.0
2024-02-01 05:30:00,845.6666666666666,21.366666666666664,39.84,1.0
2024-02-01 06:00:00,857.0,21.333333333333332,39.84,1.0
2024-02-01 06:30:00,851.0,21.733333333333334,39.580000000000005,1.0
2024-02-01 07:00:00,823.6666666666666,22.066666666666666,39.190000000000005,1.0
2024-02-01 07:30:00,828.6666666666666,22.2,39.06,1.0
2024-02-01 08:00:00,825.3333333333334,22.066666666666666,38.93,1.0
2024-02-01 08:30:00,883.3333333333334,22.066666666666666,38.800000000000004,1.0
2024-02-01 09:00:00,939.0,22.100000000000005,38.800000000000004,1.0
2024-02-01 09:30:00,1536.0,22.2,41.666666666666664,1.0
2024-02-01 10:00:00,1964.0,22.233333333333334,42.71,0.0
2024-02-01 10:30:00,1179.0,22.133333333333336,38.800000000000004,1.0
2024-02-01 11:00:00,1203.6666666666667,22.266666666666666,39.190000000000005,1.0
2024-02-01 11:30:00,1192.0,22.2,39.06,1.0
2024-02-01 12:00:00,1325.6666666666667,22.066666666666666,40.10333333333333,1.0
2024-02-01 12:30:00,2317.0,22.333333333333332,43.620000000000005,1.0
2024-02-01 13:00:00,3264.3333333333335,22.600000000000005,45.830000000000005,1.0
2024-02-01 13:30:00,2855.6666666666665,22.599999999999998,42.84,0.0
2024-02-01 14:00:00,805.3333333333334,21.7,33.330000000000005,1.0
2024-02-01 14:30:00,1301.0,21.933333333333334,37.5,1.0
2024-02-01 15:00:00,1266.6666666666667,22.266666666666666,36.98,1.0
2024-02-01 15:30:00,1308.3333333333333,22.233333333333334,37.89,1.0
2024-02-01 16:00:00,1316.6666666666667,22.100000000000005,38.28,1.0
2024-02-01 16:30:00,1250.0,21.933333333333334,38.54,1.0
2024-02-01 17:00:00,1218.6666666666667,21.933333333333334,38.54,1.0
2024-02-01 17:30:00,1154.3333333333333,21.933333333333334,38.67,1.0
2024-02-01 18:00:00,1131.0,21.866666666666664,38.67,1.0
2024-02-01 18:30:00,1090.6666666666667,21.866666666666664,38.67,1.0
2024-02-01 19:00:00,1070.6666666666667,21.833333333333332,38.67,1.0
2024-02-01 19:30:00,1066.0,21.8,38.67,1.0
2024-02-01 20:00:00,1035.3333333333333,21.8,38.93,1.0
2024-02-01 20:30:00,1039.0,21.8,38.67,1.0
2024-02-01 21:00:00,1007.0,21.7,38.93,1.0
2024-02-01 21:30:00,987.0,21.733333333333334,39.06,1.0
2024-02-01 22:00:00,921.0,21.733333333333334,39.06,1.0
2024-02-01 22:30:00,961.3333333333334,21.7,39.06,1.0
2024-02-01 23:00:00,916.0,21.7,39.06,1.0
2024-02-01 23:30:00,897.6666666666666,21.666666666666668,39.06,1.0
2024-02-02 00:00:00,900.3333333333334,21.666666666666668,39.06,1.0
2024-02-02 00:30:00,890.6666666666666,21.666666666666668,39.06,1.0
2024-02-02 01:00:00,847.3333333333334,21.599999999999998,39.06,1.0
2024-02-02 01:30:00,850.3333333333334,21.600000000000005,39.06,1.0
2024-02-02 02:00:00,861.0,21.600000000000005,39.190000000000005,1.0
2024-02-02 02:30:00,846.3333333333334,21.600000000000005,39.06,1.0
2024-02-02 03:00:00,817.0,21.600000000000005,39.06,1.0
2024-02-02 03:30:00,796.3333333333334,21.600000000000005,39.06,1.0
2024-02-02 04:00:00,775.0,21.53333333333333,39.190000000000005,1.0
2024-02-02 04:30:00,772.6666666666666,21.566666666666666,39.32,1.0
2024-02-02 05:00:00,756.3333333333334,21.566666666666666,39.32,1.0
2024-02-02 05:30:00,753.6666666666666,21.566666666666666,39.45,1.0
2024-02-02 06:00:00,744.0,21.833333333333332,39.45,1.0
2024-02-02 06:30:00,781.0,22.166666666666668,39.06,1.0
2024-02-02 07:00:00,771.0,22.233333333333334,38.93,1.0
2024-02-02 07:30:00,722.6666666666666,22.099999999999998,39.06,1.0
2024-02-02 08:00:00,720.0,21.833333333333332,39.45,1.0
2024-02-02 08:30:00,681.3333333333334,21.733333333333334,39.45,1.0
2024-02-02 09:00:00,671.0,21.7,39.45,1.0
2024-02-02 09:30:00,694.0,21.7,39.45,1.0
2024-02-02 10:00:00,1059.0,21.900000000000002,41.016666666666666,1.0
2024-02-02 10:30:00,1171.6666666666667,22.099999999999998,41.02,1.0
2024-02-02 11:00:00,1393.0,22.2,41.800000000000004,1.0
2024-02-02 11:30:00,1793.0,22.100000000000005,43.49,1.0
2024-02-02 12:00:00,2224.3333333333335,22.100000000000005,44.79,1.0
2024-02-02 12:30:00,2593.3333333333335,22.100000000000005,45.57,1.0
2024-02-02 13:00:00,2038.6666666666667,22.133333333333336,44.14000000000001,1.0
2024-02-02 13:30:00,2458.3333333333335,22.166666666666668,45.050000000000004,1.0
2024-02-02 14:00:00,2716.3333333333335,22.166666666666668,45.96,1.0
2024-02-02 14:30:00,2513.6666666666665,22.166666666666668,45.44333333333333,1.0
2024-02-02 15:00:00,1687.0,22.400000000000002,42.71,1.0
2024-02-02 15:30:00,1911.3333333333333,22.46666666666667,43.1,1.0
2024-02-02 16:00:00,1846.6666666666667,22.46666666666667,42.839999999999996,1.0
2024-02-02 16:30:00,1751.3333333333333,22.233333333333334,42.97,1.0
2024-02-02 17:00:00,1666.0,22.133333333333336,42.839999999999996,1.0
2024-02-02 17:30:00,1635.3333333333333,22.03333333333333,42.58,1.0
2024-02-02 18:00:00,1564.0,21.96666666666667,42.58,1.0
2024-02-02 18:30:00,1505.3333333333333,21.933333333333334,42.58,1.0
2024-02-02 19:00:00,1440.3333333333333,21.933333333333334,42.32,1.0
2024-02-02 19:30:00,1448.3333333333333,21.866666666666664,42.19,1.0
2024-02-02 20:00:00,1363.6666666666667,21.899999999999995,42.19,1.0
2024-02-02 20:30:00,1389.3333333333333,21.8,42.19,1.0
2024-02-02 21:00:00,1330.0,21.8,42.19,1.0
2024-02-02 21:30:00,1298.3333333333333,21.8,42.059999999999995,1.0
2024-02-02 22:00:00,1268.3333333333333,21.766666666666666,41.8,1.0
2024-02-02 22:30:00,1246.6666666666667,21.766666666666666,41.8,1.0
2024-02-02 23:00:00,1202.6666666666667,21.733333333333334,41.8,1.0
2024-02-02 23:30:00,1172.0,21.733333333333334,41.8,1.0
2024-02-03 00:00:00,1132.0,21.7,41.8,1.0
2024-02-03 00:30:00,1099.6666666666667,21.7,41.669999999999995,1.0
2024-02-03 01:00:00,1050.6666666666667,21.633333333333336,41.8,1.0
2024-02-03 01:30:00,1048.5,21.65,41.8,1.0
2024-02-03 02:00:00,1069.0,21.7,41.54,1.0
2024-02-03 02:30:00,994.6666666666666,21.633333333333336,41.41,1.0
2024-02-03 03:00:00,978.6666666666666,21.633333333333336,41.41,1.0
2024-02-03 03:30:00,972.3333333333334,21.633333333333336,41.41,1.0
2024-02-03 04:00:00,950.0,21.633333333333336,41.41,1.0
2024-02-03 04:30:00,931.6666666666666,21.633333333333336,41.41,
2024-02-03 05:00:00,886.0,21.633333333333336,41.41,1.0
2024-02-03 05:30:00,892.6666666666666,21.600000000000005,41.41,1.0
2024-02-03 06:00:00,859.0,21.600000000000005,41.41,1.0
2024-02-03 06:30:00,832.3333333333334,21.600000000000005,41.41,1.0
2024-02-03 07:00:00,820.0,21.566666666666666,41.41,1.0
2024-02-03 07:30:00,809.3333333333334,21.566666666666666,41.41,1.0
2024-02-03 08:00:00,766.0,21.600000000000005,41.41,1.0
2024-02-03 08:30:00,796.6666666666666,21.600000000000005,41.41,1.0
2024-02-03 09:00:00,774.6666666666666,21.600000000000005,41.41,1.0
2024-02-03 09:30:00,749.3333333333334,21.566666666666666,41.41,1.0
2024-02-03 10:00:00,745.6666666666666,21.566666666666666,41.41,1.0
2024-02-03 10:30:00,719.3333333333334,21.566666666666666,41.41,1.0
2024-02-03 11:00:00,727.3333333333334,21.53333333333333,41.41,1.0
2024-02-03 11:30:00,705.0,21.5,41.41,1.0
2024-02-03 12:00:00,713.3333333333334,21.5,41.41,1.0
2024-02-03 12:30:00,684.6666666666666,21.5,41.02,1.0
2024-02-03 13:00:00,679.25,21.5,41.3125,1.0
2024-02-03 13:30:00,691.0,21.53333333333333,41.28,1.0
2024-02-03 14:00:00,672.3333333333334,21.5,41.02,1.0
2024-02-03 14:30:00,632.6666666666666,21.53333333333333,41.02,1.0
2024-02-03 15:00:00,657.0,21.5,41.02,1.0
2024-02-03 15:30:00,668.0,21.5,41.02,1.0
2024-02-03 16:00:00,630.3333333333334,21.46666666666667,41.02,1.0
2024-02-03 16:30:00,623.3333333333334,21.433333333333334,41.02,1.0
2024-02-03 17:00:00,631.0,21.399999999999995,41.02,1.0
2024-02-03 17:30:00,614.3333333333334,21.46666666666667,41.02,1.0
2024-02-03 18:00:00,600.3333333333334,21.399999999999995,41.02,1.0
2024-02-03 18:30:00,604.0,21.433333333333334,41.02,1.0
2024-02-03 19:00:00,606.6666666666666,21.366666666666664,41.02,1.0
2024-02-03 19:30:00,603.0,21.366666666666664,40.75333333333333,1.0
2024-02-03 20:00:00,582.3333333333334,21.3,41.02,1.0
2024-02-03 20:30:00,569.6666666666666,21.366666666666664,41.02,1.0
2024-02-03 21:00:00,567.6666666666666,21.366666666666664,40.88666666666666,1.0
2024-02-03 21:30:00,573.6666666666666,21.3,41.02,1.0
2024-02-03 22:00:00,568.6666666666666,21.333333333333332,40.88666666666666,1.0
2024-02-03 22:30:00,568.6666666666666,21.399999999999995,40.62,1.0
2024-02-03 23:00:00,572.3333333333334,21.333333333333332,40.62,1.0
2024-02-03 23:30:00,538.0,21.3,40.75333333333333,1.0
2024-02-04 00:00:00,528.3333333333334,21.3,40.62,1.0
2024-02-04 00:30:00,554.3333333333334,21.3,40.62,1.0
2024-02-04 01:00:00,543.6666666666666,21.3,40.62,1.0
2024-02-04 01:30:00,535.6666666666666,21.266666666666666,40.62,1.0
2024-02-04 02:00:00,558.3333333333334,21.3,40.62,1.0
2024-02-04 02:30:00,532.6666666666666,21.266666666666666,40.62,1.0
2024-02-04 03:00:00,510.3333333333333,21.3,40.62,1.0
2024-02-04 03:30:00,523.3333333333334,21.266666666666666,40.62,1.0
2024-02-04 04:00:00,524.3333333333334,21.233333333333334,40.62,1.0
2024-02-04 04:30:00,524.0,21.2,40.62,1.0
2024-02-04 05:00:00,513.0,21.25,40.62,1.0
2024-02-04 05:30:00,521.6666666666666,21.266666666666666,40.62,1.0
2024-02-04 06:00:00,494.6666666666667,21.266666666666666,40.62,1.0
2024-02-04 06:30:00,516.3333333333334,21.233333333333334,40.62,1.0
2024-02-04 07:00:00,516.0,21.233333333333334,40.62,1.0
2024-02-04 07:30:00,496.3333333333333,21.233333333333334,40.62,1.0
2024-02-04 08:00:00,492.0,21.233333333333334,40.62,1.0
2024-02-04 08:30:00,490.3333333333333,21.233333333333334,40.23,1.0
2024-02-04 09:00:00,495.0,21.2,40.425,1.0
2024-02-04 09:30:00,500.0,21.266666666666666,40.62,1.0
2024-02-04 10:00:00,512.0,21.266666666666666,40.49,1.0
2024-02-04 10:30:00,504.0,21.233333333333334,40.49,1.0
2024-02-04 11:00:00,484.6666666666667,21.233333333333334,40.35999999999999,1.0
2024-02-04 11:30:00,497.6666666666667,21.233333333333334,40.49,1.0
2024-02-04 12:00:00,485.3333333333333,21.233333333333334,40.35999999999999,1.0
2024-02-04 12:30:00,481.3333333333333,21.233333333333334,40.62,1.0
2024-02-04 13:00:00,480.0,21.233333333333334,40.35999999999999,1.0
2024-02-04 13:30:00,495.3333333333333,21.233333333333334,40.62,1.0
2024-02-04 14:00:00,492.6666666666667,21.233333333333334,40.62,1.0
2024-02-04 14:30:00,480.3333333333333,21.233333333333334,40.62,1.0
2024-02-04 15:00:00,470.3333333333333,21.2,40.62,1.0
2024-02-04 15:30:00,464.6666666666667,21.166666666666668,40.62,1.0
2024-02-04 16:00:00,472.6666666666667,21.133333333333336,40.62,1.0
2024-02-04 16:30:00,483.6666666666667,21.2,40.35999999999999,1.0
2024-02-04 17:00:00,479.3333333333333,21.2,40.62,1.0
2024-02-04 17:30:00,444.3333333333333,21.166666666666668,40.62,1.0
2024-02-04 18:00:00,479.3333333333333,21.2,40.49,1.0
2024-02-04 18:30:00,457.6666666666667,21.2,40.49,1.0
2024-02-04 19:00:00,496.6666666666667,21.133333333333336,40.62,1.0
2024-02-04 19:30:00,485.0,21.166666666666668,40.62,1.0
2024-02-04 20:00:00,472.6666666666667,21.133333333333336,40.49,1.0
2024-02-04 20:30:00,484.0,21.2,40.49,1.0
2024-02-04 21:00:00,492.0,21.133333333333336,40.62,1.0
2024-02-04 21:30:00,446.6666666666667,21.133333333333336,40.62,1.0
2024-02-04 22:00:00,481.6666666666667,21.133333333333336,40.62,1.0
2024-02-04 22:30:00,485.3333333333333,21.133333333333336,40.62,1.0
2024-02-04 23:00:00,475.0,21.2,40.62,1.0
2024-02-04 23:30:00,486.6666666666667,21.133333333333336,40.49,1.0
2024-02-05 00:00:00,461.3333333333333,21.133333333333336,40.62,1.0
2024-02-05 00:30:00,473.3333333333333,21.133333333333336,40.62,1.0
2024-02-05 01:00:00,471.0,21.166666666666668,40.49,1.0
2024-02-05 01:30:00,463.3333333333333,21.166666666666668,40.49,1.0
2024-02-05 02:00:00,448.0,21.1,40.62,1.0
2024-02-05 02:30:00,492.0,21.1,40.49,1.0
2024-02-05 03:00:00,473.3333333333333,21.133333333333336,40.35999999999999,1.0
2024-02-05 03:30:00,454.0,21.133333333333336,40.35999999999999,1.0
2024-02-05 04:00:00,476.3333333333333,21.133333333333336,40.23,1.0
2024-02-05 04:30:00,457.3333333333333,21.099999999999998,40.35999999999999,1.0
2024-02-05 05:00:00,460.3333333333333,21.1,40.35999999999999,1.0
2024-02-05 05:30:00,459.0,21.1,40.49,1.0
2024-02-05 06:00:00,469.6666666666667,21.400000000000002,40.35999999999999,1.0
2024-02-05 06:30:00,459.3333333333333,21.666666666666668,39.84,1.0
2024-02-05 07:00:00,458.0,21.866666666666664,39.580000000000005,1.0
2024-02-05 07:30:00,483.3333333333333,22.03333333333333,39.45,1.0
2024-02-05 08:00:00,468.0,22.03333333333333,39.45,1.0
2024-02-05 08:30:00,456.6666666666667,21.766666666666666,39.84,1.0
2024-02-05 09:00:00,470.3333333333333,21.53333333333333,40.23,1.0
2024-02-05 09:30:00,457.0,21.566666666666666,40.23,1.0
2024-02-05 10:00:00,457.0,21.5,40.23,1.0
2024-02-05 10:30:00,437.0,21.46666666666667,40.23,1.0
2024-02-05 11:00:00,542.3333333333334,21.433333333333334,40.23,1.0
2024-02-05 11:30:00,1004.0,21.666666666666668,39.97,1.0
2024-02-05 12:00:00,1055.0,21.666666666666668,40.23,1.0
2024-02-05 12:30:00,999.3333333333334,21.566666666666666,40.23,1.0
2024-02-05 13:00:00,997.6666666666666,21.53333333333333,40.35999999999999,1.0
2024-02-05 13:30:00,958.3333333333334,21.46666666666667,40.23,1.0
2024-02-05 14:00:00,960.6666666666666,21.399999999999995,40.23,1.0
2024-02-05 14:30:00,914.3333333333334,21.399999999999995,40.23,1.0
2024-02-05 15:00:00,893.6666666666666,21.433333333333334,40.23,1.0
2024-02-05 15:30:00,868.0,21.333333333333332,40.23,1.0
2024-02-05 16:00:00,874.6666666666666,21.366666666666664,40.23,1.0
2024-02-05 16:30:00,834.5,21.35,40.23,1.0
2024-02-05 17:00:00,817.6666666666666,21.366666666666664,40.23,1.0
2024-02-05 17:30:00,820.6666666666666,21.266666666666666,40.23,1.0
2024-02-05 18:00:00,784.6666666666666,21.333333333333332,40.23,1.0
2024-02-05 18:30:00,782.0,21.3,40.23,1.0
2024-02-05 19:00:00,769.3333333333334,21.266666666666666,40.23,1.0
2024-02-05 19:30:00,742.0,21.266666666666666,40.1,1.0
2024-02-05 20:00:00,748.3333333333334,21.266666666666666,40.23,1.0
2024-02-05 20:30:00,735.3333333333334,21.266666666666666,40.23,1.0
2024-02-05 21:00:00,721.3333333333334,21.233333333333334,40.23,1.0
2024-02-05 21:30:00,706.6666666666666,21.266666666666666,40.23,1.0
2024-02-05 22:00:00,696.6666666666666,21.233333333333334,40.23,1.0
2024-02-05 22:30:00,697.0,21.233333333333334,40.23,1.0
2024-02-05 23:00:00,670.3333333333334,21.233333333333334,40.23,1.0
2024-02-05 23:30:00,663.3333333333334,21.2,39.97,1.0
2024-02-06 00:00:00,624.6666666666666,21.166666666666668,39.97,1.0
2024-02-06 00:30:00,662.0,21.2,39.97,1.0
2024-02-06 01:00:00,650.3333333333334,21.166666666666668,39.97,1.0
2024-02-06 01:30:00,639.0,21.133333333333336,39.97,1.0
2024-02-06 02:00:00,617.6666666666666,21.133333333333336,39.84,1.0
2024-02-06 02:30:00,606.6666666666666,21.133333333333336,39.84,1.0
2024-02-06 03:00:00,612.6666666666666,21.1,39.84,1.0
2024-02-06 03:30:00,604.0,21.133333333333336,39.84,1.0
2024-02-06 04:00:00,607.3333333333334,21.133333333333336,39.84,1.0
2024-02-06 04:30:00,584.3333333333334,21.166666666666668,39.84,1.0
2024-02-06 05:00:00,571.0,21.166666666666668,39.84,1.0
2024-02-06 05:30:00,567.6666666666666,21.133333333333336,39.97,1.0
2024-02-06 06:00:00,548.3333333333334,21.433333333333334,39.97,1.0
2024-02-06 06:30:00,564.3333333333334,21.733333333333334,39.32,1.0
2024-02-06 07:00:00,586.0,22.03333333333333,39.06,1.0
2024-02-06 07:30:00,564.6666666666666,22.0,39.06,1.0
2024-02-06 08:00:00,624.3333333333334,21.8,39.32,1.0
2024-02-06 08:30:00,924.0,21.866666666666664,40.49333333333333,1.0
2024-02-06 09:00:00,1107.6666666666667,22.03333333333333,42.449999999999996,1.0
2024-02-06 09:30:00,920.3333333333334,22.03333333333333,41.016666666666666,1.0
2024-02-06 10:00:00,970.0,22.066666666666666,41.02,1.0
2024-02-06 10:30:00,1018.6666666666666,22.03333333333333,41.54,1.0
2024-02-06 11:00:00,1252.6666666666667,21.96666666666667,42.19,1.0
2024-02-06 11:30:00,1231.3333333333333,21.833333333333332,42.19,1.0
2024-02-06 12:00:00,1191.3333333333333,21.833333333333332,42.449999999999996,1.0
2024-02-06 12:30:00,1307.0,22.03333333333333,42.97,1.0
2024-02-06 13:00:00,1287.3333333333333,22.133333333333336,43.620000000000005,1.0
2024-02-06 13:30:00,1296.6666666666667,22.133333333333336,43.35999999999999,1.0
2024-02-06 14:00:00,1356.3333333333333,22.099999999999998,43.49,1.0
2024-02-06 14:30:00,1285.0,21.866666666666664,43.1,1.0
2024-02-06 15:00:00,1246.0,21.866666666666664,42.97,1.0
2024-02-06 15:30:00,1204.0,21.7,42.97,1.0
2024-02-06 16:00:00,1050.0,21.8,42.58,1.0
2024-02-06 16:30:00,1071.0,21.7,42.58,1.0
2024-02-06 17:00:00,1000.6666666666666,21.600000000000005,42.58,1.0
2024-02-06 17:30:00,978.3333333333334,21.600000000000005,42.32,1.0
2024-02-06 18:00:00,947.3333333333334,21.566666666666666,42.19,1.0
2024-02-06 18:30:00,906.5,21.6,42.19,1.0
2024-02-06 19:00:00,912.0,21.566666666666666,41.93,1.0
2024-02-06 19:30:00,887.6666666666666,21.566666666666666,41.8,1.0
2024-02-06 20:00:00,879.3333333333334,21.5,41.8,1.0
2024-02-06 20:30:00,882.6666666666666,21.5,41.8,1.0
2024-02-06 21:00:00,849.6666666666666,21.433333333333334,41.8,1.0
2024-02-06 21:30:00,850.0,21.46666666666667,41.8,1.0
2024-02-06 22:00:00,829.3333333333334,21.433333333333334,41.8,1.0
2024-02-06 22:30:00,825.0,21.366666666666664,41.8,1.0
2024-02-06 23:00:00,787.3333333333334,21.333333333333332,41.8,1.0
2024-02-06 23:30:00,777.6666666666666,21.333333333333332,41.41,1.0
2024-02-07 00:00:00,785.3333333333334,21.366666666666664,41.54,1.0
2024-02-07 00:30:00,763.0,21.333333333333332,41.41,1.0
2024-02-07 01:00:00,745.3333333333334,21.333333333333332,41.41,1.0
2024-02-07 01:30:00,729.0,21.3,41.41,1.0
2024-02-07 02:00:00,679.6666666666666,21.3,41.41,1.0
2024-02-07 02:30:00,700.0,21.266666666666666,41.41,1.0
2024-02-07 03:00:00,684.3333333333334,21.233333333333334,41.41,1.0
2024-02-07 03:30:00,679.0,21.3,41.28,1.0
2024-02-07 04:00:00,668.6666666666666,21.233333333333334,41.28,1.0
2024-02-07 04:30:00,645.6666666666666,21.2,41.02,1.0
2024-02-07 05:00:00,662.0,21.233333333333334,41.02,1.0
2024-02-07 05:30:00,658.6666666666666,21.2,41.02,1.0
2024-02-07 06:00:00,623.3333333333334,21.400000000000002,41.15,1.0
2024-02-07 06:30:00,650.3333333333334,21.833333333333332,40.35999999999999,1.0
2024-02-07 07:00:00,635.3333333333334,22.166666666666668,39.84,1.0
2024-02-07 07:30:00,768.0,22.333333333333332,39.190000000000005,1.0
2024-02-07 08:00:00,812.0,22.066666666666666,35.809999999999995,1.0
2024-02-07 08:30:00,897.6666666666666,22.03333333333333,36.85,1.0
2024-02-07 09:00:00,1032.6666666666667,21.96666666666667,38.02,1.0
2024-02-07 09:30:00,1165.3333333333333,21.96666666666667,38.28,1.0
2024-02-07 10:00:00,1050.0,22.03333333333333,36.85,1.0
2024-02-07 10:30:00,1115.3333333333333,22.066666666666666,37.24,1.0
2024-02-07 11:00:00,1279.6666666666667,22.100000000000005,37.89,1.0
2024-02-07 11:30:00,1227.6666666666667,22.0,37.63,1.0
2024-02-07 12:00:00,1571.0,22.03333333333333,39.449999999999996,1.0
2024-02-07 12:30:00,1830.3333333333333,22.0,40.49,1.0
2024-02-07 13:00:00,1702.3333333333333,21.96666666666667,40.23,1.0
2024-02-07 13:30:00,1654.3333333333333,21.899999999999995,39.97,1.0
2024-02-07 14:00:00,1507.0,21.899999999999995,39.32,1.0
2024-02-07 14:30:00,1478.0,22.066666666666666,38.54,1.0
2024-02-07 15:00:00,1703.0,22.2,39.71,1.0
2024-02-07 15:30:00,1649.6666666666667,22.066666666666666,39.71,1.0
2024-02-07 16:00:00,1556.3333333333333,21.933333333333334,39.580000000000005,1.0
2024-02-07 16:30:00,1476.3333333333333,21.833333333333332,39.45,1.0
2024-02-07 17:00:00,1382.3333333333333,21.666666666666668,39.45,1.0
2024-02-07 17:30:00,1327.0,21.666666666666668,39.32,1.0
2024-02-07 18:00:00,1254.6666666666667,21.600000000000005,39.190000000000005,1.0
2024-02-07 18:30:00,1218.6666666666667,21.566666666666666,39.06,1.0
2024-02-07 19:00:00,1175.3333333333333,21.53333333333333,39.06,1.0
2024-02-07 19:30:00,1178.5,21.5,39.06,1.0
2024-02-07 20:00:00,1107.0,21.5,39.190000000000005,1.0
2024-02-07 20:30:00,1046.6666666666667,21.433333333333334,39.45,1.0
2024-02-07 21:00:00,1059.6666666666667,21.433333333333334,39.45,1.0
2024-02-07 21:30:00,1013.6666666666666,21.366666666666664,39.45,1.0
2024-02-07 22:00:00,990.3333333333334,21.366666666666664,39.32,1.0
2024-02-07 22:30:00,968.6666666666666,21.333333333333332,39.45,1.0
2024-02-07 23:00:00,934.0,21.366666666666664,39.45,1.0
2024-02-07 23:30:00,912.0,21.266666666666666,39.45,1.0
2024-02-08 00:00:00,865.3333333333334,21.3,39.45,1.0
2024-02-08 00:30:00,859.3333333333334,21.3,39.190000000000005,1.0
2024-02-08 01:00:00,844.3333333333334,21.233333333333334,39.45,1.0
2024-02-08 01:30:00,828.3333333333334,21.2,39.45,1.0
2024-02-08 02:00:00,817.6666666666666,21.2,39.45,1.0
2024-02-08 02:30:00,820.3333333333334,21.2,39.45,1.0
2024-02-08 03:00:00,802.6666666666666,21.2,39.45,1.0
2024-02-08 03:30:00,756.3333333333334,21.166666666666668,39.45,1.0
2024-02-08 04:00:00,738.6666666666666,21.166666666666668,39.45,1.0
2024-02-08 04:30:00,732.0,21.1,39.45,1.0
2024-02-08 05:00:00,756.6666666666666,21.1,39.45,1.0
2024-02-08 05:30:00,709.3333333333334,21.133333333333336,39.45,1.0
2024-02-08 06:00:00,711.0,21.066666666666666,39.32,1.0
2024-02-08 06:30:00,688.6666666666666,21.0,39.06,1.0
2024-02-08 07:00:00,664.3333333333334,21.033333333333335,39.06,1.0
2024-02-08 07:30:00,654.6666666666666,21.166666666666668,39.06,1.0
2024-02-08 08:00:00,897.3333333333334,21.46666666666667,38.02,1.0
2024-02-08 08:30:00,984.0,21.65,37.89,1.0
2024-02-08 09:00:00,1097.3333333333333,21.8,38.15,1.0
2024-02-08 09:30:00,1181.0,21.899999999999995,38.410000000000004,1.0
2024-02-08 10:00:00,1118.3333333333333,21.933333333333334,37.76,1.0
2024-02-08 10:30:00,1156.3333333333333,22.066666666666666,37.89,1.0
2024-02-08 11:00:00,1199.3333333333333,22.03333333333333,38.15,1.0
2024-02-08 11:30:00,1138.6666666666667,22.0,37.11,1.0
2024-02-08 12:00:00,1661.3333333333333,22.099999999999998,39.583333333333336,1.0
2024-02-08 12:30:00,2596.6666666666665,22.266666666666666,42.839999999999996,1.0
2024-02-08 13:00:00,2441.0,22.2,41.79666666666667,0.75
2024-02-08 13:30:00,1237.6666666666667,22.2,36.46,1.0
2024-02-08 14:00:00,1457.3333333333333,22.233333333333334,37.63,1.0
2024-02-08 14:30:00,1637.0,22.233333333333334,38.410000000000004,1.0
2024-02-08 15:00:00,1433.6666666666667,22.233333333333334,37.5,1.0
2024-02-08 15:30:00,1388.3333333333333,22.066666666666666,38.28,1.0
2024-02-08 16:00:00,1334.3333333333333,21.833333333333332,38.28,1.0
2024-02-08 16:30:00,1258.3333333333333,21.733333333333334,38.410000000000004,1.0
2024-02-08 17:00:00,1247.5,21.7,38.67,1.0
2024-02-08 17:30:00,1196.3333333333333,21.666666666666668,38.410000000000004,1.0
2024-02-08 18:00:00,1158.0,21.633333333333336,38.28,1.0
2024-02-08 18:30:00,1079.0,21.566666666666666,38.410000000000004,1.0
2024-02-08 19:00:00,1049.6666666666667,21.5,38.410000000000004,1.0
2024-02-08 19:30:00,1010.3333333333334,21.5,38.54,1.0
2024-02-08 20:00:00,973.6666666666666,21.433333333333334,38.67,1.0
2024-02-08 20:30:00,963.3333333333334,21.399999999999995,38.67,1.0
2024-02-08 21:00:00,904.3333333333334,21.433333333333334,38.54,1.0
2024-02-08 21:30:00,904.3333333333334,21.333333333333332,38.67,1.0
2024-02-08 22:00:00,859.0,21.366666666666664,38.410000000000004,1.0
2024-02-08 22:30:00,857.3333333333334,21.399999999999995,38.28,1.0
2024-02-08 23:00:00,793.0,21.333333333333332,38.410000000000004,1.0
2024-02-08 23:30:00,793.0,21.3,38.28,1.0
2024-02-09 00:00:00,768.6666666666666,21.266666666666666,38.28,1.0
2024-02-09 00:30:00,744.3333333333334,21.3,38.28,1.0
2024-02-09 01:00:00,719.3333333333334,21.2,38.28,1.0
2024-02-09 01:30:00,709.6666666666666,21.166666666666668,38.28,1.0
2024-02-09 02:00:00,686.0,21.2,38.28,1.0
2024-02-09 02:30:00,676.0,21.133333333333336,38.28,1.0
2024-02-09 03:00:00,667.3333333333334,21.133333333333336,38.02,1.0
2024-02-09 03:30:00,648.3333333333334,21.1,37.89,1.0
2024-02-09 04:00:00,632.0,21.066666666666666,37.89,1.0
2024-02-09 04:30:00,602.0,21.0,37.89,1.0
2024-02-09 05:00:00,592.6666666666666,21.0,37.89,1.0
2024-02-09 05:30:00,581.6666666666666,21.0,37.89,1.0
2024-02-09 06:00:00,590.6666666666666,21.333333333333332,37.37,1.0
2024-02-09 06:30:00,560.3333333333334,21.633333333333336,36.98,1.0
2024-02-09 07:00:00,590.0,21.866666666666664,36.33,1.0
2024-02-09 07:30:00,552.0,22.03333333333333,35.94,1.0
2024-02-09 08:00:00,643.6666666666666,22.166666666666668,36.07,1.0
2024-02-09 08:30:00,903.3333333333334,22.3,36.72,1.0
2024-02-09 09:00:00,1124.6666666666667,22.3,37.63,1.0
2024-02-09 09:30:00,1096.6666666666667,22.166666666666668,36.98,1.0
2024-02-09 10:00:00,1478.0,22.133333333333336,39.06,1.0
2024-02-09 10:30:00,1674.3333333333333,22.133333333333336,39.45,1.0
2024-02-09 11:00:00,1543.0,22.03333333333333,38.410000000000004,1.0
2024-02-09 11:30:00,1362.0,21.900000000000002,38.15,1.0
2024-02-09 12:00:00,1343.6666666666667,21.833333333333332,37.5,1.0
2024-02-09 12:30:00,1501.3333333333333,21.96666666666667,37.5,1.0
2024-02-09 13:00:00,1635.0,22.1,37.89,
