datetime,motion,light,co2,temperature,humidity
2023-11-01 00:07:43,1.0,0.0,545.0,22.7,41.0
2023-11-01 00:17:43,0.0,0.0,553.0,22.7,41.0
2023-11-01 00:27:43,0.0,0.0,547.0,22.7,41.0
2023-11-01 00:37:43,0.0,0.0,538.0,22.7,41.0
2023-11-01 00:47:43,0.0,0.0,543.0,22.7,40.0
2023-11-01 00:57:43,0.0,0.0,510.0,22.7,40.0
2023-11-01 01:07:43,0.0,0.0,533.0,22.7,40.0
2023-11-01 01:17:43,0.0,0.0,519.0,22.7,40.0
2023-11-01 01:27:42,0.0,0.0,520.0,22.7,40.0
2023-11-01 01:37:42,0.0,0.0,509.0,22.7,40.0
2023-11-01 01:47:42,0.0,0.0,514.0,22.7,40.0
2023-11-01 01:57:42,0.0,0.0,493.0,22.7,40.0
2023-11-01 02:07:42,0.0,0.0,508.0,22.7,40.0
2023-11-01 02:17:42,0.0,0.0,503.0,22.7,40.0
2023-11-01 02:27:42,0.0,0.0,483.0,22.7,40.0
2023-11-01 02:37:42,0.0,0.0,501.0,22.7,40.0
2023-11-01 02:47:42,0.0,0.0,497.0,22.7,40.0
2023-11-01 02:57:42,0.0,0.0,482.0,22.7,39.0
2023-11-01 03:07:42,0.0,0.0,485.0,22.6,39.0
2023-11-01 03:17:42,0.0,0.0,490.0,22.7,39.0
2023-11-01 03:27:42,0.0,0.0,474.0,22.6,39.0
2023-11-01 03:37:42,2.0,50.0,492.0,22.6,39.0
2023-11-01 03:47:42,0.0,50.0,491.0,22.7,39.0
2023-11-01 03:57:42,0.0,0.0,489.0,22.7,39.0
2023-11-01 04:07:42,0.0,0.0,458.0,22.7,39.0
2023-11-01 04:17:42,0.0,0.0,473.0,22.7,39.0
2023-11-01 04:27:42,1.0,47.0,471.0,22.7,39.0
2023-11-01 04:37:42,1.0,50.0,460.0,22.7,39.0
2023-11-01 04:47:42,0.0,0.0,459.0,22.7,39.0
2023-11-01 04:57:42,0.0,0.0,465.0,22.7,39.0
2023-11-01 05:07:42,0.0,0.0,468.0,22.7,39.0
2023-11-01 05:17:42,0.0,0.0,462.0,22.7,39.0
2023-11-01 05:27:42,2.0,47.0,447.0,22.7,38.0
2023-11-01 05:37:42,1.0,50.0,446.0,22.7,38.0
2023-11-01 05:47:42,0.0,0.0,467.0,22.7,38.0
2023-11-01 05:57:42,0.0,0.0,480.0,22.7,38.0
2023-11-01 06:07:42,1.0,50.0,474.0,22.7,38.0
2023-11-01 06:17:42,0.0,50.0,476.0,22.7,39.0
2023-11-01 06:27:42,1.0,6.0,447.0,22.7,38.0
2023-11-01 06:37:42,0.0,6.0,450.0,22.6,37.0
2023-11-01 06:47:42,1.0,6.0,482.0,22.7,37.0
2023-11-01 06:57:41,1.0,6.0,495.0,22.7,38.0
2023-11-01 07:07:41,0.0,6.0,469.0,22.7,38.0
2023-11-01 07:17:41,0.0,6.0,475.0,22.6,38.0
2023-11-01 07:27:41,0.0,6.0,477.0,22.7,38.0
2023-11-01 07:37:41,1.0,13.0,573.0,22.6,40.0
2023-11-01 07:47:41,3.0,57.0,534.0,22.6,39.0
2023-11-01 07:57:41,0.0,57.0,498.0,22.6,38.0
2023-11-01 08:07:41,3.0,57.0,658.0,22.7,40.0
2023-11-01 08:17:41,6.0,57.0,565.0,22.6,39.0
2023-11-01 08:27:41,3.0,57.0,712.0,22.6,40.0
2023-11-01 08:37:41,8.0,57.0,598.0,22.6,38.0
2023-11-01 08:47:41,6.0,57.0,576.0,22.6,38.0
2023-11-01 08:57:41,7.0,47.0,638.0,22.6,38.0
2023-11-01 09:07:41,8.0,50.0,615.0,22.7,37.0
2023-11-01 09:17:41,6.0,50.0,621.0,22.7,37.0
2023-11-01 09:27:41,5.0,53.0,662.0,22.7,37.0
2023-11-01 09:37:41,4.0,50.0,630.0,22.7,37.0
2023-11-01 09:47:41,2.0,53.0,627.0,22.8,36.0
2023-11-01 09:57:41,0.0,53.0,628.0,22.8,36.0
2023-11-01 10:07:41,5.0,57.0,620.0,22.8,36.0
2023-11-01 10:17:41,1.0,50.0,642.0,22.8,36.0
2023-11-01 10:27:41,3.0,57.0,657.0,22.9,36.0
2023-11-01 10:37:41,5.0,57.0,697.0,22.8,36.0
2023-11-01 10:47:41,0.0,53.0,686.0,22.9,36.0
2023-11-01 10:57:41,11.0,50.0,803.0,22.8,37.0
2023-11-01 11:07:41,12.0,94.0,789.0,22.8,37.0
2023-11-01 11:17:41,7.0,94.0,703.0,22.8,37.0
2023-11-01 11:27:41,4.0,117.0,654.0,22.9,36.0
2023-11-01 11:37:41,5.0,124.0,657.0,22.9,36.0
2023-11-01 11:47:41,7.0,90.0,645.0,22.8,36.0
2023-11-01 11:57:41,8.0,53.0,691.0,22.8,36.0
2023-11-01 12:07:41,10.0,70.0,755.0,22.8,36.0
2023-11-01 12:17:41,7.0,168.0,732.0,22.8,36.0
2023-11-01 12:27:40,5.0,121.0,754.0,22.8,36.0
2023-11-01 12:37:40,5.0,124.0,736.0,22.9,36.0
2023-11-01 12:47:40,0.0,90.0,764.0,23.0,36.0
2023-11-01 12:57:40,1.0,121.0,813.0,23.0,36.0
2023-11-01 13:07:41,4.0,47.0,828.0,23.0,36.0
2023-11-01 13:17:40,7.0,50.0,842.0,23.0,36.0
2023-11-01 13:27:40,3.0,50.0,864.0,23.0,37.0
2023-11-01 13:37:40,4.0,53.0,832.0,23.0,36.0
2023-11-01 13:47:40,3.0,53.0,817.0,23.0,36.0
2023-11-01 13:57:40,3.0,53.0,904.0,22.9,37.0
2023-11-01 14:07:40,3.0,53.0,852.0,22.9,37.0
2023-11-01 14:17:40,4.0,53.0,849.0,22.9,37.0
2023-11-01 14:27:40,5.0,53.0,939.0,22.9,37.0
2023-11-01 14:37:40,5.0,53.0,883.0,22.9,37.0
2023-11-01 14:47:40,4.0,53.0,870.0,22.9,37.0
2023-11-01 14:57:40,0.0,53.0,835.0,22.9,37.0
2023-11-01 15:07:40,5.0,50.0,844.0,22.9,37.0
2023-11-01 15:17:40,1.0,50.0,839.0,23.0,37.0
2023-11-01 15:27:40,2.0,47.0,907.0,23.0,38.0
2023-11-01 15:37:40,9.0,50.0,911.0,23.0,38.0
2023-11-01 15:47:40,3.0,50.0,870.0,22.9,38.0
2023-11-01 15:57:40,1.0,50.0,836.0,23.0,38.0
2023-11-01 16:07:40,2.0,50.0,848.0,23.0,37.0
2023-11-01 16:17:40,3.0,50.0,1444.0,23.0,40.0
2023-11-01 16:27:40,0.0,50.0,1005.0,23.0,39.0
2023-11-01 16:37:40,1.0,50.0,963.0,23.1,39.0
2023-11-01 16:47:40,1.0,43.0,1000.0,23.1,39.0
2023-11-01 16:57:40,0.0,50.0,975.0,23.0,39.0
2023-11-01 17:07:40,1.0,50.0,988.0,23.1,39.0
2023-11-01 17:17:40,4.0,50.0,997.0,23.0,39.0
2023-11-01 17:27:40,1.0,50.0,1013.0,23.0,39.0
2023-11-01 17:37:40,1.0,3.0,1017.0,23.0,40.0
2023-11-01 17:47:40,1.0,3.0,991.0,23.0,40.0
2023-11-01 17:57:39,0.0,3.0,977.0,23.0,40.0
2023-11-01 18:07:39,0.0,3.0,944.0,23.0,40.0
2023-11-01 18:17:39,0.0,0.0,846.0,22.9,39.0
2023-11-01 18:27:40,0.0,0.0,747.0,22.8,39.0
2023-11-01 18:37:39,0.0,0.0,731.0,22.8,39.0
2023-11-01 18:47:39,0.0,0.0,701.0,22.8,39.0
2023-11-01 18:57:39,0.0,0.0,674.0,22.8,39.0
2023-11-01 19:07:39,0.0,0.0,728.0,22.8,39.0
2023-11-01 19:17:39,0.0,0.0,722.0,22.7,39.0
2023-11-01 19:27:39,0.0,0.0,714.0,22.7,39.0
2023-11-01 19:37:39,0.0,0.0,690.0,22.7,39.0
2023-11-01 19:47:39,0.0,0.0,683.0,22.7,39.0
2023-11-01 19:57:39,0.0,0.0,659.0,22.7,39.0
2023-11-01 20:07:39,0.0,0.0,649.0,22.7,39.0
2023-11-01 20:17:39,0.0,0.0,643.0,22.7,39.0
2023-11-01 20:27:39,0.0,0.0,639.0,22.7,39.0
2023-11-01 20:37:39,0.0,0.0,628.0,22.7,39.0
2023-11-01 20:47:39,0.0,0.0,616.0,22.7,39.0
2023-11-01 20:57:39,0.0,0.0,606.0,22.7,39.0
2023-11-01 21:07:39,0.0,0.0,600.0,22.6,39.0
2023-11-01 21:17:39,0.0,0.0,591.0,22.7,39.0
2023-11-01 21:27:39,0.0,0.0,583.0,22.7,40.0
2023-11-01 21:37:39,0.0,0.0,583.0,22.7,40.0
2023-11-01 21:47:39,0.0,0.0,582.0,22.7,40.0
2023-11-01 21:57:39,0.0,0.0,584.0,22.7,40.0
2023-11-01 22:07:39,0.0,0.0,564.0,22.6,40.0
2023-11-01 22:17:39,1.0,47.0,597.0,22.7,40.0
2023-11-01 22:27:39,0.0,50.0,569.0,22.7,40.0
2023-11-01 22:37:39,0.0,0.0,583.0,22.6,40.0
2023-11-01 22:47:39,1.0,0.0,593.0,22.6,40.0
2023-11-01 22:57:39,0.0,0.0,577.0,22.7,40.0
2023-11-01 23:07:39,0.0,0.0,582.0,22.6,40.0
2023-11-01 23:17:39,0.0,0.0,580.0,22.6,40.0
2023-11-01 23:27:38,0.0,0.0,563.0,22.6,40.0
2023-11-01 23:37:38,0.0,0.0,560.0,22.6,40.0
2023-11-01 23:47:39,0.0,0.0,553.0,22.6,40.0
2023-11-01 23:57:38,0.0,0.0,564.0,22.6,40.0
2023-11-02 00:07:38,1.0,0.0,572.0,22.6,41.0
2023-11-02 00:17:38,0.0,0.0,556.0,22.6,41.0
2023-11-02 00:27:38,0.0,0.0,553.0,22.6,41.0
2023-11-02 00:37:38,0.0,0.0,548.0,22.6,41.0
2023-11-02 00:47:38,0.0,0.0,548.0,22.5,41.0
2023-11-02 00:57:38,0.0,0.0,548.0,22.6,41.0
2023-11-02 01:07:38,0.0,0.0,544.0,22.6,41.0
2023-11-02 01:17:38,0.0,0.0,513.0,22.6,41.0
2023-11-02 01:27:38,0.0,0.0,548.0,22.5,41.0
2023-11-02 01:37:38,0.0,0.0,547.0,22.6,41.0
2023-11-02 01:47:38,0.0,0.0,541.0,22.5,41.0
2023-11-02 01:57:38,0.0,0.0,531.0,22.5,41.0
2023-11-02 02:07:38,0.0,0.0,512.0,22.6,41.0
2023-11-02 02:17:38,0.0,0.0,536.0,22.6,41.0
2023-11-02 02:27:38,0.0,0.0,520.0,22.6,41.0
2023-11-02 02:37:38,0.0,0.0,511.0,22.5,41.0
2023-11-02 02:47:38,0.0,0.0,509.0,22.5,41.0
2023-11-02 02:57:38,0.0,0.0,505.0,22.6,41.0
2023-11-02 03:07:38,0.0,0.0,516.0,22.5,41.0
2023-11-02 03:17:38,0.0,0.0,502.0,22.5,41.0
2023-11-02 03:27:38,0.0,50.0,516.0,22.5,41.0
2023-11-02 03:37:38,0.0,50.0,521.0,22.6,41.0
2023-11-02 03:47:38,0.0,0.0,510.0,22.5,41.0
2023-11-02 03:57:38,0.0,0.0,515.0,22.5,41.0
2023-11-02 04:07:38,0.0,0.0,508.0,22.5,41.0
2023-11-02 04:17:38,0.0,0.0,497.0,22.5,41.0
2023-11-02 04:27:38,1.0,47.0,509.0,22.5,41.0
2023-11-02 04:37:38,0.0,50.0,489.0,22.6,41.0
2023-11-02 04:47:38,2.0,0.0,479.0,22.5,41.0
2023-11-02 04:57:37,0.0,0.0,513.0,22.5,42.0
2023-11-02 05:07:38,0.0,0.0,525.0,22.5,42.0
2023-11-02 05:17:37,0.0,0.0,507.0,22.5,42.0
2023-11-02 05:27:37,0.0,0.0,515.0,22.6,42.0
2023-11-02 05:37:37,1.0,33.0,508.0,22.6,42.0
2023-11-02 05:47:37,0.0,50.0,498.0,22.5,42.0
2023-11-02 05:57:37,0.0,0.0,492.0,22.5,42.0
2023-11-02 06:07:37,1.0,47.0,478.0,22.6,42.0
2023-11-02 06:17:37,1.0,50.0,489.0,22.6,42.0
2023-11-02 06:27:37,0.0,0.0,482.0,22.5,42.0
2023-11-02 06:37:37,2.0,57.0,480.0,22.5,42.0
2023-11-02 06:47:37,0.0,57.0,498.0,22.5,42.0
2023-11-02 06:57:37,0.0,57.0,502.0,22.5,42.0
2023-11-02 07:07:37,4.0,57.0,533.0,22.6,42.0
2023-11-02 07:17:37,1.0,57.0,611.0,22.5,43.0
2023-11-02 07:27:37,1.0,50.0,549.0,22.6,43.0
2023-11-02 07:37:38,2.0,53.0,543.0,22.6,43.0
2023-11-02 07:47:37,2.0,53.0,558.0,22.6,43.0
2023-11-02 07:57:37,0.0,53.0,576.0,22.7,43.0
2023-11-02 08:07:37,5.0,57.0,730.0,22.6,44.0
2023-11-02 08:17:37,5.0,57.0,575.0,22.5,43.0
2023-11-02 08:27:37,3.0,57.0,587.0,22.5,44.0
2023-11-02 08:37:37,3.0,53.0,519.0,22.4,44.0
2023-11-02 08:47:37,3.0,53.0,539.0,22.4,44.0
2023-11-02 08:57:37,11.0,57.0,511.0,22.4,44.0
2023-11-02 09:07:37,1.0,57.0,520.0,22.4,44.0
2023-11-02 09:17:37,1.0,57.0,519.0,22.5,44.0
2023-11-02 09:27:37,3.0,57.0,554.0,22.5,44.0
2023-11-02 09:37:37,5.0,57.0,555.0,22.5,44.0
2023-11-02 09:47:37,4.0,57.0,600.0,22.4,44.0
2023-11-02 09:57:37,2.0,57.0,627.0,22.5,44.0
2023-11-02 10:07:37,6.0,63.0,642.0,22.5,44.0
2023-11-02 10:17:37,0.0,57.0,603.0,22.5,44.0
2023-11-02 10:27:37,4.0,57.0,625.0,22.6,44.0
2023-11-02 10:37:36,5.0,53.0,629.0,22.5,44.0
2023-11-02 10:47:36,3.0,53.0,601.0,22.5,44.0
2023-11-02 10:57:36,2.0,57.0,859.0,22.6,46.0
2023-11-02 11:07:36,7.0,53.0,934.0,22.6,46.0
2023-11-02 11:17:36,2.0,53.0,919.0,22.6,46.0
2023-11-02 11:27:36,5.0,57.0,914.0,22.6,46.0
2023-11-02 11:37:36,3.0,63.0,867.0,22.6,46.0
2023-11-02 11:47:36,7.0,53.0,858.0,22.6,46.0
2023-11-02 11:57:36,4.0,57.0,848.0,22.6,46.0
2023-11-02 12:07:36,9.0,60.0,860.0,22.6,46.0
2023-11-02 12:17:36,8.0,57.0,833.0,22.5,46.0
2023-11-02 12:27:36,0.0,53.0,839.0,22.6,45.0
2023-11-02 12:37:36,1.0,53.0,869.0,22.5,45.0
2023-11-02 12:47:36,3.0,53.0,885.0,22.6,46.0
2023-11-02 12:57:36,3.0,53.0,882.0,22.6,46.0
2023-11-02 13:07:36,1.0,53.0,885.0,22.6,46.0
2023-11-02 13:17:36,3.0,53.0,890.0,22.6,45.0
2023-11-02 13:27:36,12.0,47.0,1280.0,22.6,48.0
2023-11-02 13:37:36,9.0,53.0,1093.0,22.6,47.0
2023-11-02 13:47:36,5.0,53.0,1044.0,22.6,47.0
2023-11-02 13:57:36,10.0,53.0,1025.0,22.6,46.0
2023-11-02 14:07:36,7.0,53.0,910.0,22.6,46.0
2023-11-02 14:17:36,0.0,53.0,937.0,22.6,45.0
2023-11-02 14:27:36,2.0,53.0,972.0,22.5,46.0
2023-11-02 14:37:36,7.0,57.0,932.0,22.6,45.0
2023-11-02 14:47:36,5.0,53.0,890.0,22.6,45.0
2023-11-02 14:57:36,1.0,53.0,883.0,22.6,45.0
2023-11-02 15:07:36,4.0,53.0,924.0,22.6,45.0
2023-11-02 15:17:36,5.0,53.0,921.0,22.6,45.0
2023-11-02 15:27:36,6.0,53.0,890.0,22.6,45.0
2023-11-02 15:37:36,2.0,53.0,826.0,22.5,44.0
2023-11-02 15:47:36,2.0,53.0,788.0,22.6,44.0
2023-11-02 15:57:35,0.0,50.0,713.0,22.6,44.0
2023-11-02 16:07:35,3.0,53.0,688.0,22.5,43.0
2023-11-02 16:17:35,2.0,53.0,721.0,22.6,43.0
2023-11-02 16:27:35,1.0,53.0,753.0,22.6,44.0
2023-11-02 16:37:35,4.0,50.0,729.0,22.6,44.0
2023-11-02 16:47:35,3.0,53.0,869.0,22.6,45.0
2023-11-02 16:57:35,0.0,53.0,822.0,22.7,44.0
2023-11-02 17:07:35,2.0,50.0,856.0,22.7,44.0
2023-11-02 17:17:35,2.0,53.0,908.0,22.7,44.0
2023-11-02 17:27:35,7.0,53.0,941.0,22.7,45.0
2023-11-02 17:37:35,0.0,6.0,942.0,22.7,45.0
2023-11-02 17:47:35,0.0,6.0,1054.0,22.6,45.0
2023-11-02 17:57:35,1.0,50.0,1051.0,22.7,45.0
2023-11-02 18:07:35,1.0,53.0,1009.0,22.6,45.0
2023-11-02 18:17:35,3.0,6.0,996.0,22.6,45.0
2023-11-02 18:27:35,1.0,6.0,965.0,22.6,45.0
2023-11-02 18:37:35,0.0,6.0,1004.0,22.7,45.0
2023-11-02 18:47:35,0.0,6.0,933.0,22.6,45.0
2023-11-02 18:57:35,0.0,6.0,943.0,22.6,45.0
2023-11-02 19:07:35,0.0,6.0,953.0,22.6,45.0
2023-11-02 19:17:35,0.0,6.0,931.0,22.7,45.0
2023-11-02 19:27:35,0.0,6.0,941.0,22.6,45.0
2023-11-02 19:37:35,0.0,6.0,903.0,22.6,45.0
2023-11-02 19:47:35,0.0,6.0,915.0,22.6,45.0
2023-11-02 19:57:35,0.0,6.0,842.0,22.6,45.0
2023-11-02 20:07:35,0.0,6.0,785.0,22.5,44.0
2023-11-02 20:17:35,0.0,6.0,769.0,22.5,44.0
2023-11-02 20:27:35,0.0,6.0,749.0,22.5,44.0
2023-11-02 20:37:35,1.0,3.0,749.0,22.5,44.0
2023-11-02 20:47:35,0.0,0.0,727.0,22.5,44.0
2023-11-02 21:07:35,0.0,0.0,694.0,22.5,44.0
2023-11-02 21:17:35,0.0,3.0,680.0,22.5,44.0
2023-11-02 21:27:35,0.0,3.0,678.0,22.5,44.0
2023-11-02 21:37:34,0.0,0.0,647.0,22.5,44.0
2023-11-02 21:47:34,0.0,0.0,617.0,22.5,44.0
2023-11-02 21:57:34,0.0,0.0,637.0,22.4,44.0
2023-11-02 22:07:34,0.0,0.0,656.0,22.5,44.0
2023-11-02 22:17:34,0.0,0.0,615.0,22.4,44.0
2023-11-02 22:27:34,0.0,3.0,608.0,22.4,44.0
2023-11-02 22:37:34,0.0,0.0,578.0,22.4,44.0
2023-11-02 22:47:34,0.0,0.0,586.0,22.4,44.0
2023-11-02 22:57:34,0.0,0.0,561.0,22.4,44.0
2023-11-02 23:07:34,0.0,0.0,566.0,22.4,44.0
2023-11-02 23:17:34,0.0,3.0,560.0,22.4,44.0
2023-11-02 23:27:34,0.0,0.0,584.0,22.4,44.0
2023-11-02 23:37:34,0.0,0.0,565.0,22.4,44.0
2023-11-02 23:47:34,0.0,0.0,565.0,22.4,44.0
2023-11-02 23:57:35,0.0,0.0,565.0,22.4,44.0
2023-11-03 00:07:34,0.0,0.0,561.0,22.4,44.0
2023-11-03 00:17:34,0.0,0.0,549.0,22.4,44.0
2023-11-03 00:27:34,1.0,0.0,532.0,22.4,44.0
2023-11-03 00:37:34,0.0,0.0,541.0,22.4,44.0
2023-11-03 00:47:34,0.0,0.0,533.0,22.4,44.0
2023-11-03 00:57:34,0.0,0.0,531.0,22.4,44.0
2023-11-03 01:07:34,0.0,0.0,520.0,22.3,44.0
2023-11-03 01:17:34,0.0,0.0,515.0,22.4,44.0
2023-11-03 01:27:34,0.0,0.0,518.0,22.4,44.0
2023-11-03 01:37:34,0.0,0.0,507.0,22.4,44.0
2023-11-03 01:47:34,0.0,0.0,508.0,22.4,44.0
2023-11-03 01:57:34,0.0,0.0,510.0,22.3,44.0
2023-11-03 02:07:34,0.0,0.0,509.0,22.4,44.0
2023-11-03 02:17:34,0.0,0.0,520.0,22.4,44.0
2023-11-03 02:27:34,0.0,0.0,505.0,22.4,44.0
2023-11-03 02:37:34,0.0,0.0,517.0,22.4,44.0
2023-11-03 02:47:34,0.0,0.0,512.0,22.3,44.0
2023-11-03 02:57:33,0.0,0.0,507.0,22.3,44.0
2023-11-03 03:07:33,0.0,0.0,505.0,22.3,44.0
2023-11-03 03:17:33,1.0,37.0,511.0,22.3,44.0
2023-11-03 03:27:33,0.0,50.0,493.0,22.3,44.0
2023-11-03 03:37:33,0.0,0.0,490.0,22.4,44.0
2023-11-03 03:47:33,0.0,0.0,492.0,22.4,44.0
2023-11-03 03:57:33,0.0,0.0,495.0,22.4,44.0
2023-11-03 04:07:33,0.0,0.0,485.0,22.4,44.0
2023-11-03 04:17:34,0.0,0.0,491.0,22.3,44.0
2023-11-03 04:27:33,2.0,50.0,476.0,22.4,44.0
2023-11-03 04:37:33,0.0,50.0,489.0,22.4,44.0
2023-11-03 04:47:33,0.0,0.0,489.0,22.4,44.0
2023-11-03 04:57:33,0.0,0.0,481.0,22.4,44.0
2023-11-03 05:07:33,0.0,0.0,480.0,22.3,44.0
2023-11-03 05:17:33,0.0,0.0,475.0,22.4,44.0
2023-11-03 05:27:33,0.0,0.0,476.0,22.4,44.0
2023-11-03 05:37:33,0.0,0.0,480.0,22.4,44.0
2023-11-03 05:47:33,0.0,0.0,479.0,22.4,44.0
2023-11-03 05:57:33,0.0,0.0,474.0,22.3,44.0
2023-11-03 06:07:33,0.0,0.0,453.0,22.4,44.0
2023-11-03 06:17:33,1.0,50.0,493.0,22.3,44.0
2023-11-03 06:27:33,1.0,53.0,525.0,22.3,44.0
2023-11-03 06:37:33,0.0,6.0,497.0,22.3,44.0
2023-11-03 06:47:33,1.0,53.0,478.0,22.3,44.0
2023-11-03 06:57:33,0.0,53.0,458.0,22.3,44.0
2023-11-03 07:07:33,4.0,53.0,567.0,22.3,45.0
2023-11-03 07:17:33,0.0,50.0,477.0,22.3,44.0
2023-11-03 07:27:33,5.0,47.0,560.0,22.4,45.0
2023-11-03 07:37:33,6.0,53.0,509.0,22.3,45.0
2023-11-03 07:47:33,0.0,53.0,489.0,22.3,44.0
2023-11-03 07:57:33,2.0,53.0,522.0,22.4,45.0
2023-11-03 08:07:33,1.0,53.0,554.0,22.3,45.0
2023-11-03 08:17:33,8.0,57.0,542.0,22.3,45.0
2023-11-03 08:27:33,5.0,60.0,583.0,22.3,46.0
2023-11-03 08:37:32,0.0,60.0,518.0,22.3,45.0
2023-11-03 08:47:32,0.0,60.0,540.0,22.3,45.0
2023-11-03 09:07:33,6.0,60.0,563.0,22.3,46.0
2023-11-03 09:17:32,1.0,53.0,503.0,22.4,45.0
2023-11-03 09:27:32,7.0,63.0,581.0,22.4,45.0
2023-11-03 09:37:32,3.0,57.0,569.0,22.3,45.0
2023-11-03 09:47:32,5.0,57.0,567.0,22.4,45.0
2023-11-03 09:57:32,4.0,57.0,598.0,22.3,45.0
2023-11-03 10:07:32,3.0,57.0,735.0,22.4,46.0
2023-11-03 10:17:32,6.0,63.0,674.0,22.3,46.0
2023-11-03 10:27:32,3.0,70.0,574.0,22.4,44.0
2023-11-03 10:37:32,7.0,60.0,633.0,22.4,45.0
2023-11-03 10:47:32,2.0,74.0,619.0,22.4,44.0
2023-11-03 10:57:32,3.0,84.0,648.0,22.4,44.0
2023-11-03 11:07:33,7.0,114.0,692.0,22.4,45.0
2023-11-03 11:17:32,1.0,154.0,679.0,22.4,45.0
2023-11-03 11:27:32,4.0,249.0,688.0,22.5,45.0
2023-11-03 11:37:32,0.0,165.0,670.0,22.4,45.0
2023-11-03 11:47:32,0.0,138.0,624.0,22.5,44.0
2023-11-03 11:57:32,3.0,141.0,598.0,22.5,44.0
2023-11-03 12:07:32,14.0,161.0,527.0,22.4,43.0
2023-11-03 12:17:32,4.0,178.0,601.0,22.6,43.0
2023-11-03 12:27:32,0.0,131.0,634.0,22.5,43.0
2023-11-03 12:37:32,3.0,131.0,616.0,22.6,43.0
2023-11-03 12:47:32,4.0,97.0,623.0,22.7,43.0
2023-11-03 12:57:32,3.0,87.0,625.0,22.6,43.0
2023-11-03 13:07:32,4.0,90.0,643.0,22.7,42.0
2023-11-03 13:17:32,1.0,87.0,623.0,22.7,42.0
2023-11-03 13:27:32,1.0,80.0,625.0,22.7,42.0
2023-11-03 13:37:32,5.0,60.0,623.0,22.7,42.0
2023-11-03 13:47:32,11.0,57.0,623.0,22.7,42.0
2023-11-03 13:57:32,1.0,50.0,590.0,22.6,41.0
2023-11-03 14:07:31,3.0,50.0,573.0,22.6,41.0
2023-11-03 14:17:31,6.0,50.0,586.0,22.6,41.0
2023-11-03 14:27:31,3.0,50.0,618.0,22.7,41.0
2023-11-03 14:37:31,0.0,50.0,584.0,22.6,41.0
2023-11-03 14:47:31,0.0,50.0,573.0,22.6,41.0
2023-11-03 14:57:31,3.0,50.0,597.0,22.7,41.0
2023-11-03 15:07:31,1.0,50.0,619.0,22.6,41.0
2023-11-03 15:17:31,1.0,50.0,612.0,22.6,41.0
2023-11-03 15:27:31,2.0,50.0,707.0,22.6,42.0
2023-11-03 15:37:31,3.0,50.0,655.0,22.6,42.0
2023-11-03 15:47:31,1.0,50.0,602.0,22.7,41.0
2023-11-03 15:57:31,1.0,50.0,620.0,22.6,41.0
2023-11-03 16:07:31,0.0,50.0,592.0,22.7,41.0
2023-11-03 16:17:31,3.0,50.0,658.0,22.6,42.0
2023-11-03 16:27:31,5.0,50.0,667.0,22.7,42.0
2023-11-03 16:37:31,1.0,50.0,713.0,22.7,42.0
2023-11-03 16:47:31,1.0,50.0,759.0,22.7,42.0
2023-11-03 16:57:31,0.0,50.0,768.0,22.7,43.0
2023-11-03 17:07:31,2.0,50.0,745.0,22.7,43.0
2023-11-03 17:17:31,5.0,50.0,739.0,22.7,43.0
2023-11-03 17:27:31,4.0,47.0,1063.0,22.7,44.0
2023-11-03 17:37:31,4.0,3.0,751.0,22.7,43.0
2023-11-03 17:47:31,1.0,3.0,753.0,22.7,43.0
2023-11-03 17:57:31,5.0,3.0,754.0,22.7,43.0
2023-11-03 18:07:31,1.0,50.0,742.0,22.7,43.0
2023-11-03 18:17:31,0.0,50.0,766.0,22.7,43.0
2023-11-03 18:27:31,0.0,0.0,679.0,22.7,43.0
2023-11-03 18:37:31,0.0,0.0,623.0,22.6,42.0
2023-11-03 18:47:31,0.0,0.0,604.0,22.6,42.0
2023-11-03 18:57:31,0.0,0.0,605.0,22.6,42.0
2023-11-03 19:07:31,0.0,0.0,619.0,22.6,42.0
2023-11-03 19:17:31,0.0,0.0,647.0,22.6,42.0
2023-11-03 19:27:30,0.0,0.0,615.0,22.5,42.0
2023-11-03 19:37:30,0.0,0.0,631.0,22.6,42.0
2023-11-03 19:47:30,0.0,0.0,597.0,22.5,42.0
2023-11-03 19:57:30,0.0,0.0,594.0,22.5,42.0
2023-11-03 20:07:30,0.0,0.0,603.0,22.5,42.0
2023-11-03 20:17:31,0.0,0.0,598.0,22.6,43.0
2023-11-03 20:27:30,0.0,0.0,600.0,22.5,43.0
2023-11-03 20:37:30,0.0,0.0,606.0,22.5,43.0
2023-11-03 20:47:30,0.0,50.0,594.0,22.5,43.0
2023-11-03 20:57:30,0.0,50.0,583.0,22.5,42.0
2023-11-03 21:07:30,0.0,0.0,570.0,22.5,42.0
2023-11-03 21:17:30,0.0,0.0,570.0,22.5,42.0
2023-11-03 21:27:30,0.0,0.0,570.0,22.5,42.0
2023-11-03 21:37:30,0.0,0.0,560.0,22.5,42.0
2023-11-03 21:47:30,0.0,0.0,566.0,22.5,42.0
2023-11-03 21:57:30,0.0,0.0,551.0,22.5,42.0
2023-11-03 22:07:30,0.0,0.0,543.0,22.5,42.0
2023-11-03 22:17:30,0.0,0.0,560.0,22.5,42.0
2023-11-03 22:27:30,0.0,0.0,550.0,22.5,42.0
2023-11-03 22:37:30,1.0,0.0,538.0,22.4,42.0
2023-11-03 22:47:30,0.0,0.0,528.0,22.5,42.0
2023-11-03 22:57:30,0.0,0.0,527.0,22.5,42.0
2023-11-03 23:07:30,0.0,0.0,548.0,22.5,42.0
2023-11-03 23:17:30,0.0,0.0,524.0,22.4,42.0
2023-11-03 23:27:30,0.0,0.0,534.0,22.5,42.0
2023-11-03 23:37:30,0.0,0.0,512.0,22.4,42.0
2023-11-03 23:47:30,0.0,0.0,515.0,22.5,42.0
2023-11-03 23:57:30,0.0,0.0,495.0,22.4,42.0
2023-11-04 00:07:30,0.0,0.0,533.0,22.4,42.0
2023-11-04 00:17:30,0.0,0.0,482.0,22.4,42.0
2023-11-04 00:27:30,0.0,0.0,522.0,22.4,42.0
2023-11-04 00:37:30,0.0,0.0,524.0,22.4,42.0
2023-11-04 00:47:30,0.0,0.0,515.0,22.4,42.0
2023-11-04 00:57:30,0.0,0.0,504.0,22.4,42.0
2023-11-04 01:07:29,0.0,0.0,503.0,22.4,42.0
2023-11-04 01:17:29,0.0,0.0,493.0,22.4,42.0
2023-11-04 01:27:29,0.0,0.0,504.0,22.4,42.0
2023-11-04 01:37:29,0.0,0.0,472.0,22.4,42.0
2023-11-04 01:47:29,0.0,0.0,474.0,22.4,42.0
2023-11-04 01:57:29,0.0,0.0,489.0,22.4,42.0
2023-11-04 02:07:29,0.0,0.0,517.0,22.4,42.0
2023-11-04 02:17:29,0.0,0.0,494.0,22.4,42.0
2023-11-04 02:27:29,0.0,0.0,484.0,22.5,42.0
2023-11-04 02:37:29,0.0,0.0,480.0,22.4,42.0
2023-11-04 02:47:29,0.0,0.0,469.0,22.4,42.0
2023-11-04 02:57:29,0.0,0.0,489.0,22.4,42.0
2023-11-04 03:07:29,0.0,0.0,459.0,22.4,42.0
2023-11-04 03:17:29,0.0,0.0,487.0,22.4,42.0
2023-11-04 03:27:29,0.0,0.0,469.0,22.4,42.0
2023-11-04 03:37:29,0.0,0.0,464.0,22.4,42.0
2023-11-04 03:47:29,0.0,0.0,472.0,22.4,42.0
2023-11-04 03:57:29,0.0,0.0,474.0,22.4,42.0
2023-11-04 04:07:29,0.0,0.0,494.0,22.4,42.0
2023-11-04 04:17:29,0.0,0.0,482.0,22.5,42.0
2023-11-04 04:27:29,0.0,0.0,473.0,22.4,42.0
2023-11-04 04:37:29,0.0,0.0,470.0,22.4,42.0
2023-11-04 04:47:29,1.0,37.0,466.0,22.4,42.0
2023-11-04 04:57:29,1.0,50.0,468.0,22.4,42.0
2023-11-04 05:07:29,0.0,0.0,469.0,22.4,42.0
2023-11-04 05:17:29,0.0,0.0,458.0,22.4,42.0
2023-11-04 05:27:29,0.0,0.0,446.0,22.4,42.0
2023-11-04 05:37:29,0.0,0.0,452.0,22.4,42.0
2023-11-04 05:47:29,0.0,0.0,450.0,22.4,42.0
2023-11-04 05:57:29,0.0,0.0,446.0,22.4,41.0
2023-11-04 06:07:29,0.0,0.0,437.0,22.4,41.0
2023-11-04 06:17:29,0.0,0.0,443.0,22.4,41.0
2023-11-04 06:27:29,0.0,0.0,427.0,22.4,41.0
2023-11-04 06:37:28,0.0,0.0,436.0,22.5,41.0
2023-11-04 06:47:28,0.0,0.0,425.0,22.4,41.0
2023-11-04 06:57:28,0.0,0.0,424.0,22.4,41.0
2023-11-04 07:07:28,0.0,3.0,418.0,22.4,41.0
2023-11-04 07:17:28,0.0,3.0,445.0,22.5,41.0
2023-11-04 07:27:28,0.0,3.0,432.0,22.5,41.0
2023-11-04 07:37:28,0.0,3.0,436.0,22.4,41.0
2023-11-04 07:47:28,0.0,3.0,418.0,22.4,41.0
2023-11-04 07:57:28,1.0,3.0,458.0,22.4,41.0
2023-11-04 08:07:28,0.0,0.0,441.0,22.4,41.0
2023-11-04 08:17:28,0.0,3.0,445.0,22.5,41.0
2023-11-04 08:27:28,0.0,3.0,421.0,22.4,41.0
2023-11-04 08:37:28,0.0,3.0,437.0,22.4,41.0
2023-11-04 08:47:28,0.0,3.0,417.0,22.4,41.0
2023-11-04 08:57:28,0.0,3.0,425.0,22.4,41.0
2023-11-04 09:07:28,0.0,3.0,442.0,22.4,40.0
2023-11-04 09:17:28,0.0,3.0,441.0,22.4,41.0
2023-11-04 09:27:28,0.0,3.0,434.0,22.5,41.0
2023-11-04 09:37:28,1.0,3.0,418.0,22.4,41.0
2023-11-04 09:47:28,0.0,3.0,424.0,22.4,40.0
2023-11-04 09:57:28,0.0,3.0,427.0,22.4,40.0
2023-11-04 10:07:28,0.0,3.0,427.0,22.4,40.0
2023-11-04 10:17:28,0.0,3.0,432.0,22.4,41.0
2023-11-04 10:27:28,0.0,3.0,425.0,22.4,41.0
2023-11-04 10:37:28,0.0,3.0,420.0,22.4,41.0
2023-11-04 10:47:28,0.0,3.0,421.0,22.4,40.0
2023-11-04 10:57:28,0.0,3.0,415.0,22.4,40.0
2023-11-04 11:07:28,0.0,3.0,436.0,22.4,40.0
2023-11-04 11:17:28,0.0,3.0,416.0,22.4,40.0
2023-11-04 11:27:28,0.0,3.0,432.0,22.4,41.0
2023-11-04 11:37:28,0.0,6.0,429.0,22.4,41.0
2023-11-04 11:47:28,0.0,6.0,413.0,22.4,41.0
2023-11-04 11:57:28,0.0,3.0,428.0,22.4,41.0
2023-11-04 12:07:27,0.0,3.0,430.0,22.4,41.0
2023-11-04 12:17:27,0.0,3.0,433.0,22.5,41.0
2023-11-04 12:27:27,5.0,3.0,450.0,22.4,41.0
2023-11-04 12:37:27,0.0,13.0,443.0,22.4,41.0
2023-11-04 12:47:27,0.0,3.0,449.0,22.4,41.0
2023-11-04 12:57:27,2.0,3.0,454.0,22.4,41.0
2023-11-04 13:07:27,2.0,3.0,475.0,22.4,41.0
2023-11-04 13:17:27,0.0,3.0,462.0,22.4,41.0
2023-11-04 13:27:27,0.0,3.0,446.0,22.4,41.0
2023-11-04 13:37:27,0.0,3.0,450.0,22.4,41.0
2023-11-04 13:47:27,0.0,3.0,456.0,22.4,41.0
2023-11-04 13:57:27,0.0,3.0,449.0,22.4,41.0
2023-11-04 14:07:27,0.0,3.0,457.0,22.3,41.0
2023-11-04 14:17:27,0.0,3.0,444.0,22.3,41.0
2023-11-04 14:27:27,0.0,0.0,453.0,22.4,41.0
2023-11-04 14:37:27,2.0,0.0,448.0,22.4,41.0
2023-11-04 14:47:27,0.0,0.0,440.0,22.4,41.0
2023-11-04 14:57:27,0.0,0.0,446.0,22.4,41.0
2023-11-04 15:07:27,0.0,0.0,436.0,22.3,41.0
2023-11-04 15:17:27,0.0,0.0,443.0,22.4,41.0
2023-11-04 15:27:27,0.0,0.0,423.0,22.3,41.0
2023-11-04 15:37:27,0.0,0.0,432.0,22.4,41.0
2023-11-04 15:47:27,0.0,0.0,451.0,22.4,41.0
2023-11-04 15:57:27,0.0,0.0,436.0,22.4,41.0
2023-11-04 16:07:27,0.0,0.0,419.0,22.4,41.0
2023-11-04 16:17:27,0.0,0.0,420.0,22.4,41.0
2023-11-04 16:27:27,0.0,0.0,432.0,22.3,41.0
2023-11-04 16:37:27,0.0,0.0,425.0,22.3,41.0
2023-11-04 16:47:27,0.0,0.0,444.0,22.4,41.0
2023-11-04 16:57:27,0.0,0.0,439.0,22.4,41.0
2023-11-04 17:07:27,1.0,0.0,427.0,22.4,41.0
2023-11-04 17:17:27,0.0,0.0,444.0,22.4,41.0
2023-11-04 17:27:27,0.0,0.0,429.0,22.4,41.0
2023-11-04 17:37:26,0.0,0.0,435.0,22.4,41.0
2023-11-04 17:47:26,0.0,0.0,427.0,22.4,41.0
2023-11-04 17:57:26,0.0,0.0,431.0,22.4,41.0
2023-11-04 18:07:26,0.0,0.0,445.0,22.4,41.0
2023-11-04 18:17:26,0.0,0.0,430.0,22.3,41.0
2023-11-04 18:27:26,0.0,33.0,435.0,22.4,41.0
2023-11-04 18:37:26,2.0,50.0,448.0,22.4,41.0
2023-11-04 18:47:26,0.0,0.0,447.0,22.4,41.0
2023-11-04 18:57:26,0.0,0.0,435.0,22.4,41.0
2023-11-04 19:07:26,0.0,0.0,436.0,22.4,41.0
2023-11-04 19:17:26,0.0,0.0,439.0,22.4,40.0
2023-11-04 19:27:26,0.0,0.0,431.0,22.3,40.0
2023-11-04 19:37:26,0.0,0.0,429.0,22.3,40.0
2023-11-04 19:47:26,0.0,0.0,419.0,22.3,40.0
2023-11-04 19:57:26,0.0,0.0,418.0,22.4,40.0
2023-11-04 20:07:26,0.0,0.0,429.0,22.3,40.0
2023-11-04 20:17:26,0.0,0.0,412.0,22.3,40.0
2023-11-04 20:27:26,0.0,0.0,424.0,22.3,40.0
2023-11-04 20:37:26,0.0,0.0,424.0,22.4,40.0
2023-11-04 20:47:26,0.0,0.0,423.0,22.3,40.0
2023-11-04 20:57:26,0.0,0.0,422.0,22.4,40.0
2023-11-04 21:07:26,0.0,0.0,427.0,22.3,40.0
2023-11-04 21:17:26,0.0,0.0,402.0,22.3,40.0
2023-11-04 21:27:26,0.0,0.0,410.0,22.3,40.0
2023-11-04 21:37:26,0.0,0.0,412.0,22.3,40.0
2023-11-04 21:47:26,0.0,0.0,425.0,22.3,40.0
2023-11-04 21:57:26,0.0,0.0,420.0,22.3,40.0
2023-11-04 22:07:26,0.0,0.0,409.0,22.3,40.0
2023-11-04 22:17:26,0.0,0.0,397.0,22.2,40.0
2023-11-04 22:27:26,0.0,0.0,413.0,22.2,40.0
2023-11-04 22:37:26,0.0,0.0,406.0,22.3,40.0
2023-11-04 22:47:26,0.0,0.0,397.0,22.3,40.0
2023-11-04 22:57:26,0.0,0.0,418.0,22.3,40.0
2023-11-04 23:07:25,0.0,50.0,408.0,22.3,40.0
2023-11-04 23:17:25,0.0,50.0,412.0,22.3,40.0
2023-11-04 23:27:25,0.0,0.0,404.0,22.3,40.0
2023-11-04 23:37:25,0.0,0.0,404.0,22.3,40.0
2023-11-04 23:47:26,0.0,0.0,406.0,22.3,40.0
2023-11-04 23:57:25,0.0,0.0,403.0,22.3,40.0
2023-11-05 00:07:25,0.0,0.0,418.0,22.3,40.0
2023-11-05 00:17:25,0.0,0.0,403.0,22.3,40.0
2023-11-05 00:27:25,0.0,0.0,418.0,22.3,40.0
2023-11-05 00:37:25,0.0,0.0,422.0,22.3,40.0
2023-11-05 00:47:25,0.0,0.0,405.0,22.3,40.0
2023-11-05 00:57:25,0.0,0.0,387.0,22.3,40.0
2023-11-05 01:07:25,0.0,0.0,392.0,22.3,40.0
2023-11-05 01:17:25,0.0,0.0,405.0,22.3,40.0
2023-11-05 01:27:25,0.0,0.0,402.0,22.3,40.0
2023-11-05 01:37:25,0.0,0.0,402.0,22.2,40.0
2023-11-05 01:47:25,0.0,0.0,392.0,22.3,40.0
2023-11-05 01:57:25,0.0,0.0,403.0,22.2,39.0
2023-11-05 02:07:25,0.0,0.0,381.0,22.3,40.0
2023-11-05 02:17:25,0.0,0.0,389.0,22.3,40.0
2023-11-05 02:27:25,0.0,0.0,402.0,22.3,40.0
2023-11-05 02:37:25,0.0,0.0,389.0,22.3,40.0
2023-11-05 02:47:25,0.0,0.0,408.0,22.2,40.0
2023-11-05 02:57:25,0.0,0.0,391.0,22.2,40.0
2023-11-05 03:07:25,0.0,0.0,395.0,22.3,40.0
2023-11-05 03:17:25,0.0,0.0,401.0,22.3,40.0
2023-11-05 03:27:25,0.0,0.0,389.0,22.2,40.0
2023-11-05 03:37:25,0.0,0.0,387.0,22.2,40.0
2023-11-05 03:47:25,0.0,0.0,401.0,22.2,40.0
2023-11-05 03:57:25,0.0,0.0,394.0,22.3,40.0
2023-11-05 04:07:25,1.0,40.0,397.0,22.3,40.0
2023-11-05 04:17:25,1.0,50.0,373.0,22.3,40.0
2023-11-05 04:27:25,0.0,0.0,376.0,22.3,40.0
2023-11-05 04:37:24,0.0,0.0,388.0,22.3,40.0
2023-11-05 04:47:24,0.0,0.0,382.0,22.2,40.0
2023-11-05 04:57:24,0.0,0.0,386.0,22.3,39.0
2023-11-05 05:07:25,0.0,0.0,386.0,22.3,40.0
2023-11-05 05:17:24,0.0,0.0,395.0,22.3,40.0
2023-11-05 05:27:24,0.0,0.0,383.0,22.3,40.0
2023-11-05 05:37:24,0.0,0.0,380.0,22.2,40.0
2023-11-05 05:47:24,0.0,0.0,375.0,22.3,40.0
2023-11-05 05:57:24,0.0,0.0,384.0,22.3,40.0
2023-11-05 06:07:24,0.0,0.0,388.0,22.3,40.0
2023-11-05 06:17:24,0.0,0.0,384.0,22.3,40.0
2023-11-05 06:27:24,0.0,0.0,369.0,22.3,40.0
2023-11-05 06:37:24,0.0,0.0,373.0,22.3,40.0
2023-11-05 06:47:24,0.0,0.0,383.0,22.3,40.0
2023-11-05 06:57:24,0.0,0.0,394.0,22.3,40.0
2023-11-05 07:07:24,0.0,0.0,393.0,22.3,40.0
2023-11-05 07:17:24,0.0,0.0,373.0,22.3,40.0
2023-11-05 07:27:24,0.0,0.0,378.0,22.3,40.0
2023-11-05 07:37:24,0.0,0.0,392.0,22.3,40.0
2023-11-05 07:47:24,0.0,0.0,394.0,22.3,40.0
2023-11-05 07:57:24,0.0,0.0,389.0,22.3,40.0
2023-11-05 08:07:24,0.0,0.0,391.0,22.4,40.0
2023-11-05 08:17:24,0.0,0.0,396.0,22.3,40.0
2023-11-05 08:27:24,0.0,0.0,393.0,22.3,40.0
2023-11-05 08:37:24,0.0,0.0,390.0,22.3,40.0
2023-11-05 08:47:24,0.0,0.0,399.0,22.3,40.0
2023-11-05 08:57:24,0.0,3.0,385.0,22.3,40.0
2023-11-05 09:07:24,0.0,3.0,388.0,22.3,40.0
2023-11-05 09:17:24,0.0,3.0,392.0,22.3,40.0
2023-11-05 09:27:24,0.0,3.0,377.0,22.3,40.0
2023-11-05 09:37:24,0.0,3.0,391.0,22.3,40.0
2023-11-05 09:47:24,0.0,3.0,403.0,22.3,40.0
2023-11-05 09:57:24,0.0,3.0,398.0,22.3,40.0
2023-11-05 10:07:23,0.0,3.0,389.0,22.3,40.0
2023-11-05 10:17:23,0.0,3.0,385.0,22.3,40.0
2023-11-05 10:27:24,0.0,3.0,391.0,22.3,40.0
2023-11-05 10:37:23,0.0,3.0,397.0,22.3,40.0
2023-11-05 10:47:23,0.0,3.0,392.0,22.3,40.0
2023-11-05 10:57:23,0.0,3.0,385.0,22.3,40.0
2023-11-05 11:07:23,0.0,3.0,396.0,22.3,40.0
2023-11-05 11:17:23,0.0,3.0,399.0,22.3,41.0
2023-11-05 11:27:23,0.0,3.0,394.0,22.3,41.0
2023-11-05 11:37:23,0.0,3.0,403.0,22.3,41.0
2023-11-05 11:47:23,0.0,3.0,403.0,22.3,41.0
2023-11-05 11:57:23,0.0,3.0,383.0,22.3,41.0
2023-11-05 12:07:23,0.0,3.0,387.0,22.3,41.0
2023-11-05 12:17:23,0.0,3.0,388.0,22.3,41.0
2023-11-05 12:27:23,0.0,3.0,392.0,22.3,41.0
2023-11-05 12:37:23,0.0,0.0,386.0,22.3,41.0
2023-11-05 12:47:23,0.0,3.0,407.0,22.3,41.0
2023-11-05 12:57:23,0.0,3.0,393.0,22.3,41.0
2023-11-05 13:07:23,0.0,3.0,379.0,22.3,41.0
2023-11-05 13:17:23,0.0,3.0,384.0,22.3,41.0
2023-11-05 13:27:23,0.0,3.0,389.0,22.3,41.0
2023-11-05 13:37:23,0.0,3.0,392.0,22.3,41.0
2023-11-05 13:47:23,0.0,3.0,378.0,22.3,41.0
2023-11-05 13:57:23,0.0,0.0,403.0,22.3,41.0
2023-11-05 14:07:23,0.0,0.0,384.0,22.3,41.0
2023-11-05 14:17:23,0.0,0.0,387.0,22.3,41.0
2023-11-05 14:27:23,0.0,0.0,375.0,22.3,41.0
2023-11-05 14:37:23,0.0,0.0,372.0,22.3,41.0
2023-11-05 14:47:23,0.0,0.0,386.0,22.3,41.0
2023-11-05 14:57:23,0.0,0.0,401.0,22.3,41.0
2023-11-05 15:07:23,0.0,0.0,379.0,22.3,41.0
2023-11-05 15:17:23,0.0,0.0,390.0,22.3,41.0
2023-11-05 15:27:23,0.0,0.0,385.0,22.3,41.0
2023-11-05 15:37:22,0.0,0.0,394.0,22.3,41.0
2023-11-05 15:47:23,0.0,0.0,384.0,22.2,41.0
2023-11-05 15:57:22,0.0,0.0,394.0,22.3,41.0
2023-11-05 16:07:22,0.0,0.0,369.0,22.3,41.0
2023-11-05 16:17:22,0.0,0.0,391.0,22.3,41.0
2023-11-05 16:27:22,0.0,0.0,387.0,22.3,41.0
2023-11-05 16:37:22,0.0,0.0,380.0,22.3,41.0
2023-11-05 16:47:22,0.0,0.0,392.0,22.3,41.0
2023-11-05 16:57:22,0.0,0.0,373.0,22.3,41.0
2023-11-05 17:07:22,0.0,0.0,397.0,22.3,41.0
2023-11-05 17:17:23,0.0,0.0,383.0,22.3,41.0
2023-11-05 17:27:22,0.0,0.0,387.0,22.4,41.0
2023-11-05 17:37:22,0.0,0.0,373.0,22.3,41.0
2023-11-05 17:47:22,0.0,0.0,370.0,22.3,41.0
2023-11-05 17:57:22,0.0,0.0,376.0,22.3,41.0
2023-11-05 18:07:22,0.0,0.0,389.0,22.3,41.0
2023-11-05 18:17:22,0.0,0.0,371.0,22.3,41.0
2023-11-05 18:27:22,0.0,0.0,392.0,22.3,41.0
2023-11-05 18:37:22,0.0,0.0,396.0,22.3,41.0
2023-11-05 18:47:22,0.0,0.0,385.0,22.3,41.0
2023-11-05 18:57:22,0.0,0.0,369.0,22.3,41.0
2023-11-05 19:07:22,0.0,0.0,398.0,22.3,41.0
2023-11-05 19:17:22,0.0,0.0,390.0,22.3,42.0
2023-11-05 19:37:22,0.0,0.0,393.0,22.3,42.0
2023-11-05 19:47:22,0.0,0.0,395.0,22.2,42.0
2023-11-05 19:57:22,0.0,0.0,386.0,22.2,42.0
2023-11-05 20:07:22,0.0,0.0,384.0,22.2,42.0
2023-11-05 20:17:22,0.0,0.0,375.0,22.3,42.0
2023-11-05 20:27:22,0.0,0.0,387.0,22.3,42.0
2023-11-05 20:37:22,0.0,0.0,380.0,22.3,42.0
2023-11-05 20:47:22,0.0,0.0,381.0,22.2,42.0
2023-11-05 20:57:22,0.0,0.0,370.0,22.3,42.0
2023-11-05 21:07:22,0.0,0.0,381.0,22.2,42.0
2023-11-05 21:17:21,0.0,0.0,385.0,22.3,42.0
2023-11-05 21:27:21,0.0,0.0,382.0,22.3,42.0
2023-11-05 21:37:21,0.0,0.0,382.0,22.3,42.0
2023-11-05 21:47:21,0.0,0.0,379.0,22.2,42.0
2023-11-05 21:57:21,0.0,0.0,389.0,22.2,42.0
2023-11-05 22:07:21,0.0,0.0,371.0,22.3,42.0
2023-11-05 22:17:21,0.0,0.0,384.0,22.3,42.0
2023-11-05 22:27:21,0.0,0.0,383.0,22.2,42.0
2023-11-05 22:37:21,0.0,0.0,390.0,22.3,42.0
2023-11-05 22:47:21,0.0,0.0,387.0,22.2,42.0
2023-11-05 22:57:21,0.0,0.0,382.0,22.2,42.0
2023-11-05 23:07:21,0.0,0.0,392.0,22.3,42.0
2023-11-05 23:17:21,0.0,0.0,383.0,22.2,42.0
2023-11-05 23:27:21,0.0,0.0,384.0,22.3,42.0
2023-11-05 23:37:21,0.0,0.0,379.0,22.3,42.0
2023-11-05 23:47:21,0.0,0.0,377.0,22.2,42.0
2023-11-05 23:57:21,0.0,0.0,386.0,22.2,42.0
2023-11-06 00:07:21,0.0,0.0,383.0,22.2,42.0
2023-11-06 00:17:21,0.0,0.0,378.0,22.2,42.0
2023-11-06 00:27:21,0.0,0.0,376.0,22.2,42.0
2023-11-06 00:37:21,0.0,0.0,371.0,22.2,42.0
2023-11-06 00:47:21,0.0,0.0,384.0,22.3,42.0
2023-11-06 00:57:21,0.0,0.0,395.0,22.2,42.0
2023-11-06 01:07:21,0.0,0.0,389.0,22.2,42.0
2023-11-06 01:17:21,0.0,0.0,382.0,22.2,42.0
2023-11-06 01:27:21,0.0,0.0,374.0,22.3,42.0
2023-11-06 01:37:21,0.0,0.0,380.0,22.2,42.0
2023-11-06 01:47:21,0.0,0.0,387.0,22.2,42.0
2023-11-06 01:57:21,0.0,0.0,378.0,22.3,42.0
2023-11-06 02:07:21,0.0,0.0,373.0,22.2,42.0
2023-11-06 02:17:21,0.0,0.0,385.0,22.2,42.0
2023-11-06 02:27:21,0.0,0.0,391.0,22.3,42.0
2023-11-06 02:37:21,0.0,0.0,411.0,22.2,42.0
2023-11-06 02:47:21,0.0,0.0,399.0,22.2,42.0
2023-11-06 02:57:20,0.0,0.0,403.0,22.3,42.0
2023-11-06 03:07:20,0.0,0.0,406.0,22.2,42.0
2023-11-06 03:17:20,0.0,0.0,400.0,22.2,42.0
2023-11-06 03:27:20,0.0,0.0,416.0,22.2,42.0
2023-11-06 03:37:20,0.0,0.0,397.0,22.3,42.0
2023-11-06 03:47:20,0.0,0.0,388.0,22.2,43.0
2023-11-06 03:57:20,0.0,0.0,402.0,22.2,42.0
2023-11-06 04:07:20,0.0,0.0,400.0,22.2,42.0
2023-11-06 04:17:20,0.0,0.0,410.0,22.3,42.0
2023-11-06 04:27:20,0.0,0.0,389.0,22.2,42.0
2023-11-06 04:37:20,1.0,50.0,410.0,22.2,42.0
2023-11-06 04:47:20,0.0,50.0,402.0,22.2,43.0
2023-11-06 04:57:20,0.0,0.0,411.0,22.2,43.0
2023-11-06 05:07:20,0.0,0.0,425.0,22.2,43.0
2023-11-06 05:17:20,0.0,0.0,414.0,22.2,43.0
2023-11-06 05:27:20,0.0,0.0,409.0,22.2,43.0
2023-11-06 05:37:20,2.0,50.0,397.0,22.2,43.0
2023-11-06 05:47:20,0.0,50.0,410.0,22.2,43.0
2023-11-06 05:57:20,0.0,0.0,405.0,22.3,43.0
2023-11-06 06:07:20,0.0,0.0,409.0,22.3,43.0
2023-11-06 06:17:20,0.0,0.0,399.0,22.3,43.0
2023-11-06 06:27:20,1.0,53.0,421.0,22.3,43.0
2023-11-06 06:37:20,0.0,53.0,423.0,22.2,43.0
2023-11-06 06:47:20,2.0,6.0,426.0,22.2,43.0
2023-11-06 06:57:20,0.0,6.0,445.0,22.2,43.0
2023-11-06 07:07:20,0.0,6.0,441.0,22.2,43.0
2023-11-06 07:17:20,0.0,6.0,436.0,22.2,43.0
2023-11-06 07:27:20,0.0,6.0,424.0,22.2,43.0
2023-11-06 07:37:20,1.0,3.0,426.0,22.2,43.0
2023-11-06 07:47:20,3.0,50.0,431.0,22.2,43.0
2023-11-06 07:57:20,3.0,50.0,460.0,22.2,43.0
2023-11-06 08:07:20,5.0,53.0,482.0,22.2,43.0
2023-11-06 08:17:19,1.0,50.0,447.0,22.2,43.0
2023-11-06 08:27:19,1.0,50.0,500.0,22.2,44.0
2023-11-06 08:37:19,3.0,50.0,507.0,22.2,45.0
2023-11-06 08:47:19,3.0,50.0,514.0,22.2,44.0
2023-11-06 08:57:19,2.0,50.0,535.0,22.2,45.0
2023-11-06 09:07:19,1.0,53.0,563.0,22.2,46.0
2023-11-06 09:17:19,3.0,57.0,519.0,22.2,45.0
2023-11-06 09:27:19,3.0,60.0,539.0,22.2,45.0
2023-11-06 09:37:19,1.0,60.0,707.0,22.2,46.0
2023-11-06 09:47:19,3.0,60.0,592.0,22.2,45.0
2023-11-06 09:57:19,0.0,63.0,606.0,22.2,45.0
2023-11-06 10:07:19,5.0,57.0,573.0,22.2,44.0
2023-11-06 10:17:19,5.0,60.0,537.0,22.3,44.0
2023-11-06 10:27:19,3.0,60.0,561.0,22.3,44.0
2023-11-06 10:37:19,5.0,60.0,653.0,22.3,44.0
2023-11-06 10:47:19,4.0,60.0,623.0,22.3,44.0
2023-11-06 10:57:19,0.0,60.0,622.0,22.3,44.0
2023-11-06 11:07:19,5.0,50.0,591.0,22.3,44.0
2023-11-06 11:17:19,5.0,60.0,808.0,22.4,46.0
2023-11-06 11:27:19,3.0,53.0,753.0,22.4,45.0
2023-11-06 11:37:19,6.0,53.0,708.0,22.4,45.0
2023-11-06 11:47:19,1.0,161.0,703.0,22.4,45.0
2023-11-06 11:57:19,4.0,63.0,690.0,22.5,45.0
2023-11-06 12:07:19,6.0,70.0,655.0,22.4,44.0
2023-11-06 12:17:19,3.0,60.0,648.0,22.4,44.0
2023-11-06 12:27:19,2.0,74.0,663.0,22.4,44.0
2023-11-06 12:37:19,2.0,60.0,650.0,22.4,44.0
2023-11-06 12:47:19,1.0,53.0,731.0,22.5,44.0
2023-11-06 12:57:19,12.0,117.0,913.0,22.5,45.0
2023-11-06 13:07:19,4.0,94.0,908.0,22.5,45.0
2023-11-06 13:17:19,2.0,53.0,939.0,22.5,45.0
2023-11-06 13:27:19,3.0,77.0,932.0,22.5,45.0
2023-11-06 13:37:19,2.0,53.0,958.0,22.5,45.0
2023-11-06 13:47:18,2.0,50.0,829.0,22.5,44.0
2023-11-06 13:57:18,5.0,50.0,858.0,22.5,45.0
2023-11-06 14:07:18,1.0,50.0,1076.0,22.5,46.0
2023-11-06 14:17:18,3.0,50.0,1036.0,22.5,46.0
2023-11-06 14:27:18,0.0,50.0,909.0,22.5,45.0
2023-11-06 14:37:18,2.0,50.0,978.0,22.5,45.0
2023-11-06 14:47:18,1.0,50.0,859.0,22.5,44.0
2023-11-06 14:57:18,1.0,50.0,976.0,22.5,44.0
2023-11-06 15:07:18,4.0,50.0,831.0,22.5,44.0
2023-11-06 15:17:18,3.0,50.0,816.0,22.5,44.0
2023-11-06 15:27:18,1.0,50.0,789.0,22.5,43.0
2023-11-06 15:37:18,1.0,50.0,975.0,22.5,44.0
2023-11-06 15:47:18,2.0,50.0,985.0,22.5,44.0
2023-11-06 15:57:18,6.0,53.0,909.0,22.5,44.0
2023-11-06 16:07:18,5.0,50.0,1009.0,22.5,45.0
2023-11-06 16:17:18,1.0,50.0,823.0,22.5,44.0
2023-11-06 16:27:18,0.0,50.0,856.0,22.6,44.0
2023-11-06 16:37:18,3.0,50.0,824.0,22.6,43.0
2023-11-06 16:47:18,0.0,50.0,816.0,22.5,43.0
2023-11-06 16:57:18,2.0,47.0,941.0,22.6,44.0
2023-11-06 17:07:18,3.0,50.0,838.0,22.6,43.0
2023-11-06 17:17:18,0.0,50.0,810.0,22.6,43.0
2023-11-06 17:27:18,0.0,50.0,961.0,22.6,44.0
2023-11-06 17:37:18,3.0,3.0,838.0,22.7,43.0
2023-11-06 17:47:18,1.0,47.0,838.0,22.6,43.0
2023-11-06 17:57:18,2.0,47.0,812.0,22.7,43.0
2023-11-06 18:07:18,1.0,47.0,853.0,22.6,43.0
2023-11-06 18:17:18,2.0,50.0,819.0,22.7,43.0
2023-11-06 18:27:18,0.0,3.0,806.0,22.7,43.0
2023-11-06 18:37:18,0.0,50.0,841.0,22.7,43.0
2023-11-06 18:47:18,0.0,50.0,865.0,22.6,43.0
2023-11-06 18:57:18,0.0,3.0,815.0,22.7,43.0
2023-11-06 19:07:18,0.0,3.0,861.0,22.7,43.0
2023-11-06 19:17:17,0.0,3.0,835.0,22.7,43.0
2023-11-06 19:27:17,0.0,3.0,827.0,22.7,43.0
2023-11-06 19:37:17,0.0,0.0,789.0,22.7,43.0
2023-11-06 19:47:17,0.0,0.0,715.0,22.6,43.0
2023-11-06 19:57:17,0.0,0.0,696.0,22.6,43.0
2023-11-06 20:07:17,0.0,0.0,674.0,22.6,43.0
2023-11-06 20:17:17,1.0,0.0,645.0,22.5,42.0
2023-11-06 20:27:17,0.0,0.0,643.0,22.6,42.0
2023-11-06 20:37:17,0.0,0.0,620.0,22.5,42.0
2023-11-06 20:47:17,0.0,0.0,605.0,22.5,42.0
2023-11-06 20:57:17,1.0,50.0,591.0,22.5,42.0
2023-11-06 21:07:17,0.0,50.0,583.0,22.6,42.0
2023-11-06 21:17:17,1.0,50.0,569.0,22.5,42.0
2023-11-06 21:27:17,0.0,50.0,565.0,22.5,42.0
2023-11-06 21:37:17,1.0,0.0,557.0,22.6,42.0
2023-11-06 21:47:17,0.0,0.0,572.0,22.6,42.0
2023-11-06 21:57:17,0.0,0.0,565.0,22.6,42.0
2023-11-06 22:07:17,0.0,0.0,554.0,22.5,42.0
2023-11-06 22:17:17,0.0,0.0,560.0,22.5,42.0
2023-11-06 22:27:17,0.0,0.0,551.0,22.5,42.0
2023-11-06 22:37:17,0.0,0.0,549.0,22.6,42.0
2023-11-06 22:47:17,0.0,0.0,560.0,22.5,42.0
2023-11-06 22:57:17,0.0,0.0,529.0,22.5,42.0
2023-11-06 23:07:17,0.0,0.0,543.0,22.5,42.0
2023-11-06 23:17:17,0.0,0.0,553.0,22.5,42.0
2023-11-06 23:27:17,0.0,0.0,533.0,22.5,42.0
2023-11-06 23:37:17,0.0,0.0,548.0,22.6,42.0
2023-11-06 23:47:17,0.0,0.0,553.0,22.6,42.0
2023-11-06 23:57:17,0.0,0.0,555.0,22.5,42.0
2023-11-07 00:07:17,0.0,0.0,538.0,22.5,42.0
2023-11-07 00:17:17,0.0,0.0,537.0,22.5,42.0
2023-11-07 00:27:17,0.0,0.0,563.0,22.5,42.0
2023-11-07 00:37:17,0.0,0.0,541.0,22.5,42.0
2023-11-07 00:47:16,0.0,0.0,530.0,22.5,42.0
2023-11-07 00:57:16,0.0,0.0,532.0,22.5,42.0
2023-11-07 01:07:16,0.0,0.0,529.0,22.5,42.0
2023-11-07 01:17:16,0.0,0.0,528.0,22.5,42.0
2023-11-07 01:27:16,0.0,0.0,528.0,22.5,42.0
2023-11-07 01:37:16,0.0,0.0,518.0,22.5,42.0
2023-11-07 01:47:16,0.0,0.0,527.0,22.5,42.0
2023-11-07 01:57:16,0.0,0.0,528.0,22.5,42.0
2023-11-07 02:07:16,0.0,0.0,506.0,22.5,42.0
2023-11-07 02:17:16,0.0,0.0,504.0,22.5,42.0
2023-11-07 02:27:16,0.0,0.0,524.0,22.5,42.0
2023-11-07 02:37:16,0.0,0.0,513.0,22.5,42.0
2023-11-07 02:47:16,0.0,0.0,511.0,22.5,42.0
2023-11-07 02:57:16,0.0,0.0,512.0,22.5,42.0
2023-11-07 03:07:16,0.0,0.0,507.0,22.6,42.0
2023-11-07 03:17:16,2.0,50.0,515.0,22.5,42.0
2023-11-07 03:27:16,0.0,50.0,497.0,22.5,42.0
2023-11-07 03:37:16,0.0,0.0,490.0,22.5,42.0
2023-11-07 03:47:16,0.0,0.0,495.0,22.6,41.0
2023-11-07 03:57:16,0.0,0.0,495.0,22.5,41.0
2023-11-07 04:07:16,1.0,47.0,496.0,22.5,42.0
2023-11-07 04:17:16,0.0,50.0,540.0,22.6,42.0
2023-11-07 04:27:16,0.0,0.0,509.0,22.6,42.0
2023-11-07 04:37:16,0.0,0.0,496.0,22.6,42.0
2023-11-07 04:47:16,0.0,0.0,479.0,22.6,41.0
2023-11-07 04:57:16,0.0,0.0,487.0,22.6,41.0
2023-11-07 05:07:16,0.0,0.0,480.0,22.5,41.0
2023-11-07 05:17:16,0.0,0.0,505.0,22.6,41.0
2023-11-07 05:27:16,0.0,0.0,505.0,22.6,41.0
2023-11-07 05:37:16,0.0,0.0,495.0,22.6,41.0
2023-11-07 05:47:16,0.0,0.0,485.0,22.6,41.0
2023-11-07 05:57:16,0.0,0.0,483.0,22.6,41.0
2023-11-07 06:07:16,0.0,50.0,486.0,22.6,42.0
2023-11-07 06:17:15,0.0,50.0,488.0,22.6,41.0
2023-11-07 06:27:15,1.0,6.0,487.0,22.6,41.0
2023-11-07 06:37:15,0.0,6.0,511.0,22.6,41.0
2023-11-07 06:47:15,2.0,50.0,525.0,22.6,42.0
2023-11-07 06:57:15,1.0,53.0,542.0,22.6,42.0
2023-11-07 07:07:15,1.0,57.0,566.0,22.7,42.0
2023-11-07 07:17:15,0.0,57.0,612.0,22.6,43.0
2023-11-07 07:27:15,2.0,57.0,552.0,22.6,42.0
2023-11-07 07:37:15,0.0,60.0,616.0,22.6,43.0
2023-11-07 07:47:15,2.0,57.0,640.0,22.6,43.0
2023-11-07 07:57:15,2.0,57.0,601.0,22.6,43.0
2023-11-07 08:07:15,5.0,53.0,623.0,22.5,44.0
2023-11-07 08:17:15,5.0,60.0,695.0,22.6,45.0
2023-11-07 08:27:15,5.0,57.0,809.0,22.6,46.0
2023-11-07 08:37:15,2.0,57.0,759.0,22.5,46.0
2023-11-07 08:47:15,3.0,53.0,742.0,22.5,46.0
2023-11-07 08:57:15,5.0,57.0,792.0,22.6,46.0
2023-11-07 09:07:15,2.0,53.0,776.0,22.6,46.0
2023-11-07 09:17:15,0.0,50.0,843.0,22.6,47.0
2023-11-07 09:27:15,2.0,53.0,841.0,22.6,46.0
2023-11-07 09:37:15,4.0,60.0,781.0,22.6,46.0
2023-11-07 09:47:15,1.0,57.0,831.0,22.5,46.0
2023-11-07 09:57:15,9.0,57.0,820.0,22.6,47.0
2023-11-07 10:07:15,6.0,60.0,1183.0,22.6,47.0
2023-11-07 10:17:15,4.0,60.0,1253.0,22.6,48.0
2023-11-07 10:27:15,5.0,53.0,1005.0,22.6,47.0
2023-11-07 10:37:15,1.0,53.0,924.0,22.6,47.0
2023-11-07 10:47:15,7.0,57.0,826.0,22.6,46.0
2023-11-07 10:57:15,4.0,53.0,941.0,22.6,47.0
2023-11-07 11:07:15,11.0,50.0,868.0,22.7,46.0
2023-11-07 11:17:15,5.0,57.0,923.0,22.7,46.0
2023-11-07 11:27:15,9.0,50.0,1038.0,22.7,48.0
2023-11-07 11:37:15,4.0,47.0,965.0,22.8,47.0
2023-11-07 11:47:14,4.0,50.0,926.0,22.9,46.0
2023-11-07 11:57:14,8.0,47.0,929.0,22.9,46.0
2023-11-07 12:07:14,6.0,57.0,970.0,22.8,47.0
2023-11-07 12:17:14,6.0,57.0,931.0,22.8,46.0
2023-11-07 12:27:14,1.0,57.0,940.0,22.8,46.0
2023-11-07 12:37:14,0.0,57.0,1105.0,22.7,47.0
2023-11-07 12:47:14,3.0,57.0,1039.0,22.7,47.0
2023-11-07 12:57:14,2.0,57.0,1053.0,22.7,47.0
2023-11-07 13:07:14,3.0,57.0,1007.0,22.7,47.0
2023-11-07 13:17:14,0.0,57.0,945.0,22.7,47.0
2023-11-07 13:27:14,8.0,53.0,945.0,22.6,47.0
2023-11-07 13:37:14,7.0,53.0,984.0,22.6,47.0
2023-11-07 13:47:15,2.0,53.0,985.0,22.6,47.0
2023-11-07 13:57:14,3.0,53.0,1053.0,22.7,47.0
2023-11-07 14:07:14,4.0,53.0,1042.0,22.6,47.0
2023-11-07 14:17:14,1.0,53.0,1006.0,22.6,47.0
2023-11-07 14:27:14,3.0,53.0,1012.0,22.6,47.0
2023-11-07 14:37:14,2.0,50.0,1070.0,22.6,48.0
2023-11-07 14:47:14,1.0,50.0,1023.0,22.6,47.0
2023-11-07 14:57:14,1.0,50.0,1080.0,22.6,47.0
2023-11-07 15:07:14,10.0,50.0,1107.0,22.7,47.0
2023-11-07 15:17:14,7.0,50.0,1020.0,22.7,47.0
2023-11-07 15:27:14,3.0,50.0,1110.0,22.7,47.0
2023-11-07 15:37:14,6.0,53.0,1460.0,22.7,48.0
2023-11-07 15:47:14,3.0,53.0,1217.0,22.7,48.0
2023-11-07 15:57:14,5.0,53.0,1536.0,22.8,49.0
2023-11-07 16:07:14,1.0,47.0,1331.0,22.7,48.0
2023-11-07 16:17:14,5.0,50.0,1336.0,22.7,48.0
2023-11-07 16:27:14,1.0,50.0,1404.0,22.8,48.0
2023-11-07 16:37:14,1.0,50.0,1632.0,22.8,50.0
2023-11-07 16:47:14,5.0,47.0,1241.0,22.8,48.0
2023-11-07 16:57:14,0.0,47.0,1307.0,22.8,48.0
2023-11-07 17:07:14,4.0,50.0,1273.0,22.8,48.0
2023-11-07 17:17:13,1.0,50.0,1180.0,22.8,48.0
2023-11-07 17:27:13,0.0,50.0,1163.0,22.8,48.0
2023-11-07 17:37:13,1.0,6.0,1212.0,22.8,48.0
2023-11-07 17:47:13,1.0,6.0,1166.0,22.8,48.0
2023-11-07 17:57:13,0.0,6.0,1171.0,22.8,48.0
2023-11-07 18:07:13,2.0,0.0,1161.0,22.8,47.0
2023-11-07 18:17:13,3.0,0.0,1075.0,22.8,47.0
2023-11-07 18:27:13,1.0,0.0,1036.0,22.8,47.0
2023-11-07 18:37:13,0.0,0.0,1019.0,22.8,47.0
2023-11-07 18:47:13,0.0,0.0,1008.0,22.7,47.0
2023-11-07 18:57:13,0.0,0.0,984.0,22.8,47.0
2023-11-07 19:07:13,0.0,0.0,911.0,22.8,47.0
2023-11-07 19:17:13,0.0,0.0,892.0,22.7,47.0
2023-11-07 19:27:13,0.0,0.0,880.0,22.8,46.0
2023-11-07 19:37:13,0.0,0.0,822.0,22.8,46.0
2023-11-07 19:47:13,0.0,0.0,795.0,22.8,46.0
2023-11-07 19:57:13,1.0,43.0,685.0,22.7,45.0
2023-11-07 20:07:13,2.0,50.0,702.0,22.7,44.0
2023-11-07 20:17:13,0.0,0.0,741.0,22.8,45.0
2023-11-07 20:27:13,1.0,50.0,733.0,22.8,45.0
2023-11-07 20:37:13,1.0,50.0,667.0,22.7,44.0
2023-11-07 20:47:13,0.0,0.0,673.0,22.7,45.0
2023-11-07 20:57:13,0.0,0.0,705.0,22.8,45.0
2023-11-07 21:07:13,1.0,50.0,661.0,22.7,44.0
2023-11-07 21:17:13,0.0,50.0,664.0,22.8,44.0
2023-11-07 21:27:13,0.0,0.0,637.0,22.7,44.0
2023-11-07 21:37:13,0.0,0.0,632.0,22.8,44.0
2023-11-07 21:47:13,0.0,0.0,634.0,22.8,44.0
2023-11-07 21:57:13,0.0,0.0,612.0,22.8,44.0
2023-11-07 22:07:13,0.0,0.0,607.0,22.7,44.0
2023-11-07 22:17:13,0.0,0.0,599.0,22.8,44.0
2023-11-07 22:27:13,0.0,0.0,598.0,22.8,43.0
2023-11-07 22:37:13,0.0,0.0,595.0,22.8,43.0
2023-11-07 22:47:12,0.0,0.0,589.0,22.8,43.0
2023-11-07 22:57:12,0.0,0.0,593.0,22.7,43.0
2023-11-07 23:07:12,0.0,0.0,603.0,22.7,43.0
2023-11-07 23:17:12,0.0,0.0,578.0,22.8,43.0
2023-11-07 23:27:12,0.0,0.0,566.0,22.8,43.0
2023-11-07 23:37:12,0.0,0.0,572.0,22.8,43.0
2023-11-07 23:47:12,0.0,0.0,581.0,22.8,43.0
2023-11-07 23:57:12,0.0,0.0,572.0,22.7,43.0
2023-11-08 00:07:12,0.0,0.0,564.0,22.7,43.0
2023-11-08 00:17:12,0.0,0.0,548.0,22.8,43.0
2023-11-08 00:27:12,0.0,0.0,546.0,22.7,42.0
2023-11-08 00:37:12,0.0,0.0,535.0,22.8,42.0
2023-11-08 00:47:12,0.0,0.0,553.0,22.7,42.0
2023-11-08 00:57:12,0.0,0.0,561.0,22.7,42.0
2023-11-08 01:07:12,0.0,0.0,545.0,22.8,42.0
2023-11-08 01:17:13,0.0,0.0,547.0,22.8,42.0
2023-11-08 01:27:12,0.0,0.0,524.0,22.8,42.0
2023-11-08 01:37:12,0.0,0.0,528.0,22.7,42.0
2023-11-08 01:47:12,0.0,0.0,518.0,22.8,42.0
2023-11-08 01:57:12,0.0,0.0,516.0,22.8,42.0
2023-11-08 02:07:12,0.0,0.0,526.0,22.8,42.0
2023-11-08 02:17:12,0.0,0.0,534.0,22.7,42.0
2023-11-08 02:27:12,0.0,0.0,526.0,22.7,42.0
2023-11-08 02:37:12,0.0,0.0,522.0,22.8,42.0
2023-11-08 02:47:12,0.0,0.0,503.0,22.8,42.0
2023-11-08 02:57:12,0.0,0.0,507.0,22.8,42.0
2023-11-08 03:07:12,0.0,0.0,495.0,22.8,42.0
2023-11-08 03:17:12,2.0,50.0,488.0,22.8,42.0
2023-11-08 03:27:12,0.0,50.0,506.0,22.8,42.0
2023-11-08 03:37:12,0.0,0.0,509.0,22.8,42.0
2023-11-08 03:47:12,0.0,0.0,539.0,22.8,42.0
2023-11-08 03:57:12,0.0,0.0,537.0,22.8,42.0
2023-11-08 04:07:12,0.0,0.0,524.0,22.8,42.0
2023-11-08 04:17:12,1.0,37.0,535.0,22.8,42.0
2023-11-08 04:27:11,1.0,50.0,569.0,22.8,43.0
2023-11-08 04:37:11,0.0,0.0,574.0,22.8,43.0
2023-11-08 04:47:11,0.0,0.0,557.0,22.8,43.0
2023-11-08 04:57:11,0.0,0.0,552.0,22.8,43.0
2023-11-08 05:07:11,0.0,0.0,530.0,22.9,43.0
2023-11-08 05:17:11,0.0,0.0,515.0,22.8,43.0
2023-11-08 05:27:11,0.0,0.0,509.0,22.8,43.0
2023-11-08 05:37:11,0.0,0.0,495.0,22.8,42.0
2023-11-08 05:47:11,0.0,0.0,496.0,22.8,42.0
2023-11-08 05:57:11,0.0,0.0,490.0,22.9,42.0
2023-11-08 06:07:11,2.0,50.0,537.0,22.8,43.0
2023-11-08 06:17:11,2.0,53.0,629.0,22.9,44.0
2023-11-08 06:27:11,2.0,57.0,653.0,23.0,44.0
2023-11-08 06:37:11,2.0,57.0,649.0,22.9,44.0
2023-11-08 06:47:11,0.0,10.0,688.0,22.9,44.0
2023-11-08 06:57:11,0.0,10.0,693.0,22.9,44.0
2023-11-08 07:07:39,2.0,57.0,639.0,23.0,44.0
2023-11-08 07:17:39,1.0,53.0,702.0,23.0,44.0
2023-11-08 07:27:39,1.0,50.0,665.0,22.9,44.0
2023-11-08 07:37:39,3.0,50.0,707.0,23.0,44.0
2023-11-08 07:47:39,6.0,50.0,698.0,22.9,44.0
2023-11-08 07:57:39,1.0,53.0,616.0,22.9,44.0
2023-11-08 08:07:39,2.0,53.0,638.0,22.8,44.0
2023-11-08 08:17:39,1.0,53.0,698.0,22.8,44.0
2023-11-08 08:27:39,4.0,57.0,705.0,22.8,45.0
2023-11-08 08:37:39,1.0,53.0,731.0,22.8,45.0
2023-11-08 08:47:39,0.0,57.0,753.0,22.8,45.0
2023-11-08 08:57:39,1.0,53.0,709.0,22.8,45.0
2023-11-08 09:07:39,5.0,53.0,809.0,22.8,46.0
2023-11-08 09:17:39,2.0,50.0,716.0,22.8,46.0
2023-11-08 09:27:39,2.0,53.0,762.0,22.8,46.0
2023-11-08 09:37:39,1.0,60.0,740.0,22.8,46.0
2023-11-08 09:47:39,3.0,60.0,780.0,22.9,46.0
2023-11-08 09:57:39,5.0,57.0,822.0,22.8,46.0
2023-11-08 10:07:39,3.0,60.0,887.0,22.8,46.0
2023-11-08 10:17:39,1.0,60.0,742.0,22.8,45.0
2023-11-08 10:27:39,1.0,63.0,804.0,22.8,46.0
2023-11-08 10:37:39,1.0,53.0,820.0,22.8,46.0
2023-11-08 10:47:38,3.0,57.0,833.0,22.8,45.0
2023-11-08 10:57:38,1.0,63.0,717.0,22.9,45.0
2023-11-08 11:07:38,8.0,70.0,759.0,22.8,45.0
2023-11-08 11:17:38,5.0,74.0,996.0,22.9,46.0
2023-11-08 11:27:38,2.0,50.0,1021.0,22.9,46.0
2023-11-08 11:37:38,5.0,53.0,910.0,22.9,45.0
2023-11-08 11:47:38,3.0,53.0,665.0,22.9,43.0
2023-11-08 11:57:38,2.0,114.0,793.0,22.9,44.0
2023-11-08 12:07:38,5.0,151.0,814.0,23.0,44.0
2023-11-08 12:17:38,6.0,57.0,794.0,23.0,44.0
2023-11-08 12:27:38,4.0,60.0,806.0,23.0,44.0
2023-11-08 12:37:38,4.0,57.0,814.0,22.9,44.0
2023-11-08 12:47:38,1.0,57.0,962.0,23.0,45.0
2023-11-08 12:57:38,3.0,47.0,987.0,23.0,46.0
2023-11-08 13:07:38,4.0,53.0,1025.0,23.0,46.0
2023-11-08 13:17:38,0.0,53.0,1062.0,23.0,46.0
2023-11-08 13:27:38,0.0,57.0,1091.0,23.1,46.0
2023-11-08 13:37:38,3.0,53.0,1054.0,23.0,46.0
2023-11-08 13:47:38,1.0,50.0,1054.0,23.0,46.0
2023-11-08 13:57:38,2.0,50.0,1034.0,23.1,46.0
2023-11-08 14:07:38,8.0,53.0,909.0,23.1,45.0
2023-11-08 14:17:38,6.0,50.0,933.0,23.1,45.0
2023-11-08 14:27:38,1.0,50.0,1011.0,23.1,45.0
2023-11-08 14:37:38,0.0,50.0,1027.0,23.1,45.0
2023-11-08 14:47:38,2.0,50.0,985.0,23.1,45.0
2023-11-08 14:57:38,2.0,50.0,963.0,23.1,45.0
2023-11-08 15:07:38,1.0,47.0,859.0,23.1,44.0
2023-11-08 15:17:38,2.0,47.0,870.0,23.1,44.0
2023-11-08 15:27:38,2.0,47.0,876.0,23.0,44.0
2023-11-08 15:37:38,3.0,43.0,1047.0,23.0,45.0
2023-11-08 15:47:38,1.0,47.0,949.0,23.0,44.0
2023-11-08 15:57:38,3.0,47.0,875.0,23.1,43.0
2023-11-08 16:07:38,1.0,47.0,817.0,23.0,43.0
2023-11-08 16:17:37,1.0,47.0,848.0,23.0,43.0
2023-11-08 16:27:37,2.0,43.0,815.0,22.9,43.0
2023-11-08 16:37:37,2.0,47.0,754.0,23.0,43.0
2023-11-08 16:47:37,1.0,47.0,805.0,23.0,43.0
2023-11-08 16:57:37,1.0,50.0,753.0,23.0,43.0
2023-11-08 17:07:38,0.0,50.0,743.0,23.0,43.0
2023-11-08 17:17:37,0.0,50.0,807.0,22.9,43.0
2023-11-08 17:27:37,2.0,50.0,717.0,22.9,43.0
2023-11-08 17:37:37,4.0,6.0,754.0,22.9,43.0
2023-11-08 17:47:37,1.0,37.0,791.0,22.9,43.0
2023-11-08 17:57:37,0.0,50.0,752.0,23.0,43.0
2023-11-08 18:07:37,0.0,0.0,763.0,23.0,43.0
2023-11-08 18:17:37,0.0,0.0,729.0,23.0,43.0
2023-11-08 18:27:37,0.0,0.0,732.0,22.9,43.0
2023-11-08 18:37:37,0.0,0.0,688.0,23.0,43.0
2023-11-08 18:47:37,0.0,0.0,662.0,22.9,43.0
2023-11-08 18:57:37,0.0,0.0,632.0,23.0,42.0
2023-11-08 19:07:37,1.0,50.0,660.0,22.9,42.0
2023-11-08 19:17:37,0.0,53.0,645.0,22.9,42.0
2023-11-08 19:27:37,0.0,6.0,704.0,22.9,43.0
2023-11-08 19:37:37,0.0,6.0,756.0,22.9,43.0
2023-11-08 19:47:37,0.0,6.0,745.0,22.9,43.0
2023-11-08 19:57:37,0.0,6.0,723.0,22.9,43.0
2023-11-08 20:07:37,0.0,6.0,722.0,22.8,43.0
2023-11-08 20:17:37,1.0,0.0,602.0,22.9,42.0
2023-11-08 20:27:37,0.0,0.0,584.0,22.9,42.0
2023-11-08 20:37:37,0.0,0.0,604.0,22.9,42.0
2023-11-08 20:47:37,0.0,0.0,617.0,22.9,42.0
2023-11-08 20:57:37,0.0,0.0,626.0,22.9,42.0
2023-11-08 21:07:37,0.0,0.0,612.0,22.9,42.0
2023-11-08 21:17:37,0.0,0.0,606.0,22.9,42.0
2023-11-08 21:27:37,0.0,0.0,588.0,22.9,42.0
2023-11-08 21:37:37,1.0,50.0,623.0,22.9,42.0
2023-11-08 21:47:36,0.0,50.0,589.0,22.9,42.0
2023-11-08 21:57:36,0.0,0.0,585.0,22.9,42.0
2023-11-08 22:07:37,0.0,0.0,608.0,22.9,42.0
2023-11-08 22:17:36,0.0,0.0,588.0,22.9,42.0
2023-11-08 22:27:36,0.0,47.0,616.0,22.9,42.0
2023-11-08 22:37:36,0.0,50.0,589.0,22.9,42.0
2023-11-08 22:47:36,0.0,0.0,562.0,23.0,42.0
2023-11-08 22:57:36,0.0,0.0,560.0,22.9,42.0
2023-11-08 23:07:36,0.0,0.0,546.0,22.9,41.0
2023-11-08 23:17:36,0.0,0.0,548.0,22.9,41.0
2023-11-08 23:27:36,0.0,0.0,536.0,23.0,41.0
2023-11-08 23:37:36,0.0,0.0,541.0,22.9,41.0
2023-11-08 23:47:36,0.0,0.0,522.0,22.9,41.0
2023-11-08 23:57:36,0.0,0.0,530.0,22.9,41.0
2023-11-09 00:07:36,0.0,0.0,514.0,22.9,41.0
2023-11-09 00:17:36,0.0,0.0,516.0,22.9,41.0
2023-11-09 00:27:36,0.0,0.0,495.0,22.9,41.0
2023-11-09 00:37:36,0.0,0.0,505.0,22.9,41.0
2023-11-09 00:47:36,0.0,0.0,506.0,22.9,41.0
2023-11-09 00:57:36,0.0,0.0,490.0,22.9,41.0
2023-11-09 01:07:36,0.0,0.0,488.0,22.9,41.0
2023-11-09 01:17:36,0.0,0.0,505.0,22.9,41.0
2023-11-09 01:27:36,0.0,0.0,484.0,22.9,41.0
2023-11-09 01:37:36,0.0,0.0,495.0,22.9,41.0
2023-11-09 01:47:36,0.0,0.0,495.0,22.9,41.0
2023-11-09 01:57:36,0.0,0.0,485.0,22.9,41.0
2023-11-09 02:07:36,0.0,0.0,491.0,22.9,41.0
2023-11-09 02:17:36,0.0,0.0,490.0,22.9,41.0
2023-11-09 02:27:36,0.0,0.0,481.0,22.9,41.0
2023-11-09 02:37:36,0.0,0.0,476.0,22.9,41.0
2023-11-09 02:47:36,0.0,0.0,477.0,22.9,41.0
2023-11-09 02:57:36,0.0,0.0,483.0,22.9,41.0
2023-11-09 03:07:36,1.0,47.0,494.0,22.9,41.0
2023-11-09 03:17:35,1.0,50.0,461.0,22.9,41.0
2023-11-09 03:27:35,0.0,0.0,465.0,22.9,41.0
2023-11-09 03:37:35,0.0,0.0,469.0,22.9,41.0
2023-11-09 03:47:35,0.0,0.0,474.0,22.9,41.0
2023-11-09 03:57:35,0.0,0.0,468.0,22.9,41.0
2023-11-09 04:07:35,0.0,0.0,479.0,22.9,41.0
2023-11-09 04:17:35,2.0,50.0,500.0,23.0,41.0
2023-11-09 04:27:35,0.0,50.0,486.0,22.9,41.0
2023-11-09 04:37:35,0.0,0.0,492.0,23.0,41.0
2023-11-09 04:47:35,0.0,0.0,472.0,23.0,41.0
2023-11-09 04:57:35,0.0,0.0,478.0,22.9,41.0
2023-11-09 05:07:35,0.0,0.0,458.0,22.9,41.0
2023-11-09 05:17:35,0.0,0.0,472.0,22.9,41.0
2023-11-09 05:27:35,0.0,0.0,447.0,22.9,41.0
2023-11-09 05:37:35,0.0,0.0,461.0,23.0,41.0
2023-11-09 05:47:35,0.0,0.0,452.0,23.0,41.0
2023-11-09 05:57:35,0.0,0.0,453.0,23.0,41.0
2023-11-09 06:07:35,0.0,0.0,456.0,23.0,41.0
2023-11-09 06:17:35,0.0,0.0,435.0,23.0,41.0
2023-11-09 06:27:35,2.0,47.0,475.0,23.0,41.0
2023-11-09 06:37:35,0.0,47.0,456.0,22.9,41.0
2023-11-09 06:47:35,2.0,47.0,460.0,23.0,41.0
2023-11-09 06:57:35,2.0,50.0,469.0,23.0,41.0
2023-11-09 07:07:35,1.0,50.0,518.0,23.0,41.0
2023-11-09 07:17:35,0.0,50.0,470.0,23.0,41.0
2023-11-09 07:27:35,1.0,50.0,577.0,23.0,42.0
2023-11-09 07:37:35,0.0,50.0,565.0,23.0,42.0
2023-11-09 07:47:35,2.0,50.0,559.0,23.0,42.0
2023-11-09 07:57:35,1.0,50.0,534.0,23.0,42.0
2023-11-09 08:07:35,1.0,53.0,587.0,23.0,43.0
2023-11-09 08:17:35,2.0,50.0,580.0,22.9,43.0
2023-11-09 08:27:35,0.0,53.0,659.0,22.9,44.0
2023-11-09 08:37:35,8.0,53.0,696.0,22.9,45.0
2023-11-09 08:47:34,3.0,53.0,634.0,22.8,44.0
2023-11-09 08:57:34,1.0,53.0,664.0,22.8,45.0
2023-11-09 09:07:34,2.0,50.0,634.0,22.8,44.0
2023-11-09 09:17:34,0.0,50.0,579.0,22.8,44.0
2023-11-09 09:27:34,3.0,53.0,654.0,22.9,45.0
2023-11-09 09:37:35,4.0,50.0,610.0,22.8,44.0
2023-11-09 09:47:34,3.0,50.0,642.0,22.8,44.0
2023-11-09 09:57:34,5.0,47.0,682.0,22.8,45.0
2023-11-09 10:07:34,3.0,47.0,647.0,22.9,44.0
2023-11-09 10:17:34,7.0,47.0,624.0,22.8,44.0
2023-11-09 10:27:34,3.0,47.0,693.0,22.9,45.0
2023-11-09 10:37:34,6.0,47.0,694.0,22.9,45.0
2023-11-09 10:47:34,2.0,47.0,740.0,22.9,45.0
2023-11-09 10:57:34,4.0,47.0,741.0,22.9,45.0
2023-11-09 11:07:34,6.0,47.0,725.0,22.9,45.0
2023-11-09 11:17:34,5.0,47.0,683.0,22.9,45.0
2023-11-09 11:27:34,2.0,47.0,639.0,22.9,45.0
2023-11-09 11:37:34,5.0,47.0,624.0,22.9,44.0
2023-11-09 11:47:34,6.0,50.0,755.0,22.9,45.0
2023-11-09 11:57:34,3.0,47.0,785.0,22.9,45.0
2023-11-09 12:07:34,4.0,47.0,822.0,22.9,45.0
2023-11-09 12:17:34,10.0,50.0,889.0,22.9,46.0
2023-11-09 12:27:34,0.0,50.0,900.0,23.0,46.0
2023-11-09 12:37:34,2.0,50.0,917.0,22.9,46.0
2023-11-09 12:47:34,3.0,50.0,894.0,22.9,46.0
2023-11-09 12:57:34,2.0,50.0,914.0,22.9,46.0
2023-11-09 13:07:34,5.0,50.0,819.0,22.9,46.0
2023-11-09 13:17:34,2.0,50.0,795.0,23.0,46.0
2023-11-09 13:27:34,1.0,50.0,882.0,22.9,46.0
2023-11-09 13:37:34,1.0,50.0,815.0,22.9,45.0
2023-11-09 13:47:34,5.0,50.0,910.0,23.0,46.0
2023-11-09 13:57:34,3.0,50.0,947.0,23.0,46.0
2023-11-09 14:07:34,3.0,50.0,970.0,23.0,47.0
2023-11-09 14:17:34,6.0,50.0,967.0,23.0,46.0
2023-11-09 14:27:33,2.0,50.0,754.0,23.0,45.0
2023-11-09 14:37:33,0.0,50.0,743.0,23.0,45.0
2023-11-09 14:47:33,3.0,50.0,778.0,23.0,45.0
2023-11-09 14:57:34,1.0,50.0,728.0,23.0,44.0
2023-11-09 15:07:33,5.0,50.0,857.0,23.1,45.0
2023-11-09 15:17:34,6.0,50.0,862.0,23.1,45.0
2023-11-09 15:27:34,4.0,50.0,825.0,23.1,45.0
2023-11-09 15:37:33,1.0,47.0,756.0,23.1,44.0
2023-11-09 15:47:33,2.0,47.0,730.0,23.1,44.0
2023-11-09 15:57:33,4.0,47.0,752.0,23.1,44.0
2023-11-09 16:07:33,2.0,47.0,753.0,23.1,44.0
2023-11-09 16:17:33,2.0,47.0,719.0,23.2,44.0
2023-11-09 16:27:33,6.0,47.0,861.0,23.1,45.0
2023-11-09 16:37:33,1.0,47.0,755.0,23.2,44.0
2023-11-09 16:47:33,0.0,47.0,782.0,23.2,44.0
2023-11-09 16:57:33,0.0,47.0,778.0,23.2,44.0
2023-11-09 17:07:33,2.0,47.0,833.0,23.2,44.0
2023-11-09 17:17:33,1.0,47.0,810.0,23.2,44.0
2023-11-09 17:27:33,4.0,47.0,873.0,23.3,44.0
2023-11-09 17:37:33,1.0,3.0,984.0,23.2,45.0
2023-11-09 17:47:33,2.0,3.0,1091.0,23.1,45.0
2023-11-09 17:57:33,0.0,3.0,1127.0,23.2,46.0
2023-11-09 18:07:33,2.0,50.0,975.0,23.2,45.0
2023-11-09 18:17:33,2.0,47.0,907.0,23.1,45.0
2023-11-09 18:27:33,0.0,3.0,886.0,23.1,45.0
2023-11-09 18:37:33,0.0,0.0,771.0,23.1,45.0
2023-11-09 18:47:33,0.0,3.0,734.0,23.1,45.0
2023-11-09 18:57:33,0.0,0.0,735.0,23.1,44.0
2023-11-09 19:07:33,1.0,47.0,816.0,23.1,45.0
2023-11-09 19:17:33,0.0,47.0,820.0,23.1,44.0
2023-11-09 19:27:33,0.0,3.0,864.0,23.2,44.0
2023-11-09 19:37:33,0.0,3.0,813.0,23.1,44.0
2023-11-09 19:47:33,0.0,3.0,778.0,23.2,44.0
2023-11-09 19:57:32,0.0,3.0,782.0,23.2,44.0
2023-11-09 20:07:32,0.0,0.0,760.0,23.1,44.0
2023-11-09 20:17:33,0.0,0.0,713.0,23.1,44.0
2023-11-09 20:27:33,0.0,0.0,719.0,23.1,44.0
2023-11-09 20:37:32,0.0,0.0,721.0,23.1,44.0
2023-11-09 20:47:32,0.0,0.0,727.0,23.1,44.0
2023-11-09 20:57:32,0.0,0.0,685.0,23.0,44.0
2023-11-09 21:07:32,0.0,0.0,673.0,23.1,44.0
2023-11-09 21:17:32,1.0,0.0,674.0,23.0,43.0
2023-11-09 21:27:32,0.0,0.0,651.0,23.1,43.0
2023-11-09 21:37:32,0.0,0.0,673.0,23.1,43.0
2023-11-09 21:47:32,0.0,0.0,694.0,23.0,44.0
2023-11-09 21:57:32,0.0,0.0,673.0,23.0,44.0
2023-11-09 22:07:32,0.0,0.0,691.0,23.0,44.0
2023-11-09 22:17:32,0.0,0.0,663.0,23.1,44.0
2023-11-09 22:27:32,0.0,0.0,625.0,23.1,43.0
2023-11-09 22:37:32,0.0,0.0,651.0,23.1,43.0
2023-11-09 22:47:32,0.0,0.0,653.0,23.1,43.0
2023-11-09 22:57:32,0.0,0.0,614.0,23.0,43.0
2023-11-09 23:07:32,0.0,0.0,659.0,23.0,43.0
2023-11-09 23:17:32,0.0,0.0,630.0,23.0,43.0
2023-11-09 23:27:32,0.0,0.0,638.0,23.0,43.0
2023-11-09 23:37:32,0.0,0.0,617.0,23.1,43.0
2023-11-09 23:47:32,0.0,0.0,594.0,23.0,43.0
2023-11-09 23:57:32,0.0,0.0,583.0,23.0,43.0
2023-11-10 00:07:32,0.0,0.0,603.0,23.1,43.0
2023-11-10 00:17:32,0.0,0.0,580.0,23.0,43.0
2023-11-10 00:27:32,0.0,0.0,566.0,23.0,43.0
2023-11-10 00:37:32,0.0,0.0,593.0,23.0,43.0
2023-11-10 00:47:32,0.0,0.0,562.0,23.1,43.0
2023-11-10 00:57:32,0.0,0.0,560.0,23.1,43.0
2023-11-10 01:07:32,0.0,0.0,568.0,23.1,43.0
2023-11-10 01:17:31,0.0,0.0,566.0,23.0,43.0
2023-11-10 01:27:31,0.0,0.0,566.0,23.0,43.0
2023-11-10 01:37:32,0.0,0.0,574.0,23.0,43.0
2023-11-10 01:47:31,0.0,0.0,587.0,23.0,43.0
2023-11-10 01:57:31,0.0,0.0,547.0,23.0,43.0
2023-11-10 02:07:31,0.0,0.0,571.0,23.0,42.0
2023-11-10 02:17:31,0.0,0.0,552.0,23.0,42.0
2023-11-10 02:27:31,0.0,0.0,544.0,23.1,42.0
2023-11-10 02:37:31,0.0,0.0,537.0,23.0,42.0
2023-11-10 02:47:31,0.0,0.0,545.0,23.0,42.0
2023-11-10 02:57:32,0.0,0.0,536.0,23.0,42.0
2023-11-10 03:07:31,2.0,47.0,518.0,23.0,42.0
2023-11-10 03:17:31,0.0,50.0,512.0,23.0,42.0
2023-11-10 03:27:31,0.0,0.0,513.0,23.1,42.0
2023-11-10 03:37:31,0.0,0.0,534.0,23.1,42.0
2023-11-10 03:47:31,0.0,0.0,504.0,23.0,42.0
2023-11-10 03:57:31,0.0,0.0,492.0,23.0,42.0
2023-11-10 04:07:31,2.0,50.0,493.0,23.1,42.0
2023-11-10 04:17:31,0.0,50.0,497.0,23.1,41.0
2023-11-10 04:27:31,0.0,0.0,496.0,23.1,41.0
2023-11-10 04:37:31,0.0,0.0,470.0,23.1,41.0
2023-11-10 04:47:31,0.0,0.0,462.0,23.1,41.0
2023-11-10 04:57:31,0.0,0.0,473.0,23.1,41.0
2023-11-10 05:07:31,0.0,0.0,486.0,23.1,41.0
2023-11-10 05:17:31,0.0,0.0,468.0,23.1,41.0
2023-11-10 05:27:31,0.0,0.0,481.0,23.1,41.0
2023-11-10 05:37:31,0.0,0.0,468.0,23.2,41.0
2023-11-10 05:47:31,0.0,0.0,493.0,23.1,41.0
2023-11-10 05:57:31,0.0,0.0,471.0,23.1,41.0
2023-11-10 06:07:31,0.0,0.0,469.0,23.0,41.0
2023-11-10 06:17:31,0.0,0.0,476.0,23.1,41.0
2023-11-10 06:27:31,0.0,0.0,464.0,23.1,41.0
2023-11-10 06:37:31,0.0,0.0,471.0,23.1,41.0
2023-11-10 06:47:30,0.0,0.0,469.0,23.2,41.0
2023-11-10 06:57:31,0.0,0.0,464.0,23.1,41.0
2023-11-10 07:07:30,0.0,0.0,481.0,23.1,41.0
2023-11-10 07:17:30,0.0,0.0,490.0,23.0,41.0
2023-11-10 07:27:30,0.0,0.0,492.0,23.1,41.0
2023-11-10 07:37:30,4.0,47.0,551.0,23.1,42.0
2023-11-10 07:47:30,1.0,47.0,528.0,23.1,42.0
2023-11-10 07:57:30,2.0,47.0,536.0,23.1,42.0
2023-11-10 08:07:30,2.0,50.0,547.0,23.1,42.0
2023-11-10 08:17:30,5.0,50.0,607.0,23.0,43.0
2023-11-10 08:27:30,1.0,47.0,599.0,23.0,42.0
2023-11-10 08:37:30,1.0,50.0,619.0,23.0,42.0
2023-11-10 08:47:30,0.0,43.0,603.0,22.9,42.0
2023-11-10 08:57:30,1.0,47.0,590.0,22.9,42.0
2023-11-10 09:07:30,4.0,50.0,591.0,22.9,42.0
2023-11-10 09:17:30,8.0,50.0,624.0,22.9,42.0
2023-11-10 09:27:30,6.0,50.0,627.0,23.0,42.0
2023-11-10 09:37:30,4.0,50.0,621.0,23.0,42.0
2023-11-10 09:47:30,0.0,50.0,605.0,23.0,42.0
2023-11-10 09:57:30,3.0,50.0,664.0,23.0,43.0
2023-11-10 10:07:30,1.0,50.0,780.0,23.0,43.0
2023-11-10 10:17:30,4.0,50.0,776.0,23.0,44.0
2023-11-10 10:27:30,7.0,50.0,859.0,23.1,44.0
2023-11-10 10:37:30,1.0,50.0,691.0,23.0,43.0
2023-11-10 10:47:30,2.0,50.0,880.0,23.1,44.0
2023-11-10 10:57:30,3.0,50.0,872.0,23.1,44.0
2023-11-10 11:07:30,8.0,43.0,834.0,23.1,44.0
2023-11-10 11:17:30,3.0,50.0,899.0,23.0,44.0
2023-11-10 11:27:30,0.0,50.0,982.0,23.1,45.0
2023-11-10 11:37:30,2.0,47.0,892.0,23.0,44.0
2023-11-10 11:47:30,1.0,47.0,738.0,23.0,43.0
2023-11-10 11:57:30,6.0,47.0,698.0,23.1,43.0
2023-11-10 12:07:30,4.0,50.0,678.0,23.0,42.0
2023-11-10 12:17:30,6.0,50.0,797.0,23.0,43.0
2023-11-10 12:27:29,5.0,50.0,854.0,23.1,44.0
2023-11-10 12:37:29,2.0,50.0,794.0,23.1,43.0
2023-11-10 12:47:29,2.0,50.0,802.0,23.1,43.0
2023-11-10 12:57:29,3.0,53.0,874.0,23.1,44.0
2023-11-10 13:07:29,0.0,53.0,922.0,23.1,44.0
2023-11-10 13:17:29,3.0,53.0,864.0,23.1,44.0
2023-11-10 13:27:29,0.0,50.0,957.0,23.1,44.0
2023-11-10 13:37:29,1.0,57.0,959.0,23.1,44.0
2023-11-10 13:47:29,1.0,53.0,957.0,23.1,44.0
2023-11-10 13:57:29,1.0,53.0,950.0,23.1,44.0
2023-11-10 14:07:29,2.0,53.0,945.0,23.1,44.0
2023-11-10 14:17:29,4.0,53.0,1092.0,23.1,45.0
2023-11-10 14:27:29,7.0,53.0,943.0,23.0,44.0
2023-11-10 14:37:29,4.0,50.0,956.0,23.0,44.0
2023-11-10 14:47:29,0.0,50.0,1013.0,23.0,44.0
2023-11-10 14:57:29,1.0,50.0,968.0,23.0,44.0
2023-11-10 15:07:29,5.0,50.0,894.0,23.0,43.0
2023-11-10 15:17:29,6.0,50.0,865.0,23.0,43.0
2023-11-10 15:27:29,2.0,47.0,852.0,23.0,42.0
2023-11-10 15:37:29,2.0,47.0,809.0,23.0,42.0
2023-11-10 15:47:29,3.0,50.0,769.0,23.1,42.0
2023-11-10 15:57:29,2.0,47.0,767.0,23.0,41.0
2023-11-10 16:07:29,2.0,47.0,773.0,23.1,41.0
2023-11-10 16:17:29,1.0,47.0,743.0,23.1,41.0
2023-11-10 16:27:29,3.0,47.0,945.0,23.1,42.0
2023-11-10 16:37:29,0.0,47.0,1080.0,23.1,43.0
2023-11-10 16:47:29,4.0,47.0,851.0,23.1,42.0
2023-11-10 16:57:29,2.0,47.0,750.0,23.1,42.0
2023-11-10 17:07:29,2.0,47.0,719.0,23.2,41.0
2023-11-10 17:17:29,0.0,47.0,659.0,23.2,40.0
2023-11-10 17:27:29,0.0,47.0,650.0,23.3,39.0
2023-11-10 17:37:29,0.0,3.0,688.0,23.3,39.0
2023-11-10 17:47:29,0.0,3.0,677.0,23.2,39.0
2023-11-10 17:57:28,0.0,3.0,665.0,23.3,39.0
2023-11-10 18:07:28,0.0,3.0,673.0,23.3,39.0
2023-11-10 18:17:28,1.0,50.0,679.0,23.2,39.0
2023-11-10 18:27:28,1.0,47.0,671.0,23.3,39.0
2023-11-10 18:37:28,0.0,3.0,709.0,23.3,40.0
2023-11-10 18:47:28,0.0,3.0,708.0,23.3,40.0
2023-11-10 18:57:28,0.0,3.0,715.0,23.3,40.0
2023-11-10 19:07:28,0.0,0.0,691.0,23.3,40.0
2023-11-10 19:17:28,0.0,0.0,680.0,23.3,40.0
2023-11-10 19:27:28,0.0,0.0,732.0,23.2,41.0
2023-11-10 19:37:28,0.0,0.0,757.0,23.2,41.0
2023-11-10 19:47:28,0.0,0.0,775.0,23.2,41.0
2023-11-10 19:57:28,0.0,0.0,725.0,23.1,41.0
2023-11-10 20:07:28,0.0,0.0,732.0,23.1,41.0
2023-11-10 20:17:28,0.0,0.0,760.0,23.1,42.0
2023-11-10 20:27:28,0.0,0.0,712.0,23.1,42.0
2023-11-10 20:37:28,0.0,0.0,737.0,23.1,42.0
2023-11-10 20:47:28,0.0,0.0,694.0,23.1,41.0
2023-11-10 20:57:28,0.0,0.0,701.0,23.1,41.0
2023-11-10 21:07:28,0.0,0.0,689.0,23.1,41.0
2023-11-10 21:17:28,0.0,0.0,687.0,23.1,41.0
2023-11-10 21:27:28,0.0,0.0,670.0,23.1,41.0
2023-11-10 21:37:28,0.0,0.0,669.0,23.1,41.0
2023-11-10 21:47:28,0.0,0.0,665.0,23.1,41.0
2023-11-10 21:57:28,1.0,0.0,608.0,23.1,41.0
2023-11-10 22:07:28,1.0,0.0,608.0,23.1,41.0
2023-11-10 22:17:28,0.0,0.0,661.0,23.1,41.0
2023-11-10 22:27:28,0.0,0.0,653.0,23.1,41.0
2023-11-10 22:37:28,0.0,0.0,662.0,23.1,41.0
2023-11-10 22:47:28,1.0,3.0,562.0,23.1,40.0
2023-11-10 22:57:28,1.0,0.0,544.0,23.1,40.0
2023-11-10 23:07:28,0.0,0.0,623.0,23.1,41.0
2023-11-10 23:17:27,0.0,0.0,640.0,23.1,41.0
2023-11-10 23:27:27,0.0,0.0,630.0,23.0,41.0
2023-11-10 23:37:27,0.0,0.0,617.0,23.1,41.0
2023-11-10 23:47:27,0.0,0.0,619.0,23.1,41.0
2023-11-10 23:57:27,0.0,0.0,623.0,23.1,41.0
2023-11-11 00:07:27,1.0,0.0,575.0,23.1,41.0
2023-11-11 00:17:27,0.0,47.0,566.0,23.1,40.0
2023-11-11 00:27:27,0.0,50.0,533.0,23.1,40.0
2023-11-11 00:37:27,0.0,0.0,614.0,23.0,41.0
2023-11-11 00:47:27,0.0,0.0,574.0,23.1,40.0
2023-11-11 00:57:27,0.0,0.0,594.0,23.1,41.0
2023-11-11 01:07:27,0.0,0.0,628.0,23.1,41.0
2023-11-11 01:27:27,0.0,0.0,606.0,23.1,41.0
2023-11-11 01:37:27,0.0,0.0,579.0,23.1,41.0
2023-11-11 01:47:27,0.0,50.0,583.0,23.1,41.0
2023-11-11 01:57:27,0.0,50.0,578.0,23.1,41.0
2023-11-11 02:07:27,2.0,50.0,502.0,23.1,40.0
2023-11-11 02:17:27,0.0,50.0,515.0,23.1,40.0
2023-11-11 02:47:27,0.0,0.0,609.0,23.1,41.0
2023-11-11 02:57:27,0.0,0.0,601.0,23.1,41.0
2023-11-11 03:07:27,0.0,0.0,590.0,23.1,41.0
2023-11-11 03:17:27,0.0,0.0,606.0,23.1,41.0
2023-11-11 03:27:27,0.0,0.0,598.0,23.1,41.0
2023-11-11 03:37:27,0.0,0.0,594.0,23.1,41.0
2023-11-11 03:47:27,0.0,0.0,576.0,23.1,41.0
2023-11-11 03:57:27,0.0,0.0,564.0,23.1,41.0
2023-11-11 04:07:27,0.0,0.0,572.0,23.1,41.0
2023-11-11 04:17:27,0.0,0.0,575.0,23.1,41.0
2023-11-11 04:27:27,2.0,50.0,499.0,23.1,40.0
2023-11-11 04:37:27,0.0,50.0,528.0,23.1,40.0
2023-11-11 04:47:27,0.0,0.0,551.0,23.1,40.0
2023-11-11 04:57:26,0.0,0.0,518.0,23.1,40.0
2023-11-11 05:07:26,0.0,0.0,518.0,23.1,40.0
2023-11-11 05:17:26,0.0,0.0,506.0,23.1,40.0
2023-11-11 05:27:26,0.0,0.0,475.0,23.1,40.0
2023-11-11 05:37:26,0.0,0.0,507.0,23.1,40.0
2023-11-11 05:47:26,0.0,0.0,476.0,23.1,40.0
2023-11-11 05:57:26,0.0,0.0,509.0,23.1,40.0
2023-11-11 06:07:26,0.0,0.0,473.0,23.1,39.0
2023-11-11 06:17:26,0.0,0.0,469.0,23.1,39.0
2023-11-11 06:27:26,0.0,0.0,488.0,23.2,39.0
2023-11-11 06:37:26,0.0,0.0,482.0,23.1,39.0
2023-11-11 06:47:26,0.0,0.0,489.0,23.1,39.0
2023-11-11 06:57:26,0.0,0.0,460.0,23.2,39.0
2023-11-11 07:07:26,0.0,0.0,486.0,23.1,39.0
2023-11-11 07:17:26,0.0,3.0,481.0,23.1,39.0
2023-11-11 07:27:26,0.0,3.0,478.0,23.2,39.0
2023-11-11 07:37:26,0.0,3.0,480.0,23.1,39.0
2023-11-11 07:47:26,0.0,3.0,490.0,23.1,39.0
2023-11-11 07:57:26,1.0,3.0,469.0,23.2,39.0
2023-11-11 08:07:26,0.0,3.0,491.0,23.1,39.0
2023-11-11 08:17:26,0.0,3.0,473.0,23.1,39.0
2023-11-11 08:27:26,0.0,3.0,460.0,23.1,39.0
2023-11-11 08:37:26,0.0,3.0,457.0,23.1,39.0
2023-11-11 08:47:26,0.0,3.0,477.0,23.1,39.0
2023-11-11 08:57:26,0.0,3.0,479.0,23.1,39.0
2023-11-11 09:07:26,0.0,3.0,464.0,23.1,39.0
2023-11-11 09:17:26,0.0,3.0,473.0,23.2,39.0
2023-11-11 09:27:26,0.0,3.0,473.0,23.1,39.0
2023-11-11 09:47:26,0.0,3.0,478.0,23.1,39.0
2023-11-11 09:57:26,0.0,3.0,455.0,23.1,39.0
2023-11-11 10:07:26,0.0,3.0,448.0,23.2,39.0
2023-11-11 10:17:25,0.0,3.0,473.0,23.1,39.0
2023-11-11 10:27:25,0.0,3.0,476.0,23.1,39.0
2023-11-11 10:37:25,0.0,3.0,447.0,23.2,39.0
2023-11-11 10:47:25,0.0,3.0,459.0,23.1,39.0
2023-11-11 10:57:25,0.0,3.0,451.0,23.1,39.0
2023-11-11 11:07:25,0.0,3.0,472.0,23.1,39.0
2023-11-11 11:17:25,0.0,3.0,450.0,23.1,39.0
2023-11-11 11:27:25,0.0,3.0,443.0,23.1,39.0
2023-11-11 11:37:25,1.0,3.0,474.0,23.1,39.0
2023-11-11 11:47:25,0.0,3.0,454.0,23.2,39.0
2023-11-11 11:57:25,0.0,3.0,445.0,23.1,39.0
2023-11-11 12:07:25,0.0,0.0,456.0,23.1,39.0
2023-11-11 12:17:25,0.0,0.0,484.0,23.1,39.0
2023-11-11 12:27:25,0.0,0.0,467.0,23.1,39.0
2023-11-11 12:37:25,0.0,0.0,482.0,23.1,40.0
2023-11-11 12:47:25,0.0,0.0,481.0,23.1,40.0
2023-11-11 12:57:25,0.0,0.0,487.0,23.1,40.0
2023-11-11 13:07:25,0.0,3.0,464.0,23.1,39.0
2023-11-11 13:17:25,0.0,3.0,467.0,23.1,39.0
2023-11-11 13:27:25,0.0,3.0,472.0,23.1,39.0
2023-11-11 13:37:25,0.0,3.0,469.0,23.1,39.0
2023-11-11 13:47:25,0.0,3.0,458.0,23.1,39.0
2023-11-11 13:57:25,0.0,3.0,457.0,23.1,39.0
2023-11-11 14:07:25,0.0,3.0,456.0,23.1,39.0
2023-11-11 14:17:25,0.0,3.0,486.0,23.1,40.0
2023-11-11 14:27:25,0.0,0.0,474.0,23.1,39.0
2023-11-11 14:37:25,0.0,0.0,465.0,23.1,39.0
2023-11-11 14:47:25,0.0,0.0,438.0,23.1,39.0
2023-11-11 14:57:25,0.0,0.0,484.0,23.1,39.0
2023-11-11 15:07:25,0.0,0.0,506.0,23.1,39.0
2023-11-11 15:17:25,0.0,0.0,490.0,23.1,39.0
2023-11-11 15:27:25,0.0,0.0,488.0,23.1,39.0
2023-11-11 15:37:25,0.0,0.0,486.0,23.1,39.0
2023-11-11 15:47:24,0.0,0.0,485.0,23.1,39.0
2023-11-11 15:57:24,0.0,0.0,477.0,23.0,39.0
2023-11-11 16:07:24,0.0,0.0,480.0,23.0,39.0
2023-11-11 16:17:24,0.0,50.0,455.0,23.1,39.0
2023-11-11 16:27:24,0.0,50.0,476.0,23.1,39.0
2023-11-11 16:37:24,0.0,0.0,480.0,23.1,39.0
2023-11-11 16:47:24,0.0,0.0,469.0,23.1,39.0
2023-11-11 16:57:24,0.0,0.0,486.0,23.1,39.0
2023-11-11 17:07:24,0.0,0.0,461.0,23.1,39.0
2023-11-11 17:17:24,0.0,0.0,469.0,23.1,39.0
2023-11-11 17:27:24,0.0,0.0,468.0,23.1,39.0
2023-11-11 17:37:24,1.0,50.0,472.0,23.1,39.0
2023-11-11 17:47:24,0.0,47.0,473.0,23.1,39.0
2023-11-11 17:57:24,0.0,0.0,461.0,23.1,39.0
2023-11-11 18:07:24,0.0,0.0,456.0,23.1,39.0
2023-11-11 18:17:24,0.0,47.0,479.0,23.1,39.0
2023-11-11 18:27:24,0.0,47.0,466.0,23.1,39.0
2023-11-11 18:37:24,0.0,0.0,456.0,23.1,39.0
2023-11-11 18:47:24,0.0,0.0,458.0,23.1,39.0
2023-11-11 18:57:24,0.0,0.0,480.0,23.1,39.0
2023-11-11 19:07:24,0.0,0.0,501.0,23.1,40.0
2023-11-11 19:17:24,0.0,0.0,483.0,23.1,40.0
2023-11-11 19:27:24,0.0,0.0,486.0,23.1,40.0
2023-11-11 19:37:24,0.0,0.0,480.0,23.1,40.0
2023-11-11 19:47:24,0.0,0.0,461.0,23.1,40.0
2023-11-11 19:57:24,0.0,0.0,471.0,23.1,40.0
2023-11-11 20:07:24,0.0,0.0,458.0,23.1,40.0
2023-11-11 20:17:24,0.0,0.0,440.0,23.0,40.0
2023-11-11 20:27:24,0.0,0.0,461.0,23.1,40.0
2023-11-11 20:37:24,0.0,0.0,458.0,23.0,40.0
2023-11-11 20:47:24,0.0,0.0,445.0,23.0,40.0
2023-11-11 20:57:24,0.0,50.0,427.0,23.1,40.0
2023-11-11 21:07:24,0.0,50.0,433.0,23.1,39.0
2023-11-11 21:17:23,0.0,0.0,507.0,23.1,40.0
2023-11-11 21:27:23,0.0,0.0,510.0,23.1,40.0
2023-11-11 21:37:24,0.0,0.0,481.0,23.1,40.0
2023-11-11 21:47:23,0.0,0.0,469.0,23.1,40.0
2023-11-11 21:57:23,0.0,0.0,462.0,23.0,40.0
2023-11-11 22:07:23,0.0,0.0,474.0,23.1,40.0
2023-11-11 22:17:23,0.0,0.0,487.0,23.1,40.0
2023-11-11 22:27:23,0.0,0.0,476.0,23.1,40.0
2023-11-11 22:37:23,0.0,0.0,476.0,23.0,40.0
2023-11-11 22:47:23,0.0,0.0,464.0,23.1,40.0
2023-11-11 22:57:24,1.0,50.0,436.0,23.1,40.0
2023-11-11 23:07:23,0.0,50.0,459.0,23.0,40.0
2023-11-11 23:17:23,0.0,0.0,452.0,23.1,40.0
2023-11-11 23:27:23,0.0,0.0,460.0,23.1,40.0
2023-11-11 23:37:23,0.0,0.0,451.0,23.1,40.0
2023-11-11 23:47:23,0.0,0.0,453.0,23.1,40.0
2023-11-11 23:57:23,0.0,0.0,442.0,23.1,40.0
2023-11-12 00:07:23,0.0,0.0,466.0,23.0,40.0
2023-11-12 00:17:23,0.0,0.0,456.0,23.1,40.0
2023-11-12 00:27:23,0.0,0.0,458.0,23.0,40.0
2023-11-12 00:37:23,0.0,0.0,448.0,23.1,40.0
2023-11-12 00:47:23,0.0,0.0,456.0,23.0,40.0
2023-11-12 00:57:23,0.0,0.0,464.0,23.1,40.0
2023-11-12 01:07:23,0.0,0.0,463.0,23.0,40.0
2023-11-12 01:17:23,0.0,0.0,450.0,23.0,40.0
2023-11-12 01:27:23,0.0,0.0,461.0,23.0,40.0
2023-11-12 01:37:23,0.0,0.0,471.0,23.1,40.0
2023-11-12 01:47:23,0.0,0.0,448.0,23.0,40.0
2023-11-12 01:57:23,0.0,0.0,457.0,23.0,40.0
2023-11-12 02:07:23,0.0,0.0,428.0,23.1,40.0
2023-11-12 02:17:23,0.0,0.0,445.0,23.0,40.0
2023-11-12 02:27:23,0.0,0.0,460.0,23.0,40.0
2023-11-12 02:37:23,0.0,0.0,433.0,23.0,40.0
2023-11-12 02:47:23,0.0,0.0,468.0,23.1,40.0
2023-11-12 02:57:22,0.0,0.0,449.0,23.0,40.0
2023-11-12 03:07:22,0.0,0.0,435.0,23.0,40.0
2023-11-12 03:27:22,0.0,0.0,442.0,23.0,40.0
2023-11-12 03:37:22,0.0,0.0,442.0,23.0,40.0
2023-11-12 03:47:22,0.0,0.0,457.0,23.0,40.0
2023-11-12 03:57:22,0.0,0.0,451.0,23.0,40.0
2023-11-12 04:07:22,0.0,0.0,454.0,23.0,40.0
2023-11-12 04:17:22,0.0,0.0,446.0,23.1,40.0
2023-11-12 04:27:22,0.0,0.0,447.0,23.0,40.0
2023-11-12 04:37:22,0.0,0.0,458.0,23.0,40.0
2023-11-12 04:47:22,0.0,0.0,458.0,23.0,40.0
2023-11-12 04:57:22,0.0,0.0,446.0,23.0,40.0
2023-11-12 05:07:22,0.0,0.0,440.0,23.1,40.0
2023-11-12 05:17:22,0.0,0.0,444.0,23.0,40.0
2023-11-12 05:27:22,0.0,0.0,447.0,23.0,40.0
2023-11-12 05:37:22,0.0,0.0,448.0,23.0,40.0
2023-11-12 05:47:22,0.0,0.0,469.0,23.0,40.0
2023-11-12 05:57:22,0.0,0.0,431.0,23.0,40.0
2023-11-12 06:07:22,0.0,0.0,422.0,23.0,39.0
2023-11-12 06:17:22,0.0,0.0,434.0,23.1,39.0
2023-11-12 06:27:22,0.0,0.0,423.0,23.0,39.0
2023-11-12 06:37:22,1.0,47.0,427.0,23.0,39.0
2023-11-12 06:47:22,0.0,47.0,441.0,23.1,39.0
2023-11-12 06:57:22,0.0,47.0,414.0,23.1,39.0
2023-11-12 07:07:22,0.0,47.0,434.0,23.1,39.0
2023-11-12 07:17:22,0.0,0.0,444.0,23.1,39.0
2023-11-12 07:27:22,0.0,0.0,444.0,23.1,39.0
2023-11-12 07:37:22,0.0,0.0,443.0,23.1,39.0
2023-11-12 07:47:22,0.0,3.0,447.0,23.1,39.0
2023-11-12 07:57:22,0.0,3.0,442.0,23.1,39.0
2023-11-12 08:07:22,0.0,3.0,440.0,23.1,39.0
2023-11-12 08:17:22,0.0,3.0,440.0,23.1,39.0
2023-11-12 08:27:22,0.0,3.0,451.0,23.0,39.0
2023-11-12 08:37:21,0.0,3.0,426.0,23.1,39.0
2023-11-12 08:47:21,0.0,3.0,425.0,23.1,39.0
2023-11-12 08:57:21,0.0,3.0,426.0,23.1,39.0
2023-11-12 09:07:21,0.0,3.0,445.0,23.0,39.0
2023-11-12 09:17:21,0.0,3.0,436.0,23.1,39.0
2023-11-12 09:27:21,0.0,3.0,431.0,23.1,39.0
2023-11-12 09:37:21,0.0,3.0,420.0,23.0,39.0
2023-11-12 09:47:21,0.0,3.0,429.0,23.0,39.0
2023-11-12 09:57:21,0.0,3.0,419.0,23.1,39.0
2023-11-12 10:17:21,0.0,3.0,430.0,23.0,39.0
2023-11-12 10:27:21,0.0,3.0,428.0,23.0,39.0
2023-11-12 10:37:21,0.0,3.0,431.0,23.1,39.0
2023-11-12 10:47:21,0.0,3.0,408.0,23.0,39.0
2023-11-12 10:57:21,0.0,3.0,439.0,23.0,39.0
2023-11-12 11:07:21,0.0,3.0,426.0,23.0,39.0
2023-11-12 11:17:21,0.0,3.0,439.0,23.0,39.0
2023-11-12 11:27:21,0.0,3.0,425.0,23.1,39.0
2023-11-12 11:37:21,0.0,3.0,423.0,23.1,39.0
2023-11-12 11:47:21,0.0,3.0,415.0,23.0,39.0
2023-11-12 11:57:21,0.0,3.0,420.0,23.1,39.0
2023-11-12 12:07:21,0.0,3.0,433.0,23.1,39.0
2023-11-12 12:17:21,0.0,3.0,421.0,23.0,39.0
2023-11-12 12:27:21,0.0,3.0,436.0,23.1,39.0
2023-11-12 12:37:21,0.0,3.0,423.0,23.0,39.0
2023-11-12 12:47:21,0.0,3.0,420.0,23.0,39.0
2023-11-12 12:57:21,0.0,3.0,402.0,23.0,39.0
2023-11-12 13:07:21,0.0,3.0,431.0,23.1,39.0
2023-11-12 13:17:21,0.0,3.0,410.0,23.0,39.0
2023-11-12 13:27:21,0.0,3.0,422.0,23.0,39.0
2023-11-12 13:37:21,0.0,3.0,415.0,23.1,39.0
2023-11-12 13:47:20,0.0,3.0,431.0,23.0,39.0
2023-11-12 13:57:20,0.0,0.0,420.0,23.0,39.0
2023-11-12 14:07:20,0.0,0.0,417.0,23.1,39.0
2023-11-12 14:17:20,0.0,0.0,417.0,23.0,39.0
2023-11-12 14:27:20,0.0,0.0,426.0,23.1,39.0
2023-11-12 14:37:20,0.0,0.0,415.0,23.1,39.0
2023-11-12 14:47:20,0.0,0.0,429.0,23.0,39.0
2023-11-12 14:57:20,0.0,0.0,411.0,23.0,39.0
2023-11-12 15:07:20,0.0,0.0,418.0,23.0,39.0
2023-11-12 15:17:20,0.0,0.0,421.0,23.0,39.0
2023-11-12 15:27:20,0.0,0.0,419.0,23.1,39.0
2023-11-12 15:37:20,0.0,0.0,439.0,23.0,39.0
2023-11-12 15:47:20,0.0,0.0,422.0,23.0,39.0
2023-11-12 15:57:20,0.0,0.0,416.0,23.0,39.0
2023-11-12 16:07:20,0.0,0.0,440.0,23.1,39.0
2023-11-12 16:17:20,0.0,0.0,419.0,23.0,39.0
2023-11-12 16:27:20,0.0,0.0,433.0,23.0,39.0
2023-11-12 16:37:21,0.0,0.0,430.0,23.1,39.0
2023-11-12 16:47:20,0.0,0.0,428.0,23.1,39.0
2023-11-12 16:57:20,0.0,0.0,432.0,23.0,39.0
2023-11-12 17:07:20,0.0,0.0,428.0,23.0,39.0
2023-11-12 17:17:20,0.0,0.0,446.0,23.1,39.0
2023-11-12 17:27:20,0.0,0.0,438.0,23.0,39.0
2023-11-12 17:37:20,0.0,0.0,426.0,23.0,39.0
2023-11-12 17:47:20,0.0,0.0,432.0,23.0,39.0
2023-11-12 17:57:20,0.0,0.0,422.0,23.0,39.0
2023-11-12 18:07:20,0.0,0.0,412.0,23.0,39.0
2023-11-12 18:17:20,0.0,0.0,428.0,23.0,38.0
2023-11-12 18:27:20,0.0,0.0,414.0,23.0,39.0
2023-11-12 18:37:20,0.0,0.0,418.0,23.0,38.0
2023-11-12 18:47:20,0.0,0.0,418.0,23.0,39.0
2023-11-12 18:57:20,0.0,0.0,433.0,23.0,38.0
2023-11-12 19:07:20,0.0,0.0,418.0,23.0,39.0
2023-11-12 19:17:20,0.0,0.0,434.0,23.0,39.0
2023-11-12 19:27:20,0.0,0.0,437.0,23.0,39.0
2023-11-12 19:37:19,0.0,0.0,432.0,23.0,39.0
2023-11-12 19:47:19,0.0,0.0,425.0,23.0,39.0
2023-11-12 19:57:19,0.0,0.0,419.0,23.0,39.0
2023-11-12 20:07:19,0.0,0.0,411.0,23.0,39.0
2023-11-12 20:17:20,0.0,0.0,419.0,23.0,39.0
2023-11-12 20:27:19,0.0,0.0,425.0,23.0,39.0
2023-11-12 20:37:19,0.0,0.0,422.0,23.0,39.0
2023-11-12 20:47:19,0.0,0.0,434.0,22.9,39.0
2023-11-12 20:57:19,0.0,0.0,426.0,23.0,39.0
2023-11-12 21:07:19,0.0,0.0,432.0,23.0,39.0
2023-11-12 21:17:19,0.0,0.0,445.0,23.0,39.0
2023-11-12 21:27:19,0.0,0.0,420.0,22.9,39.0
2023-11-12 21:37:19,0.0,0.0,419.0,23.0,39.0
2023-11-12 21:47:19,0.0,0.0,430.0,22.9,39.0
2023-11-12 21:57:19,0.0,0.0,424.0,23.0,39.0
2023-11-12 22:07:19,0.0,0.0,422.0,23.0,39.0
2023-11-12 22:17:19,0.0,0.0,431.0,23.0,39.0
2023-11-12 22:27:19,0.0,0.0,423.0,23.0,39.0
2023-11-12 22:37:19,0.0,0.0,425.0,23.0,39.0
2023-11-12 22:47:19,0.0,0.0,419.0,23.0,39.0
2023-11-12 22:57:19,0.0,0.0,411.0,23.0,39.0
2023-11-12 23:07:19,0.0,0.0,419.0,23.0,39.0
2023-11-12 23:17:19,0.0,0.0,393.0,23.0,39.0
2023-11-12 23:27:19,0.0,0.0,415.0,23.0,39.0
2023-11-12 23:37:19,0.0,0.0,430.0,22.9,38.0
2023-11-12 23:47:19,0.0,0.0,420.0,23.0,39.0
2023-11-12 23:57:19,0.0,0.0,427.0,22.9,38.0
2023-11-13 00:07:19,0.0,0.0,434.0,22.9,38.0
2023-11-13 00:17:19,0.0,0.0,413.0,22.9,38.0
2023-11-13 00:27:19,0.0,0.0,403.0,23.0,38.0
2023-11-13 00:37:19,0.0,0.0,429.0,23.0,38.0
2023-11-13 00:47:19,0.0,0.0,423.0,22.9,38.0
2023-11-13 00:57:18,0.0,0.0,425.0,22.9,38.0
2023-11-13 01:07:18,0.0,0.0,414.0,23.0,38.0
2023-11-13 01:17:18,0.0,0.0,413.0,22.9,38.0
2023-11-13 02:37:49,0.0,0.0,426.0,22.9,38.0
2023-11-13 03:37:51,0.0,0.0,419.0,22.9,38.0
2023-11-13 04:07:51,0.0,0.0,415.0,22.9,38.0
2023-11-13 04:27:18,0.0,0.0,408.0,22.9,38.0
2023-11-13 04:37:18,0.0,0.0,417.0,22.9,38.0
2023-11-13 04:47:18,1.0,33.0,415.0,22.9,38.0
2023-11-13 04:57:18,1.0,47.0,417.0,22.9,38.0
2023-11-13 05:07:18,0.0,0.0,434.0,23.0,38.0
2023-11-13 05:17:18,0.0,0.0,423.0,22.9,38.0
2023-11-13 05:27:18,0.0,0.0,415.0,22.9,38.0
2023-11-13 05:37:18,0.0,47.0,448.0,22.9,38.0
2023-11-13 05:47:18,0.0,47.0,446.0,22.9,39.0
2023-11-13 05:57:18,0.0,0.0,431.0,23.0,38.0
2023-11-13 06:07:18,1.0,47.0,436.0,23.0,38.0
2023-11-13 06:17:18,1.0,47.0,434.0,22.9,37.0
2023-11-13 06:27:17,2.0,0.0,452.0,22.9,38.0
2023-11-13 06:37:17,0.0,0.0,481.0,22.9,35.0
2023-11-13 06:47:17,0.0,0.0,483.0,22.8,34.0
2023-11-13 06:57:19,0.0,0.0,473.0,22.8,34.0
2023-11-13 07:07:17,1.0,3.0,469.0,22.8,34.0
2023-11-13 07:17:17,0.0,53.0,500.0,22.8,34.0
2023-11-13 07:27:17,1.0,53.0,496.0,22.8,35.0
2023-11-13 07:37:17,1.0,53.0,530.0,22.8,36.0
2023-11-13 07:47:17,2.0,53.0,544.0,22.8,37.0
2023-11-13 07:57:17,0.0,53.0,515.0,22.8,37.0
2023-11-13 08:07:17,4.0,57.0,538.0,22.8,37.0
2023-11-13 08:17:17,4.0,50.0,554.0,22.8,37.0
2023-11-13 08:27:17,0.0,50.0,579.0,22.8,38.0
2023-11-13 08:37:17,1.0,50.0,595.0,22.9,38.0
2023-11-13 08:47:17,1.0,50.0,579.0,22.8,38.0
2023-11-13 08:57:17,2.0,50.0,659.0,22.8,38.0
2023-11-13 09:07:17,0.0,50.0,611.0,22.7,38.0
2023-11-13 09:17:17,3.0,50.0,618.0,22.7,38.0
2023-11-13 09:27:17,4.0,50.0,642.0,22.8,38.0
2023-11-13 09:37:17,2.0,50.0,702.0,22.8,38.0
2023-11-13 09:47:17,5.0,50.0,661.0,22.8,38.0
2023-11-13 09:57:17,1.0,50.0,715.0,22.8,38.0
2023-11-13 10:07:17,3.0,50.0,667.0,22.8,38.0
2023-11-13 10:17:17,3.0,53.0,678.0,22.8,39.0
2023-11-13 10:27:17,3.0,74.0,668.0,22.8,38.0
2023-11-13 10:37:17,7.0,60.0,698.0,22.7,39.0
2023-11-13 10:47:17,2.0,57.0,714.0,22.7,39.0
2023-11-13 10:57:17,1.0,53.0,705.0,22.8,39.0
2023-11-13 11:07:17,2.0,50.0,698.0,22.8,39.0
2023-11-13 11:17:17,5.0,50.0,728.0,22.7,39.0
2023-11-13 11:27:17,1.0,50.0,653.0,22.8,38.0
2023-11-13 11:37:17,4.0,53.0,839.0,22.8,39.0
2023-11-13 11:47:17,6.0,60.0,843.0,22.8,39.0
2023-11-13 11:57:16,7.0,50.0,837.0,22.9,39.0
2023-11-13 12:07:16,2.0,50.0,823.0,22.9,39.0
2023-11-13 12:17:17,5.0,60.0,723.0,22.9,39.0
2023-11-13 12:27:16,3.0,60.0,703.0,22.9,38.0
2023-11-13 12:37:16,4.0,57.0,684.0,22.9,38.0
2023-11-13 12:47:16,0.0,53.0,685.0,22.9,38.0
2023-11-13 12:57:16,6.0,53.0,679.0,22.9,38.0
2023-11-13 13:07:16,7.0,53.0,750.0,23.0,38.0
2023-11-13 13:17:16,3.0,53.0,676.0,23.0,38.0
2023-11-13 13:27:16,2.0,57.0,709.0,23.0,38.0
2023-11-13 13:37:16,4.0,53.0,714.0,23.0,38.0
2023-11-13 13:47:16,4.0,50.0,712.0,23.0,38.0
2023-11-13 13:57:16,2.0,50.0,743.0,23.0,38.0
2023-11-13 14:07:16,4.0,50.0,747.0,23.1,38.0
2023-11-13 14:17:16,4.0,50.0,715.0,23.0,38.0
2023-11-13 14:27:16,1.0,57.0,747.0,23.0,38.0
2023-11-13 14:37:16,0.0,53.0,763.0,23.1,38.0
2023-11-13 14:47:16,1.0,57.0,850.0,23.1,38.0
2023-11-13 14:57:16,3.0,57.0,1307.0,23.1,40.0
2023-11-13 15:07:16,2.0,57.0,1120.0,23.0,40.0
2023-11-13 15:17:16,3.0,50.0,925.0,23.0,40.0
2023-11-13 15:27:16,6.0,53.0,1054.0,23.0,40.0
2023-11-13 15:37:16,3.0,50.0,956.0,23.0,40.0
2023-11-13 15:47:16,1.0,50.0,1015.0,23.0,40.0
2023-11-13 15:57:16,3.0,50.0,1048.0,23.0,40.0
2023-11-13 16:07:16,6.0,50.0,1038.0,23.0,40.0
2023-11-13 16:17:16,3.0,47.0,907.0,23.0,40.0
2023-11-13 16:27:16,0.0,47.0,832.0,23.0,39.0
2023-11-13 16:37:16,3.0,47.0,926.0,23.0,39.0
2023-11-13 16:47:16,2.0,50.0,804.0,23.1,39.0
2023-11-13 16:57:16,1.0,50.0,891.0,23.1,39.0
2023-11-13 17:07:16,0.0,50.0,920.0,23.2,39.0
2023-11-13 17:17:15,0.0,50.0,899.0,23.2,39.0
2023-11-13 17:27:15,0.0,50.0,890.0,23.2,39.0
2023-11-13 17:37:16,0.0,3.0,785.0,23.1,39.0
2023-11-13 17:47:15,0.0,3.0,716.0,23.0,38.0
2023-11-13 17:57:15,0.0,3.0,723.0,23.1,38.0
2023-11-13 18:07:15,0.0,3.0,668.0,23.0,38.0
2023-11-13 18:17:15,1.0,3.0,780.0,23.0,39.0
2023-11-13 18:27:15,0.0,3.0,680.0,23.0,38.0
2023-11-13 18:37:15,0.0,3.0,819.0,23.1,38.0
2023-11-13 18:47:15,0.0,3.0,784.0,23.1,38.0
2023-11-13 18:57:15,1.0,3.0,779.0,23.2,38.0
2023-11-13 19:07:15,1.0,3.0,791.0,23.2,39.0
2023-11-13 19:17:15,0.0,3.0,774.0,23.2,38.0
2023-11-13 19:27:15,0.0,3.0,749.0,23.1,38.0
2023-11-13 19:37:15,0.0,3.0,751.0,23.1,38.0
2023-11-13 19:47:15,0.0,3.0,747.0,23.1,39.0
2023-11-13 19:57:15,0.0,3.0,778.0,23.0,39.0
2023-11-13 20:07:15,0.0,3.0,731.0,23.1,39.0
2023-11-13 20:17:15,0.0,0.0,724.0,23.0,39.0
2023-11-13 20:27:15,0.0,0.0,725.0,23.1,39.0
2023-11-13 20:37:15,0.0,0.0,698.0,23.0,39.0
2023-11-13 20:47:15,0.0,0.0,679.0,23.0,39.0
2023-11-13 20:57:15,0.0,0.0,682.0,23.0,39.0
2023-11-13 21:07:15,0.0,0.0,658.0,23.0,38.0
2023-11-13 21:17:15,0.0,0.0,637.0,23.0,38.0
2023-11-13 21:27:15,0.0,0.0,647.0,23.0,38.0
2023-11-13 21:37:15,0.0,47.0,626.0,23.0,38.0
2023-11-13 21:47:15,0.0,50.0,856.0,23.0,39.0
2023-11-13 21:57:15,0.0,0.0,729.0,22.9,38.0
2023-11-13 22:07:15,0.0,0.0,710.0,22.9,38.0
2023-11-13 22:17:15,0.0,40.0,699.0,23.0,38.0
2023-11-13 22:27:15,1.0,50.0,715.0,23.0,38.0
2023-11-13 22:37:15,0.0,0.0,655.0,23.0,38.0
2023-11-13 22:47:14,0.0,0.0,652.0,23.0,38.0
2023-11-13 22:57:15,0.0,0.0,655.0,23.0,38.0
2023-11-13 23:07:14,0.0,0.0,611.0,23.0,38.0
2023-11-13 23:17:15,0.0,0.0,628.0,23.0,38.0
2023-11-13 23:27:14,0.0,0.0,627.0,22.9,38.0
2023-11-13 23:37:14,0.0,0.0,645.0,23.0,38.0
2023-11-13 23:47:14,0.0,0.0,641.0,23.0,38.0
2023-11-13 23:57:14,0.0,0.0,650.0,23.0,38.0
2023-11-14 00:07:14,0.0,0.0,576.0,23.0,38.0
2023-11-14 00:17:14,0.0,0.0,593.0,22.9,38.0
2023-11-14 00:27:14,1.0,0.0,555.0,23.0,38.0
2023-11-14 00:37:14,0.0,0.0,613.0,23.0,38.0
2023-11-14 00:47:14,0.0,0.0,592.0,23.0,38.0
2023-11-14 00:57:14,0.0,0.0,605.0,23.0,38.0
2023-11-14 01:07:14,0.0,0.0,567.0,23.0,38.0
2023-11-14 01:17:14,0.0,0.0,585.0,23.0,38.0
2023-11-14 01:27:14,0.0,0.0,545.0,23.0,38.0
2023-11-14 01:37:14,0.0,0.0,570.0,22.9,38.0
2023-11-14 01:47:14,0.0,0.0,548.0,22.9,38.0
2023-11-14 01:57:14,0.0,0.0,556.0,23.0,38.0
2023-11-14 02:07:14,0.0,0.0,564.0,22.9,38.0
2023-11-14 02:17:14,0.0,0.0,543.0,22.9,38.0
2023-11-14 02:27:14,0.0,0.0,551.0,22.9,38.0
2023-11-14 02:37:14,0.0,0.0,561.0,22.9,38.0
2023-11-14 02:47:14,0.0,0.0,538.0,23.0,38.0
2023-11-14 02:57:14,0.0,0.0,533.0,22.9,38.0
2023-11-14 03:07:14,1.0,33.0,525.0,22.9,38.0
2023-11-14 03:17:14,1.0,50.0,516.0,22.9,38.0
2023-11-14 03:27:14,0.0,0.0,491.0,23.0,37.0
2023-11-14 03:37:14,0.0,0.0,518.0,22.9,38.0
2023-11-14 03:47:14,0.0,0.0,495.0,22.9,37.0
2023-11-14 03:57:14,0.0,0.0,483.0,22.9,37.0
2023-11-14 04:07:14,2.0,50.0,488.0,22.9,37.0
2023-11-14 04:17:14,0.0,50.0,475.0,23.0,37.0
2023-11-14 04:27:14,0.0,0.0,487.0,23.0,37.0
2023-11-14 04:37:13,0.0,0.0,461.0,23.0,37.0
2023-11-14 04:47:14,0.0,0.0,472.0,23.0,37.0
2023-11-14 04:57:13,0.0,0.0,498.0,23.0,37.0
2023-11-14 05:07:13,0.0,0.0,483.0,23.0,37.0
2023-11-14 05:17:13,0.0,0.0,490.0,23.0,37.0
2023-11-14 05:27:13,0.0,0.0,481.0,23.0,37.0
2023-11-14 05:37:13,0.0,0.0,472.0,23.0,37.0
2023-11-14 05:47:13,0.0,0.0,482.0,23.0,38.0
2023-11-14 05:57:13,0.0,0.0,491.0,22.9,38.0
2023-11-14 06:07:13,0.0,0.0,469.0,22.9,37.0
2023-11-14 06:17:13,1.0,50.0,490.0,23.0,38.0
2023-11-14 06:27:13,0.0,53.0,487.0,23.0,38.0
2023-11-14 06:37:13,0.0,0.0,508.0,23.0,38.0
2023-11-14 06:47:13,1.0,50.0,574.0,23.0,39.0
2023-11-14 06:57:13,0.0,50.0,526.0,22.9,38.0
2023-11-14 07:07:13,1.0,50.0,542.0,22.9,38.0
2023-11-14 07:17:13,4.0,50.0,518.0,22.8,37.0
2023-11-14 07:27:13,0.0,50.0,513.0,22.8,38.0
2023-11-14 07:37:13,1.0,50.0,537.0,22.8,38.0
2023-11-14 07:47:13,2.0,50.0,587.0,22.9,39.0
2023-11-14 07:57:13,3.0,50.0,588.0,22.8,40.0
2023-11-14 08:07:13,5.0,50.0,576.0,22.8,39.0
2023-11-14 08:17:13,0.0,50.0,605.0,22.9,39.0
2023-11-14 08:27:13,1.0,50.0,643.0,22.9,39.0
2023-11-14 08:37:13,0.0,50.0,643.0,22.9,40.0
2023-11-14 08:47:13,3.0,47.0,672.0,22.9,45.0
2023-11-14 08:57:13,2.0,47.0,702.0,22.9,44.0
2023-11-14 09:07:13,2.0,47.0,729.0,22.9,43.0
2023-11-14 09:17:13,1.0,47.0,737.0,22.9,42.0
2023-11-14 09:27:13,0.0,47.0,670.0,22.9,42.0
2023-11-14 09:37:13,0.0,47.0,716.0,22.9,42.0
2023-11-14 09:47:13,0.0,47.0,738.0,22.9,42.0
2023-11-14 09:57:13,4.0,47.0,672.0,22.9,41.0
2023-11-14 10:07:13,0.0,47.0,692.0,22.9,41.0
2023-11-14 10:17:14,0.0,47.0,780.0,22.9,41.0
2023-11-14 10:27:12,0.0,47.0,809.0,22.9,42.0
2023-11-14 10:37:12,6.0,47.0,738.0,22.9,41.0
2023-11-14 10:47:12,3.0,47.0,850.0,22.9,42.0
2023-11-14 10:57:12,3.0,47.0,810.0,22.9,42.0
2023-11-14 11:07:12,0.0,47.0,827.0,22.9,42.0
2023-11-14 11:17:12,1.0,47.0,730.0,22.9,41.0
2023-11-14 11:27:12,0.0,47.0,585.0,22.9,39.0
2023-11-14 11:37:12,2.0,53.0,653.0,23.0,38.0
2023-11-14 11:47:12,1.0,53.0,877.0,22.9,40.0
2023-11-14 11:57:12,1.0,53.0,799.0,22.9,40.0
2023-11-14 12:07:12,6.0,53.0,771.0,22.9,40.0
2023-11-14 12:17:12,5.0,53.0,663.0,22.9,39.0
2023-11-14 12:27:12,5.0,47.0,630.0,22.9,38.0
2023-11-14 12:37:12,3.0,47.0,690.0,23.0,38.0
2023-11-14 12:47:12,1.0,47.0,628.0,23.0,38.0
2023-11-14 12:57:12,0.0,47.0,638.0,23.0,38.0
2023-11-14 13:07:12,0.0,50.0,641.0,23.0,37.0
2023-11-14 13:17:12,1.0,50.0,626.0,23.0,37.0
2023-11-14 13:27:12,1.0,50.0,643.0,23.0,37.0
2023-11-14 13:37:12,7.0,50.0,700.0,23.0,38.0
2023-11-14 13:47:12,2.0,50.0,689.0,23.0,38.0
2023-11-14 13:57:12,4.0,47.0,724.0,23.0,38.0
2023-11-14 14:07:12,4.0,47.0,752.0,23.0,38.0
2023-11-14 14:17:12,0.0,47.0,706.0,23.0,38.0
2023-11-14 14:27:12,0.0,47.0,748.0,23.1,38.0
2023-11-14 14:37:12,0.0,47.0,733.0,23.0,38.0
2023-11-14 14:47:12,0.0,47.0,753.0,23.1,38.0
2023-11-14 14:57:12,1.0,47.0,746.0,23.0,38.0
2023-11-14 15:07:12,1.0,47.0,703.0,23.0,38.0
2023-11-14 15:17:11,1.0,47.0,686.0,23.1,38.0
2023-11-14 15:27:12,0.0,47.0,708.0,23.1,38.0
2023-11-14 15:37:11,3.0,47.0,723.0,23.1,38.0
2023-11-14 15:47:11,0.0,47.0,720.0,23.1,38.0
2023-11-14 15:57:11,3.0,47.0,779.0,23.0,38.0
2023-11-14 16:07:11,5.0,47.0,772.0,23.0,38.0
2023-11-14 16:17:11,1.0,47.0,713.0,23.1,38.0
2023-11-14 16:27:11,5.0,47.0,707.0,23.0,37.0
2023-11-14 16:37:11,2.0,47.0,697.0,23.1,37.0
2023-11-14 16:47:11,0.0,47.0,715.0,23.2,37.0
2023-11-14 16:57:11,0.0,47.0,718.0,23.1,38.0
2023-11-14 17:07:11,0.0,47.0,712.0,23.1,37.0
2023-11-14 17:17:11,2.0,47.0,709.0,23.2,38.0
2023-11-14 17:27:11,0.0,47.0,706.0,23.1,37.0
2023-11-14 17:37:11,1.0,3.0,709.0,23.1,37.0
2023-11-14 17:47:11,0.0,3.0,694.0,23.2,37.0
2023-11-14 17:57:11,0.0,3.0,696.0,23.2,37.0
2023-11-14 18:07:11,1.0,3.0,700.0,23.1,38.0
2023-11-14 18:17:11,0.0,3.0,677.0,23.2,38.0
2023-11-14 18:27:11,0.0,3.0,678.0,23.2,37.0
2023-11-14 18:37:11,0.0,3.0,686.0,23.2,37.0
2023-11-14 18:47:11,0.0,0.0,698.0,23.1,38.0
2023-11-14 18:57:11,0.0,0.0,631.0,23.1,38.0
2023-11-14 19:07:11,0.0,0.0,663.0,23.0,38.0
2023-11-14 19:17:11,0.0,0.0,653.0,23.0,38.0
2023-11-14 19:27:11,0.0,0.0,618.0,23.0,38.0
2023-11-14 19:37:11,0.0,0.0,672.0,22.9,38.0
2023-11-14 19:47:11,2.0,0.0,601.0,22.9,38.0
2023-11-14 19:57:11,0.0,0.0,606.0,23.0,38.0
2023-11-14 20:07:11,0.0,0.0,649.0,23.0,38.0
2023-11-14 20:17:11,0.0,0.0,626.0,22.9,38.0
2023-11-14 20:27:11,0.0,0.0,581.0,22.9,37.0
2023-11-14 20:37:11,1.0,50.0,579.0,23.0,38.0
2023-11-14 20:47:11,0.0,50.0,621.0,23.0,38.0
2023-11-14 20:57:10,1.0,47.0,556.0,22.9,37.0
2023-11-14 21:07:10,0.0,50.0,616.0,23.0,38.0
2023-11-14 21:17:10,0.0,0.0,622.0,22.9,38.0
2023-11-14 21:27:10,0.0,0.0,631.0,22.9,38.0
2023-11-14 21:37:10,0.0,0.0,629.0,23.0,38.0
2023-11-14 21:47:10,0.0,0.0,622.0,22.9,39.0
2023-11-14 21:57:10,0.0,0.0,652.0,22.9,39.0
2023-11-14 22:07:10,0.0,0.0,617.0,22.9,39.0
2023-11-14 22:17:10,0.0,0.0,621.0,22.9,39.0
2023-11-14 22:27:10,0.0,0.0,614.0,22.9,38.0
2023-11-14 22:37:10,0.0,0.0,605.0,22.9,39.0
2023-11-14 22:47:10,0.0,0.0,594.0,22.9,38.0
2023-11-14 22:57:11,0.0,0.0,625.0,22.9,39.0
2023-11-14 23:07:10,0.0,0.0,563.0,22.9,38.0
2023-11-14 23:17:10,0.0,0.0,606.0,22.9,39.0
2023-11-14 23:27:10,0.0,0.0,568.0,22.9,38.0
2023-11-14 23:37:10,0.0,0.0,571.0,22.9,38.0
2023-11-14 23:47:10,0.0,0.0,562.0,22.9,38.0
2023-11-14 23:57:10,0.0,0.0,565.0,22.9,38.0
2023-11-15 00:07:10,0.0,0.0,559.0,22.9,38.0
2023-11-15 00:17:10,0.0,0.0,573.0,22.8,38.0
2023-11-15 00:27:10,0.0,0.0,569.0,22.8,38.0
2023-11-15 00:37:10,0.0,0.0,559.0,22.9,39.0
2023-11-15 00:47:10,0.0,0.0,567.0,22.9,39.0
2023-11-15 00:57:10,0.0,0.0,559.0,22.9,38.0
2023-11-15 01:07:10,0.0,0.0,551.0,22.9,38.0
2023-11-15 01:17:10,0.0,0.0,570.0,22.9,38.0
2023-11-15 01:27:10,0.0,0.0,542.0,22.9,38.0
2023-11-15 01:37:10,0.0,0.0,556.0,22.8,38.0
2023-11-15 01:47:10,0.0,0.0,551.0,22.9,39.0
2023-11-15 01:57:10,0.0,0.0,535.0,22.9,38.0
2023-11-15 02:07:10,0.0,0.0,548.0,22.9,38.0
2023-11-15 02:17:10,0.0,0.0,526.0,22.9,38.0
2023-11-15 02:37:09,0.0,0.0,505.0,22.8,38.0
2023-11-15 02:47:09,0.0,0.0,513.0,22.8,38.0
2023-11-15 02:57:09,0.0,0.0,514.0,22.9,38.0
2023-11-15 03:07:09,0.0,47.0,454.0,22.8,37.0
2023-11-15 03:17:09,1.0,50.0,465.0,22.9,37.0
2023-11-15 03:27:09,0.0,0.0,509.0,22.9,37.0
2023-11-15 03:37:09,0.0,0.0,479.0,22.9,37.0
2023-11-15 03:47:09,0.0,0.0,494.0,22.9,37.0
2023-11-15 03:57:09,0.0,0.0,455.0,22.9,37.0
2023-11-15 04:07:09,1.0,40.0,464.0,22.9,37.0
2023-11-15 04:17:09,1.0,50.0,462.0,22.9,37.0
2023-11-15 04:27:09,0.0,0.0,470.0,22.9,37.0
2023-11-15 04:37:09,1.0,50.0,457.0,22.9,36.0
2023-11-15 04:47:10,0.0,50.0,481.0,22.9,37.0
2023-11-15 04:57:09,0.0,0.0,455.0,22.9,36.0
2023-11-15 05:07:09,0.0,0.0,433.0,22.9,36.0
2023-11-15 05:17:09,2.0,47.0,454.0,22.9,36.0
2023-11-15 05:27:09,0.0,50.0,487.0,22.9,36.0
2023-11-15 05:37:09,0.0,0.0,471.0,22.9,37.0
2023-11-15 05:47:09,0.0,0.0,449.0,22.9,36.0
2023-11-15 05:57:09,0.0,0.0,442.0,22.9,36.0
2023-11-15 06:17:09,1.0,50.0,449.0,22.9,35.0
2023-11-15 06:27:09,0.0,50.0,466.0,22.9,36.0
2023-11-15 06:37:09,2.0,50.0,524.0,22.9,37.0
2023-11-15 06:47:09,0.0,50.0,486.0,22.9,35.0
2023-11-15 06:57:09,0.0,50.0,460.0,22.8,33.0
2023-11-15 07:17:09,1.0,47.0,492.0,22.8,34.0
2023-11-15 07:27:09,0.0,47.0,490.0,22.9,34.0
2023-11-15 07:37:09,6.0,57.0,526.0,22.9,35.0
2023-11-15 07:47:09,3.0,57.0,519.0,22.8,35.0
2023-11-15 07:57:08,1.0,60.0,510.0,22.9,35.0
2023-11-15 08:07:08,2.0,74.0,641.0,22.9,37.0
2023-11-15 08:17:08,0.0,67.0,659.0,22.8,37.0
2023-11-15 08:27:08,2.0,57.0,570.0,22.8,36.0
2023-11-15 08:37:08,0.0,57.0,571.0,22.9,36.0
2023-11-15 08:47:08,5.0,57.0,658.0,22.8,37.0
2023-11-15 08:57:08,0.0,57.0,665.0,22.9,37.0
2023-11-15 09:07:08,4.0,53.0,663.0,22.9,37.0
2023-11-15 09:17:11,1.0,53.0,690.0,22.9,37.0
2023-11-15 09:27:08,3.0,50.0,684.0,22.9,37.0
2023-11-15 09:37:08,0.0,53.0,584.0,22.9,36.0
2023-11-15 09:47:08,3.0,53.0,623.0,22.9,36.0
2023-11-15 09:57:08,5.0,57.0,708.0,22.9,37.0
2023-11-15 10:07:08,5.0,57.0,632.0,22.8,36.0
2023-11-15 10:17:08,2.0,57.0,644.0,22.8,36.0
2023-11-15 10:27:08,3.0,57.0,658.0,23.0,36.0
2023-11-15 10:37:08,4.0,57.0,630.0,22.9,36.0
2023-11-15 10:47:08,1.0,57.0,707.0,22.9,37.0
2023-11-15 10:57:08,2.0,53.0,677.0,22.9,36.0
2023-11-15 11:07:08,1.0,94.0,678.0,22.9,36.0
2023-11-15 11:17:08,4.0,63.0,745.0,22.9,37.0
2023-11-15 11:27:08,3.0,158.0,581.0,22.9,34.0
2023-11-15 11:37:08,7.0,111.0,723.0,23.0,35.0
2023-11-15 11:47:08,3.0,53.0,674.0,23.0,35.0
2023-11-15 11:57:08,2.0,47.0,654.0,23.0,34.0
2023-11-15 12:07:08,8.0,50.0,714.0,23.0,35.0
2023-11-15 12:17:08,3.0,50.0,711.0,23.0,35.0
2023-11-15 12:27:08,3.0,53.0,714.0,23.0,35.0
2023-11-15 12:37:08,4.0,60.0,705.0,23.0,35.0
2023-11-15 12:47:08,0.0,53.0,665.0,23.1,34.0
2023-11-15 12:57:08,1.0,50.0,700.0,23.0,35.0
2023-11-15 13:07:08,2.0,50.0,796.0,23.1,35.0
2023-11-15 13:17:07,1.0,53.0,705.0,23.1,35.0
2023-11-15 13:27:08,1.0,50.0,721.0,23.1,35.0
2023-11-15 13:37:07,2.0,47.0,718.0,23.1,35.0
2023-11-15 13:47:07,2.0,53.0,854.0,23.1,36.0
2023-11-15 13:57:07,1.0,50.0,782.0,23.2,35.0
2023-11-15 14:07:07,5.0,50.0,1552.0,23.2,39.0
2023-11-15 14:17:07,3.0,50.0,1441.0,23.2,39.0
2023-11-15 14:27:07,3.0,50.0,1178.0,23.2,38.0
2023-11-15 14:37:07,2.0,50.0,1269.0,23.2,39.0
2023-11-15 14:47:07,0.0,50.0,1194.0,23.2,39.0
2023-11-15 14:57:07,0.0,50.0,1130.0,23.2,38.0
2023-11-15 15:07:07,0.0,50.0,1113.0,23.2,38.0
2023-11-15 15:17:07,0.0,50.0,1082.0,23.2,38.0
2023-11-15 15:27:07,1.0,50.0,1007.0,23.2,38.0
2023-11-15 15:37:07,3.0,50.0,947.0,23.2,37.0
2023-11-15 15:47:07,2.0,50.0,1082.0,23.2,38.0
2023-11-15 15:57:07,1.0,50.0,1045.0,23.2,38.0
2023-11-15 16:07:07,1.0,50.0,1114.0,23.2,38.0
2023-11-15 16:17:07,2.0,50.0,1054.0,23.2,38.0
2023-11-15 16:27:07,2.0,50.0,908.0,23.3,37.0
2023-11-15 16:37:07,0.0,50.0,907.0,23.2,37.0
2023-11-15 16:47:07,9.0,50.0,855.0,23.2,37.0
2023-11-15 16:57:07,2.0,50.0,934.0,23.2,37.0
2023-11-15 17:07:07,0.0,47.0,712.0,23.1,36.0
2023-11-15 17:17:07,0.0,47.0,574.0,23.1,34.0
2023-11-15 17:27:07,1.0,47.0,540.0,23.0,33.0
2023-11-15 17:37:07,1.0,0.0,583.0,23.1,33.0
2023-11-15 17:47:07,0.0,0.0,639.0,23.0,34.0
2023-11-15 17:57:07,0.0,0.0,704.0,23.0,35.0
2023-11-15 18:07:07,0.0,0.0,711.0,23.1,35.0
2023-11-15 18:17:07,0.0,0.0,689.0,23.0,35.0
2023-11-15 18:27:07,0.0,50.0,702.0,23.1,36.0
2023-11-15 18:37:07,0.0,50.0,634.0,23.0,35.0
2023-11-15 18:47:07,1.0,0.0,621.0,23.0,35.0
2023-11-15 18:57:06,0.0,0.0,725.0,23.0,36.0
2023-11-15 19:07:06,0.0,0.0,759.0,23.0,36.0
2023-11-15 19:17:06,0.0,0.0,737.0,23.0,37.0
2023-11-15 19:27:06,1.0,43.0,697.0,23.0,36.0
2023-11-15 19:37:06,4.0,47.0,641.0,23.0,36.0
2023-11-15 19:47:06,0.0,0.0,704.0,23.0,36.0
2023-11-15 19:57:06,0.0,0.0,708.0,23.0,37.0
2023-11-15 20:07:06,0.0,0.0,653.0,23.0,36.0
2023-11-15 20:17:06,0.0,0.0,682.0,23.0,36.0
2023-11-15 20:27:06,0.0,0.0,661.0,23.0,36.0
2023-11-15 20:37:06,0.0,0.0,676.0,23.0,37.0
2023-11-15 20:47:06,0.0,0.0,646.0,23.0,36.0
2023-11-15 20:57:06,0.0,0.0,665.0,23.0,37.0
2023-11-15 21:07:06,1.0,47.0,653.0,23.0,36.0
2023-11-15 21:17:06,0.0,47.0,599.0,23.0,36.0
2023-11-15 21:27:06,0.0,0.0,610.0,23.0,36.0
2023-11-15 21:37:06,0.0,0.0,618.0,23.0,36.0
2023-11-15 21:47:06,0.0,0.0,616.0,23.0,36.0
2023-11-15 21:57:06,1.0,50.0,606.0,23.0,36.0
2023-11-15 22:07:06,1.0,47.0,568.0,23.0,35.0
2023-11-15 22:17:06,0.0,0.0,586.0,23.0,35.0
2023-11-15 22:27:06,0.0,0.0,566.0,23.0,35.0
2023-11-15 22:37:06,0.0,0.0,584.0,23.0,36.0
2023-11-15 22:47:06,0.0,0.0,565.0,23.0,35.0
2023-11-15 22:57:06,0.0,0.0,583.0,23.0,36.0
2023-11-15 23:07:06,0.0,0.0,570.0,23.0,36.0
2023-11-15 23:17:06,0.0,0.0,578.0,22.9,36.0
2023-11-15 23:27:06,0.0,0.0,561.0,22.9,36.0
2023-11-15 23:37:06,0.0,0.0,531.0,22.9,35.0
2023-11-15 23:47:06,0.0,0.0,552.0,22.9,35.0
2023-11-15 23:57:06,0.0,0.0,512.0,23.0,35.0
2023-11-16 00:07:06,0.0,0.0,523.0,22.9,35.0
2023-11-16 00:17:05,0.0,0.0,534.0,23.0,35.0
2023-11-16 00:27:05,0.0,0.0,484.0,23.0,34.0
2023-11-16 00:37:05,0.0,0.0,510.0,23.0,35.0
2023-11-16 00:47:05,0.0,0.0,546.0,23.0,35.0
2023-11-16 00:57:05,0.0,0.0,513.0,23.0,35.0
2023-11-16 01:07:05,0.0,0.0,547.0,22.9,36.0
2023-11-16 01:17:05,0.0,0.0,489.0,22.9,35.0
2023-11-16 01:27:06,0.0,0.0,535.0,22.9,36.0
2023-11-16 01:37:05,0.0,0.0,486.0,22.9,35.0
2023-11-16 01:47:05,0.0,0.0,518.0,22.9,35.0
2023-11-16 01:57:05,0.0,0.0,476.0,22.9,35.0
2023-11-16 02:07:05,0.0,0.0,472.0,23.0,35.0
2023-11-16 02:17:05,0.0,0.0,463.0,22.9,34.0
2023-11-16 02:27:05,0.0,0.0,485.0,22.9,34.0
2023-11-16 02:37:05,0.0,0.0,438.0,22.9,34.0
2023-11-16 02:47:05,0.0,0.0,479.0,22.9,34.0
2023-11-16 02:57:05,0.0,0.0,445.0,22.9,34.0
2023-11-16 03:07:05,1.0,50.0,474.0,22.9,34.0
2023-11-16 03:17:05,0.0,50.0,468.0,22.9,35.0
2023-11-16 03:27:05,0.0,0.0,446.0,22.9,34.0
2023-11-16 03:37:05,0.0,0.0,463.0,22.9,34.0
2023-11-16 03:47:05,0.0,0.0,473.0,23.0,34.0
2023-11-16 03:57:05,0.0,0.0,461.0,22.9,34.0
2023-11-16 04:07:05,2.0,50.0,493.0,23.0,35.0
2023-11-16 04:17:05,0.0,50.0,492.0,23.0,35.0
2023-11-16 04:27:05,0.0,0.0,458.0,22.9,35.0
2023-11-16 04:37:05,0.0,0.0,461.0,22.9,35.0
2023-11-16 04:47:05,0.0,0.0,451.0,22.9,35.0
2023-11-16 04:57:05,0.0,0.0,462.0,22.9,35.0
2023-11-16 05:07:05,0.0,0.0,451.0,22.9,34.0
2023-11-16 05:17:05,0.0,0.0,466.0,23.0,34.0
2023-11-16 05:27:05,0.0,0.0,459.0,22.9,34.0
2023-11-16 05:37:05,0.0,0.0,453.0,22.9,34.0
2023-11-16 05:47:04,0.0,0.0,453.0,22.9,34.0
2023-11-16 05:57:04,0.0,0.0,450.0,22.9,34.0
2023-11-16 06:07:04,0.0,0.0,461.0,22.9,35.0
2023-11-16 06:17:04,0.0,0.0,468.0,22.9,35.0
2023-11-16 06:27:04,1.0,50.0,514.0,22.9,36.0
2023-11-16 06:37:04,1.0,50.0,508.0,22.9,36.0
2023-11-16 06:47:04,1.0,50.0,517.0,22.9,36.0
2023-11-16 06:57:04,2.0,50.0,545.0,22.9,38.0
2023-11-16 07:07:04,0.0,50.0,609.0,22.9,39.0
2023-11-16 07:17:04,1.0,47.0,543.0,22.9,38.0
2023-11-16 07:27:04,4.0,50.0,595.0,22.9,39.0
2023-11-16 07:37:04,0.0,53.0,572.0,22.9,39.0
2023-11-16 07:47:04,0.0,53.0,656.0,22.9,40.0
2023-11-16 07:57:04,1.0,50.0,598.0,22.9,39.0
2023-11-16 08:07:04,3.0,50.0,599.0,22.9,39.0
2023-11-16 08:17:04,1.0,50.0,629.0,22.9,40.0
2023-11-16 08:27:04,4.0,50.0,620.0,22.9,40.0
2023-11-16 08:37:04,2.0,50.0,668.0,22.9,41.0
2023-11-16 08:47:04,0.0,50.0,632.0,22.9,41.0
2023-11-16 08:57:04,1.0,50.0,634.0,22.9,41.0
2023-11-16 09:07:04,5.0,53.0,619.0,22.8,40.0
2023-11-16 09:17:04,2.0,50.0,651.0,22.9,40.0
2023-11-16 09:27:04,2.0,50.0,642.0,22.9,41.0
2023-11-16 09:37:04,3.0,47.0,650.0,22.9,41.0
2023-11-16 09:47:04,2.0,50.0,677.0,22.9,41.0
2023-11-16 09:57:04,0.0,50.0,692.0,22.9,41.0
2023-11-16 10:07:04,0.0,50.0,706.0,22.9,42.0
2023-11-16 10:17:04,3.0,53.0,704.0,22.9,42.0
2023-11-16 10:27:04,3.0,53.0,762.0,22.9,42.0
2023-11-16 10:37:04,1.0,50.0,759.0,22.9,42.0
2023-11-16 10:47:04,2.0,53.0,703.0,22.8,42.0
2023-11-16 10:57:04,4.0,50.0,729.0,22.8,41.0
2023-11-16 11:07:04,4.0,50.0,730.0,22.8,41.0
2023-11-16 11:17:03,1.0,53.0,730.0,22.8,41.0
2023-11-16 11:27:03,3.0,50.0,756.0,22.8,41.0
2023-11-16 11:37:03,1.0,50.0,848.0,22.8,41.0
2023-11-16 11:47:03,2.0,50.0,1084.0,22.9,43.0
2023-11-16 11:57:04,2.0,50.0,838.0,23.0,41.0
2023-11-16 12:07:03,1.0,50.0,792.0,23.0,41.0
2023-11-16 12:17:03,2.0,47.0,723.0,23.0,40.0
2023-11-16 12:27:03,7.0,50.0,798.0,23.0,41.0
2023-11-16 12:37:03,0.0,53.0,824.0,23.0,41.0
2023-11-16 12:47:03,1.0,50.0,847.0,23.0,42.0
2023-11-16 12:57:03,1.0,50.0,789.0,23.0,41.0
2023-11-16 13:07:03,3.0,50.0,790.0,23.0,41.0
2023-11-16 13:17:03,2.0,50.0,790.0,22.9,41.0
2023-11-16 13:27:03,3.0,53.0,803.0,23.0,41.0
2023-11-16 13:37:03,0.0,50.0,845.0,23.0,41.0
2023-11-16 13:47:03,2.0,50.0,934.0,23.0,41.0
2023-11-16 13:57:03,3.0,50.0,885.0,23.0,41.0
2023-11-16 14:07:03,5.0,50.0,856.0,23.1,41.0
2023-11-16 14:17:03,2.0,53.0,846.0,23.1,41.0
2023-11-16 14:27:03,4.0,50.0,878.0,23.0,41.0
2023-11-16 14:37:03,1.0,50.0,841.0,23.0,40.0
2023-11-16 14:47:03,0.0,50.0,871.0,23.0,41.0
2023-11-16 14:57:03,0.0,50.0,835.0,23.0,40.0
2023-11-16 15:07:03,5.0,50.0,847.0,23.0,40.0
2023-11-16 15:17:03,1.0,50.0,828.0,22.9,39.0
2023-11-16 15:27:03,1.0,50.0,763.0,23.0,39.0
2023-11-16 15:37:03,3.0,53.0,740.0,22.9,39.0
2023-11-16 15:47:03,1.0,47.0,808.0,23.0,39.0
2023-11-16 15:57:03,3.0,47.0,863.0,23.0,39.0
2023-11-16 16:07:03,0.0,47.0,736.0,23.0,38.0
2023-11-16 16:17:03,2.0,50.0,801.0,22.9,38.0
2023-11-16 16:27:03,1.0,50.0,770.0,23.0,38.0
2023-11-16 16:37:03,0.0,50.0,736.0,23.0,38.0
2023-11-16 16:47:02,3.0,50.0,789.0,22.9,38.0
2023-11-16 16:57:02,5.0,47.0,1008.0,23.0,40.0
2023-11-16 17:07:02,0.0,47.0,840.0,23.0,38.0
2023-11-16 17:17:02,0.0,47.0,766.0,22.9,38.0
2023-11-16 17:27:02,1.0,47.0,705.0,22.9,37.0
2023-11-16 17:37:02,0.0,0.0,692.0,22.9,37.0
2023-11-16 17:47:02,0.0,6.0,703.0,22.9,37.0
2023-11-16 17:57:02,2.0,6.0,746.0,22.9,37.0
2023-11-16 18:07:02,0.0,6.0,744.0,22.9,38.0
2023-11-16 18:17:02,2.0,0.0,695.0,22.9,37.0
2023-11-16 18:27:02,0.0,0.0,651.0,22.8,36.0
2023-11-16 18:37:02,0.0,0.0,610.0,22.8,36.0
2023-11-16 18:47:02,1.0,43.0,606.0,22.8,36.0
2023-11-16 18:57:02,0.0,50.0,621.0,22.8,36.0
2023-11-16 19:07:02,0.0,0.0,597.0,22.9,36.0
2023-11-16 19:17:02,0.0,0.0,582.0,22.8,35.0
2023-11-16 19:27:02,1.0,50.0,581.0,22.8,35.0
2023-11-16 19:37:02,0.0,50.0,565.0,22.8,35.0
2023-11-16 19:47:02,0.0,0.0,556.0,22.8,35.0
2023-11-16 19:57:02,0.0,0.0,530.0,22.8,35.0
2023-11-16 20:07:02,0.0,0.0,533.0,22.8,35.0
2023-11-16 20:17:02,0.0,50.0,554.0,22.8,35.0
2023-11-16 20:27:02,0.0,47.0,553.0,22.7,35.0
2023-11-16 20:37:02,0.0,0.0,549.0,22.8,35.0
2023-11-16 20:47:02,0.0,0.0,512.0,22.8,34.0
2023-11-16 20:57:02,1.0,50.0,527.0,22.7,34.0
2023-11-16 21:07:02,0.0,50.0,555.0,22.8,35.0
2023-11-16 21:17:02,0.0,0.0,552.0,22.8,35.0
2023-11-16 21:27:02,0.0,47.0,578.0,22.8,35.0
2023-11-16 21:37:02,0.0,47.0,538.0,22.8,35.0
2023-11-16 21:47:02,0.0,0.0,542.0,22.8,35.0
2023-11-16 21:57:02,1.0,53.0,610.0,22.8,35.0
2023-11-16 22:07:02,0.0,47.0,562.0,22.8,35.0
2023-11-16 22:17:01,0.0,0.0,531.0,22.8,35.0
2023-11-16 22:27:02,0.0,0.0,533.0,22.8,34.0
2023-11-16 22:37:01,0.0,0.0,493.0,22.8,34.0
2023-11-16 22:47:01,0.0,0.0,513.0,22.7,34.0
2023-11-16 22:57:01,0.0,0.0,476.0,22.8,34.0
2023-11-16 23:07:02,0.0,0.0,505.0,22.7,34.0
2023-11-16 23:17:01,0.0,0.0,508.0,22.8,35.0
2023-11-16 23:27:01,0.0,0.0,531.0,22.8,35.0
2023-11-16 23:37:01,0.0,0.0,488.0,22.8,35.0
2023-11-16 23:47:01,0.0,0.0,508.0,22.7,35.0
2023-11-16 23:57:01,0.0,50.0,482.0,22.8,35.0
2023-11-17 00:07:01,0.0,53.0,549.0,22.8,35.0
2023-11-17 00:17:01,0.0,0.0,514.0,22.8,35.0
2023-11-17 00:27:01,0.0,0.0,499.0,22.8,35.0
2023-11-17 00:37:01,0.0,0.0,474.0,22.7,34.0
2023-11-17 00:47:01,0.0,0.0,471.0,22.8,34.0
2023-11-17 00:57:01,0.0,0.0,492.0,22.8,35.0
2023-11-17 01:07:01,0.0,0.0,464.0,22.7,34.0
2023-11-17 01:17:01,0.0,0.0,456.0,22.7,34.0
2023-11-17 01:27:01,0.0,0.0,468.0,22.7,34.0
2023-11-17 01:37:01,0.0,0.0,483.0,22.8,34.0
2023-11-17 01:47:01,0.0,0.0,495.0,22.7,34.0
2023-11-17 01:57:01,0.0,0.0,477.0,22.7,34.0
2023-11-17 02:07:01,0.0,0.0,452.0,22.7,34.0
2023-11-17 02:17:01,0.0,0.0,469.0,22.7,34.0
2023-11-17 02:27:01,0.0,0.0,463.0,22.7,34.0
2023-11-17 02:37:01,0.0,0.0,435.0,22.7,34.0
2023-11-17 02:47:01,0.0,0.0,467.0,22.7,34.0
2023-11-17 02:57:01,0.0,0.0,440.0,22.7,34.0
2023-11-17 03:07:01,2.0,50.0,440.0,22.7,34.0
2023-11-17 03:17:01,0.0,50.0,429.0,22.7,34.0
2023-11-17 03:27:01,0.0,0.0,442.0,22.7,34.0
2023-11-17 03:37:01,0.0,0.0,465.0,22.8,34.0
2023-11-17 03:47:00,0.0,0.0,439.0,22.7,34.0
2023-11-17 03:57:00,1.0,47.0,454.0,22.7,34.0
2023-11-17 04:07:00,0.0,50.0,451.0,22.8,34.0
2023-11-17 04:17:00,0.0,0.0,432.0,22.8,34.0
2023-11-17 04:27:00,0.0,0.0,417.0,22.8,33.0
2023-11-17 04:37:00,0.0,0.0,434.0,22.8,33.0
2023-11-17 04:47:00,0.0,0.0,418.0,22.8,33.0
2023-11-17 04:57:00,0.0,50.0,510.0,22.7,34.0
2023-11-17 05:07:00,0.0,50.0,472.0,22.7,34.0
2023-11-17 05:17:00,0.0,0.0,450.0,22.8,33.0
2023-11-17 05:27:00,0.0,0.0,433.0,22.8,33.0
2023-11-17 05:37:00,0.0,0.0,438.0,22.8,33.0
2023-11-17 05:47:00,0.0,0.0,416.0,22.7,33.0
2023-11-17 05:57:00,0.0,0.0,445.0,22.8,33.0
2023-11-17 06:07:00,0.0,0.0,487.0,22.7,34.0
2023-11-17 06:17:00,0.0,50.0,596.0,22.7,34.0
2023-11-17 06:27:00,0.0,50.0,651.0,22.8,35.0
2023-11-17 06:37:00,0.0,0.0,643.0,22.7,35.0
2023-11-17 06:47:00,1.0,40.0,617.0,22.8,35.0
2023-11-17 06:57:00,1.0,47.0,563.0,22.8,35.0
2023-11-17 07:07:00,1.0,50.0,538.0,22.7,34.0
2023-11-17 07:17:00,2.0,47.0,513.0,22.7,34.0
2023-11-17 07:27:00,2.0,50.0,517.0,22.7,34.0
2023-11-17 07:37:00,1.0,47.0,604.0,22.7,37.0
2023-11-17 07:47:00,0.0,50.0,601.0,22.7,37.0
2023-11-17 07:57:00,6.0,53.0,562.0,22.7,36.0
2023-11-17 08:07:00,1.0,53.0,590.0,22.7,36.0
2023-11-17 08:17:00,4.0,53.0,621.0,22.7,36.0
2023-11-17 08:27:00,0.0,53.0,598.0,22.6,36.0
2023-11-17 08:37:00,4.0,50.0,602.0,22.7,35.0
2023-11-17 08:47:00,3.0,57.0,605.0,22.7,35.0
2023-11-17 08:57:00,2.0,57.0,644.0,22.7,36.0
2023-11-17 09:07:00,3.0,57.0,606.0,22.7,36.0
2023-11-17 09:16:59,1.0,53.0,649.0,22.7,36.0
2023-11-17 09:26:59,4.0,53.0,659.0,22.7,36.0
2023-11-17 09:36:59,2.0,53.0,633.0,22.7,36.0
2023-11-17 09:47:00,5.0,53.0,835.0,22.7,36.0
2023-11-17 09:56:59,3.0,53.0,1050.0,22.7,38.0
2023-11-17 10:06:59,2.0,53.0,735.0,22.7,36.0
2023-11-17 10:16:59,2.0,53.0,615.0,22.7,34.0
2023-11-17 10:26:59,0.0,53.0,611.0,22.8,34.0
2023-11-17 10:36:59,3.0,50.0,654.0,22.8,34.0
2023-11-17 10:46:59,0.0,50.0,693.0,22.8,34.0
2023-11-17 10:56:59,5.0,50.0,651.0,22.8,34.0
2023-11-17 11:06:59,3.0,50.0,667.0,22.8,34.0
2023-11-17 11:16:59,6.0,50.0,777.0,22.8,35.0
2023-11-17 11:26:59,1.0,50.0,765.0,22.8,35.0
2023-11-17 11:36:59,3.0,50.0,729.0,22.7,35.0
2023-11-17 11:46:59,5.0,50.0,730.0,22.8,36.0
2023-11-17 11:56:59,3.0,50.0,762.0,22.8,36.0
2023-11-17 12:06:59,7.0,50.0,656.0,22.7,34.0
2023-11-17 12:16:59,1.0,50.0,613.0,22.8,33.0
2023-11-17 12:26:59,4.0,53.0,1118.0,22.8,38.0
2023-11-17 12:36:59,6.0,57.0,790.0,22.9,36.0
2023-11-17 12:46:59,5.0,57.0,771.0,22.9,35.0
2023-11-17 12:56:59,0.0,57.0,661.0,22.8,33.0
2023-11-17 13:06:59,7.0,57.0,678.0,22.7,33.0
2023-11-17 13:16:59,3.0,57.0,700.0,22.8,33.0
2023-11-17 13:26:59,1.0,57.0,736.0,22.9,33.0
2023-11-17 13:36:59,0.0,57.0,756.0,22.9,34.0
2023-11-17 13:46:59,5.0,57.0,790.0,23.0,34.0
2023-11-17 13:56:59,2.0,57.0,710.0,23.0,33.0
2023-11-17 14:06:59,7.0,53.0,721.0,22.8,33.0
2023-11-17 14:16:59,8.0,50.0,746.0,22.8,34.0
2023-11-17 14:26:59,4.0,53.0,833.0,22.9,34.0
2023-11-17 14:36:59,5.0,53.0,863.0,22.8,35.0
2023-11-17 14:46:58,2.0,53.0,811.0,22.9,34.0
2023-11-17 14:56:58,2.0,50.0,962.0,23.0,35.0
2023-11-17 15:06:59,5.0,50.0,1048.0,23.0,36.0
2023-11-17 15:16:58,4.0,57.0,1053.0,23.0,37.0
2023-11-17 15:26:58,6.0,47.0,967.0,23.0,36.0
2023-11-17 15:36:58,7.0,50.0,979.0,23.0,36.0
2023-11-17 15:46:58,3.0,50.0,929.0,22.9,35.0
2023-11-17 15:56:58,2.0,50.0,954.0,22.9,35.0
2023-11-17 16:06:58,3.0,50.0,898.0,22.9,35.0
2023-11-17 16:16:58,2.0,50.0,825.0,22.8,35.0
2023-11-17 16:26:58,1.0,50.0,868.0,22.8,35.0
2023-11-17 16:36:58,0.0,50.0,918.0,22.8,36.0
2023-11-17 16:46:58,3.0,50.0,825.0,22.9,35.0
2023-11-17 16:56:58,0.0,47.0,849.0,22.8,35.0
2023-11-17 17:06:58,1.0,50.0,791.0,22.8,35.0
2023-11-17 17:16:58,1.0,50.0,798.0,22.8,35.0
2023-11-17 17:26:58,1.0,50.0,953.0,22.8,36.0
2023-11-17 17:36:58,0.0,43.0,851.0,22.9,36.0
2023-11-17 17:46:58,0.0,50.0,805.0,22.9,35.0
2023-11-17 17:56:58,0.0,0.0,830.0,22.8,36.0
2023-11-17 18:06:58,0.0,50.0,746.0,22.8,35.0
2023-11-17 18:16:58,0.0,50.0,825.0,22.8,36.0
2023-11-17 18:26:58,1.0,50.0,775.0,22.9,35.0
2023-11-17 18:36:58,0.0,50.0,860.0,22.9,36.0
2023-11-17 18:46:58,0.0,0.0,849.0,22.9,36.0
2023-11-17 18:56:58,1.0,47.0,753.0,22.9,36.0
2023-11-17 19:06:58,1.0,47.0,734.0,22.8,35.0
2023-11-17 19:16:58,0.0,0.0,734.0,22.9,35.0
2023-11-17 19:26:58,0.0,0.0,746.0,22.8,35.0
2023-11-17 19:36:58,0.0,0.0,724.0,22.8,35.0
2023-11-17 19:46:58,0.0,0.0,715.0,22.8,35.0
2023-11-17 19:56:58,0.0,0.0,724.0,22.8,35.0
2023-11-17 20:06:58,0.0,0.0,700.0,22.8,35.0
2023-11-17 20:16:57,0.0,0.0,678.0,22.8,35.0
2023-11-17 20:26:58,0.0,0.0,681.0,22.8,35.0
2023-11-17 20:36:57,0.0,0.0,651.0,22.8,35.0
2023-11-17 20:46:57,0.0,0.0,672.0,22.8,35.0
2023-11-17 20:56:57,0.0,0.0,655.0,22.8,35.0
2023-11-17 21:06:57,0.0,0.0,643.0,22.8,35.0
2023-11-17 21:16:57,0.0,0.0,637.0,22.8,35.0
2023-11-17 21:26:57,0.0,0.0,622.0,22.8,35.0
2023-11-17 21:36:57,0.0,0.0,626.0,22.8,35.0
2023-11-17 21:46:57,0.0,0.0,619.0,22.8,35.0
2023-11-17 21:56:57,0.0,0.0,617.0,22.7,35.0
2023-11-17 22:06:57,1.0,50.0,563.0,22.8,34.0
2023-11-17 22:16:57,0.0,50.0,621.0,22.8,35.0
2023-11-17 22:26:57,0.0,0.0,612.0,22.8,35.0
2023-11-17 22:36:57,0.0,0.0,625.0,22.8,35.0
2023-11-17 22:46:57,0.0,0.0,598.0,22.8,35.0
2023-11-17 22:56:57,0.0,0.0,583.0,22.8,35.0
2023-11-17 23:06:57,1.0,50.0,589.0,22.8,34.0
2023-11-17 23:16:57,0.0,50.0,597.0,22.8,34.0
2023-11-17 23:26:57,0.0,0.0,620.0,22.8,35.0
2023-11-17 23:36:57,0.0,0.0,611.0,22.8,35.0
2023-11-17 23:46:57,0.0,0.0,606.0,22.7,35.0
2023-11-17 23:56:57,0.0,0.0,587.0,22.8,35.0
2023-11-18 00:06:57,0.0,0.0,581.0,22.8,35.0
2023-11-18 00:16:57,0.0,0.0,607.0,22.8,35.0
2023-11-18 00:26:57,0.0,0.0,590.0,22.7,35.0
2023-11-18 00:36:57,0.0,0.0,602.0,22.8,35.0
2023-11-18 00:46:57,0.0,0.0,588.0,22.8,35.0
2023-11-18 00:56:57,0.0,0.0,574.0,22.8,35.0
2023-11-18 01:06:57,0.0,0.0,582.0,22.8,34.0
2023-11-18 01:16:57,0.0,0.0,572.0,22.7,34.0
2023-11-18 01:26:57,0.0,0.0,561.0,22.8,34.0
2023-11-18 01:36:57,0.0,0.0,591.0,22.8,34.0
2023-11-18 01:46:57,0.0,0.0,567.0,22.7,34.0
2023-11-18 01:56:56,0.0,0.0,563.0,22.7,34.0
2023-11-18 02:06:56,0.0,0.0,572.0,22.8,34.0
2023-11-18 02:16:56,0.0,0.0,570.0,22.7,34.0
2023-11-18 02:26:56,0.0,0.0,568.0,22.7,34.0
2023-11-18 02:36:56,0.0,0.0,561.0,22.7,34.0
2023-11-18 02:46:56,0.0,0.0,555.0,22.7,34.0
2023-11-18 02:56:56,0.0,0.0,553.0,22.8,34.0
2023-11-18 03:06:56,0.0,0.0,544.0,22.8,34.0
2023-11-18 03:16:56,0.0,0.0,565.0,22.7,34.0
2023-11-18 03:26:56,0.0,0.0,542.0,22.7,34.0
2023-11-18 03:36:56,0.0,0.0,541.0,22.7,34.0
2023-11-18 03:46:56,0.0,0.0,556.0,22.7,34.0
2023-11-18 03:56:56,0.0,0.0,553.0,22.7,34.0
2023-11-18 04:06:56,0.0,0.0,548.0,22.7,34.0
2023-11-18 04:16:56,0.0,0.0,533.0,22.7,34.0
2023-11-18 04:26:56,0.0,0.0,554.0,22.7,34.0
2023-11-18 04:36:56,0.0,0.0,538.0,22.7,34.0
2023-11-18 04:46:57,0.0,0.0,550.0,22.7,34.0
2023-11-18 04:56:56,0.0,0.0,534.0,22.7,34.0
2023-11-18 05:06:56,0.0,0.0,552.0,22.7,34.0
2023-11-18 05:16:56,0.0,0.0,549.0,22.7,34.0
2023-11-18 05:26:56,0.0,0.0,531.0,22.7,34.0
2023-11-18 05:36:56,0.0,0.0,539.0,22.7,34.0
2023-11-18 05:46:56,0.0,0.0,528.0,22.7,34.0
2023-11-18 05:56:56,0.0,0.0,563.0,22.7,34.0
2023-11-18 06:06:56,2.0,50.0,524.0,22.7,33.0
2023-11-18 06:16:56,0.0,0.0,522.0,22.7,33.0
2023-11-18 06:26:56,0.0,0.0,553.0,22.7,34.0
2023-11-18 06:36:56,0.0,0.0,520.0,22.7,33.0
2023-11-18 06:46:56,0.0,0.0,518.0,22.8,33.0
2023-11-18 06:56:56,0.0,0.0,499.0,22.8,33.0
2023-11-18 07:06:56,0.0,0.0,484.0,22.7,33.0
2023-11-18 07:16:55,0.0,3.0,508.0,22.8,33.0
2023-11-18 07:26:55,0.0,3.0,511.0,22.7,33.0
2023-11-18 07:36:55,0.0,3.0,505.0,22.7,32.0
2023-11-18 07:46:55,1.0,40.0,502.0,22.8,32.0
2023-11-18 07:56:55,0.0,50.0,507.0,22.7,32.0
2023-11-18 08:06:55,0.0,3.0,508.0,22.7,32.0
2023-11-18 08:16:55,0.0,3.0,500.0,22.7,32.0
2023-11-18 08:26:55,0.0,3.0,504.0,22.7,32.0
2023-11-18 08:36:55,0.0,3.0,507.0,22.7,32.0
2023-11-18 08:46:55,0.0,3.0,518.0,22.7,32.0
2023-11-18 08:56:55,0.0,3.0,498.0,22.8,32.0
2023-11-18 09:06:55,0.0,6.0,511.0,22.7,32.0
2023-11-18 09:16:55,0.0,6.0,499.0,22.7,32.0
2023-11-18 09:26:55,0.0,3.0,493.0,22.7,32.0
2023-11-18 09:36:55,0.0,3.0,506.0,22.7,32.0
2023-11-18 09:46:55,0.0,6.0,497.0,22.7,32.0
2023-11-18 09:56:55,0.0,6.0,502.0,22.7,32.0
2023-11-18 10:06:55,0.0,13.0,492.0,22.8,32.0
2023-11-18 10:16:55,0.0,40.0,486.0,22.7,32.0
2023-11-18 10:26:55,0.0,43.0,493.0,22.7,31.0
2023-11-18 10:36:55,0.0,13.0,469.0,22.7,31.0
2023-11-18 10:46:55,0.0,20.0,465.0,22.7,31.0
2023-11-18 10:56:55,0.0,23.0,468.0,22.7,31.0
2023-11-18 11:06:55,0.0,43.0,447.0,22.7,31.0
2023-11-18 11:16:55,0.0,138.0,455.0,22.8,31.0
2023-11-18 11:26:55,0.0,518.0,430.0,22.8,30.0
2023-11-18 11:36:55,0.0,400.0,431.0,22.9,30.0
2023-11-18 11:46:55,0.0,330.0,454.0,22.9,30.0
2023-11-18 11:56:55,0.0,282.0,434.0,22.9,29.0
2023-11-18 12:06:55,0.0,171.0,431.0,22.8,29.0
2023-11-18 12:16:55,0.0,77.0,445.0,22.8,29.0
2023-11-18 12:26:55,0.0,111.0,439.0,22.8,29.0
2023-11-18 12:36:54,0.0,80.0,436.0,22.8,29.0
2023-11-18 12:46:54,0.0,67.0,432.0,22.8,29.0
2023-11-18 12:56:54,0.0,26.0,435.0,22.8,29.0
2023-11-18 13:06:54,0.0,6.0,434.0,22.8,29.0
2023-11-18 13:16:54,0.0,3.0,420.0,22.7,29.0
2023-11-18 13:26:54,0.0,3.0,432.0,22.8,29.0
2023-11-18 13:36:54,0.0,3.0,450.0,22.7,29.0
2023-11-18 13:46:54,0.0,3.0,425.0,22.8,29.0
2023-11-18 13:56:54,0.0,3.0,461.0,22.7,30.0
2023-11-18 14:06:54,0.0,3.0,450.0,22.8,30.0
2023-11-18 14:16:54,0.0,3.0,443.0,22.7,30.0
2023-11-18 14:26:54,0.0,3.0,453.0,22.7,30.0
2023-11-18 14:36:54,0.0,3.0,427.0,22.7,30.0
2023-11-18 14:46:54,0.0,0.0,434.0,22.8,30.0
2023-11-18 14:56:55,0.0,0.0,432.0,22.7,30.0
2023-11-18 15:06:54,0.0,0.0,439.0,22.7,30.0
2023-11-18 15:16:54,0.0,0.0,437.0,22.7,30.0
2023-11-18 15:26:54,0.0,0.0,442.0,22.7,30.0
2023-11-18 15:36:54,0.0,0.0,434.0,22.7,30.0
2023-11-18 15:46:54,0.0,0.0,435.0,22.7,30.0
2023-11-18 15:56:54,0.0,0.0,439.0,22.7,30.0
2023-11-18 16:06:54,0.0,0.0,441.0,22.7,30.0
2023-11-18 16:16:54,0.0,0.0,435.0,22.7,30.0
2023-11-18 16:26:54,0.0,0.0,416.0,22.7,30.0
2023-11-18 16:36:54,0.0,0.0,439.0,22.7,30.0
2023-11-18 16:46:54,0.0,0.0,443.0,22.7,30.0
2023-11-18 16:56:54,0.0,0.0,436.0,22.7,30.0
2023-11-18 17:06:54,0.0,0.0,446.0,22.7,30.0
2023-11-18 17:16:54,0.0,0.0,419.0,22.7,30.0
2023-11-18 17:26:54,0.0,0.0,440.0,22.7,30.0
2023-11-18 17:36:54,0.0,0.0,433.0,22.7,30.0
2023-11-18 17:46:54,0.0,0.0,438.0,22.6,30.0
2023-11-18 17:56:54,0.0,0.0,431.0,22.7,30.0
2023-11-18 18:06:53,0.0,0.0,426.0,22.7,30.0
2023-11-18 18:16:53,0.0,0.0,441.0,22.6,30.0
2023-11-18 18:26:53,0.0,0.0,428.0,22.6,30.0
2023-11-18 18:36:53,0.0,0.0,439.0,22.7,30.0
2023-11-18 18:46:53,0.0,0.0,433.0,22.7,30.0
2023-11-18 18:56:53,0.0,0.0,445.0,22.7,30.0
2023-11-18 19:06:53,0.0,0.0,419.0,22.7,30.0
2023-11-18 19:16:53,0.0,0.0,427.0,22.6,30.0
2023-11-18 19:26:53,0.0,0.0,440.0,22.6,30.0
2023-11-18 19:36:53,0.0,0.0,429.0,22.6,30.0
2023-11-18 19:46:53,0.0,0.0,424.0,22.6,31.0
2023-11-18 19:56:53,0.0,0.0,439.0,22.6,31.0
2023-11-18 20:06:53,0.0,0.0,440.0,22.6,31.0
2023-11-18 20:16:53,0.0,0.0,437.0,22.6,31.0
2023-11-18 20:26:53,0.0,0.0,422.0,22.6,31.0
2023-11-18 20:36:53,0.0,0.0,434.0,22.6,31.0
2023-11-18 20:46:53,0.0,0.0,411.0,22.6,31.0
2023-11-18 20:56:53,0.0,0.0,409.0,22.6,31.0
2023-11-18 21:06:53,0.0,0.0,424.0,22.6,31.0
2023-11-18 21:16:53,0.0,0.0,421.0,22.6,31.0
2023-11-18 21:26:53,0.0,0.0,423.0,22.6,31.0
2023-11-18 21:36:53,0.0,0.0,425.0,22.6,32.0
2023-11-18 21:46:53,0.0,0.0,430.0,22.6,32.0
2023-11-18 21:56:53,0.0,0.0,422.0,22.6,32.0
2023-11-18 22:06:53,0.0,0.0,433.0,22.6,32.0
2023-11-18 22:16:53,0.0,0.0,414.0,22.6,32.0
2023-11-18 22:26:53,0.0,0.0,417.0,22.6,32.0
2023-11-18 22:36:53,0.0,0.0,417.0,22.6,32.0
2023-11-18 22:46:53,0.0,0.0,428.0,22.5,32.0
2023-11-18 22:56:53,0.0,0.0,417.0,22.6,32.0
2023-11-18 23:06:53,0.0,0.0,420.0,22.6,32.0
2023-11-18 23:16:53,0.0,0.0,419.0,22.6,32.0
2023-11-18 23:26:53,0.0,0.0,432.0,22.6,32.0
2023-11-18 23:36:52,0.0,0.0,439.0,22.6,32.0
2023-11-18 23:46:53,0.0,0.0,429.0,22.6,32.0
2023-11-18 23:56:52,0.0,0.0,439.0,22.6,32.0
2023-11-19 00:06:52,0.0,0.0,420.0,22.5,32.0
2023-11-19 00:16:52,0.0,0.0,411.0,22.5,32.0
2023-11-19 00:26:52,0.0,0.0,435.0,22.5,32.0
2023-11-19 00:36:52,0.0,0.0,434.0,22.6,33.0
2023-11-19 00:46:52,0.0,0.0,430.0,22.5,33.0
2023-11-19 00:56:52,0.0,0.0,441.0,22.6,32.0
2023-11-19 01:06:52,0.0,0.0,432.0,22.5,32.0
2023-11-19 01:16:52,0.0,0.0,420.0,22.5,33.0
2023-11-19 01:26:52,0.0,0.0,419.0,22.5,33.0
2023-11-19 01:36:52,0.0,0.0,427.0,22.5,33.0
2023-11-19 01:46:52,0.0,0.0,423.0,22.5,33.0
2023-11-19 01:56:52,0.0,0.0,425.0,22.5,33.0
2023-11-19 02:06:52,0.0,0.0,421.0,22.5,33.0
2023-11-19 02:16:52,0.0,0.0,442.0,22.5,33.0
2023-11-19 02:26:52,0.0,0.0,424.0,22.5,33.0
2023-11-19 02:36:52,0.0,0.0,419.0,22.5,33.0
2023-11-19 02:46:52,0.0,0.0,413.0,22.5,33.0
2023-11-19 02:56:52,0.0,0.0,417.0,22.5,33.0
2023-11-19 03:06:52,0.0,0.0,412.0,22.5,33.0
2023-11-19 03:16:52,0.0,0.0,418.0,22.5,33.0
2023-11-19 03:26:52,0.0,0.0,409.0,22.5,33.0
2023-11-19 03:36:52,0.0,0.0,420.0,22.6,33.0
2023-11-19 03:46:52,0.0,0.0,435.0,22.5,33.0
2023-11-19 03:56:52,0.0,0.0,419.0,22.5,33.0
2023-11-19 04:06:52,0.0,0.0,437.0,22.5,33.0
2023-11-19 04:16:52,0.0,0.0,431.0,22.5,33.0
2023-11-19 04:26:52,0.0,0.0,422.0,22.5,33.0
2023-11-19 04:36:52,0.0,0.0,426.0,22.5,33.0
2023-11-19 04:46:52,0.0,0.0,417.0,22.5,33.0
2023-11-19 04:56:52,0.0,0.0,417.0,22.5,33.0
2023-11-19 05:06:52,2.0,50.0,420.0,22.5,33.0
2023-11-19 05:16:51,0.0,50.0,425.0,22.5,33.0
2023-11-19 05:26:51,0.0,0.0,428.0,22.5,33.0
2023-11-19 05:36:51,0.0,0.0,424.0,22.5,33.0
2023-11-19 05:46:51,0.0,0.0,430.0,22.5,33.0
2023-11-19 05:56:51,0.0,0.0,427.0,22.5,33.0
2023-11-19 06:06:51,0.0,0.0,421.0,22.5,33.0
2023-11-19 06:16:51,0.0,0.0,415.0,22.5,33.0
2023-11-19 06:26:51,0.0,0.0,429.0,22.5,33.0
2023-11-19 06:36:51,0.0,0.0,427.0,22.5,33.0
2023-11-19 06:46:51,0.0,0.0,423.0,22.5,33.0
2023-11-19 06:56:51,0.0,0.0,414.0,22.5,33.0
2023-11-19 07:06:51,0.0,0.0,429.0,22.5,33.0
2023-11-19 07:16:51,0.0,0.0,423.0,22.5,33.0
2023-11-19 07:26:51,0.0,0.0,428.0,22.5,33.0
2023-11-19 07:36:51,0.0,0.0,414.0,22.5,33.0
2023-11-19 07:46:51,0.0,0.0,427.0,22.5,33.0
2023-11-19 07:56:51,0.0,0.0,421.0,22.5,33.0
2023-11-19 08:06:51,0.0,0.0,410.0,22.5,33.0
2023-11-19 08:16:51,0.0,0.0,426.0,22.5,33.0
2023-11-19 08:26:51,0.0,0.0,423.0,22.5,33.0
2023-11-19 08:36:51,0.0,0.0,419.0,22.5,33.0
2023-11-19 08:46:51,1.0,3.0,403.0,22.5,33.0
2023-11-19 08:56:51,0.0,3.0,412.0,22.5,33.0
2023-11-19 09:06:51,0.0,3.0,409.0,22.5,34.0
2023-11-19 09:16:51,0.0,3.0,415.0,22.5,34.0
2023-11-19 09:26:51,0.0,3.0,417.0,22.5,34.0
2023-11-19 09:36:51,0.0,3.0,416.0,22.5,34.0
2023-11-19 09:46:51,0.0,3.0,422.0,22.5,34.0
2023-11-19 09:56:51,0.0,3.0,424.0,22.5,34.0
2023-11-19 10:06:51,0.0,3.0,420.0,22.5,34.0
2023-11-19 10:16:51,0.0,3.0,423.0,22.5,34.0
2023-11-19 10:26:51,2.0,3.0,402.0,22.5,33.0
2023-11-19 10:36:50,0.0,3.0,425.0,22.5,34.0
2023-11-19 10:46:50,0.0,3.0,431.0,22.5,34.0
2023-11-19 10:56:50,0.0,3.0,420.0,22.5,34.0
2023-11-19 11:06:50,0.0,3.0,427.0,22.5,34.0
2023-11-19 11:16:50,0.0,3.0,420.0,22.5,34.0
2023-11-19 11:26:50,0.0,3.0,401.0,22.5,34.0
2023-11-19 11:36:50,0.0,3.0,415.0,22.5,34.0
2023-11-19 11:46:50,0.0,3.0,413.0,22.5,34.0
2023-11-19 11:56:50,0.0,3.0,408.0,22.5,34.0
2023-11-19 12:06:50,0.0,3.0,408.0,22.5,34.0
2023-11-19 12:16:50,0.0,3.0,415.0,22.5,34.0
2023-11-19 12:26:50,0.0,3.0,413.0,22.5,34.0
2023-11-19 12:36:50,0.0,0.0,420.0,22.4,34.0
2023-11-19 12:46:50,0.0,3.0,398.0,22.5,34.0
2023-11-19 12:56:50,1.0,3.0,396.0,22.5,33.0
2023-11-19 13:06:50,0.0,3.0,417.0,22.5,34.0
2023-11-19 13:16:50,0.0,3.0,409.0,22.5,34.0
2023-11-19 13:26:50,0.0,3.0,418.0,22.5,34.0
2023-11-19 13:36:50,0.0,0.0,420.0,22.5,34.0
2023-11-19 13:46:50,0.0,0.0,421.0,22.5,34.0
2023-11-19 13:56:50,0.0,0.0,412.0,22.5,34.0
2023-11-19 14:06:50,0.0,0.0,412.0,22.5,34.0
2023-11-19 14:16:50,1.0,0.0,421.0,22.5,34.0
2023-11-19 14:26:50,0.0,0.0,404.0,22.5,34.0
2023-11-19 14:36:50,0.0,0.0,415.0,22.5,34.0
2023-11-19 14:46:50,0.0,0.0,415.0,22.5,34.0
2023-11-19 14:56:50,0.0,0.0,422.0,22.5,34.0
2023-11-19 15:06:50,0.0,0.0,409.0,22.5,34.0
2023-11-19 15:16:50,0.0,0.0,425.0,22.4,34.0
2023-11-19 15:26:50,0.0,0.0,413.0,22.5,34.0
2023-11-19 15:36:50,0.0,0.0,417.0,22.4,34.0
2023-11-19 15:46:50,0.0,0.0,418.0,22.5,34.0
2023-11-19 15:56:50,0.0,0.0,422.0,22.4,34.0
2023-11-19 16:06:49,0.0,0.0,416.0,22.5,34.0
2023-11-19 16:16:49,0.0,0.0,412.0,22.5,34.0
2023-11-19 16:26:49,0.0,0.0,426.0,22.4,34.0
2023-11-19 16:36:49,0.0,0.0,424.0,22.5,34.0
2023-11-19 16:46:49,0.0,0.0,418.0,22.5,34.0
2023-11-19 16:56:49,0.0,0.0,420.0,22.4,34.0
2023-11-19 17:06:49,0.0,0.0,424.0,22.4,34.0
2023-11-19 17:16:49,0.0,0.0,416.0,22.4,34.0
2023-11-19 17:26:49,0.0,0.0,429.0,22.4,34.0
2023-11-19 17:36:49,0.0,0.0,430.0,22.4,34.0
2023-11-19 17:46:49,0.0,0.0,422.0,22.5,34.0
2023-11-19 17:56:49,0.0,0.0,435.0,22.4,34.0
2023-11-19 18:06:49,0.0,0.0,423.0,22.4,34.0
2023-11-19 18:16:49,0.0,0.0,425.0,22.4,34.0
2023-11-19 18:26:49,0.0,0.0,419.0,22.4,34.0
2023-11-19 18:36:49,0.0,0.0,431.0,22.4,34.0
2023-11-19 18:46:49,0.0,0.0,444.0,22.4,34.0
2023-11-19 18:56:49,0.0,0.0,432.0,22.4,34.0
2023-11-19 19:06:49,0.0,0.0,433.0,22.4,34.0
2023-11-19 19:16:49,0.0,0.0,428.0,22.4,34.0
2023-11-19 19:26:49,1.0,50.0,426.0,22.4,34.0
2023-11-19 19:36:49,0.0,50.0,453.0,22.4,34.0
2023-11-19 19:46:49,0.0,0.0,436.0,22.4,34.0
2023-11-19 19:56:49,0.0,0.0,442.0,22.4,34.0
2023-11-19 20:06:49,0.0,0.0,460.0,22.4,34.0
2023-11-19 20:16:49,0.0,0.0,463.0,22.4,34.0
2023-11-19 20:26:49,0.0,0.0,451.0,22.4,34.0
2023-11-19 20:36:49,0.0,43.0,458.0,22.4,33.0
2023-11-19 20:46:49,0.0,50.0,458.0,22.4,34.0
2023-11-19 20:56:49,0.0,0.0,469.0,22.4,34.0
2023-11-19 21:06:49,0.0,50.0,448.0,22.4,34.0
2023-11-19 21:16:49,1.0,50.0,469.0,22.4,34.0
2023-11-19 21:26:49,0.0,0.0,486.0,22.4,34.0
2023-11-19 21:36:48,0.0,0.0,470.0,22.4,34.0
2023-11-19 21:46:48,0.0,0.0,489.0,22.4,34.0
2023-11-19 21:56:48,0.0,0.0,479.0,22.5,34.0
2023-11-19 22:06:48,0.0,0.0,479.0,22.4,34.0
2023-11-19 22:16:48,0.0,0.0,477.0,22.4,35.0
2023-11-19 22:26:48,0.0,0.0,470.0,22.4,34.0
2023-11-19 22:36:48,0.0,0.0,470.0,22.4,35.0
2023-11-19 22:46:48,0.0,0.0,445.0,22.4,34.0
2023-11-19 22:56:48,0.0,0.0,448.0,22.4,34.0
2023-11-19 23:06:48,0.0,0.0,458.0,22.4,35.0
2023-11-19 23:16:48,0.0,0.0,461.0,22.4,34.0
2023-11-19 23:26:48,0.0,0.0,448.0,22.4,34.0
2023-11-19 23:36:48,0.0,0.0,440.0,22.4,34.0
2023-11-19 23:46:48,0.0,0.0,445.0,22.4,34.0
2023-11-19 23:56:48,0.0,0.0,445.0,22.4,35.0
2023-11-20 00:06:48,0.0,0.0,440.0,22.4,35.0
2023-11-20 00:16:48,0.0,0.0,438.0,22.4,35.0
2023-11-20 00:26:48,0.0,0.0,426.0,22.4,35.0
2023-11-20 00:36:48,0.0,0.0,425.0,22.4,35.0
2023-11-20 00:46:48,0.0,0.0,445.0,22.4,35.0
2023-11-20 00:56:48,0.0,0.0,434.0,22.3,34.0
2023-11-20 01:06:48,0.0,0.0,425.0,22.4,34.0
2023-11-20 01:16:48,0.0,0.0,435.0,22.4,35.0
2023-11-20 01:26:48,0.0,0.0,428.0,22.4,34.0
2023-11-20 01:36:48,0.0,0.0,429.0,22.3,35.0
2023-11-20 01:46:48,0.0,0.0,427.0,22.4,35.0
2023-11-20 01:56:48,0.0,0.0,436.0,22.4,35.0
2023-11-20 02:06:48,0.0,0.0,425.0,22.4,35.0
2023-11-20 02:16:48,0.0,0.0,423.0,22.4,35.0
2023-11-20 02:26:48,0.0,0.0,424.0,22.4,35.0
2023-11-20 02:36:48,0.0,0.0,445.0,22.4,35.0
2023-11-20 02:46:48,0.0,0.0,420.0,22.4,35.0
2023-11-20 02:56:48,0.0,0.0,429.0,22.4,35.0
2023-11-20 03:06:47,0.0,0.0,427.0,22.4,35.0
2023-11-20 03:16:47,0.0,0.0,429.0,22.3,35.0
2023-11-20 03:26:47,0.0,0.0,444.0,22.4,35.0
2023-11-20 03:36:47,0.0,0.0,421.0,22.3,35.0
2023-11-20 03:46:47,0.0,0.0,441.0,22.3,35.0
2023-11-20 03:56:47,0.0,0.0,425.0,22.3,35.0
2023-11-20 04:06:47,0.0,0.0,430.0,22.4,35.0
2023-11-20 04:16:47,0.0,0.0,420.0,22.4,35.0
2023-11-20 04:26:47,0.0,0.0,433.0,22.4,35.0
2023-11-20 04:36:47,0.0,0.0,429.0,22.4,35.0
2023-11-20 04:46:47,0.0,0.0,407.0,22.3,35.0
2023-11-20 04:56:47,0.0,0.0,445.0,22.3,35.0
2023-11-20 05:06:47,0.0,0.0,420.0,22.4,35.0
2023-11-20 05:16:47,2.0,50.0,421.0,22.3,35.0
2023-11-20 05:26:47,0.0,50.0,420.0,22.4,35.0
2023-11-20 05:36:47,0.0,0.0,428.0,22.4,35.0
2023-11-20 05:46:47,0.0,0.0,429.0,22.4,35.0
2023-11-20 05:56:47,0.0,0.0,410.0,22.3,35.0
2023-11-20 06:06:47,1.0,50.0,424.0,22.4,35.0
2023-11-20 06:16:47,0.0,50.0,419.0,22.4,35.0
2023-11-20 06:26:47,0.0,0.0,426.0,22.4,35.0
2023-11-20 06:36:47,3.0,50.0,439.0,22.4,34.0
2023-11-20 06:46:47,0.0,50.0,451.0,22.4,35.0
2023-11-20 06:56:47,0.0,50.0,458.0,22.4,35.0
2023-11-20 07:06:47,1.0,50.0,460.0,22.4,35.0
2023-11-20 07:16:47,7.0,50.0,478.0,22.4,34.0
2023-11-20 07:26:47,1.0,50.0,489.0,22.5,34.0
2023-11-20 07:36:47,3.0,50.0,510.0,22.6,33.0
2023-11-20 07:46:47,2.0,50.0,520.0,22.5,34.0
2023-11-20 07:56:47,2.0,50.0,490.0,22.6,34.0
2023-11-20 08:06:47,6.0,60.0,477.0,22.6,33.0
2023-11-20 08:16:47,7.0,53.0,519.0,22.5,34.0
2023-11-20 08:26:47,3.0,53.0,511.0,22.5,33.0
2023-11-20 08:36:46,2.0,53.0,510.0,22.5,33.0
2023-11-20 08:46:46,0.0,53.0,537.0,22.5,33.0
2023-11-20 08:56:46,0.0,50.0,549.0,22.6,33.0
2023-11-20 09:06:46,3.0,53.0,534.0,22.6,33.0
2023-11-20 09:16:46,4.0,57.0,658.0,22.6,34.0
2023-11-20 09:26:47,2.0,53.0,599.0,22.6,34.0
2023-11-20 09:36:46,3.0,53.0,635.0,22.6,34.0
2023-11-20 09:46:46,2.0,53.0,590.0,22.6,33.0
2023-11-20 09:56:46,1.0,53.0,655.0,22.6,34.0
2023-11-20 10:06:46,6.0,50.0,691.0,22.6,35.0
2023-11-20 10:16:46,2.0,53.0,633.0,22.7,34.0
2023-11-20 10:26:46,0.0,53.0,674.0,22.7,34.0
2023-11-20 10:36:46,3.0,50.0,744.0,22.7,35.0
2023-11-20 10:46:46,6.0,50.0,771.0,22.6,35.0
2023-11-20 10:56:46,3.0,50.0,745.0,22.7,35.0
2023-11-20 11:06:46,0.0,53.0,782.0,22.7,35.0
2023-11-20 11:16:46,3.0,53.0,820.0,22.7,35.0
2023-11-20 11:26:46,7.0,50.0,840.0,22.7,36.0
2023-11-20 11:36:46,4.0,53.0,836.0,22.7,36.0
2023-11-20 11:46:46,4.0,53.0,753.0,22.6,35.0
2023-11-20 11:56:46,4.0,57.0,830.0,22.7,35.0
2023-11-20 12:06:46,6.0,53.0,866.0,22.7,35.0
2023-11-20 12:16:46,7.0,53.0,805.0,22.7,35.0
2023-11-20 12:26:46,3.0,53.0,823.0,22.7,35.0
2023-11-20 12:36:46,0.0,53.0,801.0,22.7,35.0
2023-11-20 12:46:46,1.0,53.0,838.0,22.7,35.0
2023-11-20 12:56:46,6.0,53.0,843.0,22.7,35.0
2023-11-20 13:06:46,2.0,53.0,874.0,22.7,35.0
2023-11-20 13:16:46,4.0,50.0,848.0,22.7,35.0
2023-11-20 13:26:46,1.0,50.0,893.0,22.8,35.0
2023-11-20 13:36:46,3.0,50.0,883.0,22.8,35.0
2023-11-20 13:46:46,3.0,50.0,974.0,22.8,35.0
2023-11-20 13:56:46,1.0,50.0,895.0,22.8,35.0
2023-11-20 14:06:45,5.0,53.0,1050.0,22.8,36.0
2023-11-20 14:16:45,3.0,53.0,937.0,22.8,35.0
2023-11-20 14:26:45,4.0,53.0,988.0,22.7,36.0
2023-11-20 14:36:45,5.0,60.0,957.0,22.8,36.0
2023-11-20 14:46:45,3.0,60.0,938.0,22.8,35.0
2023-11-20 14:56:45,3.0,53.0,1167.0,22.8,36.0
2023-11-20 15:06:45,2.0,53.0,1044.0,22.8,36.0
2023-11-20 15:16:45,3.0,53.0,899.0,22.8,35.0
2023-11-20 15:26:45,5.0,53.0,937.0,22.8,35.0
2023-11-20 15:36:45,2.0,53.0,889.0,22.8,35.0
2023-11-20 15:46:45,3.0,53.0,841.0,22.8,35.0
2023-11-20 15:56:45,3.0,53.0,954.0,22.8,35.0
2023-11-20 16:06:45,1.0,53.0,827.0,22.8,34.0
2023-11-20 16:16:45,3.0,53.0,931.0,22.8,35.0
2023-11-20 16:26:45,1.0,53.0,924.0,22.9,35.0
2023-11-20 16:36:45,1.0,53.0,1043.0,22.9,35.0
2023-11-20 16:46:45,4.0,53.0,1019.0,22.9,35.0
2023-11-20 16:56:45,2.0,53.0,1041.0,22.9,36.0
2023-11-20 17:06:45,0.0,53.0,990.0,22.9,35.0
2023-11-20 17:16:45,0.0,53.0,907.0,22.9,35.0
2023-11-20 17:26:45,0.0,53.0,905.0,22.9,35.0
2023-11-20 17:36:45,1.0,3.0,885.0,22.9,35.0
2023-11-20 17:46:45,0.0,3.0,873.0,22.9,35.0
2023-11-20 17:56:45,0.0,3.0,887.0,22.9,35.0
2023-11-20 18:06:45,0.0,3.0,839.0,22.9,35.0
2023-11-20 18:16:45,0.0,3.0,846.0,23.0,35.0
2023-11-20 18:26:45,2.0,3.0,821.0,22.9,35.0
2023-11-20 18:36:45,0.0,3.0,882.0,22.9,35.0
2023-11-20 18:46:45,0.0,3.0,828.0,22.9,35.0
2023-11-20 18:56:45,0.0,3.0,796.0,22.9,35.0
2023-11-20 19:06:45,1.0,3.0,789.0,22.9,34.0
2023-11-20 19:16:45,0.0,3.0,765.0,22.9,34.0
2023-11-20 19:26:44,0.0,0.0,826.0,22.8,35.0
2023-11-20 19:36:44,0.0,0.0,805.0,22.7,35.0
2023-11-20 19:46:44,0.0,0.0,813.0,22.7,35.0
2023-11-20 19:56:44,1.0,0.0,792.0,22.7,35.0
2023-11-20 20:06:44,0.0,0.0,782.0,22.7,35.0
2023-11-20 20:16:44,0.0,0.0,798.0,22.7,35.0
2023-11-20 20:26:44,1.0,3.0,763.0,22.7,35.0
2023-11-20 20:36:44,0.0,0.0,767.0,22.7,35.0
2023-11-20 20:46:44,1.0,0.0,645.0,22.7,34.0
2023-11-20 20:56:44,0.0,0.0,746.0,22.6,35.0
2023-11-20 21:06:44,1.0,0.0,733.0,22.7,35.0
2023-11-20 21:16:44,0.0,0.0,762.0,22.7,35.0
2023-11-20 21:26:44,0.0,0.0,751.0,22.7,35.0
2023-11-20 21:36:44,0.0,0.0,747.0,22.7,35.0
2023-11-20 21:46:44,0.0,0.0,739.0,22.6,35.0
2023-11-20 21:56:44,0.0,0.0,700.0,22.7,35.0
2023-11-20 22:06:44,0.0,0.0,681.0,22.7,35.0
2023-11-20 22:16:44,0.0,0.0,684.0,22.7,35.0
2023-11-20 22:26:44,0.0,0.0,684.0,22.6,35.0
2023-11-20 22:36:44,0.0,0.0,673.0,22.6,35.0
2023-11-20 22:46:44,0.0,0.0,657.0,22.6,35.0
2023-11-20 22:56:44,0.0,0.0,678.0,22.6,35.0
2023-11-20 23:06:44,0.0,0.0,657.0,22.7,35.0
2023-11-20 23:16:44,0.0,0.0,647.0,22.6,35.0
2023-11-20 23:26:44,0.0,0.0,649.0,22.6,35.0
2023-11-20 23:36:44,0.0,0.0,652.0,22.7,35.0
2023-11-20 23:46:44,0.0,0.0,629.0,22.6,35.0
2023-11-20 23:56:44,0.0,0.0,627.0,22.6,35.0
2023-11-21 00:06:44,0.0,0.0,631.0,22.6,35.0
2023-11-21 00:16:44,0.0,0.0,629.0,22.6,35.0
2023-11-21 00:26:44,0.0,0.0,600.0,22.6,35.0
2023-11-21 00:36:44,0.0,0.0,591.0,22.6,35.0
2023-11-21 00:46:44,0.0,0.0,610.0,22.6,35.0
2023-11-21 00:56:43,0.0,0.0,596.0,22.6,35.0
2023-11-21 01:06:43,0.0,0.0,623.0,22.6,35.0
2023-11-21 01:16:43,0.0,0.0,603.0,22.6,35.0
2023-11-21 01:26:43,0.0,0.0,598.0,22.6,35.0
2023-11-21 01:36:43,0.0,0.0,576.0,22.6,35.0
2023-11-21 01:46:44,0.0,0.0,593.0,22.6,35.0
2023-11-21 01:56:43,0.0,0.0,588.0,22.6,35.0
2023-11-21 02:06:43,0.0,0.0,583.0,22.6,35.0
2023-11-21 02:16:43,0.0,0.0,586.0,22.6,35.0
2023-11-21 02:26:43,0.0,0.0,583.0,22.6,35.0
2023-11-21 02:36:43,0.0,0.0,593.0,22.6,35.0
2023-11-21 02:46:43,0.0,0.0,568.0,22.6,35.0
2023-11-21 02:56:43,0.0,0.0,597.0,22.6,35.0
2023-11-21 03:06:43,2.0,50.0,509.0,22.6,33.0
2023-11-21 03:16:43,0.0,50.0,571.0,22.6,34.0
2023-11-21 03:26:43,0.0,0.0,564.0,22.6,34.0
2023-11-21 03:36:43,0.0,0.0,565.0,22.6,34.0
2023-11-21 03:46:43,0.0,0.0,583.0,22.6,35.0
2023-11-21 03:56:43,0.0,0.0,580.0,22.6,35.0
2023-11-21 04:06:43,2.0,50.0,514.0,22.6,34.0
2023-11-21 04:16:43,0.0,50.0,554.0,22.7,35.0
2023-11-21 04:26:43,0.0,0.0,568.0,22.6,35.0
2023-11-21 04:36:43,0.0,0.0,570.0,22.6,35.0
2023-11-21 04:46:43,0.0,0.0,556.0,22.6,35.0
2023-11-21 04:56:43,0.0,0.0,556.0,22.6,35.0
2023-11-21 05:06:43,0.0,0.0,529.0,22.6,35.0
2023-11-21 05:16:43,0.0,0.0,525.0,22.6,34.0
2023-11-21 05:26:43,0.0,0.0,539.0,22.6,34.0
2023-11-21 05:36:43,0.0,0.0,537.0,22.6,35.0
2023-11-21 05:46:43,0.0,0.0,533.0,22.5,35.0
2023-11-21 05:56:43,0.0,0.0,550.0,22.6,35.0
2023-11-21 06:06:43,0.0,0.0,521.0,22.6,34.0
2023-11-21 06:16:43,1.0,50.0,494.0,22.6,33.0
2023-11-21 06:26:42,0.0,57.0,541.0,22.6,34.0
2023-11-21 06:36:42,1.0,6.0,592.0,22.6,34.0
2023-11-21 06:46:42,1.0,50.0,564.0,22.5,34.0
2023-11-21 06:56:42,0.0,50.0,556.0,22.6,33.0
2023-11-21 07:06:43,0.0,50.0,572.0,22.6,33.0
2023-11-21 07:16:42,4.0,53.0,550.0,22.5,33.0
2023-11-21 07:26:42,2.0,50.0,572.0,22.5,33.0
2023-11-21 07:36:42,0.0,53.0,543.0,22.6,33.0
2023-11-21 07:46:42,1.0,53.0,479.0,22.6,32.0
2023-11-21 07:56:42,5.0,50.0,522.0,22.7,32.0
2023-11-21 08:06:42,4.0,50.0,514.0,22.7,32.0
2023-11-21 08:16:42,0.0,53.0,531.0,22.7,32.0
2023-11-21 08:26:42,6.0,60.0,585.0,22.7,32.0
2023-11-21 08:36:42,4.0,70.0,627.0,22.7,32.0
2023-11-21 08:46:42,5.0,60.0,609.0,22.7,32.0
2023-11-21 08:56:42,0.0,57.0,641.0,22.8,32.0
2023-11-21 09:06:42,7.0,53.0,649.0,22.8,32.0
2023-11-21 09:16:42,3.0,53.0,636.0,22.8,32.0
2023-11-21 09:26:42,0.0,53.0,654.0,22.8,32.0
2023-11-21 09:36:42,2.0,53.0,697.0,22.9,32.0
2023-11-21 09:46:42,6.0,57.0,690.0,22.8,32.0
2023-11-21 09:56:42,4.0,53.0,691.0,22.8,31.0
2023-11-21 10:06:42,2.0,53.0,648.0,22.8,31.0
2023-11-21 10:16:42,2.0,53.0,676.0,22.8,31.0
2023-11-21 10:26:42,1.0,57.0,645.0,22.9,31.0
2023-11-21 10:36:42,3.0,53.0,658.0,22.8,31.0
2023-11-21 10:46:42,4.0,53.0,725.0,22.8,31.0
2023-11-21 10:56:42,2.0,53.0,744.0,22.8,31.0
2023-11-21 11:06:42,3.0,53.0,751.0,22.8,31.0
2023-11-21 11:16:42,4.0,53.0,719.0,22.8,31.0
2023-11-21 11:26:42,2.0,53.0,762.0,22.8,31.0
2023-11-21 11:36:42,2.0,53.0,713.0,22.8,30.0
2023-11-21 11:46:42,8.0,57.0,739.0,22.8,31.0
2023-11-21 11:56:41,6.0,57.0,719.0,22.8,31.0
2023-11-21 12:06:41,5.0,60.0,749.0,22.8,31.0
2023-11-21 12:16:41,3.0,60.0,693.0,22.9,30.0
2023-11-21 12:26:42,0.0,60.0,711.0,22.9,30.0
2023-11-21 12:36:41,1.0,63.0,685.0,22.8,30.0
2023-11-21 12:46:41,3.0,63.0,713.0,22.9,30.0
2023-11-21 12:56:41,3.0,60.0,671.0,22.8,30.0
2023-11-21 13:06:41,3.0,57.0,695.0,22.9,30.0
2023-11-21 13:16:41,1.0,57.0,665.0,22.9,30.0
2023-11-21 13:26:41,2.0,53.0,672.0,22.9,29.0
2023-11-21 13:36:41,3.0,53.0,662.0,22.9,30.0
2023-11-21 13:46:41,2.0,53.0,683.0,22.9,30.0
2023-11-21 13:56:41,4.0,53.0,734.0,22.9,30.0
2023-11-21 14:06:41,4.0,53.0,748.0,22.9,30.0
2023-11-21 14:16:41,1.0,53.0,700.0,22.9,30.0
2023-11-21 14:26:41,3.0,53.0,759.0,22.9,30.0
2023-11-21 14:36:41,1.0,50.0,781.0,22.8,30.0
2023-11-21 14:46:41,3.0,50.0,948.0,22.9,31.0
2023-11-21 14:56:41,0.0,50.0,744.0,22.9,30.0
2023-11-21 15:06:41,5.0,50.0,888.0,22.9,31.0
2023-11-21 15:16:41,4.0,50.0,862.0,22.9,30.0
2023-11-21 15:26:41,6.0,50.0,951.0,22.9,31.0
2023-11-21 15:36:41,4.0,50.0,816.0,22.9,31.0
2023-11-21 15:46:41,3.0,50.0,837.0,22.9,30.0
2023-11-21 15:56:41,0.0,50.0,823.0,22.9,30.0
2023-11-21 16:06:41,0.0,50.0,790.0,22.9,30.0
2023-11-21 16:16:41,0.0,50.0,822.0,22.9,30.0
2023-11-21 16:26:41,5.0,50.0,1009.0,23.0,32.0
2023-11-21 16:36:41,2.0,50.0,955.0,22.9,32.0
2023-11-21 16:46:41,0.0,50.0,1029.0,22.9,33.0
2023-11-21 16:56:41,1.0,50.0,920.0,22.8,32.0
2023-11-21 17:06:41,1.0,50.0,969.0,22.8,33.0
2023-11-21 17:16:41,0.0,50.0,949.0,22.8,33.0
2023-11-21 17:26:40,1.0,50.0,1006.0,22.8,33.0
2023-11-21 17:36:40,0.0,0.0,984.0,22.8,33.0
2023-11-21 17:46:41,1.0,50.0,848.0,22.8,33.0
2023-11-21 17:56:40,0.0,50.0,981.0,22.8,33.0
2023-11-21 18:06:40,0.0,0.0,978.0,22.8,33.0
2023-11-21 18:16:40,2.0,50.0,867.0,22.8,33.0
2023-11-21 18:26:40,0.0,50.0,989.0,22.8,34.0
2023-11-21 18:36:40,0.0,0.0,973.0,22.8,34.0
2023-11-21 18:46:40,0.0,0.0,936.0,22.8,34.0
2023-11-21 18:56:40,0.0,0.0,949.0,22.8,34.0
2023-11-21 19:06:40,0.0,0.0,951.0,22.8,34.0
2023-11-21 19:16:40,1.0,50.0,896.0,22.8,33.0
2023-11-21 19:26:40,1.0,47.0,798.0,22.7,33.0
2023-11-21 19:36:40,0.0,0.0,873.0,22.7,33.0
2023-11-21 19:46:40,0.0,50.0,792.0,22.7,33.0
2023-11-21 19:56:40,0.0,50.0,865.0,22.8,33.0
2023-11-21 20:06:40,0.0,0.0,845.0,22.8,33.0
2023-11-21 20:16:40,0.0,0.0,831.0,22.7,33.0
2023-11-21 20:26:40,0.0,0.0,813.0,22.7,33.0
2023-11-21 20:36:40,0.0,0.0,792.0,22.7,33.0
2023-11-21 20:46:40,0.0,0.0,769.0,22.7,33.0
2023-11-21 20:56:40,0.0,0.0,782.0,22.7,33.0
2023-11-21 21:06:40,0.0,0.0,772.0,22.7,33.0
2023-11-21 21:16:40,0.0,0.0,769.0,22.7,33.0
2023-11-21 21:26:40,0.0,0.0,758.0,22.7,33.0
2023-11-21 21:36:40,0.0,0.0,748.0,22.7,33.0
2023-11-21 21:46:40,0.0,0.0,749.0,22.7,33.0
2023-11-21 21:56:40,0.0,0.0,742.0,22.7,33.0
2023-11-21 22:06:40,0.0,0.0,730.0,22.7,33.0
2023-11-21 22:16:40,0.0,0.0,717.0,22.7,33.0
2023-11-21 22:26:40,0.0,0.0,733.0,22.7,33.0
2023-11-21 22:36:40,0.0,0.0,712.0,22.7,33.0
2023-11-21 22:46:40,0.0,0.0,723.0,22.7,33.0
2023-11-21 22:56:39,0.0,0.0,701.0,22.6,33.0
2023-11-21 23:06:40,0.0,0.0,699.0,22.6,33.0
2023-11-21 23:16:39,1.0,50.0,677.0,22.7,33.0
2023-11-21 23:26:39,0.0,50.0,707.0,22.7,33.0
2023-11-21 23:36:39,0.0,0.0,726.0,22.6,33.0
2023-11-21 23:46:39,0.0,0.0,690.0,22.7,33.0
2023-11-21 23:56:39,0.0,0.0,724.0,22.7,33.0
2023-11-22 00:06:39,0.0,0.0,699.0,22.7,33.0
2023-11-22 00:16:39,0.0,0.0,706.0,22.7,33.0
2023-11-22 00:26:39,0.0,0.0,667.0,22.7,33.0
2023-11-22 00:36:39,0.0,0.0,663.0,22.7,33.0
2023-11-22 00:46:39,0.0,0.0,678.0,22.7,33.0
2023-11-22 00:56:39,0.0,0.0,655.0,22.7,33.0
2023-11-22 01:06:39,0.0,0.0,651.0,22.7,33.0
2023-11-22 01:16:39,0.0,0.0,638.0,22.7,33.0
2023-11-22 01:26:39,0.0,0.0,644.0,22.7,33.0
2023-11-22 01:36:39,0.0,0.0,648.0,22.6,33.0
2023-11-22 01:46:39,0.0,0.0,650.0,22.6,32.0
2023-11-22 01:56:39,0.0,0.0,624.0,22.6,33.0
2023-11-22 02:06:39,0.0,0.0,630.0,22.6,32.0
2023-11-22 02:16:39,0.0,0.0,610.0,22.7,32.0
2023-11-22 02:26:39,0.0,0.0,623.0,22.6,32.0
2023-11-22 02:36:39,0.0,0.0,619.0,22.6,32.0
2023-11-22 02:46:39,0.0,0.0,609.0,22.7,32.0
2023-11-22 02:56:39,0.0,0.0,598.0,22.6,32.0
2023-11-22 03:06:39,0.0,0.0,617.0,22.6,32.0
2023-11-22 03:16:39,0.0,0.0,598.0,22.6,32.0
2023-11-22 03:26:39,0.0,50.0,571.0,22.6,32.0
2023-11-22 03:36:39,0.0,50.0,605.0,22.6,32.0
2023-11-22 03:46:39,0.0,0.0,600.0,22.6,32.0
2023-11-22 03:56:39,0.0,0.0,602.0,22.6,32.0
2023-11-22 04:06:39,0.0,0.0,596.0,22.7,33.0
2023-11-22 04:16:39,0.0,0.0,592.0,22.6,32.0
2023-11-22 04:26:39,1.0,50.0,572.0,22.6,32.0
2023-11-22 04:36:38,0.0,50.0,615.0,22.7,33.0
2023-11-22 04:46:38,0.0,0.0,610.0,22.7,33.0
2023-11-22 04:56:38,0.0,0.0,600.0,22.7,33.0
2023-11-22 05:06:38,0.0,0.0,586.0,22.7,33.0
2023-11-22 05:16:38,0.0,0.0,594.0,22.7,33.0
2023-11-22 05:26:38,0.0,0.0,559.0,22.7,33.0
2023-11-22 05:36:38,0.0,0.0,571.0,22.6,32.0
2023-11-22 05:46:38,0.0,0.0,553.0,22.6,32.0
2023-11-22 05:56:38,0.0,0.0,533.0,22.6,32.0
2023-11-22 06:06:38,0.0,0.0,549.0,22.7,32.0
2023-11-22 06:16:38,1.0,0.0,526.0,22.6,31.0
2023-11-22 06:26:38,0.0,50.0,592.0,22.6,32.0
2023-11-22 06:36:38,0.0,50.0,604.0,22.6,32.0
2023-11-22 06:46:38,0.0,0.0,621.0,22.6,33.0
2023-11-22 06:56:38,1.0,6.0,603.0,22.6,32.0
2023-11-22 07:06:38,0.0,40.0,624.0,22.6,32.0
2023-11-22 07:16:38,0.0,50.0,537.0,22.7,30.0
2023-11-22 07:26:38,0.0,50.0,562.0,22.7,30.0
2023-11-22 07:36:38,1.0,53.0,601.0,22.8,31.0
2023-11-22 07:46:38,5.0,53.0,605.0,22.7,30.0
2023-11-22 07:56:38,1.0,53.0,611.0,22.8,30.0
2023-11-22 08:06:38,1.0,57.0,614.0,22.7,31.0
2023-11-22 08:16:38,1.0,53.0,620.0,22.7,31.0
2023-11-22 08:26:38,6.0,53.0,661.0,22.8,31.0
2023-11-22 08:36:38,7.0,53.0,692.0,22.7,32.0
2023-11-22 08:46:38,3.0,53.0,620.0,22.7,31.0
2023-11-22 08:56:38,7.0,50.0,712.0,22.7,32.0
2023-11-22 09:06:38,3.0,50.0,663.0,22.7,31.0
2023-11-22 09:16:38,0.0,50.0,653.0,22.8,31.0
2023-11-22 09:26:38,2.0,50.0,666.0,22.8,31.0
2023-11-22 09:36:38,0.0,50.0,652.0,22.8,30.0
2023-11-22 09:46:38,0.0,50.0,646.0,22.8,30.0
2023-11-22 09:56:37,0.0,53.0,640.0,22.8,30.0
2023-11-22 10:06:37,7.0,60.0,726.0,22.8,31.0
2023-11-22 10:16:37,6.0,57.0,707.0,22.8,31.0
2023-11-22 10:26:37,4.0,57.0,736.0,22.8,31.0
2023-11-22 10:36:37,1.0,53.0,732.0,22.8,31.0
2023-11-22 10:46:37,5.0,57.0,759.0,22.8,32.0
2023-11-22 10:56:37,4.0,60.0,829.0,22.8,32.0
2023-11-22 11:06:38,1.0,60.0,791.0,22.9,31.0
2023-11-22 11:16:37,3.0,57.0,863.0,22.8,32.0
2023-11-22 11:26:37,2.0,53.0,844.0,22.8,32.0
2023-11-22 11:36:37,3.0,53.0,835.0,22.8,32.0
2023-11-22 11:46:37,1.0,50.0,830.0,22.8,32.0
2023-11-22 11:56:37,4.0,53.0,872.0,22.8,33.0
2023-11-22 12:06:37,5.0,53.0,799.0,22.8,32.0
2023-11-22 12:16:37,6.0,53.0,860.0,22.8,32.0
2023-11-22 12:26:37,4.0,50.0,857.0,22.8,33.0
2023-11-22 12:36:37,2.0,50.0,914.0,22.7,33.0
2023-11-22 12:46:37,2.0,50.0,1017.0,22.7,34.0
2023-11-22 12:56:37,2.0,50.0,968.0,22.7,34.0
2023-11-22 13:06:37,1.0,50.0,1026.0,22.7,35.0
2023-11-22 13:16:37,1.0,50.0,1063.0,22.7,35.0
2023-11-22 13:26:37,2.0,53.0,1062.0,22.8,35.0
2023-11-22 13:36:37,6.0,53.0,1074.0,22.7,35.0
2023-11-22 13:46:37,2.0,50.0,1125.0,22.7,35.0
2023-11-22 13:56:37,1.0,50.0,1140.0,22.7,35.0
2023-11-22 14:06:37,1.0,50.0,1151.0,22.7,35.0
2023-11-22 14:16:37,3.0,50.0,1077.0,22.7,35.0
2023-11-22 14:26:37,1.0,50.0,1059.0,22.8,35.0
2023-11-22 14:36:37,4.0,50.0,1145.0,22.7,35.0
2023-11-22 14:46:37,0.0,53.0,1147.0,22.7,35.0
2023-11-22 14:56:37,0.0,50.0,1199.0,22.8,36.0
2023-11-22 15:06:37,2.0,50.0,1178.0,22.7,35.0
2023-11-22 15:16:37,0.0,50.0,1166.0,22.7,35.0
2023-11-22 15:26:36,2.0,50.0,936.0,22.8,34.0
2023-11-22 15:36:36,3.0,50.0,1076.0,22.8,34.0
2023-11-22 15:46:36,0.0,47.0,912.0,22.8,32.0
2023-11-22 15:56:36,1.0,50.0,978.0,22.8,32.0
2023-11-22 16:06:36,1.0,50.0,928.0,22.8,32.0
2023-11-22 16:16:37,2.0,50.0,935.0,22.9,32.0
2023-11-22 16:26:36,0.0,50.0,931.0,22.8,33.0
2023-11-22 16:36:36,0.0,50.0,870.0,22.8,33.0
2023-11-22 16:46:36,1.0,50.0,911.0,22.9,33.0
2023-11-22 16:56:36,0.0,50.0,856.0,22.9,32.0
2023-11-22 17:06:36,0.0,50.0,856.0,22.9,32.0
2023-11-22 17:16:36,2.0,50.0,863.0,22.9,32.0
2023-11-22 17:26:36,0.0,50.0,827.0,22.9,32.0
2023-11-22 17:36:36,0.0,0.0,857.0,22.9,32.0
2023-11-22 17:46:36,0.0,40.0,827.0,22.8,32.0
2023-11-22 17:56:36,0.0,50.0,836.0,22.8,32.0
2023-11-22 18:06:36,0.0,0.0,927.0,22.8,33.0
2023-11-22 18:16:36,0.0,0.0,889.0,22.8,33.0
2023-11-22 18:26:36,0.0,0.0,869.0,22.8,33.0
2023-11-22 18:36:36,0.0,0.0,821.0,22.8,33.0
2023-11-22 18:46:36,0.0,0.0,845.0,22.8,33.0
2023-11-22 18:56:36,0.0,0.0,851.0,22.8,33.0
2023-11-22 19:06:36,0.0,0.0,816.0,22.7,33.0
2023-11-22 19:16:36,0.0,0.0,763.0,22.7,33.0
2023-11-22 19:26:36,1.0,50.0,725.0,22.7,32.0
2023-11-22 19:36:36,0.0,50.0,676.0,22.8,32.0
2023-11-22 19:46:36,0.0,0.0,655.0,22.8,31.0
2023-11-22 19:56:36,0.0,0.0,650.0,22.7,31.0
2023-11-22 20:06:36,0.0,0.0,620.0,22.7,31.0
2023-11-22 20:16:36,0.0,0.0,618.0,22.7,31.0
2023-11-22 20:26:36,0.0,0.0,606.0,22.7,31.0
2023-11-22 20:36:36,0.0,0.0,618.0,22.7,31.0
2023-11-22 20:46:36,0.0,0.0,589.0,22.7,31.0
2023-11-22 20:56:35,0.0,0.0,590.0,22.7,31.0
2023-11-22 21:06:35,0.0,0.0,600.0,22.7,31.0
2023-11-22 21:16:35,0.0,0.0,583.0,22.7,31.0
2023-11-22 21:26:35,0.0,0.0,578.0,22.7,31.0
2023-11-22 21:36:35,0.0,0.0,567.0,22.7,31.0
2023-11-22 21:46:35,0.0,0.0,565.0,22.7,31.0
2023-11-22 21:56:35,0.0,0.0,553.0,22.7,31.0
2023-11-22 22:06:35,0.0,0.0,560.0,22.7,31.0
2023-11-22 22:16:35,0.0,0.0,602.0,22.7,32.0
2023-11-22 22:26:35,0.0,0.0,566.0,22.7,32.0
2023-11-22 22:36:35,0.0,0.0,545.0,22.7,31.0
2023-11-22 22:46:35,0.0,0.0,586.0,22.7,32.0
2023-11-22 22:56:35,0.0,0.0,523.0,22.7,32.0
2023-11-22 23:06:35,0.0,0.0,533.0,22.7,32.0
2023-11-22 23:16:35,0.0,0.0,527.0,22.7,32.0
2023-11-22 23:26:35,0.0,0.0,552.0,22.7,32.0
2023-11-22 23:36:35,0.0,0.0,546.0,22.7,32.0
2023-11-22 23:46:35,0.0,0.0,511.0,22.7,32.0
2023-11-22 23:56:35,0.0,0.0,515.0,22.7,32.0
2023-11-23 00:06:35,0.0,0.0,530.0,22.6,32.0
2023-11-23 00:16:35,0.0,0.0,572.0,22.7,33.0
2023-11-23 00:26:35,0.0,0.0,514.0,22.7,32.0
2023-11-23 00:36:35,0.0,0.0,485.0,22.7,32.0
2023-11-23 00:46:35,0.0,0.0,524.0,22.7,33.0
2023-11-23 00:56:35,0.0,0.0,510.0,22.6,32.0
2023-11-23 01:06:36,0.0,0.0,498.0,22.6,33.0
2023-11-23 01:16:35,0.0,0.0,494.0,22.7,33.0
2023-11-23 01:26:35,0.0,0.0,556.0,22.7,33.0
2023-11-23 01:36:35,0.0,0.0,529.0,22.7,33.0
2023-11-23 01:46:35,0.0,0.0,540.0,22.7,34.0
2023-11-23 01:56:35,0.0,0.0,528.0,22.6,34.0
2023-11-23 02:06:35,0.0,0.0,527.0,22.7,34.0
2023-11-23 02:16:35,0.0,0.0,547.0,22.6,34.0
2023-11-23 02:26:34,0.0,0.0,533.0,22.6,34.0
2023-11-23 02:36:34,0.0,0.0,535.0,22.6,34.0
2023-11-23 02:46:34,0.0,0.0,522.0,22.6,35.0
2023-11-23 02:56:34,0.0,0.0,524.0,22.6,35.0
2023-11-23 03:06:34,2.0,47.0,499.0,22.6,34.0
2023-11-23 03:16:34,0.0,50.0,537.0,22.6,35.0
2023-11-23 03:26:34,0.0,0.0,534.0,22.6,35.0
2023-11-23 03:36:34,0.0,0.0,527.0,22.7,35.0
2023-11-23 03:46:34,0.0,0.0,548.0,22.6,35.0
2023-11-23 03:56:34,0.0,0.0,526.0,22.7,35.0
2023-11-23 04:06:34,2.0,50.0,487.0,22.6,35.0
2023-11-23 04:16:34,0.0,50.0,533.0,22.7,36.0
2023-11-23 04:26:34,0.0,0.0,529.0,22.6,36.0
2023-11-23 04:36:34,0.0,0.0,521.0,22.6,36.0
2023-11-23 04:46:34,0.0,0.0,524.0,22.7,36.0
2023-11-23 04:56:34,0.0,0.0,495.0,22.6,36.0
2023-11-23 05:06:34,0.0,0.0,493.0,22.6,36.0
2023-11-23 05:16:34,0.0,0.0,510.0,22.6,36.0
2023-11-23 05:26:34,1.0,40.0,502.0,22.6,36.0
2023-11-23 05:36:34,1.0,50.0,524.0,22.7,37.0
2023-11-23 05:46:34,0.0,3.0,563.0,22.7,37.0
2023-11-23 05:56:34,0.0,3.0,571.0,22.7,37.0
2023-11-23 06:06:34,0.0,3.0,570.0,22.8,37.0
2023-11-23 06:16:34,1.0,3.0,560.0,22.7,37.0
2023-11-23 06:26:34,1.0,10.0,535.0,22.7,37.0
2023-11-23 06:36:34,0.0,3.0,578.0,22.7,37.0
2023-11-23 06:46:34,1.0,53.0,581.0,22.7,37.0
2023-11-23 06:56:34,1.0,53.0,596.0,22.7,37.0
2023-11-23 07:06:34,6.0,57.0,591.0,22.7,38.0
2023-11-23 07:16:34,1.0,53.0,590.0,22.7,38.0
2023-11-23 07:26:34,0.0,53.0,516.0,22.7,38.0
2023-11-23 07:36:34,1.0,50.0,520.0,22.6,38.0
2023-11-23 07:46:33,1.0,50.0,541.0,22.7,38.0
2023-11-23 07:56:33,3.0,50.0,603.0,22.7,39.0
2023-11-23 08:06:33,2.0,53.0,606.0,22.6,39.0
2023-11-23 08:16:33,2.0,53.0,606.0,22.6,39.0
2023-11-23 08:26:33,3.0,53.0,635.0,22.7,40.0
2023-11-23 08:36:33,5.0,53.0,672.0,22.7,40.0
2023-11-23 08:46:33,5.0,53.0,685.0,22.6,41.0
2023-11-23 08:56:33,6.0,47.0,672.0,22.6,41.0
2023-11-23 09:06:33,9.0,47.0,707.0,22.6,41.0
2023-11-23 09:16:33,2.0,47.0,709.0,22.6,41.0
2023-11-23 09:26:33,7.0,53.0,769.0,22.7,41.0
2023-11-23 09:36:33,2.0,53.0,816.0,22.7,41.0
2023-11-23 09:46:33,2.0,53.0,823.0,22.7,41.0
2023-11-23 09:56:33,2.0,53.0,866.0,22.7,42.0
2023-11-23 10:06:33,4.0,53.0,984.0,22.8,42.0
2023-11-23 10:16:33,2.0,50.0,860.0,22.7,42.0
2023-11-23 10:26:33,0.0,50.0,798.0,22.7,41.0
2023-11-23 10:36:33,4.0,50.0,1118.0,22.7,44.0
2023-11-23 10:46:33,2.0,50.0,1000.0,22.7,43.0
2023-11-23 10:56:33,4.0,50.0,983.0,22.7,43.0
2023-11-23 11:06:33,2.0,53.0,900.0,22.7,43.0
2023-11-23 11:16:33,7.0,53.0,1064.0,22.7,44.0
2023-11-23 11:26:33,3.0,50.0,1147.0,22.7,45.0
2023-11-23 11:36:33,1.0,53.0,1155.0,22.7,45.0
2023-11-23 11:46:33,6.0,67.0,1073.0,22.7,44.0
2023-11-23 11:56:33,10.0,53.0,892.0,22.7,43.0
2023-11-23 12:06:33,9.0,57.0,960.0,22.7,43.0
2023-11-23 12:16:33,6.0,57.0,1013.0,22.8,43.0
2023-11-23 12:26:33,1.0,57.0,1032.0,22.8,43.0
2023-11-23 12:36:33,1.0,57.0,1060.0,22.8,43.0
2023-11-23 12:46:33,7.0,57.0,1044.0,22.8,43.0
2023-11-23 12:56:33,2.0,57.0,1062.0,22.8,43.0
2023-11-23 13:06:33,2.0,57.0,1054.0,22.9,43.0
2023-11-23 13:16:33,6.0,57.0,1233.0,22.8,44.0
2023-11-23 13:26:32,3.0,60.0,1251.0,22.9,44.0
2023-11-23 13:36:33,3.0,57.0,1287.0,22.9,44.0
2023-11-23 13:46:32,8.0,57.0,1121.0,22.9,43.0
2023-11-23 13:56:32,1.0,57.0,1312.0,22.9,44.0
2023-11-23 14:06:32,7.0,50.0,1172.0,22.9,43.0
2023-11-23 14:16:32,2.0,47.0,1038.0,22.9,42.0
2023-11-23 14:26:32,3.0,47.0,997.0,22.9,42.0
2023-11-23 14:36:32,2.0,47.0,950.0,22.9,41.0
2023-11-23 14:46:32,4.0,50.0,983.0,22.8,41.0
2023-11-23 14:56:32,3.0,50.0,1016.0,22.8,41.0
2023-11-23 15:06:32,4.0,50.0,874.0,22.9,41.0
2023-11-23 15:16:32,1.0,50.0,918.0,22.8,40.0
2023-11-23 15:26:32,1.0,50.0,884.0,22.8,40.0
2023-11-23 15:36:32,2.0,50.0,894.0,22.9,40.0
2023-11-23 15:46:32,3.0,50.0,945.0,22.9,41.0
2023-11-23 15:56:32,1.0,47.0,901.0,22.8,40.0
2023-11-23 16:06:32,4.0,47.0,983.0,22.9,40.0
2023-11-23 16:16:32,1.0,47.0,882.0,22.9,40.0
2023-11-23 16:26:32,1.0,47.0,874.0,22.9,40.0
2023-11-23 16:36:32,3.0,47.0,851.0,22.8,40.0
2023-11-23 16:46:32,1.0,47.0,801.0,22.9,39.0
2023-11-23 16:56:32,4.0,47.0,844.0,22.9,39.0
2023-11-23 17:06:32,0.0,47.0,771.0,22.9,39.0
2023-11-23 17:16:32,0.0,47.0,769.0,22.9,39.0
2023-11-23 17:26:32,0.0,47.0,776.0,22.9,39.0
2023-11-23 17:36:32,1.0,47.0,750.0,22.9,39.0
2023-11-23 17:46:32,1.0,47.0,780.0,22.9,39.0
2023-11-23 17:56:32,0.0,3.0,764.0,23.0,38.0
2023-11-23 18:06:32,0.0,3.0,735.0,22.9,38.0
2023-11-23 18:16:32,0.0,3.0,728.0,22.9,38.0
2023-11-23 18:26:32,0.0,3.0,715.0,22.9,38.0
2023-11-23 18:36:32,0.0,3.0,712.0,22.9,38.0
2023-11-23 18:46:31,1.0,47.0,730.0,22.9,38.0
2023-11-23 18:56:31,0.0,47.0,690.0,22.9,38.0
2023-11-23 19:06:31,0.0,3.0,705.0,23.0,38.0
2023-11-23 19:16:31,0.0,3.0,726.0,22.9,38.0
2023-11-23 19:26:31,0.0,3.0,742.0,22.9,38.0
2023-11-23 19:36:31,0.0,3.0,730.0,22.9,38.0
2023-11-23 19:46:31,2.0,47.0,725.0,22.9,38.0
2023-11-23 19:56:31,5.0,47.0,730.0,22.9,38.0
2023-11-23 20:06:31,1.0,3.0,728.0,22.9,38.0
2023-11-23 20:16:31,0.0,3.0,718.0,22.9,38.0
2023-11-23 20:26:31,4.0,50.0,747.0,22.9,38.0
2023-11-23 20:36:31,2.0,47.0,699.0,22.9,38.0
2023-11-23 20:46:31,3.0,3.0,723.0,23.0,38.0
2023-11-23 20:56:31,0.0,3.0,691.0,22.9,38.0
2023-11-23 21:06:31,0.0,3.0,674.0,22.9,37.0
2023-11-23 21:16:31,0.0,3.0,669.0,22.9,37.0
2023-11-23 21:26:31,0.0,3.0,665.0,22.9,37.0
2023-11-23 21:36:31,0.0,3.0,654.0,22.9,37.0
2023-11-23 21:46:31,2.0,6.0,648.0,22.9,37.0
2023-11-23 21:56:31,1.0,3.0,664.0,22.9,37.0
2023-11-23 22:06:31,0.0,3.0,640.0,22.9,37.0
2023-11-23 22:16:31,0.0,3.0,627.0,22.9,37.0
2023-11-23 22:26:31,1.0,40.0,634.0,22.9,37.0
2023-11-23 22:36:31,1.0,47.0,637.0,22.8,37.0
2023-11-23 22:46:31,3.0,0.0,629.0,22.8,37.0
2023-11-23 22:56:31,2.0,47.0,605.0,22.8,37.0
2023-11-23 23:06:31,2.0,47.0,601.0,22.8,37.0
2023-11-23 23:16:31,0.0,0.0,616.0,22.8,37.0
2023-11-23 23:26:31,0.0,0.0,622.0,22.8,37.0
2023-11-23 23:36:31,1.0,47.0,594.0,22.8,37.0
2023-11-23 23:46:31,1.0,47.0,599.0,22.7,37.0
2023-11-23 23:56:31,0.0,0.0,602.0,22.7,37.0
2023-11-24 00:06:31,0.0,0.0,602.0,22.8,37.0
2023-11-24 00:16:30,1.0,47.0,604.0,22.7,37.0
2023-11-24 00:26:30,0.0,47.0,585.0,22.8,37.0
2023-11-24 00:36:30,0.0,0.0,589.0,22.8,37.0
2023-11-24 00:46:30,0.0,0.0,576.0,22.7,37.0
2023-11-24 00:56:30,0.0,0.0,561.0,22.7,36.0
2023-11-24 01:06:30,0.0,0.0,566.0,22.7,36.0
2023-11-24 01:16:30,0.0,0.0,558.0,22.7,36.0
2023-11-24 01:26:30,0.0,0.0,569.0,22.7,36.0
2023-11-24 01:36:30,0.0,0.0,555.0,22.7,36.0
2023-11-24 01:46:30,0.0,0.0,560.0,22.7,36.0
2023-11-24 01:56:30,0.0,0.0,565.0,22.7,36.0
2023-11-24 02:06:30,0.0,0.0,549.0,22.7,36.0
2023-11-24 02:16:30,0.0,0.0,538.0,22.7,36.0
2023-11-24 02:26:30,0.0,0.0,526.0,22.7,36.0
2023-11-24 02:36:30,0.0,0.0,534.0,22.7,36.0
2023-11-24 02:46:30,0.0,0.0,536.0,22.7,36.0
2023-11-24 02:56:30,0.0,0.0,515.0,22.7,36.0
2023-11-24 03:06:30,0.0,0.0,522.0,22.7,36.0
2023-11-24 03:16:30,0.0,0.0,524.0,22.7,35.0
2023-11-24 03:26:30,1.0,47.0,496.0,22.7,35.0
2023-11-24 03:36:30,0.0,47.0,495.0,22.7,35.0
2023-11-24 03:46:30,0.0,0.0,509.0,22.6,35.0
2023-11-24 03:56:30,0.0,0.0,521.0,22.7,35.0
2023-11-24 04:06:30,0.0,0.0,499.0,22.7,35.0
2023-11-24 04:16:30,1.0,33.0,502.0,22.7,35.0
2023-11-24 04:26:30,1.0,50.0,485.0,22.7,34.0
2023-11-24 04:36:30,0.0,0.0,494.0,22.7,35.0
2023-11-24 04:46:30,1.0,47.0,509.0,22.7,35.0
2023-11-24 04:56:30,0.0,47.0,482.0,22.7,35.0
2023-11-24 05:06:30,0.0,0.0,524.0,22.7,35.0
2023-11-24 05:16:30,0.0,0.0,554.0,22.7,36.0
2023-11-24 05:26:30,0.0,0.0,545.0,22.7,36.0
2023-11-24 05:36:30,0.0,0.0,537.0,22.7,36.0
2023-11-24 05:46:29,0.0,0.0,523.0,22.7,36.0
2023-11-24 05:56:29,1.0,43.0,549.0,22.7,35.0
2023-11-24 06:06:29,0.0,47.0,497.0,22.6,32.0
2023-11-24 06:16:29,1.0,0.0,473.0,22.6,30.0
2023-11-24 06:26:29,2.0,50.0,455.0,22.6,31.0
2023-11-24 06:36:29,1.0,47.0,502.0,22.6,33.0
2023-11-24 06:46:29,3.0,47.0,513.0,22.7,33.0
2023-11-24 06:56:29,0.0,47.0,522.0,22.7,33.0
2023-11-24 07:06:29,0.0,50.0,495.0,22.7,33.0
2023-11-24 07:16:29,0.0,47.0,481.0,22.7,33.0
2023-11-24 07:26:29,1.0,50.0,491.0,22.7,32.0
2023-11-24 07:36:29,0.0,50.0,511.0,22.8,32.0
2023-11-24 07:46:29,0.0,50.0,504.0,22.8,32.0
2023-11-24 07:56:29,1.0,50.0,497.0,22.8,32.0
2023-11-24 08:06:29,1.0,50.0,489.0,22.8,32.0
2023-11-24 08:16:29,6.0,47.0,520.0,22.8,33.0
2023-11-24 08:26:29,4.0,47.0,476.0,22.8,32.0
2023-11-24 08:36:29,0.0,47.0,487.0,22.8,32.0
2023-11-24 08:46:29,1.0,50.0,484.0,22.8,32.0
2023-11-24 08:56:29,3.0,47.0,526.0,22.7,32.0
2023-11-24 09:06:29,1.0,50.0,534.0,22.7,32.0
2023-11-24 09:16:29,3.0,57.0,528.0,22.8,32.0
2023-11-24 09:26:29,1.0,57.0,511.0,22.8,32.0
2023-11-24 09:36:29,1.0,53.0,582.0,22.8,32.0
2023-11-24 09:46:29,6.0,50.0,572.0,22.8,32.0
2023-11-24 09:56:29,2.0,53.0,601.0,22.8,32.0
2023-11-24 10:06:29,6.0,57.0,639.0,22.8,33.0
2023-11-24 10:16:29,3.0,63.0,624.0,22.8,32.0
2023-11-24 10:26:29,1.0,63.0,605.0,22.8,32.0
2023-11-24 10:36:29,6.0,57.0,631.0,22.8,33.0
2023-11-24 10:46:29,1.0,53.0,619.0,22.8,32.0
2023-11-24 10:56:29,7.0,57.0,616.0,22.8,32.0
2023-11-24 11:06:29,4.0,60.0,615.0,22.8,32.0
2023-11-24 11:16:28,3.0,158.0,729.0,22.8,34.0
2023-11-24 11:26:28,5.0,124.0,594.0,22.8,33.0
2023-11-24 11:36:28,2.0,53.0,577.0,22.8,33.0
2023-11-24 11:46:28,8.0,50.0,581.0,22.8,32.0
2023-11-24 11:56:28,1.0,47.0,577.0,22.9,32.0
2023-11-24 12:06:29,4.0,53.0,673.0,22.9,33.0
2023-11-24 12:16:28,6.0,53.0,643.0,22.8,32.0
2023-11-24 12:26:28,4.0,53.0,642.0,22.8,32.0
2023-11-24 12:36:28,3.0,50.0,688.0,22.8,33.0
2023-11-24 12:46:28,4.0,50.0,669.0,22.8,32.0
2023-11-24 12:56:28,2.0,50.0,679.0,22.8,32.0
2023-11-24 13:06:28,2.0,50.0,706.0,22.8,33.0
2023-11-24 13:16:28,0.0,50.0,703.0,22.9,33.0
2023-11-24 13:26:28,4.0,50.0,718.0,22.9,33.0
2023-11-24 13:36:28,2.0,50.0,714.0,22.9,33.0
2023-11-24 13:46:28,3.0,50.0,777.0,22.8,33.0
2023-11-24 13:56:28,0.0,50.0,782.0,22.9,33.0
2023-11-24 14:06:28,1.0,50.0,832.0,22.9,33.0
2023-11-24 14:16:28,4.0,50.0,858.0,22.8,34.0
2023-11-24 14:26:28,3.0,50.0,872.0,22.9,34.0
2023-11-24 14:36:28,2.0,50.0,815.0,22.9,34.0
2023-11-24 14:46:28,2.0,50.0,723.0,22.9,33.0
2023-11-24 14:56:28,2.0,50.0,730.0,22.9,33.0
2023-11-24 15:06:28,0.0,47.0,715.0,22.9,32.0
2023-11-24 15:16:28,4.0,47.0,798.0,22.9,33.0
2023-11-24 15:26:28,3.0,47.0,915.0,22.9,34.0
2023-11-24 15:36:28,4.0,47.0,823.0,22.8,33.0
2023-11-24 15:46:28,1.0,53.0,777.0,22.9,33.0
2023-11-24 15:56:28,3.0,47.0,830.0,22.9,33.0
2023-11-24 16:06:28,1.0,47.0,754.0,22.8,32.0
2023-11-24 16:16:28,5.0,47.0,859.0,22.9,33.0
2023-11-24 16:26:28,1.0,47.0,1062.0,22.9,34.0
2023-11-24 16:36:28,2.0,47.0,1033.0,22.9,35.0
2023-11-24 16:46:27,2.0,47.0,1012.0,22.8,35.0
2023-11-24 16:56:28,4.0,50.0,1021.0,22.9,35.0
2023-11-24 17:06:27,2.0,50.0,918.0,22.8,34.0
2023-11-24 17:16:27,1.0,53.0,883.0,22.8,34.0
2023-11-24 17:26:27,0.0,53.0,973.0,22.8,35.0
2023-11-24 17:36:27,0.0,0.0,904.0,22.8,35.0
2023-11-24 17:46:27,0.0,0.0,878.0,22.8,35.0
2023-11-24 17:56:27,0.0,0.0,908.0,22.8,35.0
2023-11-24 18:06:27,0.0,0.0,914.0,22.8,35.0
2023-11-24 18:16:27,0.0,0.0,874.0,22.7,35.0
2023-11-24 18:26:27,0.0,0.0,859.0,22.7,35.0
2023-11-24 18:36:27,0.0,0.0,856.0,22.8,35.0
2023-11-24 18:46:27,0.0,0.0,846.0,22.8,35.0
2023-11-24 18:56:27,0.0,0.0,799.0,22.8,35.0
2023-11-24 19:06:27,0.0,57.0,818.0,22.7,35.0
2023-11-24 19:16:27,0.0,53.0,862.0,22.7,34.0
2023-11-24 19:26:27,0.0,0.0,673.0,22.7,33.0
2023-11-24 19:36:27,0.0,0.0,653.0,22.8,33.0
2023-11-24 19:46:27,0.0,0.0,599.0,22.7,32.0
2023-11-24 19:56:27,0.0,0.0,568.0,22.8,32.0
2023-11-24 20:06:27,0.0,0.0,535.0,22.7,31.0
2023-11-24 20:16:27,0.0,0.0,562.0,22.8,31.0
2023-11-24 20:26:27,0.0,0.0,550.0,22.7,31.0
2023-11-24 20:36:27,0.0,0.0,533.0,22.7,31.0
2023-11-24 20:46:27,0.0,0.0,546.0,22.8,31.0
2023-11-24 20:56:27,0.0,0.0,518.0,22.7,30.0
2023-11-24 21:06:27,0.0,0.0,506.0,22.7,30.0
2023-11-24 21:16:27,0.0,0.0,502.0,22.7,30.0
2023-11-24 21:26:27,0.0,0.0,497.0,22.7,30.0
2023-11-24 21:36:27,0.0,0.0,493.0,22.7,30.0
2023-11-24 21:46:27,0.0,0.0,479.0,22.7,30.0
2023-11-24 21:56:27,0.0,0.0,496.0,22.7,30.0
2023-11-24 22:06:26,0.0,0.0,496.0,22.7,30.0
2023-11-24 22:16:26,0.0,0.0,491.0,22.7,29.0
2023-11-24 22:26:26,0.0,0.0,503.0,22.7,30.0
2023-11-24 22:36:26,0.0,0.0,478.0,22.7,29.0
2023-11-24 22:46:26,0.0,0.0,479.0,22.7,29.0
2023-11-24 22:56:26,0.0,0.0,465.0,22.7,29.0
2023-11-24 23:06:26,0.0,0.0,483.0,22.7,29.0
2023-11-24 23:16:26,0.0,0.0,468.0,22.7,29.0
2023-11-24 23:26:26,0.0,0.0,462.0,22.7,29.0
2023-11-24 23:36:26,1.0,53.0,502.0,22.7,30.0
2023-11-24 23:46:26,0.0,53.0,440.0,22.7,29.0
2023-11-24 23:56:26,0.0,0.0,469.0,22.7,29.0
2023-11-25 00:06:26,0.0,0.0,480.0,22.7,29.0
2023-11-25 00:16:26,0.0,0.0,477.0,22.7,29.0
2023-11-25 00:26:26,0.0,0.0,500.0,22.7,30.0
2023-11-25 00:36:26,0.0,0.0,491.0,22.7,30.0
2023-11-25 00:46:26,0.0,0.0,514.0,22.7,30.0
2023-11-25 00:56:26,0.0,0.0,508.0,22.6,30.0
2023-11-25 01:06:26,0.0,0.0,521.0,22.7,30.0
2023-11-25 01:16:26,0.0,0.0,508.0,22.7,30.0
2023-11-25 01:26:26,0.0,0.0,506.0,22.7,30.0
2023-11-25 01:36:26,0.0,0.0,493.0,22.7,30.0
2023-11-25 01:46:26,0.0,0.0,491.0,22.6,30.0
2023-11-25 01:56:26,0.0,0.0,473.0,22.6,30.0
2023-11-25 02:06:26,0.0,0.0,497.0,22.6,30.0
2023-11-25 02:16:26,0.0,0.0,482.0,22.7,30.0
2023-11-25 02:26:26,0.0,0.0,478.0,22.6,30.0
2023-11-25 02:36:26,0.0,0.0,490.0,22.6,30.0
2023-11-25 02:46:26,0.0,0.0,458.0,22.6,30.0
2023-11-25 02:56:26,0.0,0.0,481.0,22.6,30.0
2023-11-25 03:06:26,0.0,0.0,471.0,22.6,30.0
2023-11-25 03:16:26,0.0,0.0,480.0,22.6,30.0
2023-11-25 03:26:26,0.0,0.0,480.0,22.6,30.0
2023-11-25 03:36:26,0.0,0.0,472.0,22.6,30.0
2023-11-25 03:46:25,0.0,0.0,489.0,22.6,30.0
2023-11-25 03:56:25,0.0,0.0,471.0,22.6,30.0
2023-11-25 04:06:25,0.0,0.0,481.0,22.6,30.0
2023-11-25 04:16:25,0.0,0.0,470.0,22.6,30.0
2023-11-25 04:26:25,2.0,0.0,470.0,22.6,30.0
2023-11-25 04:36:25,0.0,0.0,454.0,22.6,30.0
2023-11-25 04:46:25,0.0,0.0,445.0,22.6,29.0
2023-11-25 04:56:25,0.0,0.0,450.0,22.6,30.0
2023-11-25 05:06:25,0.0,0.0,463.0,22.6,30.0
2023-11-25 05:16:25,0.0,0.0,465.0,22.6,30.0
2023-11-25 05:26:25,0.0,0.0,477.0,22.6,30.0
2023-11-25 05:36:25,1.0,50.0,473.0,22.6,30.0
2023-11-25 05:46:25,0.0,50.0,453.0,22.6,30.0
2023-11-25 05:56:25,0.0,0.0,460.0,22.6,30.0
2023-11-25 06:06:25,0.0,0.0,445.0,22.6,30.0
2023-11-25 06:16:25,0.0,0.0,480.0,22.7,31.0
2023-11-25 06:26:25,0.0,0.0,477.0,22.6,31.0
2023-11-25 06:36:25,0.0,0.0,462.0,22.6,31.0
2023-11-25 06:46:25,0.0,0.0,478.0,22.7,31.0
2023-11-25 06:56:25,0.0,0.0,477.0,22.6,31.0
2023-11-25 07:06:25,0.0,0.0,465.0,22.6,31.0
2023-11-25 07:16:25,0.0,0.0,483.0,22.6,31.0
2023-11-25 07:26:25,0.0,0.0,469.0,22.6,31.0
2023-11-25 07:36:25,0.0,0.0,470.0,22.6,31.0
2023-11-25 07:46:25,0.0,3.0,471.0,22.6,31.0
2023-11-25 07:56:25,0.0,3.0,474.0,22.6,31.0
2023-11-25 08:06:25,0.0,3.0,458.0,22.6,32.0
2023-11-25 08:16:25,0.0,3.0,476.0,22.6,32.0
2023-11-25 08:26:25,0.0,3.0,465.0,22.6,32.0
2023-11-25 08:36:25,0.0,3.0,472.0,22.6,32.0
2023-11-25 08:46:25,0.0,3.0,480.0,22.6,32.0
2023-11-25 08:56:25,0.0,3.0,465.0,22.6,32.0
2023-11-25 09:06:24,0.0,3.0,480.0,22.6,32.0
2023-11-25 09:16:24,0.0,6.0,471.0,22.6,32.0
2023-11-25 09:26:24,0.0,6.0,474.0,22.6,32.0
2023-11-25 09:36:24,0.0,6.0,474.0,22.6,32.0
2023-11-25 09:46:24,0.0,6.0,482.0,22.6,32.0
2023-11-25 09:56:25,0.0,6.0,467.0,22.6,32.0
2023-11-25 10:06:24,0.0,10.0,475.0,22.6,32.0
2023-11-25 10:16:24,0.0,47.0,476.0,22.6,32.0
2023-11-25 10:26:24,1.0,40.0,448.0,22.6,32.0
2023-11-25 10:36:24,0.0,20.0,437.0,22.6,32.0
2023-11-25 10:46:24,0.0,6.0,448.0,22.6,32.0
2023-11-25 10:56:24,0.0,6.0,442.0,22.6,32.0
2023-11-25 11:06:24,0.0,3.0,472.0,22.6,32.0
2023-11-25 11:16:24,0.0,3.0,456.0,22.6,32.0
2023-11-25 11:26:24,1.0,26.0,450.0,22.5,31.0
2023-11-25 11:36:24,0.0,3.0,443.0,22.5,31.0
2023-11-25 11:46:24,0.0,3.0,440.0,22.5,32.0
2023-11-25 11:56:24,0.0,57.0,449.0,22.5,31.0
2023-11-25 12:06:24,0.0,148.0,460.0,22.6,31.0
2023-11-25 12:16:24,1.0,37.0,450.0,22.5,31.0
2023-11-25 12:26:24,1.0,10.0,450.0,22.6,31.0
2023-11-25 12:36:24,0.0,10.0,499.0,22.6,32.0
2023-11-25 12:46:24,0.0,3.0,477.0,22.6,32.0
2023-11-25 12:56:24,0.0,3.0,473.0,22.6,32.0
2023-11-25 13:06:24,0.0,3.0,468.0,22.6,32.0
2023-11-25 13:16:24,0.0,3.0,482.0,22.5,32.0
2023-11-25 13:26:24,0.0,3.0,477.0,22.5,32.0
2023-11-25 13:36:24,0.0,3.0,473.0,22.5,32.0
2023-11-25 13:46:24,0.0,3.0,471.0,22.6,32.0
2023-11-25 13:56:24,0.0,0.0,453.0,22.5,32.0
2023-11-25 14:06:24,0.0,3.0,481.0,22.5,32.0
2023-11-25 14:16:24,0.0,3.0,469.0,22.5,32.0
2023-11-25 14:26:24,0.0,0.0,461.0,22.5,32.0
2023-11-25 14:36:23,0.0,0.0,468.0,22.5,32.0
2023-11-25 14:46:23,0.0,0.0,443.0,22.5,32.0
2023-11-25 14:56:23,0.0,0.0,455.0,22.5,32.0
2023-11-25 15:06:23,0.0,0.0,465.0,22.5,31.0
2023-11-25 15:16:24,0.0,0.0,442.0,22.5,31.0
2023-11-25 15:26:23,0.0,0.0,464.0,22.5,32.0
2023-11-25 15:36:23,0.0,0.0,453.0,22.5,32.0
2023-11-25 15:46:23,0.0,0.0,455.0,22.5,31.0
2023-11-25 15:56:23,0.0,0.0,453.0,22.5,31.0
2023-11-25 16:06:23,2.0,53.0,478.0,22.5,31.0
2023-11-25 16:16:23,0.0,53.0,592.0,22.5,32.0
2023-11-25 16:26:23,0.0,0.0,593.0,22.5,32.0
2023-11-25 16:36:23,0.0,0.0,550.0,22.5,32.0
2023-11-25 16:46:23,0.0,0.0,513.0,22.5,32.0
2023-11-25 16:56:23,0.0,0.0,497.0,22.5,32.0
2023-11-25 17:06:23,0.0,0.0,510.0,22.5,32.0
2023-11-25 17:16:23,1.0,50.0,476.0,22.5,31.0
2023-11-25 17:26:23,1.0,50.0,473.0,22.5,31.0
2023-11-25 17:36:23,0.0,0.0,493.0,22.5,31.0
2023-11-25 17:46:23,0.0,0.0,482.0,22.5,31.0
2023-11-25 17:56:23,0.0,0.0,483.0,22.4,31.0
2023-11-25 18:06:24,0.0,0.0,489.0,22.5,31.0
2023-11-25 18:16:23,0.0,0.0,476.0,22.4,31.0
2023-11-25 18:26:23,0.0,0.0,474.0,22.5,31.0
2023-11-25 18:36:23,0.0,0.0,480.0,22.5,32.0
2023-11-25 18:46:23,0.0,0.0,459.0,22.5,31.0
2023-11-25 18:56:23,0.0,0.0,464.0,22.5,31.0
2023-11-25 19:06:23,0.0,0.0,443.0,22.5,31.0
2023-11-25 19:16:23,0.0,0.0,440.0,22.4,30.0
2023-11-25 19:26:23,0.0,0.0,443.0,22.4,29.0
2023-11-25 19:36:23,0.0,0.0,441.0,22.4,29.0
2023-11-25 19:46:23,0.0,0.0,424.0,22.4,29.0
2023-11-25 19:56:23,0.0,0.0,420.0,22.4,29.0
2023-11-25 20:06:22,0.0,0.0,416.0,22.4,28.0
2023-11-25 20:16:22,0.0,50.0,420.0,22.4,28.0
2023-11-25 20:26:22,0.0,50.0,419.0,22.4,28.0
2023-11-25 20:36:23,0.0,0.0,435.0,22.4,28.0
2023-11-25 20:46:22,0.0,0.0,437.0,22.5,28.0
2023-11-25 20:56:22,0.0,0.0,443.0,22.5,28.0
2023-11-25 21:06:22,0.0,0.0,421.0,22.5,28.0
2023-11-25 21:16:22,0.0,0.0,429.0,22.4,28.0
2023-11-25 21:26:22,0.0,0.0,435.0,22.4,28.0
2023-11-25 21:36:22,0.0,0.0,416.0,22.4,28.0
2023-11-25 21:46:22,0.0,0.0,428.0,22.4,28.0
2023-11-25 21:56:22,0.0,0.0,423.0,22.4,27.0
2023-11-25 22:06:22,0.0,43.0,429.0,22.4,27.0
2023-11-25 22:16:22,0.0,50.0,434.0,22.4,28.0
2023-11-25 22:26:22,0.0,0.0,448.0,22.5,27.0
2023-11-25 22:36:22,0.0,0.0,462.0,22.4,28.0
2023-11-25 22:46:22,0.0,0.0,445.0,22.5,28.0
2023-11-25 22:56:22,0.0,0.0,450.0,22.4,28.0
2023-11-25 23:06:22,0.0,0.0,423.0,22.4,28.0
2023-11-25 23:16:22,0.0,0.0,435.0,22.4,27.0
2023-11-25 23:26:22,0.0,0.0,422.0,22.4,27.0
2023-11-25 23:36:22,0.0,0.0,422.0,22.4,27.0
2023-11-25 23:46:22,0.0,0.0,426.0,22.4,27.0
2023-11-25 23:56:22,0.0,0.0,425.0,22.4,28.0
2023-11-26 00:06:22,0.0,0.0,424.0,22.4,27.0
2023-11-26 00:16:22,0.0,0.0,420.0,22.4,28.0
2023-11-26 00:26:22,0.0,0.0,426.0,22.4,28.0
2023-11-26 00:36:22,0.0,0.0,416.0,22.4,28.0
2023-11-26 00:46:22,0.0,0.0,431.0,22.3,28.0
2023-11-26 00:56:22,0.0,0.0,420.0,22.4,28.0
2023-11-26 01:06:22,0.0,0.0,431.0,22.3,28.0
2023-11-26 01:16:22,0.0,0.0,425.0,22.4,28.0
2023-11-26 01:26:22,0.0,0.0,419.0,22.4,28.0
2023-11-26 01:36:21,0.0,0.0,424.0,22.4,28.0
2023-11-26 01:46:21,0.0,0.0,421.0,22.3,28.0
2023-11-26 01:56:22,0.0,0.0,413.0,22.3,27.0
2023-11-26 02:06:22,0.0,0.0,426.0,22.4,28.0
2023-11-26 02:16:21,0.0,0.0,403.0,22.4,27.0
2023-11-26 02:26:21,0.0,0.0,426.0,22.3,27.0
2023-11-26 02:36:21,0.0,0.0,427.0,22.3,27.0
2023-11-26 02:46:21,0.0,0.0,420.0,22.3,27.0
2023-11-26 02:56:21,0.0,0.0,416.0,22.3,27.0
2023-11-26 03:06:21,0.0,0.0,405.0,22.3,27.0
2023-11-26 03:16:21,0.0,0.0,420.0,22.3,27.0
2023-11-26 03:26:21,0.0,0.0,414.0,22.4,27.0
2023-11-26 03:36:21,0.0,0.0,412.0,22.3,27.0
2023-11-26 03:46:21,0.0,0.0,415.0,22.3,27.0
2023-11-26 03:56:21,0.0,0.0,418.0,22.3,27.0
2023-11-26 04:06:21,0.0,0.0,416.0,22.3,27.0
2023-11-26 04:16:21,0.0,0.0,407.0,22.3,27.0
2023-11-26 04:26:21,0.0,0.0,408.0,22.3,27.0
2023-11-26 04:36:21,0.0,0.0,419.0,22.3,27.0
2023-11-26 04:46:21,0.0,0.0,415.0,22.3,27.0
2023-11-26 04:56:21,0.0,0.0,414.0,22.4,27.0
2023-11-26 05:06:21,0.0,0.0,424.0,22.3,27.0
2023-11-26 05:16:21,0.0,0.0,419.0,22.3,27.0
2023-11-26 05:26:21,0.0,0.0,427.0,22.3,27.0
2023-11-26 05:36:21,0.0,0.0,415.0,22.3,27.0
2023-11-26 05:46:21,2.0,50.0,402.0,22.3,27.0
2023-11-26 05:56:21,0.0,50.0,400.0,22.3,27.0
2023-11-26 06:06:21,0.0,0.0,408.0,22.3,28.0
2023-11-26 06:16:21,1.0,50.0,414.0,22.3,28.0
2023-11-26 06:26:21,0.0,50.0,425.0,22.4,29.0
2023-11-26 06:36:21,0.0,0.0,453.0,22.3,29.0
2023-11-26 06:46:21,0.0,0.0,428.0,22.3,29.0
2023-11-26 06:56:21,0.0,0.0,427.0,22.3,29.0
2023-11-26 07:06:20,0.0,0.0,429.0,22.4,30.0
2023-11-26 07:16:21,0.0,0.0,425.0,22.3,30.0
2023-11-26 07:26:20,0.0,3.0,428.0,22.3,30.0
2023-11-26 07:36:20,0.0,3.0,439.0,22.3,30.0
2023-11-26 07:46:20,0.0,3.0,415.0,22.3,30.0
2023-11-26 07:56:20,0.0,3.0,425.0,22.3,30.0
2023-11-26 08:06:20,0.0,3.0,446.0,22.3,30.0
2023-11-26 08:16:20,0.0,3.0,417.0,22.3,30.0
2023-11-26 08:26:20,0.0,3.0,439.0,22.3,30.0
2023-11-26 08:36:20,0.0,3.0,422.0,22.3,30.0
2023-11-26 08:46:20,0.0,3.0,421.0,22.3,30.0
2023-11-26 08:56:20,0.0,3.0,433.0,22.3,30.0
2023-11-26 09:06:20,0.0,3.0,425.0,22.3,30.0
2023-11-26 09:16:20,0.0,3.0,425.0,22.3,30.0
2023-11-26 09:26:20,0.0,3.0,434.0,22.3,30.0
2023-11-26 09:36:20,0.0,3.0,428.0,22.3,30.0
2023-11-26 09:46:20,0.0,3.0,436.0,22.3,30.0
2023-11-26 09:56:20,0.0,3.0,424.0,22.3,30.0
2023-11-26 10:06:20,0.0,3.0,440.0,22.3,30.0
2023-11-26 10:16:20,0.0,6.0,440.0,22.3,30.0
2023-11-26 10:26:20,0.0,6.0,441.0,22.3,30.0
2023-11-26 10:36:20,0.0,16.0,429.0,22.2,30.0
2023-11-26 10:46:20,0.0,16.0,442.0,22.3,30.0
2023-11-26 10:56:20,0.0,20.0,425.0,22.3,30.0
2023-11-26 11:06:20,1.0,53.0,440.0,22.3,29.0
2023-11-26 11:16:20,0.0,114.0,476.0,22.3,29.0
2023-11-26 11:26:20,0.0,222.0,480.0,22.3,28.0
2023-11-26 11:36:20,0.0,111.0,433.0,22.3,28.0
2023-11-26 11:46:20,0.0,175.0,462.0,22.4,29.0
2023-11-26 11:56:20,0.0,107.0,458.0,22.3,29.0
2023-11-26 12:06:20,0.0,84.0,455.0,22.3,29.0
2023-11-26 12:16:20,0.0,63.0,433.0,22.3,29.0
2023-11-26 12:26:20,0.0,57.0,431.0,22.3,29.0
2023-11-26 12:36:20,0.0,23.0,423.0,22.3,28.0
2023-11-26 12:46:19,0.0,6.0,422.0,22.3,28.0
2023-11-26 12:56:19,0.0,3.0,432.0,22.3,29.0
2023-11-26 13:06:19,0.0,3.0,426.0,22.2,29.0
2023-11-26 13:16:19,0.0,3.0,418.0,22.3,29.0
2023-11-26 13:26:19,0.0,3.0,439.0,22.3,29.0
2023-11-26 13:36:19,0.0,3.0,431.0,22.3,29.0
2023-11-26 13:46:19,0.0,3.0,435.0,22.3,29.0
2023-11-26 13:56:19,1.0,53.0,450.0,22.2,29.0
2023-11-26 14:06:19,0.0,50.0,488.0,22.3,29.0
2023-11-26 14:16:19,0.0,3.0,498.0,22.3,30.0
2023-11-26 14:26:19,0.0,3.0,496.0,22.3,30.0
2023-11-26 14:36:19,0.0,0.0,464.0,22.3,30.0
2023-11-26 14:46:19,1.0,0.0,458.0,22.3,29.0
2023-11-26 14:56:19,0.0,0.0,488.0,22.3,29.0
2023-11-26 15:06:19,0.0,0.0,461.0,22.3,30.0
2023-11-26 15:16:19,2.0,0.0,498.0,22.3,29.0
2023-11-26 15:26:19,2.0,50.0,492.0,22.3,29.0
2023-11-26 15:36:19,0.0,50.0,471.0,22.2,29.0
2023-11-26 15:46:19,0.0,0.0,460.0,22.3,30.0
2023-11-26 15:56:19,2.0,0.0,482.0,22.3,29.0
2023-11-26 16:06:19,0.0,0.0,497.0,22.3,30.0
2023-11-26 16:16:19,0.0,0.0,474.0,22.2,30.0
2023-11-26 16:26:19,0.0,0.0,467.0,22.2,30.0
2023-11-26 16:36:19,0.0,0.0,460.0,22.2,30.0
2023-11-26 16:46:19,0.0,0.0,445.0,22.2,30.0
2023-11-26 16:56:19,0.0,0.0,474.0,22.2,30.0
2023-11-26 17:06:19,0.0,0.0,473.0,22.2,30.0
2023-11-26 17:16:19,0.0,0.0,461.0,22.2,30.0
2023-11-26 17:26:19,0.0,0.0,475.0,22.2,30.0
2023-11-26 17:36:19,0.0,0.0,472.0,22.2,30.0
2023-11-26 17:46:19,0.0,0.0,468.0,22.2,30.0
2023-11-26 17:56:19,0.0,0.0,451.0,22.2,30.0
2023-11-26 18:06:18,0.0,50.0,536.0,22.3,29.0
2023-11-26 18:16:18,0.0,50.0,491.0,22.2,30.0
2023-11-26 18:26:18,0.0,0.0,478.0,22.2,30.0
2023-11-26 18:36:18,0.0,50.0,533.0,22.2,30.0
2023-11-26 18:46:18,0.0,50.0,490.0,22.2,30.0
2023-11-26 18:56:19,0.0,3.0,467.0,22.2,30.0
2023-11-26 19:06:18,0.0,0.0,486.0,22.3,30.0
2023-11-26 19:16:18,0.0,0.0,466.0,22.2,29.0
2023-11-26 19:26:18,0.0,0.0,466.0,22.2,28.0
2023-11-26 19:36:18,0.0,0.0,458.0,22.2,28.0
2023-11-26 19:46:18,0.0,0.0,455.0,22.2,28.0
2023-11-26 19:56:18,2.0,0.0,571.0,22.2,28.0
2023-11-26 20:06:18,0.0,0.0,551.0,22.2,28.0
2023-11-26 20:16:18,0.0,0.0,490.0,22.2,28.0
2023-11-26 20:26:18,0.0,0.0,491.0,22.2,27.0
2023-11-26 20:36:18,0.0,0.0,485.0,22.2,28.0
2023-11-26 20:46:18,1.0,0.0,507.0,22.2,27.0
2023-11-26 20:56:18,0.0,0.0,459.0,22.2,27.0
2023-11-26 21:06:18,1.0,37.0,458.0,22.2,27.0
2023-11-26 21:16:18,0.0,50.0,512.0,22.2,27.0
2023-11-26 21:26:18,0.0,0.0,481.0,22.2,28.0
2023-11-26 21:36:18,0.0,0.0,486.0,22.2,28.0
2023-11-26 21:46:18,0.0,0.0,497.0,22.1,28.0
2023-11-26 21:56:18,0.0,0.0,478.0,22.2,28.0
2023-11-26 22:06:18,0.0,0.0,476.0,22.2,28.0
2023-11-26 22:16:18,0.0,0.0,464.0,22.1,28.0
2023-11-26 22:26:18,0.0,0.0,448.0,22.1,28.0
2023-11-26 22:36:18,0.0,0.0,478.0,22.2,28.0
2023-11-26 22:46:18,0.0,0.0,460.0,22.1,27.0
2023-11-26 22:56:18,0.0,0.0,448.0,22.1,27.0
2023-11-26 23:06:18,0.0,43.0,446.0,22.1,27.0
2023-11-26 23:16:18,0.0,50.0,441.0,22.1,27.0
2023-11-26 23:26:18,0.0,0.0,437.0,22.1,27.0
2023-11-26 23:36:17,0.0,0.0,453.0,22.1,27.0
2023-11-26 23:46:17,0.0,0.0,433.0,22.1,27.0
2023-11-26 23:56:17,0.0,0.0,434.0,22.1,27.0
2023-11-27 00:06:17,0.0,0.0,438.0,22.1,27.0
2023-11-27 00:16:17,0.0,0.0,424.0,22.1,27.0
2023-11-27 00:26:18,0.0,0.0,434.0,22.1,27.0
2023-11-27 00:36:17,1.0,50.0,512.0,22.1,27.0
2023-11-27 00:46:17,0.0,50.0,519.0,22.1,27.0
2023-11-27 00:56:17,0.0,0.0,477.0,22.2,27.0
2023-11-27 01:06:17,0.0,0.0,478.0,22.2,27.0
2023-11-27 01:16:17,0.0,0.0,463.0,22.1,28.0
2023-11-27 01:26:17,0.0,0.0,458.0,22.2,28.0
2023-11-27 01:36:17,0.0,0.0,463.0,22.1,28.0
2023-11-27 01:46:17,0.0,0.0,456.0,22.1,27.0
2023-11-27 01:56:17,0.0,0.0,443.0,22.2,28.0
2023-11-27 02:06:17,0.0,0.0,461.0,22.1,27.0
2023-11-27 02:16:17,0.0,0.0,446.0,22.1,28.0
2023-11-27 02:26:17,0.0,0.0,449.0,22.1,27.0
2023-11-27 02:36:17,0.0,0.0,433.0,22.1,27.0
2023-11-27 02:46:17,0.0,0.0,449.0,22.1,27.0
2023-11-27 02:56:17,0.0,0.0,445.0,22.1,27.0
2023-11-27 03:06:17,0.0,0.0,428.0,22.1,27.0
2023-11-27 03:16:17,0.0,0.0,424.0,22.1,27.0
2023-11-27 03:26:17,0.0,0.0,447.0,22.1,27.0
2023-11-27 03:36:17,0.0,0.0,425.0,22.1,27.0
2023-11-27 03:46:17,0.0,0.0,432.0,22.1,27.0
2023-11-27 03:56:17,0.0,0.0,427.0,22.1,27.0
2023-11-27 04:06:17,0.0,0.0,436.0,22.1,27.0
2023-11-27 04:16:17,0.0,0.0,435.0,22.1,27.0
2023-11-27 04:26:17,0.0,0.0,409.0,22.2,27.0
2023-11-27 04:36:17,0.0,0.0,436.0,22.0,27.0
2023-11-27 04:46:17,1.0,50.0,449.0,22.1,27.0
2023-11-27 04:56:16,0.0,50.0,520.0,22.1,27.0
2023-11-27 05:06:16,0.0,0.0,461.0,22.1,27.0
2023-11-27 05:16:16,0.0,0.0,445.0,22.1,27.0
2023-11-27 05:26:16,0.0,0.0,457.0,22.1,27.0
2023-11-27 05:36:16,0.0,3.0,451.0,22.1,27.0
2023-11-27 05:46:16,1.0,50.0,476.0,22.0,27.0
2023-11-27 05:56:16,0.0,3.0,488.0,22.1,27.0
2023-11-27 06:06:16,0.0,3.0,468.0,22.1,27.0
2023-11-27 06:16:16,0.0,50.0,502.0,22.1,28.0
2023-11-27 06:26:16,1.0,57.0,616.0,22.1,28.0
2023-11-27 06:36:16,0.0,6.0,615.0,22.1,28.0
2023-11-27 06:46:16,0.0,6.0,565.0,22.1,28.0
2023-11-27 06:56:16,2.0,50.0,581.0,22.1,28.0
2023-11-27 07:06:16,0.0,50.0,557.0,22.1,29.0
2023-11-27 07:16:16,1.0,50.0,476.0,22.1,27.0
2023-11-27 07:26:16,3.0,50.0,466.0,22.2,27.0
2023-11-27 07:36:16,4.0,50.0,462.0,22.3,26.0
2023-11-27 07:46:16,1.0,53.0,468.0,22.3,25.0
2023-11-27 07:56:16,1.0,53.0,484.0,22.3,26.0
2023-11-27 08:06:16,8.0,53.0,512.0,22.2,27.0
2023-11-27 08:16:16,3.0,57.0,513.0,22.3,27.0
2023-11-27 08:26:16,1.0,53.0,521.0,22.3,27.0
2023-11-27 08:36:16,0.0,60.0,527.0,22.3,27.0
2023-11-27 08:46:16,4.0,57.0,549.0,22.2,27.0
2023-11-27 08:56:16,5.0,53.0,613.0,22.2,27.0
2023-11-27 09:06:16,5.0,53.0,625.0,22.2,27.0
2023-11-27 09:16:16,4.0,53.0,644.0,22.2,27.0
2023-11-27 09:26:16,4.0,53.0,659.0,22.2,27.0
2023-11-27 09:36:16,0.0,53.0,628.0,22.3,27.0
2023-11-27 09:46:16,12.0,57.0,739.0,22.2,29.0
2023-11-27 09:56:16,6.0,57.0,637.0,22.2,27.0
2023-11-27 10:06:16,0.0,53.0,664.0,22.3,27.0
2023-11-27 10:16:16,1.0,53.0,681.0,22.2,27.0
2023-11-27 10:26:15,2.0,53.0,677.0,22.2,27.0
2023-11-27 10:36:15,6.0,53.0,797.0,22.2,28.0
2023-11-27 10:46:15,1.0,53.0,734.0,22.2,27.0
2023-11-27 10:56:15,6.0,53.0,790.0,22.2,27.0
2023-11-27 11:06:15,3.0,53.0,792.0,22.3,27.0
2023-11-27 11:16:15,4.0,53.0,821.0,22.3,27.0
2023-11-27 11:26:15,4.0,53.0,798.0,22.2,27.0
2023-11-27 11:36:15,5.0,53.0,842.0,22.3,28.0
2023-11-27 11:46:15,5.0,53.0,876.0,22.3,28.0
2023-11-27 11:56:15,6.0,57.0,844.0,22.3,28.0
2023-11-27 12:06:15,6.0,53.0,845.0,22.3,28.0
2023-11-27 12:16:15,5.0,57.0,907.0,22.3,28.0
2023-11-27 12:26:15,2.0,57.0,865.0,22.4,28.0
2023-11-27 12:36:15,1.0,57.0,861.0,22.3,28.0
2023-11-27 12:46:15,3.0,57.0,931.0,22.4,28.0
2023-11-27 12:56:15,4.0,57.0,909.0,22.4,28.0
2023-11-27 13:06:15,7.0,60.0,920.0,22.4,28.0
2023-11-27 13:16:15,4.0,60.0,954.0,22.3,28.0
2023-11-27 13:26:15,3.0,60.0,986.0,22.3,28.0
2023-11-27 13:36:15,0.0,57.0,879.0,22.4,27.0
2023-11-27 13:46:15,9.0,57.0,935.0,22.3,28.0
2023-11-27 13:56:15,1.0,57.0,917.0,22.4,27.0
2023-11-27 14:06:15,5.0,53.0,920.0,22.4,27.0
2023-11-27 14:16:15,3.0,53.0,954.0,22.4,28.0
2023-11-27 14:26:15,0.0,53.0,992.0,22.4,28.0
2023-11-27 14:36:15,5.0,53.0,1026.0,22.4,28.0
2023-11-27 14:46:15,7.0,53.0,951.0,22.4,28.0
2023-11-27 14:56:15,0.0,53.0,1016.0,22.4,28.0
2023-11-27 15:06:15,11.0,57.0,1046.0,22.4,28.0
2023-11-27 15:16:15,0.0,50.0,991.0,22.4,28.0
2023-11-27 15:26:15,3.0,53.0,1043.0,22.4,28.0
2023-11-27 15:36:15,9.0,50.0,1070.0,22.4,29.0
2023-11-27 15:46:15,4.0,53.0,1011.0,22.5,28.0
2023-11-27 15:56:14,1.0,53.0,1055.0,22.6,28.0
2023-11-27 16:06:14,5.0,47.0,1606.0,22.5,31.0
2023-11-27 16:16:14,6.0,53.0,1557.0,22.6,32.0
2023-11-27 16:26:14,2.0,53.0,1430.0,22.6,31.0
2023-11-27 16:36:14,1.0,53.0,1406.0,22.7,31.0
2023-11-27 16:46:14,4.0,53.0,1347.0,22.6,31.0
2023-11-27 16:56:15,1.0,53.0,1206.0,22.6,30.0
2023-11-27 17:06:14,4.0,53.0,1281.0,22.5,30.0
2023-11-27 17:16:14,5.0,43.0,1267.0,22.5,30.0
2023-11-27 17:26:14,0.0,50.0,1111.0,22.5,29.0
2023-11-27 17:36:14,0.0,3.0,1140.0,22.6,29.0
2023-11-27 17:46:14,0.0,43.0,1180.0,22.5,29.0
2023-11-27 17:56:14,0.0,50.0,1233.0,22.5,29.0
2023-11-27 18:06:14,0.0,3.0,1210.0,22.5,29.0
2023-11-27 18:16:14,0.0,3.0,1177.0,22.5,29.0
2023-11-27 18:26:14,0.0,3.0,1161.0,22.5,29.0
2023-11-27 18:36:14,0.0,3.0,1124.0,22.6,29.0
2023-11-27 18:46:14,1.0,53.0,1092.0,22.5,29.0
2023-11-27 18:56:14,0.0,53.0,1091.0,22.6,29.0
2023-11-27 19:06:14,0.0,6.0,1061.0,22.5,29.0
2023-11-27 19:16:14,0.0,53.0,1067.0,22.5,29.0
2023-11-27 19:26:14,0.0,53.0,1022.0,22.6,29.0
2023-11-27 19:36:14,0.0,3.0,963.0,22.6,29.0
2023-11-27 19:46:14,0.0,3.0,916.0,22.5,29.0
2023-11-27 19:56:14,0.0,3.0,929.0,22.5,28.0
2023-11-27 20:06:14,0.0,3.0,912.0,22.6,28.0
2023-11-27 20:16:14,1.0,50.0,891.0,22.5,28.0
2023-11-27 20:26:14,1.0,50.0,896.0,22.5,28.0
2023-11-27 20:36:14,0.0,50.0,895.0,22.5,29.0
2023-11-27 20:46:14,0.0,50.0,838.0,22.4,28.0
2023-11-27 20:56:14,0.0,0.0,852.0,22.4,28.0
2023-11-27 21:06:14,1.0,50.0,790.0,22.4,28.0
2023-11-27 21:16:14,0.0,50.0,746.0,22.4,28.0
2023-11-27 21:26:13,0.0,0.0,818.0,22.3,28.0
2023-11-27 21:36:13,0.0,0.0,767.0,22.3,28.0
2023-11-27 21:46:13,0.0,0.0,757.0,22.3,28.0
2023-11-27 21:56:13,0.0,0.0,768.0,22.3,28.0
2023-11-27 22:06:13,0.0,0.0,757.0,22.4,28.0
2023-11-27 22:16:13,0.0,47.0,799.0,22.3,28.0
2023-11-27 22:26:13,1.0,50.0,705.0,22.3,27.0
2023-11-27 22:36:13,0.0,0.0,784.0,22.4,28.0
2023-11-27 22:46:13,0.0,0.0,741.0,22.3,28.0
2023-11-27 22:56:13,0.0,0.0,780.0,22.4,28.0
2023-11-27 23:06:13,0.0,0.0,788.0,22.3,29.0
2023-11-27 23:16:13,0.0,0.0,747.0,22.3,28.0
2023-11-27 23:26:13,0.0,0.0,729.0,22.4,28.0
2023-11-27 23:36:13,0.0,0.0,730.0,22.3,28.0
2023-11-27 23:46:13,0.0,0.0,710.0,22.3,28.0
2023-11-27 23:56:13,0.0,0.0,687.0,22.2,28.0
2023-11-28 00:06:13,0.0,0.0,687.0,22.3,28.0
2023-11-28 00:16:13,0.0,0.0,657.0,22.3,28.0
2023-11-28 00:26:13,0.0,0.0,642.0,22.2,28.0
2023-11-28 00:36:13,0.0,0.0,649.0,22.3,28.0
2023-11-28 00:46:13,0.0,0.0,648.0,22.3,27.0
2023-11-28 00:56:13,0.0,0.0,641.0,22.2,27.0
2023-11-28 01:06:13,0.0,0.0,612.0,22.2,27.0
2023-11-28 01:16:13,0.0,0.0,629.0,22.2,27.0
2023-11-28 01:26:13,0.0,0.0,615.0,22.3,27.0
2023-11-28 01:36:13,0.0,0.0,603.0,22.2,27.0
2023-11-28 01:46:13,0.0,0.0,614.0,22.2,27.0
2023-11-28 01:56:13,0.0,0.0,619.0,22.2,27.0
2023-11-28 02:06:13,0.0,0.0,589.0,22.2,27.0
2023-11-28 02:16:13,0.0,0.0,586.0,22.2,27.0
2023-11-28 02:26:13,0.0,0.0,599.0,22.2,27.0
2023-11-28 02:36:13,0.0,0.0,567.0,22.2,27.0
2023-11-28 02:46:12,0.0,0.0,562.0,22.2,27.0
2023-11-28 02:56:12,0.0,0.0,570.0,22.2,27.0
2023-11-28 03:06:12,0.0,0.0,568.0,22.2,27.0
2023-11-28 03:16:12,2.0,50.0,521.0,22.2,26.0
2023-11-28 03:26:12,0.0,47.0,519.0,22.2,26.0
2023-11-28 03:36:12,0.0,0.0,538.0,22.2,26.0
2023-11-28 03:46:12,0.0,0.0,548.0,22.2,26.0
2023-11-28 03:56:12,0.0,0.0,532.0,22.2,26.0
2023-11-28 04:06:12,1.0,43.0,528.0,22.2,26.0
2023-11-28 04:16:12,1.0,50.0,519.0,22.2,26.0
2023-11-28 04:26:12,0.0,0.0,522.0,22.1,26.0
2023-11-28 04:36:12,0.0,0.0,522.0,22.2,27.0
2023-11-28 04:46:12,0.0,0.0,520.0,22.2,27.0
2023-11-28 04:56:12,0.0,0.0,524.0,22.2,27.0
2023-11-28 05:06:12,0.0,0.0,523.0,22.2,27.0
2023-11-28 05:16:12,0.0,0.0,512.0,22.2,27.0
2023-11-28 05:26:12,0.0,0.0,520.0,22.2,27.0
2023-11-28 05:36:12,0.0,0.0,521.0,22.2,27.0
2023-11-28 05:46:12,0.0,0.0,497.0,22.1,27.0
2023-11-28 05:56:12,0.0,0.0,519.0,22.2,26.0
2023-11-28 06:06:12,1.0,40.0,501.0,22.1,26.0
2023-11-28 06:16:12,2.0,50.0,532.0,22.1,27.0
2023-11-28 06:26:12,2.0,53.0,524.0,22.1,27.0
2023-11-28 06:36:12,0.0,50.0,527.0,22.1,27.0
2023-11-28 06:46:12,0.0,6.0,530.0,22.2,27.0
2023-11-28 06:56:12,2.0,6.0,561.0,22.2,27.0
2023-11-28 07:06:12,0.0,3.0,565.0,22.1,27.0
2023-11-28 07:16:12,1.0,53.0,589.0,22.1,27.0
2023-11-28 07:26:12,3.0,53.0,561.0,22.1,26.0
2023-11-28 07:36:12,0.0,53.0,596.0,22.1,27.0
2023-11-28 07:46:12,1.0,53.0,549.0,22.1,26.0
2023-11-28 07:56:12,5.0,53.0,572.0,22.0,27.0
2023-11-28 08:06:12,0.0,53.0,602.0,22.1,27.0
2023-11-28 08:16:12,5.0,60.0,585.0,22.1,25.0
2023-11-28 08:26:12,5.0,60.0,627.0,22.1,25.0
2023-11-28 08:36:11,3.0,53.0,632.0,22.2,25.0
2023-11-28 08:46:11,2.0,50.0,708.0,22.1,26.0
2023-11-28 08:56:11,6.0,53.0,829.0,22.1,27.0
2023-11-28 09:06:11,1.0,53.0,709.0,22.1,27.0
2023-11-28 09:16:11,6.0,53.0,807.0,22.1,28.0
2023-11-28 09:26:11,3.0,53.0,840.0,22.1,28.0
2023-11-28 09:36:11,4.0,57.0,770.0,22.0,28.0
2023-11-28 09:46:11,9.0,60.0,828.0,22.1,28.0
2023-11-28 09:56:11,3.0,67.0,999.0,22.0,29.0
2023-11-28 10:06:11,5.0,63.0,1141.0,22.1,31.0
2023-11-28 10:16:11,3.0,74.0,1048.0,22.2,30.0
2023-11-28 10:26:11,1.0,74.0,961.0,22.2,29.0
2023-11-28 10:36:11,4.0,67.0,1021.0,22.2,29.0
2023-11-28 10:46:11,5.0,70.0,917.0,22.2,28.0
2023-11-28 10:56:11,2.0,74.0,790.0,22.2,26.0
2023-11-28 11:06:11,2.0,101.0,793.0,22.3,26.0
2023-11-28 11:16:11,4.0,138.0,897.0,22.3,26.0
2023-11-28 11:26:11,8.0,178.0,907.0,22.3,27.0
2023-11-28 11:36:11,3.0,107.0,906.0,22.4,26.0
2023-11-28 11:46:11,4.0,158.0,898.0,22.4,25.0
2023-11-28 11:56:11,5.0,114.0,950.0,22.5,26.0
2023-11-28 12:06:11,9.0,114.0,1002.0,22.5,26.0
2023-11-28 12:16:11,7.0,94.0,1005.0,22.5,27.0
2023-11-28 12:26:11,3.0,87.0,911.0,22.5,26.0
2023-11-28 12:36:11,0.0,63.0,905.0,22.5,25.0
2023-11-28 12:46:11,1.0,60.0,890.0,22.5,25.0
2023-11-28 12:56:11,3.0,57.0,1008.0,22.5,26.0
2023-11-28 13:06:11,2.0,57.0,988.0,22.5,26.0
2023-11-28 13:16:11,5.0,53.0,943.0,22.5,26.0
2023-11-28 13:26:11,6.0,57.0,1051.0,22.5,27.0
2023-11-28 13:36:11,3.0,53.0,883.0,22.5,25.0
2023-11-28 13:46:10,2.0,57.0,916.0,22.5,26.0
2023-11-28 13:56:10,3.0,53.0,1035.0,22.5,26.0
2023-11-28 14:06:10,12.0,53.0,1006.0,22.4,27.0
2023-11-28 14:16:10,3.0,57.0,1019.0,22.5,27.0
2023-11-28 14:26:10,3.0,47.0,978.0,22.5,27.0
2023-11-28 14:36:10,1.0,53.0,906.0,22.5,26.0
2023-11-28 14:46:10,1.0,50.0,855.0,22.5,26.0
2023-11-28 14:56:10,4.0,50.0,1001.0,22.5,27.0
2023-11-28 15:06:10,4.0,50.0,909.0,22.5,26.0
2023-11-28 15:16:10,4.0,50.0,920.0,22.5,26.0
2023-11-28 15:26:10,5.0,50.0,907.0,22.5,26.0
2023-11-28 15:36:10,3.0,53.0,890.0,22.5,26.0
2023-11-28 15:46:10,4.0,53.0,962.0,22.5,26.0
2023-11-28 15:56:10,0.0,53.0,920.0,22.5,26.0
2023-11-28 16:06:10,2.0,53.0,850.0,22.5,26.0
2023-11-28 16:16:10,1.0,50.0,834.0,22.5,25.0
2023-11-28 16:26:10,1.0,50.0,830.0,22.5,25.0
2023-11-28 16:36:10,2.0,50.0,811.0,22.5,25.0
2023-11-28 16:46:10,1.0,50.0,851.0,22.5,26.0
2023-11-28 16:56:10,3.0,50.0,815.0,22.5,26.0
2023-11-28 17:06:10,2.0,50.0,810.0,22.5,26.0
2023-11-28 17:16:10,1.0,50.0,822.0,22.6,26.0
2023-11-28 17:26:10,2.0,50.0,846.0,22.6,26.0
2023-11-28 17:36:10,1.0,47.0,814.0,22.6,26.0
2023-11-28 17:46:10,0.0,50.0,800.0,22.6,26.0
2023-11-28 17:56:10,0.0,3.0,797.0,22.6,26.0
2023-11-28 18:06:10,0.0,3.0,781.0,22.6,26.0
2023-11-28 18:16:10,1.0,6.0,778.0,22.6,26.0
2023-11-28 18:26:10,2.0,6.0,804.0,22.6,26.0
2023-11-28 18:36:10,2.0,0.0,784.0,22.5,26.0
2023-11-28 18:46:10,0.0,0.0,877.0,22.4,28.0
2023-11-28 18:56:10,0.0,0.0,882.0,22.5,28.0
2023-11-28 19:06:10,0.0,0.0,831.0,22.4,28.0
2023-11-28 19:16:09,0.0,0.0,758.0,22.4,27.0
2023-11-28 19:26:09,1.0,50.0,739.0,22.4,27.0
2023-11-28 19:36:09,0.0,50.0,680.0,22.4,27.0
2023-11-28 19:46:09,0.0,47.0,667.0,22.4,26.0
2023-11-28 19:56:09,1.0,50.0,713.0,22.4,27.0
2023-11-28 20:06:09,1.0,0.0,875.0,22.4,28.0
2023-11-28 20:16:09,0.0,6.0,851.0,22.4,28.0
2023-11-28 20:26:09,0.0,6.0,815.0,22.4,28.0
2023-11-28 20:36:09,0.0,6.0,755.0,22.4,28.0
2023-11-28 20:46:10,0.0,0.0,784.0,22.4,28.0
2023-11-28 20:56:09,0.0,0.0,829.0,22.4,28.0
2023-11-28 21:06:09,0.0,0.0,812.0,22.4,28.0
2023-11-28 21:16:09,0.0,0.0,776.0,22.4,28.0
2023-11-28 21:26:09,0.0,0.0,796.0,22.4,28.0
2023-11-28 21:36:09,0.0,0.0,777.0,22.4,28.0
2023-11-28 21:46:09,0.0,0.0,751.0,22.4,28.0
2023-11-28 21:56:09,0.0,0.0,732.0,22.4,28.0
2023-11-28 22:06:09,0.0,0.0,733.0,22.4,28.0
2023-11-28 22:16:09,0.0,0.0,710.0,22.4,28.0
2023-11-28 22:26:09,0.0,0.0,702.0,22.4,28.0
2023-11-28 22:36:09,0.0,0.0,698.0,22.3,28.0
2023-11-28 22:46:09,0.0,0.0,699.0,22.4,28.0
2023-11-28 22:56:09,0.0,0.0,691.0,22.4,28.0
2023-11-28 23:06:09,0.0,0.0,686.0,22.3,28.0
2023-11-28 23:16:09,0.0,0.0,671.0,22.4,28.0
2023-11-28 23:26:09,0.0,0.0,670.0,22.3,28.0
2023-11-28 23:36:09,0.0,0.0,656.0,22.3,28.0
2023-11-28 23:46:09,1.0,50.0,656.0,22.4,27.0
2023-11-28 23:56:09,0.0,50.0,638.0,22.4,27.0
2023-11-29 00:06:09,0.0,0.0,618.0,22.3,27.0
2023-11-29 00:16:09,0.0,0.0,584.0,22.3,27.0
2023-11-29 00:26:09,0.0,0.0,586.0,22.3,27.0
2023-11-29 00:36:09,0.0,0.0,589.0,22.3,27.0
2023-11-29 00:46:08,0.0,0.0,581.0,22.3,26.0
2023-11-29 00:56:08,0.0,0.0,589.0,22.3,26.0
2023-11-29 01:06:09,0.0,0.0,576.0,22.2,26.0
2023-11-29 01:16:09,0.0,0.0,574.0,22.3,26.0
2023-11-29 01:26:08,0.0,0.0,558.0,22.2,26.0
2023-11-29 01:36:08,0.0,0.0,540.0,22.3,26.0
2023-11-29 01:46:08,1.0,50.0,520.0,22.2,26.0
2023-11-29 01:56:08,0.0,50.0,546.0,22.3,26.0
2023-11-29 02:06:08,0.0,0.0,567.0,22.3,26.0
2023-11-29 02:16:08,0.0,0.0,508.0,22.2,25.0
2023-11-29 02:26:08,0.0,0.0,511.0,22.2,26.0
2023-11-29 02:36:08,0.0,0.0,518.0,22.2,26.0
2023-11-29 02:46:08,0.0,0.0,519.0,22.2,26.0
2023-11-29 02:56:08,0.0,0.0,497.0,22.2,26.0
2023-11-29 03:06:08,0.0,0.0,484.0,22.2,26.0
2023-11-29 03:16:08,1.0,50.0,509.0,22.2,25.0
2023-11-29 03:26:08,0.0,50.0,483.0,22.2,25.0
2023-11-29 03:36:08,0.0,0.0,497.0,22.3,25.0
2023-11-29 03:46:08,0.0,0.0,497.0,22.2,25.0
2023-11-29 03:56:08,0.0,0.0,486.0,22.2,25.0
2023-11-29 04:06:08,0.0,0.0,491.0,22.2,25.0
2023-11-29 04:16:08,1.0,43.0,482.0,22.2,25.0
2023-11-29 04:26:08,1.0,50.0,480.0,22.2,25.0
2023-11-29 04:36:08,0.0,0.0,502.0,22.2,26.0
2023-11-29 04:46:08,0.0,0.0,477.0,22.2,26.0
2023-11-29 04:56:08,0.0,0.0,480.0,22.2,25.0
2023-11-29 05:06:08,0.0,0.0,486.0,22.2,25.0
2023-11-29 05:16:08,1.0,0.0,510.0,22.2,25.0
2023-11-29 05:26:08,0.0,0.0,500.0,22.2,25.0
2023-11-29 05:36:08,0.0,0.0,485.0,22.2,25.0
2023-11-29 05:46:08,0.0,0.0,488.0,22.2,25.0
2023-11-29 05:56:08,0.0,0.0,493.0,22.2,25.0
2023-11-29 06:06:08,2.0,50.0,517.0,22.2,25.0
2023-11-29 06:16:07,0.0,50.0,622.0,22.2,27.0
2023-11-29 06:26:07,1.0,0.0,569.0,22.2,26.0
2023-11-29 06:36:07,0.0,0.0,624.0,22.2,27.0
2023-11-29 06:46:07,0.0,0.0,592.0,22.2,27.0
2023-11-29 06:56:07,2.0,53.0,667.0,22.2,27.0
2023-11-29 07:06:07,0.0,53.0,882.0,22.2,28.0
2023-11-29 07:16:07,0.0,53.0,869.0,22.2,28.0
2023-11-29 07:26:07,0.0,53.0,839.0,22.2,28.0
2023-11-29 07:36:07,0.0,53.0,812.0,22.2,28.0
2023-11-29 07:46:07,3.0,50.0,730.0,22.2,28.0
2023-11-29 07:56:07,4.0,50.0,618.0,22.3,26.0
2023-11-29 08:06:07,2.0,50.0,520.0,22.3,24.0
2023-11-29 08:16:07,2.0,50.0,572.0,22.3,25.0
2023-11-29 08:26:07,3.0,50.0,597.0,22.3,25.0
2023-11-29 08:36:07,7.0,57.0,639.0,22.3,26.0
2023-11-29 08:46:07,1.0,57.0,595.0,22.4,25.0
2023-11-29 08:56:07,1.0,60.0,676.0,22.4,26.0
2023-11-29 09:06:07,12.0,60.0,687.0,22.3,26.0
2023-11-29 09:16:07,3.0,57.0,683.0,22.3,26.0
2023-11-29 09:26:07,2.0,60.0,690.0,22.4,26.0
2023-11-29 09:36:07,2.0,57.0,679.0,22.4,26.0
2023-11-29 09:46:07,0.0,57.0,694.0,22.4,26.0
2023-11-29 09:56:07,5.0,60.0,770.0,22.3,27.0
2023-11-29 10:06:07,4.0,57.0,739.0,22.4,26.0
2023-11-29 10:16:07,1.0,57.0,920.0,22.4,28.0
2023-11-29 10:26:07,1.0,57.0,747.0,22.3,26.0
2023-11-29 10:36:07,5.0,60.0,820.0,22.4,27.0
2023-11-29 10:46:07,10.0,57.0,831.0,22.3,27.0
2023-11-29 10:56:07,3.0,60.0,811.0,22.4,27.0
2023-11-29 11:06:07,2.0,60.0,921.0,22.4,27.0
2023-11-29 11:16:07,1.0,50.0,851.0,22.4,26.0
2023-11-29 11:26:07,7.0,53.0,943.0,22.4,27.0
2023-11-29 11:36:07,8.0,50.0,923.0,22.4,27.0
2023-11-29 11:46:06,3.0,50.0,854.0,22.4,27.0
2023-11-29 11:56:06,5.0,60.0,980.0,22.4,28.0
2023-11-29 12:06:06,2.0,57.0,1089.0,22.5,30.0
2023-11-29 12:16:06,10.0,60.0,1014.0,22.5,29.0
2023-11-29 12:26:06,2.0,60.0,1083.0,22.4,30.0
2023-11-29 12:36:06,4.0,57.0,1072.0,22.5,30.0
2023-11-29 12:46:06,3.0,57.0,1044.0,22.5,29.0
2023-11-29 12:56:06,7.0,53.0,1114.0,22.5,30.0
2023-11-29 13:06:06,2.0,57.0,1170.0,22.5,29.0
2023-11-29 13:16:06,1.0,57.0,962.0,22.6,28.0
2023-11-29 13:26:06,2.0,57.0,1014.0,22.5,28.0
2023-11-29 13:36:06,1.0,53.0,941.0,22.5,27.0
2023-11-29 13:46:06,1.0,50.0,974.0,22.5,28.0
2023-11-29 13:56:06,3.0,53.0,981.0,22.5,28.0
2023-11-29 14:06:06,1.0,53.0,929.0,22.5,27.0
2023-11-29 14:16:06,0.0,53.0,915.0,22.6,27.0
2023-11-29 14:26:06,5.0,53.0,948.0,22.5,27.0
2023-11-29 14:36:06,1.0,53.0,938.0,22.5,27.0
2023-11-29 14:46:06,5.0,53.0,985.0,22.5,27.0
2023-11-29 14:56:06,3.0,53.0,949.0,22.5,27.0
2023-11-29 15:06:32,0.0,57.0,935.0,22.5,27.0
2023-11-29 15:16:32,3.0,53.0,1007.0,22.5,27.0
2023-11-29 15:26:32,4.0,53.0,1272.0,22.6,29.0
2023-11-29 15:36:32,6.0,53.0,1082.0,22.6,28.0
2023-11-29 15:46:32,8.0,50.0,1105.0,22.5,28.0
2023-11-29 15:56:32,1.0,53.0,1064.0,22.6,28.0
2023-11-29 16:06:32,0.0,53.0,1142.0,22.6,28.0
2023-11-29 16:16:32,3.0,53.0,1125.0,22.6,28.0
2023-11-29 16:26:32,3.0,53.0,1191.0,22.6,29.0
2023-11-29 16:36:32,0.0,53.0,1178.0,22.6,29.0
2023-11-29 16:56:32,3.0,53.0,1162.0,22.6,29.0
2023-11-29 17:06:32,0.0,50.0,1140.0,22.6,29.0
2023-11-29 17:26:32,0.0,50.0,1234.0,22.6,30.0
2023-11-29 17:36:32,0.0,3.0,1129.0,22.6,29.0
2023-11-29 17:46:32,5.0,10.0,1326.0,22.6,31.0
2023-11-29 17:56:32,1.0,10.0,1347.0,22.6,31.0
2023-11-29 18:16:32,0.0,50.0,1251.0,22.6,31.0
2023-11-29 18:26:32,0.0,3.0,1237.0,22.6,31.0
2023-11-29 18:36:32,0.0,3.0,1252.0,22.6,31.0
2023-11-29 18:46:31,0.0,3.0,1195.0,22.6,31.0
2023-11-29 18:56:31,0.0,3.0,1036.0,22.6,30.0
2023-11-29 19:06:31,1.0,3.0,959.0,22.6,29.0
2023-11-29 19:16:31,0.0,3.0,852.0,22.6,28.0
2023-11-29 19:26:31,0.0,3.0,817.0,22.7,28.0
2023-11-29 19:36:31,0.0,3.0,773.0,22.6,27.0
2023-11-29 19:46:31,0.0,3.0,757.0,22.7,27.0
2023-11-29 19:56:31,0.0,3.0,754.0,22.7,27.0
2023-11-29 20:06:31,0.0,0.0,880.0,22.6,28.0
2023-11-29 20:16:31,0.0,0.0,864.0,22.6,28.0
2023-11-29 20:26:31,0.0,3.0,866.0,22.6,28.0
2023-11-29 20:36:34,0.0,0.0,895.0,22.6,29.0
2023-11-29 20:46:31,0.0,0.0,858.0,22.6,28.0
2023-11-29 20:56:31,0.0,0.0,827.0,22.6,28.0
2023-11-29 21:06:31,0.0,0.0,853.0,22.6,29.0
2023-11-29 21:16:31,0.0,0.0,823.0,22.6,29.0
2023-11-29 21:26:31,0.0,0.0,805.0,22.6,28.0
2023-11-29 21:36:31,0.0,3.0,790.0,22.6,28.0
2023-11-29 21:46:31,0.0,6.0,820.0,22.6,29.0
2023-11-29 21:56:31,1.0,0.0,874.0,22.6,29.0
2023-11-29 22:06:31,0.0,0.0,831.0,22.6,29.0
2023-11-29 22:16:31,0.0,0.0,825.0,22.6,29.0
2023-11-29 22:26:31,0.0,0.0,794.0,22.6,29.0
2023-11-29 22:36:31,0.0,0.0,786.0,22.6,29.0
2023-11-29 22:46:31,0.0,0.0,775.0,22.6,29.0
2023-11-29 22:56:31,0.0,0.0,768.0,22.5,29.0
2023-11-29 23:06:31,0.0,0.0,766.0,22.6,29.0
2023-11-29 23:16:31,0.0,0.0,753.0,22.6,29.0
2023-11-29 23:26:31,0.0,0.0,722.0,22.6,29.0
2023-11-29 23:36:31,0.0,0.0,730.0,22.6,29.0
2023-11-29 23:46:31,0.0,0.0,730.0,22.6,29.0
2023-11-29 23:56:30,0.0,50.0,719.0,22.5,29.0
2023-11-30 00:06:30,0.0,50.0,696.0,22.6,28.0
2023-11-30 00:16:30,0.0,0.0,681.0,22.6,28.0
2023-11-30 00:26:30,0.0,0.0,668.0,22.6,28.0
2023-11-30 00:36:30,0.0,0.0,656.0,22.5,28.0
2023-11-30 00:46:30,0.0,0.0,654.0,22.5,28.0
2023-11-30 00:56:30,0.0,0.0,666.0,22.5,28.0
2023-11-30 01:06:30,0.0,0.0,604.0,22.5,28.0
2023-11-30 01:16:30,0.0,0.0,628.0,22.5,28.0
2023-11-30 01:26:30,0.0,0.0,608.0,22.5,28.0
2023-11-30 01:36:30,0.0,0.0,606.0,22.5,28.0
2023-11-30 01:46:30,0.0,0.0,604.0,22.6,28.0
2023-11-30 01:56:30,0.0,0.0,595.0,22.5,28.0
2023-11-30 02:06:30,0.0,0.0,588.0,22.6,28.0
2023-11-30 02:16:30,0.0,0.0,571.0,22.5,28.0
2023-11-30 02:26:30,0.0,0.0,581.0,22.5,28.0
2023-11-30 02:36:30,0.0,0.0,584.0,22.5,28.0
2023-11-30 02:46:30,0.0,0.0,564.0,22.5,28.0
2023-11-30 02:56:30,0.0,0.0,559.0,22.5,28.0
2023-11-30 03:06:30,0.0,0.0,564.0,22.5,28.0
2023-11-30 03:16:30,2.0,50.0,550.0,22.5,28.0
2023-11-30 03:26:30,0.0,50.0,551.0,22.5,28.0
2023-11-30 03:36:30,0.0,0.0,551.0,22.5,28.0
2023-11-30 03:46:30,0.0,0.0,542.0,22.5,28.0
2023-11-30 03:56:30,0.0,0.0,534.0,22.5,28.0
2023-11-30 04:06:30,0.0,0.0,553.0,22.6,28.0
2023-11-30 04:16:30,0.0,47.0,546.0,22.5,28.0
2023-11-30 04:26:30,1.0,50.0,550.0,22.5,28.0
2023-11-30 04:46:30,0.0,0.0,506.0,22.5,28.0
2023-11-30 04:56:30,0.0,0.0,529.0,22.5,28.0
2023-11-30 05:06:30,0.0,0.0,500.0,22.6,28.0
2023-11-30 05:16:30,0.0,0.0,519.0,22.5,28.0
2023-11-30 05:26:29,0.0,0.0,517.0,22.5,28.0
2023-11-30 05:36:29,0.0,0.0,500.0,22.5,28.0
2023-11-30 05:46:29,0.0,0.0,499.0,22.5,28.0
2023-11-30 05:56:29,0.0,0.0,503.0,22.5,28.0
2023-11-30 06:06:29,0.0,0.0,503.0,22.6,28.0
2023-11-30 06:16:29,0.0,0.0,534.0,22.5,29.0
2023-11-30 06:26:29,0.0,50.0,511.0,22.5,29.0
2023-11-30 06:36:29,0.0,50.0,525.0,22.5,29.0
2023-11-30 06:46:29,2.0,0.0,550.0,22.6,29.0
2023-11-30 06:56:29,0.0,0.0,562.0,22.5,29.0
2023-11-30 07:06:29,0.0,50.0,543.0,22.6,29.0
2023-11-30 07:16:30,0.0,50.0,534.0,22.6,29.0
2023-11-30 07:26:29,2.0,53.0,569.0,22.6,29.0
2023-11-30 07:36:29,2.0,53.0,596.0,22.5,30.0
2023-11-30 07:46:29,1.0,53.0,584.0,22.6,29.0
2023-11-30 07:56:29,5.0,53.0,608.0,22.5,30.0
2023-11-30 08:06:29,3.0,50.0,621.0,22.5,30.0
2023-11-30 08:16:29,3.0,50.0,615.0,22.6,30.0
2023-11-30 08:26:29,4.0,53.0,679.0,22.5,31.0
2023-11-30 08:36:29,2.0,53.0,721.0,22.6,31.0
2023-11-30 08:46:29,5.0,53.0,781.0,22.6,32.0
2023-11-30 08:56:29,4.0,53.0,782.0,22.6,32.0
2023-11-30 09:06:29,7.0,53.0,807.0,22.6,32.0
2023-11-30 09:16:29,2.0,53.0,783.0,22.5,32.0
2023-11-30 09:26:29,1.0,53.0,874.0,22.5,32.0
2023-11-30 09:36:29,1.0,53.0,908.0,22.5,33.0
2023-11-30 09:46:29,4.0,53.0,868.0,22.5,32.0
2023-11-30 09:56:29,5.0,60.0,717.0,22.5,30.0
2023-11-30 10:06:29,3.0,60.0,760.0,22.5,30.0
2023-11-30 10:16:29,1.0,60.0,782.0,22.5,30.0
2023-11-30 10:26:29,5.0,60.0,820.0,22.6,31.0
2023-11-30 10:36:29,5.0,57.0,1083.0,22.6,32.0
2023-11-30 10:46:29,1.0,53.0,866.0,22.6,31.0
2023-11-30 10:56:28,2.0,57.0,913.0,22.6,31.0
2023-11-30 11:06:28,5.0,60.0,983.0,22.6,32.0
2023-11-30 11:16:28,2.0,60.0,1012.0,22.6,32.0
2023-11-30 11:26:28,4.0,53.0,1035.0,22.5,33.0
2023-11-30 11:36:28,3.0,53.0,1002.0,22.5,33.0
2023-11-30 11:46:28,6.0,53.0,1506.0,22.5,35.0
2023-11-30 11:56:28,2.0,53.0,1036.0,22.6,33.0
2023-11-30 12:06:28,4.0,53.0,954.0,22.5,32.0
2023-11-30 12:16:28,0.0,53.0,957.0,22.6,32.0
2023-11-30 12:26:28,5.0,53.0,958.0,22.6,31.0
2023-11-30 12:36:28,8.0,53.0,1038.0,22.7,32.0
2023-11-30 12:46:28,1.0,53.0,1093.0,22.7,33.0
2023-11-30 12:56:28,1.0,53.0,1191.0,22.6,34.0
2023-11-30 13:06:28,3.0,53.0,1138.0,22.6,34.0
2023-11-30 13:16:28,2.0,53.0,1157.0,22.7,34.0
2023-11-30 13:26:28,3.0,57.0,1177.0,22.6,34.0
2023-11-30 13:36:28,4.0,57.0,1281.0,22.6,34.0
2023-11-30 13:46:28,2.0,57.0,1242.0,22.7,34.0
2023-11-30 13:56:28,5.0,53.0,1243.0,22.6,34.0
2023-11-30 14:06:28,5.0,53.0,1166.0,22.6,34.0
2023-11-30 14:16:28,4.0,53.0,1144.0,22.6,33.0
2023-11-30 14:26:28,5.0,53.0,1145.0,22.6,33.0
2023-11-30 14:36:28,1.0,50.0,1136.0,22.6,33.0
2023-11-30 14:46:28,1.0,53.0,1118.0,22.6,33.0
2023-11-30 14:56:28,6.0,53.0,1012.0,22.7,31.0
2023-11-30 15:06:28,1.0,53.0,936.0,22.7,31.0
2023-11-30 15:16:28,2.0,53.0,952.0,22.7,30.0
2023-11-30 15:26:28,4.0,50.0,1040.0,22.7,31.0
2023-11-30 15:36:28,1.0,50.0,926.0,22.7,30.0
2023-11-30 15:46:28,1.0,50.0,983.0,22.7,30.0
2023-11-30 15:56:28,3.0,50.0,1133.0,22.6,31.0
2023-11-30 16:06:28,1.0,53.0,1072.0,22.7,31.0
2023-11-30 16:16:28,1.0,50.0,1092.0,22.6,32.0
2023-11-30 16:26:28,3.0,50.0,1104.0,22.6,32.0
2023-11-30 16:36:27,5.0,50.0,1120.0,22.6,32.0
2023-11-30 16:46:27,2.0,50.0,1534.0,22.6,34.0
2023-11-30 16:56:27,3.0,53.0,1281.0,22.7,33.0
2023-11-30 17:06:27,5.0,50.0,1207.0,22.6,33.0
2023-11-30 17:16:27,2.0,50.0,1184.0,22.6,33.0
2023-11-30 17:26:27,1.0,50.0,1179.0,22.6,33.0
2023-11-30 17:36:27,0.0,0.0,1096.0,22.6,33.0
2023-11-30 17:46:27,1.0,47.0,1109.0,22.7,33.0
2023-11-30 17:56:27,0.0,50.0,1057.0,22.7,33.0
2023-11-30 18:06:27,2.0,0.0,1051.0,22.6,32.0
2023-11-30 18:16:27,1.0,0.0,1113.0,22.6,33.0
2023-11-30 18:26:27,2.0,0.0,1144.0,22.6,33.0
2023-11-30 18:36:27,2.0,50.0,1119.0,22.6,33.0
2023-11-30 18:46:27,0.0,50.0,1105.0,22.6,33.0
2023-11-30 18:56:27,0.0,0.0,1035.0,22.6,33.0
2023-11-30 19:06:27,0.0,0.0,1021.0,22.6,32.0
2023-11-30 19:16:27,0.0,0.0,951.0,22.6,32.0
2023-11-30 19:26:27,0.0,0.0,927.0,22.5,31.0
2023-11-30 19:36:27,0.0,0.0,892.0,22.5,31.0
2023-11-30 19:46:27,0.0,0.0,865.0,22.5,31.0
2023-11-30 20:06:27,0.0,0.0,825.0,22.4,30.0
2023-11-30 20:16:27,0.0,0.0,782.0,22.5,30.0
2023-11-30 20:26:27,0.0,0.0,784.0,22.5,30.0
2023-11-30 20:36:27,0.0,0.0,759.0,22.5,30.0
2023-11-30 20:46:27,0.0,0.0,754.0,22.5,30.0
2023-11-30 20:56:27,0.0,0.0,742.0,22.5,30.0
2023-11-30 21:06:27,2.0,50.0,751.0,22.5,29.0
2023-11-30 21:16:27,0.0,50.0,730.0,22.5,29.0
2023-11-30 21:26:27,0.0,0.0,731.0,22.5,29.0
2023-11-30 21:36:27,0.0,0.0,757.0,22.5,29.0
2023-11-30 21:46:26,0.0,0.0,718.0,22.5,29.0
2023-11-30 21:56:26,0.0,0.0,703.0,22.5,29.0
2023-11-30 22:06:26,0.0,0.0,697.0,22.4,29.0
2023-11-30 22:16:26,0.0,0.0,680.0,22.5,29.0
2023-11-30 22:26:26,0.0,0.0,690.0,22.5,29.0
2023-11-30 22:36:26,1.0,50.0,694.0,22.4,29.0
2023-11-30 22:46:26,0.0,50.0,668.0,22.4,29.0
2023-11-30 22:56:26,0.0,0.0,664.0,22.4,29.0
2023-11-30 23:06:26,0.0,0.0,662.0,22.4,29.0
2023-11-30 23:16:26,0.0,0.0,663.0,22.4,29.0
2023-11-30 23:26:26,0.0,0.0,653.0,22.5,29.0
2023-11-30 23:36:26,0.0,0.0,654.0,22.4,29.0
2023-11-30 23:46:26,0.0,0.0,628.0,22.4,29.0
2023-11-30 23:56:26,0.0,0.0,626.0,22.4,29.0
2023-12-01 00:06:26,0.0,0.0,631.0,22.4,29.0
2023-12-01 00:16:26,0.0,0.0,620.0,22.4,28.0
2023-12-01 00:26:26,0.0,0.0,631.0,22.4,28.0
2023-12-01 00:36:26,0.0,0.0,615.0,22.4,28.0
2023-12-01 00:46:26,0.0,0.0,637.0,22.3,28.0
2023-12-01 00:56:26,0.0,0.0,609.0,22.3,28.0
2023-12-01 01:06:26,0.0,0.0,605.0,22.4,28.0
2023-12-01 01:16:26,0.0,0.0,603.0,22.4,28.0
2023-12-01 01:26:26,0.0,0.0,581.0,22.4,28.0
2023-12-01 01:36:26,0.0,0.0,596.0,22.4,28.0
2023-12-01 01:46:26,0.0,0.0,582.0,22.3,28.0
2023-12-01 01:56:26,0.0,0.0,594.0,22.4,28.0
2023-12-01 02:06:26,0.0,0.0,575.0,22.4,28.0
2023-12-01 02:16:26,0.0,0.0,581.0,22.4,28.0
2023-12-01 02:26:26,0.0,0.0,561.0,22.3,28.0
2023-12-01 02:36:26,0.0,0.0,565.0,22.3,28.0
2023-12-01 02:46:26,0.0,0.0,546.0,22.3,28.0
2023-12-01 02:56:26,0.0,0.0,579.0,22.3,28.0
2023-12-01 03:06:26,0.0,0.0,555.0,22.3,28.0
2023-12-01 03:16:26,1.0,50.0,551.0,22.3,28.0
2023-12-01 03:26:26,0.0,50.0,571.0,22.4,28.0
2023-12-01 03:36:25,0.0,0.0,570.0,22.3,28.0
2023-12-01 03:46:25,0.0,0.0,556.0,22.4,28.0
2023-12-01 03:56:25,0.0,0.0,544.0,22.3,28.0
2023-12-01 04:06:25,0.0,0.0,528.0,22.3,28.0
2023-12-01 04:16:25,0.0,0.0,529.0,22.3,28.0
2023-12-01 04:26:25,1.0,50.0,552.0,22.4,28.0
2023-12-01 04:36:25,0.0,50.0,551.0,22.4,28.0
2023-12-01 04:46:25,1.0,50.0,561.0,22.4,29.0
2023-12-01 04:56:25,0.0,50.0,595.0,22.4,30.0
2023-12-01 05:06:25,0.0,0.0,554.0,22.3,30.0
2023-12-01 05:16:25,0.0,0.0,535.0,22.3,29.0
2023-12-01 05:26:25,0.0,0.0,532.0,22.4,29.0
2023-12-01 05:36:25,0.0,0.0,523.0,22.3,29.0
2023-12-01 05:46:25,0.0,0.0,534.0,22.3,29.0
2023-12-01 05:56:25,0.0,0.0,521.0,22.4,29.0
2023-12-01 06:06:25,0.0,0.0,527.0,22.4,29.0
2023-12-01 06:16:25,0.0,0.0,541.0,22.3,29.0
2023-12-01 06:36:25,1.0,47.0,570.0,22.4,30.0
2023-12-01 06:46:25,0.0,0.0,566.0,22.4,30.0
2023-12-01 06:56:25,0.0,47.0,571.0,22.4,30.0
2023-12-01 07:06:25,1.0,50.0,561.0,22.3,30.0
2023-12-01 07:16:25,0.0,50.0,551.0,22.4,30.0
2023-12-01 07:26:25,1.0,50.0,611.0,22.4,30.0
2023-12-01 07:36:25,2.0,50.0,582.0,22.4,30.0
2023-12-01 07:46:25,2.0,50.0,632.0,22.4,30.0
2023-12-01 07:56:25,2.0,50.0,671.0,22.4,31.0
2023-12-01 08:06:25,2.0,50.0,646.0,22.3,31.0
2023-12-01 08:16:25,1.0,53.0,642.0,22.3,31.0
2023-12-01 08:26:25,1.0,57.0,690.0,22.2,30.0
2023-12-01 08:36:25,2.0,57.0,636.0,22.1,29.0
2023-12-01 08:46:25,4.0,57.0,582.0,22.2,28.0
2023-12-01 08:56:24,3.0,63.0,589.0,22.3,27.0
2023-12-01 09:06:24,4.0,57.0,679.0,22.3,28.0
2023-12-01 09:16:24,1.0,57.0,688.0,22.3,28.0
2023-12-01 09:26:25,5.0,57.0,707.0,22.2,29.0
2023-12-01 09:36:24,5.0,57.0,773.0,22.2,30.0
2023-12-01 09:46:24,4.0,53.0,754.0,22.2,30.0
2023-12-01 09:56:24,1.0,53.0,757.0,22.3,30.0
2023-12-01 10:06:24,3.0,53.0,791.0,22.3,30.0
2023-12-01 10:16:24,2.0,53.0,783.0,22.3,30.0
2023-12-01 10:26:24,5.0,53.0,790.0,22.3,30.0
2023-12-01 10:36:24,6.0,53.0,868.0,22.3,31.0
2023-12-01 10:46:24,2.0,53.0,897.0,22.2,31.0
2023-12-01 10:56:24,0.0,53.0,878.0,22.3,31.0
2023-12-01 11:06:24,2.0,53.0,870.0,22.3,31.0
2023-12-01 11:16:24,6.0,53.0,894.0,22.3,31.0
2023-12-01 11:26:24,2.0,53.0,812.0,22.3,30.0
2023-12-01 11:36:24,3.0,53.0,880.0,22.3,31.0
2023-12-01 11:46:24,1.0,53.0,847.0,22.3,31.0
2023-12-01 11:56:24,5.0,53.0,839.0,22.3,31.0
2023-12-01 12:06:24,4.0,50.0,779.0,22.3,31.0
2023-12-01 12:16:24,6.0,60.0,709.0,22.4,29.0
2023-12-01 12:26:24,0.0,53.0,735.0,22.4,29.0
2023-12-01 12:36:24,2.0,53.0,834.0,22.4,29.0
2023-12-01 12:46:24,2.0,53.0,859.0,22.4,30.0
2023-12-01 12:56:24,3.0,53.0,834.0,22.5,29.0
2023-12-01 13:06:24,3.0,53.0,844.0,22.5,29.0
2023-12-01 13:16:24,1.0,53.0,836.0,22.5,29.0
2023-12-01 13:26:24,2.0,53.0,867.0,22.5,29.0
2023-12-01 13:36:24,4.0,53.0,947.0,22.5,30.0
2023-12-01 13:46:24,5.0,53.0,898.0,22.5,29.0
2023-12-01 13:56:24,1.0,53.0,909.0,22.5,29.0
2023-12-01 14:06:24,0.0,53.0,967.0,22.6,30.0
2023-12-01 14:16:23,0.0,53.0,952.0,22.5,29.0
2023-12-01 14:26:23,4.0,50.0,983.0,22.5,30.0
2023-12-01 14:36:23,1.0,53.0,920.0,22.6,29.0
2023-12-01 14:46:23,0.0,53.0,936.0,22.6,29.0
2023-12-01 14:56:24,1.0,53.0,1031.0,22.6,30.0
2023-12-01 15:06:23,1.0,53.0,974.0,22.6,30.0
2023-12-01 15:16:23,3.0,53.0,962.0,22.6,30.0
2023-12-01 15:26:23,4.0,53.0,941.0,22.6,30.0
2023-12-01 15:36:23,0.0,53.0,921.0,22.6,29.0
2023-12-01 15:46:23,2.0,53.0,916.0,22.6,30.0
2023-12-01 15:56:23,1.0,50.0,907.0,22.6,29.0
2023-12-01 16:06:23,2.0,50.0,875.0,22.6,29.0
2023-12-01 16:16:23,0.0,50.0,877.0,22.6,29.0
2023-12-01 16:26:23,2.0,50.0,896.0,22.7,29.0
2023-12-01 16:36:23,0.0,50.0,898.0,22.7,30.0
2023-12-01 16:46:23,1.0,50.0,915.0,22.6,30.0
2023-12-01 16:56:23,2.0,50.0,916.0,22.7,30.0
2023-12-01 17:06:23,1.0,50.0,904.0,22.7,30.0
2023-12-01 17:16:23,0.0,50.0,975.0,22.7,30.0
2023-12-01 17:26:23,1.0,47.0,918.0,22.7,30.0
2023-12-01 17:36:23,2.0,3.0,929.0,22.6,31.0
2023-12-01 17:46:23,2.0,40.0,971.0,22.6,31.0
2023-12-01 17:56:23,2.0,50.0,1028.0,22.6,32.0
2023-12-01 18:06:23,1.0,3.0,1054.0,22.7,33.0
2023-12-01 18:16:23,0.0,3.0,1064.0,22.7,33.0
2023-12-01 18:26:23,0.0,3.0,1033.0,22.7,33.0
2023-12-01 18:36:23,0.0,3.0,1021.0,22.7,33.0
2023-12-01 18:46:23,0.0,0.0,1005.0,22.7,33.0
2023-12-01 18:56:23,0.0,3.0,1010.0,22.7,33.0
2023-12-01 19:06:23,0.0,3.0,971.0,22.7,33.0
2023-12-01 19:16:23,0.0,3.0,960.0,22.7,33.0
2023-12-01 19:26:23,1.0,3.0,893.0,22.7,32.0
2023-12-01 19:36:23,0.0,3.0,849.0,22.6,31.0
2023-12-01 19:46:22,0.0,3.0,833.0,22.6,31.0
2023-12-01 19:56:22,0.0,3.0,782.0,22.5,31.0
2023-12-01 20:06:22,0.0,0.0,746.0,22.6,30.0
2023-12-01 20:16:23,0.0,3.0,713.0,22.5,30.0
2023-12-01 20:26:22,0.0,0.0,719.0,22.5,30.0
2023-12-01 20:36:23,0.0,3.0,714.0,22.5,29.0
2023-12-01 20:46:22,0.0,0.0,716.0,22.5,30.0
2023-12-01 20:56:22,0.0,0.0,665.0,22.5,29.0
2023-12-01 21:06:22,0.0,0.0,675.0,22.5,29.0
2023-12-01 21:16:22,0.0,0.0,649.0,22.5,29.0
2023-12-01 21:26:22,0.0,0.0,647.0,22.4,29.0
2023-12-01 21:36:22,0.0,0.0,634.0,22.5,28.0
2023-12-01 21:46:22,0.0,0.0,643.0,22.5,28.0
2023-12-01 21:56:22,0.0,0.0,627.0,22.5,28.0
2023-12-01 22:06:22,0.0,0.0,625.0,22.5,28.0
2023-12-01 22:16:22,0.0,0.0,621.0,22.4,28.0
2023-12-01 22:26:22,0.0,0.0,610.0,22.5,28.0
2023-12-01 22:36:22,0.0,0.0,599.0,22.4,28.0
2023-12-01 22:46:22,0.0,0.0,595.0,22.4,28.0
2023-12-01 22:56:22,0.0,0.0,558.0,22.4,28.0
2023-12-01 23:06:22,1.0,0.0,597.0,22.4,28.0
2023-12-01 23:16:22,0.0,0.0,585.0,22.4,28.0
2023-12-01 23:26:22,0.0,0.0,563.0,22.4,28.0
2023-12-01 23:36:22,0.0,0.0,576.0,22.4,28.0
2023-12-01 23:46:22,0.0,0.0,586.0,22.4,28.0
2023-12-01 23:56:22,0.0,0.0,569.0,22.4,28.0
2023-12-02 00:06:22,0.0,0.0,552.0,22.4,28.0
2023-12-02 00:16:22,0.0,0.0,571.0,22.4,28.0
2023-12-02 00:26:22,0.0,0.0,565.0,22.4,28.0
2023-12-02 00:36:22,0.0,0.0,549.0,22.4,28.0
2023-12-02 00:46:22,0.0,0.0,559.0,22.4,28.0
2023-12-02 00:56:22,0.0,0.0,550.0,22.4,28.0
2023-12-02 01:06:22,0.0,0.0,539.0,22.4,28.0
2023-12-02 01:16:22,0.0,0.0,545.0,22.4,28.0
2023-12-02 01:26:21,0.0,0.0,545.0,22.4,28.0
2023-12-02 01:36:22,0.0,0.0,527.0,22.4,28.0
2023-12-02 01:46:21,0.0,0.0,541.0,22.4,28.0
2023-12-02 01:56:21,0.0,0.0,518.0,22.4,28.0
2023-12-02 02:06:21,0.0,0.0,546.0,22.4,28.0
2023-12-02 02:16:21,0.0,0.0,533.0,22.4,28.0
2023-12-02 02:26:21,0.0,0.0,531.0,22.4,28.0
2023-12-02 02:36:21,0.0,0.0,525.0,22.4,28.0
2023-12-02 02:46:21,0.0,0.0,519.0,22.4,28.0
2023-12-02 02:56:21,0.0,0.0,507.0,22.4,28.0
2023-12-02 03:06:21,0.0,0.0,522.0,22.4,28.0
2023-12-02 03:16:21,0.0,0.0,504.0,22.3,28.0
2023-12-02 03:26:21,0.0,0.0,516.0,22.4,28.0
2023-12-02 03:36:21,0.0,0.0,521.0,22.4,28.0
2023-12-02 03:46:21,0.0,0.0,505.0,22.3,28.0
2023-12-02 03:56:21,0.0,0.0,508.0,22.3,28.0
2023-12-02 04:06:21,0.0,0.0,505.0,22.4,28.0
2023-12-02 04:16:21,0.0,0.0,486.0,22.4,28.0
2023-12-02 04:26:21,0.0,0.0,502.0,22.4,28.0
2023-12-02 04:36:21,0.0,0.0,509.0,22.3,28.0
2023-12-02 04:46:21,0.0,0.0,499.0,22.3,28.0
2023-12-02 04:56:21,0.0,0.0,484.0,22.4,28.0
2023-12-02 05:06:21,0.0,0.0,491.0,22.3,28.0
2023-12-02 05:16:21,0.0,0.0,481.0,22.3,28.0
2023-12-02 05:26:21,0.0,0.0,493.0,22.3,28.0
2023-12-02 05:36:21,0.0,0.0,478.0,22.4,28.0
2023-12-02 05:46:21,0.0,0.0,489.0,22.3,28.0
2023-12-02 05:56:21,2.0,50.0,497.0,22.3,27.0
2023-12-02 06:06:21,0.0,50.0,482.0,22.3,28.0
2023-12-02 06:16:21,0.0,0.0,479.0,22.3,28.0
2023-12-02 06:26:21,0.0,0.0,480.0,22.4,28.0
2023-12-02 06:36:20,0.0,0.0,501.0,22.4,29.0
2023-12-02 06:46:20,0.0,0.0,501.0,22.4,29.0
2023-12-02 06:56:21,0.0,0.0,504.0,22.4,29.0
2023-12-02 07:06:20,0.0,0.0,508.0,22.4,29.0
2023-12-02 07:16:20,0.0,0.0,497.0,22.4,29.0
2023-12-02 07:26:20,0.0,0.0,496.0,22.4,29.0
2023-12-02 07:36:20,0.0,0.0,502.0,22.4,29.0
2023-12-02 07:46:20,0.0,0.0,499.0,22.4,29.0
2023-12-02 07:56:20,0.0,3.0,488.0,22.4,29.0
2023-12-02 08:06:20,0.0,3.0,498.0,22.4,29.0
2023-12-02 08:16:20,0.0,3.0,480.0,22.4,29.0
2023-12-02 08:26:20,0.0,3.0,501.0,22.4,29.0
2023-12-02 08:36:20,0.0,3.0,482.0,22.4,29.0
2023-12-02 08:46:20,0.0,3.0,481.0,22.4,29.0
2023-12-02 08:56:20,0.0,3.0,477.0,22.4,29.0
2023-12-02 09:06:20,0.0,3.0,489.0,22.4,29.0
2023-12-02 09:16:20,1.0,3.0,488.0,22.4,29.0
2023-12-02 09:26:20,0.0,3.0,482.0,22.3,29.0
2023-12-02 09:36:20,0.0,3.0,466.0,22.3,29.0
2023-12-02 09:46:20,0.0,3.0,456.0,22.4,29.0
2023-12-02 09:56:20,0.0,3.0,475.0,22.4,29.0
2023-12-02 10:06:20,0.0,3.0,468.0,22.4,29.0
2023-12-02 10:16:20,0.0,3.0,459.0,22.4,29.0
2023-12-02 10:26:20,0.0,3.0,454.0,22.4,29.0
2023-12-02 10:36:20,0.0,3.0,493.0,22.4,29.0
2023-12-02 10:46:20,0.0,3.0,446.0,22.4,29.0
2023-12-02 10:56:20,0.0,3.0,459.0,22.4,29.0
2023-12-02 11:06:20,0.0,3.0,467.0,22.3,29.0
2023-12-02 11:16:20,0.0,3.0,466.0,22.4,29.0
2023-12-02 11:26:20,0.0,6.0,475.0,22.4,29.0
2023-12-02 11:36:20,0.0,6.0,457.0,22.4,29.0
2023-12-02 11:46:20,0.0,6.0,447.0,22.4,29.0
2023-12-02 11:56:20,1.0,3.0,454.0,22.4,29.0
2023-12-02 12:06:19,0.0,3.0,461.0,22.3,29.0
2023-12-02 12:16:20,0.0,3.0,448.0,22.3,29.0
2023-12-02 12:26:19,0.0,3.0,452.0,22.3,29.0
2023-12-02 12:36:19,0.0,3.0,457.0,22.4,29.0
2023-12-02 12:46:19,0.0,3.0,442.0,22.4,29.0
2023-12-02 12:56:19,0.0,3.0,455.0,22.4,29.0
2023-12-02 13:06:19,0.0,3.0,439.0,22.4,29.0
2023-12-02 13:16:19,0.0,3.0,464.0,22.4,29.0
2023-12-02 13:26:19,0.0,3.0,451.0,22.3,29.0
2023-12-02 13:36:19,0.0,3.0,456.0,22.4,29.0
2023-12-02 13:46:19,0.0,3.0,457.0,22.4,29.0
2023-12-02 13:56:19,0.0,3.0,469.0,22.4,29.0
2023-12-02 14:06:19,2.0,3.0,463.0,22.4,29.0
2023-12-02 14:16:19,0.0,0.0,475.0,22.3,29.0
2023-12-02 14:26:19,0.0,0.0,467.0,22.4,29.0
2023-12-02 14:36:19,0.0,0.0,446.0,22.4,29.0
2023-12-02 14:46:19,0.0,0.0,450.0,22.4,29.0
2023-12-02 14:56:19,0.0,0.0,463.0,22.3,29.0
2023-12-02 15:06:19,0.0,0.0,466.0,22.3,29.0
2023-12-02 15:16:19,0.0,0.0,468.0,22.4,29.0
2023-12-02 15:26:19,0.0,0.0,445.0,22.4,29.0
2023-12-02 15:36:19,0.0,0.0,463.0,22.3,29.0
2023-12-02 15:46:19,0.0,0.0,446.0,22.4,29.0
2023-12-02 15:56:19,0.0,0.0,450.0,22.3,29.0
2023-12-02 16:06:19,0.0,0.0,457.0,22.4,29.0
2023-12-02 16:16:19,0.0,0.0,458.0,22.3,29.0
2023-12-02 16:26:19,0.0,0.0,461.0,22.3,29.0
2023-12-02 16:36:19,0.0,47.0,459.0,22.3,29.0
2023-12-02 16:46:19,0.0,47.0,459.0,22.3,29.0
2023-12-02 16:56:19,0.0,0.0,464.0,22.4,29.0
2023-12-02 17:06:19,0.0,0.0,461.0,22.3,29.0
2023-12-02 17:16:19,0.0,0.0,476.0,22.3,29.0
2023-12-02 17:26:19,0.0,0.0,466.0,22.4,29.0
2023-12-02 17:36:19,0.0,0.0,462.0,22.4,29.0
2023-12-02 17:46:18,0.0,0.0,448.0,22.4,29.0
2023-12-02 17:56:18,0.0,0.0,464.0,22.4,29.0
2023-12-02 18:06:18,0.0,0.0,449.0,22.4,29.0
2023-12-02 18:16:18,0.0,0.0,454.0,22.3,29.0
2023-12-02 18:26:18,0.0,0.0,455.0,22.3,29.0
2023-12-02 18:36:18,0.0,0.0,463.0,22.3,29.0
2023-12-02 18:46:18,0.0,0.0,451.0,22.3,29.0
2023-12-02 18:56:18,0.0,0.0,446.0,22.3,29.0
2023-12-02 19:06:18,0.0,50.0,465.0,22.3,28.0
2023-12-02 19:16:18,1.0,50.0,453.0,22.3,28.0
2023-12-02 19:26:18,0.0,0.0,639.0,22.4,30.0
2023-12-02 19:36:18,0.0,0.0,596.0,22.4,29.0
2023-12-02 19:46:18,0.0,0.0,561.0,22.4,29.0
2023-12-02 19:56:18,0.0,0.0,523.0,22.3,28.0
2023-12-02 20:06:18,0.0,0.0,511.0,22.3,28.0
2023-12-02 20:16:18,0.0,0.0,493.0,22.3,28.0
2023-12-02 20:26:18,0.0,0.0,503.0,22.3,28.0
2023-12-02 20:36:18,0.0,0.0,486.0,22.3,28.0
2023-12-02 20:46:18,0.0,0.0,485.0,22.3,27.0
2023-12-02 20:56:18,0.0,0.0,474.0,22.3,27.0
2023-12-02 21:06:18,0.0,0.0,486.0,22.3,27.0
2023-12-02 21:16:18,0.0,0.0,468.0,22.3,27.0
2023-12-02 21:26:18,0.0,0.0,495.0,22.3,27.0
2023-12-02 21:36:18,0.0,0.0,472.0,22.3,27.0
2023-12-02 21:46:18,0.0,0.0,469.0,22.3,27.0
2023-12-02 21:56:18,0.0,0.0,468.0,22.3,27.0
2023-12-02 22:06:18,0.0,0.0,464.0,22.3,27.0
2023-12-02 22:16:18,1.0,47.0,455.0,22.3,27.0
2023-12-02 22:26:18,0.0,50.0,457.0,22.2,27.0
2023-12-02 22:36:18,0.0,0.0,476.0,22.3,27.0
2023-12-02 22:46:18,0.0,0.0,467.0,22.3,27.0
2023-12-02 22:56:18,0.0,0.0,469.0,22.3,27.0
2023-12-02 23:06:17,0.0,0.0,468.0,22.3,27.0
2023-12-02 23:16:17,0.0,0.0,461.0,22.3,27.0
2023-12-02 23:26:17,0.0,0.0,462.0,22.3,27.0
2023-12-02 23:36:17,0.0,0.0,465.0,22.2,27.0
2023-12-02 23:46:17,0.0,0.0,451.0,22.3,27.0
2023-12-02 23:56:18,0.0,0.0,456.0,22.2,27.0
2023-12-03 00:06:17,0.0,0.0,473.0,22.3,27.0
2023-12-03 00:16:17,0.0,0.0,472.0,22.2,27.0
2023-12-03 00:26:17,0.0,0.0,454.0,22.2,27.0
2023-12-03 00:36:17,0.0,0.0,445.0,22.2,27.0
2023-12-03 00:46:17,0.0,0.0,448.0,22.2,27.0
2023-12-03 00:56:17,0.0,0.0,455.0,22.3,27.0
2023-12-03 01:06:17,0.0,0.0,438.0,22.2,27.0
2023-12-03 01:16:17,0.0,0.0,446.0,22.2,27.0
2023-12-03 01:26:17,0.0,0.0,431.0,22.2,27.0
2023-12-03 01:36:17,0.0,0.0,455.0,22.2,27.0
2023-12-03 01:46:17,0.0,0.0,450.0,22.3,27.0
2023-12-03 01:56:17,0.0,0.0,425.0,22.2,27.0
2023-12-03 02:06:17,0.0,0.0,447.0,22.2,27.0
2023-12-03 02:16:17,0.0,0.0,439.0,22.2,27.0
2023-12-03 02:26:17,0.0,0.0,435.0,22.2,27.0
2023-12-03 02:36:17,0.0,0.0,435.0,22.2,27.0
2023-12-03 02:46:17,0.0,0.0,439.0,22.2,27.0
2023-12-03 02:56:17,0.0,0.0,445.0,22.2,27.0
2023-12-03 03:06:17,0.0,0.0,446.0,22.2,27.0
2023-12-03 03:16:17,0.0,0.0,436.0,22.2,27.0
2023-12-03 03:26:17,0.0,0.0,427.0,22.2,27.0
2023-12-03 03:36:17,0.0,0.0,420.0,22.2,27.0
2023-12-03 03:46:17,0.0,0.0,434.0,22.2,26.0
2023-12-03 03:56:17,0.0,0.0,434.0,22.2,26.0
2023-12-03 04:06:17,0.0,0.0,425.0,22.2,27.0
2023-12-03 04:16:17,0.0,0.0,437.0,22.2,26.0
2023-12-03 04:26:17,0.0,0.0,438.0,22.2,26.0
2023-12-03 04:36:16,0.0,0.0,417.0,22.1,26.0
2023-12-03 04:46:16,0.0,0.0,420.0,22.2,26.0
2023-12-03 04:56:16,0.0,0.0,428.0,22.2,26.0
2023-12-03 05:06:16,0.0,0.0,424.0,22.2,26.0
2023-12-03 05:16:16,0.0,0.0,422.0,22.2,26.0
2023-12-03 05:26:16,2.0,50.0,414.0,22.1,26.0
2023-12-03 05:36:16,0.0,50.0,441.0,22.2,26.0
2023-12-03 05:46:16,0.0,0.0,440.0,22.2,26.0
2023-12-03 05:56:16,0.0,0.0,424.0,22.2,26.0
2023-12-03 06:06:16,0.0,0.0,420.0,22.2,27.0
2023-12-03 06:16:16,0.0,0.0,434.0,22.2,27.0
2023-12-03 06:26:16,0.0,0.0,438.0,22.2,27.0
2023-12-03 06:36:16,0.0,0.0,438.0,22.2,27.0
2023-12-03 06:46:16,0.0,0.0,443.0,22.2,27.0
2023-12-03 06:56:16,0.0,0.0,431.0,22.2,28.0
2023-12-03 07:06:16,0.0,0.0,425.0,22.2,28.0
2023-12-03 07:16:16,0.0,0.0,427.0,22.2,28.0
2023-12-03 07:26:16,0.0,0.0,410.0,22.2,28.0
2023-12-03 07:36:16,0.0,3.0,434.0,22.2,28.0
2023-12-03 07:46:16,0.0,3.0,443.0,22.2,28.0
2023-12-03 07:56:16,0.0,3.0,437.0,22.2,28.0
2023-12-03 08:06:16,0.0,3.0,423.0,22.2,28.0
2023-12-03 08:16:16,1.0,50.0,442.0,22.2,28.0
2023-12-03 08:26:16,0.0,50.0,429.0,22.2,28.0
2023-12-03 08:36:16,0.0,3.0,450.0,22.2,28.0
2023-12-03 08:46:16,0.0,3.0,435.0,22.2,28.0
2023-12-03 08:56:16,0.0,3.0,446.0,22.2,28.0
2023-12-03 09:06:16,0.0,3.0,431.0,22.2,28.0
2023-12-03 09:16:16,0.0,3.0,435.0,22.2,28.0
2023-12-03 09:26:16,0.0,3.0,428.0,22.2,28.0
2023-12-03 09:36:16,0.0,3.0,427.0,22.2,28.0
2023-12-03 09:46:16,0.0,3.0,423.0,22.2,28.0
2023-12-03 09:56:15,0.0,3.0,424.0,22.2,28.0
2023-12-03 10:06:15,0.0,3.0,416.0,22.2,28.0
2023-12-03 10:16:15,0.0,3.0,421.0,22.2,28.0
2023-12-03 10:26:15,0.0,3.0,415.0,22.2,28.0
2023-12-03 10:36:15,0.0,3.0,420.0,22.2,28.0
2023-12-03 10:46:15,0.0,3.0,448.0,22.2,28.0
2023-12-03 10:56:15,0.0,3.0,431.0,22.2,28.0
2023-12-03 11:06:15,0.0,3.0,427.0,22.2,28.0
2023-12-03 11:16:15,0.0,3.0,428.0,22.2,28.0
2023-12-03 11:26:15,0.0,3.0,431.0,22.2,28.0
2023-12-03 11:36:15,0.0,3.0,436.0,22.2,28.0
2023-12-03 11:46:15,0.0,3.0,438.0,22.2,28.0
2023-12-03 11:56:15,0.0,3.0,420.0,22.2,28.0
2023-12-03 12:06:15,0.0,3.0,431.0,22.2,28.0
2023-12-03 12:16:15,0.0,3.0,416.0,22.2,28.0
2023-12-03 12:26:15,0.0,3.0,423.0,22.2,28.0
2023-12-03 12:36:15,0.0,3.0,419.0,22.2,28.0
2023-12-03 12:46:15,0.0,3.0,415.0,22.2,28.0
2023-12-03 12:56:15,0.0,3.0,407.0,22.2,28.0
2023-12-03 13:06:15,0.0,3.0,425.0,22.2,28.0
2023-12-03 13:16:15,0.0,3.0,426.0,22.2,28.0
2023-12-03 13:26:15,0.0,3.0,417.0,22.2,28.0
2023-12-03 13:36:15,0.0,3.0,422.0,22.2,28.0
2023-12-03 13:46:15,0.0,3.0,429.0,22.2,28.0
2023-12-03 13:56:15,0.0,3.0,431.0,22.2,28.0
2023-12-03 14:06:15,0.0,3.0,418.0,22.2,28.0
2023-12-03 14:16:15,0.0,0.0,426.0,22.2,28.0
2023-12-03 14:26:15,0.0,0.0,432.0,22.2,28.0
2023-12-03 14:36:15,0.0,0.0,423.0,22.2,28.0
2023-12-03 14:46:15,0.0,0.0,438.0,22.2,28.0
2023-12-03 14:56:15,0.0,0.0,408.0,22.2,28.0
2023-12-03 15:06:15,0.0,0.0,413.0,22.2,28.0
2023-12-03 15:16:15,0.0,0.0,424.0,22.2,28.0
2023-12-03 15:26:14,0.0,0.0,421.0,22.2,28.0
2023-12-03 15:36:14,0.0,0.0,417.0,22.2,28.0
2023-12-03 15:46:14,0.0,0.0,430.0,22.2,28.0
2023-12-03 15:56:14,0.0,0.0,431.0,22.2,28.0
2023-12-03 16:06:14,0.0,0.0,435.0,22.2,28.0
2023-12-03 16:16:14,0.0,0.0,430.0,22.2,28.0
2023-12-03 16:26:14,0.0,0.0,427.0,22.2,28.0
2023-12-03 16:36:14,0.0,0.0,435.0,22.2,28.0
2023-12-03 16:46:14,0.0,0.0,426.0,22.2,28.0
2023-12-03 16:56:14,0.0,0.0,420.0,22.2,28.0
2023-12-03 17:06:14,0.0,0.0,419.0,22.2,28.0
2023-12-03 17:16:14,0.0,0.0,427.0,22.2,28.0
2023-12-03 17:26:14,0.0,0.0,417.0,22.2,28.0
2023-12-03 17:36:14,0.0,0.0,426.0,22.2,28.0
2023-12-03 17:46:14,0.0,0.0,437.0,22.2,28.0
2023-12-03 17:56:14,0.0,0.0,424.0,22.2,28.0
2023-12-03 18:06:14,0.0,0.0,424.0,22.2,28.0
2023-12-03 18:16:14,0.0,0.0,422.0,22.2,28.0
2023-12-03 18:26:14,0.0,0.0,435.0,22.2,28.0
2023-12-03 18:36:14,0.0,0.0,426.0,22.2,28.0
2023-12-03 18:46:14,0.0,0.0,425.0,22.2,28.0
2023-12-03 18:56:14,0.0,0.0,436.0,22.2,28.0
2023-12-03 19:06:14,0.0,0.0,421.0,22.2,28.0
2023-12-03 19:16:14,0.0,0.0,404.0,22.2,28.0
2023-12-03 19:26:14,0.0,0.0,436.0,22.1,27.0
2023-12-03 19:36:14,0.0,0.0,421.0,22.2,27.0
2023-12-03 19:46:14,0.0,0.0,426.0,22.1,27.0
2023-12-03 19:56:14,0.0,0.0,428.0,22.2,27.0
2023-12-03 20:06:14,0.0,0.0,423.0,22.2,27.0
2023-12-03 20:16:14,0.0,0.0,426.0,22.2,27.0
2023-12-03 20:26:14,0.0,0.0,428.0,22.1,27.0
2023-12-03 20:36:14,0.0,0.0,415.0,22.2,27.0
2023-12-03 20:46:14,0.0,0.0,419.0,22.1,27.0
2023-12-03 20:56:14,0.0,0.0,414.0,22.1,27.0
2023-12-03 21:16:13,0.0,0.0,419.0,22.1,26.0
2023-12-03 21:26:13,0.0,0.0,439.0,22.1,26.0
2023-12-03 21:36:13,0.0,0.0,424.0,22.1,26.0
2023-12-03 21:46:13,0.0,0.0,422.0,22.1,26.0
2023-12-03 21:56:13,0.0,0.0,423.0,22.1,26.0
2023-12-03 22:06:13,0.0,0.0,423.0,22.1,26.0
2023-12-03 22:16:13,0.0,0.0,410.0,22.1,26.0
2023-12-03 22:26:13,0.0,0.0,413.0,22.1,26.0
2023-12-03 22:36:13,0.0,0.0,416.0,22.1,26.0
2023-12-03 22:46:13,0.0,0.0,417.0,22.1,26.0
2023-12-03 22:56:13,0.0,0.0,427.0,22.1,26.0
2023-12-03 23:06:13,0.0,0.0,422.0,22.1,26.0
2023-12-03 23:16:13,0.0,0.0,410.0,22.1,26.0
2023-12-03 23:26:13,0.0,0.0,415.0,22.1,26.0
2023-12-03 23:36:13,0.0,0.0,432.0,22.1,26.0
2023-12-03 23:46:13,0.0,0.0,412.0,22.1,26.0
2023-12-03 23:56:13,0.0,0.0,417.0,22.1,26.0
2023-12-04 00:06:13,0.0,0.0,404.0,22.1,26.0
2023-12-04 00:16:13,0.0,0.0,401.0,22.1,26.0
2023-12-04 00:26:13,0.0,0.0,419.0,22.1,26.0
2023-12-04 00:36:13,0.0,0.0,408.0,22.1,26.0
2023-12-04 00:46:13,0.0,0.0,407.0,22.1,26.0
2023-12-04 00:56:13,0.0,0.0,419.0,22.1,26.0
2023-12-04 01:06:13,0.0,0.0,403.0,22.1,26.0
2023-12-04 01:16:13,0.0,0.0,413.0,22.0,26.0
2023-12-04 01:26:13,0.0,0.0,413.0,22.0,26.0
2023-12-04 01:36:13,0.0,0.0,418.0,22.0,27.0
2023-12-04 01:46:13,0.0,0.0,421.0,22.1,27.0
2023-12-04 01:56:13,0.0,0.0,426.0,22.1,27.0
2023-12-04 02:06:13,0.0,0.0,419.0,22.0,27.0
2023-12-04 02:16:13,0.0,0.0,420.0,22.1,27.0
2023-12-04 02:26:12,0.0,0.0,418.0,22.1,27.0
2023-12-04 02:36:13,0.0,0.0,414.0,22.0,27.0
2023-12-04 02:46:12,0.0,0.0,399.0,22.1,27.0
2023-12-04 02:56:12,0.0,0.0,414.0,22.0,27.0
2023-12-04 03:06:12,0.0,0.0,415.0,22.0,27.0
2023-12-04 03:16:12,0.0,0.0,391.0,22.0,27.0
2023-12-04 03:26:12,0.0,0.0,417.0,22.0,27.0
2023-12-04 03:36:12,0.0,0.0,410.0,22.1,27.0
2023-12-04 03:46:12,0.0,0.0,407.0,22.0,27.0
2023-12-04 03:56:12,0.0,0.0,402.0,22.0,27.0
2023-12-04 04:06:12,0.0,0.0,407.0,22.0,27.0
2023-12-04 04:16:12,0.0,0.0,408.0,22.1,27.0
2023-12-04 04:26:12,0.0,0.0,412.0,22.0,27.0
2023-12-04 04:36:12,0.0,0.0,407.0,22.1,27.0
2023-12-04 04:46:12,0.0,0.0,411.0,22.0,27.0
2023-12-04 04:56:12,0.0,0.0,414.0,22.0,27.0
2023-12-04 05:06:12,0.0,0.0,418.0,22.0,27.0
2023-12-04 05:16:12,1.0,40.0,413.0,22.0,27.0
2023-12-04 05:26:12,2.0,50.0,427.0,22.0,27.0
2023-12-04 05:36:12,0.0,0.0,413.0,22.0,27.0
2023-12-04 05:46:12,0.0,0.0,411.0,22.0,27.0
2023-12-04 05:56:12,0.0,0.0,425.0,22.0,27.0
2023-12-04 06:06:12,0.0,0.0,412.0,22.1,27.0
2023-12-04 06:16:12,0.0,0.0,426.0,22.0,27.0
2023-12-04 06:26:12,1.0,53.0,432.0,22.1,28.0
2023-12-04 06:36:12,2.0,53.0,434.0,22.0,28.0
2023-12-04 06:46:12,0.0,0.0,441.0,22.1,28.0
2023-12-04 06:56:12,1.0,0.0,431.0,22.1,28.0
2023-12-04 07:06:12,0.0,0.0,445.0,22.1,28.0
2023-12-04 07:16:12,0.0,0.0,424.0,22.1,28.0
2023-12-04 07:26:12,0.0,0.0,429.0,22.1,28.0
2023-12-04 07:36:12,2.0,50.0,480.0,22.1,29.0
2023-12-04 07:46:12,4.0,50.0,464.0,22.1,28.0
2023-12-04 07:56:11,2.0,50.0,443.0,22.1,27.0
2023-12-04 08:06:11,1.0,50.0,480.0,22.2,28.0
2023-12-04 08:16:11,1.0,50.0,490.0,22.1,28.0
2023-12-04 08:26:11,0.0,50.0,478.0,22.1,28.0
2023-12-04 08:46:11,4.0,50.0,513.0,22.1,29.0
2023-12-04 08:56:11,2.0,50.0,524.0,22.1,28.0
2023-12-04 09:06:11,2.0,50.0,498.0,22.1,27.0
2023-12-04 09:16:11,6.0,50.0,563.0,22.1,28.0
2023-12-04 09:26:11,7.0,53.0,658.0,22.1,29.0
2023-12-04 09:36:11,4.0,50.0,660.0,22.1,29.0
2023-12-04 09:46:11,2.0,50.0,749.0,22.1,30.0
2023-12-04 09:56:11,1.0,50.0,716.0,22.1,29.0
2023-12-04 10:06:11,1.0,50.0,727.0,22.1,30.0
2023-12-04 10:16:11,1.0,53.0,768.0,22.1,30.0
2023-12-04 10:26:11,5.0,53.0,755.0,22.1,30.0
2023-12-04 10:36:11,1.0,53.0,800.0,22.1,30.0
2023-12-04 10:46:11,2.0,53.0,801.0,22.1,30.0
2023-12-04 10:56:11,4.0,53.0,847.0,22.0,30.0
2023-12-04 11:06:11,2.0,53.0,878.0,22.1,31.0
2023-12-04 11:16:11,3.0,53.0,875.0,22.0,31.0
2023-12-04 11:26:11,4.0,53.0,927.0,22.1,31.0
2023-12-04 11:36:11,6.0,53.0,903.0,22.1,31.0
2023-12-04 11:46:11,2.0,50.0,811.0,22.1,30.0
2023-12-04 11:56:11,3.0,50.0,787.0,22.1,30.0
2023-12-04 12:06:11,2.0,53.0,770.0,22.1,30.0
2023-12-04 12:16:11,1.0,50.0,766.0,22.1,30.0
2023-12-04 12:26:11,9.0,57.0,879.0,22.2,30.0
2023-12-04 12:36:11,4.0,57.0,821.0,22.1,30.0
2023-12-04 12:46:11,5.0,57.0,816.0,22.1,30.0
2023-12-04 12:56:11,6.0,53.0,905.0,22.1,30.0
2023-12-04 13:06:11,3.0,53.0,981.0,22.1,30.0
2023-12-04 13:16:11,1.0,50.0,1002.0,22.1,30.0
2023-12-04 13:26:10,2.0,50.0,1027.0,22.2,31.0
2023-12-04 13:36:10,5.0,50.0,1038.0,22.2,31.0
2023-12-04 13:46:10,0.0,50.0,1158.0,22.2,31.0
2023-12-04 13:56:10,1.0,50.0,1218.0,22.3,32.0
2023-12-04 14:06:10,1.0,53.0,1179.0,22.3,32.0
2023-12-04 14:16:10,3.0,50.0,1093.0,22.2,32.0
2023-12-04 14:26:10,1.0,50.0,1020.0,22.2,31.0
2023-12-04 14:36:10,4.0,50.0,1073.0,22.2,31.0
2023-12-04 14:46:10,0.0,50.0,1104.0,22.3,31.0
2023-12-04 14:56:10,1.0,50.0,1065.0,22.2,31.0
2023-12-04 15:06:10,2.0,50.0,1049.0,22.2,31.0
2023-12-04 15:16:10,2.0,50.0,1130.0,22.2,31.0
2023-12-04 15:26:10,2.0,50.0,1088.0,22.2,31.0
2023-12-04 15:36:10,1.0,50.0,1238.0,22.3,32.0
2023-12-04 15:46:10,3.0,50.0,1085.0,22.3,31.0
2023-12-04 15:56:10,1.0,50.0,989.0,22.3,31.0
2023-12-04 16:06:10,2.0,50.0,1003.0,22.3,31.0
2023-12-04 16:16:10,1.0,47.0,984.0,22.3,31.0
2023-12-04 16:26:10,0.0,50.0,946.0,22.3,30.0
2023-12-04 16:36:10,1.0,50.0,990.0,22.3,30.0
2023-12-04 16:46:10,0.0,50.0,961.0,22.3,30.0
2023-12-04 16:56:10,2.0,47.0,921.0,22.4,30.0
2023-12-04 17:06:10,0.0,50.0,932.0,22.3,30.0
2023-12-04 17:26:10,0.0,50.0,860.0,22.3,30.0
2023-12-04 17:36:10,0.0,0.0,866.0,22.3,30.0
2023-12-04 17:46:10,0.0,0.0,861.0,22.3,30.0
2023-12-04 17:56:10,0.0,0.0,834.0,22.3,30.0
2023-12-04 18:06:10,0.0,0.0,869.0,22.3,30.0
2023-12-04 18:16:10,0.0,50.0,873.0,22.3,30.0
2023-12-04 18:26:10,1.0,50.0,879.0,22.3,30.0
2023-12-04 18:36:10,0.0,0.0,825.0,22.3,30.0
2023-12-04 18:46:10,1.0,0.0,851.0,22.4,30.0
2023-12-04 18:56:09,0.0,0.0,827.0,22.3,30.0
2023-12-04 19:06:09,0.0,0.0,819.0,22.3,30.0
2023-12-04 19:16:09,0.0,0.0,844.0,22.3,30.0
2023-12-04 19:26:09,0.0,0.0,825.0,22.3,30.0
2023-12-04 19:36:09,0.0,0.0,781.0,22.3,30.0
2023-12-04 19:46:09,0.0,0.0,798.0,22.3,30.0
2023-12-04 19:56:09,0.0,0.0,784.0,22.3,30.0
2023-12-04 20:06:09,0.0,0.0,767.0,22.3,29.0
2023-12-04 20:16:10,0.0,0.0,752.0,22.3,29.0
2023-12-04 20:26:09,0.0,0.0,740.0,22.3,29.0
2023-12-04 20:36:09,0.0,0.0,741.0,22.3,29.0
2023-12-04 20:46:09,0.0,0.0,729.0,22.3,29.0
2023-12-04 20:56:09,0.0,0.0,713.0,22.3,29.0
2023-12-04 21:06:09,0.0,0.0,699.0,22.3,29.0
2023-12-04 21:16:09,0.0,0.0,670.0,22.3,29.0
2023-12-04 21:26:09,0.0,50.0,768.0,22.2,29.0
2023-12-04 21:36:09,0.0,50.0,732.0,22.2,29.0
2023-12-04 21:46:09,0.0,0.0,733.0,22.3,29.0
2023-12-04 21:56:09,1.0,0.0,707.0,22.3,29.0
2023-12-04 22:06:09,0.0,0.0,701.0,22.3,29.0
2023-12-04 22:16:09,0.0,0.0,688.0,22.3,29.0
2023-12-04 22:26:09,2.0,50.0,698.0,22.2,29.0
2023-12-04 22:36:09,0.0,50.0,675.0,22.3,29.0
2023-12-04 22:46:09,1.0,47.0,722.0,22.3,29.0
2023-12-04 22:56:09,1.0,50.0,685.0,22.3,29.0
2023-12-04 23:06:09,0.0,0.0,676.0,22.3,29.0
2023-12-04 23:16:09,0.0,0.0,707.0,22.3,29.0
2023-12-04 23:26:09,0.0,0.0,684.0,22.3,29.0
2023-12-04 23:36:09,0.0,0.0,692.0,22.3,29.0
2023-12-04 23:46:09,0.0,0.0,685.0,22.3,29.0
2023-12-04 23:56:09,0.0,0.0,703.0,22.3,29.0
2023-12-05 00:06:09,0.0,0.0,668.0,22.2,29.0
2023-12-05 00:16:09,0.0,0.0,682.0,22.3,29.0
2023-12-05 00:26:08,0.0,0.0,671.0,22.2,29.0
2023-12-05 00:36:08,0.0,0.0,648.0,22.2,29.0
2023-12-05 00:46:08,0.0,0.0,682.0,22.2,29.0
2023-12-05 00:56:08,0.0,0.0,654.0,22.2,29.0
2023-12-05 01:06:08,0.0,0.0,641.0,22.2,29.0
2023-12-05 01:16:08,0.0,0.0,653.0,22.3,29.0
2023-12-05 01:26:08,0.0,0.0,663.0,22.2,29.0
2023-12-05 01:36:08,0.0,0.0,652.0,22.2,29.0
2023-12-05 01:46:08,0.0,0.0,627.0,22.2,29.0
2023-12-05 01:56:08,0.0,0.0,641.0,22.3,29.0
2023-12-05 02:06:08,0.0,0.0,651.0,22.2,29.0
2023-12-05 02:16:08,0.0,0.0,641.0,22.2,29.0
2023-12-05 02:26:08,0.0,0.0,620.0,22.2,29.0
2023-12-05 02:36:08,0.0,0.0,624.0,22.2,29.0
2023-12-05 02:46:08,0.0,0.0,611.0,22.2,29.0
2023-12-05 02:56:08,0.0,0.0,634.0,22.2,29.0
2023-12-05 03:06:08,2.0,43.0,613.0,22.2,29.0
2023-12-05 03:16:08,0.0,50.0,624.0,22.2,29.0
2023-12-05 03:26:08,0.0,0.0,610.0,22.3,29.0
2023-12-05 03:36:08,0.0,0.0,599.0,22.3,29.0
2023-12-05 03:46:08,0.0,0.0,617.0,22.3,29.0
2023-12-05 03:56:08,0.0,0.0,619.0,22.3,29.0
2023-12-05 04:06:08,0.0,0.0,608.0,22.2,29.0
2023-12-05 04:16:08,2.0,50.0,596.0,22.2,29.0
2023-12-05 04:26:08,0.0,50.0,577.0,22.2,29.0
2023-12-05 04:36:08,0.0,0.0,599.0,22.3,30.0
2023-12-05 04:46:08,0.0,0.0,583.0,22.3,29.0
2023-12-05 04:56:08,0.0,0.0,566.0,22.2,29.0
2023-12-05 05:06:08,0.0,0.0,562.0,22.3,29.0
2023-12-05 05:16:08,0.0,0.0,571.0,22.2,29.0
2023-12-05 05:26:08,0.0,0.0,568.0,22.2,29.0
2023-12-05 05:36:08,0.0,0.0,551.0,22.2,29.0
2023-12-05 05:46:07,0.0,0.0,552.0,22.3,29.0
2023-12-05 05:56:07,0.0,0.0,556.0,22.2,29.0
2023-12-05 06:06:07,0.0,0.0,540.0,22.2,29.0
2023-12-05 06:16:07,5.0,50.0,579.0,22.2,33.0
2023-12-05 06:26:07,0.0,50.0,555.0,22.2,37.0
2023-12-05 06:36:07,0.0,0.0,572.0,22.2,35.0
2023-12-05 06:46:07,0.0,50.0,572.0,22.2,35.0
2023-12-05 06:56:07,1.0,50.0,568.0,22.2,35.0
2023-12-05 07:06:07,2.0,50.0,585.0,22.2,34.0
2023-12-05 07:16:07,0.0,50.0,584.0,22.2,33.0
2023-12-05 07:26:07,2.0,50.0,592.0,22.2,33.0
2023-12-05 07:36:07,2.0,53.0,569.0,22.2,31.0
2023-12-05 07:46:07,4.0,53.0,533.0,22.2,30.0
2023-12-05 07:56:07,2.0,53.0,564.0,22.2,31.0
2023-12-05 08:06:07,5.0,53.0,613.0,22.2,31.0
2023-12-05 08:16:07,6.0,57.0,591.0,22.3,30.0
2023-12-05 08:26:07,4.0,60.0,631.0,22.3,30.0
2023-12-05 08:36:07,0.0,60.0,668.0,22.3,30.0
2023-12-05 08:46:07,7.0,57.0,747.0,22.3,31.0
2023-12-05 08:56:07,3.0,57.0,696.0,22.3,31.0
2023-12-05 09:06:07,5.0,57.0,744.0,22.3,31.0
2023-12-05 09:16:07,4.0,60.0,772.0,22.3,31.0
2023-12-05 09:26:07,3.0,60.0,758.0,22.3,31.0
2023-12-05 09:36:07,2.0,60.0,751.0,22.3,31.0
2023-12-05 09:46:07,2.0,60.0,791.0,22.2,31.0
2023-12-05 09:56:07,1.0,60.0,792.0,22.3,31.0
2023-12-05 10:06:07,2.0,57.0,837.0,22.3,32.0
2023-12-05 10:16:07,2.0,63.0,881.0,22.3,32.0
2023-12-05 10:26:07,1.0,67.0,839.0,22.3,32.0
2023-12-05 10:36:07,2.0,63.0,848.0,22.3,31.0
2023-12-05 10:46:07,3.0,63.0,850.0,22.3,31.0
2023-12-05 10:56:07,2.0,67.0,863.0,22.3,32.0
2023-12-05 11:06:07,0.0,70.0,914.0,22.3,32.0
2023-12-05 11:16:06,8.0,70.0,863.0,22.3,31.0
2023-12-05 11:26:06,6.0,77.0,747.0,22.4,30.0
2023-12-05 11:36:06,3.0,67.0,835.0,22.4,30.0
2023-12-05 11:46:06,3.0,80.0,873.0,22.5,30.0
2023-12-05 11:56:06,5.0,77.0,859.0,22.5,30.0
2023-12-05 12:06:06,11.0,74.0,898.0,22.5,30.0
2023-12-05 12:16:06,5.0,60.0,901.0,22.5,30.0
2023-12-05 12:26:06,3.0,60.0,910.0,22.5,30.0
2023-12-05 12:36:06,1.0,60.0,929.0,22.5,30.0
2023-12-05 12:46:06,1.0,60.0,939.0,22.6,30.0
2023-12-05 12:56:06,3.0,60.0,939.0,22.5,30.0
2023-12-05 13:06:06,1.0,57.0,981.0,22.6,30.0
2023-12-05 13:16:06,6.0,60.0,1060.0,22.5,31.0
2023-12-05 13:26:06,2.0,57.0,993.0,22.6,30.0
2023-12-05 13:36:06,4.0,53.0,1022.0,22.6,30.0
2023-12-05 13:46:06,6.0,50.0,1072.0,22.6,31.0
2023-12-05 13:56:06,3.0,50.0,1037.0,22.6,30.0
2023-12-05 14:06:06,2.0,50.0,1052.0,22.6,30.0
2023-12-05 14:16:06,4.0,50.0,1066.0,22.6,30.0
2023-12-05 14:26:06,7.0,53.0,1085.0,22.6,31.0
2023-12-05 14:36:06,4.0,43.0,1134.0,22.6,31.0
2023-12-05 14:46:06,3.0,50.0,1040.0,22.7,31.0
2023-12-05 14:56:06,2.0,47.0,1039.0,22.7,30.0
2023-12-05 15:16:06,2.0,50.0,933.0,22.7,29.0
2023-12-05 15:26:06,4.0,50.0,917.0,22.7,29.0
2023-12-05 15:36:06,0.0,50.0,902.0,22.7,29.0
2023-12-05 15:46:06,2.0,50.0,932.0,22.8,29.0
2023-12-05 15:56:06,3.0,47.0,951.0,22.7,29.0
2023-12-05 16:06:06,4.0,50.0,959.0,22.7,29.0
2023-12-05 16:16:06,3.0,50.0,1069.0,22.7,30.0
2023-12-05 16:26:06,1.0,47.0,1069.0,22.8,30.0
2023-12-05 16:36:06,0.0,47.0,1002.0,22.8,30.0
2023-12-05 16:46:05,0.0,47.0,984.0,22.8,29.0
2023-12-05 16:56:05,0.0,47.0,981.0,22.8,29.0
2023-12-05 17:06:05,2.0,47.0,968.0,22.8,29.0
2023-12-05 17:16:05,0.0,47.0,901.0,22.8,29.0
2023-12-05 17:26:05,0.0,47.0,931.0,22.8,29.0
2023-12-05 17:36:05,0.0,3.0,884.0,22.8,29.0
2023-12-05 17:46:05,0.0,3.0,938.0,22.8,29.0
2023-12-05 17:56:05,0.0,3.0,882.0,22.8,29.0
2023-12-05 18:06:05,1.0,50.0,912.0,22.8,29.0
2023-12-05 18:16:05,0.0,47.0,896.0,22.8,29.0
2023-12-05 18:26:05,0.0,3.0,878.0,22.8,29.0
2023-12-05 18:36:05,2.0,47.0,888.0,22.8,29.0
2023-12-05 18:46:05,1.0,50.0,845.0,22.9,29.0
2023-12-05 18:56:05,0.0,3.0,813.0,22.9,28.0
2023-12-05 19:06:05,0.0,3.0,858.0,22.9,28.0
2023-12-05 19:16:05,0.0,3.0,834.0,22.9,28.0
2023-12-05 19:26:05,1.0,3.0,840.0,22.9,28.0
2023-12-05 19:36:05,0.0,3.0,773.0,22.9,28.0
2023-12-05 19:46:05,0.0,3.0,805.0,22.8,28.0
2023-12-05 19:56:05,0.0,3.0,784.0,22.8,28.0
2023-12-05 20:06:05,0.0,3.0,762.0,22.8,28.0
2023-12-05 20:16:05,0.0,3.0,766.0,22.8,28.0
2023-12-05 20:26:05,0.0,3.0,756.0,22.8,28.0
2023-12-05 20:36:05,0.0,3.0,732.0,22.8,28.0
2023-12-05 20:46:05,1.0,50.0,725.0,22.7,28.0
2023-12-05 20:56:05,0.0,50.0,703.0,22.7,28.0
2023-12-05 21:06:05,0.0,0.0,670.0,22.7,28.0
2023-12-05 21:16:05,1.0,47.0,726.0,22.6,28.0
2023-12-05 21:26:05,0.0,47.0,717.0,22.7,28.0
2023-12-05 21:36:05,0.0,0.0,676.0,22.6,28.0
2023-12-05 21:46:05,0.0,0.0,657.0,22.7,28.0
2023-12-05 21:56:05,0.0,0.0,648.0,22.6,28.0
2023-12-05 22:06:05,0.0,0.0,633.0,22.6,28.0
2023-12-05 22:16:04,0.0,0.0,637.0,22.6,28.0
2023-12-05 22:26:04,0.0,0.0,617.0,22.6,28.0
2023-12-05 22:36:04,0.0,0.0,625.0,22.6,28.0
2023-12-05 22:46:04,0.0,0.0,629.0,22.6,28.0
2023-12-05 22:56:04,0.0,0.0,625.0,22.6,28.0
2023-12-05 23:06:04,0.0,0.0,623.0,22.6,28.0
2023-12-05 23:16:04,0.0,0.0,604.0,22.6,28.0
2023-12-05 23:26:04,0.0,0.0,614.0,22.6,28.0
2023-12-05 23:36:05,0.0,0.0,601.0,22.6,28.0
2023-12-05 23:46:04,0.0,0.0,599.0,22.6,28.0
2023-12-05 23:56:04,0.0,0.0,586.0,22.6,28.0
2023-12-06 00:06:04,0.0,0.0,603.0,22.5,27.0
2023-12-06 00:16:04,0.0,0.0,548.0,22.5,27.0
2023-12-06 00:26:04,0.0,0.0,561.0,22.5,27.0
2023-12-06 00:36:04,0.0,0.0,566.0,22.5,27.0
2023-12-06 00:46:04,0.0,0.0,568.0,22.5,27.0
2023-12-06 00:56:04,0.0,0.0,572.0,22.5,27.0
2023-12-06 01:06:04,0.0,0.0,547.0,22.5,27.0
2023-12-06 01:16:04,0.0,0.0,553.0,22.5,27.0
2023-12-06 01:26:04,0.0,0.0,533.0,22.5,27.0
2023-12-06 01:36:04,0.0,0.0,537.0,22.5,27.0
2023-12-06 01:46:04,0.0,0.0,546.0,22.5,27.0
2023-12-06 01:56:04,0.0,0.0,543.0,22.5,27.0
2023-12-06 02:06:04,0.0,0.0,545.0,22.5,27.0
2023-12-06 02:16:04,0.0,0.0,532.0,22.5,27.0
2023-12-06 02:26:04,0.0,0.0,532.0,22.5,27.0
2023-12-06 02:36:04,0.0,0.0,529.0,22.5,27.0
2023-12-06 02:46:04,0.0,0.0,538.0,22.5,27.0
2023-12-06 02:56:04,0.0,0.0,546.0,22.5,27.0
2023-12-06 03:06:04,1.0,43.0,519.0,22.5,27.0
2023-12-06 03:16:04,0.0,50.0,520.0,22.5,27.0
2023-12-06 03:26:04,0.0,0.0,516.0,22.4,27.0
2023-12-06 03:36:04,0.0,0.0,506.0,22.4,27.0
2023-12-06 03:46:03,0.0,0.0,499.0,22.5,27.0
2023-12-06 03:56:03,0.0,0.0,485.0,22.5,27.0
2023-12-06 04:06:03,0.0,47.0,504.0,22.4,27.0
2023-12-06 04:16:04,1.0,50.0,519.0,22.5,28.0
2023-12-06 04:26:03,0.0,0.0,509.0,22.5,28.0
2023-12-06 04:36:03,0.0,0.0,509.0,22.5,28.0
2023-12-06 04:46:03,0.0,0.0,496.0,22.6,28.0
2023-12-06 04:56:03,0.0,0.0,472.0,22.5,28.0
2023-12-06 05:06:03,0.0,0.0,505.0,22.5,28.0
2023-12-06 05:16:03,1.0,47.0,500.0,22.5,28.0
2023-12-06 05:26:03,1.0,47.0,511.0,22.5,28.0
2023-12-06 05:36:03,0.0,0.0,502.0,22.5,27.0
2023-12-06 05:46:03,0.0,0.0,484.0,22.5,27.0
2023-12-06 05:56:03,0.0,0.0,476.0,22.5,27.0
2023-12-06 06:06:03,0.0,0.0,483.0,22.4,27.0
2023-12-06 06:16:03,1.0,47.0,543.0,22.5,28.0
2023-12-06 06:26:03,1.0,47.0,557.0,22.5,28.0
2023-12-06 06:36:03,1.0,47.0,575.0,22.5,28.0
2023-12-06 06:46:03,2.0,50.0,604.0,22.4,29.0
2023-12-06 06:56:03,0.0,50.0,661.0,22.5,30.0
2023-12-06 07:06:03,0.0,50.0,670.0,22.4,30.0
2023-12-06 07:16:03,1.0,50.0,637.0,22.5,29.0
2023-12-06 07:26:03,0.0,50.0,639.0,22.5,29.0
2023-12-06 07:36:03,1.0,50.0,605.0,22.5,29.0
2023-12-06 07:46:03,2.0,50.0,624.0,22.5,29.0
2023-12-06 07:56:03,3.0,50.0,631.0,22.5,29.0
2023-12-06 08:06:03,0.0,50.0,660.0,22.5,29.0
2023-12-06 08:16:03,0.0,50.0,694.0,22.4,30.0
2023-12-06 08:26:03,3.0,50.0,622.0,22.4,29.0
2023-12-06 08:36:03,1.0,53.0,683.0,22.4,30.0
2023-12-06 08:46:03,5.0,53.0,654.0,22.4,31.0
2023-12-06 08:56:03,1.0,47.0,558.0,22.4,29.0
2023-12-06 09:06:02,1.0,53.0,529.0,22.5,28.0
2023-12-06 09:16:02,1.0,50.0,620.0,22.6,29.0
2023-12-06 09:26:02,2.0,53.0,572.0,22.6,28.0
2023-12-06 09:36:03,3.0,53.0,579.0,22.6,28.0
2023-12-06 09:46:02,1.0,53.0,609.0,22.6,28.0
2023-12-06 09:56:02,4.0,57.0,666.0,22.6,29.0
2023-12-06 10:06:02,2.0,53.0,747.0,22.5,30.0
2023-12-06 10:16:02,7.0,53.0,837.0,22.5,31.0
2023-12-06 10:26:02,1.0,50.0,705.0,22.4,30.0
2023-12-06 10:36:02,1.0,50.0,617.0,22.5,29.0
2023-12-06 10:46:02,3.0,50.0,767.0,22.5,30.0
2023-12-06 10:56:02,4.0,50.0,679.0,22.5,29.0
2023-12-06 11:06:02,3.0,43.0,660.0,22.6,29.0
2023-12-06 11:16:02,7.0,50.0,726.0,22.6,29.0
2023-12-06 11:26:02,2.0,50.0,666.0,22.6,29.0
2023-12-06 11:36:02,3.0,50.0,715.0,22.6,29.0
2023-12-06 11:46:02,2.0,50.0,724.0,22.6,29.0
2023-12-06 11:56:02,4.0,50.0,776.0,22.6,29.0
2023-12-06 12:06:02,2.0,47.0,699.0,22.6,29.0
2023-12-06 12:16:02,6.0,47.0,726.0,22.6,29.0
2023-12-06 12:26:02,5.0,50.0,715.0,22.6,29.0
2023-12-06 12:36:02,3.0,50.0,806.0,22.6,30.0
2023-12-06 12:46:02,0.0,50.0,680.0,22.6,28.0
2023-12-06 12:56:02,1.0,50.0,709.0,22.6,29.0
2023-12-06 13:06:02,3.0,53.0,755.0,22.6,29.0
2023-12-06 13:16:02,0.0,53.0,763.0,22.6,29.0
2023-12-06 13:26:02,2.0,53.0,800.0,22.6,29.0
2023-12-06 13:36:02,2.0,57.0,1110.0,22.7,32.0
2023-12-06 13:46:02,3.0,57.0,819.0,22.7,30.0
2023-12-06 13:56:02,1.0,57.0,779.0,22.7,29.0
2023-12-06 14:06:02,4.0,53.0,866.0,22.7,29.0
2023-12-06 14:16:02,5.0,53.0,799.0,22.7,29.0
2023-12-06 14:26:02,4.0,50.0,808.0,22.7,29.0
2023-12-06 14:36:01,4.0,53.0,1157.0,22.8,33.0
2023-12-06 14:46:01,0.0,50.0,1104.0,22.8,32.0
2023-12-06 14:56:02,4.0,53.0,822.0,22.8,30.0
2023-12-06 15:06:01,2.0,53.0,820.0,22.7,29.0
2023-12-06 15:16:01,2.0,53.0,847.0,22.8,29.0
2023-12-06 15:26:01,3.0,53.0,941.0,22.8,30.0
2023-12-06 15:36:01,3.0,53.0,874.0,22.8,29.0
2023-12-06 15:46:01,2.0,53.0,893.0,22.7,29.0
2023-12-06 15:56:01,1.0,53.0,887.0,22.7,29.0
2023-12-06 16:06:01,1.0,50.0,878.0,22.7,29.0
2023-12-06 16:16:01,6.0,50.0,1019.0,22.8,30.0
2023-12-06 16:26:01,2.0,47.0,969.0,22.8,30.0
2023-12-06 16:36:01,1.0,47.0,942.0,22.8,29.0
2023-12-06 16:46:01,0.0,47.0,908.0,22.8,29.0
2023-12-06 16:56:01,1.0,47.0,964.0,22.9,29.0
2023-12-06 17:06:01,0.0,47.0,975.0,22.8,29.0
2023-12-06 17:16:01,1.0,47.0,972.0,22.8,29.0
2023-12-06 17:26:01,4.0,50.0,1009.0,22.8,30.0
2023-12-06 17:36:01,1.0,3.0,1013.0,22.9,30.0
2023-12-06 17:46:01,0.0,3.0,1068.0,22.8,30.0
2023-12-06 17:56:01,2.0,3.0,1081.0,22.7,31.0
2023-12-06 18:06:01,2.0,50.0,952.0,22.7,30.0
2023-12-06 18:16:01,3.0,50.0,981.0,22.7,30.0
2023-12-06 18:26:01,0.0,0.0,1003.0,22.7,31.0
2023-12-06 18:36:01,1.0,0.0,915.0,22.7,30.0
2023-12-06 18:46:01,0.0,0.0,923.0,22.6,31.0
2023-12-06 18:56:01,2.0,50.0,939.0,22.7,30.0
2023-12-06 19:06:01,0.0,50.0,842.0,22.6,30.0
2023-12-06 19:16:01,0.0,0.0,747.0,22.7,29.0
2023-12-06 19:26:01,0.0,0.0,715.0,22.6,29.0
2023-12-06 19:36:01,1.0,43.0,696.0,22.6,29.0
2023-12-06 19:46:01,1.0,50.0,772.0,22.6,29.0
2023-12-06 19:56:00,0.0,0.0,621.0,22.7,28.0
2023-12-06 20:06:00,0.0,0.0,658.0,22.6,28.0
2023-12-06 20:16:01,0.0,0.0,658.0,22.6,28.0
2023-12-06 20:26:00,0.0,0.0,633.0,22.6,28.0
2023-12-06 20:36:00,0.0,0.0,635.0,22.6,28.0
2023-12-06 20:46:00,0.0,0.0,637.0,22.6,28.0
2023-12-06 20:56:00,0.0,0.0,630.0,22.6,28.0
2023-12-06 21:06:00,0.0,0.0,606.0,22.6,28.0
2023-12-06 21:16:00,0.0,0.0,627.0,22.5,28.0
2023-12-06 21:26:00,0.0,0.0,604.0,22.5,28.0
2023-12-06 21:36:00,0.0,0.0,593.0,22.6,28.0
2023-12-06 21:46:00,0.0,0.0,556.0,22.5,28.0
2023-12-06 21:56:00,0.0,0.0,567.0,22.6,28.0
2023-12-06 22:06:00,0.0,0.0,582.0,22.6,28.0
2023-12-06 22:16:00,0.0,0.0,581.0,22.6,28.0
2023-12-06 22:26:00,0.0,0.0,578.0,22.6,28.0
2023-12-06 22:36:00,0.0,0.0,570.0,22.5,28.0
2023-12-06 22:46:00,0.0,0.0,553.0,22.5,28.0
2023-12-06 22:56:00,0.0,0.0,566.0,22.5,28.0
2023-12-06 23:06:00,0.0,0.0,560.0,22.5,28.0
2023-12-06 23:16:00,0.0,0.0,566.0,22.5,28.0
2023-12-06 23:26:00,0.0,0.0,532.0,22.5,28.0
2023-12-06 23:36:00,0.0,0.0,540.0,22.5,28.0
2023-12-06 23:46:00,0.0,0.0,563.0,22.5,28.0
2023-12-06 23:56:00,0.0,0.0,550.0,22.5,28.0
2023-12-07 00:06:00,0.0,0.0,522.0,22.5,28.0
2023-12-07 00:16:00,0.0,0.0,545.0,22.5,28.0
2023-12-07 00:26:00,0.0,0.0,532.0,22.5,28.0
2023-12-07 00:36:00,0.0,0.0,519.0,22.5,28.0
2023-12-07 00:46:00,0.0,0.0,546.0,22.5,28.0
2023-12-07 00:56:00,0.0,0.0,532.0,22.5,28.0
2023-12-07 01:06:00,0.0,0.0,527.0,22.5,28.0
2023-12-07 01:16:00,0.0,0.0,517.0,22.5,28.0
2023-12-07 01:25:59,0.0,0.0,501.0,22.5,28.0
2023-12-07 01:36:00,0.0,0.0,516.0,22.5,28.0
2023-12-07 01:45:59,0.0,0.0,505.0,22.5,28.0
2023-12-07 01:55:59,0.0,0.0,506.0,22.5,28.0
2023-12-07 02:05:59,0.0,0.0,519.0,22.5,28.0
2023-12-07 02:15:59,0.0,0.0,519.0,22.4,28.0
2023-12-07 02:25:59,0.0,0.0,499.0,22.5,28.0
2023-12-07 02:35:59,0.0,0.0,500.0,22.5,28.0
2023-12-07 02:45:59,0.0,0.0,510.0,22.4,28.0
2023-12-07 02:55:59,0.0,0.0,516.0,22.4,28.0
2023-12-07 03:05:59,0.0,0.0,497.0,22.4,28.0
2023-12-07 03:15:59,2.0,50.0,474.0,22.4,28.0
2023-12-07 03:25:59,0.0,50.0,478.0,22.4,27.0
2023-12-07 03:35:59,0.0,0.0,458.0,22.5,27.0
2023-12-07 03:45:59,0.0,0.0,458.0,22.5,27.0
2023-12-07 03:55:59,0.0,0.0,438.0,22.5,27.0
2023-12-07 04:05:59,0.0,0.0,447.0,22.5,27.0
2023-12-07 04:15:59,2.0,50.0,476.0,22.5,27.0
2023-12-07 04:25:59,0.0,50.0,448.0,22.5,27.0
2023-12-07 04:35:59,0.0,0.0,434.0,22.5,27.0
2023-12-07 04:45:59,0.0,0.0,455.0,22.5,27.0
2023-12-07 04:55:59,0.0,0.0,460.0,22.5,27.0
2023-12-07 05:05:59,0.0,0.0,445.0,22.5,27.0
2023-12-07 05:15:59,0.0,0.0,443.0,22.5,27.0
2023-12-07 05:25:59,0.0,0.0,447.0,22.5,27.0
2023-12-07 05:35:59,0.0,0.0,435.0,22.5,27.0
2023-12-07 05:45:59,0.0,0.0,443.0,22.5,27.0
2023-12-07 05:55:59,0.0,0.0,443.0,22.4,27.0
2023-12-07 06:05:59,0.0,0.0,478.0,22.5,28.0
2023-12-07 06:15:59,0.0,0.0,520.0,22.4,28.0
2023-12-07 06:25:59,0.0,0.0,529.0,22.5,29.0
2023-12-07 06:35:59,0.0,0.0,531.0,22.5,29.0
2023-12-07 06:45:59,0.0,0.0,517.0,22.5,29.0
2023-12-07 06:55:59,1.0,47.0,530.0,22.5,29.0
2023-12-07 07:05:58,3.0,47.0,541.0,22.4,29.0
2023-12-07 07:15:58,2.0,50.0,534.0,22.5,31.0
2023-12-07 07:25:58,1.0,50.0,571.0,22.4,31.0
2023-12-07 07:35:58,1.0,50.0,473.0,22.5,29.0
2023-12-07 07:45:58,0.0,50.0,596.0,22.5,31.0
2023-12-07 07:55:58,1.0,50.0,501.0,22.5,29.0
2023-12-07 08:05:59,2.0,53.0,532.0,22.6,29.0
2023-12-07 08:15:58,2.0,53.0,542.0,22.6,29.0
2023-12-07 08:25:58,2.0,53.0,529.0,22.6,29.0
2023-12-07 08:35:58,1.0,53.0,544.0,22.6,29.0
2023-12-07 08:45:58,0.0,53.0,556.0,22.6,29.0
2023-12-07 08:55:58,3.0,53.0,581.0,22.7,29.0
2023-12-07 09:05:58,2.0,53.0,593.0,22.7,29.0
2023-12-07 09:15:58,2.0,53.0,614.0,22.6,29.0
2023-12-07 09:25:58,2.0,53.0,593.0,22.6,29.0
2023-12-07 09:35:58,3.0,53.0,606.0,22.5,29.0
2023-12-07 09:45:58,8.0,53.0,620.0,22.6,29.0
2023-12-07 09:55:58,2.0,53.0,602.0,22.6,29.0
2023-12-07 10:05:58,3.0,53.0,659.0,22.6,30.0
2023-12-07 10:15:58,1.0,53.0,727.0,22.6,30.0
2023-12-07 10:25:58,3.0,53.0,782.0,22.5,31.0
2023-12-07 10:35:58,0.0,53.0,705.0,22.6,30.0
2023-12-07 10:45:58,1.0,50.0,630.0,22.6,29.0
2023-12-07 10:55:58,0.0,53.0,730.0,22.6,30.0
2023-12-07 11:05:58,8.0,53.0,705.0,22.6,30.0
2023-12-07 11:15:58,2.0,53.0,651.0,22.6,29.0
2023-12-07 11:25:58,3.0,53.0,672.0,22.6,29.0
2023-12-07 11:35:58,2.0,53.0,701.0,22.7,29.0
2023-12-07 11:45:58,2.0,53.0,732.0,22.7,30.0
2023-12-07 11:55:58,1.0,53.0,673.0,22.7,29.0
2023-12-07 12:05:58,5.0,53.0,682.0,22.7,29.0
2023-12-07 12:15:58,6.0,53.0,681.0,22.7,29.0
2023-12-07 12:25:57,0.0,53.0,675.0,22.7,29.0
2023-12-07 12:35:57,0.0,53.0,648.0,22.7,29.0
2023-12-07 12:45:57,0.0,53.0,662.0,22.7,29.0
2023-12-07 12:55:57,5.0,50.0,704.0,22.7,29.0
2023-12-07 13:05:57,0.0,50.0,656.0,22.7,29.0
2023-12-07 13:15:57,0.0,50.0,1053.0,22.8,31.0
2023-12-07 13:25:57,4.0,50.0,671.0,22.7,29.0
2023-12-07 13:35:57,0.0,50.0,672.0,22.8,29.0
2023-12-07 13:45:57,2.0,50.0,661.0,22.7,29.0
2023-12-07 13:55:57,0.0,50.0,736.0,22.7,29.0
2023-12-07 14:05:57,0.0,50.0,760.0,22.7,30.0
2023-12-07 14:15:57,4.0,50.0,941.0,22.7,31.0
2023-12-07 14:25:57,2.0,50.0,799.0,22.7,31.0
2023-12-07 14:35:57,3.0,50.0,845.0,22.7,31.0
2023-12-07 14:45:57,4.0,50.0,815.0,22.7,31.0
2023-12-07 14:55:57,3.0,50.0,839.0,22.7,31.0
2023-12-07 15:05:57,3.0,50.0,842.0,22.7,31.0
2023-12-07 15:15:57,0.0,50.0,901.0,22.7,31.0
2023-12-07 15:25:57,3.0,50.0,773.0,22.7,31.0
2023-12-07 15:35:57,2.0,50.0,826.0,22.6,31.0
2023-12-07 15:45:57,1.0,50.0,887.0,22.7,31.0
2023-12-07 15:55:57,0.0,50.0,921.0,22.7,31.0
2023-12-07 16:05:57,1.0,50.0,883.0,22.6,31.0
2023-12-07 16:15:57,0.0,50.0,1029.0,22.6,32.0
2023-12-07 16:25:57,3.0,47.0,945.0,22.7,31.0
2023-12-07 16:35:57,0.0,47.0,948.0,22.7,31.0
2023-12-07 16:45:57,1.0,47.0,926.0,22.7,31.0
2023-12-07 16:55:57,0.0,47.0,973.0,22.7,32.0
2023-12-07 17:05:57,1.0,47.0,925.0,22.6,31.0
2023-12-07 17:15:57,1.0,47.0,955.0,22.7,31.0
2023-12-07 17:25:57,0.0,47.0,856.0,22.7,31.0
2023-12-07 17:35:57,0.0,0.0,903.0,22.7,31.0
2023-12-07 17:45:57,0.0,0.0,921.0,22.7,32.0
2023-12-07 17:55:56,1.0,3.0,803.0,22.6,31.0
2023-12-07 18:05:56,0.0,0.0,899.0,22.7,31.0
2023-12-07 18:15:56,1.0,0.0,895.0,22.7,31.0
2023-12-07 18:25:56,2.0,0.0,803.0,22.6,31.0
2023-12-07 18:35:56,1.0,0.0,859.0,22.6,31.0
2023-12-07 18:45:56,0.0,0.0,980.0,22.7,32.0
2023-12-07 18:55:56,0.0,0.0,999.0,22.6,32.0
2023-12-07 19:05:56,0.0,0.0,890.0,22.6,31.0
2023-12-07 19:15:56,0.0,0.0,688.0,22.6,30.0
2023-12-07 19:25:56,0.0,0.0,690.0,22.6,30.0
2023-12-07 19:35:56,0.0,0.0,668.0,22.6,29.0
2023-12-07 19:45:56,0.0,0.0,667.0,22.6,29.0
2023-12-07 19:55:56,0.0,0.0,658.0,22.6,29.0
2023-12-07 20:05:56,0.0,0.0,662.0,22.5,29.0
2023-12-07 20:15:56,0.0,0.0,663.0,22.6,29.0
2023-12-07 20:25:56,0.0,0.0,630.0,22.5,29.0
2023-12-07 20:35:56,0.0,50.0,619.0,22.6,29.0
2023-12-07 20:45:56,0.0,47.0,610.0,22.5,29.0
2023-12-07 20:55:56,0.0,0.0,673.0,22.5,29.0
2023-12-07 21:05:56,0.0,0.0,644.0,22.5,29.0
2023-12-07 21:15:56,0.0,0.0,600.0,22.6,29.0
2023-12-07 21:25:56,0.0,0.0,620.0,22.6,29.0
2023-12-07 21:35:56,0.0,0.0,593.0,22.5,29.0
2023-12-07 21:45:56,0.0,0.0,601.0,22.5,29.0
2023-12-07 21:55:56,0.0,0.0,566.0,22.6,29.0
2023-12-07 22:05:56,0.0,0.0,591.0,22.5,29.0
2023-12-07 22:15:56,0.0,0.0,585.0,22.5,29.0
2023-12-07 22:25:56,0.0,0.0,599.0,22.5,29.0
2023-12-07 22:35:56,0.0,0.0,574.0,22.6,29.0
2023-12-07 22:45:56,0.0,0.0,572.0,22.5,29.0
2023-12-07 22:55:56,0.0,0.0,602.0,22.6,29.0
2023-12-07 23:05:56,0.0,0.0,576.0,22.5,29.0
2023-12-07 23:15:55,0.0,0.0,545.0,22.5,29.0
2023-12-07 23:25:55,0.0,0.0,535.0,22.5,29.0
2023-12-07 23:35:56,0.0,0.0,529.0,22.5,29.0
2023-12-07 23:45:55,0.0,0.0,552.0,22.5,29.0
2023-12-07 23:55:55,0.0,0.0,534.0,22.5,29.0
2023-12-08 00:05:55,0.0,0.0,543.0,22.5,29.0
2023-12-08 00:15:55,1.0,47.0,520.0,22.5,29.0
2023-12-08 00:25:55,0.0,50.0,542.0,22.5,29.0
2023-12-08 00:35:55,0.0,0.0,544.0,22.5,29.0
2023-12-08 00:45:55,0.0,0.0,540.0,22.5,29.0
2023-12-08 00:55:55,0.0,0.0,538.0,22.5,29.0
2023-12-08 01:05:55,0.0,0.0,534.0,22.5,29.0
2023-12-08 01:15:55,0.0,0.0,533.0,22.5,29.0
2023-12-08 01:25:55,0.0,0.0,557.0,22.5,29.0
2023-12-08 01:35:55,0.0,0.0,525.0,22.5,29.0
2023-12-08 01:45:55,0.0,0.0,529.0,22.5,29.0
2023-12-08 01:55:55,0.0,0.0,502.0,22.5,29.0
2023-12-08 02:05:55,0.0,0.0,505.0,22.5,29.0
2023-12-08 02:15:55,0.0,0.0,516.0,22.5,29.0
2023-12-08 02:25:55,0.0,0.0,507.0,22.5,29.0
2023-12-08 02:35:55,0.0,0.0,504.0,22.5,29.0
2023-12-08 02:45:55,0.0,0.0,531.0,22.4,29.0
2023-12-08 02:55:55,0.0,0.0,519.0,22.5,29.0
2023-12-08 03:05:55,0.0,0.0,526.0,22.5,29.0
2023-12-08 03:15:55,0.0,0.0,492.0,22.5,29.0
2023-12-08 03:25:55,0.0,0.0,494.0,22.5,29.0
2023-12-08 03:35:55,1.0,43.0,509.0,22.4,29.0
2023-12-08 03:45:55,1.0,50.0,469.0,22.5,29.0
2023-12-08 03:55:55,0.0,0.0,515.0,22.5,29.0
2023-12-08 04:05:55,0.0,0.0,498.0,22.5,29.0
2023-12-08 04:15:55,0.0,0.0,472.0,22.5,29.0
2023-12-08 04:25:55,2.0,47.0,455.0,22.5,28.0
2023-12-08 04:35:55,0.0,50.0,465.0,22.5,28.0
2023-12-08 04:45:54,0.0,0.0,444.0,22.5,28.0
2023-12-08 04:55:54,0.0,0.0,474.0,22.5,29.0
2023-12-08 05:05:54,0.0,0.0,463.0,22.5,29.0
2023-12-08 05:15:54,0.0,0.0,461.0,22.5,29.0
2023-12-08 05:25:54,0.0,0.0,482.0,22.5,29.0
2023-12-08 05:35:54,0.0,0.0,497.0,22.5,29.0
2023-12-08 05:45:54,0.0,0.0,463.0,22.5,29.0
2023-12-08 05:55:54,0.0,0.0,483.0,22.4,29.0
2023-12-08 06:05:54,1.0,50.0,496.0,22.4,29.0
2023-12-08 06:15:54,1.0,50.0,537.0,22.5,30.0
2023-12-08 06:25:54,0.0,0.0,572.0,22.5,30.0
2023-12-08 06:35:54,0.0,0.0,578.0,22.5,30.0
2023-12-08 06:45:54,0.0,53.0,579.0,22.5,31.0
2023-12-08 06:55:54,0.0,53.0,561.0,22.5,31.0
2023-12-08 07:05:54,0.0,53.0,566.0,22.5,31.0
2023-12-08 07:15:54,0.0,50.0,584.0,22.5,31.0
2023-12-08 07:25:54,0.0,53.0,473.0,22.5,29.0
2023-12-08 07:35:54,2.0,53.0,525.0,22.6,29.0
2023-12-08 07:45:54,0.0,50.0,557.0,22.6,29.0
2023-12-08 07:55:54,0.0,50.0,548.0,22.6,29.0
2023-12-08 08:05:54,0.0,50.0,579.0,22.7,30.0
2023-12-08 08:15:54,1.0,50.0,588.0,22.6,30.0
2023-12-08 08:25:54,1.0,57.0,628.0,22.4,31.0
2023-12-08 08:35:54,3.0,57.0,610.0,22.4,31.0
2023-12-08 08:45:54,1.0,57.0,657.0,22.4,32.0
2023-12-08 08:55:54,2.0,53.0,676.0,22.5,32.0
2023-12-08 09:05:54,5.0,57.0,759.0,22.4,32.0
2023-12-08 09:15:54,1.0,53.0,753.0,22.5,32.0
2023-12-08 09:25:54,2.0,53.0,728.0,22.5,32.0
2023-12-08 09:35:54,2.0,53.0,752.0,22.5,32.0
2023-12-08 09:45:54,1.0,53.0,805.0,22.5,33.0
2023-12-08 09:55:54,7.0,53.0,784.0,22.5,32.0
2023-12-08 10:05:54,3.0,53.0,800.0,22.5,32.0
2023-12-08 10:15:53,2.0,53.0,820.0,22.4,32.0
2023-12-08 10:25:53,0.0,53.0,822.0,22.5,33.0
2023-12-08 10:35:53,1.0,53.0,858.0,22.5,33.0
2023-12-08 10:45:53,2.0,53.0,673.0,22.5,31.0
2023-12-08 10:55:53,1.0,50.0,657.0,22.5,30.0
2023-12-08 11:05:53,5.0,47.0,931.0,22.5,32.0
2023-12-08 11:15:53,5.0,47.0,961.0,22.5,33.0
2023-12-08 11:25:53,0.0,47.0,984.0,22.6,33.0
2023-12-08 11:35:53,2.0,47.0,885.0,22.5,33.0
2023-12-08 11:45:53,6.0,47.0,877.0,22.5,32.0
2023-12-08 11:55:53,0.0,47.0,844.0,22.5,32.0
2023-12-08 12:05:53,7.0,47.0,909.0,22.6,33.0
2023-12-08 12:15:53,2.0,50.0,651.0,22.6,29.0
2023-12-08 12:25:53,6.0,57.0,939.0,22.7,32.0
2023-12-08 12:35:53,2.0,57.0,725.0,22.7,30.0
2023-12-08 12:45:53,4.0,57.0,746.0,22.6,30.0
2023-12-08 12:55:53,3.0,57.0,760.0,22.6,30.0
2023-12-08 13:05:53,3.0,53.0,813.0,22.7,30.0
2023-12-08 13:15:53,4.0,50.0,806.0,22.7,30.0
2023-12-08 13:25:53,0.0,50.0,890.0,22.7,30.0
2023-12-08 13:35:53,5.0,50.0,978.0,22.8,31.0
2023-12-08 13:45:53,4.0,50.0,824.0,22.7,30.0
2023-12-08 13:55:53,4.0,50.0,822.0,22.8,30.0
2023-12-08 14:05:53,1.0,50.0,847.0,22.8,30.0
2023-12-08 14:15:53,6.0,50.0,936.0,22.7,30.0
2023-12-08 14:25:53,7.0,50.0,864.0,22.7,30.0
2023-12-08 14:35:53,5.0,53.0,799.0,22.7,30.0
2023-12-08 14:45:53,5.0,50.0,827.0,22.8,30.0
2023-12-08 14:55:53,7.0,50.0,941.0,22.8,31.0
2023-12-08 15:05:53,7.0,50.0,992.0,22.8,31.0
2023-12-08 15:15:53,7.0,50.0,854.0,22.7,30.0
2023-12-08 15:25:53,3.0,50.0,877.0,22.8,30.0
2023-12-08 15:35:53,2.0,53.0,839.0,22.8,30.0
2023-12-08 15:45:53,3.0,50.0,775.0,22.8,29.0
2023-12-08 15:55:52,1.0,50.0,803.0,22.8,29.0
2023-12-08 16:05:52,2.0,47.0,763.0,22.8,29.0
2023-12-08 16:15:52,3.0,50.0,917.0,22.8,30.0
2023-12-08 16:25:52,1.0,50.0,912.0,22.8,31.0
2023-12-08 16:35:52,0.0,50.0,921.0,22.7,31.0
2023-12-08 16:45:52,0.0,50.0,954.0,22.7,32.0
2023-12-08 16:55:52,0.0,50.0,926.0,22.7,32.0
2023-12-08 17:05:52,0.0,50.0,907.0,22.7,32.0
2023-12-08 17:15:52,0.0,50.0,920.0,22.7,32.0
2023-12-08 17:25:52,0.0,50.0,898.0,22.7,32.0
2023-12-08 17:35:52,0.0,0.0,896.0,22.7,32.0
2023-12-08 17:45:52,0.0,0.0,873.0,22.7,32.0
2023-12-08 17:55:52,0.0,0.0,880.0,22.7,32.0
2023-12-08 18:05:52,0.0,0.0,850.0,22.7,32.0
2023-12-08 18:15:52,0.0,0.0,826.0,22.6,32.0
2023-12-08 18:25:52,0.0,0.0,824.0,22.6,32.0
2023-12-08 18:35:52,0.0,0.0,821.0,22.7,32.0
2023-12-08 18:45:52,0.0,0.0,816.0,22.7,32.0
2023-12-08 18:55:52,0.0,0.0,789.0,22.6,32.0
2023-12-08 19:05:52,0.0,0.0,760.0,22.6,32.0
2023-12-08 19:15:52,0.0,0.0,649.0,22.7,31.0
2023-12-08 19:25:52,0.0,0.0,599.0,22.6,30.0
2023-12-08 19:35:52,0.0,0.0,617.0,22.6,30.0
2023-12-08 19:45:52,0.0,0.0,553.0,22.6,30.0
2023-12-08 19:55:52,0.0,0.0,567.0,22.6,30.0
2023-12-08 20:05:52,0.0,0.0,557.0,22.6,29.0
2023-12-08 20:15:52,0.0,0.0,582.0,22.6,30.0
2023-12-08 20:25:52,0.0,0.0,607.0,22.6,30.0
2023-12-08 20:35:52,0.0,0.0,572.0,22.6,29.0
2023-12-08 20:45:52,0.0,0.0,555.0,22.6,29.0
2023-12-08 20:55:52,0.0,0.0,556.0,22.6,29.0
2023-12-08 21:05:52,0.0,0.0,561.0,22.6,29.0
2023-12-08 21:15:52,0.0,0.0,537.0,22.6,29.0
2023-12-08 21:25:51,0.0,0.0,545.0,22.6,29.0
2023-12-08 21:35:51,0.0,0.0,541.0,22.6,29.0
2023-12-08 21:45:51,0.0,0.0,575.0,22.5,29.0
2023-12-08 21:55:51,0.0,0.0,541.0,22.5,29.0
2023-12-08 22:05:51,0.0,0.0,552.0,22.5,29.0
2023-12-08 22:15:51,0.0,0.0,528.0,22.6,29.0
2023-12-08 22:25:51,0.0,0.0,520.0,22.6,29.0
2023-12-08 22:35:51,0.0,0.0,531.0,22.5,29.0
2023-12-08 22:45:51,0.0,0.0,527.0,22.6,29.0
2023-12-08 22:55:51,0.0,0.0,530.0,22.5,29.0
2023-12-08 23:05:51,0.0,0.0,525.0,22.5,29.0
2023-12-08 23:15:51,0.0,0.0,525.0,22.5,29.0
2023-12-08 23:25:52,1.0,47.0,536.0,22.5,29.0
2023-12-08 23:35:51,0.0,50.0,530.0,22.5,29.0
2023-12-08 23:45:51,0.0,0.0,515.0,22.5,29.0
2023-12-08 23:55:51,0.0,0.0,523.0,22.6,29.0
2023-12-09 00:05:51,0.0,0.0,531.0,22.5,29.0
2023-12-09 00:15:51,0.0,0.0,540.0,22.5,29.0
2023-12-09 00:25:51,0.0,0.0,538.0,22.5,29.0
2023-12-09 00:35:51,0.0,0.0,525.0,22.5,29.0
2023-12-09 00:45:51,0.0,0.0,524.0,22.5,29.0
2023-12-09 00:55:51,0.0,0.0,529.0,22.6,29.0
2023-12-09 01:05:51,0.0,0.0,500.0,22.6,29.0
2023-12-09 01:15:51,0.0,0.0,510.0,22.5,29.0
2023-12-09 01:25:51,0.0,0.0,497.0,22.5,29.0
2023-12-09 01:35:51,0.0,0.0,511.0,22.5,29.0
2023-12-09 01:45:51,0.0,0.0,529.0,22.5,29.0
2023-12-09 01:55:51,0.0,0.0,493.0,22.5,29.0
2023-12-09 02:05:51,0.0,0.0,479.0,22.5,29.0
2023-12-09 02:15:51,0.0,0.0,493.0,22.5,29.0
2023-12-09 02:25:51,0.0,0.0,482.0,22.5,29.0
2023-12-09 02:35:50,0.0,0.0,503.0,22.5,29.0
2023-12-09 02:45:50,0.0,0.0,488.0,22.5,29.0
2023-12-09 02:55:51,0.0,0.0,500.0,22.5,29.0
2023-12-09 03:05:50,0.0,0.0,460.0,22.5,29.0
2023-12-09 03:15:50,0.0,0.0,490.0,22.5,29.0
2023-12-09 03:25:50,0.0,0.0,482.0,22.5,29.0
2023-12-09 03:35:50,0.0,0.0,471.0,22.5,29.0
2023-12-09 03:45:50,0.0,0.0,463.0,22.5,29.0
2023-12-09 03:55:50,0.0,0.0,467.0,22.5,29.0
2023-12-09 04:05:50,0.0,0.0,465.0,22.5,29.0
2023-12-09 04:15:50,0.0,0.0,474.0,22.5,29.0
2023-12-09 04:25:50,0.0,0.0,451.0,22.5,29.0
2023-12-09 04:35:50,0.0,0.0,486.0,22.5,29.0
2023-12-09 04:45:50,0.0,0.0,469.0,22.5,28.0
2023-12-09 04:55:50,0.0,0.0,483.0,22.5,29.0
2023-12-09 05:05:50,0.0,0.0,474.0,22.5,29.0
2023-12-09 05:15:50,0.0,0.0,465.0,22.5,29.0
2023-12-09 05:25:50,0.0,0.0,456.0,22.5,29.0
2023-12-09 05:35:50,0.0,0.0,472.0,22.5,29.0
2023-12-09 05:45:50,0.0,0.0,474.0,22.5,29.0
2023-12-09 05:55:50,0.0,0.0,460.0,22.5,29.0
2023-12-09 06:05:50,0.0,0.0,494.0,22.4,29.0
2023-12-09 06:15:50,0.0,0.0,526.0,22.5,30.0
2023-12-09 06:25:50,2.0,50.0,516.0,22.5,30.0
2023-12-09 06:35:50,0.0,50.0,538.0,22.5,30.0
2023-12-09 06:45:50,0.0,0.0,537.0,22.5,30.0
2023-12-09 06:55:50,0.0,0.0,534.0,22.5,31.0
2023-12-09 07:05:50,0.0,0.0,550.0,22.5,31.0
2023-12-09 07:15:50,0.0,0.0,547.0,22.5,31.0
2023-12-09 07:25:50,0.0,0.0,532.0,22.5,31.0
2023-12-09 07:35:50,0.0,0.0,531.0,22.5,31.0
2023-12-09 07:45:50,0.0,0.0,543.0,22.5,31.0
2023-12-09 07:55:50,0.0,0.0,546.0,22.5,31.0
2023-12-09 08:05:49,0.0,0.0,537.0,22.5,31.0
2023-12-09 08:15:49,0.0,0.0,543.0,22.5,31.0
2023-12-09 08:25:49,0.0,0.0,506.0,22.5,31.0
2023-12-09 08:35:49,0.0,0.0,520.0,22.6,31.0
2023-12-09 08:45:49,0.0,0.0,507.0,22.5,31.0
2023-12-09 08:55:49,0.0,0.0,522.0,22.5,31.0
2023-12-09 09:05:49,0.0,0.0,509.0,22.5,31.0
2023-12-09 09:15:49,0.0,0.0,505.0,22.5,31.0
2023-12-09 09:25:49,0.0,0.0,518.0,22.5,31.0
2023-12-09 09:35:49,0.0,3.0,504.0,22.5,31.0
2023-12-09 09:45:49,0.0,3.0,490.0,22.5,31.0
2023-12-09 09:55:49,1.0,3.0,486.0,22.5,31.0
2023-12-09 10:05:49,0.0,3.0,498.0,22.5,31.0
2023-12-09 10:15:49,0.0,3.0,499.0,22.5,31.0
2023-12-09 10:25:49,0.0,3.0,502.0,22.5,31.0
2023-12-09 10:35:49,0.0,3.0,502.0,22.5,31.0
2023-12-09 10:45:49,0.0,0.0,498.0,22.5,31.0
2023-12-09 10:55:49,0.0,0.0,487.0,22.5,31.0
2023-12-09 11:05:49,0.0,0.0,488.0,22.5,31.0
2023-12-09 11:15:49,0.0,0.0,469.0,22.5,31.0
2023-12-09 11:25:49,0.0,0.0,487.0,22.5,31.0
2023-12-09 11:35:49,0.0,0.0,476.0,22.5,31.0
2023-12-09 11:45:49,1.0,3.0,469.0,22.5,31.0
2023-12-09 11:55:49,0.0,3.0,494.0,22.5,31.0
2023-12-09 12:05:49,0.0,3.0,494.0,22.5,31.0
2023-12-09 12:15:49,0.0,3.0,476.0,22.5,31.0
2023-12-09 12:25:49,0.0,0.0,470.0,22.4,31.0
2023-12-09 12:35:49,0.0,0.0,479.0,22.5,31.0
2023-12-09 12:45:49,0.0,3.0,475.0,22.4,31.0
2023-12-09 12:55:49,0.0,0.0,491.0,22.5,31.0
2023-12-09 13:05:49,0.0,0.0,480.0,22.5,31.0
2023-12-09 13:15:49,0.0,0.0,482.0,22.5,31.0
2023-12-09 13:25:49,0.0,0.0,486.0,22.5,31.0
2023-12-09 13:35:48,0.0,0.0,478.0,22.4,31.0
2023-12-09 13:45:48,0.0,0.0,485.0,22.5,31.0
2023-12-09 13:55:48,0.0,0.0,469.0,22.5,31.0
2023-12-09 14:05:49,0.0,0.0,483.0,22.4,31.0
2023-12-09 14:15:48,0.0,0.0,466.0,22.5,31.0
2023-12-09 14:25:48,0.0,0.0,488.0,22.5,31.0
2023-12-09 14:35:48,0.0,0.0,490.0,22.5,31.0
2023-12-09 14:45:48,0.0,0.0,483.0,22.5,31.0
2023-12-09 14:55:48,0.0,0.0,500.0,22.4,31.0
2023-12-09 15:05:48,0.0,0.0,493.0,22.5,31.0
2023-12-09 15:15:48,0.0,0.0,501.0,22.4,31.0
2023-12-09 15:25:48,0.0,0.0,482.0,22.5,31.0
2023-12-09 15:35:48,0.0,0.0,463.0,22.5,31.0
2023-12-09 15:45:48,0.0,0.0,469.0,22.5,31.0
2023-12-09 15:55:48,0.0,0.0,470.0,22.4,31.0
2023-12-09 16:05:48,0.0,0.0,475.0,22.5,31.0
2023-12-09 16:15:48,0.0,0.0,473.0,22.4,31.0
2023-12-09 16:25:48,0.0,0.0,463.0,22.5,31.0
2023-12-09 16:35:48,0.0,0.0,456.0,22.4,31.0
2023-12-09 16:45:48,0.0,0.0,476.0,22.4,31.0
2023-12-09 16:55:48,0.0,0.0,476.0,22.4,31.0
2023-12-09 17:05:48,0.0,0.0,486.0,22.4,31.0
2023-12-09 17:15:48,0.0,0.0,479.0,22.4,31.0
2023-12-09 17:25:48,0.0,0.0,491.0,22.4,31.0
2023-12-09 17:35:48,0.0,0.0,489.0,22.4,31.0
2023-12-09 17:45:48,0.0,0.0,479.0,22.5,31.0
2023-12-09 17:55:48,0.0,0.0,511.0,22.4,31.0
2023-12-09 18:05:48,0.0,0.0,531.0,22.4,31.0
2023-12-09 18:15:48,0.0,0.0,512.0,22.4,31.0
2023-12-09 18:25:48,0.0,0.0,505.0,22.4,32.0
2023-12-09 18:35:48,0.0,0.0,507.0,22.5,32.0
2023-12-09 18:45:48,0.0,0.0,516.0,22.4,31.0
2023-12-09 18:55:48,0.0,0.0,508.0,22.4,31.0
2023-12-09 19:05:47,0.0,0.0,481.0,22.4,31.0
2023-12-09 19:15:47,0.0,0.0,454.0,22.4,31.0
2023-12-09 19:25:47,0.0,0.0,455.0,22.4,31.0
2023-12-09 19:35:47,0.0,0.0,438.0,22.4,31.0
2023-12-09 19:45:47,0.0,40.0,442.0,22.4,31.0
2023-12-09 19:55:47,0.0,50.0,428.0,22.4,30.0
2023-12-09 20:05:47,0.0,0.0,456.0,22.4,31.0
2023-12-09 20:15:47,0.0,0.0,430.0,22.4,31.0
2023-12-09 20:25:47,0.0,0.0,423.0,22.5,30.0
2023-12-09 20:35:47,0.0,0.0,434.0,22.4,30.0
2023-12-09 20:45:47,0.0,0.0,429.0,22.4,30.0
2023-12-09 20:55:47,0.0,0.0,447.0,22.4,30.0
2023-12-09 21:05:47,0.0,0.0,437.0,22.4,30.0
2023-12-09 21:15:47,0.0,0.0,432.0,22.4,30.0
2023-12-09 21:25:47,0.0,0.0,422.0,22.4,30.0
2023-12-09 21:35:47,0.0,0.0,431.0,22.4,30.0
2023-12-09 21:45:47,0.0,0.0,419.0,22.4,30.0
2023-12-09 21:55:47,0.0,0.0,441.0,22.4,30.0
2023-12-09 22:05:47,0.0,0.0,431.0,22.4,30.0
2023-12-09 22:15:47,1.0,50.0,443.0,22.4,30.0
2023-12-09 22:25:47,0.0,50.0,424.0,22.4,30.0
2023-12-09 22:35:47,0.0,0.0,431.0,22.4,30.0
2023-12-09 22:45:47,0.0,0.0,431.0,22.4,30.0
2023-12-09 22:55:47,0.0,0.0,446.0,22.4,30.0
2023-12-09 23:05:47,0.0,0.0,439.0,22.4,30.0
2023-12-09 23:15:47,0.0,0.0,433.0,22.4,30.0
2023-12-09 23:25:47,0.0,0.0,432.0,22.4,30.0
2023-12-09 23:35:47,0.0,0.0,417.0,22.4,30.0
2023-12-09 23:45:47,0.0,0.0,422.0,22.4,30.0
2023-12-09 23:55:47,0.0,0.0,421.0,22.4,30.0
2023-12-10 00:05:47,0.0,0.0,424.0,22.4,30.0
2023-12-10 00:15:47,0.0,0.0,418.0,22.4,30.0
2023-12-10 00:25:46,0.0,0.0,425.0,22.4,30.0
2023-12-10 00:35:47,0.0,0.0,415.0,22.4,30.0
2023-12-10 00:45:46,0.0,0.0,419.0,22.4,30.0
2023-12-10 00:55:46,0.0,0.0,414.0,22.3,30.0
2023-12-10 01:05:46,0.0,0.0,428.0,22.3,30.0
2023-12-10 01:15:46,0.0,0.0,414.0,22.4,30.0
2023-12-10 01:25:46,0.0,0.0,420.0,22.4,30.0
2023-12-10 01:35:46,0.0,0.0,422.0,22.4,30.0
2023-12-10 01:45:46,0.0,0.0,413.0,22.4,30.0
2023-12-10 01:55:46,0.0,0.0,421.0,22.4,30.0
2023-12-10 02:05:46,0.0,0.0,422.0,22.4,30.0
2023-12-10 02:15:46,0.0,0.0,427.0,22.4,30.0
2023-12-10 02:25:46,0.0,0.0,434.0,22.4,30.0
2023-12-10 02:35:46,0.0,0.0,416.0,22.4,30.0
2023-12-10 02:45:46,0.0,0.0,429.0,22.4,30.0
2023-12-10 02:55:46,0.0,0.0,419.0,22.3,30.0
2023-12-10 03:05:46,0.0,0.0,402.0,22.4,30.0
2023-12-10 03:15:46,0.0,0.0,427.0,22.3,30.0
2023-12-10 03:25:46,0.0,0.0,421.0,22.3,30.0
2023-12-10 03:35:46,0.0,0.0,427.0,22.4,30.0
2023-12-10 03:45:46,0.0,0.0,420.0,22.4,30.0
2023-12-10 03:55:46,0.0,0.0,407.0,22.3,30.0
2023-12-10 04:05:46,0.0,0.0,406.0,22.3,30.0
2023-12-10 04:15:46,0.0,0.0,413.0,22.3,30.0
2023-12-10 04:25:46,0.0,0.0,416.0,22.4,30.0
2023-12-10 04:35:46,0.0,0.0,410.0,22.3,30.0
2023-12-10 04:45:46,0.0,0.0,399.0,22.3,30.0
2023-12-10 04:55:46,0.0,0.0,403.0,22.3,30.0
2023-12-10 05:05:46,0.0,0.0,410.0,22.3,30.0
2023-12-10 05:15:46,0.0,0.0,411.0,22.3,30.0
2023-12-10 05:25:46,0.0,0.0,403.0,22.3,30.0
2023-12-10 05:35:46,0.0,0.0,416.0,22.3,30.0
2023-12-10 05:45:46,0.0,0.0,417.0,22.3,30.0
2023-12-10 05:55:45,0.0,0.0,409.0,22.4,30.0
2023-12-10 06:05:45,2.0,50.0,406.0,22.3,30.0
2023-12-10 06:15:45,0.0,50.0,458.0,22.4,31.0
2023-12-10 06:25:45,0.0,0.0,462.0,22.4,31.0
2023-12-10 06:35:45,0.0,0.0,472.0,22.3,32.0
2023-12-10 06:45:45,0.0,0.0,467.0,22.3,32.0
2023-12-10 06:55:45,0.0,0.0,469.0,22.4,32.0
2023-12-10 07:05:45,0.0,0.0,464.0,22.3,32.0
2023-12-10 07:15:45,0.0,0.0,454.0,22.4,32.0
2023-12-10 07:25:45,0.0,0.0,463.0,22.4,32.0
2023-12-10 07:35:45,0.0,0.0,454.0,22.4,32.0
2023-12-10 07:45:45,0.0,0.0,452.0,22.4,32.0
2023-12-10 07:55:45,0.0,0.0,447.0,22.4,32.0
2023-12-10 08:05:45,0.0,0.0,433.0,22.4,32.0
2023-12-10 08:15:45,0.0,0.0,455.0,22.3,32.0
2023-12-10 08:25:45,0.0,0.0,450.0,22.3,32.0
2023-12-10 08:35:45,0.0,0.0,477.0,22.4,32.0
2023-12-10 08:45:45,0.0,0.0,442.0,22.4,32.0
2023-12-10 08:55:45,0.0,0.0,447.0,22.4,32.0
2023-12-10 09:05:45,0.0,3.0,437.0,22.4,32.0
2023-12-10 09:15:45,0.0,0.0,436.0,22.4,32.0
2023-12-10 09:25:45,0.0,3.0,442.0,22.4,32.0
2023-12-10 09:35:45,0.0,3.0,432.0,22.4,32.0
2023-12-10 09:45:45,0.0,0.0,445.0,22.3,32.0
2023-12-10 09:55:45,0.0,0.0,442.0,22.4,32.0
2023-12-10 10:05:45,0.0,0.0,424.0,22.4,32.0
2023-12-10 10:15:45,0.0,3.0,439.0,22.3,32.0
2023-12-10 10:25:45,0.0,3.0,423.0,22.3,32.0
2023-12-10 10:35:45,0.0,3.0,432.0,22.4,32.0
2023-12-10 10:45:45,0.0,3.0,431.0,22.3,32.0
2023-12-10 10:55:45,0.0,3.0,421.0,22.4,32.0
2023-12-10 11:05:45,0.0,3.0,431.0,22.4,32.0
2023-12-10 11:15:45,0.0,3.0,425.0,22.4,32.0
2023-12-10 11:25:44,0.0,0.0,433.0,22.3,32.0
2023-12-10 11:35:44,0.0,3.0,425.0,22.4,32.0
2023-12-10 11:45:44,0.0,3.0,439.0,22.4,32.0
2023-12-10 11:55:44,0.0,0.0,438.0,22.3,32.0
2023-12-10 12:05:44,0.0,0.0,432.0,22.4,32.0
2023-12-10 12:15:44,0.0,3.0,436.0,22.4,32.0
2023-12-10 12:25:44,0.0,0.0,423.0,22.3,32.0
2023-12-10 12:35:44,1.0,0.0,434.0,22.3,32.0
2023-12-10 12:45:44,0.0,0.0,427.0,22.3,32.0
2023-12-10 12:55:44,0.0,0.0,417.0,22.3,32.0
2023-12-10 13:05:44,0.0,0.0,417.0,22.3,32.0
2023-12-10 13:15:44,0.0,3.0,429.0,22.3,32.0
2023-12-10 13:25:45,0.0,0.0,426.0,22.3,32.0
2023-12-10 13:35:44,0.0,0.0,418.0,22.3,32.0
2023-12-10 13:45:44,3.0,50.0,403.0,22.4,32.0
2023-12-10 13:55:44,0.0,50.0,443.0,22.4,32.0
2023-12-10 14:05:44,0.0,50.0,450.0,22.4,32.0
2023-12-10 14:15:44,0.0,50.0,445.0,22.4,32.0
2023-12-10 14:25:44,0.0,3.0,449.0,22.4,32.0
2023-12-10 14:35:44,0.0,0.0,436.0,22.4,32.0
2023-12-10 14:45:44,0.0,3.0,442.0,22.4,32.0
2023-12-10 14:55:44,0.0,0.0,479.0,22.4,32.0
2023-12-10 15:05:44,0.0,0.0,496.0,22.3,33.0
2023-12-10 15:15:44,2.0,0.0,466.0,22.4,32.0
2023-12-10 15:25:44,0.0,0.0,477.0,22.4,32.0
2023-12-10 15:35:44,0.0,3.0,476.0,22.4,32.0
2023-12-10 15:45:44,0.0,0.0,486.0,22.4,32.0
2023-12-10 15:55:44,0.0,0.0,499.0,22.3,32.0
2023-12-10 16:05:44,0.0,0.0,492.0,22.3,32.0
2023-12-10 16:15:44,0.0,3.0,494.0,22.4,32.0
2023-12-10 16:25:44,0.0,0.0,482.0,22.3,32.0
2023-12-10 16:35:44,0.0,0.0,473.0,22.3,32.0
2023-12-10 16:45:44,0.0,50.0,486.0,22.3,32.0
2023-12-10 16:55:43,0.0,50.0,509.0,22.3,32.0
2023-12-10 17:05:44,0.0,0.0,507.0,22.4,32.0
2023-12-10 17:15:43,0.0,0.0,506.0,22.4,32.0
2023-12-10 17:25:43,0.0,0.0,513.0,22.4,32.0
2023-12-10 17:35:43,0.0,3.0,491.0,22.4,32.0
2023-12-10 17:45:43,1.0,53.0,492.0,22.4,32.0
2023-12-10 17:55:43,0.0,53.0,503.0,22.4,32.0
2023-12-10 18:05:43,0.0,0.0,514.0,22.4,32.0
2023-12-10 18:15:43,0.0,0.0,512.0,22.4,32.0
2023-12-10 18:25:43,0.0,0.0,518.0,22.4,32.0
2023-12-10 18:35:43,0.0,0.0,491.0,22.4,32.0
2023-12-10 18:45:43,0.0,0.0,474.0,22.4,32.0
2023-12-10 18:55:43,0.0,0.0,484.0,22.3,32.0
2023-12-10 19:05:43,0.0,0.0,464.0,22.4,32.0
2023-12-10 19:15:43,0.0,3.0,433.0,22.4,31.0
2023-12-10 19:25:43,0.0,0.0,432.0,22.3,31.0
2023-12-10 19:35:43,1.0,0.0,418.0,22.3,31.0
2023-12-10 19:45:43,0.0,0.0,422.0,22.3,31.0
2023-12-10 19:55:43,0.0,0.0,406.0,22.3,30.0
2023-12-10 20:05:43,0.0,0.0,415.0,22.4,30.0
2023-12-10 20:15:43,0.0,0.0,419.0,22.3,30.0
2023-12-10 20:25:43,0.0,0.0,410.0,22.3,30.0
2023-12-10 20:35:43,0.0,0.0,413.0,22.3,30.0
2023-12-10 20:45:43,0.0,0.0,413.0,22.3,30.0
2023-12-10 20:55:43,0.0,0.0,423.0,22.4,30.0
2023-12-10 21:05:43,0.0,0.0,413.0,22.3,30.0
2023-12-10 21:15:43,0.0,0.0,398.0,22.3,30.0
2023-12-10 21:25:43,0.0,0.0,427.0,22.3,30.0
2023-12-10 21:35:43,0.0,0.0,401.0,22.3,30.0
2023-12-10 21:45:43,0.0,0.0,413.0,22.3,30.0
2023-12-10 21:55:43,0.0,0.0,404.0,22.4,30.0
2023-12-10 22:05:43,0.0,0.0,410.0,22.3,30.0
2023-12-10 22:15:42,0.0,0.0,423.0,22.3,30.0
2023-12-10 22:25:42,0.0,0.0,415.0,22.3,30.0
2023-12-10 22:35:42,0.0,0.0,408.0,22.3,30.0
2023-12-10 22:45:42,0.0,0.0,407.0,22.3,30.0
2023-12-10 22:55:42,0.0,0.0,414.0,22.3,30.0
2023-12-10 23:05:43,0.0,0.0,409.0,22.3,30.0
2023-12-10 23:15:42,0.0,0.0,409.0,22.3,30.0
2023-12-10 23:25:42,0.0,0.0,402.0,22.3,30.0
2023-12-10 23:35:42,0.0,0.0,418.0,22.3,30.0
2023-12-10 23:45:42,0.0,0.0,404.0,22.3,30.0
2023-12-10 23:55:42,0.0,0.0,411.0,22.3,30.0
2023-12-11 00:05:42,0.0,0.0,413.0,22.3,30.0
2023-12-11 00:15:42,0.0,0.0,401.0,22.3,30.0
2023-12-11 00:25:42,0.0,0.0,403.0,22.3,30.0
2023-12-11 00:35:42,0.0,0.0,400.0,22.3,30.0
2023-12-11 00:45:42,0.0,0.0,416.0,22.3,30.0
2023-12-11 00:55:42,0.0,0.0,401.0,22.3,30.0
2023-12-11 01:05:42,0.0,0.0,389.0,22.3,30.0
2023-12-11 01:15:42,0.0,0.0,404.0,22.3,30.0
2023-12-11 01:25:42,0.0,0.0,402.0,22.3,30.0
2023-12-11 01:35:42,0.0,0.0,387.0,22.3,30.0
2023-12-11 01:45:42,0.0,0.0,399.0,22.3,30.0
2023-12-11 01:55:42,0.0,0.0,400.0,22.3,30.0
2023-12-11 02:05:42,0.0,0.0,404.0,22.3,30.0
2023-12-11 02:15:42,0.0,0.0,389.0,22.3,30.0
2023-12-11 02:25:42,0.0,0.0,408.0,22.3,30.0
2023-12-11 02:35:42,0.0,0.0,406.0,22.2,30.0
2023-12-11 02:45:42,0.0,0.0,402.0,22.2,30.0
2023-12-11 02:55:42,0.0,0.0,396.0,22.3,31.0
2023-12-11 03:05:42,0.0,0.0,418.0,22.3,31.0
2023-12-11 03:15:42,0.0,0.0,392.0,22.3,31.0
2023-12-11 03:25:42,0.0,0.0,406.0,22.3,31.0
2023-12-11 03:35:42,0.0,0.0,401.0,22.2,31.0
2023-12-11 03:45:42,0.0,0.0,398.0,22.3,31.0
2023-12-11 03:55:42,0.0,0.0,383.0,22.3,31.0
2023-12-11 04:05:41,0.0,0.0,418.0,22.3,31.0
2023-12-11 04:15:41,0.0,0.0,389.0,22.3,31.0
2023-12-11 04:25:42,0.0,0.0,392.0,22.2,31.0
2023-12-11 04:35:41,0.0,0.0,377.0,22.3,31.0
2023-12-11 04:45:41,0.0,0.0,411.0,22.2,31.0
2023-12-11 04:55:41,0.0,0.0,387.0,22.3,31.0
2023-12-11 05:05:41,0.0,0.0,394.0,22.2,31.0
2023-12-11 05:15:41,0.0,0.0,398.0,22.3,31.0
2023-12-11 05:25:41,0.0,0.0,383.0,22.3,31.0
2023-12-11 05:35:41,1.0,37.0,401.0,22.2,31.0
2023-12-11 05:45:41,1.0,53.0,403.0,22.2,31.0
2023-12-11 05:55:41,0.0,0.0,392.0,22.3,31.0
2023-12-11 06:05:41,0.0,0.0,396.0,22.3,31.0
2023-12-11 06:15:41,0.0,0.0,418.0,22.3,32.0
2023-12-11 06:25:41,1.0,50.0,430.0,22.3,32.0
2023-12-11 06:35:41,0.0,50.0,451.0,22.2,33.0
2023-12-11 06:45:41,1.0,50.0,432.0,22.2,32.0
2023-12-11 06:55:41,1.0,50.0,444.0,22.3,32.0
2023-12-11 07:05:41,1.0,50.0,418.0,22.3,32.0
2023-12-11 07:15:41,4.0,50.0,462.0,22.3,33.0
2023-12-11 07:25:41,1.0,50.0,424.0,22.4,32.0
2023-12-11 07:35:41,1.0,50.0,424.0,22.4,32.0
2023-12-11 07:45:41,2.0,50.0,446.0,22.4,32.0
2023-12-11 07:55:41,1.0,50.0,454.0,22.4,32.0
2023-12-11 08:05:41,1.0,50.0,472.0,22.3,32.0
2023-12-11 08:15:41,4.0,53.0,538.0,22.3,33.0
2023-12-11 08:25:41,3.0,50.0,503.0,22.2,33.0
2023-12-11 08:35:41,1.0,53.0,438.0,22.3,33.0
2023-12-11 08:45:41,1.0,53.0,546.0,22.3,34.0
2023-12-11 08:55:41,0.0,57.0,584.0,22.4,34.0
2023-12-11 09:05:41,2.0,53.0,602.0,22.3,35.0
2023-12-11 09:15:41,2.0,53.0,637.0,22.3,35.0
2023-12-11 09:25:40,2.0,53.0,584.0,22.3,34.0
2023-12-11 09:35:40,2.0,53.0,588.0,22.3,34.0
2023-12-11 09:45:41,1.0,53.0,576.0,22.3,33.0
2023-12-11 09:55:40,2.0,53.0,562.0,22.4,33.0
2023-12-11 10:05:40,4.0,53.0,595.0,22.4,33.0
2023-12-11 10:15:40,2.0,53.0,588.0,22.4,33.0
2023-12-11 10:25:40,2.0,53.0,611.0,22.5,33.0
2023-12-11 10:35:40,5.0,57.0,658.0,22.5,34.0
2023-12-11 10:45:40,1.0,53.0,605.0,22.5,33.0
2023-12-11 10:55:40,2.0,53.0,636.0,22.5,33.0
2023-12-11 11:05:40,4.0,53.0,673.0,22.4,34.0
2023-12-11 11:15:40,1.0,53.0,693.0,22.4,34.0
2023-12-11 11:25:40,0.0,53.0,673.0,22.4,34.0
2023-12-11 11:35:40,3.0,53.0,646.0,22.4,34.0
2023-12-11 11:45:40,5.0,53.0,638.0,22.5,33.0
2023-12-11 11:55:40,2.0,50.0,589.0,22.5,33.0
2023-12-11 12:05:40,6.0,50.0,708.0,22.5,33.0
2023-12-11 12:15:40,2.0,50.0,721.0,22.5,34.0
2023-12-11 12:25:40,2.0,50.0,677.0,22.5,33.0
2023-12-11 12:35:40,2.0,53.0,898.0,22.4,34.0
2023-12-11 12:45:40,1.0,57.0,706.0,22.4,33.0
2023-12-11 12:55:40,1.0,53.0,847.0,22.4,34.0
2023-12-11 13:05:40,6.0,53.0,900.0,22.5,35.0
2023-12-11 13:15:40,0.0,53.0,802.0,22.5,34.0
2023-12-11 13:25:40,0.0,53.0,837.0,22.6,34.0
2023-12-11 13:35:40,0.0,53.0,853.0,22.5,34.0
2023-12-11 13:45:40,0.0,53.0,838.0,22.5,34.0
2023-12-11 13:55:40,2.0,53.0,892.0,22.5,34.0
2023-12-11 14:05:40,2.0,53.0,917.0,22.6,34.0
2023-12-11 14:15:40,1.0,53.0,957.0,22.5,35.0
2023-12-11 14:25:40,5.0,53.0,857.0,22.5,34.0
2023-12-11 14:35:40,5.0,53.0,875.0,22.5,35.0
2023-12-11 14:45:40,2.0,53.0,853.0,22.5,34.0
2023-12-11 14:55:39,2.0,50.0,916.0,22.5,35.0
2023-12-11 15:05:40,2.0,53.0,951.0,22.5,35.0
2023-12-11 15:15:39,3.0,50.0,930.0,22.5,35.0
2023-12-11 15:25:39,2.0,50.0,802.0,22.5,34.0
2023-12-11 15:35:39,1.0,50.0,803.0,22.5,34.0
2023-12-11 15:45:39,1.0,50.0,719.0,22.6,33.0
2023-12-11 15:55:39,3.0,50.0,1150.0,22.6,34.0
2023-12-11 16:05:39,0.0,47.0,915.0,22.6,34.0
2023-12-11 16:15:39,3.0,47.0,752.0,22.6,33.0
2023-12-11 16:25:39,4.0,47.0,847.0,22.6,33.0
2023-12-11 16:35:39,1.0,50.0,789.0,22.6,33.0
2023-12-11 16:45:39,2.0,50.0,838.0,22.6,33.0
2023-12-11 16:55:39,0.0,50.0,906.0,22.6,33.0
2023-12-11 17:05:39,1.0,47.0,864.0,22.6,33.0
2023-12-11 17:15:39,0.0,47.0,890.0,22.6,34.0
2023-12-11 17:25:39,1.0,47.0,811.0,22.5,33.0
2023-12-11 17:35:39,0.0,3.0,882.0,22.6,34.0
2023-12-11 17:45:39,0.0,3.0,900.0,22.6,34.0
2023-12-11 17:55:39,5.0,50.0,1356.0,22.6,36.0
2023-12-11 18:05:39,0.0,50.0,1130.0,22.6,35.0
2023-12-11 18:15:39,2.0,3.0,923.0,22.6,34.0
2023-12-11 18:25:39,0.0,3.0,905.0,22.6,34.0
2023-12-11 18:35:39,1.0,53.0,807.0,22.6,34.0
2023-12-11 18:45:39,0.0,53.0,860.0,22.6,34.0
2023-12-11 18:55:39,1.0,47.0,847.0,22.6,33.0
2023-12-11 19:05:39,0.0,47.0,732.0,22.5,33.0
2023-12-11 19:15:39,1.0,0.0,719.0,22.5,32.0
2023-12-11 19:25:39,0.0,0.0,624.0,22.5,31.0
2023-12-11 19:35:39,1.0,47.0,657.0,22.5,31.0
2023-12-11 19:45:39,1.0,47.0,592.0,22.5,31.0
2023-12-11 19:55:39,1.0,0.0,581.0,22.5,31.0
2023-12-11 20:05:39,0.0,0.0,565.0,22.5,31.0
2023-12-11 20:15:38,0.0,0.0,545.0,22.5,31.0
2023-12-11 20:25:39,0.0,0.0,560.0,22.5,30.0
2023-12-11 20:35:38,1.0,47.0,609.0,22.5,31.0
2023-12-11 20:45:38,0.0,47.0,559.0,22.5,30.0
2023-12-11 20:55:38,0.0,0.0,545.0,22.5,30.0
2023-12-11 21:05:38,0.0,6.0,569.0,22.5,30.0
2023-12-11 21:15:38,0.0,0.0,607.0,22.5,31.0
2023-12-11 21:25:38,0.0,0.0,547.0,22.5,31.0
2023-12-11 21:35:38,0.0,0.0,546.0,22.5,30.0
2023-12-11 21:45:38,0.0,0.0,543.0,22.5,30.0
2023-12-11 21:55:38,1.0,47.0,580.0,22.5,30.0
2023-12-11 22:05:38,1.0,47.0,707.0,22.5,31.0
2023-12-11 22:15:38,0.0,0.0,580.0,22.5,31.0
2023-12-11 22:25:38,0.0,0.0,570.0,22.5,30.0
2023-12-11 22:35:38,0.0,0.0,552.0,22.5,30.0
2023-12-11 22:45:38,0.0,0.0,564.0,22.5,30.0
2023-12-11 22:55:38,0.0,0.0,539.0,22.5,30.0
2023-12-11 23:05:38,0.0,0.0,544.0,22.5,30.0
2023-12-11 23:15:38,0.0,0.0,528.0,22.5,30.0
2023-12-11 23:25:38,0.0,0.0,529.0,22.5,30.0
2023-12-11 23:35:38,0.0,0.0,543.0,22.5,30.0
2023-12-11 23:45:38,0.0,0.0,533.0,22.5,30.0
2023-12-11 23:55:38,0.0,0.0,532.0,22.5,30.0
2023-12-12 00:05:38,0.0,0.0,531.0,22.5,30.0
2023-12-12 00:15:38,0.0,0.0,532.0,22.5,30.0
2023-12-12 00:25:38,0.0,0.0,497.0,22.5,30.0
2023-12-12 00:35:38,1.0,0.0,522.0,22.5,30.0
2023-12-12 00:45:38,0.0,0.0,525.0,22.5,30.0
2023-12-12 00:55:38,0.0,0.0,511.0,22.5,30.0
2023-12-12 01:05:38,0.0,0.0,509.0,22.4,30.0
2023-12-12 01:15:38,0.0,0.0,515.0,22.4,30.0
2023-12-12 01:25:38,0.0,0.0,490.0,22.4,30.0
2023-12-12 01:35:38,0.0,0.0,499.0,22.5,30.0
2023-12-12 01:45:38,0.0,0.0,497.0,22.5,30.0
2023-12-12 01:55:37,0.0,0.0,508.0,22.5,30.0
2023-12-12 02:05:37,0.0,0.0,518.0,22.4,30.0
2023-12-12 02:15:37,0.0,0.0,481.0,22.4,30.0
2023-12-12 02:25:37,0.0,0.0,487.0,22.5,30.0
2023-12-12 02:35:37,0.0,0.0,494.0,22.5,30.0
2023-12-12 02:45:37,0.0,0.0,495.0,22.5,30.0
2023-12-12 02:55:37,2.0,43.0,498.0,22.5,30.0
2023-12-12 03:05:37,0.0,47.0,495.0,22.4,30.0
2023-12-12 03:15:37,0.0,0.0,483.0,22.5,29.0
2023-12-12 03:25:37,0.0,0.0,472.0,22.5,30.0
2023-12-12 03:35:37,0.0,0.0,481.0,22.4,29.0
2023-12-12 03:45:37,0.0,0.0,478.0,22.5,29.0
2023-12-12 03:55:37,0.0,0.0,490.0,22.4,29.0
2023-12-12 04:05:37,2.0,47.0,482.0,22.5,29.0
2023-12-12 04:15:37,0.0,47.0,451.0,22.5,29.0
2023-12-12 04:25:37,0.0,0.0,455.0,22.5,29.0
2023-12-12 04:35:37,0.0,0.0,461.0,22.6,30.0
2023-12-12 04:45:37,0.0,0.0,488.0,22.4,30.0
2023-12-12 04:55:37,0.0,0.0,506.0,22.5,30.0
2023-12-12 05:05:37,0.0,0.0,486.0,22.5,30.0
2023-12-12 05:15:37,0.0,0.0,486.0,22.5,30.0
2023-12-12 05:25:37,0.0,0.0,466.0,22.5,29.0
2023-12-12 05:35:37,0.0,0.0,477.0,22.4,30.0
2023-12-12 05:45:37,0.0,0.0,470.0,22.5,29.0
2023-12-12 05:55:37,0.0,0.0,463.0,22.4,29.0
2023-12-12 06:05:37,0.0,0.0,498.0,22.5,30.0
2023-12-12 06:15:37,0.0,0.0,549.0,22.5,30.0
2023-12-12 06:25:37,2.0,53.0,586.0,22.5,31.0
2023-12-12 06:35:37,1.0,50.0,568.0,22.4,30.0
2023-12-12 06:45:37,1.0,0.0,622.0,22.4,30.0
2023-12-12 06:55:37,3.0,50.0,606.0,22.4,30.0
2023-12-12 07:05:37,0.0,50.0,676.0,22.4,31.0
2023-12-12 07:15:36,0.0,50.0,659.0,22.5,31.0
2023-12-12 07:25:36,1.0,47.0,620.0,22.5,31.0
2023-12-12 07:35:36,2.0,50.0,609.0,22.5,31.0
2023-12-12 07:45:36,3.0,50.0,562.0,22.5,30.0
2023-12-12 07:55:36,1.0,53.0,614.0,22.5,31.0
2023-12-12 08:05:36,2.0,50.0,621.0,22.5,31.0
2023-12-12 08:15:36,3.0,50.0,808.0,22.5,32.0
2023-12-12 08:25:36,1.0,50.0,667.0,22.5,31.0
2023-12-12 08:35:36,3.0,53.0,719.0,22.5,32.0
2023-12-12 08:45:36,1.0,50.0,723.0,22.5,33.0
2023-12-12 08:55:36,6.0,50.0,707.0,22.4,33.0
2023-12-12 09:05:36,5.0,53.0,741.0,22.5,32.0
2023-12-12 09:15:36,2.0,53.0,786.0,22.4,32.0
2023-12-12 09:25:36,6.0,53.0,800.0,22.4,32.0
2023-12-12 09:35:36,2.0,53.0,824.0,22.4,33.0
2023-12-12 09:45:36,2.0,53.0,894.0,22.4,33.0
2023-12-12 09:55:36,1.0,53.0,1053.0,22.5,34.0
2023-12-12 10:05:36,5.0,53.0,921.0,22.5,33.0
2023-12-12 10:15:36,2.0,53.0,918.0,22.5,33.0
2023-12-12 10:25:36,6.0,57.0,860.0,22.5,33.0
2023-12-12 10:35:36,3.0,60.0,1106.0,22.5,34.0
2023-12-12 10:45:36,2.0,60.0,903.0,22.5,33.0
2023-12-12 10:55:36,3.0,53.0,1031.0,22.5,33.0
2023-12-12 11:05:36,0.0,53.0,1030.0,22.5,33.0
2023-12-12 11:15:36,3.0,53.0,1084.0,22.5,33.0
2023-12-12 11:25:36,2.0,53.0,1189.0,22.5,34.0
2023-12-12 11:35:36,4.0,50.0,991.0,22.5,33.0
2023-12-12 11:45:36,3.0,50.0,1182.0,22.5,34.0
2023-12-12 11:55:36,4.0,50.0,999.0,22.5,33.0
2023-12-12 12:05:36,6.0,53.0,1030.0,22.5,33.0
2023-12-12 12:15:36,3.0,53.0,909.0,22.5,32.0
2023-12-12 12:25:36,8.0,53.0,948.0,22.5,32.0
2023-12-12 12:35:36,0.0,53.0,840.0,22.5,31.0
2023-12-12 12:45:35,2.0,53.0,817.0,22.5,31.0
2023-12-12 12:55:35,5.0,53.0,870.0,22.5,31.0
2023-12-12 13:05:35,4.0,53.0,875.0,22.5,31.0
2023-12-12 13:15:35,2.0,53.0,883.0,22.5,31.0
2023-12-12 13:25:35,1.0,53.0,952.0,22.5,32.0
2023-12-12 13:35:35,3.0,53.0,984.0,22.5,32.0
2023-12-12 13:45:35,2.0,53.0,916.0,22.5,32.0
2023-12-12 13:55:35,2.0,50.0,996.0,22.5,32.0
2023-12-12 14:05:35,1.0,53.0,1320.0,22.5,33.0
2023-12-12 14:15:35,3.0,50.0,1150.0,22.6,33.0
2023-12-12 14:25:35,4.0,53.0,1090.0,22.6,33.0
2023-12-12 14:35:35,2.0,50.0,1008.0,22.6,32.0
2023-12-12 14:45:35,4.0,50.0,1033.0,22.6,32.0
2023-12-12 14:55:35,3.0,50.0,1015.0,22.6,32.0
2023-12-12 15:05:35,1.0,50.0,1064.0,22.6,32.0
2023-12-12 15:15:35,4.0,50.0,1098.0,22.6,32.0
2023-12-12 15:25:35,6.0,50.0,1035.0,22.6,32.0
2023-12-12 15:35:35,2.0,50.0,1419.0,22.7,35.0
2023-12-12 15:45:35,2.0,50.0,1209.0,22.7,34.0
2023-12-12 15:55:35,2.0,50.0,1123.0,22.7,33.0
2023-12-12 16:05:35,0.0,50.0,1170.0,22.7,33.0
2023-12-12 16:15:35,4.0,50.0,1046.0,22.7,32.0
2023-12-12 16:25:35,1.0,50.0,1264.0,22.7,34.0
2023-12-12 16:35:35,1.0,53.0,1043.0,22.7,32.0
2023-12-12 16:45:35,1.0,50.0,1012.0,22.7,32.0
2023-12-12 16:55:35,0.0,47.0,1058.0,22.7,32.0
2023-12-12 17:05:35,0.0,47.0,1073.0,22.6,32.0
2023-12-12 17:15:35,0.0,47.0,1025.0,22.6,32.0
2023-12-12 17:25:35,0.0,47.0,1008.0,22.6,32.0
2023-12-12 17:35:35,1.0,47.0,945.0,22.6,32.0
2023-12-12 17:45:35,0.0,47.0,997.0,22.5,32.0
2023-12-12 17:55:35,0.0,3.0,1005.0,22.6,32.0
2023-12-12 18:05:34,0.0,0.0,963.0,22.6,32.0
2023-12-12 18:15:34,0.0,0.0,966.0,22.6,32.0
2023-12-12 18:25:34,2.0,50.0,852.0,22.5,31.0
2023-12-12 18:35:34,1.0,50.0,868.0,22.5,31.0
2023-12-12 18:45:34,0.0,0.0,880.0,22.6,31.0
2023-12-12 18:55:34,0.0,0.0,908.0,22.6,32.0
2023-12-12 19:05:34,1.0,0.0,770.0,22.5,31.0
2023-12-12 19:15:34,1.0,0.0,756.0,22.6,30.0
2023-12-12 19:25:34,0.0,0.0,612.0,22.5,29.0
2023-12-12 19:35:34,0.0,0.0,600.0,22.5,29.0
2023-12-12 19:45:34,0.0,0.0,577.0,22.5,28.0
2023-12-12 19:55:34,0.0,0.0,548.0,22.5,28.0
2023-12-12 20:05:34,0.0,0.0,546.0,22.5,28.0
2023-12-12 20:15:34,0.0,0.0,546.0,22.6,28.0
2023-12-12 20:25:34,0.0,0.0,564.0,22.5,28.0
2023-12-12 20:35:34,0.0,0.0,545.0,22.5,28.0
2023-12-12 20:45:34,0.0,0.0,538.0,22.5,28.0
2023-12-12 20:55:34,0.0,0.0,528.0,22.5,28.0
2023-12-12 21:05:34,0.0,0.0,528.0,22.5,28.0
2023-12-12 21:15:34,0.0,0.0,516.0,22.5,28.0
2023-12-12 21:25:34,0.0,0.0,534.0,22.5,28.0
2023-12-12 21:35:34,0.0,0.0,518.0,22.5,28.0
2023-12-12 21:45:34,0.0,0.0,521.0,22.4,28.0
2023-12-12 21:55:34,0.0,0.0,523.0,22.5,28.0
2023-12-12 22:05:34,0.0,0.0,531.0,22.4,28.0
2023-12-12 22:15:34,0.0,0.0,519.0,22.4,28.0
2023-12-12 22:25:34,0.0,0.0,506.0,22.4,28.0
2023-12-12 22:35:34,0.0,0.0,516.0,22.5,28.0
2023-12-12 22:45:34,0.0,0.0,525.0,22.5,28.0
2023-12-12 22:55:34,0.0,0.0,537.0,22.5,28.0
2023-12-12 23:05:34,0.0,0.0,529.0,22.4,28.0
2023-12-12 23:15:34,0.0,0.0,481.0,22.4,28.0
2023-12-12 23:25:34,0.0,0.0,523.0,22.4,28.0
2023-12-12 23:35:33,0.0,0.0,500.0,22.4,28.0
2023-12-12 23:45:33,0.0,0.0,498.0,22.4,28.0
2023-12-12 23:55:33,0.0,0.0,500.0,22.4,28.0
2023-12-13 00:05:33,0.0,0.0,482.0,22.4,28.0
2023-12-13 00:15:33,1.0,0.0,484.0,22.4,28.0
2023-12-13 00:25:33,0.0,0.0,507.0,22.4,28.0
2023-12-13 00:35:33,0.0,0.0,495.0,22.4,28.0
2023-12-13 00:45:33,0.0,0.0,481.0,22.3,28.0
2023-12-13 00:55:33,0.0,0.0,472.0,22.4,28.0
2023-12-13 01:05:33,0.0,0.0,494.0,22.4,28.0
2023-12-13 01:15:33,0.0,0.0,492.0,22.4,28.0
2023-12-13 01:25:33,0.0,0.0,486.0,22.4,28.0
2023-12-13 01:35:33,0.0,0.0,478.0,22.4,28.0
2023-12-13 01:45:33,0.0,0.0,486.0,22.4,28.0
2023-12-13 01:55:33,0.0,0.0,477.0,22.4,28.0
2023-12-13 02:05:33,0.0,0.0,468.0,22.4,28.0
2023-12-13 02:15:33,0.0,0.0,472.0,22.4,28.0
2023-12-13 02:25:34,0.0,0.0,480.0,22.4,28.0
2023-12-13 02:35:33,0.0,0.0,465.0,22.4,28.0
2023-12-13 02:45:33,0.0,0.0,473.0,22.4,27.0
2023-12-13 02:55:33,0.0,0.0,458.0,22.4,27.0
2023-12-13 03:05:33,0.0,0.0,494.0,22.4,27.0
2023-12-13 03:15:33,1.0,50.0,459.0,22.3,27.0
2023-12-13 03:25:33,1.0,50.0,465.0,22.4,27.0
2023-12-13 03:35:33,0.0,0.0,464.0,22.4,27.0
2023-12-13 03:45:33,0.0,0.0,462.0,22.4,27.0
2023-12-13 03:55:33,0.0,0.0,434.0,22.4,27.0
2023-12-13 04:05:33,0.0,0.0,445.0,22.4,27.0
2023-12-13 04:15:33,2.0,50.0,462.0,22.4,27.0
2023-12-13 04:25:33,0.0,50.0,418.0,22.4,27.0
2023-12-13 04:35:33,0.0,0.0,434.0,22.4,27.0
2023-12-13 04:45:33,0.0,0.0,413.0,22.5,27.0
2023-12-13 04:55:32,0.0,0.0,423.0,22.4,27.0
2023-12-13 05:05:32,0.0,0.0,426.0,22.4,27.0
2023-12-13 05:15:32,0.0,0.0,438.0,22.4,27.0
2023-12-13 05:25:32,0.0,0.0,421.0,22.4,27.0
2023-12-13 05:35:32,0.0,0.0,420.0,22.4,27.0
2023-12-13 05:45:32,0.0,0.0,429.0,22.4,27.0
2023-12-13 05:55:32,0.0,0.0,434.0,22.4,27.0
2023-12-13 06:05:32,0.0,0.0,447.0,22.4,27.0
2023-12-13 06:15:32,0.0,0.0,518.0,22.4,28.0
2023-12-13 06:25:32,0.0,0.0,543.0,22.4,29.0
2023-12-13 06:35:32,2.0,47.0,566.0,22.4,29.0
2023-12-13 06:45:32,0.0,50.0,637.0,22.3,30.0
2023-12-13 06:55:32,1.0,0.0,617.0,22.3,30.0
2023-12-13 07:05:32,5.0,50.0,618.0,22.3,30.0
2023-12-13 07:15:32,0.0,50.0,653.0,22.3,31.0
2023-12-13 07:25:32,1.0,47.0,633.0,22.3,31.0
2023-12-13 07:35:32,1.0,47.0,592.0,22.3,30.0
2023-12-13 07:45:32,1.0,47.0,615.0,22.3,30.0
2023-12-13 07:55:32,0.0,47.0,624.0,22.4,31.0
2023-12-13 08:05:32,1.0,47.0,604.0,22.3,30.0
2023-12-13 08:15:32,1.0,47.0,668.0,22.4,31.0
2023-12-13 08:25:32,2.0,50.0,629.0,22.4,31.0
2023-12-13 08:35:32,3.0,53.0,672.0,22.3,32.0
2023-12-13 08:45:32,1.0,53.0,688.0,22.3,32.0
2023-12-13 08:55:32,3.0,53.0,769.0,22.4,33.0
2023-12-13 09:05:32,2.0,50.0,690.0,22.4,32.0
2023-12-13 09:15:32,1.0,50.0,788.0,22.3,33.0
2023-12-13 09:25:32,1.0,53.0,738.0,22.4,32.0
2023-12-13 09:35:32,0.0,53.0,749.0,22.3,31.0
2023-12-13 09:45:32,0.0,53.0,779.0,22.4,32.0
2023-12-13 09:55:32,3.0,53.0,760.0,22.3,32.0
2023-12-13 10:05:32,3.0,53.0,778.0,22.4,32.0
2023-12-13 10:15:32,5.0,53.0,832.0,22.4,32.0
2023-12-13 10:25:32,4.0,53.0,750.0,22.4,31.0
2023-12-13 10:35:32,0.0,53.0,644.0,22.4,29.0
2023-12-13 10:45:32,2.0,50.0,906.0,22.4,31.0
2023-12-13 10:55:31,1.0,50.0,724.0,22.5,29.0
2023-12-13 11:05:31,8.0,53.0,751.0,22.5,29.0
2023-12-13 11:15:31,6.0,53.0,777.0,22.5,29.0
2023-12-13 11:25:31,0.0,53.0,791.0,22.5,29.0
2023-12-13 11:35:31,2.0,53.0,856.0,22.5,30.0
2023-12-13 11:45:31,8.0,50.0,863.0,22.5,30.0
2023-12-13 11:55:31,7.0,50.0,858.0,22.5,30.0
2023-12-13 12:05:31,5.0,50.0,843.0,22.5,30.0
2023-12-13 12:15:31,2.0,50.0,761.0,22.6,29.0
2023-12-13 12:25:32,1.0,50.0,786.0,22.5,29.0
2023-12-13 12:35:31,6.0,47.0,873.0,22.6,30.0
2023-12-13 12:45:31,2.0,50.0,809.0,22.6,29.0
2023-12-13 12:55:31,1.0,53.0,822.0,22.6,29.0
2023-12-13 13:05:31,3.0,50.0,905.0,22.6,30.0
2023-12-13 13:15:31,2.0,50.0,860.0,22.6,29.0
2023-12-13 13:25:31,2.0,50.0,898.0,22.6,29.0
2023-12-13 13:35:31,4.0,53.0,938.0,22.7,30.0
2023-12-13 13:45:31,3.0,53.0,915.0,22.6,30.0
2023-12-13 13:55:31,1.0,50.0,830.0,22.5,28.0
2023-12-13 14:05:31,0.0,50.0,808.0,22.6,28.0
2023-12-13 14:15:31,2.0,50.0,869.0,22.6,28.0
2023-12-13 14:25:31,3.0,53.0,918.0,22.6,29.0
2023-12-13 14:35:31,2.0,50.0,933.0,22.6,29.0
2023-12-13 14:45:31,0.0,50.0,894.0,22.6,29.0
2023-12-13 14:55:31,1.0,50.0,876.0,22.6,29.0
2023-12-13 15:05:31,1.0,50.0,909.0,22.6,29.0
2023-12-13 15:15:31,4.0,50.0,911.0,22.6,29.0
2023-12-13 15:25:31,0.0,50.0,910.0,22.6,29.0
2023-12-13 15:35:31,8.0,53.0,1027.0,22.6,30.0
2023-12-13 15:45:31,1.0,50.0,964.0,22.7,29.0
2023-12-13 15:55:30,4.0,50.0,907.0,22.6,29.0
2023-12-13 16:05:31,2.0,50.0,885.0,22.7,29.0
2023-12-13 16:15:30,2.0,50.0,918.0,22.7,29.0
2023-12-13 16:25:31,2.0,50.0,883.0,22.7,29.0
2023-12-13 16:35:30,0.0,50.0,935.0,22.8,29.0
2023-12-13 16:45:30,1.0,50.0,959.0,22.8,29.0
2023-12-13 16:55:30,1.0,50.0,927.0,22.8,29.0
2023-12-13 17:05:30,3.0,50.0,957.0,22.7,29.0
2023-12-13 17:15:30,3.0,50.0,932.0,22.8,29.0
2023-12-13 17:25:30,3.0,50.0,937.0,22.7,29.0
2023-12-13 17:35:30,4.0,53.0,996.0,22.8,30.0
2023-12-13 17:45:30,2.0,50.0,1092.0,22.7,30.0
2023-12-13 17:55:30,0.0,0.0,1010.0,22.6,31.0
2023-12-13 18:05:30,0.0,0.0,976.0,22.6,30.0
2023-12-13 18:15:30,2.0,0.0,987.0,22.6,30.0
2023-12-13 18:25:30,0.0,0.0,953.0,22.6,30.0
2023-12-13 18:35:30,0.0,0.0,930.0,22.6,31.0
2023-12-13 18:45:30,0.0,0.0,903.0,22.5,31.0
2023-12-13 18:55:30,0.0,0.0,883.0,22.6,30.0
2023-12-13 19:05:30,0.0,0.0,843.0,22.5,30.0
2023-12-13 19:15:30,0.0,0.0,698.0,22.5,29.0
2023-12-13 19:25:30,0.0,0.0,684.0,22.6,28.0
2023-12-13 19:35:30,0.0,0.0,661.0,22.5,28.0
2023-12-13 19:45:30,0.0,0.0,646.0,22.5,28.0
2023-12-13 19:55:30,1.0,53.0,716.0,22.5,28.0
2023-12-13 20:05:30,0.0,50.0,626.0,22.5,27.0
2023-12-13 20:15:30,0.0,0.0,646.0,22.5,27.0
2023-12-13 20:25:30,0.0,0.0,625.0,22.5,27.0
2023-12-13 20:35:30,1.0,50.0,604.0,22.5,27.0
2023-12-13 20:45:30,0.0,57.0,679.0,22.5,27.0
2023-12-13 20:55:30,1.0,47.0,685.0,22.5,27.0
2023-12-13 21:05:30,0.0,50.0,639.0,22.5,27.0
2023-12-13 21:15:30,0.0,0.0,626.0,22.5,27.0
2023-12-13 21:25:30,0.0,0.0,625.0,22.5,27.0
2023-12-13 21:35:29,1.0,0.0,602.0,22.5,27.0
2023-12-13 21:45:29,0.0,0.0,621.0,22.5,27.0
2023-12-13 21:55:29,0.0,0.0,637.0,22.5,27.0
2023-12-13 22:05:29,2.0,0.0,712.0,22.4,28.0
2023-12-13 22:15:29,0.0,0.0,624.0,22.4,27.0
2023-12-13 22:25:29,0.0,0.0,617.0,22.5,27.0
2023-12-13 22:35:29,0.0,0.0,579.0,22.5,27.0
2023-12-13 22:45:29,0.0,0.0,587.0,22.4,27.0
2023-12-13 22:55:29,0.0,0.0,567.0,22.4,27.0
2023-12-13 23:05:29,0.0,0.0,581.0,22.5,27.0
2023-12-13 23:15:29,0.0,0.0,558.0,22.4,27.0
2023-12-13 23:25:29,0.0,0.0,542.0,22.4,27.0
2023-12-13 23:35:29,0.0,0.0,544.0,22.4,27.0
2023-12-13 23:45:29,2.0,0.0,622.0,22.4,27.0
2023-12-13 23:55:29,0.0,0.0,588.0,22.4,26.0
2023-12-14 00:05:29,0.0,0.0,553.0,22.4,26.0
2023-12-14 00:15:29,0.0,0.0,546.0,22.4,26.0
2023-12-14 00:25:29,0.0,0.0,558.0,22.4,26.0
2023-12-14 00:35:29,0.0,0.0,550.0,22.4,26.0
2023-12-14 00:45:29,0.0,0.0,556.0,22.4,27.0
2023-12-14 00:55:29,0.0,0.0,547.0,22.4,27.0
2023-12-14 01:05:29,0.0,0.0,545.0,22.4,27.0
2023-12-14 01:15:29,0.0,0.0,545.0,22.4,26.0
2023-12-14 01:25:29,0.0,0.0,531.0,22.4,27.0
2023-12-14 01:35:29,0.0,0.0,519.0,22.4,26.0
2023-12-14 01:45:29,0.0,0.0,528.0,22.4,26.0
2023-12-14 01:55:29,0.0,0.0,509.0,22.4,26.0
2023-12-14 02:05:29,0.0,0.0,520.0,22.4,26.0
2023-12-14 02:15:29,0.0,0.0,505.0,22.4,26.0
2023-12-14 02:25:29,0.0,0.0,523.0,22.4,26.0
2023-12-14 02:35:29,0.0,0.0,500.0,22.4,26.0
2023-12-14 02:45:29,0.0,0.0,521.0,22.4,26.0
2023-12-14 02:55:28,0.0,0.0,506.0,22.3,26.0
2023-12-14 03:05:28,0.0,0.0,488.0,22.4,26.0
2023-12-14 03:15:28,1.0,33.0,497.0,22.4,27.0
2023-12-14 03:25:28,1.0,50.0,499.0,22.4,26.0
2023-12-14 03:35:28,0.0,0.0,504.0,22.3,27.0
2023-12-14 03:45:28,0.0,0.0,498.0,22.4,26.0
2023-12-14 03:55:28,0.0,0.0,452.0,22.4,26.0
2023-12-14 04:05:28,0.0,0.0,461.0,22.4,26.0
2023-12-14 04:15:28,2.0,50.0,483.0,22.4,26.0
2023-12-14 04:25:28,0.0,50.0,448.0,22.4,26.0
2023-12-14 04:35:28,0.0,0.0,444.0,22.4,26.0
2023-12-14 04:45:28,0.0,0.0,460.0,22.4,26.0
2023-12-14 04:55:28,0.0,0.0,471.0,22.4,26.0
2023-12-14 05:05:28,0.0,0.0,451.0,22.5,26.0
2023-12-14 05:15:28,0.0,0.0,457.0,22.4,26.0
2023-12-14 05:25:28,0.0,0.0,446.0,22.4,26.0
2023-12-14 05:35:28,0.0,0.0,454.0,22.4,26.0
2023-12-14 05:45:28,0.0,0.0,445.0,22.4,26.0
2023-12-14 05:55:28,0.0,0.0,447.0,22.4,26.0
2023-12-14 06:05:28,0.0,0.0,509.0,22.4,27.0
2023-12-14 06:15:28,0.0,0.0,521.0,22.4,28.0
2023-12-14 06:25:28,1.0,50.0,539.0,22.4,28.0
2023-12-14 06:35:28,0.0,50.0,532.0,22.4,28.0
2023-12-14 06:45:28,0.0,0.0,533.0,22.4,28.0
2023-12-14 06:55:28,0.0,0.0,537.0,22.4,28.0
2023-12-14 07:05:28,1.0,50.0,527.0,22.4,28.0
2023-12-14 07:15:28,1.0,50.0,510.0,22.3,28.0
2023-12-14 07:25:28,1.0,50.0,528.0,22.4,28.0
2023-12-14 07:35:28,2.0,50.0,537.0,22.4,28.0
2023-12-14 07:45:28,1.0,50.0,546.0,22.5,28.0
2023-12-14 07:55:28,2.0,50.0,565.0,22.4,29.0
2023-12-14 08:05:28,3.0,57.0,570.0,22.4,29.0
2023-12-14 08:15:28,3.0,53.0,608.0,22.3,29.0
2023-12-14 08:25:27,0.0,53.0,601.0,22.3,29.0
2023-12-14 08:35:27,3.0,57.0,624.0,22.3,29.0
2023-12-14 08:45:27,0.0,57.0,588.0,22.4,28.0
2023-12-14 08:55:27,5.0,57.0,695.0,22.5,30.0
2023-12-14 09:05:27,0.0,57.0,661.0,22.6,29.0
2023-12-14 09:15:27,1.0,57.0,692.0,22.7,29.0
2023-12-14 09:25:27,1.0,53.0,726.0,22.7,30.0
2023-12-14 09:35:27,1.0,53.0,759.0,22.8,30.0
2023-12-14 09:45:27,3.0,53.0,821.0,22.8,30.0
2023-12-14 09:55:27,4.0,50.0,689.0,22.7,29.0
2023-12-14 10:05:27,2.0,53.0,689.0,22.7,28.0
2023-12-14 10:15:27,2.0,53.0,764.0,22.6,29.0
2023-12-14 10:25:27,1.0,60.0,948.0,22.7,31.0
2023-12-14 10:35:27,0.0,60.0,749.0,22.7,29.0
2023-12-14 10:45:27,6.0,60.0,776.0,22.6,29.0
2023-12-14 10:55:27,1.0,60.0,821.0,22.6,29.0
2023-12-14 11:05:27,6.0,60.0,820.0,22.5,30.0
2023-12-14 11:15:27,2.0,53.0,927.0,22.5,31.0
2023-12-14 11:25:27,0.0,53.0,914.0,22.5,30.0
2023-12-14 11:35:27,1.0,53.0,835.0,22.5,30.0
2023-12-14 11:45:27,1.0,50.0,837.0,22.5,30.0
2023-12-14 11:55:27,8.0,47.0,857.0,22.6,29.0
2023-12-14 12:05:27,9.0,57.0,943.0,22.6,30.0
2023-12-14 12:15:27,5.0,57.0,826.0,22.5,29.0
2023-12-14 12:25:27,4.0,57.0,814.0,22.6,29.0
2023-12-14 12:35:27,7.0,57.0,806.0,22.6,29.0
2023-12-14 12:45:27,3.0,57.0,810.0,22.7,30.0
2023-12-14 12:55:27,0.0,53.0,797.0,22.7,29.0
2023-12-14 13:05:27,4.0,53.0,756.0,22.7,28.0
2023-12-14 13:15:27,3.0,53.0,762.0,22.7,28.0
2023-12-14 13:25:27,3.0,53.0,830.0,22.7,29.0
2023-12-14 13:35:27,1.0,53.0,1010.0,22.7,31.0
2023-12-14 13:45:27,0.0,50.0,950.0,22.6,30.0
2023-12-14 13:55:26,1.0,50.0,936.0,22.6,30.0
2023-12-14 14:05:26,1.0,53.0,787.0,22.6,28.0
2023-12-14 14:15:26,2.0,50.0,815.0,22.6,28.0
2023-12-14 14:25:26,1.0,50.0,869.0,22.7,29.0
2023-12-14 14:35:26,2.0,50.0,913.0,22.7,29.0
2023-12-14 14:45:26,2.0,50.0,889.0,22.8,28.0
2023-12-14 14:55:26,2.0,50.0,881.0,22.8,29.0
2023-12-14 15:05:26,1.0,50.0,810.0,22.8,28.0
2023-12-14 15:15:26,0.0,50.0,792.0,22.8,28.0
2023-12-14 15:25:26,2.0,50.0,764.0,22.8,28.0
2023-12-14 15:35:26,3.0,50.0,773.0,22.8,28.0
2023-12-14 15:45:26,0.0,50.0,730.0,22.8,27.0
2023-12-14 15:55:26,1.0,50.0,743.0,22.8,28.0
2023-12-14 16:05:26,1.0,50.0,682.0,22.8,27.0
2023-12-14 16:15:26,2.0,50.0,922.0,22.9,29.0
2023-12-14 16:25:26,0.0,50.0,730.0,22.9,28.0
2023-12-14 16:35:26,0.0,50.0,745.0,22.8,28.0
2023-12-14 16:45:26,1.0,50.0,808.0,22.9,28.0
2023-12-14 16:55:26,0.0,47.0,729.0,22.9,28.0
2023-12-14 17:05:26,0.0,47.0,725.0,22.9,28.0
2023-12-14 17:15:26,0.0,47.0,742.0,22.8,28.0
2023-12-14 17:25:26,0.0,47.0,750.0,22.8,29.0
2023-12-14 17:35:26,1.0,0.0,781.0,22.7,29.0
2023-12-14 17:45:26,0.0,0.0,813.0,22.7,29.0
2023-12-14 17:55:26,0.0,0.0,804.0,22.7,29.0
2023-12-14 18:05:26,0.0,0.0,806.0,22.6,30.0
2023-12-14 18:15:26,0.0,0.0,792.0,22.6,30.0
2023-12-14 18:25:26,0.0,0.0,787.0,22.6,30.0
2023-12-14 18:35:26,0.0,0.0,777.0,22.6,30.0
2023-12-14 18:45:26,0.0,0.0,752.0,22.6,30.0
2023-12-14 18:55:26,0.0,0.0,738.0,22.6,30.0
2023-12-14 19:05:26,0.0,0.0,742.0,22.6,30.0
2023-12-14 19:15:25,0.0,0.0,613.0,22.6,29.0
2023-12-14 19:25:25,0.0,0.0,645.0,22.5,28.0
2023-12-14 19:35:25,1.0,0.0,604.0,22.5,28.0
2023-12-14 19:45:25,0.0,0.0,667.0,22.5,28.0
2023-12-14 19:55:25,0.0,0.0,615.0,22.6,28.0
2023-12-14 20:05:25,0.0,0.0,645.0,22.5,28.0
2023-12-14 20:15:25,0.0,0.0,608.0,22.6,28.0
2023-12-14 20:25:25,2.0,50.0,563.0,22.5,28.0
2023-12-14 20:35:25,0.0,50.0,560.0,22.5,27.0
2023-12-14 20:45:25,0.0,0.0,568.0,22.6,27.0
2023-12-14 20:55:25,0.0,0.0,581.0,22.6,27.0
2023-12-14 21:05:25,0.0,0.0,560.0,22.6,27.0
2023-12-14 21:15:25,0.0,0.0,577.0,22.5,27.0
2023-12-14 21:25:25,0.0,40.0,583.0,22.5,27.0
2023-12-14 21:35:25,0.0,47.0,564.0,22.5,27.0
2023-12-14 21:45:25,0.0,0.0,560.0,22.5,27.0
2023-12-14 21:55:25,0.0,0.0,531.0,22.5,27.0
2023-12-14 22:05:25,0.0,0.0,535.0,22.5,27.0
2023-12-14 22:15:25,0.0,0.0,515.0,22.5,27.0
2023-12-14 22:25:25,0.0,0.0,542.0,22.5,27.0
2023-12-14 22:35:25,0.0,0.0,527.0,22.5,27.0
2023-12-14 22:45:25,0.0,0.0,502.0,22.5,27.0
2023-12-14 22:55:25,0.0,0.0,513.0,22.5,27.0
2023-12-14 23:05:25,0.0,0.0,509.0,22.5,27.0
2023-12-14 23:15:25,0.0,0.0,508.0,22.5,27.0
2023-12-14 23:25:25,0.0,0.0,487.0,22.5,27.0
2023-12-14 23:35:25,0.0,0.0,472.0,22.5,27.0
2023-12-14 23:45:25,0.0,0.0,474.0,22.5,27.0
2023-12-14 23:55:25,0.0,0.0,474.0,22.5,27.0
2023-12-15 00:05:25,0.0,0.0,496.0,22.5,27.0
2023-12-15 00:15:25,0.0,0.0,492.0,22.5,27.0
2023-12-15 00:25:25,0.0,0.0,473.0,22.5,27.0
2023-12-15 00:35:25,0.0,0.0,500.0,22.5,27.0
2023-12-15 00:45:24,0.0,0.0,489.0,22.5,27.0
2023-12-15 00:55:24,0.0,0.0,509.0,22.5,27.0
2023-12-15 01:05:24,0.0,0.0,485.0,22.5,27.0
2023-12-15 01:15:24,0.0,0.0,476.0,22.5,27.0
2023-12-15 01:25:24,0.0,0.0,486.0,22.4,27.0
2023-12-15 01:35:24,0.0,0.0,461.0,22.5,27.0
2023-12-15 01:45:24,0.0,0.0,476.0,22.5,27.0
2023-12-15 01:55:24,0.0,0.0,458.0,22.4,27.0
2023-12-15 02:05:24,0.0,0.0,437.0,22.5,27.0
2023-12-15 02:15:24,0.0,0.0,479.0,22.5,27.0
2023-12-15 02:25:24,0.0,0.0,464.0,22.4,27.0
2023-12-15 02:35:24,0.0,0.0,465.0,22.4,27.0
2023-12-15 02:45:24,0.0,0.0,464.0,22.5,27.0
2023-12-15 02:55:24,1.0,37.0,477.0,22.5,27.0
2023-12-15 03:05:24,1.0,50.0,467.0,22.5,27.0
2023-12-15 03:15:24,0.0,0.0,450.0,22.4,27.0
2023-12-15 03:25:24,0.0,0.0,447.0,22.5,27.0
2023-12-15 03:35:24,0.0,0.0,455.0,22.4,27.0
2023-12-15 03:45:24,0.0,0.0,438.0,22.5,27.0
2023-12-15 03:55:24,0.0,0.0,444.0,22.5,27.0
2023-12-15 04:05:24,0.0,0.0,439.0,22.5,27.0
2023-12-15 04:15:24,1.0,50.0,448.0,22.5,27.0
2023-12-15 04:25:24,0.0,50.0,419.0,22.5,27.0
2023-12-15 04:35:24,0.0,0.0,426.0,22.5,27.0
2023-12-15 04:45:24,0.0,0.0,437.0,22.5,27.0
2023-12-15 04:55:24,0.0,0.0,433.0,22.5,27.0
2023-12-15 05:05:24,0.0,0.0,434.0,22.4,28.0
2023-12-15 05:15:24,0.0,0.0,439.0,22.5,28.0
2023-12-15 05:25:24,0.0,0.0,454.0,22.5,28.0
2023-12-15 05:35:24,0.0,0.0,436.0,22.5,28.0
2023-12-15 05:45:24,0.0,0.0,449.0,22.5,28.0
2023-12-15 05:55:24,0.0,0.0,443.0,22.5,28.0
2023-12-15 06:05:24,0.0,0.0,442.0,22.5,28.0
2023-12-15 06:15:23,0.0,0.0,515.0,22.4,29.0
2023-12-15 06:25:23,1.0,53.0,470.0,22.5,29.0
2023-12-15 06:35:23,0.0,50.0,496.0,22.4,30.0
2023-12-15 06:45:23,1.0,47.0,500.0,22.5,30.0
2023-12-15 06:55:23,1.0,50.0,481.0,22.4,30.0
2023-12-15 07:05:23,3.0,50.0,525.0,22.4,31.0
2023-12-15 07:15:23,2.0,50.0,528.0,22.4,31.0
2023-12-15 07:25:23,0.0,50.0,546.0,22.4,31.0
2023-12-15 07:35:23,0.0,50.0,558.0,22.5,31.0
2023-12-15 07:45:23,0.0,50.0,564.0,22.4,31.0
2023-12-15 07:55:23,0.0,50.0,606.0,22.4,32.0
2023-12-15 08:05:23,3.0,50.0,615.0,22.5,32.0
2023-12-15 08:15:23,5.0,53.0,617.0,22.4,33.0
2023-12-15 08:25:23,4.0,50.0,577.0,22.4,32.0
2023-12-15 08:35:23,1.0,57.0,587.0,22.5,32.0
2023-12-15 08:45:23,5.0,60.0,604.0,22.6,33.0
2023-12-15 08:55:23,3.0,53.0,623.0,22.5,33.0
2023-12-15 09:05:23,3.0,53.0,650.0,22.6,33.0
2023-12-15 09:15:23,2.0,53.0,716.0,22.5,33.0
2023-12-15 09:25:23,3.0,57.0,740.0,22.5,34.0
2023-12-15 09:35:23,3.0,53.0,782.0,22.5,34.0
2023-12-15 09:45:24,0.0,53.0,800.0,22.5,34.0
2023-12-15 09:55:23,3.0,53.0,818.0,22.5,34.0
2023-12-15 10:05:23,1.0,50.0,867.0,22.5,34.0
2023-12-15 10:15:23,0.0,53.0,917.0,22.5,35.0
2023-12-15 10:25:23,3.0,57.0,736.0,22.6,34.0
2023-12-15 10:35:23,1.0,57.0,746.0,22.6,34.0
2023-12-15 10:45:23,2.0,57.0,778.0,22.7,34.0
2023-12-15 10:55:23,2.0,57.0,814.0,22.7,33.0
2023-12-15 11:05:23,2.0,53.0,803.0,22.6,34.0
2023-12-15 11:15:23,4.0,50.0,783.0,22.6,34.0
2023-12-15 11:25:23,3.0,50.0,807.0,22.7,34.0
2023-12-15 11:35:22,0.0,50.0,779.0,22.7,33.0
2023-12-15 11:45:22,8.0,50.0,828.0,22.7,34.0
2023-12-15 11:55:22,6.0,53.0,813.0,22.7,34.0
2023-12-15 12:05:22,6.0,53.0,836.0,22.7,34.0
2023-12-15 12:15:22,2.0,53.0,802.0,22.7,34.0
2023-12-15 12:25:23,1.0,53.0,808.0,22.7,34.0
2023-12-15 12:35:22,5.0,57.0,837.0,22.7,34.0
2023-12-15 12:45:22,5.0,53.0,815.0,22.7,34.0
2023-12-15 12:55:22,6.0,53.0,804.0,22.7,34.0
2023-12-15 13:05:22,1.0,53.0,700.0,22.7,34.0
2023-12-15 13:15:22,0.0,53.0,742.0,22.7,34.0
2023-12-15 13:25:22,1.0,60.0,868.0,22.7,34.0
2023-12-15 13:35:22,3.0,57.0,768.0,22.7,34.0
2023-12-15 13:45:22,2.0,57.0,808.0,22.7,34.0
2023-12-15 13:55:22,1.0,57.0,794.0,22.7,34.0
2023-12-15 14:05:22,3.0,57.0,792.0,22.7,34.0
2023-12-15 14:15:22,1.0,57.0,892.0,22.7,34.0
2023-12-15 14:25:22,7.0,53.0,909.0,22.7,35.0
2023-12-15 14:35:22,2.0,53.0,854.0,22.7,34.0
2023-12-15 14:45:22,3.0,53.0,919.0,22.8,35.0
2023-12-15 14:55:22,0.0,53.0,808.0,22.7,34.0
2023-12-15 15:05:22,1.0,53.0,982.0,22.7,35.0
2023-12-15 15:15:22,3.0,53.0,933.0,22.7,35.0
2023-12-15 15:25:22,2.0,53.0,815.0,22.7,35.0
2023-12-15 15:35:22,2.0,57.0,982.0,22.7,35.0
2023-12-15 15:45:22,0.0,53.0,861.0,22.7,34.0
2023-12-15 15:55:22,4.0,53.0,984.0,22.8,35.0
2023-12-15 16:05:22,3.0,53.0,897.0,22.8,35.0
2023-12-15 16:15:22,4.0,50.0,907.0,22.8,35.0
2023-12-15 16:25:22,2.0,50.0,945.0,22.8,35.0
2023-12-15 16:35:22,0.0,50.0,952.0,22.7,35.0
2023-12-15 16:45:22,4.0,50.0,894.0,22.7,35.0
2023-12-15 16:55:22,4.0,50.0,875.0,22.7,35.0
2023-12-15 17:05:22,0.0,50.0,930.0,22.6,35.0
2023-12-15 17:15:21,0.0,50.0,898.0,22.7,35.0
2023-12-15 17:25:21,0.0,50.0,869.0,22.7,35.0
2023-12-15 17:35:21,0.0,0.0,842.0,22.7,35.0
2023-12-15 17:45:21,0.0,0.0,836.0,22.7,35.0
2023-12-15 17:55:21,0.0,0.0,805.0,22.7,34.0
2023-12-15 18:05:21,0.0,53.0,743.0,22.7,34.0
2023-12-15 18:15:21,0.0,50.0,790.0,22.7,34.0
2023-12-15 18:25:21,0.0,3.0,823.0,22.8,34.0
2023-12-15 18:35:21,0.0,3.0,788.0,22.8,34.0
2023-12-15 18:45:21,0.0,3.0,706.0,22.8,33.0
2023-12-15 18:55:21,0.0,3.0,702.0,22.9,33.0
2023-12-15 19:05:21,0.0,3.0,687.0,22.8,33.0
2023-12-15 19:15:21,2.0,3.0,728.0,22.8,33.0
2023-12-15 19:25:21,1.0,50.0,721.0,22.8,34.0
2023-12-15 19:35:21,0.0,50.0,723.0,22.7,34.0
2023-12-15 19:45:21,0.0,0.0,726.0,22.7,34.0
2023-12-15 19:55:21,0.0,0.0,736.0,22.7,34.0
2023-12-15 20:05:21,0.0,0.0,709.0,22.7,34.0
2023-12-15 20:15:21,0.0,0.0,687.0,22.7,34.0
2023-12-15 20:25:21,0.0,0.0,682.0,22.7,34.0
2023-12-15 20:35:21,0.0,0.0,676.0,22.7,34.0
2023-12-15 20:45:21,0.0,0.0,661.0,22.6,34.0
2023-12-15 20:55:21,0.0,0.0,656.0,22.6,34.0
2023-12-15 21:05:21,0.0,0.0,667.0,22.7,34.0
2023-12-15 21:15:21,0.0,0.0,648.0,22.7,34.0
2023-12-15 21:25:21,1.0,50.0,631.0,22.6,33.0
2023-12-15 21:35:21,0.0,50.0,670.0,22.7,34.0
2023-12-15 21:45:21,0.0,0.0,683.0,22.7,34.0
2023-12-15 21:55:21,0.0,50.0,638.0,22.6,33.0
2023-12-15 22:05:21,0.0,50.0,618.0,22.7,33.0
2023-12-15 22:15:21,0.0,0.0,669.0,22.7,34.0
2023-12-15 22:25:21,0.0,0.0,646.0,22.6,33.0
2023-12-15 22:35:20,0.0,0.0,666.0,22.6,33.0
2023-12-15 22:45:20,0.0,0.0,652.0,22.6,33.0
2023-12-15 22:55:20,0.0,0.0,653.0,22.6,33.0
2023-12-15 23:05:20,0.0,0.0,641.0,22.6,33.0
2023-12-15 23:15:20,0.0,0.0,642.0,22.6,33.0
2023-12-15 23:25:20,0.0,0.0,644.0,22.6,33.0
2023-12-15 23:35:20,0.0,0.0,629.0,22.6,33.0
2023-12-15 23:45:20,0.0,0.0,655.0,22.6,33.0
2023-12-15 23:55:20,0.0,0.0,647.0,22.6,33.0
2023-12-16 00:05:20,1.0,50.0,604.0,22.6,33.0
2023-12-16 00:15:20,0.0,50.0,640.0,22.6,33.0
2023-12-16 00:25:20,1.0,50.0,631.0,22.6,33.0
2023-12-16 00:35:21,0.0,50.0,606.0,22.6,33.0
2023-12-16 00:45:20,0.0,0.0,651.0,22.6,33.0
2023-12-16 00:55:20,0.0,0.0,663.0,22.6,33.0
2023-12-16 01:05:20,0.0,0.0,680.0,22.6,33.0
2023-12-16 01:15:20,0.0,0.0,656.0,22.6,34.0
2023-12-16 01:25:20,0.0,0.0,665.0,22.6,33.0
2023-12-16 01:35:20,0.0,0.0,664.0,22.6,33.0
2023-12-16 01:45:20,0.0,0.0,673.0,22.6,33.0
2023-12-16 01:55:20,0.0,0.0,665.0,22.6,33.0
2023-12-16 02:05:20,0.0,0.0,659.0,22.6,33.0
2023-12-16 02:15:20,0.0,0.0,676.0,22.6,33.0
2023-12-16 02:25:20,0.0,0.0,653.0,22.5,33.0
2023-12-16 02:35:20,0.0,0.0,648.0,22.6,33.0
2023-12-16 02:45:20,0.0,0.0,650.0,22.6,33.0
2023-12-16 02:55:20,0.0,0.0,639.0,22.6,33.0
2023-12-16 03:05:20,0.0,0.0,661.0,22.6,33.0
2023-12-16 03:15:20,0.0,0.0,635.0,22.6,33.0
2023-12-16 03:25:20,0.0,0.0,652.0,22.6,33.0
2023-12-16 03:35:20,0.0,0.0,638.0,22.6,33.0
2023-12-16 03:45:20,0.0,0.0,636.0,22.6,33.0
2023-12-16 03:55:20,0.0,0.0,621.0,22.5,33.0
2023-12-16 04:05:19,0.0,0.0,635.0,22.6,33.0
2023-12-16 04:15:19,0.0,0.0,621.0,22.6,33.0
2023-12-16 04:25:19,0.0,0.0,623.0,22.5,33.0
2023-12-16 04:35:20,0.0,0.0,642.0,22.6,33.0
2023-12-16 04:45:19,0.0,0.0,629.0,22.6,34.0
2023-12-16 04:55:19,0.0,0.0,614.0,22.5,34.0
2023-12-16 05:05:19,0.0,0.0,624.0,22.5,33.0
2023-12-16 05:15:19,0.0,0.0,595.0,22.5,34.0
2023-12-16 05:25:19,0.0,0.0,628.0,22.6,34.0
2023-12-16 05:35:19,0.0,0.0,600.0,22.6,34.0
2023-12-16 05:45:19,0.0,0.0,578.0,22.5,33.0
2023-12-16 05:55:19,0.0,0.0,601.0,22.6,33.0
2023-12-16 06:05:19,0.0,0.0,598.0,22.6,33.0
2023-12-16 06:15:19,0.0,0.0,590.0,22.6,34.0
2023-12-16 06:25:19,0.0,0.0,595.0,22.5,34.0
2023-12-16 06:35:19,0.0,0.0,604.0,22.5,34.0
2023-12-16 06:45:19,0.0,0.0,584.0,22.6,34.0
2023-12-16 06:55:19,0.0,0.0,584.0,22.5,34.0
2023-12-16 07:05:19,0.0,0.0,583.0,22.5,34.0
2023-12-16 07:15:19,0.0,0.0,588.0,22.6,34.0
2023-12-16 07:25:19,0.0,0.0,544.0,22.5,34.0
2023-12-16 07:35:19,0.0,0.0,555.0,22.6,34.0
2023-12-16 07:45:19,0.0,0.0,546.0,22.5,34.0
2023-12-16 07:55:19,1.0,0.0,530.0,22.5,34.0
2023-12-16 08:05:19,0.0,0.0,552.0,22.6,34.0
2023-12-16 08:15:19,0.0,0.0,533.0,22.6,34.0
2023-12-16 08:25:19,0.0,0.0,516.0,22.6,34.0
2023-12-16 08:35:19,0.0,0.0,516.0,22.6,34.0
2023-12-16 08:45:19,0.0,0.0,518.0,22.5,34.0
2023-12-16 08:55:19,0.0,0.0,512.0,22.5,34.0
2023-12-16 09:05:19,0.0,0.0,493.0,22.6,34.0
2023-12-16 09:15:19,1.0,0.0,491.0,22.5,33.0
2023-12-16 09:25:19,0.0,3.0,514.0,22.5,34.0
2023-12-16 09:35:18,0.0,3.0,530.0,22.5,34.0
2023-12-16 09:45:18,0.0,3.0,544.0,22.5,34.0
2023-12-16 09:55:19,0.0,3.0,517.0,22.5,34.0
2023-12-16 10:05:18,0.0,3.0,526.0,22.5,34.0
2023-12-16 10:15:18,0.0,3.0,513.0,22.5,34.0
2023-12-16 10:25:18,0.0,0.0,489.0,22.5,34.0
2023-12-16 10:35:18,0.0,0.0,505.0,22.5,34.0
2023-12-16 10:45:18,0.0,0.0,495.0,22.5,34.0
2023-12-16 10:55:18,0.0,0.0,493.0,22.6,35.0
2023-12-16 11:05:18,0.0,0.0,489.0,22.5,35.0
2023-12-16 11:15:18,1.0,0.0,474.0,22.5,34.0
2023-12-16 11:25:18,0.0,0.0,490.0,22.5,35.0
2023-12-16 11:35:18,0.0,0.0,472.0,22.6,35.0
2023-12-16 11:45:18,0.0,0.0,464.0,22.5,35.0
2023-12-16 11:55:18,0.0,0.0,471.0,22.5,35.0
2023-12-16 12:05:18,0.0,0.0,467.0,22.5,35.0
2023-12-16 12:15:18,0.0,0.0,463.0,22.5,35.0
2023-12-16 12:25:18,0.0,3.0,465.0,22.5,35.0
2023-12-16 12:35:18,1.0,50.0,460.0,22.5,35.0
2023-12-16 12:45:18,0.0,50.0,484.0,22.5,35.0
2023-12-16 12:55:18,0.0,0.0,482.0,22.5,35.0
2023-12-16 13:05:18,0.0,3.0,477.0,22.6,35.0
2023-12-16 13:15:18,0.0,0.0,463.0,22.6,35.0
2023-12-16 13:25:18,1.0,0.0,475.0,22.5,35.0
2023-12-16 13:35:18,1.0,0.0,462.0,22.6,35.0
2023-12-16 13:45:18,0.0,0.0,456.0,22.6,35.0
2023-12-16 13:55:18,0.0,0.0,455.0,22.5,35.0
2023-12-16 14:05:18,0.0,0.0,454.0,22.6,35.0
2023-12-16 14:15:18,0.0,0.0,439.0,22.5,35.0
2023-12-16 14:25:18,0.0,0.0,449.0,22.6,35.0
2023-12-16 14:35:18,0.0,0.0,453.0,22.5,35.0
2023-12-16 14:45:18,0.0,0.0,456.0,22.5,35.0
2023-12-16 14:55:18,0.0,0.0,474.0,22.5,35.0
2023-12-16 15:05:17,0.0,0.0,461.0,22.5,35.0
2023-12-16 15:15:18,0.0,0.0,448.0,22.5,35.0
2023-12-16 15:25:17,0.0,0.0,444.0,22.6,35.0
2023-12-16 15:35:17,0.0,0.0,444.0,22.6,35.0
2023-12-16 15:45:17,0.0,0.0,441.0,22.6,35.0
2023-12-16 15:55:17,0.0,50.0,440.0,22.6,35.0
2023-12-16 16:05:17,0.0,50.0,432.0,22.6,35.0
2023-12-16 16:15:17,1.0,0.0,433.0,22.6,35.0
2023-12-16 16:25:17,0.0,0.0,459.0,22.6,35.0
2023-12-16 16:35:17,0.0,0.0,432.0,22.5,35.0
2023-12-16 16:45:17,0.0,0.0,445.0,22.6,35.0
2023-12-16 16:55:17,0.0,0.0,529.0,22.5,35.0
2023-12-16 17:05:17,0.0,0.0,479.0,22.5,35.0
2023-12-16 17:15:17,0.0,0.0,464.0,22.6,35.0
2023-12-16 17:25:17,0.0,0.0,500.0,22.6,35.0
2023-12-16 17:35:17,0.0,0.0,537.0,22.6,35.0
2023-12-16 17:45:17,0.0,0.0,553.0,22.6,35.0
2023-12-16 17:55:17,0.0,0.0,563.0,22.6,35.0
2023-12-16 18:05:17,0.0,0.0,514.0,22.6,35.0
2023-12-16 18:15:17,0.0,53.0,526.0,22.6,35.0
2023-12-16 18:25:17,0.0,53.0,485.0,22.6,35.0
2023-12-16 18:35:17,0.0,0.0,485.0,22.6,35.0
2023-12-16 18:45:17,0.0,0.0,490.0,22.6,35.0
2023-12-16 18:55:17,1.0,50.0,492.0,22.6,35.0
2023-12-16 19:05:17,0.0,50.0,462.0,22.6,35.0
2023-12-16 19:15:17,0.0,0.0,486.0,22.6,35.0
2023-12-16 19:25:17,3.0,50.0,451.0,22.6,35.0
2023-12-16 19:35:17,0.0,50.0,562.0,22.6,35.0
2023-12-16 19:45:17,0.0,0.0,675.0,22.6,36.0
2023-12-16 19:55:17,0.0,0.0,663.0,22.6,36.0
2023-12-16 20:05:17,0.0,0.0,689.0,22.6,36.0
2023-12-16 20:15:17,0.0,0.0,733.0,22.6,36.0
2023-12-16 20:25:16,0.0,0.0,723.0,22.6,36.0
2023-12-16 20:35:17,0.0,0.0,679.0,22.6,36.0
2023-12-16 20:45:16,0.0,0.0,642.0,22.6,36.0
2023-12-16 20:55:16,0.0,0.0,662.0,22.7,36.0
2023-12-16 21:05:16,0.0,0.0,701.0,22.6,37.0
2023-12-16 21:15:16,0.0,0.0,664.0,22.7,37.0
2023-12-16 21:25:16,0.0,0.0,637.0,22.6,36.0
2023-12-16 21:45:16,0.0,0.0,681.0,22.6,37.0
2023-12-16 21:55:16,2.0,50.0,629.0,22.7,37.0
2023-12-16 22:05:16,0.0,50.0,671.0,22.7,37.0
2023-12-16 22:15:16,0.0,0.0,657.0,22.6,37.0
2023-12-16 22:25:16,0.0,0.0,634.0,22.6,37.0
2023-12-16 22:35:16,0.0,0.0,614.0,22.6,36.0
2023-12-16 22:45:16,0.0,0.0,590.0,22.6,36.0
2023-12-16 22:55:16,0.0,0.0,570.0,22.6,36.0
2023-12-16 23:05:16,0.0,0.0,554.0,22.6,36.0
2023-12-16 23:15:16,0.0,0.0,542.0,22.7,36.0
2023-12-16 23:25:16,0.0,0.0,536.0,22.6,36.0
2023-12-16 23:35:16,0.0,0.0,520.0,22.6,36.0
2023-12-16 23:45:16,0.0,0.0,522.0,22.6,36.0
2023-12-16 23:55:16,0.0,0.0,527.0,22.6,36.0
2023-12-17 00:05:16,0.0,0.0,497.0,22.6,36.0
2023-12-17 00:15:16,0.0,0.0,473.0,22.6,36.0
2023-12-17 00:25:16,0.0,0.0,497.0,22.6,36.0
2023-12-17 00:35:16,0.0,0.0,487.0,22.6,36.0
2023-12-17 00:45:16,0.0,0.0,471.0,22.6,36.0
2023-12-17 00:55:16,0.0,0.0,479.0,22.6,36.0
2023-12-17 01:05:16,0.0,0.0,468.0,22.6,36.0
2023-12-17 01:15:16,0.0,0.0,471.0,22.6,36.0
2023-12-17 01:25:16,0.0,0.0,457.0,22.6,35.0
2023-12-17 01:35:16,0.0,0.0,463.0,22.6,35.0
2023-12-17 01:45:16,0.0,0.0,447.0,22.6,36.0
2023-12-17 01:55:16,0.0,0.0,467.0,22.6,35.0
2023-12-17 02:05:15,0.0,0.0,438.0,22.6,35.0
2023-12-17 02:15:15,0.0,0.0,450.0,22.6,35.0
2023-12-17 02:25:15,0.0,0.0,448.0,22.5,36.0
2023-12-17 02:35:15,0.0,0.0,445.0,22.6,35.0
2023-12-17 02:45:15,0.0,0.0,425.0,22.6,35.0
2023-12-17 02:55:15,0.0,0.0,437.0,22.6,35.0
2023-12-17 03:05:15,0.0,0.0,431.0,22.6,35.0
2023-12-17 03:15:15,0.0,0.0,442.0,22.6,35.0
2023-12-17 03:25:15,0.0,0.0,440.0,22.6,35.0
2023-12-17 03:35:15,0.0,0.0,432.0,22.6,35.0
2023-12-17 03:45:15,0.0,0.0,426.0,22.6,35.0
2023-12-17 03:55:15,0.0,0.0,428.0,22.6,35.0
2023-12-17 04:05:15,0.0,0.0,435.0,22.6,35.0
2023-12-17 04:15:15,0.0,0.0,418.0,22.6,35.0
2023-12-17 04:25:15,0.0,0.0,428.0,22.6,35.0
2023-12-17 04:35:15,0.0,0.0,430.0,22.6,35.0
2023-12-17 04:45:15,0.0,0.0,419.0,22.6,35.0
2023-12-17 04:55:15,0.0,0.0,419.0,22.6,35.0
2023-12-17 05:05:15,0.0,0.0,426.0,22.5,35.0
2023-12-17 05:15:15,0.0,0.0,414.0,22.6,35.0
2023-12-17 05:25:15,0.0,0.0,412.0,22.6,35.0
2023-12-17 05:35:15,0.0,0.0,407.0,22.6,35.0
2023-12-17 05:45:15,0.0,0.0,413.0,22.5,35.0
2023-12-17 05:55:15,0.0,0.0,422.0,22.6,35.0
2023-12-17 06:05:15,2.0,50.0,413.0,22.6,35.0
2023-12-17 06:15:15,0.0,50.0,420.0,22.6,35.0
2023-12-17 06:25:15,0.0,0.0,400.0,22.6,35.0
2023-12-17 06:35:15,0.0,0.0,410.0,22.6,35.0
2023-12-17 06:45:15,0.0,0.0,399.0,22.6,35.0
2023-12-17 06:55:15,0.0,0.0,409.0,22.6,35.0
2023-12-17 07:05:15,0.0,0.0,398.0,22.6,35.0
2023-12-17 07:15:15,1.0,40.0,419.0,22.6,35.0
2023-12-17 07:25:14,1.0,50.0,410.0,22.6,35.0
2023-12-17 07:35:14,0.0,0.0,408.0,22.6,35.0
2023-12-17 07:45:14,1.0,0.0,392.0,22.6,36.0
2023-12-17 07:55:15,0.0,0.0,408.0,22.6,36.0
2023-12-17 08:05:14,0.0,0.0,411.0,22.6,36.0
2023-12-17 08:15:14,0.0,0.0,403.0,22.6,36.0
2023-12-17 08:25:14,0.0,0.0,409.0,22.6,36.0
2023-12-17 08:35:14,0.0,0.0,403.0,22.6,36.0
2023-12-17 08:45:14,0.0,0.0,401.0,22.6,36.0
2023-12-17 08:55:14,0.0,0.0,402.0,22.6,36.0
2023-12-17 09:05:14,0.0,0.0,397.0,22.6,36.0
2023-12-17 09:15:14,0.0,0.0,405.0,22.6,36.0
2023-12-17 09:25:14,0.0,0.0,409.0,22.6,36.0
2023-12-17 09:35:14,0.0,0.0,387.0,22.6,36.0
2023-12-17 09:45:14,0.0,3.0,400.0,22.6,36.0
2023-12-17 09:55:14,0.0,3.0,396.0,22.6,36.0
2023-12-17 10:05:14,0.0,3.0,415.0,22.6,36.0
2023-12-17 10:15:14,0.0,3.0,390.0,22.6,36.0
2023-12-17 10:25:14,0.0,3.0,394.0,22.6,36.0
2023-12-17 10:35:14,0.0,3.0,395.0,22.5,36.0
2023-12-17 10:45:14,0.0,3.0,396.0,22.6,36.0
2023-12-17 10:55:14,0.0,0.0,397.0,22.6,36.0
2023-12-17 11:05:14,0.0,0.0,399.0,22.5,36.0
2023-12-17 11:15:14,0.0,3.0,428.0,22.6,36.0
2023-12-17 11:25:14,0.0,0.0,406.0,22.6,36.0
2023-12-17 11:35:14,0.0,0.0,405.0,22.6,36.0
2023-12-17 11:45:14,0.0,3.0,403.0,22.6,36.0
2023-12-17 11:55:14,0.0,3.0,392.0,22.5,36.0
2023-12-17 12:05:14,0.0,0.0,421.0,22.6,36.0
2023-12-17 12:15:14,0.0,3.0,430.0,22.6,36.0
2023-12-17 12:25:14,0.0,0.0,439.0,22.5,36.0
2023-12-17 12:35:14,0.0,0.0,413.0,22.5,36.0
2023-12-17 12:45:14,0.0,0.0,402.0,22.6,36.0
2023-12-17 12:55:13,0.0,0.0,417.0,22.5,36.0
2023-12-17 13:05:13,0.0,0.0,403.0,22.5,36.0
2023-12-17 13:15:13,0.0,0.0,411.0,22.6,36.0
2023-12-17 13:25:13,0.0,0.0,406.0,22.6,36.0
2023-12-17 13:35:13,0.0,0.0,404.0,22.6,36.0
2023-12-17 13:45:13,0.0,0.0,413.0,22.6,36.0
2023-12-17 13:55:13,0.0,0.0,408.0,22.6,36.0
2023-12-17 14:05:13,0.0,0.0,418.0,22.6,36.0
2023-12-17 14:15:13,0.0,0.0,416.0,22.5,36.0
2023-12-17 14:25:13,0.0,0.0,411.0,22.6,36.0
2023-12-17 14:35:13,0.0,0.0,407.0,22.6,36.0
2023-12-17 14:45:13,0.0,0.0,405.0,22.6,36.0
2023-12-17 14:55:13,0.0,0.0,400.0,22.6,36.0
2023-12-17 15:05:14,0.0,0.0,407.0,22.5,36.0
2023-12-17 15:15:13,0.0,0.0,403.0,22.5,36.0
2023-12-17 15:25:13,0.0,0.0,407.0,22.6,36.0
2023-12-17 15:35:13,0.0,0.0,411.0,22.5,36.0
2023-12-17 15:45:13,0.0,0.0,390.0,22.6,36.0
2023-12-17 15:55:13,0.0,0.0,397.0,22.5,36.0
2023-12-17 16:05:13,0.0,0.0,402.0,22.6,36.0
2023-12-17 16:15:13,0.0,0.0,399.0,22.5,36.0
2023-12-17 16:25:13,0.0,0.0,469.0,22.5,36.0
2023-12-17 16:35:13,1.0,50.0,458.0,22.5,36.0
2023-12-17 16:45:13,0.0,50.0,440.0,22.6,36.0
2023-12-17 16:55:13,2.0,0.0,420.0,22.6,36.0
2023-12-17 17:05:13,0.0,0.0,505.0,22.6,36.0
2023-12-17 17:15:13,0.0,0.0,500.0,22.5,36.0
2023-12-17 17:25:13,0.0,0.0,489.0,22.6,36.0
2023-12-17 17:35:13,0.0,0.0,481.0,22.5,36.0
2023-12-17 17:45:13,0.0,0.0,456.0,22.5,36.0
2023-12-17 17:55:13,0.0,0.0,477.0,22.5,36.0
2023-12-17 18:05:13,0.0,0.0,468.0,22.6,36.0
2023-12-17 18:15:13,0.0,0.0,459.0,22.5,36.0
2023-12-17 18:25:13,1.0,50.0,436.0,22.6,36.0
2023-12-17 18:35:12,0.0,50.0,483.0,22.5,36.0
2023-12-17 18:45:12,0.0,0.0,475.0,22.6,36.0
2023-12-17 18:55:12,0.0,0.0,443.0,22.6,36.0
2023-12-17 19:05:12,1.0,50.0,521.0,22.6,36.0
2023-12-17 19:15:12,0.0,50.0,495.0,22.6,36.0
2023-12-17 19:25:12,0.0,0.0,549.0,22.6,36.0
2023-12-17 19:35:12,1.0,0.0,526.0,22.6,36.0
2023-12-17 19:45:12,0.0,0.0,552.0,22.6,36.0
2023-12-17 19:55:12,0.0,0.0,547.0,22.6,36.0
2023-12-17 20:05:12,0.0,0.0,537.0,22.6,36.0
2023-12-17 20:15:12,0.0,0.0,528.0,22.6,36.0
2023-12-17 20:25:12,1.0,0.0,542.0,22.6,37.0
2023-12-17 20:35:12,0.0,0.0,531.0,22.7,36.0
2023-12-17 20:45:12,0.0,0.0,516.0,22.6,36.0
2023-12-17 20:55:12,0.0,0.0,522.0,22.6,36.0
2023-12-17 21:05:12,0.0,0.0,549.0,22.6,37.0
2023-12-17 21:15:12,0.0,0.0,561.0,22.6,37.0
2023-12-17 21:25:12,2.0,50.0,549.0,22.6,37.0
2023-12-17 21:35:12,0.0,50.0,546.0,22.6,37.0
2023-12-17 21:45:12,0.0,0.0,526.0,22.6,37.0
2023-12-17 21:55:12,0.0,0.0,506.0,22.6,36.0
2023-12-17 22:05:12,0.0,0.0,524.0,22.6,36.0
2023-12-17 22:15:12,0.0,0.0,514.0,22.6,36.0
2023-12-17 22:25:12,0.0,0.0,525.0,22.6,36.0
2023-12-17 22:35:12,0.0,0.0,525.0,22.7,36.0
2023-12-17 22:45:12,0.0,0.0,506.0,22.7,36.0
2023-12-17 22:55:12,0.0,0.0,508.0,22.7,36.0
2023-12-17 23:05:12,0.0,0.0,509.0,22.7,36.0
2023-12-17 23:15:12,0.0,0.0,505.0,22.6,36.0
2023-12-17 23:25:12,0.0,0.0,482.0,22.7,36.0
2023-12-17 23:35:12,1.0,50.0,514.0,22.7,36.0
2023-12-17 23:45:12,0.0,50.0,541.0,22.6,36.0
2023-12-17 23:55:11,0.0,0.0,510.0,22.7,37.0
2023-12-18 00:05:11,0.0,0.0,502.0,22.6,36.0
2023-12-18 00:15:11,0.0,0.0,481.0,22.6,36.0
2023-12-18 00:25:11,0.0,0.0,483.0,22.6,36.0
2023-12-18 00:35:11,0.0,0.0,478.0,22.6,36.0
2023-12-18 00:45:11,0.0,0.0,481.0,22.6,36.0
2023-12-18 00:55:11,0.0,0.0,466.0,22.6,36.0
2023-12-18 01:05:11,0.0,0.0,459.0,22.6,36.0
2023-12-18 01:15:11,0.0,0.0,442.0,22.6,36.0
2023-12-18 01:25:11,0.0,0.0,449.0,22.6,36.0
2023-12-18 01:35:11,0.0,0.0,454.0,22.6,36.0
2023-12-18 01:45:11,0.0,0.0,439.0,22.6,36.0
2023-12-18 01:55:11,0.0,0.0,439.0,22.6,36.0
2023-12-18 02:05:11,0.0,0.0,423.0,22.6,36.0
2023-12-18 02:15:11,0.0,0.0,440.0,22.6,36.0
2023-12-18 02:25:11,0.0,0.0,433.0,22.6,36.0
2023-12-18 02:35:11,0.0,0.0,422.0,22.6,36.0
2023-12-18 02:45:11,0.0,0.0,434.0,22.6,36.0
2023-12-18 02:55:11,0.0,0.0,422.0,22.6,36.0
2023-12-18 03:05:11,0.0,0.0,423.0,22.6,36.0
2023-12-18 03:15:11,0.0,0.0,417.0,22.6,36.0
2023-12-18 03:25:11,0.0,0.0,429.0,22.6,36.0
2023-12-18 03:35:11,0.0,0.0,411.0,22.6,36.0
2023-12-18 03:45:11,0.0,0.0,413.0,22.5,36.0
2023-12-18 03:55:11,0.0,0.0,410.0,22.6,36.0
2023-12-18 04:05:11,0.0,0.0,420.0,22.6,36.0
2023-12-18 04:15:11,0.0,0.0,417.0,22.6,36.0
2023-12-18 04:25:11,0.0,0.0,409.0,22.6,36.0
2023-12-18 04:35:11,0.0,0.0,422.0,22.6,36.0
2023-12-18 04:45:11,0.0,0.0,418.0,22.5,36.0
2023-12-18 04:55:11,0.0,0.0,405.0,22.6,36.0
2023-12-18 05:05:11,0.0,0.0,398.0,22.6,36.0
2023-12-18 05:15:10,0.0,0.0,406.0,22.6,36.0
2023-12-18 05:25:10,0.0,0.0,397.0,22.6,36.0
2023-12-18 05:35:10,0.0,0.0,398.0,22.6,36.0
2023-12-18 05:45:10,0.0,0.0,404.0,22.6,36.0
2023-12-18 05:55:10,0.0,0.0,393.0,22.6,36.0
2023-12-18 06:05:10,2.0,50.0,401.0,22.6,36.0
2023-12-18 06:15:10,1.0,50.0,407.0,22.6,36.0
2023-12-18 06:25:10,0.0,0.0,423.0,22.6,37.0
2023-12-18 06:35:10,0.0,0.0,398.0,22.6,36.0
2023-12-18 06:45:10,0.0,50.0,396.0,22.6,36.0
2023-12-18 06:55:10,0.0,50.0,413.0,22.6,36.0
2023-12-18 07:05:10,0.0,50.0,406.0,22.6,36.0
2023-12-18 07:15:10,1.0,50.0,407.0,22.6,36.0
2023-12-18 07:25:10,0.0,50.0,428.0,22.6,36.0
2023-12-18 07:35:10,2.0,50.0,407.0,22.8,36.0
2023-12-18 07:45:10,7.0,50.0,469.0,22.7,37.0
2023-12-18 07:55:10,4.0,50.0,477.0,22.7,37.0
2023-12-18 08:05:10,5.0,50.0,470.0,22.7,37.0
2023-12-18 08:15:10,2.0,50.0,479.0,22.8,37.0
2023-12-18 08:25:10,1.0,50.0,487.0,22.7,38.0
2023-12-18 08:35:10,0.0,50.0,501.0,22.8,38.0
2023-12-18 08:45:10,0.0,50.0,511.0,22.8,38.0
2023-12-18 08:55:10,1.0,50.0,529.0,22.8,38.0
2023-12-18 09:05:10,0.0,50.0,531.0,22.8,38.0
2023-12-18 09:15:10,6.0,50.0,553.0,22.8,38.0
2023-12-18 09:25:10,1.0,50.0,539.0,22.8,38.0
2023-12-18 09:35:10,2.0,50.0,565.0,22.8,38.0
2023-12-18 09:45:10,1.0,50.0,565.0,22.8,38.0
2023-12-18 09:55:10,2.0,50.0,586.0,22.8,38.0
2023-12-18 10:05:10,2.0,53.0,594.0,22.8,38.0
2023-12-18 10:15:10,2.0,53.0,574.0,22.8,38.0
2023-12-18 10:25:10,2.0,53.0,577.0,22.8,38.0
2023-12-18 10:35:10,4.0,53.0,593.0,22.8,38.0
2023-12-18 10:45:10,4.0,50.0,598.0,22.8,38.0
2023-12-18 10:55:09,1.0,57.0,634.0,22.9,38.0
2023-12-18 11:05:09,2.0,53.0,646.0,22.9,38.0
2023-12-18 11:15:09,3.0,57.0,646.0,23.0,38.0
2023-12-18 11:25:09,6.0,57.0,681.0,23.0,39.0
2023-12-18 11:35:09,5.0,53.0,661.0,23.0,39.0
2023-12-18 11:45:09,1.0,53.0,702.0,23.0,39.0
2023-12-18 11:55:09,7.0,50.0,698.0,23.0,39.0
2023-12-18 12:05:09,5.0,53.0,799.0,23.0,40.0
2023-12-18 12:15:09,9.0,53.0,741.0,23.0,39.0
2023-12-18 12:25:09,1.0,50.0,695.0,23.0,39.0
2023-12-18 12:35:09,4.0,53.0,702.0,23.0,39.0
2023-12-18 12:45:09,1.0,53.0,738.0,23.0,39.0
2023-12-18 12:55:09,5.0,50.0,775.0,23.0,40.0
2023-12-18 13:05:09,3.0,50.0,781.0,23.0,40.0
2023-12-18 13:15:09,8.0,53.0,868.0,23.0,40.0
2023-12-18 13:25:09,3.0,53.0,859.0,22.9,40.0
2023-12-18 13:35:09,4.0,53.0,882.0,23.1,40.0
2023-12-18 13:45:09,2.0,53.0,855.0,23.1,40.0
2023-12-18 13:55:09,0.0,53.0,881.0,23.1,40.0
2023-12-18 14:05:09,5.0,50.0,800.0,23.0,40.0
2023-12-18 14:15:09,2.0,50.0,846.0,22.9,40.0
2023-12-18 14:25:09,3.0,50.0,714.0,22.9,40.0
2023-12-18 14:35:09,5.0,53.0,867.0,23.0,40.0
2023-12-18 14:45:09,3.0,53.0,852.0,23.0,40.0
2023-12-18 14:55:09,3.0,50.0,878.0,23.0,40.0
2023-12-18 15:05:09,3.0,50.0,959.0,23.0,40.0
2023-12-18 15:15:09,1.0,50.0,797.0,22.9,40.0
2023-12-18 15:25:09,3.0,53.0,816.0,22.9,40.0
2023-12-18 15:35:09,6.0,53.0,837.0,22.9,40.0
2023-12-18 15:45:09,5.0,50.0,767.0,22.9,40.0
2023-12-18 15:55:09,5.0,50.0,821.0,22.9,40.0
2023-12-18 16:05:09,0.0,50.0,825.0,22.9,40.0
2023-12-18 16:15:08,2.0,50.0,872.0,22.9,40.0
2023-12-18 16:25:08,0.0,50.0,928.0,22.9,40.0
2023-12-18 16:35:08,1.0,50.0,951.0,23.0,41.0
2023-12-18 16:45:08,4.0,50.0,901.0,22.9,41.0
2023-12-18 16:55:08,3.0,53.0,847.0,22.9,40.0
2023-12-18 17:05:08,0.0,50.0,854.0,22.9,40.0
2023-12-18 17:15:08,0.0,50.0,934.0,22.9,40.0
2023-12-18 17:25:08,1.0,50.0,831.0,23.0,40.0
2023-12-18 17:35:08,0.0,3.0,1052.0,23.1,41.0
2023-12-18 17:45:08,1.0,3.0,880.0,23.0,40.0
2023-12-18 17:55:08,1.0,3.0,882.0,22.9,40.0
2023-12-18 18:05:08,3.0,3.0,796.0,22.9,40.0
2023-12-18 18:15:08,0.0,3.0,759.0,22.9,40.0
2023-12-18 18:25:08,2.0,0.0,979.0,23.0,40.0
2023-12-18 18:35:08,0.0,0.0,830.0,22.9,40.0
2023-12-18 18:45:08,0.0,0.0,769.0,22.8,40.0
2023-12-18 18:55:08,0.0,0.0,755.0,22.9,40.0
2023-12-18 19:05:08,0.0,0.0,767.0,22.9,39.0
2023-12-18 19:15:08,0.0,3.0,774.0,22.8,39.0
2023-12-18 19:25:08,0.0,0.0,792.0,22.8,39.0
2023-12-18 19:35:08,1.0,0.0,711.0,22.8,39.0
2023-12-18 19:45:08,0.0,0.0,724.0,22.8,39.0
2023-12-18 19:55:08,0.0,0.0,768.0,22.9,39.0
2023-12-18 20:05:08,1.0,0.0,701.0,22.9,39.0
2023-12-18 20:15:08,0.0,0.0,758.0,22.9,39.0
2023-12-18 20:25:08,0.0,47.0,703.0,22.8,39.0
2023-12-18 20:35:08,0.0,47.0,768.0,22.9,39.0
2023-12-18 20:45:08,2.0,0.0,692.0,22.8,39.0
2023-12-18 20:55:08,1.0,47.0,670.0,22.8,39.0
2023-12-18 21:05:08,0.0,47.0,748.0,22.8,39.0
2023-12-18 21:15:08,0.0,0.0,762.0,22.9,39.0
2023-12-18 21:25:08,0.0,0.0,750.0,22.8,39.0
2023-12-18 21:35:08,0.0,0.0,732.0,22.8,39.0
2023-12-18 21:45:07,0.0,0.0,723.0,22.8,39.0
2023-12-18 21:55:07,1.0,0.0,655.0,22.8,39.0
2023-12-18 22:05:07,0.0,0.0,688.0,22.8,39.0
2023-12-18 22:15:07,0.0,0.0,705.0,22.8,39.0
2023-12-18 22:25:07,1.0,37.0,679.0,22.8,39.0
2023-12-18 22:35:07,0.0,47.0,670.0,22.8,39.0
2023-12-18 22:45:07,0.0,0.0,691.0,22.8,39.0
2023-12-18 22:55:07,0.0,0.0,670.0,22.8,39.0
2023-12-18 23:05:07,0.0,0.0,672.0,22.8,39.0
2023-12-18 23:15:07,0.0,0.0,657.0,22.8,39.0
2023-12-18 23:25:07,0.0,0.0,659.0,22.8,39.0
2023-12-18 23:35:07,0.0,0.0,656.0,22.8,39.0
2023-12-18 23:45:07,0.0,0.0,653.0,22.8,39.0
2023-12-18 23:55:07,0.0,0.0,640.0,22.8,39.0
2023-12-19 00:05:07,0.0,0.0,628.0,22.8,39.0
2023-12-19 00:15:07,0.0,0.0,619.0,22.8,38.0
2023-12-19 00:25:07,0.0,0.0,605.0,22.8,39.0
2023-12-19 00:35:07,0.0,0.0,621.0,22.8,39.0
2023-12-19 00:45:07,0.0,0.0,608.0,22.8,39.0
2023-12-19 00:55:07,0.0,0.0,606.0,22.8,38.0
2023-12-19 01:05:07,0.0,0.0,604.0,22.8,38.0
2023-12-19 01:15:07,0.0,0.0,596.0,22.8,38.0
2023-12-19 01:25:07,0.0,0.0,593.0,22.8,38.0
2023-12-19 01:35:07,0.0,0.0,565.0,22.8,38.0
2023-12-19 01:45:07,0.0,0.0,572.0,22.8,38.0
2023-12-19 01:55:07,0.0,0.0,578.0,22.8,38.0
2023-12-19 02:05:07,0.0,0.0,560.0,22.8,38.0
2023-12-19 02:15:07,0.0,0.0,579.0,22.8,38.0
2023-12-19 02:25:07,0.0,0.0,567.0,22.8,38.0
2023-12-19 02:35:07,0.0,0.0,544.0,22.8,38.0
2023-12-19 02:45:07,0.0,0.0,568.0,22.8,38.0
2023-12-19 02:55:07,0.0,0.0,527.0,22.8,38.0
2023-12-19 03:05:07,0.0,0.0,548.0,22.8,38.0
2023-12-19 03:15:06,2.0,47.0,514.0,22.8,38.0
2023-12-19 03:25:06,0.0,47.0,540.0,22.8,38.0
2023-12-19 03:35:06,0.0,0.0,537.0,22.8,38.0
2023-12-19 03:45:06,0.0,0.0,529.0,22.8,38.0
2023-12-19 03:55:06,0.0,0.0,523.0,22.8,38.0
2023-12-19 04:05:06,0.0,0.0,505.0,22.8,38.0
2023-12-19 04:15:06,2.0,47.0,493.0,22.8,38.0
2023-12-19 04:25:06,0.0,47.0,528.0,22.8,38.0
2023-12-19 04:35:06,0.0,0.0,533.0,22.9,38.0
2023-12-19 04:45:06,0.0,0.0,509.0,22.8,38.0
2023-12-19 04:55:06,0.0,0.0,506.0,22.8,38.0
2023-12-19 05:05:06,0.0,0.0,496.0,22.9,38.0
2023-12-19 05:15:06,0.0,0.0,496.0,22.8,38.0
2023-12-19 05:25:06,0.0,0.0,500.0,22.9,38.0
2023-12-19 05:35:06,0.0,0.0,481.0,22.8,38.0
2023-12-19 05:45:06,0.0,0.0,485.0,22.9,38.0
2023-12-19 05:55:06,0.0,0.0,482.0,22.8,38.0
2023-12-19 06:05:06,0.0,0.0,477.0,22.8,38.0
2023-12-19 06:15:06,2.0,47.0,464.0,22.9,38.0
2023-12-19 06:25:06,2.0,50.0,501.0,22.8,38.0
2023-12-19 06:35:06,2.0,47.0,514.0,22.8,38.0
2023-12-19 06:45:06,0.0,50.0,509.0,22.8,38.0
2023-12-19 06:55:06,0.0,50.0,527.0,22.8,38.0
2023-12-19 07:05:06,0.0,50.0,584.0,22.8,39.0
2023-12-19 07:15:06,0.0,50.0,549.0,22.8,39.0
2023-12-19 07:25:06,1.0,47.0,527.0,22.8,38.0
2023-12-19 07:35:06,0.0,47.0,529.0,22.8,38.0
2023-12-19 07:45:06,0.0,47.0,496.0,22.8,38.0
2023-12-19 07:55:06,3.0,47.0,548.0,22.9,38.0
2023-12-19 08:05:06,0.0,47.0,530.0,22.9,38.0
2023-12-19 08:15:06,0.0,47.0,532.0,22.9,38.0
2023-12-19 08:25:06,3.0,47.0,541.0,22.9,38.0
2023-12-19 08:35:06,1.0,50.0,575.0,22.8,39.0
2023-12-19 08:45:05,3.0,50.0,611.0,22.8,39.0
2023-12-19 08:55:05,3.0,50.0,590.0,22.8,39.0
2023-12-19 09:05:05,1.0,50.0,586.0,22.9,39.0
2023-12-19 09:15:05,2.0,50.0,607.0,22.8,39.0
2023-12-19 09:25:05,3.0,50.0,658.0,22.9,39.0
2023-12-19 09:35:05,4.0,50.0,682.0,22.8,39.0
2023-12-19 09:45:05,3.0,50.0,1019.0,22.9,41.0
2023-12-19 09:55:05,3.0,50.0,706.0,22.9,40.0
2023-12-19 10:05:05,4.0,50.0,701.0,22.8,40.0
2023-12-19 10:15:05,0.0,50.0,672.0,22.9,39.0
2023-12-19 10:25:05,1.0,50.0,708.0,22.9,40.0
2023-12-19 10:35:05,6.0,50.0,720.0,22.9,40.0
2023-12-19 10:45:05,0.0,50.0,707.0,22.9,40.0
2023-12-19 10:55:05,0.0,50.0,663.0,22.9,39.0
2023-12-19 11:05:05,3.0,50.0,739.0,22.9,40.0
2023-12-19 11:15:05,2.0,50.0,613.0,22.9,39.0
2023-12-19 11:25:05,4.0,50.0,615.0,22.9,39.0
2023-12-19 11:35:05,3.0,50.0,660.0,22.9,39.0
2023-12-19 11:45:05,3.0,50.0,621.0,22.9,39.0
2023-12-19 11:55:05,0.0,50.0,609.0,22.9,38.0
2023-12-19 12:05:05,5.0,50.0,635.0,22.9,39.0
2023-12-19 12:15:05,8.0,50.0,653.0,22.9,39.0
2023-12-19 12:25:05,0.0,50.0,1096.0,23.0,41.0
2023-12-19 12:35:05,0.0,50.0,809.0,23.0,40.0
2023-12-19 12:45:05,0.0,50.0,793.0,23.1,40.0
2023-12-19 12:55:05,1.0,50.0,761.0,23.1,40.0
2023-12-19 13:05:05,0.0,50.0,748.0,23.0,39.0
2023-12-19 13:15:05,2.0,53.0,753.0,23.0,39.0
2023-12-19 13:25:05,2.0,53.0,712.0,23.0,39.0
2023-12-19 13:35:05,4.0,53.0,683.0,23.0,39.0
2023-12-19 13:45:05,0.0,53.0,654.0,23.0,38.0
2023-12-19 13:55:05,4.0,50.0,770.0,23.0,39.0
2023-12-19 14:05:05,3.0,50.0,749.0,22.9,39.0
2023-12-19 14:15:04,0.0,50.0,685.0,23.0,39.0
2023-12-19 14:25:05,0.0,50.0,758.0,23.0,39.0
2023-12-19 14:35:04,3.0,50.0,741.0,22.9,39.0
2023-12-19 14:45:04,3.0,50.0,709.0,23.0,39.0
2023-12-19 14:55:04,2.0,50.0,688.0,23.0,38.0
2023-12-19 15:05:04,0.0,47.0,695.0,23.0,38.0
2023-12-19 15:15:04,3.0,50.0,701.0,23.0,38.0
2023-12-19 15:25:04,2.0,50.0,745.0,23.0,39.0
2023-12-19 15:35:04,0.0,50.0,797.0,23.0,39.0
2023-12-19 15:45:04,1.0,50.0,764.0,23.0,39.0
2023-12-19 15:55:04,3.0,50.0,756.0,23.0,39.0
2023-12-19 16:05:04,1.0,50.0,1046.0,23.0,40.0
2023-12-19 16:15:04,0.0,50.0,780.0,23.1,39.0
2023-12-19 16:25:04,1.0,50.0,764.0,23.1,39.0
2023-12-19 16:35:04,1.0,50.0,756.0,23.0,39.0
2023-12-19 16:45:04,3.0,50.0,760.0,23.0,39.0
2023-12-19 16:55:04,0.0,50.0,721.0,23.0,39.0
2023-12-19 17:05:04,0.0,50.0,692.0,23.0,39.0
2023-12-19 17:15:04,0.0,50.0,692.0,23.0,39.0
2023-12-19 17:25:04,1.0,50.0,708.0,23.0,38.0
2023-12-19 17:35:04,1.0,0.0,687.0,23.0,38.0
2023-12-19 17:45:04,0.0,0.0,699.0,23.1,38.0
2023-12-19 17:55:04,0.0,0.0,697.0,23.1,38.0
2023-12-19 18:05:04,0.0,0.0,676.0,23.0,38.0
2023-12-19 18:15:04,0.0,0.0,643.0,23.0,38.0
2023-12-19 18:25:04,0.0,0.0,627.0,23.0,38.0
2023-12-19 18:35:04,0.0,0.0,635.0,23.0,38.0
2023-12-19 18:45:04,0.0,0.0,602.0,23.0,38.0
2023-12-19 18:55:04,0.0,0.0,593.0,23.0,38.0
2023-12-19 19:05:04,1.0,50.0,596.0,22.9,37.0
2023-12-19 19:15:04,0.0,50.0,598.0,22.9,37.0
2023-12-19 19:25:04,0.0,0.0,605.0,22.9,37.0
2023-12-19 19:35:03,0.0,0.0,604.0,22.9,37.0
2023-12-19 19:45:03,0.0,0.0,605.0,23.0,37.0
2023-12-19 19:55:03,0.0,0.0,594.0,22.9,37.0
2023-12-19 20:05:03,0.0,0.0,584.0,22.9,37.0
2023-12-19 20:15:03,0.0,0.0,584.0,22.8,37.0
2023-12-19 20:25:36,0.0,0.0,589.0,22.9,37.0
2023-12-19 20:35:10,0.0,0.0,584.0,22.9,37.0
2023-12-19 20:45:10,0.0,0.0,557.0,22.9,37.0
2023-12-19 20:55:08,0.0,0.0,561.0,23.0,37.0
2023-12-19 21:05:11,0.0,0.0,548.0,22.9,37.0
2023-12-19 21:15:09,1.0,47.0,539.0,22.9,37.0
2023-12-19 21:25:07,0.0,50.0,546.0,22.9,37.0
2023-12-19 21:35:10,0.0,0.0,537.0,22.9,37.0
2023-12-19 21:45:07,1.0,0.0,627.0,23.0,37.0
2023-12-19 21:55:06,0.0,0.0,659.0,22.9,37.0
2023-12-19 22:05:17,1.0,0.0,607.0,22.9,37.0
2023-12-19 22:15:11,0.0,0.0,599.0,22.9,36.0
2023-12-19 22:25:35,0.0,0.0,590.0,22.9,37.0
2023-12-19 22:35:15,0.0,0.0,604.0,22.9,37.0
2023-12-19 22:45:12,0.0,0.0,580.0,22.9,37.0
2023-12-19 22:55:08,0.0,0.0,556.0,22.9,36.0
2023-12-19 23:05:14,0.0,0.0,580.0,22.9,36.0
2023-12-19 23:15:07,0.0,0.0,575.0,22.9,37.0
2023-12-19 23:25:03,0.0,0.0,560.0,22.9,37.0
2023-12-19 23:35:03,0.0,0.0,530.0,22.9,36.0
2023-12-19 23:45:03,0.0,0.0,520.0,22.9,36.0
2023-12-19 23:55:03,0.0,0.0,551.0,22.9,36.0
2023-12-20 00:05:03,0.0,0.0,527.0,22.9,36.0
2023-12-20 00:15:03,0.0,0.0,493.0,22.9,36.0
2023-12-20 00:25:03,0.0,0.0,506.0,22.9,36.0
2023-12-20 00:35:03,0.0,0.0,498.0,22.9,36.0
2023-12-20 00:45:03,0.0,0.0,510.0,22.9,36.0
2023-12-20 00:55:03,0.0,0.0,502.0,22.9,36.0
2023-12-20 01:05:02,0.0,0.0,511.0,22.9,36.0
2023-12-20 01:15:02,0.0,0.0,501.0,22.8,36.0
2023-12-20 01:25:02,0.0,0.0,489.0,22.9,36.0
2023-12-20 01:35:02,0.0,0.0,485.0,22.8,36.0
2023-12-20 01:45:03,0.0,0.0,501.0,22.9,36.0
2023-12-20 01:55:02,0.0,0.0,501.0,22.9,36.0
2023-12-20 02:05:02,0.0,0.0,483.0,22.9,36.0
2023-12-20 02:15:02,0.0,0.0,464.0,22.9,36.0
2023-12-20 02:25:02,0.0,0.0,477.0,22.8,36.0
2023-12-20 02:35:02,0.0,0.0,470.0,22.9,36.0
2023-12-20 02:45:02,0.0,0.0,477.0,22.8,36.0
2023-12-20 02:55:02,0.0,0.0,472.0,22.9,36.0
2023-12-20 03:05:02,0.0,0.0,482.0,22.8,35.0
2023-12-20 03:15:02,2.0,50.0,431.0,22.9,34.0
2023-12-20 03:25:02,0.0,50.0,463.0,22.9,35.0
2023-12-20 03:35:02,0.0,0.0,477.0,22.8,35.0
2023-12-20 03:45:02,0.0,0.0,471.0,22.9,35.0
2023-12-20 03:55:02,0.0,0.0,483.0,22.9,35.0
2023-12-20 04:05:02,0.0,0.0,475.0,22.9,35.0
2023-12-20 04:15:02,0.0,0.0,465.0,22.9,35.0
2023-12-20 04:25:02,0.0,50.0,432.0,22.9,35.0
2023-12-20 04:35:02,0.0,50.0,481.0,22.9,35.0
2023-12-20 04:45:02,0.0,0.0,458.0,22.9,35.0
2023-12-20 04:55:02,0.0,0.0,472.0,22.9,36.0
2023-12-20 05:05:02,0.0,0.0,462.0,22.9,35.0
2023-12-20 05:15:02,0.0,0.0,451.0,22.9,35.0
2023-12-20 05:25:02,0.0,0.0,469.0,22.8,35.0
2023-12-20 05:35:02,0.0,0.0,445.0,22.9,35.0
2023-12-20 05:45:02,0.0,0.0,446.0,22.9,35.0
2023-12-20 05:55:02,0.0,0.0,450.0,22.9,35.0
2023-12-20 06:05:02,0.0,50.0,394.0,22.9,34.0
2023-12-20 06:15:02,2.0,50.0,432.0,22.9,35.0
2023-12-20 06:25:02,0.0,50.0,430.0,22.9,35.0
2023-12-20 06:35:01,0.0,50.0,442.0,22.9,35.0
2023-12-20 06:45:01,0.0,0.0,452.0,22.9,35.0
2023-12-20 06:55:01,2.0,47.0,436.0,22.9,35.0
2023-12-20 07:05:01,1.0,47.0,461.0,22.8,35.0
2023-12-20 07:15:02,0.0,47.0,454.0,22.9,35.0
2023-12-20 07:25:01,0.0,47.0,448.0,22.8,35.0
2023-12-20 07:35:01,0.0,47.0,465.0,22.8,35.0
2023-12-20 07:45:01,0.0,47.0,454.0,22.9,35.0
2023-12-20 07:55:01,2.0,47.0,459.0,22.8,34.0
2023-12-20 08:05:01,3.0,47.0,477.0,22.8,34.0
2023-12-20 08:15:01,0.0,47.0,456.0,22.8,34.0
2023-12-20 08:25:01,3.0,47.0,506.0,22.7,34.0
2023-12-20 08:35:01,0.0,47.0,522.0,22.8,35.0
2023-12-20 08:45:01,2.0,47.0,537.0,22.7,35.0
2023-12-20 08:55:01,2.0,50.0,563.0,22.8,35.0
2023-12-20 09:05:01,3.0,53.0,557.0,22.8,36.0
2023-12-20 09:15:01,2.0,53.0,493.0,22.8,35.0
2023-12-20 09:25:01,1.0,50.0,517.0,22.8,35.0
2023-12-20 09:35:01,3.0,50.0,571.0,22.8,35.0
2023-12-20 09:45:01,0.0,50.0,507.0,22.8,35.0
2023-12-20 09:55:02,3.0,50.0,543.0,22.8,35.0
2023-12-20 10:05:01,4.0,50.0,572.0,22.8,35.0
2023-12-20 10:15:01,2.0,53.0,618.0,22.8,35.0
2023-12-20 10:25:01,3.0,50.0,613.0,22.8,35.0
2023-12-20 10:35:01,3.0,50.0,627.0,22.8,35.0
2023-12-20 10:45:01,2.0,50.0,623.0,22.8,35.0
2023-12-20 10:55:01,3.0,50.0,671.0,22.8,36.0
2023-12-20 11:05:01,6.0,57.0,693.0,22.8,36.0
2023-12-20 11:15:01,0.0,53.0,659.0,22.8,35.0
2023-12-20 11:25:01,1.0,47.0,772.0,22.8,36.0
2023-12-20 11:35:01,3.0,50.0,771.0,22.8,36.0
2023-12-20 11:45:01,1.0,47.0,710.0,22.9,36.0
2023-12-20 11:55:01,0.0,50.0,720.0,22.9,36.0
2023-12-20 12:05:00,2.0,53.0,687.0,22.9,35.0
2023-12-20 12:15:01,3.0,50.0,710.0,22.9,36.0
2023-12-20 12:25:00,5.0,53.0,729.0,22.9,36.0
2023-12-20 12:35:01,0.0,50.0,755.0,22.9,36.0
2023-12-20 12:45:00,2.0,50.0,729.0,22.8,36.0
2023-12-20 12:55:00,4.0,50.0,799.0,22.9,36.0
2023-12-20 13:05:00,4.0,53.0,759.0,22.8,36.0
2023-12-20 13:15:00,2.0,53.0,859.0,22.9,36.0
2023-12-20 13:25:00,3.0,57.0,787.0,22.8,36.0
2023-12-20 13:35:00,2.0,53.0,745.0,22.8,36.0
2023-12-20 13:45:00,4.0,53.0,823.0,22.9,36.0
2023-12-20 13:55:00,0.0,53.0,776.0,22.9,36.0
2023-12-20 14:05:00,2.0,53.0,688.0,22.9,35.0
2023-12-20 14:15:00,0.0,50.0,656.0,22.8,35.0
2023-12-20 14:25:00,2.0,50.0,714.0,22.9,35.0
2023-12-20 14:35:00,1.0,50.0,755.0,22.8,35.0
2023-12-20 14:45:00,4.0,47.0,755.0,22.9,35.0
2023-12-20 14:55:00,2.0,50.0,740.0,22.9,35.0
2023-12-20 15:05:00,6.0,47.0,722.0,22.8,35.0
2023-12-20 15:15:00,0.0,47.0,753.0,22.9,35.0
2023-12-20 15:25:00,1.0,47.0,736.0,22.9,35.0
2023-12-20 15:35:00,0.0,47.0,731.0,22.9,35.0
2023-12-20 15:45:00,0.0,47.0,709.0,22.8,35.0
2023-12-20 15:55:00,4.0,50.0,703.0,22.9,35.0
2023-12-20 16:05:00,0.0,47.0,694.0,22.9,35.0
2023-12-20 16:15:00,0.0,47.0,692.0,22.9,35.0
2023-12-20 16:25:00,0.0,47.0,674.0,22.9,35.0
2023-12-20 16:35:00,0.0,47.0,638.0,22.9,35.0
2023-12-20 16:45:00,1.0,47.0,594.0,22.9,34.0
2023-12-20 16:55:00,1.0,47.0,851.0,22.9,35.0
2023-12-20 17:05:00,0.0,47.0,775.0,22.9,35.0
2023-12-20 17:15:00,1.0,47.0,740.0,22.9,35.0
2023-12-20 17:25:00,0.0,47.0,730.0,23.0,35.0
2023-12-20 17:35:00,1.0,0.0,705.0,23.0,35.0
2023-12-20 17:44:59,0.0,0.0,666.0,23.0,35.0
2023-12-20 17:55:00,2.0,0.0,639.0,22.9,34.0
2023-12-20 18:04:59,0.0,0.0,611.0,22.9,34.0
2023-12-20 18:14:59,0.0,47.0,580.0,22.9,34.0
2023-12-20 18:24:59,0.0,47.0,582.0,22.9,34.0
2023-12-20 18:34:59,0.0,0.0,552.0,22.9,34.0
2023-12-20 18:44:59,0.0,0.0,561.0,22.9,34.0
2023-12-20 18:54:59,0.0,0.0,549.0,22.9,34.0
2023-12-20 19:04:59,0.0,0.0,604.0,22.9,34.0
2023-12-20 19:14:59,0.0,0.0,627.0,22.9,34.0
2023-12-20 19:24:59,0.0,43.0,643.0,22.9,34.0
2023-12-20 19:34:59,0.0,50.0,631.0,22.8,34.0
2023-12-20 19:44:59,0.0,0.0,644.0,22.9,34.0
2023-12-20 19:54:59,0.0,0.0,607.0,22.9,34.0
2023-12-20 20:04:59,0.0,0.0,591.0,22.9,34.0
2023-12-20 20:14:59,0.0,0.0,582.0,22.9,34.0
2023-12-20 20:24:59,1.0,47.0,548.0,22.9,34.0
2023-12-20 20:34:59,0.0,50.0,565.0,22.8,34.0
2023-12-20 20:44:59,0.0,0.0,579.0,22.8,34.0
2023-12-20 20:54:59,0.0,0.0,574.0,22.9,34.0
2023-12-20 21:04:59,0.0,0.0,567.0,22.8,34.0
2023-12-20 21:14:59,0.0,0.0,551.0,22.9,34.0
2023-12-20 21:24:59,0.0,0.0,534.0,22.8,34.0
2023-12-20 21:34:59,0.0,0.0,539.0,22.9,34.0
2023-12-20 21:44:59,0.0,0.0,534.0,22.8,34.0
2023-12-20 21:54:59,1.0,0.0,516.0,22.8,33.0
2023-12-20 22:04:59,0.0,0.0,523.0,22.8,33.0
2023-12-20 22:14:59,0.0,0.0,526.0,22.8,33.0
2023-12-20 22:24:59,0.0,0.0,525.0,22.9,33.0
2023-12-20 22:34:59,0.0,0.0,518.0,22.8,33.0
2023-12-20 22:44:59,0.0,0.0,511.0,22.8,33.0
2023-12-20 22:54:59,0.0,0.0,509.0,22.8,33.0
2023-12-20 23:04:58,0.0,0.0,508.0,22.8,33.0
2023-12-20 23:14:59,0.0,0.0,504.0,22.8,33.0
2023-12-20 23:24:58,0.0,0.0,497.0,22.8,33.0
2023-12-20 23:34:58,0.0,0.0,490.0,22.8,33.0
2023-12-20 23:44:58,0.0,0.0,483.0,22.8,33.0
2023-12-20 23:54:58,0.0,0.0,502.0,22.8,33.0
2023-12-21 00:04:58,0.0,0.0,475.0,22.8,33.0
2023-12-21 00:14:58,0.0,0.0,492.0,22.8,33.0
2023-12-21 00:24:58,0.0,0.0,491.0,22.8,33.0
2023-12-21 00:34:58,0.0,0.0,481.0,22.7,33.0
2023-12-21 00:44:58,0.0,0.0,483.0,22.7,33.0
2023-12-21 00:54:58,0.0,0.0,475.0,22.7,33.0
2023-12-21 01:04:58,0.0,0.0,455.0,22.8,33.0
2023-12-21 01:14:58,0.0,0.0,469.0,22.8,33.0
2023-12-21 01:24:58,0.0,0.0,476.0,22.7,33.0
2023-12-21 01:34:58,0.0,0.0,472.0,22.8,33.0
2023-12-21 01:44:58,0.0,0.0,466.0,22.7,33.0
2023-12-21 01:54:58,0.0,0.0,458.0,22.8,33.0
2023-12-21 02:04:58,0.0,0.0,454.0,22.7,33.0
2023-12-21 02:14:58,0.0,0.0,458.0,22.8,33.0
2023-12-21 02:24:58,0.0,0.0,452.0,22.7,33.0
2023-12-21 02:34:58,0.0,0.0,463.0,22.8,33.0
2023-12-21 02:44:58,0.0,0.0,456.0,22.7,33.0
2023-12-21 02:54:58,0.0,0.0,455.0,22.7,33.0
2023-12-21 03:04:58,0.0,0.0,441.0,22.7,33.0
2023-12-21 03:14:58,0.0,0.0,447.0,22.7,33.0
2023-12-21 03:24:58,1.0,47.0,459.0,22.8,33.0
2023-12-21 03:34:58,0.0,47.0,433.0,22.7,33.0
2023-12-21 03:44:58,0.0,0.0,450.0,22.8,33.0
2023-12-21 03:54:58,0.0,0.0,443.0,22.7,33.0
2023-12-21 04:04:58,0.0,0.0,443.0,22.8,33.0
2023-12-21 04:14:58,2.0,47.0,415.0,22.8,32.0
2023-12-21 04:24:58,0.0,47.0,438.0,22.8,33.0
2023-12-21 04:34:58,0.0,0.0,461.0,22.8,33.0
2023-12-21 04:44:57,0.0,0.0,426.0,22.8,33.0
2023-12-21 04:54:57,0.0,0.0,453.0,22.8,33.0
2023-12-21 05:04:57,0.0,0.0,443.0,22.7,33.0
2023-12-21 05:14:57,2.0,50.0,428.0,22.8,33.0
2023-12-21 05:24:57,0.0,47.0,437.0,22.8,33.0
2023-12-21 05:34:57,0.0,0.0,428.0,22.7,33.0
2023-12-21 05:44:57,0.0,0.0,435.0,22.7,33.0
2023-12-21 05:54:57,0.0,0.0,435.0,22.7,33.0
2023-12-21 06:04:57,0.0,0.0,423.0,22.7,33.0
2023-12-21 06:14:57,0.0,0.0,444.0,22.7,33.0
2023-12-21 06:24:57,1.0,47.0,428.0,22.7,33.0
2023-12-21 06:34:57,1.0,47.0,422.0,22.7,33.0
2023-12-21 06:44:58,1.0,47.0,429.0,22.7,33.0
2023-12-21 06:54:57,0.0,47.0,432.0,22.8,33.0
2023-12-21 07:04:57,6.0,47.0,444.0,22.8,33.0
2023-12-21 07:14:57,2.0,47.0,435.0,22.7,34.0
2023-12-21 07:24:57,1.0,47.0,455.0,22.7,34.0
2023-12-21 07:34:57,1.0,47.0,493.0,22.7,34.0
2023-12-21 07:44:58,2.0,47.0,470.0,22.8,34.0
2023-12-21 07:54:57,0.0,47.0,473.0,22.8,34.0
2023-12-21 08:04:57,2.0,50.0,480.0,22.7,34.0
2023-12-21 08:14:57,1.0,47.0,483.0,22.7,35.0
2023-12-21 08:24:57,0.0,47.0,493.0,22.7,34.0
2023-12-21 08:34:57,2.0,50.0,495.0,22.8,35.0
2023-12-21 08:44:57,2.0,50.0,479.0,22.7,35.0
2023-12-21 08:54:57,0.0,50.0,484.0,22.7,35.0
2023-12-21 09:04:57,2.0,50.0,486.0,22.7,35.0
2023-12-21 09:14:57,0.0,50.0,515.0,22.7,35.0
2023-12-21 09:24:57,0.0,50.0,524.0,22.8,35.0
2023-12-21 09:34:57,0.0,50.0,542.0,22.8,35.0
2023-12-21 09:44:57,0.0,50.0,570.0,22.8,35.0
2023-12-21 09:54:57,0.0,50.0,552.0,22.7,35.0
2023-12-21 10:04:56,6.0,50.0,560.0,22.7,35.0
2023-12-21 10:14:56,2.0,50.0,681.0,22.7,36.0
2023-12-21 10:24:56,2.0,47.0,661.0,22.8,37.0
2023-12-21 10:34:56,1.0,50.0,661.0,22.7,37.0
2023-12-21 10:44:56,0.0,50.0,644.0,22.8,36.0
2023-12-21 10:54:56,3.0,50.0,622.0,22.7,36.0
2023-12-21 11:04:56,0.0,50.0,630.0,22.8,36.0
2023-12-21 11:14:56,2.0,50.0,615.0,22.7,36.0
2023-12-21 11:24:56,1.0,50.0,607.0,22.7,36.0
2023-12-21 11:34:56,1.0,47.0,617.0,22.8,36.0
2023-12-21 11:44:56,2.0,50.0,597.0,22.8,36.0
2023-12-21 11:54:56,4.0,47.0,613.0,22.8,36.0
2023-12-21 12:04:56,3.0,50.0,662.0,22.7,36.0
2023-12-21 12:14:56,1.0,47.0,630.0,22.8,36.0
2023-12-21 12:24:56,2.0,47.0,647.0,22.8,36.0
2023-12-21 12:34:56,1.0,47.0,649.0,22.8,36.0
2023-12-21 12:44:56,0.0,50.0,629.0,22.8,36.0
2023-12-21 12:54:56,0.0,50.0,625.0,22.8,36.0
2023-12-21 13:04:56,1.0,53.0,633.0,22.8,36.0
2023-12-21 13:14:56,0.0,50.0,631.0,22.8,36.0
2023-12-21 13:24:56,0.0,50.0,673.0,22.8,37.0
2023-12-21 13:34:56,2.0,50.0,615.0,22.9,36.0
2023-12-21 13:44:56,0.0,50.0,645.0,22.9,36.0
2023-12-21 13:54:56,0.0,50.0,674.0,22.8,37.0
2023-12-21 14:04:56,1.0,53.0,651.0,22.8,36.0
2023-12-21 14:14:56,1.0,53.0,659.0,22.8,36.0
2023-12-21 14:24:56,1.0,50.0,638.0,22.8,36.0
2023-12-21 14:34:56,0.0,50.0,629.0,22.9,36.0
2023-12-21 14:44:56,0.0,50.0,624.0,22.8,36.0
2023-12-21 14:54:56,1.0,50.0,611.0,22.8,36.0
2023-12-21 15:04:56,3.0,47.0,593.0,22.8,36.0
2023-12-21 15:14:56,0.0,47.0,593.0,22.8,36.0
2023-12-21 15:24:55,0.0,47.0,620.0,22.8,36.0
2023-12-21 15:34:55,0.0,50.0,604.0,22.9,36.0
2023-12-21 15:44:55,0.0,50.0,626.0,22.8,36.0
2023-12-21 15:54:55,0.0,50.0,613.0,22.8,36.0
2023-12-21 16:04:55,0.0,50.0,609.0,22.8,36.0
2023-12-21 16:14:55,0.0,47.0,595.0,22.8,35.0
2023-12-21 16:24:55,0.0,47.0,611.0,22.8,35.0
2023-12-21 16:34:55,0.0,50.0,590.0,22.8,35.0
2023-12-21 16:44:55,2.0,50.0,569.0,22.8,35.0
2023-12-21 16:54:55,0.0,50.0,576.0,22.8,35.0
2023-12-21 17:04:55,0.0,50.0,587.0,22.9,35.0
2023-12-21 17:14:55,0.0,50.0,587.0,22.8,35.0
2023-12-21 17:24:55,0.0,50.0,595.0,22.9,35.0
2023-12-21 17:34:55,0.0,0.0,569.0,22.9,35.0
2023-12-21 17:44:55,0.0,0.0,564.0,22.9,35.0
2023-12-21 17:54:55,0.0,0.0,567.0,22.9,35.0
2023-12-21 18:04:55,0.0,0.0,553.0,22.9,35.0
2023-12-21 18:14:55,0.0,0.0,547.0,22.8,35.0
2023-12-21 18:24:55,0.0,0.0,546.0,22.9,35.0
2023-12-21 18:34:55,0.0,0.0,540.0,22.9,35.0
2023-12-21 18:44:55,0.0,0.0,540.0,22.9,34.0
2023-12-21 18:54:55,0.0,0.0,538.0,22.9,34.0
2023-12-21 19:04:55,2.0,47.0,512.0,22.8,34.0
2023-12-21 19:14:55,0.0,47.0,507.0,22.8,34.0
2023-12-21 19:24:55,0.0,0.0,530.0,22.8,34.0
2023-12-21 19:34:55,0.0,0.0,493.0,22.8,34.0
2023-12-21 19:44:55,0.0,47.0,475.0,22.8,34.0
2023-12-21 19:54:55,1.0,47.0,471.0,22.8,34.0
2023-12-21 20:04:55,0.0,0.0,486.0,22.8,34.0
2023-12-21 20:14:55,0.0,0.0,479.0,22.8,34.0
2023-12-21 20:24:55,0.0,0.0,479.0,22.8,34.0
2023-12-21 20:34:55,0.0,0.0,480.0,22.7,34.0
2023-12-21 20:44:55,0.0,0.0,460.0,22.7,34.0
2023-12-21 20:54:54,0.0,0.0,470.0,22.7,34.0
2023-12-21 21:04:54,1.0,47.0,469.0,22.7,34.0
2023-12-21 21:14:54,0.0,47.0,463.0,22.8,34.0
2023-12-21 21:24:54,0.0,0.0,447.0,22.7,34.0
2023-12-21 21:34:54,0.0,0.0,438.0,22.8,34.0
2023-12-21 21:44:54,1.0,0.0,449.0,22.7,34.0
2023-12-21 21:54:54,0.0,0.0,454.0,22.7,34.0
2023-12-21 22:04:54,0.0,0.0,441.0,22.7,34.0
2023-12-21 22:14:54,0.0,0.0,435.0,22.7,34.0
2023-12-21 22:24:54,0.0,0.0,434.0,22.7,34.0
2023-12-21 22:34:54,0.0,0.0,432.0,22.7,34.0
2023-12-21 22:44:54,0.0,0.0,426.0,22.7,34.0
2023-12-21 22:54:54,0.0,0.0,426.0,22.7,34.0
2023-12-21 23:04:54,0.0,0.0,438.0,22.7,34.0
2023-12-21 23:14:54,0.0,0.0,418.0,22.7,34.0
2023-12-21 23:24:54,0.0,0.0,427.0,22.7,34.0
2023-12-21 23:34:54,0.0,0.0,434.0,22.7,34.0
2023-12-21 23:44:54,0.0,0.0,450.0,22.7,34.0
2023-12-21 23:54:54,0.0,0.0,429.0,22.6,34.0
2023-12-22 00:04:54,0.0,0.0,430.0,22.7,34.0
2023-12-22 00:14:54,0.0,0.0,422.0,22.7,34.0
2023-12-22 00:24:54,0.0,0.0,411.0,22.7,34.0
2023-12-22 00:34:54,0.0,0.0,418.0,22.7,33.0
2023-12-22 00:44:54,0.0,0.0,402.0,22.7,33.0
2023-12-22 00:54:54,0.0,0.0,408.0,22.6,33.0
2023-12-22 01:04:54,0.0,0.0,404.0,22.7,33.0
2023-12-22 01:14:54,0.0,0.0,403.0,22.6,33.0
2023-12-22 01:24:54,0.0,0.0,407.0,22.7,33.0
2023-12-22 01:34:54,0.0,0.0,399.0,22.6,33.0
2023-12-22 01:44:54,0.0,0.0,404.0,22.7,33.0
2023-12-22 01:54:54,0.0,0.0,403.0,22.6,33.0
2023-12-22 02:04:54,0.0,0.0,407.0,22.6,33.0
2023-12-22 02:14:54,0.0,0.0,409.0,22.6,33.0
2023-12-22 02:24:53,0.0,0.0,401.0,22.6,33.0
2023-12-22 02:34:53,0.0,0.0,396.0,22.6,32.0
2023-12-22 02:44:53,0.0,0.0,404.0,22.6,32.0
2023-12-22 02:54:54,0.0,0.0,396.0,22.6,32.0
2023-12-22 03:04:53,2.0,47.0,395.0,22.5,32.0
2023-12-22 03:14:53,0.0,47.0,396.0,22.6,32.0
2023-12-22 03:24:53,0.0,0.0,395.0,22.6,32.0
2023-12-22 03:34:53,0.0,0.0,388.0,22.6,32.0
2023-12-22 03:44:53,0.0,0.0,391.0,22.6,32.0
2023-12-22 03:54:53,2.0,50.0,406.0,22.6,32.0
2023-12-22 04:04:53,0.0,50.0,391.0,22.6,32.0
2023-12-22 04:14:53,0.0,0.0,391.0,22.6,32.0
2023-12-22 04:24:53,0.0,0.0,414.0,22.6,32.0
2023-12-22 04:34:53,0.0,0.0,391.0,22.6,32.0
2023-12-22 04:44:53,0.0,0.0,382.0,22.6,32.0
2023-12-22 04:54:53,0.0,0.0,378.0,22.6,32.0
2023-12-22 05:04:53,1.0,33.0,396.0,22.6,32.0
2023-12-22 05:14:53,0.0,50.0,377.0,22.6,32.0
2023-12-22 05:24:53,0.0,0.0,369.0,22.6,32.0
2023-12-22 05:34:53,0.0,0.0,385.0,22.6,32.0
2023-12-22 05:44:53,0.0,0.0,398.0,22.6,32.0
2023-12-22 05:54:53,0.0,0.0,381.0,22.6,32.0
2023-12-22 06:04:53,0.0,0.0,385.0,22.6,32.0
2023-12-22 06:14:53,0.0,0.0,392.0,22.5,32.0
2023-12-22 06:24:53,0.0,0.0,386.0,22.6,31.0
2023-12-22 06:34:53,0.0,0.0,388.0,22.6,31.0
2023-12-22 06:44:53,1.0,50.0,386.0,22.6,32.0
2023-12-22 06:54:53,0.0,50.0,366.0,22.6,31.0
2023-12-22 07:04:53,0.0,50.0,380.0,22.6,31.0
2023-12-22 07:14:53,2.0,50.0,398.0,22.6,31.0
2023-12-22 07:24:53,0.0,50.0,387.0,22.6,31.0
2023-12-22 07:34:53,0.0,50.0,382.0,22.6,31.0
2023-12-22 07:44:53,0.0,50.0,395.0,22.6,31.0
2023-12-22 07:54:52,0.0,47.0,376.0,22.6,31.0
2023-12-22 08:04:52,0.0,50.0,393.0,22.6,31.0
2023-12-22 08:14:52,2.0,50.0,389.0,22.6,31.0
2023-12-22 08:24:52,1.0,53.0,489.0,22.6,32.0
2023-12-22 08:34:52,1.0,50.0,455.0,22.6,32.0
2023-12-22 08:44:52,0.0,50.0,446.0,22.6,32.0
2023-12-22 08:54:52,2.0,50.0,633.0,22.6,33.0
2023-12-22 09:04:52,2.0,50.0,461.0,22.6,32.0
2023-12-22 09:14:53,0.0,50.0,451.0,22.6,32.0
2023-12-22 09:24:52,0.0,50.0,439.0,22.6,32.0
2023-12-22 09:34:52,2.0,53.0,479.0,22.6,32.0
2023-12-22 09:44:52,1.0,53.0,505.0,22.6,32.0
2023-12-22 09:54:52,2.0,50.0,547.0,22.6,32.0
2023-12-22 10:04:52,0.0,50.0,513.0,22.6,32.0
2023-12-22 10:14:52,2.0,50.0,473.0,22.6,32.0
2023-12-22 10:24:52,0.0,57.0,458.0,22.6,32.0
2023-12-22 10:34:52,0.0,53.0,440.0,22.6,32.0
2023-12-22 10:44:52,1.0,60.0,445.0,22.6,32.0
2023-12-22 10:54:52,0.0,53.0,425.0,22.6,31.0
2023-12-22 11:04:52,0.0,50.0,446.0,22.6,31.0
2023-12-22 11:14:52,3.0,53.0,422.0,22.6,31.0
2023-12-22 11:24:52,0.0,53.0,443.0,22.6,31.0
2023-12-22 11:34:52,0.0,60.0,422.0,22.6,31.0
2023-12-22 11:44:52,0.0,60.0,432.0,22.6,31.0
2023-12-22 11:54:52,0.0,60.0,405.0,22.6,31.0
2023-12-22 12:04:52,0.0,57.0,416.0,22.6,31.0
2023-12-22 12:14:52,0.0,57.0,441.0,22.6,31.0
2023-12-22 12:24:52,0.0,57.0,454.0,22.6,31.0
2023-12-22 12:34:52,0.0,57.0,458.0,22.6,31.0
2023-12-22 12:44:52,1.0,57.0,505.0,22.6,31.0
2023-12-22 12:54:52,0.0,53.0,457.0,22.6,31.0
2023-12-22 13:04:52,0.0,53.0,442.0,22.6,31.0
2023-12-22 13:14:52,2.0,53.0,506.0,22.6,31.0
2023-12-22 13:24:51,0.0,50.0,487.0,22.5,31.0
2023-12-22 13:34:51,0.0,50.0,475.0,22.6,31.0
2023-12-22 13:44:51,0.0,50.0,456.0,22.6,31.0
2023-12-22 13:54:51,1.0,53.0,517.0,22.6,31.0
2023-12-22 14:04:51,0.0,53.0,572.0,22.6,30.0
2023-12-22 14:14:51,2.0,50.0,509.0,22.6,30.0
2023-12-22 14:24:51,0.0,53.0,553.0,22.6,30.0
2023-12-22 14:34:51,2.0,53.0,543.0,22.6,30.0
2023-12-22 14:44:51,3.0,53.0,537.0,22.6,31.0
2023-12-22 14:54:51,1.0,53.0,561.0,22.5,31.0
2023-12-22 15:04:51,0.0,53.0,601.0,22.6,31.0
2023-12-22 15:14:51,0.0,50.0,499.0,22.5,31.0
2023-12-22 15:24:51,0.0,50.0,487.0,22.6,31.0
2023-12-22 15:34:51,0.0,50.0,454.0,22.6,30.0
2023-12-22 15:44:51,0.0,50.0,467.0,22.6,30.0
2023-12-22 15:54:51,0.0,50.0,440.0,22.6,30.0
2023-12-22 16:04:51,0.0,53.0,483.0,22.6,30.0
2023-12-22 16:14:51,1.0,50.0,491.0,22.5,30.0
2023-12-22 16:24:51,0.0,50.0,475.0,22.6,30.0
2023-12-22 16:34:51,0.0,50.0,453.0,22.5,30.0
2023-12-22 16:44:51,0.0,50.0,436.0,22.5,30.0
2023-12-22 16:54:51,0.0,50.0,431.0,22.5,30.0
2023-12-22 17:04:51,2.0,53.0,482.0,22.5,30.0
2023-12-22 17:14:51,0.0,50.0,490.0,22.5,30.0
2023-12-22 17:24:51,0.0,50.0,445.0,22.6,30.0
2023-12-22 17:34:51,0.0,3.0,441.0,22.5,30.0
2023-12-22 17:44:51,0.0,3.0,432.0,22.5,30.0
2023-12-22 17:54:51,0.0,0.0,429.0,22.6,30.0
2023-12-22 18:04:51,0.0,0.0,437.0,22.5,30.0
2023-12-22 18:14:51,0.0,6.0,471.0,22.5,30.0
2023-12-22 18:24:51,0.0,0.0,436.0,22.5,30.0
2023-12-22 18:34:51,0.0,0.0,444.0,22.5,30.0
2023-12-22 18:44:50,0.0,0.0,444.0,22.6,30.0
2023-12-22 18:54:50,1.0,47.0,421.0,22.5,29.0
2023-12-22 19:04:50,0.0,53.0,442.0,22.5,30.0
2023-12-22 19:14:50,0.0,0.0,420.0,22.5,30.0
2023-12-22 19:24:50,0.0,0.0,444.0,22.5,30.0
2023-12-22 19:34:50,0.0,0.0,424.0,22.5,30.0
2023-12-22 19:44:50,0.0,0.0,430.0,22.5,30.0
2023-12-22 19:54:50,0.0,0.0,419.0,22.5,30.0
2023-12-22 20:04:50,0.0,0.0,410.0,22.5,29.0
2023-12-22 20:14:50,0.0,0.0,423.0,22.5,29.0
2023-12-22 20:24:50,0.0,0.0,406.0,22.5,29.0
2023-12-22 20:34:50,0.0,0.0,398.0,22.5,29.0
2023-12-22 20:44:50,0.0,0.0,385.0,22.5,28.0
2023-12-22 20:54:50,0.0,0.0,384.0,22.5,28.0
2023-12-22 21:04:50,0.0,0.0,543.0,22.5,29.0
2023-12-22 21:14:50,0.0,50.0,528.0,22.4,29.0
2023-12-22 21:24:50,0.0,50.0,448.0,22.5,28.0
2023-12-22 21:34:50,0.0,0.0,435.0,22.5,28.0
2023-12-22 21:44:50,1.0,0.0,427.0,22.4,28.0
2023-12-22 21:54:50,0.0,0.0,423.0,22.4,28.0
2023-12-22 22:04:50,0.0,0.0,417.0,22.5,29.0
2023-12-22 22:14:50,0.0,0.0,404.0,22.4,29.0
2023-12-22 22:24:50,0.0,0.0,405.0,22.4,28.0
2023-12-22 22:34:50,0.0,0.0,423.0,22.5,28.0
2023-12-22 22:44:50,0.0,0.0,398.0,22.5,28.0
2023-12-22 22:54:50,0.0,0.0,400.0,22.4,28.0
2023-12-22 23:04:50,0.0,0.0,397.0,22.4,28.0
2023-12-22 23:14:50,1.0,47.0,424.0,22.4,28.0
2023-12-22 23:24:50,0.0,50.0,417.0,22.4,28.0
2023-12-22 23:34:50,0.0,53.0,430.0,22.4,28.0
2023-12-22 23:44:50,0.0,50.0,420.0,22.4,28.0
2023-12-22 23:54:50,0.0,0.0,791.0,22.4,30.0
2023-12-23 00:04:50,0.0,50.0,602.0,22.4,29.0
2023-12-23 00:14:49,0.0,50.0,556.0,22.5,29.0
2023-12-23 00:24:49,0.0,0.0,519.0,22.4,30.0
2023-12-23 00:34:49,0.0,0.0,500.0,22.5,29.0
2023-12-23 00:44:49,0.0,0.0,481.0,22.5,29.0
2023-12-23 00:54:49,0.0,0.0,467.0,22.4,29.0
2023-12-23 01:04:50,0.0,0.0,424.0,22.4,29.0
2023-12-23 01:14:49,0.0,0.0,444.0,22.4,29.0
2023-12-23 01:24:49,0.0,0.0,439.0,22.4,29.0
2023-12-23 01:34:49,0.0,50.0,603.0,22.4,29.0
2023-12-23 01:44:49,0.0,50.0,507.0,22.5,29.0
2023-12-23 01:54:49,0.0,47.0,477.0,22.4,29.0
2023-12-23 02:04:49,1.0,50.0,490.0,22.4,29.0
2023-12-23 02:14:49,0.0,0.0,461.0,22.4,28.0
2023-12-23 02:24:49,0.0,0.0,504.0,22.5,29.0
2023-12-23 02:34:49,0.0,0.0,475.0,22.4,29.0
2023-12-23 02:44:49,0.0,0.0,464.0,22.4,29.0
2023-12-23 02:54:49,0.0,0.0,483.0,22.4,29.0
2023-12-23 03:04:49,0.0,0.0,486.0,22.4,29.0
2023-12-23 03:14:49,0.0,0.0,471.0,22.4,29.0
2023-12-23 03:24:49,0.0,0.0,440.0,22.4,28.0
2023-12-23 03:34:49,0.0,0.0,432.0,22.4,28.0
2023-12-23 03:44:49,0.0,0.0,433.0,22.4,28.0
2023-12-23 03:54:49,0.0,0.0,438.0,22.4,28.0
2023-12-23 04:04:49,0.0,0.0,444.0,22.4,28.0
2023-12-23 04:14:49,0.0,0.0,456.0,22.4,28.0
2023-12-23 04:24:49,0.0,0.0,488.0,22.3,29.0
2023-12-23 04:34:49,0.0,0.0,442.0,22.4,29.0
2023-12-23 04:44:49,0.0,50.0,442.0,22.3,28.0
2023-12-23 04:54:49,0.0,50.0,451.0,22.4,28.0
2023-12-23 05:04:49,0.0,0.0,458.0,22.4,28.0
2023-12-23 05:14:49,0.0,0.0,435.0,22.4,28.0
2023-12-23 05:24:49,0.0,0.0,463.0,22.3,29.0
2023-12-23 05:34:49,0.0,0.0,415.0,22.3,28.0
2023-12-23 05:44:48,0.0,0.0,432.0,22.3,28.0
2023-12-23 05:54:48,0.0,0.0,418.0,22.4,28.0
2023-12-23 06:04:48,0.0,0.0,423.0,22.4,28.0
2023-12-23 06:14:48,0.0,0.0,446.0,22.4,29.0
2023-12-23 06:24:48,0.0,0.0,427.0,22.4,29.0
2023-12-23 06:34:48,0.0,0.0,418.0,22.4,29.0
2023-12-23 06:44:48,0.0,0.0,425.0,22.3,29.0
2023-12-23 06:54:48,0.0,0.0,426.0,22.4,29.0
2023-12-23 07:04:48,0.0,0.0,411.0,22.4,29.0
2023-12-23 07:14:48,0.0,0.0,421.0,22.4,29.0
2023-12-23 07:24:48,0.0,0.0,426.0,22.4,29.0
2023-12-23 07:34:48,0.0,0.0,444.0,22.3,29.0
2023-12-23 07:44:48,0.0,0.0,406.0,22.3,29.0
2023-12-23 07:54:48,0.0,3.0,425.0,22.3,29.0
2023-12-23 08:04:48,0.0,3.0,420.0,22.3,29.0
2023-12-23 08:14:48,0.0,3.0,409.0,22.3,29.0
2023-12-23 08:24:48,0.0,3.0,399.0,22.4,29.0
2023-12-23 08:34:48,0.0,3.0,412.0,22.3,29.0
2023-12-23 08:44:48,0.0,3.0,426.0,22.3,29.0
2023-12-23 08:54:48,0.0,3.0,397.0,22.3,29.0
2023-12-23 09:04:48,0.0,3.0,411.0,22.3,29.0
2023-12-23 09:14:48,0.0,3.0,417.0,22.3,29.0
2023-12-23 09:24:48,0.0,6.0,405.0,22.3,29.0
2023-12-23 09:34:48,0.0,6.0,409.0,22.3,29.0
2023-12-23 09:44:48,0.0,6.0,398.0,22.3,29.0
2023-12-23 09:54:48,0.0,6.0,383.0,22.3,29.0
2023-12-23 10:04:48,0.0,6.0,402.0,22.3,29.0
2023-12-23 10:14:48,1.0,3.0,389.0,22.3,29.0
2023-12-23 10:24:48,0.0,3.0,398.0,22.3,29.0
2023-12-23 10:34:48,0.0,3.0,397.0,22.3,29.0
2023-12-23 10:44:48,0.0,3.0,402.0,22.3,29.0
2023-12-23 10:54:48,0.0,3.0,409.0,22.3,29.0
2023-12-23 11:04:48,0.0,3.0,393.0,22.3,29.0
2023-12-23 11:14:47,0.0,3.0,388.0,22.3,29.0
2023-12-23 11:24:47,0.0,6.0,402.0,22.3,29.0
2023-12-23 11:34:47,0.0,10.0,393.0,22.3,29.0
2023-12-23 11:44:47,0.0,6.0,386.0,22.3,29.0
2023-12-23 11:54:47,0.0,10.0,387.0,22.3,29.0
2023-12-23 12:04:47,0.0,6.0,382.0,22.3,29.0
2023-12-23 12:14:47,0.0,13.0,393.0,22.3,29.0
2023-12-23 12:24:47,0.0,6.0,390.0,22.3,29.0
2023-12-23 12:34:47,0.0,3.0,383.0,22.2,29.0
2023-12-23 12:44:47,0.0,3.0,379.0,22.3,29.0
2023-12-23 12:54:47,0.0,3.0,394.0,22.3,29.0
2023-12-23 13:04:47,0.0,3.0,392.0,22.3,29.0
2023-12-23 13:14:47,0.0,3.0,379.0,22.2,29.0
2023-12-23 13:24:47,0.0,3.0,388.0,22.2,29.0
2023-12-23 13:34:47,0.0,3.0,398.0,22.3,29.0
2023-12-23 13:44:47,0.0,3.0,380.0,22.2,29.0
2023-12-23 13:54:47,0.0,3.0,380.0,22.3,29.0
2023-12-23 14:04:47,0.0,3.0,385.0,22.3,29.0
2023-12-23 14:14:47,0.0,0.0,391.0,22.2,29.0
2023-12-23 14:24:47,0.0,0.0,374.0,22.2,29.0
2023-12-23 14:34:47,0.0,0.0,382.0,22.3,29.0
2023-12-23 14:44:47,0.0,0.0,391.0,22.2,29.0
2023-12-23 14:54:47,0.0,0.0,377.0,22.2,29.0
2023-12-23 15:04:47,0.0,0.0,374.0,22.2,29.0
2023-12-23 15:14:47,0.0,0.0,386.0,22.2,29.0
2023-12-23 15:24:47,0.0,0.0,405.0,22.2,29.0
2023-12-23 15:34:47,0.0,0.0,397.0,22.2,29.0
2023-12-23 15:44:47,0.0,0.0,401.0,22.2,29.0
2023-12-23 15:54:47,0.0,0.0,384.0,22.2,29.0
2023-12-23 16:04:47,0.0,0.0,403.0,22.2,29.0
2023-12-23 16:14:47,0.0,0.0,398.0,22.2,29.0
2023-12-23 16:24:47,0.0,0.0,383.0,22.2,29.0
2023-12-23 16:34:47,0.0,0.0,387.0,22.2,29.0
2023-12-23 16:44:47,0.0,0.0,393.0,22.2,29.0
2023-12-23 16:54:46,0.0,0.0,396.0,22.2,29.0
2023-12-23 17:04:46,0.0,0.0,395.0,22.2,29.0
2023-12-23 17:14:46,0.0,0.0,392.0,22.2,29.0
2023-12-23 17:24:46,0.0,0.0,385.0,22.2,29.0
2023-12-23 17:34:46,0.0,0.0,399.0,22.2,29.0
2023-12-23 17:44:46,0.0,0.0,389.0,22.2,30.0
2023-12-23 17:54:46,0.0,0.0,397.0,22.2,29.0
2023-12-23 18:04:46,0.0,0.0,399.0,22.2,30.0
2023-12-23 18:14:46,0.0,0.0,384.0,22.2,30.0
2023-12-23 18:24:46,0.0,0.0,394.0,22.2,30.0
2023-12-23 18:34:46,0.0,0.0,405.0,22.2,30.0
2023-12-23 18:44:46,0.0,0.0,397.0,22.2,30.0
2023-12-23 18:54:46,0.0,0.0,381.0,22.2,30.0
2023-12-23 19:04:46,0.0,0.0,396.0,22.1,29.0
2023-12-23 19:14:46,0.0,0.0,383.0,22.2,29.0
2023-12-23 19:24:46,0.0,0.0,385.0,22.2,28.0
2023-12-23 19:34:46,0.0,0.0,375.0,22.1,28.0
2023-12-23 19:44:46,0.0,0.0,389.0,22.2,28.0
2023-12-23 19:54:46,0.0,0.0,396.0,22.1,28.0
2023-12-23 20:04:46,0.0,0.0,394.0,22.1,28.0
2023-12-23 20:14:46,0.0,0.0,367.0,22.2,28.0
2023-12-23 20:24:46,0.0,0.0,380.0,22.2,27.0
2023-12-23 20:34:46,0.0,0.0,366.0,22.2,27.0
2023-12-23 20:44:46,0.0,0.0,389.0,22.2,27.0
2023-12-23 20:54:46,0.0,0.0,392.0,22.1,27.0
2023-12-23 21:04:46,0.0,0.0,394.0,22.2,27.0
2023-12-23 21:14:46,0.0,0.0,393.0,22.2,27.0
2023-12-23 21:24:46,0.0,0.0,374.0,22.1,27.0
2023-12-23 21:34:46,0.0,0.0,384.0,22.1,27.0
2023-12-23 21:44:46,0.0,0.0,377.0,22.2,27.0
2023-12-23 21:54:46,0.0,0.0,386.0,22.1,27.0
2023-12-23 22:04:46,0.0,0.0,374.0,22.1,27.0
2023-12-23 22:14:45,0.0,0.0,377.0,22.1,27.0
2023-12-23 22:24:45,0.0,0.0,369.0,22.1,27.0
2023-12-23 22:34:45,0.0,0.0,376.0,22.1,27.0
2023-12-23 22:44:45,0.0,0.0,391.0,22.1,27.0
2023-12-23 22:54:45,0.0,0.0,376.0,22.1,27.0
2023-12-23 23:04:45,0.0,0.0,378.0,22.1,27.0
2023-12-23 23:14:45,0.0,0.0,379.0,22.2,27.0
2023-12-23 23:24:45,0.0,0.0,376.0,22.1,27.0
2023-12-23 23:34:45,0.0,0.0,385.0,22.1,27.0
2023-12-23 23:44:45,0.0,0.0,377.0,22.1,27.0
2023-12-23 23:54:45,0.0,0.0,373.0,22.1,27.0
2023-12-24 00:04:45,0.0,0.0,386.0,22.1,27.0
2023-12-24 00:14:45,0.0,0.0,386.0,22.1,27.0
2023-12-24 00:24:45,0.0,0.0,388.0,22.1,27.0
2023-12-24 00:34:45,0.0,0.0,371.0,22.1,27.0
2023-12-24 00:44:45,0.0,0.0,380.0,22.1,27.0
2023-12-24 00:54:45,0.0,0.0,378.0,22.1,27.0
2023-12-24 01:04:45,0.0,0.0,385.0,22.1,27.0
2023-12-24 01:14:45,0.0,0.0,381.0,22.1,27.0
2023-12-24 01:24:45,0.0,0.0,386.0,22.1,27.0
2023-12-24 01:34:45,0.0,0.0,360.0,22.1,27.0
2023-12-24 01:44:45,0.0,0.0,381.0,22.1,27.0
2023-12-24 01:54:45,0.0,0.0,381.0,22.1,27.0
2023-12-24 02:04:45,0.0,0.0,380.0,22.1,27.0
2023-12-24 02:14:45,0.0,0.0,375.0,22.1,27.0
2023-12-24 02:24:45,0.0,0.0,374.0,22.1,27.0
2023-12-24 02:34:45,0.0,0.0,388.0,22.1,27.0
2023-12-24 02:44:45,0.0,0.0,381.0,22.1,27.0
2023-12-24 02:54:45,0.0,0.0,382.0,22.1,27.0
2023-12-24 03:04:45,0.0,0.0,383.0,22.1,27.0
2023-12-24 03:14:45,0.0,0.0,380.0,22.1,27.0
2023-12-24 03:24:45,0.0,0.0,372.0,22.1,27.0
2023-12-24 03:34:44,0.0,0.0,381.0,22.1,27.0
2023-12-24 03:44:44,0.0,0.0,363.0,22.1,27.0
2023-12-24 03:54:44,0.0,0.0,399.0,22.0,27.0
2023-12-24 04:04:44,0.0,0.0,391.0,22.1,27.0
2023-12-24 04:14:44,0.0,0.0,377.0,22.1,28.0
2023-12-24 04:24:44,0.0,0.0,372.0,22.0,28.0
2023-12-24 04:34:44,0.0,0.0,383.0,22.1,28.0
2023-12-24 04:44:44,0.0,0.0,388.0,22.1,28.0
2023-12-24 04:54:44,0.0,0.0,384.0,22.1,28.0
2023-12-24 05:04:44,0.0,0.0,380.0,22.1,28.0
2023-12-24 05:14:44,0.0,0.0,385.0,22.1,28.0
2023-12-24 05:24:44,0.0,0.0,367.0,22.0,28.0
2023-12-24 05:34:44,0.0,0.0,385.0,22.1,28.0
2023-12-24 05:44:44,0.0,0.0,384.0,22.1,28.0
2023-12-24 05:54:44,0.0,0.0,370.0,22.1,28.0
2023-12-24 06:04:44,0.0,0.0,375.0,22.1,28.0
2023-12-24 06:14:44,0.0,0.0,374.0,22.1,29.0
2023-12-24 06:24:44,0.0,0.0,390.0,22.1,29.0
2023-12-24 06:34:44,1.0,50.0,386.0,22.1,29.0
2023-12-24 06:44:44,1.0,50.0,404.0,22.0,29.0
2023-12-24 06:54:44,0.0,0.0,391.0,22.1,29.0
2023-12-24 07:04:44,0.0,0.0,420.0,22.0,29.0
2023-12-24 07:14:44,0.0,0.0,400.0,22.1,29.0
2023-12-24 07:24:44,0.0,0.0,411.0,22.1,30.0
2023-12-24 07:34:44,0.0,40.0,379.0,22.1,30.0
2023-12-24 07:44:44,1.0,50.0,418.0,22.1,30.0
2023-12-24 07:54:44,0.0,0.0,414.0,22.1,30.0
2023-12-24 08:04:44,0.0,47.0,408.0,22.1,29.0
2023-12-24 08:14:44,0.0,50.0,403.0,22.1,30.0
2023-12-24 08:24:44,0.0,53.0,410.0,22.1,29.0
2023-12-24 08:34:44,0.0,50.0,435.0,22.1,30.0
2023-12-24 08:44:44,0.0,3.0,420.0,22.1,30.0
2023-12-24 08:54:44,0.0,3.0,422.0,22.1,30.0
2023-12-24 09:04:43,0.0,3.0,407.0,22.1,30.0
2023-12-24 09:14:43,0.0,3.0,417.0,22.1,30.0
2023-12-24 09:24:43,0.0,53.0,588.0,22.1,31.0
2023-12-24 09:34:43,0.0,57.0,580.0,22.1,31.0
2023-12-24 09:44:43,0.0,53.0,543.0,22.1,31.0
2023-12-24 09:54:43,2.0,50.0,481.0,22.1,30.0
2023-12-24 10:04:43,0.0,3.0,463.0,22.1,30.0
2023-12-24 10:14:43,1.0,3.0,425.0,22.1,30.0
2023-12-24 10:24:43,0.0,3.0,431.0,22.1,30.0
2023-12-24 10:34:43,0.0,3.0,441.0,22.1,30.0
2023-12-24 10:44:43,1.0,6.0,435.0,22.1,30.0
2023-12-24 10:54:43,0.0,6.0,459.0,22.1,31.0
2023-12-24 11:04:43,0.0,6.0,461.0,22.1,31.0
2023-12-24 11:14:43,0.0,6.0,459.0,22.1,31.0
2023-12-24 11:24:43,0.0,6.0,462.0,22.1,31.0
2023-12-24 11:34:43,0.0,6.0,445.0,22.1,31.0
2023-12-24 11:44:43,0.0,6.0,450.0,22.1,31.0
2023-12-24 11:54:43,0.0,6.0,451.0,22.1,31.0
2023-12-24 12:04:43,0.0,3.0,456.0,22.1,31.0
2023-12-24 12:14:43,0.0,3.0,445.0,22.1,31.0
2023-12-24 12:24:43,0.0,57.0,478.0,22.1,31.0
2023-12-24 12:34:43,0.0,57.0,463.0,22.1,31.0
2023-12-24 12:44:43,0.0,6.0,455.0,22.1,31.0
2023-12-24 12:54:43,0.0,6.0,459.0,22.1,31.0
2023-12-24 13:04:43,0.0,6.0,454.0,22.1,31.0
2023-12-24 13:14:43,0.0,6.0,464.0,22.1,31.0
2023-12-24 13:24:43,1.0,53.0,478.0,22.1,31.0
2023-12-24 13:34:43,1.0,53.0,464.0,22.1,31.0
2023-12-24 13:44:43,1.0,0.0,452.0,22.1,31.0
2023-12-24 13:54:43,0.0,0.0,439.0,22.1,31.0
2023-12-24 14:04:43,0.0,0.0,433.0,22.1,31.0
2023-12-24 14:14:43,0.0,0.0,447.0,22.1,31.0
2023-12-24 14:24:43,0.0,0.0,433.0,22.1,31.0
2023-12-24 14:34:42,0.0,0.0,409.0,22.1,31.0
2023-12-24 14:44:42,0.0,0.0,414.0,22.1,31.0
2023-12-24 14:54:42,0.0,0.0,402.0,22.1,31.0
2023-12-24 15:04:42,0.0,0.0,412.0,22.0,31.0
2023-12-24 15:14:42,0.0,0.0,406.0,22.1,31.0
2023-12-24 15:24:42,0.0,0.0,408.0,22.1,31.0
2023-12-24 15:34:42,0.0,0.0,403.0,22.1,31.0
2023-12-24 15:44:43,0.0,0.0,395.0,22.1,31.0
2023-12-24 15:54:42,0.0,0.0,414.0,22.1,31.0
2023-12-24 16:04:42,0.0,0.0,408.0,22.1,31.0
2023-12-24 16:14:42,0.0,0.0,394.0,22.1,31.0
2023-12-24 16:24:42,0.0,0.0,399.0,22.1,31.0
2023-12-24 16:34:42,0.0,0.0,406.0,22.1,31.0
2023-12-24 16:44:42,0.0,0.0,387.0,22.1,32.0
2023-12-24 16:54:42,0.0,0.0,394.0,22.1,32.0
2023-12-24 17:04:42,0.0,0.0,402.0,22.1,32.0
2023-12-24 17:14:42,0.0,0.0,387.0,22.1,32.0
2023-12-24 17:24:42,0.0,0.0,403.0,22.1,32.0
2023-12-24 17:34:42,0.0,0.0,392.0,22.1,32.0
2023-12-24 17:44:42,0.0,0.0,387.0,22.1,32.0
2023-12-24 17:54:42,0.0,0.0,394.0,22.1,32.0
2023-12-24 18:04:42,0.0,0.0,385.0,22.1,32.0
2023-12-24 18:14:42,0.0,0.0,375.0,22.1,32.0
2023-12-24 18:24:42,0.0,0.0,386.0,22.1,32.0
2023-12-24 18:34:42,0.0,0.0,390.0,22.1,32.0
2023-12-24 18:44:42,0.0,0.0,390.0,22.1,32.0
2023-12-24 18:54:42,0.0,0.0,399.0,22.1,32.0
2023-12-24 19:04:42,0.0,0.0,381.0,22.1,32.0
2023-12-24 19:14:42,0.0,0.0,392.0,22.0,33.0
2023-12-24 19:24:42,0.0,0.0,402.0,22.1,33.0
2023-12-24 19:34:42,0.0,0.0,383.0,22.1,33.0
2023-12-24 19:44:42,0.0,0.0,366.0,22.0,33.0
2023-12-24 19:54:42,0.0,0.0,374.0,22.0,33.0
2023-12-24 20:04:42,0.0,0.0,379.0,22.0,33.0
2023-12-24 20:14:41,0.0,0.0,388.0,22.1,33.0
2023-12-24 20:24:41,0.0,0.0,381.0,22.0,33.0
2023-12-24 20:34:41,0.0,0.0,385.0,22.1,33.0
2023-12-24 20:44:42,0.0,0.0,380.0,22.0,33.0
2023-12-24 20:54:41,0.0,0.0,383.0,22.0,33.0
2023-12-24 21:04:41,0.0,0.0,382.0,22.0,33.0
2023-12-24 21:14:41,0.0,0.0,372.0,22.1,33.0
2023-12-24 21:24:41,0.0,0.0,381.0,22.0,33.0
2023-12-24 21:34:41,0.0,0.0,368.0,22.0,33.0
2023-12-24 21:44:41,0.0,0.0,374.0,22.1,33.0
2023-12-24 21:54:41,0.0,0.0,381.0,22.1,33.0
2023-12-24 22:04:41,0.0,0.0,384.0,22.0,33.0
2023-12-24 22:14:41,0.0,0.0,389.0,22.0,33.0
2023-12-24 22:24:41,0.0,0.0,386.0,22.1,33.0
2023-12-24 22:34:41,0.0,0.0,378.0,22.1,33.0
2023-12-24 22:44:41,0.0,0.0,372.0,22.1,33.0
2023-12-24 22:54:41,0.0,0.0,379.0,22.0,33.0
2023-12-24 23:04:41,0.0,0.0,380.0,22.1,33.0
2023-12-24 23:14:41,0.0,0.0,384.0,22.0,33.0
2023-12-24 23:24:41,0.0,0.0,380.0,22.0,33.0
2023-12-24 23:34:41,0.0,0.0,371.0,22.1,33.0
2023-12-24 23:44:41,0.0,0.0,379.0,22.0,33.0
2023-12-24 23:54:41,0.0,0.0,366.0,22.0,33.0
2023-12-25 00:04:41,0.0,0.0,387.0,22.1,33.0
2023-12-25 00:14:41,0.0,0.0,383.0,22.0,33.0
2023-12-25 00:24:41,0.0,0.0,376.0,22.0,33.0
2023-12-25 00:34:41,0.0,0.0,377.0,22.0,33.0
2023-12-25 00:44:41,0.0,0.0,372.0,22.0,33.0
2023-12-25 00:54:41,0.0,0.0,389.0,22.0,33.0
2023-12-25 01:04:41,0.0,0.0,380.0,22.0,33.0
2023-12-25 01:14:41,0.0,0.0,371.0,22.0,33.0
2023-12-25 01:24:41,0.0,0.0,385.0,22.0,33.0
2023-12-25 01:34:40,0.0,0.0,378.0,22.0,33.0
2023-12-25 01:44:40,0.0,0.0,385.0,22.0,33.0
2023-12-25 01:54:40,0.0,0.0,379.0,22.0,33.0
2023-12-25 02:04:41,0.0,0.0,378.0,22.0,33.0
2023-12-25 02:14:41,0.0,0.0,368.0,22.0,33.0
2023-12-25 02:24:40,0.0,0.0,364.0,22.1,33.0
2023-12-25 02:34:40,0.0,0.0,367.0,22.0,33.0
2023-12-25 02:44:40,0.0,0.0,379.0,22.1,33.0
2023-12-25 02:54:40,0.0,0.0,369.0,22.0,33.0
2023-12-25 03:04:40,0.0,0.0,388.0,22.0,33.0
2023-12-25 03:14:40,0.0,0.0,379.0,22.0,33.0
2023-12-25 03:24:40,0.0,0.0,391.0,22.0,33.0
2023-12-25 03:34:40,0.0,0.0,364.0,22.0,33.0
2023-12-25 03:44:40,0.0,0.0,366.0,22.0,33.0
2023-12-25 03:54:40,0.0,0.0,385.0,22.0,33.0
2023-12-25 04:04:40,0.0,0.0,368.0,22.0,33.0
2023-12-25 04:14:40,0.0,0.0,367.0,22.0,33.0
2023-12-25 04:24:40,0.0,0.0,376.0,22.0,33.0
2023-12-25 04:34:40,0.0,0.0,381.0,22.0,33.0
2023-12-25 04:44:40,0.0,0.0,378.0,22.1,33.0
2023-12-25 04:54:40,0.0,0.0,375.0,22.0,33.0
2023-12-25 05:04:40,0.0,0.0,371.0,22.0,33.0
2023-12-25 05:14:41,0.0,0.0,365.0,22.1,33.0
2023-12-25 05:24:40,0.0,0.0,383.0,22.0,33.0
2023-12-25 05:34:40,0.0,0.0,367.0,22.0,33.0
2023-12-25 05:44:40,0.0,0.0,372.0,22.0,33.0
2023-12-25 05:54:40,0.0,0.0,374.0,22.0,33.0
2023-12-25 06:04:40,0.0,0.0,371.0,22.0,33.0
2023-12-25 06:14:40,0.0,0.0,378.0,22.0,33.0
2023-12-25 06:24:40,1.0,53.0,385.0,22.0,33.0
2023-12-25 06:34:40,0.0,50.0,383.0,22.0,33.0
2023-12-25 06:44:40,1.0,0.0,397.0,22.0,33.0
2023-12-25 06:54:40,0.0,0.0,393.0,22.0,33.0
2023-12-25 07:04:39,0.0,50.0,382.0,22.1,33.0
2023-12-25 07:14:39,0.0,57.0,419.0,22.1,33.0
2023-12-25 07:24:40,0.0,0.0,391.0,22.1,33.0
2023-12-25 07:34:39,0.0,0.0,421.0,22.1,33.0
2023-12-25 07:44:39,0.0,53.0,483.0,22.0,34.0
2023-12-25 07:54:39,0.0,50.0,449.0,22.1,33.0
2023-12-25 08:04:39,0.0,0.0,419.0,22.1,33.0
2023-12-25 08:14:39,0.0,3.0,403.0,22.1,33.0
2023-12-25 08:24:39,0.0,3.0,410.0,22.1,33.0
2023-12-25 08:34:39,0.0,3.0,379.0,22.1,33.0
2023-12-25 08:44:39,1.0,3.0,563.0,22.1,34.0
2023-12-25 08:54:39,0.0,3.0,414.0,22.1,33.0
2023-12-25 09:04:39,0.0,3.0,402.0,22.0,33.0
2023-12-25 09:14:39,0.0,3.0,393.0,22.0,33.0
2023-12-25 09:24:39,0.0,50.0,413.0,22.1,33.0
2023-12-25 09:34:39,0.0,47.0,410.0,22.1,33.0
2023-12-25 09:44:39,3.0,3.0,403.0,22.0,33.0
2023-12-25 09:54:39,0.0,3.0,391.0,22.0,33.0
2023-12-25 10:04:39,0.0,6.0,387.0,22.0,33.0
2023-12-25 10:14:39,0.0,3.0,397.0,22.1,32.0
2023-12-25 10:24:39,0.0,3.0,383.0,22.1,32.0
2023-12-25 10:34:39,0.0,13.0,383.0,22.1,32.0
2023-12-25 10:44:39,0.0,13.0,383.0,22.1,32.0
2023-12-25 10:54:39,0.0,13.0,396.0,22.1,32.0
2023-12-25 11:04:39,0.0,10.0,372.0,22.1,32.0
2023-12-25 11:14:39,0.0,13.0,379.0,22.0,32.0
2023-12-25 11:24:39,0.0,16.0,397.0,22.1,32.0
2023-12-25 11:34:39,0.0,13.0,383.0,22.0,32.0
2023-12-25 11:44:39,0.0,13.0,386.0,22.0,32.0
2023-12-25 11:54:39,0.0,13.0,375.0,22.0,32.0
2023-12-25 12:04:39,0.0,13.0,374.0,22.0,32.0
2023-12-25 12:14:39,0.0,10.0,391.0,22.0,32.0
2023-12-25 12:24:39,0.0,10.0,371.0,22.0,32.0
2023-12-25 12:34:38,0.0,10.0,377.0,22.1,32.0
2023-12-25 12:44:39,0.0,6.0,379.0,22.0,32.0
2023-12-25 12:54:38,0.0,6.0,371.0,22.1,32.0
2023-12-25 13:04:38,0.0,3.0,379.0,22.1,32.0
2023-12-25 13:14:38,0.0,3.0,370.0,22.0,32.0
2023-12-25 13:24:38,0.0,6.0,376.0,22.0,32.0
2023-12-25 13:34:38,0.0,3.0,383.0,22.0,32.0
2023-12-25 13:44:38,0.0,3.0,366.0,22.0,32.0
2023-12-25 13:54:38,0.0,3.0,375.0,22.0,32.0
2023-12-25 14:04:38,0.0,3.0,390.0,22.0,32.0
2023-12-25 14:14:38,0.0,0.0,376.0,22.0,32.0
2023-12-25 14:24:38,0.0,3.0,381.0,22.0,32.0
2023-12-25 14:34:38,0.0,0.0,371.0,22.0,32.0
2023-12-25 14:44:38,0.0,0.0,384.0,22.1,32.0
2023-12-25 14:54:38,0.0,0.0,376.0,22.0,32.0
2023-12-25 15:04:38,0.0,0.0,379.0,22.0,32.0
2023-12-25 15:14:38,0.0,0.0,380.0,22.0,32.0
2023-12-25 15:24:38,0.0,0.0,387.0,22.0,32.0
2023-12-25 15:34:38,0.0,0.0,375.0,22.0,32.0
2023-12-25 15:44:38,0.0,0.0,389.0,22.0,32.0
2023-12-25 15:54:38,0.0,0.0,389.0,22.0,32.0
2023-12-25 16:04:38,0.0,0.0,403.0,22.0,32.0
2023-12-25 16:14:38,0.0,0.0,386.0,22.0,32.0
2023-12-25 16:24:38,0.0,0.0,397.0,22.0,32.0
2023-12-25 16:34:38,0.0,50.0,402.0,22.0,32.0
2023-12-25 16:44:38,0.0,47.0,425.0,22.0,32.0
2023-12-25 16:54:38,0.0,0.0,409.0,22.0,32.0
2023-12-25 17:04:38,0.0,0.0,411.0,22.0,31.0
2023-12-25 17:14:38,0.0,0.0,390.0,22.0,31.0
2023-12-25 17:24:38,0.0,0.0,394.0,22.0,31.0
2023-12-25 17:34:38,0.0,0.0,393.0,22.0,31.0
2023-12-25 17:44:38,0.0,0.0,397.0,22.0,31.0
2023-12-25 17:54:37,0.0,30.0,401.0,22.0,31.0
2023-12-25 18:04:38,0.0,30.0,428.0,22.0,31.0
2023-12-25 18:14:37,0.0,0.0,417.0,22.0,31.0
2023-12-25 18:24:37,0.0,0.0,413.0,22.0,31.0
2023-12-25 18:34:37,0.0,0.0,423.0,22.0,32.0
2023-12-25 18:44:37,0.0,0.0,411.0,22.0,31.0
2023-12-25 18:54:37,0.0,0.0,418.0,22.0,32.0
2023-12-25 19:04:37,0.0,0.0,413.0,22.0,32.0
2023-12-25 19:14:38,0.0,0.0,401.0,22.0,32.0
2023-12-25 19:24:37,0.0,0.0,417.0,22.0,32.0
2023-12-25 19:34:37,0.0,0.0,412.0,22.0,32.0
2023-12-25 19:44:37,0.0,0.0,399.0,21.9,32.0
2023-12-25 19:54:37,0.0,0.0,404.0,22.0,32.0
2023-12-25 20:04:37,0.0,0.0,405.0,22.0,32.0
2023-12-25 20:14:37,0.0,0.0,403.0,21.9,32.0
2023-12-25 20:24:37,0.0,30.0,435.0,22.0,31.0
2023-12-25 20:34:37,0.0,30.0,425.0,22.0,32.0
2023-12-25 20:44:37,0.0,0.0,422.0,22.0,32.0
2023-12-25 20:54:37,0.0,0.0,413.0,22.0,32.0
2023-12-25 21:04:37,0.0,0.0,443.0,22.0,32.0
2023-12-25 21:14:37,0.0,0.0,431.0,22.0,31.0
2023-12-25 21:24:37,0.0,0.0,512.0,22.0,32.0
2023-12-25 21:34:37,0.0,0.0,411.0,22.0,31.0
2023-12-25 21:44:37,0.0,0.0,424.0,22.0,31.0
2023-12-25 21:54:37,0.0,0.0,421.0,22.0,32.0
2023-12-25 22:04:37,0.0,0.0,409.0,22.0,31.0
2023-12-25 22:14:37,0.0,0.0,415.0,22.0,32.0
2023-12-25 22:24:37,0.0,0.0,418.0,22.1,32.0
2023-12-25 22:34:37,0.0,0.0,397.0,22.0,31.0
2023-12-25 22:44:37,1.0,0.0,381.0,22.0,31.0
2023-12-25 22:54:37,0.0,0.0,387.0,22.0,31.0
2023-12-25 23:04:37,0.0,0.0,411.0,22.0,31.0
2023-12-25 23:14:37,0.0,0.0,404.0,22.0,31.0
2023-12-25 23:24:37,0.0,0.0,404.0,22.0,31.0
2023-12-25 23:34:36,0.0,0.0,399.0,21.9,31.0
2023-12-25 23:44:36,0.0,0.0,419.0,22.0,31.0
2023-12-25 23:54:36,0.0,0.0,406.0,22.0,31.0
2023-12-26 00:04:36,0.0,0.0,411.0,22.0,31.0
2023-12-26 00:14:36,0.0,0.0,397.0,22.0,30.0
2023-12-26 00:24:36,0.0,0.0,393.0,22.0,30.0
2023-12-26 00:34:36,0.0,30.0,426.0,22.0,31.0
2023-12-26 00:44:36,0.0,30.0,418.0,22.0,30.0
2023-12-26 00:54:36,0.0,0.0,432.0,22.0,30.0
2023-12-26 01:04:36,0.0,0.0,431.0,22.0,31.0
2023-12-26 01:14:36,0.0,0.0,400.0,22.0,30.0
2023-12-26 01:24:36,0.0,0.0,409.0,22.0,30.0
2023-12-26 01:34:36,0.0,0.0,415.0,21.9,30.0
2023-12-26 01:44:36,0.0,0.0,405.0,22.0,30.0
2023-12-26 01:54:36,0.0,0.0,434.0,22.0,31.0
2023-12-26 02:04:36,0.0,0.0,445.0,22.0,31.0
2023-12-26 02:14:36,0.0,0.0,425.0,22.0,31.0
2023-12-26 02:24:36,0.0,0.0,407.0,22.0,31.0
2023-12-26 02:34:36,0.0,0.0,414.0,22.0,31.0
2023-12-26 02:44:36,0.0,0.0,434.0,22.0,31.0
2023-12-26 02:54:36,0.0,0.0,403.0,22.0,31.0
2023-12-26 03:04:36,0.0,0.0,423.0,22.0,31.0
2023-12-26 03:14:36,0.0,0.0,421.0,22.0,31.0
2023-12-26 03:24:36,0.0,0.0,430.0,22.0,31.0
2023-12-26 03:34:36,0.0,0.0,406.0,22.0,31.0
2023-12-26 03:44:36,0.0,0.0,403.0,22.0,31.0
2023-12-26 03:54:36,0.0,0.0,426.0,22.0,31.0
2023-12-26 04:04:36,0.0,0.0,436.0,22.0,32.0
2023-12-26 04:14:36,0.0,0.0,447.0,22.0,32.0
2023-12-26 04:24:36,0.0,0.0,445.0,22.0,32.0
2023-12-26 04:34:36,0.0,0.0,443.0,22.0,32.0
2023-12-26 04:44:36,0.0,0.0,442.0,22.0,32.0
2023-12-26 04:54:35,0.0,0.0,447.0,22.0,32.0
2023-12-26 05:04:35,0.0,0.0,443.0,22.0,32.0
2023-12-26 05:14:35,0.0,0.0,451.0,22.0,32.0
2023-12-26 05:24:35,0.0,0.0,456.0,22.0,33.0
2023-12-26 05:34:35,0.0,0.0,465.0,22.0,33.0
2023-12-26 05:44:35,0.0,0.0,424.0,22.0,33.0
2023-12-26 05:54:35,0.0,0.0,441.0,22.0,33.0
2023-12-26 06:04:35,0.0,0.0,426.0,22.0,32.0
2023-12-26 06:14:35,0.0,0.0,430.0,22.0,33.0
2023-12-26 06:24:35,0.0,0.0,422.0,22.0,33.0
2023-12-26 06:34:35,0.0,0.0,427.0,22.0,33.0
2023-12-26 06:44:35,0.0,0.0,421.0,22.0,33.0
2023-12-26 06:54:35,0.0,0.0,417.0,22.0,33.0
2023-12-26 07:04:35,0.0,0.0,411.0,22.1,33.0
2023-12-26 07:14:35,0.0,0.0,411.0,22.0,33.0
2023-12-26 07:24:35,0.0,0.0,417.0,22.0,33.0
2023-12-26 07:34:35,0.0,0.0,410.0,22.1,33.0
2023-12-26 07:44:35,1.0,26.0,417.0,22.0,33.0
2023-12-26 07:54:35,0.0,30.0,413.0,22.1,33.0
2023-12-26 08:04:35,1.0,0.0,419.0,22.0,33.0
2023-12-26 08:14:35,0.0,0.0,441.0,22.0,33.0
2023-12-26 08:24:35,0.0,0.0,438.0,22.1,33.0
2023-12-26 08:34:35,0.0,0.0,433.0,22.1,34.0
2023-12-26 08:44:35,0.0,0.0,424.0,22.1,33.0
2023-12-26 08:54:35,0.0,3.0,420.0,22.1,33.0
2023-12-26 09:04:35,0.0,3.0,418.0,22.1,33.0
2023-12-26 09:14:35,0.0,3.0,411.0,22.1,33.0
2023-12-26 09:24:35,0.0,3.0,413.0,22.0,33.0
2023-12-26 09:34:35,0.0,3.0,410.0,22.0,33.0
2023-12-26 09:44:35,0.0,3.0,411.0,22.0,33.0
2023-12-26 09:54:35,0.0,3.0,411.0,22.0,33.0
2023-12-26 10:04:35,0.0,3.0,413.0,22.0,33.0
2023-12-26 10:14:35,0.0,3.0,414.0,22.0,33.0
2023-12-26 10:24:34,0.0,3.0,386.0,22.1,33.0
2023-12-26 10:34:34,0.0,3.0,399.0,22.0,33.0
2023-12-26 10:44:34,0.0,3.0,408.0,22.1,33.0
2023-12-26 10:54:34,0.0,3.0,399.0,22.1,33.0
2023-12-26 11:04:34,0.0,3.0,405.0,22.0,33.0
2023-12-26 11:14:34,0.0,3.0,393.0,22.1,33.0
2023-12-26 11:24:34,0.0,3.0,400.0,22.0,33.0
2023-12-26 11:34:34,0.0,3.0,398.0,22.0,33.0
2023-12-26 11:44:34,1.0,3.0,399.0,22.1,33.0
2023-12-26 11:54:34,0.0,6.0,389.0,22.1,33.0
2023-12-26 12:04:34,0.0,13.0,402.0,22.1,33.0
2023-12-26 12:14:34,0.0,10.0,390.0,22.1,33.0
2023-12-26 12:24:34,0.0,6.0,396.0,22.1,33.0
2023-12-26 12:34:34,0.0,6.0,411.0,22.1,33.0
2023-12-26 12:44:34,0.0,3.0,400.0,22.0,32.0
2023-12-26 12:54:34,0.0,3.0,399.0,22.1,32.0
2023-12-26 13:04:34,0.0,3.0,394.0,22.0,32.0
2023-12-26 13:14:34,0.0,3.0,384.0,22.1,32.0
2023-12-26 13:24:34,0.0,3.0,402.0,22.0,32.0
2023-12-26 13:34:34,0.0,3.0,379.0,22.0,32.0
2023-12-26 13:44:34,0.0,3.0,391.0,22.0,32.0
2023-12-26 13:54:34,0.0,3.0,385.0,22.1,32.0
2023-12-26 14:04:34,0.0,3.0,393.0,22.1,32.0
2023-12-26 14:14:34,0.0,3.0,395.0,22.1,32.0
2023-12-26 14:24:34,0.0,3.0,392.0,22.1,32.0
2023-12-26 14:34:34,0.0,3.0,385.0,22.1,32.0
2023-12-26 14:44:34,0.0,0.0,375.0,22.0,32.0
2023-12-26 14:54:34,0.0,0.0,387.0,22.1,32.0
2023-12-26 15:04:34,0.0,0.0,383.0,22.1,32.0
2023-12-26 15:14:34,0.0,0.0,391.0,22.0,32.0
2023-12-26 15:24:34,0.0,0.0,396.0,22.1,32.0
2023-12-26 15:34:34,0.0,0.0,381.0,22.0,32.0
2023-12-26 15:44:34,0.0,0.0,387.0,22.1,32.0
2023-12-26 15:54:33,0.0,0.0,396.0,22.1,32.0
2023-12-26 16:04:33,0.0,0.0,384.0,22.0,32.0
2023-12-26 16:14:33,0.0,0.0,381.0,22.1,32.0
2023-12-26 16:24:33,0.0,0.0,389.0,22.1,32.0
2023-12-26 16:34:33,0.0,0.0,394.0,22.0,32.0
2023-12-26 16:44:33,0.0,0.0,386.0,22.0,32.0
2023-12-26 16:54:33,0.0,0.0,394.0,22.0,32.0
2023-12-26 17:04:33,0.0,0.0,384.0,22.1,32.0
2023-12-26 17:14:33,0.0,0.0,393.0,22.1,32.0
2023-12-26 17:24:33,0.0,0.0,398.0,22.1,32.0
2023-12-26 17:34:33,0.0,0.0,384.0,22.1,32.0
2023-12-26 17:44:33,0.0,0.0,397.0,22.1,32.0
2023-12-26 17:54:33,0.0,0.0,383.0,22.1,32.0
2023-12-26 18:04:33,0.0,0.0,383.0,22.0,32.0
2023-12-26 18:14:33,0.0,0.0,379.0,22.1,32.0
2023-12-26 18:24:33,0.0,0.0,377.0,22.0,32.0
2023-12-26 18:34:33,0.0,0.0,398.0,22.0,32.0
2023-12-26 18:44:33,0.0,0.0,388.0,22.0,32.0
2023-12-26 18:54:33,0.0,0.0,391.0,22.1,32.0
2023-12-26 19:04:33,0.0,0.0,376.0,22.1,32.0
2023-12-26 19:14:33,0.0,0.0,390.0,22.0,32.0
2023-12-26 19:24:33,0.0,0.0,392.0,22.1,32.0
2023-12-26 19:34:33,0.0,0.0,383.0,22.0,32.0
2023-12-26 19:44:33,0.0,0.0,385.0,22.1,32.0
2023-12-26 19:54:33,0.0,0.0,395.0,22.1,32.0
2023-12-26 20:04:33,0.0,0.0,393.0,22.0,32.0
2023-12-26 20:14:33,0.0,0.0,383.0,22.1,32.0
2023-12-26 20:24:33,0.0,0.0,386.0,22.1,32.0
2023-12-26 20:34:33,0.0,0.0,383.0,22.1,32.0
2023-12-26 20:44:33,0.0,0.0,379.0,22.0,32.0
2023-12-26 20:54:33,0.0,0.0,383.0,22.0,32.0
2023-12-26 21:04:33,0.0,0.0,386.0,22.0,32.0
2023-12-26 21:14:33,0.0,0.0,385.0,22.0,32.0
2023-12-26 21:24:32,0.0,0.0,386.0,22.1,32.0
2023-12-26 21:34:32,0.0,0.0,383.0,22.0,32.0
2023-12-26 21:44:32,0.0,0.0,378.0,22.0,32.0
2023-12-26 21:54:32,0.0,0.0,386.0,22.0,32.0
2023-12-26 22:04:32,0.0,0.0,389.0,22.1,32.0
2023-12-26 22:14:32,0.0,0.0,375.0,22.1,32.0
2023-12-26 22:24:32,0.0,0.0,380.0,22.0,32.0
2023-12-26 22:34:32,0.0,0.0,395.0,22.1,32.0
2023-12-26 22:44:32,0.0,0.0,389.0,22.0,32.0
2023-12-26 22:54:32,0.0,0.0,397.0,22.0,32.0
2023-12-26 23:04:32,0.0,0.0,372.0,22.0,32.0
2023-12-26 23:14:32,0.0,0.0,393.0,22.0,32.0
2023-12-26 23:24:32,0.0,0.0,396.0,22.1,32.0
2023-12-26 23:34:32,0.0,0.0,383.0,22.0,32.0
2023-12-26 23:44:32,0.0,0.0,378.0,22.1,32.0
2023-12-26 23:54:32,0.0,0.0,374.0,22.0,32.0
2023-12-27 00:04:32,0.0,0.0,396.0,22.1,32.0
2023-12-27 00:14:32,0.0,0.0,388.0,22.0,32.0
2023-12-27 00:24:32,0.0,0.0,369.0,22.0,32.0
2023-12-27 00:34:32,0.0,0.0,400.0,22.1,32.0
2023-12-27 00:44:32,0.0,0.0,384.0,22.1,32.0
2023-12-27 00:54:32,0.0,0.0,385.0,22.1,32.0
2023-12-27 01:04:32,0.0,0.0,388.0,22.1,32.0
2023-12-27 01:14:32,0.0,0.0,390.0,22.0,32.0
2023-12-27 01:24:32,0.0,0.0,389.0,22.1,32.0
2023-12-27 01:34:32,0.0,0.0,385.0,22.1,32.0
2023-12-27 01:54:32,0.0,0.0,364.0,22.0,32.0
2023-12-27 02:04:32,0.0,0.0,382.0,22.0,32.0
2023-12-27 02:14:32,0.0,0.0,390.0,22.0,32.0
2023-12-27 02:24:32,0.0,0.0,386.0,22.1,32.0
2023-12-27 02:34:32,0.0,0.0,390.0,22.1,32.0
2023-12-27 02:44:32,0.0,0.0,391.0,22.0,32.0
2023-12-27 02:54:31,0.0,0.0,392.0,22.1,32.0
2023-12-27 03:04:31,0.0,0.0,376.0,22.1,32.0
2023-12-27 03:14:31,0.0,0.0,380.0,22.1,32.0
2023-12-27 03:24:31,0.0,0.0,386.0,22.0,32.0
2023-12-27 03:34:31,0.0,0.0,385.0,22.0,32.0
2023-12-27 03:44:31,0.0,0.0,379.0,22.1,32.0
2023-12-27 03:54:31,0.0,0.0,390.0,22.0,32.0
2023-12-27 04:04:31,0.0,0.0,374.0,22.1,32.0
2023-12-27 04:14:31,0.0,0.0,388.0,22.0,32.0
2023-12-27 04:24:31,0.0,0.0,391.0,22.0,31.0
2023-12-27 04:34:31,0.0,0.0,391.0,22.1,32.0
2023-12-27 04:44:31,0.0,0.0,375.0,22.1,32.0
2023-12-27 04:54:31,0.0,0.0,372.0,22.1,31.0
2023-12-27 05:04:31,0.0,0.0,383.0,22.0,32.0
2023-12-27 05:14:31,0.0,0.0,385.0,22.0,31.0
2023-12-27 05:24:31,0.0,0.0,401.0,22.1,31.0
2023-12-27 05:34:31,0.0,0.0,383.0,22.1,31.0
2023-12-27 05:44:31,0.0,0.0,374.0,22.1,31.0
2023-12-27 05:54:31,0.0,0.0,387.0,22.1,31.0
2023-12-27 06:04:31,0.0,0.0,387.0,22.0,31.0
2023-12-27 06:14:31,0.0,0.0,388.0,22.1,31.0
2023-12-27 06:24:31,0.0,0.0,379.0,22.0,31.0
2023-12-27 06:34:31,0.0,0.0,385.0,22.0,31.0
2023-12-27 06:44:31,0.0,0.0,388.0,22.0,31.0
2023-12-27 06:54:31,0.0,0.0,388.0,22.0,31.0
2023-12-27 07:04:31,0.0,0.0,368.0,22.0,31.0
2023-12-27 07:14:31,0.0,0.0,383.0,22.1,31.0
2023-12-27 07:24:31,0.0,0.0,387.0,22.0,31.0
2023-12-27 07:34:31,0.0,0.0,381.0,22.0,31.0
2023-12-27 07:44:31,0.0,0.0,391.0,22.0,31.0
2023-12-27 07:54:31,0.0,3.0,377.0,22.1,31.0
2023-12-27 08:04:31,0.0,3.0,392.0,22.1,31.0
2023-12-27 08:14:31,0.0,3.0,380.0,22.1,31.0
2023-12-27 08:24:30,1.0,3.0,378.0,22.0,31.0
2023-12-27 08:34:30,0.0,30.0,408.0,22.0,31.0
2023-12-27 08:44:30,0.0,30.0,399.0,22.1,31.0
2023-12-27 08:54:30,0.0,3.0,426.0,22.0,31.0
2023-12-27 09:04:30,0.0,30.0,398.0,22.1,30.0
2023-12-27 09:14:30,0.0,30.0,404.0,22.1,31.0
2023-12-27 09:24:30,0.0,3.0,399.0,22.1,31.0
2023-12-27 09:34:30,0.0,6.0,387.0,22.0,31.0
2023-12-27 09:44:30,0.0,3.0,386.0,22.1,31.0
2023-12-27 09:54:30,3.0,6.0,452.0,22.1,31.0
2023-12-27 10:04:30,0.0,6.0,393.0,22.1,30.0
2023-12-27 10:14:30,0.0,6.0,403.0,22.1,30.0
2023-12-27 10:24:30,0.0,10.0,407.0,22.0,30.0
2023-12-27 10:34:30,0.0,10.0,401.0,22.1,30.0
2023-12-27 10:44:30,0.0,13.0,407.0,22.0,31.0
2023-12-27 10:54:30,0.0,13.0,422.0,22.0,31.0
2023-12-27 11:04:30,0.0,13.0,415.0,22.1,31.0
2023-12-27 11:14:30,2.0,40.0,434.0,22.1,31.0
2023-12-27 11:24:30,0.0,43.0,449.0,22.1,31.0
2023-12-27 11:34:30,0.0,20.0,611.0,22.1,32.0
2023-12-27 11:44:31,0.0,16.0,572.0,22.1,32.0
2023-12-27 11:54:30,0.0,43.0,602.0,22.1,32.0
2023-12-27 12:04:30,1.0,37.0,533.0,22.1,31.0
2023-12-27 12:14:30,0.0,10.0,543.0,22.1,31.0
2023-12-27 12:24:30,0.0,6.0,544.0,22.1,31.0
2023-12-27 12:34:30,0.0,6.0,546.0,22.1,31.0
2023-12-27 12:44:30,2.0,6.0,527.0,22.1,31.0
2023-12-27 12:54:30,0.0,3.0,514.0,22.1,30.0
2023-12-27 13:04:30,0.0,3.0,498.0,22.1,30.0
2023-12-27 13:14:30,0.0,3.0,545.0,22.1,30.0
2023-12-27 13:24:30,0.0,3.0,515.0,22.1,30.0
2023-12-27 13:34:30,0.0,3.0,524.0,22.1,31.0
2023-12-27 13:44:30,0.0,3.0,520.0,22.1,30.0
2023-12-27 13:54:29,0.0,3.0,619.0,22.1,31.0
2023-12-27 14:04:30,0.0,3.0,585.0,22.1,31.0
2023-12-27 14:14:29,0.0,3.0,566.0,22.1,31.0
2023-12-27 14:24:29,3.0,3.0,582.0,22.1,31.0
2023-12-27 14:34:29,0.0,0.0,533.0,22.1,31.0
2023-12-27 14:44:29,0.0,0.0,543.0,22.1,31.0
2023-12-27 14:54:29,0.0,0.0,545.0,22.1,31.0
2023-12-27 15:04:29,2.0,30.0,562.0,22.1,32.0
2023-12-27 15:14:29,3.0,30.0,621.0,22.1,31.0
2023-12-27 15:24:29,0.0,0.0,629.0,22.1,31.0
2023-12-27 15:34:29,0.0,0.0,569.0,22.0,31.0
2023-12-27 15:44:29,0.0,0.0,543.0,22.1,31.0
2023-12-27 15:54:29,0.0,0.0,524.0,22.1,31.0
2023-12-27 16:04:29,0.0,0.0,485.0,22.1,31.0
2023-12-27 16:14:29,0.0,0.0,521.0,22.1,31.0
2023-12-27 16:24:29,0.0,0.0,475.0,22.1,31.0
2023-12-27 16:34:29,0.0,0.0,500.0,22.0,31.0
2023-12-27 16:44:29,0.0,0.0,476.0,22.0,31.0
2023-12-27 16:54:29,0.0,0.0,489.0,22.1,31.0
2023-12-27 17:04:29,0.0,0.0,468.0,22.1,31.0
2023-12-27 17:14:29,0.0,0.0,476.0,22.1,31.0
2023-12-27 17:24:29,0.0,0.0,474.0,22.1,31.0
2023-12-27 17:34:29,0.0,0.0,455.0,22.1,31.0
2023-12-27 17:44:29,0.0,0.0,460.0,22.0,31.0
2023-12-27 17:54:29,0.0,0.0,461.0,22.1,31.0
2023-12-27 18:04:29,0.0,23.0,437.0,22.1,30.0
2023-12-27 18:14:29,0.0,30.0,451.0,22.1,30.0
2023-12-27 18:24:29,0.0,0.0,461.0,22.1,30.0
2023-12-27 18:34:29,0.0,0.0,478.0,22.1,31.0
2023-12-27 18:44:29,0.0,0.0,475.0,22.1,31.0
2023-12-27 18:54:29,0.0,30.0,622.0,22.1,31.0
2023-12-27 19:04:29,0.0,30.0,493.0,22.1,31.0
2023-12-27 19:14:29,0.0,0.0,485.0,22.1,31.0
2023-12-27 19:24:28,0.0,0.0,461.0,22.1,30.0
2023-12-27 19:34:28,1.0,0.0,433.0,22.1,30.0
2023-12-27 19:44:28,0.0,0.0,445.0,22.1,30.0
2023-12-27 19:54:28,0.0,0.0,424.0,22.1,30.0
2023-12-27 20:04:28,0.0,0.0,454.0,22.1,30.0
2023-12-27 20:14:28,0.0,0.0,456.0,22.1,30.0
2023-12-27 20:24:28,0.0,0.0,449.0,22.1,30.0
2023-12-27 20:34:28,0.0,0.0,457.0,22.0,30.0
2023-12-27 20:44:28,0.0,0.0,447.0,22.1,30.0
2023-12-27 20:54:28,0.0,0.0,452.0,22.1,29.0
2023-12-27 21:04:28,0.0,0.0,426.0,22.1,29.0
2023-12-27 21:14:28,0.0,0.0,432.0,22.1,29.0
2023-12-27 21:24:28,0.0,0.0,474.0,22.1,30.0
2023-12-27 21:34:28,0.0,0.0,476.0,22.1,30.0
2023-12-27 21:44:28,0.0,0.0,435.0,22.0,29.0
2023-12-27 21:54:28,0.0,0.0,489.0,22.1,30.0
2023-12-27 22:04:28,0.0,0.0,448.0,22.1,30.0
2023-12-27 22:14:28,0.0,0.0,460.0,22.1,30.0
2023-12-27 22:24:28,0.0,0.0,460.0,22.1,30.0
2023-12-27 22:34:28,0.0,0.0,441.0,22.1,29.0
2023-12-27 22:44:28,0.0,0.0,431.0,22.1,29.0
2023-12-27 22:54:28,0.0,0.0,472.0,22.1,30.0
2023-12-27 23:04:28,0.0,0.0,441.0,22.0,30.0
2023-12-27 23:14:28,0.0,0.0,411.0,22.1,29.0
2023-12-27 23:24:28,0.0,0.0,433.0,22.0,29.0
2023-12-27 23:34:28,0.0,0.0,421.0,22.0,29.0
2023-12-27 23:44:28,0.0,0.0,428.0,22.1,29.0
2023-12-27 23:54:28,0.0,0.0,417.0,22.0,29.0
2023-12-28 00:04:28,0.0,0.0,459.0,22.1,30.0
2023-12-28 00:14:28,0.0,0.0,428.0,22.1,29.0
2023-12-28 00:24:28,0.0,20.0,441.0,22.1,30.0
2023-12-28 00:34:28,0.0,30.0,427.0,22.0,30.0
2023-12-28 00:44:27,0.0,0.0,427.0,22.1,30.0
2023-12-28 00:54:27,0.0,0.0,416.0,22.0,30.0
2023-12-28 01:04:27,0.0,0.0,417.0,22.0,30.0
2023-12-28 01:14:27,0.0,0.0,439.0,22.1,30.0
2023-12-28 01:24:27,0.0,0.0,423.0,22.1,30.0
2023-12-28 01:34:27,0.0,0.0,425.0,22.1,30.0
2023-12-28 01:44:27,0.0,0.0,427.0,22.1,30.0
2023-12-28 01:54:27,0.0,0.0,430.0,22.1,30.0
2023-12-28 02:04:27,0.0,0.0,410.0,22.0,30.0
2023-12-28 02:14:27,0.0,0.0,415.0,22.1,30.0
2023-12-28 02:24:27,0.0,0.0,408.0,22.1,30.0
2023-12-28 02:34:27,0.0,0.0,431.0,22.1,30.0
2023-12-28 02:44:27,0.0,0.0,404.0,22.1,30.0
2023-12-28 02:54:27,0.0,0.0,418.0,22.0,30.0
2023-12-28 03:04:27,0.0,0.0,417.0,22.0,30.0
2023-12-28 03:14:27,0.0,0.0,401.0,22.1,30.0
2023-12-28 03:24:27,0.0,0.0,411.0,22.0,30.0
2023-12-28 03:34:27,0.0,0.0,404.0,22.0,30.0
2023-12-28 03:44:27,0.0,0.0,408.0,22.1,31.0
2023-12-28 03:54:27,0.0,0.0,408.0,22.0,30.0
2023-12-28 04:04:27,0.0,0.0,435.0,22.1,31.0
2023-12-28 04:14:27,0.0,0.0,434.0,22.0,31.0
2023-12-28 04:24:27,0.0,0.0,413.0,22.0,31.0
2023-12-28 04:34:27,0.0,0.0,420.0,22.0,31.0
2023-12-28 04:44:27,0.0,0.0,408.0,22.0,31.0
2023-12-28 04:54:27,0.0,0.0,401.0,22.0,31.0
2023-12-28 05:04:27,0.0,0.0,403.0,22.1,31.0
2023-12-28 05:14:27,0.0,0.0,404.0,22.0,31.0
2023-12-28 05:24:27,0.0,0.0,436.0,22.0,31.0
2023-12-28 05:34:27,0.0,0.0,418.0,22.0,31.0
2023-12-28 05:44:27,0.0,0.0,405.0,22.0,31.0
2023-12-28 05:54:27,0.0,0.0,406.0,22.1,31.0
2023-12-28 06:04:27,0.0,0.0,409.0,22.1,31.0
2023-12-28 06:14:27,0.0,0.0,430.0,22.0,31.0
2023-12-28 06:24:26,0.0,0.0,421.0,22.1,32.0
2023-12-28 06:34:27,0.0,0.0,422.0,22.1,32.0
2023-12-28 06:44:26,0.0,0.0,435.0,22.0,32.0
2023-12-28 06:54:26,0.0,0.0,425.0,22.0,32.0
2023-12-28 07:04:26,0.0,0.0,432.0,22.0,32.0
2023-12-28 07:14:26,0.0,0.0,419.0,22.1,32.0
2023-12-28 07:24:26,0.0,0.0,433.0,22.1,32.0
2023-12-28 07:34:26,0.0,0.0,428.0,22.1,32.0
2023-12-28 07:44:26,0.0,0.0,427.0,22.1,32.0
2023-12-28 07:54:26,0.0,0.0,421.0,22.1,32.0
2023-12-28 08:04:26,1.0,30.0,442.0,22.0,33.0
2023-12-28 08:14:26,0.0,30.0,435.0,22.0,33.0
2023-12-28 08:24:26,0.0,3.0,437.0,22.1,33.0
2023-12-28 08:34:26,0.0,3.0,427.0,22.1,33.0
2023-12-28 08:44:26,0.0,3.0,423.0,22.1,33.0
2023-12-28 08:54:26,0.0,3.0,418.0,22.0,33.0
2023-12-28 09:04:26,0.0,3.0,424.0,22.1,33.0
2023-12-28 09:14:26,0.0,3.0,405.0,22.0,33.0
2023-12-28 09:24:26,0.0,3.0,411.0,22.0,33.0
2023-12-28 09:34:26,1.0,3.0,409.0,22.0,33.0
2023-12-28 09:44:26,1.0,30.0,411.0,22.0,33.0
2023-12-28 09:54:26,0.0,30.0,403.0,22.1,33.0
2023-12-28 10:04:26,0.0,3.0,422.0,22.1,33.0
2023-12-28 10:14:26,0.0,30.0,454.0,22.1,33.0
2023-12-28 10:24:26,0.0,30.0,415.0,22.0,33.0
2023-12-28 10:34:26,0.0,3.0,405.0,22.1,33.0
2023-12-28 10:44:26,0.0,3.0,415.0,22.1,33.0
2023-12-28 10:54:26,0.0,3.0,421.0,22.1,33.0
2023-12-28 11:04:26,0.0,3.0,413.0,22.1,33.0
2023-12-28 11:14:26,0.0,3.0,417.0,22.1,33.0
2023-12-28 11:24:26,1.0,3.0,434.0,22.1,33.0
2023-12-28 11:34:26,0.0,33.0,471.0,22.0,34.0
2023-12-28 11:44:25,1.0,33.0,475.0,22.1,34.0
2023-12-28 11:54:25,0.0,3.0,471.0,22.1,34.0
2023-12-28 12:04:25,0.0,3.0,467.0,22.1,34.0
2023-12-28 12:14:25,0.0,3.0,465.0,22.1,34.0
2023-12-28 12:24:25,0.0,3.0,426.0,22.1,34.0
2023-12-28 12:34:25,0.0,3.0,431.0,22.1,34.0
2023-12-28 12:44:25,0.0,6.0,428.0,22.1,34.0
2023-12-28 12:54:25,4.0,37.0,597.0,22.1,35.0
2023-12-28 13:04:25,0.0,30.0,493.0,22.1,34.0
2023-12-28 13:14:25,2.0,3.0,452.0,22.1,34.0
2023-12-28 13:24:25,2.0,3.0,470.0,22.1,34.0
2023-12-28 13:34:25,0.0,3.0,442.0,22.1,34.0
2023-12-28 13:44:25,0.0,3.0,432.0,22.1,34.0
2023-12-28 13:54:25,0.0,3.0,453.0,22.1,34.0
2023-12-28 14:04:25,0.0,3.0,419.0,22.1,34.0
2023-12-28 14:14:25,1.0,3.0,443.0,22.1,34.0
2023-12-28 14:24:25,0.0,3.0,414.0,22.1,34.0
2023-12-28 14:34:25,3.0,3.0,427.0,22.1,34.0
2023-12-28 14:44:25,0.0,3.0,427.0,22.1,34.0
2023-12-28 14:54:25,0.0,0.0,407.0,22.1,34.0
2023-12-28 15:04:25,0.0,0.0,422.0,22.1,34.0
2023-12-28 15:14:25,0.0,0.0,434.0,22.1,34.0
2023-12-28 15:24:25,0.0,0.0,428.0,22.1,34.0
2023-12-28 15:34:25,0.0,0.0,435.0,22.1,34.0
2023-12-28 15:54:25,0.0,0.0,426.0,22.1,34.0
2023-12-28 16:04:25,0.0,0.0,432.0,22.1,34.0
2023-12-28 16:14:25,0.0,0.0,426.0,22.1,34.0
2023-12-28 16:24:25,0.0,0.0,429.0,22.1,34.0
2023-12-28 16:34:25,0.0,0.0,402.0,22.1,34.0
2023-12-28 16:44:25,0.0,0.0,434.0,22.1,34.0
2023-12-28 16:54:25,0.0,0.0,425.0,22.1,34.0
2023-12-28 17:04:25,0.0,0.0,415.0,22.1,34.0
2023-12-28 17:14:25,0.0,0.0,415.0,22.1,34.0
2023-12-28 17:24:24,0.0,0.0,407.0,22.1,34.0
2023-12-28 17:34:24,0.0,0.0,415.0,22.1,34.0
2023-12-28 17:44:24,0.0,0.0,417.0,22.1,34.0
2023-12-28 17:54:24,0.0,0.0,415.0,22.1,34.0
2023-12-28 18:04:24,0.0,0.0,402.0,22.1,34.0
2023-12-28 18:14:24,0.0,0.0,402.0,22.1,34.0
2023-12-28 18:24:25,0.0,23.0,409.0,22.1,34.0
2023-12-28 18:34:24,0.0,30.0,402.0,22.1,34.0
2023-12-28 18:44:24,0.0,0.0,430.0,22.1,34.0
2023-12-28 18:54:24,1.0,23.0,409.0,22.1,34.0
2023-12-28 19:04:24,0.0,26.0,403.0,22.1,34.0
2023-12-28 19:14:24,0.0,0.0,441.0,22.2,34.0
2023-12-28 19:24:24,0.0,0.0,426.0,22.1,34.0
2023-12-28 19:34:24,0.0,0.0,412.0,22.1,34.0
2023-12-28 19:44:24,0.0,0.0,411.0,22.1,34.0
2023-12-28 19:54:24,0.0,0.0,426.0,22.1,34.0
2023-12-28 20:04:24,0.0,0.0,410.0,22.1,34.0
2023-12-28 20:14:24,0.0,0.0,402.0,22.1,34.0
2023-12-28 20:24:24,0.0,0.0,393.0,22.1,34.0
2023-12-28 20:34:24,0.0,0.0,402.0,22.1,34.0
2023-12-28 20:44:24,0.0,0.0,408.0,22.1,34.0
2023-12-28 20:54:24,0.0,0.0,402.0,22.1,34.0
2023-12-28 21:04:24,0.0,0.0,392.0,22.1,34.0
2023-12-28 21:14:24,0.0,0.0,415.0,22.1,34.0
2023-12-28 21:24:24,0.0,0.0,391.0,22.1,34.0
2023-12-28 21:34:24,1.0,30.0,389.0,22.1,34.0
2023-12-28 21:44:24,0.0,30.0,396.0,22.1,34.0
2023-12-28 21:54:24,0.0,0.0,395.0,22.1,34.0
2023-12-28 22:04:24,0.0,0.0,422.0,22.1,34.0
2023-12-28 22:14:24,0.0,0.0,417.0,22.1,34.0
2023-12-28 22:24:24,0.0,0.0,401.0,22.1,34.0
2023-12-28 22:34:24,0.0,0.0,398.0,22.1,34.0
2023-12-28 22:44:24,0.0,0.0,419.0,22.1,34.0
2023-12-28 22:54:23,0.0,0.0,411.0,22.1,34.0
2023-12-28 23:04:23,0.0,0.0,411.0,22.1,34.0
2023-12-28 23:14:23,0.0,30.0,412.0,22.1,34.0
2023-12-28 23:24:24,0.0,30.0,482.0,22.1,35.0
2023-12-28 23:34:23,0.0,0.0,469.0,22.1,35.0
2023-12-28 23:44:23,0.0,0.0,433.0,22.1,35.0
2023-12-28 23:54:23,0.0,0.0,426.0,22.1,35.0
2023-12-29 00:04:23,0.0,0.0,443.0,22.1,35.0
2023-12-29 00:14:23,0.0,0.0,420.0,22.1,34.0
2023-12-29 00:24:23,0.0,0.0,414.0,22.1,34.0
2023-12-29 00:34:23,0.0,0.0,432.0,22.1,35.0
2023-12-29 00:44:23,0.0,0.0,426.0,22.1,34.0
2023-12-29 00:54:23,0.0,0.0,415.0,22.1,35.0
2023-12-29 01:04:23,0.0,0.0,422.0,22.1,35.0
2023-12-29 01:14:23,0.0,0.0,404.0,22.1,34.0
2023-12-29 01:24:23,0.0,0.0,410.0,22.1,34.0
2023-12-29 01:34:23,0.0,0.0,405.0,22.1,35.0
2023-12-29 01:44:23,0.0,0.0,417.0,22.1,34.0
2023-12-29 01:54:23,0.0,0.0,410.0,22.1,35.0
2023-12-29 02:04:23,0.0,0.0,424.0,22.1,34.0
2023-12-29 02:14:23,0.0,0.0,415.0,22.1,34.0
2023-12-29 02:24:23,0.0,0.0,412.0,22.1,34.0
2023-12-29 02:34:23,0.0,0.0,421.0,22.1,34.0
2023-12-29 02:44:23,0.0,0.0,411.0,22.2,34.0
2023-12-29 02:54:23,0.0,0.0,401.0,22.1,34.0
2023-12-29 03:04:23,0.0,0.0,406.0,22.1,34.0
2023-12-29 03:14:23,0.0,0.0,386.0,22.2,34.0
2023-12-29 03:24:23,0.0,0.0,404.0,22.1,34.0
2023-12-29 03:34:23,0.0,0.0,402.0,22.1,34.0
2023-12-29 03:44:23,0.0,0.0,425.0,22.1,34.0
2023-12-29 03:54:23,0.0,0.0,397.0,22.1,34.0
2023-12-29 04:04:23,0.0,0.0,391.0,22.1,34.0
2023-12-29 04:14:22,0.0,0.0,412.0,22.1,34.0
2023-12-29 04:24:22,0.0,0.0,395.0,22.1,34.0
2023-12-29 04:34:22,0.0,0.0,400.0,22.1,34.0
2023-12-29 04:44:23,0.0,0.0,411.0,22.1,34.0
2023-12-29 04:54:22,0.0,0.0,393.0,22.1,34.0
2023-12-29 05:04:22,0.0,0.0,403.0,22.1,34.0
2023-12-29 05:14:22,0.0,0.0,404.0,22.2,34.0
2023-12-29 05:24:22,0.0,0.0,395.0,22.1,34.0
2023-12-29 05:34:22,0.0,0.0,405.0,22.1,34.0
2023-12-29 05:44:22,0.0,0.0,383.0,22.1,34.0
2023-12-29 05:54:22,0.0,0.0,406.0,22.1,34.0
2023-12-29 06:04:22,0.0,0.0,393.0,22.2,34.0
2023-12-29 06:14:22,0.0,0.0,383.0,22.2,34.0
2023-12-29 06:24:22,0.0,0.0,404.0,22.2,34.0
2023-12-29 06:34:22,0.0,0.0,393.0,22.2,34.0
2023-12-29 06:44:22,0.0,0.0,388.0,22.2,34.0
2023-12-29 06:54:22,0.0,0.0,367.0,22.1,34.0
2023-12-29 07:04:22,0.0,0.0,382.0,22.2,34.0
2023-12-29 07:14:22,0.0,0.0,391.0,22.2,34.0
2023-12-29 07:24:22,0.0,0.0,384.0,22.2,34.0
2023-12-29 07:34:22,0.0,0.0,386.0,22.2,34.0
2023-12-29 07:44:22,0.0,0.0,402.0,22.2,34.0
2023-12-29 07:54:22,0.0,0.0,391.0,22.1,34.0
2023-12-29 08:04:22,0.0,0.0,406.0,22.2,34.0
2023-12-29 08:14:22,0.0,0.0,391.0,22.2,34.0
2023-12-29 08:24:22,0.0,3.0,389.0,22.2,34.0
2023-12-29 08:34:22,0.0,3.0,399.0,22.2,34.0
2023-12-29 08:44:22,0.0,3.0,379.0,22.2,34.0
2023-12-29 08:54:22,0.0,3.0,405.0,22.2,34.0
2023-12-29 09:04:22,0.0,3.0,395.0,22.2,34.0
2023-12-29 09:14:22,1.0,3.0,378.0,22.2,34.0
2023-12-29 09:24:22,0.0,3.0,390.0,22.2,34.0
2023-12-29 09:34:22,0.0,3.0,382.0,22.1,34.0
2023-12-29 09:44:21,0.0,3.0,389.0,22.2,34.0
2023-12-29 09:54:21,0.0,3.0,379.0,22.1,34.0
2023-12-29 10:04:22,0.0,6.0,388.0,22.2,34.0
2023-12-29 10:14:21,0.0,3.0,395.0,22.1,34.0
2023-12-29 10:24:21,0.0,3.0,389.0,22.2,34.0
2023-12-29 10:34:21,0.0,3.0,388.0,22.2,34.0
2023-12-29 10:44:21,0.0,3.0,375.0,22.2,34.0
2023-12-29 10:54:21,0.0,3.0,384.0,22.2,34.0
2023-12-29 11:04:21,0.0,3.0,399.0,22.1,34.0
2023-12-29 11:14:21,0.0,3.0,376.0,22.2,34.0
2023-12-29 11:24:21,0.0,6.0,406.0,22.2,34.0
2023-12-29 11:34:21,0.0,3.0,386.0,22.2,34.0
2023-12-29 11:44:21,0.0,3.0,384.0,22.1,34.0
2023-12-29 11:54:21,0.0,3.0,389.0,22.2,34.0
2023-12-29 12:04:21,0.0,3.0,389.0,22.2,34.0
2023-12-29 12:14:22,0.0,6.0,401.0,22.2,34.0
2023-12-29 12:24:21,0.0,10.0,397.0,22.2,34.0
2023-12-29 12:34:21,0.0,3.0,393.0,22.2,34.0
2023-12-29 12:44:21,0.0,6.0,393.0,22.2,34.0
2023-12-29 12:54:21,0.0,6.0,381.0,22.2,34.0
2023-12-29 13:04:21,0.0,3.0,385.0,22.2,34.0
2023-12-29 13:14:21,0.0,6.0,386.0,22.2,34.0
2023-12-29 13:24:21,0.0,3.0,384.0,22.1,34.0
2023-12-29 13:34:21,0.0,3.0,387.0,22.2,34.0
2023-12-29 13:44:21,1.0,26.0,380.0,22.1,34.0
2023-12-29 13:54:21,0.0,30.0,397.0,22.1,33.0
2023-12-29 14:04:21,0.0,3.0,388.0,22.2,33.0
2023-12-29 14:14:21,0.0,0.0,387.0,22.1,33.0
2023-12-29 14:24:21,0.0,0.0,386.0,22.2,33.0
2023-12-29 14:34:21,1.0,0.0,391.0,22.1,33.0
2023-12-29 14:44:21,0.0,0.0,389.0,22.1,33.0
2023-12-29 14:54:21,0.0,0.0,375.0,22.2,33.0
2023-12-29 15:04:21,1.0,30.0,405.0,22.2,33.0
2023-12-29 15:14:20,0.0,30.0,414.0,22.2,33.0
2023-12-29 15:24:21,0.0,0.0,399.0,22.2,33.0
2023-12-29 15:34:20,0.0,0.0,410.0,22.2,33.0
2023-12-29 15:44:20,1.0,26.0,407.0,22.2,33.0
2023-12-29 15:54:20,0.0,26.0,394.0,22.2,33.0
2023-12-29 16:04:20,0.0,0.0,369.0,22.2,33.0
2023-12-29 16:14:20,0.0,0.0,396.0,22.1,33.0
2023-12-29 16:24:20,1.0,0.0,391.0,22.2,33.0
2023-12-29 16:34:20,0.0,0.0,392.0,22.1,33.0
2023-12-29 16:54:20,0.0,0.0,400.0,22.2,33.0
2023-12-29 17:04:20,0.0,0.0,387.0,22.2,33.0
2023-12-29 17:14:20,0.0,0.0,410.0,22.2,33.0
2023-12-29 17:24:20,0.0,0.0,385.0,22.2,33.0
2023-12-29 17:34:20,0.0,0.0,395.0,22.2,33.0
2023-12-29 17:44:20,0.0,0.0,383.0,22.2,33.0
2023-12-29 17:54:20,0.0,0.0,376.0,22.2,33.0
2023-12-29 18:04:20,0.0,0.0,389.0,22.2,33.0
2023-12-29 18:14:20,0.0,0.0,394.0,22.2,33.0
2023-12-29 18:24:20,0.0,0.0,387.0,22.2,33.0
2023-12-29 18:34:20,0.0,0.0,392.0,22.2,33.0
2023-12-29 18:44:20,0.0,0.0,402.0,22.2,33.0
2023-12-29 18:54:20,0.0,0.0,399.0,22.2,33.0
2023-12-29 19:04:20,0.0,0.0,384.0,22.1,33.0
2023-12-29 19:14:20,0.0,0.0,389.0,22.2,33.0
2023-12-29 19:24:20,0.0,0.0,387.0,22.2,33.0
2023-12-29 19:34:20,0.0,0.0,397.0,22.1,33.0
2023-12-29 19:44:20,0.0,0.0,389.0,22.1,34.0
2023-12-29 19:54:20,0.0,0.0,375.0,22.1,33.0
2023-12-29 20:04:20,0.0,0.0,383.0,22.2,34.0
2023-12-29 20:14:20,0.0,0.0,383.0,22.2,34.0
2023-12-29 20:24:20,0.0,0.0,389.0,22.1,33.0
2023-12-29 20:34:19,0.0,0.0,401.0,22.2,33.0
2023-12-29 20:44:20,0.0,0.0,385.0,22.1,33.0
2023-12-29 20:54:19,0.0,0.0,410.0,22.2,33.0
2023-12-29 21:04:19,0.0,0.0,404.0,22.1,33.0
2023-12-29 21:14:20,0.0,0.0,393.0,22.2,33.0
2023-12-29 21:24:19,0.0,0.0,389.0,22.2,33.0
2023-12-29 21:34:19,0.0,0.0,381.0,22.2,33.0
2023-12-29 21:44:19,0.0,0.0,379.0,22.2,33.0
2023-12-29 21:54:19,0.0,0.0,383.0,22.1,33.0
2023-12-29 22:04:19,0.0,0.0,389.0,22.1,33.0
2023-12-29 22:14:19,0.0,0.0,386.0,22.1,33.0
2023-12-29 22:24:19,0.0,0.0,380.0,22.1,33.0
2023-12-29 22:34:19,0.0,0.0,379.0,22.2,33.0
2023-12-29 22:44:19,0.0,0.0,387.0,22.2,33.0
2023-12-29 22:54:19,0.0,0.0,379.0,22.2,33.0
2023-12-29 23:04:19,0.0,0.0,376.0,22.2,33.0
2023-12-29 23:14:19,0.0,0.0,373.0,22.2,33.0
2023-12-29 23:24:19,0.0,0.0,370.0,22.2,33.0
2023-12-29 23:34:19,0.0,0.0,374.0,22.2,33.0
2023-12-29 23:44:19,0.0,0.0,386.0,22.2,33.0
2023-12-29 23:54:19,0.0,0.0,387.0,22.2,33.0
2023-12-30 00:04:19,0.0,0.0,379.0,22.1,33.0
2023-12-30 00:14:19,0.0,0.0,390.0,22.2,33.0
2023-12-30 00:24:19,0.0,0.0,385.0,22.1,33.0
2023-12-30 00:34:19,0.0,0.0,387.0,22.2,33.0
2023-12-30 00:44:19,0.0,0.0,381.0,22.2,33.0
2023-12-30 00:54:19,0.0,0.0,385.0,22.2,33.0
2023-12-30 01:04:19,0.0,0.0,372.0,22.2,33.0
2023-12-30 01:14:19,0.0,0.0,379.0,22.2,33.0
2023-12-30 01:24:19,0.0,0.0,380.0,22.2,33.0
2023-12-30 01:34:19,0.0,0.0,381.0,22.2,33.0
2023-12-30 01:44:19,0.0,0.0,383.0,22.2,33.0
2023-12-30 01:54:19,0.0,0.0,381.0,22.2,33.0
2023-12-30 02:04:19,0.0,0.0,375.0,22.1,33.0
2023-12-30 02:14:18,0.0,0.0,382.0,22.2,33.0
2023-12-30 02:24:18,0.0,0.0,368.0,22.2,33.0
2023-12-30 02:34:18,0.0,0.0,403.0,22.2,33.0
2023-12-30 02:44:18,0.0,0.0,390.0,22.2,33.0
2023-12-30 02:54:18,0.0,0.0,384.0,22.2,33.0
2023-12-30 03:04:18,0.0,0.0,397.0,22.1,33.0
2023-12-30 03:14:18,0.0,0.0,376.0,22.2,33.0
2023-12-30 03:24:18,0.0,0.0,386.0,22.2,33.0
2023-12-30 03:34:18,0.0,0.0,382.0,22.1,33.0
2023-12-30 03:44:18,0.0,0.0,385.0,22.2,33.0
2023-12-30 03:54:18,0.0,0.0,381.0,22.2,33.0
2023-12-30 04:04:18,0.0,0.0,384.0,22.2,33.0
2023-12-30 04:14:18,0.0,0.0,386.0,22.2,33.0
2023-12-30 04:24:18,0.0,0.0,387.0,22.1,33.0
2023-12-30 04:34:18,0.0,0.0,390.0,22.2,33.0
2023-12-30 04:44:18,0.0,0.0,386.0,22.2,33.0
2023-12-30 04:54:18,0.0,0.0,379.0,22.2,33.0
2023-12-30 05:04:18,0.0,0.0,372.0,22.2,33.0
2023-12-30 05:14:18,0.0,0.0,389.0,22.2,33.0
2023-12-30 05:24:18,0.0,0.0,378.0,22.2,33.0
2023-12-30 05:34:18,0.0,0.0,386.0,22.2,33.0
2023-12-30 05:44:18,0.0,0.0,384.0,22.2,33.0
2023-12-30 05:54:18,0.0,0.0,381.0,22.2,33.0
2023-12-30 06:04:18,0.0,0.0,397.0,22.2,33.0
2023-12-30 06:14:18,0.0,0.0,377.0,22.2,33.0
2023-12-30 06:24:18,0.0,0.0,383.0,22.2,33.0
2023-12-30 06:34:18,0.0,0.0,372.0,22.2,33.0
2023-12-30 06:44:18,0.0,0.0,368.0,22.2,33.0
2023-12-30 06:54:18,0.0,0.0,391.0,22.3,33.0
2023-12-30 07:04:18,0.0,0.0,387.0,22.2,33.0
2023-12-30 07:14:18,0.0,0.0,382.0,22.2,33.0
2023-12-30 07:24:18,0.0,0.0,383.0,22.2,33.0
2023-12-30 07:34:17,0.0,0.0,384.0,22.2,33.0
2023-12-30 07:44:17,0.0,0.0,377.0,22.2,33.0
2023-12-30 07:54:17,0.0,0.0,382.0,22.2,33.0
2023-12-30 08:04:17,0.0,3.0,390.0,22.2,33.0
2023-12-30 08:14:17,0.0,3.0,395.0,22.2,32.0
2023-12-30 08:24:17,0.0,3.0,381.0,22.2,33.0
2023-12-30 08:34:17,0.0,3.0,386.0,22.2,33.0
2023-12-30 08:44:17,0.0,3.0,379.0,22.2,33.0
2023-12-30 08:54:17,0.0,3.0,386.0,22.2,32.0
2023-12-30 09:04:17,0.0,3.0,375.0,22.2,32.0
2023-12-30 09:14:17,0.0,3.0,383.0,22.2,32.0
2023-12-30 09:24:17,0.0,3.0,383.0,22.2,32.0
2023-12-30 09:34:17,0.0,6.0,363.0,22.2,32.0
2023-12-30 09:44:17,0.0,3.0,378.0,22.2,32.0
2023-12-30 09:54:17,0.0,3.0,386.0,22.2,32.0
2023-12-30 10:04:17,0.0,6.0,391.0,22.2,32.0
2023-12-30 10:14:17,0.0,6.0,393.0,22.2,32.0
2023-12-30 10:24:17,0.0,6.0,389.0,22.2,32.0
2023-12-30 10:34:17,0.0,10.0,377.0,22.2,32.0
2023-12-30 10:44:17,0.0,40.0,396.0,22.2,32.0
2023-12-30 10:54:17,0.0,40.0,382.0,22.2,32.0
2023-12-30 11:04:17,0.0,16.0,391.0,22.2,32.0
2023-12-30 11:14:17,0.0,13.0,367.0,22.3,32.0
2023-12-30 11:24:17,0.0,20.0,379.0,22.2,32.0
2023-12-30 11:34:17,0.0,16.0,369.0,22.2,32.0
2023-12-30 11:44:17,0.0,13.0,393.0,22.3,32.0
2023-12-30 11:54:17,0.0,13.0,380.0,22.3,32.0
2023-12-30 12:04:17,0.0,16.0,386.0,22.2,32.0
2023-12-30 12:14:17,0.0,10.0,381.0,22.2,32.0
2023-12-30 12:24:17,0.0,10.0,389.0,22.2,32.0
2023-12-30 12:34:17,0.0,10.0,388.0,22.2,32.0
2023-12-30 12:44:17,0.0,6.0,367.0,22.2,32.0
2023-12-30 12:54:17,0.0,6.0,383.0,22.2,32.0
2023-12-30 13:04:16,0.0,3.0,384.0,22.2,32.0
2023-12-30 13:14:16,0.0,3.0,388.0,22.2,32.0
2023-12-30 13:24:16,0.0,3.0,380.0,22.2,32.0
2023-12-30 13:34:16,0.0,3.0,373.0,22.2,32.0
2023-12-30 13:44:16,0.0,3.0,388.0,22.2,32.0
2023-12-30 13:54:16,2.0,3.0,435.0,22.2,32.0
2023-12-30 14:04:16,0.0,0.0,411.0,22.2,32.0
2023-12-30 14:14:16,0.0,3.0,406.0,22.2,32.0
2023-12-30 14:24:16,1.0,26.0,387.0,22.2,32.0
2023-12-30 14:34:16,1.0,26.0,397.0,22.2,32.0
2023-12-30 14:44:16,0.0,0.0,400.0,22.2,32.0
2023-12-30 14:54:16,1.0,0.0,409.0,22.2,32.0
2023-12-30 15:04:16,0.0,0.0,412.0,22.2,32.0
2023-12-30 15:14:16,0.0,0.0,396.0,22.2,32.0
2023-12-30 15:24:16,0.0,0.0,399.0,22.2,32.0
2023-12-30 15:34:16,0.0,0.0,395.0,22.3,32.0
2023-12-30 15:44:16,0.0,0.0,390.0,22.2,32.0
2023-12-30 15:54:16,0.0,0.0,408.0,22.2,32.0
2023-12-30 16:04:16,0.0,0.0,398.0,22.2,32.0
2023-12-30 16:14:16,0.0,0.0,395.0,22.2,32.0
2023-12-30 16:24:16,0.0,0.0,416.0,22.2,32.0
2023-12-30 16:34:16,0.0,0.0,409.0,22.2,32.0
2023-12-30 16:44:16,0.0,0.0,400.0,22.2,32.0
2023-12-30 16:54:16,0.0,23.0,405.0,22.3,32.0
2023-12-30 17:04:16,0.0,26.0,413.0,22.2,32.0
2023-12-30 17:14:16,0.0,0.0,416.0,22.3,32.0
2023-12-30 17:24:16,1.0,26.0,401.0,22.2,32.0
2023-12-30 17:34:16,0.0,26.0,399.0,22.3,32.0
2023-12-30 17:44:16,0.0,0.0,400.0,22.2,32.0
2023-12-30 17:54:16,0.0,0.0,406.0,22.2,32.0
2023-12-30 18:04:16,0.0,0.0,413.0,22.2,32.0
2023-12-30 18:14:16,0.0,0.0,390.0,22.3,32.0
2023-12-30 18:24:16,0.0,0.0,408.0,22.2,32.0
2023-12-30 18:34:15,0.0,0.0,414.0,22.2,32.0
2023-12-30 18:44:15,0.0,0.0,413.0,22.2,32.0
2023-12-30 18:54:15,0.0,0.0,415.0,22.2,32.0
2023-12-30 19:04:15,0.0,0.0,409.0,22.3,32.0
2023-12-30 19:14:15,0.0,0.0,417.0,22.2,32.0
2023-12-30 19:24:15,1.0,26.0,400.0,22.2,32.0
2023-12-30 19:34:15,0.0,26.0,425.0,22.2,32.0
2023-12-30 19:44:15,0.0,0.0,397.0,22.2,31.0
2023-12-30 19:54:15,0.0,0.0,402.0,22.2,32.0
2023-12-30 20:04:15,0.0,0.0,418.0,22.3,32.0
2023-12-30 20:14:15,0.0,0.0,414.0,22.2,32.0
2023-12-30 20:24:15,0.0,0.0,411.0,22.3,32.0
2023-12-30 20:34:15,0.0,0.0,409.0,22.2,32.0
2023-12-30 20:44:15,0.0,0.0,418.0,22.2,32.0
2023-12-30 20:54:15,0.0,0.0,429.0,22.2,32.0
2023-12-30 21:04:15,1.0,26.0,393.0,22.3,31.0
2023-12-30 21:14:15,0.0,26.0,420.0,22.3,32.0
2023-12-30 21:24:15,0.0,0.0,425.0,22.2,32.0
2023-12-30 21:34:15,0.0,0.0,425.0,22.2,32.0
2023-12-30 21:44:15,1.0,26.0,414.0,22.2,31.0
2023-12-30 21:54:15,0.0,26.0,437.0,22.3,32.0
2023-12-30 22:04:15,0.0,0.0,425.0,22.3,32.0
2023-12-30 22:14:15,0.0,26.0,434.0,22.2,32.0
2023-12-30 22:24:15,0.0,26.0,423.0,22.3,32.0
2023-12-30 22:34:15,0.0,0.0,426.0,22.3,32.0
2023-12-30 22:44:15,0.0,0.0,438.0,22.2,32.0
2023-12-30 22:54:15,0.0,0.0,425.0,22.2,32.0
2023-12-30 23:04:15,0.0,0.0,421.0,22.2,32.0
2023-12-30 23:14:15,0.0,0.0,417.0,22.2,32.0
2023-12-30 23:24:15,0.0,0.0,414.0,22.2,32.0
2023-12-30 23:34:15,0.0,0.0,435.0,22.2,32.0
2023-12-30 23:44:15,0.0,0.0,412.0,22.2,32.0
2023-12-30 23:54:15,0.0,0.0,426.0,22.2,32.0
2023-12-31 00:04:14,0.0,0.0,400.0,22.2,32.0
2023-12-31 00:14:14,0.0,0.0,417.0,22.2,32.0
2023-12-31 00:24:14,0.0,0.0,400.0,22.2,32.0
2023-12-31 00:34:14,0.0,0.0,414.0,22.2,32.0
2023-12-31 00:44:14,0.0,0.0,391.0,22.2,32.0
2023-12-31 00:54:14,0.0,0.0,418.0,22.2,32.0
2023-12-31 01:04:14,0.0,0.0,389.0,22.3,32.0
2023-12-31 01:14:14,0.0,0.0,407.0,22.2,32.0
2023-12-31 01:24:14,0.0,0.0,402.0,22.2,32.0
2023-12-31 01:34:14,0.0,0.0,412.0,22.2,32.0
2023-12-31 01:44:14,0.0,0.0,394.0,22.2,32.0
2023-12-31 01:54:15,0.0,0.0,401.0,22.2,32.0
2023-12-31 02:04:14,0.0,0.0,397.0,22.2,32.0
2023-12-31 02:14:14,0.0,0.0,402.0,22.2,32.0
2023-12-31 02:24:14,0.0,0.0,402.0,22.2,32.0
2023-12-31 02:34:14,0.0,0.0,415.0,22.2,32.0
2023-12-31 02:44:14,0.0,0.0,410.0,22.2,32.0
2023-12-31 02:54:14,0.0,0.0,401.0,22.2,32.0
2023-12-31 03:04:14,0.0,0.0,399.0,22.2,32.0
2023-12-31 03:14:14,0.0,0.0,403.0,22.2,32.0
2023-12-31 03:24:14,0.0,0.0,406.0,22.2,32.0
2023-12-31 03:34:14,0.0,0.0,407.0,22.2,32.0
2023-12-31 03:44:14,0.0,0.0,401.0,22.2,32.0
2023-12-31 03:54:14,0.0,0.0,397.0,22.2,32.0
2023-12-31 04:04:14,0.0,0.0,401.0,22.2,32.0
2023-12-31 04:14:14,0.0,0.0,413.0,22.2,32.0
2023-12-31 04:34:14,0.0,0.0,395.0,22.2,32.0
2023-12-31 04:44:14,0.0,0.0,413.0,22.2,32.0
2023-12-31 04:54:14,0.0,0.0,388.0,22.2,32.0
2023-12-31 05:04:14,0.0,0.0,412.0,22.2,32.0
2023-12-31 05:14:14,0.0,0.0,405.0,22.2,32.0
2023-12-31 05:24:14,0.0,0.0,392.0,22.2,32.0
2023-12-31 05:34:13,0.0,0.0,391.0,22.2,32.0
2023-12-31 05:44:13,0.0,0.0,393.0,22.2,32.0
2023-12-31 05:54:13,0.0,0.0,398.0,22.2,32.0
2023-12-31 06:04:13,0.0,0.0,397.0,22.2,32.0
2023-12-31 06:14:13,0.0,0.0,390.0,22.2,32.0
2023-12-31 06:24:13,0.0,0.0,381.0,22.2,32.0
2023-12-31 06:34:13,1.0,26.0,417.0,22.2,32.0
2023-12-31 06:44:13,0.0,26.0,409.0,22.2,32.0
2023-12-31 06:54:13,0.0,0.0,404.0,22.2,32.0
2023-12-31 07:04:13,0.0,0.0,407.0,22.2,32.0
2023-12-31 07:14:13,0.0,0.0,414.0,22.2,32.0
2023-12-31 07:24:13,0.0,0.0,400.0,22.2,32.0
2023-12-31 07:34:13,0.0,0.0,406.0,22.3,32.0
2023-12-31 07:44:13,0.0,26.0,415.0,22.2,32.0
2023-12-31 07:54:13,1.0,26.0,415.0,22.2,32.0
2023-12-31 08:04:13,0.0,0.0,399.0,22.3,32.0
2023-12-31 08:14:13,0.0,0.0,422.0,22.2,32.0
2023-12-31 08:24:13,0.0,26.0,411.0,22.3,32.0
2023-12-31 08:34:13,0.0,26.0,434.0,22.3,32.0
2023-12-31 08:44:13,0.0,0.0,412.0,22.3,32.0
2023-12-31 08:54:13,0.0,0.0,397.0,22.3,32.0
2023-12-31 09:04:13,0.0,0.0,410.0,22.3,32.0
2023-12-31 09:14:13,0.0,33.0,410.0,22.2,32.0
2023-12-31 09:24:13,0.0,30.0,412.0,22.3,32.0
2023-12-31 09:34:13,0.0,3.0,402.0,22.3,32.0
2023-12-31 09:44:13,0.0,3.0,408.0,22.3,32.0
2023-12-31 09:54:13,0.0,3.0,420.0,22.3,32.0
2023-12-31 10:04:13,0.0,3.0,417.0,22.3,32.0
2023-12-31 10:14:13,0.0,3.0,398.0,22.3,32.0
2023-12-31 10:24:13,0.0,3.0,405.0,22.3,32.0
2023-12-31 10:34:13,0.0,3.0,405.0,22.2,32.0
2023-12-31 10:44:13,0.0,3.0,400.0,22.2,32.0
2023-12-31 11:04:12,1.0,30.0,398.0,22.3,32.0
2023-12-31 11:14:12,0.0,30.0,403.0,22.3,32.0
2023-12-31 11:24:12,0.0,3.0,411.0,22.3,32.0
2023-12-31 11:34:12,0.0,3.0,423.0,22.3,32.0
2023-12-31 11:44:12,0.0,3.0,411.0,22.3,32.0
2023-12-31 11:54:12,0.0,3.0,396.0,22.2,32.0
2023-12-31 12:04:12,0.0,3.0,400.0,22.3,32.0
2023-12-31 12:14:12,0.0,3.0,402.0,22.3,32.0
2023-12-31 12:24:12,0.0,3.0,399.0,22.3,32.0
2023-12-31 12:34:12,0.0,3.0,396.0,22.3,32.0
2023-12-31 12:44:12,0.0,3.0,395.0,22.3,32.0
2023-12-31 12:54:12,0.0,3.0,407.0,22.3,32.0
2023-12-31 13:04:12,0.0,3.0,399.0,22.2,33.0
2023-12-31 13:14:12,0.0,3.0,389.0,22.2,32.0
2023-12-31 13:24:12,0.0,3.0,395.0,22.2,32.0
2023-12-31 13:34:12,1.0,0.0,406.0,22.2,32.0
2023-12-31 13:44:12,2.0,0.0,416.0,22.2,32.0
2023-12-31 13:54:12,0.0,0.0,419.0,22.2,32.0
2023-12-31 14:04:12,0.0,0.0,423.0,22.2,33.0
2023-12-31 14:14:12,0.0,0.0,426.0,22.2,33.0
2023-12-31 14:24:12,0.0,0.0,425.0,22.2,33.0
2023-12-31 14:34:12,0.0,0.0,428.0,22.3,33.0
2023-12-31 14:44:12,0.0,0.0,399.0,22.3,32.0
2023-12-31 14:54:12,0.0,0.0,423.0,22.3,33.0
2023-12-31 15:04:12,0.0,0.0,414.0,22.2,32.0
2023-12-31 15:14:12,0.0,0.0,407.0,22.2,32.0
2023-12-31 15:24:12,0.0,0.0,442.0,22.2,33.0
2023-12-31 15:34:12,1.0,0.0,417.0,22.2,32.0
2023-12-31 15:44:12,0.0,0.0,473.0,22.3,33.0
2023-12-31 15:54:12,0.0,0.0,454.0,22.2,33.0
2023-12-31 16:04:12,0.0,0.0,458.0,22.2,33.0
2023-12-31 16:14:12,0.0,0.0,428.0,22.3,32.0
2023-12-31 16:24:12,1.0,26.0,450.0,22.2,33.0
2023-12-31 16:34:11,0.0,26.0,436.0,22.2,33.0
2023-12-31 16:44:11,0.0,0.0,445.0,22.3,33.0
2023-12-31 16:54:11,0.0,0.0,453.0,22.3,33.0
2023-12-31 17:04:11,0.0,0.0,455.0,22.2,33.0
2023-12-31 17:14:11,0.0,0.0,442.0,22.3,32.0
2023-12-31 17:24:11,0.0,0.0,445.0,22.2,33.0
2023-12-31 17:34:11,0.0,0.0,474.0,22.3,33.0
2023-12-31 17:44:11,0.0,0.0,445.0,22.2,33.0
2023-12-31 17:54:11,0.0,0.0,428.0,22.2,33.0
2023-12-31 18:04:11,0.0,0.0,453.0,22.2,33.0
2023-12-31 18:14:11,0.0,0.0,437.0,22.3,33.0
2023-12-31 18:24:11,0.0,0.0,429.0,22.3,33.0
2023-12-31 18:34:11,0.0,0.0,443.0,22.3,33.0
2023-12-31 18:44:11,0.0,0.0,448.0,22.2,33.0
2023-12-31 18:54:11,0.0,0.0,440.0,22.2,33.0
2023-12-31 19:04:11,0.0,0.0,435.0,22.3,33.0
2023-12-31 19:14:11,0.0,0.0,444.0,22.2,33.0
2023-12-31 19:24:11,0.0,0.0,438.0,22.3,33.0
2023-12-31 19:34:11,0.0,0.0,427.0,22.2,33.0
2023-12-31 19:44:11,0.0,0.0,430.0,22.3,33.0
2023-12-31 19:54:11,0.0,0.0,429.0,22.3,33.0
2023-12-31 20:04:11,0.0,0.0,417.0,22.2,33.0
2023-12-31 20:14:11,0.0,0.0,435.0,22.2,33.0
2023-12-31 20:24:11,0.0,0.0,440.0,22.2,33.0
2023-12-31 20:34:11,0.0,0.0,430.0,22.2,33.0
2023-12-31 20:44:11,0.0,0.0,435.0,22.2,33.0
2023-12-31 20:54:11,0.0,0.0,432.0,22.2,33.0
2023-12-31 21:04:11,0.0,0.0,435.0,22.2,33.0
2023-12-31 21:14:11,0.0,0.0,428.0,22.2,33.0
2023-12-31 21:24:11,0.0,0.0,431.0,22.2,33.0
2023-12-31 21:34:11,0.0,0.0,425.0,22.2,33.0
2023-12-31 21:44:11,0.0,0.0,427.0,22.2,33.0
2023-12-31 21:54:10,0.0,0.0,444.0,22.2,33.0
2023-12-31 22:04:10,0.0,0.0,432.0,22.2,33.0
2023-12-31 22:14:10,0.0,0.0,420.0,22.2,33.0
2023-12-31 22:24:10,0.0,0.0,430.0,22.2,33.0
2023-12-31 22:34:10,0.0,0.0,423.0,22.2,33.0
2023-12-31 22:44:10,0.0,0.0,426.0,22.2,33.0
2023-12-31 22:54:11,0.0,0.0,413.0,22.2,33.0
2023-12-31 23:04:10,0.0,0.0,422.0,22.2,33.0
2023-12-31 23:14:10,0.0,0.0,426.0,22.2,33.0
2023-12-31 23:24:10,0.0,0.0,421.0,22.2,33.0
2023-12-31 23:34:10,0.0,0.0,432.0,22.1,33.0
2023-12-31 23:44:10,0.0,0.0,426.0,22.2,33.0
2023-12-31 23:54:10,0.0,0.0,432.0,22.2,33.0
2024-01-01 00:04:10,0.0,0.0,427.0,22.2,33.0
2024-01-01 00:14:10,0.0,0.0,418.0,22.2,33.0
2024-01-01 00:24:10,0.0,0.0,420.0,22.2,33.0
2024-01-01 00:34:10,0.0,0.0,423.0,22.2,33.0
2024-01-01 00:44:10,0.0,0.0,424.0,22.2,33.0
2024-01-01 00:54:10,0.0,0.0,416.0,22.2,33.0
2024-01-01 01:04:10,0.0,0.0,432.0,22.2,33.0
2024-01-01 01:14:10,0.0,0.0,429.0,22.2,33.0
2024-01-01 01:24:10,0.0,0.0,421.0,22.1,33.0
2024-01-01 01:34:10,0.0,0.0,401.0,22.2,33.0
2024-01-01 01:44:10,0.0,0.0,419.0,22.2,33.0
2024-01-01 01:54:10,0.0,0.0,422.0,22.2,33.0
2024-01-01 02:04:10,0.0,0.0,429.0,22.2,33.0
2024-01-01 02:14:10,0.0,0.0,438.0,22.2,33.0
2024-01-01 02:24:10,0.0,0.0,411.0,22.2,33.0
2024-01-01 02:34:10,0.0,0.0,405.0,22.2,33.0
2024-01-01 02:44:10,0.0,0.0,399.0,22.2,33.0
2024-01-01 02:54:10,0.0,0.0,425.0,22.2,33.0
2024-01-01 03:04:10,0.0,0.0,428.0,22.2,33.0
2024-01-01 03:14:10,0.0,0.0,425.0,22.1,33.0
2024-01-01 03:24:09,0.0,0.0,433.0,22.2,33.0
2024-01-01 03:34:09,0.0,0.0,412.0,22.2,33.0
2024-01-01 03:44:09,0.0,0.0,408.0,22.2,33.0
2024-01-01 03:54:09,0.0,0.0,408.0,22.1,33.0
2024-01-01 04:04:10,0.0,0.0,411.0,22.2,33.0
2024-01-01 04:14:09,0.0,0.0,432.0,22.1,33.0
2024-01-01 04:24:09,0.0,0.0,421.0,22.2,33.0
2024-01-01 04:34:09,0.0,0.0,412.0,22.2,33.0
2024-01-01 04:44:09,0.0,0.0,418.0,22.1,33.0
2024-01-01 04:54:09,0.0,0.0,417.0,22.2,33.0
2024-01-01 05:04:09,0.0,0.0,411.0,22.1,33.0
2024-01-01 05:14:09,0.0,0.0,415.0,22.2,33.0
2024-01-01 05:24:09,0.0,0.0,415.0,22.2,33.0
2024-01-01 05:34:09,0.0,0.0,416.0,22.2,33.0
2024-01-01 05:44:09,0.0,0.0,411.0,22.2,33.0
2024-01-01 05:54:09,0.0,0.0,400.0,22.1,33.0
2024-01-01 06:04:09,0.0,0.0,420.0,22.2,33.0
2024-01-01 06:14:09,0.0,0.0,408.0,22.2,33.0
2024-01-01 06:24:09,0.0,0.0,415.0,22.2,33.0
2024-01-01 06:34:09,0.0,0.0,417.0,22.2,33.0
2024-01-01 06:44:09,0.0,0.0,412.0,22.2,33.0
2024-01-01 06:54:09,0.0,0.0,422.0,22.2,33.0
2024-01-01 07:04:09,0.0,0.0,420.0,22.2,33.0
2024-01-01 07:14:09,0.0,0.0,409.0,22.2,34.0
2024-01-01 07:24:09,0.0,0.0,412.0,22.2,34.0
2024-01-01 07:34:09,0.0,0.0,421.0,22.2,33.0
2024-01-01 07:44:09,0.0,0.0,417.0,22.2,33.0
2024-01-01 07:54:09,0.0,0.0,430.0,22.2,34.0
2024-01-01 08:04:09,0.0,0.0,407.0,22.2,34.0
2024-01-01 08:14:09,0.0,0.0,427.0,22.2,34.0
2024-01-01 08:24:09,0.0,0.0,421.0,22.2,34.0
2024-01-01 08:34:09,0.0,0.0,426.0,22.2,34.0
2024-01-01 08:44:09,0.0,0.0,422.0,22.2,34.0
2024-01-01 08:54:08,0.0,0.0,421.0,22.2,34.0
2024-01-01 09:04:09,0.0,0.0,424.0,22.1,34.0
2024-01-01 09:14:08,1.0,0.0,422.0,22.2,33.0
2024-01-01 09:24:08,0.0,0.0,433.0,22.2,33.0
2024-01-01 09:34:08,0.0,0.0,419.0,22.2,34.0
2024-01-01 09:44:08,0.0,0.0,413.0,22.2,34.0
2024-01-01 09:54:08,0.0,0.0,436.0,22.2,34.0
2024-01-01 10:04:08,0.0,0.0,437.0,22.2,34.0
2024-01-01 10:14:08,0.0,0.0,423.0,22.2,34.0
2024-01-01 10:24:08,0.0,0.0,424.0,22.2,34.0
2024-01-01 10:34:08,0.0,0.0,431.0,22.2,34.0
2024-01-01 10:44:08,0.0,0.0,412.0,22.2,34.0
2024-01-01 10:54:08,0.0,0.0,435.0,22.2,34.0
2024-01-01 11:04:08,0.0,3.0,412.0,22.2,34.0
2024-01-01 11:14:08,0.0,3.0,421.0,22.2,34.0
2024-01-01 11:24:08,0.0,3.0,435.0,22.2,34.0
2024-01-01 11:34:08,0.0,3.0,432.0,22.2,34.0
2024-01-01 11:44:08,0.0,0.0,428.0,22.2,34.0
2024-01-01 11:54:08,0.0,0.0,424.0,22.2,34.0
2024-01-01 12:04:08,0.0,3.0,420.0,22.2,34.0
2024-01-01 12:14:08,0.0,3.0,425.0,22.1,34.0
2024-01-01 12:24:08,0.0,0.0,431.0,22.2,34.0
2024-01-01 12:34:08,1.0,3.0,425.0,22.2,34.0
2024-01-01 12:44:08,0.0,0.0,412.0,22.2,34.0
2024-01-01 12:54:08,0.0,0.0,429.0,22.2,34.0
2024-01-01 13:04:08,0.0,3.0,423.0,22.2,34.0
2024-01-01 13:14:08,0.0,3.0,428.0,22.2,34.0
2024-01-01 13:24:08,0.0,0.0,439.0,22.2,34.0
2024-01-01 13:34:08,0.0,0.0,437.0,22.2,34.0
2024-01-01 13:44:08,0.0,0.0,412.0,22.2,34.0
2024-01-01 13:54:08,0.0,0.0,417.0,22.2,34.0
2024-01-01 14:04:08,0.0,0.0,429.0,22.2,34.0
2024-01-01 14:14:08,0.0,0.0,416.0,22.2,34.0
2024-01-01 14:24:07,0.0,0.0,430.0,22.2,34.0
2024-01-01 14:34:07,0.0,0.0,431.0,22.2,34.0
2024-01-01 14:44:07,0.0,0.0,409.0,22.2,34.0
2024-01-01 14:54:07,0.0,0.0,431.0,22.2,34.0
2024-01-01 15:04:07,0.0,0.0,422.0,22.2,34.0
2024-01-01 15:14:07,0.0,0.0,427.0,22.2,34.0
2024-01-01 15:24:07,0.0,0.0,438.0,22.2,34.0
2024-01-01 15:34:07,0.0,0.0,438.0,22.2,34.0
2024-01-01 15:44:07,0.0,0.0,439.0,22.2,34.0
2024-01-01 15:54:07,0.0,0.0,434.0,22.2,34.0
2024-01-01 16:04:07,0.0,0.0,422.0,22.2,33.0
2024-01-01 16:14:07,0.0,0.0,456.0,22.1,34.0
2024-01-01 16:24:07,0.0,0.0,433.0,22.2,34.0
2024-01-01 16:34:07,1.0,23.0,438.0,22.2,34.0
2024-01-01 16:44:07,0.0,26.0,437.0,22.1,34.0
2024-01-01 16:54:07,0.0,26.0,454.0,22.2,34.0
2024-01-01 17:04:07,0.0,26.0,449.0,22.2,34.0
2024-01-01 17:14:07,0.0,26.0,469.0,22.2,34.0
2024-01-01 17:24:07,0.0,26.0,464.0,22.2,34.0
2024-01-01 17:34:07,0.0,0.0,445.0,22.2,34.0
2024-01-01 17:44:07,0.0,26.0,510.0,22.2,34.0
2024-01-01 17:54:07,0.0,26.0,459.0,22.2,34.0
2024-01-01 18:04:07,0.0,0.0,472.0,22.2,34.0
2024-01-01 18:14:07,0.0,0.0,476.0,22.2,34.0
2024-01-01 18:24:07,1.0,20.0,452.0,22.2,34.0
2024-01-01 18:34:07,0.0,26.0,500.0,22.2,34.0
2024-01-01 18:44:07,0.0,0.0,485.0,22.2,34.0
2024-01-01 18:54:07,0.0,0.0,502.0,22.3,34.0
2024-01-01 19:14:07,0.0,0.0,434.0,22.2,33.0
2024-01-01 19:24:07,0.0,0.0,446.0,22.3,33.0
2024-01-01 19:34:07,0.0,0.0,416.0,22.2,33.0
2024-01-01 19:44:07,0.0,6.0,443.0,22.2,33.0
2024-01-01 19:54:06,0.0,30.0,448.0,22.2,33.0
2024-01-01 20:04:06,0.0,26.0,456.0,22.3,33.0
2024-01-01 20:14:06,1.0,0.0,487.0,22.2,33.0
2024-01-01 20:24:06,0.0,23.0,474.0,22.2,33.0
2024-01-01 20:34:07,0.0,26.0,457.0,22.2,33.0
2024-01-01 20:44:06,0.0,0.0,446.0,22.3,33.0
2024-01-01 20:54:06,0.0,0.0,452.0,22.2,33.0
2024-01-01 21:04:07,0.0,0.0,447.0,22.2,33.0
2024-01-01 21:14:06,0.0,26.0,518.0,22.2,33.0
2024-01-01 21:24:06,0.0,26.0,461.0,22.2,33.0
2024-01-01 21:34:06,0.0,0.0,448.0,22.2,33.0
2024-01-01 21:44:06,0.0,0.0,463.0,22.2,33.0
2024-01-01 21:54:06,2.0,26.0,562.0,22.3,33.0
2024-01-01 22:04:06,1.0,26.0,578.0,22.3,33.0
2024-01-01 22:14:06,1.0,0.0,628.0,22.3,33.0
2024-01-01 22:24:06,0.0,0.0,551.0,22.3,33.0
2024-01-01 22:34:06,0.0,0.0,535.0,22.3,33.0
2024-01-01 22:44:06,0.0,0.0,515.0,22.2,33.0
2024-01-01 22:54:06,0.0,0.0,513.0,22.3,33.0
2024-01-01 23:04:06,0.0,0.0,512.0,22.3,33.0
2024-01-01 23:14:06,0.0,0.0,505.0,22.2,32.0
2024-01-01 23:24:06,0.0,0.0,496.0,22.2,32.0
2024-01-01 23:34:06,0.0,0.0,483.0,22.2,32.0
2024-01-01 23:44:06,0.0,0.0,467.0,22.3,32.0
2024-01-01 23:54:06,0.0,0.0,482.0,22.2,32.0
2024-01-02 00:04:06,0.0,0.0,457.0,22.2,32.0
2024-01-02 00:14:06,0.0,0.0,470.0,22.2,32.0
2024-01-02 00:24:06,0.0,0.0,471.0,22.2,32.0
2024-01-02 00:34:06,0.0,0.0,468.0,22.2,32.0
2024-01-02 00:44:06,0.0,0.0,444.0,22.2,32.0
2024-01-02 00:54:06,0.0,0.0,456.0,22.2,32.0
2024-01-02 01:04:06,0.0,0.0,456.0,22.2,32.0
2024-01-02 01:14:06,0.0,0.0,458.0,22.2,32.0
2024-01-02 01:24:05,0.0,0.0,462.0,22.2,32.0
2024-01-02 01:34:05,0.0,0.0,452.0,22.2,32.0
2024-01-02 01:44:05,0.0,0.0,444.0,22.2,32.0
2024-01-02 01:54:05,0.0,0.0,441.0,22.2,32.0
2024-01-02 02:04:05,0.0,0.0,438.0,22.2,32.0
2024-01-02 02:14:05,0.0,0.0,444.0,22.2,32.0
2024-01-02 02:24:05,0.0,0.0,444.0,22.2,32.0
2024-01-02 02:34:05,0.0,0.0,430.0,22.2,31.0
2024-01-02 02:44:05,0.0,0.0,446.0,22.2,31.0
2024-01-02 02:54:05,0.0,0.0,437.0,22.2,31.0
2024-01-02 03:04:05,0.0,0.0,457.0,22.2,32.0
2024-01-02 03:14:05,0.0,0.0,441.0,22.2,32.0
2024-01-02 03:24:05,0.0,0.0,428.0,22.2,31.0
2024-01-02 03:34:05,0.0,0.0,437.0,22.2,31.0
2024-01-02 03:44:05,0.0,0.0,447.0,22.2,31.0
2024-01-02 03:54:05,0.0,0.0,442.0,22.2,31.0
2024-01-02 04:04:05,0.0,0.0,425.0,22.3,31.0
2024-01-02 04:14:05,0.0,0.0,440.0,22.2,31.0
2024-01-02 04:24:05,0.0,0.0,450.0,22.2,31.0
2024-01-02 04:34:05,0.0,0.0,435.0,22.2,31.0
2024-01-02 04:44:05,0.0,0.0,419.0,22.2,31.0
2024-01-02 04:54:05,0.0,0.0,431.0,22.2,31.0
2024-01-02 05:04:05,0.0,0.0,416.0,22.1,31.0
2024-01-02 05:14:05,0.0,0.0,429.0,22.2,31.0
2024-01-02 05:24:05,0.0,0.0,426.0,22.2,31.0
2024-01-02 05:34:05,0.0,0.0,416.0,22.2,31.0
2024-01-02 05:44:05,0.0,0.0,425.0,22.2,31.0
2024-01-02 05:54:05,0.0,0.0,428.0,22.2,31.0
2024-01-02 06:14:05,0.0,0.0,445.0,22.2,32.0
2024-01-02 06:24:05,2.0,30.0,464.0,22.2,32.0
2024-01-02 06:34:05,0.0,30.0,458.0,22.2,32.0
2024-01-02 06:44:05,0.0,0.0,489.0,22.2,33.0
2024-01-02 06:54:04,0.0,26.0,472.0,22.2,32.0
2024-01-02 07:04:04,1.0,26.0,485.0,22.2,32.0
2024-01-02 07:14:04,0.0,30.0,474.0,22.2,32.0
2024-01-02 07:24:04,0.0,26.0,474.0,22.2,32.0
2024-01-02 07:34:05,1.0,26.0,467.0,22.2,32.0
2024-01-02 07:44:04,4.0,26.0,458.0,22.2,32.0
2024-01-02 07:54:04,4.0,26.0,476.0,22.2,32.0
2024-01-02 08:04:04,0.0,26.0,541.0,22.2,32.0
2024-01-02 08:14:04,4.0,26.0,531.0,22.2,31.0
2024-01-02 08:24:04,2.0,26.0,509.0,22.2,31.0
2024-01-02 08:34:04,3.0,30.0,486.0,22.2,32.0
2024-01-02 08:44:05,1.0,30.0,565.0,22.2,32.0
2024-01-02 09:04:04,3.0,30.0,592.0,22.3,32.0
2024-01-02 09:14:04,3.0,30.0,590.0,22.3,32.0
2024-01-02 09:24:04,0.0,30.0,641.0,22.2,33.0
2024-01-02 09:34:04,1.0,30.0,568.0,22.2,32.0
2024-01-02 09:44:04,0.0,30.0,683.0,22.2,33.0
2024-01-02 09:54:04,0.0,30.0,715.0,22.2,33.0
2024-01-02 10:04:04,2.0,30.0,629.0,22.2,32.0
2024-01-02 10:14:04,4.0,30.0,679.0,22.2,33.0
2024-01-02 10:24:07,3.0,30.0,672.0,22.1,33.0
2024-01-02 10:34:04,1.0,30.0,622.0,22.2,32.0
2024-01-02 10:44:04,2.0,30.0,714.0,22.2,32.0
2024-01-02 10:54:04,0.0,30.0,675.0,22.2,32.0
2024-01-02 11:04:04,1.0,26.0,726.0,22.2,33.0
2024-01-02 11:14:04,2.0,30.0,757.0,22.2,33.0
2024-01-02 11:24:04,1.0,30.0,735.0,22.2,33.0
2024-01-02 11:34:04,1.0,30.0,671.0,22.3,32.0
2024-01-02 11:44:04,3.0,30.0,689.0,22.3,32.0
2024-01-02 11:54:04,3.0,30.0,712.0,22.3,32.0
2024-01-02 12:04:04,5.0,30.0,653.0,22.4,32.0
2024-01-02 12:14:04,2.0,30.0,673.0,22.4,32.0
2024-01-02 12:24:03,1.0,30.0,715.0,22.4,32.0
2024-01-02 12:34:03,4.0,30.0,793.0,22.3,33.0
2024-01-02 12:44:03,0.0,30.0,867.0,22.3,33.0
2024-01-02 12:54:04,2.0,30.0,886.0,22.4,34.0
2024-01-02 13:04:03,1.0,30.0,893.0,22.3,33.0
2024-01-02 13:14:03,0.0,30.0,953.0,22.3,34.0
2024-01-02 13:24:03,0.0,30.0,945.0,22.4,34.0
2024-01-02 13:34:03,2.0,30.0,906.0,22.4,34.0
2024-01-02 13:44:03,0.0,30.0,995.0,22.4,34.0
2024-01-02 13:54:03,0.0,30.0,1022.0,22.4,34.0
2024-01-02 14:04:03,3.0,30.0,990.0,22.3,34.0
2024-01-02 14:14:03,2.0,30.0,953.0,22.3,34.0
2024-01-02 14:34:03,3.0,30.0,878.0,22.4,33.0
2024-01-02 14:44:03,0.0,30.0,1045.0,22.4,34.0
2024-01-02 14:54:03,2.0,30.0,1036.0,22.4,34.0
2024-01-02 15:04:03,1.0,30.0,1046.0,22.4,34.0
2024-01-02 15:14:03,2.0,30.0,933.0,22.3,33.0
2024-01-02 15:24:03,0.0,30.0,1049.0,22.3,34.0
2024-01-02 15:34:03,1.0,30.0,910.0,22.3,33.0
2024-01-02 15:44:03,0.0,30.0,1124.0,22.4,34.0
2024-01-02 15:54:03,2.0,30.0,885.0,22.3,33.0
2024-01-02 16:04:03,0.0,30.0,870.0,22.3,33.0
2024-01-02 16:14:03,0.0,30.0,803.0,22.3,32.0
2024-01-02 16:24:03,3.0,30.0,876.0,22.3,32.0
2024-01-02 16:34:03,0.0,26.0,807.0,22.3,32.0
2024-01-02 16:44:03,3.0,26.0,787.0,22.3,32.0
2024-01-02 16:54:03,0.0,26.0,936.0,22.4,33.0
2024-01-02 17:04:03,0.0,30.0,999.0,22.4,33.0
2024-01-02 17:14:03,0.0,26.0,998.0,22.4,33.0
2024-01-02 17:24:03,1.0,26.0,911.0,22.4,33.0
2024-01-02 17:34:03,0.0,0.0,857.0,22.4,33.0
2024-01-02 17:44:02,0.0,0.0,853.0,22.4,33.0
2024-01-02 17:54:02,1.0,0.0,815.0,22.3,32.0
2024-01-02 18:04:02,0.0,0.0,812.0,22.3,32.0
2024-01-02 18:14:03,0.0,0.0,789.0,22.4,32.0
2024-01-02 18:24:02,0.0,0.0,783.0,22.4,32.0
2024-01-02 18:44:02,1.0,30.0,787.0,22.4,32.0
2024-01-02 18:54:02,0.0,30.0,822.0,22.4,32.0
2024-01-02 19:04:03,0.0,30.0,738.0,22.3,32.0
2024-01-02 19:14:02,1.0,30.0,779.0,22.4,32.0
2024-01-02 19:24:02,0.0,0.0,806.0,22.4,32.0
2024-01-02 19:34:03,0.0,0.0,799.0,22.3,32.0
2024-01-02 19:44:02,0.0,30.0,788.0,22.4,32.0
2024-01-02 19:54:02,0.0,30.0,778.0,22.4,32.0
2024-01-02 20:04:02,0.0,0.0,797.0,22.4,32.0
2024-01-02 20:14:02,0.0,0.0,789.0,22.4,32.0
2024-01-02 20:24:02,0.0,0.0,775.0,22.3,32.0
2024-01-02 20:34:02,0.0,0.0,748.0,22.4,32.0
2024-01-02 20:44:02,0.0,0.0,783.0,22.4,32.0
2024-01-02 20:54:02,0.0,26.0,757.0,22.4,32.0
2024-01-02 21:14:02,1.0,0.0,714.0,22.4,32.0
2024-01-02 21:24:02,1.0,30.0,689.0,22.4,31.0
2024-01-02 21:34:02,0.0,30.0,642.0,22.4,31.0
2024-01-02 21:44:02,0.0,0.0,617.0,22.4,31.0
2024-01-02 21:54:02,0.0,0.0,606.0,22.3,30.0
2024-01-02 22:04:02,1.0,0.0,607.0,22.3,30.0
2024-01-02 22:14:02,0.0,0.0,571.0,22.3,30.0
2024-01-02 22:24:02,0.0,0.0,560.0,22.3,30.0
2024-01-02 22:34:02,0.0,0.0,557.0,22.3,30.0
2024-01-02 22:44:05,0.0,0.0,561.0,22.3,30.0
2024-01-02 22:54:02,0.0,0.0,549.0,22.3,30.0
2024-01-02 23:04:02,0.0,0.0,526.0,22.3,30.0
2024-01-02 23:14:02,0.0,0.0,533.0,22.3,29.0
2024-01-02 23:24:01,0.0,0.0,511.0,22.2,29.0
2024-01-02 23:34:02,0.0,0.0,510.0,22.3,29.0
2024-01-02 23:44:01,0.0,0.0,514.0,22.3,29.0
2024-01-02 23:54:01,0.0,26.0,508.0,22.2,29.0
2024-01-03 00:04:01,0.0,26.0,517.0,22.2,29.0
2024-01-03 00:14:01,0.0,0.0,507.0,22.3,29.0
2024-01-03 00:24:01,0.0,0.0,511.0,22.2,29.0
2024-01-03 00:34:01,0.0,0.0,497.0,22.3,29.0
2024-01-03 00:44:01,0.0,0.0,498.0,22.2,29.0
2024-01-03 00:54:01,0.0,0.0,489.0,22.2,29.0
2024-01-03 01:04:01,0.0,0.0,487.0,22.2,29.0
2024-01-03 01:14:01,0.0,0.0,457.0,22.2,29.0
2024-01-03 01:24:01,0.0,0.0,487.0,22.2,29.0
2024-01-03 01:34:01,0.0,0.0,470.0,22.2,29.0
2024-01-03 01:44:01,0.0,0.0,480.0,22.2,29.0
2024-01-03 01:54:01,0.0,0.0,473.0,22.2,29.0
2024-01-03 02:04:01,0.0,0.0,469.0,22.2,29.0
2024-01-03 02:14:01,0.0,0.0,475.0,22.2,29.0
2024-01-03 02:24:01,0.0,0.0,483.0,22.2,29.0
2024-01-03 02:34:01,0.0,0.0,467.0,22.2,29.0
2024-01-03 02:44:01,0.0,0.0,459.0,22.2,29.0
2024-01-03 03:04:01,1.0,26.0,463.0,22.2,29.0
2024-01-03 03:14:01,0.0,26.0,462.0,22.2,29.0
2024-01-03 03:24:01,0.0,0.0,453.0,22.1,29.0
2024-01-03 03:34:01,0.0,0.0,477.0,22.1,29.0
2024-01-03 03:44:01,0.0,0.0,447.0,22.2,29.0
2024-01-03 03:54:01,0.0,0.0,447.0,22.2,29.0
2024-01-03 04:04:01,1.0,26.0,435.0,22.2,29.0
2024-01-03 04:14:01,1.0,26.0,468.0,22.2,29.0
2024-01-03 04:24:01,0.0,0.0,440.0,22.2,29.0
2024-01-03 04:34:01,0.0,0.0,467.0,22.2,30.0
2024-01-03 04:44:00,0.0,0.0,456.0,22.2,29.0
2024-01-03 04:54:01,0.0,0.0,443.0,22.2,29.0
2024-01-03 05:04:00,0.0,0.0,447.0,22.2,29.0
2024-01-03 05:24:00,0.0,0.0,446.0,22.2,29.0
2024-01-03 05:34:00,0.0,0.0,438.0,22.2,29.0
2024-01-03 05:44:00,0.0,0.0,431.0,22.2,29.0
2024-01-03 05:54:00,0.0,0.0,437.0,22.1,29.0
2024-01-03 06:04:00,0.0,0.0,433.0,22.2,29.0
2024-01-03 06:14:00,0.0,0.0,437.0,22.2,29.0
2024-01-03 06:24:00,0.0,0.0,429.0,22.1,29.0
2024-01-03 06:34:00,0.0,0.0,438.0,22.2,29.0
2024-01-03 06:44:00,0.0,0.0,428.0,22.2,29.0
2024-01-03 06:54:00,0.0,20.0,427.0,22.2,29.0
2024-01-03 07:04:00,0.0,26.0,442.0,22.1,29.0
2024-01-03 07:14:01,0.0,26.0,447.0,22.2,29.0
2024-01-03 07:24:00,0.0,26.0,430.0,22.1,29.0
2024-01-03 07:34:00,2.0,26.0,446.0,22.2,29.0
2024-01-03 07:44:00,3.0,26.0,455.0,22.1,29.0
2024-01-03 07:54:00,2.0,26.0,474.0,22.1,29.0
2024-01-03 08:04:00,4.0,30.0,489.0,22.1,29.0
2024-01-03 08:14:00,3.0,30.0,551.0,22.1,30.0
2024-01-03 08:24:00,2.0,26.0,535.0,22.2,30.0
2024-01-03 08:34:00,2.0,30.0,550.0,22.2,30.0
2024-01-03 08:44:00,4.0,30.0,530.0,22.2,30.0
2024-01-03 08:54:00,6.0,30.0,562.0,22.2,30.0
2024-01-03 09:04:00,3.0,26.0,602.0,22.2,30.0
2024-01-03 09:14:00,1.0,30.0,576.0,22.2,29.0
2024-01-03 09:24:00,1.0,26.0,563.0,22.2,29.0
2024-01-03 09:34:00,0.0,30.0,547.0,22.3,29.0
2024-01-03 09:44:00,2.0,30.0,589.0,22.3,29.0
2024-01-03 09:54:00,1.0,30.0,562.0,22.3,29.0
2024-01-03 10:04:00,0.0,30.0,596.0,22.3,29.0
2024-01-03 10:14:00,5.0,26.0,660.0,22.2,30.0
2024-01-03 10:23:59,2.0,26.0,622.0,22.2,30.0
2024-01-03 10:33:59,0.0,30.0,657.0,22.3,30.0
2024-01-03 10:43:59,3.0,30.0,640.0,22.2,30.0
2024-01-03 10:53:59,4.0,30.0,713.0,22.2,31.0
2024-01-03 11:03:59,2.0,30.0,680.0,22.2,31.0
2024-01-03 11:13:59,0.0,30.0,688.0,22.2,31.0
2024-01-03 11:23:59,4.0,26.0,726.0,22.2,31.0
2024-01-03 11:33:59,0.0,30.0,665.0,22.1,31.0
2024-01-03 11:43:59,0.0,30.0,651.0,22.2,30.0
2024-01-03 11:53:59,2.0,30.0,661.0,22.2,30.0
2024-01-03 12:03:59,6.0,26.0,669.0,22.2,30.0
2024-01-03 12:13:59,2.0,26.0,563.0,22.2,29.0
2024-01-03 12:23:59,3.0,26.0,600.0,22.3,29.0
2024-01-03 12:33:59,2.0,30.0,643.0,22.3,29.0
2024-01-03 12:43:59,1.0,30.0,591.0,22.3,29.0
2024-01-03 12:53:59,0.0,30.0,640.0,22.3,29.0
2024-01-03 13:03:59,0.0,30.0,596.0,22.3,29.0
2024-01-03 13:13:59,3.0,26.0,793.0,22.2,30.0
2024-01-03 13:23:59,4.0,30.0,770.0,22.2,31.0
2024-01-03 13:33:59,0.0,30.0,925.0,22.3,31.0
2024-01-03 13:43:59,5.0,30.0,778.0,22.2,31.0
2024-01-03 13:53:59,2.0,30.0,860.0,22.2,31.0
2024-01-03 14:03:59,0.0,30.0,913.0,22.2,32.0
2024-01-03 14:13:59,2.0,30.0,858.0,22.2,32.0
2024-01-03 14:23:59,1.0,30.0,816.0,22.2,31.0
2024-01-03 14:33:59,0.0,30.0,914.0,22.1,32.0
2024-01-03 14:43:59,0.0,30.0,870.0,22.2,31.0
2024-01-03 14:53:59,1.0,30.0,909.0,22.2,31.0
2024-01-03 15:03:59,5.0,30.0,811.0,22.1,31.0
2024-01-03 15:13:59,1.0,30.0,915.0,22.2,31.0
2024-01-03 15:23:59,6.0,30.0,654.0,22.2,29.0
2024-01-03 15:33:59,1.0,33.0,614.0,22.3,29.0
2024-01-03 15:43:58,4.0,30.0,805.0,22.3,30.0
2024-01-03 15:53:59,1.0,30.0,699.0,22.3,29.0
2024-01-03 16:03:58,2.0,30.0,690.0,22.3,29.0
2024-01-03 16:13:59,2.0,30.0,805.0,22.2,30.0
2024-01-03 16:23:58,1.0,30.0,857.0,22.2,31.0
2024-01-03 16:33:58,1.0,30.0,834.0,22.2,31.0
2024-01-03 16:43:58,0.0,26.0,860.0,22.3,31.0
2024-01-03 16:53:58,2.0,30.0,944.0,22.2,31.0
2024-01-03 17:03:58,0.0,26.0,862.0,22.2,31.0
2024-01-03 17:13:58,0.0,26.0,896.0,22.3,31.0
2024-01-03 17:23:58,0.0,30.0,844.0,22.2,31.0
2024-01-03 17:33:58,0.0,30.0,869.0,22.2,31.0
2024-01-03 17:43:58,0.0,30.0,783.0,22.2,31.0
2024-01-03 17:53:58,0.0,0.0,800.0,22.2,31.0
2024-01-03 18:03:58,0.0,26.0,810.0,22.2,31.0
2024-01-03 18:13:58,0.0,26.0,810.0,22.2,31.0
2024-01-03 18:23:58,0.0,0.0,780.0,22.2,31.0
2024-01-03 18:33:58,0.0,0.0,727.0,22.2,30.0
2024-01-03 18:43:58,0.0,0.0,757.0,22.2,31.0
2024-01-03 18:53:58,0.0,0.0,765.0,22.2,31.0
2024-01-03 19:03:59,0.0,0.0,700.0,22.2,30.0
2024-01-03 19:13:58,0.0,0.0,554.0,22.2,29.0
2024-01-03 19:23:58,0.0,26.0,693.0,22.2,30.0
2024-01-03 19:33:58,0.0,26.0,581.0,22.2,29.0
2024-01-03 19:43:58,0.0,0.0,556.0,22.1,28.0
2024-01-03 19:53:58,1.0,26.0,695.0,22.1,29.0
2024-01-03 20:03:58,0.0,26.0,593.0,22.2,29.0
2024-01-03 20:13:58,0.0,0.0,581.0,22.1,28.0
2024-01-03 20:23:58,0.0,0.0,538.0,22.1,28.0
2024-01-03 20:33:58,0.0,0.0,498.0,22.1,28.0
2024-01-03 20:43:58,0.0,0.0,516.0,22.1,28.0
2024-01-03 20:53:58,0.0,0.0,494.0,22.1,28.0
2024-01-03 21:03:58,1.0,20.0,504.0,22.1,28.0
2024-01-03 21:13:57,1.0,30.0,528.0,22.1,28.0
2024-01-03 21:23:57,0.0,3.0,838.0,22.1,30.0
2024-01-03 21:33:57,0.0,3.0,780.0,22.1,30.0
2024-01-03 21:43:57,0.0,3.0,718.0,22.1,30.0
2024-01-03 21:53:57,0.0,3.0,737.0,22.1,30.0
2024-01-03 22:03:57,0.0,3.0,715.0,22.1,30.0
2024-01-03 22:13:57,0.0,3.0,616.0,22.1,30.0
2024-01-03 22:23:57,0.0,23.0,635.0,22.1,30.0
2024-01-03 22:33:57,0.0,26.0,558.0,22.1,29.0
2024-01-03 22:43:57,1.0,0.0,550.0,22.1,28.0
2024-01-03 22:53:57,0.0,0.0,522.0,22.1,28.0
2024-01-03 23:03:57,0.0,0.0,488.0,22.1,28.0
2024-01-03 23:13:57,0.0,0.0,492.0,22.1,28.0
2024-01-03 23:23:57,0.0,0.0,488.0,22.1,27.0
2024-01-03 23:33:57,0.0,0.0,468.0,22.1,28.0
2024-01-03 23:43:57,0.0,0.0,478.0,22.1,27.0
2024-01-03 23:53:57,1.0,0.0,465.0,22.1,27.0
2024-01-04 00:03:57,0.0,0.0,488.0,22.1,27.0
2024-01-04 00:13:57,0.0,0.0,459.0,22.1,27.0
2024-01-04 00:23:57,0.0,0.0,469.0,22.1,27.0
2024-01-04 00:33:57,0.0,0.0,467.0,22.1,27.0
2024-01-04 00:43:57,0.0,0.0,474.0,22.0,27.0
2024-01-04 00:53:57,0.0,0.0,463.0,22.0,27.0
2024-01-04 01:03:57,0.0,0.0,458.0,22.1,27.0
2024-01-04 01:13:57,0.0,0.0,446.0,22.0,27.0
2024-01-04 01:23:57,0.0,0.0,445.0,22.1,27.0
2024-01-04 01:33:57,0.0,0.0,459.0,22.0,27.0
2024-01-04 01:43:57,0.0,0.0,455.0,22.1,27.0
2024-01-04 01:53:57,0.0,0.0,444.0,22.0,27.0
2024-01-04 02:03:57,0.0,0.0,450.0,22.0,27.0
2024-01-04 02:13:57,0.0,0.0,442.0,22.0,27.0
2024-01-04 02:23:57,0.0,0.0,449.0,22.0,27.0
2024-01-04 02:33:57,0.0,0.0,468.0,22.0,27.0
2024-01-04 02:43:56,0.0,0.0,431.0,21.9,27.0
2024-01-04 02:53:56,0.0,0.0,444.0,22.0,27.0
2024-01-04 03:03:56,1.0,30.0,441.0,22.0,27.0
2024-01-04 03:13:56,0.0,30.0,444.0,22.0,27.0
2024-01-04 03:23:56,0.0,0.0,441.0,22.0,27.0
2024-01-04 03:33:56,0.0,0.0,441.0,22.0,26.0
2024-01-04 03:43:56,0.0,0.0,415.0,22.0,26.0
2024-01-04 03:53:56,2.0,30.0,459.0,22.0,27.0
2024-01-04 04:03:56,0.0,30.0,419.0,22.1,26.0
2024-01-04 04:13:56,0.0,0.0,417.0,22.0,26.0
2024-01-04 04:23:56,0.0,0.0,430.0,22.0,27.0
2024-01-04 04:33:56,0.0,0.0,419.0,22.0,26.0
2024-01-04 04:43:56,0.0,0.0,411.0,22.0,26.0
2024-01-04 04:53:56,0.0,0.0,427.0,22.1,26.0
2024-01-04 05:03:56,0.0,0.0,424.0,22.0,26.0
2024-01-04 05:13:56,0.0,0.0,413.0,22.0,26.0
2024-01-04 05:23:56,0.0,0.0,420.0,22.0,26.0
2024-01-04 05:33:56,0.0,0.0,420.0,22.0,26.0
2024-01-04 05:43:56,0.0,0.0,413.0,22.0,26.0
2024-01-04 05:53:56,0.0,0.0,411.0,22.0,26.0
2024-01-04 06:03:56,0.0,0.0,418.0,22.0,26.0
2024-01-04 06:13:56,0.0,0.0,473.0,22.0,27.0
2024-01-04 06:23:56,0.0,0.0,457.0,22.0,27.0
2024-01-04 06:33:56,0.0,0.0,443.0,22.0,28.0
2024-01-04 06:43:56,0.0,0.0,455.0,22.0,28.0
2024-01-04 06:53:56,0.0,0.0,458.0,22.0,28.0
2024-01-04 07:03:56,0.0,0.0,443.0,22.0,27.0
2024-01-04 07:13:56,0.0,0.0,448.0,22.0,27.0
2024-01-04 07:23:56,1.0,30.0,476.0,22.0,27.0
2024-01-04 07:33:56,0.0,30.0,514.0,21.9,27.0
2024-01-04 07:43:56,2.0,30.0,490.0,21.9,27.0
2024-01-04 07:53:56,2.0,30.0,512.0,21.9,28.0
2024-01-04 08:03:56,0.0,33.0,520.0,22.0,28.0
2024-01-04 08:13:55,0.0,33.0,517.0,22.0,28.0
2024-01-04 08:23:55,2.0,33.0,522.0,22.0,28.0
2024-01-04 08:33:55,2.0,33.0,571.0,21.9,29.0
2024-01-04 08:43:55,3.0,33.0,556.0,22.0,29.0
2024-01-04 08:53:55,2.0,30.0,592.0,21.9,29.0
2024-01-04 09:03:55,1.0,30.0,582.0,22.0,29.0
2024-01-04 09:13:55,1.0,30.0,547.0,22.0,27.0
2024-01-04 09:23:55,5.0,33.0,573.0,22.0,27.0
2024-01-04 09:33:55,5.0,30.0,626.0,22.0,28.0
2024-01-04 09:43:55,2.0,30.0,650.0,22.0,29.0
2024-01-04 09:53:55,0.0,30.0,697.0,22.0,29.0
2024-01-04 10:03:55,2.0,30.0,701.0,22.1,29.0
2024-01-04 10:13:55,0.0,30.0,728.0,22.1,29.0
2024-01-04 10:23:55,1.0,30.0,764.0,22.1,29.0
2024-01-04 10:33:55,3.0,30.0,755.0,22.1,29.0
2024-01-04 10:43:55,4.0,33.0,704.0,22.1,29.0
2024-01-04 10:53:55,3.0,33.0,779.0,22.1,29.0
2024-01-04 11:03:55,12.0,37.0,871.0,22.1,29.0
2024-01-04 11:13:55,5.0,33.0,618.0,22.1,27.0
2024-01-04 11:23:55,0.0,33.0,658.0,22.2,25.0
2024-01-04 11:33:55,3.0,33.0,697.0,22.2,25.0
2024-01-04 11:43:55,1.0,33.0,657.0,22.2,25.0
2024-01-04 11:53:55,2.0,37.0,563.0,22.2,24.0
2024-01-04 12:03:55,5.0,37.0,613.0,22.2,24.0
2024-01-04 12:13:55,2.0,40.0,621.0,22.3,24.0
2024-01-04 12:23:55,1.0,37.0,701.0,22.2,25.0
2024-01-04 12:33:55,0.0,33.0,768.0,22.1,25.0
2024-01-04 12:43:55,2.0,37.0,737.0,22.1,25.0
2024-01-04 12:53:55,4.0,37.0,750.0,22.1,26.0
2024-01-04 13:03:55,4.0,37.0,719.0,22.1,26.0
2024-01-04 13:13:55,3.0,33.0,766.0,22.1,27.0
2024-01-04 13:23:55,4.0,37.0,774.0,22.1,27.0
2024-01-04 13:33:54,2.0,37.0,816.0,22.0,27.0
2024-01-04 13:43:54,5.0,37.0,846.0,22.1,27.0
2024-01-04 13:53:54,7.0,33.0,856.0,22.1,27.0
2024-01-04 14:03:54,2.0,33.0,674.0,22.2,25.0
2024-01-04 14:13:55,6.0,30.0,931.0,22.1,27.0
2024-01-04 14:23:54,3.0,30.0,783.0,22.0,25.0
2024-01-04 14:33:54,0.0,30.0,860.0,22.0,25.0
2024-01-04 14:43:54,0.0,30.0,959.0,22.1,26.0
2024-01-04 14:53:54,1.0,30.0,946.0,22.0,27.0
2024-01-04 15:03:54,2.0,30.0,880.0,22.0,27.0
2024-01-04 15:13:54,1.0,30.0,860.0,22.1,27.0
2024-01-04 15:23:54,4.0,30.0,618.0,22.1,24.0
2024-01-04 15:33:54,3.0,30.0,896.0,22.1,26.0
2024-01-04 15:43:54,1.0,30.0,923.0,22.1,27.0
2024-01-04 15:53:54,1.0,30.0,829.0,22.1,26.0
2024-01-04 16:03:54,4.0,30.0,715.0,22.1,25.0
2024-01-04 16:13:54,3.0,30.0,590.0,22.2,23.0
2024-01-04 16:23:54,0.0,30.0,629.0,22.3,23.0
2024-01-04 16:33:54,0.0,30.0,664.0,22.3,23.0
2024-01-04 16:43:54,1.0,30.0,665.0,22.3,23.0
2024-01-04 16:53:54,1.0,30.0,681.0,22.3,23.0
2024-01-04 17:03:54,2.0,30.0,708.0,22.4,23.0
2024-01-04 17:13:54,2.0,30.0,712.0,22.4,24.0
2024-01-04 17:23:54,2.0,30.0,807.0,22.3,25.0
2024-01-04 17:33:54,0.0,0.0,763.0,22.3,25.0
2024-01-04 17:43:54,0.0,0.0,800.0,22.2,26.0
2024-01-04 17:53:54,0.0,23.0,838.0,22.2,27.0
2024-01-04 18:03:54,0.0,30.0,863.0,22.2,27.0
2024-01-04 18:13:54,0.0,0.0,857.0,22.2,27.0
2024-01-04 18:23:54,1.0,0.0,873.0,22.2,27.0
2024-01-04 18:33:54,0.0,0.0,797.0,22.2,27.0
2024-01-04 18:43:54,0.0,0.0,797.0,22.2,27.0
2024-01-04 18:53:54,1.0,0.0,766.0,22.1,27.0
2024-01-04 19:03:53,0.0,0.0,744.0,22.1,27.0
2024-01-04 19:13:53,0.0,0.0,639.0,22.2,26.0
2024-01-04 19:23:53,0.0,0.0,744.0,22.2,26.0
2024-01-04 19:33:53,0.0,0.0,756.0,22.1,26.0
2024-01-04 19:43:53,0.0,0.0,730.0,22.1,26.0
2024-01-04 19:53:53,0.0,0.0,707.0,22.1,26.0
2024-01-04 20:03:53,0.0,0.0,717.0,22.1,26.0
2024-01-04 20:13:54,1.0,0.0,669.0,22.1,26.0
2024-01-04 20:23:53,0.0,0.0,629.0,22.1,25.0
2024-01-04 20:33:53,1.0,0.0,640.0,22.0,26.0
2024-01-04 20:43:53,0.0,0.0,615.0,22.1,25.0
2024-01-04 20:53:53,0.0,0.0,639.0,22.1,25.0
2024-01-04 21:03:53,0.0,3.0,625.0,22.1,25.0
2024-01-04 21:13:53,0.0,20.0,639.0,22.1,25.0
2024-01-04 21:23:53,1.0,30.0,564.0,22.0,25.0
2024-01-04 21:33:53,1.0,0.0,619.0,22.1,25.0
2024-01-04 21:43:53,0.0,0.0,545.0,22.1,25.0
2024-01-04 21:53:53,0.0,0.0,576.0,22.0,24.0
2024-01-04 22:03:53,0.0,0.0,579.0,22.0,25.0
2024-01-04 22:13:53,0.0,0.0,596.0,22.1,25.0
2024-01-04 22:23:53,0.0,0.0,539.0,22.1,25.0
2024-01-04 22:33:53,0.0,0.0,731.0,22.1,26.0
2024-01-04 22:43:53,0.0,0.0,717.0,22.0,26.0
2024-01-04 22:53:53,0.0,0.0,575.0,22.0,24.0
2024-01-04 23:03:53,0.0,0.0,634.0,22.0,25.0
2024-01-04 23:13:53,1.0,0.0,611.0,22.1,25.0
2024-01-04 23:23:53,1.0,0.0,584.0,22.0,25.0
2024-01-04 23:33:53,0.0,0.0,547.0,22.0,24.0
2024-01-04 23:43:53,0.0,0.0,571.0,22.0,24.0
2024-01-04 23:53:53,0.0,3.0,609.0,22.0,25.0
2024-01-05 00:03:53,0.0,0.0,624.0,22.0,25.0
2024-01-05 00:13:53,0.0,0.0,606.0,22.0,25.0
2024-01-05 00:23:53,0.0,0.0,594.0,22.0,25.0
2024-01-05 00:33:52,0.0,3.0,611.0,22.0,25.0
2024-01-05 00:43:52,0.0,0.0,593.0,22.0,25.0
2024-01-05 00:53:52,0.0,0.0,597.0,22.0,25.0
2024-01-05 01:03:52,0.0,0.0,592.0,22.0,25.0
2024-01-05 01:13:52,0.0,0.0,568.0,22.0,25.0
2024-01-05 01:23:52,0.0,0.0,583.0,22.0,25.0
2024-01-05 01:33:52,0.0,3.0,568.0,22.0,25.0
2024-01-05 01:43:52,0.0,0.0,567.0,22.0,25.0
2024-01-05 01:53:52,0.0,0.0,556.0,22.0,25.0
2024-01-05 02:03:52,0.0,3.0,555.0,22.0,24.0
2024-01-05 02:13:52,0.0,0.0,536.0,22.0,25.0
2024-01-05 02:23:52,0.0,0.0,564.0,22.0,25.0
2024-01-05 02:33:52,0.0,0.0,541.0,21.9,24.0
2024-01-05 02:43:52,0.0,0.0,536.0,22.0,24.0
2024-01-05 02:53:52,0.0,0.0,536.0,22.0,24.0
2024-01-05 03:03:52,0.0,0.0,536.0,22.0,24.0
2024-01-05 03:13:52,2.0,30.0,503.0,21.9,24.0
2024-01-05 03:23:52,0.0,30.0,485.0,22.0,23.0
2024-01-05 03:33:52,0.0,0.0,515.0,21.9,24.0
2024-01-05 03:43:52,0.0,0.0,501.0,22.0,24.0
2024-01-05 03:53:52,0.0,0.0,501.0,22.0,24.0
2024-01-05 04:03:52,0.0,0.0,490.0,22.0,24.0
2024-01-05 04:13:52,2.0,30.0,479.0,21.9,24.0
2024-01-05 04:23:52,0.0,30.0,508.0,22.0,25.0
2024-01-05 04:33:52,0.0,0.0,469.0,22.0,25.0
2024-01-05 04:43:52,0.0,0.0,492.0,22.0,24.0
2024-01-05 04:53:52,0.0,0.0,472.0,22.0,24.0
2024-01-05 05:03:52,0.0,0.0,462.0,22.0,24.0
2024-01-05 05:13:52,0.0,0.0,488.0,22.0,24.0
2024-01-05 05:23:52,0.0,0.0,482.0,22.0,24.0
2024-01-05 05:33:52,1.0,30.0,487.0,22.0,24.0
2024-01-05 05:43:52,0.0,30.0,474.0,22.0,24.0
2024-01-05 05:53:52,2.0,0.0,484.0,22.0,24.0
2024-01-05 06:03:51,0.0,0.0,503.0,22.0,24.0
2024-01-05 06:13:51,1.0,30.0,519.0,22.0,24.0
2024-01-05 06:23:51,0.0,30.0,553.0,22.0,25.0
2024-01-05 06:33:51,0.0,3.0,572.0,22.0,26.0
2024-01-05 06:43:51,0.0,0.0,553.0,22.0,26.0
2024-01-05 06:53:51,0.0,0.0,574.0,22.0,26.0
2024-01-05 07:03:51,0.0,30.0,543.0,22.0,27.0
2024-01-05 07:13:51,0.0,30.0,534.0,22.0,26.0
2024-01-05 07:23:51,0.0,30.0,520.0,22.0,26.0
2024-01-05 07:33:52,3.0,30.0,542.0,22.0,25.0
2024-01-05 07:43:51,3.0,26.0,544.0,22.0,25.0
2024-01-05 07:53:51,0.0,26.0,581.0,21.9,26.0
2024-01-05 08:03:51,2.0,30.0,569.0,21.9,24.0
2024-01-05 08:13:51,0.0,30.0,545.0,22.0,24.0
2024-01-05 08:23:51,3.0,33.0,554.0,21.9,25.0
2024-01-05 08:33:51,4.0,26.0,525.0,22.0,23.0
2024-01-05 08:43:51,1.0,33.0,552.0,22.1,23.0
2024-01-05 08:53:51,3.0,30.0,642.0,21.9,24.0
2024-01-05 09:03:51,4.0,30.0,664.0,21.9,25.0
2024-01-05 09:13:51,3.0,30.0,646.0,22.0,25.0
2024-01-05 09:23:51,3.0,33.0,664.0,21.9,24.0
2024-01-05 09:33:51,1.0,33.0,679.0,21.9,26.0
2024-01-05 09:43:51,3.0,33.0,718.0,21.9,26.0
2024-01-05 09:53:51,2.0,33.0,725.0,22.0,26.0
2024-01-05 10:03:51,2.0,37.0,792.0,22.0,26.0
2024-01-05 10:13:51,1.0,37.0,743.0,22.0,26.0
2024-01-05 10:23:51,4.0,37.0,819.0,22.0,26.0
2024-01-05 10:33:51,7.0,37.0,780.0,22.1,25.0
2024-01-05 10:43:51,2.0,37.0,926.0,22.0,27.0
2024-01-05 10:53:51,4.0,33.0,882.0,22.0,26.0
2024-01-05 11:03:51,2.0,37.0,923.0,22.0,26.0
2024-01-05 11:13:51,4.0,33.0,898.0,22.0,26.0
2024-01-05 11:23:50,1.0,37.0,907.0,22.0,27.0
2024-01-05 11:33:50,5.0,37.0,925.0,22.1,27.0
2024-01-05 11:43:50,3.0,37.0,641.0,22.2,23.0
2024-01-05 11:53:50,3.0,37.0,722.0,22.2,22.0
2024-01-05 12:03:50,5.0,37.0,685.0,22.3,22.0
2024-01-05 12:13:50,5.0,33.0,735.0,22.3,22.0
2024-01-05 12:23:50,7.0,40.0,712.0,22.2,22.0
2024-01-05 12:33:50,0.0,40.0,695.0,22.3,21.0
2024-01-05 12:43:50,3.0,37.0,722.0,22.3,22.0
2024-01-05 12:53:51,1.0,40.0,754.0,22.3,21.0
2024-01-05 13:03:50,1.0,37.0,787.0,22.3,22.0
2024-01-05 13:13:50,4.0,37.0,882.0,22.3,22.0
2024-01-05 13:23:50,5.0,33.0,798.0,22.4,22.0
2024-01-05 13:33:50,4.0,40.0,799.0,22.4,22.0
2024-01-05 13:43:50,1.0,33.0,818.0,22.4,22.0
2024-01-05 13:53:50,1.0,33.0,812.0,22.3,22.0
2024-01-05 14:03:50,2.0,33.0,810.0,22.4,22.0
2024-01-05 14:13:50,2.0,33.0,839.0,22.4,22.0
2024-01-05 14:23:50,6.0,33.0,869.0,22.4,22.0
2024-01-05 14:33:50,6.0,33.0,897.0,22.4,23.0
2024-01-05 14:43:50,4.0,33.0,853.0,22.4,22.0
2024-01-05 14:53:50,8.0,33.0,916.0,22.4,23.0
2024-01-05 15:03:50,1.0,33.0,892.0,22.4,22.0
2024-01-05 15:13:50,0.0,30.0,891.0,22.4,22.0
2024-01-05 15:23:50,0.0,33.0,873.0,22.4,22.0
2024-01-05 15:33:50,2.0,33.0,871.0,22.4,22.0
2024-01-05 15:43:50,2.0,33.0,892.0,22.4,23.0
2024-01-05 15:53:50,1.0,30.0,923.0,22.4,23.0
2024-01-05 16:03:50,3.0,33.0,842.0,22.4,23.0
2024-01-05 16:13:50,1.0,30.0,788.0,22.4,22.0
2024-01-05 16:33:50,0.0,30.0,839.0,22.4,22.0
2024-01-05 16:43:50,1.0,30.0,859.0,22.4,22.0
2024-01-05 16:53:49,0.0,30.0,820.0,22.5,22.0
2024-01-05 17:03:49,0.0,30.0,827.0,22.5,22.0
2024-01-05 17:13:49,0.0,30.0,826.0,22.5,22.0
2024-01-05 17:23:49,1.0,30.0,782.0,22.5,22.0
2024-01-05 17:33:49,0.0,3.0,788.0,22.5,22.0
2024-01-05 17:43:49,2.0,3.0,783.0,22.5,23.0
2024-01-05 17:53:49,0.0,3.0,740.0,22.4,22.0
2024-01-05 18:03:49,0.0,3.0,746.0,22.4,22.0
2024-01-05 18:13:49,1.0,3.0,720.0,22.5,22.0
2024-01-05 18:23:49,1.0,30.0,724.0,22.5,22.0
2024-01-05 18:33:49,0.0,30.0,747.0,22.5,22.0
2024-01-05 18:43:49,1.0,3.0,764.0,22.5,23.0
2024-01-05 18:53:49,1.0,3.0,773.0,22.5,23.0
2024-01-05 19:03:49,6.0,30.0,731.0,22.5,23.0
2024-01-05 19:13:49,0.0,30.0,691.0,22.5,22.0
2024-01-05 19:23:49,1.0,3.0,671.0,22.5,22.0
2024-01-05 19:33:49,0.0,3.0,670.0,22.5,22.0
2024-01-05 19:43:49,0.0,3.0,652.0,22.5,22.0
2024-01-05 19:53:49,0.0,3.0,650.0,22.5,22.0
2024-01-05 20:03:49,0.0,3.0,649.0,22.5,22.0
2024-01-05 20:13:49,0.0,3.0,655.0,22.5,22.0
2024-01-05 20:23:49,0.0,26.0,629.0,22.5,22.0
2024-01-05 20:33:49,0.0,30.0,629.0,22.5,22.0
2024-01-05 20:43:49,2.0,3.0,641.0,22.4,22.0
2024-01-05 20:53:49,1.0,0.0,664.0,22.5,23.0
2024-01-05 21:03:49,0.0,0.0,695.0,22.4,23.0
2024-01-05 21:13:49,0.0,0.0,714.0,22.3,24.0
2024-01-05 21:23:49,0.0,0.0,715.0,22.3,24.0
2024-01-05 21:33:49,0.0,0.0,712.0,22.3,25.0
2024-01-05 21:43:49,0.0,0.0,707.0,22.3,25.0
2024-01-05 21:53:49,0.0,0.0,707.0,22.3,25.0
2024-01-05 22:03:49,0.0,0.0,683.0,22.3,25.0
2024-01-05 22:13:49,0.0,0.0,680.0,22.3,25.0
2024-01-05 22:23:48,0.0,0.0,665.0,22.2,25.0
2024-01-05 22:33:48,0.0,0.0,676.0,22.3,25.0
2024-01-05 22:43:48,0.0,0.0,655.0,22.3,25.0
2024-01-05 22:53:49,1.0,26.0,634.0,22.2,25.0
2024-01-05 23:03:48,0.0,26.0,626.0,22.3,25.0
2024-01-05 23:13:48,1.0,26.0,649.0,22.2,25.0
2024-01-05 23:23:48,0.0,26.0,585.0,22.3,24.0
2024-01-05 23:33:48,0.0,0.0,619.0,22.2,24.0
2024-01-05 23:43:48,0.0,0.0,593.0,22.2,24.0
2024-01-05 23:53:48,0.0,0.0,588.0,22.2,24.0
2024-01-06 00:03:48,0.0,0.0,581.0,22.2,24.0
2024-01-06 00:13:48,0.0,0.0,579.0,22.1,24.0
2024-01-06 00:23:48,0.0,0.0,565.0,22.1,24.0
2024-01-06 00:33:48,0.0,0.0,573.0,22.2,24.0
2024-01-06 00:43:48,0.0,0.0,563.0,22.2,24.0
2024-01-06 00:53:48,0.0,0.0,567.0,22.2,24.0
2024-01-06 01:03:48,1.0,30.0,554.0,22.1,24.0
2024-01-06 01:13:48,0.0,26.0,564.0,22.1,24.0
2024-01-06 01:23:48,0.0,0.0,542.0,22.1,24.0
2024-01-06 01:33:48,0.0,0.0,547.0,22.1,24.0
2024-01-06 01:43:48,0.0,0.0,551.0,22.1,24.0
2024-01-06 01:53:48,0.0,0.0,560.0,22.1,25.0
2024-01-06 02:03:48,0.0,0.0,546.0,22.1,25.0
2024-01-06 02:13:48,0.0,0.0,528.0,22.1,24.0
2024-01-06 02:23:48,0.0,0.0,535.0,22.1,24.0
2024-01-06 02:33:48,0.0,0.0,549.0,22.0,24.0
2024-01-06 02:43:48,0.0,0.0,523.0,22.1,24.0
2024-01-06 02:53:48,0.0,0.0,509.0,22.1,24.0
2024-01-06 03:03:48,0.0,0.0,516.0,22.1,24.0
2024-01-06 03:13:48,0.0,0.0,507.0,22.1,24.0
2024-01-06 03:23:48,0.0,0.0,511.0,22.1,24.0
2024-01-06 03:33:48,0.0,0.0,528.0,22.0,24.0
2024-01-06 03:43:47,0.0,0.0,499.0,22.1,24.0
2024-01-06 03:53:47,0.0,0.0,507.0,22.1,24.0
2024-01-06 04:03:47,0.0,26.0,551.0,22.1,25.0
2024-01-06 04:13:47,0.0,30.0,521.0,22.0,24.0
2024-01-06 04:23:47,0.0,0.0,502.0,22.1,24.0
2024-01-06 04:33:47,0.0,0.0,500.0,22.1,24.0
2024-01-06 04:43:47,0.0,0.0,514.0,22.0,24.0
2024-01-06 04:53:47,0.0,0.0,512.0,22.0,24.0
2024-01-06 05:03:47,0.0,0.0,505.0,22.0,24.0
2024-01-06 05:13:47,0.0,0.0,484.0,22.0,24.0
2024-01-06 05:23:47,0.0,0.0,507.0,22.0,24.0
2024-01-06 05:33:47,0.0,30.0,522.0,22.0,24.0
2024-01-06 05:43:47,0.0,30.0,497.0,22.0,25.0
2024-01-06 05:53:47,0.0,0.0,504.0,22.0,24.0
2024-01-06 06:03:47,0.0,0.0,493.0,22.0,24.0
2024-01-06 06:13:47,0.0,0.0,611.0,22.0,25.0
2024-01-06 06:23:47,0.0,0.0,688.0,22.0,25.0
2024-01-06 06:33:47,0.0,0.0,654.0,22.0,25.0
2024-01-06 06:43:47,0.0,33.0,698.0,22.0,26.0
2024-01-06 06:53:47,0.0,33.0,903.0,22.0,27.0
2024-01-06 07:03:47,1.0,33.0,781.0,22.0,26.0
2024-01-06 07:13:47,0.0,33.0,717.0,22.0,26.0
2024-01-06 07:23:47,1.0,0.0,653.0,22.0,26.0
2024-01-06 07:33:47,0.0,0.0,607.0,22.0,26.0
2024-01-06 07:43:47,1.0,26.0,551.0,22.0,25.0
2024-01-06 07:53:47,1.0,30.0,571.0,22.0,25.0
2024-01-06 08:03:47,1.0,0.0,540.0,22.0,25.0
2024-01-06 08:13:47,0.0,3.0,533.0,22.1,25.0
2024-01-06 08:23:47,0.0,30.0,525.0,22.0,25.0
2024-01-06 08:33:47,0.0,30.0,503.0,22.0,24.0
2024-01-06 08:43:47,0.0,30.0,522.0,22.0,24.0
2024-01-06 08:53:47,0.0,30.0,505.0,22.0,24.0
2024-01-06 09:03:47,0.0,3.0,529.0,22.0,25.0
2024-01-06 09:13:46,0.0,3.0,521.0,22.0,25.0
2024-01-06 09:23:46,0.0,3.0,508.0,22.0,25.0
2024-01-06 09:33:46,0.0,3.0,532.0,22.0,25.0
2024-01-06 09:43:46,0.0,33.0,593.0,22.0,25.0
2024-01-06 09:53:46,0.0,33.0,544.0,22.0,25.0
2024-01-06 10:03:46,0.0,6.0,521.0,22.0,25.0
2024-01-06 10:13:46,0.0,6.0,514.0,22.0,25.0
2024-01-06 10:23:46,0.0,10.0,514.0,22.0,25.0
2024-01-06 10:33:46,0.0,10.0,513.0,22.0,26.0
2024-01-06 10:43:46,0.0,13.0,505.0,22.0,25.0
2024-01-06 10:53:46,0.0,20.0,507.0,22.0,25.0
2024-01-06 11:03:46,0.0,10.0,570.0,22.0,25.0
2024-01-06 11:13:46,0.0,10.0,586.0,22.1,26.0
2024-01-06 11:23:46,0.0,16.0,557.0,22.1,26.0
2024-01-06 11:33:46,0.0,30.0,590.0,22.1,26.0
2024-01-06 11:43:46,0.0,20.0,577.0,22.0,25.0
2024-01-06 11:53:46,1.0,10.0,648.0,22.0,26.0
2024-01-06 12:03:46,0.0,13.0,611.0,22.0,26.0
2024-01-06 12:13:46,0.0,13.0,620.0,22.0,26.0
2024-01-06 12:23:46,0.0,10.0,596.0,22.0,26.0
2024-01-06 12:33:46,0.0,6.0,575.0,22.0,26.0
2024-01-06 12:43:46,0.0,6.0,629.0,22.0,26.0
2024-01-06 12:53:46,0.0,6.0,590.0,22.0,26.0
2024-01-06 13:03:46,0.0,6.0,582.0,22.0,26.0
2024-01-06 13:13:46,0.0,6.0,588.0,22.0,26.0
2024-01-06 13:23:46,1.0,3.0,533.0,22.0,25.0
2024-01-06 13:33:46,0.0,3.0,550.0,22.0,25.0
2024-01-06 13:43:46,0.0,3.0,561.0,22.0,26.0
2024-01-06 13:53:46,0.0,3.0,559.0,22.0,26.0
2024-01-06 14:03:46,0.0,3.0,552.0,22.0,26.0
2024-01-06 14:13:46,0.0,3.0,540.0,22.0,26.0
2024-01-06 14:23:46,0.0,3.0,531.0,22.0,26.0
2024-01-06 14:33:46,0.0,3.0,543.0,22.0,26.0
2024-01-06 14:43:45,0.0,3.0,534.0,21.9,26.0
2024-01-06 14:53:45,0.0,0.0,515.0,22.0,26.0
2024-01-06 15:03:45,0.0,0.0,519.0,22.0,26.0
2024-01-06 15:13:45,0.0,0.0,518.0,22.0,26.0
2024-01-06 15:23:45,0.0,0.0,525.0,21.9,26.0
2024-01-06 15:33:45,0.0,0.0,517.0,21.9,26.0
2024-01-06 15:43:45,0.0,0.0,529.0,22.0,26.0
2024-01-06 15:53:45,0.0,0.0,511.0,21.9,26.0
2024-01-06 16:03:45,0.0,0.0,522.0,21.9,26.0
2024-01-06 16:13:45,0.0,0.0,494.0,21.9,26.0
2024-01-06 16:23:45,0.0,0.0,508.0,21.9,26.0
2024-01-06 16:33:45,0.0,0.0,497.0,21.9,26.0
2024-01-06 16:43:45,0.0,0.0,502.0,21.9,26.0
2024-01-06 16:53:45,1.0,30.0,491.0,21.9,26.0
2024-01-06 17:03:45,0.0,30.0,512.0,21.9,26.0
2024-01-06 17:13:45,0.0,30.0,488.0,21.9,26.0
2024-01-06 17:23:45,0.0,30.0,582.0,22.0,26.0
2024-01-06 17:33:45,0.0,0.0,541.0,21.9,26.0
2024-01-06 17:43:45,0.0,0.0,542.0,21.9,26.0
2024-01-06 17:53:45,0.0,0.0,536.0,21.9,26.0
2024-01-06 18:03:45,0.0,0.0,511.0,21.9,26.0
2024-01-06 18:13:45,0.0,0.0,515.0,22.0,26.0
2024-01-06 18:23:45,0.0,0.0,518.0,21.9,26.0
2024-01-06 18:33:45,0.0,0.0,503.0,21.9,26.0
2024-01-06 18:43:45,0.0,0.0,509.0,21.9,26.0
2024-01-06 18:53:45,0.0,0.0,488.0,21.9,26.0
2024-01-06 19:03:45,0.0,0.0,475.0,21.9,26.0
2024-01-06 19:13:45,0.0,0.0,460.0,21.9,25.0
2024-01-06 19:23:45,0.0,0.0,465.0,21.9,24.0
2024-01-06 19:33:45,0.0,0.0,446.0,21.8,24.0
2024-01-06 19:43:45,0.0,0.0,472.0,21.9,24.0
2024-01-06 19:53:45,0.0,0.0,454.0,21.9,24.0
2024-01-06 20:03:45,0.0,0.0,450.0,21.9,24.0
2024-01-06 20:13:44,0.0,0.0,438.0,21.8,24.0
2024-01-06 20:23:44,0.0,0.0,448.0,21.9,24.0
2024-01-06 20:33:44,0.0,0.0,441.0,21.9,23.0
2024-01-06 20:43:44,0.0,0.0,434.0,21.8,23.0
2024-01-06 20:53:45,0.0,0.0,446.0,21.9,23.0
2024-01-06 21:03:44,0.0,0.0,441.0,21.8,23.0
2024-01-06 21:13:44,0.0,0.0,432.0,21.8,23.0
2024-01-06 21:23:44,0.0,0.0,447.0,21.9,23.0
2024-01-06 21:33:44,0.0,0.0,432.0,21.8,23.0
2024-01-06 21:43:44,0.0,0.0,435.0,21.8,23.0
2024-01-06 21:53:44,0.0,0.0,445.0,21.8,23.0
2024-01-06 22:03:44,0.0,0.0,449.0,21.9,23.0
2024-01-06 22:13:44,0.0,0.0,443.0,21.8,23.0
2024-01-06 22:23:44,0.0,0.0,455.0,21.8,23.0
2024-01-06 22:33:44,0.0,0.0,437.0,21.8,23.0
2024-01-06 22:43:44,0.0,0.0,427.0,21.8,22.0
2024-01-06 22:53:44,0.0,0.0,437.0,21.8,22.0
2024-01-06 23:03:44,0.0,20.0,446.0,21.8,23.0
2024-01-06 23:13:44,0.0,30.0,686.0,21.8,24.0
2024-01-06 23:23:44,0.0,0.0,629.0,21.8,24.0
2024-01-06 23:33:44,0.0,0.0,584.0,21.8,23.0
2024-01-06 23:43:44,0.0,0.0,552.0,21.9,23.0
2024-01-06 23:53:44,0.0,0.0,512.0,21.8,23.0
2024-01-07 00:03:44,0.0,0.0,533.0,21.8,23.0
2024-01-07 00:13:44,0.0,0.0,496.0,21.8,23.0
2024-01-07 00:23:44,0.0,0.0,499.0,21.8,22.0
2024-01-07 00:33:44,0.0,0.0,488.0,21.8,22.0
2024-01-07 00:43:44,0.0,0.0,481.0,21.8,22.0
2024-01-07 00:53:44,0.0,0.0,481.0,21.8,22.0
2024-01-07 01:03:44,0.0,0.0,483.0,21.8,22.0
2024-01-07 01:13:44,0.0,0.0,457.0,21.8,22.0
2024-01-07 01:23:44,0.0,0.0,465.0,21.8,22.0
2024-01-07 01:33:44,0.0,0.0,444.0,21.8,22.0
2024-01-07 01:43:43,0.0,0.0,459.0,21.8,22.0
2024-01-07 01:53:43,0.0,0.0,452.0,21.8,22.0
2024-01-07 02:03:43,0.0,0.0,443.0,21.8,22.0
2024-01-07 02:13:44,0.0,0.0,435.0,21.8,22.0
2024-01-07 02:23:43,0.0,0.0,448.0,21.7,22.0
2024-01-07 02:33:43,0.0,0.0,454.0,21.8,22.0
2024-01-07 02:43:43,0.0,0.0,434.0,21.7,22.0
2024-01-07 02:53:43,0.0,0.0,436.0,21.7,22.0
2024-01-07 03:03:43,0.0,0.0,438.0,21.7,22.0
2024-01-07 03:13:43,0.0,0.0,431.0,21.8,22.0
2024-01-07 03:23:43,0.0,0.0,442.0,21.8,22.0
2024-01-07 03:33:43,0.0,0.0,440.0,21.7,22.0
2024-01-07 03:43:43,0.0,0.0,432.0,21.8,22.0
2024-01-07 03:53:43,0.0,0.0,443.0,21.8,22.0
2024-01-07 04:03:43,0.0,0.0,435.0,21.7,22.0
2024-01-07 04:13:43,0.0,0.0,424.0,21.7,22.0
2024-01-07 04:23:43,0.0,0.0,443.0,21.7,22.0
2024-01-07 04:33:43,0.0,0.0,439.0,21.7,22.0
2024-01-07 04:43:43,0.0,0.0,426.0,21.8,22.0
2024-01-07 04:53:43,0.0,0.0,432.0,21.7,22.0
2024-01-07 05:03:43,0.0,0.0,424.0,21.7,22.0
2024-01-07 05:13:43,0.0,0.0,435.0,21.7,22.0
2024-01-07 05:23:43,0.0,0.0,426.0,21.7,22.0
2024-01-07 05:33:43,0.0,0.0,430.0,21.7,22.0
2024-01-07 05:43:43,0.0,0.0,431.0,21.7,22.0
2024-01-07 05:53:43,0.0,0.0,428.0,21.7,22.0
2024-01-07 06:03:43,0.0,0.0,421.0,21.7,22.0
2024-01-07 06:13:43,0.0,0.0,446.0,21.7,23.0
2024-01-07 06:23:43,0.0,0.0,457.0,21.7,24.0
2024-01-07 06:33:43,0.0,0.0,442.0,21.7,24.0
2024-01-07 06:43:43,0.0,0.0,439.0,21.7,24.0
2024-01-07 06:53:43,0.0,0.0,437.0,21.8,24.0
2024-01-07 07:03:42,0.0,0.0,449.0,21.7,24.0
2024-01-07 07:13:42,0.0,0.0,437.0,21.7,24.0
2024-01-07 07:23:42,0.0,0.0,450.0,21.7,24.0
2024-01-07 07:33:43,0.0,0.0,429.0,21.7,25.0
2024-01-07 07:43:42,0.0,0.0,435.0,21.7,25.0
2024-01-07 07:53:42,0.0,0.0,439.0,21.7,25.0
2024-01-07 08:03:42,0.0,0.0,448.0,21.7,25.0
2024-01-07 08:13:42,0.0,3.0,449.0,21.8,25.0
2024-01-07 08:23:42,0.0,3.0,447.0,21.7,25.0
2024-01-07 08:33:42,0.0,3.0,448.0,21.7,25.0
2024-01-07 08:43:42,0.0,3.0,458.0,21.7,25.0
2024-01-07 08:53:43,0.0,3.0,449.0,21.7,25.0
2024-01-07 09:03:42,0.0,3.0,428.0,21.7,25.0
2024-01-07 09:13:42,0.0,3.0,445.0,21.7,25.0
2024-01-07 09:23:42,0.0,3.0,431.0,21.7,25.0
2024-01-07 09:33:42,0.0,3.0,435.0,21.7,25.0
2024-01-07 09:43:42,0.0,3.0,433.0,21.7,25.0
2024-01-07 09:53:42,0.0,6.0,442.0,21.7,25.0
2024-01-07 10:03:42,0.0,6.0,422.0,21.7,25.0
2024-01-07 10:13:42,2.0,6.0,445.0,21.7,24.0
2024-01-07 10:23:42,0.0,3.0,436.0,21.6,24.0
2024-01-07 10:33:42,0.0,3.0,431.0,21.7,24.0
2024-01-07 10:43:42,0.0,30.0,443.0,21.6,23.0
2024-01-07 10:53:42,0.0,30.0,440.0,21.7,23.0
2024-01-07 11:03:42,0.0,3.0,468.0,21.6,23.0
2024-01-07 11:13:42,0.0,30.0,465.0,21.6,23.0
2024-01-07 11:23:42,1.0,30.0,460.0,21.6,23.0
2024-01-07 11:33:42,0.0,3.0,452.0,21.7,23.0
2024-01-07 11:43:42,0.0,30.0,460.0,21.6,23.0
2024-01-07 11:53:42,0.0,30.0,460.0,21.6,23.0
2024-01-07 12:03:42,0.0,3.0,448.0,21.6,23.0
2024-01-07 12:13:42,0.0,3.0,441.0,21.6,23.0
2024-01-07 12:23:42,3.0,6.0,458.0,21.6,23.0
2024-01-07 12:33:41,0.0,6.0,547.0,21.5,22.0
2024-01-07 12:43:41,2.0,3.0,510.0,21.5,22.0
2024-01-07 12:53:42,0.0,3.0,511.0,21.5,21.0
2024-01-07 13:03:41,0.0,30.0,502.0,21.5,22.0
2024-01-07 13:13:41,0.0,30.0,478.0,21.5,22.0
2024-01-07 13:23:41,0.0,3.0,535.0,21.5,22.0
2024-01-07 13:33:41,0.0,3.0,506.0,21.5,23.0
2024-01-07 13:43:41,0.0,30.0,534.0,21.5,23.0
2024-01-07 13:53:41,1.0,30.0,500.0,21.5,23.0
2024-01-07 14:03:41,0.0,3.0,485.0,21.6,23.0
2024-01-07 14:13:42,0.0,3.0,491.0,21.6,24.0
2024-01-07 14:23:42,0.0,3.0,493.0,21.6,24.0
2024-01-07 14:33:41,0.0,0.0,502.0,21.6,24.0
2024-01-07 14:43:41,0.0,0.0,479.0,21.6,24.0
2024-01-07 14:53:41,0.0,0.0,488.0,21.6,24.0
2024-01-07 15:03:41,0.0,0.0,476.0,21.6,25.0
2024-01-07 15:13:41,0.0,0.0,499.0,21.6,25.0
2024-01-07 15:23:41,0.0,0.0,476.0,21.6,25.0
2024-01-07 15:33:41,1.0,33.0,667.0,21.6,25.0
2024-01-07 15:43:41,1.0,30.0,622.0,21.6,25.0
2024-01-07 15:53:41,0.0,0.0,603.0,21.5,24.0
2024-01-07 16:03:41,0.0,0.0,562.0,21.6,24.0
2024-01-07 16:13:41,0.0,0.0,520.0,21.5,24.0
2024-01-07 16:23:41,0.0,0.0,514.0,21.6,24.0
2024-01-07 16:33:41,1.0,26.0,482.0,21.6,23.0
2024-01-07 16:43:41,0.0,30.0,511.0,21.5,24.0
2024-01-07 16:53:41,0.0,0.0,562.0,21.6,23.0
2024-01-07 17:03:41,0.0,0.0,593.0,21.5,24.0
2024-01-07 17:13:41,0.0,0.0,615.0,21.5,24.0
2024-01-07 17:23:41,0.0,0.0,581.0,21.5,24.0
2024-01-07 17:33:41,0.0,0.0,594.0,21.5,24.0
2024-01-07 17:43:41,0.0,0.0,585.0,21.6,25.0
2024-01-07 17:53:41,1.0,0.0,749.0,21.6,24.0
2024-01-07 18:03:40,0.0,0.0,569.0,21.6,25.0
2024-01-07 18:13:41,0.0,0.0,569.0,21.6,25.0
2024-01-07 18:23:40,0.0,0.0,575.0,21.6,25.0
2024-01-07 18:33:40,1.0,6.0,557.0,21.6,25.0
2024-01-07 18:43:40,1.0,0.0,581.0,21.6,24.0
2024-01-07 18:53:40,0.0,0.0,577.0,21.6,25.0
2024-01-07 19:03:40,0.0,0.0,555.0,21.6,25.0
2024-01-07 19:13:40,0.0,0.0,526.0,21.6,24.0
2024-01-07 19:23:40,1.0,0.0,558.0,21.6,24.0
2024-01-07 19:33:40,0.0,0.0,523.0,21.6,24.0
2024-01-07 19:43:40,0.0,0.0,529.0,21.6,23.0
2024-01-07 19:53:40,2.0,30.0,540.0,21.6,23.0
2024-01-07 20:03:40,0.0,30.0,534.0,21.6,23.0
2024-01-07 20:13:40,0.0,0.0,505.0,21.6,23.0
2024-01-07 20:23:40,0.0,0.0,519.0,21.6,23.0
2024-01-07 20:33:40,0.0,0.0,502.0,21.7,23.0
2024-01-07 20:43:40,0.0,30.0,511.0,21.6,23.0
2024-01-07 20:53:40,0.0,30.0,497.0,21.7,23.0
2024-01-07 21:03:40,0.0,0.0,506.0,21.7,23.0
2024-01-07 21:13:40,0.0,0.0,501.0,21.6,23.0
2024-01-07 21:23:40,0.0,0.0,498.0,21.6,23.0
2024-01-07 21:33:40,0.0,0.0,495.0,21.6,23.0
2024-01-07 21:43:40,0.0,0.0,489.0,21.6,23.0
2024-01-07 21:53:40,0.0,0.0,473.0,21.6,23.0
2024-01-07 22:03:40,0.0,0.0,463.0,21.6,23.0
2024-01-07 22:13:40,0.0,0.0,464.0,21.6,23.0
2024-01-07 22:23:40,0.0,0.0,467.0,21.6,23.0
2024-01-07 22:33:40,0.0,0.0,445.0,21.6,23.0
2024-01-07 22:43:40,0.0,0.0,459.0,21.6,23.0
2024-01-07 22:53:40,0.0,0.0,449.0,21.6,23.0
2024-01-07 23:03:40,0.0,0.0,440.0,21.6,23.0
2024-01-07 23:13:40,0.0,0.0,448.0,21.6,23.0
2024-01-07 23:23:40,0.0,0.0,461.0,21.6,22.0
2024-01-07 23:33:40,0.0,0.0,455.0,21.6,23.0
2024-01-07 23:43:39,0.0,0.0,467.0,21.6,23.0
2024-01-07 23:53:39,0.0,0.0,451.0,21.6,23.0
2024-01-08 00:03:39,0.0,0.0,440.0,21.6,23.0
2024-01-08 00:13:39,0.0,0.0,449.0,21.6,22.0
2024-01-08 00:23:39,0.0,0.0,442.0,21.6,23.0
2024-01-08 00:33:39,0.0,0.0,424.0,21.6,22.0
2024-01-08 00:43:39,0.0,0.0,440.0,21.6,23.0
2024-01-08 00:53:39,0.0,0.0,444.0,21.6,23.0
2024-01-08 01:03:39,0.0,0.0,463.0,21.6,23.0
2024-01-08 01:13:39,0.0,0.0,451.0,21.6,23.0
2024-01-08 01:23:40,0.0,0.0,450.0,21.6,23.0
2024-01-08 01:33:39,0.0,0.0,439.0,21.6,23.0
2024-01-08 01:43:39,0.0,0.0,434.0,21.6,23.0
2024-01-08 01:53:39,0.0,0.0,436.0,21.6,23.0
2024-01-08 02:03:39,0.0,0.0,439.0,21.6,23.0
2024-01-08 02:13:39,0.0,0.0,436.0,21.6,22.0
2024-01-08 02:23:39,0.0,0.0,429.0,21.6,23.0
2024-01-08 02:33:39,0.0,0.0,427.0,21.6,22.0
2024-01-08 02:43:39,0.0,0.0,432.0,21.6,22.0
2024-01-08 02:53:39,0.0,0.0,431.0,21.6,22.0
2024-01-08 03:03:39,0.0,0.0,438.0,21.6,22.0
2024-01-08 03:13:39,0.0,0.0,436.0,21.6,22.0
2024-01-08 03:23:39,0.0,0.0,432.0,21.6,22.0
2024-01-08 03:33:39,0.0,0.0,441.0,21.6,22.0
2024-01-08 03:43:39,0.0,0.0,426.0,21.6,22.0
2024-01-08 03:53:39,0.0,0.0,434.0,21.6,22.0
2024-01-08 04:03:39,0.0,0.0,435.0,21.6,22.0
2024-01-08 04:13:39,0.0,0.0,419.0,21.6,22.0
2024-01-08 04:23:39,1.0,30.0,453.0,21.6,23.0
2024-01-08 04:33:39,0.0,30.0,469.0,21.6,23.0
2024-01-08 04:43:39,0.0,0.0,460.0,21.6,23.0
2024-01-08 04:53:39,0.0,0.0,475.0,21.6,23.0
2024-01-08 05:03:38,0.0,0.0,471.0,21.6,23.0
2024-01-08 05:13:38,0.0,0.0,452.0,21.6,23.0
2024-01-08 05:23:38,0.0,0.0,462.0,21.6,23.0
2024-01-08 05:33:38,0.0,0.0,481.0,21.6,23.0
2024-01-08 05:43:38,0.0,0.0,443.0,21.6,22.0
2024-01-08 05:53:38,0.0,0.0,439.0,21.6,22.0
2024-01-08 06:03:38,0.0,30.0,454.0,21.6,22.0
2024-01-08 06:13:38,0.0,26.0,456.0,21.6,23.0
2024-01-08 06:23:38,0.0,0.0,457.0,21.6,23.0
2024-01-08 06:33:38,0.0,30.0,479.0,21.6,23.0
2024-01-08 06:43:38,1.0,33.0,515.0,21.6,23.0
2024-01-08 06:53:38,1.0,30.0,556.0,21.6,23.0
2024-01-08 07:03:38,0.0,30.0,523.0,21.6,24.0
2024-01-08 07:13:38,3.0,30.0,497.0,21.6,23.0
2024-01-08 07:23:38,8.0,30.0,521.0,21.6,24.0
2024-01-08 07:33:38,3.0,30.0,538.0,21.6,24.0
2024-01-08 07:43:38,2.0,30.0,539.0,21.6,24.0
2024-01-08 07:53:38,5.0,30.0,596.0,21.5,24.0
2024-01-08 08:03:38,7.0,30.0,606.0,21.6,24.0
2024-01-08 08:23:38,1.0,37.0,576.0,21.8,23.0
2024-01-08 08:33:38,1.0,37.0,579.0,21.9,23.0
2024-01-08 08:43:38,5.0,37.0,626.0,21.8,24.0
2024-01-08 08:53:38,2.0,30.0,587.0,21.8,23.0
2024-01-08 09:03:38,5.0,30.0,571.0,21.7,22.0
2024-01-08 09:13:38,2.0,30.0,566.0,21.8,22.0
2024-01-08 09:23:38,2.0,33.0,609.0,21.9,22.0
2024-01-08 09:33:38,9.0,37.0,682.0,21.9,24.0
2024-01-08 09:43:38,0.0,33.0,595.0,21.9,22.0
2024-01-08 09:53:38,4.0,37.0,619.0,21.9,22.0
2024-01-08 10:03:38,2.0,33.0,608.0,21.9,22.0
2024-01-08 10:13:38,2.0,37.0,688.0,21.9,23.0
2024-01-08 10:23:38,1.0,40.0,636.0,21.9,22.0
2024-01-08 10:33:37,3.0,40.0,702.0,21.8,23.0
2024-01-08 10:43:37,8.0,50.0,832.0,21.9,24.0
2024-01-08 10:53:37,6.0,53.0,863.0,21.9,24.0
2024-01-08 11:03:37,2.0,57.0,780.0,21.9,24.0
2024-01-08 11:13:37,1.0,57.0,847.0,22.0,24.0
2024-01-08 11:23:37,2.0,63.0,711.0,22.0,23.0
2024-01-08 11:33:37,2.0,80.0,722.0,22.0,23.0
2024-01-08 11:43:37,5.0,63.0,887.0,21.9,25.0
2024-01-08 11:53:37,0.0,40.0,943.0,22.0,26.0
2024-01-08 12:03:37,6.0,67.0,771.0,22.1,24.0
2024-01-08 12:13:37,2.0,67.0,722.0,22.1,23.0
2024-01-08 12:23:38,4.0,60.0,726.0,22.1,23.0
2024-01-08 12:33:37,6.0,40.0,837.0,22.0,24.0
2024-01-08 12:43:37,5.0,33.0,870.0,22.0,25.0
2024-01-08 12:53:37,2.0,37.0,840.0,22.0,24.0
2024-01-08 13:03:37,2.0,37.0,885.0,22.0,25.0
2024-01-08 13:13:37,3.0,37.0,831.0,22.0,25.0
2024-01-08 13:23:37,0.0,37.0,1014.0,22.0,26.0
2024-01-08 13:33:37,2.0,37.0,830.0,22.0,25.0
2024-01-08 13:43:37,3.0,37.0,1002.0,22.1,26.0
2024-01-08 13:53:37,0.0,37.0,993.0,22.1,26.0
2024-01-08 14:03:37,4.0,33.0,1090.0,22.0,26.0
2024-01-08 14:13:37,4.0,33.0,1140.0,22.1,27.0
2024-01-08 14:23:37,3.0,33.0,1176.0,22.1,27.0
2024-01-08 14:33:37,2.0,33.0,1142.0,22.0,27.0
2024-01-08 14:43:37,2.0,33.0,1062.0,22.0,27.0
2024-01-08 14:53:37,2.0,33.0,1144.0,22.0,27.0
2024-01-08 15:03:37,3.0,30.0,1041.0,22.0,27.0
2024-01-08 15:13:37,1.0,33.0,1337.0,22.1,28.0
2024-01-08 15:23:37,0.0,33.0,1314.0,22.0,28.0
2024-01-08 15:33:37,3.0,33.0,1185.0,22.0,28.0
2024-01-08 15:43:37,2.0,33.0,1168.0,22.0,28.0
2024-01-08 15:53:36,3.0,33.0,1143.0,22.0,28.0
2024-01-08 16:03:36,2.0,33.0,1070.0,22.0,27.0
2024-01-08 16:13:36,1.0,30.0,1174.0,22.0,28.0
2024-01-08 16:23:37,3.0,33.0,1156.0,22.1,28.0
2024-01-08 16:33:36,2.0,30.0,932.0,22.1,26.0
2024-01-08 16:43:36,0.0,30.0,767.0,22.1,25.0
2024-01-08 16:53:36,0.0,30.0,737.0,22.1,24.0
2024-01-08 17:03:36,0.0,30.0,1133.0,22.1,26.0
2024-01-08 17:13:36,3.0,26.0,1049.0,22.2,25.0
2024-01-08 17:23:36,2.0,30.0,819.0,22.1,24.0
2024-01-08 17:33:36,0.0,0.0,948.0,22.2,26.0
2024-01-08 17:43:36,0.0,0.0,904.0,22.1,26.0
2024-01-08 18:03:36,0.0,0.0,855.0,22.1,25.0
2024-01-08 18:13:36,0.0,6.0,843.0,22.1,25.0
2024-01-08 18:23:36,4.0,30.0,841.0,22.1,25.0
2024-01-08 18:33:36,0.0,30.0,839.0,22.1,25.0
2024-01-08 18:43:36,0.0,0.0,811.0,22.1,25.0
2024-01-08 18:53:36,0.0,0.0,803.0,22.1,25.0
2024-01-08 19:03:36,0.0,0.0,771.0,22.1,25.0
2024-01-08 19:13:36,0.0,0.0,745.0,22.1,25.0
2024-01-08 19:23:36,3.0,30.0,751.0,22.1,25.0
2024-01-08 19:33:36,1.0,30.0,764.0,22.1,25.0
2024-01-08 19:43:36,0.0,0.0,714.0,22.1,24.0
2024-01-08 19:53:36,0.0,0.0,665.0,22.0,24.0
2024-01-08 20:03:36,0.0,0.0,659.0,22.1,24.0
2024-01-08 20:13:36,0.0,0.0,629.0,22.0,24.0
2024-01-08 20:23:36,0.0,0.0,613.0,22.0,24.0
2024-01-08 20:33:36,0.0,0.0,608.0,22.1,24.0
2024-01-08 20:43:36,0.0,0.0,592.0,22.0,24.0
2024-01-08 20:53:36,0.0,0.0,593.0,22.0,24.0
2024-01-08 21:03:36,0.0,0.0,577.0,22.1,23.0
2024-01-08 21:13:36,0.0,0.0,572.0,22.0,23.0
2024-01-08 21:23:35,0.0,0.0,568.0,22.1,23.0
2024-01-08 21:33:35,0.0,0.0,564.0,22.0,23.0
2024-01-08 21:43:35,0.0,0.0,565.0,22.0,23.0
2024-01-08 21:53:35,1.0,30.0,561.0,22.0,23.0
2024-01-08 22:03:35,0.0,30.0,566.0,22.0,23.0
2024-01-08 22:13:35,0.0,0.0,542.0,22.1,23.0
2024-01-08 22:23:35,0.0,0.0,545.0,22.1,23.0
2024-01-08 22:33:35,0.0,0.0,528.0,22.0,23.0
2024-01-08 22:43:35,0.0,0.0,511.0,22.0,23.0
2024-01-08 22:53:35,0.0,0.0,525.0,22.0,23.0
2024-01-08 23:03:35,0.0,0.0,525.0,22.0,23.0
2024-01-08 23:13:35,0.0,0.0,529.0,22.1,23.0
2024-01-08 23:23:35,0.0,0.0,521.0,22.0,23.0
2024-01-08 23:33:35,0.0,0.0,508.0,22.0,23.0
2024-01-08 23:43:35,0.0,0.0,502.0,22.0,23.0
2024-01-08 23:53:35,0.0,0.0,499.0,22.0,23.0
2024-01-09 00:03:35,0.0,0.0,511.0,22.1,23.0
2024-01-09 00:13:35,0.0,0.0,490.0,22.0,23.0
2024-01-09 00:23:35,0.0,0.0,488.0,22.0,23.0
2024-01-09 00:33:35,0.0,0.0,506.0,22.0,23.0
2024-01-09 00:43:35,0.0,0.0,480.0,22.0,23.0
2024-01-09 00:53:35,0.0,0.0,507.0,22.0,23.0
2024-01-09 01:03:35,0.0,0.0,493.0,22.0,23.0
2024-01-09 01:13:35,0.0,0.0,491.0,22.0,23.0
2024-01-09 01:23:35,0.0,0.0,495.0,22.0,23.0
2024-01-09 01:33:35,0.0,0.0,468.0,22.0,23.0
2024-01-09 01:43:35,0.0,0.0,490.0,22.0,23.0
2024-01-09 01:53:35,0.0,0.0,466.0,22.0,23.0
2024-01-09 02:03:35,0.0,0.0,469.0,22.0,23.0
2024-01-09 02:13:35,0.0,0.0,454.0,22.0,23.0
2024-01-09 02:23:35,0.0,0.0,477.0,22.0,23.0
2024-01-09 02:33:35,0.0,0.0,468.0,22.0,23.0
2024-01-09 02:43:35,0.0,0.0,453.0,22.0,23.0
2024-01-09 02:53:34,0.0,0.0,461.0,22.0,23.0
2024-01-09 03:03:34,0.0,0.0,483.0,22.0,23.0
2024-01-09 03:13:34,0.0,26.0,477.0,22.0,23.0
2024-01-09 03:23:34,1.0,30.0,482.0,22.0,23.0
2024-01-09 03:33:34,0.0,0.0,467.0,22.0,23.0
2024-01-09 03:43:35,0.0,0.0,467.0,22.0,24.0
2024-01-09 03:53:34,0.0,0.0,474.0,22.0,24.0
2024-01-09 04:03:34,0.0,0.0,469.0,22.1,24.0
2024-01-09 04:13:34,2.0,26.0,473.0,22.1,24.0
2024-01-09 04:23:34,1.0,30.0,488.0,22.0,25.0
2024-01-09 04:33:34,0.0,0.0,499.0,22.1,25.0
2024-01-09 04:43:34,0.0,0.0,470.0,22.1,25.0
2024-01-09 04:53:34,0.0,0.0,454.0,22.1,25.0
2024-01-09 05:03:34,0.0,0.0,479.0,22.1,25.0
2024-01-09 05:13:34,0.0,0.0,480.0,22.1,25.0
2024-01-09 05:23:34,0.0,0.0,458.0,22.0,25.0
2024-01-09 05:33:34,0.0,0.0,440.0,22.1,24.0
2024-01-09 05:43:34,0.0,0.0,467.0,22.0,24.0
2024-01-09 05:53:34,0.0,0.0,463.0,22.0,24.0
2024-01-09 06:03:34,0.0,0.0,466.0,22.1,24.0
2024-01-09 06:13:34,1.0,30.0,445.0,22.0,24.0
2024-01-09 06:23:34,0.0,30.0,449.0,22.1,24.0
2024-01-09 06:33:34,0.0,0.0,470.0,22.1,25.0
2024-01-09 06:43:34,0.0,0.0,483.0,22.1,25.0
2024-01-09 06:53:34,0.0,30.0,506.0,22.1,25.0
2024-01-09 07:03:34,0.0,30.0,512.0,22.1,25.0
2024-01-09 07:13:34,2.0,33.0,507.0,22.1,25.0
2024-01-09 07:23:34,1.0,33.0,527.0,22.1,25.0
2024-01-09 07:33:34,0.0,26.0,545.0,22.1,25.0
2024-01-09 07:43:34,5.0,30.0,509.0,22.1,26.0
2024-01-09 07:53:34,1.0,30.0,535.0,22.1,27.0
2024-01-09 08:03:34,0.0,30.0,518.0,22.2,27.0
2024-01-09 08:13:34,1.0,26.0,622.0,22.1,28.0
2024-01-09 08:23:33,3.0,23.0,597.0,22.1,27.0
2024-01-09 08:33:33,4.0,30.0,559.0,22.1,27.0
2024-01-09 08:43:33,1.0,30.0,581.0,22.2,26.0
2024-01-09 08:53:33,1.0,30.0,574.0,22.2,26.0
2024-01-09 09:03:33,4.0,26.0,597.0,22.2,26.0
2024-01-09 09:13:33,3.0,30.0,549.0,22.2,25.0
2024-01-09 09:23:33,3.0,30.0,580.0,22.2,25.0
2024-01-09 09:33:33,10.0,30.0,693.0,22.2,26.0
2024-01-09 09:43:33,0.0,30.0,717.0,22.1,27.0
2024-01-09 09:53:33,0.0,30.0,721.0,22.1,27.0
2024-01-09 10:03:33,0.0,30.0,723.0,22.1,27.0
2024-01-09 10:13:33,0.0,30.0,877.0,22.1,28.0
2024-01-09 10:23:33,2.0,30.0,899.0,22.1,28.0
2024-01-09 10:33:33,3.0,30.0,840.0,22.1,28.0
2024-01-09 10:43:34,1.0,30.0,843.0,22.1,28.0
2024-01-09 10:53:33,4.0,30.0,841.0,22.1,28.0
2024-01-09 11:03:33,5.0,30.0,1062.0,22.1,29.0
2024-01-09 11:13:33,1.0,30.0,885.0,22.2,29.0
2024-01-09 11:23:33,2.0,33.0,819.0,22.2,28.0
2024-01-09 11:33:33,5.0,33.0,850.0,22.2,28.0
2024-01-09 11:43:33,8.0,33.0,845.0,22.2,28.0
2024-01-09 11:53:33,5.0,30.0,790.0,22.2,27.0
2024-01-09 12:03:33,6.0,33.0,753.0,22.3,27.0
2024-01-09 12:13:33,6.0,33.0,719.0,22.3,26.0
2024-01-09 12:23:33,1.0,33.0,666.0,22.3,26.0
2024-01-09 12:33:33,4.0,33.0,682.0,22.2,26.0
2024-01-09 12:43:33,2.0,33.0,698.0,22.2,25.0
2024-01-09 12:53:33,1.0,33.0,663.0,22.2,25.0
2024-01-09 13:03:33,2.0,33.0,669.0,22.3,25.0
2024-01-09 13:13:33,4.0,33.0,734.0,22.3,26.0
2024-01-09 13:23:33,2.0,33.0,726.0,22.2,25.0
2024-01-09 13:33:33,2.0,33.0,685.0,22.3,25.0
2024-01-09 13:43:33,1.0,33.0,704.0,22.3,25.0
2024-01-09 13:53:32,7.0,37.0,1006.0,22.3,26.0
2024-01-09 14:03:32,5.0,33.0,805.0,22.3,26.0
2024-01-09 14:13:32,3.0,33.0,803.0,22.3,26.0
2024-01-09 14:23:32,0.0,37.0,789.0,22.3,26.0
2024-01-09 14:33:32,5.0,26.0,720.0,22.2,25.0
2024-01-09 14:43:32,2.0,30.0,705.0,22.2,25.0
2024-01-09 14:53:32,2.0,30.0,714.0,22.2,25.0
2024-01-09 15:03:32,0.0,30.0,693.0,22.2,25.0
2024-01-09 15:13:32,4.0,30.0,699.0,22.2,25.0
2024-01-09 15:23:32,1.0,30.0,869.0,22.3,26.0
2024-01-09 15:33:32,0.0,30.0,1234.0,22.3,28.0
2024-01-09 15:43:32,1.0,30.0,818.0,22.3,26.0
2024-01-09 15:53:32,3.0,30.0,813.0,22.3,26.0
2024-01-09 16:03:32,2.0,30.0,841.0,22.3,26.0
2024-01-09 16:13:32,1.0,30.0,793.0,22.3,25.0
2024-01-09 16:23:32,6.0,30.0,910.0,22.3,26.0
2024-01-09 16:33:32,0.0,30.0,887.0,22.3,26.0
2024-01-09 16:43:32,1.0,30.0,875.0,22.3,26.0
2024-01-09 16:53:32,2.0,30.0,887.0,22.4,26.0
2024-01-09 17:03:32,0.0,30.0,879.0,22.3,26.0
2024-01-09 17:13:32,1.0,30.0,859.0,22.4,26.0
2024-01-09 17:23:32,1.0,30.0,880.0,22.3,26.0
2024-01-09 17:33:32,0.0,3.0,905.0,22.3,26.0
2024-01-09 17:43:32,0.0,3.0,886.0,22.3,27.0
2024-01-09 17:53:32,1.0,3.0,823.0,22.2,27.0
2024-01-09 18:03:32,0.0,3.0,737.0,22.2,26.0
2024-01-09 18:13:32,1.0,3.0,791.0,22.2,26.0
2024-01-09 18:23:32,0.0,3.0,767.0,22.2,25.0
2024-01-09 18:33:32,0.0,3.0,729.0,22.3,25.0
2024-01-09 18:43:32,0.0,3.0,740.0,22.3,25.0
2024-01-09 18:53:32,0.0,3.0,709.0,22.3,25.0
2024-01-09 19:03:32,0.0,3.0,710.0,22.3,25.0
2024-01-09 19:13:32,0.0,3.0,704.0,22.3,25.0
2024-01-09 19:23:31,0.0,3.0,704.0,22.3,25.0
2024-01-09 19:33:31,0.0,3.0,702.0,22.3,25.0
2024-01-09 19:43:31,0.0,3.0,683.0,22.3,25.0
2024-01-09 19:53:31,1.0,3.0,657.0,22.3,25.0
2024-01-09 20:03:31,0.0,3.0,660.0,22.3,25.0
2024-01-09 20:13:31,0.0,3.0,668.0,22.3,25.0
2024-01-09 20:23:31,0.0,3.0,642.0,22.3,25.0
2024-01-09 20:33:31,0.0,3.0,642.0,22.3,25.0
2024-01-09 20:43:31,0.0,0.0,626.0,22.2,25.0
2024-01-09 20:53:31,0.0,0.0,655.0,22.2,25.0
2024-01-09 21:03:31,0.0,0.0,661.0,22.2,25.0
2024-01-09 21:13:31,0.0,0.0,670.0,22.2,25.0
2024-01-09 21:23:31,1.0,26.0,668.0,22.1,26.0
2024-01-09 21:33:31,1.0,26.0,654.0,22.1,26.0
2024-01-09 21:43:31,0.0,0.0,661.0,22.1,26.0
2024-01-09 21:53:31,0.0,0.0,619.0,22.1,26.0
2024-01-09 22:03:31,0.0,0.0,612.0,22.1,26.0
2024-01-09 22:13:31,0.0,0.0,613.0,22.1,26.0
2024-01-09 22:23:31,0.0,0.0,638.0,22.0,26.0
2024-01-09 22:33:31,0.0,0.0,624.0,22.0,26.0
2024-01-09 22:43:31,1.0,23.0,621.0,22.1,26.0
2024-01-09 22:53:31,1.0,26.0,617.0,22.0,26.0
2024-01-09 23:03:31,0.0,0.0,907.0,22.1,27.0
2024-01-09 23:13:31,0.0,0.0,878.0,22.1,28.0
2024-01-09 23:23:31,0.0,0.0,811.0,22.1,28.0
2024-01-09 23:43:31,1.0,26.0,731.0,22.1,27.0
2024-01-09 23:53:31,0.0,26.0,730.0,22.1,27.0
2024-01-10 00:03:31,0.0,0.0,684.0,22.0,27.0
2024-01-10 00:13:31,0.0,0.0,681.0,22.1,27.0
2024-01-10 00:23:31,0.0,0.0,660.0,22.0,27.0
2024-01-10 00:33:31,0.0,0.0,664.0,22.0,27.0
2024-01-10 00:43:31,0.0,0.0,649.0,22.0,27.0
2024-01-10 00:53:30,0.0,0.0,625.0,22.0,27.0
2024-01-10 01:03:30,0.0,0.0,613.0,22.0,26.0
2024-01-10 01:13:30,0.0,0.0,599.0,22.0,26.0
2024-01-10 01:23:30,0.0,0.0,591.0,22.0,26.0
2024-01-10 01:33:30,0.0,0.0,596.0,22.0,26.0
2024-01-10 01:43:30,0.0,0.0,575.0,22.0,26.0
2024-01-10 01:53:30,0.0,0.0,565.0,22.0,26.0
2024-01-10 02:03:30,1.0,20.0,560.0,21.9,26.0
2024-01-10 02:13:30,0.0,33.0,586.0,22.0,26.0
2024-01-10 02:23:30,0.0,0.0,560.0,22.0,26.0
2024-01-10 02:33:30,0.0,0.0,548.0,21.9,26.0
2024-01-10 02:43:30,0.0,26.0,528.0,21.9,26.0
2024-01-10 02:53:30,0.0,26.0,544.0,22.0,26.0
2024-01-10 03:03:30,1.0,23.0,531.0,22.0,26.0
2024-01-10 03:13:30,1.0,33.0,535.0,21.9,26.0
2024-01-10 03:23:30,0.0,6.0,572.0,21.9,26.0
2024-01-10 03:33:30,0.0,6.0,581.0,21.9,26.0
2024-01-10 03:43:30,0.0,6.0,623.0,22.0,27.0
2024-01-10 03:53:30,0.0,6.0,592.0,22.0,27.0
2024-01-10 04:03:30,0.0,6.0,628.0,22.0,27.0
2024-01-10 04:13:30,0.0,6.0,625.0,22.0,27.0
2024-01-10 04:23:30,1.0,26.0,582.0,22.0,27.0
2024-01-10 04:33:30,0.0,26.0,556.0,22.0,27.0
2024-01-10 04:43:30,1.0,0.0,598.0,22.0,27.0
2024-01-10 04:53:30,0.0,0.0,567.0,22.0,27.0
2024-01-10 05:03:30,0.0,0.0,553.0,22.0,27.0
2024-01-10 05:13:30,0.0,3.0,538.0,22.0,27.0
2024-01-10 05:23:30,0.0,0.0,557.0,22.0,27.0
2024-01-10 05:33:30,1.0,16.0,545.0,21.9,27.0
2024-01-10 05:43:30,0.0,26.0,539.0,22.0,27.0
2024-01-10 05:53:30,0.0,0.0,518.0,22.0,27.0
2024-01-10 06:03:30,1.0,26.0,528.0,22.0,27.0
2024-01-10 06:13:29,0.0,26.0,535.0,22.0,27.0
2024-01-10 06:23:29,0.0,0.0,530.0,21.9,27.0
2024-01-10 06:33:29,1.0,26.0,546.0,22.0,27.0
2024-01-10 06:43:29,0.0,26.0,542.0,22.0,27.0
2024-01-10 06:53:29,0.0,26.0,543.0,22.0,27.0
2024-01-10 07:03:29,2.0,26.0,579.0,22.0,27.0
2024-01-10 07:13:29,3.0,26.0,619.0,22.0,28.0
2024-01-10 07:23:29,3.0,26.0,636.0,22.0,28.0
2024-01-10 07:33:29,2.0,26.0,614.0,21.9,28.0
2024-01-10 07:43:29,0.0,26.0,616.0,22.0,28.0
2024-01-10 07:53:29,1.0,26.0,660.0,22.0,28.0
2024-01-10 08:03:29,7.0,30.0,615.0,22.0,28.0
2024-01-10 08:13:29,2.0,30.0,574.0,22.0,27.0
2024-01-10 08:23:29,4.0,30.0,664.0,22.1,27.0
2024-01-10 08:33:29,3.0,30.0,729.0,22.1,28.0
2024-01-10 08:43:29,6.0,33.0,758.0,22.0,29.0
2024-01-10 08:53:29,3.0,33.0,825.0,22.1,29.0
2024-01-10 09:03:29,5.0,37.0,845.0,22.0,30.0
2024-01-10 09:13:29,4.0,33.0,902.0,22.1,30.0
2024-01-10 09:23:29,4.0,33.0,943.0,22.0,31.0
2024-01-10 09:33:29,1.0,33.0,896.0,22.1,30.0
2024-01-10 09:43:29,4.0,33.0,715.0,22.1,29.0
2024-01-10 09:53:29,2.0,33.0,753.0,22.2,28.0
2024-01-10 10:03:29,1.0,33.0,809.0,22.2,28.0
2024-01-10 10:13:29,3.0,33.0,808.0,22.2,28.0
2024-01-10 10:23:29,1.0,33.0,803.0,22.2,28.0
2024-01-10 10:33:29,3.0,33.0,1047.0,22.2,30.0
2024-01-10 10:43:29,2.0,30.0,1133.0,22.2,31.0
2024-01-10 10:53:29,1.0,33.0,1001.0,22.1,30.0
2024-01-10 11:03:29,3.0,33.0,1012.0,22.1,30.0
2024-01-10 11:13:29,5.0,33.0,1018.0,22.1,31.0
2024-01-10 11:23:29,0.0,33.0,1004.0,22.1,31.0
2024-01-10 11:33:29,0.0,33.0,1044.0,22.1,31.0
2024-01-10 11:43:28,4.0,26.0,933.0,22.0,30.0
2024-01-10 11:53:29,5.0,26.0,746.0,22.0,29.0
2024-01-10 12:03:28,0.0,26.0,709.0,22.2,28.0
2024-01-10 12:13:28,1.0,26.0,771.0,22.2,28.0
2024-01-10 12:23:29,3.0,30.0,779.0,22.2,28.0
2024-01-10 12:33:28,6.0,30.0,771.0,22.3,27.0
2024-01-10 12:43:28,4.0,30.0,824.0,22.3,28.0
2024-01-10 12:53:29,3.0,30.0,741.0,22.3,27.0
2024-01-10 13:03:28,5.0,33.0,761.0,22.3,27.0
2024-01-10 13:13:28,2.0,33.0,729.0,22.3,27.0
2024-01-10 13:23:28,3.0,33.0,708.0,22.3,27.0
2024-01-10 13:33:28,0.0,33.0,712.0,22.4,27.0
2024-01-10 13:43:28,3.0,33.0,748.0,22.4,27.0
2024-01-10 13:53:28,5.0,33.0,719.0,22.3,27.0
2024-01-10 14:03:28,5.0,33.0,736.0,22.3,27.0
2024-01-10 14:13:28,0.0,33.0,734.0,22.3,27.0
2024-01-10 14:23:28,0.0,33.0,744.0,22.4,27.0
2024-01-10 14:33:28,0.0,33.0,746.0,22.4,27.0
2024-01-10 14:43:28,4.0,30.0,738.0,22.4,27.0
2024-01-10 14:53:28,2.0,30.0,783.0,22.4,27.0
2024-01-10 15:03:28,3.0,30.0,804.0,22.4,27.0
2024-01-10 15:13:28,0.0,30.0,684.0,22.4,26.0
2024-01-10 15:23:28,5.0,30.0,783.0,22.4,27.0
2024-01-10 15:33:28,2.0,30.0,696.0,22.4,26.0
2024-01-10 15:43:28,1.0,30.0,685.0,22.4,26.0
2024-01-10 15:53:28,1.0,30.0,710.0,22.4,26.0
2024-01-10 16:03:28,3.0,30.0,845.0,22.3,27.0
2024-01-10 16:13:28,3.0,30.0,1692.0,22.4,31.0
2024-01-10 16:23:28,1.0,30.0,715.0,22.4,27.0
2024-01-10 16:33:28,1.0,30.0,749.0,22.4,27.0
2024-01-10 16:43:28,3.0,30.0,788.0,22.4,27.0
2024-01-10 16:53:28,5.0,30.0,825.0,22.4,27.0
2024-01-10 17:03:28,4.0,26.0,952.0,22.4,28.0
2024-01-10 17:13:27,2.0,26.0,803.0,22.4,27.0
2024-01-10 17:23:27,0.0,26.0,768.0,22.5,27.0
2024-01-10 17:33:27,0.0,3.0,770.0,22.5,27.0
2024-01-10 17:43:27,0.0,0.0,774.0,22.4,27.0
2024-01-10 17:53:28,0.0,0.0,889.0,22.4,28.0
2024-01-10 18:03:27,0.0,0.0,927.0,22.3,29.0
2024-01-10 18:13:27,1.0,26.0,889.0,22.3,29.0
2024-01-10 18:23:27,0.0,26.0,886.0,22.3,29.0
2024-01-10 18:33:27,0.0,0.0,885.0,22.3,29.0
2024-01-10 18:43:27,1.0,0.0,855.0,22.3,29.0
2024-01-10 18:53:27,0.0,0.0,855.0,22.3,29.0
2024-01-10 19:03:27,1.0,23.0,833.0,22.2,29.0
2024-01-10 19:13:27,0.0,30.0,810.0,22.2,29.0
2024-01-10 19:23:27,0.0,0.0,707.0,22.2,28.0
2024-01-10 19:33:27,0.0,0.0,668.0,22.2,28.0
2024-01-10 19:43:27,0.0,0.0,653.0,22.2,27.0
2024-01-10 19:53:27,0.0,0.0,652.0,22.2,27.0
2024-01-10 20:03:27,0.0,0.0,613.0,22.2,27.0
2024-01-10 20:13:27,1.0,20.0,643.0,22.3,27.0
2024-01-10 20:23:27,3.0,30.0,690.0,22.1,27.0
2024-01-10 20:33:27,0.0,0.0,613.0,22.2,27.0
2024-01-10 20:43:27,0.0,0.0,578.0,22.2,26.0
2024-01-10 20:53:27,0.0,0.0,541.0,22.2,26.0
2024-01-10 21:03:27,0.0,0.0,531.0,22.1,26.0
2024-01-10 21:13:27,0.0,0.0,520.0,22.1,26.0
2024-01-10 21:23:27,0.0,0.0,513.0,22.1,26.0
2024-01-10 21:33:27,0.0,0.0,512.0,22.1,26.0
2024-01-10 21:43:27,0.0,0.0,512.0,22.2,26.0
2024-01-10 21:53:27,0.0,0.0,497.0,22.1,26.0
2024-01-10 22:03:27,0.0,0.0,492.0,22.1,25.0
2024-01-10 22:13:27,0.0,0.0,494.0,22.1,25.0
2024-01-10 22:23:27,0.0,0.0,464.0,22.1,25.0
2024-01-10 22:33:26,0.0,0.0,473.0,22.1,25.0
2024-01-10 22:43:26,0.0,0.0,479.0,22.1,25.0
2024-01-10 22:53:26,0.0,0.0,475.0,22.1,25.0
2024-01-10 23:03:26,0.0,0.0,472.0,22.1,25.0
2024-01-10 23:13:26,1.0,30.0,506.0,22.0,25.0
2024-01-10 23:23:26,1.0,30.0,527.0,22.0,26.0
2024-01-10 23:33:26,0.0,0.0,476.0,22.1,25.0
2024-01-10 23:43:26,0.0,0.0,475.0,22.1,25.0
2024-01-10 23:53:26,0.0,0.0,464.0,22.1,25.0
2024-01-11 00:03:26,0.0,0.0,470.0,22.1,25.0
2024-01-11 00:13:26,0.0,0.0,477.0,22.1,25.0
2024-01-11 00:23:26,0.0,0.0,463.0,22.1,25.0
2024-01-11 00:33:26,0.0,0.0,448.0,22.1,25.0
2024-01-11 00:43:26,0.0,0.0,462.0,22.1,25.0
2024-01-11 00:53:26,0.0,0.0,469.0,22.0,25.0
2024-01-11 01:03:26,0.0,0.0,457.0,22.1,25.0
2024-01-11 01:13:26,0.0,0.0,459.0,22.0,25.0
2024-01-11 01:23:26,0.0,0.0,447.0,22.0,25.0
2024-01-11 01:33:26,0.0,0.0,448.0,22.0,25.0
2024-01-11 01:43:26,0.0,0.0,440.0,22.0,25.0
2024-01-11 01:53:26,0.0,0.0,432.0,22.0,25.0
2024-01-11 02:03:26,0.0,0.0,447.0,22.0,25.0
2024-01-11 02:13:26,0.0,0.0,456.0,22.0,25.0
2024-01-11 02:23:26,0.0,0.0,441.0,22.0,25.0
2024-01-11 02:33:26,0.0,0.0,427.0,22.0,25.0
2024-01-11 02:43:26,0.0,0.0,431.0,22.0,25.0
2024-01-11 02:53:26,0.0,0.0,433.0,22.0,25.0
2024-01-11 03:03:26,2.0,26.0,454.0,22.0,26.0
2024-01-11 03:13:26,0.0,30.0,441.0,22.0,25.0
2024-01-11 03:23:26,0.0,0.0,439.0,22.0,25.0
2024-01-11 03:33:26,0.0,0.0,449.0,22.0,25.0
2024-01-11 03:43:26,0.0,0.0,420.0,21.9,26.0
2024-01-11 03:53:25,0.0,0.0,441.0,22.0,26.0
2024-01-11 04:03:25,1.0,30.0,453.0,22.0,26.0
2024-01-11 04:13:26,1.0,30.0,465.0,22.0,26.0
2024-01-11 04:23:25,0.0,0.0,437.0,22.0,26.0
2024-01-11 04:33:25,0.0,0.0,452.0,22.0,26.0
2024-01-11 04:43:25,0.0,0.0,429.0,22.0,26.0
2024-01-11 04:53:25,0.0,0.0,431.0,22.0,26.0
2024-01-11 05:03:25,0.0,0.0,428.0,22.0,26.0
2024-01-11 05:13:25,0.0,0.0,435.0,22.0,26.0
2024-01-11 05:23:25,0.0,0.0,432.0,22.0,26.0
2024-01-11 05:33:25,0.0,0.0,417.0,22.0,26.0
2024-01-11 05:43:25,1.0,30.0,458.0,22.0,26.0
2024-01-11 05:53:25,0.0,30.0,445.0,22.0,26.0
2024-01-11 06:03:25,0.0,0.0,427.0,22.0,26.0
2024-01-11 06:13:25,0.0,0.0,486.0,22.0,27.0
2024-01-11 06:23:25,1.0,26.0,464.0,22.0,27.0
2024-01-11 06:33:25,0.0,30.0,504.0,22.0,27.0
2024-01-11 06:43:25,1.0,26.0,491.0,22.0,27.0
2024-01-11 06:53:25,0.0,30.0,586.0,22.1,28.0
2024-01-11 07:03:25,1.0,30.0,623.0,22.0,29.0
2024-01-11 07:13:25,0.0,30.0,561.0,22.0,29.0
2024-01-11 07:23:25,0.0,30.0,564.0,22.0,28.0
2024-01-11 07:33:25,0.0,30.0,557.0,22.0,28.0
2024-01-11 07:43:25,2.0,30.0,522.0,22.0,28.0
2024-01-11 07:53:25,0.0,30.0,458.0,22.1,26.0
2024-01-11 08:03:25,2.0,30.0,576.0,22.1,27.0
2024-01-11 08:13:25,3.0,30.0,589.0,22.1,28.0
2024-01-11 08:23:25,1.0,33.0,627.0,22.0,29.0
2024-01-11 08:33:25,4.0,30.0,611.0,22.0,29.0
2024-01-11 08:43:25,3.0,33.0,565.0,21.9,28.0
2024-01-11 08:53:25,3.0,37.0,586.0,22.0,28.0
2024-01-11 09:03:25,3.0,37.0,591.0,21.9,28.0
2024-01-11 09:13:25,1.0,37.0,654.0,22.0,29.0
2024-01-11 09:23:25,9.0,37.0,637.0,22.0,29.0
2024-01-11 09:33:24,5.0,37.0,614.0,22.1,28.0
2024-01-11 09:43:24,2.0,37.0,568.0,22.1,27.0
2024-01-11 09:53:24,2.0,37.0,602.0,22.1,27.0
2024-01-11 10:03:25,4.0,37.0,611.0,22.1,27.0
2024-01-11 10:13:24,3.0,37.0,613.0,22.2,27.0
2024-01-11 10:23:24,1.0,37.0,597.0,22.2,27.0
2024-01-11 10:33:24,2.0,40.0,638.0,22.2,27.0
2024-01-11 10:43:24,2.0,47.0,765.0,22.3,28.0
2024-01-11 10:53:24,5.0,47.0,897.0,22.1,29.0
2024-01-11 11:03:24,3.0,53.0,869.0,22.2,30.0
2024-01-11 11:13:24,5.0,57.0,980.0,22.2,31.0
2024-01-11 11:23:24,2.0,63.0,881.0,22.1,30.0
2024-01-11 11:33:24,2.0,90.0,924.0,22.2,30.0
2024-01-11 11:43:24,9.0,87.0,915.0,22.2,30.0
2024-01-11 11:53:24,4.0,70.0,592.0,22.2,28.0
2024-01-11 12:03:24,2.0,90.0,656.0,22.3,28.0
2024-01-11 12:13:24,3.0,94.0,720.0,22.4,27.0
2024-01-11 12:23:24,3.0,90.0,728.0,22.4,27.0
2024-01-11 12:33:24,10.0,63.0,749.0,22.4,28.0
2024-01-11 12:43:24,1.0,47.0,712.0,22.4,27.0
2024-01-11 12:53:24,3.0,33.0,722.0,22.4,27.0
2024-01-11 13:03:24,6.0,37.0,768.0,22.4,28.0
2024-01-11 13:13:24,2.0,33.0,922.0,22.4,28.0
2024-01-11 13:23:24,1.0,33.0,908.0,22.3,29.0
2024-01-11 13:33:24,2.0,33.0,1045.0,22.3,30.0
2024-01-11 13:43:24,3.0,33.0,982.0,22.2,30.0
2024-01-11 13:53:24,1.0,33.0,986.0,22.3,30.0
2024-01-11 14:03:24,0.0,33.0,1063.0,22.2,31.0
2024-01-11 14:13:24,4.0,26.0,867.0,22.2,30.0
2024-01-11 14:23:24,0.0,33.0,758.0,22.4,28.0
2024-01-11 14:33:24,3.0,33.0,787.0,22.4,28.0
2024-01-11 14:43:24,0.0,33.0,817.0,22.5,28.0
2024-01-11 14:53:24,3.0,33.0,822.0,22.5,28.0
2024-01-11 15:03:23,6.0,33.0,869.0,22.4,28.0
2024-01-11 15:13:23,8.0,33.0,1133.0,22.4,30.0
2024-01-11 15:23:23,1.0,30.0,936.0,22.5,28.0
2024-01-11 15:33:23,5.0,30.0,845.0,22.5,28.0
2024-01-11 15:43:23,4.0,30.0,846.0,22.5,28.0
2024-01-11 15:53:23,7.0,30.0,914.0,22.6,28.0
2024-01-11 16:03:23,1.0,30.0,869.0,22.6,28.0
2024-01-11 16:13:23,1.0,26.0,851.0,22.6,27.0
2024-01-11 16:23:23,3.0,30.0,952.0,22.6,28.0
2024-01-11 16:33:23,0.0,26.0,906.0,22.6,28.0
2024-01-11 16:43:23,1.0,26.0,954.0,22.6,28.0
2024-01-11 16:53:23,1.0,26.0,959.0,22.6,28.0
2024-01-11 17:03:23,0.0,26.0,1046.0,22.5,29.0
2024-01-11 17:13:23,0.0,26.0,1083.0,22.5,29.0
2024-01-11 17:23:23,1.0,26.0,1025.0,22.4,29.0
2024-01-11 17:33:23,0.0,0.0,1081.0,22.4,30.0
2024-01-11 17:43:23,2.0,30.0,991.0,22.3,30.0
2024-01-11 17:53:23,0.0,26.0,1077.0,22.4,30.0
2024-01-11 18:03:23,0.0,0.0,1088.0,22.4,30.0
2024-01-11 18:13:23,2.0,26.0,1107.0,22.4,30.0
2024-01-11 18:23:23,1.0,30.0,1046.0,22.3,30.0
2024-01-11 18:33:23,0.0,0.0,1013.0,22.3,30.0
2024-01-11 18:43:23,0.0,0.0,1020.0,22.3,30.0
2024-01-11 18:53:23,0.0,0.0,1053.0,22.3,30.0
2024-01-11 19:03:23,0.0,0.0,1044.0,22.4,30.0
2024-01-11 19:13:23,0.0,20.0,953.0,22.3,30.0
2024-01-11 19:23:23,2.0,30.0,882.0,22.3,29.0
2024-01-11 19:33:23,0.0,0.0,791.0,22.3,29.0
2024-01-11 19:43:23,0.0,0.0,826.0,22.3,29.0
2024-01-11 19:53:23,0.0,0.0,882.0,22.4,29.0
2024-01-11 20:03:23,0.0,0.0,857.0,22.3,29.0
2024-01-11 20:13:23,0.0,0.0,818.0,22.3,28.0
2024-01-11 20:23:22,0.0,0.0,755.0,22.3,28.0
2024-01-11 20:33:22,0.0,0.0,760.0,22.3,28.0
2024-01-11 20:43:22,1.0,30.0,719.0,22.3,28.0
2024-01-11 20:53:22,0.0,30.0,727.0,22.3,28.0
2024-01-11 21:03:23,0.0,0.0,699.0,22.3,28.0
2024-01-11 21:13:22,0.0,0.0,628.0,22.3,27.0
2024-01-11 21:23:22,1.0,26.0,644.0,22.2,27.0
2024-01-11 21:33:22,2.0,30.0,589.0,22.3,26.0
2024-01-11 21:43:22,1.0,0.0,606.0,22.2,27.0
2024-01-11 21:53:22,2.0,30.0,618.0,22.2,27.0
2024-01-11 22:03:22,0.0,30.0,548.0,22.2,26.0
2024-01-11 22:13:22,0.0,0.0,539.0,22.2,26.0
2024-01-11 22:23:22,0.0,0.0,517.0,22.2,26.0
2024-01-11 22:33:22,0.0,0.0,512.0,22.3,25.0
2024-01-11 22:43:22,0.0,0.0,505.0,22.2,25.0
2024-01-11 22:53:22,0.0,0.0,519.0,22.2,25.0
2024-01-11 23:03:22,0.0,0.0,521.0,22.2,25.0
2024-01-11 23:13:22,0.0,0.0,514.0,22.2,25.0
2024-01-11 23:23:22,0.0,0.0,502.0,22.2,25.0
2024-01-11 23:33:22,0.0,0.0,489.0,22.2,25.0
2024-01-11 23:43:22,0.0,0.0,469.0,22.2,25.0
2024-01-11 23:53:22,0.0,0.0,475.0,22.2,25.0
2024-01-12 00:03:22,0.0,0.0,477.0,22.2,25.0
2024-01-12 00:13:22,0.0,0.0,482.0,22.2,25.0
2024-01-12 00:23:22,0.0,0.0,473.0,22.1,25.0
2024-01-12 00:33:22,0.0,0.0,456.0,22.1,25.0
2024-01-12 00:43:22,0.0,0.0,462.0,22.1,25.0
2024-01-12 00:53:22,0.0,0.0,486.0,22.1,24.0
2024-01-12 01:03:22,0.0,0.0,478.0,22.1,24.0
2024-01-12 01:13:22,0.0,0.0,475.0,22.1,24.0
2024-01-12 01:23:22,0.0,0.0,487.0,22.2,24.0
2024-01-12 01:33:22,0.0,0.0,475.0,22.1,24.0
2024-01-12 01:43:22,0.0,0.0,469.0,22.1,24.0
2024-01-12 01:53:21,0.0,0.0,455.0,22.1,24.0
2024-01-12 02:03:21,0.0,0.0,469.0,22.1,24.0
2024-01-12 02:13:21,0.0,0.0,458.0,22.1,24.0
2024-01-12 02:23:22,0.0,0.0,456.0,22.1,24.0
2024-01-12 02:33:21,0.0,0.0,470.0,22.1,24.0
2024-01-12 02:43:21,0.0,0.0,455.0,22.1,24.0
2024-01-12 02:53:21,0.0,0.0,454.0,22.1,24.0
2024-01-12 03:03:21,0.0,0.0,451.0,22.1,24.0
2024-01-12 03:13:21,2.0,23.0,463.0,22.1,24.0
2024-01-12 03:23:21,0.0,30.0,457.0,22.1,24.0
2024-01-12 03:33:21,0.0,0.0,449.0,22.1,24.0
2024-01-12 03:43:21,0.0,0.0,433.0,22.1,24.0
2024-01-12 03:53:21,0.0,0.0,461.0,22.1,24.0
2024-01-12 04:03:21,0.0,0.0,447.0,22.1,25.0
2024-01-12 04:13:21,0.0,26.0,452.0,22.1,25.0
2024-01-12 04:23:21,1.0,30.0,498.0,22.1,25.0
2024-01-12 04:33:21,0.0,0.0,492.0,22.1,25.0
2024-01-12 04:43:21,0.0,0.0,481.0,22.2,25.0
2024-01-12 04:53:21,0.0,0.0,458.0,22.1,25.0
2024-01-12 05:03:21,0.0,0.0,449.0,22.1,25.0
2024-01-12 05:13:21,0.0,0.0,445.0,22.1,25.0
2024-01-12 05:23:21,0.0,0.0,439.0,22.1,25.0
2024-01-12 05:33:21,0.0,0.0,438.0,22.1,24.0
2024-01-12 05:43:21,0.0,0.0,447.0,22.1,24.0
2024-01-12 05:53:21,0.0,0.0,453.0,22.1,24.0
2024-01-12 06:03:21,0.0,0.0,435.0,22.1,25.0
2024-01-12 06:13:21,0.0,0.0,508.0,22.1,26.0
2024-01-12 06:23:21,0.0,0.0,500.0,22.1,26.0
2024-01-12 06:33:21,0.0,0.0,509.0,22.1,26.0
2024-01-12 06:43:21,0.0,0.0,518.0,22.1,26.0
2024-01-12 06:53:21,0.0,0.0,517.0,22.1,26.0
2024-01-12 07:03:21,0.0,0.0,489.0,22.1,26.0
2024-01-12 07:13:21,1.0,20.0,495.0,22.1,26.0
2024-01-12 07:23:20,0.0,30.0,497.0,22.1,26.0
2024-01-12 07:33:20,0.0,30.0,482.0,22.1,26.0
2024-01-12 07:43:21,0.0,30.0,501.0,22.1,26.0
2024-01-12 07:53:20,1.0,30.0,523.0,22.1,26.0
2024-01-12 08:03:20,4.0,30.0,538.0,22.1,27.0
2024-01-12 08:13:20,6.0,26.0,474.0,22.2,25.0
2024-01-12 08:23:20,8.0,33.0,518.0,22.3,26.0
2024-01-12 08:33:20,11.0,33.0,551.0,22.3,27.0
2024-01-12 08:43:20,1.0,33.0,559.0,22.4,27.0
2024-01-12 08:53:20,5.0,33.0,604.0,22.4,27.0
2024-01-12 09:03:20,6.0,33.0,575.0,22.4,27.0
2024-01-12 09:13:20,5.0,33.0,604.0,22.4,27.0
2024-01-12 09:23:20,3.0,37.0,905.0,22.4,32.0
2024-01-12 09:33:20,3.0,37.0,656.0,22.4,28.0
2024-01-12 09:43:20,0.0,33.0,655.0,22.5,27.0
2024-01-12 10:03:20,2.0,33.0,642.0,22.5,27.0
2024-01-12 10:13:20,2.0,37.0,638.0,22.5,27.0
2024-01-12 10:23:20,2.0,37.0,673.0,22.5,27.0
2024-01-12 10:33:20,4.0,33.0,677.0,22.5,27.0
2024-01-12 10:43:20,1.0,33.0,684.0,22.6,27.0
2024-01-12 10:53:20,7.0,33.0,739.0,22.6,28.0
2024-01-12 11:03:20,2.0,30.0,689.0,22.6,27.0
2024-01-12 11:23:20,0.0,30.0,681.0,22.6,27.0
2024-01-12 11:33:20,3.0,33.0,820.0,22.6,29.0
2024-01-12 11:43:20,2.0,33.0,688.0,22.6,27.0
2024-01-12 11:53:20,3.0,33.0,713.0,22.6,28.0
2024-01-12 12:03:20,4.0,33.0,688.0,22.6,27.0
2024-01-12 12:13:20,8.0,33.0,689.0,22.6,27.0
2024-01-12 12:23:20,2.0,33.0,705.0,22.5,27.0
2024-01-12 12:33:20,13.0,30.0,752.0,22.6,28.0
2024-01-12 12:43:19,6.0,30.0,700.0,22.6,27.0
2024-01-12 12:53:19,3.0,30.0,717.0,22.6,27.0
2024-01-12 13:03:20,3.0,30.0,722.0,22.6,27.0
2024-01-12 13:13:19,1.0,30.0,756.0,22.6,27.0
2024-01-12 13:23:19,1.0,30.0,746.0,22.7,27.0
2024-01-12 13:33:19,7.0,30.0,713.0,22.6,27.0
2024-01-12 13:43:19,39.0,30.0,751.0,22.7,27.0
2024-01-12 13:53:19,3.0,30.0,735.0,22.7,27.0
2024-01-12 14:03:19,6.0,30.0,764.0,22.7,27.0
2024-01-12 14:13:19,2.0,30.0,811.0,22.6,27.0
2024-01-12 14:23:19,3.0,30.0,802.0,22.6,27.0
2024-01-12 14:33:19,3.0,30.0,777.0,22.6,27.0
2024-01-12 14:43:19,0.0,30.0,778.0,22.6,27.0
2024-01-12 14:53:19,1.0,30.0,805.0,22.6,27.0
2024-01-12 15:03:19,3.0,30.0,818.0,22.6,27.0
2024-01-12 15:13:19,6.0,30.0,819.0,22.6,27.0
2024-01-12 15:23:19,3.0,30.0,813.0,22.7,27.0
2024-01-12 15:33:19,4.0,30.0,816.0,22.7,27.0
2024-01-12 15:43:19,6.0,30.0,873.0,22.7,27.0
2024-01-12 15:53:19,4.0,30.0,853.0,22.7,27.0
2024-01-12 16:03:19,3.0,30.0,862.0,22.7,27.0
2024-01-12 16:13:19,7.0,30.0,896.0,22.7,28.0
2024-01-12 16:23:19,0.0,30.0,863.0,22.7,27.0
2024-01-12 16:33:19,1.0,30.0,897.0,22.8,28.0
2024-01-12 16:43:19,0.0,30.0,880.0,22.8,28.0
2024-01-12 16:53:19,0.0,30.0,854.0,22.8,28.0
2024-01-12 17:03:19,1.0,30.0,845.0,22.7,28.0
2024-01-12 17:13:19,3.0,30.0,794.0,22.7,27.0
2024-01-12 17:23:19,1.0,30.0,811.0,22.8,27.0
2024-01-12 17:33:19,0.0,3.0,867.0,22.7,27.0
2024-01-12 17:43:19,0.0,3.0,859.0,22.8,27.0
2024-01-12 17:53:19,0.0,3.0,854.0,22.8,27.0
2024-01-12 18:03:19,0.0,3.0,845.0,22.8,27.0
2024-01-12 18:13:19,0.0,3.0,841.0,22.8,28.0
2024-01-12 18:23:19,0.0,30.0,821.0,22.8,27.0
2024-01-12 18:33:18,0.0,30.0,810.0,22.8,27.0
2024-01-12 18:43:19,0.0,3.0,778.0,22.8,27.0
2024-01-12 18:53:18,0.0,3.0,774.0,22.8,27.0
2024-01-12 19:03:18,0.0,3.0,778.0,22.8,27.0
2024-01-12 19:13:18,0.0,20.0,742.0,22.8,27.0
2024-01-12 19:23:18,1.0,30.0,719.0,22.8,27.0
2024-01-12 19:33:18,0.0,3.0,715.0,22.8,27.0
2024-01-12 19:43:18,0.0,3.0,693.0,22.8,27.0
2024-01-12 19:53:18,0.0,3.0,690.0,22.8,27.0
2024-01-12 20:03:18,1.0,3.0,689.0,22.8,27.0
2024-01-12 20:13:18,0.0,3.0,672.0,22.8,27.0
2024-01-12 20:23:18,0.0,3.0,665.0,22.8,27.0
2024-01-12 20:33:18,0.0,3.0,670.0,22.8,26.0
2024-01-12 20:43:18,0.0,3.0,668.0,22.8,26.0
2024-01-12 20:53:18,0.0,0.0,685.0,22.7,27.0
2024-01-12 21:03:18,0.0,0.0,618.0,22.6,27.0
2024-01-12 21:13:18,0.0,0.0,589.0,22.6,27.0
2024-01-12 21:23:18,0.0,0.0,598.0,22.6,27.0
2024-01-12 21:33:18,0.0,0.0,628.0,22.5,27.0
2024-01-12 21:43:18,0.0,0.0,842.0,22.5,28.0
2024-01-12 22:03:18,0.0,0.0,816.0,22.5,28.0
2024-01-12 22:13:18,0.0,0.0,785.0,22.5,28.0
2024-01-12 22:23:18,0.0,0.0,746.0,22.5,28.0
2024-01-12 22:33:18,0.0,0.0,740.0,22.5,28.0
2024-01-12 22:43:18,1.0,30.0,707.0,22.4,28.0
2024-01-12 22:53:18,0.0,30.0,706.0,22.4,28.0
2024-01-12 23:03:18,0.0,0.0,673.0,22.4,28.0
2024-01-12 23:13:18,0.0,0.0,648.0,22.4,28.0
2024-01-12 23:23:18,0.0,0.0,640.0,22.4,28.0
2024-01-12 23:33:18,0.0,0.0,599.0,22.4,27.0
2024-01-12 23:43:18,0.0,0.0,628.0,22.4,27.0
2024-01-12 23:53:17,0.0,0.0,589.0,22.3,27.0
2024-01-13 00:03:17,1.0,0.0,615.0,22.3,27.0
2024-01-13 00:13:17,0.0,0.0,584.0,22.3,27.0
2024-01-13 00:23:17,0.0,0.0,594.0,22.3,27.0
2024-01-13 00:33:17,0.0,0.0,591.0,22.3,27.0
2024-01-13 00:43:17,0.0,0.0,589.0,22.3,27.0
2024-01-13 00:53:17,1.0,30.0,546.0,22.3,27.0
2024-01-13 01:03:17,0.0,30.0,526.0,22.3,27.0
2024-01-13 01:13:17,0.0,0.0,528.0,22.3,27.0
2024-01-13 01:23:17,1.0,20.0,547.0,22.3,27.0
2024-01-13 01:33:17,1.0,30.0,614.0,22.3,27.0
2024-01-13 01:43:17,0.0,0.0,609.0,22.3,27.0
2024-01-13 01:53:17,0.0,0.0,596.0,22.3,27.0
2024-01-13 02:03:17,0.0,0.0,634.0,22.3,27.0
2024-01-13 02:13:17,0.0,0.0,599.0,22.3,27.0
2024-01-13 02:23:17,1.0,30.0,609.0,22.3,27.0
2024-01-13 02:33:17,0.0,30.0,609.0,22.2,27.0
2024-01-13 02:43:17,0.0,0.0,583.0,22.2,27.0
2024-01-13 02:53:17,0.0,0.0,565.0,22.3,27.0
2024-01-13 03:03:17,0.0,0.0,578.0,22.3,27.0
2024-01-13 03:13:17,0.0,0.0,559.0,22.3,27.0
2024-01-13 03:33:17,0.0,0.0,549.0,22.2,27.0
2024-01-13 03:43:17,0.0,0.0,554.0,22.2,27.0
2024-01-13 03:53:17,0.0,0.0,528.0,22.2,27.0
2024-01-13 04:03:17,0.0,0.0,533.0,22.2,27.0
2024-01-13 04:13:17,1.0,30.0,541.0,22.2,27.0
2024-01-13 04:23:17,0.0,30.0,505.0,22.2,27.0
2024-01-13 04:33:17,0.0,0.0,497.0,22.2,27.0
2024-01-13 04:43:17,1.0,30.0,524.0,22.2,27.0
2024-01-13 04:53:17,1.0,30.0,526.0,22.2,27.0
2024-01-13 05:03:18,0.0,0.0,512.0,22.2,27.0
2024-01-13 05:13:16,0.0,0.0,523.0,22.2,27.0
2024-01-13 05:23:16,0.0,0.0,533.0,22.2,27.0
2024-01-13 05:33:16,0.0,0.0,528.0,22.2,27.0
2024-01-13 05:43:16,0.0,0.0,534.0,22.2,27.0
2024-01-13 05:53:16,0.0,0.0,529.0,22.2,27.0
2024-01-13 06:03:16,0.0,0.0,537.0,22.2,28.0
2024-01-13 06:13:16,0.0,0.0,533.0,22.2,28.0
2024-01-13 06:23:16,0.0,0.0,562.0,22.2,28.0
2024-01-13 06:33:16,0.0,0.0,576.0,22.2,28.0
2024-01-13 06:43:16,0.0,0.0,605.0,22.2,28.0
2024-01-13 06:53:16,0.0,0.0,626.0,22.2,29.0
2024-01-13 07:03:16,1.0,26.0,623.0,22.2,29.0
2024-01-13 07:13:16,1.0,30.0,560.0,22.2,28.0
2024-01-13 07:23:16,0.0,0.0,582.0,22.2,29.0
2024-01-13 07:33:16,0.0,0.0,587.0,22.2,29.0
2024-01-13 07:43:16,0.0,0.0,584.0,22.2,29.0
2024-01-13 07:53:16,1.0,23.0,594.0,22.3,29.0
2024-01-13 08:03:16,0.0,30.0,561.0,22.2,29.0
2024-01-13 08:13:16,0.0,0.0,571.0,22.2,29.0
2024-01-13 08:23:16,0.0,0.0,579.0,22.2,29.0
2024-01-13 08:33:16,0.0,0.0,572.0,22.2,29.0
2024-01-13 08:43:16,0.0,0.0,595.0,22.2,29.0
2024-01-13 08:53:16,0.0,3.0,551.0,22.2,29.0
2024-01-13 09:03:16,0.0,3.0,558.0,22.2,29.0
2024-01-13 09:13:16,0.0,3.0,553.0,22.2,29.0
2024-01-13 09:23:16,0.0,3.0,544.0,22.2,29.0
2024-01-13 09:33:16,0.0,0.0,548.0,22.2,29.0
2024-01-13 09:43:16,0.0,3.0,551.0,22.2,29.0
2024-01-13 09:53:16,0.0,3.0,538.0,22.2,29.0
2024-01-13 10:03:16,1.0,3.0,524.0,22.2,29.0
2024-01-13 10:13:16,0.0,3.0,544.0,22.2,30.0
2024-01-13 10:33:15,0.0,3.0,524.0,22.2,29.0
2024-01-13 10:43:15,0.0,3.0,530.0,22.2,29.0
2024-01-13 10:53:15,0.0,3.0,511.0,22.2,29.0
2024-01-13 11:03:15,0.0,3.0,519.0,22.2,29.0
2024-01-13 11:13:15,0.0,3.0,512.0,22.2,29.0
2024-01-13 11:23:15,0.0,3.0,502.0,22.1,29.0
2024-01-13 11:33:15,0.0,3.0,516.0,22.2,29.0
2024-01-13 11:43:15,0.0,3.0,495.0,22.2,29.0
2024-01-13 11:53:15,0.0,3.0,514.0,22.2,29.0
2024-01-13 12:03:15,0.0,3.0,496.0,22.1,29.0
2024-01-13 12:13:15,0.0,3.0,501.0,22.2,29.0
2024-01-13 12:23:15,0.0,3.0,481.0,22.1,29.0
2024-01-13 12:33:15,0.0,3.0,496.0,22.1,29.0
2024-01-13 12:43:15,0.0,3.0,495.0,22.1,29.0
2024-01-13 12:53:15,0.0,3.0,487.0,22.1,29.0
2024-01-13 13:03:15,0.0,3.0,466.0,22.1,29.0
2024-01-13 13:13:15,0.0,3.0,487.0,22.1,29.0
2024-01-13 13:23:15,0.0,3.0,472.0,22.1,29.0
2024-01-13 13:33:15,0.0,3.0,485.0,22.1,29.0
2024-01-13 13:43:15,0.0,3.0,497.0,22.1,29.0
2024-01-13 13:53:15,0.0,3.0,469.0,22.1,29.0
2024-01-13 14:03:15,0.0,0.0,477.0,22.1,29.0
2024-01-13 14:13:15,0.0,3.0,472.0,22.1,29.0
2024-01-13 14:23:15,0.0,0.0,468.0,22.1,29.0
2024-01-13 14:33:15,0.0,0.0,460.0,22.1,29.0
2024-01-13 14:43:15,0.0,0.0,486.0,22.1,29.0
2024-01-13 14:53:15,0.0,0.0,460.0,22.1,29.0
2024-01-13 15:03:15,0.0,0.0,482.0,22.1,29.0
2024-01-13 15:13:15,0.0,0.0,466.0,22.1,29.0
2024-01-13 15:23:15,1.0,23.0,489.0,22.1,29.0
2024-01-13 15:33:15,0.0,30.0,520.0,22.0,29.0
2024-01-13 15:43:15,0.0,0.0,536.0,22.1,29.0
2024-01-13 15:53:15,1.0,26.0,552.0,22.2,30.0
2024-01-13 16:03:14,0.0,30.0,514.0,22.1,30.0
2024-01-13 16:13:14,0.0,0.0,505.0,22.1,30.0
2024-01-13 16:23:14,1.0,23.0,475.0,22.1,30.0
2024-01-13 16:33:14,2.0,30.0,511.0,22.1,30.0
2024-01-13 16:43:14,1.0,0.0,503.0,22.1,30.0
2024-01-13 16:53:14,2.0,30.0,499.0,22.1,29.0
2024-01-13 17:03:14,0.0,26.0,491.0,22.1,30.0
2024-01-13 17:13:14,0.0,0.0,498.0,22.1,30.0
2024-01-13 17:23:14,0.0,0.0,514.0,22.1,30.0
2024-01-13 17:33:14,1.0,26.0,533.0,22.1,30.0
2024-01-13 17:43:14,0.0,30.0,514.0,22.1,30.0
2024-01-13 17:53:14,0.0,0.0,555.0,22.1,30.0
2024-01-13 18:03:14,0.0,0.0,573.0,22.1,30.0
2024-01-13 18:13:14,0.0,0.0,578.0,22.1,30.0
2024-01-13 18:23:14,0.0,0.0,597.0,22.1,30.0
2024-01-13 18:33:14,0.0,0.0,595.0,22.1,30.0
2024-01-13 18:43:14,2.0,30.0,587.0,22.1,30.0
2024-01-13 18:53:14,0.0,30.0,598.0,22.1,30.0
2024-01-13 19:03:14,0.0,26.0,602.0,22.1,30.0
2024-01-13 19:13:14,0.0,30.0,592.0,22.1,30.0
2024-01-13 19:23:14,1.0,0.0,561.0,22.1,30.0
2024-01-13 19:33:14,1.0,30.0,535.0,22.1,30.0
2024-01-13 19:43:14,0.0,30.0,528.0,22.1,29.0
2024-01-13 19:53:14,0.0,0.0,518.0,22.1,29.0
2024-01-13 20:03:14,0.0,0.0,481.0,22.1,29.0
2024-01-13 20:13:14,0.0,0.0,475.0,22.1,29.0
2024-01-13 20:23:14,0.0,0.0,452.0,22.0,29.0
2024-01-13 20:33:14,0.0,0.0,459.0,22.0,29.0
2024-01-13 20:43:14,0.0,0.0,447.0,22.0,29.0
2024-01-13 20:53:14,0.0,0.0,449.0,22.0,28.0
2024-01-13 21:03:14,0.0,0.0,436.0,22.0,28.0
2024-01-13 21:13:14,0.0,0.0,439.0,22.0,28.0
2024-01-13 21:23:13,0.0,0.0,427.0,22.0,28.0
2024-01-13 21:33:13,0.0,0.0,431.0,22.0,28.0
2024-01-13 21:43:14,0.0,0.0,424.0,22.0,28.0
2024-01-13 21:53:13,0.0,0.0,416.0,22.0,28.0
2024-01-13 22:03:13,1.0,33.0,434.0,22.0,28.0
2024-01-13 22:13:13,0.0,30.0,443.0,22.0,28.0
2024-01-13 22:23:13,0.0,0.0,432.0,21.9,28.0
2024-01-13 22:33:13,0.0,0.0,440.0,21.9,28.0
2024-01-13 22:43:13,0.0,0.0,443.0,22.0,28.0
2024-01-13 22:53:13,0.0,0.0,441.0,22.0,28.0
2024-01-13 23:03:13,0.0,30.0,434.0,21.9,28.0
2024-01-13 23:13:13,0.0,30.0,404.0,22.0,27.0
2024-01-13 23:23:13,2.0,0.0,433.0,22.0,28.0
2024-01-13 23:43:13,0.0,0.0,431.0,22.0,28.0
2024-01-13 23:53:13,0.0,26.0,431.0,21.9,28.0
2024-01-14 00:03:13,0.0,30.0,444.0,22.0,28.0
2024-01-14 00:13:13,2.0,0.0,455.0,21.9,28.0
2024-01-14 00:23:13,0.0,0.0,445.0,22.0,28.0
2024-01-14 00:33:13,0.0,6.0,672.0,22.0,29.0
2024-01-14 00:43:13,1.0,0.0,566.0,22.0,29.0
2024-01-14 00:53:13,0.0,0.0,507.0,22.0,28.0
2024-01-14 01:03:13,0.0,0.0,479.0,22.0,28.0
2024-01-14 01:13:13,0.0,0.0,461.0,22.0,28.0
2024-01-14 01:23:13,0.0,0.0,441.0,22.0,28.0
2024-01-14 01:33:13,0.0,0.0,441.0,22.0,28.0
2024-01-14 01:43:13,0.0,0.0,425.0,22.0,28.0
2024-01-14 01:53:13,1.0,0.0,498.0,21.9,28.0
2024-01-14 02:03:13,0.0,0.0,456.0,22.0,28.0
2024-01-14 02:13:13,0.0,0.0,440.0,22.0,28.0
2024-01-14 02:23:13,0.0,0.0,427.0,22.0,28.0
2024-01-14 02:33:13,0.0,0.0,419.0,22.0,28.0
2024-01-14 02:43:13,0.0,0.0,438.0,21.9,28.0
2024-01-14 02:53:12,0.0,0.0,414.0,22.0,28.0
2024-01-14 03:03:12,0.0,0.0,420.0,21.9,28.0
2024-01-14 03:13:12,0.0,0.0,449.0,21.9,28.0
2024-01-14 03:23:12,0.0,0.0,429.0,21.9,28.0
2024-01-14 03:33:12,0.0,0.0,412.0,21.9,28.0
2024-01-14 03:43:12,0.0,0.0,415.0,22.0,28.0
2024-01-14 03:53:12,0.0,0.0,425.0,22.0,28.0
2024-01-14 04:03:12,0.0,0.0,413.0,21.9,28.0
2024-01-14 04:13:12,0.0,0.0,423.0,22.0,28.0
2024-01-14 04:23:12,0.0,0.0,415.0,21.9,28.0
2024-01-14 04:33:12,0.0,0.0,423.0,21.9,28.0
2024-01-14 04:43:12,0.0,0.0,411.0,21.9,28.0
2024-01-14 04:53:12,0.0,0.0,412.0,21.9,27.0
2024-01-14 05:03:12,0.0,0.0,421.0,21.9,27.0
2024-01-14 05:13:13,0.0,0.0,413.0,21.9,28.0
2024-01-14 05:23:12,0.0,0.0,414.0,21.9,27.0
2024-01-14 05:33:12,0.0,0.0,419.0,21.9,28.0
2024-01-14 05:43:12,0.0,0.0,411.0,21.9,28.0
2024-01-14 05:53:12,0.0,0.0,417.0,21.9,27.0
2024-01-14 06:03:12,2.0,30.0,437.0,21.9,28.0
2024-01-14 06:13:12,0.0,30.0,433.0,21.9,28.0
2024-01-14 06:23:12,0.0,0.0,446.0,21.9,28.0
2024-01-14 06:33:12,0.0,0.0,461.0,21.9,28.0
2024-01-14 06:43:12,0.0,0.0,464.0,22.0,28.0
2024-01-14 06:53:12,0.0,0.0,476.0,21.9,29.0
2024-01-14 07:03:12,0.0,0.0,462.0,21.9,29.0
2024-01-14 07:13:12,0.0,0.0,455.0,21.9,29.0
2024-01-14 07:23:12,0.0,0.0,474.0,22.0,29.0
2024-01-14 07:33:12,0.0,0.0,497.0,21.9,29.0
2024-01-14 07:43:12,1.0,26.0,487.0,21.9,29.0
2024-01-14 07:53:12,0.0,30.0,466.0,21.9,29.0
2024-01-14 08:03:12,0.0,3.0,459.0,21.9,28.0
2024-01-14 08:13:12,0.0,3.0,442.0,21.9,28.0
2024-01-14 08:23:12,0.0,3.0,465.0,21.9,28.0
2024-01-14 08:33:11,0.0,3.0,454.0,21.9,28.0
2024-01-14 08:43:11,1.0,3.0,441.0,21.9,28.0
2024-01-14 08:53:11,0.0,3.0,460.0,21.9,28.0
2024-01-14 09:03:11,0.0,3.0,466.0,21.9,29.0
2024-01-14 09:13:11,0.0,3.0,448.0,21.9,29.0
2024-01-14 09:23:11,0.0,3.0,433.0,22.0,29.0
2024-01-14 09:33:11,0.0,6.0,450.0,21.9,29.0
2024-01-14 09:43:11,0.0,6.0,445.0,21.9,29.0
2024-01-14 09:53:11,0.0,6.0,442.0,21.9,29.0
2024-01-14 10:03:11,2.0,6.0,477.0,21.9,29.0
2024-01-14 10:13:11,0.0,3.0,460.0,21.9,29.0
2024-01-14 10:23:11,0.0,6.0,438.0,21.9,29.0
2024-01-14 10:33:11,1.0,20.0,522.0,21.9,29.0
2024-01-14 10:43:11,0.0,16.0,489.0,21.9,29.0
2024-01-14 10:53:11,0.0,26.0,481.0,21.9,29.0
2024-01-14 11:03:11,0.0,26.0,479.0,21.9,29.0
2024-01-14 11:13:11,0.0,20.0,499.0,21.8,29.0
2024-01-14 11:23:11,0.0,20.0,491.0,21.8,29.0
2024-01-14 11:33:11,0.0,10.0,461.0,21.8,28.0
2024-01-14 11:43:11,0.0,3.0,449.0,21.9,28.0
2024-01-14 11:53:11,1.0,6.0,440.0,21.8,28.0
2024-01-14 12:03:11,1.0,6.0,442.0,21.8,28.0
2024-01-14 12:13:11,0.0,3.0,427.0,21.8,28.0
2024-01-14 12:23:11,1.0,33.0,435.0,21.8,28.0
2024-01-14 12:33:11,0.0,30.0,425.0,21.8,28.0
2024-01-14 12:43:11,0.0,3.0,411.0,21.8,28.0
2024-01-14 12:53:11,0.0,3.0,411.0,21.8,28.0
2024-01-14 13:03:11,0.0,3.0,429.0,21.8,28.0
2024-01-14 13:13:11,0.0,3.0,431.0,21.8,28.0
2024-01-14 13:23:11,0.0,3.0,442.0,21.8,29.0
2024-01-14 13:33:11,0.0,26.0,449.0,21.8,29.0
2024-01-14 13:43:11,0.0,30.0,486.0,21.8,29.0
2024-01-14 13:53:10,0.0,3.0,505.0,21.8,29.0
2024-01-14 14:03:10,0.0,3.0,488.0,21.9,29.0
2024-01-14 14:13:10,0.0,3.0,503.0,21.9,29.0
2024-01-14 14:23:10,0.0,30.0,514.0,21.8,29.0
2024-01-14 14:33:10,0.0,30.0,507.0,21.8,29.0
2024-01-14 14:43:10,0.0,0.0,467.0,21.8,29.0
2024-01-14 14:53:10,1.0,0.0,471.0,21.8,29.0
2024-01-14 15:03:10,0.0,0.0,464.0,21.9,29.0
2024-01-14 15:13:10,0.0,0.0,456.0,21.9,29.0
2024-01-14 15:23:10,0.0,0.0,448.0,21.8,29.0
2024-01-14 15:33:10,0.0,0.0,451.0,21.8,29.0
2024-01-14 15:43:10,0.0,0.0,457.0,21.9,29.0
2024-01-14 15:53:10,1.0,26.0,627.0,21.8,29.0
2024-01-14 16:03:10,0.0,30.0,531.0,21.9,29.0
2024-01-14 16:13:11,1.0,0.0,489.0,21.8,29.0
2024-01-14 16:23:10,0.0,0.0,442.0,21.8,28.0
2024-01-14 16:33:10,0.0,0.0,415.0,21.8,28.0
2024-01-14 16:43:10,0.0,0.0,411.0,21.8,28.0
2024-01-14 16:53:10,0.0,0.0,433.0,21.8,28.0
2024-01-14 17:03:10,0.0,0.0,420.0,21.8,28.0
2024-01-14 17:13:10,0.0,0.0,413.0,21.8,28.0
2024-01-14 17:23:10,0.0,0.0,437.0,21.8,28.0
2024-01-14 17:33:10,0.0,0.0,446.0,21.8,28.0
2024-01-14 17:43:10,0.0,30.0,470.0,21.8,29.0
2024-01-14 17:53:10,0.0,30.0,445.0,21.8,29.0
2024-01-14 18:03:10,0.0,0.0,499.0,21.8,29.0
2024-01-14 18:13:10,0.0,23.0,475.0,21.8,29.0
2024-01-14 18:23:10,1.0,30.0,491.0,21.8,29.0
2024-01-14 18:33:10,0.0,0.0,503.0,21.9,29.0
2024-01-14 18:43:10,0.0,0.0,481.0,21.8,29.0
2024-01-14 18:53:10,0.0,0.0,454.0,21.8,29.0
2024-01-14 19:03:10,0.0,0.0,453.0,21.9,29.0
2024-01-14 19:13:10,0.0,0.0,449.0,21.8,29.0
2024-01-14 19:23:09,0.0,0.0,414.0,21.8,28.0
2024-01-14 19:33:09,0.0,0.0,420.0,21.8,28.0
2024-01-14 19:43:09,0.0,0.0,416.0,21.8,28.0
2024-01-14 19:53:09,0.0,0.0,395.0,21.8,28.0
2024-01-14 20:03:09,1.0,30.0,422.0,21.8,28.0
2024-01-14 20:13:09,1.0,30.0,429.0,21.8,28.0
2024-01-14 20:23:09,0.0,0.0,403.0,21.8,28.0
2024-01-14 20:33:10,0.0,0.0,422.0,21.8,28.0
2024-01-14 20:43:09,0.0,0.0,423.0,21.8,28.0
2024-01-14 20:53:09,0.0,0.0,417.0,21.8,28.0
2024-01-14 21:03:09,0.0,0.0,408.0,21.8,28.0
2024-01-14 21:13:09,0.0,0.0,410.0,21.8,28.0
2024-01-14 21:23:09,0.0,0.0,422.0,21.8,28.0
2024-01-14 21:33:09,0.0,0.0,402.0,21.8,28.0
2024-01-14 21:43:09,0.0,0.0,403.0,21.8,28.0
2024-01-14 21:53:09,0.0,0.0,428.0,21.8,28.0
2024-01-14 22:03:09,0.0,0.0,381.0,21.8,28.0
2024-01-14 22:13:09,0.0,0.0,634.0,21.8,28.0
2024-01-14 22:23:09,1.0,30.0,537.0,21.8,28.0
2024-01-14 22:33:09,0.0,30.0,508.0,21.8,28.0
2024-01-14 22:43:09,0.0,0.0,500.0,21.7,28.0
2024-01-14 22:53:09,0.0,0.0,487.0,21.8,28.0
2024-01-14 23:03:09,0.0,0.0,501.0,21.8,28.0
2024-01-14 23:13:09,0.0,0.0,475.0,21.8,28.0
2024-01-14 23:23:09,0.0,0.0,466.0,21.8,28.0
2024-01-14 23:33:09,0.0,0.0,468.0,21.8,28.0
2024-01-14 23:43:09,0.0,0.0,436.0,21.8,28.0
2024-01-14 23:53:09,0.0,0.0,452.0,21.8,28.0
2024-01-15 00:03:09,0.0,0.0,432.0,21.8,28.0
2024-01-15 00:13:09,0.0,0.0,440.0,21.8,28.0
2024-01-15 00:23:09,0.0,0.0,422.0,21.8,28.0
2024-01-15 00:33:09,0.0,0.0,418.0,21.8,28.0
2024-01-15 00:43:08,0.0,0.0,424.0,21.8,28.0
2024-01-15 00:53:08,0.0,0.0,421.0,21.8,28.0
2024-01-15 01:03:08,0.0,0.0,421.0,21.7,28.0
2024-01-15 01:13:08,0.0,0.0,422.0,21.7,28.0
2024-01-15 01:23:08,0.0,0.0,408.0,21.8,28.0
2024-01-15 01:33:08,0.0,0.0,424.0,21.7,28.0
2024-01-15 01:43:08,0.0,0.0,419.0,21.8,28.0
2024-01-15 01:53:08,0.0,0.0,397.0,21.8,28.0
2024-01-15 02:03:08,0.0,0.0,401.0,21.8,28.0
2024-01-15 02:13:08,0.0,0.0,394.0,21.8,28.0
2024-01-15 02:23:08,0.0,0.0,425.0,21.8,28.0
2024-01-15 02:33:08,0.0,0.0,406.0,21.8,28.0
2024-01-15 02:43:08,0.0,0.0,412.0,21.8,28.0
2024-01-15 02:53:08,0.0,0.0,393.0,21.8,28.0
2024-01-15 03:03:08,0.0,0.0,399.0,21.7,28.0
2024-01-15 03:13:08,0.0,0.0,385.0,21.7,28.0
2024-01-15 03:23:08,0.0,0.0,387.0,21.8,28.0
2024-01-15 03:33:08,0.0,0.0,402.0,21.7,28.0
2024-01-15 03:43:08,0.0,0.0,390.0,21.7,28.0
2024-01-15 03:53:08,0.0,0.0,386.0,21.8,28.0
2024-01-15 04:03:08,0.0,0.0,397.0,21.8,28.0
2024-01-15 04:13:08,1.0,26.0,401.0,21.7,27.0
2024-01-15 04:23:08,0.0,30.0,427.0,21.7,28.0
2024-01-15 04:33:08,0.0,0.0,430.0,21.8,28.0
2024-01-15 04:43:08,0.0,30.0,415.0,21.7,28.0
2024-01-15 04:53:08,1.0,30.0,421.0,21.7,28.0
2024-01-15 05:03:08,0.0,0.0,418.0,21.8,28.0
2024-01-15 05:13:08,1.0,26.0,429.0,21.7,28.0
2024-01-15 05:23:08,0.0,30.0,412.0,21.7,28.0
2024-01-15 05:33:08,1.0,3.0,403.0,21.7,28.0
2024-01-15 05:43:08,1.0,30.0,436.0,21.7,28.0
2024-01-15 05:53:08,1.0,26.0,417.0,21.8,28.0
2024-01-15 06:03:08,1.0,0.0,431.0,21.8,28.0
2024-01-15 06:13:07,0.0,0.0,542.0,21.8,28.0
2024-01-15 06:23:07,0.0,30.0,537.0,21.8,28.0
2024-01-15 06:33:07,1.0,30.0,462.0,21.8,28.0
2024-01-15 06:43:07,0.0,0.0,449.0,21.8,28.0
2024-01-15 06:53:07,0.0,0.0,446.0,21.8,28.0
2024-01-15 07:03:07,0.0,0.0,419.0,21.8,28.0
2024-01-15 07:13:07,0.0,30.0,435.0,21.8,28.0
2024-01-15 07:23:07,1.0,30.0,437.0,21.8,28.0
2024-01-15 07:33:07,0.0,30.0,447.0,21.8,28.0
2024-01-15 07:43:07,1.0,30.0,437.0,21.8,28.0
2024-01-15 07:53:07,3.0,30.0,471.0,21.8,29.0
2024-01-15 08:03:07,5.0,30.0,470.0,21.8,29.0
2024-01-15 08:13:07,2.0,30.0,461.0,21.8,29.0
2024-01-15 08:23:07,1.0,30.0,441.0,21.8,28.0
2024-01-15 08:33:07,2.0,30.0,498.0,21.8,28.0
2024-01-15 08:43:07,7.0,30.0,477.0,21.8,27.0
2024-01-15 08:53:07,5.0,30.0,474.0,21.9,27.0
2024-01-15 09:03:07,5.0,30.0,517.0,22.0,27.0
2024-01-15 09:13:07,5.0,30.0,507.0,22.1,27.0
2024-01-15 09:23:07,4.0,30.0,533.0,22.1,27.0
2024-01-15 09:33:07,3.0,33.0,557.0,22.1,28.0
2024-01-15 09:43:07,0.0,30.0,563.0,22.2,28.0
2024-01-15 09:53:08,2.0,30.0,568.0,22.2,27.0
2024-01-15 10:03:07,6.0,30.0,581.0,22.2,27.0
2024-01-15 10:13:07,4.0,30.0,586.0,22.2,27.0
2024-01-15 10:23:07,3.0,30.0,563.0,22.2,26.0
2024-01-15 10:33:07,4.0,33.0,582.0,22.2,26.0
2024-01-15 10:43:07,4.0,30.0,636.0,22.3,26.0
2024-01-15 10:53:07,3.0,33.0,647.0,22.1,27.0
2024-01-15 11:03:07,0.0,30.0,609.0,22.1,27.0
2024-01-15 11:13:07,2.0,33.0,665.0,22.1,28.0
2024-01-15 11:23:07,2.0,30.0,705.0,22.0,28.0
2024-01-15 11:33:07,7.0,30.0,518.0,22.1,26.0
2024-01-15 11:43:06,3.0,30.0,520.0,22.2,25.0
2024-01-15 11:53:06,3.0,30.0,552.0,22.2,24.0
2024-01-15 12:03:06,5.0,33.0,607.0,22.2,25.0
2024-01-15 12:13:06,3.0,40.0,565.0,22.3,24.0
2024-01-15 12:23:06,4.0,33.0,575.0,22.3,24.0
2024-01-15 12:33:06,9.0,33.0,607.0,22.3,24.0
2024-01-15 12:43:06,3.0,40.0,622.0,22.3,24.0
2024-01-15 12:53:06,4.0,63.0,657.0,22.3,24.0
2024-01-15 13:03:06,9.0,30.0,669.0,22.3,24.0
2024-01-15 13:13:06,4.0,33.0,687.0,22.3,24.0
2024-01-15 13:23:06,4.0,26.0,669.0,22.3,24.0
2024-01-15 13:33:06,3.0,37.0,734.0,22.3,24.0
2024-01-15 13:43:07,4.0,33.0,1162.0,22.2,28.0
2024-01-15 13:53:06,2.0,30.0,1215.0,22.2,29.0
2024-01-15 14:03:06,2.0,30.0,752.0,22.2,26.0
2024-01-15 14:13:06,1.0,30.0,707.0,22.3,25.0
2024-01-15 14:23:06,1.0,30.0,675.0,22.4,24.0
2024-01-15 14:33:06,2.0,30.0,657.0,22.3,24.0
2024-01-15 14:43:06,3.0,30.0,669.0,22.4,24.0
2024-01-15 14:53:06,0.0,30.0,612.0,22.4,23.0
2024-01-15 15:03:06,5.0,30.0,770.0,22.4,24.0
2024-01-15 15:13:06,1.0,30.0,709.0,22.4,24.0
2024-01-15 15:23:06,3.0,26.0,665.0,22.4,24.0
2024-01-15 15:33:06,1.0,30.0,1144.0,22.4,26.0
2024-01-15 15:43:06,6.0,30.0,1085.0,22.3,27.0
2024-01-15 15:53:06,1.0,30.0,1253.0,22.3,29.0
2024-01-15 16:03:06,5.0,26.0,1129.0,22.2,29.0
2024-01-15 16:13:06,0.0,30.0,1158.0,22.3,29.0
2024-01-15 16:23:06,0.0,26.0,1187.0,22.2,29.0
2024-01-15 16:33:06,0.0,26.0,1170.0,22.2,30.0
2024-01-15 16:43:06,2.0,30.0,882.0,22.2,28.0
2024-01-15 16:53:06,2.0,26.0,858.0,22.2,28.0
2024-01-15 17:03:06,4.0,26.0,927.0,22.1,28.0
2024-01-15 17:13:05,0.0,26.0,992.0,22.1,29.0
2024-01-15 17:23:05,2.0,26.0,974.0,22.2,29.0
2024-01-15 17:33:05,2.0,0.0,984.0,22.2,29.0
2024-01-15 17:43:05,0.0,0.0,996.0,22.2,29.0
2024-01-15 17:53:05,0.0,0.0,970.0,22.1,30.0
2024-01-15 18:03:05,3.0,30.0,907.0,22.1,29.0
2024-01-15 18:13:05,0.0,30.0,947.0,22.1,29.0
2024-01-15 18:23:05,1.0,0.0,913.0,22.1,29.0
2024-01-15 18:33:05,0.0,0.0,883.0,22.1,29.0
2024-01-15 18:43:05,0.0,0.0,874.0,22.1,29.0
2024-01-15 18:53:05,0.0,0.0,871.0,22.1,29.0
2024-01-15 19:03:05,0.0,0.0,837.0,22.1,29.0
2024-01-15 19:13:05,0.0,0.0,730.0,22.0,28.0
2024-01-15 19:23:05,0.0,0.0,698.0,22.0,27.0
2024-01-15 19:33:05,0.0,0.0,693.0,22.0,27.0
2024-01-15 19:43:05,2.0,30.0,727.0,22.0,27.0
2024-01-15 19:53:05,0.0,33.0,683.0,22.0,27.0
2024-01-15 20:03:05,0.0,0.0,734.0,22.0,27.0
2024-01-15 20:13:05,0.0,0.0,683.0,22.0,27.0
2024-01-15 20:23:05,0.0,0.0,747.0,22.0,27.0
2024-01-15 20:33:05,0.0,0.0,728.0,22.0,27.0
2024-01-15 20:43:05,0.0,33.0,673.0,22.0,26.0
2024-01-15 20:53:05,0.0,30.0,734.0,22.0,27.0
2024-01-15 21:03:05,1.0,26.0,692.0,22.0,26.0
2024-01-15 21:13:05,2.0,33.0,648.0,22.0,26.0
2024-01-15 21:23:05,1.0,0.0,670.0,21.9,26.0
2024-01-15 21:33:05,3.0,30.0,659.0,21.9,25.0
2024-01-15 21:43:05,0.0,30.0,620.0,21.9,25.0
2024-01-15 21:53:05,1.0,30.0,677.0,21.9,26.0
2024-01-15 22:03:05,1.0,30.0,652.0,21.9,25.0
2024-01-15 22:13:05,0.0,33.0,611.0,21.9,25.0
2024-01-15 22:23:05,2.0,0.0,632.0,21.9,25.0
2024-01-15 22:33:04,0.0,0.0,578.0,21.9,25.0
2024-01-15 22:43:04,0.0,0.0,548.0,21.8,24.0
2024-01-15 22:53:04,0.0,0.0,555.0,21.8,24.0
2024-01-15 23:03:04,0.0,6.0,518.0,21.8,24.0
2024-01-15 23:13:04,0.0,0.0,545.0,21.8,24.0
2024-01-15 23:23:04,0.0,0.0,535.0,21.8,24.0
2024-01-15 23:33:04,0.0,0.0,525.0,21.8,24.0
2024-01-15 23:43:04,0.0,0.0,506.0,21.8,24.0
2024-01-15 23:53:04,0.0,0.0,501.0,21.8,24.0
2024-01-16 00:03:04,0.0,0.0,504.0,21.8,24.0
2024-01-16 00:13:04,0.0,0.0,494.0,21.8,24.0
2024-01-16 00:23:04,0.0,26.0,513.0,21.8,24.0
2024-01-16 00:33:04,2.0,30.0,559.0,21.8,23.0
2024-01-16 00:43:04,0.0,0.0,516.0,21.8,23.0
2024-01-16 00:53:04,0.0,0.0,487.0,21.7,24.0
2024-01-16 01:03:04,0.0,0.0,510.0,21.8,24.0
2024-01-16 01:13:04,0.0,0.0,487.0,21.8,24.0
2024-01-16 01:23:04,0.0,0.0,478.0,21.8,23.0
2024-01-16 01:33:04,0.0,0.0,467.0,21.8,23.0
2024-01-16 01:43:04,0.0,0.0,487.0,21.8,23.0
2024-01-16 01:53:04,0.0,0.0,457.0,21.8,23.0
2024-01-16 02:03:04,0.0,0.0,456.0,21.7,23.0
2024-01-16 02:13:04,0.0,0.0,455.0,21.8,23.0
2024-01-16 02:23:04,0.0,0.0,450.0,21.8,23.0
2024-01-16 02:33:04,0.0,0.0,451.0,21.7,23.0
2024-01-16 02:43:04,0.0,0.0,444.0,21.7,23.0
2024-01-16 02:53:04,0.0,0.0,448.0,21.8,23.0
2024-01-16 03:03:04,0.0,0.0,443.0,21.8,23.0
2024-01-16 03:13:04,0.0,0.0,458.0,21.7,23.0
2024-01-16 03:23:04,2.0,30.0,472.0,21.7,23.0
2024-01-16 03:33:04,0.0,30.0,444.0,21.7,23.0
2024-01-16 03:43:04,0.0,0.0,455.0,21.8,23.0
2024-01-16 03:53:04,0.0,0.0,451.0,21.8,22.0
2024-01-16 04:03:03,0.0,0.0,444.0,21.8,22.0
2024-01-16 04:13:03,2.0,30.0,475.0,21.8,23.0
2024-01-16 04:23:04,0.0,30.0,481.0,21.8,23.0
2024-01-16 04:33:03,0.0,0.0,438.0,21.8,23.0
2024-01-16 04:43:03,0.0,0.0,440.0,21.8,23.0
2024-01-16 04:53:03,0.0,0.0,447.0,21.8,23.0
2024-01-16 05:03:03,0.0,0.0,454.0,21.8,23.0
2024-01-16 05:13:03,0.0,0.0,460.0,21.8,23.0
2024-01-16 05:23:03,0.0,0.0,439.0,21.8,23.0
2024-01-16 05:33:03,0.0,0.0,429.0,21.8,23.0
2024-01-16 05:43:03,0.0,0.0,448.0,21.8,23.0
2024-01-16 05:53:03,0.0,0.0,437.0,21.7,23.0
2024-01-16 06:03:03,0.0,0.0,442.0,21.8,23.0
2024-01-16 06:13:03,1.0,26.0,454.0,21.7,23.0
2024-01-16 06:23:03,0.0,30.0,484.0,21.8,24.0
2024-01-16 06:33:03,0.0,0.0,473.0,21.8,24.0
2024-01-16 06:43:03,1.0,30.0,492.0,21.7,24.0
2024-01-16 06:53:03,0.0,30.0,480.0,21.8,24.0
2024-01-16 07:03:03,6.0,30.0,462.0,21.8,24.0
2024-01-16 07:13:03,1.0,30.0,474.0,21.9,22.0
2024-01-16 07:23:03,2.0,30.0,468.0,21.9,22.0
2024-01-16 07:33:03,0.0,30.0,491.0,22.0,22.0
2024-01-16 07:53:03,0.0,30.0,484.0,22.0,22.0
2024-01-16 08:03:03,3.0,33.0,496.0,22.0,22.0
2024-01-16 08:13:03,7.0,30.0,525.0,22.0,22.0
2024-01-16 08:23:03,3.0,30.0,557.0,22.0,22.0
2024-01-16 08:33:03,4.0,33.0,658.0,21.9,24.0
2024-01-16 08:43:03,5.0,30.0,606.0,21.8,24.0
2024-01-16 08:53:03,4.0,37.0,584.0,21.8,24.0
2024-01-16 09:03:03,5.0,37.0,587.0,21.9,23.0
2024-01-16 09:13:03,0.0,37.0,598.0,22.0,22.0
2024-01-16 09:23:03,0.0,37.0,592.0,22.1,22.0
2024-01-16 09:33:02,5.0,40.0,604.0,22.0,22.0
2024-01-16 09:43:02,3.0,37.0,581.0,22.1,22.0
2024-01-16 09:53:02,6.0,37.0,630.0,22.0,22.0
2024-01-16 10:03:02,5.0,37.0,623.0,22.1,22.0
2024-01-16 10:13:02,1.0,37.0,607.0,22.2,22.0
2024-01-16 10:23:02,3.0,33.0,636.0,22.2,22.0
2024-01-16 10:33:02,3.0,40.0,644.0,22.2,22.0
2024-01-16 10:43:02,2.0,47.0,642.0,22.3,22.0
2024-01-16 10:53:02,2.0,53.0,674.0,22.3,22.0
2024-01-16 11:03:02,7.0,43.0,769.0,22.3,23.0
2024-01-16 11:13:02,4.0,50.0,764.0,22.1,24.0
2024-01-16 11:23:02,2.0,63.0,687.0,22.0,23.0
2024-01-16 11:33:02,1.0,94.0,739.0,22.1,24.0
2024-01-16 11:43:02,4.0,127.0,890.0,22.0,25.0
2024-01-16 11:53:02,5.0,165.0,922.0,22.1,25.0
2024-01-16 12:03:02,5.0,158.0,910.0,22.1,25.0
2024-01-16 12:13:02,5.0,144.0,911.0,22.1,26.0
2024-01-16 12:23:02,3.0,138.0,683.0,22.2,24.0
2024-01-16 12:33:02,5.0,104.0,910.0,22.2,25.0
2024-01-16 12:43:02,2.0,77.0,972.0,22.1,26.0
2024-01-16 12:53:02,3.0,74.0,1027.0,22.1,27.0
2024-01-16 13:03:02,3.0,40.0,1033.0,22.1,27.0
2024-01-16 13:13:02,1.0,37.0,1116.0,22.1,28.0
2024-01-16 13:23:02,1.0,33.0,1122.0,22.1,28.0
2024-01-16 13:33:02,5.0,33.0,715.0,22.2,25.0
2024-01-16 13:43:02,2.0,33.0,949.0,22.2,26.0
2024-01-16 13:53:02,8.0,33.0,1062.0,22.2,26.0
2024-01-16 14:03:02,2.0,33.0,694.0,22.3,23.0
2024-01-16 14:13:02,10.0,33.0,834.0,22.3,23.0
2024-01-16 14:23:02,2.0,33.0,982.0,22.2,25.0
2024-01-16 14:33:02,7.0,33.0,1103.0,22.2,26.0
2024-01-16 14:43:02,3.0,33.0,759.0,22.3,24.0
2024-01-16 14:53:02,2.0,33.0,778.0,22.3,23.0
2024-01-16 15:03:01,3.0,30.0,831.0,22.4,23.0
2024-01-16 15:13:01,6.0,30.0,914.0,22.4,24.0
2024-01-16 15:23:01,4.0,30.0,1104.0,22.4,26.0
2024-01-16 15:33:01,8.0,33.0,824.0,22.3,24.0
2024-01-16 15:43:02,2.0,30.0,778.0,22.4,24.0
2024-01-16 15:53:01,1.0,33.0,786.0,22.4,24.0
2024-01-16 16:03:01,4.0,30.0,786.0,22.4,24.0
2024-01-16 16:13:01,3.0,30.0,794.0,22.4,24.0
2024-01-16 16:23:01,0.0,30.0,867.0,22.5,24.0
2024-01-16 16:33:01,2.0,30.0,902.0,22.5,24.0
2024-01-16 16:43:01,1.0,30.0,875.0,22.5,24.0
2024-01-16 16:53:01,1.0,26.0,873.0,22.6,24.0
2024-01-16 17:03:01,4.0,26.0,854.0,22.6,24.0
2024-01-16 17:13:01,0.0,26.0,1136.0,22.4,27.0
2024-01-16 17:23:01,1.0,26.0,1136.0,22.4,27.0
2024-01-16 17:33:01,0.0,0.0,1146.0,22.4,28.0
2024-01-16 17:43:01,2.0,23.0,1056.0,22.3,28.0
2024-01-16 17:53:01,3.0,33.0,1026.0,22.3,28.0
2024-01-16 18:03:01,0.0,0.0,1036.0,22.4,28.0
2024-01-16 18:13:01,1.0,3.0,1009.0,22.3,28.0
2024-01-16 18:23:01,2.0,0.0,918.0,22.2,27.0
2024-01-16 18:33:01,0.0,26.0,832.0,22.1,27.0
2024-01-16 18:43:01,0.0,26.0,827.0,22.2,27.0
2024-01-16 18:53:01,0.0,0.0,771.0,22.1,26.0
2024-01-16 19:03:01,0.0,0.0,687.0,22.1,26.0
2024-01-16 19:13:01,0.0,0.0,683.0,22.1,26.0
2024-01-16 19:23:01,2.0,23.0,745.0,22.1,25.0
2024-01-16 19:33:01,0.0,26.0,725.0,22.1,25.0
2024-01-16 19:43:01,0.0,0.0,680.0,22.1,25.0
2024-01-16 19:53:01,0.0,0.0,680.0,22.1,25.0
2024-01-16 20:03:01,3.0,26.0,723.0,22.1,25.0
2024-01-16 20:13:01,0.0,26.0,680.0,22.1,25.0
2024-01-16 20:23:00,0.0,0.0,618.0,22.1,24.0
2024-01-16 20:33:00,1.0,23.0,641.0,22.1,25.0
2024-01-16 20:43:00,0.0,30.0,671.0,22.0,24.0
2024-01-16 20:53:00,0.0,0.0,619.0,22.1,24.0
2024-01-16 21:03:00,0.0,0.0,596.0,22.1,25.0
2024-01-16 21:13:00,0.0,0.0,569.0,22.0,24.0
2024-01-16 21:23:00,0.0,0.0,595.0,22.1,25.0
2024-01-16 21:33:00,0.0,0.0,547.0,22.1,24.0
2024-01-16 21:43:00,0.0,0.0,568.0,22.1,24.0
2024-01-16 21:53:00,0.0,0.0,554.0,22.1,24.0
2024-01-16 22:03:00,1.0,26.0,611.0,22.0,24.0
2024-01-16 22:13:00,0.0,26.0,546.0,22.1,24.0
2024-01-16 22:23:00,0.0,0.0,557.0,22.1,24.0
2024-01-16 22:33:00,0.0,0.0,561.0,22.1,24.0
2024-01-16 22:43:00,0.0,0.0,542.0,22.0,24.0
2024-01-16 22:53:00,0.0,0.0,512.0,22.0,24.0
2024-01-16 23:03:00,0.0,26.0,562.0,22.1,24.0
2024-01-16 23:13:00,0.0,33.0,652.0,22.0,25.0
2024-01-16 23:23:00,0.0,0.0,679.0,22.0,25.0
2024-01-16 23:33:00,0.0,0.0,590.0,22.0,25.0
2024-01-16 23:43:00,0.0,0.0,538.0,22.0,24.0
2024-01-16 23:53:00,1.0,26.0,738.0,22.0,25.0
2024-01-17 00:03:00,0.0,26.0,529.0,22.0,25.0
2024-01-17 00:13:00,0.0,26.0,611.0,22.1,25.0
2024-01-17 00:23:00,0.0,26.0,554.0,22.0,25.0
2024-01-17 00:33:00,0.0,0.0,506.0,22.0,24.0
2024-01-17 00:43:00,0.0,0.0,489.0,22.0,24.0
2024-01-17 00:53:00,1.0,0.0,511.0,22.0,24.0
2024-01-17 01:03:00,0.0,0.0,467.0,22.0,24.0
2024-01-17 01:13:00,0.0,0.0,485.0,22.0,24.0
2024-01-17 01:23:00,0.0,0.0,449.0,22.0,24.0
2024-01-17 01:43:00,0.0,0.0,491.0,22.0,24.0
2024-01-17 01:52:59,0.0,0.0,480.0,22.0,24.0
2024-01-17 02:02:59,0.0,0.0,480.0,22.0,24.0
2024-01-17 02:12:59,0.0,0.0,474.0,22.0,24.0
2024-01-17 02:22:59,0.0,0.0,473.0,22.0,24.0
2024-01-17 02:33:00,0.0,0.0,464.0,22.0,24.0
2024-01-17 02:42:59,0.0,0.0,463.0,22.0,24.0
2024-01-17 02:52:59,0.0,0.0,475.0,22.0,24.0
2024-01-17 03:02:59,0.0,0.0,467.0,22.0,24.0
2024-01-17 03:12:59,0.0,0.0,447.0,22.0,24.0
2024-01-17 03:22:59,2.0,26.0,511.0,22.0,25.0
2024-01-17 03:32:59,0.0,26.0,499.0,22.0,24.0
2024-01-17 03:42:59,0.0,0.0,478.0,22.0,25.0
2024-01-17 03:52:59,0.0,0.0,460.0,22.0,25.0
2024-01-17 04:02:59,0.0,0.0,457.0,21.9,25.0
2024-01-17 04:12:59,0.0,0.0,507.0,22.0,25.0
2024-01-17 04:22:59,2.0,26.0,521.0,22.0,25.0
2024-01-17 04:32:59,0.0,26.0,515.0,22.0,25.0
2024-01-17 04:42:59,0.0,0.0,483.0,21.9,25.0
2024-01-17 04:52:59,0.0,0.0,477.0,22.0,25.0
2024-01-17 05:02:59,0.0,0.0,452.0,22.0,25.0
2024-01-17 05:12:59,0.0,0.0,467.0,21.9,25.0
2024-01-17 05:22:59,0.0,0.0,468.0,21.9,25.0
2024-01-17 05:32:59,0.0,0.0,446.0,22.0,25.0
2024-01-17 05:42:59,0.0,0.0,452.0,22.0,25.0
2024-01-17 05:52:59,0.0,0.0,439.0,21.9,25.0
2024-01-17 06:02:59,0.0,0.0,467.0,21.9,25.0
2024-01-17 06:12:59,0.0,0.0,533.0,22.0,26.0
2024-01-17 06:22:59,0.0,0.0,507.0,21.9,26.0
2024-01-17 06:32:59,0.0,0.0,519.0,21.9,26.0
2024-01-17 06:42:59,0.0,0.0,507.0,22.0,26.0
2024-01-17 06:52:59,0.0,0.0,494.0,21.9,26.0
2024-01-17 07:02:59,1.0,23.0,503.0,21.9,26.0
2024-01-17 07:12:59,0.0,26.0,527.0,21.9,26.0
2024-01-17 07:22:59,3.0,26.0,500.0,22.1,26.0
2024-01-17 07:32:58,4.0,26.0,515.0,22.0,26.0
2024-01-17 07:42:58,5.0,26.0,548.0,22.0,27.0
2024-01-17 07:52:59,0.0,26.0,583.0,21.9,28.0
2024-01-17 08:02:58,1.0,26.0,568.0,21.9,28.0
2024-01-17 08:12:58,3.0,26.0,538.0,21.9,27.0
2024-01-17 08:22:58,0.0,30.0,564.0,21.9,27.0
2024-01-17 08:32:58,0.0,30.0,628.0,21.9,29.0
2024-01-17 08:42:58,4.0,26.0,641.0,22.0,29.0
2024-01-17 08:52:58,2.0,30.0,573.0,21.9,28.0
2024-01-17 09:02:58,4.0,30.0,593.0,21.8,29.0
2024-01-17 09:12:58,4.0,30.0,632.0,21.8,29.0
2024-01-17 09:22:58,1.0,30.0,671.0,21.9,29.0
2024-01-17 09:32:58,2.0,30.0,702.0,22.0,30.0
2024-01-17 09:42:58,1.0,30.0,714.0,22.0,30.0
2024-01-17 09:52:58,0.0,30.0,750.0,22.0,30.0
2024-01-17 10:02:58,6.0,33.0,757.0,21.9,30.0
2024-01-17 10:12:58,0.0,30.0,780.0,22.0,30.0
2024-01-17 10:22:58,0.0,33.0,767.0,22.0,30.0
2024-01-17 10:32:58,1.0,33.0,761.0,22.0,30.0
2024-01-17 10:42:58,3.0,33.0,774.0,22.0,30.0
2024-01-17 10:52:58,2.0,33.0,773.0,22.0,30.0
2024-01-17 11:02:58,2.0,33.0,739.0,22.0,30.0
2024-01-17 11:12:58,0.0,33.0,732.0,22.0,30.0
2024-01-17 11:22:58,0.0,30.0,706.0,22.0,30.0
2024-01-17 11:32:58,2.0,33.0,697.0,21.9,30.0
2024-01-17 11:42:58,2.0,30.0,721.0,22.0,30.0
2024-01-17 11:52:58,5.0,30.0,703.0,21.9,29.0
2024-01-17 12:02:58,2.0,30.0,748.0,22.0,30.0
2024-01-17 12:12:58,0.0,30.0,750.0,22.0,30.0
2024-01-17 12:22:58,6.0,30.0,681.0,22.0,29.0
2024-01-17 12:32:58,2.0,30.0,755.0,22.0,30.0
2024-01-17 12:42:58,3.0,30.0,797.0,22.0,30.0
2024-01-17 12:52:57,1.0,30.0,823.0,22.0,30.0
2024-01-17 13:02:57,0.0,33.0,861.0,22.0,30.0
2024-01-17 13:12:58,1.0,33.0,899.0,22.1,31.0
2024-01-17 13:22:57,1.0,30.0,896.0,22.0,30.0
2024-01-17 13:32:57,3.0,30.0,918.0,22.0,30.0
2024-01-17 13:42:57,2.0,30.0,641.0,22.1,28.0
2024-01-17 13:52:57,2.0,33.0,645.0,22.1,28.0
2024-01-17 14:02:57,4.0,30.0,675.0,22.2,27.0
2024-01-17 14:12:57,3.0,30.0,663.0,22.3,27.0
2024-01-17 14:22:57,3.0,30.0,740.0,22.3,27.0
2024-01-17 14:32:57,2.0,30.0,741.0,22.3,27.0
2024-01-17 14:42:57,1.0,30.0,777.0,22.4,27.0
2024-01-17 14:52:57,1.0,30.0,744.0,22.4,27.0
2024-01-17 15:02:57,2.0,30.0,741.0,22.4,27.0
2024-01-17 15:12:57,2.0,30.0,718.0,22.4,27.0
2024-01-17 15:22:57,2.0,26.0,701.0,22.4,27.0
2024-01-17 15:32:57,1.0,26.0,702.0,22.4,27.0
2024-01-17 15:42:57,2.0,26.0,663.0,22.4,26.0
2024-01-17 15:52:57,0.0,26.0,678.0,22.4,26.0
2024-01-17 16:02:57,2.0,26.0,732.0,22.5,27.0
2024-01-17 16:12:57,0.0,26.0,735.0,22.5,27.0
2024-01-17 16:22:57,0.0,26.0,756.0,22.6,27.0
2024-01-17 16:42:57,3.0,26.0,752.0,22.5,27.0
2024-01-17 16:52:57,4.0,26.0,716.0,22.6,27.0
2024-01-17 17:02:57,1.0,26.0,723.0,22.6,27.0
2024-01-17 17:12:57,0.0,26.0,721.0,22.6,27.0
2024-01-17 17:22:57,0.0,26.0,734.0,22.6,27.0
2024-01-17 17:32:57,0.0,3.0,721.0,22.6,27.0
2024-01-17 17:42:57,0.0,3.0,709.0,22.6,27.0
2024-01-17 17:52:57,0.0,3.0,715.0,22.6,27.0
2024-01-17 18:02:57,0.0,3.0,693.0,22.6,27.0
2024-01-17 18:12:57,0.0,3.0,672.0,22.7,27.0
2024-01-17 18:22:56,0.0,3.0,657.0,22.7,27.0
2024-01-17 18:32:57,0.0,3.0,646.0,22.6,27.0
2024-01-17 18:42:56,0.0,3.0,628.0,22.7,26.0
2024-01-17 18:52:56,0.0,26.0,631.0,22.5,27.0
2024-01-17 19:02:56,0.0,26.0,644.0,22.4,27.0
2024-01-17 19:12:56,0.0,0.0,601.0,22.4,27.0
2024-01-17 19:22:56,0.0,0.0,572.0,22.3,27.0
2024-01-17 19:32:56,0.0,0.0,552.0,22.3,27.0
2024-01-17 19:42:56,0.0,0.0,540.0,22.2,27.0
2024-01-17 19:52:56,0.0,0.0,562.0,22.3,27.0
2024-01-17 20:02:56,0.0,0.0,566.0,22.2,27.0
2024-01-17 20:12:56,0.0,0.0,528.0,22.2,27.0
2024-01-17 20:22:56,0.0,0.0,528.0,22.2,26.0
2024-01-17 20:32:56,0.0,0.0,557.0,22.2,26.0
2024-01-17 20:42:56,0.0,0.0,533.0,22.1,26.0
2024-01-17 20:52:56,0.0,0.0,538.0,22.2,26.0
2024-01-17 21:02:56,0.0,0.0,529.0,22.2,26.0
2024-01-17 21:12:56,0.0,0.0,545.0,22.1,26.0
2024-01-17 21:22:56,0.0,0.0,536.0,22.2,26.0
2024-01-17 21:32:56,2.0,26.0,538.0,22.2,26.0
2024-01-17 21:42:56,1.0,26.0,525.0,22.1,26.0
2024-01-17 21:52:56,1.0,0.0,524.0,22.2,26.0
2024-01-17 22:02:56,0.0,0.0,528.0,22.1,26.0
2024-01-17 22:12:56,0.0,0.0,519.0,22.2,26.0
2024-01-17 22:22:56,0.0,0.0,531.0,22.1,26.0
2024-01-17 22:32:56,0.0,0.0,531.0,22.2,26.0
2024-01-17 22:42:56,0.0,0.0,518.0,22.1,26.0
2024-01-17 22:52:56,0.0,0.0,533.0,22.1,26.0
2024-01-17 23:02:56,1.0,26.0,546.0,22.1,26.0
2024-01-17 23:12:56,0.0,26.0,544.0,22.1,26.0
2024-01-17 23:22:56,0.0,0.0,528.0,22.1,26.0
2024-01-17 23:32:56,0.0,0.0,536.0,22.1,26.0
2024-01-17 23:42:55,0.0,0.0,518.0,22.1,26.0
2024-01-17 23:52:56,0.0,0.0,531.0,22.1,26.0
2024-01-18 00:02:55,0.0,0.0,528.0,22.1,26.0
2024-01-18 00:12:55,0.0,0.0,529.0,22.1,26.0
2024-01-18 00:22:55,0.0,0.0,505.0,22.1,26.0
2024-01-18 00:32:55,0.0,0.0,511.0,22.1,26.0
2024-01-18 00:42:55,0.0,0.0,493.0,22.1,26.0
2024-01-18 00:52:55,0.0,0.0,491.0,22.1,26.0
2024-01-18 01:02:55,0.0,0.0,500.0,22.1,26.0
2024-01-18 01:12:55,0.0,0.0,503.0,22.1,26.0
2024-01-18 01:22:56,0.0,0.0,496.0,22.1,26.0
2024-01-18 01:32:55,0.0,0.0,459.0,22.1,26.0
2024-01-18 01:42:55,0.0,0.0,476.0,22.1,26.0
2024-01-18 02:02:55,0.0,0.0,471.0,22.1,26.0
2024-01-18 02:12:55,0.0,0.0,462.0,22.1,26.0
2024-01-18 02:22:55,0.0,0.0,464.0,22.1,26.0
2024-01-18 02:32:55,0.0,0.0,443.0,22.1,25.0
2024-01-18 02:42:55,0.0,0.0,452.0,22.1,26.0
2024-01-18 02:52:55,0.0,0.0,459.0,22.1,25.0
2024-01-18 03:02:55,1.0,26.0,458.0,22.1,25.0
2024-01-18 03:12:55,0.0,26.0,443.0,22.1,25.0
2024-01-18 03:22:55,0.0,0.0,445.0,22.1,25.0
2024-01-18 03:32:55,0.0,0.0,434.0,22.0,25.0
2024-01-18 03:42:55,0.0,0.0,444.0,22.0,25.0
2024-01-18 03:52:55,0.0,0.0,430.0,22.0,25.0
2024-01-18 04:02:55,1.0,20.0,463.0,22.0,25.0
2024-01-18 04:12:55,1.0,26.0,454.0,22.0,26.0
2024-01-18 04:22:55,0.0,0.0,447.0,22.0,25.0
2024-01-18 04:32:55,0.0,0.0,416.0,22.1,25.0
2024-01-18 04:42:55,0.0,0.0,430.0,22.1,25.0
2024-01-18 04:52:55,0.0,0.0,433.0,22.1,26.0
2024-01-18 05:02:55,0.0,0.0,416.0,22.0,25.0
2024-01-18 05:12:55,0.0,0.0,426.0,22.0,26.0
2024-01-18 05:22:54,1.0,26.0,429.0,22.0,25.0
2024-01-18 05:32:54,1.0,26.0,415.0,22.0,26.0
2024-01-18 05:42:54,0.0,0.0,410.0,22.0,25.0
2024-01-18 05:52:55,0.0,0.0,419.0,22.0,25.0
2024-01-18 06:02:54,0.0,0.0,419.0,22.0,26.0
2024-01-18 06:12:54,0.0,0.0,432.0,22.0,26.0
2024-01-18 06:22:54,0.0,0.0,443.0,22.0,27.0
2024-01-18 06:32:54,0.0,26.0,459.0,22.0,27.0
2024-01-18 06:42:54,0.0,26.0,466.0,22.0,27.0
2024-01-18 06:52:54,0.0,0.0,478.0,22.0,27.0
2024-01-18 07:02:54,1.0,23.0,457.0,22.0,27.0
2024-01-18 07:12:54,0.0,26.0,473.0,22.0,25.0
2024-01-18 07:22:54,2.0,26.0,451.0,21.9,25.0
2024-01-18 07:32:54,1.0,26.0,468.0,22.0,25.0
2024-01-18 07:42:54,2.0,26.0,458.0,22.0,25.0
2024-01-18 07:52:54,0.0,26.0,497.0,22.0,26.0
2024-01-18 08:02:54,1.0,26.0,492.0,22.0,26.0
2024-01-18 08:12:54,2.0,26.0,494.0,22.1,27.0
2024-01-18 08:22:54,0.0,30.0,487.0,22.0,27.0
2024-01-18 08:32:54,5.0,33.0,510.0,22.0,28.0
2024-01-18 08:42:54,0.0,30.0,475.0,22.0,27.0
2024-01-18 08:52:54,7.0,30.0,520.0,22.0,27.0
2024-01-18 09:02:54,2.0,30.0,526.0,21.9,26.0
2024-01-18 09:12:54,1.0,30.0,515.0,21.9,27.0
2024-01-18 09:22:54,1.0,33.0,481.0,21.9,26.0
2024-01-18 09:32:54,2.0,30.0,463.0,21.9,26.0
2024-01-18 09:42:54,1.0,30.0,540.0,22.0,26.0
2024-01-18 09:52:54,3.0,30.0,544.0,22.0,26.0
2024-01-18 10:02:54,3.0,33.0,550.0,22.0,26.0
2024-01-18 10:12:54,0.0,33.0,662.0,22.1,27.0
2024-01-18 10:22:54,6.0,30.0,530.0,22.2,25.0
2024-01-18 10:32:54,1.0,37.0,539.0,22.2,25.0
2024-01-18 10:42:53,2.0,47.0,566.0,22.3,25.0
2024-01-18 10:52:53,0.0,53.0,588.0,22.2,25.0
2024-01-18 11:02:53,4.0,50.0,599.0,22.2,25.0
2024-01-18 11:12:53,2.0,63.0,580.0,22.3,25.0
2024-01-18 11:22:53,3.0,63.0,584.0,22.4,25.0
2024-01-18 11:32:53,3.0,104.0,601.0,22.4,25.0
2024-01-18 11:42:53,5.0,141.0,608.0,22.4,26.0
2024-01-18 11:52:53,4.0,188.0,576.0,22.5,25.0
2024-01-18 12:02:53,2.0,181.0,571.0,22.5,25.0
2024-01-18 12:12:53,1.0,171.0,539.0,22.5,25.0
2024-01-18 12:22:53,2.0,154.0,546.0,22.5,25.0
2024-01-18 12:32:53,5.0,111.0,554.0,22.5,25.0
2024-01-18 12:42:53,6.0,114.0,543.0,22.5,25.0
2024-01-18 12:52:53,9.0,90.0,584.0,22.5,25.0
2024-01-18 13:02:53,4.0,63.0,643.0,22.5,25.0
2024-01-18 13:12:53,2.0,37.0,666.0,22.5,25.0
2024-01-18 13:22:53,6.0,33.0,701.0,22.5,25.0
2024-01-18 13:32:53,1.0,37.0,660.0,22.5,25.0
2024-01-18 13:42:53,1.0,33.0,650.0,22.5,25.0
2024-01-18 13:52:53,7.0,30.0,744.0,22.5,26.0
2024-01-18 14:02:53,3.0,33.0,659.0,22.5,25.0
2024-01-18 14:12:53,2.0,30.0,708.0,22.5,25.0
2024-01-18 14:22:53,0.0,30.0,682.0,22.5,25.0
2024-01-18 14:32:53,2.0,30.0,1166.0,22.6,29.0
2024-01-18 14:42:53,4.0,30.0,725.0,22.6,26.0
2024-01-18 14:52:53,3.0,30.0,730.0,22.6,25.0
2024-01-18 15:02:53,2.0,30.0,706.0,22.6,25.0
2024-01-18 15:12:54,2.0,30.0,708.0,22.6,25.0
2024-01-18 15:22:53,3.0,26.0,731.0,22.6,24.0
2024-01-18 15:32:53,4.0,26.0,772.0,22.5,25.0
2024-01-18 15:42:53,1.0,26.0,725.0,22.6,24.0
2024-01-18 15:52:53,3.0,30.0,808.0,22.6,24.0
2024-01-18 16:02:53,0.0,30.0,811.0,22.5,24.0
2024-01-18 16:12:52,2.0,30.0,817.0,22.6,24.0
2024-01-18 16:22:52,0.0,30.0,781.0,22.6,24.0
2024-01-18 16:32:52,0.0,30.0,765.0,22.6,24.0
2024-01-18 16:42:53,0.0,30.0,772.0,22.5,25.0
2024-01-18 16:52:52,2.0,30.0,752.0,22.6,24.0
2024-01-18 17:02:52,3.0,30.0,1513.0,22.5,29.0
2024-01-18 17:12:52,5.0,30.0,1247.0,22.6,29.0
2024-01-18 17:22:52,0.0,30.0,1098.0,22.6,28.0
2024-01-18 17:32:52,0.0,3.0,1086.0,22.5,28.0
2024-01-18 17:43:27,2.0,6.0,1035.0,22.5,28.0
2024-01-18 17:52:52,2.0,3.0,916.0,22.4,28.0
2024-01-18 18:02:52,0.0,3.0,910.0,22.4,27.0
2024-01-18 18:52:52,0.0,3.0,804.0,22.3,27.0
2024-01-18 19:02:52,0.0,3.0,774.0,22.2,27.0
2024-01-18 19:12:52,0.0,3.0,701.0,22.2,26.0
2024-01-18 19:22:52,0.0,0.0,646.0,22.2,26.0
2024-01-18 19:32:52,0.0,0.0,642.0,22.2,25.0
2024-01-18 19:42:52,0.0,0.0,593.0,22.2,25.0
2024-01-18 19:52:52,0.0,0.0,567.0,22.2,25.0
2024-01-18 20:02:52,0.0,0.0,578.0,22.1,25.0
2024-01-18 20:12:52,0.0,3.0,578.0,22.2,25.0
2024-01-18 20:22:52,0.0,0.0,589.0,22.1,25.0
2024-01-18 20:32:52,0.0,0.0,628.0,22.1,25.0
2024-01-18 20:42:52,1.0,26.0,555.0,22.1,25.0
2024-01-18 20:52:52,0.0,26.0,579.0,22.1,25.0
2024-01-18 21:02:52,0.0,0.0,649.0,22.1,26.0
2024-01-18 21:12:52,2.0,26.0,609.0,22.1,25.0
2024-01-18 21:22:52,0.0,26.0,597.0,22.1,25.0
2024-01-18 21:32:51,0.0,0.0,561.0,22.1,25.0
2024-01-18 21:42:51,0.0,26.0,525.0,22.1,24.0
2024-01-18 21:52:51,2.0,26.0,577.0,22.0,25.0
2024-01-18 22:02:51,0.0,0.0,575.0,22.0,24.0
2024-01-18 22:12:52,1.0,26.0,571.0,22.0,25.0
2024-01-18 22:22:51,0.0,26.0,539.0,22.1,25.0
2024-01-18 22:32:51,0.0,0.0,533.0,22.0,25.0
2024-01-18 22:42:51,0.0,0.0,520.0,22.0,25.0
2024-01-18 22:52:51,1.0,0.0,517.0,22.0,24.0
2024-01-18 23:02:51,0.0,0.0,496.0,22.0,24.0
2024-01-18 23:12:51,0.0,0.0,517.0,22.1,25.0
2024-01-18 23:22:51,0.0,0.0,483.0,22.0,24.0
2024-01-18 23:32:51,0.0,0.0,478.0,22.1,24.0
2024-01-18 23:42:51,1.0,26.0,753.0,22.1,25.0
2024-01-18 23:52:51,0.0,26.0,589.0,22.1,25.0
2024-01-19 00:02:51,0.0,0.0,523.0,22.0,25.0
2024-01-19 00:12:51,0.0,0.0,501.0,22.0,24.0
2024-01-19 00:22:51,0.0,0.0,463.0,22.0,24.0
2024-01-19 00:32:51,0.0,0.0,478.0,22.0,24.0
2024-01-19 00:42:51,0.0,0.0,479.0,22.0,24.0
2024-01-19 00:52:51,4.0,30.0,624.0,22.0,25.0
2024-01-19 01:02:51,0.0,26.0,549.0,22.0,24.0
2024-01-19 01:12:51,0.0,0.0,493.0,22.0,24.0
2024-01-19 01:22:51,0.0,0.0,498.0,22.0,24.0
2024-01-19 01:32:51,0.0,0.0,500.0,22.0,24.0
2024-01-19 01:42:51,0.0,0.0,486.0,22.0,24.0
2024-01-19 01:52:51,0.0,0.0,476.0,22.0,24.0
2024-01-19 02:02:51,0.0,0.0,493.0,22.0,24.0
2024-01-19 02:12:51,0.0,0.0,469.0,22.0,24.0
2024-01-19 02:22:51,0.0,0.0,631.0,22.0,25.0
2024-01-19 02:32:51,0.0,26.0,571.0,22.0,25.0
2024-01-19 02:42:51,0.0,26.0,549.0,22.0,25.0
2024-01-19 02:52:51,0.0,0.0,513.0,22.0,25.0
2024-01-19 03:02:50,1.0,6.0,507.0,22.0,25.0
2024-01-19 03:12:50,4.0,26.0,495.0,21.9,25.0
2024-01-19 03:22:50,0.0,26.0,498.0,22.0,25.0
2024-01-19 03:32:50,0.0,0.0,521.0,22.0,26.0
2024-01-19 03:42:50,0.0,0.0,499.0,22.0,25.0
2024-01-19 03:52:50,0.0,0.0,488.0,22.0,25.0
2024-01-19 04:02:50,0.0,0.0,505.0,21.9,26.0
2024-01-19 04:12:50,0.0,0.0,467.0,22.0,25.0
2024-01-19 04:22:50,2.0,26.0,500.0,22.0,26.0
2024-01-19 04:32:50,0.0,26.0,464.0,22.0,26.0
2024-01-19 04:42:50,0.0,0.0,479.0,22.0,26.0
2024-01-19 04:52:50,0.0,0.0,472.0,22.0,26.0
2024-01-19 05:02:50,0.0,0.0,485.0,21.9,26.0
2024-01-19 05:12:50,1.0,26.0,453.0,21.9,26.0
2024-01-19 05:22:50,0.0,26.0,451.0,21.9,26.0
2024-01-19 05:32:50,0.0,0.0,443.0,21.9,26.0
2024-01-19 05:42:50,0.0,0.0,449.0,21.9,26.0
2024-01-19 05:52:50,0.0,0.0,412.0,22.0,25.0
2024-01-19 06:02:50,0.0,0.0,429.0,22.0,25.0
2024-01-19 06:12:50,0.0,0.0,461.0,22.0,26.0
2024-01-19 06:22:50,1.0,26.0,460.0,21.9,26.0
2024-01-19 06:32:50,2.0,26.0,492.0,21.9,26.0
2024-01-19 06:42:50,1.0,0.0,545.0,21.9,27.0
2024-01-19 06:52:50,0.0,0.0,544.0,22.0,27.0
2024-01-19 07:02:50,1.0,0.0,533.0,22.0,27.0
2024-01-19 07:12:50,1.0,0.0,547.0,22.0,27.0
2024-01-19 07:22:50,5.0,26.0,593.0,22.0,27.0
2024-01-19 07:32:50,5.0,26.0,541.0,22.0,27.0
2024-01-19 07:42:50,2.0,30.0,441.0,21.9,25.0
2024-01-19 07:52:50,3.0,30.0,478.0,22.0,25.0
2024-01-19 08:02:50,5.0,30.0,507.0,22.1,26.0
2024-01-19 08:12:50,2.0,33.0,519.0,22.1,26.0
2024-01-19 08:22:50,7.0,30.0,526.0,22.1,26.0
2024-01-19 08:32:49,6.0,40.0,542.0,22.1,26.0
2024-01-19 08:42:49,5.0,40.0,556.0,22.1,26.0
2024-01-19 08:52:49,2.0,40.0,560.0,22.1,26.0
2024-01-19 09:02:50,9.0,37.0,584.0,22.1,26.0
2024-01-19 09:12:49,2.0,33.0,591.0,22.1,26.0
2024-01-19 09:22:49,9.0,37.0,644.0,22.2,27.0
2024-01-19 09:32:49,8.0,33.0,607.0,22.1,26.0
2024-01-19 09:42:49,5.0,37.0,640.0,22.1,26.0
2024-01-19 09:52:49,1.0,37.0,651.0,22.2,26.0
2024-01-19 10:02:49,4.0,37.0,703.0,22.2,26.0
2024-01-19 10:12:49,6.0,37.0,652.0,22.2,26.0
2024-01-19 10:22:49,6.0,40.0,679.0,22.2,26.0
2024-01-19 10:32:49,3.0,40.0,712.0,22.2,26.0
2024-01-19 10:42:49,4.0,47.0,800.0,22.2,27.0
2024-01-19 10:52:49,2.0,53.0,840.0,22.1,28.0
2024-01-19 11:02:49,2.0,50.0,730.0,22.1,27.0
2024-01-19 11:12:49,7.0,60.0,614.0,22.2,26.0
2024-01-19 11:22:49,0.0,60.0,666.0,22.2,26.0
2024-01-19 11:32:49,1.0,40.0,703.0,22.2,26.0
2024-01-19 11:42:49,2.0,33.0,688.0,22.3,26.0
2024-01-19 11:52:49,2.0,37.0,685.0,22.3,26.0
2024-01-19 12:02:49,8.0,37.0,775.0,22.3,27.0
2024-01-19 12:12:49,7.0,33.0,762.0,22.3,27.0
2024-01-19 12:22:49,2.0,37.0,806.0,22.3,28.0
2024-01-19 12:32:49,6.0,37.0,812.0,22.3,27.0
2024-01-19 12:42:49,7.0,33.0,834.0,22.3,28.0
2024-01-19 12:52:49,3.0,33.0,833.0,22.3,28.0
2024-01-19 13:02:49,4.0,33.0,782.0,22.4,27.0
2024-01-19 13:12:49,0.0,33.0,702.0,22.4,27.0
2024-01-19 13:22:49,0.0,33.0,697.0,22.4,27.0
2024-01-19 13:32:49,2.0,33.0,875.0,22.4,28.0
2024-01-19 13:42:49,2.0,33.0,916.0,22.4,28.0
2024-01-19 13:52:49,2.0,33.0,885.0,22.4,28.0
2024-01-19 14:02:48,6.0,33.0,983.0,22.4,29.0
2024-01-19 14:12:48,2.0,33.0,864.0,22.4,28.0
2024-01-19 14:22:48,2.0,30.0,852.0,22.4,28.0
2024-01-19 14:32:48,1.0,30.0,783.0,22.4,27.0
2024-01-19 14:42:48,6.0,30.0,874.0,22.4,28.0
2024-01-19 14:52:48,8.0,30.0,1017.0,22.4,29.0
2024-01-19 15:02:48,1.0,30.0,812.0,22.4,28.0
2024-01-19 15:22:48,3.0,37.0,790.0,22.4,27.0
2024-01-19 15:32:48,1.0,30.0,700.0,22.4,27.0
2024-01-19 15:42:48,2.0,30.0,749.0,22.4,27.0
2024-01-19 15:52:48,2.0,30.0,835.0,22.4,27.0
2024-01-19 16:02:48,4.0,30.0,684.0,22.3,27.0
2024-01-19 16:12:48,3.0,30.0,685.0,22.3,26.0
2024-01-19 16:22:48,5.0,30.0,715.0,22.3,27.0
2024-01-19 16:32:48,1.0,30.0,668.0,22.3,27.0
2024-01-19 16:42:48,2.0,30.0,724.0,22.3,27.0
2024-01-19 16:52:48,1.0,30.0,784.0,22.3,28.0
2024-01-19 17:02:48,1.0,30.0,777.0,22.2,28.0
2024-01-19 17:12:48,0.0,30.0,771.0,22.2,28.0
2024-01-19 17:22:48,0.0,30.0,803.0,22.3,28.0
2024-01-19 17:32:48,0.0,6.0,822.0,22.2,29.0
2024-01-19 17:42:48,0.0,6.0,841.0,22.2,29.0
2024-01-19 17:52:48,0.0,30.0,781.0,22.2,28.0
2024-01-19 18:02:48,0.0,30.0,734.0,22.2,28.0
2024-01-19 18:12:48,0.0,0.0,769.0,22.2,28.0
2024-01-19 18:22:48,0.0,0.0,737.0,22.2,29.0
2024-01-19 18:32:48,0.0,0.0,750.0,22.2,29.0
2024-01-19 18:42:48,1.0,0.0,720.0,22.2,28.0
2024-01-19 18:52:48,0.0,0.0,741.0,22.1,28.0
2024-01-19 19:02:48,0.0,26.0,749.0,22.2,29.0
2024-01-19 19:12:48,0.0,30.0,657.0,22.2,28.0
2024-01-19 19:22:47,0.0,0.0,735.0,22.2,29.0
2024-01-19 19:42:47,0.0,0.0,716.0,22.1,29.0
2024-01-19 19:52:47,0.0,0.0,742.0,22.2,29.0
2024-01-19 20:02:47,0.0,0.0,715.0,22.1,28.0
2024-01-19 20:12:47,0.0,0.0,719.0,22.2,29.0
2024-01-19 20:22:47,0.0,0.0,699.0,22.1,28.0
2024-01-19 20:32:47,0.0,0.0,695.0,22.2,28.0
2024-01-19 20:42:48,0.0,0.0,666.0,22.1,28.0
2024-01-19 20:52:47,0.0,0.0,689.0,22.1,28.0
2024-01-19 21:02:47,0.0,0.0,657.0,22.1,28.0
2024-01-19 21:12:47,0.0,0.0,662.0,22.2,28.0
2024-01-19 21:22:47,0.0,0.0,652.0,22.2,28.0
2024-01-19 21:32:47,0.0,0.0,648.0,22.2,28.0
2024-01-19 21:42:47,0.0,0.0,647.0,22.2,28.0
2024-01-19 21:52:47,0.0,0.0,634.0,22.2,28.0
2024-01-19 22:02:47,0.0,0.0,607.0,22.2,28.0
2024-01-19 22:12:47,1.0,0.0,670.0,22.1,29.0
2024-01-19 22:22:47,0.0,30.0,642.0,22.1,29.0
2024-01-19 22:32:47,0.0,30.0,575.0,22.1,28.0
2024-01-19 22:42:47,0.0,0.0,551.0,22.1,28.0
2024-01-19 22:52:47,0.0,0.0,540.0,22.1,28.0
2024-01-19 23:12:47,0.0,0.0,537.0,22.1,28.0
2024-01-19 23:22:47,0.0,0.0,535.0,22.1,28.0
2024-01-19 23:32:47,0.0,0.0,542.0,22.1,28.0
2024-01-19 23:42:47,0.0,0.0,530.0,22.1,28.0
2024-01-19 23:52:47,0.0,0.0,518.0,22.1,28.0
2024-01-20 00:02:47,0.0,0.0,523.0,22.1,28.0
2024-01-20 00:12:47,0.0,0.0,499.0,22.1,28.0
2024-01-20 00:22:47,0.0,0.0,503.0,22.1,28.0
2024-01-20 00:32:47,0.0,0.0,499.0,22.1,28.0
2024-01-20 00:42:47,0.0,0.0,504.0,22.1,27.0
2024-01-20 00:52:46,0.0,0.0,482.0,22.1,28.0
2024-01-20 01:02:46,0.0,0.0,496.0,22.1,28.0
2024-01-20 01:12:46,0.0,0.0,483.0,22.1,28.0
2024-01-20 01:22:46,0.0,0.0,471.0,22.1,27.0
2024-01-20 01:32:46,0.0,0.0,484.0,22.1,28.0
2024-01-20 01:42:46,0.0,0.0,482.0,22.0,28.0
2024-01-20 01:52:46,0.0,0.0,466.0,22.0,28.0
2024-01-20 02:02:46,0.0,0.0,463.0,22.1,27.0
2024-01-20 02:22:46,0.0,0.0,457.0,22.0,28.0
2024-01-20 02:32:46,0.0,0.0,455.0,22.0,27.0
2024-01-20 02:42:46,0.0,0.0,467.0,22.0,27.0
2024-01-20 02:52:46,0.0,0.0,459.0,22.1,28.0
2024-01-20 03:02:49,0.0,0.0,458.0,22.0,27.0
2024-01-20 03:12:49,0.0,0.0,448.0,22.0,28.0
2024-01-20 03:22:46,0.0,0.0,438.0,22.0,27.0
2024-01-20 03:32:46,0.0,0.0,432.0,22.0,28.0
2024-01-20 03:42:46,0.0,0.0,456.0,22.0,27.0
2024-01-20 03:52:46,0.0,0.0,440.0,22.0,28.0
2024-01-20 04:02:46,0.0,0.0,438.0,22.0,28.0
2024-01-20 04:12:46,0.0,0.0,429.0,22.0,28.0
2024-01-20 04:22:46,0.0,0.0,433.0,22.0,27.0
2024-01-20 04:32:46,0.0,0.0,430.0,22.0,28.0
2024-01-20 04:42:49,0.0,0.0,433.0,22.0,27.0
2024-01-20 04:52:46,0.0,0.0,431.0,22.0,28.0
2024-01-20 05:02:46,0.0,0.0,428.0,22.0,28.0
2024-01-20 05:12:46,0.0,0.0,423.0,22.0,28.0
2024-01-20 05:22:46,0.0,0.0,419.0,22.0,28.0
2024-01-20 05:32:46,0.0,0.0,425.0,22.0,28.0
2024-01-20 05:42:46,0.0,0.0,416.0,22.0,28.0
2024-01-20 05:52:46,0.0,0.0,426.0,22.0,28.0
2024-01-20 06:02:46,0.0,0.0,417.0,22.0,28.0
2024-01-20 06:12:46,0.0,0.0,433.0,22.0,28.0
2024-01-20 06:22:45,0.0,0.0,456.0,22.0,28.0
2024-01-20 06:42:45,1.0,30.0,438.0,22.0,29.0
2024-01-20 06:52:45,0.0,30.0,452.0,22.0,29.0
2024-01-20 07:02:45,1.0,0.0,472.0,22.0,29.0
2024-01-20 07:12:45,3.0,26.0,476.0,22.0,29.0
2024-01-20 07:22:45,1.0,30.0,502.0,22.0,29.0
2024-01-20 07:42:45,0.0,0.0,470.0,22.0,29.0
2024-01-20 07:52:45,1.0,0.0,474.0,22.0,30.0
2024-01-20 08:02:48,0.0,0.0,460.0,22.0,29.0
2024-01-20 08:12:45,0.0,0.0,460.0,22.0,29.0
2024-01-20 08:22:45,0.0,0.0,461.0,22.0,29.0
2024-01-20 08:32:45,0.0,3.0,438.0,22.0,29.0
2024-01-20 08:42:45,0.0,3.0,451.0,22.0,29.0
2024-01-20 08:52:45,0.0,3.0,467.0,22.0,29.0
2024-01-20 09:02:48,0.0,3.0,430.0,22.0,29.0
2024-01-20 09:12:45,0.0,3.0,427.0,22.0,29.0
2024-01-20 09:22:45,0.0,3.0,449.0,22.0,29.0
2024-01-20 09:32:45,0.0,3.0,437.0,22.0,29.0
2024-01-20 09:42:45,0.0,3.0,443.0,22.0,29.0
2024-01-20 09:52:45,0.0,3.0,439.0,22.0,29.0
2024-01-20 10:02:45,0.0,3.0,431.0,22.0,29.0
2024-01-20 10:12:45,0.0,3.0,421.0,22.0,29.0
2024-01-20 10:22:45,0.0,3.0,415.0,21.9,29.0
2024-01-20 10:32:45,0.0,3.0,427.0,21.9,29.0
2024-01-20 10:42:45,0.0,3.0,422.0,22.0,29.0
2024-01-20 10:52:45,0.0,3.0,415.0,22.0,29.0
2024-01-20 11:02:45,0.0,3.0,429.0,21.9,29.0
2024-01-20 11:12:45,0.0,3.0,411.0,22.0,29.0
2024-01-20 11:22:45,0.0,3.0,423.0,22.0,29.0
2024-01-20 11:32:45,1.0,3.0,419.0,22.0,29.0
2024-01-20 11:42:45,0.0,3.0,419.0,21.9,29.0
2024-01-20 11:52:44,0.0,3.0,422.0,21.9,29.0
2024-01-20 12:02:44,0.0,3.0,424.0,22.0,29.0
2024-01-20 12:12:44,0.0,3.0,422.0,21.9,29.0
2024-01-20 12:22:44,0.0,3.0,417.0,21.9,29.0
2024-01-20 12:32:45,0.0,3.0,415.0,21.9,29.0
2024-01-20 12:42:44,0.0,3.0,403.0,21.9,29.0
2024-01-20 12:52:44,0.0,3.0,426.0,21.9,29.0
2024-01-20 13:02:44,0.0,3.0,409.0,21.9,29.0
2024-01-20 13:12:44,0.0,3.0,415.0,21.9,29.0
2024-01-20 13:22:44,0.0,3.0,411.0,22.0,29.0
2024-01-20 13:32:44,0.0,3.0,411.0,21.9,29.0
2024-01-20 13:42:44,0.0,3.0,484.0,21.9,29.0
2024-01-20 13:52:44,0.0,3.0,447.0,21.9,29.0
2024-01-20 14:02:44,0.0,0.0,426.0,21.9,29.0
2024-01-20 14:12:44,0.0,0.0,426.0,21.9,29.0
2024-01-20 14:22:44,0.0,0.0,429.0,21.9,29.0
2024-01-20 14:32:44,1.0,0.0,432.0,21.9,29.0
2024-01-20 14:42:44,0.0,0.0,419.0,21.9,29.0
2024-01-20 14:52:44,0.0,0.0,421.0,21.9,29.0
2024-01-20 15:02:44,0.0,0.0,423.0,21.9,29.0
2024-01-20 15:12:44,0.0,0.0,421.0,21.9,29.0
2024-01-20 15:22:44,0.0,0.0,424.0,21.9,29.0
2024-01-20 15:32:44,0.0,0.0,408.0,21.9,29.0
2024-01-20 15:42:44,0.0,0.0,424.0,21.9,29.0
2024-01-20 15:52:44,0.0,0.0,410.0,21.9,29.0
2024-01-20 16:02:44,3.0,33.0,430.0,21.9,29.0
2024-01-20 16:12:44,0.0,30.0,402.0,21.9,29.0
2024-01-20 16:22:44,0.0,0.0,406.0,21.9,28.0
2024-01-20 16:32:44,2.0,30.0,465.0,21.9,29.0
2024-01-20 16:42:44,1.0,30.0,458.0,21.9,29.0
2024-01-20 16:52:44,1.0,0.0,436.0,21.9,29.0
2024-01-20 17:02:44,0.0,30.0,491.0,21.9,29.0
2024-01-20 17:12:43,0.0,30.0,466.0,21.9,29.0
2024-01-20 17:22:43,1.0,33.0,478.0,21.9,29.0
2024-01-20 17:32:43,4.0,30.0,577.0,21.9,29.0
2024-01-20 17:42:43,1.0,0.0,512.0,21.9,29.0
2024-01-20 17:52:44,0.0,0.0,728.0,21.9,30.0
2024-01-20 18:02:43,0.0,0.0,519.0,21.9,29.0
2024-01-20 18:12:43,1.0,30.0,701.0,21.9,30.0
2024-01-20 18:22:43,0.0,30.0,556.0,21.9,29.0
2024-01-20 18:32:43,0.0,0.0,530.0,21.9,29.0
2024-01-20 18:42:43,0.0,0.0,486.0,22.0,29.0
2024-01-20 18:52:43,0.0,0.0,474.0,21.9,29.0
2024-01-20 19:02:43,0.0,0.0,461.0,22.0,29.0
2024-01-20 19:12:43,0.0,0.0,468.0,21.9,29.0
2024-01-20 19:22:43,0.0,0.0,474.0,21.9,29.0
2024-01-20 19:32:43,0.0,0.0,471.0,21.9,29.0
2024-01-20 19:42:43,0.0,0.0,464.0,21.9,29.0
2024-01-20 19:52:43,0.0,0.0,452.0,21.9,29.0
2024-01-20 20:02:43,0.0,0.0,459.0,21.9,28.0
2024-01-20 20:12:43,0.0,0.0,441.0,21.9,28.0
2024-01-20 20:32:43,0.0,0.0,438.0,21.8,28.0
2024-01-20 20:42:43,0.0,0.0,448.0,21.9,29.0
2024-01-20 20:52:43,0.0,0.0,436.0,21.9,28.0
2024-01-20 21:02:43,0.0,0.0,441.0,21.9,28.0
2024-01-20 21:12:43,0.0,0.0,445.0,21.9,29.0
2024-01-20 21:22:43,0.0,0.0,436.0,21.9,28.0
2024-01-20 21:32:43,0.0,0.0,435.0,21.9,28.0
2024-01-20 21:42:43,0.0,0.0,435.0,21.9,28.0
2024-01-20 21:52:43,0.0,0.0,425.0,21.9,28.0
2024-01-20 22:02:43,0.0,0.0,428.0,21.9,29.0
2024-01-20 22:12:43,0.0,0.0,429.0,21.8,28.0
2024-01-20 22:22:43,0.0,0.0,426.0,21.8,28.0
2024-01-20 22:32:43,0.0,0.0,424.0,21.9,29.0
2024-01-20 22:42:42,0.0,0.0,424.0,21.8,28.0
2024-01-20 22:52:42,0.0,0.0,426.0,21.9,28.0
2024-01-20 23:02:42,0.0,0.0,435.0,21.9,28.0
2024-01-20 23:12:42,0.0,0.0,424.0,21.9,28.0
2024-01-20 23:22:42,1.0,23.0,429.0,21.9,29.0
2024-01-20 23:32:42,0.0,30.0,478.0,21.8,29.0
2024-01-20 23:42:42,0.0,0.0,487.0,21.9,29.0
2024-01-20 23:52:42,0.0,0.0,460.0,21.9,28.0
2024-01-21 00:02:42,0.0,0.0,454.0,21.9,28.0
2024-01-21 00:12:42,0.0,0.0,429.0,21.9,29.0
2024-01-21 00:22:42,1.0,30.0,453.0,21.8,29.0
2024-01-21 00:32:42,0.0,30.0,435.0,21.9,28.0
2024-01-21 00:42:42,0.0,0.0,432.0,21.8,28.0
2024-01-21 00:52:42,0.0,0.0,430.0,21.9,28.0
2024-01-21 01:02:42,0.0,0.0,429.0,21.9,28.0
2024-01-21 01:12:42,0.0,0.0,419.0,21.9,28.0
2024-01-21 01:22:42,0.0,0.0,438.0,21.9,28.0
2024-01-21 01:32:42,0.0,0.0,431.0,21.9,28.0
2024-01-21 01:42:42,0.0,0.0,431.0,21.8,28.0
2024-01-21 01:52:42,0.0,0.0,423.0,21.9,28.0
2024-01-21 02:02:42,0.0,0.0,412.0,21.9,28.0
2024-01-21 02:12:42,0.0,0.0,415.0,21.9,28.0
2024-01-21 02:22:42,0.0,0.0,397.0,21.9,28.0
2024-01-21 02:32:42,0.0,0.0,416.0,21.9,28.0
2024-01-21 02:42:42,0.0,0.0,417.0,21.9,28.0
2024-01-21 02:52:42,0.0,0.0,416.0,21.8,28.0
2024-01-21 03:02:42,0.0,0.0,430.0,21.8,28.0
2024-01-21 03:12:42,0.0,0.0,415.0,21.8,28.0
2024-01-21 03:22:42,0.0,0.0,423.0,21.8,28.0
2024-01-21 03:32:42,0.0,0.0,417.0,21.9,28.0
2024-01-21 03:42:42,0.0,0.0,413.0,21.9,28.0
2024-01-21 03:52:42,0.0,0.0,431.0,21.8,28.0
2024-01-21 04:02:42,0.0,0.0,417.0,21.9,28.0
2024-01-21 04:12:41,0.0,0.0,420.0,21.9,28.0
2024-01-21 04:22:41,0.0,0.0,418.0,21.8,28.0
2024-01-21 04:32:41,0.0,0.0,421.0,21.9,28.0
2024-01-21 04:42:41,0.0,0.0,410.0,21.8,28.0
2024-01-21 04:52:41,0.0,0.0,417.0,21.8,28.0
2024-01-21 05:02:41,0.0,0.0,413.0,21.8,28.0
2024-01-21 05:12:41,0.0,0.0,397.0,21.9,27.0
2024-01-21 05:22:41,0.0,0.0,418.0,21.9,28.0
2024-01-21 05:32:41,0.0,0.0,410.0,21.8,28.0
2024-01-21 05:42:41,0.0,0.0,402.0,21.8,27.0
2024-01-21 05:52:41,0.0,0.0,414.0,21.8,28.0
2024-01-21 06:02:41,0.0,0.0,415.0,21.8,27.0
2024-01-21 06:12:41,0.0,0.0,402.0,21.8,27.0
2024-01-21 06:22:41,0.0,0.0,405.0,21.8,27.0
2024-01-21 06:42:41,0.0,0.0,400.0,21.9,27.0
2024-01-21 06:52:41,0.0,0.0,400.0,21.9,27.0
2024-01-21 07:02:41,0.0,0.0,407.0,21.8,27.0
2024-01-21 07:12:41,0.0,0.0,406.0,21.8,27.0
2024-01-21 07:22:41,0.0,0.0,389.0,21.8,27.0
2024-01-21 07:32:41,0.0,0.0,414.0,21.8,27.0
2024-01-21 07:42:41,0.0,0.0,421.0,21.8,27.0
2024-01-21 07:52:41,2.0,30.0,417.0,21.8,27.0
2024-01-21 08:02:41,1.0,30.0,432.0,21.8,27.0
2024-01-21 08:12:41,0.0,0.0,415.0,21.9,27.0
2024-01-21 08:22:41,0.0,3.0,415.0,21.9,27.0
2024-01-21 08:32:41,0.0,3.0,406.0,21.9,27.0
2024-01-21 08:42:41,0.0,3.0,402.0,21.9,27.0
2024-01-21 08:52:41,0.0,3.0,414.0,21.8,27.0
2024-01-21 09:02:41,0.0,3.0,410.0,21.9,27.0
2024-01-21 09:12:41,0.0,3.0,417.0,21.9,27.0
2024-01-21 09:22:41,0.0,3.0,417.0,21.8,27.0
2024-01-21 09:32:40,0.0,3.0,416.0,21.8,27.0
2024-01-21 09:42:40,0.0,3.0,416.0,21.8,27.0
2024-01-21 09:52:40,0.0,3.0,414.0,21.9,27.0
2024-01-21 10:02:40,0.0,3.0,413.0,21.8,27.0
2024-01-21 10:12:40,0.0,3.0,413.0,21.9,27.0
2024-01-21 10:22:40,0.0,3.0,412.0,21.8,27.0
2024-01-21 10:32:40,0.0,3.0,403.0,21.8,27.0
2024-01-21 10:42:40,0.0,3.0,395.0,21.8,27.0
2024-01-21 10:52:40,0.0,3.0,400.0,21.9,27.0
2024-01-21 11:02:40,0.0,3.0,420.0,21.9,27.0
2024-01-21 11:12:40,0.0,3.0,409.0,21.8,27.0
2024-01-21 11:22:40,0.0,3.0,418.0,21.8,27.0
2024-01-21 11:32:40,0.0,3.0,409.0,21.8,27.0
2024-01-21 11:42:40,0.0,3.0,396.0,21.9,27.0
2024-01-21 11:52:40,0.0,3.0,402.0,21.8,27.0
2024-01-21 12:02:40,0.0,3.0,407.0,21.8,27.0
2024-01-21 12:12:40,0.0,3.0,408.0,21.8,27.0
2024-01-21 12:22:40,0.0,3.0,393.0,21.8,27.0
2024-01-21 12:32:40,0.0,3.0,403.0,21.8,27.0
2024-01-21 12:42:40,1.0,3.0,413.0,21.8,27.0
2024-01-21 12:52:40,0.0,3.0,404.0,21.8,27.0
2024-01-21 13:02:40,0.0,3.0,413.0,21.9,27.0
2024-01-21 13:12:40,0.0,0.0,394.0,21.8,26.0
2024-01-21 13:22:40,2.0,33.0,394.0,21.8,26.0
2024-01-21 13:32:40,1.0,30.0,413.0,21.8,27.0
2024-01-21 13:42:40,0.0,3.0,439.0,21.8,26.0
2024-01-21 13:52:40,0.0,3.0,444.0,21.9,27.0
2024-01-21 14:02:40,0.0,3.0,441.0,21.8,27.0
2024-01-21 14:12:40,0.0,3.0,426.0,21.8,26.0
2024-01-21 14:22:40,0.0,3.0,415.0,21.8,26.0
2024-01-21 14:32:40,0.0,0.0,437.0,21.8,26.0
2024-01-21 14:42:40,1.0,30.0,441.0,21.8,26.0
2024-01-21 14:52:40,0.0,30.0,434.0,21.8,26.0
2024-01-21 15:02:39,0.0,0.0,415.0,21.8,26.0
2024-01-21 15:12:39,0.0,0.0,426.0,21.8,26.0
2024-01-21 15:22:39,0.0,33.0,457.0,21.8,26.0
2024-01-21 15:32:39,0.0,33.0,478.0,21.9,26.0
2024-01-21 15:42:39,0.0,0.0,507.0,21.9,26.0
2024-01-21 15:52:39,0.0,0.0,428.0,21.9,26.0
2024-01-21 16:02:39,0.0,0.0,425.0,21.8,26.0
2024-01-21 16:12:39,0.0,0.0,409.0,21.9,26.0
2024-01-21 16:22:39,0.0,0.0,420.0,21.9,26.0
2024-01-21 16:32:39,0.0,0.0,410.0,21.9,26.0
2024-01-21 16:42:39,0.0,0.0,420.0,21.9,27.0
2024-01-21 16:52:39,0.0,0.0,410.0,21.8,27.0
2024-01-21 17:02:39,1.0,30.0,519.0,21.8,27.0
2024-01-21 17:12:39,0.0,30.0,443.0,21.9,27.0
2024-01-21 17:22:39,0.0,0.0,430.0,21.9,27.0
2024-01-21 17:32:39,0.0,0.0,424.0,21.8,27.0
2024-01-21 17:42:39,0.0,0.0,420.0,21.9,27.0
2024-01-21 17:52:39,0.0,0.0,419.0,21.9,27.0
2024-01-21 18:02:39,0.0,0.0,416.0,21.9,27.0
2024-01-21 18:12:39,1.0,0.0,439.0,21.8,27.0
2024-01-21 18:22:39,0.0,0.0,437.0,21.9,27.0
2024-01-21 18:32:39,0.0,0.0,434.0,21.8,27.0
2024-01-21 18:42:39,1.0,0.0,438.0,21.9,27.0
2024-01-21 18:52:39,0.0,0.0,472.0,21.8,27.0
2024-01-21 19:02:39,1.0,23.0,499.0,21.8,27.0
2024-01-21 19:12:39,0.0,30.0,486.0,21.9,28.0
2024-01-21 19:22:39,0.0,0.0,461.0,21.9,27.0
2024-01-21 19:32:39,0.0,0.0,457.0,21.9,27.0
2024-01-21 19:42:39,0.0,26.0,450.0,21.8,27.0
2024-01-21 19:52:39,0.0,30.0,481.0,21.8,27.0
2024-01-21 20:02:39,0.0,0.0,437.0,21.9,27.0
2024-01-21 20:12:39,0.0,0.0,463.0,21.8,27.0
2024-01-21 20:22:39,0.0,0.0,431.0,21.8,27.0
2024-01-21 20:32:38,0.0,30.0,495.0,21.8,27.0
2024-01-21 20:42:38,0.0,30.0,464.0,21.9,27.0
2024-01-21 20:52:38,1.0,0.0,467.0,21.8,27.0
2024-01-21 21:02:38,1.0,30.0,543.0,21.9,28.0
2024-01-21 21:12:39,0.0,30.0,518.0,21.8,28.0
2024-01-21 21:22:38,0.0,0.0,529.0,21.9,28.0
2024-01-21 21:32:39,0.0,0.0,476.0,21.8,28.0
2024-01-21 21:52:38,0.0,0.0,480.0,21.8,28.0
2024-01-21 22:02:38,0.0,0.0,466.0,21.9,28.0
2024-01-21 22:12:38,0.0,0.0,456.0,21.8,28.0
2024-01-21 22:22:38,0.0,26.0,449.0,21.8,28.0
2024-01-21 22:32:38,0.0,30.0,457.0,21.9,28.0
2024-01-21 22:42:38,0.0,0.0,523.0,21.9,28.0
2024-01-21 22:52:38,0.0,0.0,492.0,21.9,28.0
2024-01-21 23:02:38,0.0,0.0,461.0,21.8,28.0
2024-01-21 23:12:38,0.0,0.0,462.0,21.8,28.0
2024-01-21 23:22:38,0.0,0.0,452.0,21.8,28.0
2024-01-21 23:32:38,0.0,0.0,458.0,21.8,28.0
2024-01-21 23:42:38,0.0,0.0,430.0,21.8,28.0
2024-01-21 23:52:38,0.0,0.0,434.0,21.8,28.0
2024-01-22 00:02:38,0.0,0.0,441.0,21.8,28.0
2024-01-22 00:12:38,0.0,0.0,428.0,21.8,28.0
2024-01-22 00:22:38,0.0,0.0,436.0,21.8,28.0
2024-01-22 00:32:38,5.0,30.0,514.0,21.8,28.0
2024-01-22 00:42:38,0.0,30.0,489.0,21.9,28.0
2024-01-22 00:52:38,0.0,0.0,450.0,21.8,28.0
2024-01-22 01:02:38,0.0,0.0,436.0,21.8,28.0
2024-01-22 01:12:38,0.0,0.0,447.0,21.8,28.0
2024-01-22 01:22:38,0.0,0.0,430.0,21.8,28.0
2024-01-22 01:32:38,0.0,0.0,417.0,21.8,28.0
2024-01-22 01:42:38,0.0,0.0,425.0,21.9,28.0
2024-01-22 01:52:38,0.0,0.0,413.0,21.8,28.0
2024-01-22 02:02:37,0.0,0.0,421.0,21.8,28.0
2024-01-22 02:12:37,0.0,0.0,408.0,21.8,28.0
2024-01-22 02:22:37,0.0,0.0,403.0,21.8,28.0
2024-01-22 02:32:38,0.0,0.0,410.0,21.8,28.0
2024-01-22 02:42:37,0.0,0.0,408.0,21.8,28.0
2024-01-22 02:52:37,0.0,0.0,418.0,21.8,28.0
2024-01-22 03:02:37,0.0,0.0,407.0,21.8,28.0
2024-01-22 03:12:37,0.0,0.0,398.0,21.7,28.0
2024-01-22 03:22:37,0.0,0.0,410.0,21.8,28.0
2024-01-22 03:32:37,0.0,0.0,412.0,21.8,28.0
2024-01-22 03:42:37,0.0,0.0,396.0,21.8,28.0
2024-01-22 03:52:37,0.0,0.0,393.0,21.8,28.0
2024-01-22 04:02:37,0.0,0.0,407.0,21.7,28.0
2024-01-22 04:12:37,0.0,0.0,395.0,21.8,28.0
2024-01-22 04:22:37,0.0,0.0,393.0,21.8,28.0
2024-01-22 04:32:37,0.0,0.0,403.0,21.8,28.0
2024-01-22 04:42:37,0.0,3.0,387.0,21.8,28.0
2024-01-22 04:52:37,0.0,0.0,406.0,21.8,28.0
2024-01-22 05:02:37,0.0,0.0,389.0,21.8,28.0
2024-01-22 05:12:37,0.0,0.0,383.0,21.7,28.0
2024-01-22 05:22:37,0.0,0.0,389.0,21.8,28.0
2024-01-22 05:32:37,0.0,0.0,391.0,21.8,28.0
2024-01-22 05:42:37,0.0,0.0,389.0,21.8,28.0
2024-01-22 05:52:37,0.0,0.0,403.0,21.8,28.0
2024-01-22 06:02:37,0.0,0.0,384.0,21.8,28.0
2024-01-22 06:12:37,0.0,0.0,400.0,21.7,28.0
2024-01-22 06:22:37,0.0,0.0,389.0,21.8,28.0
2024-01-22 06:32:37,0.0,0.0,398.0,21.8,28.0
2024-01-22 06:42:37,0.0,0.0,386.0,21.8,28.0
2024-01-22 07:02:37,1.0,30.0,397.0,21.8,29.0
2024-01-22 07:12:37,3.0,30.0,425.0,21.8,29.0
2024-01-22 07:22:37,3.0,30.0,453.0,21.8,29.0
2024-01-22 07:32:36,0.0,30.0,407.0,21.8,30.0
2024-01-22 07:42:36,2.0,26.0,430.0,21.8,30.0
2024-01-22 07:52:37,1.0,26.0,444.0,21.8,30.0
2024-01-22 08:02:36,0.0,26.0,452.0,21.8,30.0
2024-01-22 08:12:36,0.0,26.0,411.0,21.9,29.0
2024-01-22 08:22:36,2.0,26.0,458.0,21.8,30.0
2024-01-22 08:32:36,3.0,26.0,437.0,21.8,30.0
2024-01-22 08:42:36,1.0,26.0,442.0,21.9,30.0
2024-01-22 08:52:36,2.0,26.0,450.0,21.8,30.0
2024-01-22 09:02:36,4.0,26.0,422.0,21.9,30.0
2024-01-22 09:12:36,0.0,26.0,512.0,21.9,31.0
2024-01-22 09:22:36,1.0,26.0,475.0,21.9,31.0
2024-01-22 09:32:36,0.0,30.0,538.0,21.9,32.0
2024-01-22 09:42:36,1.0,30.0,571.0,21.9,32.0
2024-01-22 09:52:36,2.0,33.0,624.0,21.9,33.0
2024-01-22 10:02:36,2.0,30.0,602.0,22.0,33.0
2024-01-22 10:12:36,5.0,30.0,580.0,22.0,33.0
2024-01-22 10:22:36,1.0,30.0,488.0,21.9,33.0
2024-01-22 10:32:36,1.0,30.0,498.0,21.9,33.0
2024-01-22 10:42:36,0.0,30.0,510.0,21.9,33.0
2024-01-22 10:52:36,2.0,30.0,566.0,21.9,33.0
2024-01-22 11:02:36,2.0,30.0,655.0,21.9,33.0
2024-01-22 11:12:36,2.0,30.0,648.0,21.9,33.0
2024-01-22 11:22:36,2.0,30.0,642.0,22.0,33.0
2024-01-22 11:32:36,3.0,30.0,633.0,22.0,33.0
2024-01-22 11:42:36,3.0,30.0,611.0,21.9,33.0
2024-01-22 11:52:36,2.0,30.0,605.0,22.0,33.0
2024-01-22 12:02:36,4.0,33.0,599.0,22.0,33.0
2024-01-22 12:12:36,1.0,33.0,531.0,22.0,33.0
2024-01-22 12:22:36,0.0,33.0,490.0,22.0,33.0
2024-01-22 12:32:36,0.0,30.0,509.0,22.1,32.0
2024-01-22 12:42:36,1.0,33.0,521.0,22.0,32.0
2024-01-22 12:52:36,2.0,33.0,548.0,22.0,32.0
2024-01-22 13:02:35,1.0,33.0,533.0,22.0,32.0
2024-01-22 13:12:36,3.0,33.0,688.0,22.1,33.0
2024-01-22 13:22:36,1.0,33.0,585.0,22.1,32.0
2024-01-22 13:32:35,2.0,33.0,604.0,22.1,32.0
2024-01-22 13:42:35,1.0,30.0,588.0,22.1,32.0
2024-01-22 13:52:35,1.0,33.0,898.0,22.2,34.0
2024-01-22 14:02:35,1.0,30.0,656.0,22.1,33.0
2024-01-22 14:12:35,1.0,30.0,622.0,22.1,32.0
2024-01-22 14:22:35,7.0,30.0,907.0,22.1,34.0
2024-01-22 14:32:35,2.0,30.0,831.0,22.1,34.0
2024-01-22 14:42:35,2.0,30.0,720.0,22.1,33.0
2024-01-22 14:52:35,1.0,30.0,725.0,22.1,33.0
2024-01-22 15:02:35,1.0,30.0,721.0,22.1,33.0
2024-01-22 15:12:35,5.0,30.0,670.0,22.1,33.0
2024-01-22 15:22:35,0.0,30.0,721.0,22.1,33.0
2024-01-22 15:32:35,0.0,30.0,697.0,22.0,33.0
2024-01-22 15:42:35,1.0,30.0,611.0,22.0,32.0
2024-01-22 15:52:35,0.0,30.0,645.0,22.1,32.0
2024-01-22 16:02:35,1.0,30.0,748.0,22.0,32.0
2024-01-22 16:12:35,2.0,30.0,617.0,22.1,32.0
2024-01-22 16:22:35,6.0,30.0,1152.0,22.2,35.0
2024-01-22 16:32:35,0.0,30.0,863.0,22.2,34.0
2024-01-22 16:42:35,7.0,30.0,742.0,22.1,33.0
2024-01-22 16:52:35,1.0,30.0,716.0,22.1,33.0
2024-01-22 17:22:35,2.0,26.0,686.0,22.2,32.0
2024-01-22 17:32:35,2.0,3.0,671.0,22.2,32.0
2024-01-22 17:42:35,1.0,3.0,696.0,22.2,32.0
2024-01-22 17:52:35,0.0,3.0,666.0,22.2,32.0
2024-01-22 18:02:35,0.0,3.0,674.0,22.1,32.0
2024-01-22 18:12:35,0.0,3.0,646.0,22.2,32.0
2024-01-22 18:22:35,0.0,3.0,667.0,22.1,32.0
2024-01-22 18:32:35,0.0,0.0,675.0,22.1,32.0
2024-01-22 18:42:34,0.0,0.0,657.0,22.1,32.0
2024-01-22 18:52:34,0.0,0.0,633.0,22.0,32.0
2024-01-22 19:02:34,0.0,0.0,624.0,22.0,32.0
2024-01-22 19:12:34,0.0,0.0,610.0,22.1,32.0
2024-01-22 19:22:34,0.0,0.0,598.0,22.0,32.0
2024-01-22 19:32:34,0.0,0.0,582.0,22.0,32.0
2024-01-22 19:42:34,0.0,3.0,642.0,22.0,32.0
2024-01-22 19:52:34,0.0,3.0,646.0,22.1,32.0
2024-01-22 20:02:34,0.0,3.0,622.0,22.1,32.0
2024-01-22 20:12:34,0.0,3.0,611.0,22.1,32.0
2024-01-22 20:22:34,0.0,3.0,608.0,22.1,32.0
2024-01-22 20:32:34,0.0,0.0,608.0,22.1,32.0
2024-01-22 20:42:34,0.0,0.0,623.0,22.0,32.0
2024-01-22 20:52:34,0.0,0.0,631.0,22.0,32.0
2024-01-22 21:02:34,0.0,0.0,588.0,22.0,32.0
2024-01-22 21:12:34,0.0,0.0,598.0,22.0,32.0
2024-01-22 21:22:34,0.0,0.0,577.0,22.0,32.0
2024-01-22 21:32:34,1.0,0.0,575.0,22.0,32.0
2024-01-22 21:42:34,0.0,0.0,569.0,22.0,32.0
2024-01-22 21:52:35,0.0,0.0,558.0,22.0,32.0
2024-01-22 22:02:34,0.0,0.0,562.0,22.0,32.0
2024-01-22 22:12:34,0.0,0.0,558.0,22.0,32.0
2024-01-22 22:22:35,0.0,26.0,544.0,22.0,31.0
2024-01-22 22:32:34,0.0,26.0,558.0,22.0,31.0
2024-01-22 22:42:34,0.0,0.0,561.0,22.0,32.0
2024-01-22 22:52:34,0.0,0.0,554.0,22.0,31.0
2024-01-22 23:02:34,0.0,0.0,546.0,22.0,31.0
2024-01-22 23:12:34,0.0,0.0,529.0,22.0,31.0
2024-01-22 23:22:34,0.0,0.0,534.0,22.0,31.0
2024-01-22 23:32:34,0.0,0.0,518.0,22.0,31.0
2024-01-22 23:42:34,0.0,0.0,538.0,22.0,31.0
2024-01-22 23:52:34,0.0,0.0,524.0,22.0,31.0
2024-01-23 00:02:33,0.0,0.0,516.0,22.0,31.0
2024-01-23 00:12:34,0.0,0.0,517.0,21.9,31.0
2024-01-23 00:22:33,0.0,0.0,522.0,22.0,31.0
2024-01-23 00:32:34,0.0,0.0,522.0,21.9,31.0
2024-01-23 00:42:33,0.0,0.0,518.0,22.0,31.0
2024-01-23 00:52:33,0.0,0.0,500.0,21.9,31.0
2024-01-23 01:02:33,0.0,0.0,517.0,22.0,31.0
2024-01-23 01:22:33,0.0,0.0,489.0,22.0,31.0
2024-01-23 01:32:33,0.0,0.0,482.0,22.0,31.0
2024-01-23 01:42:33,0.0,0.0,510.0,22.0,31.0
2024-01-23 01:52:33,0.0,0.0,498.0,21.9,31.0
2024-01-23 02:02:33,0.0,0.0,492.0,21.9,31.0
2024-01-23 02:12:33,0.0,0.0,488.0,22.0,31.0
2024-01-23 02:22:33,0.0,0.0,477.0,22.0,31.0
2024-01-23 02:32:33,0.0,0.0,475.0,22.0,31.0
2024-01-23 02:42:33,0.0,0.0,503.0,21.9,31.0
2024-01-23 02:52:33,0.0,0.0,474.0,22.0,31.0
2024-01-23 03:02:33,1.0,26.0,448.0,22.0,31.0
2024-01-23 03:12:33,0.0,26.0,471.0,22.0,31.0
2024-01-23 03:22:33,0.0,0.0,468.0,22.0,31.0
2024-01-23 03:32:33,0.0,0.0,483.0,22.0,31.0
2024-01-23 03:42:33,0.0,0.0,487.0,22.0,31.0
2024-01-23 03:52:33,0.0,0.0,471.0,21.9,31.0
2024-01-23 04:02:33,2.0,26.0,464.0,22.0,31.0
2024-01-23 04:12:33,0.0,26.0,478.0,21.9,31.0
2024-01-23 04:22:33,4.0,0.0,466.0,21.9,31.0
2024-01-23 04:32:33,0.0,0.0,437.0,22.0,31.0
2024-01-23 04:42:33,0.0,0.0,427.0,22.0,31.0
2024-01-23 04:52:33,0.0,0.0,398.0,22.0,31.0
2024-01-23 05:02:33,0.0,26.0,522.0,22.0,31.0
2024-01-23 05:12:33,0.0,26.0,521.0,22.0,32.0
2024-01-23 05:22:32,0.0,0.0,459.0,22.0,31.0
2024-01-23 05:32:32,0.0,0.0,471.0,22.0,31.0
2024-01-23 05:42:32,0.0,0.0,470.0,22.0,31.0
2024-01-23 05:52:32,0.0,0.0,443.0,22.0,31.0
2024-01-23 06:02:32,0.0,23.0,445.0,22.0,31.0
2024-01-23 06:12:32,0.0,26.0,509.0,22.0,31.0
2024-01-23 06:22:32,0.0,0.0,495.0,22.0,31.0
2024-01-23 06:32:32,0.0,0.0,485.0,22.0,31.0
2024-01-23 06:42:32,0.0,26.0,478.0,22.0,31.0
2024-01-23 06:52:32,0.0,33.0,478.0,22.0,31.0
2024-01-23 07:02:32,1.0,33.0,546.0,22.0,31.0
2024-01-23 07:12:32,4.0,26.0,544.0,22.0,32.0
2024-01-23 07:22:32,0.0,26.0,508.0,22.0,31.0
2024-01-23 07:32:32,1.0,26.0,524.0,22.1,32.0
2024-01-23 07:42:32,7.0,33.0,688.0,22.1,33.0
2024-01-23 07:52:32,4.0,26.0,562.0,22.1,33.0
2024-01-23 08:02:32,1.0,26.0,618.0,22.1,33.0
2024-01-23 08:12:32,2.0,30.0,621.0,22.0,33.0
2024-01-23 08:22:32,3.0,30.0,619.0,22.1,33.0
2024-01-23 08:32:32,3.0,30.0,616.0,22.1,34.0
2024-01-23 08:42:32,2.0,30.0,602.0,22.1,34.0
2024-01-23 08:52:32,0.0,30.0,589.0,22.1,33.0
2024-01-23 09:02:32,2.0,30.0,578.0,22.1,33.0
2024-01-23 09:12:32,0.0,30.0,588.0,22.1,33.0
2024-01-23 09:22:32,3.0,30.0,566.0,22.1,33.0
2024-01-23 09:32:32,4.0,30.0,599.0,22.1,33.0
2024-01-23 09:42:32,0.0,30.0,587.0,22.1,33.0
2024-01-23 09:52:32,3.0,30.0,593.0,22.1,33.0
2024-01-23 10:02:32,3.0,30.0,585.0,22.1,33.0
2024-01-23 10:12:32,0.0,30.0,592.0,22.0,33.0
2024-01-23 10:22:32,0.0,30.0,592.0,22.1,33.0
2024-01-23 10:32:32,1.0,37.0,553.0,22.1,33.0
2024-01-23 10:42:32,4.0,40.0,560.0,22.1,33.0
2024-01-23 10:52:31,3.0,33.0,610.0,22.1,33.0
2024-01-23 11:02:31,6.0,37.0,608.0,22.1,33.0
2024-01-23 11:12:31,0.0,53.0,611.0,22.1,33.0
2024-01-23 11:22:31,3.0,40.0,633.0,22.1,33.0
2024-01-23 11:32:31,3.0,74.0,596.0,22.1,33.0
2024-01-23 11:42:31,1.0,114.0,551.0,22.1,32.0
2024-01-23 11:52:32,2.0,191.0,525.0,22.1,32.0
2024-01-23 12:02:31,5.0,198.0,521.0,22.1,33.0
2024-01-23 12:12:31,2.0,43.0,487.0,22.1,32.0
2024-01-23 12:22:31,6.0,50.0,478.0,22.1,32.0
2024-01-23 12:32:31,3.0,37.0,449.0,22.2,31.0
2024-01-23 12:42:31,3.0,33.0,475.0,22.2,31.0
2024-01-23 13:02:31,2.0,47.0,523.0,22.1,31.0
2024-01-23 13:12:31,5.0,37.0,594.0,22.1,32.0
2024-01-23 13:22:31,2.0,37.0,601.0,22.2,32.0
2024-01-23 13:32:31,2.0,43.0,609.0,22.1,32.0
2024-01-23 13:42:31,3.0,37.0,735.0,22.2,33.0
2024-01-23 13:52:31,0.0,33.0,653.0,22.2,32.0
2024-01-23 14:02:31,5.0,33.0,799.0,22.2,33.0
2024-01-23 14:12:31,2.0,33.0,675.0,22.2,33.0
2024-01-23 14:22:31,1.0,30.0,655.0,22.2,32.0
2024-01-23 14:32:31,2.0,30.0,563.0,22.2,32.0
2024-01-23 14:42:31,4.0,30.0,550.0,22.2,32.0
2024-01-23 14:52:31,3.0,30.0,579.0,22.3,32.0
2024-01-23 15:02:31,1.0,30.0,622.0,22.3,32.0
2024-01-23 15:12:31,3.0,30.0,814.0,22.4,33.0
2024-01-23 15:22:31,7.0,30.0,629.0,22.3,32.0
2024-01-23 15:32:31,3.0,30.0,613.0,22.3,32.0
2024-01-23 15:42:31,1.0,30.0,610.0,22.4,31.0
2024-01-23 15:52:31,3.0,30.0,659.0,22.4,32.0
2024-01-23 16:02:31,0.0,30.0,676.0,22.4,31.0
2024-01-23 16:12:30,0.0,30.0,765.0,22.5,32.0
2024-01-23 16:22:30,1.0,30.0,764.0,22.5,32.0
2024-01-23 16:32:30,2.0,30.0,781.0,22.5,32.0
2024-01-23 16:42:30,1.0,30.0,828.0,22.5,32.0
2024-01-23 16:52:30,0.0,30.0,860.0,22.5,33.0
2024-01-23 17:02:30,2.0,30.0,794.0,22.5,32.0
2024-01-23 17:12:30,7.0,30.0,803.0,22.5,32.0
2024-01-23 17:22:30,0.0,30.0,783.0,22.4,33.0
2024-01-23 17:32:30,0.0,0.0,770.0,22.4,33.0
2024-01-23 17:42:30,0.0,0.0,720.0,22.3,32.0
2024-01-23 17:52:30,0.0,0.0,796.0,22.3,33.0
2024-01-23 18:02:30,1.0,30.0,705.0,22.3,32.0
2024-01-23 18:12:30,0.0,30.0,649.0,22.3,32.0
2024-01-23 18:22:30,0.0,0.0,623.0,22.3,32.0
2024-01-23 18:32:30,0.0,0.0,602.0,22.2,32.0
2024-01-23 18:42:30,0.0,0.0,582.0,22.3,31.0
2024-01-23 18:52:30,0.0,0.0,571.0,22.2,31.0
2024-01-23 19:02:30,0.0,0.0,552.0,22.3,31.0
2024-01-23 19:12:30,0.0,0.0,572.0,22.2,31.0
2024-01-23 19:22:30,0.0,0.0,565.0,22.2,31.0
2024-01-23 19:32:30,0.0,0.0,540.0,22.2,31.0
2024-01-23 19:42:30,0.0,0.0,539.0,22.2,31.0
2024-01-23 19:52:30,0.0,0.0,520.0,22.2,31.0
2024-01-23 20:02:30,0.0,0.0,525.0,22.2,31.0
2024-01-23 20:12:30,0.0,0.0,526.0,22.2,31.0
2024-01-23 20:22:30,0.0,0.0,494.0,22.2,31.0
2024-01-23 20:32:30,1.0,0.0,493.0,22.2,31.0
2024-01-23 20:42:30,0.0,0.0,502.0,22.2,31.0
2024-01-23 20:52:30,0.0,0.0,500.0,22.2,31.0
2024-01-23 21:02:30,0.0,0.0,481.0,22.1,31.0
2024-01-23 21:12:30,0.0,0.0,470.0,22.2,31.0
2024-01-23 21:22:30,0.0,0.0,478.0,22.2,31.0
2024-01-23 21:32:30,0.0,0.0,466.0,22.1,31.0
2024-01-23 21:42:29,0.0,0.0,470.0,22.1,31.0
2024-01-23 21:52:29,1.0,30.0,478.0,22.1,30.0
2024-01-23 22:02:29,0.0,30.0,459.0,22.1,31.0
2024-01-23 22:12:29,0.0,0.0,451.0,22.1,30.0
2024-01-23 22:22:29,0.0,0.0,472.0,22.1,31.0
2024-01-23 22:32:29,0.0,0.0,463.0,22.2,30.0
2024-01-23 22:42:29,0.0,0.0,460.0,22.2,31.0
2024-01-23 22:52:29,0.0,0.0,454.0,22.1,30.0
2024-01-23 23:02:29,0.0,0.0,439.0,22.1,30.0
2024-01-23 23:12:29,0.0,0.0,447.0,22.1,30.0
2024-01-23 23:22:29,0.0,0.0,443.0,22.1,30.0
2024-01-23 23:32:29,0.0,0.0,433.0,22.1,30.0
2024-01-23 23:42:29,0.0,0.0,423.0,22.1,30.0
2024-01-23 23:52:29,0.0,0.0,436.0,22.1,30.0
2024-01-24 00:02:29,0.0,0.0,447.0,22.1,30.0
2024-01-24 00:12:29,0.0,0.0,438.0,22.1,30.0
2024-01-24 00:22:29,0.0,0.0,423.0,22.1,30.0
2024-01-24 00:32:29,0.0,0.0,416.0,22.1,30.0
2024-01-24 00:42:29,0.0,0.0,420.0,22.1,30.0
2024-01-24 00:52:29,0.0,0.0,427.0,22.1,30.0
2024-01-24 01:02:29,0.0,0.0,410.0,22.1,30.0
2024-01-24 01:12:29,0.0,0.0,427.0,22.1,31.0
2024-01-24 01:22:29,0.0,0.0,424.0,22.1,31.0
2024-01-24 01:32:29,0.0,0.0,432.0,22.1,31.0
2024-01-24 01:42:30,0.0,0.0,419.0,22.1,31.0
2024-01-24 01:52:29,0.0,0.0,428.0,22.1,31.0
2024-01-24 02:02:29,0.0,0.0,403.0,22.1,31.0
2024-01-24 02:12:29,0.0,0.0,421.0,22.1,31.0
2024-01-24 02:22:29,0.0,0.0,407.0,22.1,31.0
2024-01-24 02:32:29,0.0,0.0,421.0,22.0,31.0
2024-01-24 02:42:29,0.0,0.0,423.0,22.1,31.0
2024-01-24 02:52:29,0.0,0.0,419.0,22.0,31.0
2024-01-24 03:02:29,0.0,0.0,425.0,22.1,31.0
2024-01-24 03:12:28,0.0,0.0,395.0,22.1,31.0
2024-01-24 03:22:28,0.0,0.0,401.0,22.1,31.0
2024-01-24 03:32:28,2.0,30.0,403.0,22.1,31.0
2024-01-24 03:42:28,0.0,30.0,403.0,22.1,31.0
2024-01-24 03:52:28,0.0,0.0,412.0,22.1,31.0
2024-01-24 04:02:28,0.0,0.0,421.0,22.1,31.0
2024-01-24 04:12:28,0.0,0.0,408.0,22.1,31.0
2024-01-24 04:22:28,2.0,30.0,419.0,22.1,31.0
2024-01-24 04:32:28,1.0,33.0,433.0,22.1,31.0
2024-01-24 04:42:28,0.0,0.0,436.0,22.1,32.0
2024-01-24 04:52:28,0.0,0.0,448.0,22.1,32.0
2024-01-24 05:02:28,0.0,26.0,430.0,22.1,32.0
2024-01-24 05:12:28,0.0,30.0,444.0,22.1,32.0
2024-01-24 05:22:28,0.0,0.0,434.0,22.1,32.0
2024-01-24 05:32:28,0.0,0.0,429.0,22.1,32.0
2024-01-24 05:42:28,0.0,30.0,430.0,22.2,32.0
2024-01-24 05:52:28,0.0,30.0,560.0,22.3,33.0
2024-01-24 06:02:28,6.0,33.0,499.0,22.2,33.0
2024-01-24 06:12:28,2.0,30.0,507.0,22.2,33.0
2024-01-24 06:22:28,0.0,26.0,491.0,22.2,34.0
2024-01-24 06:32:32,0.0,30.0,498.0,22.2,34.0
2024-01-24 06:42:28,1.0,33.0,521.0,22.2,35.0
2024-01-24 06:52:28,2.0,30.0,556.0,22.2,37.0
2024-01-24 07:02:28,0.0,30.0,575.0,22.3,37.0
2024-01-24 07:12:28,2.0,30.0,604.0,22.4,37.0
2024-01-24 07:22:28,1.0,30.0,611.0,22.4,37.0
2024-01-24 07:32:28,1.0,30.0,498.0,22.3,36.0
2024-01-24 07:42:28,2.0,30.0,510.0,22.5,36.0
2024-01-24 07:52:28,4.0,30.0,522.0,22.5,36.0
2024-01-24 08:02:28,2.0,30.0,563.0,22.5,37.0
2024-01-24 08:12:28,3.0,30.0,507.0,22.6,37.0
2024-01-24 08:22:28,3.0,30.0,554.0,22.5,37.0
2024-01-24 08:32:28,3.0,30.0,540.0,22.5,37.0
2024-01-24 08:42:28,6.0,30.0,595.0,22.5,37.0
2024-01-24 08:52:27,3.0,30.0,550.0,22.5,36.0
2024-01-24 09:02:27,3.0,30.0,572.0,22.6,37.0
2024-01-24 09:22:27,2.0,30.0,583.0,22.5,36.0
2024-01-24 09:32:27,1.0,30.0,589.0,22.5,36.0
2024-01-24 09:42:27,5.0,30.0,616.0,22.5,36.0
2024-01-24 09:52:27,4.0,33.0,597.0,22.5,36.0
2024-01-24 10:02:27,3.0,30.0,636.0,22.6,36.0
2024-01-24 10:12:27,2.0,30.0,634.0,22.5,36.0
2024-01-24 10:22:27,1.0,30.0,648.0,22.6,36.0
2024-01-24 10:32:27,3.0,30.0,716.0,22.6,37.0
2024-01-24 10:42:27,1.0,30.0,647.0,22.6,36.0
2024-01-24 10:52:27,5.0,30.0,670.0,22.6,36.0
2024-01-24 11:02:27,0.0,30.0,664.0,22.7,36.0
2024-01-24 11:12:27,0.0,30.0,669.0,22.6,36.0
2024-01-24 11:22:27,5.0,30.0,770.0,22.7,37.0
2024-01-24 11:32:27,3.0,30.0,745.0,22.5,36.0
2024-01-24 11:42:27,7.0,30.0,871.0,22.4,38.0
2024-01-24 11:52:27,3.0,30.0,890.0,22.6,39.0
2024-01-24 12:02:27,3.0,37.0,776.0,22.7,38.0
2024-01-24 12:12:27,0.0,30.0,757.0,22.6,38.0
2024-01-24 12:22:27,1.0,30.0,741.0,22.7,37.0
2024-01-24 12:32:27,7.0,33.0,793.0,22.6,37.0
2024-01-24 12:42:27,3.0,33.0,834.0,22.7,37.0
2024-01-24 12:52:27,2.0,33.0,823.0,22.7,37.0
2024-01-24 13:02:27,3.0,33.0,819.0,22.7,37.0
2024-01-24 13:12:27,5.0,33.0,783.0,22.7,37.0
2024-01-24 13:22:27,2.0,33.0,785.0,22.8,37.0
2024-01-24 13:32:27,8.0,33.0,775.0,22.7,37.0
2024-01-24 13:42:27,0.0,33.0,807.0,22.8,37.0
2024-01-24 13:52:27,0.0,33.0,798.0,22.7,37.0
2024-01-24 14:02:27,13.0,30.0,750.0,22.7,37.0
2024-01-24 14:12:26,5.0,30.0,765.0,22.6,36.0
2024-01-24 14:22:26,2.0,30.0,621.0,22.6,36.0
2024-01-24 14:32:26,3.0,30.0,589.0,22.5,35.0
2024-01-24 14:42:26,1.0,30.0,626.0,22.5,35.0
2024-01-24 14:52:26,1.0,30.0,638.0,22.6,35.0
2024-01-24 15:02:26,4.0,30.0,637.0,22.5,35.0
2024-01-24 15:12:26,3.0,30.0,658.0,22.6,36.0
2024-01-24 15:22:26,2.0,30.0,675.0,22.5,35.0
2024-01-24 15:32:26,0.0,30.0,595.0,22.6,35.0
2024-01-24 15:42:26,0.0,30.0,594.0,22.6,35.0
2024-01-24 15:52:26,0.0,30.0,614.0,22.5,35.0
2024-01-24 16:02:26,2.0,30.0,623.0,22.5,35.0
2024-01-24 16:12:26,2.0,30.0,1357.0,22.7,40.0
2024-01-24 16:22:26,2.0,30.0,898.0,22.7,38.0
2024-01-24 16:32:26,0.0,30.0,736.0,22.7,37.0
2024-01-24 16:42:26,0.0,30.0,693.0,22.6,36.0
2024-01-24 16:52:26,2.0,30.0,652.0,22.6,36.0
2024-01-24 17:02:26,0.0,30.0,657.0,22.6,35.0
2024-01-24 17:12:26,1.0,30.0,680.0,22.6,35.0
2024-01-24 17:22:26,0.0,30.0,672.0,22.6,35.0
2024-01-24 17:32:27,0.0,0.0,623.0,22.5,35.0
2024-01-24 17:42:26,1.0,26.0,570.0,22.5,35.0
2024-01-24 17:52:26,0.0,30.0,564.0,22.5,35.0
2024-01-24 18:02:26,0.0,0.0,556.0,22.5,35.0
2024-01-24 18:12:26,0.0,0.0,553.0,22.5,34.0
2024-01-24 18:22:26,0.0,0.0,545.0,22.5,34.0
2024-01-24 18:32:26,0.0,0.0,556.0,22.5,34.0
2024-01-24 18:42:26,0.0,0.0,536.0,22.4,34.0
2024-01-24 18:52:26,0.0,0.0,545.0,22.4,34.0
2024-01-24 19:02:26,0.0,0.0,527.0,22.4,34.0
2024-01-24 19:12:26,0.0,30.0,509.0,22.4,34.0
2024-01-24 19:32:25,0.0,0.0,552.0,22.4,34.0
2024-01-24 19:42:25,0.0,0.0,552.0,22.4,34.0
2024-01-24 19:52:25,0.0,0.0,503.0,22.4,34.0
2024-01-24 20:02:25,0.0,0.0,510.0,22.4,34.0
2024-01-24 20:12:25,0.0,0.0,499.0,22.4,34.0
2024-01-24 20:22:25,0.0,0.0,492.0,22.4,34.0
2024-01-24 20:42:25,0.0,0.0,488.0,22.3,34.0
2024-01-24 20:52:25,0.0,0.0,494.0,22.4,34.0
2024-01-24 21:02:25,1.0,23.0,480.0,22.3,34.0
2024-01-24 21:12:25,1.0,30.0,466.0,22.4,34.0
2024-01-24 21:22:25,0.0,0.0,452.0,22.4,34.0
2024-01-24 21:32:25,0.0,0.0,476.0,22.4,34.0
2024-01-24 21:42:25,0.0,0.0,469.0,22.4,34.0
2024-01-24 21:52:25,0.0,0.0,464.0,22.4,34.0
2024-01-24 22:02:25,0.0,0.0,462.0,22.4,33.0
2024-01-24 22:12:25,0.0,0.0,445.0,22.4,33.0
2024-01-24 22:22:25,0.0,0.0,464.0,22.4,33.0
2024-01-24 22:32:25,0.0,0.0,453.0,22.4,33.0
2024-01-24 22:42:25,0.0,0.0,447.0,22.4,33.0
2024-01-24 22:52:25,0.0,0.0,450.0,22.4,33.0
2024-01-24 23:02:25,0.0,0.0,446.0,22.4,33.0
2024-01-24 23:12:25,0.0,0.0,446.0,22.3,33.0
2024-01-24 23:22:25,0.0,0.0,444.0,22.4,33.0
2024-01-24 23:32:25,0.0,0.0,440.0,22.4,33.0
2024-01-24 23:42:25,0.0,0.0,440.0,22.4,33.0
2024-01-24 23:52:25,0.0,0.0,455.0,22.3,33.0
2024-01-25 00:02:25,0.0,0.0,428.0,22.4,33.0
2024-01-25 00:12:25,0.0,0.0,438.0,22.3,33.0
2024-01-25 00:22:25,0.0,0.0,430.0,22.3,33.0
2024-01-25 00:32:25,0.0,0.0,423.0,22.3,33.0
2024-01-25 00:42:25,1.0,0.0,434.0,22.4,33.0
2024-01-25 00:52:25,0.0,0.0,426.0,22.3,33.0
2024-01-25 01:02:24,0.0,0.0,430.0,22.3,33.0
2024-01-25 01:12:24,0.0,0.0,429.0,22.4,33.0
2024-01-25 01:22:24,0.0,0.0,416.0,22.3,33.0
2024-01-25 01:32:24,0.0,0.0,412.0,22.3,33.0
2024-01-25 01:42:24,0.0,0.0,421.0,22.4,33.0
2024-01-25 01:52:24,0.0,0.0,419.0,22.4,33.0
2024-01-25 02:02:24,0.0,0.0,410.0,22.4,33.0
2024-01-25 02:22:24,0.0,0.0,408.0,22.3,33.0
2024-01-25 02:32:24,0.0,0.0,414.0,22.4,33.0
2024-01-25 02:42:24,0.0,0.0,404.0,22.3,32.0
2024-01-25 02:52:24,0.0,0.0,396.0,22.4,32.0
2024-01-25 03:02:24,0.0,0.0,399.0,22.4,33.0
2024-01-25 03:12:24,0.0,0.0,411.0,22.3,32.0
2024-01-25 03:22:24,0.0,0.0,403.0,22.3,32.0
2024-01-25 03:32:24,2.0,30.0,411.0,22.4,32.0
2024-01-25 03:42:24,0.0,30.0,408.0,22.3,32.0
2024-01-25 03:52:24,0.0,0.0,405.0,22.4,32.0
2024-01-25 04:02:24,1.0,30.0,403.0,22.4,32.0
2024-01-25 04:12:24,0.0,30.0,400.0,22.3,32.0
2024-01-25 04:22:24,2.0,30.0,412.0,22.3,32.0
2024-01-25 04:32:24,0.0,30.0,414.0,22.4,33.0
2024-01-25 04:42:24,0.0,26.0,439.0,22.4,33.0
2024-01-25 04:52:24,0.0,30.0,449.0,22.4,33.0
2024-01-25 05:02:24,0.0,0.0,424.0,22.4,33.0
2024-01-25 05:12:24,0.0,30.0,425.0,22.4,33.0
2024-01-25 05:22:24,0.0,30.0,444.0,22.4,33.0
2024-01-25 05:32:24,0.0,33.0,440.0,22.4,33.0
2024-01-25 05:42:24,0.0,33.0,423.0,22.3,33.0
2024-01-25 05:52:24,0.0,6.0,411.0,22.3,32.0
2024-01-25 06:02:24,0.0,30.0,397.0,22.3,32.0
2024-01-25 06:12:24,0.0,30.0,393.0,22.4,31.0
2024-01-25 06:22:24,0.0,3.0,379.0,22.3,31.0
2024-01-25 06:32:24,1.0,0.0,408.0,22.4,31.0
2024-01-25 06:42:23,0.0,0.0,373.0,22.4,31.0
2024-01-25 07:02:23,1.0,26.0,425.0,22.4,32.0
2024-01-25 07:12:23,0.0,30.0,427.0,22.3,32.0
2024-01-25 07:22:23,1.0,30.0,440.0,22.4,32.0
2024-01-25 07:32:23,0.0,30.0,478.0,22.4,33.0
2024-01-25 07:52:23,4.0,30.0,489.0,22.4,33.0
2024-01-25 08:02:23,4.0,30.0,469.0,22.4,32.0
2024-01-25 08:12:23,7.0,30.0,497.0,22.5,33.0
2024-01-25 08:22:23,4.0,33.0,508.0,22.4,33.0
2024-01-25 08:32:23,6.0,47.0,515.0,22.5,33.0
2024-01-25 08:42:26,3.0,37.0,537.0,22.5,33.0
2024-01-25 08:52:23,6.0,37.0,570.0,22.4,33.0
2024-01-25 09:02:23,3.0,47.0,553.0,22.5,33.0
2024-01-25 09:12:23,1.0,33.0,557.0,22.5,33.0
2024-01-25 09:22:23,2.0,33.0,559.0,22.5,33.0
2024-01-25 09:32:23,4.0,37.0,570.0,22.5,33.0
2024-01-25 09:42:23,5.0,37.0,752.0,22.6,35.0
2024-01-25 09:52:23,3.0,47.0,740.0,22.7,34.0
2024-01-25 10:02:23,4.0,47.0,779.0,22.7,34.0
2024-01-25 10:12:23,0.0,47.0,793.0,22.8,34.0
2024-01-25 10:22:23,2.0,47.0,799.0,22.8,34.0
2024-01-25 10:32:23,1.0,50.0,813.0,22.9,34.0
2024-01-25 10:42:23,6.0,40.0,798.0,22.8,34.0
2024-01-25 10:52:23,4.0,50.0,689.0,22.7,33.0
2024-01-25 11:02:23,1.0,50.0,692.0,22.6,33.0
2024-01-25 11:12:23,3.0,57.0,721.0,22.6,33.0
2024-01-25 11:22:23,8.0,57.0,619.0,22.7,32.0
2024-01-25 11:32:23,6.0,84.0,710.0,22.8,32.0
2024-01-25 11:42:23,1.0,144.0,718.0,22.9,32.0
2024-01-25 11:52:23,1.0,134.0,734.0,22.9,32.0
2024-01-25 12:02:22,8.0,296.0,715.0,22.9,32.0
2024-01-25 12:12:22,3.0,313.0,712.0,22.9,32.0
2024-01-25 12:22:22,1.0,242.0,706.0,22.9,32.0
2024-01-25 12:32:22,0.0,191.0,685.0,22.9,31.0
2024-01-25 12:42:22,1.0,168.0,682.0,22.9,32.0
2024-01-25 12:52:22,3.0,121.0,671.0,22.9,31.0
2024-01-25 13:02:22,2.0,87.0,656.0,22.9,31.0
2024-01-25 13:12:23,5.0,84.0,709.0,22.8,32.0
2024-01-25 13:22:22,1.0,63.0,702.0,22.8,32.0
2024-01-25 13:32:22,5.0,47.0,709.0,22.7,32.0
2024-01-25 13:42:22,6.0,33.0,698.0,22.7,32.0
2024-01-25 13:52:22,2.0,33.0,1105.0,22.7,34.0
2024-01-25 14:02:22,0.0,30.0,656.0,22.8,32.0
2024-01-25 14:12:22,2.0,33.0,714.0,22.8,32.0
2024-01-25 14:22:22,8.0,33.0,764.0,22.8,32.0
2024-01-25 14:32:22,0.0,33.0,726.0,22.8,32.0
2024-01-25 14:42:22,5.0,30.0,897.0,22.7,33.0
2024-01-25 14:52:22,9.0,30.0,774.0,22.7,32.0
2024-01-25 15:02:22,2.0,30.0,619.0,22.7,31.0
2024-01-25 15:12:22,0.0,30.0,645.0,22.7,30.0
2024-01-25 15:22:22,6.0,30.0,762.0,22.8,32.0
2024-01-25 15:32:22,0.0,30.0,711.0,22.7,31.0
2024-01-25 15:42:22,1.0,30.0,660.0,22.7,31.0
2024-01-25 15:52:22,0.0,30.0,726.0,22.7,31.0
2024-01-25 16:02:22,2.0,30.0,706.0,22.6,31.0
2024-01-25 16:12:22,2.0,30.0,739.0,22.6,32.0
2024-01-25 16:22:22,0.0,30.0,644.0,22.7,31.0
2024-01-25 16:32:22,2.0,30.0,703.0,22.6,31.0
2024-01-25 16:42:22,1.0,30.0,687.0,22.6,31.0
2024-01-25 16:52:22,1.0,30.0,624.0,22.6,31.0
2024-01-25 17:02:22,2.0,30.0,631.0,22.6,31.0
2024-01-25 17:12:22,2.0,30.0,678.0,22.6,31.0
2024-01-25 17:22:21,0.0,30.0,651.0,22.6,31.0
2024-01-25 17:32:21,0.0,3.0,600.0,22.6,31.0
2024-01-25 17:42:21,2.0,30.0,1159.0,22.6,35.0
2024-01-25 17:52:21,2.0,30.0,869.0,22.6,33.0
2024-01-25 18:02:21,1.0,26.0,710.0,22.6,32.0
2024-01-25 18:12:21,0.0,30.0,641.0,22.6,32.0
2024-01-25 18:22:21,0.0,0.0,595.0,22.6,31.0
2024-01-25 18:32:22,0.0,0.0,586.0,22.6,31.0
2024-01-25 18:42:21,0.0,0.0,571.0,22.6,31.0
2024-01-25 18:52:21,0.0,0.0,553.0,22.5,31.0
2024-01-25 19:02:21,0.0,0.0,538.0,22.5,31.0
2024-01-25 19:12:21,0.0,0.0,573.0,22.5,31.0
2024-01-25 19:22:21,0.0,0.0,589.0,22.5,31.0
2024-01-25 19:32:21,0.0,0.0,557.0,22.5,31.0
2024-01-25 19:42:21,0.0,0.0,551.0,22.5,31.0
2024-01-25 19:52:21,0.0,0.0,531.0,22.5,31.0
2024-01-25 20:02:21,0.0,0.0,536.0,22.5,31.0
2024-01-25 20:12:21,0.0,0.0,543.0,22.5,31.0
2024-01-25 20:22:21,0.0,0.0,516.0,22.5,31.0
2024-01-25 20:32:21,0.0,0.0,522.0,22.5,31.0
2024-01-25 20:42:21,0.0,0.0,515.0,22.5,31.0
2024-01-25 20:52:21,0.0,0.0,520.0,22.5,31.0
2024-01-25 21:02:21,0.0,0.0,505.0,22.5,31.0
2024-01-25 21:12:21,0.0,0.0,505.0,22.5,31.0
2024-01-25 21:22:21,0.0,0.0,508.0,22.5,31.0
2024-01-25 21:32:21,0.0,0.0,502.0,22.5,31.0
2024-01-25 21:42:21,0.0,0.0,510.0,22.5,30.0
2024-01-25 21:52:21,0.0,0.0,504.0,22.5,30.0
2024-01-25 22:02:21,0.0,0.0,498.0,22.4,30.0
2024-01-25 22:12:21,0.0,0.0,509.0,22.5,30.0
2024-01-25 22:22:21,1.0,0.0,482.0,22.5,30.0
2024-01-25 22:32:21,0.0,0.0,495.0,22.5,30.0
2024-01-25 22:42:21,0.0,0.0,494.0,22.5,30.0
2024-01-25 22:52:20,0.0,0.0,490.0,22.5,30.0
2024-01-25 23:02:20,0.0,0.0,467.0,22.4,30.0
2024-01-25 23:12:20,0.0,0.0,479.0,22.4,30.0
2024-01-25 23:22:20,0.0,0.0,500.0,22.5,30.0
2024-01-25 23:32:20,0.0,0.0,494.0,22.5,30.0
2024-01-25 23:42:20,0.0,0.0,470.0,22.4,30.0
2024-01-25 23:52:20,0.0,0.0,490.0,22.4,30.0
2024-01-26 00:02:20,0.0,0.0,484.0,22.4,30.0
2024-01-26 00:12:20,0.0,0.0,504.0,22.4,30.0
2024-01-26 00:22:20,0.0,0.0,470.0,22.4,30.0
2024-01-26 00:32:20,0.0,0.0,469.0,22.4,30.0
2024-01-26 00:42:20,0.0,0.0,460.0,22.5,30.0
2024-01-26 00:52:20,0.0,0.0,450.0,22.4,30.0
2024-01-26 01:02:20,0.0,0.0,475.0,22.5,30.0
2024-01-26 01:12:20,1.0,0.0,435.0,22.4,30.0
2024-01-26 01:22:20,0.0,0.0,465.0,22.4,30.0
2024-01-26 01:32:20,0.0,0.0,473.0,22.4,30.0
2024-01-26 01:42:20,0.0,0.0,468.0,22.4,30.0
2024-01-26 01:52:20,0.0,0.0,478.0,22.4,30.0
2024-01-26 02:02:20,0.0,0.0,488.0,22.4,30.0
2024-01-26 02:12:20,0.0,0.0,467.0,22.4,30.0
2024-01-26 02:22:20,0.0,0.0,466.0,22.4,30.0
2024-01-26 02:32:20,0.0,0.0,486.0,22.4,30.0
2024-01-26 02:42:20,0.0,0.0,463.0,22.4,30.0
2024-01-26 02:52:20,0.0,0.0,477.0,22.4,30.0
2024-01-26 03:02:20,0.0,0.0,462.0,22.4,30.0
2024-01-26 03:12:20,0.0,0.0,473.0,22.4,30.0
2024-01-26 03:22:20,2.0,30.0,426.0,22.4,30.0
2024-01-26 03:32:20,0.0,30.0,440.0,22.4,30.0
2024-01-26 03:42:20,0.0,0.0,480.0,22.5,30.0
2024-01-26 03:52:20,0.0,0.0,457.0,22.5,30.0
2024-01-26 04:02:20,0.0,0.0,441.0,22.4,30.0
2024-01-26 04:12:20,0.0,0.0,454.0,22.4,30.0
2024-01-26 04:22:19,2.0,30.0,424.0,22.5,30.0
2024-01-26 04:32:19,0.0,30.0,436.0,22.4,30.0
2024-01-26 04:42:19,0.0,0.0,462.0,22.5,30.0
2024-01-26 04:52:19,0.0,0.0,429.0,22.5,30.0
2024-01-26 05:02:19,0.0,0.0,456.0,22.5,30.0
2024-01-26 05:12:19,1.0,30.0,441.0,22.4,30.0
2024-01-26 05:22:19,0.0,30.0,437.0,22.4,30.0
2024-01-26 05:32:19,0.0,0.0,450.0,22.5,30.0
2024-01-26 05:42:19,0.0,0.0,439.0,22.5,30.0
2024-01-26 05:52:19,0.0,30.0,430.0,22.4,30.0
2024-01-26 06:02:19,0.0,30.0,438.0,22.4,30.0
2024-01-26 06:12:19,0.0,0.0,425.0,22.5,30.0
2024-01-26 06:22:19,0.0,0.0,425.0,22.5,30.0
2024-01-26 06:32:19,0.0,0.0,429.0,22.5,30.0
2024-01-26 06:42:19,1.0,30.0,454.0,22.5,30.0
2024-01-26 06:52:20,0.0,30.0,482.0,22.4,30.0
2024-01-26 07:02:19,1.0,30.0,456.0,22.5,30.0
2024-01-26 07:12:19,0.0,30.0,450.0,22.5,30.0
2024-01-26 07:22:19,0.0,30.0,444.0,22.5,30.0
2024-01-26 07:32:19,0.0,30.0,434.0,22.6,30.0
2024-01-26 07:42:19,0.0,30.0,468.0,22.7,30.0
2024-01-26 07:52:19,4.0,30.0,485.0,22.7,30.0
2024-01-26 08:02:19,3.0,30.0,483.0,22.6,30.0
2024-01-26 08:12:19,1.0,26.0,487.0,22.6,30.0
2024-01-26 08:22:19,3.0,30.0,511.0,22.9,31.0
2024-01-26 08:32:19,5.0,30.0,511.0,23.0,31.0
2024-01-26 08:42:19,4.0,33.0,549.0,22.9,31.0
2024-01-26 08:52:19,2.0,30.0,579.0,22.9,31.0
2024-01-26 09:02:19,3.0,30.0,561.0,22.9,31.0
2024-01-26 09:12:19,5.0,30.0,632.0,22.9,33.0
2024-01-26 09:22:19,6.0,30.0,617.0,22.8,32.0
2024-01-26 09:32:19,2.0,30.0,570.0,22.7,32.0
2024-01-26 09:42:19,5.0,30.0,613.0,22.8,32.0
2024-01-26 09:52:18,4.0,30.0,609.0,22.7,33.0
2024-01-26 10:02:18,7.0,30.0,666.0,22.7,34.0
2024-01-26 10:12:18,8.0,37.0,670.0,22.8,33.0
2024-01-26 10:22:18,0.0,37.0,615.0,22.8,32.0
2024-01-26 10:32:18,5.0,37.0,621.0,22.7,32.0
2024-01-26 10:42:19,4.0,37.0,626.0,22.7,32.0
2024-01-26 10:52:18,10.0,30.0,981.0,22.8,35.0
2024-01-26 11:02:18,0.0,30.0,798.0,22.7,34.0
2024-01-26 11:12:18,9.0,30.0,890.0,22.7,35.0
2024-01-26 11:22:18,4.0,26.0,680.0,22.7,34.0
2024-01-26 11:32:18,0.0,26.0,616.0,22.6,33.0
2024-01-26 11:42:18,1.0,26.0,600.0,22.7,33.0
2024-01-26 11:52:18,1.0,26.0,636.0,22.6,33.0
2024-01-26 12:02:18,7.0,30.0,681.0,22.7,34.0
2024-01-26 12:12:18,3.0,30.0,679.0,22.6,34.0
2024-01-26 12:22:18,2.0,30.0,703.0,22.7,34.0
2024-01-26 12:32:18,0.0,30.0,720.0,22.7,34.0
2024-01-26 12:42:18,0.0,30.0,667.0,22.7,34.0
2024-01-26 12:52:18,2.0,30.0,650.0,22.7,34.0
2024-01-26 13:02:18,3.0,33.0,649.0,22.7,34.0
2024-01-26 13:12:18,4.0,30.0,639.0,22.7,34.0
2024-01-26 13:22:18,1.0,30.0,1118.0,22.7,36.0
2024-01-26 13:32:18,5.0,30.0,994.0,22.8,36.0
2024-01-26 13:42:18,0.0,30.0,845.0,22.8,36.0
2024-01-26 13:52:18,1.0,33.0,803.0,22.8,35.0
2024-01-26 14:02:18,6.0,30.0,796.0,22.8,35.0
2024-01-26 14:12:18,12.0,33.0,857.0,22.8,36.0
2024-01-26 14:22:18,4.0,30.0,858.0,22.7,37.0
2024-01-26 14:32:18,7.0,30.0,933.0,22.8,37.0
2024-01-26 14:42:18,3.0,30.0,991.0,22.8,37.0
2024-01-26 14:52:18,0.0,30.0,994.0,22.9,37.0
2024-01-26 15:02:18,1.0,30.0,1035.0,22.8,37.0
2024-01-26 15:12:18,2.0,30.0,1021.0,22.9,37.0
2024-01-26 15:22:17,0.0,30.0,979.0,22.9,37.0
2024-01-26 15:32:17,5.0,30.0,992.0,22.8,37.0
2024-01-26 15:42:17,0.0,30.0,945.0,22.8,36.0
2024-01-26 15:52:18,0.0,26.0,899.0,22.8,36.0
2024-01-26 16:02:17,1.0,26.0,889.0,22.8,35.0
2024-01-26 16:12:17,7.0,26.0,907.0,22.8,35.0
2024-01-26 16:22:18,0.0,26.0,919.0,22.8,36.0
2024-01-26 16:32:17,2.0,26.0,948.0,22.8,37.0
2024-01-26 16:42:17,1.0,26.0,954.0,22.8,36.0
2024-01-26 16:52:17,0.0,26.0,950.0,22.8,36.0
2024-01-26 17:02:17,0.0,30.0,899.0,22.8,36.0
2024-01-26 17:12:17,12.0,23.0,955.0,22.8,35.0
2024-01-26 17:22:17,9.0,26.0,769.0,22.7,34.0
2024-01-26 17:32:17,3.0,3.0,725.0,22.7,34.0
2024-01-26 17:42:17,4.0,30.0,718.0,22.6,34.0
2024-01-26 18:02:17,0.0,3.0,688.0,22.7,33.0
2024-01-26 18:12:18,0.0,3.0,653.0,22.6,33.0
2024-01-26 18:22:17,0.0,3.0,639.0,22.6,33.0
2024-01-26 18:32:17,2.0,3.0,597.0,22.6,33.0
2024-01-26 18:42:17,0.0,3.0,600.0,22.5,33.0
2024-01-26 18:52:17,1.0,30.0,571.0,22.5,33.0
2024-01-26 19:02:17,2.0,30.0,566.0,22.5,33.0
2024-01-26 19:12:17,0.0,30.0,1018.0,22.6,35.0
2024-01-26 19:22:17,1.0,30.0,598.0,22.5,33.0
2024-01-26 19:32:17,1.0,26.0,605.0,22.6,33.0
2024-01-26 19:42:17,1.0,26.0,591.0,22.5,33.0
2024-01-26 19:52:17,0.0,0.0,588.0,22.5,33.0
2024-01-26 20:02:17,0.0,0.0,587.0,22.5,33.0
2024-01-26 20:12:17,0.0,0.0,556.0,22.6,33.0
2024-01-26 20:22:17,0.0,26.0,583.0,22.5,33.0
2024-01-26 20:32:17,1.0,26.0,536.0,22.5,32.0
2024-01-26 20:42:16,1.0,0.0,543.0,22.5,33.0
2024-01-26 20:52:16,0.0,0.0,528.0,22.5,33.0
2024-01-26 21:02:16,0.0,0.0,547.0,22.5,32.0
2024-01-26 21:12:16,0.0,0.0,554.0,22.5,32.0
2024-01-26 21:22:17,0.0,0.0,535.0,22.5,32.0
2024-01-26 21:32:16,0.0,0.0,539.0,22.5,32.0
2024-01-26 21:42:16,0.0,0.0,523.0,22.5,32.0
2024-01-26 21:52:16,0.0,0.0,496.0,22.5,32.0
2024-01-26 22:02:16,0.0,0.0,508.0,22.4,32.0
2024-01-26 22:12:16,0.0,0.0,501.0,22.5,32.0
2024-01-26 22:22:16,0.0,0.0,490.0,22.4,32.0
2024-01-26 22:32:16,0.0,0.0,477.0,22.4,32.0
2024-01-26 22:42:16,0.0,30.0,476.0,22.5,32.0
2024-01-26 22:52:16,0.0,30.0,491.0,22.5,32.0
2024-01-26 23:02:16,0.0,0.0,487.0,22.4,32.0
2024-01-26 23:12:16,0.0,0.0,487.0,22.4,32.0
2024-01-26 23:22:16,0.0,0.0,459.0,22.4,32.0
2024-01-26 23:32:16,0.0,0.0,473.0,22.4,32.0
2024-01-26 23:42:16,0.0,0.0,462.0,22.4,32.0
2024-01-26 23:52:16,1.0,0.0,451.0,22.4,31.0
2024-01-27 00:02:16,0.0,0.0,458.0,22.4,31.0
2024-01-27 00:22:16,0.0,0.0,460.0,22.4,31.0
2024-01-27 00:32:16,0.0,0.0,435.0,22.4,31.0
2024-01-27 00:42:16,0.0,0.0,447.0,22.4,31.0
2024-01-27 00:52:16,0.0,0.0,443.0,22.4,31.0
2024-01-27 01:02:16,0.0,0.0,430.0,22.3,31.0
2024-01-27 01:12:16,0.0,0.0,438.0,22.4,31.0
2024-01-27 01:22:16,0.0,0.0,448.0,22.4,31.0
2024-01-27 01:32:16,0.0,0.0,447.0,22.4,31.0
2024-01-27 01:42:16,0.0,0.0,437.0,22.4,31.0
2024-01-27 01:52:16,0.0,0.0,437.0,22.3,31.0
2024-01-27 02:02:16,0.0,0.0,443.0,22.4,31.0
2024-01-27 02:12:15,0.0,0.0,450.0,22.4,31.0
2024-01-27 02:22:15,0.0,0.0,422.0,22.3,31.0
2024-01-27 02:32:15,0.0,0.0,430.0,22.4,31.0
2024-01-27 02:42:16,0.0,0.0,436.0,22.4,31.0
2024-01-27 02:52:15,0.0,0.0,418.0,22.3,31.0
2024-01-27 03:02:15,0.0,0.0,430.0,22.4,31.0
2024-01-27 03:12:15,0.0,0.0,430.0,22.4,31.0
2024-01-27 03:22:15,0.0,0.0,425.0,22.3,31.0
2024-01-27 03:32:15,0.0,0.0,436.0,22.4,31.0
2024-01-27 03:42:15,0.0,0.0,433.0,22.3,31.0
2024-01-27 03:52:15,1.0,30.0,413.0,22.3,31.0
2024-01-27 04:02:15,0.0,30.0,398.0,22.3,31.0
2024-01-27 04:12:15,0.0,0.0,404.0,22.3,31.0
2024-01-27 04:22:15,0.0,33.0,413.0,22.3,30.0
2024-01-27 04:32:15,0.0,33.0,420.0,22.2,30.0
2024-01-27 04:42:15,0.0,0.0,432.0,22.2,30.0
2024-01-27 04:52:15,0.0,0.0,401.0,22.3,30.0
2024-01-27 05:02:15,5.0,33.0,435.0,22.3,30.0
2024-01-27 05:12:15,1.0,30.0,419.0,22.3,30.0
2024-01-27 05:22:15,0.0,0.0,417.0,22.3,30.0
2024-01-27 05:32:15,0.0,30.0,423.0,22.3,30.0
2024-01-27 05:42:15,0.0,30.0,436.0,22.3,30.0
2024-01-27 05:52:15,0.0,0.0,411.0,22.3,30.0
2024-01-27 06:02:15,0.0,33.0,399.0,22.2,30.0
2024-01-27 06:12:15,1.0,30.0,413.0,22.2,30.0
2024-01-27 06:22:15,0.0,0.0,413.0,22.3,30.0
2024-01-27 06:32:15,0.0,0.0,424.0,22.3,30.0
2024-01-27 06:42:15,0.0,0.0,416.0,22.2,30.0
2024-01-27 06:52:15,0.0,0.0,420.0,22.2,30.0
2024-01-27 07:02:15,0.0,0.0,416.0,22.3,30.0
2024-01-27 07:12:15,0.0,0.0,413.0,22.3,30.0
2024-01-27 07:22:15,0.0,0.0,412.0,22.3,30.0
2024-01-27 07:32:15,0.0,0.0,398.0,22.3,30.0
2024-01-27 07:42:14,0.0,3.0,399.0,22.3,30.0
2024-01-27 07:52:14,0.0,3.0,411.0,22.3,30.0
2024-01-27 08:02:15,0.0,0.0,409.0,22.3,30.0
2024-01-27 08:12:14,0.0,3.0,399.0,22.3,30.0
2024-01-27 08:22:14,0.0,3.0,409.0,22.3,30.0
2024-01-27 08:32:14,0.0,3.0,412.0,22.3,30.0
2024-01-27 08:42:14,0.0,3.0,400.0,22.2,30.0
2024-01-27 08:52:14,0.0,3.0,406.0,22.3,30.0
2024-01-27 09:02:14,0.0,3.0,406.0,22.3,30.0
2024-01-27 09:12:14,0.0,3.0,407.0,22.3,30.0
2024-01-27 09:22:14,1.0,3.0,436.0,22.2,31.0
2024-01-27 09:32:14,0.0,3.0,487.0,22.2,31.0
2024-01-27 09:42:14,0.0,3.0,456.0,22.2,31.0
2024-01-27 09:52:14,0.0,3.0,445.0,22.2,31.0
2024-01-27 10:02:14,0.0,3.0,435.0,22.2,31.0
2024-01-27 10:12:14,0.0,6.0,443.0,22.2,31.0
2024-01-27 10:22:14,0.0,6.0,427.0,22.3,31.0
2024-01-27 10:32:14,0.0,13.0,429.0,22.3,31.0
2024-01-27 10:42:15,0.0,6.0,415.0,22.2,31.0
2024-01-27 10:52:14,0.0,6.0,424.0,22.2,31.0
2024-01-27 11:02:14,0.0,3.0,411.0,22.3,31.0
2024-01-27 11:12:14,0.0,3.0,414.0,22.2,31.0
2024-01-27 11:22:14,0.0,3.0,416.0,22.3,31.0
2024-01-27 11:32:14,0.0,6.0,420.0,22.2,31.0
2024-01-27 11:42:14,0.0,3.0,409.0,22.2,31.0
2024-01-27 11:52:14,1.0,33.0,412.0,22.2,31.0
2024-01-27 12:02:14,0.0,30.0,392.0,22.2,31.0
2024-01-27 12:12:14,0.0,3.0,403.0,22.2,31.0
2024-01-27 12:22:14,0.0,3.0,412.0,22.2,31.0
2024-01-27 12:32:14,0.0,3.0,405.0,22.2,31.0
2024-01-27 12:42:14,0.0,3.0,400.0,22.2,31.0
2024-01-27 12:52:14,0.0,3.0,394.0,22.2,31.0
2024-01-27 13:02:14,0.0,3.0,394.0,22.2,31.0
2024-01-27 13:12:13,0.0,3.0,409.0,22.2,31.0
2024-01-27 13:22:14,0.0,3.0,393.0,22.2,31.0
2024-01-27 13:32:13,0.0,3.0,401.0,22.2,31.0
2024-01-27 13:42:13,0.0,3.0,400.0,22.2,31.0
2024-01-27 13:52:13,0.0,3.0,398.0,22.2,31.0
2024-01-27 14:02:13,0.0,3.0,409.0,22.2,31.0
2024-01-27 14:12:13,1.0,3.0,389.0,22.2,31.0
2024-01-27 14:22:13,0.0,3.0,389.0,22.2,31.0
2024-01-27 14:32:13,0.0,0.0,395.0,22.1,31.0
2024-01-27 14:42:13,0.0,0.0,398.0,22.2,31.0
2024-01-27 14:52:13,0.0,0.0,400.0,22.2,31.0
2024-01-27 15:02:13,0.0,0.0,400.0,22.2,31.0
2024-01-27 15:12:13,0.0,0.0,406.0,22.2,31.0
2024-01-27 15:22:13,0.0,0.0,406.0,22.2,31.0
2024-01-27 15:32:14,0.0,0.0,406.0,22.2,31.0
2024-01-27 15:42:13,0.0,0.0,396.0,22.2,31.0
2024-01-27 15:52:13,0.0,0.0,406.0,22.2,31.0
2024-01-27 16:02:13,0.0,0.0,393.0,22.2,31.0
2024-01-27 16:12:13,0.0,0.0,397.0,22.2,31.0
2024-01-27 16:22:13,0.0,0.0,401.0,22.2,31.0
2024-01-27 16:42:13,0.0,0.0,409.0,22.2,31.0
2024-01-27 16:52:13,0.0,0.0,389.0,22.1,31.0
2024-01-27 17:02:13,0.0,0.0,402.0,22.2,31.0
2024-01-27 17:12:13,0.0,0.0,404.0,22.2,31.0
2024-01-27 17:22:13,0.0,0.0,403.0,22.2,31.0
2024-01-27 17:32:13,0.0,0.0,406.0,22.2,31.0
2024-01-27 17:42:13,0.0,0.0,402.0,22.1,31.0
2024-01-27 17:52:13,0.0,0.0,411.0,22.2,31.0
2024-01-27 18:02:13,0.0,0.0,402.0,22.2,31.0
2024-01-27 18:12:13,1.0,26.0,386.0,22.1,31.0
2024-01-27 18:22:13,0.0,30.0,407.0,22.2,31.0
2024-01-27 18:32:13,0.0,0.0,410.0,22.1,31.0
2024-01-27 18:42:13,1.0,30.0,394.0,22.2,31.0
2024-01-27 18:52:12,0.0,30.0,419.0,22.2,31.0
2024-01-27 19:02:12,0.0,0.0,406.0,22.2,31.0
2024-01-27 19:12:12,0.0,0.0,409.0,22.2,31.0
2024-01-27 19:22:12,0.0,0.0,400.0,22.2,31.0
2024-01-27 19:32:12,0.0,0.0,423.0,22.2,31.0
2024-01-27 19:42:12,0.0,0.0,424.0,22.1,31.0
2024-01-27 20:02:12,0.0,0.0,405.0,22.1,31.0
2024-01-27 20:12:12,0.0,0.0,404.0,22.2,31.0
2024-01-27 20:22:12,0.0,0.0,426.0,22.1,31.0
2024-01-27 20:32:12,0.0,0.0,412.0,22.2,31.0
2024-01-27 20:42:12,0.0,0.0,408.0,22.2,31.0
2024-01-27 20:52:12,0.0,0.0,450.0,22.2,31.0
2024-01-27 21:02:12,0.0,0.0,441.0,22.1,31.0
2024-01-27 21:12:12,0.0,0.0,433.0,22.2,31.0
2024-01-27 21:22:12,0.0,0.0,439.0,22.1,31.0
2024-01-27 21:32:12,0.0,0.0,436.0,22.1,31.0
2024-01-27 21:42:12,0.0,0.0,421.0,22.1,31.0
2024-01-27 21:52:12,0.0,0.0,434.0,22.2,31.0
2024-01-27 22:02:12,0.0,0.0,431.0,22.1,31.0
2024-01-27 22:12:12,0.0,0.0,427.0,22.1,31.0
2024-01-27 22:22:12,0.0,0.0,422.0,22.1,31.0
2024-01-27 22:32:12,0.0,0.0,426.0,22.1,31.0
2024-01-27 22:42:12,0.0,0.0,399.0,22.1,31.0
2024-01-27 22:52:12,0.0,0.0,431.0,22.2,31.0
2024-01-27 23:02:12,0.0,0.0,443.0,22.1,31.0
2024-01-27 23:12:12,1.0,30.0,410.0,22.1,31.0
2024-01-27 23:22:12,0.0,30.0,439.0,22.2,31.0
2024-01-27 23:42:12,0.0,0.0,442.0,22.1,31.0
2024-01-27 23:52:12,0.0,0.0,432.0,22.1,31.0
2024-01-28 00:02:12,0.0,0.0,415.0,22.1,31.0
2024-01-28 00:12:12,0.0,0.0,430.0,22.1,31.0
2024-01-28 00:22:11,0.0,0.0,425.0,22.2,31.0
2024-01-28 00:32:11,0.0,0.0,423.0,22.1,31.0
2024-01-28 00:42:11,0.0,0.0,431.0,22.1,31.0
2024-01-28 00:52:11,0.0,0.0,411.0,22.1,31.0
2024-01-28 01:02:11,0.0,0.0,408.0,22.1,31.0
2024-01-28 01:12:11,0.0,0.0,414.0,22.1,31.0
2024-01-28 01:22:11,0.0,0.0,406.0,22.1,31.0
2024-01-28 01:32:11,0.0,0.0,431.0,22.1,31.0
2024-01-28 01:42:12,0.0,0.0,423.0,22.1,31.0
2024-01-28 01:52:11,0.0,0.0,405.0,22.1,31.0
2024-01-28 02:02:11,0.0,0.0,406.0,22.1,31.0
2024-01-28 02:12:11,0.0,0.0,390.0,22.1,31.0
2024-01-28 02:22:11,0.0,0.0,397.0,22.1,31.0
2024-01-28 02:32:11,0.0,0.0,404.0,22.1,31.0
2024-01-28 02:42:11,0.0,0.0,408.0,22.1,31.0
2024-01-28 02:52:11,0.0,0.0,412.0,22.1,31.0
2024-01-28 03:02:11,0.0,0.0,408.0,22.1,31.0
2024-01-28 03:12:11,0.0,0.0,388.0,22.1,31.0
2024-01-28 03:22:11,0.0,0.0,410.0,22.1,31.0
2024-01-28 03:32:11,0.0,0.0,403.0,22.1,31.0
2024-01-28 03:42:11,0.0,0.0,423.0,22.1,31.0
2024-01-28 03:52:11,0.0,0.0,405.0,22.1,31.0
2024-01-28 04:02:11,0.0,0.0,404.0,22.1,31.0
2024-01-28 04:12:11,0.0,0.0,397.0,22.1,31.0
2024-01-28 04:22:11,0.0,0.0,397.0,22.1,31.0
2024-01-28 04:32:11,0.0,0.0,387.0,22.1,31.0
2024-01-28 04:42:11,0.0,0.0,393.0,22.1,31.0
2024-01-28 04:52:11,0.0,0.0,390.0,22.1,31.0
2024-01-28 05:02:11,0.0,0.0,409.0,22.1,31.0
2024-01-28 05:12:11,0.0,0.0,408.0,22.1,31.0
2024-01-28 05:22:11,0.0,0.0,401.0,22.1,31.0
2024-01-28 05:32:10,0.0,0.0,392.0,22.1,31.0
2024-01-28 05:42:10,0.0,0.0,413.0,22.1,31.0
2024-01-28 05:52:10,0.0,0.0,404.0,22.1,31.0
2024-01-28 06:02:10,0.0,0.0,411.0,22.1,31.0
2024-01-28 06:12:10,0.0,0.0,399.0,22.1,31.0
2024-01-28 06:22:10,0.0,0.0,403.0,22.1,31.0
2024-01-28 06:32:10,0.0,0.0,388.0,22.1,31.0
2024-01-28 06:42:10,0.0,0.0,423.0,22.1,31.0
2024-01-28 06:52:10,0.0,0.0,410.0,22.1,31.0
2024-01-28 07:02:10,0.0,0.0,395.0,22.1,31.0
2024-01-28 07:12:10,0.0,0.0,407.0,22.1,31.0
2024-01-28 07:22:10,0.0,0.0,401.0,22.1,31.0
2024-01-28 07:32:10,0.0,0.0,403.0,22.1,31.0
2024-01-28 07:42:10,1.0,33.0,407.0,22.1,30.0
2024-01-28 07:52:10,0.0,30.0,415.0,22.1,30.0
2024-01-28 08:02:10,0.0,3.0,419.0,22.1,30.0
2024-01-28 08:12:10,0.0,3.0,408.0,22.1,30.0
2024-01-28 08:22:10,0.0,3.0,429.0,22.0,30.0
2024-01-28 08:32:10,0.0,3.0,420.0,22.1,30.0
2024-01-28 08:42:10,0.0,3.0,428.0,22.1,30.0
2024-01-28 08:52:10,0.0,3.0,418.0,22.0,30.0
2024-01-28 09:02:10,0.0,3.0,410.0,22.0,30.0
2024-01-28 09:12:10,0.0,30.0,397.0,22.0,30.0
2024-01-28 09:22:10,0.0,30.0,425.0,22.0,30.0
2024-01-28 09:32:10,1.0,30.0,420.0,22.1,30.0
2024-01-28 09:42:10,0.0,30.0,392.0,22.1,30.0
2024-01-28 09:52:10,0.0,3.0,416.0,22.1,30.0
2024-01-28 10:02:10,0.0,3.0,413.0,22.1,30.0
2024-01-28 10:12:10,0.0,6.0,408.0,22.0,31.0
2024-01-28 10:22:10,0.0,10.0,400.0,22.0,31.0
2024-01-28 10:32:10,0.0,10.0,407.0,22.1,31.0
2024-01-28 10:42:10,0.0,10.0,528.0,22.1,31.0
2024-01-28 10:52:10,0.0,13.0,505.0,22.0,31.0
2024-01-28 11:02:09,0.0,13.0,495.0,22.0,31.0
2024-01-28 11:12:09,0.0,16.0,464.0,22.1,31.0
2024-01-28 11:22:09,0.0,20.0,456.0,22.1,31.0
2024-01-28 11:32:09,1.0,53.0,435.0,22.1,30.0
2024-01-28 11:42:09,0.0,80.0,433.0,22.0,30.0
2024-01-28 11:52:09,0.0,77.0,412.0,22.1,30.0
2024-01-28 12:02:09,0.0,94.0,415.0,22.1,30.0
2024-01-28 12:12:09,0.0,111.0,578.0,22.2,31.0
2024-01-28 12:22:09,0.0,124.0,414.0,22.2,30.0
2024-01-28 12:32:09,0.0,70.0,429.0,22.2,30.0
2024-01-28 12:42:09,0.0,70.0,421.0,22.1,30.0
2024-01-28 12:52:09,0.0,94.0,412.0,22.2,30.0
2024-01-28 13:02:09,1.0,67.0,469.0,22.2,30.0
2024-01-28 13:12:09,0.0,53.0,439.0,22.1,30.0
2024-01-28 13:22:09,0.0,40.0,432.0,22.1,30.0
2024-01-28 13:32:09,0.0,20.0,496.0,22.2,30.0
2024-01-28 13:42:09,0.0,10.0,493.0,22.1,30.0
2024-01-28 13:52:09,0.0,6.0,472.0,22.2,30.0
2024-01-28 14:02:09,0.0,6.0,543.0,22.1,30.0
2024-01-28 14:22:09,0.0,3.0,508.0,22.1,30.0
2024-01-28 14:32:09,0.0,3.0,485.0,22.1,30.0
2024-01-28 14:42:09,0.0,3.0,500.0,22.2,30.0
2024-01-28 14:52:09,0.0,3.0,484.0,22.1,30.0
2024-01-28 15:02:09,0.0,3.0,478.0,22.1,30.0
2024-01-28 15:12:09,0.0,30.0,504.0,22.1,30.0
2024-01-28 15:22:09,0.0,30.0,480.0,22.1,30.0
2024-01-28 15:32:09,1.0,0.0,566.0,22.1,30.0
2024-01-28 15:42:09,0.0,0.0,465.0,22.2,29.0
2024-01-28 15:52:09,0.0,0.0,454.0,22.1,30.0
2024-01-28 16:02:09,0.0,0.0,521.0,22.1,30.0
2024-01-28 16:12:09,0.0,0.0,493.0,22.1,30.0
2024-01-28 16:22:09,0.0,0.0,512.0,22.1,30.0
2024-01-28 16:32:08,0.0,30.0,558.0,22.1,30.0
2024-01-28 16:42:08,2.0,30.0,514.0,22.1,30.0
2024-01-28 16:52:08,0.0,26.0,510.0,22.2,30.0
2024-01-28 17:02:08,1.0,30.0,534.0,22.1,30.0
2024-01-28 17:12:09,0.0,0.0,543.0,22.1,30.0
2024-01-28 17:22:08,0.0,0.0,507.0,22.1,30.0
2024-01-28 17:32:08,0.0,0.0,514.0,22.1,30.0
2024-01-28 17:42:08,0.0,30.0,447.0,22.1,30.0
2024-01-28 17:52:08,0.0,30.0,484.0,22.1,30.0
2024-01-28 18:02:08,0.0,0.0,484.0,22.1,30.0
2024-01-28 18:12:08,0.0,0.0,474.0,22.1,30.0
2024-01-28 18:22:08,0.0,0.0,485.0,22.2,30.0
2024-01-28 18:32:08,0.0,0.0,465.0,22.1,30.0
2024-01-28 18:42:08,0.0,0.0,471.0,22.1,30.0
2024-01-28 18:52:08,0.0,0.0,461.0,22.1,30.0
2024-01-28 19:02:08,0.0,0.0,446.0,22.1,30.0
2024-01-28 19:12:08,0.0,0.0,447.0,22.1,30.0
2024-01-28 19:22:08,0.0,0.0,458.0,22.1,30.0
2024-01-28 19:32:08,0.0,0.0,454.0,22.1,30.0
2024-01-28 19:42:08,0.0,0.0,463.0,22.1,30.0
2024-01-28 19:52:08,0.0,0.0,466.0,22.1,30.0
2024-01-28 20:02:08,0.0,0.0,442.0,22.1,30.0
2024-01-28 20:12:08,0.0,0.0,435.0,22.1,30.0
2024-01-28 20:22:08,1.0,26.0,435.0,22.1,29.0
2024-01-28 20:32:08,0.0,30.0,460.0,22.0,30.0
2024-01-28 20:42:08,0.0,0.0,459.0,22.2,30.0
2024-01-28 20:52:08,0.0,0.0,469.0,22.1,30.0
2024-01-28 21:02:08,0.0,0.0,464.0,22.1,30.0
2024-01-28 21:12:08,0.0,26.0,486.0,22.1,30.0
2024-01-28 21:22:08,1.0,30.0,473.0,22.1,30.0
2024-01-28 21:32:08,0.0,0.0,505.0,22.1,30.0
2024-01-28 21:42:08,0.0,0.0,485.0,22.1,30.0
2024-01-28 21:52:07,0.0,0.0,485.0,22.1,30.0
2024-01-28 22:02:07,0.0,0.0,468.0,22.1,30.0
2024-01-28 22:12:07,0.0,0.0,473.0,22.0,30.0
2024-01-28 22:22:07,0.0,0.0,475.0,22.0,30.0
2024-01-28 22:32:08,0.0,0.0,454.0,22.1,30.0
2024-01-28 22:42:07,0.0,0.0,458.0,22.1,30.0
2024-01-28 22:52:07,0.0,0.0,457.0,22.1,30.0
2024-01-28 23:02:07,0.0,0.0,458.0,22.1,30.0
2024-01-28 23:12:07,0.0,0.0,434.0,22.1,30.0
2024-01-28 23:22:07,0.0,0.0,444.0,22.1,30.0
2024-01-28 23:32:07,0.0,0.0,438.0,22.0,30.0
2024-01-28 23:42:07,0.0,0.0,436.0,22.0,30.0
2024-01-28 23:52:07,0.0,0.0,449.0,22.1,30.0
2024-01-29 00:02:07,0.0,0.0,441.0,22.1,30.0
2024-01-29 00:12:07,0.0,0.0,436.0,22.1,29.0
2024-01-29 00:22:07,0.0,0.0,441.0,22.0,29.0
2024-01-29 00:32:07,0.0,0.0,437.0,22.0,29.0
2024-01-29 00:42:07,0.0,0.0,436.0,22.1,30.0
2024-01-29 00:52:07,0.0,0.0,431.0,22.1,29.0
2024-01-29 01:02:07,0.0,0.0,458.0,22.1,29.0
2024-01-29 01:12:07,0.0,0.0,428.0,22.0,30.0
2024-01-29 01:22:07,0.0,0.0,430.0,22.0,29.0
2024-01-29 01:32:07,0.0,0.0,433.0,22.1,29.0
2024-01-29 01:42:07,0.0,0.0,438.0,22.0,29.0
2024-01-29 01:52:07,0.0,0.0,429.0,22.0,29.0
2024-01-29 02:02:07,0.0,0.0,434.0,22.0,29.0
2024-01-29 02:12:07,0.0,0.0,423.0,22.0,29.0
2024-01-29 02:22:07,0.0,0.0,409.0,22.1,29.0
2024-01-29 02:32:07,0.0,0.0,422.0,22.1,29.0
2024-01-29 02:42:07,0.0,0.0,424.0,22.0,29.0
2024-01-29 02:52:07,0.0,0.0,425.0,22.0,29.0
2024-01-29 03:02:07,0.0,0.0,422.0,22.0,29.0
2024-01-29 03:12:07,0.0,0.0,433.0,22.0,29.0
2024-01-29 03:22:07,0.0,0.0,416.0,22.0,29.0
2024-01-29 03:32:06,0.0,0.0,413.0,22.0,29.0
2024-01-29 03:42:06,0.0,0.0,418.0,22.1,29.0
2024-01-29 03:52:06,0.0,0.0,403.0,22.0,29.0
2024-01-29 04:02:06,0.0,0.0,416.0,22.1,29.0
2024-01-29 04:12:06,0.0,0.0,404.0,22.0,29.0
2024-01-29 04:22:06,0.0,0.0,414.0,22.1,29.0
2024-01-29 04:32:06,0.0,0.0,405.0,22.0,29.0
2024-01-29 04:42:06,0.0,0.0,408.0,22.0,29.0
2024-01-29 04:52:06,0.0,0.0,399.0,22.0,29.0
2024-01-29 05:02:06,0.0,0.0,401.0,22.0,29.0
2024-01-29 05:12:06,0.0,0.0,414.0,22.0,29.0
2024-01-29 05:22:06,0.0,0.0,415.0,22.0,29.0
2024-01-29 05:32:06,0.0,0.0,421.0,22.0,29.0
2024-01-29 05:42:06,1.0,33.0,440.0,22.0,29.0
2024-01-29 05:52:06,0.0,30.0,427.0,22.0,28.0
2024-01-29 06:02:06,0.0,0.0,429.0,22.0,28.0
2024-01-29 06:12:06,0.0,0.0,422.0,22.0,28.0
2024-01-29 06:22:06,0.0,0.0,408.0,22.0,28.0
2024-01-29 06:32:06,0.0,0.0,411.0,22.0,28.0
2024-01-29 06:42:06,1.0,33.0,430.0,22.0,27.0
2024-01-29 06:52:06,1.0,30.0,447.0,21.9,28.0
2024-01-29 07:02:06,0.0,30.0,432.0,22.0,27.0
2024-01-29 07:12:06,1.0,30.0,442.0,21.9,27.0
2024-01-29 07:22:06,4.0,30.0,455.0,21.9,27.0
2024-01-29 07:32:06,1.0,30.0,447.0,22.0,28.0
2024-01-29 07:42:06,2.0,30.0,451.0,22.0,28.0
2024-01-29 07:52:06,4.0,30.0,476.0,21.9,28.0
2024-01-29 08:02:06,8.0,30.0,546.0,22.0,29.0
2024-01-29 08:12:06,4.0,30.0,568.0,21.9,29.0
2024-01-29 08:22:06,7.0,33.0,483.0,22.0,29.0
2024-01-29 08:32:06,3.0,40.0,504.0,22.0,28.0
2024-01-29 08:42:06,6.0,40.0,577.0,22.0,29.0
2024-01-29 08:52:06,6.0,37.0,559.0,22.0,29.0
2024-01-29 09:02:05,2.0,33.0,526.0,22.1,28.0
2024-01-29 09:12:05,4.0,33.0,564.0,22.1,28.0
2024-01-29 09:22:05,4.0,33.0,529.0,22.1,28.0
2024-01-29 09:32:05,6.0,33.0,581.0,22.1,28.0
2024-01-29 09:42:05,5.0,33.0,642.0,22.2,29.0
2024-01-29 09:52:05,4.0,37.0,641.0,22.2,29.0
2024-01-29 10:02:05,7.0,37.0,623.0,22.1,29.0
2024-01-29 10:12:05,5.0,40.0,660.0,22.1,29.0
2024-01-29 10:22:05,0.0,40.0,647.0,22.2,28.0
2024-01-29 10:32:05,4.0,40.0,781.0,22.2,29.0
2024-01-29 10:42:05,7.0,37.0,783.0,22.2,29.0
2024-01-29 10:52:06,5.0,43.0,782.0,22.2,29.0
2024-01-29 11:02:05,5.0,43.0,732.0,22.2,29.0
2024-01-29 11:12:05,8.0,50.0,771.0,22.2,29.0
2024-01-29 11:22:05,5.0,57.0,753.0,22.2,29.0
2024-01-29 11:32:05,9.0,74.0,723.0,22.3,29.0
2024-01-29 11:42:05,4.0,111.0,739.0,22.3,29.0
2024-01-29 11:52:05,10.0,205.0,798.0,22.2,29.0
2024-01-29 12:02:05,5.0,185.0,711.0,22.3,29.0
2024-01-29 12:12:05,8.0,255.0,733.0,22.4,29.0
2024-01-29 12:22:05,1.0,107.0,795.0,22.5,29.0
2024-01-29 12:32:05,5.0,117.0,843.0,22.5,29.0
2024-01-29 12:42:05,7.0,77.0,817.0,22.4,29.0
2024-01-29 12:52:05,6.0,67.0,842.0,22.4,29.0
2024-01-29 13:02:05,7.0,63.0,820.0,22.4,29.0
2024-01-29 13:12:05,1.0,60.0,750.0,22.5,29.0
2024-01-29 13:22:05,2.0,40.0,737.0,22.4,29.0
2024-01-29 13:32:05,5.0,33.0,744.0,22.4,29.0
2024-01-29 13:42:05,3.0,33.0,751.0,22.4,29.0
2024-01-29 13:52:05,1.0,37.0,732.0,22.5,28.0
2024-01-29 14:02:05,1.0,37.0,736.0,22.5,29.0
2024-01-29 14:12:05,3.0,33.0,765.0,22.5,29.0
2024-01-29 14:22:04,3.0,33.0,795.0,22.4,29.0
2024-01-29 14:32:04,5.0,30.0,818.0,22.5,29.0
2024-01-29 14:42:04,6.0,30.0,802.0,22.4,29.0
2024-01-29 14:52:04,4.0,33.0,825.0,22.5,29.0
2024-01-29 15:02:04,6.0,30.0,795.0,22.5,29.0
2024-01-29 15:12:04,6.0,30.0,811.0,22.5,29.0
2024-01-29 15:22:04,3.0,30.0,909.0,22.5,29.0
2024-01-29 15:32:04,3.0,30.0,818.0,22.5,29.0
2024-01-29 15:42:04,4.0,30.0,800.0,22.4,29.0
2024-01-29 15:52:04,1.0,30.0,753.0,22.5,29.0
2024-01-29 16:02:04,4.0,30.0,811.0,22.5,29.0
2024-01-29 16:12:04,1.0,30.0,791.0,22.5,29.0
2024-01-29 16:22:04,1.0,30.0,863.0,22.5,29.0
2024-01-29 16:32:04,0.0,30.0,828.0,22.5,29.0
2024-01-29 16:42:04,1.0,30.0,866.0,22.6,30.0
2024-01-29 16:52:04,3.0,30.0,879.0,22.6,30.0
2024-01-29 17:02:04,4.0,30.0,1000.0,22.5,30.0
2024-01-29 17:12:04,5.0,30.0,997.0,22.5,31.0
2024-01-29 17:22:04,2.0,30.0,985.0,22.6,31.0
2024-01-29 17:32:04,3.0,3.0,988.0,22.5,31.0
2024-01-29 17:42:04,3.0,30.0,1014.0,22.5,31.0
2024-01-29 17:52:04,0.0,30.0,928.0,22.5,31.0
2024-01-29 18:02:04,1.0,26.0,837.0,22.4,30.0
2024-01-29 18:12:04,0.0,30.0,776.0,22.4,30.0
2024-01-29 18:22:04,0.0,0.0,731.0,22.4,30.0
2024-01-29 18:32:04,0.0,0.0,730.0,22.4,30.0
2024-01-29 18:42:04,0.0,0.0,734.0,22.4,30.0
2024-01-29 18:52:04,1.0,30.0,741.0,22.4,30.0
2024-01-29 19:02:04,1.0,30.0,680.0,22.4,29.0
2024-01-29 19:12:04,0.0,0.0,706.0,22.4,29.0
2024-01-29 19:22:04,0.0,0.0,710.0,22.4,30.0
2024-01-29 19:32:04,0.0,0.0,722.0,22.4,30.0
2024-01-29 19:42:04,0.0,0.0,688.0,22.3,30.0
2024-01-29 19:52:03,0.0,0.0,659.0,22.3,30.0
2024-01-29 20:02:03,0.0,0.0,683.0,22.4,30.0
2024-01-29 20:12:03,1.0,30.0,705.0,22.3,30.0
2024-01-29 20:22:03,0.0,30.0,803.0,22.4,30.0
2024-01-29 20:32:03,0.0,0.0,802.0,22.3,30.0
2024-01-29 20:42:03,0.0,0.0,772.0,22.3,31.0
2024-01-29 20:52:03,0.0,0.0,693.0,22.3,30.0
2024-01-29 21:02:03,0.0,0.0,709.0,22.3,30.0
2024-01-29 21:12:03,0.0,0.0,679.0,22.4,30.0
2024-01-29 21:22:04,0.0,0.0,700.0,22.3,30.0
2024-01-29 21:32:03,0.0,0.0,664.0,22.3,30.0
2024-01-29 21:42:03,0.0,0.0,641.0,22.3,30.0
2024-01-29 21:52:03,0.0,0.0,651.0,22.3,30.0
2024-01-29 22:02:03,1.0,30.0,639.0,22.2,29.0
2024-01-29 22:12:03,0.0,30.0,637.0,22.3,29.0
2024-01-29 22:22:03,0.0,0.0,618.0,22.3,29.0
2024-01-29 22:32:03,0.0,0.0,612.0,22.3,29.0
2024-01-29 22:42:03,0.0,0.0,587.0,22.3,29.0
2024-01-29 22:52:03,0.0,0.0,608.0,22.3,30.0
2024-01-29 23:02:03,0.0,0.0,612.0,22.3,30.0
2024-01-29 23:12:03,0.0,0.0,599.0,22.3,29.0
2024-01-29 23:22:03,0.0,0.0,598.0,22.3,29.0
2024-01-29 23:32:03,0.0,0.0,574.0,22.3,29.0
2024-01-29 23:52:03,0.0,0.0,597.0,22.3,29.0
2024-01-30 00:02:03,0.0,0.0,591.0,22.3,29.0
2024-01-30 00:12:03,0.0,0.0,588.0,22.2,29.0
2024-01-30 00:22:03,0.0,0.0,586.0,22.2,29.0
2024-01-30 00:32:03,0.0,0.0,584.0,22.3,29.0
2024-01-30 00:42:03,0.0,0.0,588.0,22.2,29.0
2024-01-30 00:52:03,0.0,0.0,550.0,22.3,29.0
2024-01-30 01:02:03,0.0,0.0,561.0,22.2,29.0
2024-01-30 01:12:03,0.0,0.0,563.0,22.2,29.0
2024-01-30 01:22:02,0.0,0.0,560.0,22.2,29.0
2024-01-30 01:32:02,0.0,0.0,556.0,22.2,29.0
2024-01-30 01:42:02,0.0,0.0,565.0,22.3,29.0
2024-01-30 01:52:02,0.0,0.0,544.0,22.2,29.0
2024-01-30 02:02:03,0.0,0.0,552.0,22.3,29.0
2024-01-30 02:22:02,0.0,0.0,542.0,22.2,30.0
2024-01-30 02:32:02,0.0,0.0,543.0,22.2,29.0
2024-01-30 02:42:05,0.0,0.0,548.0,22.2,30.0
2024-01-30 02:52:02,0.0,0.0,540.0,22.2,30.0
2024-01-30 03:02:03,0.0,0.0,530.0,22.2,30.0
2024-01-30 03:12:02,0.0,0.0,534.0,22.3,30.0
2024-01-30 03:22:02,0.0,0.0,523.0,22.2,30.0
2024-01-30 03:32:02,0.0,0.0,530.0,22.2,30.0
2024-01-30 03:42:02,0.0,0.0,541.0,22.2,30.0
2024-01-30 03:52:02,0.0,0.0,511.0,22.3,30.0
2024-01-30 04:02:02,0.0,0.0,511.0,22.2,30.0
2024-01-30 04:12:02,0.0,0.0,529.0,22.2,30.0
2024-01-30 04:22:02,0.0,0.0,522.0,22.2,30.0
2024-01-30 04:32:02,0.0,0.0,509.0,22.2,30.0
2024-01-30 04:42:02,0.0,0.0,524.0,22.2,30.0
2024-01-30 04:52:02,0.0,0.0,531.0,22.2,30.0
2024-01-30 05:02:02,0.0,0.0,511.0,22.1,30.0
2024-01-30 05:12:02,0.0,0.0,507.0,22.2,30.0
2024-01-30 05:22:02,0.0,0.0,504.0,22.2,30.0
2024-01-30 05:32:02,0.0,0.0,501.0,22.2,30.0
2024-01-30 05:42:02,0.0,0.0,522.0,22.2,30.0
2024-01-30 05:52:02,0.0,0.0,511.0,22.2,30.0
2024-01-30 06:02:02,0.0,0.0,517.0,22.2,30.0
2024-01-30 06:12:02,1.0,26.0,506.0,22.2,30.0
2024-01-30 06:22:02,1.0,37.0,525.0,22.2,30.0
2024-01-30 06:32:02,0.0,0.0,522.0,22.2,30.0
2024-01-30 06:42:01,0.0,30.0,536.0,22.3,31.0
2024-01-30 06:52:02,0.0,33.0,507.0,22.2,30.0
2024-01-30 07:02:02,0.0,30.0,537.0,22.2,31.0
2024-01-30 07:12:01,2.0,30.0,520.0,22.2,31.0
2024-01-30 07:22:01,0.0,30.0,491.0,22.1,31.0
2024-01-30 07:32:01,1.0,30.0,492.0,22.1,32.0
2024-01-30 07:42:01,3.0,30.0,503.0,22.1,32.0
2024-01-30 07:52:01,0.0,30.0,521.0,22.2,32.0
2024-01-30 08:02:01,5.0,30.0,528.0,22.1,35.0
2024-01-30 08:12:01,4.0,30.0,542.0,22.1,35.0
2024-01-30 08:22:01,2.0,30.0,559.0,22.2,34.0
2024-01-30 08:32:01,4.0,30.0,609.0,22.1,35.0
2024-01-30 08:42:01,1.0,30.0,485.0,22.2,34.0
2024-01-30 08:52:01,4.0,33.0,671.0,22.2,35.0
2024-01-30 09:02:01,7.0,30.0,589.0,22.2,34.0
2024-01-30 09:12:01,1.0,30.0,615.0,22.1,34.0
2024-01-30 09:22:01,0.0,30.0,606.0,22.1,34.0
2024-01-30 09:32:01,1.0,30.0,612.0,22.2,34.0
2024-01-30 09:42:01,2.0,30.0,612.0,22.2,34.0
2024-01-30 09:52:01,3.0,30.0,592.0,22.2,34.0
2024-01-30 10:02:01,4.0,30.0,698.0,22.2,34.0
2024-01-30 10:12:01,4.0,30.0,684.0,22.2,34.0
2024-01-30 10:22:01,0.0,30.0,561.0,22.2,34.0
2024-01-30 10:32:02,3.0,30.0,730.0,22.3,35.0
2024-01-30 10:42:01,2.0,30.0,626.0,22.2,34.0
2024-01-30 10:52:01,2.0,30.0,656.0,22.3,34.0
2024-01-30 11:02:01,3.0,30.0,717.0,22.3,35.0
2024-01-30 11:12:01,6.0,33.0,696.0,22.3,35.0
2024-01-30 11:22:01,6.0,33.0,733.0,22.4,35.0
2024-01-30 11:32:01,6.0,33.0,747.0,22.5,35.0
2024-01-30 11:42:01,1.0,33.0,747.0,22.5,35.0
2024-01-30 11:52:01,3.0,30.0,750.0,22.4,35.0
2024-01-30 12:02:01,6.0,37.0,717.0,22.4,35.0
2024-01-30 12:12:01,9.0,30.0,706.0,22.4,35.0
2024-01-30 12:22:00,7.0,30.0,714.0,22.5,35.0
2024-01-30 12:32:00,1.0,30.0,708.0,22.5,35.0
2024-01-30 12:42:00,1.0,30.0,806.0,22.5,35.0
2024-01-30 12:52:00,1.0,30.0,798.0,22.6,35.0
2024-01-30 13:02:00,1.0,30.0,758.0,22.5,35.0
2024-01-30 13:12:00,3.0,30.0,728.0,22.6,35.0
2024-01-30 13:22:00,5.0,30.0,803.0,22.5,35.0
2024-01-30 13:32:00,3.0,30.0,778.0,22.6,35.0
2024-01-30 13:42:00,3.0,30.0,819.0,22.6,35.0
2024-01-30 13:52:00,1.0,30.0,765.0,22.6,34.0
2024-01-30 14:02:00,2.0,30.0,795.0,22.6,34.0
2024-01-30 14:12:00,7.0,30.0,788.0,22.5,34.0
2024-01-30 14:22:00,2.0,33.0,792.0,22.6,34.0
2024-01-30 14:32:00,5.0,30.0,899.0,22.6,35.0
2024-01-30 14:42:00,3.0,30.0,867.0,22.6,35.0
2024-01-30 14:52:00,1.0,30.0,812.0,22.6,34.0
2024-01-30 15:02:00,1.0,30.0,782.0,22.6,34.0
2024-01-30 15:12:00,0.0,30.0,747.0,22.6,34.0
2024-01-30 15:22:00,2.0,26.0,709.0,22.6,34.0
2024-01-30 15:32:00,5.0,30.0,747.0,22.6,34.0
2024-01-30 15:42:00,1.0,30.0,668.0,22.6,33.0
2024-01-30 15:52:00,2.0,30.0,684.0,22.6,33.0
2024-01-30 16:02:00,2.0,37.0,667.0,22.6,33.0
2024-01-30 16:12:00,1.0,30.0,666.0,22.6,33.0
2024-01-30 16:22:00,3.0,30.0,711.0,22.6,33.0
2024-01-30 16:32:00,0.0,30.0,709.0,22.7,33.0
2024-01-30 16:42:00,0.0,30.0,731.0,22.6,33.0
2024-01-30 16:52:00,1.0,30.0,774.0,22.7,33.0
2024-01-30 17:02:00,1.0,30.0,790.0,22.7,34.0
2024-01-30 17:12:00,0.0,30.0,778.0,22.7,33.0
2024-01-30 17:22:00,0.0,30.0,764.0,22.7,33.0
2024-01-30 17:32:00,0.0,3.0,783.0,22.7,33.0
2024-01-30 17:51:59,0.0,30.0,775.0,22.8,33.0
2024-01-30 18:01:59,0.0,6.0,774.0,22.7,33.0
2024-01-30 18:11:59,0.0,6.0,793.0,22.7,33.0
2024-01-30 18:21:59,1.0,30.0,779.0,22.8,33.0
2024-01-30 18:31:59,0.0,30.0,787.0,22.7,33.0
2024-01-30 18:41:59,0.0,3.0,795.0,22.8,33.0
2024-01-30 18:51:59,0.0,3.0,775.0,22.8,33.0
2024-01-30 19:01:59,0.0,3.0,762.0,22.8,33.0
2024-01-30 19:11:59,1.0,30.0,765.0,22.8,33.0
2024-01-30 19:21:59,0.0,30.0,775.0,22.8,33.0
2024-01-30 19:31:59,1.0,6.0,806.0,22.8,34.0
2024-01-30 19:41:59,0.0,6.0,803.0,22.8,34.0
2024-01-30 19:51:59,0.0,6.0,802.0,22.8,34.0
2024-01-30 20:01:59,0.0,6.0,794.0,22.8,34.0
2024-01-30 20:11:59,0.0,6.0,781.0,22.8,34.0
2024-01-30 20:21:59,0.0,6.0,779.0,22.8,34.0
2024-01-30 20:31:59,0.0,6.0,751.0,22.8,34.0
2024-01-30 20:41:59,0.0,6.0,750.0,22.8,34.0
2024-01-30 20:51:59,0.0,6.0,726.0,22.7,34.0
2024-01-30 21:01:59,1.0,0.0,739.0,22.7,34.0
2024-01-30 21:11:59,0.0,0.0,714.0,22.7,34.0
2024-01-30 21:21:59,0.0,30.0,630.0,22.6,33.0
2024-01-30 21:31:59,1.0,30.0,659.0,22.6,33.0
2024-01-30 21:41:59,0.0,0.0,691.0,22.6,34.0
2024-01-30 21:51:59,0.0,0.0,683.0,22.6,34.0
2024-01-30 22:01:59,0.0,0.0,640.0,22.5,33.0
2024-01-30 22:11:59,0.0,0.0,647.0,22.5,34.0
2024-01-30 22:21:59,0.0,0.0,658.0,22.6,34.0
2024-01-30 22:31:59,0.0,30.0,600.0,22.6,33.0
2024-01-30 22:41:59,0.0,30.0,609.0,22.6,33.0
2024-01-30 22:51:59,0.0,3.0,570.0,22.5,33.0
2024-01-30 23:01:59,0.0,0.0,602.0,22.6,33.0
2024-01-30 23:11:58,0.0,0.0,610.0,22.6,34.0
2024-01-30 23:21:58,0.0,0.0,616.0,22.5,34.0
2024-01-30 23:31:58,0.0,3.0,584.0,22.5,33.0
2024-01-30 23:41:58,0.0,0.0,585.0,22.5,34.0
2024-01-30 23:51:58,0.0,0.0,575.0,22.5,33.0
2024-01-31 00:01:58,0.0,0.0,579.0,22.5,34.0
2024-01-31 00:11:58,0.0,0.0,568.0,22.5,34.0
2024-01-31 00:21:58,0.0,0.0,576.0,22.5,34.0
2024-01-31 00:31:58,0.0,0.0,579.0,22.5,34.0
2024-01-31 00:41:58,0.0,0.0,594.0,22.6,34.0
2024-01-31 00:51:58,0.0,0.0,579.0,22.5,34.0
2024-01-31 01:01:58,0.0,0.0,571.0,22.5,34.0
2024-01-31 01:11:58,0.0,0.0,578.0,22.5,34.0
2024-01-31 01:21:58,0.0,0.0,559.0,22.5,34.0
2024-01-31 01:31:58,0.0,0.0,547.0,22.5,33.0
2024-01-31 01:41:58,0.0,0.0,549.0,22.5,34.0
2024-01-31 01:51:58,0.0,0.0,544.0,22.5,34.0
2024-01-31 02:01:58,0.0,0.0,542.0,22.5,34.0
2024-01-31 02:11:58,0.0,0.0,551.0,22.5,34.0
2024-01-31 02:21:58,0.0,0.0,530.0,22.5,34.0
2024-01-31 02:31:58,0.0,0.0,552.0,22.5,33.0
2024-01-31 02:41:58,0.0,0.0,511.0,22.5,33.0
2024-01-31 02:51:58,0.0,0.0,501.0,22.5,33.0
2024-01-31 03:01:58,0.0,0.0,528.0,22.5,33.0
2024-01-31 03:11:58,0.0,0.0,530.0,22.5,33.0
2024-01-31 03:21:58,2.0,30.0,514.0,22.5,33.0
2024-01-31 03:31:58,0.0,30.0,546.0,22.5,33.0
2024-01-31 03:41:58,0.0,0.0,515.0,22.5,33.0
2024-01-31 03:51:58,0.0,0.0,524.0,22.5,33.0
2024-01-31 04:01:58,0.0,0.0,498.0,22.5,33.0
2024-01-31 04:11:58,0.0,3.0,512.0,22.5,33.0
2024-01-31 04:21:58,2.0,30.0,487.0,22.5,33.0
2024-01-31 04:31:57,0.0,30.0,483.0,22.6,33.0
2024-01-31 04:41:57,0.0,0.0,491.0,22.5,33.0
2024-01-31 04:51:57,0.0,0.0,503.0,22.5,33.0
2024-01-31 05:01:57,0.0,0.0,474.0,22.5,33.0
2024-01-31 05:11:57,0.0,0.0,483.0,22.5,33.0
2024-01-31 05:21:58,0.0,3.0,495.0,22.5,33.0
2024-01-31 05:31:57,0.0,0.0,489.0,22.6,34.0
2024-01-31 05:41:57,0.0,0.0,489.0,22.5,33.0
2024-01-31 05:51:57,1.0,30.0,510.0,22.5,33.0
2024-01-31 06:01:57,0.0,30.0,521.0,22.5,33.0
2024-01-31 06:11:57,0.0,0.0,462.0,22.5,33.0
2024-01-31 06:21:57,0.0,0.0,449.0,22.5,33.0
2024-01-31 06:31:57,1.0,23.0,463.0,22.5,33.0
2024-01-31 06:41:57,0.0,33.0,519.0,22.5,33.0
2024-01-31 06:51:57,1.0,30.0,539.0,22.5,33.0
2024-01-31 07:01:57,2.0,30.0,547.0,22.5,33.0
2024-01-31 07:11:57,0.0,30.0,543.0,22.5,33.0
2024-01-31 07:21:57,1.0,30.0,530.0,22.5,33.0
2024-01-31 07:31:57,3.0,30.0,604.0,22.5,33.0
2024-01-31 07:41:57,0.0,30.0,562.0,22.5,33.0
2024-01-31 07:51:57,1.0,30.0,520.0,22.5,32.0
2024-01-31 08:01:57,1.0,30.0,498.0,22.4,32.0
2024-01-31 08:11:57,1.0,30.0,494.0,22.5,31.0
2024-01-31 08:21:57,2.0,33.0,525.0,22.5,32.0
2024-01-31 08:31:57,5.0,43.0,449.0,22.5,31.0
2024-01-31 08:41:57,4.0,37.0,494.0,22.6,31.0
2024-01-31 08:51:57,1.0,37.0,594.0,22.5,32.0
2024-01-31 09:01:57,5.0,33.0,515.0,22.6,31.0
2024-01-31 09:11:57,3.0,43.0,917.0,22.6,32.0
2024-01-31 09:21:57,2.0,47.0,963.0,22.6,33.0
2024-01-31 09:31:57,4.0,40.0,619.0,22.6,31.0
2024-01-31 09:41:57,7.0,33.0,656.0,22.6,31.0
2024-01-31 09:51:57,5.0,33.0,656.0,22.7,31.0
2024-01-31 10:01:57,5.0,33.0,712.0,22.6,33.0
2024-01-31 10:11:56,2.0,43.0,1052.0,22.6,35.0
2024-01-31 10:21:56,1.0,37.0,680.0,22.6,33.0
2024-01-31 10:31:56,3.0,33.0,710.0,22.6,33.0
2024-01-31 10:41:57,5.0,33.0,742.0,22.6,33.0
2024-01-31 10:51:56,4.0,37.0,762.0,22.6,33.0
2024-01-31 11:01:56,2.0,37.0,641.0,22.7,31.0
2024-01-31 11:11:56,3.0,30.0,675.0,22.7,32.0
2024-01-31 11:21:56,1.0,30.0,784.0,22.7,32.0
2024-01-31 11:31:56,4.0,30.0,792.0,22.6,33.0
2024-01-31 11:41:56,1.0,33.0,827.0,22.6,33.0
2024-01-31 11:51:56,3.0,33.0,774.0,22.6,33.0
2024-01-31 12:01:56,2.0,30.0,701.0,22.6,32.0
2024-01-31 12:11:56,7.0,30.0,775.0,22.6,33.0
2024-01-31 12:21:56,4.0,30.0,631.0,22.6,32.0
2024-01-31 12:31:56,0.0,33.0,609.0,22.7,31.0
2024-01-31 12:41:56,3.0,33.0,691.0,22.7,31.0
2024-01-31 12:51:56,2.0,30.0,715.0,22.7,31.0
2024-01-31 13:01:56,5.0,30.0,750.0,22.7,32.0
2024-01-31 13:11:56,1.0,26.0,759.0,22.8,31.0
2024-01-31 13:21:56,2.0,30.0,827.0,22.7,32.0
2024-01-31 13:31:56,2.0,30.0,824.0,22.8,32.0
2024-01-31 13:41:56,3.0,33.0,844.0,22.8,32.0
2024-01-31 13:51:56,4.0,33.0,937.0,22.8,32.0
2024-01-31 14:01:56,1.0,37.0,902.0,22.9,32.0
2024-01-31 14:11:56,6.0,40.0,932.0,22.8,32.0
2024-01-31 14:21:56,3.0,33.0,986.0,22.8,32.0
2024-01-31 14:31:56,1.0,33.0,958.0,22.8,32.0
2024-01-31 14:41:56,10.0,30.0,993.0,22.8,32.0
2024-01-31 14:51:56,4.0,30.0,933.0,22.8,32.0
2024-01-31 15:01:56,0.0,30.0,884.0,22.9,31.0
2024-01-31 15:11:56,0.0,30.0,869.0,22.8,31.0
2024-01-31 15:21:56,7.0,30.0,884.0,22.9,31.0
2024-01-31 15:31:55,1.0,30.0,844.0,22.9,31.0
2024-01-31 15:41:55,3.0,30.0,927.0,22.9,32.0
2024-01-31 15:51:55,3.0,26.0,916.0,22.9,31.0
2024-01-31 16:01:56,4.0,33.0,876.0,22.9,31.0
2024-01-31 16:11:55,4.0,30.0,896.0,22.9,31.0
2024-01-31 16:21:55,1.0,30.0,920.0,22.9,31.0
2024-01-31 16:31:56,1.0,30.0,884.0,22.9,32.0
2024-01-31 16:41:55,7.0,26.0,925.0,22.9,32.0
2024-01-31 16:51:55,4.0,30.0,949.0,22.9,32.0
2024-01-31 17:01:55,1.0,30.0,977.0,22.9,32.0
2024-01-31 17:11:55,1.0,30.0,900.0,22.8,32.0
2024-01-31 17:21:55,1.0,30.0,802.0,22.8,32.0
2024-01-31 17:31:55,5.0,30.0,926.0,22.7,32.0
2024-01-31 17:41:55,0.0,30.0,981.0,22.7,32.0
2024-01-31 17:51:55,0.0,0.0,911.0,22.7,32.0
2024-01-31 18:01:55,1.0,30.0,897.0,22.7,32.0
2024-01-31 18:11:55,1.0,30.0,844.0,22.7,32.0
2024-01-31 18:21:55,0.0,30.0,818.0,22.6,32.0
2024-01-31 18:31:55,0.0,30.0,832.0,22.6,32.0
2024-01-31 18:41:55,1.0,26.0,821.0,22.7,32.0
2024-01-31 18:51:55,0.0,30.0,749.0,22.6,31.0
2024-01-31 19:01:55,0.0,0.0,721.0,22.7,31.0
2024-01-31 19:11:55,0.0,0.0,757.0,22.7,31.0
2024-01-31 19:31:55,0.0,0.0,788.0,22.6,32.0
2024-01-31 19:41:55,0.0,0.0,765.0,22.7,32.0
2024-01-31 19:51:55,0.0,0.0,751.0,22.6,32.0
2024-01-31 20:01:55,0.0,30.0,795.0,22.6,32.0
2024-01-31 20:11:55,0.0,30.0,881.0,22.6,32.0
2024-01-31 20:21:55,0.0,0.0,985.0,22.6,33.0
2024-01-31 20:31:55,0.0,0.0,978.0,22.6,33.0
2024-01-31 20:41:55,0.0,0.0,928.0,22.6,33.0
2024-01-31 20:51:55,0.0,0.0,909.0,22.6,33.0
2024-01-31 21:01:54,0.0,0.0,866.0,22.6,33.0
2024-01-31 21:11:54,0.0,0.0,903.0,22.6,33.0
2024-01-31 21:21:55,0.0,0.0,872.0,22.6,33.0
2024-01-31 21:31:54,2.0,30.0,749.0,22.6,32.0
2024-01-31 21:41:54,1.0,30.0,756.0,22.5,33.0
2024-01-31 21:51:54,1.0,30.0,730.0,22.6,32.0
2024-01-31 22:01:54,0.0,30.0,732.0,22.6,32.0
2024-01-31 22:11:54,1.0,0.0,707.0,22.6,32.0
2024-01-31 22:21:54,0.0,0.0,750.0,22.6,32.0
2024-01-31 22:31:54,0.0,0.0,739.0,22.6,33.0
2024-01-31 22:41:54,0.0,0.0,736.0,22.5,33.0
2024-01-31 22:51:54,0.0,23.0,725.0,22.6,33.0
2024-01-31 23:01:54,0.0,30.0,691.0,22.6,32.0
2024-01-31 23:11:54,0.0,0.0,695.0,22.6,32.0
2024-01-31 23:21:54,1.0,23.0,695.0,22.6,32.0
2024-01-31 23:31:54,1.0,30.0,679.0,22.6,32.0
2024-01-31 23:41:54,0.0,0.0,697.0,22.6,33.0
2024-01-31 23:51:54,0.0,0.0,703.0,22.6,33.0
2024-02-01 00:01:54,0.0,0.0,715.0,22.6,33.0
2024-02-01 00:11:54,0.0,0.0,692.0,22.5,33.0
2024-02-01 00:21:54,0.0,0.0,715.0,22.6,33.0
2024-02-01 00:31:54,0.0,0.0,695.0,22.5,33.0
2024-02-01 00:41:54,0.0,0.0,697.0,22.6,33.0
2024-02-01 00:51:54,0.0,0.0,707.0,22.5,33.0
2024-02-01 01:01:54,0.0,0.0,680.0,22.6,33.0
2024-02-01 01:11:54,0.0,0.0,693.0,22.5,33.0
2024-02-01 01:21:54,0.0,0.0,682.0,22.5,33.0
2024-02-01 01:31:54,0.0,0.0,674.0,22.5,33.0
2024-02-01 01:41:54,0.0,0.0,695.0,22.5,33.0
2024-02-01 01:51:54,0.0,0.0,675.0,22.5,33.0
2024-02-01 02:11:54,0.0,0.0,660.0,22.5,33.0
2024-02-01 02:21:54,0.0,0.0,664.0,22.5,33.0
2024-02-01 02:31:54,0.0,0.0,663.0,22.5,33.0
2024-02-01 02:41:54,0.0,0.0,681.0,22.5,33.0
2024-02-01 02:51:53,0.0,0.0,668.0,22.5,33.0
2024-02-01 03:01:53,0.0,0.0,653.0,22.5,33.0
2024-02-01 03:11:54,3.0,30.0,570.0,22.5,32.0
2024-02-01 03:21:53,1.0,30.0,580.0,22.5,32.0
2024-02-01 03:31:53,1.0,0.0,570.0,22.5,32.0
2024-02-01 03:41:53,0.0,0.0,576.0,22.5,32.0
2024-02-01 03:51:53,0.0,0.0,565.0,22.6,32.0
2024-02-01 04:01:53,0.0,0.0,591.0,22.5,32.0
2024-02-01 04:11:53,2.0,30.0,593.0,22.5,32.0
2024-02-01 04:21:53,0.0,30.0,631.0,22.5,32.0
2024-02-01 04:31:53,0.0,0.0,583.0,22.5,32.0
2024-02-01 04:41:53,0.0,30.0,526.0,22.5,31.0
2024-02-01 04:51:53,0.0,30.0,575.0,22.5,32.0
2024-02-01 05:01:53,0.0,33.0,562.0,22.5,32.0
2024-02-01 05:11:53,0.0,30.0,536.0,22.5,31.0
2024-02-01 05:21:53,0.0,0.0,553.0,22.5,31.0
2024-02-01 05:31:53,1.0,30.0,615.0,22.5,32.0
2024-02-01 05:41:53,1.0,30.0,560.0,22.5,31.0
2024-02-01 05:51:53,0.0,0.0,609.0,22.5,32.0
2024-02-01 06:01:53,1.0,0.0,647.0,22.5,32.0
2024-02-01 06:11:53,0.0,0.0,566.0,22.5,31.0
2024-02-01 06:21:53,1.0,30.0,511.0,22.5,31.0
2024-02-01 06:31:53,0.0,30.0,604.0,22.5,31.0
2024-02-01 06:41:53,0.0,30.0,640.0,22.5,32.0
2024-02-01 06:51:54,1.0,30.0,597.0,22.5,31.0
2024-02-01 07:01:53,3.0,30.0,559.0,22.5,31.0
2024-02-01 07:11:53,1.0,30.0,641.0,22.5,31.0
2024-02-01 07:21:53,3.0,30.0,646.0,22.5,32.0
2024-02-01 07:31:53,7.0,30.0,529.0,22.5,31.0
2024-02-01 07:41:53,1.0,30.0,540.0,22.6,30.0
2024-02-01 07:51:53,3.0,33.0,554.0,22.6,30.0
2024-02-01 08:01:53,4.0,30.0,548.0,22.6,30.0
2024-02-01 08:11:52,2.0,30.0,582.0,22.7,30.0
2024-02-01 08:21:52,0.0,30.0,571.0,22.7,30.0
2024-02-01 08:31:52,8.0,30.0,636.0,22.7,31.0
2024-02-01 08:41:52,6.0,30.0,684.0,22.6,32.0
2024-02-01 08:51:52,2.0,37.0,670.0,22.5,32.0
2024-02-01 09:01:52,3.0,30.0,580.0,22.5,31.0
2024-02-01 09:11:52,1.0,33.0,664.0,22.5,31.0
2024-02-01 09:21:52,5.0,30.0,688.0,22.5,32.0
2024-02-01 09:31:52,2.0,33.0,684.0,22.5,32.0
2024-02-01 09:41:52,2.0,33.0,697.0,22.4,32.0
2024-02-01 09:51:52,3.0,30.0,695.0,22.4,32.0
2024-02-01 10:01:52,3.0,33.0,678.0,22.5,32.0
2024-02-01 10:11:52,1.0,33.0,608.0,22.5,31.0
2024-02-01 10:21:52,1.0,37.0,577.0,22.5,31.0
2024-02-01 10:31:52,2.0,40.0,516.0,22.6,29.0
2024-02-01 10:41:52,3.0,37.0,548.0,22.6,30.0
2024-02-01 10:51:52,4.0,30.0,620.0,22.7,30.0
2024-02-01 11:01:52,7.0,33.0,610.0,22.6,30.0
2024-02-01 11:11:52,0.0,33.0,629.0,22.6,30.0
2024-02-01 11:21:52,1.0,33.0,687.0,22.6,31.0
2024-02-01 11:31:52,2.0,74.0,615.0,22.6,31.0
2024-02-01 11:41:52,6.0,117.0,606.0,22.6,30.0
2024-02-01 11:51:52,0.0,235.0,598.0,22.6,30.0
2024-02-01 12:01:52,4.0,165.0,635.0,22.6,31.0
2024-02-01 12:11:52,6.0,282.0,672.0,22.6,31.0
2024-02-01 12:21:52,0.0,242.0,590.0,22.6,30.0
2024-02-01 12:31:52,2.0,202.0,654.0,22.6,31.0
2024-02-01 12:41:52,1.0,175.0,676.0,22.6,31.0
2024-02-01 12:51:52,1.0,154.0,598.0,22.6,30.0
2024-02-01 13:01:52,1.0,111.0,659.0,22.6,31.0
2024-02-01 13:11:52,4.0,111.0,574.0,22.6,30.0
2024-02-01 13:21:52,4.0,43.0,647.0,22.8,29.0
2024-02-01 13:31:51,5.0,43.0,636.0,22.8,29.0
2024-02-01 13:41:51,2.0,50.0,686.0,22.8,29.0
2024-02-01 13:51:51,5.0,43.0,690.0,22.8,29.0
2024-02-01 14:01:51,2.0,37.0,708.0,22.9,29.0
2024-02-01 14:21:51,2.0,33.0,710.0,22.8,29.0
2024-02-01 14:31:51,2.0,33.0,687.0,22.8,29.0
2024-02-01 14:41:51,1.0,30.0,718.0,22.8,29.0
2024-02-01 14:51:51,1.0,30.0,730.0,22.9,29.0
2024-02-01 15:01:51,1.0,30.0,726.0,22.9,29.0
2024-02-01 15:11:51,3.0,30.0,738.0,22.9,30.0
2024-02-01 15:21:51,1.0,26.0,755.0,22.8,30.0
2024-02-01 15:31:51,1.0,30.0,737.0,22.7,30.0
2024-02-01 15:41:51,2.0,26.0,838.0,22.6,31.0
2024-02-01 15:51:51,5.0,26.0,768.0,22.6,31.0
2024-02-01 16:01:51,2.0,26.0,825.0,22.6,31.0
2024-02-01 16:11:51,2.0,26.0,782.0,22.5,31.0
2024-02-01 16:21:51,0.0,26.0,714.0,22.6,31.0
2024-02-01 16:31:51,0.0,26.0,666.0,22.6,30.0
2024-02-01 16:41:51,0.0,26.0,667.0,22.5,30.0
2024-02-01 16:51:51,1.0,26.0,781.0,22.5,31.0
2024-02-01 17:01:51,1.0,26.0,664.0,22.5,30.0
2024-02-01 17:11:51,0.0,26.0,662.0,22.5,30.0
2024-02-01 17:21:51,0.0,26.0,656.0,22.5,30.0
2024-02-01 17:31:51,1.0,26.0,738.0,22.6,31.0
2024-02-01 17:41:51,0.0,26.0,600.0,22.5,30.0
2024-02-01 17:51:51,1.0,0.0,583.0,22.6,29.0
2024-02-01 18:01:51,1.0,30.0,601.0,22.5,29.0
2024-02-01 18:11:51,0.0,30.0,590.0,22.5,29.0
2024-02-01 18:21:51,0.0,0.0,574.0,22.6,29.0
2024-02-01 18:31:51,0.0,0.0,609.0,22.6,29.0
2024-02-01 18:41:51,0.0,0.0,624.0,22.5,29.0
2024-02-01 18:51:51,0.0,0.0,653.0,22.5,30.0
2024-02-01 19:01:50,0.0,0.0,579.0,22.5,29.0
2024-02-01 19:11:50,0.0,0.0,606.0,22.5,29.0
2024-02-01 19:21:50,0.0,0.0,601.0,22.5,29.0
2024-02-01 19:31:50,0.0,0.0,607.0,22.5,30.0
2024-02-01 19:41:50,0.0,0.0,580.0,22.5,30.0
2024-02-01 19:51:50,0.0,0.0,599.0,22.4,30.0
2024-02-01 20:01:50,0.0,0.0,563.0,22.5,30.0
2024-02-01 20:11:50,0.0,0.0,586.0,22.4,30.0
2024-02-01 20:21:50,0.0,26.0,561.0,22.4,30.0
2024-02-01 20:31:50,0.0,30.0,577.0,22.5,29.0
2024-02-01 20:41:50,0.0,0.0,569.0,22.5,29.0
2024-02-01 20:51:50,1.0,0.0,589.0,22.5,30.0
2024-02-01 21:01:50,0.0,0.0,594.0,22.5,30.0
2024-02-01 21:11:50,0.0,0.0,578.0,22.4,30.0
2024-02-01 21:21:50,0.0,0.0,570.0,22.4,29.0
2024-02-01 21:31:50,0.0,0.0,550.0,22.4,29.0
2024-02-01 21:41:50,0.0,20.0,541.0,22.4,29.0
2024-02-01 21:51:50,1.0,30.0,533.0,22.4,29.0
2024-02-01 22:01:50,0.0,0.0,549.0,22.4,30.0
2024-02-01 22:11:50,0.0,0.0,547.0,22.4,29.0
2024-02-01 22:21:50,0.0,0.0,560.0,22.4,29.0
2024-02-01 22:31:50,0.0,0.0,549.0,22.4,29.0
2024-02-01 22:41:50,0.0,0.0,542.0,22.4,29.0
2024-02-01 22:51:50,0.0,0.0,533.0,22.4,29.0
2024-02-01 23:01:50,0.0,0.0,525.0,22.4,29.0
2024-02-01 23:11:50,0.0,0.0,522.0,22.4,30.0
2024-02-01 23:21:50,0.0,0.0,543.0,22.4,30.0
2024-02-01 23:31:50,0.0,0.0,526.0,22.4,30.0
2024-02-01 23:41:50,0.0,0.0,539.0,22.4,30.0
2024-02-01 23:51:50,0.0,0.0,514.0,22.4,30.0
2024-02-02 00:01:50,0.0,0.0,511.0,22.4,30.0
2024-02-02 00:11:50,0.0,0.0,506.0,22.4,30.0
2024-02-02 00:21:50,0.0,0.0,502.0,22.3,30.0
2024-02-02 00:31:49,0.0,0.0,510.0,22.3,30.0
2024-02-02 00:41:49,0.0,0.0,504.0,22.4,30.0
2024-02-02 00:51:49,0.0,0.0,507.0,22.4,30.0
2024-02-02 01:01:49,0.0,0.0,518.0,22.3,30.0
2024-02-02 01:11:49,0.0,0.0,507.0,22.4,30.0
2024-02-02 01:21:49,0.0,0.0,497.0,22.4,30.0
2024-02-02 01:31:50,0.0,0.0,501.0,22.4,30.0
2024-02-02 01:41:49,0.0,0.0,485.0,22.3,30.0
2024-02-02 02:01:49,0.0,0.0,499.0,22.3,30.0
2024-02-02 02:11:49,0.0,0.0,490.0,22.3,30.0
2024-02-02 02:21:49,0.0,0.0,473.0,22.3,30.0
2024-02-02 02:31:49,0.0,0.0,469.0,22.3,30.0
2024-02-02 02:41:49,0.0,0.0,466.0,22.3,30.0
2024-02-02 02:51:49,0.0,0.0,492.0,22.3,30.0
2024-02-02 03:01:50,2.0,30.0,458.0,22.3,30.0
2024-02-02 03:11:49,0.0,30.0,466.0,22.4,30.0
2024-02-02 03:21:49,0.0,0.0,479.0,22.3,30.0
2024-02-02 03:31:49,0.0,0.0,466.0,22.3,30.0
2024-02-02 03:41:49,0.0,0.0,465.0,22.4,30.0
2024-02-02 03:51:49,0.0,0.0,443.0,22.3,30.0
2024-02-02 04:01:49,1.0,23.0,459.0,22.3,30.0
2024-02-02 04:11:49,1.0,30.0,427.0,22.3,30.0
2024-02-02 04:21:49,0.0,0.0,447.0,22.3,30.0
2024-02-02 04:31:49,0.0,0.0,442.0,22.3,30.0
2024-02-02 04:51:49,1.0,26.0,439.0,22.3,30.0
2024-02-02 05:01:49,0.0,30.0,452.0,22.3,30.0
2024-02-02 05:11:49,1.0,33.0,444.0,22.3,30.0
2024-02-02 05:21:49,0.0,30.0,462.0,22.3,30.0
2024-02-02 05:31:49,0.0,0.0,462.0,22.3,30.0
2024-02-02 05:41:49,0.0,0.0,467.0,22.3,31.0
2024-02-02 05:51:48,1.0,0.0,431.0,22.3,30.0
2024-02-02 06:01:48,1.0,0.0,453.0,22.3,30.0
2024-02-02 06:11:48,0.0,26.0,445.0,22.3,30.0
2024-02-02 06:21:48,1.0,30.0,455.0,22.4,30.0
2024-02-02 06:31:48,0.0,0.0,469.0,22.3,30.0
2024-02-02 06:41:48,0.0,30.0,492.0,22.4,30.0
2024-02-02 06:51:48,0.0,33.0,460.0,22.4,30.0
2024-02-02 07:01:48,0.0,30.0,459.0,22.3,30.0
2024-02-02 07:11:48,0.0,30.0,486.0,22.4,30.0
2024-02-02 07:21:48,2.0,26.0,529.0,22.3,31.0
2024-02-02 07:31:48,1.0,30.0,478.0,22.4,31.0
2024-02-02 07:41:48,3.0,30.0,591.0,22.4,32.0
2024-02-02 07:51:48,1.0,30.0,552.0,22.3,32.0
2024-02-02 08:01:48,1.0,30.0,594.0,22.4,32.0
2024-02-02 08:11:48,3.0,30.0,556.0,22.4,31.0
2024-02-02 08:21:48,1.0,30.0,576.0,22.3,32.0
2024-02-02 08:31:48,9.0,30.0,501.0,22.4,31.0
2024-02-02 08:41:48,4.0,30.0,571.0,22.4,32.0
2024-02-02 08:51:48,1.0,30.0,569.0,22.3,32.0
2024-02-02 09:01:48,2.0,30.0,559.0,22.4,32.0
2024-02-02 09:11:48,1.0,30.0,563.0,22.3,32.0
2024-02-02 09:21:48,3.0,37.0,1065.0,22.4,34.0
2024-02-02 09:31:48,5.0,30.0,668.0,22.4,33.0
2024-02-02 09:41:48,2.0,30.0,616.0,22.4,33.0
2024-02-02 09:51:48,1.0,30.0,662.0,22.3,33.0
2024-02-02 10:01:48,0.0,30.0,662.0,22.4,33.0
2024-02-02 10:11:48,7.0,30.0,768.0,22.4,34.0
2024-02-02 10:21:48,0.0,30.0,801.0,22.4,34.0
2024-02-02 10:31:48,5.0,30.0,717.0,22.4,34.0
2024-02-02 10:41:48,4.0,30.0,695.0,22.5,34.0
2024-02-02 10:51:48,2.0,30.0,650.0,22.5,33.0
2024-02-02 11:01:48,2.0,30.0,688.0,22.5,34.0
2024-02-02 11:11:47,8.0,30.0,708.0,22.4,34.0
2024-02-02 11:21:47,3.0,30.0,746.0,22.4,34.0
2024-02-02 11:31:47,0.0,30.0,779.0,22.5,34.0
2024-02-02 11:41:47,3.0,30.0,806.0,22.5,34.0
2024-02-02 11:51:47,3.0,30.0,796.0,22.4,34.0
2024-02-02 12:01:47,9.0,26.0,646.0,22.5,34.0
2024-02-02 12:11:47,2.0,30.0,610.0,22.5,33.0
2024-02-02 12:21:47,2.0,30.0,629.0,22.5,34.0
2024-02-02 12:31:47,6.0,30.0,749.0,22.5,34.0
2024-02-02 12:41:47,3.0,30.0,676.0,22.5,34.0
2024-02-02 12:51:47,0.0,30.0,655.0,22.5,34.0
2024-02-02 13:11:47,2.0,30.0,681.0,22.6,34.0
2024-02-02 13:21:47,2.0,30.0,650.0,22.6,34.0
2024-02-02 13:31:47,1.0,30.0,657.0,22.5,34.0
2024-02-02 13:41:47,3.0,30.0,688.0,22.6,34.0
2024-02-02 13:51:47,3.0,33.0,722.0,22.6,34.0
2024-02-02 14:01:47,1.0,37.0,736.0,22.5,34.0
2024-02-02 14:11:47,4.0,37.0,797.0,22.6,34.0
2024-02-02 14:21:47,0.0,30.0,772.0,22.6,34.0
2024-02-02 14:31:47,5.0,30.0,795.0,22.6,35.0
2024-02-02 14:41:47,1.0,30.0,736.0,22.6,35.0
2024-02-02 14:51:47,1.0,30.0,682.0,22.6,34.0
2024-02-02 15:01:47,0.0,30.0,684.0,22.6,34.0
2024-02-02 15:11:47,1.0,30.0,657.0,22.6,34.0
2024-02-02 15:21:47,5.0,30.0,743.0,22.6,35.0
2024-02-02 15:31:47,4.0,30.0,707.0,22.6,35.0
2024-02-02 15:41:47,0.0,30.0,638.0,22.6,34.0
2024-02-02 15:51:47,2.0,30.0,695.0,22.6,35.0
2024-02-02 16:01:47,1.0,30.0,655.0,22.5,35.0
2024-02-02 16:11:47,1.0,30.0,615.0,22.6,34.0
2024-02-02 16:21:47,2.0,30.0,695.0,22.6,35.0
2024-02-02 16:31:47,2.0,30.0,662.0,22.6,34.0
2024-02-02 16:41:46,3.0,30.0,669.0,22.6,34.0
2024-02-02 16:51:46,0.0,30.0,673.0,22.7,34.0
2024-02-02 17:01:46,0.0,30.0,688.0,22.6,34.0
2024-02-02 17:11:46,1.0,30.0,691.0,22.7,34.0
2024-02-02 17:21:46,1.0,30.0,728.0,22.6,35.0
2024-02-02 17:31:46,2.0,30.0,692.0,22.6,35.0
2024-02-02 17:41:46,0.0,30.0,570.0,22.6,34.0
2024-02-02 17:51:46,2.0,33.0,611.0,22.6,34.0
2024-02-02 18:01:46,0.0,37.0,605.0,22.6,34.0
2024-02-02 18:11:46,1.0,6.0,665.0,22.6,34.0
2024-02-02 18:21:46,0.0,3.0,656.0,22.6,35.0
2024-02-02 18:31:46,0.0,0.0,568.0,22.6,34.0
2024-02-02 18:41:46,1.0,0.0,565.0,22.5,34.0
2024-02-02 18:51:46,1.0,0.0,559.0,22.5,34.0
2024-02-02 19:01:46,0.0,3.0,541.0,22.5,34.0
2024-02-02 19:11:46,0.0,0.0,634.0,22.5,34.0
2024-02-02 19:21:46,0.0,0.0,589.0,22.5,34.0
2024-02-02 19:31:46,0.0,0.0,581.0,22.5,34.0
2024-02-02 19:41:46,0.0,0.0,570.0,22.4,34.0
2024-02-02 19:51:46,1.0,30.0,563.0,22.5,34.0
2024-02-02 20:01:46,0.0,30.0,594.0,22.4,34.0
2024-02-02 20:11:46,0.0,0.0,564.0,22.4,34.0
2024-02-02 20:21:46,0.0,0.0,583.0,22.5,34.0
2024-02-02 20:31:46,0.0,0.0,542.0,22.4,34.0
2024-02-02 20:41:46,0.0,0.0,546.0,22.5,34.0
2024-02-02 20:51:46,0.0,0.0,526.0,22.4,34.0
2024-02-02 21:01:46,0.0,0.0,528.0,22.5,34.0
2024-02-02 21:11:46,0.0,0.0,487.0,22.5,34.0
2024-02-02 21:21:46,0.0,0.0,538.0,22.5,34.0
2024-02-02 21:31:46,0.0,0.0,516.0,22.5,34.0
2024-02-02 21:41:46,0.0,0.0,518.0,22.5,34.0
2024-02-02 21:51:46,0.0,0.0,508.0,22.5,34.0
2024-02-02 22:01:46,0.0,0.0,503.0,22.5,34.0
2024-02-02 22:11:45,0.0,0.0,500.0,22.4,34.0
2024-02-02 22:21:45,0.0,0.0,488.0,22.4,34.0
2024-02-02 22:31:45,1.0,0.0,484.0,22.4,34.0
2024-02-02 22:41:45,0.0,0.0,501.0,22.4,34.0
2024-02-02 22:51:45,0.0,0.0,490.0,22.4,34.0
2024-02-02 23:01:45,0.0,0.0,468.0,22.4,34.0
2024-02-02 23:11:46,0.0,0.0,473.0,22.4,34.0
2024-02-02 23:21:45,0.0,0.0,478.0,22.4,34.0
2024-02-02 23:31:45,0.0,0.0,493.0,22.4,34.0
2024-02-02 23:41:45,0.0,0.0,468.0,22.4,34.0
2024-02-02 23:51:45,0.0,0.0,491.0,22.4,34.0
2024-02-03 00:01:45,0.0,0.0,472.0,22.4,34.0
2024-02-03 00:11:45,0.0,0.0,462.0,22.4,34.0
2024-02-03 00:21:45,0.0,0.0,472.0,22.4,34.0
2024-02-03 00:31:45,0.0,0.0,453.0,22.3,34.0
2024-02-03 00:41:45,0.0,0.0,477.0,22.4,34.0
2024-02-03 00:51:45,0.0,0.0,470.0,22.4,34.0
2024-02-03 01:01:45,0.0,0.0,468.0,22.4,34.0
2024-02-03 01:11:45,0.0,0.0,460.0,22.4,34.0
2024-02-03 01:21:45,0.0,0.0,440.0,22.4,34.0
2024-02-03 01:31:45,0.0,0.0,453.0,22.4,34.0
2024-02-03 01:41:45,0.0,0.0,441.0,22.4,34.0
2024-02-03 01:51:45,0.0,0.0,459.0,22.3,34.0
2024-02-03 02:01:45,0.0,0.0,455.0,22.4,34.0
2024-02-03 02:11:45,0.0,0.0,449.0,22.4,34.0
2024-02-03 02:21:45,0.0,0.0,455.0,22.3,34.0
2024-02-03 02:31:45,0.0,0.0,437.0,22.4,34.0
2024-02-03 02:41:45,0.0,0.0,450.0,22.4,34.0
2024-02-03 03:01:45,0.0,0.0,429.0,22.4,34.0
2024-02-03 03:11:45,0.0,0.0,432.0,22.4,34.0
2024-02-03 03:21:45,0.0,0.0,421.0,22.4,34.0
2024-02-03 03:31:45,0.0,0.0,431.0,22.3,34.0
2024-02-03 03:41:44,0.0,0.0,428.0,22.3,34.0
2024-02-03 03:51:44,0.0,0.0,436.0,22.4,34.0
2024-02-03 04:01:44,0.0,0.0,439.0,22.3,34.0
2024-02-03 04:11:44,0.0,0.0,416.0,22.4,34.0
2024-02-03 04:21:44,0.0,0.0,417.0,22.4,34.0
2024-02-03 04:41:44,0.0,0.0,422.0,22.3,34.0
2024-02-03 04:51:44,0.0,0.0,405.0,22.3,34.0
2024-02-03 05:01:44,0.0,0.0,422.0,22.4,34.0
2024-02-03 05:11:44,0.0,33.0,422.0,22.4,34.0
2024-02-03 05:21:44,0.0,33.0,479.0,22.4,35.0
2024-02-03 05:31:44,0.0,0.0,457.0,22.3,35.0
2024-02-03 05:41:44,0.0,0.0,446.0,22.4,34.0
2024-02-03 05:51:44,0.0,33.0,450.0,22.4,35.0
2024-02-03 06:01:44,1.0,30.0,472.0,22.4,35.0
2024-02-03 06:11:44,0.0,0.0,457.0,22.3,35.0
2024-02-03 06:21:44,0.0,0.0,440.0,22.4,35.0
2024-02-03 06:31:44,0.0,0.0,431.0,22.4,35.0
2024-02-03 06:41:44,0.0,0.0,423.0,22.4,34.0
2024-02-03 06:51:44,1.0,30.0,431.0,22.4,35.0
2024-02-03 07:01:44,0.0,30.0,419.0,22.4,35.0
2024-02-03 07:11:44,0.0,30.0,411.0,22.4,35.0
2024-02-03 07:21:44,1.0,30.0,456.0,22.4,35.0
2024-02-03 07:31:44,0.0,6.0,439.0,22.4,35.0
2024-02-03 07:41:44,0.0,6.0,440.0,22.4,35.0
2024-02-03 07:51:44,1.0,30.0,496.0,22.4,35.0
2024-02-03 08:01:44,1.0,30.0,458.0,22.4,35.0
2024-02-03 08:11:44,0.0,3.0,455.0,22.4,35.0
2024-02-03 08:21:44,0.0,3.0,430.0,22.4,34.0
2024-02-03 08:31:44,0.0,3.0,415.0,22.4,34.0
2024-02-03 08:41:44,0.0,3.0,414.0,22.4,34.0
2024-02-03 08:51:44,0.0,3.0,422.0,22.4,34.0
2024-02-03 09:01:43,0.0,3.0,413.0,22.4,34.0
2024-02-03 09:11:43,0.0,6.0,414.0,22.4,34.0
2024-02-03 09:21:43,0.0,6.0,423.0,22.4,34.0
2024-02-03 09:31:44,0.0,6.0,422.0,22.4,34.0
2024-02-03 09:41:43,0.0,6.0,406.0,22.4,34.0
2024-02-03 09:51:43,0.0,6.0,422.0,22.4,34.0
2024-02-03 10:01:43,0.0,6.0,413.0,22.4,34.0
2024-02-03 10:11:43,0.0,10.0,401.0,22.4,34.0
2024-02-03 10:21:43,0.0,10.0,405.0,22.4,34.0
2024-02-03 10:31:43,0.0,10.0,395.0,22.4,34.0
2024-02-03 10:41:43,0.0,10.0,404.0,22.4,34.0
2024-02-03 10:51:43,0.0,10.0,403.0,22.4,34.0
2024-02-03 11:01:43,0.0,6.0,403.0,22.4,34.0
2024-02-03 11:11:43,0.0,6.0,385.0,22.4,34.0
2024-02-03 11:21:43,0.0,10.0,366.0,22.4,34.0
2024-02-03 11:31:43,1.0,43.0,399.0,22.4,34.0
2024-02-03 11:41:43,0.0,50.0,423.0,22.4,34.0
2024-02-03 11:51:43,0.0,57.0,411.0,22.4,34.0
2024-02-03 12:01:43,0.0,249.0,393.0,22.4,33.0
2024-02-03 12:11:43,0.0,50.0,411.0,22.5,33.0
2024-02-03 12:21:43,0.0,60.0,402.0,22.4,33.0
2024-02-03 12:31:43,0.0,171.0,384.0,22.4,33.0
2024-02-03 12:41:43,0.0,158.0,388.0,22.4,33.0
2024-02-03 12:51:43,0.0,131.0,412.0,22.4,33.0
2024-02-03 13:01:43,0.0,104.0,455.0,22.4,34.0
2024-02-03 13:11:43,0.0,26.0,430.0,22.4,33.0
2024-02-03 13:21:43,0.0,20.0,418.0,22.4,33.0
2024-02-03 13:31:43,2.0,84.0,413.0,22.5,33.0
2024-02-03 13:41:43,0.0,63.0,398.0,22.4,33.0
2024-02-03 13:51:43,0.0,3.0,435.0,22.4,33.0
2024-02-03 14:01:43,0.0,6.0,447.0,22.4,33.0
2024-02-03 14:11:43,0.0,3.0,419.0,22.4,33.0
2024-02-03 14:21:43,0.0,3.0,420.0,22.4,33.0
2024-02-03 14:31:42,0.0,3.0,411.0,22.4,33.0
2024-02-03 14:41:42,0.0,3.0,414.0,22.4,33.0
2024-02-03 14:51:42,0.0,3.0,400.0,22.4,33.0
2024-02-03 15:01:42,0.0,3.0,428.0,22.4,33.0
2024-02-03 15:11:43,0.0,3.0,435.0,22.4,33.0
2024-02-03 15:21:42,0.0,3.0,431.0,22.4,33.0
2024-02-03 15:31:42,0.0,3.0,430.0,22.4,33.0
2024-02-03 15:41:42,2.0,30.0,442.0,22.4,33.0
2024-02-03 15:51:43,0.0,30.0,445.0,22.4,33.0
2024-02-03 16:01:42,0.0,0.0,419.0,22.4,33.0
2024-02-03 16:11:42,0.0,0.0,416.0,22.4,33.0
2024-02-03 16:21:42,0.0,0.0,419.0,22.4,33.0
2024-02-03 16:31:42,0.0,0.0,414.0,22.4,33.0
2024-02-03 16:41:42,0.0,0.0,427.0,22.4,33.0
2024-02-03 16:51:42,3.0,30.0,410.0,22.4,33.0
2024-02-03 17:01:42,0.0,30.0,428.0,22.4,33.0
2024-02-03 17:11:42,0.0,0.0,424.0,22.4,33.0
2024-02-03 17:21:42,0.0,0.0,417.0,22.4,33.0
2024-02-03 17:31:42,0.0,0.0,420.0,22.4,33.0
2024-02-03 17:41:42,0.0,0.0,411.0,22.4,32.0
2024-02-03 17:51:42,0.0,0.0,409.0,22.4,32.0
2024-02-03 18:01:42,0.0,0.0,415.0,22.3,32.0
2024-02-03 18:11:42,1.0,26.0,419.0,22.4,32.0
2024-02-03 18:21:42,0.0,30.0,420.0,22.4,32.0
2024-02-03 18:31:42,0.0,0.0,408.0,22.4,32.0
2024-02-03 18:51:42,0.0,0.0,408.0,22.4,32.0
2024-02-03 19:01:42,0.0,0.0,387.0,22.3,32.0
2024-02-03 19:11:42,0.0,0.0,401.0,22.3,32.0
2024-02-03 19:21:42,0.0,0.0,404.0,22.4,32.0
2024-02-03 19:31:42,0.0,0.0,404.0,22.4,32.0
2024-02-03 19:41:42,0.0,0.0,399.0,22.4,32.0
2024-02-03 19:51:42,0.0,0.0,390.0,22.3,32.0
2024-02-03 20:01:42,0.0,0.0,404.0,22.3,32.0
2024-02-03 20:11:42,0.0,0.0,399.0,22.3,32.0
2024-02-03 20:21:41,0.0,0.0,382.0,22.3,32.0
2024-02-03 20:31:41,0.0,0.0,397.0,22.4,32.0
2024-02-03 20:41:41,0.0,0.0,393.0,22.3,32.0
2024-02-03 20:51:41,0.0,0.0,395.0,22.3,32.0
2024-02-03 21:01:41,0.0,0.0,386.0,22.3,32.0
2024-02-03 21:11:41,0.0,0.0,393.0,22.3,32.0
2024-02-03 21:21:41,0.0,0.0,396.0,22.3,32.0
2024-02-03 21:31:41,0.0,0.0,394.0,22.3,32.0
2024-02-03 21:41:41,0.0,0.0,385.0,22.3,32.0
2024-02-03 21:51:41,0.0,0.0,390.0,22.3,32.0
2024-02-03 22:01:41,0.0,0.0,369.0,22.3,32.0
2024-02-03 22:11:41,0.0,0.0,400.0,22.3,32.0
2024-02-03 22:21:41,0.0,0.0,389.0,22.3,32.0
2024-02-03 22:31:41,0.0,0.0,389.0,22.3,32.0
2024-02-03 22:41:41,0.0,0.0,397.0,22.3,32.0
2024-02-03 22:51:41,0.0,0.0,396.0,22.2,32.0
2024-02-03 23:01:41,0.0,0.0,381.0,22.3,32.0
2024-02-03 23:11:41,0.0,0.0,396.0,22.3,32.0
2024-02-03 23:21:41,0.0,0.0,396.0,22.3,32.0
2024-02-03 23:31:41,0.0,0.0,395.0,22.3,32.0
2024-02-03 23:41:41,0.0,0.0,384.0,22.3,32.0
2024-02-03 23:51:41,0.0,0.0,391.0,22.3,32.0
2024-02-04 00:01:41,0.0,0.0,391.0,22.3,32.0
2024-02-04 00:11:41,0.0,0.0,390.0,22.3,32.0
2024-02-04 00:21:41,0.0,0.0,383.0,22.3,32.0
2024-02-04 00:31:41,0.0,0.0,372.0,22.3,32.0
2024-02-04 00:41:41,0.0,0.0,392.0,22.3,32.0
2024-02-04 00:51:41,0.0,0.0,381.0,22.2,32.0
2024-02-04 01:01:41,0.0,0.0,392.0,22.3,32.0
2024-02-04 01:11:41,0.0,0.0,382.0,22.3,32.0
2024-02-04 01:21:41,0.0,0.0,376.0,22.2,32.0
2024-02-04 01:31:41,0.0,0.0,389.0,22.2,32.0
2024-02-04 01:41:40,0.0,0.0,391.0,22.2,32.0
2024-02-04 01:51:41,0.0,0.0,373.0,22.2,32.0
2024-02-04 02:01:40,0.0,0.0,393.0,22.2,32.0
2024-02-04 02:11:40,0.0,0.0,397.0,22.2,32.0
2024-02-04 02:21:40,0.0,0.0,380.0,22.2,32.0
2024-02-04 02:31:40,0.0,0.0,375.0,22.3,32.0
2024-02-04 02:41:40,0.0,0.0,389.0,22.2,32.0
2024-02-04 02:51:40,0.0,0.0,396.0,22.2,32.0
2024-02-04 03:01:40,0.0,0.0,374.0,22.2,32.0
2024-02-04 03:11:40,0.0,0.0,374.0,22.2,32.0
2024-02-04 03:21:40,0.0,0.0,393.0,22.3,32.0
2024-02-04 03:31:40,0.0,0.0,368.0,22.2,32.0
2024-02-04 03:41:40,0.0,0.0,367.0,22.2,32.0
2024-02-04 03:51:40,0.0,0.0,395.0,22.2,32.0
2024-02-04 04:01:40,0.0,0.0,388.0,22.2,32.0
2024-02-04 04:11:40,0.0,0.0,376.0,22.2,32.0
2024-02-04 04:21:40,0.0,0.0,380.0,22.2,32.0
2024-02-04 04:31:40,0.0,0.0,372.0,22.2,32.0
2024-02-04 04:41:40,0.0,0.0,380.0,22.2,32.0
2024-02-04 04:51:40,0.0,0.0,373.0,22.2,32.0
2024-02-04 05:01:40,0.0,0.0,377.0,22.2,32.0
2024-02-04 05:11:40,0.0,0.0,370.0,22.2,32.0
2024-02-04 05:21:40,0.0,0.0,381.0,22.2,32.0
2024-02-04 05:31:40,0.0,0.0,367.0,22.2,32.0
2024-02-04 05:41:40,0.0,0.0,359.0,22.2,32.0
2024-02-04 05:51:40,0.0,0.0,383.0,22.2,32.0
2024-02-04 06:01:40,0.0,0.0,367.0,22.2,32.0
2024-02-04 06:11:40,0.0,0.0,381.0,22.1,32.0
2024-02-04 06:21:40,0.0,0.0,387.0,22.2,32.0
2024-02-04 06:31:40,0.0,0.0,362.0,22.2,32.0
2024-02-04 06:41:40,0.0,0.0,364.0,22.2,31.0
2024-02-04 06:51:40,0.0,0.0,371.0,22.2,31.0
2024-02-04 07:01:40,1.0,30.0,375.0,22.2,31.0
2024-02-04 07:11:39,0.0,30.0,376.0,22.2,31.0
2024-02-04 07:21:39,0.0,0.0,384.0,22.3,32.0
2024-02-04 07:31:39,0.0,3.0,382.0,22.2,31.0
2024-02-04 07:41:39,0.0,3.0,380.0,22.2,32.0
2024-02-04 07:51:39,0.0,3.0,386.0,22.2,32.0
2024-02-04 08:01:39,0.0,3.0,375.0,22.2,31.0
2024-02-04 08:11:39,0.0,3.0,375.0,22.2,32.0
2024-02-04 08:21:39,0.0,3.0,382.0,22.2,32.0
2024-02-04 08:31:39,0.0,3.0,362.0,22.2,32.0
2024-02-04 08:41:39,0.0,3.0,381.0,22.2,31.0
2024-02-04 08:51:39,0.0,3.0,382.0,22.2,31.0
2024-02-04 09:01:39,1.0,30.0,373.0,22.2,31.0
2024-02-04 09:11:39,0.0,30.0,387.0,22.2,32.0
2024-02-04 09:21:39,0.0,3.0,377.0,22.2,32.0
2024-02-04 09:31:39,0.0,3.0,382.0,22.2,32.0
2024-02-04 09:41:39,0.0,3.0,410.0,22.2,32.0
2024-02-04 09:51:39,0.0,3.0,386.0,22.2,32.0
2024-02-04 10:01:39,0.0,3.0,416.0,22.2,32.0
2024-02-04 10:11:39,0.0,3.0,401.0,22.2,32.0
2024-02-04 10:21:39,0.0,6.0,440.0,22.2,32.0
2024-02-04 10:31:39,2.0,3.0,420.0,22.2,32.0
2024-02-04 10:41:39,0.0,3.0,396.0,22.2,32.0
2024-02-04 10:51:39,0.0,3.0,407.0,22.1,32.0
2024-02-04 11:01:39,0.0,3.0,408.0,22.2,32.0
2024-02-04 11:11:39,0.0,3.0,404.0,22.2,33.0
2024-02-04 11:21:39,2.0,3.0,404.0,22.1,32.0
2024-02-04 11:31:39,1.0,23.0,404.0,22.2,32.0
2024-02-04 11:41:39,0.0,30.0,402.0,22.2,32.0
2024-02-04 11:51:39,0.0,3.0,392.0,22.2,32.0
2024-02-04 12:01:39,0.0,3.0,396.0,22.2,32.0
2024-02-04 12:11:39,0.0,3.0,396.0,22.2,32.0
2024-02-04 12:21:39,0.0,3.0,416.0,22.2,32.0
2024-02-04 12:31:38,0.0,3.0,393.0,22.2,32.0
2024-02-04 12:41:38,0.0,3.0,406.0,22.1,32.0
2024-02-04 12:51:38,0.0,3.0,405.0,22.2,32.0
2024-02-04 13:01:38,0.0,3.0,420.0,22.2,32.0
2024-02-04 13:11:38,0.0,3.0,417.0,22.2,32.0
2024-02-04 13:21:38,0.0,3.0,420.0,22.2,32.0
2024-02-04 13:31:38,0.0,3.0,415.0,22.2,32.0
2024-02-04 13:41:38,0.0,3.0,414.0,22.2,32.0
2024-02-04 13:51:38,0.0,3.0,439.0,22.2,32.0
2024-02-04 14:01:38,0.0,3.0,421.0,22.2,32.0
2024-02-04 14:11:38,0.0,0.0,433.0,22.2,32.0
2024-02-04 14:21:38,0.0,0.0,420.0,22.2,32.0
2024-02-04 14:31:38,0.0,0.0,431.0,22.2,32.0
2024-02-04 14:41:38,0.0,0.0,439.0,22.2,32.0
2024-02-04 14:51:38,0.0,0.0,425.0,22.2,32.0
2024-02-04 15:01:38,0.0,0.0,427.0,22.2,32.0
2024-02-04 15:11:38,1.0,30.0,440.0,22.1,32.0
2024-02-04 15:21:38,2.0,30.0,434.0,22.1,32.0
2024-02-04 15:31:38,0.0,0.0,424.0,22.2,32.0
2024-02-04 15:41:38,0.0,0.0,414.0,22.2,32.0
2024-02-04 15:51:38,0.0,0.0,414.0,22.2,32.0
2024-02-04 16:01:38,0.0,0.0,414.0,22.2,32.0
2024-02-04 16:11:38,0.0,0.0,410.0,22.1,32.0
2024-02-04 16:21:38,0.0,0.0,403.0,22.1,32.0
2024-02-04 16:31:38,0.0,0.0,421.0,22.2,32.0
2024-02-04 16:41:38,0.0,0.0,399.0,22.2,32.0
2024-02-04 16:51:38,0.0,0.0,409.0,22.2,32.0
2024-02-04 17:01:38,0.0,0.0,403.0,22.2,32.0
2024-02-04 17:11:38,0.0,0.0,392.0,22.1,32.0
2024-02-04 17:21:38,0.0,0.0,400.0,22.2,32.0
2024-02-04 17:31:38,0.0,0.0,396.0,22.1,32.0
2024-02-04 17:41:38,0.0,0.0,399.0,22.2,32.0
2024-02-04 17:51:38,0.0,0.0,405.0,22.1,32.0
2024-02-04 18:01:37,0.0,0.0,390.0,22.2,32.0
2024-02-04 18:11:37,0.0,0.0,408.0,22.1,32.0
2024-02-04 18:21:37,0.0,20.0,397.0,22.2,32.0
2024-02-04 18:31:37,0.0,30.0,524.0,22.2,33.0
2024-02-04 18:41:37,0.0,0.0,513.0,22.2,33.0
2024-02-04 18:51:37,0.0,0.0,443.0,22.2,32.0
2024-02-04 19:01:37,0.0,0.0,548.0,22.2,33.0
2024-02-04 19:11:37,0.0,30.0,522.0,22.2,33.0
2024-02-04 19:21:37,0.0,30.0,540.0,22.2,33.0
2024-02-04 19:31:37,1.0,0.0,513.0,22.2,33.0
2024-02-04 19:41:37,0.0,0.0,475.0,22.2,33.0
2024-02-04 19:51:37,0.0,0.0,488.0,22.2,33.0
2024-02-04 20:01:37,0.0,0.0,490.0,22.1,33.0
2024-02-04 20:11:37,0.0,0.0,453.0,22.2,33.0
2024-02-04 20:21:37,0.0,0.0,457.0,22.2,33.0
2024-02-04 20:31:37,0.0,0.0,438.0,22.2,33.0
2024-02-04 20:41:37,0.0,0.0,435.0,22.2,33.0
2024-02-04 20:51:37,0.0,0.0,441.0,22.2,33.0
2024-02-04 21:01:37,0.0,0.0,428.0,22.2,33.0
2024-02-04 21:11:37,0.0,0.0,424.0,22.1,33.0
2024-02-04 21:21:37,0.0,0.0,418.0,22.1,33.0
2024-02-04 21:31:37,0.0,0.0,425.0,22.1,33.0
2024-02-04 21:41:37,0.0,0.0,427.0,22.1,32.0
2024-02-04 21:51:37,0.0,0.0,411.0,22.1,32.0
2024-02-04 22:01:37,0.0,0.0,411.0,22.2,33.0
2024-02-04 22:11:37,0.0,0.0,421.0,22.1,32.0
2024-02-04 22:21:37,0.0,0.0,401.0,22.2,32.0
2024-02-04 22:31:37,0.0,0.0,391.0,22.1,32.0
2024-02-04 22:41:37,0.0,0.0,394.0,22.1,32.0
2024-02-04 22:51:37,0.0,0.0,406.0,22.2,32.0
2024-02-04 23:01:37,0.0,0.0,410.0,22.1,32.0
2024-02-04 23:11:37,0.0,0.0,403.0,22.1,32.0
2024-02-04 23:21:36,0.0,0.0,392.0,22.1,32.0
2024-02-04 23:31:36,0.0,0.0,389.0,22.1,32.0
2024-02-04 23:41:36,0.0,0.0,379.0,22.1,32.0
2024-02-04 23:51:36,0.0,0.0,383.0,22.1,32.0
2024-02-05 00:01:36,0.0,0.0,394.0,22.1,32.0
2024-02-05 00:11:37,0.0,0.0,384.0,22.1,32.0
2024-02-05 00:21:36,0.0,0.0,388.0,22.1,32.0
2024-02-05 00:31:36,0.0,0.0,407.0,22.1,32.0
2024-02-05 00:41:36,0.0,0.0,383.0,22.1,32.0
2024-02-05 00:51:36,0.0,0.0,384.0,22.1,32.0
2024-02-05 01:01:36,0.0,0.0,386.0,22.1,32.0
2024-02-05 01:11:36,0.0,0.0,381.0,22.1,32.0
2024-02-05 01:21:36,0.0,0.0,376.0,22.1,32.0
2024-02-05 01:31:36,0.0,0.0,374.0,22.1,32.0
2024-02-05 01:41:36,0.0,0.0,386.0,22.1,32.0
2024-02-05 01:51:36,0.0,0.0,392.0,22.1,32.0
2024-02-05 02:01:36,0.0,0.0,373.0,22.1,32.0
2024-02-05 02:11:36,0.0,0.0,376.0,22.1,32.0
2024-02-05 02:21:36,0.0,0.0,378.0,22.1,32.0
2024-02-05 02:31:36,0.0,0.0,382.0,22.1,32.0
2024-02-05 02:41:36,0.0,0.0,381.0,22.1,32.0
2024-02-05 02:51:36,0.0,0.0,364.0,22.1,32.0
2024-02-05 03:01:36,0.0,0.0,387.0,22.1,32.0
2024-02-05 03:11:36,0.0,0.0,382.0,22.1,32.0
2024-02-05 03:21:36,0.0,0.0,389.0,22.1,32.0
2024-02-05 03:31:36,0.0,0.0,381.0,22.1,32.0
2024-02-05 03:41:36,0.0,0.0,382.0,22.1,32.0
2024-02-05 03:51:36,0.0,0.0,384.0,22.1,32.0
2024-02-05 04:01:36,0.0,0.0,374.0,22.1,32.0
2024-02-05 04:11:36,0.0,0.0,382.0,22.0,32.0
2024-02-05 04:21:36,0.0,0.0,366.0,22.1,32.0
2024-02-05 04:31:36,0.0,0.0,383.0,22.1,32.0
2024-02-05 04:41:36,0.0,0.0,363.0,22.1,32.0
2024-02-05 04:51:35,0.0,0.0,383.0,22.1,32.0
2024-02-05 05:01:35,0.0,0.0,356.0,22.1,32.0
2024-02-05 05:11:36,1.0,30.0,385.0,22.0,31.0
2024-02-05 05:21:35,0.0,30.0,391.0,22.1,32.0
2024-02-05 05:31:36,0.0,0.0,374.0,22.1,32.0
2024-02-05 05:41:35,0.0,0.0,377.0,22.1,32.0
2024-02-05 05:51:36,1.0,30.0,381.0,22.0,32.0
2024-02-05 06:01:35,0.0,30.0,404.0,22.1,32.0
2024-02-05 06:11:35,0.0,0.0,390.0,22.1,32.0
2024-02-05 06:21:35,0.0,0.0,396.0,22.1,32.0
2024-02-05 06:31:35,0.0,0.0,379.0,22.1,32.0
2024-02-05 06:41:35,0.0,0.0,394.0,22.1,31.0
2024-02-05 06:51:35,0.0,0.0,383.0,22.1,31.0
2024-02-05 07:01:35,0.0,0.0,397.0,22.1,31.0
2024-02-05 07:11:35,1.0,23.0,390.0,22.1,31.0
2024-02-05 07:21:35,0.0,30.0,409.0,22.1,31.0
2024-02-05 07:31:35,0.0,30.0,412.0,22.1,31.0
2024-02-05 07:41:35,1.0,30.0,385.0,22.0,31.0
2024-02-05 07:51:35,4.0,30.0,403.0,22.1,32.0
2024-02-05 08:01:35,2.0,30.0,414.0,22.0,32.0
2024-02-05 08:11:35,3.0,30.0,467.0,22.1,32.0
2024-02-05 08:21:35,3.0,30.0,454.0,22.1,32.0
2024-02-05 08:31:35,9.0,30.0,508.0,22.1,32.0
2024-02-05 08:41:35,2.0,30.0,508.0,22.2,32.0
2024-02-05 08:51:35,3.0,30.0,504.0,22.2,32.0
2024-02-05 09:01:35,1.0,30.0,529.0,22.2,32.0
2024-02-05 09:11:35,3.0,30.0,543.0,22.2,32.0
2024-02-05 09:21:35,2.0,30.0,536.0,22.3,32.0
2024-02-05 09:31:35,4.0,30.0,547.0,22.2,32.0
2024-02-05 09:41:35,4.0,30.0,559.0,22.3,32.0
2024-02-05 09:51:35,2.0,30.0,587.0,22.3,32.0
2024-02-05 10:01:35,4.0,30.0,599.0,22.4,32.0
2024-02-05 10:11:35,3.0,30.0,680.0,22.3,32.0
2024-02-05 10:21:35,4.0,33.0,682.0,22.3,32.0
2024-02-05 10:31:34,4.0,33.0,655.0,22.3,32.0
2024-02-05 10:41:35,3.0,30.0,663.0,22.3,32.0
2024-02-05 10:51:35,0.0,30.0,662.0,22.4,31.0
2024-02-05 11:01:34,5.0,30.0,679.0,22.4,32.0
2024-02-05 11:11:34,3.0,30.0,657.0,22.4,31.0
2024-02-05 11:21:34,3.0,30.0,649.0,22.3,31.0
2024-02-05 11:31:34,4.0,30.0,671.0,22.4,31.0
2024-02-05 11:41:34,5.0,30.0,615.0,22.3,31.0
2024-02-05 11:51:34,3.0,30.0,602.0,22.4,31.0
2024-02-05 12:01:34,6.0,30.0,672.0,22.4,32.0
2024-02-05 12:11:34,4.0,30.0,689.0,22.3,32.0
2024-02-05 12:21:34,1.0,30.0,715.0,22.3,33.0
2024-02-05 12:31:34,2.0,30.0,760.0,22.3,33.0
2024-02-05 12:41:34,9.0,30.0,599.0,22.3,31.0
2024-02-05 12:51:34,1.0,30.0,587.0,22.4,31.0
2024-02-05 13:01:34,2.0,30.0,587.0,22.4,31.0
2024-02-05 13:11:34,6.0,30.0,621.0,22.4,31.0
2024-02-05 13:21:34,1.0,30.0,606.0,22.4,31.0
2024-02-05 13:41:34,6.0,30.0,686.0,22.4,31.0
2024-02-05 13:51:34,2.0,30.0,814.0,22.5,31.0
2024-02-05 14:01:34,3.0,30.0,928.0,22.4,32.0
2024-02-05 14:11:34,6.0,30.0,871.0,22.4,32.0
2024-02-05 14:21:34,2.0,30.0,829.0,22.5,31.0
2024-02-05 14:31:34,4.0,30.0,877.0,22.4,31.0
2024-02-05 14:41:34,3.0,30.0,778.0,22.5,31.0
2024-02-05 14:51:34,6.0,30.0,810.0,22.4,31.0
2024-02-05 15:01:34,1.0,30.0,722.0,22.5,31.0
2024-02-05 15:11:34,2.0,33.0,778.0,22.5,31.0
2024-02-05 15:21:34,4.0,30.0,1082.0,22.5,32.0
2024-02-05 15:31:34,5.0,30.0,743.0,22.5,31.0
2024-02-05 15:41:34,2.0,33.0,728.0,22.5,31.0
2024-02-05 15:51:33,4.0,33.0,733.0,22.5,31.0
2024-02-05 16:01:33,4.0,33.0,834.0,22.5,32.0
2024-02-05 16:11:34,3.0,30.0,1093.0,22.5,33.0
2024-02-05 16:21:33,1.0,30.0,1317.0,22.5,35.0
2024-02-05 16:31:33,1.0,30.0,1081.0,22.4,34.0
2024-02-05 16:41:33,0.0,30.0,1024.0,22.4,34.0
2024-02-05 16:51:33,1.0,30.0,956.0,22.4,34.0
2024-02-05 17:01:33,2.0,30.0,797.0,22.4,33.0
2024-02-05 17:11:33,1.0,30.0,797.0,22.5,32.0
2024-02-05 17:21:33,2.0,30.0,859.0,22.5,32.0
2024-02-05 17:31:33,2.0,30.0,911.0,22.6,32.0
2024-02-05 17:41:33,3.0,30.0,870.0,22.6,32.0
2024-02-05 17:51:33,1.0,3.0,838.0,22.5,32.0
2024-02-05 18:01:33,2.0,30.0,867.0,22.6,32.0
2024-02-05 18:11:33,1.0,30.0,901.0,22.5,33.0
2024-02-05 18:21:33,0.0,0.0,915.0,22.5,33.0
2024-02-05 18:31:33,0.0,0.0,991.0,22.4,34.0
2024-02-05 18:41:33,0.0,0.0,967.0,22.4,34.0
2024-02-05 18:51:33,0.0,0.0,962.0,22.4,34.0
2024-02-05 19:01:33,0.0,0.0,907.0,22.4,34.0
2024-02-05 19:11:33,0.0,0.0,827.0,22.3,33.0
2024-02-05 19:21:33,0.0,0.0,886.0,22.3,34.0
2024-02-05 19:31:33,0.0,0.0,871.0,22.4,34.0
2024-02-05 19:41:33,0.0,0.0,819.0,22.3,33.0
2024-02-05 19:51:33,0.0,0.0,839.0,22.4,34.0
2024-02-05 20:01:33,0.0,0.0,858.0,22.4,34.0
2024-02-05 20:11:33,0.0,0.0,825.0,22.3,34.0
2024-02-05 20:21:33,0.0,0.0,808.0,22.3,34.0
2024-02-05 20:31:33,0.0,0.0,791.0,22.3,33.0
2024-02-05 20:41:33,0.0,0.0,813.0,22.3,34.0
2024-02-05 20:51:33,0.0,0.0,755.0,22.2,33.0
2024-02-05 21:01:33,1.0,23.0,675.0,22.3,32.0
2024-02-05 21:11:33,0.0,30.0,736.0,22.3,33.0
2024-02-05 21:21:32,0.0,0.0,764.0,22.3,33.0
2024-02-05 21:31:33,0.0,0.0,779.0,22.3,33.0
2024-02-05 21:41:32,0.0,0.0,762.0,22.3,33.0
2024-02-05 21:51:32,0.0,0.0,770.0,22.3,33.0
2024-02-05 22:01:32,0.0,0.0,750.0,22.3,33.0
2024-02-05 22:11:32,0.0,0.0,732.0,22.3,33.0
2024-02-05 22:21:32,0.0,0.0,735.0,22.3,33.0
2024-02-05 22:31:32,0.0,0.0,728.0,22.3,33.0
2024-02-05 22:41:32,0.0,0.0,734.0,22.3,33.0
2024-02-05 22:51:32,0.0,0.0,725.0,22.3,33.0
2024-02-05 23:01:32,0.0,0.0,699.0,22.3,33.0
2024-02-05 23:11:32,0.0,0.0,712.0,22.3,33.0
2024-02-05 23:21:32,0.0,0.0,699.0,22.3,33.0
2024-02-05 23:31:32,0.0,0.0,709.0,22.3,33.0
2024-02-05 23:41:32,0.0,0.0,656.0,22.3,32.0
2024-02-05 23:51:32,0.0,0.0,672.0,22.3,32.0
2024-02-06 00:01:32,1.0,0.0,504.0,22.3,31.0
2024-02-06 00:11:32,0.0,0.0,661.0,22.2,32.0
2024-02-06 00:21:32,0.0,0.0,652.0,22.3,32.0
2024-02-06 00:31:32,0.0,0.0,658.0,22.3,32.0
2024-02-06 00:41:32,0.0,0.0,669.0,22.3,32.0
2024-02-06 00:51:32,0.0,0.0,657.0,22.3,32.0
2024-02-06 01:01:32,0.0,0.0,641.0,22.3,32.0
2024-02-06 01:11:32,0.0,0.0,627.0,22.3,32.0
2024-02-06 01:21:32,0.0,0.0,641.0,22.3,32.0
2024-02-06 01:31:32,0.0,0.0,629.0,22.3,32.0
2024-02-06 01:51:32,0.0,0.0,601.0,22.3,32.0
2024-02-06 02:01:32,0.0,0.0,608.0,22.3,32.0
2024-02-06 02:11:32,0.0,0.0,598.0,22.3,32.0
2024-02-06 02:21:32,0.0,0.0,603.0,22.3,32.0
2024-02-06 02:31:32,0.0,0.0,603.0,22.2,32.0
2024-02-06 02:41:32,0.0,0.0,598.0,22.2,32.0
2024-02-06 02:51:32,0.0,0.0,589.0,22.3,32.0
2024-02-06 03:01:31,2.0,30.0,577.0,22.2,32.0
2024-02-06 03:11:31,0.0,30.0,563.0,22.2,32.0
2024-02-06 03:21:31,0.0,0.0,592.0,22.3,32.0
2024-02-06 03:31:31,0.0,0.0,553.0,22.2,32.0
2024-02-06 03:41:31,0.0,0.0,528.0,22.2,32.0
2024-02-06 03:51:31,0.0,0.0,559.0,22.2,32.0
2024-02-06 04:01:31,1.0,30.0,457.0,22.3,30.0
2024-02-06 04:11:31,0.0,30.0,516.0,22.3,31.0
2024-02-06 04:21:31,0.0,0.0,525.0,22.3,32.0
2024-02-06 04:31:31,0.0,0.0,523.0,22.3,32.0
2024-02-06 04:41:31,0.0,0.0,545.0,22.3,32.0
2024-02-06 04:51:31,0.0,0.0,511.0,22.3,31.0
2024-02-06 05:01:31,0.0,0.0,532.0,22.3,32.0
2024-02-06 05:11:31,0.0,0.0,530.0,22.3,32.0
2024-02-06 05:21:31,0.0,0.0,532.0,22.3,32.0
2024-02-06 05:31:31,0.0,0.0,519.0,22.3,32.0
2024-02-06 05:41:31,0.0,0.0,520.0,22.2,32.0
2024-02-06 05:51:31,0.0,0.0,531.0,22.2,32.0
2024-02-06 06:01:31,0.0,0.0,508.0,22.2,32.0
2024-02-06 06:11:31,0.0,0.0,520.0,22.3,32.0
2024-02-06 06:21:31,0.0,0.0,537.0,22.3,32.0
2024-02-06 06:31:31,0.0,0.0,525.0,22.2,32.0
2024-02-06 06:41:31,0.0,0.0,512.0,22.3,32.0
2024-02-06 06:51:31,0.0,0.0,513.0,22.2,32.0
2024-02-06 07:01:31,1.0,16.0,519.0,22.3,31.0
2024-02-06 07:11:31,0.0,30.0,536.0,22.2,32.0
2024-02-06 07:21:31,1.0,30.0,501.0,22.3,32.0
2024-02-06 07:31:31,2.0,30.0,494.0,22.2,33.0
2024-02-06 07:41:31,0.0,30.0,424.0,22.1,33.0
2024-02-06 07:51:31,0.0,30.0,408.0,22.1,34.0
2024-02-06 08:01:31,2.0,30.0,403.0,22.1,34.0
2024-02-06 08:11:31,4.0,30.0,437.0,22.1,34.0
2024-02-06 08:21:30,1.0,30.0,410.0,22.2,33.0
2024-02-06 08:31:30,3.0,30.0,436.0,22.3,33.0
2024-02-06 08:41:30,4.0,30.0,454.0,22.3,33.0
2024-02-06 08:51:30,1.0,30.0,464.0,22.4,33.0
2024-02-06 09:01:30,1.0,30.0,477.0,22.4,33.0
2024-02-06 09:11:30,2.0,30.0,481.0,22.4,33.0
2024-02-06 09:21:30,1.0,30.0,468.0,22.5,34.0
2024-02-06 09:31:30,2.0,30.0,470.0,22.4,34.0
2024-02-06 09:41:30,1.0,30.0,469.0,22.5,34.0
2024-02-06 09:51:30,3.0,30.0,491.0,22.5,34.0
2024-02-06 10:01:30,2.0,30.0,500.0,22.5,34.0
2024-02-06 10:11:30,3.0,30.0,519.0,22.5,34.0
2024-02-06 10:21:30,3.0,30.0,534.0,22.6,34.0
2024-02-06 10:31:30,3.0,30.0,546.0,22.5,34.0
2024-02-06 10:41:30,1.0,30.0,562.0,22.5,35.0
2024-02-06 10:51:30,0.0,30.0,569.0,22.5,35.0
2024-02-06 11:01:30,9.0,30.0,650.0,22.5,35.0
2024-02-06 11:11:30,2.0,30.0,560.0,22.5,35.0
2024-02-06 11:21:30,1.0,30.0,566.0,22.5,35.0
2024-02-06 11:31:30,2.0,30.0,575.0,22.5,35.0
2024-02-06 11:41:30,0.0,30.0,552.0,22.6,35.0
2024-02-06 11:51:30,3.0,30.0,559.0,22.6,35.0
2024-02-06 12:01:30,4.0,30.0,617.0,22.6,36.0
2024-02-06 12:11:30,5.0,30.0,600.0,22.5,36.0
2024-02-06 12:21:30,0.0,30.0,581.0,22.5,36.0
2024-02-06 12:31:30,4.0,30.0,615.0,22.5,36.0
2024-02-06 12:41:30,6.0,30.0,659.0,22.5,36.0
2024-02-06 12:51:30,0.0,30.0,514.0,22.4,36.0
2024-02-06 13:01:30,5.0,30.0,677.0,22.5,36.0
2024-02-06 13:11:30,3.0,30.0,671.0,22.5,37.0
2024-02-06 13:21:30,2.0,30.0,705.0,22.5,37.0
2024-02-06 13:31:30,1.0,30.0,722.0,22.5,37.0
2024-02-06 13:41:30,4.0,30.0,728.0,22.6,37.0
2024-02-06 13:51:29,2.0,30.0,709.0,22.6,37.0
2024-02-06 14:01:29,1.0,30.0,693.0,22.6,37.0
2024-02-06 14:11:29,1.0,30.0,687.0,22.6,37.0
2024-02-06 14:21:29,2.0,30.0,676.0,22.6,37.0
2024-02-06 14:31:29,1.0,30.0,711.0,22.6,37.0
2024-02-06 14:41:29,3.0,30.0,702.0,22.6,37.0
2024-02-06 14:51:29,0.0,30.0,677.0,22.6,37.0
2024-02-06 15:01:29,5.0,30.0,679.0,22.6,36.0
2024-02-06 15:11:29,5.0,30.0,700.0,22.6,36.0
2024-02-06 15:21:29,2.0,30.0,746.0,22.6,37.0
2024-02-06 15:31:29,1.0,30.0,737.0,22.6,37.0
2024-02-06 15:41:29,1.0,30.0,665.0,22.6,37.0
2024-02-06 15:51:29,1.0,30.0,651.0,22.6,37.0
2024-02-06 16:01:29,0.0,30.0,630.0,22.6,36.0
2024-02-06 16:11:29,1.0,30.0,628.0,22.6,36.0
2024-02-06 16:21:29,1.0,30.0,611.0,22.6,36.0
2024-02-06 16:31:29,0.0,30.0,636.0,22.6,36.0
2024-02-06 16:41:29,0.0,30.0,632.0,22.6,36.0
2024-02-06 16:51:29,6.0,30.0,668.0,22.6,36.0
2024-02-06 17:01:29,0.0,30.0,638.0,22.7,36.0
2024-02-06 17:11:29,0.0,30.0,676.0,22.7,36.0
2024-02-06 17:21:29,1.0,30.0,650.0,22.6,36.0
2024-02-06 17:31:29,0.0,3.0,635.0,22.7,36.0
2024-02-06 17:41:29,1.0,3.0,650.0,22.6,36.0
2024-02-06 17:51:29,0.0,3.0,630.0,22.7,36.0
2024-02-06 18:01:29,0.0,3.0,619.0,22.7,35.0
2024-02-06 18:11:29,0.0,3.0,601.0,22.7,35.0
2024-02-06 18:21:29,0.0,3.0,602.0,22.7,35.0
2024-02-06 18:31:29,0.0,3.0,580.0,22.6,35.0
2024-02-06 18:41:29,0.0,3.0,588.0,22.7,35.0
2024-02-06 18:51:29,0.0,3.0,597.0,22.7,35.0
2024-02-06 19:01:29,0.0,3.0,565.0,22.7,35.0
2024-02-06 19:11:28,0.0,3.0,584.0,22.6,35.0
2024-02-06 19:21:29,0.0,3.0,571.0,22.7,35.0
2024-02-06 19:31:28,0.0,3.0,566.0,22.7,35.0
2024-02-06 19:41:28,0.0,0.0,576.0,22.6,35.0
2024-02-06 19:51:28,0.0,0.0,559.0,22.5,35.0
2024-02-06 20:01:28,0.0,0.0,571.0,22.5,35.0
2024-02-06 20:11:28,0.0,0.0,571.0,22.5,35.0
2024-02-06 20:21:28,0.0,0.0,581.0,22.5,35.0
2024-02-06 20:31:28,0.0,0.0,554.0,22.4,35.0
2024-02-06 20:41:28,0.0,0.0,566.0,22.4,35.0
2024-02-06 20:51:28,0.0,0.0,557.0,22.4,35.0
2024-02-06 21:01:28,0.0,0.0,550.0,22.4,35.0
2024-02-06 21:11:28,0.0,0.0,555.0,22.5,35.0
2024-02-06 21:21:28,0.0,0.0,523.0,22.4,35.0
2024-02-06 21:31:28,0.0,0.0,542.0,22.4,35.0
2024-02-06 21:41:28,1.0,0.0,487.0,22.4,34.0
2024-02-06 21:51:28,0.0,0.0,512.0,22.4,34.0
2024-02-06 22:01:28,0.0,0.0,511.0,22.4,34.0
2024-02-06 22:11:28,0.0,0.0,519.0,22.4,34.0
2024-02-06 22:21:28,0.0,0.0,518.0,22.4,34.0
2024-02-06 22:31:28,0.0,0.0,517.0,22.4,34.0
2024-02-06 22:41:28,0.0,0.0,528.0,22.3,34.0
2024-02-06 22:51:28,0.0,0.0,512.0,22.3,34.0
2024-02-06 23:01:28,0.0,0.0,502.0,22.3,34.0
2024-02-06 23:11:28,0.0,0.0,505.0,22.3,34.0
2024-02-06 23:21:28,0.0,0.0,508.0,22.4,34.0
2024-02-06 23:31:28,0.0,0.0,501.0,22.4,34.0
2024-02-06 23:41:28,0.0,0.0,502.0,22.4,34.0
2024-02-06 23:51:28,0.0,0.0,489.0,22.3,34.0
2024-02-07 00:01:28,0.0,0.0,474.0,22.4,34.0
2024-02-07 00:11:28,0.0,0.0,473.0,22.3,34.0
2024-02-07 00:21:28,0.0,0.0,480.0,22.4,34.0
2024-02-07 00:31:28,0.0,0.0,481.0,22.4,34.0
2024-02-07 00:41:27,0.0,0.0,489.0,22.4,34.0
2024-02-07 00:51:27,0.0,0.0,467.0,22.3,34.0
2024-02-07 01:01:27,0.0,0.0,487.0,22.3,34.0
2024-02-07 01:11:27,0.0,0.0,477.0,22.4,34.0
2024-02-07 01:21:27,0.0,0.0,469.0,22.3,34.0
2024-02-07 01:31:28,0.0,0.0,454.0,22.3,34.0
2024-02-07 01:41:27,0.0,0.0,462.0,22.3,34.0
2024-02-07 01:51:27,0.0,0.0,453.0,22.3,34.0
2024-02-07 02:01:27,0.0,0.0,470.0,22.3,33.0
2024-02-07 02:11:27,0.0,0.0,483.0,22.3,33.0
2024-02-07 02:21:27,0.0,0.0,447.0,22.3,33.0
2024-02-07 02:31:27,0.0,0.0,463.0,22.3,33.0
2024-02-07 02:41:27,0.0,0.0,458.0,22.3,33.0
2024-02-07 02:51:27,0.0,0.0,466.0,22.4,33.0
2024-02-07 03:01:27,0.0,0.0,462.0,22.3,33.0
2024-02-07 03:11:27,2.0,30.0,442.0,22.3,33.0
2024-02-07 03:21:27,0.0,30.0,448.0,22.3,33.0
2024-02-07 03:31:27,0.0,0.0,458.0,22.3,33.0
2024-02-07 03:41:27,0.0,0.0,437.0,22.4,33.0
2024-02-07 03:51:27,0.0,0.0,448.0,22.3,33.0
2024-02-07 04:01:27,0.0,0.0,461.0,22.3,33.0
2024-02-07 04:11:28,2.0,30.0,410.0,22.4,32.0
2024-02-07 04:21:27,0.0,30.0,428.0,22.3,33.0
2024-02-07 04:31:27,2.0,0.0,411.0,22.4,32.0
2024-02-07 04:41:27,1.0,30.0,432.0,22.4,33.0
2024-02-07 04:51:27,0.0,30.0,438.0,22.3,33.0
2024-02-07 05:01:27,0.0,0.0,418.0,22.3,33.0
2024-02-07 05:11:27,0.0,0.0,424.0,22.3,33.0
2024-02-07 05:21:27,0.0,0.0,429.0,22.3,33.0
2024-02-07 05:31:27,0.0,0.0,418.0,22.3,33.0
2024-02-07 05:41:27,0.0,0.0,431.0,22.3,33.0
2024-02-07 05:51:27,0.0,0.0,429.0,22.3,33.0
2024-02-07 06:01:27,0.0,0.0,432.0,22.3,33.0
2024-02-07 06:11:26,0.0,0.0,424.0,22.3,33.0
2024-02-07 06:21:26,0.0,0.0,409.0,22.3,32.0
2024-02-07 06:31:26,1.0,23.0,433.0,22.3,32.0
2024-02-07 06:41:26,0.0,30.0,442.0,22.3,32.0
2024-02-07 06:51:26,0.0,30.0,445.0,22.3,32.0
2024-02-07 07:01:26,2.0,30.0,429.0,22.4,32.0
2024-02-07 07:11:26,0.0,30.0,439.0,22.3,32.0
2024-02-07 07:21:26,1.0,30.0,427.0,22.4,31.0
2024-02-07 07:31:26,3.0,30.0,409.0,22.4,30.0
2024-02-07 07:41:26,7.0,30.0,450.0,22.4,30.0
2024-02-07 07:51:26,1.0,30.0,444.0,22.5,29.0
2024-02-07 08:01:26,1.0,30.0,470.0,22.5,30.0
2024-02-07 08:11:27,4.0,30.0,488.0,22.5,30.0
2024-02-07 08:21:26,0.0,30.0,487.0,22.5,29.0
2024-02-07 08:31:26,2.0,30.0,483.0,22.4,29.0
2024-02-07 08:41:26,0.0,30.0,513.0,22.4,30.0
2024-02-07 08:51:26,3.0,30.0,511.0,22.3,30.0
2024-02-07 09:01:26,6.0,30.0,505.0,22.3,30.0
2024-02-07 09:11:26,2.0,30.0,530.0,22.3,29.0
2024-02-07 09:21:26,2.0,33.0,569.0,22.3,29.0
2024-02-07 09:31:26,1.0,37.0,508.0,22.4,29.0
2024-02-07 09:41:26,0.0,37.0,513.0,22.4,28.0
2024-02-07 09:51:26,3.0,37.0,558.0,22.4,29.0
2024-02-07 10:01:26,4.0,33.0,517.0,22.4,28.0
2024-02-07 10:11:26,2.0,33.0,515.0,22.5,28.0
2024-02-07 10:21:26,1.0,30.0,538.0,22.5,28.0
2024-02-07 10:31:26,4.0,33.0,622.0,22.5,28.0
2024-02-07 10:41:26,1.0,33.0,602.0,22.6,28.0
2024-02-07 10:51:26,2.0,33.0,616.0,22.6,28.0
2024-02-07 11:01:26,3.0,33.0,609.0,22.5,28.0
2024-02-07 11:11:26,3.0,33.0,636.0,22.5,29.0
2024-02-07 11:21:26,0.0,33.0,687.0,22.5,30.0
2024-02-07 11:31:26,4.0,33.0,595.0,22.4,29.0
2024-02-07 11:41:25,2.0,33.0,576.0,22.4,29.0
2024-02-07 11:51:25,2.0,33.0,640.0,22.4,30.0
2024-02-07 12:01:25,0.0,33.0,638.0,22.4,30.0
2024-02-07 12:11:25,7.0,30.0,701.0,22.4,30.0
2024-02-07 12:21:25,4.0,30.0,716.0,22.4,30.0
2024-02-07 12:31:25,4.0,33.0,801.0,22.4,31.0
2024-02-07 12:41:25,3.0,33.0,571.0,22.5,28.0
2024-02-07 12:51:25,4.0,30.0,670.0,22.6,29.0
2024-02-07 13:01:25,2.0,30.0,686.0,22.6,29.0
2024-02-07 13:11:25,0.0,30.0,706.0,22.6,29.0
2024-02-07 13:21:25,2.0,30.0,721.0,22.7,29.0
2024-02-07 13:31:25,1.0,30.0,714.0,22.7,29.0
2024-02-07 13:41:25,0.0,30.0,675.0,22.7,29.0
2024-02-07 13:51:34,0.0,30.0,691.0,22.7,29.0
2024-02-07 14:01:25,1.0,33.0,726.0,22.7,29.0
2024-02-07 14:11:25,2.0,30.0,719.0,22.7,29.0
2024-02-07 14:21:25,2.0,30.0,729.0,22.7,29.0
2024-02-07 14:31:25,3.0,30.0,711.0,22.7,29.0
2024-02-07 14:41:25,4.0,30.0,693.0,22.7,29.0
2024-02-07 14:51:25,4.0,30.0,689.0,22.7,29.0
2024-02-07 15:01:25,2.0,30.0,700.0,22.7,29.0
2024-02-07 15:11:25,3.0,30.0,764.0,22.6,30.0
2024-02-07 15:21:25,3.0,30.0,620.0,22.7,28.0
2024-02-07 15:31:25,2.0,30.0,637.0,22.7,28.0
2024-02-07 15:41:25,2.0,30.0,676.0,22.6,28.0
2024-02-07 15:51:25,1.0,30.0,648.0,22.7,27.0
2024-02-07 16:01:25,1.0,30.0,666.0,22.7,27.0
2024-02-07 16:11:25,1.0,30.0,668.0,22.7,28.0
2024-02-07 16:21:25,5.0,30.0,681.0,22.7,28.0
2024-02-07 16:31:25,0.0,30.0,734.0,22.7,28.0
2024-02-07 16:41:25,3.0,30.0,755.0,22.7,28.0
2024-02-07 16:51:25,4.0,30.0,694.0,22.7,28.0
2024-02-07 17:01:25,0.0,30.0,715.0,22.8,28.0
2024-02-07 17:11:24,1.0,30.0,775.0,22.7,29.0
2024-02-07 17:21:24,1.0,30.0,733.0,22.6,29.0
2024-02-07 17:31:24,0.0,26.0,949.0,22.6,31.0
2024-02-07 17:41:24,0.0,30.0,753.0,22.5,30.0
2024-02-07 17:51:24,0.0,0.0,914.0,22.6,32.0
2024-02-07 18:01:24,1.0,26.0,711.0,22.6,30.0
2024-02-07 18:11:24,0.0,30.0,782.0,22.5,31.0
2024-02-07 18:21:24,0.0,0.0,695.0,22.5,29.0
2024-02-07 18:31:24,0.0,0.0,665.0,22.4,29.0
2024-02-07 18:41:24,0.0,0.0,626.0,22.5,28.0
2024-02-07 18:51:24,0.0,3.0,606.0,22.4,27.0
2024-02-07 19:01:24,0.0,0.0,592.0,22.4,27.0
2024-02-07 19:11:24,0.0,0.0,550.0,22.4,26.0
2024-02-07 19:21:24,0.0,0.0,522.0,22.3,26.0
2024-02-07 19:31:24,0.0,0.0,580.0,22.4,27.0
2024-02-07 19:41:24,0.0,0.0,587.0,22.4,27.0
2024-02-07 20:01:24,0.0,0.0,591.0,22.3,28.0
2024-02-07 20:11:24,0.0,0.0,567.0,22.3,28.0
2024-02-07 20:21:24,0.0,0.0,572.0,22.4,28.0
2024-02-07 20:31:24,0.0,0.0,517.0,22.4,28.0
2024-02-07 20:41:24,0.0,0.0,548.0,22.3,28.0
2024-02-07 20:51:24,0.0,0.0,547.0,22.3,28.0
2024-02-07 21:01:24,0.0,0.0,507.0,22.4,27.0
2024-02-07 21:11:24,0.0,0.0,518.0,22.3,28.0
2024-02-07 21:21:24,0.0,0.0,487.0,22.4,27.0
2024-02-07 21:31:24,0.0,0.0,499.0,22.4,27.0
2024-02-07 21:41:24,1.0,30.0,519.0,22.3,27.0
2024-02-07 21:51:24,0.0,30.0,497.0,22.4,27.0
2024-02-07 22:01:24,0.0,0.0,486.0,22.3,27.0
2024-02-07 22:11:24,0.0,0.0,509.0,22.3,27.0
2024-02-07 22:21:24,0.0,0.0,482.0,22.3,27.0
2024-02-07 22:31:23,0.0,0.0,485.0,22.3,27.0
2024-02-07 22:41:23,0.0,0.0,504.0,22.3,28.0
2024-02-07 22:51:23,0.0,0.0,515.0,22.4,28.0
2024-02-07 23:01:23,0.0,0.0,509.0,22.3,28.0
2024-02-07 23:11:23,0.0,0.0,456.0,22.3,27.0
2024-02-07 23:21:23,0.0,0.0,495.0,22.3,28.0
2024-02-07 23:31:23,0.0,0.0,493.0,22.3,28.0
2024-02-07 23:41:23,0.0,0.0,478.0,22.3,27.0
2024-02-07 23:51:23,0.0,0.0,488.0,22.3,27.0
2024-02-08 00:01:23,0.0,0.0,484.0,22.3,28.0
2024-02-08 00:21:23,0.0,0.0,471.0,22.3,27.0
2024-02-08 00:31:23,0.0,0.0,469.0,22.3,27.0
2024-02-08 00:41:23,0.0,0.0,478.0,22.3,27.0
2024-02-08 00:51:23,0.0,0.0,484.0,22.3,28.0
2024-02-08 01:01:23,0.0,0.0,476.0,22.3,28.0
2024-02-08 01:21:23,0.0,0.0,445.0,22.3,28.0
2024-02-08 01:31:23,0.0,0.0,507.0,22.3,29.0
2024-02-08 01:41:23,0.0,0.0,518.0,22.3,29.0
2024-02-08 01:51:23,0.0,0.0,507.0,22.3,29.0
2024-02-08 02:01:23,0.0,0.0,527.0,22.3,29.0
2024-02-08 02:11:24,0.0,0.0,519.0,22.3,29.0
2024-02-08 02:21:23,0.0,0.0,520.0,22.2,29.0
2024-02-08 02:31:23,0.0,0.0,526.0,22.3,29.0
2024-02-08 02:41:23,0.0,0.0,498.0,22.3,30.0
2024-02-08 02:51:23,1.0,20.0,515.0,22.2,30.0
2024-02-08 03:01:23,1.0,30.0,506.0,22.2,30.0
2024-02-08 03:11:23,0.0,0.0,495.0,22.3,30.0
2024-02-08 03:21:23,0.0,0.0,494.0,22.3,30.0
2024-02-08 03:31:23,0.0,0.0,486.0,22.3,30.0
2024-02-08 03:41:23,0.0,0.0,498.0,22.3,30.0
2024-02-08 03:51:23,0.0,0.0,477.0,22.3,29.0
2024-02-08 04:01:22,2.0,30.0,438.0,22.3,29.0
2024-02-08 04:11:22,0.0,30.0,479.0,22.3,30.0
2024-02-08 04:21:22,0.0,0.0,497.0,22.3,30.0
2024-02-08 04:31:22,0.0,0.0,442.0,22.3,30.0
2024-02-08 04:41:22,0.0,0.0,471.0,22.3,30.0
2024-02-08 04:51:23,0.0,0.0,479.0,22.3,30.0
2024-02-08 05:01:22,0.0,0.0,466.0,22.3,30.0
2024-02-08 05:11:22,0.0,0.0,470.0,22.3,30.0
2024-02-08 05:21:22,0.0,0.0,466.0,22.3,30.0
2024-02-08 05:31:22,0.0,0.0,466.0,22.3,30.0
2024-02-08 05:41:22,0.0,0.0,451.0,22.2,30.0
2024-02-08 05:51:22,0.0,0.0,472.0,22.3,30.0
2024-02-08 06:01:22,0.0,0.0,465.0,22.3,30.0
2024-02-08 06:11:22,0.0,0.0,473.0,22.3,30.0
2024-02-08 06:21:22,1.0,26.0,430.0,22.3,29.0
2024-02-08 06:31:22,0.0,30.0,427.0,22.2,29.0
2024-02-08 06:41:22,1.0,0.0,459.0,22.3,29.0
2024-02-08 06:51:22,0.0,0.0,462.0,22.2,29.0
2024-02-08 07:01:22,2.0,30.0,424.0,22.3,29.0
2024-02-08 07:11:22,2.0,30.0,439.0,22.3,29.0
2024-02-08 07:21:22,1.0,30.0,440.0,22.3,29.0
2024-02-08 07:31:23,0.0,30.0,444.0,22.3,29.0
2024-02-08 07:41:22,2.0,30.0,443.0,22.3,29.0
2024-02-08 07:51:22,1.0,30.0,473.0,22.2,29.0
2024-02-08 08:01:22,4.0,30.0,464.0,22.2,29.0
2024-02-08 08:11:22,0.0,30.0,448.0,22.2,29.0
2024-02-08 08:21:22,3.0,30.0,425.0,22.3,27.0
2024-02-08 08:31:22,6.0,50.0,486.0,22.4,27.0
2024-02-08 08:41:22,1.0,60.0,459.0,22.4,27.0
2024-02-08 08:51:22,1.0,40.0,482.0,22.4,27.0
2024-02-08 09:01:22,4.0,33.0,478.0,22.4,27.0
2024-02-08 09:11:22,1.0,33.0,465.0,22.5,27.0
2024-02-08 09:21:22,6.0,37.0,489.0,22.4,27.0
2024-02-08 09:31:22,4.0,33.0,493.0,22.4,27.0
2024-02-08 09:41:21,3.0,37.0,505.0,22.5,27.0
2024-02-08 09:51:21,0.0,37.0,512.0,22.5,27.0
2024-02-08 10:01:21,7.0,37.0,606.0,22.4,29.0
2024-02-08 10:11:21,0.0,37.0,704.0,22.4,30.0
2024-02-08 10:21:21,4.0,40.0,601.0,22.3,29.0
2024-02-08 10:31:21,1.0,43.0,687.0,22.3,29.0
2024-02-08 10:41:21,1.0,40.0,731.0,22.4,30.0
2024-02-08 10:51:21,4.0,33.0,762.0,22.4,30.0
2024-02-08 11:01:21,0.0,33.0,811.0,22.3,30.0
2024-02-08 11:11:21,1.0,37.0,741.0,22.3,30.0
2024-02-08 11:21:21,7.0,40.0,524.0,22.4,28.0
2024-02-08 11:31:21,1.0,43.0,600.0,22.5,28.0
2024-02-08 11:41:21,3.0,57.0,682.0,22.5,28.0
2024-02-08 11:51:21,5.0,141.0,710.0,22.4,29.0
2024-02-08 12:01:21,10.0,37.0,675.0,22.5,28.0
2024-02-08 12:11:21,3.0,77.0,658.0,22.6,28.0
2024-02-08 12:21:21,4.0,286.0,643.0,22.6,28.0
2024-02-08 12:31:21,6.0,245.0,685.0,22.6,28.0
2024-02-08 12:41:21,5.0,235.0,659.0,22.6,28.0
2024-02-08 12:51:21,1.0,188.0,674.0,22.7,28.0
2024-02-08 13:01:21,4.0,161.0,682.0,22.7,28.0
2024-02-08 13:11:21,2.0,148.0,668.0,22.7,28.0
2024-02-08 13:21:21,2.0,33.0,711.0,22.7,28.0
2024-02-08 13:31:21,5.0,97.0,693.0,22.8,28.0
2024-02-08 13:41:21,2.0,87.0,684.0,22.7,28.0
2024-02-08 13:51:21,5.0,47.0,760.0,22.7,28.0
2024-02-08 14:01:21,4.0,33.0,784.0,22.7,28.0
2024-02-08 14:21:21,3.0,40.0,784.0,22.6,28.0
2024-02-08 14:31:21,3.0,33.0,771.0,22.7,28.0
2024-02-08 14:41:21,3.0,33.0,836.0,22.7,29.0
2024-02-08 14:51:21,3.0,30.0,806.0,22.7,28.0
2024-02-08 15:01:21,3.0,30.0,744.0,22.6,28.0
2024-02-08 15:11:20,5.0,30.0,687.0,22.6,28.0
2024-02-08 15:21:20,3.0,30.0,691.0,22.5,28.0
2024-02-08 15:31:20,2.0,30.0,687.0,22.5,28.0
2024-02-08 15:41:20,2.0,30.0,691.0,22.6,28.0
2024-02-08 15:51:20,6.0,30.0,772.0,22.6,28.0
2024-02-08 16:01:20,2.0,30.0,694.0,22.6,28.0
2024-02-08 16:11:20,3.0,30.0,709.0,22.6,28.0
2024-02-08 16:21:20,0.0,30.0,705.0,22.6,28.0
2024-02-08 16:31:20,2.0,30.0,753.0,22.6,28.0
2024-02-08 16:41:20,0.0,30.0,736.0,22.6,28.0
2024-02-08 16:51:21,0.0,30.0,710.0,22.6,28.0
2024-02-08 17:01:20,0.0,30.0,708.0,22.5,28.0
2024-02-08 17:11:20,1.0,30.0,676.0,22.5,28.0
2024-02-08 17:21:20,0.0,30.0,672.0,22.4,28.0
2024-02-08 17:31:20,1.0,0.0,606.0,22.4,27.0
2024-02-08 17:41:20,0.0,0.0,666.0,22.4,28.0
2024-02-08 17:51:20,0.0,0.0,634.0,22.4,28.0
2024-02-08 18:01:20,1.0,0.0,647.0,22.4,28.0
2024-02-08 18:11:20,1.0,30.0,622.0,22.3,28.0
2024-02-08 18:21:20,1.0,30.0,609.0,22.3,28.0
2024-02-08 18:31:20,0.0,0.0,583.0,22.3,28.0
2024-02-08 18:41:20,0.0,0.0,582.0,22.3,27.0
2024-02-08 18:51:20,0.0,0.0,574.0,22.3,27.0
2024-02-08 19:01:20,0.0,0.0,557.0,22.3,27.0
2024-02-08 19:11:20,0.0,0.0,554.0,22.3,27.0
2024-02-08 19:21:20,0.0,0.0,549.0,22.2,27.0
2024-02-08 19:31:20,0.0,0.0,557.0,22.3,27.0
2024-02-08 19:41:20,0.0,0.0,533.0,22.3,27.0
2024-02-08 19:51:20,0.0,0.0,549.0,22.2,27.0
2024-02-08 20:01:20,0.0,0.0,525.0,22.3,27.0
2024-02-08 20:11:20,0.0,0.0,523.0,22.2,27.0
2024-02-08 20:21:20,0.0,0.0,514.0,22.2,27.0
2024-02-08 20:31:19,0.0,0.0,519.0,22.2,27.0
2024-02-08 20:41:19,0.0,0.0,532.0,22.2,27.0
2024-02-08 20:51:19,0.0,0.0,516.0,22.2,27.0
2024-02-08 21:01:19,0.0,30.0,494.0,22.2,27.0
2024-02-08 21:11:19,0.0,26.0,542.0,22.2,27.0
2024-02-08 21:21:19,1.0,30.0,593.0,22.2,27.0
2024-02-08 21:31:19,0.0,30.0,610.0,22.2,27.0
2024-02-08 21:41:19,0.0,0.0,590.0,22.2,27.0
2024-02-08 21:51:19,0.0,0.0,564.0,22.2,27.0
2024-02-08 22:01:19,0.0,0.0,554.0,22.2,27.0
2024-02-08 22:11:19,0.0,0.0,551.0,22.2,27.0
2024-02-08 22:21:19,0.0,0.0,527.0,22.1,27.0
2024-02-08 22:31:19,0.0,0.0,516.0,22.2,27.0
2024-02-08 22:41:19,0.0,0.0,524.0,22.2,27.0
2024-02-08 22:51:19,0.0,0.0,515.0,22.1,27.0
2024-02-08 23:01:19,0.0,0.0,508.0,22.1,27.0
2024-02-08 23:11:19,0.0,0.0,495.0,22.1,27.0
2024-02-08 23:21:19,0.0,0.0,492.0,22.1,27.0
2024-02-08 23:31:19,0.0,0.0,482.0,22.1,27.0
2024-02-08 23:41:19,0.0,0.0,476.0,22.1,26.0
2024-02-08 23:51:19,0.0,0.0,475.0,22.1,27.0
2024-02-09 00:01:19,0.0,0.0,475.0,22.1,27.0
2024-02-09 00:11:19,0.0,0.0,462.0,22.1,26.0
2024-02-09 00:21:19,0.0,0.0,451.0,22.1,26.0
2024-02-09 00:31:19,0.0,0.0,465.0,22.0,26.0
2024-02-09 00:41:19,0.0,0.0,461.0,22.0,26.0
2024-02-09 00:51:19,0.0,0.0,463.0,22.1,26.0
2024-02-09 01:01:19,0.0,0.0,441.0,22.1,26.0
2024-02-09 01:11:19,0.0,0.0,451.0,22.0,26.0
2024-02-09 01:21:19,0.0,0.0,450.0,22.0,26.0
2024-02-09 01:31:19,0.0,0.0,444.0,22.0,26.0
2024-02-09 01:41:19,0.0,0.0,449.0,22.0,26.0
2024-02-09 01:51:18,0.0,0.0,429.0,22.0,26.0
2024-02-09 02:01:18,0.0,0.0,443.0,22.0,26.0
2024-02-09 02:11:18,0.0,0.0,445.0,22.0,26.0
2024-02-09 02:21:18,0.0,0.0,450.0,22.0,26.0
2024-02-09 02:31:18,0.0,0.0,443.0,22.0,26.0
2024-02-09 02:41:18,0.0,0.0,440.0,22.0,26.0
2024-02-09 02:51:18,0.0,0.0,414.0,22.0,26.0
2024-02-09 03:01:18,2.0,23.0,414.0,22.0,26.0
2024-02-09 03:11:18,0.0,30.0,430.0,22.0,26.0
2024-02-09 03:21:18,0.0,0.0,430.0,22.0,26.0
2024-02-09 03:31:18,0.0,0.0,420.0,22.0,26.0
2024-02-09 03:41:18,0.0,0.0,422.0,22.0,26.0
2024-02-09 03:51:19,0.0,0.0,420.0,21.9,26.0
2024-02-09 04:01:18,1.0,26.0,407.0,22.0,26.0
2024-02-09 04:11:18,0.0,30.0,441.0,22.0,26.0
2024-02-09 04:21:18,0.0,0.0,417.0,22.0,27.0
2024-02-09 04:31:18,0.0,0.0,426.0,22.0,27.0
2024-02-09 04:41:18,0.0,0.0,418.0,22.0,27.0
2024-02-09 04:51:18,0.0,0.0,422.0,22.0,27.0
2024-02-09 05:01:18,0.0,0.0,423.0,22.0,27.0
2024-02-09 05:11:18,0.0,0.0,428.0,22.0,27.0
2024-02-09 05:21:18,0.0,0.0,435.0,22.0,27.0
2024-02-09 05:31:18,0.0,0.0,438.0,22.0,27.0
2024-02-09 05:41:18,0.0,0.0,430.0,22.0,27.0
2024-02-09 05:51:18,0.0,0.0,432.0,22.0,27.0
2024-02-09 06:01:18,0.0,0.0,433.0,22.0,27.0
2024-02-09 06:11:18,1.0,16.0,426.0,22.0,27.0
2024-02-09 06:21:18,2.0,30.0,446.0,22.0,27.0
2024-02-09 06:31:18,1.0,0.0,447.0,22.0,27.0
2024-02-09 06:41:18,0.0,30.0,461.0,21.9,27.0
2024-02-09 06:51:18,0.0,30.0,484.0,22.0,28.0
2024-02-09 07:01:18,0.0,30.0,481.0,22.0,28.0
2024-02-09 07:11:18,2.0,33.0,470.0,22.0,27.0
2024-02-09 07:21:17,1.0,30.0,526.0,22.0,28.0
2024-02-09 07:31:17,1.0,30.0,464.0,22.0,27.0
2024-02-09 07:41:17,8.0,26.0,543.0,22.0,28.0
2024-02-09 07:51:17,7.0,30.0,541.0,22.1,28.0
2024-02-09 08:01:17,3.0,30.0,575.0,22.1,28.0
2024-02-09 08:11:17,4.0,30.0,601.0,22.1,28.0
2024-02-09 08:21:17,2.0,30.0,656.0,22.1,29.0
2024-02-09 08:31:17,2.0,33.0,684.0,22.1,29.0
2024-02-09 08:41:17,2.0,33.0,682.0,22.1,29.0
2024-02-09 08:51:17,1.0,33.0,657.0,22.1,29.0
2024-02-09 09:11:17,2.0,30.0,649.0,22.2,28.0
2024-02-09 09:21:17,3.0,30.0,691.0,22.2,29.0
2024-02-09 09:31:17,2.0,33.0,647.0,22.1,28.0
2024-02-09 09:41:17,4.0,33.0,683.0,22.2,28.0
2024-02-09 09:51:17,2.0,33.0,641.0,22.2,28.0
2024-02-09 10:01:17,3.0,30.0,656.0,22.2,28.0
2024-02-09 10:11:17,4.0,30.0,705.0,22.2,28.0
2024-02-09 10:21:17,3.0,30.0,669.0,22.2,28.0
2024-02-09 10:31:17,5.0,30.0,686.0,22.2,28.0
2024-02-09 10:41:17,4.0,30.0,735.0,22.2,29.0
2024-02-09 10:51:17,6.0,30.0,783.0,22.1,29.0
2024-02-09 11:01:17,6.0,30.0,800.0,22.1,29.0
2024-02-09 11:11:17,10.0,30.0,787.0,22.1,30.0
2024-02-09 11:21:17,0.0,30.0,705.0,22.1,29.0
2024-02-09 11:31:17,0.0,30.0,652.0,22.1,28.0
2024-02-09 11:41:17,0.0,30.0,732.0,22.1,28.0
2024-02-09 11:51:17,3.0,30.0,639.0,22.0,28.0
2024-02-09 12:01:17,6.0,33.0,619.0,22.0,27.0
2024-02-09 12:11:17,7.0,37.0,679.0,22.1,28.0
2024-02-09 12:21:17,0.0,37.0,686.0,22.2,28.0
2024-02-09 12:31:17,3.0,37.0,728.0,22.1,28.0
2024-02-09 12:41:17,0.0,40.0,691.0,22.2,28.0
2024-02-09 12:51:16,2.0,33.0,707.0,22.2,28.0
2024-02-09 13:01:16,1.0,37.0,800.0,22.2,28.0
2024-02-09 13:11:16,7.0,30.0,813.0,22.2,28.0
