datetime,motion,light,co2,temperature,humidity
2023-11-01 00:04:10,1.0,0.0,609.0,24.3,39.0
2023-11-01 00:14:11,0.0,0.0,606.0,24.3,39.0
2023-11-01 00:24:10,0.0,0.0,588.0,24.3,39.0
2023-11-01 00:34:10,0.0,0.0,573.0,24.3,39.0
2023-11-01 00:44:10,0.0,0.0,587.0,24.3,39.0
2023-11-01 00:54:10,0.0,0.0,588.0,24.3,39.0
2023-11-01 01:04:10,0.0,0.0,566.0,24.3,39.0
2023-11-01 01:14:10,0.0,0.0,565.0,24.3,39.0
2023-11-01 01:24:10,0.0,0.0,553.0,24.3,39.0
2023-11-01 01:34:10,0.0,0.0,569.0,24.3,39.0
2023-11-01 01:44:10,0.0,0.0,566.0,24.3,39.0
2023-11-01 01:54:10,0.0,0.0,537.0,24.3,39.0
2023-11-01 02:04:10,0.0,0.0,536.0,24.3,39.0
2023-11-01 02:14:10,0.0,0.0,555.0,24.3,39.0
2023-11-01 02:24:10,0.0,0.0,538.0,24.2,39.0
2023-11-01 02:34:10,0.0,0.0,535.0,24.2,39.0
2023-11-01 02:44:10,0.0,0.0,526.0,24.3,39.0
2023-11-01 02:54:10,0.0,0.0,516.0,24.2,39.0
2023-11-01 03:04:10,0.0,0.0,516.0,24.2,39.0
2023-11-01 03:14:10,0.0,0.0,520.0,24.3,39.0
2023-11-01 03:24:10,1.0,33.0,521.0,24.2,39.0
2023-11-01 03:34:10,0.0,33.0,532.0,24.3,39.0
2023-11-01 03:44:09,0.0,0.0,536.0,24.3,39.0
2023-11-01 03:54:09,0.0,0.0,512.0,24.3,39.0
2023-11-01 04:04:09,0.0,0.0,527.0,24.3,39.0
2023-11-01 04:14:09,0.0,0.0,504.0,24.3,39.0
2023-11-01 04:24:09,1.0,23.0,513.0,24.3,39.0
2023-11-01 04:34:09,0.0,33.0,507.0,24.3,38.0
2023-11-01 04:44:09,0.0,0.0,512.0,24.3,39.0
2023-11-01 04:54:09,0.0,0.0,506.0,24.3,39.0
2023-11-01 05:04:09,0.0,0.0,498.0,24.3,38.0
2023-11-01 05:14:09,0.0,0.0,506.0,24.3,38.0
2023-11-01 05:24:09,0.0,0.0,509.0,24.3,38.0
2023-11-01 05:34:09,0.0,0.0,508.0,24.2,38.0
2023-11-01 05:44:09,0.0,0.0,510.0,24.3,38.0
2023-11-01 05:54:09,0.0,0.0,506.0,24.3,38.0
2023-11-01 06:04:09,0.0,23.0,506.0,24.3,38.0
2023-11-01 06:14:09,0.0,33.0,490.0,24.3,38.0
2023-11-01 06:24:09,1.0,0.0,497.0,24.3,38.0
2023-11-01 06:34:09,0.0,3.0,518.0,24.3,38.0
2023-11-01 06:44:09,0.0,3.0,503.0,24.3,38.0
2023-11-01 06:54:09,0.0,3.0,506.0,24.3,38.0
2023-11-01 07:04:09,0.0,3.0,500.0,24.3,38.0
2023-11-01 07:14:09,2.0,33.0,497.0,24.3,38.0
2023-11-01 07:24:09,1.0,37.0,517.0,24.3,38.0
2023-11-01 07:34:09,0.0,40.0,525.0,24.2,38.0
2023-11-01 07:44:08,2.0,43.0,532.0,24.2,37.0
2023-11-01 07:54:08,9.0,53.0,647.0,24.1,38.0
2023-11-01 08:04:08,5.0,53.0,678.0,24.1,38.0
2023-11-01 08:14:08,6.0,53.0,686.0,24.0,38.0
2023-11-01 08:24:08,2.0,50.0,681.0,24.0,38.0
2023-11-01 08:34:08,2.0,50.0,719.0,24.0,38.0
2023-11-01 08:44:08,6.0,50.0,732.0,24.0,38.0
2023-11-01 08:54:08,10.0,57.0,772.0,24.0,38.0
2023-11-01 09:04:08,11.0,53.0,778.0,24.1,38.0
2023-11-01 09:14:08,0.0,53.0,763.0,24.0,38.0
2023-11-01 09:24:08,6.0,53.0,771.0,24.1,38.0
2023-11-01 09:34:08,1.0,50.0,786.0,24.1,37.0
2023-11-01 09:44:08,1.0,50.0,741.0,24.1,37.0
2023-11-01 09:54:08,2.0,53.0,797.0,24.1,37.0
2023-11-01 10:04:08,0.0,53.0,801.0,24.1,37.0
2023-11-01 10:14:08,5.0,53.0,855.0,24.2,38.0
2023-11-01 10:24:08,0.0,53.0,815.0,24.2,37.0
2023-11-01 10:34:08,8.0,47.0,813.0,24.2,37.0
2023-11-01 10:44:08,4.0,53.0,909.0,24.2,38.0
2023-11-01 10:54:08,12.0,43.0,973.0,24.1,38.0
2023-11-01 11:04:08,5.0,47.0,916.0,24.1,38.0
2023-11-01 11:14:08,11.0,43.0,935.0,24.1,38.0
2023-11-01 11:24:08,4.0,43.0,928.0,24.1,38.0
2023-11-01 11:34:07,0.0,40.0,895.0,24.2,38.0
2023-11-01 11:44:07,3.0,40.0,907.0,24.1,38.0
2023-11-01 11:54:07,2.0,43.0,922.0,24.1,38.0
2023-11-01 12:04:07,6.0,43.0,988.0,24.1,38.0
2023-11-01 12:14:07,5.0,47.0,982.0,24.1,39.0
2023-11-01 12:24:07,6.0,47.0,987.0,24.1,39.0
2023-11-01 12:34:07,14.0,40.0,1049.0,24.2,39.0
2023-11-01 12:44:07,2.0,47.0,1055.0,24.1,39.0
2023-11-01 12:54:07,3.0,47.0,1055.0,24.2,39.0
2023-11-01 13:04:07,0.0,43.0,1048.0,24.1,39.0
2023-11-01 13:14:07,8.0,47.0,1131.0,24.1,39.0
2023-11-01 13:24:07,12.0,43.0,1062.0,24.1,39.0
2023-11-01 13:34:07,1.0,43.0,1053.0,24.1,38.0
2023-11-01 13:44:07,5.0,47.0,1095.0,24.1,38.0
2023-11-01 13:54:07,4.0,47.0,1087.0,24.1,38.0
2023-11-01 14:04:07,9.0,47.0,1126.0,24.0,38.0
2023-11-01 14:14:07,4.0,47.0,1179.0,24.1,39.0
2023-11-01 14:24:07,2.0,43.0,1250.0,24.1,39.0
2023-11-01 14:34:07,0.0,43.0,1215.0,24.1,39.0
2023-11-01 14:44:07,8.0,43.0,1240.0,24.1,39.0
2023-11-01 14:54:07,1.0,43.0,1066.0,24.1,38.0
2023-11-01 15:04:07,3.0,43.0,1103.0,24.1,38.0
2023-11-01 15:14:07,8.0,47.0,1178.0,24.1,38.0
2023-11-01 15:24:07,2.0,47.0,1236.0,24.1,39.0
2023-11-01 15:34:06,2.0,47.0,1291.0,24.1,39.0
2023-11-01 15:44:06,4.0,47.0,1217.0,24.1,39.0
2023-11-01 15:54:06,4.0,47.0,1190.0,24.1,39.0
2023-11-01 16:04:06,4.0,47.0,1207.0,24.1,39.0
2023-11-01 16:14:06,3.0,40.0,1243.0,24.2,39.0
2023-11-01 16:24:06,1.0,40.0,1195.0,24.1,39.0
2023-11-01 16:34:06,1.0,40.0,1175.0,24.1,39.0
2023-11-01 16:44:06,2.0,40.0,1200.0,24.1,39.0
2023-11-01 16:54:06,0.0,40.0,1167.0,24.2,39.0
2023-11-01 17:04:06,2.0,40.0,1136.0,24.2,39.0
2023-11-01 17:14:06,0.0,40.0,1121.0,24.2,39.0
2023-11-01 17:24:06,0.0,40.0,1069.0,24.2,39.0
2023-11-01 17:34:06,0.0,10.0,1043.0,24.2,39.0
2023-11-01 17:44:06,5.0,6.0,982.0,24.2,39.0
2023-11-01 17:54:06,0.0,6.0,958.0,24.2,39.0
2023-11-01 18:04:06,0.0,6.0,911.0,24.2,38.0
2023-11-01 18:14:06,0.0,6.0,884.0,24.2,38.0
2023-11-01 18:24:06,2.0,43.0,881.0,24.2,38.0
2023-11-01 18:34:06,2.0,40.0,912.0,24.2,38.0
2023-11-01 18:44:06,0.0,6.0,894.0,24.2,38.0
2023-11-01 18:54:06,0.0,6.0,871.0,24.2,38.0
2023-11-01 19:04:06,0.0,6.0,880.0,24.2,38.0
2023-11-01 19:14:06,0.0,6.0,872.0,24.2,38.0
2023-11-01 19:24:05,0.0,6.0,865.0,24.2,38.0
2023-11-01 19:34:05,0.0,6.0,807.0,24.2,38.0
2023-11-01 19:44:05,0.0,6.0,833.0,24.2,38.0
2023-11-01 19:54:05,0.0,6.0,838.0,24.2,38.0
2023-11-01 20:04:05,0.0,6.0,802.0,24.2,38.0
2023-11-01 20:14:05,0.0,6.0,790.0,24.2,38.0
2023-11-01 20:24:05,0.0,6.0,794.0,24.2,38.0
2023-11-01 20:34:05,0.0,6.0,797.0,24.2,38.0
2023-11-01 20:44:05,2.0,40.0,754.0,24.2,38.0
2023-11-01 20:54:05,0.0,40.0,779.0,24.1,38.0
2023-11-01 21:04:05,0.0,6.0,768.0,24.2,38.0
2023-11-01 21:14:05,0.0,40.0,745.0,24.2,38.0
2023-11-01 21:24:05,0.0,40.0,735.0,24.2,38.0
2023-11-01 21:34:05,0.0,6.0,720.0,24.2,38.0
2023-11-01 21:44:05,0.0,6.0,728.0,24.2,38.0
2023-11-01 21:54:05,0.0,6.0,701.0,24.2,38.0
2023-11-01 22:04:05,0.0,6.0,703.0,24.2,38.0
2023-11-01 22:14:05,0.0,6.0,685.0,24.2,38.0
2023-11-01 22:24:05,0.0,6.0,650.0,24.2,38.0
2023-11-01 22:34:05,0.0,6.0,657.0,24.2,38.0
2023-11-01 22:44:05,0.0,6.0,641.0,24.2,38.0
2023-11-01 22:54:05,0.0,6.0,647.0,24.2,38.0
2023-11-01 23:04:05,0.0,6.0,649.0,24.1,38.0
2023-11-01 23:14:04,0.0,6.0,624.0,24.2,38.0
2023-11-01 23:24:04,0.0,6.0,628.0,24.2,38.0
2023-11-01 23:34:04,0.0,6.0,615.0,24.2,38.0
2023-11-01 23:44:04,0.0,6.0,619.0,24.2,38.0
2023-11-01 23:54:04,0.0,6.0,596.0,24.1,38.0
2023-11-02 00:04:04,2.0,3.0,582.0,24.1,38.0
2023-11-02 00:14:04,0.0,3.0,586.0,24.1,38.0
2023-11-02 00:24:04,0.0,3.0,578.0,24.1,38.0
2023-11-02 00:34:04,0.0,3.0,576.0,24.1,38.0
2023-11-02 00:44:04,0.0,3.0,568.0,24.1,38.0
2023-11-02 00:54:04,0.0,3.0,583.0,24.1,38.0
2023-11-02 01:04:04,0.0,3.0,561.0,24.1,38.0
2023-11-02 01:14:04,0.0,3.0,572.0,24.1,38.0
2023-11-02 01:24:04,0.0,3.0,571.0,24.1,38.0
2023-11-02 01:34:04,0.0,3.0,556.0,24.1,38.0
2023-11-02 01:44:04,0.0,3.0,561.0,24.1,38.0
2023-11-02 01:54:04,0.0,3.0,524.0,24.1,38.0
2023-11-02 02:04:04,0.0,3.0,551.0,24.1,38.0
2023-11-02 02:14:04,0.0,3.0,537.0,24.1,38.0
2023-11-02 02:24:04,0.0,3.0,533.0,24.0,38.0
2023-11-02 02:34:04,0.0,3.0,535.0,24.1,38.0
2023-11-02 02:44:04,0.0,3.0,543.0,24.1,38.0
2023-11-02 02:54:04,0.0,3.0,519.0,24.1,38.0
2023-11-02 03:04:04,0.0,3.0,515.0,24.1,38.0
2023-11-02 03:14:03,1.0,33.0,551.0,24.0,38.0
2023-11-02 03:24:03,0.0,37.0,538.0,24.1,39.0
2023-11-02 03:34:03,0.0,3.0,530.0,24.1,39.0
2023-11-02 03:44:03,0.0,3.0,521.0,24.1,39.0
2023-11-02 03:54:03,0.0,3.0,530.0,24.1,39.0
2023-11-02 04:04:03,0.0,3.0,538.0,24.1,38.0
2023-11-02 04:14:03,0.0,3.0,523.0,24.0,39.0
2023-11-02 04:24:03,2.0,37.0,507.0,24.1,39.0
2023-11-02 04:34:03,0.0,37.0,532.0,24.1,39.0
2023-11-02 04:44:03,0.0,3.0,534.0,24.1,39.0
2023-11-02 04:54:03,0.0,3.0,525.0,24.1,39.0
2023-11-02 05:04:03,0.0,3.0,524.0,24.0,39.0
2023-11-02 05:14:03,0.0,3.0,534.0,24.1,39.0
2023-11-02 05:24:03,0.0,3.0,528.0,24.1,39.0
2023-11-02 05:34:03,0.0,3.0,525.0,24.1,39.0
2023-11-02 05:44:03,0.0,3.0,516.0,24.1,39.0
2023-11-02 05:54:03,0.0,3.0,498.0,24.0,39.0
2023-11-02 06:04:03,0.0,3.0,511.0,24.0,39.0
2023-11-02 06:14:03,0.0,3.0,504.0,24.0,39.0
2023-11-02 06:24:03,0.0,3.0,504.0,24.0,39.0
2023-11-02 06:34:03,0.0,3.0,513.0,24.1,39.0
2023-11-02 06:44:03,0.0,3.0,506.0,24.0,39.0
2023-11-02 06:54:03,1.0,37.0,510.0,24.0,39.0
2023-11-02 07:04:03,0.0,40.0,506.0,24.0,39.0
2023-11-02 07:14:02,0.0,40.0,521.0,24.0,39.0
2023-11-02 07:24:02,0.0,40.0,490.0,24.0,39.0
2023-11-02 07:34:02,1.0,40.0,519.0,24.0,39.0
2023-11-02 07:44:02,2.0,43.0,520.0,24.0,39.0
2023-11-02 07:54:02,5.0,47.0,615.0,24.0,40.0
2023-11-02 08:04:02,3.0,47.0,646.0,24.0,40.0
2023-11-02 08:14:02,3.0,50.0,625.0,23.9,41.0
2023-11-02 08:24:02,4.0,50.0,648.0,23.9,41.0
2023-11-02 08:34:02,8.0,50.0,688.0,23.8,42.0
2023-11-02 08:44:02,0.0,50.0,710.0,23.8,42.0
2023-11-02 08:54:02,4.0,50.0,723.0,23.8,42.0
2023-11-02 09:04:02,2.0,53.0,729.0,23.8,42.0
2023-11-02 09:14:02,2.0,50.0,766.0,23.9,42.0
2023-11-02 09:24:02,8.0,50.0,760.0,23.9,42.0
2023-11-02 09:34:02,0.0,50.0,744.0,23.9,42.0
2023-11-02 09:44:02,4.0,50.0,764.0,23.9,42.0
2023-11-02 09:54:02,1.0,50.0,789.0,23.8,42.0
2023-11-02 10:04:02,3.0,50.0,779.0,23.8,42.0
2023-11-02 10:14:02,6.0,50.0,809.0,23.9,42.0
2023-11-02 10:24:02,7.0,50.0,857.0,23.8,42.0
2023-11-02 10:34:02,2.0,47.0,856.0,23.8,42.0
2023-11-02 10:44:02,7.0,47.0,881.0,23.8,42.0
2023-11-02 10:54:02,10.0,50.0,914.0,23.8,43.0
2023-11-02 11:04:01,2.0,47.0,907.0,23.9,42.0
2023-11-02 11:14:01,3.0,47.0,961.0,23.9,43.0
2023-11-02 11:24:01,2.0,47.0,942.0,23.8,42.0
2023-11-02 11:34:01,3.0,50.0,977.0,23.9,43.0
2023-11-02 11:44:01,5.0,47.0,940.0,23.8,43.0
2023-11-02 11:54:01,12.0,43.0,1033.0,23.9,43.0
2023-11-02 12:04:01,5.0,43.0,1007.0,23.9,43.0
2023-11-02 12:14:01,1.0,43.0,1011.0,23.9,43.0
2023-11-02 12:24:01,1.0,43.0,1007.0,23.9,43.0
2023-11-02 12:34:01,0.0,43.0,1048.0,23.9,43.0
2023-11-02 12:44:01,2.0,43.0,1034.0,23.8,43.0
2023-11-02 12:54:01,0.0,43.0,1049.0,23.8,43.0
2023-11-02 13:04:01,0.0,43.0,1028.0,23.9,43.0
2023-11-02 13:14:01,2.0,43.0,1035.0,23.8,43.0
2023-11-02 13:24:01,2.0,40.0,1002.0,23.8,43.0
2023-11-02 13:34:01,5.0,40.0,982.0,23.8,43.0
2023-11-02 13:44:01,4.0,40.0,991.0,23.8,43.0
2023-11-02 13:54:01,2.0,40.0,1082.0,23.8,43.0
2023-11-02 14:04:01,6.0,37.0,1169.0,23.8,43.0
2023-11-02 14:14:01,0.0,37.0,1132.0,23.9,43.0
2023-11-02 14:24:01,0.0,37.0,1123.0,23.8,43.0
2023-11-02 14:34:01,3.0,37.0,1028.0,23.8,43.0
2023-11-02 14:44:01,2.0,37.0,978.0,23.8,43.0
2023-11-02 14:54:00,4.0,40.0,969.0,23.8,43.0
2023-11-02 15:04:00,8.0,37.0,1023.0,23.8,43.0
2023-11-02 15:14:00,4.0,37.0,1065.0,23.8,43.0
2023-11-02 15:24:00,3.0,37.0,1102.0,23.8,43.0
2023-11-02 15:34:00,0.0,40.0,1061.0,23.9,43.0
2023-11-02 15:44:00,4.0,40.0,1082.0,23.8,43.0
2023-11-02 15:54:00,1.0,43.0,1043.0,23.8,43.0
2023-11-02 16:04:00,2.0,43.0,1039.0,23.8,43.0
2023-11-02 16:14:00,5.0,43.0,1148.0,23.8,43.0
2023-11-02 16:24:00,2.0,40.0,1084.0,23.9,43.0
2023-11-02 16:34:00,0.0,40.0,1044.0,23.9,43.0
2023-11-02 16:44:00,0.0,40.0,1051.0,23.8,43.0
2023-11-02 16:54:00,0.0,40.0,1063.0,23.9,43.0
2023-11-02 17:04:00,2.0,40.0,975.0,23.9,43.0
2023-11-02 17:14:00,0.0,40.0,928.0,23.9,43.0
2023-11-02 17:24:01,0.0,40.0,869.0,23.9,42.0
2023-11-02 17:34:00,0.0,6.0,862.0,23.9,42.0
2023-11-02 17:44:00,0.0,6.0,841.0,23.9,42.0
2023-11-02 17:54:00,1.0,0.0,865.0,23.8,42.0
2023-11-02 18:04:00,0.0,0.0,798.0,23.8,42.0
2023-11-02 18:14:00,0.0,0.0,760.0,23.8,42.0
2023-11-02 18:24:00,0.0,0.0,748.0,23.9,42.0
2023-11-02 18:34:00,0.0,0.0,735.0,23.8,41.0
2023-11-02 18:44:00,0.0,0.0,736.0,23.8,41.0
2023-11-02 18:54:00,0.0,0.0,735.0,23.8,41.0
2023-11-02 19:03:59,0.0,0.0,716.0,23.9,41.0
2023-11-02 19:13:59,0.0,0.0,703.0,23.8,42.0
2023-11-02 19:23:59,0.0,0.0,696.0,23.8,41.0
2023-11-02 19:33:59,0.0,0.0,691.0,23.8,41.0
2023-11-02 19:43:59,0.0,0.0,663.0,23.8,41.0
2023-11-02 19:53:59,0.0,0.0,671.0,23.8,41.0
2023-11-02 20:03:59,0.0,0.0,649.0,23.8,41.0
2023-11-02 20:13:59,0.0,0.0,645.0,23.8,41.0
2023-11-02 20:23:59,0.0,0.0,644.0,23.8,41.0
2023-11-02 20:33:59,0.0,0.0,638.0,23.8,41.0
2023-11-02 20:43:59,0.0,0.0,632.0,23.8,41.0
2023-11-02 20:53:59,0.0,0.0,613.0,23.8,41.0
2023-11-02 21:03:59,0.0,0.0,622.0,23.8,41.0
2023-11-02 21:13:59,0.0,0.0,606.0,23.8,41.0
2023-11-02 21:23:59,0.0,0.0,617.0,23.8,41.0
2023-11-02 21:33:59,0.0,0.0,602.0,23.8,41.0
2023-11-02 21:43:59,0.0,0.0,611.0,23.8,41.0
2023-11-02 21:53:59,0.0,0.0,592.0,23.8,41.0
2023-11-02 22:03:59,0.0,0.0,587.0,23.8,41.0
2023-11-02 22:13:59,0.0,0.0,580.0,23.8,41.0
2023-11-02 22:23:59,0.0,0.0,558.0,23.7,41.0
2023-11-02 22:33:59,0.0,0.0,569.0,23.7,41.0
2023-11-02 22:43:59,0.0,0.0,556.0,23.8,41.0
2023-11-02 22:53:58,0.0,0.0,568.0,23.8,41.0
2023-11-02 23:03:58,0.0,0.0,557.0,23.7,41.0
2023-11-02 23:13:58,0.0,0.0,543.0,23.8,41.0
2023-11-02 23:23:58,0.0,0.0,549.0,23.8,41.0
2023-11-02 23:33:58,0.0,0.0,536.0,23.7,41.0
2023-11-02 23:43:58,0.0,0.0,525.0,23.7,41.0
2023-11-02 23:53:58,0.0,0.0,543.0,23.7,41.0
2023-11-03 00:03:58,0.0,0.0,547.0,23.8,41.0
2023-11-03 00:13:58,0.0,0.0,525.0,23.7,41.0
2023-11-03 00:23:58,1.0,0.0,539.0,23.7,41.0
2023-11-03 00:33:58,0.0,0.0,504.0,23.7,41.0
2023-11-03 00:43:58,0.0,0.0,508.0,23.7,41.0
2023-11-03 00:53:58,0.0,0.0,514.0,23.7,41.0
2023-11-03 01:03:58,0.0,0.0,516.0,23.7,41.0
2023-11-03 01:13:58,0.0,0.0,506.0,23.7,41.0
2023-11-03 01:23:58,0.0,0.0,509.0,23.7,41.0
2023-11-03 01:33:58,0.0,0.0,508.0,23.7,41.0
2023-11-03 01:43:58,0.0,0.0,496.0,23.7,41.0
2023-11-03 01:53:58,0.0,0.0,514.0,23.7,41.0
2023-11-03 02:03:58,0.0,0.0,508.0,23.7,41.0
2023-11-03 02:13:58,0.0,0.0,505.0,23.7,41.0
2023-11-03 02:23:58,0.0,0.0,509.0,23.7,41.0
2023-11-03 02:33:58,0.0,0.0,503.0,23.7,41.0
2023-11-03 02:43:57,0.0,0.0,497.0,23.7,41.0
2023-11-03 02:53:58,0.0,0.0,487.0,23.7,41.0
2023-11-03 03:03:57,0.0,0.0,487.0,23.7,41.0
2023-11-03 03:13:57,1.0,33.0,494.0,23.7,41.0
2023-11-03 03:23:57,0.0,33.0,479.0,23.7,41.0
2023-11-03 03:33:57,0.0,0.0,486.0,23.7,41.0
2023-11-03 03:43:57,0.0,0.0,486.0,23.7,41.0
2023-11-03 03:53:57,0.0,0.0,482.0,23.7,41.0
2023-11-03 04:03:57,0.0,0.0,488.0,23.7,41.0
2023-11-03 04:13:57,0.0,30.0,475.0,23.7,41.0
2023-11-03 04:23:57,0.0,33.0,494.0,23.7,41.0
2023-11-03 04:33:57,0.0,0.0,489.0,23.7,41.0
2023-11-03 04:43:57,0.0,0.0,474.0,23.7,41.0
2023-11-03 04:53:57,0.0,0.0,481.0,23.8,41.0
2023-11-03 05:03:58,0.0,0.0,498.0,23.8,41.0
2023-11-03 05:13:57,0.0,0.0,466.0,23.7,41.0
2023-11-03 05:23:57,0.0,0.0,460.0,23.7,41.0
2023-11-03 05:33:57,0.0,0.0,476.0,23.7,41.0
2023-11-03 05:43:57,0.0,0.0,465.0,23.7,41.0
2023-11-03 05:53:57,0.0,0.0,491.0,23.7,41.0
2023-11-03 06:03:57,0.0,0.0,465.0,23.7,41.0
2023-11-03 06:13:57,0.0,0.0,476.0,23.7,41.0
2023-11-03 06:23:57,0.0,0.0,467.0,23.6,41.0
2023-11-03 06:33:57,1.0,0.0,480.0,23.7,41.0
2023-11-03 06:43:56,0.0,0.0,475.0,23.7,41.0
2023-11-03 06:53:56,0.0,0.0,458.0,23.7,41.0
2023-11-03 07:03:56,0.0,3.0,460.0,23.7,41.0
2023-11-03 07:13:56,0.0,26.0,460.0,23.7,41.0
2023-11-03 07:23:56,1.0,33.0,482.0,23.6,41.0
2023-11-03 07:33:56,2.0,40.0,513.0,23.6,41.0
2023-11-03 07:43:56,1.0,40.0,541.0,23.5,42.0
2023-11-03 07:53:56,4.0,40.0,575.0,23.6,42.0
2023-11-03 08:03:56,3.0,40.0,572.0,23.5,42.0
2023-11-03 08:13:56,1.0,43.0,629.0,23.5,43.0
2023-11-03 08:23:56,3.0,40.0,600.0,23.5,42.0
2023-11-03 08:33:56,8.0,43.0,632.0,23.5,43.0
2023-11-03 08:43:56,2.0,43.0,648.0,23.6,43.0
2023-11-03 08:53:56,6.0,43.0,728.0,23.6,43.0
2023-11-03 09:03:56,23.0,50.0,681.0,23.4,44.0
2023-11-03 09:13:56,7.0,50.0,669.0,23.4,43.0
2023-11-03 09:23:56,7.0,50.0,674.0,23.4,43.0
2023-11-03 09:33:56,1.0,47.0,681.0,23.5,43.0
2023-11-03 09:43:56,6.0,50.0,697.0,23.5,43.0
2023-11-03 09:53:56,6.0,47.0,696.0,23.4,43.0
2023-11-03 10:03:56,6.0,47.0,722.0,23.5,43.0
2023-11-03 10:13:56,1.0,50.0,709.0,23.5,43.0
2023-11-03 10:23:56,6.0,53.0,862.0,23.5,43.0
2023-11-03 10:33:55,3.0,57.0,779.0,23.5,43.0
2023-11-03 10:43:55,2.0,57.0,793.0,23.5,43.0
2023-11-03 10:53:56,2.0,50.0,826.0,23.5,42.0
2023-11-03 11:03:55,2.0,53.0,772.0,23.5,42.0
2023-11-03 11:13:55,6.0,50.0,779.0,23.4,42.0
2023-11-03 11:23:55,1.0,50.0,761.0,23.5,42.0
2023-11-03 11:33:55,0.0,47.0,747.0,23.5,42.0
2023-11-03 11:43:55,0.0,47.0,737.0,23.5,42.0
2023-11-03 11:53:55,0.0,47.0,707.0,23.5,42.0
2023-11-03 12:03:55,8.0,47.0,770.0,23.5,42.0
2023-11-03 12:13:55,6.0,50.0,739.0,23.5,42.0
2023-11-03 12:23:55,2.0,47.0,731.0,23.5,42.0
2023-11-03 12:33:55,6.0,47.0,833.0,23.5,42.0
2023-11-03 12:43:55,4.0,47.0,834.0,23.5,42.0
2023-11-03 12:53:55,1.0,47.0,884.0,23.5,43.0
2023-11-03 13:03:56,8.0,47.0,965.0,23.6,43.0
2023-11-03 13:13:55,4.0,47.0,983.0,23.6,43.0
2023-11-03 13:23:55,2.0,47.0,963.0,23.6,43.0
2023-11-03 13:33:55,4.0,47.0,950.0,23.6,43.0
2023-11-03 13:43:55,0.0,47.0,951.0,23.6,43.0
2023-11-03 13:53:55,2.0,47.0,1004.0,23.6,43.0
2023-11-03 14:03:55,5.0,43.0,989.0,23.6,43.0
2023-11-03 14:13:55,7.0,43.0,976.0,23.6,43.0
2023-11-03 14:23:55,0.0,40.0,966.0,23.6,43.0
2023-11-03 14:33:54,1.0,40.0,997.0,23.6,43.0
2023-11-03 14:43:54,1.0,43.0,1007.0,23.6,43.0
2023-11-03 14:53:54,6.0,43.0,1085.0,23.6,43.0
2023-11-03 15:03:54,0.0,43.0,1054.0,23.6,43.0
2023-11-03 15:13:54,11.0,37.0,1247.0,23.6,44.0
2023-11-03 15:23:54,6.0,40.0,1424.0,23.6,44.0
2023-11-03 15:33:54,1.0,40.0,1258.0,23.7,44.0
2023-11-03 15:43:54,0.0,40.0,1310.0,23.6,44.0
2023-11-03 15:53:54,0.0,40.0,1320.0,23.6,44.0
2023-11-03 16:03:54,2.0,40.0,1247.0,23.6,44.0
2023-11-03 16:13:54,2.0,40.0,1190.0,23.6,44.0
2023-11-03 16:23:54,4.0,33.0,1042.0,23.6,43.0
2023-11-03 16:33:54,0.0,33.0,1008.0,23.6,43.0
2023-11-03 16:43:54,0.0,33.0,990.0,23.6,43.0
2023-11-03 16:53:54,0.0,33.0,1080.0,23.7,43.0
2023-11-03 17:03:54,0.0,33.0,1027.0,23.7,43.0
2023-11-03 17:13:54,0.0,33.0,934.0,23.7,42.0
2023-11-03 17:23:54,0.0,33.0,878.0,23.7,42.0
2023-11-03 17:33:54,0.0,0.0,861.0,23.7,42.0
2023-11-03 17:43:54,0.0,33.0,823.0,23.7,42.0
2023-11-03 17:53:54,0.0,33.0,811.0,23.7,42.0
2023-11-03 18:03:54,0.0,0.0,786.0,23.7,42.0
2023-11-03 18:13:54,0.0,0.0,748.0,23.7,42.0
2023-11-03 18:23:53,0.0,0.0,766.0,23.7,42.0
2023-11-03 18:33:53,0.0,0.0,730.0,23.7,42.0
2023-11-03 18:43:53,0.0,0.0,743.0,23.7,42.0
2023-11-03 18:53:54,0.0,0.0,708.0,23.8,41.0
2023-11-03 19:03:53,0.0,0.0,681.0,23.7,41.0
2023-11-03 19:13:53,0.0,0.0,682.0,23.7,41.0
2023-11-03 19:23:53,0.0,0.0,667.0,23.7,41.0
2023-11-03 19:33:53,0.0,0.0,661.0,23.7,41.0
2023-11-03 19:43:53,0.0,0.0,664.0,23.7,41.0
2023-11-03 19:53:53,0.0,0.0,640.0,23.7,41.0
2023-11-03 20:03:53,0.0,0.0,633.0,23.7,41.0
2023-11-03 20:13:53,0.0,0.0,637.0,23.7,41.0
2023-11-03 20:23:53,0.0,0.0,637.0,23.7,41.0
2023-11-03 20:33:53,0.0,0.0,618.0,23.7,41.0
2023-11-03 20:43:53,0.0,0.0,597.0,23.7,41.0
2023-11-03 20:53:53,0.0,0.0,618.0,23.7,41.0
2023-11-03 21:03:53,0.0,0.0,613.0,23.7,41.0
2023-11-03 21:13:53,0.0,0.0,593.0,23.7,41.0
2023-11-03 21:23:53,0.0,0.0,588.0,23.7,41.0
2023-11-03 21:33:53,0.0,0.0,575.0,23.7,41.0
2023-11-03 21:43:53,0.0,0.0,586.0,23.7,41.0
2023-11-03 21:53:53,0.0,0.0,566.0,23.7,41.0
2023-11-03 22:03:53,0.0,0.0,564.0,23.7,41.0
2023-11-03 22:13:53,0.0,0.0,578.0,23.7,41.0
2023-11-03 22:23:52,0.0,0.0,542.0,23.7,41.0
2023-11-03 22:33:52,1.0,0.0,575.0,23.7,41.0
2023-11-03 22:43:52,0.0,0.0,546.0,23.7,41.0
2023-11-03 22:53:52,0.0,0.0,549.0,23.7,41.0
2023-11-03 23:03:52,0.0,0.0,553.0,23.7,40.0
2023-11-03 23:13:52,0.0,0.0,543.0,23.7,41.0
2023-11-03 23:23:52,0.0,0.0,546.0,23.7,40.0
2023-11-03 23:33:52,0.0,0.0,522.0,23.7,41.0
2023-11-03 23:43:52,0.0,0.0,538.0,23.7,40.0
2023-11-03 23:53:52,0.0,0.0,539.0,23.7,40.0
2023-11-04 00:03:52,0.0,0.0,528.0,23.7,40.0
2023-11-04 00:13:52,0.0,0.0,547.0,23.6,40.0
2023-11-04 00:23:52,0.0,0.0,525.0,23.7,40.0
2023-11-04 00:33:52,0.0,0.0,534.0,23.7,40.0
2023-11-04 00:43:52,0.0,0.0,524.0,23.7,40.0
2023-11-04 00:53:52,0.0,0.0,521.0,23.7,40.0
2023-11-04 01:03:52,0.0,0.0,532.0,23.7,40.0
2023-11-04 01:13:52,0.0,0.0,515.0,23.7,40.0
2023-11-04 01:23:52,0.0,0.0,506.0,23.7,40.0
2023-11-04 01:33:52,0.0,0.0,520.0,23.7,40.0
2023-11-04 01:43:52,0.0,0.0,527.0,23.7,40.0
2023-11-04 01:53:52,0.0,0.0,525.0,23.7,40.0
2023-11-04 02:03:52,0.0,0.0,505.0,23.7,40.0
2023-11-04 02:13:51,0.0,0.0,507.0,23.7,40.0
2023-11-04 02:23:51,0.0,0.0,514.0,23.7,40.0
2023-11-04 02:33:51,0.0,0.0,502.0,23.7,40.0
2023-11-04 02:43:52,0.0,0.0,518.0,23.7,40.0
2023-11-04 02:53:51,0.0,0.0,513.0,23.7,40.0
2023-11-04 03:03:51,0.0,0.0,495.0,23.7,40.0
2023-11-04 03:13:51,0.0,0.0,508.0,23.7,40.0
2023-11-04 03:23:51,0.0,0.0,510.0,23.7,40.0
2023-11-04 03:33:51,0.0,0.0,481.0,23.7,40.0
2023-11-04 03:43:52,0.0,0.0,496.0,23.7,40.0
2023-11-04 03:53:51,0.0,0.0,510.0,23.7,40.0
2023-11-04 04:03:51,0.0,0.0,498.0,23.7,40.0
2023-11-04 04:13:51,0.0,0.0,497.0,23.7,40.0
2023-11-04 04:23:51,0.0,0.0,491.0,23.7,40.0
2023-11-04 04:33:51,0.0,0.0,505.0,23.7,40.0
2023-11-04 04:43:51,2.0,33.0,497.0,23.7,40.0
2023-11-04 04:53:51,0.0,33.0,484.0,23.8,40.0
2023-11-04 05:03:51,0.0,0.0,483.0,23.8,40.0
2023-11-04 05:13:51,0.0,0.0,482.0,23.8,40.0
2023-11-04 05:23:51,0.0,0.0,482.0,23.7,40.0
2023-11-04 05:33:51,0.0,0.0,489.0,23.8,40.0
2023-11-04 05:43:51,0.0,0.0,489.0,23.8,40.0
2023-11-04 05:53:51,0.0,0.0,479.0,23.8,40.0
2023-11-04 06:03:51,0.0,0.0,486.0,23.7,40.0
2023-11-04 06:13:50,0.0,0.0,489.0,23.8,40.0
2023-11-04 06:23:50,0.0,0.0,483.0,23.7,40.0
2023-11-04 06:33:50,0.0,3.0,491.0,23.8,40.0
2023-11-04 06:43:50,0.0,3.0,478.0,23.8,40.0
2023-11-04 06:53:50,0.0,3.0,484.0,23.8,40.0
2023-11-04 07:03:50,0.0,3.0,478.0,23.7,40.0
2023-11-04 07:13:50,0.0,3.0,473.0,23.8,40.0
2023-11-04 07:23:50,0.0,3.0,470.0,23.8,40.0
2023-11-04 07:33:50,0.0,3.0,484.0,23.8,40.0
2023-11-04 07:43:50,0.0,3.0,494.0,23.8,40.0
2023-11-04 07:53:50,1.0,3.0,458.0,23.7,40.0
2023-11-04 08:03:50,0.0,3.0,490.0,23.7,40.0
2023-11-04 08:13:50,0.0,3.0,474.0,23.7,40.0
2023-11-04 08:23:50,0.0,3.0,458.0,23.8,40.0
2023-11-04 08:33:50,0.0,3.0,464.0,23.7,40.0
2023-11-04 08:43:50,0.0,3.0,473.0,23.7,40.0
2023-11-04 08:53:50,0.0,3.0,487.0,23.8,40.0
2023-11-04 09:03:50,0.0,3.0,473.0,23.7,40.0
2023-11-04 09:13:50,0.0,3.0,474.0,23.8,40.0
2023-11-04 09:23:50,0.0,3.0,478.0,23.8,40.0
2023-11-04 09:33:50,0.0,3.0,481.0,23.8,40.0
2023-11-04 09:43:50,0.0,3.0,490.0,23.7,40.0
2023-11-04 09:53:50,0.0,3.0,463.0,23.8,40.0
2023-11-04 10:03:49,0.0,3.0,476.0,23.7,40.0
2023-11-04 10:13:49,0.0,3.0,469.0,23.8,40.0
2023-11-04 10:23:49,0.0,3.0,485.0,23.8,40.0
2023-11-04 10:33:49,0.0,3.0,462.0,23.8,40.0
2023-11-04 10:43:49,0.0,6.0,472.0,23.8,40.0
2023-11-04 10:53:49,0.0,6.0,466.0,23.8,40.0
2023-11-04 11:03:49,0.0,3.0,484.0,23.8,40.0
2023-11-04 11:13:49,0.0,3.0,475.0,23.8,40.0
2023-11-04 11:23:49,0.0,3.0,473.0,23.8,40.0
2023-11-04 11:33:49,0.0,6.0,486.0,23.8,40.0
2023-11-04 11:43:49,2.0,6.0,484.0,23.7,40.0
2023-11-04 11:53:49,0.0,6.0,502.0,23.8,40.0
2023-11-04 12:03:49,2.0,3.0,520.0,23.8,40.0
2023-11-04 12:13:49,0.0,3.0,519.0,23.8,40.0
2023-11-04 12:23:49,0.0,3.0,529.0,23.8,40.0
2023-11-04 12:33:49,0.0,6.0,518.0,23.8,40.0
2023-11-04 12:43:49,0.0,3.0,534.0,23.8,40.0
2023-11-04 12:53:49,0.0,3.0,533.0,23.7,40.0
2023-11-04 13:03:49,0.0,3.0,533.0,23.8,40.0
2023-11-04 13:13:49,0.0,3.0,528.0,23.8,40.0
2023-11-04 13:23:49,2.0,3.0,535.0,23.8,40.0
2023-11-04 13:33:49,0.0,3.0,527.0,23.8,40.0
2023-11-04 13:43:49,0.0,3.0,535.0,23.7,40.0
2023-11-04 13:53:49,2.0,3.0,543.0,23.8,40.0
2023-11-04 14:03:48,2.0,37.0,546.0,23.8,40.0
2023-11-04 14:13:48,0.0,37.0,542.0,23.8,40.0
2023-11-04 14:23:48,2.0,3.0,525.0,23.8,40.0
2023-11-04 14:33:48,0.0,3.0,527.0,23.8,40.0
2023-11-04 14:43:48,0.0,3.0,531.0,23.8,40.0
2023-11-04 14:53:48,0.0,3.0,532.0,23.8,40.0
2023-11-04 15:03:48,0.0,3.0,535.0,23.7,40.0
2023-11-04 15:13:48,0.0,3.0,547.0,23.8,40.0
2023-11-04 15:23:48,0.0,3.0,543.0,23.8,39.0
2023-11-04 15:33:48,0.0,3.0,544.0,23.8,39.0
2023-11-04 15:43:48,0.0,3.0,534.0,23.8,39.0
2023-11-04 15:53:48,1.0,33.0,536.0,23.8,39.0
2023-11-04 16:03:48,0.0,33.0,542.0,23.7,39.0
2023-11-04 16:13:48,0.0,0.0,535.0,23.8,39.0
2023-11-04 16:23:48,0.0,0.0,535.0,23.8,39.0
2023-11-04 16:33:48,0.0,0.0,507.0,23.8,39.0
2023-11-04 16:43:48,0.0,0.0,516.0,23.8,39.0
2023-11-04 16:53:48,0.0,0.0,524.0,23.8,39.0
2023-11-04 17:03:48,2.0,33.0,530.0,23.8,39.0
2023-11-04 17:13:48,2.0,37.0,529.0,23.8,39.0
2023-11-04 17:23:48,0.0,33.0,545.0,23.8,39.0
2023-11-04 17:33:48,0.0,33.0,515.0,23.9,39.0
2023-11-04 17:43:48,0.0,0.0,522.0,23.8,39.0
2023-11-04 17:53:48,0.0,0.0,517.0,23.8,39.0
2023-11-04 18:03:47,0.0,0.0,495.0,23.8,39.0
2023-11-04 18:13:47,0.0,0.0,496.0,23.8,39.0
2023-11-04 18:23:47,0.0,0.0,484.0,23.8,39.0
2023-11-04 18:33:47,0.0,0.0,494.0,23.8,39.0
2023-11-04 18:43:47,0.0,0.0,480.0,23.8,39.0
2023-11-04 18:53:47,0.0,0.0,499.0,23.8,39.0
2023-11-04 19:03:47,0.0,0.0,483.0,23.8,39.0
2023-11-04 19:13:47,0.0,0.0,484.0,23.8,39.0
2023-11-04 19:23:47,0.0,0.0,474.0,23.8,39.0
2023-11-04 19:33:47,0.0,0.0,467.0,23.8,39.0
2023-11-04 19:43:47,0.0,0.0,470.0,23.8,39.0
2023-11-04 19:53:47,0.0,0.0,459.0,23.8,39.0
2023-11-04 20:03:47,0.0,0.0,462.0,23.8,39.0
2023-11-04 20:13:47,0.0,0.0,459.0,23.7,39.0
2023-11-04 20:23:47,0.0,0.0,443.0,23.7,39.0
2023-11-04 20:33:47,0.0,0.0,458.0,23.7,39.0
2023-11-04 20:43:47,0.0,0.0,451.0,23.8,39.0
2023-11-04 20:53:47,0.0,0.0,441.0,23.8,39.0
2023-11-04 21:03:47,0.0,0.0,447.0,23.8,39.0
2023-11-04 21:13:47,0.0,0.0,442.0,23.7,39.0
2023-11-04 21:23:47,0.0,0.0,443.0,23.8,39.0
2023-11-04 21:33:47,0.0,0.0,441.0,23.7,39.0
2023-11-04 21:43:47,0.0,0.0,440.0,23.7,39.0
2023-11-04 21:53:46,0.0,0.0,438.0,23.8,39.0
2023-11-04 22:03:46,0.0,0.0,443.0,23.8,39.0
2023-11-04 22:13:46,0.0,0.0,448.0,23.8,39.0
2023-11-04 22:23:46,0.0,0.0,441.0,23.7,39.0
2023-11-04 22:33:46,0.0,0.0,439.0,23.8,39.0
2023-11-04 22:43:46,0.0,0.0,419.0,23.7,39.0
2023-11-04 22:53:46,0.0,0.0,435.0,23.8,39.0
2023-11-04 23:03:46,0.0,0.0,412.0,23.8,39.0
2023-11-04 23:13:46,0.0,0.0,444.0,23.7,39.0
2023-11-04 23:23:46,0.0,0.0,420.0,23.7,39.0
2023-11-04 23:33:46,0.0,0.0,441.0,23.8,39.0
2023-11-04 23:43:46,0.0,0.0,429.0,23.8,39.0
2023-11-04 23:53:46,0.0,0.0,424.0,23.8,39.0
2023-11-05 00:03:46,0.0,0.0,419.0,23.8,39.0
2023-11-05 00:13:46,0.0,0.0,433.0,23.7,39.0
2023-11-05 00:23:46,0.0,0.0,416.0,23.7,39.0
2023-11-05 00:33:46,0.0,0.0,424.0,23.7,39.0
2023-11-05 00:43:46,0.0,0.0,445.0,23.8,39.0
2023-11-05 00:53:46,0.0,0.0,412.0,23.7,39.0
2023-11-05 01:03:46,0.0,0.0,412.0,23.7,39.0
2023-11-05 01:13:46,0.0,0.0,420.0,23.7,39.0
2023-11-05 01:23:46,0.0,0.0,425.0,23.7,39.0
2023-11-05 01:33:46,0.0,0.0,417.0,23.7,39.0
2023-11-05 01:43:45,0.0,0.0,421.0,23.8,38.0
2023-11-05 01:53:45,0.0,0.0,433.0,23.8,39.0
2023-11-05 02:03:45,0.0,0.0,424.0,23.7,39.0
2023-11-05 02:13:45,0.0,0.0,417.0,23.8,39.0
2023-11-05 02:23:45,0.0,0.0,433.0,23.8,38.0
2023-11-05 02:33:45,0.0,0.0,419.0,23.7,39.0
2023-11-05 02:43:45,0.0,0.0,425.0,23.7,39.0
2023-11-05 02:53:45,0.0,0.0,434.0,23.7,38.0
2023-11-05 03:03:45,0.0,0.0,431.0,23.7,39.0
2023-11-05 03:13:45,0.0,0.0,415.0,23.7,39.0
2023-11-05 03:23:45,0.0,0.0,419.0,23.8,39.0
2023-11-05 03:33:45,0.0,0.0,421.0,23.7,39.0
2023-11-05 03:43:45,0.0,0.0,420.0,23.8,38.0
2023-11-05 03:53:45,0.0,0.0,438.0,23.7,39.0
2023-11-05 04:03:45,1.0,33.0,419.0,23.7,39.0
2023-11-05 04:13:45,0.0,33.0,426.0,23.7,39.0
2023-11-05 04:23:45,0.0,0.0,419.0,23.7,39.0
2023-11-05 04:33:45,0.0,0.0,415.0,23.8,39.0
2023-11-05 04:43:45,0.0,0.0,433.0,23.7,39.0
2023-11-05 04:53:45,0.0,0.0,418.0,23.8,39.0
2023-11-05 05:03:45,0.0,0.0,415.0,23.8,39.0
2023-11-05 05:13:45,0.0,0.0,415.0,23.8,39.0
2023-11-05 05:23:45,0.0,0.0,413.0,23.8,39.0
2023-11-05 05:33:45,0.0,0.0,427.0,23.7,39.0
2023-11-05 05:43:45,0.0,0.0,426.0,23.8,39.0
2023-11-05 05:53:44,0.0,0.0,403.0,23.7,38.0
2023-11-05 06:03:44,0.0,0.0,410.0,23.8,39.0
2023-11-05 06:13:44,0.0,0.0,414.0,23.7,39.0
2023-11-05 06:23:44,0.0,0.0,414.0,23.8,39.0
2023-11-05 06:33:44,0.0,0.0,422.0,23.7,39.0
2023-11-05 06:43:44,0.0,0.0,416.0,23.8,38.0
2023-11-05 06:53:44,0.0,0.0,411.0,23.7,38.0
2023-11-05 07:03:44,0.0,0.0,419.0,23.7,38.0
2023-11-05 07:13:44,0.0,0.0,404.0,23.7,39.0
2023-11-05 07:23:44,0.0,0.0,423.0,23.7,39.0
2023-11-05 07:33:44,0.0,0.0,412.0,23.7,39.0
2023-11-05 07:43:44,0.0,0.0,419.0,23.7,39.0
2023-11-05 07:53:44,0.0,3.0,413.0,23.8,39.0
2023-11-05 08:03:44,0.0,3.0,418.0,23.7,39.0
2023-11-05 08:13:44,1.0,0.0,421.0,23.8,39.0
2023-11-05 08:23:44,0.0,3.0,416.0,23.7,38.0
2023-11-05 08:33:44,0.0,3.0,411.0,23.7,38.0
2023-11-05 08:43:44,0.0,3.0,416.0,23.8,38.0
2023-11-05 08:53:44,0.0,3.0,404.0,23.7,38.0
2023-11-05 09:03:44,0.0,3.0,407.0,23.7,38.0
2023-11-05 09:13:44,0.0,3.0,405.0,23.7,38.0
2023-11-05 09:23:44,0.0,3.0,421.0,23.7,38.0
2023-11-05 09:33:43,0.0,3.0,405.0,23.7,39.0
2023-11-05 09:43:43,0.0,3.0,428.0,23.7,38.0
2023-11-05 09:53:43,0.0,3.0,418.0,23.7,39.0
2023-11-05 10:03:43,0.0,3.0,415.0,23.7,39.0
2023-11-05 10:13:43,0.0,3.0,411.0,23.7,39.0
2023-11-05 10:23:43,0.0,3.0,397.0,23.7,38.0
2023-11-05 10:33:43,0.0,3.0,398.0,23.8,39.0
2023-11-05 10:43:43,0.0,3.0,392.0,23.7,39.0
2023-11-05 10:53:43,0.0,3.0,410.0,23.7,39.0
2023-11-05 11:03:43,0.0,6.0,415.0,23.7,39.0
2023-11-05 11:13:43,0.0,3.0,408.0,23.7,39.0
2023-11-05 11:23:43,0.0,3.0,412.0,23.8,39.0
2023-11-05 11:33:43,0.0,3.0,410.0,23.8,39.0
2023-11-05 11:43:43,0.0,3.0,426.0,23.7,39.0
2023-11-05 11:53:43,0.0,3.0,448.0,23.7,39.0
2023-11-05 12:03:43,0.0,3.0,441.0,23.7,39.0
2023-11-05 12:13:43,2.0,33.0,455.0,23.8,39.0
2023-11-05 12:23:43,0.0,37.0,441.0,23.8,39.0
2023-11-05 12:33:43,0.0,3.0,455.0,23.8,39.0
2023-11-05 12:43:43,0.0,3.0,462.0,23.7,39.0
2023-11-05 12:53:43,2.0,37.0,461.0,23.8,39.0
2023-11-05 13:03:43,0.0,37.0,463.0,23.7,39.0
2023-11-05 13:13:43,0.0,3.0,477.0,23.7,39.0
2023-11-05 13:23:43,0.0,3.0,477.0,23.7,39.0
2023-11-05 13:33:42,2.0,3.0,467.0,23.8,39.0
2023-11-05 13:43:43,0.0,3.0,458.0,23.8,39.0
2023-11-05 13:53:42,0.0,3.0,462.0,23.7,39.0
2023-11-05 14:03:42,0.0,3.0,465.0,23.8,39.0
2023-11-05 14:13:42,0.0,3.0,446.0,23.7,39.0
2023-11-05 14:23:42,0.0,3.0,472.0,23.7,39.0
2023-11-05 14:33:42,0.0,3.0,441.0,23.7,39.0
2023-11-05 14:43:42,2.0,30.0,475.0,23.7,39.0
2023-11-05 14:53:42,2.0,33.0,477.0,23.8,39.0
2023-11-05 15:03:42,0.0,0.0,501.0,23.8,39.0
2023-11-05 15:13:42,0.0,0.0,486.0,23.7,39.0
2023-11-05 15:23:42,0.0,0.0,488.0,23.7,39.0
2023-11-05 15:33:42,0.0,0.0,493.0,23.7,39.0
2023-11-05 15:43:42,0.0,0.0,495.0,23.8,39.0
2023-11-05 15:53:42,0.0,0.0,513.0,23.7,39.0
2023-11-05 16:03:42,0.0,3.0,548.0,23.7,40.0
2023-11-05 16:13:42,0.0,3.0,517.0,23.7,40.0
2023-11-05 16:23:42,0.0,3.0,529.0,23.7,40.0
2023-11-05 16:33:42,0.0,3.0,524.0,23.7,40.0
2023-11-05 16:43:42,0.0,3.0,539.0,23.7,40.0
2023-11-05 16:53:42,0.0,3.0,530.0,23.8,40.0
2023-11-05 17:03:42,2.0,30.0,535.0,23.7,40.0
2023-11-05 17:13:42,0.0,33.0,491.0,23.7,40.0
2023-11-05 17:23:41,0.0,0.0,496.0,23.8,40.0
2023-11-05 17:33:41,0.0,0.0,476.0,23.7,39.0
2023-11-05 17:43:41,0.0,0.0,465.0,23.7,39.0
2023-11-05 17:53:41,0.0,0.0,474.0,23.7,39.0
2023-11-05 18:03:41,0.0,0.0,461.0,23.7,39.0
2023-11-05 18:13:41,0.0,0.0,465.0,23.7,39.0
2023-11-05 18:23:41,0.0,0.0,458.0,23.7,39.0
2023-11-05 18:33:41,0.0,0.0,440.0,23.8,39.0
2023-11-05 18:43:41,0.0,0.0,442.0,23.7,39.0
2023-11-05 18:53:41,0.0,0.0,444.0,23.7,39.0
2023-11-05 19:03:41,0.0,0.0,449.0,23.7,39.0
2023-11-05 19:13:41,0.0,0.0,445.0,23.7,39.0
2023-11-05 19:23:41,0.0,0.0,436.0,23.7,39.0
2023-11-05 19:33:41,0.0,0.0,433.0,23.7,39.0
2023-11-05 19:43:41,0.0,0.0,424.0,23.7,39.0
2023-11-05 19:53:41,0.0,0.0,437.0,23.7,39.0
2023-11-05 20:03:41,0.0,0.0,433.0,23.7,39.0
2023-11-05 20:13:41,0.0,0.0,432.0,23.7,39.0
2023-11-05 20:23:41,0.0,0.0,424.0,23.7,39.0
2023-11-05 20:33:41,0.0,0.0,431.0,23.7,39.0
2023-11-05 20:43:41,0.0,0.0,434.0,23.6,39.0
2023-11-05 20:53:41,0.0,0.0,419.0,23.7,39.0
2023-11-05 21:03:41,0.0,0.0,421.0,23.7,39.0
2023-11-05 21:13:41,0.0,0.0,418.0,23.7,39.0
2023-11-05 21:23:40,0.0,0.0,422.0,23.7,39.0
2023-11-05 21:33:40,0.0,0.0,416.0,23.7,39.0
2023-11-05 21:43:41,0.0,0.0,408.0,23.7,39.0
2023-11-05 21:53:40,0.0,0.0,421.0,23.7,39.0
2023-11-05 22:03:40,0.0,0.0,406.0,23.7,39.0
2023-11-05 22:13:40,0.0,0.0,403.0,23.7,39.0
2023-11-05 22:23:40,0.0,0.0,403.0,23.7,39.0
2023-11-05 22:33:40,0.0,0.0,402.0,23.7,39.0
2023-11-05 22:43:40,0.0,0.0,417.0,23.7,39.0
2023-11-05 22:53:40,0.0,0.0,422.0,23.7,39.0
2023-11-05 23:03:40,0.0,0.0,393.0,23.7,39.0
2023-11-05 23:13:40,0.0,0.0,420.0,23.7,39.0
2023-11-05 23:23:40,0.0,0.0,410.0,23.6,39.0
2023-11-05 23:33:40,0.0,0.0,413.0,23.7,39.0
2023-11-05 23:43:40,0.0,0.0,420.0,23.7,39.0
2023-11-05 23:53:40,0.0,0.0,402.0,23.7,40.0
2023-11-06 00:03:40,0.0,0.0,404.0,23.7,39.0
2023-11-06 00:13:40,0.0,0.0,411.0,23.6,39.0
2023-11-06 00:23:40,0.0,0.0,418.0,23.7,39.0
2023-11-06 00:33:40,0.0,0.0,399.0,23.7,40.0
2023-11-06 00:43:40,0.0,0.0,402.0,23.7,40.0
2023-11-06 00:53:40,0.0,0.0,404.0,23.7,40.0
2023-11-06 01:03:40,0.0,0.0,421.0,23.7,39.0
2023-11-06 01:13:39,0.0,0.0,406.0,23.7,40.0
2023-11-06 01:23:39,0.0,0.0,414.0,23.6,40.0
2023-11-06 01:33:39,0.0,0.0,411.0,23.7,40.0
2023-11-06 01:43:39,0.0,0.0,403.0,23.7,40.0
2023-11-06 01:53:39,0.0,0.0,413.0,23.7,40.0
2023-11-06 02:03:39,0.0,0.0,397.0,23.7,40.0
2023-11-06 02:13:39,0.0,0.0,409.0,23.7,40.0
2023-11-06 02:23:39,0.0,0.0,401.0,23.7,40.0
2023-11-06 02:33:39,0.0,0.0,401.0,23.7,40.0
2023-11-06 02:43:39,0.0,0.0,420.0,23.7,40.0
2023-11-06 02:53:39,0.0,0.0,409.0,23.6,40.0
2023-11-06 03:03:39,0.0,0.0,397.0,23.6,40.0
2023-11-06 03:13:39,0.0,0.0,399.0,23.7,40.0
2023-11-06 03:23:39,0.0,0.0,406.0,23.7,40.0
2023-11-06 03:33:39,0.0,0.0,417.0,23.7,40.0
2023-11-06 03:43:39,0.0,0.0,406.0,23.7,40.0
2023-11-06 03:53:39,0.0,0.0,410.0,23.6,40.0
2023-11-06 04:03:39,0.0,0.0,401.0,23.7,40.0
2023-11-06 04:13:39,0.0,0.0,407.0,23.7,40.0
2023-11-06 04:23:39,0.0,0.0,410.0,23.7,40.0
2023-11-06 04:33:39,0.0,0.0,416.0,23.7,40.0
2023-11-06 04:43:39,0.0,0.0,404.0,23.7,40.0
2023-11-06 04:53:39,0.0,0.0,398.0,23.6,40.0
2023-11-06 05:03:38,0.0,0.0,422.0,23.7,40.0
2023-11-06 05:13:38,0.0,0.0,398.0,23.7,40.0
2023-11-06 05:23:39,0.0,0.0,406.0,23.7,40.0
2023-11-06 05:33:38,0.0,0.0,404.0,23.7,40.0
2023-11-06 05:43:38,0.0,0.0,404.0,23.7,40.0
2023-11-06 05:53:38,0.0,0.0,428.0,23.7,40.0
2023-11-06 06:03:38,0.0,0.0,404.0,23.7,40.0
2023-11-06 06:13:38,0.0,0.0,404.0,23.7,40.0
2023-11-06 06:23:38,0.0,0.0,411.0,23.6,40.0
2023-11-06 06:33:38,0.0,0.0,412.0,23.6,40.0
2023-11-06 06:43:38,0.0,0.0,415.0,23.7,40.0
2023-11-06 06:53:38,0.0,0.0,415.0,23.7,40.0
2023-11-06 07:03:38,1.0,3.0,407.0,23.7,40.0
2023-11-06 07:13:38,0.0,3.0,412.0,23.7,40.0
2023-11-06 07:23:38,2.0,33.0,412.0,23.7,40.0
2023-11-06 07:33:38,0.0,37.0,416.0,23.6,40.0
2023-11-06 07:43:38,0.0,37.0,429.0,23.6,40.0
2023-11-06 07:53:38,3.0,37.0,420.0,23.7,40.0
2023-11-06 08:03:38,4.0,37.0,476.0,23.6,41.0
2023-11-06 08:13:38,1.0,37.0,483.0,23.6,41.0
2023-11-06 08:23:38,1.0,40.0,531.0,23.6,41.0
2023-11-06 08:33:38,2.0,43.0,578.0,23.6,42.0
2023-11-06 08:43:38,3.0,47.0,584.0,23.6,42.0
2023-11-06 08:53:38,0.0,43.0,570.0,23.6,42.0
2023-11-06 09:03:38,2.0,43.0,578.0,23.5,42.0
2023-11-06 09:13:37,0.0,43.0,610.0,23.6,42.0
2023-11-06 09:23:37,2.0,43.0,660.0,23.6,43.0
2023-11-06 09:33:37,4.0,43.0,683.0,23.6,43.0
2023-11-06 09:43:37,2.0,47.0,714.0,23.6,43.0
2023-11-06 09:53:38,0.0,47.0,710.0,23.6,43.0
2023-11-06 10:03:37,5.0,47.0,710.0,23.6,43.0
2023-11-06 10:13:37,5.0,40.0,772.0,23.6,43.0
2023-11-06 10:23:37,0.0,47.0,812.0,23.6,43.0
2023-11-06 10:33:37,1.0,40.0,856.0,23.6,43.0
2023-11-06 10:43:37,4.0,43.0,883.0,23.6,43.0
2023-11-06 10:53:37,3.0,43.0,836.0,23.6,43.0
2023-11-06 11:03:37,2.0,43.0,778.0,23.6,43.0
2023-11-06 11:13:37,6.0,47.0,821.0,23.6,43.0
2023-11-06 11:23:37,2.0,40.0,826.0,23.6,43.0
2023-11-06 11:33:37,7.0,40.0,877.0,23.6,43.0
2023-11-06 11:43:37,1.0,43.0,867.0,23.6,43.0
2023-11-06 11:53:37,3.0,40.0,868.0,23.6,43.0
2023-11-06 12:03:37,1.0,43.0,890.0,23.6,43.0
2023-11-06 12:13:37,0.0,40.0,887.0,23.6,43.0
2023-11-06 12:23:37,4.0,40.0,886.0,23.6,43.0
2023-11-06 12:33:37,2.0,40.0,913.0,23.6,43.0
2023-11-06 12:43:37,1.0,40.0,941.0,23.6,43.0
2023-11-06 12:53:37,3.0,40.0,958.0,23.6,43.0
2023-11-06 13:03:36,2.0,40.0,946.0,23.6,43.0
2023-11-06 13:13:36,5.0,40.0,891.0,23.6,43.0
2023-11-06 13:23:36,0.0,40.0,947.0,23.6,43.0
2023-11-06 13:33:36,0.0,40.0,905.0,23.6,43.0
2023-11-06 13:43:36,0.0,40.0,923.0,23.6,43.0
2023-11-06 13:53:36,3.0,40.0,947.0,23.6,43.0
2023-11-06 14:03:36,1.0,40.0,1034.0,23.6,43.0
2023-11-06 14:13:36,0.0,40.0,962.0,23.6,43.0
2023-11-06 14:23:36,1.0,40.0,989.0,23.6,43.0
2023-11-06 14:33:36,2.0,40.0,1042.0,23.6,43.0
2023-11-06 14:43:36,1.0,40.0,933.0,23.6,43.0
2023-11-06 14:53:36,0.0,40.0,941.0,23.6,43.0
2023-11-06 15:03:36,4.0,40.0,1036.0,23.6,43.0
2023-11-06 15:13:36,0.0,40.0,1033.0,23.6,43.0
2023-11-06 15:23:36,0.0,40.0,1054.0,23.6,43.0
2023-11-06 15:33:36,1.0,37.0,1028.0,23.6,43.0
2023-11-06 15:43:36,1.0,37.0,1049.0,23.6,43.0
2023-11-06 15:53:36,1.0,37.0,1062.0,23.6,43.0
2023-11-06 16:03:36,0.0,37.0,1073.0,23.6,43.0
2023-11-06 16:13:36,2.0,37.0,1052.0,23.7,43.0
2023-11-06 16:23:36,2.0,37.0,995.0,23.6,43.0
2023-11-06 16:33:36,2.0,40.0,971.0,23.7,43.0
2023-11-06 16:43:36,1.0,37.0,964.0,23.7,43.0
2023-11-06 16:53:35,0.0,37.0,941.0,23.7,43.0
2023-11-06 17:03:35,2.0,40.0,905.0,23.7,42.0
2023-11-06 17:13:35,1.0,37.0,905.0,23.7,42.0
2023-11-06 17:23:35,0.0,40.0,868.0,23.7,42.0
2023-11-06 17:33:35,0.0,6.0,839.0,23.7,42.0
2023-11-06 17:43:35,0.0,6.0,813.0,23.7,42.0
2023-11-06 17:53:35,0.0,6.0,797.0,23.7,42.0
2023-11-06 18:03:35,0.0,6.0,782.0,23.7,42.0
2023-11-06 18:13:35,0.0,6.0,798.0,23.6,42.0
2023-11-06 18:23:35,0.0,6.0,770.0,23.7,42.0
2023-11-06 18:33:35,0.0,6.0,751.0,23.7,42.0
2023-11-06 18:43:35,0.0,6.0,750.0,23.7,42.0
2023-11-06 18:53:35,1.0,33.0,760.0,23.7,41.0
2023-11-06 19:03:35,0.0,33.0,711.0,23.7,41.0
2023-11-06 19:13:35,1.0,30.0,719.0,23.7,41.0
2023-11-06 19:23:35,0.0,33.0,696.0,23.7,41.0
2023-11-06 19:33:35,0.0,0.0,676.0,23.7,41.0
2023-11-06 19:43:35,0.0,0.0,677.0,23.7,41.0
2023-11-06 19:53:35,0.0,0.0,669.0,23.7,41.0
2023-11-06 20:03:35,0.0,0.0,649.0,23.7,41.0
2023-11-06 20:13:35,0.0,0.0,647.0,23.7,41.0
2023-11-06 20:23:35,0.0,0.0,637.0,23.7,41.0
2023-11-06 20:33:35,0.0,0.0,616.0,23.7,41.0
2023-11-06 20:43:35,0.0,0.0,618.0,23.7,41.0
2023-11-06 20:53:34,0.0,0.0,623.0,23.7,41.0
2023-11-06 21:03:34,0.0,0.0,611.0,23.7,41.0
2023-11-06 21:13:34,0.0,0.0,606.0,23.7,41.0
2023-11-06 21:23:34,0.0,0.0,601.0,23.7,41.0
2023-11-06 21:33:34,0.0,0.0,586.0,23.7,41.0
2023-11-06 21:43:34,1.0,30.0,582.0,23.7,40.0
2023-11-06 21:53:34,0.0,33.0,593.0,23.7,41.0
2023-11-06 22:03:34,0.0,0.0,588.0,23.7,40.0
2023-11-06 22:13:34,0.0,0.0,576.0,23.7,40.0
2023-11-06 22:23:34,0.0,0.0,585.0,23.7,40.0
2023-11-06 22:33:34,0.0,0.0,583.0,23.7,40.0
2023-11-06 22:43:34,0.0,0.0,573.0,23.7,40.0
2023-11-06 22:53:34,0.0,0.0,548.0,23.7,40.0
2023-11-06 23:03:34,0.0,0.0,571.0,23.7,40.0
2023-11-06 23:13:34,0.0,0.0,563.0,23.7,40.0
2023-11-06 23:23:34,0.0,0.0,560.0,23.7,40.0
2023-11-06 23:33:34,0.0,0.0,564.0,23.7,40.0
2023-11-06 23:43:34,0.0,0.0,553.0,23.7,40.0
2023-11-06 23:53:34,0.0,0.0,549.0,23.8,40.0
2023-11-07 00:03:34,0.0,0.0,548.0,23.7,40.0
2023-11-07 00:13:34,0.0,0.0,537.0,23.7,40.0
2023-11-07 00:23:34,0.0,0.0,542.0,23.7,40.0
2023-11-07 00:33:34,0.0,0.0,542.0,23.7,40.0
2023-11-07 00:43:33,0.0,0.0,543.0,23.7,40.0
2023-11-07 00:53:33,0.0,0.0,527.0,23.7,40.0
2023-11-07 01:03:33,0.0,0.0,525.0,23.7,40.0
2023-11-07 01:13:33,0.0,0.0,517.0,23.7,40.0
2023-11-07 01:23:33,0.0,0.0,527.0,23.7,40.0
2023-11-07 01:33:33,0.0,0.0,528.0,23.7,40.0
2023-11-07 01:43:33,0.0,0.0,522.0,23.8,40.0
2023-11-07 01:53:33,0.0,0.0,509.0,23.7,40.0
2023-11-07 02:03:33,0.0,0.0,506.0,23.7,40.0
2023-11-07 02:13:33,0.0,0.0,526.0,23.7,40.0
2023-11-07 02:23:33,0.0,0.0,508.0,23.7,40.0
2023-11-07 02:33:33,0.0,0.0,515.0,23.7,40.0
2023-11-07 02:43:33,0.0,0.0,520.0,23.7,40.0
2023-11-07 02:53:33,0.0,0.0,507.0,23.7,40.0
2023-11-07 03:03:33,2.0,33.0,513.0,23.7,40.0
2023-11-07 03:13:33,0.0,33.0,522.0,23.8,40.0
2023-11-07 03:23:33,0.0,0.0,498.0,23.7,40.0
2023-11-07 03:33:33,0.0,0.0,515.0,23.8,40.0
2023-11-07 03:43:33,0.0,0.0,507.0,23.7,40.0
2023-11-07 03:53:33,0.0,0.0,494.0,23.7,40.0
2023-11-07 04:03:33,0.0,33.0,507.0,23.8,40.0
2023-11-07 04:13:33,0.0,33.0,497.0,23.8,40.0
2023-11-07 04:23:33,0.0,0.0,513.0,23.7,40.0
2023-11-07 04:33:33,0.0,0.0,512.0,23.8,40.0
2023-11-07 04:43:32,0.0,0.0,512.0,23.8,40.0
2023-11-07 04:53:32,0.0,0.0,483.0,23.8,40.0
2023-11-07 05:03:32,0.0,0.0,500.0,23.8,40.0
2023-11-07 05:13:32,0.0,0.0,498.0,23.8,40.0
2023-11-07 05:23:32,0.0,0.0,497.0,23.8,40.0
2023-11-07 05:33:32,0.0,0.0,481.0,23.7,40.0
2023-11-07 05:43:32,0.0,0.0,493.0,23.8,40.0
2023-11-07 05:53:32,0.0,0.0,499.0,23.7,40.0
2023-11-07 06:03:32,0.0,0.0,488.0,23.8,40.0
2023-11-07 06:13:32,0.0,0.0,480.0,23.7,40.0
2023-11-07 06:23:32,1.0,0.0,488.0,23.8,40.0
2023-11-07 06:33:32,0.0,0.0,483.0,23.7,40.0
2023-11-07 06:43:32,0.0,0.0,499.0,23.8,40.0
2023-11-07 06:53:32,0.0,0.0,483.0,23.8,40.0
2023-11-07 07:03:32,1.0,0.0,499.0,23.8,40.0
2023-11-07 07:13:32,0.0,0.0,482.0,23.8,40.0
2023-11-07 07:23:32,1.0,0.0,487.0,23.7,40.0
2023-11-07 07:33:32,0.0,3.0,507.0,23.7,40.0
2023-11-07 07:43:32,0.0,3.0,510.0,23.7,40.0
2023-11-07 07:53:32,6.0,37.0,519.0,23.7,41.0
2023-11-07 08:03:32,0.0,37.0,543.0,23.7,41.0
2023-11-07 08:13:32,1.0,37.0,622.0,23.7,41.0
2023-11-07 08:23:32,1.0,37.0,694.0,23.7,41.0
2023-11-07 08:33:31,2.0,37.0,687.0,23.6,42.0
2023-11-07 08:43:31,1.0,37.0,698.0,23.6,42.0
2023-11-07 08:53:31,3.0,37.0,723.0,23.6,42.0
2023-11-07 09:03:31,3.0,37.0,707.0,23.6,42.0
2023-11-07 09:13:31,0.0,37.0,720.0,23.6,42.0
2023-11-07 09:23:31,2.0,37.0,723.0,23.7,42.0
2023-11-07 09:33:31,2.0,40.0,721.0,23.7,42.0
2023-11-07 09:43:31,1.0,40.0,749.0,23.6,42.0
2023-11-07 09:53:31,1.0,40.0,741.0,23.7,42.0
2023-11-07 10:03:31,8.0,40.0,798.0,23.7,43.0
2023-11-07 10:13:31,1.0,37.0,798.0,23.7,43.0
2023-11-07 10:23:31,3.0,40.0,830.0,23.6,43.0
2023-11-07 10:33:31,3.0,40.0,899.0,23.7,43.0
2023-11-07 10:43:31,0.0,40.0,952.0,23.7,43.0
2023-11-07 10:53:31,1.0,40.0,921.0,23.7,43.0
2023-11-07 11:03:31,0.0,40.0,920.0,23.7,43.0
2023-11-07 11:13:31,4.0,40.0,948.0,23.7,43.0
2023-11-07 11:23:31,2.0,37.0,943.0,23.7,43.0
2023-11-07 11:33:31,6.0,37.0,934.0,23.7,43.0
2023-11-07 11:43:31,3.0,37.0,926.0,23.7,43.0
2023-11-07 11:53:31,0.0,37.0,885.0,23.7,43.0
2023-11-07 12:03:31,8.0,40.0,914.0,23.6,43.0
2023-11-07 12:13:31,4.0,37.0,898.0,23.7,43.0
2023-11-07 12:23:31,2.0,37.0,953.0,23.7,43.0
2023-11-07 12:33:30,2.0,37.0,982.0,23.7,43.0
2023-11-07 12:43:30,3.0,37.0,935.0,23.7,43.0
2023-11-07 12:53:30,2.0,37.0,960.0,23.7,43.0
2023-11-07 13:03:30,2.0,37.0,966.0,23.7,43.0
2023-11-07 13:13:30,4.0,40.0,1010.0,23.7,43.0
2023-11-07 13:23:30,6.0,40.0,1010.0,23.7,44.0
2023-11-07 13:33:30,3.0,37.0,1022.0,23.7,44.0
2023-11-07 13:43:30,4.0,37.0,1004.0,23.7,44.0
2023-11-07 13:53:30,4.0,37.0,1016.0,23.7,43.0
2023-11-07 14:03:30,3.0,37.0,1021.0,23.7,43.0
2023-11-07 14:13:30,1.0,37.0,1023.0,23.7,43.0
2023-11-07 14:23:30,0.0,37.0,1005.0,23.7,43.0
2023-11-07 14:33:30,0.0,37.0,961.0,23.7,43.0
2023-11-07 14:43:30,2.0,37.0,910.0,23.7,43.0
2023-11-07 14:53:30,0.0,37.0,916.0,23.7,43.0
2023-11-07 15:03:30,0.0,37.0,893.0,23.7,43.0
2023-11-07 15:13:30,0.0,37.0,947.0,23.7,43.0
2023-11-07 15:23:30,6.0,40.0,998.0,23.7,43.0
2023-11-07 15:33:30,1.0,40.0,1052.0,23.7,44.0
2023-11-07 15:43:30,2.0,40.0,1039.0,23.7,44.0
2023-11-07 15:53:30,1.0,40.0,1060.0,23.6,44.0
2023-11-07 16:03:30,2.0,40.0,1008.0,23.7,44.0
2023-11-07 16:13:30,1.0,37.0,876.0,23.7,43.0
2023-11-07 16:23:30,1.0,40.0,935.0,23.7,43.0
2023-11-07 16:33:29,3.0,40.0,1008.0,23.7,43.0
2023-11-07 16:43:29,0.0,40.0,1233.0,23.6,43.0
2023-11-07 16:53:29,0.0,40.0,1104.0,23.7,43.0
2023-11-07 17:03:29,2.0,40.0,1108.0,23.7,43.0
2023-11-07 17:13:29,2.0,37.0,1098.0,23.7,43.0
2023-11-07 17:23:29,6.0,37.0,1067.0,23.7,43.0
2023-11-07 17:33:29,1.0,0.0,1015.0,23.8,43.0
2023-11-07 17:43:29,0.0,0.0,1019.0,23.8,43.0
2023-11-07 17:53:29,0.0,0.0,962.0,23.8,43.0
2023-11-07 18:03:29,0.0,23.0,947.0,23.8,43.0
2023-11-07 18:13:29,0.0,33.0,930.0,23.8,43.0
2023-11-07 18:23:29,0.0,0.0,860.0,23.8,42.0
2023-11-07 18:33:29,0.0,0.0,838.0,23.8,42.0
2023-11-07 18:43:29,0.0,0.0,812.0,23.8,42.0
2023-11-07 18:53:29,0.0,0.0,802.0,23.7,42.0
2023-11-07 19:03:29,0.0,0.0,763.0,23.8,42.0
2023-11-07 19:13:29,0.0,0.0,761.0,23.7,42.0
2023-11-07 19:23:29,0.0,0.0,733.0,23.8,42.0
2023-11-07 19:33:29,0.0,0.0,711.0,23.8,42.0
2023-11-07 19:43:29,0.0,0.0,702.0,23.8,42.0
2023-11-07 19:53:29,0.0,0.0,682.0,23.8,41.0
2023-11-07 20:03:29,0.0,0.0,665.0,23.8,41.0
2023-11-07 20:13:28,0.0,0.0,665.0,23.8,41.0
2023-11-07 20:23:28,0.0,0.0,665.0,23.8,41.0
2023-11-07 20:33:28,0.0,0.0,627.0,23.7,41.0
2023-11-07 20:43:28,0.0,0.0,625.0,23.8,41.0
2023-11-07 20:53:28,0.0,0.0,639.0,23.8,41.0
2023-11-07 21:03:28,1.0,33.0,605.0,23.8,41.0
2023-11-07 21:13:28,0.0,37.0,630.0,23.8,41.0
2023-11-07 21:23:28,0.0,0.0,609.0,23.8,41.0
2023-11-07 21:33:28,0.0,0.0,617.0,23.8,41.0
2023-11-07 21:43:28,0.0,0.0,614.0,23.8,41.0
2023-11-07 21:53:28,0.0,0.0,603.0,23.8,41.0
2023-11-07 22:03:28,0.0,0.0,581.0,23.8,41.0
2023-11-07 22:13:28,0.0,0.0,585.0,23.8,41.0
2023-11-07 22:23:28,0.0,0.0,583.0,23.8,41.0
2023-11-07 22:33:28,0.0,0.0,579.0,23.8,41.0
2023-11-07 22:43:28,0.0,0.0,577.0,23.8,41.0
2023-11-07 22:53:28,0.0,0.0,560.0,23.8,41.0
2023-11-07 23:03:28,0.0,0.0,561.0,23.8,41.0
2023-11-07 23:13:28,0.0,0.0,567.0,23.8,41.0
2023-11-07 23:23:28,0.0,0.0,564.0,23.8,41.0
2023-11-07 23:33:28,0.0,0.0,543.0,23.8,41.0
2023-11-07 23:43:28,0.0,0.0,555.0,23.8,41.0
2023-11-07 23:53:28,0.0,0.0,554.0,23.8,40.0
2023-11-08 00:03:28,0.0,0.0,533.0,23.8,40.0
2023-11-08 00:13:27,0.0,0.0,541.0,23.8,40.0
2023-11-08 00:23:28,0.0,0.0,526.0,23.8,40.0
2023-11-08 00:33:27,0.0,0.0,524.0,23.8,40.0
2023-11-08 00:43:27,0.0,0.0,515.0,23.8,40.0
2023-11-08 00:53:27,0.0,0.0,539.0,23.8,40.0
2023-11-08 01:03:27,0.0,0.0,514.0,23.8,40.0
2023-11-08 01:13:27,0.0,0.0,545.0,23.8,40.0
2023-11-08 01:23:28,0.0,0.0,515.0,23.8,40.0
2023-11-08 01:33:27,0.0,0.0,514.0,23.8,40.0
2023-11-08 01:43:27,0.0,0.0,531.0,23.8,40.0
2023-11-08 01:53:27,0.0,0.0,530.0,23.8,40.0
2023-11-08 02:03:27,0.0,0.0,514.0,23.8,40.0
2023-11-08 02:13:27,0.0,0.0,514.0,23.8,40.0
2023-11-08 02:33:27,0.0,0.0,513.0,23.8,40.0
2023-11-08 02:43:27,0.0,0.0,504.0,23.8,40.0
2023-11-08 02:53:27,0.0,0.0,508.0,23.8,40.0
2023-11-08 03:03:27,0.0,33.0,504.0,23.8,40.0
2023-11-08 03:13:27,1.0,33.0,508.0,23.8,40.0
2023-11-08 03:23:27,0.0,0.0,522.0,23.8,40.0
2023-11-08 03:33:27,0.0,0.0,500.0,23.8,40.0
2023-11-08 03:43:27,0.0,0.0,519.0,23.8,40.0
2023-11-08 03:53:27,0.0,0.0,497.0,23.8,40.0
2023-11-08 04:03:27,0.0,0.0,514.0,23.8,40.0
2023-11-08 04:13:26,1.0,33.0,503.0,23.8,40.0
2023-11-08 04:23:26,0.0,33.0,508.0,23.8,40.0
2023-11-08 04:33:26,0.0,0.0,488.0,23.8,40.0
2023-11-08 04:43:26,0.0,0.0,501.0,23.8,40.0
2023-11-08 04:53:26,0.0,0.0,495.0,23.9,40.0
2023-11-08 05:03:26,0.0,0.0,489.0,23.8,40.0
2023-11-08 05:13:26,0.0,0.0,483.0,23.8,40.0
2023-11-08 05:23:26,0.0,0.0,484.0,23.8,40.0
2023-11-08 05:33:26,0.0,0.0,502.0,23.8,40.0
2023-11-08 05:43:26,0.0,0.0,491.0,23.8,40.0
2023-11-08 05:53:26,0.0,0.0,487.0,23.8,40.0
2023-11-08 06:03:26,0.0,0.0,494.0,23.8,40.0
2023-11-08 06:13:26,0.0,0.0,480.0,23.8,40.0
2023-11-08 06:23:26,0.0,0.0,506.0,23.8,40.0
2023-11-08 06:33:26,0.0,0.0,501.0,23.8,40.0
2023-11-08 06:43:26,0.0,0.0,478.0,23.8,40.0
2023-11-08 06:53:26,0.0,0.0,491.0,23.8,40.0
2023-11-08 07:03:26,1.0,3.0,493.0,23.8,40.0
2023-11-08 07:13:26,0.0,0.0,493.0,23.8,40.0
2023-11-08 07:23:26,0.0,0.0,479.0,23.8,40.0
2023-11-08 07:33:26,2.0,37.0,513.0,23.7,40.0
2023-11-08 07:43:26,5.0,37.0,533.0,23.8,40.0
2023-11-08 07:53:26,0.0,37.0,555.0,23.8,41.0
2023-11-08 08:03:26,3.0,37.0,559.0,23.8,41.0
2023-11-08 08:13:25,3.0,37.0,610.0,23.8,41.0
2023-11-08 08:23:26,2.0,37.0,637.0,23.7,41.0
2023-11-08 08:33:25,1.0,40.0,631.0,23.8,41.0
2023-11-08 08:43:25,2.0,43.0,652.0,23.7,41.0
2023-11-08 08:53:25,0.0,37.0,684.0,23.8,41.0
2023-11-08 09:03:25,1.0,37.0,651.0,23.7,41.0
2023-11-08 09:13:25,6.0,37.0,709.0,23.7,42.0
2023-11-08 09:23:25,3.0,37.0,783.0,23.8,42.0
2023-11-08 09:33:25,3.0,40.0,755.0,23.8,42.0
2023-11-08 09:43:25,1.0,40.0,800.0,23.7,42.0
2023-11-08 09:53:25,2.0,40.0,839.0,23.8,43.0
2023-11-08 10:03:25,4.0,40.0,838.0,23.7,43.0
2023-11-08 10:13:25,5.0,40.0,843.0,23.8,43.0
2023-11-08 10:23:25,7.0,40.0,870.0,23.7,43.0
2023-11-08 10:33:25,2.0,40.0,875.0,23.7,43.0
2023-11-08 10:43:25,2.0,40.0,873.0,23.7,43.0
2023-11-08 10:53:25,3.0,40.0,893.0,23.7,43.0
2023-11-08 11:03:25,7.0,43.0,847.0,23.7,43.0
2023-11-08 11:13:25,2.0,40.0,815.0,23.7,42.0
2023-11-08 11:23:25,0.0,37.0,804.0,23.7,42.0
2023-11-08 11:33:25,4.0,37.0,809.0,23.7,42.0
2023-11-08 11:43:25,3.0,40.0,781.0,23.7,42.0
2023-11-08 11:53:24,6.0,43.0,820.0,23.7,42.0
2023-11-08 12:03:25,6.0,43.0,943.0,23.7,43.0
2023-11-08 12:13:24,8.0,40.0,883.0,23.8,43.0
2023-11-08 12:23:24,2.0,43.0,893.0,23.7,43.0
2023-11-08 12:33:24,3.0,43.0,902.0,23.7,43.0
2023-11-08 12:43:24,3.0,43.0,852.0,23.7,43.0
2023-11-08 12:53:24,1.0,43.0,861.0,23.7,43.0
2023-11-08 13:03:24,2.0,43.0,871.0,23.7,43.0
2023-11-08 13:13:24,8.0,43.0,869.0,23.7,42.0
2023-11-08 13:23:24,2.0,43.0,878.0,23.7,42.0
2023-11-08 13:33:24,0.0,43.0,834.0,23.7,42.0
2023-11-08 13:43:24,4.0,43.0,841.0,23.7,42.0
2023-11-08 13:53:24,0.0,40.0,848.0,23.7,42.0
2023-11-08 14:03:24,3.0,40.0,829.0,23.8,42.0
2023-11-08 14:13:24,0.0,40.0,832.0,23.8,42.0
2023-11-08 14:23:24,0.0,40.0,811.0,23.8,41.0
2023-11-08 14:33:24,0.0,40.0,774.0,23.7,41.0
2023-11-08 14:43:24,0.0,40.0,773.0,23.8,41.0
2023-11-08 14:53:24,2.0,40.0,766.0,23.7,41.0
2023-11-08 15:03:24,5.0,40.0,785.0,23.7,41.0
2023-11-08 15:13:24,3.0,40.0,785.0,23.7,41.0
2023-11-08 15:23:24,6.0,37.0,796.0,23.7,41.0
2023-11-08 15:33:24,2.0,37.0,790.0,23.7,41.0
2023-11-08 15:43:24,4.0,37.0,770.0,23.8,41.0
2023-11-08 15:53:23,2.0,37.0,753.0,23.7,41.0
2023-11-08 16:03:23,0.0,33.0,739.0,23.8,41.0
2023-11-08 16:13:23,1.0,33.0,770.0,23.7,41.0
2023-11-08 16:23:24,0.0,33.0,744.0,23.7,41.0
2023-11-08 16:33:23,0.0,37.0,741.0,23.8,41.0
2023-11-08 16:43:23,0.0,37.0,762.0,23.8,41.0
2023-11-08 16:53:23,3.0,40.0,690.0,23.8,41.0
2023-11-08 17:03:23,0.0,40.0,702.0,23.8,41.0
2023-11-08 17:13:23,0.0,40.0,687.0,23.8,41.0
2023-11-08 17:23:23,0.0,40.0,663.0,23.8,41.0
2023-11-08 17:33:23,0.0,6.0,645.0,23.8,41.0
2023-11-08 17:43:23,0.0,6.0,647.0,23.8,40.0
2023-11-08 17:53:23,0.0,6.0,621.0,23.8,40.0
2023-11-08 18:03:23,0.0,6.0,614.0,23.8,40.0
2023-11-08 18:13:23,1.0,30.0,615.0,23.8,40.0
2023-11-08 18:23:23,0.0,40.0,589.0,23.8,40.0
2023-11-08 18:33:23,0.0,6.0,573.0,23.8,40.0
2023-11-08 18:43:23,0.0,6.0,566.0,23.8,40.0
2023-11-08 18:53:23,0.0,6.0,562.0,23.8,40.0
2023-11-08 19:03:23,0.0,6.0,556.0,23.7,40.0
2023-11-08 19:13:23,0.0,6.0,568.0,23.8,40.0
2023-11-08 19:23:23,0.0,6.0,525.0,23.8,40.0
2023-11-08 19:33:23,0.0,6.0,539.0,23.8,40.0
2023-11-08 19:43:23,0.0,6.0,544.0,23.8,40.0
2023-11-08 19:53:22,0.0,6.0,549.0,23.8,40.0
2023-11-08 20:03:22,0.0,6.0,537.0,23.8,40.0
2023-11-08 20:13:22,0.0,6.0,526.0,23.8,40.0
2023-11-08 20:23:22,0.0,6.0,533.0,23.8,40.0
2023-11-08 20:33:22,0.0,6.0,527.0,23.8,40.0
2023-11-08 20:43:22,0.0,6.0,522.0,23.8,40.0
2023-11-08 20:53:22,0.0,6.0,512.0,23.8,40.0
2023-11-08 21:03:22,0.0,6.0,511.0,23.9,40.0
2023-11-08 21:13:22,0.0,6.0,500.0,23.9,40.0
2023-11-08 21:23:22,0.0,6.0,520.0,23.8,40.0
2023-11-08 21:33:22,1.0,6.0,510.0,23.8,40.0
2023-11-08 21:43:22,0.0,6.0,519.0,23.8,40.0
2023-11-08 21:53:22,0.0,6.0,517.0,23.8,40.0
2023-11-08 22:03:22,0.0,6.0,505.0,23.8,40.0
2023-11-08 22:13:22,0.0,6.0,506.0,23.8,40.0
2023-11-08 22:23:22,0.0,6.0,504.0,23.8,40.0
2023-11-08 22:33:22,0.0,6.0,510.0,23.8,40.0
2023-11-08 22:43:22,0.0,6.0,497.0,23.9,40.0
2023-11-08 22:53:22,0.0,6.0,491.0,23.8,40.0
2023-11-08 23:03:22,0.0,6.0,492.0,23.9,40.0
2023-11-08 23:13:22,0.0,6.0,494.0,23.8,40.0
2023-11-08 23:23:22,0.0,6.0,489.0,23.8,40.0
2023-11-08 23:33:22,0.0,6.0,498.0,23.8,40.0
2023-11-08 23:43:21,0.0,6.0,489.0,23.8,40.0
2023-11-08 23:53:21,0.0,6.0,488.0,23.9,40.0
2023-11-09 00:03:21,0.0,6.0,501.0,23.8,40.0
2023-11-09 00:13:22,0.0,6.0,486.0,23.8,40.0
2023-11-09 00:23:21,0.0,6.0,477.0,23.9,40.0
2023-11-09 00:33:21,0.0,6.0,485.0,23.8,40.0
2023-11-09 00:43:21,0.0,6.0,467.0,23.8,40.0
2023-11-09 00:53:21,0.0,6.0,472.0,23.8,40.0
2023-11-09 01:03:21,0.0,6.0,476.0,23.8,39.0
2023-11-09 01:13:21,0.0,6.0,481.0,23.8,40.0
2023-11-09 01:23:21,0.0,6.0,459.0,23.9,39.0
2023-11-09 01:33:21,0.0,6.0,471.0,23.8,39.0
2023-11-09 01:43:21,0.0,6.0,465.0,23.8,39.0
2023-11-09 01:53:21,0.0,6.0,474.0,23.8,39.0
2023-11-09 02:03:21,0.0,6.0,475.0,23.8,40.0
2023-11-09 02:13:21,0.0,6.0,465.0,23.8,39.0
2023-11-09 02:23:21,0.0,6.0,468.0,23.9,39.0
2023-11-09 02:33:21,0.0,6.0,473.0,23.8,39.0
2023-11-09 02:43:21,0.0,6.0,482.0,23.8,39.0
2023-11-09 02:53:21,0.0,33.0,464.0,23.8,39.0
2023-11-09 03:03:21,1.0,40.0,455.0,23.8,39.0
2023-11-09 03:13:21,0.0,6.0,472.0,23.8,39.0
2023-11-09 03:23:21,0.0,6.0,478.0,23.9,39.0
2023-11-09 03:33:21,0.0,6.0,481.0,23.9,39.0
2023-11-09 03:43:20,0.0,6.0,478.0,23.8,39.0
2023-11-09 03:53:20,0.0,6.0,475.0,23.8,39.0
2023-11-09 04:03:20,2.0,33.0,469.0,23.8,39.0
2023-11-09 04:13:20,0.0,37.0,470.0,23.9,39.0
2023-11-09 04:23:20,0.0,0.0,466.0,23.9,40.0
2023-11-09 04:33:20,0.0,0.0,463.0,23.9,40.0
2023-11-09 04:43:20,0.0,0.0,465.0,23.9,40.0
2023-11-09 04:53:20,0.0,0.0,453.0,23.9,40.0
2023-11-09 05:03:20,0.0,0.0,457.0,23.9,40.0
2023-11-09 05:13:20,0.0,0.0,459.0,23.8,40.0
2023-11-09 05:23:20,0.0,0.0,455.0,23.8,40.0
2023-11-09 05:33:20,0.0,0.0,458.0,23.9,40.0
2023-11-09 05:43:20,0.0,0.0,454.0,23.9,40.0
2023-11-09 05:53:20,0.0,0.0,453.0,23.8,40.0
2023-11-09 06:03:20,0.0,0.0,453.0,23.8,40.0
2023-11-09 06:13:20,0.0,0.0,460.0,23.8,40.0
2023-11-09 06:23:20,0.0,0.0,439.0,23.8,40.0
2023-11-09 06:33:20,0.0,0.0,460.0,23.8,39.0
2023-11-09 06:43:20,0.0,0.0,450.0,23.8,39.0
2023-11-09 06:53:20,0.0,0.0,456.0,23.8,39.0
2023-11-09 07:03:20,0.0,37.0,432.0,23.8,39.0
2023-11-09 07:13:20,0.0,33.0,472.0,23.9,39.0
2023-11-09 07:23:20,1.0,33.0,466.0,23.8,40.0
2023-11-09 07:33:19,3.0,33.0,456.0,23.8,40.0
2023-11-09 07:43:19,2.0,37.0,475.0,23.8,40.0
2023-11-09 07:53:19,1.0,37.0,503.0,23.8,40.0
2023-11-09 08:03:19,0.0,37.0,520.0,23.8,41.0
2023-11-09 08:13:19,3.0,37.0,561.0,23.8,41.0
2023-11-09 08:23:19,4.0,40.0,592.0,23.8,42.0
2023-11-09 08:33:19,6.0,37.0,634.0,23.7,42.0
2023-11-09 08:43:19,2.0,37.0,647.0,23.7,42.0
2023-11-09 08:53:19,0.0,37.0,661.0,23.8,42.0
2023-11-09 09:03:19,2.0,37.0,677.0,23.8,42.0
2023-11-09 09:13:19,3.0,37.0,678.0,23.8,42.0
2023-11-09 09:23:19,2.0,37.0,686.0,23.8,42.0
2023-11-09 09:33:19,2.0,40.0,679.0,23.7,42.0
2023-11-09 09:43:19,0.0,40.0,706.0,23.7,42.0
2023-11-09 09:53:19,2.0,40.0,751.0,23.7,43.0
2023-11-09 10:03:19,0.0,40.0,734.0,23.7,43.0
2023-11-09 10:13:19,2.0,37.0,767.0,23.7,43.0
2023-11-09 10:23:19,4.0,40.0,801.0,23.7,43.0
2023-11-09 10:33:19,1.0,40.0,811.0,23.8,43.0
2023-11-09 10:43:19,0.0,40.0,825.0,23.7,43.0
2023-11-09 10:53:19,2.0,37.0,864.0,23.7,43.0
2023-11-09 11:03:19,5.0,40.0,887.0,23.7,43.0
2023-11-09 11:13:19,5.0,40.0,925.0,23.8,43.0
2023-11-09 11:23:19,6.0,40.0,907.0,23.7,43.0
2023-11-09 11:33:19,0.0,40.0,892.0,23.7,43.0
2023-11-09 11:43:18,2.0,40.0,887.0,23.7,43.0
2023-11-09 11:53:18,7.0,37.0,888.0,23.7,43.0
2023-11-09 12:03:18,2.0,33.0,887.0,23.7,43.0
2023-11-09 12:13:18,4.0,37.0,864.0,23.7,43.0
2023-11-09 12:23:18,2.0,37.0,877.0,23.7,43.0
2023-11-09 12:33:18,2.0,37.0,864.0,23.8,43.0
2023-11-09 12:43:18,1.0,37.0,851.0,23.8,43.0
2023-11-09 12:53:18,0.0,37.0,869.0,23.8,43.0
2023-11-09 13:03:18,6.0,37.0,875.0,23.8,43.0
2023-11-09 13:13:18,3.0,37.0,873.0,23.8,43.0
2023-11-09 13:23:18,0.0,37.0,896.0,23.8,43.0
2023-11-09 13:33:18,0.0,37.0,938.0,23.8,43.0
2023-11-09 13:43:18,0.0,37.0,910.0,23.7,43.0
2023-11-09 13:53:18,2.0,33.0,911.0,23.8,43.0
2023-11-09 14:03:18,1.0,37.0,924.0,23.7,44.0
2023-11-09 14:13:18,5.0,33.0,888.0,23.7,43.0
2023-11-09 14:23:18,1.0,37.0,882.0,23.7,43.0
2023-11-09 14:33:18,1.0,37.0,843.0,23.7,43.0
2023-11-09 14:43:18,3.0,37.0,830.0,23.7,43.0
2023-11-09 14:53:18,0.0,37.0,757.0,23.7,43.0
2023-11-09 15:03:18,0.0,37.0,734.0,23.7,43.0
2023-11-09 15:13:18,2.0,33.0,817.0,23.7,43.0
2023-11-09 15:23:17,3.0,33.0,854.0,23.7,43.0
2023-11-09 15:33:17,0.0,33.0,841.0,23.8,43.0
2023-11-09 15:43:17,0.0,33.0,818.0,23.7,43.0
2023-11-09 15:53:17,0.0,33.0,803.0,23.7,43.0
2023-11-09 16:03:17,0.0,33.0,785.0,23.8,43.0
2023-11-09 16:13:17,2.0,33.0,749.0,23.8,43.0
2023-11-09 16:23:17,1.0,33.0,773.0,23.8,43.0
2023-11-09 16:33:17,0.0,33.0,750.0,23.7,43.0
2023-11-09 16:43:17,2.0,33.0,721.0,23.8,42.0
2023-11-09 16:53:17,0.0,33.0,730.0,23.8,42.0
2023-11-09 17:03:17,0.0,33.0,721.0,23.8,42.0
2023-11-09 17:13:17,0.0,33.0,713.0,23.8,42.0
2023-11-09 17:23:17,0.0,33.0,713.0,23.8,42.0
2023-11-09 17:33:17,0.0,33.0,704.0,23.8,42.0
2023-11-09 17:43:17,0.0,33.0,668.0,23.8,42.0
2023-11-09 17:53:17,0.0,3.0,707.0,23.8,42.0
2023-11-09 18:03:17,0.0,33.0,696.0,23.8,42.0
2023-11-09 18:13:17,0.0,33.0,674.0,23.8,42.0
2023-11-09 18:23:17,0.0,0.0,644.0,23.7,42.0
2023-11-09 18:33:17,0.0,0.0,628.0,23.8,42.0
2023-11-09 18:43:17,0.0,0.0,630.0,23.8,42.0
2023-11-09 18:53:17,0.0,0.0,631.0,23.8,42.0
2023-11-09 19:03:17,0.0,0.0,624.0,23.8,42.0
2023-11-09 19:13:17,0.0,0.0,590.0,23.7,42.0
2023-11-09 19:23:16,0.0,0.0,590.0,23.8,42.0
2023-11-09 19:33:16,0.0,0.0,580.0,23.7,42.0
2023-11-09 19:43:16,0.0,0.0,584.0,23.7,41.0
2023-11-09 19:53:16,0.0,0.0,569.0,23.8,42.0
2023-11-09 20:03:16,0.0,0.0,588.0,23.8,41.0
2023-11-09 20:13:16,0.0,0.0,573.0,23.8,41.0
2023-11-09 20:23:16,0.0,0.0,542.0,23.7,41.0
2023-11-09 20:33:16,0.0,0.0,558.0,23.8,41.0
2023-11-09 20:43:16,0.0,0.0,553.0,23.8,41.0
2023-11-09 20:53:17,0.0,0.0,554.0,23.8,41.0
2023-11-09 21:03:16,0.0,0.0,563.0,23.8,41.0
2023-11-09 21:13:16,1.0,0.0,519.0,23.7,41.0
2023-11-09 21:23:16,0.0,0.0,532.0,23.7,41.0
2023-11-09 21:33:16,0.0,0.0,514.0,23.8,41.0
2023-11-09 21:43:16,0.0,0.0,533.0,23.8,41.0
2023-11-09 21:53:16,0.0,0.0,530.0,23.8,41.0
2023-11-09 22:03:16,0.0,0.0,525.0,23.8,41.0
2023-11-09 22:13:16,0.0,0.0,513.0,23.8,41.0
2023-11-09 22:23:16,0.0,0.0,508.0,23.7,41.0
2023-11-09 22:33:16,0.0,0.0,517.0,23.8,41.0
2023-11-09 22:43:16,0.0,0.0,511.0,23.8,41.0
2023-11-09 22:53:16,0.0,0.0,501.0,23.8,41.0
2023-11-09 23:03:16,0.0,0.0,511.0,23.8,41.0
2023-11-09 23:13:16,0.0,0.0,518.0,23.8,41.0
2023-11-09 23:23:15,0.0,0.0,501.0,23.8,41.0
2023-11-09 23:33:15,0.0,0.0,513.0,23.8,41.0
2023-11-09 23:43:15,0.0,0.0,497.0,23.8,41.0
2023-11-09 23:53:15,0.0,0.0,507.0,23.7,41.0
2023-11-10 00:03:15,0.0,0.0,501.0,23.8,41.0
2023-11-10 00:13:15,0.0,0.0,505.0,23.8,41.0
2023-11-10 00:23:15,0.0,0.0,488.0,23.8,41.0
2023-11-10 00:33:15,0.0,0.0,472.0,23.8,41.0
2023-11-10 00:43:15,0.0,0.0,478.0,23.8,41.0
2023-11-10 00:53:15,0.0,0.0,494.0,23.8,41.0
2023-11-10 01:03:15,0.0,0.0,488.0,23.8,41.0
2023-11-10 01:13:15,0.0,0.0,486.0,23.7,41.0
2023-11-10 01:23:15,0.0,0.0,486.0,23.8,40.0
2023-11-10 01:33:15,0.0,0.0,483.0,23.8,40.0
2023-11-10 01:43:15,0.0,0.0,484.0,23.8,40.0
2023-11-10 01:53:15,0.0,0.0,480.0,23.8,40.0
2023-11-10 02:03:15,0.0,0.0,486.0,23.8,40.0
2023-11-10 02:13:15,0.0,0.0,471.0,23.8,40.0
2023-11-10 02:23:15,0.0,0.0,491.0,23.8,40.0
2023-11-10 02:33:15,0.0,0.0,461.0,23.8,40.0
2023-11-10 02:43:15,0.0,0.0,467.0,23.8,40.0
2023-11-10 02:53:15,0.0,0.0,467.0,23.8,40.0
2023-11-10 03:03:15,0.0,33.0,478.0,23.8,40.0
2023-11-10 03:13:14,0.0,33.0,471.0,23.9,40.0
2023-11-10 03:23:14,0.0,0.0,458.0,23.8,40.0
2023-11-10 03:33:14,0.0,0.0,473.0,23.8,40.0
2023-11-10 03:43:14,0.0,0.0,468.0,23.8,40.0
2023-11-10 03:53:14,0.0,0.0,459.0,23.8,40.0
2023-11-10 04:03:14,1.0,33.0,481.0,23.8,40.0
2023-11-10 04:13:14,0.0,33.0,473.0,23.8,40.0
2023-11-10 04:23:14,0.0,0.0,474.0,23.9,40.0
2023-11-10 04:33:14,0.0,0.0,487.0,23.9,40.0
2023-11-10 04:43:14,0.0,0.0,468.0,23.8,40.0
2023-11-10 04:53:14,0.0,0.0,475.0,23.9,40.0
2023-11-10 05:03:14,0.0,0.0,471.0,23.8,40.0
2023-11-10 05:13:14,0.0,0.0,469.0,23.8,40.0
2023-11-10 05:23:14,0.0,0.0,454.0,23.8,40.0
2023-11-10 05:33:14,0.0,0.0,454.0,23.8,40.0
2023-11-10 05:43:14,0.0,0.0,462.0,23.8,40.0
2023-11-10 05:53:14,0.0,0.0,463.0,23.8,40.0
2023-11-10 06:03:14,0.0,0.0,478.0,23.8,40.0
2023-11-10 06:13:14,0.0,0.0,454.0,23.8,40.0
2023-11-10 06:23:14,0.0,0.0,463.0,23.8,40.0
2023-11-10 06:33:14,0.0,0.0,441.0,23.8,40.0
2023-11-10 06:43:14,0.0,33.0,466.0,23.8,40.0
2023-11-10 06:53:14,0.0,33.0,457.0,23.8,40.0
2023-11-10 07:03:13,0.0,33.0,452.0,23.9,40.0
2023-11-10 07:13:13,0.0,33.0,459.0,23.8,40.0
2023-11-10 07:23:13,1.0,33.0,495.0,23.9,40.0
2023-11-10 07:33:13,1.0,37.0,484.0,23.8,41.0
2023-11-10 07:43:13,2.0,37.0,494.0,23.8,41.0
2023-11-10 07:53:13,4.0,40.0,522.0,23.8,41.0
2023-11-10 08:03:13,1.0,40.0,572.0,23.8,41.0
2023-11-10 08:13:13,4.0,40.0,588.0,23.8,41.0
2023-11-10 08:23:13,4.0,40.0,645.0,23.7,42.0
2023-11-10 08:33:13,5.0,40.0,673.0,23.7,42.0
2023-11-10 08:43:13,5.0,40.0,706.0,23.7,43.0
2023-11-10 08:53:13,1.0,40.0,722.0,23.7,42.0
2023-11-10 09:03:13,6.0,40.0,719.0,23.7,43.0
2023-11-10 09:13:13,2.0,40.0,723.0,23.6,42.0
2023-11-10 09:23:13,2.0,40.0,724.0,23.7,42.0
2023-11-10 09:33:13,0.0,43.0,753.0,23.7,42.0
2023-11-10 09:43:13,4.0,40.0,806.0,23.7,42.0
2023-11-10 09:53:13,3.0,40.0,788.0,23.7,42.0
2023-11-10 10:03:13,12.0,40.0,897.0,23.7,43.0
2023-11-10 10:13:13,12.0,37.0,873.0,23.7,43.0
2023-11-10 10:23:13,2.0,37.0,920.0,23.7,43.0
2023-11-10 10:33:13,4.0,37.0,921.0,23.7,43.0
2023-11-10 10:43:13,0.0,40.0,931.0,23.7,43.0
2023-11-10 10:53:13,2.0,43.0,948.0,23.7,43.0
2023-11-10 11:03:13,3.0,40.0,944.0,23.7,43.0
2023-11-10 11:13:12,7.0,40.0,958.0,23.7,43.0
2023-11-10 11:23:12,1.0,40.0,968.0,23.8,43.0
2023-11-10 11:33:12,0.0,40.0,943.0,23.8,43.0
2023-11-10 11:43:12,7.0,40.0,905.0,23.8,43.0
2023-11-10 11:53:12,8.0,40.0,861.0,23.7,42.0
2023-11-10 12:03:12,7.0,40.0,908.0,23.7,42.0
2023-11-10 12:13:12,4.0,40.0,909.0,23.7,42.0
2023-11-10 12:23:12,4.0,40.0,849.0,23.7,42.0
2023-11-10 12:33:12,1.0,40.0,839.0,23.7,42.0
2023-11-10 12:43:12,2.0,40.0,855.0,23.7,41.0
2023-11-10 12:53:12,1.0,40.0,838.0,23.7,41.0
2023-11-10 13:03:12,6.0,40.0,872.0,23.7,41.0
2023-11-10 13:13:12,6.0,40.0,915.0,23.7,41.0
2023-11-10 13:23:12,5.0,40.0,933.0,23.7,41.0
2023-11-10 13:33:12,2.0,43.0,970.0,23.7,42.0
2023-11-10 13:43:12,4.0,40.0,1030.0,23.7,42.0
2023-11-10 13:53:12,3.0,40.0,1055.0,23.7,42.0
2023-11-10 14:03:12,4.0,40.0,1094.0,23.7,42.0
2023-11-10 14:13:12,3.0,40.0,1114.0,23.8,42.0
2023-11-10 14:23:12,3.0,40.0,1044.0,23.8,42.0
2023-11-10 14:33:12,4.0,37.0,1088.0,23.7,42.0
2023-11-10 14:43:12,0.0,40.0,1095.0,23.7,42.0
2023-11-10 14:53:11,0.0,37.0,1114.0,23.7,42.0
2023-11-10 15:03:11,2.0,33.0,1137.0,23.8,42.0
2023-11-10 15:13:11,4.0,37.0,1179.0,23.8,42.0
2023-11-10 15:23:11,2.0,40.0,1207.0,23.8,43.0
2023-11-10 15:33:11,3.0,40.0,1247.0,23.8,43.0
2023-11-10 15:43:11,0.0,37.0,1278.0,23.8,43.0
2023-11-10 15:53:11,2.0,37.0,1062.0,23.8,42.0
2023-11-10 16:03:11,2.0,37.0,1214.0,23.8,43.0
2023-11-10 16:13:11,0.0,37.0,1203.0,23.8,43.0
2023-11-10 16:23:11,1.0,37.0,1109.0,23.9,42.0
2023-11-10 16:33:11,2.0,37.0,1054.0,23.8,42.0
2023-11-10 16:43:11,1.0,33.0,1009.0,23.8,42.0
2023-11-10 16:53:11,0.0,33.0,985.0,23.9,41.0
2023-11-10 17:03:11,0.0,33.0,943.0,23.9,41.0
2023-11-10 17:13:11,0.0,33.0,887.0,23.8,41.0
2023-11-10 17:23:11,0.0,33.0,872.0,23.9,41.0
2023-11-10 17:33:11,2.0,0.0,862.0,23.9,41.0
2023-11-10 17:43:11,0.0,0.0,817.0,23.9,41.0
2023-11-10 17:53:11,1.0,33.0,845.0,23.8,41.0
2023-11-10 18:03:11,0.0,33.0,772.0,23.8,41.0
2023-11-10 18:13:11,0.0,0.0,768.0,23.9,40.0
2023-11-10 18:23:11,0.0,0.0,749.0,23.9,40.0
2023-11-10 18:33:11,0.0,0.0,750.0,23.9,40.0
2023-11-10 18:43:11,0.0,0.0,709.0,23.9,40.0
2023-11-10 18:53:10,0.0,0.0,734.0,23.8,40.0
2023-11-10 19:03:11,0.0,0.0,686.0,23.9,40.0
2023-11-10 19:13:10,0.0,0.0,712.0,23.8,40.0
2023-11-10 19:23:10,0.0,0.0,681.0,23.9,40.0
2023-11-10 19:33:10,0.0,0.0,667.0,23.9,40.0
2023-11-10 19:43:10,0.0,33.0,694.0,23.9,40.0
2023-11-10 19:53:10,0.0,33.0,634.0,23.9,40.0
2023-11-10 20:03:10,0.0,0.0,641.0,23.9,40.0
2023-11-10 20:13:10,0.0,0.0,649.0,23.8,40.0
2023-11-10 20:23:10,0.0,0.0,637.0,23.9,40.0
2023-11-10 20:33:10,0.0,0.0,629.0,23.8,39.0
2023-11-10 20:43:10,0.0,0.0,622.0,23.9,40.0
2023-11-10 20:53:10,0.0,0.0,626.0,23.9,39.0
2023-11-10 21:03:10,0.0,0.0,601.0,23.9,39.0
2023-11-10 21:13:10,0.0,0.0,592.0,23.9,39.0
2023-11-10 21:23:10,0.0,0.0,594.0,23.9,39.0
2023-11-10 21:33:10,0.0,0.0,599.0,23.9,39.0
2023-11-10 21:43:10,0.0,0.0,578.0,23.8,39.0
2023-11-10 21:53:10,0.0,0.0,579.0,23.8,39.0
2023-11-10 22:03:10,0.0,0.0,563.0,23.8,39.0
2023-11-10 22:13:10,0.0,0.0,578.0,23.8,39.0
2023-11-10 22:23:10,0.0,0.0,562.0,23.8,39.0
2023-11-10 22:33:10,0.0,0.0,557.0,23.9,39.0
2023-11-10 22:43:09,0.0,0.0,560.0,23.9,39.0
2023-11-10 22:53:09,0.0,0.0,573.0,23.9,39.0
2023-11-10 23:03:09,0.0,0.0,548.0,23.8,39.0
2023-11-10 23:13:09,0.0,0.0,541.0,23.9,39.0
2023-11-10 23:23:09,0.0,0.0,547.0,23.9,39.0
2023-11-10 23:33:09,0.0,0.0,527.0,23.9,39.0
2023-11-10 23:43:10,1.0,33.0,555.0,23.8,39.0
2023-11-10 23:53:10,0.0,33.0,533.0,23.8,39.0
2023-11-11 00:03:09,0.0,3.0,550.0,23.9,39.0
2023-11-11 00:13:09,1.0,0.0,555.0,23.9,39.0
2023-11-11 00:23:09,0.0,0.0,548.0,23.8,39.0
2023-11-11 00:33:09,0.0,0.0,536.0,23.9,39.0
2023-11-11 00:43:09,0.0,0.0,546.0,23.9,39.0
2023-11-11 00:53:09,0.0,0.0,548.0,23.9,39.0
2023-11-11 01:03:09,0.0,0.0,528.0,23.8,39.0
2023-11-11 01:13:09,0.0,0.0,542.0,23.9,39.0
2023-11-11 01:23:09,0.0,0.0,530.0,23.9,39.0
2023-11-11 01:33:09,0.0,0.0,534.0,23.8,39.0
2023-11-11 01:43:09,1.0,33.0,519.0,23.8,39.0
2023-11-11 01:53:09,0.0,37.0,521.0,23.8,39.0
2023-11-11 02:03:09,0.0,0.0,521.0,23.9,39.0
2023-11-11 02:13:09,0.0,0.0,507.0,23.9,39.0
2023-11-11 02:23:09,0.0,0.0,500.0,23.8,39.0
2023-11-11 02:33:09,0.0,0.0,499.0,23.9,39.0
2023-11-11 02:43:08,0.0,0.0,509.0,23.9,39.0
2023-11-11 02:53:08,0.0,0.0,516.0,23.8,39.0
2023-11-11 03:03:09,0.0,0.0,516.0,23.8,39.0
2023-11-11 03:13:08,0.0,0.0,510.0,23.8,39.0
2023-11-11 03:23:08,0.0,0.0,505.0,23.8,38.0
2023-11-11 03:33:08,0.0,0.0,509.0,23.9,38.0
2023-11-11 03:43:08,0.0,0.0,487.0,23.9,38.0
2023-11-11 03:53:08,0.0,0.0,488.0,23.8,38.0
2023-11-11 04:03:08,0.0,0.0,490.0,23.8,38.0
2023-11-11 04:13:08,1.0,30.0,500.0,23.8,39.0
2023-11-11 04:23:08,0.0,33.0,499.0,23.8,38.0
2023-11-11 04:33:08,0.0,0.0,493.0,23.9,38.0
2023-11-11 04:43:08,0.0,0.0,500.0,23.8,39.0
2023-11-11 04:53:08,0.0,0.0,491.0,23.9,38.0
2023-11-11 05:03:08,0.0,0.0,473.0,23.9,38.0
2023-11-11 05:13:08,0.0,0.0,477.0,23.8,38.0
2023-11-11 05:23:08,0.0,0.0,482.0,23.9,38.0
2023-11-11 05:33:08,0.0,0.0,496.0,23.9,38.0
2023-11-11 05:43:08,0.0,0.0,480.0,23.9,38.0
2023-11-11 05:53:08,0.0,0.0,464.0,23.9,38.0
2023-11-11 06:03:08,0.0,0.0,480.0,23.8,38.0
2023-11-11 06:13:08,0.0,0.0,476.0,23.9,38.0
2023-11-11 06:23:08,0.0,0.0,459.0,23.8,38.0
2023-11-11 06:33:07,0.0,0.0,476.0,23.8,38.0
2023-11-11 06:43:07,0.0,0.0,477.0,23.9,38.0
2023-11-11 06:53:07,0.0,0.0,459.0,23.8,38.0
2023-11-11 07:03:07,0.0,3.0,480.0,23.9,38.0
2023-11-11 07:13:07,0.0,3.0,463.0,23.8,38.0
2023-11-11 07:23:07,0.0,3.0,496.0,23.9,38.0
2023-11-11 07:33:07,0.0,3.0,472.0,23.8,38.0
2023-11-11 07:43:07,0.0,3.0,471.0,23.9,38.0
2023-11-11 07:53:07,1.0,3.0,458.0,23.8,38.0
2023-11-11 08:03:07,0.0,3.0,473.0,23.8,38.0
2023-11-11 08:13:07,0.0,3.0,484.0,23.8,38.0
2023-11-11 08:23:07,0.0,3.0,461.0,23.8,38.0
2023-11-11 08:33:07,0.0,3.0,453.0,23.9,38.0
2023-11-11 08:43:07,0.0,3.0,472.0,23.8,38.0
2023-11-11 08:53:07,0.0,3.0,463.0,23.8,38.0
2023-11-11 09:03:07,0.0,3.0,456.0,23.8,38.0
2023-11-11 09:13:07,0.0,6.0,458.0,23.9,38.0
2023-11-11 09:23:07,0.0,3.0,455.0,23.8,38.0
2023-11-11 09:33:07,0.0,3.0,483.0,23.8,38.0
2023-11-11 09:43:07,0.0,3.0,454.0,23.8,38.0
2023-11-11 09:53:07,0.0,3.0,487.0,23.8,38.0
2023-11-11 10:03:07,0.0,3.0,476.0,23.8,38.0
2023-11-11 10:13:07,0.0,3.0,464.0,23.8,38.0
2023-11-11 10:23:07,0.0,3.0,464.0,23.8,38.0
2023-11-11 10:33:06,0.0,3.0,456.0,23.8,38.0
2023-11-11 10:43:06,0.0,3.0,454.0,23.8,38.0
2023-11-11 10:53:06,0.0,3.0,459.0,23.8,38.0
2023-11-11 11:03:06,0.0,3.0,460.0,23.9,38.0
2023-11-11 11:13:06,0.0,3.0,442.0,23.8,38.0
2023-11-11 11:23:06,0.0,3.0,450.0,23.8,38.0
2023-11-11 11:33:06,0.0,3.0,451.0,23.8,38.0
2023-11-11 11:43:06,0.0,3.0,456.0,23.8,38.0
2023-11-11 11:53:06,0.0,3.0,445.0,23.8,38.0
2023-11-11 12:03:06,0.0,3.0,444.0,23.9,38.0
2023-11-11 12:13:06,0.0,3.0,452.0,23.8,38.0
2023-11-11 12:23:06,0.0,3.0,450.0,23.8,38.0
2023-11-11 12:33:06,0.0,3.0,441.0,23.8,38.0
2023-11-11 12:43:06,0.0,0.0,443.0,23.8,38.0
2023-11-11 12:53:06,0.0,0.0,438.0,23.8,38.0
2023-11-11 13:03:06,0.0,0.0,447.0,23.8,38.0
2023-11-11 13:13:06,0.0,3.0,448.0,23.8,38.0
2023-11-11 13:23:06,0.0,3.0,443.0,23.8,38.0
2023-11-11 13:33:06,0.0,3.0,433.0,23.8,38.0
2023-11-11 13:43:06,0.0,3.0,438.0,23.8,38.0
2023-11-11 13:53:06,0.0,3.0,453.0,23.8,38.0
2023-11-11 14:03:06,0.0,3.0,436.0,23.7,38.0
2023-11-11 14:13:06,0.0,3.0,443.0,23.8,38.0
2023-11-11 14:23:05,0.0,3.0,434.0,23.8,38.0
2023-11-11 14:33:05,0.0,3.0,449.0,23.8,38.0
2023-11-11 14:43:05,0.0,0.0,444.0,23.8,38.0
2023-11-11 14:53:05,0.0,0.0,435.0,23.8,38.0
2023-11-11 15:03:05,0.0,0.0,434.0,23.8,38.0
2023-11-11 15:13:05,0.0,0.0,439.0,23.8,38.0
2023-11-11 15:23:05,0.0,0.0,437.0,23.8,38.0
2023-11-11 15:33:05,0.0,0.0,428.0,23.8,38.0
2023-11-11 15:43:05,0.0,0.0,448.0,23.8,38.0
2023-11-11 15:53:05,0.0,0.0,437.0,23.8,38.0
2023-11-11 16:03:05,0.0,0.0,442.0,23.8,38.0
2023-11-11 16:13:05,0.0,0.0,444.0,23.8,38.0
2023-11-11 16:23:05,0.0,0.0,439.0,23.8,38.0
2023-11-11 16:33:05,0.0,0.0,447.0,23.8,38.0
2023-11-11 16:43:05,0.0,0.0,453.0,23.8,38.0
2023-11-11 16:53:05,0.0,0.0,444.0,23.8,38.0
2023-11-11 17:03:05,0.0,0.0,436.0,23.8,38.0
2023-11-11 17:13:05,0.0,0.0,432.0,23.8,38.0
2023-11-11 17:23:05,0.0,0.0,448.0,23.8,38.0
2023-11-11 17:33:05,0.0,0.0,434.0,23.8,38.0
2023-11-11 17:43:05,0.0,0.0,446.0,23.8,38.0
2023-11-11 17:53:05,0.0,0.0,447.0,23.8,38.0
2023-11-11 18:03:05,0.0,0.0,451.0,23.8,38.0
2023-11-11 18:13:04,0.0,0.0,444.0,23.8,38.0
2023-11-11 18:23:04,0.0,0.0,425.0,23.8,38.0
2023-11-11 18:33:04,0.0,0.0,448.0,23.8,38.0
2023-11-11 18:43:04,0.0,0.0,441.0,23.7,38.0
2023-11-11 18:53:04,0.0,0.0,431.0,23.8,38.0
2023-11-11 19:03:04,0.0,0.0,439.0,23.8,38.0
2023-11-11 19:13:04,0.0,0.0,435.0,23.8,38.0
2023-11-11 19:23:04,0.0,0.0,433.0,23.8,38.0
2023-11-11 19:33:04,0.0,0.0,431.0,23.8,38.0
2023-11-11 19:43:04,0.0,0.0,414.0,23.8,38.0
2023-11-11 19:53:04,0.0,0.0,441.0,23.8,38.0
2023-11-11 20:03:04,0.0,0.0,420.0,23.8,38.0
2023-11-11 20:13:04,0.0,0.0,430.0,23.8,38.0
2023-11-11 20:23:04,0.0,0.0,421.0,23.8,38.0
2023-11-11 20:33:04,0.0,0.0,441.0,23.8,38.0
2023-11-11 20:43:04,0.0,0.0,432.0,23.7,38.0
2023-11-11 20:53:04,0.0,0.0,440.0,23.8,38.0
2023-11-11 21:03:04,0.0,0.0,426.0,23.7,38.0
2023-11-11 21:13:04,0.0,0.0,421.0,23.7,38.0
2023-11-11 21:23:04,0.0,0.0,436.0,23.8,38.0
2023-11-11 21:33:04,0.0,0.0,437.0,23.8,38.0
2023-11-11 21:43:04,0.0,0.0,430.0,23.8,38.0
2023-11-11 21:53:04,0.0,0.0,417.0,23.8,38.0
2023-11-11 22:03:04,0.0,0.0,423.0,23.8,38.0
2023-11-11 22:13:03,0.0,0.0,426.0,23.8,38.0
2023-11-11 22:23:03,0.0,0.0,429.0,23.7,38.0
2023-11-11 22:33:03,0.0,0.0,416.0,23.8,38.0
2023-11-11 22:43:03,0.0,0.0,415.0,23.8,38.0
2023-11-11 22:53:03,0.0,0.0,422.0,23.8,38.0
2023-11-11 23:03:03,0.0,0.0,417.0,23.8,38.0
2023-11-11 23:13:03,0.0,0.0,425.0,23.8,38.0
2023-11-11 23:23:03,0.0,0.0,425.0,23.7,38.0
2023-11-11 23:33:03,0.0,0.0,418.0,23.8,38.0
2023-11-11 23:43:03,0.0,0.0,433.0,23.8,38.0
2023-11-11 23:53:03,0.0,0.0,437.0,23.8,38.0
2023-11-12 00:03:03,0.0,0.0,428.0,23.7,38.0
2023-11-12 00:13:03,0.0,0.0,435.0,23.8,38.0
2023-11-12 00:23:03,0.0,0.0,420.0,23.8,38.0
2023-11-12 00:33:03,0.0,0.0,419.0,23.8,38.0
2023-11-12 00:43:03,0.0,0.0,429.0,23.8,38.0
2023-11-12 00:53:03,0.0,0.0,421.0,23.8,38.0
2023-11-12 01:03:03,0.0,0.0,419.0,23.8,38.0
2023-11-12 01:13:03,0.0,0.0,434.0,23.7,38.0
2023-11-12 01:23:03,0.0,0.0,422.0,23.7,38.0
2023-11-12 01:33:03,0.0,0.0,415.0,23.7,38.0
2023-11-12 01:43:03,0.0,0.0,415.0,23.7,38.0
2023-11-12 01:53:03,1.0,0.0,423.0,23.7,38.0
2023-11-12 02:03:02,0.0,0.0,421.0,23.7,38.0
2023-11-12 02:13:02,0.0,0.0,423.0,23.7,38.0
2023-11-12 02:23:02,0.0,0.0,424.0,23.7,38.0
2023-11-12 02:33:02,0.0,0.0,419.0,23.7,38.0
2023-11-12 02:43:02,0.0,0.0,420.0,23.8,38.0
2023-11-12 02:53:02,0.0,0.0,424.0,23.7,38.0
2023-11-12 03:03:02,0.0,0.0,410.0,23.8,38.0
2023-11-12 03:13:02,0.0,0.0,415.0,23.8,38.0
2023-11-12 03:23:02,0.0,0.0,420.0,23.7,38.0
2023-11-12 03:33:02,0.0,0.0,402.0,23.7,38.0
2023-11-12 03:43:02,0.0,0.0,408.0,23.7,38.0
2023-11-12 03:53:02,0.0,0.0,418.0,23.7,38.0
2023-11-12 04:03:02,0.0,0.0,421.0,23.8,38.0
2023-11-12 04:13:02,0.0,0.0,406.0,23.7,38.0
2023-11-12 04:23:02,0.0,0.0,417.0,23.7,38.0
2023-11-12 04:33:02,0.0,0.0,413.0,23.7,38.0
2023-11-12 04:43:02,0.0,0.0,412.0,23.7,38.0
2023-11-12 04:53:02,0.0,0.0,418.0,23.8,38.0
2023-11-12 05:03:02,0.0,0.0,411.0,23.7,38.0
2023-11-12 05:13:02,0.0,0.0,410.0,23.8,38.0
2023-11-12 05:23:02,0.0,0.0,402.0,23.7,38.0
2023-11-12 05:33:02,0.0,0.0,412.0,23.7,38.0
2023-11-12 05:43:02,0.0,33.0,421.0,23.7,38.0
2023-11-12 05:53:02,0.0,33.0,406.0,23.7,38.0
2023-11-12 06:03:01,2.0,33.0,408.0,23.8,38.0
2023-11-12 06:13:01,1.0,33.0,417.0,23.8,38.0
2023-11-12 06:23:01,0.0,0.0,433.0,23.8,38.0
2023-11-12 06:33:01,0.0,0.0,436.0,23.8,38.0
2023-11-12 06:43:01,0.0,0.0,433.0,23.8,38.0
2023-11-12 06:53:01,0.0,0.0,429.0,23.8,38.0
2023-11-12 07:03:01,0.0,0.0,448.0,23.7,38.0
2023-11-12 07:13:01,0.0,0.0,442.0,23.8,38.0
2023-11-12 07:23:01,0.0,0.0,436.0,23.7,38.0
2023-11-12 07:33:01,0.0,0.0,434.0,23.7,38.0
2023-11-12 07:43:01,0.0,3.0,414.0,23.7,38.0
2023-11-12 07:53:01,0.0,3.0,410.0,23.7,38.0
2023-11-12 08:03:01,0.0,3.0,433.0,23.7,38.0
2023-11-12 08:13:01,0.0,3.0,417.0,23.7,38.0
2023-11-12 08:23:01,0.0,3.0,405.0,23.7,38.0
2023-11-12 08:33:01,0.0,3.0,416.0,23.8,38.0
2023-11-12 08:43:01,0.0,3.0,426.0,23.8,38.0
2023-11-12 08:53:01,0.0,3.0,421.0,23.7,38.0
2023-11-12 09:03:01,0.0,3.0,419.0,23.7,38.0
2023-11-12 09:13:01,0.0,3.0,396.0,23.8,38.0
2023-11-12 09:23:01,0.0,3.0,426.0,23.7,38.0
2023-11-12 09:33:01,0.0,3.0,422.0,23.7,38.0
2023-11-12 09:43:01,0.0,3.0,403.0,23.7,38.0
2023-11-12 09:53:01,0.0,3.0,420.0,23.7,38.0
2023-11-12 10:03:00,0.0,3.0,407.0,23.7,38.0
2023-11-12 10:13:00,1.0,3.0,415.0,23.8,38.0
2023-11-12 10:23:00,0.0,3.0,413.0,23.7,38.0
2023-11-12 10:33:00,0.0,3.0,421.0,23.8,38.0
2023-11-12 10:43:00,0.0,3.0,408.0,23.7,38.0
2023-11-12 10:53:00,0.0,3.0,424.0,23.7,38.0
2023-11-12 11:03:00,0.0,3.0,413.0,23.7,38.0
2023-11-12 11:13:00,0.0,3.0,421.0,23.7,38.0
2023-11-12 11:23:00,0.0,3.0,420.0,23.7,38.0
2023-11-12 11:33:00,0.0,3.0,406.0,23.8,38.0
2023-11-12 11:43:00,0.0,3.0,415.0,23.7,38.0
2023-11-12 11:53:00,0.0,3.0,413.0,23.7,38.0
2023-11-12 12:03:00,0.0,3.0,407.0,23.7,38.0
2023-11-12 12:13:00,0.0,3.0,404.0,23.8,38.0
2023-11-12 12:23:00,1.0,3.0,410.0,23.7,38.0
2023-11-12 12:33:00,0.0,3.0,413.0,23.7,38.0
2023-11-12 12:43:00,0.0,3.0,406.0,23.7,38.0
2023-11-12 12:53:00,0.0,3.0,414.0,23.7,38.0
2023-11-12 13:03:00,0.0,3.0,405.0,23.7,38.0
2023-11-12 13:13:00,0.0,3.0,407.0,23.8,38.0
2023-11-12 13:23:00,0.0,3.0,410.0,23.7,38.0
2023-11-12 13:33:00,0.0,3.0,419.0,23.7,38.0
2023-11-12 13:43:00,0.0,3.0,397.0,23.8,38.0
2023-11-12 13:53:00,0.0,3.0,401.0,23.7,38.0
2023-11-12 14:02:59,0.0,0.0,417.0,23.7,38.0
2023-11-12 14:12:59,0.0,0.0,415.0,23.8,38.0
2023-11-12 14:22:59,0.0,0.0,399.0,23.8,38.0
2023-11-12 14:32:59,0.0,0.0,399.0,23.8,38.0
2023-11-12 14:42:59,0.0,0.0,407.0,23.7,38.0
2023-11-12 14:53:00,0.0,0.0,401.0,23.7,38.0
2023-11-12 15:02:59,0.0,0.0,401.0,23.7,37.0
2023-11-12 15:12:59,0.0,0.0,403.0,23.7,38.0
2023-11-12 15:22:59,0.0,0.0,396.0,23.7,37.0
2023-11-12 15:32:59,0.0,0.0,404.0,23.8,38.0
2023-11-12 15:42:59,0.0,0.0,406.0,23.7,38.0
2023-11-12 15:52:59,0.0,0.0,400.0,23.8,37.0
2023-11-12 16:02:59,0.0,0.0,401.0,23.7,37.0
2023-11-12 16:12:59,0.0,0.0,403.0,23.7,37.0
2023-11-12 16:22:59,0.0,0.0,402.0,23.7,37.0
2023-11-12 16:32:59,0.0,0.0,404.0,23.7,37.0
2023-11-12 16:42:59,0.0,0.0,413.0,23.7,37.0
2023-11-12 16:52:59,0.0,0.0,405.0,23.7,37.0
2023-11-12 17:02:59,0.0,0.0,400.0,23.7,37.0
2023-11-12 17:12:59,0.0,0.0,396.0,23.7,37.0
2023-11-12 17:22:59,0.0,0.0,403.0,23.7,37.0
2023-11-12 17:32:59,0.0,0.0,404.0,23.7,37.0
2023-11-12 17:42:58,0.0,0.0,405.0,23.7,37.0
2023-11-12 17:52:58,0.0,0.0,404.0,23.7,37.0
2023-11-12 18:02:58,0.0,0.0,402.0,23.7,37.0
2023-11-12 18:12:58,0.0,0.0,421.0,23.7,37.0
2023-11-12 18:22:58,0.0,0.0,400.0,23.7,37.0
2023-11-12 18:32:58,0.0,0.0,405.0,23.8,37.0
2023-11-12 18:42:58,0.0,0.0,403.0,23.7,37.0
2023-11-12 18:52:58,0.0,0.0,410.0,23.7,37.0
2023-11-12 19:02:58,0.0,0.0,399.0,23.7,37.0
2023-11-12 19:12:58,0.0,0.0,405.0,23.7,37.0
2023-11-12 19:22:58,0.0,0.0,402.0,23.7,37.0
2023-11-12 19:32:58,0.0,0.0,418.0,23.7,37.0
2023-11-12 19:42:58,0.0,0.0,406.0,23.7,37.0
2023-11-12 19:52:58,0.0,0.0,393.0,23.7,37.0
2023-11-12 20:02:58,0.0,0.0,390.0,23.7,37.0
2023-11-12 20:12:58,0.0,0.0,408.0,23.7,37.0
2023-11-12 20:22:58,0.0,0.0,404.0,23.7,37.0
2023-11-12 20:32:58,0.0,0.0,409.0,23.7,37.0
2023-11-12 20:42:58,0.0,0.0,402.0,23.7,37.0
2023-11-12 20:52:58,0.0,0.0,400.0,23.7,37.0
2023-11-12 21:02:58,0.0,0.0,415.0,23.7,37.0
2023-11-12 21:12:58,0.0,0.0,397.0,23.7,37.0
2023-11-12 21:22:58,0.0,0.0,397.0,23.7,37.0
2023-11-12 21:32:58,0.0,0.0,406.0,23.7,37.0
2023-11-12 21:42:57,0.0,0.0,409.0,23.7,37.0
2023-11-12 21:52:58,0.0,0.0,405.0,23.7,37.0
2023-11-12 22:02:57,0.0,0.0,404.0,23.7,37.0
2023-11-12 22:12:57,0.0,0.0,399.0,23.7,37.0
2023-11-12 22:22:57,0.0,0.0,397.0,23.7,37.0
2023-11-12 22:32:57,0.0,0.0,402.0,23.7,37.0
2023-11-12 22:42:57,0.0,0.0,395.0,23.7,37.0
2023-11-12 22:52:57,0.0,0.0,401.0,23.7,37.0
2023-11-12 23:02:57,0.0,0.0,400.0,23.7,37.0
2023-11-12 23:12:57,0.0,0.0,416.0,23.7,37.0
2023-11-12 23:22:57,0.0,0.0,390.0,23.7,37.0
2023-11-12 23:32:57,0.0,0.0,394.0,23.7,37.0
2023-11-12 23:42:57,0.0,0.0,406.0,23.7,37.0
2023-11-12 23:52:57,0.0,0.0,399.0,23.7,37.0
2023-11-13 00:02:57,0.0,0.0,403.0,23.7,37.0
2023-11-13 00:12:57,0.0,0.0,391.0,23.7,37.0
2023-11-13 00:22:57,0.0,0.0,405.0,23.7,37.0
2023-11-13 00:32:57,0.0,0.0,410.0,23.7,37.0
2023-11-13 00:42:57,0.0,0.0,388.0,23.7,36.0
2023-11-13 00:52:57,0.0,0.0,392.0,23.7,36.0
2023-11-13 01:02:57,0.0,0.0,402.0,23.7,37.0
2023-11-13 01:12:57,0.0,0.0,404.0,23.7,37.0
2023-11-13 04:22:56,0.0,0.0,404.0,23.7,36.0
2023-11-13 04:32:56,0.0,0.0,402.0,23.7,36.0
2023-11-13 04:42:56,0.0,0.0,397.0,23.7,36.0
2023-11-13 04:52:56,0.0,0.0,386.0,23.7,36.0
2023-11-13 05:02:56,0.0,0.0,400.0,23.7,36.0
2023-11-13 05:12:56,0.0,0.0,394.0,23.7,36.0
2023-11-13 05:22:56,0.0,0.0,410.0,23.6,36.0
2023-11-13 05:32:55,0.0,0.0,417.0,23.7,36.0
2023-11-13 05:42:55,0.0,33.0,413.0,23.7,36.0
2023-11-13 05:52:56,0.0,33.0,403.0,23.7,36.0
2023-11-13 06:02:55,0.0,0.0,408.0,23.7,36.0
2023-11-13 06:12:55,0.0,0.0,402.0,23.7,36.0
2023-11-13 06:22:55,1.0,0.0,406.0,23.7,36.0
2023-11-13 06:32:55,0.0,0.0,403.0,23.7,36.0
2023-11-13 06:42:55,0.0,3.0,400.0,23.7,36.0
2023-11-13 06:52:55,0.0,3.0,400.0,23.7,36.0
2023-11-13 07:02:55,0.0,3.0,416.0,23.7,36.0
2023-11-13 07:12:55,0.0,3.0,415.0,23.6,36.0
2023-11-13 07:22:55,0.0,3.0,408.0,23.7,36.0
2023-11-13 07:32:55,1.0,33.0,420.0,23.6,36.0
2023-11-13 07:42:55,4.0,40.0,432.0,23.6,36.0
2023-11-13 07:52:55,3.0,43.0,436.0,23.6,36.0
2023-11-13 08:02:55,2.0,43.0,457.0,23.6,37.0
2023-11-13 08:12:55,1.0,43.0,465.0,23.6,37.0
2023-11-13 08:22:55,4.0,43.0,481.0,23.6,37.0
2023-11-13 08:32:55,5.0,43.0,507.0,23.6,37.0
2023-11-13 08:42:55,3.0,43.0,515.0,23.6,37.0
2023-11-13 08:52:55,0.0,40.0,547.0,23.6,37.0
2023-11-13 09:02:55,0.0,40.0,562.0,23.6,38.0
2023-11-13 09:12:55,3.0,40.0,577.0,23.6,38.0
2023-11-13 09:22:54,2.0,40.0,597.0,23.6,38.0
2023-11-13 09:32:54,4.0,40.0,610.0,23.6,38.0
2023-11-13 09:42:54,4.0,40.0,651.0,23.6,38.0
2023-11-13 09:52:54,5.0,43.0,733.0,23.6,39.0
2023-11-13 10:02:54,0.0,40.0,751.0,23.6,39.0
2023-11-13 10:12:54,3.0,40.0,765.0,23.5,39.0
2023-11-13 10:22:54,6.0,43.0,739.0,23.6,39.0
2023-11-13 10:32:54,6.0,47.0,803.0,23.5,39.0
2023-11-13 10:42:54,3.0,43.0,786.0,23.6,39.0
2023-11-13 10:52:54,1.0,40.0,814.0,23.6,39.0
2023-11-13 11:02:54,2.0,43.0,782.0,23.6,39.0
2023-11-13 11:12:54,5.0,43.0,834.0,23.6,39.0
2023-11-13 11:22:54,1.0,40.0,852.0,23.6,39.0
2023-11-13 11:32:54,6.0,40.0,876.0,23.6,39.0
2023-11-13 11:42:54,4.0,40.0,838.0,23.6,39.0
2023-11-13 11:52:54,5.0,43.0,857.0,23.7,39.0
2023-11-13 12:02:54,5.0,40.0,914.0,23.6,39.0
2023-11-13 12:12:54,0.0,40.0,914.0,23.7,39.0
2023-11-13 12:22:54,2.0,40.0,886.0,23.6,39.0
2023-11-13 12:32:54,6.0,40.0,935.0,23.7,39.0
2023-11-13 12:42:54,6.0,43.0,939.0,23.6,39.0
2023-11-13 12:52:54,4.0,43.0,969.0,23.7,39.0
2023-11-13 13:02:54,3.0,40.0,982.0,23.7,40.0
2023-11-13 13:12:54,2.0,43.0,976.0,23.7,40.0
2023-11-13 13:22:53,2.0,43.0,960.0,23.6,40.0
2023-11-13 13:32:53,3.0,47.0,965.0,23.7,40.0
2023-11-13 13:42:53,3.0,47.0,948.0,23.6,40.0
2023-11-13 13:52:54,0.0,47.0,963.0,23.6,40.0
2023-11-13 14:02:53,3.0,47.0,960.0,23.7,40.0
2023-11-13 14:12:53,0.0,43.0,1026.0,23.6,40.0
2023-11-13 14:22:53,7.0,43.0,1015.0,23.7,40.0
2023-11-13 14:32:53,2.0,43.0,1032.0,23.6,40.0
2023-11-13 14:42:53,2.0,43.0,1053.0,23.7,40.0
2023-11-13 14:52:53,0.0,47.0,1116.0,23.7,40.0
2023-11-13 15:02:53,8.0,43.0,1074.0,23.6,40.0
2023-11-13 15:12:53,4.0,43.0,1061.0,23.7,40.0
2023-11-13 15:22:53,1.0,43.0,1041.0,23.7,40.0
2023-11-13 15:32:53,3.0,43.0,1065.0,23.7,40.0
2023-11-13 15:42:53,3.0,43.0,1077.0,23.7,40.0
2023-11-13 15:52:53,3.0,43.0,1050.0,23.7,40.0
2023-11-13 16:03:06,2.0,43.0,1042.0,23.7,40.0
2023-11-13 16:13:05,4.0,43.0,981.0,23.7,40.0
2023-11-13 16:23:05,1.0,43.0,941.0,23.7,39.0
2023-11-13 16:33:05,1.0,40.0,958.0,23.7,40.0
2023-11-13 16:43:05,0.0,40.0,881.0,23.7,39.0
2023-11-13 16:53:05,2.0,40.0,856.0,23.7,39.0
2023-11-13 17:03:05,0.0,40.0,850.0,23.7,39.0
2023-11-13 17:13:05,0.0,40.0,796.0,23.8,39.0
2023-11-13 17:23:05,0.0,40.0,773.0,23.7,39.0
2023-11-13 17:33:05,2.0,33.0,792.0,23.8,39.0
2023-11-13 17:43:05,1.0,37.0,811.0,23.8,39.0
2023-11-13 17:53:05,0.0,3.0,786.0,23.8,39.0
2023-11-13 18:03:05,0.0,3.0,747.0,23.8,39.0
2023-11-13 18:13:05,0.0,3.0,736.0,23.8,38.0
2023-11-13 18:23:05,0.0,3.0,718.0,23.8,38.0
2023-11-13 18:33:05,0.0,3.0,686.0,23.8,38.0
2023-11-13 18:43:05,0.0,3.0,674.0,23.8,38.0
2023-11-13 18:53:05,0.0,3.0,672.0,23.7,38.0
2023-11-13 19:03:05,0.0,3.0,652.0,23.8,38.0
2023-11-13 19:13:05,0.0,3.0,644.0,23.8,38.0
2023-11-13 19:23:05,2.0,20.0,664.0,23.7,38.0
2023-11-13 19:33:05,0.0,37.0,733.0,23.8,38.0
2023-11-13 19:43:05,0.0,3.0,663.0,23.8,38.0
2023-11-13 19:53:05,0.0,3.0,643.0,23.8,38.0
2023-11-13 20:03:04,0.0,3.0,622.0,23.8,38.0
2023-11-13 20:13:04,0.0,3.0,603.0,23.7,38.0
2023-11-13 20:23:04,0.0,3.0,617.0,23.7,38.0
2023-11-13 20:33:04,0.0,3.0,596.0,23.8,38.0
2023-11-13 20:43:04,1.0,0.0,596.0,23.7,37.0
2023-11-13 20:53:04,0.0,0.0,587.0,23.7,37.0
2023-11-13 21:03:04,0.0,0.0,591.0,23.7,38.0
2023-11-13 21:13:04,0.0,0.0,572.0,23.8,37.0
2023-11-13 21:23:04,0.0,0.0,582.0,23.7,37.0
2023-11-13 21:33:04,0.0,0.0,570.0,23.7,37.0
2023-11-13 21:43:04,0.0,0.0,574.0,23.8,37.0
2023-11-13 21:53:04,0.0,0.0,541.0,23.7,37.0
2023-11-13 22:03:04,0.0,0.0,552.0,23.7,37.0
2023-11-13 22:13:04,0.0,0.0,553.0,23.8,37.0
2023-11-13 22:23:04,0.0,0.0,535.0,23.8,37.0
2023-11-13 22:33:04,0.0,0.0,537.0,23.7,37.0
2023-11-13 22:43:04,0.0,0.0,538.0,23.7,37.0
2023-11-13 22:53:04,0.0,0.0,518.0,23.7,37.0
2023-11-13 23:03:04,0.0,0.0,532.0,23.7,37.0
2023-11-13 23:13:04,0.0,0.0,527.0,23.7,37.0
2023-11-13 23:23:04,0.0,0.0,537.0,23.7,37.0
2023-11-13 23:33:04,0.0,0.0,521.0,23.7,37.0
2023-11-13 23:43:04,0.0,0.0,510.0,23.7,37.0
2023-11-13 23:53:04,0.0,0.0,532.0,23.7,37.0
2023-11-14 00:03:03,0.0,0.0,519.0,23.7,37.0
2023-11-14 00:13:03,0.0,0.0,509.0,23.7,37.0
2023-11-14 00:23:03,1.0,0.0,507.0,23.7,37.0
2023-11-14 00:33:03,0.0,0.0,501.0,23.7,37.0
2023-11-14 00:43:03,0.0,0.0,520.0,23.7,37.0
2023-11-14 00:53:03,0.0,0.0,494.0,23.7,37.0
2023-11-14 01:03:03,0.0,0.0,495.0,23.7,37.0
2023-11-14 01:13:03,0.0,0.0,513.0,23.7,37.0
2023-11-14 01:23:03,0.0,0.0,497.0,23.7,37.0
2023-11-14 01:33:03,0.0,0.0,490.0,23.7,37.0
2023-11-14 01:43:04,0.0,0.0,494.0,23.7,37.0
2023-11-14 01:53:03,0.0,0.0,485.0,23.7,37.0
2023-11-14 02:03:03,0.0,0.0,481.0,23.7,37.0
2023-11-14 02:13:03,0.0,0.0,477.0,23.7,37.0
2023-11-14 02:23:03,0.0,0.0,477.0,23.7,37.0
2023-11-14 02:33:03,0.0,0.0,486.0,23.7,37.0
2023-11-14 02:43:03,0.0,0.0,472.0,23.7,37.0
2023-11-14 02:53:03,0.0,0.0,454.0,23.7,37.0
2023-11-14 03:03:03,1.0,30.0,485.0,23.6,37.0
2023-11-14 03:13:03,0.0,33.0,467.0,23.7,37.0
2023-11-14 03:23:03,0.0,0.0,481.0,23.7,37.0
2023-11-14 03:33:03,0.0,0.0,462.0,23.7,37.0
2023-11-14 03:43:03,0.0,0.0,473.0,23.7,37.0
2023-11-14 03:53:02,1.0,33.0,478.0,23.7,37.0
2023-11-14 04:03:02,0.0,33.0,463.0,23.7,37.0
2023-11-14 04:13:02,0.0,0.0,480.0,23.7,37.0
2023-11-14 04:23:02,0.0,0.0,462.0,23.7,37.0
2023-11-14 04:33:02,0.0,0.0,474.0,23.7,37.0
2023-11-14 04:43:02,0.0,0.0,456.0,23.7,37.0
2023-11-14 04:53:02,0.0,0.0,471.0,23.7,37.0
2023-11-14 05:03:02,0.0,0.0,456.0,23.7,37.0
2023-11-14 05:13:02,0.0,0.0,460.0,23.7,37.0
2023-11-14 05:23:02,0.0,0.0,457.0,23.6,37.0
2023-11-14 05:33:02,0.0,0.0,450.0,23.7,37.0
2023-11-14 05:43:02,0.0,0.0,456.0,23.6,37.0
2023-11-14 05:53:02,0.0,0.0,438.0,23.6,37.0
2023-11-14 06:03:02,0.0,0.0,443.0,23.7,37.0
2023-11-14 06:13:02,0.0,0.0,444.0,23.7,37.0
2023-11-14 06:23:02,1.0,33.0,458.0,23.7,37.0
2023-11-14 06:33:02,0.0,33.0,456.0,23.7,37.0
2023-11-14 06:43:02,0.0,0.0,451.0,23.7,37.0
2023-11-14 06:53:02,0.0,0.0,456.0,23.6,37.0
2023-11-14 07:03:02,0.0,0.0,457.0,23.7,37.0
2023-11-14 07:13:02,1.0,30.0,456.0,23.7,37.0
2023-11-14 07:23:02,0.0,33.0,471.0,23.7,37.0
2023-11-14 07:33:02,1.0,33.0,471.0,23.7,37.0
2023-11-14 07:43:01,0.0,37.0,481.0,23.6,37.0
2023-11-14 07:53:02,5.0,40.0,584.0,23.6,38.0
2023-11-14 08:03:01,1.0,40.0,582.0,23.5,38.0
2023-11-14 08:13:01,1.0,40.0,592.0,23.5,39.0
2023-11-14 08:23:01,3.0,40.0,634.0,23.6,39.0
2023-11-14 08:33:01,5.0,40.0,660.0,23.6,40.0
2023-11-14 08:43:01,2.0,40.0,711.0,23.5,40.0
2023-11-14 08:53:01,7.0,40.0,708.0,23.5,41.0
2023-11-14 09:03:01,4.0,40.0,718.0,23.5,41.0
2023-11-14 09:13:01,2.0,40.0,720.0,23.5,41.0
2023-11-14 09:23:01,4.0,40.0,758.0,23.6,42.0
2023-11-14 09:33:01,0.0,43.0,759.0,23.6,41.0
2023-11-14 09:43:01,3.0,40.0,815.0,23.6,41.0
2023-11-14 09:53:01,1.0,40.0,771.0,23.6,41.0
2023-11-14 10:03:01,5.0,40.0,779.0,23.6,41.0
2023-11-14 10:13:01,1.0,40.0,785.0,23.6,41.0
2023-11-14 10:23:01,1.0,40.0,807.0,23.6,41.0
2023-11-14 10:33:01,0.0,40.0,876.0,23.6,41.0
2023-11-14 10:43:01,0.0,40.0,862.0,23.6,41.0
2023-11-14 10:53:01,4.0,40.0,904.0,23.6,41.0
2023-11-14 11:03:01,1.0,40.0,877.0,23.6,41.0
2023-11-14 11:13:01,2.0,40.0,926.0,23.6,41.0
2023-11-14 11:23:01,1.0,40.0,912.0,23.6,41.0
2023-11-14 11:33:01,1.0,40.0,901.0,23.6,41.0
2023-11-14 11:43:00,2.0,40.0,992.0,23.6,41.0
2023-11-14 11:53:00,2.0,40.0,999.0,23.5,41.0
2023-11-14 12:03:00,3.0,40.0,1007.0,23.6,41.0
2023-11-14 12:13:00,0.0,40.0,1011.0,23.6,41.0
2023-11-14 12:23:00,5.0,40.0,1031.0,23.6,41.0
2023-11-14 12:33:00,5.0,40.0,1034.0,23.6,41.0
2023-11-14 12:43:00,3.0,40.0,1009.0,23.6,41.0
2023-11-14 12:53:00,0.0,40.0,1012.0,23.6,41.0
2023-11-14 13:03:00,0.0,40.0,1003.0,23.6,41.0
2023-11-14 13:13:00,2.0,40.0,1032.0,23.6,41.0
2023-11-14 13:23:00,3.0,40.0,1039.0,23.6,41.0
2023-11-14 13:33:00,3.0,40.0,1081.0,23.6,41.0
2023-11-14 13:43:00,1.0,40.0,1039.0,23.6,41.0
2023-11-14 13:53:00,0.0,37.0,1027.0,23.6,41.0
2023-11-14 14:03:00,2.0,37.0,1112.0,23.6,41.0
2023-11-14 14:13:00,0.0,37.0,1038.0,23.6,41.0
2023-11-14 14:23:00,1.0,37.0,1049.0,23.6,41.0
2023-11-14 14:33:00,2.0,37.0,1039.0,23.6,40.0
2023-11-14 14:43:00,4.0,37.0,1110.0,23.6,41.0
2023-11-14 14:53:00,1.0,40.0,1098.0,23.6,41.0
2023-11-14 15:03:00,2.0,37.0,1031.0,23.6,41.0
2023-11-14 15:13:00,1.0,40.0,976.0,23.5,40.0
2023-11-14 15:23:00,2.0,37.0,973.0,23.6,40.0
2023-11-14 15:32:59,0.0,37.0,979.0,23.6,40.0
2023-11-14 15:42:59,2.0,37.0,960.0,23.5,39.0
2023-11-14 15:53:00,6.0,43.0,933.0,23.6,39.0
2023-11-14 16:02:59,2.0,43.0,944.0,23.6,39.0
2023-11-14 16:12:59,4.0,40.0,913.0,23.6,39.0
2023-11-14 16:22:59,0.0,40.0,890.0,23.6,39.0
2023-11-14 16:32:59,0.0,40.0,864.0,23.6,39.0
2023-11-14 16:42:59,0.0,40.0,802.0,23.6,39.0
2023-11-14 16:52:59,3.0,43.0,803.0,23.6,39.0
2023-11-14 17:02:59,0.0,43.0,815.0,23.6,39.0
2023-11-14 17:12:59,2.0,43.0,867.0,23.6,39.0
2023-11-14 17:22:59,0.0,40.0,852.0,23.6,39.0
2023-11-14 17:32:59,0.0,6.0,786.0,23.6,39.0
2023-11-14 17:42:59,0.0,6.0,769.0,23.7,39.0
2023-11-14 17:52:59,0.0,6.0,748.0,23.7,39.0
2023-11-14 18:02:59,0.0,6.0,728.0,23.7,39.0
2023-11-14 18:12:59,2.0,6.0,742.0,23.6,38.0
2023-11-14 18:22:59,0.0,6.0,710.0,23.6,38.0
2023-11-14 18:32:59,2.0,10.0,680.0,23.7,38.0
2023-11-14 18:42:59,0.0,10.0,717.0,23.6,38.0
2023-11-14 18:52:59,0.0,10.0,701.0,23.7,38.0
2023-11-14 19:02:59,0.0,10.0,692.0,23.6,38.0
2023-11-14 19:12:59,0.0,10.0,701.0,23.6,38.0
2023-11-14 19:22:59,0.0,10.0,695.0,23.6,38.0
2023-11-14 19:32:58,0.0,6.0,692.0,23.6,38.0
2023-11-14 19:42:58,0.0,6.0,686.0,23.6,38.0
2023-11-14 19:52:58,0.0,6.0,656.0,23.6,38.0
2023-11-14 20:02:58,0.0,6.0,661.0,23.6,38.0
2023-11-14 20:12:58,0.0,6.0,648.0,23.7,38.0
2023-11-14 20:22:58,0.0,6.0,632.0,23.6,38.0
2023-11-14 20:32:58,0.0,6.0,609.0,23.7,38.0
2023-11-14 20:42:58,0.0,6.0,607.0,23.6,38.0
2023-11-14 20:52:58,0.0,6.0,595.0,23.7,38.0
2023-11-14 21:02:58,1.0,6.0,583.0,23.7,38.0
2023-11-14 21:12:58,1.0,6.0,564.0,23.6,38.0
2023-11-14 21:22:58,0.0,6.0,576.0,23.6,38.0
2023-11-14 21:32:58,0.0,6.0,559.0,23.6,37.0
2023-11-14 21:42:58,0.0,6.0,568.0,23.6,37.0
2023-11-14 21:52:58,0.0,6.0,557.0,23.7,37.0
2023-11-14 22:02:58,0.0,6.0,551.0,23.7,37.0
2023-11-14 22:12:58,0.0,6.0,551.0,23.6,37.0
2023-11-14 22:22:58,0.0,6.0,547.0,23.7,37.0
2023-11-14 22:32:58,0.0,6.0,544.0,23.7,37.0
2023-11-14 22:42:58,0.0,6.0,537.0,23.7,37.0
2023-11-14 22:52:58,0.0,6.0,532.0,23.7,37.0
2023-11-14 23:02:58,0.0,6.0,526.0,23.6,37.0
2023-11-14 23:12:58,0.0,6.0,532.0,23.7,37.0
2023-11-14 23:22:57,0.0,6.0,530.0,23.6,37.0
2023-11-14 23:32:58,1.0,6.0,503.0,23.7,37.0
2023-11-14 23:42:57,0.0,6.0,520.0,23.7,37.0
2023-11-14 23:52:58,0.0,6.0,532.0,23.7,37.0
2023-11-15 00:02:57,0.0,6.0,505.0,23.7,37.0
2023-11-15 00:12:57,0.0,6.0,515.0,23.6,37.0
2023-11-15 00:22:57,0.0,6.0,503.0,23.7,37.0
2023-11-15 00:32:57,0.0,6.0,513.0,23.6,37.0
2023-11-15 00:42:57,0.0,6.0,501.0,23.6,37.0
2023-11-15 00:52:57,0.0,6.0,517.0,23.6,37.0
2023-11-15 01:02:57,0.0,6.0,497.0,23.6,37.0
2023-11-15 01:12:57,0.0,6.0,491.0,23.6,37.0
2023-11-15 01:22:57,0.0,6.0,520.0,23.7,37.0
2023-11-15 01:32:57,0.0,6.0,489.0,23.6,37.0
2023-11-15 01:42:57,0.0,6.0,492.0,23.6,37.0
2023-11-15 01:52:57,0.0,6.0,473.0,23.6,37.0
2023-11-15 02:02:57,0.0,6.0,498.0,23.7,37.0
2023-11-15 02:12:57,0.0,6.0,481.0,23.6,37.0
2023-11-15 02:22:57,0.0,6.0,494.0,23.6,37.0
2023-11-15 02:32:57,0.0,6.0,480.0,23.6,37.0
2023-11-15 02:42:57,0.0,6.0,481.0,23.7,37.0
2023-11-15 02:52:57,0.0,6.0,473.0,23.7,37.0
2023-11-15 03:02:57,1.0,37.0,486.0,23.6,36.0
2023-11-15 03:12:57,0.0,37.0,476.0,23.7,36.0
2023-11-15 03:22:56,0.0,6.0,469.0,23.6,36.0
2023-11-15 03:32:56,0.0,6.0,499.0,23.7,37.0
2023-11-15 03:42:56,0.0,6.0,481.0,23.7,37.0
2023-11-15 03:52:56,0.0,6.0,475.0,23.7,36.0
2023-11-15 04:02:56,2.0,40.0,482.0,23.7,36.0
2023-11-15 04:12:56,2.0,33.0,490.0,23.7,36.0
2023-11-15 04:22:56,0.0,0.0,493.0,23.7,37.0
2023-11-15 04:32:56,0.0,0.0,485.0,23.6,37.0
2023-11-15 04:42:56,0.0,0.0,489.0,23.7,37.0
2023-11-15 04:52:56,0.0,0.0,475.0,23.7,37.0
2023-11-15 05:02:56,0.0,0.0,459.0,23.6,37.0
2023-11-15 05:12:56,0.0,0.0,473.0,23.6,37.0
2023-11-15 05:22:56,0.0,0.0,480.0,23.7,37.0
2023-11-15 05:32:56,0.0,0.0,481.0,23.6,37.0
2023-11-15 05:42:56,0.0,0.0,483.0,23.6,37.0
2023-11-15 05:52:56,0.0,0.0,475.0,23.7,36.0
2023-11-15 06:02:56,0.0,0.0,464.0,23.6,36.0
2023-11-15 06:12:56,0.0,0.0,467.0,23.7,36.0
2023-11-15 06:22:56,0.0,0.0,457.0,23.6,36.0
2023-11-15 06:32:56,0.0,0.0,455.0,23.6,36.0
2023-11-15 06:42:56,0.0,0.0,456.0,23.6,36.0
2023-11-15 06:52:56,0.0,0.0,470.0,23.6,36.0
2023-11-15 07:02:56,0.0,3.0,480.0,23.6,36.0
2023-11-15 07:12:55,0.0,3.0,469.0,23.6,36.0
2023-11-15 07:22:55,0.0,37.0,467.0,23.6,36.0
2023-11-15 07:32:55,3.0,37.0,505.0,23.6,36.0
2023-11-15 07:42:55,4.0,37.0,473.0,23.5,34.0
2023-11-15 07:52:55,2.0,40.0,468.0,23.4,35.0
2023-11-15 08:02:55,2.0,40.0,519.0,23.5,35.0
2023-11-15 08:12:55,3.0,40.0,546.0,23.5,36.0
2023-11-15 08:22:55,7.0,43.0,638.0,23.5,37.0
2023-11-15 08:32:55,2.0,37.0,617.0,23.4,37.0
2023-11-15 08:42:55,4.0,37.0,642.0,23.5,37.0
2023-11-15 08:52:55,9.0,40.0,688.0,23.4,38.0
2023-11-15 09:02:55,1.0,40.0,686.0,23.5,37.0
2023-11-15 09:12:55,4.0,40.0,724.0,23.5,38.0
2023-11-15 09:22:55,2.0,40.0,723.0,23.4,37.0
2023-11-15 09:32:55,0.0,43.0,733.0,23.5,38.0
2023-11-15 09:42:55,2.0,47.0,791.0,23.5,38.0
2023-11-15 09:52:55,5.0,47.0,738.0,23.5,38.0
2023-11-15 10:02:55,4.0,47.0,755.0,23.4,37.0
2023-11-15 10:12:55,3.0,43.0,823.0,23.5,37.0
2023-11-15 10:22:55,7.0,43.0,802.0,23.4,37.0
2023-11-15 10:32:55,5.0,47.0,819.0,23.5,37.0
2023-11-15 10:42:55,4.0,47.0,882.0,23.4,38.0
2023-11-15 10:52:55,4.0,40.0,899.0,23.4,37.0
2023-11-15 11:02:54,1.0,40.0,899.0,23.4,37.0
2023-11-15 11:12:54,6.0,43.0,941.0,23.4,38.0
2023-11-15 11:22:54,8.0,43.0,978.0,23.5,38.0
2023-11-15 11:32:54,2.0,47.0,999.0,23.4,38.0
2023-11-15 11:42:54,2.0,43.0,980.0,23.4,38.0
2023-11-15 11:52:54,0.0,40.0,931.0,23.4,37.0
2023-11-15 12:02:54,7.0,40.0,985.0,23.5,38.0
2023-11-15 12:12:54,2.0,43.0,969.0,23.5,38.0
2023-11-15 12:22:54,4.0,40.0,968.0,23.5,38.0
2023-11-15 12:32:54,1.0,43.0,981.0,23.5,38.0
2023-11-15 12:42:54,2.0,43.0,993.0,23.5,38.0
2023-11-15 12:52:54,2.0,43.0,1024.0,23.5,38.0
2023-11-15 13:02:54,2.0,40.0,992.0,23.5,38.0
2023-11-15 13:12:54,4.0,40.0,998.0,23.5,38.0
2023-11-15 13:22:54,2.0,43.0,990.0,23.5,38.0
2023-11-15 13:32:54,0.0,43.0,1035.0,23.5,38.0
2023-11-15 13:42:54,1.0,43.0,996.0,23.5,38.0
2023-11-15 13:52:54,0.0,43.0,946.0,23.5,37.0
2023-11-15 14:02:54,2.0,43.0,965.0,23.5,37.0
2023-11-15 14:12:54,1.0,43.0,1017.0,23.6,38.0
2023-11-15 14:22:54,1.0,40.0,988.0,23.5,38.0
2023-11-15 14:32:54,2.0,40.0,1012.0,23.5,38.0
2023-11-15 14:42:54,2.0,40.0,1032.0,23.5,38.0
2023-11-15 14:52:54,2.0,43.0,1012.0,23.5,38.0
2023-11-15 15:02:53,0.0,43.0,1087.0,23.5,38.0
2023-11-15 15:12:53,3.0,43.0,1139.0,23.5,38.0
2023-11-15 15:22:53,6.0,43.0,1093.0,23.5,38.0
2023-11-15 15:32:53,2.0,43.0,1074.0,23.5,38.0
2023-11-15 15:42:53,1.0,43.0,1084.0,23.5,38.0
2023-11-15 15:52:53,2.0,47.0,1105.0,23.5,38.0
2023-11-15 16:02:53,1.0,43.0,1094.0,23.6,38.0
2023-11-15 16:12:53,1.0,47.0,1118.0,23.5,38.0
2023-11-15 16:22:53,2.0,47.0,1110.0,23.5,38.0
2023-11-15 16:32:53,2.0,47.0,1088.0,23.6,38.0
2023-11-15 16:42:53,1.0,47.0,1030.0,23.5,38.0
2023-11-15 16:52:53,6.0,47.0,1076.0,23.6,38.0
2023-11-15 17:02:53,2.0,43.0,1054.0,23.6,38.0
2023-11-15 17:12:53,0.0,43.0,1034.0,23.6,38.0
2023-11-15 17:22:53,1.0,40.0,1004.0,23.6,38.0
2023-11-15 17:32:53,0.0,10.0,1001.0,23.6,38.0
2023-11-15 17:42:53,2.0,13.0,944.0,23.6,38.0
2023-11-15 17:52:53,0.0,10.0,953.0,23.6,38.0
2023-11-15 18:02:53,0.0,6.0,905.0,23.6,37.0
2023-11-15 18:12:53,0.0,6.0,867.0,23.6,37.0
2023-11-15 18:22:53,0.0,6.0,837.0,23.6,37.0
2023-11-15 18:32:53,0.0,6.0,795.0,23.6,37.0
2023-11-15 18:42:53,0.0,6.0,768.0,23.6,37.0
2023-11-15 18:52:53,0.0,6.0,746.0,23.7,37.0
2023-11-15 19:02:52,0.0,6.0,730.0,23.6,36.0
2023-11-15 19:12:52,0.0,6.0,722.0,23.6,36.0
2023-11-15 19:22:52,0.0,6.0,696.0,23.6,36.0
2023-11-15 19:32:52,0.0,6.0,683.0,23.6,36.0
2023-11-15 19:42:52,0.0,6.0,666.0,23.6,36.0
2023-11-15 19:52:52,0.0,6.0,672.0,23.6,36.0
2023-11-15 20:02:52,0.0,6.0,665.0,23.6,36.0
2023-11-15 20:12:52,0.0,6.0,647.0,23.6,36.0
2023-11-15 20:22:52,0.0,6.0,641.0,23.6,36.0
2023-11-15 20:32:52,0.0,6.0,625.0,23.6,36.0
2023-11-15 20:42:52,0.0,6.0,626.0,23.6,36.0
2023-11-15 20:52:52,0.0,6.0,625.0,23.6,36.0
2023-11-15 21:02:52,1.0,6.0,628.0,23.6,36.0
2023-11-15 21:12:52,0.0,6.0,608.0,23.6,36.0
2023-11-15 21:22:52,0.0,6.0,609.0,23.6,36.0
2023-11-15 21:32:52,0.0,6.0,611.0,23.6,36.0
2023-11-15 21:42:52,0.0,6.0,587.0,23.6,36.0
2023-11-15 21:52:52,0.0,6.0,581.0,23.6,36.0
2023-11-15 22:02:52,0.0,6.0,570.0,23.6,36.0
2023-11-15 22:12:52,0.0,6.0,568.0,23.6,36.0
2023-11-15 22:22:52,0.0,6.0,575.0,23.6,36.0
2023-11-15 22:32:52,0.0,6.0,576.0,23.6,36.0
2023-11-15 22:42:52,0.0,6.0,569.0,23.6,36.0
2023-11-15 22:52:51,0.0,6.0,556.0,23.6,36.0
2023-11-15 23:02:51,0.0,6.0,555.0,23.6,36.0
2023-11-15 23:12:52,0.0,6.0,564.0,23.6,36.0
2023-11-15 23:22:51,0.0,6.0,539.0,23.6,36.0
2023-11-15 23:32:51,0.0,6.0,546.0,23.6,36.0
2023-11-15 23:42:51,0.0,6.0,533.0,23.6,36.0
2023-11-15 23:52:51,0.0,6.0,543.0,23.6,36.0
2023-11-16 00:02:51,0.0,6.0,534.0,23.6,36.0
2023-11-16 00:12:51,0.0,6.0,532.0,23.6,36.0
2023-11-16 00:22:51,0.0,6.0,522.0,23.6,35.0
2023-11-16 00:32:51,0.0,6.0,519.0,23.6,35.0
2023-11-16 00:42:51,0.0,6.0,526.0,23.6,36.0
2023-11-16 00:52:51,0.0,6.0,523.0,23.6,35.0
2023-11-16 01:02:51,0.0,6.0,525.0,23.6,36.0
2023-11-16 01:12:51,0.0,6.0,533.0,23.6,36.0
2023-11-16 01:22:51,0.0,6.0,513.0,23.6,35.0
2023-11-16 01:32:51,0.0,6.0,513.0,23.6,36.0
2023-11-16 01:42:51,0.0,6.0,516.0,23.6,36.0
2023-11-16 01:52:51,0.0,6.0,498.0,23.6,35.0
2023-11-16 02:02:51,0.0,6.0,487.0,23.6,36.0
2023-11-16 02:12:51,0.0,6.0,492.0,23.6,36.0
2023-11-16 02:22:51,0.0,6.0,499.0,23.6,35.0
2023-11-16 02:32:51,0.0,6.0,494.0,23.6,35.0
2023-11-16 02:42:50,0.0,6.0,502.0,23.6,35.0
2023-11-16 02:52:50,0.0,6.0,502.0,23.6,36.0
2023-11-16 03:02:50,1.0,40.0,508.0,23.6,35.0
2023-11-16 03:12:50,0.0,40.0,502.0,23.6,35.0
2023-11-16 03:22:50,0.0,6.0,497.0,23.6,36.0
2023-11-16 03:32:50,0.0,6.0,494.0,23.6,35.0
2023-11-16 03:42:50,0.0,6.0,491.0,23.6,35.0
2023-11-16 03:52:50,1.0,37.0,494.0,23.6,35.0
2023-11-16 04:02:50,0.0,40.0,489.0,23.6,35.0
2023-11-16 04:12:50,0.0,6.0,484.0,23.6,36.0
2023-11-16 04:22:50,0.0,6.0,488.0,23.6,36.0
2023-11-16 04:32:50,0.0,6.0,495.0,23.6,36.0
2023-11-16 04:42:50,0.0,6.0,484.0,23.6,36.0
2023-11-16 04:52:50,0.0,6.0,494.0,23.6,36.0
2023-11-16 05:02:50,0.0,6.0,471.0,23.6,36.0
2023-11-16 05:12:50,0.0,6.0,475.0,23.6,36.0
2023-11-16 05:22:50,0.0,6.0,488.0,23.6,36.0
2023-11-16 05:32:50,0.0,6.0,486.0,23.5,36.0
2023-11-16 05:42:50,0.0,6.0,485.0,23.6,36.0
2023-11-16 05:52:50,0.0,6.0,476.0,23.5,36.0
2023-11-16 06:02:50,0.0,6.0,463.0,23.6,36.0
2023-11-16 06:12:50,0.0,6.0,473.0,23.5,36.0
2023-11-16 06:22:50,0.0,6.0,479.0,23.6,36.0
2023-11-16 06:32:50,1.0,37.0,468.0,23.6,35.0
2023-11-16 06:42:49,1.0,37.0,467.0,23.6,35.0
2023-11-16 06:52:49,0.0,6.0,465.0,23.6,36.0
2023-11-16 07:02:49,0.0,6.0,467.0,23.6,35.0
2023-11-16 07:12:49,1.0,6.0,506.0,23.6,36.0
2023-11-16 07:22:49,0.0,6.0,490.0,23.6,36.0
2023-11-16 07:32:49,1.0,6.0,501.0,23.6,36.0
2023-11-16 07:42:49,0.0,37.0,500.0,23.6,36.0
2023-11-16 07:52:49,1.0,40.0,507.0,23.5,36.0
2023-11-16 08:02:49,1.0,40.0,499.0,23.5,36.0
2023-11-16 08:12:49,3.0,40.0,496.0,23.6,36.0
2023-11-16 08:22:49,2.0,37.0,513.0,23.5,36.0
2023-11-16 08:32:49,1.0,37.0,522.0,23.5,37.0
2023-11-16 08:42:49,1.0,40.0,611.0,23.4,38.0
2023-11-16 08:52:49,6.0,40.0,631.0,23.5,38.0
2023-11-16 09:02:49,0.0,40.0,655.0,23.5,38.0
2023-11-16 09:12:49,2.0,40.0,630.0,23.5,38.0
2023-11-16 09:22:49,2.0,40.0,659.0,23.5,39.0
2023-11-16 09:32:49,0.0,37.0,642.0,23.4,39.0
2023-11-16 09:42:49,0.0,37.0,664.0,23.5,39.0
2023-11-16 09:52:49,0.0,40.0,697.0,23.5,39.0
2023-11-16 10:02:49,5.0,37.0,690.0,23.5,39.0
2023-11-16 10:12:49,6.0,40.0,721.0,23.5,39.0
2023-11-16 10:22:49,1.0,40.0,715.0,23.4,39.0
2023-11-16 10:32:49,3.0,40.0,722.0,23.5,39.0
2023-11-16 10:42:48,2.0,40.0,684.0,23.4,38.0
2023-11-16 10:52:49,1.0,43.0,728.0,23.4,39.0
2023-11-16 11:02:48,3.0,40.0,705.0,23.4,39.0
2023-11-16 11:12:48,1.0,40.0,716.0,23.4,39.0
2023-11-16 11:22:48,1.0,40.0,707.0,23.4,39.0
2023-11-16 11:32:48,2.0,40.0,706.0,23.4,39.0
2023-11-16 11:42:48,1.0,37.0,719.0,23.4,39.0
2023-11-16 11:52:49,8.0,33.0,721.0,23.5,39.0
2023-11-16 12:02:48,5.0,37.0,711.0,23.4,39.0
2023-11-16 12:12:49,0.0,37.0,717.0,23.4,39.0
2023-11-16 12:22:48,2.0,33.0,697.0,23.5,39.0
2023-11-16 12:32:48,0.0,33.0,677.0,23.5,39.0
2023-11-16 12:42:48,0.0,37.0,688.0,23.5,39.0
2023-11-16 12:52:48,0.0,37.0,668.0,23.4,38.0
2023-11-16 13:02:48,1.0,33.0,674.0,23.4,38.0
2023-11-16 13:12:48,4.0,37.0,722.0,23.5,38.0
2023-11-16 13:22:48,1.0,37.0,748.0,23.5,39.0
2023-11-16 13:32:48,2.0,37.0,753.0,23.4,39.0
2023-11-16 13:42:48,0.0,37.0,735.0,23.5,39.0
2023-11-16 13:52:48,1.0,33.0,731.0,23.4,39.0
2023-11-16 14:02:48,0.0,37.0,759.0,23.4,39.0
2023-11-16 14:12:48,0.0,37.0,785.0,23.4,39.0
2023-11-16 14:22:48,1.0,37.0,766.0,23.4,39.0
2023-11-16 14:32:47,1.0,37.0,758.0,23.4,39.0
2023-11-16 14:42:47,2.0,37.0,738.0,23.4,38.0
2023-11-16 14:52:47,1.0,37.0,692.0,23.4,38.0
2023-11-16 15:02:47,3.0,37.0,658.0,23.4,37.0
2023-11-16 15:12:47,3.0,33.0,639.0,23.4,36.0
2023-11-16 15:22:47,1.0,37.0,614.0,23.4,36.0
2023-11-16 15:32:47,0.0,33.0,638.0,23.4,36.0
2023-11-16 15:42:47,0.0,33.0,653.0,23.4,36.0
2023-11-16 15:52:47,0.0,33.0,637.0,23.4,37.0
2023-11-16 16:02:47,4.0,33.0,650.0,23.4,37.0
2023-11-16 16:12:47,2.0,37.0,652.0,23.4,37.0
2023-11-16 16:22:47,1.0,40.0,655.0,23.4,37.0
2023-11-16 16:32:47,1.0,37.0,632.0,23.4,37.0
2023-11-16 16:42:47,0.0,37.0,646.0,23.4,37.0
2023-11-16 16:52:47,0.0,37.0,647.0,23.4,37.0
2023-11-16 17:02:47,1.0,37.0,635.0,23.4,37.0
2023-11-16 17:12:47,1.0,37.0,642.0,23.5,37.0
2023-11-16 17:22:47,0.0,37.0,634.0,23.4,37.0
2023-11-16 17:32:47,0.0,3.0,620.0,23.4,37.0
2023-11-16 17:42:47,1.0,6.0,607.0,23.4,37.0
2023-11-16 17:52:47,5.0,37.0,662.0,23.5,37.0
2023-11-16 18:02:47,2.0,37.0,673.0,23.4,37.0
2023-11-16 18:12:47,2.0,37.0,683.0,23.4,37.0
2023-11-16 18:22:46,0.0,37.0,631.0,23.5,37.0
2023-11-16 18:32:47,0.0,37.0,642.0,23.4,37.0
2023-11-16 18:42:46,0.0,37.0,628.0,23.4,37.0
2023-11-16 18:52:46,0.0,37.0,618.0,23.4,37.0
2023-11-16 19:02:46,1.0,37.0,629.0,23.4,37.0
2023-11-16 19:12:46,1.0,3.0,633.0,23.4,37.0
2023-11-16 19:22:46,0.0,6.0,642.0,23.4,37.0
2023-11-16 19:32:46,0.0,3.0,684.0,23.4,38.0
2023-11-16 19:42:46,0.0,0.0,665.0,23.4,38.0
2023-11-16 19:52:46,0.0,0.0,642.0,23.5,37.0
2023-11-16 20:02:46,0.0,0.0,614.0,23.4,37.0
2023-11-16 20:12:46,0.0,0.0,622.0,23.4,37.0
2023-11-16 20:22:46,0.0,0.0,590.0,23.5,37.0
2023-11-16 20:32:46,0.0,0.0,596.0,23.4,37.0
2023-11-16 20:42:46,0.0,0.0,593.0,23.4,37.0
2023-11-16 20:52:46,0.0,0.0,568.0,23.4,37.0
2023-11-16 21:02:46,1.0,0.0,574.0,23.5,37.0
2023-11-16 21:12:46,0.0,0.0,585.0,23.4,37.0
2023-11-16 21:22:46,0.0,0.0,569.0,23.4,37.0
2023-11-16 21:32:46,2.0,30.0,594.0,23.4,37.0
2023-11-16 21:42:46,0.0,33.0,547.0,23.4,36.0
2023-11-16 21:52:46,0.0,0.0,519.0,23.4,36.0
2023-11-16 22:02:46,0.0,0.0,523.0,23.4,36.0
2023-11-16 22:12:46,0.0,0.0,516.0,23.4,36.0
2023-11-16 22:22:45,0.0,0.0,505.0,23.5,36.0
2023-11-16 22:32:45,0.0,0.0,499.0,23.5,36.0
2023-11-16 22:42:45,0.0,0.0,481.0,23.4,36.0
2023-11-16 22:52:45,0.0,0.0,498.0,23.4,36.0
2023-11-16 23:02:45,0.0,0.0,481.0,23.4,36.0
2023-11-16 23:12:45,0.0,0.0,485.0,23.4,36.0
2023-11-16 23:22:45,0.0,0.0,481.0,23.4,36.0
2023-11-16 23:32:45,0.0,0.0,464.0,23.4,36.0
2023-11-16 23:42:45,0.0,0.0,459.0,23.4,36.0
2023-11-16 23:52:45,0.0,0.0,460.0,23.4,36.0
2023-11-17 00:02:45,0.0,0.0,453.0,23.4,36.0
2023-11-17 00:12:45,0.0,0.0,456.0,23.4,36.0
2023-11-17 00:22:45,0.0,0.0,453.0,23.4,36.0
2023-11-17 00:32:45,0.0,0.0,461.0,23.4,36.0
2023-11-17 00:42:45,0.0,0.0,456.0,23.4,36.0
2023-11-17 00:52:45,0.0,0.0,454.0,23.4,36.0
2023-11-17 01:02:45,0.0,0.0,453.0,23.4,35.0
2023-11-17 01:12:45,0.0,0.0,453.0,23.4,35.0
2023-11-17 01:22:45,0.0,0.0,447.0,23.4,35.0
2023-11-17 01:32:45,0.0,0.0,454.0,23.4,35.0
2023-11-17 01:42:45,0.0,0.0,449.0,23.4,35.0
2023-11-17 01:52:45,0.0,0.0,466.0,23.4,35.0
2023-11-17 02:02:45,0.0,0.0,437.0,23.4,35.0
2023-11-17 02:12:44,0.0,0.0,453.0,23.4,35.0
2023-11-17 02:22:44,0.0,0.0,450.0,23.4,35.0
2023-11-17 02:32:45,0.0,0.0,438.0,23.4,35.0
2023-11-17 02:42:44,0.0,0.0,452.0,23.4,35.0
2023-11-17 02:52:44,1.0,26.0,442.0,23.4,35.0
2023-11-17 03:02:44,0.0,33.0,460.0,23.4,35.0
2023-11-17 03:12:44,0.0,0.0,454.0,23.4,35.0
2023-11-17 03:22:44,0.0,0.0,450.0,23.4,35.0
2023-11-17 03:32:45,0.0,0.0,435.0,23.4,35.0
2023-11-17 03:42:44,0.0,0.0,446.0,23.4,35.0
2023-11-17 03:52:44,1.0,33.0,453.0,23.4,35.0
2023-11-17 04:02:44,0.0,33.0,449.0,23.4,35.0
2023-11-17 04:12:44,0.0,0.0,440.0,23.4,35.0
2023-11-17 04:22:44,0.0,0.0,438.0,23.4,35.0
2023-11-17 04:32:44,0.0,0.0,447.0,23.4,35.0
2023-11-17 04:42:44,0.0,0.0,437.0,23.4,35.0
2023-11-17 04:52:44,0.0,0.0,427.0,23.4,35.0
2023-11-17 05:02:44,0.0,0.0,448.0,23.4,35.0
2023-11-17 05:12:44,0.0,0.0,430.0,23.4,35.0
2023-11-17 05:22:44,0.0,0.0,433.0,23.4,35.0
2023-11-17 05:32:44,0.0,0.0,426.0,23.4,35.0
2023-11-17 05:42:44,0.0,0.0,424.0,23.4,35.0
2023-11-17 05:52:44,0.0,0.0,438.0,23.4,35.0
2023-11-17 06:02:44,0.0,0.0,419.0,23.4,35.0
2023-11-17 06:12:43,0.0,0.0,436.0,23.4,35.0
2023-11-17 06:22:43,0.0,0.0,431.0,23.4,35.0
2023-11-17 06:32:43,0.0,0.0,422.0,23.4,35.0
2023-11-17 06:42:43,1.0,26.0,443.0,23.4,35.0
2023-11-17 06:52:43,1.0,33.0,430.0,23.4,35.0
2023-11-17 07:02:43,0.0,33.0,435.0,23.4,35.0
2023-11-17 07:12:43,0.0,33.0,443.0,23.4,35.0
2023-11-17 07:22:43,0.0,33.0,423.0,23.4,35.0
2023-11-17 07:32:44,1.0,37.0,436.0,23.4,35.0
2023-11-17 07:42:43,2.0,37.0,460.0,23.4,35.0
2023-11-17 07:52:43,2.0,37.0,469.0,23.4,35.0
2023-11-17 08:02:43,0.0,37.0,460.0,23.3,35.0
2023-11-17 08:12:43,3.0,37.0,512.0,23.3,36.0
2023-11-17 08:22:43,3.0,37.0,539.0,23.3,36.0
2023-11-17 08:32:43,0.0,37.0,538.0,23.3,36.0
2023-11-17 08:42:43,3.0,37.0,592.0,23.4,36.0
2023-11-17 08:52:43,2.0,37.0,606.0,23.3,37.0
2023-11-17 09:02:43,5.0,40.0,629.0,23.3,37.0
2023-11-17 09:12:43,1.0,40.0,607.0,23.3,37.0
2023-11-17 09:22:43,6.0,40.0,668.0,23.3,37.0
2023-11-17 09:32:43,1.0,37.0,669.0,23.3,37.0
2023-11-17 09:42:43,4.0,40.0,716.0,23.3,37.0
2023-11-17 09:52:43,9.0,40.0,742.0,23.2,37.0
2023-11-17 10:02:42,2.0,40.0,723.0,23.2,37.0
2023-11-17 10:12:42,3.0,40.0,754.0,23.2,37.0
2023-11-17 10:22:42,3.0,40.0,797.0,23.3,37.0
2023-11-17 10:32:43,5.0,40.0,800.0,23.3,37.0
2023-11-17 10:42:42,2.0,40.0,780.0,23.3,37.0
2023-11-17 10:52:42,2.0,43.0,880.0,23.2,38.0
2023-11-17 11:02:42,5.0,43.0,880.0,23.2,38.0
2023-11-17 11:12:42,8.0,37.0,868.0,23.3,38.0
2023-11-17 11:22:42,4.0,37.0,905.0,23.2,38.0
2023-11-17 11:32:42,4.0,37.0,946.0,23.3,38.0
2023-11-17 11:42:42,5.0,37.0,960.0,23.3,38.0
2023-11-17 11:52:42,5.0,37.0,968.0,23.3,38.0
2023-11-17 12:02:42,1.0,37.0,959.0,23.3,38.0
2023-11-17 12:12:42,0.0,37.0,997.0,23.4,38.0
2023-11-17 12:22:42,2.0,37.0,970.0,23.3,38.0
2023-11-17 12:32:42,10.0,40.0,1001.0,23.4,38.0
2023-11-17 12:42:42,8.0,37.0,968.0,23.4,38.0
2023-11-17 12:52:42,4.0,37.0,996.0,23.3,38.0
2023-11-17 13:02:42,1.0,37.0,941.0,23.3,38.0
2023-11-17 13:12:42,5.0,37.0,946.0,23.4,37.0
2023-11-17 13:22:42,5.0,40.0,957.0,23.4,38.0
2023-11-17 13:32:42,6.0,40.0,978.0,23.4,38.0
2023-11-17 13:42:42,4.0,40.0,971.0,23.3,38.0
2023-11-17 13:52:42,2.0,40.0,1040.0,23.3,38.0
2023-11-17 14:02:42,3.0,40.0,1057.0,23.4,38.0
2023-11-17 14:12:41,3.0,40.0,1060.0,23.3,38.0
2023-11-17 14:22:41,6.0,40.0,1078.0,23.3,38.0
2023-11-17 14:32:41,2.0,37.0,1054.0,23.3,38.0
2023-11-17 14:42:41,0.0,37.0,1113.0,23.4,38.0
2023-11-17 14:52:41,4.0,37.0,1103.0,23.4,38.0
2023-11-17 15:02:41,2.0,37.0,1042.0,23.4,37.0
2023-11-17 15:12:41,3.0,37.0,1031.0,23.4,37.0
2023-11-17 15:22:41,1.0,37.0,1060.0,23.4,37.0
2023-11-17 15:32:41,1.0,37.0,1048.0,23.4,37.0
2023-11-17 15:42:41,0.0,37.0,986.0,23.4,37.0
2023-11-17 15:52:41,3.0,33.0,983.0,23.4,37.0
2023-11-17 16:02:41,1.0,33.0,1011.0,23.4,37.0
2023-11-17 16:12:41,0.0,33.0,956.0,23.4,37.0
2023-11-17 16:22:41,0.0,37.0,919.0,23.4,37.0
2023-11-17 16:32:41,1.0,37.0,953.0,23.4,37.0
2023-11-17 16:42:41,4.0,33.0,961.0,23.4,37.0
2023-11-17 16:52:41,0.0,33.0,892.0,23.4,36.0
2023-11-17 17:02:41,0.0,33.0,844.0,23.4,36.0
2023-11-17 17:12:41,0.0,33.0,813.0,23.3,36.0
2023-11-17 17:22:41,0.0,33.0,773.0,23.4,36.0
2023-11-17 17:32:41,0.0,0.0,755.0,23.4,36.0
2023-11-17 17:42:41,2.0,30.0,781.0,23.4,35.0
2023-11-17 17:52:40,0.0,37.0,745.0,23.4,35.0
2023-11-17 18:02:40,4.0,0.0,766.0,23.4,35.0
2023-11-17 18:12:40,1.0,33.0,730.0,23.4,35.0
2023-11-17 18:22:40,0.0,37.0,717.0,23.4,35.0
2023-11-17 18:32:40,0.0,0.0,705.0,23.4,35.0
2023-11-17 18:42:40,0.0,0.0,665.0,23.4,35.0
2023-11-17 18:52:40,0.0,0.0,657.0,23.4,35.0
2023-11-17 19:02:40,0.0,0.0,638.0,23.4,35.0
2023-11-17 19:12:40,0.0,0.0,633.0,23.4,35.0
2023-11-17 19:22:40,0.0,0.0,623.0,23.4,35.0
2023-11-17 19:32:40,0.0,0.0,626.0,23.4,35.0
2023-11-17 19:42:40,0.0,0.0,602.0,23.4,35.0
2023-11-17 19:52:40,0.0,0.0,602.0,23.4,35.0
2023-11-17 20:02:40,0.0,0.0,588.0,23.4,35.0
2023-11-17 20:12:40,0.0,0.0,592.0,23.4,35.0
2023-11-17 20:22:40,2.0,33.0,797.0,23.4,35.0
2023-11-17 20:32:40,0.0,33.0,738.0,23.4,35.0
2023-11-17 20:42:40,0.0,3.0,670.0,23.4,35.0
2023-11-17 20:52:40,2.0,33.0,706.0,23.4,35.0
2023-11-17 21:02:40,0.0,33.0,643.0,23.4,35.0
2023-11-17 21:12:40,0.0,0.0,634.0,23.4,35.0
2023-11-17 21:22:40,0.0,0.0,634.0,23.4,35.0
2023-11-17 21:32:40,0.0,0.0,593.0,23.4,34.0
2023-11-17 21:42:40,0.0,0.0,603.0,23.4,34.0
2023-11-17 21:52:39,0.0,0.0,587.0,23.4,34.0
2023-11-17 22:02:39,1.0,0.0,575.0,23.4,34.0
2023-11-17 22:12:39,0.0,0.0,575.0,23.3,34.0
2023-11-17 22:22:39,0.0,0.0,563.0,23.4,34.0
2023-11-17 22:32:39,0.0,0.0,566.0,23.4,34.0
2023-11-17 22:42:39,0.0,0.0,532.0,23.4,34.0
2023-11-17 22:52:39,0.0,0.0,542.0,23.4,34.0
2023-11-17 23:02:39,0.0,0.0,550.0,23.4,34.0
2023-11-17 23:12:39,0.0,0.0,546.0,23.3,34.0
2023-11-17 23:22:39,0.0,0.0,536.0,23.4,34.0
2023-11-17 23:32:39,0.0,0.0,541.0,23.4,34.0
2023-11-17 23:42:39,0.0,0.0,540.0,23.4,34.0
2023-11-17 23:52:39,0.0,0.0,515.0,23.3,34.0
2023-11-18 00:02:39,0.0,0.0,508.0,23.4,34.0
2023-11-18 00:12:39,0.0,0.0,512.0,23.3,34.0
2023-11-18 00:22:39,0.0,0.0,496.0,23.4,34.0
2023-11-18 00:32:39,0.0,0.0,510.0,23.4,34.0
2023-11-18 00:42:39,0.0,0.0,510.0,23.4,34.0
2023-11-18 00:52:39,0.0,0.0,510.0,23.4,34.0
2023-11-18 01:02:39,0.0,0.0,493.0,23.4,34.0
2023-11-18 01:12:39,0.0,0.0,497.0,23.3,34.0
2023-11-18 01:22:39,0.0,0.0,499.0,23.3,33.0
2023-11-18 01:32:39,0.0,0.0,508.0,23.4,33.0
2023-11-18 01:42:38,0.0,0.0,499.0,23.4,33.0
2023-11-18 01:52:38,0.0,0.0,478.0,23.3,33.0
2023-11-18 02:02:38,0.0,0.0,476.0,23.3,33.0
2023-11-18 02:12:38,0.0,0.0,496.0,23.4,33.0
2023-11-18 02:22:38,0.0,0.0,485.0,23.4,33.0
2023-11-18 02:32:38,0.0,0.0,478.0,23.3,33.0
2023-11-18 02:42:38,0.0,0.0,474.0,23.4,33.0
2023-11-18 02:52:38,0.0,0.0,477.0,23.4,33.0
2023-11-18 03:02:38,0.0,0.0,477.0,23.3,33.0
2023-11-18 03:12:38,0.0,0.0,485.0,23.3,33.0
2023-11-18 03:22:38,0.0,0.0,469.0,23.3,33.0
2023-11-18 03:32:38,0.0,0.0,467.0,23.3,33.0
2023-11-18 03:42:38,0.0,0.0,467.0,23.3,33.0
2023-11-18 03:52:38,0.0,0.0,468.0,23.3,33.0
2023-11-18 04:02:38,0.0,0.0,458.0,23.3,33.0
2023-11-18 04:12:38,0.0,0.0,454.0,23.3,33.0
2023-11-18 04:22:38,0.0,0.0,461.0,23.3,33.0
2023-11-18 04:32:38,0.0,0.0,472.0,23.3,33.0
2023-11-18 04:42:38,0.0,0.0,458.0,23.3,33.0
2023-11-18 04:52:38,0.0,0.0,453.0,23.3,33.0
2023-11-18 05:02:38,0.0,0.0,460.0,23.3,33.0
2023-11-18 05:12:38,0.0,0.0,463.0,23.3,33.0
2023-11-18 05:22:38,0.0,0.0,461.0,23.3,33.0
2023-11-18 05:32:38,0.0,0.0,450.0,23.3,32.0
2023-11-18 05:42:37,0.0,0.0,449.0,23.3,33.0
2023-11-18 05:52:37,2.0,37.0,461.0,23.3,33.0
2023-11-18 06:02:37,0.0,33.0,451.0,23.3,32.0
2023-11-18 06:12:37,0.0,0.0,455.0,23.3,32.0
2023-11-18 06:22:37,0.0,0.0,443.0,23.3,32.0
2023-11-18 06:32:37,0.0,0.0,435.0,23.4,32.0
2023-11-18 06:42:37,0.0,0.0,459.0,23.3,32.0
2023-11-18 06:52:37,0.0,3.0,448.0,23.4,32.0
2023-11-18 07:02:37,0.0,3.0,456.0,23.3,32.0
2023-11-18 07:12:37,0.0,3.0,443.0,23.3,32.0
2023-11-18 07:22:37,0.0,3.0,450.0,23.3,31.0
2023-11-18 07:32:37,0.0,3.0,445.0,23.3,32.0
2023-11-18 07:42:37,0.0,3.0,446.0,23.3,31.0
2023-11-18 07:52:37,1.0,3.0,435.0,23.3,31.0
2023-11-18 08:02:37,0.0,3.0,443.0,23.3,31.0
2023-11-18 08:12:37,0.0,6.0,438.0,23.3,31.0
2023-11-18 08:22:37,0.0,6.0,441.0,23.3,31.0
2023-11-18 08:32:37,0.0,6.0,437.0,23.3,31.0
2023-11-18 08:42:37,0.0,6.0,450.0,23.3,31.0
2023-11-18 08:52:37,0.0,6.0,452.0,23.2,31.0
2023-11-18 09:02:37,0.0,6.0,431.0,23.3,31.0
2023-11-18 09:12:37,0.0,6.0,443.0,23.3,31.0
2023-11-18 09:22:37,0.0,6.0,441.0,23.3,31.0
2023-11-18 09:32:36,0.0,3.0,435.0,23.2,31.0
2023-11-18 09:42:36,0.0,6.0,435.0,23.3,31.0
2023-11-18 09:52:36,0.0,6.0,435.0,23.3,31.0
2023-11-18 10:02:36,0.0,10.0,450.0,23.2,31.0
2023-11-18 10:12:36,0.0,10.0,440.0,23.3,31.0
2023-11-18 10:22:36,0.0,10.0,437.0,23.2,31.0
2023-11-18 10:32:36,1.0,10.0,438.0,23.2,31.0
2023-11-18 10:42:36,0.0,10.0,437.0,23.2,31.0
2023-11-18 10:52:36,0.0,10.0,429.0,23.2,31.0
2023-11-18 11:02:36,0.0,10.0,438.0,23.2,31.0
2023-11-18 11:12:36,0.0,10.0,439.0,23.2,31.0
2023-11-18 11:22:36,0.0,6.0,438.0,23.2,31.0
2023-11-18 11:32:36,0.0,13.0,429.0,23.2,31.0
2023-11-18 11:42:36,0.0,6.0,438.0,23.2,31.0
2023-11-18 11:52:36,0.0,6.0,431.0,23.2,31.0
2023-11-18 12:02:36,0.0,3.0,429.0,23.2,31.0
2023-11-18 12:12:36,0.0,3.0,440.0,23.2,31.0
2023-11-18 12:22:36,0.0,3.0,435.0,23.3,31.0
2023-11-18 12:32:36,0.0,3.0,425.0,23.2,31.0
2023-11-18 12:42:36,0.0,3.0,418.0,23.2,31.0
2023-11-18 12:52:36,0.0,3.0,417.0,23.2,31.0
2023-11-18 13:02:36,0.0,3.0,421.0,23.2,31.0
2023-11-18 13:12:36,0.0,3.0,421.0,23.2,31.0
2023-11-18 13:22:35,0.0,3.0,421.0,23.2,31.0
2023-11-18 13:32:35,0.0,3.0,415.0,23.2,31.0
2023-11-18 13:42:35,0.0,3.0,423.0,23.2,30.0
2023-11-18 13:52:35,0.0,3.0,408.0,23.2,31.0
2023-11-18 14:02:35,0.0,3.0,413.0,23.2,30.0
2023-11-18 14:12:35,0.0,3.0,412.0,23.2,30.0
2023-11-18 14:22:35,0.0,3.0,432.0,23.2,30.0
2023-11-18 14:32:35,0.0,3.0,413.0,23.2,30.0
2023-11-18 14:42:35,0.0,3.0,404.0,23.2,30.0
2023-11-18 14:52:35,0.0,0.0,409.0,23.2,30.0
2023-11-18 15:02:35,0.0,0.0,404.0,23.2,30.0
2023-11-18 15:12:35,0.0,0.0,415.0,23.2,30.0
2023-11-18 15:22:35,0.0,0.0,405.0,23.2,30.0
2023-11-18 15:32:35,0.0,33.0,413.0,23.2,30.0
2023-11-18 15:42:35,0.0,37.0,407.0,23.2,30.0
2023-11-18 15:52:35,0.0,0.0,412.0,23.2,30.0
2023-11-18 16:02:35,0.0,0.0,422.0,23.2,30.0
2023-11-18 16:12:35,0.0,0.0,414.0,23.2,30.0
2023-11-18 16:22:35,0.0,0.0,432.0,23.2,30.0
2023-11-18 16:32:35,0.0,0.0,413.0,23.1,30.0
2023-11-18 16:42:35,0.0,26.0,410.0,23.2,30.0
2023-11-18 16:52:35,0.0,37.0,409.0,23.2,30.0
2023-11-18 17:02:35,0.0,0.0,411.0,23.2,30.0
2023-11-18 17:12:35,0.0,0.0,419.0,23.2,30.0
2023-11-18 17:22:34,0.0,37.0,411.0,23.2,30.0
2023-11-18 17:32:34,0.0,33.0,420.0,23.2,30.0
2023-11-18 17:42:34,0.0,0.0,418.0,23.2,30.0
2023-11-18 17:52:34,0.0,0.0,421.0,23.2,30.0
2023-11-18 18:02:34,0.0,0.0,421.0,23.2,30.0
2023-11-18 18:12:34,0.0,0.0,413.0,23.1,30.0
2023-11-18 18:22:34,0.0,0.0,410.0,23.2,30.0
2023-11-18 18:32:34,0.0,0.0,416.0,23.1,30.0
2023-11-18 18:42:34,0.0,20.0,405.0,23.2,30.0
2023-11-18 18:52:34,0.0,33.0,415.0,23.2,30.0
2023-11-18 19:02:34,0.0,0.0,403.0,23.2,30.0
2023-11-18 19:12:34,0.0,30.0,404.0,23.1,30.0
2023-11-18 19:22:34,0.0,33.0,409.0,23.1,30.0
2023-11-18 19:32:34,0.0,0.0,408.0,23.2,30.0
2023-11-18 19:42:34,0.0,0.0,415.0,23.2,30.0
2023-11-18 19:52:34,0.0,0.0,415.0,23.1,30.0
2023-11-18 20:02:34,0.0,0.0,406.0,23.1,30.0
2023-11-18 20:12:34,0.0,0.0,410.0,23.1,30.0
2023-11-18 20:22:34,0.0,33.0,411.0,23.2,30.0
2023-11-18 20:32:34,0.0,33.0,414.0,23.1,31.0
2023-11-18 20:42:34,0.0,0.0,405.0,23.2,30.0
2023-11-18 20:52:34,0.0,0.0,406.0,23.2,30.0
2023-11-18 21:02:34,0.0,0.0,417.0,23.1,30.0
2023-11-18 21:12:34,0.0,0.0,410.0,23.1,30.0
2023-11-18 21:22:33,0.0,0.0,405.0,23.1,30.0
2023-11-18 21:32:33,0.0,0.0,401.0,23.2,31.0
2023-11-18 21:42:33,0.0,0.0,398.0,23.1,31.0
2023-11-18 21:52:33,0.0,0.0,402.0,23.1,31.0
2023-11-18 22:02:33,0.0,0.0,411.0,23.1,31.0
2023-11-18 22:12:33,0.0,0.0,405.0,23.1,31.0
2023-11-18 22:22:33,0.0,0.0,402.0,23.1,31.0
2023-11-18 22:32:33,0.0,0.0,411.0,23.1,31.0
2023-11-18 22:42:33,0.0,0.0,411.0,23.1,31.0
2023-11-18 22:52:33,0.0,0.0,410.0,23.1,31.0
2023-11-18 23:02:33,0.0,0.0,399.0,23.1,31.0
2023-11-18 23:12:33,0.0,0.0,408.0,23.1,31.0
2023-11-18 23:22:33,0.0,0.0,406.0,23.1,31.0
2023-11-18 23:32:33,0.0,0.0,404.0,23.1,31.0
2023-11-18 23:42:33,0.0,0.0,393.0,23.1,31.0
2023-11-18 23:52:33,0.0,0.0,396.0,23.1,31.0
2023-11-19 00:02:33,0.0,0.0,397.0,23.1,31.0
2023-11-19 00:12:33,0.0,0.0,399.0,23.1,31.0
2023-11-19 00:22:33,0.0,0.0,400.0,23.1,31.0
2023-11-19 00:32:33,0.0,0.0,414.0,23.1,31.0
2023-11-19 00:42:33,0.0,0.0,402.0,23.1,31.0
2023-11-19 00:52:33,0.0,0.0,404.0,23.1,31.0
2023-11-19 01:02:33,0.0,0.0,383.0,23.1,31.0
2023-11-19 01:12:32,0.0,0.0,388.0,23.0,31.0
2023-11-19 01:22:32,0.0,0.0,399.0,23.1,31.0
2023-11-19 01:32:32,0.0,0.0,417.0,23.1,31.0
2023-11-19 01:42:32,0.0,0.0,396.0,23.1,31.0
2023-11-19 01:52:32,0.0,0.0,396.0,23.0,31.0
2023-11-19 02:02:32,0.0,0.0,389.0,23.1,31.0
2023-11-19 02:12:32,0.0,0.0,398.0,23.0,31.0
2023-11-19 02:22:32,0.0,0.0,402.0,23.1,31.0
2023-11-19 02:32:32,0.0,0.0,412.0,23.0,31.0
2023-11-19 02:42:32,0.0,0.0,381.0,23.0,31.0
2023-11-19 02:52:32,0.0,0.0,389.0,23.0,31.0
2023-11-19 03:02:32,0.0,0.0,386.0,23.1,31.0
2023-11-19 03:12:32,0.0,0.0,387.0,23.0,31.0
2023-11-19 03:22:32,0.0,0.0,404.0,23.0,31.0
2023-11-19 03:32:32,0.0,0.0,400.0,23.1,31.0
2023-11-19 03:42:32,0.0,0.0,400.0,23.0,31.0
2023-11-19 03:52:32,0.0,0.0,392.0,23.0,31.0
2023-11-19 04:02:32,0.0,0.0,394.0,23.0,31.0
2023-11-19 04:12:32,0.0,0.0,397.0,23.1,31.0
2023-11-19 04:22:32,0.0,0.0,390.0,23.0,31.0
2023-11-19 04:32:32,0.0,0.0,401.0,23.0,32.0
2023-11-19 04:42:32,0.0,0.0,398.0,23.0,32.0
2023-11-19 04:52:32,1.0,30.0,395.0,23.0,32.0
2023-11-19 05:02:31,0.0,33.0,404.0,23.1,32.0
2023-11-19 05:12:32,0.0,0.0,394.0,23.0,32.0
2023-11-19 05:22:31,0.0,0.0,393.0,23.1,32.0
2023-11-19 05:32:31,0.0,0.0,405.0,23.0,32.0
2023-11-19 05:42:31,0.0,0.0,390.0,23.1,32.0
2023-11-19 05:52:31,0.0,0.0,394.0,23.1,32.0
2023-11-19 06:02:31,0.0,0.0,393.0,23.0,32.0
2023-11-19 06:12:31,0.0,0.0,400.0,23.0,32.0
2023-11-19 06:22:31,0.0,0.0,384.0,23.0,32.0
2023-11-19 06:32:31,0.0,0.0,406.0,23.0,32.0
2023-11-19 06:42:31,0.0,0.0,400.0,23.0,32.0
2023-11-19 06:52:31,0.0,0.0,410.0,23.0,32.0
2023-11-19 07:02:31,0.0,0.0,402.0,23.0,32.0
2023-11-19 07:12:31,0.0,0.0,414.0,23.0,32.0
2023-11-19 07:22:31,0.0,0.0,403.0,23.0,32.0
2023-11-19 07:32:31,0.0,0.0,409.0,23.0,32.0
2023-11-19 07:42:31,0.0,0.0,431.0,23.0,32.0
2023-11-19 07:52:31,0.0,0.0,401.0,23.0,32.0
2023-11-19 08:02:31,0.0,0.0,419.0,23.0,32.0
2023-11-19 08:12:31,0.0,0.0,414.0,23.0,32.0
2023-11-19 08:22:31,0.0,0.0,413.0,23.0,32.0
2023-11-19 08:32:31,0.0,0.0,411.0,23.0,32.0
2023-11-19 08:42:31,1.0,0.0,414.0,23.0,33.0
2023-11-19 08:52:31,0.0,3.0,419.0,23.0,32.0
2023-11-19 09:02:30,0.0,3.0,403.0,23.0,32.0
2023-11-19 09:12:30,0.0,3.0,407.0,23.0,33.0
2023-11-19 09:22:30,0.0,3.0,416.0,23.0,33.0
2023-11-19 09:32:30,0.0,3.0,392.0,23.0,33.0
2023-11-19 09:42:30,0.0,3.0,408.0,23.0,33.0
2023-11-19 09:52:30,0.0,3.0,412.0,23.0,33.0
2023-11-19 10:02:30,0.0,3.0,416.0,23.0,33.0
2023-11-19 10:12:30,0.0,3.0,403.0,23.0,33.0
2023-11-19 10:22:30,0.0,3.0,407.0,23.0,33.0
2023-11-19 10:32:30,0.0,3.0,410.0,22.9,33.0
2023-11-19 10:42:30,1.0,33.0,422.0,23.0,33.0
2023-11-19 10:52:30,0.0,37.0,412.0,23.0,33.0
2023-11-19 11:02:30,0.0,3.0,406.0,23.0,33.0
2023-11-19 11:12:30,0.0,3.0,404.0,23.0,33.0
2023-11-19 11:22:30,0.0,3.0,408.0,23.0,33.0
2023-11-19 11:32:30,0.0,3.0,401.0,23.0,33.0
2023-11-19 11:42:30,0.0,3.0,396.0,23.0,33.0
2023-11-19 11:52:30,0.0,3.0,404.0,23.0,33.0
2023-11-19 12:02:30,0.0,3.0,411.0,23.0,33.0
2023-11-19 12:12:30,0.0,3.0,440.0,23.1,33.0
2023-11-19 12:22:30,0.0,3.0,407.0,23.0,33.0
2023-11-19 12:32:30,0.0,3.0,414.0,23.0,33.0
2023-11-19 12:42:30,0.0,3.0,409.0,23.0,33.0
2023-11-19 12:52:29,0.0,3.0,428.0,23.0,33.0
2023-11-19 13:02:29,0.0,3.0,403.0,23.0,33.0
2023-11-19 13:12:30,0.0,3.0,423.0,23.0,33.0
2023-11-19 13:22:29,0.0,3.0,430.0,23.0,33.0
2023-11-19 13:32:29,0.0,3.0,427.0,23.0,33.0
2023-11-19 13:42:29,0.0,3.0,423.0,23.0,33.0
2023-11-19 13:52:29,0.0,0.0,428.0,23.0,33.0
2023-11-19 14:02:29,0.0,3.0,408.0,23.0,33.0
2023-11-19 14:12:29,0.0,0.0,413.0,23.0,33.0
2023-11-19 14:22:29,0.0,0.0,400.0,23.0,33.0
2023-11-19 14:32:29,0.0,0.0,436.0,23.0,33.0
2023-11-19 14:42:29,0.0,0.0,417.0,23.0,33.0
2023-11-19 14:52:29,0.0,0.0,400.0,23.0,33.0
2023-11-19 15:02:29,0.0,0.0,416.0,23.0,33.0
2023-11-19 15:12:29,0.0,0.0,411.0,23.0,33.0
2023-11-19 15:22:29,0.0,0.0,405.0,23.0,33.0
2023-11-19 15:32:29,0.0,0.0,405.0,23.0,33.0
2023-11-19 15:42:29,0.0,0.0,416.0,22.9,33.0
2023-11-19 15:52:29,0.0,0.0,400.0,23.0,33.0
2023-11-19 16:02:29,0.0,0.0,412.0,23.0,33.0
2023-11-19 16:12:29,0.0,0.0,409.0,23.0,33.0
2023-11-19 16:22:29,0.0,0.0,397.0,23.0,33.0
2023-11-19 16:32:29,0.0,0.0,404.0,22.9,33.0
2023-11-19 16:42:29,0.0,0.0,407.0,23.0,33.0
2023-11-19 16:52:28,0.0,0.0,412.0,23.0,33.0
2023-11-19 17:02:28,0.0,0.0,398.0,22.9,33.0
2023-11-19 17:12:28,0.0,0.0,410.0,22.9,33.0
2023-11-19 17:22:28,0.0,0.0,400.0,23.0,33.0
2023-11-19 17:32:28,0.0,0.0,410.0,22.9,33.0
2023-11-19 17:42:28,0.0,0.0,403.0,22.9,33.0
2023-11-19 17:52:28,0.0,0.0,400.0,22.9,33.0
2023-11-19 18:02:28,0.0,0.0,405.0,23.0,33.0
2023-11-19 18:12:28,0.0,0.0,399.0,22.9,33.0
2023-11-19 18:22:28,0.0,0.0,392.0,22.9,33.0
2023-11-19 18:32:28,0.0,0.0,411.0,22.9,33.0
2023-11-19 18:42:28,0.0,0.0,407.0,22.9,33.0
2023-11-19 18:52:28,0.0,0.0,414.0,22.9,33.0
2023-11-19 19:02:28,0.0,0.0,404.0,23.0,33.0
2023-11-19 19:12:28,0.0,0.0,394.0,22.9,33.0
2023-11-19 19:22:28,0.0,0.0,415.0,23.0,33.0
2023-11-19 19:32:28,0.0,0.0,392.0,23.0,33.0
2023-11-19 19:42:28,0.0,0.0,400.0,22.9,33.0
2023-11-19 19:52:28,0.0,0.0,400.0,23.0,33.0
2023-11-19 20:02:28,0.0,0.0,407.0,22.9,33.0
2023-11-19 20:12:28,0.0,0.0,407.0,23.0,33.0
2023-11-19 20:22:28,0.0,0.0,401.0,22.9,33.0
2023-11-19 20:32:28,0.0,0.0,389.0,22.9,33.0
2023-11-19 20:42:27,0.0,0.0,405.0,22.9,33.0
2023-11-19 20:52:27,0.0,0.0,399.0,23.0,33.0
2023-11-19 21:02:27,0.0,0.0,394.0,23.0,33.0
2023-11-19 21:12:28,0.0,0.0,382.0,22.9,33.0
2023-11-19 21:22:27,0.0,0.0,401.0,22.9,33.0
2023-11-19 21:32:27,0.0,0.0,383.0,22.9,33.0
2023-11-19 21:42:27,0.0,0.0,397.0,22.9,33.0
2023-11-19 21:52:27,0.0,0.0,404.0,22.9,33.0
2023-11-19 22:02:27,0.0,0.0,408.0,22.9,33.0
2023-11-19 22:12:27,0.0,0.0,387.0,22.9,33.0
2023-11-19 22:22:27,0.0,0.0,388.0,22.9,33.0
2023-11-19 22:32:27,0.0,0.0,405.0,22.9,33.0
2023-11-19 22:42:27,0.0,0.0,406.0,22.9,33.0
2023-11-19 22:52:27,0.0,0.0,382.0,23.0,33.0
2023-11-19 23:02:27,0.0,0.0,390.0,22.9,33.0
2023-11-19 23:12:27,0.0,0.0,385.0,22.9,33.0
2023-11-19 23:22:27,0.0,0.0,404.0,22.9,33.0
2023-11-19 23:32:27,0.0,0.0,405.0,22.9,33.0
2023-11-19 23:42:27,0.0,0.0,384.0,22.9,33.0
2023-11-19 23:52:27,0.0,0.0,393.0,22.9,33.0
2023-11-20 00:02:27,0.0,0.0,387.0,22.9,33.0
2023-11-20 00:12:27,0.0,0.0,391.0,22.9,33.0
2023-11-20 00:22:27,0.0,0.0,393.0,22.9,33.0
2023-11-20 00:32:27,0.0,0.0,395.0,22.9,33.0
2023-11-20 00:42:26,0.0,0.0,387.0,23.0,33.0
2023-11-20 00:52:26,0.0,0.0,395.0,22.9,33.0
2023-11-20 01:02:26,0.0,0.0,397.0,22.9,33.0
2023-11-20 01:12:26,0.0,0.0,389.0,22.9,33.0
2023-11-20 01:22:26,0.0,0.0,393.0,22.9,33.0
2023-11-20 01:32:26,0.0,0.0,387.0,22.9,33.0
2023-11-20 01:42:26,0.0,0.0,404.0,22.9,33.0
2023-11-20 01:52:26,0.0,0.0,375.0,22.9,33.0
2023-11-20 02:02:26,0.0,0.0,390.0,22.9,33.0
2023-11-20 02:12:26,0.0,0.0,378.0,22.9,33.0
2023-11-20 02:22:26,0.0,0.0,390.0,22.9,33.0
2023-11-20 02:32:26,0.0,0.0,376.0,22.9,33.0
2023-11-20 02:42:26,0.0,0.0,387.0,22.9,33.0
2023-11-20 02:52:26,0.0,0.0,390.0,22.9,33.0
2023-11-20 03:02:26,0.0,0.0,380.0,22.9,33.0
2023-11-20 03:12:26,0.0,0.0,384.0,22.9,33.0
2023-11-20 03:22:26,0.0,0.0,401.0,22.9,33.0
2023-11-20 03:32:26,0.0,0.0,387.0,22.9,33.0
2023-11-20 03:42:26,0.0,0.0,389.0,22.9,33.0
2023-11-20 03:52:26,0.0,0.0,388.0,22.9,33.0
2023-11-20 04:02:26,0.0,0.0,389.0,22.9,33.0
2023-11-20 04:12:26,0.0,0.0,388.0,22.9,33.0
2023-11-20 04:22:26,0.0,0.0,393.0,22.9,33.0
2023-11-20 04:32:25,0.0,0.0,382.0,23.0,33.0
2023-11-20 04:42:25,0.0,0.0,386.0,22.9,33.0
2023-11-20 04:52:25,0.0,0.0,379.0,22.9,33.0
2023-11-20 05:02:25,0.0,0.0,393.0,22.9,33.0
2023-11-20 05:12:25,0.0,33.0,391.0,22.9,33.0
2023-11-20 05:22:25,0.0,33.0,406.0,22.9,33.0
2023-11-20 05:32:25,0.0,0.0,395.0,22.9,33.0
2023-11-20 05:42:25,0.0,0.0,400.0,22.9,33.0
2023-11-20 05:52:25,0.0,0.0,377.0,22.9,33.0
2023-11-20 06:02:25,0.0,0.0,375.0,22.9,33.0
2023-11-20 06:12:25,0.0,0.0,384.0,23.0,33.0
2023-11-20 06:22:25,0.0,0.0,383.0,22.9,33.0
2023-11-20 06:32:25,0.0,0.0,375.0,22.9,33.0
2023-11-20 06:42:25,0.0,0.0,384.0,22.9,33.0
2023-11-20 06:52:25,0.0,0.0,392.0,22.9,33.0
2023-11-20 07:02:25,1.0,33.0,394.0,22.9,33.0
2023-11-20 07:12:25,1.0,33.0,390.0,22.9,33.0
2023-11-20 07:22:25,1.0,33.0,401.0,22.9,33.0
2023-11-20 07:32:25,1.0,33.0,392.0,22.9,33.0
2023-11-20 07:42:25,0.0,37.0,431.0,22.9,33.0
2023-11-20 07:52:25,6.0,40.0,436.0,22.9,34.0
2023-11-20 08:02:25,7.0,40.0,485.0,22.9,35.0
2023-11-20 08:12:25,3.0,40.0,490.0,22.8,35.0
2023-11-20 08:22:25,4.0,43.0,514.0,22.8,35.0
2023-11-20 08:32:24,3.0,47.0,525.0,22.8,35.0
2023-11-20 08:42:24,4.0,47.0,530.0,22.8,35.0
2023-11-20 08:52:24,1.0,47.0,585.0,22.7,35.0
2023-11-20 09:02:24,1.0,43.0,611.0,22.8,35.0
2023-11-20 09:12:24,0.0,47.0,625.0,22.8,35.0
2023-11-20 09:22:24,9.0,47.0,648.0,22.8,36.0
2023-11-20 09:32:24,4.0,43.0,657.0,22.8,35.0
2023-11-20 09:42:24,0.0,43.0,696.0,22.9,35.0
2023-11-20 09:52:24,9.0,43.0,741.0,22.8,36.0
2023-11-20 10:02:24,5.0,43.0,764.0,22.9,36.0
2023-11-20 10:12:24,7.0,43.0,798.0,22.9,36.0
2023-11-20 10:22:24,1.0,43.0,730.0,22.8,36.0
2023-11-20 10:32:24,1.0,47.0,767.0,22.8,36.0
2023-11-20 10:42:24,3.0,40.0,779.0,22.9,36.0
2023-11-20 10:52:24,2.0,43.0,823.0,22.8,36.0
2023-11-20 11:02:24,3.0,43.0,891.0,22.8,36.0
2023-11-20 11:12:24,1.0,40.0,795.0,22.9,36.0
2023-11-20 11:22:24,4.0,40.0,783.0,22.9,36.0
2023-11-20 11:32:24,0.0,40.0,846.0,22.8,36.0
2023-11-20 11:42:24,3.0,43.0,810.0,22.9,36.0
2023-11-20 11:52:24,4.0,40.0,845.0,22.9,36.0
2023-11-20 12:02:24,3.0,40.0,963.0,22.9,36.0
2023-11-20 12:12:24,5.0,40.0,1055.0,22.9,37.0
2023-11-20 12:22:24,6.0,40.0,1010.0,23.0,37.0
2023-11-20 12:32:23,6.0,37.0,1121.0,22.9,37.0
2023-11-20 12:42:23,6.0,47.0,1209.0,22.9,38.0
2023-11-20 12:52:23,3.0,43.0,1184.0,22.9,38.0
2023-11-20 13:02:23,5.0,43.0,1218.0,22.9,38.0
2023-11-20 13:12:23,3.0,40.0,1317.0,23.0,39.0
2023-11-20 13:22:23,4.0,43.0,1205.0,23.0,38.0
2023-11-20 13:32:23,1.0,47.0,1097.0,23.0,37.0
2023-11-20 13:42:23,3.0,43.0,1087.0,23.0,37.0
2023-11-20 13:52:23,5.0,43.0,1124.0,23.0,37.0
2023-11-20 14:02:23,3.0,40.0,1150.0,23.0,37.0
2023-11-20 14:12:23,8.0,40.0,1069.0,23.0,37.0
2023-11-20 14:22:23,4.0,40.0,1125.0,23.1,37.0
2023-11-20 14:32:23,2.0,40.0,1062.0,23.0,37.0
2023-11-20 14:42:23,3.0,40.0,1095.0,23.0,37.0
2023-11-20 14:52:23,1.0,40.0,1065.0,23.0,37.0
2023-11-20 15:02:23,2.0,40.0,1088.0,23.1,37.0
2023-11-20 15:12:23,2.0,40.0,1180.0,23.1,37.0
2023-11-20 15:22:23,1.0,40.0,1138.0,23.1,37.0
2023-11-20 15:32:23,3.0,40.0,1111.0,23.1,37.0
2023-11-20 15:42:23,2.0,37.0,1005.0,23.1,36.0
2023-11-20 15:52:23,2.0,37.0,1038.0,23.1,36.0
2023-11-20 16:02:23,2.0,37.0,1141.0,23.1,36.0
2023-11-20 16:12:23,1.0,37.0,980.0,23.1,36.0
2023-11-20 16:22:22,3.0,37.0,976.0,23.0,36.0
2023-11-20 16:32:22,0.0,37.0,988.0,23.1,36.0
2023-11-20 16:42:22,0.0,37.0,981.0,23.1,36.0
2023-11-20 16:52:22,0.0,37.0,968.0,23.1,36.0
2023-11-20 17:02:22,0.0,37.0,949.0,23.1,36.0
2023-11-20 17:12:22,1.0,37.0,926.0,23.1,36.0
2023-11-20 17:22:22,5.0,37.0,939.0,23.2,36.0
2023-11-20 17:32:22,1.0,37.0,877.0,23.1,35.0
2023-11-20 17:42:22,0.0,37.0,830.0,23.2,35.0
2023-11-20 17:52:22,2.0,3.0,807.0,23.1,35.0
2023-11-20 18:02:22,0.0,3.0,787.0,23.2,35.0
2023-11-20 18:12:22,0.0,3.0,751.0,23.2,35.0
2023-11-20 18:22:22,0.0,3.0,728.0,23.1,34.0
2023-11-20 18:32:22,0.0,3.0,719.0,23.1,34.0
2023-11-20 18:42:22,2.0,37.0,748.0,23.2,35.0
2023-11-20 18:52:22,1.0,33.0,777.0,23.1,35.0
2023-11-20 19:02:22,0.0,0.0,766.0,23.2,35.0
2023-11-20 19:12:22,0.0,0.0,753.0,23.2,35.0
2023-11-20 19:22:22,0.0,0.0,738.0,23.2,34.0
2023-11-20 19:32:22,0.0,0.0,716.0,23.2,34.0
2023-11-20 19:42:22,0.0,0.0,677.0,23.2,34.0
2023-11-20 19:52:22,0.0,0.0,679.0,23.2,34.0
2023-11-20 20:02:22,0.0,0.0,660.0,23.2,34.0
2023-11-20 20:12:21,0.0,0.0,651.0,23.2,34.0
2023-11-20 20:22:21,0.0,0.0,645.0,23.2,34.0
2023-11-20 20:32:21,2.0,33.0,668.0,23.2,34.0
2023-11-20 20:42:21,0.0,33.0,635.0,23.2,34.0
2023-11-20 20:52:21,0.0,0.0,623.0,23.2,34.0
2023-11-20 21:02:21,0.0,0.0,613.0,23.2,34.0
2023-11-20 21:12:21,0.0,0.0,597.0,23.2,34.0
2023-11-20 21:22:21,0.0,0.0,611.0,23.2,34.0
2023-11-20 21:32:21,0.0,0.0,592.0,23.2,34.0
2023-11-20 21:42:21,0.0,0.0,588.0,23.2,34.0
2023-11-20 21:52:21,0.0,0.0,591.0,23.2,34.0
2023-11-20 22:02:21,0.0,0.0,553.0,23.2,34.0
2023-11-20 22:12:21,0.0,0.0,589.0,23.2,34.0
2023-11-20 22:22:21,0.0,0.0,566.0,23.2,33.0
2023-11-20 22:32:21,0.0,0.0,586.0,23.3,33.0
2023-11-20 22:42:21,0.0,0.0,576.0,23.2,33.0
2023-11-20 22:52:21,0.0,0.0,566.0,23.2,34.0
2023-11-20 23:02:21,0.0,0.0,576.0,23.2,33.0
2023-11-20 23:12:21,0.0,0.0,560.0,23.2,33.0
2023-11-20 23:22:21,0.0,0.0,573.0,23.2,33.0
2023-11-20 23:32:21,0.0,0.0,575.0,23.2,33.0
2023-11-20 23:42:21,1.0,0.0,541.0,23.2,33.0
2023-11-20 23:52:21,0.0,0.0,552.0,23.2,33.0
2023-11-21 00:02:21,0.0,0.0,556.0,23.2,33.0
2023-11-21 00:12:20,0.0,0.0,551.0,23.3,33.0
2023-11-21 00:22:20,0.0,0.0,545.0,23.3,33.0
2023-11-21 00:32:20,0.0,0.0,534.0,23.2,33.0
2023-11-21 00:42:20,0.0,0.0,535.0,23.2,33.0
2023-11-21 00:52:20,0.0,0.0,534.0,23.2,33.0
2023-11-21 01:02:20,0.0,0.0,525.0,23.3,33.0
2023-11-21 01:12:20,0.0,0.0,532.0,23.3,33.0
2023-11-21 01:22:20,0.0,0.0,529.0,23.2,33.0
2023-11-21 01:32:20,0.0,0.0,526.0,23.3,33.0
2023-11-21 01:42:20,0.0,0.0,529.0,23.3,33.0
2023-11-21 01:52:20,0.0,0.0,514.0,23.3,33.0
2023-11-21 02:02:20,0.0,0.0,515.0,23.3,33.0
2023-11-21 02:12:20,0.0,0.0,511.0,23.3,33.0
2023-11-21 02:22:20,0.0,0.0,530.0,23.3,33.0
2023-11-21 02:32:20,0.0,0.0,518.0,23.3,33.0
2023-11-21 02:42:20,0.0,0.0,511.0,23.3,33.0
2023-11-21 02:52:20,1.0,23.0,529.0,23.3,33.0
2023-11-21 03:02:20,1.0,33.0,510.0,23.3,33.0
2023-11-21 03:12:20,0.0,0.0,520.0,23.3,33.0
2023-11-21 03:22:20,0.0,0.0,511.0,23.3,33.0
2023-11-21 03:32:20,0.0,0.0,496.0,23.3,33.0
2023-11-21 03:42:20,0.0,0.0,506.0,23.4,33.0
2023-11-21 03:52:20,0.0,0.0,505.0,23.3,33.0
2023-11-21 04:02:19,0.0,33.0,512.0,23.3,33.0
2023-11-21 04:12:19,0.0,33.0,509.0,23.3,33.0
2023-11-21 04:22:19,0.0,0.0,506.0,23.3,33.0
2023-11-21 04:32:20,0.0,0.0,524.0,23.4,33.0
2023-11-21 04:42:19,0.0,0.0,503.0,23.3,33.0
2023-11-21 04:52:19,0.0,0.0,488.0,23.4,33.0
2023-11-21 05:02:19,0.0,0.0,490.0,23.4,33.0
2023-11-21 05:12:19,0.0,0.0,503.0,23.3,33.0
2023-11-21 05:22:19,0.0,0.0,489.0,23.4,33.0
2023-11-21 05:32:19,0.0,0.0,490.0,23.4,33.0
2023-11-21 05:42:19,0.0,0.0,503.0,23.4,33.0
2023-11-21 05:52:19,0.0,0.0,487.0,23.3,33.0
2023-11-21 06:02:19,0.0,0.0,497.0,23.4,33.0
2023-11-21 06:12:19,0.0,0.0,484.0,23.3,33.0
2023-11-21 06:22:19,0.0,0.0,468.0,23.4,33.0
2023-11-21 06:32:19,0.0,0.0,482.0,23.3,33.0
2023-11-21 06:42:19,0.0,0.0,480.0,23.4,33.0
2023-11-21 06:52:19,0.0,0.0,477.0,23.3,33.0
2023-11-21 07:02:19,1.0,0.0,494.0,23.3,33.0
2023-11-21 07:12:19,0.0,0.0,498.0,23.3,33.0
2023-11-21 07:22:19,0.0,0.0,492.0,23.4,33.0
2023-11-21 07:32:19,3.0,37.0,526.0,23.4,33.0
2023-11-21 07:42:19,2.0,37.0,545.0,23.3,33.0
2023-11-21 07:52:19,4.0,33.0,556.0,23.3,33.0
2023-11-21 08:02:18,3.0,37.0,577.0,23.4,34.0
2023-11-21 08:12:18,1.0,37.0,546.0,23.3,34.0
2023-11-21 08:22:18,0.0,37.0,557.0,23.3,33.0
2023-11-21 08:32:18,6.0,40.0,733.0,23.3,35.0
2023-11-21 08:42:18,2.0,43.0,710.0,23.3,35.0
2023-11-21 08:52:18,2.0,43.0,739.0,23.3,36.0
2023-11-21 09:02:18,0.0,40.0,692.0,23.3,35.0
2023-11-21 09:12:18,0.0,40.0,731.0,23.3,35.0
2023-11-21 09:22:18,1.0,40.0,726.0,23.3,35.0
2023-11-21 09:32:18,0.0,40.0,719.0,23.3,35.0
2023-11-21 09:42:18,0.0,40.0,696.0,23.3,35.0
2023-11-21 09:52:18,0.0,40.0,710.0,23.3,35.0
2023-11-21 10:02:18,5.0,37.0,762.0,23.3,35.0
2023-11-21 10:12:18,8.0,40.0,748.0,23.4,35.0
2023-11-21 10:22:18,7.0,40.0,843.0,23.3,35.0
2023-11-21 10:32:18,3.0,40.0,835.0,23.3,35.0
2023-11-21 10:42:18,0.0,40.0,844.0,23.3,35.0
2023-11-21 10:52:18,2.0,40.0,822.0,23.3,35.0
2023-11-21 11:02:18,0.0,37.0,820.0,23.3,35.0
2023-11-21 11:12:18,4.0,37.0,800.0,23.3,35.0
2023-11-21 11:22:18,3.0,37.0,816.0,23.3,35.0
2023-11-21 11:32:18,0.0,37.0,765.0,23.3,35.0
2023-11-21 11:42:18,12.0,40.0,853.0,23.3,35.0
2023-11-21 11:52:17,2.0,40.0,908.0,23.3,35.0
2023-11-21 12:02:17,9.0,40.0,947.0,23.2,36.0
2023-11-21 12:12:17,2.0,37.0,898.0,23.3,35.0
2023-11-21 12:22:17,0.0,37.0,848.0,23.3,35.0
2023-11-21 12:32:17,3.0,37.0,842.0,23.3,35.0
2023-11-21 12:42:17,5.0,37.0,849.0,23.3,35.0
2023-11-21 12:52:17,2.0,37.0,878.0,23.3,35.0
2023-11-21 13:02:17,4.0,37.0,892.0,23.3,35.0
2023-11-21 13:12:18,2.0,37.0,866.0,23.3,35.0
2023-11-21 13:22:17,3.0,37.0,861.0,23.4,35.0
2023-11-21 13:32:17,1.0,40.0,1210.0,23.4,36.0
2023-11-21 13:42:17,3.0,40.0,979.0,23.4,35.0
2023-11-21 13:52:17,2.0,40.0,963.0,23.4,35.0
2023-11-21 14:02:17,4.0,40.0,1068.0,23.4,35.0
2023-11-21 14:12:17,2.0,40.0,1081.0,23.4,36.0
2023-11-21 14:22:17,3.0,40.0,1144.0,23.4,36.0
2023-11-21 14:32:17,1.0,40.0,1142.0,23.4,36.0
2023-11-21 14:42:17,3.0,40.0,1231.0,23.4,36.0
2023-11-21 14:52:17,2.0,40.0,1118.0,23.4,36.0
2023-11-21 15:02:17,1.0,40.0,1105.0,23.4,35.0
2023-11-21 15:12:17,1.0,40.0,1132.0,23.4,35.0
2023-11-21 15:22:17,1.0,40.0,1197.0,23.4,35.0
2023-11-21 15:32:17,2.0,40.0,1129.0,23.3,35.0
2023-11-21 15:42:17,1.0,37.0,1146.0,23.4,35.0
2023-11-21 15:52:17,3.0,40.0,1164.0,23.4,35.0
2023-11-21 16:02:17,3.0,40.0,1184.0,23.4,36.0
2023-11-21 16:12:16,9.0,40.0,1174.0,23.4,36.0
2023-11-21 16:22:16,5.0,40.0,1130.0,23.4,36.0
2023-11-21 16:32:16,2.0,40.0,1098.0,23.4,36.0
2023-11-21 16:42:16,2.0,40.0,1008.0,23.4,35.0
2023-11-21 16:52:16,0.0,40.0,998.0,23.4,35.0
2023-11-21 17:02:16,2.0,40.0,945.0,23.4,34.0
2023-11-21 17:12:16,1.0,40.0,983.0,23.4,34.0
2023-11-21 17:22:16,1.0,40.0,912.0,23.4,34.0
2023-11-21 17:32:16,4.0,33.0,948.0,23.4,34.0
2023-11-21 17:42:16,0.0,37.0,814.0,23.4,33.0
2023-11-21 17:52:16,0.0,3.0,853.0,23.4,33.0
2023-11-21 18:02:16,0.0,3.0,787.0,23.4,33.0
2023-11-21 18:12:16,2.0,3.0,814.0,23.4,33.0
2023-11-21 18:22:16,2.0,6.0,803.0,23.4,33.0
2023-11-21 18:32:16,0.0,6.0,735.0,23.4,32.0
2023-11-21 18:42:16,0.0,6.0,768.0,23.4,32.0
2023-11-21 18:52:16,0.0,6.0,752.0,23.4,32.0
2023-11-21 19:02:16,0.0,6.0,746.0,23.3,32.0
2023-11-21 19:12:16,0.0,6.0,772.0,23.3,32.0
2023-11-21 19:22:16,0.0,6.0,747.0,23.3,32.0
2023-11-21 19:32:16,0.0,6.0,716.0,23.3,32.0
2023-11-21 19:42:15,0.0,6.0,721.0,23.3,32.0
2023-11-21 19:52:15,0.0,6.0,710.0,23.3,32.0
2023-11-21 20:02:15,1.0,0.0,686.0,23.3,32.0
2023-11-21 20:12:15,0.0,0.0,723.0,23.3,32.0
2023-11-21 20:22:15,2.0,0.0,807.0,23.3,33.0
2023-11-21 20:32:15,0.0,0.0,720.0,23.3,32.0
2023-11-21 20:42:15,0.0,0.0,694.0,23.3,32.0
2023-11-21 20:52:15,0.0,0.0,754.0,23.3,33.0
2023-11-21 21:02:16,0.0,0.0,678.0,23.3,32.0
2023-11-21 21:12:15,0.0,0.0,644.0,23.3,32.0
2023-11-21 21:22:15,0.0,0.0,657.0,23.3,32.0
2023-11-21 21:32:15,0.0,0.0,637.0,23.3,32.0
2023-11-21 21:42:15,0.0,0.0,613.0,23.3,32.0
2023-11-21 21:52:15,0.0,0.0,606.0,23.3,32.0
2023-11-21 22:02:15,0.0,0.0,594.0,23.3,32.0
2023-11-21 22:12:15,0.0,0.0,580.0,23.3,32.0
2023-11-21 22:22:15,0.0,0.0,572.0,23.3,32.0
2023-11-21 22:32:15,0.0,0.0,580.0,23.3,31.0
2023-11-21 22:42:15,0.0,0.0,574.0,23.3,31.0
2023-11-21 22:52:15,0.0,0.0,556.0,23.3,31.0
2023-11-21 23:02:15,0.0,0.0,558.0,23.3,31.0
2023-11-21 23:12:15,0.0,0.0,558.0,23.2,31.0
2023-11-21 23:22:15,0.0,0.0,547.0,23.3,31.0
2023-11-21 23:32:14,0.0,0.0,541.0,23.3,31.0
2023-11-21 23:42:14,0.0,0.0,523.0,23.2,31.0
2023-11-21 23:52:14,0.0,0.0,538.0,23.3,31.0
2023-11-22 00:02:15,0.0,0.0,520.0,23.3,31.0
2023-11-22 00:12:14,0.0,0.0,509.0,23.3,31.0
2023-11-22 00:22:14,0.0,0.0,512.0,23.3,31.0
2023-11-22 00:32:14,0.0,0.0,508.0,23.2,31.0
2023-11-22 00:42:14,0.0,0.0,512.0,23.3,31.0
2023-11-22 00:52:14,0.0,0.0,512.0,23.3,31.0
2023-11-22 01:02:14,0.0,0.0,519.0,23.2,31.0
2023-11-22 01:12:14,0.0,0.0,513.0,23.3,31.0
2023-11-22 01:22:15,0.0,0.0,506.0,23.2,31.0
2023-11-22 01:32:14,0.0,0.0,491.0,23.2,31.0
2023-11-22 01:42:14,0.0,0.0,487.0,23.2,31.0
2023-11-22 01:52:14,0.0,0.0,497.0,23.3,31.0
2023-11-22 02:22:14,0.0,0.0,511.0,23.2,31.0
2023-11-22 02:32:14,0.0,0.0,492.0,23.2,31.0
2023-11-22 02:42:14,0.0,0.0,499.0,23.2,30.0
2023-11-22 02:52:14,0.0,0.0,496.0,23.2,31.0
2023-11-22 03:02:14,0.0,16.0,506.0,23.2,30.0
2023-11-22 03:12:14,1.0,33.0,491.0,23.2,30.0
2023-11-22 03:22:14,0.0,0.0,483.0,23.2,30.0
2023-11-22 03:32:13,0.0,0.0,489.0,23.2,30.0
2023-11-22 03:42:13,0.0,0.0,493.0,23.2,30.0
2023-11-22 03:52:13,0.0,0.0,474.0,23.2,30.0
2023-11-22 04:02:13,0.0,0.0,483.0,23.2,30.0
2023-11-22 04:12:13,1.0,16.0,483.0,23.2,30.0
2023-11-22 04:22:13,0.0,33.0,478.0,23.2,30.0
2023-11-22 04:32:13,0.0,0.0,482.0,23.2,30.0
2023-11-22 04:42:13,0.0,0.0,478.0,23.2,30.0
2023-11-22 04:52:13,0.0,0.0,485.0,23.2,30.0
2023-11-22 05:02:13,0.0,0.0,479.0,23.2,30.0
2023-11-22 05:12:13,0.0,0.0,481.0,23.2,30.0
2023-11-22 05:22:13,0.0,0.0,479.0,23.2,30.0
2023-11-22 05:32:13,0.0,0.0,475.0,23.2,30.0
2023-11-22 05:42:13,0.0,0.0,476.0,23.2,30.0
2023-11-22 05:52:13,0.0,0.0,475.0,23.2,30.0
2023-11-22 06:02:13,0.0,0.0,486.0,23.2,30.0
2023-11-22 06:12:13,0.0,0.0,458.0,23.2,30.0
2023-11-22 06:22:13,0.0,0.0,469.0,23.2,30.0
2023-11-22 06:32:13,0.0,0.0,461.0,23.2,30.0
2023-11-22 06:42:13,0.0,0.0,477.0,23.2,30.0
2023-11-22 06:52:13,0.0,0.0,474.0,23.2,30.0
2023-11-22 07:02:13,0.0,3.0,465.0,23.1,30.0
2023-11-22 07:12:13,0.0,3.0,489.0,23.2,30.0
2023-11-22 07:22:12,0.0,23.0,476.0,23.2,30.0
2023-11-22 07:32:12,2.0,37.0,487.0,23.1,30.0
2023-11-22 07:42:12,0.0,37.0,498.0,23.1,31.0
2023-11-22 07:52:12,2.0,43.0,527.0,23.1,31.0
2023-11-22 08:02:12,1.0,43.0,567.0,23.1,31.0
2023-11-22 08:12:12,3.0,40.0,593.0,23.1,32.0
2023-11-22 08:22:12,5.0,43.0,669.0,23.1,34.0
2023-11-22 08:32:12,1.0,43.0,671.0,23.1,33.0
2023-11-22 08:42:12,3.0,43.0,743.0,23.0,34.0
2023-11-22 08:52:12,7.0,43.0,737.0,23.0,34.0
2023-11-22 09:02:12,8.0,43.0,779.0,23.0,34.0
2023-11-22 09:12:12,3.0,43.0,743.0,23.0,34.0
2023-11-22 09:22:12,5.0,43.0,781.0,23.0,34.0
2023-11-22 09:32:12,3.0,47.0,826.0,23.1,34.0
2023-11-22 09:42:12,3.0,47.0,823.0,23.0,34.0
2023-11-22 09:52:12,0.0,47.0,874.0,23.0,35.0
2023-11-22 10:02:12,5.0,47.0,823.0,23.0,34.0
2023-11-22 10:12:12,8.0,43.0,919.0,23.0,35.0
2023-11-22 10:22:12,3.0,43.0,946.0,23.0,35.0
2023-11-22 10:32:12,9.0,43.0,1042.0,23.1,35.0
2023-11-22 10:42:12,6.0,40.0,1043.0,23.1,35.0
2023-11-22 11:12:12,5.0,40.0,998.0,23.1,35.0
2023-11-22 11:22:11,3.0,40.0,999.0,23.1,35.0
2023-11-22 11:32:11,2.0,37.0,972.0,23.1,35.0
2023-11-22 11:42:11,9.0,40.0,997.0,23.1,35.0
2023-11-22 11:52:11,3.0,47.0,960.0,23.1,34.0
2023-11-22 12:02:11,5.0,47.0,1001.0,23.1,34.0
2023-11-22 12:12:11,3.0,47.0,952.0,23.0,34.0
2023-11-22 12:22:11,3.0,47.0,936.0,22.9,34.0
2023-11-22 12:32:11,2.0,43.0,902.0,23.0,34.0
2023-11-22 12:42:11,5.0,47.0,923.0,23.0,34.0
2023-11-22 12:52:11,7.0,43.0,1011.0,23.0,34.0
2023-11-22 13:02:11,3.0,40.0,1012.0,23.0,34.0
2023-11-22 13:12:11,7.0,43.0,1128.0,23.0,35.0
2023-11-22 13:22:11,1.0,40.0,1148.0,23.0,35.0
2023-11-22 13:32:11,2.0,47.0,1183.0,23.0,35.0
2023-11-22 13:42:11,3.0,43.0,1151.0,23.1,35.0
2023-11-22 13:52:11,6.0,40.0,1102.0,23.1,35.0
2023-11-22 14:02:11,4.0,40.0,1163.0,23.0,35.0
2023-11-22 14:12:11,5.0,40.0,1215.0,23.0,35.0
2023-11-22 14:22:11,2.0,40.0,1412.0,23.1,36.0
2023-11-22 14:32:11,1.0,43.0,1383.0,23.1,36.0
2023-11-22 14:42:11,1.0,40.0,1357.0,23.0,36.0
2023-11-22 14:52:11,0.0,40.0,1286.0,23.1,36.0
2023-11-22 15:02:11,0.0,40.0,1205.0,23.1,35.0
2023-11-22 15:12:11,3.0,40.0,1245.0,23.1,35.0
2023-11-22 15:22:10,2.0,40.0,1267.0,23.0,35.0
2023-11-22 15:32:10,1.0,43.0,1258.0,23.0,35.0
2023-11-22 15:42:10,4.0,43.0,1289.0,23.0,36.0
2023-11-22 15:52:10,6.0,43.0,1480.0,23.0,36.0
2023-11-22 16:02:10,5.0,43.0,1320.0,23.0,36.0
2023-11-22 16:12:10,4.0,43.0,1245.0,23.0,35.0
2023-11-22 16:22:10,0.0,43.0,1210.0,23.0,35.0
2023-11-22 16:32:10,0.0,43.0,1132.0,23.1,35.0
2023-11-22 16:42:10,0.0,43.0,1072.0,23.0,34.0
2023-11-22 16:52:10,0.0,43.0,1030.0,23.1,34.0
2023-11-22 17:02:10,0.0,43.0,1045.0,23.1,34.0
2023-11-22 17:12:10,2.0,40.0,1024.0,23.1,34.0
2023-11-22 17:22:10,1.0,40.0,1029.0,23.1,34.0
2023-11-22 17:32:10,0.0,6.0,966.0,23.1,33.0
2023-11-22 17:42:10,0.0,6.0,921.0,23.1,33.0
2023-11-22 17:52:10,0.0,6.0,893.0,23.1,33.0
2023-11-22 18:02:10,0.0,6.0,886.0,23.1,33.0
2023-11-22 18:12:10,0.0,6.0,866.0,23.1,33.0
2023-11-22 18:22:10,0.0,6.0,823.0,23.1,33.0
2023-11-22 18:32:10,0.0,6.0,802.0,23.1,33.0
2023-11-22 18:42:10,0.0,6.0,788.0,23.1,33.0
2023-11-22 18:52:10,0.0,6.0,751.0,23.1,33.0
2023-11-22 19:02:10,0.0,6.0,752.0,23.0,32.0
2023-11-22 19:12:09,0.0,6.0,754.0,23.1,32.0
2023-11-22 19:22:09,0.0,6.0,736.0,23.1,32.0
2023-11-22 19:32:09,0.0,6.0,716.0,23.1,32.0
2023-11-22 19:42:09,0.0,6.0,714.0,23.1,32.0
2023-11-22 19:52:09,0.0,6.0,707.0,23.0,32.0
2023-11-22 20:02:09,0.0,6.0,692.0,23.0,32.0
2023-11-22 20:12:09,0.0,6.0,686.0,23.1,32.0
2023-11-22 20:22:09,0.0,6.0,685.0,23.0,32.0
2023-11-22 20:32:10,0.0,6.0,664.0,23.0,32.0
2023-11-22 20:42:09,0.0,6.0,650.0,23.1,32.0
2023-11-22 20:52:09,0.0,6.0,630.0,23.1,32.0
2023-11-22 21:02:09,0.0,6.0,643.0,23.1,32.0
2023-11-22 21:12:09,0.0,6.0,642.0,23.0,32.0
2023-11-22 21:22:09,0.0,6.0,632.0,23.0,32.0
2023-11-22 21:32:09,0.0,6.0,621.0,23.0,32.0
2023-11-22 21:42:09,2.0,6.0,637.0,23.0,32.0
2023-11-22 21:52:09,0.0,6.0,627.0,23.0,32.0
2023-11-22 22:02:09,0.0,6.0,611.0,23.0,32.0
2023-11-22 22:12:09,0.0,6.0,609.0,23.0,32.0
2023-11-22 22:22:09,0.0,6.0,599.0,23.0,32.0
2023-11-22 22:32:09,0.0,6.0,591.0,23.0,32.0
2023-11-22 22:42:09,0.0,6.0,606.0,23.0,32.0
2023-11-22 22:52:09,0.0,6.0,584.0,23.0,32.0
2023-11-22 23:02:08,0.0,6.0,574.0,23.0,32.0
2023-11-22 23:12:08,0.0,6.0,585.0,23.1,32.0
2023-11-22 23:22:08,0.0,6.0,577.0,23.1,32.0
2023-11-22 23:32:08,0.0,6.0,577.0,23.0,32.0
2023-11-22 23:42:08,0.0,6.0,577.0,23.0,32.0
2023-11-22 23:52:08,0.0,6.0,567.0,23.0,32.0
2023-11-23 00:02:08,0.0,6.0,594.0,23.0,32.0
2023-11-23 00:12:08,0.0,6.0,550.0,23.0,32.0
2023-11-23 00:22:08,0.0,6.0,566.0,23.0,32.0
2023-11-23 00:32:08,0.0,6.0,560.0,23.0,32.0
2023-11-23 00:42:08,0.0,6.0,546.0,23.0,32.0
2023-11-23 00:52:08,0.0,6.0,549.0,23.0,32.0
2023-11-23 01:02:08,0.0,6.0,547.0,23.0,32.0
2023-11-23 01:12:08,0.0,6.0,551.0,23.0,32.0
2023-11-23 01:22:08,0.0,6.0,545.0,23.0,32.0
2023-11-23 01:32:08,0.0,6.0,534.0,23.0,32.0
2023-11-23 01:42:08,0.0,6.0,516.0,23.0,32.0
2023-11-23 01:52:08,0.0,6.0,529.0,23.0,32.0
2023-11-23 02:02:08,0.0,6.0,539.0,23.0,32.0
2023-11-23 02:12:08,0.0,6.0,550.0,22.9,32.0
2023-11-23 02:22:08,0.0,6.0,522.0,22.9,32.0
2023-11-23 02:32:08,0.0,6.0,523.0,22.9,32.0
2023-11-23 02:42:08,0.0,6.0,534.0,23.0,32.0
2023-11-23 02:52:08,0.0,6.0,523.0,23.0,33.0
2023-11-23 03:02:07,1.0,40.0,537.0,23.0,33.0
2023-11-23 03:12:07,0.0,40.0,516.0,23.0,33.0
2023-11-23 03:22:07,0.0,6.0,518.0,23.0,33.0
2023-11-23 03:32:07,0.0,6.0,524.0,22.9,33.0
2023-11-23 03:42:07,0.0,6.0,501.0,23.0,33.0
2023-11-23 03:52:07,1.0,33.0,497.0,22.9,33.0
2023-11-23 04:02:07,0.0,33.0,523.0,22.9,33.0
2023-11-23 04:12:07,0.0,0.0,507.0,23.0,33.0
2023-11-23 04:22:07,0.0,0.0,514.0,22.9,33.0
2023-11-23 04:32:07,0.0,0.0,510.0,22.9,33.0
2023-11-23 04:42:07,0.0,0.0,492.0,22.9,33.0
2023-11-23 04:52:07,0.0,0.0,508.0,22.9,33.0
2023-11-23 05:02:07,0.0,0.0,496.0,22.9,33.0
2023-11-23 05:12:07,0.0,0.0,500.0,22.9,33.0
2023-11-23 05:22:07,0.0,0.0,502.0,22.9,33.0
2023-11-23 05:32:07,0.0,0.0,511.0,22.9,34.0
2023-11-23 05:42:07,0.0,0.0,480.0,22.9,34.0
2023-11-23 05:52:07,0.0,0.0,493.0,22.9,34.0
2023-11-23 06:02:07,0.0,0.0,493.0,22.9,34.0
2023-11-23 06:12:07,0.0,0.0,486.0,22.9,34.0
2023-11-23 06:22:07,0.0,0.0,496.0,22.9,34.0
2023-11-23 06:32:07,0.0,0.0,486.0,22.9,34.0
2023-11-23 06:42:07,1.0,26.0,509.0,22.9,34.0
2023-11-23 06:52:06,0.0,33.0,503.0,22.9,34.0
2023-11-23 07:02:06,0.0,33.0,486.0,22.9,34.0
2023-11-23 07:12:06,0.0,33.0,505.0,22.9,34.0
2023-11-23 07:22:06,1.0,40.0,513.0,22.8,34.0
2023-11-23 07:32:06,2.0,40.0,534.0,22.9,35.0
2023-11-23 07:42:06,1.0,40.0,558.0,22.9,35.0
2023-11-23 07:52:06,1.0,37.0,558.0,22.9,35.0
2023-11-23 08:02:06,1.0,40.0,587.0,22.8,36.0
2023-11-23 08:12:06,2.0,40.0,645.0,22.8,36.0
2023-11-23 08:22:06,3.0,40.0,666.0,22.8,37.0
2023-11-23 08:32:06,3.0,40.0,674.0,22.8,37.0
2023-11-23 08:42:06,2.0,40.0,680.0,22.8,38.0
2023-11-23 08:52:06,2.0,37.0,758.0,22.8,38.0
2023-11-23 09:02:06,15.0,37.0,813.0,22.9,40.0
2023-11-23 09:12:06,4.0,40.0,801.0,22.8,39.0
2023-11-23 09:22:06,6.0,37.0,832.0,22.8,39.0
2023-11-23 09:32:06,4.0,43.0,852.0,22.8,39.0
2023-11-23 09:42:06,3.0,43.0,902.0,22.9,40.0
2023-11-23 09:52:06,1.0,43.0,920.0,22.8,40.0
2023-11-23 10:02:06,1.0,43.0,994.0,22.9,41.0
2023-11-23 10:12:06,3.0,43.0,955.0,22.9,40.0
2023-11-23 10:22:06,0.0,43.0,953.0,22.9,40.0
2023-11-23 10:32:06,5.0,43.0,944.0,22.9,40.0
2023-11-23 10:42:06,7.0,40.0,973.0,22.9,40.0
2023-11-23 10:52:05,7.0,40.0,1037.0,22.9,41.0
2023-11-23 11:02:05,2.0,40.0,1024.0,22.9,40.0
2023-11-23 11:12:05,5.0,43.0,1024.0,22.8,41.0
2023-11-23 11:22:05,4.0,43.0,1023.0,22.8,40.0
2023-11-23 11:32:05,1.0,43.0,1046.0,22.9,40.0
2023-11-23 11:42:05,2.0,43.0,1029.0,22.9,40.0
2023-11-23 11:52:05,6.0,43.0,1052.0,22.9,40.0
2023-11-23 12:02:05,3.0,47.0,1065.0,22.8,41.0
2023-11-23 12:12:05,2.0,43.0,1122.0,22.9,41.0
2023-11-23 12:22:05,8.0,40.0,1054.0,22.8,41.0
2023-11-23 12:32:05,4.0,40.0,1160.0,22.9,41.0
2023-11-23 12:42:05,6.0,37.0,1141.0,22.9,41.0
2023-11-23 12:52:05,5.0,40.0,1222.0,22.9,42.0
2023-11-23 13:02:05,7.0,40.0,1275.0,22.9,42.0
2023-11-23 13:12:05,7.0,40.0,1229.0,22.9,42.0
2023-11-23 13:22:05,2.0,40.0,1228.0,22.9,42.0
2023-11-23 13:32:05,0.0,40.0,1177.0,22.9,41.0
2023-11-23 13:42:05,6.0,40.0,1185.0,22.9,42.0
2023-11-23 13:52:05,6.0,40.0,1046.0,22.9,41.0
2023-11-23 14:02:05,7.0,37.0,1035.0,22.9,41.0
2023-11-23 14:12:05,9.0,37.0,1095.0,22.9,41.0
2023-11-23 14:22:05,6.0,37.0,1088.0,22.9,41.0
2023-11-23 14:32:05,3.0,37.0,1121.0,22.9,41.0
2023-11-23 14:42:04,2.0,37.0,1102.0,22.9,41.0
2023-11-23 14:52:04,6.0,37.0,1119.0,23.0,41.0
2023-11-23 15:02:04,1.0,37.0,1111.0,22.9,41.0
2023-11-23 15:12:04,0.0,37.0,1095.0,22.9,40.0
2023-11-23 15:22:04,0.0,37.0,1063.0,22.9,40.0
2023-11-23 15:32:04,0.0,37.0,1011.0,22.9,40.0
2023-11-23 15:42:04,1.0,37.0,970.0,22.9,40.0
2023-11-23 15:52:04,0.0,37.0,944.0,22.9,40.0
2023-11-23 16:02:04,0.0,37.0,945.0,22.9,40.0
2023-11-23 16:12:04,1.0,37.0,860.0,23.0,39.0
2023-11-23 16:22:04,4.0,40.0,905.0,22.9,39.0
2023-11-23 16:32:04,2.0,37.0,912.0,22.9,39.0
2023-11-23 16:42:04,0.0,40.0,879.0,22.9,39.0
2023-11-23 16:52:04,0.0,40.0,861.0,22.9,39.0
2023-11-23 17:02:04,0.0,40.0,839.0,23.0,39.0
2023-11-23 17:12:04,0.0,40.0,817.0,23.0,38.0
2023-11-23 17:22:04,0.0,40.0,797.0,23.0,38.0
2023-11-23 17:32:04,2.0,6.0,788.0,23.0,38.0
2023-11-23 17:42:04,0.0,6.0,783.0,23.0,38.0
2023-11-23 17:52:04,2.0,6.0,777.0,23.0,38.0
2023-11-23 18:02:04,0.0,6.0,770.0,23.0,38.0
2023-11-23 18:12:04,0.0,6.0,733.0,23.0,38.0
2023-11-23 18:22:04,0.0,6.0,721.0,23.0,38.0
2023-11-23 18:32:03,2.0,6.0,742.0,23.0,38.0
2023-11-23 18:42:04,3.0,3.0,750.0,23.0,38.0
2023-11-23 18:52:03,0.0,3.0,759.0,22.9,38.0
2023-11-23 19:02:03,0.0,3.0,718.0,22.9,37.0
2023-11-23 19:12:03,0.0,3.0,726.0,23.0,37.0
2023-11-23 19:22:03,1.0,3.0,716.0,22.9,37.0
2023-11-23 19:32:03,3.0,3.0,708.0,23.0,37.0
2023-11-23 19:42:03,6.0,37.0,693.0,23.0,37.0
2023-11-23 19:52:03,3.0,33.0,715.0,22.9,37.0
2023-11-23 20:02:03,0.0,0.0,706.0,23.0,37.0
2023-11-23 20:12:03,0.0,0.0,688.0,23.0,37.0
2023-11-23 20:22:03,2.0,33.0,672.0,22.9,37.0
2023-11-23 20:32:03,1.0,33.0,694.0,23.0,37.0
2023-11-23 20:42:03,4.0,33.0,678.0,23.0,37.0
2023-11-23 20:52:03,0.0,33.0,701.0,22.9,37.0
2023-11-23 21:02:03,0.0,0.0,694.0,22.9,37.0
2023-11-23 21:12:03,0.0,0.0,684.0,23.0,37.0
2023-11-23 21:22:03,0.0,0.0,673.0,22.9,37.0
2023-11-23 21:32:03,0.0,0.0,658.0,22.9,37.0
2023-11-23 21:42:03,0.0,0.0,637.0,22.9,36.0
2023-11-23 21:52:03,0.0,0.0,641.0,22.9,36.0
2023-11-23 22:02:03,0.0,0.0,620.0,22.9,36.0
2023-11-23 22:12:03,0.0,0.0,593.0,22.9,36.0
2023-11-23 22:22:03,0.0,33.0,603.0,22.9,36.0
2023-11-23 22:32:02,2.0,33.0,620.0,22.9,36.0
2023-11-23 22:42:02,0.0,0.0,603.0,23.0,36.0
2023-11-23 22:52:02,5.0,33.0,606.0,22.9,36.0
2023-11-23 23:02:02,4.0,33.0,609.0,22.9,36.0
2023-11-23 23:12:02,1.0,33.0,604.0,23.0,36.0
2023-11-23 23:22:02,0.0,0.0,598.0,22.9,36.0
2023-11-23 23:32:02,0.0,0.0,583.0,23.0,35.0
2023-11-23 23:42:02,0.0,0.0,570.0,23.0,35.0
2023-11-23 23:52:02,0.0,0.0,567.0,23.0,35.0
2023-11-24 00:02:02,0.0,0.0,562.0,22.9,35.0
2023-11-24 00:12:02,0.0,0.0,567.0,23.0,35.0
2023-11-24 00:22:02,1.0,33.0,551.0,22.9,35.0
2023-11-24 00:32:02,0.0,33.0,542.0,22.9,35.0
2023-11-24 00:42:02,0.0,0.0,543.0,22.9,35.0
2023-11-24 00:52:02,0.0,0.0,549.0,22.9,35.0
2023-11-24 01:02:02,0.0,0.0,536.0,22.9,35.0
2023-11-24 01:12:02,0.0,0.0,526.0,22.9,35.0
2023-11-24 01:22:02,0.0,0.0,527.0,22.9,35.0
2023-11-24 01:32:02,0.0,0.0,534.0,22.9,35.0
2023-11-24 01:42:02,0.0,0.0,532.0,22.9,35.0
2023-11-24 01:52:02,0.0,0.0,531.0,22.9,35.0
2023-11-24 02:02:02,0.0,0.0,516.0,22.9,35.0
2023-11-24 02:12:02,0.0,0.0,512.0,22.9,34.0
2023-11-24 02:22:02,0.0,0.0,514.0,22.9,34.0
2023-11-24 02:32:01,0.0,0.0,514.0,22.9,34.0
2023-11-24 02:42:02,0.0,0.0,515.0,22.9,34.0
2023-11-24 02:52:02,0.0,0.0,518.0,22.9,34.0
2023-11-24 03:02:01,0.0,0.0,513.0,22.9,34.0
2023-11-24 03:12:01,1.0,33.0,512.0,22.9,34.0
2023-11-24 03:22:01,0.0,33.0,500.0,22.9,34.0
2023-11-24 03:32:01,0.0,0.0,527.0,22.9,34.0
2023-11-24 03:42:01,0.0,0.0,486.0,22.9,34.0
2023-11-24 03:52:01,0.0,0.0,516.0,22.9,34.0
2023-11-24 04:02:01,0.0,0.0,493.0,23.0,34.0
2023-11-24 04:12:01,0.0,33.0,503.0,22.9,34.0
2023-11-24 04:22:01,1.0,33.0,500.0,23.0,34.0
2023-11-24 04:32:01,0.0,0.0,498.0,23.0,34.0
2023-11-24 04:42:01,0.0,0.0,505.0,22.9,34.0
2023-11-24 04:52:01,0.0,0.0,505.0,22.9,34.0
2023-11-24 05:02:01,0.0,0.0,507.0,22.9,34.0
2023-11-24 05:12:01,0.0,0.0,497.0,22.9,34.0
2023-11-24 05:22:01,0.0,0.0,500.0,22.9,34.0
2023-11-24 05:32:01,0.0,0.0,499.0,22.9,34.0
2023-11-24 05:42:01,0.0,0.0,501.0,22.9,34.0
2023-11-24 05:52:01,0.0,0.0,512.0,22.9,34.0
2023-11-24 06:02:01,0.0,0.0,496.0,22.9,33.0
2023-11-24 06:12:01,0.0,20.0,468.0,22.9,33.0
2023-11-24 06:22:00,0.0,37.0,489.0,22.9,33.0
2023-11-24 06:32:01,0.0,0.0,500.0,22.9,33.0
2023-11-24 06:42:00,0.0,26.0,500.0,22.9,33.0
2023-11-24 06:52:01,1.0,37.0,495.0,22.9,33.0
2023-11-24 07:02:00,0.0,37.0,506.0,22.9,33.0
2023-11-24 07:12:00,3.0,33.0,524.0,22.9,33.0
2023-11-24 07:22:00,4.0,37.0,549.0,22.9,33.0
2023-11-24 07:32:00,6.0,33.0,615.0,22.9,34.0
2023-11-24 07:42:00,1.0,37.0,634.0,22.9,34.0
2023-11-24 07:52:00,5.0,40.0,675.0,22.9,35.0
2023-11-24 08:02:00,1.0,40.0,682.0,22.8,34.0
2023-11-24 08:12:00,3.0,40.0,671.0,22.8,34.0
2023-11-24 08:22:00,1.0,40.0,632.0,22.8,34.0
2023-11-24 08:32:00,6.0,43.0,678.0,22.9,35.0
2023-11-24 08:42:00,2.0,43.0,681.0,22.8,35.0
2023-11-24 08:52:00,3.0,37.0,732.0,22.8,35.0
2023-11-24 09:02:00,2.0,40.0,743.0,22.8,35.0
2023-11-24 09:12:00,6.0,40.0,731.0,22.8,35.0
2023-11-24 09:22:00,1.0,40.0,757.0,22.8,35.0
2023-11-24 09:32:00,6.0,43.0,840.0,22.8,36.0
2023-11-24 09:42:00,8.0,47.0,860.0,22.8,36.0
2023-11-24 09:52:00,5.0,43.0,930.0,22.8,36.0
2023-11-24 10:02:00,5.0,47.0,999.0,22.8,36.0
2023-11-24 10:12:00,8.0,43.0,982.0,22.9,36.0
2023-11-24 10:21:59,6.0,47.0,958.0,22.9,36.0
2023-11-24 10:31:59,4.0,40.0,1010.0,22.9,37.0
2023-11-24 10:42:00,2.0,43.0,963.0,22.9,36.0
2023-11-24 10:51:59,2.0,43.0,1037.0,22.9,37.0
2023-11-24 11:01:59,3.0,43.0,1034.0,23.0,37.0
2023-11-24 11:11:59,8.0,40.0,1018.0,22.9,37.0
2023-11-24 11:21:59,0.0,40.0,1037.0,22.9,37.0
2023-11-24 11:31:59,3.0,40.0,1026.0,22.9,37.0
2023-11-24 11:41:59,0.0,40.0,1008.0,22.9,37.0
2023-11-24 11:51:59,0.0,40.0,1008.0,23.0,36.0
2023-11-24 12:01:59,7.0,40.0,990.0,22.9,37.0
2023-11-24 12:11:59,11.0,40.0,1257.0,23.0,38.0
2023-11-24 12:21:59,6.0,43.0,1223.0,23.0,38.0
2023-11-24 12:31:59,2.0,43.0,1194.0,23.0,38.0
2023-11-24 12:41:59,9.0,40.0,1147.0,22.9,37.0
2023-11-24 12:51:59,3.0,40.0,1146.0,22.9,37.0
2023-11-24 13:01:59,3.0,40.0,1142.0,22.9,37.0
2023-11-24 13:11:59,11.0,43.0,1312.0,22.9,38.0
2023-11-24 13:21:59,1.0,40.0,1247.0,23.0,37.0
2023-11-24 13:31:59,1.0,40.0,1306.0,23.0,38.0
2023-11-24 13:41:59,2.0,47.0,1349.0,23.0,38.0
2023-11-24 13:51:59,7.0,43.0,1297.0,23.0,38.0
2023-11-24 14:01:59,2.0,47.0,1340.0,23.0,38.0
2023-11-24 14:11:58,3.0,43.0,1250.0,22.9,37.0
2023-11-24 14:21:58,2.0,43.0,1271.0,22.9,37.0
2023-11-24 14:31:58,6.0,43.0,1364.0,23.0,38.0
2023-11-24 14:41:58,10.0,40.0,1391.0,22.9,38.0
2023-11-24 14:51:58,4.0,40.0,1492.0,23.0,38.0
2023-11-24 15:01:58,3.0,40.0,1499.0,23.1,38.0
2023-11-24 15:11:58,4.0,40.0,1421.0,23.1,38.0
2023-11-24 15:21:58,3.0,43.0,1469.0,23.1,38.0
2023-11-24 15:31:58,11.0,37.0,1526.0,23.1,38.0
2023-11-24 15:41:58,4.0,33.0,1497.0,23.1,38.0
2023-11-24 15:51:58,0.0,33.0,1467.0,23.2,38.0
2023-11-24 16:01:58,1.0,33.0,1467.0,23.2,38.0
2023-11-24 16:11:58,0.0,33.0,1472.0,23.1,38.0
2023-11-24 16:21:58,6.0,33.0,1506.0,23.1,38.0
2023-11-24 16:31:58,0.0,33.0,1427.0,23.2,38.0
2023-11-24 16:41:58,6.0,33.0,1399.0,23.1,38.0
2023-11-24 16:51:58,1.0,33.0,1343.0,23.2,37.0
2023-11-24 17:01:58,0.0,33.0,1317.0,23.2,37.0
2023-11-24 17:11:58,2.0,33.0,1264.0,23.1,37.0
2023-11-24 17:21:58,0.0,33.0,1196.0,23.2,37.0
2023-11-24 17:31:58,0.0,3.0,1178.0,23.2,37.0
2023-11-24 17:41:58,0.0,3.0,1159.0,23.2,37.0
2023-11-24 17:51:58,0.0,3.0,1124.0,23.2,36.0
2023-11-24 18:01:58,2.0,37.0,1107.0,23.2,36.0
2023-11-24 18:11:57,1.0,37.0,1070.0,23.2,36.0
2023-11-24 18:21:57,1.0,33.0,1014.0,23.2,36.0
2023-11-24 18:31:57,0.0,33.0,945.0,23.2,35.0
2023-11-24 18:41:57,0.0,0.0,944.0,23.2,35.0
2023-11-24 18:51:57,0.0,0.0,916.0,23.2,35.0
2023-11-24 19:01:57,0.0,0.0,881.0,23.2,35.0
2023-11-24 19:11:57,0.0,0.0,893.0,23.2,35.0
2023-11-24 19:21:57,0.0,0.0,854.0,23.1,34.0
2023-11-24 19:31:57,0.0,0.0,819.0,23.2,34.0
2023-11-24 19:41:57,0.0,0.0,785.0,23.1,34.0
2023-11-24 19:51:57,0.0,0.0,789.0,23.2,34.0
2023-11-24 20:01:57,0.0,0.0,751.0,23.2,34.0
2023-11-24 20:11:57,0.0,0.0,749.0,23.2,34.0
2023-11-24 20:21:57,0.0,0.0,739.0,23.2,34.0
2023-11-24 20:31:57,0.0,0.0,721.0,23.2,34.0
2023-11-24 20:41:57,0.0,0.0,700.0,23.2,33.0
2023-11-24 20:51:57,0.0,0.0,700.0,23.2,33.0
2023-11-24 21:01:57,0.0,0.0,678.0,23.2,33.0
2023-11-24 21:11:57,0.0,0.0,678.0,23.2,33.0
2023-11-24 21:21:57,0.0,0.0,658.0,23.2,33.0
2023-11-24 21:31:57,0.0,0.0,662.0,23.2,33.0
2023-11-24 21:41:57,0.0,0.0,671.0,23.2,33.0
2023-11-24 21:51:57,0.0,0.0,646.0,23.2,33.0
2023-11-24 22:01:56,0.0,0.0,631.0,23.2,33.0
2023-11-24 22:11:56,0.0,0.0,622.0,23.2,33.0
2023-11-24 22:21:56,0.0,0.0,619.0,23.2,33.0
2023-11-24 22:31:56,0.0,0.0,620.0,23.2,32.0
2023-11-24 22:41:56,0.0,0.0,629.0,23.2,32.0
2023-11-24 22:51:56,0.0,0.0,609.0,23.2,33.0
2023-11-24 23:01:57,0.0,0.0,627.0,23.2,32.0
2023-11-24 23:11:56,0.0,0.0,601.0,23.2,32.0
2023-11-24 23:21:56,0.0,0.0,607.0,23.2,32.0
2023-11-24 23:31:56,0.0,0.0,608.0,23.2,32.0
2023-11-24 23:41:56,0.0,0.0,594.0,23.1,32.0
2023-11-24 23:51:56,0.0,0.0,594.0,23.2,32.0
2023-11-25 00:01:56,0.0,0.0,577.0,23.2,32.0
2023-11-25 00:11:56,0.0,0.0,596.0,23.1,32.0
2023-11-25 00:21:56,0.0,0.0,575.0,23.2,32.0
2023-11-25 00:31:56,0.0,0.0,571.0,23.2,32.0
2023-11-25 00:41:56,0.0,0.0,560.0,23.2,32.0
2023-11-25 00:51:56,0.0,0.0,562.0,23.2,32.0
2023-11-25 01:01:56,0.0,0.0,563.0,23.2,32.0
2023-11-25 01:11:56,0.0,0.0,547.0,23.2,32.0
2023-11-25 01:21:56,0.0,0.0,548.0,23.2,32.0
2023-11-25 01:31:56,0.0,0.0,558.0,23.2,32.0
2023-11-25 01:41:56,0.0,0.0,540.0,23.2,32.0
2023-11-25 01:51:56,0.0,0.0,540.0,23.2,32.0
2023-11-25 02:01:55,0.0,0.0,560.0,23.2,32.0
2023-11-25 02:11:55,0.0,0.0,559.0,23.2,31.0
2023-11-25 02:21:55,0.0,0.0,545.0,23.2,31.0
2023-11-25 02:31:55,0.0,0.0,544.0,23.2,31.0
2023-11-25 02:41:55,0.0,0.0,542.0,23.2,31.0
2023-11-25 02:51:55,0.0,0.0,527.0,23.2,31.0
2023-11-25 03:01:55,0.0,0.0,541.0,23.2,31.0
2023-11-25 03:11:55,0.0,0.0,534.0,23.2,31.0
2023-11-25 03:21:55,0.0,0.0,541.0,23.2,31.0
2023-11-25 03:31:55,0.0,0.0,530.0,23.2,31.0
2023-11-25 03:41:55,0.0,0.0,537.0,23.2,31.0
2023-11-25 03:51:55,0.0,0.0,528.0,23.2,31.0
2023-11-25 04:01:55,0.0,0.0,515.0,23.2,31.0
2023-11-25 04:11:55,0.0,0.0,510.0,23.2,31.0
2023-11-25 04:21:55,2.0,0.0,542.0,23.2,31.0
2023-11-25 04:31:55,1.0,0.0,516.0,23.2,31.0
2023-11-25 04:41:55,0.0,0.0,514.0,23.2,31.0
2023-11-25 04:51:55,0.0,0.0,512.0,23.2,31.0
2023-11-25 05:01:55,0.0,0.0,511.0,23.2,31.0
2023-11-25 05:11:55,0.0,0.0,513.0,23.2,31.0
2023-11-25 05:21:55,1.0,33.0,531.0,23.3,31.0
2023-11-25 05:31:55,0.0,33.0,526.0,23.2,31.0
2023-11-25 05:41:55,0.0,0.0,525.0,23.2,31.0
2023-11-25 05:51:54,0.0,0.0,515.0,23.2,31.0
2023-11-25 06:01:54,0.0,0.0,508.0,23.2,31.0
2023-11-25 06:11:54,0.0,0.0,518.0,23.2,31.0
2023-11-25 06:21:54,0.0,0.0,510.0,23.2,30.0
2023-11-25 06:31:54,0.0,0.0,483.0,23.2,30.0
2023-11-25 06:41:54,0.0,0.0,503.0,23.3,30.0
2023-11-25 06:51:54,0.0,0.0,508.0,23.2,30.0
2023-11-25 07:01:54,0.0,0.0,491.0,23.2,30.0
2023-11-25 07:11:54,0.0,0.0,505.0,23.3,30.0
2023-11-25 07:21:54,0.0,0.0,479.0,23.2,30.0
2023-11-25 07:31:54,0.0,3.0,494.0,23.2,30.0
2023-11-25 07:41:54,0.0,3.0,490.0,23.2,30.0
2023-11-25 07:51:54,0.0,3.0,489.0,23.2,30.0
2023-11-25 08:01:54,0.0,3.0,494.0,23.2,30.0
2023-11-25 08:11:54,0.0,3.0,483.0,23.2,30.0
2023-11-25 08:21:54,0.0,3.0,492.0,23.3,30.0
2023-11-25 08:31:54,0.0,3.0,494.0,23.2,30.0
2023-11-25 08:41:54,0.0,3.0,485.0,23.3,30.0
2023-11-25 08:51:54,0.0,3.0,483.0,23.3,30.0
2023-11-25 09:01:54,0.0,3.0,480.0,23.2,30.0
2023-11-25 09:11:54,0.0,3.0,480.0,23.2,30.0
2023-11-25 09:21:54,0.0,6.0,488.0,23.2,30.0
2023-11-25 09:31:54,0.0,6.0,506.0,23.2,30.0
2023-11-25 09:41:54,0.0,6.0,486.0,23.2,30.0
2023-11-25 09:51:53,0.0,6.0,498.0,23.3,30.0
2023-11-25 10:01:53,0.0,6.0,477.0,23.3,30.0
2023-11-25 10:11:53,0.0,6.0,476.0,23.3,30.0
2023-11-25 10:21:53,2.0,6.0,498.0,23.2,30.0
2023-11-25 10:31:53,0.0,10.0,472.0,23.2,30.0
2023-11-25 10:41:53,0.0,10.0,471.0,23.2,30.0
2023-11-25 10:51:53,0.0,6.0,484.0,23.3,30.0
2023-11-25 11:01:53,0.0,3.0,480.0,23.2,30.0
2023-11-25 11:11:53,0.0,3.0,465.0,23.2,30.0
2023-11-25 11:21:53,0.0,3.0,468.0,23.3,30.0
2023-11-25 11:31:53,0.0,3.0,470.0,23.2,30.0
2023-11-25 11:41:53,0.0,3.0,461.0,23.2,30.0
2023-11-25 11:51:53,0.0,3.0,479.0,23.2,30.0
2023-11-25 12:01:53,0.0,3.0,472.0,23.2,30.0
2023-11-25 12:11:53,0.0,3.0,471.0,23.2,30.0
2023-11-25 12:21:53,0.0,3.0,456.0,23.2,30.0
2023-11-25 12:31:53,0.0,3.0,477.0,23.2,30.0
2023-11-25 12:41:53,0.0,3.0,469.0,23.2,29.0
2023-11-25 12:51:53,0.0,3.0,471.0,23.2,29.0
2023-11-25 13:01:53,0.0,3.0,462.0,23.2,29.0
2023-11-25 13:11:53,0.0,3.0,455.0,23.2,29.0
2023-11-25 13:21:53,0.0,3.0,461.0,23.2,29.0
2023-11-25 13:31:53,0.0,3.0,445.0,23.2,29.0
2023-11-25 13:41:52,0.0,3.0,446.0,23.2,29.0
2023-11-25 13:51:52,0.0,3.0,447.0,23.2,29.0
2023-11-25 14:01:52,0.0,3.0,468.0,23.2,29.0
2023-11-25 14:11:52,0.0,3.0,460.0,23.2,29.0
2023-11-25 14:21:52,0.0,0.0,458.0,23.2,29.0
2023-11-25 14:31:52,0.0,0.0,444.0,23.2,29.0
2023-11-25 14:41:52,0.0,0.0,456.0,23.2,29.0
2023-11-25 14:51:52,0.0,0.0,453.0,23.2,29.0
2023-11-25 15:01:52,0.0,0.0,449.0,23.2,29.0
2023-11-25 15:11:52,0.0,0.0,445.0,23.2,29.0
2023-11-25 15:21:52,0.0,0.0,474.0,23.2,29.0
2023-11-25 15:31:52,0.0,0.0,454.0,23.2,29.0
2023-11-25 15:41:52,0.0,0.0,455.0,23.2,29.0
2023-11-25 15:51:52,0.0,0.0,426.0,23.2,29.0
2023-11-25 16:01:52,0.0,0.0,443.0,23.2,29.0
2023-11-25 16:11:52,0.0,0.0,448.0,23.2,29.0
2023-11-25 16:21:52,0.0,0.0,448.0,23.2,29.0
2023-11-25 16:31:52,0.0,0.0,449.0,23.2,29.0
2023-11-25 16:41:52,0.0,0.0,428.0,23.2,29.0
2023-11-25 16:51:52,0.0,0.0,446.0,23.2,29.0
2023-11-25 17:01:52,0.0,0.0,458.0,23.2,29.0
2023-11-25 17:11:52,0.0,0.0,444.0,23.2,29.0
2023-11-25 17:21:52,0.0,0.0,448.0,23.2,29.0
2023-11-25 17:31:51,0.0,0.0,435.0,23.2,29.0
2023-11-25 17:41:51,0.0,0.0,436.0,23.2,29.0
2023-11-25 17:51:51,0.0,0.0,441.0,23.2,28.0
2023-11-25 18:01:51,0.0,0.0,449.0,23.2,29.0
2023-11-25 18:11:51,0.0,0.0,432.0,23.2,28.0
2023-11-25 18:21:51,0.0,0.0,445.0,23.2,28.0
2023-11-25 18:31:51,0.0,0.0,448.0,23.2,28.0
2023-11-25 18:41:51,0.0,0.0,441.0,23.2,28.0
2023-11-25 18:51:51,0.0,0.0,437.0,23.2,28.0
2023-11-25 19:01:51,0.0,0.0,436.0,23.2,28.0
2023-11-25 19:11:51,0.0,0.0,446.0,23.2,28.0
2023-11-25 19:21:51,0.0,0.0,434.0,23.2,28.0
2023-11-25 19:31:51,0.0,0.0,438.0,23.2,28.0
2023-11-25 19:41:51,0.0,0.0,438.0,23.2,28.0
2023-11-25 19:51:51,0.0,0.0,426.0,23.2,28.0
2023-11-25 20:01:51,0.0,0.0,431.0,23.2,28.0
2023-11-25 20:11:51,0.0,0.0,435.0,23.2,28.0
2023-11-25 20:21:51,0.0,0.0,423.0,23.2,28.0
2023-11-25 20:31:51,0.0,0.0,431.0,23.2,28.0
2023-11-25 20:41:51,0.0,0.0,434.0,23.2,28.0
2023-11-25 20:51:51,0.0,0.0,425.0,23.2,28.0
2023-11-25 21:01:51,0.0,0.0,430.0,23.2,28.0
2023-11-25 21:11:51,0.0,0.0,424.0,23.2,28.0
2023-11-25 21:21:51,0.0,0.0,437.0,23.2,28.0
2023-11-25 21:31:50,0.0,0.0,433.0,23.2,28.0
2023-11-25 21:41:50,0.0,0.0,418.0,23.2,28.0
2023-11-25 21:51:50,0.0,0.0,425.0,23.2,28.0
2023-11-25 22:01:50,0.0,0.0,418.0,23.2,28.0
2023-11-25 22:11:50,0.0,0.0,421.0,23.2,28.0
2023-11-25 22:21:50,0.0,0.0,418.0,23.2,28.0
2023-11-25 22:31:50,0.0,0.0,420.0,23.2,28.0
2023-11-25 22:41:50,0.0,0.0,436.0,23.2,28.0
2023-11-25 22:51:50,0.0,0.0,425.0,23.2,28.0
2023-11-25 23:01:50,0.0,0.0,424.0,23.2,28.0
2023-11-25 23:11:50,0.0,0.0,424.0,23.2,28.0
2023-11-25 23:21:50,0.0,0.0,429.0,23.2,28.0
2023-11-25 23:31:50,0.0,0.0,411.0,23.2,28.0
2023-11-25 23:41:50,0.0,0.0,411.0,23.2,28.0
2023-11-25 23:51:50,0.0,0.0,428.0,23.2,27.0
2023-11-26 00:01:50,0.0,0.0,404.0,23.2,28.0
2023-11-26 00:11:50,0.0,0.0,422.0,23.2,28.0
2023-11-26 00:21:50,0.0,0.0,417.0,23.2,28.0
2023-11-26 00:31:50,0.0,0.0,425.0,23.2,28.0
2023-11-26 00:41:50,0.0,0.0,411.0,23.2,27.0
2023-11-26 00:51:50,0.0,0.0,420.0,23.2,27.0
2023-11-26 01:01:50,0.0,0.0,417.0,23.2,27.0
2023-11-26 01:11:50,0.0,0.0,416.0,23.2,27.0
2023-11-26 01:21:49,0.0,0.0,408.0,23.2,27.0
2023-11-26 01:31:49,0.0,0.0,412.0,23.2,27.0
2023-11-26 01:41:49,0.0,0.0,418.0,23.1,27.0
2023-11-26 01:51:49,0.0,0.0,433.0,23.2,27.0
2023-11-26 02:01:49,0.0,0.0,418.0,23.2,27.0
2023-11-26 02:11:49,0.0,0.0,408.0,23.2,27.0
2023-11-26 02:21:49,0.0,0.0,417.0,23.2,27.0
2023-11-26 02:31:49,0.0,0.0,426.0,23.2,27.0
2023-11-26 02:41:49,0.0,0.0,409.0,23.1,27.0
2023-11-26 02:51:49,0.0,0.0,416.0,23.2,27.0
2023-11-26 03:01:49,0.0,0.0,419.0,23.2,27.0
2023-11-26 03:11:49,0.0,0.0,416.0,23.2,27.0
2023-11-26 03:21:49,0.0,0.0,406.0,23.1,27.0
2023-11-26 03:31:49,0.0,0.0,419.0,23.2,27.0
2023-11-26 03:41:49,0.0,0.0,406.0,23.1,27.0
2023-11-26 03:51:49,0.0,0.0,408.0,23.1,27.0
2023-11-26 04:01:49,0.0,0.0,397.0,23.2,27.0
2023-11-26 04:11:49,0.0,0.0,412.0,23.2,27.0
2023-11-26 04:21:49,0.0,0.0,411.0,23.2,27.0
2023-11-26 04:31:49,0.0,0.0,420.0,23.2,27.0
2023-11-26 04:41:49,0.0,0.0,410.0,23.1,27.0
2023-11-26 04:51:49,0.0,0.0,414.0,23.2,27.0
2023-11-26 05:01:49,0.0,0.0,428.0,23.2,27.0
2023-11-26 05:11:49,0.0,0.0,416.0,23.1,27.0
2023-11-26 05:21:49,1.0,20.0,421.0,23.2,27.0
2023-11-26 05:31:48,0.0,33.0,415.0,23.1,27.0
2023-11-26 05:41:48,0.0,0.0,423.0,23.2,27.0
2023-11-26 05:51:48,0.0,0.0,414.0,23.2,27.0
2023-11-26 06:01:48,0.0,0.0,429.0,23.2,27.0
2023-11-26 06:11:48,0.0,0.0,414.0,23.2,27.0
2023-11-26 06:21:48,0.0,0.0,421.0,23.1,27.0
2023-11-26 06:31:48,0.0,0.0,425.0,23.1,27.0
2023-11-26 06:41:48,0.0,0.0,423.0,23.2,27.0
2023-11-26 06:51:48,0.0,0.0,418.0,23.1,27.0
2023-11-26 07:01:48,0.0,0.0,435.0,23.1,27.0
2023-11-26 07:11:48,0.0,3.0,422.0,23.2,27.0
2023-11-26 07:21:48,0.0,3.0,433.0,23.1,27.0
2023-11-26 07:31:48,0.0,3.0,421.0,23.2,27.0
2023-11-26 07:41:48,0.0,3.0,420.0,23.2,27.0
2023-11-26 07:51:48,0.0,3.0,425.0,23.1,27.0
2023-11-26 08:01:48,0.0,3.0,426.0,23.1,27.0
2023-11-26 08:11:48,0.0,3.0,425.0,23.1,27.0
2023-11-26 08:21:48,0.0,3.0,437.0,23.1,27.0
2023-11-26 08:31:48,0.0,3.0,416.0,23.1,27.0
2023-11-26 08:41:48,0.0,3.0,436.0,23.1,27.0
2023-11-26 08:51:48,0.0,3.0,426.0,23.1,27.0
2023-11-26 09:01:48,0.0,3.0,434.0,23.1,27.0
2023-11-26 09:11:47,0.0,3.0,429.0,23.1,27.0
2023-11-26 09:21:47,0.0,3.0,429.0,23.1,27.0
2023-11-26 09:31:47,0.0,3.0,426.0,23.1,27.0
2023-11-26 09:41:47,0.0,3.0,431.0,23.0,27.0
2023-11-26 09:51:47,0.0,3.0,434.0,23.1,27.0
2023-11-26 10:01:47,0.0,3.0,416.0,23.1,27.0
2023-11-26 10:11:47,0.0,3.0,418.0,23.1,27.0
2023-11-26 10:21:47,0.0,6.0,429.0,23.1,27.0
2023-11-26 10:31:47,0.0,10.0,438.0,23.1,27.0
2023-11-26 10:41:47,0.0,10.0,427.0,23.1,27.0
2023-11-26 10:51:47,0.0,10.0,431.0,23.1,27.0
2023-11-26 11:01:47,0.0,10.0,430.0,23.1,27.0
2023-11-26 11:11:47,0.0,10.0,434.0,23.1,27.0
2023-11-26 11:21:47,0.0,6.0,421.0,23.1,27.0
2023-11-26 11:31:47,0.0,6.0,421.0,23.1,27.0
2023-11-26 11:41:47,0.0,3.0,433.0,23.1,27.0
2023-11-26 11:51:47,0.0,3.0,427.0,23.1,27.0
2023-11-26 12:01:47,0.0,3.0,419.0,23.1,27.0
2023-11-26 12:11:47,0.0,3.0,417.0,23.1,27.0
2023-11-26 12:21:47,0.0,3.0,414.0,23.1,27.0
2023-11-26 12:31:47,0.0,3.0,400.0,23.1,27.0
2023-11-26 12:41:47,0.0,3.0,430.0,23.1,27.0
2023-11-26 12:51:47,0.0,3.0,422.0,23.1,27.0
2023-11-26 13:01:46,0.0,3.0,419.0,23.1,27.0
2023-11-26 13:11:47,0.0,3.0,418.0,23.1,27.0
2023-11-26 13:21:47,0.0,3.0,423.0,23.1,27.0
2023-11-26 13:31:46,0.0,3.0,413.0,23.1,27.0
2023-11-26 13:41:46,0.0,3.0,426.0,23.1,27.0
2023-11-26 13:51:46,0.0,3.0,418.0,23.1,27.0
2023-11-26 14:01:46,0.0,3.0,419.0,23.1,28.0
2023-11-26 14:11:46,0.0,3.0,415.0,23.1,27.0
2023-11-26 14:21:46,0.0,3.0,421.0,23.1,27.0
2023-11-26 14:31:46,0.0,3.0,407.0,23.1,27.0
2023-11-26 14:41:46,0.0,0.0,410.0,23.1,27.0
2023-11-26 14:51:46,0.0,0.0,420.0,23.1,27.0
2023-11-26 15:01:46,0.0,0.0,410.0,23.1,27.0
2023-11-26 15:11:46,0.0,0.0,421.0,23.1,27.0
2023-11-26 15:21:46,0.0,0.0,405.0,23.1,27.0
2023-11-26 15:31:46,1.0,0.0,413.0,23.1,27.0
2023-11-26 15:41:46,0.0,0.0,408.0,23.1,27.0
2023-11-26 15:51:46,0.0,0.0,415.0,23.1,27.0
2023-11-26 16:01:46,0.0,0.0,414.0,23.1,27.0
2023-11-26 16:11:46,0.0,0.0,418.0,23.1,27.0
2023-11-26 16:21:46,0.0,0.0,421.0,23.1,27.0
2023-11-26 16:31:46,0.0,0.0,415.0,23.1,27.0
2023-11-26 16:41:46,0.0,0.0,399.0,23.1,27.0
2023-11-26 16:51:46,0.0,0.0,416.0,23.1,27.0
2023-11-26 17:01:45,0.0,0.0,424.0,23.1,27.0
2023-11-26 17:11:45,0.0,0.0,423.0,23.1,27.0
2023-11-26 17:21:45,0.0,0.0,415.0,23.1,27.0
2023-11-26 17:31:45,0.0,0.0,413.0,23.0,27.0
2023-11-26 17:41:45,0.0,0.0,409.0,23.0,27.0
2023-11-26 17:51:45,0.0,0.0,424.0,23.1,27.0
2023-11-26 18:01:45,0.0,0.0,424.0,23.1,27.0
2023-11-26 18:11:45,0.0,0.0,410.0,23.1,27.0
2023-11-26 18:21:45,0.0,0.0,427.0,23.1,27.0
2023-11-26 18:31:45,0.0,0.0,411.0,23.0,27.0
2023-11-26 18:41:45,0.0,0.0,417.0,23.0,27.0
2023-11-26 18:51:45,0.0,0.0,413.0,23.1,27.0
2023-11-26 19:01:45,0.0,0.0,419.0,23.1,27.0
2023-11-26 19:11:45,0.0,0.0,421.0,23.0,27.0
2023-11-26 19:21:45,0.0,0.0,419.0,23.1,27.0
2023-11-26 19:31:45,0.0,0.0,408.0,23.0,27.0
2023-11-26 19:41:45,0.0,0.0,410.0,23.1,27.0
2023-11-26 19:51:45,0.0,0.0,409.0,23.0,27.0
2023-11-26 20:01:45,0.0,0.0,419.0,23.1,27.0
2023-11-26 20:11:45,0.0,0.0,408.0,23.0,27.0
2023-11-26 20:21:45,0.0,0.0,426.0,23.0,27.0
2023-11-26 20:31:45,0.0,0.0,419.0,23.0,27.0
2023-11-26 20:41:45,0.0,0.0,418.0,23.1,27.0
2023-11-26 20:51:44,0.0,0.0,414.0,23.1,27.0
2023-11-26 21:01:44,0.0,0.0,407.0,23.0,27.0
2023-11-26 21:11:44,0.0,0.0,406.0,23.0,27.0
2023-11-26 21:21:45,0.0,33.0,412.0,23.0,27.0
2023-11-26 21:31:44,0.0,33.0,415.0,23.1,27.0
2023-11-26 21:41:44,0.0,0.0,412.0,23.1,27.0
2023-11-26 21:51:44,0.0,0.0,431.0,23.1,27.0
2023-11-26 22:01:44,0.0,0.0,413.0,23.1,27.0
2023-11-26 22:11:44,0.0,0.0,419.0,23.0,27.0
2023-11-26 22:21:44,0.0,0.0,415.0,23.0,27.0
2023-11-26 22:31:44,0.0,0.0,414.0,23.1,27.0
2023-11-26 22:41:44,0.0,0.0,425.0,23.0,27.0
2023-11-26 22:51:44,0.0,0.0,414.0,23.1,27.0
2023-11-26 23:01:44,0.0,0.0,411.0,23.1,27.0
2023-11-26 23:11:44,0.0,0.0,414.0,23.0,27.0
2023-11-26 23:21:44,0.0,0.0,420.0,23.1,27.0
2023-11-26 23:31:44,0.0,0.0,420.0,23.1,27.0
2023-11-26 23:41:44,0.0,0.0,414.0,23.1,27.0
2023-11-26 23:51:44,0.0,0.0,425.0,23.1,27.0
2023-11-27 00:01:44,0.0,0.0,412.0,23.1,27.0
2023-11-27 00:11:44,0.0,0.0,404.0,23.0,27.0
2023-11-27 00:21:44,0.0,0.0,423.0,23.1,27.0
2023-11-27 00:31:44,0.0,0.0,424.0,23.0,27.0
2023-11-27 00:41:44,0.0,0.0,412.0,23.1,27.0
2023-11-27 00:51:43,0.0,0.0,411.0,23.0,27.0
2023-11-27 01:01:43,0.0,0.0,424.0,23.1,27.0
2023-11-27 01:11:43,0.0,0.0,418.0,23.1,27.0
2023-11-27 01:21:43,0.0,0.0,413.0,23.0,27.0
2023-11-27 01:31:43,0.0,0.0,416.0,23.1,27.0
2023-11-27 01:41:43,0.0,0.0,416.0,23.0,27.0
2023-11-27 01:51:43,0.0,0.0,399.0,23.1,27.0
2023-11-27 02:01:43,0.0,0.0,428.0,23.0,27.0
2023-11-27 02:11:43,0.0,0.0,419.0,23.1,27.0
2023-11-27 02:21:43,0.0,0.0,404.0,23.0,27.0
2023-11-27 02:31:43,0.0,0.0,410.0,23.1,27.0
2023-11-27 02:41:43,0.0,0.0,406.0,23.1,27.0
2023-11-27 02:51:43,0.0,0.0,408.0,23.1,27.0
2023-11-27 03:01:43,0.0,0.0,404.0,23.0,27.0
2023-11-27 03:11:43,0.0,0.0,424.0,23.0,27.0
2023-11-27 03:21:43,0.0,0.0,407.0,23.0,27.0
2023-11-27 03:31:43,0.0,0.0,407.0,23.0,27.0
2023-11-27 03:41:43,0.0,0.0,416.0,23.0,27.0
2023-11-27 03:51:43,0.0,0.0,412.0,23.0,27.0
2023-11-27 04:01:43,0.0,0.0,419.0,23.0,27.0
2023-11-27 04:11:43,0.0,0.0,396.0,23.0,27.0
2023-11-27 04:21:43,0.0,0.0,417.0,23.0,27.0
2023-11-27 04:31:43,0.0,0.0,416.0,23.0,27.0
2023-11-27 04:41:43,0.0,0.0,422.0,23.0,27.0
2023-11-27 04:51:42,0.0,0.0,410.0,23.0,27.0
2023-11-27 05:01:42,0.0,0.0,416.0,23.0,27.0
2023-11-27 05:11:42,0.0,0.0,407.0,23.0,27.0
2023-11-27 05:21:42,0.0,0.0,402.0,23.0,27.0
2023-11-27 05:31:42,0.0,0.0,400.0,23.0,27.0
2023-11-27 05:41:42,0.0,0.0,408.0,23.1,27.0
2023-11-27 05:51:42,0.0,33.0,402.0,23.0,27.0
2023-11-27 06:01:42,0.0,33.0,406.0,23.0,27.0
2023-11-27 06:11:42,0.0,0.0,405.0,23.1,26.0
2023-11-27 06:21:42,1.0,0.0,417.0,23.0,27.0
2023-11-27 06:31:42,0.0,0.0,400.0,23.0,26.0
2023-11-27 06:41:42,0.0,0.0,399.0,23.0,27.0
2023-11-27 06:51:42,0.0,0.0,404.0,23.0,27.0
2023-11-27 07:01:42,1.0,0.0,406.0,23.0,27.0
2023-11-27 07:11:42,1.0,0.0,433.0,23.0,27.0
2023-11-27 07:21:42,0.0,0.0,420.0,23.0,27.0
2023-11-27 07:31:42,0.0,0.0,410.0,23.0,27.0
2023-11-27 07:41:42,2.0,37.0,436.0,23.0,28.0
2023-11-27 07:51:42,0.0,37.0,430.0,23.0,28.0
2023-11-27 08:01:42,1.0,37.0,448.0,23.0,28.0
2023-11-27 08:11:42,3.0,40.0,456.0,23.0,29.0
2023-11-27 08:21:42,2.0,40.0,557.0,23.1,30.0
2023-11-27 08:31:42,9.0,40.0,544.0,23.1,30.0
2023-11-27 08:41:41,3.0,43.0,569.0,23.1,30.0
2023-11-27 08:51:41,2.0,43.0,601.0,23.1,30.0
2023-11-27 09:01:41,4.0,43.0,623.0,23.1,31.0
2023-11-27 09:11:41,1.0,43.0,639.0,23.1,31.0
2023-11-27 09:21:41,2.0,43.0,692.0,23.1,31.0
2023-11-27 09:31:41,0.0,43.0,723.0,23.1,32.0
2023-11-27 09:41:41,2.0,43.0,735.0,23.2,32.0
2023-11-27 09:51:41,2.0,43.0,787.0,23.2,32.0
2023-11-27 10:01:41,4.0,47.0,796.0,23.2,32.0
2023-11-27 10:11:41,2.0,47.0,869.0,23.2,32.0
2023-11-27 10:21:41,1.0,47.0,875.0,23.2,32.0
2023-11-27 10:31:41,3.0,47.0,897.0,23.2,32.0
2023-11-27 10:41:41,2.0,47.0,920.0,23.3,32.0
2023-11-27 10:51:41,4.0,47.0,913.0,23.2,32.0
2023-11-27 11:01:41,6.0,43.0,978.0,23.2,32.0
2023-11-27 11:11:41,2.0,43.0,992.0,23.3,32.0
2023-11-27 11:21:41,3.0,40.0,968.0,23.2,32.0
2023-11-27 11:31:41,0.0,40.0,1027.0,23.3,32.0
2023-11-27 11:41:41,2.0,40.0,1056.0,23.3,33.0
2023-11-27 11:51:41,3.0,40.0,1073.0,23.2,33.0
2023-11-27 12:01:41,10.0,40.0,1195.0,23.2,33.0
2023-11-27 12:11:41,4.0,40.0,1215.0,23.2,33.0
2023-11-27 12:21:41,1.0,40.0,1150.0,23.3,33.0
2023-11-27 12:31:40,2.0,40.0,1143.0,23.3,33.0
2023-11-27 12:41:40,3.0,40.0,1113.0,23.3,33.0
2023-11-27 12:51:40,4.0,40.0,1158.0,23.3,33.0
2023-11-27 13:01:40,2.0,40.0,1119.0,23.3,33.0
2023-11-27 13:11:40,4.0,40.0,1146.0,23.4,33.0
2023-11-27 13:21:40,5.0,43.0,1083.0,23.3,33.0
2023-11-27 13:31:40,8.0,47.0,1135.0,23.3,33.0
2023-11-27 13:41:40,6.0,43.0,1101.0,23.3,33.0
2023-11-27 13:51:40,4.0,43.0,1179.0,23.3,33.0
2023-11-27 14:01:40,3.0,43.0,1122.0,23.3,33.0
2023-11-27 14:11:40,2.0,43.0,1196.0,23.3,33.0
2023-11-27 14:21:40,4.0,43.0,1224.0,23.2,33.0
2023-11-27 14:31:40,7.0,43.0,1165.0,23.2,32.0
2023-11-27 14:41:40,9.0,40.0,1155.0,23.2,32.0
2023-11-27 14:51:40,4.0,40.0,1216.0,23.2,32.0
2023-11-27 15:01:40,3.0,40.0,1252.0,23.2,33.0
2023-11-27 15:11:40,3.0,40.0,1291.0,23.2,33.0
2023-11-27 15:21:40,2.0,40.0,1304.0,23.3,33.0
2023-11-27 15:31:40,10.0,40.0,1321.0,23.2,33.0
2023-11-27 15:41:40,4.0,43.0,1299.0,23.2,33.0
2023-11-27 15:51:40,3.0,37.0,1324.0,23.2,33.0
2023-11-27 16:01:40,3.0,43.0,1334.0,23.2,33.0
2023-11-27 16:11:40,2.0,40.0,1324.0,23.3,33.0
2023-11-27 16:21:39,6.0,43.0,1268.0,23.2,33.0
2023-11-27 16:31:39,1.0,43.0,1257.0,23.2,33.0
2023-11-27 16:41:39,0.0,43.0,1244.0,23.2,33.0
2023-11-27 16:51:39,0.0,40.0,1259.0,23.2,33.0
2023-11-27 17:01:39,0.0,40.0,1081.0,23.2,32.0
2023-11-27 17:11:39,0.0,40.0,1135.0,23.2,32.0
2023-11-27 17:21:39,3.0,40.0,1242.0,23.2,32.0
2023-11-27 17:31:39,0.0,10.0,1162.0,23.2,32.0
2023-11-27 17:41:39,2.0,37.0,1175.0,23.2,32.0
2023-11-27 17:51:39,1.0,37.0,1121.0,23.2,32.0
2023-11-27 18:01:39,1.0,3.0,1058.0,23.2,31.0
2023-11-27 18:11:39,1.0,3.0,1030.0,23.1,31.0
2023-11-27 18:21:39,0.0,3.0,981.0,23.1,30.0
2023-11-27 18:31:39,0.0,3.0,885.0,23.1,30.0
2023-11-27 18:41:39,0.0,3.0,890.0,23.2,30.0
2023-11-27 18:51:39,0.0,3.0,870.0,23.1,30.0
2023-11-27 19:01:39,0.0,3.0,832.0,23.1,30.0
2023-11-27 19:11:39,0.0,3.0,824.0,23.1,29.0
2023-11-27 19:21:39,0.0,3.0,787.0,23.1,29.0
2023-11-27 19:31:39,0.0,3.0,777.0,23.1,29.0
2023-11-27 19:41:39,0.0,3.0,747.0,23.1,29.0
2023-11-27 19:51:39,0.0,3.0,727.0,23.1,29.0
2023-11-27 20:01:39,0.0,3.0,703.0,23.1,29.0
2023-11-27 20:11:39,0.0,3.0,719.0,23.1,29.0
2023-11-27 20:21:38,0.0,3.0,717.0,23.1,29.0
2023-11-27 20:31:38,0.0,3.0,691.0,23.1,29.0
2023-11-27 20:41:38,0.0,3.0,692.0,23.1,28.0
2023-11-27 20:51:38,1.0,0.0,668.0,23.1,28.0
2023-11-27 21:01:38,1.0,0.0,673.0,23.1,28.0
2023-11-27 21:11:38,0.0,0.0,660.0,23.1,28.0
2023-11-27 21:21:38,0.0,0.0,649.0,23.0,28.0
2023-11-27 21:31:38,0.0,0.0,623.0,23.1,28.0
2023-11-27 21:41:38,0.0,0.0,614.0,23.1,28.0
2023-11-27 21:51:38,0.0,0.0,614.0,23.1,28.0
2023-11-27 22:01:38,0.0,0.0,594.0,23.0,28.0
2023-11-27 22:11:38,0.0,0.0,574.0,23.0,28.0
2023-11-27 22:21:38,0.0,0.0,600.0,23.1,28.0
2023-11-27 22:31:38,0.0,0.0,574.0,23.0,28.0
2023-11-27 22:41:38,0.0,0.0,566.0,23.0,27.0
2023-11-27 22:51:38,0.0,0.0,581.0,23.0,27.0
2023-11-27 23:01:38,0.0,0.0,553.0,23.0,27.0
2023-11-27 23:11:38,0.0,0.0,552.0,23.1,27.0
2023-11-27 23:21:38,0.0,0.0,546.0,23.0,27.0
2023-11-27 23:31:38,0.0,0.0,540.0,23.0,27.0
2023-11-27 23:41:38,0.0,0.0,535.0,23.0,27.0
2023-11-27 23:51:38,0.0,0.0,534.0,23.0,27.0
2023-11-28 00:01:38,0.0,0.0,541.0,23.0,27.0
2023-11-28 00:11:38,0.0,0.0,532.0,23.0,27.0
2023-11-28 00:21:37,0.0,0.0,532.0,23.0,27.0
2023-11-28 00:31:37,0.0,0.0,528.0,23.0,27.0
2023-11-28 00:41:37,0.0,0.0,525.0,23.0,27.0
2023-11-28 00:51:37,0.0,0.0,524.0,23.0,27.0
2023-11-28 01:01:37,0.0,0.0,505.0,23.0,27.0
2023-11-28 01:11:37,0.0,0.0,521.0,23.0,27.0
2023-11-28 01:21:37,0.0,0.0,515.0,23.0,26.0
2023-11-28 01:31:37,0.0,0.0,505.0,22.9,26.0
2023-11-28 01:41:37,0.0,0.0,506.0,23.0,26.0
2023-11-28 01:51:37,0.0,0.0,515.0,22.9,26.0
2023-11-28 02:01:37,0.0,0.0,498.0,23.0,26.0
2023-11-28 02:11:37,0.0,0.0,502.0,22.9,26.0
2023-11-28 02:21:37,0.0,0.0,494.0,23.0,26.0
2023-11-28 02:31:37,0.0,0.0,489.0,22.9,26.0
2023-11-28 02:41:37,0.0,0.0,494.0,23.0,26.0
2023-11-28 02:51:37,0.0,0.0,500.0,22.9,26.0
2023-11-28 03:01:37,1.0,33.0,519.0,23.0,26.0
2023-11-28 03:11:37,0.0,33.0,482.0,23.0,26.0
2023-11-28 03:21:37,0.0,0.0,495.0,22.9,26.0
2023-11-28 03:31:37,0.0,0.0,495.0,23.0,26.0
2023-11-28 03:41:37,0.0,0.0,484.0,22.9,26.0
2023-11-28 03:51:37,0.0,0.0,486.0,22.9,26.0
2023-11-28 04:01:37,1.0,33.0,479.0,23.0,26.0
2023-11-28 04:11:36,0.0,33.0,474.0,22.9,26.0
2023-11-28 04:21:36,0.0,0.0,479.0,23.0,26.0
2023-11-28 04:31:36,0.0,0.0,481.0,23.0,26.0
2023-11-28 04:41:36,0.0,0.0,474.0,23.0,26.0
2023-11-28 04:51:36,0.0,0.0,465.0,23.0,26.0
2023-11-28 05:01:36,0.0,0.0,471.0,23.0,26.0
2023-11-28 05:11:36,0.0,0.0,459.0,22.9,25.0
2023-11-28 05:21:36,0.0,0.0,470.0,22.9,26.0
2023-11-28 05:31:36,0.0,0.0,466.0,23.0,25.0
2023-11-28 05:41:36,0.0,0.0,471.0,22.9,25.0
2023-11-28 05:51:36,0.0,0.0,469.0,22.9,25.0
2023-11-28 06:01:36,0.0,0.0,448.0,22.9,25.0
2023-11-28 06:11:36,0.0,0.0,468.0,22.9,25.0
2023-11-28 06:21:36,1.0,0.0,457.0,22.9,25.0
2023-11-28 06:31:36,0.0,0.0,470.0,22.9,25.0
2023-11-28 06:41:36,0.0,0.0,473.0,22.9,25.0
2023-11-28 06:51:36,1.0,23.0,486.0,22.9,25.0
2023-11-28 07:01:36,0.0,33.0,463.0,22.9,25.0
2023-11-28 07:11:36,0.0,33.0,480.0,22.8,25.0
2023-11-28 07:21:36,2.0,37.0,500.0,22.8,26.0
2023-11-28 07:31:36,2.0,37.0,549.0,22.9,27.0
2023-11-28 07:41:36,4.0,40.0,592.0,22.9,28.0
2023-11-28 07:51:36,0.0,43.0,631.0,22.8,29.0
2023-11-28 08:01:36,5.0,43.0,631.0,22.9,29.0
2023-11-28 08:11:35,0.0,43.0,640.0,22.9,29.0
2023-11-28 08:21:35,1.0,40.0,645.0,22.9,29.0
2023-11-28 08:31:35,3.0,43.0,684.0,22.8,29.0
2023-11-28 08:41:35,6.0,43.0,798.0,22.9,30.0
2023-11-28 08:51:35,4.0,43.0,842.0,22.9,30.0
2023-11-28 09:01:35,5.0,43.0,812.0,22.9,30.0
2023-11-28 09:11:35,3.0,40.0,869.0,22.9,31.0
2023-11-28 09:21:35,6.0,40.0,878.0,22.9,30.0
2023-11-28 09:31:35,3.0,37.0,849.0,22.9,30.0
2023-11-28 09:41:35,1.0,43.0,868.0,22.8,30.0
2023-11-28 09:51:35,2.0,43.0,925.0,22.8,30.0
2023-11-28 10:01:35,4.0,47.0,978.0,22.9,31.0
2023-11-28 10:11:35,0.0,47.0,932.0,22.9,31.0
2023-11-28 10:21:35,6.0,47.0,960.0,22.8,31.0
2023-11-28 10:31:35,0.0,47.0,983.0,22.8,31.0
2023-11-28 10:41:35,3.0,47.0,1042.0,22.9,31.0
2023-11-28 10:51:35,10.0,43.0,1126.0,22.8,31.0
2023-11-28 11:01:35,5.0,43.0,1028.0,22.8,30.0
2023-11-28 11:11:35,3.0,43.0,986.0,22.8,30.0
2023-11-28 11:21:35,2.0,40.0,950.0,22.8,30.0
2023-11-28 11:31:35,4.0,40.0,959.0,22.8,30.0
2023-11-28 11:41:35,3.0,43.0,941.0,22.8,30.0
2023-11-28 11:51:34,1.0,43.0,1022.0,22.8,30.0
2023-11-28 12:01:34,0.0,43.0,1100.0,22.8,30.0
2023-11-28 12:11:34,2.0,43.0,1066.0,22.8,30.0
2023-11-28 12:21:34,5.0,40.0,1115.0,22.9,30.0
2023-11-28 12:31:34,2.0,40.0,1116.0,22.8,31.0
2023-11-28 12:41:34,0.0,40.0,1055.0,22.8,30.0
2023-11-28 12:51:34,9.0,40.0,1203.0,22.9,31.0
2023-11-28 13:01:34,1.0,40.0,1296.0,22.9,32.0
2023-11-28 13:11:34,7.0,37.0,1234.0,22.9,31.0
2023-11-28 13:21:34,0.0,40.0,1273.0,22.9,32.0
2023-11-28 13:31:34,2.0,40.0,1306.0,22.9,32.0
2023-11-28 13:41:34,2.0,37.0,1285.0,22.9,32.0
2023-11-28 13:51:34,0.0,37.0,1214.0,22.9,31.0
2023-11-28 14:01:34,0.0,43.0,1228.0,22.8,31.0
2023-11-28 14:11:34,1.0,40.0,1205.0,22.9,31.0
2023-11-28 14:21:34,7.0,40.0,1209.0,22.9,31.0
2023-11-28 14:31:34,1.0,40.0,1395.0,22.9,33.0
2023-11-28 14:41:34,3.0,40.0,1255.0,22.9,31.0
2023-11-28 14:51:34,3.0,40.0,1239.0,22.8,31.0
2023-11-28 15:01:34,4.0,40.0,1205.0,22.8,31.0
2023-11-28 15:11:34,1.0,40.0,1217.0,22.8,31.0
2023-11-28 15:21:34,0.0,40.0,1203.0,22.8,31.0
2023-11-28 15:31:34,2.0,40.0,1257.0,22.8,31.0
2023-11-28 15:41:34,0.0,43.0,1285.0,22.9,31.0
2023-11-28 15:51:33,2.0,43.0,1242.0,22.9,31.0
2023-11-28 16:01:34,0.0,43.0,1401.0,22.9,32.0
2023-11-28 16:11:33,1.0,43.0,1333.0,22.9,33.0
2023-11-28 16:21:33,0.0,40.0,1211.0,22.9,32.0
2023-11-28 16:31:33,1.0,40.0,1080.0,22.8,31.0
2023-11-28 16:41:33,2.0,43.0,1042.0,22.9,30.0
2023-11-28 16:51:33,1.0,43.0,934.0,22.9,30.0
2023-11-28 17:01:33,3.0,40.0,850.0,22.8,29.0
2023-11-28 17:11:33,0.0,40.0,811.0,22.9,28.0
2023-11-28 17:21:33,2.0,40.0,873.0,22.9,28.0
2023-11-28 17:31:33,3.0,10.0,846.0,22.8,28.0
2023-11-28 17:41:33,0.0,6.0,808.0,22.9,28.0
2023-11-28 17:51:33,0.0,6.0,788.0,22.9,28.0
2023-11-28 18:01:33,0.0,6.0,779.0,22.9,28.0
2023-11-28 18:11:33,0.0,6.0,752.0,22.9,27.0
2023-11-28 18:21:33,0.0,6.0,740.0,22.9,27.0
2023-11-28 18:31:33,0.0,6.0,713.0,22.8,27.0
2023-11-28 18:41:33,0.0,6.0,697.0,22.9,27.0
2023-11-28 18:51:33,0.0,6.0,696.0,22.8,26.0
2023-11-28 19:01:33,0.0,6.0,673.0,22.9,26.0
2023-11-28 19:11:33,0.0,6.0,694.0,22.9,27.0
2023-11-28 19:21:33,0.0,6.0,684.0,22.8,27.0
2023-11-28 19:31:33,0.0,6.0,670.0,22.9,26.0
2023-11-28 19:41:32,0.0,6.0,655.0,22.9,26.0
2023-11-28 19:51:32,0.0,6.0,646.0,22.9,26.0
2023-11-28 20:01:32,0.0,6.0,645.0,22.9,26.0
2023-11-28 20:11:32,0.0,6.0,626.0,22.9,26.0
2023-11-28 20:21:32,0.0,6.0,632.0,22.8,26.0
2023-11-28 20:31:32,0.0,6.0,621.0,22.8,26.0
2023-11-28 20:41:32,0.0,6.0,592.0,22.9,26.0
2023-11-28 20:51:32,0.0,6.0,597.0,22.8,26.0
2023-11-28 21:01:33,0.0,6.0,592.0,22.8,26.0
2023-11-28 21:11:32,0.0,6.0,591.0,22.8,26.0
2023-11-28 21:21:32,0.0,6.0,582.0,22.9,26.0
2023-11-28 21:31:32,0.0,6.0,579.0,22.8,26.0
2023-11-28 21:41:32,0.0,6.0,588.0,22.8,26.0
2023-11-28 21:51:32,0.0,6.0,562.0,22.8,26.0
2023-11-28 22:01:32,1.0,40.0,578.0,22.8,26.0
2023-11-28 22:11:32,0.0,37.0,562.0,22.9,26.0
2023-11-28 22:21:32,0.0,6.0,570.0,22.8,26.0
2023-11-28 22:31:32,0.0,6.0,562.0,22.9,26.0
2023-11-28 22:41:32,0.0,6.0,555.0,22.8,26.0
2023-11-28 22:51:32,0.0,6.0,554.0,22.8,26.0
2023-11-28 23:01:32,0.0,6.0,542.0,22.8,26.0
2023-11-28 23:11:32,0.0,6.0,551.0,22.8,26.0
2023-11-28 23:21:32,0.0,6.0,542.0,22.8,26.0
2023-11-28 23:31:32,0.0,6.0,541.0,22.9,26.0
2023-11-28 23:41:31,0.0,6.0,516.0,22.8,26.0
2023-11-28 23:51:31,0.0,6.0,521.0,22.8,26.0
2023-11-29 00:01:32,0.0,6.0,528.0,22.9,26.0
2023-11-29 00:11:31,0.0,6.0,535.0,22.8,26.0
2023-11-29 00:21:31,0.0,6.0,518.0,22.9,26.0
2023-11-29 00:31:31,0.0,6.0,501.0,22.8,26.0
2023-11-29 00:41:31,0.0,6.0,523.0,22.8,25.0
2023-11-29 00:51:31,0.0,6.0,517.0,22.8,25.0
2023-11-29 01:01:31,0.0,6.0,503.0,22.9,25.0
2023-11-29 01:11:31,0.0,6.0,506.0,22.8,25.0
2023-11-29 01:21:31,0.0,6.0,514.0,22.9,25.0
2023-11-29 01:31:31,0.0,6.0,513.0,22.8,25.0
2023-11-29 01:41:31,0.0,6.0,500.0,22.8,25.0
2023-11-29 01:51:31,0.0,6.0,505.0,22.8,25.0
2023-11-29 02:01:31,0.0,6.0,471.0,22.8,25.0
2023-11-29 02:11:31,0.0,6.0,505.0,22.8,25.0
2023-11-29 02:21:31,0.0,6.0,465.0,22.8,25.0
2023-11-29 02:31:31,0.0,6.0,493.0,22.8,25.0
2023-11-29 02:41:31,0.0,6.0,487.0,22.8,25.0
2023-11-29 02:51:31,0.0,6.0,483.0,22.9,25.0
2023-11-29 03:01:31,1.0,37.0,510.0,22.8,25.0
2023-11-29 03:11:31,0.0,40.0,500.0,22.8,25.0
2023-11-29 03:21:31,0.0,6.0,489.0,22.8,25.0
2023-11-29 03:31:31,0.0,6.0,485.0,22.8,25.0
2023-11-29 03:41:30,0.0,6.0,504.0,22.8,25.0
2023-11-29 03:51:30,0.0,6.0,488.0,22.9,25.0
2023-11-29 04:01:30,0.0,6.0,494.0,22.8,25.0
2023-11-29 04:11:30,2.0,40.0,498.0,22.9,25.0
2023-11-29 04:21:30,0.0,37.0,494.0,22.9,25.0
2023-11-29 04:31:30,0.0,6.0,501.0,22.9,25.0
2023-11-29 04:41:30,0.0,6.0,501.0,22.8,25.0
2023-11-29 04:51:30,0.0,6.0,481.0,22.8,25.0
2023-11-29 05:01:30,0.0,6.0,464.0,22.8,25.0
2023-11-29 05:11:30,0.0,6.0,478.0,22.9,25.0
2023-11-29 05:21:30,0.0,6.0,496.0,22.8,25.0
2023-11-29 05:31:30,0.0,6.0,477.0,22.8,25.0
2023-11-29 05:41:30,0.0,6.0,486.0,22.8,25.0
2023-11-29 05:51:30,0.0,6.0,486.0,22.8,25.0
2023-11-29 06:01:30,0.0,6.0,466.0,22.8,25.0
2023-11-29 06:11:30,0.0,6.0,471.0,22.8,25.0
2023-11-29 06:21:30,0.0,6.0,460.0,22.8,24.0
2023-11-29 06:31:30,0.0,6.0,459.0,22.8,24.0
2023-11-29 06:41:30,0.0,6.0,462.0,22.8,24.0
2023-11-29 06:51:30,0.0,6.0,464.0,22.8,24.0
2023-11-29 07:01:30,0.0,6.0,465.0,22.8,24.0
2023-11-29 07:11:30,0.0,6.0,486.0,22.8,24.0
2023-11-29 07:21:30,0.0,6.0,482.0,22.8,24.0
2023-11-29 07:31:29,0.0,6.0,474.0,22.8,24.0
2023-11-29 07:41:30,5.0,40.0,485.0,22.8,25.0
2023-11-29 07:51:29,7.0,47.0,647.0,22.8,28.0
2023-11-29 08:01:29,5.0,47.0,587.0,22.7,27.0
2023-11-29 08:11:29,4.0,47.0,612.0,22.8,27.0
2023-11-29 08:21:29,2.0,47.0,662.0,22.8,27.0
2023-11-29 08:31:29,1.0,50.0,695.0,22.7,28.0
2023-11-29 08:41:29,2.0,50.0,801.0,22.8,29.0
2023-11-29 08:51:29,6.0,40.0,829.0,22.8,30.0
2023-11-29 09:01:29,7.0,47.0,831.0,22.9,29.0
2023-11-29 09:11:29,1.0,47.0,813.0,22.8,29.0
2023-11-29 09:21:29,2.0,47.0,769.0,22.8,29.0
2023-11-29 09:31:29,0.0,47.0,892.0,22.8,29.0
2023-11-29 09:41:29,1.0,47.0,906.0,22.8,29.0
2023-11-29 09:51:29,2.0,47.0,848.0,22.8,29.0
2023-11-29 10:01:29,1.0,50.0,831.0,22.8,29.0
2023-11-29 10:11:29,0.0,50.0,888.0,22.8,30.0
2023-11-29 10:21:29,0.0,47.0,779.0,22.8,29.0
2023-11-29 10:31:29,3.0,47.0,813.0,22.8,30.0
2023-11-29 10:41:29,1.0,47.0,776.0,22.8,29.0
2023-11-29 10:51:29,4.0,47.0,1084.0,22.8,31.0
2023-11-29 11:01:29,0.0,47.0,1185.0,22.8,32.0
2023-11-29 11:11:29,3.0,50.0,988.0,22.8,31.0
2023-11-29 11:21:28,2.0,47.0,946.0,22.8,31.0
2023-11-29 11:31:28,4.0,47.0,1074.0,22.8,32.0
2023-11-29 11:41:28,0.0,47.0,989.0,22.8,31.0
2023-11-29 11:51:28,0.0,47.0,1045.0,22.8,31.0
2023-11-29 12:01:28,3.0,47.0,1032.0,22.8,31.0
2023-11-29 12:11:28,2.0,47.0,990.0,22.8,31.0
2023-11-29 12:21:28,6.0,47.0,970.0,22.8,31.0
2023-11-29 12:31:28,8.0,47.0,969.0,22.8,32.0
2023-11-29 12:41:28,9.0,43.0,1036.0,22.8,31.0
2023-11-29 12:51:28,4.0,40.0,1083.0,22.8,32.0
2023-11-29 13:01:28,2.0,40.0,1139.0,22.8,32.0
2023-11-29 13:11:28,1.0,40.0,1038.0,22.8,31.0
2023-11-29 13:21:28,2.0,40.0,1106.0,22.9,32.0
2023-11-29 13:31:28,5.0,43.0,1087.0,22.8,32.0
2023-11-29 13:41:28,2.0,43.0,1095.0,22.8,32.0
2023-11-29 13:51:28,6.0,43.0,1092.0,22.8,32.0
2023-11-29 14:01:28,2.0,43.0,1111.0,22.8,31.0
2023-11-29 14:11:28,1.0,43.0,1078.0,22.8,31.0
2023-11-29 14:21:28,1.0,40.0,1083.0,22.8,31.0
2023-11-29 14:31:28,3.0,40.0,1039.0,22.9,31.0
2023-11-29 14:41:28,1.0,43.0,1033.0,22.8,31.0
2023-11-29 14:51:28,3.0,40.0,961.0,22.8,30.0
2023-11-29 15:01:28,1.0,40.0,923.0,22.8,30.0
2023-11-29 15:11:28,2.0,43.0,960.0,22.8,30.0
2023-11-29 15:21:27,3.0,40.0,942.0,22.8,30.0
2023-11-29 15:31:27,0.0,40.0,939.0,22.8,30.0
2023-11-29 15:41:27,1.0,40.0,875.0,22.9,29.0
2023-11-29 15:51:27,2.0,40.0,884.0,22.8,29.0
2023-11-29 16:02:26,0.0,40.0,873.0,22.9,29.0
2023-11-29 16:12:26,0.0,40.0,840.0,22.9,29.0
2023-11-29 16:22:26,0.0,40.0,815.0,22.9,29.0
2023-11-29 16:32:26,0.0,40.0,822.0,22.8,28.0
2023-11-29 16:42:26,0.0,40.0,819.0,22.9,28.0
2023-11-29 16:52:26,0.0,40.0,807.0,22.9,28.0
2023-11-29 17:02:26,0.0,40.0,808.0,22.9,28.0
2023-11-29 17:12:25,1.0,40.0,809.0,22.9,28.0
2023-11-29 17:22:25,2.0,40.0,859.0,22.9,28.0
2023-11-29 17:32:25,0.0,6.0,782.0,22.9,28.0
2023-11-29 17:42:25,0.0,6.0,801.0,22.9,28.0
2023-11-29 17:52:25,0.0,6.0,776.0,22.9,28.0
2023-11-29 18:02:25,0.0,6.0,765.0,22.9,28.0
2023-11-29 18:12:25,0.0,6.0,739.0,22.9,28.0
2023-11-29 18:22:25,0.0,6.0,732.0,22.9,28.0
2023-11-29 18:32:25,0.0,6.0,713.0,22.9,28.0
2023-11-29 18:42:25,0.0,6.0,686.0,22.9,28.0
2023-11-29 18:52:25,0.0,6.0,686.0,22.9,27.0
2023-11-29 19:02:25,0.0,6.0,672.0,22.9,27.0
2023-11-29 19:12:25,0.0,6.0,651.0,22.9,27.0
2023-11-29 19:22:25,0.0,6.0,669.0,22.9,27.0
2023-11-29 19:32:25,0.0,6.0,681.0,22.9,27.0
2023-11-29 19:42:25,0.0,6.0,646.0,22.9,27.0
2023-11-29 19:52:25,0.0,6.0,628.0,22.8,27.0
2023-11-29 20:02:25,0.0,6.0,618.0,22.8,27.0
2023-11-29 20:12:25,0.0,6.0,615.0,22.9,27.0
2023-11-29 20:22:25,0.0,6.0,621.0,22.8,27.0
2023-11-29 20:32:25,0.0,6.0,613.0,22.9,27.0
2023-11-29 20:42:25,0.0,6.0,607.0,22.9,27.0
2023-11-29 20:52:25,0.0,6.0,585.0,22.8,27.0
2023-11-29 21:02:24,0.0,6.0,593.0,22.8,27.0
2023-11-29 21:12:25,0.0,6.0,574.0,22.8,27.0
2023-11-29 21:22:25,0.0,6.0,577.0,22.8,27.0
2023-11-29 21:32:24,1.0,0.0,582.0,22.9,27.0
2023-11-29 21:42:24,0.0,0.0,545.0,22.8,27.0
2023-11-29 21:52:24,1.0,33.0,557.0,22.9,27.0
2023-11-29 22:02:24,0.0,33.0,574.0,22.8,27.0
2023-11-29 22:12:24,0.0,0.0,546.0,22.9,27.0
2023-11-29 22:22:24,0.0,0.0,572.0,22.9,27.0
2023-11-29 22:32:24,0.0,0.0,546.0,22.8,27.0
2023-11-29 22:42:24,0.0,0.0,534.0,22.8,27.0
2023-11-29 22:52:24,0.0,0.0,524.0,22.9,27.0
2023-11-29 23:02:24,0.0,0.0,541.0,22.8,27.0
2023-11-29 23:12:24,0.0,0.0,543.0,22.8,27.0
2023-11-29 23:22:24,0.0,0.0,527.0,22.8,27.0
2023-11-29 23:32:24,0.0,0.0,529.0,22.8,27.0
2023-11-29 23:42:24,0.0,0.0,545.0,22.8,27.0
2023-11-29 23:52:24,0.0,0.0,534.0,22.8,27.0
2023-11-30 00:02:24,0.0,0.0,522.0,22.8,27.0
2023-11-30 00:12:24,0.0,0.0,536.0,22.8,27.0
2023-11-30 00:22:24,0.0,0.0,520.0,22.8,27.0
2023-11-30 00:32:24,0.0,0.0,515.0,22.8,27.0
2023-11-30 00:42:24,0.0,0.0,520.0,22.8,27.0
2023-11-30 00:52:23,0.0,0.0,507.0,22.9,27.0
2023-11-30 01:02:23,0.0,0.0,512.0,22.9,27.0
2023-11-30 01:12:23,0.0,0.0,500.0,22.8,27.0
2023-11-30 01:22:23,0.0,0.0,510.0,22.8,27.0
2023-11-30 01:32:23,0.0,0.0,509.0,22.8,27.0
2023-11-30 01:42:23,0.0,0.0,517.0,22.8,27.0
2023-11-30 01:52:23,0.0,0.0,493.0,22.8,26.0
2023-11-30 02:02:23,0.0,0.0,507.0,22.8,26.0
2023-11-30 02:12:23,0.0,0.0,497.0,22.8,26.0
2023-11-30 02:22:23,0.0,0.0,504.0,22.8,27.0
2023-11-30 02:32:23,0.0,0.0,496.0,22.8,27.0
2023-11-30 02:42:23,0.0,0.0,493.0,22.8,27.0
2023-11-30 02:52:23,0.0,0.0,488.0,22.8,27.0
2023-11-30 03:02:23,0.0,0.0,479.0,22.8,27.0
2023-11-30 03:12:23,1.0,33.0,491.0,22.8,27.0
2023-11-30 03:22:23,0.0,33.0,491.0,22.8,27.0
2023-11-30 03:32:23,0.0,0.0,499.0,22.8,27.0
2023-11-30 03:42:23,0.0,0.0,490.0,22.8,27.0
2023-11-30 03:52:23,0.0,0.0,489.0,22.8,27.0
2023-11-30 04:02:23,0.0,0.0,471.0,22.8,27.0
2023-11-30 04:12:23,1.0,33.0,493.0,22.8,27.0
2023-11-30 04:22:23,0.0,37.0,486.0,22.9,27.0
2023-11-30 04:32:23,0.0,0.0,471.0,22.8,27.0
2023-11-30 04:42:23,0.0,0.0,478.0,22.8,27.0
2023-11-30 04:52:22,0.0,0.0,467.0,22.8,27.0
2023-11-30 05:02:22,0.0,0.0,481.0,22.8,27.0
2023-11-30 05:12:23,0.0,0.0,475.0,22.8,27.0
2023-11-30 05:22:22,0.0,0.0,476.0,22.8,27.0
2023-11-30 05:32:22,0.0,0.0,483.0,22.8,27.0
2023-11-30 05:42:22,0.0,0.0,469.0,22.8,27.0
2023-11-30 05:52:22,0.0,0.0,469.0,22.8,27.0
2023-11-30 06:02:22,0.0,0.0,451.0,22.8,27.0
2023-11-30 06:12:22,0.0,0.0,456.0,22.8,27.0
2023-11-30 06:22:22,0.0,0.0,447.0,22.8,27.0
2023-11-30 06:32:22,0.0,0.0,476.0,22.8,27.0
2023-11-30 06:42:22,1.0,26.0,475.0,22.8,27.0
2023-11-30 06:52:22,0.0,37.0,470.0,22.8,27.0
2023-11-30 07:02:22,3.0,33.0,491.0,22.8,27.0
2023-11-30 07:12:22,0.0,33.0,481.0,22.8,27.0
2023-11-30 07:22:22,2.0,37.0,499.0,22.8,27.0
2023-11-30 07:32:22,0.0,37.0,481.0,22.8,27.0
2023-11-30 07:42:22,0.0,37.0,492.0,22.8,28.0
2023-11-30 07:52:22,0.0,37.0,506.0,22.8,28.0
2023-11-30 08:02:22,0.0,37.0,545.0,22.7,28.0
2023-11-30 08:12:22,3.0,37.0,561.0,22.8,29.0
2023-11-30 08:22:22,1.0,40.0,674.0,22.7,30.0
2023-11-30 08:32:22,1.0,40.0,687.0,22.8,31.0
2023-11-30 08:42:22,1.0,37.0,644.0,22.8,30.0
2023-11-30 08:52:21,0.0,37.0,638.0,22.8,30.0
2023-11-30 09:02:21,4.0,37.0,724.0,22.8,32.0
2023-11-30 09:12:21,2.0,37.0,754.0,22.8,32.0
2023-11-30 09:22:21,1.0,40.0,790.0,22.8,32.0
2023-11-30 09:32:21,4.0,40.0,742.0,22.8,32.0
2023-11-30 09:42:21,1.0,40.0,774.0,22.8,32.0
2023-11-30 09:52:21,1.0,40.0,775.0,22.8,32.0
2023-11-30 10:02:21,2.0,40.0,814.0,22.8,32.0
2023-11-30 10:12:21,2.0,40.0,801.0,22.7,32.0
2023-11-30 10:22:21,4.0,40.0,824.0,22.8,32.0
2023-11-30 10:32:21,2.0,40.0,771.0,22.8,31.0
2023-11-30 10:42:21,5.0,40.0,848.0,22.8,31.0
2023-11-30 10:52:21,1.0,40.0,819.0,22.8,31.0
2023-11-30 11:02:21,2.0,40.0,810.0,22.8,31.0
2023-11-30 11:12:21,5.0,40.0,867.0,22.8,31.0
2023-11-30 11:22:21,0.0,40.0,840.0,22.8,31.0
2023-11-30 11:32:21,3.0,37.0,841.0,22.8,31.0
2023-11-30 11:42:21,2.0,37.0,840.0,22.8,31.0
2023-11-30 11:52:21,1.0,37.0,828.0,22.8,30.0
2023-11-30 12:02:21,6.0,37.0,847.0,22.8,31.0
2023-11-30 12:12:21,1.0,37.0,873.0,22.8,31.0
2023-11-30 12:22:21,0.0,37.0,925.0,22.8,31.0
2023-11-30 12:32:21,4.0,40.0,931.0,22.8,32.0
2023-11-30 12:42:20,3.0,37.0,894.0,22.8,31.0
2023-11-30 12:52:20,5.0,37.0,993.0,22.9,32.0
2023-11-30 13:02:20,3.0,37.0,1073.0,22.8,33.0
2023-11-30 13:12:20,4.0,37.0,1092.0,22.8,33.0
2023-11-30 13:22:20,5.0,37.0,1152.0,22.9,33.0
2023-11-30 13:32:20,3.0,37.0,1157.0,22.9,33.0
2023-11-30 13:42:20,2.0,37.0,1158.0,22.9,34.0
2023-11-30 13:52:20,0.0,37.0,1169.0,22.9,34.0
2023-11-30 14:02:20,0.0,37.0,1201.0,22.8,34.0
2023-11-30 14:12:20,3.0,37.0,1189.0,22.9,34.0
2023-11-30 14:22:20,2.0,37.0,1143.0,22.9,34.0
2023-11-30 14:32:20,5.0,37.0,1083.0,22.9,33.0
2023-11-30 14:42:20,0.0,37.0,1000.0,22.9,32.0
2023-11-30 14:52:20,5.0,37.0,1022.0,22.9,32.0
2023-11-30 15:02:20,1.0,37.0,1037.0,22.9,31.0
2023-11-30 15:12:20,2.0,37.0,1023.0,22.9,31.0
2023-11-30 15:22:20,0.0,37.0,982.0,22.9,31.0
2023-11-30 15:32:20,1.0,33.0,983.0,22.9,31.0
2023-11-30 15:42:20,3.0,37.0,993.0,22.9,31.0
2023-11-30 15:52:20,1.0,37.0,953.0,22.9,31.0
2023-11-30 16:02:20,0.0,37.0,933.0,22.9,31.0
2023-11-30 16:12:20,0.0,37.0,925.0,22.9,31.0
2023-11-30 16:22:20,0.0,37.0,910.0,22.9,31.0
2023-11-30 16:32:19,1.0,37.0,751.0,22.9,30.0
2023-11-30 16:42:19,0.0,37.0,764.0,22.9,30.0
2023-11-30 16:52:19,1.0,37.0,738.0,22.9,29.0
2023-11-30 17:02:19,0.0,37.0,727.0,22.9,29.0
2023-11-30 17:12:19,0.0,37.0,715.0,22.9,29.0
2023-11-30 17:22:19,2.0,40.0,685.0,22.9,29.0
2023-11-30 17:32:19,2.0,6.0,694.0,22.9,29.0
2023-11-30 17:42:19,1.0,37.0,686.0,22.9,28.0
2023-11-30 17:52:19,0.0,40.0,683.0,22.9,28.0
2023-11-30 18:02:19,7.0,40.0,711.0,23.0,28.0
2023-11-30 18:12:19,0.0,37.0,712.0,22.9,28.0
2023-11-30 18:22:19,0.0,3.0,688.0,22.9,28.0
2023-11-30 18:32:19,0.0,3.0,692.0,22.9,28.0
2023-11-30 18:42:19,0.0,3.0,672.0,23.0,28.0
2023-11-30 18:52:19,0.0,3.0,644.0,22.9,28.0
2023-11-30 19:02:19,0.0,3.0,628.0,22.9,28.0
2023-11-30 19:12:19,0.0,3.0,639.0,22.9,28.0
2023-11-30 19:22:19,0.0,3.0,657.0,22.9,28.0
2023-11-30 19:32:19,2.0,3.0,648.0,22.9,28.0
2023-11-30 19:42:19,0.0,3.0,657.0,22.9,28.0
2023-11-30 19:52:19,0.0,3.0,638.0,22.9,28.0
2023-11-30 20:02:19,0.0,3.0,626.0,22.9,28.0
2023-11-30 20:12:19,0.0,3.0,630.0,22.9,28.0
2023-11-30 20:22:19,0.0,3.0,616.0,22.9,28.0
2023-11-30 20:32:18,0.0,3.0,603.0,22.9,28.0
2023-11-30 20:42:18,0.0,3.0,585.0,22.9,27.0
2023-11-30 20:52:18,0.0,0.0,591.0,22.9,27.0
2023-11-30 21:02:18,0.0,0.0,596.0,22.9,27.0
2023-11-30 21:12:18,0.0,0.0,581.0,22.9,27.0
2023-11-30 21:22:18,0.0,0.0,621.0,22.8,27.0
2023-11-30 21:32:18,0.0,0.0,588.0,22.9,27.0
2023-11-30 21:42:18,0.0,0.0,567.0,22.9,27.0
2023-11-30 21:52:18,0.0,33.0,575.0,22.9,27.0
2023-11-30 22:02:18,0.0,37.0,581.0,22.9,27.0
2023-11-30 22:12:18,0.0,0.0,562.0,22.8,27.0
2023-11-30 22:22:18,0.0,0.0,571.0,22.9,27.0
2023-11-30 22:32:18,0.0,0.0,559.0,22.9,27.0
2023-11-30 22:42:18,0.0,0.0,558.0,22.9,27.0
2023-11-30 22:52:18,0.0,0.0,545.0,22.9,27.0
2023-11-30 23:02:18,0.0,0.0,550.0,22.9,27.0
2023-11-30 23:12:18,0.0,0.0,569.0,22.9,27.0
2023-11-30 23:22:18,0.0,0.0,562.0,22.9,27.0
2023-11-30 23:32:18,0.0,0.0,553.0,22.9,27.0
2023-11-30 23:42:18,0.0,0.0,552.0,22.9,27.0
2023-11-30 23:52:18,0.0,0.0,540.0,22.9,27.0
2023-12-01 00:02:18,0.0,0.0,546.0,22.8,27.0
2023-12-01 00:12:18,0.0,0.0,552.0,22.9,27.0
2023-12-01 00:22:17,0.0,0.0,533.0,22.8,27.0
2023-12-01 00:32:17,0.0,0.0,532.0,22.8,27.0
2023-12-01 00:42:17,0.0,0.0,540.0,22.8,27.0
2023-12-01 00:52:17,0.0,0.0,527.0,22.8,27.0
2023-12-01 01:02:17,0.0,0.0,549.0,22.9,27.0
2023-12-01 01:12:17,0.0,0.0,538.0,22.8,27.0
2023-12-01 01:22:17,0.0,0.0,523.0,22.8,27.0
2023-12-01 01:32:17,0.0,0.0,521.0,22.8,27.0
2023-12-01 01:42:17,0.0,0.0,519.0,22.8,27.0
2023-12-01 01:52:17,0.0,0.0,532.0,22.8,27.0
2023-12-01 02:02:17,0.0,0.0,524.0,22.8,27.0
2023-12-01 02:12:17,0.0,0.0,499.0,22.8,27.0
2023-12-01 02:22:17,0.0,0.0,516.0,22.8,27.0
2023-12-01 02:32:17,0.0,0.0,507.0,22.8,27.0
2023-12-01 02:42:17,0.0,0.0,508.0,22.8,27.0
2023-12-01 02:52:17,0.0,0.0,502.0,22.8,27.0
2023-12-01 03:02:17,2.0,33.0,521.0,22.8,27.0
2023-12-01 03:12:17,0.0,33.0,510.0,22.8,27.0
2023-12-01 03:22:17,0.0,0.0,499.0,22.8,27.0
2023-12-01 03:32:17,0.0,0.0,503.0,22.8,27.0
2023-12-01 03:42:17,0.0,0.0,495.0,22.8,27.0
2023-12-01 03:52:17,0.0,0.0,498.0,22.8,27.0
2023-12-01 04:02:17,0.0,0.0,493.0,22.8,27.0
2023-12-01 04:12:16,1.0,23.0,499.0,22.8,27.0
2023-12-01 04:22:17,0.0,33.0,504.0,22.9,27.0
2023-12-01 04:32:16,0.0,0.0,488.0,22.9,27.0
2023-12-01 04:42:16,0.0,0.0,516.0,22.8,27.0
2023-12-01 04:52:16,0.0,0.0,506.0,22.8,27.0
2023-12-01 05:02:17,0.0,0.0,494.0,22.8,27.0
2023-12-01 05:12:16,0.0,0.0,489.0,22.8,27.0
2023-12-01 05:22:16,0.0,0.0,498.0,22.8,27.0
2023-12-01 05:32:16,0.0,0.0,482.0,22.8,27.0
2023-12-01 05:42:16,0.0,0.0,507.0,22.8,27.0
2023-12-01 05:52:16,0.0,0.0,485.0,22.8,27.0
2023-12-01 06:02:16,0.0,0.0,497.0,22.8,27.0
2023-12-01 06:12:16,0.0,0.0,496.0,22.8,27.0
2023-12-01 06:22:16,0.0,0.0,491.0,22.8,27.0
2023-12-01 06:32:16,0.0,0.0,488.0,22.8,27.0
2023-12-01 06:42:16,0.0,0.0,491.0,22.8,27.0
2023-12-01 06:52:16,0.0,33.0,485.0,22.8,27.0
2023-12-01 07:02:16,0.0,33.0,478.0,22.7,27.0
2023-12-01 07:12:16,0.0,37.0,483.0,22.7,27.0
2023-12-01 07:22:16,0.0,33.0,490.0,22.8,27.0
2023-12-01 07:32:16,0.0,33.0,498.0,22.8,27.0
2023-12-01 07:42:16,4.0,37.0,505.0,22.7,27.0
2023-12-01 07:52:16,1.0,37.0,490.0,22.8,27.0
2023-12-01 08:02:16,4.0,37.0,570.0,22.7,28.0
2023-12-01 08:12:15,1.0,37.0,584.0,22.7,29.0
2023-12-01 08:22:15,2.0,40.0,589.0,22.7,29.0
2023-12-01 08:32:15,2.0,43.0,638.0,22.7,29.0
2023-12-01 08:42:15,1.0,47.0,644.0,22.7,29.0
2023-12-01 08:52:15,7.0,50.0,690.0,22.6,30.0
2023-12-01 09:02:15,4.0,47.0,713.0,22.6,30.0
2023-12-01 09:12:15,5.0,43.0,849.0,22.6,31.0
2023-12-01 09:22:15,2.0,43.0,763.0,22.6,30.0
2023-12-01 09:32:15,3.0,47.0,809.0,22.6,31.0
2023-12-01 09:42:15,4.0,47.0,785.0,22.6,31.0
2023-12-01 09:52:15,0.0,47.0,755.0,22.6,30.0
2023-12-01 10:02:15,10.0,47.0,854.0,22.6,30.0
2023-12-01 10:22:15,8.0,53.0,897.0,22.7,31.0
2023-12-01 10:32:15,1.0,47.0,1015.0,22.6,32.0
2023-12-01 10:42:15,4.0,47.0,1011.0,22.6,32.0
2023-12-01 10:52:15,5.0,47.0,1015.0,22.7,32.0
2023-12-01 11:02:15,4.0,47.0,1014.0,22.7,32.0
2023-12-01 11:12:15,12.0,43.0,1119.0,22.7,33.0
2023-12-01 11:22:15,0.0,43.0,1066.0,22.7,32.0
2023-12-01 11:32:15,0.0,40.0,1066.0,22.7,32.0
2023-12-01 11:42:15,1.0,40.0,1053.0,22.7,32.0
2023-12-01 11:52:15,1.0,40.0,1035.0,22.7,32.0
2023-12-01 12:02:15,2.0,40.0,1019.0,22.7,32.0
2023-12-01 12:12:14,15.0,40.0,1104.0,22.7,32.0
2023-12-01 12:22:14,14.0,43.0,1070.0,22.6,32.0
2023-12-01 12:32:15,5.0,43.0,1166.0,22.6,32.0
2023-12-01 12:42:14,8.0,40.0,1030.0,22.7,32.0
2023-12-01 12:52:14,2.0,40.0,1059.0,22.7,31.0
2023-12-01 13:02:14,2.0,40.0,1221.0,22.7,32.0
2023-12-01 13:12:14,0.0,40.0,1181.0,22.7,32.0
2023-12-01 13:22:14,2.0,40.0,1021.0,22.8,32.0
2023-12-01 13:32:14,9.0,37.0,1050.0,22.7,31.0
2023-12-01 13:42:14,8.0,40.0,1074.0,22.7,31.0
2023-12-01 13:52:14,3.0,40.0,1018.0,22.6,31.0
2023-12-01 14:02:14,6.0,40.0,1067.0,22.7,31.0
2023-12-01 14:12:14,5.0,40.0,1065.0,22.8,31.0
2023-12-01 14:22:14,5.0,43.0,1094.0,22.7,32.0
2023-12-01 14:32:14,6.0,40.0,1253.0,22.8,33.0
2023-12-01 14:42:14,2.0,40.0,1249.0,22.7,32.0
2023-12-01 14:52:14,5.0,37.0,1167.0,22.7,32.0
2023-12-01 15:02:14,4.0,37.0,1176.0,22.7,32.0
2023-12-01 15:12:14,3.0,37.0,1101.0,22.7,31.0
2023-12-01 15:22:14,2.0,40.0,1087.0,22.8,31.0
2023-12-01 15:32:14,2.0,40.0,1098.0,22.8,31.0
2023-12-01 15:42:14,2.0,33.0,1162.0,22.8,32.0
2023-12-01 15:52:14,0.0,33.0,1153.0,22.7,32.0
2023-12-01 16:02:13,0.0,33.0,1096.0,22.8,31.0
2023-12-01 16:12:13,0.0,33.0,1054.0,22.7,31.0
2023-12-01 16:22:13,0.0,33.0,1072.0,22.8,31.0
2023-12-01 16:32:13,0.0,33.0,1033.0,22.8,30.0
2023-12-01 16:42:13,0.0,33.0,981.0,22.8,30.0
2023-12-01 16:52:13,0.0,33.0,974.0,22.8,30.0
2023-12-01 17:02:13,0.0,33.0,930.0,22.9,30.0
2023-12-01 17:12:13,0.0,33.0,900.0,22.8,30.0
2023-12-01 17:22:13,0.0,33.0,879.0,22.8,29.0
2023-12-01 17:32:13,0.0,0.0,844.0,22.8,29.0
2023-12-01 17:42:13,0.0,0.0,841.0,22.8,29.0
2023-12-01 17:52:13,0.0,0.0,829.0,22.8,29.0
2023-12-01 18:02:13,0.0,0.0,816.0,22.8,29.0
2023-12-01 18:12:13,0.0,0.0,787.0,22.8,29.0
2023-12-01 18:22:13,0.0,0.0,758.0,22.8,29.0
2023-12-01 18:32:13,0.0,0.0,747.0,22.8,29.0
2023-12-01 18:42:13,0.0,0.0,729.0,22.8,29.0
2023-12-01 18:52:13,0.0,0.0,717.0,22.8,28.0
2023-12-01 19:02:13,0.0,0.0,702.0,22.8,28.0
2023-12-01 19:12:13,0.0,0.0,694.0,22.8,28.0
2023-12-01 19:22:13,0.0,0.0,678.0,22.8,28.0
2023-12-01 19:32:13,0.0,0.0,673.0,22.8,28.0
2023-12-01 19:42:13,0.0,0.0,676.0,22.8,28.0
2023-12-01 19:52:12,0.0,0.0,677.0,22.8,28.0
2023-12-01 20:02:12,0.0,0.0,662.0,22.8,28.0
2023-12-01 20:12:12,0.0,0.0,655.0,22.8,28.0
2023-12-01 20:22:12,0.0,0.0,643.0,22.8,28.0
2023-12-01 20:32:13,0.0,0.0,633.0,22.8,28.0
2023-12-01 20:42:12,0.0,0.0,618.0,22.8,28.0
2023-12-01 20:52:12,0.0,0.0,610.0,22.8,28.0
2023-12-01 21:02:12,0.0,0.0,614.0,22.8,28.0
2023-12-01 21:12:12,0.0,0.0,609.0,22.8,28.0
2023-12-01 21:22:12,0.0,0.0,598.0,22.8,28.0
2023-12-01 21:32:12,0.0,0.0,595.0,22.8,28.0
2023-12-01 21:42:12,0.0,0.0,591.0,22.8,28.0
2023-12-01 21:52:12,0.0,0.0,598.0,22.8,28.0
2023-12-01 22:02:12,0.0,0.0,580.0,22.8,28.0
2023-12-01 22:12:12,0.0,0.0,589.0,22.8,28.0
2023-12-01 22:22:12,0.0,0.0,592.0,22.8,28.0
2023-12-01 22:32:12,0.0,0.0,591.0,22.8,28.0
2023-12-01 22:42:12,0.0,0.0,564.0,22.8,27.0
2023-12-01 22:52:12,0.0,0.0,568.0,22.8,27.0
2023-12-01 23:02:12,1.0,0.0,575.0,22.8,28.0
2023-12-01 23:12:12,0.0,0.0,573.0,22.8,28.0
2023-12-01 23:22:12,0.0,0.0,570.0,22.8,28.0
2023-12-01 23:32:12,0.0,0.0,551.0,22.8,28.0
2023-12-01 23:42:12,0.0,0.0,557.0,22.8,28.0
2023-12-01 23:52:12,0.0,0.0,544.0,22.8,28.0
2023-12-02 00:02:11,0.0,0.0,558.0,22.8,28.0
2023-12-02 00:12:11,0.0,0.0,555.0,22.8,27.0
2023-12-02 00:22:11,0.0,0.0,543.0,22.8,27.0
2023-12-02 00:32:11,0.0,0.0,567.0,22.8,27.0
2023-12-02 00:42:11,0.0,0.0,543.0,22.8,27.0
2023-12-02 00:52:11,0.0,0.0,541.0,22.8,27.0
2023-12-02 01:02:11,0.0,0.0,538.0,22.8,27.0
2023-12-02 01:12:11,0.0,0.0,535.0,22.8,27.0
2023-12-02 01:22:11,0.0,0.0,536.0,22.8,27.0
2023-12-02 01:32:11,0.0,0.0,521.0,22.8,27.0
2023-12-02 01:42:11,0.0,0.0,543.0,22.8,27.0
2023-12-02 01:52:11,0.0,0.0,538.0,22.8,27.0
2023-12-02 02:02:11,0.0,0.0,520.0,22.8,27.0
2023-12-02 02:12:11,0.0,0.0,515.0,22.8,27.0
2023-12-02 02:22:11,0.0,0.0,531.0,22.8,27.0
2023-12-02 02:32:11,0.0,0.0,519.0,22.8,27.0
2023-12-02 02:42:11,0.0,0.0,516.0,22.8,27.0
2023-12-02 02:52:11,0.0,0.0,513.0,22.8,27.0
2023-12-02 03:02:11,0.0,0.0,502.0,22.8,27.0
2023-12-02 03:12:11,0.0,0.0,498.0,22.8,27.0
2023-12-02 03:22:11,0.0,0.0,507.0,22.8,27.0
2023-12-02 03:32:11,0.0,0.0,503.0,22.8,27.0
2023-12-02 03:42:11,0.0,0.0,516.0,22.8,27.0
2023-12-02 03:52:10,0.0,0.0,518.0,22.8,27.0
2023-12-02 04:02:10,0.0,0.0,508.0,22.8,27.0
2023-12-02 04:12:10,0.0,0.0,486.0,22.8,27.0
2023-12-02 04:22:10,0.0,0.0,506.0,22.8,27.0
2023-12-02 04:32:10,0.0,0.0,501.0,22.8,27.0
2023-12-02 04:42:10,0.0,0.0,486.0,22.8,27.0
2023-12-02 04:52:10,0.0,0.0,491.0,22.8,27.0
2023-12-02 05:02:10,0.0,0.0,490.0,22.8,27.0
2023-12-02 05:12:10,0.0,0.0,500.0,22.8,27.0
2023-12-02 05:22:10,0.0,0.0,497.0,22.8,27.0
2023-12-02 05:32:10,0.0,0.0,501.0,22.8,27.0
2023-12-02 05:42:10,1.0,23.0,502.0,22.8,27.0
2023-12-02 05:52:10,0.0,33.0,483.0,22.8,27.0
2023-12-02 06:02:10,0.0,0.0,484.0,22.8,27.0
2023-12-02 06:12:10,0.0,0.0,495.0,22.8,27.0
2023-12-02 06:22:10,0.0,0.0,478.0,22.9,27.0
2023-12-02 06:32:10,0.0,0.0,489.0,22.8,27.0
2023-12-02 06:42:10,0.0,0.0,489.0,22.9,27.0
2023-12-02 06:52:10,0.0,0.0,484.0,22.8,26.0
2023-12-02 07:02:10,0.0,0.0,475.0,22.8,27.0
2023-12-02 07:12:10,0.0,0.0,483.0,22.9,26.0
2023-12-02 07:22:10,0.0,0.0,479.0,22.8,26.0
2023-12-02 07:32:09,0.0,0.0,485.0,22.8,27.0
2023-12-02 07:42:09,0.0,3.0,488.0,22.8,27.0
2023-12-02 07:52:10,0.0,3.0,496.0,22.8,27.0
2023-12-02 08:02:09,0.0,3.0,480.0,22.8,26.0
2023-12-02 08:12:09,0.0,3.0,486.0,22.8,26.0
2023-12-02 08:22:09,0.0,3.0,491.0,22.8,26.0
2023-12-02 08:32:09,0.0,3.0,472.0,22.8,27.0
2023-12-02 08:42:10,0.0,3.0,477.0,22.8,26.0
2023-12-02 08:52:09,0.0,3.0,491.0,22.8,26.0
2023-12-02 09:02:09,0.0,3.0,485.0,22.8,27.0
2023-12-02 09:12:09,2.0,3.0,482.0,22.8,27.0
2023-12-02 09:22:09,3.0,3.0,489.0,22.8,27.0
2023-12-02 09:32:09,0.0,3.0,488.0,22.8,27.0
2023-12-02 09:42:09,0.0,3.0,485.0,22.8,27.0
2023-12-02 09:52:09,1.0,3.0,497.0,22.8,27.0
2023-12-02 10:02:09,0.0,3.0,482.0,22.8,27.0
2023-12-02 10:12:09,0.0,3.0,479.0,22.8,27.0
2023-12-02 10:22:09,1.0,3.0,474.0,22.8,27.0
2023-12-02 10:32:09,0.0,3.0,482.0,22.8,27.0
2023-12-02 10:42:09,0.0,6.0,491.0,22.8,27.0
2023-12-02 10:52:09,0.0,3.0,480.0,22.8,27.0
2023-12-02 11:02:09,0.0,6.0,497.0,22.7,27.0
2023-12-02 11:12:09,0.0,6.0,486.0,22.8,27.0
2023-12-02 11:22:09,1.0,6.0,498.0,22.7,27.0
2023-12-02 11:32:08,1.0,6.0,474.0,22.8,27.0
2023-12-02 11:42:08,0.0,6.0,474.0,22.8,27.0
2023-12-02 11:52:08,0.0,3.0,484.0,22.7,27.0
2023-12-02 12:02:08,0.0,3.0,486.0,22.8,27.0
2023-12-02 12:12:08,0.0,3.0,480.0,22.8,26.0
2023-12-02 12:22:08,0.0,3.0,478.0,22.8,26.0
2023-12-02 12:32:08,0.0,3.0,474.0,22.8,26.0
2023-12-02 12:42:08,0.0,3.0,491.0,22.8,26.0
2023-12-02 12:52:08,0.0,20.0,481.0,22.8,26.0
2023-12-02 13:02:08,4.0,37.0,512.0,22.8,27.0
2023-12-02 13:12:08,3.0,37.0,501.0,22.8,27.0
2023-12-02 13:22:08,3.0,37.0,522.0,22.7,27.0
2023-12-02 13:32:08,0.0,3.0,499.0,22.8,27.0
2023-12-02 13:42:08,0.0,3.0,524.0,22.8,27.0
2023-12-02 13:52:08,0.0,3.0,538.0,22.8,27.0
2023-12-02 14:02:08,0.0,3.0,522.0,22.8,27.0
2023-12-02 14:12:08,0.0,3.0,505.0,22.8,27.0
2023-12-02 14:22:08,0.0,3.0,486.0,22.8,27.0
2023-12-02 14:32:08,0.0,0.0,481.0,22.8,27.0
2023-12-02 14:42:08,0.0,0.0,496.0,22.8,27.0
2023-12-02 14:52:08,0.0,0.0,489.0,22.8,27.0
2023-12-02 15:02:08,0.0,0.0,488.0,22.7,26.0
2023-12-02 15:12:08,0.0,0.0,481.0,22.8,26.0
2023-12-02 15:22:07,0.0,0.0,475.0,22.8,26.0
2023-12-02 15:32:07,0.0,33.0,478.0,22.7,26.0
2023-12-02 15:42:07,0.0,33.0,487.0,22.8,26.0
2023-12-02 15:52:08,0.0,0.0,475.0,22.7,26.0
2023-12-02 16:02:07,0.0,0.0,480.0,22.8,26.0
2023-12-02 16:12:07,0.0,0.0,477.0,22.8,26.0
2023-12-02 16:22:07,0.0,0.0,480.0,22.8,26.0
2023-12-02 16:32:07,0.0,0.0,474.0,22.8,26.0
2023-12-02 16:42:07,0.0,0.0,458.0,22.7,26.0
2023-12-02 16:52:07,0.0,0.0,460.0,22.8,26.0
2023-12-02 17:02:07,0.0,0.0,468.0,22.7,26.0
2023-12-02 17:12:07,0.0,26.0,465.0,22.8,26.0
2023-12-02 17:22:07,0.0,33.0,484.0,22.8,26.0
2023-12-02 17:32:07,0.0,0.0,463.0,22.8,26.0
2023-12-02 17:42:07,0.0,33.0,454.0,22.8,26.0
2023-12-02 17:52:07,0.0,33.0,464.0,22.8,26.0
2023-12-02 18:02:07,0.0,33.0,467.0,22.8,26.0
2023-12-02 18:12:07,0.0,33.0,463.0,22.8,26.0
2023-12-02 18:22:07,0.0,0.0,455.0,22.8,26.0
2023-12-02 18:32:07,0.0,0.0,454.0,22.8,26.0
2023-12-02 18:42:07,0.0,0.0,463.0,22.8,26.0
2023-12-02 18:52:07,0.0,0.0,456.0,22.8,26.0
2023-12-02 19:02:07,0.0,0.0,448.0,22.7,26.0
2023-12-02 19:12:07,0.0,0.0,455.0,22.8,26.0
2023-12-02 19:22:07,0.0,33.0,458.0,22.8,26.0
2023-12-02 19:32:06,0.0,33.0,452.0,22.8,26.0
2023-12-02 19:42:07,0.0,0.0,437.0,22.8,26.0
2023-12-02 19:52:06,0.0,33.0,456.0,22.8,26.0
2023-12-02 20:02:06,0.0,33.0,436.0,22.8,26.0
2023-12-02 20:12:06,0.0,0.0,439.0,22.8,26.0
2023-12-02 20:22:06,0.0,0.0,448.0,22.8,26.0
2023-12-02 20:32:06,0.0,0.0,443.0,22.8,26.0
2023-12-02 20:42:06,0.0,0.0,448.0,22.8,26.0
2023-12-02 20:52:06,0.0,0.0,444.0,22.8,26.0
2023-12-02 21:02:06,0.0,33.0,453.0,22.8,26.0
2023-12-02 21:12:06,0.0,37.0,442.0,22.8,26.0
2023-12-02 21:22:06,0.0,0.0,452.0,22.8,26.0
2023-12-02 21:32:06,0.0,0.0,446.0,22.8,26.0
2023-12-02 21:42:06,0.0,0.0,437.0,22.8,26.0
2023-12-02 21:52:06,0.0,33.0,426.0,22.8,26.0
2023-12-02 22:02:06,0.0,33.0,442.0,22.8,26.0
2023-12-02 22:12:06,0.0,0.0,439.0,22.8,26.0
2023-12-02 22:22:06,0.0,0.0,439.0,22.8,26.0
2023-12-02 22:32:06,0.0,0.0,446.0,22.8,26.0
2023-12-02 22:42:06,0.0,0.0,437.0,22.8,26.0
2023-12-02 22:52:06,0.0,16.0,437.0,22.8,26.0
2023-12-02 23:02:06,0.0,33.0,440.0,22.8,26.0
2023-12-02 23:12:05,0.0,0.0,433.0,22.8,26.0
2023-12-02 23:22:05,0.0,0.0,424.0,22.8,26.0
2023-12-02 23:32:05,0.0,0.0,424.0,22.8,26.0
2023-12-02 23:42:05,0.0,0.0,440.0,22.8,26.0
2023-12-02 23:52:05,0.0,0.0,435.0,22.8,26.0
2023-12-03 00:02:05,0.0,0.0,444.0,22.8,26.0
2023-12-03 00:12:05,0.0,0.0,437.0,22.8,26.0
2023-12-03 00:22:05,0.0,0.0,439.0,22.8,26.0
2023-12-03 00:32:05,0.0,33.0,424.0,22.8,26.0
2023-12-03 00:42:05,0.0,33.0,437.0,22.8,26.0
2023-12-03 00:52:05,0.0,0.0,429.0,22.8,26.0
2023-12-03 01:02:05,0.0,0.0,430.0,22.8,26.0
2023-12-03 01:12:05,0.0,0.0,444.0,22.8,26.0
2023-12-03 01:22:05,0.0,0.0,442.0,22.8,26.0
2023-12-03 01:32:05,0.0,0.0,420.0,22.8,26.0
2023-12-03 01:42:05,0.0,0.0,439.0,22.8,26.0
2023-12-03 01:52:05,0.0,0.0,440.0,22.8,26.0
2023-12-03 02:02:05,0.0,0.0,426.0,22.8,26.0
2023-12-03 02:12:05,0.0,0.0,426.0,22.8,26.0
2023-12-03 02:22:05,0.0,0.0,434.0,22.8,26.0
2023-12-03 02:32:05,0.0,0.0,436.0,22.8,26.0
2023-12-03 02:42:05,0.0,0.0,435.0,22.8,26.0
2023-12-03 02:52:05,0.0,0.0,425.0,22.8,26.0
2023-12-03 03:02:05,0.0,0.0,423.0,22.8,26.0
2023-12-03 03:12:04,0.0,0.0,440.0,22.7,26.0
2023-12-03 03:22:04,0.0,0.0,437.0,22.8,26.0
2023-12-03 03:32:04,0.0,0.0,419.0,22.8,26.0
2023-12-03 03:42:04,0.0,0.0,426.0,22.7,26.0
2023-12-03 03:52:04,0.0,0.0,406.0,22.8,26.0
2023-12-03 04:02:04,0.0,0.0,420.0,22.8,26.0
2023-12-03 04:12:04,0.0,0.0,442.0,22.8,26.0
2023-12-03 04:22:04,0.0,0.0,420.0,22.8,26.0
2023-12-03 04:32:04,0.0,0.0,430.0,22.8,26.0
2023-12-03 04:42:04,0.0,0.0,420.0,22.7,26.0
2023-12-03 04:52:04,0.0,0.0,435.0,22.7,26.0
2023-12-03 05:02:04,0.0,0.0,425.0,22.8,26.0
2023-12-03 05:12:04,0.0,26.0,419.0,22.8,26.0
2023-12-03 05:22:04,0.0,33.0,436.0,22.7,26.0
2023-12-03 05:32:04,0.0,0.0,432.0,22.8,26.0
2023-12-03 05:42:04,0.0,0.0,437.0,22.8,26.0
2023-12-03 05:52:04,0.0,0.0,430.0,22.8,26.0
2023-12-03 06:02:04,0.0,0.0,438.0,22.8,26.0
2023-12-03 06:12:04,0.0,0.0,427.0,22.8,26.0
2023-12-03 06:22:04,0.0,0.0,433.0,22.8,26.0
2023-12-03 06:32:04,0.0,0.0,421.0,22.7,26.0
2023-12-03 06:42:04,0.0,0.0,431.0,22.7,26.0
2023-12-03 06:52:04,0.0,0.0,426.0,22.8,26.0
2023-12-03 07:02:04,0.0,0.0,423.0,22.7,26.0
2023-12-03 07:12:03,0.0,0.0,436.0,22.8,26.0
2023-12-03 07:22:03,0.0,0.0,436.0,22.8,26.0
2023-12-03 07:32:03,0.0,3.0,424.0,22.7,26.0
2023-12-03 07:42:03,0.0,3.0,432.0,22.8,26.0
2023-12-03 07:52:03,0.0,3.0,438.0,22.7,26.0
2023-12-03 08:02:03,0.0,3.0,427.0,22.8,26.0
2023-12-03 08:12:03,1.0,33.0,445.0,22.8,26.0
2023-12-03 08:22:03,0.0,37.0,439.0,22.7,26.0
2023-12-03 08:32:03,0.0,3.0,441.0,22.8,26.0
2023-12-03 08:42:03,0.0,3.0,440.0,22.7,26.0
2023-12-03 08:52:03,0.0,3.0,433.0,22.8,26.0
2023-12-03 09:02:03,0.0,3.0,434.0,22.7,26.0
2023-12-03 09:12:03,0.0,3.0,437.0,22.7,26.0
2023-12-03 09:22:03,0.0,3.0,433.0,22.7,26.0
2023-12-03 09:32:03,0.0,3.0,432.0,22.7,26.0
2023-12-03 09:42:03,0.0,3.0,432.0,22.7,26.0
2023-12-03 09:52:03,0.0,3.0,444.0,22.8,26.0
2023-12-03 10:02:03,0.0,3.0,434.0,22.7,25.0
2023-12-03 10:12:03,0.0,3.0,434.0,22.7,26.0
2023-12-03 10:22:03,0.0,3.0,434.0,22.7,26.0
2023-12-03 10:32:03,0.0,3.0,439.0,22.7,26.0
2023-12-03 10:42:03,1.0,3.0,465.0,22.7,26.0
2023-12-03 10:52:02,0.0,3.0,434.0,22.7,26.0
2023-12-03 11:02:02,0.0,3.0,433.0,22.7,26.0
2023-12-03 11:12:02,0.0,3.0,437.0,22.7,26.0
2023-12-03 11:22:02,0.0,3.0,446.0,22.7,26.0
2023-12-03 11:32:02,0.0,3.0,441.0,22.7,26.0
2023-12-03 11:42:02,0.0,3.0,439.0,22.7,26.0
2023-12-03 11:52:02,0.0,3.0,439.0,22.7,26.0
2023-12-03 12:02:02,1.0,3.0,434.0,22.8,26.0
2023-12-03 12:12:02,0.0,3.0,437.0,22.7,26.0
2023-12-03 12:22:02,0.0,3.0,456.0,22.8,26.0
2023-12-03 12:32:02,1.0,3.0,433.0,22.8,26.0
2023-12-03 12:42:02,0.0,3.0,442.0,22.7,26.0
2023-12-03 12:52:02,0.0,3.0,430.0,22.7,26.0
2023-12-03 13:02:02,0.0,3.0,433.0,22.7,26.0
2023-12-03 13:12:02,0.0,3.0,448.0,22.7,26.0
2023-12-03 13:22:02,0.0,3.0,426.0,22.7,26.0
2023-12-03 13:32:02,1.0,3.0,436.0,22.7,26.0
2023-12-03 13:42:02,1.0,3.0,445.0,22.7,26.0
2023-12-03 13:52:02,0.0,3.0,443.0,22.7,26.0
2023-12-03 14:02:02,0.0,3.0,443.0,22.7,26.0
2023-12-03 14:12:02,0.0,3.0,433.0,22.7,26.0
2023-12-03 14:22:02,0.0,0.0,440.0,22.7,26.0
2023-12-03 14:32:02,0.0,0.0,439.0,22.7,26.0
2023-12-03 14:42:02,0.0,0.0,435.0,22.7,26.0
2023-12-03 14:52:02,2.0,23.0,453.0,22.7,26.0
2023-12-03 15:02:01,0.0,33.0,446.0,22.7,26.0
2023-12-03 15:12:01,0.0,0.0,450.0,22.7,26.0
2023-12-03 15:22:01,0.0,0.0,447.0,22.8,26.0
2023-12-03 15:32:01,0.0,0.0,454.0,22.7,26.0
2023-12-03 15:42:01,0.0,0.0,436.0,22.7,26.0
2023-12-03 15:52:01,0.0,0.0,439.0,22.7,26.0
2023-12-03 16:02:01,0.0,33.0,444.0,22.7,26.0
2023-12-03 16:12:01,0.0,33.0,443.0,22.7,26.0
2023-12-03 16:22:01,1.0,0.0,450.0,22.7,26.0
2023-12-03 16:32:01,0.0,0.0,455.0,22.7,26.0
2023-12-03 16:42:01,0.0,0.0,449.0,22.7,26.0
2023-12-03 16:52:01,0.0,20.0,434.0,22.7,26.0
2023-12-03 17:02:01,0.0,33.0,452.0,22.8,26.0
2023-12-03 17:12:01,0.0,0.0,445.0,22.7,26.0
2023-12-03 17:22:01,0.0,0.0,434.0,22.7,26.0
2023-12-03 17:32:01,2.0,33.0,439.0,22.7,26.0
2023-12-03 17:42:01,0.0,33.0,441.0,22.7,26.0
2023-12-03 17:52:01,0.0,0.0,438.0,22.7,26.0
2023-12-03 18:02:01,0.0,30.0,448.0,22.8,26.0
2023-12-03 18:12:01,0.0,33.0,447.0,22.8,26.0
2023-12-03 18:22:01,1.0,33.0,444.0,22.7,26.0
2023-12-03 18:32:01,0.0,33.0,436.0,22.8,26.0
2023-12-03 18:42:00,0.0,0.0,443.0,22.7,26.0
2023-12-03 18:52:00,1.0,30.0,450.0,22.8,26.0
2023-12-03 19:02:00,1.0,33.0,451.0,22.7,26.0
2023-12-03 19:12:00,0.0,0.0,443.0,22.8,26.0
2023-12-03 19:22:00,0.0,33.0,432.0,22.7,26.0
2023-12-03 19:32:00,0.0,33.0,432.0,22.7,26.0
2023-12-03 19:42:00,0.0,0.0,447.0,22.7,26.0
2023-12-03 19:52:00,0.0,0.0,443.0,22.7,26.0
2023-12-03 20:02:00,0.0,0.0,440.0,22.7,26.0
2023-12-03 20:12:00,1.0,26.0,440.0,22.8,26.0
2023-12-03 20:22:00,0.0,33.0,430.0,22.7,26.0
2023-12-03 20:32:00,1.0,0.0,440.0,22.8,26.0
2023-12-03 20:42:00,0.0,0.0,430.0,22.7,26.0
2023-12-03 20:52:00,0.0,0.0,440.0,22.7,26.0
2023-12-03 21:02:00,0.0,0.0,425.0,22.7,26.0
2023-12-03 21:12:00,0.0,0.0,424.0,22.7,26.0
2023-12-03 21:22:00,0.0,30.0,416.0,22.8,26.0
2023-12-03 21:32:00,0.0,33.0,415.0,22.7,26.0
2023-12-03 21:42:00,0.0,0.0,429.0,22.7,26.0
2023-12-03 21:52:00,0.0,0.0,427.0,22.8,26.0
2023-12-03 22:02:00,0.0,33.0,424.0,22.7,26.0
2023-12-03 22:12:00,0.0,33.0,426.0,22.8,26.0
2023-12-03 22:22:00,0.0,0.0,433.0,22.7,26.0
2023-12-03 22:32:00,0.0,0.0,441.0,22.7,26.0
2023-12-03 22:41:59,0.0,0.0,429.0,22.8,26.0
2023-12-03 22:52:00,0.0,0.0,429.0,22.8,26.0
2023-12-03 23:01:59,0.0,0.0,414.0,22.7,26.0
2023-12-03 23:11:59,0.0,0.0,438.0,22.7,26.0
2023-12-03 23:21:59,0.0,0.0,423.0,22.7,26.0
2023-12-03 23:31:59,0.0,0.0,425.0,22.8,26.0
2023-12-03 23:41:59,0.0,0.0,426.0,22.7,26.0
2023-12-03 23:51:59,0.0,0.0,431.0,22.8,26.0
2023-12-04 00:01:59,0.0,0.0,425.0,22.7,26.0
2023-12-04 00:11:59,0.0,0.0,427.0,22.7,26.0
2023-12-04 00:21:59,0.0,0.0,433.0,22.7,26.0
2023-12-04 00:31:59,0.0,0.0,418.0,22.7,26.0
2023-12-04 00:41:59,0.0,0.0,433.0,22.8,26.0
2023-12-04 00:51:59,0.0,0.0,419.0,22.7,26.0
2023-12-04 01:01:59,0.0,0.0,410.0,22.7,26.0
2023-12-04 01:11:59,0.0,0.0,420.0,22.8,26.0
2023-12-04 01:21:59,0.0,0.0,423.0,22.7,26.0
2023-12-04 01:31:59,0.0,0.0,432.0,22.7,26.0
2023-12-04 01:41:59,0.0,0.0,431.0,22.7,26.0
2023-12-04 01:51:59,0.0,0.0,424.0,22.7,26.0
2023-12-04 02:01:59,0.0,0.0,428.0,22.7,26.0
2023-12-04 02:11:59,0.0,0.0,423.0,22.7,26.0
2023-12-04 02:21:59,0.0,0.0,416.0,22.7,26.0
2023-12-04 02:31:59,0.0,0.0,432.0,22.7,26.0
2023-12-04 02:41:58,0.0,0.0,425.0,22.7,26.0
2023-12-04 02:51:58,0.0,0.0,440.0,22.7,26.0
2023-12-04 03:01:58,0.0,0.0,425.0,22.7,26.0
2023-12-04 03:11:58,0.0,0.0,424.0,22.8,26.0
2023-12-04 03:21:58,0.0,0.0,420.0,22.7,26.0
2023-12-04 03:31:58,0.0,0.0,417.0,22.7,26.0
2023-12-04 03:41:58,0.0,0.0,431.0,22.7,26.0
2023-12-04 03:51:58,0.0,0.0,423.0,22.7,26.0
2023-12-04 04:01:58,0.0,0.0,417.0,22.7,26.0
2023-12-04 04:11:58,0.0,0.0,416.0,22.7,26.0
2023-12-04 04:21:58,0.0,0.0,431.0,22.7,26.0
2023-12-04 04:31:58,0.0,0.0,426.0,22.7,26.0
2023-12-04 04:41:58,0.0,0.0,426.0,22.7,26.0
2023-12-04 04:51:58,0.0,0.0,420.0,22.6,26.0
2023-12-04 05:01:58,0.0,0.0,423.0,22.7,26.0
2023-12-04 05:11:58,0.0,0.0,437.0,22.7,26.0
2023-12-04 05:21:58,0.0,0.0,424.0,22.7,26.0
2023-12-04 05:31:58,0.0,0.0,421.0,22.7,26.0
2023-12-04 05:41:58,0.0,0.0,429.0,22.7,26.0
2023-12-04 05:51:58,0.0,0.0,424.0,22.7,26.0
2023-12-04 06:01:58,0.0,0.0,421.0,22.7,26.0
2023-12-04 06:11:58,0.0,0.0,418.0,22.7,26.0
2023-12-04 06:21:57,1.0,0.0,417.0,22.7,26.0
2023-12-04 06:31:57,0.0,0.0,432.0,22.7,26.0
2023-12-04 06:41:57,1.0,33.0,425.0,22.7,26.0
2023-12-04 06:51:57,0.0,33.0,430.0,22.7,26.0
2023-12-04 07:01:57,0.0,33.0,430.0,22.7,26.0
2023-12-04 07:11:57,0.0,33.0,432.0,22.8,26.0
2023-12-04 07:21:57,1.0,33.0,431.0,22.7,27.0
2023-12-04 07:31:57,0.0,33.0,431.0,22.7,27.0
2023-12-04 07:41:57,3.0,33.0,444.0,22.7,27.0
2023-12-04 07:51:57,3.0,40.0,441.0,22.7,27.0
2023-12-04 08:01:57,3.0,43.0,468.0,22.7,28.0
2023-12-04 08:11:57,5.0,40.0,476.0,22.6,28.0
2023-12-04 08:21:57,2.0,43.0,527.0,22.6,28.0
2023-12-04 08:31:57,4.0,47.0,545.0,22.6,28.0
2023-12-04 08:41:57,5.0,47.0,593.0,22.6,29.0
2023-12-04 08:51:57,3.0,43.0,610.0,22.6,29.0
2023-12-04 09:01:57,7.0,47.0,636.0,22.6,29.0
2023-12-04 09:11:57,4.0,47.0,630.0,22.6,29.0
2023-12-04 09:21:57,7.0,47.0,647.0,22.6,29.0
2023-12-04 09:31:57,3.0,43.0,656.0,22.6,29.0
2023-12-04 09:41:57,2.0,43.0,666.0,22.6,29.0
2023-12-04 09:51:57,0.0,47.0,676.0,22.6,29.0
2023-12-04 10:01:57,11.0,47.0,771.0,22.6,30.0
2023-12-04 10:11:57,11.0,47.0,789.0,22.6,29.0
2023-12-04 10:21:56,3.0,43.0,790.0,22.7,29.0
2023-12-04 10:31:57,9.0,40.0,823.0,22.7,30.0
2023-12-04 10:41:56,4.0,40.0,851.0,22.7,30.0
2023-12-04 10:51:56,1.0,40.0,845.0,22.7,30.0
2023-12-04 11:01:56,0.0,40.0,830.0,22.6,30.0
2023-12-04 11:11:56,0.0,40.0,836.0,22.6,30.0
2023-12-04 11:21:56,4.0,40.0,876.0,22.6,30.0
2023-12-04 11:31:56,0.0,40.0,875.0,22.6,30.0
2023-12-04 11:41:56,8.0,37.0,878.0,22.7,30.0
2023-12-04 11:51:56,9.0,40.0,914.0,22.7,30.0
2023-12-04 12:01:56,8.0,43.0,893.0,22.7,30.0
2023-12-04 12:11:56,5.0,43.0,933.0,22.7,30.0
2023-12-04 12:21:56,3.0,43.0,930.0,22.7,30.0
2023-12-04 12:31:56,3.0,40.0,902.0,22.7,30.0
2023-12-04 12:41:56,2.0,40.0,839.0,22.7,30.0
2023-12-04 12:51:56,3.0,40.0,819.0,22.7,29.0
2023-12-04 13:01:56,3.0,40.0,857.0,22.7,29.0
2023-12-04 13:11:56,2.0,40.0,929.0,22.7,29.0
2023-12-04 13:21:56,3.0,40.0,986.0,22.7,30.0
2023-12-04 13:31:56,1.0,40.0,984.0,22.7,30.0
2023-12-04 13:41:56,2.0,43.0,992.0,22.7,30.0
2023-12-04 13:51:56,4.0,43.0,1018.0,22.7,30.0
2023-12-04 14:01:56,0.0,43.0,1017.0,22.7,30.0
2023-12-04 14:11:55,8.0,43.0,1211.0,22.8,31.0
2023-12-04 14:21:55,3.0,43.0,1096.0,22.8,31.0
2023-12-04 14:31:55,1.0,43.0,1226.0,22.8,31.0
2023-12-04 14:41:55,3.0,47.0,1163.0,22.8,31.0
2023-12-04 14:51:55,2.0,43.0,1183.0,22.8,31.0
2023-12-04 15:01:55,5.0,43.0,1192.0,22.8,32.0
2023-12-04 15:11:55,0.0,40.0,1189.0,22.8,31.0
2023-12-04 15:21:55,1.0,40.0,1202.0,22.8,31.0
2023-12-04 15:31:55,1.0,40.0,1204.0,22.8,31.0
2023-12-04 15:41:55,3.0,40.0,1195.0,22.8,32.0
2023-12-04 15:51:55,1.0,40.0,1213.0,22.8,31.0
2023-12-04 16:01:55,0.0,40.0,1156.0,22.8,31.0
2023-12-04 16:11:55,0.0,40.0,1180.0,22.8,31.0
2023-12-04 16:21:55,0.0,40.0,1140.0,22.8,31.0
2023-12-04 16:31:55,0.0,40.0,1094.0,22.9,31.0
2023-12-04 16:41:55,2.0,40.0,1032.0,22.8,31.0
2023-12-04 16:51:55,1.0,40.0,1042.0,22.8,31.0
2023-12-04 17:01:55,1.0,40.0,1083.0,22.9,31.0
2023-12-04 17:11:55,0.0,40.0,1063.0,22.9,31.0
2023-12-04 17:21:55,0.0,40.0,1024.0,22.8,30.0
2023-12-04 17:31:55,0.0,3.0,1024.0,22.9,30.0
2023-12-04 17:41:55,0.0,3.0,1006.0,22.8,30.0
2023-12-04 17:51:55,0.0,3.0,973.0,22.8,30.0
2023-12-04 18:01:55,0.0,3.0,950.0,22.9,30.0
2023-12-04 18:11:54,0.0,3.0,958.0,22.9,30.0
2023-12-04 18:21:54,0.0,3.0,932.0,22.9,30.0
2023-12-04 18:31:55,0.0,3.0,912.0,22.9,30.0
2023-12-04 18:41:54,1.0,3.0,874.0,22.8,30.0
2023-12-04 18:51:54,1.0,3.0,889.0,22.9,30.0
2023-12-04 19:01:54,0.0,3.0,856.0,22.8,30.0
2023-12-04 19:11:54,0.0,3.0,845.0,22.9,30.0
2023-12-04 19:21:54,0.0,3.0,841.0,22.8,29.0
2023-12-04 19:31:54,0.0,3.0,826.0,22.9,29.0
2023-12-04 19:41:54,0.0,3.0,824.0,22.9,29.0
2023-12-04 19:51:54,0.0,3.0,795.0,22.9,29.0
2023-12-04 20:01:54,0.0,3.0,785.0,22.8,29.0
2023-12-04 20:11:54,0.0,3.0,782.0,22.8,29.0
2023-12-04 20:21:54,0.0,3.0,766.0,22.9,29.0
2023-12-04 20:31:54,0.0,3.0,746.0,22.9,29.0
2023-12-04 20:41:54,0.0,3.0,746.0,22.9,29.0
2023-12-04 20:51:54,0.0,3.0,731.0,22.8,29.0
2023-12-04 21:01:54,0.0,3.0,740.0,22.8,29.0
2023-12-04 21:11:54,0.0,3.0,722.0,22.8,29.0
2023-12-04 21:21:54,0.0,3.0,711.0,22.8,29.0
2023-12-04 21:31:54,0.0,3.0,718.0,22.8,29.0
2023-12-04 21:41:54,0.0,3.0,717.0,22.9,29.0
2023-12-04 21:51:54,1.0,3.0,728.0,22.9,29.0
2023-12-04 22:01:53,0.0,3.0,712.0,22.9,29.0
2023-12-04 22:11:53,0.0,3.0,698.0,22.8,29.0
2023-12-04 22:21:54,0.0,3.0,685.0,22.8,29.0
2023-12-04 22:31:53,1.0,37.0,681.0,22.9,29.0
2023-12-04 22:41:53,3.0,37.0,688.0,22.9,29.0
2023-12-04 22:51:53,0.0,3.0,709.0,22.8,29.0
2023-12-04 23:01:53,0.0,0.0,700.0,22.9,29.0
2023-12-04 23:11:53,0.0,0.0,710.0,22.8,29.0
2023-12-04 23:21:53,0.0,0.0,709.0,22.9,29.0
2023-12-04 23:31:53,0.0,0.0,694.0,22.9,29.0
2023-12-04 23:41:53,0.0,0.0,683.0,22.8,29.0
2023-12-04 23:51:53,0.0,0.0,682.0,22.8,29.0
2023-12-05 00:01:53,0.0,0.0,689.0,22.9,29.0
2023-12-05 00:11:53,0.0,0.0,687.0,22.9,29.0
2023-12-05 00:21:53,0.0,0.0,666.0,22.9,29.0
2023-12-05 00:31:53,0.0,0.0,666.0,22.9,29.0
2023-12-05 00:41:53,0.0,0.0,657.0,22.9,29.0
2023-12-05 00:51:53,0.0,0.0,656.0,22.9,29.0
2023-12-05 01:01:53,0.0,0.0,646.0,22.9,29.0
2023-12-05 01:11:53,0.0,0.0,659.0,22.9,29.0
2023-12-05 01:21:53,0.0,0.0,638.0,22.8,29.0
2023-12-05 01:31:53,0.0,0.0,644.0,22.9,29.0
2023-12-05 01:41:53,0.0,0.0,636.0,22.8,29.0
2023-12-05 01:51:53,0.0,0.0,633.0,22.9,29.0
2023-12-05 02:01:52,0.0,0.0,618.0,22.9,29.0
2023-12-05 02:11:52,0.0,0.0,618.0,22.9,29.0
2023-12-05 02:21:52,0.0,0.0,609.0,22.9,29.0
2023-12-05 02:31:52,0.0,0.0,608.0,22.9,29.0
2023-12-05 02:41:52,0.0,0.0,603.0,22.9,29.0
2023-12-05 02:51:52,0.0,0.0,594.0,22.9,29.0
2023-12-05 03:01:52,2.0,33.0,600.0,22.9,29.0
2023-12-05 03:11:52,0.0,33.0,611.0,22.9,29.0
2023-12-05 03:21:52,0.0,0.0,568.0,22.9,28.0
2023-12-05 03:31:52,0.0,0.0,595.0,22.9,28.0
2023-12-05 03:41:52,0.0,0.0,584.0,22.9,29.0
2023-12-05 03:51:52,0.0,0.0,592.0,22.8,29.0
2023-12-05 04:01:52,1.0,30.0,584.0,22.9,29.0
2023-12-05 04:11:52,0.0,33.0,598.0,22.9,29.0
2023-12-05 04:21:52,0.0,0.0,589.0,22.9,29.0
2023-12-05 04:31:52,0.0,0.0,592.0,22.9,29.0
2023-12-05 04:41:52,0.0,0.0,579.0,22.9,29.0
2023-12-05 04:51:52,0.0,0.0,571.0,22.9,29.0
2023-12-05 05:01:52,0.0,0.0,583.0,22.9,29.0
2023-12-05 05:11:52,0.0,0.0,560.0,22.9,29.0
2023-12-05 05:21:52,0.0,0.0,586.0,22.9,29.0
2023-12-05 05:31:52,0.0,0.0,570.0,22.9,29.0
2023-12-05 05:41:52,0.0,0.0,564.0,22.9,29.0
2023-12-05 05:51:51,0.0,0.0,550.0,22.9,29.0
2023-12-05 06:01:51,0.0,0.0,557.0,22.9,29.0
2023-12-05 06:11:51,0.0,30.0,567.0,22.8,29.0
2023-12-05 06:21:51,4.0,33.0,562.0,22.8,29.0
2023-12-05 06:31:52,0.0,0.0,576.0,22.9,29.0
2023-12-05 06:41:52,0.0,0.0,570.0,22.8,30.0
2023-12-05 06:51:51,0.0,0.0,590.0,22.9,31.0
2023-12-05 07:01:51,1.0,33.0,587.0,22.9,31.0
2023-12-05 07:11:51,1.0,33.0,598.0,22.9,31.0
2023-12-05 07:21:51,1.0,33.0,582.0,22.9,31.0
2023-12-05 07:31:51,2.0,33.0,581.0,22.9,31.0
2023-12-05 07:41:51,1.0,40.0,599.0,22.8,31.0
2023-12-05 07:51:51,4.0,40.0,715.0,22.8,32.0
2023-12-05 08:01:51,3.0,37.0,715.0,22.8,32.0
2023-12-05 08:11:51,2.0,37.0,676.0,22.9,31.0
2023-12-05 08:21:51,2.0,37.0,696.0,22.8,32.0
2023-12-05 08:31:51,0.0,40.0,713.0,22.8,32.0
2023-12-05 08:41:51,3.0,37.0,738.0,22.8,32.0
2023-12-05 08:51:51,3.0,37.0,729.0,22.9,32.0
2023-12-05 09:01:51,5.0,40.0,733.0,22.8,32.0
2023-12-05 09:11:51,1.0,40.0,732.0,22.9,32.0
2023-12-05 09:21:51,1.0,40.0,723.0,22.8,32.0
2023-12-05 09:31:51,0.0,40.0,803.0,22.9,32.0
2023-12-05 09:41:51,2.0,40.0,918.0,22.9,32.0
2023-12-05 09:51:50,0.0,40.0,999.0,22.9,33.0
2023-12-05 10:01:50,6.0,37.0,1283.0,22.9,33.0
2023-12-05 10:11:50,2.0,40.0,978.0,22.9,33.0
2023-12-05 10:21:50,1.0,43.0,986.0,22.9,33.0
2023-12-05 10:31:50,0.0,40.0,981.0,22.9,33.0
2023-12-05 10:41:50,1.0,43.0,985.0,22.9,33.0
2023-12-05 10:51:50,0.0,40.0,974.0,22.9,32.0
2023-12-05 11:01:50,4.0,40.0,1083.0,22.9,33.0
2023-12-05 11:11:50,10.0,43.0,1012.0,22.8,33.0
2023-12-05 11:21:50,7.0,47.0,1145.0,22.9,34.0
2023-12-05 11:31:50,2.0,47.0,1151.0,22.9,34.0
2023-12-05 11:41:50,1.0,43.0,1037.0,22.9,33.0
2023-12-05 11:51:50,2.0,43.0,1022.0,22.9,33.0
2023-12-05 12:01:50,4.0,43.0,1026.0,22.9,33.0
2023-12-05 12:11:50,2.0,43.0,996.0,22.9,32.0
2023-12-05 12:21:50,0.0,43.0,967.0,22.9,32.0
2023-12-05 12:31:50,6.0,43.0,962.0,22.9,32.0
2023-12-05 12:41:50,0.0,43.0,941.0,22.8,32.0
2023-12-05 12:51:50,2.0,43.0,936.0,22.9,32.0
2023-12-05 13:01:50,2.0,43.0,950.0,22.9,31.0
2023-12-05 13:11:50,9.0,40.0,912.0,22.9,31.0
2023-12-05 13:21:50,1.0,40.0,892.0,22.9,31.0
2023-12-05 13:31:50,0.0,40.0,889.0,22.9,31.0
2023-12-05 13:41:49,0.0,40.0,881.0,22.9,31.0
2023-12-05 13:51:49,2.0,40.0,880.0,22.9,31.0
2023-12-05 14:01:49,3.0,40.0,877.0,23.0,31.0
2023-12-05 14:11:49,2.0,40.0,958.0,22.9,31.0
2023-12-05 14:21:49,2.0,40.0,966.0,22.9,31.0
2023-12-05 14:31:49,3.0,40.0,1037.0,22.9,31.0
2023-12-05 14:41:49,1.0,40.0,1000.0,23.0,31.0
2023-12-05 14:51:49,2.0,40.0,921.0,22.9,30.0
2023-12-05 15:01:49,2.0,40.0,933.0,23.0,30.0
2023-12-05 15:11:49,3.0,40.0,857.0,22.9,30.0
2023-12-05 15:21:49,5.0,40.0,812.0,22.9,29.0
2023-12-05 15:31:49,1.0,40.0,795.0,22.9,28.0
2023-12-05 15:41:49,4.0,40.0,743.0,22.9,28.0
2023-12-05 15:51:49,0.0,40.0,763.0,22.9,27.0
2023-12-05 16:01:49,0.0,40.0,796.0,22.9,28.0
2023-12-05 16:11:49,2.0,37.0,800.0,22.9,28.0
2023-12-05 16:21:49,2.0,37.0,844.0,23.0,29.0
2023-12-05 16:31:49,1.0,33.0,844.0,23.0,29.0
2023-12-05 16:41:49,0.0,33.0,823.0,22.9,28.0
2023-12-05 16:51:49,0.0,33.0,820.0,22.9,28.0
2023-12-05 17:01:49,0.0,33.0,783.0,23.0,29.0
2023-12-05 17:11:49,0.0,33.0,774.0,22.9,28.0
2023-12-05 17:21:49,0.0,33.0,746.0,22.9,29.0
2023-12-05 17:31:48,0.0,0.0,735.0,22.9,28.0
2023-12-05 17:41:48,0.0,0.0,737.0,22.9,28.0
2023-12-05 17:51:48,1.0,26.0,710.0,22.9,28.0
2023-12-05 18:01:48,1.0,33.0,714.0,23.0,28.0
2023-12-05 18:11:48,0.0,0.0,698.0,22.9,28.0
2023-12-05 18:21:48,0.0,0.0,678.0,22.9,28.0
2023-12-05 18:31:49,0.0,0.0,686.0,23.0,28.0
2023-12-05 18:41:48,0.0,0.0,676.0,23.0,28.0
2023-12-05 18:51:48,0.0,0.0,663.0,22.9,28.0
2023-12-05 19:01:48,0.0,0.0,645.0,23.0,28.0
2023-12-05 19:11:48,2.0,33.0,637.0,22.9,28.0
2023-12-05 19:21:48,0.0,33.0,654.0,23.0,28.0
2023-12-05 19:31:48,0.0,0.0,629.0,23.0,28.0
2023-12-05 19:41:48,0.0,0.0,611.0,22.9,28.0
2023-12-05 19:51:48,0.0,0.0,620.0,23.0,28.0
2023-12-05 20:01:48,0.0,0.0,632.0,23.0,28.0
2023-12-05 20:11:48,0.0,33.0,614.0,23.0,28.0
2023-12-05 20:21:48,0.0,33.0,619.0,22.9,28.0
2023-12-05 20:31:48,0.0,0.0,577.0,23.0,28.0
2023-12-05 20:41:48,0.0,33.0,597.0,23.0,28.0
2023-12-05 20:51:48,0.0,33.0,590.0,23.0,28.0
2023-12-05 21:01:48,2.0,33.0,586.0,23.0,28.0
2023-12-05 21:11:48,0.0,33.0,571.0,23.0,28.0
2023-12-05 21:21:48,0.0,0.0,585.0,23.0,28.0
2023-12-05 21:31:47,0.0,0.0,590.0,23.0,28.0
2023-12-05 21:41:47,0.0,0.0,573.0,23.0,28.0
2023-12-05 21:51:47,0.0,0.0,568.0,23.0,28.0
2023-12-05 22:01:48,0.0,0.0,570.0,23.0,28.0
2023-12-05 22:11:47,0.0,0.0,560.0,23.0,28.0
2023-12-05 22:21:47,0.0,0.0,559.0,23.0,28.0
2023-12-05 22:31:47,0.0,0.0,552.0,23.0,28.0
2023-12-05 22:41:47,0.0,0.0,540.0,23.0,28.0
2023-12-05 22:51:47,0.0,0.0,527.0,23.0,28.0
2023-12-05 23:01:47,0.0,0.0,541.0,23.0,28.0
2023-12-05 23:11:47,0.0,0.0,540.0,23.1,28.0
2023-12-05 23:21:47,0.0,0.0,523.0,23.0,28.0
2023-12-05 23:31:47,0.0,0.0,520.0,23.0,28.0
2023-12-05 23:41:47,0.0,0.0,514.0,23.0,28.0
2023-12-05 23:51:47,0.0,0.0,498.0,23.1,28.0
2023-12-06 00:01:47,0.0,0.0,495.0,23.0,28.0
2023-12-06 00:11:47,0.0,0.0,520.0,23.0,28.0
2023-12-06 00:21:47,0.0,0.0,504.0,23.0,28.0
2023-12-06 00:31:47,0.0,0.0,489.0,23.0,28.0
2023-12-06 00:41:47,0.0,0.0,520.0,23.1,28.0
2023-12-06 00:51:47,0.0,0.0,508.0,23.1,28.0
2023-12-06 01:01:47,0.0,0.0,511.0,23.1,28.0
2023-12-06 01:11:47,0.0,0.0,502.0,23.1,28.0
2023-12-06 01:21:47,0.0,0.0,485.0,23.0,28.0
2023-12-06 01:31:46,0.0,0.0,497.0,23.1,27.0
2023-12-06 01:41:46,0.0,0.0,478.0,23.0,27.0
2023-12-06 01:51:46,0.0,0.0,486.0,23.0,27.0
2023-12-06 02:01:46,0.0,0.0,473.0,23.0,27.0
2023-12-06 02:11:46,0.0,0.0,493.0,23.1,27.0
2023-12-06 02:21:46,0.0,0.0,487.0,23.0,27.0
2023-12-06 02:41:46,0.0,0.0,488.0,23.1,27.0
2023-12-06 02:51:46,0.0,0.0,482.0,23.0,27.0
2023-12-06 03:01:46,1.0,33.0,478.0,23.0,27.0
2023-12-06 03:11:46,0.0,33.0,472.0,23.1,27.0
2023-12-06 03:21:46,0.0,0.0,479.0,23.1,27.0
2023-12-06 03:31:46,0.0,0.0,489.0,23.0,27.0
2023-12-06 03:41:46,0.0,0.0,482.0,23.1,27.0
2023-12-06 03:51:46,0.0,0.0,477.0,23.1,27.0
2023-12-06 04:01:46,0.0,0.0,469.0,23.0,27.0
2023-12-06 04:11:46,1.0,33.0,482.0,23.1,27.0
2023-12-06 04:21:46,0.0,33.0,478.0,23.1,27.0
2023-12-06 04:31:46,0.0,0.0,482.0,23.2,27.0
2023-12-06 04:41:46,0.0,0.0,484.0,23.1,27.0
2023-12-06 04:51:46,0.0,0.0,462.0,23.1,28.0
2023-12-06 05:01:46,0.0,0.0,466.0,23.1,27.0
2023-12-06 05:11:46,0.0,0.0,476.0,23.1,27.0
2023-12-06 05:21:45,0.0,0.0,458.0,23.1,27.0
2023-12-06 05:31:45,0.0,0.0,477.0,23.1,27.0
2023-12-06 05:41:45,0.0,0.0,484.0,23.1,27.0
2023-12-06 05:51:45,0.0,0.0,469.0,23.1,27.0
2023-12-06 06:01:45,0.0,0.0,470.0,23.1,27.0
2023-12-06 06:11:45,0.0,0.0,460.0,23.1,27.0
2023-12-06 06:21:45,0.0,0.0,475.0,23.1,27.0
2023-12-06 06:31:45,0.0,0.0,474.0,23.1,27.0
2023-12-06 06:41:45,0.0,0.0,481.0,23.1,27.0
2023-12-06 06:51:45,0.0,0.0,470.0,23.1,27.0
2023-12-06 07:01:45,1.0,37.0,553.0,23.1,29.0
2023-12-06 07:11:45,0.0,40.0,529.0,23.2,29.0
2023-12-06 07:21:45,0.0,37.0,493.0,23.1,29.0
2023-12-06 07:31:45,0.0,40.0,514.0,23.1,28.0
2023-12-06 07:41:45,4.0,37.0,530.0,23.1,29.0
2023-12-06 07:51:45,1.0,40.0,573.0,23.1,29.0
2023-12-06 08:01:45,6.0,40.0,598.0,23.1,29.0
2023-12-06 08:11:45,4.0,43.0,622.0,23.1,29.0
2023-12-06 08:21:45,13.0,43.0,679.0,23.1,31.0
2023-12-06 08:31:45,0.0,43.0,675.0,23.2,30.0
2023-12-06 08:41:45,6.0,40.0,715.0,23.1,31.0
2023-12-06 08:51:45,3.0,43.0,705.0,23.1,31.0
2023-12-06 09:01:45,14.0,43.0,786.0,23.1,31.0
2023-12-06 09:11:44,7.0,43.0,760.0,23.1,31.0
2023-12-06 09:21:44,2.0,47.0,765.0,23.0,31.0
2023-12-06 09:31:44,6.0,43.0,849.0,23.1,31.0
2023-12-06 09:41:44,1.0,43.0,918.0,23.1,32.0
2023-12-06 09:51:44,3.0,43.0,972.0,23.2,32.0
2023-12-06 10:01:44,6.0,43.0,881.0,23.1,32.0
2023-12-06 10:11:44,14.0,40.0,949.0,23.1,32.0
2023-12-06 10:21:44,8.0,40.0,977.0,23.2,32.0
2023-12-06 10:31:44,6.0,40.0,991.0,23.2,32.0
2023-12-06 10:41:44,8.0,43.0,997.0,23.1,32.0
2023-12-06 10:51:44,11.0,40.0,983.0,23.1,32.0
2023-12-06 11:01:44,7.0,40.0,1080.0,23.1,33.0
2023-12-06 11:11:44,25.0,43.0,1077.0,23.2,33.0
2023-12-06 11:21:44,14.0,43.0,1064.0,23.1,33.0
2023-12-06 11:31:44,5.0,43.0,1042.0,23.1,32.0
2023-12-06 11:41:44,3.0,43.0,1048.0,23.1,32.0
2023-12-06 11:51:44,2.0,43.0,1152.0,23.2,32.0
2023-12-06 12:01:44,9.0,43.0,1167.0,23.2,33.0
2023-12-06 12:11:44,16.0,43.0,1214.0,23.2,33.0
2023-12-06 12:21:44,23.0,40.0,1313.0,23.2,33.0
2023-12-06 12:31:44,11.0,40.0,1214.0,23.2,33.0
2023-12-06 12:41:44,6.0,43.0,1208.0,23.2,33.0
2023-12-06 12:51:44,2.0,43.0,1164.0,23.1,33.0
2023-12-06 13:01:43,2.0,40.0,1167.0,23.1,32.0
2023-12-06 13:11:44,8.0,40.0,1116.0,23.0,32.0
2023-12-06 13:21:43,2.0,40.0,1064.0,23.1,32.0
2023-12-06 13:31:43,6.0,40.0,1050.0,23.1,32.0
2023-12-06 13:41:43,4.0,40.0,1043.0,23.0,31.0
2023-12-06 13:51:43,8.0,37.0,1064.0,23.0,32.0
2023-12-06 14:01:43,11.0,43.0,1058.0,23.1,31.0
2023-12-06 14:11:43,5.0,43.0,1058.0,23.1,31.0
2023-12-06 14:21:43,8.0,47.0,1148.0,23.2,32.0
2023-12-06 14:31:43,3.0,47.0,1133.0,23.2,32.0
2023-12-06 14:41:43,9.0,43.0,1077.0,23.1,32.0
2023-12-06 14:51:43,1.0,43.0,980.0,23.1,31.0
2023-12-06 15:01:43,7.0,43.0,1170.0,23.1,32.0
2023-12-06 15:11:43,9.0,43.0,1367.0,23.2,33.0
2023-12-06 15:21:43,1.0,43.0,1391.0,23.1,33.0
2023-12-06 15:31:43,2.0,40.0,1296.0,23.1,33.0
2023-12-06 15:41:43,0.0,40.0,1258.0,23.1,33.0
2023-12-06 15:51:43,0.0,40.0,1203.0,23.1,32.0
2023-12-06 16:01:43,0.0,40.0,1168.0,23.1,32.0
2023-12-06 16:11:43,1.0,40.0,1166.0,23.1,32.0
2023-12-06 16:21:43,0.0,40.0,1164.0,23.2,32.0
2023-12-06 16:31:43,0.0,40.0,1186.0,23.1,32.0
2023-12-06 16:41:43,0.0,40.0,1192.0,23.1,32.0
2023-12-06 16:51:43,0.0,40.0,1164.0,23.1,32.0
2023-12-06 17:01:42,0.0,40.0,1120.0,23.2,32.0
2023-12-06 17:11:42,0.0,40.0,1074.0,23.1,32.0
2023-12-06 17:21:42,0.0,40.0,1012.0,23.2,32.0
2023-12-06 17:31:42,0.0,6.0,989.0,23.1,31.0
2023-12-06 17:41:42,0.0,6.0,980.0,23.1,31.0
2023-12-06 17:51:42,2.0,33.0,957.0,23.1,31.0
2023-12-06 18:01:42,0.0,37.0,950.0,23.1,31.0
2023-12-06 18:11:42,0.0,6.0,917.0,23.1,31.0
2023-12-06 18:21:42,0.0,6.0,860.0,23.1,31.0
2023-12-06 18:31:42,0.0,6.0,878.0,23.1,31.0
2023-12-06 18:41:42,0.0,6.0,838.0,23.1,31.0
2023-12-06 18:51:42,0.0,6.0,831.0,23.1,30.0
2023-12-06 19:01:42,0.0,6.0,795.0,23.1,30.0
2023-12-06 19:11:42,0.0,6.0,788.0,23.1,30.0
2023-12-06 19:21:42,0.0,6.0,782.0,23.1,30.0
2023-12-06 19:31:42,0.0,6.0,746.0,23.1,30.0
2023-12-06 19:41:42,0.0,6.0,738.0,23.1,30.0
2023-12-06 19:51:42,0.0,6.0,721.0,23.1,30.0
2023-12-06 20:01:42,0.0,6.0,727.0,23.0,30.0
2023-12-06 20:11:42,0.0,37.0,716.0,23.1,30.0
2023-12-06 20:21:42,0.0,37.0,704.0,23.0,30.0
2023-12-06 20:31:42,0.0,6.0,683.0,23.1,30.0
2023-12-06 20:41:42,0.0,6.0,690.0,23.0,30.0
2023-12-06 20:51:41,0.0,6.0,679.0,23.1,30.0
2023-12-06 21:01:41,0.0,6.0,666.0,23.0,30.0
2023-12-06 21:11:42,0.0,6.0,645.0,23.1,30.0
2023-12-06 21:21:41,0.0,6.0,662.0,23.0,30.0
2023-12-06 21:31:41,0.0,6.0,636.0,23.1,30.0
2023-12-06 21:41:41,0.0,6.0,636.0,23.0,29.0
2023-12-06 21:51:41,0.0,6.0,636.0,23.0,29.0
2023-12-06 22:01:41,0.0,6.0,622.0,23.0,29.0
2023-12-06 22:11:41,0.0,6.0,618.0,23.0,29.0
2023-12-06 22:21:41,0.0,6.0,607.0,23.0,29.0
2023-12-06 22:31:41,0.0,6.0,605.0,23.0,29.0
2023-12-06 22:41:41,0.0,6.0,594.0,23.0,29.0
2023-12-06 22:51:41,0.0,6.0,592.0,23.1,29.0
2023-12-06 23:01:41,0.0,6.0,600.0,23.0,29.0
2023-12-06 23:11:41,0.0,6.0,576.0,23.0,29.0
2023-12-06 23:21:41,0.0,6.0,590.0,23.0,29.0
2023-12-06 23:31:41,1.0,6.0,580.0,23.0,29.0
2023-12-06 23:41:41,0.0,6.0,591.0,23.0,29.0
2023-12-06 23:51:41,0.0,6.0,576.0,23.0,29.0
2023-12-07 00:01:41,0.0,6.0,567.0,23.0,29.0
2023-12-07 00:11:41,0.0,6.0,570.0,23.0,29.0
2023-12-07 00:21:41,0.0,6.0,553.0,23.0,29.0
2023-12-07 00:31:41,0.0,6.0,561.0,23.0,29.0
2023-12-07 00:41:41,0.0,6.0,575.0,23.0,29.0
2023-12-07 00:51:40,0.0,6.0,547.0,23.0,29.0
2023-12-07 01:01:40,0.0,6.0,554.0,23.0,29.0
2023-12-07 01:11:40,0.0,6.0,545.0,23.0,29.0
2023-12-07 01:21:40,0.0,6.0,559.0,23.0,29.0
2023-12-07 01:31:40,0.0,6.0,535.0,23.0,29.0
2023-12-07 01:41:40,0.0,6.0,517.0,23.0,29.0
2023-12-07 01:51:40,0.0,6.0,536.0,23.0,29.0
2023-12-07 02:01:40,0.0,6.0,547.0,23.0,29.0
2023-12-07 02:11:40,0.0,6.0,553.0,23.0,29.0
2023-12-07 02:21:40,0.0,6.0,555.0,23.0,29.0
2023-12-07 02:31:40,0.0,6.0,531.0,23.0,29.0
2023-12-07 02:41:40,0.0,6.0,528.0,22.9,29.0
2023-12-07 02:51:40,0.0,6.0,523.0,23.0,29.0
2023-12-07 03:01:40,1.0,37.0,517.0,23.0,29.0
2023-12-07 03:11:40,0.0,40.0,530.0,22.9,29.0
2023-12-07 03:21:40,0.0,6.0,530.0,23.0,29.0
2023-12-07 03:31:40,0.0,6.0,532.0,23.0,29.0
2023-12-07 03:41:40,0.0,6.0,527.0,22.9,29.0
2023-12-07 03:51:40,0.0,6.0,514.0,22.9,29.0
2023-12-07 04:01:40,1.0,23.0,509.0,23.0,29.0
2023-12-07 04:11:40,1.0,40.0,510.0,23.0,29.0
2023-12-07 04:21:40,0.0,0.0,517.0,23.0,29.0
2023-12-07 04:31:40,0.0,0.0,463.0,22.9,28.0
2023-12-07 04:41:39,0.0,0.0,476.0,23.0,28.0
2023-12-07 04:51:39,0.0,0.0,490.0,23.0,28.0
2023-12-07 05:01:39,0.0,0.0,477.0,23.0,28.0
2023-12-07 05:11:40,0.0,0.0,485.0,22.9,28.0
2023-12-07 05:21:39,0.0,0.0,483.0,22.9,28.0
2023-12-07 05:31:39,0.0,0.0,481.0,22.9,28.0
2023-12-07 05:41:39,0.0,0.0,481.0,22.9,28.0
2023-12-07 05:51:39,0.0,0.0,470.0,22.9,28.0
2023-12-07 06:01:39,0.0,0.0,475.0,22.9,28.0
2023-12-07 06:11:39,0.0,0.0,480.0,22.8,28.0
2023-12-07 06:21:39,0.0,0.0,466.0,22.9,28.0
2023-12-07 06:31:39,0.0,0.0,468.0,22.9,28.0
2023-12-07 06:41:39,0.0,30.0,477.0,22.9,28.0
2023-12-07 06:51:39,0.0,37.0,479.0,22.9,28.0
2023-12-07 07:01:39,0.0,33.0,458.0,22.9,28.0
2023-12-07 07:11:39,0.0,37.0,461.0,22.9,28.0
2023-12-07 07:21:39,3.0,33.0,503.0,22.8,29.0
2023-12-07 07:31:39,0.0,33.0,544.0,22.9,29.0
2023-12-07 07:41:39,4.0,33.0,526.0,22.9,29.0
2023-12-07 07:51:39,8.0,37.0,590.0,22.9,32.0
2023-12-07 08:01:39,3.0,37.0,600.0,22.9,31.0
2023-12-07 08:11:39,4.0,40.0,608.0,22.9,32.0
2023-12-07 08:21:39,1.0,40.0,618.0,22.8,31.0
2023-12-07 08:31:39,3.0,43.0,668.0,22.8,32.0
2023-12-07 08:41:38,2.0,40.0,632.0,22.8,31.0
2023-12-07 08:51:38,2.0,40.0,691.0,22.8,32.0
2023-12-07 09:01:38,2.0,40.0,718.0,22.9,32.0
2023-12-07 09:11:38,1.0,40.0,756.0,22.9,32.0
2023-12-07 09:21:38,2.0,43.0,791.0,22.8,32.0
2023-12-07 09:31:38,3.0,40.0,818.0,22.9,33.0
2023-12-07 09:41:38,2.0,40.0,801.0,22.9,32.0
2023-12-07 09:51:38,4.0,40.0,795.0,22.8,33.0
2023-12-07 10:01:38,4.0,43.0,894.0,22.9,33.0
2023-12-07 10:11:38,2.0,43.0,843.0,22.8,33.0
2023-12-07 10:21:38,6.0,43.0,872.0,22.8,33.0
2023-12-07 10:31:38,2.0,43.0,895.0,22.9,33.0
2023-12-07 10:41:38,1.0,43.0,922.0,22.8,33.0
2023-12-07 10:51:38,2.0,43.0,972.0,22.9,34.0
2023-12-07 11:01:38,6.0,43.0,935.0,22.9,33.0
2023-12-07 11:11:38,1.0,43.0,901.0,22.9,33.0
2023-12-07 11:21:38,1.0,43.0,912.0,22.9,33.0
2023-12-07 11:31:38,3.0,40.0,909.0,22.8,33.0
2023-12-07 11:41:38,4.0,40.0,959.0,22.8,33.0
2023-12-07 11:51:38,7.0,40.0,899.0,22.9,33.0
2023-12-07 12:01:38,4.0,47.0,972.0,22.8,33.0
2023-12-07 12:11:38,1.0,43.0,944.0,22.9,33.0
2023-12-07 12:21:38,2.0,43.0,962.0,22.9,33.0
2023-12-07 12:31:37,4.0,40.0,964.0,22.9,33.0
2023-12-07 12:41:37,2.0,43.0,995.0,22.8,33.0
2023-12-07 12:51:37,1.0,43.0,855.0,22.9,33.0
2023-12-07 13:01:37,0.0,43.0,688.0,22.8,32.0
2023-12-07 13:11:37,0.0,43.0,682.0,22.8,31.0
2023-12-07 13:21:37,6.0,43.0,894.0,22.8,31.0
2023-12-07 13:31:37,6.0,43.0,746.0,22.8,30.0
2023-12-07 13:41:37,2.0,43.0,741.0,22.8,30.0
2023-12-07 13:51:37,0.0,43.0,672.0,22.8,30.0
2023-12-07 14:01:37,2.0,43.0,643.0,22.8,29.0
2023-12-07 14:11:37,2.0,43.0,662.0,22.8,29.0
2023-12-07 14:21:37,0.0,43.0,656.0,22.8,29.0
2023-12-07 14:31:37,2.0,43.0,697.0,22.8,30.0
2023-12-07 14:41:37,1.0,43.0,743.0,22.9,30.0
2023-12-07 14:51:37,0.0,43.0,775.0,22.9,30.0
2023-12-07 15:01:37,2.0,43.0,778.0,22.9,30.0
2023-12-07 15:11:37,2.0,43.0,891.0,22.9,31.0
2023-12-07 15:21:37,1.0,43.0,982.0,23.0,32.0
2023-12-07 15:31:37,2.0,43.0,1050.0,23.0,32.0
2023-12-07 15:41:37,3.0,43.0,1052.0,23.0,32.0
2023-12-07 15:51:37,2.0,43.0,1047.0,23.0,33.0
2023-12-07 16:01:37,2.0,43.0,1027.0,23.0,33.0
2023-12-07 16:11:37,0.0,43.0,958.0,23.0,32.0
2023-12-07 16:21:36,1.0,43.0,904.0,23.0,32.0
2023-12-07 16:31:36,1.0,43.0,877.0,22.9,32.0
2023-12-07 16:41:36,0.0,43.0,833.0,22.9,31.0
2023-12-07 16:51:36,3.0,43.0,890.0,22.9,31.0
2023-12-07 17:01:36,3.0,40.0,902.0,22.9,31.0
2023-12-07 17:11:36,5.0,40.0,743.0,22.8,31.0
2023-12-07 17:21:36,0.0,40.0,612.0,22.8,30.0
2023-12-07 17:31:36,0.0,6.0,545.0,22.8,29.0
2023-12-07 17:41:36,0.0,6.0,473.0,22.8,28.0
2023-12-07 17:51:36,2.0,37.0,512.0,22.8,28.0
2023-12-07 18:01:36,4.0,40.0,523.0,22.8,28.0
2023-12-07 18:11:36,0.0,6.0,535.0,22.8,28.0
2023-12-07 18:21:36,0.0,6.0,527.0,22.8,28.0
2023-12-07 18:31:36,0.0,6.0,541.0,22.8,28.0
2023-12-07 18:41:36,0.0,6.0,544.0,22.8,29.0
2023-12-07 18:51:36,0.0,6.0,556.0,22.8,29.0
2023-12-07 19:01:36,0.0,6.0,543.0,22.9,29.0
2023-12-07 19:11:36,0.0,3.0,541.0,22.9,29.0
2023-12-07 19:21:36,2.0,6.0,607.0,22.9,29.0
2023-12-07 19:31:36,0.0,6.0,603.0,22.8,29.0
2023-12-07 19:41:36,0.0,6.0,582.0,22.9,29.0
2023-12-07 19:51:36,0.0,0.0,632.0,22.9,30.0
2023-12-07 20:01:36,0.0,0.0,625.0,22.9,30.0
2023-12-07 20:11:36,2.0,16.0,591.0,22.9,29.0
2023-12-07 20:21:35,0.0,33.0,599.0,22.9,30.0
2023-12-07 20:31:35,0.0,0.0,588.0,22.9,30.0
2023-12-07 20:41:35,0.0,0.0,567.0,22.9,29.0
2023-12-07 20:51:35,0.0,0.0,556.0,22.9,29.0
2023-12-07 21:01:35,0.0,0.0,566.0,22.9,29.0
2023-12-07 21:11:35,0.0,0.0,553.0,22.9,29.0
2023-12-07 21:21:35,0.0,0.0,576.0,22.9,29.0
2023-12-07 21:31:35,0.0,0.0,546.0,22.9,29.0
2023-12-07 21:41:35,0.0,0.0,551.0,22.9,29.0
2023-12-07 21:51:35,0.0,0.0,536.0,22.9,29.0
2023-12-07 22:01:35,0.0,0.0,536.0,22.8,29.0
2023-12-07 22:11:35,0.0,0.0,533.0,22.9,29.0
2023-12-07 22:21:35,0.0,0.0,535.0,22.9,29.0
2023-12-07 22:31:35,0.0,0.0,519.0,22.8,29.0
2023-12-07 22:41:35,0.0,0.0,533.0,22.9,29.0
2023-12-07 22:51:35,0.0,0.0,515.0,22.9,29.0
2023-12-07 23:01:35,0.0,0.0,516.0,22.9,29.0
2023-12-07 23:11:35,0.0,0.0,500.0,22.9,29.0
2023-12-07 23:21:35,0.0,0.0,527.0,22.9,29.0
2023-12-07 23:31:35,0.0,0.0,512.0,22.9,29.0
2023-12-07 23:41:35,0.0,0.0,513.0,22.9,29.0
2023-12-07 23:51:35,0.0,0.0,499.0,22.9,29.0
2023-12-08 00:01:35,2.0,0.0,504.0,22.9,29.0
2023-12-08 00:11:34,0.0,0.0,528.0,22.9,29.0
2023-12-08 00:21:34,1.0,33.0,530.0,22.9,29.0
2023-12-08 00:31:34,0.0,33.0,537.0,22.9,29.0
2023-12-08 00:41:34,0.0,0.0,534.0,22.8,29.0
2023-12-08 00:51:34,0.0,0.0,536.0,22.9,29.0
2023-12-08 01:01:34,0.0,0.0,531.0,22.9,29.0
2023-12-08 01:11:34,0.0,0.0,511.0,22.9,29.0
2023-12-08 01:21:34,0.0,0.0,515.0,22.9,29.0
2023-12-08 01:31:34,0.0,0.0,514.0,22.9,29.0
2023-12-08 01:41:34,0.0,0.0,507.0,22.9,29.0
2023-12-08 01:51:34,0.0,0.0,502.0,22.9,29.0
2023-12-08 02:01:34,0.0,0.0,488.0,22.9,29.0
2023-12-08 02:11:34,0.0,0.0,501.0,22.9,29.0
2023-12-08 02:21:34,0.0,0.0,502.0,22.8,29.0
2023-12-08 02:31:34,0.0,0.0,484.0,22.9,29.0
2023-12-08 02:41:34,0.0,0.0,476.0,22.9,29.0
2023-12-08 02:51:34,0.0,0.0,492.0,22.9,29.0
2023-12-08 03:01:34,0.0,0.0,481.0,22.9,29.0
2023-12-08 03:11:34,0.0,0.0,479.0,22.9,29.0
2023-12-08 03:21:34,0.0,0.0,500.0,22.9,29.0
2023-12-08 03:31:34,1.0,33.0,488.0,22.8,29.0
2023-12-08 03:41:34,0.0,33.0,492.0,22.9,29.0
2023-12-08 03:51:34,0.0,0.0,479.0,22.9,29.0
2023-12-08 04:01:34,0.0,0.0,496.0,22.9,29.0
2023-12-08 04:11:33,0.0,0.0,488.0,22.9,29.0
2023-12-08 04:21:33,1.0,20.0,483.0,22.9,29.0
2023-12-08 04:31:33,0.0,33.0,492.0,22.9,29.0
2023-12-08 04:41:33,0.0,0.0,486.0,22.9,29.0
2023-12-08 04:51:33,0.0,0.0,483.0,22.9,29.0
2023-12-08 05:01:33,0.0,0.0,482.0,22.9,29.0
2023-12-08 05:11:33,0.0,0.0,482.0,22.8,29.0
2023-12-08 05:21:33,0.0,0.0,461.0,22.9,29.0
2023-12-08 05:31:33,0.0,0.0,488.0,22.9,29.0
2023-12-08 05:41:33,0.0,0.0,467.0,22.9,29.0
2023-12-08 05:51:33,0.0,33.0,487.0,22.9,29.0
2023-12-08 06:01:33,0.0,33.0,469.0,22.9,29.0
2023-12-08 06:11:33,1.0,33.0,482.0,22.9,29.0
2023-12-08 06:21:33,1.0,37.0,470.0,22.9,29.0
2023-12-08 06:31:33,0.0,0.0,468.0,22.9,29.0
2023-12-08 06:41:33,0.0,30.0,481.0,22.9,29.0
2023-12-08 06:51:33,0.0,37.0,492.0,22.9,29.0
2023-12-08 07:01:33,0.0,33.0,465.0,22.9,29.0
2023-12-08 07:11:33,0.0,40.0,480.0,22.9,29.0
2023-12-08 07:21:33,0.0,40.0,503.0,22.8,30.0
2023-12-08 07:31:33,0.0,40.0,518.0,22.8,29.0
2023-12-08 07:41:33,0.0,37.0,509.0,22.8,29.0
2023-12-08 07:51:33,5.0,37.0,511.0,22.8,29.0
2023-12-08 08:01:33,4.0,40.0,556.0,22.8,30.0
2023-12-08 08:11:33,5.0,40.0,546.0,22.8,30.0
2023-12-08 08:21:32,3.0,37.0,647.0,22.7,31.0
2023-12-08 08:31:32,6.0,40.0,721.0,22.8,31.0
2023-12-08 08:41:32,7.0,43.0,746.0,22.8,32.0
2023-12-08 08:51:32,0.0,43.0,736.0,22.8,32.0
2023-12-08 09:01:32,3.0,43.0,723.0,22.8,32.0
2023-12-08 09:11:32,10.0,43.0,749.0,22.8,32.0
2023-12-08 09:21:32,4.0,43.0,801.0,22.8,32.0
2023-12-08 09:31:32,1.0,43.0,769.0,22.8,32.0
2023-12-08 09:41:32,3.0,43.0,815.0,22.8,32.0
2023-12-08 09:51:32,4.0,47.0,816.0,22.8,32.0
2023-12-08 10:01:32,2.0,43.0,917.0,22.8,33.0
2023-12-08 10:11:32,7.0,43.0,900.0,22.8,33.0
2023-12-08 10:21:32,8.0,43.0,828.0,22.8,33.0
2023-12-08 10:31:32,4.0,47.0,847.0,22.8,33.0
2023-12-08 10:41:32,7.0,43.0,1024.0,22.9,33.0
2023-12-08 10:51:32,4.0,43.0,947.0,22.9,33.0
2023-12-08 11:01:32,7.0,43.0,1024.0,22.8,33.0
2023-12-08 11:11:32,8.0,43.0,1021.0,22.8,33.0
2023-12-08 11:21:32,6.0,40.0,948.0,22.8,33.0
2023-12-08 11:31:32,2.0,40.0,959.0,22.8,33.0
2023-12-08 11:41:32,1.0,40.0,946.0,22.8,33.0
2023-12-08 11:51:32,5.0,43.0,952.0,22.8,33.0
2023-12-08 12:01:31,12.0,43.0,942.0,22.8,33.0
2023-12-08 12:11:31,9.0,43.0,965.0,22.9,33.0
2023-12-08 12:21:31,4.0,43.0,1034.0,22.8,33.0
2023-12-08 12:31:31,5.0,43.0,982.0,22.8,33.0
2023-12-08 12:41:32,4.0,47.0,1008.0,22.8,33.0
2023-12-08 12:51:31,4.0,47.0,1024.0,22.8,33.0
2023-12-08 13:01:31,2.0,47.0,1065.0,22.9,33.0
2023-12-08 13:11:31,4.0,47.0,1137.0,22.9,33.0
2023-12-08 13:21:31,7.0,47.0,1145.0,22.8,33.0
2023-12-08 13:31:31,5.0,47.0,1134.0,22.9,33.0
2023-12-08 13:41:31,4.0,47.0,1179.0,22.8,33.0
2023-12-08 13:51:31,3.0,47.0,1244.0,22.9,33.0
2023-12-08 14:01:31,3.0,47.0,1228.0,22.9,33.0
2023-12-08 14:11:31,2.0,47.0,1282.0,22.9,34.0
2023-12-08 14:21:31,3.0,47.0,1290.0,22.9,34.0
2023-12-08 14:31:31,2.0,47.0,1322.0,22.9,34.0
2023-12-08 14:41:31,5.0,43.0,1307.0,22.9,34.0
2023-12-08 14:51:31,5.0,47.0,1330.0,22.9,34.0
2023-12-08 15:01:31,2.0,43.0,1315.0,22.9,34.0
2023-12-08 15:11:31,9.0,47.0,1352.0,22.9,34.0
2023-12-08 15:21:31,4.0,47.0,1244.0,22.9,34.0
2023-12-08 15:31:31,2.0,47.0,1150.0,22.9,34.0
2023-12-08 15:41:31,3.0,43.0,1117.0,22.9,33.0
2023-12-08 15:51:30,6.0,40.0,1041.0,22.9,33.0
2023-12-08 16:01:31,4.0,40.0,1033.0,22.9,32.0
2023-12-08 16:11:30,1.0,40.0,1050.0,22.9,32.0
2023-12-08 16:21:30,8.0,43.0,1062.0,22.9,32.0
2023-12-08 16:31:30,0.0,40.0,1140.0,22.9,33.0
2023-12-08 16:41:30,4.0,40.0,1101.0,23.0,32.0
2023-12-08 16:51:30,0.0,40.0,1162.0,22.9,33.0
2023-12-08 17:01:30,0.0,40.0,1107.0,22.9,33.0
2023-12-08 17:11:30,0.0,40.0,1047.0,23.0,32.0
2023-12-08 17:21:30,0.0,40.0,983.0,23.0,32.0
2023-12-08 17:31:30,0.0,6.0,950.0,22.9,32.0
2023-12-08 17:41:30,0.0,6.0,929.0,23.0,32.0
2023-12-08 17:51:30,0.0,6.0,898.0,23.0,32.0
2023-12-08 18:01:30,0.0,6.0,858.0,22.9,32.0
2023-12-08 18:11:30,0.0,6.0,837.0,22.9,31.0
2023-12-08 18:21:30,0.0,6.0,810.0,22.9,31.0
2023-12-08 18:31:30,0.0,6.0,786.0,22.9,31.0
2023-12-08 18:41:30,0.0,6.0,754.0,22.9,31.0
2023-12-08 18:51:30,0.0,6.0,743.0,23.0,31.0
2023-12-08 19:01:30,0.0,6.0,737.0,22.9,31.0
2023-12-08 19:11:30,0.0,6.0,716.0,22.9,31.0
2023-12-08 19:21:30,0.0,23.0,718.0,22.9,31.0
2023-12-08 19:31:30,0.0,40.0,719.0,22.9,31.0
2023-12-08 19:41:29,0.0,6.0,702.0,23.0,31.0
2023-12-08 19:51:29,0.0,6.0,692.0,22.9,31.0
2023-12-08 20:01:29,0.0,6.0,679.0,22.9,31.0
2023-12-08 20:11:29,0.0,6.0,668.0,23.0,31.0
2023-12-08 20:21:29,0.0,6.0,657.0,22.9,31.0
2023-12-08 20:31:29,1.0,6.0,641.0,22.9,30.0
2023-12-08 20:41:29,1.0,6.0,643.0,23.0,30.0
2023-12-08 20:51:29,0.0,6.0,667.0,22.9,30.0
2023-12-08 21:01:29,0.0,6.0,659.0,22.9,30.0
2023-12-08 21:11:29,0.0,6.0,670.0,22.9,31.0
2023-12-08 21:21:29,0.0,6.0,648.0,22.9,30.0
2023-12-08 21:31:29,0.0,6.0,633.0,22.9,30.0
2023-12-08 21:41:29,0.0,6.0,641.0,22.9,30.0
2023-12-08 21:51:29,0.0,6.0,629.0,22.9,30.0
2023-12-08 22:01:29,0.0,6.0,609.0,22.9,30.0
2023-12-08 22:11:29,1.0,6.0,622.0,22.9,30.0
2023-12-08 22:21:29,0.0,6.0,625.0,22.9,30.0
2023-12-08 22:31:29,0.0,6.0,600.0,22.9,30.0
2023-12-08 22:41:29,0.0,6.0,597.0,22.9,30.0
2023-12-08 22:51:29,0.0,6.0,559.0,22.9,30.0
2023-12-08 23:01:29,0.0,6.0,573.0,22.9,30.0
2023-12-08 23:11:29,2.0,6.0,587.0,22.9,30.0
2023-12-08 23:21:29,0.0,6.0,594.0,22.9,30.0
2023-12-08 23:31:29,1.0,30.0,580.0,22.9,30.0
2023-12-08 23:41:28,0.0,40.0,575.0,22.9,30.0
2023-12-08 23:51:28,0.0,6.0,577.0,22.9,30.0
2023-12-09 00:01:29,0.0,6.0,562.0,22.9,30.0
2023-12-09 00:11:28,0.0,6.0,558.0,22.9,30.0
2023-12-09 00:21:28,0.0,6.0,572.0,22.9,30.0
2023-12-09 00:31:28,0.0,6.0,550.0,22.9,30.0
2023-12-09 00:41:28,0.0,6.0,549.0,22.9,30.0
2023-12-09 00:51:28,2.0,6.0,560.0,22.9,30.0
2023-12-09 01:01:28,0.0,6.0,542.0,22.9,30.0
2023-12-09 01:11:28,0.0,6.0,543.0,22.9,30.0
2023-12-09 01:21:28,0.0,6.0,543.0,22.9,30.0
2023-12-09 01:31:28,0.0,6.0,530.0,22.9,30.0
2023-12-09 01:41:28,0.0,6.0,563.0,22.9,30.0
2023-12-09 01:51:28,0.0,6.0,532.0,22.9,30.0
2023-12-09 02:01:28,0.0,6.0,530.0,22.8,30.0
2023-12-09 02:11:28,0.0,6.0,523.0,22.9,30.0
2023-12-09 02:21:28,0.0,6.0,533.0,22.9,30.0
2023-12-09 02:31:28,0.0,6.0,527.0,22.9,30.0
2023-12-09 02:41:28,0.0,6.0,533.0,22.9,30.0
2023-12-09 02:51:28,0.0,6.0,521.0,22.9,30.0
2023-12-09 03:01:28,0.0,6.0,516.0,22.9,29.0
2023-12-09 03:11:28,0.0,6.0,509.0,22.9,30.0
2023-12-09 03:21:28,0.0,6.0,525.0,22.9,30.0
2023-12-09 03:31:28,0.0,6.0,503.0,22.9,29.0
2023-12-09 03:41:27,0.0,6.0,502.0,22.9,29.0
2023-12-09 03:51:27,0.0,6.0,507.0,22.9,29.0
2023-12-09 04:01:27,0.0,6.0,514.0,22.9,29.0
2023-12-09 04:11:27,0.0,6.0,502.0,22.9,29.0
2023-12-09 04:21:27,0.0,6.0,519.0,22.9,29.0
2023-12-09 04:31:27,0.0,6.0,497.0,22.9,29.0
2023-12-09 04:41:27,0.0,6.0,505.0,22.9,29.0
2023-12-09 04:51:27,0.0,6.0,509.0,22.9,29.0
2023-12-09 05:01:27,0.0,6.0,509.0,22.9,29.0
2023-12-09 05:11:27,0.0,6.0,494.0,22.9,29.0
2023-12-09 05:21:27,0.0,6.0,495.0,22.9,29.0
2023-12-09 05:31:27,0.0,6.0,497.0,22.9,29.0
2023-12-09 05:41:27,0.0,6.0,508.0,22.9,29.0
2023-12-09 05:51:27,0.0,6.0,514.0,22.9,29.0
2023-12-09 06:01:27,0.0,6.0,520.0,22.9,29.0
2023-12-09 06:11:27,1.0,37.0,494.0,22.9,29.0
2023-12-09 06:21:27,0.0,33.0,501.0,22.9,29.0
2023-12-09 06:31:27,0.0,0.0,508.0,22.9,29.0
2023-12-09 06:41:27,0.0,0.0,511.0,22.9,29.0
2023-12-09 06:51:27,0.0,0.0,501.0,22.9,29.0
2023-12-09 07:01:27,0.0,0.0,514.0,22.9,29.0
2023-12-09 07:11:27,0.0,0.0,500.0,22.9,29.0
2023-12-09 07:21:27,0.0,0.0,491.0,22.9,29.0
2023-12-09 07:31:26,0.0,0.0,516.0,22.9,29.0
2023-12-09 07:41:26,0.0,0.0,490.0,22.9,29.0
2023-12-09 07:51:26,0.0,0.0,500.0,22.9,29.0
2023-12-09 08:01:26,0.0,0.0,503.0,22.9,29.0
2023-12-09 08:11:26,0.0,0.0,507.0,22.9,29.0
2023-12-09 08:21:26,0.0,0.0,499.0,22.9,29.0
2023-12-09 08:31:26,0.0,0.0,493.0,22.9,29.0
2023-12-09 08:41:26,0.0,0.0,487.0,22.9,29.0
2023-12-09 08:51:26,0.0,3.0,501.0,22.9,29.0
2023-12-09 09:01:26,1.0,3.0,516.0,22.9,30.0
2023-12-09 09:11:26,0.0,3.0,519.0,22.8,29.0
2023-12-09 09:21:26,0.0,3.0,515.0,22.8,29.0
2023-12-09 09:31:26,2.0,3.0,512.0,22.8,30.0
2023-12-09 09:41:26,0.0,3.0,539.0,22.8,30.0
2023-12-09 09:51:26,0.0,3.0,526.0,22.8,30.0
2023-12-09 10:01:26,0.0,3.0,529.0,22.9,30.0
2023-12-09 10:11:26,0.0,3.0,539.0,22.8,30.0
2023-12-09 10:21:26,0.0,3.0,552.0,22.8,30.0
2023-12-09 10:31:26,0.0,3.0,540.0,22.8,30.0
2023-12-09 10:41:26,0.0,3.0,552.0,22.8,30.0
2023-12-09 10:51:26,2.0,33.0,558.0,22.9,30.0
2023-12-09 11:01:26,0.0,37.0,581.0,22.9,30.0
2023-12-09 11:11:26,0.0,3.0,563.0,22.8,30.0
2023-12-09 11:21:25,0.0,3.0,572.0,22.8,30.0
2023-12-09 11:31:25,0.0,3.0,555.0,22.8,30.0
2023-12-09 11:41:26,2.0,37.0,580.0,22.9,30.0
2023-12-09 11:51:25,2.0,37.0,596.0,22.9,30.0
2023-12-09 12:01:25,0.0,3.0,579.0,22.8,30.0
2023-12-09 12:11:25,0.0,3.0,578.0,22.8,30.0
2023-12-09 12:21:25,0.0,3.0,580.0,22.8,30.0
2023-12-09 12:31:25,2.0,37.0,579.0,22.8,30.0
2023-12-09 12:41:25,0.0,37.0,587.0,22.8,30.0
2023-12-09 12:51:25,0.0,3.0,589.0,22.8,30.0
2023-12-09 13:01:25,0.0,3.0,585.0,22.9,30.0
2023-12-09 13:11:25,0.0,3.0,584.0,22.9,30.0
2023-12-09 13:21:25,0.0,3.0,588.0,22.9,30.0
2023-12-09 13:31:25,0.0,3.0,577.0,22.8,30.0
2023-12-09 13:41:25,0.0,3.0,575.0,22.8,30.0
2023-12-09 13:51:25,0.0,3.0,567.0,22.8,30.0
2023-12-09 14:01:25,0.0,3.0,576.0,22.8,30.0
2023-12-09 14:11:25,0.0,3.0,557.0,22.8,30.0
2023-12-09 14:21:25,0.0,3.0,587.0,22.8,30.0
2023-12-09 14:31:25,0.0,3.0,597.0,22.8,30.0
2023-12-09 14:41:25,0.0,3.0,582.0,22.8,30.0
2023-12-09 14:51:25,1.0,37.0,602.0,22.9,31.0
2023-12-09 15:01:25,0.0,37.0,564.0,22.8,30.0
2023-12-09 15:11:24,0.0,3.0,577.0,22.8,30.0
2023-12-09 15:21:24,0.0,3.0,584.0,22.8,31.0
2023-12-09 15:31:24,0.0,33.0,590.0,22.9,30.0
2023-12-09 15:41:24,0.0,33.0,559.0,22.8,30.0
2023-12-09 15:51:24,0.0,0.0,540.0,22.9,30.0
2023-12-09 16:01:24,0.0,0.0,526.0,22.8,30.0
2023-12-09 16:11:24,0.0,0.0,528.0,22.9,30.0
2023-12-09 16:21:24,0.0,0.0,522.0,22.8,30.0
2023-12-09 16:31:24,0.0,0.0,504.0,22.8,30.0
2023-12-09 16:41:24,0.0,0.0,515.0,22.8,30.0
2023-12-09 16:51:24,0.0,0.0,500.0,22.8,30.0
2023-12-09 17:01:24,0.0,0.0,495.0,22.8,30.0
2023-12-09 17:11:24,0.0,0.0,490.0,22.8,30.0
2023-12-09 17:21:24,0.0,0.0,478.0,22.8,30.0
2023-12-09 17:31:24,0.0,0.0,480.0,22.8,30.0
2023-12-09 17:41:24,0.0,0.0,491.0,22.8,30.0
2023-12-09 17:51:24,0.0,0.0,474.0,22.8,30.0
2023-12-09 18:01:24,0.0,0.0,480.0,22.8,30.0
2023-12-09 18:11:24,0.0,0.0,469.0,22.8,30.0
2023-12-09 18:21:24,0.0,0.0,488.0,22.8,30.0
2023-12-09 18:31:24,0.0,0.0,483.0,22.8,30.0
2023-12-09 18:41:24,0.0,0.0,465.0,22.8,30.0
2023-12-09 18:51:24,0.0,0.0,459.0,22.8,30.0
2023-12-09 19:01:24,0.0,0.0,462.0,22.8,30.0
2023-12-09 19:11:23,0.0,0.0,457.0,22.8,30.0
2023-12-09 19:21:23,0.0,0.0,470.0,22.8,30.0
2023-12-09 19:31:23,0.0,0.0,456.0,22.8,30.0
2023-12-09 19:41:23,0.0,0.0,451.0,22.8,30.0
2023-12-09 19:51:23,0.0,0.0,456.0,22.8,30.0
2023-12-09 20:01:23,0.0,0.0,454.0,22.8,30.0
2023-12-09 20:11:23,0.0,0.0,468.0,22.7,30.0
2023-12-09 20:21:23,0.0,0.0,450.0,22.8,30.0
2023-12-09 20:31:23,0.0,0.0,444.0,22.8,30.0
2023-12-09 20:41:23,0.0,0.0,455.0,22.8,30.0
2023-12-09 20:51:23,0.0,0.0,435.0,22.8,30.0
2023-12-09 21:01:23,0.0,0.0,452.0,22.8,30.0
2023-12-09 21:11:23,0.0,0.0,456.0,22.8,30.0
2023-12-09 21:21:23,0.0,0.0,441.0,22.8,30.0
2023-12-09 21:31:23,0.0,0.0,440.0,22.8,30.0
2023-12-09 21:41:23,0.0,0.0,441.0,22.8,30.0
2023-12-09 21:51:23,0.0,0.0,454.0,22.7,30.0
2023-12-09 22:01:23,0.0,0.0,450.0,22.8,30.0
2023-12-09 22:11:23,0.0,0.0,443.0,22.8,30.0
2023-12-09 22:21:23,0.0,0.0,453.0,22.7,30.0
2023-12-09 22:31:23,0.0,0.0,434.0,22.7,30.0
2023-12-09 22:41:23,0.0,0.0,441.0,22.8,30.0
2023-12-09 22:51:23,0.0,0.0,444.0,22.8,30.0
2023-12-09 23:01:22,0.0,0.0,446.0,22.8,30.0
2023-12-09 23:11:22,0.0,0.0,422.0,22.8,30.0
2023-12-09 23:21:22,0.0,0.0,442.0,22.7,30.0
2023-12-09 23:31:22,0.0,0.0,438.0,22.7,30.0
2023-12-09 23:41:22,0.0,0.0,438.0,22.7,30.0
2023-12-09 23:51:22,0.0,0.0,433.0,22.8,30.0
2023-12-10 00:01:22,0.0,0.0,426.0,22.8,30.0
2023-12-10 00:11:22,0.0,0.0,424.0,22.7,30.0
2023-12-10 00:21:22,0.0,0.0,423.0,22.8,30.0
2023-12-10 00:31:22,0.0,0.0,416.0,22.8,30.0
2023-12-10 00:41:22,0.0,0.0,428.0,22.8,30.0
2023-12-10 00:51:22,0.0,0.0,424.0,22.8,30.0
2023-12-10 01:01:22,0.0,0.0,417.0,22.8,30.0
2023-12-10 01:11:22,0.0,0.0,436.0,22.8,30.0
2023-12-10 01:21:22,0.0,0.0,420.0,22.7,30.0
2023-12-10 01:31:22,0.0,0.0,429.0,22.8,30.0
2023-12-10 01:41:22,0.0,0.0,429.0,22.8,30.0
2023-12-10 01:51:22,0.0,0.0,416.0,22.8,30.0
2023-12-10 02:01:22,0.0,0.0,433.0,22.8,30.0
2023-12-10 02:11:22,0.0,0.0,413.0,22.8,30.0
2023-12-10 02:21:22,0.0,0.0,438.0,22.8,30.0
2023-12-10 02:31:22,0.0,0.0,434.0,22.8,30.0
2023-12-10 02:41:22,0.0,0.0,427.0,22.7,30.0
2023-12-10 02:51:22,0.0,0.0,425.0,22.7,30.0
2023-12-10 03:01:21,0.0,0.0,419.0,22.8,30.0
2023-12-10 03:11:21,0.0,0.0,426.0,22.7,30.0
2023-12-10 03:21:21,0.0,0.0,421.0,22.7,30.0
2023-12-10 03:31:21,0.0,0.0,411.0,22.7,30.0
2023-12-10 03:41:21,0.0,0.0,425.0,22.8,30.0
2023-12-10 03:51:21,0.0,0.0,414.0,22.8,30.0
2023-12-10 04:01:21,0.0,0.0,422.0,22.7,30.0
2023-12-10 04:11:21,0.0,0.0,433.0,22.8,30.0
2023-12-10 04:21:21,0.0,0.0,419.0,22.7,30.0
2023-12-10 04:31:21,0.0,0.0,422.0,22.7,30.0
2023-12-10 04:41:21,0.0,0.0,425.0,22.7,30.0
2023-12-10 04:51:21,0.0,0.0,409.0,22.8,30.0
2023-12-10 05:01:21,0.0,0.0,412.0,22.7,30.0
2023-12-10 05:11:21,0.0,0.0,424.0,22.7,30.0
2023-12-10 05:21:21,0.0,0.0,420.0,22.7,30.0
2023-12-10 05:31:21,0.0,0.0,410.0,22.7,30.0
2023-12-10 05:41:21,0.0,0.0,411.0,22.7,30.0
2023-12-10 05:51:21,1.0,33.0,410.0,22.7,30.0
2023-12-10 06:01:21,0.0,33.0,418.0,22.7,30.0
2023-12-10 06:11:21,0.0,0.0,405.0,22.7,30.0
2023-12-10 06:21:21,0.0,0.0,416.0,22.8,30.0
2023-12-10 06:31:21,0.0,0.0,412.0,22.8,30.0
2023-12-10 06:41:21,0.0,0.0,412.0,22.8,31.0
2023-12-10 06:51:20,0.0,0.0,427.0,22.7,30.0
2023-12-10 07:01:20,0.0,0.0,436.0,22.7,31.0
2023-12-10 07:11:20,0.0,0.0,428.0,22.7,31.0
2023-12-10 07:21:20,0.0,0.0,422.0,22.7,31.0
2023-12-10 07:31:20,0.0,0.0,423.0,22.7,31.0
2023-12-10 07:41:20,0.0,0.0,421.0,22.7,31.0
2023-12-10 07:51:20,0.0,0.0,412.0,22.8,31.0
2023-12-10 08:01:20,0.0,0.0,415.0,22.7,31.0
2023-12-10 08:11:20,0.0,0.0,416.0,22.7,31.0
2023-12-10 08:21:20,0.0,0.0,415.0,22.7,31.0
2023-12-10 08:31:20,0.0,0.0,420.0,22.7,31.0
2023-12-10 08:41:20,0.0,0.0,412.0,22.7,31.0
2023-12-10 08:51:20,0.0,0.0,417.0,22.7,31.0
2023-12-10 09:01:20,0.0,3.0,412.0,22.7,31.0
2023-12-10 09:11:20,0.0,3.0,434.0,22.7,31.0
2023-12-10 09:21:20,0.0,3.0,410.0,22.7,31.0
2023-12-10 09:31:20,0.0,3.0,406.0,22.7,31.0
2023-12-10 09:41:20,1.0,3.0,426.0,22.7,31.0
2023-12-10 09:51:20,0.0,0.0,419.0,22.7,31.0
2023-12-10 10:01:20,0.0,0.0,418.0,22.7,31.0
2023-12-10 10:11:20,0.0,3.0,420.0,22.7,31.0
2023-12-10 10:21:20,0.0,3.0,413.0,22.7,31.0
2023-12-10 10:31:20,0.0,3.0,415.0,22.7,31.0
2023-12-10 10:41:20,0.0,3.0,422.0,22.7,31.0
2023-12-10 10:51:19,0.0,3.0,413.0,22.7,31.0
2023-12-10 11:01:19,0.0,3.0,403.0,22.7,31.0
2023-12-10 11:11:19,0.0,3.0,418.0,22.7,31.0
2023-12-10 11:21:19,0.0,3.0,418.0,22.7,31.0
2023-12-10 11:31:19,0.0,3.0,404.0,22.7,31.0
2023-12-10 11:41:19,0.0,3.0,406.0,22.7,31.0
2023-12-10 11:51:19,0.0,3.0,404.0,22.7,31.0
2023-12-10 12:01:19,0.0,0.0,406.0,22.7,31.0
2023-12-10 12:11:19,0.0,3.0,414.0,22.7,31.0
2023-12-10 12:21:19,0.0,3.0,424.0,22.7,31.0
2023-12-10 12:31:19,1.0,0.0,407.0,22.7,31.0
2023-12-10 12:41:19,0.0,3.0,402.0,22.7,31.0
2023-12-10 12:51:19,0.0,0.0,418.0,22.7,31.0
2023-12-10 13:01:19,0.0,0.0,425.0,22.7,31.0
2023-12-10 13:11:19,0.0,3.0,420.0,22.6,31.0
2023-12-10 13:21:19,0.0,3.0,414.0,22.6,31.0
2023-12-10 13:31:19,0.0,0.0,397.0,22.7,31.0
2023-12-10 13:41:19,0.0,0.0,427.0,22.7,31.0
2023-12-10 13:51:19,0.0,0.0,409.0,22.7,31.0
2023-12-10 14:01:19,0.0,0.0,411.0,22.7,31.0
2023-12-10 14:11:19,0.0,0.0,413.0,22.7,31.0
2023-12-10 14:21:19,0.0,0.0,407.0,22.7,31.0
2023-12-10 14:31:19,0.0,0.0,404.0,22.7,31.0
2023-12-10 14:41:18,0.0,0.0,411.0,22.7,31.0
2023-12-10 14:51:18,1.0,33.0,411.0,22.7,31.0
2023-12-10 15:01:18,0.0,37.0,423.0,22.6,31.0
2023-12-10 15:11:18,0.0,0.0,410.0,22.7,31.0
2023-12-10 15:21:18,0.0,0.0,422.0,22.7,31.0
2023-12-10 15:31:18,0.0,0.0,416.0,22.7,31.0
2023-12-10 15:41:18,0.0,0.0,403.0,22.7,31.0
2023-12-10 15:51:18,0.0,0.0,415.0,22.7,31.0
2023-12-10 16:01:18,0.0,0.0,404.0,22.7,31.0
2023-12-10 16:11:18,0.0,0.0,400.0,22.7,31.0
2023-12-10 16:21:18,0.0,0.0,412.0,22.7,31.0
2023-12-10 16:31:18,0.0,0.0,408.0,22.7,31.0
2023-12-10 16:41:18,0.0,0.0,403.0,22.7,31.0
2023-12-10 16:51:18,0.0,0.0,408.0,22.7,30.0
2023-12-10 17:01:18,0.0,0.0,397.0,22.7,31.0
2023-12-10 17:11:18,0.0,0.0,416.0,22.7,31.0
2023-12-10 17:21:18,0.0,0.0,405.0,22.7,30.0
2023-12-10 17:31:18,0.0,0.0,412.0,22.7,31.0
2023-12-10 17:41:18,0.0,0.0,398.0,22.7,31.0
2023-12-10 17:51:18,0.0,0.0,410.0,22.7,31.0
2023-12-10 18:01:18,0.0,0.0,404.0,22.7,30.0
2023-12-10 18:11:18,0.0,0.0,426.0,22.6,30.0
2023-12-10 18:21:18,0.0,33.0,421.0,22.7,31.0
2023-12-10 18:31:18,0.0,37.0,402.0,22.7,31.0
2023-12-10 18:41:18,0.0,0.0,401.0,22.7,30.0
2023-12-10 18:51:17,0.0,0.0,409.0,22.7,30.0
2023-12-10 19:01:17,0.0,0.0,403.0,22.7,30.0
2023-12-10 19:11:17,0.0,0.0,401.0,22.7,31.0
2023-12-10 19:21:17,0.0,0.0,404.0,22.7,30.0
2023-12-10 19:31:17,0.0,0.0,407.0,22.7,31.0
2023-12-10 19:41:17,0.0,0.0,405.0,22.7,30.0
2023-12-10 19:51:17,0.0,0.0,407.0,22.7,31.0
2023-12-10 20:01:17,0.0,0.0,399.0,22.7,30.0
2023-12-10 20:11:17,0.0,0.0,383.0,22.6,30.0
2023-12-10 20:21:17,0.0,0.0,407.0,22.7,30.0
2023-12-10 20:31:17,0.0,0.0,413.0,22.7,30.0
2023-12-10 20:41:17,0.0,0.0,409.0,22.6,30.0
2023-12-10 20:51:17,0.0,0.0,416.0,22.7,30.0
2023-12-10 21:01:17,0.0,0.0,404.0,22.7,30.0
2023-12-10 21:11:17,0.0,33.0,405.0,22.7,30.0
2023-12-10 21:21:17,0.0,37.0,398.0,22.7,30.0
2023-12-10 21:31:17,0.0,0.0,400.0,22.7,30.0
2023-12-10 21:41:17,0.0,0.0,403.0,22.6,30.0
2023-12-10 21:51:17,0.0,0.0,403.0,22.7,30.0
2023-12-10 22:01:17,0.0,0.0,402.0,22.7,30.0
2023-12-10 22:11:17,0.0,0.0,400.0,22.7,30.0
2023-12-10 22:21:17,0.0,0.0,403.0,22.7,30.0
2023-12-10 22:31:16,0.0,0.0,394.0,22.7,30.0
2023-12-10 22:41:16,0.0,0.0,393.0,22.7,30.0
2023-12-10 22:51:16,0.0,0.0,393.0,22.7,30.0
2023-12-10 23:01:16,0.0,0.0,398.0,22.6,30.0
2023-12-10 23:11:16,0.0,0.0,400.0,22.7,30.0
2023-12-10 23:21:16,0.0,0.0,397.0,22.7,30.0
2023-12-10 23:31:16,0.0,0.0,400.0,22.7,30.0
2023-12-10 23:41:16,0.0,0.0,398.0,22.7,30.0
2023-12-10 23:51:16,0.0,0.0,394.0,22.7,30.0
2023-12-11 00:01:16,0.0,0.0,403.0,22.7,30.0
2023-12-11 00:11:16,0.0,0.0,391.0,22.7,30.0
2023-12-11 00:21:16,0.0,0.0,404.0,22.6,30.0
2023-12-11 00:31:16,0.0,0.0,387.0,22.7,30.0
2023-12-11 00:41:16,0.0,0.0,379.0,22.7,30.0
2023-12-11 00:51:16,0.0,0.0,403.0,22.6,30.0
2023-12-11 01:01:16,0.0,0.0,383.0,22.6,30.0
2023-12-11 01:11:16,0.0,0.0,392.0,22.6,30.0
2023-12-11 01:21:16,0.0,0.0,392.0,22.7,30.0
2023-12-11 01:31:16,0.0,0.0,395.0,22.7,30.0
2023-12-11 01:41:16,0.0,0.0,382.0,22.6,30.0
2023-12-11 01:51:16,0.0,0.0,382.0,22.6,30.0
2023-12-11 02:01:16,0.0,0.0,413.0,22.7,30.0
2023-12-11 02:11:16,0.0,0.0,402.0,22.7,30.0
2023-12-11 02:21:15,0.0,0.0,405.0,22.6,30.0
2023-12-11 02:31:15,0.0,0.0,394.0,22.6,30.0
2023-12-11 02:41:16,0.0,0.0,400.0,22.6,30.0
2023-12-11 02:51:15,0.0,0.0,404.0,22.6,30.0
2023-12-11 03:01:15,0.0,0.0,405.0,22.6,30.0
2023-12-11 03:11:15,0.0,0.0,395.0,22.7,30.0
2023-12-11 03:21:15,0.0,0.0,401.0,22.7,30.0
2023-12-11 03:31:15,0.0,0.0,394.0,22.6,30.0
2023-12-11 03:41:15,0.0,0.0,387.0,22.6,30.0
2023-12-11 03:51:15,0.0,0.0,397.0,22.6,30.0
2023-12-11 04:01:15,0.0,0.0,392.0,22.7,30.0
2023-12-11 04:11:15,0.0,0.0,390.0,22.6,30.0
2023-12-11 04:21:15,0.0,0.0,405.0,22.6,30.0
2023-12-11 04:31:15,0.0,0.0,390.0,22.7,30.0
2023-12-11 04:41:15,0.0,0.0,396.0,22.7,30.0
2023-12-11 04:51:15,0.0,0.0,391.0,22.6,30.0
2023-12-11 05:01:15,0.0,0.0,377.0,22.6,30.0
2023-12-11 05:11:15,0.0,0.0,386.0,22.6,30.0
2023-12-11 05:21:15,0.0,0.0,409.0,22.6,30.0
2023-12-11 05:31:15,0.0,0.0,396.0,22.6,30.0
2023-12-11 05:41:15,0.0,0.0,395.0,22.6,30.0
2023-12-11 05:51:15,0.0,0.0,402.0,22.6,30.0
2023-12-11 06:01:15,0.0,0.0,386.0,22.6,31.0
2023-12-11 06:11:15,0.0,0.0,397.0,22.6,30.0
2023-12-11 06:21:14,1.0,23.0,393.0,22.6,30.0
2023-12-11 06:31:14,0.0,33.0,388.0,22.7,30.0
2023-12-11 06:41:14,0.0,0.0,392.0,22.7,31.0
2023-12-11 06:51:14,0.0,0.0,406.0,22.7,31.0
2023-12-11 07:01:14,0.0,0.0,401.0,22.6,31.0
2023-12-11 07:11:14,3.0,37.0,403.0,22.6,31.0
2023-12-11 07:21:14,0.0,37.0,405.0,22.7,31.0
2023-12-11 07:31:14,1.0,43.0,417.0,22.7,31.0
2023-12-11 07:41:14,0.0,40.0,445.0,22.6,31.0
2023-12-11 07:51:14,0.0,37.0,445.0,22.6,31.0
2023-12-11 08:01:14,0.0,37.0,440.0,22.6,31.0
2023-12-11 08:11:14,0.0,40.0,453.0,22.6,31.0
2023-12-11 08:21:14,2.0,40.0,452.0,22.7,32.0
2023-12-11 08:31:14,2.0,37.0,510.0,22.6,32.0
2023-12-11 08:41:14,3.0,37.0,530.0,22.6,32.0
2023-12-11 08:51:14,5.0,37.0,499.0,22.6,32.0
2023-12-11 09:01:14,0.0,37.0,532.0,22.6,32.0
2023-12-11 09:11:14,0.0,40.0,565.0,22.7,32.0
2023-12-11 09:21:14,0.0,40.0,570.0,22.6,33.0
2023-12-11 09:31:14,2.0,37.0,641.0,22.7,33.0
2023-12-11 09:41:14,1.0,37.0,636.0,22.7,34.0
2023-12-11 09:51:14,5.0,37.0,628.0,22.7,34.0
2023-12-11 10:01:14,4.0,40.0,676.0,22.6,34.0
2023-12-11 10:11:14,5.0,40.0,681.0,22.7,34.0
2023-12-11 10:21:13,0.0,40.0,682.0,22.7,34.0
2023-12-11 10:31:13,2.0,40.0,718.0,22.7,34.0
2023-12-11 10:41:14,6.0,40.0,763.0,22.7,35.0
2023-12-11 10:51:13,2.0,40.0,754.0,22.7,34.0
2023-12-11 11:01:13,2.0,40.0,785.0,22.7,34.0
2023-12-11 11:11:13,4.0,43.0,814.0,22.7,35.0
2023-12-11 11:21:13,2.0,43.0,866.0,22.7,35.0
2023-12-11 11:31:13,3.0,40.0,848.0,22.7,35.0
2023-12-11 11:41:13,0.0,40.0,869.0,22.7,35.0
2023-12-11 11:51:13,3.0,40.0,974.0,22.7,35.0
2023-12-11 12:01:13,6.0,40.0,945.0,22.7,35.0
2023-12-11 12:11:13,0.0,40.0,1039.0,22.7,36.0
2023-12-11 12:21:13,2.0,40.0,1047.0,22.7,36.0
2023-12-11 12:31:13,2.0,43.0,1042.0,22.8,36.0
2023-12-11 12:41:13,3.0,40.0,963.0,22.8,35.0
2023-12-11 12:51:13,4.0,40.0,1051.0,22.8,36.0
2023-12-11 13:01:13,3.0,40.0,1084.0,22.8,36.0
2023-12-11 13:11:13,5.0,40.0,1104.0,22.8,36.0
2023-12-11 13:21:13,3.0,37.0,977.0,22.8,36.0
2023-12-11 13:31:13,1.0,40.0,836.0,22.7,35.0
2023-12-11 13:41:13,0.0,40.0,822.0,22.7,34.0
2023-12-11 13:51:13,1.0,37.0,843.0,22.7,34.0
2023-12-11 14:01:13,0.0,40.0,858.0,22.8,34.0
2023-12-11 14:11:13,5.0,40.0,908.0,22.8,34.0
2023-12-11 14:21:12,0.0,40.0,917.0,22.8,34.0
2023-12-11 14:31:12,1.0,40.0,926.0,22.8,34.0
2023-12-11 14:41:12,1.0,40.0,932.0,22.8,34.0
2023-12-11 14:51:12,12.0,40.0,977.0,22.8,35.0
2023-12-11 15:01:12,2.0,40.0,970.0,22.8,34.0
2023-12-11 15:11:12,2.0,40.0,966.0,22.8,34.0
2023-12-11 15:21:12,2.0,40.0,902.0,22.8,34.0
2023-12-11 15:31:12,0.0,40.0,874.0,22.8,34.0
2023-12-11 15:41:12,0.0,40.0,848.0,22.8,34.0
2023-12-11 15:51:12,0.0,40.0,805.0,22.8,34.0
2023-12-11 16:01:12,0.0,40.0,790.0,22.9,34.0
2023-12-11 16:11:12,0.0,40.0,782.0,22.9,33.0
2023-12-11 16:21:12,0.0,40.0,752.0,22.8,33.0
2023-12-11 16:31:12,2.0,40.0,730.0,22.9,33.0
2023-12-11 16:41:12,0.0,40.0,759.0,22.9,33.0
2023-12-11 16:51:12,0.0,40.0,808.0,22.9,33.0
2023-12-11 17:01:12,0.0,40.0,833.0,22.9,33.0
2023-12-11 17:11:12,0.0,40.0,842.0,22.9,33.0
2023-12-11 17:21:12,3.0,40.0,880.0,22.9,34.0
2023-12-11 17:31:12,2.0,6.0,890.0,22.9,33.0
2023-12-11 17:41:12,0.0,30.0,882.0,23.0,34.0
2023-12-11 17:51:12,0.0,40.0,852.0,23.0,34.0
2023-12-11 18:01:11,1.0,6.0,820.0,23.0,33.0
2023-12-11 18:11:12,0.0,37.0,824.0,23.0,33.0
2023-12-11 18:21:11,1.0,37.0,807.0,23.0,33.0
2023-12-11 18:31:11,0.0,6.0,795.0,23.0,33.0
2023-12-11 18:41:11,0.0,6.0,770.0,23.0,33.0
2023-12-11 18:51:11,1.0,6.0,770.0,23.0,33.0
2023-12-11 19:01:11,0.0,6.0,772.0,23.0,33.0
2023-12-11 19:11:11,0.0,6.0,731.0,23.0,33.0
2023-12-11 19:21:11,0.0,6.0,731.0,23.0,33.0
2023-12-11 19:31:11,0.0,6.0,735.0,23.0,33.0
2023-12-11 19:41:11,0.0,6.0,702.0,23.0,33.0
2023-12-11 19:51:11,0.0,6.0,680.0,23.0,33.0
2023-12-11 20:01:11,0.0,6.0,682.0,23.0,33.0
2023-12-11 20:11:11,0.0,6.0,672.0,23.0,33.0
2023-12-11 20:21:11,0.0,6.0,666.0,23.0,32.0
2023-12-11 20:31:11,0.0,6.0,665.0,23.0,33.0
2023-12-11 20:41:11,0.0,6.0,659.0,23.0,32.0
2023-12-11 20:51:11,0.0,6.0,676.0,23.0,32.0
2023-12-11 21:01:11,0.0,6.0,649.0,23.0,32.0
2023-12-11 21:11:11,0.0,6.0,651.0,23.0,32.0
2023-12-11 21:21:11,0.0,6.0,654.0,23.0,32.0
2023-12-11 21:31:11,0.0,6.0,642.0,23.0,32.0
2023-12-11 21:41:11,0.0,6.0,617.0,23.0,32.0
2023-12-11 21:51:11,0.0,6.0,615.0,23.0,32.0
2023-12-11 22:01:10,0.0,6.0,606.0,23.0,32.0
2023-12-11 22:11:10,0.0,6.0,608.0,23.1,32.0
2023-12-11 22:21:10,0.0,6.0,583.0,23.1,32.0
2023-12-11 22:31:10,0.0,6.0,603.0,23.0,32.0
2023-12-11 22:41:10,0.0,6.0,590.0,23.0,32.0
2023-12-11 22:51:10,0.0,6.0,578.0,23.0,32.0
2023-12-11 23:01:10,0.0,6.0,573.0,23.1,32.0
2023-12-11 23:11:10,0.0,6.0,572.0,23.1,32.0
2023-12-11 23:21:10,0.0,6.0,573.0,23.1,32.0
2023-12-11 23:31:10,0.0,6.0,579.0,23.1,32.0
2023-12-11 23:41:10,0.0,6.0,566.0,23.1,32.0
2023-12-11 23:51:10,0.0,6.0,562.0,23.0,32.0
2023-12-12 00:01:10,0.0,6.0,556.0,23.1,31.0
2023-12-12 00:11:10,0.0,6.0,563.0,23.1,31.0
2023-12-12 00:21:10,0.0,6.0,554.0,23.1,31.0
2023-12-12 00:31:10,1.0,0.0,559.0,23.0,31.0
2023-12-12 00:41:10,0.0,0.0,544.0,23.1,31.0
2023-12-12 00:51:10,0.0,0.0,527.0,23.1,31.0
2023-12-12 01:01:10,0.0,0.0,537.0,23.1,31.0
2023-12-12 01:11:10,0.0,0.0,533.0,23.1,31.0
2023-12-12 01:21:10,0.0,0.0,521.0,23.1,31.0
2023-12-12 01:31:10,0.0,0.0,518.0,23.1,31.0
2023-12-12 01:41:10,0.0,0.0,521.0,23.1,31.0
2023-12-12 01:51:09,0.0,0.0,515.0,23.1,31.0
2023-12-12 02:01:09,0.0,0.0,518.0,23.1,31.0
2023-12-12 02:11:09,0.0,0.0,492.0,23.1,31.0
2023-12-12 02:21:09,0.0,0.0,498.0,23.1,31.0
2023-12-12 02:31:09,0.0,0.0,498.0,23.1,31.0
2023-12-12 02:41:09,0.0,0.0,503.0,23.1,31.0
2023-12-12 02:51:09,1.0,33.0,511.0,23.1,31.0
2023-12-12 03:01:10,0.0,33.0,528.0,23.1,31.0
2023-12-12 03:11:09,0.0,0.0,503.0,23.1,31.0
2023-12-12 03:21:09,0.0,0.0,509.0,23.1,31.0
2023-12-12 03:31:09,0.0,0.0,510.0,23.2,31.0
2023-12-12 03:41:09,0.0,0.0,504.0,23.2,31.0
2023-12-12 03:51:09,0.0,0.0,493.0,23.1,31.0
2023-12-12 04:01:09,2.0,33.0,481.0,23.2,31.0
2023-12-12 04:11:09,0.0,33.0,512.0,23.2,31.0
2023-12-12 04:21:09,0.0,0.0,499.0,23.1,31.0
2023-12-12 04:31:09,0.0,0.0,497.0,23.2,31.0
2023-12-12 04:41:09,0.0,0.0,496.0,23.1,31.0
2023-12-12 04:51:09,0.0,0.0,494.0,23.2,31.0
2023-12-12 05:01:09,0.0,0.0,503.0,23.2,31.0
2023-12-12 05:11:09,0.0,0.0,488.0,23.2,31.0
2023-12-12 05:21:09,0.0,0.0,478.0,23.2,30.0
2023-12-12 05:31:09,0.0,0.0,482.0,23.2,30.0
2023-12-12 05:41:08,0.0,0.0,477.0,23.1,30.0
2023-12-12 05:51:08,0.0,0.0,470.0,23.2,30.0
2023-12-12 06:01:08,0.0,0.0,479.0,23.2,30.0
2023-12-12 06:11:08,0.0,0.0,456.0,23.2,30.0
2023-12-12 06:21:08,0.0,0.0,469.0,23.2,30.0
2023-12-12 06:31:08,1.0,33.0,487.0,23.2,30.0
2023-12-12 06:41:08,0.0,33.0,486.0,23.2,30.0
2023-12-12 06:51:08,0.0,0.0,474.0,23.2,30.0
2023-12-12 07:01:08,0.0,0.0,480.0,23.2,30.0
2023-12-12 07:11:08,0.0,0.0,480.0,23.2,30.0
2023-12-12 07:21:08,0.0,0.0,494.0,23.1,30.0
2023-12-12 07:31:08,1.0,33.0,491.0,23.1,30.0
2023-12-12 07:41:08,1.0,33.0,488.0,23.2,30.0
2023-12-12 07:51:08,2.0,33.0,537.0,23.2,31.0
2023-12-12 08:01:08,2.0,33.0,574.0,23.1,31.0
2023-12-12 08:11:08,0.0,33.0,580.0,23.1,31.0
2023-12-12 08:21:08,4.0,40.0,606.0,23.2,32.0
2023-12-12 08:31:08,2.0,40.0,599.0,23.1,32.0
2023-12-12 08:41:08,0.0,40.0,632.0,23.1,32.0
2023-12-12 08:51:08,0.0,40.0,622.0,23.2,32.0
2023-12-12 09:01:08,0.0,40.0,646.0,23.2,32.0
2023-12-12 09:11:08,3.0,40.0,652.0,23.2,32.0
2023-12-12 09:21:08,0.0,40.0,667.0,23.2,32.0
2023-12-12 09:31:08,0.0,40.0,656.0,23.2,32.0
2023-12-12 09:41:07,1.0,40.0,641.0,23.2,31.0
2023-12-12 09:51:07,0.0,40.0,682.0,23.2,31.0
2023-12-12 10:01:07,1.0,43.0,707.0,23.2,32.0
2023-12-12 10:11:07,0.0,40.0,739.0,23.2,32.0
2023-12-12 10:21:08,0.0,43.0,728.0,23.2,32.0
2023-12-12 10:31:08,0.0,43.0,733.0,23.2,32.0
2023-12-12 10:41:07,3.0,43.0,727.0,23.2,32.0
2023-12-12 10:51:07,1.0,43.0,751.0,23.2,32.0
2023-12-12 11:01:07,1.0,43.0,720.0,23.2,32.0
2023-12-12 11:11:07,2.0,40.0,750.0,23.2,32.0
2023-12-12 11:21:07,0.0,43.0,745.0,23.2,32.0
2023-12-12 11:31:07,1.0,43.0,790.0,23.2,32.0
2023-12-12 11:41:07,0.0,40.0,808.0,23.3,32.0
2023-12-12 11:51:07,4.0,43.0,836.0,23.2,33.0
2023-12-12 12:01:07,5.0,43.0,834.0,23.2,33.0
2023-12-12 12:11:07,0.0,43.0,821.0,23.2,33.0
2023-12-12 12:21:07,0.0,43.0,791.0,23.2,33.0
2023-12-12 12:31:07,3.0,40.0,814.0,23.2,32.0
2023-12-12 12:41:07,2.0,40.0,795.0,23.3,32.0
2023-12-12 12:51:07,1.0,40.0,798.0,23.2,32.0
2023-12-12 13:01:07,2.0,37.0,834.0,23.2,32.0
2023-12-12 13:11:07,2.0,37.0,838.0,23.2,32.0
2023-12-12 13:21:07,0.0,33.0,737.0,23.2,31.0
2023-12-12 13:31:06,1.0,33.0,685.0,23.2,30.0
2023-12-12 13:41:06,3.0,33.0,664.0,23.1,29.0
2023-12-12 13:51:06,0.0,37.0,664.0,23.2,30.0
2023-12-12 14:01:06,0.0,33.0,665.0,23.2,30.0
2023-12-12 14:11:06,0.0,33.0,703.0,23.2,30.0
2023-12-12 14:21:06,0.0,37.0,715.0,23.1,30.0
2023-12-12 14:31:06,3.0,37.0,810.0,23.2,31.0
2023-12-12 14:41:06,1.0,33.0,854.0,23.2,31.0
2023-12-12 14:51:06,1.0,37.0,881.0,23.2,31.0
2023-12-12 15:01:06,2.0,33.0,881.0,23.2,32.0
2023-12-12 15:11:06,2.0,33.0,889.0,23.2,32.0
2023-12-12 15:21:06,1.0,37.0,855.0,23.2,32.0
2023-12-12 15:31:06,4.0,33.0,860.0,23.2,32.0
2023-12-12 15:41:06,2.0,33.0,843.0,23.2,32.0
2023-12-12 15:51:06,1.0,33.0,842.0,23.2,32.0
2023-12-12 16:01:06,2.0,37.0,844.0,23.2,32.0
2023-12-12 16:11:06,0.0,40.0,864.0,23.2,32.0
2023-12-12 16:21:06,0.0,40.0,864.0,23.2,32.0
2023-12-12 16:31:06,0.0,40.0,899.0,23.2,32.0
2023-12-12 16:41:06,4.0,40.0,837.0,23.3,32.0
2023-12-12 16:51:06,0.0,40.0,837.0,23.3,32.0
2023-12-12 17:01:06,0.0,40.0,839.0,23.2,32.0
2023-12-12 17:11:06,1.0,40.0,798.0,23.3,32.0
2023-12-12 17:21:06,1.0,37.0,778.0,23.3,32.0
2023-12-12 17:31:05,0.0,6.0,758.0,23.3,31.0
2023-12-12 17:41:05,0.0,6.0,734.0,23.3,31.0
2023-12-12 17:51:05,0.0,6.0,703.0,23.3,31.0
2023-12-12 18:01:05,0.0,6.0,680.0,23.3,31.0
2023-12-12 18:11:05,0.0,6.0,671.0,23.3,31.0
2023-12-12 18:21:05,0.0,6.0,640.0,23.3,30.0
2023-12-12 18:31:05,0.0,6.0,631.0,23.3,30.0
2023-12-12 18:41:05,0.0,6.0,606.0,23.3,30.0
2023-12-12 18:51:05,0.0,6.0,597.0,23.2,30.0
2023-12-12 19:01:05,0.0,6.0,585.0,23.3,30.0
2023-12-12 19:11:05,0.0,6.0,591.0,23.3,30.0
2023-12-12 19:21:05,0.0,6.0,586.0,23.3,30.0
2023-12-12 19:31:05,0.0,6.0,575.0,23.2,30.0
2023-12-12 19:41:05,0.0,37.0,553.0,23.3,30.0
2023-12-12 19:51:05,0.0,37.0,580.0,23.3,30.0
2023-12-12 20:01:05,0.0,6.0,573.0,23.2,30.0
2023-12-12 20:11:05,1.0,26.0,562.0,23.3,30.0
2023-12-12 20:21:05,1.0,37.0,553.0,23.3,30.0
2023-12-12 20:31:05,0.0,6.0,548.0,23.3,30.0
2023-12-12 20:41:05,0.0,6.0,555.0,23.3,29.0
2023-12-12 20:51:05,0.0,6.0,524.0,23.3,30.0
2023-12-12 21:01:05,0.0,6.0,550.0,23.3,29.0
2023-12-12 21:11:05,0.0,6.0,531.0,23.3,29.0
2023-12-12 21:21:05,0.0,6.0,551.0,23.3,29.0
2023-12-12 21:31:04,0.0,6.0,536.0,23.3,29.0
2023-12-12 21:41:04,0.0,6.0,522.0,23.3,29.0
2023-12-12 21:51:05,0.0,6.0,528.0,23.3,29.0
2023-12-12 22:01:04,0.0,6.0,550.0,23.3,29.0
2023-12-12 22:11:04,0.0,6.0,523.0,23.3,29.0
2023-12-12 22:21:04,0.0,6.0,506.0,23.3,29.0
2023-12-12 22:31:04,0.0,6.0,503.0,23.3,29.0
2023-12-12 22:41:04,0.0,6.0,505.0,23.3,29.0
2023-12-12 22:51:04,0.0,6.0,494.0,23.3,29.0
2023-12-12 23:01:04,0.0,6.0,515.0,23.2,29.0
2023-12-12 23:11:04,0.0,6.0,508.0,23.3,29.0
2023-12-12 23:21:04,0.0,6.0,501.0,23.2,29.0
2023-12-12 23:31:04,0.0,6.0,493.0,23.3,29.0
2023-12-12 23:41:04,0.0,6.0,492.0,23.4,29.0
2023-12-12 23:51:04,0.0,6.0,511.0,23.3,29.0
2023-12-13 00:01:04,0.0,6.0,484.0,23.3,29.0
2023-12-13 00:11:04,1.0,0.0,483.0,23.3,29.0
2023-12-13 00:21:04,0.0,0.0,481.0,23.3,29.0
2023-12-13 00:31:04,0.0,0.0,498.0,23.3,29.0
2023-12-13 00:41:04,0.0,0.0,487.0,23.3,29.0
2023-12-13 00:51:04,0.0,0.0,476.0,23.3,29.0
2023-12-13 01:01:04,0.0,0.0,484.0,23.3,29.0
2023-12-13 01:11:04,0.0,0.0,466.0,23.3,29.0
2023-12-13 01:21:03,0.0,0.0,473.0,23.3,29.0
2023-12-13 01:31:03,0.0,0.0,475.0,23.3,29.0
2023-12-13 01:41:03,0.0,0.0,482.0,23.3,29.0
2023-12-13 01:51:03,0.0,0.0,460.0,23.3,29.0
2023-12-13 02:01:03,0.0,0.0,470.0,23.3,29.0
2023-12-13 02:11:03,0.0,0.0,476.0,23.3,29.0
2023-12-13 02:21:03,0.0,0.0,476.0,23.3,28.0
2023-12-13 02:31:03,0.0,0.0,459.0,23.3,28.0
2023-12-13 02:41:03,0.0,0.0,473.0,23.3,28.0
2023-12-13 02:51:03,0.0,0.0,456.0,23.3,28.0
2023-12-13 03:01:03,0.0,0.0,469.0,23.3,28.0
2023-12-13 03:11:03,1.0,33.0,467.0,23.3,28.0
2023-12-13 03:21:03,0.0,33.0,462.0,23.3,29.0
2023-12-13 03:31:03,0.0,0.0,462.0,23.3,29.0
2023-12-13 03:41:03,0.0,0.0,459.0,23.3,29.0
2023-12-13 03:51:03,0.0,0.0,468.0,23.4,29.0
2023-12-13 04:01:03,0.0,0.0,472.0,23.3,29.0
2023-12-13 04:11:03,2.0,33.0,470.0,23.3,29.0
2023-12-13 04:21:03,0.0,33.0,470.0,23.3,29.0
2023-12-13 04:31:03,0.0,0.0,455.0,23.3,29.0
2023-12-13 04:41:03,0.0,0.0,453.0,23.3,29.0
2023-12-13 04:51:03,0.0,0.0,461.0,23.3,29.0
2023-12-13 05:01:03,0.0,0.0,467.0,23.3,29.0
2023-12-13 05:11:02,0.0,0.0,446.0,23.3,29.0
2023-12-13 05:21:03,0.0,0.0,458.0,23.4,29.0
2023-12-13 05:31:02,0.0,0.0,449.0,23.3,28.0
2023-12-13 05:41:02,0.0,0.0,440.0,23.4,28.0
2023-12-13 05:51:02,0.0,0.0,434.0,23.3,28.0
2023-12-13 06:01:02,0.0,0.0,449.0,23.4,28.0
2023-12-13 06:11:02,0.0,0.0,457.0,23.3,28.0
2023-12-13 06:21:02,0.0,0.0,440.0,23.3,28.0
2023-12-13 06:31:02,0.0,0.0,437.0,23.3,28.0
2023-12-13 06:41:02,0.0,0.0,453.0,23.3,28.0
2023-12-13 06:51:02,0.0,0.0,440.0,23.3,28.0
2023-12-13 07:01:02,0.0,0.0,449.0,23.3,28.0
2023-12-13 07:11:02,0.0,0.0,465.0,23.3,28.0
2023-12-13 07:21:02,0.0,0.0,455.0,23.3,28.0
2023-12-13 07:31:02,0.0,0.0,453.0,23.3,28.0
2023-12-13 07:41:02,4.0,33.0,474.0,23.2,29.0
2023-12-13 07:51:02,0.0,33.0,485.0,23.3,29.0
2023-12-13 08:01:02,2.0,33.0,564.0,23.2,30.0
2023-12-13 08:11:02,1.0,33.0,550.0,23.2,30.0
2023-12-13 08:21:02,5.0,37.0,568.0,23.2,30.0
2023-12-13 08:31:02,1.0,37.0,578.0,23.2,30.0
2023-12-13 08:41:02,2.0,37.0,614.0,23.2,30.0
2023-12-13 08:51:02,0.0,33.0,618.0,23.2,30.0
2023-12-13 09:01:02,2.0,37.0,612.0,23.2,30.0
2023-12-13 09:11:01,0.0,37.0,625.0,23.2,30.0
2023-12-13 09:21:01,0.0,37.0,622.0,23.2,31.0
2023-12-13 09:31:01,0.0,37.0,645.0,23.2,31.0
2023-12-13 09:41:01,0.0,37.0,646.0,23.2,31.0
2023-12-13 09:51:01,0.0,37.0,667.0,23.2,31.0
2023-12-13 10:01:01,4.0,37.0,654.0,23.2,31.0
2023-12-13 10:11:01,3.0,37.0,661.0,23.2,31.0
2023-12-13 10:21:01,0.0,37.0,713.0,23.3,32.0
2023-12-13 10:31:01,1.0,37.0,703.0,23.3,31.0
2023-12-13 10:41:01,1.0,37.0,690.0,23.3,31.0
2023-12-13 10:51:01,11.0,37.0,771.0,23.2,31.0
2023-12-13 11:01:01,1.0,37.0,803.0,23.2,32.0
2023-12-13 11:11:01,2.0,40.0,765.0,23.2,31.0
2023-12-13 11:21:01,10.0,40.0,842.0,23.2,32.0
2023-12-13 11:31:01,1.0,40.0,899.0,23.2,32.0
2023-12-13 11:41:01,8.0,37.0,770.0,23.2,30.0
2023-12-13 11:51:01,1.0,40.0,765.0,23.2,30.0
2023-12-13 12:01:01,4.0,37.0,813.0,23.2,30.0
2023-12-13 12:11:01,0.0,37.0,763.0,23.2,30.0
2023-12-13 12:21:01,2.0,37.0,770.0,23.2,30.0
2023-12-13 12:31:01,3.0,40.0,774.0,23.2,30.0
2023-12-13 12:41:01,7.0,37.0,790.0,23.2,30.0
2023-12-13 12:51:01,1.0,37.0,773.0,23.2,30.0
2023-12-13 13:01:00,5.0,37.0,815.0,23.2,30.0
2023-12-13 13:11:00,2.0,37.0,807.0,23.2,30.0
2023-12-13 13:21:01,9.0,37.0,802.0,23.3,30.0
2023-12-13 13:31:00,0.0,37.0,793.0,23.3,30.0
2023-12-13 13:41:00,1.0,37.0,844.0,23.3,30.0
2023-12-13 13:51:00,7.0,37.0,818.0,23.3,30.0
2023-12-13 14:01:00,2.0,37.0,858.0,23.3,31.0
2023-12-13 14:11:00,4.0,37.0,903.0,23.3,30.0
2023-12-13 14:21:00,1.0,37.0,917.0,23.3,30.0
2023-12-13 14:31:00,5.0,37.0,919.0,23.3,31.0
2023-12-13 14:41:00,0.0,37.0,942.0,23.3,31.0
2023-12-13 14:51:00,0.0,37.0,937.0,23.3,31.0
2023-12-13 15:01:00,1.0,37.0,916.0,23.3,31.0
2023-12-13 15:11:00,6.0,40.0,942.0,23.3,31.0
2023-12-13 15:21:00,1.0,40.0,852.0,23.3,30.0
2023-12-13 15:31:00,5.0,40.0,915.0,23.3,31.0
2023-12-13 15:41:00,6.0,40.0,963.0,23.3,31.0
2023-12-13 15:51:00,0.0,40.0,932.0,23.3,31.0
2023-12-13 16:01:00,4.0,40.0,967.0,23.2,31.0
2023-12-13 16:11:00,0.0,40.0,1000.0,23.2,31.0
2023-12-13 16:21:00,2.0,40.0,979.0,23.2,31.0
2023-12-13 16:31:00,2.0,40.0,952.0,23.3,31.0
2023-12-13 16:41:00,1.0,40.0,953.0,23.3,31.0
2023-12-13 16:50:59,2.0,40.0,915.0,23.3,31.0
2023-12-13 17:00:59,1.0,40.0,929.0,23.3,31.0
2023-12-13 17:10:59,0.0,40.0,923.0,23.3,31.0
2023-12-13 17:20:59,0.0,40.0,869.0,23.3,30.0
2023-12-13 17:30:59,0.0,6.0,782.0,23.3,30.0
2023-12-13 17:40:59,1.0,6.0,799.0,23.3,29.0
2023-12-13 17:50:59,4.0,30.0,1161.0,23.2,32.0
2023-12-13 18:00:59,3.0,40.0,1000.0,23.2,31.0
2023-12-13 18:10:59,0.0,10.0,1017.0,23.2,31.0
2023-12-13 18:20:59,0.0,10.0,972.0,23.3,32.0
2023-12-13 18:30:59,0.0,10.0,833.0,23.2,30.0
2023-12-13 18:40:59,2.0,10.0,906.0,23.2,30.0
2023-12-13 18:50:59,0.0,10.0,877.0,23.3,31.0
2023-12-13 19:00:59,0.0,10.0,867.0,23.2,31.0
2023-12-13 19:10:59,0.0,6.0,803.0,23.2,30.0
2023-12-13 19:20:59,0.0,3.0,730.0,23.2,30.0
2023-12-13 19:30:59,0.0,3.0,738.0,23.2,29.0
2023-12-13 19:40:59,0.0,3.0,693.0,23.3,29.0
2023-12-13 19:50:59,0.0,3.0,659.0,23.2,29.0
2023-12-13 20:00:59,0.0,3.0,648.0,23.3,29.0
2023-12-13 20:10:59,0.0,3.0,612.0,23.3,28.0
2023-12-13 20:20:59,0.0,3.0,596.0,23.2,28.0
2023-12-13 20:30:59,0.0,3.0,605.0,23.3,28.0
2023-12-13 20:40:59,0.0,3.0,611.0,23.2,28.0
2023-12-13 20:50:58,2.0,3.0,589.0,23.3,28.0
2023-12-13 21:00:58,0.0,3.0,597.0,23.3,28.0
2023-12-13 21:10:58,0.0,3.0,589.0,23.3,28.0
2023-12-13 21:20:58,0.0,3.0,584.0,23.2,28.0
2023-12-13 21:30:58,0.0,3.0,562.0,23.3,28.0
2023-12-13 21:40:58,1.0,3.0,526.0,23.3,28.0
2023-12-13 21:50:58,0.0,3.0,546.0,23.3,28.0
2023-12-13 22:00:58,0.0,3.0,535.0,23.3,28.0
2023-12-13 22:10:58,0.0,3.0,528.0,23.2,28.0
2023-12-13 22:20:58,0.0,3.0,511.0,23.3,28.0
2023-12-13 22:30:58,0.0,3.0,511.0,23.2,28.0
2023-12-13 22:40:58,0.0,3.0,499.0,23.3,28.0
2023-12-13 22:50:58,0.0,3.0,531.0,23.2,28.0
2023-12-13 23:00:58,0.0,3.0,500.0,23.2,28.0
2023-12-13 23:10:58,0.0,3.0,521.0,23.2,28.0
2023-12-13 23:20:58,2.0,3.0,534.0,23.2,28.0
2023-12-13 23:30:58,0.0,3.0,526.0,23.2,28.0
2023-12-13 23:40:58,0.0,3.0,517.0,23.2,28.0
2023-12-13 23:50:58,0.0,3.0,508.0,23.2,28.0
2023-12-14 00:00:58,0.0,3.0,502.0,23.2,28.0
2023-12-14 00:10:58,0.0,3.0,483.0,23.2,27.0
2023-12-14 00:20:58,0.0,3.0,481.0,23.3,27.0
2023-12-14 00:30:58,0.0,3.0,470.0,23.2,27.0
2023-12-14 00:40:57,0.0,3.0,473.0,23.3,27.0
2023-12-14 00:50:57,0.0,3.0,487.0,23.3,27.0
2023-12-14 01:00:57,0.0,3.0,485.0,23.3,27.0
2023-12-14 01:10:57,0.0,3.0,483.0,23.2,27.0
2023-12-14 01:20:57,0.0,3.0,463.0,23.3,27.0
2023-12-14 01:30:57,0.0,3.0,475.0,23.3,27.0
2023-12-14 01:40:57,0.0,3.0,464.0,23.2,27.0
2023-12-14 01:50:57,0.0,3.0,461.0,23.3,27.0
2023-12-14 02:00:57,0.0,3.0,477.0,23.3,27.0
2023-12-14 02:10:57,0.0,3.0,451.0,23.3,27.0
2023-12-14 02:20:57,0.0,3.0,455.0,23.2,27.0
2023-12-14 02:30:57,0.0,3.0,467.0,23.2,27.0
2023-12-14 02:40:57,0.0,3.0,461.0,23.3,27.0
2023-12-14 02:50:57,0.0,3.0,463.0,23.2,27.0
2023-12-14 03:00:57,1.0,16.0,466.0,23.2,27.0
2023-12-14 03:10:57,1.0,37.0,456.0,23.2,27.0
2023-12-14 03:20:57,0.0,3.0,454.0,23.3,27.0
2023-12-14 03:30:57,0.0,3.0,468.0,23.2,27.0
2023-12-14 03:40:57,0.0,3.0,441.0,23.3,27.0
2023-12-14 03:50:57,0.0,3.0,425.0,23.2,26.0
2023-12-14 04:00:57,0.0,3.0,426.0,23.2,26.0
2023-12-14 04:10:57,1.0,37.0,469.0,23.3,27.0
2023-12-14 04:20:57,0.0,37.0,447.0,23.3,27.0
2023-12-14 04:30:57,0.0,3.0,429.0,23.4,26.0
2023-12-14 04:40:56,0.0,3.0,425.0,23.3,26.0
2023-12-14 04:50:56,0.0,3.0,430.0,23.3,26.0
2023-12-14 05:00:56,0.0,3.0,428.0,23.3,26.0
2023-12-14 05:10:56,0.0,3.0,425.0,23.3,26.0
2023-12-14 05:20:56,0.0,3.0,432.0,23.3,26.0
2023-12-14 05:30:56,0.0,3.0,434.0,23.3,26.0
2023-12-14 05:40:56,0.0,3.0,432.0,23.3,26.0
2023-12-14 05:50:56,0.0,3.0,428.0,23.3,26.0
2023-12-14 06:00:56,0.0,3.0,430.0,23.3,26.0
2023-12-14 06:10:56,0.0,3.0,425.0,23.3,26.0
2023-12-14 06:20:56,1.0,37.0,434.0,23.3,26.0
2023-12-14 06:30:56,0.0,37.0,450.0,23.3,27.0
2023-12-14 06:40:56,0.0,3.0,430.0,23.3,27.0
2023-12-14 06:50:56,0.0,37.0,445.0,23.3,27.0
2023-12-14 07:00:56,0.0,37.0,442.0,23.3,27.0
2023-12-14 07:10:56,3.0,37.0,463.0,23.3,27.0
2023-12-14 07:20:56,1.0,37.0,477.0,23.2,28.0
2023-12-14 07:30:56,0.0,37.0,507.0,23.3,28.0
2023-12-14 07:40:56,1.0,43.0,537.0,23.3,29.0
2023-12-14 07:50:56,1.0,40.0,571.0,23.4,30.0
2023-12-14 08:00:56,5.0,40.0,624.0,23.3,30.0
2023-12-14 08:10:56,0.0,40.0,623.0,23.4,30.0
2023-12-14 08:20:56,14.0,40.0,774.0,23.4,31.0
2023-12-14 08:30:55,1.0,47.0,695.0,23.4,31.0
2023-12-14 08:40:55,6.0,40.0,688.0,23.4,31.0
2023-12-14 08:50:55,13.0,47.0,717.0,23.3,31.0
2023-12-14 09:00:55,7.0,47.0,764.0,23.4,31.0
2023-12-14 09:10:55,1.0,50.0,789.0,23.4,31.0
2023-12-14 09:20:55,4.0,50.0,818.0,23.4,31.0
2023-12-14 09:30:55,1.0,50.0,809.0,23.4,31.0
2023-12-14 09:40:55,2.0,47.0,868.0,23.4,31.0
2023-12-14 09:50:55,2.0,47.0,898.0,23.4,31.0
2023-12-14 10:00:55,8.0,43.0,972.0,23.4,32.0
2023-12-14 10:10:55,8.0,40.0,1001.0,23.3,32.0
2023-12-14 10:20:55,3.0,43.0,1101.0,23.4,32.0
2023-12-14 10:30:55,6.0,40.0,1254.0,23.4,33.0
2023-12-14 10:40:55,6.0,47.0,1154.0,23.4,33.0
2023-12-14 10:50:55,7.0,43.0,1181.0,23.3,33.0
2023-12-14 11:00:55,3.0,43.0,1074.0,23.3,32.0
2023-12-14 11:10:55,8.0,47.0,1110.0,23.3,32.0
2023-12-14 11:20:55,3.0,47.0,1102.0,23.3,31.0
2023-12-14 11:30:55,6.0,43.0,1190.0,23.3,32.0
2023-12-14 11:40:55,2.0,43.0,1107.0,23.3,31.0
2023-12-14 11:50:55,2.0,43.0,1116.0,23.3,31.0
2023-12-14 12:00:55,4.0,40.0,1295.0,23.3,32.0
2023-12-14 12:10:55,3.0,40.0,1169.0,23.3,31.0
2023-12-14 12:20:54,10.0,40.0,1120.0,23.4,31.0
2023-12-14 12:30:54,2.0,40.0,1119.0,23.3,31.0
2023-12-14 12:40:54,12.0,40.0,1055.0,23.3,30.0
2023-12-14 12:50:54,1.0,40.0,1098.0,23.3,31.0
2023-12-14 13:00:54,5.0,40.0,1047.0,23.3,30.0
2023-12-14 13:10:54,12.0,40.0,1230.0,23.3,31.0
2023-12-14 13:20:54,2.0,40.0,1228.0,23.3,31.0
2023-12-14 13:30:54,5.0,40.0,1088.0,23.3,30.0
2023-12-14 13:40:54,3.0,37.0,1138.0,23.3,30.0
2023-12-14 13:50:54,4.0,37.0,1114.0,23.2,31.0
2023-12-14 14:00:54,9.0,40.0,1081.0,23.2,30.0
2023-12-14 14:10:54,4.0,43.0,1163.0,23.3,31.0
2023-12-14 14:20:54,4.0,43.0,1169.0,23.3,31.0
2023-12-14 14:30:54,3.0,40.0,1291.0,23.4,32.0
2023-12-14 14:40:54,1.0,40.0,1219.0,23.3,32.0
2023-12-14 14:50:55,2.0,40.0,1184.0,23.3,31.0
2023-12-14 15:00:54,3.0,40.0,1240.0,23.3,32.0
2023-12-14 15:10:54,4.0,40.0,1299.0,23.4,32.0
2023-12-14 15:20:54,5.0,37.0,1440.0,23.4,33.0
2023-12-14 15:30:54,5.0,37.0,1421.0,23.4,33.0
2023-12-14 15:40:54,0.0,37.0,1476.0,23.3,33.0
2023-12-14 15:50:54,5.0,37.0,1317.0,23.4,32.0
2023-12-14 16:00:54,1.0,37.0,1429.0,23.4,33.0
2023-12-14 16:10:54,2.0,37.0,1350.0,23.3,33.0
2023-12-14 16:20:54,5.0,37.0,1356.0,23.3,33.0
2023-12-14 16:30:53,5.0,30.0,1302.0,23.3,32.0
2023-12-14 16:40:53,2.0,37.0,1313.0,23.3,32.0
2023-12-14 16:50:53,0.0,37.0,1342.0,23.3,33.0
2023-12-14 17:00:53,0.0,37.0,1342.0,23.3,33.0
2023-12-14 17:10:53,0.0,37.0,1347.0,23.3,33.0
2023-12-14 17:20:53,0.0,37.0,1298.0,23.3,33.0
2023-12-14 17:30:53,0.0,3.0,1216.0,23.3,32.0
2023-12-14 17:40:53,0.0,3.0,1200.0,23.3,32.0
2023-12-14 17:50:53,0.0,3.0,1156.0,23.3,31.0
2023-12-14 18:00:53,0.0,3.0,1120.0,23.3,31.0
2023-12-14 18:10:53,1.0,33.0,1069.0,23.3,31.0
2023-12-14 18:20:53,0.0,37.0,1017.0,23.3,31.0
2023-12-14 18:30:53,0.0,3.0,1001.0,23.3,31.0
2023-12-14 18:40:53,0.0,3.0,962.0,23.3,30.0
2023-12-14 18:50:53,0.0,3.0,928.0,23.3,30.0
2023-12-14 19:00:53,0.0,3.0,912.0,23.3,30.0
2023-12-14 19:10:53,0.0,3.0,882.0,23.2,30.0
2023-12-14 19:20:53,0.0,3.0,857.0,23.2,29.0
2023-12-14 19:30:53,0.0,0.0,825.0,23.3,29.0
2023-12-14 19:40:53,0.0,0.0,833.0,23.2,29.0
2023-12-14 19:50:53,0.0,0.0,822.0,23.3,29.0
2023-12-14 20:00:53,0.0,0.0,820.0,23.2,29.0
2023-12-14 20:10:52,0.0,0.0,795.0,23.2,29.0
2023-12-14 20:20:52,0.0,0.0,729.0,23.2,29.0
2023-12-14 20:30:53,0.0,0.0,695.0,23.2,29.0
2023-12-14 20:40:52,0.0,0.0,715.0,23.3,29.0
2023-12-14 20:50:52,0.0,0.0,714.0,23.2,28.0
2023-12-14 21:00:52,0.0,0.0,698.0,23.2,28.0
2023-12-14 21:10:52,0.0,0.0,678.0,23.2,28.0
2023-12-14 21:20:52,0.0,0.0,659.0,23.2,28.0
2023-12-14 21:30:52,0.0,0.0,648.0,23.2,28.0
2023-12-14 21:40:52,0.0,0.0,638.0,23.2,28.0
2023-12-14 21:50:52,0.0,0.0,659.0,23.2,28.0
2023-12-14 22:00:52,0.0,0.0,625.0,23.2,28.0
2023-12-14 22:10:52,0.0,0.0,626.0,23.2,28.0
2023-12-14 22:20:52,0.0,0.0,613.0,23.2,28.0
2023-12-14 22:30:52,0.0,0.0,597.0,23.2,28.0
2023-12-14 22:40:52,0.0,0.0,608.0,23.2,28.0
2023-12-14 22:50:52,0.0,0.0,592.0,23.2,28.0
2023-12-14 23:00:52,0.0,0.0,590.0,23.2,28.0
2023-12-14 23:10:52,0.0,0.0,608.0,23.2,28.0
2023-12-14 23:20:52,0.0,0.0,594.0,23.2,28.0
2023-12-14 23:30:52,0.0,0.0,581.0,23.2,28.0
2023-12-14 23:40:52,0.0,0.0,583.0,23.2,28.0
2023-12-14 23:50:52,1.0,0.0,585.0,23.2,28.0
2023-12-15 00:00:52,0.0,0.0,587.0,23.2,28.0
2023-12-15 00:10:51,0.0,0.0,570.0,23.2,28.0
2023-12-15 00:20:51,0.0,0.0,583.0,23.2,28.0
2023-12-15 00:30:51,0.0,0.0,553.0,23.2,28.0
2023-12-15 00:40:51,0.0,0.0,556.0,23.2,28.0
2023-12-15 00:50:51,0.0,0.0,553.0,23.2,28.0
2023-12-15 01:00:51,0.0,0.0,537.0,23.2,28.0
2023-12-15 01:10:51,0.0,0.0,545.0,23.2,28.0
2023-12-15 01:20:51,0.0,0.0,541.0,23.2,28.0
2023-12-15 01:30:51,0.0,0.0,522.0,23.2,28.0
2023-12-15 01:40:51,0.0,0.0,545.0,23.2,28.0
2023-12-15 01:50:51,0.0,0.0,538.0,23.2,28.0
2023-12-15 02:00:51,0.0,0.0,538.0,23.2,28.0
2023-12-15 02:10:51,0.0,0.0,533.0,23.2,28.0
2023-12-15 02:20:51,0.0,0.0,532.0,23.2,27.0
2023-12-15 02:30:51,0.0,0.0,532.0,23.2,28.0
2023-12-15 02:40:51,0.0,0.0,506.0,23.1,28.0
2023-12-15 02:50:51,1.0,33.0,530.0,23.1,28.0
2023-12-15 03:00:51,0.0,33.0,529.0,23.1,28.0
2023-12-15 03:10:51,0.0,0.0,531.0,23.2,28.0
2023-12-15 03:20:51,0.0,0.0,529.0,23.2,28.0
2023-12-15 03:30:51,0.0,0.0,510.0,23.2,28.0
2023-12-15 03:40:51,0.0,0.0,521.0,23.2,28.0
2023-12-15 03:50:51,0.0,0.0,546.0,23.2,28.0
2023-12-15 04:00:50,1.0,30.0,570.0,23.2,29.0
2023-12-15 04:10:50,1.0,33.0,636.0,23.2,32.0
2023-12-15 04:20:50,0.0,0.0,584.0,23.2,31.0
2023-12-15 04:30:50,0.0,0.0,580.0,23.1,31.0
2023-12-15 04:40:50,0.0,0.0,591.0,23.2,30.0
2023-12-15 04:50:50,0.0,0.0,560.0,23.2,30.0
2023-12-15 05:00:50,0.0,0.0,585.0,23.1,30.0
2023-12-15 05:10:50,0.0,0.0,571.0,23.2,30.0
2023-12-15 05:20:50,0.0,0.0,570.0,23.2,30.0
2023-12-15 05:30:50,0.0,0.0,569.0,23.1,30.0
2023-12-15 05:40:50,0.0,0.0,537.0,23.1,29.0
2023-12-15 05:50:50,0.0,0.0,535.0,23.2,29.0
2023-12-15 06:00:50,0.0,0.0,520.0,23.1,29.0
2023-12-15 06:10:50,0.0,0.0,535.0,23.1,29.0
2023-12-15 06:20:50,0.0,0.0,511.0,23.2,29.0
2023-12-15 06:30:50,0.0,0.0,505.0,23.1,29.0
2023-12-15 06:40:50,0.0,0.0,497.0,23.1,29.0
2023-12-15 06:50:50,3.0,33.0,540.0,23.2,29.0
2023-12-15 07:00:50,1.0,37.0,552.0,23.1,29.0
2023-12-15 07:10:50,4.0,33.0,623.0,23.1,30.0
2023-12-15 07:20:50,0.0,33.0,626.0,23.2,30.0
2023-12-15 07:30:50,1.0,40.0,659.0,23.2,31.0
2023-12-15 07:40:50,3.0,37.0,640.0,23.2,30.0
2023-12-15 07:50:49,1.0,37.0,665.0,23.1,31.0
2023-12-15 08:00:50,2.0,37.0,681.0,23.1,31.0
2023-12-15 08:10:49,0.0,40.0,686.0,23.2,31.0
2023-12-15 08:20:49,4.0,40.0,708.0,23.1,31.0
2023-12-15 08:30:49,4.0,40.0,744.0,23.1,32.0
2023-12-15 08:40:49,0.0,40.0,784.0,23.1,32.0
2023-12-15 08:50:49,4.0,40.0,766.0,23.1,32.0
2023-12-15 09:00:49,5.0,37.0,778.0,23.1,32.0
2023-12-15 09:10:49,6.0,37.0,824.0,23.1,33.0
2023-12-15 09:20:49,3.0,37.0,834.0,23.1,33.0
2023-12-15 09:30:49,0.0,37.0,861.0,23.2,33.0
2023-12-15 09:40:49,1.0,40.0,845.0,23.1,33.0
2023-12-15 09:50:49,6.0,37.0,804.0,23.1,33.0
2023-12-15 10:00:49,5.0,37.0,890.0,23.2,34.0
2023-12-15 10:10:49,5.0,40.0,863.0,23.1,33.0
2023-12-15 10:20:49,5.0,40.0,849.0,23.0,33.0
2023-12-15 10:30:49,1.0,40.0,821.0,23.0,33.0
2023-12-15 10:40:49,3.0,40.0,876.0,23.0,34.0
2023-12-15 10:50:49,2.0,40.0,816.0,23.0,33.0
2023-12-15 11:00:49,4.0,43.0,821.0,23.0,33.0
2023-12-15 11:10:49,8.0,40.0,902.0,23.0,34.0
2023-12-15 11:20:49,3.0,37.0,943.0,23.0,34.0
2023-12-15 11:30:49,3.0,37.0,930.0,23.0,34.0
2023-12-15 11:40:49,0.0,37.0,956.0,23.0,34.0
2023-12-15 11:50:48,6.0,40.0,942.0,23.0,34.0
2023-12-15 12:00:48,2.0,40.0,942.0,23.1,34.0
2023-12-15 12:10:48,0.0,40.0,880.0,23.1,34.0
2023-12-15 12:20:48,4.0,40.0,846.0,23.0,34.0
2023-12-15 12:30:48,5.0,40.0,814.0,23.0,34.0
2023-12-15 12:40:48,13.0,47.0,939.0,23.0,35.0
2023-12-15 12:50:48,4.0,43.0,938.0,23.0,35.0
2023-12-15 13:00:48,5.0,43.0,972.0,23.0,35.0
2023-12-15 13:10:48,8.0,47.0,1055.0,23.0,35.0
2023-12-15 13:20:48,5.0,40.0,1080.0,23.0,35.0
2023-12-15 13:30:48,1.0,40.0,1138.0,23.1,36.0
2023-12-15 13:40:48,1.0,40.0,1088.0,23.1,36.0
2023-12-15 13:50:48,2.0,40.0,1107.0,23.1,36.0
2023-12-15 14:00:48,3.0,43.0,1219.0,23.1,36.0
2023-12-15 14:10:48,1.0,43.0,1289.0,23.1,36.0
2023-12-15 14:20:48,7.0,33.0,1217.0,23.1,36.0
2023-12-15 14:30:48,10.0,40.0,1368.0,23.1,36.0
2023-12-15 14:40:48,3.0,37.0,1359.0,23.1,37.0
2023-12-15 14:50:48,2.0,37.0,1384.0,23.1,37.0
2023-12-15 15:00:48,2.0,37.0,1221.0,23.1,36.0
2023-12-15 15:10:48,2.0,37.0,1201.0,23.1,36.0
2023-12-15 15:20:48,0.0,37.0,1189.0,23.1,36.0
2023-12-15 15:30:48,7.0,37.0,1176.0,23.1,36.0
2023-12-15 15:40:47,1.0,37.0,1152.0,23.1,36.0
2023-12-15 15:50:47,2.0,37.0,1133.0,23.1,36.0
2023-12-15 16:00:48,1.0,37.0,1181.0,23.1,36.0
2023-12-15 16:10:47,4.0,37.0,1187.0,23.1,36.0
2023-12-15 16:20:47,3.0,37.0,1155.0,23.1,35.0
2023-12-15 16:30:47,3.0,37.0,1180.0,23.1,35.0
2023-12-15 16:40:47,1.0,37.0,1206.0,23.1,35.0
2023-12-15 16:50:47,1.0,37.0,1207.0,23.1,35.0
2023-12-15 17:00:47,0.0,37.0,1166.0,23.1,35.0
2023-12-15 17:10:47,0.0,37.0,1127.0,23.1,35.0
2023-12-15 17:20:47,2.0,37.0,1087.0,23.1,35.0
2023-12-15 17:30:47,0.0,0.0,1139.0,23.1,35.0
2023-12-15 17:40:47,2.0,0.0,1136.0,23.1,35.0
2023-12-15 17:50:47,0.0,0.0,1125.0,23.2,35.0
2023-12-15 18:00:47,0.0,0.0,1070.0,23.1,34.0
2023-12-15 18:10:47,0.0,0.0,1034.0,23.1,34.0
2023-12-15 18:20:47,0.0,0.0,998.0,23.1,34.0
2023-12-15 18:30:47,0.0,0.0,973.0,23.1,34.0
2023-12-15 18:40:47,0.0,0.0,966.0,23.1,34.0
2023-12-15 18:50:47,0.0,0.0,903.0,23.1,34.0
2023-12-15 19:00:47,0.0,0.0,899.0,23.1,34.0
2023-12-15 19:10:47,0.0,0.0,842.0,23.1,33.0
2023-12-15 19:20:47,2.0,33.0,875.0,23.1,34.0
2023-12-15 19:30:47,0.0,33.0,841.0,23.1,33.0
2023-12-15 19:40:46,0.0,0.0,827.0,23.1,33.0
2023-12-15 19:50:46,0.0,0.0,824.0,23.1,33.0
2023-12-15 20:00:46,0.0,0.0,833.0,23.1,33.0
2023-12-15 20:10:46,2.0,23.0,749.0,23.1,33.0
2023-12-15 20:20:46,0.0,33.0,735.0,23.1,33.0
2023-12-15 20:30:46,0.0,0.0,747.0,23.1,33.0
2023-12-15 20:40:46,0.0,0.0,735.0,23.1,33.0
2023-12-15 20:50:46,0.0,0.0,708.0,23.1,33.0
2023-12-15 21:00:46,0.0,0.0,698.0,23.1,33.0
2023-12-15 21:10:46,0.0,0.0,675.0,23.1,33.0
2023-12-15 21:20:46,0.0,0.0,664.0,23.1,33.0
2023-12-15 21:30:46,0.0,0.0,648.0,23.1,32.0
2023-12-15 21:40:46,0.0,0.0,632.0,23.0,32.0
2023-12-15 21:50:46,0.0,0.0,651.0,23.1,32.0
2023-12-15 22:00:46,0.0,0.0,639.0,23.1,32.0
2023-12-15 22:10:46,0.0,0.0,622.0,23.1,32.0
2023-12-15 22:20:46,0.0,0.0,629.0,23.1,32.0
2023-12-15 22:30:46,0.0,0.0,583.0,23.0,32.0
2023-12-15 22:40:46,0.0,0.0,596.0,23.1,32.0
2023-12-15 22:50:46,0.0,0.0,591.0,23.1,32.0
2023-12-15 23:00:46,0.0,0.0,592.0,23.1,32.0
2023-12-15 23:10:46,0.0,0.0,604.0,23.1,32.0
2023-12-15 23:20:46,0.0,0.0,588.0,23.1,32.0
2023-12-15 23:30:45,0.0,0.0,579.0,23.1,32.0
2023-12-15 23:40:45,0.0,0.0,576.0,23.1,32.0
2023-12-15 23:50:45,0.0,0.0,587.0,23.1,32.0
2023-12-16 00:00:45,0.0,0.0,576.0,23.1,32.0
2023-12-16 00:10:45,0.0,0.0,572.0,23.1,32.0
2023-12-16 00:20:45,0.0,0.0,567.0,23.1,32.0
2023-12-16 00:30:45,0.0,0.0,563.0,23.0,32.0
2023-12-16 00:40:45,0.0,0.0,545.0,23.1,32.0
2023-12-16 00:50:45,0.0,0.0,558.0,23.0,32.0
2023-12-16 01:00:45,0.0,0.0,547.0,23.1,32.0
2023-12-16 01:10:45,0.0,0.0,533.0,23.1,32.0
2023-12-16 01:20:45,0.0,0.0,546.0,23.1,32.0
2023-12-16 01:30:45,0.0,0.0,538.0,23.0,32.0
2023-12-16 01:40:45,0.0,0.0,515.0,23.0,32.0
2023-12-16 01:50:45,0.0,0.0,528.0,23.0,32.0
2023-12-16 02:00:45,0.0,0.0,536.0,23.1,32.0
2023-12-16 02:10:45,0.0,0.0,506.0,23.1,32.0
2023-12-16 02:20:45,0.0,0.0,507.0,23.0,32.0
2023-12-16 02:30:45,0.0,0.0,521.0,23.1,32.0
2023-12-16 02:40:45,0.0,0.0,524.0,23.0,31.0
2023-12-16 02:50:45,0.0,0.0,526.0,23.1,31.0
2023-12-16 03:00:45,0.0,0.0,520.0,23.0,31.0
2023-12-16 03:10:45,0.0,0.0,490.0,23.0,31.0
2023-12-16 03:20:44,0.0,0.0,504.0,23.0,31.0
2023-12-16 03:30:44,0.0,0.0,514.0,23.1,32.0
2023-12-16 03:40:44,0.0,0.0,506.0,23.0,32.0
2023-12-16 03:50:44,0.0,0.0,500.0,23.0,31.0
2023-12-16 04:00:44,0.0,0.0,496.0,23.0,31.0
2023-12-16 04:10:44,0.0,0.0,488.0,23.1,31.0
2023-12-16 04:20:44,0.0,0.0,480.0,23.0,32.0
2023-12-16 04:30:44,0.0,0.0,495.0,23.0,31.0
2023-12-16 04:40:44,0.0,0.0,495.0,23.0,31.0
2023-12-16 04:50:44,0.0,0.0,494.0,23.0,31.0
2023-12-16 05:00:44,0.0,0.0,478.0,23.0,31.0
2023-12-16 05:10:44,0.0,0.0,480.0,23.0,31.0
2023-12-16 05:20:44,0.0,0.0,483.0,23.0,31.0
2023-12-16 05:30:44,0.0,0.0,477.0,23.0,31.0
2023-12-16 05:40:44,0.0,0.0,478.0,23.0,31.0
2023-12-16 05:50:44,0.0,0.0,493.0,23.0,31.0
2023-12-16 06:00:44,0.0,0.0,477.0,23.0,31.0
2023-12-16 06:10:44,0.0,0.0,469.0,23.0,32.0
2023-12-16 06:20:44,0.0,0.0,464.0,23.0,31.0
2023-12-16 06:30:44,0.0,0.0,475.0,23.0,32.0
2023-12-16 06:40:44,0.0,0.0,485.0,23.0,31.0
2023-12-16 06:50:44,0.0,0.0,482.0,23.0,31.0
2023-12-16 07:00:44,0.0,0.0,487.0,23.0,31.0
2023-12-16 07:10:44,0.0,0.0,476.0,23.0,31.0
2023-12-16 07:20:43,0.0,0.0,473.0,23.0,32.0
2023-12-16 07:30:43,0.0,0.0,478.0,23.0,32.0
2023-12-16 07:40:43,0.0,0.0,493.0,23.1,32.0
2023-12-16 07:50:43,0.0,0.0,479.0,23.0,32.0
2023-12-16 08:00:43,0.0,0.0,491.0,23.0,32.0
2023-12-16 08:10:43,0.0,0.0,476.0,23.0,32.0
2023-12-16 08:20:43,0.0,0.0,485.0,23.1,32.0
2023-12-16 08:30:43,0.0,0.0,472.0,23.0,32.0
2023-12-16 08:40:43,0.0,0.0,497.0,23.0,32.0
2023-12-16 08:50:43,0.0,0.0,485.0,23.0,32.0
2023-12-16 09:00:43,0.0,3.0,473.0,23.0,32.0
2023-12-16 09:10:43,0.0,3.0,492.0,23.0,32.0
2023-12-16 09:20:43,0.0,3.0,486.0,22.9,32.0
2023-12-16 09:30:43,0.0,3.0,474.0,23.0,32.0
2023-12-16 09:40:43,0.0,3.0,486.0,23.0,32.0
2023-12-16 09:50:43,0.0,3.0,484.0,23.0,32.0
2023-12-16 10:00:43,0.0,3.0,486.0,23.0,32.0
2023-12-16 10:10:43,0.0,3.0,474.0,23.0,32.0
2023-12-16 10:20:43,0.0,3.0,470.0,23.0,32.0
2023-12-16 10:30:43,0.0,3.0,490.0,23.0,32.0
2023-12-16 10:40:43,0.0,3.0,478.0,23.0,32.0
2023-12-16 10:50:43,0.0,3.0,472.0,23.0,32.0
2023-12-16 11:00:43,0.0,3.0,467.0,23.0,32.0
2023-12-16 11:10:42,0.0,3.0,471.0,23.0,32.0
2023-12-16 11:20:42,0.0,3.0,466.0,23.0,32.0
2023-12-16 11:30:42,1.0,3.0,487.0,23.0,32.0
2023-12-16 11:40:42,0.0,3.0,477.0,23.0,32.0
2023-12-16 11:50:42,0.0,3.0,476.0,23.0,32.0
2023-12-16 12:00:43,0.0,3.0,469.0,23.0,32.0
2023-12-16 12:10:42,0.0,3.0,480.0,23.0,32.0
2023-12-16 12:20:42,0.0,3.0,457.0,23.0,32.0
2023-12-16 12:30:42,0.0,3.0,470.0,23.0,32.0
2023-12-16 12:40:42,0.0,0.0,470.0,23.0,32.0
2023-12-16 12:50:42,0.0,3.0,471.0,23.0,32.0
2023-12-16 13:00:42,0.0,3.0,484.0,23.0,32.0
2023-12-16 13:10:42,0.0,3.0,479.0,23.0,33.0
2023-12-16 13:20:42,0.0,3.0,464.0,23.0,32.0
2023-12-16 13:30:42,0.0,3.0,466.0,23.0,32.0
2023-12-16 13:40:42,0.0,3.0,466.0,23.0,33.0
2023-12-16 13:50:42,0.0,0.0,462.0,23.0,33.0
2023-12-16 14:00:42,0.0,0.0,465.0,23.0,32.0
2023-12-16 14:10:42,0.0,0.0,470.0,22.9,33.0
2023-12-16 14:20:42,0.0,0.0,477.0,23.0,33.0
2023-12-16 14:30:42,1.0,0.0,469.0,22.9,33.0
2023-12-16 14:40:42,1.0,0.0,457.0,23.0,33.0
2023-12-16 14:50:42,0.0,0.0,477.0,23.0,33.0
2023-12-16 15:00:42,0.0,0.0,452.0,23.0,33.0
2023-12-16 15:10:41,0.0,0.0,454.0,22.9,33.0
2023-12-16 15:20:41,0.0,0.0,452.0,23.0,33.0
2023-12-16 15:30:41,0.0,0.0,452.0,23.0,33.0
2023-12-16 15:40:41,0.0,0.0,472.0,23.0,33.0
2023-12-16 15:50:41,0.0,0.0,448.0,23.0,33.0
2023-12-16 16:00:41,0.0,0.0,452.0,23.0,33.0
2023-12-16 16:10:41,0.0,0.0,463.0,23.0,33.0
2023-12-16 16:20:41,0.0,0.0,450.0,23.0,33.0
2023-12-16 16:30:41,0.0,0.0,439.0,23.0,33.0
2023-12-16 16:40:41,0.0,0.0,456.0,22.9,33.0
2023-12-16 16:50:41,0.0,0.0,460.0,23.0,33.0
2023-12-16 17:00:41,0.0,0.0,458.0,23.0,33.0
2023-12-16 17:10:41,0.0,0.0,451.0,23.0,33.0
2023-12-16 17:20:41,0.0,0.0,460.0,23.0,33.0
2023-12-16 17:30:41,0.0,0.0,444.0,23.0,33.0
2023-12-16 17:40:41,0.0,0.0,451.0,23.0,33.0
2023-12-16 17:50:41,0.0,0.0,448.0,23.0,33.0
2023-12-16 18:00:41,0.0,0.0,439.0,23.0,33.0
2023-12-16 18:10:41,0.0,0.0,437.0,23.0,33.0
2023-12-16 18:20:41,0.0,0.0,439.0,23.0,33.0
2023-12-16 18:30:41,0.0,0.0,440.0,23.0,33.0
2023-12-16 18:40:41,0.0,0.0,446.0,23.0,33.0
2023-12-16 18:50:41,0.0,0.0,440.0,23.0,33.0
2023-12-16 19:00:40,0.0,0.0,435.0,23.0,33.0
2023-12-16 19:10:40,0.0,0.0,426.0,22.9,33.0
2023-12-16 19:20:40,0.0,0.0,450.0,23.0,33.0
2023-12-16 19:30:40,0.0,0.0,434.0,22.9,33.0
2023-12-16 19:40:40,0.0,0.0,450.0,23.0,33.0
2023-12-16 19:50:40,0.0,0.0,447.0,23.0,33.0
2023-12-16 20:00:40,0.0,0.0,429.0,23.0,33.0
2023-12-16 20:10:40,0.0,0.0,436.0,22.9,33.0
2023-12-16 20:20:40,0.0,0.0,440.0,23.0,33.0
2023-12-16 20:30:40,0.0,0.0,428.0,23.0,33.0
2023-12-16 20:40:40,0.0,0.0,435.0,22.9,33.0
2023-12-16 20:50:40,0.0,0.0,438.0,22.9,33.0
2023-12-16 21:00:40,0.0,0.0,422.0,23.0,33.0
2023-12-16 21:10:40,0.0,0.0,442.0,23.0,33.0
2023-12-16 21:20:40,0.0,0.0,433.0,22.9,33.0
2023-12-16 21:30:40,0.0,0.0,431.0,22.9,33.0
2023-12-16 21:40:40,0.0,0.0,415.0,23.0,33.0
2023-12-16 21:50:40,0.0,0.0,425.0,23.0,33.0
2023-12-16 22:00:40,0.0,0.0,418.0,22.9,33.0
2023-12-16 22:10:40,0.0,0.0,429.0,22.9,33.0
2023-12-16 22:20:40,0.0,0.0,426.0,23.0,33.0
2023-12-16 22:30:40,0.0,0.0,429.0,23.0,33.0
2023-12-16 22:40:40,0.0,0.0,419.0,23.0,33.0
2023-12-16 22:50:40,0.0,0.0,414.0,23.0,33.0
2023-12-16 23:00:39,0.0,0.0,421.0,23.0,33.0
2023-12-16 23:10:39,0.0,0.0,420.0,23.0,33.0
2023-12-16 23:20:39,0.0,0.0,427.0,23.0,33.0
2023-12-16 23:30:39,0.0,0.0,431.0,23.0,33.0
2023-12-16 23:40:39,0.0,0.0,411.0,22.9,33.0
2023-12-16 23:50:39,0.0,0.0,414.0,23.0,33.0
2023-12-17 00:00:39,0.0,0.0,421.0,22.9,33.0
2023-12-17 00:10:39,0.0,0.0,416.0,23.0,33.0
2023-12-17 00:20:39,0.0,0.0,432.0,23.0,33.0
2023-12-17 00:30:39,0.0,0.0,409.0,22.9,33.0
2023-12-17 00:40:39,0.0,0.0,415.0,23.0,33.0
2023-12-17 00:50:39,0.0,0.0,421.0,23.0,33.0
2023-12-17 01:00:39,0.0,0.0,411.0,23.0,33.0
2023-12-17 01:10:39,0.0,0.0,411.0,23.0,33.0
2023-12-17 01:20:39,0.0,0.0,407.0,22.9,33.0
2023-12-17 01:30:39,0.0,0.0,419.0,22.9,33.0
2023-12-17 01:40:39,0.0,0.0,403.0,22.9,33.0
2023-12-17 01:50:39,0.0,0.0,422.0,23.0,33.0
2023-12-17 02:00:39,0.0,0.0,419.0,23.0,33.0
2023-12-17 02:10:39,0.0,0.0,425.0,22.9,33.0
2023-12-17 02:20:39,0.0,0.0,412.0,23.0,33.0
2023-12-17 02:30:39,0.0,0.0,418.0,22.9,33.0
2023-12-17 02:40:39,0.0,0.0,414.0,22.9,33.0
2023-12-17 02:50:39,0.0,0.0,412.0,23.0,33.0
2023-12-17 03:00:38,0.0,0.0,411.0,23.0,33.0
2023-12-17 03:10:38,0.0,0.0,407.0,23.0,33.0
2023-12-17 03:20:38,0.0,0.0,404.0,23.0,33.0
2023-12-17 03:30:38,0.0,0.0,421.0,22.9,34.0
2023-12-17 03:40:38,0.0,0.0,416.0,23.0,33.0
2023-12-17 03:50:38,0.0,0.0,408.0,23.0,33.0
2023-12-17 04:00:38,0.0,0.0,414.0,23.0,33.0
2023-12-17 04:10:38,0.0,0.0,408.0,22.9,33.0
2023-12-17 04:20:38,0.0,0.0,409.0,22.9,33.0
2023-12-17 04:30:38,0.0,0.0,423.0,22.9,33.0
2023-12-17 04:40:38,0.0,0.0,423.0,23.0,34.0
2023-12-17 04:50:38,0.0,0.0,402.0,23.0,33.0
2023-12-17 05:00:38,0.0,0.0,408.0,22.9,33.0
2023-12-17 05:10:38,0.0,0.0,412.0,23.0,33.0
2023-12-17 05:20:38,0.0,0.0,409.0,23.0,33.0
2023-12-17 05:30:38,0.0,0.0,422.0,22.9,34.0
2023-12-17 05:40:38,0.0,33.0,411.0,22.9,34.0
2023-12-17 05:50:38,0.0,33.0,413.0,23.0,34.0
2023-12-17 06:00:38,0.0,0.0,410.0,23.0,34.0
2023-12-17 06:10:38,0.0,0.0,410.0,23.0,34.0
2023-12-17 06:20:38,0.0,0.0,408.0,23.0,34.0
2023-12-17 06:30:38,0.0,0.0,421.0,23.0,34.0
2023-12-17 06:40:38,0.0,0.0,429.0,23.0,34.0
2023-12-17 06:50:37,0.0,0.0,414.0,23.0,34.0
2023-12-17 07:00:37,0.0,0.0,427.0,23.0,34.0
2023-12-17 07:10:37,2.0,33.0,418.0,23.0,34.0
2023-12-17 07:20:37,0.0,33.0,419.0,23.0,34.0
2023-12-17 07:30:37,0.0,0.0,428.0,23.0,34.0
2023-12-17 07:40:37,0.0,0.0,421.0,23.0,34.0
2023-12-17 07:50:37,0.0,0.0,431.0,23.0,34.0
2023-12-17 08:00:37,0.0,0.0,435.0,23.0,34.0
2023-12-17 08:10:37,0.0,0.0,415.0,23.0,34.0
2023-12-17 08:20:37,0.0,0.0,412.0,23.0,34.0
2023-12-17 08:30:37,0.0,0.0,425.0,23.0,34.0
2023-12-17 08:40:37,0.0,0.0,417.0,22.9,34.0
2023-12-17 08:50:37,0.0,0.0,413.0,23.0,34.0
2023-12-17 09:00:37,0.0,0.0,422.0,23.0,34.0
2023-12-17 09:10:37,0.0,3.0,426.0,23.0,34.0
2023-12-17 09:20:37,0.0,3.0,419.0,23.0,34.0
2023-12-17 09:30:37,0.0,3.0,422.0,23.0,34.0
2023-12-17 09:40:37,0.0,3.0,419.0,23.0,34.0
2023-12-17 09:50:37,0.0,3.0,420.0,23.0,34.0
2023-12-17 10:00:37,0.0,3.0,416.0,23.0,34.0
2023-12-17 10:10:37,0.0,3.0,418.0,23.0,34.0
2023-12-17 10:20:37,0.0,3.0,417.0,23.0,34.0
2023-12-17 10:30:37,0.0,3.0,417.0,23.0,34.0
2023-12-17 10:40:36,0.0,3.0,413.0,23.0,34.0
2023-12-17 10:50:37,0.0,3.0,424.0,23.0,34.0
2023-12-17 11:00:36,0.0,3.0,415.0,23.0,34.0
2023-12-17 11:10:36,0.0,3.0,417.0,23.0,34.0
2023-12-17 11:20:36,0.0,3.0,419.0,23.0,34.0
2023-12-17 11:30:36,0.0,3.0,411.0,23.0,34.0
2023-12-17 11:40:36,0.0,3.0,411.0,23.0,34.0
2023-12-17 11:50:36,0.0,3.0,422.0,23.0,34.0
2023-12-17 12:00:36,0.0,3.0,408.0,23.0,34.0
2023-12-17 12:10:36,0.0,3.0,422.0,23.0,34.0
2023-12-17 12:20:36,0.0,3.0,409.0,23.0,34.0
2023-12-17 12:30:36,0.0,3.0,418.0,23.0,34.0
2023-12-17 12:40:36,2.0,3.0,410.0,23.0,34.0
2023-12-17 12:50:36,0.0,3.0,419.0,23.0,34.0
2023-12-17 13:00:36,0.0,3.0,449.0,23.0,34.0
2023-12-17 13:10:37,0.0,3.0,424.0,23.0,34.0
2023-12-17 13:20:36,0.0,3.0,443.0,23.0,34.0
2023-12-17 13:30:36,0.0,0.0,443.0,23.0,34.0
2023-12-17 13:40:36,0.0,0.0,443.0,23.0,34.0
2023-12-17 13:50:36,0.0,0.0,432.0,23.0,34.0
2023-12-17 14:00:36,0.0,0.0,433.0,22.9,34.0
2023-12-17 14:10:36,0.0,0.0,441.0,23.0,34.0
2023-12-17 14:20:36,0.0,0.0,429.0,23.0,34.0
2023-12-17 14:30:35,0.0,0.0,449.0,23.0,34.0
2023-12-17 14:40:35,1.0,16.0,440.0,23.0,35.0
2023-12-17 14:50:35,2.0,37.0,453.0,23.0,34.0
2023-12-17 15:00:35,0.0,3.0,460.0,23.0,35.0
2023-12-17 15:10:35,0.0,3.0,452.0,23.0,34.0
2023-12-17 15:20:35,0.0,33.0,466.0,23.0,34.0
2023-12-17 15:30:35,0.0,33.0,458.0,23.0,34.0
2023-12-17 15:40:35,0.0,0.0,443.0,23.0,34.0
2023-12-17 15:50:35,0.0,0.0,443.0,23.0,34.0
2023-12-17 16:00:35,0.0,0.0,455.0,23.0,34.0
2023-12-17 16:10:35,0.0,33.0,444.0,23.1,34.0
2023-12-17 16:20:35,4.0,33.0,475.0,23.0,34.0
2023-12-17 16:30:35,0.0,3.0,467.0,23.0,35.0
2023-12-17 16:40:35,0.0,33.0,478.0,23.1,35.0
2023-12-17 16:50:35,0.0,33.0,475.0,23.0,35.0
2023-12-17 17:00:35,0.0,0.0,459.0,23.0,35.0
2023-12-17 17:10:35,0.0,0.0,463.0,23.1,35.0
2023-12-17 17:20:35,0.0,0.0,453.0,23.0,35.0
2023-12-17 17:30:35,0.0,0.0,455.0,23.1,35.0
2023-12-17 17:40:35,0.0,0.0,448.0,23.0,35.0
2023-12-17 17:50:35,0.0,0.0,444.0,23.0,35.0
2023-12-17 18:00:35,0.0,0.0,445.0,23.0,34.0
2023-12-17 18:10:35,0.0,0.0,446.0,23.0,34.0
2023-12-17 18:20:35,0.0,0.0,439.0,23.0,35.0
2023-12-17 18:30:34,0.0,0.0,443.0,23.1,34.0
2023-12-17 18:40:34,0.0,0.0,443.0,23.1,34.0
2023-12-17 18:50:35,0.0,0.0,432.0,23.1,34.0
2023-12-17 19:00:34,0.0,0.0,428.0,23.0,34.0
2023-12-17 19:10:34,0.0,0.0,434.0,23.1,35.0
2023-12-17 19:20:35,0.0,0.0,430.0,23.0,34.0
2023-12-17 19:30:35,0.0,0.0,424.0,23.0,34.0
2023-12-17 19:40:34,0.0,0.0,440.0,23.0,34.0
2023-12-17 19:50:34,0.0,0.0,419.0,23.0,34.0
2023-12-17 20:00:34,0.0,0.0,422.0,23.0,34.0
2023-12-17 20:10:34,0.0,0.0,425.0,23.0,34.0
2023-12-17 20:20:34,0.0,30.0,425.0,23.0,34.0
2023-12-17 20:30:34,0.0,33.0,421.0,23.0,34.0
2023-12-17 20:40:34,0.0,0.0,416.0,23.0,34.0
2023-12-17 20:50:34,0.0,0.0,424.0,23.1,34.0
2023-12-17 21:00:34,0.0,0.0,406.0,23.1,34.0
2023-12-17 21:10:34,0.0,0.0,415.0,23.1,34.0
2023-12-17 21:20:34,0.0,0.0,424.0,23.0,34.0
2023-12-17 21:30:34,0.0,0.0,415.0,23.1,34.0
2023-12-17 21:40:34,0.0,0.0,428.0,23.1,34.0
2023-12-17 21:50:34,0.0,0.0,406.0,23.0,34.0
2023-12-17 22:00:34,0.0,0.0,410.0,23.0,34.0
2023-12-17 22:10:34,0.0,0.0,403.0,23.1,34.0
2023-12-17 22:20:33,0.0,0.0,411.0,23.1,34.0
2023-12-17 22:30:33,0.0,0.0,397.0,23.1,34.0
2023-12-17 22:40:33,0.0,0.0,409.0,23.0,34.0
2023-12-17 22:50:33,0.0,0.0,416.0,23.1,34.0
2023-12-17 23:00:33,0.0,0.0,409.0,23.0,34.0
2023-12-17 23:10:33,0.0,0.0,397.0,23.0,34.0
2023-12-17 23:20:33,0.0,0.0,409.0,23.1,34.0
2023-12-17 23:30:33,0.0,0.0,396.0,23.1,34.0
2023-12-17 23:40:33,0.0,0.0,403.0,23.1,34.0
2023-12-17 23:50:33,0.0,0.0,400.0,23.0,34.0
2023-12-18 00:00:33,0.0,0.0,421.0,23.1,34.0
2023-12-18 00:10:33,0.0,0.0,410.0,23.0,34.0
2023-12-18 00:20:33,0.0,0.0,410.0,23.1,34.0
2023-12-18 00:30:33,0.0,0.0,397.0,23.0,34.0
2023-12-18 00:40:33,0.0,0.0,391.0,23.1,34.0
2023-12-18 00:50:33,0.0,0.0,396.0,23.0,34.0
2023-12-18 01:00:33,0.0,0.0,392.0,23.1,34.0
2023-12-18 01:10:33,0.0,0.0,417.0,23.0,34.0
2023-12-18 01:20:33,0.0,0.0,401.0,23.1,34.0
2023-12-18 01:30:33,0.0,0.0,398.0,23.1,34.0
2023-12-18 01:40:33,0.0,0.0,402.0,23.0,34.0
2023-12-18 01:50:33,0.0,0.0,400.0,23.0,34.0
2023-12-18 02:00:33,0.0,0.0,395.0,23.1,34.0
2023-12-18 02:10:33,0.0,0.0,414.0,23.1,34.0
2023-12-18 02:20:32,0.0,0.0,395.0,23.1,34.0
2023-12-18 02:30:32,0.0,0.0,402.0,23.0,34.0
2023-12-18 02:40:32,0.0,0.0,399.0,23.0,34.0
2023-12-18 02:50:33,0.0,0.0,401.0,23.0,34.0
2023-12-18 03:00:32,0.0,0.0,397.0,23.1,34.0
2023-12-18 03:10:32,0.0,0.0,398.0,23.1,34.0
2023-12-18 03:20:32,0.0,0.0,403.0,23.1,34.0
2023-12-18 03:30:32,0.0,0.0,394.0,23.0,34.0
2023-12-18 03:40:32,0.0,0.0,407.0,23.1,34.0
2023-12-18 03:50:32,0.0,0.0,399.0,23.0,34.0
2023-12-18 04:00:32,0.0,0.0,395.0,23.0,34.0
2023-12-18 04:10:32,0.0,0.0,393.0,23.1,34.0
2023-12-18 04:20:32,0.0,0.0,406.0,23.1,34.0
2023-12-18 04:30:32,0.0,0.0,401.0,23.1,34.0
2023-12-18 04:40:32,0.0,0.0,398.0,23.1,34.0
2023-12-18 04:50:32,0.0,0.0,388.0,23.0,34.0
2023-12-18 05:00:32,0.0,0.0,400.0,23.1,34.0
2023-12-18 05:10:32,0.0,0.0,402.0,23.1,34.0
2023-12-18 05:20:32,0.0,0.0,399.0,23.0,34.0
2023-12-18 05:30:32,0.0,0.0,400.0,23.1,34.0
2023-12-18 05:40:32,0.0,0.0,398.0,23.1,34.0
2023-12-18 05:50:32,0.0,0.0,395.0,23.0,34.0
2023-12-18 06:00:32,0.0,0.0,400.0,23.0,34.0
2023-12-18 06:10:31,0.0,0.0,408.0,23.1,34.0
2023-12-18 06:20:31,0.0,0.0,397.0,23.1,34.0
2023-12-18 06:30:31,0.0,0.0,387.0,23.1,34.0
2023-12-18 06:40:31,0.0,0.0,404.0,23.0,34.0
2023-12-18 06:50:31,0.0,0.0,401.0,23.1,34.0
2023-12-18 07:00:31,0.0,0.0,382.0,23.1,34.0
2023-12-18 07:10:31,0.0,0.0,398.0,23.1,35.0
2023-12-18 07:20:31,2.0,33.0,408.0,23.1,35.0
2023-12-18 07:30:32,1.0,33.0,405.0,23.0,35.0
2023-12-18 07:40:31,3.0,37.0,415.0,23.0,35.0
2023-12-18 07:50:31,0.0,40.0,423.0,23.1,35.0
2023-12-18 08:00:31,7.0,33.0,473.0,23.1,35.0
2023-12-18 08:10:31,3.0,40.0,492.0,23.1,35.0
2023-12-18 08:20:31,2.0,40.0,497.0,23.1,36.0
2023-12-18 08:30:31,1.0,40.0,496.0,23.1,36.0
2023-12-18 08:40:31,0.0,40.0,508.0,23.1,36.0
2023-12-18 08:50:31,0.0,40.0,517.0,23.1,36.0
2023-12-18 09:00:31,0.0,40.0,533.0,23.1,36.0
2023-12-18 09:10:31,0.0,40.0,523.0,23.1,36.0
2023-12-18 09:20:31,7.0,40.0,590.0,23.1,36.0
2023-12-18 09:30:31,6.0,40.0,605.0,23.1,37.0
2023-12-18 09:40:31,4.0,40.0,598.0,23.1,37.0
2023-12-18 09:50:31,2.0,40.0,626.0,23.1,37.0
2023-12-18 10:00:31,4.0,37.0,706.0,23.1,37.0
2023-12-18 10:10:30,8.0,43.0,666.0,23.1,37.0
2023-12-18 10:20:30,1.0,43.0,687.0,23.1,37.0
2023-12-18 10:30:30,3.0,43.0,698.0,23.1,37.0
2023-12-18 10:40:30,3.0,43.0,734.0,23.1,37.0
2023-12-18 10:50:30,4.0,43.0,887.0,23.1,38.0
2023-12-18 11:00:30,1.0,43.0,870.0,23.1,38.0
2023-12-18 11:10:30,8.0,47.0,921.0,23.1,39.0
2023-12-18 11:20:30,7.0,43.0,875.0,23.1,39.0
2023-12-18 11:30:30,1.0,40.0,988.0,23.1,40.0
2023-12-18 11:40:30,6.0,43.0,972.0,23.1,40.0
2023-12-18 11:50:30,5.0,40.0,999.0,23.2,40.0
2023-12-18 12:00:30,4.0,40.0,1035.0,23.2,40.0
2023-12-18 12:10:30,6.0,40.0,1119.0,23.2,40.0
2023-12-18 12:20:30,5.0,43.0,1233.0,23.2,41.0
2023-12-18 12:30:30,4.0,43.0,1191.0,23.2,41.0
2023-12-18 12:40:30,3.0,47.0,1071.0,23.2,40.0
2023-12-18 12:50:30,4.0,47.0,1160.0,23.2,40.0
2023-12-18 13:00:30,5.0,47.0,1124.0,23.2,40.0
2023-12-18 13:10:30,6.0,47.0,1030.0,23.1,40.0
2023-12-18 13:20:30,2.0,47.0,1059.0,23.1,40.0
2023-12-18 13:30:30,2.0,47.0,998.0,23.1,40.0
2023-12-18 13:40:30,3.0,47.0,987.0,23.1,40.0
2023-12-18 13:50:30,1.0,47.0,989.0,23.1,40.0
2023-12-18 14:00:29,5.0,47.0,1122.0,23.2,40.0
2023-12-18 14:10:29,4.0,47.0,1103.0,23.2,40.0
2023-12-18 14:20:29,1.0,47.0,1196.0,23.1,40.0
2023-12-18 14:30:29,3.0,40.0,1214.0,23.2,41.0
2023-12-18 14:40:29,1.0,43.0,1172.0,23.1,40.0
2023-12-18 14:50:29,5.0,43.0,1145.0,23.2,40.0
2023-12-18 15:00:29,1.0,43.0,1103.0,23.2,40.0
2023-12-18 15:10:29,1.0,40.0,1118.0,23.2,40.0
2023-12-18 15:20:29,5.0,43.0,1062.0,23.2,40.0
2023-12-18 15:30:29,5.0,43.0,1369.0,23.2,41.0
2023-12-18 15:40:29,3.0,43.0,1274.0,23.2,41.0
2023-12-18 15:50:29,1.0,40.0,1191.0,23.2,41.0
2023-12-18 16:00:29,1.0,40.0,1093.0,23.2,40.0
2023-12-18 16:10:29,1.0,40.0,1018.0,23.2,40.0
2023-12-18 16:20:29,0.0,40.0,992.0,23.2,40.0
2023-12-18 16:30:29,2.0,40.0,981.0,23.3,39.0
2023-12-18 16:40:29,0.0,40.0,1003.0,23.2,39.0
2023-12-18 16:50:29,2.0,40.0,1009.0,23.2,39.0
2023-12-18 17:00:29,0.0,40.0,1004.0,23.2,39.0
2023-12-18 17:10:29,2.0,40.0,894.0,23.3,39.0
2023-12-18 17:20:29,0.0,40.0,926.0,23.2,39.0
2023-12-18 17:30:29,0.0,10.0,918.0,23.3,39.0
2023-12-18 17:40:29,2.0,40.0,896.0,23.3,39.0
2023-12-18 17:50:29,0.0,40.0,891.0,23.2,38.0
2023-12-18 18:00:29,0.0,6.0,867.0,23.3,38.0
2023-12-18 18:10:28,0.0,6.0,832.0,23.3,38.0
2023-12-18 18:20:28,0.0,6.0,809.0,23.3,38.0
2023-12-18 18:30:28,0.0,6.0,805.0,23.3,38.0
2023-12-18 18:40:28,1.0,6.0,744.0,23.3,38.0
2023-12-18 18:50:28,1.0,10.0,785.0,23.2,38.0
2023-12-18 19:00:28,0.0,10.0,863.0,23.3,38.0
2023-12-18 19:10:28,0.0,10.0,982.0,23.2,38.0
2023-12-18 19:20:28,0.0,10.0,1021.0,23.3,38.0
2023-12-18 19:30:28,0.0,6.0,980.0,23.2,38.0
2023-12-18 19:40:28,0.0,6.0,959.0,23.3,38.0
2023-12-18 19:50:28,0.0,6.0,895.0,23.2,38.0
2023-12-18 20:00:28,0.0,6.0,877.0,23.2,38.0
2023-12-18 20:10:28,0.0,6.0,832.0,23.2,38.0
2023-12-18 20:20:28,0.0,6.0,791.0,23.2,38.0
2023-12-18 20:30:28,0.0,6.0,763.0,23.2,38.0
2023-12-18 20:40:28,0.0,6.0,748.0,23.2,38.0
2023-12-18 20:50:28,0.0,6.0,737.0,23.3,37.0
2023-12-18 21:00:28,0.0,6.0,710.0,23.3,37.0
2023-12-18 21:10:28,0.0,6.0,714.0,23.2,37.0
2023-12-18 21:20:28,0.0,6.0,672.0,23.2,37.0
2023-12-18 21:30:28,0.0,6.0,675.0,23.2,37.0
2023-12-18 21:40:28,0.0,6.0,660.0,23.2,37.0
2023-12-18 21:50:27,1.0,0.0,658.0,23.2,37.0
2023-12-18 22:00:27,0.0,0.0,652.0,23.2,37.0
2023-12-18 22:10:27,0.0,0.0,629.0,23.2,37.0
2023-12-18 22:20:27,0.0,0.0,614.0,23.2,37.0
2023-12-18 22:30:27,0.0,0.0,623.0,23.2,37.0
2023-12-18 22:40:27,0.0,0.0,602.0,23.2,37.0
2023-12-18 22:50:27,0.0,0.0,588.0,23.2,37.0
2023-12-18 23:00:27,0.0,0.0,593.0,23.2,37.0
2023-12-18 23:10:27,0.0,0.0,582.0,23.3,37.0
2023-12-18 23:20:27,0.0,0.0,584.0,23.2,37.0
2023-12-18 23:30:27,0.0,0.0,559.0,23.2,37.0
2023-12-18 23:40:27,0.0,0.0,567.0,23.3,37.0
2023-12-18 23:50:27,0.0,0.0,564.0,23.2,37.0
2023-12-19 00:00:27,0.0,0.0,559.0,23.2,36.0
2023-12-19 00:10:27,0.0,0.0,540.0,23.2,37.0
2023-12-19 00:20:27,0.0,0.0,541.0,23.2,36.0
2023-12-19 00:30:27,0.0,0.0,554.0,23.2,36.0
2023-12-19 00:40:27,0.0,0.0,518.0,23.2,36.0
2023-12-19 00:50:27,0.0,0.0,531.0,23.2,36.0
2023-12-19 01:00:27,0.0,0.0,525.0,23.2,36.0
2023-12-19 01:10:27,0.0,0.0,533.0,23.2,36.0
2023-12-19 01:20:27,0.0,0.0,513.0,23.2,36.0
2023-12-19 01:30:27,0.0,0.0,518.0,23.2,36.0
2023-12-19 01:40:26,0.0,0.0,510.0,23.2,36.0
2023-12-19 01:50:26,0.0,0.0,516.0,23.2,36.0
2023-12-19 02:00:26,0.0,0.0,501.0,23.2,36.0
2023-12-19 02:10:26,0.0,0.0,480.0,23.2,36.0
2023-12-19 02:20:26,0.0,0.0,495.0,23.2,36.0
2023-12-19 02:30:26,0.0,0.0,489.0,23.2,36.0
2023-12-19 02:40:26,0.0,0.0,489.0,23.2,36.0
2023-12-19 02:50:26,0.0,0.0,483.0,23.2,36.0
2023-12-19 03:00:26,1.0,30.0,487.0,23.2,36.0
2023-12-19 03:10:26,0.0,33.0,499.0,23.2,36.0
2023-12-19 03:20:26,0.0,0.0,491.0,23.2,36.0
2023-12-19 03:30:26,0.0,0.0,479.0,23.2,36.0
2023-12-19 03:40:26,0.0,0.0,483.0,23.2,36.0
2023-12-19 03:50:26,0.0,0.0,480.0,23.2,36.0
2023-12-19 04:00:26,1.0,20.0,477.0,23.2,36.0
2023-12-19 04:10:26,0.0,37.0,553.0,23.2,37.0
2023-12-19 04:20:26,2.0,0.0,548.0,23.3,37.0
2023-12-19 04:30:26,0.0,0.0,502.0,23.2,37.0
2023-12-19 04:40:26,0.0,0.0,493.0,23.2,37.0
2023-12-19 04:50:26,0.0,0.0,474.0,23.2,37.0
2023-12-19 05:00:26,0.0,0.0,468.0,23.2,37.0
2023-12-19 05:10:26,0.0,0.0,474.0,23.2,36.0
2023-12-19 05:20:26,0.0,0.0,471.0,23.2,36.0
2023-12-19 05:30:26,0.0,16.0,477.0,23.2,36.0
2023-12-19 05:40:25,3.0,33.0,482.0,23.2,36.0
2023-12-19 05:50:25,0.0,33.0,470.0,23.2,36.0
2023-12-19 06:00:25,0.0,33.0,459.0,23.3,36.0
2023-12-19 06:10:25,0.0,0.0,469.0,23.2,36.0
2023-12-19 06:20:25,0.0,26.0,468.0,23.2,37.0
2023-12-19 06:30:25,0.0,33.0,473.0,23.3,36.0
2023-12-19 06:40:25,0.0,0.0,454.0,23.3,36.0
2023-12-19 06:50:25,0.0,33.0,469.0,23.2,36.0
2023-12-19 07:00:25,0.0,33.0,473.0,23.2,36.0
2023-12-19 07:10:25,0.0,33.0,467.0,23.2,36.0
2023-12-19 07:20:25,0.0,33.0,463.0,23.2,36.0
2023-12-19 07:30:25,0.0,33.0,478.0,23.3,36.0
2023-12-19 07:40:25,0.0,33.0,489.0,23.3,36.0
2023-12-19 07:50:25,1.0,37.0,458.0,23.3,36.0
2023-12-19 08:00:25,4.0,37.0,534.0,23.3,37.0
2023-12-19 08:10:25,2.0,37.0,511.0,23.3,37.0
2023-12-19 08:20:25,0.0,37.0,525.0,23.2,37.0
2023-12-19 08:30:25,2.0,37.0,535.0,23.3,37.0
2023-12-19 08:40:25,2.0,37.0,561.0,23.3,37.0
2023-12-19 08:50:25,0.0,37.0,576.0,23.2,37.0
2023-12-19 09:00:25,1.0,37.0,597.0,23.3,37.0
2023-12-19 09:10:25,0.0,37.0,576.0,23.3,37.0
2023-12-19 09:20:25,0.0,37.0,616.0,23.3,37.0
2023-12-19 09:30:24,1.0,37.0,606.0,23.3,37.0
2023-12-19 09:40:24,1.0,37.0,603.0,23.3,37.0
2023-12-19 09:50:25,0.0,37.0,603.0,23.3,37.0
2023-12-19 10:00:24,2.0,37.0,590.0,23.3,37.0
2023-12-19 10:10:24,1.0,37.0,571.0,23.3,37.0
2023-12-19 10:20:24,1.0,37.0,585.0,23.3,37.0
2023-12-19 10:30:25,1.0,33.0,545.0,23.3,37.0
2023-12-19 10:40:24,4.0,37.0,566.0,23.3,37.0
2023-12-19 10:50:24,2.0,33.0,549.0,23.3,37.0
2023-12-19 11:00:24,0.0,33.0,615.0,23.3,37.0
2023-12-19 11:10:24,2.0,33.0,598.0,23.3,37.0
2023-12-19 11:20:24,4.0,40.0,617.0,23.3,37.0
2023-12-19 11:30:24,0.0,37.0,663.0,23.3,37.0
2023-12-19 11:40:24,0.0,37.0,706.0,23.3,38.0
2023-12-19 11:50:24,0.0,37.0,687.0,23.3,37.0
2023-12-19 12:00:24,0.0,37.0,638.0,23.3,37.0
2023-12-19 12:10:24,3.0,37.0,632.0,23.3,37.0
2023-12-19 12:20:24,1.0,37.0,618.0,23.3,37.0
2023-12-19 12:30:24,0.0,37.0,629.0,23.3,37.0
2023-12-19 12:40:24,0.0,37.0,679.0,23.3,37.0
2023-12-19 12:50:24,0.0,37.0,676.0,23.3,37.0
2023-12-19 13:00:24,1.0,37.0,645.0,23.3,37.0
2023-12-19 13:10:24,0.0,37.0,725.0,23.2,37.0
2023-12-19 13:20:24,6.0,37.0,787.0,23.3,38.0
2023-12-19 13:30:24,1.0,37.0,759.0,23.3,38.0
2023-12-19 13:40:23,0.0,37.0,763.0,23.3,38.0
2023-12-19 13:50:23,2.0,37.0,760.0,23.2,38.0
2023-12-19 14:00:23,2.0,37.0,736.0,23.3,38.0
2023-12-19 14:10:23,3.0,37.0,741.0,23.3,38.0
2023-12-19 14:20:23,0.0,37.0,727.0,23.3,38.0
2023-12-19 14:30:23,3.0,37.0,781.0,23.3,38.0
2023-12-19 14:40:23,1.0,37.0,796.0,23.3,38.0
2023-12-19 14:50:23,2.0,37.0,741.0,23.3,38.0
2023-12-19 15:00:23,4.0,37.0,772.0,23.4,38.0
2023-12-19 15:10:23,2.0,37.0,795.0,23.4,38.0
2023-12-19 15:20:23,1.0,33.0,780.0,23.3,38.0
2023-12-19 15:30:23,0.0,33.0,822.0,23.4,38.0
2023-12-19 15:40:23,5.0,33.0,810.0,23.3,38.0
2023-12-19 15:50:23,0.0,33.0,789.0,23.3,38.0
2023-12-19 16:00:23,3.0,33.0,784.0,23.4,38.0
2023-12-19 16:10:23,2.0,33.0,834.0,23.4,38.0
2023-12-19 16:20:23,0.0,33.0,787.0,23.4,38.0
2023-12-19 16:30:23,0.0,33.0,779.0,23.4,38.0
2023-12-19 16:40:23,0.0,33.0,757.0,23.4,38.0
2023-12-19 16:50:23,0.0,33.0,748.0,23.4,38.0
2023-12-19 17:00:23,0.0,33.0,713.0,23.3,37.0
2023-12-19 17:10:23,0.0,33.0,712.0,23.4,37.0
2023-12-19 17:20:22,0.0,33.0,684.0,23.4,37.0
2023-12-19 17:30:22,1.0,0.0,620.0,23.4,37.0
2023-12-19 17:40:22,0.0,0.0,663.0,23.4,37.0
2023-12-19 17:50:22,0.0,0.0,618.0,23.4,37.0
2023-12-19 18:00:22,0.0,0.0,609.0,23.4,37.0
2023-12-19 18:10:22,0.0,0.0,585.0,23.4,37.0
2023-12-19 18:20:22,0.0,0.0,565.0,23.4,36.0
2023-12-19 18:30:22,0.0,0.0,556.0,23.4,36.0
2023-12-19 18:40:22,0.0,0.0,532.0,23.3,36.0
2023-12-19 18:50:22,0.0,0.0,529.0,23.4,36.0
2023-12-19 19:00:22,0.0,0.0,502.0,23.3,36.0
2023-12-19 19:10:22,0.0,0.0,522.0,23.3,36.0
2023-12-19 19:20:22,0.0,0.0,511.0,23.3,36.0
2023-12-19 19:30:22,0.0,0.0,511.0,23.3,36.0
2023-12-19 19:40:22,0.0,0.0,496.0,23.3,36.0
2023-12-19 19:50:22,0.0,0.0,500.0,23.3,36.0
2023-12-19 20:00:22,0.0,0.0,481.0,23.3,36.0
2023-12-19 20:10:22,0.0,0.0,490.0,23.3,36.0
2023-12-19 20:20:22,1.0,33.0,489.0,23.3,36.0
2023-12-19 20:30:55,0.0,33.0,488.0,23.3,36.0
2023-12-19 20:40:28,0.0,0.0,475.0,23.3,36.0
2023-12-19 20:50:27,0.0,0.0,461.0,23.3,35.0
2023-12-19 21:00:30,0.0,0.0,444.0,23.3,35.0
2023-12-19 21:10:30,0.0,0.0,438.0,23.3,35.0
2023-12-19 21:20:26,0.0,0.0,450.0,23.3,35.0
2023-12-19 21:30:30,0.0,0.0,441.0,23.3,35.0
2023-12-19 21:40:29,1.0,0.0,439.0,23.3,35.0
2023-12-19 21:50:27,0.0,0.0,456.0,23.2,35.0
2023-12-19 22:00:30,0.0,0.0,449.0,23.3,35.0
2023-12-19 22:10:26,0.0,0.0,440.0,23.2,35.0
2023-12-19 22:20:29,0.0,0.0,443.0,23.3,35.0
2023-12-19 22:30:53,0.0,0.0,432.0,23.3,35.0
2023-12-19 22:40:26,0.0,0.0,437.0,23.3,35.0
2023-12-19 22:50:28,0.0,0.0,423.0,23.3,35.0
2023-12-19 23:00:30,0.0,0.0,430.0,23.3,35.0
2023-12-19 23:10:28,0.0,0.0,424.0,23.3,35.0
2023-12-19 23:20:21,0.0,0.0,435.0,23.3,35.0
2023-12-19 23:30:21,0.0,0.0,422.0,23.3,35.0
2023-12-19 23:40:21,0.0,0.0,423.0,23.3,35.0
2023-12-19 23:50:21,0.0,0.0,436.0,23.3,35.0
2023-12-20 00:00:21,0.0,0.0,420.0,23.2,35.0
2023-12-20 00:10:21,0.0,0.0,433.0,23.3,35.0
2023-12-20 00:20:21,0.0,0.0,427.0,23.3,34.0
2023-12-20 00:30:21,0.0,0.0,429.0,23.3,34.0
2023-12-20 00:40:21,0.0,0.0,415.0,23.3,34.0
2023-12-20 00:50:21,0.0,0.0,420.0,23.2,34.0
2023-12-20 01:00:21,0.0,0.0,420.0,23.3,34.0
2023-12-20 01:10:20,0.0,0.0,406.0,23.3,34.0
2023-12-20 01:20:20,0.0,0.0,415.0,23.3,34.0
2023-12-20 01:30:20,0.0,0.0,426.0,23.3,34.0
2023-12-20 01:40:20,0.0,0.0,402.0,23.2,34.0
2023-12-20 01:50:20,0.0,0.0,402.0,23.2,34.0
2023-12-20 02:00:20,0.0,0.0,417.0,23.3,34.0
2023-12-20 02:10:20,0.0,0.0,400.0,23.3,34.0
2023-12-20 02:20:20,0.0,0.0,409.0,23.2,34.0
2023-12-20 02:30:20,0.0,0.0,411.0,23.2,34.0
2023-12-20 02:40:20,0.0,0.0,418.0,23.2,34.0
2023-12-20 02:50:20,0.0,0.0,408.0,23.2,34.0
2023-12-20 03:00:20,0.0,0.0,410.0,23.3,34.0
2023-12-20 03:10:20,1.0,33.0,407.0,23.2,34.0
2023-12-20 03:20:20,0.0,33.0,415.0,23.2,34.0
2023-12-20 03:30:20,0.0,0.0,395.0,23.2,34.0
2023-12-20 03:40:20,0.0,0.0,408.0,23.3,34.0
2023-12-20 03:50:20,0.0,0.0,403.0,23.3,34.0
2023-12-20 04:00:21,0.0,0.0,399.0,23.3,34.0
2023-12-20 04:10:20,0.0,0.0,404.0,23.2,34.0
2023-12-20 04:20:20,1.0,33.0,435.0,23.2,34.0
2023-12-20 04:30:20,0.0,33.0,439.0,23.2,35.0
2023-12-20 04:40:20,0.0,0.0,421.0,23.3,34.0
2023-12-20 04:50:20,0.0,0.0,416.0,23.2,34.0
2023-12-20 05:00:19,0.0,0.0,419.0,23.3,34.0
2023-12-20 05:10:19,0.0,0.0,408.0,23.3,34.0
2023-12-20 05:20:19,0.0,0.0,399.0,23.2,34.0
2023-12-20 05:30:20,0.0,0.0,401.0,23.3,34.0
2023-12-20 05:40:19,0.0,33.0,405.0,23.3,34.0
2023-12-20 05:50:19,1.0,33.0,426.0,23.2,34.0
2023-12-20 06:00:19,0.0,0.0,400.0,23.3,34.0
2023-12-20 06:10:19,0.0,0.0,419.0,23.2,34.0
2023-12-20 06:20:19,0.0,0.0,400.0,23.2,34.0
2023-12-20 06:30:19,0.0,0.0,400.0,23.2,34.0
2023-12-20 06:40:19,0.0,0.0,416.0,23.3,34.0
2023-12-20 06:50:19,0.0,0.0,406.0,23.3,33.0
2023-12-20 07:00:19,0.0,0.0,405.0,23.2,33.0
2023-12-20 07:10:19,0.0,0.0,412.0,23.3,34.0
2023-12-20 07:20:19,0.0,0.0,412.0,23.2,34.0
2023-12-20 07:30:19,0.0,0.0,396.0,23.2,34.0
2023-12-20 07:40:19,0.0,0.0,419.0,23.2,34.0
2023-12-20 07:50:19,1.0,37.0,457.0,23.2,34.0
2023-12-20 08:00:19,1.0,43.0,459.0,23.1,34.0
2023-12-20 08:10:19,1.0,43.0,476.0,23.2,35.0
2023-12-20 08:20:19,2.0,40.0,547.0,23.2,35.0
2023-12-20 08:30:19,2.0,40.0,541.0,23.2,35.0
2023-12-20 08:40:19,2.0,40.0,569.0,23.2,35.0
2023-12-20 08:50:19,0.0,43.0,581.0,23.2,35.0
2023-12-20 09:00:18,12.0,47.0,677.0,23.1,37.0
2023-12-20 09:10:18,3.0,47.0,602.0,23.2,36.0
2023-12-20 09:20:18,2.0,43.0,658.0,23.3,36.0
2023-12-20 09:30:18,2.0,43.0,642.0,23.2,36.0
2023-12-20 09:40:18,0.0,43.0,641.0,23.2,36.0
2023-12-20 09:50:18,1.0,40.0,658.0,23.2,36.0
2023-12-20 10:00:18,8.0,40.0,720.0,23.2,36.0
2023-12-20 10:10:18,1.0,40.0,688.0,23.3,36.0
2023-12-20 10:20:18,2.0,37.0,639.0,23.2,36.0
2023-12-20 10:30:18,2.0,40.0,688.0,23.3,36.0
2023-12-20 10:40:18,2.0,40.0,650.0,23.2,36.0
2023-12-20 10:50:18,5.0,40.0,719.0,23.2,36.0
2023-12-20 11:00:18,4.0,40.0,729.0,23.2,36.0
2023-12-20 11:10:18,2.0,40.0,711.0,23.2,36.0
2023-12-20 11:20:18,2.0,40.0,705.0,23.3,36.0
2023-12-20 11:30:18,0.0,40.0,676.0,23.2,36.0
2023-12-20 11:40:18,3.0,40.0,689.0,23.2,36.0
2023-12-20 11:50:18,1.0,40.0,692.0,23.2,36.0
2023-12-20 12:00:18,3.0,40.0,703.0,23.3,36.0
2023-12-20 12:10:18,2.0,43.0,803.0,23.3,36.0
2023-12-20 12:20:18,4.0,43.0,907.0,23.3,36.0
2023-12-20 12:30:18,3.0,43.0,887.0,23.3,37.0
2023-12-20 12:40:18,1.0,40.0,970.0,23.3,37.0
2023-12-20 12:50:17,5.0,37.0,901.0,23.3,37.0
2023-12-20 13:00:17,6.0,37.0,924.0,23.2,37.0
2023-12-20 13:10:17,3.0,37.0,857.0,23.3,37.0
2023-12-20 13:20:17,3.0,40.0,886.0,23.2,37.0
2023-12-20 13:30:17,7.0,40.0,836.0,23.2,36.0
2023-12-20 13:40:17,3.0,43.0,1036.0,23.2,37.0
2023-12-20 13:50:17,1.0,40.0,1055.0,23.2,37.0
2023-12-20 14:00:17,5.0,40.0,1103.0,23.2,38.0
2023-12-20 14:10:17,2.0,40.0,1021.0,23.2,37.0
2023-12-20 14:20:17,0.0,40.0,1037.0,23.2,37.0
2023-12-20 14:30:18,1.0,40.0,1041.0,23.3,37.0
2023-12-20 14:40:17,3.0,40.0,951.0,23.2,37.0
2023-12-20 14:50:17,2.0,40.0,996.0,23.3,37.0
2023-12-20 15:00:17,3.0,40.0,1055.0,23.2,37.0
2023-12-20 15:10:17,5.0,40.0,1116.0,23.2,38.0
2023-12-20 15:20:17,2.0,37.0,1171.0,23.3,38.0
2023-12-20 15:30:17,0.0,37.0,1200.0,23.3,38.0
2023-12-20 15:40:17,5.0,37.0,1130.0,23.2,38.0
2023-12-20 15:50:17,0.0,37.0,1146.0,23.2,37.0
2023-12-20 16:00:17,1.0,37.0,1082.0,23.3,37.0
2023-12-20 16:10:17,0.0,37.0,1038.0,23.3,37.0
2023-12-20 16:20:17,0.0,37.0,940.0,23.4,37.0
2023-12-20 16:30:17,0.0,37.0,904.0,23.3,36.0
2023-12-20 16:40:17,0.0,37.0,872.0,23.3,36.0
2023-12-20 16:50:16,0.0,37.0,833.0,23.3,36.0
2023-12-20 17:00:16,0.0,37.0,805.0,23.3,35.0
2023-12-20 17:10:16,0.0,37.0,832.0,23.4,36.0
2023-12-20 17:20:16,0.0,37.0,804.0,23.3,35.0
2023-12-20 17:30:16,2.0,3.0,789.0,23.4,35.0
2023-12-20 17:40:16,0.0,3.0,723.0,23.3,35.0
2023-12-20 17:50:16,0.0,3.0,694.0,23.4,35.0
2023-12-20 18:00:16,0.0,3.0,660.0,23.3,35.0
2023-12-20 18:10:16,0.0,3.0,643.0,23.3,34.0
2023-12-20 18:20:16,0.0,3.0,611.0,23.3,34.0
2023-12-20 18:30:16,0.0,3.0,592.0,23.3,34.0
2023-12-20 18:40:16,0.0,3.0,575.0,23.3,34.0
2023-12-20 18:50:16,0.0,3.0,594.0,23.3,34.0
2023-12-20 19:00:16,0.0,3.0,563.0,23.3,34.0
2023-12-20 19:10:16,0.0,3.0,573.0,23.3,34.0
2023-12-20 19:20:16,0.0,3.0,551.0,23.2,34.0
2023-12-20 19:30:16,0.0,3.0,552.0,23.2,34.0
2023-12-20 19:40:16,0.0,3.0,551.0,23.2,34.0
2023-12-20 19:50:16,0.0,3.0,538.0,23.2,33.0
2023-12-20 20:00:16,0.0,3.0,534.0,23.3,33.0
2023-12-20 20:10:16,0.0,3.0,517.0,23.3,33.0
2023-12-20 20:20:16,0.0,3.0,514.0,23.3,33.0
2023-12-20 20:30:16,0.0,3.0,509.0,23.3,33.0
2023-12-20 20:40:15,0.0,3.0,488.0,23.2,33.0
2023-12-20 20:50:15,0.0,3.0,490.0,23.2,33.0
2023-12-20 21:00:15,0.0,3.0,509.0,23.3,33.0
2023-12-20 21:10:15,0.0,3.0,482.0,23.2,33.0
2023-12-20 21:20:15,0.0,3.0,490.0,23.3,33.0
2023-12-20 21:30:15,0.0,3.0,476.0,23.3,33.0
2023-12-20 21:40:15,0.0,3.0,497.0,23.3,33.0
2023-12-20 21:50:15,2.0,3.0,531.0,23.2,33.0
2023-12-20 22:00:15,0.0,3.0,487.0,23.2,33.0
2023-12-20 22:10:15,0.0,3.0,473.0,23.2,33.0
2023-12-20 22:20:15,0.0,3.0,481.0,23.2,33.0
2023-12-20 22:30:15,0.0,3.0,456.0,23.2,32.0
2023-12-20 22:40:15,0.0,3.0,458.0,23.2,32.0
2023-12-20 22:50:15,0.0,3.0,482.0,23.2,32.0
2023-12-20 23:00:15,1.0,0.0,471.0,23.2,32.0
2023-12-20 23:10:15,0.0,0.0,477.0,23.2,32.0
2023-12-20 23:20:15,0.0,0.0,471.0,23.2,32.0
2023-12-20 23:30:15,0.0,0.0,474.0,23.2,32.0
2023-12-20 23:40:15,0.0,0.0,466.0,23.2,32.0
2023-12-20 23:50:15,0.0,0.0,479.0,23.2,32.0
2023-12-21 00:00:15,0.0,0.0,476.0,23.2,32.0
2023-12-21 00:10:15,0.0,0.0,471.0,23.2,32.0
2023-12-21 00:20:15,0.0,0.0,452.0,23.2,32.0
2023-12-21 00:30:15,0.0,0.0,459.0,23.2,32.0
2023-12-21 00:40:14,0.0,0.0,459.0,23.2,32.0
2023-12-21 00:50:14,0.0,0.0,462.0,23.2,32.0
2023-12-21 01:00:14,0.0,0.0,455.0,23.2,32.0
2023-12-21 01:10:14,0.0,0.0,461.0,23.2,32.0
2023-12-21 01:20:14,0.0,0.0,460.0,23.2,32.0
2023-12-21 01:30:14,0.0,0.0,457.0,23.2,32.0
2023-12-21 01:40:14,0.0,0.0,451.0,23.2,32.0
2023-12-21 01:50:14,0.0,0.0,449.0,23.2,32.0
2023-12-21 02:00:14,0.0,0.0,446.0,23.2,32.0
2023-12-21 02:10:14,0.0,0.0,451.0,23.2,32.0
2023-12-21 02:20:14,0.0,0.0,459.0,23.2,32.0
2023-12-21 02:30:14,0.0,0.0,447.0,23.2,32.0
2023-12-21 02:40:14,0.0,0.0,455.0,23.2,32.0
2023-12-21 02:50:14,0.0,0.0,435.0,23.2,32.0
2023-12-21 03:00:14,1.0,33.0,457.0,23.2,32.0
2023-12-21 03:10:14,0.0,33.0,462.0,23.2,32.0
2023-12-21 03:20:14,0.0,0.0,437.0,23.2,32.0
2023-12-21 03:30:14,0.0,0.0,438.0,23.2,32.0
2023-12-21 03:40:15,0.0,0.0,450.0,23.2,32.0
2023-12-21 03:50:14,0.0,0.0,444.0,23.2,32.0
2023-12-21 04:00:14,0.0,0.0,440.0,23.2,32.0
2023-12-21 04:10:14,1.0,33.0,437.0,23.2,32.0
2023-12-21 04:20:14,0.0,33.0,438.0,23.2,32.0
2023-12-21 04:30:13,0.0,0.0,441.0,23.2,32.0
2023-12-21 04:40:13,0.0,0.0,447.0,23.2,32.0
2023-12-21 04:50:13,0.0,0.0,440.0,23.2,32.0
2023-12-21 05:00:14,0.0,33.0,443.0,23.2,32.0
2023-12-21 05:10:13,0.0,33.0,441.0,23.2,32.0
2023-12-21 05:20:13,0.0,0.0,436.0,23.2,32.0
2023-12-21 05:30:13,0.0,0.0,441.0,23.2,32.0
2023-12-21 05:40:13,0.0,0.0,448.0,23.2,32.0
2023-12-21 05:50:13,0.0,0.0,433.0,23.2,32.0
2023-12-21 06:00:13,0.0,0.0,438.0,23.2,32.0
2023-12-21 06:10:13,0.0,0.0,433.0,23.2,32.0
2023-12-21 06:20:13,0.0,0.0,426.0,23.2,32.0
2023-12-21 06:30:13,1.0,33.0,434.0,23.2,32.0
2023-12-21 06:40:13,0.0,33.0,447.0,23.2,32.0
2023-12-21 06:50:13,0.0,0.0,451.0,23.2,32.0
2023-12-21 07:00:13,0.0,0.0,444.0,23.2,32.0
2023-12-21 07:10:13,0.0,30.0,454.0,23.2,32.0
2023-12-21 07:20:13,0.0,37.0,463.0,23.2,32.0
2023-12-21 07:30:13,1.0,37.0,490.0,23.1,32.0
2023-12-21 07:40:13,0.0,37.0,504.0,23.2,32.0
2023-12-21 07:50:13,0.0,37.0,518.0,23.2,33.0
2023-12-21 08:00:13,1.0,37.0,519.0,23.2,33.0
2023-12-21 08:10:13,0.0,37.0,530.0,23.1,33.0
2023-12-21 08:20:13,0.0,37.0,542.0,23.2,33.0
2023-12-21 08:30:12,0.0,37.0,557.0,23.2,34.0
2023-12-21 08:40:12,1.0,37.0,561.0,23.2,34.0
2023-12-21 08:50:12,0.0,37.0,574.0,23.1,34.0
2023-12-21 09:00:12,0.0,37.0,597.0,23.2,34.0
2023-12-21 09:10:12,0.0,37.0,583.0,23.1,34.0
2023-12-21 09:20:12,1.0,37.0,583.0,23.1,34.0
2023-12-21 09:30:12,3.0,37.0,625.0,23.1,34.0
2023-12-21 09:40:12,0.0,37.0,620.0,23.2,34.0
2023-12-21 09:50:12,1.0,37.0,631.0,23.1,35.0
2023-12-21 10:00:12,0.0,37.0,619.0,23.2,35.0
2023-12-21 10:10:12,2.0,37.0,650.0,23.2,35.0
2023-12-21 10:20:12,1.0,37.0,612.0,23.2,35.0
2023-12-21 10:30:12,3.0,37.0,643.0,23.2,35.0
2023-12-21 10:40:12,0.0,37.0,642.0,23.2,35.0
2023-12-21 10:50:12,1.0,37.0,660.0,23.2,35.0
2023-12-21 11:00:12,3.0,37.0,654.0,23.2,35.0
2023-12-21 11:10:12,2.0,37.0,630.0,23.2,35.0
2023-12-21 11:20:12,2.0,37.0,655.0,23.1,35.0
2023-12-21 11:30:12,0.0,37.0,661.0,23.2,35.0
2023-12-21 11:40:12,3.0,37.0,691.0,23.2,36.0
2023-12-21 11:50:12,0.0,37.0,658.0,23.2,35.0
2023-12-21 12:00:12,2.0,37.0,655.0,23.2,35.0
2023-12-21 12:10:12,0.0,37.0,653.0,23.1,35.0
2023-12-21 12:20:12,0.0,37.0,661.0,23.2,36.0
2023-12-21 12:30:11,2.0,37.0,648.0,23.2,36.0
2023-12-21 12:40:11,0.0,37.0,699.0,23.2,36.0
2023-12-21 12:50:11,1.0,37.0,706.0,23.2,36.0
2023-12-21 13:00:11,2.0,37.0,698.0,23.2,36.0
2023-12-21 13:10:11,0.0,37.0,716.0,23.2,36.0
2023-12-21 13:20:11,0.0,37.0,695.0,23.2,36.0
2023-12-21 13:30:11,0.0,37.0,693.0,23.2,36.0
2023-12-21 13:40:11,5.0,37.0,703.0,23.2,36.0
2023-12-21 13:50:11,1.0,37.0,685.0,23.2,36.0
2023-12-21 14:00:11,0.0,37.0,695.0,23.2,36.0
2023-12-21 14:10:11,4.0,37.0,673.0,23.2,36.0
2023-12-21 14:20:11,2.0,37.0,658.0,23.2,35.0
2023-12-21 14:30:11,1.0,37.0,667.0,23.2,35.0
2023-12-21 14:40:11,3.0,33.0,663.0,23.2,35.0
2023-12-21 14:50:11,0.0,33.0,682.0,23.2,35.0
2023-12-21 15:00:11,0.0,33.0,725.0,23.2,35.0
2023-12-21 15:10:11,2.0,33.0,721.0,23.2,35.0
2023-12-21 15:20:11,0.0,33.0,692.0,23.2,35.0
2023-12-21 15:30:11,1.0,33.0,687.0,23.2,35.0
2023-12-21 15:40:11,0.0,33.0,673.0,23.2,35.0
2023-12-21 15:50:11,0.0,33.0,653.0,23.2,35.0
2023-12-21 16:00:11,0.0,33.0,663.0,23.2,35.0
2023-12-21 16:10:11,0.0,33.0,636.0,23.2,35.0
2023-12-21 16:20:10,0.0,33.0,632.0,23.2,35.0
2023-12-21 16:30:10,0.0,33.0,583.0,23.2,35.0
2023-12-21 16:40:10,0.0,33.0,567.0,23.2,35.0
2023-12-21 16:50:10,0.0,33.0,564.0,23.1,34.0
2023-12-21 17:00:10,0.0,33.0,540.0,23.2,34.0
2023-12-21 17:10:10,0.0,33.0,534.0,23.2,34.0
2023-12-21 17:20:10,0.0,33.0,515.0,23.2,34.0
2023-12-21 17:30:10,0.0,0.0,518.0,23.2,34.0
2023-12-21 17:40:10,0.0,0.0,542.0,23.2,34.0
2023-12-21 17:50:10,0.0,0.0,539.0,23.2,34.0
2023-12-21 18:00:10,0.0,0.0,520.0,23.2,34.0
2023-12-21 18:10:10,0.0,0.0,503.0,23.2,34.0
2023-12-21 18:20:10,0.0,0.0,501.0,23.1,34.0
2023-12-21 18:30:10,0.0,0.0,504.0,23.2,34.0
2023-12-21 18:40:10,0.0,0.0,491.0,23.1,34.0
2023-12-21 18:50:10,0.0,0.0,498.0,23.1,34.0
2023-12-21 19:00:10,0.0,0.0,506.0,23.1,34.0
2023-12-21 19:10:10,0.0,0.0,482.0,23.1,34.0
2023-12-21 19:20:10,0.0,0.0,494.0,23.1,34.0
2023-12-21 19:30:10,0.0,0.0,503.0,23.1,34.0
2023-12-21 19:40:10,0.0,0.0,490.0,23.1,34.0
2023-12-21 19:50:10,0.0,0.0,475.0,23.1,34.0
2023-12-21 20:00:10,0.0,0.0,461.0,23.1,33.0
2023-12-21 20:10:09,0.0,0.0,455.0,23.2,33.0
2023-12-21 20:20:09,0.0,0.0,439.0,23.1,33.0
2023-12-21 20:30:09,0.0,0.0,453.0,23.1,33.0
2023-12-21 20:40:09,0.0,0.0,435.0,23.1,33.0
2023-12-21 20:50:09,0.0,0.0,437.0,23.1,33.0
2023-12-21 21:00:09,0.0,0.0,433.0,23.1,33.0
2023-12-21 21:10:09,0.0,0.0,427.0,23.1,33.0
2023-12-21 21:20:09,0.0,0.0,413.0,23.1,33.0
2023-12-21 21:30:09,0.0,0.0,446.0,23.1,33.0
2023-12-21 21:40:09,1.0,0.0,440.0,23.1,33.0
2023-12-21 21:50:09,0.0,0.0,431.0,23.1,33.0
2023-12-21 22:00:09,0.0,0.0,409.0,23.1,33.0
2023-12-21 22:10:09,0.0,0.0,429.0,23.1,33.0
2023-12-21 22:20:09,0.0,0.0,423.0,23.1,33.0
2023-12-21 22:30:09,0.0,0.0,419.0,23.1,33.0
2023-12-21 22:40:09,0.0,0.0,401.0,23.1,33.0
2023-12-21 22:50:09,0.0,0.0,418.0,23.1,33.0
2023-12-21 23:00:09,0.0,0.0,404.0,23.1,33.0
2023-12-21 23:10:09,0.0,0.0,400.0,23.1,33.0
2023-12-21 23:20:09,0.0,0.0,410.0,23.1,33.0
2023-12-21 23:30:09,0.0,0.0,408.0,23.1,33.0
2023-12-21 23:40:09,0.0,0.0,409.0,23.1,33.0
2023-12-21 23:50:09,0.0,0.0,401.0,23.1,33.0
2023-12-22 00:00:09,0.0,0.0,413.0,23.1,33.0
2023-12-22 00:10:09,0.0,0.0,419.0,23.1,33.0
2023-12-22 00:20:08,0.0,0.0,402.0,23.1,33.0
2023-12-22 00:30:08,0.0,0.0,405.0,23.0,33.0
2023-12-22 00:40:08,0.0,0.0,422.0,23.1,33.0
2023-12-22 00:50:08,0.0,0.0,404.0,23.1,33.0
2023-12-22 01:00:08,0.0,0.0,417.0,23.0,33.0
2023-12-22 01:10:08,0.0,0.0,403.0,23.1,32.0
2023-12-22 01:20:08,0.0,0.0,403.0,23.1,32.0
2023-12-22 01:30:08,0.0,0.0,415.0,23.1,32.0
2023-12-22 01:40:08,0.0,0.0,402.0,23.1,32.0
2023-12-22 01:50:08,0.0,0.0,404.0,23.0,32.0
2023-12-22 02:00:08,0.0,0.0,396.0,23.0,32.0
2023-12-22 02:10:08,0.0,0.0,392.0,23.0,32.0
2023-12-22 02:20:08,0.0,0.0,402.0,23.0,32.0
2023-12-22 02:30:08,0.0,0.0,393.0,23.0,32.0
2023-12-22 02:40:08,0.0,0.0,392.0,23.0,32.0
2023-12-22 02:50:08,0.0,0.0,398.0,23.0,32.0
2023-12-22 03:00:08,1.0,33.0,407.0,23.0,32.0
2023-12-22 03:10:08,0.0,33.0,383.0,23.0,32.0
2023-12-22 03:20:08,0.0,0.0,397.0,23.0,32.0
2023-12-22 03:30:08,0.0,0.0,393.0,23.0,32.0
2023-12-22 03:40:08,0.0,16.0,400.0,23.0,32.0
2023-12-22 03:50:08,1.0,33.0,409.0,23.0,32.0
2023-12-22 04:00:07,0.0,0.0,391.0,23.1,32.0
2023-12-22 04:10:08,0.0,0.0,397.0,23.0,32.0
2023-12-22 04:20:07,0.0,0.0,407.0,23.0,32.0
2023-12-22 04:30:07,0.0,0.0,387.0,23.1,32.0
2023-12-22 04:40:07,0.0,0.0,388.0,23.0,32.0
2023-12-22 04:50:07,0.0,0.0,400.0,23.0,32.0
2023-12-22 05:00:07,1.0,33.0,395.0,23.0,31.0
2023-12-22 05:10:07,0.0,33.0,396.0,23.0,31.0
2023-12-22 05:20:07,0.0,0.0,381.0,23.0,31.0
2023-12-22 05:30:07,0.0,0.0,396.0,23.0,31.0
2023-12-22 05:40:07,0.0,33.0,393.0,23.0,31.0
2023-12-22 05:50:07,0.0,33.0,389.0,23.1,31.0
2023-12-22 06:00:07,0.0,0.0,403.0,23.0,31.0
2023-12-22 06:10:07,0.0,0.0,390.0,23.0,31.0
2023-12-22 06:20:07,0.0,0.0,382.0,23.0,31.0
2023-12-22 06:30:07,0.0,0.0,389.0,23.1,31.0
2023-12-22 06:40:07,1.0,33.0,389.0,23.0,31.0
2023-12-22 06:50:07,0.0,33.0,392.0,23.0,31.0
2023-12-22 07:00:07,0.0,33.0,384.0,23.0,31.0
2023-12-22 07:10:07,0.0,33.0,397.0,23.0,31.0
2023-12-22 07:20:07,0.0,33.0,393.0,23.0,31.0
2023-12-22 07:30:07,0.0,33.0,391.0,23.1,31.0
2023-12-22 07:40:07,1.0,33.0,395.0,23.0,31.0
2023-12-22 07:50:07,0.0,33.0,380.0,23.0,31.0
2023-12-22 08:00:06,0.0,33.0,399.0,23.0,31.0
2023-12-22 08:10:07,0.0,33.0,391.0,23.0,31.0
2023-12-22 08:20:06,0.0,33.0,396.0,23.0,31.0
2023-12-22 08:30:06,0.0,33.0,409.0,23.0,31.0
2023-12-22 08:40:06,0.0,33.0,412.0,23.0,31.0
2023-12-22 08:50:06,0.0,33.0,440.0,22.9,31.0
2023-12-22 09:00:06,5.0,37.0,451.0,23.0,32.0
2023-12-22 09:10:06,1.0,37.0,437.0,23.0,32.0
2023-12-22 09:20:06,2.0,37.0,449.0,23.0,31.0
2023-12-22 09:30:06,0.0,37.0,433.0,23.0,32.0
2023-12-22 09:40:06,0.0,33.0,438.0,23.0,31.0
2023-12-22 09:50:06,2.0,33.0,445.0,23.0,31.0
2023-12-22 10:00:06,2.0,33.0,445.0,23.0,31.0
2023-12-22 10:10:06,2.0,37.0,449.0,23.0,31.0
2023-12-22 10:20:06,0.0,37.0,452.0,23.0,31.0
2023-12-22 10:30:06,0.0,40.0,442.0,23.1,31.0
2023-12-22 10:40:06,0.0,40.0,447.0,23.0,31.0
2023-12-22 10:50:06,3.0,37.0,459.0,23.0,31.0
2023-12-22 11:00:06,0.0,37.0,437.0,23.0,32.0
2023-12-22 11:10:06,0.0,37.0,436.0,23.0,31.0
2023-12-22 11:20:06,0.0,37.0,425.0,23.0,31.0
2023-12-22 11:30:06,0.0,37.0,433.0,23.0,31.0
2023-12-22 11:40:05,0.0,37.0,454.0,23.0,31.0
2023-12-22 11:50:05,0.0,37.0,471.0,23.0,31.0
2023-12-22 12:00:05,4.0,37.0,535.0,23.0,32.0
2023-12-22 12:10:05,0.0,37.0,495.0,23.0,31.0
2023-12-22 12:20:05,0.0,37.0,510.0,23.0,31.0
2023-12-22 12:30:05,1.0,37.0,501.0,23.0,31.0
2023-12-22 12:40:05,1.0,37.0,525.0,23.0,31.0
2023-12-22 12:50:05,0.0,37.0,528.0,23.0,31.0
2023-12-22 13:00:05,0.0,37.0,539.0,23.0,31.0
2023-12-22 13:10:05,1.0,37.0,512.0,23.1,31.0
2023-12-22 13:20:05,4.0,37.0,551.0,23.0,31.0
2023-12-22 13:30:05,0.0,37.0,543.0,23.0,31.0
2023-12-22 13:40:05,0.0,37.0,529.0,23.0,31.0
2023-12-22 13:50:05,0.0,37.0,520.0,23.0,31.0
2023-12-22 14:00:05,0.0,33.0,535.0,23.0,31.0
2023-12-22 14:10:05,0.0,33.0,516.0,23.0,31.0
2023-12-22 14:20:05,0.0,33.0,487.0,23.0,31.0
2023-12-22 14:30:05,0.0,33.0,498.0,23.0,31.0
2023-12-22 14:40:05,0.0,33.0,508.0,23.0,31.0
2023-12-22 14:50:05,2.0,33.0,489.0,23.0,30.0
2023-12-22 15:00:05,3.0,33.0,505.0,23.1,31.0
2023-12-22 15:10:05,0.0,33.0,511.0,23.0,31.0
2023-12-22 15:20:05,0.0,33.0,506.0,23.0,31.0
2023-12-22 15:30:05,0.0,33.0,497.0,23.0,31.0
2023-12-22 15:40:04,0.0,33.0,495.0,23.0,31.0
2023-12-22 15:50:04,0.0,33.0,495.0,23.0,31.0
2023-12-22 16:00:04,0.0,33.0,467.0,23.0,31.0
2023-12-22 16:10:05,0.0,33.0,459.0,23.0,31.0
2023-12-22 16:20:04,0.0,33.0,448.0,23.0,31.0
2023-12-22 16:30:04,0.0,33.0,424.0,23.0,30.0
2023-12-22 16:40:04,0.0,33.0,420.0,23.0,30.0
2023-12-22 16:50:04,0.0,33.0,410.0,23.0,30.0
2023-12-22 17:00:04,0.0,33.0,408.0,23.0,30.0
2023-12-22 17:10:04,0.0,33.0,404.0,23.0,30.0
2023-12-22 17:20:04,0.0,33.0,411.0,23.0,30.0
2023-12-22 17:30:04,0.0,0.0,415.0,23.0,29.0
2023-12-22 17:40:04,0.0,0.0,406.0,23.0,29.0
2023-12-22 17:50:04,0.0,0.0,392.0,23.0,29.0
2023-12-22 18:00:04,0.0,0.0,405.0,23.0,29.0
2023-12-22 18:10:04,0.0,0.0,391.0,23.0,29.0
2023-12-22 18:20:04,0.0,0.0,402.0,23.0,29.0
2023-12-22 18:30:04,0.0,0.0,403.0,23.0,29.0
2023-12-22 18:40:04,0.0,0.0,390.0,23.0,29.0
2023-12-22 18:50:04,0.0,0.0,402.0,23.0,29.0
2023-12-22 19:00:04,0.0,0.0,395.0,23.0,29.0
2023-12-22 19:10:04,0.0,0.0,383.0,22.9,29.0
2023-12-22 19:20:04,0.0,0.0,381.0,22.9,29.0
2023-12-22 19:30:03,0.0,0.0,390.0,22.9,29.0
2023-12-22 19:40:04,0.0,0.0,382.0,22.9,29.0
2023-12-22 19:50:03,0.0,0.0,395.0,23.0,29.0
2023-12-22 20:00:03,0.0,0.0,374.0,23.0,29.0
2023-12-22 20:10:03,0.0,0.0,392.0,22.9,29.0
2023-12-22 20:20:03,0.0,0.0,382.0,23.0,29.0
2023-12-22 20:30:03,0.0,0.0,384.0,22.9,29.0
2023-12-22 20:40:03,0.0,0.0,375.0,23.0,29.0
2023-12-22 20:50:03,0.0,0.0,388.0,22.9,29.0
2023-12-22 21:00:03,0.0,0.0,390.0,22.9,29.0
2023-12-22 21:10:03,0.0,0.0,384.0,22.9,29.0
2023-12-22 21:20:03,0.0,0.0,374.0,22.9,29.0
2023-12-22 21:30:03,0.0,0.0,374.0,22.9,29.0
2023-12-22 21:40:03,1.0,0.0,391.0,22.9,29.0
2023-12-22 21:50:03,0.0,0.0,385.0,22.9,29.0
2023-12-22 22:00:03,0.0,0.0,371.0,22.9,28.0
2023-12-22 22:10:03,0.0,0.0,384.0,22.9,29.0
2023-12-22 22:20:03,0.0,0.0,384.0,22.9,28.0
2023-12-22 22:30:03,0.0,0.0,375.0,22.9,28.0
2023-12-22 22:40:03,0.0,0.0,388.0,22.9,28.0
2023-12-22 22:50:03,0.0,0.0,393.0,22.9,28.0
2023-12-22 23:00:03,0.0,0.0,374.0,22.9,28.0
2023-12-22 23:10:03,0.0,0.0,382.0,22.9,28.0
2023-12-22 23:20:03,0.0,0.0,374.0,22.9,28.0
2023-12-22 23:30:02,0.0,0.0,370.0,22.9,28.0
2023-12-22 23:40:02,0.0,0.0,378.0,22.9,28.0
2023-12-22 23:50:02,0.0,0.0,380.0,22.9,28.0
2023-12-23 00:00:03,0.0,0.0,377.0,22.9,28.0
2023-12-23 00:10:02,0.0,0.0,382.0,22.9,28.0
2023-12-23 00:20:02,0.0,0.0,380.0,22.9,28.0
2023-12-23 00:30:02,0.0,0.0,380.0,22.9,28.0
2023-12-23 00:40:02,0.0,0.0,379.0,22.9,28.0
2023-12-23 00:50:02,0.0,0.0,371.0,22.9,28.0
2023-12-23 01:00:02,0.0,0.0,379.0,22.9,28.0
2023-12-23 01:10:02,0.0,0.0,390.0,22.9,28.0
2023-12-23 01:20:02,0.0,0.0,381.0,22.9,28.0
2023-12-23 01:30:02,0.0,0.0,374.0,22.9,28.0
2023-12-23 01:40:02,0.0,0.0,371.0,22.9,28.0
2023-12-23 01:50:02,0.0,0.0,378.0,22.9,28.0
2023-12-23 02:00:02,0.0,0.0,374.0,22.9,28.0
2023-12-23 02:10:02,0.0,0.0,372.0,22.9,28.0
2023-12-23 02:20:02,0.0,0.0,366.0,22.9,28.0
2023-12-23 02:30:02,0.0,0.0,372.0,22.9,28.0
2023-12-23 02:40:02,0.0,0.0,378.0,22.9,28.0
2023-12-23 02:50:02,0.0,0.0,376.0,22.9,28.0
2023-12-23 03:00:02,0.0,0.0,371.0,22.9,28.0
2023-12-23 03:10:02,0.0,0.0,374.0,22.8,28.0
2023-12-23 03:20:02,0.0,0.0,377.0,22.9,28.0
2023-12-23 03:30:01,0.0,0.0,360.0,22.9,28.0
2023-12-23 03:40:01,0.0,0.0,358.0,22.9,28.0
2023-12-23 03:50:01,0.0,0.0,375.0,22.9,28.0
2023-12-23 04:00:01,0.0,0.0,364.0,22.9,28.0
2023-12-23 04:10:02,0.0,0.0,361.0,22.9,28.0
2023-12-23 04:20:01,0.0,0.0,377.0,22.9,28.0
2023-12-23 04:30:01,0.0,0.0,370.0,22.9,28.0
2023-12-23 04:40:01,1.0,33.0,364.0,22.9,28.0
2023-12-23 04:50:01,0.0,33.0,371.0,22.9,28.0
2023-12-23 05:00:01,0.0,0.0,372.0,22.9,28.0
2023-12-23 05:10:01,0.0,0.0,382.0,22.9,28.0
2023-12-23 05:20:01,0.0,0.0,378.0,22.9,28.0
2023-12-23 05:30:01,0.0,0.0,380.0,22.9,28.0
2023-12-23 05:40:01,0.0,0.0,375.0,22.8,28.0
2023-12-23 05:50:01,0.0,0.0,370.0,22.9,28.0
2023-12-23 06:00:01,0.0,0.0,369.0,22.9,28.0
2023-12-23 06:10:01,0.0,0.0,363.0,22.9,28.0
2023-12-23 06:20:01,0.0,0.0,371.0,22.8,28.0
2023-12-23 06:30:01,0.0,0.0,384.0,22.9,28.0
2023-12-23 06:40:01,0.0,0.0,364.0,22.9,28.0
2023-12-23 06:50:01,0.0,0.0,364.0,22.9,28.0
2023-12-23 07:00:01,0.0,0.0,371.0,22.9,28.0
2023-12-23 07:10:01,0.0,0.0,366.0,22.9,28.0
2023-12-23 07:20:00,0.0,0.0,381.0,22.8,28.0
2023-12-23 07:30:00,0.0,0.0,378.0,22.9,28.0
2023-12-23 07:40:00,0.0,3.0,376.0,22.9,28.0
2023-12-23 07:50:00,0.0,3.0,365.0,22.9,28.0
2023-12-23 08:00:00,0.0,3.0,387.0,22.9,28.0
2023-12-23 08:10:00,0.0,3.0,385.0,22.9,28.0
2023-12-23 08:20:00,0.0,3.0,377.0,22.8,28.0
2023-12-23 08:30:00,0.0,3.0,392.0,22.8,28.0
2023-12-23 08:40:00,0.0,3.0,383.0,22.9,28.0
2023-12-23 08:50:00,0.0,3.0,387.0,22.8,28.0
2023-12-23 09:00:00,0.0,3.0,386.0,22.8,28.0
2023-12-23 09:10:00,0.0,6.0,382.0,22.9,28.0
2023-12-23 09:20:00,0.0,6.0,392.0,22.9,28.0
2023-12-23 09:30:00,0.0,6.0,371.0,22.8,28.0
2023-12-23 09:40:00,0.0,6.0,373.0,22.9,28.0
2023-12-23 09:50:00,0.0,6.0,381.0,22.9,28.0
2023-12-23 10:00:00,0.0,6.0,390.0,22.8,28.0
2023-12-23 10:10:00,1.0,6.0,372.0,22.8,28.0
2023-12-23 10:20:00,0.0,3.0,387.0,22.8,28.0
2023-12-23 10:30:00,0.0,3.0,384.0,22.9,28.0
2023-12-23 10:40:00,0.0,3.0,374.0,22.8,28.0
2023-12-23 10:50:00,0.0,6.0,377.0,22.8,28.0
2023-12-23 11:00:00,0.0,6.0,384.0,22.9,28.0
2023-12-23 11:09:59,0.0,6.0,380.0,22.8,28.0
2023-12-23 11:19:59,0.0,6.0,387.0,22.9,28.0
2023-12-23 11:29:59,0.0,6.0,396.0,22.8,28.0
2023-12-23 11:39:59,0.0,3.0,387.0,22.8,28.0
2023-12-23 11:49:59,0.0,6.0,382.0,22.8,28.0
2023-12-23 11:59:59,0.0,3.0,388.0,22.8,28.0
2023-12-23 12:09:59,0.0,6.0,371.0,22.8,28.0
2023-12-23 12:19:59,0.0,6.0,385.0,22.8,28.0
2023-12-23 12:29:59,0.0,3.0,386.0,22.9,28.0
2023-12-23 12:39:59,0.0,3.0,388.0,22.9,28.0
2023-12-23 12:49:59,0.0,3.0,374.0,22.8,28.0
2023-12-23 12:59:59,0.0,3.0,378.0,22.8,28.0
2023-12-23 13:09:59,0.0,3.0,383.0,22.8,28.0
2023-12-23 13:19:59,0.0,3.0,390.0,22.8,28.0
2023-12-23 13:29:59,0.0,3.0,378.0,22.8,28.0
2023-12-23 13:39:59,0.0,3.0,391.0,22.8,28.0
2023-12-23 13:49:59,0.0,3.0,371.0,22.8,28.0
2023-12-23 13:59:59,0.0,3.0,375.0,22.8,28.0
2023-12-23 14:09:59,0.0,3.0,388.0,22.9,28.0
2023-12-23 14:19:59,0.0,0.0,380.0,22.8,28.0
2023-12-23 14:29:59,0.0,0.0,384.0,22.8,28.0
2023-12-23 14:39:59,0.0,0.0,392.0,22.8,28.0
2023-12-23 14:49:59,0.0,0.0,363.0,22.8,28.0
2023-12-23 14:59:58,0.0,0.0,381.0,22.8,28.0
2023-12-23 15:09:58,0.0,0.0,381.0,22.8,28.0
2023-12-23 15:19:58,0.0,0.0,372.0,22.8,28.0
2023-12-23 15:29:58,0.0,0.0,383.0,22.8,28.0
2023-12-23 15:39:58,0.0,0.0,374.0,22.8,28.0
2023-12-23 15:49:58,0.0,0.0,383.0,22.8,28.0
2023-12-23 15:59:58,0.0,0.0,373.0,22.8,28.0
2023-12-23 16:09:58,0.0,0.0,414.0,22.8,28.0
2023-12-23 16:19:58,0.0,0.0,412.0,22.8,28.0
2023-12-23 16:29:58,0.0,0.0,413.0,22.8,28.0
2023-12-23 16:39:58,0.0,0.0,398.0,22.8,28.0
2023-12-23 16:49:58,0.0,0.0,398.0,22.8,28.0
2023-12-23 16:59:58,0.0,0.0,414.0,22.8,28.0
2023-12-23 17:09:58,0.0,0.0,403.0,22.8,28.0
2023-12-23 17:19:58,0.0,0.0,403.0,22.8,28.0
2023-12-23 17:29:58,0.0,0.0,398.0,22.8,28.0
2023-12-23 17:39:58,0.0,0.0,415.0,22.8,28.0
2023-12-23 17:49:58,0.0,0.0,404.0,22.8,28.0
2023-12-23 17:59:58,0.0,0.0,414.0,22.8,28.0
2023-12-23 18:09:58,0.0,0.0,400.0,22.8,28.0
2023-12-23 18:19:58,0.0,0.0,405.0,22.8,28.0
2023-12-23 18:29:58,0.0,0.0,410.0,22.8,28.0
2023-12-23 18:39:58,0.0,0.0,395.0,22.8,28.0
2023-12-23 18:49:58,0.0,0.0,413.0,22.8,28.0
2023-12-23 18:59:58,0.0,0.0,407.0,22.8,28.0
2023-12-23 19:09:57,0.0,0.0,406.0,22.8,28.0
2023-12-23 19:19:58,0.0,0.0,411.0,22.8,28.0
2023-12-23 19:29:57,0.0,0.0,413.0,22.8,28.0
2023-12-23 19:39:57,0.0,0.0,404.0,22.8,28.0
2023-12-23 19:49:57,0.0,0.0,411.0,22.8,28.0
2023-12-23 19:59:57,0.0,0.0,410.0,22.8,28.0
2023-12-23 20:09:57,0.0,0.0,408.0,22.7,28.0
2023-12-23 20:19:57,0.0,0.0,406.0,22.8,28.0
2023-12-23 20:29:57,0.0,0.0,398.0,22.8,28.0
2023-12-23 20:39:57,0.0,0.0,404.0,22.8,28.0
2023-12-23 20:49:57,0.0,0.0,403.0,22.8,28.0
2023-12-23 20:59:57,0.0,0.0,403.0,22.8,28.0
2023-12-23 21:09:57,0.0,0.0,402.0,22.8,28.0
2023-12-23 21:19:57,0.0,0.0,408.0,22.8,28.0
2023-12-23 21:29:57,0.0,0.0,412.0,22.8,28.0
2023-12-23 21:39:57,0.0,0.0,401.0,22.8,28.0
2023-12-23 21:49:57,0.0,0.0,398.0,22.8,28.0
2023-12-23 21:59:57,0.0,0.0,404.0,22.8,28.0
2023-12-23 22:09:57,0.0,0.0,399.0,22.8,28.0
2023-12-23 22:19:57,0.0,0.0,399.0,22.8,28.0
2023-12-23 22:29:57,0.0,0.0,401.0,22.8,28.0
2023-12-23 22:39:57,0.0,0.0,417.0,22.8,28.0
2023-12-23 22:49:56,0.0,0.0,387.0,22.8,28.0
2023-12-23 22:59:56,0.0,0.0,406.0,22.8,28.0
2023-12-23 23:09:56,0.0,0.0,407.0,22.8,28.0
2023-12-23 23:19:56,0.0,0.0,402.0,22.8,28.0
2023-12-23 23:29:56,0.0,0.0,412.0,22.8,28.0
2023-12-23 23:39:56,0.0,0.0,407.0,22.7,28.0
2023-12-23 23:49:56,0.0,0.0,415.0,22.8,28.0
2023-12-23 23:59:56,0.0,0.0,411.0,22.8,28.0
2023-12-24 00:09:56,0.0,0.0,408.0,22.8,28.0
2023-12-24 00:19:57,0.0,0.0,391.0,22.8,28.0
2023-12-24 00:29:56,0.0,0.0,409.0,22.8,28.0
2023-12-24 00:39:56,0.0,0.0,407.0,22.8,28.0
2023-12-24 00:49:56,0.0,0.0,410.0,22.8,28.0
2023-12-24 00:59:56,0.0,0.0,400.0,22.8,28.0
2023-12-24 01:09:56,0.0,0.0,395.0,22.8,28.0
2023-12-24 01:19:56,0.0,0.0,409.0,22.8,28.0
2023-12-24 01:29:56,0.0,0.0,396.0,22.7,28.0
2023-12-24 01:39:56,0.0,0.0,406.0,22.7,27.0
2023-12-24 01:49:56,0.0,0.0,411.0,22.7,28.0
2023-12-24 01:59:56,0.0,0.0,414.0,22.8,27.0
2023-12-24 02:09:56,0.0,0.0,402.0,22.8,27.0
2023-12-24 02:19:56,0.0,0.0,395.0,22.8,27.0
2023-12-24 02:29:56,0.0,0.0,402.0,22.7,27.0
2023-12-24 02:39:56,0.0,0.0,388.0,22.8,28.0
2023-12-24 02:49:55,0.0,0.0,407.0,22.8,28.0
2023-12-24 02:59:56,0.0,0.0,398.0,22.8,27.0
2023-12-24 03:09:55,0.0,0.0,396.0,22.7,27.0
2023-12-24 03:19:55,0.0,0.0,394.0,22.7,28.0
2023-12-24 03:29:55,0.0,0.0,412.0,22.8,28.0
2023-12-24 03:39:55,0.0,0.0,409.0,22.8,28.0
2023-12-24 03:49:55,0.0,0.0,410.0,22.8,28.0
2023-12-24 03:59:55,0.0,0.0,404.0,22.7,28.0
2023-12-24 04:09:55,0.0,0.0,414.0,22.8,28.0
2023-12-24 04:19:55,0.0,0.0,400.0,22.7,28.0
2023-12-24 04:29:55,0.0,0.0,416.0,22.8,28.0
2023-12-24 04:39:55,0.0,0.0,408.0,22.8,28.0
2023-12-24 04:49:55,0.0,0.0,401.0,22.7,28.0
2023-12-24 04:59:55,0.0,0.0,393.0,22.7,28.0
2023-12-24 05:09:55,0.0,0.0,410.0,22.8,28.0
2023-12-24 05:19:55,0.0,0.0,403.0,22.8,28.0
2023-12-24 05:29:55,0.0,0.0,397.0,22.7,28.0
2023-12-24 05:39:55,0.0,0.0,410.0,22.8,28.0
2023-12-24 05:49:55,0.0,0.0,415.0,22.8,28.0
2023-12-24 05:59:55,0.0,0.0,402.0,22.7,28.0
2023-12-24 06:09:55,0.0,0.0,398.0,22.7,28.0
2023-12-24 06:19:55,0.0,0.0,406.0,22.8,28.0
2023-12-24 06:29:55,0.0,0.0,394.0,22.7,28.0
2023-12-24 06:39:54,0.0,0.0,406.0,22.7,28.0
2023-12-24 06:49:54,0.0,0.0,401.0,22.7,28.0
2023-12-24 06:59:54,0.0,0.0,403.0,22.8,28.0
2023-12-24 07:09:54,0.0,0.0,398.0,22.7,28.0
2023-12-24 07:19:54,0.0,0.0,388.0,22.7,28.0
2023-12-24 07:29:54,0.0,0.0,409.0,22.7,28.0
2023-12-24 07:39:54,0.0,0.0,402.0,22.8,28.0
2023-12-24 07:49:54,0.0,0.0,422.0,22.8,28.0
2023-12-24 07:59:54,0.0,0.0,404.0,22.8,28.0
2023-12-24 08:09:54,0.0,3.0,406.0,22.7,28.0
2023-12-24 08:19:54,0.0,3.0,406.0,22.7,28.0
2023-12-24 08:29:54,0.0,3.0,402.0,22.7,28.0
2023-12-24 08:39:54,0.0,3.0,392.0,22.8,28.0
2023-12-24 08:49:54,0.0,3.0,404.0,22.7,28.0
2023-12-24 08:59:54,0.0,3.0,404.0,22.8,28.0
2023-12-24 09:09:54,0.0,3.0,409.0,22.8,28.0
2023-12-24 09:19:54,0.0,3.0,403.0,22.7,28.0
2023-12-24 09:29:54,1.0,3.0,412.0,22.7,28.0
2023-12-24 09:39:54,0.0,3.0,405.0,22.7,28.0
2023-12-24 09:49:54,0.0,3.0,410.0,22.7,28.0
2023-12-24 09:59:54,0.0,3.0,407.0,22.7,28.0
2023-12-24 10:09:54,0.0,3.0,417.0,22.7,28.0
2023-12-24 10:19:54,0.0,3.0,406.0,22.7,28.0
2023-12-24 10:29:54,0.0,3.0,400.0,22.8,28.0
2023-12-24 10:39:53,0.0,3.0,414.0,22.7,28.0
2023-12-24 10:49:53,0.0,3.0,411.0,22.7,28.0
2023-12-24 10:59:54,0.0,3.0,414.0,22.7,28.0
2023-12-24 11:09:53,0.0,3.0,415.0,22.7,28.0
2023-12-24 11:19:53,0.0,3.0,406.0,22.7,28.0
2023-12-24 11:29:53,0.0,3.0,404.0,22.7,28.0
2023-12-24 11:39:53,0.0,3.0,413.0,22.7,29.0
2023-12-24 11:49:53,0.0,3.0,411.0,22.7,29.0
2023-12-24 11:59:53,0.0,3.0,403.0,22.7,29.0
2023-12-24 12:09:53,0.0,3.0,413.0,22.6,29.0
2023-12-24 12:19:53,0.0,3.0,411.0,22.7,29.0
2023-12-24 12:29:53,0.0,3.0,398.0,22.7,29.0
2023-12-24 12:39:53,0.0,3.0,414.0,22.7,29.0
2023-12-24 12:49:54,0.0,3.0,410.0,22.7,29.0
2023-12-24 12:59:53,0.0,3.0,420.0,22.7,29.0
2023-12-24 13:09:53,0.0,3.0,404.0,22.7,29.0
2023-12-24 13:19:53,0.0,3.0,412.0,22.7,29.0
2023-12-24 13:29:53,0.0,3.0,408.0,22.7,29.0
2023-12-24 13:39:53,0.0,3.0,415.0,22.7,29.0
2023-12-24 13:49:53,0.0,0.0,407.0,22.7,29.0
2023-12-24 13:59:53,0.0,0.0,418.0,22.7,29.0
2023-12-24 14:09:53,0.0,0.0,407.0,22.7,29.0
2023-12-24 14:19:53,0.0,0.0,402.0,22.7,29.0
2023-12-24 14:29:52,0.0,0.0,416.0,22.7,29.0
2023-12-24 14:39:52,0.0,0.0,411.0,22.7,29.0
2023-12-24 14:49:52,0.0,0.0,412.0,22.7,29.0
2023-12-24 14:59:52,0.0,0.0,411.0,22.7,29.0
2023-12-24 15:09:52,0.0,0.0,404.0,22.7,29.0
2023-12-24 15:19:52,0.0,0.0,417.0,22.7,29.0
2023-12-24 15:29:52,0.0,0.0,408.0,22.7,29.0
2023-12-24 15:39:52,0.0,0.0,414.0,22.7,29.0
2023-12-24 15:49:52,0.0,0.0,418.0,22.6,29.0
2023-12-24 15:59:52,0.0,0.0,414.0,22.7,30.0
2023-12-24 16:09:52,0.0,0.0,411.0,22.7,29.0
2023-12-24 16:19:52,0.0,0.0,411.0,22.7,30.0
2023-12-24 16:29:52,0.0,0.0,412.0,22.7,30.0
2023-12-24 16:39:52,0.0,0.0,407.0,22.7,30.0
2023-12-24 16:49:52,0.0,0.0,429.0,22.7,30.0
2023-12-24 16:59:52,0.0,0.0,421.0,22.7,30.0
2023-12-24 17:09:52,0.0,0.0,421.0,22.7,30.0
2023-12-24 17:19:52,0.0,0.0,400.0,22.7,30.0
2023-12-24 17:29:52,0.0,0.0,409.0,22.7,30.0
2023-12-24 17:39:52,0.0,0.0,404.0,22.7,30.0
2023-12-24 17:49:52,0.0,0.0,416.0,22.7,30.0
2023-12-24 17:59:52,0.0,0.0,417.0,22.7,30.0
2023-12-24 18:09:52,0.0,0.0,416.0,22.7,30.0
2023-12-24 18:19:51,0.0,0.0,418.0,22.7,30.0
2023-12-24 18:29:52,0.0,0.0,428.0,22.7,30.0
2023-12-24 18:39:51,0.0,0.0,401.0,22.6,30.0
2023-12-24 18:49:51,0.0,0.0,412.0,22.7,31.0
2023-12-24 18:59:51,0.0,0.0,419.0,22.7,31.0
2023-12-24 19:09:51,0.0,0.0,413.0,22.7,31.0
2023-12-24 19:19:51,0.0,0.0,414.0,22.7,30.0
2023-12-24 19:29:51,0.0,0.0,412.0,22.7,31.0
2023-12-24 19:39:51,0.0,0.0,412.0,22.7,31.0
2023-12-24 19:49:51,0.0,0.0,407.0,22.7,31.0
2023-12-24 19:59:51,0.0,0.0,402.0,22.7,31.0
2023-12-24 20:09:51,0.0,0.0,416.0,22.7,31.0
2023-12-24 20:19:51,0.0,0.0,416.0,22.7,31.0
2023-12-24 20:29:51,0.0,0.0,395.0,22.7,31.0
2023-12-24 20:39:51,0.0,0.0,419.0,22.7,31.0
2023-12-24 20:49:51,0.0,0.0,400.0,22.6,31.0
2023-12-24 20:59:51,0.0,0.0,411.0,22.7,31.0
2023-12-24 21:09:51,0.0,0.0,389.0,22.7,31.0
2023-12-24 21:19:51,0.0,0.0,399.0,22.7,31.0
2023-12-24 21:29:51,0.0,0.0,394.0,22.7,31.0
2023-12-24 21:39:51,0.0,0.0,406.0,22.7,31.0
2023-12-24 21:49:51,0.0,0.0,392.0,22.7,31.0
2023-12-24 21:59:51,0.0,0.0,397.0,22.7,31.0
2023-12-24 22:09:51,0.0,0.0,414.0,22.7,31.0
2023-12-24 22:19:50,0.0,0.0,393.0,22.7,31.0
2023-12-24 22:29:50,0.0,0.0,402.0,22.7,31.0
2023-12-24 22:39:50,0.0,0.0,408.0,22.7,31.0
2023-12-24 22:49:50,0.0,0.0,397.0,22.7,31.0
2023-12-24 22:59:50,0.0,0.0,399.0,22.7,31.0
2023-12-24 23:09:50,0.0,0.0,406.0,22.7,31.0
2023-12-24 23:19:50,0.0,0.0,408.0,22.7,31.0
2023-12-24 23:29:50,0.0,0.0,402.0,22.7,31.0
2023-12-24 23:39:50,0.0,0.0,405.0,22.7,31.0
2023-12-24 23:49:50,0.0,0.0,390.0,22.7,31.0
2023-12-24 23:59:50,0.0,0.0,392.0,22.7,31.0
2023-12-25 00:09:50,0.0,0.0,396.0,22.7,31.0
2023-12-25 00:19:50,0.0,0.0,401.0,22.7,31.0
2023-12-25 00:29:50,0.0,0.0,393.0,22.7,31.0
2023-12-25 00:39:50,0.0,0.0,390.0,22.7,31.0
2023-12-25 00:49:50,0.0,0.0,396.0,22.7,31.0
2023-12-25 00:59:50,0.0,0.0,404.0,22.7,31.0
2023-12-25 01:09:50,0.0,0.0,395.0,22.7,31.0
2023-12-25 01:19:50,0.0,0.0,389.0,22.7,31.0
2023-12-25 01:29:50,0.0,0.0,390.0,22.6,31.0
2023-12-25 01:39:50,0.0,0.0,407.0,22.8,31.0
2023-12-25 01:49:50,0.0,0.0,396.0,22.7,31.0
2023-12-25 01:59:50,0.0,0.0,403.0,22.7,31.0
2023-12-25 02:09:49,0.0,0.0,397.0,22.7,31.0
2023-12-25 02:19:50,0.0,0.0,402.0,22.7,31.0
2023-12-25 02:29:49,0.0,0.0,396.0,22.7,31.0
2023-12-25 02:39:49,0.0,0.0,391.0,22.7,32.0
2023-12-25 02:49:49,0.0,0.0,381.0,22.7,31.0
2023-12-25 02:59:49,0.0,0.0,397.0,22.7,31.0
2023-12-25 03:09:49,0.0,0.0,403.0,22.7,32.0
2023-12-25 03:19:49,0.0,0.0,382.0,22.7,31.0
2023-12-25 03:29:49,0.0,0.0,385.0,22.7,31.0
2023-12-25 03:39:49,0.0,0.0,398.0,22.7,31.0
2023-12-25 03:49:49,0.0,0.0,396.0,22.7,31.0
2023-12-25 03:59:49,0.0,0.0,394.0,22.7,32.0
2023-12-25 04:09:49,0.0,0.0,395.0,22.7,32.0
2023-12-25 04:19:49,0.0,0.0,395.0,22.7,31.0
2023-12-25 04:29:49,0.0,0.0,384.0,22.7,32.0
2023-12-25 04:39:49,0.0,0.0,388.0,22.7,32.0
2023-12-25 04:49:49,0.0,0.0,395.0,22.7,32.0
2023-12-25 04:59:49,0.0,0.0,393.0,22.7,32.0
2023-12-25 05:09:49,0.0,0.0,400.0,22.7,31.0
2023-12-25 05:19:49,0.0,0.0,406.0,22.7,32.0
2023-12-25 05:29:49,0.0,0.0,397.0,22.7,31.0
2023-12-25 05:39:49,0.0,0.0,390.0,22.7,31.0
2023-12-25 05:49:49,0.0,0.0,383.0,22.7,32.0
2023-12-25 05:59:49,0.0,0.0,386.0,22.7,31.0
2023-12-25 06:09:48,0.0,0.0,390.0,22.7,31.0
2023-12-25 06:19:48,0.0,0.0,399.0,22.7,31.0
2023-12-25 06:29:48,0.0,0.0,382.0,22.7,31.0
2023-12-25 06:39:48,0.0,0.0,405.0,22.7,31.0
2023-12-25 06:49:48,0.0,0.0,409.0,22.7,31.0
2023-12-25 06:59:48,0.0,0.0,392.0,22.7,31.0
2023-12-25 07:09:48,0.0,0.0,401.0,22.7,31.0
2023-12-25 07:19:48,0.0,0.0,400.0,22.7,31.0
2023-12-25 07:29:48,0.0,0.0,392.0,22.7,31.0
2023-12-25 07:39:48,0.0,0.0,412.0,22.7,31.0
2023-12-25 07:49:48,0.0,0.0,405.0,22.7,31.0
2023-12-25 07:59:48,1.0,33.0,404.0,22.7,31.0
2023-12-25 08:09:48,0.0,33.0,393.0,22.7,31.0
2023-12-25 08:19:48,2.0,33.0,404.0,22.7,31.0
2023-12-25 08:29:48,1.0,33.0,412.0,22.7,31.0
2023-12-25 08:39:48,0.0,3.0,416.0,22.7,32.0
2023-12-25 08:49:48,1.0,3.0,428.0,22.7,32.0
2023-12-25 08:59:48,0.0,3.0,429.0,22.8,32.0
2023-12-25 09:09:48,0.0,3.0,430.0,22.7,32.0
2023-12-25 09:19:48,0.0,3.0,435.0,22.7,32.0
2023-12-25 09:29:48,0.0,3.0,428.0,22.7,32.0
2023-12-25 09:39:48,0.0,3.0,425.0,22.7,32.0
2023-12-25 09:49:48,0.0,3.0,422.0,22.7,32.0
2023-12-25 09:59:47,0.0,3.0,403.0,22.7,32.0
2023-12-25 10:09:47,0.0,3.0,421.0,22.7,32.0
2023-12-25 10:19:47,0.0,3.0,404.0,22.7,32.0
2023-12-25 10:29:47,0.0,3.0,419.0,22.7,31.0
2023-12-25 10:39:47,0.0,3.0,409.0,22.7,32.0
2023-12-25 10:49:47,0.0,6.0,417.0,22.7,32.0
2023-12-25 10:59:47,0.0,6.0,421.0,22.7,31.0
2023-12-25 11:09:47,0.0,6.0,408.0,22.7,31.0
2023-12-25 11:19:47,0.0,6.0,408.0,22.7,31.0
2023-12-25 11:29:47,0.0,3.0,402.0,22.7,32.0
2023-12-25 11:39:47,0.0,3.0,408.0,22.6,31.0
2023-12-25 11:49:47,0.0,3.0,412.0,22.7,31.0
2023-12-25 11:59:47,0.0,3.0,413.0,22.7,31.0
2023-12-25 12:09:47,0.0,3.0,417.0,22.6,31.0
2023-12-25 12:19:47,0.0,3.0,410.0,22.7,31.0
2023-12-25 12:29:47,0.0,3.0,413.0,22.7,31.0
2023-12-25 12:39:47,0.0,3.0,405.0,22.7,31.0
2023-12-25 12:49:47,0.0,3.0,402.0,22.7,31.0
2023-12-25 12:59:47,0.0,3.0,413.0,22.7,31.0
2023-12-25 13:09:47,0.0,3.0,413.0,22.7,31.0
2023-12-25 13:19:47,0.0,3.0,405.0,22.7,31.0
2023-12-25 13:29:47,0.0,3.0,405.0,22.7,31.0
2023-12-25 13:39:47,0.0,3.0,394.0,22.7,31.0
2023-12-25 13:49:47,0.0,3.0,397.0,22.7,31.0
2023-12-25 13:59:46,1.0,3.0,409.0,22.7,31.0
2023-12-25 14:09:46,0.0,0.0,415.0,22.7,31.0
2023-12-25 14:19:46,0.0,3.0,406.0,22.7,31.0
2023-12-25 14:29:46,0.0,0.0,398.0,22.7,31.0
2023-12-25 14:39:46,0.0,0.0,405.0,22.6,31.0
2023-12-25 14:49:46,0.0,0.0,412.0,22.7,31.0
2023-12-25 14:59:46,0.0,0.0,399.0,22.7,31.0
2023-12-25 15:09:46,0.0,0.0,414.0,22.7,31.0
2023-12-25 15:19:46,0.0,0.0,406.0,22.7,31.0
2023-12-25 15:29:46,0.0,0.0,411.0,22.7,31.0
2023-12-25 15:39:46,0.0,0.0,409.0,22.7,31.0
2023-12-25 15:49:46,0.0,0.0,405.0,22.6,31.0
2023-12-25 15:59:46,0.0,0.0,405.0,22.7,31.0
2023-12-25 16:09:46,0.0,0.0,396.0,22.7,31.0
2023-12-25 16:19:46,0.0,0.0,400.0,22.7,31.0
2023-12-25 16:29:46,0.0,0.0,395.0,22.6,31.0
2023-12-25 16:39:46,0.0,0.0,402.0,22.7,31.0
2023-12-25 16:49:46,0.0,0.0,403.0,22.7,31.0
2023-12-25 16:59:46,0.0,0.0,401.0,22.7,31.0
2023-12-25 17:09:46,0.0,0.0,407.0,22.7,31.0
2023-12-25 17:19:46,0.0,0.0,402.0,22.7,31.0
2023-12-25 17:29:46,0.0,0.0,411.0,22.7,31.0
2023-12-25 17:39:46,0.0,0.0,407.0,22.7,31.0
2023-12-25 17:49:45,0.0,0.0,396.0,22.7,31.0
2023-12-25 17:59:45,0.0,0.0,414.0,22.7,31.0
2023-12-25 18:09:45,0.0,0.0,404.0,22.6,31.0
2023-12-25 18:19:45,0.0,0.0,400.0,22.7,31.0
2023-12-25 18:29:45,0.0,0.0,397.0,22.7,31.0
2023-12-25 18:39:45,0.0,0.0,406.0,22.7,31.0
2023-12-25 18:49:45,0.0,0.0,402.0,22.7,31.0
2023-12-25 18:59:45,0.0,0.0,397.0,22.7,31.0
2023-12-25 19:09:45,0.0,0.0,409.0,22.7,31.0
2023-12-25 19:19:45,0.0,0.0,399.0,22.7,31.0
2023-12-25 19:29:45,0.0,0.0,411.0,22.7,31.0
2023-12-25 19:39:45,0.0,0.0,408.0,22.7,31.0
2023-12-25 19:49:45,0.0,0.0,418.0,22.7,31.0
2023-12-25 19:59:45,0.0,0.0,404.0,22.7,31.0
2023-12-25 20:09:45,0.0,0.0,398.0,22.7,31.0
2023-12-25 20:19:45,0.0,0.0,392.0,22.7,31.0
2023-12-25 20:29:45,0.0,0.0,392.0,22.7,31.0
2023-12-25 20:39:45,0.0,0.0,413.0,22.7,31.0
2023-12-25 20:49:45,0.0,0.0,398.0,22.7,31.0
2023-12-25 20:59:45,0.0,0.0,401.0,22.7,31.0
2023-12-25 21:09:45,0.0,0.0,392.0,22.7,31.0
2023-12-25 21:19:45,0.0,0.0,388.0,22.7,31.0
2023-12-25 21:29:45,0.0,0.0,399.0,22.7,31.0
2023-12-25 21:39:45,0.0,0.0,397.0,22.7,31.0
2023-12-25 21:49:44,0.0,0.0,399.0,22.7,31.0
2023-12-25 21:59:44,0.0,0.0,389.0,22.7,31.0
2023-12-25 22:09:44,0.0,0.0,402.0,22.7,31.0
2023-12-25 22:19:44,0.0,0.0,404.0,22.7,31.0
2023-12-25 22:29:44,0.0,0.0,396.0,22.7,31.0
2023-12-25 22:39:44,0.0,0.0,405.0,22.7,31.0
2023-12-25 22:49:44,0.0,0.0,398.0,22.7,31.0
2023-12-25 22:59:44,0.0,0.0,392.0,22.7,31.0
2023-12-25 23:09:44,0.0,0.0,379.0,22.8,31.0
2023-12-25 23:19:44,0.0,0.0,387.0,22.7,31.0
2023-12-25 23:29:44,0.0,0.0,389.0,22.7,31.0
2023-12-25 23:39:44,0.0,0.0,408.0,22.7,31.0
2023-12-25 23:49:44,0.0,0.0,404.0,22.7,31.0
2023-12-25 23:59:44,0.0,0.0,398.0,22.7,31.0
2023-12-26 00:09:44,0.0,0.0,397.0,22.7,31.0
2023-12-26 00:19:44,0.0,0.0,402.0,22.7,31.0
2023-12-26 00:29:44,0.0,0.0,410.0,22.8,30.0
2023-12-26 00:39:44,0.0,0.0,397.0,22.7,31.0
2023-12-26 00:49:44,0.0,0.0,393.0,22.7,30.0
2023-12-26 00:59:44,0.0,0.0,403.0,22.7,30.0
2023-12-26 01:09:44,0.0,0.0,406.0,22.7,31.0
2023-12-26 01:19:44,0.0,0.0,392.0,22.7,31.0
2023-12-26 01:29:44,0.0,0.0,413.0,22.7,31.0
2023-12-26 01:39:43,0.0,0.0,393.0,22.7,30.0
2023-12-26 01:49:43,0.0,0.0,395.0,22.7,30.0
2023-12-26 01:59:43,0.0,0.0,389.0,22.7,30.0
2023-12-26 02:09:44,0.0,0.0,395.0,22.8,30.0
2023-12-26 02:19:43,0.0,0.0,383.0,22.7,30.0
2023-12-26 02:29:43,0.0,0.0,393.0,22.8,30.0
2023-12-26 02:39:43,0.0,0.0,404.0,22.7,30.0
2023-12-26 02:49:43,0.0,0.0,393.0,22.7,31.0
2023-12-26 02:59:43,0.0,0.0,402.0,22.7,30.0
2023-12-26 03:09:43,0.0,0.0,398.0,22.8,30.0
2023-12-26 03:19:43,0.0,0.0,410.0,22.7,31.0
2023-12-26 03:29:43,0.0,0.0,406.0,22.7,31.0
2023-12-26 03:39:43,0.0,0.0,392.0,22.7,31.0
2023-12-26 03:49:43,0.0,0.0,397.0,22.7,31.0
2023-12-26 03:59:43,0.0,0.0,398.0,22.8,31.0
2023-12-26 04:09:43,0.0,0.0,389.0,22.7,31.0
2023-12-26 04:19:43,0.0,0.0,386.0,22.8,31.0
2023-12-26 04:29:43,0.0,0.0,399.0,22.8,31.0
2023-12-26 04:39:43,0.0,0.0,373.0,22.7,31.0
2023-12-26 04:49:43,0.0,0.0,392.0,22.7,31.0
2023-12-26 04:59:43,0.0,0.0,381.0,22.7,31.0
2023-12-26 05:09:43,0.0,0.0,372.0,22.7,31.0
2023-12-26 05:19:43,0.0,0.0,409.0,22.7,31.0
2023-12-26 05:29:42,0.0,0.0,406.0,22.7,31.0
2023-12-26 05:39:43,0.0,0.0,402.0,22.7,31.0
2023-12-26 05:49:42,0.0,0.0,401.0,22.7,31.0
2023-12-26 05:59:42,0.0,0.0,391.0,22.7,31.0
2023-12-26 06:09:42,0.0,0.0,408.0,22.7,31.0
2023-12-26 06:19:42,0.0,0.0,398.0,22.8,31.0
2023-12-26 06:29:42,0.0,0.0,396.0,22.7,31.0
2023-12-26 06:39:42,0.0,0.0,394.0,22.8,31.0
2023-12-26 06:49:42,0.0,0.0,405.0,22.8,31.0
2023-12-26 06:59:42,0.0,0.0,386.0,22.7,31.0
2023-12-26 07:09:42,0.0,0.0,399.0,22.8,31.0
2023-12-26 07:19:42,0.0,0.0,399.0,22.7,31.0
2023-12-26 07:29:42,2.0,33.0,406.0,22.8,31.0
2023-12-26 07:39:42,0.0,33.0,408.0,22.7,31.0
2023-12-26 07:49:42,0.0,0.0,407.0,22.8,31.0
2023-12-26 07:59:42,0.0,0.0,387.0,22.8,31.0
2023-12-26 08:09:42,0.0,0.0,412.0,22.8,31.0
2023-12-26 08:19:42,0.0,0.0,398.0,22.7,31.0
2023-12-26 08:29:42,0.0,0.0,415.0,22.7,31.0
2023-12-26 08:39:42,0.0,3.0,403.0,22.7,31.0
2023-12-26 08:49:42,0.0,3.0,407.0,22.7,32.0
2023-12-26 08:59:42,0.0,3.0,404.0,22.7,32.0
2023-12-26 09:09:42,0.0,3.0,409.0,22.7,32.0
2023-12-26 09:19:42,0.0,3.0,396.0,22.7,32.0
2023-12-26 09:29:41,0.0,3.0,407.0,22.7,32.0
2023-12-26 09:39:41,0.0,3.0,398.0,22.7,31.0
2023-12-26 09:49:41,0.0,3.0,401.0,22.7,32.0
2023-12-26 09:59:41,0.0,3.0,403.0,22.7,32.0
2023-12-26 10:09:41,0.0,3.0,406.0,22.7,31.0
2023-12-26 10:19:41,0.0,3.0,411.0,22.8,32.0
2023-12-26 10:29:41,0.0,3.0,403.0,22.7,31.0
2023-12-26 10:39:41,0.0,3.0,406.0,22.7,32.0
2023-12-26 10:49:41,0.0,3.0,390.0,22.7,32.0
2023-12-26 10:59:41,0.0,3.0,407.0,22.7,31.0
2023-12-26 11:09:41,0.0,3.0,409.0,22.7,32.0
2023-12-26 11:19:41,0.0,3.0,402.0,22.7,32.0
2023-12-26 11:29:41,0.0,3.0,409.0,22.7,32.0
2023-12-26 11:39:41,0.0,3.0,395.0,22.7,31.0
2023-12-26 11:49:41,1.0,3.0,410.0,22.7,32.0
2023-12-26 11:59:41,0.0,3.0,401.0,22.7,32.0
2023-12-26 12:09:41,0.0,3.0,400.0,22.8,32.0
2023-12-26 12:19:41,0.0,3.0,400.0,22.7,31.0
2023-12-26 12:29:41,0.0,3.0,386.0,22.8,32.0
2023-12-26 12:39:41,0.0,3.0,398.0,22.7,31.0
2023-12-26 12:49:41,0.0,3.0,418.0,22.7,32.0
2023-12-26 12:59:41,0.0,3.0,395.0,22.7,32.0
2023-12-26 13:09:41,0.0,3.0,410.0,22.7,32.0
2023-12-26 13:19:41,0.0,3.0,399.0,22.7,31.0
2023-12-26 13:29:40,0.0,3.0,407.0,22.7,32.0
2023-12-26 13:39:41,0.0,3.0,419.0,22.7,32.0
2023-12-26 13:49:40,0.0,3.0,404.0,22.7,31.0
2023-12-26 13:59:40,0.0,3.0,402.0,22.7,31.0
2023-12-26 14:09:40,0.0,3.0,402.0,22.7,31.0
2023-12-26 14:19:40,0.0,3.0,414.0,22.7,32.0
2023-12-26 14:29:40,0.0,3.0,406.0,22.7,31.0
2023-12-26 14:39:40,0.0,0.0,404.0,22.7,32.0
2023-12-26 14:49:40,0.0,0.0,405.0,22.7,32.0
2023-12-26 14:59:40,0.0,0.0,407.0,22.7,31.0
2023-12-26 15:09:40,0.0,0.0,409.0,22.7,31.0
2023-12-26 15:19:40,0.0,0.0,401.0,22.7,32.0
2023-12-26 15:29:40,0.0,0.0,393.0,22.8,31.0
2023-12-26 15:39:40,0.0,0.0,392.0,22.7,31.0
2023-12-26 15:49:40,0.0,0.0,405.0,22.7,31.0
2023-12-26 15:59:40,0.0,0.0,386.0,22.7,31.0
2023-12-26 16:09:40,0.0,0.0,407.0,22.7,31.0
2023-12-26 16:19:40,0.0,0.0,404.0,22.7,31.0
2023-12-26 16:29:40,0.0,0.0,406.0,22.7,31.0
2023-12-26 16:39:40,0.0,0.0,392.0,22.7,31.0
2023-12-26 16:49:40,0.0,0.0,401.0,22.7,31.0
2023-12-26 16:59:40,0.0,0.0,414.0,22.7,31.0
2023-12-26 17:09:40,0.0,0.0,401.0,22.7,31.0
2023-12-26 17:19:39,0.0,0.0,415.0,22.7,31.0
2023-12-26 17:29:39,0.0,0.0,407.0,22.7,31.0
2023-12-26 17:39:39,0.0,0.0,396.0,22.7,31.0
2023-12-26 17:49:39,0.0,0.0,415.0,22.7,31.0
2023-12-26 17:59:39,0.0,0.0,401.0,22.7,31.0
2023-12-26 18:09:39,0.0,0.0,395.0,22.7,31.0
2023-12-26 18:19:39,0.0,0.0,394.0,22.7,31.0
2023-12-26 18:29:39,0.0,0.0,400.0,22.7,31.0
2023-12-26 18:39:39,0.0,0.0,406.0,22.7,31.0
2023-12-26 18:49:39,0.0,0.0,403.0,22.7,31.0
2023-12-26 18:59:39,0.0,0.0,402.0,22.7,31.0
2023-12-26 19:09:39,0.0,0.0,401.0,22.7,31.0
2023-12-26 19:19:39,0.0,0.0,391.0,22.7,31.0
2023-12-26 19:29:39,0.0,0.0,412.0,22.7,31.0
2023-12-26 19:39:39,0.0,0.0,416.0,22.7,31.0
2023-12-26 19:49:39,0.0,0.0,408.0,22.7,31.0
2023-12-26 19:59:39,0.0,0.0,414.0,22.7,31.0
2023-12-26 20:09:39,0.0,0.0,407.0,22.7,31.0
2023-12-26 20:19:39,0.0,0.0,397.0,22.7,31.0
2023-12-26 20:29:39,0.0,0.0,392.0,22.7,31.0
2023-12-26 20:39:39,0.0,0.0,411.0,22.7,31.0
2023-12-26 20:49:39,0.0,0.0,406.0,22.7,31.0
2023-12-26 20:59:39,0.0,0.0,402.0,22.8,31.0
2023-12-26 21:09:38,0.0,0.0,395.0,22.7,31.0
2023-12-26 21:19:38,0.0,0.0,402.0,22.7,31.0
2023-12-26 21:29:38,0.0,0.0,398.0,22.7,31.0
2023-12-26 21:39:39,0.0,0.0,413.0,22.7,31.0
2023-12-26 21:49:38,0.0,0.0,405.0,22.8,31.0
2023-12-26 21:59:38,0.0,0.0,404.0,22.7,31.0
2023-12-26 22:09:38,0.0,0.0,410.0,22.7,31.0
2023-12-26 22:19:38,0.0,0.0,390.0,22.7,31.0
2023-12-26 22:29:38,0.0,0.0,400.0,22.7,31.0
2023-12-26 22:39:38,0.0,0.0,394.0,22.7,31.0
2023-12-26 22:49:38,0.0,0.0,406.0,22.8,31.0
2023-12-26 22:59:38,0.0,0.0,405.0,22.8,31.0
2023-12-26 23:09:38,0.0,0.0,396.0,22.7,31.0
2023-12-26 23:19:38,0.0,0.0,409.0,22.7,31.0
2023-12-26 23:29:38,0.0,0.0,380.0,22.8,31.0
2023-12-26 23:39:38,0.0,0.0,417.0,22.7,31.0
2023-12-26 23:49:38,0.0,0.0,403.0,22.7,31.0
2023-12-26 23:59:38,0.0,0.0,403.0,22.7,31.0
2023-12-27 00:09:38,0.0,0.0,400.0,22.7,31.0
2023-12-27 00:19:38,0.0,0.0,403.0,22.7,31.0
2023-12-27 00:29:38,0.0,0.0,414.0,22.8,31.0
2023-12-27 00:39:38,0.0,0.0,419.0,22.7,31.0
2023-12-27 00:49:38,0.0,0.0,397.0,22.7,31.0
2023-12-27 00:59:38,0.0,0.0,397.0,22.8,31.0
2023-12-27 01:09:37,0.0,0.0,395.0,22.7,31.0
2023-12-27 01:19:37,0.0,0.0,397.0,22.7,31.0
2023-12-27 01:29:37,0.0,0.0,406.0,22.7,31.0
2023-12-27 01:39:37,0.0,0.0,405.0,22.8,31.0
2023-12-27 01:49:37,0.0,0.0,398.0,22.7,31.0
2023-12-27 01:59:37,0.0,0.0,401.0,22.8,31.0
2023-12-27 02:09:37,0.0,0.0,402.0,22.7,31.0
2023-12-27 02:19:37,0.0,0.0,412.0,22.8,31.0
2023-12-27 02:29:37,0.0,0.0,403.0,22.8,31.0
2023-12-27 02:39:37,0.0,0.0,398.0,22.8,31.0
2023-12-27 02:49:37,0.0,0.0,408.0,22.8,30.0
2023-12-27 02:59:37,0.0,0.0,414.0,22.8,31.0
2023-12-27 03:09:37,0.0,0.0,392.0,22.7,31.0
2023-12-27 03:19:37,0.0,0.0,406.0,22.7,30.0
2023-12-27 03:29:37,0.0,0.0,402.0,22.7,31.0
2023-12-27 03:39:37,0.0,0.0,414.0,22.7,30.0
2023-12-27 03:49:37,0.0,0.0,406.0,22.8,31.0
2023-12-27 03:59:37,0.0,0.0,400.0,22.7,30.0
2023-12-27 04:09:37,0.0,0.0,395.0,22.8,30.0
2023-12-27 04:19:37,0.0,0.0,402.0,22.7,30.0
2023-12-27 04:29:37,0.0,0.0,394.0,22.8,30.0
2023-12-27 04:39:37,0.0,0.0,411.0,22.7,30.0
2023-12-27 04:49:37,0.0,0.0,405.0,22.7,30.0
2023-12-27 04:59:36,0.0,0.0,395.0,22.8,30.0
2023-12-27 05:09:36,0.0,0.0,390.0,22.7,30.0
2023-12-27 05:19:36,0.0,0.0,407.0,22.8,30.0
2023-12-27 05:29:36,0.0,0.0,404.0,22.7,30.0
2023-12-27 05:39:36,0.0,0.0,405.0,22.7,30.0
2023-12-27 05:49:36,0.0,0.0,393.0,22.7,30.0
2023-12-27 05:59:36,0.0,0.0,411.0,22.8,30.0
2023-12-27 06:09:36,0.0,0.0,391.0,22.7,30.0
2023-12-27 06:19:36,0.0,0.0,403.0,22.7,30.0
2023-12-27 06:29:36,0.0,0.0,401.0,22.8,30.0
2023-12-27 06:39:36,0.0,0.0,407.0,22.7,30.0
2023-12-27 06:49:36,0.0,0.0,406.0,22.7,30.0
2023-12-27 06:59:36,0.0,0.0,402.0,22.8,30.0
2023-12-27 07:09:36,0.0,0.0,402.0,22.7,30.0
2023-12-27 07:19:36,0.0,0.0,401.0,22.7,30.0
2023-12-27 07:29:36,0.0,0.0,418.0,22.7,30.0
2023-12-27 07:39:36,0.0,0.0,399.0,22.7,30.0
2023-12-27 07:49:36,0.0,3.0,404.0,22.7,30.0
2023-12-27 07:59:36,0.0,3.0,401.0,22.7,30.0
2023-12-27 08:09:36,0.0,3.0,401.0,22.7,30.0
2023-12-27 08:19:36,0.0,3.0,406.0,22.8,30.0
2023-12-27 08:29:36,0.0,23.0,405.0,22.7,30.0
2023-12-27 08:39:36,1.0,37.0,406.0,22.7,30.0
2023-12-27 08:49:36,1.0,3.0,410.0,22.7,30.0
2023-12-27 08:59:35,0.0,3.0,406.0,22.7,30.0
2023-12-27 09:09:35,0.0,3.0,423.0,22.7,30.0
2023-12-27 09:19:35,0.0,3.0,412.0,22.8,30.0
2023-12-27 09:29:35,0.0,3.0,415.0,22.7,30.0
2023-12-27 09:39:35,0.0,3.0,415.0,22.7,30.0
2023-12-27 09:49:35,0.0,3.0,408.0,22.7,30.0
2023-12-27 09:59:35,0.0,3.0,396.0,22.7,30.0
2023-12-27 10:09:35,0.0,6.0,407.0,22.7,30.0
2023-12-27 10:19:35,0.0,6.0,405.0,22.7,30.0
2023-12-27 10:29:35,0.0,6.0,417.0,22.7,30.0
2023-12-27 10:39:35,0.0,6.0,417.0,22.7,30.0
2023-12-27 10:49:35,0.0,6.0,409.0,22.7,30.0
2023-12-27 10:59:35,0.0,6.0,409.0,22.7,30.0
2023-12-27 11:09:35,0.0,6.0,406.0,22.6,30.0
2023-12-27 11:19:35,0.0,3.0,406.0,22.7,30.0
2023-12-27 11:29:35,0.0,6.0,414.0,22.7,30.0
2023-12-27 11:39:35,0.0,3.0,404.0,22.7,30.0
2023-12-27 11:49:35,0.0,3.0,392.0,22.7,30.0
2023-12-27 11:59:35,0.0,3.0,410.0,22.7,30.0
2023-12-27 12:09:35,0.0,3.0,404.0,22.7,30.0
2023-12-27 12:19:35,0.0,3.0,402.0,22.7,30.0
2023-12-27 12:29:35,0.0,3.0,398.0,22.7,30.0
2023-12-27 12:39:35,0.0,3.0,408.0,22.7,30.0
2023-12-27 12:49:34,0.0,3.0,426.0,22.7,30.0
2023-12-27 12:59:34,0.0,3.0,406.0,22.6,30.0
2023-12-27 13:09:34,0.0,3.0,415.0,22.7,30.0
2023-12-27 13:19:34,0.0,3.0,386.0,22.6,30.0
2023-12-27 13:29:34,0.0,3.0,420.0,22.6,30.0
2023-12-27 13:39:34,0.0,3.0,405.0,22.6,30.0
2023-12-27 13:49:34,0.0,3.0,410.0,22.6,30.0
2023-12-27 13:59:34,0.0,3.0,398.0,22.6,30.0
2023-12-27 14:09:34,0.0,3.0,415.0,22.7,30.0
2023-12-27 14:19:34,1.0,0.0,411.0,22.7,30.0
2023-12-27 14:29:34,0.0,0.0,404.0,22.7,30.0
2023-12-27 14:39:34,0.0,0.0,422.0,22.6,30.0
2023-12-27 14:49:34,0.0,0.0,401.0,22.7,30.0
2023-12-27 14:59:34,0.0,0.0,415.0,22.7,30.0
2023-12-27 15:09:34,0.0,0.0,417.0,22.6,30.0
2023-12-27 15:19:34,0.0,0.0,421.0,22.6,30.0
2023-12-27 15:29:34,0.0,0.0,421.0,22.6,30.0
2023-12-27 15:39:34,0.0,0.0,399.0,22.7,30.0
2023-12-27 15:49:34,0.0,0.0,399.0,22.6,30.0
2023-12-27 15:59:34,0.0,0.0,397.0,22.7,30.0
2023-12-27 16:09:34,0.0,0.0,408.0,22.6,30.0
2023-12-27 16:19:34,0.0,0.0,409.0,22.7,30.0
2023-12-27 16:29:34,0.0,0.0,405.0,22.7,30.0
2023-12-27 16:39:33,0.0,0.0,412.0,22.6,30.0
2023-12-27 16:49:33,0.0,0.0,407.0,22.7,30.0
2023-12-27 16:59:33,0.0,0.0,409.0,22.7,30.0
2023-12-27 17:09:33,0.0,0.0,421.0,22.6,30.0
2023-12-27 17:19:33,0.0,0.0,409.0,22.7,30.0
2023-12-27 17:29:33,0.0,0.0,423.0,22.7,30.0
2023-12-27 17:39:33,0.0,0.0,420.0,22.7,30.0
2023-12-27 17:49:33,0.0,0.0,431.0,22.6,30.0
2023-12-27 17:59:33,0.0,0.0,431.0,22.7,30.0
2023-12-27 18:09:33,0.0,0.0,413.0,22.7,30.0
2023-12-27 18:19:33,0.0,0.0,416.0,22.7,30.0
2023-12-27 18:29:33,0.0,0.0,425.0,22.7,30.0
2023-12-27 18:39:33,0.0,0.0,420.0,22.7,30.0
2023-12-27 18:49:33,0.0,0.0,418.0,22.7,30.0
2023-12-27 18:59:33,0.0,0.0,423.0,22.7,30.0
2023-12-27 19:09:33,0.0,0.0,399.0,22.7,30.0
2023-12-27 19:19:33,0.0,0.0,411.0,22.7,30.0
2023-12-27 19:29:33,0.0,0.0,419.0,22.7,30.0
2023-12-27 19:39:33,0.0,0.0,410.0,22.7,30.0
2023-12-27 19:49:33,0.0,0.0,407.0,22.6,30.0
2023-12-27 19:59:33,0.0,0.0,421.0,22.6,30.0
2023-12-27 20:09:33,0.0,0.0,416.0,22.7,30.0
2023-12-27 20:19:33,0.0,0.0,403.0,22.7,30.0
2023-12-27 20:29:33,0.0,0.0,418.0,22.7,30.0
2023-12-27 20:39:32,0.0,0.0,413.0,22.7,30.0
2023-12-27 20:59:32,0.0,0.0,419.0,22.6,30.0
2023-12-27 21:09:32,0.0,0.0,410.0,22.6,30.0
2023-12-27 21:19:32,0.0,0.0,407.0,22.7,30.0
2023-12-27 21:29:32,0.0,0.0,412.0,22.7,30.0
2023-12-27 21:39:33,0.0,0.0,406.0,22.7,30.0
2023-12-27 21:49:32,0.0,0.0,413.0,22.7,30.0
2023-12-27 21:59:32,0.0,0.0,413.0,22.7,30.0
2023-12-27 22:09:32,0.0,0.0,424.0,22.6,30.0
2023-12-27 22:19:32,0.0,0.0,414.0,22.7,30.0
2023-12-27 22:29:32,0.0,0.0,392.0,22.7,30.0
2023-12-27 22:39:32,0.0,0.0,407.0,22.7,30.0
2023-12-27 22:49:32,0.0,0.0,415.0,22.7,30.0
2023-12-27 22:59:32,0.0,0.0,410.0,22.7,30.0
2023-12-27 23:09:32,0.0,0.0,413.0,22.7,30.0
2023-12-27 23:19:32,0.0,0.0,406.0,22.7,30.0
2023-12-27 23:29:32,0.0,0.0,403.0,22.6,30.0
2023-12-27 23:39:32,0.0,0.0,399.0,22.7,30.0
2023-12-27 23:49:32,0.0,0.0,405.0,22.7,30.0
2023-12-27 23:59:32,0.0,0.0,403.0,22.7,30.0
2023-12-28 00:09:32,0.0,0.0,404.0,22.7,30.0
2023-12-28 00:19:32,0.0,0.0,400.0,22.7,30.0
2023-12-28 00:29:32,0.0,0.0,407.0,22.7,30.0
2023-12-28 00:39:32,0.0,0.0,408.0,22.6,30.0
2023-12-28 00:49:31,0.0,0.0,398.0,22.7,30.0
2023-12-28 00:59:31,0.0,0.0,393.0,22.6,30.0
2023-12-28 01:09:31,0.0,0.0,402.0,22.7,30.0
2023-12-28 01:19:31,0.0,0.0,400.0,22.6,30.0
2023-12-28 01:29:31,0.0,0.0,402.0,22.6,30.0
2023-12-28 01:39:31,0.0,0.0,406.0,22.6,30.0
2023-12-28 01:49:31,0.0,0.0,404.0,22.7,30.0
2023-12-28 01:59:31,0.0,0.0,395.0,22.6,30.0
2023-12-28 02:09:31,0.0,0.0,401.0,22.6,30.0
2023-12-28 02:19:31,0.0,0.0,406.0,22.7,30.0
2023-12-28 02:29:31,0.0,0.0,410.0,22.7,30.0
2023-12-28 02:39:31,0.0,0.0,403.0,22.7,30.0
2023-12-28 02:49:31,0.0,0.0,402.0,22.7,30.0
2023-12-28 02:59:31,0.0,0.0,411.0,22.6,30.0
2023-12-28 03:09:31,0.0,0.0,405.0,22.7,30.0
2023-12-28 03:19:31,0.0,0.0,418.0,22.6,30.0
2023-12-28 03:29:31,0.0,0.0,396.0,22.7,30.0
2023-12-28 03:39:31,0.0,0.0,397.0,22.7,30.0
2023-12-28 03:49:31,0.0,0.0,385.0,22.7,30.0
2023-12-28 03:59:31,0.0,0.0,406.0,22.6,30.0
2023-12-28 04:09:31,0.0,0.0,397.0,22.7,30.0
2023-12-28 04:19:31,0.0,0.0,397.0,22.6,30.0
2023-12-28 04:29:30,0.0,0.0,394.0,22.7,30.0
2023-12-28 04:39:30,0.0,0.0,393.0,22.6,30.0
2023-12-28 04:49:30,0.0,0.0,407.0,22.6,30.0
2023-12-28 04:59:30,0.0,0.0,407.0,22.6,30.0
2023-12-28 05:09:30,0.0,0.0,409.0,22.6,30.0
2023-12-28 05:19:30,0.0,0.0,397.0,22.6,30.0
2023-12-28 05:29:31,0.0,0.0,397.0,22.7,30.0
2023-12-28 05:39:30,0.0,0.0,397.0,22.6,30.0
2023-12-28 05:49:30,0.0,0.0,399.0,22.6,30.0
2023-12-28 05:59:30,0.0,0.0,393.0,22.7,30.0
2023-12-28 06:09:30,0.0,0.0,383.0,22.6,30.0
2023-12-28 06:19:30,0.0,0.0,392.0,22.7,30.0
2023-12-28 06:29:30,0.0,0.0,407.0,22.7,30.0
2023-12-28 06:39:30,0.0,0.0,398.0,22.7,30.0
2023-12-28 06:49:30,0.0,0.0,401.0,22.7,30.0
2023-12-28 06:59:30,0.0,0.0,410.0,22.7,31.0
2023-12-28 07:09:30,0.0,0.0,405.0,22.7,31.0
2023-12-28 07:19:30,0.0,0.0,407.0,22.6,31.0
2023-12-28 07:29:30,0.0,0.0,397.0,22.7,31.0
2023-12-28 07:39:30,0.0,0.0,409.0,22.7,31.0
2023-12-28 07:49:30,0.0,0.0,403.0,22.7,31.0
2023-12-28 07:59:30,0.0,0.0,405.0,22.7,31.0
2023-12-28 08:09:30,0.0,0.0,412.0,22.6,31.0
2023-12-28 08:19:30,0.0,3.0,392.0,22.6,31.0
2023-12-28 08:29:29,0.0,3.0,415.0,22.6,31.0
2023-12-28 08:39:29,0.0,3.0,413.0,22.6,31.0
2023-12-28 08:49:29,0.0,3.0,410.0,22.6,31.0
2023-12-28 08:59:29,0.0,3.0,402.0,22.6,31.0
2023-12-28 09:09:29,0.0,3.0,402.0,22.6,31.0
2023-12-28 09:19:29,0.0,3.0,412.0,22.6,31.0
2023-12-28 09:29:29,0.0,3.0,410.0,22.7,31.0
2023-12-28 09:39:29,0.0,3.0,405.0,22.6,31.0
2023-12-28 09:49:29,0.0,3.0,413.0,22.7,31.0
2023-12-28 09:59:29,0.0,3.0,405.0,22.6,31.0
2023-12-28 10:09:29,0.0,3.0,404.0,22.6,31.0
2023-12-28 10:19:29,0.0,3.0,389.0,22.6,31.0
2023-12-28 10:29:29,0.0,3.0,409.0,22.7,31.0
2023-12-28 10:39:29,0.0,3.0,400.0,22.6,31.0
2023-12-28 10:49:29,0.0,3.0,410.0,22.6,31.0
2023-12-28 10:59:29,0.0,3.0,395.0,22.6,31.0
2023-12-28 11:09:29,0.0,3.0,397.0,22.7,32.0
2023-12-28 11:19:29,0.0,3.0,392.0,22.7,31.0
2023-12-28 11:29:29,0.0,3.0,404.0,22.6,32.0
2023-12-28 11:39:29,0.0,3.0,396.0,22.6,31.0
2023-12-28 11:49:29,0.0,3.0,415.0,22.6,32.0
2023-12-28 11:59:29,0.0,3.0,404.0,22.6,32.0
2023-12-28 12:09:29,0.0,3.0,406.0,22.6,32.0
2023-12-28 12:19:28,0.0,3.0,403.0,22.6,32.0
2023-12-28 12:29:28,0.0,3.0,400.0,22.6,32.0
2023-12-28 12:39:28,0.0,3.0,402.0,22.6,32.0
2023-12-28 12:49:28,0.0,3.0,396.0,22.6,32.0
2023-12-28 12:59:28,0.0,3.0,405.0,22.6,32.0
2023-12-28 13:09:28,0.0,3.0,406.0,22.6,32.0
2023-12-28 13:19:28,0.0,3.0,418.0,22.6,32.0
2023-12-28 13:29:28,0.0,3.0,404.0,22.6,32.0
2023-12-28 13:39:28,0.0,3.0,394.0,22.6,32.0
2023-12-28 13:49:28,0.0,3.0,404.0,22.6,32.0
2023-12-28 13:59:28,0.0,3.0,397.0,22.6,32.0
2023-12-28 14:09:28,0.0,3.0,412.0,22.6,32.0
2023-12-28 14:19:28,0.0,0.0,405.0,22.6,32.0
2023-12-28 14:29:28,0.0,0.0,397.0,22.6,32.0
2023-12-28 14:39:28,0.0,0.0,413.0,22.6,32.0
2023-12-28 14:49:28,0.0,0.0,400.0,22.6,32.0
2023-12-28 14:59:28,0.0,0.0,413.0,22.6,32.0
2023-12-28 15:09:28,0.0,0.0,415.0,22.6,32.0
2023-12-28 15:19:28,0.0,0.0,409.0,22.6,32.0
2023-12-28 15:29:28,0.0,0.0,411.0,22.6,32.0
2023-12-28 15:39:28,0.0,0.0,396.0,22.6,32.0
2023-12-28 15:49:28,0.0,0.0,400.0,22.6,32.0
2023-12-28 15:59:28,0.0,0.0,387.0,22.6,32.0
2023-12-28 16:09:27,0.0,0.0,393.0,22.6,32.0
2023-12-28 16:19:28,0.0,0.0,401.0,22.6,32.0
2023-12-28 16:29:27,0.0,0.0,398.0,22.6,32.0
2023-12-28 16:39:27,0.0,0.0,392.0,22.6,32.0
2023-12-28 16:49:27,0.0,0.0,398.0,22.6,32.0
2023-12-28 16:59:27,0.0,0.0,397.0,22.6,32.0
2023-12-28 17:09:27,0.0,0.0,413.0,22.6,32.0
2023-12-28 17:19:27,0.0,0.0,398.0,22.6,32.0
2023-12-28 17:29:27,0.0,0.0,395.0,22.7,32.0
2023-12-28 17:39:27,0.0,0.0,413.0,22.6,32.0
2023-12-28 17:49:27,0.0,0.0,398.0,22.6,32.0
2023-12-28 17:59:27,0.0,0.0,399.0,22.6,32.0
2023-12-28 18:09:27,0.0,0.0,416.0,22.6,32.0
2023-12-28 18:19:27,0.0,0.0,397.0,22.6,32.0
2023-12-28 18:29:27,0.0,0.0,394.0,22.6,32.0
2023-12-28 18:39:27,0.0,0.0,411.0,22.6,32.0
2023-12-28 18:49:27,0.0,0.0,398.0,22.7,32.0
2023-12-28 18:59:27,0.0,0.0,403.0,22.6,32.0
2023-12-28 19:09:27,0.0,0.0,398.0,22.6,32.0
2023-12-28 19:19:27,0.0,0.0,414.0,22.6,32.0
2023-12-28 19:29:27,0.0,0.0,405.0,22.6,32.0
2023-12-28 19:39:27,0.0,0.0,406.0,22.6,32.0
2023-12-28 19:49:27,0.0,0.0,407.0,22.7,32.0
2023-12-28 19:59:27,0.0,0.0,410.0,22.6,32.0
2023-12-28 20:09:26,0.0,0.0,424.0,22.7,32.0
2023-12-28 20:19:26,0.0,0.0,398.0,22.7,32.0
2023-12-28 20:29:26,0.0,0.0,391.0,22.7,32.0
2023-12-28 20:39:26,0.0,0.0,406.0,22.7,32.0
2023-12-28 20:49:26,0.0,0.0,413.0,22.7,32.0
2023-12-28 20:59:26,0.0,0.0,394.0,22.6,32.0
2023-12-28 21:09:26,0.0,0.0,403.0,22.7,32.0
2023-12-28 21:19:26,0.0,0.0,403.0,22.6,32.0
2023-12-28 21:29:26,0.0,0.0,392.0,22.6,32.0
2023-12-28 21:39:26,0.0,0.0,403.0,22.7,32.0
2023-12-28 21:49:26,0.0,0.0,402.0,22.7,32.0
2023-12-28 21:59:26,0.0,0.0,394.0,22.6,32.0
2023-12-28 22:09:26,0.0,0.0,398.0,22.7,32.0
2023-12-28 22:19:26,0.0,0.0,390.0,22.7,32.0
2023-12-28 22:29:26,0.0,0.0,388.0,22.6,32.0
2023-12-28 22:39:26,0.0,0.0,410.0,22.7,32.0
2023-12-28 22:49:26,0.0,0.0,403.0,22.6,32.0
2023-12-28 22:59:26,0.0,0.0,402.0,22.7,32.0
2023-12-28 23:09:26,0.0,0.0,378.0,22.7,32.0
2023-12-28 23:19:26,0.0,0.0,395.0,22.7,32.0
2023-12-28 23:29:26,0.0,0.0,396.0,22.7,32.0
2023-12-28 23:39:26,0.0,0.0,397.0,22.7,32.0
2023-12-28 23:49:26,0.0,0.0,398.0,22.7,32.0
2023-12-28 23:59:25,0.0,0.0,402.0,22.7,32.0
2023-12-29 00:09:26,0.0,0.0,406.0,22.7,33.0
2023-12-29 00:19:26,0.0,0.0,401.0,22.7,32.0
2023-12-29 00:29:25,0.0,0.0,392.0,22.7,33.0
2023-12-29 00:39:25,0.0,0.0,405.0,22.7,33.0
2023-12-29 00:49:25,0.0,0.0,411.0,22.7,33.0
2023-12-29 00:59:25,0.0,0.0,408.0,22.7,33.0
2023-12-29 01:09:25,0.0,0.0,392.0,22.7,33.0
2023-12-29 01:19:25,0.0,0.0,396.0,22.7,33.0
2023-12-29 01:29:25,0.0,0.0,401.0,22.7,33.0
2023-12-29 01:39:25,0.0,0.0,392.0,22.7,33.0
2023-12-29 01:49:25,0.0,0.0,398.0,22.7,33.0
2023-12-29 01:59:25,0.0,0.0,398.0,22.7,33.0
2023-12-29 02:09:25,0.0,0.0,389.0,22.7,33.0
2023-12-29 02:19:25,0.0,0.0,399.0,22.7,33.0
2023-12-29 02:29:25,0.0,0.0,405.0,22.7,33.0
2023-12-29 02:39:25,0.0,0.0,395.0,22.7,33.0
2023-12-29 02:49:25,0.0,0.0,388.0,22.7,33.0
2023-12-29 02:59:25,0.0,0.0,393.0,22.7,33.0
2023-12-29 03:09:25,0.0,0.0,392.0,22.7,33.0
2023-12-29 03:19:25,0.0,0.0,419.0,22.7,33.0
2023-12-29 03:29:25,0.0,0.0,400.0,22.7,33.0
2023-12-29 03:39:25,0.0,0.0,412.0,22.7,33.0
2023-12-29 03:49:24,0.0,0.0,404.0,22.7,33.0
2023-12-29 03:59:24,0.0,0.0,394.0,22.7,33.0
2023-12-29 04:09:24,0.0,0.0,408.0,22.7,33.0
2023-12-29 04:19:24,0.0,0.0,392.0,22.7,33.0
2023-12-29 04:29:24,0.0,0.0,387.0,22.7,33.0
2023-12-29 04:39:24,0.0,0.0,398.0,22.7,33.0
2023-12-29 04:49:24,0.0,0.0,394.0,22.8,33.0
2023-12-29 04:59:24,0.0,0.0,392.0,22.7,33.0
2023-12-29 05:09:24,0.0,0.0,392.0,22.7,33.0
2023-12-29 05:19:24,0.0,0.0,392.0,22.7,33.0
2023-12-29 05:29:24,0.0,0.0,400.0,22.7,33.0
2023-12-29 05:39:24,0.0,0.0,390.0,22.7,33.0
2023-12-29 05:49:24,0.0,0.0,401.0,22.7,33.0
2023-12-29 05:59:24,0.0,0.0,407.0,22.7,33.0
2023-12-29 06:09:24,0.0,0.0,397.0,22.7,33.0
2023-12-29 06:19:24,0.0,0.0,411.0,22.7,33.0
2023-12-29 06:29:24,0.0,0.0,392.0,22.7,33.0
2023-12-29 06:39:24,0.0,0.0,402.0,22.7,33.0
2023-12-29 06:49:24,0.0,0.0,397.0,22.7,33.0
2023-12-29 06:59:24,0.0,0.0,395.0,22.7,33.0
2023-12-29 07:09:24,0.0,0.0,393.0,22.7,33.0
2023-12-29 07:19:24,0.0,0.0,386.0,22.7,33.0
2023-12-29 07:29:24,0.0,0.0,396.0,22.7,33.0
2023-12-29 07:39:24,0.0,0.0,387.0,22.7,33.0
2023-12-29 07:49:23,0.0,0.0,404.0,22.7,33.0
2023-12-29 07:59:23,0.0,0.0,399.0,22.7,33.0
2023-12-29 08:09:23,0.0,0.0,393.0,22.7,33.0
2023-12-29 08:19:24,0.0,0.0,396.0,22.7,33.0
2023-12-29 08:29:23,0.0,3.0,384.0,22.7,33.0
2023-12-29 08:39:23,0.0,3.0,414.0,22.7,33.0
2023-12-29 08:49:23,0.0,3.0,400.0,22.7,33.0
2023-12-29 08:59:23,0.0,3.0,392.0,22.7,33.0
2023-12-29 09:09:23,0.0,3.0,396.0,22.7,33.0
2023-12-29 09:19:23,0.0,3.0,395.0,22.7,33.0
2023-12-29 09:29:23,0.0,3.0,416.0,22.7,33.0
2023-12-29 09:39:23,0.0,3.0,406.0,22.7,33.0
2023-12-29 09:49:23,0.0,3.0,402.0,22.7,33.0
2023-12-29 09:59:23,0.0,3.0,404.0,22.7,33.0
2023-12-29 10:09:23,0.0,3.0,382.0,22.7,33.0
2023-12-29 10:19:23,0.0,3.0,399.0,22.7,33.0
2023-12-29 10:29:23,0.0,3.0,396.0,22.7,33.0
2023-12-29 10:39:23,0.0,3.0,402.0,22.7,33.0
2023-12-29 10:49:23,0.0,3.0,397.0,22.7,33.0
2023-12-29 10:59:23,0.0,3.0,403.0,22.7,33.0
2023-12-29 11:09:23,0.0,3.0,405.0,22.7,33.0
2023-12-29 11:19:23,0.0,6.0,402.0,22.8,33.0
2023-12-29 11:29:23,0.0,3.0,402.0,22.7,33.0
2023-12-29 11:39:22,0.0,3.0,403.0,22.7,33.0
2023-12-29 11:49:22,0.0,3.0,376.0,22.7,33.0
2023-12-29 11:59:22,0.0,3.0,398.0,22.7,33.0
2023-12-29 12:09:22,0.0,3.0,397.0,22.7,33.0
2023-12-29 12:19:22,0.0,3.0,406.0,22.7,33.0
2023-12-29 12:29:22,0.0,3.0,401.0,22.7,33.0
2023-12-29 12:39:22,0.0,3.0,397.0,22.7,33.0
2023-12-29 12:49:22,0.0,3.0,395.0,22.7,33.0
2023-12-29 12:59:22,0.0,3.0,388.0,22.7,33.0
2023-12-29 13:09:22,0.0,3.0,402.0,22.7,33.0
2023-12-29 13:19:22,0.0,3.0,399.0,22.8,33.0
2023-12-29 13:29:22,0.0,3.0,387.0,22.7,33.0
2023-12-29 13:39:22,0.0,3.0,418.0,22.7,33.0
2023-12-29 13:49:22,0.0,3.0,398.0,22.7,33.0
2023-12-29 13:59:22,0.0,3.0,388.0,22.7,33.0
2023-12-29 14:09:22,0.0,3.0,392.0,22.7,33.0
2023-12-29 14:19:22,0.0,0.0,397.0,22.7,33.0
2023-12-29 14:29:22,0.0,0.0,409.0,22.7,33.0
2023-12-29 14:39:22,0.0,0.0,413.0,22.7,33.0
2023-12-29 14:49:22,0.0,0.0,410.0,22.7,33.0
2023-12-29 14:59:22,0.0,0.0,398.0,22.7,33.0
2023-12-29 15:09:22,0.0,0.0,399.0,22.7,33.0
2023-12-29 15:19:22,0.0,0.0,409.0,22.7,33.0
2023-12-29 15:29:22,0.0,0.0,398.0,22.7,33.0
2023-12-29 15:39:21,0.0,0.0,413.0,22.7,33.0
2023-12-29 15:49:21,0.0,0.0,401.0,22.8,33.0
2023-12-29 15:59:21,0.0,0.0,404.0,22.7,33.0
2023-12-29 16:09:21,0.0,0.0,397.0,22.7,33.0
2023-12-29 16:19:21,0.0,0.0,405.0,22.7,33.0
2023-12-29 16:29:21,0.0,0.0,406.0,22.7,33.0
2023-12-29 16:39:21,0.0,0.0,402.0,22.8,33.0
2023-12-29 16:49:21,0.0,0.0,409.0,22.7,33.0
2023-12-29 16:59:21,0.0,0.0,408.0,22.7,33.0
2023-12-29 17:09:21,0.0,0.0,405.0,22.7,33.0
2023-12-29 17:19:21,0.0,0.0,403.0,22.7,33.0
2023-12-29 17:29:21,0.0,0.0,411.0,22.7,33.0
2023-12-29 17:39:21,0.0,0.0,406.0,22.7,33.0
2023-12-29 17:49:21,0.0,0.0,395.0,22.7,33.0
2023-12-29 17:59:21,0.0,0.0,397.0,22.7,33.0
2023-12-29 18:09:21,0.0,0.0,396.0,22.7,33.0
2023-12-29 18:19:21,0.0,0.0,421.0,22.7,33.0
2023-12-29 18:29:21,0.0,0.0,398.0,22.7,33.0
2023-12-29 18:39:21,0.0,0.0,396.0,22.7,33.0
2023-12-29 18:49:21,0.0,0.0,410.0,22.7,33.0
2023-12-29 18:59:21,0.0,0.0,396.0,22.7,33.0
2023-12-29 19:09:21,0.0,0.0,401.0,22.7,33.0
2023-12-29 19:19:21,0.0,0.0,410.0,22.7,33.0
2023-12-29 19:29:21,0.0,0.0,416.0,22.7,33.0
2023-12-29 19:39:20,0.0,0.0,414.0,22.8,33.0
2023-12-29 19:49:20,0.0,0.0,415.0,22.8,32.0
2023-12-29 19:59:20,0.0,0.0,398.0,22.8,33.0
2023-12-29 20:09:20,0.0,0.0,402.0,22.7,33.0
2023-12-29 20:19:20,0.0,0.0,402.0,22.8,33.0
2023-12-29 20:29:20,0.0,0.0,402.0,22.7,33.0
2023-12-29 20:39:20,0.0,0.0,405.0,22.7,33.0
2023-12-29 20:49:20,0.0,0.0,405.0,22.7,33.0
2023-12-29 20:59:20,0.0,0.0,393.0,22.8,33.0
2023-12-29 21:09:20,0.0,0.0,402.0,22.7,33.0
2023-12-29 21:19:20,0.0,0.0,410.0,22.7,32.0
2023-12-29 21:29:20,0.0,0.0,395.0,22.8,32.0
2023-12-29 21:39:20,0.0,0.0,390.0,22.8,33.0
2023-12-29 21:49:20,0.0,0.0,409.0,22.8,32.0
2023-12-29 21:59:20,0.0,0.0,397.0,22.8,33.0
2023-12-29 22:09:20,0.0,0.0,406.0,22.7,32.0
2023-12-29 22:19:20,0.0,0.0,402.0,22.7,32.0
2023-12-29 22:29:20,0.0,0.0,399.0,22.8,32.0
2023-12-29 22:39:20,0.0,0.0,399.0,22.7,32.0
2023-12-29 22:49:20,0.0,0.0,393.0,22.7,32.0
2023-12-29 22:59:20,0.0,0.0,390.0,22.7,32.0
2023-12-29 23:09:20,0.0,0.0,388.0,22.8,32.0
2023-12-29 23:19:20,0.0,0.0,388.0,22.7,32.0
2023-12-29 23:29:19,0.0,0.0,401.0,22.7,32.0
2023-12-29 23:39:19,0.0,0.0,399.0,22.7,32.0
2023-12-29 23:49:19,0.0,0.0,387.0,22.8,32.0
2023-12-29 23:59:19,0.0,0.0,392.0,22.7,32.0
2023-12-30 00:09:19,0.0,0.0,412.0,22.8,32.0
2023-12-30 00:19:19,0.0,0.0,388.0,22.8,32.0
2023-12-30 00:29:19,0.0,0.0,403.0,22.7,32.0
2023-12-30 00:39:19,0.0,0.0,396.0,22.8,32.0
2023-12-30 00:49:19,0.0,0.0,412.0,22.8,32.0
2023-12-30 00:59:19,0.0,0.0,401.0,22.8,32.0
2023-12-30 01:09:19,0.0,0.0,400.0,22.8,32.0
2023-12-30 01:19:19,0.0,0.0,397.0,22.8,32.0
2023-12-30 01:29:19,0.0,0.0,396.0,22.7,32.0
2023-12-30 01:39:19,0.0,0.0,399.0,22.8,32.0
2023-12-30 01:49:19,0.0,0.0,392.0,22.8,32.0
2023-12-30 01:59:19,0.0,0.0,377.0,22.8,32.0
2023-12-30 02:09:19,0.0,0.0,397.0,22.8,32.0
2023-12-30 02:19:19,0.0,0.0,392.0,22.8,32.0
2023-12-30 02:29:19,0.0,0.0,392.0,22.8,32.0
2023-12-30 02:39:19,0.0,0.0,395.0,22.8,32.0
2023-12-30 02:49:19,0.0,0.0,406.0,22.8,32.0
2023-12-30 02:59:19,0.0,0.0,406.0,22.8,32.0
2023-12-30 03:09:19,0.0,0.0,403.0,22.8,32.0
2023-12-30 03:19:18,0.0,0.0,401.0,22.7,32.0
2023-12-30 03:29:18,0.0,0.0,400.0,22.8,32.0
2023-12-30 03:39:18,0.0,0.0,384.0,22.8,32.0
2023-12-30 03:49:18,0.0,0.0,396.0,22.8,32.0
2023-12-30 03:59:18,0.0,0.0,407.0,22.8,32.0
2023-12-30 04:09:18,0.0,0.0,394.0,22.8,32.0
2023-12-30 04:19:18,0.0,0.0,394.0,22.8,32.0
2023-12-30 04:29:18,0.0,0.0,400.0,22.8,32.0
2023-12-30 04:39:18,0.0,0.0,388.0,22.8,32.0
2023-12-30 04:49:18,0.0,0.0,397.0,22.8,32.0
2023-12-30 04:59:18,0.0,0.0,403.0,22.8,32.0
2023-12-30 05:09:18,0.0,0.0,386.0,22.8,32.0
2023-12-30 05:19:18,0.0,0.0,389.0,22.8,32.0
2023-12-30 05:29:18,0.0,0.0,397.0,22.8,32.0
2023-12-30 05:39:18,0.0,0.0,405.0,22.8,32.0
2023-12-30 05:49:18,0.0,0.0,384.0,22.8,32.0
2023-12-30 05:59:18,0.0,0.0,392.0,22.8,32.0
2023-12-30 06:09:18,0.0,0.0,410.0,22.8,32.0
2023-12-30 06:19:18,0.0,0.0,402.0,22.8,32.0
2023-12-30 06:29:18,0.0,0.0,403.0,22.8,32.0
2023-12-30 06:39:18,0.0,0.0,394.0,22.8,32.0
2023-12-30 06:49:18,0.0,0.0,405.0,22.8,32.0
2023-12-30 06:59:18,0.0,0.0,400.0,22.8,32.0
2023-12-30 07:09:18,0.0,0.0,396.0,22.8,32.0
2023-12-30 07:19:17,0.0,0.0,398.0,22.8,32.0
2023-12-30 07:29:17,0.0,0.0,397.0,22.8,32.0
2023-12-30 07:39:17,0.0,0.0,405.0,22.8,32.0
2023-12-30 07:49:18,0.0,0.0,393.0,22.8,32.0
2023-12-30 07:59:17,0.0,3.0,394.0,22.8,32.0
2023-12-30 08:09:17,0.0,3.0,388.0,22.8,32.0
2023-12-30 08:19:17,0.0,3.0,398.0,22.8,32.0
2023-12-30 08:29:17,0.0,3.0,392.0,22.8,32.0
2023-12-30 08:39:17,0.0,3.0,399.0,22.8,32.0
2023-12-30 08:49:17,0.0,3.0,404.0,22.8,32.0
2023-12-30 08:59:17,0.0,3.0,397.0,22.8,32.0
2023-12-30 09:09:17,0.0,3.0,403.0,22.8,32.0
2023-12-30 09:19:17,0.0,3.0,397.0,22.8,32.0
2023-12-30 09:29:17,0.0,3.0,386.0,22.8,32.0
2023-12-30 09:39:17,0.0,3.0,394.0,22.8,32.0
2023-12-30 09:49:17,0.0,3.0,394.0,22.8,32.0
2023-12-30 09:59:17,0.0,6.0,394.0,22.8,32.0
2023-12-30 10:09:17,0.0,6.0,393.0,22.8,32.0
2023-12-30 10:19:17,0.0,3.0,392.0,22.8,32.0
2023-12-30 10:29:17,0.0,6.0,400.0,22.8,32.0
2023-12-30 10:39:17,0.0,6.0,404.0,22.8,32.0
2023-12-30 10:49:17,0.0,6.0,395.0,22.8,32.0
2023-12-30 10:59:17,0.0,6.0,401.0,22.8,32.0
2023-12-30 11:09:16,0.0,6.0,406.0,22.8,32.0
2023-12-30 11:19:16,0.0,6.0,394.0,22.8,32.0
2023-12-30 11:29:16,0.0,3.0,397.0,22.8,32.0
2023-12-30 11:39:16,0.0,3.0,395.0,22.8,32.0
2023-12-30 11:49:16,0.0,3.0,415.0,22.8,32.0
2023-12-30 11:59:16,0.0,3.0,408.0,22.8,32.0
2023-12-30 12:09:16,0.0,3.0,397.0,22.8,32.0
2023-12-30 12:19:16,0.0,3.0,411.0,22.8,32.0
2023-12-30 12:29:16,0.0,3.0,419.0,22.8,32.0
2023-12-30 12:39:16,0.0,3.0,393.0,22.8,32.0
2023-12-30 12:49:16,0.0,3.0,404.0,22.8,32.0
2023-12-30 12:59:16,0.0,3.0,401.0,22.8,32.0
2023-12-30 13:09:16,0.0,3.0,408.0,22.8,32.0
2023-12-30 13:19:16,0.0,3.0,398.0,22.8,32.0
2023-12-30 13:29:16,0.0,3.0,404.0,22.8,32.0
2023-12-30 13:39:16,0.0,3.0,395.0,22.8,32.0
2023-12-30 13:49:16,0.0,3.0,400.0,22.8,32.0
2023-12-30 13:59:16,0.0,3.0,404.0,22.8,32.0
2023-12-30 14:09:16,0.0,3.0,391.0,22.8,32.0
2023-12-30 14:19:16,0.0,0.0,400.0,22.8,32.0
2023-12-30 14:29:16,1.0,0.0,396.0,22.8,32.0
2023-12-30 14:39:16,1.0,0.0,404.0,22.8,32.0
2023-12-30 14:49:16,0.0,0.0,398.0,22.8,32.0
2023-12-30 14:59:16,0.0,0.0,393.0,22.8,32.0
2023-12-30 15:09:15,0.0,0.0,410.0,22.8,32.0
2023-12-30 15:19:15,0.0,0.0,415.0,22.8,32.0
2023-12-30 15:29:15,0.0,0.0,412.0,22.8,32.0
2023-12-30 15:39:15,0.0,0.0,413.0,22.8,32.0
2023-12-30 15:49:15,0.0,0.0,411.0,22.8,32.0
2023-12-30 15:59:15,0.0,0.0,408.0,22.8,32.0
2023-12-30 16:09:15,0.0,0.0,409.0,22.8,32.0
2023-12-30 16:19:15,0.0,0.0,402.0,22.8,32.0
2023-12-30 16:29:15,0.0,0.0,398.0,22.8,32.0
2023-12-30 16:39:15,0.0,0.0,399.0,22.8,32.0
2023-12-30 16:49:15,0.0,0.0,397.0,22.8,32.0
2023-12-30 16:59:15,0.0,0.0,399.0,22.8,32.0
2023-12-30 17:09:15,0.0,0.0,403.0,22.8,32.0
2023-12-30 17:19:15,0.0,0.0,401.0,22.8,31.0
2023-12-30 17:29:15,0.0,0.0,386.0,22.8,31.0
2023-12-30 17:39:15,0.0,0.0,401.0,22.8,31.0
2023-12-30 17:49:15,0.0,0.0,397.0,22.8,32.0
2023-12-30 17:59:15,0.0,0.0,393.0,22.8,31.0
2023-12-30 18:09:15,0.0,0.0,409.0,22.8,31.0
2023-12-30 18:19:15,0.0,0.0,412.0,22.8,31.0
2023-12-30 18:29:15,0.0,0.0,396.0,22.8,31.0
2023-12-30 18:39:15,0.0,0.0,394.0,22.8,31.0
2023-12-30 18:49:15,0.0,0.0,406.0,22.8,31.0
2023-12-30 18:59:15,0.0,0.0,401.0,22.8,31.0
2023-12-30 19:09:14,0.0,0.0,396.0,22.8,31.0
2023-12-30 19:19:14,0.0,0.0,394.0,22.8,31.0
2023-12-30 19:29:14,0.0,0.0,392.0,22.8,31.0
2023-12-30 19:39:14,0.0,0.0,390.0,22.9,31.0
2023-12-30 19:49:14,0.0,0.0,405.0,22.8,31.0
2023-12-30 19:59:14,0.0,0.0,404.0,22.8,31.0
2023-12-30 20:09:14,0.0,0.0,411.0,22.8,31.0
2023-12-30 20:19:14,0.0,0.0,388.0,22.8,31.0
2023-12-30 20:29:14,0.0,0.0,387.0,22.8,31.0
2023-12-30 20:39:14,0.0,0.0,392.0,22.8,31.0
2023-12-30 20:49:14,0.0,0.0,401.0,22.8,31.0
2023-12-30 20:59:14,0.0,0.0,404.0,22.8,31.0
2023-12-30 21:09:14,0.0,0.0,401.0,22.8,31.0
2023-12-30 21:19:14,0.0,0.0,413.0,22.8,31.0
2023-12-30 21:29:14,0.0,0.0,398.0,22.8,31.0
2023-12-30 21:39:14,0.0,0.0,415.0,22.8,31.0
2023-12-30 21:49:14,0.0,0.0,401.0,22.8,31.0
2023-12-30 21:59:14,0.0,0.0,389.0,22.8,31.0
2023-12-30 22:09:14,0.0,0.0,398.0,22.8,31.0
2023-12-30 22:19:14,0.0,0.0,399.0,22.8,31.0
2023-12-30 22:29:14,0.0,0.0,410.0,22.8,31.0
2023-12-30 22:39:14,0.0,0.0,396.0,22.8,31.0
2023-12-30 22:49:13,0.0,0.0,401.0,22.8,31.0
2023-12-30 22:59:13,0.0,0.0,388.0,22.8,31.0
2023-12-30 23:09:14,0.0,0.0,405.0,22.8,31.0
2023-12-30 23:19:13,0.0,0.0,404.0,22.8,31.0
2023-12-30 23:29:13,0.0,0.0,417.0,22.8,31.0
2023-12-30 23:39:13,0.0,0.0,387.0,22.8,31.0
2023-12-30 23:49:13,0.0,0.0,406.0,22.8,31.0
2023-12-30 23:59:13,0.0,0.0,408.0,22.8,31.0
2023-12-31 00:09:13,0.0,0.0,405.0,22.9,31.0
2023-12-31 00:19:13,0.0,0.0,409.0,22.8,31.0
2023-12-31 00:29:13,0.0,0.0,400.0,22.8,31.0
2023-12-31 00:39:13,0.0,0.0,397.0,22.8,31.0
2023-12-31 00:49:13,0.0,0.0,398.0,22.9,31.0
2023-12-31 00:59:13,0.0,0.0,399.0,22.8,31.0
2023-12-31 01:09:13,0.0,0.0,397.0,22.8,31.0
2023-12-31 01:19:13,0.0,0.0,387.0,22.8,31.0
2023-12-31 01:29:13,0.0,0.0,401.0,22.8,31.0
2023-12-31 01:39:13,0.0,0.0,401.0,22.8,31.0
2023-12-31 01:49:13,0.0,0.0,392.0,22.8,31.0
2023-12-31 01:59:13,0.0,0.0,406.0,22.8,31.0
2023-12-31 02:09:13,0.0,0.0,395.0,22.9,31.0
2023-12-31 02:19:13,0.0,0.0,401.0,22.9,31.0
2023-12-31 02:29:13,0.0,0.0,404.0,22.9,31.0
2023-12-31 02:39:13,0.0,0.0,399.0,22.9,31.0
2023-12-31 02:49:12,0.0,0.0,403.0,22.8,31.0
2023-12-31 02:59:13,0.0,0.0,404.0,22.9,31.0
2023-12-31 03:09:13,0.0,0.0,403.0,22.8,31.0
2023-12-31 03:19:12,0.0,0.0,404.0,22.9,31.0
2023-12-31 03:29:12,0.0,0.0,392.0,22.9,31.0
2023-12-31 03:39:12,0.0,0.0,402.0,22.9,31.0
2023-12-31 03:49:12,0.0,0.0,398.0,22.9,31.0
2023-12-31 03:59:12,0.0,0.0,398.0,22.9,31.0
2023-12-31 04:09:12,0.0,0.0,396.0,22.8,31.0
2023-12-31 04:19:12,0.0,0.0,404.0,22.8,31.0
2023-12-31 04:29:12,0.0,0.0,404.0,22.8,31.0
2023-12-31 04:39:12,0.0,0.0,405.0,22.9,31.0
2023-12-31 04:49:12,0.0,0.0,398.0,22.9,31.0
2023-12-31 04:59:12,0.0,0.0,410.0,22.9,31.0
2023-12-31 05:09:12,0.0,0.0,399.0,22.9,31.0
2023-12-31 05:19:12,0.0,0.0,409.0,22.9,31.0
2023-12-31 05:29:12,0.0,0.0,402.0,22.9,31.0
2023-12-31 05:39:12,0.0,0.0,405.0,22.9,31.0
2023-12-31 05:49:12,0.0,0.0,402.0,22.9,31.0
2023-12-31 05:59:12,0.0,0.0,401.0,22.9,31.0
2023-12-31 06:09:12,0.0,0.0,403.0,22.9,31.0
2023-12-31 06:19:12,0.0,0.0,398.0,22.9,31.0
2023-12-31 06:29:12,0.0,0.0,410.0,22.9,31.0
2023-12-31 06:39:11,0.0,0.0,416.0,22.9,31.0
2023-12-31 06:49:11,0.0,0.0,413.0,22.9,31.0
2023-12-31 06:59:12,0.0,0.0,413.0,22.9,31.0
2023-12-31 07:09:11,0.0,0.0,403.0,22.9,31.0
2023-12-31 07:19:11,0.0,0.0,400.0,22.9,31.0
2023-12-31 07:29:11,0.0,0.0,399.0,22.9,31.0
2023-12-31 07:39:11,0.0,0.0,403.0,22.9,31.0
2023-12-31 07:49:11,0.0,0.0,411.0,22.9,31.0
2023-12-31 07:59:11,0.0,0.0,398.0,22.9,31.0
2023-12-31 08:09:11,0.0,0.0,412.0,22.9,31.0
2023-12-31 08:19:11,0.0,0.0,404.0,22.9,31.0
2023-12-31 08:29:11,0.0,0.0,407.0,22.9,31.0
2023-12-31 08:39:11,0.0,0.0,413.0,22.9,31.0
2023-12-31 08:49:11,0.0,0.0,411.0,22.9,31.0
2023-12-31 08:59:11,0.0,0.0,407.0,22.9,32.0
2023-12-31 09:09:11,0.0,0.0,408.0,22.9,32.0
2023-12-31 09:19:11,0.0,3.0,401.0,22.9,31.0
2023-12-31 09:29:11,0.0,3.0,390.0,22.9,32.0
2023-12-31 09:39:11,0.0,3.0,406.0,22.8,32.0
2023-12-31 09:49:11,0.0,3.0,395.0,22.9,32.0
2023-12-31 09:59:11,0.0,3.0,412.0,22.8,32.0
2023-12-31 10:09:11,0.0,3.0,411.0,22.9,32.0
2023-12-31 10:19:11,0.0,3.0,410.0,22.9,32.0
2023-12-31 10:29:11,0.0,3.0,402.0,22.9,32.0
2023-12-31 10:39:10,0.0,3.0,401.0,22.9,32.0
2023-12-31 10:49:10,0.0,3.0,399.0,22.9,32.0
2023-12-31 10:59:11,0.0,3.0,415.0,22.9,32.0
2023-12-31 11:09:10,0.0,3.0,421.0,22.9,32.0
2023-12-31 11:19:10,0.0,3.0,401.0,22.9,32.0
2023-12-31 11:29:10,0.0,3.0,410.0,22.9,32.0
2023-12-31 11:39:10,0.0,3.0,415.0,22.9,32.0
2023-12-31 11:49:10,0.0,3.0,405.0,22.9,32.0
2023-12-31 11:59:10,0.0,3.0,412.0,22.9,32.0
2023-12-31 12:09:10,0.0,3.0,410.0,22.9,32.0
2023-12-31 12:19:10,0.0,3.0,413.0,22.9,32.0
2023-12-31 12:29:10,0.0,3.0,409.0,22.9,32.0
2023-12-31 12:39:10,0.0,3.0,408.0,22.9,32.0
2023-12-31 12:49:10,0.0,3.0,400.0,22.9,32.0
2023-12-31 12:59:10,0.0,3.0,414.0,22.9,32.0
2023-12-31 13:09:10,0.0,3.0,408.0,22.9,32.0
2023-12-31 13:19:10,0.0,3.0,413.0,22.9,32.0
2023-12-31 13:29:10,0.0,3.0,419.0,22.8,32.0
2023-12-31 13:39:10,0.0,0.0,406.0,22.8,32.0
2023-12-31 13:49:10,2.0,3.0,409.0,22.9,32.0
2023-12-31 13:59:10,0.0,0.0,421.0,22.9,32.0
2023-12-31 14:09:10,0.0,0.0,419.0,22.9,32.0
2023-12-31 14:19:10,0.0,0.0,411.0,22.9,32.0
2023-12-31 14:29:09,0.0,0.0,410.0,22.9,32.0
2023-12-31 14:39:09,0.0,0.0,404.0,22.9,32.0
2023-12-31 14:49:09,0.0,0.0,424.0,22.9,32.0
2023-12-31 14:59:09,0.0,0.0,416.0,22.9,32.0
2023-12-31 15:09:09,0.0,0.0,399.0,22.9,32.0
2023-12-31 15:19:09,0.0,0.0,404.0,22.9,32.0
2023-12-31 15:29:09,0.0,0.0,412.0,22.9,32.0
2023-12-31 15:39:09,0.0,0.0,404.0,22.9,32.0
2023-12-31 15:49:09,0.0,0.0,408.0,22.8,32.0
2023-12-31 15:59:09,0.0,0.0,407.0,22.9,32.0
2023-12-31 16:09:09,0.0,0.0,406.0,22.9,32.0
2023-12-31 16:19:09,0.0,0.0,417.0,22.8,32.0
2023-12-31 16:29:09,0.0,0.0,415.0,22.9,32.0
2023-12-31 16:39:09,0.0,0.0,429.0,22.9,32.0
2023-12-31 16:49:09,0.0,0.0,413.0,22.9,32.0
2023-12-31 16:59:09,0.0,0.0,422.0,22.9,32.0
2023-12-31 17:09:09,0.0,0.0,409.0,22.8,32.0
2023-12-31 17:19:09,0.0,0.0,422.0,22.9,32.0
2023-12-31 17:29:09,0.0,0.0,419.0,22.9,32.0
2023-12-31 17:39:09,0.0,0.0,424.0,22.9,32.0
2023-12-31 17:49:09,0.0,0.0,418.0,22.9,32.0
2023-12-31 17:59:09,0.0,0.0,401.0,22.9,32.0
2023-12-31 18:09:09,0.0,0.0,424.0,22.9,32.0
2023-12-31 18:19:08,0.0,0.0,419.0,22.9,32.0
2023-12-31 18:29:08,0.0,0.0,411.0,22.9,32.0
2023-12-31 18:39:08,0.0,0.0,411.0,22.9,32.0
2023-12-31 18:49:08,0.0,0.0,419.0,22.9,32.0
2023-12-31 18:59:08,0.0,0.0,406.0,22.9,32.0
2023-12-31 19:09:08,0.0,0.0,422.0,22.8,32.0
2023-12-31 19:19:08,0.0,0.0,412.0,22.9,32.0
2023-12-31 19:29:08,0.0,0.0,421.0,22.9,32.0
2023-12-31 19:39:08,0.0,0.0,415.0,22.8,32.0
2023-12-31 19:49:08,0.0,0.0,404.0,22.9,32.0
2023-12-31 19:59:08,0.0,0.0,432.0,22.9,32.0
2023-12-31 20:09:08,0.0,0.0,416.0,22.9,32.0
2023-12-31 20:19:08,0.0,0.0,423.0,22.9,32.0
2023-12-31 20:29:08,0.0,0.0,413.0,22.9,32.0
2023-12-31 20:39:08,0.0,0.0,407.0,22.9,32.0
2023-12-31 20:49:08,0.0,0.0,411.0,22.8,32.0
2023-12-31 20:59:08,0.0,0.0,416.0,22.9,32.0
2023-12-31 21:09:08,0.0,0.0,400.0,22.9,32.0
2023-12-31 21:19:08,0.0,0.0,405.0,22.8,32.0
2023-12-31 21:29:08,0.0,0.0,396.0,22.9,32.0
2023-12-31 21:39:08,0.0,0.0,413.0,22.9,32.0
2023-12-31 21:49:08,0.0,0.0,411.0,22.9,32.0
2023-12-31 21:59:08,0.0,0.0,422.0,22.9,32.0
2023-12-31 22:09:08,0.0,0.0,396.0,22.9,32.0
2023-12-31 22:19:07,0.0,0.0,404.0,22.9,32.0
2023-12-31 22:29:07,0.0,0.0,405.0,22.9,32.0
2023-12-31 22:39:07,0.0,0.0,399.0,22.9,32.0
2023-12-31 22:49:07,0.0,0.0,407.0,22.9,32.0
2023-12-31 22:59:07,0.0,0.0,398.0,22.9,32.0
2023-12-31 23:09:07,0.0,0.0,417.0,22.9,32.0
2023-12-31 23:19:07,0.0,0.0,406.0,22.8,32.0
2023-12-31 23:29:07,0.0,0.0,410.0,22.9,32.0
2023-12-31 23:39:07,0.0,0.0,407.0,22.9,32.0
2023-12-31 23:49:07,0.0,0.0,419.0,22.9,32.0
2023-12-31 23:59:07,0.0,0.0,410.0,22.9,32.0
2024-01-01 00:09:07,0.0,0.0,426.0,22.9,32.0
2024-01-01 00:19:07,0.0,0.0,398.0,22.8,32.0
2024-01-01 00:29:07,0.0,0.0,411.0,22.9,32.0
2024-01-01 00:39:07,0.0,0.0,401.0,22.9,32.0
2024-01-01 00:49:07,0.0,0.0,401.0,22.8,32.0
2024-01-01 00:59:07,0.0,0.0,390.0,22.9,32.0
2024-01-01 01:09:07,0.0,0.0,404.0,22.9,32.0
2024-01-01 01:19:07,0.0,0.0,411.0,22.9,32.0
2024-01-01 01:29:07,0.0,0.0,415.0,22.8,32.0
2024-01-01 01:39:07,0.0,0.0,400.0,22.9,32.0
2024-01-01 01:49:07,0.0,0.0,420.0,22.8,32.0
2024-01-01 01:59:07,0.0,0.0,402.0,22.9,32.0
2024-01-01 02:09:06,0.0,0.0,398.0,22.8,32.0
2024-01-01 02:19:06,0.0,0.0,406.0,22.9,32.0
2024-01-01 02:29:06,0.0,0.0,411.0,22.9,32.0
2024-01-01 02:39:06,0.0,0.0,393.0,22.8,32.0
2024-01-01 02:49:06,0.0,0.0,405.0,22.8,32.0
2024-01-01 02:59:06,0.0,0.0,414.0,22.9,32.0
2024-01-01 03:09:06,0.0,0.0,410.0,22.9,32.0
2024-01-01 03:19:06,0.0,0.0,413.0,22.9,32.0
2024-01-01 03:29:06,0.0,0.0,406.0,22.9,32.0
2024-01-01 03:39:06,0.0,0.0,403.0,22.9,32.0
2024-01-01 03:49:06,0.0,0.0,404.0,22.9,32.0
2024-01-01 03:59:06,0.0,0.0,411.0,22.8,32.0
2024-01-01 04:09:06,0.0,0.0,418.0,22.9,32.0
2024-01-01 04:19:06,0.0,0.0,421.0,22.8,32.0
2024-01-01 04:29:06,0.0,0.0,406.0,22.8,32.0
2024-01-01 04:39:06,0.0,0.0,406.0,22.9,32.0
2024-01-01 04:49:06,0.0,0.0,410.0,22.8,32.0
2024-01-01 04:59:06,0.0,0.0,409.0,22.8,32.0
2024-01-01 05:09:06,0.0,0.0,408.0,22.9,32.0
2024-01-01 05:19:06,0.0,0.0,397.0,22.9,32.0
2024-01-01 05:29:06,0.0,0.0,417.0,22.9,32.0
2024-01-01 05:39:06,0.0,0.0,410.0,22.9,32.0
2024-01-01 05:49:06,0.0,0.0,407.0,22.8,32.0
2024-01-01 05:59:06,0.0,0.0,407.0,22.8,32.0
2024-01-01 06:09:06,0.0,0.0,409.0,22.9,32.0
2024-01-01 06:19:05,0.0,0.0,407.0,22.8,32.0
2024-01-01 06:29:05,0.0,0.0,401.0,22.9,32.0
2024-01-01 06:39:05,0.0,0.0,400.0,22.9,32.0
2024-01-01 06:49:05,0.0,0.0,407.0,22.8,32.0
2024-01-01 06:59:05,0.0,0.0,420.0,22.9,32.0
2024-01-01 07:09:05,0.0,0.0,414.0,22.8,32.0
2024-01-01 07:19:05,0.0,0.0,414.0,22.8,32.0
2024-01-01 07:29:05,0.0,0.0,415.0,22.8,32.0
2024-01-01 07:39:05,0.0,0.0,400.0,22.8,32.0
2024-01-01 07:49:05,0.0,0.0,404.0,22.8,32.0
2024-01-01 07:59:05,0.0,0.0,399.0,22.9,32.0
2024-01-01 08:09:05,0.0,0.0,412.0,22.8,32.0
2024-01-01 08:19:05,0.0,0.0,419.0,22.8,32.0
2024-01-01 08:29:05,0.0,0.0,391.0,22.8,32.0
2024-01-01 08:39:05,0.0,0.0,395.0,22.8,32.0
2024-01-01 08:49:05,0.0,0.0,405.0,22.9,32.0
2024-01-01 08:59:05,0.0,0.0,416.0,22.8,32.0
2024-01-01 09:09:05,0.0,0.0,415.0,22.8,32.0
2024-01-01 09:19:05,1.0,0.0,421.0,22.8,32.0
2024-01-01 09:29:05,0.0,3.0,419.0,22.8,33.0
2024-01-01 09:39:05,0.0,0.0,402.0,22.8,32.0
2024-01-01 09:49:05,0.0,3.0,411.0,22.8,32.0
2024-01-01 09:59:04,0.0,3.0,404.0,22.8,32.0
2024-01-01 10:09:04,0.0,3.0,400.0,22.8,33.0
2024-01-01 10:19:04,0.0,3.0,414.0,22.8,32.0
2024-01-01 10:29:04,0.0,0.0,411.0,22.8,32.0
2024-01-01 10:39:04,0.0,3.0,431.0,22.8,33.0
2024-01-01 10:49:04,0.0,0.0,404.0,22.8,33.0
2024-01-01 10:59:04,0.0,3.0,411.0,22.8,33.0
2024-01-01 11:09:04,0.0,3.0,400.0,22.8,33.0
2024-01-01 11:19:04,0.0,3.0,418.0,22.7,32.0
2024-01-01 11:29:04,0.0,3.0,425.0,22.8,33.0
2024-01-01 11:39:04,0.0,3.0,419.0,22.8,32.0
2024-01-01 11:49:04,0.0,0.0,410.0,22.8,33.0
2024-01-01 11:59:04,0.0,0.0,399.0,22.8,32.0
2024-01-01 12:09:04,0.0,3.0,409.0,22.8,32.0
2024-01-01 12:19:04,0.0,3.0,423.0,22.8,33.0
2024-01-01 12:29:04,2.0,0.0,413.0,22.8,33.0
2024-01-01 12:39:04,0.0,0.0,411.0,22.8,33.0
2024-01-01 12:49:04,0.0,0.0,408.0,22.8,33.0
2024-01-01 12:59:04,0.0,3.0,422.0,22.8,33.0
2024-01-01 13:09:04,0.0,3.0,406.0,22.8,33.0
2024-01-01 13:19:04,0.0,3.0,416.0,22.8,33.0
2024-01-01 13:29:04,0.0,0.0,410.0,22.8,33.0
2024-01-01 13:39:04,0.0,0.0,419.0,22.8,33.0
2024-01-01 13:49:04,0.0,0.0,421.0,22.8,33.0
2024-01-01 13:59:03,0.0,0.0,407.0,22.8,33.0
2024-01-01 14:09:03,0.0,0.0,417.0,22.8,33.0
2024-01-01 14:19:03,0.0,0.0,410.0,22.8,33.0
2024-01-01 14:29:03,0.0,0.0,411.0,22.7,33.0
2024-01-01 14:39:03,0.0,0.0,405.0,22.7,33.0
2024-01-01 14:49:03,0.0,0.0,415.0,22.8,33.0
2024-01-01 14:59:03,0.0,0.0,414.0,22.8,33.0
2024-01-01 15:09:03,0.0,0.0,401.0,22.8,33.0
2024-01-01 15:19:03,0.0,0.0,411.0,22.8,33.0
2024-01-01 15:29:03,0.0,0.0,406.0,22.8,33.0
2024-01-01 15:39:03,0.0,0.0,405.0,22.8,33.0
2024-01-01 15:49:03,0.0,0.0,421.0,22.8,33.0
2024-01-01 15:59:03,0.0,0.0,430.0,22.8,33.0
2024-01-01 16:09:03,0.0,0.0,411.0,22.7,33.0
2024-01-01 16:19:03,0.0,0.0,415.0,22.7,33.0
2024-01-01 16:29:03,0.0,0.0,415.0,22.8,33.0
2024-01-01 16:39:03,0.0,0.0,411.0,22.8,32.0
2024-01-01 16:49:03,0.0,0.0,418.0,22.7,33.0
2024-01-01 16:59:03,0.0,0.0,402.0,22.8,33.0
2024-01-01 17:09:03,0.0,0.0,415.0,22.8,33.0
2024-01-01 17:19:03,0.0,0.0,421.0,22.7,33.0
2024-01-01 17:29:03,0.0,0.0,410.0,22.8,33.0
2024-01-01 17:39:03,0.0,0.0,419.0,22.8,33.0
2024-01-01 17:49:02,0.0,0.0,416.0,22.8,33.0
2024-01-01 17:59:02,0.0,0.0,420.0,22.8,33.0
2024-01-01 18:09:02,0.0,0.0,405.0,22.8,33.0
2024-01-01 18:19:02,0.0,0.0,420.0,22.8,33.0
2024-01-01 18:29:02,0.0,0.0,417.0,22.8,33.0
2024-01-01 18:39:02,0.0,0.0,419.0,22.8,33.0
2024-01-01 18:49:02,0.0,0.0,414.0,22.7,33.0
2024-01-01 18:59:02,0.0,0.0,422.0,22.7,33.0
2024-01-01 19:09:02,0.0,0.0,412.0,22.8,33.0
2024-01-01 19:19:02,0.0,0.0,415.0,22.8,33.0
2024-01-01 19:29:02,0.0,0.0,421.0,22.8,33.0
2024-01-01 19:39:02,0.0,0.0,430.0,22.7,33.0
2024-01-01 19:49:02,0.0,0.0,399.0,22.7,32.0
2024-01-01 19:59:02,0.0,0.0,413.0,22.8,33.0
2024-01-01 20:09:02,0.0,0.0,410.0,22.8,32.0
2024-01-01 20:19:02,0.0,0.0,408.0,22.8,33.0
2024-01-01 20:29:02,0.0,0.0,409.0,22.8,33.0
2024-01-01 20:39:02,0.0,0.0,414.0,22.7,33.0
2024-01-01 20:49:02,0.0,0.0,407.0,22.8,32.0
2024-01-01 20:59:02,0.0,0.0,419.0,22.8,32.0
2024-01-01 21:09:02,0.0,0.0,409.0,22.8,32.0
2024-01-01 21:19:02,0.0,0.0,408.0,22.7,32.0
2024-01-01 21:29:02,0.0,0.0,414.0,22.8,32.0
2024-01-01 21:39:02,0.0,0.0,407.0,22.8,32.0
2024-01-01 21:49:02,0.0,0.0,409.0,22.8,32.0
2024-01-01 21:59:01,0.0,0.0,396.0,22.7,32.0
2024-01-01 22:09:01,0.0,0.0,405.0,22.8,32.0
2024-01-01 22:19:01,0.0,0.0,417.0,22.8,32.0
2024-01-01 22:29:01,0.0,0.0,408.0,22.8,32.0
2024-01-01 22:39:01,0.0,0.0,403.0,22.7,32.0
2024-01-01 22:49:01,0.0,0.0,415.0,22.8,32.0
2024-01-01 22:59:01,0.0,0.0,422.0,22.8,32.0
2024-01-01 23:09:01,0.0,0.0,414.0,22.8,32.0
2024-01-01 23:19:01,0.0,0.0,406.0,22.8,32.0
2024-01-01 23:29:01,0.0,0.0,414.0,22.7,32.0
2024-01-01 23:39:01,0.0,0.0,405.0,22.7,32.0
2024-01-01 23:49:01,0.0,0.0,412.0,22.8,32.0
2024-01-01 23:59:01,0.0,0.0,417.0,22.7,32.0
2024-01-02 00:09:01,0.0,0.0,394.0,22.8,32.0
2024-01-02 00:19:01,0.0,0.0,410.0,22.8,32.0
2024-01-02 00:29:01,0.0,0.0,403.0,22.8,32.0
2024-01-02 00:39:01,0.0,0.0,412.0,22.8,32.0
2024-01-02 00:49:01,0.0,0.0,408.0,22.8,32.0
2024-01-02 00:59:01,0.0,0.0,423.0,22.8,32.0
2024-01-02 01:09:01,0.0,0.0,404.0,22.8,32.0
2024-01-02 01:19:01,0.0,0.0,425.0,22.8,32.0
2024-01-02 01:29:01,0.0,0.0,412.0,22.7,32.0
2024-01-02 01:39:00,0.0,0.0,428.0,22.8,32.0
2024-01-02 01:49:00,0.0,0.0,398.0,22.8,32.0
2024-01-02 01:59:00,0.0,0.0,409.0,22.8,32.0
2024-01-02 02:09:00,0.0,0.0,411.0,22.8,32.0
2024-01-02 02:19:00,0.0,0.0,387.0,22.8,32.0
2024-01-02 02:29:00,0.0,0.0,411.0,22.8,32.0
2024-01-02 02:39:00,0.0,0.0,419.0,22.7,32.0
2024-01-02 02:49:00,0.0,0.0,407.0,22.8,32.0
2024-01-02 02:59:00,0.0,0.0,405.0,22.8,32.0
2024-01-02 03:09:00,0.0,0.0,414.0,22.8,32.0
2024-01-02 03:19:00,0.0,0.0,411.0,22.8,32.0
2024-01-02 03:29:00,0.0,0.0,421.0,22.8,32.0
2024-01-02 03:39:00,0.0,0.0,408.0,22.8,32.0
2024-01-02 03:49:00,0.0,0.0,422.0,22.8,32.0
2024-01-02 03:59:00,0.0,0.0,413.0,22.8,32.0
2024-01-02 04:09:00,0.0,0.0,405.0,22.8,32.0
2024-01-02 04:19:00,0.0,0.0,398.0,22.7,32.0
2024-01-02 04:29:00,0.0,0.0,410.0,22.8,32.0
2024-01-02 04:39:00,0.0,0.0,410.0,22.8,32.0
2024-01-02 04:49:00,0.0,0.0,408.0,22.8,32.0
2024-01-02 04:59:00,0.0,0.0,405.0,22.8,32.0
2024-01-02 05:09:00,0.0,0.0,400.0,22.8,32.0
2024-01-02 05:19:00,0.0,0.0,414.0,22.7,32.0
2024-01-02 05:29:00,0.0,0.0,399.0,22.7,32.0
2024-01-02 05:38:59,0.0,0.0,404.0,22.8,32.0
2024-01-02 05:49:00,0.0,0.0,414.0,22.8,32.0
2024-01-02 05:58:59,0.0,0.0,393.0,22.8,32.0
2024-01-02 06:08:59,0.0,0.0,417.0,22.8,32.0
2024-01-02 06:18:59,0.0,0.0,403.0,22.8,32.0
2024-01-02 06:28:59,0.0,0.0,409.0,22.7,32.0
2024-01-02 06:38:59,0.0,0.0,409.0,22.8,32.0
2024-01-02 06:48:59,0.0,0.0,415.0,22.7,32.0
2024-01-02 06:58:59,0.0,0.0,420.0,22.8,32.0
2024-01-02 07:08:59,0.0,0.0,406.0,22.7,32.0
2024-01-02 07:18:59,0.0,0.0,404.0,22.8,32.0
2024-01-02 07:28:59,0.0,0.0,394.0,22.8,32.0
2024-01-02 07:38:59,0.0,0.0,394.0,22.8,32.0
2024-01-02 07:48:59,0.0,0.0,403.0,22.7,32.0
2024-01-02 07:58:59,0.0,0.0,424.0,22.7,31.0
2024-01-02 08:08:59,2.0,33.0,408.0,22.8,32.0
2024-01-02 08:18:59,0.0,33.0,417.0,22.8,32.0
2024-01-02 08:28:59,1.0,33.0,418.0,22.7,32.0
2024-01-02 08:38:59,2.0,37.0,419.0,22.7,32.0
2024-01-02 08:48:59,0.0,37.0,432.0,22.7,32.0
2024-01-02 08:58:59,0.0,37.0,433.0,22.7,32.0
2024-01-02 09:08:59,0.0,37.0,424.0,22.7,32.0
2024-01-02 09:18:59,2.0,37.0,429.0,22.7,32.0
2024-01-02 09:28:58,0.0,37.0,434.0,22.8,32.0
2024-01-02 09:38:58,3.0,37.0,441.0,22.7,32.0
2024-01-02 09:48:58,2.0,37.0,437.0,22.7,32.0
2024-01-02 09:58:58,0.0,37.0,506.0,22.8,32.0
2024-01-02 10:08:59,0.0,37.0,575.0,22.7,32.0
2024-01-02 10:18:58,0.0,37.0,559.0,22.7,33.0
2024-01-02 10:28:58,3.0,37.0,564.0,22.7,33.0
2024-01-02 10:38:58,13.0,33.0,655.0,22.8,33.0
2024-01-02 10:48:58,7.0,37.0,656.0,22.8,33.0
2024-01-02 10:58:58,0.0,37.0,583.0,22.8,33.0
2024-01-02 11:08:58,4.0,37.0,540.0,22.7,33.0
2024-01-02 11:18:58,1.0,37.0,553.0,22.7,33.0
2024-01-02 11:28:58,0.0,37.0,546.0,22.7,33.0
2024-01-02 11:38:58,0.0,37.0,553.0,22.8,33.0
2024-01-02 11:48:58,3.0,37.0,527.0,22.8,32.0
2024-01-02 11:58:58,0.0,37.0,516.0,22.7,32.0
2024-01-02 12:08:58,1.0,37.0,529.0,22.7,32.0
2024-01-02 12:18:58,1.0,37.0,507.0,22.8,32.0
2024-01-02 12:28:58,4.0,37.0,550.0,22.8,32.0
2024-01-02 12:38:58,0.0,37.0,617.0,22.7,32.0
2024-01-02 12:48:58,3.0,37.0,632.0,22.8,32.0
2024-01-02 12:58:58,2.0,37.0,618.0,22.7,33.0
2024-01-02 13:08:58,0.0,37.0,618.0,22.7,33.0
2024-01-02 13:18:57,2.0,37.0,610.0,22.8,32.0
2024-01-02 13:28:57,2.0,37.0,594.0,22.7,32.0
2024-01-02 13:38:57,0.0,37.0,597.0,22.7,32.0
2024-01-02 13:48:58,2.0,37.0,605.0,22.8,32.0
2024-01-02 13:58:57,1.0,37.0,579.0,22.7,32.0
2024-01-02 14:08:57,2.0,37.0,584.0,22.7,32.0
2024-01-02 14:18:57,0.0,37.0,611.0,22.7,32.0
2024-01-02 14:28:57,0.0,37.0,587.0,22.8,32.0
2024-01-02 14:38:57,2.0,37.0,585.0,22.7,32.0
2024-01-02 14:48:57,2.0,37.0,608.0,22.7,32.0
2024-01-02 14:58:57,2.0,37.0,637.0,22.7,33.0
2024-01-02 15:08:57,0.0,37.0,636.0,22.7,32.0
2024-01-02 15:18:57,0.0,37.0,644.0,22.8,33.0
2024-01-02 15:28:57,0.0,37.0,629.0,22.8,33.0
2024-01-02 15:38:57,1.0,37.0,632.0,22.7,33.0
2024-01-02 15:48:57,9.0,40.0,655.0,22.8,33.0
2024-01-02 15:58:57,0.0,40.0,715.0,22.7,33.0
2024-01-02 16:08:57,0.0,40.0,885.0,22.7,33.0
2024-01-02 16:18:57,0.0,40.0,877.0,22.7,33.0
2024-01-02 16:28:57,3.0,37.0,822.0,22.8,33.0
2024-01-02 16:38:57,3.0,40.0,806.0,22.7,33.0
2024-01-02 16:48:57,0.0,40.0,770.0,22.7,33.0
2024-01-02 16:58:57,0.0,40.0,736.0,22.7,33.0
2024-01-02 17:08:57,3.0,40.0,721.0,22.8,33.0
2024-01-02 17:18:56,0.0,40.0,723.0,22.7,33.0
2024-01-02 17:28:56,0.0,40.0,706.0,22.8,33.0
2024-01-02 17:38:57,0.0,6.0,677.0,22.8,32.0
2024-01-02 17:48:56,0.0,6.0,637.0,22.8,32.0
2024-01-02 17:58:56,0.0,6.0,621.0,22.8,32.0
2024-01-02 18:08:56,0.0,6.0,609.0,22.8,32.0
2024-01-02 18:18:56,0.0,6.0,596.0,22.8,32.0
2024-01-02 18:28:56,1.0,6.0,563.0,22.8,32.0
2024-01-02 18:38:56,1.0,10.0,568.0,22.8,31.0
2024-01-02 18:48:56,0.0,10.0,628.0,22.8,32.0
2024-01-02 18:58:56,0.0,10.0,613.0,22.7,32.0
2024-01-02 19:08:56,0.0,10.0,616.0,22.7,32.0
2024-01-02 19:18:56,1.0,10.0,603.0,22.8,32.0
2024-01-02 19:28:56,2.0,6.0,620.0,22.8,32.0
2024-01-02 19:38:56,0.0,6.0,580.0,22.8,32.0
2024-01-02 19:48:56,0.0,6.0,570.0,22.8,31.0
2024-01-02 19:58:56,0.0,6.0,550.0,22.8,31.0
2024-01-02 20:08:56,0.0,6.0,532.0,22.8,31.0
2024-01-02 20:18:56,0.0,6.0,535.0,22.8,31.0
2024-01-02 20:28:56,0.0,33.0,524.0,22.7,31.0
2024-01-02 20:38:56,0.0,40.0,518.0,22.7,31.0
2024-01-02 20:48:56,0.0,6.0,508.0,22.8,31.0
2024-01-02 20:58:56,0.0,6.0,487.0,22.8,31.0
2024-01-02 21:08:56,0.0,6.0,499.0,22.7,31.0
2024-01-02 21:18:55,0.0,6.0,483.0,22.7,31.0
2024-01-02 21:28:55,0.0,6.0,477.0,22.7,31.0
2024-01-02 21:38:55,1.0,10.0,471.0,22.8,31.0
2024-01-02 21:48:55,0.0,10.0,490.0,22.7,31.0
2024-01-02 21:58:55,0.0,6.0,492.0,22.7,31.0
2024-01-02 22:08:55,0.0,6.0,493.0,22.7,31.0
2024-01-02 22:18:55,0.0,6.0,500.0,22.7,31.0
2024-01-02 22:28:55,0.0,6.0,493.0,22.7,31.0
2024-01-02 22:38:55,0.0,6.0,489.0,22.8,31.0
2024-01-02 22:48:55,0.0,6.0,508.0,22.7,31.0
2024-01-02 22:58:55,0.0,6.0,503.0,22.7,31.0
2024-01-02 23:08:55,0.0,6.0,501.0,22.7,31.0
2024-01-02 23:18:55,1.0,0.0,517.0,22.7,31.0
2024-01-02 23:28:55,0.0,0.0,500.0,22.7,31.0
2024-01-02 23:38:55,0.0,0.0,495.0,22.8,31.0
2024-01-02 23:48:55,0.0,0.0,490.0,22.8,31.0
2024-01-02 23:58:55,0.0,0.0,481.0,22.8,31.0
2024-01-03 00:08:55,0.0,0.0,468.0,22.7,31.0
2024-01-03 00:18:55,0.0,0.0,475.0,22.8,31.0
2024-01-03 00:28:55,0.0,0.0,451.0,22.7,30.0
2024-01-03 00:38:55,0.0,0.0,461.0,22.7,30.0
2024-01-03 00:48:55,0.0,0.0,456.0,22.7,30.0
2024-01-03 00:58:55,0.0,0.0,446.0,22.8,30.0
2024-01-03 01:08:54,0.0,0.0,457.0,22.7,30.0
2024-01-03 01:18:54,0.0,0.0,449.0,22.7,30.0
2024-01-03 01:28:55,0.0,0.0,443.0,22.7,30.0
2024-01-03 01:38:54,0.0,0.0,438.0,22.7,30.0
2024-01-03 01:48:54,0.0,0.0,438.0,22.8,30.0
2024-01-03 01:58:54,0.0,0.0,420.0,22.7,30.0
2024-01-03 02:08:54,0.0,0.0,447.0,22.7,30.0
2024-01-03 02:18:54,0.0,0.0,432.0,22.7,30.0
2024-01-03 02:28:54,0.0,0.0,432.0,22.7,30.0
2024-01-03 02:38:54,0.0,0.0,436.0,22.7,30.0
2024-01-03 02:48:54,1.0,16.0,425.0,22.7,30.0
2024-01-03 02:58:54,0.0,33.0,416.0,22.7,30.0
2024-01-03 03:08:54,0.0,0.0,434.0,22.7,30.0
2024-01-03 03:18:54,0.0,0.0,430.0,22.8,30.0
2024-01-03 03:28:54,0.0,0.0,418.0,22.7,30.0
2024-01-03 03:38:54,0.0,0.0,436.0,22.7,30.0
2024-01-03 03:48:54,0.0,0.0,421.0,22.7,30.0
2024-01-03 03:58:54,0.0,33.0,426.0,22.7,30.0
2024-01-03 04:08:54,0.0,33.0,440.0,22.7,30.0
2024-01-03 04:18:54,0.0,0.0,429.0,22.7,30.0
2024-01-03 04:28:54,0.0,0.0,435.0,22.8,30.0
2024-01-03 04:38:54,0.0,0.0,430.0,22.7,30.0
2024-01-03 04:48:54,0.0,0.0,435.0,22.7,30.0
2024-01-03 04:58:53,0.0,0.0,424.0,22.7,30.0
2024-01-03 05:08:53,0.0,0.0,449.0,22.8,30.0
2024-01-03 05:18:53,0.0,0.0,423.0,22.7,29.0
2024-01-03 05:28:53,0.0,0.0,431.0,22.7,30.0
2024-01-03 05:38:53,0.0,0.0,424.0,22.7,29.0
2024-01-03 05:48:53,0.0,0.0,419.0,22.7,30.0
2024-01-03 05:58:53,0.0,0.0,422.0,22.7,30.0
2024-01-03 06:08:53,1.0,33.0,422.0,22.7,30.0
2024-01-03 06:18:53,0.0,33.0,418.0,22.7,30.0
2024-01-03 06:28:53,0.0,0.0,418.0,22.7,30.0
2024-01-03 06:38:53,0.0,33.0,411.0,22.7,29.0
2024-01-03 06:48:53,0.0,33.0,427.0,22.7,29.0
2024-01-03 06:58:53,2.0,33.0,425.0,22.7,30.0
2024-01-03 07:08:53,0.0,33.0,422.0,22.7,30.0
2024-01-03 07:18:53,1.0,33.0,444.0,22.7,30.0
2024-01-03 07:28:53,0.0,33.0,431.0,22.7,30.0
2024-01-03 07:38:53,0.0,33.0,418.0,22.7,30.0
2024-01-03 07:48:53,0.0,33.0,449.0,22.7,30.0
2024-01-03 07:58:53,0.0,33.0,428.0,22.7,30.0
2024-01-03 08:08:53,0.0,33.0,433.0,22.7,30.0
2024-01-03 08:18:53,0.0,33.0,436.0,22.7,30.0
2024-01-03 08:28:53,0.0,33.0,421.0,22.7,30.0
2024-01-03 08:38:53,3.0,33.0,431.0,22.7,30.0
2024-01-03 08:48:53,0.0,33.0,427.0,22.7,30.0
2024-01-03 08:58:52,0.0,33.0,431.0,22.7,30.0
2024-01-03 09:08:52,0.0,33.0,432.0,22.7,30.0
2024-01-03 09:18:52,0.0,33.0,437.0,22.8,30.0
2024-01-03 09:28:52,0.0,33.0,431.0,22.7,30.0
2024-01-03 09:38:52,0.0,33.0,434.0,22.7,30.0
2024-01-03 09:48:52,0.0,33.0,419.0,22.7,30.0
2024-01-03 09:58:52,0.0,33.0,442.0,22.7,30.0
2024-01-03 10:08:52,0.0,33.0,444.0,22.7,30.0
2024-01-03 10:18:52,2.0,33.0,438.0,22.7,30.0
2024-01-03 10:28:52,2.0,33.0,431.0,22.7,30.0
2024-01-03 10:38:52,1.0,33.0,437.0,22.7,30.0
2024-01-03 10:48:52,2.0,33.0,442.0,22.6,30.0
2024-01-03 10:58:52,2.0,33.0,460.0,22.7,30.0
2024-01-03 11:08:52,0.0,33.0,445.0,22.7,30.0
2024-01-03 11:18:52,0.0,33.0,446.0,22.7,30.0
2024-01-03 11:28:52,1.0,33.0,449.0,22.7,30.0
2024-01-03 11:38:52,1.0,33.0,445.0,22.6,30.0
2024-01-03 11:48:52,0.0,33.0,446.0,22.7,30.0
2024-01-03 11:58:52,3.0,33.0,451.0,22.7,30.0
2024-01-03 12:08:52,0.0,33.0,451.0,22.6,30.0
2024-01-03 12:18:52,0.0,33.0,462.0,22.7,30.0
2024-01-03 12:28:52,0.0,33.0,440.0,22.6,30.0
2024-01-03 12:38:52,0.0,33.0,456.0,22.7,30.0
2024-01-03 12:48:51,1.0,33.0,441.0,22.6,30.0
2024-01-03 12:58:51,3.0,33.0,445.0,22.7,30.0
2024-01-03 13:08:51,0.0,33.0,469.0,22.6,30.0
2024-01-03 13:18:51,0.0,33.0,456.0,22.7,30.0
2024-01-03 13:28:51,2.0,33.0,466.0,22.7,30.0
2024-01-03 13:38:51,0.0,33.0,474.0,22.6,30.0
2024-01-03 13:48:51,0.0,33.0,501.0,22.7,30.0
2024-01-03 13:58:51,0.0,33.0,482.0,22.6,30.0
2024-01-03 14:08:51,0.0,33.0,486.0,22.7,30.0
2024-01-03 14:18:51,0.0,33.0,470.0,22.6,30.0
2024-01-03 14:28:51,1.0,33.0,453.0,22.6,30.0
2024-01-03 14:38:51,1.0,33.0,468.0,22.7,30.0
2024-01-03 14:48:51,0.0,33.0,453.0,22.6,30.0
2024-01-03 14:58:51,0.0,33.0,474.0,22.7,30.0
2024-01-03 15:08:51,2.0,33.0,479.0,22.6,30.0
2024-01-03 15:18:51,0.0,33.0,476.0,22.6,30.0
2024-01-03 15:28:51,0.0,33.0,486.0,22.7,30.0
2024-01-03 15:38:51,0.0,33.0,476.0,22.7,30.0
2024-01-03 15:48:51,0.0,33.0,464.0,22.7,30.0
2024-01-03 15:58:51,0.0,33.0,472.0,22.7,30.0
2024-01-03 16:08:51,0.0,33.0,463.0,22.6,30.0
2024-01-03 16:18:51,0.0,33.0,461.0,22.7,30.0
2024-01-03 16:28:51,0.0,33.0,442.0,22.6,30.0
2024-01-03 16:38:51,0.0,33.0,464.0,22.7,30.0
2024-01-03 16:48:50,0.0,33.0,457.0,22.6,29.0
2024-01-03 16:58:51,0.0,33.0,444.0,22.6,29.0
2024-01-03 17:08:50,0.0,33.0,440.0,22.7,29.0
2024-01-03 17:18:50,0.0,33.0,444.0,22.7,29.0
2024-01-03 17:28:50,0.0,33.0,449.0,22.7,29.0
2024-01-03 17:38:50,0.0,0.0,447.0,22.7,29.0
2024-01-03 17:48:50,0.0,0.0,438.0,22.7,29.0
2024-01-03 17:58:50,0.0,0.0,435.0,22.6,29.0
2024-01-03 18:08:50,0.0,0.0,436.0,22.7,29.0
2024-01-03 18:18:50,0.0,0.0,432.0,22.6,29.0
2024-01-03 18:28:50,0.0,0.0,432.0,22.6,29.0
2024-01-03 18:38:51,0.0,0.0,444.0,22.7,29.0
2024-01-03 18:48:50,0.0,0.0,446.0,22.7,29.0
2024-01-03 18:58:50,0.0,0.0,426.0,22.7,29.0
2024-01-03 19:08:50,0.0,0.0,424.0,22.6,29.0
2024-01-03 19:18:50,0.0,0.0,429.0,22.6,29.0
2024-01-03 19:28:50,0.0,0.0,425.0,22.6,29.0
2024-01-03 19:38:50,0.0,0.0,429.0,22.6,29.0
2024-01-03 19:48:50,0.0,0.0,423.0,22.6,29.0
2024-01-03 19:58:50,0.0,0.0,424.0,22.6,29.0
2024-01-03 20:08:50,0.0,0.0,411.0,22.6,29.0
2024-01-03 20:18:50,0.0,0.0,418.0,22.6,29.0
2024-01-03 20:28:50,0.0,0.0,427.0,22.6,29.0
2024-01-03 20:38:49,0.0,0.0,407.0,22.6,29.0
2024-01-03 20:48:49,0.0,0.0,403.0,22.6,29.0
2024-01-03 20:58:49,0.0,0.0,424.0,22.7,29.0
2024-01-03 21:08:49,0.0,0.0,418.0,22.6,29.0
2024-01-03 21:18:49,0.0,0.0,424.0,22.6,29.0
2024-01-03 21:28:49,0.0,0.0,412.0,22.6,28.0
2024-01-03 21:38:49,0.0,0.0,416.0,22.6,29.0
2024-01-03 21:48:49,0.0,0.0,410.0,22.6,29.0
2024-01-03 21:58:49,0.0,0.0,415.0,22.6,28.0
2024-01-03 22:08:49,0.0,0.0,408.0,22.6,29.0
2024-01-03 22:18:49,0.0,0.0,424.0,22.6,28.0
2024-01-03 22:28:49,0.0,0.0,404.0,22.7,28.0
2024-01-03 22:38:49,0.0,0.0,402.0,22.6,28.0
2024-01-03 22:48:49,0.0,0.0,412.0,22.6,28.0
2024-01-03 22:58:49,0.0,0.0,412.0,22.6,28.0
2024-01-03 23:08:49,0.0,0.0,411.0,22.6,28.0
2024-01-03 23:18:49,0.0,0.0,413.0,22.6,28.0
2024-01-03 23:28:49,0.0,0.0,407.0,22.6,28.0
2024-01-03 23:38:49,0.0,0.0,410.0,22.6,28.0
2024-01-03 23:48:49,0.0,0.0,412.0,22.5,28.0
2024-01-03 23:58:49,0.0,0.0,403.0,22.6,28.0
2024-01-04 00:08:49,0.0,0.0,402.0,22.6,28.0
2024-01-04 00:18:49,0.0,0.0,415.0,22.6,28.0
2024-01-04 00:28:49,0.0,0.0,393.0,22.6,28.0
2024-01-04 00:38:48,0.0,0.0,397.0,22.6,28.0
2024-01-04 00:48:48,0.0,0.0,412.0,22.6,28.0
2024-01-04 00:58:48,0.0,0.0,404.0,22.6,28.0
2024-01-04 01:08:48,0.0,0.0,417.0,22.6,28.0
2024-01-04 01:18:48,0.0,0.0,411.0,22.6,28.0
2024-01-04 01:28:48,0.0,0.0,411.0,22.6,28.0
2024-01-04 01:38:48,0.0,0.0,400.0,22.6,28.0
2024-01-04 01:48:48,0.0,0.0,402.0,22.6,28.0
2024-01-04 01:58:48,0.0,0.0,407.0,22.6,28.0
2024-01-04 02:08:48,0.0,0.0,406.0,22.6,28.0
2024-01-04 02:18:48,0.0,0.0,395.0,22.6,28.0
2024-01-04 02:28:48,0.0,0.0,405.0,22.6,28.0
2024-01-04 02:38:48,0.0,0.0,411.0,22.6,28.0
2024-01-04 02:48:48,0.0,0.0,396.0,22.6,28.0
2024-01-04 02:58:48,1.0,33.0,398.0,22.6,28.0
2024-01-04 03:08:48,0.0,33.0,412.0,22.6,28.0
2024-01-04 03:18:48,0.0,0.0,411.0,22.6,28.0
2024-01-04 03:28:48,0.0,0.0,386.0,22.6,28.0
2024-01-04 03:38:48,0.0,0.0,404.0,22.6,28.0
2024-01-04 03:48:48,1.0,33.0,409.0,22.6,28.0
2024-01-04 03:58:48,0.0,33.0,408.0,22.6,28.0
2024-01-04 04:08:48,0.0,0.0,399.0,22.6,28.0
2024-01-04 04:18:48,0.0,0.0,411.0,22.6,28.0
2024-01-04 04:28:47,0.0,0.0,399.0,22.6,28.0
2024-01-04 04:38:47,0.0,0.0,415.0,22.6,28.0
2024-01-04 04:48:47,0.0,0.0,406.0,22.6,28.0
2024-01-04 04:58:47,0.0,0.0,397.0,22.6,28.0
2024-01-04 05:08:47,0.0,0.0,395.0,22.6,28.0
2024-01-04 05:19:00,0.0,0.0,410.0,22.6,27.0
2024-01-04 05:29:00,0.0,0.0,397.0,22.6,27.0
2024-01-04 05:39:00,0.0,0.0,403.0,22.6,27.0
2024-01-04 05:49:00,0.0,0.0,422.0,22.6,27.0
2024-01-04 05:59:00,0.0,0.0,407.0,22.5,27.0
2024-01-04 06:09:00,0.0,0.0,406.0,22.6,27.0
2024-01-04 06:19:00,0.0,0.0,402.0,22.6,27.0
2024-01-04 06:29:00,0.0,0.0,410.0,22.5,27.0
2024-01-04 06:39:00,0.0,0.0,402.0,22.6,27.0
2024-01-04 06:49:00,0.0,0.0,403.0,22.5,27.0
2024-01-04 06:59:00,0.0,0.0,410.0,22.6,27.0
2024-01-04 07:08:59,0.0,0.0,411.0,22.6,27.0
2024-01-04 07:18:59,0.0,0.0,415.0,22.5,27.0
2024-01-04 07:28:59,0.0,0.0,405.0,22.5,27.0
2024-01-04 07:39:00,1.0,30.0,399.0,22.5,27.0
2024-01-04 07:48:59,4.0,33.0,403.0,22.6,28.0
2024-01-04 07:58:59,2.0,33.0,419.0,22.5,28.0
2024-01-04 08:09:00,0.0,37.0,406.0,22.6,28.0
2024-01-04 08:18:59,2.0,37.0,440.0,22.5,28.0
2024-01-04 08:28:59,1.0,37.0,476.0,22.4,27.0
2024-01-04 08:38:59,2.0,40.0,508.0,22.3,27.0
2024-01-04 08:48:59,0.0,40.0,499.0,22.2,26.0
2024-01-04 08:58:59,2.0,40.0,499.0,22.2,26.0
2024-01-04 09:08:59,2.0,40.0,523.0,22.1,25.0
2024-01-04 09:18:59,0.0,37.0,506.0,22.3,25.0
2024-01-04 09:28:59,4.0,33.0,530.0,22.3,25.0
2024-01-04 09:38:59,3.0,37.0,570.0,22.3,26.0
2024-01-04 09:48:59,0.0,37.0,550.0,22.3,26.0
2024-01-04 09:58:59,3.0,37.0,554.0,22.3,26.0
2024-01-04 10:08:59,4.0,37.0,574.0,22.3,27.0
2024-01-04 10:18:59,3.0,40.0,598.0,22.4,27.0
2024-01-04 10:28:59,0.0,40.0,589.0,22.4,27.0
2024-01-04 10:38:59,9.0,40.0,619.0,22.3,28.0
2024-01-04 10:48:59,8.0,43.0,638.0,22.3,28.0
2024-01-04 10:58:59,1.0,47.0,643.0,22.4,28.0
2024-01-04 11:08:58,4.0,47.0,646.0,22.4,29.0
2024-01-04 11:18:58,6.0,47.0,660.0,22.3,28.0
2024-01-04 11:28:58,8.0,47.0,707.0,22.4,28.0
2024-01-04 11:38:58,2.0,43.0,710.0,22.4,28.0
2024-01-04 11:48:58,3.0,43.0,687.0,22.4,29.0
2024-01-04 11:58:58,3.0,40.0,679.0,22.4,29.0
2024-01-04 12:08:58,6.0,47.0,685.0,22.4,29.0
2024-01-04 12:18:58,1.0,47.0,713.0,22.4,28.0
2024-01-04 12:28:58,2.0,40.0,735.0,22.4,29.0
2024-01-04 12:38:58,2.0,40.0,723.0,22.4,28.0
2024-01-04 12:48:58,2.0,40.0,716.0,22.5,28.0
2024-01-04 12:58:58,3.0,37.0,701.0,22.5,29.0
2024-01-04 13:08:58,2.0,43.0,699.0,22.5,29.0
2024-01-04 13:18:58,3.0,43.0,766.0,22.5,29.0
2024-01-04 13:28:58,1.0,40.0,761.0,22.4,29.0
2024-01-04 13:38:58,2.0,40.0,807.0,22.4,29.0
2024-01-04 13:48:58,6.0,40.0,843.0,22.4,29.0
2024-01-04 13:58:58,2.0,40.0,848.0,22.5,30.0
2024-01-04 14:18:58,3.0,37.0,875.0,22.4,30.0
2024-01-04 14:28:58,2.0,40.0,871.0,22.4,30.0
2024-01-04 14:38:58,1.0,37.0,880.0,22.5,30.0
2024-01-04 14:48:58,1.0,37.0,889.0,22.5,30.0
2024-01-04 14:58:58,3.0,37.0,873.0,22.5,30.0
2024-01-04 15:08:57,5.0,37.0,867.0,22.5,30.0
2024-01-04 15:18:57,0.0,37.0,858.0,22.5,30.0
2024-01-04 15:28:57,1.0,37.0,832.0,22.5,30.0
2024-01-04 15:38:57,2.0,37.0,803.0,22.5,29.0
2024-01-04 15:48:57,1.0,37.0,764.0,22.5,29.0
2024-01-04 15:58:57,0.0,37.0,757.0,22.5,29.0
2024-01-04 16:08:57,0.0,37.0,744.0,22.5,29.0
2024-01-04 16:18:57,2.0,37.0,704.0,22.5,28.0
2024-01-04 16:28:57,0.0,37.0,701.0,22.5,28.0
2024-01-04 16:38:57,0.0,37.0,718.0,22.5,28.0
2024-01-04 16:48:57,0.0,37.0,712.0,22.5,28.0
2024-01-04 16:58:57,0.0,37.0,680.0,22.5,28.0
2024-01-04 17:08:57,1.0,37.0,657.0,22.5,28.0
2024-01-04 17:18:57,0.0,37.0,682.0,22.5,28.0
2024-01-04 17:28:57,0.0,37.0,707.0,22.5,28.0
2024-01-04 17:38:57,0.0,6.0,680.0,22.5,28.0
2024-01-04 17:48:57,0.0,6.0,680.0,22.5,28.0
2024-01-04 17:58:57,0.0,6.0,651.0,22.5,28.0
2024-01-04 18:08:57,0.0,6.0,656.0,22.5,27.0
2024-01-04 18:18:57,0.0,6.0,632.0,22.5,27.0
2024-01-04 18:28:57,0.0,0.0,624.0,22.5,27.0
2024-01-04 18:38:57,0.0,0.0,623.0,22.5,27.0
2024-01-04 18:48:57,0.0,0.0,586.0,22.5,27.0
2024-01-04 18:58:56,2.0,0.0,575.0,22.5,27.0
2024-01-04 19:08:56,0.0,0.0,567.0,22.5,27.0
2024-01-04 19:18:56,0.0,0.0,547.0,22.5,27.0
2024-01-04 19:28:56,0.0,0.0,545.0,22.5,27.0
2024-01-04 19:38:56,0.0,0.0,529.0,22.5,27.0
2024-01-04 19:48:56,0.0,0.0,523.0,22.5,26.0
2024-01-04 19:58:56,0.0,0.0,532.0,22.5,26.0
2024-01-04 20:08:56,0.0,0.0,515.0,22.5,26.0
2024-01-04 20:18:56,0.0,0.0,505.0,22.5,26.0
2024-01-04 20:28:56,5.0,33.0,511.0,22.5,26.0
2024-01-04 20:38:56,1.0,33.0,511.0,22.5,26.0
2024-01-04 20:48:56,3.0,33.0,520.0,22.6,26.0
2024-01-04 20:58:56,0.0,37.0,505.0,22.5,26.0
2024-01-04 21:08:56,0.0,0.0,508.0,22.5,26.0
2024-01-04 21:18:56,0.0,0.0,509.0,22.6,26.0
2024-01-04 21:28:56,0.0,0.0,491.0,22.5,26.0
2024-01-04 21:38:56,1.0,0.0,497.0,22.5,26.0
2024-01-04 21:48:56,0.0,0.0,486.0,22.5,26.0
2024-01-04 21:58:56,0.0,0.0,479.0,22.5,26.0
2024-01-04 22:08:56,0.0,0.0,464.0,22.6,26.0
2024-01-04 22:18:56,0.0,0.0,462.0,22.5,26.0
2024-01-04 22:28:56,0.0,0.0,477.0,22.6,26.0
2024-01-04 22:38:56,0.0,0.0,462.0,22.5,26.0
2024-01-04 22:48:55,1.0,33.0,459.0,22.5,25.0
2024-01-04 22:58:55,0.0,37.0,470.0,22.6,26.0
2024-01-04 23:08:55,0.0,0.0,467.0,22.5,26.0
2024-01-04 23:18:55,0.0,0.0,466.0,22.5,26.0
2024-01-04 23:28:55,0.0,0.0,463.0,22.5,26.0
2024-01-04 23:38:55,0.0,0.0,453.0,22.6,25.0
2024-01-04 23:48:55,2.0,26.0,451.0,22.5,25.0
2024-01-04 23:58:55,0.0,37.0,456.0,22.5,25.0
2024-01-05 00:08:55,0.0,0.0,461.0,22.5,25.0
2024-01-05 00:18:55,0.0,0.0,449.0,22.5,25.0
2024-01-05 00:28:55,0.0,0.0,439.0,22.6,25.0
2024-01-05 00:38:55,0.0,0.0,457.0,22.5,25.0
2024-01-05 00:48:55,0.0,0.0,456.0,22.5,25.0
2024-01-05 00:58:55,0.0,0.0,450.0,22.5,25.0
2024-01-05 01:08:55,0.0,0.0,445.0,22.5,25.0
2024-01-05 01:18:55,0.0,0.0,447.0,22.5,25.0
2024-01-05 01:28:55,0.0,0.0,438.0,22.6,25.0
2024-01-05 01:38:55,0.0,0.0,432.0,22.5,25.0
2024-01-05 01:48:55,0.0,0.0,438.0,22.5,25.0
2024-01-05 01:58:55,0.0,0.0,436.0,22.5,25.0
2024-01-05 02:08:55,0.0,0.0,439.0,22.5,25.0
2024-01-05 02:18:55,0.0,0.0,430.0,22.5,25.0
2024-01-05 02:28:55,0.0,0.0,438.0,22.5,25.0
2024-01-05 02:38:55,0.0,0.0,443.0,22.5,25.0
2024-01-05 02:48:54,0.0,0.0,443.0,22.5,25.0
2024-01-05 02:58:54,1.0,26.0,445.0,22.5,25.0
2024-01-05 03:08:54,1.0,33.0,449.0,22.5,25.0
2024-01-05 03:18:54,0.0,0.0,437.0,22.6,25.0
2024-01-05 03:28:54,0.0,0.0,439.0,22.5,25.0
2024-01-05 03:38:54,0.0,0.0,443.0,22.5,25.0
2024-01-05 03:48:55,0.0,0.0,436.0,22.5,25.0
2024-01-05 03:58:54,1.0,30.0,437.0,22.5,25.0
2024-01-05 04:08:54,1.0,33.0,437.0,22.5,24.0
2024-01-05 04:18:54,0.0,0.0,432.0,22.5,24.0
2024-01-05 04:28:54,0.0,0.0,448.0,22.5,24.0
2024-01-05 04:38:54,0.0,0.0,446.0,22.6,24.0
2024-01-05 04:48:54,0.0,0.0,430.0,22.6,24.0
2024-01-05 04:58:54,0.0,0.0,426.0,22.5,24.0
2024-01-05 05:08:54,0.0,0.0,430.0,22.5,24.0
2024-01-05 05:18:54,0.0,0.0,443.0,22.5,24.0
2024-01-05 05:28:54,0.0,0.0,429.0,22.5,24.0
2024-01-05 05:38:54,0.0,0.0,443.0,22.5,24.0
2024-01-05 05:48:54,0.0,0.0,421.0,22.5,24.0
2024-01-05 05:58:54,0.0,0.0,411.0,22.5,24.0
2024-01-05 06:08:54,0.0,0.0,426.0,22.5,24.0
2024-01-05 06:18:54,0.0,0.0,432.0,22.5,24.0
2024-01-05 06:28:54,0.0,0.0,430.0,22.5,24.0
2024-01-05 06:38:53,0.0,0.0,425.0,22.5,24.0
2024-01-05 06:48:53,0.0,0.0,421.0,22.5,24.0
2024-01-05 06:58:53,0.0,0.0,420.0,22.5,24.0
2024-01-05 07:08:53,0.0,0.0,429.0,22.5,24.0
2024-01-05 07:18:53,0.0,0.0,428.0,22.5,24.0
2024-01-05 07:28:54,0.0,0.0,433.0,22.5,24.0
2024-01-05 07:38:53,0.0,3.0,431.0,22.4,24.0
2024-01-05 07:48:53,0.0,3.0,433.0,22.5,24.0
2024-01-05 07:58:53,0.0,3.0,435.0,22.5,25.0
2024-01-05 08:08:53,3.0,37.0,451.0,22.5,26.0
2024-01-05 08:18:53,1.0,37.0,499.0,22.5,27.0
2024-01-05 08:28:53,3.0,37.0,491.0,22.5,27.0
2024-01-05 08:38:53,0.0,37.0,528.0,22.5,28.0
2024-01-05 08:48:53,1.0,37.0,543.0,22.5,28.0
2024-01-05 08:58:53,0.0,37.0,552.0,22.5,28.0
2024-01-05 09:08:53,5.0,37.0,546.0,22.5,28.0
2024-01-05 09:18:53,5.0,40.0,571.0,22.5,28.0
2024-01-05 09:28:53,3.0,40.0,625.0,22.5,28.0
2024-01-05 09:38:53,0.0,40.0,601.0,22.5,27.0
2024-01-05 09:48:53,4.0,40.0,601.0,22.5,27.0
2024-01-05 09:58:53,4.0,43.0,618.0,22.5,28.0
2024-01-05 10:08:53,4.0,40.0,647.0,22.5,28.0
2024-01-05 10:18:53,6.0,47.0,622.0,22.5,28.0
2024-01-05 10:28:53,2.0,47.0,633.0,22.5,28.0
2024-01-05 10:38:52,2.0,47.0,649.0,22.5,27.0
2024-01-05 10:48:52,6.0,47.0,696.0,22.5,28.0
2024-01-05 10:58:52,0.0,47.0,721.0,22.5,28.0
2024-01-05 11:08:52,1.0,43.0,786.0,22.5,28.0
2024-01-05 11:18:52,5.0,43.0,867.0,22.4,29.0
2024-01-05 11:28:52,1.0,43.0,817.0,22.5,28.0
2024-01-05 11:38:52,5.0,47.0,910.0,22.4,29.0
2024-01-05 11:48:52,2.0,47.0,916.0,22.5,29.0
2024-01-05 11:58:52,6.0,43.0,933.0,22.4,29.0
2024-01-05 12:08:52,5.0,40.0,922.0,22.4,29.0
2024-01-05 12:18:52,1.0,40.0,966.0,22.4,29.0
2024-01-05 12:28:52,1.0,40.0,951.0,22.5,29.0
2024-01-05 12:38:52,0.0,40.0,913.0,22.5,28.0
2024-01-05 12:48:52,1.0,40.0,902.0,22.5,28.0
2024-01-05 12:58:52,7.0,40.0,945.0,22.5,28.0
2024-01-05 13:08:52,1.0,40.0,859.0,22.5,28.0
2024-01-05 13:18:52,4.0,40.0,909.0,22.4,29.0
2024-01-05 13:28:52,3.0,40.0,858.0,22.5,28.0
2024-01-05 13:38:52,4.0,37.0,979.0,22.5,28.0
2024-01-05 13:48:52,1.0,40.0,989.0,22.5,29.0
2024-01-05 13:58:52,1.0,40.0,1081.0,22.5,29.0
2024-01-05 14:08:52,2.0,40.0,1157.0,22.5,30.0
2024-01-05 14:18:52,2.0,40.0,1191.0,22.5,30.0
2024-01-05 14:28:51,6.0,37.0,1160.0,22.5,30.0
2024-01-05 14:38:51,0.0,37.0,1094.0,22.5,30.0
2024-01-05 14:48:51,1.0,33.0,1073.0,22.4,29.0
2024-01-05 14:58:51,3.0,33.0,1054.0,22.5,29.0
2024-01-05 15:08:51,0.0,33.0,1048.0,22.5,29.0
2024-01-05 15:18:51,2.0,33.0,1025.0,22.4,29.0
2024-01-05 15:28:51,3.0,33.0,1007.0,22.5,29.0
2024-01-05 15:38:51,0.0,33.0,977.0,22.4,28.0
2024-01-05 15:48:51,0.0,33.0,950.0,22.5,28.0
2024-01-05 15:58:51,0.0,33.0,901.0,22.5,28.0
2024-01-05 16:08:51,0.0,33.0,871.0,22.5,28.0
2024-01-05 16:18:51,0.0,33.0,852.0,22.5,28.0
2024-01-05 16:28:51,0.0,33.0,807.0,22.5,28.0
2024-01-05 16:38:51,0.0,33.0,782.0,22.5,27.0
2024-01-05 16:48:51,0.0,33.0,751.0,22.5,27.0
2024-01-05 16:58:51,0.0,33.0,713.0,22.5,27.0
2024-01-05 17:08:51,0.0,33.0,701.0,22.5,27.0
2024-01-05 17:18:51,0.0,33.0,675.0,22.5,27.0
2024-01-05 17:28:51,0.0,33.0,649.0,22.5,26.0
2024-01-05 17:38:51,0.0,0.0,645.0,22.5,26.0
2024-01-05 17:48:51,0.0,0.0,627.0,22.5,26.0
2024-01-05 17:58:51,0.0,0.0,599.0,22.5,26.0
2024-01-05 18:08:51,0.0,0.0,604.0,22.5,26.0
2024-01-05 18:18:50,0.0,0.0,573.0,22.5,25.0
2024-01-05 18:28:51,0.0,0.0,574.0,22.5,25.0
2024-01-05 18:38:50,0.0,0.0,584.0,22.5,25.0
2024-01-05 18:48:50,0.0,0.0,563.0,22.4,25.0
2024-01-05 18:58:50,0.0,0.0,546.0,22.4,25.0
2024-01-05 19:08:50,0.0,0.0,545.0,22.5,25.0
2024-01-05 19:18:51,0.0,0.0,543.0,22.4,25.0
2024-01-05 19:28:50,0.0,0.0,542.0,22.4,25.0
2024-01-05 19:38:51,0.0,0.0,541.0,22.5,25.0
2024-01-05 19:48:51,0.0,0.0,536.0,22.5,25.0
2024-01-05 19:58:50,0.0,0.0,522.0,22.5,25.0
2024-01-05 20:08:50,0.0,0.0,533.0,22.5,25.0
2024-01-05 20:18:50,0.0,0.0,523.0,22.4,24.0
2024-01-05 20:28:50,0.0,0.0,531.0,22.4,24.0
2024-01-05 20:38:50,0.0,0.0,499.0,22.5,24.0
2024-01-05 20:48:50,0.0,0.0,500.0,22.4,24.0
2024-01-05 20:58:50,0.0,0.0,486.0,22.4,24.0
2024-01-05 21:08:50,0.0,0.0,496.0,22.5,24.0
2024-01-05 21:18:50,0.0,0.0,491.0,22.4,24.0
2024-01-05 21:28:50,0.0,0.0,489.0,22.5,24.0
2024-01-05 21:38:50,0.0,0.0,485.0,22.5,24.0
2024-01-05 21:48:50,0.0,0.0,495.0,22.4,24.0
2024-01-05 21:58:50,0.0,0.0,481.0,22.5,24.0
2024-01-05 22:08:50,0.0,0.0,474.0,22.4,24.0
2024-01-05 22:18:50,0.0,0.0,478.0,22.4,24.0
2024-01-05 22:28:49,0.0,0.0,481.0,22.4,24.0
2024-01-05 22:38:49,0.0,0.0,479.0,22.4,24.0
2024-01-05 22:48:49,0.0,0.0,480.0,22.4,24.0
2024-01-05 22:58:49,1.0,0.0,482.0,22.4,24.0
2024-01-05 23:08:49,0.0,0.0,482.0,22.4,24.0
2024-01-05 23:18:49,0.0,0.0,478.0,22.4,24.0
2024-01-05 23:28:49,0.0,0.0,458.0,22.4,24.0
2024-01-05 23:38:49,0.0,0.0,460.0,22.4,24.0
2024-01-05 23:48:49,0.0,0.0,473.0,22.4,24.0
2024-01-05 23:58:49,0.0,0.0,472.0,22.5,24.0
2024-01-06 00:08:49,0.0,0.0,461.0,22.4,24.0
2024-01-06 00:18:49,0.0,0.0,446.0,22.5,24.0
2024-01-06 00:28:49,0.0,0.0,466.0,22.4,24.0
2024-01-06 00:38:49,0.0,0.0,465.0,22.4,24.0
2024-01-06 00:48:49,0.0,0.0,468.0,22.4,24.0
2024-01-06 00:58:49,0.0,0.0,471.0,22.4,24.0
2024-01-06 01:08:49,0.0,0.0,438.0,22.4,24.0
2024-01-06 01:18:49,0.0,0.0,456.0,22.4,24.0
2024-01-06 01:28:49,0.0,0.0,436.0,22.4,24.0
2024-01-06 01:38:49,0.0,0.0,464.0,22.4,24.0
2024-01-06 01:48:49,0.0,0.0,445.0,22.4,24.0
2024-01-06 01:58:49,0.0,0.0,461.0,22.4,24.0
2024-01-06 02:08:49,0.0,0.0,446.0,22.4,24.0
2024-01-06 02:18:48,0.0,0.0,449.0,22.4,24.0
2024-01-06 02:28:49,0.0,0.0,462.0,22.4,24.0
2024-01-06 02:38:48,0.0,0.0,443.0,22.4,24.0
2024-01-06 02:48:48,0.0,0.0,452.0,22.4,24.0
2024-01-06 02:58:48,0.0,0.0,447.0,22.4,24.0
2024-01-06 03:08:48,0.0,0.0,447.0,22.4,23.0
2024-01-06 03:18:48,0.0,0.0,448.0,22.4,23.0
2024-01-06 03:28:48,0.0,0.0,448.0,22.4,23.0
2024-01-06 03:38:48,0.0,0.0,440.0,22.4,23.0
2024-01-06 03:48:48,0.0,0.0,447.0,22.4,24.0
2024-01-06 03:58:48,0.0,0.0,435.0,22.4,23.0
2024-01-06 04:08:48,0.0,0.0,442.0,22.4,23.0
2024-01-06 04:18:48,0.0,0.0,442.0,22.4,23.0
2024-01-06 04:28:48,0.0,0.0,447.0,22.4,23.0
2024-01-06 04:38:48,0.0,0.0,446.0,22.4,23.0
2024-01-06 04:48:48,0.0,0.0,445.0,22.4,23.0
2024-01-06 04:58:48,0.0,0.0,431.0,22.4,23.0
2024-01-06 05:08:48,0.0,0.0,428.0,22.4,23.0
2024-01-06 05:18:48,0.0,0.0,433.0,22.4,23.0
2024-01-06 05:28:48,0.0,0.0,447.0,22.4,23.0
2024-01-06 05:38:48,0.0,0.0,432.0,22.4,23.0
2024-01-06 05:48:48,0.0,0.0,440.0,22.4,23.0
2024-01-06 05:58:48,0.0,0.0,427.0,22.4,23.0
2024-01-06 06:08:47,0.0,0.0,444.0,22.4,23.0
2024-01-06 06:18:47,0.0,0.0,432.0,22.4,23.0
2024-01-06 06:28:47,0.0,0.0,443.0,22.3,23.0
2024-01-06 06:38:47,2.0,16.0,440.0,22.3,23.0
2024-01-06 06:48:47,1.0,33.0,437.0,22.4,23.0
2024-01-06 06:58:47,0.0,0.0,443.0,22.4,23.0
2024-01-06 07:08:48,0.0,0.0,435.0,22.4,23.0
2024-01-06 07:18:47,0.0,0.0,438.0,22.4,23.0
2024-01-06 07:28:47,0.0,0.0,448.0,22.4,23.0
2024-01-06 07:38:47,0.0,0.0,454.0,22.4,23.0
2024-01-06 07:48:47,1.0,33.0,444.0,22.4,23.0
2024-01-06 07:58:47,1.0,33.0,450.0,22.4,23.0
2024-01-06 08:08:47,0.0,3.0,456.0,22.4,23.0
2024-01-06 08:18:47,0.0,3.0,454.0,22.4,23.0
2024-01-06 08:28:47,0.0,3.0,465.0,22.4,24.0
2024-01-06 08:38:47,0.0,3.0,443.0,22.4,23.0
2024-01-06 08:48:47,0.0,3.0,456.0,22.4,23.0
2024-01-06 08:58:47,0.0,3.0,444.0,22.4,23.0
2024-01-06 09:08:47,0.0,3.0,454.0,22.4,23.0
2024-01-06 09:18:47,0.0,6.0,435.0,22.4,23.0
2024-01-06 09:28:47,0.0,6.0,440.0,22.4,23.0
2024-01-06 09:38:47,0.0,6.0,439.0,22.4,23.0
2024-01-06 09:48:47,0.0,6.0,464.0,22.4,23.0
2024-01-06 09:58:46,0.0,6.0,436.0,22.4,23.0
2024-01-06 10:08:46,0.0,13.0,424.0,22.4,23.0
2024-01-06 10:18:46,0.0,10.0,436.0,22.4,23.0
2024-01-06 10:28:47,0.0,6.0,439.0,22.3,23.0
2024-01-06 10:38:46,0.0,10.0,451.0,22.4,23.0
2024-01-06 10:48:46,0.0,10.0,431.0,22.4,23.0
2024-01-06 10:58:46,0.0,10.0,430.0,22.4,23.0
2024-01-06 11:08:46,0.0,10.0,427.0,22.4,23.0
2024-01-06 11:18:46,1.0,10.0,433.0,22.3,23.0
2024-01-06 11:28:46,0.0,10.0,436.0,22.3,23.0
2024-01-06 11:38:46,0.0,10.0,435.0,22.4,23.0
2024-01-06 11:48:46,2.0,6.0,447.0,22.4,23.0
2024-01-06 11:58:46,0.0,10.0,428.0,22.4,23.0
2024-01-06 12:08:46,0.0,6.0,428.0,22.4,23.0
2024-01-06 12:18:46,0.0,6.0,427.0,22.4,23.0
2024-01-06 12:28:46,0.0,6.0,440.0,22.3,23.0
2024-01-06 12:38:46,0.0,6.0,428.0,22.3,23.0
2024-01-06 12:48:46,0.0,3.0,424.0,22.3,23.0
2024-01-06 12:58:46,0.0,3.0,432.0,22.4,23.0
2024-01-06 13:08:46,0.0,3.0,424.0,22.4,23.0
2024-01-06 13:18:46,2.0,3.0,437.0,22.4,23.0
2024-01-06 13:28:46,0.0,3.0,423.0,22.3,23.0
2024-01-06 13:38:46,0.0,3.0,424.0,22.4,23.0
2024-01-06 13:48:45,0.0,3.0,425.0,22.3,23.0
2024-01-06 13:58:45,0.0,3.0,427.0,22.4,23.0
2024-01-06 14:08:45,0.0,3.0,426.0,22.3,23.0
2024-01-06 14:18:45,0.0,3.0,426.0,22.3,23.0
2024-01-06 14:28:45,0.0,3.0,429.0,22.3,23.0
2024-01-06 14:38:45,0.0,3.0,418.0,22.3,23.0
2024-01-06 14:48:45,0.0,3.0,439.0,22.4,23.0
2024-01-06 14:58:45,0.0,0.0,429.0,22.4,23.0
2024-01-06 15:08:45,0.0,0.0,413.0,22.3,23.0
2024-01-06 15:18:45,0.0,0.0,432.0,22.3,23.0
2024-01-06 15:28:45,0.0,0.0,411.0,22.3,23.0
2024-01-06 15:38:45,0.0,0.0,421.0,22.3,23.0
2024-01-06 15:48:45,0.0,0.0,432.0,22.4,23.0
2024-01-06 15:58:45,0.0,0.0,427.0,22.3,23.0
2024-01-06 16:08:45,0.0,0.0,423.0,22.3,23.0
2024-01-06 16:18:45,0.0,0.0,430.0,22.3,23.0
2024-01-06 16:28:45,0.0,0.0,416.0,22.3,23.0
2024-01-06 16:38:45,0.0,0.0,413.0,22.3,23.0
2024-01-06 16:48:45,0.0,0.0,431.0,22.3,22.0
2024-01-06 16:58:45,0.0,0.0,419.0,22.3,23.0
2024-01-06 17:08:45,0.0,0.0,430.0,22.3,23.0
2024-01-06 17:18:45,0.0,0.0,420.0,22.3,22.0
2024-01-06 17:28:45,0.0,0.0,429.0,22.3,22.0
2024-01-06 17:38:45,0.0,0.0,424.0,22.3,22.0
2024-01-06 17:48:44,0.0,0.0,430.0,22.3,22.0
2024-01-06 17:58:44,0.0,0.0,424.0,22.3,22.0
2024-01-06 18:08:44,0.0,0.0,419.0,22.3,22.0
2024-01-06 18:18:44,0.0,0.0,414.0,22.3,22.0
2024-01-06 18:28:45,0.0,0.0,432.0,22.3,22.0
2024-01-06 18:38:44,0.0,0.0,431.0,22.3,22.0
2024-01-06 18:48:44,0.0,0.0,430.0,22.3,22.0
2024-01-06 18:58:44,0.0,0.0,424.0,22.3,22.0
2024-01-06 19:08:44,0.0,0.0,424.0,22.3,22.0
2024-01-06 19:18:44,0.0,0.0,430.0,22.3,22.0
2024-01-06 19:28:44,0.0,0.0,423.0,22.3,22.0
2024-01-06 19:38:44,0.0,0.0,421.0,22.3,22.0
2024-01-06 19:48:44,0.0,0.0,431.0,22.3,22.0
2024-01-06 19:58:44,0.0,0.0,429.0,22.3,22.0
2024-01-06 20:08:44,0.0,0.0,417.0,22.3,22.0
2024-01-06 20:18:44,0.0,0.0,419.0,22.3,22.0
2024-01-06 20:28:44,0.0,0.0,415.0,22.3,22.0
2024-01-06 20:38:44,0.0,0.0,415.0,22.3,22.0
2024-01-06 20:48:44,0.0,0.0,406.0,22.3,22.0
2024-01-06 20:58:44,0.0,0.0,425.0,22.3,22.0
2024-01-06 21:08:44,0.0,0.0,416.0,22.3,22.0
2024-01-06 21:18:44,0.0,0.0,421.0,22.3,22.0
2024-01-06 21:28:44,0.0,0.0,416.0,22.2,22.0
2024-01-06 21:38:43,0.0,0.0,443.0,22.3,22.0
2024-01-06 21:48:43,0.0,0.0,429.0,22.3,22.0
2024-01-06 21:58:43,0.0,0.0,414.0,22.3,22.0
2024-01-06 22:08:43,0.0,0.0,398.0,22.3,22.0
2024-01-06 22:18:43,0.0,0.0,429.0,22.3,22.0
2024-01-06 22:28:43,0.0,0.0,419.0,22.3,22.0
2024-01-06 22:38:43,0.0,0.0,421.0,22.2,22.0
2024-01-06 22:48:43,0.0,0.0,413.0,22.3,22.0
2024-01-06 22:58:43,0.0,0.0,411.0,22.3,22.0
2024-01-06 23:08:43,0.0,0.0,417.0,22.3,22.0
2024-01-06 23:18:43,0.0,0.0,412.0,22.3,22.0
2024-01-06 23:28:43,0.0,0.0,409.0,22.3,22.0
2024-01-06 23:38:43,0.0,0.0,412.0,22.3,22.0
2024-01-06 23:48:43,0.0,0.0,423.0,22.3,22.0
2024-01-06 23:58:43,0.0,0.0,416.0,22.3,22.0
2024-01-07 00:08:44,0.0,0.0,412.0,22.3,22.0
2024-01-07 00:18:43,0.0,0.0,417.0,22.3,22.0
2024-01-07 00:28:43,0.0,0.0,419.0,22.3,22.0
2024-01-07 00:38:43,0.0,0.0,423.0,22.3,22.0
2024-01-07 00:48:43,0.0,0.0,430.0,22.3,22.0
2024-01-07 00:58:43,0.0,0.0,416.0,22.3,22.0
2024-01-07 01:08:43,0.0,0.0,425.0,22.3,22.0
2024-01-07 01:18:43,0.0,0.0,412.0,22.2,22.0
2024-01-07 01:28:42,0.0,0.0,421.0,22.3,22.0
2024-01-07 01:38:42,0.0,0.0,417.0,22.2,22.0
2024-01-07 01:48:42,0.0,0.0,414.0,22.2,22.0
2024-01-07 01:58:42,0.0,0.0,415.0,22.2,22.0
2024-01-07 02:08:42,0.0,0.0,408.0,22.3,22.0
2024-01-07 02:18:42,0.0,0.0,420.0,22.2,22.0
2024-01-07 02:28:42,0.0,0.0,420.0,22.3,22.0
2024-01-07 02:38:42,0.0,0.0,424.0,22.3,22.0
2024-01-07 02:48:42,0.0,0.0,414.0,22.3,22.0
2024-01-07 02:58:42,0.0,0.0,425.0,22.3,22.0
2024-01-07 03:08:42,0.0,0.0,414.0,22.3,22.0
2024-01-07 03:18:42,0.0,0.0,402.0,22.3,22.0
2024-01-07 03:28:42,0.0,0.0,418.0,22.2,22.0
2024-01-07 03:38:42,0.0,0.0,410.0,22.3,22.0
2024-01-07 03:48:42,0.0,0.0,424.0,22.3,22.0
2024-01-07 03:58:42,0.0,0.0,420.0,22.3,22.0
2024-01-07 04:08:42,0.0,0.0,410.0,22.3,22.0
2024-01-07 04:18:42,0.0,0.0,410.0,22.3,22.0
2024-01-07 04:28:42,0.0,0.0,432.0,22.3,22.0
2024-01-07 04:38:42,0.0,0.0,418.0,22.3,22.0
2024-01-07 04:48:42,0.0,0.0,421.0,22.3,22.0
2024-01-07 04:58:42,0.0,0.0,420.0,22.2,22.0
2024-01-07 05:08:42,0.0,0.0,425.0,22.2,22.0
2024-01-07 05:18:42,0.0,0.0,413.0,22.2,22.0
2024-01-07 05:28:42,0.0,0.0,430.0,22.2,22.0
2024-01-07 05:38:41,0.0,0.0,427.0,22.2,22.0
2024-01-07 05:48:41,0.0,0.0,420.0,22.3,22.0
2024-01-07 05:58:41,0.0,0.0,426.0,22.3,22.0
2024-01-07 06:08:41,0.0,0.0,422.0,22.2,22.0
2024-01-07 06:18:41,0.0,0.0,417.0,22.2,21.0
2024-01-07 06:28:41,0.0,0.0,406.0,22.2,21.0
2024-01-07 06:38:41,0.0,0.0,424.0,22.2,21.0
2024-01-07 06:48:41,0.0,0.0,419.0,22.2,21.0
2024-01-07 06:58:41,0.0,0.0,421.0,22.2,21.0
2024-01-07 07:08:41,0.0,0.0,429.0,22.3,21.0
2024-01-07 07:18:41,0.0,0.0,420.0,22.3,22.0
2024-01-07 07:28:41,0.0,0.0,415.0,22.2,21.0
2024-01-07 07:38:41,0.0,0.0,421.0,22.3,21.0
2024-01-07 07:48:41,0.0,0.0,422.0,22.3,21.0
2024-01-07 07:58:41,0.0,3.0,426.0,22.3,21.0
2024-01-07 08:08:41,0.0,3.0,414.0,22.2,21.0
2024-01-07 08:18:41,0.0,3.0,402.0,22.2,21.0
2024-01-07 08:28:41,0.0,3.0,413.0,22.3,21.0
2024-01-07 08:38:41,0.0,3.0,424.0,22.2,21.0
2024-01-07 08:48:41,0.0,3.0,416.0,22.3,21.0
2024-01-07 08:58:41,0.0,3.0,421.0,22.2,21.0
2024-01-07 09:08:41,0.0,3.0,417.0,22.2,21.0
2024-01-07 09:18:40,0.0,6.0,425.0,22.3,22.0
2024-01-07 09:28:40,0.0,6.0,416.0,22.2,22.0
2024-01-07 09:38:40,0.0,6.0,423.0,22.2,21.0
2024-01-07 09:48:40,0.0,6.0,417.0,22.2,21.0
2024-01-07 09:58:40,0.0,6.0,411.0,22.2,21.0
2024-01-07 10:08:40,0.0,6.0,406.0,22.2,21.0
2024-01-07 10:18:40,0.0,6.0,414.0,22.2,21.0
2024-01-07 10:28:40,0.0,3.0,422.0,22.3,21.0
2024-01-07 10:38:40,0.0,3.0,419.0,22.2,21.0
2024-01-07 10:48:40,0.0,3.0,426.0,22.2,21.0
2024-01-07 10:58:40,0.0,6.0,422.0,22.2,21.0
2024-01-07 11:08:40,0.0,3.0,424.0,22.2,21.0
2024-01-07 11:18:40,0.0,3.0,421.0,22.2,21.0
2024-01-07 11:28:40,0.0,3.0,432.0,22.2,21.0
2024-01-07 11:38:40,0.0,3.0,427.0,22.2,21.0
2024-01-07 11:48:40,0.0,3.0,423.0,22.2,21.0
2024-01-07 11:58:40,1.0,3.0,422.0,22.2,21.0
2024-01-07 12:08:40,1.0,3.0,432.0,22.2,22.0
2024-01-07 12:18:40,0.0,3.0,427.0,22.2,22.0
2024-01-07 12:28:40,0.0,3.0,437.0,22.2,22.0
2024-01-07 12:38:40,0.0,3.0,426.0,22.2,22.0
2024-01-07 12:48:40,2.0,3.0,412.0,22.2,22.0
2024-01-07 12:58:40,0.0,3.0,436.0,22.2,22.0
2024-01-07 13:08:40,0.0,3.0,432.0,22.2,22.0
2024-01-07 13:18:39,0.0,3.0,423.0,22.2,21.0
2024-01-07 13:28:39,0.0,3.0,426.0,22.2,21.0
2024-01-07 13:38:39,0.0,3.0,430.0,22.2,22.0
2024-01-07 13:48:39,0.0,3.0,407.0,22.2,22.0
2024-01-07 13:58:39,0.0,3.0,421.0,22.2,22.0
2024-01-07 14:08:39,0.0,3.0,428.0,22.2,22.0
2024-01-07 14:18:39,0.0,3.0,437.0,22.2,22.0
2024-01-07 14:28:39,0.0,3.0,431.0,22.2,22.0
2024-01-07 14:38:39,0.0,0.0,414.0,22.2,22.0
2024-01-07 14:48:39,0.0,0.0,423.0,22.2,22.0
2024-01-07 14:58:39,0.0,0.0,432.0,22.2,22.0
2024-01-07 15:08:39,0.0,0.0,436.0,22.2,22.0
2024-01-07 15:18:39,0.0,0.0,424.0,22.2,22.0
2024-01-07 15:28:39,0.0,0.0,424.0,22.2,22.0
2024-01-07 15:38:39,0.0,0.0,416.0,22.2,22.0
2024-01-07 15:48:39,0.0,0.0,428.0,22.2,22.0
2024-01-07 15:58:39,0.0,0.0,423.0,22.2,22.0
2024-01-07 16:08:39,0.0,0.0,429.0,22.2,22.0
2024-01-07 16:18:39,0.0,0.0,420.0,22.2,22.0
2024-01-07 16:28:39,0.0,0.0,413.0,22.2,22.0
2024-01-07 16:38:39,0.0,0.0,419.0,22.2,22.0
2024-01-07 16:48:39,0.0,0.0,428.0,22.2,22.0
2024-01-07 16:58:39,0.0,0.0,427.0,22.2,22.0
2024-01-07 17:08:39,0.0,0.0,435.0,22.2,22.0
2024-01-07 17:18:38,0.0,0.0,412.0,22.2,22.0
2024-01-07 17:28:38,0.0,0.0,432.0,22.2,22.0
2024-01-07 17:38:38,0.0,0.0,435.0,22.2,22.0
2024-01-07 17:48:38,0.0,0.0,420.0,22.2,22.0
2024-01-07 17:58:38,0.0,0.0,417.0,22.1,22.0
2024-01-07 18:08:38,0.0,0.0,432.0,22.2,22.0
2024-01-07 18:18:38,0.0,0.0,429.0,22.2,22.0
2024-01-07 18:28:38,0.0,0.0,423.0,22.2,22.0
2024-01-07 18:38:38,0.0,0.0,413.0,22.2,22.0
2024-01-07 18:48:38,0.0,0.0,420.0,22.2,22.0
2024-01-07 18:58:38,0.0,0.0,431.0,22.2,22.0
2024-01-07 19:08:38,0.0,0.0,416.0,22.2,22.0
2024-01-07 19:18:38,0.0,0.0,412.0,22.2,22.0
2024-01-07 19:28:38,0.0,0.0,429.0,22.1,22.0
2024-01-07 19:38:38,0.0,0.0,416.0,22.2,22.0
2024-01-07 19:48:38,0.0,0.0,412.0,22.1,22.0
2024-01-07 19:58:38,0.0,0.0,430.0,22.2,22.0
2024-01-07 20:08:38,0.0,0.0,417.0,22.2,22.0
2024-01-07 20:18:38,0.0,0.0,421.0,22.2,22.0
2024-01-07 20:28:38,0.0,0.0,407.0,22.2,22.0
2024-01-07 20:38:38,0.0,0.0,430.0,22.2,22.0
2024-01-07 20:48:38,0.0,0.0,427.0,22.2,22.0
2024-01-07 20:58:38,0.0,0.0,418.0,22.1,22.0
2024-01-07 21:08:38,0.0,0.0,411.0,22.2,22.0
2024-01-07 21:18:37,0.0,0.0,431.0,22.2,22.0
2024-01-07 21:28:37,0.0,0.0,415.0,22.2,22.0
2024-01-07 21:38:37,0.0,0.0,412.0,22.2,22.0
2024-01-07 21:48:37,0.0,0.0,421.0,22.1,21.0
2024-01-07 21:58:37,0.0,0.0,416.0,22.2,22.0
2024-01-07 22:08:37,0.0,0.0,423.0,22.1,22.0
2024-01-07 22:18:37,0.0,0.0,422.0,22.2,22.0
2024-01-07 22:28:37,0.0,0.0,423.0,22.2,22.0
2024-01-07 22:38:37,0.0,0.0,420.0,22.2,22.0
2024-01-07 22:48:37,0.0,0.0,422.0,22.2,22.0
2024-01-07 22:58:37,0.0,0.0,421.0,22.2,22.0
2024-01-07 23:08:37,0.0,0.0,423.0,22.2,22.0
2024-01-07 23:18:37,0.0,0.0,416.0,22.2,22.0
2024-01-07 23:28:37,0.0,0.0,416.0,22.2,21.0
2024-01-07 23:38:37,0.0,0.0,423.0,22.2,22.0
2024-01-07 23:48:37,0.0,0.0,413.0,22.2,22.0
2024-01-07 23:58:37,0.0,0.0,414.0,22.2,21.0
2024-01-08 00:08:37,0.0,0.0,426.0,22.2,22.0
2024-01-08 00:18:37,0.0,0.0,425.0,22.2,22.0
2024-01-08 00:28:37,0.0,0.0,408.0,22.2,22.0
2024-01-08 00:38:37,0.0,0.0,409.0,22.2,22.0
2024-01-08 00:48:37,0.0,0.0,425.0,22.2,22.0
2024-01-08 00:58:36,0.0,0.0,425.0,22.1,22.0
2024-01-08 01:08:36,0.0,0.0,413.0,22.2,22.0
2024-01-08 01:18:36,0.0,0.0,422.0,22.2,21.0
2024-01-08 01:28:36,0.0,0.0,426.0,22.1,22.0
2024-01-08 01:38:36,0.0,0.0,419.0,22.2,21.0
2024-01-08 01:48:36,0.0,0.0,411.0,22.2,22.0
2024-01-08 01:58:36,0.0,0.0,417.0,22.2,22.0
2024-01-08 02:08:36,0.0,0.0,423.0,22.2,22.0
2024-01-08 02:18:36,0.0,0.0,420.0,22.2,21.0
2024-01-08 02:28:36,0.0,0.0,407.0,22.2,22.0
2024-01-08 02:38:36,0.0,0.0,434.0,22.1,21.0
2024-01-08 02:48:36,0.0,0.0,416.0,22.2,21.0
2024-01-08 02:58:36,0.0,0.0,406.0,22.2,22.0
2024-01-08 03:08:36,0.0,0.0,412.0,22.1,21.0
2024-01-08 03:18:36,0.0,0.0,427.0,22.1,22.0
2024-01-08 03:28:36,0.0,0.0,403.0,22.2,22.0
2024-01-08 03:38:36,0.0,0.0,402.0,22.2,21.0
2024-01-08 03:48:36,1.0,30.0,419.0,22.1,22.0
2024-01-08 03:58:36,0.0,33.0,422.0,22.2,22.0
2024-01-08 04:08:36,0.0,0.0,422.0,22.2,22.0
2024-01-08 04:18:36,0.0,0.0,421.0,22.2,22.0
2024-01-08 04:28:36,0.0,0.0,418.0,22.2,22.0
2024-01-08 04:38:36,0.0,0.0,427.0,22.2,22.0
2024-01-08 04:48:35,0.0,0.0,412.0,22.2,22.0
2024-01-08 04:58:35,0.0,0.0,414.0,22.2,22.0
2024-01-08 05:08:36,0.0,0.0,427.0,22.1,22.0
2024-01-08 05:18:35,0.0,0.0,409.0,22.2,22.0
2024-01-08 05:28:35,0.0,0.0,412.0,22.2,22.0
2024-01-08 05:38:35,0.0,0.0,426.0,22.2,22.0
2024-01-08 05:48:35,0.0,0.0,416.0,22.2,22.0
2024-01-08 05:58:35,0.0,0.0,432.0,22.2,22.0
2024-01-08 06:08:35,0.0,0.0,419.0,22.2,22.0
2024-01-08 06:18:35,0.0,0.0,415.0,22.1,21.0
2024-01-08 06:28:35,0.0,0.0,427.0,22.2,21.0
2024-01-08 06:38:35,0.0,0.0,410.0,22.2,22.0
2024-01-08 06:48:35,0.0,0.0,426.0,22.2,21.0
2024-01-08 06:58:35,0.0,0.0,409.0,22.1,21.0
2024-01-08 07:08:35,0.0,20.0,433.0,22.2,22.0
2024-01-08 07:18:35,2.0,33.0,424.0,22.2,22.0
2024-01-08 07:28:35,1.0,33.0,432.0,22.2,22.0
2024-01-08 07:38:35,0.0,33.0,445.0,22.1,22.0
2024-01-08 07:48:35,0.0,33.0,438.0,22.1,22.0
2024-01-08 07:58:35,1.0,33.0,442.0,22.1,22.0
2024-01-08 08:08:35,2.0,37.0,466.0,22.1,23.0
2024-01-08 08:18:35,2.0,37.0,495.0,22.1,23.0
2024-01-08 08:28:35,4.0,37.0,494.0,22.1,23.0
2024-01-08 08:38:35,6.0,37.0,521.0,22.1,23.0
2024-01-08 08:48:34,1.0,37.0,568.0,22.1,24.0
2024-01-08 08:58:34,1.0,37.0,627.0,22.1,25.0
2024-01-08 09:08:34,4.0,40.0,690.0,22.1,25.0
2024-01-08 09:18:34,1.0,43.0,776.0,22.2,25.0
2024-01-08 09:28:34,2.0,43.0,710.0,22.2,25.0
2024-01-08 09:38:34,0.0,43.0,655.0,22.1,25.0
2024-01-08 09:48:34,0.0,43.0,669.0,22.1,25.0
2024-01-08 09:58:34,2.0,40.0,690.0,22.1,25.0
2024-01-08 10:08:34,10.0,47.0,713.0,22.1,25.0
2024-01-08 10:18:34,1.0,43.0,703.0,22.1,25.0
2024-01-08 10:28:34,4.0,43.0,784.0,22.2,26.0
2024-01-08 10:38:34,2.0,43.0,756.0,22.2,25.0
2024-01-08 10:48:34,5.0,43.0,948.0,22.2,26.0
2024-01-08 10:58:34,4.0,47.0,991.0,22.2,27.0
2024-01-08 11:08:34,3.0,43.0,878.0,22.2,26.0
2024-01-08 11:18:34,3.0,43.0,961.0,22.3,26.0
2024-01-08 11:28:34,6.0,43.0,936.0,22.2,26.0
2024-01-08 11:38:34,3.0,43.0,880.0,22.3,26.0
2024-01-08 11:48:34,0.0,40.0,1029.0,22.3,27.0
2024-01-08 11:58:34,5.0,40.0,1050.0,22.2,27.0
2024-01-08 12:08:34,1.0,43.0,1051.0,22.2,27.0
2024-01-08 12:18:34,2.0,40.0,1269.0,22.3,28.0
2024-01-08 12:28:34,0.0,40.0,1155.0,22.2,28.0
2024-01-08 12:38:34,13.0,40.0,1067.0,22.2,27.0
2024-01-08 12:48:33,3.0,40.0,1116.0,22.2,27.0
2024-01-08 12:58:33,0.0,40.0,1253.0,22.3,28.0
2024-01-08 13:08:34,1.0,37.0,1159.0,22.3,28.0
2024-01-08 13:18:33,0.0,37.0,1045.0,22.3,27.0
2024-01-08 13:28:33,1.0,37.0,1127.0,22.3,27.0
2024-01-08 13:38:33,2.0,37.0,1178.0,22.3,28.0
2024-01-08 13:48:33,1.0,37.0,1098.0,22.3,28.0
2024-01-08 13:58:33,3.0,37.0,1138.0,22.3,28.0
2024-01-08 14:08:33,0.0,37.0,1239.0,22.3,28.0
2024-01-08 14:18:33,2.0,37.0,1258.0,22.3,29.0
2024-01-08 14:28:33,0.0,37.0,1297.0,22.3,29.0
2024-01-08 14:38:33,4.0,33.0,1172.0,22.3,28.0
2024-01-08 14:48:33,4.0,33.0,1153.0,22.3,28.0
2024-01-08 14:58:33,5.0,40.0,1073.0,22.3,27.0
2024-01-08 15:08:33,3.0,37.0,1163.0,22.3,28.0
2024-01-08 15:18:33,0.0,37.0,1191.0,22.3,28.0
2024-01-08 15:28:33,4.0,33.0,1161.0,22.3,28.0
2024-01-08 15:38:33,2.0,33.0,1098.0,22.3,28.0
2024-01-08 15:48:33,0.0,33.0,1061.0,22.3,27.0
2024-01-08 15:58:33,0.0,33.0,1020.0,22.3,27.0
2024-01-08 16:08:33,1.0,33.0,1067.0,22.3,27.0
2024-01-08 16:18:33,0.0,33.0,1012.0,22.3,27.0
2024-01-08 16:28:33,0.0,33.0,981.0,22.3,27.0
2024-01-08 16:38:32,0.0,33.0,954.0,22.3,26.0
2024-01-08 16:48:32,0.0,33.0,941.0,22.3,26.0
2024-01-08 16:58:32,0.0,33.0,898.0,22.3,26.0
2024-01-08 17:08:32,0.0,33.0,867.0,22.3,26.0
2024-01-08 17:18:32,0.0,33.0,852.0,22.3,26.0
2024-01-08 17:28:32,0.0,33.0,852.0,22.3,26.0
2024-01-08 17:38:32,0.0,0.0,818.0,22.3,26.0
2024-01-08 17:48:32,0.0,0.0,809.0,22.3,25.0
2024-01-08 17:58:32,0.0,0.0,801.0,22.3,25.0
2024-01-08 18:08:32,0.0,0.0,778.0,22.3,25.0
2024-01-08 18:18:32,0.0,0.0,738.0,22.3,25.0
2024-01-08 18:28:32,0.0,0.0,748.0,22.3,25.0
2024-01-08 18:38:32,0.0,0.0,735.0,22.3,25.0
2024-01-08 18:48:32,1.0,0.0,713.0,22.3,25.0
2024-01-08 18:58:32,0.0,0.0,708.0,22.3,25.0
2024-01-08 19:08:32,0.0,0.0,679.0,22.3,25.0
2024-01-08 19:18:32,0.0,0.0,673.0,22.3,25.0
2024-01-08 19:28:32,0.0,0.0,671.0,22.3,24.0
2024-01-08 19:38:32,0.0,0.0,653.0,22.3,24.0
2024-01-08 19:48:32,0.0,0.0,628.0,22.3,24.0
2024-01-08 19:58:32,0.0,0.0,630.0,22.3,24.0
2024-01-08 20:08:32,0.0,0.0,604.0,22.3,24.0
2024-01-08 20:18:32,0.0,0.0,621.0,22.3,24.0
2024-01-08 20:28:31,0.0,0.0,598.0,22.3,24.0
2024-01-08 20:38:31,1.0,0.0,612.0,22.3,24.0
2024-01-08 20:48:31,0.0,0.0,599.0,22.2,24.0
2024-01-08 20:58:31,0.0,0.0,583.0,22.3,24.0
2024-01-08 21:08:31,0.0,0.0,572.0,22.3,24.0
2024-01-08 21:18:31,0.0,0.0,566.0,22.3,24.0
2024-01-08 21:28:31,0.0,0.0,561.0,22.3,24.0
2024-01-08 21:38:31,0.0,0.0,552.0,22.3,24.0
2024-01-08 21:48:31,0.0,0.0,541.0,22.3,24.0
2024-01-08 21:58:31,1.0,33.0,568.0,22.3,23.0
2024-01-08 22:08:31,0.0,33.0,555.0,22.3,24.0
2024-01-08 22:18:31,0.0,0.0,545.0,22.3,24.0
2024-01-08 22:28:31,0.0,0.0,547.0,22.3,24.0
2024-01-08 22:38:31,0.0,0.0,535.0,22.3,23.0
2024-01-08 22:48:31,0.0,0.0,547.0,22.3,23.0
2024-01-08 22:58:31,0.0,0.0,521.0,22.3,23.0
2024-01-08 23:08:31,0.0,0.0,527.0,22.3,23.0
2024-01-08 23:18:31,0.0,0.0,525.0,22.3,23.0
2024-01-08 23:28:31,0.0,0.0,523.0,22.3,23.0
2024-01-08 23:38:31,0.0,0.0,515.0,22.3,23.0
2024-01-08 23:48:31,0.0,0.0,514.0,22.2,23.0
2024-01-08 23:58:31,0.0,0.0,509.0,22.3,23.0
2024-01-09 00:08:31,0.0,0.0,512.0,22.3,23.0
2024-01-09 00:18:31,0.0,0.0,488.0,22.3,23.0
2024-01-09 00:28:30,0.0,0.0,496.0,22.3,23.0
2024-01-09 00:38:31,0.0,0.0,480.0,22.3,23.0
2024-01-09 00:48:30,0.0,0.0,503.0,22.3,23.0
2024-01-09 00:58:30,0.0,0.0,478.0,22.3,23.0
2024-01-09 01:08:30,0.0,0.0,481.0,22.3,23.0
2024-01-09 01:18:30,0.0,0.0,491.0,22.3,23.0
2024-01-09 01:28:30,0.0,0.0,475.0,22.3,23.0
2024-01-09 01:38:30,0.0,0.0,476.0,22.3,23.0
2024-01-09 01:48:30,0.0,0.0,495.0,22.3,23.0
2024-01-09 01:58:30,0.0,0.0,473.0,22.3,23.0
2024-01-09 02:08:30,0.0,0.0,480.0,22.3,23.0
2024-01-09 02:18:30,0.0,0.0,468.0,22.3,23.0
2024-01-09 02:28:30,0.0,0.0,479.0,22.3,23.0
2024-01-09 02:38:30,0.0,0.0,464.0,22.4,23.0
2024-01-09 02:48:30,0.0,0.0,475.0,22.3,23.0
2024-01-09 02:58:30,1.0,16.0,471.0,22.3,23.0
2024-01-09 03:08:30,0.0,33.0,477.0,22.3,23.0
2024-01-09 03:18:30,0.0,0.0,478.0,22.3,23.0
2024-01-09 03:28:30,0.0,0.0,470.0,22.3,23.0
2024-01-09 03:38:30,0.0,0.0,478.0,22.3,23.0
2024-01-09 03:48:30,0.0,0.0,467.0,22.3,23.0
2024-01-09 03:58:30,0.0,0.0,467.0,22.3,23.0
2024-01-09 04:08:30,0.0,33.0,464.0,22.3,23.0
2024-01-09 04:18:29,0.0,33.0,461.0,22.3,23.0
2024-01-09 04:28:29,0.0,0.0,462.0,22.3,23.0
2024-01-09 04:38:29,0.0,0.0,458.0,22.3,23.0
2024-01-09 04:48:29,0.0,0.0,469.0,22.3,23.0
2024-01-09 04:58:29,0.0,0.0,466.0,22.3,23.0
2024-01-09 05:08:29,0.0,0.0,461.0,22.3,23.0
2024-01-09 05:18:29,0.0,0.0,459.0,22.3,23.0
2024-01-09 05:28:29,0.0,0.0,464.0,22.3,23.0
2024-01-09 05:38:29,0.0,0.0,450.0,22.3,23.0
2024-01-09 05:48:29,0.0,0.0,463.0,22.3,23.0
2024-01-09 05:58:29,0.0,0.0,458.0,22.3,23.0
2024-01-09 06:08:29,0.0,0.0,456.0,22.3,23.0
2024-01-09 06:18:29,0.0,0.0,449.0,22.3,23.0
2024-01-09 06:28:29,0.0,0.0,469.0,22.3,23.0
2024-01-09 06:38:29,0.0,0.0,461.0,22.3,23.0
2024-01-09 06:48:29,0.0,0.0,474.0,22.3,23.0
2024-01-09 06:58:29,0.0,0.0,450.0,22.3,23.0
2024-01-09 07:08:29,0.0,16.0,468.0,22.3,23.0
2024-01-09 07:18:29,4.0,33.0,481.0,22.3,24.0
2024-01-09 07:28:29,0.0,33.0,489.0,22.3,24.0
2024-01-09 07:38:29,0.0,33.0,487.0,22.3,24.0
2024-01-09 07:48:29,5.0,33.0,503.0,22.3,24.0
2024-01-09 07:58:29,0.0,33.0,529.0,22.3,25.0
2024-01-09 08:08:29,0.0,33.0,556.0,22.3,26.0
2024-01-09 08:18:28,2.0,33.0,578.0,22.3,26.0
2024-01-09 08:28:28,1.0,33.0,602.0,22.3,27.0
2024-01-09 08:38:28,4.0,33.0,631.0,22.2,27.0
2024-01-09 08:48:28,1.0,37.0,652.0,22.3,27.0
2024-01-09 08:58:28,0.0,37.0,653.0,22.3,27.0
2024-01-09 09:08:28,1.0,37.0,674.0,22.3,27.0
2024-01-09 09:18:28,2.0,37.0,702.0,22.3,27.0
2024-01-09 09:28:28,0.0,37.0,710.0,22.3,27.0
2024-01-09 09:38:28,3.0,33.0,713.0,22.3,27.0
2024-01-09 09:48:28,2.0,33.0,729.0,22.3,27.0
2024-01-09 09:58:28,1.0,37.0,731.0,22.3,27.0
2024-01-09 10:08:28,0.0,37.0,723.0,22.3,27.0
2024-01-09 10:18:28,0.0,37.0,718.0,22.3,27.0
2024-01-09 10:28:28,0.0,37.0,690.0,22.3,27.0
2024-01-09 10:38:28,0.0,37.0,668.0,22.3,27.0
2024-01-09 10:48:28,2.0,37.0,680.0,22.3,27.0
2024-01-09 10:58:28,4.0,37.0,680.0,22.4,27.0
2024-01-09 11:08:28,5.0,37.0,708.0,22.3,27.0
2024-01-09 11:18:28,2.0,37.0,730.0,22.3,27.0
2024-01-09 11:28:28,3.0,37.0,727.0,22.3,27.0
2024-01-09 11:38:28,2.0,37.0,708.0,22.3,27.0
2024-01-09 11:48:28,3.0,37.0,770.0,22.3,27.0
2024-01-09 11:58:28,5.0,37.0,760.0,22.3,27.0
2024-01-09 12:08:27,1.0,37.0,749.0,22.3,27.0
2024-01-09 12:18:27,6.0,37.0,788.0,22.3,27.0
2024-01-09 12:28:27,0.0,37.0,755.0,22.3,27.0
2024-01-09 12:38:27,0.0,37.0,736.0,22.3,27.0
2024-01-09 12:48:27,2.0,37.0,726.0,22.3,27.0
2024-01-09 12:58:27,1.0,37.0,734.0,22.3,27.0
2024-01-09 13:08:27,2.0,37.0,767.0,22.3,27.0
2024-01-09 13:18:27,1.0,37.0,806.0,22.3,27.0
2024-01-09 13:28:27,0.0,37.0,846.0,22.4,27.0
2024-01-09 13:38:27,0.0,37.0,859.0,22.4,27.0
2024-01-09 13:48:27,0.0,37.0,853.0,22.4,27.0
2024-01-09 13:58:27,3.0,37.0,884.0,22.3,28.0
2024-01-09 14:08:27,0.0,37.0,850.0,22.3,28.0
2024-01-09 14:18:27,0.0,37.0,867.0,22.4,28.0
2024-01-09 14:28:27,1.0,37.0,852.0,22.4,28.0
2024-01-09 14:38:27,2.0,37.0,847.0,22.4,28.0
2024-01-09 14:48:27,2.0,37.0,888.0,22.4,28.0
2024-01-09 14:58:27,0.0,33.0,905.0,22.4,28.0
2024-01-09 15:08:27,0.0,33.0,927.0,22.3,28.0
2024-01-09 15:18:27,3.0,33.0,911.0,22.3,28.0
2024-01-09 15:28:27,1.0,33.0,894.0,22.3,28.0
2024-01-09 15:38:27,0.0,33.0,897.0,22.4,28.0
2024-01-09 15:48:27,0.0,33.0,898.0,22.4,28.0
2024-01-09 15:58:27,0.0,33.0,901.0,22.3,28.0
2024-01-09 16:08:26,0.0,33.0,902.0,22.4,28.0
2024-01-09 16:18:26,0.0,33.0,894.0,22.4,28.0
2024-01-09 16:28:26,0.0,33.0,895.0,22.4,28.0
2024-01-09 16:38:26,0.0,33.0,846.0,22.4,28.0
2024-01-09 16:48:26,0.0,33.0,828.0,22.4,28.0
2024-01-09 16:58:26,2.0,33.0,775.0,22.4,27.0
2024-01-09 17:08:26,0.0,33.0,754.0,22.4,27.0
2024-01-09 17:18:26,0.0,33.0,747.0,22.4,27.0
2024-01-09 17:28:26,0.0,33.0,734.0,22.4,27.0
2024-01-09 17:38:26,0.0,0.0,712.0,22.4,27.0
2024-01-09 17:48:26,0.0,0.0,692.0,22.4,27.0
2024-01-09 17:58:26,0.0,0.0,666.0,22.4,27.0
2024-01-09 18:08:26,0.0,0.0,662.0,22.4,27.0
2024-01-09 18:18:26,0.0,0.0,652.0,22.4,27.0
2024-01-09 18:28:26,0.0,0.0,633.0,22.4,26.0
2024-01-09 18:38:26,0.0,0.0,615.0,22.4,26.0
2024-01-09 18:48:26,0.0,0.0,608.0,22.4,26.0
2024-01-09 18:58:26,0.0,0.0,603.0,22.4,26.0
2024-01-09 19:08:26,0.0,0.0,608.0,22.4,26.0
2024-01-09 19:18:26,0.0,0.0,602.0,22.4,26.0
2024-01-09 19:28:26,0.0,0.0,581.0,22.4,26.0
2024-01-09 19:38:26,0.0,0.0,585.0,22.4,26.0
2024-01-09 19:48:26,0.0,0.0,564.0,22.4,26.0
2024-01-09 19:58:25,1.0,33.0,558.0,22.4,26.0
2024-01-09 20:08:25,0.0,33.0,547.0,22.4,26.0
2024-01-09 20:18:25,0.0,33.0,570.0,22.4,26.0
2024-01-09 20:28:25,0.0,33.0,548.0,22.4,26.0
2024-01-09 20:38:25,0.0,0.0,545.0,22.4,26.0
2024-01-09 20:48:25,1.0,33.0,555.0,22.5,25.0
2024-01-09 20:58:25,0.0,33.0,553.0,22.4,25.0
2024-01-09 21:08:25,0.0,0.0,556.0,22.5,25.0
2024-01-09 21:18:25,0.0,0.0,581.0,22.4,26.0
2024-01-09 21:28:25,0.0,0.0,569.0,22.4,26.0
2024-01-09 21:38:25,0.0,0.0,562.0,22.4,26.0
2024-01-09 21:48:25,0.0,0.0,553.0,22.5,26.0
2024-01-09 21:58:25,1.0,33.0,552.0,22.4,25.0
2024-01-09 22:08:25,0.0,33.0,563.0,22.4,25.0
2024-01-09 22:18:25,0.0,0.0,521.0,22.4,25.0
2024-01-09 22:28:25,0.0,0.0,530.0,22.5,25.0
2024-01-09 22:38:25,0.0,0.0,515.0,22.5,25.0
2024-01-09 22:48:25,0.0,0.0,527.0,22.4,25.0
2024-01-09 22:58:25,0.0,0.0,523.0,22.4,25.0
2024-01-09 23:08:25,0.0,0.0,524.0,22.5,25.0
2024-01-09 23:18:25,0.0,0.0,510.0,22.5,25.0
2024-01-09 23:28:25,0.0,0.0,498.0,22.5,25.0
2024-01-09 23:38:25,0.0,0.0,497.0,22.4,25.0
2024-01-09 23:48:25,0.0,0.0,508.0,22.4,25.0
2024-01-09 23:58:25,0.0,0.0,495.0,22.5,25.0
2024-01-10 00:08:24,0.0,0.0,478.0,22.4,25.0
2024-01-10 00:18:24,0.0,0.0,496.0,22.4,25.0
2024-01-10 00:28:24,0.0,0.0,495.0,22.4,25.0
2024-01-10 00:38:24,0.0,0.0,495.0,22.5,25.0
2024-01-10 00:48:24,0.0,0.0,498.0,22.5,25.0
2024-01-10 00:58:24,0.0,0.0,480.0,22.4,25.0
2024-01-10 01:08:24,0.0,0.0,485.0,22.5,25.0
2024-01-10 01:18:24,0.0,0.0,493.0,22.5,25.0
2024-01-10 01:28:24,0.0,0.0,501.0,22.5,25.0
2024-01-10 01:38:24,0.0,0.0,476.0,22.5,25.0
2024-01-10 01:48:24,0.0,0.0,481.0,22.4,25.0
2024-01-10 01:58:24,0.0,0.0,475.0,22.5,25.0
2024-01-10 02:08:24,0.0,0.0,481.0,22.5,25.0
2024-01-10 02:18:24,0.0,0.0,467.0,22.5,25.0
2024-01-10 02:28:24,0.0,0.0,485.0,22.4,25.0
2024-01-10 02:38:24,0.0,0.0,469.0,22.4,25.0
2024-01-10 02:48:24,0.0,0.0,484.0,22.4,25.0
2024-01-10 02:58:24,1.0,33.0,459.0,22.4,25.0
2024-01-10 03:08:24,0.0,33.0,471.0,22.5,25.0
2024-01-10 03:18:24,0.0,0.0,482.0,22.5,25.0
2024-01-10 03:28:24,0.0,0.0,476.0,22.5,25.0
2024-01-10 03:38:23,0.0,0.0,481.0,22.5,25.0
2024-01-10 03:48:23,0.0,0.0,479.0,22.5,25.0
2024-01-10 03:58:23,0.0,0.0,471.0,22.5,25.0
2024-01-10 04:08:24,0.0,30.0,457.0,22.5,25.0
2024-01-10 04:18:23,0.0,33.0,459.0,22.5,25.0
2024-01-10 04:28:23,0.0,0.0,467.0,22.5,25.0
2024-01-10 04:38:23,0.0,0.0,451.0,22.5,25.0
2024-01-10 04:48:23,0.0,0.0,459.0,22.5,25.0
2024-01-10 04:58:23,0.0,0.0,476.0,22.5,25.0
2024-01-10 05:08:23,0.0,0.0,455.0,22.5,25.0
2024-01-10 05:18:23,0.0,0.0,448.0,22.5,25.0
2024-01-10 05:28:23,0.0,0.0,465.0,22.5,25.0
2024-01-10 05:38:23,0.0,0.0,465.0,22.5,25.0
2024-01-10 05:48:23,0.0,0.0,463.0,22.5,25.0
2024-01-10 05:58:23,0.0,0.0,455.0,22.5,25.0
2024-01-10 06:08:23,0.0,0.0,445.0,22.5,25.0
2024-01-10 06:18:23,0.0,0.0,470.0,22.4,25.0
2024-01-10 06:28:23,0.0,0.0,454.0,22.5,25.0
2024-01-10 06:38:23,0.0,0.0,449.0,22.5,25.0
2024-01-10 06:48:23,0.0,0.0,453.0,22.5,25.0
2024-01-10 06:58:23,0.0,0.0,460.0,22.5,25.0
2024-01-10 07:08:23,0.0,0.0,459.0,22.5,25.0
2024-01-10 07:18:23,0.0,0.0,454.0,22.4,25.0
2024-01-10 07:28:23,0.0,0.0,476.0,22.5,25.0
2024-01-10 07:38:22,0.0,30.0,471.0,22.4,26.0
2024-01-10 07:48:23,1.0,33.0,491.0,22.4,26.0
2024-01-10 07:58:22,0.0,33.0,516.0,22.5,26.0
2024-01-10 08:08:22,3.0,33.0,529.0,22.4,26.0
2024-01-10 08:18:23,1.0,33.0,532.0,22.4,26.0
2024-01-10 08:28:22,0.0,33.0,557.0,22.4,27.0
2024-01-10 08:38:22,0.0,33.0,572.0,22.5,27.0
2024-01-10 08:48:22,3.0,37.0,572.0,22.4,28.0
2024-01-10 08:58:22,1.0,37.0,577.0,22.4,29.0
2024-01-10 09:08:22,2.0,37.0,571.0,22.4,30.0
2024-01-10 09:18:22,2.0,37.0,574.0,22.4,30.0
2024-01-10 09:28:22,5.0,40.0,616.0,22.4,30.0
2024-01-10 09:38:22,6.0,40.0,599.0,22.4,30.0
2024-01-10 09:48:22,1.0,40.0,665.0,22.4,30.0
2024-01-10 09:58:22,0.0,40.0,639.0,22.4,29.0
2024-01-10 10:08:22,7.0,37.0,689.0,22.4,30.0
2024-01-10 10:18:22,3.0,37.0,722.0,22.4,30.0
2024-01-10 10:28:22,5.0,37.0,737.0,22.4,31.0
2024-01-10 10:38:22,5.0,37.0,751.0,22.4,31.0
2024-01-10 10:48:22,1.0,37.0,717.0,22.4,30.0
2024-01-10 10:58:22,3.0,40.0,783.0,22.4,31.0
2024-01-10 11:08:22,4.0,43.0,893.0,22.4,31.0
2024-01-10 11:18:22,4.0,40.0,897.0,22.4,31.0
2024-01-10 11:28:21,0.0,40.0,855.0,22.4,31.0
2024-01-10 11:38:21,1.0,40.0,822.0,22.4,31.0
2024-01-10 11:48:21,3.0,40.0,835.0,22.4,31.0
2024-01-10 11:58:21,5.0,40.0,826.0,22.4,31.0
2024-01-10 12:08:21,2.0,40.0,835.0,22.4,30.0
2024-01-10 12:18:21,0.0,40.0,843.0,22.4,30.0
2024-01-10 12:28:21,4.0,40.0,1001.0,22.4,31.0
2024-01-10 12:38:21,0.0,40.0,797.0,22.5,30.0
2024-01-10 12:48:21,3.0,43.0,821.0,22.5,30.0
2024-01-10 12:58:21,5.0,37.0,808.0,22.4,30.0
2024-01-10 13:08:21,2.0,37.0,884.0,22.4,29.0
2024-01-10 13:18:21,0.0,37.0,837.0,22.5,29.0
2024-01-10 13:28:21,2.0,37.0,797.0,22.5,29.0
2024-01-10 13:38:21,5.0,37.0,782.0,22.5,29.0
2024-01-10 13:48:21,6.0,37.0,865.0,22.5,29.0
2024-01-10 13:58:21,1.0,37.0,874.0,22.4,29.0
2024-01-10 14:08:21,0.0,37.0,890.0,22.5,29.0
2024-01-10 14:18:21,0.0,37.0,859.0,22.5,29.0
2024-01-10 14:28:21,3.0,37.0,887.0,22.5,30.0
2024-01-10 14:38:21,4.0,37.0,847.0,22.5,29.0
2024-01-10 14:48:21,0.0,37.0,840.0,22.5,29.0
2024-01-10 14:58:21,4.0,33.0,873.0,22.5,29.0
2024-01-10 15:08:21,6.0,37.0,953.0,22.5,30.0
2024-01-10 15:18:21,0.0,37.0,1001.0,22.5,30.0
2024-01-10 15:28:20,1.0,37.0,999.0,22.5,30.0
2024-01-10 15:38:20,0.0,37.0,980.0,22.5,30.0
2024-01-10 15:48:21,0.0,37.0,936.0,22.5,29.0
2024-01-10 15:58:20,0.0,37.0,914.0,22.6,29.0
2024-01-10 16:08:20,1.0,37.0,879.0,22.6,29.0
2024-01-10 16:18:20,0.0,37.0,863.0,22.6,29.0
2024-01-10 16:28:20,1.0,37.0,865.0,22.5,29.0
2024-01-10 16:38:20,1.0,37.0,840.0,22.6,29.0
2024-01-10 16:48:20,1.0,37.0,852.0,22.5,29.0
2024-01-10 16:58:20,0.0,37.0,861.0,22.6,29.0
2024-01-10 17:08:20,0.0,37.0,834.0,22.6,29.0
2024-01-10 17:18:20,0.0,37.0,834.0,22.6,29.0
2024-01-10 17:28:20,4.0,33.0,825.0,22.6,29.0
2024-01-10 17:38:20,0.0,0.0,867.0,22.5,29.0
2024-01-10 17:48:20,0.0,0.0,867.0,22.5,29.0
2024-01-10 17:58:20,0.0,0.0,828.0,22.5,29.0
2024-01-10 18:08:20,0.0,0.0,838.0,22.6,29.0
2024-01-10 18:18:20,0.0,0.0,802.0,22.6,28.0
2024-01-10 18:28:20,0.0,0.0,778.0,22.6,28.0
2024-01-10 18:38:20,0.0,0.0,757.0,22.6,28.0
2024-01-10 18:48:20,0.0,0.0,730.0,22.5,28.0
2024-01-10 18:58:20,0.0,0.0,750.0,22.6,28.0
2024-01-10 19:08:20,0.0,0.0,726.0,22.6,28.0
2024-01-10 19:18:19,0.0,0.0,723.0,22.6,28.0
2024-01-10 19:28:19,0.0,0.0,709.0,22.5,28.0
2024-01-10 19:38:19,0.0,0.0,688.0,22.5,28.0
2024-01-10 19:48:19,0.0,0.0,683.0,22.5,28.0
2024-01-10 19:58:19,0.0,0.0,667.0,22.6,28.0
2024-01-10 20:08:19,0.0,0.0,660.0,22.5,28.0
2024-01-10 20:18:19,0.0,0.0,663.0,22.5,28.0
2024-01-10 20:28:19,0.0,0.0,645.0,22.5,27.0
2024-01-10 20:38:19,0.0,0.0,645.0,22.5,27.0
2024-01-10 20:48:19,0.0,0.0,633.0,22.6,27.0
2024-01-10 20:58:19,0.0,0.0,637.0,22.6,27.0
2024-01-10 21:08:19,0.0,0.0,603.0,22.5,27.0
2024-01-10 21:18:19,0.0,0.0,614.0,22.5,27.0
2024-01-10 21:28:19,0.0,0.0,590.0,22.6,27.0
2024-01-10 21:38:19,0.0,0.0,596.0,22.6,27.0
2024-01-10 21:48:19,0.0,0.0,588.0,22.6,27.0
2024-01-10 21:58:19,0.0,0.0,599.0,22.6,27.0
2024-01-10 22:08:19,0.0,0.0,581.0,22.6,27.0
2024-01-10 22:18:19,0.0,0.0,580.0,22.6,27.0
2024-01-10 22:28:19,0.0,0.0,569.0,22.6,27.0
2024-01-10 22:38:19,0.0,0.0,576.0,22.5,27.0
2024-01-10 22:48:19,0.0,0.0,573.0,22.5,27.0
2024-01-10 22:58:19,0.0,0.0,573.0,22.6,27.0
2024-01-10 23:08:19,0.0,0.0,582.0,22.6,27.0
2024-01-10 23:18:18,0.0,0.0,572.0,22.5,27.0
2024-01-10 23:28:19,1.0,0.0,569.0,22.5,27.0
2024-01-10 23:38:18,0.0,0.0,574.0,22.6,27.0
2024-01-10 23:48:18,0.0,0.0,545.0,22.6,27.0
2024-01-10 23:58:18,0.0,0.0,571.0,22.5,27.0
2024-01-11 00:08:18,0.0,0.0,551.0,22.5,27.0
2024-01-11 00:18:18,0.0,0.0,552.0,22.5,27.0
2024-01-11 00:28:18,0.0,0.0,538.0,22.5,27.0
2024-01-11 00:38:18,0.0,0.0,557.0,22.6,26.0
2024-01-11 00:48:18,0.0,0.0,550.0,22.6,26.0
2024-01-11 00:58:18,0.0,0.0,534.0,22.6,26.0
2024-01-11 01:08:18,0.0,0.0,543.0,22.6,26.0
2024-01-11 01:18:18,0.0,0.0,547.0,22.6,26.0
2024-01-11 01:28:18,0.0,0.0,539.0,22.5,26.0
2024-01-11 01:38:18,0.0,0.0,527.0,22.5,26.0
2024-01-11 01:48:18,0.0,0.0,524.0,22.6,26.0
2024-01-11 01:58:18,0.0,0.0,526.0,22.6,26.0
2024-01-11 02:08:18,0.0,0.0,523.0,22.5,26.0
2024-01-11 02:18:18,0.0,0.0,516.0,22.5,26.0
2024-01-11 02:28:18,0.0,0.0,528.0,22.5,26.0
2024-01-11 02:38:18,0.0,0.0,507.0,22.5,26.0
2024-01-11 02:48:18,0.0,0.0,508.0,22.5,26.0
2024-01-11 02:58:18,1.0,33.0,522.0,22.6,26.0
2024-01-11 03:08:17,0.0,33.0,524.0,22.6,26.0
2024-01-11 03:18:17,0.0,0.0,515.0,22.6,26.0
2024-01-11 03:28:17,0.0,0.0,513.0,22.6,26.0
2024-01-11 03:38:17,0.0,0.0,513.0,22.6,26.0
2024-01-11 03:48:17,0.0,0.0,509.0,22.6,26.0
2024-01-11 03:58:17,0.0,33.0,512.0,22.6,26.0
2024-01-11 04:08:17,0.0,33.0,510.0,22.6,26.0
2024-01-11 04:18:17,0.0,0.0,490.0,22.6,26.0
2024-01-11 04:28:17,0.0,0.0,505.0,22.6,26.0
2024-01-11 04:38:17,0.0,0.0,498.0,22.6,26.0
2024-01-11 04:48:17,0.0,0.0,498.0,22.6,26.0
2024-01-11 04:58:17,0.0,0.0,504.0,22.6,26.0
2024-01-11 05:08:17,0.0,0.0,505.0,22.6,26.0
2024-01-11 05:18:17,0.0,0.0,490.0,22.6,26.0
2024-01-11 05:28:17,0.0,0.0,498.0,22.6,26.0
2024-01-11 05:38:17,0.0,0.0,497.0,22.6,26.0
2024-01-11 05:48:17,0.0,0.0,474.0,22.6,26.0
2024-01-11 05:58:17,0.0,0.0,495.0,22.6,26.0
2024-01-11 06:08:17,0.0,0.0,487.0,22.6,26.0
2024-01-11 06:18:17,0.0,0.0,477.0,22.6,26.0
2024-01-11 06:28:17,0.0,0.0,470.0,22.5,26.0
2024-01-11 06:38:17,0.0,0.0,483.0,22.6,26.0
2024-01-11 06:48:17,0.0,0.0,499.0,22.6,26.0
2024-01-11 06:58:17,0.0,0.0,487.0,22.6,26.0
2024-01-11 07:08:17,0.0,0.0,484.0,22.6,26.0
2024-01-11 07:18:16,0.0,0.0,491.0,22.6,26.0
2024-01-11 07:28:16,0.0,23.0,497.0,22.6,26.0
2024-01-11 07:38:16,2.0,33.0,495.0,22.5,26.0
2024-01-11 07:48:16,0.0,37.0,516.0,22.5,27.0
2024-01-11 07:58:16,8.0,40.0,566.0,22.5,28.0
2024-01-11 08:08:16,3.0,37.0,568.0,22.6,28.0
2024-01-11 08:18:16,3.0,37.0,578.0,22.6,28.0
2024-01-11 08:28:16,1.0,37.0,605.0,22.5,28.0
2024-01-11 08:38:16,1.0,40.0,656.0,22.6,28.0
2024-01-11 08:48:16,9.0,40.0,676.0,22.6,29.0
2024-01-11 08:58:16,1.0,40.0,730.0,22.6,29.0
2024-01-11 09:08:16,5.0,43.0,789.0,22.5,31.0
2024-01-11 09:18:16,7.0,47.0,754.0,22.5,30.0
2024-01-11 09:28:16,2.0,47.0,860.0,22.6,31.0
2024-01-11 09:38:16,4.0,47.0,839.0,22.5,30.0
2024-01-11 09:48:16,0.0,43.0,865.0,22.6,30.0
2024-01-11 09:58:16,0.0,43.0,984.0,22.6,31.0
2024-01-11 10:08:16,6.0,43.0,936.0,22.5,31.0
2024-01-11 10:18:16,6.0,43.0,969.0,22.6,31.0
2024-01-11 10:28:16,2.0,43.0,849.0,22.6,30.0
2024-01-11 10:38:16,2.0,47.0,856.0,22.6,30.0
2024-01-11 10:48:16,7.0,43.0,899.0,22.6,30.0
2024-01-11 10:58:15,6.0,50.0,912.0,22.6,30.0
2024-01-11 11:08:15,8.0,47.0,1016.0,22.6,31.0
2024-01-11 11:18:15,7.0,47.0,957.0,22.6,30.0
2024-01-11 11:28:15,4.0,47.0,962.0,22.6,30.0
2024-01-11 11:38:15,5.0,47.0,985.0,22.6,30.0
2024-01-11 11:48:15,8.0,43.0,1018.0,22.6,30.0
2024-01-11 11:58:15,1.0,43.0,1035.0,22.6,30.0
2024-01-11 12:08:15,3.0,43.0,1030.0,22.6,30.0
2024-01-11 12:18:15,4.0,43.0,1048.0,22.6,30.0
2024-01-11 12:28:15,0.0,43.0,1048.0,22.6,30.0
2024-01-11 12:38:15,0.0,43.0,1086.0,22.6,30.0
2024-01-11 12:48:15,4.0,43.0,1143.0,22.7,31.0
2024-01-11 12:58:15,12.0,43.0,1166.0,22.6,31.0
2024-01-11 13:08:15,10.0,43.0,1241.0,22.6,32.0
2024-01-11 13:18:15,12.0,43.0,1201.0,22.7,32.0
2024-01-11 13:28:15,4.0,43.0,1111.0,22.7,31.0
2024-01-11 13:38:15,4.0,43.0,1200.0,22.6,31.0
2024-01-11 13:48:15,5.0,43.0,1160.0,22.7,31.0
2024-01-11 13:58:15,3.0,47.0,1140.0,22.6,31.0
2024-01-11 14:08:15,10.0,43.0,1130.0,22.7,31.0
2024-01-11 14:18:15,2.0,37.0,1188.0,22.7,31.0
2024-01-11 14:28:15,1.0,37.0,1164.0,22.7,31.0
2024-01-11 14:38:15,0.0,37.0,1082.0,22.7,30.0
2024-01-11 14:48:14,1.0,37.0,1160.0,22.6,30.0
2024-01-11 14:58:14,3.0,37.0,1179.0,22.6,30.0
2024-01-11 15:08:14,2.0,33.0,1235.0,22.7,31.0
2024-01-11 15:18:14,1.0,37.0,1157.0,22.7,31.0
2024-01-11 15:28:14,0.0,37.0,1235.0,22.7,31.0
2024-01-11 15:38:14,1.0,37.0,1265.0,22.7,31.0
2024-01-11 15:48:14,0.0,37.0,1194.0,22.7,31.0
2024-01-11 15:58:15,2.0,37.0,1205.0,22.7,31.0
2024-01-11 16:08:14,1.0,33.0,1148.0,22.7,31.0
2024-01-11 16:18:14,2.0,33.0,1114.0,22.7,30.0
2024-01-11 16:28:14,0.0,33.0,1096.0,22.7,30.0
2024-01-11 16:38:14,0.0,33.0,1092.0,22.7,30.0
2024-01-11 16:48:14,0.0,33.0,1070.0,22.7,30.0
2024-01-11 16:58:14,0.0,33.0,1046.0,22.7,30.0
2024-01-11 17:08:14,0.0,33.0,1028.0,22.7,30.0
2024-01-11 17:18:14,0.0,33.0,1007.0,22.7,29.0
2024-01-11 17:28:14,0.0,33.0,979.0,22.7,29.0
2024-01-11 17:38:14,0.0,0.0,968.0,22.7,29.0
2024-01-11 17:48:14,0.0,0.0,939.0,22.7,29.0
2024-01-11 17:58:14,0.0,0.0,928.0,22.7,29.0
2024-01-11 18:08:14,0.0,0.0,923.0,22.8,29.0
2024-01-11 18:18:14,0.0,0.0,905.0,22.7,29.0
2024-01-11 18:28:14,0.0,0.0,887.0,22.7,29.0
2024-01-11 18:38:14,0.0,0.0,868.0,22.7,29.0
2024-01-11 18:48:13,0.0,0.0,857.0,22.7,29.0
2024-01-11 18:58:13,0.0,0.0,836.0,22.7,28.0
2024-01-11 19:08:13,0.0,0.0,841.0,22.7,28.0
2024-01-11 19:18:13,0.0,0.0,831.0,22.7,28.0
2024-01-11 19:28:13,0.0,0.0,793.0,22.7,28.0
2024-01-11 19:38:13,0.0,0.0,767.0,22.7,28.0
2024-01-11 19:48:13,0.0,0.0,752.0,22.7,28.0
2024-01-11 19:58:13,0.0,0.0,738.0,22.7,28.0
2024-01-11 20:08:13,0.0,0.0,728.0,22.7,28.0
2024-01-11 20:18:13,0.0,0.0,735.0,22.7,28.0
2024-01-11 20:28:13,0.0,0.0,710.0,22.6,28.0
2024-01-11 20:38:13,0.0,0.0,702.0,22.7,28.0
2024-01-11 20:48:13,0.0,0.0,688.0,22.7,27.0
2024-01-11 20:58:13,0.0,0.0,679.0,22.7,27.0
2024-01-11 21:08:13,0.0,0.0,679.0,22.7,27.0
2024-01-11 21:18:13,0.0,0.0,683.0,22.7,27.0
2024-01-11 21:28:13,0.0,0.0,661.0,22.7,27.0
2024-01-11 21:38:13,0.0,0.0,666.0,22.7,27.0
2024-01-11 21:48:13,1.0,0.0,661.0,22.7,27.0
2024-01-11 21:58:13,0.0,0.0,645.0,22.7,27.0
2024-01-11 22:08:13,0.0,0.0,641.0,22.7,27.0
2024-01-11 22:18:13,0.0,0.0,637.0,22.7,27.0
2024-01-11 22:28:13,0.0,0.0,634.0,22.7,27.0
2024-01-11 22:38:12,0.0,0.0,636.0,22.7,27.0
2024-01-11 22:48:12,0.0,0.0,616.0,22.7,27.0
2024-01-11 22:58:12,0.0,0.0,640.0,22.7,27.0
2024-01-11 23:08:12,0.0,0.0,630.0,22.7,27.0
2024-01-11 23:18:12,0.0,0.0,623.0,22.7,27.0
2024-01-11 23:28:12,0.0,0.0,610.0,22.7,27.0
2024-01-11 23:38:12,0.0,0.0,609.0,22.7,27.0
2024-01-11 23:48:12,0.0,0.0,619.0,22.7,27.0
2024-01-11 23:58:12,0.0,0.0,618.0,22.7,27.0
2024-01-12 00:08:12,0.0,0.0,591.0,22.7,27.0
2024-01-12 00:18:12,0.0,0.0,605.0,22.7,27.0
2024-01-12 00:28:12,0.0,0.0,603.0,22.7,27.0
2024-01-12 00:38:12,0.0,0.0,595.0,22.7,27.0
2024-01-12 00:48:12,0.0,0.0,589.0,22.7,26.0
2024-01-12 00:58:12,0.0,0.0,580.0,22.7,26.0
2024-01-12 01:08:12,0.0,0.0,585.0,22.7,26.0
2024-01-12 01:18:12,0.0,0.0,579.0,22.7,26.0
2024-01-12 01:28:12,0.0,0.0,584.0,22.7,26.0
2024-01-12 01:38:12,0.0,0.0,570.0,22.7,26.0
2024-01-12 01:48:12,0.0,0.0,577.0,22.7,26.0
2024-01-12 01:58:12,0.0,0.0,573.0,22.7,26.0
2024-01-12 02:08:12,0.0,0.0,570.0,22.7,26.0
2024-01-12 02:18:12,0.0,0.0,570.0,22.7,26.0
2024-01-12 02:28:12,0.0,0.0,586.0,22.7,26.0
2024-01-12 02:38:11,0.0,0.0,587.0,22.7,26.0
2024-01-12 02:48:11,0.0,0.0,563.0,22.7,26.0
2024-01-12 02:58:11,0.0,0.0,556.0,22.6,26.0
2024-01-12 03:08:11,2.0,33.0,562.0,22.7,26.0
2024-01-12 03:18:11,0.0,33.0,579.0,22.7,26.0
2024-01-12 03:28:12,0.0,0.0,578.0,22.7,26.0
2024-01-12 03:38:12,0.0,0.0,570.0,22.7,26.0
2024-01-12 03:48:11,0.0,0.0,559.0,22.7,26.0
2024-01-12 03:58:11,0.0,0.0,565.0,22.7,26.0
2024-01-12 04:08:11,0.0,0.0,549.0,22.7,26.0
2024-01-12 04:18:11,0.0,33.0,564.0,22.7,26.0
2024-01-12 04:28:11,0.0,33.0,544.0,22.7,26.0
2024-01-12 04:38:11,0.0,0.0,560.0,22.7,26.0
2024-01-12 04:48:11,0.0,0.0,545.0,22.7,26.0
2024-01-12 04:58:11,0.0,0.0,551.0,22.7,26.0
2024-01-12 05:08:11,0.0,0.0,532.0,22.7,26.0
2024-01-12 05:18:11,0.0,0.0,529.0,22.7,26.0
2024-01-12 05:28:11,0.0,0.0,527.0,22.7,26.0
2024-01-12 05:38:11,0.0,0.0,503.0,22.7,26.0
2024-01-12 05:48:11,0.0,0.0,531.0,22.7,26.0
2024-01-12 05:58:11,0.0,0.0,527.0,22.7,26.0
2024-01-12 06:08:11,0.0,0.0,521.0,22.7,26.0
2024-01-12 06:18:11,0.0,0.0,512.0,22.7,26.0
2024-01-12 06:28:10,0.0,0.0,517.0,22.7,26.0
2024-01-12 06:38:10,0.0,0.0,515.0,22.7,26.0
2024-01-12 06:48:10,0.0,0.0,507.0,22.7,26.0
2024-01-12 06:58:10,0.0,0.0,518.0,22.6,26.0
2024-01-12 07:08:10,0.0,0.0,535.0,22.7,26.0
2024-01-12 07:18:10,0.0,0.0,546.0,22.7,26.0
2024-01-12 07:28:10,0.0,3.0,543.0,22.6,26.0
2024-01-12 07:38:10,0.0,3.0,559.0,22.7,26.0
2024-01-12 07:48:10,4.0,37.0,580.0,22.7,26.0
2024-01-12 07:58:10,5.0,40.0,647.0,22.6,28.0
2024-01-12 08:08:10,5.0,40.0,641.0,22.6,27.0
2024-01-12 08:18:10,3.0,40.0,762.0,22.6,28.0
2024-01-12 08:28:10,1.0,40.0,717.0,22.6,28.0
2024-01-12 08:38:10,4.0,47.0,800.0,22.6,29.0
2024-01-12 08:48:10,3.0,47.0,839.0,22.6,29.0
2024-01-12 08:58:10,7.0,43.0,864.0,22.6,30.0
2024-01-12 09:08:10,1.0,43.0,812.0,22.6,29.0
2024-01-12 09:18:10,2.0,43.0,802.0,22.6,29.0
2024-01-12 09:28:10,0.0,43.0,822.0,22.7,29.0
2024-01-12 09:38:10,1.0,43.0,809.0,22.7,29.0
2024-01-12 09:48:10,2.0,40.0,818.0,22.7,29.0
2024-01-12 09:58:10,5.0,43.0,834.0,22.7,29.0
2024-01-12 10:08:10,2.0,43.0,794.0,22.7,29.0
2024-01-12 10:18:10,4.0,50.0,826.0,22.7,29.0
2024-01-12 10:28:09,0.0,47.0,818.0,22.6,29.0
2024-01-12 10:38:10,6.0,47.0,864.0,22.6,29.0
2024-01-12 10:48:09,4.0,43.0,865.0,22.6,29.0
2024-01-12 10:58:10,9.0,43.0,942.0,22.6,30.0
2024-01-12 11:08:09,4.0,47.0,1004.0,22.6,31.0
2024-01-12 11:18:09,10.0,37.0,941.0,22.7,30.0
2024-01-12 11:28:09,0.0,37.0,973.0,22.7,30.0
2024-01-12 11:38:09,0.0,37.0,953.0,22.7,30.0
2024-01-12 11:48:09,0.0,37.0,937.0,22.6,30.0
2024-01-12 11:58:09,3.0,37.0,936.0,22.7,30.0
2024-01-12 12:08:09,14.0,43.0,985.0,22.6,30.0
2024-01-12 12:18:09,8.0,40.0,1052.0,22.7,31.0
2024-01-12 12:28:09,4.0,40.0,1013.0,22.7,30.0
2024-01-12 12:38:09,5.0,40.0,1115.0,22.7,31.0
2024-01-12 12:48:09,2.0,40.0,1059.0,22.7,31.0
2024-01-12 12:58:09,2.0,40.0,1041.0,22.7,30.0
2024-01-12 13:08:09,2.0,40.0,1005.0,22.7,30.0
2024-01-12 13:18:09,0.0,37.0,1043.0,22.7,30.0
2024-01-12 13:28:09,4.0,37.0,1036.0,22.7,30.0
2024-01-12 13:38:09,8.0,37.0,1086.0,22.7,31.0
2024-01-12 13:48:09,6.0,37.0,1070.0,22.7,30.0
2024-01-12 13:58:09,5.0,37.0,1177.0,22.7,31.0
2024-01-12 14:08:09,1.0,37.0,1349.0,22.7,32.0
2024-01-12 14:18:08,4.0,37.0,1358.0,22.7,33.0
2024-01-12 14:28:08,7.0,37.0,1325.0,22.7,33.0
2024-01-12 14:38:08,3.0,37.0,1260.0,22.7,32.0
2024-01-12 14:48:08,4.0,33.0,1354.0,22.7,34.0
2024-01-12 14:58:08,2.0,33.0,1430.0,22.7,34.0
2024-01-12 15:08:08,6.0,33.0,1287.0,22.7,33.0
2024-01-12 15:18:08,0.0,33.0,1247.0,22.7,32.0
2024-01-12 15:28:08,0.0,33.0,1211.0,22.7,32.0
2024-01-12 15:38:08,0.0,33.0,1183.0,22.7,32.0
2024-01-12 15:48:08,0.0,33.0,1179.0,22.7,32.0
2024-01-12 15:58:08,0.0,33.0,1160.0,22.7,32.0
2024-01-12 16:08:08,4.0,33.0,1137.0,22.7,32.0
2024-01-12 16:18:08,2.0,33.0,1134.0,22.7,31.0
2024-01-12 16:28:08,0.0,33.0,1125.0,22.7,31.0
2024-01-12 16:38:08,1.0,33.0,1084.0,22.8,31.0
2024-01-12 16:48:08,0.0,33.0,1061.0,22.8,31.0
2024-01-12 16:58:08,0.0,33.0,1052.0,22.8,31.0
2024-01-12 17:08:08,0.0,33.0,1009.0,22.8,31.0
2024-01-12 17:18:08,0.0,33.0,989.0,22.8,30.0
2024-01-12 17:28:08,0.0,33.0,1013.0,22.7,30.0
2024-01-12 17:38:08,0.0,0.0,948.0,22.8,30.0
2024-01-12 17:48:08,0.0,0.0,932.0,22.7,30.0
2024-01-12 17:58:08,0.0,0.0,914.0,22.7,30.0
2024-01-12 18:08:07,0.0,0.0,885.0,22.8,30.0
2024-01-12 18:18:07,0.0,0.0,858.0,22.8,30.0
2024-01-12 18:28:07,0.0,0.0,841.0,22.7,29.0
2024-01-12 18:38:08,0.0,0.0,843.0,22.7,29.0
2024-01-12 18:48:07,0.0,0.0,809.0,22.8,29.0
2024-01-12 18:58:07,0.0,0.0,803.0,22.8,29.0
2024-01-12 19:08:07,0.0,0.0,793.0,22.8,29.0
2024-01-12 19:18:07,0.0,0.0,773.0,22.8,29.0
2024-01-12 19:28:07,0.0,0.0,758.0,22.7,29.0
2024-01-12 19:38:07,0.0,0.0,742.0,22.8,29.0
2024-01-12 19:48:07,0.0,0.0,721.0,22.7,29.0
2024-01-12 19:58:07,2.0,33.0,708.0,22.8,28.0
2024-01-12 20:08:07,0.0,33.0,712.0,22.7,29.0
2024-01-12 20:18:07,0.0,0.0,717.0,22.7,28.0
2024-01-12 20:28:07,0.0,0.0,703.0,22.7,28.0
2024-01-12 20:38:07,0.0,0.0,669.0,22.8,28.0
2024-01-12 20:48:07,0.0,0.0,658.0,22.8,28.0
2024-01-12 20:58:07,0.0,0.0,660.0,22.7,28.0
2024-01-12 21:08:07,0.0,0.0,629.0,22.7,28.0
2024-01-12 21:18:07,0.0,0.0,629.0,22.7,28.0
2024-01-12 21:28:07,0.0,0.0,630.0,22.7,28.0
2024-01-12 21:38:07,0.0,0.0,614.0,22.7,28.0
2024-01-12 21:48:07,0.0,0.0,614.0,22.7,28.0
2024-01-12 21:58:07,0.0,0.0,602.0,22.7,28.0
2024-01-12 22:08:06,0.0,0.0,607.0,22.8,28.0
2024-01-12 22:18:06,0.0,0.0,593.0,22.7,28.0
2024-01-12 22:28:06,0.0,0.0,586.0,22.7,28.0
2024-01-12 22:38:06,0.0,0.0,607.0,22.7,27.0
2024-01-12 22:48:06,0.0,0.0,588.0,22.7,27.0
2024-01-12 22:58:06,0.0,0.0,589.0,22.7,27.0
2024-01-12 23:08:06,0.0,0.0,599.0,22.7,27.0
2024-01-12 23:18:06,0.0,0.0,584.0,22.8,27.0
2024-01-12 23:28:06,0.0,0.0,564.0,22.7,27.0
2024-01-12 23:38:06,0.0,0.0,561.0,22.7,27.0
2024-01-12 23:48:06,0.0,0.0,558.0,22.8,27.0
2024-01-12 23:58:06,0.0,0.0,559.0,22.7,27.0
2024-01-13 00:08:06,1.0,0.0,562.0,22.7,27.0
2024-01-13 00:18:06,0.0,0.0,564.0,22.7,27.0
2024-01-13 00:28:06,0.0,0.0,540.0,22.7,27.0
2024-01-13 00:38:06,0.0,0.0,556.0,22.7,27.0
2024-01-13 00:48:06,0.0,0.0,542.0,22.7,27.0
2024-01-13 00:58:06,0.0,0.0,553.0,22.7,27.0
2024-01-13 01:08:06,1.0,33.0,558.0,22.8,27.0
2024-01-13 01:18:06,0.0,33.0,558.0,22.7,27.0
2024-01-13 01:28:06,1.0,33.0,545.0,22.8,27.0
2024-01-13 01:38:06,0.0,0.0,553.0,22.7,27.0
2024-01-13 01:48:06,0.0,0.0,556.0,22.8,27.0
2024-01-13 01:58:05,0.0,0.0,547.0,22.7,27.0
2024-01-13 02:08:05,0.0,0.0,527.0,22.7,27.0
2024-01-13 02:18:05,0.0,0.0,546.0,22.8,27.0
2024-01-13 02:28:05,0.0,0.0,542.0,22.8,27.0
2024-01-13 02:38:05,0.0,0.0,528.0,22.8,27.0
2024-01-13 02:48:05,0.0,0.0,539.0,22.7,27.0
2024-01-13 02:58:05,0.0,0.0,523.0,22.7,27.0
2024-01-13 03:08:05,0.0,0.0,511.0,22.8,27.0
2024-01-13 03:18:05,0.0,0.0,547.0,22.7,27.0
2024-01-13 03:28:05,0.0,0.0,514.0,22.8,27.0
2024-01-13 03:38:05,0.0,0.0,525.0,22.7,27.0
2024-01-13 03:48:05,0.0,0.0,521.0,22.8,27.0
2024-01-13 03:58:05,0.0,0.0,516.0,22.7,27.0
2024-01-13 04:08:05,0.0,0.0,523.0,22.8,27.0
2024-01-13 04:18:05,0.0,0.0,511.0,22.7,27.0
2024-01-13 04:28:05,0.0,0.0,527.0,22.7,27.0
2024-01-13 04:38:05,0.0,0.0,500.0,22.8,27.0
2024-01-13 04:48:05,0.0,0.0,488.0,22.7,27.0
2024-01-13 04:58:05,0.0,0.0,514.0,22.7,27.0
2024-01-13 05:08:05,0.0,0.0,509.0,22.7,27.0
2024-01-13 05:18:05,0.0,0.0,493.0,22.8,27.0
2024-01-13 05:28:05,0.0,0.0,494.0,22.8,27.0
2024-01-13 05:38:05,0.0,0.0,502.0,22.7,27.0
2024-01-13 05:48:04,0.0,0.0,493.0,22.7,27.0
2024-01-13 05:58:04,0.0,0.0,488.0,22.7,27.0
2024-01-13 06:08:05,0.0,0.0,496.0,22.7,27.0
2024-01-13 06:18:04,0.0,0.0,478.0,22.8,27.0
2024-01-13 06:28:04,0.0,0.0,481.0,22.7,27.0
2024-01-13 06:38:04,0.0,0.0,502.0,22.7,27.0
2024-01-13 06:48:04,0.0,0.0,493.0,22.8,27.0
2024-01-13 06:58:04,1.0,33.0,492.0,22.7,27.0
2024-01-13 07:08:04,0.0,33.0,502.0,22.7,27.0
2024-01-13 07:18:04,0.0,0.0,496.0,22.7,27.0
2024-01-13 07:28:04,0.0,0.0,502.0,22.8,27.0
2024-01-13 07:38:04,0.0,0.0,499.0,22.7,27.0
2024-01-13 07:48:04,0.0,0.0,486.0,22.7,27.0
2024-01-13 07:58:04,1.0,33.0,514.0,22.8,27.0
2024-01-13 08:08:04,0.0,33.0,497.0,22.7,27.0
2024-01-13 08:18:04,0.0,0.0,495.0,22.7,27.0
2024-01-13 08:28:04,0.0,3.0,514.0,22.8,27.0
2024-01-13 08:38:04,0.0,3.0,505.0,22.7,27.0
2024-01-13 08:48:04,0.0,3.0,501.0,22.8,27.0
2024-01-13 08:58:04,0.0,3.0,492.0,22.8,27.0
2024-01-13 09:08:04,0.0,3.0,489.0,22.7,27.0
2024-01-13 09:18:04,0.0,3.0,494.0,22.7,27.0
2024-01-13 09:28:04,0.0,3.0,480.0,22.7,27.0
2024-01-13 09:38:04,0.0,3.0,490.0,22.7,27.0
2024-01-13 09:48:03,0.0,3.0,490.0,22.7,27.0
2024-01-13 09:58:03,0.0,3.0,497.0,22.7,27.0
2024-01-13 10:08:03,0.0,3.0,474.0,22.7,27.0
2024-01-13 10:18:03,0.0,3.0,497.0,22.7,27.0
2024-01-13 10:28:03,0.0,3.0,492.0,22.8,27.0
2024-01-13 10:38:03,0.0,3.0,493.0,22.7,27.0
2024-01-13 10:48:03,0.0,3.0,489.0,22.7,27.0
2024-01-13 10:58:03,0.0,3.0,488.0,22.7,27.0
2024-01-13 11:08:03,0.0,3.0,488.0,22.6,27.0
2024-01-13 11:18:03,0.0,3.0,489.0,22.7,27.0
2024-01-13 11:28:03,0.0,3.0,476.0,22.7,27.0
2024-01-13 11:38:03,0.0,3.0,484.0,22.6,27.0
2024-01-13 11:48:03,0.0,3.0,486.0,22.7,27.0
2024-01-13 11:58:03,0.0,3.0,486.0,22.7,27.0
2024-01-13 12:08:03,0.0,3.0,486.0,22.7,27.0
2024-01-13 12:18:03,0.0,3.0,492.0,22.7,27.0
2024-01-13 12:28:03,0.0,3.0,492.0,22.7,27.0
2024-01-13 12:38:03,0.0,3.0,489.0,22.7,27.0
2024-01-13 12:48:03,0.0,3.0,467.0,22.7,27.0
2024-01-13 12:58:03,0.0,3.0,478.0,22.7,28.0
2024-01-13 13:08:03,0.0,3.0,467.0,22.7,28.0
2024-01-13 13:18:03,0.0,3.0,480.0,22.7,28.0
2024-01-13 13:28:03,0.0,3.0,472.0,22.7,28.0
2024-01-13 13:38:02,0.0,3.0,476.0,22.7,28.0
2024-01-13 13:48:02,0.0,3.0,470.0,22.6,28.0
2024-01-13 13:58:02,0.0,3.0,472.0,22.7,28.0
2024-01-13 14:08:02,0.0,3.0,468.0,22.7,28.0
2024-01-13 14:18:03,0.0,3.0,481.0,22.7,28.0
2024-01-13 14:28:02,0.0,3.0,466.0,22.7,28.0
2024-01-13 14:38:02,0.0,0.0,482.0,22.6,28.0
2024-01-13 14:48:02,0.0,0.0,475.0,22.7,28.0
2024-01-13 14:58:02,0.0,0.0,474.0,22.6,28.0
2024-01-13 15:08:02,0.0,0.0,480.0,22.7,28.0
2024-01-13 15:18:02,0.0,0.0,470.0,22.7,28.0
2024-01-13 15:28:02,0.0,0.0,453.0,22.7,28.0
2024-01-13 15:38:02,0.0,0.0,468.0,22.7,28.0
2024-01-13 15:48:02,0.0,0.0,463.0,22.7,28.0
2024-01-13 15:58:02,0.0,0.0,483.0,22.7,28.0
2024-01-13 16:08:02,0.0,0.0,477.0,22.6,28.0
2024-01-13 16:18:02,0.0,0.0,479.0,22.6,28.0
2024-01-13 16:28:02,0.0,0.0,467.0,22.7,28.0
2024-01-13 16:38:02,0.0,0.0,467.0,22.6,28.0
2024-01-13 16:48:02,0.0,0.0,465.0,22.7,28.0
2024-01-13 16:58:02,0.0,0.0,453.0,22.7,28.0
2024-01-13 17:08:02,0.0,0.0,466.0,22.7,28.0
2024-01-13 17:18:02,0.0,0.0,467.0,22.7,28.0
2024-01-13 17:28:02,0.0,0.0,458.0,22.7,28.0
2024-01-13 17:38:01,0.0,0.0,451.0,22.6,28.0
2024-01-13 17:48:01,0.0,0.0,458.0,22.7,28.0
2024-01-13 17:58:01,0.0,0.0,463.0,22.7,28.0
2024-01-13 18:08:01,0.0,0.0,464.0,22.7,28.0
2024-01-13 18:18:01,0.0,0.0,455.0,22.6,28.0
2024-01-13 18:28:01,0.0,0.0,451.0,22.7,28.0
2024-01-13 18:38:01,0.0,0.0,451.0,22.6,28.0
2024-01-13 18:48:02,0.0,0.0,450.0,22.7,28.0
2024-01-13 18:58:01,0.0,0.0,464.0,22.7,28.0
2024-01-13 19:08:01,0.0,0.0,451.0,22.6,28.0
2024-01-13 19:18:01,0.0,0.0,457.0,22.6,28.0
2024-01-13 19:28:01,0.0,0.0,448.0,22.7,28.0
2024-01-13 19:38:01,0.0,0.0,452.0,22.6,28.0
2024-01-13 19:48:01,0.0,0.0,440.0,22.7,28.0
2024-01-13 19:58:01,0.0,0.0,449.0,22.6,28.0
2024-01-13 20:08:01,0.0,0.0,435.0,22.7,28.0
2024-01-13 20:18:01,0.0,0.0,438.0,22.7,27.0
2024-01-13 20:28:01,0.0,0.0,443.0,22.6,28.0
2024-01-13 20:38:01,0.0,0.0,443.0,22.6,27.0
2024-01-13 20:48:01,0.0,0.0,424.0,22.7,27.0
2024-01-13 20:58:01,0.0,0.0,438.0,22.7,27.0
2024-01-13 21:08:01,0.0,0.0,437.0,22.6,27.0
2024-01-13 21:18:01,0.0,0.0,440.0,22.6,27.0
2024-01-13 21:28:00,0.0,0.0,444.0,22.6,27.0
2024-01-13 21:38:00,0.0,0.0,429.0,22.7,27.0
2024-01-13 21:48:00,0.0,0.0,434.0,22.7,27.0
2024-01-13 21:58:00,0.0,0.0,428.0,22.6,27.0
2024-01-13 22:08:00,0.0,0.0,421.0,22.7,27.0
2024-01-13 22:18:00,0.0,0.0,426.0,22.6,27.0
2024-01-13 22:28:00,0.0,0.0,434.0,22.7,27.0
2024-01-13 22:38:00,0.0,0.0,432.0,22.6,27.0
2024-01-13 22:48:00,0.0,0.0,415.0,22.6,27.0
2024-01-13 22:58:00,0.0,0.0,417.0,22.6,27.0
2024-01-13 23:08:00,0.0,0.0,429.0,22.7,27.0
2024-01-13 23:28:00,0.0,0.0,433.0,22.7,27.0
2024-01-13 23:38:00,0.0,0.0,418.0,22.6,27.0
2024-01-13 23:48:00,0.0,0.0,422.0,22.6,27.0
2024-01-13 23:58:00,0.0,0.0,425.0,22.6,27.0
2024-01-14 00:08:00,0.0,0.0,422.0,22.6,27.0
2024-01-14 00:18:00,0.0,0.0,415.0,22.6,27.0
2024-01-14 00:28:00,0.0,0.0,415.0,22.6,27.0
2024-01-14 00:38:00,0.0,0.0,426.0,22.6,27.0
2024-01-14 00:48:00,0.0,0.0,425.0,22.7,27.0
2024-01-14 00:58:00,0.0,0.0,408.0,22.7,27.0
2024-01-14 01:08:00,0.0,0.0,399.0,22.6,27.0
2024-01-14 01:17:59,0.0,0.0,411.0,22.6,27.0
2024-01-14 01:27:59,0.0,0.0,423.0,22.6,27.0
2024-01-14 01:37:59,0.0,0.0,428.0,22.6,27.0
2024-01-14 01:47:59,0.0,0.0,417.0,22.6,27.0
2024-01-14 01:57:59,0.0,0.0,420.0,22.7,27.0
2024-01-14 02:07:59,0.0,0.0,425.0,22.7,27.0
2024-01-14 02:17:59,0.0,0.0,409.0,22.6,27.0
2024-01-14 02:27:59,0.0,0.0,419.0,22.6,27.0
2024-01-14 02:37:59,0.0,0.0,423.0,22.6,27.0
2024-01-14 02:47:59,0.0,0.0,414.0,22.6,27.0
2024-01-14 02:57:59,0.0,0.0,409.0,22.6,27.0
2024-01-14 03:07:59,0.0,0.0,412.0,22.6,27.0
2024-01-14 03:17:59,0.0,0.0,415.0,22.6,27.0
2024-01-14 03:27:59,0.0,0.0,420.0,22.6,27.0
2024-01-14 03:37:59,0.0,0.0,403.0,22.6,27.0
2024-01-14 03:47:59,0.0,0.0,424.0,22.7,27.0
2024-01-14 03:57:59,0.0,0.0,415.0,22.6,27.0
2024-01-14 04:07:59,0.0,0.0,420.0,22.6,27.0
2024-01-14 04:17:59,0.0,0.0,434.0,22.6,27.0
2024-01-14 04:27:59,0.0,0.0,413.0,22.7,27.0
2024-01-14 04:37:59,0.0,0.0,402.0,22.6,27.0
2024-01-14 04:47:59,0.0,0.0,409.0,22.6,27.0
2024-01-14 04:57:59,0.0,0.0,417.0,22.7,27.0
2024-01-14 05:07:59,0.0,0.0,408.0,22.6,27.0
2024-01-14 05:17:59,0.0,0.0,417.0,22.6,27.0
2024-01-14 05:27:58,0.0,0.0,405.0,22.6,27.0
2024-01-14 05:37:58,0.0,0.0,409.0,22.6,27.0
2024-01-14 05:47:58,1.0,30.0,406.0,22.6,27.0
2024-01-14 05:57:58,0.0,33.0,421.0,22.6,27.0
2024-01-14 06:07:58,0.0,0.0,425.0,22.6,27.0
2024-01-14 06:17:58,0.0,0.0,414.0,22.6,27.0
2024-01-14 06:27:58,0.0,0.0,408.0,22.6,27.0
2024-01-14 06:37:58,0.0,0.0,422.0,22.6,27.0
2024-01-14 06:47:58,0.0,0.0,415.0,22.6,27.0
2024-01-14 06:57:58,0.0,0.0,434.0,22.7,27.0
2024-01-14 07:07:58,0.0,0.0,413.0,22.6,27.0
2024-01-14 07:17:58,0.0,0.0,411.0,22.7,27.0
2024-01-14 07:27:58,0.0,0.0,410.0,22.7,27.0
2024-01-14 07:37:58,0.0,3.0,412.0,22.6,27.0
2024-01-14 07:47:58,0.0,3.0,424.0,22.6,27.0
2024-01-14 07:57:58,0.0,3.0,421.0,22.6,27.0
2024-01-14 08:07:58,0.0,3.0,420.0,22.6,27.0
2024-01-14 08:17:58,0.0,3.0,429.0,22.6,27.0
2024-01-14 08:27:58,0.0,3.0,431.0,22.6,27.0
2024-01-14 08:37:58,1.0,3.0,420.0,22.6,27.0
2024-01-14 08:47:58,0.0,6.0,418.0,22.6,27.0
2024-01-14 08:57:58,0.0,3.0,427.0,22.6,27.0
2024-01-14 09:07:57,0.0,3.0,422.0,22.6,27.0
2024-01-14 09:17:57,0.0,6.0,412.0,22.6,27.0
2024-01-14 09:27:57,0.0,6.0,410.0,22.6,27.0
2024-01-14 09:37:57,0.0,6.0,427.0,22.6,27.0
2024-01-14 09:47:57,0.0,6.0,422.0,22.6,27.0
2024-01-14 09:57:57,0.0,6.0,430.0,22.6,27.0
2024-01-14 10:07:57,0.0,6.0,417.0,22.6,27.0
2024-01-14 10:17:57,0.0,3.0,430.0,22.6,27.0
2024-01-14 10:27:57,0.0,6.0,413.0,22.6,27.0
2024-01-14 10:37:57,0.0,6.0,409.0,22.6,27.0
2024-01-14 10:47:57,0.0,6.0,420.0,22.6,27.0
2024-01-14 10:57:57,0.0,10.0,412.0,22.6,27.0
2024-01-14 11:07:57,0.0,6.0,407.0,22.6,27.0
2024-01-14 11:17:57,0.0,10.0,421.0,22.6,27.0
2024-01-14 11:27:57,0.0,10.0,425.0,22.6,27.0
2024-01-14 11:37:57,0.0,6.0,423.0,22.6,27.0
2024-01-14 11:47:57,0.0,3.0,422.0,22.6,27.0
2024-01-14 11:57:57,0.0,3.0,415.0,22.6,27.0
2024-01-14 12:07:57,0.0,3.0,418.0,22.6,27.0
2024-01-14 12:17:57,0.0,3.0,418.0,22.6,27.0
2024-01-14 12:27:57,0.0,3.0,424.0,22.6,27.0
2024-01-14 12:37:57,0.0,3.0,428.0,22.6,27.0
2024-01-14 12:47:57,0.0,3.0,417.0,22.6,27.0
2024-01-14 12:57:57,0.0,3.0,420.0,22.6,27.0
2024-01-14 13:07:56,0.0,3.0,426.0,22.6,27.0
2024-01-14 13:17:57,0.0,3.0,427.0,22.6,27.0
2024-01-14 13:27:56,0.0,3.0,411.0,22.6,27.0
2024-01-14 13:37:56,0.0,3.0,424.0,22.6,27.0
2024-01-14 13:47:56,0.0,3.0,420.0,22.6,27.0
2024-01-14 13:57:56,0.0,3.0,420.0,22.6,27.0
2024-01-14 14:07:56,0.0,3.0,412.0,22.6,27.0
2024-01-14 14:17:56,0.0,3.0,430.0,22.6,27.0
2024-01-14 14:27:56,0.0,3.0,412.0,22.6,27.0
2024-01-14 14:37:56,0.0,0.0,423.0,22.6,27.0
2024-01-14 14:47:56,0.0,0.0,430.0,22.6,27.0
2024-01-14 14:57:56,0.0,0.0,414.0,22.6,27.0
2024-01-14 15:07:56,0.0,0.0,428.0,22.6,27.0
2024-01-14 15:17:56,0.0,0.0,429.0,22.7,27.0
2024-01-14 15:27:56,0.0,0.0,413.0,22.6,27.0
2024-01-14 15:37:56,0.0,0.0,419.0,22.6,27.0
2024-01-14 15:47:56,0.0,0.0,410.0,22.6,27.0
2024-01-14 15:57:56,0.0,0.0,409.0,22.6,27.0
2024-01-14 16:07:56,0.0,0.0,419.0,22.6,27.0
2024-01-14 16:17:56,0.0,0.0,417.0,22.6,27.0
2024-01-14 16:27:56,0.0,0.0,398.0,22.6,27.0
2024-01-14 16:37:56,0.0,0.0,419.0,22.6,27.0
2024-01-14 16:47:56,0.0,0.0,420.0,22.6,27.0
2024-01-14 16:57:55,0.0,0.0,420.0,22.5,27.0
2024-01-14 17:07:55,0.0,0.0,417.0,22.6,27.0
2024-01-14 17:17:55,0.0,0.0,418.0,22.6,27.0
2024-01-14 17:27:55,0.0,0.0,415.0,22.6,27.0
2024-01-14 17:37:55,0.0,0.0,424.0,22.6,27.0
2024-01-14 17:47:55,0.0,0.0,406.0,22.6,27.0
2024-01-14 17:57:55,0.0,0.0,425.0,22.6,27.0
2024-01-14 18:07:55,0.0,0.0,426.0,22.6,27.0
2024-01-14 18:17:55,0.0,0.0,427.0,22.6,27.0
2024-01-14 18:27:55,0.0,0.0,403.0,22.6,27.0
2024-01-14 18:37:55,0.0,0.0,407.0,22.6,27.0
2024-01-14 18:47:55,0.0,0.0,408.0,22.6,27.0
2024-01-14 18:57:55,0.0,0.0,412.0,22.6,27.0
2024-01-14 19:07:55,0.0,0.0,412.0,22.5,27.0
2024-01-14 19:17:55,0.0,0.0,420.0,22.6,27.0
2024-01-14 19:27:55,0.0,0.0,419.0,22.6,27.0
2024-01-14 19:37:55,0.0,0.0,406.0,22.6,27.0
2024-01-14 19:47:55,0.0,0.0,413.0,22.5,27.0
2024-01-14 19:57:55,0.0,0.0,417.0,22.6,27.0
2024-01-14 20:07:55,0.0,0.0,425.0,22.6,27.0
2024-01-14 20:17:55,0.0,0.0,414.0,22.6,27.0
2024-01-14 20:27:55,0.0,0.0,411.0,22.6,27.0
2024-01-14 20:37:55,0.0,0.0,402.0,22.5,27.0
2024-01-14 20:47:55,0.0,0.0,409.0,22.5,27.0
2024-01-14 20:57:54,0.0,0.0,396.0,22.5,27.0
2024-01-14 21:07:54,0.0,0.0,394.0,22.6,27.0
2024-01-14 21:17:55,0.0,0.0,408.0,22.6,27.0
2024-01-14 21:27:54,0.0,0.0,411.0,22.6,27.0
2024-01-14 21:37:54,0.0,0.0,406.0,22.6,27.0
2024-01-14 21:47:55,0.0,0.0,402.0,22.6,27.0
2024-01-14 21:57:55,0.0,0.0,400.0,22.6,27.0
2024-01-14 22:07:54,0.0,0.0,391.0,22.5,27.0
2024-01-14 22:17:54,0.0,0.0,402.0,22.5,27.0
2024-01-14 22:27:54,0.0,0.0,402.0,22.6,27.0
2024-01-14 22:37:54,0.0,0.0,385.0,22.5,27.0
2024-01-14 22:47:54,0.0,0.0,407.0,22.5,27.0
2024-01-14 22:57:54,0.0,0.0,396.0,22.6,27.0
2024-01-14 23:07:54,0.0,0.0,396.0,22.6,27.0
2024-01-14 23:17:54,0.0,0.0,396.0,22.6,27.0
2024-01-14 23:27:54,0.0,0.0,387.0,22.6,27.0
2024-01-14 23:37:54,0.0,0.0,404.0,22.5,27.0
2024-01-14 23:47:54,0.0,0.0,395.0,22.6,27.0
2024-01-14 23:57:54,0.0,0.0,393.0,22.5,27.0
2024-01-15 00:07:54,0.0,0.0,395.0,22.6,27.0
2024-01-15 00:17:54,0.0,0.0,403.0,22.6,27.0
2024-01-15 00:27:54,0.0,0.0,396.0,22.6,27.0
2024-01-15 00:37:54,0.0,0.0,411.0,22.6,27.0
2024-01-15 00:47:53,0.0,0.0,393.0,22.6,27.0
2024-01-15 00:57:53,0.0,0.0,392.0,22.5,27.0
2024-01-15 01:07:53,0.0,0.0,396.0,22.6,27.0
2024-01-15 01:17:53,0.0,0.0,385.0,22.5,27.0
2024-01-15 01:27:53,0.0,0.0,389.0,22.6,27.0
2024-01-15 01:37:53,0.0,0.0,394.0,22.6,27.0
2024-01-15 01:47:53,0.0,0.0,405.0,22.5,27.0
2024-01-15 01:57:53,0.0,0.0,388.0,22.5,27.0
2024-01-15 02:07:53,0.0,0.0,406.0,22.6,27.0
2024-01-15 02:17:53,0.0,0.0,393.0,22.5,27.0
2024-01-15 02:27:53,0.0,0.0,406.0,22.6,27.0
2024-01-15 02:37:53,0.0,0.0,394.0,22.6,27.0
2024-01-15 02:47:53,0.0,0.0,402.0,22.6,27.0
2024-01-15 02:57:53,0.0,0.0,392.0,22.6,27.0
2024-01-15 03:07:53,0.0,0.0,399.0,22.6,27.0
2024-01-15 03:17:53,0.0,0.0,393.0,22.6,27.0
2024-01-15 03:27:53,0.0,0.0,387.0,22.6,27.0
2024-01-15 03:37:53,0.0,0.0,392.0,22.6,27.0
2024-01-15 03:47:53,0.0,0.0,389.0,22.5,27.0
2024-01-15 03:57:53,0.0,0.0,385.0,22.6,27.0
2024-01-15 04:07:53,0.0,0.0,397.0,22.6,27.0
2024-01-15 04:17:53,0.0,0.0,390.0,22.5,27.0
2024-01-15 04:27:53,0.0,0.0,397.0,22.5,27.0
2024-01-15 04:37:52,0.0,0.0,381.0,22.5,27.0
2024-01-15 04:47:52,0.0,0.0,386.0,22.5,27.0
2024-01-15 04:57:52,0.0,0.0,393.0,22.6,27.0
2024-01-15 05:07:52,0.0,0.0,391.0,22.5,27.0
2024-01-15 05:17:52,0.0,0.0,387.0,22.6,27.0
2024-01-15 05:27:52,0.0,0.0,394.0,22.6,27.0
2024-01-15 05:37:52,0.0,0.0,381.0,22.6,27.0
2024-01-15 05:47:52,0.0,0.0,383.0,22.6,27.0
2024-01-15 05:57:52,0.0,0.0,388.0,22.5,27.0
2024-01-15 06:07:52,0.0,0.0,391.0,22.6,27.0
2024-01-15 06:17:52,0.0,0.0,384.0,22.6,27.0
2024-01-15 06:27:52,0.0,0.0,398.0,22.6,27.0
2024-01-15 06:37:52,0.0,0.0,396.0,22.6,27.0
2024-01-15 06:47:52,0.0,0.0,411.0,22.6,27.0
2024-01-15 06:57:52,0.0,0.0,399.0,22.6,27.0
2024-01-15 07:07:52,0.0,0.0,379.0,22.6,27.0
2024-01-15 07:17:52,0.0,0.0,409.0,22.6,27.0
2024-01-15 07:27:52,0.0,0.0,393.0,22.5,27.0
2024-01-15 07:37:52,2.0,33.0,429.0,22.6,27.0
2024-01-15 07:47:52,0.0,33.0,433.0,22.6,27.0
2024-01-15 07:57:52,0.0,33.0,419.0,22.5,27.0
2024-01-15 08:07:52,0.0,33.0,425.0,22.6,27.0
2024-01-15 08:17:52,3.0,37.0,436.0,22.5,27.0
2024-01-15 08:27:52,3.0,37.0,540.0,22.5,28.0
2024-01-15 08:37:51,3.0,37.0,531.0,22.5,28.0
2024-01-15 08:47:51,4.0,40.0,545.0,22.5,28.0
2024-01-15 08:57:51,2.0,37.0,557.0,22.5,29.0
2024-01-15 09:07:51,1.0,37.0,562.0,22.5,29.0
2024-01-15 09:17:51,2.0,37.0,567.0,22.6,28.0
2024-01-15 09:27:51,0.0,37.0,573.0,22.5,29.0
2024-01-15 09:37:51,4.0,37.0,613.0,22.5,29.0
2024-01-15 09:47:51,5.0,40.0,615.0,22.5,29.0
2024-01-15 09:57:51,8.0,40.0,677.0,22.5,30.0
2024-01-15 10:07:51,2.0,40.0,711.0,22.5,29.0
2024-01-15 10:17:51,3.0,40.0,715.0,22.6,29.0
2024-01-15 10:27:51,3.0,40.0,688.0,22.5,29.0
2024-01-15 10:37:51,6.0,40.0,723.0,22.5,30.0
2024-01-15 10:47:51,4.0,40.0,694.0,22.5,29.0
2024-01-15 10:57:51,6.0,43.0,775.0,22.5,30.0
2024-01-15 11:07:51,4.0,40.0,835.0,22.6,31.0
2024-01-15 11:17:51,4.0,40.0,867.0,22.6,31.0
2024-01-15 11:27:51,4.0,43.0,897.0,22.6,31.0
2024-01-15 11:37:51,1.0,40.0,955.0,22.6,32.0
2024-01-15 11:47:51,3.0,47.0,891.0,22.5,32.0
2024-01-15 11:57:51,6.0,47.0,850.0,22.6,32.0
2024-01-15 12:07:51,8.0,50.0,916.0,22.6,32.0
2024-01-15 12:17:51,2.0,47.0,910.0,22.6,32.0
2024-01-15 12:27:50,2.0,47.0,971.0,22.6,32.0
2024-01-15 12:37:50,2.0,47.0,935.0,22.6,32.0
2024-01-15 12:47:50,4.0,50.0,969.0,22.6,32.0
2024-01-15 12:57:50,3.0,43.0,987.0,22.6,32.0
2024-01-15 13:07:50,5.0,43.0,1005.0,22.6,32.0
2024-01-15 13:17:50,2.0,43.0,1037.0,22.6,32.0
2024-01-15 13:27:50,8.0,43.0,981.0,22.7,32.0
2024-01-15 13:37:50,3.0,43.0,1062.0,22.6,32.0
2024-01-15 13:47:51,0.0,43.0,1074.0,22.7,32.0
2024-01-15 13:57:50,2.0,43.0,1081.0,22.6,32.0
2024-01-15 14:07:50,6.0,43.0,1119.0,22.7,33.0
2024-01-15 14:17:50,4.0,43.0,1136.0,22.7,33.0
2024-01-15 14:27:50,3.0,40.0,1218.0,22.8,33.0
2024-01-15 14:37:50,7.0,40.0,1185.0,22.7,33.0
2024-01-15 14:47:50,4.0,40.0,1251.0,22.7,34.0
2024-01-15 14:57:50,0.0,40.0,1127.0,22.7,32.0
2024-01-15 15:07:50,0.0,40.0,1042.0,22.6,31.0
2024-01-15 15:17:50,6.0,37.0,989.0,22.6,31.0
2024-01-15 15:27:50,6.0,37.0,1036.0,22.6,30.0
2024-01-15 15:37:50,4.0,37.0,975.0,22.6,30.0
2024-01-15 15:47:50,0.0,37.0,963.0,22.6,30.0
2024-01-15 15:57:50,3.0,37.0,984.0,22.6,31.0
2024-01-15 16:07:50,2.0,37.0,962.0,22.6,30.0
2024-01-15 16:17:49,0.0,37.0,939.0,22.7,30.0
2024-01-15 16:27:49,0.0,37.0,924.0,22.7,30.0
2024-01-15 16:37:49,2.0,37.0,912.0,22.7,30.0
2024-01-15 16:47:49,0.0,37.0,906.0,22.7,30.0
2024-01-15 16:57:49,0.0,37.0,871.0,22.7,29.0
2024-01-15 17:07:49,3.0,37.0,832.0,22.7,29.0
2024-01-15 17:17:49,0.0,37.0,836.0,22.7,29.0
2024-01-15 17:27:49,0.0,37.0,851.0,22.7,29.0
2024-01-15 17:37:49,0.0,3.0,810.0,22.7,28.0
2024-01-15 17:47:49,0.0,3.0,795.0,22.7,28.0
2024-01-15 17:57:49,0.0,3.0,801.0,22.8,28.0
2024-01-15 18:07:49,0.0,3.0,775.0,22.7,28.0
2024-01-15 18:17:49,0.0,3.0,766.0,22.7,28.0
2024-01-15 18:27:49,0.0,3.0,718.0,22.7,28.0
2024-01-15 18:37:49,0.0,3.0,714.0,22.7,27.0
2024-01-15 18:47:49,0.0,3.0,694.0,22.7,27.0
2024-01-15 18:57:49,0.0,3.0,684.0,22.7,27.0
2024-01-15 19:07:49,0.0,3.0,676.0,22.7,27.0
2024-01-15 19:17:49,0.0,3.0,660.0,22.7,27.0
2024-01-15 19:27:49,2.0,3.0,679.0,22.7,27.0
2024-01-15 19:37:49,2.0,3.0,693.0,22.7,27.0
2024-01-15 19:47:49,1.0,0.0,717.0,22.7,27.0
2024-01-15 19:57:49,0.0,0.0,710.0,22.7,27.0
2024-01-15 20:07:49,0.0,0.0,673.0,22.7,27.0
2024-01-15 20:17:48,0.0,0.0,653.0,22.7,27.0
2024-01-15 20:27:48,0.0,0.0,652.0,22.7,27.0
2024-01-15 20:37:48,0.0,0.0,649.0,22.7,26.0
2024-01-15 20:47:48,0.0,0.0,635.0,22.7,26.0
2024-01-15 20:57:48,0.0,0.0,626.0,22.7,26.0
2024-01-15 21:07:48,0.0,0.0,588.0,22.7,26.0
2024-01-15 21:17:48,0.0,0.0,610.0,22.7,26.0
2024-01-15 21:27:48,0.0,0.0,603.0,22.7,26.0
2024-01-15 21:37:48,0.0,0.0,576.0,22.7,26.0
2024-01-15 21:47:48,0.0,0.0,573.0,22.7,26.0
2024-01-15 21:57:48,0.0,0.0,581.0,22.7,26.0
2024-01-15 22:07:48,0.0,0.0,573.0,22.7,26.0
2024-01-15 22:17:48,0.0,0.0,561.0,22.7,26.0
2024-01-15 22:27:48,0.0,0.0,545.0,22.8,25.0
2024-01-15 22:37:48,0.0,0.0,536.0,22.7,25.0
2024-01-15 22:47:48,0.0,0.0,532.0,22.7,25.0
2024-01-15 22:57:48,0.0,0.0,532.0,22.7,25.0
2024-01-15 23:07:48,0.0,0.0,537.0,22.7,25.0
2024-01-15 23:17:48,0.0,0.0,538.0,22.7,25.0
2024-01-15 23:27:48,0.0,0.0,542.0,22.8,25.0
2024-01-15 23:37:48,0.0,0.0,530.0,22.7,25.0
2024-01-15 23:47:48,0.0,0.0,520.0,22.8,25.0
2024-01-15 23:57:48,0.0,0.0,528.0,22.7,25.0
2024-01-16 00:07:47,0.0,0.0,514.0,22.8,25.0
2024-01-16 00:17:47,0.0,0.0,522.0,22.8,25.0
2024-01-16 00:27:47,0.0,0.0,495.0,22.7,25.0
2024-01-16 00:37:47,0.0,0.0,505.0,22.8,24.0
2024-01-16 00:47:47,0.0,0.0,509.0,22.8,24.0
2024-01-16 00:57:47,0.0,0.0,500.0,22.7,24.0
2024-01-16 01:07:47,0.0,0.0,509.0,22.7,24.0
2024-01-16 01:17:47,0.0,0.0,488.0,22.7,24.0
2024-01-16 01:27:47,0.0,0.0,494.0,22.8,24.0
2024-01-16 01:37:47,0.0,0.0,488.0,22.7,24.0
2024-01-16 01:47:47,0.0,0.0,496.0,22.7,24.0
2024-01-16 01:57:47,0.0,0.0,494.0,22.7,24.0
2024-01-16 02:07:47,0.0,0.0,497.0,22.8,24.0
2024-01-16 02:17:47,0.0,0.0,488.0,22.7,24.0
2024-01-16 02:27:47,0.0,0.0,493.0,22.7,24.0
2024-01-16 02:37:47,0.0,0.0,482.0,22.8,24.0
2024-01-16 02:47:47,0.0,0.0,492.0,22.8,24.0
2024-01-16 02:57:47,0.0,0.0,488.0,22.8,24.0
2024-01-16 03:07:47,2.0,33.0,484.0,22.7,24.0
2024-01-16 03:17:47,0.0,33.0,490.0,22.7,24.0
2024-01-16 03:27:47,0.0,26.0,493.0,22.8,24.0
2024-01-16 03:37:47,0.0,33.0,462.0,22.7,24.0
2024-01-16 03:47:47,0.0,0.0,495.0,22.7,24.0
2024-01-16 03:57:47,0.0,0.0,485.0,22.7,24.0
2024-01-16 04:07:46,0.0,33.0,486.0,22.8,24.0
2024-01-16 04:17:46,0.0,33.0,479.0,22.8,24.0
2024-01-16 04:27:46,0.0,0.0,481.0,22.8,24.0
2024-01-16 04:37:46,0.0,0.0,484.0,22.7,23.0
2024-01-16 04:47:46,0.0,0.0,474.0,22.8,23.0
2024-01-16 04:57:46,0.0,0.0,477.0,22.8,23.0
2024-01-16 05:07:46,0.0,0.0,476.0,22.8,23.0
2024-01-16 05:17:46,0.0,0.0,474.0,22.7,23.0
2024-01-16 05:27:46,0.0,0.0,471.0,22.7,23.0
2024-01-16 05:37:46,0.0,0.0,467.0,22.8,23.0
2024-01-16 05:47:46,0.0,0.0,472.0,22.8,23.0
2024-01-16 05:57:46,0.0,0.0,489.0,22.8,23.0
2024-01-16 06:07:46,0.0,0.0,480.0,22.7,23.0
2024-01-16 06:17:46,0.0,0.0,468.0,22.7,23.0
2024-01-16 06:27:46,0.0,0.0,489.0,22.7,23.0
2024-01-16 06:37:46,0.0,0.0,470.0,22.7,23.0
2024-01-16 06:47:46,0.0,0.0,472.0,22.8,23.0
2024-01-16 06:57:46,0.0,0.0,463.0,22.7,23.0
2024-01-16 07:07:46,0.0,0.0,463.0,22.8,23.0
2024-01-16 07:17:46,0.0,0.0,474.0,22.8,23.0
2024-01-16 07:27:46,0.0,0.0,484.0,22.7,23.0
2024-01-16 07:37:46,0.0,3.0,497.0,22.7,24.0
2024-01-16 07:47:46,1.0,37.0,484.0,22.7,24.0
2024-01-16 07:57:46,7.0,37.0,504.0,22.7,24.0
2024-01-16 08:07:46,1.0,37.0,538.0,22.7,25.0
2024-01-16 08:17:45,3.0,43.0,601.0,22.7,26.0
2024-01-16 08:27:45,2.0,43.0,682.0,22.8,27.0
2024-01-16 08:37:45,8.0,43.0,722.0,22.8,28.0
2024-01-16 08:47:45,8.0,43.0,697.0,22.8,28.0
2024-01-16 08:57:45,1.0,47.0,759.0,22.8,28.0
2024-01-16 09:07:45,1.0,47.0,784.0,22.8,28.0
2024-01-16 09:17:45,2.0,47.0,760.0,22.8,28.0
2024-01-16 09:27:45,0.0,43.0,756.0,22.8,28.0
2024-01-16 09:37:45,1.0,43.0,754.0,22.8,28.0
2024-01-16 09:47:45,2.0,43.0,753.0,22.7,27.0
2024-01-16 09:57:45,0.0,43.0,797.0,22.8,28.0
2024-01-16 10:07:45,1.0,47.0,959.0,22.8,29.0
2024-01-16 10:17:45,2.0,47.0,848.0,22.8,29.0
2024-01-16 10:27:45,3.0,47.0,836.0,22.8,29.0
2024-01-16 10:37:45,1.0,47.0,827.0,22.8,28.0
2024-01-16 10:47:45,1.0,47.0,787.0,22.8,28.0
2024-01-16 10:57:45,0.0,47.0,819.0,22.7,28.0
2024-01-16 11:07:45,4.0,43.0,783.0,22.8,28.0
2024-01-16 11:17:45,3.0,47.0,787.0,22.8,27.0
2024-01-16 11:27:45,0.0,47.0,807.0,22.8,28.0
2024-01-16 11:37:45,0.0,43.0,856.0,22.8,28.0
2024-01-16 11:47:45,1.0,43.0,781.0,22.8,28.0
2024-01-16 11:57:44,2.0,40.0,749.0,22.8,28.0
2024-01-16 12:07:44,2.0,40.0,729.0,22.7,27.0
2024-01-16 12:17:44,2.0,43.0,807.0,22.8,27.0
2024-01-16 12:27:44,0.0,43.0,781.0,22.7,27.0
2024-01-16 12:37:44,2.0,43.0,909.0,22.7,28.0
2024-01-16 12:47:44,1.0,40.0,933.0,22.8,28.0
2024-01-16 12:57:44,2.0,40.0,930.0,22.8,29.0
2024-01-16 13:07:44,6.0,40.0,1000.0,22.8,29.0
2024-01-16 13:17:44,0.0,40.0,1123.0,22.8,30.0
2024-01-16 13:27:44,2.0,40.0,1098.0,22.8,31.0
2024-01-16 13:37:44,3.0,40.0,1115.0,22.8,31.0
2024-01-16 13:47:44,1.0,37.0,833.0,22.7,27.0
2024-01-16 13:57:44,14.0,33.0,861.0,22.7,26.0
2024-01-16 14:07:44,9.0,40.0,824.0,22.6,26.0
2024-01-16 14:17:44,5.0,37.0,882.0,22.7,27.0
2024-01-16 14:27:44,4.0,37.0,917.0,22.7,27.0
2024-01-16 14:37:44,4.0,40.0,986.0,22.8,28.0
2024-01-16 14:47:44,2.0,40.0,966.0,22.8,28.0
2024-01-16 14:57:44,4.0,33.0,1112.0,22.8,29.0
2024-01-16 15:07:44,1.0,33.0,1021.0,22.8,29.0
2024-01-16 15:17:44,2.0,33.0,1080.0,22.7,30.0
2024-01-16 15:27:44,5.0,33.0,942.0,22.7,29.0
2024-01-16 15:37:44,1.0,33.0,943.0,22.7,29.0
2024-01-16 15:47:43,0.0,33.0,944.0,22.8,28.0
2024-01-16 15:57:44,4.0,33.0,928.0,22.7,28.0
2024-01-16 16:07:43,3.0,33.0,945.0,22.7,29.0
2024-01-16 16:17:43,0.0,33.0,929.0,22.8,28.0
2024-01-16 16:27:43,0.0,33.0,939.0,22.8,28.0
2024-01-16 16:37:43,1.0,33.0,854.0,22.8,28.0
2024-01-16 16:47:43,0.0,33.0,885.0,22.8,28.0
2024-01-16 16:57:43,0.0,33.0,851.0,22.7,28.0
2024-01-16 17:07:43,0.0,33.0,828.0,22.7,28.0
2024-01-16 17:17:43,0.0,33.0,800.0,22.8,28.0
2024-01-16 17:27:43,0.0,33.0,775.0,22.7,28.0
2024-01-16 17:37:43,0.0,26.0,764.0,22.8,28.0
2024-01-16 17:47:43,1.0,33.0,718.0,22.8,27.0
2024-01-16 17:57:43,0.0,0.0,748.0,22.8,27.0
2024-01-16 18:07:43,0.0,0.0,731.0,22.8,27.0
2024-01-16 18:17:43,0.0,0.0,707.0,22.8,27.0
2024-01-16 18:27:43,0.0,0.0,710.0,22.8,27.0
2024-01-16 18:37:43,0.0,0.0,663.0,22.7,27.0
2024-01-16 18:47:43,0.0,0.0,663.0,22.8,27.0
2024-01-16 18:57:43,0.0,0.0,638.0,22.7,26.0
2024-01-16 19:07:43,0.0,0.0,619.0,22.8,26.0
2024-01-16 19:17:43,0.0,0.0,624.0,22.7,26.0
2024-01-16 19:27:43,0.0,0.0,619.0,22.7,26.0
2024-01-16 19:37:43,0.0,0.0,622.0,22.7,26.0
2024-01-16 19:47:43,1.0,33.0,629.0,22.7,26.0
2024-01-16 19:57:42,2.0,33.0,633.0,22.8,26.0
2024-01-16 20:07:42,0.0,0.0,598.0,22.7,26.0
2024-01-16 20:17:42,0.0,0.0,638.0,22.7,26.0
2024-01-16 20:27:42,0.0,0.0,632.0,22.7,26.0
2024-01-16 20:37:42,0.0,0.0,606.0,22.7,26.0
2024-01-16 20:47:42,0.0,0.0,577.0,22.8,26.0
2024-01-16 20:57:42,0.0,0.0,588.0,22.8,26.0
2024-01-16 21:07:42,0.0,0.0,575.0,22.8,26.0
2024-01-16 21:17:42,0.0,0.0,569.0,22.8,26.0
2024-01-16 21:27:42,0.0,0.0,556.0,22.7,26.0
2024-01-16 21:37:42,0.0,0.0,552.0,22.7,26.0
2024-01-16 21:47:42,0.0,0.0,553.0,22.7,26.0
2024-01-16 21:57:42,0.0,0.0,548.0,22.7,26.0
2024-01-16 22:07:42,0.0,0.0,540.0,22.7,26.0
2024-01-16 22:17:42,0.0,0.0,541.0,22.7,26.0
2024-01-16 22:27:42,0.0,0.0,532.0,22.7,25.0
2024-01-16 22:37:42,0.0,0.0,536.0,22.7,25.0
2024-01-16 22:47:42,0.0,0.0,519.0,22.7,25.0
2024-01-16 22:57:42,0.0,0.0,524.0,22.7,25.0
2024-01-16 23:07:42,0.0,0.0,506.0,22.7,25.0
2024-01-16 23:17:42,0.0,0.0,499.0,22.7,25.0
2024-01-16 23:27:42,0.0,0.0,501.0,22.7,25.0
2024-01-16 23:37:41,0.0,0.0,483.0,22.7,25.0
2024-01-16 23:47:41,0.0,0.0,502.0,22.7,25.0
2024-01-16 23:57:42,0.0,0.0,488.0,22.7,25.0
2024-01-17 00:07:41,0.0,0.0,493.0,22.7,25.0
2024-01-17 00:17:41,0.0,0.0,474.0,22.7,25.0
2024-01-17 00:27:41,0.0,0.0,478.0,22.7,25.0
2024-01-17 00:37:41,0.0,0.0,486.0,22.7,25.0
2024-01-17 00:47:41,0.0,0.0,480.0,22.7,25.0
2024-01-17 00:57:41,0.0,0.0,464.0,22.7,25.0
2024-01-17 01:07:41,0.0,0.0,466.0,22.7,25.0
2024-01-17 01:17:41,0.0,0.0,461.0,22.7,25.0
2024-01-17 01:27:41,0.0,0.0,471.0,22.7,25.0
2024-01-17 01:37:41,0.0,0.0,470.0,22.7,25.0
2024-01-17 01:47:41,0.0,0.0,485.0,22.7,25.0
2024-01-17 01:57:41,0.0,0.0,453.0,22.7,25.0
2024-01-17 02:07:41,0.0,0.0,467.0,22.7,25.0
2024-01-17 02:17:41,0.0,0.0,472.0,22.8,25.0
2024-01-17 02:27:41,0.0,0.0,462.0,22.7,25.0
2024-01-17 02:37:41,0.0,0.0,478.0,22.7,25.0
2024-01-17 02:47:41,0.0,0.0,464.0,22.7,25.0
2024-01-17 02:57:41,0.0,0.0,468.0,22.7,25.0
2024-01-17 03:07:41,3.0,37.0,480.0,22.7,25.0
2024-01-17 03:17:41,0.0,37.0,468.0,22.7,25.0
2024-01-17 03:27:40,0.0,6.0,474.0,22.7,25.0
2024-01-17 03:37:40,0.0,6.0,463.0,22.7,25.0
2024-01-17 03:47:40,0.0,6.0,479.0,22.7,25.0
2024-01-17 03:57:40,0.0,6.0,468.0,22.7,25.0
2024-01-17 04:07:40,0.0,6.0,476.0,22.7,25.0
2024-01-17 04:17:40,0.0,37.0,473.0,22.7,25.0
2024-01-17 04:27:40,0.0,37.0,476.0,22.7,25.0
2024-01-17 04:37:40,0.0,6.0,472.0,22.7,25.0
2024-01-17 04:47:40,0.0,6.0,474.0,22.7,25.0
2024-01-17 04:57:40,0.0,6.0,465.0,22.7,25.0
2024-01-17 05:07:40,0.0,6.0,454.0,22.8,25.0
2024-01-17 05:17:40,0.0,6.0,472.0,22.7,25.0
2024-01-17 05:27:40,0.0,6.0,463.0,22.7,25.0
2024-01-17 05:37:40,0.0,6.0,459.0,22.7,25.0
2024-01-17 05:47:40,0.0,6.0,453.0,22.7,25.0
2024-01-17 05:57:40,0.0,6.0,468.0,22.8,25.0
2024-01-17 06:07:40,0.0,6.0,464.0,22.7,25.0
2024-01-17 06:17:40,0.0,6.0,454.0,22.7,25.0
2024-01-17 06:27:40,0.0,6.0,455.0,22.8,25.0
2024-01-17 06:37:40,0.0,6.0,458.0,22.7,25.0
2024-01-17 06:47:40,0.0,6.0,463.0,22.7,26.0
2024-01-17 06:57:40,0.0,6.0,456.0,22.7,25.0
2024-01-17 07:07:40,0.0,33.0,470.0,22.7,25.0
2024-01-17 07:17:39,0.0,40.0,462.0,22.7,26.0
2024-01-17 07:27:39,2.0,37.0,454.0,22.7,26.0
2024-01-17 07:37:39,3.0,37.0,488.0,22.7,26.0
2024-01-17 07:47:39,2.0,37.0,483.0,22.7,26.0
2024-01-17 07:57:39,2.0,37.0,482.0,22.7,27.0
2024-01-17 08:07:39,2.0,37.0,499.0,22.7,27.0
2024-01-17 08:17:39,0.0,37.0,498.0,22.7,27.0
2024-01-17 08:27:39,2.0,40.0,493.0,22.7,27.0
2024-01-17 08:37:39,3.0,40.0,521.0,22.7,27.0
2024-01-17 08:47:39,0.0,40.0,525.0,22.7,27.0
2024-01-17 08:57:39,2.0,40.0,532.0,22.7,27.0
2024-01-17 09:07:39,0.0,40.0,515.0,22.7,27.0
2024-01-17 09:17:39,0.0,43.0,536.0,22.7,27.0
2024-01-17 09:27:39,4.0,43.0,534.0,22.7,28.0
2024-01-17 09:37:39,0.0,43.0,531.0,22.7,27.0
2024-01-17 09:47:39,1.0,43.0,553.0,22.7,27.0
2024-01-17 09:57:39,0.0,40.0,563.0,22.7,27.0
2024-01-17 10:07:39,2.0,40.0,570.0,22.7,27.0
2024-01-17 10:17:39,1.0,37.0,539.0,22.7,27.0
2024-01-17 10:27:39,2.0,40.0,550.0,22.7,27.0
2024-01-17 10:37:39,2.0,40.0,589.0,22.7,28.0
2024-01-17 10:47:39,2.0,43.0,623.0,22.7,28.0
2024-01-17 10:57:39,0.0,43.0,606.0,22.7,28.0
2024-01-17 11:07:39,3.0,43.0,637.0,22.7,28.0
2024-01-17 11:17:38,1.0,40.0,648.0,22.7,28.0
2024-01-17 11:27:38,3.0,40.0,635.0,22.7,28.0
2024-01-17 11:37:38,0.0,40.0,637.0,22.7,28.0
2024-01-17 11:47:38,0.0,37.0,625.0,22.7,28.0
2024-01-17 11:57:38,0.0,40.0,653.0,22.7,28.0
2024-01-17 12:07:38,1.0,40.0,669.0,22.7,28.0
2024-01-17 12:17:38,0.0,37.0,650.0,22.7,28.0
2024-01-17 12:27:38,0.0,37.0,634.0,22.7,28.0
2024-01-17 12:37:38,1.0,37.0,621.0,22.7,28.0
2024-01-17 12:47:38,0.0,37.0,600.0,22.7,28.0
2024-01-17 12:57:38,0.0,37.0,614.0,22.7,28.0
2024-01-17 13:07:38,3.0,37.0,584.0,22.8,27.0
2024-01-17 13:17:38,2.0,37.0,607.0,22.8,27.0
2024-01-17 13:27:38,2.0,40.0,598.0,22.7,27.0
2024-01-17 13:37:38,1.0,37.0,617.0,22.7,27.0
2024-01-17 13:47:38,2.0,37.0,675.0,22.7,27.0
2024-01-17 13:57:38,0.0,40.0,685.0,22.7,28.0
2024-01-17 14:07:38,0.0,37.0,697.0,22.7,28.0
2024-01-17 14:17:38,2.0,37.0,691.0,22.8,28.0
2024-01-17 14:27:38,0.0,37.0,684.0,22.8,28.0
2024-01-17 14:37:38,0.0,37.0,678.0,22.8,28.0
2024-01-17 14:47:38,0.0,37.0,660.0,22.7,28.0
2024-01-17 14:57:38,0.0,37.0,652.0,22.8,28.0
2024-01-17 15:07:38,0.0,37.0,623.0,22.8,28.0
2024-01-17 15:17:37,0.0,37.0,653.0,22.8,28.0
2024-01-17 15:27:37,0.0,37.0,619.0,22.7,28.0
2024-01-17 15:37:37,2.0,37.0,614.0,22.8,27.0
2024-01-17 15:47:37,0.0,37.0,611.0,22.7,27.0
2024-01-17 15:57:37,2.0,37.0,608.0,22.8,28.0
2024-01-17 16:07:37,0.0,37.0,602.0,22.8,28.0
2024-01-17 16:17:37,0.0,37.0,620.0,22.8,28.0
2024-01-17 16:27:37,2.0,37.0,613.0,22.8,29.0
2024-01-17 16:37:37,0.0,37.0,647.0,22.8,29.0
2024-01-17 16:47:37,0.0,37.0,665.0,22.8,29.0
2024-01-17 16:57:37,0.0,37.0,664.0,22.8,29.0
2024-01-17 17:07:38,0.0,37.0,636.0,22.7,28.0
2024-01-17 17:17:37,0.0,33.0,654.0,22.8,28.0
2024-01-17 17:27:37,0.0,33.0,640.0,22.8,28.0
2024-01-17 17:37:37,0.0,0.0,654.0,22.8,28.0
2024-01-17 17:47:37,0.0,0.0,640.0,22.8,28.0
2024-01-17 17:57:37,0.0,0.0,638.0,22.8,28.0
2024-01-17 18:07:37,0.0,0.0,627.0,22.8,28.0
2024-01-17 18:17:37,0.0,0.0,611.0,22.8,28.0
2024-01-17 18:27:37,0.0,0.0,610.0,22.7,27.0
2024-01-17 18:37:37,0.0,0.0,594.0,22.8,27.0
2024-01-17 18:47:37,0.0,0.0,598.0,22.8,27.0
2024-01-17 18:57:37,0.0,0.0,579.0,22.8,27.0
2024-01-17 19:07:36,0.0,0.0,571.0,22.8,27.0
2024-01-17 19:17:36,0.0,0.0,567.0,22.8,27.0
2024-01-17 19:27:36,0.0,0.0,560.0,22.8,27.0
2024-01-17 19:37:36,0.0,0.0,557.0,22.8,27.0
2024-01-17 19:47:36,0.0,0.0,552.0,22.8,27.0
2024-01-17 19:57:36,0.0,0.0,576.0,22.8,27.0
2024-01-17 20:07:36,0.0,0.0,541.0,22.7,27.0
2024-01-17 20:17:36,0.0,0.0,549.0,22.8,27.0
2024-01-17 20:27:36,0.0,0.0,543.0,22.8,27.0
2024-01-17 20:37:36,0.0,0.0,518.0,22.7,27.0
2024-01-17 20:47:36,1.0,33.0,519.0,22.7,27.0
2024-01-17 20:57:36,0.0,33.0,525.0,22.8,27.0
2024-01-17 21:07:36,0.0,0.0,532.0,22.8,27.0
2024-01-17 21:17:36,1.0,33.0,580.0,22.8,27.0
2024-01-17 21:27:36,0.0,33.0,528.0,22.8,27.0
2024-01-17 21:37:36,1.0,30.0,517.0,22.8,27.0
2024-01-17 21:47:36,0.0,33.0,523.0,22.8,27.0
2024-01-17 21:57:36,0.0,0.0,517.0,22.8,26.0
2024-01-17 22:07:36,0.0,0.0,535.0,22.8,26.0
2024-01-17 22:17:36,0.0,0.0,518.0,22.8,26.0
2024-01-17 22:27:36,0.0,0.0,523.0,22.8,26.0
2024-01-17 22:37:36,0.0,0.0,507.0,22.8,26.0
2024-01-17 22:47:36,0.0,0.0,511.0,22.8,26.0
2024-01-17 22:57:35,0.0,0.0,486.0,22.7,26.0
2024-01-17 23:07:35,0.0,0.0,476.0,22.8,26.0
2024-01-17 23:17:35,0.0,0.0,478.0,22.8,26.0
2024-01-17 23:27:35,0.0,0.0,478.0,22.8,26.0
2024-01-17 23:37:35,0.0,0.0,496.0,22.8,26.0
2024-01-17 23:47:35,0.0,0.0,473.0,22.8,26.0
2024-01-17 23:57:35,0.0,0.0,471.0,22.7,26.0
2024-01-18 00:07:35,0.0,0.0,469.0,22.7,26.0
2024-01-18 00:17:35,0.0,0.0,466.0,22.7,26.0
2024-01-18 00:27:35,0.0,0.0,472.0,22.8,26.0
2024-01-18 00:37:35,0.0,0.0,481.0,22.7,26.0
2024-01-18 00:47:35,0.0,0.0,455.0,22.8,26.0
2024-01-18 00:57:35,0.0,0.0,454.0,22.7,26.0
2024-01-18 01:07:35,0.0,0.0,448.0,22.7,26.0
2024-01-18 01:17:35,0.0,0.0,454.0,22.8,26.0
2024-01-18 01:27:35,0.0,0.0,450.0,22.8,26.0
2024-01-18 01:37:35,0.0,0.0,449.0,22.7,26.0
2024-01-18 01:47:35,0.0,0.0,453.0,22.8,25.0
2024-01-18 01:57:35,0.0,0.0,445.0,22.7,25.0
2024-01-18 02:07:35,0.0,0.0,461.0,22.8,25.0
2024-01-18 02:17:35,0.0,0.0,454.0,22.8,25.0
2024-01-18 02:27:35,0.0,0.0,456.0,22.7,25.0
2024-01-18 02:37:35,0.0,0.0,445.0,22.8,25.0
2024-01-18 02:47:34,0.0,0.0,444.0,22.7,25.0
2024-01-18 02:57:34,1.0,33.0,452.0,22.7,25.0
2024-01-18 03:07:35,0.0,33.0,457.0,22.7,25.0
2024-01-18 03:17:34,0.0,0.0,447.0,22.7,25.0
2024-01-18 03:27:34,0.0,0.0,445.0,22.7,25.0
2024-01-18 03:37:34,0.0,0.0,453.0,22.8,25.0
2024-01-18 03:47:34,0.0,0.0,453.0,22.8,25.0
2024-01-18 03:57:35,0.0,26.0,446.0,22.7,25.0
2024-01-18 04:07:34,0.0,33.0,443.0,22.7,25.0
2024-01-18 04:17:34,0.0,0.0,442.0,22.8,25.0
2024-01-18 04:27:34,0.0,0.0,449.0,22.7,25.0
2024-01-18 04:37:34,0.0,0.0,442.0,22.7,25.0
2024-01-18 04:47:34,0.0,0.0,439.0,22.8,25.0
2024-01-18 04:57:34,0.0,0.0,432.0,22.7,25.0
2024-01-18 05:07:34,0.0,0.0,430.0,22.7,25.0
2024-01-18 05:17:34,0.0,0.0,451.0,22.7,25.0
2024-01-18 05:27:34,0.0,0.0,431.0,22.8,25.0
2024-01-18 05:37:34,0.0,0.0,435.0,22.7,25.0
2024-01-18 05:47:34,0.0,0.0,437.0,22.7,25.0
2024-01-18 05:57:34,0.0,0.0,430.0,22.7,25.0
2024-01-18 06:07:34,0.0,0.0,436.0,22.8,25.0
2024-01-18 06:17:34,1.0,23.0,447.0,22.8,25.0
2024-01-18 06:27:34,0.0,33.0,439.0,22.7,25.0
2024-01-18 06:37:34,0.0,0.0,431.0,22.8,25.0
2024-01-18 06:47:34,0.0,0.0,431.0,22.8,25.0
2024-01-18 06:57:33,0.0,0.0,441.0,22.7,25.0
2024-01-18 07:07:33,0.0,0.0,441.0,22.7,25.0
2024-01-18 07:17:33,1.0,30.0,444.0,22.7,25.0
2024-01-18 07:27:33,0.0,40.0,489.0,22.8,27.0
2024-01-18 07:37:33,0.0,40.0,521.0,22.8,27.0
2024-01-18 07:47:33,5.0,40.0,512.0,22.8,27.0
2024-01-18 07:57:33,0.0,40.0,512.0,22.8,27.0
2024-01-18 08:07:33,1.0,40.0,539.0,22.8,27.0
2024-01-18 08:17:33,1.0,40.0,542.0,22.8,27.0
2024-01-18 08:27:33,2.0,40.0,542.0,22.8,27.0
2024-01-18 08:37:33,1.0,43.0,556.0,22.9,27.0
2024-01-18 08:47:33,3.0,43.0,564.0,22.9,27.0
2024-01-18 08:57:33,0.0,40.0,571.0,22.9,27.0
2024-01-18 09:07:33,2.0,37.0,580.0,22.8,27.0
2024-01-18 09:17:33,0.0,37.0,548.0,22.8,27.0
2024-01-18 09:27:33,0.0,40.0,660.0,22.9,28.0
2024-01-18 09:37:33,0.0,43.0,623.0,22.9,28.0
2024-01-18 09:47:33,2.0,40.0,589.0,22.9,27.0
2024-01-18 09:57:33,2.0,40.0,569.0,22.8,27.0
2024-01-18 10:07:33,3.0,40.0,583.0,22.8,28.0
2024-01-18 10:17:33,3.0,40.0,620.0,22.9,28.0
2024-01-18 10:27:33,1.0,47.0,632.0,22.9,28.0
2024-01-18 10:37:33,1.0,47.0,646.0,22.8,28.0
2024-01-18 10:47:32,0.0,47.0,629.0,22.8,28.0
2024-01-18 10:57:32,0.0,47.0,628.0,22.8,28.0
2024-01-18 11:07:32,3.0,50.0,648.0,22.8,28.0
2024-01-18 11:17:32,4.0,47.0,669.0,22.8,28.0
2024-01-18 11:27:32,0.0,47.0,658.0,22.8,28.0
2024-01-18 11:37:33,0.0,47.0,679.0,22.8,28.0
2024-01-18 11:47:32,3.0,43.0,756.0,22.8,28.0
2024-01-18 11:57:32,2.0,50.0,694.0,22.8,28.0
2024-01-18 12:07:32,5.0,43.0,679.0,22.8,28.0
2024-01-18 12:17:32,1.0,40.0,665.0,22.8,28.0
2024-01-18 12:27:32,0.0,43.0,661.0,22.8,28.0
2024-01-18 12:37:32,0.0,40.0,649.0,22.8,28.0
2024-01-18 12:47:32,3.0,40.0,644.0,22.8,28.0
2024-01-18 12:57:32,2.0,43.0,745.0,22.8,29.0
2024-01-18 13:07:32,0.0,43.0,732.0,22.8,29.0
2024-01-18 13:17:32,6.0,43.0,720.0,22.9,29.0
2024-01-18 13:27:32,2.0,43.0,780.0,22.9,29.0
2024-01-18 13:37:32,4.0,40.0,845.0,22.9,30.0
2024-01-18 13:47:32,6.0,40.0,1050.0,22.9,31.0
2024-01-18 13:57:32,10.0,43.0,993.0,22.9,31.0
2024-01-18 14:07:32,2.0,40.0,986.0,22.9,31.0
2024-01-18 14:17:32,7.0,40.0,1001.0,23.0,31.0
2024-01-18 14:27:32,2.0,37.0,982.0,22.9,31.0
2024-01-18 14:37:31,2.0,37.0,1019.0,22.9,31.0
2024-01-18 14:47:31,3.0,37.0,1023.0,23.0,31.0
2024-01-18 14:57:31,3.0,37.0,993.0,22.9,31.0
2024-01-18 15:07:32,5.0,33.0,1039.0,22.9,31.0
2024-01-18 15:17:31,2.0,33.0,981.0,22.9,31.0
2024-01-18 15:27:31,0.0,33.0,963.0,22.9,30.0
2024-01-18 15:37:31,0.0,33.0,944.0,22.9,30.0
2024-01-18 15:47:31,0.0,33.0,947.0,22.8,30.0
2024-01-18 15:57:32,1.0,33.0,892.0,22.9,30.0
2024-01-18 16:07:31,1.0,33.0,910.0,22.9,30.0
2024-01-18 16:17:31,1.0,33.0,1125.0,22.8,31.0
2024-01-18 16:27:31,0.0,33.0,988.0,22.9,30.0
2024-01-18 16:37:31,2.0,33.0,896.0,22.8,29.0
2024-01-18 16:47:31,2.0,33.0,849.0,22.9,29.0
2024-01-18 16:57:31,0.0,33.0,873.0,22.9,29.0
2024-01-18 17:07:31,1.0,33.0,851.0,22.9,29.0
2024-01-18 17:17:31,1.0,33.0,836.0,22.9,29.0
2024-01-18 17:27:31,0.0,33.0,815.0,22.9,29.0
2024-01-18 17:37:31,0.0,0.0,795.0,22.8,29.0
2024-01-18 17:47:31,0.0,0.0,770.0,22.9,29.0
2024-01-18 17:57:31,0.0,0.0,751.0,22.8,28.0
2024-01-18 18:17:31,0.0,0.0,692.0,22.9,28.0
2024-01-18 18:47:30,0.0,0.0,649.0,22.9,27.0
2024-01-18 18:57:30,0.0,0.0,643.0,22.9,27.0
2024-01-18 19:07:30,0.0,0.0,625.0,22.8,27.0
2024-01-18 19:17:31,0.0,0.0,606.0,22.8,27.0
2024-01-18 19:27:30,0.0,0.0,591.0,22.8,26.0
2024-01-18 19:37:30,0.0,0.0,598.0,22.8,26.0
2024-01-18 19:47:30,0.0,0.0,578.0,22.8,26.0
2024-01-18 19:57:30,0.0,0.0,577.0,22.8,26.0
2024-01-18 20:07:30,0.0,0.0,572.0,22.8,26.0
2024-01-18 20:17:30,0.0,0.0,568.0,22.8,26.0
2024-01-18 20:27:30,0.0,0.0,561.0,22.8,26.0
2024-01-18 20:37:30,0.0,0.0,555.0,22.8,26.0
2024-01-18 20:47:30,0.0,0.0,547.0,22.8,26.0
2024-01-18 20:57:30,0.0,0.0,531.0,22.8,26.0
2024-01-18 21:07:30,0.0,0.0,511.0,22.8,26.0
2024-01-18 21:17:30,0.0,0.0,535.0,22.8,26.0
2024-01-18 21:27:30,0.0,0.0,516.0,22.8,26.0
2024-01-18 21:37:30,0.0,0.0,525.0,22.8,26.0
2024-01-18 21:47:30,0.0,0.0,510.0,22.8,25.0
2024-01-18 21:57:30,1.0,0.0,515.0,22.8,26.0
2024-01-18 22:07:30,0.0,0.0,510.0,22.8,25.0
2024-01-18 22:17:29,0.0,0.0,497.0,22.8,25.0
2024-01-18 22:27:29,0.0,0.0,502.0,22.7,25.0
2024-01-18 22:37:29,0.0,0.0,494.0,22.8,25.0
2024-01-18 22:47:29,0.0,0.0,482.0,22.8,25.0
2024-01-18 22:57:29,0.0,0.0,491.0,22.8,25.0
2024-01-18 23:07:29,0.0,0.0,481.0,22.8,25.0
2024-01-18 23:17:29,0.0,0.0,478.0,22.7,25.0
2024-01-18 23:27:29,0.0,0.0,482.0,22.8,25.0
2024-01-18 23:37:29,0.0,0.0,476.0,22.8,25.0
2024-01-18 23:47:29,0.0,0.0,481.0,22.8,25.0
2024-01-18 23:57:29,0.0,0.0,459.0,22.8,25.0
2024-01-19 00:07:29,0.0,0.0,479.0,22.8,25.0
2024-01-19 00:17:29,0.0,0.0,460.0,22.8,25.0
2024-01-19 00:27:29,0.0,0.0,467.0,22.8,25.0
2024-01-19 00:37:29,0.0,0.0,472.0,22.7,25.0
2024-01-19 00:47:29,0.0,0.0,456.0,22.8,25.0
2024-01-19 00:57:29,0.0,0.0,457.0,22.8,25.0
2024-01-19 01:07:29,0.0,0.0,469.0,22.8,25.0
2024-01-19 01:17:29,0.0,0.0,460.0,22.8,25.0
2024-01-19 01:27:29,0.0,0.0,475.0,22.8,25.0
2024-01-19 01:37:29,0.0,0.0,454.0,22.8,25.0
2024-01-19 01:47:29,0.0,0.0,461.0,22.7,25.0
2024-01-19 01:57:29,0.0,0.0,461.0,22.8,25.0
2024-01-19 02:07:29,0.0,0.0,446.0,22.8,25.0
2024-01-19 02:17:28,0.0,0.0,459.0,22.8,25.0
2024-01-19 02:27:28,0.0,0.0,450.0,22.7,25.0
2024-01-19 02:37:29,0.0,0.0,454.0,22.8,25.0
2024-01-19 02:47:28,0.0,0.0,455.0,22.7,25.0
2024-01-19 02:57:28,0.0,0.0,448.0,22.7,25.0
2024-01-19 03:07:28,1.0,33.0,472.0,22.8,26.0
2024-01-19 03:17:28,0.0,33.0,456.0,22.8,25.0
2024-01-19 03:27:28,0.0,0.0,460.0,22.8,25.0
2024-01-19 03:37:28,0.0,0.0,458.0,22.8,25.0
2024-01-19 03:47:29,0.0,0.0,445.0,22.8,25.0
2024-01-19 03:57:28,0.0,0.0,448.0,22.7,25.0
2024-01-19 04:07:28,1.0,26.0,463.0,22.8,25.0
2024-01-19 04:17:28,0.0,33.0,457.0,22.8,25.0
2024-01-19 04:27:28,0.0,0.0,446.0,22.8,25.0
2024-01-19 04:37:28,0.0,0.0,451.0,22.8,25.0
2024-01-19 04:47:28,0.0,0.0,450.0,22.8,25.0
2024-01-19 04:57:28,0.0,0.0,447.0,22.8,25.0
2024-01-19 05:07:28,0.0,0.0,439.0,22.8,25.0
2024-01-19 05:17:28,0.0,0.0,442.0,22.8,25.0
2024-01-19 05:27:28,0.0,0.0,445.0,22.8,25.0
2024-01-19 05:37:28,0.0,0.0,441.0,22.8,25.0
2024-01-19 05:47:28,0.0,0.0,438.0,22.8,25.0
2024-01-19 05:57:28,0.0,0.0,450.0,22.8,25.0
2024-01-19 06:07:28,1.0,33.0,444.0,22.8,25.0
2024-01-19 06:17:27,0.0,33.0,433.0,22.8,25.0
2024-01-19 06:27:27,0.0,0.0,443.0,22.7,25.0
2024-01-19 06:37:27,0.0,0.0,439.0,22.8,25.0
2024-01-19 06:47:27,0.0,0.0,431.0,22.8,25.0
2024-01-19 06:57:27,0.0,30.0,438.0,22.8,25.0
2024-01-19 07:07:27,0.0,33.0,443.0,22.8,25.0
2024-01-19 07:17:27,1.0,33.0,446.0,22.8,25.0
2024-01-19 07:27:27,1.0,33.0,484.0,22.8,26.0
2024-01-19 07:37:27,2.0,33.0,500.0,22.8,26.0
2024-01-19 07:47:27,1.0,40.0,514.0,22.8,26.0
2024-01-19 07:57:27,2.0,40.0,594.0,22.8,27.0
2024-01-19 08:07:27,3.0,40.0,598.0,22.8,27.0
2024-01-19 08:17:27,4.0,40.0,604.0,22.8,27.0
2024-01-19 08:27:27,1.0,40.0,639.0,22.8,27.0
2024-01-19 08:37:27,3.0,43.0,778.0,22.8,29.0
2024-01-19 08:47:27,2.0,43.0,649.0,22.8,28.0
2024-01-19 08:57:27,8.0,43.0,905.0,22.9,30.0
2024-01-19 09:07:27,1.0,43.0,771.0,22.8,29.0
2024-01-19 09:17:27,0.0,43.0,735.0,22.8,29.0
2024-01-19 09:27:27,0.0,43.0,740.0,22.8,29.0
2024-01-19 09:37:27,1.0,43.0,740.0,22.8,29.0
2024-01-19 09:47:27,3.0,47.0,679.0,22.8,28.0
2024-01-19 09:57:27,2.0,50.0,729.0,22.7,29.0
2024-01-19 10:07:27,11.0,47.0,794.0,22.8,29.0
2024-01-19 10:17:26,4.0,47.0,768.0,22.7,29.0
2024-01-19 10:27:26,0.0,47.0,753.0,22.8,28.0
2024-01-19 10:37:26,3.0,47.0,770.0,22.8,28.0
2024-01-19 10:47:26,3.0,47.0,780.0,22.8,28.0
2024-01-19 10:57:26,2.0,50.0,800.0,22.8,29.0
2024-01-19 11:07:26,7.0,50.0,792.0,22.8,30.0
2024-01-19 11:17:26,3.0,50.0,914.0,22.8,30.0
2024-01-19 11:27:26,0.0,53.0,901.0,22.8,30.0
2024-01-19 11:37:26,1.0,40.0,896.0,22.8,30.0
2024-01-19 11:47:26,0.0,40.0,905.0,22.8,29.0
2024-01-19 11:57:26,0.0,43.0,909.0,22.8,30.0
2024-01-19 12:07:26,14.0,50.0,946.0,22.9,30.0
2024-01-19 12:17:26,9.0,43.0,982.0,22.8,30.0
2024-01-19 12:27:26,0.0,47.0,1078.0,22.9,31.0
2024-01-19 12:37:26,2.0,50.0,1054.0,22.8,31.0
2024-01-19 12:47:26,3.0,47.0,1030.0,22.9,31.0
2024-01-19 12:57:26,5.0,40.0,1015.0,22.9,31.0
2024-01-19 13:07:26,3.0,43.0,1048.0,22.9,31.0
2024-01-19 13:17:26,7.0,43.0,1235.0,22.9,32.0
2024-01-19 13:27:26,1.0,43.0,1018.0,22.8,31.0
2024-01-19 13:37:26,8.0,43.0,752.0,22.6,29.0
2024-01-19 13:47:26,6.0,43.0,736.0,22.7,28.0
2024-01-19 13:57:25,6.0,43.0,815.0,22.8,29.0
2024-01-19 14:07:25,7.0,43.0,904.0,22.7,29.0
2024-01-19 14:17:25,2.0,40.0,906.0,22.7,30.0
2024-01-19 14:27:25,2.0,37.0,903.0,22.8,29.0
2024-01-19 14:37:25,4.0,37.0,904.0,22.8,29.0
2024-01-19 14:47:25,4.0,37.0,915.0,22.8,29.0
2024-01-19 14:57:25,3.0,40.0,907.0,22.8,29.0
2024-01-19 15:07:25,1.0,37.0,954.0,22.8,30.0
2024-01-19 15:17:25,4.0,37.0,930.0,22.8,29.0
2024-01-19 15:27:25,6.0,43.0,1012.0,22.8,30.0
2024-01-19 15:37:25,2.0,40.0,982.0,22.9,31.0
2024-01-19 15:47:25,3.0,37.0,927.0,22.9,30.0
2024-01-19 15:57:25,0.0,37.0,867.0,22.8,29.0
2024-01-19 16:07:25,5.0,37.0,864.0,22.8,29.0
2024-01-19 16:17:25,0.0,37.0,835.0,22.8,29.0
2024-01-19 16:27:25,7.0,37.0,826.0,22.8,29.0
2024-01-19 16:37:25,3.0,33.0,833.0,22.8,29.0
2024-01-19 16:47:25,0.0,33.0,827.0,22.9,29.0
2024-01-19 16:57:25,0.0,33.0,834.0,22.8,28.0
2024-01-19 17:07:25,0.0,33.0,824.0,22.8,28.0
2024-01-19 17:17:25,0.0,33.0,804.0,22.8,28.0
2024-01-19 17:27:25,0.0,33.0,785.0,22.9,28.0
2024-01-19 17:37:25,0.0,0.0,755.0,22.9,28.0
2024-01-19 17:47:25,0.0,0.0,747.0,22.8,28.0
2024-01-19 17:57:24,0.0,0.0,754.0,22.9,28.0
2024-01-19 18:07:24,0.0,0.0,711.0,22.8,28.0
2024-01-19 18:17:24,0.0,0.0,721.0,22.9,28.0
2024-01-19 18:27:24,0.0,0.0,704.0,22.8,28.0
2024-01-19 18:37:24,0.0,0.0,678.0,22.9,28.0
2024-01-19 18:47:25,0.0,0.0,663.0,22.8,27.0
2024-01-19 18:57:24,0.0,0.0,664.0,22.9,27.0
2024-01-19 19:07:24,0.0,0.0,647.0,22.8,27.0
2024-01-19 19:17:24,0.0,0.0,650.0,22.9,27.0
2024-01-19 19:27:24,0.0,0.0,637.0,22.8,27.0
2024-01-19 19:37:24,0.0,0.0,622.0,22.8,27.0
2024-01-19 19:47:24,0.0,0.0,630.0,22.8,27.0
2024-01-19 19:57:24,0.0,0.0,596.0,22.8,27.0
2024-01-19 20:07:24,0.0,0.0,592.0,22.8,27.0
2024-01-19 20:17:24,0.0,0.0,605.0,22.9,27.0
2024-01-19 20:27:24,0.0,0.0,585.0,22.9,27.0
2024-01-19 20:37:24,0.0,0.0,578.0,22.9,27.0
2024-01-19 20:47:24,0.0,0.0,564.0,22.9,27.0
2024-01-19 20:57:24,0.0,0.0,546.0,22.8,27.0
2024-01-19 21:07:24,0.0,0.0,566.0,22.8,27.0
2024-01-19 21:17:24,0.0,0.0,543.0,22.8,27.0
2024-01-19 21:27:24,0.0,0.0,548.0,22.8,27.0
2024-01-19 21:37:24,0.0,0.0,551.0,22.8,27.0
2024-01-19 21:47:23,0.0,0.0,525.0,22.9,26.0
2024-01-19 21:57:23,0.0,0.0,534.0,22.9,27.0
2024-01-19 22:07:23,1.0,0.0,518.0,22.8,26.0
2024-01-19 22:17:23,0.0,0.0,538.0,22.8,26.0
2024-01-19 22:27:23,0.0,0.0,520.0,22.9,26.0
2024-01-19 22:37:23,0.0,0.0,533.0,22.8,26.0
2024-01-19 22:47:23,0.0,0.0,530.0,22.9,26.0
2024-01-19 22:57:23,0.0,0.0,512.0,22.9,26.0
2024-01-19 23:07:23,0.0,0.0,533.0,22.8,26.0
2024-01-19 23:17:23,0.0,0.0,511.0,22.9,26.0
2024-01-19 23:27:23,0.0,0.0,524.0,22.9,26.0
2024-01-19 23:37:23,0.0,0.0,510.0,22.8,26.0
2024-01-19 23:47:23,0.0,0.0,505.0,22.8,26.0
2024-01-19 23:57:23,0.0,0.0,491.0,22.9,26.0
2024-01-20 00:07:23,0.0,0.0,505.0,22.8,26.0
2024-01-20 00:17:23,0.0,0.0,511.0,22.9,26.0
2024-01-20 00:27:23,0.0,0.0,496.0,22.8,26.0
2024-01-20 00:37:23,0.0,0.0,525.0,22.8,27.0
2024-01-20 00:47:23,0.0,0.0,502.0,22.8,27.0
2024-01-20 00:57:23,0.0,0.0,500.0,22.8,27.0
2024-01-20 01:07:23,0.0,0.0,504.0,22.8,26.0
2024-01-20 01:17:23,0.0,0.0,500.0,22.9,27.0
2024-01-20 01:27:23,0.0,0.0,491.0,22.8,27.0
2024-01-20 01:37:22,0.0,0.0,496.0,22.8,27.0
2024-01-20 01:47:22,0.0,0.0,491.0,22.8,27.0
2024-01-20 01:57:22,0.0,0.0,486.0,22.9,26.0
2024-01-20 02:07:22,0.0,0.0,499.0,22.8,26.0
2024-01-20 02:17:22,0.0,0.0,473.0,22.8,26.0
2024-01-20 02:27:22,0.0,0.0,491.0,22.8,27.0
2024-01-20 02:37:22,0.0,0.0,480.0,22.8,27.0
2024-01-20 02:47:22,0.0,0.0,502.0,22.8,27.0
2024-01-20 02:57:22,0.0,0.0,488.0,22.8,26.0
2024-01-20 03:07:22,0.0,0.0,482.0,22.8,27.0
2024-01-20 03:17:22,0.0,0.0,484.0,22.8,27.0
2024-01-20 03:27:22,0.0,0.0,488.0,22.8,27.0
2024-01-20 03:37:22,0.0,0.0,477.0,22.8,27.0
2024-01-20 03:47:22,0.0,0.0,459.0,22.8,27.0
2024-01-20 03:57:22,0.0,0.0,480.0,22.8,27.0
2024-01-20 04:07:22,0.0,0.0,486.0,22.8,27.0
2024-01-20 04:17:22,0.0,0.0,478.0,22.8,27.0
2024-01-20 04:27:22,0.0,0.0,472.0,22.9,27.0
2024-01-20 04:37:22,0.0,0.0,476.0,22.8,27.0
2024-01-20 04:47:22,0.0,0.0,478.0,22.8,27.0
2024-01-20 04:57:22,0.0,0.0,469.0,22.8,27.0
2024-01-20 05:07:22,0.0,0.0,480.0,22.8,27.0
2024-01-20 05:17:22,0.0,0.0,469.0,22.8,27.0
2024-01-20 05:27:22,0.0,0.0,475.0,22.8,27.0
2024-01-20 05:37:21,0.0,0.0,486.0,22.8,27.0
2024-01-20 05:47:21,0.0,0.0,467.0,22.8,27.0
2024-01-20 05:57:21,0.0,0.0,481.0,22.8,27.0
2024-01-20 06:07:21,0.0,0.0,474.0,22.8,27.0
2024-01-20 06:17:21,0.0,0.0,480.0,22.8,27.0
2024-01-20 06:27:21,0.0,0.0,474.0,22.8,27.0
2024-01-20 06:37:21,0.0,0.0,461.0,22.8,27.0
2024-01-20 06:47:21,0.0,0.0,461.0,22.8,27.0
2024-01-20 06:57:21,1.0,13.0,461.0,22.8,27.0
2024-01-20 07:07:21,0.0,33.0,458.0,22.8,27.0
2024-01-20 07:17:21,0.0,0.0,479.0,22.9,27.0
2024-01-20 07:27:21,0.0,0.0,481.0,22.8,27.0
2024-01-20 07:37:21,0.0,0.0,478.0,22.8,27.0
2024-01-20 07:47:21,0.0,0.0,483.0,22.8,27.0
2024-01-20 07:57:21,0.0,0.0,495.0,22.8,27.0
2024-01-20 08:07:21,0.0,0.0,468.0,22.8,27.0
2024-01-20 08:17:21,0.0,0.0,470.0,22.8,27.0
2024-01-20 08:27:21,0.0,3.0,478.0,22.8,27.0
2024-01-20 08:37:21,0.0,3.0,461.0,22.8,27.0
2024-01-20 08:47:21,0.0,3.0,477.0,22.8,27.0
2024-01-20 08:57:21,0.0,3.0,487.0,22.8,27.0
2024-01-20 09:07:21,0.0,3.0,473.0,22.8,27.0
2024-01-20 09:17:21,0.0,3.0,475.0,22.8,27.0
2024-01-20 09:27:20,0.0,3.0,475.0,22.8,27.0
2024-01-20 09:37:20,0.0,3.0,491.0,22.8,27.0
2024-01-20 09:47:20,0.0,3.0,468.0,22.8,27.0
2024-01-20 09:57:20,0.0,3.0,464.0,22.8,27.0
2024-01-20 10:07:20,0.0,3.0,463.0,22.8,27.0
2024-01-20 10:17:20,0.0,3.0,467.0,22.8,27.0
2024-01-20 10:27:20,0.0,3.0,473.0,22.8,27.0
2024-01-20 10:37:20,0.0,3.0,466.0,22.8,27.0
2024-01-20 10:47:21,0.0,3.0,466.0,22.7,27.0
2024-01-20 10:57:20,0.0,3.0,454.0,22.8,27.0
2024-01-20 11:07:20,0.0,3.0,467.0,22.8,27.0
2024-01-20 11:17:20,0.0,3.0,474.0,22.8,27.0
2024-01-20 11:27:20,0.0,3.0,459.0,22.9,27.0
2024-01-20 11:37:20,0.0,3.0,459.0,22.8,27.0
2024-01-20 11:57:20,0.0,3.0,481.0,22.8,27.0
2024-01-20 12:07:20,0.0,3.0,469.0,22.8,27.0
2024-01-20 12:17:20,0.0,3.0,466.0,22.8,27.0
2024-01-20 12:27:20,0.0,3.0,471.0,22.8,27.0
2024-01-20 12:37:20,0.0,3.0,464.0,22.8,27.0
2024-01-20 12:47:20,0.0,3.0,458.0,22.8,27.0
2024-01-20 12:57:20,0.0,3.0,455.0,22.8,27.0
2024-01-20 13:07:20,0.0,3.0,470.0,22.8,27.0
2024-01-20 13:17:19,0.0,3.0,459.0,22.8,27.0
2024-01-20 13:27:20,0.0,3.0,449.0,22.9,27.0
2024-01-20 13:37:19,0.0,3.0,445.0,22.8,27.0
2024-01-20 13:47:19,0.0,3.0,442.0,22.8,27.0
2024-01-20 13:57:19,0.0,3.0,450.0,22.8,27.0
2024-01-20 14:07:19,0.0,3.0,454.0,22.8,27.0
2024-01-20 14:17:19,0.0,3.0,456.0,22.8,27.0
2024-01-20 14:27:19,0.0,3.0,450.0,22.8,27.0
2024-01-20 14:37:19,0.0,0.0,458.0,22.8,27.0
2024-01-20 14:47:19,0.0,0.0,455.0,22.8,27.0
2024-01-20 14:57:19,0.0,0.0,438.0,22.9,27.0
2024-01-20 15:07:19,0.0,0.0,456.0,22.8,27.0
2024-01-20 15:17:19,0.0,0.0,447.0,22.8,27.0
2024-01-20 15:27:19,0.0,0.0,461.0,22.8,27.0
2024-01-20 15:37:19,0.0,0.0,455.0,22.8,27.0
2024-01-20 15:47:19,0.0,0.0,446.0,22.8,27.0
2024-01-20 15:57:19,0.0,0.0,455.0,22.8,27.0
2024-01-20 16:07:19,0.0,0.0,448.0,22.8,27.0
2024-01-20 16:17:19,0.0,0.0,450.0,22.8,27.0
2024-01-20 16:27:19,0.0,0.0,462.0,22.8,27.0
2024-01-20 16:37:19,0.0,0.0,462.0,22.8,27.0
2024-01-20 16:47:19,0.0,0.0,432.0,22.8,27.0
2024-01-20 16:57:19,0.0,0.0,450.0,22.8,27.0
2024-01-20 17:07:19,0.0,0.0,455.0,22.8,27.0
2024-01-20 17:17:18,0.0,0.0,452.0,22.8,27.0
2024-01-20 17:27:18,0.0,0.0,448.0,22.8,27.0
2024-01-20 17:37:18,0.0,0.0,449.0,22.8,27.0
2024-01-20 17:47:18,0.0,0.0,438.0,22.8,27.0
2024-01-20 17:57:18,0.0,0.0,445.0,22.8,27.0
2024-01-20 18:07:18,0.0,0.0,446.0,22.8,27.0
2024-01-20 18:17:18,0.0,0.0,455.0,22.8,27.0
2024-01-20 18:27:18,0.0,0.0,449.0,22.8,27.0
2024-01-20 18:37:18,0.0,0.0,448.0,22.8,27.0
2024-01-20 18:47:18,0.0,0.0,453.0,22.8,27.0
2024-01-20 18:57:18,0.0,0.0,454.0,22.8,27.0
2024-01-20 19:07:18,0.0,0.0,444.0,22.8,27.0
2024-01-20 19:17:18,0.0,0.0,455.0,22.8,27.0
2024-01-20 19:27:18,0.0,0.0,451.0,22.8,27.0
2024-01-20 19:37:18,0.0,0.0,456.0,22.8,27.0
2024-01-20 19:47:18,0.0,0.0,453.0,22.8,27.0
2024-01-20 19:57:18,0.0,0.0,433.0,22.8,27.0
2024-01-20 20:07:18,0.0,0.0,453.0,22.8,27.0
2024-01-20 20:17:18,0.0,0.0,439.0,22.8,27.0
2024-01-20 20:27:18,0.0,0.0,459.0,22.8,27.0
2024-01-20 20:37:18,0.0,0.0,428.0,22.8,27.0
2024-01-20 20:47:18,0.0,0.0,448.0,22.8,27.0
2024-01-20 20:57:18,0.0,0.0,452.0,22.8,27.0
2024-01-20 21:07:17,0.0,0.0,443.0,22.8,27.0
2024-01-20 21:17:17,0.0,0.0,441.0,22.8,27.0
2024-01-20 21:27:18,0.0,0.0,438.0,22.8,27.0
2024-01-20 21:37:18,0.0,0.0,444.0,22.8,27.0
2024-01-20 21:47:17,0.0,0.0,443.0,22.7,27.0
2024-01-20 21:57:17,0.0,0.0,444.0,22.8,27.0
2024-01-20 22:07:17,0.0,0.0,447.0,22.8,27.0
2024-01-20 22:17:17,0.0,0.0,441.0,22.8,27.0
2024-01-20 22:27:17,0.0,0.0,444.0,22.8,27.0
2024-01-20 22:37:17,0.0,0.0,446.0,22.8,27.0
2024-01-20 22:47:17,0.0,0.0,436.0,22.8,27.0
2024-01-20 22:57:17,0.0,0.0,432.0,22.8,27.0
2024-01-20 23:07:17,0.0,0.0,443.0,22.8,27.0
2024-01-20 23:17:17,0.0,0.0,427.0,22.8,27.0
2024-01-20 23:27:17,0.0,0.0,434.0,22.8,27.0
2024-01-20 23:37:17,0.0,0.0,434.0,22.8,27.0
2024-01-20 23:47:17,0.0,0.0,425.0,22.8,27.0
2024-01-20 23:57:17,0.0,0.0,436.0,22.7,27.0
2024-01-21 00:07:17,0.0,0.0,436.0,22.8,27.0
2024-01-21 00:17:17,0.0,0.0,429.0,22.8,27.0
2024-01-21 00:27:17,0.0,0.0,437.0,22.8,27.0
2024-01-21 00:37:17,0.0,0.0,446.0,22.8,27.0
2024-01-21 00:47:17,0.0,0.0,434.0,22.8,27.0
2024-01-21 00:57:17,0.0,0.0,427.0,22.8,27.0
2024-01-21 01:07:16,0.0,0.0,424.0,22.8,27.0
2024-01-21 01:17:16,0.0,0.0,440.0,22.8,27.0
2024-01-21 01:27:16,0.0,0.0,418.0,22.8,27.0
2024-01-21 01:37:16,0.0,0.0,436.0,22.8,27.0
2024-01-21 01:47:16,0.0,0.0,426.0,22.8,27.0
2024-01-21 01:57:16,0.0,0.0,443.0,22.8,27.0
2024-01-21 02:07:16,0.0,0.0,429.0,22.8,27.0
2024-01-21 02:17:16,0.0,0.0,426.0,22.8,27.0
2024-01-21 02:27:16,0.0,0.0,431.0,22.8,27.0
2024-01-21 02:37:16,0.0,0.0,439.0,22.8,27.0
2024-01-21 02:47:16,0.0,0.0,430.0,22.8,27.0
2024-01-21 02:57:16,0.0,0.0,424.0,22.8,27.0
2024-01-21 03:07:16,0.0,0.0,439.0,22.8,27.0
2024-01-21 03:17:16,0.0,0.0,438.0,22.8,27.0
2024-01-21 03:27:16,0.0,0.0,432.0,22.8,27.0
2024-01-21 03:37:16,0.0,0.0,433.0,22.8,27.0
2024-01-21 03:47:16,0.0,0.0,422.0,22.8,27.0
2024-01-21 03:57:16,0.0,0.0,424.0,22.8,27.0
2024-01-21 04:07:16,0.0,0.0,440.0,22.8,27.0
2024-01-21 04:17:16,0.0,0.0,415.0,22.8,27.0
2024-01-21 04:27:16,0.0,0.0,429.0,22.8,27.0
2024-01-21 04:37:16,0.0,0.0,436.0,22.8,27.0
2024-01-21 04:47:16,0.0,0.0,427.0,22.8,27.0
2024-01-21 04:57:15,0.0,0.0,434.0,22.8,27.0
2024-01-21 05:07:15,0.0,0.0,413.0,22.8,27.0
2024-01-21 05:17:15,0.0,0.0,430.0,22.8,27.0
2024-01-21 05:27:16,0.0,0.0,434.0,22.8,27.0
2024-01-21 05:37:15,0.0,0.0,437.0,22.8,27.0
2024-01-21 05:47:15,0.0,0.0,424.0,22.8,27.0
2024-01-21 05:57:15,0.0,0.0,432.0,22.8,27.0
2024-01-21 06:07:15,0.0,0.0,425.0,22.8,26.0
2024-01-21 06:17:15,0.0,0.0,430.0,22.8,26.0
2024-01-21 06:27:15,0.0,0.0,433.0,22.8,26.0
2024-01-21 06:37:15,0.0,0.0,431.0,22.8,26.0
2024-01-21 06:47:15,0.0,0.0,426.0,22.8,27.0
2024-01-21 06:57:15,1.0,16.0,433.0,22.8,26.0
2024-01-21 07:07:15,1.0,33.0,439.0,22.8,26.0
2024-01-21 07:17:15,0.0,0.0,439.0,22.8,27.0
2024-01-21 07:27:15,0.0,0.0,434.0,22.9,27.0
2024-01-21 07:37:15,0.0,0.0,440.0,22.8,27.0
2024-01-21 07:47:15,0.0,0.0,444.0,22.8,27.0
2024-01-21 07:57:15,1.0,33.0,456.0,22.8,27.0
2024-01-21 08:07:15,0.0,33.0,444.0,22.8,27.0
2024-01-21 08:17:15,0.0,3.0,439.0,22.8,27.0
2024-01-21 08:27:15,0.0,3.0,445.0,22.8,27.0
2024-01-21 08:37:15,0.0,3.0,448.0,22.8,27.0
2024-01-21 08:47:14,0.0,3.0,442.0,22.8,27.0
2024-01-21 08:57:14,0.0,3.0,437.0,22.8,27.0
2024-01-21 09:07:14,0.0,3.0,445.0,22.8,27.0
2024-01-21 09:17:14,0.0,3.0,427.0,22.8,27.0
2024-01-21 09:27:14,0.0,3.0,444.0,22.8,27.0
2024-01-21 09:37:14,0.0,3.0,447.0,22.8,27.0
2024-01-21 09:47:14,0.0,3.0,428.0,22.8,27.0
2024-01-21 09:57:14,0.0,3.0,439.0,22.8,27.0
2024-01-21 10:07:14,0.0,3.0,429.0,22.8,27.0
2024-01-21 10:17:15,0.0,3.0,427.0,22.8,27.0
2024-01-21 10:27:14,0.0,3.0,435.0,22.8,27.0
2024-01-21 10:37:14,0.0,3.0,446.0,22.8,27.0
2024-01-21 10:47:14,0.0,3.0,432.0,22.8,27.0
2024-01-21 10:57:14,0.0,3.0,444.0,22.8,27.0
2024-01-21 11:07:14,0.0,3.0,442.0,22.7,27.0
2024-01-21 11:17:14,0.0,3.0,420.0,22.8,27.0
2024-01-21 11:27:14,0.0,3.0,430.0,22.8,27.0
2024-01-21 11:37:14,0.0,3.0,431.0,22.8,27.0
2024-01-21 11:47:14,0.0,3.0,440.0,22.7,27.0
2024-01-21 11:57:14,0.0,3.0,425.0,22.8,26.0
2024-01-21 12:07:14,0.0,3.0,440.0,22.7,26.0
2024-01-21 12:17:14,0.0,3.0,438.0,22.8,27.0
2024-01-21 12:27:14,0.0,3.0,433.0,22.8,26.0
2024-01-21 12:37:14,0.0,3.0,439.0,22.8,26.0
2024-01-21 12:47:13,0.0,3.0,433.0,22.8,26.0
2024-01-21 12:57:13,0.0,3.0,437.0,22.8,26.0
2024-01-21 13:07:13,0.0,3.0,440.0,22.8,26.0
2024-01-21 13:17:13,0.0,3.0,426.0,22.8,26.0
2024-01-21 13:27:13,1.0,33.0,427.0,22.8,26.0
2024-01-21 13:37:13,0.0,33.0,429.0,22.7,26.0
2024-01-21 13:47:13,0.0,3.0,433.0,22.8,26.0
2024-01-21 13:57:13,0.0,3.0,435.0,22.8,26.0
2024-01-21 14:07:13,0.0,3.0,439.0,22.7,26.0
2024-01-21 14:17:13,0.0,3.0,443.0,22.7,26.0
2024-01-21 14:27:13,0.0,3.0,435.0,22.8,26.0
2024-01-21 14:37:13,0.0,3.0,438.0,22.7,26.0
2024-01-21 14:47:13,0.0,0.0,432.0,22.7,26.0
2024-01-21 14:57:13,0.0,0.0,431.0,22.8,26.0
2024-01-21 15:07:13,0.0,0.0,426.0,22.8,26.0
2024-01-21 15:17:13,0.0,0.0,435.0,22.8,26.0
2024-01-21 15:27:13,0.0,0.0,435.0,22.8,26.0
2024-01-21 15:37:13,0.0,0.0,424.0,22.8,26.0
2024-01-21 15:47:13,0.0,0.0,427.0,22.8,26.0
2024-01-21 15:57:13,0.0,0.0,423.0,22.7,26.0
2024-01-21 16:07:13,0.0,0.0,420.0,22.8,26.0
2024-01-21 16:17:13,0.0,0.0,421.0,22.8,26.0
2024-01-21 16:27:13,0.0,0.0,427.0,22.7,26.0
2024-01-21 16:37:12,0.0,0.0,426.0,22.8,26.0
2024-01-21 16:47:12,0.0,0.0,443.0,22.8,26.0
2024-01-21 16:57:12,0.0,0.0,421.0,22.8,26.0
2024-01-21 17:07:12,0.0,0.0,429.0,22.8,26.0
2024-01-21 17:17:12,0.0,0.0,433.0,22.8,26.0
2024-01-21 17:27:12,0.0,0.0,430.0,22.8,26.0
2024-01-21 17:37:12,0.0,0.0,417.0,22.8,26.0
2024-01-21 17:47:12,0.0,0.0,421.0,22.8,26.0
2024-01-21 17:57:12,0.0,0.0,426.0,22.8,26.0
2024-01-21 18:07:12,0.0,0.0,417.0,22.8,26.0
2024-01-21 18:17:12,0.0,0.0,423.0,22.8,26.0
2024-01-21 18:27:12,0.0,0.0,421.0,22.8,26.0
2024-01-21 18:37:12,0.0,0.0,419.0,22.8,26.0
2024-01-21 18:47:12,0.0,0.0,424.0,22.7,26.0
2024-01-21 18:57:12,0.0,0.0,428.0,22.8,26.0
2024-01-21 19:07:12,0.0,0.0,429.0,22.7,26.0
2024-01-21 19:17:12,0.0,0.0,445.0,22.7,26.0
2024-01-21 19:27:12,0.0,0.0,421.0,22.7,26.0
2024-01-21 19:37:12,0.0,0.0,424.0,22.7,26.0
2024-01-21 19:47:12,0.0,0.0,442.0,22.7,26.0
2024-01-21 19:57:12,0.0,0.0,421.0,22.7,26.0
2024-01-21 20:07:12,0.0,0.0,423.0,22.7,26.0
2024-01-21 20:17:12,0.0,0.0,418.0,22.8,26.0
2024-01-21 20:27:12,0.0,0.0,428.0,22.8,26.0
2024-01-21 20:37:11,0.0,33.0,424.0,22.7,26.0
2024-01-21 20:47:11,0.0,33.0,413.0,22.8,26.0
2024-01-21 20:57:11,0.0,0.0,433.0,22.8,26.0
2024-01-21 21:07:11,0.0,0.0,409.0,22.8,26.0
2024-01-21 21:17:11,0.0,0.0,425.0,22.7,26.0
2024-01-21 21:27:11,0.0,0.0,429.0,22.8,26.0
2024-01-21 21:37:11,0.0,0.0,423.0,22.7,26.0
2024-01-21 21:47:11,0.0,0.0,434.0,22.7,26.0
2024-01-21 21:57:11,0.0,0.0,419.0,22.8,26.0
2024-01-21 22:07:11,0.0,0.0,430.0,22.7,26.0
2024-01-21 22:17:11,0.0,0.0,411.0,22.8,26.0
2024-01-21 22:27:11,0.0,0.0,427.0,22.7,26.0
2024-01-21 22:37:11,0.0,0.0,421.0,22.7,26.0
2024-01-21 22:47:11,0.0,0.0,409.0,22.7,26.0
2024-01-21 22:57:11,0.0,0.0,407.0,22.8,26.0
2024-01-21 23:07:11,0.0,0.0,408.0,22.7,26.0
2024-01-21 23:17:11,0.0,0.0,426.0,22.7,26.0
2024-01-21 23:27:11,0.0,0.0,412.0,22.8,26.0
2024-01-21 23:37:11,0.0,0.0,408.0,22.7,26.0
2024-01-21 23:47:11,0.0,0.0,419.0,22.7,26.0
2024-01-21 23:57:11,0.0,0.0,414.0,22.8,26.0
2024-01-22 00:07:11,0.0,0.0,413.0,22.7,26.0
2024-01-22 00:17:11,0.0,0.0,419.0,22.7,26.0
2024-01-22 00:27:10,0.0,0.0,415.0,22.7,26.0
2024-01-22 00:37:10,0.0,0.0,410.0,22.8,26.0
2024-01-22 00:47:10,0.0,0.0,414.0,22.7,26.0
2024-01-22 00:57:10,0.0,0.0,419.0,22.7,26.0
2024-01-22 01:07:10,0.0,0.0,422.0,22.7,26.0
2024-01-22 01:17:10,0.0,0.0,422.0,22.8,26.0
2024-01-22 01:27:10,0.0,0.0,417.0,22.7,26.0
2024-01-22 01:37:10,0.0,0.0,409.0,22.7,26.0
2024-01-22 01:47:10,0.0,0.0,412.0,22.7,26.0
2024-01-22 01:57:10,0.0,0.0,405.0,22.7,26.0
2024-01-22 02:07:10,0.0,0.0,413.0,22.7,26.0
2024-01-22 02:17:10,0.0,0.0,418.0,22.7,27.0
2024-01-22 02:27:10,0.0,0.0,412.0,22.8,26.0
2024-01-22 02:37:10,0.0,0.0,420.0,22.7,27.0
2024-01-22 02:47:10,0.0,0.0,415.0,22.7,27.0
2024-01-22 02:57:10,0.0,0.0,411.0,22.7,27.0
2024-01-22 03:07:10,0.0,0.0,415.0,22.7,27.0
2024-01-22 03:17:10,0.0,0.0,413.0,22.7,27.0
2024-01-22 03:27:10,0.0,0.0,407.0,22.7,27.0
2024-01-22 03:37:10,0.0,0.0,419.0,22.7,27.0
2024-01-22 03:47:10,0.0,0.0,420.0,22.7,27.0
2024-01-22 03:57:10,0.0,0.0,412.0,22.7,27.0
2024-01-22 04:07:10,0.0,0.0,399.0,22.7,27.0
2024-01-22 04:17:10,0.0,0.0,429.0,22.8,27.0
2024-01-22 04:27:09,0.0,0.0,395.0,22.7,27.0
2024-01-22 04:37:09,0.0,0.0,413.0,22.7,27.0
2024-01-22 04:47:09,0.0,0.0,413.0,22.7,27.0
2024-01-22 04:57:09,0.0,0.0,402.0,22.7,27.0
2024-01-22 05:07:09,0.0,0.0,406.0,22.8,27.0
2024-01-22 05:17:09,0.0,0.0,412.0,22.7,27.0
2024-01-22 05:27:09,0.0,0.0,425.0,22.7,27.0
2024-01-22 05:37:09,0.0,0.0,412.0,22.7,27.0
2024-01-22 05:47:09,0.0,0.0,414.0,22.7,27.0
2024-01-22 05:57:09,0.0,0.0,408.0,22.7,27.0
2024-01-22 06:07:09,0.0,0.0,415.0,22.7,27.0
2024-01-22 06:17:09,0.0,0.0,413.0,22.7,27.0
2024-01-22 06:27:09,0.0,0.0,404.0,22.7,27.0
2024-01-22 06:37:09,0.0,0.0,411.0,22.7,27.0
2024-01-22 06:47:09,0.0,0.0,427.0,22.7,27.0
2024-01-22 06:57:09,0.0,26.0,404.0,22.7,27.0
2024-01-22 07:07:09,0.0,33.0,421.0,22.7,27.0
2024-01-22 07:17:09,2.0,33.0,420.0,22.7,27.0
2024-01-22 07:27:09,2.0,33.0,453.0,22.7,28.0
2024-01-22 07:37:09,1.0,40.0,451.0,22.7,28.0
2024-01-22 07:47:09,2.0,37.0,460.0,22.8,29.0
2024-01-22 07:57:09,3.0,37.0,513.0,22.7,29.0
2024-01-22 08:07:09,2.0,37.0,476.0,22.8,29.0
2024-01-22 08:17:08,1.0,37.0,499.0,22.7,29.0
2024-01-22 08:27:08,2.0,37.0,517.0,22.7,29.0
2024-01-22 08:37:08,2.0,40.0,537.0,22.7,29.0
2024-01-22 08:47:08,4.0,43.0,663.0,22.8,31.0
2024-01-22 08:57:08,0.0,40.0,615.0,22.8,31.0
2024-01-22 09:07:08,2.0,40.0,597.0,22.8,30.0
2024-01-22 09:17:08,3.0,40.0,619.0,22.8,31.0
2024-01-22 09:27:08,4.0,40.0,658.0,22.7,31.0
2024-01-22 09:37:08,0.0,40.0,636.0,22.8,31.0
2024-01-22 09:47:08,7.0,40.0,754.0,22.8,32.0
2024-01-22 09:57:08,7.0,43.0,744.0,22.8,31.0
2024-01-22 10:07:08,3.0,43.0,735.0,22.8,31.0
2024-01-22 10:17:08,2.0,43.0,901.0,22.8,33.0
2024-01-22 10:27:08,5.0,47.0,784.0,22.9,32.0
2024-01-22 10:37:08,6.0,43.0,795.0,22.8,33.0
2024-01-22 10:47:08,4.0,40.0,853.0,22.8,33.0
2024-01-22 10:57:08,7.0,43.0,842.0,22.8,33.0
2024-01-22 11:07:08,2.0,40.0,868.0,22.8,33.0
2024-01-22 11:17:08,0.0,43.0,840.0,22.8,33.0
2024-01-22 11:27:08,4.0,40.0,853.0,22.8,33.0
2024-01-22 11:37:08,0.0,40.0,816.0,22.8,33.0
2024-01-22 11:47:08,2.0,40.0,796.0,22.8,33.0
2024-01-22 11:57:08,0.0,40.0,827.0,22.8,33.0
2024-01-22 12:07:07,5.0,40.0,765.0,22.8,32.0
2024-01-22 12:17:07,3.0,40.0,780.0,22.8,32.0
2024-01-22 12:27:08,1.0,40.0,783.0,22.7,32.0
2024-01-22 12:37:07,5.0,40.0,770.0,22.8,32.0
2024-01-22 12:47:07,5.0,40.0,841.0,22.9,33.0
2024-01-22 12:57:07,4.0,40.0,851.0,22.8,33.0
2024-01-22 13:07:07,3.0,40.0,847.0,22.8,33.0
2024-01-22 13:17:07,0.0,40.0,825.0,22.8,32.0
2024-01-22 13:27:07,4.0,40.0,1057.0,22.9,33.0
2024-01-22 13:37:07,2.0,40.0,921.0,22.8,33.0
2024-01-22 13:47:07,3.0,43.0,1079.0,22.9,34.0
2024-01-22 13:57:07,4.0,43.0,985.0,22.9,34.0
2024-01-22 14:07:07,2.0,40.0,935.0,22.9,33.0
2024-01-22 14:17:07,0.0,40.0,998.0,23.0,34.0
2024-01-22 14:27:07,2.0,40.0,1063.0,23.0,34.0
2024-01-22 14:37:07,0.0,37.0,1034.0,23.0,34.0
2024-01-22 14:47:07,5.0,37.0,1036.0,22.9,34.0
2024-01-22 14:57:07,1.0,37.0,1059.0,23.0,34.0
2024-01-22 15:07:07,2.0,37.0,989.0,22.9,33.0
2024-01-22 15:17:07,4.0,37.0,998.0,22.9,33.0
2024-01-22 15:27:07,2.0,37.0,966.0,22.9,33.0
2024-01-22 15:37:07,1.0,37.0,815.0,22.8,33.0
2024-01-22 15:47:07,2.0,37.0,757.0,22.8,32.0
2024-01-22 15:57:07,3.0,30.0,846.0,22.9,32.0
2024-01-22 16:07:07,2.0,37.0,838.0,22.8,32.0
2024-01-22 16:17:06,4.0,37.0,820.0,22.9,32.0
2024-01-22 16:27:06,2.0,37.0,793.0,22.8,32.0
2024-01-22 16:37:06,1.0,37.0,840.0,22.9,32.0
2024-01-22 16:47:06,3.0,37.0,908.0,22.9,32.0
2024-01-22 16:57:06,1.0,37.0,890.0,22.9,32.0
2024-01-22 17:07:06,1.0,37.0,905.0,22.9,32.0
2024-01-22 17:17:06,0.0,37.0,893.0,22.9,32.0
2024-01-22 17:27:06,0.0,37.0,863.0,22.9,32.0
2024-01-22 17:37:06,0.0,0.0,857.0,22.9,32.0
2024-01-22 17:47:06,0.0,0.0,821.0,22.9,32.0
2024-01-22 17:57:06,0.0,0.0,792.0,22.9,32.0
2024-01-22 18:07:06,0.0,0.0,758.0,22.9,31.0
2024-01-22 18:17:06,0.0,0.0,733.0,22.9,31.0
2024-01-22 18:27:06,0.0,0.0,733.0,22.8,31.0
2024-01-22 18:37:06,0.0,0.0,713.0,22.9,31.0
2024-01-22 18:47:06,0.0,0.0,691.0,22.9,31.0
2024-01-22 18:57:06,0.0,0.0,676.0,22.9,31.0
2024-01-22 19:07:06,0.0,0.0,676.0,22.9,31.0
2024-01-22 19:17:06,0.0,0.0,674.0,22.9,31.0
2024-01-22 19:27:06,0.0,0.0,672.0,22.9,31.0
2024-01-22 19:37:06,0.0,0.0,657.0,22.9,30.0
2024-01-22 19:47:06,0.0,0.0,637.0,22.9,30.0
2024-01-22 19:57:05,0.0,0.0,632.0,22.9,30.0
2024-01-22 20:07:05,0.0,0.0,633.0,22.9,30.0
2024-01-22 20:17:05,0.0,0.0,630.0,22.9,30.0
2024-01-22 20:27:05,0.0,0.0,612.0,22.9,30.0
2024-01-22 20:37:05,0.0,0.0,622.0,22.9,30.0
2024-01-22 20:47:05,0.0,0.0,599.0,22.9,30.0
2024-01-22 20:57:05,0.0,0.0,580.0,22.9,30.0
2024-01-22 21:07:05,0.0,0.0,588.0,22.9,30.0
2024-01-22 21:17:05,0.0,0.0,574.0,22.9,30.0
2024-01-22 21:27:05,0.0,0.0,589.0,22.9,30.0
2024-01-22 21:37:05,0.0,0.0,571.0,22.9,30.0
2024-01-22 21:47:05,0.0,0.0,580.0,22.9,30.0
2024-01-22 21:57:05,0.0,0.0,579.0,22.9,30.0
2024-01-22 22:07:05,0.0,0.0,565.0,22.9,30.0
2024-01-22 22:17:05,0.0,0.0,556.0,22.9,30.0
2024-01-22 22:27:05,0.0,0.0,544.0,22.9,30.0
2024-01-22 22:37:05,0.0,0.0,536.0,22.9,30.0
2024-01-22 22:47:05,0.0,0.0,553.0,22.9,30.0
2024-01-22 22:57:05,0.0,0.0,564.0,22.9,30.0
2024-01-22 23:07:05,0.0,0.0,534.0,22.8,30.0
2024-01-22 23:17:05,0.0,0.0,559.0,22.9,30.0
2024-01-22 23:27:05,0.0,0.0,531.0,22.9,30.0
2024-01-22 23:37:05,0.0,0.0,522.0,22.9,29.0
2024-01-22 23:47:05,0.0,0.0,532.0,22.9,29.0
2024-01-22 23:57:04,0.0,0.0,525.0,22.9,29.0
2024-01-23 00:07:05,0.0,0.0,515.0,22.9,29.0
2024-01-23 00:17:04,0.0,0.0,531.0,22.9,29.0
2024-01-23 00:27:04,0.0,0.0,537.0,22.9,29.0
2024-01-23 00:37:04,0.0,0.0,509.0,22.9,29.0
2024-01-23 00:47:04,0.0,0.0,521.0,22.9,29.0
2024-01-23 00:57:04,0.0,0.0,524.0,22.9,29.0
2024-01-23 01:07:04,0.0,0.0,533.0,22.9,29.0
2024-01-23 01:17:04,0.0,0.0,512.0,22.9,29.0
2024-01-23 01:27:04,0.0,0.0,512.0,22.9,29.0
2024-01-23 01:37:04,0.0,0.0,503.0,22.8,29.0
2024-01-23 01:47:04,0.0,0.0,489.0,22.9,29.0
2024-01-23 01:57:04,0.0,0.0,487.0,22.9,29.0
2024-01-23 02:07:04,0.0,0.0,501.0,22.9,29.0
2024-01-23 02:17:04,0.0,0.0,508.0,22.9,29.0
2024-01-23 02:27:04,0.0,0.0,481.0,22.9,29.0
2024-01-23 02:37:04,0.0,0.0,474.0,22.9,29.0
2024-01-23 02:47:04,0.0,0.0,494.0,22.8,29.0
2024-01-23 02:57:04,1.0,33.0,493.0,22.9,29.0
2024-01-23 03:07:04,0.0,33.0,502.0,22.9,29.0
2024-01-23 03:17:04,0.0,0.0,483.0,22.9,29.0
2024-01-23 03:27:04,0.0,0.0,500.0,22.9,29.0
2024-01-23 03:37:04,0.0,0.0,493.0,22.9,29.0
2024-01-23 03:47:03,0.0,0.0,489.0,22.9,29.0
2024-01-23 03:57:03,0.0,26.0,511.0,22.9,29.0
2024-01-23 04:07:03,0.0,33.0,479.0,22.9,29.0
2024-01-23 04:17:03,0.0,0.0,474.0,22.9,29.0
2024-01-23 04:27:03,0.0,0.0,494.0,22.9,29.0
2024-01-23 04:37:03,0.0,0.0,480.0,22.9,29.0
2024-01-23 04:47:03,0.0,0.0,494.0,22.9,29.0
2024-01-23 04:57:03,0.0,0.0,469.0,22.9,29.0
2024-01-23 05:07:03,0.0,0.0,476.0,22.9,29.0
2024-01-23 05:17:03,0.0,0.0,479.0,22.9,29.0
2024-01-23 05:27:03,0.0,0.0,462.0,22.9,29.0
2024-01-23 05:37:03,0.0,0.0,480.0,22.9,29.0
2024-01-23 05:47:03,0.0,0.0,463.0,22.9,29.0
2024-01-23 05:57:03,0.0,0.0,460.0,22.9,29.0
2024-01-23 06:07:03,0.0,0.0,469.0,22.9,29.0
2024-01-23 06:17:03,0.0,0.0,459.0,22.9,29.0
2024-01-23 06:27:03,0.0,0.0,471.0,22.9,29.0
2024-01-23 06:37:03,0.0,0.0,471.0,22.9,29.0
2024-01-23 06:47:03,0.0,0.0,453.0,22.9,29.0
2024-01-23 06:57:03,0.0,33.0,463.0,22.9,29.0
2024-01-23 07:07:03,0.0,33.0,455.0,22.9,29.0
2024-01-23 07:17:03,0.0,33.0,461.0,22.9,29.0
2024-01-23 07:27:03,0.0,33.0,468.0,22.9,29.0
2024-01-23 07:37:02,3.0,33.0,493.0,22.9,29.0
2024-01-23 07:47:02,1.0,33.0,484.0,22.9,29.0
2024-01-23 07:57:02,2.0,37.0,503.0,22.9,30.0
2024-01-23 08:07:03,3.0,37.0,525.0,23.0,30.0
2024-01-23 08:17:02,0.0,33.0,525.0,22.9,30.0
2024-01-23 08:27:02,0.0,37.0,539.0,22.9,30.0
2024-01-23 08:37:02,0.0,37.0,533.0,22.9,30.0
2024-01-23 08:47:02,0.0,37.0,529.0,22.9,30.0
2024-01-23 08:57:02,4.0,37.0,588.0,22.9,30.0
2024-01-23 09:17:02,2.0,37.0,590.0,22.9,30.0
2024-01-23 09:27:02,0.0,37.0,606.0,22.9,31.0
2024-01-23 09:37:02,0.0,37.0,607.0,22.9,31.0
2024-01-23 09:47:02,2.0,37.0,603.0,22.9,31.0
2024-01-23 09:57:02,0.0,37.0,586.0,22.9,31.0
2024-01-23 10:07:02,0.0,37.0,589.0,22.9,31.0
2024-01-23 10:17:02,0.0,40.0,572.0,22.9,31.0
2024-01-23 10:27:02,0.0,37.0,568.0,22.9,30.0
2024-01-23 10:37:02,2.0,40.0,560.0,22.9,30.0
2024-01-23 10:47:02,2.0,40.0,557.0,22.9,30.0
2024-01-23 10:57:02,0.0,40.0,546.0,22.9,30.0
2024-01-23 11:07:02,0.0,37.0,544.0,22.9,30.0
2024-01-23 11:17:02,0.0,40.0,544.0,23.0,30.0
2024-01-23 11:27:02,1.0,43.0,646.0,23.0,31.0
2024-01-23 11:37:01,0.0,43.0,627.0,22.9,31.0
2024-01-23 11:47:01,0.0,40.0,636.0,22.9,31.0
2024-01-23 11:57:01,4.0,40.0,635.0,22.9,31.0
2024-01-23 12:07:01,2.0,37.0,631.0,23.0,31.0
2024-01-23 12:17:01,0.0,37.0,635.0,23.0,31.0
2024-01-23 12:27:01,3.0,37.0,623.0,23.0,31.0
2024-01-23 12:37:01,2.0,37.0,604.0,23.0,31.0
2024-01-23 12:47:01,0.0,37.0,621.0,23.0,31.0
2024-01-23 12:57:01,0.0,37.0,606.0,22.9,31.0
2024-01-23 13:07:01,5.0,37.0,632.0,23.0,31.0
2024-01-23 13:17:01,0.0,37.0,609.0,23.0,31.0
2024-01-23 13:27:01,4.0,37.0,662.0,23.0,31.0
2024-01-23 13:37:01,0.0,37.0,685.0,23.1,31.0
2024-01-23 13:47:01,4.0,37.0,753.0,23.0,31.0
2024-01-23 13:57:01,2.0,37.0,726.0,23.0,31.0
2024-01-23 14:07:01,1.0,37.0,744.0,22.9,31.0
2024-01-23 14:17:01,4.0,37.0,748.0,22.9,31.0
2024-01-23 14:27:01,1.0,37.0,723.0,23.0,31.0
2024-01-23 14:37:01,0.0,37.0,708.0,23.0,31.0
2024-01-23 14:47:01,1.0,37.0,697.0,23.0,31.0
2024-01-23 14:57:01,2.0,37.0,688.0,23.0,31.0
2024-01-23 15:07:01,0.0,37.0,664.0,23.0,31.0
2024-01-23 15:17:01,0.0,33.0,683.0,23.0,31.0
2024-01-23 15:27:00,2.0,33.0,675.0,23.0,31.0
2024-01-23 15:37:00,0.0,40.0,683.0,23.0,31.0
2024-01-23 15:47:00,0.0,37.0,689.0,23.0,31.0
2024-01-23 15:57:00,0.0,37.0,673.0,23.0,31.0
2024-01-23 16:07:00,0.0,37.0,680.0,23.0,31.0
2024-01-23 16:17:00,0.0,37.0,687.0,23.0,31.0
2024-01-23 16:27:00,0.0,37.0,662.0,23.0,31.0
2024-01-23 16:37:00,2.0,37.0,665.0,23.0,31.0
2024-01-23 16:47:00,0.0,37.0,662.0,23.0,31.0
2024-01-23 16:57:00,0.0,37.0,649.0,23.0,31.0
2024-01-23 17:07:00,0.0,37.0,635.0,23.0,31.0
2024-01-23 17:17:00,0.0,37.0,621.0,23.0,31.0
2024-01-23 17:27:00,0.0,37.0,598.0,23.1,30.0
2024-01-23 17:37:00,0.0,6.0,582.0,23.0,30.0
2024-01-23 17:47:00,0.0,6.0,592.0,23.0,30.0
2024-01-23 17:57:00,0.0,6.0,583.0,23.0,30.0
2024-01-23 18:07:00,0.0,6.0,556.0,23.0,30.0
2024-01-23 18:17:00,0.0,6.0,571.0,23.0,30.0
2024-01-23 18:27:00,0.0,6.0,548.0,23.0,30.0
2024-01-23 18:37:00,0.0,6.0,537.0,23.0,30.0
2024-01-23 18:47:00,0.0,6.0,539.0,23.1,30.0
2024-01-23 18:57:00,0.0,6.0,541.0,23.0,30.0
2024-01-23 19:07:00,0.0,6.0,530.0,23.0,30.0
2024-01-23 19:17:00,0.0,6.0,515.0,23.1,30.0
2024-01-23 19:26:59,0.0,6.0,535.0,23.0,30.0
2024-01-23 19:36:59,0.0,6.0,509.0,23.0,30.0
2024-01-23 19:46:59,0.0,6.0,509.0,23.0,30.0
2024-01-23 19:56:59,0.0,6.0,515.0,22.9,30.0
2024-01-23 20:06:59,0.0,6.0,494.0,23.0,30.0
2024-01-23 20:16:59,0.0,6.0,510.0,22.9,30.0
2024-01-23 20:26:59,0.0,6.0,501.0,23.0,30.0
2024-01-23 20:36:59,0.0,6.0,489.0,23.0,29.0
2024-01-23 20:46:59,0.0,6.0,480.0,23.0,29.0
2024-01-23 20:56:59,0.0,6.0,487.0,23.0,29.0
2024-01-23 21:06:59,0.0,6.0,471.0,23.1,29.0
2024-01-23 21:16:59,0.0,6.0,482.0,23.0,29.0
2024-01-23 21:26:59,0.0,6.0,471.0,23.0,29.0
2024-01-23 21:36:59,0.0,6.0,476.0,23.0,29.0
2024-01-23 21:46:59,0.0,6.0,469.0,23.0,29.0
2024-01-23 21:56:59,0.0,6.0,484.0,23.0,29.0
2024-01-23 22:06:59,0.0,6.0,477.0,23.0,29.0
2024-01-23 22:16:59,0.0,6.0,469.0,23.0,29.0
2024-01-23 22:26:59,0.0,6.0,451.0,23.0,29.0
2024-01-23 22:36:59,0.0,6.0,455.0,23.0,29.0
2024-01-23 22:46:59,0.0,6.0,465.0,23.0,29.0
2024-01-23 22:56:59,0.0,6.0,456.0,23.0,29.0
2024-01-23 23:06:59,0.0,6.0,477.0,23.0,29.0
2024-01-23 23:16:58,0.0,6.0,463.0,23.0,29.0
2024-01-23 23:26:58,0.0,6.0,463.0,23.0,29.0
2024-01-23 23:36:58,0.0,6.0,464.0,23.0,29.0
2024-01-23 23:46:58,0.0,6.0,454.0,23.0,29.0
2024-01-23 23:56:58,0.0,6.0,461.0,23.0,29.0
2024-01-24 00:06:58,0.0,6.0,451.0,23.0,29.0
2024-01-24 00:16:58,0.0,6.0,445.0,23.0,29.0
2024-01-24 00:26:58,0.0,6.0,469.0,23.0,29.0
2024-01-24 00:36:58,0.0,6.0,469.0,23.0,29.0
2024-01-24 00:46:58,0.0,6.0,474.0,23.0,29.0
2024-01-24 00:56:58,0.0,6.0,444.0,23.0,29.0
2024-01-24 01:06:58,0.0,6.0,456.0,23.0,29.0
2024-01-24 01:16:58,0.0,6.0,461.0,23.0,29.0
2024-01-24 01:26:58,0.0,6.0,460.0,23.0,29.0
2024-01-24 01:36:58,0.0,6.0,469.0,23.0,29.0
2024-01-24 01:46:58,0.0,6.0,448.0,23.0,29.0
2024-01-24 01:56:58,0.0,6.0,453.0,23.0,29.0
2024-01-24 02:06:58,0.0,6.0,446.0,23.0,29.0
2024-01-24 02:16:58,0.0,6.0,448.0,23.0,29.0
2024-01-24 02:26:58,0.0,6.0,451.0,23.0,29.0
2024-01-24 02:36:58,0.0,6.0,445.0,23.0,29.0
2024-01-24 02:46:58,0.0,6.0,452.0,23.0,29.0
2024-01-24 02:56:58,0.0,6.0,452.0,23.0,29.0
2024-01-24 03:06:57,0.0,6.0,460.0,23.0,29.0
2024-01-24 03:16:57,1.0,37.0,445.0,23.0,29.0
2024-01-24 03:26:57,0.0,37.0,445.0,23.0,29.0
2024-01-24 03:36:57,0.0,6.0,444.0,23.0,29.0
2024-01-24 03:46:57,0.0,6.0,463.0,23.0,29.0
2024-01-24 03:56:57,0.0,6.0,453.0,23.0,29.0
2024-01-24 04:06:57,0.0,6.0,445.0,23.0,29.0
2024-01-24 04:16:57,0.0,37.0,440.0,23.0,29.0
2024-01-24 04:26:57,0.0,37.0,450.0,23.0,29.0
2024-01-24 04:36:57,0.0,6.0,455.0,23.0,29.0
2024-01-24 04:46:57,0.0,6.0,455.0,23.0,29.0
2024-01-24 04:56:57,0.0,6.0,450.0,23.0,30.0
2024-01-24 05:06:57,0.0,6.0,441.0,23.0,29.0
2024-01-24 05:16:57,0.0,20.0,427.0,23.0,30.0
2024-01-24 05:26:57,0.0,37.0,454.0,23.0,30.0
2024-01-24 05:36:57,0.0,6.0,432.0,23.0,30.0
2024-01-24 05:46:57,0.0,6.0,436.0,23.0,30.0
2024-01-24 05:56:57,0.0,6.0,449.0,23.0,30.0
2024-01-24 06:06:57,0.0,6.0,436.0,23.0,30.0
2024-01-24 06:16:57,0.0,6.0,443.0,23.0,30.0
2024-01-24 06:27:01,1.0,37.0,451.0,23.0,30.0
2024-01-24 06:36:57,2.0,40.0,485.0,23.1,31.0
2024-01-24 06:46:57,4.0,10.0,496.0,23.1,31.0
2024-01-24 06:56:57,2.0,37.0,535.0,23.0,31.0
2024-01-24 07:06:56,10.0,37.0,517.0,23.2,31.0
2024-01-24 07:16:56,3.0,37.0,538.0,23.1,31.0
2024-01-24 07:26:56,10.0,37.0,571.0,23.1,31.0
2024-01-24 07:36:56,2.0,37.0,571.0,23.1,32.0
2024-01-24 07:46:56,4.0,33.0,532.0,23.1,31.0
2024-01-24 07:56:56,6.0,33.0,541.0,23.1,32.0
2024-01-24 08:06:56,1.0,33.0,557.0,23.1,31.0
2024-01-24 08:16:56,2.0,33.0,566.0,23.1,31.0
2024-01-24 08:26:56,0.0,33.0,596.0,23.1,32.0
2024-01-24 08:36:56,5.0,33.0,625.0,23.1,32.0
2024-01-24 08:46:56,0.0,37.0,657.0,23.1,32.0
2024-01-24 08:56:56,2.0,33.0,653.0,23.1,33.0
2024-01-24 09:06:56,6.0,37.0,726.0,23.1,33.0
2024-01-24 09:16:56,5.0,37.0,741.0,23.0,33.0
2024-01-24 09:26:56,8.0,40.0,776.0,23.1,34.0
2024-01-24 09:36:56,4.0,40.0,837.0,23.1,34.0
2024-01-24 09:46:56,1.0,40.0,821.0,23.1,33.0
2024-01-24 09:56:56,3.0,40.0,788.0,23.0,33.0
2024-01-24 10:06:56,5.0,40.0,826.0,23.0,34.0
2024-01-24 10:16:56,1.0,43.0,776.0,23.1,34.0
2024-01-24 10:26:56,7.0,43.0,830.0,23.0,34.0
2024-01-24 10:36:56,3.0,40.0,782.0,23.0,34.0
2024-01-24 10:46:56,5.0,40.0,843.0,23.0,34.0
2024-01-24 10:56:55,10.0,43.0,835.0,23.0,34.0
2024-01-24 11:06:55,4.0,40.0,821.0,23.0,34.0
2024-01-24 11:16:55,0.0,40.0,795.0,23.0,34.0
2024-01-24 11:26:55,1.0,40.0,790.0,23.0,34.0
2024-01-24 11:36:55,1.0,37.0,771.0,23.0,33.0
2024-01-24 11:46:55,4.0,37.0,786.0,23.0,34.0
2024-01-24 11:56:55,2.0,40.0,764.0,23.0,34.0
2024-01-24 12:06:55,4.0,40.0,732.0,23.0,34.0
2024-01-24 12:16:55,8.0,40.0,756.0,23.0,34.0
2024-01-24 12:26:55,2.0,40.0,741.0,23.0,34.0
2024-01-24 12:36:55,3.0,40.0,752.0,23.0,34.0
2024-01-24 12:46:55,2.0,40.0,757.0,23.0,34.0
2024-01-24 12:56:55,1.0,37.0,789.0,23.0,34.0
2024-01-24 13:06:55,9.0,40.0,829.0,23.0,34.0
2024-01-24 13:16:55,2.0,40.0,859.0,23.1,34.0
2024-01-24 13:26:55,2.0,43.0,863.0,23.1,34.0
2024-01-24 13:36:55,5.0,43.0,931.0,23.1,34.0
2024-01-24 13:46:55,3.0,40.0,929.0,23.1,34.0
2024-01-24 13:56:55,7.0,37.0,695.0,23.0,34.0
2024-01-24 14:06:55,1.0,37.0,697.0,23.0,34.0
2024-01-24 14:16:55,1.0,37.0,689.0,23.0,34.0
2024-01-24 14:26:55,3.0,37.0,726.0,23.1,34.0
2024-01-24 14:36:55,2.0,37.0,739.0,23.1,34.0
2024-01-24 14:46:54,3.0,37.0,777.0,23.0,34.0
2024-01-24 14:56:54,1.0,37.0,885.0,23.1,35.0
2024-01-24 15:06:54,3.0,37.0,840.0,23.1,34.0
2024-01-24 15:16:54,4.0,37.0,903.0,23.1,35.0
2024-01-24 15:26:54,1.0,37.0,821.0,23.1,34.0
2024-01-24 15:36:54,3.0,37.0,911.0,23.1,35.0
2024-01-24 15:46:54,7.0,37.0,831.0,23.1,34.0
2024-01-24 15:56:54,0.0,37.0,823.0,23.0,34.0
2024-01-24 16:06:54,0.0,37.0,811.0,23.1,34.0
2024-01-24 16:16:54,1.0,37.0,796.0,23.1,34.0
2024-01-24 16:26:54,3.0,37.0,760.0,23.1,34.0
2024-01-24 16:36:54,2.0,33.0,763.0,23.1,34.0
2024-01-24 16:46:54,1.0,33.0,766.0,23.2,34.0
2024-01-24 16:56:54,0.0,33.0,751.0,23.1,33.0
2024-01-24 17:06:54,0.0,33.0,731.0,23.1,33.0
2024-01-24 17:16:54,0.0,33.0,710.0,23.1,33.0
2024-01-24 17:26:54,0.0,33.0,690.0,23.1,33.0
2024-01-24 17:36:54,0.0,0.0,689.0,23.2,33.0
2024-01-24 17:46:54,0.0,0.0,678.0,23.1,33.0
2024-01-24 17:56:54,0.0,0.0,655.0,23.1,33.0
2024-01-24 18:06:54,0.0,0.0,651.0,23.1,33.0
2024-01-24 18:16:54,0.0,0.0,650.0,23.1,33.0
2024-01-24 18:26:54,0.0,0.0,625.0,23.1,33.0
2024-01-24 18:36:54,0.0,0.0,627.0,23.1,32.0
2024-01-24 18:46:54,0.0,0.0,598.0,23.1,32.0
2024-01-24 18:56:53,0.0,0.0,609.0,23.1,32.0
2024-01-24 19:06:53,1.0,30.0,600.0,23.1,32.0
2024-01-24 19:16:53,0.0,37.0,606.0,23.1,32.0
2024-01-24 19:26:53,0.0,3.0,589.0,23.1,32.0
2024-01-24 19:36:53,0.0,3.0,596.0,23.1,32.0
2024-01-24 19:46:53,1.0,0.0,582.0,23.0,32.0
2024-01-24 19:56:53,0.0,0.0,590.0,23.1,32.0
2024-01-24 20:06:53,0.0,0.0,573.0,23.1,32.0
2024-01-24 20:16:53,0.0,0.0,560.0,23.1,32.0
2024-01-24 20:26:53,0.0,0.0,575.0,23.1,32.0
2024-01-24 20:36:53,0.0,0.0,538.0,23.1,32.0
2024-01-24 20:46:53,0.0,0.0,555.0,23.1,32.0
2024-01-24 20:56:53,0.0,0.0,540.0,23.1,32.0
2024-01-24 21:06:53,0.0,0.0,534.0,23.1,32.0
2024-01-24 21:16:53,0.0,0.0,531.0,23.1,32.0
2024-01-24 21:26:53,0.0,0.0,524.0,23.1,32.0
2024-01-24 21:36:53,0.0,0.0,536.0,23.1,32.0
2024-01-24 21:46:53,0.0,0.0,499.0,23.1,32.0
2024-01-24 21:56:53,0.0,0.0,538.0,23.1,32.0
2024-01-24 22:06:53,0.0,0.0,504.0,23.1,32.0
2024-01-24 22:16:53,0.0,0.0,513.0,23.1,32.0
2024-01-24 22:26:53,0.0,0.0,513.0,23.1,31.0
2024-01-24 22:36:52,0.0,0.0,503.0,23.1,31.0
2024-01-24 22:46:52,0.0,0.0,497.0,23.1,31.0
2024-01-24 22:56:52,0.0,0.0,512.0,23.1,31.0
2024-01-24 23:06:52,0.0,0.0,503.0,23.1,31.0
2024-01-24 23:16:52,0.0,0.0,500.0,23.1,31.0
2024-01-24 23:26:52,0.0,0.0,491.0,23.0,31.0
2024-01-24 23:36:52,0.0,0.0,480.0,23.1,31.0
2024-01-24 23:46:52,0.0,0.0,490.0,23.1,31.0
2024-01-24 23:56:52,0.0,0.0,492.0,23.1,31.0
2024-01-25 00:06:52,0.0,0.0,488.0,23.1,31.0
2024-01-25 00:16:52,0.0,0.0,492.0,23.1,31.0
2024-01-25 00:26:52,0.0,0.0,475.0,23.1,31.0
2024-01-25 00:36:52,1.0,0.0,480.0,23.1,31.0
2024-01-25 00:46:52,0.0,0.0,499.0,23.1,31.0
2024-01-25 00:56:52,0.0,0.0,494.0,23.1,31.0
2024-01-25 01:06:52,0.0,0.0,471.0,23.1,31.0
2024-01-25 01:16:52,0.0,0.0,482.0,23.1,31.0
2024-01-25 01:26:52,0.0,0.0,463.0,23.1,31.0
2024-01-25 01:36:52,0.0,0.0,473.0,23.1,31.0
2024-01-25 01:46:52,0.0,0.0,487.0,23.1,31.0
2024-01-25 01:56:52,0.0,0.0,479.0,23.1,31.0
2024-01-25 02:06:52,0.0,0.0,464.0,23.1,31.0
2024-01-25 02:16:52,0.0,0.0,478.0,23.1,31.0
2024-01-25 02:26:51,0.0,0.0,475.0,23.1,31.0
2024-01-25 02:36:51,0.0,0.0,458.0,23.1,31.0
2024-01-25 02:46:52,0.0,0.0,472.0,23.1,31.0
2024-01-25 02:56:51,0.0,0.0,472.0,23.1,31.0
2024-01-25 03:06:51,0.0,0.0,463.0,23.1,31.0
2024-01-25 03:16:51,3.0,30.0,474.0,23.0,31.0
2024-01-25 03:26:51,1.0,33.0,462.0,23.1,31.0
2024-01-25 03:36:51,0.0,0.0,476.0,23.1,31.0
2024-01-25 03:46:51,0.0,0.0,472.0,23.1,31.0
2024-01-25 03:56:51,0.0,0.0,463.0,23.1,31.0
2024-01-25 04:06:51,0.0,0.0,474.0,23.1,31.0
2024-01-25 04:16:51,0.0,30.0,467.0,23.0,31.0
2024-01-25 04:26:51,0.0,33.0,464.0,23.1,31.0
2024-01-25 04:36:51,0.0,0.0,460.0,23.1,31.0
2024-01-25 04:46:51,0.0,0.0,453.0,23.1,31.0
2024-01-25 04:56:51,0.0,0.0,459.0,23.1,31.0
2024-01-25 05:06:51,0.0,0.0,460.0,23.1,31.0
2024-01-25 05:16:51,0.0,0.0,468.0,23.1,31.0
2024-01-25 05:26:51,0.0,0.0,458.0,23.1,31.0
2024-01-25 05:36:51,0.0,0.0,463.0,23.1,30.0
2024-01-25 05:46:51,0.0,0.0,465.0,23.1,31.0
2024-01-25 05:56:51,0.0,0.0,471.0,23.1,30.0
2024-01-25 06:06:51,0.0,0.0,461.0,23.1,30.0
2024-01-25 06:16:51,0.0,0.0,451.0,23.1,30.0
2024-01-25 06:26:50,0.0,0.0,440.0,23.1,30.0
2024-01-25 06:36:50,0.0,0.0,457.0,23.1,30.0
2024-01-25 06:46:50,0.0,0.0,460.0,23.1,30.0
2024-01-25 06:56:50,1.0,33.0,459.0,23.1,30.0
2024-01-25 07:06:50,0.0,33.0,458.0,23.1,30.0
2024-01-25 07:16:50,0.0,33.0,454.0,23.1,30.0
2024-01-25 07:26:50,0.0,33.0,463.0,23.1,30.0
2024-01-25 07:36:50,0.0,33.0,471.0,23.1,30.0
2024-01-25 07:46:50,1.0,37.0,459.0,23.1,30.0
2024-01-25 07:56:50,5.0,40.0,503.0,23.1,31.0
2024-01-25 08:06:50,0.0,40.0,526.0,23.1,31.0
2024-01-25 08:16:50,4.0,40.0,578.0,23.1,32.0
2024-01-25 08:26:50,0.0,40.0,593.0,23.2,32.0
2024-01-25 08:36:50,2.0,43.0,583.0,23.2,32.0
2024-01-25 08:46:50,1.0,43.0,621.0,23.2,32.0
2024-01-25 08:56:50,1.0,43.0,599.0,23.2,32.0
2024-01-25 09:06:50,0.0,43.0,658.0,23.1,32.0
2024-01-25 09:16:50,7.0,43.0,768.0,23.2,34.0
2024-01-25 09:26:50,7.0,43.0,755.0,23.1,35.0
2024-01-25 09:36:50,1.0,40.0,749.0,23.1,34.0
2024-01-25 09:46:50,1.0,43.0,848.0,23.1,34.0
2024-01-25 09:56:50,1.0,43.0,839.0,23.2,34.0
2024-01-25 10:06:50,3.0,43.0,773.0,23.1,34.0
2024-01-25 10:16:50,5.0,43.0,735.0,23.1,34.0
2024-01-25 10:26:49,0.0,43.0,711.0,23.2,34.0
2024-01-25 10:36:49,1.0,47.0,749.0,23.1,34.0
2024-01-25 10:46:50,4.0,43.0,717.0,23.1,33.0
2024-01-25 10:56:49,0.0,47.0,725.0,23.1,34.0
2024-01-25 11:06:49,1.0,47.0,745.0,23.1,34.0
2024-01-25 11:16:49,5.0,43.0,743.0,23.1,34.0
2024-01-25 11:26:49,0.0,43.0,738.0,23.1,33.0
2024-01-25 11:36:49,0.0,43.0,721.0,23.2,33.0
2024-01-25 11:46:49,2.0,43.0,741.0,23.1,33.0
2024-01-25 11:56:49,2.0,47.0,678.0,23.1,33.0
2024-01-25 12:06:49,3.0,43.0,737.0,23.2,33.0
2024-01-25 12:16:49,3.0,43.0,713.0,23.2,33.0
2024-01-25 12:26:49,1.0,40.0,700.0,23.2,33.0
2024-01-25 12:36:49,0.0,40.0,717.0,23.2,33.0
2024-01-25 12:46:49,0.0,40.0,703.0,23.1,33.0
2024-01-25 12:56:49,3.0,40.0,687.0,23.1,33.0
2024-01-25 13:06:49,5.0,40.0,695.0,23.2,33.0
2024-01-25 13:16:49,2.0,43.0,746.0,23.1,33.0
2024-01-25 13:26:49,3.0,43.0,776.0,23.2,33.0
2024-01-25 13:36:49,3.0,43.0,777.0,23.1,33.0
2024-01-25 13:46:49,0.0,37.0,762.0,23.1,33.0
2024-01-25 13:56:49,5.0,37.0,783.0,23.1,33.0
2024-01-25 14:06:49,1.0,37.0,726.0,23.1,32.0
2024-01-25 14:16:48,0.0,37.0,639.0,23.0,31.0
2024-01-25 14:26:48,0.0,37.0,592.0,23.0,31.0
2024-01-25 14:36:48,0.0,37.0,586.0,23.0,31.0
2024-01-25 14:46:48,2.0,33.0,641.0,23.0,31.0
2024-01-25 14:56:48,4.0,37.0,629.0,23.0,31.0
2024-01-25 15:06:48,2.0,33.0,575.0,23.0,30.0
2024-01-25 15:16:48,0.0,33.0,582.0,23.0,30.0
2024-01-25 15:26:48,0.0,33.0,562.0,23.0,30.0
2024-01-25 15:36:48,0.0,33.0,554.0,23.1,30.0
2024-01-25 15:46:48,2.0,33.0,560.0,23.0,30.0
2024-01-25 15:56:48,0.0,33.0,556.0,23.0,30.0
2024-01-25 16:06:48,0.0,33.0,557.0,23.0,30.0
2024-01-25 16:16:48,0.0,33.0,555.0,23.0,30.0
2024-01-25 16:26:48,0.0,33.0,525.0,23.0,30.0
2024-01-25 16:36:48,0.0,33.0,518.0,23.1,30.0
2024-01-25 16:46:48,0.0,33.0,520.0,23.1,30.0
2024-01-25 16:56:48,0.0,33.0,507.0,23.0,30.0
2024-01-25 17:06:48,0.0,33.0,498.0,23.1,30.0
2024-01-25 17:16:48,0.0,33.0,490.0,23.0,30.0
2024-01-25 17:26:48,0.0,33.0,492.0,23.1,30.0
2024-01-25 17:36:48,0.0,0.0,478.0,23.1,30.0
2024-01-25 17:46:48,0.0,0.0,483.0,23.0,30.0
2024-01-25 17:56:48,0.0,0.0,477.0,23.0,30.0
2024-01-25 18:06:47,0.0,0.0,474.0,23.1,30.0
2024-01-25 18:16:47,0.0,0.0,478.0,23.0,30.0
2024-01-25 18:26:47,0.0,0.0,451.0,23.1,30.0
2024-01-25 18:36:47,0.0,0.0,479.0,23.0,30.0
2024-01-25 18:46:47,0.0,0.0,476.0,23.0,30.0
2024-01-25 18:56:47,0.0,0.0,454.0,23.0,30.0
2024-01-25 19:06:47,0.0,0.0,453.0,23.0,30.0
2024-01-25 19:16:47,0.0,0.0,464.0,23.0,30.0
2024-01-25 19:26:47,0.0,0.0,455.0,23.0,30.0
2024-01-25 19:36:47,0.0,0.0,446.0,23.0,29.0
2024-01-25 19:46:47,0.0,0.0,466.0,23.0,30.0
2024-01-25 19:56:47,0.0,0.0,449.0,22.9,30.0
2024-01-25 20:06:47,0.0,0.0,463.0,23.0,29.0
2024-01-25 20:16:47,0.0,0.0,458.0,23.0,29.0
2024-01-25 20:26:47,0.0,0.0,452.0,23.0,29.0
2024-01-25 20:36:47,0.0,0.0,453.0,22.9,29.0
2024-01-25 20:46:47,0.0,0.0,454.0,23.0,29.0
2024-01-25 20:56:47,0.0,0.0,440.0,22.9,29.0
2024-01-25 21:06:47,0.0,0.0,443.0,22.9,29.0
2024-01-25 21:16:47,0.0,0.0,463.0,23.0,29.0
2024-01-25 21:26:47,0.0,0.0,439.0,22.9,29.0
2024-01-25 21:36:47,0.0,0.0,433.0,22.9,29.0
2024-01-25 21:46:47,0.0,0.0,447.0,22.9,29.0
2024-01-25 21:56:47,0.0,0.0,453.0,22.9,29.0
2024-01-25 22:06:46,0.0,0.0,432.0,22.9,29.0
2024-01-25 22:16:46,0.0,0.0,452.0,22.9,29.0
2024-01-25 22:26:46,0.0,0.0,445.0,22.9,29.0
2024-01-25 22:36:46,0.0,0.0,449.0,22.9,29.0
2024-01-25 22:46:46,0.0,0.0,434.0,22.9,29.0
2024-01-25 22:56:46,0.0,0.0,448.0,22.9,29.0
2024-01-25 23:06:46,0.0,0.0,444.0,22.9,29.0
2024-01-25 23:16:46,0.0,0.0,441.0,22.9,29.0
2024-01-25 23:26:46,0.0,0.0,440.0,22.9,29.0
2024-01-25 23:36:46,0.0,0.0,444.0,22.9,29.0
2024-01-25 23:46:46,0.0,0.0,435.0,22.9,29.0
2024-01-25 23:56:46,0.0,0.0,436.0,22.9,29.0
2024-01-26 00:06:46,0.0,0.0,437.0,22.8,29.0
2024-01-26 00:16:46,0.0,0.0,433.0,22.9,29.0
2024-01-26 00:26:46,0.0,0.0,437.0,22.9,29.0
2024-01-26 00:36:46,0.0,0.0,440.0,22.9,29.0
2024-01-26 00:46:46,0.0,0.0,450.0,22.9,29.0
2024-01-26 00:56:46,0.0,0.0,424.0,22.9,29.0
2024-01-26 01:06:46,0.0,0.0,437.0,22.8,29.0
2024-01-26 01:16:46,0.0,0.0,441.0,22.9,29.0
2024-01-26 01:26:46,0.0,0.0,439.0,22.8,29.0
2024-01-26 01:36:46,0.0,0.0,429.0,22.9,29.0
2024-01-26 01:46:46,0.0,0.0,436.0,22.9,29.0
2024-01-26 01:56:45,0.0,0.0,444.0,22.9,29.0
2024-01-26 02:06:45,0.0,0.0,447.0,22.8,29.0
2024-01-26 02:16:45,0.0,0.0,426.0,22.8,29.0
2024-01-26 02:26:45,0.0,0.0,436.0,22.9,29.0
2024-01-26 02:36:45,0.0,0.0,434.0,22.8,29.0
2024-01-26 02:46:45,0.0,0.0,415.0,22.8,29.0
2024-01-26 02:56:45,0.0,0.0,435.0,22.8,29.0
2024-01-26 03:06:45,0.0,0.0,429.0,22.8,29.0
2024-01-26 03:16:45,0.0,33.0,437.0,22.8,29.0
2024-01-26 03:26:45,0.0,33.0,427.0,22.8,29.0
2024-01-26 03:36:45,0.0,0.0,436.0,22.8,29.0
2024-01-26 03:46:45,0.0,0.0,431.0,22.9,29.0
2024-01-26 03:56:45,0.0,0.0,427.0,22.8,29.0
2024-01-26 04:06:45,0.0,0.0,443.0,22.8,29.0
2024-01-26 04:16:45,0.0,0.0,423.0,22.8,29.0
2024-01-26 04:26:45,1.0,33.0,441.0,22.8,29.0
2024-01-26 04:36:45,0.0,33.0,415.0,22.8,29.0
2024-01-26 04:46:45,0.0,0.0,436.0,22.8,29.0
2024-01-26 04:56:45,0.0,0.0,439.0,22.8,29.0
2024-01-26 05:06:45,0.0,0.0,427.0,22.8,29.0
2024-01-26 05:16:45,0.0,0.0,425.0,22.8,29.0
2024-01-26 05:26:45,0.0,0.0,430.0,22.8,29.0
2024-01-26 05:36:45,0.0,0.0,423.0,22.8,29.0
2024-01-26 05:46:45,0.0,0.0,435.0,22.8,29.0
2024-01-26 05:56:44,0.0,0.0,425.0,22.8,29.0
2024-01-26 06:06:44,0.0,0.0,420.0,22.8,29.0
2024-01-26 06:16:44,0.0,0.0,423.0,22.8,29.0
2024-01-26 06:26:44,0.0,0.0,430.0,22.8,29.0
2024-01-26 06:36:44,0.0,0.0,429.0,22.8,29.0
2024-01-26 06:46:44,2.0,33.0,425.0,22.8,29.0
2024-01-26 06:56:44,0.0,33.0,415.0,22.8,29.0
2024-01-26 07:06:44,0.0,33.0,439.0,22.8,29.0
2024-01-26 07:16:44,0.0,33.0,423.0,22.8,29.0
2024-01-26 07:26:44,0.0,33.0,420.0,22.8,29.0
2024-01-26 07:36:44,0.0,33.0,430.0,22.8,29.0
2024-01-26 07:46:44,2.0,33.0,425.0,22.8,29.0
2024-01-26 07:56:44,4.0,37.0,441.0,22.8,29.0
2024-01-26 08:06:45,1.0,37.0,486.0,22.7,30.0
2024-01-26 08:16:44,2.0,37.0,516.0,22.7,30.0
2024-01-26 08:26:44,2.0,37.0,530.0,22.8,30.0
2024-01-26 08:36:44,3.0,37.0,533.0,22.8,30.0
2024-01-26 08:46:44,5.0,37.0,555.0,22.8,31.0
2024-01-26 08:56:44,3.0,37.0,602.0,22.8,31.0
2024-01-26 09:06:44,7.0,40.0,629.0,22.8,31.0
2024-01-26 09:16:44,4.0,40.0,585.0,22.8,31.0
2024-01-26 09:26:44,1.0,40.0,608.0,22.8,31.0
2024-01-26 09:36:44,3.0,40.0,630.0,22.7,32.0
2024-01-26 09:46:43,4.0,40.0,603.0,22.8,31.0
2024-01-26 09:56:43,4.0,43.0,701.0,22.8,32.0
2024-01-26 10:06:43,2.0,40.0,648.0,22.8,31.0
2024-01-26 10:16:43,2.0,40.0,650.0,22.7,31.0
2024-01-26 10:26:43,5.0,40.0,695.0,22.7,32.0
2024-01-26 10:36:43,0.0,40.0,738.0,22.7,32.0
2024-01-26 10:46:43,0.0,40.0,684.0,22.7,32.0
2024-01-26 10:56:43,3.0,40.0,748.0,22.7,32.0
2024-01-26 11:06:43,2.0,40.0,670.0,22.7,32.0
2024-01-26 11:16:43,3.0,40.0,667.0,22.7,32.0
2024-01-26 11:26:43,6.0,43.0,725.0,22.7,32.0
2024-01-26 11:36:43,1.0,43.0,696.0,22.7,32.0
2024-01-26 11:46:43,1.0,43.0,709.0,22.7,32.0
2024-01-26 11:56:43,5.0,43.0,727.0,22.7,33.0
2024-01-26 12:06:43,4.0,43.0,771.0,22.8,33.0
2024-01-26 12:16:43,5.0,43.0,834.0,22.8,33.0
2024-01-26 12:26:43,0.0,43.0,892.0,22.7,34.0
2024-01-26 12:36:43,2.0,43.0,826.0,22.8,33.0
2024-01-26 12:46:43,3.0,40.0,958.0,22.8,34.0
2024-01-26 12:56:43,10.0,43.0,882.0,22.8,33.0
2024-01-26 13:06:43,2.0,47.0,970.0,22.8,34.0
2024-01-26 13:16:43,0.0,43.0,916.0,22.8,34.0
2024-01-26 13:26:43,5.0,43.0,980.0,22.8,34.0
2024-01-26 13:36:42,3.0,47.0,999.0,22.8,34.0
2024-01-26 13:46:42,6.0,43.0,963.0,22.8,34.0
2024-01-26 13:56:42,1.0,43.0,888.0,22.8,34.0
2024-01-26 14:06:43,4.0,43.0,910.0,22.8,34.0
2024-01-26 14:16:42,0.0,43.0,934.0,22.8,34.0
2024-01-26 14:26:42,0.0,43.0,962.0,22.7,34.0
2024-01-26 14:36:42,15.0,37.0,1025.0,22.9,34.0
2024-01-26 14:46:42,4.0,40.0,1017.0,22.8,35.0
2024-01-26 14:56:42,2.0,40.0,995.0,22.8,35.0
2024-01-26 15:06:42,3.0,40.0,972.0,22.8,34.0
2024-01-26 15:16:42,0.0,40.0,824.0,22.8,34.0
2024-01-26 15:26:42,0.0,40.0,905.0,22.8,34.0
2024-01-26 15:36:42,0.0,40.0,897.0,22.8,34.0
2024-01-26 15:46:42,0.0,40.0,850.0,22.8,34.0
2024-01-26 15:56:42,0.0,40.0,798.0,22.8,34.0
2024-01-26 16:06:42,0.0,40.0,791.0,22.8,34.0
2024-01-26 16:16:42,0.0,40.0,800.0,22.9,34.0
2024-01-26 16:26:42,0.0,40.0,742.0,22.9,33.0
2024-01-26 16:36:42,1.0,40.0,727.0,22.8,33.0
2024-01-26 16:46:42,0.0,40.0,716.0,22.9,33.0
2024-01-26 16:56:42,0.0,40.0,725.0,22.9,33.0
2024-01-26 17:06:42,0.0,40.0,678.0,22.9,33.0
2024-01-26 17:16:42,0.0,40.0,673.0,22.9,33.0
2024-01-26 17:26:42,0.0,40.0,655.0,22.9,33.0
2024-01-26 17:36:41,0.0,6.0,649.0,22.9,32.0
2024-01-26 17:46:41,0.0,6.0,641.0,22.9,32.0
2024-01-26 17:56:41,0.0,6.0,634.0,22.9,32.0
2024-01-26 18:06:41,0.0,6.0,628.0,22.9,32.0
2024-01-26 18:16:41,1.0,6.0,615.0,22.9,32.0
2024-01-26 18:26:41,1.0,6.0,621.0,22.8,32.0
2024-01-26 18:36:41,0.0,6.0,604.0,22.9,32.0
2024-01-26 18:46:41,0.0,6.0,588.0,22.9,32.0
2024-01-26 18:56:41,0.0,6.0,588.0,22.9,32.0
2024-01-26 19:06:41,0.0,6.0,591.0,22.9,32.0
2024-01-26 19:16:41,0.0,6.0,587.0,22.9,32.0
2024-01-26 19:26:41,0.0,6.0,581.0,22.8,32.0
2024-01-26 19:36:41,0.0,6.0,588.0,22.8,32.0
2024-01-26 19:46:41,0.0,6.0,575.0,22.8,31.0
2024-01-26 19:56:41,0.0,6.0,558.0,22.9,31.0
2024-01-26 20:06:41,0.0,6.0,550.0,22.8,31.0
2024-01-26 20:16:41,0.0,6.0,576.0,22.9,31.0
2024-01-26 20:26:41,0.0,6.0,550.0,22.9,31.0
2024-01-26 20:36:42,0.0,6.0,570.0,22.9,31.0
2024-01-26 20:46:41,0.0,6.0,549.0,22.8,31.0
2024-01-26 20:56:41,0.0,6.0,561.0,22.9,31.0
2024-01-26 21:06:41,0.0,6.0,550.0,22.8,31.0
2024-01-26 21:16:41,0.0,6.0,542.0,22.8,31.0
2024-01-26 21:26:41,0.0,6.0,543.0,22.9,31.0
2024-01-26 21:36:40,0.0,6.0,544.0,22.8,31.0
2024-01-26 21:46:40,0.0,6.0,529.0,22.9,31.0
2024-01-26 21:56:40,0.0,6.0,533.0,22.9,31.0
2024-01-26 22:06:40,0.0,6.0,531.0,22.9,31.0
2024-01-26 22:16:40,0.0,6.0,520.0,22.9,31.0
2024-01-26 22:26:40,0.0,6.0,513.0,22.9,31.0
2024-01-26 22:36:40,0.0,6.0,518.0,22.9,31.0
2024-01-26 22:46:40,0.0,6.0,514.0,22.8,31.0
2024-01-26 22:56:40,0.0,6.0,506.0,22.9,31.0
2024-01-26 23:06:40,0.0,6.0,510.0,22.8,30.0
2024-01-26 23:16:40,0.0,6.0,520.0,22.9,31.0
2024-01-26 23:26:40,0.0,6.0,522.0,22.8,30.0
2024-01-26 23:36:40,0.0,6.0,510.0,22.9,30.0
2024-01-26 23:46:40,0.0,6.0,518.0,22.9,30.0
2024-01-26 23:56:40,2.0,0.0,501.0,22.8,30.0
2024-01-27 00:06:40,0.0,0.0,532.0,22.9,30.0
2024-01-27 00:16:40,0.0,0.0,529.0,22.9,30.0
2024-01-27 00:26:40,0.0,0.0,507.0,22.9,30.0
2024-01-27 00:36:40,0.0,0.0,500.0,22.9,30.0
2024-01-27 00:46:40,0.0,0.0,501.0,22.8,30.0
2024-01-27 00:56:40,0.0,0.0,511.0,22.8,30.0
2024-01-27 01:06:40,0.0,0.0,487.0,22.9,30.0
2024-01-27 01:16:40,0.0,0.0,476.0,22.9,30.0
2024-01-27 01:26:39,0.0,0.0,475.0,22.8,30.0
2024-01-27 01:36:39,0.0,0.0,496.0,22.9,30.0
2024-01-27 01:46:39,0.0,0.0,476.0,22.9,30.0
2024-01-27 01:56:39,0.0,0.0,469.0,22.8,30.0
2024-01-27 02:06:39,0.0,0.0,487.0,22.8,30.0
2024-01-27 02:16:39,0.0,0.0,486.0,22.9,30.0
2024-01-27 02:26:39,0.0,0.0,463.0,22.8,30.0
2024-01-27 02:36:39,0.0,0.0,479.0,22.9,30.0
2024-01-27 02:46:39,0.0,0.0,471.0,22.8,30.0
2024-01-27 02:56:39,0.0,0.0,464.0,22.9,30.0
2024-01-27 03:06:39,0.0,0.0,479.0,22.9,30.0
2024-01-27 03:16:39,0.0,0.0,473.0,22.8,30.0
2024-01-27 03:26:39,0.0,0.0,461.0,22.8,30.0
2024-01-27 03:36:39,0.0,0.0,464.0,22.9,30.0
2024-01-27 03:46:39,0.0,0.0,466.0,22.8,30.0
2024-01-27 03:56:39,0.0,0.0,467.0,22.9,30.0
2024-01-27 04:06:39,0.0,0.0,470.0,22.8,30.0
2024-01-27 04:16:39,0.0,0.0,470.0,22.8,30.0
2024-01-27 04:26:39,0.0,0.0,460.0,22.8,30.0
2024-01-27 04:36:39,0.0,0.0,464.0,22.8,30.0
2024-01-27 04:46:39,0.0,0.0,468.0,22.8,30.0
2024-01-27 04:56:39,0.0,0.0,463.0,22.8,30.0
2024-01-27 05:06:39,0.0,0.0,465.0,22.8,30.0
2024-01-27 05:16:38,0.0,0.0,469.0,22.9,30.0
2024-01-27 05:26:39,0.0,0.0,467.0,22.8,29.0
2024-01-27 05:36:38,0.0,0.0,459.0,22.8,30.0
2024-01-27 05:46:38,0.0,0.0,466.0,22.8,30.0
2024-01-27 05:56:38,0.0,0.0,461.0,22.9,29.0
2024-01-27 06:06:38,0.0,0.0,472.0,22.9,30.0
2024-01-27 06:16:38,1.0,33.0,462.0,22.8,30.0
2024-01-27 06:26:38,0.0,33.0,457.0,22.8,30.0
2024-01-27 06:36:38,0.0,0.0,462.0,22.9,30.0
2024-01-27 06:46:38,0.0,0.0,459.0,22.9,30.0
2024-01-27 06:56:38,0.0,0.0,467.0,22.9,30.0
2024-01-27 07:06:38,0.0,0.0,457.0,22.9,30.0
2024-01-27 07:16:38,0.0,0.0,460.0,22.9,29.0
2024-01-27 07:26:38,0.0,3.0,463.0,22.8,29.0
2024-01-27 07:36:38,0.0,3.0,455.0,22.9,29.0
2024-01-27 07:46:38,0.0,3.0,454.0,22.8,30.0
2024-01-27 07:56:38,0.0,3.0,462.0,22.8,29.0
2024-01-27 08:06:38,0.0,3.0,451.0,22.8,30.0
2024-01-27 08:16:38,0.0,3.0,460.0,22.8,29.0
2024-01-27 08:26:38,0.0,3.0,461.0,22.8,30.0
2024-01-27 08:36:38,0.0,3.0,455.0,22.9,30.0
2024-01-27 08:46:38,0.0,3.0,464.0,22.9,30.0
2024-01-27 08:56:38,0.0,3.0,456.0,22.9,30.0
2024-01-27 09:06:38,0.0,3.0,467.0,22.9,30.0
2024-01-27 09:16:37,0.0,3.0,469.0,22.9,30.0
2024-01-27 09:26:37,0.0,3.0,467.0,22.9,30.0
2024-01-27 09:36:37,0.0,3.0,467.0,22.9,30.0
2024-01-27 09:46:38,0.0,3.0,456.0,22.8,30.0
2024-01-27 09:56:37,0.0,3.0,454.0,22.8,30.0
2024-01-27 10:06:37,0.0,6.0,470.0,22.9,30.0
2024-01-27 10:16:37,0.0,6.0,458.0,22.8,30.0
2024-01-27 10:26:37,0.0,6.0,459.0,22.8,30.0
2024-01-27 10:36:37,0.0,6.0,458.0,22.8,30.0
2024-01-27 10:46:37,0.0,6.0,458.0,22.9,30.0
2024-01-27 10:56:37,0.0,6.0,455.0,22.8,30.0
2024-01-27 11:06:37,0.0,3.0,452.0,22.8,30.0
2024-01-27 11:16:37,0.0,3.0,453.0,22.8,30.0
2024-01-27 11:26:37,0.0,3.0,461.0,22.9,30.0
2024-01-27 11:36:37,0.0,3.0,463.0,22.9,30.0
2024-01-27 11:46:37,0.0,3.0,457.0,22.9,30.0
2024-01-27 11:56:37,0.0,3.0,460.0,22.9,30.0
2024-01-27 12:06:37,0.0,3.0,455.0,22.9,30.0
2024-01-27 12:16:37,0.0,3.0,441.0,22.8,30.0
2024-01-27 12:26:37,0.0,3.0,454.0,22.8,30.0
2024-01-27 12:36:37,0.0,3.0,454.0,22.8,30.0
2024-01-27 12:46:37,0.0,3.0,446.0,22.8,30.0
2024-01-27 12:56:37,0.0,3.0,438.0,22.8,30.0
2024-01-27 13:06:36,0.0,3.0,441.0,22.8,30.0
2024-01-27 13:16:36,0.0,3.0,441.0,22.8,30.0
2024-01-27 13:26:37,0.0,3.0,436.0,22.9,30.0
2024-01-27 13:36:36,0.0,3.0,449.0,22.8,30.0
2024-01-27 13:46:36,0.0,3.0,439.0,22.8,30.0
2024-01-27 13:56:36,0.0,3.0,448.0,22.8,30.0
2024-01-27 14:06:36,0.0,3.0,442.0,22.9,30.0
2024-01-27 14:16:36,0.0,3.0,448.0,22.9,30.0
2024-01-27 14:26:36,0.0,3.0,447.0,22.9,30.0
2024-01-27 14:36:36,0.0,3.0,442.0,22.8,30.0
2024-01-27 14:46:36,0.0,0.0,440.0,22.9,30.0
2024-01-27 14:56:36,0.0,0.0,443.0,22.9,30.0
2024-01-27 15:06:36,0.0,0.0,444.0,22.9,30.0
2024-01-27 15:16:36,0.0,0.0,438.0,22.8,30.0
2024-01-27 15:26:36,0.0,0.0,435.0,22.8,30.0
2024-01-27 15:36:36,0.0,0.0,425.0,22.8,30.0
2024-01-27 15:46:36,0.0,0.0,439.0,22.8,30.0
2024-01-27 15:56:36,0.0,0.0,451.0,22.8,30.0
2024-01-27 16:06:36,0.0,0.0,443.0,22.8,30.0
2024-01-27 16:16:36,0.0,0.0,436.0,22.8,30.0
2024-01-27 16:26:36,0.0,0.0,445.0,22.8,30.0
2024-01-27 16:36:36,0.0,0.0,444.0,22.8,30.0
2024-01-27 16:46:36,0.0,0.0,459.0,22.9,30.0
2024-01-27 16:56:35,0.0,0.0,434.0,22.8,30.0
2024-01-27 17:06:35,0.0,0.0,444.0,22.8,30.0
2024-01-27 17:16:35,0.0,0.0,446.0,22.8,30.0
2024-01-27 17:26:35,0.0,0.0,448.0,22.8,30.0
2024-01-27 17:36:35,0.0,0.0,453.0,22.8,30.0
2024-01-27 17:46:35,0.0,0.0,436.0,22.9,30.0
2024-01-27 17:56:35,0.0,0.0,436.0,22.8,30.0
2024-01-27 18:06:35,0.0,0.0,432.0,22.8,30.0
2024-01-27 18:16:35,0.0,0.0,429.0,22.8,30.0
2024-01-27 18:26:35,0.0,0.0,440.0,22.8,30.0
2024-01-27 18:36:35,0.0,0.0,442.0,22.8,30.0
2024-01-27 18:46:35,0.0,0.0,448.0,22.8,30.0
2024-01-27 18:56:36,0.0,0.0,436.0,22.8,30.0
2024-01-27 19:06:35,0.0,0.0,436.0,22.8,30.0
2024-01-27 19:16:35,0.0,0.0,454.0,22.8,30.0
2024-01-27 19:26:35,0.0,0.0,434.0,22.8,30.0
2024-01-27 19:36:35,0.0,0.0,446.0,22.8,30.0
2024-01-27 19:46:35,0.0,0.0,441.0,22.8,30.0
2024-01-27 19:56:35,0.0,0.0,442.0,22.8,30.0
2024-01-27 20:06:35,0.0,0.0,435.0,22.8,30.0
2024-01-27 20:16:35,0.0,0.0,448.0,22.8,30.0
2024-01-27 20:26:35,0.0,0.0,442.0,22.8,30.0
2024-01-27 20:36:35,0.0,0.0,435.0,22.8,30.0
2024-01-27 20:46:35,0.0,0.0,446.0,22.8,30.0
2024-01-27 20:56:34,0.0,0.0,440.0,22.8,30.0
2024-01-27 21:06:34,0.0,0.0,433.0,22.8,30.0
2024-01-27 21:16:34,0.0,0.0,440.0,22.8,30.0
2024-01-27 21:26:34,0.0,0.0,433.0,22.8,30.0
2024-01-27 21:36:34,0.0,0.0,426.0,22.8,30.0
2024-01-27 21:46:34,0.0,0.0,437.0,22.8,30.0
2024-01-27 21:56:34,0.0,0.0,437.0,22.8,30.0
2024-01-27 22:06:34,0.0,0.0,425.0,22.8,30.0
2024-01-27 22:16:34,0.0,0.0,440.0,22.8,30.0
2024-01-27 22:26:34,0.0,0.0,428.0,22.8,30.0
2024-01-27 22:36:34,0.0,0.0,432.0,22.8,30.0
2024-01-27 22:46:34,0.0,0.0,438.0,22.8,30.0
2024-01-27 22:56:34,0.0,0.0,437.0,22.8,30.0
2024-01-27 23:06:34,0.0,0.0,408.0,22.8,30.0
2024-01-27 23:16:34,0.0,0.0,443.0,22.8,30.0
2024-01-27 23:26:34,0.0,0.0,435.0,22.8,30.0
2024-01-27 23:36:34,0.0,0.0,433.0,22.8,30.0
2024-01-27 23:46:34,0.0,0.0,417.0,22.8,30.0
2024-01-27 23:56:34,0.0,0.0,440.0,22.8,30.0
2024-01-28 00:06:34,0.0,0.0,422.0,22.8,30.0
2024-01-28 00:16:34,0.0,0.0,443.0,22.8,30.0
2024-01-28 00:26:34,0.0,0.0,430.0,22.9,30.0
2024-01-28 00:36:34,0.0,0.0,430.0,22.8,30.0
2024-01-28 00:46:33,0.0,0.0,429.0,22.9,30.0
2024-01-28 00:56:33,0.0,0.0,433.0,22.8,30.0
2024-01-28 01:06:33,0.0,0.0,436.0,22.8,30.0
2024-01-28 01:16:33,0.0,0.0,430.0,22.8,30.0
2024-01-28 01:26:33,0.0,0.0,427.0,22.8,30.0
2024-01-28 01:36:33,0.0,0.0,436.0,22.9,30.0
2024-01-28 01:46:33,0.0,0.0,429.0,22.8,30.0
2024-01-28 01:56:33,0.0,0.0,430.0,22.8,30.0
2024-01-28 02:06:33,0.0,0.0,422.0,22.9,30.0
2024-01-28 02:16:33,0.0,0.0,431.0,22.8,30.0
2024-01-28 02:26:33,0.0,0.0,430.0,22.8,30.0
2024-01-28 02:36:33,0.0,0.0,419.0,22.8,30.0
2024-01-28 02:46:33,0.0,0.0,432.0,22.8,30.0
2024-01-28 02:56:33,0.0,0.0,440.0,22.8,30.0
2024-01-28 03:06:33,0.0,0.0,425.0,22.8,30.0
2024-01-28 03:16:33,0.0,0.0,416.0,22.8,30.0
2024-01-28 03:26:33,0.0,0.0,427.0,22.8,30.0
2024-01-28 03:36:33,0.0,0.0,419.0,22.8,30.0
2024-01-28 03:46:33,0.0,0.0,432.0,22.8,30.0
2024-01-28 03:56:33,0.0,0.0,412.0,22.8,30.0
2024-01-28 04:06:33,0.0,0.0,439.0,22.8,30.0
2024-01-28 04:16:33,0.0,0.0,433.0,22.8,30.0
2024-01-28 04:26:33,0.0,0.0,416.0,22.8,30.0
2024-01-28 04:36:33,0.0,0.0,410.0,22.8,30.0
2024-01-28 04:46:32,0.0,0.0,416.0,22.9,30.0
2024-01-28 04:56:32,0.0,0.0,417.0,22.8,30.0
2024-01-28 05:06:32,0.0,0.0,413.0,22.8,30.0
2024-01-28 05:16:32,0.0,0.0,426.0,22.9,30.0
2024-01-28 05:26:33,0.0,0.0,420.0,22.8,30.0
2024-01-28 05:36:32,0.0,0.0,405.0,22.8,30.0
2024-01-28 05:46:32,0.0,0.0,397.0,22.8,30.0
2024-01-28 05:56:32,0.0,0.0,410.0,22.8,30.0
2024-01-28 06:06:32,0.0,0.0,397.0,22.8,30.0
2024-01-28 06:16:32,0.0,0.0,410.0,22.8,30.0
2024-01-28 06:26:32,0.0,0.0,404.0,22.8,30.0
2024-01-28 06:36:33,0.0,0.0,419.0,22.8,30.0
2024-01-28 06:46:32,0.0,0.0,420.0,22.8,30.0
2024-01-28 06:56:32,0.0,0.0,422.0,22.8,30.0
2024-01-28 07:06:32,0.0,0.0,400.0,22.8,30.0
2024-01-28 07:16:32,0.0,0.0,404.0,22.9,30.0
2024-01-28 07:26:32,0.0,0.0,417.0,22.8,30.0
2024-01-28 07:36:32,0.0,0.0,410.0,22.8,30.0
2024-01-28 07:46:32,0.0,3.0,423.0,22.8,30.0
2024-01-28 07:56:32,0.0,3.0,420.0,22.9,30.0
2024-01-28 08:06:32,0.0,3.0,407.0,22.8,30.0
2024-01-28 08:16:32,0.0,3.0,414.0,22.8,30.0
2024-01-28 08:26:32,0.0,3.0,419.0,22.8,29.0
2024-01-28 08:36:31,0.0,3.0,422.0,22.9,30.0
2024-01-28 08:46:31,0.0,3.0,420.0,22.8,30.0
2024-01-28 08:56:31,0.0,30.0,413.0,22.8,30.0
2024-01-28 09:06:31,0.0,37.0,419.0,22.8,30.0
2024-01-28 09:16:31,0.0,3.0,421.0,22.8,30.0
2024-01-28 09:26:31,0.0,3.0,428.0,22.9,30.0
2024-01-28 09:36:31,0.0,3.0,429.0,22.8,30.0
2024-01-28 09:46:31,3.0,37.0,417.0,22.9,30.0
2024-01-28 09:56:31,0.0,37.0,413.0,22.9,30.0
2024-01-28 10:06:31,0.0,6.0,428.0,22.8,30.0
2024-01-28 10:16:31,0.0,6.0,406.0,22.8,30.0
2024-01-28 10:26:31,0.0,6.0,420.0,22.8,30.0
2024-01-28 10:36:31,0.0,6.0,418.0,22.8,30.0
2024-01-28 10:46:31,0.0,6.0,417.0,22.9,30.0
2024-01-28 10:56:31,0.0,6.0,430.0,22.8,30.0
2024-01-28 11:06:31,0.0,6.0,431.0,22.9,30.0
2024-01-28 11:16:31,0.0,6.0,414.0,22.8,30.0
2024-01-28 11:26:31,0.0,6.0,434.0,22.8,30.0
2024-01-28 11:36:31,0.0,6.0,413.0,22.9,30.0
2024-01-28 11:46:31,0.0,6.0,417.0,22.9,30.0
2024-01-28 11:56:31,0.0,6.0,435.0,22.8,30.0
2024-01-28 12:06:31,0.0,6.0,415.0,22.8,30.0
2024-01-28 12:16:31,0.0,6.0,430.0,22.8,30.0
2024-01-28 12:26:31,0.0,6.0,420.0,22.8,30.0
2024-01-28 12:36:30,0.0,3.0,416.0,22.8,30.0
2024-01-28 12:46:30,0.0,6.0,407.0,22.8,30.0
2024-01-28 12:56:30,0.0,3.0,429.0,22.8,30.0
2024-01-28 13:06:30,0.0,3.0,414.0,22.8,30.0
2024-01-28 13:16:30,0.0,3.0,427.0,22.8,30.0
2024-01-28 13:26:30,0.0,3.0,416.0,22.9,30.0
2024-01-28 13:36:30,0.0,3.0,408.0,22.8,30.0
2024-01-28 13:46:30,0.0,3.0,421.0,22.9,30.0
2024-01-28 13:56:30,0.0,3.0,408.0,22.9,30.0
2024-01-28 14:06:30,0.0,3.0,415.0,22.8,30.0
2024-01-28 14:16:30,0.0,3.0,425.0,22.8,30.0
2024-01-28 14:26:30,0.0,3.0,416.0,22.9,29.0
2024-01-28 14:36:30,0.0,3.0,426.0,22.8,29.0
2024-01-28 14:46:30,0.0,3.0,416.0,22.9,29.0
2024-01-28 14:56:30,0.0,3.0,412.0,22.9,30.0
2024-01-28 15:06:30,0.0,3.0,426.0,22.8,30.0
2024-01-28 15:16:30,0.0,3.0,413.0,22.8,29.0
2024-01-28 15:26:30,0.0,0.0,409.0,22.9,29.0
2024-01-28 15:36:30,0.0,0.0,411.0,22.8,29.0
2024-01-28 15:46:30,0.0,0.0,430.0,22.9,29.0
2024-01-28 15:56:30,0.0,0.0,424.0,22.8,29.0
2024-01-28 16:06:30,0.0,0.0,419.0,22.8,29.0
2024-01-28 16:16:30,0.0,0.0,407.0,22.8,29.0
2024-01-28 16:26:29,0.0,0.0,419.0,22.8,29.0
2024-01-28 16:36:30,0.0,0.0,430.0,22.9,29.0
2024-01-28 16:46:29,0.0,0.0,413.0,22.8,29.0
2024-01-28 16:56:29,0.0,0.0,410.0,22.8,29.0
2024-01-28 17:06:29,0.0,0.0,408.0,22.8,29.0
2024-01-28 17:16:29,0.0,0.0,424.0,22.8,29.0
2024-01-28 17:26:29,0.0,0.0,408.0,22.8,29.0
2024-01-28 17:36:29,0.0,0.0,416.0,22.8,29.0
2024-01-28 17:46:29,0.0,0.0,406.0,22.8,29.0
2024-01-28 17:56:29,0.0,0.0,413.0,22.9,29.0
2024-01-28 18:06:29,0.0,0.0,423.0,22.8,29.0
2024-01-28 18:16:29,0.0,0.0,415.0,22.8,29.0
2024-01-28 18:26:29,0.0,0.0,414.0,22.8,29.0
2024-01-28 18:36:29,0.0,0.0,415.0,22.8,29.0
2024-01-28 18:46:29,0.0,0.0,419.0,22.8,29.0
2024-01-28 18:56:29,0.0,0.0,407.0,22.9,29.0
2024-01-28 19:06:29,0.0,0.0,419.0,22.8,29.0
2024-01-28 19:16:29,0.0,0.0,416.0,22.8,29.0
2024-01-28 19:26:29,0.0,0.0,420.0,22.8,29.0
2024-01-28 19:36:29,0.0,0.0,410.0,22.8,29.0
2024-01-28 19:46:29,0.0,0.0,417.0,22.8,29.0
2024-01-28 19:56:29,0.0,0.0,413.0,22.8,29.0
2024-01-28 20:06:29,0.0,0.0,423.0,22.8,29.0
2024-01-28 20:16:28,0.0,0.0,409.0,22.9,29.0
2024-01-28 20:26:28,0.0,0.0,420.0,22.8,29.0
2024-01-28 20:36:28,0.0,0.0,413.0,22.8,29.0
2024-01-28 20:46:28,0.0,0.0,396.0,22.8,29.0
2024-01-28 20:56:29,0.0,0.0,408.0,22.9,29.0
2024-01-28 21:06:28,0.0,0.0,420.0,22.8,29.0
2024-01-28 21:16:28,0.0,0.0,417.0,22.8,29.0
2024-01-28 21:26:28,0.0,0.0,408.0,22.8,29.0
2024-01-28 21:36:28,0.0,0.0,418.0,22.8,29.0
2024-01-28 21:46:28,0.0,0.0,413.0,22.8,29.0
2024-01-28 21:56:28,0.0,0.0,414.0,22.8,29.0
2024-01-28 22:06:28,0.0,0.0,415.0,22.8,29.0
2024-01-28 22:16:28,0.0,0.0,399.0,22.8,29.0
2024-01-28 22:26:28,0.0,0.0,396.0,22.8,29.0
2024-01-28 22:36:28,0.0,0.0,403.0,22.8,29.0
2024-01-28 22:46:28,0.0,0.0,404.0,22.8,29.0
2024-01-28 22:56:28,0.0,0.0,404.0,22.8,29.0
2024-01-28 23:06:28,0.0,0.0,414.0,22.8,29.0
2024-01-28 23:16:28,0.0,0.0,415.0,22.8,29.0
2024-01-28 23:26:28,0.0,0.0,413.0,22.8,29.0
2024-01-28 23:36:28,0.0,0.0,398.0,22.8,29.0
2024-01-28 23:46:29,0.0,0.0,421.0,22.8,29.0
2024-01-28 23:56:28,0.0,0.0,409.0,22.8,29.0
2024-01-29 00:06:27,0.0,0.0,419.0,22.8,29.0
2024-01-29 00:16:28,0.0,0.0,410.0,22.8,29.0
2024-01-29 00:26:27,0.0,0.0,402.0,22.8,29.0
2024-01-29 00:36:27,0.0,0.0,412.0,22.8,29.0
2024-01-29 00:46:28,0.0,0.0,403.0,22.8,29.0
2024-01-29 00:56:27,0.0,0.0,409.0,22.8,29.0
2024-01-29 01:06:27,0.0,0.0,410.0,22.8,28.0
2024-01-29 01:16:27,0.0,0.0,402.0,22.8,29.0
2024-01-29 01:26:27,0.0,0.0,398.0,22.8,28.0
2024-01-29 01:36:27,0.0,0.0,403.0,22.8,29.0
2024-01-29 01:46:27,0.0,0.0,405.0,22.8,28.0
2024-01-29 01:56:27,0.0,0.0,393.0,22.8,28.0
2024-01-29 02:06:27,0.0,0.0,397.0,22.8,28.0
2024-01-29 02:16:27,0.0,0.0,409.0,22.8,28.0
2024-01-29 02:26:27,0.0,0.0,397.0,22.8,28.0
2024-01-29 02:36:27,0.0,0.0,393.0,22.8,28.0
2024-01-29 02:46:27,0.0,0.0,417.0,22.8,28.0
2024-01-29 02:56:27,0.0,0.0,402.0,22.8,28.0
2024-01-29 03:06:27,0.0,0.0,399.0,22.8,28.0
2024-01-29 03:16:27,0.0,0.0,410.0,22.8,28.0
2024-01-29 03:26:27,0.0,0.0,413.0,22.8,28.0
2024-01-29 03:36:27,0.0,0.0,410.0,22.8,28.0
2024-01-29 03:46:27,0.0,0.0,412.0,22.8,28.0
2024-01-29 03:56:27,0.0,0.0,400.0,22.8,28.0
2024-01-29 04:06:26,0.0,0.0,400.0,22.8,28.0
2024-01-29 04:16:26,0.0,0.0,396.0,22.8,28.0
2024-01-29 04:26:26,0.0,0.0,417.0,22.8,28.0
2024-01-29 04:36:26,0.0,0.0,410.0,22.8,28.0
2024-01-29 04:46:26,0.0,0.0,398.0,22.8,28.0
2024-01-29 04:56:26,0.0,0.0,404.0,22.8,28.0
2024-01-29 05:06:26,0.0,0.0,396.0,22.8,28.0
2024-01-29 05:16:26,0.0,0.0,400.0,22.8,28.0
2024-01-29 05:26:26,0.0,0.0,412.0,22.8,28.0
2024-01-29 05:36:26,0.0,0.0,401.0,22.8,28.0
2024-01-29 05:46:26,0.0,0.0,401.0,22.8,28.0
2024-01-29 05:56:26,0.0,0.0,390.0,22.8,28.0
2024-01-29 06:06:26,0.0,0.0,420.0,22.8,28.0
2024-01-29 06:16:26,0.0,0.0,410.0,22.8,28.0
2024-01-29 06:26:26,0.0,0.0,410.0,22.8,28.0
2024-01-29 06:36:26,0.0,26.0,397.0,22.8,28.0
2024-01-29 06:46:26,2.0,33.0,407.0,22.8,28.0
2024-01-29 06:56:26,1.0,33.0,413.0,22.8,28.0
2024-01-29 07:06:26,0.0,33.0,410.0,22.8,28.0
2024-01-29 07:16:26,2.0,33.0,426.0,22.8,28.0
2024-01-29 07:26:26,0.0,33.0,412.0,22.8,28.0
2024-01-29 07:36:26,2.0,37.0,428.0,22.8,28.0
2024-01-29 07:46:26,5.0,37.0,433.0,22.8,28.0
2024-01-29 07:56:25,3.0,37.0,435.0,22.8,28.0
2024-01-29 08:06:25,6.0,37.0,479.0,22.8,29.0
2024-01-29 08:16:26,3.0,37.0,561.0,22.8,30.0
2024-01-29 08:26:25,5.0,43.0,555.0,22.8,30.0
2024-01-29 08:36:25,2.0,43.0,550.0,22.8,30.0
2024-01-29 08:46:25,5.0,43.0,603.0,22.8,30.0
2024-01-29 08:56:25,3.0,47.0,604.0,22.8,30.0
2024-01-29 09:06:25,8.0,47.0,637.0,22.8,30.0
2024-01-29 09:16:25,0.0,47.0,640.0,22.8,30.0
2024-01-29 09:26:25,7.0,47.0,806.0,22.9,31.0
2024-01-29 09:36:25,5.0,47.0,776.0,22.8,31.0
2024-01-29 09:46:25,2.0,47.0,747.0,22.8,31.0
2024-01-29 09:56:25,4.0,47.0,833.0,22.9,32.0
2024-01-29 10:06:25,7.0,47.0,845.0,22.9,31.0
2024-01-29 10:16:25,9.0,47.0,862.0,22.9,32.0
2024-01-29 10:26:25,3.0,47.0,852.0,22.9,32.0
2024-01-29 10:36:25,1.0,43.0,808.0,22.9,32.0
2024-01-29 10:46:25,5.0,43.0,883.0,22.9,32.0
2024-01-29 10:56:25,1.0,43.0,829.0,22.9,32.0
2024-01-29 11:06:25,7.0,43.0,865.0,22.9,32.0
2024-01-29 11:16:25,5.0,47.0,855.0,22.9,31.0
2024-01-29 11:26:25,3.0,47.0,856.0,22.9,31.0
2024-01-29 11:36:25,7.0,47.0,887.0,22.9,31.0
2024-01-29 11:46:25,7.0,47.0,951.0,22.9,32.0
2024-01-29 11:56:24,13.0,47.0,894.0,22.9,32.0
2024-01-29 12:06:24,6.0,47.0,962.0,22.9,32.0
2024-01-29 12:16:24,5.0,40.0,1029.0,22.9,32.0
2024-01-29 12:26:24,4.0,40.0,1080.0,22.9,32.0
2024-01-29 12:36:24,3.0,40.0,1101.0,22.9,33.0
2024-01-29 12:46:24,8.0,40.0,1010.0,22.9,32.0
2024-01-29 12:56:24,5.0,40.0,1044.0,22.9,32.0
2024-01-29 13:06:24,7.0,40.0,1020.0,22.9,32.0
2024-01-29 13:16:24,4.0,40.0,1151.0,22.9,33.0
2024-01-29 13:26:25,4.0,40.0,1188.0,23.0,32.0
2024-01-29 13:36:24,5.0,37.0,1165.0,23.0,32.0
2024-01-29 13:46:24,4.0,40.0,1080.0,23.0,32.0
2024-01-29 13:56:24,2.0,37.0,1040.0,23.0,32.0
2024-01-29 14:06:24,4.0,37.0,1008.0,23.0,32.0
2024-01-29 14:16:24,10.0,40.0,1140.0,23.0,32.0
2024-01-29 14:26:24,10.0,40.0,1012.0,22.9,32.0
2024-01-29 14:36:24,7.0,37.0,950.0,23.0,31.0
2024-01-29 14:46:24,4.0,37.0,1029.0,22.9,32.0
2024-01-29 14:56:24,10.0,37.0,1008.0,23.0,32.0
2024-01-29 15:06:24,3.0,33.0,989.0,23.0,31.0
2024-01-29 15:16:24,2.0,37.0,995.0,23.0,31.0
2024-01-29 15:26:24,0.0,33.0,958.0,23.0,31.0
2024-01-29 15:36:24,6.0,33.0,962.0,23.0,31.0
2024-01-29 15:46:23,2.0,33.0,906.0,22.9,31.0
2024-01-29 15:56:23,5.0,37.0,929.0,23.0,31.0
2024-01-29 16:06:23,6.0,40.0,956.0,23.0,31.0
2024-01-29 16:16:24,5.0,40.0,1025.0,23.0,31.0
2024-01-29 16:26:23,2.0,40.0,1028.0,22.9,31.0
2024-01-29 16:36:23,0.0,40.0,1009.0,22.9,31.0
2024-01-29 16:46:23,3.0,40.0,945.0,23.0,31.0
2024-01-29 16:56:23,0.0,40.0,939.0,23.0,31.0
2024-01-29 17:06:23,0.0,40.0,926.0,23.0,31.0
2024-01-29 17:16:23,0.0,40.0,909.0,23.0,31.0
2024-01-29 17:26:23,0.0,40.0,902.0,23.0,31.0
2024-01-29 17:36:23,0.0,6.0,895.0,23.0,31.0
2024-01-29 17:46:23,0.0,37.0,896.0,23.0,31.0
2024-01-29 17:56:23,0.0,40.0,872.0,23.0,31.0
2024-01-29 18:06:23,0.0,6.0,869.0,23.0,30.0
2024-01-29 18:16:23,0.0,6.0,840.0,23.1,30.0
2024-01-29 18:26:23,2.0,30.0,848.0,23.0,30.0
2024-01-29 18:36:23,1.0,33.0,825.0,23.0,30.0
2024-01-29 18:46:23,0.0,0.0,813.0,23.0,30.0
2024-01-29 18:56:23,0.0,0.0,785.0,23.0,30.0
2024-01-29 19:06:23,0.0,0.0,771.0,23.0,30.0
2024-01-29 19:16:23,0.0,0.0,761.0,23.0,30.0
2024-01-29 19:26:23,0.0,0.0,735.0,22.9,30.0
2024-01-29 19:36:22,0.0,0.0,715.0,23.0,30.0
2024-01-29 19:46:22,0.0,0.0,726.0,23.0,30.0
2024-01-29 19:56:22,0.0,30.0,696.0,23.0,30.0
2024-01-29 20:06:22,0.0,33.0,699.0,23.0,30.0
2024-01-29 20:16:22,0.0,0.0,686.0,23.0,30.0
2024-01-29 20:26:22,0.0,0.0,684.0,23.0,30.0
2024-01-29 20:36:22,0.0,0.0,671.0,22.9,30.0
2024-01-29 20:46:22,0.0,0.0,666.0,23.0,30.0
2024-01-29 20:56:22,0.0,0.0,649.0,23.0,29.0
2024-01-29 21:06:22,0.0,0.0,629.0,23.0,29.0
2024-01-29 21:16:22,0.0,0.0,627.0,23.0,29.0
2024-01-29 21:26:22,0.0,0.0,620.0,23.0,29.0
2024-01-29 21:36:22,0.0,0.0,609.0,22.9,29.0
2024-01-29 21:46:22,0.0,0.0,612.0,23.0,29.0
2024-01-29 21:56:22,0.0,0.0,596.0,23.0,29.0
2024-01-29 22:06:22,0.0,0.0,597.0,23.0,29.0
2024-01-29 22:16:22,0.0,0.0,590.0,23.0,29.0
2024-01-29 22:26:22,0.0,0.0,590.0,23.0,29.0
2024-01-29 22:36:22,0.0,0.0,574.0,23.0,29.0
2024-01-29 22:46:22,0.0,0.0,561.0,22.9,29.0
2024-01-29 22:56:22,0.0,0.0,569.0,22.9,29.0
2024-01-29 23:06:22,0.0,0.0,566.0,23.0,29.0
2024-01-29 23:16:22,0.0,0.0,558.0,22.9,29.0
2024-01-29 23:26:22,0.0,0.0,560.0,23.0,29.0
2024-01-29 23:36:21,0.0,0.0,544.0,22.9,29.0
2024-01-29 23:46:21,0.0,0.0,538.0,23.0,29.0
2024-01-29 23:56:21,0.0,0.0,530.0,23.0,29.0
2024-01-30 00:06:21,0.0,0.0,540.0,23.0,29.0
2024-01-30 00:16:21,0.0,0.0,540.0,22.9,29.0
2024-01-30 00:26:21,0.0,0.0,536.0,23.0,29.0
2024-01-30 00:36:21,0.0,0.0,540.0,23.0,29.0
2024-01-30 00:46:21,0.0,0.0,520.0,22.9,28.0
2024-01-30 00:56:21,0.0,0.0,528.0,22.9,28.0
2024-01-30 01:06:21,0.0,0.0,532.0,22.9,28.0
2024-01-30 01:16:21,0.0,0.0,536.0,22.9,29.0
2024-01-30 01:26:21,0.0,0.0,527.0,22.9,28.0
2024-01-30 01:36:21,0.0,0.0,522.0,23.0,29.0
2024-01-30 01:46:21,0.0,0.0,513.0,22.9,28.0
2024-01-30 01:56:21,0.0,0.0,500.0,22.9,28.0
2024-01-30 02:06:21,0.0,0.0,522.0,22.9,28.0
2024-01-30 02:16:21,0.0,0.0,514.0,22.9,28.0
2024-01-30 02:26:21,0.0,0.0,522.0,23.0,29.0
2024-01-30 02:36:21,0.0,0.0,515.0,23.0,28.0
2024-01-30 02:46:21,0.0,0.0,508.0,23.0,29.0
2024-01-30 02:56:21,0.0,0.0,506.0,23.0,29.0
2024-01-30 03:06:21,0.0,0.0,503.0,23.0,28.0
2024-01-30 03:16:21,0.0,0.0,502.0,23.0,29.0
2024-01-30 03:26:20,0.0,0.0,505.0,22.9,28.0
2024-01-30 03:36:20,0.0,0.0,503.0,22.9,28.0
2024-01-30 03:46:21,0.0,0.0,492.0,23.0,28.0
2024-01-30 03:56:20,0.0,0.0,491.0,22.9,29.0
2024-01-30 04:06:20,0.0,0.0,507.0,22.9,29.0
2024-01-30 04:16:20,0.0,0.0,494.0,23.0,28.0
2024-01-30 04:26:20,0.0,0.0,489.0,22.9,29.0
2024-01-30 04:36:20,0.0,0.0,487.0,22.9,29.0
2024-01-30 04:46:20,0.0,0.0,481.0,23.0,29.0
2024-01-30 04:56:20,0.0,0.0,485.0,23.0,29.0
2024-01-30 05:06:20,0.0,0.0,491.0,22.9,29.0
2024-01-30 05:16:20,0.0,0.0,488.0,22.9,29.0
2024-01-30 05:26:20,0.0,0.0,480.0,23.0,29.0
2024-01-30 05:36:20,0.0,0.0,480.0,22.9,29.0
2024-01-30 05:46:20,0.0,0.0,487.0,22.9,29.0
2024-01-30 05:56:20,0.0,0.0,494.0,23.0,29.0
2024-01-30 06:06:20,1.0,0.0,480.0,23.0,29.0
2024-01-30 06:16:20,0.0,0.0,486.0,22.9,29.0
2024-01-30 06:26:20,0.0,0.0,482.0,23.0,29.0
2024-01-30 06:36:20,0.0,0.0,467.0,23.0,29.0
2024-01-30 06:46:20,0.0,0.0,474.0,22.9,29.0
2024-01-30 06:56:20,0.0,0.0,483.0,23.0,29.0
2024-01-30 07:06:20,3.0,33.0,473.0,22.9,29.0
2024-01-30 07:16:20,0.0,33.0,477.0,23.0,29.0
2024-01-30 07:26:19,0.0,33.0,485.0,22.9,29.0
2024-01-30 07:36:20,1.0,33.0,493.0,23.0,29.0
2024-01-30 07:46:19,2.0,33.0,495.0,22.9,29.0
2024-01-30 07:56:19,9.0,37.0,556.0,22.9,30.0
2024-01-30 08:06:19,4.0,37.0,554.0,23.0,30.0
2024-01-30 08:16:19,1.0,37.0,575.0,22.9,31.0
2024-01-30 08:26:19,5.0,33.0,588.0,23.0,31.0
2024-01-30 08:36:19,8.0,37.0,677.0,22.9,32.0
2024-01-30 08:46:19,0.0,37.0,639.0,22.9,32.0
2024-01-30 08:56:19,6.0,33.0,658.0,22.9,32.0
2024-01-30 09:06:19,4.0,37.0,686.0,22.9,32.0
2024-01-30 09:16:20,4.0,40.0,679.0,22.9,32.0
2024-01-30 09:26:19,2.0,40.0,720.0,23.0,32.0
2024-01-30 09:36:19,2.0,40.0,752.0,23.0,33.0
2024-01-30 09:46:19,5.0,43.0,742.0,22.9,32.0
2024-01-30 09:56:19,4.0,43.0,827.0,23.0,33.0
2024-01-30 10:06:19,3.0,43.0,1104.0,23.0,34.0
2024-01-30 10:16:19,8.0,40.0,1000.0,23.0,34.0
2024-01-30 10:26:19,6.0,43.0,982.0,23.0,34.0
2024-01-30 10:36:19,2.0,43.0,978.0,23.0,34.0
2024-01-30 10:46:19,2.0,43.0,962.0,23.0,34.0
2024-01-30 10:56:19,5.0,43.0,949.0,23.0,34.0
2024-01-30 11:06:19,4.0,43.0,935.0,23.0,34.0
2024-01-30 11:16:19,8.0,43.0,924.0,23.0,34.0
2024-01-30 11:26:18,5.0,43.0,978.0,22.9,34.0
2024-01-30 11:36:18,4.0,43.0,1025.0,23.0,34.0
2024-01-30 11:46:18,6.0,37.0,1030.0,23.0,34.0
2024-01-30 11:56:18,6.0,40.0,1027.0,23.0,34.0
2024-01-30 12:06:18,6.0,40.0,1008.0,23.0,34.0
2024-01-30 12:16:18,3.0,40.0,1177.0,23.0,35.0
2024-01-30 12:26:18,1.0,40.0,1153.0,23.0,35.0
2024-01-30 12:36:18,1.0,40.0,1164.0,23.0,35.0
2024-01-30 12:46:18,4.0,40.0,1096.0,23.0,35.0
2024-01-30 12:56:18,1.0,40.0,1139.0,23.0,35.0
2024-01-30 13:06:18,3.0,40.0,1106.0,23.1,35.0
2024-01-30 13:16:18,2.0,40.0,1087.0,23.0,35.0
2024-01-30 13:26:18,0.0,40.0,1050.0,23.0,35.0
2024-01-30 13:36:18,12.0,40.0,1112.0,23.0,35.0
2024-01-30 13:46:18,2.0,40.0,1053.0,23.0,35.0
2024-01-30 13:56:18,1.0,33.0,1006.0,23.0,34.0
2024-01-30 14:06:18,9.0,40.0,1014.0,23.0,35.0
2024-01-30 14:16:18,2.0,40.0,1080.0,23.0,34.0
2024-01-30 14:26:18,1.0,40.0,1131.0,23.0,35.0
2024-01-30 14:36:18,2.0,40.0,1292.0,23.0,35.0
2024-01-30 14:46:18,8.0,40.0,1251.0,23.1,35.0
2024-01-30 14:56:18,0.0,40.0,1354.0,23.1,36.0
2024-01-30 15:06:18,2.0,37.0,1214.0,23.1,36.0
2024-01-30 15:16:17,2.0,37.0,1032.0,23.1,35.0
2024-01-30 15:26:17,0.0,37.0,1007.0,23.0,34.0
2024-01-30 15:36:17,2.0,37.0,1001.0,23.1,34.0
2024-01-30 15:46:17,4.0,37.0,1085.0,23.0,34.0
2024-01-30 15:56:17,0.0,37.0,1273.0,23.0,35.0
2024-01-30 16:06:17,0.0,37.0,1264.0,23.0,35.0
2024-01-30 16:16:17,4.0,37.0,1133.0,23.0,34.0
2024-01-30 16:26:17,0.0,37.0,1059.0,23.0,34.0
2024-01-30 16:36:17,0.0,37.0,1004.0,23.0,34.0
2024-01-30 16:46:17,0.0,37.0,955.0,23.0,34.0
2024-01-30 16:56:17,0.0,37.0,903.0,23.1,34.0
2024-01-30 17:06:17,0.0,37.0,864.0,23.1,33.0
2024-01-30 17:16:17,0.0,37.0,836.0,23.0,33.0
2024-01-30 17:26:17,1.0,37.0,818.0,23.1,33.0
2024-01-30 17:36:17,1.0,6.0,827.0,23.1,33.0
2024-01-30 17:46:17,0.0,6.0,844.0,23.1,33.0
2024-01-30 17:56:17,0.0,3.0,896.0,23.1,33.0
2024-01-30 18:06:17,0.0,3.0,857.0,23.1,33.0
2024-01-30 18:16:17,0.0,3.0,794.0,23.0,33.0
2024-01-30 18:26:17,0.0,3.0,789.0,23.1,33.0
2024-01-30 18:36:17,0.0,3.0,758.0,23.0,33.0
2024-01-30 18:46:17,0.0,3.0,726.0,23.0,32.0
2024-01-30 18:56:17,0.0,3.0,716.0,23.0,32.0
2024-01-30 19:06:16,0.0,3.0,686.0,23.0,32.0
2024-01-30 19:16:17,1.0,3.0,691.0,23.1,32.0
2024-01-30 19:26:16,1.0,3.0,710.0,23.0,32.0
2024-01-30 19:36:16,0.0,3.0,671.0,23.1,32.0
2024-01-30 19:46:16,0.0,3.0,653.0,23.0,32.0
2024-01-30 19:56:16,0.0,3.0,651.0,23.0,32.0
2024-01-30 20:06:16,0.0,3.0,636.0,23.0,32.0
2024-01-30 20:16:16,0.0,0.0,641.0,23.1,32.0
2024-01-30 20:26:16,0.0,0.0,634.0,23.1,32.0
2024-01-30 20:36:16,0.0,0.0,617.0,23.1,32.0
2024-01-30 20:46:16,0.0,0.0,616.0,23.1,32.0
2024-01-30 20:56:16,0.0,0.0,608.0,23.1,32.0
2024-01-30 21:06:16,0.0,0.0,624.0,23.0,32.0
2024-01-30 21:16:16,0.0,0.0,603.0,23.1,32.0
2024-01-30 21:26:16,0.0,0.0,605.0,23.0,32.0
2024-01-30 21:36:17,1.0,0.0,625.0,23.0,32.0
2024-01-30 21:46:16,0.0,0.0,576.0,23.0,32.0
2024-01-30 21:56:16,0.0,0.0,583.0,23.1,32.0
2024-01-30 22:06:16,0.0,0.0,589.0,23.1,32.0
2024-01-30 22:16:16,0.0,0.0,566.0,23.1,32.0
2024-01-30 22:26:16,0.0,0.0,569.0,23.0,32.0
2024-01-30 22:36:16,0.0,0.0,571.0,23.0,32.0
2024-01-30 22:46:16,0.0,0.0,561.0,23.0,32.0
2024-01-30 22:56:15,0.0,0.0,551.0,23.1,32.0
2024-01-30 23:06:15,0.0,0.0,568.0,23.0,32.0
2024-01-30 23:16:15,0.0,0.0,568.0,23.0,32.0
2024-01-30 23:26:15,0.0,0.0,562.0,23.0,32.0
2024-01-30 23:36:15,0.0,0.0,544.0,23.0,32.0
2024-01-30 23:46:15,0.0,0.0,545.0,23.1,32.0
2024-01-30 23:56:15,0.0,0.0,552.0,23.0,31.0
2024-01-31 00:06:15,0.0,0.0,536.0,23.0,32.0
2024-01-31 00:16:15,0.0,0.0,536.0,23.0,32.0
2024-01-31 00:26:15,0.0,0.0,523.0,23.0,32.0
2024-01-31 00:36:15,0.0,0.0,536.0,23.1,32.0
2024-01-31 00:46:15,0.0,0.0,527.0,23.0,32.0
2024-01-31 00:56:15,0.0,0.0,529.0,23.0,32.0
2024-01-31 01:06:15,0.0,0.0,521.0,23.0,32.0
2024-01-31 01:16:15,0.0,0.0,514.0,23.0,32.0
2024-01-31 01:26:15,0.0,0.0,510.0,23.0,32.0
2024-01-31 01:36:15,0.0,0.0,528.0,23.1,32.0
2024-01-31 01:46:15,0.0,0.0,516.0,23.1,32.0
2024-01-31 01:56:15,0.0,0.0,502.0,23.0,32.0
2024-01-31 02:06:15,0.0,0.0,514.0,23.0,32.0
2024-01-31 02:16:15,0.0,0.0,529.0,23.1,32.0
2024-01-31 02:26:15,0.0,0.0,512.0,23.0,32.0
2024-01-31 02:36:15,0.0,0.0,507.0,23.1,32.0
2024-01-31 02:46:15,0.0,0.0,525.0,23.1,32.0
2024-01-31 02:56:15,0.0,0.0,505.0,23.0,32.0
2024-01-31 03:06:15,1.0,33.0,516.0,23.1,32.0
2024-01-31 03:16:14,0.0,33.0,497.0,23.1,32.0
2024-01-31 03:26:14,0.0,0.0,492.0,23.0,32.0
2024-01-31 03:36:14,0.0,0.0,495.0,23.0,32.0
2024-01-31 03:46:14,0.0,0.0,510.0,23.1,32.0
2024-01-31 03:56:14,0.0,0.0,500.0,23.0,32.0
2024-01-31 04:06:14,0.0,20.0,507.0,23.0,32.0
2024-01-31 04:16:14,0.0,33.0,478.0,23.1,32.0
2024-01-31 04:26:14,0.0,0.0,499.0,23.1,32.0
2024-01-31 04:36:14,0.0,0.0,479.0,23.1,32.0
2024-01-31 04:46:14,0.0,0.0,479.0,23.1,31.0
2024-01-31 04:56:14,0.0,0.0,476.0,23.1,32.0
2024-01-31 05:06:14,0.0,0.0,492.0,23.0,31.0
2024-01-31 05:16:14,0.0,0.0,469.0,23.0,31.0
2024-01-31 05:26:14,0.0,0.0,467.0,23.1,31.0
2024-01-31 05:36:14,0.0,0.0,486.0,23.1,31.0
2024-01-31 05:46:14,0.0,0.0,488.0,23.0,31.0
2024-01-31 05:56:14,0.0,0.0,482.0,23.1,31.0
2024-01-31 06:06:14,0.0,0.0,475.0,23.1,31.0
2024-01-31 06:16:14,0.0,0.0,468.0,23.0,31.0
2024-01-31 06:26:14,0.0,0.0,473.0,23.1,31.0
2024-01-31 06:36:14,0.0,0.0,461.0,23.1,31.0
2024-01-31 06:46:14,0.0,0.0,469.0,23.1,31.0
2024-01-31 06:56:13,0.0,0.0,476.0,23.1,31.0
2024-01-31 07:06:13,0.0,0.0,471.0,23.1,31.0
2024-01-31 07:16:13,0.0,3.0,474.0,23.1,31.0
2024-01-31 07:26:13,0.0,3.0,460.0,23.0,31.0
2024-01-31 07:36:14,0.0,3.0,470.0,23.0,31.0
2024-01-31 07:46:13,3.0,30.0,487.0,23.1,31.0
2024-01-31 07:56:13,2.0,43.0,539.0,23.0,31.0
2024-01-31 08:06:13,2.0,43.0,542.0,22.9,31.0
2024-01-31 08:16:13,3.0,43.0,516.0,22.9,31.0
2024-01-31 08:26:13,1.0,40.0,633.0,22.9,31.0
2024-01-31 08:36:13,3.0,40.0,708.0,22.9,32.0
2024-01-31 08:46:13,3.0,40.0,690.0,22.8,32.0
2024-01-31 08:56:13,6.0,43.0,878.0,22.8,33.0
2024-01-31 09:06:13,1.0,47.0,936.0,22.9,34.0
2024-01-31 09:16:13,5.0,47.0,778.0,22.8,33.0
2024-01-31 09:26:13,2.0,43.0,759.0,22.8,32.0
2024-01-31 09:36:13,4.0,43.0,740.0,22.8,32.0
2024-01-31 09:46:13,4.0,47.0,746.0,22.7,32.0
2024-01-31 09:56:13,3.0,47.0,685.0,22.8,32.0
2024-01-31 10:06:13,1.0,43.0,698.0,22.8,32.0
2024-01-31 10:16:13,9.0,47.0,751.0,22.8,32.0
2024-01-31 10:26:13,2.0,47.0,793.0,22.8,32.0
2024-01-31 10:36:13,2.0,43.0,925.0,22.8,33.0
2024-01-31 10:46:12,1.0,47.0,1081.0,22.8,34.0
2024-01-31 10:56:13,1.0,50.0,1073.0,22.8,34.0
2024-01-31 11:06:12,5.0,43.0,972.0,22.8,34.0
2024-01-31 11:16:12,6.0,43.0,1194.0,22.8,34.0
2024-01-31 11:26:12,1.0,40.0,1026.0,22.9,34.0
2024-01-31 11:36:12,0.0,40.0,1086.0,22.8,35.0
2024-01-31 11:46:12,5.0,40.0,1020.0,22.8,34.0
2024-01-31 11:56:12,5.0,40.0,1000.0,22.9,34.0
2024-01-31 12:06:12,5.0,40.0,972.0,22.8,34.0
2024-01-31 12:16:12,12.0,37.0,959.0,22.8,34.0
2024-01-31 12:26:12,5.0,40.0,1119.0,22.9,34.0
2024-01-31 12:36:12,3.0,40.0,1165.0,22.9,35.0
2024-01-31 12:46:12,3.0,40.0,1081.0,22.9,34.0
2024-01-31 12:56:12,2.0,40.0,1167.0,22.9,35.0
2024-01-31 13:06:12,1.0,40.0,922.0,22.9,34.0
2024-01-31 13:16:12,6.0,40.0,1191.0,22.8,35.0
2024-01-31 13:26:12,1.0,40.0,1024.0,22.8,34.0
2024-01-31 13:36:12,3.0,43.0,1009.0,22.8,34.0
2024-01-31 13:46:12,3.0,37.0,1046.0,22.9,34.0
2024-01-31 13:56:12,4.0,40.0,978.0,22.8,34.0
2024-01-31 14:06:12,5.0,40.0,1086.0,22.8,34.0
2024-01-31 14:16:12,1.0,40.0,1063.0,22.8,34.0
2024-01-31 14:26:12,2.0,40.0,1148.0,22.9,34.0
2024-01-31 14:36:11,4.0,37.0,1101.0,22.8,34.0
2024-01-31 14:46:11,6.0,37.0,1196.0,22.8,35.0
2024-01-31 14:56:11,0.0,37.0,1228.0,22.9,35.0
2024-01-31 15:06:11,5.0,40.0,1045.0,22.8,34.0
2024-01-31 15:16:11,3.0,40.0,1167.0,22.9,35.0
2024-01-31 15:26:11,3.0,37.0,767.0,22.8,33.0
2024-01-31 15:36:11,2.0,37.0,869.0,22.9,32.0
2024-01-31 15:46:11,3.0,33.0,962.0,22.9,32.0
2024-01-31 15:56:11,4.0,33.0,937.0,22.9,33.0
2024-01-31 16:06:11,0.0,33.0,926.0,22.9,32.0
2024-01-31 16:16:11,0.0,33.0,901.0,22.9,32.0
2024-01-31 16:26:11,0.0,33.0,884.0,22.9,32.0
2024-01-31 16:36:11,0.0,33.0,860.0,23.0,32.0
2024-01-31 16:46:11,4.0,33.0,889.0,22.9,32.0
2024-01-31 16:56:11,1.0,33.0,845.0,23.0,32.0
2024-01-31 17:06:11,0.0,33.0,856.0,23.0,32.0
2024-01-31 17:16:11,0.0,33.0,829.0,23.0,32.0
2024-01-31 17:26:11,0.0,33.0,816.0,23.0,32.0
2024-01-31 17:36:11,0.0,0.0,795.0,23.0,32.0
2024-01-31 17:46:11,0.0,0.0,769.0,23.0,32.0
2024-01-31 17:56:11,0.0,0.0,729.0,22.9,31.0
2024-01-31 18:06:11,0.0,0.0,732.0,23.0,31.0
2024-01-31 18:16:11,0.0,0.0,725.0,22.9,31.0
2024-01-31 18:26:10,0.0,0.0,699.0,22.9,31.0
2024-01-31 18:36:10,0.0,0.0,680.0,23.0,31.0
2024-01-31 18:46:10,0.0,0.0,683.0,23.0,31.0
2024-01-31 18:56:11,0.0,0.0,664.0,23.0,31.0
2024-01-31 19:06:10,0.0,0.0,668.0,22.9,31.0
2024-01-31 19:16:10,0.0,0.0,665.0,22.9,31.0
2024-01-31 19:26:10,0.0,0.0,635.0,22.9,31.0
2024-01-31 19:36:10,0.0,0.0,634.0,22.9,31.0
2024-01-31 19:46:10,0.0,0.0,624.0,22.9,31.0
2024-01-31 19:56:10,0.0,0.0,607.0,23.0,31.0
2024-01-31 20:06:10,0.0,0.0,604.0,22.9,31.0
2024-01-31 20:16:10,0.0,0.0,612.0,22.9,31.0
2024-01-31 20:26:10,0.0,0.0,597.0,22.9,31.0
2024-01-31 20:36:10,0.0,0.0,577.0,22.9,31.0
2024-01-31 20:46:10,0.0,0.0,582.0,22.9,30.0
2024-01-31 20:56:10,0.0,0.0,559.0,22.9,30.0
2024-01-31 21:06:10,0.0,0.0,563.0,22.9,30.0
2024-01-31 21:16:10,0.0,0.0,558.0,22.9,30.0
2024-01-31 21:26:10,0.0,0.0,558.0,22.9,30.0
2024-01-31 21:36:10,0.0,0.0,548.0,22.9,30.0
2024-01-31 21:46:10,0.0,0.0,567.0,22.9,30.0
2024-01-31 21:56:10,1.0,33.0,574.0,23.0,30.0
2024-01-31 22:06:10,0.0,33.0,561.0,23.0,30.0
2024-01-31 22:16:10,0.0,0.0,534.0,22.9,30.0
2024-01-31 22:26:09,0.0,0.0,536.0,23.0,30.0
2024-01-31 22:36:09,0.0,0.0,529.0,23.0,30.0
2024-01-31 22:46:09,0.0,0.0,546.0,23.0,30.0
2024-01-31 22:56:09,0.0,0.0,527.0,23.0,30.0
2024-01-31 23:06:09,0.0,0.0,527.0,23.0,30.0
2024-01-31 23:16:09,0.0,0.0,521.0,23.0,30.0
2024-01-31 23:26:09,0.0,0.0,532.0,23.0,30.0
2024-01-31 23:36:09,0.0,0.0,512.0,22.9,30.0
2024-01-31 23:46:09,0.0,0.0,524.0,22.9,30.0
2024-01-31 23:56:09,0.0,0.0,494.0,23.0,30.0
2024-02-01 00:06:09,0.0,0.0,505.0,22.9,30.0
2024-02-01 00:16:09,0.0,0.0,508.0,23.0,30.0
2024-02-01 00:26:09,0.0,0.0,510.0,22.9,30.0
2024-02-01 00:36:09,0.0,0.0,505.0,22.9,30.0
2024-02-01 00:46:09,0.0,0.0,497.0,22.9,30.0
2024-02-01 00:56:09,0.0,0.0,503.0,22.9,30.0
2024-02-01 01:06:09,0.0,0.0,502.0,22.9,30.0
2024-02-01 01:16:09,0.0,0.0,483.0,23.0,30.0
2024-02-01 01:26:09,0.0,0.0,478.0,22.9,30.0
2024-02-01 01:36:09,0.0,0.0,476.0,23.0,30.0
2024-02-01 01:46:09,0.0,0.0,483.0,22.9,30.0
2024-02-01 01:56:09,0.0,0.0,496.0,22.9,30.0
2024-02-01 02:06:09,0.0,0.0,483.0,23.0,30.0
2024-02-01 02:16:09,0.0,0.0,490.0,22.9,30.0
2024-02-01 02:26:08,0.0,0.0,472.0,23.0,30.0
2024-02-01 02:36:08,0.0,0.0,468.0,23.0,30.0
2024-02-01 02:46:08,0.0,0.0,481.0,22.9,30.0
2024-02-01 02:56:08,1.0,33.0,454.0,23.0,30.0
2024-02-01 03:06:08,0.0,33.0,472.0,22.9,30.0
2024-02-01 03:16:08,0.0,0.0,466.0,22.9,30.0
2024-02-01 03:26:09,0.0,0.0,480.0,22.9,30.0
2024-02-01 03:36:08,0.0,0.0,459.0,23.0,30.0
2024-02-01 03:46:08,0.0,0.0,451.0,23.0,30.0
2024-02-01 03:56:08,0.0,0.0,461.0,22.9,30.0
2024-02-01 04:06:08,0.0,33.0,461.0,23.0,30.0
2024-02-01 04:16:08,0.0,33.0,446.0,22.9,30.0
2024-02-01 04:26:08,0.0,0.0,451.0,23.0,30.0
2024-02-01 04:36:08,0.0,0.0,454.0,23.0,30.0
2024-02-01 04:46:08,0.0,0.0,464.0,22.9,30.0
2024-02-01 04:56:08,0.0,0.0,457.0,23.0,30.0
2024-02-01 05:06:08,0.0,0.0,460.0,23.0,30.0
2024-02-01 05:16:08,0.0,0.0,454.0,22.9,30.0
2024-02-01 05:26:08,0.0,0.0,450.0,23.0,30.0
2024-02-01 05:36:08,0.0,0.0,447.0,23.0,30.0
2024-02-01 05:46:08,0.0,0.0,448.0,23.0,30.0
2024-02-01 05:56:08,0.0,0.0,435.0,22.9,30.0
2024-02-01 06:06:08,0.0,0.0,447.0,23.0,30.0
2024-02-01 06:16:07,0.0,0.0,445.0,22.9,30.0
2024-02-01 06:26:07,0.0,0.0,441.0,23.0,30.0
2024-02-01 06:36:07,0.0,0.0,438.0,22.9,30.0
2024-02-01 06:46:07,2.0,30.0,473.0,23.0,30.0
2024-02-01 06:56:07,0.0,33.0,455.0,22.9,30.0
2024-02-01 07:06:07,1.0,33.0,446.0,23.0,30.0
2024-02-01 07:16:07,0.0,33.0,452.0,23.0,30.0
2024-02-01 07:26:07,0.0,33.0,446.0,22.9,30.0
2024-02-01 07:36:07,0.0,33.0,461.0,22.9,30.0
2024-02-01 07:46:07,2.0,37.0,465.0,22.9,30.0
2024-02-01 07:56:07,3.0,40.0,513.0,22.9,30.0
2024-02-01 08:06:07,0.0,40.0,507.0,23.0,30.0
2024-02-01 08:16:07,2.0,40.0,530.0,23.0,30.0
2024-02-01 08:26:07,3.0,40.0,562.0,23.0,31.0
2024-02-01 08:36:07,0.0,40.0,564.0,22.9,31.0
2024-02-01 08:46:07,5.0,43.0,604.0,22.9,31.0
2024-02-01 08:56:07,2.0,47.0,625.0,22.9,31.0
2024-02-01 09:06:07,5.0,47.0,687.0,22.9,32.0
2024-02-01 09:16:07,3.0,47.0,685.0,22.9,32.0
2024-02-01 09:26:07,1.0,50.0,702.0,22.9,32.0
2024-02-01 09:36:07,7.0,50.0,708.0,22.9,32.0
2024-02-01 09:46:07,2.0,50.0,822.0,22.9,33.0
2024-02-01 09:56:07,0.0,47.0,810.0,22.9,33.0
2024-02-01 10:06:06,5.0,50.0,749.0,23.0,32.0
2024-02-01 10:16:06,4.0,47.0,768.0,22.9,33.0
2024-02-01 10:26:06,0.0,50.0,758.0,23.0,32.0
2024-02-01 10:36:06,0.0,50.0,757.0,23.0,32.0
2024-02-01 10:46:06,2.0,50.0,749.0,23.0,32.0
2024-02-01 10:56:06,1.0,47.0,723.0,23.0,32.0
2024-02-01 11:06:06,8.0,47.0,642.0,23.0,32.0
2024-02-01 11:16:06,4.0,50.0,847.0,22.9,32.0
2024-02-01 11:26:06,9.0,43.0,814.0,23.0,32.0
2024-02-01 11:36:06,3.0,43.0,832.0,22.9,33.0
2024-02-01 11:46:06,7.0,40.0,915.0,23.0,33.0
2024-02-01 11:56:06,6.0,40.0,908.0,23.1,33.0
2024-02-01 12:06:06,1.0,43.0,937.0,23.0,33.0
2024-02-01 12:16:06,4.0,47.0,958.0,23.0,33.0
2024-02-01 12:26:06,4.0,43.0,924.0,23.1,33.0
2024-02-01 12:36:06,3.0,43.0,978.0,23.1,33.0
2024-02-01 12:46:06,4.0,43.0,992.0,23.0,33.0
2024-02-01 12:56:06,3.0,43.0,985.0,23.0,33.0
2024-02-01 13:06:06,5.0,40.0,981.0,23.1,33.0
2024-02-01 13:16:06,3.0,43.0,1032.0,23.1,33.0
2024-02-01 13:26:06,6.0,43.0,1020.0,23.0,33.0
2024-02-01 13:36:06,5.0,43.0,970.0,23.0,33.0
2024-02-01 13:46:06,2.0,43.0,937.0,23.1,33.0
2024-02-01 13:56:06,0.0,43.0,988.0,23.0,33.0
2024-02-01 14:06:05,0.0,43.0,952.0,23.1,32.0
2024-02-01 14:16:05,3.0,43.0,1236.0,23.0,33.0
2024-02-01 14:26:05,4.0,43.0,1051.0,23.0,33.0
2024-02-01 14:36:05,0.0,43.0,954.0,23.0,32.0
2024-02-01 14:46:05,1.0,40.0,906.0,23.0,32.0
2024-02-01 14:56:05,6.0,40.0,883.0,23.0,32.0
2024-02-01 15:06:05,7.0,40.0,976.0,23.0,32.0
2024-02-01 15:16:05,3.0,43.0,908.0,23.0,32.0
2024-02-01 15:26:05,4.0,40.0,1116.0,23.0,33.0
2024-02-01 15:36:05,2.0,37.0,946.0,23.0,32.0
2024-02-01 15:46:05,1.0,37.0,907.0,23.0,32.0
2024-02-01 15:56:05,2.0,37.0,883.0,23.1,32.0
2024-02-01 16:06:05,0.0,37.0,929.0,23.0,32.0
2024-02-01 16:16:05,3.0,37.0,825.0,23.0,31.0
2024-02-01 16:26:05,0.0,37.0,708.0,23.0,31.0
2024-02-01 16:36:05,0.0,37.0,644.0,23.0,31.0
2024-02-01 16:46:05,0.0,37.0,653.0,23.1,30.0
2024-02-01 16:56:05,0.0,37.0,632.0,23.1,30.0
2024-02-01 17:06:05,1.0,37.0,650.0,23.1,30.0
2024-02-01 17:16:05,0.0,37.0,625.0,23.1,30.0
2024-02-01 17:26:05,0.0,37.0,631.0,23.1,30.0
2024-02-01 17:36:05,1.0,0.0,617.0,23.1,30.0
2024-02-01 17:46:05,0.0,0.0,614.0,23.1,30.0
2024-02-01 17:56:04,0.0,0.0,608.0,23.1,30.0
2024-02-01 18:06:04,0.0,0.0,584.0,23.1,30.0
2024-02-01 18:16:04,0.0,0.0,565.0,23.1,29.0
2024-02-01 18:26:04,0.0,0.0,586.0,23.1,29.0
2024-02-01 18:36:04,0.0,0.0,586.0,23.1,29.0
2024-02-01 18:46:04,0.0,0.0,583.0,23.1,29.0
2024-02-01 18:56:04,0.0,0.0,552.0,23.0,29.0
2024-02-01 19:06:04,1.0,3.0,570.0,23.1,29.0
2024-02-01 19:16:04,0.0,3.0,566.0,23.1,29.0
2024-02-01 19:26:04,0.0,3.0,547.0,23.1,29.0
2024-02-01 19:36:04,0.0,3.0,524.0,23.1,29.0
2024-02-01 19:46:04,1.0,0.0,583.0,23.1,29.0
2024-02-01 19:56:04,0.0,0.0,539.0,23.1,29.0
2024-02-01 20:06:04,0.0,0.0,541.0,23.1,29.0
2024-02-01 20:16:04,0.0,0.0,530.0,23.1,29.0
2024-02-01 20:26:04,0.0,0.0,520.0,23.0,29.0
2024-02-01 20:36:04,0.0,0.0,521.0,23.0,29.0
2024-02-01 20:46:04,0.0,0.0,527.0,23.1,29.0
2024-02-01 20:56:04,0.0,0.0,510.0,23.1,29.0
2024-02-01 21:06:04,0.0,0.0,525.0,23.1,29.0
2024-02-01 21:16:04,0.0,0.0,515.0,23.0,29.0
2024-02-01 21:26:04,0.0,0.0,501.0,23.0,29.0
2024-02-01 21:36:04,0.0,0.0,496.0,23.0,29.0
2024-02-01 21:46:03,1.0,0.0,528.0,23.0,29.0
2024-02-01 21:56:03,0.0,0.0,502.0,23.1,29.0
2024-02-01 22:06:03,0.0,0.0,506.0,23.1,28.0
2024-02-01 22:16:03,0.0,0.0,499.0,23.0,29.0
2024-02-01 22:26:03,0.0,0.0,521.0,23.0,28.0
2024-02-01 22:36:03,0.0,0.0,482.0,23.1,28.0
2024-02-01 22:46:03,0.0,0.0,506.0,23.0,28.0
2024-02-01 22:56:03,0.0,0.0,489.0,23.0,28.0
2024-02-01 23:06:03,0.0,0.0,507.0,23.0,28.0
2024-02-01 23:16:03,0.0,0.0,500.0,23.0,28.0
2024-02-01 23:26:03,0.0,0.0,489.0,23.0,28.0
2024-02-01 23:36:03,0.0,0.0,500.0,23.0,28.0
2024-02-01 23:46:03,0.0,0.0,485.0,23.0,28.0
2024-02-01 23:56:03,0.0,0.0,494.0,23.0,28.0
2024-02-02 00:06:03,0.0,0.0,475.0,23.0,28.0
2024-02-02 00:16:03,0.0,0.0,488.0,23.0,28.0
2024-02-02 00:26:03,0.0,0.0,481.0,23.0,28.0
2024-02-02 00:36:03,0.0,0.0,480.0,23.0,28.0
2024-02-02 00:46:03,0.0,0.0,479.0,23.0,28.0
2024-02-02 00:56:03,0.0,0.0,488.0,23.0,28.0
2024-02-02 01:06:03,0.0,0.0,491.0,23.0,28.0
2024-02-02 01:16:03,0.0,0.0,486.0,23.0,28.0
2024-02-02 01:26:03,0.0,0.0,472.0,23.0,28.0
2024-02-02 01:36:03,0.0,0.0,478.0,23.0,28.0
2024-02-02 01:46:02,0.0,0.0,465.0,23.1,28.0
2024-02-02 01:56:02,0.0,0.0,480.0,23.1,28.0
2024-02-02 02:06:02,0.0,0.0,465.0,23.0,28.0
2024-02-02 02:16:03,0.0,0.0,467.0,23.0,28.0
2024-02-02 02:26:02,0.0,0.0,463.0,23.0,28.0
2024-02-02 02:36:02,0.0,0.0,456.0,23.0,28.0
2024-02-02 02:46:02,0.0,0.0,471.0,23.0,28.0
2024-02-02 02:56:02,0.0,33.0,484.0,23.0,29.0
2024-02-02 03:06:02,0.0,33.0,447.0,23.0,28.0
2024-02-02 03:16:02,0.0,0.0,467.0,23.0,28.0
2024-02-02 03:26:02,0.0,0.0,460.0,23.0,29.0
2024-02-02 03:36:02,0.0,0.0,447.0,23.1,28.0
2024-02-02 03:46:02,0.0,0.0,455.0,23.0,28.0
2024-02-02 03:56:02,0.0,33.0,482.0,23.0,29.0
2024-02-02 04:06:02,0.0,33.0,474.0,23.0,28.0
2024-02-02 04:16:02,0.0,0.0,469.0,23.1,28.0
2024-02-02 04:26:02,0.0,0.0,465.0,23.0,29.0
2024-02-02 04:36:02,0.0,0.0,459.0,23.0,28.0
2024-02-02 04:46:02,0.0,0.0,465.0,23.0,29.0
2024-02-02 04:56:02,0.0,0.0,454.0,23.0,29.0
2024-02-02 05:06:02,0.0,0.0,477.0,23.0,29.0
2024-02-02 05:16:02,0.0,0.0,459.0,23.1,29.0
2024-02-02 05:26:02,0.0,0.0,447.0,23.0,28.0
2024-02-02 05:36:02,0.0,0.0,453.0,23.0,28.0
2024-02-02 05:46:01,0.0,0.0,453.0,23.0,29.0
2024-02-02 05:56:01,0.0,0.0,454.0,23.0,29.0
2024-02-02 06:06:01,1.0,16.0,452.0,23.0,29.0
2024-02-02 06:16:01,1.0,33.0,454.0,23.0,29.0
2024-02-02 06:26:01,0.0,0.0,477.0,23.0,29.0
2024-02-02 06:36:01,0.0,0.0,470.0,23.0,29.0
2024-02-02 06:46:01,1.0,33.0,478.0,23.0,29.0
2024-02-02 06:56:01,0.0,33.0,474.0,23.0,29.0
2024-02-02 07:06:01,0.0,33.0,469.0,23.0,29.0
2024-02-02 07:16:01,0.0,33.0,466.0,23.0,29.0
2024-02-02 07:26:02,0.0,33.0,459.0,23.0,29.0
2024-02-02 07:36:01,1.0,33.0,461.0,23.0,29.0
2024-02-02 07:46:01,3.0,37.0,489.0,23.0,30.0
2024-02-02 07:56:01,2.0,37.0,491.0,23.0,30.0
2024-02-02 08:06:01,7.0,37.0,551.0,23.0,31.0
2024-02-02 08:16:01,2.0,37.0,516.0,23.0,30.0
2024-02-02 08:26:01,2.0,37.0,532.0,23.0,31.0
2024-02-02 08:36:01,0.0,37.0,592.0,23.1,31.0
2024-02-02 08:46:01,3.0,37.0,632.0,23.0,32.0
2024-02-02 08:56:01,4.0,37.0,681.0,23.0,32.0
2024-02-02 09:06:01,3.0,37.0,741.0,23.0,32.0
2024-02-02 09:16:01,1.0,37.0,639.0,23.0,32.0
2024-02-02 09:26:00,2.0,40.0,689.0,23.0,32.0
2024-02-02 09:36:00,1.0,40.0,773.0,23.0,32.0
2024-02-02 09:46:00,4.0,37.0,772.0,23.0,32.0
2024-02-02 09:56:00,6.0,40.0,724.0,22.9,33.0
2024-02-02 10:06:00,3.0,40.0,686.0,23.0,32.0
2024-02-02 10:16:00,9.0,37.0,875.0,23.0,34.0
2024-02-02 10:26:00,1.0,37.0,769.0,22.9,33.0
2024-02-02 10:36:00,0.0,37.0,716.0,23.0,33.0
2024-02-02 10:46:00,5.0,37.0,722.0,23.0,33.0
2024-02-02 10:56:00,3.0,37.0,749.0,23.0,33.0
2024-02-02 11:06:00,2.0,37.0,690.0,23.0,33.0
2024-02-02 11:16:00,4.0,37.0,701.0,23.0,33.0
2024-02-02 11:26:00,3.0,37.0,823.0,23.0,33.0
2024-02-02 11:36:00,3.0,37.0,791.0,23.0,33.0
2024-02-02 11:46:00,1.0,37.0,695.0,23.0,33.0
2024-02-02 11:56:00,1.0,37.0,803.0,23.0,33.0
2024-02-02 12:06:00,2.0,37.0,791.0,23.0,33.0
2024-02-02 12:16:00,6.0,40.0,902.0,23.0,34.0
2024-02-02 12:26:00,3.0,40.0,809.0,23.0,34.0
2024-02-02 12:36:00,4.0,40.0,792.0,23.0,33.0
2024-02-02 12:46:00,1.0,40.0,785.0,23.0,33.0
2024-02-02 12:56:00,6.0,40.0,917.0,23.0,34.0
2024-02-02 13:06:00,4.0,40.0,944.0,23.0,34.0
2024-02-02 13:16:00,6.0,37.0,982.0,23.0,35.0
2024-02-02 13:25:59,3.0,37.0,1049.0,23.0,35.0
2024-02-02 13:36:00,0.0,37.0,1020.0,23.0,35.0
2024-02-02 13:45:59,2.0,37.0,984.0,23.0,35.0
2024-02-02 13:55:59,4.0,37.0,859.0,23.0,34.0
2024-02-02 14:06:00,1.0,37.0,957.0,23.0,35.0
2024-02-02 14:15:59,1.0,37.0,915.0,23.0,34.0
2024-02-02 14:25:59,4.0,40.0,877.0,23.0,34.0
2024-02-02 14:35:59,2.0,40.0,996.0,23.0,35.0
2024-02-02 14:45:59,4.0,40.0,952.0,23.0,34.0
2024-02-02 14:55:59,5.0,40.0,954.0,23.0,35.0
2024-02-02 15:05:59,3.0,40.0,960.0,23.1,34.0
2024-02-02 15:15:59,3.0,40.0,957.0,23.1,34.0
2024-02-02 15:25:59,2.0,40.0,986.0,23.1,34.0
2024-02-02 15:35:59,2.0,40.0,978.0,23.1,34.0
2024-02-02 15:45:59,2.0,40.0,937.0,23.1,34.0
2024-02-02 15:55:59,2.0,37.0,931.0,23.1,34.0
2024-02-02 16:05:59,2.0,33.0,949.0,23.0,34.0
2024-02-02 16:15:59,0.0,33.0,867.0,23.0,34.0
2024-02-02 16:25:59,0.0,33.0,769.0,23.1,34.0
2024-02-02 16:35:59,0.0,33.0,722.0,23.1,34.0
2024-02-02 16:45:59,0.0,33.0,687.0,23.1,33.0
2024-02-02 16:55:59,0.0,33.0,664.0,23.0,33.0
2024-02-02 17:05:59,0.0,33.0,639.0,23.0,33.0
2024-02-02 17:15:58,0.0,33.0,654.0,23.0,33.0
2024-02-02 17:25:58,0.0,33.0,625.0,23.1,33.0
2024-02-02 17:35:58,0.0,0.0,615.0,23.1,33.0
2024-02-02 17:45:58,0.0,0.0,593.0,23.0,33.0
2024-02-02 17:55:58,0.0,0.0,571.0,23.1,32.0
2024-02-02 18:05:58,0.0,0.0,580.0,23.0,32.0
2024-02-02 18:15:58,0.0,0.0,562.0,23.1,32.0
2024-02-02 18:25:58,0.0,0.0,565.0,23.1,32.0
2024-02-02 18:35:58,0.0,0.0,560.0,23.0,32.0
2024-02-02 18:45:58,0.0,0.0,570.0,23.0,32.0
2024-02-02 18:55:58,0.0,0.0,557.0,23.1,32.0
2024-02-02 19:05:59,0.0,0.0,547.0,23.1,32.0
2024-02-02 19:15:58,0.0,0.0,549.0,23.1,32.0
2024-02-02 19:25:58,0.0,0.0,547.0,23.1,32.0
2024-02-02 19:35:58,0.0,0.0,545.0,23.0,32.0
2024-02-02 19:45:58,0.0,0.0,518.0,23.0,32.0
2024-02-02 19:55:58,0.0,0.0,523.0,23.0,32.0
2024-02-02 20:05:58,0.0,0.0,521.0,23.0,32.0
2024-02-02 20:15:58,0.0,0.0,530.0,23.1,32.0
2024-02-02 20:25:58,0.0,0.0,516.0,23.0,32.0
2024-02-02 20:35:58,0.0,0.0,522.0,23.1,32.0
2024-02-02 20:45:58,0.0,0.0,498.0,23.0,32.0
2024-02-02 20:55:58,0.0,0.0,506.0,23.0,32.0
2024-02-02 21:05:58,0.0,0.0,511.0,23.0,32.0
2024-02-02 21:15:57,0.0,0.0,497.0,23.0,32.0
2024-02-02 21:25:57,0.0,0.0,498.0,23.0,32.0
2024-02-02 21:35:58,0.0,0.0,492.0,23.0,32.0
2024-02-02 21:45:57,0.0,0.0,511.0,23.0,32.0
2024-02-02 21:55:57,0.0,0.0,483.0,23.0,32.0
2024-02-02 22:05:57,0.0,0.0,489.0,23.0,32.0
2024-02-02 22:15:57,0.0,0.0,471.0,23.0,32.0
2024-02-02 22:25:57,1.0,0.0,485.0,23.0,32.0
2024-02-02 22:35:57,0.0,0.0,472.0,23.0,32.0
2024-02-02 22:45:57,0.0,0.0,487.0,23.0,32.0
2024-02-02 22:55:57,0.0,0.0,471.0,23.1,32.0
2024-02-02 23:05:57,0.0,0.0,477.0,23.0,32.0
2024-02-02 23:15:57,0.0,0.0,483.0,23.0,32.0
2024-02-02 23:25:57,0.0,0.0,479.0,23.0,32.0
2024-02-02 23:35:57,0.0,0.0,467.0,23.0,32.0
2024-02-02 23:45:57,0.0,0.0,480.0,23.0,32.0
2024-02-02 23:55:57,0.0,0.0,466.0,23.0,32.0
2024-02-03 00:05:57,0.0,0.0,452.0,23.0,32.0
2024-02-03 00:15:57,0.0,0.0,470.0,23.0,32.0
2024-02-03 00:25:57,0.0,0.0,470.0,23.0,32.0
2024-02-03 00:35:57,0.0,0.0,460.0,23.0,32.0
2024-02-03 00:45:57,0.0,0.0,455.0,23.0,32.0
2024-02-03 00:55:57,0.0,0.0,456.0,23.0,32.0
2024-02-03 01:05:56,0.0,0.0,455.0,23.0,32.0
2024-02-03 01:15:56,0.0,0.0,456.0,23.0,32.0
2024-02-03 01:25:56,0.0,0.0,457.0,23.0,32.0
2024-02-03 01:35:56,0.0,0.0,452.0,23.0,32.0
2024-02-03 01:45:56,0.0,0.0,457.0,23.0,32.0
2024-02-03 01:55:56,0.0,0.0,445.0,23.0,32.0
2024-02-03 02:05:56,0.0,0.0,452.0,23.0,32.0
2024-02-03 02:15:56,0.0,0.0,458.0,23.0,32.0
2024-02-03 02:25:56,0.0,0.0,444.0,23.0,32.0
2024-02-03 02:35:56,0.0,0.0,441.0,23.0,32.0
2024-02-03 02:45:57,0.0,0.0,444.0,23.0,32.0
2024-02-03 02:55:56,0.0,0.0,456.0,23.0,32.0
2024-02-03 03:05:56,0.0,0.0,447.0,23.0,32.0
2024-02-03 03:15:56,0.0,0.0,452.0,23.0,32.0
2024-02-03 03:25:56,0.0,0.0,438.0,23.0,32.0
2024-02-03 03:35:56,0.0,0.0,442.0,23.0,32.0
2024-02-03 03:45:56,0.0,0.0,441.0,23.0,32.0
2024-02-03 03:55:56,0.0,0.0,444.0,23.0,32.0
2024-02-03 04:05:56,0.0,0.0,436.0,23.0,32.0
2024-02-03 04:15:56,0.0,0.0,439.0,23.0,32.0
2024-02-03 04:25:56,0.0,0.0,453.0,23.0,32.0
2024-02-03 04:35:56,0.0,0.0,437.0,23.0,32.0
2024-02-03 04:45:56,0.0,0.0,423.0,23.0,32.0
2024-02-03 04:55:55,0.0,0.0,431.0,23.0,32.0
2024-02-03 05:05:55,0.0,0.0,430.0,23.0,32.0
2024-02-03 05:15:55,0.0,0.0,432.0,23.0,32.0
2024-02-03 05:25:55,0.0,0.0,425.0,23.0,32.0
2024-02-03 05:35:56,0.0,0.0,425.0,23.0,32.0
2024-02-03 05:45:55,0.0,0.0,427.0,23.0,32.0
2024-02-03 05:55:55,0.0,0.0,431.0,23.0,32.0
2024-02-03 06:05:55,0.0,0.0,431.0,23.0,32.0
2024-02-03 06:15:55,0.0,0.0,426.0,23.0,32.0
2024-02-03 06:25:55,0.0,0.0,442.0,23.0,32.0
2024-02-03 06:35:55,2.0,33.0,446.0,23.0,33.0
2024-02-03 06:45:55,0.0,33.0,436.0,23.0,33.0
2024-02-03 06:55:55,0.0,0.0,431.0,23.0,33.0
2024-02-03 07:05:55,0.0,0.0,432.0,23.0,33.0
2024-02-03 07:15:55,0.0,3.0,438.0,23.0,33.0
2024-02-03 07:25:55,0.0,3.0,442.0,23.0,33.0
2024-02-03 07:35:55,0.0,3.0,447.0,23.0,33.0
2024-02-03 07:45:55,0.0,3.0,447.0,23.0,33.0
2024-02-03 07:55:55,0.0,3.0,438.0,23.0,33.0
2024-02-03 08:05:55,0.0,3.0,451.0,23.1,33.0
2024-02-03 08:15:55,0.0,3.0,444.0,23.0,33.0
2024-02-03 08:25:55,0.0,3.0,436.0,23.0,33.0
2024-02-03 08:35:55,0.0,3.0,437.0,23.0,33.0
2024-02-03 08:45:55,0.0,3.0,431.0,23.0,33.0
2024-02-03 08:55:54,0.0,6.0,438.0,23.0,33.0
2024-02-03 09:05:55,0.0,6.0,448.0,23.0,33.0
2024-02-03 09:15:54,0.0,6.0,430.0,23.0,32.0
2024-02-03 09:25:54,0.0,6.0,440.0,23.0,33.0
2024-02-03 09:35:54,0.0,6.0,441.0,23.0,33.0
2024-02-03 09:45:54,0.0,6.0,430.0,23.0,33.0
2024-02-03 09:55:54,0.0,6.0,430.0,23.1,33.0
2024-02-03 10:05:54,0.0,6.0,429.0,23.0,33.0
2024-02-03 10:15:54,0.0,6.0,436.0,23.0,33.0
2024-02-03 10:25:54,0.0,6.0,434.0,23.0,33.0
2024-02-03 10:35:54,0.0,3.0,436.0,23.0,32.0
2024-02-03 10:45:54,0.0,6.0,425.0,23.0,33.0
2024-02-03 10:55:54,0.0,3.0,438.0,23.0,32.0
2024-02-03 11:05:54,0.0,3.0,430.0,23.0,32.0
2024-02-03 11:15:54,0.0,3.0,435.0,23.0,32.0
2024-02-03 11:25:54,0.0,3.0,431.0,23.0,33.0
2024-02-03 11:35:54,0.0,6.0,426.0,23.0,32.0
2024-02-03 11:45:54,0.0,3.0,437.0,23.0,32.0
2024-02-03 11:55:54,0.0,6.0,437.0,23.1,32.0
2024-02-03 12:05:54,0.0,3.0,440.0,23.0,32.0
2024-02-03 12:15:54,0.0,6.0,440.0,23.0,32.0
2024-02-03 12:25:54,0.0,3.0,430.0,23.0,32.0
2024-02-03 12:35:54,0.0,6.0,443.0,23.0,32.0
2024-02-03 12:45:53,0.0,3.0,434.0,23.0,32.0
2024-02-03 12:55:53,0.0,6.0,444.0,23.0,32.0
2024-02-03 13:05:53,0.0,6.0,438.0,23.0,32.0
2024-02-03 13:15:53,0.0,3.0,428.0,23.0,32.0
2024-02-03 13:25:53,0.0,3.0,442.0,23.0,32.0
2024-02-03 13:35:53,0.0,6.0,437.0,23.0,32.0
2024-02-03 13:45:53,0.0,6.0,425.0,23.0,32.0
2024-02-03 13:55:53,0.0,3.0,427.0,23.0,32.0
2024-02-03 14:05:53,0.0,3.0,429.0,23.0,32.0
2024-02-03 14:15:53,0.0,3.0,422.0,23.0,32.0
2024-02-03 14:25:53,0.0,3.0,427.0,23.0,32.0
2024-02-03 14:35:53,0.0,3.0,429.0,23.0,32.0
2024-02-03 14:45:53,0.0,3.0,423.0,23.0,32.0
2024-02-03 14:55:53,0.0,3.0,434.0,23.0,32.0
2024-02-03 15:05:53,0.0,3.0,426.0,23.0,32.0
2024-02-03 15:15:53,0.0,3.0,422.0,23.1,32.0
2024-02-03 15:25:53,0.0,3.0,430.0,23.0,32.0
2024-02-03 15:35:53,0.0,3.0,425.0,23.0,32.0
2024-02-03 15:45:53,0.0,0.0,419.0,23.0,32.0
2024-02-03 15:55:53,0.0,0.0,435.0,23.0,32.0
2024-02-03 16:05:53,0.0,0.0,437.0,23.0,32.0
2024-02-03 16:15:53,0.0,0.0,412.0,23.0,32.0
2024-02-03 16:25:53,0.0,0.0,416.0,23.0,32.0
2024-02-03 16:35:53,0.0,0.0,418.0,23.0,32.0
2024-02-03 16:45:52,0.0,0.0,419.0,23.0,32.0
2024-02-03 16:55:52,0.0,0.0,424.0,23.0,32.0
2024-02-03 17:05:52,0.0,0.0,422.0,23.0,32.0
2024-02-03 17:15:52,0.0,0.0,427.0,23.0,32.0
2024-02-03 17:25:52,0.0,0.0,426.0,23.0,32.0
2024-02-03 17:35:52,0.0,0.0,423.0,23.0,32.0
2024-02-03 17:45:52,0.0,0.0,415.0,23.0,32.0
2024-02-03 17:55:52,0.0,0.0,446.0,23.0,32.0
2024-02-03 18:05:52,0.0,0.0,416.0,23.0,32.0
2024-02-03 18:15:52,0.0,0.0,418.0,23.0,32.0
2024-02-03 18:25:52,0.0,0.0,427.0,23.0,32.0
2024-02-03 18:35:52,0.0,0.0,409.0,23.0,32.0
2024-02-03 18:45:52,0.0,0.0,419.0,23.0,31.0
2024-02-03 18:55:52,0.0,0.0,407.0,23.0,32.0
2024-02-03 19:05:52,0.0,0.0,418.0,23.0,31.0
2024-02-03 19:15:52,0.0,0.0,422.0,23.0,31.0
2024-02-03 19:25:52,0.0,0.0,404.0,23.0,31.0
2024-02-03 19:35:52,0.0,0.0,407.0,23.0,31.0
2024-02-03 19:45:52,0.0,0.0,413.0,23.0,31.0
2024-02-03 19:55:52,0.0,0.0,418.0,23.0,31.0
2024-02-03 20:05:52,0.0,0.0,425.0,22.9,31.0
2024-02-03 20:15:52,0.0,0.0,421.0,23.0,31.0
2024-02-03 20:25:52,0.0,0.0,397.0,23.0,31.0
2024-02-03 20:35:51,0.0,0.0,419.0,23.0,31.0
2024-02-03 20:45:51,0.0,0.0,407.0,23.0,31.0
2024-02-03 20:55:51,0.0,0.0,421.0,23.0,31.0
2024-02-03 21:05:51,0.0,0.0,410.0,23.0,31.0
2024-02-03 21:15:51,0.0,0.0,404.0,23.0,31.0
2024-02-03 21:25:51,0.0,0.0,403.0,23.0,31.0
2024-02-03 21:35:52,0.0,0.0,408.0,23.0,31.0
2024-02-03 21:45:51,0.0,0.0,396.0,23.0,31.0
2024-02-03 21:55:51,0.0,0.0,416.0,23.0,31.0
2024-02-03 22:05:51,0.0,0.0,410.0,23.0,31.0
2024-02-03 22:15:51,0.0,0.0,413.0,23.0,31.0
2024-02-03 22:25:51,0.0,0.0,413.0,23.0,31.0
2024-02-03 22:35:51,0.0,0.0,412.0,23.0,31.0
2024-02-03 22:45:51,0.0,0.0,389.0,23.0,31.0
2024-02-03 22:55:51,0.0,0.0,395.0,23.0,31.0
2024-02-03 23:05:51,0.0,0.0,403.0,23.0,31.0
2024-02-03 23:15:51,0.0,0.0,406.0,23.0,31.0
2024-02-03 23:25:51,0.0,0.0,403.0,23.0,30.0
2024-02-03 23:35:51,0.0,0.0,398.0,23.0,30.0
2024-02-03 23:45:51,0.0,0.0,405.0,22.9,30.0
2024-02-03 23:55:51,0.0,0.0,399.0,23.0,30.0
2024-02-04 00:05:51,0.0,0.0,397.0,23.0,30.0
2024-02-04 00:15:51,0.0,0.0,403.0,23.0,30.0
2024-02-04 00:25:51,0.0,0.0,402.0,23.0,30.0
2024-02-04 00:35:50,0.0,0.0,398.0,23.0,30.0
2024-02-04 00:45:50,0.0,0.0,409.0,23.0,30.0
2024-02-04 00:55:50,0.0,0.0,394.0,23.0,30.0
2024-02-04 01:05:50,0.0,0.0,401.0,23.0,30.0
2024-02-04 01:15:50,0.0,0.0,399.0,23.0,30.0
2024-02-04 01:25:50,0.0,0.0,397.0,23.0,30.0
2024-02-04 01:35:50,0.0,0.0,398.0,23.0,30.0
2024-02-04 01:45:50,0.0,0.0,396.0,23.0,30.0
2024-02-04 01:55:50,0.0,0.0,392.0,23.0,30.0
2024-02-04 02:05:50,0.0,0.0,396.0,23.0,30.0
2024-02-04 02:15:50,0.0,0.0,408.0,23.0,30.0
2024-02-04 02:25:50,0.0,0.0,402.0,23.0,30.0
2024-02-04 02:35:50,0.0,0.0,401.0,23.0,30.0
2024-02-04 02:45:50,0.0,0.0,391.0,22.9,30.0
2024-02-04 02:55:50,0.0,0.0,381.0,22.9,30.0
2024-02-04 03:05:51,0.0,0.0,398.0,23.0,30.0
2024-02-04 03:15:50,0.0,0.0,401.0,23.0,30.0
2024-02-04 03:25:50,0.0,0.0,400.0,22.9,30.0
2024-02-04 03:35:50,0.0,0.0,403.0,23.0,30.0
2024-02-04 03:45:50,0.0,0.0,408.0,23.0,30.0
2024-02-04 03:55:50,0.0,0.0,406.0,23.0,30.0
2024-02-04 04:05:50,0.0,0.0,389.0,23.0,30.0
2024-02-04 04:15:50,0.0,0.0,407.0,23.0,30.0
2024-02-04 04:25:49,0.0,0.0,388.0,22.9,30.0
2024-02-04 04:35:49,0.0,0.0,407.0,23.0,30.0
2024-02-04 04:45:49,0.0,0.0,395.0,23.0,30.0
2024-02-04 04:55:49,0.0,0.0,386.0,22.9,30.0
2024-02-04 05:05:49,0.0,0.0,396.0,23.0,30.0
2024-02-04 05:15:49,0.0,0.0,384.0,23.0,30.0
2024-02-04 05:25:49,0.0,0.0,395.0,23.0,30.0
2024-02-04 05:35:49,0.0,0.0,398.0,23.0,30.0
2024-02-04 05:45:49,0.0,0.0,389.0,23.0,30.0
2024-02-04 05:55:49,0.0,0.0,396.0,23.0,30.0
2024-02-04 06:05:49,0.0,0.0,382.0,23.0,30.0
2024-02-04 06:15:49,0.0,0.0,390.0,22.9,30.0
2024-02-04 06:25:49,0.0,0.0,395.0,23.0,30.0
2024-02-04 06:35:49,0.0,0.0,408.0,22.9,30.0
2024-02-04 06:45:49,1.0,33.0,402.0,22.9,30.0
2024-02-04 06:55:49,0.0,33.0,407.0,23.0,30.0
2024-02-04 07:05:49,0.0,0.0,407.0,23.0,30.0
2024-02-04 07:15:49,0.0,0.0,410.0,23.0,30.0
2024-02-04 07:25:49,0.0,3.0,412.0,23.0,30.0
2024-02-04 07:35:49,0.0,3.0,412.0,22.9,30.0
2024-02-04 07:45:49,0.0,3.0,417.0,22.9,30.0
2024-02-04 07:55:49,0.0,3.0,420.0,23.0,30.0
2024-02-04 08:05:49,0.0,3.0,416.0,23.0,30.0
2024-02-04 08:15:49,0.0,3.0,406.0,23.0,30.0
2024-02-04 08:25:48,0.0,3.0,404.0,22.9,30.0
2024-02-04 08:35:48,0.0,3.0,412.0,22.9,30.0
2024-02-04 08:45:48,0.0,3.0,416.0,23.0,30.0
2024-02-04 08:55:48,0.0,3.0,416.0,22.9,30.0
2024-02-04 09:05:48,0.0,3.0,412.0,22.9,30.0
2024-02-04 09:15:48,0.0,3.0,408.0,22.9,30.0
2024-02-04 09:25:48,0.0,3.0,404.0,22.9,30.0
2024-02-04 09:35:48,0.0,3.0,408.0,22.9,30.0
2024-02-04 09:45:48,0.0,3.0,406.0,22.9,30.0
2024-02-04 09:55:48,0.0,3.0,402.0,22.9,30.0
2024-02-04 10:05:48,0.0,3.0,405.0,23.0,30.0
2024-02-04 10:15:48,0.0,3.0,405.0,22.9,30.0
2024-02-04 10:25:48,0.0,3.0,409.0,22.9,30.0
2024-02-04 10:35:48,0.0,3.0,412.0,22.9,30.0
2024-02-04 10:45:48,0.0,3.0,408.0,22.9,30.0
2024-02-04 10:55:48,0.0,3.0,402.0,22.9,30.0
2024-02-04 11:05:48,0.0,3.0,411.0,22.9,30.0
2024-02-04 11:15:48,0.0,3.0,399.0,22.9,30.0
2024-02-04 11:25:48,0.0,3.0,414.0,22.9,30.0
2024-02-04 11:35:48,0.0,3.0,417.0,22.9,30.0
2024-02-04 11:45:48,0.0,3.0,421.0,22.9,30.0
2024-02-04 11:55:48,0.0,3.0,406.0,22.9,30.0
2024-02-04 12:05:48,0.0,3.0,396.0,22.9,30.0
2024-02-04 12:15:47,0.0,3.0,420.0,22.9,30.0
2024-02-04 12:25:47,0.0,3.0,415.0,22.9,30.0
2024-02-04 12:35:47,0.0,3.0,409.0,22.9,31.0
2024-02-04 12:45:47,0.0,3.0,407.0,22.9,31.0
2024-02-04 12:55:47,0.0,3.0,416.0,22.9,31.0
2024-02-04 13:05:47,0.0,3.0,409.0,22.9,31.0
2024-02-04 13:15:47,0.0,3.0,408.0,22.9,31.0
2024-02-04 13:25:47,0.0,3.0,402.0,22.9,31.0
2024-02-04 13:35:47,0.0,3.0,395.0,22.9,31.0
2024-02-04 13:45:47,0.0,3.0,414.0,22.9,31.0
2024-02-04 13:55:47,0.0,3.0,415.0,22.9,31.0
2024-02-04 14:05:47,0.0,3.0,407.0,22.9,30.0
2024-02-04 14:15:47,0.0,3.0,412.0,22.9,30.0
2024-02-04 14:25:47,0.0,3.0,395.0,22.9,31.0
2024-02-04 14:35:47,0.0,0.0,408.0,22.9,31.0
2024-02-04 14:45:47,0.0,3.0,401.0,23.0,31.0
2024-02-04 14:55:47,0.0,0.0,410.0,22.9,30.0
2024-02-04 15:05:47,0.0,0.0,402.0,22.9,31.0
2024-02-04 15:15:47,0.0,0.0,392.0,22.9,31.0
2024-02-04 15:25:47,0.0,0.0,398.0,22.9,31.0
2024-02-04 15:35:47,0.0,0.0,414.0,22.9,31.0
2024-02-04 15:45:47,0.0,0.0,409.0,22.9,30.0
2024-02-04 15:55:47,0.0,0.0,401.0,22.9,31.0
2024-02-04 16:05:46,0.0,0.0,414.0,22.9,31.0
2024-02-04 16:15:47,0.0,0.0,394.0,22.9,31.0
2024-02-04 16:25:46,0.0,0.0,412.0,22.9,31.0
2024-02-04 16:35:46,0.0,0.0,401.0,22.9,31.0
2024-02-04 16:45:46,0.0,0.0,405.0,22.9,31.0
2024-02-04 16:55:46,0.0,0.0,415.0,22.9,31.0
2024-02-04 17:05:46,0.0,0.0,412.0,22.9,31.0
2024-02-04 17:15:46,0.0,0.0,409.0,22.9,31.0
2024-02-04 17:25:46,0.0,0.0,417.0,22.9,31.0
2024-02-04 17:35:46,0.0,0.0,403.0,22.9,31.0
2024-02-04 17:45:46,0.0,0.0,415.0,22.9,31.0
2024-02-04 17:55:46,0.0,0.0,403.0,22.9,31.0
2024-02-04 18:05:46,0.0,0.0,408.0,22.9,31.0
2024-02-04 18:15:46,0.0,0.0,391.0,22.9,31.0
2024-02-04 18:25:46,0.0,0.0,400.0,22.9,31.0
2024-02-04 18:35:46,0.0,0.0,395.0,22.9,31.0
2024-02-04 18:45:46,0.0,0.0,408.0,22.9,31.0
2024-02-04 18:55:46,0.0,0.0,414.0,22.9,31.0
2024-02-04 19:05:46,0.0,0.0,396.0,22.9,31.0
2024-02-04 19:15:46,0.0,0.0,410.0,22.9,31.0
2024-02-04 19:25:46,0.0,0.0,407.0,22.9,31.0
2024-02-04 19:35:46,0.0,0.0,393.0,22.9,31.0
2024-02-04 19:45:46,0.0,0.0,390.0,22.9,31.0
2024-02-04 19:55:46,0.0,0.0,388.0,22.9,31.0
2024-02-04 20:05:45,0.0,0.0,405.0,22.9,31.0
2024-02-04 20:15:45,0.0,0.0,396.0,22.9,31.0
2024-02-04 20:25:45,0.0,0.0,398.0,22.9,31.0
2024-02-04 20:35:45,0.0,0.0,403.0,22.9,31.0
2024-02-04 20:45:45,0.0,0.0,404.0,22.8,31.0
2024-02-04 20:55:45,0.0,0.0,396.0,22.9,31.0
2024-02-04 21:05:45,0.0,0.0,388.0,22.9,31.0
2024-02-04 21:15:45,0.0,0.0,401.0,22.9,31.0
2024-02-04 21:25:45,0.0,0.0,406.0,22.9,31.0
2024-02-04 21:35:45,0.0,0.0,391.0,22.9,31.0
2024-02-04 21:45:45,0.0,0.0,388.0,22.9,31.0
2024-02-04 21:55:45,0.0,0.0,385.0,22.9,31.0
2024-02-04 22:05:45,0.0,0.0,392.0,22.9,31.0
2024-02-04 22:15:45,0.0,0.0,401.0,22.9,31.0
2024-02-04 22:25:45,0.0,0.0,394.0,22.9,31.0
2024-02-04 22:35:45,0.0,0.0,403.0,22.9,31.0
2024-02-04 22:45:45,0.0,0.0,384.0,22.9,31.0
2024-02-04 22:55:45,0.0,0.0,400.0,22.9,31.0
2024-02-04 23:05:45,0.0,0.0,395.0,22.9,31.0
2024-02-04 23:15:45,0.0,0.0,395.0,22.9,31.0
2024-02-04 23:25:45,0.0,0.0,395.0,22.9,31.0
2024-02-04 23:35:45,0.0,0.0,397.0,22.8,31.0
2024-02-04 23:45:45,0.0,0.0,395.0,22.9,31.0
2024-02-04 23:55:44,0.0,0.0,387.0,22.9,31.0
2024-02-05 00:05:44,0.0,0.0,376.0,22.9,31.0
2024-02-05 00:15:45,0.0,0.0,390.0,22.9,31.0
2024-02-05 00:25:44,0.0,0.0,389.0,22.8,31.0
2024-02-05 00:35:44,0.0,0.0,393.0,22.9,31.0
2024-02-05 00:45:44,0.0,0.0,404.0,22.9,31.0
2024-02-05 00:55:44,0.0,0.0,401.0,22.9,31.0
2024-02-05 01:05:44,0.0,0.0,390.0,22.9,31.0
2024-02-05 01:15:44,0.0,0.0,395.0,22.9,31.0
2024-02-05 01:25:44,0.0,0.0,385.0,22.9,31.0
2024-02-05 01:35:44,0.0,0.0,386.0,22.9,31.0
2024-02-05 01:45:44,0.0,0.0,399.0,22.9,31.0
2024-02-05 01:55:44,0.0,0.0,377.0,22.9,31.0
2024-02-05 02:05:44,0.0,0.0,376.0,22.9,30.0
2024-02-05 02:15:44,0.0,0.0,394.0,22.9,31.0
2024-02-05 02:25:44,0.0,0.0,395.0,22.9,30.0
2024-02-05 02:35:44,0.0,0.0,401.0,22.9,31.0
2024-02-05 02:45:44,0.0,0.0,381.0,22.9,30.0
2024-02-05 02:55:44,0.0,0.0,383.0,22.9,30.0
2024-02-05 03:05:44,0.0,0.0,392.0,22.9,30.0
2024-02-05 03:15:44,0.0,0.0,389.0,22.9,30.0
2024-02-05 03:25:44,0.0,0.0,388.0,22.9,30.0
2024-02-05 03:35:44,0.0,0.0,390.0,22.9,30.0
2024-02-05 03:45:43,0.0,0.0,385.0,22.8,30.0
2024-02-05 03:55:43,0.0,0.0,384.0,22.9,30.0
2024-02-05 04:05:43,0.0,0.0,396.0,22.9,30.0
2024-02-05 04:15:43,0.0,0.0,367.0,22.9,30.0
2024-02-05 04:25:44,0.0,0.0,378.0,22.9,30.0
2024-02-05 04:35:43,0.0,0.0,384.0,22.9,30.0
2024-02-05 04:45:43,0.0,0.0,392.0,22.9,30.0
2024-02-05 04:55:43,0.0,0.0,399.0,22.8,30.0
2024-02-05 05:05:43,0.0,0.0,393.0,22.9,30.0
2024-02-05 05:15:43,0.0,0.0,398.0,22.8,30.0
2024-02-05 05:25:43,0.0,0.0,391.0,22.8,30.0
2024-02-05 05:35:43,0.0,0.0,409.0,22.9,30.0
2024-02-05 05:45:43,0.0,0.0,401.0,22.9,30.0
2024-02-05 05:55:43,0.0,0.0,405.0,22.9,30.0
2024-02-05 06:05:43,0.0,0.0,397.0,22.9,30.0
2024-02-05 06:15:43,0.0,0.0,399.0,22.9,30.0
2024-02-05 06:25:43,0.0,0.0,392.0,22.8,30.0
2024-02-05 06:35:43,0.0,0.0,394.0,22.8,30.0
2024-02-05 06:45:43,0.0,0.0,406.0,22.9,30.0
2024-02-05 06:55:43,0.0,0.0,397.0,22.9,30.0
2024-02-05 07:05:43,3.0,30.0,406.0,22.9,30.0
2024-02-05 07:15:43,1.0,37.0,416.0,22.9,30.0
2024-02-05 07:25:43,0.0,37.0,414.0,22.9,30.0
2024-02-05 07:35:43,0.0,37.0,422.0,22.9,30.0
2024-02-05 07:45:43,1.0,43.0,426.0,22.9,30.0
2024-02-05 07:55:42,1.0,40.0,419.0,22.9,31.0
2024-02-05 08:05:42,2.0,40.0,441.0,22.8,31.0
2024-02-05 08:15:42,2.0,40.0,481.0,22.9,31.0
2024-02-05 08:25:42,5.0,40.0,494.0,22.8,32.0
2024-02-05 08:35:42,2.0,40.0,523.0,22.9,32.0
2024-02-05 08:45:42,2.0,40.0,476.0,22.9,31.0
2024-02-05 08:55:42,4.0,40.0,535.0,22.9,32.0
2024-02-05 09:05:42,1.0,40.0,514.0,22.9,31.0
2024-02-05 09:15:42,0.0,40.0,504.0,22.9,31.0
2024-02-05 09:25:42,1.0,43.0,530.0,22.9,31.0
2024-02-05 09:35:42,0.0,43.0,566.0,22.9,31.0
2024-02-05 09:45:43,0.0,43.0,638.0,22.9,32.0
2024-02-05 09:55:42,4.0,43.0,596.0,22.9,32.0
2024-02-05 10:05:42,0.0,43.0,591.0,22.9,32.0
2024-02-05 10:15:42,4.0,43.0,644.0,22.9,32.0
2024-02-05 10:25:42,2.0,43.0,643.0,22.9,32.0
2024-02-05 10:35:42,2.0,40.0,633.0,22.9,32.0
2024-02-05 10:45:42,1.0,40.0,757.0,23.0,32.0
2024-02-05 10:55:42,0.0,40.0,676.0,22.9,32.0
2024-02-05 11:05:42,3.0,40.0,644.0,22.9,32.0
2024-02-05 11:15:42,4.0,40.0,723.0,23.0,32.0
2024-02-05 11:25:42,4.0,40.0,740.0,22.9,32.0
2024-02-05 11:35:41,1.0,40.0,761.0,23.0,33.0
2024-02-05 11:45:41,5.0,40.0,693.0,22.9,32.0
2024-02-05 11:55:41,5.0,37.0,730.0,22.9,32.0
2024-02-05 12:05:41,3.0,40.0,716.0,22.9,32.0
2024-02-05 12:15:41,1.0,40.0,824.0,23.0,33.0
2024-02-05 12:25:41,3.0,40.0,844.0,23.0,33.0
2024-02-05 12:35:41,2.0,40.0,816.0,22.9,33.0
2024-02-05 12:45:41,4.0,40.0,821.0,22.8,33.0
2024-02-05 12:55:41,3.0,40.0,705.0,22.9,32.0
2024-02-05 13:05:41,3.0,40.0,825.0,22.9,32.0
2024-02-05 13:15:41,2.0,40.0,770.0,22.9,32.0
2024-02-05 13:25:41,5.0,40.0,811.0,22.9,32.0
2024-02-05 13:35:41,4.0,37.0,802.0,22.9,32.0
2024-02-05 13:45:41,0.0,37.0,862.0,22.9,32.0
2024-02-05 13:55:41,4.0,37.0,982.0,22.9,33.0
2024-02-05 14:05:41,0.0,37.0,992.0,23.0,33.0
2024-02-05 14:15:41,1.0,37.0,938.0,22.9,32.0
2024-02-05 14:25:41,9.0,37.0,1037.0,23.0,33.0
2024-02-05 14:35:41,3.0,37.0,1131.0,22.9,33.0
2024-02-05 14:45:41,2.0,37.0,1061.0,23.0,34.0
2024-02-05 14:55:41,1.0,37.0,1093.0,23.0,34.0
2024-02-05 15:05:41,1.0,37.0,1015.0,23.0,33.0
2024-02-05 15:15:41,0.0,37.0,982.0,23.0,33.0
2024-02-05 15:25:41,2.0,37.0,1007.0,23.0,33.0
2024-02-05 15:35:40,4.0,37.0,996.0,23.0,33.0
2024-02-05 15:45:40,1.0,33.0,959.0,23.0,33.0
2024-02-05 15:55:40,2.0,33.0,976.0,23.0,33.0
2024-02-05 16:05:40,1.0,33.0,992.0,23.0,33.0
2024-02-05 16:15:40,0.0,33.0,982.0,23.0,33.0
2024-02-05 16:25:40,1.0,33.0,936.0,23.0,32.0
2024-02-05 16:35:40,2.0,33.0,914.0,23.0,32.0
2024-02-05 16:45:40,0.0,33.0,816.0,23.0,32.0
2024-02-05 16:55:40,2.0,33.0,813.0,23.0,32.0
2024-02-05 17:05:40,0.0,33.0,794.0,23.0,32.0
2024-02-05 17:15:40,0.0,33.0,795.0,23.0,32.0
2024-02-05 17:25:40,0.0,37.0,824.0,23.0,32.0
2024-02-05 17:35:40,0.0,3.0,830.0,23.1,32.0
2024-02-05 17:45:40,0.0,33.0,832.0,23.1,32.0
2024-02-05 17:55:40,0.0,33.0,856.0,23.0,32.0
2024-02-05 18:05:40,0.0,0.0,843.0,23.1,32.0
2024-02-05 18:15:40,0.0,0.0,839.0,23.0,32.0
2024-02-05 18:25:40,0.0,0.0,793.0,23.0,32.0
2024-02-05 18:35:40,0.0,0.0,786.0,23.0,32.0
2024-02-05 18:45:40,0.0,0.0,757.0,23.1,32.0
2024-02-05 18:55:40,0.0,0.0,741.0,23.0,32.0
2024-02-05 19:05:40,0.0,0.0,737.0,23.0,32.0
2024-02-05 19:15:40,0.0,0.0,688.0,23.0,32.0
2024-02-05 19:25:40,0.0,0.0,697.0,23.0,32.0
2024-02-05 19:35:39,0.0,0.0,692.0,23.1,32.0
2024-02-05 19:45:39,0.0,0.0,684.0,23.0,32.0
2024-02-05 19:55:39,1.0,33.0,654.0,23.0,32.0
2024-02-05 20:05:39,0.0,33.0,717.0,23.0,32.0
2024-02-05 20:15:39,0.0,0.0,686.0,23.1,32.0
2024-02-05 20:25:39,0.0,0.0,667.0,23.0,32.0
2024-02-05 20:35:39,0.0,0.0,643.0,23.1,32.0
2024-02-05 20:45:39,0.0,0.0,641.0,23.0,32.0
2024-02-05 20:55:39,0.0,0.0,605.0,23.0,32.0
2024-02-05 21:05:39,0.0,0.0,598.0,23.0,32.0
2024-02-05 21:15:39,0.0,0.0,589.0,23.0,31.0
2024-02-05 21:25:39,0.0,0.0,592.0,23.0,31.0
2024-02-05 21:35:39,0.0,0.0,570.0,23.0,31.0
2024-02-05 21:45:39,0.0,0.0,572.0,23.0,31.0
2024-02-05 21:55:39,0.0,0.0,556.0,23.0,31.0
2024-02-05 22:05:39,0.0,0.0,570.0,23.0,31.0
2024-02-05 22:15:39,0.0,0.0,542.0,23.0,31.0
2024-02-05 22:25:39,0.0,0.0,552.0,23.1,31.0
2024-02-05 22:35:39,0.0,0.0,527.0,23.0,31.0
2024-02-05 22:45:39,0.0,0.0,540.0,23.0,31.0
2024-02-05 22:55:39,0.0,0.0,528.0,23.0,31.0
2024-02-05 23:05:39,0.0,0.0,515.0,23.0,31.0
2024-02-05 23:15:38,0.0,0.0,511.0,23.0,31.0
2024-02-05 23:25:38,0.0,0.0,511.0,23.1,31.0
2024-02-05 23:35:38,0.0,0.0,493.0,23.0,30.0
2024-02-05 23:45:38,0.0,0.0,506.0,23.0,30.0
2024-02-05 23:55:38,1.0,0.0,496.0,23.0,30.0
2024-02-06 00:05:38,0.0,0.0,506.0,23.0,30.0
2024-02-06 00:15:38,0.0,0.0,499.0,23.1,30.0
2024-02-06 00:25:38,0.0,0.0,476.0,23.0,30.0
2024-02-06 00:35:38,0.0,0.0,470.0,23.0,30.0
2024-02-06 00:45:38,0.0,0.0,470.0,23.1,30.0
2024-02-06 00:55:38,0.0,0.0,491.0,23.0,30.0
2024-02-06 01:05:38,0.0,0.0,476.0,23.1,30.0
2024-02-06 01:15:38,0.0,0.0,489.0,23.0,30.0
2024-02-06 01:25:38,0.0,0.0,479.0,23.0,30.0
2024-02-06 01:35:38,0.0,0.0,463.0,23.0,30.0
2024-02-06 01:45:38,0.0,0.0,485.0,23.0,30.0
2024-02-06 01:55:38,0.0,0.0,479.0,23.0,30.0
2024-02-06 02:05:38,0.0,0.0,468.0,23.0,30.0
2024-02-06 02:15:38,0.0,0.0,474.0,23.0,30.0
2024-02-06 02:25:38,0.0,0.0,472.0,23.0,30.0
2024-02-06 02:35:38,0.0,0.0,478.0,23.0,30.0
2024-02-06 02:45:38,1.0,23.0,452.0,23.0,30.0
2024-02-06 02:55:38,0.0,33.0,477.0,23.0,30.0
2024-02-06 03:05:38,0.0,0.0,459.0,23.0,30.0
2024-02-06 03:15:37,0.0,0.0,453.0,23.0,30.0
2024-02-06 03:25:37,0.0,0.0,464.0,23.0,30.0
2024-02-06 03:35:37,0.0,0.0,464.0,23.0,30.0
2024-02-06 03:45:37,0.0,0.0,456.0,23.0,30.0
2024-02-06 03:55:37,0.0,33.0,458.0,23.0,30.0
2024-02-06 04:05:37,0.0,33.0,461.0,23.0,30.0
2024-02-06 04:15:37,0.0,0.0,463.0,23.0,30.0
2024-02-06 04:25:37,0.0,0.0,460.0,23.0,30.0
2024-02-06 04:35:37,0.0,0.0,469.0,23.0,30.0
2024-02-06 04:45:37,0.0,0.0,456.0,23.0,30.0
2024-02-06 04:55:37,0.0,0.0,465.0,23.0,30.0
2024-02-06 05:05:37,0.0,0.0,458.0,23.0,30.0
2024-02-06 05:15:37,0.0,0.0,447.0,23.0,30.0
2024-02-06 05:25:37,0.0,0.0,446.0,23.0,30.0
2024-02-06 05:35:37,0.0,0.0,453.0,23.0,30.0
2024-02-06 05:45:37,0.0,0.0,440.0,23.0,30.0
2024-02-06 05:55:37,0.0,0.0,448.0,22.9,30.0
2024-02-06 06:05:37,0.0,0.0,453.0,23.0,30.0
2024-02-06 06:15:37,0.0,0.0,437.0,23.0,29.0
2024-02-06 06:25:37,0.0,0.0,445.0,22.9,30.0
2024-02-06 06:35:37,0.0,0.0,449.0,23.0,29.0
2024-02-06 06:45:37,0.0,0.0,451.0,23.0,29.0
2024-02-06 06:55:37,1.0,0.0,453.0,23.0,29.0
2024-02-06 07:05:37,0.0,0.0,448.0,23.0,30.0
2024-02-06 07:15:36,0.0,0.0,459.0,23.0,30.0
2024-02-06 07:25:36,0.0,30.0,452.0,23.0,30.0
2024-02-06 07:35:36,0.0,33.0,473.0,23.0,30.0
2024-02-06 07:45:36,0.0,33.0,463.0,23.0,30.0
2024-02-06 07:55:36,1.0,37.0,521.0,23.0,30.0
2024-02-06 08:05:36,6.0,37.0,541.0,22.9,31.0
2024-02-06 08:15:36,4.0,37.0,532.0,22.9,31.0
2024-02-06 08:25:36,2.0,37.0,529.0,22.9,31.0
2024-02-06 08:35:36,3.0,37.0,592.0,22.9,32.0
2024-02-06 08:45:36,5.0,37.0,638.0,22.9,32.0
2024-02-06 08:55:36,3.0,37.0,609.0,22.9,32.0
2024-02-06 09:05:36,4.0,37.0,641.0,22.9,33.0
2024-02-06 09:15:36,1.0,37.0,644.0,22.9,33.0
2024-02-06 09:25:36,0.0,37.0,695.0,22.9,33.0
2024-02-06 09:35:36,3.0,37.0,670.0,22.9,33.0
2024-02-06 09:45:36,3.0,37.0,700.0,22.9,34.0
2024-02-06 09:55:36,3.0,40.0,666.0,22.9,33.0
2024-02-06 10:05:36,1.0,40.0,725.0,22.9,33.0
2024-02-06 10:15:36,0.0,40.0,749.0,22.9,34.0
2024-02-06 10:25:36,3.0,40.0,725.0,23.0,34.0
2024-02-06 10:35:36,3.0,40.0,714.0,22.9,34.0
2024-02-06 10:45:36,3.0,40.0,857.0,22.9,34.0
2024-02-06 10:55:36,5.0,43.0,816.0,22.9,34.0
2024-02-06 11:05:36,4.0,40.0,892.0,22.9,34.0
2024-02-06 11:15:35,4.0,40.0,827.0,23.0,35.0
2024-02-06 11:25:35,0.0,40.0,868.0,22.9,34.0
2024-02-06 11:35:35,2.0,40.0,968.0,22.9,35.0
2024-02-06 11:45:36,7.0,40.0,906.0,22.9,35.0
2024-02-06 11:55:35,0.0,40.0,873.0,23.0,34.0
2024-02-06 12:05:35,4.0,40.0,821.0,23.0,35.0
2024-02-06 12:15:35,7.0,40.0,876.0,22.9,35.0
2024-02-06 12:25:35,1.0,40.0,913.0,23.0,35.0
2024-02-06 12:35:35,0.0,40.0,825.0,23.0,35.0
2024-02-06 12:45:35,1.0,40.0,838.0,23.0,35.0
2024-02-06 12:55:35,0.0,40.0,857.0,23.0,35.0
2024-02-06 13:05:35,6.0,40.0,861.0,23.0,35.0
2024-02-06 13:15:35,2.0,40.0,836.0,23.0,35.0
2024-02-06 13:25:35,1.0,40.0,838.0,23.0,35.0
2024-02-06 13:35:35,2.0,40.0,839.0,23.0,35.0
2024-02-06 13:45:35,0.0,40.0,846.0,22.9,36.0
2024-02-06 13:55:35,0.0,40.0,787.0,22.9,36.0
2024-02-06 14:05:35,2.0,40.0,734.0,22.9,35.0
2024-02-06 14:15:35,3.0,40.0,653.0,22.9,35.0
2024-02-06 14:25:35,3.0,37.0,681.0,22.9,35.0
2024-02-06 14:35:35,0.0,40.0,744.0,22.9,35.0
2024-02-06 14:45:35,2.0,40.0,763.0,22.9,36.0
2024-02-06 14:55:34,1.0,40.0,710.0,22.9,35.0
2024-02-06 15:05:34,0.0,40.0,762.0,23.0,35.0
2024-02-06 15:15:34,0.0,40.0,777.0,22.9,35.0
2024-02-06 15:25:34,0.0,37.0,719.0,22.9,35.0
2024-02-06 15:35:34,1.0,40.0,751.0,23.0,35.0
2024-02-06 15:45:34,0.0,40.0,728.0,23.0,35.0
2024-02-06 15:55:34,0.0,40.0,717.0,23.0,35.0
2024-02-06 16:05:34,2.0,40.0,722.0,23.0,35.0
2024-02-06 16:15:34,0.0,37.0,729.0,23.0,35.0
2024-02-06 16:25:34,0.0,37.0,681.0,23.0,35.0
2024-02-06 16:35:34,0.0,37.0,640.0,23.0,34.0
2024-02-06 16:45:34,2.0,37.0,626.0,23.0,34.0
2024-02-06 16:55:34,0.0,37.0,618.0,23.0,34.0
2024-02-06 17:05:34,0.0,37.0,639.0,23.0,34.0
2024-02-06 17:15:34,0.0,37.0,618.0,23.0,34.0
2024-02-06 17:25:34,0.0,37.0,621.0,23.0,34.0
2024-02-06 17:35:34,0.0,6.0,593.0,23.0,34.0
2024-02-06 17:45:34,0.0,6.0,586.0,23.0,34.0
2024-02-06 17:55:34,0.0,6.0,569.0,23.0,34.0
2024-02-06 18:05:34,0.0,6.0,568.0,22.9,34.0
2024-02-06 18:15:34,0.0,6.0,569.0,23.0,34.0
2024-02-06 18:25:34,0.0,6.0,563.0,23.0,34.0
2024-02-06 18:35:34,0.0,6.0,560.0,23.0,34.0
2024-02-06 18:45:34,0.0,6.0,545.0,22.9,33.0
2024-02-06 18:55:33,0.0,6.0,543.0,23.0,33.0
2024-02-06 19:05:34,0.0,6.0,544.0,22.9,33.0
2024-02-06 19:15:33,0.0,6.0,537.0,23.0,33.0
2024-02-06 19:25:33,0.0,6.0,522.0,22.9,33.0
2024-02-06 19:35:33,0.0,6.0,537.0,22.9,33.0
2024-02-06 19:45:33,0.0,6.0,539.0,22.9,33.0
2024-02-06 19:55:33,0.0,6.0,539.0,22.9,33.0
2024-02-06 20:05:33,0.0,6.0,537.0,22.9,33.0
2024-02-06 20:15:33,0.0,6.0,519.0,22.9,33.0
2024-02-06 20:25:33,0.0,6.0,518.0,22.9,33.0
2024-02-06 20:35:33,0.0,6.0,511.0,22.9,33.0
2024-02-06 20:45:33,0.0,6.0,509.0,22.9,33.0
2024-02-06 20:55:33,0.0,6.0,500.0,23.0,33.0
2024-02-06 21:05:33,0.0,6.0,503.0,23.0,33.0
2024-02-06 21:15:33,0.0,6.0,506.0,23.0,33.0
2024-02-06 21:25:33,0.0,6.0,492.0,23.0,33.0
2024-02-06 21:35:33,0.0,6.0,488.0,23.0,33.0
2024-02-06 21:45:33,0.0,0.0,516.0,22.9,33.0
2024-02-06 21:55:33,0.0,0.0,492.0,22.9,33.0
2024-02-06 22:05:33,0.0,0.0,474.0,22.9,32.0
2024-02-06 22:15:33,0.0,0.0,480.0,22.9,33.0
2024-02-06 22:25:33,0.0,0.0,482.0,22.9,32.0
2024-02-06 22:35:33,0.0,0.0,487.0,23.0,32.0
2024-02-06 22:45:32,0.0,0.0,486.0,23.0,32.0
2024-02-06 22:55:32,0.0,0.0,466.0,22.9,32.0
2024-02-06 23:05:32,0.0,0.0,477.0,22.9,32.0
2024-02-06 23:15:32,0.0,0.0,484.0,22.9,32.0
2024-02-06 23:25:32,0.0,0.0,477.0,22.9,32.0
2024-02-06 23:35:32,0.0,0.0,466.0,22.9,32.0
2024-02-06 23:45:32,0.0,0.0,460.0,22.9,32.0
2024-02-06 23:55:32,0.0,0.0,463.0,22.9,32.0
2024-02-07 00:05:32,0.0,0.0,467.0,22.9,32.0
2024-02-07 00:15:32,0.0,0.0,466.0,22.9,32.0
2024-02-07 00:25:32,0.0,0.0,452.0,22.9,32.0
2024-02-07 00:35:32,0.0,0.0,454.0,22.9,32.0
2024-02-07 00:45:32,0.0,0.0,445.0,22.9,32.0
2024-02-07 00:55:32,0.0,0.0,446.0,22.9,32.0
2024-02-07 01:05:32,0.0,0.0,461.0,22.9,32.0
2024-02-07 01:15:32,0.0,0.0,450.0,23.0,32.0
2024-02-07 01:25:32,0.0,0.0,462.0,22.9,32.0
2024-02-07 01:35:32,0.0,0.0,459.0,22.9,32.0
2024-02-07 01:45:32,0.0,0.0,458.0,22.9,31.0
2024-02-07 01:55:32,0.0,0.0,450.0,22.9,31.0
2024-02-07 02:05:32,0.0,0.0,445.0,22.9,31.0
2024-02-07 02:15:32,0.0,0.0,434.0,22.9,31.0
2024-02-07 02:25:32,0.0,0.0,443.0,22.9,31.0
2024-02-07 02:35:32,0.0,0.0,457.0,22.9,31.0
2024-02-07 02:45:31,0.0,0.0,450.0,22.9,31.0
2024-02-07 02:55:31,2.0,33.0,442.0,22.9,31.0
2024-02-07 03:05:32,0.0,33.0,443.0,22.9,31.0
2024-02-07 03:15:31,0.0,0.0,451.0,22.9,31.0
2024-02-07 03:25:31,0.0,0.0,442.0,22.9,31.0
2024-02-07 03:35:31,0.0,0.0,441.0,22.9,31.0
2024-02-07 03:45:31,0.0,0.0,447.0,22.9,31.0
2024-02-07 03:55:31,0.0,0.0,449.0,22.9,31.0
2024-02-07 04:05:31,0.0,33.0,445.0,22.9,31.0
2024-02-07 04:15:31,0.0,33.0,447.0,22.9,31.0
2024-02-07 04:25:31,0.0,0.0,437.0,22.9,31.0
2024-02-07 04:35:31,0.0,0.0,432.0,22.9,31.0
2024-02-07 04:45:31,0.0,0.0,448.0,22.9,31.0
2024-02-07 04:55:31,0.0,0.0,426.0,22.9,31.0
2024-02-07 05:05:31,0.0,0.0,426.0,22.9,31.0
2024-02-07 05:15:31,0.0,0.0,426.0,22.9,31.0
2024-02-07 05:25:31,0.0,0.0,431.0,22.9,31.0
2024-02-07 05:35:31,0.0,0.0,430.0,22.9,31.0
2024-02-07 05:45:31,0.0,0.0,417.0,22.9,31.0
2024-02-07 05:55:31,0.0,0.0,416.0,22.9,31.0
2024-02-07 06:05:31,0.0,0.0,430.0,22.9,31.0
2024-02-07 06:15:31,0.0,0.0,438.0,22.9,31.0
2024-02-07 06:25:31,0.0,0.0,449.0,22.9,30.0
2024-02-07 06:35:30,0.0,0.0,426.0,22.9,31.0
2024-02-07 06:45:30,0.0,0.0,430.0,22.9,30.0
2024-02-07 06:55:30,0.0,0.0,437.0,22.9,30.0
2024-02-07 07:05:30,0.0,0.0,432.0,22.9,30.0
2024-02-07 07:15:30,0.0,0.0,420.0,22.9,30.0
2024-02-07 07:25:30,0.0,0.0,429.0,22.9,30.0
2024-02-07 07:35:30,5.0,40.0,481.0,22.9,31.0
2024-02-07 07:45:30,5.0,40.0,479.0,22.9,31.0
2024-02-07 07:55:30,0.0,40.0,607.0,22.8,32.0
2024-02-07 08:05:30,2.0,40.0,511.0,22.7,29.0
2024-02-07 08:15:30,3.0,40.0,546.0,22.8,30.0
2024-02-07 08:25:30,4.0,40.0,583.0,22.8,30.0
2024-02-07 08:35:30,5.0,40.0,731.0,22.8,31.0
2024-02-07 08:45:30,3.0,43.0,609.0,22.8,31.0
2024-02-07 08:55:30,2.0,40.0,667.0,22.7,31.0
2024-02-07 09:05:30,13.0,47.0,740.0,22.7,31.0
2024-02-07 09:15:30,3.0,47.0,731.0,22.7,31.0
2024-02-07 09:25:30,1.0,50.0,773.0,22.7,32.0
2024-02-07 09:35:30,3.0,53.0,806.0,22.7,32.0
2024-02-07 09:45:30,3.0,50.0,786.0,22.7,32.0
2024-02-07 09:55:30,2.0,47.0,680.0,22.6,31.0
2024-02-07 10:05:30,6.0,43.0,739.0,22.7,31.0
2024-02-07 10:15:30,5.0,40.0,691.0,22.7,31.0
2024-02-07 10:25:30,0.0,40.0,727.0,22.7,31.0
2024-02-07 10:35:29,5.0,47.0,861.0,22.7,32.0
2024-02-07 10:45:29,4.0,43.0,989.0,22.7,32.0
2024-02-07 10:55:29,5.0,43.0,950.0,22.7,33.0
2024-02-07 11:05:29,11.0,40.0,981.0,22.8,33.0
2024-02-07 11:15:29,0.0,40.0,987.0,22.8,33.0
2024-02-07 11:25:29,2.0,40.0,881.0,22.8,32.0
2024-02-07 11:35:29,3.0,40.0,1075.0,22.8,33.0
2024-02-07 11:45:29,9.0,40.0,859.0,22.8,32.0
2024-02-07 11:55:29,3.0,43.0,889.0,22.7,32.0
2024-02-07 12:05:29,4.0,40.0,960.0,22.8,32.0
2024-02-07 12:15:29,7.0,40.0,959.0,22.8,32.0
2024-02-07 12:25:29,2.0,40.0,876.0,22.8,31.0
2024-02-07 12:35:29,5.0,40.0,949.0,22.8,32.0
2024-02-07 12:45:29,1.0,43.0,940.0,22.8,31.0
2024-02-07 12:55:29,3.0,40.0,1031.0,22.8,32.0
2024-02-07 13:05:29,1.0,40.0,1076.0,22.8,32.0
2024-02-07 13:15:29,2.0,40.0,1047.0,22.9,32.0
2024-02-07 13:25:29,1.0,40.0,1178.0,22.9,33.0
2024-02-07 13:35:29,1.0,37.0,1232.0,22.9,33.0
2024-02-07 13:45:29,4.0,37.0,1082.0,22.8,33.0
2024-02-07 13:55:29,1.0,37.0,1085.0,22.9,33.0
2024-02-07 14:05:29,3.0,40.0,1022.0,22.8,32.0
2024-02-07 14:15:29,3.0,33.0,1023.0,22.9,32.0
2024-02-07 14:25:28,3.0,37.0,1090.0,22.8,33.0
2024-02-07 14:35:28,2.0,37.0,1145.0,22.8,33.0
2024-02-07 14:45:28,4.0,37.0,1088.0,22.8,33.0
2024-02-07 14:55:28,3.0,37.0,1082.0,22.8,33.0
2024-02-07 15:05:28,2.0,37.0,1191.0,22.8,33.0
2024-02-07 15:15:28,5.0,37.0,1309.0,22.8,34.0
2024-02-07 15:25:28,5.0,37.0,1252.0,22.8,34.0
2024-02-07 15:35:28,3.0,33.0,1035.0,22.9,33.0
2024-02-07 15:45:28,0.0,33.0,1066.0,22.8,33.0
2024-02-07 15:55:28,1.0,33.0,1086.0,22.9,33.0
2024-02-07 16:05:28,1.0,33.0,1107.0,22.8,33.0
2024-02-07 16:15:28,0.0,33.0,1038.0,22.9,33.0
2024-02-07 16:25:28,0.0,33.0,937.0,22.9,32.0
2024-02-07 16:35:28,2.0,33.0,777.0,22.8,32.0
2024-02-07 16:45:28,0.0,33.0,774.0,22.9,31.0
2024-02-07 16:55:28,0.0,33.0,808.0,22.9,31.0
2024-02-07 17:05:28,0.0,33.0,810.0,22.9,31.0
2024-02-07 17:15:28,0.0,33.0,835.0,22.9,31.0
2024-02-07 17:25:28,0.0,33.0,823.0,22.9,31.0
2024-02-07 17:35:28,0.0,0.0,810.0,22.9,31.0
2024-02-07 17:45:28,0.0,0.0,814.0,22.9,31.0
2024-02-07 17:55:28,0.0,0.0,799.0,22.9,31.0
2024-02-07 18:05:28,0.0,0.0,784.0,22.9,31.0
2024-02-07 18:15:28,0.0,0.0,751.0,22.9,31.0
2024-02-07 18:25:27,0.0,0.0,747.0,22.9,31.0
2024-02-07 18:35:27,0.0,0.0,726.0,22.8,30.0
2024-02-07 18:45:27,0.0,0.0,708.0,22.9,30.0
2024-02-07 18:55:27,0.0,0.0,673.0,22.9,30.0
2024-02-07 19:05:28,0.0,0.0,666.0,22.9,30.0
2024-02-07 19:15:27,0.0,0.0,668.0,22.9,30.0
2024-02-07 19:25:27,0.0,0.0,649.0,22.8,30.0
2024-02-07 19:35:27,0.0,0.0,635.0,22.9,30.0
2024-02-07 19:45:27,0.0,0.0,618.0,22.9,30.0
2024-02-07 19:55:27,0.0,0.0,620.0,22.9,30.0
2024-02-07 20:05:27,0.0,0.0,616.0,22.9,30.0
2024-02-07 20:15:27,0.0,0.0,603.0,22.8,30.0
2024-02-07 20:25:27,0.0,0.0,585.0,22.8,29.0
2024-02-07 20:35:27,0.0,0.0,576.0,22.8,29.0
2024-02-07 20:45:27,0.0,0.0,578.0,22.8,29.0
2024-02-07 20:55:27,0.0,0.0,558.0,22.8,29.0
2024-02-07 21:05:27,0.0,0.0,562.0,22.9,29.0
2024-02-07 21:15:27,0.0,0.0,543.0,22.8,29.0
2024-02-07 21:25:27,0.0,0.0,551.0,22.8,29.0
2024-02-07 21:35:27,0.0,0.0,529.0,22.8,29.0
2024-02-07 21:45:27,0.0,0.0,536.0,22.9,29.0
2024-02-07 21:55:27,0.0,0.0,537.0,22.8,29.0
2024-02-07 22:05:27,0.0,0.0,512.0,22.9,29.0
2024-02-07 22:15:26,0.0,0.0,536.0,22.9,29.0
2024-02-07 22:25:26,0.0,0.0,531.0,22.8,29.0
2024-02-07 22:35:26,0.0,0.0,520.0,22.8,29.0
2024-02-07 22:45:26,0.0,0.0,509.0,22.9,28.0
2024-02-07 22:55:26,0.0,0.0,498.0,22.8,28.0
2024-02-07 23:05:26,0.0,0.0,506.0,22.8,28.0
2024-02-07 23:15:26,0.0,0.0,514.0,22.9,28.0
2024-02-07 23:25:26,0.0,0.0,504.0,22.8,28.0
2024-02-07 23:35:26,0.0,0.0,505.0,22.8,28.0
2024-02-07 23:45:26,0.0,0.0,507.0,22.9,28.0
2024-02-07 23:55:26,0.0,0.0,499.0,22.8,28.0
2024-02-08 00:05:27,0.0,0.0,510.0,22.8,28.0
2024-02-08 00:15:26,0.0,0.0,514.0,22.8,28.0
2024-02-08 00:25:26,0.0,0.0,499.0,22.9,28.0
2024-02-08 00:35:26,0.0,0.0,502.0,22.8,28.0
2024-02-08 00:45:26,0.0,0.0,482.0,22.8,28.0
2024-02-08 00:55:26,0.0,0.0,494.0,22.8,28.0
2024-02-08 01:05:26,0.0,0.0,485.0,22.8,28.0
2024-02-08 01:15:26,0.0,0.0,479.0,22.8,28.0
2024-02-08 01:25:26,0.0,0.0,487.0,22.8,28.0
2024-02-08 01:35:26,0.0,0.0,478.0,22.8,28.0
2024-02-08 01:45:26,0.0,0.0,470.0,22.8,28.0
2024-02-08 01:55:26,0.0,0.0,476.0,22.9,28.0
2024-02-08 02:05:25,0.0,0.0,466.0,22.8,28.0
2024-02-08 02:15:25,0.0,0.0,491.0,22.8,28.0
2024-02-08 02:25:25,0.0,0.0,475.0,22.8,28.0
2024-02-08 02:35:25,0.0,0.0,463.0,22.8,28.0
2024-02-08 02:45:25,1.0,30.0,481.0,22.8,28.0
2024-02-08 02:55:25,0.0,33.0,470.0,22.8,28.0
2024-02-08 03:05:26,0.0,0.0,476.0,22.8,28.0
2024-02-08 03:15:25,0.0,0.0,458.0,22.8,28.0
2024-02-08 03:25:25,0.0,0.0,448.0,22.8,28.0
2024-02-08 03:35:25,0.0,0.0,461.0,22.8,28.0
2024-02-08 03:45:25,1.0,20.0,477.0,22.8,28.0
2024-02-08 03:55:25,0.0,33.0,466.0,22.8,28.0
2024-02-08 04:05:25,0.0,0.0,465.0,22.8,28.0
2024-02-08 04:15:25,0.0,0.0,455.0,22.8,28.0
2024-02-08 04:25:25,0.0,0.0,442.0,22.8,28.0
2024-02-08 04:35:25,0.0,0.0,466.0,22.8,28.0
2024-02-08 04:45:25,0.0,0.0,453.0,22.9,28.0
2024-02-08 04:55:25,0.0,0.0,454.0,22.8,28.0
2024-02-08 05:05:25,0.0,0.0,440.0,22.8,28.0
2024-02-08 05:15:25,0.0,0.0,447.0,22.9,28.0
2024-02-08 05:25:25,0.0,0.0,444.0,22.8,28.0
2024-02-08 05:35:25,0.0,0.0,441.0,22.8,28.0
2024-02-08 05:45:25,0.0,0.0,444.0,22.8,28.0
2024-02-08 05:55:25,0.0,0.0,436.0,22.8,28.0
2024-02-08 06:05:24,0.0,0.0,431.0,22.8,28.0
2024-02-08 06:15:24,0.0,0.0,443.0,22.8,28.0
2024-02-08 06:25:24,0.0,26.0,437.0,22.8,28.0
2024-02-08 06:35:24,1.0,33.0,457.0,22.9,28.0
2024-02-08 06:45:24,0.0,0.0,444.0,22.8,28.0
2024-02-08 06:55:24,0.0,0.0,431.0,22.8,28.0
2024-02-08 07:05:24,1.0,3.0,441.0,22.8,28.0
2024-02-08 07:15:24,1.0,37.0,509.0,22.8,28.0
2024-02-08 07:25:24,0.0,40.0,449.0,22.8,28.0
2024-02-08 07:35:24,0.0,43.0,494.0,22.8,28.0
2024-02-08 07:45:24,0.0,43.0,482.0,22.8,28.0
2024-02-08 07:55:24,2.0,43.0,533.0,22.8,29.0
2024-02-08 08:05:24,0.0,43.0,513.0,22.8,28.0
2024-02-08 08:15:24,3.0,47.0,550.0,22.8,29.0
2024-02-08 08:25:24,3.0,47.0,547.0,22.8,29.0
2024-02-08 08:35:24,1.0,50.0,612.0,22.8,29.0
2024-02-08 08:45:24,6.0,50.0,665.0,22.8,30.0
2024-02-08 08:55:24,0.0,50.0,695.0,22.8,31.0
2024-02-08 09:05:24,4.0,50.0,770.0,22.8,31.0
2024-02-08 09:15:24,2.0,50.0,784.0,22.8,31.0
2024-02-08 09:25:24,0.0,50.0,769.0,22.8,31.0
2024-02-08 09:35:24,3.0,50.0,779.0,22.8,32.0
2024-02-08 09:45:24,0.0,47.0,727.0,22.7,31.0
2024-02-08 09:55:23,1.0,43.0,712.0,22.8,31.0
2024-02-08 10:05:23,1.0,47.0,720.0,22.7,31.0
2024-02-08 10:15:23,1.0,43.0,750.0,22.7,31.0
2024-02-08 10:25:23,0.0,47.0,749.0,22.7,31.0
2024-02-08 10:35:23,1.0,47.0,897.0,22.7,32.0
2024-02-08 10:45:23,3.0,40.0,753.0,22.8,31.0
2024-02-08 10:55:23,2.0,40.0,888.0,22.8,32.0
2024-02-08 11:05:23,6.0,40.0,792.0,22.8,31.0
2024-02-08 11:15:23,2.0,40.0,762.0,22.7,31.0
2024-02-08 11:25:23,3.0,40.0,792.0,22.7,31.0
2024-02-08 11:35:23,7.0,43.0,758.0,22.7,31.0
2024-02-08 11:45:23,5.0,43.0,788.0,22.7,31.0
2024-02-08 11:55:23,5.0,40.0,854.0,22.7,31.0
2024-02-08 12:05:23,1.0,43.0,796.0,22.8,31.0
2024-02-08 12:15:23,1.0,43.0,859.0,22.7,31.0
2024-02-08 12:25:23,4.0,40.0,796.0,22.8,31.0
2024-02-08 12:35:23,2.0,40.0,842.0,22.8,31.0
2024-02-08 12:45:23,5.0,43.0,861.0,22.7,31.0
2024-02-08 12:55:23,1.0,43.0,814.0,22.8,31.0
2024-02-08 13:05:23,3.0,43.0,812.0,22.8,31.0
2024-02-08 13:15:23,3.0,43.0,810.0,22.8,30.0
2024-02-08 13:25:23,1.0,40.0,862.0,22.7,31.0
2024-02-08 13:35:23,0.0,43.0,986.0,22.8,31.0
2024-02-08 13:45:23,1.0,43.0,1103.0,22.8,33.0
2024-02-08 13:55:22,3.0,40.0,1151.0,22.8,33.0
2024-02-08 14:05:22,1.0,40.0,1404.0,22.8,34.0
2024-02-08 14:15:22,0.0,40.0,1406.0,22.8,34.0
2024-02-08 14:25:22,1.0,43.0,1315.0,22.9,34.0
2024-02-08 14:35:22,2.0,37.0,1234.0,22.9,34.0
2024-02-08 14:45:22,2.0,37.0,1237.0,22.9,34.0
2024-02-08 14:55:22,1.0,40.0,1303.0,22.9,34.0
2024-02-08 15:05:22,1.0,40.0,1210.0,22.8,34.0
2024-02-08 15:15:22,3.0,37.0,1139.0,22.8,33.0
2024-02-08 15:25:22,1.0,37.0,1086.0,22.8,33.0
2024-02-08 15:35:22,2.0,37.0,1266.0,22.9,33.0
2024-02-08 15:45:22,1.0,37.0,1104.0,22.9,33.0
2024-02-08 15:55:22,3.0,33.0,1167.0,22.8,33.0
2024-02-08 16:05:22,0.0,33.0,1194.0,22.8,33.0
2024-02-08 16:15:22,0.0,33.0,1120.0,22.8,33.0
2024-02-08 16:25:22,0.0,33.0,1047.0,22.8,33.0
2024-02-08 16:35:22,1.0,33.0,943.0,22.9,32.0
2024-02-08 16:45:22,1.0,33.0,896.0,22.8,32.0
2024-02-08 16:55:22,1.0,33.0,782.0,22.9,31.0
2024-02-08 17:05:22,0.0,33.0,808.0,22.9,31.0
2024-02-08 17:15:22,0.0,33.0,756.0,22.8,31.0
2024-02-08 17:25:22,0.0,33.0,741.0,22.8,30.0
2024-02-08 17:35:22,0.0,0.0,714.0,22.9,30.0
2024-02-08 17:45:21,0.0,0.0,703.0,22.9,30.0
2024-02-08 17:55:21,0.0,0.0,681.0,22.9,30.0
2024-02-08 18:05:21,0.0,0.0,664.0,22.8,30.0
2024-02-08 18:15:21,0.0,0.0,640.0,22.8,30.0
2024-02-08 18:25:21,0.0,0.0,659.0,22.8,30.0
2024-02-08 18:35:21,0.0,0.0,628.0,22.8,29.0
2024-02-08 18:45:21,0.0,0.0,626.0,22.8,29.0
2024-02-08 18:55:21,0.0,0.0,620.0,22.8,29.0
2024-02-08 19:05:21,0.0,0.0,641.0,22.8,29.0
2024-02-08 19:15:21,0.0,0.0,604.0,22.8,29.0
2024-02-08 19:25:21,0.0,0.0,613.0,22.8,29.0
2024-02-08 19:35:21,0.0,0.0,623.0,22.8,29.0
2024-02-08 19:45:21,0.0,0.0,595.0,22.8,29.0
2024-02-08 19:55:21,0.0,0.0,604.0,22.8,29.0
2024-02-08 20:05:21,0.0,0.0,599.0,22.9,29.0
2024-02-08 20:15:21,0.0,0.0,597.0,22.8,29.0
2024-02-08 20:25:21,0.0,0.0,580.0,22.8,29.0
2024-02-08 20:35:21,0.0,0.0,590.0,22.8,29.0
2024-02-08 20:45:21,0.0,0.0,595.0,22.8,29.0
2024-02-08 20:55:21,0.0,0.0,595.0,22.8,29.0
2024-02-08 21:05:21,0.0,0.0,561.0,22.8,29.0
2024-02-08 21:15:21,0.0,0.0,570.0,22.8,29.0
2024-02-08 21:25:21,0.0,0.0,562.0,22.8,29.0
2024-02-08 21:35:20,0.0,0.0,554.0,22.8,29.0
2024-02-08 21:45:21,0.0,0.0,548.0,22.8,29.0
2024-02-08 21:55:20,0.0,0.0,539.0,22.8,29.0
2024-02-08 22:05:20,0.0,0.0,562.0,22.8,29.0
2024-02-08 22:15:20,0.0,0.0,550.0,22.8,29.0
2024-02-08 22:25:20,0.0,0.0,543.0,22.8,29.0
2024-02-08 22:35:20,0.0,0.0,552.0,22.8,29.0
2024-02-08 22:45:20,0.0,0.0,553.0,22.8,29.0
2024-02-08 22:55:20,0.0,0.0,531.0,22.8,29.0
2024-02-08 23:05:20,0.0,0.0,553.0,22.8,29.0
2024-02-08 23:15:20,0.0,0.0,541.0,22.8,29.0
2024-02-08 23:25:20,0.0,0.0,542.0,22.8,29.0
2024-02-08 23:35:20,0.0,0.0,530.0,22.8,29.0
2024-02-08 23:45:20,0.0,0.0,538.0,22.8,29.0
2024-02-08 23:55:20,0.0,0.0,537.0,22.8,29.0
2024-02-09 00:05:20,0.0,0.0,535.0,22.8,29.0
2024-02-09 00:15:20,0.0,0.0,551.0,22.8,29.0
2024-02-09 00:25:20,0.0,0.0,534.0,22.8,29.0
2024-02-09 00:35:21,0.0,0.0,521.0,22.8,29.0
2024-02-09 00:45:20,0.0,0.0,523.0,22.8,29.0
2024-02-09 00:55:20,0.0,0.0,535.0,22.7,29.0
2024-02-09 01:05:20,0.0,0.0,522.0,22.8,29.0
2024-02-09 01:15:20,0.0,0.0,518.0,22.8,29.0
2024-02-09 01:25:20,0.0,0.0,508.0,22.8,29.0
2024-02-09 01:35:19,0.0,0.0,515.0,22.8,29.0
2024-02-09 01:45:19,0.0,0.0,508.0,22.8,29.0
2024-02-09 01:55:19,0.0,0.0,509.0,22.8,29.0
2024-02-09 02:05:19,0.0,0.0,508.0,22.7,29.0
2024-02-09 02:15:19,0.0,0.0,494.0,22.8,29.0
2024-02-09 02:25:19,0.0,0.0,508.0,22.7,29.0
2024-02-09 02:35:19,0.0,0.0,510.0,22.8,29.0
2024-02-09 02:45:19,0.0,0.0,516.0,22.7,29.0
2024-02-09 02:55:19,2.0,33.0,521.0,22.7,29.0
2024-02-09 03:05:19,0.0,33.0,512.0,22.8,29.0
2024-02-09 03:15:19,0.0,0.0,513.0,22.7,29.0
2024-02-09 03:25:19,0.0,0.0,493.0,22.8,29.0
2024-02-09 03:35:19,0.0,0.0,495.0,22.8,29.0
2024-02-09 03:45:19,0.0,0.0,507.0,22.8,29.0
2024-02-09 03:55:19,0.0,30.0,497.0,22.7,29.0
2024-02-09 04:05:19,0.0,33.0,512.0,22.7,29.0
2024-02-09 04:15:19,0.0,0.0,513.0,22.7,29.0
2024-02-09 04:25:19,0.0,0.0,509.0,22.8,29.0
2024-02-09 04:35:19,0.0,0.0,488.0,22.8,29.0
2024-02-09 04:45:19,0.0,0.0,491.0,22.8,29.0
2024-02-09 04:55:19,0.0,0.0,483.0,22.8,29.0
2024-02-09 05:05:19,0.0,0.0,484.0,22.8,29.0
2024-02-09 05:15:19,0.0,0.0,493.0,22.8,29.0
2024-02-09 05:25:18,0.0,0.0,506.0,22.7,29.0
2024-02-09 05:35:18,0.0,0.0,475.0,22.8,29.0
2024-02-09 05:45:19,0.0,0.0,494.0,22.7,29.0
2024-02-09 05:55:18,0.0,0.0,476.0,22.8,29.0
2024-02-09 06:05:18,0.0,0.0,485.0,22.7,29.0
2024-02-09 06:15:18,0.0,0.0,486.0,22.7,29.0
2024-02-09 06:25:18,0.0,0.0,481.0,22.7,29.0
2024-02-09 06:35:18,0.0,0.0,482.0,22.7,29.0
2024-02-09 06:45:18,0.0,0.0,484.0,22.8,29.0
2024-02-09 06:55:18,0.0,0.0,480.0,22.8,29.0
2024-02-09 07:05:18,0.0,0.0,486.0,22.7,29.0
2024-02-09 07:15:18,0.0,0.0,474.0,22.7,29.0
2024-02-09 07:25:18,0.0,0.0,483.0,22.7,29.0
2024-02-09 07:35:18,0.0,0.0,470.0,22.7,29.0
2024-02-09 07:45:18,0.0,33.0,478.0,22.7,29.0
2024-02-09 07:55:18,4.0,40.0,505.0,22.7,29.0
2024-02-09 08:05:18,3.0,40.0,521.0,22.7,29.0
2024-02-09 08:15:18,9.0,43.0,526.0,22.7,29.0
2024-02-09 08:25:18,1.0,43.0,570.0,22.7,29.0
2024-02-09 08:35:18,5.0,40.0,647.0,22.7,30.0
2024-02-09 08:45:18,6.0,40.0,645.0,22.7,30.0
2024-02-09 08:55:18,3.0,43.0,678.0,22.7,30.0
2024-02-09 09:05:18,4.0,43.0,709.0,22.7,31.0
2024-02-09 09:15:17,2.0,43.0,695.0,22.7,30.0
2024-02-09 09:25:17,7.0,43.0,707.0,22.7,31.0
2024-02-09 09:35:17,2.0,40.0,748.0,22.7,31.0
2024-02-09 09:45:17,7.0,37.0,852.0,22.6,31.0
2024-02-09 09:55:17,5.0,40.0,903.0,22.7,32.0
2024-02-09 10:05:17,2.0,43.0,887.0,22.7,31.0
2024-02-09 10:15:17,10.0,40.0,1664.0,22.8,33.0
2024-02-09 10:25:17,3.0,40.0,1002.0,22.7,32.0
2024-02-09 10:35:17,2.0,40.0,1070.0,22.7,33.0
2024-02-09 10:45:17,0.0,40.0,1088.0,22.7,33.0
2024-02-09 10:55:17,4.0,40.0,1017.0,22.7,32.0
2024-02-09 11:05:17,8.0,43.0,1025.0,22.7,32.0
2024-02-09 11:15:17,4.0,43.0,891.0,22.7,31.0
2024-02-09 11:25:17,0.0,43.0,907.0,22.7,31.0
2024-02-09 11:35:17,3.0,43.0,949.0,22.7,31.0
2024-02-09 11:45:17,0.0,47.0,1170.0,22.7,32.0
2024-02-09 11:55:17,1.0,47.0,930.0,22.7,31.0
2024-02-09 12:05:17,13.0,50.0,1019.0,22.7,32.0
2024-02-09 12:15:17,3.0,50.0,978.0,22.7,32.0
2024-02-09 12:25:17,6.0,50.0,1026.0,22.7,32.0
2024-02-09 12:35:17,2.0,47.0,1071.0,22.7,32.0
2024-02-09 12:45:17,6.0,43.0,1089.0,22.6,32.0
2024-02-09 12:55:17,4.0,43.0,1147.0,22.7,32.0
2024-02-09 13:05:17,3.0,40.0,1056.0,22.6,32.0
