datetime,motion,light,co2,temperature,humidity
2023-11-01 00:02:14,0.0,0.0,627.0,19.7,46.0
2023-11-01 00:12:14,0.0,0.0,613.0,19.7,46.0
2023-11-01 00:22:14,0.0,0.0,617.0,19.7,46.0
2023-11-01 00:42:14,0.0,0.0,607.0,19.7,46.0
2023-11-01 00:52:14,0.0,0.0,598.0,19.6,46.0
2023-11-01 01:02:14,0.0,0.0,604.0,19.6,46.0
2023-11-01 01:12:14,0.0,0.0,593.0,19.6,46.0
2023-11-01 01:22:14,0.0,0.0,600.0,19.6,46.0
2023-11-01 01:32:14,0.0,0.0,586.0,19.6,46.0
2023-11-01 01:42:14,0.0,0.0,582.0,19.6,46.0
2023-11-01 01:52:14,0.0,0.0,569.0,19.5,46.0
2023-11-01 02:02:14,0.0,0.0,582.0,19.5,46.0
2023-11-01 02:12:14,0.0,0.0,579.0,19.5,46.0
2023-11-01 02:22:13,0.0,0.0,570.0,19.5,46.0
2023-11-01 02:32:13,0.0,0.0,567.0,19.5,46.0
2023-11-01 02:42:13,0.0,0.0,572.0,19.4,46.0
2023-11-01 02:52:13,0.0,0.0,569.0,19.5,46.0
2023-11-01 03:02:13,0.0,0.0,562.0,19.4,46.0
2023-11-01 03:12:13,0.0,0.0,556.0,19.4,46.0
2023-11-01 03:22:13,0.0,0.0,554.0,19.4,46.0
2023-11-01 03:32:13,0.0,0.0,542.0,19.4,46.0
2023-11-01 03:42:13,0.0,0.0,545.0,19.4,46.0
2023-11-01 03:52:13,0.0,0.0,546.0,19.4,46.0
2023-11-01 04:02:13,0.0,0.0,539.0,19.4,46.0
2023-11-01 04:12:13,0.0,0.0,540.0,19.4,46.0
2023-11-01 04:22:13,0.0,0.0,536.0,19.4,46.0
2023-11-01 04:32:13,0.0,0.0,528.0,19.4,46.0
2023-11-01 04:42:13,0.0,0.0,530.0,19.4,46.0
2023-11-01 04:52:13,0.0,0.0,519.0,19.4,46.0
2023-11-01 05:02:13,0.0,0.0,528.0,19.3,46.0
2023-11-01 05:12:13,0.0,0.0,514.0,19.4,46.0
2023-11-01 05:22:13,0.0,0.0,519.0,19.4,46.0
2023-11-01 05:32:13,0.0,0.0,514.0,19.4,46.0
2023-11-01 05:42:13,0.0,0.0,513.0,19.4,45.0
2023-11-01 05:52:13,0.0,0.0,501.0,19.4,46.0
2023-11-01 06:02:13,0.0,3.0,506.0,19.4,46.0
2023-11-01 06:12:13,3.0,3.0,524.0,19.3,45.0
2023-11-01 06:22:12,0.0,6.0,520.0,19.3,45.0
2023-11-01 06:32:12,0.0,13.0,515.0,19.4,45.0
2023-11-01 06:42:12,0.0,20.0,507.0,19.3,45.0
2023-11-01 06:52:12,0.0,37.0,492.0,19.2,45.0
2023-11-01 07:02:12,0.0,47.0,477.0,19.3,44.0
2023-11-01 07:12:12,0.0,53.0,442.0,19.3,41.0
2023-11-01 07:22:12,0.0,70.0,433.0,19.4,39.0
2023-11-01 07:32:12,0.0,80.0,426.0,19.4,38.0
2023-11-01 07:42:12,0.0,90.0,409.0,19.7,37.0
2023-11-01 07:52:12,0.0,117.0,412.0,20.0,36.0
2023-11-01 08:02:12,0.0,161.0,423.0,20.0,36.0
2023-11-01 08:12:12,0.0,205.0,417.0,19.8,36.0
2023-11-01 08:22:12,0.0,242.0,411.0,19.7,36.0
2023-11-01 08:32:12,0.0,296.0,419.0,19.7,36.0
2023-11-01 08:42:12,0.0,330.0,419.0,19.6,36.0
2023-11-01 08:52:12,0.0,468.0,425.0,19.7,36.0
2023-11-01 09:02:12,0.0,464.0,416.0,19.7,36.0
2023-11-01 09:12:12,0.0,697.0,424.0,19.8,36.0
2023-11-01 09:22:12,0.0,835.0,417.0,19.8,35.0
2023-11-01 09:32:12,3.0,700.0,427.0,20.0,36.0
2023-11-01 09:42:12,0.0,1091.0,415.0,20.1,35.0
2023-11-01 09:52:11,0.0,1401.0,412.0,20.3,35.0
2023-11-01 10:02:12,0.0,1643.0,426.0,20.5,34.0
2023-11-01 10:12:11,0.0,360.0,415.0,20.8,34.0
2023-11-01 10:22:11,0.0,2165.0,413.0,20.8,34.0
2023-11-01 10:32:11,0.0,282.0,409.0,20.9,33.0
2023-11-01 10:42:11,0.0,2452.0,418.0,20.8,33.0
2023-11-01 10:52:11,0.0,596.0,423.0,21.1,33.0
2023-11-01 11:02:11,0.0,545.0,419.0,21.2,33.0
2023-11-01 11:12:11,0.0,1323.0,413.0,21.3,32.0
2023-11-01 11:22:11,0.0,532.0,426.0,21.5,32.0
2023-11-01 11:32:11,0.0,791.0,449.0,21.5,32.0
2023-11-01 11:42:11,0.0,1674.0,449.0,21.6,32.0
2023-11-01 11:52:11,0.0,602.0,449.0,21.7,32.0
2023-11-01 12:02:11,0.0,828.0,431.0,21.5,32.0
2023-11-01 12:12:11,0.0,714.0,426.0,21.5,32.0
2023-11-01 12:22:11,0.0,2597.0,437.0,21.8,32.0
2023-11-01 12:32:11,0.0,1562.0,448.0,22.0,31.0
2023-11-01 12:42:11,0.0,2529.0,437.0,22.2,31.0
2023-11-01 12:52:11,0.0,2226.0,430.0,22.4,31.0
2023-11-01 13:02:11,0.0,350.0,432.0,22.6,30.0
2023-11-01 13:12:11,0.0,181.0,427.0,22.4,30.0
2023-11-01 13:22:11,0.0,127.0,436.0,22.1,30.0
2023-11-01 13:32:10,0.0,94.0,443.0,21.9,31.0
2023-11-01 13:42:10,0.0,77.0,431.0,21.7,31.0
2023-11-01 13:52:10,0.0,124.0,432.0,21.6,31.0
2023-11-01 14:02:10,0.0,94.0,444.0,21.5,31.0
2023-11-01 14:12:10,0.0,74.0,434.0,21.4,31.0
2023-11-01 14:22:10,0.0,43.0,433.0,21.3,32.0
2023-11-01 14:32:10,0.0,26.0,436.0,21.3,32.0
2023-11-01 14:42:10,0.0,16.0,441.0,21.2,32.0
2023-11-01 14:52:10,0.0,10.0,441.0,21.2,32.0
2023-11-01 15:02:10,0.0,10.0,437.0,21.5,32.0
2023-11-01 15:12:10,0.0,6.0,434.0,21.9,32.0
2023-11-01 15:22:10,0.0,3.0,421.0,22.3,31.0
2023-11-01 15:32:10,0.0,3.0,427.0,22.5,31.0
2023-11-01 15:42:10,0.0,3.0,422.0,22.4,32.0
2023-11-01 15:52:10,0.0,0.0,418.0,22.0,32.0
2023-11-01 16:02:10,0.0,0.0,426.0,21.8,33.0
2023-11-01 16:12:10,0.0,0.0,513.0,21.6,34.0
2023-11-01 16:22:10,0.0,0.0,575.0,21.4,35.0
2023-11-01 16:32:10,0.0,0.0,618.0,21.2,36.0
2023-11-01 16:42:10,0.0,0.0,637.0,21.1,37.0
2023-11-01 16:52:10,0.0,0.0,649.0,21.0,38.0
2023-11-01 17:02:09,0.0,0.0,672.0,20.9,38.0
2023-11-01 17:12:09,0.0,0.0,682.0,20.9,38.0
2023-11-01 17:22:09,0.0,0.0,678.0,20.8,39.0
2023-11-01 17:32:09,0.0,0.0,682.0,20.8,39.0
2023-11-01 17:42:09,0.0,0.0,694.0,20.8,39.0
2023-11-01 17:52:09,0.0,0.0,696.0,20.7,40.0
2023-11-01 18:02:09,0.0,0.0,690.0,20.7,40.0
2023-11-01 18:12:09,0.0,0.0,677.0,20.6,40.0
2023-11-01 18:22:09,0.0,0.0,691.0,20.6,40.0
2023-11-01 18:32:09,0.0,0.0,681.0,20.6,41.0
2023-11-01 18:42:09,0.0,0.0,679.0,20.6,41.0
2023-11-01 18:52:09,0.0,0.0,654.0,20.5,41.0
2023-11-01 19:02:09,0.0,0.0,669.0,20.5,42.0
2023-11-01 19:12:09,0.0,0.0,661.0,20.5,42.0
2023-11-01 19:22:09,0.0,0.0,672.0,20.4,42.0
2023-11-01 19:32:09,0.0,0.0,678.0,20.4,42.0
2023-11-01 19:42:09,0.0,0.0,676.0,20.3,42.0
2023-11-01 19:52:09,0.0,0.0,673.0,20.3,42.0
2023-11-01 20:02:09,0.0,0.0,683.0,20.3,42.0
2023-11-01 20:12:09,0.0,0.0,682.0,20.3,42.0
2023-11-01 20:22:09,0.0,0.0,683.0,20.2,43.0
2023-11-01 20:32:09,0.0,0.0,676.0,20.2,43.0
2023-11-01 20:42:09,0.0,0.0,676.0,20.2,43.0
2023-11-01 20:52:08,0.0,0.0,681.0,20.2,43.0
2023-11-01 21:02:08,0.0,0.0,673.0,20.1,43.0
2023-11-01 21:12:08,0.0,0.0,667.0,20.1,43.0
2023-11-01 21:22:08,0.0,0.0,671.0,20.1,43.0
2023-11-01 21:32:08,0.0,0.0,666.0,20.1,44.0
2023-11-01 21:42:08,0.0,0.0,664.0,20.1,44.0
2023-11-01 21:52:08,0.0,0.0,656.0,20.1,44.0
2023-11-01 22:02:08,0.0,0.0,664.0,20.1,44.0
2023-11-01 22:12:08,0.0,0.0,666.0,20.1,44.0
2023-11-01 22:22:08,0.0,0.0,666.0,20.0,44.0
2023-11-01 22:32:08,0.0,0.0,648.0,20.0,44.0
2023-11-01 22:42:08,0.0,0.0,647.0,20.0,44.0
2023-11-01 22:52:08,0.0,0.0,645.0,20.0,44.0
2023-11-01 23:02:08,0.0,0.0,646.0,20.0,44.0
2023-11-01 23:12:08,0.0,0.0,633.0,20.0,44.0
2023-11-01 23:22:08,0.0,0.0,640.0,20.0,45.0
2023-11-01 23:32:08,0.0,0.0,633.0,19.9,45.0
2023-11-01 23:42:08,0.0,0.0,627.0,20.0,45.0
2023-11-01 23:52:08,0.0,0.0,636.0,20.0,45.0
2023-11-02 00:02:08,0.0,0.0,624.0,19.9,45.0
2023-11-02 00:12:08,0.0,0.0,622.0,20.0,45.0
2023-11-02 00:22:07,0.0,0.0,613.0,20.0,45.0
2023-11-02 00:32:07,0.0,0.0,617.0,19.9,45.0
2023-11-02 00:42:08,0.0,0.0,611.0,19.9,45.0
2023-11-02 00:52:07,0.0,0.0,604.0,19.9,45.0
2023-11-02 01:02:07,0.0,0.0,604.0,20.0,45.0
2023-11-02 01:12:07,0.0,0.0,594.0,20.0,45.0
2023-11-02 01:22:07,0.0,0.0,600.0,19.9,45.0
2023-11-02 01:32:07,0.0,0.0,598.0,20.0,45.0
2023-11-02 01:42:07,0.0,0.0,589.0,20.0,45.0
2023-11-02 01:52:07,0.0,0.0,583.0,20.0,45.0
2023-11-02 02:02:07,0.0,0.0,579.0,20.0,45.0
2023-11-02 02:12:07,0.0,0.0,574.0,20.0,45.0
2023-11-02 02:22:07,0.0,0.0,574.0,20.0,45.0
2023-11-02 02:32:07,0.0,0.0,569.0,20.0,45.0
2023-11-02 02:42:07,0.0,0.0,558.0,20.0,45.0
2023-11-02 02:52:07,0.0,0.0,565.0,20.0,45.0
2023-11-02 03:02:07,0.0,0.0,563.0,20.0,45.0
2023-11-02 03:12:07,0.0,0.0,560.0,20.0,45.0
2023-11-02 03:22:07,0.0,0.0,559.0,20.0,46.0
2023-11-02 03:32:07,0.0,0.0,561.0,20.0,46.0
2023-11-02 03:42:07,0.0,0.0,545.0,20.0,46.0
2023-11-02 03:52:07,0.0,0.0,549.0,20.0,46.0
2023-11-02 04:02:06,0.0,0.0,544.0,20.0,46.0
2023-11-02 04:12:06,0.0,0.0,545.0,19.9,46.0
2023-11-02 04:22:06,0.0,0.0,545.0,20.0,46.0
2023-11-02 04:32:06,0.0,0.0,541.0,19.9,46.0
2023-11-02 04:42:06,0.0,0.0,533.0,20.0,46.0
2023-11-02 04:52:06,0.0,0.0,524.0,20.0,46.0
2023-11-02 05:02:06,0.0,0.0,520.0,20.0,46.0
2023-11-02 05:12:06,0.0,0.0,534.0,19.9,46.0
2023-11-02 05:22:06,0.0,0.0,529.0,20.0,46.0
2023-11-02 05:32:06,0.0,0.0,528.0,20.0,46.0
2023-11-02 05:42:06,0.0,0.0,518.0,19.9,46.0
2023-11-02 05:52:06,0.0,0.0,524.0,19.9,46.0
2023-11-02 06:02:06,0.0,0.0,522.0,20.0,46.0
2023-11-02 06:12:06,0.0,3.0,506.0,19.9,46.0
2023-11-02 06:22:06,0.0,3.0,512.0,19.9,47.0
2023-11-02 06:32:06,0.0,6.0,508.0,19.9,47.0
2023-11-02 06:42:06,0.0,16.0,498.0,19.9,47.0
2023-11-02 06:52:06,0.0,33.0,502.0,19.9,47.0
2023-11-02 07:02:06,0.0,63.0,475.0,19.9,47.0
2023-11-02 07:12:06,0.0,84.0,444.0,20.0,47.0
2023-11-02 07:22:06,0.0,107.0,416.0,20.0,47.0
2023-11-02 07:32:06,0.0,107.0,414.0,20.1,48.0
2023-11-02 07:42:05,1.0,141.0,418.0,20.1,48.0
2023-11-02 07:52:05,0.0,141.0,422.0,20.5,47.0
2023-11-02 08:02:05,0.0,165.0,418.0,20.9,46.0
2023-11-02 08:12:05,0.0,202.0,415.0,20.9,46.0
2023-11-02 08:22:05,0.0,252.0,413.0,20.9,46.0
2023-11-02 08:32:05,0.0,161.0,414.0,20.9,46.0
2023-11-02 08:42:05,0.0,245.0,412.0,20.9,46.0
2023-11-02 08:52:05,0.0,242.0,413.0,20.7,46.0
2023-11-02 09:02:05,0.0,303.0,412.0,20.6,47.0
2023-11-02 09:12:05,0.0,245.0,414.0,20.5,47.0
2023-11-02 09:22:05,0.0,660.0,421.0,20.5,47.0
2023-11-02 09:32:05,0.0,828.0,417.0,20.6,47.0
2023-11-02 09:42:05,0.0,370.0,426.0,20.6,47.0
2023-11-02 09:52:05,0.0,656.0,417.0,20.6,47.0
2023-11-02 10:02:05,0.0,522.0,421.0,20.6,47.0
2023-11-02 10:12:05,0.0,508.0,420.0,20.6,47.0
2023-11-02 10:22:05,0.0,485.0,420.0,20.7,47.0
2023-11-02 10:32:05,0.0,579.0,430.0,20.7,47.0
2023-11-02 10:42:05,0.0,319.0,431.0,20.7,47.0
2023-11-02 10:52:05,0.0,626.0,429.0,20.7,47.0
2023-11-02 11:02:05,0.0,229.0,433.0,20.7,46.0
2023-11-02 11:12:05,0.0,158.0,416.0,20.7,46.0
2023-11-02 11:22:05,0.0,191.0,424.0,20.6,46.0
2023-11-02 11:32:04,0.0,269.0,419.0,20.6,46.0
2023-11-02 11:42:04,0.0,225.0,414.0,20.6,46.0
2023-11-02 11:52:04,0.0,165.0,413.0,20.6,46.0
2023-11-02 12:02:04,0.0,235.0,418.0,20.6,46.0
2023-11-02 12:12:04,0.0,131.0,416.0,20.6,46.0
2023-11-02 12:22:04,0.0,101.0,418.0,20.6,46.0
2023-11-02 12:32:04,0.0,47.0,419.0,20.5,46.0
2023-11-02 12:42:04,0.0,43.0,418.0,20.6,46.0
2023-11-02 12:52:04,0.0,40.0,421.0,20.7,46.0
2023-11-02 13:02:04,0.0,53.0,423.0,20.7,46.0
2023-11-02 13:12:04,0.0,40.0,418.0,20.8,46.0
2023-11-02 13:22:04,0.0,40.0,423.0,20.7,45.0
2023-11-02 13:32:04,0.0,37.0,435.0,20.7,45.0
2023-11-02 13:42:04,0.0,37.0,426.0,20.7,45.0
2023-11-02 13:52:04,0.0,26.0,433.0,20.6,45.0
2023-11-02 14:02:04,0.0,20.0,426.0,20.6,45.0
2023-11-02 14:12:04,0.0,20.0,433.0,20.7,45.0
2023-11-02 14:22:04,0.0,16.0,433.0,20.6,45.0
2023-11-02 14:32:04,3.0,363.0,587.0,20.7,46.0
2023-11-02 14:42:04,2.0,360.0,681.0,20.9,46.0
2023-11-02 14:52:04,0.0,353.0,780.0,21.0,47.0
2023-11-02 15:02:04,0.0,350.0,770.0,21.1,47.0
2023-11-02 15:12:03,2.0,346.0,738.0,21.1,46.0
2023-11-02 15:22:04,0.0,346.0,553.0,20.9,45.0
2023-11-02 15:32:03,0.0,343.0,479.0,20.9,45.0
2023-11-02 15:42:03,0.0,343.0,445.0,20.8,44.0
2023-11-02 15:52:03,0.0,343.0,424.0,20.7,44.0
2023-11-02 16:02:03,0.0,343.0,432.0,20.7,44.0
2023-11-02 16:12:03,0.0,343.0,579.0,20.7,46.0
2023-11-02 16:22:03,0.0,343.0,587.0,20.6,46.0
2023-11-02 16:32:03,0.0,343.0,607.0,20.6,46.0
2023-11-02 16:42:03,0.0,343.0,621.0,20.5,47.0
2023-11-02 16:52:03,0.0,343.0,637.0,20.5,47.0
2023-11-02 17:02:03,0.0,343.0,676.0,20.5,47.0
2023-11-02 17:12:03,0.0,343.0,648.0,20.5,47.0
2023-11-02 17:22:03,0.0,343.0,653.0,20.5,47.0
2023-11-02 17:32:03,0.0,343.0,647.0,20.4,48.0
2023-11-02 17:42:03,0.0,343.0,654.0,20.4,48.0
2023-11-02 17:52:03,0.0,343.0,641.0,20.4,48.0
2023-11-02 18:02:03,0.0,343.0,630.0,20.4,48.0
2023-11-02 18:12:03,0.0,343.0,641.0,20.4,48.0
2023-11-02 18:22:03,0.0,343.0,632.0,20.4,48.0
2023-11-02 18:32:03,0.0,343.0,628.0,20.4,48.0
2023-11-02 18:42:02,0.0,343.0,608.0,20.3,48.0
2023-11-02 18:52:02,0.0,343.0,592.0,20.4,49.0
2023-11-02 19:02:02,0.0,343.0,612.0,20.4,49.0
2023-11-02 19:12:02,0.0,343.0,625.0,20.3,49.0
2023-11-02 19:22:02,0.0,343.0,624.0,20.3,49.0
2023-11-02 19:32:02,0.0,343.0,630.0,20.3,49.0
2023-11-02 19:42:02,0.0,343.0,635.0,20.3,48.0
2023-11-02 19:52:02,0.0,343.0,628.0,20.3,49.0
2023-11-02 20:02:02,0.0,343.0,628.0,20.3,49.0
2023-11-02 20:12:02,0.0,343.0,631.0,20.3,48.0
2023-11-02 20:22:02,0.0,343.0,630.0,20.3,49.0
2023-11-02 20:32:02,0.0,343.0,623.0,20.3,49.0
2023-11-02 20:42:02,0.0,343.0,618.0,20.3,49.0
2023-11-02 20:52:02,0.0,343.0,612.0,20.3,48.0
2023-11-02 21:02:02,0.0,343.0,611.0,20.3,48.0
2023-11-02 21:12:02,0.0,343.0,595.0,20.2,49.0
2023-11-02 21:22:02,0.0,343.0,604.0,20.3,48.0
2023-11-02 21:32:02,0.0,343.0,604.0,20.3,49.0
2023-11-02 21:42:02,0.0,343.0,594.0,20.3,49.0
2023-11-02 21:52:02,0.0,343.0,588.0,20.3,49.0
2023-11-02 22:02:02,0.0,343.0,597.0,20.3,49.0
2023-11-02 22:12:02,0.0,343.0,594.0,20.3,49.0
2023-11-02 22:22:01,0.0,343.0,585.0,20.2,49.0
2023-11-02 22:32:01,0.0,343.0,576.0,20.2,48.0
2023-11-02 22:42:01,0.0,343.0,586.0,20.2,49.0
2023-11-02 22:52:01,0.0,343.0,574.0,20.2,49.0
2023-11-02 23:02:01,0.0,343.0,571.0,20.3,49.0
2023-11-02 23:12:01,0.0,343.0,571.0,20.2,49.0
2023-11-02 23:22:01,0.0,343.0,564.0,20.2,49.0
2023-11-02 23:32:01,0.0,343.0,563.0,20.2,49.0
2023-11-02 23:42:01,0.0,343.0,559.0,20.2,49.0
2023-11-02 23:52:01,0.0,343.0,552.0,20.2,49.0
2023-11-03 00:02:01,0.0,343.0,563.0,20.2,48.0
2023-11-03 00:12:01,0.0,343.0,551.0,20.2,49.0
2023-11-03 00:22:01,1.0,0.0,552.0,20.2,49.0
2023-11-03 00:32:01,0.0,0.0,548.0,20.2,49.0
2023-11-03 00:42:01,0.0,0.0,547.0,20.2,49.0
2023-11-03 00:52:01,0.0,0.0,534.0,20.2,49.0
2023-11-03 01:02:01,0.0,0.0,532.0,20.2,49.0
2023-11-03 01:12:01,0.0,0.0,535.0,20.1,49.0
2023-11-03 01:22:01,0.0,0.0,528.0,20.1,49.0
2023-11-03 01:32:01,0.0,0.0,519.0,20.1,49.0
2023-11-03 01:42:01,0.0,0.0,525.0,20.1,49.0
2023-11-03 01:52:01,0.0,0.0,519.0,20.1,49.0
2023-11-03 02:02:01,0.0,0.0,515.0,20.1,49.0
2023-11-03 02:12:00,0.0,0.0,522.0,20.1,49.0
2023-11-03 02:22:00,0.0,0.0,516.0,20.1,49.0
2023-11-03 02:32:00,0.0,0.0,505.0,20.1,49.0
2023-11-03 02:42:00,0.0,0.0,511.0,20.1,49.0
2023-11-03 02:52:00,0.0,0.0,515.0,20.0,49.0
2023-11-03 03:02:00,0.0,0.0,515.0,20.0,49.0
2023-11-03 03:12:00,0.0,0.0,502.0,20.0,49.0
2023-11-03 03:22:00,0.0,0.0,509.0,20.0,49.0
2023-11-03 03:32:00,0.0,0.0,497.0,20.0,49.0
2023-11-03 03:42:00,0.0,0.0,503.0,20.1,49.0
2023-11-03 03:52:00,0.0,0.0,494.0,20.0,49.0
2023-11-03 04:02:00,0.0,0.0,502.0,20.0,49.0
2023-11-03 04:12:00,0.0,0.0,501.0,20.0,49.0
2023-11-03 04:22:00,0.0,0.0,504.0,20.0,49.0
2023-11-03 04:32:00,0.0,0.0,494.0,19.9,49.0
2023-11-03 04:42:00,0.0,0.0,486.0,20.0,49.0
2023-11-03 04:52:00,0.0,0.0,486.0,19.9,49.0
2023-11-03 05:02:00,0.0,0.0,491.0,20.0,49.0
2023-11-03 05:12:00,0.0,0.0,487.0,20.0,49.0
2023-11-03 05:22:00,0.0,0.0,491.0,20.0,49.0
2023-11-03 05:32:00,0.0,0.0,483.0,20.0,49.0
2023-11-03 05:41:59,0.0,0.0,488.0,20.0,49.0
2023-11-03 05:51:59,0.0,0.0,474.0,20.0,49.0
2023-11-03 06:01:59,0.0,0.0,483.0,20.0,49.0
2023-11-03 06:11:59,0.0,0.0,473.0,20.0,49.0
2023-11-03 06:21:59,0.0,3.0,467.0,20.0,49.0
2023-11-03 06:31:59,0.0,3.0,472.0,20.0,50.0
2023-11-03 06:41:59,0.0,6.0,479.0,20.0,50.0
2023-11-03 06:51:59,0.0,10.0,461.0,20.0,50.0
2023-11-03 07:01:59,0.0,16.0,450.0,20.0,50.0
2023-11-03 07:11:59,0.0,16.0,426.0,20.1,50.0
2023-11-03 07:21:59,0.0,20.0,412.0,20.1,49.0
2023-11-03 07:31:59,0.0,23.0,400.0,20.2,49.0
2023-11-03 07:41:59,0.0,26.0,413.0,20.2,49.0
2023-11-03 07:51:59,0.0,47.0,401.0,20.4,49.0
2023-11-03 08:01:59,0.0,37.0,406.0,20.6,49.0
2023-11-03 08:11:59,0.0,57.0,405.0,20.6,48.0
2023-11-03 08:21:59,0.0,70.0,401.0,20.6,48.0
2023-11-03 08:31:59,0.0,70.0,404.0,20.6,48.0
2023-11-03 08:41:59,0.0,121.0,403.0,20.5,49.0
2023-11-03 08:51:59,0.0,299.0,421.0,20.5,49.0
2023-11-03 09:01:59,0.0,212.0,423.0,20.5,49.0
2023-11-03 09:11:59,0.0,633.0,418.0,20.5,49.0
2023-11-03 09:21:59,0.0,858.0,410.0,20.5,48.0
2023-11-03 09:31:58,0.0,1013.0,412.0,20.5,48.0
2023-11-03 09:41:58,0.0,1205.0,410.0,20.6,48.0
2023-11-03 09:51:58,0.0,505.0,415.0,20.8,47.0
2023-11-03 10:01:58,0.0,1529.0,408.0,20.9,46.0
2023-11-03 10:11:58,0.0,1879.0,411.0,21.2,45.0
2023-11-03 10:21:58,0.0,1953.0,405.0,21.3,45.0
2023-11-03 10:31:58,0.0,495.0,427.0,21.5,44.0
2023-11-03 10:41:58,0.0,1987.0,436.0,21.6,44.0
2023-11-03 10:51:58,0.0,1542.0,427.0,21.8,44.0
2023-11-03 11:01:58,0.0,2512.0,431.0,22.0,43.0
2023-11-03 11:11:58,0.0,2522.0,420.0,22.4,42.0
2023-11-03 11:21:58,0.0,2627.0,414.0,22.8,41.0
2023-11-03 11:31:58,0.0,2650.0,417.0,23.1,40.0
2023-11-03 11:41:58,0.0,2421.0,410.0,23.3,40.0
2023-11-03 11:51:58,0.0,2223.0,409.0,23.5,39.0
2023-11-03 12:01:58,0.0,2327.0,411.0,23.6,39.0
2023-11-03 12:11:58,3.0,2213.0,440.0,23.8,39.0
2023-11-03 12:21:58,12.0,1758.0,612.0,24.0,41.0
2023-11-03 12:31:58,4.0,2058.0,608.0,23.9,41.0
2023-11-03 12:41:58,5.0,1829.0,548.0,23.9,39.0
2023-11-03 12:51:58,8.0,1340.0,560.0,23.7,39.0
2023-11-03 13:01:57,4.0,1360.0,564.0,23.7,38.0
2023-11-03 13:11:57,0.0,1438.0,560.0,23.7,38.0
2023-11-03 13:21:57,4.0,1125.0,557.0,23.6,38.0
2023-11-03 13:31:57,0.0,616.0,595.0,23.5,38.0
2023-11-03 13:41:57,16.0,222.0,534.0,23.3,38.0
2023-11-03 13:51:57,0.0,171.0,455.0,23.1,38.0
2023-11-03 14:01:57,0.0,161.0,445.0,22.9,38.0
2023-11-03 14:11:57,0.0,107.0,415.0,22.7,38.0
2023-11-03 14:21:57,0.0,43.0,408.0,22.6,38.0
2023-11-03 14:31:57,0.0,40.0,398.0,22.5,38.0
2023-11-03 14:41:57,0.0,30.0,405.0,22.5,38.0
2023-11-03 14:51:57,0.0,16.0,396.0,22.3,39.0
2023-11-03 15:01:57,0.0,13.0,406.0,22.3,39.0
2023-11-03 15:11:57,0.0,6.0,406.0,22.2,39.0
2023-11-03 15:21:57,0.0,3.0,399.0,22.2,39.0
2023-11-03 15:31:57,0.0,3.0,408.0,22.1,39.0
2023-11-03 15:41:57,0.0,3.0,405.0,22.0,39.0
2023-11-03 15:51:57,0.0,0.0,411.0,22.0,39.0
2023-11-03 16:01:57,0.0,0.0,429.0,22.0,39.0
2023-11-03 16:11:57,0.0,0.0,508.0,22.0,40.0
2023-11-03 16:21:57,0.0,0.0,598.0,22.0,41.0
2023-11-03 16:31:57,0.0,0.0,629.0,21.9,42.0
2023-11-03 16:41:56,0.0,0.0,664.0,21.9,42.0
2023-11-03 16:51:56,0.0,0.0,671.0,21.9,42.0
2023-11-03 17:01:56,0.0,0.0,693.0,21.8,43.0
2023-11-03 17:11:56,0.0,0.0,700.0,21.8,43.0
2023-11-03 17:21:56,0.0,0.0,698.0,21.8,43.0
2023-11-03 17:31:56,0.0,0.0,693.0,21.8,43.0
2023-11-03 17:41:56,0.0,0.0,690.0,21.7,43.0
2023-11-03 17:51:56,0.0,0.0,699.0,21.7,43.0
2023-11-03 18:01:57,0.0,0.0,690.0,21.6,44.0
2023-11-03 18:11:56,0.0,0.0,685.0,21.6,44.0
2023-11-03 18:21:56,0.0,0.0,677.0,21.6,44.0
2023-11-03 18:31:56,0.0,0.0,676.0,21.5,44.0
2023-11-03 18:41:56,0.0,0.0,667.0,21.6,44.0
2023-11-03 18:51:56,0.0,0.0,655.0,21.5,44.0
2023-11-03 19:01:56,0.0,0.0,663.0,21.5,44.0
2023-11-03 19:11:56,0.0,0.0,650.0,21.5,44.0
2023-11-03 19:21:56,0.0,0.0,657.0,21.4,44.0
2023-11-03 19:31:56,0.0,0.0,648.0,21.4,44.0
2023-11-03 19:41:56,0.0,0.0,645.0,21.4,45.0
2023-11-03 19:51:56,0.0,0.0,660.0,21.3,45.0
2023-11-03 20:01:56,0.0,0.0,647.0,21.3,45.0
2023-11-03 20:11:56,0.0,0.0,659.0,21.3,45.0
2023-11-03 20:21:56,0.0,0.0,656.0,21.3,45.0
2023-11-03 20:31:56,0.0,0.0,649.0,21.2,45.0
2023-11-03 20:41:56,0.0,0.0,648.0,21.2,45.0
2023-11-03 20:51:55,0.0,0.0,645.0,21.1,45.0
2023-11-03 21:01:55,0.0,0.0,641.0,21.1,45.0
2023-11-03 21:11:55,0.0,0.0,636.0,21.1,45.0
2023-11-03 21:21:55,0.0,0.0,635.0,21.1,45.0
2023-11-03 21:31:55,0.0,0.0,621.0,21.1,45.0
2023-11-03 21:41:55,0.0,0.0,617.0,21.0,45.0
2023-11-03 21:51:55,0.0,0.0,626.0,21.0,45.0
2023-11-03 22:01:55,0.0,0.0,624.0,21.0,45.0
2023-11-03 22:11:55,0.0,0.0,618.0,21.0,46.0
2023-11-03 22:21:55,0.0,0.0,618.0,20.9,46.0
2023-11-03 22:31:55,0.0,0.0,613.0,20.9,46.0
2023-11-03 22:41:55,0.0,0.0,600.0,20.9,46.0
2023-11-03 22:51:55,0.0,0.0,607.0,20.9,46.0
2023-11-03 23:01:55,0.0,0.0,597.0,20.9,46.0
2023-11-03 23:11:55,0.0,0.0,599.0,20.8,46.0
2023-11-03 23:21:55,0.0,0.0,604.0,20.8,46.0
2023-11-03 23:31:55,0.0,0.0,589.0,20.7,46.0
2023-11-03 23:41:55,0.0,0.0,585.0,20.7,46.0
2023-11-03 23:51:55,0.0,0.0,584.0,20.7,46.0
2023-11-04 00:01:54,0.0,0.0,588.0,20.7,46.0
2023-11-04 00:11:54,0.0,0.0,584.0,20.7,46.0
2023-11-04 00:21:54,0.0,0.0,574.0,20.7,46.0
2023-11-04 00:31:54,0.0,0.0,570.0,20.7,46.0
2023-11-04 00:41:54,0.0,0.0,567.0,20.6,46.0
2023-11-04 00:51:55,0.0,0.0,563.0,20.6,46.0
2023-11-04 01:01:54,0.0,0.0,559.0,20.6,46.0
2023-11-04 01:11:54,0.0,0.0,564.0,20.6,46.0
2023-11-04 01:21:54,0.0,0.0,555.0,20.6,46.0
2023-11-04 01:31:54,0.0,0.0,553.0,20.5,46.0
2023-11-04 01:41:54,0.0,0.0,555.0,20.5,47.0
2023-11-04 01:51:54,0.0,0.0,557.0,20.5,47.0
2023-11-04 02:01:54,0.0,0.0,546.0,20.5,46.0
2023-11-04 02:11:54,0.0,0.0,535.0,20.5,47.0
2023-11-04 02:21:54,0.0,0.0,539.0,20.4,47.0
2023-11-04 02:31:54,0.0,0.0,546.0,20.4,47.0
2023-11-04 02:41:54,0.0,0.0,531.0,20.4,47.0
2023-11-04 02:51:54,0.0,0.0,527.0,20.4,47.0
2023-11-04 03:01:54,0.0,0.0,531.0,20.4,47.0
2023-11-04 03:11:54,0.0,0.0,521.0,20.4,47.0
2023-11-04 03:21:54,0.0,0.0,514.0,20.3,47.0
2023-11-04 03:31:54,0.0,0.0,520.0,20.3,47.0
2023-11-04 03:41:53,0.0,0.0,511.0,20.3,47.0
2023-11-04 03:51:53,0.0,0.0,515.0,20.3,47.0
2023-11-04 04:01:53,0.0,0.0,517.0,20.2,47.0
2023-11-04 04:11:53,0.0,0.0,508.0,20.2,47.0
2023-11-04 04:21:53,0.0,0.0,506.0,20.2,47.0
2023-11-04 04:31:53,0.0,0.0,508.0,20.2,47.0
2023-11-04 04:41:53,0.0,0.0,500.0,20.2,47.0
2023-11-04 04:51:53,0.0,0.0,502.0,20.2,47.0
2023-11-04 05:01:53,0.0,0.0,511.0,20.1,47.0
2023-11-04 05:11:53,0.0,0.0,501.0,20.1,47.0
2023-11-04 05:21:53,0.0,0.0,502.0,20.1,47.0
2023-11-04 05:31:53,0.0,0.0,498.0,20.1,47.0
2023-11-04 05:41:53,0.0,0.0,493.0,20.1,47.0
2023-11-04 05:51:53,0.0,0.0,483.0,20.1,47.0
2023-11-04 06:01:53,0.0,0.0,483.0,20.1,47.0
2023-11-04 06:11:53,0.0,3.0,485.0,20.0,47.0
2023-11-04 06:21:53,0.0,3.0,475.0,20.0,47.0
2023-11-04 06:31:53,0.0,10.0,471.0,20.0,47.0
2023-11-04 06:41:53,0.0,16.0,473.0,20.0,47.0
2023-11-04 06:51:53,0.0,16.0,472.0,19.9,47.0
2023-11-04 07:01:53,0.0,26.0,465.0,19.9,47.0
2023-11-04 07:11:53,0.0,33.0,457.0,19.9,47.0
2023-11-04 07:21:53,0.0,30.0,455.0,19.9,47.0
2023-11-04 07:31:52,0.0,43.0,455.0,19.9,47.0
2023-11-04 07:41:52,0.0,37.0,458.0,19.9,47.0
2023-11-04 07:51:52,0.0,43.0,461.0,19.9,47.0
2023-11-04 08:01:52,0.0,37.0,449.0,19.9,47.0
2023-11-04 08:11:52,0.0,30.0,453.0,19.9,47.0
2023-11-04 08:21:52,0.0,40.0,450.0,19.9,47.0
2023-11-04 08:31:52,0.0,40.0,454.0,19.8,47.0
2023-11-04 08:41:52,0.0,50.0,443.0,19.9,47.0
2023-11-04 08:51:52,0.0,50.0,454.0,19.9,47.0
2023-11-04 09:01:52,0.0,94.0,449.0,19.8,47.0
2023-11-04 09:11:52,0.0,74.0,444.0,19.9,47.0
2023-11-04 09:21:52,0.0,70.0,439.0,19.8,47.0
2023-11-04 09:31:52,0.0,90.0,443.0,19.9,47.0
2023-11-04 09:41:52,0.0,70.0,442.0,19.8,47.0
2023-11-04 09:51:52,0.0,121.0,445.0,19.8,47.0
2023-11-04 10:01:52,0.0,117.0,437.0,19.9,47.0
2023-11-04 10:11:52,0.0,127.0,443.0,19.8,47.0
2023-11-04 10:21:52,0.0,107.0,434.0,19.9,47.0
2023-11-04 10:31:52,0.0,90.0,430.0,19.9,47.0
2023-11-04 10:41:52,0.0,185.0,436.0,19.9,47.0
2023-11-04 10:51:52,0.0,319.0,430.0,19.9,47.0
2023-11-04 11:01:51,0.0,151.0,435.0,19.9,46.0
2023-11-04 11:11:51,0.0,114.0,438.0,19.9,46.0
2023-11-04 11:21:51,0.0,84.0,439.0,20.0,46.0
2023-11-04 11:31:51,0.0,212.0,436.0,19.9,46.0
2023-11-04 11:41:52,0.0,599.0,429.0,20.0,46.0
2023-11-04 11:51:51,0.0,326.0,431.0,20.1,46.0
2023-11-04 12:01:51,0.0,134.0,430.0,20.0,46.0
2023-11-04 12:11:51,0.0,43.0,440.0,20.0,46.0
2023-11-04 12:21:51,0.0,77.0,442.0,20.0,46.0
2023-11-04 12:31:51,0.0,1020.0,431.0,20.0,46.0
2023-11-04 12:41:51,0.0,404.0,433.0,20.1,46.0
2023-11-04 12:51:51,0.0,87.0,438.0,20.1,46.0
2023-11-04 13:01:51,0.0,50.0,446.0,20.0,46.0
2023-11-04 13:11:51,0.0,47.0,439.0,20.0,46.0
2023-11-04 13:21:51,0.0,229.0,442.0,19.9,46.0
2023-11-04 13:31:51,0.0,205.0,443.0,20.0,46.0
2023-11-04 13:41:51,0.0,94.0,446.0,20.0,46.0
2023-11-04 13:51:51,0.0,117.0,445.0,20.0,46.0
2023-11-04 14:01:51,0.0,74.0,439.0,20.0,46.0
2023-11-04 14:11:51,0.0,57.0,444.0,20.0,46.0
2023-11-04 14:21:51,0.0,26.0,456.0,19.9,46.0
2023-11-04 14:31:51,0.0,16.0,445.0,19.9,46.0
2023-11-04 14:41:50,0.0,10.0,447.0,19.9,46.0
2023-11-04 14:51:50,0.0,6.0,449.0,19.9,46.0
2023-11-04 15:01:50,0.0,6.0,451.0,19.9,46.0
2023-11-04 15:11:50,0.0,3.0,445.0,19.9,46.0
2023-11-04 15:21:51,0.0,3.0,447.0,19.9,47.0
2023-11-04 15:31:50,0.0,0.0,452.0,19.8,47.0
2023-11-04 15:41:50,0.0,0.0,458.0,19.9,47.0
2023-11-04 15:51:50,0.0,0.0,465.0,19.8,47.0
2023-11-04 16:01:50,0.0,0.0,454.0,19.8,47.0
2023-11-04 16:11:50,0.0,0.0,451.0,19.8,47.0
2023-11-04 16:21:50,0.0,0.0,457.0,19.9,47.0
2023-11-04 16:31:50,0.0,0.0,466.0,19.8,47.0
2023-11-04 16:41:50,0.0,0.0,462.0,19.8,47.0
2023-11-04 16:51:50,0.0,0.0,462.0,19.8,47.0
2023-11-04 17:01:50,0.0,0.0,459.0,19.8,47.0
2023-11-04 17:11:50,0.0,0.0,451.0,19.7,47.0
2023-11-04 17:21:50,0.0,0.0,463.0,19.7,47.0
2023-11-04 17:31:50,0.0,0.0,464.0,19.7,47.0
2023-11-04 17:41:50,0.0,0.0,459.0,19.7,48.0
2023-11-04 17:51:50,0.0,0.0,460.0,19.6,48.0
2023-11-04 18:01:50,0.0,0.0,453.0,19.7,48.0
2023-11-04 18:11:50,0.0,0.0,462.0,19.6,48.0
2023-11-04 18:21:49,0.0,0.0,465.0,19.6,48.0
2023-11-04 18:31:49,0.0,0.0,456.0,19.6,48.0
2023-11-04 18:41:49,0.0,0.0,460.0,19.6,48.0
2023-11-04 18:51:49,0.0,0.0,460.0,19.6,48.0
2023-11-04 19:01:49,0.0,0.0,466.0,19.6,48.0
2023-11-04 19:11:49,0.0,0.0,462.0,19.6,48.0
2023-11-04 19:21:49,0.0,0.0,470.0,19.5,48.0
2023-11-04 19:31:49,0.0,0.0,455.0,19.6,48.0
2023-11-04 19:41:49,0.0,0.0,448.0,19.6,48.0
2023-11-04 19:51:49,0.0,0.0,456.0,19.6,48.0
2023-11-04 20:01:49,0.0,0.0,452.0,19.6,47.0
2023-11-04 20:11:49,0.0,0.0,447.0,19.6,47.0
2023-11-04 20:21:49,0.0,0.0,449.0,19.6,47.0
2023-11-04 20:31:49,0.0,0.0,447.0,19.6,47.0
2023-11-04 20:41:49,0.0,0.0,440.0,19.6,47.0
2023-11-04 20:51:49,0.0,0.0,445.0,19.7,47.0
2023-11-04 21:01:49,0.0,0.0,446.0,19.6,47.0
2023-11-04 21:11:49,0.0,0.0,445.0,19.7,47.0
2023-11-04 21:21:49,0.0,0.0,443.0,19.6,47.0
2023-11-04 21:31:49,0.0,0.0,441.0,19.7,47.0
2023-11-04 21:41:49,0.0,0.0,443.0,19.7,47.0
2023-11-04 21:51:49,0.0,0.0,440.0,19.8,47.0
2023-11-04 22:01:49,0.0,0.0,441.0,19.7,47.0
2023-11-04 22:11:48,0.0,0.0,445.0,19.7,47.0
2023-11-04 22:21:48,0.0,0.0,436.0,19.7,47.0
2023-11-04 22:31:48,0.0,0.0,443.0,19.7,47.0
2023-11-04 22:41:48,0.0,0.0,438.0,19.7,47.0
2023-11-04 22:51:49,0.0,0.0,437.0,19.6,47.0
2023-11-04 23:01:49,0.0,0.0,437.0,19.6,47.0
2023-11-04 23:11:48,0.0,0.0,431.0,19.6,47.0
2023-11-04 23:21:48,0.0,0.0,422.0,19.6,47.0
2023-11-04 23:31:48,0.0,0.0,431.0,19.6,47.0
2023-11-04 23:41:48,0.0,0.0,435.0,19.6,47.0
2023-11-04 23:51:48,0.0,0.0,437.0,19.6,47.0
2023-11-05 00:01:48,0.0,0.0,436.0,19.6,47.0
2023-11-05 00:11:48,0.0,0.0,427.0,19.7,47.0
2023-11-05 00:21:48,0.0,0.0,424.0,19.6,47.0
2023-11-05 00:31:48,0.0,0.0,428.0,19.6,47.0
2023-11-05 00:41:48,0.0,0.0,425.0,19.6,47.0
2023-11-05 00:51:48,0.0,0.0,430.0,19.6,47.0
2023-11-05 01:01:48,0.0,0.0,429.0,19.6,47.0
2023-11-05 01:11:48,0.0,0.0,433.0,19.6,47.0
2023-11-05 01:21:48,0.0,0.0,428.0,19.6,47.0
2023-11-05 01:31:48,0.0,0.0,423.0,19.6,47.0
2023-11-05 01:41:48,0.0,0.0,424.0,19.6,47.0
2023-11-05 01:51:47,0.0,0.0,425.0,19.6,47.0
2023-11-05 02:01:48,0.0,0.0,422.0,19.6,47.0
2023-11-05 02:11:47,0.0,0.0,424.0,19.6,47.0
2023-11-05 02:21:47,0.0,0.0,418.0,19.6,47.0
2023-11-05 02:31:47,0.0,0.0,421.0,19.6,47.0
2023-11-05 02:41:47,0.0,0.0,423.0,19.6,47.0
2023-11-05 02:51:47,0.0,0.0,429.0,19.6,47.0
2023-11-05 03:01:47,0.0,0.0,423.0,19.6,47.0
2023-11-05 03:11:47,0.0,0.0,424.0,19.5,47.0
2023-11-05 03:21:47,0.0,0.0,416.0,19.5,47.0
2023-11-05 03:31:47,0.0,0.0,419.0,19.6,47.0
2023-11-05 03:41:47,0.0,0.0,419.0,19.6,47.0
2023-11-05 03:51:47,0.0,0.0,423.0,19.5,47.0
2023-11-05 04:01:47,0.0,0.0,415.0,19.5,47.0
2023-11-05 04:11:47,0.0,0.0,414.0,19.5,47.0
2023-11-05 04:21:47,0.0,0.0,421.0,19.5,47.0
2023-11-05 04:31:47,0.0,0.0,419.0,19.5,47.0
2023-11-05 04:41:47,0.0,0.0,417.0,19.5,47.0
2023-11-05 04:51:47,0.0,0.0,419.0,19.5,48.0
2023-11-05 05:01:47,0.0,0.0,415.0,19.5,48.0
2023-11-05 05:11:47,0.0,0.0,415.0,19.5,48.0
2023-11-05 05:21:46,0.0,0.0,427.0,19.5,48.0
2023-11-05 05:31:46,0.0,0.0,419.0,19.5,48.0
2023-11-05 05:41:46,0.0,0.0,416.0,19.5,48.0
2023-11-05 05:51:46,0.0,0.0,414.0,19.4,48.0
2023-11-05 06:01:46,0.0,0.0,425.0,19.5,48.0
2023-11-05 06:11:46,0.0,0.0,420.0,19.5,48.0
2023-11-05 06:21:46,0.0,0.0,415.0,19.4,48.0
2023-11-05 06:31:46,0.0,0.0,416.0,19.5,48.0
2023-11-05 06:41:46,0.0,3.0,410.0,19.4,48.0
2023-11-05 06:51:46,0.0,3.0,411.0,19.4,48.0
2023-11-05 07:01:46,0.0,3.0,409.0,19.4,48.0
2023-11-05 07:11:46,0.0,3.0,407.0,19.4,48.0
2023-11-05 07:21:46,0.0,6.0,417.0,19.4,48.0
2023-11-05 07:31:46,0.0,6.0,408.0,19.4,48.0
2023-11-05 07:41:46,0.0,6.0,419.0,19.4,48.0
2023-11-05 07:51:46,0.0,13.0,411.0,19.4,48.0
2023-11-05 08:01:46,0.0,16.0,412.0,19.3,48.0
2023-11-05 08:11:46,0.0,10.0,408.0,19.4,48.0
2023-11-05 08:21:46,0.0,20.0,408.0,19.3,48.0
2023-11-05 08:31:46,0.0,23.0,412.0,19.3,48.0
2023-11-05 08:41:46,0.0,23.0,418.0,19.3,49.0
2023-11-05 08:51:46,0.0,30.0,412.0,19.4,49.0
2023-11-05 09:01:45,0.0,47.0,409.0,19.3,49.0
2023-11-05 09:11:45,0.0,53.0,415.0,19.3,49.0
2023-11-05 09:21:45,0.0,33.0,417.0,19.3,49.0
2023-11-05 09:31:45,0.0,43.0,412.0,19.3,49.0
2023-11-05 09:41:45,0.0,50.0,409.0,19.3,49.0
2023-11-05 09:51:45,0.0,60.0,414.0,19.3,49.0
2023-11-05 10:11:45,0.0,57.0,405.0,19.3,49.0
2023-11-05 10:21:45,0.0,104.0,412.0,19.3,49.0
2023-11-05 10:31:45,0.0,80.0,408.0,19.3,49.0
2023-11-05 10:41:45,0.0,74.0,407.0,19.3,49.0
2023-11-05 10:51:45,0.0,84.0,414.0,19.4,49.0
2023-11-05 11:01:45,0.0,1128.0,414.0,19.4,49.0
2023-11-05 11:11:45,0.0,74.0,410.0,19.4,49.0
2023-11-05 11:21:45,0.0,43.0,405.0,19.4,49.0
2023-11-05 11:31:45,0.0,40.0,407.0,19.5,49.0
2023-11-05 11:41:45,0.0,94.0,414.0,19.4,49.0
2023-11-05 11:51:45,0.0,47.0,412.0,19.5,49.0
2023-11-05 12:01:45,0.0,37.0,408.0,19.5,49.0
2023-11-05 12:11:45,0.0,40.0,413.0,19.4,49.0
2023-11-05 12:21:45,0.0,50.0,412.0,19.4,49.0
2023-11-05 12:31:45,0.0,30.0,413.0,19.4,49.0
2023-11-05 12:41:45,0.0,37.0,413.0,19.4,49.0
2023-11-05 12:51:44,0.0,37.0,421.0,19.4,49.0
2023-11-05 13:01:44,0.0,60.0,410.0,19.3,49.0
2023-11-05 13:11:44,0.0,127.0,408.0,19.4,49.0
2023-11-05 13:21:44,0.0,50.0,417.0,19.4,49.0
2023-11-05 13:31:44,0.0,40.0,427.0,19.4,49.0
2023-11-05 13:41:44,0.0,50.0,418.0,19.4,49.0
2023-11-05 13:51:44,0.0,33.0,423.0,19.4,49.0
2023-11-05 14:01:44,0.0,23.0,426.0,19.4,50.0
2023-11-05 14:11:44,0.0,23.0,417.0,19.4,50.0
2023-11-05 14:21:44,0.0,16.0,422.0,19.3,50.0
2023-11-05 14:31:44,0.0,13.0,427.0,19.3,50.0
2023-11-05 14:41:44,0.0,13.0,425.0,19.4,50.0
2023-11-05 14:51:44,0.0,10.0,421.0,19.3,50.0
2023-11-05 15:01:44,0.0,6.0,423.0,19.4,50.0
2023-11-05 15:11:44,0.0,3.0,425.0,19.3,50.0
2023-11-05 15:21:44,0.0,3.0,431.0,19.3,50.0
2023-11-05 15:31:44,0.0,0.0,431.0,19.3,50.0
2023-11-05 15:41:44,0.0,0.0,426.0,19.3,50.0
2023-11-05 15:51:44,0.0,0.0,435.0,19.3,50.0
2023-11-05 16:01:44,0.0,0.0,426.0,19.3,50.0
2023-11-05 16:11:44,0.0,0.0,422.0,19.3,50.0
2023-11-05 16:21:44,0.0,0.0,420.0,19.3,50.0
2023-11-05 16:31:43,0.0,0.0,431.0,19.3,50.0
2023-11-05 16:41:43,0.0,0.0,432.0,19.3,50.0
2023-11-05 16:51:43,0.0,0.0,428.0,19.3,50.0
2023-11-05 17:01:43,0.0,0.0,436.0,19.3,50.0
2023-11-05 17:11:43,0.0,0.0,437.0,19.3,50.0
2023-11-05 17:21:43,0.0,0.0,435.0,19.3,50.0
2023-11-05 17:31:43,0.0,0.0,437.0,19.3,50.0
2023-11-05 17:41:43,0.0,0.0,431.0,19.3,50.0
2023-11-05 17:51:43,0.0,0.0,433.0,19.3,50.0
2023-11-05 18:01:43,0.0,0.0,433.0,19.3,50.0
2023-11-05 18:11:43,0.0,0.0,434.0,19.3,50.0
2023-11-05 18:21:43,0.0,0.0,436.0,19.3,50.0
2023-11-05 18:31:43,0.0,0.0,432.0,19.3,50.0
2023-11-05 18:41:43,0.0,0.0,433.0,19.3,50.0
2023-11-05 18:51:43,0.0,0.0,432.0,19.3,50.0
2023-11-05 19:01:43,0.0,0.0,430.0,19.3,50.0
2023-11-05 19:11:43,0.0,0.0,427.0,19.3,50.0
2023-11-05 19:21:43,0.0,0.0,438.0,19.3,50.0
2023-11-05 19:31:43,0.0,0.0,440.0,19.3,50.0
2023-11-05 19:41:43,0.0,0.0,435.0,19.3,50.0
2023-11-05 19:51:43,0.0,0.0,435.0,19.3,50.0
2023-11-05 20:01:43,0.0,0.0,420.0,19.3,50.0
2023-11-05 20:11:42,0.0,0.0,430.0,19.4,50.0
2023-11-05 20:21:42,0.0,0.0,434.0,19.4,50.0
2023-11-05 20:31:42,0.0,0.0,438.0,19.4,50.0
2023-11-05 20:41:42,0.0,0.0,432.0,19.4,50.0
2023-11-05 20:51:42,0.0,0.0,436.0,19.4,49.0
2023-11-05 21:01:42,0.0,0.0,427.0,19.4,50.0
2023-11-05 21:11:42,0.0,0.0,427.0,19.4,50.0
2023-11-05 21:21:42,0.0,0.0,425.0,19.5,49.0
2023-11-05 21:31:42,0.0,0.0,422.0,19.5,49.0
2023-11-05 21:41:42,0.0,0.0,419.0,19.5,50.0
2023-11-05 21:51:42,0.0,0.0,420.0,19.5,49.0
2023-11-05 22:01:42,0.0,0.0,429.0,19.5,49.0
2023-11-05 22:11:42,0.0,0.0,422.0,19.5,49.0
2023-11-05 22:21:42,0.0,0.0,418.0,19.5,49.0
2023-11-05 22:31:42,0.0,0.0,429.0,19.5,49.0
2023-11-05 22:41:42,0.0,0.0,426.0,19.5,49.0
2023-11-05 22:51:42,0.0,0.0,421.0,19.5,49.0
2023-11-05 23:01:42,0.0,0.0,419.0,19.6,49.0
2023-11-05 23:11:42,0.0,0.0,426.0,19.5,49.0
2023-11-05 23:21:42,0.0,0.0,417.0,19.5,49.0
2023-11-05 23:31:42,0.0,0.0,419.0,19.5,49.0
2023-11-05 23:41:42,0.0,0.0,424.0,19.5,49.0
2023-11-05 23:51:41,0.0,0.0,422.0,19.5,49.0
2023-11-06 00:01:41,0.0,0.0,428.0,19.5,49.0
2023-11-06 00:11:41,0.0,0.0,421.0,19.5,49.0
2023-11-06 00:21:41,0.0,0.0,416.0,19.5,49.0
2023-11-06 00:31:41,0.0,0.0,424.0,19.5,49.0
2023-11-06 00:41:41,0.0,0.0,422.0,19.5,49.0
2023-11-06 00:51:41,0.0,0.0,428.0,19.5,49.0
2023-11-06 01:01:41,0.0,0.0,415.0,19.5,49.0
2023-11-06 01:11:41,0.0,0.0,418.0,19.5,49.0
2023-11-06 01:21:41,0.0,0.0,416.0,19.5,49.0
2023-11-06 01:31:41,0.0,0.0,413.0,19.5,49.0
2023-11-06 01:41:41,0.0,0.0,415.0,19.5,49.0
2023-11-06 01:51:41,0.0,0.0,419.0,19.5,49.0
2023-11-06 02:01:41,0.0,0.0,416.0,19.5,49.0
2023-11-06 02:11:41,0.0,0.0,415.0,19.5,49.0
2023-11-06 02:21:41,0.0,0.0,410.0,19.5,49.0
2023-11-06 02:31:41,0.0,0.0,415.0,19.6,49.0
2023-11-06 02:41:41,0.0,0.0,418.0,19.5,49.0
2023-11-06 02:51:41,0.0,0.0,418.0,19.5,50.0
2023-11-06 03:01:41,0.0,0.0,418.0,19.5,49.0
2023-11-06 03:11:41,0.0,0.0,408.0,19.5,49.0
2023-11-06 03:21:41,0.0,0.0,418.0,19.5,49.0
2023-11-06 03:31:40,0.0,0.0,417.0,19.5,49.0
2023-11-06 03:41:40,0.0,0.0,413.0,19.5,49.0
2023-11-06 03:51:40,0.0,0.0,413.0,19.5,50.0
2023-11-06 04:01:40,0.0,0.0,413.0,19.5,49.0
2023-11-06 04:11:40,0.0,0.0,405.0,19.5,49.0
2023-11-06 04:21:40,0.0,0.0,419.0,19.5,49.0
2023-11-06 04:31:40,0.0,0.0,411.0,19.5,49.0
2023-11-06 04:41:40,0.0,0.0,410.0,19.5,50.0
2023-11-06 04:51:40,0.0,0.0,409.0,19.5,49.0
2023-11-06 05:01:40,0.0,0.0,407.0,19.5,49.0
2023-11-06 05:11:40,0.0,0.0,415.0,19.5,49.0
2023-11-06 05:21:40,0.0,0.0,413.0,19.5,50.0
2023-11-06 05:31:40,0.0,0.0,404.0,19.5,49.0
2023-11-06 05:41:40,0.0,0.0,414.0,19.5,49.0
2023-11-06 05:51:40,0.0,0.0,411.0,19.5,50.0
2023-11-06 06:01:40,0.0,0.0,413.0,19.5,49.0
2023-11-06 06:11:40,0.0,0.0,423.0,19.5,50.0
2023-11-06 06:21:40,0.0,3.0,404.0,19.6,50.0
2023-11-06 06:31:40,0.0,3.0,411.0,19.5,50.0
2023-11-06 06:41:40,0.0,6.0,407.0,19.5,50.0
2023-11-06 06:51:40,0.0,10.0,407.0,19.5,50.0
2023-11-06 07:01:40,0.0,13.0,414.0,19.5,50.0
2023-11-06 07:11:39,0.0,23.0,415.0,19.6,49.0
2023-11-06 07:21:40,0.0,30.0,415.0,19.7,49.0
2023-11-06 07:31:39,0.0,23.0,404.0,19.7,49.0
2023-11-06 07:41:39,0.0,33.0,402.0,20.1,49.0
2023-11-06 07:51:39,0.0,30.0,405.0,20.7,47.0
2023-11-06 08:01:39,0.0,23.0,403.0,21.4,45.0
2023-11-06 08:11:39,0.0,23.0,410.0,21.6,45.0
2023-11-06 08:21:39,0.0,60.0,388.0,21.8,44.0
2023-11-06 08:31:39,0.0,90.0,406.0,21.9,44.0
2023-11-06 08:41:39,0.0,205.0,399.0,21.9,44.0
2023-11-06 08:51:39,0.0,94.0,394.0,21.9,44.0
2023-11-06 09:01:39,0.0,74.0,394.0,21.8,45.0
2023-11-06 09:11:39,0.0,80.0,389.0,21.7,45.0
2023-11-06 09:21:39,0.0,127.0,398.0,21.5,45.0
2023-11-06 09:31:39,0.0,185.0,390.0,21.3,46.0
2023-11-06 09:41:39,0.0,326.0,396.0,21.3,46.0
2023-11-06 09:51:39,0.0,862.0,398.0,21.2,46.0
2023-11-06 10:01:39,0.0,1010.0,392.0,21.2,46.0
2023-11-06 10:11:39,0.0,222.0,393.0,21.1,46.0
2023-11-06 10:21:39,0.0,313.0,395.0,20.9,46.0
2023-11-06 10:31:39,0.0,259.0,395.0,20.9,46.0
2023-11-06 10:41:39,0.0,252.0,398.0,20.8,46.0
2023-11-06 10:51:39,0.0,205.0,388.0,20.8,46.0
2023-11-06 11:01:38,0.0,232.0,398.0,20.7,46.0
2023-11-06 11:11:38,0.0,498.0,392.0,20.7,46.0
2023-11-06 11:21:38,0.0,299.0,398.0,20.8,46.0
2023-11-06 11:31:38,0.0,212.0,413.0,20.7,46.0
2023-11-06 11:41:38,0.0,336.0,410.0,20.8,46.0
2023-11-06 11:51:38,0.0,421.0,409.0,20.9,46.0
2023-11-06 12:01:38,0.0,579.0,416.0,20.9,46.0
2023-11-06 12:11:38,0.0,677.0,419.0,20.9,45.0
2023-11-06 12:21:38,0.0,1815.0,404.0,20.9,45.0
2023-11-06 12:31:38,0.0,370.0,414.0,21.0,45.0
2023-11-06 12:41:38,0.0,175.0,405.0,20.9,45.0
2023-11-06 12:51:38,0.0,286.0,416.0,20.9,45.0
2023-11-06 13:01:38,14.0,1445.0,629.0,21.1,46.0
2023-11-06 13:11:38,18.0,656.0,748.0,21.6,47.0
2023-11-06 13:21:38,6.0,303.0,754.0,21.6,46.0
2023-11-06 13:31:38,1.0,461.0,804.0,21.7,46.0
2023-11-06 13:41:38,4.0,144.0,785.0,21.8,45.0
2023-11-06 13:51:38,6.0,101.0,806.0,21.8,45.0
2023-11-06 14:01:38,18.0,67.0,829.0,21.7,45.0
2023-11-06 14:11:38,1.0,40.0,591.0,21.3,43.0
2023-11-06 14:21:38,2.0,50.0,627.0,21.2,44.0
2023-11-06 14:31:37,2.0,67.0,629.0,21.2,44.0
2023-11-06 14:41:37,0.0,40.0,646.0,21.2,44.0
2023-11-06 14:51:38,0.0,30.0,656.0,21.2,44.0
2023-11-06 15:01:37,0.0,23.0,665.0,21.1,43.0
2023-11-06 15:11:37,0.0,13.0,641.0,21.1,43.0
2023-11-06 15:21:37,8.0,353.0,697.0,21.1,43.0
2023-11-06 15:31:37,2.0,346.0,646.0,21.0,43.0
2023-11-06 15:41:37,0.0,343.0,633.0,21.0,43.0
2023-11-06 15:51:37,0.0,343.0,630.0,21.0,43.0
2023-11-06 16:01:37,0.0,343.0,671.0,21.1,44.0
2023-11-06 16:11:37,12.0,343.0,797.0,21.1,45.0
2023-11-06 16:21:37,0.0,343.0,924.0,21.2,46.0
2023-11-06 16:31:37,1.0,343.0,1065.0,21.2,47.0
2023-11-06 16:41:37,0.0,340.0,1164.0,21.2,47.0
2023-11-06 16:51:37,4.0,343.0,1217.0,21.3,48.0
2023-11-06 17:01:37,18.0,343.0,1274.0,21.2,48.0
2023-11-06 17:11:37,0.0,343.0,1201.0,21.2,48.0
2023-11-06 17:21:37,0.0,343.0,1162.0,21.1,48.0
2023-11-06 17:31:37,0.0,340.0,1135.0,21.2,48.0
2023-11-06 17:41:37,0.0,340.0,1146.0,21.1,48.0
2023-11-06 17:51:37,2.0,340.0,1067.0,21.0,48.0
2023-11-06 18:01:37,0.0,343.0,1068.0,21.0,48.0
2023-11-06 18:11:36,0.0,340.0,1042.0,21.0,48.0
2023-11-06 18:21:36,2.0,343.0,993.0,21.0,48.0
2023-11-06 18:31:36,0.0,343.0,926.0,20.9,48.0
2023-11-06 18:41:36,0.0,343.0,856.0,20.9,47.0
2023-11-06 18:51:36,0.0,343.0,818.0,20.9,47.0
2023-11-06 19:01:36,0.0,343.0,783.0,20.8,47.0
2023-11-06 19:11:36,0.0,343.0,749.0,20.8,47.0
2023-11-06 19:21:37,0.0,343.0,730.0,20.7,47.0
2023-11-06 19:31:37,0.0,343.0,715.0,20.7,47.0
2023-11-06 19:41:36,0.0,343.0,696.0,20.7,47.0
2023-11-06 19:51:36,0.0,343.0,678.0,20.7,47.0
2023-11-06 20:01:36,0.0,343.0,662.0,20.6,47.0
2023-11-06 20:11:36,0.0,343.0,651.0,20.6,47.0
2023-11-06 20:21:36,0.0,343.0,643.0,20.5,47.0
2023-11-06 20:31:36,0.0,343.0,637.0,20.5,47.0
2023-11-06 20:41:36,0.0,343.0,629.0,20.5,47.0
2023-11-06 20:51:36,0.0,343.0,623.0,20.5,47.0
2023-11-06 21:01:36,0.0,343.0,609.0,20.5,47.0
2023-11-06 21:11:36,0.0,343.0,600.0,20.5,47.0
2023-11-06 21:21:36,0.0,343.0,597.0,20.5,47.0
2023-11-06 21:31:36,0.0,343.0,584.0,20.5,47.0
2023-11-06 21:41:36,0.0,343.0,574.0,20.5,47.0
2023-11-06 21:51:35,0.0,343.0,564.0,20.4,47.0
2023-11-06 22:01:35,0.0,343.0,577.0,20.5,47.0
2023-11-06 22:11:35,0.0,343.0,561.0,20.4,47.0
2023-11-06 22:21:35,0.0,343.0,556.0,20.4,47.0
2023-11-06 22:31:35,0.0,343.0,552.0,20.4,47.0
2023-11-06 22:41:35,0.0,343.0,546.0,20.4,47.0
2023-11-06 22:51:35,0.0,343.0,537.0,20.4,47.0
2023-11-06 23:01:35,0.0,343.0,540.0,20.4,47.0
2023-11-06 23:11:35,0.0,343.0,534.0,20.4,47.0
2023-11-06 23:21:35,0.0,343.0,524.0,20.5,47.0
2023-11-06 23:31:35,0.0,343.0,523.0,20.4,47.0
2023-11-06 23:41:35,0.0,343.0,530.0,20.5,47.0
2023-11-06 23:51:35,0.0,343.0,519.0,20.4,47.0
2023-11-07 00:01:35,0.0,343.0,510.0,20.4,47.0
2023-11-07 00:11:35,0.0,343.0,510.0,20.3,47.0
2023-11-07 00:21:35,0.0,343.0,503.0,20.4,47.0
2023-11-07 00:31:35,0.0,343.0,504.0,20.3,47.0
2023-11-07 00:41:35,0.0,343.0,503.0,20.4,47.0
2023-11-07 00:51:35,0.0,343.0,493.0,20.3,47.0
2023-11-07 01:01:35,0.0,343.0,493.0,20.3,47.0
2023-11-07 01:11:35,0.0,343.0,507.0,20.3,47.0
2023-11-07 01:21:35,0.0,343.0,493.0,20.3,47.0
2023-11-07 01:31:34,0.0,343.0,487.0,20.3,47.0
2023-11-07 01:41:34,0.0,343.0,486.0,20.3,47.0
2023-11-07 01:51:34,0.0,343.0,488.0,20.3,47.0
2023-11-07 02:01:35,0.0,343.0,477.0,20.3,47.0
2023-11-07 02:11:34,0.0,343.0,474.0,20.3,47.0
2023-11-07 02:21:34,0.0,343.0,473.0,20.3,47.0
2023-11-07 02:31:34,0.0,343.0,468.0,20.2,47.0
2023-11-07 02:41:34,0.0,343.0,474.0,20.3,47.0
2023-11-07 02:51:34,0.0,343.0,475.0,20.3,47.0
2023-11-07 03:01:34,0.0,343.0,474.0,20.3,47.0
2023-11-07 03:11:34,0.0,343.0,467.0,20.3,47.0
2023-11-07 03:21:34,0.0,343.0,467.0,20.3,47.0
2023-11-07 03:31:34,0.0,343.0,469.0,20.2,47.0
2023-11-07 03:41:34,0.0,343.0,472.0,20.3,47.0
2023-11-07 03:51:34,0.0,343.0,462.0,20.3,47.0
2023-11-07 04:01:34,0.0,343.0,465.0,20.2,47.0
2023-11-07 04:11:34,0.0,343.0,457.0,20.2,47.0
2023-11-07 04:21:34,0.0,343.0,457.0,20.2,47.0
2023-11-07 04:31:34,0.0,343.0,461.0,20.2,47.0
2023-11-07 04:41:34,0.0,343.0,469.0,20.2,47.0
2023-11-07 04:51:34,0.0,343.0,456.0,20.1,47.0
2023-11-07 05:01:34,0.0,343.0,466.0,20.1,47.0
2023-11-07 05:11:33,0.0,343.0,454.0,20.1,47.0
2023-11-07 05:21:33,0.0,343.0,462.0,20.1,47.0
2023-11-07 05:31:33,0.0,343.0,460.0,20.1,47.0
2023-11-07 05:41:33,0.0,343.0,453.0,20.0,47.0
2023-11-07 05:51:33,0.0,343.0,456.0,20.1,47.0
2023-11-07 06:01:33,0.0,343.0,458.0,20.1,47.0
2023-11-07 06:11:33,0.0,343.0,457.0,20.0,47.0
2023-11-07 06:21:33,0.0,343.0,454.0,19.9,47.0
2023-11-07 06:31:33,0.0,346.0,456.0,20.0,47.0
2023-11-07 06:41:33,0.0,346.0,457.0,20.0,47.0
2023-11-07 06:51:33,0.0,353.0,454.0,19.9,47.0
2023-11-07 07:01:33,0.0,353.0,445.0,20.0,47.0
2023-11-07 07:11:33,0.0,350.0,417.0,20.1,47.0
2023-11-07 07:21:33,0.0,350.0,406.0,20.1,46.0
2023-11-07 07:31:33,0.0,370.0,405.0,20.2,46.0
2023-11-07 07:41:33,0.0,370.0,411.0,20.3,46.0
2023-11-07 07:51:33,0.0,394.0,401.0,20.7,45.0
2023-11-07 08:01:33,10.0,380.0,552.0,21.0,47.0
2023-11-07 08:11:33,0.0,404.0,597.0,21.3,47.0
2023-11-07 08:21:33,3.0,400.0,619.0,21.5,47.0
2023-11-07 08:31:33,0.0,380.0,630.0,21.3,47.0
2023-11-07 08:41:33,0.0,383.0,637.0,21.1,48.0
2023-11-07 08:51:32,0.0,421.0,625.0,21.1,48.0
2023-11-07 09:01:32,0.0,575.0,634.0,21.1,48.0
2023-11-07 09:11:32,0.0,407.0,630.0,21.1,48.0
2023-11-07 09:21:32,0.0,370.0,625.0,21.0,48.0
2023-11-07 09:31:33,7.0,421.0,637.0,21.0,48.0
2023-11-07 09:41:32,22.0,447.0,648.0,21.0,48.0
2023-11-07 09:51:32,30.0,474.0,658.0,21.0,48.0
2023-11-07 10:01:32,13.0,478.0,653.0,21.0,48.0
2023-11-07 10:11:32,3.0,400.0,655.0,21.1,48.0
2023-11-07 10:21:32,17.0,437.0,651.0,21.0,47.0
2023-11-07 10:31:32,23.0,437.0,627.0,21.0,47.0
2023-11-07 10:41:32,17.0,606.0,654.0,21.0,47.0
2023-11-07 10:51:32,12.0,511.0,670.0,21.0,47.0
2023-11-07 11:01:32,31.0,498.0,677.0,21.1,47.0
2023-11-07 11:11:32,6.0,454.0,661.0,21.1,48.0
2023-11-07 11:21:32,0.0,478.0,670.0,21.1,48.0
2023-11-07 11:31:32,9.0,441.0,628.0,21.1,48.0
2023-11-07 11:41:32,1.0,444.0,597.0,21.0,47.0
2023-11-07 11:51:32,0.0,394.0,580.0,21.0,47.0
2023-11-07 12:01:32,1.0,454.0,589.0,21.0,47.0
2023-11-07 12:11:32,2.0,390.0,600.0,21.0,47.0
2023-11-07 12:21:32,0.0,383.0,589.0,21.0,47.0
2023-11-07 12:31:31,2.0,370.0,578.0,21.0,47.0
2023-11-07 12:41:32,0.0,377.0,560.0,20.9,47.0
2023-11-07 12:51:31,5.0,377.0,557.0,21.0,47.0
2023-11-07 13:01:31,21.0,363.0,587.0,20.9,47.0
2023-11-07 13:11:31,0.0,555.0,592.0,20.9,48.0
2023-11-07 13:21:31,0.0,582.0,563.0,20.9,49.0
2023-11-07 13:31:32,5.0,377.0,557.0,21.0,49.0
2023-11-07 13:41:31,0.0,377.0,503.0,20.9,48.0
2023-11-07 13:51:31,23.0,417.0,522.0,20.8,48.0
2023-11-07 14:01:31,0.0,383.0,464.0,20.8,48.0
2023-11-07 14:11:31,0.0,367.0,438.0,20.8,47.0
2023-11-07 14:21:31,0.0,360.0,432.0,20.7,47.0
2023-11-07 14:31:31,0.0,360.0,430.0,20.7,47.0
2023-11-07 14:41:31,0.0,360.0,423.0,20.7,47.0
2023-11-07 14:51:31,0.0,360.0,417.0,20.7,47.0
2023-11-07 15:01:31,0.0,350.0,416.0,20.7,47.0
2023-11-07 15:11:31,0.0,353.0,414.0,20.6,47.0
2023-11-07 15:21:31,0.0,346.0,423.0,20.7,46.0
2023-11-07 15:31:31,0.0,346.0,427.0,20.7,46.0
2023-11-07 15:41:31,0.0,343.0,421.0,20.7,45.0
2023-11-07 15:51:31,0.0,343.0,415.0,20.8,45.0
2023-11-07 16:01:31,0.0,343.0,423.0,20.8,45.0
2023-11-07 16:11:30,0.0,343.0,433.0,21.2,44.0
2023-11-07 16:21:30,0.0,343.0,460.0,21.6,43.0
2023-11-07 16:31:30,0.0,343.0,461.0,21.9,43.0
2023-11-07 16:41:30,0.0,343.0,486.0,22.0,42.0
2023-11-07 16:51:30,0.0,343.0,492.0,22.1,42.0
2023-11-07 17:01:30,0.0,343.0,507.0,22.0,43.0
2023-11-07 17:11:30,0.0,343.0,526.0,21.8,43.0
2023-11-07 17:21:30,0.0,343.0,534.0,21.6,44.0
2023-11-07 17:31:30,0.0,343.0,552.0,21.3,44.0
2023-11-07 17:41:30,0.0,343.0,558.0,21.1,45.0
2023-11-07 17:51:30,0.0,343.0,565.0,21.0,45.0
2023-11-07 18:01:30,0.0,343.0,579.0,20.8,46.0
2023-11-07 18:11:30,0.0,343.0,581.0,20.7,46.0
2023-11-07 18:21:30,0.0,343.0,582.0,20.7,46.0
2023-11-07 18:31:30,0.0,343.0,592.0,20.7,46.0
2023-11-07 18:41:30,0.0,343.0,587.0,20.6,46.0
2023-11-07 18:51:30,0.0,343.0,586.0,20.5,46.0
2023-11-07 19:01:30,0.0,343.0,583.0,20.5,46.0
2023-11-07 19:11:30,0.0,343.0,594.0,20.5,46.0
2023-11-07 19:21:30,0.0,343.0,582.0,20.5,46.0
2023-11-07 19:31:30,0.0,343.0,585.0,20.5,46.0
2023-11-07 19:41:30,0.0,343.0,576.0,20.5,46.0
2023-11-07 19:51:29,0.0,343.0,571.0,20.4,46.0
2023-11-07 20:01:29,0.0,343.0,578.0,20.4,46.0
2023-11-07 20:11:29,0.0,343.0,571.0,20.4,47.0
2023-11-07 20:21:29,0.0,343.0,567.0,20.5,47.0
2023-11-07 20:31:29,0.0,343.0,575.0,20.4,47.0
2023-11-07 20:41:29,0.0,343.0,566.0,20.4,47.0
2023-11-07 20:51:30,0.0,343.0,557.0,20.4,47.0
2023-11-07 21:01:29,0.0,343.0,560.0,20.4,47.0
2023-11-07 21:11:29,0.0,343.0,559.0,20.3,47.0
2023-11-07 21:21:29,0.0,343.0,555.0,20.4,47.0
2023-11-07 21:31:29,0.0,343.0,548.0,20.4,47.0
2023-11-07 21:41:29,0.0,343.0,544.0,20.3,47.0
2023-11-07 21:51:29,0.0,343.0,547.0,20.4,47.0
2023-11-07 22:01:29,0.0,343.0,549.0,20.3,47.0
2023-11-07 22:11:29,0.0,343.0,541.0,20.3,47.0
2023-11-07 22:21:29,0.0,343.0,543.0,20.3,47.0
2023-11-07 22:31:29,0.0,343.0,541.0,20.3,47.0
2023-11-07 22:41:29,0.0,343.0,530.0,20.2,47.0
2023-11-07 22:51:29,0.0,343.0,532.0,20.2,47.0
2023-11-07 23:01:29,0.0,343.0,530.0,20.2,47.0
2023-11-07 23:11:29,0.0,343.0,523.0,20.2,47.0
2023-11-07 23:21:29,0.0,343.0,527.0,20.2,47.0
2023-11-07 23:31:28,0.0,343.0,523.0,20.2,47.0
2023-11-07 23:41:28,0.0,343.0,522.0,20.2,47.0
2023-11-07 23:51:28,0.0,343.0,512.0,20.2,47.0
2023-11-08 00:01:28,0.0,343.0,515.0,20.2,47.0
2023-11-08 00:11:28,0.0,343.0,515.0,20.1,47.0
2023-11-08 00:21:28,0.0,343.0,507.0,20.1,47.0
2023-11-08 00:31:28,0.0,343.0,518.0,20.1,47.0
2023-11-08 00:41:28,0.0,343.0,512.0,20.1,47.0
2023-11-08 00:51:28,0.0,343.0,502.0,20.1,47.0
2023-11-08 01:01:28,0.0,343.0,496.0,20.2,47.0
2023-11-08 01:11:28,0.0,343.0,506.0,20.1,47.0
2023-11-08 01:21:28,0.0,343.0,502.0,20.1,47.0
2023-11-08 01:31:28,0.0,343.0,501.0,20.0,47.0
2023-11-08 01:41:28,0.0,343.0,502.0,20.1,47.0
2023-11-08 01:51:28,0.0,343.0,491.0,20.1,47.0
2023-11-08 02:01:28,0.0,343.0,493.0,20.0,47.0
2023-11-08 02:11:28,0.0,343.0,501.0,20.1,47.0
2023-11-08 02:21:28,0.0,343.0,496.0,20.0,47.0
2023-11-08 02:31:28,0.0,343.0,493.0,20.0,47.0
2023-11-08 02:41:28,0.0,343.0,480.0,20.0,47.0
2023-11-08 02:51:28,0.0,343.0,495.0,20.0,47.0
2023-11-08 03:01:28,0.0,343.0,481.0,20.0,47.0
2023-11-08 03:11:27,0.0,343.0,485.0,20.0,47.0
2023-11-08 03:21:27,0.0,343.0,487.0,19.9,47.0
2023-11-08 03:31:27,0.0,343.0,484.0,20.0,47.0
2023-11-08 03:41:27,0.0,343.0,476.0,20.0,47.0
2023-11-08 03:51:27,0.0,343.0,470.0,19.9,47.0
2023-11-08 04:01:27,0.0,343.0,476.0,19.9,47.0
2023-11-08 04:11:27,0.0,343.0,476.0,19.9,47.0
2023-11-08 04:21:27,0.0,343.0,471.0,19.9,47.0
2023-11-08 04:31:27,0.0,343.0,467.0,19.9,47.0
2023-11-08 04:41:27,0.0,343.0,465.0,19.9,47.0
2023-11-08 04:51:27,0.0,343.0,465.0,19.9,47.0
2023-11-08 05:01:27,0.0,343.0,469.0,19.9,47.0
2023-11-08 05:11:27,0.0,343.0,465.0,19.9,47.0
2023-11-08 05:21:27,0.0,343.0,461.0,19.9,47.0
2023-11-08 05:31:27,0.0,343.0,459.0,19.9,47.0
2023-11-08 05:41:27,0.0,343.0,460.0,19.9,47.0
2023-11-08 05:51:27,0.0,343.0,464.0,19.9,47.0
2023-11-08 06:01:27,0.0,343.0,461.0,19.8,47.0
2023-11-08 06:11:27,0.0,343.0,467.0,19.9,47.0
2023-11-08 06:21:27,0.0,343.0,463.0,19.9,47.0
2023-11-08 06:31:27,0.0,343.0,459.0,19.8,47.0
2023-11-08 06:41:27,4.0,346.0,460.0,19.9,48.0
2023-11-08 06:51:27,0.0,350.0,471.0,19.9,47.0
2023-11-08 07:01:26,0.0,363.0,472.0,19.9,48.0
2023-11-08 07:11:26,0.0,357.0,438.0,19.9,47.0
2023-11-08 07:21:27,0.0,357.0,433.0,19.9,46.0
2023-11-08 07:31:26,2.0,367.0,425.0,20.0,46.0
2023-11-08 07:41:26,23.0,367.0,543.0,20.2,47.0
2023-11-08 07:51:26,11.0,363.0,628.0,20.6,47.0
2023-11-08 08:01:26,5.0,410.0,701.0,20.8,47.0
2023-11-08 08:11:26,3.0,417.0,797.0,21.0,48.0
2023-11-08 08:21:26,63.0,421.0,885.0,21.3,50.0
2023-11-08 08:31:26,64.0,464.0,889.0,21.4,50.0
2023-11-08 08:41:26,63.0,606.0,885.0,21.5,50.0
2023-11-08 08:51:26,66.0,404.0,891.0,21.7,51.0
2023-11-08 09:01:26,54.0,431.0,909.0,21.7,50.0
2023-11-08 09:11:26,39.0,407.0,829.0,21.6,49.0
2023-11-08 09:21:26,47.0,397.0,879.0,21.7,49.0
2023-11-08 09:31:26,36.0,619.0,880.0,21.7,49.0
2023-11-08 09:41:26,0.0,471.0,838.0,21.7,49.0
2023-11-08 09:51:26,6.0,444.0,837.0,21.8,48.0
2023-11-08 10:01:26,0.0,451.0,843.0,21.8,48.0
2023-11-08 10:11:26,4.0,464.0,820.0,21.8,48.0
2023-11-08 10:21:26,2.0,646.0,835.0,21.8,47.0
2023-11-08 10:31:26,0.0,586.0,769.0,21.9,47.0
2023-11-08 10:41:25,0.0,447.0,748.0,21.9,46.0
2023-11-08 10:51:25,11.0,424.0,807.0,22.0,47.0
2023-11-08 11:01:25,7.0,815.0,862.0,22.0,47.0
2023-11-08 11:11:25,0.0,784.0,830.0,22.1,47.0
2023-11-08 11:21:25,0.0,535.0,839.0,22.1,47.0
2023-11-08 11:31:25,0.0,471.0,834.0,22.0,47.0
2023-11-08 11:41:25,0.0,2155.0,836.0,22.1,47.0
2023-11-08 11:51:25,7.0,714.0,849.0,22.1,46.0
2023-11-08 12:01:25,12.0,784.0,821.0,22.1,46.0
2023-11-08 12:11:25,8.0,586.0,675.0,22.0,45.0
2023-11-08 12:21:25,0.0,501.0,563.0,21.8,44.0
2023-11-08 12:31:25,14.0,889.0,544.0,21.8,44.0
2023-11-08 12:41:25,33.0,303.0,554.0,21.8,44.0
2023-11-08 12:51:25,0.0,232.0,483.0,21.6,43.0
2023-11-08 13:01:25,0.0,77.0,461.0,21.6,43.0
2023-11-08 13:11:25,0.0,272.0,432.0,21.5,43.0
2023-11-08 13:21:25,0.0,262.0,424.0,21.5,43.0
2023-11-08 13:31:25,0.0,161.0,427.0,21.4,43.0
2023-11-08 13:41:25,0.0,84.0,425.0,21.4,43.0
2023-11-08 13:51:25,0.0,50.0,438.0,21.3,43.0
2023-11-08 14:01:25,0.0,23.0,437.0,21.3,43.0
2023-11-08 14:11:24,0.0,23.0,439.0,21.3,42.0
2023-11-08 14:21:24,0.0,30.0,442.0,21.2,42.0
2023-11-08 14:31:24,0.0,53.0,448.0,21.2,43.0
2023-11-08 14:41:24,0.0,33.0,446.0,21.1,43.0
2023-11-08 14:51:24,0.0,20.0,436.0,21.1,42.0
2023-11-08 15:01:24,0.0,13.0,424.0,21.0,42.0
2023-11-08 15:11:24,0.0,3.0,424.0,21.0,42.0
2023-11-08 15:21:24,1.0,3.0,432.0,21.0,42.0
2023-11-08 15:31:24,2.0,3.0,434.0,21.0,42.0
2023-11-08 15:41:24,0.0,3.0,426.0,20.9,42.0
2023-11-08 15:51:24,0.0,0.0,427.0,20.9,42.0
2023-11-08 16:01:24,0.0,0.0,426.0,20.8,42.0
2023-11-08 16:11:24,0.0,0.0,466.0,20.8,43.0
2023-11-08 16:21:24,0.0,0.0,515.0,20.8,43.0
2023-11-08 16:31:24,0.0,0.0,544.0,20.8,44.0
2023-11-08 16:41:24,0.0,0.0,569.0,20.8,44.0
2023-11-08 16:51:24,0.0,0.0,574.0,20.8,45.0
2023-11-08 17:01:24,0.0,0.0,581.0,20.7,45.0
2023-11-08 17:11:24,0.0,0.0,593.0,20.7,45.0
2023-11-08 17:21:24,0.0,0.0,604.0,20.7,45.0
2023-11-08 17:31:24,0.0,0.0,603.0,20.7,45.0
2023-11-08 17:41:24,0.0,0.0,593.0,20.6,46.0
2023-11-08 17:51:23,0.0,0.0,590.0,20.6,46.0
2023-11-08 18:01:24,0.0,0.0,588.0,20.6,46.0
2023-11-08 18:11:24,0.0,0.0,581.0,20.6,46.0
2023-11-08 18:21:23,0.0,0.0,579.0,20.6,46.0
2023-11-08 18:31:23,0.0,0.0,579.0,20.6,46.0
2023-11-08 18:41:23,0.0,0.0,571.0,20.5,46.0
2023-11-08 18:51:23,0.0,0.0,572.0,20.5,46.0
2023-11-08 19:01:23,0.0,0.0,560.0,20.4,46.0
2023-11-08 19:11:23,0.0,0.0,562.0,20.4,46.0
2023-11-08 19:21:23,0.0,0.0,564.0,20.4,46.0
2023-11-08 19:31:23,0.0,0.0,564.0,20.3,46.0
2023-11-08 19:41:23,0.0,0.0,565.0,20.4,46.0
2023-11-08 19:51:23,0.0,0.0,562.0,20.3,47.0
2023-11-08 20:01:23,0.0,0.0,555.0,20.3,47.0
2023-11-08 20:11:23,0.0,0.0,564.0,20.2,47.0
2023-11-08 20:21:23,0.0,0.0,561.0,20.2,47.0
2023-11-08 20:31:23,0.0,0.0,554.0,20.2,47.0
2023-11-08 20:41:23,0.0,0.0,559.0,20.2,47.0
2023-11-08 20:51:23,0.0,0.0,557.0,20.1,47.0
2023-11-08 21:01:23,0.0,0.0,558.0,20.1,47.0
2023-11-08 21:11:23,0.0,0.0,557.0,20.1,47.0
2023-11-08 21:21:23,0.0,0.0,552.0,20.1,47.0
2023-11-08 21:31:22,0.0,0.0,545.0,20.2,47.0
2023-11-08 21:41:22,0.0,0.0,550.0,20.1,47.0
2023-11-08 21:51:22,0.0,0.0,538.0,20.1,47.0
2023-11-08 22:01:22,0.0,0.0,539.0,20.1,47.0
2023-11-08 22:11:22,0.0,0.0,529.0,20.1,47.0
2023-11-08 22:21:22,0.0,0.0,539.0,20.0,47.0
2023-11-08 22:31:22,0.0,0.0,532.0,20.0,47.0
2023-11-08 22:41:22,0.0,0.0,522.0,20.0,47.0
2023-11-08 22:51:22,0.0,0.0,535.0,20.1,47.0
2023-11-08 23:01:22,0.0,0.0,524.0,20.0,47.0
2023-11-08 23:11:22,0.0,0.0,526.0,20.0,47.0
2023-11-08 23:21:22,0.0,0.0,519.0,20.0,48.0
2023-11-08 23:31:22,0.0,0.0,516.0,19.9,47.0
2023-11-08 23:41:22,0.0,0.0,512.0,20.0,48.0
2023-11-08 23:51:22,0.0,0.0,508.0,19.9,48.0
2023-11-09 00:01:22,0.0,0.0,518.0,19.9,48.0
2023-11-09 00:11:22,0.0,0.0,501.0,19.9,48.0
2023-11-09 00:21:22,0.0,0.0,493.0,19.8,48.0
2023-11-09 00:31:22,0.0,0.0,501.0,19.8,48.0
2023-11-09 00:41:22,0.0,0.0,497.0,19.9,48.0
2023-11-09 00:51:22,0.0,0.0,501.0,19.8,48.0
2023-11-09 01:01:22,0.0,0.0,492.0,19.8,48.0
2023-11-09 01:11:21,0.0,0.0,503.0,19.8,48.0
2023-11-09 01:21:21,0.0,0.0,501.0,19.8,48.0
2023-11-09 01:31:21,0.0,0.0,486.0,19.7,48.0
2023-11-09 01:41:21,0.0,0.0,494.0,19.8,48.0
2023-11-09 01:51:22,0.0,0.0,496.0,19.8,48.0
2023-11-09 02:01:21,0.0,0.0,489.0,19.7,48.0
2023-11-09 02:11:21,0.0,0.0,486.0,19.8,48.0
2023-11-09 02:21:21,0.0,0.0,476.0,19.7,48.0
2023-11-09 02:31:21,0.0,0.0,479.0,19.8,48.0
2023-11-09 02:41:21,0.0,0.0,480.0,19.7,48.0
2023-11-09 02:51:21,0.0,0.0,481.0,19.7,48.0
2023-11-09 03:01:21,0.0,0.0,474.0,19.7,48.0
2023-11-09 03:11:21,0.0,0.0,473.0,19.7,48.0
2023-11-09 03:21:21,0.0,0.0,471.0,19.7,48.0
2023-11-09 03:31:21,0.0,0.0,467.0,19.7,48.0
2023-11-09 03:41:21,0.0,0.0,462.0,19.6,48.0
2023-11-09 03:51:21,0.0,0.0,460.0,19.7,48.0
2023-11-09 04:01:21,0.0,0.0,464.0,19.6,48.0
2023-11-09 04:11:21,0.0,0.0,453.0,19.7,48.0
2023-11-09 04:21:21,0.0,0.0,464.0,19.6,48.0
2023-11-09 04:31:21,0.0,0.0,471.0,19.6,48.0
2023-11-09 04:41:21,0.0,0.0,460.0,19.6,48.0
2023-11-09 04:51:20,0.0,0.0,460.0,19.6,48.0
2023-11-09 05:01:20,0.0,0.0,461.0,19.6,48.0
2023-11-09 05:11:20,0.0,0.0,454.0,19.6,48.0
2023-11-09 05:21:20,0.0,0.0,459.0,19.6,48.0
2023-11-09 05:31:20,0.0,0.0,451.0,19.6,48.0
2023-11-09 05:41:20,0.0,0.0,448.0,19.6,48.0
2023-11-09 05:51:20,0.0,0.0,453.0,19.6,48.0
2023-11-09 06:01:20,0.0,0.0,449.0,19.6,49.0
2023-11-09 06:11:20,0.0,0.0,451.0,19.6,49.0
2023-11-09 06:21:20,0.0,0.0,452.0,19.6,49.0
2023-11-09 06:31:20,0.0,0.0,446.0,19.6,49.0
2023-11-09 06:41:20,0.0,3.0,447.0,19.6,49.0
2023-11-09 06:51:20,0.0,3.0,459.0,19.6,49.0
2023-11-09 07:01:20,0.0,3.0,446.0,19.5,49.0
2023-11-09 07:11:20,0.0,6.0,418.0,19.7,48.0
2023-11-09 07:21:20,0.0,6.0,398.0,19.7,47.0
2023-11-09 07:31:20,0.0,6.0,397.0,19.7,47.0
2023-11-09 07:41:20,0.0,10.0,398.0,19.9,47.0
2023-11-09 07:51:20,0.0,13.0,389.0,20.5,45.0
2023-11-09 08:01:20,0.0,16.0,391.0,21.1,44.0
2023-11-09 08:11:20,0.0,23.0,391.0,21.5,43.0
2023-11-09 08:21:20,0.0,26.0,391.0,21.9,42.0
2023-11-09 08:31:19,0.0,16.0,385.0,21.8,42.0
2023-11-09 08:41:19,0.0,26.0,389.0,21.7,43.0
2023-11-09 08:51:19,0.0,26.0,392.0,21.4,44.0
2023-11-09 09:01:19,0.0,33.0,393.0,21.1,44.0
2023-11-09 09:11:19,0.0,33.0,398.0,20.9,45.0
2023-11-09 09:21:19,0.0,30.0,394.0,20.7,45.0
2023-11-09 09:31:19,0.0,40.0,393.0,20.5,46.0
2023-11-09 09:41:19,0.0,50.0,395.0,20.4,46.0
2023-11-09 09:51:19,0.0,47.0,393.0,20.4,47.0
2023-11-09 10:01:19,11.0,47.0,520.0,20.3,48.0
2023-11-09 10:11:19,0.0,63.0,536.0,20.4,49.0
2023-11-09 10:21:19,0.0,63.0,571.0,20.5,49.0
2023-11-09 10:31:19,2.0,74.0,567.0,20.6,49.0
2023-11-09 10:41:19,0.0,50.0,570.0,20.6,49.0
2023-11-09 10:51:19,0.0,37.0,557.0,20.7,49.0
2023-11-09 11:01:19,0.0,33.0,567.0,20.7,49.0
2023-11-09 11:11:19,0.0,33.0,547.0,20.6,49.0
2023-11-09 11:21:19,0.0,43.0,571.0,20.7,49.0
2023-11-09 11:31:19,0.0,30.0,559.0,20.7,49.0
2023-11-09 11:41:19,0.0,50.0,568.0,20.7,49.0
2023-11-09 11:51:19,16.0,53.0,589.0,20.7,49.0
2023-11-09 12:01:19,0.0,33.0,489.0,20.6,48.0
2023-11-09 12:11:19,0.0,30.0,460.0,20.5,48.0
2023-11-09 12:21:18,0.0,37.0,445.0,20.5,48.0
2023-11-09 12:31:18,0.0,23.0,448.0,20.4,48.0
2023-11-09 12:41:18,0.0,33.0,430.0,20.4,48.0
2023-11-09 12:51:18,0.0,30.0,438.0,20.4,48.0
2023-11-09 13:01:18,0.0,37.0,428.0,20.4,48.0
2023-11-09 13:11:18,5.0,26.0,630.0,20.5,52.0
2023-11-09 13:21:18,0.0,30.0,665.0,20.5,52.0
2023-11-09 13:31:18,0.0,20.0,705.0,20.6,52.0
2023-11-09 13:41:18,7.0,16.0,613.0,20.5,51.0
2023-11-09 13:51:18,0.0,20.0,510.0,20.4,50.0
2023-11-09 14:01:18,0.0,13.0,455.0,20.4,49.0
2023-11-09 14:11:18,0.0,10.0,431.0,20.4,49.0
2023-11-09 14:21:18,0.0,10.0,421.0,20.3,48.0
2023-11-09 14:31:18,0.0,6.0,418.0,20.3,49.0
2023-11-09 14:41:18,0.0,6.0,424.0,20.3,49.0
2023-11-09 14:51:18,0.0,3.0,423.0,20.3,48.0
2023-11-09 15:01:18,0.0,3.0,423.0,20.2,48.0
2023-11-09 15:11:18,0.0,3.0,419.0,20.2,48.0
2023-11-09 15:21:18,0.0,3.0,407.0,20.2,48.0
2023-11-09 15:31:18,0.0,0.0,402.0,20.2,48.0
2023-11-09 15:41:18,0.0,0.0,409.0,20.2,48.0
2023-11-09 15:51:17,0.0,0.0,408.0,20.3,48.0
2023-11-09 16:01:17,0.0,0.0,408.0,20.4,48.0
2023-11-09 16:11:17,0.0,0.0,467.0,20.7,48.0
2023-11-09 16:21:17,0.0,0.0,521.0,20.7,48.0
2023-11-09 16:31:17,0.0,0.0,550.0,20.6,48.0
2023-11-09 16:41:17,0.0,0.0,575.0,20.5,48.0
2023-11-09 16:51:17,0.0,0.0,567.0,20.3,49.0
2023-11-09 17:01:17,0.0,0.0,575.0,20.2,49.0
2023-11-09 17:11:17,0.0,0.0,573.0,20.2,49.0
2023-11-09 17:21:17,0.0,0.0,579.0,20.1,50.0
2023-11-09 17:31:17,0.0,0.0,577.0,20.1,50.0
2023-11-09 17:41:17,0.0,0.0,576.0,20.0,50.0
2023-11-09 17:51:17,0.0,0.0,584.0,20.0,50.0
2023-11-09 18:01:17,0.0,0.0,565.0,20.0,50.0
2023-11-09 18:11:17,0.0,0.0,552.0,19.9,50.0
2023-11-09 18:21:17,0.0,0.0,563.0,19.9,50.0
2023-11-09 18:31:17,0.0,0.0,551.0,19.9,50.0
2023-11-09 18:41:17,0.0,0.0,551.0,19.9,50.0
2023-11-09 18:51:17,0.0,0.0,550.0,19.8,50.0
2023-11-09 19:01:17,0.0,0.0,545.0,19.8,50.0
2023-11-09 19:11:17,0.0,0.0,552.0,19.8,50.0
2023-11-09 19:21:17,0.0,0.0,557.0,19.8,50.0
2023-11-09 19:31:16,0.0,0.0,553.0,19.8,50.0
2023-11-09 19:41:16,0.0,0.0,555.0,19.8,50.0
2023-11-09 19:51:16,0.0,0.0,556.0,19.8,50.0
2023-11-09 20:01:16,0.0,0.0,557.0,19.8,50.0
2023-11-09 20:11:16,0.0,0.0,550.0,19.8,50.0
2023-11-09 20:21:16,0.0,0.0,557.0,19.8,50.0
2023-11-09 20:31:16,0.0,0.0,549.0,19.9,50.0
2023-11-09 20:41:16,0.0,0.0,544.0,19.9,50.0
2023-11-09 20:51:16,0.0,0.0,543.0,19.9,50.0
2023-11-09 21:01:16,0.0,0.0,549.0,19.8,50.0
2023-11-09 21:11:16,0.0,0.0,545.0,19.8,50.0
2023-11-09 21:21:16,0.0,0.0,546.0,19.8,50.0
2023-11-09 21:31:16,0.0,0.0,546.0,19.8,50.0
2023-11-09 21:41:16,0.0,0.0,534.0,19.8,50.0
2023-11-09 21:51:16,0.0,0.0,538.0,19.8,50.0
2023-11-09 22:01:16,0.0,0.0,537.0,19.8,50.0
2023-11-09 22:11:16,0.0,0.0,520.0,19.7,50.0
2023-11-09 22:21:16,0.0,0.0,523.0,19.7,49.0
2023-11-09 22:31:16,0.0,0.0,529.0,19.8,50.0
2023-11-09 22:41:16,0.0,0.0,520.0,19.7,50.0
2023-11-09 22:51:16,0.0,0.0,517.0,19.7,50.0
2023-11-09 23:01:16,0.0,0.0,516.0,19.7,50.0
2023-11-09 23:11:15,0.0,0.0,516.0,19.7,50.0
2023-11-09 23:21:15,0.0,0.0,511.0,19.7,50.0
2023-11-09 23:31:16,0.0,0.0,509.0,19.7,50.0
2023-11-09 23:41:15,0.0,0.0,504.0,19.6,50.0
2023-11-09 23:51:15,0.0,0.0,509.0,19.7,50.0
2023-11-10 00:01:15,0.0,0.0,513.0,19.6,50.0
2023-11-10 00:11:15,0.0,0.0,503.0,19.6,50.0
2023-11-10 00:21:15,0.0,0.0,501.0,19.6,50.0
2023-11-10 00:31:15,0.0,0.0,498.0,19.6,50.0
2023-11-10 00:41:15,0.0,0.0,484.0,19.6,50.0
2023-11-10 00:51:15,0.0,0.0,493.0,19.6,50.0
2023-11-10 01:01:15,0.0,0.0,485.0,19.6,50.0
2023-11-10 01:11:15,0.0,0.0,488.0,19.5,50.0
2023-11-10 01:21:15,0.0,0.0,487.0,19.6,50.0
2023-11-10 01:31:15,0.0,0.0,493.0,19.5,50.0
2023-11-10 01:41:15,0.0,0.0,479.0,19.6,50.0
2023-11-10 01:51:15,0.0,0.0,478.0,19.5,50.0
2023-11-10 02:01:15,0.0,0.0,481.0,19.5,50.0
2023-11-10 02:11:15,0.0,0.0,481.0,19.5,50.0
2023-11-10 02:21:15,0.0,0.0,477.0,19.5,50.0
2023-11-10 02:31:15,0.0,0.0,463.0,19.5,50.0
2023-11-10 02:41:15,0.0,0.0,472.0,19.4,50.0
2023-11-10 02:51:14,0.0,0.0,470.0,19.5,50.0
2023-11-10 03:01:14,0.0,0.0,465.0,19.4,50.0
2023-11-10 03:11:15,0.0,0.0,464.0,19.4,50.0
2023-11-10 03:21:14,0.0,0.0,465.0,19.5,50.0
2023-11-10 03:31:14,0.0,0.0,467.0,19.4,50.0
2023-11-10 03:41:14,0.0,0.0,455.0,19.5,50.0
2023-11-10 03:51:14,0.0,0.0,461.0,19.4,50.0
2023-11-10 04:01:14,0.0,0.0,461.0,19.4,50.0
2023-11-10 04:11:14,0.0,0.0,451.0,19.3,50.0
2023-11-10 04:21:14,0.0,0.0,461.0,19.4,50.0
2023-11-10 04:31:14,0.0,0.0,456.0,19.4,50.0
2023-11-10 04:41:14,0.0,0.0,461.0,19.4,50.0
2023-11-10 04:51:14,0.0,0.0,449.0,19.4,50.0
2023-11-10 05:01:14,0.0,0.0,453.0,19.4,50.0
2023-11-10 05:11:14,0.0,0.0,450.0,19.3,50.0
2023-11-10 05:21:14,0.0,0.0,449.0,19.3,50.0
2023-11-10 05:31:14,0.0,0.0,451.0,19.4,50.0
2023-11-10 05:41:14,0.0,0.0,443.0,19.3,50.0
2023-11-10 05:51:14,0.0,0.0,446.0,19.3,50.0
2023-11-10 06:01:14,0.0,0.0,446.0,19.3,50.0
2023-11-10 06:11:14,0.0,0.0,444.0,19.3,50.0
2023-11-10 06:21:14,0.0,0.0,457.0,19.3,50.0
2023-11-10 06:31:14,0.0,0.0,450.0,19.3,50.0
2023-11-10 06:41:13,0.0,3.0,448.0,19.3,50.0
2023-11-10 06:51:13,0.0,3.0,441.0,19.3,50.0
2023-11-10 07:01:13,0.0,6.0,446.0,19.3,50.0
2023-11-10 07:11:13,0.0,16.0,415.0,19.4,48.0
2023-11-10 07:21:13,0.0,20.0,399.0,19.5,47.0
2023-11-10 07:31:13,0.0,43.0,396.0,19.5,46.0
2023-11-10 07:41:13,0.0,53.0,395.0,19.8,45.0
2023-11-10 07:51:13,0.0,43.0,388.0,20.5,43.0
2023-11-10 08:01:13,0.0,84.0,389.0,21.3,40.0
2023-11-10 08:11:13,0.0,26.0,389.0,21.6,39.0
2023-11-10 08:21:13,0.0,16.0,393.0,21.8,39.0
2023-11-10 08:31:13,0.0,26.0,388.0,21.9,38.0
2023-11-10 08:41:13,0.0,33.0,385.0,22.0,38.0
2023-11-10 08:51:13,0.0,20.0,380.0,21.9,38.0
2023-11-10 09:01:13,0.0,16.0,394.0,21.7,39.0
2023-11-10 09:11:13,0.0,26.0,395.0,21.4,40.0
2023-11-10 09:21:13,0.0,37.0,396.0,20.9,41.0
2023-11-10 09:31:13,0.0,124.0,402.0,20.6,42.0
2023-11-10 09:41:13,0.0,57.0,391.0,20.4,42.0
2023-11-10 09:51:13,0.0,67.0,401.0,20.3,43.0
2023-11-10 10:01:13,2.0,37.0,415.0,20.2,43.0
2023-11-10 10:11:13,15.0,23.0,743.0,20.4,47.0
2023-11-10 10:21:12,13.0,37.0,794.0,20.6,48.0
2023-11-10 10:31:12,13.0,37.0,849.0,20.6,48.0
2023-11-10 10:41:13,16.0,101.0,954.0,20.7,48.0
2023-11-10 10:51:12,11.0,117.0,906.0,20.8,48.0
2023-11-10 11:01:12,14.0,101.0,742.0,20.7,47.0
2023-11-10 11:11:12,0.0,111.0,566.0,20.4,46.0
2023-11-10 11:21:12,0.0,195.0,471.0,20.4,45.0
2023-11-10 11:31:12,0.0,101.0,430.0,20.3,45.0
2023-11-10 11:41:12,0.0,47.0,426.0,20.2,44.0
2023-11-10 11:51:12,0.0,121.0,413.0,20.2,44.0
2023-11-10 12:01:12,3.0,67.0,480.0,20.2,44.0
2023-11-10 12:11:12,2.0,60.0,556.0,20.3,45.0
2023-11-10 12:21:12,3.0,394.0,593.0,20.4,45.0
2023-11-10 12:31:12,6.0,400.0,654.0,20.5,45.0
2023-11-10 12:41:12,0.0,410.0,628.0,20.5,44.0
2023-11-10 12:51:12,14.0,444.0,648.0,20.5,44.0
2023-11-10 13:01:12,6.0,468.0,663.0,20.6,44.0
2023-11-10 13:11:12,2.0,491.0,648.0,20.7,44.0
2023-11-10 13:21:12,4.0,518.0,635.0,20.7,43.0
2023-11-10 13:31:12,7.0,215.0,555.0,20.6,43.0
2023-11-10 13:41:12,0.0,235.0,461.0,20.4,42.0
2023-11-10 13:51:12,0.0,144.0,431.0,20.4,42.0
2023-11-10 14:01:11,0.0,131.0,422.0,20.4,41.0
2023-11-10 14:11:11,0.0,121.0,404.0,20.4,41.0
2023-11-10 14:21:11,0.0,90.0,402.0,20.4,41.0
2023-11-10 14:31:11,0.0,70.0,397.0,20.4,40.0
2023-11-10 14:41:11,0.0,50.0,405.0,20.5,40.0
2023-11-10 14:51:11,0.0,33.0,406.0,20.8,40.0
2023-11-10 15:01:11,0.0,16.0,414.0,21.1,38.0
2023-11-10 15:11:11,0.0,10.0,410.0,21.4,38.0
2023-11-10 15:21:12,0.0,3.0,415.0,21.7,37.0
2023-11-10 15:31:11,5.0,3.0,427.0,22.1,36.0
2023-11-10 15:41:11,0.0,0.0,411.0,22.5,35.0
2023-11-10 15:51:11,0.0,0.0,408.0,22.6,35.0
2023-11-10 16:01:11,0.0,0.0,395.0,22.6,35.0
2023-11-10 16:11:11,0.0,0.0,437.0,22.4,36.0
2023-11-10 16:21:11,0.0,0.0,483.0,22.1,37.0
2023-11-10 16:31:11,0.0,0.0,511.0,21.8,38.0
2023-11-10 16:41:11,0.0,0.0,534.0,21.5,39.0
2023-11-10 16:51:11,0.0,0.0,555.0,21.1,40.0
2023-11-10 17:01:11,0.0,0.0,587.0,21.0,41.0
2023-11-10 17:11:11,0.0,0.0,599.0,20.7,42.0
2023-11-10 17:21:11,0.0,0.0,619.0,20.5,42.0
2023-11-10 17:31:11,0.0,0.0,621.0,20.4,43.0
2023-11-10 17:41:10,0.0,0.0,626.0,20.4,43.0
2023-11-10 17:51:10,0.0,0.0,626.0,20.4,43.0
2023-11-10 18:01:10,0.0,0.0,630.0,20.3,44.0
2023-11-10 18:11:10,0.0,0.0,630.0,20.2,44.0
2023-11-10 18:21:10,0.0,0.0,622.0,20.2,44.0
2023-11-10 18:31:10,0.0,0.0,630.0,20.2,44.0
2023-11-10 18:41:10,0.0,0.0,626.0,20.1,44.0
2023-11-10 18:51:10,0.0,0.0,625.0,20.1,45.0
2023-11-10 19:01:10,0.0,0.0,620.0,20.1,45.0
2023-11-10 19:11:10,0.0,0.0,644.0,20.0,45.0
2023-11-10 19:21:10,0.0,0.0,626.0,20.0,45.0
2023-11-10 19:31:10,0.0,0.0,635.0,19.9,45.0
2023-11-10 19:41:10,0.0,0.0,635.0,20.0,45.0
2023-11-10 19:51:10,0.0,0.0,634.0,19.9,45.0
2023-11-10 20:01:10,0.0,0.0,632.0,19.8,45.0
2023-11-10 20:11:10,0.0,0.0,625.0,19.9,45.0
2023-11-10 20:21:10,0.0,0.0,641.0,19.8,45.0
2023-11-10 20:31:10,0.0,0.0,632.0,19.8,45.0
2023-11-10 20:41:10,0.0,0.0,623.0,19.8,45.0
2023-11-10 20:51:10,0.0,0.0,632.0,19.8,46.0
2023-11-10 21:01:10,0.0,0.0,626.0,19.8,46.0
2023-11-10 21:11:09,0.0,0.0,625.0,19.8,46.0
2023-11-10 21:21:09,0.0,0.0,630.0,19.7,46.0
2023-11-10 21:31:09,0.0,0.0,631.0,19.8,46.0
2023-11-10 21:41:09,0.0,0.0,622.0,19.7,46.0
2023-11-10 21:51:09,0.0,0.0,617.0,19.7,46.0
2023-11-10 22:01:09,0.0,0.0,613.0,19.7,46.0
2023-11-10 22:11:09,0.0,0.0,624.0,19.7,46.0
2023-11-10 22:21:09,0.0,0.0,608.0,19.7,46.0
2023-11-10 22:31:09,0.0,0.0,615.0,19.7,46.0
2023-11-10 22:41:09,0.0,0.0,606.0,19.7,46.0
2023-11-10 22:51:09,0.0,0.0,615.0,19.7,46.0
2023-11-10 23:01:09,0.0,0.0,602.0,19.6,46.0
2023-11-10 23:11:09,0.0,0.0,597.0,19.6,46.0
2023-11-10 23:21:09,0.0,0.0,596.0,19.6,47.0
2023-11-10 23:31:09,0.0,0.0,598.0,19.6,47.0
2023-11-10 23:41:09,0.0,0.0,574.0,19.6,47.0
2023-11-10 23:51:09,0.0,0.0,580.0,19.6,47.0
2023-11-11 00:01:09,0.0,0.0,576.0,19.6,47.0
2023-11-11 00:11:09,0.0,0.0,572.0,19.6,47.0
2023-11-11 00:21:09,0.0,0.0,581.0,19.5,47.0
2023-11-11 00:31:09,0.0,0.0,565.0,19.6,47.0
2023-11-11 00:41:09,0.0,0.0,571.0,19.5,47.0
2023-11-11 00:51:08,0.0,0.0,565.0,19.5,47.0
2023-11-11 01:01:09,0.0,0.0,566.0,19.5,47.0
2023-11-11 01:11:08,0.0,0.0,560.0,19.5,47.0
2023-11-11 01:21:08,0.0,0.0,551.0,19.5,47.0
2023-11-11 01:31:08,0.0,0.0,556.0,19.5,47.0
2023-11-11 01:41:08,0.0,0.0,551.0,19.4,47.0
2023-11-11 01:51:08,0.0,0.0,546.0,19.5,47.0
2023-11-11 02:01:08,0.0,0.0,543.0,19.5,47.0
2023-11-11 02:11:08,0.0,0.0,544.0,19.5,47.0
2023-11-11 02:21:08,0.0,0.0,541.0,19.5,47.0
2023-11-11 02:31:08,0.0,0.0,544.0,19.4,47.0
2023-11-11 02:41:08,0.0,0.0,539.0,19.4,47.0
2023-11-11 02:51:08,0.0,0.0,525.0,19.5,47.0
2023-11-11 03:01:08,0.0,0.0,522.0,19.5,47.0
2023-11-11 03:11:08,0.0,0.0,523.0,19.4,48.0
2023-11-11 03:21:08,0.0,0.0,529.0,19.4,48.0
2023-11-11 03:31:08,0.0,0.0,520.0,19.4,48.0
2023-11-11 03:41:08,0.0,0.0,524.0,19.4,48.0
2023-11-11 03:51:08,0.0,0.0,519.0,19.4,48.0
2023-11-11 04:01:08,0.0,0.0,515.0,19.4,48.0
2023-11-11 04:11:08,0.0,0.0,511.0,19.3,48.0
2023-11-11 04:21:08,0.0,0.0,515.0,19.4,48.0
2023-11-11 04:31:08,0.0,0.0,515.0,19.4,48.0
2023-11-11 04:41:08,0.0,0.0,506.0,19.4,48.0
2023-11-11 04:51:08,0.0,0.0,505.0,19.4,48.0
2023-11-11 05:01:07,0.0,0.0,503.0,19.4,48.0
2023-11-11 05:11:07,0.0,0.0,498.0,19.3,48.0
2023-11-11 05:21:07,0.0,0.0,496.0,19.3,48.0
2023-11-11 05:31:07,0.0,0.0,489.0,19.3,48.0
2023-11-11 05:41:07,0.0,0.0,496.0,19.4,48.0
2023-11-11 05:51:07,0.0,0.0,491.0,19.3,48.0
2023-11-11 06:01:07,0.0,0.0,495.0,19.3,48.0
2023-11-11 06:11:07,0.0,0.0,475.0,19.4,48.0
2023-11-11 06:21:07,0.0,0.0,475.0,19.3,48.0
2023-11-11 06:31:07,0.0,3.0,466.0,19.3,48.0
2023-11-11 06:41:07,0.0,6.0,456.0,19.3,48.0
2023-11-11 06:51:07,0.0,10.0,454.0,19.3,48.0
2023-11-11 07:01:07,0.0,16.0,454.0,19.3,48.0
2023-11-11 07:11:07,0.0,23.0,466.0,19.2,48.0
2023-11-11 07:21:07,0.0,23.0,450.0,19.3,48.0
2023-11-11 07:31:07,0.0,23.0,458.0,19.3,48.0
2023-11-11 07:41:07,0.0,47.0,453.0,19.3,48.0
2023-11-11 07:51:07,0.0,60.0,446.0,19.3,48.0
2023-11-11 08:01:07,0.0,63.0,452.0,19.2,48.0
2023-11-11 08:11:07,0.0,101.0,464.0,19.2,48.0
2023-11-11 08:21:06,0.0,138.0,443.0,19.2,48.0
2023-11-11 08:31:06,0.0,77.0,453.0,19.2,48.0
2023-11-11 08:41:06,0.0,47.0,453.0,19.2,48.0
2023-11-11 08:51:06,0.0,37.0,441.0,19.2,48.0
2023-11-11 09:01:06,0.0,53.0,446.0,19.2,48.0
2023-11-11 09:11:06,0.0,185.0,448.0,19.3,48.0
2023-11-11 09:21:06,0.0,107.0,441.0,19.3,48.0
2023-11-11 09:31:06,0.0,117.0,433.0,19.3,48.0
2023-11-11 09:41:06,0.0,60.0,450.0,19.3,48.0
2023-11-11 09:51:06,0.0,70.0,439.0,19.4,48.0
2023-11-11 10:01:06,0.0,84.0,448.0,19.3,48.0
2023-11-11 10:11:06,0.0,121.0,452.0,19.3,48.0
2023-11-11 10:21:06,0.0,144.0,443.0,19.3,48.0
2023-11-11 10:31:06,0.0,97.0,443.0,19.3,48.0
2023-11-11 10:41:06,0.0,80.0,444.0,19.3,48.0
2023-11-11 10:51:06,0.0,138.0,439.0,19.3,48.0
2023-11-11 11:01:06,0.0,117.0,440.0,19.3,48.0
2023-11-11 11:11:06,0.0,90.0,438.0,19.2,48.0
2023-11-11 11:21:06,0.0,50.0,445.0,19.3,48.0
2023-11-11 11:31:06,0.0,60.0,440.0,19.3,48.0
2023-11-11 11:41:06,0.0,63.0,440.0,19.3,48.0
2023-11-11 11:51:06,0.0,33.0,440.0,19.3,48.0
2023-11-11 12:01:05,0.0,23.0,444.0,19.2,49.0
2023-11-11 12:11:05,0.0,13.0,443.0,19.2,49.0
2023-11-11 12:21:05,0.0,13.0,437.0,19.2,49.0
2023-11-11 12:31:05,0.0,13.0,436.0,19.2,49.0
2023-11-11 12:41:05,0.0,10.0,439.0,19.2,49.0
2023-11-11 12:51:05,0.0,10.0,434.0,19.2,49.0
2023-11-11 13:01:05,0.0,13.0,419.0,19.2,49.0
2023-11-11 13:11:05,0.0,37.0,436.0,19.2,49.0
2023-11-11 13:21:05,0.0,60.0,432.0,19.2,49.0
2023-11-11 13:31:05,0.0,47.0,425.0,19.2,49.0
2023-11-11 13:41:05,0.0,47.0,428.0,19.2,49.0
2023-11-11 13:51:05,0.0,43.0,427.0,19.2,49.0
2023-11-11 14:01:05,0.0,57.0,428.0,19.2,49.0
2023-11-11 14:11:05,0.0,40.0,431.0,19.2,49.0
2023-11-11 14:21:05,0.0,26.0,425.0,19.2,49.0
2023-11-11 14:31:05,0.0,20.0,432.0,19.2,49.0
2023-11-11 14:41:05,0.0,13.0,425.0,19.2,49.0
2023-11-11 14:51:05,0.0,6.0,424.0,19.2,49.0
2023-11-11 15:01:05,0.0,3.0,423.0,19.1,49.0
2023-11-11 15:11:05,0.0,3.0,429.0,19.2,49.0
2023-11-11 15:21:05,0.0,0.0,427.0,19.1,49.0
2023-11-11 15:31:05,0.0,0.0,433.0,19.1,49.0
2023-11-11 15:41:04,0.0,0.0,432.0,19.1,49.0
2023-11-11 15:51:04,0.0,0.0,433.0,19.1,49.0
2023-11-11 16:01:04,0.0,0.0,434.0,19.1,49.0
2023-11-11 16:11:04,0.0,0.0,417.0,19.1,49.0
2023-11-11 16:21:04,0.0,0.0,430.0,19.1,49.0
2023-11-11 16:31:04,0.0,0.0,426.0,19.1,49.0
2023-11-11 16:41:04,0.0,0.0,420.0,19.1,49.0
2023-11-11 16:51:04,0.0,0.0,430.0,19.1,49.0
2023-11-11 17:01:04,0.0,0.0,433.0,19.1,49.0
2023-11-11 17:11:04,0.0,0.0,417.0,19.0,49.0
2023-11-11 17:21:04,0.0,0.0,421.0,19.1,49.0
2023-11-11 17:31:04,0.0,0.0,418.0,19.0,49.0
2023-11-11 17:41:04,0.0,0.0,423.0,19.1,49.0
2023-11-11 17:51:04,0.0,0.0,420.0,19.0,49.0
2023-11-11 18:01:04,0.0,0.0,418.0,19.0,49.0
2023-11-11 18:11:04,0.0,0.0,416.0,19.0,49.0
2023-11-11 18:21:04,0.0,0.0,418.0,19.0,49.0
2023-11-11 18:31:04,0.0,0.0,422.0,19.0,49.0
2023-11-11 18:41:04,0.0,0.0,414.0,19.0,49.0
2023-11-11 18:51:04,0.0,0.0,420.0,19.0,49.0
2023-11-11 19:01:04,0.0,0.0,419.0,18.9,49.0
2023-11-11 19:11:04,0.0,0.0,425.0,19.0,49.0
2023-11-11 19:21:03,0.0,0.0,415.0,18.9,49.0
2023-11-11 19:31:03,0.0,0.0,418.0,18.9,49.0
2023-11-11 19:41:03,0.0,0.0,412.0,19.0,49.0
2023-11-11 19:51:03,0.0,0.0,419.0,18.9,49.0
2023-11-11 20:01:03,0.0,0.0,414.0,19.0,49.0
2023-11-11 20:11:03,0.0,0.0,421.0,19.0,49.0
2023-11-11 20:21:03,0.0,0.0,407.0,19.1,49.0
2023-11-11 20:31:03,0.0,0.0,411.0,19.0,48.0
2023-11-11 20:41:03,0.0,0.0,421.0,19.1,48.0
2023-11-11 20:51:03,0.0,0.0,409.0,19.1,48.0
2023-11-11 21:01:03,0.0,0.0,424.0,19.1,48.0
2023-11-11 21:11:03,0.0,0.0,415.0,19.1,48.0
2023-11-11 21:21:03,0.0,0.0,411.0,19.1,48.0
2023-11-11 21:31:03,0.0,0.0,423.0,19.1,48.0
2023-11-11 21:41:03,0.0,0.0,413.0,19.1,48.0
2023-11-11 21:51:03,0.0,0.0,414.0,19.1,48.0
2023-11-11 22:01:03,0.0,0.0,412.0,19.1,49.0
2023-11-11 22:11:03,0.0,0.0,416.0,19.1,48.0
2023-11-11 22:21:03,0.0,0.0,419.0,19.1,49.0
2023-11-11 22:31:03,0.0,0.0,425.0,19.1,49.0
2023-11-11 22:41:03,0.0,0.0,411.0,19.1,49.0
2023-11-11 22:51:03,0.0,0.0,413.0,19.1,49.0
2023-11-11 23:01:02,0.0,0.0,414.0,19.1,49.0
2023-11-11 23:11:03,0.0,0.0,413.0,19.1,49.0
2023-11-11 23:21:02,0.0,0.0,410.0,19.1,49.0
2023-11-11 23:31:03,0.0,0.0,416.0,19.1,49.0
2023-11-11 23:41:02,0.0,0.0,421.0,19.1,49.0
2023-11-11 23:51:02,0.0,0.0,417.0,19.1,49.0
2023-11-12 00:01:02,0.0,0.0,417.0,19.1,49.0
2023-11-12 00:11:02,0.0,0.0,416.0,19.1,49.0
2023-11-12 00:21:02,0.0,0.0,408.0,19.1,49.0
2023-11-12 00:31:02,0.0,0.0,418.0,19.0,49.0
2023-11-12 00:41:02,0.0,0.0,410.0,19.1,49.0
2023-11-12 00:51:02,0.0,0.0,416.0,19.1,49.0
2023-11-12 01:01:02,0.0,0.0,410.0,19.1,49.0
2023-11-12 01:11:02,0.0,0.0,410.0,19.1,49.0
2023-11-12 01:21:02,0.0,0.0,414.0,19.1,49.0
2023-11-12 01:31:02,0.0,0.0,410.0,19.1,49.0
2023-11-12 01:41:02,0.0,0.0,412.0,19.1,49.0
2023-11-12 01:51:02,0.0,0.0,417.0,19.1,49.0
2023-11-12 02:01:02,0.0,0.0,414.0,19.1,49.0
2023-11-12 02:11:02,0.0,0.0,403.0,19.1,49.0
2023-11-12 02:21:02,0.0,0.0,415.0,19.1,48.0
2023-11-12 02:31:02,0.0,0.0,411.0,19.1,48.0
2023-11-12 02:41:02,0.0,0.0,410.0,19.1,48.0
2023-11-12 02:51:02,0.0,0.0,411.0,19.2,48.0
2023-11-12 03:01:01,0.0,0.0,404.0,19.1,48.0
2023-11-12 03:11:01,0.0,0.0,404.0,19.1,48.0
2023-11-12 03:21:01,0.0,0.0,413.0,19.1,48.0
2023-11-12 03:31:01,0.0,0.0,403.0,19.1,48.0
2023-11-12 03:41:01,0.0,0.0,416.0,19.1,48.0
2023-11-12 03:51:01,0.0,0.0,412.0,19.1,48.0
2023-11-12 04:01:01,0.0,0.0,408.0,19.1,48.0
2023-11-12 04:11:01,0.0,0.0,413.0,19.1,48.0
2023-11-12 04:21:01,0.0,0.0,412.0,19.0,48.0
2023-11-12 04:31:01,0.0,0.0,413.0,19.1,48.0
2023-11-12 04:41:01,0.0,0.0,409.0,19.0,48.0
2023-11-12 04:51:01,0.0,0.0,415.0,19.0,48.0
2023-11-12 05:01:01,0.0,0.0,404.0,19.0,48.0
2023-11-12 05:11:01,0.0,0.0,409.0,19.0,48.0
2023-11-12 05:21:01,0.0,0.0,412.0,19.0,48.0
2023-11-12 05:31:01,0.0,0.0,403.0,19.0,48.0
2023-11-12 05:41:01,0.0,0.0,404.0,19.0,48.0
2023-11-12 05:51:01,0.0,0.0,413.0,19.0,48.0
2023-11-12 06:01:01,0.0,0.0,412.0,19.0,48.0
2023-11-12 06:11:01,0.0,0.0,403.0,19.0,48.0
2023-11-12 06:21:01,0.0,0.0,407.0,19.1,48.0
2023-11-12 06:31:00,0.0,0.0,406.0,19.0,48.0
2023-11-12 06:41:00,0.0,3.0,408.0,19.0,48.0
2023-11-12 06:51:00,0.0,6.0,407.0,19.0,48.0
2023-11-12 07:01:00,0.0,10.0,412.0,19.0,48.0
2023-11-12 07:11:00,0.0,10.0,405.0,19.0,48.0
2023-11-12 07:21:00,0.0,10.0,408.0,19.0,48.0
2023-11-12 07:31:00,0.0,13.0,405.0,18.9,48.0
2023-11-12 07:41:00,0.0,26.0,405.0,18.9,48.0
2023-11-12 07:51:00,0.0,47.0,409.0,19.0,48.0
2023-11-12 08:01:00,0.0,53.0,407.0,18.9,48.0
2023-11-12 08:11:00,0.0,60.0,415.0,18.9,48.0
2023-11-12 08:21:00,0.0,67.0,413.0,18.9,48.0
2023-11-12 08:31:00,0.0,57.0,402.0,18.9,48.0
2023-11-12 08:41:00,0.0,50.0,412.0,18.9,48.0
2023-11-12 08:51:00,0.0,60.0,404.0,19.0,48.0
2023-11-12 09:01:00,0.0,67.0,407.0,18.9,48.0
2023-11-12 09:11:00,0.0,63.0,406.0,18.9,48.0
2023-11-12 09:21:00,0.0,57.0,408.0,18.9,48.0
2023-11-12 09:31:00,0.0,57.0,406.0,18.9,48.0
2023-11-12 09:41:00,0.0,57.0,403.0,18.9,48.0
2023-11-12 09:51:00,0.0,63.0,410.0,18.9,48.0
2023-11-12 10:01:00,0.0,63.0,407.0,18.9,48.0
2023-11-12 10:11:00,0.0,77.0,405.0,18.9,48.0
2023-11-12 10:20:59,0.0,138.0,402.0,19.0,48.0
2023-11-12 10:30:59,0.0,124.0,407.0,18.9,48.0
2023-11-12 10:40:59,0.0,127.0,407.0,18.9,48.0
2023-11-12 10:50:59,0.0,134.0,409.0,18.9,48.0
2023-11-12 11:00:59,0.0,104.0,409.0,18.9,48.0
2023-11-12 11:10:59,0.0,60.0,406.0,19.0,49.0
2023-11-12 11:20:59,0.0,70.0,414.0,19.0,48.0
2023-11-12 11:30:59,0.0,111.0,409.0,19.0,48.0
2023-11-12 11:40:59,0.0,124.0,403.0,19.0,49.0
2023-11-12 11:50:59,0.0,107.0,410.0,19.0,49.0
2023-11-12 12:00:59,0.0,101.0,405.0,19.0,48.0
2023-11-12 12:10:59,0.0,80.0,405.0,19.0,48.0
2023-11-12 12:20:59,0.0,67.0,409.0,19.0,49.0
2023-11-12 12:30:59,0.0,57.0,400.0,19.0,48.0
2023-11-12 12:40:59,0.0,53.0,408.0,19.0,48.0
2023-11-12 12:50:59,0.0,53.0,398.0,19.0,48.0
2023-11-12 13:00:59,0.0,53.0,397.0,19.0,48.0
2023-11-12 13:10:59,0.0,47.0,403.0,19.0,48.0
2023-11-12 13:20:59,0.0,43.0,400.0,19.0,48.0
2023-11-12 13:30:59,0.0,33.0,399.0,19.0,48.0
2023-11-12 13:40:59,0.0,26.0,404.0,19.0,48.0
2023-11-12 13:50:58,0.0,23.0,394.0,19.0,48.0
2023-11-12 14:00:58,0.0,10.0,408.0,19.0,48.0
2023-11-12 14:10:58,0.0,6.0,400.0,19.0,48.0
2023-11-12 14:20:58,0.0,6.0,401.0,19.0,48.0
2023-11-12 14:30:58,0.0,10.0,412.0,19.0,48.0
2023-11-12 14:40:58,0.0,10.0,408.0,19.0,48.0
2023-11-12 14:50:58,0.0,6.0,404.0,19.0,49.0
2023-11-12 15:00:58,0.0,3.0,400.0,19.0,48.0
2023-11-12 15:10:58,0.0,3.0,404.0,19.0,49.0
2023-11-12 15:20:58,0.0,0.0,400.0,19.0,49.0
2023-11-12 15:30:58,0.0,0.0,408.0,18.9,49.0
2023-11-12 15:40:58,0.0,0.0,408.0,18.9,49.0
2023-11-12 15:50:58,0.0,0.0,406.0,18.9,49.0
2023-11-12 16:00:58,0.0,0.0,416.0,18.9,49.0
2023-11-12 16:10:58,0.0,0.0,408.0,18.9,49.0
2023-11-12 16:20:58,0.0,0.0,413.0,18.9,49.0
2023-11-12 16:30:58,0.0,0.0,407.0,18.9,49.0
2023-11-12 16:40:58,0.0,0.0,410.0,18.9,49.0
2023-11-12 16:50:58,0.0,0.0,406.0,18.9,49.0
2023-11-12 17:00:58,0.0,0.0,407.0,18.9,49.0
2023-11-12 17:10:58,0.0,0.0,418.0,18.9,49.0
2023-11-12 17:20:58,0.0,0.0,412.0,18.9,49.0
2023-11-12 17:30:57,0.0,0.0,408.0,18.9,48.0
2023-11-12 17:40:57,0.0,0.0,409.0,18.8,48.0
2023-11-12 17:50:57,0.0,0.0,415.0,18.8,49.0
2023-11-12 18:00:57,0.0,0.0,409.0,18.8,48.0
2023-11-12 18:10:57,0.0,0.0,410.0,18.8,48.0
2023-11-12 18:20:57,0.0,0.0,406.0,18.8,48.0
2023-11-12 18:30:57,0.0,0.0,404.0,18.8,49.0
2023-11-12 18:40:57,0.0,0.0,408.0,18.8,48.0
2023-11-12 18:50:57,0.0,0.0,411.0,18.8,48.0
2023-11-12 19:00:57,0.0,0.0,402.0,18.8,48.0
2023-11-12 19:10:57,0.0,0.0,399.0,18.8,48.0
2023-11-12 19:20:57,0.0,0.0,402.0,18.7,48.0
2023-11-12 19:30:57,0.0,0.0,410.0,18.7,48.0
2023-11-12 19:40:57,0.0,0.0,403.0,18.8,48.0
2023-11-12 19:50:57,0.0,0.0,404.0,18.8,48.0
2023-11-12 20:00:57,0.0,0.0,400.0,18.8,48.0
2023-11-12 20:10:57,0.0,0.0,400.0,18.8,48.0
2023-11-12 20:20:57,0.0,0.0,400.0,18.9,48.0
2023-11-12 20:30:57,0.0,0.0,396.0,18.9,48.0
2023-11-12 20:40:57,0.0,0.0,398.0,18.9,48.0
2023-11-12 20:50:57,0.0,0.0,397.0,19.0,48.0
2023-11-12 21:00:57,0.0,0.0,400.0,19.0,48.0
2023-11-12 21:10:57,0.0,0.0,399.0,19.0,48.0
2023-11-12 21:20:56,0.0,0.0,401.0,19.0,48.0
2023-11-12 21:30:56,0.0,0.0,401.0,19.0,48.0
2023-11-12 21:40:56,0.0,0.0,406.0,19.0,47.0
2023-11-12 21:50:56,0.0,0.0,399.0,19.0,47.0
2023-11-12 22:00:56,0.0,0.0,402.0,18.9,47.0
2023-11-12 22:10:56,0.0,0.0,400.0,19.0,47.0
2023-11-12 22:20:56,0.0,0.0,406.0,19.0,47.0
2023-11-12 22:30:56,0.0,0.0,400.0,19.0,47.0
2023-11-12 22:40:56,0.0,0.0,399.0,19.0,47.0
2023-11-12 22:50:56,0.0,0.0,398.0,19.0,47.0
2023-11-12 23:00:56,0.0,0.0,400.0,19.0,47.0
2023-11-12 23:10:56,0.0,0.0,405.0,18.9,47.0
2023-11-12 23:20:56,0.0,0.0,400.0,19.0,47.0
2023-11-12 23:30:56,0.0,0.0,401.0,19.0,47.0
2023-11-12 23:40:56,0.0,0.0,405.0,19.0,47.0
2023-11-12 23:50:56,0.0,0.0,403.0,18.9,47.0
2023-11-13 00:00:56,0.0,0.0,405.0,19.0,47.0
2023-11-13 00:10:56,0.0,0.0,401.0,19.0,47.0
2023-11-13 00:20:56,0.0,0.0,392.0,18.9,47.0
2023-11-13 00:30:56,0.0,0.0,407.0,19.0,47.0
2023-11-13 00:40:56,0.0,0.0,405.0,18.9,47.0
2023-11-13 00:50:55,0.0,0.0,401.0,18.9,47.0
2023-11-13 01:00:55,0.0,0.0,405.0,18.9,47.0
2023-11-13 01:10:55,0.0,0.0,401.0,18.9,47.0
2023-11-13 01:51:33,0.0,0.0,403.0,18.9,47.0
2023-11-13 04:30:55,0.0,0.0,395.0,18.8,47.0
2023-11-13 04:40:55,0.0,0.0,402.0,18.8,47.0
2023-11-13 04:50:55,0.0,0.0,400.0,18.8,47.0
2023-11-13 05:00:54,0.0,0.0,398.0,18.8,47.0
2023-11-13 05:10:55,0.0,0.0,399.0,18.8,47.0
2023-11-13 05:20:54,0.0,0.0,395.0,18.8,47.0
2023-11-13 05:30:54,0.0,0.0,401.0,18.9,47.0
2023-11-13 05:40:54,0.0,0.0,399.0,18.8,47.0
2023-11-13 05:50:54,0.0,0.0,406.0,18.9,47.0
2023-11-13 06:00:54,0.0,0.0,404.0,19.0,46.0
2023-11-13 06:10:54,0.0,0.0,398.0,18.9,46.0
2023-11-13 06:20:54,0.0,3.0,404.0,18.9,46.0
2023-11-13 06:30:54,0.0,3.0,402.0,18.9,46.0
2023-11-13 06:40:54,0.0,10.0,408.0,19.0,45.0
2023-11-13 06:50:54,0.0,16.0,403.0,18.9,45.0
2023-11-13 07:00:54,0.0,23.0,415.0,18.9,45.0
2023-11-13 07:10:54,0.0,33.0,420.0,19.0,41.0
2023-11-13 07:20:54,0.0,43.0,434.0,19.1,39.0
2023-11-13 07:30:54,0.0,53.0,433.0,19.7,37.0
2023-11-13 07:40:54,0.0,70.0,428.0,20.8,34.0
2023-11-13 07:50:54,0.0,94.0,423.0,21.8,32.0
2023-11-13 08:00:54,1.0,127.0,418.0,22.2,31.0
2023-11-13 08:10:54,2.0,127.0,460.0,22.3,31.0
2023-11-13 08:20:53,1.0,191.0,427.0,22.6,31.0
2023-11-13 08:30:53,0.0,259.0,413.0,22.7,31.0
2023-11-13 08:40:53,0.0,343.0,413.0,22.8,31.0
2023-11-13 08:50:53,0.0,107.0,415.0,22.6,32.0
2023-11-13 09:00:53,0.0,101.0,401.0,22.5,33.0
2023-11-13 09:10:53,0.0,144.0,405.0,22.2,34.0
2023-11-13 09:20:53,0.0,154.0,403.0,22.0,35.0
2023-11-13 09:30:54,0.0,181.0,419.0,21.6,36.0
2023-11-13 09:40:53,0.0,148.0,417.0,21.0,37.0
2023-11-13 09:50:53,0.0,168.0,410.0,20.5,38.0
2023-11-13 10:00:53,4.0,121.0,412.0,20.3,38.0
2023-11-13 10:10:53,4.0,138.0,598.0,20.2,41.0
2023-11-13 10:20:53,0.0,357.0,638.0,20.3,42.0
2023-11-13 10:30:53,0.0,1923.0,653.0,20.4,42.0
2023-11-13 10:40:53,0.0,626.0,674.0,20.6,42.0
2023-11-13 10:50:53,0.0,208.0,682.0,20.6,42.0
2023-11-13 11:00:53,0.0,208.0,682.0,20.5,42.0
2023-11-13 11:10:53,9.0,138.0,652.0,20.5,42.0
2023-11-13 11:20:53,8.0,107.0,689.0,20.4,42.0
2023-11-13 11:30:53,9.0,80.0,814.0,20.3,43.0
2023-11-13 11:40:53,0.0,181.0,708.0,20.3,44.0
2023-11-13 11:50:53,3.0,191.0,734.0,20.3,44.0
2023-11-13 12:00:52,3.0,57.0,733.0,20.3,43.0
2023-11-13 12:10:52,0.0,70.0,715.0,20.3,43.0
2023-11-13 12:20:52,0.0,111.0,701.0,20.3,43.0
2023-11-13 12:30:52,0.0,127.0,722.0,20.4,43.0
2023-11-13 12:40:52,0.0,178.0,665.0,20.5,42.0
2023-11-13 12:50:52,0.0,117.0,652.0,21.0,41.0
2023-11-13 13:00:52,2.0,26.0,680.0,21.1,41.0
2023-11-13 13:10:52,9.0,37.0,737.0,21.4,40.0
2023-11-13 13:20:52,30.0,23.0,756.0,21.6,40.0
2023-11-13 13:30:52,0.0,23.0,584.0,22.8,36.0
2023-11-13 13:40:52,0.0,23.0,516.0,22.8,36.0
2023-11-13 13:50:52,0.0,20.0,486.0,22.0,37.0
2023-11-13 14:00:52,0.0,23.0,445.0,21.3,38.0
2023-11-13 14:10:52,0.0,50.0,442.0,20.8,39.0
2023-11-13 14:20:52,0.0,30.0,437.0,20.7,39.0
2023-11-13 14:30:52,0.0,13.0,438.0,20.5,39.0
2023-11-13 14:40:52,0.0,6.0,436.0,20.4,40.0
2023-11-13 14:50:52,2.0,357.0,502.0,20.4,40.0
2023-11-13 15:00:52,0.0,353.0,477.0,20.3,40.0
2023-11-13 15:10:52,0.0,350.0,462.0,20.3,40.0
2023-11-13 15:20:52,0.0,346.0,450.0,20.3,40.0
2023-11-13 15:30:52,0.0,346.0,437.0,20.2,40.0
2023-11-13 15:40:51,0.0,346.0,441.0,20.2,40.0
2023-11-13 15:50:51,0.0,346.0,445.0,20.2,40.0
2023-11-13 16:00:51,0.0,346.0,445.0,20.2,40.0
2023-11-13 16:10:51,0.0,0.0,516.0,20.1,41.0
2023-11-13 16:20:51,0.0,0.0,593.0,20.1,42.0
2023-11-13 16:30:51,0.0,0.0,636.0,20.0,43.0
2023-11-13 16:40:51,0.0,0.0,671.0,20.0,43.0
2023-11-13 16:50:51,0.0,0.0,683.0,19.9,44.0
2023-11-13 17:00:51,0.0,0.0,690.0,19.9,44.0
2023-11-13 17:10:51,0.0,0.0,693.0,19.9,44.0
2023-11-13 17:20:51,0.0,0.0,688.0,19.8,44.0
2023-11-13 17:30:51,0.0,0.0,690.0,19.8,45.0
2023-11-13 17:40:51,0.0,0.0,686.0,19.8,45.0
2023-11-13 17:50:51,0.0,0.0,688.0,19.7,45.0
2023-11-13 18:00:51,0.0,0.0,684.0,19.8,45.0
2023-11-13 18:10:51,0.0,0.0,672.0,19.7,45.0
2023-11-13 18:20:51,0.0,0.0,659.0,19.7,45.0
2023-11-13 18:30:51,0.0,0.0,640.0,19.6,45.0
2023-11-13 18:40:51,0.0,0.0,642.0,19.6,45.0
2023-11-13 18:50:51,0.0,0.0,630.0,19.6,45.0
2023-11-13 19:00:51,0.0,0.0,627.0,19.6,45.0
2023-11-13 19:10:51,0.0,0.0,632.0,19.5,45.0
2023-11-13 19:20:51,0.0,0.0,638.0,19.5,45.0
2023-11-13 19:30:50,0.0,0.0,644.0,19.5,45.0
2023-11-13 19:40:50,0.0,0.0,639.0,19.4,46.0
2023-11-13 19:50:50,0.0,0.0,635.0,19.4,46.0
2023-11-13 20:00:50,0.0,0.0,639.0,19.3,46.0
2023-11-13 20:10:50,0.0,0.0,632.0,19.2,46.0
2023-11-13 20:20:50,0.0,0.0,637.0,19.3,46.0
2023-11-13 20:30:50,0.0,0.0,621.0,19.2,46.0
2023-11-13 20:40:50,0.0,0.0,628.0,19.3,46.0
2023-11-13 20:50:50,0.0,0.0,628.0,19.3,46.0
2023-11-13 21:00:50,0.0,0.0,612.0,19.3,46.0
2023-11-13 21:10:50,0.0,0.0,623.0,19.3,46.0
2023-11-13 21:20:50,0.0,0.0,606.0,19.3,46.0
2023-11-13 21:30:50,0.0,0.0,614.0,19.2,47.0
2023-11-13 21:40:50,0.0,0.0,604.0,19.3,46.0
2023-11-13 21:50:50,0.0,0.0,598.0,19.3,46.0
2023-11-13 22:00:50,0.0,0.0,593.0,19.3,46.0
2023-11-13 22:10:50,0.0,0.0,592.0,19.3,47.0
2023-11-13 22:20:50,0.0,0.0,580.0,19.2,47.0
2023-11-13 22:30:50,0.0,0.0,575.0,19.2,47.0
2023-11-13 22:40:50,0.0,0.0,580.0,19.2,47.0
2023-11-13 22:50:50,0.0,0.0,573.0,19.2,47.0
2023-11-13 23:00:49,0.0,0.0,571.0,19.2,47.0
2023-11-13 23:10:49,0.0,0.0,559.0,19.2,47.0
2023-11-13 23:20:49,0.0,0.0,568.0,19.2,47.0
2023-11-13 23:30:50,0.0,0.0,559.0,19.2,47.0
2023-11-13 23:40:49,0.0,0.0,551.0,19.1,47.0
2023-11-13 23:50:50,0.0,0.0,548.0,19.1,47.0
2023-11-14 00:00:49,0.0,0.0,543.0,19.1,47.0
2023-11-14 00:10:49,0.0,0.0,551.0,19.1,47.0
2023-11-14 00:20:49,0.0,0.0,536.0,19.1,47.0
2023-11-14 00:30:49,0.0,0.0,541.0,19.1,47.0
2023-11-14 00:40:49,0.0,0.0,530.0,19.1,47.0
2023-11-14 00:50:49,0.0,0.0,530.0,19.1,47.0
2023-11-14 01:00:49,0.0,0.0,524.0,19.1,47.0
2023-11-14 01:10:49,0.0,0.0,522.0,19.1,47.0
2023-11-14 01:20:49,0.0,0.0,517.0,19.1,47.0
2023-11-14 01:30:49,0.0,0.0,512.0,19.1,47.0
2023-11-14 01:40:49,0.0,0.0,510.0,19.1,47.0
2023-11-14 01:50:49,0.0,0.0,510.0,19.1,47.0
2023-11-14 02:00:49,0.0,0.0,513.0,19.1,47.0
2023-11-14 02:10:49,0.0,0.0,499.0,19.0,47.0
2023-11-14 02:20:49,0.0,0.0,506.0,19.1,47.0
2023-11-14 02:30:49,0.0,0.0,499.0,19.0,47.0
2023-11-14 02:40:48,0.0,0.0,491.0,19.0,46.0
2023-11-14 02:50:48,0.0,0.0,497.0,19.0,47.0
2023-11-14 03:00:48,0.0,0.0,484.0,19.0,47.0
2023-11-14 03:10:48,0.0,0.0,484.0,19.0,46.0
2023-11-14 03:20:48,0.0,0.0,480.0,19.0,47.0
2023-11-14 03:30:48,0.0,0.0,484.0,19.0,47.0
2023-11-14 03:40:48,0.0,0.0,482.0,19.0,47.0
2023-11-14 03:50:48,0.0,0.0,465.0,19.0,46.0
2023-11-14 04:00:48,0.0,0.0,472.0,19.0,46.0
2023-11-14 04:10:48,0.0,0.0,469.0,19.0,46.0
2023-11-14 04:20:48,0.0,0.0,464.0,19.0,46.0
2023-11-14 04:30:48,0.0,0.0,466.0,19.0,47.0
2023-11-14 04:40:48,0.0,0.0,464.0,19.1,47.0
2023-11-14 04:50:48,0.0,0.0,471.0,19.1,47.0
2023-11-14 05:00:48,0.0,0.0,458.0,19.1,47.0
2023-11-14 05:10:48,0.0,0.0,462.0,19.1,46.0
2023-11-14 05:20:48,0.0,0.0,460.0,19.1,46.0
2023-11-14 05:30:48,0.0,0.0,455.0,19.1,46.0
2023-11-14 05:40:48,0.0,0.0,461.0,19.0,46.0
2023-11-14 05:50:48,0.0,0.0,451.0,19.0,47.0
2023-11-14 06:00:48,0.0,0.0,450.0,19.1,47.0
2023-11-14 06:10:48,0.0,0.0,444.0,19.0,46.0
2023-11-14 06:20:47,0.0,0.0,445.0,19.0,46.0
2023-11-14 06:30:47,0.0,0.0,435.0,19.1,46.0
2023-11-14 06:40:47,0.0,0.0,430.0,19.0,46.0
2023-11-14 06:50:47,0.0,3.0,442.0,19.0,46.0
2023-11-14 07:00:47,0.0,3.0,439.0,19.0,46.0
2023-11-14 07:10:47,0.0,6.0,402.0,19.1,44.0
2023-11-14 07:20:47,0.0,6.0,396.0,19.1,43.0
2023-11-14 07:30:47,0.0,10.0,391.0,19.3,43.0
2023-11-14 07:40:47,0.0,10.0,392.0,19.8,41.0
2023-11-14 07:50:47,0.0,16.0,385.0,20.4,39.0
2023-11-14 08:00:47,0.0,20.0,388.0,20.6,39.0
2023-11-14 08:10:47,0.0,20.0,389.0,20.7,38.0
2023-11-14 08:20:47,0.0,23.0,395.0,20.6,38.0
2023-11-14 08:30:47,0.0,20.0,394.0,20.6,38.0
2023-11-14 08:40:47,0.0,23.0,392.0,20.3,39.0
2023-11-14 08:50:47,2.0,30.0,414.0,20.1,40.0
2023-11-14 09:00:47,0.0,23.0,403.0,20.2,39.0
2023-11-14 09:10:47,0.0,26.0,399.0,20.2,39.0
2023-11-14 09:20:47,0.0,30.0,389.0,20.2,39.0
2023-11-14 09:30:47,0.0,30.0,398.0,20.3,39.0
2023-11-14 09:40:47,0.0,43.0,395.0,20.4,39.0
2023-11-14 09:50:47,0.0,43.0,405.0,20.6,39.0
2023-11-14 10:00:46,0.0,37.0,413.0,20.5,39.0
2023-11-14 10:10:47,2.0,40.0,417.0,20.3,39.0
2023-11-14 10:20:46,0.0,37.0,487.0,20.0,41.0
2023-11-14 10:30:46,0.0,40.0,481.0,19.9,41.0
2023-11-14 10:40:46,0.0,40.0,509.0,19.8,41.0
2023-11-14 10:50:46,0.0,37.0,506.0,19.9,41.0
2023-11-14 11:00:46,10.0,43.0,490.0,19.9,41.0
2023-11-14 11:10:46,0.0,47.0,439.0,19.9,40.0
2023-11-14 11:20:46,0.0,33.0,418.0,20.2,39.0
2023-11-14 11:30:46,0.0,57.0,412.0,20.8,38.0
2023-11-14 11:40:46,0.0,60.0,413.0,21.3,37.0
2023-11-14 11:50:46,0.0,47.0,429.0,21.4,37.0
2023-11-14 12:00:46,0.0,47.0,430.0,21.1,37.0
2023-11-14 12:10:46,0.0,40.0,420.0,20.6,38.0
2023-11-14 12:20:46,0.0,47.0,408.0,20.2,38.0
2023-11-14 12:30:46,12.0,370.0,479.0,20.1,40.0
2023-11-14 12:40:46,0.0,373.0,450.0,20.0,40.0
2023-11-14 12:50:46,0.0,370.0,432.0,20.0,39.0
2023-11-14 13:00:46,0.0,360.0,430.0,20.0,39.0
2023-11-14 13:10:46,0.0,363.0,436.0,19.9,40.0
2023-11-14 13:20:46,0.0,363.0,428.0,19.9,40.0
2023-11-14 13:30:46,0.0,360.0,428.0,19.8,40.0
2023-11-14 13:40:45,7.0,357.0,572.0,19.9,41.0
2023-11-14 13:50:45,25.0,350.0,676.0,20.0,42.0
2023-11-14 14:00:45,34.0,350.0,700.0,20.1,42.0
2023-11-14 14:10:45,0.0,346.0,671.0,20.1,41.0
2023-11-14 14:20:45,0.0,346.0,674.0,20.1,41.0
2023-11-14 14:30:45,10.0,340.0,708.0,20.2,42.0
2023-11-14 14:40:45,9.0,350.0,549.0,20.1,41.0
2023-11-14 14:50:45,0.0,346.0,479.0,20.0,40.0
2023-11-14 15:00:45,0.0,346.0,449.0,19.9,40.0
2023-11-14 15:10:45,22.0,340.0,551.0,19.9,41.0
2023-11-14 15:20:45,0.0,346.0,481.0,19.9,40.0
2023-11-14 15:30:45,0.0,346.0,471.0,19.9,40.0
2023-11-14 15:40:45,0.0,346.0,453.0,19.8,40.0
2023-11-14 15:50:45,0.0,346.0,445.0,19.8,39.0
2023-11-14 16:00:45,0.0,346.0,432.0,19.8,39.0
2023-11-14 16:10:45,0.0,346.0,488.0,19.7,40.0
2023-11-14 16:20:45,0.0,346.0,511.0,19.7,41.0
2023-11-14 16:30:45,0.0,343.0,524.0,19.6,42.0
2023-11-14 16:40:45,0.0,346.0,550.0,19.5,42.0
2023-11-14 16:50:45,0.0,343.0,558.0,19.5,43.0
2023-11-14 17:00:45,0.0,343.0,584.0,19.5,43.0
2023-11-14 17:10:45,0.0,343.0,601.0,19.4,43.0
2023-11-14 17:20:44,0.0,343.0,635.0,19.4,43.0
2023-11-14 17:30:44,0.0,343.0,639.0,19.4,43.0
2023-11-14 17:40:44,0.0,343.0,658.0,19.4,44.0
2023-11-14 17:50:44,0.0,343.0,671.0,19.4,44.0
2023-11-14 18:00:44,0.0,343.0,732.0,19.3,44.0
2023-11-14 18:10:44,0.0,343.0,703.0,19.3,44.0
2023-11-14 18:20:44,0.0,343.0,653.0,19.3,44.0
2023-11-14 18:30:44,0.0,343.0,639.0,19.2,44.0
2023-11-14 18:40:44,0.0,343.0,641.0,19.2,44.0
2023-11-14 18:50:44,0.0,343.0,625.0,19.3,44.0
2023-11-14 19:00:44,0.0,343.0,615.0,19.2,44.0
2023-11-14 19:10:44,0.0,343.0,619.0,19.2,44.0
2023-11-14 19:20:44,0.0,343.0,613.0,19.2,44.0
2023-11-14 19:30:44,0.0,343.0,618.0,19.2,44.0
2023-11-14 19:40:44,0.0,343.0,612.0,19.2,44.0
2023-11-14 19:50:44,0.0,343.0,611.0,19.2,44.0
2023-11-14 20:00:44,0.0,343.0,616.0,19.2,44.0
2023-11-14 20:10:44,0.0,343.0,616.0,19.3,44.0
2023-11-14 20:20:44,0.0,343.0,619.0,19.3,44.0
2023-11-14 20:30:44,0.0,343.0,601.0,19.3,44.0
2023-11-14 20:40:44,0.0,343.0,612.0,19.3,44.0
2023-11-14 20:50:44,0.0,343.0,608.0,19.4,44.0
2023-11-14 21:00:43,0.0,343.0,595.0,19.3,44.0
2023-11-14 21:10:44,0.0,343.0,588.0,19.4,44.0
2023-11-14 21:20:43,0.0,343.0,587.0,19.3,44.0
2023-11-14 21:30:43,0.0,343.0,581.0,19.3,44.0
2023-11-14 21:40:43,0.0,343.0,580.0,19.3,44.0
2023-11-14 21:50:43,0.0,343.0,570.0,19.3,44.0
2023-11-14 22:00:43,0.0,343.0,573.0,19.3,44.0
2023-11-14 22:10:43,0.0,343.0,560.0,19.3,44.0
2023-11-14 22:20:43,0.0,343.0,562.0,19.3,44.0
2023-11-14 22:30:43,0.0,343.0,555.0,19.4,44.0
2023-11-14 22:40:43,0.0,343.0,547.0,19.3,44.0
2023-11-14 22:50:43,0.0,343.0,553.0,19.3,44.0
2023-11-14 23:00:43,0.0,343.0,556.0,19.3,44.0
2023-11-14 23:10:43,0.0,343.0,540.0,19.3,44.0
2023-11-14 23:20:43,0.0,343.0,541.0,19.3,44.0
2023-11-14 23:30:43,0.0,343.0,536.0,19.3,44.0
2023-11-14 23:40:43,0.0,343.0,538.0,19.3,44.0
2023-11-14 23:50:43,0.0,343.0,519.0,19.3,44.0
2023-11-15 00:00:43,0.0,343.0,527.0,19.3,44.0
2023-11-15 00:10:43,0.0,343.0,518.0,19.2,44.0
2023-11-15 00:20:43,0.0,343.0,528.0,19.3,45.0
2023-11-15 00:30:43,0.0,343.0,518.0,19.2,45.0
2023-11-15 00:40:43,0.0,343.0,518.0,19.3,44.0
2023-11-15 00:50:42,0.0,343.0,513.0,19.3,45.0
2023-11-15 01:00:42,0.0,343.0,510.0,19.2,45.0
2023-11-15 01:10:42,0.0,343.0,489.0,19.3,44.0
2023-11-15 01:20:42,0.0,343.0,498.0,19.3,45.0
2023-11-15 01:30:42,0.0,343.0,500.0,19.2,45.0
2023-11-15 01:40:42,0.0,343.0,501.0,19.2,45.0
2023-11-15 01:50:42,0.0,343.0,494.0,19.2,45.0
2023-11-15 02:00:42,0.0,343.0,498.0,19.2,45.0
2023-11-15 02:10:42,0.0,343.0,490.0,19.3,45.0
2023-11-15 02:20:42,0.0,343.0,491.0,19.3,45.0
2023-11-15 02:30:42,0.0,343.0,485.0,19.3,45.0
2023-11-15 02:40:42,0.0,343.0,477.0,19.3,44.0
2023-11-15 02:50:42,0.0,343.0,481.0,19.2,44.0
2023-11-15 03:00:42,0.0,343.0,480.0,19.3,44.0
2023-11-15 03:10:42,0.0,343.0,474.0,19.3,45.0
2023-11-15 03:20:42,0.0,343.0,478.0,19.3,44.0
2023-11-15 03:30:42,0.0,343.0,472.0,19.3,44.0
2023-11-15 03:40:42,0.0,343.0,478.0,19.3,44.0
2023-11-15 03:50:42,0.0,343.0,470.0,19.3,44.0
2023-11-15 04:00:42,0.0,343.0,475.0,19.3,44.0
2023-11-15 04:10:42,0.0,343.0,465.0,19.3,44.0
2023-11-15 04:20:41,0.0,343.0,467.0,19.2,44.0
2023-11-15 04:30:41,0.0,343.0,462.0,19.3,44.0
2023-11-15 04:40:41,0.0,343.0,470.0,19.3,44.0
2023-11-15 04:50:42,0.0,343.0,464.0,19.2,44.0
2023-11-15 05:00:41,0.0,343.0,462.0,19.2,44.0
2023-11-15 05:10:41,0.0,343.0,468.0,19.2,44.0
2023-11-15 05:20:41,0.0,343.0,459.0,19.2,45.0
2023-11-15 05:30:41,0.0,343.0,465.0,19.2,44.0
2023-11-15 05:40:41,0.0,343.0,458.0,19.2,44.0
2023-11-15 05:50:41,0.0,343.0,451.0,19.2,44.0
2023-11-15 06:00:41,0.0,343.0,455.0,19.2,44.0
2023-11-15 06:10:41,0.0,343.0,453.0,19.2,44.0
2023-11-15 06:20:41,0.0,343.0,450.0,19.2,44.0
2023-11-15 06:30:41,0.0,343.0,448.0,19.1,44.0
2023-11-15 06:40:41,0.0,346.0,437.0,19.1,44.0
2023-11-15 06:50:41,0.0,350.0,445.0,19.1,44.0
2023-11-15 07:00:41,0.0,357.0,433.0,19.1,44.0
2023-11-15 07:10:41,0.0,367.0,415.0,19.2,40.0
2023-11-15 07:20:41,0.0,377.0,401.0,19.2,38.0
2023-11-15 07:30:41,0.0,387.0,398.0,19.6,37.0
2023-11-15 07:40:41,0.0,397.0,394.0,20.5,34.0
2023-11-15 07:50:41,13.0,427.0,453.0,21.1,36.0
2023-11-15 08:00:41,0.0,485.0,424.0,21.8,33.0
2023-11-15 08:10:41,0.0,528.0,401.0,22.4,31.0
2023-11-15 08:20:40,0.0,471.0,400.0,22.7,30.0
2023-11-15 08:30:40,0.0,441.0,400.0,22.8,30.0
2023-11-15 08:40:41,0.0,454.0,393.0,22.9,29.0
2023-11-15 08:50:40,0.0,488.0,389.0,22.9,29.0
2023-11-15 09:00:40,0.0,495.0,395.0,22.8,29.0
2023-11-15 09:10:40,0.0,501.0,400.0,22.7,30.0
2023-11-15 09:20:40,0.0,528.0,409.0,22.1,31.0
2023-11-15 09:30:40,0.0,535.0,421.0,21.3,32.0
2023-11-15 09:40:40,19.0,572.0,472.0,20.8,33.0
2023-11-15 09:50:40,15.0,687.0,601.0,20.7,35.0
2023-11-15 10:00:40,43.0,1044.0,618.0,20.9,36.0
2023-11-15 10:10:40,33.0,1037.0,569.0,20.8,35.0
2023-11-15 10:20:40,0.0,771.0,480.0,20.5,35.0
2023-11-15 10:30:40,0.0,754.0,440.0,20.4,34.0
2023-11-15 10:40:40,0.0,724.0,442.0,20.3,34.0
2023-11-15 10:50:40,0.0,714.0,433.0,20.3,34.0
2023-11-15 11:00:40,0.0,653.0,422.0,20.2,34.0
2023-11-15 11:10:40,0.0,1478.0,428.0,20.3,34.0
2023-11-15 11:20:40,0.0,933.0,424.0,20.3,34.0
2023-11-15 11:30:40,0.0,1236.0,416.0,20.2,34.0
2023-11-15 11:40:40,0.0,683.0,420.0,20.3,34.0
2023-11-15 11:50:39,0.0,501.0,416.0,20.2,34.0
2023-11-15 12:00:39,0.0,525.0,421.0,20.2,34.0
2023-11-15 12:10:39,0.0,498.0,416.0,20.2,34.0
2023-11-15 12:20:39,0.0,485.0,416.0,20.1,34.0
2023-11-15 12:30:40,0.0,522.0,408.0,20.2,34.0
2023-11-15 12:40:39,0.0,741.0,410.0,20.1,34.0
2023-11-15 12:50:39,0.0,572.0,411.0,20.2,34.0
2023-11-15 13:00:39,1.0,447.0,420.0,20.2,34.0
2023-11-15 13:10:39,0.0,394.0,524.0,20.2,35.0
2023-11-15 13:20:39,1.0,387.0,502.0,20.2,35.0
2023-11-15 13:30:39,0.0,387.0,449.0,20.2,35.0
2023-11-15 13:40:39,0.0,394.0,436.0,20.1,34.0
2023-11-15 13:50:39,0.0,383.0,409.0,20.1,34.0
2023-11-15 14:00:39,0.0,370.0,412.0,20.0,34.0
2023-11-15 14:10:39,0.0,363.0,405.0,20.0,34.0
2023-11-15 14:20:39,0.0,363.0,408.0,19.9,34.0
2023-11-15 14:30:39,0.0,357.0,421.0,19.9,34.0
2023-11-15 14:40:39,0.0,353.0,415.0,19.9,34.0
2023-11-15 14:50:39,0.0,350.0,423.0,19.9,35.0
2023-11-15 15:00:39,0.0,350.0,418.0,19.9,34.0
2023-11-15 15:10:39,0.0,346.0,418.0,19.9,34.0
2023-11-15 15:20:39,0.0,346.0,414.0,19.8,34.0
2023-11-15 15:30:39,0.0,346.0,419.0,19.8,34.0
2023-11-15 15:40:38,0.0,346.0,415.0,19.8,34.0
2023-11-15 15:50:38,0.0,346.0,415.0,19.8,34.0
2023-11-15 16:00:38,0.0,346.0,416.0,19.8,34.0
2023-11-15 16:10:38,0.0,346.0,518.0,19.8,36.0
2023-11-15 16:20:38,0.0,346.0,610.0,19.7,37.0
2023-11-15 16:30:38,0.0,346.0,680.0,19.8,38.0
2023-11-15 16:40:38,0.0,346.0,710.0,19.8,39.0
2023-11-15 16:50:38,0.0,346.0,757.0,19.7,39.0
2023-11-15 17:00:38,0.0,346.0,750.0,19.7,40.0
2023-11-15 17:10:38,0.0,346.0,755.0,19.7,40.0
2023-11-15 17:20:38,0.0,346.0,753.0,19.7,40.0
2023-11-15 17:30:38,0.0,343.0,750.0,19.6,41.0
2023-11-15 17:40:38,0.0,343.0,745.0,19.6,41.0
2023-11-15 17:50:38,0.0,343.0,742.0,19.6,41.0
2023-11-15 18:00:38,0.0,343.0,734.0,19.6,41.0
2023-11-15 18:10:38,0.0,343.0,723.0,19.6,41.0
2023-11-15 18:20:38,0.0,343.0,720.0,19.5,41.0
2023-11-15 18:30:38,0.0,343.0,729.0,19.5,42.0
2023-11-15 18:40:38,0.0,343.0,707.0,19.5,42.0
2023-11-15 18:50:38,0.0,343.0,706.0,19.4,42.0
2023-11-15 19:00:38,0.0,343.0,686.0,19.5,42.0
2023-11-15 19:10:37,0.0,343.0,697.0,19.4,42.0
2023-11-15 19:20:37,0.0,343.0,695.0,19.4,42.0
2023-11-15 19:30:37,0.0,343.0,685.0,19.3,42.0
2023-11-15 19:40:37,0.0,343.0,705.0,19.3,43.0
2023-11-15 19:50:37,0.0,343.0,696.0,19.3,43.0
2023-11-15 20:00:37,0.0,343.0,693.0,19.2,43.0
2023-11-15 20:10:37,0.0,343.0,687.0,19.2,43.0
2023-11-15 20:20:37,0.0,343.0,683.0,19.2,43.0
2023-11-15 20:30:37,0.0,343.0,679.0,19.2,43.0
2023-11-15 20:40:37,0.0,343.0,678.0,19.2,43.0
2023-11-15 20:50:37,0.0,343.0,664.0,19.3,43.0
2023-11-15 21:00:37,0.0,343.0,662.0,19.3,43.0
2023-11-15 21:10:37,0.0,343.0,654.0,19.2,43.0
2023-11-15 21:20:37,0.0,343.0,661.0,19.2,43.0
2023-11-15 21:30:37,0.0,343.0,660.0,19.2,43.0
2023-11-15 21:40:37,0.0,343.0,643.0,19.3,43.0
2023-11-15 21:50:37,0.0,343.0,633.0,19.3,43.0
2023-11-15 22:00:37,0.0,343.0,625.0,19.3,43.0
2023-11-15 22:10:37,0.0,343.0,621.0,19.3,43.0
2023-11-15 22:20:37,0.0,343.0,616.0,19.3,43.0
2023-11-15 22:30:37,0.0,343.0,611.0,19.2,43.0
2023-11-15 22:40:37,0.0,343.0,612.0,19.3,43.0
2023-11-15 22:50:36,0.0,343.0,607.0,19.3,43.0
2023-11-15 23:00:36,0.0,343.0,598.0,19.3,43.0
2023-11-15 23:10:36,0.0,343.0,597.0,19.3,43.0
2023-11-15 23:20:36,0.0,343.0,587.0,19.3,43.0
2023-11-15 23:30:36,0.0,343.0,575.0,19.2,43.0
2023-11-15 23:40:36,0.0,343.0,572.0,19.3,43.0
2023-11-15 23:50:36,0.0,343.0,557.0,19.2,43.0
2023-11-16 00:00:36,0.0,343.0,551.0,19.2,43.0
2023-11-16 00:10:36,0.0,343.0,551.0,19.2,43.0
2023-11-16 00:20:36,0.0,343.0,546.0,19.2,43.0
2023-11-16 00:30:36,0.0,343.0,544.0,19.2,43.0
2023-11-16 00:40:36,0.0,343.0,535.0,19.2,43.0
2023-11-16 00:50:36,0.0,343.0,535.0,19.2,43.0
2023-11-16 01:00:36,0.0,343.0,527.0,19.2,43.0
2023-11-16 01:10:36,0.0,343.0,530.0,19.2,43.0
2023-11-16 01:20:36,0.0,343.0,524.0,19.2,43.0
2023-11-16 01:30:36,0.0,343.0,522.0,19.2,43.0
2023-11-16 01:40:36,0.0,343.0,521.0,19.2,43.0
2023-11-16 01:50:36,0.0,343.0,507.0,19.2,43.0
2023-11-16 02:00:36,0.0,343.0,500.0,19.2,43.0
2023-11-16 02:10:36,0.0,343.0,507.0,19.2,43.0
2023-11-16 02:20:36,0.0,343.0,508.0,19.2,43.0
2023-11-16 02:30:35,0.0,343.0,502.0,19.2,43.0
2023-11-16 02:40:35,0.0,343.0,502.0,19.2,43.0
2023-11-16 02:50:35,0.0,346.0,496.0,19.2,43.0
2023-11-16 03:00:35,0.0,346.0,492.0,19.2,43.0
2023-11-16 03:10:35,0.0,346.0,486.0,19.2,43.0
2023-11-16 03:20:35,0.0,343.0,484.0,19.2,43.0
2023-11-16 03:30:36,0.0,343.0,477.0,19.1,43.0
2023-11-16 03:40:35,0.0,343.0,483.0,19.1,43.0
2023-11-16 03:50:35,0.0,346.0,474.0,19.1,43.0
2023-11-16 04:00:35,0.0,346.0,470.0,19.2,43.0
2023-11-16 04:10:35,0.0,343.0,464.0,19.1,43.0
2023-11-16 04:20:35,0.0,343.0,462.0,19.2,43.0
2023-11-16 04:30:35,0.0,343.0,475.0,19.1,43.0
2023-11-16 04:40:35,0.0,343.0,461.0,19.1,43.0
2023-11-16 04:50:35,0.0,343.0,463.0,19.1,43.0
2023-11-16 05:00:35,0.0,343.0,456.0,19.1,43.0
2023-11-16 05:10:35,0.0,343.0,454.0,19.2,43.0
2023-11-16 05:20:35,0.0,343.0,451.0,19.1,43.0
2023-11-16 05:30:35,0.0,343.0,455.0,19.1,43.0
2023-11-16 05:40:35,0.0,343.0,453.0,19.1,43.0
2023-11-16 05:50:35,0.0,343.0,445.0,19.1,43.0
2023-11-16 06:00:35,0.0,343.0,449.0,19.2,43.0
2023-11-16 06:10:34,0.0,343.0,446.0,19.1,43.0
2023-11-16 06:20:34,0.0,343.0,441.0,19.1,43.0
2023-11-16 06:30:34,0.0,346.0,436.0,19.2,43.0
2023-11-16 06:40:34,0.0,346.0,435.0,19.1,43.0
2023-11-16 06:50:34,0.0,346.0,439.0,19.0,43.0
2023-11-16 07:00:34,0.0,346.0,436.0,19.0,43.0
2023-11-16 07:10:34,0.0,346.0,409.0,19.1,40.0
2023-11-16 07:20:34,0.0,350.0,391.0,19.2,39.0
2023-11-16 07:30:34,0.0,350.0,392.0,19.2,39.0
2023-11-16 07:40:34,0.0,350.0,390.0,19.8,38.0
2023-11-16 07:50:34,0.0,353.0,387.0,20.5,36.0
2023-11-16 08:00:34,0.0,350.0,388.0,21.3,34.0
2023-11-16 08:10:34,0.0,350.0,384.0,21.7,33.0
2023-11-16 08:20:34,0.0,350.0,389.0,21.9,33.0
2023-11-16 08:30:34,0.0,353.0,392.0,22.1,33.0
2023-11-16 08:40:34,0.0,360.0,386.0,22.1,33.0
2023-11-16 08:50:34,0.0,353.0,383.0,22.1,33.0
2023-11-16 09:00:34,0.0,350.0,387.0,21.9,33.0
2023-11-16 09:10:34,0.0,353.0,394.0,21.8,33.0
2023-11-16 09:20:34,0.0,353.0,394.0,21.7,33.0
2023-11-16 09:30:34,0.0,353.0,394.0,21.6,33.0
2023-11-16 09:40:34,0.0,353.0,399.0,21.4,34.0
2023-11-16 09:50:33,0.0,353.0,401.0,21.2,34.0
2023-11-16 10:00:33,0.0,363.0,408.0,20.8,35.0
2023-11-16 10:10:34,0.0,417.0,398.0,20.5,36.0
2023-11-16 10:20:33,0.0,451.0,401.0,20.2,36.0
2023-11-16 10:30:33,0.0,407.0,400.0,20.0,37.0
2023-11-16 10:40:33,0.0,390.0,398.0,19.9,37.0
2023-11-16 10:50:33,0.0,427.0,395.0,19.8,37.0
2023-11-16 11:00:33,0.0,414.0,393.0,19.8,37.0
2023-11-16 11:10:33,0.0,373.0,405.0,19.9,37.0
2023-11-16 11:20:33,0.0,383.0,389.0,20.2,36.0
2023-11-16 11:30:33,0.0,383.0,398.0,20.4,36.0
2023-11-16 11:40:33,0.0,383.0,403.0,20.7,35.0
2023-11-16 11:50:33,0.0,373.0,395.0,20.9,35.0
2023-11-16 12:00:33,0.0,370.0,498.0,21.3,37.0
2023-11-16 12:10:33,3.0,377.0,519.0,21.7,37.0
2023-11-16 12:20:33,2.0,373.0,688.0,21.9,40.0
2023-11-16 12:30:33,3.0,370.0,658.0,22.2,40.0
2023-11-16 12:40:33,0.0,367.0,669.0,22.1,39.0
2023-11-16 12:50:33,0.0,370.0,588.0,21.8,39.0
2023-11-16 13:00:33,3.0,370.0,603.0,21.3,40.0
2023-11-16 13:10:33,0.0,370.0,518.0,21.0,38.0
2023-11-16 13:20:33,0.0,370.0,468.0,20.7,38.0
2023-11-16 13:30:32,0.0,370.0,449.0,20.7,37.0
2023-11-16 13:40:32,0.0,363.0,429.0,20.6,36.0
2023-11-16 13:50:32,0.0,360.0,406.0,20.6,36.0
2023-11-16 14:00:32,0.0,367.0,403.0,20.7,36.0
2023-11-16 14:10:32,0.0,357.0,399.0,20.6,36.0
2023-11-16 14:20:32,0.0,357.0,402.0,20.6,36.0
2023-11-16 14:30:32,2.0,357.0,467.0,20.7,36.0
2023-11-16 14:40:32,0.0,350.0,524.0,20.7,37.0
2023-11-16 14:50:32,0.0,350.0,529.0,20.7,37.0
2023-11-16 15:00:32,0.0,346.0,547.0,20.7,37.0
2023-11-16 15:10:32,2.0,346.0,567.0,21.3,36.0
2023-11-16 15:20:32,3.0,346.0,556.0,21.9,34.0
2023-11-16 15:30:32,0.0,346.0,464.0,22.4,33.0
2023-11-16 15:40:32,0.0,346.0,424.0,22.7,32.0
2023-11-16 15:50:32,0.0,346.0,404.0,22.6,31.0
2023-11-16 16:00:32,0.0,346.0,404.0,22.6,31.0
2023-11-16 16:10:32,0.0,343.0,438.0,22.6,32.0
2023-11-16 16:20:32,0.0,343.0,478.0,22.5,33.0
2023-11-16 16:30:32,0.0,343.0,518.0,22.4,34.0
2023-11-16 16:40:32,0.0,343.0,527.0,22.1,34.0
2023-11-16 16:50:32,0.0,343.0,547.0,21.7,36.0
2023-11-16 17:00:31,0.0,343.0,558.0,21.4,36.0
2023-11-16 17:10:31,0.0,343.0,563.0,21.1,37.0
2023-11-16 17:20:31,0.0,343.0,569.0,20.8,38.0
2023-11-16 17:30:31,0.0,343.0,563.0,20.6,38.0
2023-11-16 17:40:31,0.0,343.0,575.0,20.4,39.0
2023-11-16 17:50:31,0.0,343.0,570.0,20.3,39.0
2023-11-16 18:00:31,0.0,343.0,567.0,20.2,39.0
2023-11-16 18:10:31,0.0,343.0,566.0,20.2,39.0
2023-11-16 18:20:31,0.0,343.0,548.0,20.2,40.0
2023-11-16 18:30:31,0.0,343.0,572.0,20.1,40.0
2023-11-16 18:40:31,0.0,343.0,577.0,20.1,40.0
2023-11-16 18:50:31,0.0,343.0,566.0,20.1,40.0
2023-11-16 19:00:31,0.0,346.0,562.0,20.0,40.0
2023-11-16 19:10:31,0.0,343.0,559.0,20.0,40.0
2023-11-16 19:20:31,0.0,343.0,564.0,20.0,40.0
2023-11-16 19:30:31,0.0,343.0,570.0,20.0,40.0
2023-11-16 19:40:31,0.0,343.0,556.0,20.1,40.0
2023-11-16 19:50:31,0.0,343.0,561.0,20.1,40.0
2023-11-16 20:00:31,0.0,343.0,558.0,20.2,40.0
2023-11-16 20:10:31,0.0,343.0,548.0,20.2,40.0
2023-11-16 20:20:31,0.0,343.0,557.0,20.3,40.0
2023-11-16 20:30:31,0.0,343.0,556.0,20.3,40.0
2023-11-16 20:40:31,0.0,343.0,559.0,20.3,40.0
2023-11-16 20:50:31,0.0,343.0,544.0,20.3,40.0
2023-11-16 21:00:30,0.0,343.0,554.0,20.3,40.0
2023-11-16 21:10:30,0.0,343.0,547.0,20.2,40.0
2023-11-16 21:20:30,0.0,343.0,553.0,20.3,40.0
2023-11-16 21:30:30,0.0,346.0,549.0,20.3,40.0
2023-11-16 21:40:30,0.0,343.0,535.0,20.3,40.0
2023-11-16 21:50:30,0.0,343.0,540.0,20.3,40.0
2023-11-16 22:00:30,0.0,343.0,535.0,20.3,40.0
2023-11-16 22:10:30,0.0,343.0,530.0,20.2,40.0
2023-11-16 22:20:30,0.0,343.0,524.0,20.2,40.0
2023-11-16 22:30:30,0.0,343.0,522.0,20.2,40.0
2023-11-16 22:40:30,0.0,343.0,536.0,20.2,40.0
2023-11-16 22:50:30,0.0,343.0,519.0,20.2,40.0
2023-11-16 23:00:30,0.0,343.0,525.0,20.2,40.0
2023-11-16 23:10:30,0.0,343.0,510.0,20.1,40.0
2023-11-16 23:20:30,0.0,343.0,513.0,20.2,40.0
2023-11-16 23:30:30,0.0,343.0,513.0,20.2,40.0
2023-11-16 23:40:30,0.0,343.0,509.0,20.1,40.0
2023-11-16 23:50:30,0.0,343.0,505.0,20.2,40.0
2023-11-17 00:00:30,0.0,343.0,502.0,20.2,40.0
2023-11-17 00:10:30,0.0,343.0,500.0,20.2,40.0
2023-11-17 00:20:30,0.0,343.0,498.0,20.2,40.0
2023-11-17 00:30:29,0.0,343.0,497.0,20.1,40.0
2023-11-17 00:40:29,0.0,343.0,494.0,20.1,40.0
2023-11-17 00:50:29,0.0,343.0,501.0,20.1,40.0
2023-11-17 01:00:29,0.0,343.0,498.0,20.2,40.0
2023-11-17 01:10:29,0.0,343.0,484.0,20.1,40.0
2023-11-17 01:20:29,0.0,343.0,485.0,20.1,40.0
2023-11-17 01:30:29,0.0,343.0,484.0,20.1,41.0
2023-11-17 01:40:29,0.0,343.0,478.0,20.0,40.0
2023-11-17 01:50:29,0.0,343.0,479.0,20.1,41.0
2023-11-17 02:00:29,0.0,343.0,482.0,20.0,41.0
2023-11-17 02:10:29,0.0,343.0,480.0,20.1,41.0
2023-11-17 02:20:29,0.0,343.0,478.0,20.0,41.0
2023-11-17 02:30:30,0.0,343.0,475.0,20.0,41.0
2023-11-17 02:40:29,0.0,343.0,470.0,20.0,41.0
2023-11-17 02:50:29,0.0,343.0,473.0,20.0,41.0
2023-11-17 03:00:29,0.0,346.0,466.0,20.0,41.0
2023-11-17 03:10:29,0.0,343.0,465.0,20.0,41.0
2023-11-17 03:20:29,0.0,343.0,463.0,20.0,41.0
2023-11-17 03:30:29,0.0,343.0,455.0,20.0,41.0
2023-11-17 03:40:29,0.0,343.0,461.0,19.9,41.0
2023-11-17 03:50:29,0.0,343.0,454.0,19.9,41.0
2023-11-17 04:00:29,0.0,346.0,456.0,19.9,40.0
2023-11-17 04:10:28,0.0,343.0,452.0,20.0,40.0
2023-11-17 04:20:29,0.0,343.0,449.0,20.0,40.0
2023-11-17 04:30:28,0.0,343.0,451.0,20.0,40.0
2023-11-17 04:40:28,0.0,343.0,450.0,20.0,40.0
2023-11-17 04:50:28,0.0,343.0,445.0,20.0,40.0
2023-11-17 05:00:28,0.0,343.0,451.0,20.0,40.0
2023-11-17 05:10:28,0.0,343.0,453.0,19.9,40.0
2023-11-17 05:20:28,0.0,343.0,452.0,20.0,40.0
2023-11-17 05:30:28,0.0,343.0,448.0,19.9,40.0
2023-11-17 05:40:28,0.0,343.0,438.0,19.9,40.0
2023-11-17 05:50:28,0.0,343.0,448.0,20.0,40.0
2023-11-17 06:00:28,0.0,343.0,441.0,20.0,40.0
2023-11-17 06:10:28,0.0,343.0,442.0,19.9,41.0
2023-11-17 06:20:28,0.0,343.0,434.0,19.8,40.0
2023-11-17 06:30:28,0.0,343.0,436.0,19.8,41.0
2023-11-17 06:40:28,0.0,346.0,433.0,19.8,40.0
2023-11-17 06:50:28,0.0,346.0,433.0,19.8,41.0
2023-11-17 07:00:28,0.0,350.0,430.0,19.7,41.0
2023-11-17 07:10:28,0.0,357.0,418.0,19.7,38.0
2023-11-17 07:20:28,0.0,367.0,404.0,19.8,37.0
2023-11-17 07:30:28,0.0,380.0,391.0,20.0,36.0
2023-11-17 07:40:28,0.0,370.0,402.0,20.3,35.0
2023-11-17 07:50:27,0.0,377.0,393.0,20.7,33.0
2023-11-17 08:00:27,0.0,383.0,395.0,21.3,32.0
2023-11-17 08:10:28,0.0,377.0,390.0,21.7,31.0
2023-11-17 08:20:27,0.0,367.0,395.0,21.9,31.0
2023-11-17 08:30:27,0.0,370.0,393.0,21.9,31.0
2023-11-17 08:40:27,0.0,370.0,407.0,21.8,31.0
2023-11-17 08:50:27,0.0,377.0,410.0,21.4,32.0
2023-11-17 09:00:27,0.0,383.0,409.0,21.0,32.0
2023-11-17 09:10:27,0.0,387.0,419.0,20.7,33.0
2023-11-17 09:20:27,0.0,394.0,435.0,20.4,33.0
2023-11-17 09:30:27,0.0,397.0,435.0,20.2,34.0
2023-11-17 09:40:27,0.0,397.0,452.0,20.1,34.0
2023-11-17 09:50:27,0.0,397.0,454.0,20.0,34.0
2023-11-17 10:00:27,0.0,424.0,438.0,19.9,34.0
2023-11-17 10:10:27,0.0,414.0,429.0,19.8,34.0
2023-11-17 10:20:27,0.0,451.0,436.0,19.8,34.0
2023-11-17 10:30:27,0.0,427.0,430.0,19.7,34.0
2023-11-17 10:40:27,0.0,397.0,424.0,19.7,34.0
2023-11-17 10:50:27,0.0,397.0,425.0,19.7,34.0
2023-11-17 11:00:27,0.0,397.0,428.0,19.7,34.0
2023-11-17 11:10:27,0.0,397.0,438.0,19.7,34.0
2023-11-17 11:20:27,0.0,390.0,423.0,19.7,34.0
2023-11-17 11:30:26,0.0,394.0,423.0,19.7,33.0
2023-11-17 11:40:26,0.0,397.0,417.0,20.0,33.0
2023-11-17 11:50:26,0.0,394.0,412.0,20.5,33.0
2023-11-17 12:00:26,0.0,404.0,418.0,20.8,32.0
2023-11-17 12:10:26,0.0,424.0,418.0,21.2,31.0
2023-11-17 12:20:26,0.0,427.0,415.0,21.4,31.0
2023-11-17 12:30:26,0.0,404.0,415.0,21.4,31.0
2023-11-17 12:40:26,0.0,400.0,420.0,21.4,30.0
2023-11-17 12:50:26,0.0,383.0,413.0,21.5,30.0
2023-11-17 13:00:26,0.0,380.0,423.0,21.5,30.0
2023-11-17 13:10:26,0.0,377.0,413.0,21.5,30.0
2023-11-17 13:20:26,0.0,387.0,414.0,21.6,30.0
2023-11-17 13:30:26,0.0,377.0,419.0,21.5,30.0
2023-11-17 13:40:26,0.0,367.0,414.0,21.5,30.0
2023-11-17 13:50:26,0.0,370.0,408.0,21.5,30.0
2023-11-17 14:00:26,0.0,363.0,405.0,21.5,30.0
2023-11-17 14:10:26,0.0,360.0,411.0,21.5,29.0
2023-11-17 14:20:26,0.0,357.0,413.0,21.5,29.0
2023-11-17 14:30:26,0.0,360.0,413.0,21.6,29.0
2023-11-17 14:40:26,0.0,350.0,407.0,21.5,29.0
2023-11-17 14:50:26,0.0,350.0,411.0,21.4,29.0
2023-11-17 15:00:26,0.0,346.0,423.0,21.2,30.0
2023-11-17 15:10:25,0.0,346.0,432.0,21.2,30.0
2023-11-17 15:20:25,0.0,346.0,431.0,20.9,30.0
2023-11-17 15:30:25,0.0,346.0,440.0,20.7,30.0
2023-11-17 15:40:25,0.0,346.0,422.0,20.5,30.0
2023-11-17 15:50:25,0.0,346.0,419.0,20.4,30.0
2023-11-17 16:00:25,0.0,346.0,413.0,20.3,31.0
2023-11-17 16:10:25,0.0,346.0,471.0,20.6,31.0
2023-11-17 16:20:25,0.0,346.0,542.0,20.8,32.0
2023-11-17 16:30:25,0.0,343.0,597.0,20.7,33.0
2023-11-17 16:40:25,0.0,346.0,621.0,20.5,34.0
2023-11-17 16:50:25,0.0,343.0,649.0,20.3,35.0
2023-11-17 17:00:25,0.0,343.0,681.0,20.2,36.0
2023-11-17 17:10:25,0.0,343.0,690.0,20.1,36.0
2023-11-17 17:20:25,0.0,346.0,696.0,20.0,37.0
2023-11-17 17:30:25,0.0,343.0,715.0,19.9,37.0
2023-11-17 17:40:25,0.0,343.0,718.0,19.9,38.0
2023-11-17 17:50:25,0.0,343.0,720.0,19.8,38.0
2023-11-17 18:00:25,0.0,343.0,713.0,19.8,38.0
2023-11-17 18:10:25,0.0,346.0,722.0,19.7,39.0
2023-11-17 18:20:25,0.0,346.0,721.0,19.7,39.0
2023-11-17 18:30:25,0.0,343.0,703.0,19.7,39.0
2023-11-17 18:40:25,0.0,343.0,688.0,19.7,39.0
2023-11-17 18:50:24,0.0,343.0,695.0,19.6,40.0
2023-11-17 19:00:24,0.0,343.0,694.0,19.5,40.0
2023-11-17 19:10:24,0.0,343.0,683.0,19.5,40.0
2023-11-17 19:20:24,0.0,343.0,681.0,19.5,40.0
2023-11-17 19:30:24,0.0,343.0,674.0,19.4,40.0
2023-11-17 19:40:24,0.0,343.0,676.0,19.5,40.0
2023-11-17 19:50:24,0.0,343.0,667.0,19.5,40.0
2023-11-17 20:00:24,0.0,343.0,678.0,19.4,40.0
2023-11-17 20:10:24,0.0,343.0,673.0,19.6,40.0
2023-11-17 20:20:24,0.0,346.0,662.0,19.6,40.0
2023-11-17 20:30:24,0.0,346.0,658.0,19.6,40.0
2023-11-17 20:40:24,0.0,343.0,649.0,19.7,40.0
2023-11-17 20:50:24,0.0,346.0,649.0,19.7,40.0
2023-11-17 21:00:24,0.0,346.0,637.0,19.7,40.0
2023-11-17 21:10:24,0.0,343.0,625.0,19.8,40.0
2023-11-17 21:20:24,0.0,343.0,634.0,19.7,40.0
2023-11-17 21:30:24,0.0,343.0,624.0,19.8,39.0
2023-11-17 21:40:24,0.0,343.0,612.0,19.7,39.0
2023-11-17 21:50:24,0.0,343.0,614.0,19.7,39.0
2023-11-17 22:00:24,0.0,343.0,612.0,19.8,39.0
2023-11-17 22:10:24,0.0,343.0,601.0,19.8,39.0
2023-11-17 22:20:23,0.0,343.0,598.0,19.8,39.0
2023-11-17 22:30:23,0.0,343.0,599.0,19.8,39.0
2023-11-17 22:40:23,0.0,343.0,589.0,19.8,39.0
2023-11-17 22:50:23,0.0,343.0,580.0,19.8,39.0
2023-11-17 23:00:23,0.0,343.0,580.0,19.8,39.0
2023-11-17 23:10:23,0.0,343.0,574.0,19.8,39.0
2023-11-17 23:20:23,0.0,343.0,563.0,19.8,39.0
2023-11-17 23:30:23,0.0,343.0,559.0,19.7,39.0
2023-11-17 23:40:24,0.0,343.0,561.0,19.7,39.0
2023-11-17 23:50:23,0.0,343.0,559.0,19.8,39.0
2023-11-18 00:00:23,0.0,343.0,545.0,19.8,39.0
2023-11-18 00:10:23,0.0,343.0,547.0,19.8,39.0
2023-11-18 00:20:23,0.0,343.0,543.0,19.8,39.0
2023-11-18 00:30:23,0.0,343.0,543.0,19.8,38.0
2023-11-18 00:40:23,0.0,343.0,536.0,19.9,38.0
2023-11-18 00:50:23,0.0,343.0,535.0,19.9,38.0
2023-11-18 01:00:23,0.0,343.0,538.0,19.8,38.0
2023-11-18 01:10:23,0.0,343.0,531.0,19.9,38.0
2023-11-18 01:20:23,0.0,343.0,525.0,19.9,38.0
2023-11-18 01:30:23,0.0,343.0,520.0,19.8,38.0
2023-11-18 01:40:23,0.0,343.0,520.0,19.9,38.0
2023-11-18 01:50:23,0.0,343.0,508.0,19.8,38.0
2023-11-18 02:00:23,0.0,343.0,502.0,19.8,38.0
2023-11-18 02:10:22,0.0,343.0,502.0,19.8,38.0
2023-11-18 02:20:23,0.0,343.0,496.0,19.8,38.0
2023-11-18 02:30:22,0.0,343.0,493.0,19.8,38.0
2023-11-18 02:40:22,0.0,343.0,490.0,19.8,38.0
2023-11-18 02:50:22,0.0,343.0,496.0,19.9,37.0
2023-11-18 03:00:22,0.0,343.0,487.0,20.0,37.0
2023-11-18 03:10:22,0.0,343.0,485.0,20.0,37.0
2023-11-18 03:20:22,0.0,343.0,481.0,20.1,37.0
2023-11-18 03:30:22,0.0,343.0,478.0,20.1,37.0
2023-11-18 03:40:22,0.0,343.0,470.0,20.2,37.0
2023-11-18 03:50:22,0.0,343.0,480.0,20.1,37.0
2023-11-18 04:00:22,0.0,343.0,468.0,20.1,37.0
2023-11-18 04:10:22,0.0,343.0,467.0,20.2,36.0
2023-11-18 04:20:22,0.0,343.0,464.0,20.2,36.0
2023-11-18 04:30:22,0.0,343.0,468.0,20.2,36.0
2023-11-18 04:40:22,0.0,343.0,471.0,20.1,36.0
2023-11-18 04:50:22,0.0,343.0,468.0,20.3,36.0
2023-11-18 05:00:22,0.0,343.0,464.0,20.3,36.0
2023-11-18 05:10:22,0.0,343.0,461.0,20.3,36.0
2023-11-18 05:20:22,0.0,343.0,462.0,20.3,36.0
2023-11-18 05:30:22,0.0,343.0,446.0,20.3,36.0
2023-11-18 05:40:21,0.0,343.0,456.0,20.3,36.0
2023-11-18 05:50:21,0.0,346.0,459.0,20.3,36.0
2023-11-18 06:00:21,0.0,346.0,445.0,20.4,35.0
2023-11-18 06:10:21,0.0,343.0,453.0,20.0,36.0
2023-11-18 06:20:21,0.0,343.0,457.0,19.9,36.0
2023-11-18 06:30:21,0.0,346.0,442.0,19.8,36.0
2023-11-18 06:40:21,0.0,346.0,459.0,19.6,36.0
2023-11-18 06:50:21,0.0,353.0,454.0,19.5,36.0
2023-11-18 07:00:21,0.0,360.0,447.0,19.4,37.0
2023-11-18 07:10:21,0.0,367.0,440.0,19.4,37.0
2023-11-18 07:20:21,0.0,377.0,439.0,19.3,36.0
2023-11-18 07:30:21,0.0,387.0,433.0,19.3,36.0
2023-11-18 07:40:21,0.0,397.0,440.0,19.3,36.0
2023-11-18 07:50:21,0.0,407.0,439.0,19.3,36.0
2023-11-18 08:00:21,0.0,417.0,438.0,19.3,36.0
2023-11-18 08:10:21,0.0,437.0,439.0,19.2,36.0
2023-11-18 08:20:21,0.0,495.0,441.0,19.3,36.0
2023-11-18 08:30:21,0.0,542.0,441.0,19.4,36.0
2023-11-18 08:40:21,0.0,616.0,443.0,19.5,36.0
2023-11-18 08:50:21,0.0,751.0,439.0,19.6,36.0
2023-11-18 09:00:21,0.0,835.0,439.0,19.6,36.0
2023-11-18 09:10:21,0.0,690.0,436.0,19.5,36.0
2023-11-18 09:20:21,0.0,1141.0,441.0,19.5,36.0
2023-11-18 09:30:20,0.0,754.0,439.0,19.4,36.0
2023-11-18 09:40:20,0.0,1034.0,431.0,19.4,36.0
2023-11-18 09:50:20,0.0,1519.0,440.0,19.4,36.0
2023-11-18 10:00:20,0.0,1882.0,433.0,19.8,36.0
2023-11-18 10:10:20,0.0,2563.0,429.0,20.3,35.0
2023-11-18 10:20:20,0.0,2098.0,432.0,20.0,35.0
2023-11-18 10:30:20,0.0,2044.0,431.0,20.0,36.0
2023-11-18 10:40:20,0.0,12840.0,427.0,20.6,35.0
2023-11-18 10:50:20,0.0,2408.0,426.0,20.5,35.0
2023-11-18 11:00:20,0.0,1909.0,423.0,20.5,35.0
2023-11-18 11:10:20,0.0,1599.0,419.0,20.5,34.0
2023-11-18 11:20:20,0.0,1754.0,434.0,20.6,34.0
2023-11-18 11:30:20,0.0,1906.0,426.0,20.6,34.0
2023-11-18 11:40:20,0.0,2138.0,428.0,20.8,35.0
2023-11-18 11:50:20,0.0,2108.0,429.0,20.8,35.0
2023-11-18 12:00:20,0.0,1919.0,429.0,20.9,35.0
2023-11-18 12:10:20,0.0,1842.0,421.0,20.9,35.0
2023-11-18 12:20:20,0.0,1788.0,428.0,20.9,35.0
2023-11-18 12:30:20,0.0,2024.0,415.0,21.0,35.0
2023-11-18 12:40:20,0.0,1869.0,417.0,21.1,34.0
2023-11-18 12:50:20,0.0,1165.0,430.0,21.0,34.0
2023-11-18 13:00:20,0.0,464.0,416.0,20.8,35.0
2023-11-18 13:10:19,0.0,451.0,417.0,20.7,35.0
2023-11-18 13:20:19,0.0,444.0,434.0,20.6,35.0
2023-11-18 13:30:19,0.0,434.0,428.0,20.5,35.0
2023-11-18 13:40:19,0.0,427.0,421.0,20.4,35.0
2023-11-18 13:50:19,0.0,417.0,415.0,20.3,35.0
2023-11-18 14:00:19,0.0,410.0,419.0,20.1,35.0
2023-11-18 14:10:19,0.0,397.0,419.0,20.1,35.0
2023-11-18 14:20:19,0.0,383.0,419.0,20.0,35.0
2023-11-18 14:30:19,0.0,377.0,413.0,20.0,35.0
2023-11-18 14:40:19,0.0,363.0,422.0,19.9,35.0
2023-11-18 14:50:19,0.0,357.0,415.0,19.8,35.0
2023-11-18 15:00:19,1.0,6.0,420.0,19.7,35.0
2023-11-18 15:10:19,0.0,3.0,428.0,19.7,35.0
2023-11-18 15:20:19,0.0,0.0,418.0,19.6,35.0
2023-11-18 15:30:19,0.0,0.0,413.0,19.5,36.0
2023-11-18 15:40:19,0.0,0.0,416.0,19.4,36.0
2023-11-18 15:50:19,0.0,0.0,423.0,19.4,36.0
2023-11-18 16:00:19,0.0,0.0,411.0,19.3,37.0
2023-11-18 16:10:19,0.0,0.0,417.0,19.2,37.0
2023-11-18 16:20:19,0.0,0.0,418.0,19.2,37.0
2023-11-18 16:30:19,0.0,0.0,423.0,19.2,37.0
2023-11-18 16:40:19,0.0,0.0,404.0,19.2,37.0
2023-11-18 16:50:18,0.0,0.0,413.0,19.2,37.0
2023-11-18 17:00:18,0.0,0.0,412.0,19.1,37.0
2023-11-18 17:10:18,0.0,0.0,414.0,19.1,36.0
2023-11-18 17:20:18,0.0,0.0,412.0,19.2,36.0
2023-11-18 17:30:18,0.0,0.0,419.0,19.2,37.0
2023-11-18 17:40:18,0.0,0.0,402.0,19.2,37.0
2023-11-18 17:50:18,0.0,0.0,413.0,19.2,37.0
2023-11-18 18:00:18,0.0,0.0,414.0,19.2,36.0
2023-11-18 18:10:18,0.0,0.0,415.0,19.2,36.0
2023-11-18 18:20:18,0.0,0.0,408.0,19.3,36.0
2023-11-18 18:30:18,0.0,0.0,407.0,19.3,36.0
2023-11-18 18:40:18,0.0,0.0,404.0,19.3,36.0
2023-11-18 18:50:18,0.0,0.0,409.0,19.4,36.0
2023-11-18 19:00:18,0.0,0.0,401.0,19.5,36.0
2023-11-18 19:10:18,0.0,0.0,403.0,19.5,36.0
2023-11-18 19:20:18,0.0,0.0,407.0,19.7,36.0
2023-11-18 19:30:18,0.0,0.0,403.0,19.9,35.0
2023-11-18 19:40:18,0.0,0.0,407.0,20.1,35.0
2023-11-18 19:50:18,0.0,0.0,408.0,20.4,34.0
2023-11-18 20:00:18,0.0,0.0,406.0,20.7,34.0
2023-11-18 20:10:18,0.0,0.0,399.0,20.7,34.0
2023-11-18 20:20:18,0.0,0.0,412.0,20.9,34.0
2023-11-18 20:30:17,0.0,0.0,403.0,20.9,34.0
2023-11-18 20:40:17,0.0,0.0,401.0,20.9,34.0
2023-11-18 20:50:17,0.0,0.0,397.0,20.9,34.0
2023-11-18 21:00:17,0.0,0.0,407.0,20.9,34.0
2023-11-18 21:10:17,0.0,0.0,408.0,20.9,34.0
2023-11-18 21:20:17,0.0,0.0,413.0,20.9,34.0
2023-11-18 21:30:17,0.0,0.0,409.0,20.9,34.0
2023-11-18 21:40:17,0.0,0.0,405.0,20.9,34.0
2023-11-18 21:50:17,0.0,0.0,412.0,20.8,34.0
2023-11-18 22:00:17,0.0,0.0,404.0,20.8,34.0
2023-11-18 22:10:17,0.0,0.0,409.0,20.8,34.0
2023-11-18 22:20:17,0.0,0.0,407.0,20.7,35.0
2023-11-18 22:30:17,0.0,0.0,403.0,20.6,35.0
2023-11-18 22:40:17,0.0,0.0,409.0,20.7,35.0
2023-11-18 22:50:17,0.0,0.0,404.0,20.7,35.0
2023-11-18 23:00:17,0.0,0.0,406.0,20.7,35.0
2023-11-18 23:10:17,0.0,0.0,412.0,20.7,35.0
2023-11-18 23:20:17,0.0,0.0,413.0,20.7,35.0
2023-11-18 23:30:17,0.0,0.0,410.0,20.6,35.0
2023-11-18 23:40:17,0.0,0.0,407.0,20.6,35.0
2023-11-18 23:50:17,0.0,0.0,402.0,20.5,35.0
2023-11-19 00:00:17,0.0,0.0,401.0,20.5,35.0
2023-11-19 00:10:16,0.0,0.0,399.0,20.5,35.0
2023-11-19 00:20:16,0.0,0.0,405.0,20.6,35.0
2023-11-19 00:30:16,0.0,0.0,402.0,20.6,35.0
2023-11-19 00:40:16,0.0,0.0,412.0,20.5,35.0
2023-11-19 00:50:16,0.0,0.0,407.0,20.5,35.0
2023-11-19 01:00:16,0.0,0.0,398.0,20.5,35.0
2023-11-19 01:10:16,0.0,0.0,401.0,20.5,35.0
2023-11-19 01:20:16,0.0,0.0,408.0,20.5,35.0
2023-11-19 01:30:16,0.0,0.0,399.0,20.5,35.0
2023-11-19 01:40:16,0.0,0.0,401.0,20.5,35.0
2023-11-19 01:50:16,0.0,0.0,408.0,20.5,35.0
2023-11-19 02:00:16,0.0,0.0,402.0,20.5,35.0
2023-11-19 02:10:16,0.0,0.0,403.0,20.5,35.0
2023-11-19 02:20:16,0.0,0.0,393.0,20.5,36.0
2023-11-19 02:30:16,0.0,0.0,400.0,20.5,36.0
2023-11-19 02:40:16,0.0,0.0,390.0,20.5,36.0
2023-11-19 02:50:16,0.0,0.0,399.0,20.5,36.0
2023-11-19 03:00:16,0.0,0.0,405.0,20.4,36.0
2023-11-19 03:10:16,0.0,0.0,400.0,20.4,36.0
2023-11-19 03:20:16,0.0,0.0,403.0,20.4,36.0
2023-11-19 03:30:16,0.0,0.0,399.0,20.4,36.0
2023-11-19 03:40:16,0.0,0.0,398.0,20.4,36.0
2023-11-19 03:50:15,0.0,0.0,398.0,20.4,36.0
2023-11-19 04:00:15,0.0,0.0,393.0,20.4,36.0
2023-11-19 04:10:15,0.0,0.0,393.0,20.4,36.0
2023-11-19 04:20:15,0.0,0.0,397.0,20.4,36.0
2023-11-19 04:30:15,0.0,0.0,398.0,20.3,36.0
2023-11-19 04:40:15,0.0,0.0,405.0,20.3,36.0
2023-11-19 04:50:15,0.0,0.0,391.0,20.4,36.0
2023-11-19 05:00:15,0.0,0.0,408.0,20.3,36.0
2023-11-19 05:10:15,0.0,0.0,398.0,20.3,36.0
2023-11-19 05:20:15,0.0,0.0,402.0,20.4,36.0
2023-11-19 05:30:15,0.0,0.0,398.0,20.3,36.0
2023-11-19 05:40:15,0.0,0.0,397.0,20.3,36.0
2023-11-19 05:50:15,0.0,0.0,401.0,20.3,36.0
2023-11-19 06:00:15,0.0,0.0,398.0,20.3,36.0
2023-11-19 06:10:15,0.0,0.0,390.0,20.3,37.0
2023-11-19 06:20:15,0.0,0.0,396.0,20.2,37.0
2023-11-19 06:30:15,0.0,0.0,396.0,20.0,37.0
2023-11-19 06:40:15,0.0,0.0,405.0,19.7,38.0
2023-11-19 06:50:15,0.0,0.0,405.0,19.6,38.0
2023-11-19 07:00:15,0.0,3.0,397.0,19.5,38.0
2023-11-19 07:10:15,0.0,3.0,394.0,19.4,39.0
2023-11-19 07:20:15,0.0,3.0,405.0,19.4,39.0
2023-11-19 07:30:14,0.0,3.0,399.0,19.4,39.0
2023-11-19 07:40:15,0.0,3.0,395.0,19.3,39.0
2023-11-19 07:50:14,0.0,6.0,402.0,19.3,39.0
2023-11-19 08:00:14,0.0,6.0,398.0,19.3,39.0
2023-11-19 08:10:14,0.0,3.0,399.0,19.3,39.0
2023-11-19 08:20:14,0.0,6.0,401.0,19.2,39.0
2023-11-19 08:30:14,0.0,6.0,402.0,19.3,39.0
2023-11-19 08:40:14,0.0,13.0,400.0,19.2,40.0
2023-11-19 08:50:14,0.0,20.0,407.0,19.3,40.0
2023-11-19 09:00:14,0.0,30.0,404.0,19.2,40.0
2023-11-19 09:10:14,0.0,37.0,401.0,19.2,40.0
2023-11-19 09:20:14,0.0,47.0,404.0,19.2,40.0
2023-11-19 09:30:14,0.0,47.0,397.0,19.2,40.0
2023-11-19 09:40:14,0.0,30.0,391.0,19.2,40.0
2023-11-19 09:50:14,0.0,40.0,392.0,19.2,40.0
2023-11-19 10:00:14,0.0,47.0,399.0,19.2,40.0
2023-11-19 10:10:14,0.0,33.0,403.0,19.2,40.0
2023-11-19 10:20:14,0.0,37.0,394.0,19.2,40.0
2023-11-19 10:30:14,0.0,37.0,394.0,19.2,40.0
2023-11-19 10:40:14,0.0,53.0,405.0,19.2,40.0
2023-11-19 10:50:14,0.0,37.0,413.0,19.2,40.0
2023-11-19 11:00:14,0.0,43.0,419.0,19.2,40.0
2023-11-19 11:10:13,0.0,80.0,428.0,19.2,40.0
2023-11-19 11:20:13,0.0,94.0,441.0,19.2,40.0
2023-11-19 11:30:13,0.0,67.0,433.0,19.2,40.0
2023-11-19 11:40:13,0.0,63.0,454.0,19.2,40.0
2023-11-19 11:50:13,0.0,43.0,472.0,19.1,40.0
2023-11-19 12:00:13,0.0,30.0,468.0,19.1,41.0
2023-11-19 12:10:13,0.0,23.0,484.0,19.1,41.0
2023-11-19 12:20:13,0.0,20.0,475.0,19.1,41.0
2023-11-19 12:30:13,0.0,23.0,468.0,19.1,41.0
2023-11-19 12:40:13,0.0,23.0,484.0,19.1,41.0
2023-11-19 12:50:13,0.0,26.0,482.0,19.1,41.0
2023-11-19 13:00:13,0.0,26.0,500.0,19.0,41.0
2023-11-19 13:10:13,0.0,23.0,516.0,19.0,41.0
2023-11-19 13:20:13,0.0,16.0,518.0,19.0,41.0
2023-11-19 13:30:13,0.0,16.0,536.0,19.0,41.0
2023-11-19 13:40:13,0.0,20.0,530.0,19.0,41.0
2023-11-19 13:50:13,0.0,16.0,539.0,19.0,42.0
2023-11-19 14:00:13,0.0,16.0,547.0,19.0,41.0
2023-11-19 14:10:13,0.0,13.0,552.0,18.9,42.0
2023-11-19 14:20:13,0.0,10.0,558.0,19.0,42.0
2023-11-19 14:30:13,0.0,6.0,571.0,18.9,42.0
2023-11-19 14:40:13,0.0,3.0,565.0,18.9,42.0
2023-11-19 14:50:12,0.0,3.0,577.0,18.9,42.0
2023-11-19 15:00:12,0.0,0.0,589.0,19.0,42.0
2023-11-19 15:10:12,0.0,0.0,598.0,18.9,42.0
2023-11-19 15:20:12,0.0,0.0,576.0,18.9,42.0
2023-11-19 15:30:12,0.0,0.0,579.0,18.9,42.0
2023-11-19 15:40:12,0.0,0.0,573.0,18.9,42.0
2023-11-19 15:50:12,0.0,0.0,559.0,18.9,42.0
2023-11-19 16:00:12,0.0,0.0,536.0,18.9,42.0
2023-11-19 16:10:12,0.0,0.0,537.0,18.9,42.0
2023-11-19 16:20:12,0.0,0.0,529.0,18.9,42.0
2023-11-19 16:30:12,0.0,0.0,514.0,18.9,42.0
2023-11-19 16:40:12,0.0,0.0,501.0,19.0,42.0
2023-11-19 16:50:12,0.0,0.0,507.0,19.0,42.0
2023-11-19 17:00:12,0.0,0.0,498.0,18.9,42.0
2023-11-19 17:10:12,0.0,0.0,488.0,18.9,42.0
2023-11-19 17:20:12,0.0,0.0,479.0,19.0,41.0
2023-11-19 17:30:12,0.0,0.0,474.0,19.0,41.0
2023-11-19 17:40:12,0.0,0.0,469.0,19.0,41.0
2023-11-19 17:50:12,0.0,0.0,459.0,19.0,41.0
2023-11-19 18:00:12,0.0,0.0,456.0,19.0,41.0
2023-11-19 18:10:12,0.0,0.0,448.0,19.0,41.0
2023-11-19 18:20:12,0.0,0.0,454.0,19.0,41.0
2023-11-19 18:30:11,0.0,0.0,450.0,19.0,41.0
2023-11-19 18:40:11,0.0,0.0,431.0,19.0,41.0
2023-11-19 18:50:11,0.0,0.0,441.0,19.0,41.0
2023-11-19 19:00:11,0.0,0.0,431.0,19.1,41.0
2023-11-19 19:10:12,0.0,0.0,438.0,19.1,40.0
2023-11-19 19:20:11,0.0,0.0,434.0,19.2,40.0
2023-11-19 19:30:11,0.0,0.0,435.0,19.4,40.0
2023-11-19 19:40:11,0.0,0.0,428.0,19.7,39.0
2023-11-19 19:50:11,0.0,0.0,421.0,20.0,38.0
2023-11-19 20:00:11,0.0,0.0,429.0,20.3,38.0
2023-11-19 20:10:11,0.0,0.0,426.0,20.5,38.0
2023-11-19 20:20:11,0.0,0.0,427.0,20.6,37.0
2023-11-19 20:30:11,0.0,0.0,423.0,20.6,37.0
2023-11-19 20:40:11,0.0,0.0,422.0,20.7,37.0
2023-11-19 20:50:11,0.0,0.0,425.0,20.7,37.0
2023-11-19 21:00:11,0.0,0.0,416.0,20.8,37.0
2023-11-19 21:10:11,0.0,0.0,416.0,20.8,37.0
2023-11-19 21:20:11,0.0,0.0,406.0,20.8,37.0
2023-11-19 21:30:11,0.0,0.0,414.0,20.8,37.0
2023-11-19 21:40:11,0.0,0.0,415.0,20.8,37.0
2023-11-19 21:50:11,0.0,0.0,413.0,20.8,37.0
2023-11-19 22:00:11,0.0,0.0,411.0,20.7,37.0
2023-11-19 22:10:10,0.0,0.0,408.0,20.8,37.0
2023-11-19 22:20:10,0.0,0.0,413.0,20.7,37.0
2023-11-19 22:30:10,0.0,0.0,411.0,20.7,37.0
2023-11-19 22:40:10,0.0,0.0,408.0,20.6,37.0
2023-11-19 22:50:10,0.0,0.0,413.0,20.6,37.0
2023-11-19 23:00:10,0.0,0.0,411.0,20.6,37.0
2023-11-19 23:10:10,0.0,0.0,407.0,20.5,37.0
2023-11-19 23:20:10,0.0,0.0,409.0,20.6,37.0
2023-11-19 23:30:10,0.0,0.0,403.0,20.5,37.0
2023-11-19 23:40:10,0.0,0.0,396.0,20.5,37.0
2023-11-19 23:50:10,0.0,0.0,401.0,20.6,37.0
2023-11-20 00:00:10,0.0,0.0,403.0,20.5,37.0
2023-11-20 00:10:10,0.0,0.0,404.0,20.6,37.0
2023-11-20 00:20:10,0.0,0.0,398.0,20.5,37.0
2023-11-20 00:30:10,0.0,0.0,400.0,20.5,37.0
2023-11-20 00:40:10,0.0,0.0,404.0,20.4,37.0
2023-11-20 00:50:10,0.0,0.0,407.0,20.5,37.0
2023-11-20 01:00:10,0.0,0.0,397.0,20.5,38.0
2023-11-20 01:10:10,0.0,0.0,408.0,20.5,38.0
2023-11-20 01:20:10,0.0,0.0,401.0,20.4,37.0
2023-11-20 01:30:10,0.0,0.0,395.0,20.4,38.0
2023-11-20 01:40:10,0.0,0.0,401.0,20.5,38.0
2023-11-20 01:50:09,0.0,0.0,401.0,20.4,38.0
2023-11-20 02:00:09,0.0,0.0,398.0,20.4,38.0
2023-11-20 02:10:09,0.0,0.0,398.0,20.5,38.0
2023-11-20 02:20:09,0.0,0.0,398.0,20.4,38.0
2023-11-20 02:30:09,0.0,0.0,395.0,20.5,38.0
2023-11-20 02:40:09,0.0,0.0,395.0,20.4,38.0
2023-11-20 02:50:09,0.0,0.0,401.0,20.5,38.0
2023-11-20 03:00:09,0.0,0.0,393.0,20.4,38.0
2023-11-20 03:10:09,0.0,0.0,394.0,20.4,38.0
2023-11-20 03:20:09,0.0,0.0,400.0,20.4,38.0
2023-11-20 03:30:09,0.0,0.0,398.0,20.5,38.0
2023-11-20 03:40:09,0.0,0.0,398.0,20.5,38.0
2023-11-20 03:50:09,0.0,0.0,403.0,20.5,37.0
2023-11-20 04:00:09,0.0,0.0,397.0,20.5,37.0
2023-11-20 04:10:09,0.0,0.0,391.0,20.5,38.0
2023-11-20 04:20:09,0.0,0.0,397.0,20.5,38.0
2023-11-20 04:30:09,0.0,0.0,390.0,20.4,37.0
2023-11-20 04:40:09,0.0,0.0,393.0,20.4,38.0
2023-11-20 04:50:09,0.0,0.0,397.0,20.4,37.0
2023-11-20 05:00:09,0.0,0.0,393.0,20.5,37.0
2023-11-20 05:10:09,0.0,0.0,393.0,20.4,37.0
2023-11-20 05:20:09,0.0,0.0,392.0,20.4,38.0
2023-11-20 05:30:08,0.0,0.0,396.0,20.4,37.0
2023-11-20 05:40:08,0.0,0.0,388.0,20.4,38.0
2023-11-20 05:50:08,0.0,0.0,395.0,20.4,37.0
2023-11-20 06:00:08,0.0,0.0,388.0,20.4,37.0
2023-11-20 06:10:08,0.0,0.0,404.0,20.5,37.0
2023-11-20 06:20:08,0.0,0.0,390.0,20.4,37.0
2023-11-20 06:30:08,0.0,0.0,395.0,20.3,38.0
2023-11-20 06:40:08,0.0,0.0,393.0,20.0,38.0
2023-11-20 06:50:08,0.0,3.0,397.0,19.7,39.0
2023-11-20 07:00:08,0.0,3.0,391.0,19.6,39.0
2023-11-20 07:10:08,0.0,10.0,395.0,19.6,37.0
2023-11-20 07:20:08,0.0,13.0,398.0,19.6,36.0
2023-11-20 07:30:08,0.0,20.0,396.0,20.0,35.0
2023-11-20 07:40:08,0.0,23.0,396.0,21.0,33.0
2023-11-20 07:50:08,0.0,33.0,396.0,21.8,31.0
2023-11-20 08:00:08,0.0,47.0,403.0,22.1,31.0
2023-11-20 08:10:08,0.0,70.0,391.0,22.3,30.0
2023-11-20 08:20:08,0.0,80.0,395.0,22.1,31.0
2023-11-20 08:30:08,0.0,60.0,410.0,21.6,31.0
2023-11-20 08:40:08,0.0,63.0,406.0,21.1,32.0
2023-11-20 08:50:08,0.0,67.0,397.0,20.9,33.0
2023-11-20 09:00:08,0.0,53.0,408.0,21.0,33.0
2023-11-20 09:10:07,0.0,84.0,399.0,20.9,33.0
2023-11-20 09:20:07,0.0,80.0,417.0,20.8,33.0
2023-11-20 09:30:07,0.0,43.0,407.0,20.6,33.0
2023-11-20 09:40:07,0.0,77.0,410.0,20.4,34.0
2023-11-20 09:50:07,0.0,60.0,407.0,20.4,34.0
2023-11-20 10:00:07,0.0,53.0,409.0,20.4,34.0
2023-11-20 10:10:07,0.0,43.0,412.0,20.5,34.0
2023-11-20 10:20:07,0.0,30.0,401.0,20.7,34.0
2023-11-20 10:30:07,0.0,33.0,403.0,20.8,34.0
2023-11-20 10:40:07,0.0,26.0,403.0,21.1,33.0
2023-11-20 10:50:07,0.0,26.0,399.0,21.5,33.0
2023-11-20 11:00:07,0.0,43.0,403.0,21.7,33.0
2023-11-20 11:10:07,0.0,53.0,410.0,22.0,32.0
2023-11-20 11:20:08,0.0,37.0,415.0,22.1,32.0
2023-11-20 11:30:07,0.0,47.0,413.0,22.2,32.0
2023-11-20 11:40:07,0.0,57.0,418.0,22.2,32.0
2023-11-20 11:50:07,0.0,53.0,413.0,22.4,32.0
2023-11-20 12:00:07,0.0,47.0,412.0,22.4,31.0
2023-11-20 12:10:07,0.0,40.0,416.0,22.5,31.0
2023-11-20 12:20:07,0.0,26.0,415.0,22.5,31.0
2023-11-20 12:30:07,0.0,30.0,428.0,22.2,32.0
2023-11-20 12:40:07,0.0,26.0,444.0,21.8,32.0
2023-11-20 12:50:06,0.0,16.0,443.0,21.3,33.0
2023-11-20 13:00:07,0.0,16.0,442.0,20.9,33.0
2023-11-20 13:10:06,0.0,16.0,437.0,20.6,34.0
2023-11-20 13:20:06,0.0,20.0,454.0,20.4,34.0
2023-11-20 13:30:06,0.0,23.0,462.0,20.3,35.0
2023-11-20 13:40:06,0.0,16.0,439.0,20.2,35.0
2023-11-20 13:50:06,0.0,10.0,434.0,20.1,35.0
2023-11-20 14:00:06,0.0,13.0,419.0,20.0,35.0
2023-11-20 14:10:06,0.0,10.0,434.0,19.9,35.0
2023-11-20 14:20:06,0.0,6.0,459.0,19.9,35.0
2023-11-20 14:30:06,0.0,6.0,451.0,20.0,35.0
2023-11-20 14:40:06,0.0,3.0,450.0,19.9,35.0
2023-11-20 14:50:06,0.0,3.0,449.0,20.0,35.0
2023-11-20 15:00:06,0.0,3.0,441.0,19.9,35.0
2023-11-20 15:10:06,0.0,3.0,451.0,19.9,35.0
2023-11-20 15:20:06,0.0,3.0,454.0,19.9,35.0
2023-11-20 15:30:06,0.0,0.0,459.0,19.9,35.0
2023-11-20 15:40:06,0.0,0.0,445.0,19.9,35.0
2023-11-20 15:50:06,0.0,0.0,435.0,20.1,34.0
2023-11-20 16:00:06,0.0,0.0,435.0,20.3,34.0
2023-11-20 16:10:06,0.0,0.0,526.0,20.8,34.0
2023-11-20 16:20:05,0.0,3.0,607.0,20.9,35.0
2023-11-20 16:30:05,0.0,3.0,656.0,20.9,35.0
2023-11-20 16:40:05,0.0,3.0,659.0,20.8,36.0
2023-11-20 16:50:05,0.0,3.0,658.0,20.8,36.0
2023-11-20 17:00:05,0.0,3.0,624.0,21.4,35.0
2023-11-20 17:10:05,0.0,3.0,599.0,22.0,33.0
2023-11-20 17:20:05,0.0,0.0,582.0,22.6,32.0
2023-11-20 17:30:05,0.0,0.0,567.0,22.9,32.0
2023-11-20 17:40:05,0.0,0.0,578.0,23.1,31.0
2023-11-20 17:50:05,0.0,0.0,570.0,23.2,31.0
2023-11-20 18:00:05,0.0,0.0,561.0,23.1,31.0
2023-11-20 18:10:05,0.0,0.0,580.0,22.9,32.0
2023-11-20 18:20:05,0.0,0.0,602.0,22.5,33.0
2023-11-20 18:30:05,0.0,0.0,619.0,22.1,33.0
2023-11-20 18:40:05,0.0,0.0,632.0,21.7,34.0
2023-11-20 18:50:05,0.0,0.0,655.0,21.2,35.0
2023-11-20 19:00:05,0.0,0.0,653.0,20.8,36.0
2023-11-20 19:10:05,0.0,0.0,645.0,20.5,36.0
2023-11-20 19:20:05,0.0,0.0,637.0,20.3,37.0
2023-11-20 19:30:05,0.0,0.0,637.0,20.2,37.0
2023-11-20 19:40:05,0.0,0.0,625.0,20.1,37.0
2023-11-20 19:50:05,0.0,0.0,616.0,20.1,37.0
2023-11-20 20:00:04,0.0,0.0,607.0,20.1,37.0
2023-11-20 20:10:04,0.0,0.0,603.0,20.2,37.0
2023-11-20 20:20:04,0.0,0.0,595.0,20.3,37.0
2023-11-20 20:30:04,0.0,0.0,597.0,20.5,37.0
2023-11-20 20:40:04,0.0,0.0,603.0,20.6,36.0
2023-11-20 20:50:04,0.0,0.0,596.0,20.7,36.0
2023-11-20 21:00:04,0.0,0.0,604.0,20.8,36.0
2023-11-20 21:10:04,0.0,0.0,597.0,20.9,36.0
2023-11-20 21:20:04,0.0,0.0,588.0,20.9,36.0
2023-11-20 21:30:04,0.0,0.0,593.0,20.9,36.0
2023-11-20 21:40:04,0.0,0.0,595.0,20.8,36.0
2023-11-20 21:50:04,0.0,0.0,587.0,20.9,36.0
2023-11-20 22:00:04,0.0,0.0,590.0,20.9,36.0
2023-11-20 22:10:04,0.0,0.0,595.0,20.8,36.0
2023-11-20 22:20:04,0.0,0.0,586.0,20.8,36.0
2023-11-20 22:30:04,0.0,0.0,586.0,20.8,36.0
2023-11-20 22:40:04,0.0,0.0,580.0,20.8,36.0
2023-11-20 22:50:04,0.0,0.0,579.0,20.7,36.0
2023-11-20 23:00:04,0.0,0.0,576.0,20.7,36.0
2023-11-20 23:10:04,0.0,0.0,582.0,20.7,36.0
2023-11-20 23:20:04,0.0,0.0,571.0,20.7,36.0
2023-11-20 23:30:04,0.0,0.0,570.0,20.6,37.0
2023-11-20 23:40:04,0.0,0.0,563.0,20.5,37.0
2023-11-20 23:50:03,0.0,0.0,575.0,20.6,37.0
2023-11-21 00:00:03,0.0,0.0,565.0,20.5,37.0
2023-11-21 00:10:03,0.0,0.0,572.0,20.5,37.0
2023-11-21 00:20:03,0.0,0.0,557.0,20.5,37.0
2023-11-21 00:30:03,0.0,0.0,560.0,20.4,37.0
2023-11-21 00:40:03,0.0,0.0,564.0,20.5,37.0
2023-11-21 00:50:03,0.0,0.0,554.0,20.4,37.0
2023-11-21 01:00:03,0.0,0.0,548.0,20.4,37.0
2023-11-21 01:10:03,0.0,0.0,550.0,20.5,37.0
2023-11-21 01:20:03,0.0,0.0,549.0,20.4,37.0
2023-11-21 01:30:03,0.0,0.0,541.0,20.4,37.0
2023-11-21 01:40:03,0.0,0.0,535.0,20.4,37.0
2023-11-21 01:50:03,0.0,0.0,537.0,20.4,37.0
2023-11-21 02:00:03,0.0,0.0,538.0,20.4,37.0
2023-11-21 02:10:03,0.0,0.0,524.0,20.4,37.0
2023-11-21 02:20:03,0.0,0.0,527.0,20.4,37.0
2023-11-21 02:30:03,0.0,0.0,525.0,20.4,37.0
2023-11-21 02:40:03,0.0,0.0,539.0,20.4,37.0
2023-11-21 02:50:03,0.0,0.0,522.0,20.3,37.0
2023-11-21 03:00:03,0.0,0.0,520.0,20.3,37.0
2023-11-21 03:10:03,0.0,0.0,510.0,20.3,37.0
2023-11-21 03:20:02,0.0,0.0,521.0,20.4,37.0
2023-11-21 03:30:02,0.0,0.0,509.0,20.4,37.0
2023-11-21 03:40:02,0.0,0.0,519.0,20.3,37.0
2023-11-21 03:50:02,0.0,0.0,510.0,20.3,37.0
2023-11-21 04:00:02,0.0,0.0,501.0,20.3,37.0
2023-11-21 04:10:03,0.0,0.0,506.0,20.3,37.0
2023-11-21 04:20:02,0.0,0.0,496.0,20.3,37.0
2023-11-21 04:30:02,0.0,0.0,493.0,20.3,37.0
2023-11-21 04:40:02,0.0,0.0,491.0,20.3,37.0
2023-11-21 04:50:02,0.0,0.0,493.0,20.3,37.0
2023-11-21 05:00:02,0.0,0.0,487.0,20.2,37.0
2023-11-21 05:10:02,0.0,0.0,494.0,20.2,37.0
2023-11-21 05:20:02,0.0,0.0,483.0,20.2,37.0
2023-11-21 05:30:02,0.0,0.0,481.0,20.2,37.0
2023-11-21 05:40:02,0.0,0.0,488.0,20.2,37.0
2023-11-21 05:50:02,0.0,0.0,486.0,20.2,37.0
2023-11-21 06:00:02,0.0,0.0,479.0,20.2,37.0
2023-11-21 06:10:02,0.0,0.0,473.0,20.1,37.0
2023-11-21 06:20:02,0.0,0.0,473.0,20.1,37.0
2023-11-21 06:30:02,0.0,0.0,471.0,20.0,37.0
2023-11-21 06:40:02,0.0,0.0,472.0,19.8,38.0
2023-11-21 06:50:02,0.0,0.0,468.0,19.6,38.0
2023-11-21 07:00:01,0.0,3.0,461.0,19.5,38.0
2023-11-21 07:10:01,0.0,3.0,427.0,19.5,36.0
2023-11-21 07:20:01,0.0,6.0,423.0,19.5,35.0
2023-11-21 07:30:01,0.0,6.0,408.0,19.9,33.0
2023-11-21 07:40:02,0.0,13.0,415.0,20.6,32.0
2023-11-21 07:50:01,0.0,20.0,408.0,21.4,30.0
2023-11-21 08:00:01,0.0,16.0,408.0,21.4,30.0
2023-11-21 08:10:01,0.0,37.0,418.0,21.1,30.0
2023-11-21 08:20:01,0.0,90.0,408.0,20.7,30.0
2023-11-21 08:30:01,0.0,148.0,411.0,20.4,31.0
2023-11-21 08:40:01,0.0,316.0,413.0,20.2,31.0
2023-11-21 08:50:01,0.0,255.0,415.0,19.9,31.0
2023-11-21 09:00:01,0.0,229.0,436.0,19.8,31.0
2023-11-21 09:10:01,0.0,154.0,435.0,19.8,31.0
2023-11-21 09:20:01,0.0,94.0,434.0,19.7,31.0
2023-11-21 09:30:01,0.0,87.0,430.0,19.6,30.0
2023-11-21 09:40:01,0.0,111.0,431.0,19.6,30.0
2023-11-21 09:50:01,0.0,121.0,428.0,19.6,30.0
2023-11-21 10:00:01,0.0,131.0,434.0,19.7,30.0
2023-11-21 10:10:01,0.0,151.0,429.0,19.8,29.0
2023-11-21 10:20:01,0.0,148.0,439.0,20.2,29.0
2023-11-21 10:30:01,2.0,121.0,455.0,20.3,28.0
2023-11-21 10:40:00,1.0,111.0,506.0,20.5,28.0
2023-11-21 10:50:00,2.0,104.0,542.0,20.7,28.0
2023-11-21 11:00:00,0.0,117.0,500.0,20.8,28.0
2023-11-21 11:10:00,0.0,94.0,449.0,20.9,27.0
2023-11-21 11:20:00,48.0,53.0,514.0,21.7,27.0
2023-11-21 11:30:00,25.0,74.0,506.0,21.4,27.0
2023-11-21 11:40:00,0.0,87.0,467.0,21.5,26.0
2023-11-21 11:50:00,0.0,117.0,483.0,21.5,26.0
2023-11-21 12:00:00,0.0,127.0,465.0,21.5,26.0
2023-11-21 12:10:00,0.0,245.0,445.0,21.6,25.0
2023-11-21 12:20:00,0.0,222.0,429.0,21.6,25.0
2023-11-21 12:30:00,0.0,229.0,419.0,21.5,25.0
2023-11-21 12:40:00,0.0,245.0,432.0,21.3,25.0
2023-11-21 12:50:00,0.0,218.0,419.0,21.3,25.0
2023-11-21 13:00:00,0.0,151.0,412.0,21.1,25.0
2023-11-21 13:10:00,0.0,127.0,409.0,20.9,26.0
2023-11-21 13:20:00,0.0,111.0,410.0,20.8,26.0
2023-11-21 13:30:00,0.0,90.0,404.0,20.8,26.0
2023-11-21 13:40:00,0.0,80.0,421.0,20.8,26.0
2023-11-21 13:50:00,0.0,74.0,412.0,20.9,26.0
2023-11-21 14:00:00,0.0,67.0,413.0,20.9,25.0
2023-11-21 14:10:00,0.0,57.0,413.0,21.1,25.0
2023-11-21 14:19:59,0.0,47.0,409.0,21.3,24.0
2023-11-21 14:29:59,0.0,33.0,417.0,21.3,24.0
2023-11-21 14:39:59,0.0,23.0,415.0,21.4,24.0
2023-11-21 14:49:59,0.0,13.0,467.0,21.5,24.0
2023-11-21 14:59:59,0.0,6.0,449.0,21.4,24.0
2023-11-21 15:09:59,0.0,3.0,443.0,21.0,25.0
2023-11-21 15:19:59,0.0,3.0,437.0,20.7,25.0
2023-11-21 15:29:59,0.0,3.0,436.0,20.5,25.0
2023-11-21 15:39:59,0.0,3.0,431.0,20.3,25.0
2023-11-21 15:49:59,0.0,0.0,429.0,20.4,25.0
2023-11-21 15:59:59,0.0,0.0,428.0,20.6,25.0
2023-11-21 16:09:59,0.0,0.0,502.0,21.3,25.0
2023-11-21 16:19:59,0.0,0.0,580.0,21.6,27.0
2023-11-21 16:29:59,0.0,0.0,647.0,21.4,28.0
2023-11-21 16:39:59,0.0,0.0,693.0,21.0,29.0
2023-11-21 16:49:59,0.0,0.0,752.0,20.6,30.0
2023-11-21 16:59:59,0.0,0.0,777.0,20.3,32.0
2023-11-21 17:09:59,0.0,0.0,808.0,20.1,33.0
2023-11-21 17:19:59,0.0,0.0,819.0,19.9,33.0
2023-11-21 17:29:59,0.0,0.0,828.0,19.8,34.0
2023-11-21 17:39:59,0.0,0.0,842.0,19.7,34.0
2023-11-21 17:49:59,0.0,0.0,851.0,19.6,35.0
2023-11-21 17:59:58,0.0,0.0,844.0,19.4,35.0
2023-11-21 18:09:58,0.0,0.0,839.0,19.4,35.0
2023-11-21 18:19:59,0.0,0.0,815.0,19.3,35.0
2023-11-21 18:29:59,0.0,0.0,816.0,19.2,36.0
2023-11-21 18:39:58,0.0,0.0,797.0,19.1,36.0
2023-11-21 18:49:58,0.0,0.0,812.0,19.1,36.0
2023-11-21 18:59:58,0.0,0.0,806.0,19.1,37.0
2023-11-21 19:09:58,0.0,0.0,801.0,19.1,37.0
2023-11-21 19:19:58,0.0,0.0,810.0,19.1,37.0
2023-11-21 19:29:58,0.0,0.0,807.0,19.2,37.0
2023-11-21 19:39:58,0.0,0.0,800.0,19.6,36.0
2023-11-21 19:49:58,0.0,0.0,827.0,19.9,36.0
2023-11-21 19:59:58,0.0,0.0,831.0,20.2,35.0
2023-11-21 20:09:58,0.0,0.0,823.0,20.4,35.0
2023-11-21 20:19:58,0.0,0.0,831.0,20.5,35.0
2023-11-21 20:29:58,0.0,0.0,825.0,20.6,35.0
2023-11-21 20:39:58,0.0,0.0,800.0,20.6,35.0
2023-11-21 20:49:58,0.0,0.0,785.0,20.7,34.0
2023-11-21 20:59:58,0.0,0.0,780.0,20.7,34.0
2023-11-21 21:09:58,0.0,0.0,773.0,20.7,34.0
2023-11-21 21:19:58,0.0,0.0,749.0,20.7,34.0
2023-11-21 21:29:58,0.0,0.0,731.0,20.7,34.0
2023-11-21 21:39:57,0.0,0.0,723.0,20.7,34.0
2023-11-21 21:49:57,0.0,0.0,711.0,20.8,34.0
2023-11-21 21:59:57,0.0,0.0,690.0,20.8,34.0
2023-11-21 22:09:57,0.0,0.0,679.0,20.8,34.0
2023-11-21 22:19:57,0.0,0.0,668.0,20.8,34.0
2023-11-21 22:29:57,0.0,0.0,656.0,20.8,34.0
2023-11-21 22:39:57,0.0,0.0,650.0,20.8,34.0
2023-11-21 22:59:57,0.0,0.0,626.0,20.8,33.0
2023-11-21 23:09:57,0.0,0.0,632.0,20.8,33.0
2023-11-21 23:19:57,0.0,0.0,621.0,20.8,33.0
2023-11-21 23:29:57,0.0,0.0,610.0,20.8,33.0
2023-11-21 23:39:57,0.0,0.0,607.0,20.8,33.0
2023-11-21 23:49:57,0.0,0.0,590.0,20.8,33.0
2023-11-21 23:59:57,0.0,0.0,584.0,20.8,33.0
2023-11-22 00:09:57,0.0,0.0,589.0,20.8,33.0
2023-11-22 00:19:57,0.0,0.0,571.0,20.8,33.0
2023-11-22 00:29:57,0.0,0.0,566.0,20.8,33.0
2023-11-22 00:39:57,0.0,0.0,551.0,20.8,33.0
2023-11-22 00:49:57,0.0,0.0,559.0,20.8,32.0
2023-11-22 00:59:57,0.0,0.0,556.0,20.8,33.0
2023-11-22 01:09:57,0.0,0.0,549.0,20.9,32.0
2023-11-22 01:19:56,0.0,0.0,536.0,20.8,32.0
2023-11-22 01:29:56,0.0,0.0,540.0,20.8,32.0
2023-11-22 01:39:56,0.0,0.0,536.0,20.8,32.0
2023-11-22 01:49:56,0.0,0.0,529.0,20.8,32.0
2023-11-22 01:59:56,0.0,0.0,528.0,20.9,32.0
2023-11-22 02:09:56,0.0,0.0,516.0,20.8,32.0
2023-11-22 02:19:56,0.0,0.0,508.0,20.8,32.0
2023-11-22 02:29:56,0.0,0.0,514.0,20.8,32.0
2023-11-22 02:39:56,0.0,0.0,510.0,20.7,32.0
2023-11-22 02:49:56,0.0,0.0,509.0,20.8,32.0
2023-11-22 02:59:56,0.0,0.0,510.0,20.8,32.0
2023-11-22 03:09:56,0.0,0.0,493.0,20.8,32.0
2023-11-22 03:19:56,0.0,0.0,498.0,20.8,32.0
2023-11-22 03:29:56,0.0,0.0,491.0,20.8,32.0
2023-11-22 03:39:56,0.0,0.0,498.0,20.7,32.0
2023-11-22 03:49:56,0.0,0.0,489.0,20.8,32.0
2023-11-22 03:59:56,0.0,0.0,487.0,20.8,32.0
2023-11-22 04:09:56,0.0,0.0,490.0,20.8,32.0
2023-11-22 04:19:56,0.0,0.0,476.0,20.7,32.0
2023-11-22 04:29:56,0.0,0.0,484.0,20.7,32.0
2023-11-22 04:39:56,0.0,0.0,471.0,20.7,31.0
2023-11-22 04:49:56,0.0,0.0,474.0,20.7,32.0
2023-11-22 04:59:56,0.0,0.0,476.0,20.7,31.0
2023-11-22 05:09:55,0.0,0.0,473.0,20.7,31.0
2023-11-22 05:19:55,0.0,0.0,476.0,20.8,31.0
2023-11-22 05:29:55,0.0,0.0,469.0,20.8,31.0
2023-11-22 05:39:55,0.0,0.0,472.0,20.8,31.0
2023-11-22 05:49:55,0.0,0.0,468.0,20.8,31.0
2023-11-22 05:59:55,0.0,0.0,464.0,20.8,31.0
2023-11-22 06:09:55,0.0,0.0,466.0,20.5,32.0
2023-11-22 06:19:55,0.0,0.0,470.0,20.3,32.0
2023-11-22 06:29:55,0.0,0.0,467.0,20.1,33.0
2023-11-22 06:39:55,0.0,3.0,477.0,19.9,33.0
2023-11-22 06:49:55,0.0,3.0,475.0,19.8,33.0
2023-11-22 06:59:55,0.0,6.0,470.0,19.6,34.0
2023-11-22 07:09:55,0.0,13.0,447.0,19.6,31.0
2023-11-22 07:19:55,0.0,13.0,438.0,19.7,30.0
2023-11-22 07:29:55,0.0,20.0,430.0,20.3,28.0
2023-11-22 07:39:55,0.0,23.0,431.0,21.4,26.0
2023-11-22 07:49:55,0.0,30.0,443.0,22.0,25.0
2023-11-22 07:59:55,0.0,40.0,440.0,22.3,24.0
2023-11-22 08:09:55,0.0,43.0,430.0,22.5,24.0
2023-11-22 08:19:55,0.0,50.0,427.0,22.7,24.0
2023-11-22 08:29:55,0.0,53.0,439.0,22.8,24.0
2023-11-22 08:39:54,0.0,53.0,433.0,22.8,23.0
2023-11-22 08:49:54,0.0,53.0,433.0,22.9,23.0
2023-11-22 08:59:54,3.0,57.0,447.0,22.8,24.0
2023-11-22 09:09:54,0.0,63.0,436.0,22.8,24.0
2023-11-22 09:19:54,1.0,77.0,509.0,22.8,25.0
2023-11-22 09:29:54,0.0,94.0,533.0,22.8,25.0
2023-11-22 09:39:54,0.0,80.0,556.0,22.9,25.0
2023-11-22 09:49:54,3.0,107.0,519.0,22.6,25.0
2023-11-22 09:59:54,0.0,101.0,469.0,22.3,25.0
2023-11-22 10:09:54,0.0,117.0,442.0,22.1,25.0
2023-11-22 10:19:54,33.0,111.0,549.0,21.6,27.0
2023-11-22 10:29:54,0.0,121.0,509.0,21.7,27.0
2023-11-22 10:39:54,0.0,141.0,473.0,21.3,27.0
2023-11-22 10:49:54,0.0,242.0,461.0,20.9,28.0
2023-11-22 10:59:54,0.0,195.0,447.0,20.6,28.0
2023-11-22 11:09:54,0.0,151.0,443.0,20.3,29.0
2023-11-22 11:19:54,0.0,90.0,445.0,20.1,29.0
2023-11-22 11:29:54,0.0,60.0,446.0,19.9,29.0
2023-11-22 11:39:54,0.0,53.0,440.0,19.8,29.0
2023-11-22 11:49:54,0.0,47.0,429.0,19.7,30.0
2023-11-22 11:59:54,0.0,43.0,439.0,19.6,30.0
2023-11-22 12:09:54,0.0,43.0,437.0,19.7,30.0
2023-11-22 12:19:53,0.0,37.0,429.0,19.7,30.0
2023-11-22 12:29:53,0.0,37.0,429.0,19.9,30.0
2023-11-22 12:39:53,0.0,30.0,423.0,19.9,30.0
2023-11-22 12:49:53,0.0,23.0,423.0,20.0,30.0
2023-11-22 12:59:53,0.0,23.0,425.0,20.1,29.0
2023-11-22 13:09:53,0.0,23.0,420.0,20.2,29.0
2023-11-22 13:19:53,0.0,23.0,410.0,20.7,28.0
2023-11-22 13:29:53,0.0,20.0,414.0,21.3,27.0
2023-11-22 13:39:53,0.0,20.0,417.0,21.8,26.0
2023-11-22 13:49:53,0.0,16.0,407.0,22.2,25.0
2023-11-22 13:59:53,0.0,13.0,413.0,22.2,25.0
2023-11-22 14:09:53,0.0,10.0,415.0,22.4,24.0
2023-11-22 14:19:53,0.0,6.0,408.0,22.6,24.0
2023-11-22 14:29:53,0.0,6.0,410.0,22.6,24.0
2023-11-22 14:39:53,0.0,3.0,414.0,22.6,23.0
2023-11-22 14:49:53,0.0,3.0,408.0,22.7,23.0
2023-11-22 14:59:53,0.0,3.0,406.0,22.8,23.0
2023-11-22 15:09:53,0.0,0.0,414.0,22.7,23.0
2023-11-22 15:19:53,0.0,3.0,415.0,22.8,23.0
2023-11-22 15:29:53,0.0,0.0,414.0,22.8,23.0
2023-11-22 15:39:53,0.0,0.0,408.0,22.8,23.0
2023-11-22 15:49:52,0.0,0.0,405.0,22.8,23.0
2023-11-22 15:59:52,0.0,0.0,410.0,22.8,23.0
2023-11-22 16:09:52,0.0,0.0,518.0,23.0,23.0
2023-11-22 16:19:52,0.0,0.0,602.0,22.9,25.0
2023-11-22 16:29:52,0.0,0.0,679.0,22.6,26.0
2023-11-22 16:39:52,0.0,0.0,708.0,22.1,27.0
2023-11-22 16:49:52,0.0,0.0,728.0,21.7,28.0
2023-11-22 16:59:52,0.0,0.0,733.0,21.2,29.0
2023-11-22 17:09:52,0.0,0.0,752.0,21.0,29.0
2023-11-22 17:19:52,0.0,0.0,761.0,20.7,30.0
2023-11-22 17:29:52,0.0,0.0,761.0,20.6,30.0
2023-11-22 17:39:52,0.0,0.0,748.0,20.5,30.0
2023-11-22 17:49:52,0.0,0.0,743.0,20.5,31.0
2023-11-22 17:59:52,0.0,0.0,749.0,20.4,31.0
2023-11-22 18:09:52,0.0,0.0,754.0,20.4,31.0
2023-11-22 18:19:52,0.0,0.0,723.0,20.5,31.0
2023-11-22 18:29:52,0.0,0.0,725.0,20.5,31.0
2023-11-22 18:39:52,0.0,0.0,702.0,20.6,31.0
2023-11-22 18:49:52,0.0,0.0,714.0,20.7,31.0
2023-11-22 18:59:52,0.0,0.0,704.0,20.7,32.0
2023-11-22 19:09:52,0.0,0.0,683.0,20.6,31.0
2023-11-22 19:19:52,0.0,0.0,659.0,20.9,31.0
2023-11-22 19:29:51,0.0,0.0,646.0,21.2,30.0
2023-11-22 19:39:51,0.0,0.0,623.0,21.7,29.0
2023-11-22 19:49:51,0.0,0.0,608.0,22.1,29.0
2023-11-22 19:59:51,0.0,0.0,591.0,22.5,28.0
2023-11-22 20:09:51,0.0,0.0,578.0,22.6,28.0
2023-11-22 20:19:51,0.0,0.0,566.0,22.7,28.0
2023-11-22 20:29:51,0.0,0.0,563.0,22.8,28.0
2023-11-22 20:39:51,0.0,0.0,552.0,22.9,27.0
2023-11-22 20:49:51,0.0,0.0,543.0,22.9,27.0
2023-11-22 20:59:51,0.0,0.0,533.0,22.9,27.0
2023-11-22 21:09:51,0.0,0.0,534.0,23.1,27.0
2023-11-22 21:19:51,0.0,0.0,512.0,23.0,27.0
2023-11-22 21:29:51,0.0,0.0,505.0,23.0,27.0
2023-11-22 21:39:51,0.0,0.0,505.0,23.0,27.0
2023-11-22 21:49:51,0.0,0.0,507.0,23.1,27.0
2023-11-22 21:59:51,0.0,0.0,500.0,23.1,28.0
2023-11-22 22:09:51,0.0,0.0,493.0,23.0,28.0
2023-11-22 22:19:51,0.0,0.0,491.0,23.0,28.0
2023-11-22 22:29:51,0.0,0.0,507.0,23.0,28.0
2023-11-22 22:39:51,0.0,0.0,490.0,22.9,28.0
2023-11-22 22:49:51,0.0,0.0,479.0,22.8,28.0
2023-11-22 22:59:51,0.0,0.0,490.0,22.7,29.0
2023-11-22 23:09:51,0.0,0.0,489.0,22.7,29.0
2023-11-22 23:19:50,0.0,0.0,480.0,22.7,29.0
2023-11-22 23:29:50,0.0,0.0,476.0,22.6,29.0
2023-11-22 23:39:51,0.0,0.0,477.0,22.6,29.0
2023-11-22 23:49:50,0.0,0.0,477.0,22.6,29.0
2023-11-22 23:59:50,0.0,0.0,481.0,22.6,30.0
2023-11-23 00:09:50,0.0,0.0,482.0,22.5,30.0
2023-11-23 00:19:50,0.0,0.0,483.0,22.4,30.0
2023-11-23 00:29:50,0.0,0.0,478.0,22.3,30.0
2023-11-23 00:39:50,0.0,0.0,478.0,22.3,30.0
2023-11-23 00:49:50,0.0,0.0,475.0,22.1,31.0
2023-11-23 00:59:50,0.0,0.0,482.0,22.1,31.0
2023-11-23 01:09:50,0.0,0.0,482.0,22.1,31.0
2023-11-23 01:19:50,0.0,0.0,475.0,22.0,31.0
2023-11-23 01:29:50,0.0,0.0,481.0,21.9,32.0
2023-11-23 01:39:50,0.0,0.0,468.0,21.9,32.0
2023-11-23 01:49:50,0.0,0.0,470.0,21.9,32.0
2023-11-23 01:59:50,0.0,0.0,465.0,21.8,32.0
2023-11-23 02:09:50,0.0,0.0,462.0,21.7,33.0
2023-11-23 02:19:50,0.0,0.0,460.0,21.7,33.0
2023-11-23 02:29:50,0.0,0.0,468.0,21.6,33.0
2023-11-23 02:39:50,0.0,0.0,471.0,21.6,33.0
2023-11-23 02:49:49,0.0,0.0,458.0,21.6,33.0
2023-11-23 02:59:49,0.0,0.0,463.0,21.5,33.0
2023-11-23 03:09:49,0.0,0.0,457.0,21.5,34.0
2023-11-23 03:19:49,0.0,0.0,474.0,21.5,34.0
2023-11-23 03:29:50,0.0,0.0,457.0,21.4,34.0
2023-11-23 03:39:49,0.0,0.0,459.0,21.4,34.0
2023-11-23 03:49:49,0.0,0.0,470.0,21.4,34.0
2023-11-23 03:59:49,0.0,0.0,448.0,21.3,34.0
2023-11-23 04:09:49,0.0,0.0,452.0,21.3,35.0
2023-11-23 04:19:49,0.0,0.0,449.0,21.2,35.0
2023-11-23 04:29:49,0.0,0.0,449.0,21.2,35.0
2023-11-23 04:39:49,0.0,0.0,448.0,21.2,35.0
2023-11-23 04:49:49,0.0,0.0,430.0,21.3,35.0
2023-11-23 04:59:49,0.0,0.0,438.0,21.2,35.0
2023-11-23 05:09:49,0.0,0.0,437.0,21.3,35.0
2023-11-23 05:19:49,0.0,0.0,441.0,21.3,36.0
2023-11-23 05:29:49,0.0,0.0,434.0,21.3,36.0
2023-11-23 05:39:49,0.0,0.0,429.0,21.3,36.0
2023-11-23 05:49:49,0.0,0.0,433.0,21.3,36.0
2023-11-23 05:59:49,0.0,0.0,441.0,21.4,36.0
2023-11-23 06:09:49,0.0,0.0,430.0,21.4,36.0
2023-11-23 06:19:49,0.0,0.0,443.0,21.4,36.0
2023-11-23 06:29:48,0.0,0.0,443.0,21.4,36.0
2023-11-23 06:39:48,0.0,0.0,445.0,21.4,36.0
2023-11-23 06:49:48,0.0,3.0,447.0,21.3,37.0
2023-11-23 06:59:48,0.0,6.0,455.0,21.4,37.0
2023-11-23 07:09:48,0.0,6.0,427.0,21.1,38.0
2023-11-23 07:19:48,0.0,10.0,398.0,21.1,40.0
2023-11-23 07:29:48,0.0,10.0,396.0,21.1,41.0
2023-11-23 07:39:48,0.0,13.0,392.0,21.1,42.0
2023-11-23 07:49:48,0.0,10.0,387.0,21.1,42.0
2023-11-23 07:59:48,0.0,10.0,389.0,21.2,42.0
2023-11-23 08:09:48,0.0,13.0,388.0,21.2,42.0
2023-11-23 08:19:48,0.0,10.0,387.0,21.2,42.0
2023-11-23 08:29:48,0.0,6.0,384.0,21.3,42.0
2023-11-23 08:39:48,0.0,10.0,382.0,21.5,42.0
2023-11-23 08:49:48,0.0,20.0,389.0,21.5,42.0
2023-11-23 08:59:48,0.0,10.0,390.0,21.6,42.0
2023-11-23 09:09:48,0.0,13.0,395.0,21.6,42.0
2023-11-23 09:19:48,0.0,16.0,395.0,21.7,42.0
2023-11-23 09:29:48,0.0,20.0,387.0,21.7,42.0
2023-11-23 09:39:48,0.0,33.0,388.0,21.7,42.0
2023-11-23 09:49:48,2.0,26.0,434.0,21.7,43.0
2023-11-23 09:59:48,7.0,47.0,472.0,21.7,43.0
2023-11-23 10:09:47,0.0,47.0,433.0,21.8,43.0
2023-11-23 10:19:48,0.0,20.0,418.0,21.8,42.0
2023-11-23 10:29:47,6.0,40.0,442.0,21.8,42.0
2023-11-23 10:39:47,6.0,16.0,452.0,21.9,42.0
2023-11-23 10:49:47,0.0,23.0,437.0,21.7,41.0
2023-11-23 10:59:47,0.0,50.0,426.0,21.7,42.0
2023-11-23 11:09:47,0.0,33.0,418.0,21.6,41.0
2023-11-23 11:19:47,0.0,40.0,405.0,21.5,41.0
2023-11-23 11:29:47,22.0,461.0,529.0,21.1,44.0
2023-11-23 11:39:47,0.0,532.0,493.0,20.6,44.0
2023-11-23 11:49:47,0.0,427.0,513.0,20.7,44.0
2023-11-23 11:59:47,2.0,397.0,543.0,21.0,44.0
2023-11-23 12:09:47,0.0,397.0,629.0,21.6,44.0
2023-11-23 12:19:47,0.0,407.0,660.0,21.8,43.0
2023-11-23 12:29:47,0.0,370.0,672.0,22.0,43.0
2023-11-23 12:39:47,0.0,353.0,670.0,22.4,42.0
2023-11-23 12:49:47,0.0,353.0,666.0,22.1,42.0
2023-11-23 12:59:47,3.0,397.0,685.0,21.7,43.0
2023-11-23 13:09:47,0.0,404.0,699.0,21.4,43.0
2023-11-23 13:19:47,0.0,373.0,707.0,21.2,43.0
2023-11-23 13:29:47,0.0,373.0,714.0,21.1,43.0
2023-11-23 13:39:47,0.0,367.0,694.0,21.1,43.0
2023-11-23 13:49:46,14.0,383.0,689.0,21.1,43.0
2023-11-23 13:59:46,9.0,383.0,634.0,21.1,42.0
2023-11-23 14:09:46,5.0,6.0,606.0,21.0,42.0
2023-11-23 14:19:46,0.0,6.0,504.0,20.9,41.0
2023-11-23 14:29:46,0.0,6.0,490.0,20.8,41.0
2023-11-23 14:39:46,0.0,6.0,465.0,20.8,40.0
2023-11-23 14:49:46,0.0,6.0,428.0,20.7,40.0
2023-11-23 14:59:46,0.0,3.0,427.0,20.6,40.0
2023-11-23 15:09:46,0.0,3.0,410.0,20.5,39.0
2023-11-23 15:19:46,0.0,0.0,417.0,20.4,39.0
2023-11-23 15:29:46,0.0,0.0,400.0,20.4,38.0
2023-11-23 15:39:46,0.0,0.0,407.0,20.6,37.0
2023-11-23 15:49:46,0.0,0.0,407.0,20.8,37.0
2023-11-23 15:59:46,0.0,0.0,409.0,20.9,36.0
2023-11-23 16:09:46,0.0,0.0,468.0,21.2,36.0
2023-11-23 16:19:46,0.0,0.0,530.0,21.3,37.0
2023-11-23 16:29:46,0.0,0.0,561.0,21.3,38.0
2023-11-23 16:39:46,0.0,0.0,602.0,21.1,38.0
2023-11-23 16:49:46,0.0,0.0,637.0,20.9,39.0
2023-11-23 16:59:46,0.0,0.0,645.0,20.7,40.0
2023-11-23 17:09:46,0.0,0.0,663.0,20.6,40.0
2023-11-23 17:19:45,0.0,0.0,665.0,20.5,41.0
2023-11-23 17:29:45,0.0,0.0,671.0,20.4,41.0
2023-11-23 17:39:45,0.0,0.0,653.0,20.3,41.0
2023-11-23 17:49:45,0.0,0.0,644.0,20.2,41.0
2023-11-23 17:59:45,0.0,0.0,647.0,20.2,41.0
2023-11-23 18:09:45,0.0,0.0,656.0,20.1,41.0
2023-11-23 18:19:45,0.0,0.0,644.0,20.1,42.0
2023-11-23 18:29:45,0.0,0.0,632.0,20.0,42.0
2023-11-23 18:39:45,0.0,0.0,617.0,19.9,42.0
2023-11-23 18:49:45,0.0,0.0,622.0,20.0,42.0
2023-11-23 18:59:46,0.0,0.0,616.0,19.9,42.0
2023-11-23 19:09:45,0.0,0.0,609.0,20.0,42.0
2023-11-23 19:19:45,0.0,0.0,614.0,19.9,42.0
2023-11-23 19:29:45,0.0,0.0,611.0,19.9,41.0
2023-11-23 19:39:45,0.0,0.0,610.0,20.1,41.0
2023-11-23 19:49:45,0.0,0.0,606.0,20.4,40.0
2023-11-23 19:59:45,0.0,0.0,604.0,20.6,40.0
2023-11-23 20:09:45,0.0,0.0,602.0,20.7,39.0
2023-11-23 20:19:45,0.0,0.0,592.0,20.6,40.0
2023-11-23 20:29:45,0.0,0.0,586.0,20.8,39.0
2023-11-23 20:39:45,0.0,0.0,576.0,20.7,39.0
2023-11-23 20:49:45,0.0,0.0,586.0,20.8,39.0
2023-11-23 20:59:45,0.0,0.0,584.0,20.7,39.0
2023-11-23 21:09:44,0.0,0.0,578.0,20.8,39.0
2023-11-23 21:19:44,0.0,0.0,570.0,20.8,39.0
2023-11-23 21:29:44,0.0,0.0,571.0,20.8,39.0
2023-11-23 21:39:44,0.0,0.0,570.0,20.8,39.0
2023-11-23 21:49:44,0.0,0.0,564.0,20.7,39.0
2023-11-23 21:59:44,0.0,0.0,560.0,20.7,39.0
2023-11-23 22:09:44,0.0,0.0,559.0,20.7,39.0
2023-11-23 22:19:44,0.0,0.0,558.0,20.7,39.0
2023-11-23 22:29:44,0.0,0.0,556.0,20.7,39.0
2023-11-23 22:39:44,0.0,0.0,542.0,20.7,38.0
2023-11-23 22:49:44,0.0,0.0,538.0,20.7,38.0
2023-11-23 22:59:44,0.0,0.0,542.0,20.7,38.0
2023-11-23 23:09:44,0.0,0.0,559.0,20.7,38.0
2023-11-23 23:19:44,0.0,0.0,577.0,20.7,38.0
2023-11-23 23:29:44,0.0,0.0,564.0,20.8,38.0
2023-11-23 23:39:44,0.0,0.0,561.0,20.7,38.0
2023-11-23 23:49:44,0.0,0.0,574.0,20.6,38.0
2023-11-23 23:59:44,0.0,0.0,580.0,20.7,38.0
2023-11-24 00:09:44,0.0,0.0,588.0,20.8,38.0
2023-11-24 00:19:44,0.0,0.0,580.0,20.7,38.0
2023-11-24 00:29:44,0.0,0.0,589.0,20.7,38.0
2023-11-24 00:39:43,0.0,0.0,592.0,20.7,38.0
2023-11-24 00:49:43,0.0,0.0,598.0,20.7,38.0
2023-11-24 00:59:43,0.0,0.0,598.0,20.7,38.0
2023-11-24 01:09:43,0.0,0.0,600.0,20.7,38.0
2023-11-24 01:19:43,0.0,0.0,593.0,20.7,38.0
2023-11-24 01:29:43,0.0,0.0,602.0,20.8,38.0
2023-11-24 01:39:43,0.0,0.0,600.0,20.7,38.0
2023-11-24 01:49:43,0.0,0.0,604.0,20.6,38.0
2023-11-24 01:59:43,0.0,0.0,599.0,20.6,38.0
2023-11-24 02:09:43,0.0,0.0,604.0,20.7,38.0
2023-11-24 02:19:43,0.0,0.0,592.0,20.7,38.0
2023-11-24 02:29:43,0.0,0.0,585.0,20.7,38.0
2023-11-24 02:39:43,0.0,0.0,580.0,20.6,38.0
2023-11-24 02:49:43,0.0,0.0,587.0,20.7,38.0
2023-11-24 02:59:43,0.0,0.0,584.0,20.7,37.0
2023-11-24 03:09:43,0.0,0.0,589.0,20.7,37.0
2023-11-24 03:19:43,0.0,0.0,583.0,20.8,37.0
2023-11-24 03:29:43,0.0,0.0,575.0,20.9,37.0
2023-11-24 03:39:43,0.0,0.0,584.0,20.8,37.0
2023-11-24 03:49:43,0.0,0.0,588.0,20.9,37.0
2023-11-24 03:59:43,0.0,0.0,584.0,20.8,37.0
2023-11-24 04:09:43,0.0,0.0,585.0,20.9,37.0
2023-11-24 04:19:42,0.0,0.0,589.0,20.9,37.0
2023-11-24 04:29:42,0.0,0.0,580.0,20.8,37.0
2023-11-24 04:39:42,0.0,0.0,586.0,20.9,37.0
2023-11-24 04:49:42,0.0,0.0,589.0,20.8,37.0
2023-11-24 04:59:43,0.0,0.0,602.0,20.8,37.0
2023-11-24 05:09:42,0.0,0.0,589.0,20.8,37.0
2023-11-24 05:19:42,0.0,0.0,587.0,20.8,37.0
2023-11-24 05:29:42,0.0,0.0,604.0,20.8,37.0
2023-11-24 05:39:42,0.0,0.0,600.0,20.8,37.0
2023-11-24 05:49:42,0.0,0.0,607.0,20.7,37.0
2023-11-24 05:59:42,0.0,0.0,600.0,20.7,37.0
2023-11-24 06:09:42,0.0,0.0,610.0,20.6,37.0
2023-11-24 06:19:42,0.0,0.0,611.0,20.6,37.0
2023-11-24 06:29:42,0.0,0.0,612.0,20.4,38.0
2023-11-24 06:39:42,0.0,0.0,616.0,20.3,38.0
2023-11-24 06:49:42,0.0,3.0,612.0,20.1,38.0
2023-11-24 06:59:42,0.0,6.0,600.0,20.0,38.0
2023-11-24 07:09:42,0.0,6.0,497.0,19.9,35.0
2023-11-24 07:19:42,0.0,10.0,430.0,19.8,33.0
2023-11-24 07:29:42,0.0,10.0,415.0,19.9,32.0
2023-11-24 07:39:42,0.0,20.0,398.0,20.1,31.0
2023-11-24 07:49:42,0.0,23.0,393.0,20.5,30.0
2023-11-24 07:59:41,0.0,26.0,394.0,20.8,29.0
2023-11-24 08:09:41,0.0,23.0,399.0,21.0,29.0
2023-11-24 08:19:41,0.0,20.0,392.0,21.2,29.0
2023-11-24 08:29:41,0.0,43.0,402.0,21.1,29.0
2023-11-24 08:39:41,7.0,20.0,435.0,21.0,29.0
2023-11-24 08:49:41,28.0,43.0,489.0,20.8,30.0
2023-11-24 08:59:41,0.0,101.0,449.0,20.8,30.0
2023-11-24 09:09:41,0.0,158.0,419.0,20.8,29.0
2023-11-24 09:19:41,0.0,488.0,401.0,20.8,29.0
2023-11-24 09:29:41,0.0,222.0,393.0,20.8,29.0
2023-11-24 09:39:41,0.0,282.0,396.0,20.8,29.0
2023-11-24 09:49:41,0.0,117.0,411.0,20.9,29.0
2023-11-24 09:59:41,0.0,222.0,426.0,20.9,29.0
2023-11-24 10:09:41,0.0,1101.0,414.0,20.7,29.0
2023-11-24 10:19:41,0.0,831.0,413.0,20.6,29.0
2023-11-24 10:29:41,26.0,114.0,528.0,20.4,31.0
2023-11-24 10:39:41,23.0,151.0,516.0,20.3,31.0
2023-11-24 10:49:41,0.0,104.0,458.0,20.1,31.0
2023-11-24 10:59:41,0.0,131.0,426.0,20.0,31.0
2023-11-24 11:09:41,0.0,138.0,414.0,19.9,31.0
2023-11-24 11:19:41,0.0,134.0,404.0,19.9,31.0
2023-11-24 11:29:41,0.0,1189.0,403.0,19.9,31.0
2023-11-24 11:39:40,0.0,205.0,406.0,19.9,31.0
2023-11-24 11:49:40,8.0,410.0,476.0,20.2,31.0
2023-11-24 11:59:40,9.0,380.0,572.0,20.3,32.0
2023-11-24 12:09:40,14.0,421.0,646.0,20.3,32.0
2023-11-24 12:19:40,0.0,421.0,649.0,20.3,32.0
2023-11-24 12:29:40,8.0,404.0,673.0,20.4,33.0
2023-11-24 12:39:40,26.0,383.0,678.0,20.3,33.0
2023-11-24 12:49:40,15.0,417.0,685.0,20.2,33.0
2023-11-24 12:59:40,9.0,397.0,676.0,20.3,33.0
2023-11-24 13:09:40,0.0,363.0,664.0,20.2,34.0
2023-11-24 13:19:40,0.0,357.0,643.0,20.2,33.0
2023-11-24 13:29:40,8.0,13.0,541.0,20.1,33.0
2023-11-24 13:39:40,0.0,16.0,464.0,20.1,32.0
2023-11-24 13:49:40,0.0,16.0,433.0,20.8,30.0
2023-11-24 13:59:40,0.0,20.0,420.0,21.9,28.0
2023-11-24 14:09:40,0.0,16.0,405.0,22.7,27.0
2023-11-24 14:19:40,0.0,16.0,401.0,23.3,26.0
2023-11-24 14:29:40,0.0,16.0,408.0,23.5,25.0
2023-11-24 14:39:40,0.0,13.0,401.0,23.7,25.0
2023-11-24 14:49:40,0.0,10.0,400.0,23.7,24.0
2023-11-24 14:59:40,0.0,6.0,405.0,23.7,24.0
2023-11-24 15:09:40,0.0,3.0,411.0,23.7,24.0
2023-11-24 15:19:39,0.0,3.0,406.0,23.5,24.0
2023-11-24 15:29:39,0.0,3.0,408.0,23.5,24.0
2023-11-24 15:39:40,0.0,0.0,396.0,23.4,24.0
2023-11-24 15:49:39,0.0,0.0,401.0,23.1,24.0
2023-11-24 15:59:39,0.0,0.0,406.0,22.8,24.0
2023-11-24 16:09:39,0.0,0.0,481.0,22.7,25.0
2023-11-24 16:19:39,0.0,0.0,590.0,22.6,27.0
2023-11-24 16:29:39,0.0,0.0,667.0,22.5,28.0
2023-11-24 16:39:39,0.0,0.0,703.0,22.2,29.0
2023-11-24 16:49:39,0.0,0.0,735.0,22.0,29.0
2023-11-24 16:59:39,0.0,0.0,756.0,21.7,30.0
2023-11-24 17:09:39,0.0,0.0,768.0,21.4,31.0
2023-11-24 17:19:39,0.0,0.0,773.0,21.4,31.0
2023-11-24 17:29:39,0.0,0.0,776.0,21.2,31.0
2023-11-24 17:39:39,0.0,0.0,776.0,21.1,32.0
2023-11-24 17:49:39,0.0,0.0,769.0,21.1,32.0
2023-11-24 17:59:39,0.0,0.0,754.0,21.0,32.0
2023-11-24 18:09:39,0.0,0.0,747.0,21.0,32.0
2023-11-24 18:19:39,0.0,0.0,754.0,20.9,32.0
2023-11-24 18:29:39,0.0,0.0,746.0,20.8,33.0
2023-11-24 18:39:39,0.0,0.0,730.0,20.9,33.0
2023-11-24 18:49:39,0.0,0.0,731.0,20.8,33.0
2023-11-24 18:59:38,0.0,0.0,716.0,20.8,33.0
2023-11-24 19:09:38,0.0,0.0,714.0,21.0,32.0
2023-11-24 19:19:38,0.0,0.0,703.0,21.1,32.0
2023-11-24 19:29:38,0.0,0.0,703.0,21.2,32.0
2023-11-24 19:39:38,0.0,0.0,703.0,21.3,32.0
2023-11-24 19:49:38,0.0,0.0,693.0,21.4,32.0
2023-11-24 19:59:38,0.0,0.0,690.0,21.6,32.0
2023-11-24 20:09:38,0.0,0.0,682.0,21.7,31.0
2023-11-24 20:19:38,0.0,0.0,671.0,21.7,31.0
2023-11-24 20:29:38,0.0,0.0,667.0,21.8,31.0
2023-11-24 20:39:38,0.0,0.0,664.0,21.9,31.0
2023-11-24 20:49:38,0.0,0.0,661.0,21.9,31.0
2023-11-24 20:59:38,0.0,0.0,654.0,21.9,31.0
2023-11-24 21:09:38,0.0,0.0,649.0,21.9,31.0
2023-11-24 21:19:38,0.0,0.0,646.0,22.0,31.0
2023-11-24 21:29:38,0.0,0.0,638.0,21.9,31.0
2023-11-24 21:39:38,0.0,0.0,638.0,21.9,31.0
2023-11-24 21:49:38,0.0,0.0,618.0,21.9,31.0
2023-11-24 21:59:38,0.0,0.0,625.0,21.8,31.0
2023-11-24 22:09:38,0.0,0.0,625.0,21.9,31.0
2023-11-24 22:19:38,0.0,0.0,605.0,21.9,31.0
2023-11-24 22:29:38,0.0,0.0,613.0,21.8,31.0
2023-11-24 22:39:37,0.0,0.0,598.0,21.8,31.0
2023-11-24 22:49:37,0.0,0.0,595.0,21.8,31.0
2023-11-24 22:59:37,0.0,0.0,591.0,21.8,31.0
2023-11-24 23:09:37,0.0,0.0,592.0,21.8,31.0
2023-11-24 23:19:37,0.0,0.0,577.0,21.8,31.0
2023-11-24 23:29:37,0.0,0.0,572.0,21.8,31.0
2023-11-24 23:39:37,0.0,0.0,571.0,21.7,31.0
2023-11-24 23:49:37,0.0,0.0,574.0,21.7,31.0
2023-11-24 23:59:37,0.0,0.0,565.0,21.7,31.0
2023-11-25 00:09:37,0.0,0.0,563.0,21.7,31.0
2023-11-25 00:19:37,0.0,0.0,557.0,21.7,31.0
2023-11-25 00:29:37,0.0,0.0,550.0,21.7,31.0
2023-11-25 00:39:37,0.0,0.0,542.0,21.6,31.0
2023-11-25 00:49:37,0.0,0.0,548.0,21.6,31.0
2023-11-25 00:59:37,0.0,0.0,537.0,21.7,31.0
2023-11-25 01:09:37,0.0,0.0,537.0,21.7,31.0
2023-11-25 01:19:37,0.0,0.0,521.0,21.6,31.0
2023-11-25 01:29:37,0.0,0.0,533.0,21.7,31.0
2023-11-25 01:39:37,0.0,0.0,516.0,21.7,31.0
2023-11-25 01:49:37,0.0,0.0,515.0,21.6,31.0
2023-11-25 01:59:37,0.0,0.0,510.0,21.7,30.0
2023-11-25 02:09:36,0.0,0.0,510.0,21.6,31.0
2023-11-25 02:19:37,0.0,0.0,506.0,21.6,31.0
2023-11-25 02:29:36,0.0,0.0,504.0,21.7,30.0
2023-11-25 02:39:36,0.0,0.0,492.0,21.7,30.0
2023-11-25 02:49:36,0.0,0.0,496.0,21.6,30.0
2023-11-25 02:59:36,0.0,0.0,498.0,21.7,30.0
2023-11-25 03:09:36,0.0,0.0,493.0,21.6,30.0
2023-11-25 03:19:37,0.0,0.0,481.0,21.6,30.0
2023-11-25 03:29:36,0.0,0.0,486.0,21.6,30.0
2023-11-25 03:39:36,0.0,0.0,482.0,21.6,30.0
2023-11-25 03:49:36,0.0,0.0,479.0,21.6,30.0
2023-11-25 03:59:36,0.0,0.0,479.0,21.6,30.0
2023-11-25 04:09:36,0.0,0.0,482.0,21.5,30.0
2023-11-25 04:19:36,0.0,0.0,477.0,21.7,30.0
2023-11-25 04:29:36,0.0,0.0,478.0,21.7,30.0
2023-11-25 04:39:36,0.0,0.0,467.0,21.8,30.0
2023-11-25 04:49:36,0.0,0.0,476.0,21.7,30.0
2023-11-25 04:59:36,0.0,0.0,466.0,21.7,30.0
2023-11-25 05:09:36,0.0,0.0,465.0,21.8,30.0
2023-11-25 05:19:36,0.0,0.0,469.0,21.7,30.0
2023-11-25 05:29:36,0.0,0.0,470.0,21.8,30.0
2023-11-25 05:39:36,0.0,0.0,474.0,21.8,30.0
2023-11-25 05:49:35,0.0,0.0,466.0,21.8,30.0
2023-11-25 05:59:35,0.0,0.0,462.0,21.8,30.0
2023-11-25 06:09:35,0.0,0.0,465.0,21.5,30.0
2023-11-25 06:19:35,0.0,0.0,465.0,21.1,31.0
2023-11-25 06:29:35,0.0,0.0,462.0,20.9,31.0
2023-11-25 06:39:35,0.0,0.0,462.0,20.6,32.0
2023-11-25 06:49:35,0.0,3.0,463.0,20.4,32.0
2023-11-25 06:59:35,0.0,3.0,459.0,20.4,32.0
2023-11-25 07:09:35,0.0,6.0,460.0,20.3,32.0
2023-11-25 07:19:35,0.0,10.0,446.0,20.2,32.0
2023-11-25 07:29:35,0.0,16.0,456.0,20.2,32.0
2023-11-25 07:39:35,0.0,20.0,448.0,20.2,32.0
2023-11-25 07:49:35,0.0,20.0,459.0,20.2,32.0
2023-11-25 07:59:35,0.0,23.0,463.0,20.3,32.0
2023-11-25 08:09:35,0.0,30.0,462.0,20.3,32.0
2023-11-25 08:19:35,0.0,37.0,447.0,20.4,32.0
2023-11-25 08:29:35,0.0,43.0,446.0,20.5,32.0
2023-11-25 08:39:35,0.0,37.0,446.0,20.6,32.0
2023-11-25 08:49:35,0.0,60.0,450.0,20.6,32.0
2023-11-25 08:59:35,0.0,87.0,442.0,20.6,31.0
2023-11-25 09:09:35,0.0,181.0,441.0,20.6,31.0
2023-11-25 09:19:35,0.0,474.0,444.0,20.7,31.0
2023-11-25 09:29:34,0.0,653.0,433.0,20.8,31.0
2023-11-25 09:39:34,0.0,767.0,450.0,20.9,31.0
2023-11-25 09:49:34,0.0,919.0,434.0,20.9,31.0
2023-11-25 09:59:34,0.0,1418.0,438.0,21.2,30.0
2023-11-25 10:09:34,0.0,29116.0,443.0,22.1,29.0
2023-11-25 10:19:34,0.0,1438.0,438.0,21.2,30.0
2023-11-25 10:29:34,0.0,1569.0,440.0,20.7,31.0
2023-11-25 10:39:34,0.0,7518.0,442.0,20.7,31.0
2023-11-25 10:49:34,0.0,1808.0,437.0,20.4,32.0
2023-11-25 10:59:34,0.0,276.0,443.0,20.0,32.0
2023-11-25 11:09:34,0.0,191.0,446.0,19.9,32.0
2023-11-25 11:19:34,0.0,127.0,437.0,19.7,33.0
2023-11-25 11:29:34,0.0,202.0,428.0,19.6,33.0
2023-11-25 11:39:34,0.0,101.0,434.0,19.5,33.0
2023-11-25 11:49:34,0.0,242.0,429.0,19.4,33.0
2023-11-25 11:59:34,0.0,266.0,436.0,19.4,33.0
2023-11-25 12:09:34,0.0,1023.0,431.0,19.5,33.0
2023-11-25 12:19:34,0.0,185.0,441.0,19.4,33.0
2023-11-25 12:29:34,0.0,299.0,437.0,19.4,33.0
2023-11-25 12:39:34,0.0,208.0,434.0,19.4,33.0
2023-11-25 12:49:34,0.0,63.0,434.0,19.3,33.0
2023-11-25 12:59:34,0.0,90.0,430.0,19.3,33.0
2023-11-25 13:09:34,0.0,47.0,435.0,19.4,33.0
2023-11-25 13:19:34,0.0,30.0,433.0,19.3,33.0
2023-11-25 13:29:34,0.0,26.0,433.0,19.4,33.0
2023-11-25 13:39:33,0.0,63.0,425.0,19.6,32.0
2023-11-25 13:49:33,0.0,23.0,422.0,19.7,32.0
2023-11-25 13:59:33,0.0,20.0,425.0,19.9,32.0
2023-11-25 14:09:33,0.0,30.0,429.0,20.0,31.0
2023-11-25 14:19:33,0.0,20.0,422.0,20.2,31.0
2023-11-25 14:29:33,0.0,10.0,429.0,20.3,31.0
2023-11-25 14:39:33,0.0,6.0,425.0,20.3,31.0
2023-11-25 14:49:33,0.0,6.0,435.0,20.3,31.0
2023-11-25 14:59:33,0.0,3.0,423.0,20.3,30.0
2023-11-25 15:09:33,0.0,0.0,420.0,20.3,30.0
2023-11-25 15:19:33,0.0,0.0,425.0,20.3,30.0
2023-11-25 15:29:33,0.0,0.0,419.0,20.4,30.0
2023-11-25 15:39:33,0.0,0.0,420.0,20.3,30.0
2023-11-25 15:49:33,0.0,0.0,423.0,20.2,30.0
2023-11-25 15:59:33,0.0,0.0,425.0,20.3,30.0
2023-11-25 16:09:33,0.0,0.0,420.0,20.4,30.0
2023-11-25 16:19:33,0.0,0.0,422.0,20.4,30.0
2023-11-25 16:29:33,0.0,0.0,419.0,20.3,30.0
2023-11-25 16:39:33,0.0,0.0,412.0,20.3,30.0
2023-11-25 16:49:32,0.0,0.0,413.0,20.5,29.0
2023-11-25 16:59:32,0.0,0.0,414.0,20.5,29.0
2023-11-25 17:09:32,0.0,0.0,415.0,20.5,29.0
2023-11-25 17:19:32,0.0,0.0,412.0,20.6,29.0
2023-11-25 17:29:32,0.0,0.0,411.0,20.6,29.0
2023-11-25 17:39:32,0.0,0.0,418.0,20.6,29.0
2023-11-25 17:49:33,0.0,0.0,418.0,20.6,29.0
2023-11-25 17:59:32,0.0,0.0,419.0,20.5,29.0
2023-11-25 18:09:32,0.0,0.0,416.0,20.5,29.0
2023-11-25 18:19:32,0.0,0.0,421.0,20.6,29.0
2023-11-25 18:29:32,0.0,0.0,411.0,20.6,28.0
2023-11-25 18:39:32,0.0,0.0,417.0,20.7,28.0
2023-11-25 18:49:32,0.0,0.0,413.0,20.7,28.0
2023-11-25 18:59:32,0.0,0.0,417.0,20.7,28.0
2023-11-25 19:09:32,0.0,0.0,410.0,21.2,27.0
2023-11-25 19:19:32,0.0,0.0,408.0,21.4,27.0
2023-11-25 19:29:32,0.0,0.0,410.0,21.7,27.0
2023-11-25 19:39:32,0.0,0.0,417.0,22.0,26.0
2023-11-25 19:49:32,0.0,0.0,415.0,22.0,26.0
2023-11-25 19:59:32,0.0,0.0,413.0,22.2,26.0
2023-11-25 20:09:32,0.0,0.0,413.0,22.2,26.0
2023-11-25 20:19:32,0.0,0.0,408.0,22.3,26.0
2023-11-25 20:29:32,0.0,0.0,410.0,22.3,26.0
2023-11-25 20:39:31,0.0,0.0,420.0,22.4,26.0
2023-11-25 20:49:31,0.0,0.0,416.0,22.5,26.0
2023-11-25 20:59:31,0.0,0.0,414.0,22.5,26.0
2023-11-25 21:09:31,0.0,0.0,415.0,22.4,26.0
2023-11-25 21:19:31,0.0,0.0,414.0,22.4,26.0
2023-11-25 21:29:31,0.0,0.0,406.0,22.4,26.0
2023-11-25 21:39:31,0.0,0.0,408.0,22.4,26.0
2023-11-25 21:49:31,0.0,0.0,408.0,22.5,25.0
2023-11-25 21:59:31,0.0,0.0,400.0,22.5,25.0
2023-11-25 22:09:31,0.0,0.0,407.0,22.5,25.0
2023-11-25 22:19:31,0.0,0.0,409.0,22.4,25.0
2023-11-25 22:29:31,0.0,0.0,397.0,22.5,25.0
2023-11-25 22:39:31,0.0,0.0,402.0,22.4,25.0
2023-11-25 22:49:31,0.0,0.0,402.0,22.4,25.0
2023-11-25 22:59:31,0.0,0.0,395.0,22.5,25.0
2023-11-25 23:09:31,0.0,0.0,406.0,22.5,25.0
2023-11-25 23:19:31,0.0,0.0,408.0,22.5,25.0
2023-11-25 23:29:31,0.0,0.0,404.0,22.5,25.0
2023-11-25 23:39:31,0.0,0.0,403.0,22.4,25.0
2023-11-25 23:49:31,0.0,0.0,403.0,22.4,25.0
2023-11-25 23:59:31,0.0,0.0,405.0,22.4,25.0
2023-11-26 00:09:30,0.0,0.0,401.0,22.4,25.0
2023-11-26 00:19:30,0.0,0.0,400.0,22.4,25.0
2023-11-26 00:29:30,0.0,0.0,403.0,22.5,24.0
2023-11-26 00:39:30,0.0,0.0,413.0,22.5,24.0
2023-11-26 00:49:30,0.0,0.0,398.0,22.5,24.0
2023-11-26 00:59:30,0.0,0.0,402.0,22.4,24.0
2023-11-26 01:09:30,0.0,0.0,401.0,22.4,24.0
2023-11-26 01:19:30,0.0,0.0,404.0,22.5,24.0
2023-11-26 01:29:30,0.0,0.0,410.0,22.5,24.0
2023-11-26 01:39:30,0.0,0.0,410.0,22.4,24.0
2023-11-26 01:49:30,0.0,0.0,409.0,22.4,24.0
2023-11-26 01:59:30,0.0,0.0,407.0,22.5,24.0
2023-11-26 02:09:30,0.0,0.0,407.0,22.5,24.0
2023-11-26 02:19:30,0.0,0.0,400.0,22.5,24.0
2023-11-26 02:29:30,0.0,0.0,403.0,22.5,24.0
2023-11-26 02:39:30,0.0,0.0,407.0,22.4,24.0
2023-11-26 02:49:30,0.0,0.0,401.0,22.4,24.0
2023-11-26 02:59:30,0.0,0.0,405.0,22.4,24.0
2023-11-26 03:09:30,0.0,0.0,407.0,22.4,24.0
2023-11-26 03:19:30,0.0,0.0,405.0,22.4,24.0
2023-11-26 03:29:30,0.0,0.0,402.0,22.4,24.0
2023-11-26 03:39:29,0.0,0.0,401.0,22.3,24.0
2023-11-26 03:49:29,0.0,0.0,406.0,22.3,24.0
2023-11-26 03:59:29,0.0,0.0,406.0,22.3,24.0
2023-11-26 04:09:29,0.0,0.0,398.0,22.4,24.0
2023-11-26 04:19:29,0.0,0.0,399.0,22.3,24.0
2023-11-26 04:29:29,0.0,0.0,402.0,22.3,24.0
2023-11-26 04:39:29,0.0,0.0,402.0,22.3,24.0
2023-11-26 04:49:29,0.0,0.0,404.0,22.3,24.0
2023-11-26 04:59:29,0.0,0.0,402.0,22.4,24.0
2023-11-26 05:09:29,0.0,0.0,404.0,22.4,24.0
2023-11-26 05:19:29,0.0,0.0,405.0,22.3,24.0
2023-11-26 05:29:29,0.0,0.0,400.0,22.3,25.0
2023-11-26 05:39:29,0.0,0.0,403.0,22.3,24.0
2023-11-26 05:49:29,0.0,0.0,404.0,22.3,25.0
2023-11-26 05:59:29,0.0,0.0,405.0,22.3,24.0
2023-11-26 06:09:29,0.0,0.0,404.0,22.0,25.0
2023-11-26 06:19:29,0.0,0.0,407.0,21.9,25.0
2023-11-26 06:29:29,0.0,0.0,405.0,21.6,26.0
2023-11-26 06:39:29,0.0,0.0,401.0,21.3,26.0
2023-11-26 06:49:29,0.0,3.0,400.0,21.2,26.0
2023-11-26 06:59:29,0.0,6.0,409.0,21.1,26.0
2023-11-26 07:09:29,0.0,10.0,415.0,21.1,26.0
2023-11-26 07:19:28,0.0,20.0,412.0,21.0,26.0
2023-11-26 07:29:28,0.0,30.0,399.0,21.0,27.0
2023-11-26 07:39:28,0.0,37.0,413.0,20.9,27.0
2023-11-26 07:49:29,0.0,47.0,405.0,20.9,27.0
2023-11-26 07:59:28,0.0,57.0,416.0,21.0,26.0
2023-11-26 08:09:28,0.0,60.0,404.0,21.0,26.0
2023-11-26 08:19:28,0.0,70.0,407.0,21.0,26.0
2023-11-26 08:29:28,0.0,50.0,410.0,21.1,26.0
2023-11-26 08:39:28,0.0,127.0,412.0,21.2,26.0
2023-11-26 08:49:28,0.0,57.0,408.0,21.2,26.0
2023-11-26 08:59:28,0.0,87.0,397.0,21.2,26.0
2023-11-26 09:09:28,0.0,67.0,407.0,21.2,26.0
2023-11-26 09:19:28,0.0,30.0,407.0,21.3,26.0
2023-11-26 09:29:28,0.0,20.0,414.0,21.2,26.0
2023-11-26 09:39:28,0.0,20.0,409.0,21.2,26.0
2023-11-26 09:49:28,0.0,30.0,407.0,21.2,26.0
2023-11-26 09:59:28,0.0,47.0,403.0,21.3,26.0
2023-11-26 10:09:28,0.0,131.0,407.0,21.2,26.0
2023-11-26 10:19:28,0.0,1694.0,410.0,21.3,26.0
2023-11-26 10:29:28,0.0,922.0,405.0,21.5,26.0
2023-11-26 10:39:28,0.0,2640.0,411.0,21.9,26.0
2023-11-26 10:49:28,0.0,1660.0,409.0,21.9,26.0
2023-11-26 10:59:27,0.0,1488.0,413.0,21.6,26.0
2023-11-26 11:09:27,0.0,1434.0,415.0,21.4,27.0
2023-11-26 11:19:27,0.0,1394.0,408.0,20.9,27.0
2023-11-26 11:29:27,0.0,1370.0,411.0,20.5,28.0
2023-11-26 11:39:27,0.0,1249.0,409.0,20.4,29.0
2023-11-26 11:49:27,0.0,1155.0,403.0,20.3,29.0
2023-11-26 11:59:27,0.0,1017.0,406.0,20.2,29.0
2023-11-26 12:09:27,0.0,842.0,411.0,20.1,29.0
2023-11-26 12:19:27,0.0,673.0,401.0,20.1,29.0
2023-11-26 12:29:27,0.0,249.0,403.0,19.9,29.0
2023-11-26 12:39:27,0.0,165.0,406.0,19.7,30.0
2023-11-26 12:49:27,0.0,127.0,407.0,19.4,30.0
2023-11-26 12:59:27,0.0,107.0,405.0,19.3,30.0
2023-11-26 13:09:27,0.0,94.0,408.0,19.2,30.0
2023-11-26 13:19:27,0.0,87.0,404.0,19.2,30.0
2023-11-26 13:29:27,0.0,80.0,407.0,19.3,30.0
2023-11-26 13:39:27,0.0,70.0,409.0,19.6,30.0
2023-11-26 13:49:27,0.0,60.0,406.0,20.0,29.0
2023-11-26 13:59:27,0.0,47.0,403.0,20.2,28.0
2023-11-26 14:09:27,0.0,37.0,396.0,20.4,28.0
2023-11-26 14:19:27,0.0,30.0,406.0,20.5,28.0
2023-11-26 14:29:27,0.0,20.0,402.0,20.7,28.0
2023-11-26 14:39:26,0.0,13.0,400.0,20.7,27.0
2023-11-26 14:49:26,0.0,6.0,402.0,20.8,27.0
2023-11-26 14:59:26,0.0,3.0,403.0,20.8,27.0
2023-11-26 15:09:26,0.0,0.0,402.0,20.7,27.0
2023-11-26 15:19:26,0.0,0.0,411.0,20.9,27.0
2023-11-26 15:29:26,0.0,0.0,399.0,20.9,27.0
2023-11-26 15:39:26,0.0,0.0,401.0,20.9,27.0
2023-11-26 15:49:26,0.0,0.0,405.0,21.0,27.0
2023-11-26 15:59:26,0.0,0.0,402.0,21.0,27.0
2023-11-26 16:09:26,0.0,0.0,407.0,21.0,27.0
2023-11-26 16:19:26,0.0,0.0,398.0,21.0,27.0
2023-11-26 16:29:26,0.0,0.0,399.0,21.1,27.0
2023-11-26 16:39:26,0.0,0.0,402.0,21.1,27.0
2023-11-26 16:49:26,0.0,0.0,400.0,21.1,27.0
2023-11-26 16:59:26,0.0,0.0,405.0,21.1,27.0
2023-11-26 17:09:26,0.0,0.0,409.0,21.1,27.0
2023-11-26 17:19:26,0.0,0.0,400.0,21.1,27.0
2023-11-26 17:29:26,0.0,0.0,398.0,21.1,26.0
2023-11-26 17:39:26,0.0,0.0,406.0,21.1,26.0
2023-11-26 17:49:26,0.0,0.0,405.0,21.1,27.0
2023-11-26 17:59:26,0.0,0.0,406.0,21.1,27.0
2023-11-26 18:09:26,0.0,0.0,404.0,21.1,27.0
2023-11-26 18:19:25,0.0,0.0,403.0,21.0,27.0
2023-11-26 18:29:26,0.0,0.0,404.0,21.1,26.0
2023-11-26 18:39:25,0.0,0.0,407.0,21.0,27.0
2023-11-26 18:49:25,0.0,0.0,395.0,21.1,26.0
2023-11-26 18:59:25,0.0,0.0,404.0,21.2,26.0
2023-11-26 19:09:25,0.0,0.0,402.0,21.4,26.0
2023-11-26 19:19:25,0.0,0.0,403.0,21.6,26.0
2023-11-26 19:29:25,0.0,0.0,404.0,22.0,25.0
2023-11-26 19:39:25,0.0,0.0,398.0,22.3,25.0
2023-11-26 19:49:25,0.0,0.0,401.0,22.5,25.0
2023-11-26 19:59:25,0.0,0.0,403.0,22.5,24.0
2023-11-26 20:09:25,0.0,0.0,401.0,22.6,24.0
2023-11-26 20:19:25,0.0,0.0,401.0,22.7,24.0
2023-11-26 20:29:25,0.0,0.0,403.0,22.7,24.0
2023-11-26 20:39:25,0.0,0.0,395.0,22.7,24.0
2023-11-26 20:49:25,0.0,0.0,398.0,22.7,24.0
2023-11-26 20:59:25,0.0,0.0,407.0,22.7,24.0
2023-11-26 21:09:25,0.0,0.0,397.0,22.7,24.0
2023-11-26 21:19:25,0.0,0.0,398.0,22.7,24.0
2023-11-26 21:29:25,0.0,0.0,408.0,22.6,24.0
2023-11-26 21:39:25,0.0,0.0,401.0,22.5,24.0
2023-11-26 21:49:25,0.0,0.0,405.0,22.6,24.0
2023-11-26 21:59:24,0.0,0.0,403.0,22.6,24.0
2023-11-26 22:09:25,0.0,0.0,405.0,22.5,24.0
2023-11-26 22:19:24,0.0,0.0,409.0,22.5,24.0
2023-11-26 22:29:24,0.0,0.0,409.0,22.4,24.0
2023-11-26 22:39:24,0.0,0.0,406.0,22.4,24.0
2023-11-26 22:49:24,0.0,0.0,406.0,22.6,24.0
2023-11-26 22:59:24,0.0,0.0,412.0,22.6,24.0
2023-11-26 23:09:24,0.0,0.0,412.0,22.6,24.0
2023-11-26 23:19:24,0.0,0.0,401.0,22.6,24.0
2023-11-26 23:29:24,0.0,0.0,410.0,22.7,24.0
2023-11-26 23:39:24,0.0,0.0,410.0,22.6,24.0
2023-11-26 23:49:24,0.0,0.0,404.0,22.5,24.0
2023-11-26 23:59:24,0.0,0.0,399.0,22.6,24.0
2023-11-27 00:09:24,0.0,0.0,404.0,22.6,24.0
2023-11-27 00:19:24,0.0,0.0,400.0,22.6,24.0
2023-11-27 00:29:24,0.0,0.0,402.0,22.6,24.0
2023-11-27 00:39:24,0.0,0.0,407.0,22.6,24.0
2023-11-27 00:49:24,0.0,0.0,399.0,22.4,24.0
2023-11-27 00:59:24,0.0,0.0,401.0,22.6,24.0
2023-11-27 01:09:24,0.0,0.0,402.0,22.6,24.0
2023-11-27 01:19:24,0.0,0.0,396.0,22.5,24.0
2023-11-27 01:29:23,0.0,0.0,399.0,22.5,24.0
2023-11-27 01:39:23,0.0,0.0,398.0,22.6,24.0
2023-11-27 01:49:23,0.0,0.0,405.0,22.5,24.0
2023-11-27 01:59:23,0.0,0.0,402.0,22.5,24.0
2023-11-27 02:09:23,0.0,0.0,394.0,22.5,24.0
2023-11-27 02:19:23,0.0,0.0,404.0,22.5,24.0
2023-11-27 02:29:23,0.0,0.0,401.0,22.5,24.0
2023-11-27 02:39:23,0.0,0.0,396.0,22.5,24.0
2023-11-27 02:49:23,0.0,0.0,399.0,22.6,24.0
2023-11-27 02:59:23,0.0,0.0,396.0,22.6,24.0
2023-11-27 03:09:23,0.0,0.0,394.0,22.5,24.0
2023-11-27 03:19:23,0.0,0.0,396.0,22.5,24.0
2023-11-27 03:29:23,0.0,0.0,403.0,22.6,24.0
2023-11-27 03:39:23,0.0,0.0,401.0,22.5,24.0
2023-11-27 03:49:23,0.0,0.0,397.0,22.5,24.0
2023-11-27 03:59:23,0.0,0.0,393.0,22.6,24.0
2023-11-27 04:09:23,0.0,0.0,403.0,22.6,24.0
2023-11-27 04:19:23,0.0,0.0,401.0,22.5,24.0
2023-11-27 04:29:23,0.0,0.0,394.0,22.6,24.0
2023-11-27 04:39:23,0.0,0.0,397.0,22.5,24.0
2023-11-27 04:49:23,0.0,0.0,397.0,22.5,24.0
2023-11-27 04:59:23,0.0,0.0,408.0,22.5,24.0
2023-11-27 05:09:23,0.0,0.0,399.0,22.6,24.0
2023-11-27 05:19:23,0.0,0.0,392.0,22.6,24.0
2023-11-27 05:29:22,0.0,0.0,397.0,22.6,24.0
2023-11-27 05:39:22,0.0,0.0,404.0,22.5,24.0
2023-11-27 05:49:22,0.0,0.0,403.0,22.6,24.0
2023-11-27 05:59:22,0.0,0.0,403.0,22.6,24.0
2023-11-27 06:09:22,0.0,0.0,396.0,22.5,24.0
2023-11-27 06:19:22,0.0,0.0,400.0,22.3,24.0
2023-11-27 06:29:22,0.0,0.0,397.0,22.1,24.0
2023-11-27 06:39:22,0.0,0.0,405.0,21.8,25.0
2023-11-27 06:49:22,0.0,0.0,408.0,21.7,25.0
2023-11-27 06:59:22,0.0,0.0,403.0,21.6,25.0
2023-11-27 07:09:22,0.0,3.0,403.0,21.3,24.0
2023-11-27 07:19:22,0.0,3.0,401.0,21.3,22.0
2023-11-27 07:29:22,0.0,6.0,399.0,21.6,21.0
2023-11-27 07:39:22,0.0,10.0,393.0,22.0,20.0
2023-11-27 07:49:22,0.0,13.0,390.0,22.6,19.0
2023-11-27 07:59:22,0.0,20.0,397.0,22.7,18.0
2023-11-27 08:09:22,0.0,20.0,401.0,22.8,18.0
2023-11-27 08:19:22,0.0,20.0,391.0,22.9,18.0
2023-11-27 08:29:22,0.0,20.0,396.0,23.0,18.0
2023-11-27 08:39:22,0.0,26.0,400.0,23.0,18.0
2023-11-27 08:49:21,0.0,30.0,410.0,23.0,18.0
2023-11-27 08:59:21,0.0,33.0,404.0,23.0,18.0
2023-11-27 09:09:21,5.0,383.0,567.0,22.8,20.0
2023-11-27 09:19:21,0.0,390.0,675.0,22.6,21.0
2023-11-27 09:29:21,0.0,394.0,764.0,22.3,21.0
2023-11-27 09:39:21,9.0,390.0,729.0,21.9,22.0
2023-11-27 09:49:21,0.0,394.0,716.0,21.5,22.0
2023-11-27 09:59:21,3.0,394.0,752.0,21.1,22.0
2023-11-27 10:09:21,7.0,394.0,589.0,20.7,22.0
2023-11-27 10:19:21,0.0,390.0,509.0,20.4,21.0
2023-11-27 10:29:21,0.0,394.0,466.0,20.3,21.0
2023-11-27 10:39:21,0.0,404.0,440.0,20.4,21.0
2023-11-27 10:49:21,0.0,400.0,428.0,20.4,21.0
2023-11-27 10:59:21,0.0,407.0,420.0,20.5,21.0
2023-11-27 11:09:21,0.0,407.0,421.0,20.5,21.0
2023-11-27 11:19:21,0.0,404.0,422.0,20.6,21.0
2023-11-27 11:29:21,0.0,410.0,417.0,20.6,21.0
2023-11-27 11:39:21,0.0,404.0,411.0,20.8,21.0
2023-11-27 11:49:21,0.0,434.0,417.0,21.2,20.0
2023-11-27 11:59:21,0.0,434.0,423.0,21.4,20.0
2023-11-27 12:09:21,0.0,410.0,417.0,21.5,20.0
2023-11-27 12:19:21,0.0,410.0,434.0,21.6,20.0
2023-11-27 12:29:20,0.0,397.0,437.0,21.6,20.0
2023-11-27 12:39:20,0.0,390.0,436.0,21.6,20.0
2023-11-27 12:49:21,0.0,397.0,433.0,21.3,20.0
2023-11-27 12:59:20,0.0,383.0,438.0,21.1,20.0
2023-11-27 13:09:20,0.0,380.0,424.0,20.9,21.0
2023-11-27 13:19:20,0.0,377.0,422.0,20.8,21.0
2023-11-27 13:29:20,0.0,370.0,417.0,21.0,20.0
2023-11-27 13:39:20,0.0,373.0,415.0,21.5,20.0
2023-11-27 13:49:20,0.0,367.0,405.0,22.0,19.0
2023-11-27 13:59:20,0.0,363.0,425.0,22.3,19.0
2023-11-27 14:09:20,0.0,360.0,452.0,22.4,19.0
2023-11-27 14:19:20,0.0,357.0,468.0,22.1,20.0
2023-11-27 14:29:20,0.0,350.0,488.0,21.7,21.0
2023-11-27 14:39:20,0.0,350.0,482.0,21.1,21.0
2023-11-27 14:49:20,0.0,346.0,455.0,20.6,21.0
2023-11-27 14:59:20,0.0,346.0,456.0,20.4,22.0
2023-11-27 15:09:20,0.0,346.0,438.0,20.2,22.0
2023-11-27 15:19:20,0.0,346.0,437.0,20.1,22.0
2023-11-27 15:29:20,0.0,346.0,438.0,20.1,22.0
2023-11-27 15:39:20,0.0,346.0,435.0,20.3,22.0
2023-11-27 15:49:20,0.0,346.0,443.0,20.4,21.0
2023-11-27 15:59:20,0.0,346.0,436.0,20.5,21.0
2023-11-27 16:09:19,0.0,346.0,540.0,20.8,22.0
2023-11-27 16:19:19,0.0,346.0,627.0,21.0,23.0
2023-11-27 16:29:19,0.0,346.0,682.0,20.9,24.0
2023-11-27 16:39:19,0.0,346.0,706.0,20.7,25.0
2023-11-27 16:49:19,0.0,346.0,748.0,20.6,26.0
2023-11-27 16:59:19,0.0,346.0,769.0,20.4,26.0
2023-11-27 17:09:20,0.0,346.0,761.0,20.4,27.0
2023-11-27 17:19:19,0.0,346.0,775.0,20.4,27.0
2023-11-27 17:29:19,0.0,346.0,777.0,20.4,27.0
2023-11-27 17:39:19,0.0,346.0,778.0,20.5,27.0
2023-11-27 17:49:19,0.0,346.0,764.0,20.6,27.0
2023-11-27 17:59:19,0.0,343.0,755.0,20.6,27.0
2023-11-27 18:09:19,0.0,346.0,754.0,20.7,27.0
2023-11-27 18:19:19,0.0,343.0,742.0,20.8,27.0
2023-11-27 18:29:19,0.0,346.0,735.0,20.8,27.0
2023-11-27 18:39:19,0.0,346.0,722.0,20.8,27.0
2023-11-27 18:49:19,0.0,343.0,703.0,20.8,27.0
2023-11-27 18:59:19,0.0,346.0,713.0,20.8,27.0
2023-11-27 19:09:19,0.0,343.0,706.0,21.1,27.0
2023-11-27 19:19:19,0.0,346.0,706.0,21.3,26.0
2023-11-27 19:29:19,0.0,346.0,690.0,21.7,26.0
2023-11-27 19:39:18,0.0,343.0,699.0,21.8,26.0
2023-11-27 19:49:18,0.0,343.0,682.0,21.9,26.0
2023-11-27 19:59:18,0.0,343.0,692.0,22.1,25.0
2023-11-27 20:09:18,0.0,343.0,678.0,22.3,25.0
2023-11-27 20:19:18,0.0,346.0,670.0,22.3,25.0
2023-11-27 20:29:18,0.0,343.0,667.0,22.3,25.0
2023-11-27 20:39:18,0.0,343.0,653.0,22.3,25.0
2023-11-27 20:49:18,0.0,343.0,655.0,22.4,25.0
2023-11-27 20:59:18,0.0,343.0,641.0,22.4,25.0
2023-11-27 21:09:18,0.0,343.0,652.0,22.4,25.0
2023-11-27 21:19:18,0.0,343.0,629.0,22.4,25.0
2023-11-27 21:29:18,0.0,343.0,634.0,22.6,24.0
2023-11-27 21:39:18,0.0,343.0,627.0,22.5,25.0
2023-11-27 21:49:18,0.0,343.0,629.0,22.4,25.0
2023-11-27 21:59:18,0.0,343.0,623.0,22.4,25.0
2023-11-27 22:09:18,0.0,343.0,616.0,22.3,25.0
2023-11-27 22:19:18,0.0,343.0,607.0,22.4,25.0
2023-11-27 22:29:18,0.0,343.0,599.0,22.4,25.0
2023-11-27 22:39:18,0.0,343.0,611.0,22.3,25.0
2023-11-27 22:49:18,0.0,343.0,604.0,22.3,25.0
2023-11-27 22:59:18,0.0,343.0,594.0,22.4,25.0
2023-11-27 23:09:18,0.0,346.0,584.0,22.3,25.0
2023-11-27 23:19:17,0.0,346.0,584.0,22.4,25.0
2023-11-27 23:29:17,0.0,343.0,574.0,22.3,25.0
2023-11-27 23:39:17,0.0,343.0,572.0,22.3,25.0
2023-11-27 23:49:18,0.0,346.0,563.0,22.3,25.0
2023-11-27 23:59:17,0.0,343.0,557.0,22.2,24.0
2023-11-28 00:09:17,0.0,343.0,553.0,22.2,24.0
2023-11-28 00:19:17,0.0,343.0,542.0,22.2,24.0
2023-11-28 00:29:17,0.0,343.0,547.0,22.3,24.0
2023-11-28 00:39:17,0.0,343.0,545.0,22.3,24.0
2023-11-28 00:49:17,0.0,343.0,542.0,22.3,24.0
2023-11-28 00:59:17,0.0,343.0,524.0,22.2,24.0
2023-11-28 01:09:17,0.0,343.0,536.0,22.3,24.0
2023-11-28 01:19:17,0.0,343.0,531.0,22.3,24.0
2023-11-28 01:29:17,0.0,343.0,506.0,22.3,24.0
2023-11-28 01:39:17,0.0,346.0,513.0,22.2,24.0
2023-11-28 01:49:17,0.0,343.0,507.0,22.3,24.0
2023-11-28 01:59:17,0.0,343.0,511.0,22.3,24.0
2023-11-28 02:09:17,0.0,343.0,510.0,22.2,24.0
2023-11-28 02:19:17,0.0,343.0,502.0,22.3,24.0
2023-11-28 02:29:17,0.0,343.0,501.0,22.3,24.0
2023-11-28 02:39:17,0.0,343.0,489.0,22.3,24.0
2023-11-28 02:49:17,0.0,343.0,486.0,22.3,24.0
2023-11-28 02:59:16,0.0,346.0,493.0,22.3,24.0
2023-11-28 03:09:16,0.0,346.0,493.0,22.2,23.0
2023-11-28 03:19:16,0.0,343.0,480.0,22.3,23.0
2023-11-28 03:29:16,0.0,343.0,487.0,22.2,23.0
2023-11-28 03:39:16,0.0,343.0,486.0,22.2,23.0
2023-11-28 03:49:16,0.0,346.0,478.0,22.3,23.0
2023-11-28 03:59:16,0.0,346.0,470.0,22.3,23.0
2023-11-28 04:09:16,0.0,346.0,468.0,22.3,23.0
2023-11-28 04:19:16,0.0,346.0,465.0,22.3,23.0
2023-11-28 04:29:16,0.0,343.0,475.0,22.3,23.0
2023-11-28 04:39:16,0.0,343.0,465.0,22.3,23.0
2023-11-28 04:49:16,0.0,343.0,457.0,22.3,23.0
2023-11-28 04:59:16,0.0,343.0,460.0,22.2,23.0
2023-11-28 05:09:16,0.0,346.0,465.0,22.2,23.0
2023-11-28 05:19:16,0.0,343.0,453.0,22.2,23.0
2023-11-28 05:29:16,0.0,343.0,463.0,22.2,23.0
2023-11-28 05:39:16,0.0,346.0,443.0,22.1,23.0
2023-11-28 05:49:16,0.0,343.0,453.0,22.2,23.0
2023-11-28 05:59:16,0.0,343.0,454.0,22.1,23.0
2023-11-28 06:09:16,0.0,346.0,444.0,22.4,22.0
2023-11-28 06:19:16,0.0,343.0,446.0,22.4,22.0
2023-11-28 06:29:16,0.0,343.0,439.0,22.4,22.0
2023-11-28 06:39:15,0.0,346.0,438.0,22.4,22.0
2023-11-28 06:49:15,0.0,346.0,438.0,22.4,22.0
2023-11-28 06:59:15,0.0,350.0,437.0,22.4,22.0
2023-11-28 07:09:15,0.0,353.0,431.0,22.0,20.0
2023-11-28 07:19:15,0.0,360.0,413.0,21.8,18.0
2023-11-28 07:29:15,0.0,370.0,402.0,21.9,16.0
2023-11-28 07:39:15,0.0,377.0,404.0,22.3,15.0
2023-11-28 07:49:15,0.0,387.0,398.0,22.6,14.0
2023-11-28 07:59:15,0.0,400.0,400.0,22.9,14.0
2023-11-28 08:09:15,0.0,407.0,399.0,22.9,14.0
2023-11-28 08:19:15,0.0,417.0,403.0,23.0,14.0
2023-11-28 08:29:15,0.0,431.0,404.0,22.8,14.0
2023-11-28 08:39:15,0.0,454.0,407.0,22.7,14.0
2023-11-28 08:49:15,0.0,511.0,411.0,22.6,14.0
2023-11-28 08:59:15,0.0,488.0,405.0,22.5,14.0
2023-11-28 09:09:15,0.0,464.0,395.0,22.5,14.0
2023-11-28 09:19:15,0.0,394.0,405.0,22.5,14.0
2023-11-28 09:29:15,0.0,468.0,398.0,22.4,14.0
2023-11-28 09:39:15,0.0,488.0,402.0,22.7,13.0
2023-11-28 09:49:15,0.0,1202.0,402.0,22.9,13.0
2023-11-28 09:59:15,0.0,1401.0,402.0,23.3,13.0
2023-11-28 10:09:15,0.0,27597.0,402.0,24.4,12.0
2023-11-28 10:19:14,0.0,1586.0,409.0,23.8,13.0
2023-11-28 10:29:15,0.0,1562.0,414.0,23.4,13.0
2023-11-28 10:39:14,0.0,6504.0,409.0,23.3,13.0
2023-11-28 10:49:14,0.0,1859.0,420.0,22.9,13.0
2023-11-28 10:59:14,0.0,1667.0,430.0,21.9,14.0
2023-11-28 11:09:14,0.0,1599.0,429.0,21.5,14.0
2023-11-28 11:19:14,0.0,1546.0,432.0,21.2,14.0
2023-11-28 11:29:14,0.0,1509.0,421.0,20.9,15.0
2023-11-28 11:39:14,0.0,1377.0,444.0,20.8,15.0
2023-11-28 11:49:14,0.0,1226.0,443.0,20.6,15.0
2023-11-28 11:59:14,0.0,1151.0,453.0,20.5,15.0
2023-11-28 12:09:14,0.0,1034.0,444.0,20.3,16.0
2023-11-28 12:19:14,0.0,845.0,452.0,20.2,16.0
2023-11-28 12:29:14,0.0,693.0,459.0,20.1,16.0
2023-11-28 12:39:14,0.0,636.0,467.0,20.0,16.0
2023-11-28 12:49:14,2.0,565.0,469.0,19.8,17.0
2023-11-28 12:59:14,1.0,461.0,551.0,19.8,17.0
2023-11-28 13:09:14,0.0,424.0,567.0,19.7,18.0
2023-11-28 13:19:14,0.0,451.0,582.0,19.6,18.0
2023-11-28 13:29:14,0.0,427.0,573.0,19.6,19.0
2023-11-28 13:39:14,0.0,437.0,575.0,19.5,20.0
2023-11-28 13:49:14,0.0,417.0,574.0,19.5,20.0
2023-11-28 13:59:13,0.0,404.0,570.0,19.5,20.0
2023-11-28 14:09:13,4.0,394.0,556.0,19.4,20.0
2023-11-28 14:19:13,0.0,380.0,505.0,19.4,20.0
2023-11-28 14:29:13,0.0,370.0,479.0,19.4,20.0
2023-11-28 14:39:13,0.0,360.0,478.0,19.5,19.0
2023-11-28 14:49:13,0.0,353.0,474.0,19.6,19.0
2023-11-28 14:59:13,0.0,350.0,463.0,19.8,19.0
2023-11-28 15:09:13,0.0,346.0,443.0,20.0,19.0
2023-11-28 15:19:13,0.0,346.0,431.0,20.4,18.0
2023-11-28 15:29:13,0.0,346.0,427.0,21.0,17.0
2023-11-28 15:39:13,0.0,346.0,411.0,21.5,17.0
2023-11-28 15:49:13,0.0,346.0,406.0,22.1,16.0
2023-11-28 15:59:13,0.0,346.0,404.0,22.5,16.0
2023-11-28 16:09:13,0.0,346.0,511.0,23.2,16.0
2023-11-28 16:19:13,0.0,346.0,631.0,23.3,18.0
2023-11-28 16:29:13,0.0,346.0,695.0,23.2,19.0
2023-11-28 16:39:13,0.0,346.0,739.0,22.7,20.0
2023-11-28 16:49:13,0.0,346.0,784.0,22.0,21.0
2023-11-28 16:59:13,0.0,346.0,802.0,21.4,22.0
2023-11-28 17:09:13,0.0,343.0,803.0,20.9,23.0
2023-11-28 17:19:13,0.0,346.0,807.0,20.6,24.0
2023-11-28 17:29:12,0.0,346.0,808.0,20.5,24.0
2023-11-28 17:39:12,0.0,343.0,798.0,20.4,24.0
2023-11-28 17:49:12,0.0,343.0,793.0,20.2,25.0
2023-11-28 17:59:12,0.0,343.0,777.0,20.2,25.0
2023-11-28 18:09:12,0.0,343.0,768.0,20.2,25.0
2023-11-28 18:19:12,0.0,343.0,763.0,20.3,25.0
2023-11-28 18:29:12,0.0,343.0,746.0,20.4,25.0
2023-11-28 18:39:12,0.0,343.0,746.0,20.5,25.0
2023-11-28 18:49:12,0.0,343.0,728.0,20.5,25.0
2023-11-28 18:59:12,0.0,343.0,721.0,20.5,25.0
2023-11-28 19:09:12,0.0,343.0,691.0,20.9,24.0
2023-11-28 19:19:12,0.0,343.0,683.0,21.2,24.0
2023-11-28 19:29:12,0.0,343.0,677.0,21.5,23.0
2023-11-28 19:39:12,0.0,343.0,669.0,21.8,23.0
2023-11-28 19:49:12,0.0,343.0,667.0,22.0,23.0
2023-11-28 19:59:12,0.0,343.0,654.0,21.9,23.0
2023-11-28 20:09:12,0.0,343.0,640.0,22.0,23.0
2023-11-28 20:19:12,0.0,343.0,641.0,22.2,22.0
2023-11-28 20:29:12,0.0,343.0,623.0,22.3,22.0
2023-11-28 20:39:12,0.0,343.0,623.0,22.4,22.0
2023-11-28 20:49:12,0.0,343.0,605.0,22.4,22.0
2023-11-28 20:59:12,0.0,343.0,609.0,22.5,22.0
2023-11-28 21:09:12,0.0,343.0,608.0,22.5,22.0
2023-11-28 21:19:11,0.0,343.0,607.0,22.6,22.0
2023-11-28 21:29:11,0.0,343.0,597.0,22.3,22.0
2023-11-28 21:39:11,0.0,343.0,584.0,22.4,22.0
2023-11-28 21:49:12,0.0,343.0,582.0,22.4,22.0
2023-11-28 21:59:11,0.0,346.0,579.0,22.5,22.0
2023-11-28 22:09:11,0.0,346.0,577.0,22.5,22.0
2023-11-28 22:19:11,0.0,343.0,573.0,22.4,22.0
2023-11-28 22:29:11,0.0,343.0,563.0,22.4,22.0
2023-11-28 22:39:11,0.0,343.0,554.0,22.3,22.0
2023-11-28 22:49:11,0.0,343.0,564.0,22.3,22.0
2023-11-28 22:59:11,0.0,343.0,548.0,22.2,23.0
2023-11-28 23:09:11,0.0,343.0,551.0,22.3,22.0
2023-11-28 23:19:11,0.0,343.0,546.0,22.3,22.0
2023-11-28 23:29:11,0.0,343.0,536.0,22.4,22.0
2023-11-28 23:39:11,0.0,343.0,531.0,22.2,22.0
2023-11-28 23:49:11,0.0,343.0,544.0,22.2,23.0
2023-11-28 23:59:11,0.0,343.0,539.0,22.1,23.0
2023-11-29 00:09:11,0.0,343.0,527.0,22.2,22.0
2023-11-29 00:19:11,0.0,343.0,530.0,22.3,22.0
2023-11-29 00:29:11,0.0,343.0,517.0,22.3,22.0
2023-11-29 00:39:11,0.0,343.0,518.0,22.3,22.0
2023-11-29 00:49:10,0.0,343.0,518.0,22.1,22.0
2023-11-29 00:59:10,0.0,343.0,504.0,22.1,22.0
2023-11-29 01:09:10,0.0,343.0,509.0,22.2,22.0
2023-11-29 01:19:10,0.0,343.0,507.0,22.1,22.0
2023-11-29 01:29:10,0.0,343.0,497.0,22.2,22.0
2023-11-29 01:39:10,0.0,343.0,504.0,22.1,22.0
2023-11-29 01:49:10,0.0,343.0,496.0,22.0,22.0
2023-11-29 01:59:10,0.0,343.0,496.0,22.1,22.0
2023-11-29 02:09:10,0.0,343.0,490.0,22.0,22.0
2023-11-29 02:19:10,0.0,343.0,477.0,22.0,22.0
2023-11-29 02:29:10,0.0,343.0,474.0,22.1,22.0
2023-11-29 02:39:10,0.0,343.0,477.0,22.1,22.0
2023-11-29 02:49:10,0.0,343.0,481.0,22.2,22.0
2023-11-29 02:59:10,0.0,346.0,474.0,22.1,22.0
2023-11-29 03:09:10,0.0,346.0,457.0,22.1,22.0
2023-11-29 03:29:10,0.0,343.0,473.0,22.4,21.0
2023-11-29 03:39:10,0.0,343.0,456.0,22.4,21.0
2023-11-29 03:49:10,0.0,343.0,461.0,22.6,21.0
2023-11-29 03:59:10,0.0,343.0,459.0,22.4,21.0
2023-11-29 04:09:10,0.0,346.0,464.0,22.5,21.0
2023-11-29 04:19:10,0.0,346.0,464.0,22.5,21.0
2023-11-29 04:29:09,0.0,343.0,461.0,22.3,21.0
2023-11-29 04:39:09,0.0,343.0,458.0,22.5,21.0
2023-11-29 04:49:09,0.0,343.0,455.0,22.6,21.0
2023-11-29 04:59:09,0.0,343.0,453.0,22.5,21.0
2023-11-29 05:09:09,0.0,343.0,454.0,22.5,21.0
2023-11-29 05:19:09,0.0,343.0,453.0,22.6,21.0
2023-11-29 05:29:09,0.0,343.0,440.0,22.5,21.0
2023-11-29 05:39:09,0.0,343.0,451.0,22.5,21.0
2023-11-29 05:49:09,0.0,343.0,450.0,22.3,21.0
2023-11-29 05:59:09,0.0,343.0,452.0,22.4,21.0
2023-11-29 06:09:09,0.0,343.0,450.0,22.5,21.0
2023-11-29 06:19:09,0.0,343.0,461.0,22.3,21.0
2023-11-29 06:29:09,0.0,343.0,457.0,22.0,22.0
2023-11-29 06:39:09,0.0,343.0,463.0,21.6,22.0
2023-11-29 06:49:09,0.0,346.0,467.0,21.4,22.0
2023-11-29 06:59:09,0.0,346.0,466.0,21.3,22.0
2023-11-29 07:09:09,0.0,346.0,458.0,21.0,21.0
2023-11-29 07:19:09,0.0,350.0,446.0,20.8,19.0
2023-11-29 07:29:09,0.0,350.0,444.0,21.2,17.0
2023-11-29 07:39:09,0.0,353.0,442.0,21.8,16.0
2023-11-29 07:49:09,0.0,357.0,457.0,22.3,16.0
2023-11-29 07:59:08,0.0,357.0,449.0,22.6,15.0
2023-11-29 08:09:08,0.0,363.0,439.0,22.8,16.0
2023-11-29 08:19:08,0.0,370.0,425.0,22.6,16.0
2023-11-29 08:29:08,0.0,380.0,425.0,22.6,16.0
2023-11-29 08:39:08,0.0,394.0,432.0,22.4,17.0
2023-11-29 08:49:08,0.0,404.0,443.0,22.0,17.0
2023-11-29 08:59:08,0.0,427.0,435.0,21.7,18.0
2023-11-29 09:09:08,0.0,427.0,431.0,21.4,19.0
2023-11-29 09:19:08,0.0,437.0,432.0,21.2,19.0
2023-11-29 09:29:08,0.0,441.0,425.0,21.0,19.0
2023-11-29 09:39:08,0.0,458.0,431.0,20.8,20.0
2023-11-29 09:49:08,0.0,431.0,428.0,20.7,20.0
2023-11-29 09:59:08,0.0,454.0,426.0,20.5,20.0
2023-11-29 10:09:08,0.0,471.0,427.0,20.4,20.0
2023-11-29 10:19:08,0.0,471.0,422.0,20.3,20.0
2023-11-29 10:29:08,0.0,464.0,423.0,20.2,20.0
2023-11-29 10:39:08,0.0,458.0,437.0,20.2,20.0
2023-11-29 10:49:08,0.0,458.0,426.0,20.1,20.0
2023-11-29 10:59:08,0.0,471.0,427.0,20.1,20.0
2023-11-29 11:09:08,0.0,454.0,420.0,20.1,20.0
2023-11-29 11:19:08,0.0,434.0,427.0,20.1,20.0
2023-11-29 11:29:08,0.0,427.0,429.0,20.1,20.0
2023-11-29 11:39:07,6.0,414.0,539.0,20.1,22.0
2023-11-29 11:49:07,0.0,414.0,588.0,20.1,23.0
2023-11-29 11:59:07,6.0,552.0,652.0,20.4,24.0
2023-11-29 12:09:07,40.0,437.0,743.0,20.5,24.0
2023-11-29 12:19:07,33.0,458.0,774.0,20.4,24.0
2023-11-29 12:29:07,21.0,471.0,775.0,20.2,24.0
2023-11-29 12:39:07,25.0,424.0,778.0,20.0,25.0
2023-11-29 12:49:07,0.0,417.0,696.0,19.8,24.0
2023-11-29 12:59:07,4.0,414.0,682.0,19.7,24.0
2023-11-29 13:09:07,6.0,421.0,606.0,19.6,23.0
2023-11-29 13:19:07,0.0,407.0,514.0,19.5,23.0
2023-11-29 13:29:07,0.0,414.0,476.0,19.4,22.0
2023-11-29 13:39:07,0.0,383.0,452.0,19.4,22.0
2023-11-29 13:49:07,0.0,367.0,447.0,19.4,22.0
2023-11-29 13:59:07,0.0,360.0,442.0,19.5,22.0
2023-11-29 14:09:07,0.0,357.0,442.0,19.6,22.0
2023-11-29 14:19:07,0.0,353.0,448.0,19.7,22.0
2023-11-29 14:29:07,0.0,350.0,439.0,19.9,22.0
2023-11-29 14:39:07,0.0,350.0,440.0,19.9,22.0
2023-11-29 14:49:07,0.0,346.0,438.0,20.0,22.0
2023-11-29 14:59:07,0.0,346.0,444.0,20.0,22.0
2023-11-29 15:09:07,0.0,346.0,446.0,20.1,22.0
2023-11-29 15:19:06,0.0,346.0,432.0,20.2,22.0
2023-11-29 15:29:06,0.0,346.0,442.0,20.2,22.0
2023-11-29 15:39:06,0.0,346.0,436.0,20.3,22.0
2023-11-29 15:49:07,0.0,346.0,434.0,20.4,22.0
2023-11-29 15:59:06,0.0,346.0,426.0,20.4,22.0
2023-11-29 16:09:06,0.0,346.0,500.0,20.8,22.0
2023-11-29 16:19:06,0.0,346.0,575.0,20.9,23.0
2023-11-29 16:29:06,0.0,346.0,633.0,20.9,24.0
2023-11-29 16:39:06,0.0,346.0,666.0,20.9,25.0
2023-11-29 16:49:06,0.0,346.0,698.0,20.8,25.0
2023-11-29 16:59:06,0.0,346.0,707.0,20.7,26.0
2023-11-29 17:09:06,0.0,346.0,709.0,20.6,26.0
2023-11-29 17:19:06,3.0,346.0,726.0,20.5,27.0
2023-11-29 17:29:06,0.0,346.0,720.0,20.4,27.0
2023-11-29 17:39:06,0.0,343.0,711.0,20.4,27.0
2023-11-29 17:49:06,0.0,343.0,702.0,20.5,27.0
2023-11-29 17:59:06,0.0,343.0,705.0,20.4,27.0
2023-11-29 18:09:06,0.0,343.0,691.0,20.4,27.0
2023-11-29 18:19:06,0.0,343.0,683.0,20.4,27.0
2023-11-29 18:29:06,0.0,343.0,681.0,20.5,27.0
2023-11-29 18:39:06,0.0,343.0,666.0,20.4,27.0
2023-11-29 18:49:06,0.0,343.0,657.0,20.4,27.0
2023-11-29 18:59:05,0.0,343.0,650.0,20.5,27.0
2023-11-29 19:09:05,0.0,343.0,645.0,20.6,27.0
2023-11-29 19:19:05,0.0,343.0,644.0,20.8,27.0
2023-11-29 19:29:05,0.0,343.0,641.0,21.0,26.0
2023-11-29 19:39:05,0.0,343.0,638.0,21.2,26.0
2023-11-29 19:49:05,0.0,343.0,631.0,21.6,26.0
2023-11-29 19:59:05,0.0,343.0,622.0,21.7,26.0
2023-11-29 20:09:05,0.0,343.0,622.0,21.8,25.0
2023-11-29 20:19:05,0.0,343.0,616.0,21.8,25.0
2023-11-29 20:29:05,0.0,343.0,617.0,21.9,25.0
2023-11-29 20:39:05,0.0,343.0,599.0,22.0,25.0
2023-11-29 20:49:05,0.0,343.0,602.0,22.0,25.0
2023-11-29 20:59:05,0.0,343.0,599.0,22.0,25.0
2023-11-29 21:09:05,0.0,343.0,588.0,22.0,25.0
2023-11-29 21:19:05,0.0,343.0,583.0,21.8,25.0
2023-11-29 21:29:05,0.0,343.0,574.0,21.9,25.0
2023-11-29 21:39:05,0.0,343.0,589.0,21.8,25.0
2023-11-29 21:49:05,0.0,346.0,582.0,21.9,26.0
2023-11-29 21:59:05,0.0,346.0,574.0,21.8,26.0
2023-11-29 22:09:05,0.0,343.0,574.0,21.7,26.0
2023-11-29 22:19:05,0.0,343.0,556.0,21.8,26.0
2023-11-29 22:29:05,0.0,343.0,560.0,21.7,26.0
2023-11-29 22:39:04,0.0,343.0,554.0,21.7,26.0
2023-11-29 22:49:04,0.0,343.0,556.0,21.6,26.0
2023-11-29 22:59:04,0.0,343.0,549.0,21.6,26.0
2023-11-29 23:09:04,0.0,343.0,539.0,21.6,26.0
2023-11-29 23:19:04,0.0,343.0,548.0,21.6,26.0
2023-11-29 23:29:04,0.0,343.0,538.0,21.6,26.0
2023-11-29 23:39:04,0.0,343.0,541.0,21.6,26.0
2023-11-29 23:49:04,0.0,343.0,524.0,21.6,26.0
2023-11-29 23:59:04,0.0,343.0,531.0,21.6,26.0
2023-11-30 00:09:04,0.0,343.0,527.0,21.6,26.0
2023-11-30 00:19:04,0.0,343.0,524.0,21.5,27.0
2023-11-30 00:29:04,0.0,343.0,526.0,21.5,26.0
2023-11-30 00:39:04,0.0,343.0,510.0,21.6,26.0
2023-11-30 00:49:04,0.0,343.0,501.0,21.5,26.0
2023-11-30 00:59:04,0.0,343.0,504.0,21.6,27.0
2023-11-30 01:09:04,0.0,343.0,515.0,21.5,26.0
2023-11-30 01:19:04,0.0,343.0,506.0,21.6,27.0
2023-11-30 01:29:04,0.0,343.0,487.0,21.6,27.0
2023-11-30 01:39:04,0.0,343.0,495.0,21.5,27.0
2023-11-30 01:49:04,0.0,343.0,504.0,21.6,27.0
2023-11-30 01:59:04,0.0,343.0,489.0,21.5,26.0
2023-11-30 02:09:04,0.0,343.0,485.0,21.5,27.0
2023-11-30 02:19:03,0.0,343.0,491.0,21.6,27.0
2023-11-30 02:29:04,0.0,343.0,483.0,21.5,27.0
2023-11-30 02:39:03,0.0,343.0,484.0,21.6,27.0
2023-11-30 02:49:03,0.0,343.0,488.0,21.5,27.0
2023-11-30 02:59:03,0.0,343.0,478.0,21.6,27.0
2023-11-30 03:09:03,0.0,346.0,469.0,21.5,27.0
2023-11-30 03:19:03,0.0,346.0,474.0,21.5,27.0
2023-11-30 03:29:03,0.0,343.0,475.0,21.5,27.0
2023-11-30 03:39:03,0.0,343.0,464.0,21.5,27.0
2023-11-30 03:49:03,0.0,343.0,477.0,21.5,27.0
2023-11-30 03:59:03,0.0,343.0,469.0,21.4,27.0
2023-11-30 04:09:03,0.0,346.0,480.0,21.4,27.0
2023-11-30 04:19:03,0.0,346.0,475.0,21.3,27.0
2023-11-30 04:29:03,0.0,343.0,469.0,21.3,27.0
2023-11-30 04:39:03,0.0,343.0,459.0,21.3,27.0
2023-11-30 04:49:03,0.0,343.0,455.0,21.3,27.0
2023-11-30 04:59:03,0.0,343.0,454.0,21.3,27.0
2023-11-30 05:09:03,0.0,343.0,462.0,21.3,27.0
2023-11-30 05:19:03,0.0,343.0,460.0,21.3,27.0
2023-11-30 05:29:03,0.0,343.0,455.0,21.3,27.0
2023-11-30 05:39:03,0.0,343.0,449.0,21.3,27.0
2023-11-30 05:49:03,0.0,343.0,453.0,21.3,27.0
2023-11-30 05:59:02,0.0,343.0,453.0,21.4,27.0
2023-11-30 06:09:02,0.0,343.0,452.0,21.0,27.0
2023-11-30 06:19:02,0.0,343.0,455.0,20.9,28.0
2023-11-30 06:29:02,0.0,343.0,458.0,20.9,28.0
2023-11-30 06:39:02,0.0,343.0,446.0,20.7,28.0
2023-11-30 06:49:02,0.0,346.0,437.0,20.7,28.0
2023-11-30 06:59:02,0.0,346.0,441.0,20.7,28.0
2023-11-30 07:09:02,0.0,346.0,425.0,20.3,27.0
2023-11-30 07:19:02,0.0,350.0,406.0,20.3,26.0
2023-11-30 07:29:02,0.0,350.0,411.0,20.5,24.0
2023-11-30 07:39:02,0.0,360.0,392.0,20.8,23.0
2023-11-30 07:49:02,0.0,367.0,390.0,21.4,22.0
2023-11-30 07:59:02,0.0,380.0,396.0,21.7,21.0
2023-11-30 08:09:02,0.0,377.0,399.0,21.9,21.0
2023-11-30 08:19:02,0.0,387.0,398.0,22.0,21.0
2023-11-30 08:29:02,0.0,397.0,398.0,22.1,20.0
2023-11-30 08:39:02,0.0,407.0,400.0,22.0,20.0
2023-11-30 08:49:02,0.0,407.0,395.0,22.0,20.0
2023-11-30 08:59:02,0.0,414.0,400.0,21.9,20.0
2023-11-30 09:09:02,0.0,431.0,406.0,21.8,20.0
2023-11-30 09:19:02,0.0,441.0,402.0,21.5,20.0
2023-11-30 09:29:01,0.0,451.0,402.0,21.2,21.0
2023-11-30 09:39:01,0.0,478.0,418.0,21.2,21.0
2023-11-30 09:49:01,0.0,488.0,423.0,21.1,21.0
2023-11-30 09:59:01,0.0,485.0,421.0,20.8,21.0
2023-11-30 10:09:01,10.0,222.0,435.0,20.5,22.0
2023-11-30 10:19:01,0.0,101.0,438.0,20.5,22.0
2023-11-30 10:29:01,0.0,144.0,430.0,20.5,22.0
2023-11-30 10:39:01,0.0,380.0,436.0,20.6,22.0
2023-11-30 10:49:01,0.0,215.0,422.0,20.7,22.0
2023-11-30 10:59:01,0.0,249.0,423.0,20.6,22.0
2023-11-30 11:09:01,3.0,404.0,585.0,22.1,23.0
2023-11-30 11:19:01,0.0,165.0,653.0,23.2,22.0
2023-11-30 11:29:01,0.0,77.0,682.0,23.7,22.0
2023-11-30 11:39:01,0.0,67.0,713.0,23.9,22.0
2023-11-30 11:49:01,0.0,67.0,724.0,23.9,22.0
2023-11-30 11:59:01,0.0,74.0,722.0,24.0,22.0
2023-11-30 12:09:01,0.0,53.0,751.0,24.2,21.0
2023-11-30 12:19:01,0.0,53.0,762.0,24.2,22.0
2023-11-30 12:29:01,0.0,63.0,773.0,24.3,21.0
2023-11-30 12:39:01,0.0,53.0,736.0,24.2,21.0
2023-11-30 12:49:01,0.0,70.0,759.0,24.3,21.0
2023-11-30 12:59:01,0.0,87.0,744.0,24.3,21.0
2023-11-30 13:09:01,0.0,63.0,752.0,24.4,21.0
2023-11-30 13:19:00,26.0,50.0,702.0,24.6,21.0
2023-11-30 13:29:00,7.0,37.0,686.0,24.7,20.0
2023-11-30 13:39:00,3.0,23.0,773.0,25.0,21.0
2023-11-30 13:49:00,7.0,380.0,524.0,24.1,19.0
2023-11-30 13:59:00,4.0,373.0,630.0,24.5,20.0
2023-11-30 14:09:00,0.0,370.0,677.0,25.1,20.0
2023-11-30 14:19:00,0.0,367.0,667.0,25.2,20.0
2023-11-30 14:29:00,0.0,360.0,678.0,25.3,20.0
2023-11-30 14:39:00,0.0,353.0,690.0,25.5,19.0
2023-11-30 14:49:00,0.0,350.0,699.0,25.5,19.0
2023-11-30 14:59:00,0.0,346.0,704.0,25.7,19.0
2023-11-30 15:09:00,0.0,346.0,742.0,25.6,19.0
2023-11-30 15:19:00,5.0,3.0,575.0,25.3,18.0
2023-11-30 15:29:00,0.0,0.0,497.0,25.1,18.0
2023-11-30 15:39:00,0.0,0.0,472.0,25.2,17.0
2023-11-30 15:49:00,0.0,0.0,449.0,25.1,17.0
2023-11-30 15:59:00,0.0,0.0,418.0,25.1,17.0
2023-11-30 16:09:00,0.0,0.0,485.0,25.3,17.0
2023-11-30 16:19:00,0.0,0.0,574.0,25.4,19.0
2023-11-30 16:29:00,0.0,0.0,615.0,25.5,19.0
2023-11-30 16:39:00,0.0,0.0,672.0,25.5,20.0
2023-11-30 16:48:59,0.0,0.0,711.0,25.6,20.0
2023-11-30 16:58:59,0.0,0.0,737.0,25.7,20.0
2023-11-30 17:08:59,0.0,0.0,738.0,25.8,21.0
2023-11-30 17:18:59,0.0,0.0,749.0,25.7,21.0
2023-11-30 17:28:59,0.0,0.0,756.0,25.7,21.0
2023-11-30 17:38:59,0.0,3.0,747.0,25.8,21.0
2023-11-30 17:48:59,0.0,0.0,760.0,25.8,21.0
2023-11-30 17:58:59,0.0,0.0,761.0,25.9,21.0
2023-11-30 18:08:59,0.0,0.0,761.0,25.9,21.0
2023-11-30 18:18:59,0.0,0.0,744.0,25.9,21.0
2023-11-30 18:28:59,0.0,0.0,731.0,25.9,21.0
2023-11-30 18:38:59,0.0,0.0,724.0,26.0,21.0
2023-11-30 18:48:59,0.0,0.0,715.0,25.9,21.0
2023-11-30 18:58:59,0.0,0.0,701.0,26.0,21.0
2023-11-30 19:08:59,0.0,0.0,706.0,25.9,21.0
2023-11-30 19:18:59,0.0,0.0,687.0,26.1,21.0
2023-11-30 19:28:59,0.0,0.0,686.0,26.1,21.0
2023-11-30 19:38:59,0.0,0.0,697.0,26.1,21.0
2023-11-30 19:48:59,0.0,0.0,706.0,26.0,21.0
2023-11-30 19:58:59,0.0,0.0,696.0,26.1,21.0
2023-11-30 20:08:59,0.0,0.0,692.0,26.1,21.0
2023-11-30 20:18:59,0.0,0.0,672.0,26.2,21.0
2023-11-30 20:28:58,0.0,0.0,677.0,26.1,21.0
2023-11-30 20:38:59,0.0,0.0,675.0,26.2,21.0
2023-11-30 20:48:58,0.0,0.0,675.0,26.2,21.0
2023-11-30 20:58:58,0.0,0.0,688.0,26.2,21.0
2023-11-30 21:08:58,0.0,0.0,686.0,26.1,21.0
2023-11-30 21:18:58,0.0,0.0,682.0,26.3,21.0
2023-11-30 21:28:58,0.0,0.0,677.0,26.3,21.0
2023-11-30 21:38:58,0.0,0.0,675.0,26.3,21.0
2023-11-30 21:48:58,0.0,3.0,665.0,26.3,21.0
2023-11-30 21:58:58,0.0,0.0,674.0,26.2,21.0
2023-11-30 22:08:58,0.0,0.0,669.0,26.2,21.0
2023-11-30 22:18:58,0.0,0.0,664.0,26.2,21.0
2023-11-30 22:28:58,0.0,0.0,672.0,26.2,21.0
2023-11-30 22:38:58,0.0,0.0,668.0,26.2,21.0
2023-11-30 22:48:58,0.0,0.0,669.0,26.3,21.0
2023-11-30 22:58:58,0.0,0.0,652.0,26.3,21.0
2023-11-30 23:08:58,0.0,0.0,660.0,26.4,21.0
2023-11-30 23:18:58,0.0,0.0,662.0,26.5,21.0
2023-11-30 23:28:58,0.0,0.0,663.0,26.4,21.0
2023-11-30 23:38:58,0.0,0.0,651.0,26.5,21.0
2023-11-30 23:48:58,0.0,0.0,668.0,26.5,21.0
2023-11-30 23:58:57,0.0,0.0,660.0,26.5,21.0
2023-12-01 00:08:57,0.0,0.0,668.0,26.5,21.0
2023-12-01 00:18:57,0.0,0.0,657.0,26.5,21.0
2023-12-01 00:28:57,0.0,0.0,653.0,26.5,21.0
2023-12-01 00:38:57,0.0,0.0,660.0,26.5,21.0
2023-12-01 00:48:57,0.0,0.0,645.0,26.6,21.0
2023-12-01 00:58:57,0.0,0.0,640.0,26.5,20.0
2023-12-01 01:08:57,0.0,0.0,640.0,26.6,21.0
2023-12-01 01:18:57,0.0,0.0,636.0,26.6,20.0
2023-12-01 01:28:57,0.0,0.0,641.0,26.6,21.0
2023-12-01 01:38:57,0.0,0.0,645.0,26.6,20.0
2023-12-01 01:48:57,0.0,0.0,638.0,26.6,21.0
2023-12-01 01:58:57,0.0,0.0,641.0,26.6,20.0
2023-12-01 02:08:57,0.0,0.0,637.0,26.6,20.0
2023-12-01 02:18:57,0.0,0.0,638.0,26.7,21.0
2023-12-01 02:28:57,0.0,0.0,637.0,26.6,21.0
2023-12-01 02:38:57,0.0,0.0,632.0,26.7,21.0
2023-12-01 02:48:57,0.0,0.0,633.0,26.7,21.0
2023-12-01 02:58:57,0.0,0.0,630.0,26.5,21.0
2023-12-01 03:08:57,0.0,0.0,632.0,26.6,21.0
2023-12-01 03:18:57,0.0,0.0,634.0,26.6,21.0
2023-12-01 03:28:57,0.0,0.0,629.0,26.5,21.0
2023-12-01 03:38:56,0.0,0.0,637.0,26.6,21.0
2023-12-01 03:48:57,0.0,0.0,628.0,26.7,21.0
2023-12-01 03:58:56,0.0,0.0,627.0,26.6,21.0
2023-12-01 04:08:56,0.0,0.0,637.0,26.6,21.0
2023-12-01 04:18:56,0.0,0.0,615.0,26.6,21.0
2023-12-01 04:28:56,0.0,0.0,629.0,26.6,21.0
2023-12-01 04:38:56,0.0,0.0,623.0,26.6,21.0
2023-12-01 04:48:56,0.0,0.0,623.0,26.6,21.0
2023-12-01 04:58:56,0.0,0.0,627.0,26.8,21.0
2023-12-01 05:08:56,0.0,0.0,616.0,26.9,20.0
2023-12-01 05:18:56,0.0,0.0,605.0,26.9,20.0
2023-12-01 05:28:56,0.0,0.0,618.0,27.0,20.0
2023-12-01 05:38:56,0.0,0.0,602.0,26.8,21.0
2023-12-01 05:48:56,0.0,0.0,610.0,26.7,21.0
2023-12-01 05:58:56,0.0,0.0,602.0,26.7,21.0
2023-12-01 06:08:56,0.0,0.0,613.0,26.9,20.0
2023-12-01 06:18:56,0.0,0.0,612.0,27.0,20.0
2023-12-01 06:28:56,0.0,0.0,614.0,27.0,20.0
2023-12-01 06:38:56,0.0,0.0,612.0,27.0,20.0
2023-12-01 06:48:56,0.0,3.0,613.0,27.0,20.0
2023-12-01 06:58:56,0.0,3.0,608.0,26.9,20.0
2023-12-01 07:08:56,0.0,3.0,524.0,26.6,19.0
2023-12-01 07:18:55,0.0,6.0,464.0,26.5,18.0
2023-12-01 07:28:55,0.0,13.0,433.0,26.3,17.0
2023-12-01 07:38:56,0.0,20.0,419.0,26.3,17.0
2023-12-01 07:48:55,0.0,26.0,413.0,26.3,16.0
2023-12-01 07:58:55,0.0,33.0,408.0,26.3,16.0
2023-12-01 08:08:55,0.0,57.0,412.0,26.3,16.0
2023-12-01 08:18:55,0.0,84.0,401.0,26.3,16.0
2023-12-01 08:28:55,0.0,111.0,409.0,26.1,16.0
2023-12-01 08:38:55,0.0,127.0,413.0,26.0,16.0
2023-12-01 08:48:55,0.0,188.0,405.0,25.9,16.0
2023-12-01 08:58:55,0.0,208.0,407.0,25.8,16.0
2023-12-01 09:08:55,0.0,144.0,409.0,25.9,16.0
2023-12-01 09:18:55,0.0,127.0,407.0,26.0,16.0
2023-12-01 09:28:55,0.0,158.0,410.0,26.0,15.0
2023-12-01 09:38:55,0.0,154.0,403.0,26.1,15.0
2023-12-01 09:48:55,0.0,131.0,420.0,26.1,16.0
2023-12-01 09:58:55,0.0,195.0,425.0,26.2,16.0
2023-12-01 10:08:55,0.0,181.0,410.0,26.2,16.0
2023-12-01 10:18:55,0.0,242.0,417.0,26.3,16.0
2023-12-01 10:28:55,0.0,218.0,413.0,26.3,16.0
2023-12-01 10:38:55,0.0,154.0,419.0,26.3,16.0
2023-12-01 10:48:54,0.0,131.0,404.0,26.3,16.0
2023-12-01 10:58:54,0.0,148.0,412.0,26.3,16.0
2023-12-01 11:08:54,0.0,188.0,435.0,26.4,16.0
2023-12-01 11:18:54,0.0,205.0,433.0,26.4,16.0
2023-12-01 11:28:54,0.0,205.0,416.0,26.3,16.0
2023-12-01 11:38:54,0.0,181.0,419.0,26.4,16.0
2023-12-01 11:48:54,0.0,121.0,424.0,26.3,16.0
2023-12-01 11:58:54,0.0,87.0,434.0,26.4,16.0
2023-12-01 12:08:54,0.0,87.0,456.0,26.3,17.0
2023-12-01 12:18:54,0.0,70.0,452.0,26.2,17.0
2023-12-01 12:28:54,0.0,74.0,436.0,26.3,17.0
2023-12-01 12:38:54,0.0,70.0,457.0,26.3,17.0
2023-12-01 12:48:54,0.0,57.0,444.0,26.3,17.0
2023-12-01 12:58:54,0.0,43.0,422.0,26.3,16.0
2023-12-01 13:08:54,0.0,37.0,420.0,26.3,16.0
2023-12-01 13:18:54,0.0,37.0,416.0,26.3,16.0
2023-12-01 13:28:54,0.0,30.0,431.0,26.3,16.0
2023-12-01 13:38:54,0.0,30.0,475.0,26.3,17.0
2023-12-01 13:48:54,0.0,26.0,470.0,26.2,17.0
2023-12-01 13:58:54,0.0,20.0,451.0,26.3,16.0
2023-12-01 14:08:54,0.0,16.0,457.0,26.3,16.0
2023-12-01 14:18:54,0.0,13.0,438.0,26.1,16.0
2023-12-01 14:28:53,0.0,10.0,440.0,26.3,16.0
2023-12-01 14:38:53,0.0,6.0,442.0,26.3,16.0
2023-12-01 14:48:53,0.0,3.0,419.0,26.3,16.0
2023-12-01 14:58:53,0.0,3.0,448.0,26.2,16.0
2023-12-01 15:08:53,0.0,3.0,442.0,26.3,16.0
2023-12-01 15:18:53,0.0,3.0,429.0,26.2,16.0
2023-12-01 15:28:53,0.0,0.0,424.0,26.3,16.0
2023-12-01 15:38:53,0.0,3.0,431.0,26.3,16.0
2023-12-01 15:48:53,0.0,3.0,432.0,26.3,16.0
2023-12-01 15:58:53,0.0,3.0,426.0,26.3,16.0
2023-12-01 16:08:53,0.0,0.0,511.0,26.5,17.0
2023-12-01 16:18:53,0.0,3.0,584.0,26.7,17.0
2023-12-01 16:28:53,0.0,3.0,650.0,26.8,18.0
2023-12-01 16:38:53,0.0,3.0,677.0,26.9,18.0
2023-12-01 16:48:53,0.0,3.0,725.0,26.9,19.0
2023-12-01 16:58:53,0.0,0.0,735.0,26.9,19.0
2023-12-01 17:08:53,0.0,0.0,753.0,27.0,19.0
2023-12-01 17:18:53,0.0,0.0,765.0,26.9,20.0
2023-12-01 17:28:53,0.0,0.0,764.0,27.0,20.0
2023-12-01 17:38:53,0.0,0.0,759.0,27.1,20.0
2023-12-01 17:48:53,0.0,0.0,748.0,27.0,20.0
2023-12-01 17:58:53,0.0,0.0,740.0,27.1,20.0
2023-12-01 18:08:52,0.0,0.0,723.0,27.0,20.0
2023-12-01 18:18:52,0.0,0.0,721.0,27.0,20.0
2023-12-01 18:28:53,0.0,0.0,714.0,27.1,20.0
2023-12-01 18:38:52,0.0,0.0,699.0,27.1,20.0
2023-12-01 18:48:52,0.0,0.0,680.0,27.1,20.0
2023-12-01 18:58:52,0.0,0.0,679.0,27.0,20.0
2023-12-01 19:08:52,0.0,0.0,667.0,26.8,20.0
2023-12-01 19:18:52,0.0,0.0,654.0,26.7,20.0
2023-12-01 19:28:52,0.0,0.0,656.0,26.8,20.0
2023-12-01 19:38:52,0.0,0.0,639.0,26.8,20.0
2023-12-01 19:48:52,0.0,0.0,634.0,26.9,20.0
2023-12-01 19:58:52,0.0,0.0,629.0,26.9,20.0
2023-12-01 20:08:52,0.0,0.0,627.0,26.9,20.0
2023-12-01 20:18:52,0.0,0.0,605.0,26.9,20.0
2023-12-01 20:28:52,0.0,0.0,601.0,27.0,20.0
2023-12-01 20:38:52,0.0,0.0,601.0,26.9,19.0
2023-12-01 20:48:52,0.0,0.0,586.0,26.9,19.0
2023-12-01 20:58:52,0.0,0.0,573.0,26.9,19.0
2023-12-01 21:08:52,0.0,0.0,576.0,26.9,19.0
2023-12-01 21:18:52,0.0,0.0,564.0,27.0,19.0
2023-12-01 21:28:52,0.0,0.0,558.0,27.0,19.0
2023-12-01 21:38:51,0.0,0.0,539.0,26.9,19.0
2023-12-01 21:48:51,0.0,0.0,539.0,26.9,19.0
2023-12-01 21:58:51,0.0,0.0,539.0,26.9,19.0
2023-12-01 22:08:51,0.0,0.0,529.0,26.9,19.0
2023-12-01 22:18:52,0.0,0.0,519.0,26.9,19.0
2023-12-01 22:28:51,0.0,0.0,524.0,26.9,19.0
2023-12-01 22:38:51,0.0,0.0,518.0,26.9,19.0
2023-12-01 22:48:51,0.0,0.0,519.0,26.9,19.0
2023-12-01 22:58:51,0.0,0.0,513.0,26.9,19.0
2023-12-01 23:08:51,0.0,0.0,500.0,27.0,19.0
2023-12-01 23:18:51,0.0,0.0,502.0,27.0,19.0
2023-12-01 23:28:51,0.0,0.0,511.0,27.0,19.0
2023-12-01 23:38:51,0.0,0.0,509.0,27.1,19.0
2023-12-01 23:48:51,0.0,0.0,500.0,26.9,19.0
2023-12-01 23:58:51,0.0,0.0,499.0,27.0,19.0
2023-12-02 00:08:51,0.0,0.0,496.0,26.9,19.0
2023-12-02 00:18:51,0.0,0.0,489.0,26.9,19.0
2023-12-02 00:28:51,0.0,0.0,486.0,26.8,19.0
2023-12-02 00:38:51,0.0,0.0,498.0,26.9,19.0
2023-12-02 00:48:51,0.0,0.0,502.0,26.9,19.0
2023-12-02 00:58:51,0.0,0.0,486.0,26.9,19.0
2023-12-02 01:08:51,0.0,0.0,482.0,26.9,19.0
2023-12-02 01:18:50,0.0,0.0,484.0,27.0,19.0
2023-12-02 01:28:51,0.0,0.0,478.0,26.9,19.0
2023-12-02 01:38:50,0.0,0.0,476.0,27.1,19.0
2023-12-02 01:48:50,0.0,0.0,480.0,27.0,19.0
2023-12-02 01:58:50,0.0,0.0,474.0,26.9,19.0
2023-12-02 02:08:50,0.0,0.0,474.0,27.0,19.0
2023-12-02 02:18:50,0.0,0.0,482.0,27.0,19.0
2023-12-02 02:28:50,0.0,0.0,475.0,27.1,19.0
2023-12-02 02:38:50,0.0,0.0,475.0,27.0,19.0
2023-12-02 02:48:50,0.0,0.0,466.0,27.0,19.0
2023-12-02 02:58:50,0.0,0.0,456.0,27.1,19.0
2023-12-02 03:08:50,0.0,0.0,455.0,27.0,19.0
2023-12-02 03:18:50,0.0,0.0,463.0,27.0,19.0
2023-12-02 03:28:50,0.0,0.0,458.0,27.0,19.0
2023-12-02 03:38:50,0.0,0.0,471.0,27.0,19.0
2023-12-02 03:48:50,0.0,0.0,453.0,27.0,19.0
2023-12-02 03:58:50,0.0,0.0,456.0,27.0,19.0
2023-12-02 04:08:50,0.0,0.0,456.0,26.9,19.0
2023-12-02 04:18:50,0.0,0.0,445.0,27.0,19.0
2023-12-02 04:28:50,0.0,0.0,447.0,27.0,19.0
2023-12-02 04:38:50,0.0,0.0,446.0,27.1,19.0
2023-12-02 04:48:50,0.0,0.0,457.0,27.1,19.0
2023-12-02 04:58:49,0.0,0.0,441.0,27.1,18.0
2023-12-02 05:08:50,0.0,0.0,446.0,27.2,18.0
2023-12-02 05:18:49,0.0,0.0,447.0,27.3,18.0
2023-12-02 05:28:49,0.0,0.0,442.0,27.2,18.0
2023-12-02 05:38:49,0.0,0.0,440.0,27.2,18.0
2023-12-02 05:48:49,0.0,0.0,457.0,27.1,18.0
2023-12-02 05:58:49,0.0,0.0,445.0,27.1,18.0
2023-12-02 06:08:49,0.0,0.0,442.0,27.4,18.0
2023-12-02 06:18:49,0.0,0.0,450.0,27.5,18.0
2023-12-02 06:28:49,0.0,0.0,454.0,27.5,18.0
2023-12-02 06:38:49,0.0,0.0,439.0,27.4,18.0
2023-12-02 06:48:49,0.0,0.0,441.0,27.5,18.0
2023-12-02 06:58:49,0.0,3.0,436.0,27.4,18.0
2023-12-02 07:08:49,0.0,3.0,434.0,27.4,18.0
2023-12-02 07:18:49,0.0,6.0,443.0,27.4,18.0
2023-12-02 07:28:49,0.0,6.0,448.0,27.3,18.0
2023-12-02 07:38:49,0.0,10.0,441.0,27.4,18.0
2023-12-02 07:48:49,0.0,13.0,443.0,27.3,18.0
2023-12-02 07:58:49,0.0,16.0,443.0,27.3,18.0
2023-12-02 08:08:49,0.0,16.0,444.0,27.3,18.0
2023-12-02 08:18:49,0.0,16.0,445.0,27.4,18.0
2023-12-02 08:28:49,0.0,20.0,437.0,27.3,18.0
2023-12-02 08:38:48,0.0,26.0,438.0,27.3,18.0
2023-12-02 08:48:48,0.0,30.0,442.0,27.3,18.0
2023-12-02 08:58:49,0.0,40.0,437.0,27.3,18.0
2023-12-02 09:08:48,0.0,60.0,437.0,27.1,18.0
2023-12-02 09:18:48,0.0,60.0,442.0,26.9,18.0
2023-12-02 09:28:48,0.0,70.0,446.0,27.2,18.0
2023-12-02 09:38:48,0.0,94.0,441.0,27.2,18.0
2023-12-02 09:48:48,0.0,97.0,434.0,27.2,18.0
2023-12-02 09:58:48,0.0,111.0,440.0,27.1,18.0
2023-12-02 10:08:48,0.0,114.0,436.0,27.1,18.0
2023-12-02 10:18:48,0.0,148.0,433.0,27.1,18.0
2023-12-02 10:28:48,0.0,138.0,435.0,27.2,18.0
2023-12-02 10:38:48,0.0,124.0,443.0,27.2,18.0
2023-12-02 10:48:48,0.0,117.0,428.0,27.3,18.0
2023-12-02 10:58:48,0.0,124.0,438.0,27.2,18.0
2023-12-02 11:08:48,0.0,144.0,442.0,27.3,18.0
2023-12-02 11:18:48,0.0,151.0,432.0,27.3,18.0
2023-12-02 11:28:48,0.0,175.0,429.0,27.3,18.0
2023-12-02 11:38:48,0.0,185.0,445.0,27.3,18.0
2023-12-02 11:48:48,0.0,148.0,440.0,27.2,18.0
2023-12-02 11:58:48,0.0,117.0,433.0,27.3,18.0
2023-12-02 12:08:48,0.0,104.0,435.0,27.3,18.0
2023-12-02 12:18:47,0.0,97.0,439.0,27.3,18.0
2023-12-02 12:28:47,0.0,97.0,429.0,27.3,18.0
2023-12-02 12:38:47,0.0,87.0,428.0,27.3,18.0
2023-12-02 12:48:47,0.0,84.0,430.0,27.2,18.0
2023-12-02 12:58:47,0.0,70.0,442.0,27.2,18.0
2023-12-02 13:08:47,0.0,63.0,432.0,27.3,18.0
2023-12-02 13:18:47,0.0,70.0,425.0,27.2,18.0
2023-12-02 13:28:47,0.0,60.0,435.0,27.4,18.0
2023-12-02 13:38:47,0.0,50.0,431.0,27.2,18.0
2023-12-02 13:48:47,0.0,37.0,436.0,27.3,18.0
2023-12-02 13:58:47,0.0,23.0,430.0,27.2,18.0
2023-12-02 14:08:47,0.0,20.0,430.0,27.3,18.0
2023-12-02 14:18:47,0.0,13.0,440.0,27.2,18.0
2023-12-02 14:28:47,0.0,10.0,430.0,27.2,18.0
2023-12-02 14:38:47,0.0,6.0,427.0,27.3,18.0
2023-12-02 14:48:47,0.0,3.0,433.0,27.3,18.0
2023-12-02 14:58:47,0.0,3.0,425.0,27.1,18.0
2023-12-02 15:08:47,0.0,0.0,444.0,27.1,18.0
2023-12-02 15:18:47,0.0,0.0,431.0,27.0,18.0
2023-12-02 15:28:47,0.0,0.0,433.0,27.1,18.0
2023-12-02 15:38:47,0.0,0.0,433.0,27.0,18.0
2023-12-02 15:48:47,0.0,0.0,428.0,27.1,18.0
2023-12-02 15:58:46,0.0,0.0,432.0,27.0,18.0
2023-12-02 16:08:46,0.0,0.0,438.0,27.1,18.0
2023-12-02 16:18:46,0.0,0.0,432.0,27.1,18.0
2023-12-02 16:28:46,0.0,0.0,440.0,27.1,18.0
2023-12-02 16:38:46,0.0,0.0,438.0,27.1,18.0
2023-12-02 16:48:46,0.0,0.0,427.0,27.1,18.0
2023-12-02 16:58:46,0.0,0.0,436.0,27.0,18.0
2023-12-02 17:08:46,0.0,0.0,424.0,27.0,18.0
2023-12-02 17:18:46,0.0,0.0,430.0,27.0,18.0
2023-12-02 17:28:46,0.0,0.0,426.0,27.0,18.0
2023-12-02 17:38:46,0.0,0.0,442.0,27.0,18.0
2023-12-02 17:48:46,0.0,0.0,428.0,27.0,18.0
2023-12-02 17:58:46,0.0,0.0,425.0,27.0,18.0
2023-12-02 18:08:46,0.0,0.0,421.0,27.0,18.0
2023-12-02 18:18:46,0.0,0.0,422.0,26.9,18.0
2023-12-02 18:28:46,0.0,0.0,422.0,27.0,18.0
2023-12-02 18:38:46,0.0,0.0,418.0,27.0,18.0
2023-12-02 18:48:46,0.0,0.0,422.0,27.0,18.0
2023-12-02 18:58:46,0.0,0.0,427.0,27.0,18.0
2023-12-02 19:08:46,0.0,0.0,429.0,26.9,18.0
2023-12-02 19:18:46,0.0,0.0,422.0,26.8,18.0
2023-12-02 19:28:45,0.0,0.0,429.0,26.8,18.0
2023-12-02 19:38:45,0.0,0.0,433.0,26.8,18.0
2023-12-02 19:48:45,0.0,0.0,422.0,26.8,18.0
2023-12-02 19:58:45,0.0,0.0,426.0,26.7,18.0
2023-12-02 20:08:45,0.0,0.0,428.0,26.8,18.0
2023-12-02 20:18:45,0.0,0.0,429.0,26.7,18.0
2023-12-02 20:28:45,0.0,0.0,425.0,26.8,18.0
2023-12-02 20:38:45,0.0,0.0,424.0,26.8,18.0
2023-12-02 20:48:45,0.0,0.0,426.0,26.8,18.0
2023-12-02 20:58:45,0.0,0.0,428.0,26.8,18.0
2023-12-02 21:08:45,0.0,0.0,428.0,26.8,18.0
2023-12-02 21:18:45,0.0,0.0,435.0,26.8,18.0
2023-12-02 21:28:45,0.0,0.0,441.0,26.9,18.0
2023-12-02 21:38:45,0.0,0.0,429.0,26.9,18.0
2023-12-02 21:48:45,0.0,0.0,423.0,26.9,18.0
2023-12-02 21:58:45,0.0,0.0,432.0,26.9,18.0
2023-12-02 22:08:45,0.0,0.0,437.0,26.8,18.0
2023-12-02 22:18:45,0.0,0.0,438.0,26.8,18.0
2023-12-02 22:28:45,0.0,0.0,436.0,26.9,18.0
2023-12-02 22:38:45,0.0,0.0,436.0,26.8,18.0
2023-12-02 22:48:45,0.0,0.0,431.0,26.7,18.0
2023-12-02 22:58:45,0.0,0.0,433.0,26.7,18.0
2023-12-02 23:08:44,0.0,0.0,424.0,26.8,18.0
2023-12-02 23:18:44,0.0,0.0,421.0,26.7,18.0
2023-12-02 23:28:44,0.0,0.0,423.0,26.6,18.0
2023-12-02 23:38:44,0.0,0.0,418.0,26.7,18.0
2023-12-02 23:48:44,0.0,0.0,435.0,26.6,18.0
2023-12-02 23:58:44,0.0,0.0,422.0,26.7,18.0
2023-12-03 00:08:44,0.0,0.0,417.0,26.7,18.0
2023-12-03 00:18:44,0.0,0.0,421.0,26.7,18.0
2023-12-03 00:28:44,0.0,0.0,419.0,26.6,18.0
2023-12-03 00:38:44,0.0,0.0,430.0,26.7,18.0
2023-12-03 00:48:44,0.0,0.0,416.0,26.7,18.0
2023-12-03 00:58:44,0.0,0.0,426.0,26.6,18.0
2023-12-03 01:08:44,0.0,0.0,417.0,26.6,18.0
2023-12-03 01:18:44,0.0,0.0,412.0,26.6,18.0
2023-12-03 01:28:44,0.0,0.0,414.0,26.5,18.0
2023-12-03 01:38:44,0.0,0.0,420.0,26.6,18.0
2023-12-03 01:48:44,0.0,0.0,413.0,26.5,18.0
2023-12-03 01:58:44,0.0,0.0,423.0,26.6,18.0
2023-12-03 02:08:44,0.0,0.0,418.0,26.6,18.0
2023-12-03 02:18:44,0.0,0.0,415.0,26.7,18.0
2023-12-03 02:28:44,0.0,0.0,417.0,26.6,18.0
2023-12-03 02:38:43,0.0,0.0,420.0,26.6,18.0
2023-12-03 02:48:43,0.0,0.0,414.0,26.7,18.0
2023-12-03 02:58:43,0.0,0.0,416.0,26.7,18.0
2023-12-03 03:08:43,0.0,0.0,420.0,26.7,18.0
2023-12-03 03:18:43,0.0,0.0,414.0,26.8,18.0
2023-12-03 03:28:43,0.0,0.0,419.0,26.7,18.0
2023-12-03 03:38:43,0.0,0.0,412.0,26.7,18.0
2023-12-03 03:48:44,0.0,0.0,414.0,26.8,18.0
2023-12-03 03:58:43,0.0,0.0,412.0,26.6,18.0
2023-12-03 04:08:43,0.0,0.0,425.0,26.6,18.0
2023-12-03 04:18:43,0.0,0.0,410.0,26.6,18.0
2023-12-03 04:28:43,0.0,0.0,411.0,26.7,18.0
2023-12-03 04:38:43,0.0,0.0,415.0,26.6,18.0
2023-12-03 04:48:43,0.0,0.0,411.0,26.8,18.0
2023-12-03 04:58:43,0.0,0.0,410.0,27.0,18.0
2023-12-03 05:08:43,0.0,0.0,406.0,27.1,18.0
2023-12-03 05:18:43,0.0,0.0,412.0,27.1,18.0
2023-12-03 05:28:43,0.0,0.0,405.0,27.1,17.0
2023-12-03 05:38:43,0.0,0.0,413.0,27.2,17.0
2023-12-03 05:48:43,0.0,0.0,412.0,27.2,17.0
2023-12-03 05:58:43,0.0,0.0,405.0,27.2,17.0
2023-12-03 06:08:43,0.0,0.0,412.0,27.4,17.0
2023-12-03 06:18:42,0.0,0.0,409.0,27.6,17.0
2023-12-03 06:28:42,0.0,0.0,404.0,27.7,17.0
2023-12-03 06:38:42,0.0,0.0,411.0,27.6,17.0
2023-12-03 06:48:43,0.0,0.0,402.0,27.6,17.0
2023-12-03 06:58:42,0.0,3.0,404.0,27.6,17.0
2023-12-03 07:08:42,0.0,3.0,409.0,27.6,17.0
2023-12-03 07:18:42,0.0,10.0,401.0,27.6,17.0
2023-12-03 07:28:42,0.0,13.0,419.0,27.7,17.0
2023-12-03 07:38:42,0.0,16.0,415.0,27.6,17.0
2023-12-03 07:48:42,0.0,20.0,405.0,27.6,17.0
2023-12-03 07:58:42,0.0,26.0,411.0,27.7,17.0
2023-12-03 08:08:42,0.0,26.0,416.0,27.7,17.0
2023-12-03 08:18:42,0.0,33.0,416.0,27.6,17.0
2023-12-03 08:28:42,0.0,40.0,415.0,27.5,17.0
2023-12-03 08:38:42,0.0,47.0,420.0,27.4,17.0
2023-12-03 08:48:42,0.0,57.0,406.0,27.3,17.0
2023-12-03 08:58:42,0.0,60.0,409.0,27.3,17.0
2023-12-03 09:08:42,0.0,63.0,418.0,27.2,17.0
2023-12-03 09:18:42,0.0,70.0,413.0,27.1,18.0
2023-12-03 09:28:42,0.0,80.0,411.0,27.1,17.0
2023-12-03 09:38:42,0.0,97.0,429.0,27.1,17.0
2023-12-03 09:48:42,0.0,94.0,404.0,27.1,18.0
2023-12-03 09:58:41,0.0,94.0,410.0,27.1,18.0
2023-12-03 10:08:41,0.0,90.0,426.0,27.2,18.0
2023-12-03 10:18:41,0.0,77.0,420.0,27.1,18.0
2023-12-03 10:28:41,0.0,70.0,411.0,27.1,18.0
2023-12-03 10:38:41,0.0,77.0,420.0,27.1,18.0
2023-12-03 10:48:41,0.0,80.0,413.0,27.0,18.0
2023-12-03 10:58:41,0.0,87.0,411.0,27.1,18.0
2023-12-03 11:08:41,0.0,90.0,413.0,27.0,18.0
2023-12-03 11:18:41,0.0,80.0,419.0,27.1,18.0
2023-12-03 11:28:41,0.0,67.0,409.0,27.1,18.0
2023-12-03 11:38:41,0.0,63.0,412.0,26.9,18.0
2023-12-03 11:48:41,0.0,57.0,411.0,26.9,18.0
2023-12-03 11:58:41,0.0,53.0,415.0,26.9,18.0
2023-12-03 12:08:41,0.0,43.0,418.0,26.8,18.0
2023-12-03 12:18:41,0.0,40.0,412.0,26.8,18.0
2023-12-03 12:28:41,0.0,40.0,422.0,26.8,18.0
2023-12-03 12:38:41,0.0,37.0,412.0,26.8,18.0
2023-12-03 12:48:41,0.0,40.0,421.0,26.8,18.0
2023-12-03 12:58:41,0.0,43.0,419.0,26.8,18.0
2023-12-03 13:08:41,0.0,40.0,424.0,26.9,18.0
2023-12-03 13:18:41,0.0,33.0,419.0,26.8,18.0
2023-12-03 13:28:41,0.0,30.0,418.0,26.8,18.0
2023-12-03 13:38:40,0.0,26.0,423.0,26.8,18.0
2023-12-03 13:48:40,0.0,23.0,409.0,26.9,18.0
2023-12-03 13:58:40,0.0,16.0,417.0,26.8,18.0
2023-12-03 14:08:40,0.0,16.0,419.0,26.8,18.0
2023-12-03 14:18:40,0.0,13.0,418.0,26.7,18.0
2023-12-03 14:28:40,0.0,6.0,419.0,26.7,18.0
2023-12-03 14:38:40,0.0,3.0,409.0,26.8,18.0
2023-12-03 14:48:40,0.0,3.0,414.0,26.6,18.0
2023-12-03 14:58:40,0.0,3.0,413.0,26.7,18.0
2023-12-03 15:08:40,0.0,0.0,421.0,26.6,18.0
2023-12-03 15:18:40,0.0,0.0,416.0,26.8,18.0
2023-12-03 15:28:40,0.0,0.0,419.0,26.7,18.0
2023-12-03 15:38:40,0.0,0.0,411.0,26.7,18.0
2023-12-03 15:48:40,0.0,0.0,428.0,26.7,18.0
2023-12-03 15:58:40,0.0,0.0,425.0,26.7,18.0
2023-12-03 16:08:40,0.0,0.0,413.0,26.7,18.0
2023-12-03 16:18:40,0.0,0.0,420.0,26.7,19.0
2023-12-03 16:28:40,0.0,0.0,425.0,26.6,18.0
2023-12-03 16:38:40,0.0,0.0,420.0,26.7,18.0
2023-12-03 16:48:40,0.0,0.0,422.0,26.6,19.0
2023-12-03 16:58:40,0.0,0.0,419.0,26.6,19.0
2023-12-03 17:08:39,0.0,0.0,419.0,26.6,19.0
2023-12-03 17:18:39,0.0,0.0,418.0,26.6,19.0
2023-12-03 17:28:39,0.0,0.0,416.0,26.7,18.0
2023-12-03 17:38:39,0.0,0.0,421.0,26.6,18.0
2023-12-03 17:48:39,0.0,0.0,430.0,26.6,18.0
2023-12-03 17:58:39,0.0,0.0,414.0,26.6,18.0
2023-12-03 18:08:39,0.0,0.0,411.0,26.6,18.0
2023-12-03 18:18:39,0.0,0.0,416.0,26.6,18.0
2023-12-03 18:28:39,0.0,0.0,428.0,26.6,18.0
2023-12-03 18:38:39,0.0,0.0,422.0,26.6,18.0
2023-12-03 18:48:39,0.0,0.0,420.0,26.6,18.0
2023-12-03 18:58:39,0.0,0.0,413.0,26.6,18.0
2023-12-03 19:08:39,0.0,0.0,425.0,26.6,18.0
2023-12-03 19:18:39,0.0,0.0,420.0,26.7,18.0
2023-12-03 19:28:39,0.0,0.0,422.0,26.6,18.0
2023-12-03 19:38:39,0.0,0.0,413.0,26.6,18.0
2023-12-03 19:48:39,0.0,0.0,421.0,26.7,18.0
2023-12-03 19:58:39,0.0,0.0,414.0,26.7,18.0
2023-12-03 20:08:39,0.0,0.0,417.0,26.8,18.0
2023-12-03 20:18:39,0.0,0.0,414.0,26.7,18.0
2023-12-03 20:28:39,0.0,0.0,425.0,26.8,18.0
2023-12-03 20:38:39,0.0,0.0,409.0,26.8,18.0
2023-12-03 20:48:38,0.0,0.0,413.0,26.7,18.0
2023-12-03 20:58:38,0.0,0.0,420.0,26.8,18.0
2023-12-03 21:08:38,0.0,0.0,414.0,26.8,18.0
2023-12-03 21:18:38,0.0,0.0,418.0,26.7,18.0
2023-12-03 21:28:38,0.0,0.0,422.0,26.7,18.0
2023-12-03 21:38:38,0.0,0.0,421.0,26.7,18.0
2023-12-03 21:48:38,0.0,0.0,416.0,26.7,18.0
2023-12-03 21:58:38,0.0,0.0,416.0,26.8,18.0
2023-12-03 22:08:38,0.0,0.0,425.0,26.7,18.0
2023-12-03 22:18:38,0.0,0.0,414.0,26.6,18.0
2023-12-03 22:28:38,0.0,0.0,419.0,26.8,18.0
2023-12-03 22:38:38,0.0,0.0,416.0,26.7,18.0
2023-12-03 22:48:38,0.0,0.0,418.0,26.6,18.0
2023-12-03 22:58:38,0.0,0.0,415.0,26.6,18.0
2023-12-03 23:08:38,0.0,0.0,417.0,26.6,18.0
2023-12-03 23:18:38,0.0,0.0,421.0,26.7,18.0
2023-12-03 23:28:38,0.0,0.0,413.0,26.7,18.0
2023-12-03 23:38:38,0.0,0.0,412.0,26.7,18.0
2023-12-03 23:48:38,0.0,0.0,416.0,26.7,18.0
2023-12-03 23:58:38,0.0,0.0,418.0,26.7,18.0
2023-12-04 00:08:38,0.0,0.0,417.0,26.7,18.0
2023-12-04 00:18:38,0.0,0.0,427.0,26.7,18.0
2023-12-04 00:28:37,0.0,0.0,424.0,26.7,19.0
2023-12-04 00:38:37,0.0,0.0,412.0,26.7,18.0
2023-12-04 00:48:37,0.0,0.0,417.0,26.7,18.0
2023-12-04 00:58:37,0.0,0.0,413.0,26.6,19.0
2023-12-04 01:08:37,0.0,0.0,414.0,26.5,19.0
2023-12-04 01:18:37,0.0,0.0,415.0,26.5,19.0
2023-12-04 01:28:37,0.0,0.0,413.0,26.6,19.0
2023-12-04 01:38:37,0.0,0.0,415.0,26.6,19.0
2023-12-04 01:48:37,0.0,0.0,413.0,26.6,19.0
2023-12-04 01:58:37,0.0,0.0,411.0,26.6,19.0
2023-12-04 02:08:37,0.0,0.0,415.0,26.6,19.0
2023-12-04 02:18:37,0.0,0.0,411.0,26.6,19.0
2023-12-04 02:28:37,0.0,0.0,423.0,26.7,19.0
2023-12-04 02:38:37,0.0,0.0,409.0,26.7,19.0
2023-12-04 02:48:37,0.0,0.0,413.0,26.7,19.0
2023-12-04 02:58:37,0.0,0.0,413.0,26.6,19.0
2023-12-04 03:08:37,0.0,0.0,417.0,26.7,19.0
2023-12-04 03:18:37,0.0,0.0,409.0,26.7,19.0
2023-12-04 03:28:37,0.0,0.0,411.0,26.7,19.0
2023-12-04 03:38:37,0.0,0.0,410.0,26.6,19.0
2023-12-04 03:48:37,0.0,0.0,413.0,26.6,19.0
2023-12-04 03:58:37,0.0,0.0,399.0,26.6,19.0
2023-12-04 04:08:36,0.0,0.0,405.0,26.6,19.0
2023-12-04 04:18:36,0.0,0.0,410.0,26.6,19.0
2023-12-04 04:28:36,0.0,0.0,412.0,26.5,19.0
2023-12-04 04:38:36,0.0,0.0,415.0,26.7,19.0
2023-12-04 04:48:36,0.0,0.0,404.0,26.6,19.0
2023-12-04 04:58:36,0.0,0.0,406.0,26.7,19.0
2023-12-04 05:08:36,0.0,0.0,403.0,26.7,19.0
2023-12-04 05:18:36,0.0,0.0,416.0,26.6,19.0
2023-12-04 05:28:36,0.0,0.0,408.0,26.9,19.0
2023-12-04 05:38:36,0.0,0.0,409.0,27.1,18.0
2023-12-04 05:48:36,0.0,0.0,409.0,27.1,18.0
2023-12-04 05:58:36,0.0,0.0,408.0,27.1,18.0
2023-12-04 06:08:36,0.0,0.0,410.0,27.4,18.0
2023-12-04 06:18:36,0.0,0.0,409.0,27.4,18.0
2023-12-04 06:28:36,0.0,0.0,403.0,27.3,18.0
2023-12-04 06:38:36,0.0,0.0,408.0,27.2,19.0
2023-12-04 06:48:36,0.0,0.0,415.0,27.2,19.0
2023-12-04 06:58:36,0.0,0.0,407.0,27.1,19.0
2023-12-04 07:08:36,0.0,3.0,408.0,26.6,18.0
2023-12-04 07:18:36,0.0,3.0,411.0,26.6,18.0
2023-12-04 07:28:36,0.0,3.0,406.0,26.4,17.0
2023-12-04 07:38:35,0.0,6.0,414.0,26.4,17.0
2023-12-04 07:48:35,0.0,10.0,413.0,26.3,17.0
2023-12-04 07:58:36,0.0,13.0,408.0,26.4,17.0
2023-12-04 08:08:35,0.0,13.0,425.0,26.2,17.0
2023-12-04 08:18:35,0.0,20.0,425.0,26.2,17.0
2023-12-04 08:28:35,0.0,20.0,418.0,26.1,17.0
2023-12-04 08:38:35,0.0,26.0,442.0,26.0,18.0
2023-12-04 08:48:35,0.0,30.0,443.0,26.0,18.0
2023-12-04 08:58:35,9.0,394.0,478.0,25.9,18.0
2023-12-04 09:08:35,19.0,394.0,598.0,26.3,19.0
2023-12-04 09:18:35,9.0,400.0,658.0,26.6,19.0
2023-12-04 09:28:35,6.0,407.0,699.0,26.7,19.0
2023-12-04 09:38:35,3.0,427.0,671.0,26.7,19.0
2023-12-04 09:48:35,13.0,101.0,594.0,26.5,19.0
2023-12-04 09:58:35,0.0,107.0,513.0,26.5,18.0
2023-12-04 10:08:35,0.0,114.0,479.0,26.4,18.0
2023-12-04 10:18:35,0.0,97.0,460.0,26.4,18.0
2023-12-04 10:28:35,0.0,80.0,458.0,26.4,17.0
2023-12-04 10:38:35,0.0,70.0,438.0,26.2,17.0
2023-12-04 10:48:35,0.0,63.0,427.0,26.3,17.0
2023-12-04 10:58:35,0.0,84.0,421.0,26.3,17.0
2023-12-04 11:08:35,0.0,138.0,416.0,26.3,17.0
2023-12-04 11:18:34,0.0,134.0,420.0,26.2,17.0
2023-12-04 11:28:34,0.0,84.0,420.0,26.2,17.0
2023-12-04 11:38:34,0.0,84.0,440.0,26.3,17.0
2023-12-04 11:48:34,0.0,90.0,452.0,26.2,17.0
2023-12-04 11:58:34,0.0,70.0,474.0,26.2,17.0
2023-12-04 12:08:34,0.0,111.0,471.0,26.2,17.0
2023-12-04 12:18:34,0.0,67.0,476.0,26.1,17.0
2023-12-04 12:28:34,0.0,63.0,479.0,26.1,18.0
2023-12-04 12:38:34,5.0,53.0,837.0,26.4,23.0
2023-12-04 12:48:34,8.0,40.0,983.0,27.2,24.0
2023-12-04 12:58:34,3.0,33.0,1029.0,27.1,24.0
2023-12-04 13:08:34,1.0,33.0,1061.0,27.3,23.0
2023-12-04 13:18:34,0.0,26.0,1048.0,27.4,23.0
2023-12-04 13:28:34,1.0,23.0,1090.0,27.4,23.0
2023-12-04 13:38:34,6.0,20.0,1055.0,27.3,23.0
2023-12-04 13:48:34,3.0,363.0,1143.0,27.6,22.0
2023-12-04 13:58:34,4.0,357.0,1153.0,27.5,22.0
2023-12-04 14:08:34,3.0,353.0,1193.0,27.9,22.0
2023-12-04 14:18:34,0.0,350.0,1188.0,28.0,22.0
2023-12-04 14:28:34,0.0,350.0,1218.0,28.0,22.0
2023-12-04 14:38:34,0.0,343.0,1149.0,28.0,22.0
2023-12-04 14:48:34,7.0,340.0,1154.0,27.8,23.0
2023-12-04 14:58:33,0.0,340.0,983.0,27.9,21.0
2023-12-04 15:08:33,3.0,340.0,915.0,27.7,21.0
2023-12-04 15:18:33,5.0,340.0,1053.0,28.0,22.0
2023-12-04 15:28:33,1.0,340.0,1209.0,28.0,23.0
2023-12-04 15:38:33,2.0,336.0,874.0,26.4,22.0
2023-12-04 15:58:33,1.0,340.0,712.0,23.8,22.0
2023-12-04 16:08:33,0.0,340.0,1002.0,25.6,23.0
2023-12-04 16:18:33,4.0,340.0,1361.0,26.8,24.0
2023-12-04 16:28:33,4.0,340.0,1647.0,27.1,25.0
2023-12-04 16:38:33,0.0,340.0,1872.0,27.6,26.0
2023-12-04 16:48:33,3.0,340.0,2105.0,27.8,27.0
2023-12-04 16:58:33,0.0,340.0,2293.0,28.0,28.0
2023-12-04 17:08:33,0.0,340.0,2306.0,28.1,28.0
2023-12-04 17:18:33,0.0,340.0,2501.0,28.2,29.0
2023-12-04 17:28:33,0.0,340.0,2554.0,28.2,29.0
2023-12-04 17:38:33,9.0,340.0,2473.0,28.2,30.0
2023-12-04 17:48:33,0.0,336.0,2602.0,28.3,30.0
2023-12-04 17:58:33,0.0,340.0,2560.0,28.4,31.0
2023-12-04 18:08:33,0.0,336.0,2550.0,28.6,31.0
2023-12-04 18:18:33,31.0,326.0,1691.0,27.8,28.0
2023-12-04 18:28:33,10.0,343.0,1540.0,28.4,25.0
2023-12-04 18:38:33,0.0,343.0,1368.0,28.5,24.0
2023-12-04 18:48:32,0.0,343.0,1256.0,28.3,24.0
2023-12-04 18:58:32,0.0,343.0,1152.0,28.4,23.0
2023-12-04 19:08:32,0.0,343.0,1070.0,28.2,23.0
2023-12-04 19:18:32,0.0,343.0,1006.0,28.1,22.0
2023-12-04 19:28:32,0.0,343.0,941.0,28.1,22.0
2023-12-04 19:38:32,0.0,343.0,908.0,28.1,22.0
2023-12-04 19:48:32,0.0,343.0,866.0,28.0,22.0
2023-12-04 19:58:32,0.0,343.0,837.0,28.0,21.0
2023-12-04 20:08:32,0.0,343.0,799.0,28.0,21.0
2023-12-04 20:18:32,0.0,343.0,773.0,28.0,21.0
2023-12-04 20:28:32,0.0,343.0,742.0,27.9,21.0
2023-12-04 20:38:32,0.0,343.0,742.0,27.9,21.0
2023-12-04 20:48:32,0.0,343.0,708.0,27.9,21.0
2023-12-04 20:58:32,0.0,343.0,701.0,27.9,21.0
2023-12-04 21:08:32,0.0,343.0,690.0,27.9,21.0
2023-12-04 21:18:32,0.0,343.0,692.0,27.9,21.0
2023-12-04 21:28:32,0.0,343.0,672.0,27.9,20.0
2023-12-04 21:38:32,0.0,343.0,670.0,28.0,20.0
2023-12-04 21:48:32,0.0,343.0,669.0,27.9,20.0
2023-12-04 21:58:32,0.0,343.0,663.0,28.1,20.0
2023-12-04 22:08:32,0.0,343.0,645.0,28.1,20.0
2023-12-04 22:18:31,0.0,343.0,656.0,28.1,20.0
2023-12-04 22:28:31,0.0,343.0,649.0,28.1,20.0
2023-12-04 22:38:31,1.0,343.0,655.0,28.1,20.0
2023-12-04 22:48:31,0.0,343.0,646.0,28.1,20.0
2023-12-04 22:58:31,0.0,343.0,648.0,28.0,20.0
2023-12-04 23:08:31,0.0,343.0,640.0,28.0,20.0
2023-12-04 23:18:31,0.0,343.0,635.0,28.1,20.0
2023-12-04 23:28:31,0.0,343.0,634.0,28.0,20.0
2023-12-04 23:38:31,0.0,343.0,637.0,28.1,20.0
2023-12-04 23:48:31,0.0,343.0,634.0,28.0,20.0
2023-12-04 23:58:31,0.0,343.0,633.0,28.0,20.0
2023-12-05 00:08:31,0.0,343.0,625.0,28.1,20.0
2023-12-05 00:18:31,0.0,343.0,626.0,28.0,20.0
2023-12-05 00:28:31,0.0,343.0,623.0,28.1,20.0
2023-12-05 00:38:31,0.0,343.0,615.0,28.2,20.0
2023-12-05 00:48:31,0.0,343.0,606.0,28.1,20.0
2023-12-05 00:58:31,0.0,343.0,601.0,28.1,20.0
2023-12-05 01:08:31,0.0,343.0,604.0,28.1,20.0
2023-12-05 01:18:31,0.0,343.0,598.0,28.1,20.0
2023-12-05 01:28:31,0.0,343.0,600.0,28.0,20.0
2023-12-05 01:38:31,0.0,343.0,603.0,28.0,20.0
2023-12-05 01:48:30,0.0,343.0,604.0,28.0,20.0
2023-12-05 01:58:30,0.0,343.0,583.0,28.0,20.0
2023-12-05 02:08:30,0.0,343.0,587.0,27.9,20.0
2023-12-05 02:18:30,0.0,343.0,579.0,27.9,20.0
2023-12-05 02:28:30,0.0,343.0,575.0,27.9,20.0
2023-12-05 02:38:30,0.0,343.0,577.0,27.9,20.0
2023-12-05 02:48:30,0.0,343.0,565.0,28.0,20.0
2023-12-05 02:58:30,0.0,343.0,578.0,28.1,20.0
2023-12-05 03:08:30,0.0,343.0,562.0,28.0,20.0
2023-12-05 03:18:30,0.0,343.0,557.0,28.0,20.0
2023-12-05 03:28:30,1.0,343.0,565.0,28.1,20.0
2023-12-05 03:38:30,0.0,343.0,544.0,28.1,20.0
2023-12-05 03:48:30,0.0,343.0,540.0,28.1,20.0
2023-12-05 03:58:30,0.0,343.0,537.0,28.1,20.0
2023-12-05 04:08:30,0.0,343.0,536.0,28.0,20.0
2023-12-05 04:18:30,0.0,343.0,541.0,28.0,20.0
2023-12-05 04:28:30,0.0,343.0,537.0,27.9,20.0
2023-12-05 04:38:30,0.0,343.0,529.0,28.0,20.0
2023-12-05 04:48:30,0.0,343.0,534.0,28.1,20.0
2023-12-05 04:58:30,0.0,343.0,526.0,28.0,20.0
2023-12-05 05:08:30,0.0,343.0,518.0,28.1,20.0
2023-12-05 05:18:30,0.0,343.0,518.0,28.1,19.0
2023-12-05 05:28:29,0.0,343.0,516.0,28.1,20.0
2023-12-05 05:38:29,0.0,343.0,522.0,28.1,20.0
2023-12-05 05:48:29,0.0,343.0,524.0,28.0,20.0
2023-12-05 05:58:29,0.0,343.0,524.0,28.0,20.0
2023-12-05 06:08:29,0.0,343.0,518.0,28.2,19.0
2023-12-05 06:18:29,0.0,343.0,513.0,28.3,19.0
2023-12-05 06:28:29,0.0,343.0,514.0,28.2,20.0
2023-12-05 06:38:29,0.0,343.0,506.0,28.1,20.0
2023-12-05 06:48:29,0.0,343.0,506.0,28.1,20.0
2023-12-05 06:58:29,0.0,343.0,500.0,28.1,20.0
2023-12-05 07:08:29,0.0,343.0,476.0,28.4,18.0
2023-12-05 07:18:29,0.0,346.0,443.0,28.4,17.0
2023-12-05 07:28:29,0.0,353.0,419.0,28.3,16.0
2023-12-05 07:38:29,0.0,357.0,420.0,28.2,16.0
2023-12-05 07:48:29,0.0,363.0,415.0,28.1,16.0
2023-12-05 07:58:29,0.0,377.0,420.0,28.1,16.0
2023-12-05 08:08:29,0.0,383.0,412.0,27.9,16.0
2023-12-05 08:18:29,15.0,394.0,489.0,27.7,20.0
2023-12-05 08:28:29,0.0,417.0,453.0,27.9,18.0
2023-12-05 08:38:29,0.0,407.0,423.0,27.8,17.0
2023-12-05 08:48:29,0.0,407.0,424.0,27.7,16.0
2023-12-05 08:58:29,0.0,451.0,420.0,27.6,16.0
2023-12-05 09:08:28,0.0,515.0,428.0,27.7,16.0
2023-12-05 09:18:28,0.0,545.0,411.0,27.8,16.0
2023-12-05 09:28:28,0.0,666.0,421.0,27.9,16.0
2023-12-05 09:38:28,0.0,707.0,418.0,27.8,16.0
2023-12-05 09:48:28,0.0,673.0,428.0,27.9,16.0
2023-12-05 09:58:28,0.0,956.0,416.0,28.0,15.0
2023-12-05 10:08:28,0.0,15137.0,416.0,28.4,15.0
2023-12-05 10:18:28,0.0,1455.0,425.0,28.3,15.0
2023-12-05 10:28:28,0.0,1101.0,429.0,28.4,15.0
2023-12-05 10:38:28,0.0,1384.0,436.0,28.5,15.0
2023-12-05 10:48:28,0.0,9707.0,430.0,28.7,15.0
2023-12-05 10:58:28,0.0,1158.0,431.0,28.6,15.0
2023-12-05 11:08:28,0.0,1118.0,438.0,28.5,15.0
2023-12-05 11:18:28,0.0,1071.0,428.0,28.5,15.0
2023-12-05 11:28:28,0.0,1017.0,436.0,28.5,15.0
2023-12-05 11:38:28,0.0,1013.0,434.0,28.5,15.0
2023-12-05 11:48:28,0.0,761.0,428.0,28.4,15.0
2023-12-05 11:58:28,0.0,781.0,434.0,28.5,15.0
2023-12-05 12:08:28,0.0,633.0,427.0,28.4,15.0
2023-12-05 12:18:28,0.0,555.0,438.0,28.3,15.0
2023-12-05 12:28:28,0.0,525.0,446.0,28.2,15.0
2023-12-05 12:38:28,0.0,495.0,443.0,28.1,15.0
2023-12-05 12:48:27,0.0,491.0,445.0,28.0,15.0
2023-12-05 12:58:27,0.0,485.0,438.0,28.0,15.0
2023-12-05 13:08:27,0.0,478.0,461.0,28.0,15.0
2023-12-05 13:18:27,0.0,468.0,462.0,28.1,15.0
2023-12-05 13:28:27,0.0,451.0,462.0,28.2,15.0
2023-12-05 13:38:27,0.0,434.0,489.0,28.0,15.0
2023-12-05 13:48:27,0.0,417.0,494.0,28.0,15.0
2023-12-05 13:58:27,0.0,397.0,487.0,28.0,15.0
2023-12-05 14:08:27,0.0,380.0,454.0,28.0,15.0
2023-12-05 14:18:27,0.0,367.0,440.0,28.0,14.0
2023-12-05 14:28:27,0.0,360.0,452.0,28.0,14.0
2023-12-05 14:38:27,0.0,353.0,473.0,28.0,14.0
2023-12-05 14:48:27,0.0,350.0,471.0,28.0,15.0
2023-12-05 14:58:27,0.0,346.0,470.0,28.1,14.0
2023-12-05 15:08:27,0.0,346.0,467.0,28.0,14.0
2023-12-05 15:18:27,0.0,346.0,465.0,28.0,15.0
2023-12-05 15:28:27,1.0,346.0,473.0,28.1,14.0
2023-12-05 15:38:27,0.0,346.0,480.0,28.0,14.0
2023-12-05 15:48:27,0.0,346.0,457.0,28.0,14.0
2023-12-05 15:58:27,0.0,346.0,459.0,28.1,14.0
2023-12-05 16:08:27,0.0,346.0,494.0,28.2,15.0
2023-12-05 16:18:26,0.0,346.0,563.0,28.1,16.0
2023-12-05 16:28:26,0.0,343.0,601.0,28.1,16.0
2023-12-05 16:38:26,0.0,343.0,638.0,28.1,17.0
2023-12-05 16:48:26,0.0,343.0,671.0,28.3,17.0
2023-12-05 16:58:26,0.0,343.0,674.0,28.2,17.0
2023-12-05 17:08:26,0.0,343.0,669.0,28.3,18.0
2023-12-05 17:18:26,0.0,343.0,674.0,28.2,18.0
2023-12-05 17:28:26,0.0,343.0,672.0,28.3,18.0
2023-12-05 17:38:26,0.0,343.0,681.0,28.3,18.0
2023-12-05 17:48:26,0.0,343.0,672.0,28.3,18.0
2023-12-05 17:58:26,0.0,343.0,673.0,28.3,18.0
2023-12-05 18:08:26,1.0,343.0,671.0,28.4,18.0
2023-12-05 18:18:26,0.0,343.0,663.0,28.3,18.0
2023-12-05 18:28:26,0.0,343.0,672.0,28.2,18.0
2023-12-05 18:38:26,0.0,343.0,667.0,28.3,18.0
2023-12-05 18:48:26,0.0,343.0,659.0,28.3,18.0
2023-12-05 18:58:26,0.0,343.0,651.0,28.3,19.0
2023-12-05 19:08:26,0.0,343.0,665.0,28.1,19.0
2023-12-05 19:18:26,0.0,343.0,652.0,28.1,19.0
2023-12-05 19:28:26,0.0,343.0,665.0,28.1,19.0
2023-12-05 19:38:26,0.0,343.0,681.0,28.0,19.0
2023-12-05 19:48:26,0.0,343.0,676.0,28.1,19.0
2023-12-05 19:58:25,0.0,343.0,690.0,28.1,19.0
2023-12-05 20:08:25,0.0,343.0,666.0,28.1,19.0
2023-12-05 20:18:25,0.0,343.0,663.0,28.0,19.0
2023-12-05 20:28:25,0.0,343.0,656.0,28.0,19.0
2023-12-05 20:38:25,0.0,343.0,649.0,28.0,19.0
2023-12-05 20:48:25,0.0,343.0,635.0,28.0,19.0
2023-12-05 20:58:25,0.0,343.0,632.0,28.1,19.0
2023-12-05 21:08:25,0.0,343.0,630.0,28.0,19.0
2023-12-05 21:18:25,0.0,343.0,623.0,28.0,19.0
2023-12-05 21:28:25,0.0,343.0,621.0,28.0,19.0
2023-12-05 21:38:25,0.0,343.0,612.0,28.0,19.0
2023-12-05 21:48:25,0.0,343.0,604.0,28.1,19.0
2023-12-05 21:58:25,0.0,343.0,595.0,28.0,19.0
2023-12-05 22:08:25,0.0,343.0,581.0,28.0,19.0
2023-12-05 22:18:25,0.0,343.0,572.0,28.0,19.0
2023-12-05 22:28:25,0.0,343.0,576.0,28.1,19.0
2023-12-05 22:38:25,0.0,343.0,559.0,28.1,19.0
2023-12-05 22:48:25,0.0,343.0,553.0,28.1,19.0
2023-12-05 22:58:25,0.0,343.0,550.0,28.2,19.0
2023-12-05 23:08:25,0.0,343.0,548.0,28.0,19.0
2023-12-05 23:18:25,0.0,343.0,538.0,28.0,19.0
2023-12-05 23:28:25,0.0,343.0,534.0,28.1,19.0
2023-12-05 23:38:24,0.0,343.0,534.0,28.0,19.0
2023-12-05 23:48:24,0.0,343.0,512.0,28.1,19.0
2023-12-05 23:58:25,0.0,343.0,524.0,28.0,19.0
2023-12-06 00:08:24,0.0,343.0,519.0,27.9,19.0
2023-12-06 00:18:24,0.0,343.0,528.0,28.0,19.0
2023-12-06 00:28:24,0.0,343.0,516.0,28.0,19.0
2023-12-06 00:38:24,0.0,343.0,504.0,28.0,19.0
2023-12-06 00:48:24,0.0,343.0,498.0,28.0,19.0
2023-12-06 00:58:24,0.0,343.0,496.0,28.1,18.0
2023-12-06 01:08:24,0.0,343.0,495.0,28.0,18.0
2023-12-06 01:18:24,0.0,343.0,498.0,28.1,18.0
2023-12-06 01:28:24,0.0,343.0,484.0,28.1,18.0
2023-12-06 01:38:24,0.0,343.0,493.0,28.1,18.0
2023-12-06 01:48:24,0.0,343.0,496.0,28.1,18.0
2023-12-06 01:58:24,0.0,343.0,484.0,28.1,18.0
2023-12-06 02:08:24,0.0,343.0,483.0,28.1,18.0
2023-12-06 02:18:24,0.0,343.0,482.0,28.0,18.0
2023-12-06 02:28:24,0.0,343.0,480.0,28.1,18.0
2023-12-06 02:38:24,0.0,343.0,478.0,28.0,18.0
2023-12-06 02:48:24,0.0,343.0,476.0,27.9,18.0
2023-12-06 02:58:24,0.0,343.0,459.0,28.0,18.0
2023-12-06 03:08:24,0.0,343.0,469.0,28.0,18.0
2023-12-06 03:18:23,0.0,343.0,471.0,28.0,18.0
2023-12-06 03:28:23,0.0,343.0,470.0,28.0,18.0
2023-12-06 03:38:23,0.0,343.0,468.0,28.0,18.0
2023-12-06 03:48:23,0.0,343.0,452.0,28.0,18.0
2023-12-06 03:58:23,0.0,343.0,464.0,27.9,18.0
2023-12-06 04:08:23,0.0,343.0,457.0,28.0,18.0
2023-12-06 04:18:23,0.0,343.0,456.0,27.9,18.0
2023-12-06 04:28:23,0.0,343.0,460.0,28.0,18.0
2023-12-06 04:38:23,0.0,343.0,453.0,28.0,18.0
2023-12-06 04:48:23,0.0,343.0,451.0,27.9,18.0
2023-12-06 04:58:23,0.0,343.0,453.0,28.0,18.0
2023-12-06 05:08:23,0.0,343.0,446.0,28.0,18.0
2023-12-06 05:18:23,0.0,343.0,452.0,28.0,18.0
2023-12-06 05:28:23,0.0,343.0,451.0,27.9,18.0
2023-12-06 05:38:23,0.0,343.0,443.0,27.9,18.0
2023-12-06 05:48:23,0.0,343.0,454.0,27.9,18.0
2023-12-06 05:58:23,0.0,343.0,440.0,27.9,18.0
2023-12-06 06:08:23,0.0,343.0,443.0,28.0,19.0
2023-12-06 06:18:23,0.0,343.0,448.0,28.1,18.0
2023-12-06 06:28:23,0.0,343.0,450.0,28.1,19.0
2023-12-06 06:38:23,0.0,343.0,445.0,28.2,18.0
2023-12-06 06:48:23,0.0,343.0,440.0,28.4,18.0
2023-12-06 06:58:22,0.0,343.0,440.0,28.4,18.0
2023-12-06 07:08:22,0.0,346.0,418.0,28.8,17.0
2023-12-06 07:18:22,0.0,346.0,409.0,28.6,16.0
2023-12-06 07:28:22,0.0,346.0,413.0,28.6,16.0
2023-12-06 07:38:22,0.0,353.0,410.0,28.5,16.0
2023-12-06 07:48:22,0.0,357.0,401.0,28.4,16.0
2023-12-06 07:58:22,0.0,360.0,403.0,28.4,16.0
2023-12-06 08:08:22,0.0,363.0,408.0,28.4,16.0
2023-12-06 08:18:22,0.0,360.0,398.0,28.3,16.0
2023-12-06 08:28:22,0.0,360.0,407.0,28.2,16.0
2023-12-06 08:38:22,0.0,360.0,408.0,28.1,17.0
2023-12-06 08:48:22,0.0,367.0,408.0,28.0,17.0
2023-12-06 08:58:22,0.0,367.0,414.0,27.8,17.0
2023-12-06 09:08:22,0.0,370.0,414.0,27.8,17.0
2023-12-06 09:18:22,0.0,373.0,407.0,27.8,17.0
2023-12-06 09:28:22,0.0,370.0,412.0,27.8,17.0
2023-12-06 09:38:22,0.0,370.0,414.0,27.8,17.0
2023-12-06 09:48:22,0.0,370.0,404.0,27.8,17.0
2023-12-06 09:58:22,0.0,370.0,421.0,27.8,17.0
2023-12-06 10:08:22,0.0,377.0,406.0,27.8,17.0
2023-12-06 10:18:22,0.0,373.0,405.0,27.8,17.0
2023-12-06 10:28:21,0.0,373.0,412.0,27.8,17.0
2023-12-06 10:38:22,0.0,383.0,416.0,27.9,17.0
2023-12-06 10:48:21,0.0,390.0,409.0,27.9,17.0
2023-12-06 10:58:21,0.0,394.0,413.0,27.7,18.0
2023-12-06 11:08:21,0.0,394.0,422.0,27.9,17.0
2023-12-06 11:18:21,0.0,410.0,416.0,27.8,18.0
2023-12-06 11:28:21,0.0,407.0,412.0,27.7,18.0
2023-12-06 11:38:21,0.0,383.0,418.0,27.8,18.0
2023-12-06 11:48:21,0.0,370.0,416.0,27.9,18.0
2023-12-06 11:58:21,0.0,390.0,410.0,27.8,18.0
2023-12-06 12:08:21,3.0,377.0,446.0,27.4,18.0
2023-12-06 12:18:21,0.0,380.0,440.0,27.7,18.0
2023-12-06 12:28:21,0.0,380.0,438.0,27.9,18.0
2023-12-06 12:38:21,0.0,387.0,432.0,27.8,17.0
2023-12-06 12:48:21,0.0,377.0,432.0,27.9,18.0
2023-12-06 12:58:21,0.0,370.0,430.0,28.0,18.0
2023-12-06 13:08:21,0.0,363.0,439.0,27.8,18.0
2023-12-06 13:18:21,0.0,367.0,424.0,27.8,18.0
2023-12-06 13:28:21,0.0,363.0,426.0,27.7,18.0
2023-12-06 13:38:21,0.0,363.0,421.0,27.7,18.0
2023-12-06 13:48:21,0.0,360.0,427.0,27.8,18.0
2023-12-06 13:58:21,0.0,360.0,418.0,27.8,17.0
2023-12-06 14:08:20,0.0,357.0,426.0,27.7,18.0
2023-12-06 14:18:20,0.0,350.0,425.0,27.7,17.0
2023-12-06 14:28:20,0.0,350.0,412.0,27.7,18.0
2023-12-06 14:38:20,0.0,346.0,422.0,27.8,17.0
2023-12-06 14:48:20,0.0,346.0,414.0,27.8,17.0
2023-12-06 14:58:20,3.0,343.0,436.0,27.6,18.0
2023-12-06 15:08:20,15.0,346.0,468.0,27.4,18.0
2023-12-06 15:18:20,0.0,346.0,449.0,27.7,17.0
2023-12-06 15:28:20,0.0,346.0,432.0,27.7,17.0
2023-12-06 15:38:20,0.0,346.0,423.0,27.7,17.0
2023-12-06 15:48:20,0.0,346.0,419.0,27.7,17.0
2023-12-06 15:58:20,0.0,346.0,410.0,27.7,17.0
2023-12-06 16:08:20,0.0,346.0,464.0,27.9,17.0
2023-12-06 16:18:20,0.0,346.0,528.0,27.9,18.0
2023-12-06 16:28:20,0.0,343.0,571.0,27.9,18.0
2023-12-06 16:38:20,0.0,346.0,614.0,27.9,18.0
2023-12-06 16:48:20,0.0,343.0,610.0,28.0,19.0
2023-12-06 16:58:20,0.0,343.0,654.0,28.0,19.0
2023-12-06 17:08:20,0.0,343.0,661.0,28.1,19.0
2023-12-06 17:18:20,0.0,343.0,664.0,28.0,19.0
2023-12-06 17:28:20,0.0,343.0,673.0,28.0,19.0
2023-12-06 17:38:20,0.0,343.0,676.0,28.2,19.0
2023-12-06 17:48:19,0.0,343.0,677.0,28.3,19.0
2023-12-06 17:58:19,1.0,343.0,676.0,28.3,19.0
2023-12-06 18:08:19,0.0,343.0,681.0,28.4,19.0
2023-12-06 18:18:19,0.0,343.0,672.0,28.5,19.0
2023-12-06 18:28:19,0.0,343.0,673.0,28.5,19.0
2023-12-06 18:38:19,0.0,343.0,670.0,28.5,19.0
2023-12-06 18:48:19,0.0,343.0,665.0,28.5,19.0
2023-12-06 18:58:19,1.0,343.0,658.0,28.5,19.0
2023-12-06 19:08:19,0.0,343.0,646.0,28.1,20.0
2023-12-06 19:18:19,0.0,343.0,637.0,28.1,20.0
2023-12-06 19:28:19,0.0,343.0,627.0,28.1,20.0
2023-12-06 19:38:19,0.0,343.0,618.0,28.0,20.0
2023-12-06 19:48:19,0.0,343.0,607.0,28.0,20.0
2023-12-06 19:58:19,0.0,343.0,607.0,28.0,20.0
2023-12-06 20:08:19,0.0,343.0,585.0,28.1,20.0
2023-12-06 20:18:19,0.0,343.0,593.0,28.0,20.0
2023-12-06 20:28:19,0.0,343.0,587.0,28.2,20.0
2023-12-06 20:38:19,0.0,343.0,579.0,28.1,19.0
2023-12-06 20:48:19,0.0,343.0,576.0,28.1,19.0
2023-12-06 20:58:19,0.0,343.0,574.0,28.1,20.0
2023-12-06 21:08:19,0.0,343.0,569.0,28.1,20.0
2023-12-06 21:18:19,0.0,343.0,551.0,28.1,20.0
2023-12-06 21:28:18,0.0,343.0,553.0,28.1,20.0
2023-12-06 21:38:18,0.0,343.0,551.0,28.2,19.0
2023-12-06 21:48:18,0.0,343.0,557.0,28.2,19.0
2023-12-06 21:58:18,0.0,343.0,557.0,28.2,19.0
2023-12-06 22:08:19,0.0,343.0,526.0,28.2,19.0
2023-12-06 22:18:18,0.0,343.0,535.0,28.2,19.0
2023-12-06 22:28:18,0.0,343.0,543.0,28.2,19.0
2023-12-06 22:38:18,0.0,343.0,523.0,28.2,19.0
2023-12-06 22:48:18,0.0,343.0,538.0,28.2,19.0
2023-12-06 22:58:18,0.0,343.0,531.0,28.2,19.0
2023-12-06 23:08:18,0.0,343.0,523.0,28.2,19.0
2023-12-06 23:18:18,0.0,343.0,514.0,28.3,19.0
2023-12-06 23:28:18,0.0,343.0,524.0,28.2,19.0
2023-12-06 23:38:18,0.0,343.0,522.0,28.3,19.0
2023-12-06 23:48:18,0.0,343.0,518.0,28.2,19.0
2023-12-06 23:58:18,0.0,343.0,512.0,28.2,19.0
2023-12-07 00:08:18,0.0,343.0,501.0,28.3,19.0
2023-12-07 00:18:18,0.0,343.0,509.0,28.3,19.0
2023-12-07 00:28:18,0.0,343.0,504.0,28.3,19.0
2023-12-07 00:38:18,0.0,343.0,508.0,28.3,19.0
2023-12-07 00:48:18,0.0,343.0,509.0,28.3,19.0
2023-12-07 00:58:17,0.0,343.0,505.0,28.3,19.0
2023-12-07 01:08:17,0.0,343.0,499.0,28.3,19.0
2023-12-07 01:18:17,0.0,343.0,496.0,28.2,19.0
2023-12-07 01:28:17,0.0,343.0,498.0,28.2,19.0
2023-12-07 01:38:17,0.0,343.0,489.0,28.4,19.0
2023-12-07 01:48:17,0.0,343.0,486.0,28.3,19.0
2023-12-07 01:58:17,0.0,343.0,491.0,28.3,19.0
2023-12-07 02:08:17,0.0,343.0,495.0,28.3,19.0
2023-12-07 02:18:17,0.0,343.0,487.0,28.3,19.0
2023-12-07 02:28:17,0.0,343.0,481.0,28.3,19.0
2023-12-07 02:38:17,0.0,343.0,488.0,28.2,19.0
2023-12-07 02:48:17,0.0,343.0,481.0,28.3,19.0
2023-12-07 02:58:17,0.0,343.0,479.0,28.2,19.0
2023-12-07 03:08:17,0.0,343.0,477.0,28.3,19.0
2023-12-07 03:18:17,0.0,343.0,483.0,28.3,19.0
2023-12-07 03:28:17,1.0,343.0,474.0,28.3,19.0
2023-12-07 03:38:17,0.0,343.0,471.0,28.4,19.0
2023-12-07 03:48:17,0.0,343.0,468.0,28.3,19.0
2023-12-07 03:58:17,0.0,343.0,467.0,28.4,19.0
2023-12-07 04:08:17,0.0,343.0,467.0,28.3,19.0
2023-12-07 04:18:17,0.0,343.0,470.0,28.3,19.0
2023-12-07 04:28:17,0.0,343.0,469.0,28.4,19.0
2023-12-07 04:38:16,0.0,343.0,468.0,28.5,19.0
2023-12-07 04:48:16,0.0,343.0,461.0,28.3,19.0
2023-12-07 04:58:16,0.0,343.0,455.0,28.3,19.0
2023-12-07 05:08:16,0.0,343.0,455.0,28.4,19.0
2023-12-07 05:18:16,0.0,343.0,457.0,28.3,19.0
2023-12-07 05:28:16,0.0,343.0,476.0,28.2,19.0
2023-12-07 05:38:16,0.0,343.0,456.0,28.3,19.0
2023-12-07 05:48:16,0.0,343.0,448.0,28.4,19.0
2023-12-07 05:58:16,0.0,343.0,452.0,28.3,19.0
2023-12-07 06:08:16,0.0,343.0,447.0,28.5,19.0
2023-12-07 06:18:16,0.0,343.0,463.0,28.6,19.0
2023-12-07 06:28:16,0.0,343.0,455.0,28.8,19.0
2023-12-07 06:38:16,0.0,343.0,469.0,28.8,19.0
2023-12-07 06:48:16,0.0,343.0,456.0,28.8,19.0
2023-12-07 06:58:16,0.0,343.0,464.0,28.8,19.0
2023-12-07 07:08:16,0.0,346.0,460.0,29.1,18.0
2023-12-07 07:18:16,0.0,346.0,425.0,28.9,18.0
2023-12-07 07:28:16,0.0,346.0,423.0,28.7,18.0
2023-12-07 07:38:16,0.0,346.0,423.0,28.7,17.0
2023-12-07 07:48:16,0.0,346.0,417.0,28.8,17.0
2023-12-07 07:58:16,0.0,350.0,416.0,28.7,17.0
2023-12-07 08:08:16,0.0,353.0,413.0,28.7,17.0
2023-12-07 08:18:15,0.0,353.0,420.0,28.7,17.0
2023-12-07 08:28:15,0.0,353.0,417.0,28.7,17.0
2023-12-07 08:38:15,0.0,363.0,409.0,28.5,17.0
2023-12-07 08:48:15,0.0,370.0,411.0,28.4,18.0
2023-12-07 08:58:15,0.0,370.0,413.0,28.2,18.0
2023-12-07 09:08:15,0.0,373.0,410.0,28.2,18.0
2023-12-07 09:18:15,44.0,377.0,534.0,27.3,20.0
2023-12-07 09:28:15,0.0,377.0,469.0,28.0,18.0
2023-12-07 09:38:15,0.0,377.0,441.0,28.2,18.0
2023-12-07 09:48:15,0.0,380.0,426.0,28.2,18.0
2023-12-07 09:58:15,0.0,373.0,421.0,28.1,18.0
2023-12-07 10:08:15,0.0,373.0,423.0,28.2,18.0
2023-12-07 10:18:15,0.0,367.0,418.0,28.2,18.0
2023-12-07 10:28:15,0.0,367.0,423.0,28.2,18.0
2023-12-07 10:38:15,0.0,367.0,416.0,28.2,18.0
2023-12-07 10:48:15,0.0,367.0,418.0,28.2,18.0
2023-12-07 10:58:15,2.0,370.0,420.0,28.1,18.0
2023-12-07 11:08:15,1.0,373.0,417.0,28.0,18.0
2023-12-07 11:18:15,0.0,370.0,415.0,28.2,18.0
2023-12-07 11:28:15,0.0,370.0,415.0,28.1,18.0
2023-12-07 11:38:15,18.0,360.0,640.0,27.9,20.0
2023-12-07 11:48:15,45.0,363.0,744.0,28.2,20.0
2023-12-07 11:58:14,37.0,363.0,901.0,28.2,21.0
2023-12-07 12:08:14,10.0,360.0,897.0,28.4,21.0
2023-12-07 12:18:14,13.0,360.0,831.0,28.2,21.0
2023-12-07 12:28:14,0.0,360.0,618.0,28.5,19.0
2023-12-07 12:38:14,0.0,357.0,527.0,28.3,19.0
2023-12-07 12:48:14,0.0,357.0,490.0,28.2,18.0
2023-12-07 12:58:14,0.0,357.0,462.0,28.2,18.0
2023-12-07 13:08:14,0.0,357.0,452.0,28.2,18.0
2023-12-07 13:18:14,0.0,353.0,440.0,28.1,18.0
2023-12-07 13:28:14,0.0,353.0,438.0,27.9,19.0
2023-12-07 13:38:14,0.0,350.0,435.0,27.7,19.0
2023-12-07 13:48:14,0.0,350.0,433.0,28.0,18.0
2023-12-07 13:58:14,0.0,350.0,429.0,28.2,18.0
2023-12-07 14:08:14,0.0,350.0,433.0,28.2,18.0
2023-12-07 14:18:14,0.0,350.0,420.0,28.2,18.0
2023-12-07 14:28:14,0.0,346.0,426.0,28.3,18.0
2023-12-07 14:38:14,0.0,346.0,417.0,28.3,18.0
2023-12-07 14:48:14,0.0,346.0,418.0,28.4,18.0
2023-12-07 14:58:14,0.0,346.0,412.0,28.3,18.0
2023-12-07 15:08:14,0.0,346.0,429.0,28.2,18.0
2023-12-07 15:18:14,0.0,346.0,426.0,28.2,18.0
2023-12-07 15:28:14,5.0,343.0,601.0,26.3,21.0
2023-12-07 15:38:13,0.0,343.0,635.0,24.9,22.0
2023-12-07 15:48:13,0.0,343.0,566.0,24.0,23.0
2023-12-07 15:58:14,0.0,343.0,551.0,23.5,23.0
2023-12-07 16:08:13,0.0,343.0,531.0,23.2,24.0
2023-12-07 16:18:13,22.0,343.0,588.0,22.9,24.0
2023-12-07 16:28:13,0.0,343.0,608.0,22.7,25.0
2023-12-07 16:38:13,3.0,343.0,617.0,22.3,25.0
2023-12-07 16:48:13,4.0,343.0,561.0,22.1,25.0
2023-12-07 16:58:13,0.0,343.0,660.0,22.0,26.0
2023-12-07 17:08:13,0.0,343.0,592.0,21.9,26.0
2023-12-07 17:18:13,1.0,343.0,601.0,21.8,26.0
2023-12-07 17:28:13,3.0,343.0,817.0,22.0,27.0
2023-12-07 17:38:13,0.0,343.0,918.0,22.1,28.0
2023-12-07 17:48:13,0.0,343.0,964.0,22.1,28.0
2023-12-07 17:58:13,12.0,346.0,1016.0,22.1,29.0
2023-12-07 18:08:13,2.0,343.0,1063.0,22.1,29.0
2023-12-07 18:18:13,6.0,340.0,1151.0,22.0,30.0
2023-12-07 18:28:13,11.0,346.0,955.0,21.8,29.0
2023-12-07 18:38:13,0.0,346.0,853.0,21.7,29.0
2023-12-07 18:48:13,0.0,346.0,783.0,21.5,28.0
2023-12-07 18:58:13,0.0,346.0,721.0,21.4,28.0
2023-12-07 19:08:12,0.0,346.0,699.0,21.4,28.0
2023-12-07 19:18:12,0.0,346.0,682.0,21.2,28.0
2023-12-07 19:28:12,0.0,346.0,677.0,21.2,28.0
2023-12-07 19:38:12,0.0,346.0,668.0,21.1,29.0
2023-12-07 19:48:12,0.0,346.0,656.0,21.1,29.0
2023-12-07 19:58:12,0.0,346.0,659.0,20.9,29.0
2023-12-07 20:08:12,0.0,346.0,646.0,20.9,29.0
2023-12-07 20:18:12,0.0,346.0,649.0,20.8,29.0
2023-12-07 20:28:12,0.0,346.0,632.0,20.8,29.0
2023-12-07 20:38:12,0.0,346.0,632.0,20.7,29.0
2023-12-07 20:48:12,0.0,346.0,635.0,20.6,29.0
2023-12-07 20:58:12,0.0,346.0,618.0,20.5,29.0
2023-12-07 21:08:12,0.0,346.0,624.0,20.5,29.0
2023-12-07 21:18:12,0.0,346.0,616.0,20.4,29.0
2023-12-07 21:28:12,0.0,346.0,612.0,20.4,30.0
2023-12-07 21:38:12,0.0,346.0,613.0,20.4,30.0
2023-12-07 21:48:12,0.0,346.0,609.0,20.3,30.0
2023-12-07 21:58:12,0.0,346.0,617.0,20.2,30.0
2023-12-07 22:08:12,0.0,346.0,608.0,20.1,30.0
2023-12-07 22:18:12,0.0,346.0,619.0,20.1,30.0
2023-12-07 22:28:12,0.0,346.0,616.0,20.0,30.0
2023-12-07 22:38:12,0.0,346.0,613.0,20.0,30.0
2023-12-07 22:48:11,0.0,346.0,612.0,19.9,30.0
2023-12-07 22:58:11,0.0,346.0,617.0,19.9,30.0
2023-12-07 23:08:11,0.0,346.0,617.0,19.9,31.0
2023-12-07 23:18:11,0.0,346.0,620.0,19.8,30.0
2023-12-07 23:28:11,0.0,346.0,617.0,19.7,31.0
2023-12-07 23:38:11,0.0,346.0,621.0,19.7,31.0
2023-12-07 23:48:11,0.0,346.0,608.0,19.6,31.0
2023-12-07 23:58:11,0.0,346.0,606.0,19.6,31.0
2023-12-08 00:08:11,0.0,346.0,628.0,19.6,31.0
2023-12-08 00:18:11,0.0,346.0,626.0,19.5,31.0
2023-12-08 00:28:11,0.0,346.0,615.0,19.5,31.0
2023-12-08 00:38:11,0.0,346.0,608.0,19.5,31.0
2023-12-08 00:48:11,2.0,0.0,595.0,19.4,31.0
2023-12-08 00:58:11,0.0,0.0,586.0,19.4,31.0
2023-12-08 01:08:11,0.0,0.0,592.0,19.3,31.0
2023-12-08 01:18:11,0.0,0.0,578.0,19.2,32.0
2023-12-08 01:28:11,0.0,0.0,578.0,19.3,32.0
2023-12-08 01:38:11,0.0,0.0,572.0,19.2,32.0
2023-12-08 01:48:11,0.0,0.0,570.0,19.1,32.0
2023-12-08 01:58:11,0.0,0.0,568.0,19.1,32.0
2023-12-08 02:08:11,0.0,0.0,563.0,19.0,32.0
2023-12-08 02:18:11,0.0,0.0,566.0,19.1,32.0
2023-12-08 02:28:10,0.0,0.0,561.0,19.0,32.0
2023-12-08 02:38:11,0.0,0.0,571.0,19.0,32.0
2023-12-08 02:48:10,0.0,0.0,561.0,18.9,32.0
2023-12-08 02:58:10,0.0,0.0,559.0,18.9,32.0
2023-12-08 03:08:10,0.0,0.0,561.0,18.8,32.0
2023-12-08 03:18:10,0.0,0.0,557.0,18.8,33.0
2023-12-08 03:28:10,0.0,0.0,559.0,18.7,33.0
2023-12-08 03:38:10,0.0,0.0,560.0,18.7,33.0
2023-12-08 03:48:10,0.0,0.0,573.0,18.6,33.0
2023-12-08 03:58:10,0.0,0.0,568.0,18.7,33.0
2023-12-08 04:08:10,0.0,0.0,564.0,18.6,33.0
2023-12-08 04:18:10,0.0,0.0,574.0,18.6,33.0
2023-12-08 04:28:10,0.0,0.0,576.0,18.5,33.0
2023-12-08 04:38:10,0.0,0.0,563.0,18.5,33.0
2023-12-08 04:48:10,0.0,0.0,569.0,18.5,33.0
2023-12-08 04:58:10,0.0,0.0,567.0,18.4,33.0
2023-12-08 05:08:10,0.0,0.0,571.0,18.4,33.0
2023-12-08 05:18:10,0.0,0.0,581.0,18.3,33.0
2023-12-08 05:28:10,0.0,0.0,590.0,18.3,34.0
2023-12-08 05:38:10,0.0,0.0,587.0,18.3,34.0
2023-12-08 05:48:10,0.0,0.0,594.0,18.3,34.0
2023-12-08 05:58:10,0.0,0.0,592.0,18.3,34.0
2023-12-08 06:08:09,0.0,0.0,608.0,18.2,34.0
2023-12-08 06:18:09,6.0,0.0,626.0,18.2,34.0
2023-12-08 06:28:09,0.0,0.0,611.0,18.2,34.0
2023-12-08 06:38:09,0.0,0.0,625.0,18.2,34.0
2023-12-08 06:48:09,0.0,0.0,632.0,18.2,34.0
2023-12-08 06:58:09,0.0,0.0,630.0,18.1,35.0
2023-12-08 07:08:09,0.0,3.0,541.0,18.2,34.0
2023-12-08 07:18:09,0.0,3.0,489.0,18.2,33.0
2023-12-08 07:28:09,0.0,3.0,461.0,18.4,32.0
2023-12-08 07:38:09,0.0,3.0,444.0,18.4,32.0
2023-12-08 07:48:09,0.0,6.0,442.0,18.3,31.0
2023-12-08 07:58:09,0.0,6.0,437.0,18.3,31.0
2023-12-08 08:08:09,0.0,6.0,430.0,18.3,31.0
2023-12-08 08:18:09,0.0,6.0,427.0,18.3,31.0
2023-12-08 08:28:09,0.0,10.0,432.0,18.3,31.0
2023-12-08 08:38:09,0.0,10.0,429.0,18.3,31.0
2023-12-08 08:48:09,4.0,10.0,473.0,18.3,31.0
2023-12-08 08:58:09,5.0,363.0,570.0,18.4,32.0
2023-12-08 09:08:09,1.0,363.0,598.0,18.6,33.0
2023-12-08 09:18:09,0.0,363.0,623.0,18.6,33.0
2023-12-08 09:28:09,0.0,363.0,638.0,18.7,33.0
2023-12-08 09:38:09,0.0,360.0,628.0,18.8,33.0
2023-12-08 09:48:08,11.0,363.0,558.0,18.7,32.0
2023-12-08 09:58:08,0.0,360.0,488.0,18.6,31.0
2023-12-08 10:08:08,0.0,363.0,463.0,18.5,31.0
2023-12-08 10:18:08,0.0,363.0,455.0,18.5,31.0
2023-12-08 10:28:08,0.0,367.0,474.0,18.5,31.0
2023-12-08 10:38:08,0.0,363.0,471.0,18.4,31.0
2023-12-08 10:48:08,0.0,373.0,479.0,18.4,31.0
2023-12-08 10:58:08,0.0,363.0,472.0,18.4,31.0
2023-12-08 11:08:08,0.0,363.0,492.0,18.4,31.0
2023-12-08 11:18:08,0.0,360.0,477.0,18.4,31.0
2023-12-08 11:28:08,0.0,360.0,494.0,18.4,31.0
2023-12-08 11:38:08,0.0,360.0,493.0,18.4,31.0
2023-12-08 11:48:08,0.0,357.0,495.0,18.4,31.0
2023-12-08 11:58:08,0.0,360.0,484.0,18.4,31.0
2023-12-08 12:08:08,0.0,360.0,489.0,18.4,30.0
2023-12-08 12:18:08,0.0,363.0,488.0,18.4,30.0
2023-12-08 12:28:08,0.0,360.0,479.0,18.4,30.0
2023-12-08 12:38:08,0.0,360.0,476.0,18.4,30.0
2023-12-08 12:48:08,0.0,360.0,469.0,18.4,30.0
2023-12-08 12:58:08,0.0,357.0,467.0,18.4,30.0
2023-12-08 13:08:08,7.0,357.0,511.0,18.4,30.0
2023-12-08 13:18:08,25.0,360.0,552.0,18.5,30.0
2023-12-08 13:28:07,23.0,357.0,598.0,18.5,31.0
2023-12-08 13:38:07,0.0,357.0,516.0,18.5,30.0
2023-12-08 13:48:07,0.0,360.0,487.0,18.4,30.0
2023-12-08 13:58:07,0.0,357.0,481.0,18.4,30.0
2023-12-08 14:08:07,0.0,353.0,474.0,18.4,30.0
2023-12-08 14:18:07,0.0,353.0,455.0,18.3,30.0
2023-12-08 14:28:07,0.0,353.0,461.0,18.3,30.0
2023-12-08 14:38:07,0.0,353.0,458.0,18.3,30.0
2023-12-08 14:48:07,0.0,350.0,463.0,18.3,30.0
2023-12-08 14:58:07,0.0,350.0,484.0,18.3,30.0
2023-12-08 15:08:07,0.0,350.0,489.0,18.3,30.0
2023-12-08 15:18:07,0.0,350.0,487.0,18.3,30.0
2023-12-08 15:28:07,0.0,350.0,491.0,18.3,30.0
2023-12-08 15:38:07,0.0,350.0,495.0,18.3,30.0
2023-12-08 15:48:07,0.0,350.0,474.0,18.3,30.0
2023-12-08 15:58:07,0.0,350.0,483.0,18.3,30.0
2023-12-08 16:08:07,0.0,350.0,562.0,18.2,31.0
2023-12-08 16:18:07,0.0,350.0,669.0,18.1,32.0
2023-12-08 16:28:07,0.0,350.0,748.0,18.0,33.0
2023-12-08 16:38:07,0.0,350.0,798.0,18.0,34.0
2023-12-08 16:48:07,0.0,350.0,835.0,17.9,34.0
2023-12-08 16:58:07,0.0,350.0,856.0,17.9,35.0
2023-12-08 17:08:06,0.0,350.0,859.0,17.9,35.0
2023-12-08 17:18:07,0.0,350.0,860.0,17.9,35.0
2023-12-08 17:28:06,0.0,350.0,878.0,17.9,36.0
2023-12-08 17:38:06,0.0,350.0,874.0,17.8,36.0
2023-12-08 17:48:06,0.0,350.0,881.0,17.8,36.0
2023-12-08 17:58:06,0.0,350.0,895.0,17.8,36.0
2023-12-08 18:08:06,0.0,350.0,882.0,17.7,36.0
2023-12-08 18:18:06,0.0,350.0,875.0,17.7,37.0
2023-12-08 18:28:06,0.0,350.0,882.0,17.8,37.0
2023-12-08 18:38:06,0.0,350.0,875.0,17.8,37.0
2023-12-08 18:48:06,0.0,350.0,889.0,17.8,37.0
2023-12-08 18:58:06,0.0,350.0,868.0,17.7,37.0
2023-12-08 19:08:06,0.0,350.0,871.0,17.7,37.0
2023-12-08 19:18:06,0.0,350.0,869.0,17.7,37.0
2023-12-08 19:28:06,0.0,350.0,867.0,17.7,37.0
2023-12-08 19:38:06,0.0,350.0,856.0,17.6,37.0
2023-12-08 19:48:06,0.0,350.0,853.0,17.6,37.0
2023-12-08 19:58:06,0.0,350.0,844.0,17.6,37.0
2023-12-08 20:08:06,0.0,350.0,843.0,17.6,37.0
2023-12-08 20:18:06,0.0,350.0,860.0,17.6,37.0
2023-12-08 20:28:06,0.0,350.0,848.0,17.6,37.0
2023-12-08 20:38:06,0.0,350.0,850.0,17.5,37.0
2023-12-08 20:48:05,0.0,350.0,850.0,17.5,37.0
2023-12-08 20:58:05,0.0,350.0,835.0,17.5,37.0
2023-12-08 21:08:05,0.0,350.0,831.0,17.5,37.0
2023-12-08 21:18:06,0.0,350.0,798.0,17.5,37.0
2023-12-08 21:28:05,0.0,350.0,787.0,17.5,37.0
2023-12-08 21:38:05,0.0,350.0,776.0,17.5,37.0
2023-12-08 21:48:05,0.0,350.0,767.0,17.4,37.0
2023-12-08 21:58:05,0.0,350.0,746.0,17.4,37.0
2023-12-08 22:08:05,0.0,350.0,733.0,17.4,37.0
2023-12-08 22:18:05,0.0,350.0,721.0,17.4,37.0
2023-12-08 22:28:05,0.0,350.0,718.0,17.4,37.0
2023-12-08 22:38:05,0.0,350.0,708.0,17.5,37.0
2023-12-08 22:48:05,0.0,350.0,695.0,17.4,37.0
2023-12-08 22:58:05,0.0,350.0,694.0,17.4,37.0
2023-12-08 23:08:05,0.0,350.0,672.0,17.3,37.0
2023-12-08 23:18:05,0.0,350.0,672.0,17.3,37.0
2023-12-08 23:28:05,0.0,350.0,673.0,17.3,37.0
2023-12-08 23:38:05,0.0,350.0,658.0,17.3,37.0
2023-12-08 23:48:05,0.0,350.0,652.0,17.3,37.0
2023-12-08 23:58:05,0.0,350.0,633.0,17.4,37.0
2023-12-09 00:08:05,0.0,350.0,639.0,17.3,37.0
2023-12-09 00:18:05,0.0,350.0,633.0,17.3,37.0
2023-12-09 00:28:05,0.0,350.0,628.0,17.3,37.0
2023-12-09 00:38:04,0.0,350.0,617.0,17.3,37.0
2023-12-09 00:48:04,0.0,350.0,610.0,17.2,37.0
2023-12-09 00:58:04,0.0,350.0,601.0,17.2,37.0
2023-12-09 01:08:04,0.0,350.0,601.0,17.3,37.0
2023-12-09 01:18:04,0.0,350.0,604.0,17.3,37.0
2023-12-09 01:28:04,0.0,350.0,588.0,17.2,37.0
2023-12-09 01:38:04,0.0,350.0,597.0,17.2,37.0
2023-12-09 01:48:04,0.0,350.0,587.0,17.2,37.0
2023-12-09 01:58:04,0.0,350.0,587.0,17.2,37.0
2023-12-09 02:08:04,0.0,350.0,579.0,17.2,37.0
2023-12-09 02:18:04,0.0,350.0,565.0,17.2,37.0
2023-12-09 02:28:04,0.0,350.0,567.0,17.2,37.0
2023-12-09 02:38:04,0.0,350.0,562.0,17.2,37.0
2023-12-09 02:48:04,0.0,350.0,562.0,17.2,36.0
2023-12-09 02:58:04,0.0,350.0,555.0,17.1,37.0
2023-12-09 03:08:04,0.0,350.0,554.0,17.2,37.0
2023-12-09 03:18:04,0.0,350.0,546.0,17.2,36.0
2023-12-09 03:28:04,0.0,350.0,551.0,17.1,36.0
2023-12-09 03:38:04,0.0,350.0,544.0,17.1,36.0
2023-12-09 03:48:04,0.0,350.0,546.0,17.2,36.0
2023-12-09 03:58:04,0.0,350.0,535.0,17.2,36.0
2023-12-09 04:08:04,0.0,350.0,545.0,17.1,36.0
2023-12-09 04:18:03,0.0,350.0,535.0,17.1,36.0
2023-12-09 04:28:03,0.0,350.0,539.0,17.1,36.0
2023-12-09 04:38:03,0.0,350.0,538.0,17.1,36.0
2023-12-09 04:48:03,0.0,350.0,525.0,17.1,36.0
2023-12-09 04:58:03,0.0,350.0,532.0,17.1,36.0
2023-12-09 05:08:03,0.0,350.0,521.0,17.1,36.0
2023-12-09 05:18:03,0.0,350.0,520.0,17.1,36.0
2023-12-09 05:28:03,0.0,350.0,518.0,17.1,36.0
2023-12-09 05:38:03,0.0,350.0,521.0,17.1,36.0
2023-12-09 05:48:03,0.0,350.0,521.0,17.1,36.0
2023-12-09 05:58:03,0.0,350.0,516.0,17.0,36.0
2023-12-09 06:08:03,0.0,350.0,508.0,17.1,36.0
2023-12-09 06:18:03,0.0,350.0,505.0,17.1,37.0
2023-12-09 06:28:03,0.0,350.0,501.0,17.2,37.0
2023-12-09 06:38:03,0.0,350.0,499.0,17.1,37.0
2023-12-09 06:48:03,0.0,350.0,495.0,17.2,37.0
2023-12-09 06:58:03,0.0,350.0,504.0,17.1,37.0
2023-12-09 07:08:03,0.0,350.0,497.0,17.1,37.0
2023-12-09 07:18:03,0.0,350.0,500.0,17.1,37.0
2023-12-09 07:28:03,0.0,350.0,491.0,17.1,37.0
2023-12-09 07:38:03,0.0,350.0,482.0,17.2,37.0
2023-12-09 07:48:03,0.0,353.0,494.0,17.2,37.0
2023-12-09 07:58:03,0.0,353.0,495.0,17.2,37.0
2023-12-09 08:08:02,0.0,357.0,491.0,17.2,37.0
2023-12-09 08:18:02,0.0,357.0,494.0,17.2,37.0
2023-12-09 08:28:02,1.0,10.0,495.0,17.2,37.0
2023-12-09 08:38:02,0.0,10.0,496.0,17.1,37.0
2023-12-09 08:48:02,0.0,10.0,486.0,17.1,37.0
2023-12-09 08:58:02,0.0,10.0,485.0,17.1,37.0
2023-12-09 09:08:02,0.0,10.0,488.0,17.2,37.0
2023-12-09 09:18:02,0.0,13.0,484.0,17.1,37.0
2023-12-09 09:28:02,0.0,13.0,475.0,17.1,37.0
2023-12-09 09:38:02,0.0,26.0,487.0,17.1,37.0
2023-12-09 09:48:02,0.0,23.0,485.0,17.0,37.0
2023-12-09 09:58:02,0.0,23.0,491.0,17.0,38.0
2023-12-09 10:08:02,0.0,13.0,482.0,17.0,37.0
2023-12-09 10:18:02,0.0,16.0,485.0,17.1,37.0
2023-12-09 10:28:02,0.0,23.0,482.0,17.0,37.0
2023-12-09 10:38:02,0.0,23.0,489.0,17.0,37.0
2023-12-09 10:48:02,0.0,13.0,494.0,17.0,38.0
2023-12-09 10:58:02,0.0,10.0,496.0,17.0,38.0
2023-12-09 11:08:02,0.0,16.0,485.0,16.9,38.0
2023-12-09 11:18:02,0.0,16.0,493.0,16.9,38.0
2023-12-09 11:28:02,0.0,16.0,482.0,17.0,38.0
2023-12-09 11:38:02,0.0,20.0,493.0,17.0,38.0
2023-12-09 11:48:01,0.0,23.0,495.0,17.0,38.0
2023-12-09 11:58:01,0.0,23.0,488.0,16.9,38.0
2023-12-09 12:08:01,0.0,20.0,499.0,17.0,38.0
2023-12-09 12:18:01,0.0,23.0,490.0,16.9,38.0
2023-12-09 12:28:01,0.0,13.0,493.0,17.0,38.0
2023-12-09 12:38:01,0.0,16.0,493.0,17.0,38.0
2023-12-09 12:48:01,0.0,16.0,493.0,17.1,38.0
2023-12-09 12:58:01,0.0,13.0,494.0,17.0,38.0
2023-12-09 13:08:01,0.0,13.0,497.0,16.9,38.0
2023-12-09 13:18:01,0.0,10.0,504.0,16.9,38.0
2023-12-09 13:28:01,0.0,10.0,499.0,16.9,38.0
2023-12-09 13:38:01,0.0,3.0,491.0,16.9,38.0
2023-12-09 13:48:01,0.0,3.0,500.0,16.9,38.0
2023-12-09 13:58:01,0.0,3.0,494.0,17.0,38.0
2023-12-09 14:08:01,0.0,3.0,494.0,17.0,39.0
2023-12-09 14:18:01,0.0,0.0,499.0,16.9,39.0
2023-12-09 14:28:01,0.0,0.0,499.0,16.9,39.0
2023-12-09 14:48:01,0.0,0.0,496.0,16.9,39.0
2023-12-09 14:58:01,0.0,0.0,495.0,16.9,39.0
2023-12-09 15:08:01,0.0,0.0,494.0,17.0,39.0
2023-12-09 15:18:01,0.0,0.0,496.0,17.0,39.0
2023-12-09 15:28:00,0.0,0.0,497.0,16.9,39.0
2023-12-09 15:38:00,0.0,0.0,501.0,16.9,39.0
2023-12-09 15:48:00,0.0,0.0,493.0,16.9,39.0
2023-12-09 15:58:00,0.0,0.0,489.0,16.8,39.0
2023-12-09 16:08:00,0.0,0.0,496.0,16.9,39.0
2023-12-09 16:18:00,0.0,0.0,496.0,16.9,39.0
2023-12-09 16:28:01,0.0,0.0,500.0,17.0,39.0
2023-12-09 16:38:00,0.0,0.0,487.0,16.9,39.0
2023-12-09 16:48:00,0.0,0.0,501.0,16.9,39.0
2023-12-09 16:58:00,0.0,0.0,495.0,16.8,39.0
2023-12-09 17:08:00,0.0,0.0,491.0,16.9,39.0
2023-12-09 17:18:00,0.0,0.0,490.0,16.8,40.0
2023-12-09 17:28:00,0.0,0.0,496.0,16.9,39.0
2023-12-09 17:38:00,0.0,0.0,488.0,17.0,40.0
2023-12-09 17:48:00,0.0,0.0,481.0,16.9,40.0
2023-12-09 17:58:00,0.0,0.0,485.0,16.9,40.0
2023-12-09 18:08:00,0.0,0.0,482.0,16.9,40.0
2023-12-09 18:18:00,0.0,0.0,491.0,16.9,40.0
2023-12-09 18:28:00,0.0,0.0,480.0,16.9,40.0
2023-12-09 18:38:00,0.0,0.0,473.0,16.8,40.0
2023-12-09 18:48:00,0.0,0.0,471.0,16.9,40.0
2023-12-09 18:58:00,0.0,0.0,473.0,16.9,40.0
2023-12-09 19:07:59,0.0,0.0,476.0,16.9,40.0
2023-12-09 19:17:59,0.0,0.0,477.0,16.8,40.0
2023-12-09 19:27:59,0.0,0.0,474.0,16.8,40.0
2023-12-09 19:37:59,0.0,0.0,470.0,16.7,40.0
2023-12-09 19:47:59,0.0,0.0,486.0,16.8,40.0
2023-12-09 19:57:59,0.0,0.0,477.0,16.8,40.0
2023-12-09 20:07:59,0.0,0.0,478.0,16.8,40.0
2023-12-09 20:17:59,0.0,0.0,482.0,16.8,40.0
2023-12-09 20:27:59,0.0,0.0,473.0,16.8,40.0
2023-12-09 20:37:59,0.0,0.0,473.0,16.8,40.0
2023-12-09 20:47:59,0.0,0.0,471.0,16.7,40.0
2023-12-09 20:57:59,0.0,0.0,470.0,16.7,40.0
2023-12-09 21:07:59,0.0,0.0,473.0,16.7,40.0
2023-12-09 21:17:59,0.0,0.0,473.0,16.7,40.0
2023-12-09 21:27:59,0.0,0.0,466.0,16.8,40.0
2023-12-09 21:37:59,0.0,0.0,472.0,16.8,40.0
2023-12-09 21:47:59,0.0,0.0,474.0,16.7,40.0
2023-12-09 21:57:59,0.0,0.0,472.0,16.7,40.0
2023-12-09 22:07:59,0.0,0.0,472.0,16.7,40.0
2023-12-09 22:17:59,0.0,0.0,461.0,16.7,40.0
2023-12-09 22:27:59,0.0,0.0,470.0,16.7,40.0
2023-12-09 22:37:59,0.0,0.0,463.0,16.7,40.0
2023-12-09 22:47:59,0.0,0.0,466.0,16.7,40.0
2023-12-09 22:57:58,0.0,0.0,464.0,16.7,40.0
2023-12-09 23:07:58,0.0,0.0,466.0,16.7,40.0
2023-12-09 23:17:58,0.0,0.0,464.0,16.8,40.0
2023-12-09 23:27:58,0.0,0.0,461.0,16.7,40.0
2023-12-09 23:37:58,0.0,0.0,462.0,16.7,40.0
2023-12-09 23:47:58,0.0,0.0,453.0,16.7,40.0
2023-12-09 23:57:58,0.0,0.0,451.0,16.7,40.0
2023-12-10 00:07:58,0.0,0.0,453.0,16.7,40.0
2023-12-10 00:17:58,0.0,0.0,455.0,16.7,40.0
2023-12-10 00:27:58,0.0,0.0,452.0,16.7,40.0
2023-12-10 00:37:58,0.0,0.0,453.0,16.7,40.0
2023-12-10 00:47:58,0.0,0.0,450.0,16.7,40.0
2023-12-10 00:57:58,0.0,0.0,458.0,16.7,40.0
2023-12-10 01:07:58,0.0,0.0,457.0,16.6,40.0
2023-12-10 01:17:58,0.0,0.0,451.0,16.6,40.0
2023-12-10 01:27:58,0.0,0.0,461.0,16.7,40.0
2023-12-10 01:37:58,0.0,0.0,451.0,16.7,40.0
2023-12-10 01:47:58,0.0,0.0,449.0,16.7,40.0
2023-12-10 01:57:58,0.0,0.0,448.0,16.7,40.0
2023-12-10 02:07:58,0.0,0.0,446.0,16.7,40.0
2023-12-10 02:17:58,0.0,0.0,450.0,16.7,40.0
2023-12-10 02:27:58,0.0,0.0,451.0,16.7,40.0
2023-12-10 02:37:58,0.0,0.0,448.0,16.7,40.0
2023-12-10 02:47:57,0.0,0.0,441.0,16.7,40.0
2023-12-10 02:57:57,0.0,0.0,451.0,16.7,40.0
2023-12-10 03:07:57,0.0,0.0,443.0,16.7,40.0
2023-12-10 03:17:57,0.0,0.0,451.0,16.7,40.0
2023-12-10 03:27:57,0.0,0.0,440.0,16.7,40.0
2023-12-10 03:37:57,0.0,0.0,441.0,16.7,40.0
2023-12-10 03:47:57,0.0,0.0,441.0,16.7,40.0
2023-12-10 03:57:57,0.0,0.0,435.0,16.7,40.0
2023-12-10 04:07:57,0.0,0.0,443.0,16.7,40.0
2023-12-10 04:17:57,0.0,0.0,433.0,16.7,40.0
2023-12-10 04:27:57,0.0,0.0,441.0,16.7,40.0
2023-12-10 04:37:57,0.0,0.0,443.0,16.7,40.0
2023-12-10 04:47:57,0.0,0.0,439.0,16.7,40.0
2023-12-10 04:57:57,0.0,0.0,437.0,16.7,40.0
2023-12-10 05:07:57,0.0,0.0,434.0,16.7,40.0
2023-12-10 05:17:57,0.0,0.0,433.0,16.7,40.0
2023-12-10 05:27:57,0.0,0.0,442.0,16.7,40.0
2023-12-10 05:37:57,0.0,0.0,435.0,16.7,40.0
2023-12-10 05:47:57,0.0,0.0,442.0,16.7,40.0
2023-12-10 05:57:57,0.0,0.0,436.0,16.7,40.0
2023-12-10 06:07:57,0.0,0.0,434.0,16.7,40.0
2023-12-10 06:17:56,0.0,0.0,431.0,16.7,40.0
2023-12-10 06:27:56,0.0,0.0,436.0,16.7,40.0
2023-12-10 06:37:56,0.0,0.0,437.0,16.8,40.0
2023-12-10 06:47:56,0.0,0.0,429.0,16.8,40.0
2023-12-10 06:57:56,0.0,0.0,435.0,16.8,40.0
2023-12-10 07:07:56,0.0,0.0,431.0,16.8,40.0
2023-12-10 07:17:56,0.0,0.0,435.0,16.8,40.0
2023-12-10 07:27:56,0.0,0.0,430.0,16.8,40.0
2023-12-10 07:37:56,0.0,0.0,442.0,16.8,41.0
2023-12-10 07:47:56,0.0,3.0,435.0,16.8,40.0
2023-12-10 07:57:56,0.0,6.0,428.0,16.8,40.0
2023-12-10 08:07:56,0.0,6.0,440.0,16.9,40.0
2023-12-10 08:17:56,0.0,6.0,436.0,16.9,40.0
2023-12-10 08:27:56,0.0,6.0,429.0,16.8,40.0
2023-12-10 08:37:56,0.0,6.0,432.0,16.8,40.0
2023-12-10 08:47:56,0.0,10.0,432.0,16.8,41.0
2023-12-10 08:57:56,0.0,13.0,432.0,16.8,41.0
2023-12-10 09:07:56,0.0,16.0,432.0,16.8,40.0
2023-12-10 09:17:56,0.0,16.0,436.0,16.9,40.0
2023-12-10 09:27:56,0.0,23.0,431.0,16.9,40.0
2023-12-10 09:37:56,0.0,16.0,427.0,16.8,40.0
2023-12-10 09:47:56,0.0,10.0,432.0,16.8,40.0
2023-12-10 09:57:56,0.0,10.0,429.0,16.8,40.0
2023-12-10 10:07:55,0.0,20.0,432.0,16.8,40.0
2023-12-10 10:17:56,0.0,16.0,432.0,16.8,40.0
2023-12-10 10:27:55,0.0,20.0,430.0,16.9,40.0
2023-12-10 10:37:55,0.0,20.0,432.0,16.9,40.0
2023-12-10 10:47:55,0.0,16.0,429.0,16.9,40.0
2023-12-10 10:57:55,0.0,16.0,428.0,16.9,40.0
2023-12-10 11:07:55,0.0,20.0,430.0,16.8,40.0
2023-12-10 11:17:55,0.0,20.0,436.0,16.8,40.0
2023-12-10 11:27:55,0.0,16.0,429.0,16.8,40.0
2023-12-10 11:37:55,0.0,33.0,434.0,16.9,40.0
2023-12-10 11:47:55,0.0,13.0,431.0,16.9,40.0
2023-12-10 11:57:55,0.0,16.0,430.0,16.9,40.0
2023-12-10 12:07:55,0.0,20.0,433.0,16.9,40.0
2023-12-10 12:17:55,0.0,16.0,433.0,16.9,40.0
2023-12-10 12:27:55,0.0,13.0,433.0,16.8,40.0
2023-12-10 12:37:55,0.0,13.0,435.0,16.9,40.0
2023-12-10 12:47:55,0.0,13.0,423.0,16.9,40.0
2023-12-10 12:57:55,0.0,13.0,426.0,16.9,40.0
2023-12-10 13:07:55,0.0,13.0,432.0,16.9,40.0
2023-12-10 13:17:55,0.0,16.0,423.0,16.8,40.0
2023-12-10 13:27:55,0.0,13.0,425.0,16.8,40.0
2023-12-10 13:37:55,0.0,10.0,428.0,16.9,40.0
2023-12-10 13:47:54,0.0,6.0,422.0,16.8,40.0
2023-12-10 13:57:54,0.0,6.0,425.0,16.9,40.0
2023-12-10 14:07:54,0.0,6.0,424.0,16.9,40.0
2023-12-10 14:17:54,0.0,3.0,432.0,16.8,40.0
2023-12-10 14:27:54,0.0,3.0,427.0,16.8,40.0
2023-12-10 14:37:54,0.0,0.0,418.0,16.9,40.0
2023-12-10 14:47:54,0.0,3.0,431.0,16.8,40.0
2023-12-10 14:57:54,0.0,0.0,430.0,16.9,40.0
2023-12-10 15:07:54,0.0,0.0,435.0,16.8,40.0
2023-12-10 15:17:54,0.0,0.0,425.0,16.9,40.0
2023-12-10 15:27:54,0.0,0.0,428.0,16.9,40.0
2023-12-10 15:37:54,0.0,0.0,426.0,16.8,40.0
2023-12-10 15:47:54,0.0,0.0,432.0,16.9,40.0
2023-12-10 15:57:54,0.0,0.0,427.0,16.9,40.0
2023-12-10 16:07:54,0.0,0.0,429.0,16.8,40.0
2023-12-10 16:17:54,0.0,0.0,427.0,16.9,40.0
2023-12-10 16:27:54,0.0,0.0,429.0,16.9,40.0
2023-12-10 16:37:54,0.0,0.0,422.0,16.9,40.0
2023-12-10 16:47:54,0.0,0.0,421.0,16.9,40.0
2023-12-10 16:57:54,0.0,0.0,423.0,16.9,40.0
2023-12-10 17:07:54,0.0,0.0,427.0,16.8,40.0
2023-12-10 17:17:54,0.0,0.0,425.0,16.9,40.0
2023-12-10 17:27:53,0.0,0.0,428.0,16.9,40.0
2023-12-10 17:37:53,0.0,0.0,426.0,16.9,40.0
2023-12-10 17:47:53,0.0,0.0,427.0,16.9,40.0
2023-12-10 17:57:53,0.0,0.0,427.0,16.9,40.0
2023-12-10 18:07:53,0.0,0.0,415.0,16.8,40.0
2023-12-10 18:17:53,0.0,0.0,423.0,16.8,40.0
2023-12-10 18:27:53,0.0,0.0,421.0,16.8,40.0
2023-12-10 18:37:53,0.0,0.0,425.0,16.8,40.0
2023-12-10 18:47:53,0.0,0.0,423.0,16.9,40.0
2023-12-10 18:57:53,0.0,0.0,415.0,16.9,40.0
2023-12-10 19:07:53,0.0,0.0,423.0,16.8,40.0
2023-12-10 19:17:53,0.0,0.0,422.0,16.8,40.0
2023-12-10 19:27:53,0.0,0.0,426.0,16.8,40.0
2023-12-10 19:37:53,0.0,0.0,421.0,16.7,40.0
2023-12-10 19:47:53,0.0,0.0,424.0,16.7,40.0
2023-12-10 19:57:53,0.0,0.0,423.0,16.7,40.0
2023-12-10 20:07:53,0.0,0.0,422.0,16.8,40.0
2023-12-10 20:17:53,0.0,0.0,420.0,16.8,40.0
2023-12-10 20:27:53,0.0,0.0,419.0,16.7,40.0
2023-12-10 20:37:53,0.0,0.0,422.0,16.7,40.0
2023-12-10 20:47:53,0.0,0.0,424.0,16.7,40.0
2023-12-10 20:57:53,0.0,0.0,428.0,16.7,40.0
2023-12-10 21:07:52,0.0,0.0,426.0,16.7,40.0
2023-12-10 21:17:53,0.0,0.0,421.0,16.7,40.0
2023-12-10 21:27:52,0.0,0.0,425.0,16.7,40.0
2023-12-10 21:37:52,0.0,0.0,421.0,16.7,40.0
2023-12-10 21:47:52,0.0,0.0,430.0,16.7,40.0
2023-12-10 21:57:52,0.0,0.0,422.0,16.7,40.0
2023-12-10 22:07:52,0.0,0.0,418.0,16.7,40.0
2023-12-10 22:17:52,0.0,0.0,419.0,16.7,40.0
2023-12-10 22:27:52,0.0,0.0,424.0,16.7,40.0
2023-12-10 22:37:52,0.0,0.0,422.0,16.7,40.0
2023-12-10 22:47:52,0.0,0.0,419.0,16.7,40.0
2023-12-10 22:57:52,0.0,0.0,422.0,16.7,40.0
2023-12-10 23:07:52,0.0,0.0,417.0,16.7,40.0
2023-12-10 23:17:52,0.0,0.0,418.0,16.7,40.0
2023-12-10 23:27:52,0.0,0.0,416.0,16.7,40.0
2023-12-10 23:37:52,0.0,0.0,414.0,16.7,40.0
2023-12-10 23:47:52,0.0,0.0,420.0,16.6,40.0
2023-12-10 23:57:52,0.0,0.0,416.0,16.7,40.0
2023-12-11 00:07:52,0.0,0.0,422.0,16.7,40.0
2023-12-11 00:17:52,0.0,0.0,417.0,16.7,40.0
2023-12-11 00:27:52,0.0,0.0,421.0,16.7,40.0
2023-12-11 00:37:52,0.0,0.0,410.0,16.7,40.0
2023-12-11 00:47:52,0.0,0.0,414.0,16.6,40.0
2023-12-11 00:57:51,0.0,0.0,414.0,16.6,40.0
2023-12-11 01:07:51,0.0,0.0,422.0,16.7,40.0
2023-12-11 01:17:51,0.0,0.0,419.0,16.6,40.0
2023-12-11 01:27:51,0.0,0.0,417.0,16.7,40.0
2023-12-11 01:37:51,0.0,0.0,419.0,16.7,40.0
2023-12-11 01:47:51,0.0,0.0,417.0,16.7,40.0
2023-12-11 01:57:51,0.0,0.0,416.0,16.7,40.0
2023-12-11 02:07:51,0.0,0.0,413.0,16.6,40.0
2023-12-11 02:17:51,0.0,0.0,418.0,16.7,40.0
2023-12-11 02:27:51,0.0,0.0,412.0,16.6,40.0
2023-12-11 02:37:51,0.0,0.0,418.0,16.6,41.0
2023-12-11 02:47:51,0.0,0.0,411.0,16.7,40.0
2023-12-11 02:57:51,0.0,0.0,414.0,16.7,40.0
2023-12-11 03:07:51,0.0,0.0,406.0,16.7,40.0
2023-12-11 03:17:51,0.0,0.0,408.0,16.7,40.0
2023-12-11 03:27:51,0.0,0.0,417.0,16.7,41.0
2023-12-11 03:37:51,0.0,0.0,415.0,16.7,41.0
2023-12-11 03:47:51,0.0,0.0,414.0,16.6,41.0
2023-12-11 03:57:51,0.0,0.0,407.0,16.6,40.0
2023-12-11 04:07:51,0.0,0.0,411.0,16.7,40.0
2023-12-11 04:17:51,0.0,0.0,412.0,16.7,40.0
2023-12-11 04:27:51,0.0,0.0,415.0,16.7,40.0
2023-12-11 04:37:50,0.0,0.0,422.0,16.7,40.0
2023-12-11 04:47:50,0.0,0.0,411.0,16.7,41.0
2023-12-11 04:57:50,0.0,0.0,403.0,16.6,41.0
2023-12-11 05:07:50,0.0,0.0,413.0,16.6,41.0
2023-12-11 05:17:50,0.0,0.0,409.0,16.6,41.0
2023-12-11 05:27:50,0.0,0.0,409.0,16.7,41.0
2023-12-11 05:37:50,0.0,0.0,418.0,16.6,40.0
2023-12-11 05:47:50,0.0,0.0,410.0,16.7,40.0
2023-12-11 05:57:50,0.0,0.0,401.0,16.7,41.0
2023-12-11 06:07:50,0.0,0.0,410.0,16.7,41.0
2023-12-11 06:17:50,0.0,0.0,413.0,16.7,41.0
2023-12-11 06:27:50,0.0,0.0,411.0,16.7,41.0
2023-12-11 06:37:50,0.0,0.0,415.0,16.7,41.0
2023-12-11 06:47:50,0.0,0.0,413.0,16.8,41.0
2023-12-11 06:57:50,0.0,0.0,408.0,16.8,41.0
2023-12-11 07:07:50,0.0,0.0,418.0,16.9,41.0
2023-12-11 07:17:50,0.0,3.0,422.0,16.9,40.0
2023-12-11 07:27:50,0.0,3.0,415.0,17.0,40.0
2023-12-11 07:37:50,0.0,3.0,415.0,17.1,40.0
2023-12-11 07:47:50,0.0,3.0,417.0,17.2,39.0
2023-12-11 07:57:50,0.0,6.0,400.0,17.3,39.0
2023-12-11 08:07:50,0.0,6.0,406.0,17.4,39.0
2023-12-11 08:17:49,0.0,10.0,411.0,17.6,39.0
2023-12-11 08:27:49,10.0,363.0,555.0,17.6,46.0
2023-12-11 08:37:49,13.0,363.0,549.0,18.0,48.0
2023-12-11 08:47:49,9.0,360.0,611.0,18.5,48.0
2023-12-11 08:57:49,0.0,360.0,611.0,18.9,47.0
2023-12-11 09:07:49,3.0,363.0,645.0,19.1,45.0
2023-12-11 09:17:49,2.0,363.0,644.0,19.4,44.0
2023-12-11 09:27:49,1.0,367.0,654.0,19.5,43.0
2023-12-11 09:37:49,0.0,367.0,622.0,19.6,42.0
2023-12-11 09:47:49,0.0,363.0,631.0,19.7,41.0
2023-12-11 09:57:49,1.0,367.0,639.0,19.8,40.0
2023-12-11 10:07:49,6.0,363.0,707.0,19.9,40.0
2023-12-11 10:17:49,0.0,363.0,709.0,20.0,40.0
2023-12-11 10:27:49,0.0,360.0,711.0,20.0,39.0
2023-12-11 10:37:49,17.0,357.0,784.0,20.0,40.0
2023-12-11 10:47:49,21.0,357.0,807.0,20.1,39.0
2023-12-11 10:57:49,6.0,363.0,759.0,20.0,39.0
2023-12-11 11:07:49,23.0,360.0,793.0,19.9,39.0
2023-12-11 11:17:49,15.0,360.0,801.0,19.9,39.0
2023-12-11 11:27:49,19.0,360.0,852.0,19.9,40.0
2023-12-11 11:37:49,13.0,357.0,826.0,19.8,39.0
2023-12-11 11:47:49,44.0,363.0,850.0,19.9,39.0
2023-12-11 11:57:49,12.0,370.0,626.0,19.7,37.0
2023-12-11 12:07:49,0.0,373.0,521.0,19.6,36.0
2023-12-11 12:17:48,0.0,373.0,477.0,19.7,35.0
2023-12-11 12:27:48,0.0,370.0,450.0,19.8,35.0
2023-12-11 12:37:48,0.0,373.0,443.0,19.9,34.0
2023-12-11 12:47:48,5.0,370.0,548.0,20.0,35.0
2023-12-11 12:57:48,0.0,370.0,574.0,20.2,35.0
2023-12-11 13:07:48,0.0,363.0,611.0,20.2,35.0
2023-12-11 13:17:49,0.0,367.0,619.0,20.1,35.0
2023-12-11 13:27:48,0.0,360.0,608.0,20.0,35.0
2023-12-11 13:37:48,0.0,357.0,617.0,20.0,35.0
2023-12-11 13:47:48,0.0,353.0,627.0,20.1,35.0
2023-12-11 13:57:48,3.0,353.0,635.0,20.2,35.0
2023-12-11 14:07:48,0.0,350.0,615.0,20.3,35.0
2023-12-11 14:17:48,0.0,350.0,625.0,20.4,35.0
2023-12-11 14:27:48,6.0,346.0,613.0,20.5,34.0
2023-12-11 14:37:48,4.0,350.0,622.0,20.4,34.0
2023-12-11 14:47:48,0.0,346.0,612.0,20.3,34.0
2023-12-11 14:57:48,0.0,346.0,611.0,20.2,34.0
2023-12-11 15:07:48,13.0,346.0,626.0,20.2,34.0
2023-12-11 15:17:48,1.0,350.0,574.0,20.3,34.0
2023-12-11 15:27:48,0.0,350.0,544.0,20.4,33.0
2023-12-11 15:37:48,0.0,350.0,533.0,20.5,33.0
2023-12-11 15:47:47,0.0,350.0,527.0,20.5,33.0
2023-12-11 15:57:47,0.0,346.0,518.0,20.6,32.0
2023-12-11 16:07:48,0.0,350.0,575.0,20.6,33.0
2023-12-11 16:17:47,0.0,346.0,645.0,20.6,34.0
2023-12-11 16:27:47,0.0,346.0,727.0,20.5,34.0
2023-12-11 16:37:47,8.0,0.0,751.0,20.6,35.0
2023-12-11 16:47:47,0.0,0.0,710.0,20.5,35.0
2023-12-11 16:57:47,0.0,0.0,668.0,20.5,34.0
2023-12-11 17:07:47,0.0,0.0,639.0,20.4,34.0
2023-12-11 17:17:47,0.0,0.0,623.0,20.5,34.0
2023-12-11 17:27:47,0.0,0.0,625.0,20.5,34.0
2023-12-11 17:37:47,0.0,0.0,622.0,20.5,34.0
2023-12-11 17:47:47,0.0,0.0,656.0,20.5,34.0
2023-12-11 17:57:47,0.0,0.0,673.0,20.5,35.0
2023-12-11 18:07:47,0.0,0.0,675.0,20.5,35.0
2023-12-11 18:17:47,0.0,0.0,696.0,20.5,35.0
2023-12-11 18:27:47,0.0,0.0,723.0,20.5,35.0
2023-12-11 18:37:47,0.0,0.0,739.0,20.5,35.0
2023-12-11 18:47:47,0.0,0.0,745.0,20.5,35.0
2023-12-11 18:57:47,0.0,0.0,764.0,20.5,35.0
2023-12-11 19:07:47,0.0,0.0,790.0,20.5,35.0
2023-12-11 19:17:47,0.0,0.0,784.0,20.5,35.0
2023-12-11 19:27:46,0.0,0.0,820.0,20.5,35.0
2023-12-11 19:37:46,0.0,0.0,836.0,20.6,35.0
2023-12-11 19:47:46,0.0,0.0,856.0,20.5,35.0
2023-12-11 19:57:46,0.0,0.0,875.0,20.5,36.0
2023-12-11 20:07:46,0.0,0.0,889.0,20.5,36.0
2023-12-11 20:17:46,0.0,0.0,887.0,20.5,36.0
2023-12-11 20:27:46,0.0,0.0,895.0,20.6,36.0
2023-12-11 20:37:46,0.0,0.0,905.0,20.6,36.0
2023-12-11 20:47:46,0.0,0.0,898.0,20.5,36.0
2023-12-11 20:57:46,0.0,0.0,895.0,20.6,36.0
2023-12-11 21:07:46,0.0,0.0,878.0,20.6,36.0
2023-12-11 21:17:46,0.0,0.0,878.0,20.6,36.0
2023-12-11 21:27:46,0.0,0.0,845.0,20.5,36.0
2023-12-11 21:37:46,0.0,0.0,829.0,20.6,35.0
2023-12-11 21:47:46,0.0,0.0,823.0,20.6,35.0
2023-12-11 21:57:46,0.0,0.0,807.0,20.6,35.0
2023-12-11 22:07:46,0.0,0.0,794.0,20.6,35.0
2023-12-11 22:17:46,0.0,0.0,774.0,20.6,35.0
2023-12-11 22:27:46,0.0,0.0,760.0,20.6,35.0
2023-12-11 22:37:46,0.0,0.0,747.0,20.7,35.0
2023-12-11 22:47:46,0.0,0.0,737.0,20.6,35.0
2023-12-11 22:57:45,0.0,0.0,717.0,20.6,35.0
2023-12-11 23:07:45,0.0,0.0,715.0,20.6,35.0
2023-12-11 23:17:45,0.0,0.0,695.0,20.6,35.0
2023-12-11 23:27:45,0.0,0.0,685.0,20.6,35.0
2023-12-11 23:37:45,0.0,0.0,671.0,20.6,35.0
2023-12-11 23:47:45,0.0,0.0,666.0,20.6,35.0
2023-12-11 23:57:45,0.0,0.0,660.0,20.6,35.0
2023-12-12 00:07:45,0.0,0.0,653.0,20.6,34.0
2023-12-12 00:17:45,0.0,0.0,648.0,20.6,34.0
2023-12-12 00:27:45,0.0,0.0,625.0,20.6,35.0
2023-12-12 00:37:45,0.0,0.0,616.0,20.6,34.0
2023-12-12 00:47:45,0.0,0.0,610.0,20.6,34.0
2023-12-12 00:57:45,0.0,0.0,606.0,20.7,34.0
2023-12-12 01:07:45,0.0,0.0,598.0,20.6,34.0
2023-12-12 01:17:45,0.0,0.0,594.0,20.6,34.0
2023-12-12 01:27:45,0.0,0.0,590.0,20.7,34.0
2023-12-12 01:37:45,0.0,0.0,574.0,20.6,34.0
2023-12-12 01:47:45,0.0,0.0,572.0,20.6,34.0
2023-12-12 01:57:45,0.0,0.0,561.0,20.5,34.0
2023-12-12 02:07:45,0.0,0.0,560.0,20.6,34.0
2023-12-12 02:17:45,0.0,0.0,562.0,20.6,34.0
2023-12-12 02:27:45,0.0,0.0,551.0,20.7,34.0
2023-12-12 02:37:44,0.0,0.0,557.0,20.7,34.0
2023-12-12 02:47:45,0.0,0.0,537.0,20.6,34.0
2023-12-12 02:57:44,0.0,0.0,535.0,20.6,34.0
2023-12-12 03:07:44,0.0,0.0,538.0,20.6,34.0
2023-12-12 03:17:44,0.0,0.0,532.0,20.7,34.0
2023-12-12 03:27:44,0.0,0.0,526.0,20.6,34.0
2023-12-12 03:37:44,0.0,0.0,523.0,20.6,33.0
2023-12-12 03:47:44,0.0,0.0,517.0,20.6,34.0
2023-12-12 03:57:44,0.0,0.0,514.0,20.7,33.0
2023-12-12 04:07:44,0.0,0.0,504.0,20.7,33.0
2023-12-12 04:17:44,0.0,0.0,495.0,20.7,33.0
2023-12-12 04:27:44,0.0,0.0,496.0,20.7,33.0
2023-12-12 04:37:44,0.0,0.0,496.0,20.6,33.0
2023-12-12 04:47:44,0.0,0.0,492.0,20.7,33.0
2023-12-12 04:57:44,0.0,0.0,491.0,20.6,33.0
2023-12-12 05:07:44,0.0,0.0,488.0,20.7,33.0
2023-12-12 05:17:44,0.0,0.0,485.0,20.6,33.0
2023-12-12 05:27:44,0.0,0.0,485.0,20.6,33.0
2023-12-12 05:37:44,0.0,0.0,480.0,20.6,33.0
2023-12-12 05:47:44,0.0,0.0,475.0,20.6,33.0
2023-12-12 05:57:44,0.0,0.0,475.0,20.6,33.0
2023-12-12 06:07:44,0.0,0.0,476.0,20.7,33.0
2023-12-12 06:17:43,0.0,0.0,480.0,20.7,33.0
2023-12-12 06:27:43,0.0,0.0,477.0,20.7,33.0
2023-12-12 06:37:43,0.0,0.0,471.0,20.7,33.0
2023-12-12 06:47:43,0.0,0.0,472.0,20.7,32.0
2023-12-12 06:57:43,0.0,0.0,477.0,20.7,32.0
2023-12-12 07:07:43,0.0,0.0,437.0,20.7,30.0
2023-12-12 07:17:43,0.0,0.0,416.0,20.7,28.0
2023-12-12 07:27:43,5.0,3.0,428.0,20.6,28.0
2023-12-12 07:37:43,0.0,3.0,418.0,20.5,30.0
2023-12-12 07:47:43,0.0,6.0,409.0,20.5,28.0
2023-12-12 07:57:43,0.0,10.0,404.0,20.5,27.0
2023-12-12 08:07:43,0.0,10.0,405.0,20.5,27.0
2023-12-12 08:17:43,0.0,13.0,405.0,20.6,27.0
2023-12-12 08:27:43,0.0,20.0,402.0,20.6,26.0
2023-12-12 08:37:43,0.0,20.0,400.0,20.6,26.0
2023-12-12 08:47:43,0.0,23.0,407.0,20.6,26.0
2023-12-12 08:57:43,0.0,26.0,411.0,20.5,26.0
2023-12-12 09:07:43,0.0,26.0,412.0,20.6,26.0
2023-12-12 09:17:43,0.0,26.0,414.0,20.6,26.0
2023-12-12 09:27:43,0.0,26.0,409.0,20.6,26.0
2023-12-12 09:37:43,0.0,33.0,415.0,20.6,26.0
2023-12-12 09:47:43,0.0,37.0,423.0,20.6,26.0
2023-12-12 09:57:42,0.0,40.0,414.0,20.6,26.0
2023-12-12 10:07:42,12.0,383.0,522.0,20.6,27.0
2023-12-12 10:17:42,5.0,394.0,576.0,20.8,27.0
2023-12-12 10:27:42,0.0,390.0,593.0,20.9,28.0
2023-12-12 10:37:42,0.0,390.0,599.0,20.9,28.0
2023-12-12 10:47:42,4.0,383.0,605.0,20.8,28.0
2023-12-12 10:57:42,19.0,387.0,623.0,20.8,28.0
2023-12-12 11:07:42,3.0,380.0,634.0,20.7,28.0
2023-12-12 11:17:42,2.0,380.0,593.0,20.8,28.0
2023-12-12 11:27:42,0.0,387.0,545.0,20.9,27.0
2023-12-12 11:37:42,0.0,387.0,516.0,21.0,27.0
2023-12-12 11:47:42,0.0,380.0,507.0,21.0,27.0
2023-12-12 11:57:42,0.0,380.0,515.0,20.9,27.0
2023-12-12 12:07:42,4.0,380.0,527.0,20.8,27.0
2023-12-12 12:17:42,0.0,377.0,508.0,20.8,27.0
2023-12-12 12:27:42,16.0,30.0,536.0,20.8,27.0
2023-12-12 12:37:42,0.0,30.0,458.0,20.7,26.0
2023-12-12 12:47:42,0.0,33.0,435.0,20.7,26.0
2023-12-12 12:57:42,0.0,33.0,436.0,20.7,26.0
2023-12-12 13:07:42,0.0,26.0,438.0,20.7,26.0
2023-12-12 13:17:42,0.0,23.0,439.0,20.6,26.0
2023-12-12 13:27:42,4.0,373.0,471.0,20.6,26.0
2023-12-12 13:37:41,0.0,367.0,569.0,20.8,27.0
2023-12-12 13:47:41,0.0,360.0,616.0,20.9,27.0
2023-12-12 13:57:41,2.0,357.0,635.0,20.9,28.0
2023-12-12 14:07:41,0.0,353.0,649.0,20.9,28.0
2023-12-12 14:17:41,0.0,350.0,622.0,20.9,27.0
2023-12-12 14:27:42,5.0,3.0,590.0,20.8,27.0
2023-12-12 14:37:41,0.0,3.0,498.0,20.7,27.0
2023-12-12 14:47:41,0.0,3.0,467.0,20.7,26.0
2023-12-12 14:57:41,0.0,3.0,448.0,20.7,26.0
2023-12-12 15:07:41,0.0,3.0,437.0,20.6,26.0
2023-12-12 15:17:41,0.0,0.0,429.0,20.6,26.0
2023-12-12 15:27:41,0.0,0.0,443.0,20.6,26.0
2023-12-12 15:37:41,0.0,0.0,431.0,20.6,26.0
2023-12-12 15:47:41,0.0,0.0,434.0,20.5,26.0
2023-12-12 15:57:41,0.0,0.0,425.0,20.5,25.0
2023-12-12 16:07:41,0.0,0.0,469.0,20.6,26.0
2023-12-12 16:17:41,0.0,0.0,530.0,20.6,27.0
2023-12-12 16:27:41,0.0,0.0,571.0,20.6,28.0
2023-12-12 16:37:41,0.0,0.0,606.0,20.6,29.0
2023-12-12 16:47:41,0.0,0.0,631.0,20.6,29.0
2023-12-12 16:57:41,0.0,0.0,643.0,20.6,29.0
2023-12-12 17:07:41,0.0,0.0,658.0,20.6,30.0
2023-12-12 17:17:40,0.0,0.0,663.0,20.6,30.0
2023-12-12 17:27:40,0.0,0.0,670.0,20.6,30.0
2023-12-12 17:37:40,0.0,0.0,676.0,20.6,31.0
2023-12-12 17:47:40,0.0,0.0,661.0,20.6,31.0
2023-12-12 17:57:40,0.0,0.0,660.0,20.6,31.0
2023-12-12 18:07:40,0.0,0.0,662.0,20.6,31.0
2023-12-12 18:17:40,0.0,0.0,652.0,20.6,31.0
2023-12-12 18:27:40,0.0,0.0,646.0,20.6,31.0
2023-12-12 18:37:40,0.0,0.0,629.0,20.5,31.0
2023-12-12 18:47:40,0.0,0.0,628.0,20.6,31.0
2023-12-12 18:57:40,0.0,0.0,617.0,20.6,31.0
2023-12-12 19:07:40,0.0,0.0,626.0,20.6,31.0
2023-12-12 19:17:40,0.0,0.0,615.0,20.6,31.0
2023-12-12 19:27:40,0.0,0.0,608.0,20.6,31.0
2023-12-12 19:37:40,0.0,0.0,608.0,20.5,31.0
2023-12-12 19:47:40,0.0,0.0,594.0,20.5,31.0
2023-12-12 19:57:40,0.0,0.0,596.0,20.6,31.0
2023-12-12 20:07:40,0.0,0.0,585.0,20.6,31.0
2023-12-12 20:17:40,0.0,0.0,586.0,20.5,31.0
2023-12-12 20:27:40,0.0,0.0,582.0,20.5,31.0
2023-12-12 20:37:40,0.0,0.0,586.0,20.6,31.0
2023-12-12 20:47:40,0.0,0.0,576.0,20.5,31.0
2023-12-12 20:57:39,0.0,0.0,573.0,20.6,31.0
2023-12-12 21:07:40,0.0,0.0,564.0,20.6,31.0
2023-12-12 21:17:39,0.0,0.0,563.0,20.6,31.0
2023-12-12 21:27:40,0.0,0.0,565.0,20.6,31.0
2023-12-12 21:37:39,0.0,0.0,559.0,20.5,31.0
2023-12-12 21:47:39,0.0,0.0,566.0,20.6,31.0
2023-12-12 21:57:39,0.0,0.0,556.0,20.5,31.0
2023-12-12 22:07:39,0.0,0.0,544.0,20.5,31.0
2023-12-12 22:17:39,0.0,0.0,543.0,20.5,31.0
2023-12-12 22:27:39,0.0,0.0,537.0,20.5,31.0
2023-12-12 22:37:39,0.0,0.0,540.0,20.6,31.0
2023-12-12 22:47:39,0.0,0.0,535.0,20.5,31.0
2023-12-12 22:57:39,0.0,0.0,532.0,20.5,31.0
2023-12-12 23:07:39,0.0,0.0,534.0,20.5,31.0
2023-12-12 23:17:39,0.0,0.0,525.0,20.5,31.0
2023-12-12 23:27:39,0.0,0.0,532.0,20.5,31.0
2023-12-12 23:37:39,0.0,0.0,518.0,20.5,31.0
2023-12-12 23:47:39,0.0,0.0,524.0,20.5,31.0
2023-12-12 23:57:39,0.0,0.0,508.0,20.5,31.0
2023-12-13 00:07:39,0.0,0.0,506.0,20.5,31.0
2023-12-13 00:17:39,0.0,0.0,508.0,20.5,31.0
2023-12-13 00:27:38,0.0,0.0,497.0,20.5,31.0
2023-12-13 00:37:38,0.0,0.0,499.0,20.5,31.0
2023-12-13 00:47:38,0.0,0.0,489.0,20.5,31.0
2023-12-13 00:57:38,0.0,0.0,493.0,20.5,31.0
2023-12-13 01:07:38,0.0,0.0,496.0,20.5,31.0
2023-12-13 01:17:38,0.0,0.0,494.0,20.4,30.0
2023-12-13 01:27:38,0.0,0.0,495.0,20.5,31.0
2023-12-13 01:37:38,0.0,0.0,483.0,20.5,31.0
2023-12-13 01:47:38,0.0,0.0,485.0,20.4,31.0
2023-12-13 01:57:38,0.0,0.0,480.0,20.5,31.0
2023-12-13 02:07:38,0.0,0.0,485.0,20.5,31.0
2023-12-13 02:17:38,0.0,0.0,482.0,20.5,31.0
2023-12-13 02:27:39,0.0,0.0,470.0,20.5,31.0
2023-12-13 02:37:39,0.0,0.0,475.0,20.4,30.0
2023-12-13 02:47:38,0.0,0.0,472.0,20.5,30.0
2023-12-13 02:57:38,0.0,0.0,465.0,20.4,30.0
2023-12-13 03:07:38,0.0,0.0,461.0,20.5,30.0
2023-12-13 03:17:38,0.0,0.0,460.0,20.4,30.0
2023-12-13 03:27:38,0.0,0.0,459.0,20.5,30.0
2023-12-13 03:37:38,0.0,0.0,458.0,20.4,30.0
2023-12-13 03:47:38,0.0,0.0,465.0,20.4,30.0
2023-12-13 03:57:38,0.0,0.0,466.0,20.4,30.0
2023-12-13 04:07:37,0.0,0.0,450.0,20.4,30.0
2023-12-13 04:17:37,0.0,0.0,460.0,20.4,30.0
2023-12-13 04:27:37,0.0,0.0,460.0,20.4,30.0
2023-12-13 04:37:37,0.0,0.0,452.0,20.4,30.0
2023-12-13 04:47:37,0.0,0.0,453.0,20.4,30.0
2023-12-13 04:57:37,0.0,0.0,451.0,20.4,30.0
2023-12-13 05:07:37,0.0,0.0,446.0,20.4,30.0
2023-12-13 05:17:37,0.0,0.0,450.0,20.4,30.0
2023-12-13 05:27:37,0.0,0.0,447.0,20.4,30.0
2023-12-13 05:37:37,0.0,0.0,451.0,20.4,30.0
2023-12-13 05:47:37,0.0,0.0,441.0,20.4,30.0
2023-12-13 05:57:37,0.0,0.0,442.0,20.5,30.0
2023-12-13 06:07:37,0.0,0.0,443.0,20.5,30.0
2023-12-13 06:17:37,0.0,0.0,436.0,20.5,30.0
2023-12-13 06:27:37,0.0,0.0,444.0,20.4,30.0
2023-12-13 06:37:37,0.0,0.0,443.0,20.3,30.0
2023-12-13 06:47:37,0.0,0.0,436.0,20.4,30.0
2023-12-13 06:57:37,0.0,0.0,439.0,20.3,29.0
2023-12-13 07:07:37,0.0,0.0,416.0,20.4,27.0
2023-12-13 07:17:37,0.0,0.0,403.0,20.4,25.0
2023-12-13 07:27:37,0.0,3.0,398.0,20.4,24.0
2023-12-13 07:37:37,0.0,3.0,393.0,20.4,24.0
2023-12-13 07:47:36,0.0,6.0,397.0,20.4,23.0
2023-12-13 07:57:36,0.0,6.0,403.0,20.4,23.0
2023-12-13 08:07:37,0.0,10.0,396.0,20.3,23.0
2023-12-13 08:17:36,0.0,13.0,395.0,20.4,23.0
2023-12-13 08:27:36,0.0,20.0,398.0,20.4,23.0
2023-12-13 08:37:36,0.0,23.0,400.0,20.3,23.0
2023-12-13 08:47:36,0.0,23.0,399.0,20.3,23.0
2023-12-13 08:57:36,0.0,26.0,389.0,20.3,23.0
2023-12-13 09:07:36,0.0,33.0,397.0,20.3,23.0
2023-12-13 09:17:36,0.0,33.0,404.0,20.4,23.0
2023-12-13 09:27:36,0.0,30.0,398.0,20.4,23.0
2023-12-13 09:37:36,0.0,33.0,410.0,20.4,23.0
2023-12-13 09:47:36,0.0,37.0,409.0,20.4,23.0
2023-12-13 09:57:36,0.0,40.0,416.0,20.4,23.0
2023-12-13 10:07:36,0.0,43.0,412.0,20.4,23.0
2023-12-13 10:17:36,0.0,47.0,405.0,20.4,23.0
2023-12-13 10:27:36,5.0,87.0,457.0,20.3,23.0
2023-12-13 10:37:36,0.0,77.0,468.0,20.3,24.0
2023-12-13 10:47:36,3.0,77.0,501.0,20.3,24.0
2023-12-13 10:57:36,2.0,80.0,473.0,20.3,24.0
2023-12-13 11:07:36,1.0,84.0,470.0,20.3,23.0
2023-12-13 11:17:36,2.0,84.0,520.0,20.2,24.0
2023-12-13 11:27:35,0.0,84.0,529.0,20.3,24.0
2023-12-13 11:37:35,2.0,77.0,495.0,20.2,24.0
2023-12-13 11:47:35,0.0,70.0,458.0,20.2,23.0
2023-12-13 11:57:35,0.0,67.0,431.0,20.2,23.0
2023-12-13 12:07:35,0.0,63.0,427.0,20.2,23.0
2023-12-13 12:17:35,0.0,60.0,409.0,20.2,23.0
2023-12-13 12:27:35,0.0,57.0,416.0,20.2,23.0
2023-12-13 12:37:35,0.0,57.0,421.0,20.2,23.0
2023-12-13 12:47:35,0.0,57.0,416.0,20.2,23.0
2023-12-13 12:57:35,0.0,50.0,411.0,20.1,23.0
2023-12-13 13:07:35,0.0,47.0,412.0,20.1,23.0
2023-12-13 13:17:35,0.0,43.0,406.0,20.2,23.0
2023-12-13 13:27:35,0.0,40.0,407.0,20.2,23.0
2023-12-13 13:37:35,0.0,30.0,407.0,20.1,23.0
2023-12-13 13:47:35,0.0,26.0,406.0,20.1,23.0
2023-12-13 13:57:35,0.0,23.0,406.0,20.1,23.0
2023-12-13 14:07:35,0.0,20.0,420.0,20.1,23.0
2023-12-13 14:17:35,0.0,13.0,427.0,20.1,23.0
2023-12-13 14:27:35,0.0,6.0,432.0,20.1,23.0
2023-12-13 14:37:35,0.0,3.0,414.0,20.1,23.0
2023-12-13 14:47:35,0.0,3.0,413.0,20.1,23.0
2023-12-13 14:57:35,0.0,3.0,413.0,20.1,23.0
2023-12-13 15:07:34,0.0,3.0,405.0,20.1,23.0
2023-12-13 15:17:34,0.0,0.0,415.0,20.1,23.0
2023-12-13 15:27:34,0.0,0.0,423.0,20.1,23.0
2023-12-13 15:37:34,0.0,0.0,432.0,20.1,23.0
2023-12-13 15:47:34,0.0,0.0,423.0,20.1,23.0
2023-12-13 15:57:34,0.0,0.0,416.0,20.0,23.0
2023-12-13 16:07:34,0.0,3.0,518.0,20.0,24.0
2023-12-13 16:17:34,0.0,0.0,621.0,20.0,26.0
2023-12-13 16:27:34,0.0,0.0,684.0,20.0,27.0
2023-12-13 16:37:34,0.0,0.0,736.0,20.0,28.0
2023-12-13 16:47:34,0.0,0.0,780.0,20.1,28.0
2023-12-13 16:57:34,0.0,0.0,790.0,20.1,29.0
2023-12-13 17:07:34,0.0,0.0,868.0,20.1,30.0
2023-12-13 17:17:34,0.0,0.0,898.0,20.1,30.0
2023-12-13 17:27:34,0.0,0.0,888.0,20.1,30.0
2023-12-13 17:37:34,0.0,0.0,868.0,20.1,30.0
2023-12-13 17:47:34,0.0,0.0,853.0,20.1,31.0
2023-12-13 17:57:34,0.0,0.0,827.0,20.0,30.0
2023-12-13 18:07:34,0.0,0.0,770.0,20.0,30.0
2023-12-13 18:17:34,0.0,0.0,726.0,20.1,30.0
2023-12-13 18:27:34,0.0,0.0,693.0,20.0,30.0
2023-12-13 18:37:34,0.0,0.0,678.0,20.1,30.0
2023-12-13 18:47:34,0.0,0.0,657.0,20.0,29.0
2023-12-13 18:57:34,0.0,0.0,650.0,20.0,29.0
2023-12-13 19:07:33,0.0,0.0,643.0,20.0,29.0
2023-12-13 19:17:33,0.0,0.0,639.0,20.1,29.0
2023-12-13 19:27:33,0.0,0.0,646.0,20.1,29.0
2023-12-13 19:37:33,0.0,0.0,642.0,20.1,29.0
2023-12-13 19:47:33,0.0,0.0,649.0,20.0,29.0
2023-12-13 19:57:33,0.0,0.0,650.0,20.0,29.0
2023-12-13 20:07:33,0.0,0.0,653.0,20.0,29.0
2023-12-13 20:17:33,0.0,0.0,650.0,20.0,29.0
2023-12-13 20:27:33,0.0,0.0,659.0,20.1,29.0
2023-12-13 20:37:33,0.0,0.0,652.0,20.0,29.0
2023-12-13 20:47:33,0.0,0.0,659.0,20.0,29.0
2023-12-13 20:57:33,0.0,0.0,643.0,20.0,29.0
2023-12-13 21:07:33,0.0,0.0,649.0,20.0,29.0
2023-12-13 21:17:33,0.0,0.0,643.0,20.0,29.0
2023-12-13 21:27:33,0.0,0.0,639.0,20.0,29.0
2023-12-13 21:37:33,0.0,0.0,636.0,20.0,29.0
2023-12-13 21:47:33,0.0,0.0,644.0,20.0,29.0
2023-12-13 21:57:33,0.0,0.0,642.0,20.0,30.0
2023-12-13 22:07:33,0.0,0.0,645.0,20.0,30.0
2023-12-13 22:17:33,0.0,0.0,638.0,20.0,29.0
2023-12-13 22:27:32,0.0,0.0,639.0,20.0,30.0
2023-12-13 22:37:32,0.0,0.0,652.0,20.0,30.0
2023-12-13 22:47:32,0.0,0.0,640.0,20.1,30.0
2023-12-13 22:57:32,0.0,0.0,654.0,20.0,30.0
2023-12-13 23:07:32,0.0,0.0,655.0,20.0,30.0
2023-12-13 23:17:32,0.0,0.0,654.0,20.0,30.0
2023-12-13 23:27:32,0.0,0.0,656.0,20.1,30.0
2023-12-13 23:37:32,0.0,0.0,662.0,20.0,30.0
2023-12-13 23:47:32,0.0,0.0,677.0,20.0,30.0
2023-12-13 23:57:32,0.0,0.0,660.0,20.0,30.0
2023-12-14 00:07:32,0.0,0.0,664.0,20.1,30.0
2023-12-14 00:17:32,0.0,0.0,654.0,20.1,30.0
2023-12-14 00:27:32,0.0,0.0,653.0,20.1,30.0
2023-12-14 00:37:32,0.0,0.0,663.0,20.0,30.0
2023-12-14 00:47:32,0.0,0.0,664.0,20.0,30.0
2023-12-14 00:57:32,0.0,0.0,661.0,20.0,30.0
2023-12-14 01:07:32,0.0,0.0,653.0,20.1,30.0
2023-12-14 01:17:32,0.0,0.0,648.0,20.1,30.0
2023-12-14 01:27:32,0.0,0.0,649.0,20.0,30.0
2023-12-14 01:37:32,0.0,0.0,657.0,20.0,30.0
2023-12-14 01:47:32,0.0,0.0,653.0,20.0,30.0
2023-12-14 01:57:32,0.0,0.0,633.0,20.0,30.0
2023-12-14 02:07:31,0.0,0.0,635.0,20.0,30.0
2023-12-14 02:17:31,0.0,0.0,639.0,20.0,30.0
2023-12-14 02:27:31,0.0,0.0,631.0,20.0,30.0
2023-12-14 02:37:31,0.0,0.0,624.0,20.0,30.0
2023-12-14 02:47:31,0.0,0.0,628.0,20.0,30.0
2023-12-14 02:57:31,0.0,0.0,625.0,20.0,30.0
2023-12-14 03:07:31,0.0,0.0,615.0,20.0,30.0
2023-12-14 03:17:31,0.0,0.0,616.0,20.0,30.0
2023-12-14 03:27:31,0.0,0.0,607.0,20.0,30.0
2023-12-14 03:37:31,0.0,0.0,610.0,20.1,30.0
2023-12-14 03:47:31,0.0,0.0,621.0,20.0,30.0
2023-12-14 03:57:31,0.0,0.0,612.0,20.0,30.0
2023-12-14 04:07:31,0.0,0.0,609.0,20.0,30.0
2023-12-14 04:17:31,0.0,0.0,606.0,20.0,30.0
2023-12-14 04:27:31,0.0,0.0,595.0,20.0,30.0
2023-12-14 04:37:31,0.0,0.0,600.0,20.0,30.0
2023-12-14 04:57:31,0.0,0.0,600.0,20.0,30.0
2023-12-14 05:07:31,0.0,0.0,592.0,20.0,30.0
2023-12-14 05:17:31,0.0,0.0,602.0,20.1,30.0
2023-12-14 05:27:31,0.0,0.0,593.0,20.1,30.0
2023-12-14 05:37:31,0.0,0.0,600.0,20.1,30.0
2023-12-14 05:47:30,0.0,0.0,583.0,20.1,30.0
2023-12-14 05:57:30,0.0,0.0,584.0,20.1,30.0
2023-12-14 06:07:30,0.0,0.0,601.0,20.1,30.0
2023-12-14 06:17:30,0.0,0.0,608.0,20.1,30.0
2023-12-14 06:27:30,0.0,0.0,628.0,20.0,30.0
2023-12-14 06:37:30,0.0,0.0,618.0,20.0,30.0
2023-12-14 06:47:30,0.0,0.0,618.0,20.0,31.0
2023-12-14 06:57:30,0.0,0.0,616.0,20.1,31.0
2023-12-14 07:07:30,0.0,3.0,524.0,20.2,28.0
2023-12-14 07:17:30,0.0,3.0,457.0,20.1,26.0
2023-12-14 07:27:30,0.0,3.0,437.0,20.1,25.0
2023-12-14 07:37:30,0.0,6.0,420.0,20.1,25.0
2023-12-14 07:47:30,0.0,10.0,413.0,20.1,24.0
2023-12-14 07:57:30,2.0,16.0,410.0,20.1,24.0
2023-12-14 08:07:30,4.0,360.0,480.0,20.2,25.0
2023-12-14 08:17:30,2.0,367.0,484.0,20.3,25.0
2023-12-14 08:27:30,0.0,373.0,444.0,20.2,24.0
2023-12-14 08:37:30,0.0,380.0,429.0,20.1,24.0
2023-12-14 08:47:30,0.0,380.0,426.0,20.2,24.0
2023-12-14 08:57:30,1.0,383.0,427.0,20.1,24.0
2023-12-14 09:07:30,0.0,394.0,504.0,20.2,25.0
2023-12-14 09:17:30,36.0,390.0,658.0,20.4,26.0
2023-12-14 09:27:29,39.0,394.0,707.0,20.4,27.0
2023-12-14 09:37:29,35.0,394.0,738.0,20.5,27.0
2023-12-14 09:47:29,34.0,400.0,729.0,20.4,27.0
2023-12-14 09:57:29,39.0,417.0,727.0,20.4,28.0
2023-12-14 10:07:29,0.0,414.0,569.0,20.3,26.0
2023-12-14 10:17:29,0.0,421.0,494.0,20.2,26.0
2023-12-14 10:27:29,0.0,421.0,466.0,20.2,25.0
2023-12-14 10:37:29,0.0,424.0,444.0,20.3,25.0
2023-12-14 10:47:29,0.0,417.0,463.0,20.3,25.0
2023-12-14 10:57:29,0.0,417.0,467.0,20.4,25.0
2023-12-14 11:07:29,0.0,414.0,455.0,20.3,24.0
2023-12-14 11:17:29,0.0,407.0,452.0,20.3,24.0
2023-12-14 11:27:29,0.0,404.0,482.0,20.3,25.0
2023-12-14 11:37:29,0.0,407.0,488.0,20.3,25.0
2023-12-14 11:47:29,0.0,404.0,484.0,20.3,25.0
2023-12-14 11:57:29,0.0,400.0,492.0,20.3,25.0
2023-12-14 12:07:29,0.0,397.0,485.0,20.3,25.0
2023-12-14 12:17:29,0.0,394.0,485.0,20.3,25.0
2023-12-14 12:27:29,0.0,390.0,493.0,20.3,25.0
2023-12-14 12:37:29,0.0,387.0,494.0,20.3,25.0
2023-12-14 12:47:29,0.0,387.0,496.0,20.4,25.0
2023-12-14 12:57:28,0.0,380.0,497.0,20.4,25.0
2023-12-14 13:07:28,0.0,370.0,483.0,20.4,25.0
2023-12-14 13:17:28,0.0,367.0,489.0,20.3,25.0
2023-12-14 13:27:29,0.0,367.0,496.0,20.3,24.0
2023-12-14 13:37:28,0.0,360.0,485.0,20.4,24.0
2023-12-14 13:47:28,0.0,357.0,483.0,20.4,24.0
2023-12-14 13:57:28,0.0,353.0,485.0,20.4,24.0
2023-12-14 14:07:28,0.0,350.0,469.0,20.4,25.0
2023-12-14 14:17:28,0.0,346.0,465.0,20.4,25.0
2023-12-14 14:27:28,0.0,343.0,468.0,20.4,24.0
2023-12-14 14:37:28,0.0,343.0,473.0,20.4,24.0
2023-12-14 14:47:28,0.0,340.0,475.0,20.4,25.0
2023-12-14 14:57:28,0.0,340.0,471.0,20.4,25.0
2023-12-14 15:07:28,0.0,340.0,473.0,20.4,25.0
2023-12-14 15:17:28,0.0,340.0,467.0,20.4,25.0
2023-12-14 15:27:28,0.0,340.0,445.0,20.4,24.0
2023-12-14 15:37:28,0.0,340.0,449.0,20.4,24.0
2023-12-14 15:47:28,0.0,340.0,450.0,20.4,24.0
2023-12-14 15:57:28,0.0,340.0,447.0,20.4,24.0
2023-12-14 16:07:28,0.0,340.0,543.0,20.4,25.0
2023-12-14 16:17:28,0.0,340.0,669.0,20.3,26.0
2023-12-14 16:27:28,0.0,340.0,756.0,20.4,27.0
2023-12-14 16:37:27,0.0,340.0,785.0,20.4,28.0
2023-12-14 16:47:27,0.0,340.0,807.0,20.3,28.0
2023-12-14 16:57:27,0.0,340.0,842.0,20.4,29.0
2023-12-14 17:07:27,0.0,340.0,860.0,20.4,29.0
2023-12-14 17:17:27,0.0,340.0,861.0,20.4,29.0
2023-12-14 17:27:27,0.0,340.0,864.0,20.4,29.0
2023-12-14 17:37:27,0.0,340.0,879.0,20.4,29.0
2023-12-14 17:47:27,0.0,340.0,853.0,20.4,30.0
2023-12-14 17:57:27,0.0,340.0,852.0,20.4,30.0
2023-12-14 18:07:27,0.0,340.0,829.0,20.4,30.0
2023-12-14 18:17:27,0.0,340.0,826.0,20.4,30.0
2023-12-14 18:27:27,0.0,340.0,829.0,20.3,30.0
2023-12-14 18:37:27,0.0,340.0,820.0,20.3,30.0
2023-12-14 18:47:28,0.0,340.0,820.0,20.3,30.0
2023-12-14 18:57:27,0.0,340.0,798.0,20.3,30.0
2023-12-14 19:07:27,0.0,340.0,759.0,20.4,30.0
2023-12-14 19:17:27,0.0,340.0,743.0,20.4,30.0
2023-12-14 19:27:27,0.0,340.0,715.0,20.4,30.0
2023-12-14 19:37:27,0.0,340.0,708.0,20.4,30.0
2023-12-14 19:47:27,0.0,340.0,700.0,20.4,29.0
2023-12-14 19:57:27,0.0,340.0,704.0,20.3,30.0
2023-12-14 20:07:27,0.0,340.0,702.0,20.4,30.0
2023-12-14 20:17:26,0.0,340.0,696.0,20.4,29.0
2023-12-14 20:27:26,0.0,340.0,696.0,20.3,30.0
2023-12-14 20:37:26,0.0,340.0,690.0,20.4,29.0
2023-12-14 20:47:26,0.0,340.0,678.0,20.4,29.0
2023-12-14 20:57:26,0.0,340.0,678.0,20.4,29.0
2023-12-14 21:07:26,0.0,340.0,690.0,20.4,29.0
2023-12-14 21:17:26,0.0,340.0,680.0,20.4,29.0
2023-12-14 21:27:27,0.0,340.0,683.0,20.4,29.0
2023-12-14 21:37:26,0.0,340.0,676.0,20.4,29.0
2023-12-14 21:47:26,0.0,340.0,665.0,20.4,29.0
2023-12-14 21:57:26,0.0,340.0,661.0,20.4,30.0
2023-12-14 22:07:26,0.0,340.0,645.0,20.4,29.0
2023-12-14 22:17:26,0.0,340.0,639.0,20.3,29.0
2023-12-14 22:27:26,0.0,340.0,625.0,20.4,29.0
2023-12-14 22:37:26,0.0,340.0,615.0,20.4,29.0
2023-12-14 22:47:26,0.0,340.0,619.0,20.4,29.0
2023-12-14 22:57:26,0.0,340.0,609.0,20.4,29.0
2023-12-14 23:07:26,0.0,340.0,599.0,20.3,29.0
2023-12-14 23:17:26,0.0,340.0,591.0,20.4,29.0
2023-12-14 23:27:26,0.0,340.0,581.0,20.4,29.0
2023-12-14 23:37:26,0.0,340.0,577.0,20.4,29.0
2023-12-14 23:47:26,0.0,340.0,571.0,20.4,29.0
2023-12-14 23:57:25,0.0,340.0,568.0,20.4,29.0
2023-12-15 00:07:26,0.0,340.0,561.0,20.4,29.0
2023-12-15 00:17:25,0.0,340.0,558.0,20.4,29.0
2023-12-15 00:27:25,0.0,340.0,555.0,20.4,29.0
2023-12-15 00:37:25,0.0,336.0,551.0,20.4,29.0
2023-12-15 00:47:25,0.0,340.0,541.0,20.4,29.0
2023-12-15 00:57:25,0.0,340.0,544.0,20.4,29.0
2023-12-15 01:07:25,0.0,340.0,534.0,20.4,29.0
2023-12-15 01:17:25,0.0,340.0,538.0,20.4,29.0
2023-12-15 01:27:25,0.0,340.0,534.0,20.3,29.0
2023-12-15 01:37:25,0.0,340.0,527.0,20.4,29.0
2023-12-15 01:47:25,0.0,340.0,521.0,20.4,29.0
2023-12-15 01:57:25,0.0,340.0,524.0,20.4,29.0
2023-12-15 02:07:25,0.0,340.0,511.0,20.4,29.0
2023-12-15 02:17:25,0.0,340.0,514.0,20.4,29.0
2023-12-15 02:27:25,0.0,340.0,503.0,20.3,29.0
2023-12-15 02:37:25,0.0,340.0,505.0,20.4,29.0
2023-12-15 02:47:25,1.0,340.0,507.0,20.4,29.0
2023-12-15 02:57:25,0.0,340.0,498.0,20.4,30.0
2023-12-15 03:07:25,0.0,340.0,497.0,20.3,29.0
2023-12-15 03:17:25,0.0,340.0,496.0,20.3,29.0
2023-12-15 03:27:25,0.0,340.0,491.0,20.4,30.0
2023-12-15 03:37:24,0.0,340.0,490.0,20.3,30.0
2023-12-15 03:47:24,0.0,340.0,488.0,20.4,30.0
2023-12-15 03:57:24,0.0,340.0,493.0,20.4,30.0
2023-12-15 04:07:24,0.0,340.0,491.0,20.4,30.0
2023-12-15 04:17:24,0.0,340.0,482.0,20.4,30.0
2023-12-15 04:27:24,0.0,340.0,474.0,20.4,30.0
2023-12-15 04:37:24,0.0,340.0,478.0,20.4,30.0
2023-12-15 04:47:24,0.0,340.0,480.0,20.4,30.0
2023-12-15 04:57:24,0.0,340.0,478.0,20.4,30.0
2023-12-15 05:07:24,0.0,340.0,474.0,20.4,30.0
2023-12-15 05:17:24,0.0,340.0,469.0,20.4,30.0
2023-12-15 05:27:24,0.0,340.0,477.0,20.4,30.0
2023-12-15 05:37:24,0.0,340.0,471.0,20.4,30.0
2023-12-15 05:47:24,0.0,340.0,467.0,20.4,30.0
2023-12-15 05:57:24,0.0,340.0,474.0,20.4,30.0
2023-12-15 06:07:24,0.0,340.0,481.0,20.4,30.0
2023-12-15 06:17:24,0.0,340.0,476.0,20.4,30.0
2023-12-15 06:27:24,0.0,340.0,486.0,20.4,31.0
2023-12-15 06:37:24,0.0,340.0,475.0,20.4,31.0
2023-12-15 06:47:24,0.0,340.0,483.0,20.4,31.0
2023-12-15 06:57:24,0.0,340.0,472.0,20.4,31.0
2023-12-15 07:07:24,0.0,340.0,450.0,20.4,31.0
2023-12-15 07:17:23,0.0,340.0,426.0,20.4,31.0
2023-12-15 07:27:23,0.0,340.0,424.0,20.5,31.0
2023-12-15 07:37:23,0.0,343.0,412.0,20.5,32.0
2023-12-15 07:47:23,0.0,343.0,414.0,20.5,32.0
2023-12-15 07:57:23,0.0,343.0,418.0,20.5,32.0
2023-12-15 08:07:23,0.0,346.0,415.0,20.5,32.0
2023-12-15 08:17:23,0.0,350.0,411.0,20.5,32.0
2023-12-15 08:27:23,0.0,357.0,421.0,20.5,32.0
2023-12-15 08:37:23,1.0,363.0,466.0,20.5,33.0
2023-12-15 08:47:23,0.0,373.0,518.0,20.6,34.0
2023-12-15 08:57:23,0.0,377.0,527.0,20.7,35.0
2023-12-15 09:07:23,0.0,367.0,527.0,20.6,35.0
2023-12-15 09:17:23,0.0,370.0,548.0,20.6,35.0
2023-12-15 09:27:23,2.0,377.0,539.0,20.7,35.0
2023-12-15 09:37:23,0.0,410.0,491.0,20.6,34.0
2023-12-15 09:47:23,0.0,404.0,462.0,20.5,34.0
2023-12-15 09:57:23,0.0,380.0,438.0,20.5,34.0
2023-12-15 10:07:23,0.0,370.0,429.0,20.5,34.0
2023-12-15 10:17:23,0.0,370.0,437.0,20.5,34.0
2023-12-15 10:27:23,0.0,387.0,458.0,20.5,34.0
2023-12-15 10:37:23,0.0,397.0,431.0,20.6,34.0
2023-12-15 10:47:23,0.0,414.0,426.0,20.6,34.0
2023-12-15 10:57:22,0.0,427.0,427.0,20.5,34.0
2023-12-15 11:07:22,0.0,424.0,432.0,20.6,35.0
2023-12-15 11:17:22,0.0,407.0,440.0,20.6,35.0
2023-12-15 11:27:22,0.0,394.0,445.0,20.6,35.0
2023-12-15 11:37:22,0.0,397.0,446.0,20.6,35.0
2023-12-15 11:47:22,0.0,387.0,443.0,20.5,35.0
2023-12-15 11:57:22,0.0,397.0,463.0,20.6,35.0
2023-12-15 12:07:22,0.0,380.0,473.0,20.6,35.0
2023-12-15 12:17:22,0.0,380.0,480.0,20.6,35.0
2023-12-15 12:27:22,0.0,380.0,488.0,20.6,35.0
2023-12-15 12:37:22,0.0,373.0,479.0,20.7,35.0
2023-12-15 12:47:22,0.0,380.0,480.0,20.6,35.0
2023-12-15 12:57:22,0.0,394.0,461.0,20.6,35.0
2023-12-15 13:07:22,0.0,367.0,460.0,20.6,35.0
2023-12-15 13:17:22,0.0,360.0,444.0,20.6,35.0
2023-12-15 13:27:22,0.0,360.0,440.0,20.6,35.0
2023-12-15 13:37:22,0.0,353.0,449.0,20.6,35.0
2023-12-15 13:47:22,0.0,353.0,446.0,20.6,35.0
2023-12-15 13:57:22,0.0,350.0,455.0,20.7,35.0
2023-12-15 14:07:22,11.0,346.0,485.0,20.6,35.0
2023-12-15 14:17:22,0.0,343.0,462.0,20.7,35.0
2023-12-15 14:27:21,0.0,343.0,441.0,20.7,35.0
2023-12-15 14:37:21,0.0,343.0,458.0,20.7,35.0
2023-12-15 14:47:21,0.0,340.0,456.0,20.7,35.0
2023-12-15 14:57:21,0.0,340.0,472.0,20.7,35.0
2023-12-15 15:07:21,0.0,340.0,453.0,20.7,35.0
2023-12-15 15:17:21,0.0,340.0,460.0,20.7,35.0
2023-12-15 15:27:21,0.0,340.0,455.0,20.7,35.0
2023-12-15 15:37:21,0.0,340.0,447.0,20.7,35.0
2023-12-15 15:47:21,0.0,340.0,445.0,20.7,35.0
2023-12-15 15:57:21,0.0,340.0,445.0,20.7,35.0
2023-12-15 16:07:21,0.0,340.0,503.0,20.7,35.0
2023-12-15 16:17:21,0.0,340.0,583.0,20.7,35.0
2023-12-15 16:27:21,0.0,340.0,647.0,20.7,36.0
2023-12-15 16:37:21,0.0,340.0,668.0,20.7,36.0
2023-12-15 16:47:21,0.0,340.0,699.0,20.7,36.0
2023-12-15 16:57:21,0.0,340.0,711.0,20.7,36.0
2023-12-15 17:07:21,0.0,340.0,732.0,20.6,36.0
2023-12-15 17:17:21,0.0,340.0,740.0,20.7,36.0
2023-12-15 17:27:21,0.0,340.0,737.0,20.7,36.0
2023-12-15 17:37:21,0.0,340.0,749.0,20.7,37.0
2023-12-15 17:47:21,0.0,340.0,761.0,20.7,37.0
2023-12-15 17:57:21,0.0,340.0,725.0,20.7,37.0
2023-12-15 18:07:20,0.0,340.0,717.0,20.7,37.0
2023-12-15 18:17:20,0.0,340.0,715.0,20.7,37.0
2023-12-15 18:27:20,0.0,340.0,700.0,20.7,37.0
2023-12-15 18:37:20,0.0,340.0,687.0,20.7,37.0
2023-12-15 18:47:20,0.0,340.0,676.0,20.7,37.0
2023-12-15 18:57:20,0.0,340.0,681.0,20.7,36.0
2023-12-15 19:07:20,0.0,340.0,666.0,20.8,36.0
2023-12-15 19:17:20,0.0,340.0,660.0,20.8,36.0
2023-12-15 19:27:20,0.0,340.0,658.0,20.8,36.0
2023-12-15 19:37:20,0.0,340.0,657.0,20.8,36.0
2023-12-15 19:47:20,0.0,340.0,654.0,20.8,36.0
2023-12-15 19:57:20,0.0,340.0,661.0,20.8,36.0
2023-12-15 20:07:20,0.0,340.0,662.0,20.8,36.0
2023-12-15 20:17:20,0.0,340.0,662.0,20.8,36.0
2023-12-15 20:27:20,0.0,340.0,657.0,20.8,36.0
2023-12-15 20:37:20,0.0,340.0,657.0,20.8,36.0
2023-12-15 20:47:20,0.0,340.0,652.0,20.8,36.0
2023-12-15 20:57:20,0.0,340.0,641.0,20.8,36.0
2023-12-15 21:07:20,0.0,340.0,645.0,20.8,36.0
2023-12-15 21:17:20,0.0,340.0,624.0,20.8,36.0
2023-12-15 21:27:20,0.0,340.0,620.0,20.8,36.0
2023-12-15 21:47:19,0.0,340.0,598.0,20.7,36.0
2023-12-15 21:57:19,0.0,340.0,594.0,20.8,36.0
2023-12-15 22:07:19,0.0,340.0,569.0,20.8,36.0
2023-12-15 22:17:19,0.0,340.0,578.0,20.8,35.0
2023-12-15 22:27:19,0.0,340.0,571.0,20.8,35.0
2023-12-15 22:37:19,0.0,340.0,556.0,20.8,35.0
2023-12-15 22:47:19,0.0,340.0,553.0,20.8,35.0
2023-12-15 22:57:19,0.0,340.0,546.0,20.8,35.0
2023-12-15 23:07:19,0.0,340.0,536.0,20.8,35.0
2023-12-15 23:17:19,0.0,340.0,539.0,20.8,35.0
2023-12-15 23:27:19,0.0,340.0,533.0,20.8,35.0
2023-12-15 23:37:19,0.0,340.0,528.0,20.8,35.0
2023-12-15 23:47:19,0.0,340.0,517.0,20.8,35.0
2023-12-15 23:57:19,0.0,340.0,514.0,20.8,35.0
2023-12-16 00:07:19,0.0,340.0,510.0,20.8,35.0
2023-12-16 00:17:19,0.0,340.0,511.0,20.8,35.0
2023-12-16 00:27:19,0.0,340.0,500.0,20.8,35.0
2023-12-16 00:37:19,0.0,340.0,504.0,20.8,35.0
2023-12-16 00:47:19,0.0,340.0,490.0,20.8,35.0
2023-12-16 00:57:19,0.0,340.0,490.0,20.8,35.0
2023-12-16 01:07:19,0.0,340.0,481.0,20.8,35.0
2023-12-16 01:17:19,0.0,340.0,482.0,20.8,35.0
2023-12-16 01:27:18,0.0,340.0,477.0,20.8,35.0
2023-12-16 01:37:18,0.0,340.0,474.0,20.8,35.0
2023-12-16 01:47:18,0.0,340.0,462.0,20.8,35.0
2023-12-16 01:57:18,0.0,340.0,470.0,20.8,35.0
2023-12-16 02:07:18,0.0,340.0,464.0,20.8,35.0
2023-12-16 02:17:18,0.0,340.0,461.0,20.8,35.0
2023-12-16 02:27:18,0.0,340.0,454.0,20.8,35.0
2023-12-16 02:37:18,0.0,340.0,455.0,20.8,35.0
2023-12-16 02:47:18,0.0,340.0,450.0,20.8,35.0
2023-12-16 02:57:18,0.0,340.0,446.0,20.9,35.0
2023-12-16 03:07:18,0.0,340.0,446.0,20.8,35.0
2023-12-16 03:17:18,0.0,340.0,443.0,20.8,35.0
2023-12-16 03:27:18,0.0,340.0,443.0,20.8,35.0
2023-12-16 03:37:18,0.0,340.0,446.0,20.9,35.0
2023-12-16 03:47:18,0.0,340.0,451.0,20.8,35.0
2023-12-16 03:57:18,0.0,340.0,438.0,20.9,35.0
2023-12-16 04:07:18,0.0,340.0,439.0,20.8,35.0
2023-12-16 04:17:18,0.0,340.0,441.0,20.9,35.0
2023-12-16 04:27:18,0.0,340.0,436.0,20.9,35.0
2023-12-16 04:37:18,0.0,340.0,433.0,20.8,35.0
2023-12-16 04:47:18,0.0,340.0,444.0,20.9,35.0
2023-12-16 04:57:18,0.0,340.0,435.0,20.9,35.0
2023-12-16 05:07:17,0.0,340.0,427.0,20.9,35.0
2023-12-16 05:17:17,0.0,340.0,439.0,20.9,35.0
2023-12-16 05:27:18,0.0,340.0,434.0,20.9,35.0
2023-12-16 05:37:17,0.0,340.0,426.0,20.8,35.0
2023-12-16 05:47:17,0.0,340.0,428.0,20.9,35.0
2023-12-16 05:57:17,0.0,340.0,425.0,20.8,35.0
2023-12-16 06:07:17,0.0,340.0,420.0,20.9,35.0
2023-12-16 06:17:17,0.0,340.0,432.0,20.8,35.0
2023-12-16 06:27:17,0.0,340.0,423.0,20.8,35.0
2023-12-16 06:37:17,0.0,340.0,421.0,20.8,35.0
2023-12-16 06:47:17,0.0,340.0,420.0,20.8,35.0
2023-12-16 06:57:17,0.0,340.0,413.0,20.9,35.0
2023-12-16 07:07:17,1.0,0.0,420.0,20.8,35.0
2023-12-16 07:17:17,0.0,0.0,429.0,20.8,35.0
2023-12-16 07:27:17,0.0,0.0,421.0,20.8,35.0
2023-12-16 07:37:17,0.0,3.0,418.0,20.8,35.0
2023-12-16 07:47:17,0.0,3.0,423.0,20.8,35.0
2023-12-16 07:57:17,0.0,3.0,417.0,20.8,35.0
2023-12-16 08:07:17,0.0,6.0,419.0,20.8,35.0
2023-12-16 08:17:17,0.0,10.0,406.0,20.8,35.0
2023-12-16 08:27:17,0.0,13.0,419.0,20.8,35.0
2023-12-16 08:37:17,0.0,16.0,415.0,20.8,35.0
2023-12-16 08:47:16,0.0,16.0,415.0,20.8,35.0
2023-12-16 08:57:16,0.0,16.0,413.0,20.8,35.0
2023-12-16 09:07:16,0.0,20.0,420.0,20.8,36.0
2023-12-16 09:17:16,0.0,20.0,413.0,20.8,36.0
2023-12-16 09:27:16,0.0,30.0,415.0,20.8,36.0
2023-12-16 09:37:16,0.0,43.0,413.0,20.7,36.0
2023-12-16 09:47:16,0.0,43.0,424.0,20.8,36.0
2023-12-16 09:57:16,0.0,33.0,428.0,20.8,36.0
2023-12-16 10:07:16,0.0,26.0,418.0,20.8,36.0
2023-12-16 10:17:16,0.0,23.0,415.0,20.8,36.0
2023-12-16 10:27:17,0.0,23.0,426.0,20.8,36.0
2023-12-16 10:37:16,0.0,26.0,418.0,20.8,36.0
2023-12-16 10:47:16,0.0,26.0,420.0,20.8,36.0
2023-12-16 10:57:16,0.0,23.0,428.0,20.8,36.0
2023-12-16 11:07:16,0.0,23.0,436.0,20.8,36.0
2023-12-16 11:17:16,0.0,23.0,436.0,20.8,36.0
2023-12-16 11:27:16,0.0,23.0,421.0,20.8,36.0
2023-12-16 11:37:16,0.0,20.0,427.0,20.8,36.0
2023-12-16 11:47:16,0.0,23.0,419.0,20.8,36.0
2023-12-16 11:57:16,0.0,26.0,427.0,20.8,36.0
2023-12-16 12:07:16,0.0,26.0,419.0,20.8,37.0
2023-12-16 12:17:15,0.0,26.0,429.0,20.8,37.0
2023-12-16 12:27:15,0.0,26.0,426.0,20.8,37.0
2023-12-16 12:37:15,0.0,23.0,428.0,20.8,37.0
2023-12-16 12:47:15,0.0,16.0,428.0,20.8,37.0
2023-12-16 12:57:16,0.0,20.0,424.0,20.7,37.0
2023-12-16 13:07:15,0.0,23.0,426.0,20.8,37.0
2023-12-16 13:17:15,0.0,20.0,434.0,20.8,37.0
2023-12-16 13:27:15,0.0,20.0,436.0,20.8,37.0
2023-12-16 13:37:15,0.0,20.0,437.0,20.8,37.0
2023-12-16 13:47:15,0.0,13.0,424.0,20.8,37.0
2023-12-16 13:57:15,0.0,6.0,431.0,20.8,37.0
2023-12-16 14:07:15,0.0,6.0,433.0,20.7,37.0
2023-12-16 14:17:15,0.0,3.0,426.0,20.8,37.0
2023-12-16 14:27:15,0.0,3.0,419.0,20.8,37.0
2023-12-16 14:37:15,0.0,3.0,427.0,20.7,37.0
2023-12-16 14:47:15,0.0,3.0,424.0,20.7,37.0
2023-12-16 14:57:15,0.0,0.0,425.0,20.8,37.0
2023-12-16 15:07:15,0.0,0.0,424.0,20.7,37.0
2023-12-16 15:17:15,0.0,0.0,422.0,20.8,37.0
2023-12-16 15:27:15,0.0,0.0,427.0,20.8,37.0
2023-12-16 15:37:15,0.0,0.0,423.0,20.8,37.0
2023-12-16 15:47:15,0.0,0.0,427.0,20.8,37.0
2023-12-16 15:57:14,0.0,0.0,414.0,20.8,37.0
2023-12-16 16:07:15,0.0,0.0,419.0,20.7,37.0
2023-12-16 16:17:14,0.0,0.0,424.0,20.8,37.0
2023-12-16 16:27:14,0.0,0.0,423.0,20.8,37.0
2023-12-16 16:37:14,0.0,0.0,420.0,20.8,37.0
2023-12-16 16:47:14,0.0,0.0,412.0,20.8,37.0
2023-12-16 16:57:14,0.0,0.0,419.0,20.8,38.0
2023-12-16 17:07:14,0.0,0.0,422.0,20.8,37.0
2023-12-16 17:17:14,0.0,0.0,424.0,20.8,38.0
2023-12-16 17:27:14,0.0,0.0,417.0,20.8,37.0
2023-12-16 17:37:14,0.0,0.0,416.0,20.7,38.0
2023-12-16 17:47:14,0.0,0.0,418.0,20.8,38.0
2023-12-16 17:57:14,0.0,0.0,426.0,20.8,38.0
2023-12-16 18:07:14,0.0,0.0,420.0,20.8,38.0
2023-12-16 18:17:14,0.0,0.0,423.0,20.8,38.0
2023-12-16 18:27:14,0.0,0.0,417.0,20.8,38.0
2023-12-16 18:37:14,0.0,0.0,426.0,20.7,38.0
2023-12-16 18:47:14,0.0,0.0,418.0,20.8,38.0
2023-12-16 18:57:14,0.0,0.0,424.0,20.7,38.0
2023-12-16 19:07:14,0.0,0.0,415.0,20.8,38.0
2023-12-16 19:17:14,0.0,0.0,421.0,20.8,38.0
2023-12-16 19:27:14,0.0,0.0,423.0,20.8,38.0
2023-12-16 19:37:13,0.0,0.0,425.0,20.8,38.0
2023-12-16 19:47:13,0.0,0.0,430.0,20.8,38.0
2023-12-16 19:57:13,0.0,0.0,431.0,20.8,38.0
2023-12-16 20:07:13,0.0,0.0,421.0,20.8,38.0
2023-12-16 20:17:13,0.0,0.0,426.0,20.8,38.0
2023-12-16 20:27:13,0.0,0.0,424.0,20.8,38.0
2023-12-16 20:37:13,0.0,0.0,434.0,20.8,38.0
2023-12-16 20:47:13,0.0,0.0,425.0,20.8,38.0
2023-12-16 20:57:13,0.0,0.0,431.0,20.8,38.0
2023-12-16 21:07:13,0.0,0.0,423.0,20.8,38.0
2023-12-16 21:17:13,0.0,0.0,427.0,20.8,38.0
2023-12-16 21:27:13,0.0,0.0,428.0,20.8,38.0
2023-12-16 21:37:13,0.0,0.0,430.0,20.8,38.0
2023-12-16 21:47:13,0.0,0.0,423.0,20.9,38.0
2023-12-16 21:57:13,0.0,0.0,427.0,20.8,38.0
2023-12-16 22:07:13,0.0,0.0,422.0,20.8,38.0
2023-12-16 22:17:13,0.0,0.0,428.0,20.8,38.0
2023-12-16 22:27:13,0.0,0.0,426.0,20.8,38.0
2023-12-16 22:37:13,0.0,0.0,423.0,20.8,38.0
2023-12-16 22:47:13,0.0,0.0,423.0,20.8,38.0
2023-12-16 22:57:13,0.0,0.0,418.0,20.8,38.0
2023-12-16 23:07:13,0.0,0.0,432.0,20.8,38.0
2023-12-16 23:17:12,0.0,0.0,419.0,20.9,38.0
2023-12-16 23:27:12,0.0,0.0,421.0,20.9,38.0
2023-12-16 23:37:12,0.0,0.0,416.0,20.8,38.0
2023-12-16 23:47:12,0.0,0.0,421.0,20.8,38.0
2023-12-16 23:57:12,0.0,0.0,424.0,20.8,38.0
2023-12-17 00:07:13,0.0,0.0,414.0,20.9,38.0
2023-12-17 00:17:12,0.0,0.0,426.0,20.8,38.0
2023-12-17 00:27:12,0.0,0.0,423.0,20.8,38.0
2023-12-17 00:37:12,0.0,0.0,410.0,20.9,38.0
2023-12-17 00:47:12,0.0,0.0,418.0,20.8,38.0
2023-12-17 00:57:12,0.0,0.0,419.0,20.9,38.0
2023-12-17 01:07:12,0.0,0.0,419.0,20.9,38.0
2023-12-17 01:17:12,0.0,0.0,418.0,20.9,38.0
2023-12-17 01:27:12,0.0,0.0,412.0,20.9,38.0
2023-12-17 01:37:12,0.0,0.0,422.0,20.9,38.0
2023-12-17 01:47:12,0.0,0.0,412.0,20.8,38.0
2023-12-17 01:57:12,0.0,0.0,412.0,20.9,38.0
2023-12-17 02:07:12,0.0,0.0,413.0,20.9,38.0
2023-12-17 02:17:12,0.0,0.0,415.0,20.9,38.0
2023-12-17 02:27:12,0.0,0.0,409.0,20.9,38.0
2023-12-17 02:37:12,0.0,0.0,420.0,20.9,38.0
2023-12-17 02:47:12,0.0,0.0,417.0,20.9,38.0
2023-12-17 02:57:11,0.0,0.0,420.0,20.9,38.0
2023-12-17 03:07:11,0.0,0.0,410.0,20.9,38.0
2023-12-17 03:17:11,0.0,0.0,412.0,20.9,38.0
2023-12-17 03:27:11,0.0,0.0,413.0,20.9,38.0
2023-12-17 03:37:11,0.0,0.0,413.0,20.9,38.0
2023-12-17 03:47:11,0.0,0.0,414.0,20.9,38.0
2023-12-17 03:57:11,0.0,0.0,423.0,20.9,38.0
2023-12-17 04:07:11,0.0,0.0,412.0,20.9,38.0
2023-12-17 04:17:11,0.0,0.0,411.0,20.9,38.0
2023-12-17 04:27:11,0.0,0.0,411.0,20.9,38.0
2023-12-17 04:37:11,0.0,0.0,409.0,20.9,38.0
2023-12-17 04:47:11,0.0,0.0,405.0,20.9,38.0
2023-12-17 04:57:11,0.0,0.0,411.0,21.0,38.0
2023-12-17 05:07:11,0.0,0.0,403.0,20.9,38.0
2023-12-17 05:17:11,0.0,0.0,408.0,21.0,38.0
2023-12-17 05:27:11,0.0,0.0,397.0,21.0,38.0
2023-12-17 05:37:11,0.0,0.0,407.0,21.0,38.0
2023-12-17 05:47:11,0.0,0.0,401.0,21.0,38.0
2023-12-17 05:57:11,0.0,0.0,403.0,21.0,38.0
2023-12-17 06:07:11,0.0,0.0,413.0,20.9,38.0
2023-12-17 06:17:11,0.0,0.0,407.0,20.9,38.0
2023-12-17 06:27:11,0.0,0.0,410.0,21.0,38.0
2023-12-17 06:37:10,0.0,0.0,392.0,21.0,38.0
2023-12-17 06:47:10,0.0,0.0,403.0,21.0,38.0
2023-12-17 06:57:10,0.0,0.0,408.0,21.0,38.0
2023-12-17 07:07:10,0.0,0.0,402.0,21.0,38.0
2023-12-17 07:17:10,0.0,0.0,403.0,20.9,38.0
2023-12-17 07:27:10,0.0,0.0,406.0,20.9,38.0
2023-12-17 07:37:10,0.0,0.0,404.0,21.0,38.0
2023-12-17 07:47:10,0.0,3.0,398.0,21.0,38.0
2023-12-17 07:57:10,0.0,3.0,403.0,21.0,38.0
2023-12-17 08:07:10,0.0,6.0,411.0,20.9,38.0
2023-12-17 08:17:10,0.0,6.0,405.0,21.0,38.0
2023-12-17 08:27:10,0.0,10.0,404.0,20.9,38.0
2023-12-17 08:37:10,0.0,10.0,402.0,20.9,38.0
2023-12-17 08:47:10,0.0,16.0,401.0,20.9,38.0
2023-12-17 08:57:10,0.0,20.0,407.0,21.0,38.0
2023-12-17 09:07:10,0.0,20.0,404.0,21.0,38.0
2023-12-17 09:17:10,0.0,23.0,401.0,21.0,38.0
2023-12-17 09:27:10,0.0,20.0,405.0,21.0,38.0
2023-12-17 09:37:10,0.0,26.0,398.0,20.9,38.0
2023-12-17 09:47:10,0.0,26.0,402.0,20.9,38.0
2023-12-17 09:57:10,0.0,30.0,399.0,21.0,38.0
2023-12-17 10:07:10,0.0,26.0,407.0,21.0,38.0
2023-12-17 10:17:09,0.0,30.0,400.0,21.0,38.0
2023-12-17 10:27:09,0.0,37.0,400.0,20.9,38.0
2023-12-17 10:37:09,0.0,30.0,401.0,21.0,38.0
2023-12-17 10:47:09,0.0,30.0,408.0,20.9,38.0
2023-12-17 10:57:09,0.0,23.0,412.0,20.9,39.0
2023-12-17 11:07:09,0.0,20.0,407.0,20.9,38.0
2023-12-17 11:17:09,0.0,26.0,405.0,21.0,38.0
2023-12-17 11:27:09,0.0,23.0,404.0,21.0,38.0
2023-12-17 11:37:09,0.0,23.0,407.0,21.0,38.0
2023-12-17 11:47:09,0.0,30.0,403.0,21.0,38.0
2023-12-17 11:57:09,0.0,30.0,410.0,21.0,38.0
2023-12-17 12:07:09,0.0,23.0,404.0,20.9,38.0
2023-12-17 12:17:09,0.0,26.0,407.0,21.0,38.0
2023-12-17 12:27:09,0.0,20.0,403.0,20.9,38.0
2023-12-17 12:37:09,0.0,20.0,404.0,21.0,38.0
2023-12-17 12:47:09,0.0,16.0,407.0,21.0,38.0
2023-12-17 12:57:09,0.0,13.0,405.0,20.9,38.0
2023-12-17 13:07:09,0.0,13.0,411.0,20.9,38.0
2023-12-17 13:17:09,0.0,13.0,409.0,20.9,38.0
2023-12-17 13:27:09,0.0,10.0,409.0,21.0,38.0
2023-12-17 13:37:09,0.0,6.0,415.0,20.9,38.0
2023-12-17 13:47:08,0.0,6.0,407.0,21.0,38.0
2023-12-17 13:57:08,0.0,6.0,414.0,20.9,38.0
2023-12-17 14:07:08,0.0,3.0,410.0,20.9,38.0
2023-12-17 14:17:08,0.0,3.0,415.0,20.9,38.0
2023-12-17 14:27:08,0.0,3.0,412.0,20.9,38.0
2023-12-17 14:37:08,0.0,0.0,405.0,20.9,38.0
2023-12-17 14:47:08,0.0,3.0,412.0,20.9,38.0
2023-12-17 14:57:08,0.0,0.0,408.0,20.9,38.0
2023-12-17 15:07:08,0.0,0.0,421.0,20.9,38.0
2023-12-17 15:17:08,0.0,0.0,414.0,20.9,38.0
2023-12-17 15:27:08,0.0,0.0,414.0,20.9,38.0
2023-12-17 15:37:08,0.0,0.0,419.0,20.9,38.0
2023-12-17 15:47:08,0.0,0.0,407.0,20.9,38.0
2023-12-17 15:57:08,0.0,0.0,412.0,20.8,38.0
2023-12-17 16:07:08,0.0,0.0,414.0,20.9,38.0
2023-12-17 16:17:08,0.0,0.0,415.0,20.9,38.0
2023-12-17 16:27:08,0.0,0.0,419.0,20.9,38.0
2023-12-17 16:37:08,0.0,0.0,414.0,20.9,38.0
2023-12-17 16:47:08,0.0,0.0,415.0,20.9,38.0
2023-12-17 16:57:08,0.0,0.0,419.0,20.9,38.0
2023-12-17 17:07:08,0.0,0.0,414.0,20.9,38.0
2023-12-17 17:17:08,0.0,0.0,410.0,20.9,38.0
2023-12-17 17:27:08,0.0,0.0,423.0,20.9,38.0
2023-12-17 17:37:07,0.0,0.0,417.0,20.9,38.0
2023-12-17 17:47:07,0.0,0.0,406.0,20.9,38.0
2023-12-17 17:57:07,0.0,0.0,409.0,20.9,38.0
2023-12-17 18:07:07,0.0,0.0,420.0,20.9,38.0
2023-12-17 18:17:07,0.0,0.0,415.0,20.9,38.0
2023-12-17 18:27:07,0.0,0.0,416.0,20.9,38.0
2023-12-17 18:37:07,0.0,0.0,411.0,20.9,38.0
2023-12-17 18:47:07,0.0,0.0,418.0,20.9,38.0
2023-12-17 18:57:07,0.0,0.0,406.0,20.9,38.0
2023-12-17 19:07:07,0.0,0.0,409.0,20.9,38.0
2023-12-17 19:17:07,0.0,0.0,422.0,20.9,38.0
2023-12-17 19:27:07,0.0,0.0,404.0,20.9,38.0
2023-12-17 19:37:07,0.0,0.0,405.0,20.9,38.0
2023-12-17 19:47:07,0.0,0.0,411.0,20.9,38.0
2023-12-17 19:57:07,0.0,0.0,405.0,21.0,38.0
2023-12-17 20:07:07,0.0,0.0,415.0,20.9,38.0
2023-12-17 20:17:07,0.0,0.0,415.0,20.9,38.0
2023-12-17 20:27:07,0.0,0.0,409.0,20.9,38.0
2023-12-17 20:37:07,0.0,0.0,413.0,20.9,38.0
2023-12-17 20:47:07,0.0,0.0,410.0,20.9,38.0
2023-12-17 20:57:07,0.0,0.0,409.0,20.9,38.0
2023-12-17 21:07:06,0.0,0.0,405.0,20.9,38.0
2023-12-17 21:17:06,0.0,0.0,411.0,20.9,38.0
2023-12-17 21:27:07,0.0,0.0,409.0,20.9,38.0
2023-12-17 21:37:06,0.0,0.0,416.0,20.9,38.0
2023-12-17 21:47:06,0.0,0.0,412.0,20.9,38.0
2023-12-17 21:57:06,0.0,0.0,406.0,20.9,38.0
2023-12-17 22:07:06,0.0,0.0,400.0,21.0,38.0
2023-12-17 22:17:06,0.0,0.0,408.0,20.9,38.0
2023-12-17 22:27:06,0.0,0.0,409.0,20.9,38.0
2023-12-17 22:37:06,0.0,0.0,405.0,20.9,38.0
2023-12-17 22:47:06,0.0,0.0,408.0,20.9,38.0
2023-12-17 22:57:06,0.0,0.0,404.0,20.9,38.0
2023-12-17 23:07:06,0.0,0.0,402.0,20.9,38.0
2023-12-17 23:17:06,0.0,0.0,397.0,20.9,38.0
2023-12-17 23:27:06,0.0,0.0,410.0,20.9,38.0
2023-12-17 23:47:06,0.0,0.0,405.0,20.9,38.0
2023-12-17 23:57:06,0.0,0.0,408.0,20.9,38.0
2023-12-18 00:07:06,0.0,0.0,410.0,20.9,38.0
2023-12-18 00:17:06,0.0,0.0,407.0,20.9,38.0
2023-12-18 00:27:06,0.0,0.0,407.0,20.9,38.0
2023-12-18 00:37:06,0.0,0.0,412.0,20.9,38.0
2023-12-18 00:47:05,0.0,0.0,403.0,20.9,38.0
2023-12-18 00:57:05,0.0,0.0,399.0,20.9,38.0
2023-12-18 01:07:05,0.0,0.0,399.0,20.9,38.0
2023-12-18 01:17:05,0.0,0.0,403.0,20.9,38.0
2023-12-18 01:27:05,0.0,0.0,407.0,20.9,38.0
2023-12-18 01:37:05,0.0,0.0,401.0,20.9,38.0
2023-12-18 01:47:05,0.0,0.0,401.0,20.9,38.0
2023-12-18 01:57:05,0.0,0.0,403.0,20.9,38.0
2023-12-18 02:07:05,0.0,0.0,401.0,20.9,38.0
2023-12-18 02:17:05,0.0,0.0,395.0,20.9,38.0
2023-12-18 02:27:05,0.0,0.0,399.0,20.8,38.0
2023-12-18 02:37:05,0.0,0.0,406.0,20.8,38.0
2023-12-18 02:47:05,0.0,0.0,398.0,20.9,38.0
2023-12-18 02:57:05,0.0,0.0,410.0,20.8,38.0
2023-12-18 03:07:05,0.0,0.0,397.0,20.9,38.0
2023-12-18 03:17:05,0.0,0.0,402.0,20.9,38.0
2023-12-18 03:27:05,0.0,0.0,402.0,20.9,39.0
2023-12-18 03:37:05,0.0,0.0,393.0,20.9,38.0
2023-12-18 03:47:05,0.0,0.0,394.0,20.9,38.0
2023-12-18 03:57:05,0.0,0.0,396.0,20.9,38.0
2023-12-18 04:07:05,0.0,0.0,402.0,20.9,39.0
2023-12-18 04:17:05,0.0,0.0,401.0,20.9,38.0
2023-12-18 04:27:04,0.0,0.0,400.0,20.9,38.0
2023-12-18 04:37:04,0.0,0.0,395.0,20.9,39.0
2023-12-18 04:47:04,0.0,0.0,400.0,20.9,38.0
2023-12-18 04:57:04,0.0,0.0,404.0,20.9,39.0
2023-12-18 05:07:04,0.0,0.0,391.0,20.9,39.0
2023-12-18 05:17:04,0.0,0.0,402.0,20.8,39.0
2023-12-18 05:27:04,0.0,0.0,398.0,20.9,39.0
2023-12-18 05:37:04,0.0,0.0,395.0,20.9,39.0
2023-12-18 05:47:04,0.0,0.0,401.0,20.8,39.0
2023-12-18 05:57:04,0.0,0.0,404.0,20.9,39.0
2023-12-18 06:07:04,0.0,0.0,399.0,20.9,39.0
2023-12-18 06:17:04,0.0,0.0,403.0,20.9,39.0
2023-12-18 06:27:04,0.0,0.0,397.0,20.9,39.0
2023-12-18 06:37:04,0.0,0.0,391.0,20.9,39.0
2023-12-18 06:47:04,0.0,0.0,395.0,20.9,39.0
2023-12-18 06:57:04,0.0,0.0,392.0,20.8,39.0
2023-12-18 07:07:04,0.0,0.0,396.0,20.9,40.0
2023-12-18 07:17:04,4.0,0.0,460.0,21.0,41.0
2023-12-18 07:27:04,0.0,3.0,486.0,21.1,42.0
2023-12-18 07:37:04,0.0,3.0,486.0,21.2,42.0
2023-12-18 07:47:04,8.0,346.0,535.0,21.2,43.0
2023-12-18 07:57:04,23.0,343.0,666.0,21.2,46.0
2023-12-18 08:07:04,10.0,343.0,709.0,21.3,48.0
2023-12-18 08:17:03,1.0,346.0,745.0,21.5,49.0
2023-12-18 08:27:03,9.0,350.0,751.0,21.5,48.0
2023-12-18 08:37:03,2.0,350.0,780.0,21.5,48.0
2023-12-18 08:47:03,1.0,360.0,749.0,21.4,47.0
2023-12-18 08:57:03,0.0,357.0,766.0,21.5,47.0
2023-12-18 09:07:03,0.0,357.0,774.0,21.4,46.0
2023-12-18 09:17:03,12.0,357.0,742.0,21.4,46.0
2023-12-18 09:27:03,50.0,357.0,804.0,21.5,46.0
2023-12-18 09:37:03,50.0,357.0,813.0,21.5,46.0
2023-12-18 09:47:03,5.0,360.0,786.0,21.5,45.0
2023-12-18 09:57:03,4.0,363.0,751.0,21.5,45.0
2023-12-18 10:07:03,2.0,363.0,803.0,21.5,45.0
2023-12-18 10:17:03,17.0,357.0,860.0,21.6,46.0
2023-12-18 10:27:03,0.0,363.0,906.0,21.7,46.0
2023-12-18 10:37:03,0.0,360.0,892.0,21.7,45.0
2023-12-18 10:47:03,15.0,350.0,903.0,21.7,46.0
2023-12-18 10:57:03,45.0,353.0,911.0,21.8,45.0
2023-12-18 11:07:03,43.0,357.0,916.0,21.8,45.0
2023-12-18 11:17:07,54.0,357.0,963.0,21.8,46.0
2023-12-18 11:27:03,47.0,363.0,916.0,21.8,45.0
2023-12-18 11:37:03,26.0,363.0,838.0,21.7,45.0
2023-12-18 11:47:02,39.0,360.0,850.0,21.7,45.0
2023-12-18 11:57:02,3.0,370.0,768.0,21.6,45.0
2023-12-18 12:07:02,4.0,370.0,723.0,21.6,45.0
2023-12-18 12:17:02,26.0,380.0,829.0,21.7,45.0
2023-12-18 12:27:02,13.0,370.0,817.0,21.7,45.0
2023-12-18 12:37:02,47.0,373.0,796.0,21.8,45.0
2023-12-18 12:47:02,32.0,367.0,836.0,21.7,45.0
2023-12-18 12:57:02,1.0,367.0,639.0,21.6,44.0
2023-12-18 13:07:02,0.0,360.0,526.0,21.5,43.0
2023-12-18 13:17:02,9.0,357.0,514.0,21.5,43.0
2023-12-18 13:27:02,13.0,16.0,531.0,21.4,43.0
2023-12-18 13:37:02,0.0,20.0,465.0,21.3,43.0
2023-12-18 13:47:02,0.0,13.0,441.0,21.3,42.0
2023-12-18 13:57:02,0.0,10.0,436.0,21.4,42.0
2023-12-18 14:07:02,0.0,6.0,442.0,21.4,42.0
2023-12-18 14:17:02,0.0,3.0,437.0,21.4,42.0
2023-12-18 14:27:02,0.0,3.0,443.0,21.3,42.0
2023-12-18 14:37:02,0.0,3.0,436.0,21.3,42.0
2023-12-18 14:47:02,0.0,3.0,439.0,21.2,42.0
2023-12-18 14:57:02,0.0,3.0,431.0,21.2,42.0
2023-12-18 15:07:02,3.0,346.0,507.0,21.4,43.0
2023-12-18 15:17:02,7.0,343.0,613.0,21.4,43.0
2023-12-18 15:27:01,23.0,340.0,636.0,21.5,43.0
2023-12-18 15:37:01,8.0,343.0,637.0,21.5,43.0
2023-12-18 15:47:01,0.0,343.0,612.0,21.5,43.0
2023-12-18 15:57:01,0.0,343.0,606.0,21.4,43.0
2023-12-18 16:07:01,2.0,336.0,711.0,21.5,44.0
2023-12-18 16:17:01,4.0,0.0,723.0,21.4,44.0
2023-12-18 16:27:01,0.0,0.0,718.0,21.3,43.0
2023-12-18 16:37:01,0.0,0.0,692.0,21.3,43.0
2023-12-18 16:47:01,0.0,0.0,681.0,21.3,43.0
2023-12-18 16:57:01,0.0,0.0,675.0,21.3,43.0
2023-12-18 17:07:01,0.0,0.0,649.0,21.3,42.0
2023-12-18 17:17:01,0.0,0.0,643.0,21.2,42.0
2023-12-18 17:27:01,0.0,0.0,631.0,21.2,42.0
2023-12-18 17:37:01,0.0,0.0,626.0,21.2,42.0
2023-12-18 17:47:01,0.0,0.0,615.0,21.1,42.0
2023-12-18 17:57:01,0.0,0.0,611.0,21.1,42.0
2023-12-18 18:07:01,0.0,0.0,597.0,21.1,42.0
2023-12-18 18:17:01,0.0,0.0,588.0,21.1,42.0
2023-12-18 18:27:01,0.0,0.0,589.0,21.1,42.0
2023-12-18 18:37:01,0.0,0.0,576.0,21.1,42.0
2023-12-18 18:47:01,0.0,0.0,565.0,21.1,42.0
2023-12-18 18:57:01,0.0,0.0,565.0,21.1,42.0
2023-12-18 19:07:00,0.0,0.0,560.0,21.1,42.0
2023-12-18 19:17:00,0.0,0.0,558.0,21.0,42.0
2023-12-18 19:27:00,0.0,0.0,572.0,21.0,42.0
2023-12-18 19:37:00,0.0,0.0,562.0,21.0,42.0
2023-12-18 19:47:00,0.0,0.0,570.0,21.0,42.0
2023-12-18 19:57:00,0.0,0.0,557.0,21.0,42.0
2023-12-18 20:07:00,0.0,0.0,559.0,21.0,41.0
2023-12-18 20:17:00,0.0,0.0,553.0,21.0,42.0
2023-12-18 20:27:00,0.0,0.0,560.0,21.0,41.0
2023-12-18 20:37:00,0.0,0.0,546.0,21.0,41.0
2023-12-18 20:47:00,0.0,0.0,551.0,21.0,41.0
2023-12-18 20:57:00,0.0,0.0,553.0,21.0,41.0
2023-12-18 21:07:00,0.0,0.0,540.0,21.0,41.0
2023-12-18 21:17:00,0.0,0.0,539.0,21.0,41.0
2023-12-18 21:27:00,0.0,0.0,538.0,21.0,41.0
2023-12-18 21:37:00,0.0,0.0,532.0,21.0,41.0
2023-12-18 21:47:00,0.0,0.0,528.0,21.0,41.0
2023-12-18 21:57:00,0.0,0.0,519.0,21.0,41.0
2023-12-18 22:07:00,0.0,0.0,526.0,21.0,41.0
2023-12-18 22:17:00,0.0,0.0,521.0,21.0,41.0
2023-12-18 22:27:00,0.0,0.0,521.0,20.9,41.0
2023-12-18 22:36:59,0.0,0.0,519.0,21.0,41.0
2023-12-18 22:46:59,0.0,0.0,515.0,20.9,41.0
2023-12-18 22:56:59,0.0,0.0,515.0,20.9,41.0
2023-12-18 23:06:59,0.0,0.0,511.0,20.9,41.0
2023-12-18 23:16:59,0.0,0.0,519.0,21.0,41.0
2023-12-18 23:26:59,0.0,0.0,499.0,20.9,41.0
2023-12-18 23:36:59,0.0,0.0,505.0,20.9,41.0
2023-12-18 23:46:59,0.0,0.0,511.0,21.0,41.0
2023-12-18 23:56:59,0.0,0.0,504.0,20.9,41.0
2023-12-19 00:06:59,0.0,0.0,509.0,20.9,41.0
2023-12-19 00:16:59,0.0,0.0,502.0,20.9,41.0
2023-12-19 00:26:59,0.0,0.0,501.0,20.9,41.0
2023-12-19 00:36:59,0.0,0.0,496.0,20.9,41.0
2023-12-19 00:46:59,0.0,0.0,500.0,20.9,41.0
2023-12-19 00:56:59,0.0,0.0,503.0,20.9,41.0
2023-12-19 01:06:59,0.0,0.0,502.0,20.9,41.0
2023-12-19 01:16:59,0.0,0.0,487.0,20.9,41.0
2023-12-19 01:26:59,0.0,0.0,494.0,20.9,41.0
2023-12-19 01:36:59,0.0,0.0,498.0,21.0,41.0
2023-12-19 01:46:59,0.0,0.0,498.0,20.9,41.0
2023-12-19 01:56:59,0.0,0.0,496.0,20.9,41.0
2023-12-19 02:06:59,0.0,0.0,495.0,20.9,41.0
2023-12-19 02:16:58,0.0,0.0,486.0,20.9,41.0
2023-12-19 02:26:58,0.0,0.0,484.0,20.9,41.0
2023-12-19 02:36:58,0.0,0.0,485.0,20.9,41.0
2023-12-19 02:46:59,0.0,0.0,486.0,20.9,41.0
2023-12-19 02:56:58,0.0,0.0,494.0,20.9,41.0
2023-12-19 03:06:58,0.0,0.0,480.0,20.9,41.0
2023-12-19 03:16:58,0.0,0.0,479.0,20.9,41.0
2023-12-19 03:26:58,0.0,0.0,484.0,20.9,41.0
2023-12-19 03:36:58,0.0,0.0,474.0,20.8,41.0
2023-12-19 03:46:58,0.0,0.0,471.0,20.8,41.0
2023-12-19 03:56:58,0.0,0.0,478.0,20.8,41.0
2023-12-19 04:06:58,0.0,0.0,470.0,20.9,41.0
2023-12-19 04:16:58,0.0,0.0,472.0,20.9,41.0
2023-12-19 04:26:58,0.0,0.0,480.0,20.9,41.0
2023-12-19 04:36:58,0.0,0.0,471.0,20.9,41.0
2023-12-19 04:46:58,0.0,0.0,469.0,20.9,41.0
2023-12-19 04:56:58,0.0,0.0,476.0,20.9,41.0
2023-12-19 05:06:58,0.0,0.0,468.0,20.9,41.0
2023-12-19 05:16:58,0.0,0.0,461.0,20.9,41.0
2023-12-19 05:26:58,0.0,0.0,468.0,20.9,41.0
2023-12-19 05:36:58,4.0,0.0,491.0,21.0,41.0
2023-12-19 05:46:58,0.0,0.0,478.0,20.9,41.0
2023-12-19 05:56:57,0.0,0.0,486.0,20.9,41.0
2023-12-19 06:06:57,0.0,0.0,478.0,20.9,41.0
2023-12-19 06:16:57,0.0,0.0,468.0,20.9,41.0
2023-12-19 06:26:57,0.0,0.0,467.0,20.9,41.0
2023-12-19 06:36:57,0.0,0.0,464.0,20.9,41.0
2023-12-19 06:46:57,0.0,0.0,446.0,20.8,41.0
2023-12-19 06:56:57,0.0,0.0,462.0,20.9,41.0
2023-12-19 07:06:57,0.0,0.0,434.0,20.9,41.0
2023-12-19 07:16:57,0.0,0.0,417.0,21.0,41.0
2023-12-19 07:26:57,7.0,350.0,451.0,20.9,42.0
2023-12-19 07:36:57,0.0,346.0,504.0,21.0,42.0
2023-12-19 07:46:57,4.0,343.0,529.0,21.1,43.0
2023-12-19 07:56:57,27.0,346.0,593.0,21.2,43.0
2023-12-19 08:06:57,29.0,346.0,677.0,21.4,43.0
2023-12-19 08:16:57,5.0,350.0,586.0,21.3,43.0
2023-12-19 08:26:57,0.0,353.0,552.0,21.3,42.0
2023-12-19 08:36:57,1.0,353.0,544.0,21.3,42.0
2023-12-19 08:46:57,5.0,360.0,511.0,21.2,42.0
2023-12-19 08:56:57,3.0,353.0,524.0,21.2,42.0
2023-12-19 09:06:57,5.0,357.0,561.0,21.3,42.0
2023-12-19 09:16:57,1.0,363.0,601.0,21.3,43.0
2023-12-19 09:26:57,0.0,373.0,567.0,21.3,42.0
2023-12-19 09:36:56,8.0,383.0,562.0,21.3,42.0
2023-12-19 09:46:56,12.0,360.0,532.0,21.3,42.0
2023-12-19 09:56:56,0.0,367.0,459.0,21.2,41.0
2023-12-19 10:06:56,0.0,367.0,426.0,21.1,41.0
2023-12-19 10:16:56,0.0,363.0,413.0,21.1,41.0
2023-12-19 10:26:56,0.0,367.0,413.0,21.1,41.0
2023-12-19 10:36:56,0.0,383.0,411.0,21.1,40.0
2023-12-19 10:46:56,0.0,383.0,412.0,21.1,40.0
2023-12-19 10:56:56,0.0,380.0,414.0,21.1,40.0
2023-12-19 11:06:56,0.0,390.0,408.0,21.1,40.0
2023-12-19 11:16:56,0.0,380.0,407.0,21.1,40.0
2023-12-19 11:26:56,0.0,370.0,424.0,21.1,40.0
2023-12-19 11:36:56,0.0,373.0,431.0,21.1,40.0
2023-12-19 11:46:56,0.0,367.0,423.0,21.1,40.0
2023-12-19 11:56:56,0.0,370.0,419.0,21.1,40.0
2023-12-19 12:06:56,0.0,367.0,424.0,21.0,40.0
2023-12-19 12:16:56,0.0,377.0,420.0,21.1,40.0
2023-12-19 12:26:56,0.0,363.0,422.0,21.0,40.0
2023-12-19 12:36:56,0.0,363.0,422.0,21.1,40.0
2023-12-19 12:46:56,0.0,367.0,433.0,21.1,40.0
2023-12-19 12:56:56,0.0,363.0,436.0,21.1,40.0
2023-12-19 13:06:56,0.0,357.0,424.0,21.1,39.0
2023-12-19 13:16:55,0.0,363.0,417.0,21.0,39.0
2023-12-19 13:26:55,0.0,357.0,414.0,21.0,39.0
2023-12-19 13:36:56,0.0,353.0,408.0,21.0,38.0
2023-12-19 13:46:55,0.0,353.0,411.0,21.0,38.0
2023-12-19 13:56:55,0.0,357.0,410.0,21.0,38.0
2023-12-19 14:06:56,0.0,357.0,416.0,21.0,38.0
2023-12-19 14:16:55,0.0,350.0,416.0,21.0,38.0
2023-12-19 14:26:55,0.0,343.0,410.0,21.0,38.0
2023-12-19 14:36:55,0.0,343.0,407.0,21.0,38.0
2023-12-19 14:46:56,0.0,343.0,403.0,21.0,38.0
2023-12-19 14:56:55,0.0,343.0,405.0,21.0,37.0
2023-12-19 15:06:55,0.0,343.0,410.0,21.0,37.0
2023-12-19 15:16:55,0.0,340.0,398.0,21.0,37.0
2023-12-19 15:26:55,0.0,343.0,395.0,21.0,37.0
2023-12-19 15:36:55,0.0,343.0,401.0,21.0,37.0
2023-12-19 15:46:55,0.0,343.0,398.0,21.0,37.0
2023-12-19 15:56:55,0.0,343.0,403.0,21.0,37.0
2023-12-19 16:06:55,0.0,340.0,438.0,20.9,37.0
2023-12-19 16:16:55,0.0,340.0,525.0,20.9,38.0
2023-12-19 16:26:55,0.0,340.0,563.0,20.9,39.0
2023-12-19 16:36:55,0.0,340.0,599.0,20.9,39.0
2023-12-19 16:46:55,0.0,340.0,617.0,20.9,39.0
2023-12-19 16:56:54,0.0,340.0,613.0,20.9,40.0
2023-12-19 17:06:54,0.0,340.0,607.0,20.9,40.0
2023-12-19 17:16:54,0.0,340.0,608.0,21.0,40.0
2023-12-19 17:26:54,0.0,340.0,608.0,20.9,40.0
2023-12-19 17:36:54,0.0,340.0,597.0,20.9,40.0
2023-12-19 17:46:54,0.0,340.0,606.0,20.9,40.0
2023-12-19 17:56:54,0.0,340.0,597.0,20.9,40.0
2023-12-19 18:06:54,0.0,340.0,588.0,20.9,40.0
2023-12-19 18:16:54,0.0,340.0,581.0,20.9,40.0
2023-12-19 18:26:54,0.0,340.0,584.0,20.9,40.0
2023-12-19 18:36:54,0.0,340.0,570.0,20.8,40.0
2023-12-19 18:46:54,0.0,340.0,568.0,20.8,40.0
2023-12-19 18:56:54,0.0,340.0,560.0,20.8,40.0
2023-12-19 19:06:54,0.0,340.0,543.0,20.8,40.0
2023-12-19 19:16:54,0.0,340.0,551.0,20.9,40.0
2023-12-19 19:26:54,0.0,340.0,551.0,20.9,40.0
2023-12-19 19:36:54,0.0,340.0,542.0,20.9,40.0
2023-12-19 19:46:54,0.0,340.0,540.0,20.8,40.0
2023-12-19 19:56:54,0.0,340.0,553.0,20.8,39.0
2023-12-19 20:06:54,0.0,340.0,540.0,20.8,40.0
2023-12-19 20:16:54,0.0,340.0,530.0,20.8,40.0
2023-12-19 20:26:59,0.0,340.0,516.0,20.8,39.0
2023-12-19 20:37:00,0.0,340.0,520.0,20.8,39.0
2023-12-19 20:46:58,0.0,340.0,520.0,20.8,39.0
2023-12-19 20:56:58,0.0,340.0,509.0,20.7,39.0
2023-12-19 21:06:59,0.0,340.0,504.0,20.8,39.0
2023-12-19 21:16:59,0.0,340.0,505.0,20.8,39.0
2023-12-19 21:26:59,0.0,340.0,495.0,20.7,39.0
2023-12-19 21:36:58,0.0,340.0,495.0,20.8,39.0
2023-12-19 21:46:59,0.0,340.0,496.0,20.8,39.0
2023-12-19 21:56:57,0.0,340.0,493.0,20.7,39.0
2023-12-19 22:06:58,0.0,340.0,495.0,20.8,39.0
2023-12-19 22:16:57,0.0,340.0,490.0,20.7,39.0
2023-12-19 22:26:57,0.0,340.0,481.0,20.7,39.0
2023-12-19 22:36:56,0.0,340.0,475.0,20.7,39.0
2023-12-19 22:46:57,0.0,340.0,475.0,20.7,39.0
2023-12-19 22:57:25,0.0,340.0,469.0,20.7,39.0
2023-12-19 23:06:57,0.0,340.0,462.0,20.7,38.0
2023-12-19 23:16:57,0.0,340.0,470.0,20.7,38.0
2023-12-19 23:26:53,0.0,340.0,455.0,20.7,38.0
2023-12-19 23:36:53,0.0,340.0,459.0,20.7,38.0
2023-12-19 23:46:53,0.0,340.0,450.0,20.7,38.0
2023-12-19 23:56:53,0.0,340.0,457.0,20.6,38.0
2023-12-20 00:06:52,0.0,340.0,454.0,20.7,38.0
2023-12-20 00:16:53,0.0,340.0,440.0,20.6,38.0
2023-12-20 00:26:52,0.0,340.0,445.0,20.6,38.0
2023-12-20 00:36:52,0.0,340.0,444.0,20.6,38.0
2023-12-20 00:46:52,0.0,340.0,436.0,20.6,38.0
2023-12-20 00:56:52,0.0,340.0,433.0,20.6,38.0
2023-12-20 01:06:52,0.0,340.0,434.0,20.6,38.0
2023-12-20 01:16:52,0.0,340.0,432.0,20.6,38.0
2023-12-20 01:36:52,0.0,340.0,433.0,20.6,38.0
2023-12-20 01:46:52,0.0,340.0,430.0,20.6,38.0
2023-12-20 01:56:52,0.0,340.0,430.0,20.6,38.0
2023-12-20 02:06:52,0.0,340.0,425.0,20.6,38.0
2023-12-20 02:16:52,0.0,340.0,426.0,20.5,38.0
2023-12-20 02:26:52,0.0,340.0,429.0,20.5,38.0
2023-12-20 02:36:52,0.0,340.0,423.0,20.5,38.0
2023-12-20 02:46:52,0.0,340.0,430.0,20.5,38.0
2023-12-20 02:56:52,0.0,340.0,421.0,20.5,38.0
2023-12-20 03:06:52,0.0,340.0,416.0,20.5,38.0
2023-12-20 03:16:52,0.0,340.0,425.0,20.5,38.0
2023-12-20 03:26:52,0.0,340.0,425.0,20.5,38.0
2023-12-20 03:36:52,0.0,340.0,415.0,20.5,37.0
2023-12-20 03:46:51,0.0,340.0,420.0,20.5,37.0
2023-12-20 03:56:51,0.0,340.0,416.0,20.5,37.0
2023-12-20 04:06:51,0.0,340.0,412.0,20.5,37.0
2023-12-20 04:16:51,0.0,340.0,412.0,20.5,37.0
2023-12-20 04:26:51,0.0,340.0,418.0,20.5,37.0
2023-12-20 04:36:51,0.0,340.0,411.0,20.5,37.0
2023-12-20 04:46:51,0.0,340.0,416.0,20.5,37.0
2023-12-20 04:56:51,0.0,340.0,419.0,20.5,37.0
2023-12-20 05:06:51,0.0,340.0,413.0,20.5,37.0
2023-12-20 05:16:51,0.0,340.0,409.0,20.5,37.0
2023-12-20 05:26:51,0.0,340.0,405.0,20.5,37.0
2023-12-20 05:36:51,0.0,340.0,412.0,20.5,37.0
2023-12-20 05:46:51,6.0,343.0,422.0,20.5,37.0
2023-12-20 05:56:51,0.0,340.0,426.0,20.5,38.0
2023-12-20 06:06:51,0.0,340.0,426.0,20.4,38.0
2023-12-20 06:16:51,0.0,340.0,422.0,20.5,38.0
2023-12-20 06:26:51,0.0,340.0,423.0,20.5,38.0
2023-12-20 06:36:51,1.0,0.0,409.0,20.5,38.0
2023-12-20 06:46:51,0.0,0.0,422.0,20.4,38.0
2023-12-20 06:56:51,0.0,0.0,414.0,20.4,38.0
2023-12-20 07:06:51,0.0,0.0,410.0,20.4,37.0
2023-12-20 07:16:51,0.0,0.0,391.0,20.5,36.0
2023-12-20 07:26:50,0.0,3.0,382.0,20.5,35.0
2023-12-20 07:36:51,0.0,3.0,383.0,20.5,35.0
2023-12-20 07:46:50,0.0,6.0,387.0,20.4,34.0
2023-12-20 07:56:50,0.0,16.0,381.0,20.4,34.0
2023-12-20 08:06:50,0.0,16.0,381.0,20.4,34.0
2023-12-20 08:16:50,0.0,26.0,379.0,20.4,34.0
2023-12-20 08:26:50,0.0,53.0,383.0,20.4,34.0
2023-12-20 08:36:50,0.0,67.0,387.0,20.4,33.0
2023-12-20 08:46:50,0.0,104.0,386.0,20.4,33.0
2023-12-20 08:56:50,0.0,141.0,379.0,20.4,33.0
2023-12-20 09:06:50,0.0,229.0,384.0,20.5,33.0
2023-12-20 09:16:50,0.0,188.0,398.0,20.5,33.0
2023-12-20 09:26:50,0.0,165.0,394.0,20.4,33.0
2023-12-20 09:36:50,0.0,70.0,403.0,20.5,34.0
2023-12-20 09:46:50,0.0,47.0,400.0,20.4,34.0
2023-12-20 09:56:50,0.0,40.0,405.0,20.4,34.0
2023-12-20 10:06:50,0.0,57.0,408.0,20.4,34.0
2023-12-20 10:16:50,0.0,50.0,400.0,20.4,34.0
2023-12-20 10:26:50,0.0,26.0,413.0,20.4,34.0
2023-12-20 10:36:50,0.0,26.0,418.0,20.4,34.0
2023-12-20 10:46:50,0.0,33.0,419.0,20.4,35.0
2023-12-20 10:56:50,0.0,33.0,397.0,20.4,34.0
2023-12-20 11:06:49,0.0,23.0,395.0,20.4,34.0
2023-12-20 11:16:49,0.0,47.0,390.0,20.4,34.0
2023-12-20 11:26:49,0.0,47.0,406.0,20.4,34.0
2023-12-20 11:36:49,0.0,50.0,402.0,20.4,35.0
2023-12-20 11:46:49,0.0,30.0,405.0,20.4,34.0
2023-12-20 11:56:49,0.0,53.0,411.0,20.4,34.0
2023-12-20 12:06:49,0.0,84.0,415.0,20.4,35.0
2023-12-20 12:16:49,0.0,84.0,409.0,20.4,34.0
2023-12-20 12:26:49,0.0,151.0,422.0,20.4,34.0
2023-12-20 12:36:49,0.0,131.0,430.0,20.4,35.0
2023-12-20 12:46:49,0.0,33.0,424.0,20.4,34.0
2023-12-20 12:56:49,0.0,101.0,417.0,20.4,34.0
2023-12-20 13:06:49,0.0,178.0,412.0,20.4,34.0
2023-12-20 13:16:49,0.0,127.0,412.0,20.4,33.0
2023-12-20 13:26:49,0.0,117.0,408.0,20.4,33.0
2023-12-20 13:36:49,0.0,134.0,410.0,20.4,33.0
2023-12-20 13:46:49,0.0,63.0,408.0,20.4,33.0
2023-12-20 13:56:49,0.0,80.0,405.0,20.4,33.0
2023-12-20 14:06:49,0.0,47.0,401.0,20.4,33.0
2023-12-20 14:16:49,0.0,23.0,403.0,20.4,32.0
2023-12-20 14:26:49,0.0,13.0,395.0,20.4,32.0
2023-12-20 14:36:49,0.0,6.0,407.0,20.4,32.0
2023-12-20 14:46:48,0.0,3.0,405.0,20.3,32.0
2023-12-20 14:56:48,0.0,3.0,400.0,20.4,32.0
2023-12-20 15:06:48,0.0,3.0,395.0,20.3,32.0
2023-12-20 15:16:48,0.0,0.0,404.0,20.4,32.0
2023-12-20 15:26:48,0.0,0.0,407.0,20.3,32.0
2023-12-20 15:36:48,0.0,0.0,413.0,20.3,32.0
2023-12-20 15:46:48,0.0,0.0,416.0,20.3,32.0
2023-12-20 15:56:48,0.0,0.0,409.0,20.4,31.0
2023-12-20 16:06:48,0.0,0.0,468.0,20.3,32.0
2023-12-20 16:16:48,0.0,0.0,582.0,20.3,33.0
2023-12-20 16:26:48,0.0,0.0,663.0,20.3,34.0
2023-12-20 16:36:48,0.0,0.0,701.0,20.3,35.0
2023-12-20 16:46:48,0.0,0.0,716.0,20.3,36.0
2023-12-20 16:56:48,0.0,0.0,749.0,20.2,36.0
2023-12-20 17:06:48,0.0,0.0,759.0,20.2,37.0
2023-12-20 17:16:48,0.0,0.0,764.0,20.2,37.0
2023-12-20 17:26:48,0.0,0.0,767.0,20.3,37.0
2023-12-20 17:36:48,0.0,0.0,741.0,20.2,37.0
2023-12-20 17:46:48,0.0,0.0,733.0,20.2,37.0
2023-12-20 17:56:48,0.0,0.0,711.0,20.2,37.0
2023-12-20 18:06:48,0.0,0.0,705.0,20.2,37.0
2023-12-20 18:16:48,0.0,0.0,699.0,20.2,37.0
2023-12-20 18:26:47,0.0,0.0,686.0,20.2,37.0
2023-12-20 18:36:47,0.0,0.0,671.0,20.2,37.0
2023-12-20 18:46:47,0.0,0.0,664.0,20.2,37.0
2023-12-20 18:56:47,0.0,0.0,649.0,20.2,37.0
2023-12-20 19:06:47,0.0,0.0,630.0,20.2,37.0
2023-12-20 19:16:47,0.0,0.0,635.0,20.2,37.0
2023-12-20 19:26:47,0.0,0.0,625.0,20.2,37.0
2023-12-20 19:36:47,0.0,0.0,611.0,20.2,37.0
2023-12-20 19:46:47,0.0,0.0,615.0,20.1,37.0
2023-12-20 19:56:47,0.0,0.0,602.0,20.1,37.0
2023-12-20 20:06:47,0.0,0.0,599.0,20.2,37.0
2023-12-20 20:16:47,0.0,0.0,597.0,20.2,37.0
2023-12-20 20:26:47,0.0,0.0,587.0,20.2,36.0
2023-12-20 20:36:47,0.0,0.0,567.0,20.1,36.0
2023-12-20 20:46:47,0.0,0.0,559.0,20.1,36.0
2023-12-20 20:56:47,0.0,0.0,559.0,20.1,36.0
2023-12-20 21:06:47,0.0,0.0,553.0,20.1,36.0
2023-12-20 21:16:47,0.0,0.0,544.0,20.1,36.0
2023-12-20 21:26:47,0.0,0.0,550.0,20.1,36.0
2023-12-20 21:36:47,0.0,0.0,536.0,20.1,36.0
2023-12-20 21:46:47,0.0,0.0,529.0,20.2,36.0
2023-12-20 21:56:47,0.0,0.0,531.0,20.1,36.0
2023-12-20 22:06:46,0.0,0.0,528.0,20.2,36.0
2023-12-20 22:16:46,0.0,0.0,525.0,20.1,36.0
2023-12-20 22:26:46,0.0,0.0,521.0,20.1,36.0
2023-12-20 22:36:46,0.0,0.0,514.0,20.1,36.0
2023-12-20 22:46:46,0.0,0.0,513.0,20.1,36.0
2023-12-20 22:56:46,0.0,0.0,503.0,20.1,36.0
2023-12-20 23:06:59,0.0,0.0,508.0,20.1,36.0
2023-12-20 23:16:59,0.0,0.0,502.0,20.0,36.0
2023-12-20 23:26:59,0.0,0.0,496.0,20.0,36.0
2023-12-20 23:36:59,0.0,0.0,491.0,20.0,36.0
2023-12-20 23:46:59,0.0,0.0,491.0,20.0,36.0
2023-12-20 23:56:59,0.0,0.0,490.0,20.0,36.0
2023-12-21 00:06:59,0.0,0.0,481.0,20.0,36.0
2023-12-21 00:16:59,0.0,0.0,469.0,20.0,36.0
2023-12-21 00:26:59,0.0,0.0,472.0,20.0,36.0
2023-12-21 00:36:59,0.0,0.0,478.0,20.0,36.0
2023-12-21 00:46:58,0.0,0.0,468.0,20.0,36.0
2023-12-21 00:56:58,0.0,0.0,460.0,19.9,36.0
2023-12-21 01:06:58,0.0,0.0,467.0,20.0,36.0
2023-12-21 01:16:58,0.0,0.0,470.0,20.0,36.0
2023-12-21 01:26:58,0.0,0.0,457.0,20.0,36.0
2023-12-21 01:36:58,0.0,0.0,447.0,20.0,36.0
2023-12-21 01:46:58,0.0,0.0,450.0,20.0,36.0
2023-12-21 01:56:58,0.0,0.0,453.0,19.9,36.0
2023-12-21 02:06:58,0.0,0.0,457.0,20.0,36.0
2023-12-21 02:16:58,0.0,0.0,452.0,20.0,36.0
2023-12-21 02:26:58,0.0,0.0,446.0,20.0,36.0
2023-12-21 02:36:58,0.0,0.0,443.0,20.0,36.0
2023-12-21 02:46:58,0.0,0.0,452.0,20.0,36.0
2023-12-21 02:56:58,0.0,0.0,444.0,20.0,36.0
2023-12-21 03:06:58,0.0,0.0,445.0,20.0,36.0
2023-12-21 03:16:58,0.0,0.0,439.0,20.0,36.0
2023-12-21 03:26:58,0.0,0.0,443.0,19.9,36.0
2023-12-21 03:36:58,0.0,0.0,435.0,19.9,36.0
2023-12-21 03:46:58,0.0,0.0,438.0,20.0,36.0
2023-12-21 03:56:58,0.0,0.0,445.0,19.9,36.0
2023-12-21 04:06:58,0.0,0.0,432.0,19.9,36.0
2023-12-21 04:16:58,0.0,0.0,437.0,19.9,36.0
2023-12-21 04:26:58,0.0,0.0,450.0,19.9,36.0
2023-12-21 04:36:57,0.0,0.0,436.0,19.9,36.0
2023-12-21 04:46:57,0.0,0.0,431.0,19.9,36.0
2023-12-21 04:56:57,0.0,0.0,436.0,20.0,36.0
2023-12-21 05:06:57,0.0,0.0,431.0,19.9,36.0
2023-12-21 05:16:57,0.0,0.0,440.0,19.9,36.0
2023-12-21 05:26:57,0.0,0.0,433.0,19.9,36.0
2023-12-21 05:36:57,0.0,0.0,434.0,19.9,36.0
2023-12-21 05:46:57,0.0,0.0,434.0,19.9,36.0
2023-12-21 05:56:57,0.0,0.0,438.0,19.9,36.0
2023-12-21 06:06:57,0.0,0.0,434.0,19.9,36.0
2023-12-21 06:16:57,0.0,0.0,435.0,19.9,36.0
2023-12-21 06:26:57,0.0,0.0,431.0,19.9,36.0
2023-12-21 06:36:57,0.0,0.0,437.0,19.9,37.0
2023-12-21 06:46:57,0.0,0.0,433.0,19.9,37.0
2023-12-21 06:56:57,0.0,0.0,444.0,19.9,37.0
2023-12-21 07:06:57,0.0,0.0,412.0,19.8,36.0
2023-12-21 07:16:57,0.0,0.0,399.0,19.9,36.0
2023-12-21 07:26:57,0.0,3.0,381.0,20.0,36.0
2023-12-21 07:36:57,0.0,3.0,378.0,20.0,35.0
2023-12-21 07:46:57,0.0,3.0,383.0,19.9,35.0
2023-12-21 07:56:57,0.0,3.0,380.0,20.0,36.0
2023-12-21 08:06:56,0.0,6.0,385.0,19.9,36.0
2023-12-21 08:16:56,0.0,6.0,379.0,19.9,36.0
2023-12-21 08:26:56,0.0,6.0,383.0,19.9,36.0
2023-12-21 08:36:56,0.0,10.0,386.0,19.9,37.0
2023-12-21 08:46:56,0.0,13.0,387.0,19.9,37.0
2023-12-21 08:56:56,0.0,16.0,394.0,20.0,37.0
2023-12-21 09:06:56,0.0,10.0,386.0,19.9,38.0
2023-12-21 09:16:56,0.0,13.0,381.0,19.9,38.0
2023-12-21 09:26:56,0.0,13.0,384.0,19.9,38.0
2023-12-21 09:36:56,0.0,16.0,394.0,19.9,39.0
2023-12-21 09:46:56,0.0,13.0,389.0,19.9,39.0
2023-12-21 09:56:56,0.0,20.0,393.0,19.9,39.0
2023-12-21 10:06:56,0.0,53.0,399.0,19.9,39.0
2023-12-21 10:16:56,0.0,30.0,399.0,19.9,40.0
2023-12-21 10:26:56,0.0,40.0,403.0,19.9,40.0
2023-12-21 10:36:56,0.0,33.0,396.0,19.9,40.0
2023-12-21 10:46:56,0.0,26.0,406.0,19.9,40.0
2023-12-21 10:56:56,0.0,74.0,407.0,20.1,40.0
2023-12-21 11:06:56,0.0,77.0,392.0,20.0,40.0
2023-12-21 11:16:56,0.0,67.0,382.0,19.9,41.0
2023-12-21 11:26:56,0.0,37.0,394.0,20.0,41.0
2023-12-21 11:36:56,0.0,26.0,390.0,20.0,41.0
2023-12-21 11:46:55,0.0,26.0,393.0,20.0,41.0
2023-12-21 11:56:56,0.0,47.0,395.0,20.0,41.0
2023-12-21 12:06:55,0.0,60.0,395.0,20.0,41.0
2023-12-21 12:16:56,0.0,43.0,406.0,20.0,41.0
2023-12-21 12:26:55,0.0,30.0,398.0,20.0,41.0
2023-12-21 12:36:55,0.0,33.0,394.0,20.1,40.0
2023-12-21 12:46:55,0.0,50.0,410.0,20.0,40.0
2023-12-21 12:56:55,0.0,74.0,403.0,20.1,40.0
2023-12-21 13:06:55,0.0,144.0,409.0,20.0,40.0
2023-12-21 13:16:55,0.0,138.0,410.0,20.1,40.0
2023-12-21 13:26:55,0.0,94.0,410.0,20.1,39.0
2023-12-21 13:36:55,0.0,63.0,404.0,20.0,39.0
2023-12-21 13:46:55,0.0,67.0,404.0,20.0,38.0
2023-12-21 13:56:55,0.0,40.0,402.0,20.0,38.0
2023-12-21 14:06:55,0.0,23.0,397.0,20.0,37.0
2023-12-21 14:16:55,0.0,20.0,400.0,20.0,38.0
2023-12-21 14:26:55,0.0,16.0,402.0,20.1,37.0
2023-12-21 14:36:55,0.0,10.0,399.0,20.0,37.0
2023-12-21 14:46:55,0.0,3.0,396.0,20.0,37.0
2023-12-21 14:56:55,0.0,3.0,409.0,20.1,37.0
2023-12-21 15:06:55,0.0,3.0,405.0,20.1,36.0
2023-12-21 15:16:55,0.0,0.0,389.0,20.0,36.0
2023-12-21 15:26:54,0.0,0.0,404.0,20.0,35.0
2023-12-21 15:36:54,0.0,0.0,390.0,20.0,35.0
2023-12-21 15:46:54,0.0,0.0,396.0,20.0,35.0
2023-12-21 15:56:54,0.0,0.0,394.0,20.1,34.0
2023-12-21 16:06:54,0.0,0.0,414.0,20.0,35.0
2023-12-21 16:16:54,0.0,0.0,454.0,20.0,36.0
2023-12-21 16:26:54,0.0,0.0,483.0,20.0,36.0
2023-12-21 16:36:54,0.0,0.0,497.0,20.0,37.0
2023-12-21 16:46:54,0.0,0.0,525.0,20.0,37.0
2023-12-21 16:56:54,0.0,0.0,516.0,20.0,38.0
2023-12-21 17:06:54,0.0,0.0,517.0,20.0,38.0
2023-12-21 17:16:54,0.0,0.0,515.0,20.0,38.0
2023-12-21 17:26:54,0.0,0.0,508.0,19.9,38.0
2023-12-21 17:36:54,0.0,0.0,520.0,20.0,38.0
2023-12-21 17:46:54,0.0,0.0,498.0,19.9,38.0
2023-12-21 17:56:54,0.0,0.0,512.0,19.9,38.0
2023-12-21 18:06:54,0.0,0.0,500.0,19.9,38.0
2023-12-21 18:16:54,0.0,0.0,487.0,20.0,38.0
2023-12-21 18:26:54,0.0,0.0,491.0,19.9,38.0
2023-12-21 18:36:54,0.0,0.0,482.0,19.9,38.0
2023-12-21 18:46:54,0.0,0.0,480.0,20.0,38.0
2023-12-21 18:56:54,0.0,0.0,474.0,19.9,38.0
2023-12-21 19:06:53,0.0,0.0,474.0,19.9,38.0
2023-12-21 19:16:53,0.0,0.0,474.0,19.9,38.0
2023-12-21 19:26:53,0.0,0.0,461.0,19.9,38.0
2023-12-21 19:36:53,0.0,0.0,469.0,19.9,38.0
2023-12-21 19:46:53,0.0,0.0,455.0,19.9,38.0
2023-12-21 19:56:53,0.0,0.0,465.0,19.9,38.0
2023-12-21 20:06:53,0.0,0.0,457.0,19.9,38.0
2023-12-21 20:16:53,0.0,0.0,450.0,19.9,38.0
2023-12-21 20:26:53,0.0,0.0,455.0,19.9,38.0
2023-12-21 20:36:53,0.0,0.0,446.0,19.9,38.0
2023-12-21 20:46:53,0.0,0.0,446.0,19.9,38.0
2023-12-21 20:56:53,0.0,0.0,436.0,19.8,38.0
2023-12-21 21:06:53,0.0,0.0,445.0,19.8,38.0
2023-12-21 21:16:53,0.0,0.0,435.0,19.8,38.0
2023-12-21 21:26:53,0.0,0.0,439.0,19.8,38.0
2023-12-21 21:36:53,0.0,0.0,438.0,19.8,38.0
2023-12-21 21:46:53,0.0,0.0,439.0,19.8,38.0
2023-12-21 21:56:53,0.0,0.0,434.0,19.8,38.0
2023-12-21 22:06:53,0.0,0.0,427.0,19.8,38.0
2023-12-21 22:16:53,0.0,0.0,428.0,19.8,38.0
2023-12-21 22:26:53,0.0,0.0,429.0,19.8,38.0
2023-12-21 22:36:53,0.0,0.0,426.0,19.8,38.0
2023-12-21 22:46:52,0.0,0.0,424.0,19.8,37.0
2023-12-21 22:56:53,0.0,0.0,428.0,19.8,37.0
2023-12-21 23:06:52,0.0,0.0,415.0,19.8,37.0
2023-12-21 23:16:52,0.0,0.0,416.0,19.8,37.0
2023-12-21 23:26:52,0.0,0.0,414.0,19.8,37.0
2023-12-21 23:36:52,0.0,0.0,412.0,19.8,37.0
2023-12-21 23:46:52,0.0,0.0,412.0,19.8,37.0
2023-12-21 23:56:52,0.0,0.0,417.0,19.8,37.0
2023-12-22 00:06:52,0.0,0.0,411.0,19.8,37.0
2023-12-22 00:16:52,0.0,0.0,414.0,19.8,37.0
2023-12-22 00:26:52,0.0,0.0,413.0,19.8,37.0
2023-12-22 00:36:52,0.0,0.0,412.0,19.7,37.0
2023-12-22 00:46:52,0.0,0.0,412.0,19.8,37.0
2023-12-22 00:56:52,0.0,0.0,400.0,19.8,37.0
2023-12-22 01:06:52,0.0,0.0,409.0,19.7,37.0
2023-12-22 01:16:52,0.0,0.0,409.0,19.7,37.0
2023-12-22 01:26:52,0.0,0.0,402.0,19.7,37.0
2023-12-22 01:36:52,0.0,0.0,404.0,19.7,37.0
2023-12-22 01:46:52,0.0,0.0,399.0,19.7,36.0
2023-12-22 01:56:52,0.0,0.0,395.0,19.8,36.0
2023-12-22 02:06:52,0.0,0.0,407.0,19.7,36.0
2023-12-22 02:16:52,0.0,0.0,405.0,19.7,36.0
2023-12-22 02:26:51,0.0,0.0,411.0,19.7,36.0
2023-12-22 02:36:51,0.0,0.0,396.0,19.7,36.0
2023-12-22 02:46:51,0.0,0.0,399.0,19.7,36.0
2023-12-22 02:56:51,0.0,0.0,395.0,19.7,36.0
2023-12-22 03:06:51,0.0,0.0,397.0,19.7,36.0
2023-12-22 03:16:51,0.0,0.0,394.0,19.7,36.0
2023-12-22 03:26:51,0.0,0.0,390.0,19.7,36.0
2023-12-22 03:36:51,0.0,0.0,394.0,19.7,36.0
2023-12-22 03:46:51,0.0,0.0,398.0,19.7,36.0
2023-12-22 03:56:51,0.0,0.0,398.0,19.7,36.0
2023-12-22 04:06:51,0.0,0.0,392.0,19.7,35.0
2023-12-22 04:16:51,0.0,0.0,393.0,19.7,35.0
2023-12-22 04:26:51,0.0,0.0,398.0,19.7,35.0
2023-12-22 04:36:51,0.0,0.0,388.0,19.6,35.0
2023-12-22 04:46:51,0.0,0.0,397.0,19.7,35.0
2023-12-22 04:56:51,0.0,0.0,393.0,19.7,35.0
2023-12-22 05:06:51,0.0,0.0,394.0,19.7,35.0
2023-12-22 05:16:51,0.0,0.0,399.0,19.7,35.0
2023-12-22 05:26:51,0.0,0.0,391.0,19.7,35.0
2023-12-22 05:36:51,0.0,0.0,398.0,19.7,35.0
2023-12-22 05:46:51,0.0,0.0,402.0,19.7,35.0
2023-12-22 05:56:51,0.0,0.0,400.0,19.7,35.0
2023-12-22 06:06:50,0.0,0.0,391.0,19.6,35.0
2023-12-22 06:16:50,0.0,0.0,389.0,19.6,35.0
2023-12-22 06:26:50,0.0,0.0,394.0,19.6,35.0
2023-12-22 06:36:50,0.0,0.0,392.0,19.6,35.0
2023-12-22 06:46:50,0.0,0.0,391.0,19.6,35.0
2023-12-22 06:56:50,0.0,0.0,380.0,19.7,35.0
2023-12-22 07:06:50,0.0,0.0,376.0,19.6,34.0
2023-12-22 07:16:50,0.0,0.0,383.0,19.7,32.0
2023-12-22 07:26:50,0.0,3.0,369.0,19.7,31.0
2023-12-22 07:36:50,0.0,3.0,374.0,19.7,31.0
2023-12-22 07:46:50,0.0,6.0,376.0,19.7,30.0
2023-12-22 07:56:50,0.0,10.0,374.0,19.7,30.0
2023-12-22 08:06:50,0.0,16.0,366.0,19.7,30.0
2023-12-22 08:16:50,0.0,23.0,368.0,19.7,30.0
2023-12-22 08:26:50,0.0,33.0,368.0,19.7,29.0
2023-12-22 08:36:50,0.0,37.0,368.0,19.6,29.0
2023-12-22 08:46:50,0.0,53.0,373.0,19.7,29.0
2023-12-22 08:56:50,0.0,77.0,373.0,19.7,28.0
2023-12-22 09:06:50,0.0,94.0,376.0,19.7,28.0
2023-12-22 09:16:50,0.0,117.0,380.0,19.7,28.0
2023-12-22 09:26:50,0.0,104.0,384.0,19.7,27.0
2023-12-22 09:36:50,0.0,33.0,373.0,19.7,27.0
2023-12-22 09:46:49,0.0,23.0,381.0,19.7,28.0
2023-12-22 09:56:49,0.0,43.0,373.0,19.7,28.0
2023-12-22 10:06:49,0.0,107.0,376.0,19.7,28.0
2023-12-22 10:16:49,0.0,218.0,375.0,19.8,28.0
2023-12-22 10:26:49,0.0,1343.0,382.0,19.9,28.0
2023-12-22 10:36:49,0.0,602.0,382.0,19.9,28.0
2023-12-22 10:46:49,0.0,1330.0,376.0,20.0,28.0
2023-12-22 10:56:49,0.0,1916.0,373.0,20.1,27.0
2023-12-22 11:06:49,0.0,215.0,381.0,20.0,28.0
2023-12-22 11:16:49,2.0,232.0,385.0,19.9,28.0
2023-12-22 11:26:49,0.0,370.0,375.0,19.8,28.0
2023-12-22 11:36:49,0.0,778.0,378.0,19.9,27.0
2023-12-22 11:46:49,0.0,616.0,377.0,19.9,27.0
2023-12-22 11:56:49,0.0,407.0,379.0,20.0,27.0
2023-12-22 12:06:49,0.0,377.0,388.0,19.9,27.0
2023-12-22 12:16:49,0.0,282.0,385.0,19.9,27.0
2023-12-22 12:26:49,0.0,367.0,380.0,19.9,27.0
2023-12-22 12:36:49,0.0,350.0,388.0,19.9,27.0
2023-12-22 12:46:49,0.0,286.0,388.0,19.9,27.0
2023-12-22 12:56:49,0.0,198.0,388.0,19.9,27.0
2023-12-22 13:06:49,0.0,127.0,392.0,19.9,27.0
2023-12-22 13:16:49,0.0,151.0,390.0,19.8,27.0
2023-12-22 13:26:48,0.0,117.0,389.0,19.9,27.0
2023-12-22 13:36:48,0.0,67.0,391.0,19.9,27.0
2023-12-22 13:46:48,0.0,63.0,390.0,19.8,26.0
2023-12-22 13:56:48,0.0,33.0,398.0,19.8,26.0
2023-12-22 14:06:48,0.0,20.0,394.0,19.8,26.0
2023-12-22 14:16:48,0.0,13.0,385.0,19.8,26.0
2023-12-22 14:26:48,0.0,10.0,389.0,19.8,26.0
2023-12-22 14:36:48,0.0,6.0,395.0,19.9,26.0
2023-12-22 14:46:48,0.0,3.0,390.0,19.9,26.0
2023-12-22 14:56:48,0.0,3.0,385.0,19.9,26.0
2023-12-22 15:06:48,0.0,0.0,387.0,19.9,26.0
2023-12-22 15:16:48,0.0,0.0,387.0,19.8,25.0
2023-12-22 15:26:48,0.0,0.0,378.0,19.8,25.0
2023-12-22 15:36:48,0.0,0.0,380.0,19.8,25.0
2023-12-22 15:46:48,0.0,0.0,375.0,19.8,25.0
2023-12-22 15:56:48,0.0,0.0,379.0,19.8,25.0
2023-12-22 16:06:48,0.0,0.0,384.0,19.8,25.0
2023-12-22 16:16:48,0.0,0.0,396.0,19.8,27.0
2023-12-22 16:26:48,0.0,0.0,413.0,19.7,28.0
2023-12-22 16:36:48,0.0,0.0,425.0,19.7,29.0
2023-12-22 16:46:48,0.0,0.0,429.0,19.7,30.0
2023-12-22 16:56:47,0.0,0.0,424.0,19.7,30.0
2023-12-22 17:06:47,0.0,0.0,435.0,19.7,31.0
2023-12-22 17:16:47,0.0,0.0,426.0,19.7,31.0
2023-12-22 17:26:47,0.0,0.0,432.0,19.7,31.0
2023-12-22 17:36:48,0.0,0.0,420.0,19.7,32.0
2023-12-22 17:46:47,0.0,0.0,433.0,19.7,32.0
2023-12-22 17:56:47,0.0,0.0,421.0,19.7,32.0
2023-12-22 18:06:47,0.0,0.0,415.0,19.7,32.0
2023-12-22 18:16:47,0.0,0.0,416.0,19.7,32.0
2023-12-22 18:26:47,0.0,0.0,422.0,19.7,32.0
2023-12-22 18:36:47,0.0,0.0,424.0,19.7,32.0
2023-12-22 18:46:47,0.0,0.0,417.0,19.7,32.0
2023-12-22 18:56:47,0.0,0.0,415.0,19.6,32.0
2023-12-22 19:06:47,0.0,0.0,413.0,19.7,32.0
2023-12-22 19:16:47,0.0,0.0,407.0,19.6,32.0
2023-12-22 19:26:47,0.0,0.0,407.0,19.7,32.0
2023-12-22 19:36:47,0.0,0.0,408.0,19.7,32.0
2023-12-22 19:46:47,0.0,0.0,403.0,19.7,32.0
2023-12-22 19:56:47,0.0,0.0,400.0,19.7,32.0
2023-12-22 20:06:47,0.0,0.0,413.0,19.7,32.0
2023-12-22 20:16:47,0.0,0.0,399.0,19.7,32.0
2023-12-22 20:26:47,0.0,0.0,398.0,19.6,32.0
2023-12-22 20:36:47,0.0,0.0,397.0,19.6,32.0
2023-12-22 20:46:46,0.0,0.0,399.0,19.6,32.0
2023-12-22 20:56:46,0.0,0.0,401.0,19.6,32.0
2023-12-22 21:06:46,0.0,0.0,395.0,19.6,32.0
2023-12-22 21:16:46,0.0,0.0,400.0,19.6,32.0
2023-12-22 21:26:46,0.0,0.0,396.0,19.6,32.0
2023-12-22 21:36:46,0.0,0.0,398.0,19.6,32.0
2023-12-22 21:46:46,0.0,0.0,395.0,19.6,32.0
2023-12-22 21:56:46,0.0,0.0,395.0,19.6,32.0
2023-12-22 22:06:46,0.0,0.0,390.0,19.7,32.0
2023-12-22 22:16:46,0.0,0.0,398.0,19.6,32.0
2023-12-22 22:26:46,0.0,0.0,387.0,19.6,32.0
2023-12-22 22:36:46,0.0,0.0,389.0,19.6,32.0
2023-12-22 22:46:46,0.0,0.0,386.0,19.6,32.0
2023-12-22 22:56:46,0.0,0.0,389.0,19.6,32.0
2023-12-22 23:06:46,0.0,0.0,391.0,19.6,32.0
2023-12-22 23:16:46,0.0,0.0,392.0,19.7,32.0
2023-12-22 23:26:46,0.0,0.0,385.0,19.6,32.0
2023-12-22 23:36:46,0.0,0.0,386.0,19.6,31.0
2023-12-22 23:46:46,0.0,0.0,382.0,19.6,32.0
2023-12-22 23:56:46,0.0,0.0,390.0,19.6,32.0
2023-12-23 00:06:46,0.0,0.0,385.0,19.6,32.0
2023-12-23 00:16:45,0.0,0.0,389.0,19.6,32.0
2023-12-23 00:26:45,0.0,0.0,379.0,19.5,32.0
2023-12-23 00:36:45,0.0,0.0,386.0,19.6,32.0
2023-12-23 00:46:45,0.0,0.0,383.0,19.6,32.0
2023-12-23 00:56:45,0.0,0.0,391.0,19.6,31.0
2023-12-23 01:06:45,0.0,0.0,387.0,19.6,31.0
2023-12-23 01:16:45,0.0,0.0,384.0,19.6,31.0
2023-12-23 01:26:45,0.0,0.0,383.0,19.6,31.0
2023-12-23 01:36:45,0.0,0.0,387.0,19.6,31.0
2023-12-23 01:46:45,0.0,0.0,384.0,19.6,31.0
2023-12-23 01:56:45,0.0,0.0,385.0,19.7,31.0
2023-12-23 02:06:45,0.0,0.0,391.0,19.6,31.0
2023-12-23 02:16:45,0.0,0.0,377.0,19.6,31.0
2023-12-23 02:26:45,0.0,0.0,380.0,19.6,31.0
2023-12-23 02:36:45,0.0,0.0,382.0,19.6,31.0
2023-12-23 02:46:45,0.0,0.0,379.0,19.6,31.0
2023-12-23 02:56:45,0.0,0.0,384.0,19.6,31.0
2023-12-23 03:06:45,0.0,0.0,381.0,19.6,31.0
2023-12-23 03:16:45,0.0,0.0,376.0,19.6,31.0
2023-12-23 03:26:45,0.0,0.0,387.0,19.6,31.0
2023-12-23 03:36:45,0.0,0.0,374.0,19.6,31.0
2023-12-23 03:46:45,0.0,0.0,378.0,19.6,31.0
2023-12-23 03:56:44,0.0,0.0,369.0,19.6,31.0
2023-12-23 04:06:44,0.0,0.0,386.0,19.6,31.0
2023-12-23 04:16:45,0.0,0.0,388.0,19.6,31.0
2023-12-23 04:26:44,0.0,0.0,375.0,19.6,31.0
2023-12-23 04:36:44,0.0,0.0,377.0,19.6,31.0
2023-12-23 04:46:44,0.0,0.0,379.0,19.6,31.0
2023-12-23 04:56:44,0.0,0.0,383.0,19.6,31.0
2023-12-23 05:06:44,0.0,0.0,382.0,19.7,32.0
2023-12-23 05:16:44,0.0,0.0,380.0,19.6,31.0
2023-12-23 05:26:44,0.0,0.0,377.0,19.6,32.0
2023-12-23 05:36:44,0.0,0.0,378.0,19.6,32.0
2023-12-23 05:46:44,0.0,0.0,386.0,19.6,32.0
2023-12-23 05:56:44,0.0,0.0,377.0,19.6,32.0
2023-12-23 06:06:44,0.0,0.0,381.0,19.6,32.0
2023-12-23 06:16:44,0.0,0.0,381.0,19.6,32.0
2023-12-23 06:26:44,0.0,0.0,370.0,19.6,32.0
2023-12-23 06:36:44,0.0,0.0,372.0,19.6,32.0
2023-12-23 06:46:44,0.0,0.0,375.0,19.6,32.0
2023-12-23 06:56:44,0.0,0.0,379.0,19.5,32.0
2023-12-23 07:06:44,0.0,0.0,377.0,19.5,32.0
2023-12-23 07:16:44,0.0,3.0,372.0,19.5,32.0
2023-12-23 07:26:44,0.0,6.0,376.0,19.5,32.0
2023-12-23 07:36:43,0.0,16.0,381.0,19.5,32.0
2023-12-23 07:46:43,0.0,26.0,377.0,19.5,32.0
2023-12-23 07:56:43,0.0,40.0,379.0,19.5,32.0
2023-12-23 08:06:43,0.0,60.0,374.0,19.5,32.0
2023-12-23 08:16:43,0.0,77.0,381.0,19.5,31.0
2023-12-23 08:26:43,0.0,97.0,374.0,19.5,31.0
2023-12-23 08:36:43,0.0,121.0,375.0,19.6,31.0
2023-12-23 08:46:43,0.0,148.0,384.0,19.5,31.0
2023-12-23 08:56:43,0.0,158.0,383.0,19.6,31.0
2023-12-23 09:06:43,0.0,178.0,387.0,19.6,31.0
2023-12-23 09:16:43,0.0,202.0,372.0,19.6,31.0
2023-12-23 09:26:43,0.0,242.0,385.0,19.6,31.0
2023-12-23 09:36:43,0.0,336.0,382.0,19.6,31.0
2023-12-23 09:46:43,0.0,437.0,374.0,19.6,31.0
2023-12-23 09:56:43,0.0,575.0,372.0,19.7,31.0
2023-12-23 10:06:43,0.0,889.0,380.0,19.8,31.0
2023-12-23 10:16:43,0.0,138.0,379.0,19.8,31.0
2023-12-23 10:26:43,0.0,154.0,375.0,19.7,31.0
2023-12-23 10:36:43,0.0,107.0,374.0,19.7,31.0
2023-12-23 10:46:43,0.0,255.0,376.0,19.7,31.0
2023-12-23 10:56:43,0.0,198.0,380.0,19.7,32.0
2023-12-23 11:06:43,0.0,229.0,384.0,19.6,32.0
2023-12-23 11:16:42,0.0,205.0,379.0,19.7,32.0
2023-12-23 11:26:42,0.0,377.0,375.0,19.7,32.0
2023-12-23 11:36:42,0.0,343.0,384.0,19.7,32.0
2023-12-23 11:46:42,0.0,545.0,375.0,19.7,32.0
2023-12-23 11:56:42,0.0,303.0,374.0,19.8,32.0
2023-12-23 12:06:42,0.0,282.0,378.0,19.7,32.0
2023-12-23 12:16:42,0.0,549.0,379.0,19.7,32.0
2023-12-23 12:26:42,0.0,319.0,383.0,19.7,32.0
2023-12-23 12:36:42,0.0,178.0,377.0,19.7,32.0
2023-12-23 12:46:42,0.0,151.0,378.0,19.7,32.0
2023-12-23 12:56:42,0.0,138.0,376.0,19.6,32.0
2023-12-23 13:06:42,0.0,114.0,381.0,19.6,32.0
2023-12-23 13:16:42,0.0,107.0,383.0,19.6,32.0
2023-12-23 13:26:42,0.0,74.0,379.0,19.6,32.0
2023-12-23 13:36:42,0.0,60.0,380.0,19.6,32.0
2023-12-23 13:46:42,0.0,57.0,386.0,19.6,32.0
2023-12-23 13:56:42,0.0,23.0,381.0,19.6,32.0
2023-12-23 14:06:42,0.0,37.0,384.0,19.6,32.0
2023-12-23 14:16:42,0.0,20.0,382.0,19.6,32.0
2023-12-23 14:26:42,0.0,3.0,377.0,19.6,32.0
2023-12-23 14:36:42,0.0,3.0,382.0,19.6,32.0
2023-12-23 14:46:42,0.0,0.0,386.0,19.6,32.0
2023-12-23 14:56:42,0.0,0.0,377.0,19.7,32.0
2023-12-23 15:06:41,0.0,0.0,380.0,19.6,32.0
2023-12-23 15:16:41,0.0,0.0,375.0,19.7,32.0
2023-12-23 15:26:41,0.0,0.0,370.0,19.6,32.0
2023-12-23 15:36:41,0.0,0.0,378.0,19.7,32.0
2023-12-23 15:46:41,0.0,0.0,385.0,19.7,32.0
2023-12-23 15:56:41,0.0,0.0,381.0,19.7,32.0
2023-12-23 16:06:41,0.0,0.0,381.0,19.7,32.0
2023-12-23 16:16:41,0.0,0.0,380.0,19.7,32.0
2023-12-23 16:26:41,0.0,0.0,379.0,19.7,32.0
2023-12-23 16:36:41,0.0,0.0,383.0,19.7,32.0
2023-12-23 16:46:41,0.0,0.0,382.0,19.7,32.0
2023-12-23 16:56:41,0.0,0.0,373.0,19.7,32.0
2023-12-23 17:06:41,0.0,0.0,376.0,19.7,32.0
2023-12-23 17:16:41,0.0,0.0,390.0,19.7,32.0
2023-12-23 17:26:41,0.0,0.0,371.0,19.7,32.0
2023-12-23 17:36:41,0.0,0.0,382.0,19.7,32.0
2023-12-23 17:46:41,0.0,0.0,385.0,19.7,32.0
2023-12-23 17:56:41,0.0,0.0,382.0,19.6,31.0
2023-12-23 18:06:41,0.0,0.0,375.0,19.7,31.0
2023-12-23 18:16:41,0.0,0.0,378.0,19.6,31.0
2023-12-23 18:26:41,0.0,0.0,379.0,19.7,31.0
2023-12-23 18:36:40,0.0,0.0,379.0,19.7,31.0
2023-12-23 18:46:40,0.0,0.0,380.0,19.7,31.0
2023-12-23 18:56:40,0.0,0.0,382.0,19.7,31.0
2023-12-23 19:06:40,0.0,0.0,385.0,19.6,31.0
2023-12-23 19:16:40,0.0,0.0,380.0,19.6,31.0
2023-12-23 19:26:40,0.0,0.0,380.0,19.8,31.0
2023-12-23 19:36:40,0.0,0.0,385.0,19.7,31.0
2023-12-23 19:46:40,0.0,0.0,379.0,19.7,31.0
2023-12-23 19:56:40,0.0,0.0,377.0,19.7,31.0
2023-12-23 20:06:40,0.0,0.0,385.0,19.7,31.0
2023-12-23 20:16:40,0.0,0.0,385.0,19.7,31.0
2023-12-23 20:26:40,0.0,0.0,388.0,19.7,31.0
2023-12-23 20:36:40,0.0,0.0,381.0,19.7,31.0
2023-12-23 20:46:40,0.0,0.0,384.0,19.7,31.0
2023-12-23 20:56:40,0.0,0.0,386.0,19.7,31.0
2023-12-23 21:06:40,0.0,0.0,383.0,19.7,31.0
2023-12-23 21:16:40,0.0,0.0,374.0,19.7,31.0
2023-12-23 21:26:40,0.0,0.0,373.0,19.7,31.0
2023-12-23 21:36:40,0.0,0.0,386.0,19.7,31.0
2023-12-23 21:46:40,0.0,0.0,389.0,19.7,31.0
2023-12-23 21:56:40,0.0,0.0,379.0,19.7,31.0
2023-12-23 22:06:40,0.0,0.0,378.0,19.7,31.0
2023-12-23 22:16:40,0.0,0.0,388.0,19.7,31.0
2023-12-23 22:26:39,0.0,0.0,382.0,19.7,30.0
2023-12-23 22:36:39,0.0,0.0,372.0,19.7,30.0
2023-12-23 22:46:39,0.0,0.0,379.0,19.7,30.0
2023-12-23 22:56:39,0.0,0.0,380.0,19.8,30.0
2023-12-23 23:06:39,0.0,0.0,384.0,19.7,30.0
2023-12-23 23:16:39,0.0,0.0,382.0,19.7,30.0
2023-12-23 23:26:39,0.0,0.0,381.0,19.7,30.0
2023-12-23 23:36:39,0.0,0.0,384.0,19.7,30.0
2023-12-23 23:46:39,0.0,0.0,383.0,19.7,30.0
2023-12-23 23:56:39,0.0,0.0,377.0,19.7,30.0
2023-12-24 00:06:39,0.0,0.0,385.0,19.7,30.0
2023-12-24 00:16:39,0.0,0.0,384.0,19.7,30.0
2023-12-24 00:26:39,0.0,0.0,385.0,19.7,30.0
2023-12-24 00:36:39,0.0,0.0,384.0,19.7,30.0
2023-12-24 00:46:39,0.0,0.0,381.0,19.7,30.0
2023-12-24 00:56:39,0.0,0.0,379.0,19.6,30.0
2023-12-24 01:06:39,0.0,0.0,383.0,19.7,30.0
2023-12-24 01:16:39,0.0,0.0,377.0,19.6,30.0
2023-12-24 01:26:39,0.0,0.0,383.0,19.6,30.0
2023-12-24 01:36:39,0.0,0.0,375.0,19.7,30.0
2023-12-24 01:46:39,0.0,0.0,385.0,19.6,30.0
2023-12-24 01:56:38,0.0,0.0,382.0,19.6,31.0
2023-12-24 02:06:38,0.0,0.0,389.0,19.6,31.0
2023-12-24 02:16:38,0.0,0.0,378.0,19.6,31.0
2023-12-24 02:26:38,0.0,0.0,378.0,19.6,31.0
2023-12-24 02:36:38,0.0,0.0,374.0,19.6,31.0
2023-12-24 02:46:38,0.0,0.0,378.0,19.6,31.0
2023-12-24 02:56:38,0.0,0.0,382.0,19.6,31.0
2023-12-24 03:06:38,0.0,0.0,382.0,19.7,31.0
2023-12-24 03:16:38,0.0,0.0,376.0,19.6,31.0
2023-12-24 03:26:38,0.0,0.0,376.0,19.6,31.0
2023-12-24 03:36:38,0.0,0.0,384.0,19.6,31.0
2023-12-24 03:46:38,0.0,0.0,390.0,19.6,31.0
2023-12-24 03:56:38,0.0,0.0,387.0,19.6,31.0
2023-12-24 04:06:38,0.0,0.0,376.0,19.6,31.0
2023-12-24 04:16:38,0.0,0.0,391.0,19.6,31.0
2023-12-24 04:26:38,0.0,0.0,380.0,19.6,31.0
2023-12-24 04:36:38,0.0,0.0,379.0,19.6,31.0
2023-12-24 04:46:38,0.0,0.0,381.0,19.6,31.0
2023-12-24 04:56:38,0.0,0.0,369.0,19.6,31.0
2023-12-24 05:06:38,0.0,0.0,385.0,19.6,31.0
2023-12-24 05:16:38,0.0,0.0,382.0,19.6,31.0
2023-12-24 05:26:38,0.0,0.0,382.0,19.6,31.0
2023-12-24 05:36:38,0.0,0.0,376.0,19.6,31.0
2023-12-24 05:46:38,0.0,0.0,382.0,19.6,31.0
2023-12-24 05:56:37,0.0,0.0,387.0,19.6,31.0
2023-12-24 06:06:37,0.0,0.0,384.0,19.6,31.0
2023-12-24 06:16:37,0.0,0.0,377.0,19.6,31.0
2023-12-24 06:26:37,0.0,0.0,383.0,19.6,31.0
2023-12-24 06:36:37,0.0,0.0,375.0,19.5,31.0
2023-12-24 06:46:37,0.0,0.0,381.0,19.6,32.0
2023-12-24 06:56:37,0.0,0.0,384.0,19.6,32.0
2023-12-24 07:06:37,0.0,0.0,377.0,19.6,32.0
2023-12-24 07:16:37,0.0,3.0,378.0,19.6,32.0
2023-12-24 07:26:37,0.0,3.0,381.0,19.6,32.0
2023-12-24 07:36:37,0.0,3.0,369.0,19.6,32.0
2023-12-24 07:46:37,0.0,6.0,380.0,19.6,32.0
2023-12-24 07:56:37,0.0,10.0,384.0,19.6,32.0
2023-12-24 08:06:37,0.0,20.0,379.0,19.6,32.0
2023-12-24 08:16:37,0.0,26.0,368.0,19.6,32.0
2023-12-24 08:26:37,0.0,26.0,375.0,19.6,32.0
2023-12-24 08:36:37,0.0,37.0,378.0,19.6,32.0
2023-12-24 08:46:37,0.0,43.0,381.0,19.5,32.0
2023-12-24 08:56:37,0.0,47.0,375.0,19.6,32.0
2023-12-24 09:06:37,0.0,53.0,380.0,19.5,32.0
2023-12-24 09:16:36,0.0,57.0,382.0,19.5,32.0
2023-12-24 09:26:36,0.0,60.0,377.0,19.5,32.0
2023-12-24 09:36:37,0.0,50.0,377.0,19.5,33.0
2023-12-24 09:46:36,0.0,57.0,375.0,19.5,32.0
2023-12-24 09:56:36,0.0,57.0,379.0,19.5,32.0
2023-12-24 10:06:36,0.0,50.0,381.0,19.5,32.0
2023-12-24 10:16:36,0.0,63.0,386.0,19.5,32.0
2023-12-24 10:26:36,0.0,53.0,375.0,19.5,33.0
2023-12-24 10:36:36,0.0,63.0,380.0,19.5,33.0
2023-12-24 10:46:36,0.0,63.0,373.0,19.5,33.0
2023-12-24 10:56:36,0.0,47.0,373.0,19.5,33.0
2023-12-24 11:06:36,0.0,43.0,379.0,19.5,33.0
2023-12-24 11:16:36,0.0,60.0,376.0,19.6,33.0
2023-12-24 11:26:36,0.0,67.0,373.0,19.6,33.0
2023-12-24 11:36:36,0.0,57.0,383.0,19.5,33.0
2023-12-24 11:46:36,0.0,60.0,388.0,19.5,33.0
2023-12-24 11:56:36,0.0,70.0,375.0,19.5,33.0
2023-12-24 12:06:36,0.0,50.0,385.0,19.6,33.0
2023-12-24 12:16:36,0.0,43.0,380.0,19.5,33.0
2023-12-24 12:26:36,0.0,43.0,372.0,19.6,33.0
2023-12-24 12:36:36,0.0,40.0,377.0,19.5,33.0
2023-12-24 12:46:36,0.0,40.0,380.0,19.5,33.0
2023-12-24 12:56:35,0.0,26.0,377.0,19.6,33.0
2023-12-24 13:06:35,0.0,26.0,377.0,19.6,33.0
2023-12-24 13:16:35,0.0,33.0,386.0,19.6,34.0
2023-12-24 13:26:35,0.0,20.0,382.0,19.5,34.0
2023-12-24 13:36:35,0.0,20.0,376.0,19.6,34.0
2023-12-24 13:46:35,0.0,13.0,381.0,19.6,34.0
2023-12-24 13:56:35,0.0,10.0,379.0,19.6,34.0
2023-12-24 14:06:35,0.0,6.0,382.0,19.6,34.0
2023-12-24 14:16:35,0.0,3.0,380.0,19.5,34.0
2023-12-24 14:26:35,0.0,3.0,378.0,19.6,34.0
2023-12-24 14:36:35,0.0,3.0,385.0,19.5,35.0
2023-12-24 14:46:35,0.0,0.0,377.0,19.6,35.0
2023-12-24 14:56:35,0.0,0.0,383.0,19.6,35.0
2023-12-24 15:06:35,0.0,0.0,381.0,19.5,35.0
2023-12-24 15:16:35,0.0,0.0,389.0,19.5,35.0
2023-12-24 15:26:35,0.0,0.0,381.0,19.6,35.0
2023-12-24 15:36:35,0.0,0.0,374.0,19.6,35.0
2023-12-24 15:46:35,0.0,0.0,380.0,19.5,35.0
2023-12-24 15:56:35,0.0,0.0,383.0,19.5,36.0
2023-12-24 16:06:35,0.0,0.0,384.0,19.6,36.0
2023-12-24 16:16:35,0.0,0.0,379.0,19.5,36.0
2023-12-24 16:26:35,0.0,0.0,383.0,19.6,36.0
2023-12-24 16:36:34,0.0,0.0,382.0,19.6,36.0
2023-12-24 16:46:34,0.0,0.0,387.0,19.6,36.0
2023-12-24 16:56:34,0.0,0.0,378.0,19.6,36.0
2023-12-24 17:06:34,0.0,0.0,373.0,19.6,36.0
2023-12-24 17:16:34,0.0,0.0,376.0,19.6,36.0
2023-12-24 17:26:34,0.0,0.0,374.0,19.6,36.0
2023-12-24 17:36:34,0.0,0.0,384.0,19.6,36.0
2023-12-24 17:46:34,0.0,0.0,386.0,19.7,36.0
2023-12-24 17:56:34,0.0,0.0,375.0,19.6,37.0
2023-12-24 18:06:34,0.0,0.0,378.0,19.7,37.0
2023-12-24 18:16:34,0.0,0.0,379.0,19.6,37.0
2023-12-24 18:26:34,0.0,0.0,380.0,19.6,37.0
2023-12-24 18:36:34,0.0,0.0,383.0,19.7,37.0
2023-12-24 18:46:34,0.0,0.0,387.0,19.7,37.0
2023-12-24 18:56:34,0.0,0.0,377.0,19.6,37.0
2023-12-24 19:06:34,0.0,0.0,380.0,19.7,37.0
2023-12-24 19:16:34,0.0,0.0,381.0,19.7,37.0
2023-12-24 19:26:34,0.0,0.0,380.0,19.7,37.0
2023-12-24 19:36:34,0.0,0.0,387.0,19.8,37.0
2023-12-24 19:46:34,0.0,0.0,388.0,19.7,37.0
2023-12-24 19:56:34,0.0,0.0,382.0,19.8,37.0
2023-12-24 20:06:34,0.0,0.0,383.0,19.7,37.0
2023-12-24 20:16:34,0.0,0.0,381.0,19.8,37.0
2023-12-24 20:26:33,0.0,0.0,378.0,19.8,37.0
2023-12-24 20:36:33,0.0,0.0,379.0,19.8,37.0
2023-12-24 20:46:33,0.0,0.0,378.0,19.8,37.0
2023-12-24 20:56:33,0.0,0.0,374.0,19.8,37.0
2023-12-24 21:06:33,0.0,0.0,380.0,19.8,37.0
2023-12-24 21:16:33,0.0,0.0,370.0,19.8,37.0
2023-12-24 21:26:33,0.0,0.0,380.0,19.8,37.0
2023-12-24 21:36:33,0.0,0.0,377.0,19.9,37.0
2023-12-24 21:46:33,0.0,0.0,377.0,19.9,37.0
2023-12-24 21:56:33,0.0,0.0,379.0,19.9,37.0
2023-12-24 22:06:33,0.0,0.0,382.0,19.9,37.0
2023-12-24 22:16:33,0.0,0.0,378.0,19.9,37.0
2023-12-24 22:26:33,0.0,0.0,384.0,19.9,37.0
2023-12-24 22:36:33,0.0,0.0,377.0,19.9,36.0
2023-12-24 22:46:33,0.0,0.0,375.0,19.9,37.0
2023-12-24 22:56:33,0.0,0.0,377.0,19.9,36.0
2023-12-24 23:06:33,0.0,0.0,389.0,19.9,36.0
2023-12-24 23:16:33,0.0,0.0,380.0,20.0,36.0
2023-12-24 23:26:33,0.0,0.0,384.0,19.9,36.0
2023-12-24 23:36:33,0.0,0.0,379.0,19.9,36.0
2023-12-24 23:46:33,0.0,0.0,377.0,20.0,37.0
2023-12-24 23:56:32,0.0,0.0,379.0,19.9,36.0
2023-12-25 00:06:32,0.0,0.0,377.0,20.0,36.0
2023-12-25 00:16:32,0.0,0.0,378.0,20.0,36.0
2023-12-25 00:26:32,0.0,0.0,374.0,20.0,37.0
2023-12-25 00:36:32,0.0,0.0,377.0,20.0,36.0
2023-12-25 00:46:32,0.0,0.0,372.0,20.0,36.0
2023-12-25 00:56:32,0.0,0.0,378.0,20.0,37.0
2023-12-25 01:06:32,0.0,0.0,379.0,20.0,36.0
2023-12-25 01:16:32,0.0,0.0,374.0,20.0,37.0
2023-12-25 01:26:32,0.0,0.0,376.0,20.0,36.0
2023-12-25 01:36:32,0.0,0.0,377.0,20.0,36.0
2023-12-25 01:46:32,0.0,0.0,368.0,20.0,36.0
2023-12-25 01:56:32,0.0,0.0,379.0,20.0,36.0
2023-12-25 02:06:32,0.0,0.0,381.0,20.0,37.0
2023-12-25 02:16:32,0.0,0.0,370.0,20.0,37.0
2023-12-25 02:26:32,0.0,0.0,375.0,20.1,36.0
2023-12-25 02:36:32,0.0,0.0,366.0,20.1,37.0
2023-12-25 02:46:32,0.0,0.0,375.0,20.0,37.0
2023-12-25 02:56:32,0.0,0.0,374.0,20.0,37.0
2023-12-25 03:06:32,0.0,0.0,372.0,20.1,37.0
2023-12-25 03:16:32,0.0,0.0,383.0,20.0,36.0
2023-12-25 03:26:32,0.0,0.0,372.0,20.0,36.0
2023-12-25 03:36:31,0.0,0.0,372.0,20.1,36.0
2023-12-25 03:46:31,0.0,0.0,373.0,20.1,36.0
2023-12-25 03:56:32,0.0,0.0,373.0,20.0,36.0
2023-12-25 04:06:31,0.0,0.0,373.0,20.0,36.0
2023-12-25 04:16:31,0.0,0.0,377.0,20.1,36.0
2023-12-25 04:26:31,0.0,0.0,367.0,20.0,36.0
2023-12-25 04:36:31,0.0,0.0,371.0,20.0,36.0
2023-12-25 04:46:31,0.0,0.0,378.0,20.1,36.0
2023-12-25 04:56:31,0.0,0.0,371.0,20.0,36.0
2023-12-25 05:06:31,0.0,0.0,370.0,20.1,36.0
2023-12-25 05:16:31,0.0,0.0,374.0,20.0,36.0
2023-12-25 05:26:31,0.0,0.0,374.0,20.1,36.0
2023-12-25 05:36:31,0.0,0.0,375.0,20.0,36.0
2023-12-25 05:46:31,0.0,0.0,372.0,20.1,36.0
2023-12-25 05:56:31,0.0,0.0,368.0,20.1,36.0
2023-12-25 06:06:31,0.0,0.0,370.0,20.1,36.0
2023-12-25 06:16:31,0.0,0.0,370.0,20.1,36.0
2023-12-25 06:26:31,0.0,0.0,378.0,20.1,36.0
2023-12-25 06:36:31,0.0,0.0,368.0,20.0,36.0
2023-12-25 06:46:31,0.0,0.0,370.0,20.0,36.0
2023-12-25 06:56:31,0.0,0.0,370.0,20.0,35.0
2023-12-25 07:06:31,0.0,0.0,372.0,20.1,35.0
2023-12-25 07:16:30,0.0,3.0,378.0,20.1,33.0
2023-12-25 07:26:30,0.0,3.0,372.0,20.2,33.0
2023-12-25 07:36:30,0.0,10.0,378.0,20.2,33.0
2023-12-25 07:46:30,0.0,13.0,385.0,20.2,33.0
2023-12-25 07:56:30,0.0,20.0,374.0,20.2,32.0
2023-12-25 08:06:30,0.0,33.0,374.0,20.1,32.0
2023-12-25 08:16:30,0.0,50.0,366.0,20.2,32.0
2023-12-25 08:26:30,0.0,26.0,377.0,20.2,32.0
2023-12-25 08:36:30,0.0,97.0,376.0,20.2,33.0
2023-12-25 08:46:30,0.0,111.0,370.0,20.2,33.0
2023-12-25 08:56:30,0.0,138.0,370.0,20.2,32.0
2023-12-25 09:06:30,0.0,127.0,374.0,20.2,32.0
2023-12-25 09:16:30,0.0,134.0,380.0,20.2,32.0
2023-12-25 09:26:30,0.0,107.0,369.0,20.3,32.0
2023-12-25 09:36:30,0.0,107.0,374.0,20.2,32.0
2023-12-25 09:46:30,0.0,77.0,377.0,20.2,32.0
2023-12-25 09:56:30,0.0,289.0,371.0,20.2,32.0
2023-12-25 10:06:30,0.0,326.0,380.0,20.3,32.0
2023-12-25 10:16:30,0.0,178.0,372.0,20.3,32.0
2023-12-25 10:26:30,1.0,734.0,373.0,20.3,32.0
2023-12-25 10:36:30,0.0,889.0,377.0,20.3,32.0
2023-12-25 10:46:30,0.0,1239.0,373.0,20.5,32.0
2023-12-25 10:56:29,10.0,12651.0,370.0,20.8,31.0
2023-12-25 11:06:29,2.0,1087.0,380.0,20.6,31.0
2023-12-25 11:16:29,0.0,929.0,374.0,20.5,31.0
2023-12-25 11:26:29,0.0,791.0,373.0,20.5,31.0
2023-12-25 11:36:29,0.0,687.0,375.0,20.5,31.0
2023-12-25 11:46:29,0.0,559.0,378.0,20.4,31.0
2023-12-25 11:56:29,0.0,431.0,372.0,20.4,31.0
2023-12-25 12:06:29,0.0,373.0,374.0,20.4,31.0
2023-12-25 12:16:29,0.0,343.0,373.0,20.4,31.0
2023-12-25 12:26:29,0.0,316.0,374.0,20.4,31.0
2023-12-25 12:36:29,0.0,319.0,363.0,20.4,31.0
2023-12-25 12:46:29,0.0,259.0,374.0,20.3,31.0
2023-12-25 12:56:29,0.0,205.0,378.0,20.4,31.0
2023-12-25 13:06:29,0.0,94.0,380.0,20.3,31.0
2023-12-25 13:16:29,0.0,74.0,374.0,20.3,31.0
2023-12-25 13:26:29,0.0,154.0,377.0,20.3,31.0
2023-12-25 13:36:29,0.0,124.0,381.0,20.3,31.0
2023-12-25 13:46:29,0.0,104.0,377.0,20.3,31.0
2023-12-25 13:56:29,0.0,97.0,376.0,20.3,31.0
2023-12-25 14:06:29,0.0,40.0,377.0,20.3,31.0
2023-12-25 14:16:29,0.0,26.0,373.0,20.3,31.0
2023-12-25 14:26:29,0.0,23.0,373.0,20.3,31.0
2023-12-25 14:36:28,0.0,13.0,382.0,20.3,31.0
2023-12-25 14:46:28,0.0,6.0,376.0,20.3,31.0
2023-12-25 14:56:29,0.0,3.0,379.0,20.3,31.0
2023-12-25 15:06:28,0.0,0.0,378.0,20.3,30.0
2023-12-25 15:16:28,0.0,0.0,375.0,20.2,30.0
2023-12-25 15:26:28,0.0,0.0,382.0,20.3,30.0
2023-12-25 15:36:28,0.0,0.0,380.0,20.3,30.0
2023-12-25 15:46:28,0.0,0.0,373.0,20.3,30.0
2023-12-25 15:56:28,0.0,0.0,380.0,20.3,30.0
2023-12-25 16:06:28,0.0,0.0,378.0,20.3,31.0
2023-12-25 16:16:28,0.0,0.0,375.0,20.2,31.0
2023-12-25 16:26:28,0.0,0.0,376.0,20.3,32.0
2023-12-25 16:36:28,0.0,0.0,378.0,20.2,32.0
2023-12-25 16:46:28,0.0,0.0,383.0,20.2,33.0
2023-12-25 16:56:28,0.0,0.0,374.0,20.2,33.0
2023-12-25 17:06:28,0.0,0.0,376.0,20.2,33.0
2023-12-25 17:16:28,0.0,0.0,376.0,20.2,33.0
2023-12-25 17:26:28,0.0,0.0,377.0,20.2,33.0
2023-12-25 17:36:28,0.0,0.0,376.0,20.2,33.0
2023-12-25 17:46:28,0.0,0.0,378.0,20.2,33.0
2023-12-25 17:56:28,0.0,0.0,381.0,20.2,33.0
2023-12-25 18:06:28,0.0,0.0,378.0,20.2,33.0
2023-12-25 18:16:27,0.0,0.0,371.0,20.2,33.0
2023-12-25 18:26:27,0.0,0.0,375.0,20.2,34.0
2023-12-25 18:36:27,0.0,0.0,370.0,20.2,34.0
2023-12-25 18:46:27,0.0,0.0,375.0,20.1,34.0
2023-12-25 18:56:27,0.0,0.0,375.0,20.1,34.0
2023-12-25 19:06:27,0.0,0.0,377.0,20.1,34.0
2023-12-25 19:16:27,0.0,0.0,384.0,20.2,33.0
2023-12-25 19:26:27,0.0,0.0,378.0,20.2,34.0
2023-12-25 19:36:27,0.0,0.0,380.0,20.2,34.0
2023-12-25 19:46:27,0.0,0.0,376.0,20.2,34.0
2023-12-25 19:56:27,0.0,0.0,377.0,20.2,34.0
2023-12-25 20:06:27,0.0,0.0,376.0,20.2,34.0
2023-12-25 20:16:27,0.0,0.0,377.0,20.2,34.0
2023-12-25 20:26:27,0.0,0.0,383.0,20.2,34.0
2023-12-25 20:36:27,0.0,0.0,375.0,20.2,34.0
2023-12-25 20:46:27,0.0,0.0,383.0,20.1,34.0
2023-12-25 20:56:27,0.0,0.0,381.0,20.1,34.0
2023-12-25 21:06:27,0.0,0.0,383.0,20.2,34.0
2023-12-25 21:16:27,0.0,0.0,381.0,20.1,34.0
2023-12-25 21:26:27,0.0,0.0,378.0,20.2,34.0
2023-12-25 21:36:27,0.0,0.0,382.0,20.2,34.0
2023-12-25 21:46:27,0.0,0.0,385.0,20.1,34.0
2023-12-25 21:56:26,0.0,0.0,375.0,20.1,34.0
2023-12-25 22:06:26,0.0,0.0,382.0,20.1,34.0
2023-12-25 22:16:26,0.0,0.0,379.0,20.1,34.0
2023-12-25 22:26:26,0.0,0.0,368.0,20.1,34.0
2023-12-25 22:36:26,0.0,0.0,381.0,20.1,34.0
2023-12-25 22:46:26,0.0,0.0,381.0,20.1,34.0
2023-12-25 22:56:26,0.0,0.0,383.0,20.1,34.0
2023-12-25 23:06:26,0.0,0.0,369.0,20.1,34.0
2023-12-25 23:16:26,0.0,0.0,378.0,20.1,34.0
2023-12-25 23:26:26,0.0,0.0,372.0,20.1,34.0
2023-12-25 23:36:26,0.0,0.0,380.0,20.1,34.0
2023-12-25 23:46:26,0.0,0.0,386.0,20.1,34.0
2023-12-25 23:56:26,0.0,0.0,380.0,20.1,34.0
2023-12-26 00:06:26,0.0,0.0,385.0,20.1,34.0
2023-12-26 00:16:26,0.0,0.0,372.0,20.2,34.0
2023-12-26 00:26:26,0.0,0.0,371.0,20.1,34.0
2023-12-26 00:36:26,0.0,0.0,375.0,20.1,34.0
2023-12-26 00:46:26,0.0,0.0,372.0,20.1,34.0
2023-12-26 00:56:26,0.0,0.0,379.0,20.0,34.0
2023-12-26 01:06:26,0.0,0.0,382.0,20.0,34.0
2023-12-26 01:16:26,0.0,0.0,383.0,20.0,34.0
2023-12-26 01:26:25,0.0,0.0,376.0,20.0,34.0
2023-12-26 01:36:26,0.0,0.0,378.0,20.1,34.0
2023-12-26 01:46:25,0.0,0.0,369.0,20.1,34.0
2023-12-26 01:56:25,0.0,0.0,374.0,20.1,34.0
2023-12-26 02:06:25,0.0,0.0,367.0,20.0,34.0
2023-12-26 02:16:25,0.0,0.0,377.0,20.1,34.0
2023-12-26 02:26:25,0.0,0.0,381.0,20.1,34.0
2023-12-26 02:36:25,0.0,0.0,378.0,20.1,34.0
2023-12-26 02:46:25,0.0,0.0,377.0,20.1,34.0
2023-12-26 02:56:25,0.0,0.0,380.0,20.0,34.0
2023-12-26 03:06:25,0.0,0.0,374.0,20.1,34.0
2023-12-26 03:16:25,0.0,0.0,373.0,20.0,35.0
2023-12-26 03:26:25,0.0,0.0,372.0,20.0,35.0
2023-12-26 03:36:25,0.0,0.0,372.0,20.0,35.0
2023-12-26 03:46:25,0.0,0.0,375.0,20.0,35.0
2023-12-26 03:56:25,0.0,0.0,369.0,20.0,35.0
2023-12-26 04:06:25,0.0,0.0,375.0,20.0,35.0
2023-12-26 04:16:25,0.0,0.0,370.0,20.0,35.0
2023-12-26 04:26:25,0.0,0.0,376.0,19.9,35.0
2023-12-26 04:36:25,0.0,0.0,375.0,20.0,35.0
2023-12-26 04:46:25,0.0,0.0,379.0,20.0,35.0
2023-12-26 04:56:25,0.0,0.0,373.0,19.9,35.0
2023-12-26 05:06:25,0.0,0.0,381.0,20.0,35.0
2023-12-26 05:16:25,0.0,0.0,372.0,20.0,35.0
2023-12-26 05:26:24,0.0,0.0,371.0,20.0,35.0
2023-12-26 05:36:24,0.0,0.0,375.0,20.0,36.0
2023-12-26 05:46:24,0.0,0.0,383.0,20.0,35.0
2023-12-26 05:56:24,0.0,0.0,372.0,20.0,36.0
2023-12-26 06:06:24,0.0,0.0,367.0,20.0,36.0
2023-12-26 06:16:24,0.0,0.0,374.0,20.0,36.0
2023-12-26 06:26:24,0.0,0.0,375.0,20.0,36.0
2023-12-26 06:36:24,0.0,0.0,372.0,20.0,36.0
2023-12-26 06:46:24,0.0,0.0,370.0,20.0,36.0
2023-12-26 06:56:24,0.0,0.0,371.0,20.0,36.0
2023-12-26 07:06:24,0.0,0.0,375.0,20.0,36.0
2023-12-26 07:16:24,0.0,0.0,377.0,20.1,36.0
2023-12-26 07:26:24,0.0,3.0,374.0,20.1,37.0
2023-12-26 07:36:24,0.0,3.0,381.0,20.1,37.0
2023-12-26 07:46:24,0.0,6.0,373.0,20.1,37.0
2023-12-26 07:56:24,0.0,10.0,390.0,20.1,36.0
2023-12-26 08:06:24,0.0,13.0,376.0,20.1,36.0
2023-12-26 08:16:24,0.0,13.0,374.0,20.2,35.0
2023-12-26 08:26:24,0.0,10.0,373.0,20.1,35.0
2023-12-26 08:36:24,0.0,16.0,371.0,20.1,35.0
2023-12-26 08:46:23,0.0,23.0,384.0,20.2,34.0
2023-12-26 08:56:23,0.0,30.0,373.0,20.2,34.0
2023-12-26 09:06:23,0.0,43.0,377.0,20.2,33.0
2023-12-26 09:16:23,0.0,40.0,375.0,20.2,33.0
2023-12-26 09:26:23,0.0,40.0,387.0,20.2,33.0
2023-12-26 09:36:23,0.0,57.0,375.0,20.2,33.0
2023-12-26 09:46:23,0.0,43.0,377.0,20.2,33.0
2023-12-26 09:56:23,0.0,57.0,387.0,20.3,33.0
2023-12-26 10:06:23,0.0,63.0,377.0,20.3,33.0
2023-12-26 10:16:23,0.0,53.0,382.0,20.3,33.0
2023-12-26 10:26:23,0.0,43.0,375.0,20.2,33.0
2023-12-26 10:36:23,0.0,47.0,382.0,20.2,33.0
2023-12-26 10:46:23,0.0,74.0,375.0,20.2,33.0
2023-12-26 10:56:23,0.0,74.0,377.0,20.2,33.0
2023-12-26 11:06:23,0.0,60.0,384.0,20.3,33.0
2023-12-26 11:16:23,0.0,97.0,384.0,20.3,33.0
2023-12-26 11:26:23,0.0,114.0,377.0,20.3,33.0
2023-12-26 11:36:23,0.0,101.0,379.0,20.3,33.0
2023-12-26 11:46:23,0.0,165.0,374.0,20.3,33.0
2023-12-26 11:56:23,0.0,272.0,376.0,20.3,33.0
2023-12-26 12:06:23,0.0,441.0,376.0,20.3,33.0
2023-12-26 12:16:23,0.0,319.0,376.0,20.4,32.0
2023-12-26 12:26:23,0.0,360.0,383.0,20.3,33.0
2023-12-26 12:36:22,0.0,336.0,372.0,20.3,33.0
2023-12-26 12:46:22,0.0,127.0,372.0,20.3,33.0
2023-12-26 12:56:23,0.0,131.0,377.0,20.2,33.0
2023-12-26 13:06:22,0.0,53.0,382.0,20.2,33.0
2023-12-26 13:16:22,0.0,40.0,384.0,20.2,33.0
2023-12-26 13:26:22,0.0,47.0,377.0,20.2,33.0
2023-12-26 13:36:22,0.0,84.0,379.0,20.2,33.0
2023-12-26 13:46:22,0.0,47.0,377.0,20.2,33.0
2023-12-26 13:56:22,0.0,33.0,379.0,20.2,33.0
2023-12-26 14:06:22,0.0,77.0,380.0,20.2,33.0
2023-12-26 14:16:22,0.0,50.0,382.0,20.3,33.0
2023-12-26 14:26:22,0.0,23.0,383.0,20.3,32.0
2023-12-26 14:36:22,0.0,16.0,379.0,20.3,32.0
2023-12-26 14:46:22,0.0,10.0,387.0,20.2,32.0
2023-12-26 14:56:22,0.0,3.0,381.0,20.2,32.0
2023-12-26 15:06:22,0.0,3.0,384.0,20.2,32.0
2023-12-26 15:16:22,0.0,0.0,375.0,20.2,32.0
2023-12-26 15:26:22,0.0,0.0,385.0,20.2,32.0
2023-12-26 15:36:22,0.0,0.0,381.0,20.2,32.0
2023-12-26 15:46:22,0.0,0.0,383.0,20.2,31.0
2023-12-26 15:56:22,0.0,0.0,386.0,20.2,31.0
2023-12-26 16:06:21,0.0,0.0,382.0,20.2,32.0
2023-12-26 16:16:21,0.0,0.0,377.0,20.2,32.0
2023-12-26 16:26:21,0.0,0.0,381.0,20.2,33.0
2023-12-26 16:36:21,0.0,0.0,373.0,20.1,33.0
2023-12-26 16:46:21,0.0,0.0,377.0,20.1,33.0
2023-12-26 16:56:21,0.0,0.0,379.0,20.1,33.0
2023-12-26 17:06:21,0.0,0.0,375.0,20.2,34.0
2023-12-26 17:16:21,0.0,0.0,388.0,20.1,34.0
2023-12-26 17:26:21,0.0,0.0,378.0,20.1,34.0
2023-12-26 17:36:21,0.0,0.0,381.0,20.1,34.0
2023-12-26 17:46:21,0.0,0.0,380.0,20.1,34.0
2023-12-26 17:56:21,0.0,0.0,380.0,20.1,34.0
2023-12-26 18:06:21,0.0,0.0,380.0,20.1,34.0
2023-12-26 18:16:21,0.0,0.0,375.0,20.1,34.0
2023-12-26 18:26:21,0.0,0.0,383.0,20.1,34.0
2023-12-26 18:36:21,0.0,0.0,368.0,20.1,34.0
2023-12-26 18:46:21,0.0,0.0,383.0,20.1,34.0
2023-12-26 18:56:21,0.0,0.0,374.0,20.1,34.0
2023-12-26 19:06:21,0.0,0.0,381.0,20.1,34.0
2023-12-26 19:16:21,0.0,0.0,379.0,20.1,34.0
2023-12-26 19:26:21,0.0,0.0,377.0,20.1,34.0
2023-12-26 19:36:21,0.0,0.0,384.0,20.1,34.0
2023-12-26 19:46:20,0.0,0.0,374.0,20.1,34.0
2023-12-26 19:56:20,0.0,0.0,386.0,20.1,34.0
2023-12-26 20:06:20,0.0,0.0,375.0,20.2,34.0
2023-12-26 20:16:20,0.0,0.0,378.0,20.1,34.0
2023-12-26 20:26:20,0.0,0.0,377.0,20.1,34.0
2023-12-26 20:36:20,0.0,0.0,376.0,20.1,34.0
2023-12-26 20:46:20,0.0,0.0,385.0,20.1,34.0
2023-12-26 20:56:20,0.0,0.0,378.0,20.2,34.0
2023-12-26 21:06:20,0.0,0.0,382.0,20.1,34.0
2023-12-26 21:16:20,0.0,0.0,379.0,20.1,34.0
2023-12-26 21:26:20,0.0,0.0,368.0,20.1,34.0
2023-12-26 21:36:20,0.0,0.0,374.0,20.1,34.0
2023-12-26 21:46:20,0.0,0.0,381.0,20.1,34.0
2023-12-26 21:56:20,0.0,0.0,380.0,20.2,34.0
2023-12-26 22:06:20,0.0,0.0,385.0,20.1,34.0
2023-12-26 22:16:20,0.0,0.0,381.0,20.1,34.0
2023-12-26 22:26:20,0.0,0.0,380.0,20.1,34.0
2023-12-26 22:36:20,0.0,0.0,378.0,20.1,34.0
2023-12-26 22:46:20,0.0,0.0,378.0,20.1,34.0
2023-12-26 22:56:20,0.0,0.0,377.0,20.1,34.0
2023-12-26 23:06:20,0.0,0.0,374.0,20.1,34.0
2023-12-26 23:16:20,0.0,0.0,381.0,20.1,34.0
2023-12-26 23:26:19,0.0,0.0,381.0,20.1,34.0
2023-12-26 23:36:19,0.0,0.0,385.0,20.1,34.0
2023-12-26 23:46:19,0.0,0.0,378.0,20.1,34.0
2023-12-26 23:56:19,0.0,0.0,382.0,20.1,34.0
2023-12-27 00:06:19,0.0,0.0,383.0,20.0,34.0
2023-12-27 00:16:19,0.0,0.0,380.0,20.1,34.0
2023-12-27 00:26:19,0.0,0.0,371.0,20.1,34.0
2023-12-27 00:36:19,0.0,0.0,382.0,20.2,34.0
2023-12-27 00:46:19,0.0,0.0,380.0,20.1,34.0
2023-12-27 00:56:19,0.0,0.0,378.0,20.2,34.0
2023-12-27 01:06:19,0.0,0.0,385.0,20.1,34.0
2023-12-27 01:16:19,0.0,0.0,382.0,20.1,34.0
2023-12-27 01:26:19,0.0,0.0,377.0,20.1,34.0
2023-12-27 01:36:19,0.0,0.0,376.0,20.2,34.0
2023-12-27 01:46:19,0.0,0.0,381.0,20.1,34.0
2023-12-27 01:56:19,0.0,0.0,375.0,20.1,34.0
2023-12-27 02:06:19,0.0,0.0,383.0,20.1,34.0
2023-12-27 02:16:19,0.0,0.0,373.0,20.2,34.0
2023-12-27 02:26:19,0.0,0.0,370.0,20.1,34.0
2023-12-27 02:36:19,0.0,0.0,377.0,20.1,34.0
2023-12-27 02:46:19,0.0,0.0,389.0,20.2,34.0
2023-12-27 02:56:19,0.0,0.0,368.0,20.1,34.0
2023-12-27 03:06:18,0.0,0.0,383.0,20.1,34.0
2023-12-27 03:16:18,0.0,0.0,385.0,20.1,34.0
2023-12-27 03:26:18,0.0,0.0,376.0,20.1,34.0
2023-12-27 03:36:18,0.0,0.0,382.0,20.1,34.0
2023-12-27 03:46:18,0.0,0.0,382.0,20.1,34.0
2023-12-27 03:56:18,0.0,0.0,379.0,20.2,34.0
2023-12-27 04:06:18,0.0,0.0,378.0,20.1,34.0
2023-12-27 04:16:18,0.0,0.0,380.0,20.1,34.0
2023-12-27 04:26:18,0.0,0.0,368.0,20.1,34.0
2023-12-27 04:36:18,0.0,0.0,379.0,20.1,33.0
2023-12-27 04:46:18,0.0,0.0,378.0,20.2,33.0
2023-12-27 04:56:18,0.0,0.0,380.0,20.1,33.0
2023-12-27 05:06:18,0.0,0.0,389.0,20.1,33.0
2023-12-27 05:16:18,0.0,0.0,385.0,20.1,33.0
2023-12-27 05:26:18,0.0,0.0,378.0,20.2,33.0
2023-12-27 05:36:18,0.0,0.0,387.0,20.2,33.0
2023-12-27 05:46:18,0.0,0.0,381.0,20.1,33.0
2023-12-27 05:56:18,0.0,0.0,387.0,20.1,33.0
2023-12-27 06:06:18,0.0,0.0,381.0,20.1,33.0
2023-12-27 06:16:18,0.0,0.0,382.0,20.1,33.0
2023-12-27 06:26:18,0.0,0.0,375.0,20.1,33.0
2023-12-27 06:36:18,0.0,0.0,385.0,20.0,33.0
2023-12-27 06:46:18,0.0,0.0,386.0,20.1,33.0
2023-12-27 06:56:18,0.0,0.0,380.0,20.1,33.0
2023-12-27 07:06:17,0.0,0.0,390.0,20.1,31.0
2023-12-27 07:16:17,0.0,3.0,384.0,20.2,30.0
2023-12-27 07:26:17,0.0,3.0,387.0,20.2,29.0
2023-12-27 07:36:17,0.0,10.0,397.0,20.2,28.0
2023-12-27 07:46:17,0.0,16.0,382.0,20.2,28.0
2023-12-27 07:56:17,0.0,26.0,396.0,20.2,28.0
2023-12-27 08:06:17,0.0,40.0,384.0,20.1,27.0
2023-12-27 08:16:17,0.0,60.0,385.0,20.2,27.0
2023-12-27 08:26:17,0.0,70.0,384.0,20.2,27.0
2023-12-27 08:36:17,0.0,80.0,394.0,20.1,27.0
2023-12-27 08:46:17,0.0,101.0,384.0,20.2,27.0
2023-12-27 08:56:17,0.0,117.0,384.0,20.2,27.0
2023-12-27 09:06:17,0.0,138.0,390.0,20.1,27.0
2023-12-27 09:16:17,0.0,154.0,395.0,20.2,27.0
2023-12-27 09:26:17,0.0,181.0,386.0,20.2,27.0
2023-12-27 09:36:17,0.0,266.0,388.0,20.2,27.0
2023-12-27 09:46:17,0.0,346.0,385.0,20.2,27.0
2023-12-27 09:56:17,0.0,454.0,389.0,20.3,27.0
2023-12-27 10:06:17,0.0,619.0,389.0,20.4,27.0
2023-12-27 10:16:17,0.0,4129.0,387.0,20.7,27.0
2023-12-27 10:26:16,0.0,4840.0,381.0,20.9,26.0
2023-12-27 10:36:16,0.0,858.0,387.0,20.7,27.0
2023-12-27 10:46:16,0.0,939.0,382.0,20.6,27.0
2023-12-27 10:56:16,0.0,10967.0,384.0,20.9,27.0
2023-12-27 11:06:16,0.0,909.0,383.0,20.7,27.0
2023-12-27 11:16:16,0.0,707.0,386.0,20.6,27.0
2023-12-27 11:26:16,0.0,825.0,388.0,20.6,27.0
2023-12-27 11:36:16,0.0,724.0,390.0,20.6,27.0
2023-12-27 11:46:16,0.0,468.0,385.0,20.5,27.0
2023-12-27 11:56:16,0.0,336.0,382.0,20.5,27.0
2023-12-27 12:06:16,0.0,303.0,393.0,20.5,28.0
2023-12-27 12:16:16,0.0,272.0,384.0,20.5,28.0
2023-12-27 12:26:16,0.0,239.0,387.0,20.4,27.0
2023-12-27 12:36:16,0.0,205.0,375.0,20.4,27.0
2023-12-27 12:46:16,0.0,185.0,386.0,20.4,27.0
2023-12-27 12:56:16,0.0,151.0,383.0,20.4,28.0
2023-12-27 13:06:16,0.0,131.0,389.0,20.4,28.0
2023-12-27 13:16:16,0.0,117.0,385.0,20.4,27.0
2023-12-27 13:26:16,0.0,104.0,385.0,20.3,28.0
2023-12-27 13:36:16,0.0,80.0,387.0,20.4,28.0
2023-12-27 13:46:16,0.0,74.0,391.0,20.4,28.0
2023-12-27 13:56:16,0.0,53.0,392.0,20.4,28.0
2023-12-27 14:06:15,0.0,33.0,388.0,20.3,28.0
2023-12-27 14:16:15,0.0,20.0,396.0,20.3,27.0
2023-12-27 14:26:15,0.0,10.0,391.0,20.4,27.0
2023-12-27 14:36:15,0.0,6.0,385.0,20.3,27.0
2023-12-27 14:46:15,0.0,3.0,391.0,20.4,27.0
2023-12-27 14:56:15,0.0,0.0,389.0,20.3,27.0
2023-12-27 15:06:15,0.0,0.0,387.0,20.4,27.0
2023-12-27 15:16:15,0.0,0.0,387.0,20.3,27.0
2023-12-27 15:26:15,0.0,0.0,395.0,20.4,27.0
2023-12-27 15:36:15,0.0,0.0,407.0,20.4,27.0
2023-12-27 15:46:15,0.0,0.0,409.0,20.4,27.0
2023-12-27 15:56:15,0.0,0.0,412.0,20.4,27.0
2023-12-27 16:06:15,0.0,0.0,409.0,20.4,28.0
2023-12-27 16:16:15,0.0,0.0,403.0,20.3,28.0
2023-12-27 16:26:15,0.0,0.0,407.0,20.3,29.0
2023-12-27 16:36:15,0.0,0.0,405.0,20.3,29.0
2023-12-27 16:46:15,0.0,0.0,397.0,20.3,30.0
2023-12-27 16:56:15,0.0,0.0,402.0,20.2,30.0
2023-12-27 17:06:15,0.0,0.0,390.0,20.2,30.0
2023-12-27 17:16:15,0.0,0.0,396.0,20.2,30.0
2023-12-27 17:26:15,0.0,0.0,394.0,20.3,31.0
2023-12-27 17:36:15,0.0,0.0,389.0,20.2,31.0
2023-12-27 17:46:14,0.0,0.0,395.0,20.2,31.0
2023-12-27 17:56:14,0.0,0.0,391.0,20.2,31.0
2023-12-27 18:06:14,0.0,0.0,390.0,20.2,31.0
2023-12-27 18:16:14,0.0,0.0,394.0,20.2,31.0
2023-12-27 18:26:14,0.0,0.0,391.0,20.2,31.0
2023-12-27 18:36:14,0.0,0.0,398.0,20.2,31.0
2023-12-27 18:46:14,0.0,0.0,393.0,20.2,31.0
2023-12-27 18:56:14,0.0,0.0,392.0,20.2,31.0
2023-12-27 19:06:14,0.0,0.0,394.0,20.2,31.0
2023-12-27 19:16:14,0.0,0.0,397.0,20.2,31.0
2023-12-27 19:26:14,0.0,0.0,391.0,20.2,32.0
2023-12-27 19:36:14,0.0,0.0,384.0,20.2,31.0
2023-12-27 19:46:14,0.0,0.0,387.0,20.2,32.0
2023-12-27 19:56:14,0.0,0.0,386.0,20.2,32.0
2023-12-27 20:06:14,0.0,0.0,395.0,20.2,32.0
2023-12-27 20:16:14,0.0,0.0,390.0,20.2,32.0
2023-12-27 20:26:14,0.0,0.0,394.0,20.2,32.0
2023-12-27 20:36:14,0.0,0.0,391.0,20.2,32.0
2023-12-27 20:46:14,0.0,0.0,391.0,20.2,32.0
2023-12-27 20:56:14,0.0,0.0,383.0,20.2,32.0
2023-12-27 21:06:14,0.0,0.0,385.0,20.1,32.0
2023-12-27 21:16:13,0.0,0.0,391.0,20.2,32.0
2023-12-27 21:26:13,0.0,0.0,390.0,20.2,32.0
2023-12-27 21:36:13,0.0,0.0,391.0,20.1,32.0
2023-12-27 21:46:13,0.0,0.0,389.0,20.1,32.0
2023-12-27 21:56:13,0.0,0.0,394.0,20.1,32.0
2023-12-27 22:06:13,0.0,0.0,387.0,20.1,32.0
2023-12-27 22:16:13,0.0,0.0,388.0,20.1,32.0
2023-12-27 22:26:13,0.0,0.0,387.0,20.1,32.0
2023-12-27 22:36:13,0.0,0.0,388.0,20.1,32.0
2023-12-27 22:46:13,0.0,0.0,382.0,20.1,32.0
2023-12-27 22:56:13,0.0,0.0,388.0,20.1,32.0
2023-12-27 23:06:13,0.0,0.0,378.0,20.1,32.0
2023-12-27 23:16:13,0.0,0.0,388.0,20.2,33.0
2023-12-27 23:26:13,0.0,0.0,382.0,20.1,33.0
2023-12-27 23:36:13,0.0,0.0,386.0,20.1,33.0
2023-12-27 23:46:13,0.0,0.0,377.0,20.1,33.0
2023-12-27 23:56:13,0.0,0.0,386.0,20.0,33.0
2023-12-28 00:06:13,0.0,0.0,381.0,20.1,33.0
2023-12-28 00:16:13,0.0,0.0,388.0,20.0,33.0
2023-12-28 00:26:13,0.0,0.0,386.0,20.0,33.0
2023-12-28 00:36:13,0.0,0.0,385.0,20.0,33.0
2023-12-28 00:46:13,0.0,0.0,386.0,20.0,33.0
2023-12-28 00:56:12,0.0,0.0,379.0,20.0,33.0
2023-12-28 01:06:12,0.0,0.0,388.0,20.0,33.0
2023-12-28 01:16:12,0.0,0.0,392.0,20.0,33.0
2023-12-28 01:26:12,0.0,0.0,385.0,20.0,33.0
2023-12-28 01:36:12,0.0,0.0,379.0,20.0,33.0
2023-12-28 01:46:12,0.0,0.0,386.0,20.0,33.0
2023-12-28 01:56:12,0.0,0.0,381.0,20.0,34.0
2023-12-28 02:06:12,0.0,0.0,382.0,20.0,34.0
2023-12-28 02:16:12,0.0,0.0,385.0,20.0,34.0
2023-12-28 02:26:12,0.0,0.0,381.0,20.0,34.0
2023-12-28 02:36:12,0.0,0.0,387.0,19.9,34.0
2023-12-28 02:46:12,0.0,0.0,389.0,20.0,34.0
2023-12-28 02:56:12,0.0,0.0,377.0,20.0,34.0
2023-12-28 03:06:12,0.0,0.0,380.0,20.0,34.0
2023-12-28 03:16:12,0.0,0.0,383.0,20.0,34.0
2023-12-28 03:26:12,0.0,0.0,377.0,20.0,34.0
2023-12-28 03:36:12,0.0,0.0,380.0,19.9,34.0
2023-12-28 03:46:12,0.0,0.0,383.0,19.9,34.0
2023-12-28 03:56:12,0.0,0.0,374.0,20.0,34.0
2023-12-28 04:06:12,0.0,0.0,383.0,20.0,34.0
2023-12-28 04:16:12,0.0,0.0,377.0,20.0,34.0
2023-12-28 04:26:12,0.0,0.0,386.0,20.0,34.0
2023-12-28 04:36:12,0.0,0.0,382.0,20.0,34.0
2023-12-28 04:46:11,0.0,0.0,386.0,20.0,34.0
2023-12-28 04:56:11,0.0,0.0,381.0,20.1,35.0
2023-12-28 05:06:11,0.0,0.0,377.0,20.0,35.0
2023-12-28 05:16:11,0.0,0.0,388.0,20.0,35.0
2023-12-28 05:26:11,0.0,0.0,383.0,20.0,35.0
2023-12-28 05:36:11,0.0,0.0,379.0,20.0,35.0
2023-12-28 05:46:11,0.0,0.0,381.0,20.0,35.0
2023-12-28 05:56:11,0.0,0.0,377.0,20.0,35.0
2023-12-28 06:06:11,0.0,0.0,381.0,19.9,35.0
2023-12-28 06:16:11,0.0,0.0,386.0,20.0,35.0
2023-12-28 06:26:11,0.0,0.0,372.0,20.0,35.0
2023-12-28 06:36:11,0.0,0.0,375.0,20.0,35.0
2023-12-28 06:46:11,0.0,0.0,380.0,20.0,35.0
2023-12-28 06:56:11,0.0,0.0,381.0,20.0,36.0
2023-12-28 07:06:11,0.0,0.0,385.0,20.0,36.0
2023-12-28 07:16:11,0.0,0.0,378.0,20.1,37.0
2023-12-28 07:26:11,0.0,0.0,380.0,20.1,37.0
2023-12-28 07:36:11,0.0,3.0,381.0,20.1,38.0
2023-12-28 07:46:11,0.0,3.0,389.0,20.1,38.0
2023-12-28 07:56:11,0.0,3.0,383.0,20.2,38.0
2023-12-28 08:06:11,0.0,6.0,388.0,20.2,38.0
2023-12-28 08:16:10,0.0,26.0,386.0,20.1,38.0
2023-12-28 08:26:10,0.0,26.0,386.0,20.2,38.0
2023-12-28 08:36:10,0.0,90.0,384.0,20.2,38.0
2023-12-28 08:46:10,0.0,63.0,386.0,20.2,38.0
2023-12-28 08:56:10,0.0,20.0,383.0,20.2,38.0
2023-12-28 09:06:10,0.0,50.0,376.0,20.2,38.0
2023-12-28 09:16:10,0.0,40.0,378.0,20.2,38.0
2023-12-28 09:26:10,0.0,134.0,383.0,20.2,38.0
2023-12-28 09:36:10,0.0,276.0,379.0,20.2,38.0
2023-12-28 09:46:10,0.0,80.0,385.0,20.2,37.0
2023-12-28 09:56:10,0.0,40.0,382.0,20.3,37.0
2023-12-28 10:06:10,0.0,67.0,382.0,20.2,37.0
2023-12-28 10:16:10,0.0,63.0,377.0,20.3,38.0
2023-12-28 10:26:10,0.0,26.0,383.0,20.3,38.0
2023-12-28 10:36:10,0.0,26.0,380.0,20.3,38.0
2023-12-28 10:46:10,0.0,47.0,383.0,20.2,38.0
2023-12-28 10:56:10,0.0,84.0,386.0,20.3,39.0
2023-12-28 11:06:10,0.0,63.0,381.0,20.3,39.0
2023-12-28 11:16:10,0.0,97.0,379.0,20.3,39.0
2023-12-28 11:26:10,0.0,111.0,379.0,20.3,39.0
2023-12-28 11:36:10,0.0,43.0,380.0,20.3,40.0
2023-12-28 11:46:10,0.0,53.0,384.0,20.3,40.0
2023-12-28 11:56:09,0.0,43.0,381.0,20.3,40.0
2023-12-28 12:06:09,0.0,90.0,371.0,20.3,40.0
2023-12-28 12:16:10,0.0,23.0,377.0,20.3,39.0
2023-12-28 12:26:09,0.0,43.0,379.0,20.3,39.0
2023-12-28 12:36:09,0.0,57.0,384.0,20.3,39.0
2023-12-28 12:46:09,0.0,252.0,379.0,20.3,39.0
2023-12-28 12:56:09,0.0,212.0,377.0,20.4,39.0
2023-12-28 13:06:09,0.0,67.0,378.0,20.4,39.0
2023-12-28 13:16:09,0.0,63.0,380.0,20.4,39.0
2023-12-28 13:26:09,0.0,104.0,380.0,20.4,39.0
2023-12-28 13:36:09,0.0,84.0,375.0,20.4,39.0
2023-12-28 13:46:09,0.0,43.0,381.0,20.4,39.0
2023-12-28 13:56:09,0.0,43.0,383.0,20.4,38.0
2023-12-28 14:06:09,0.0,40.0,383.0,20.3,38.0
2023-12-28 14:16:09,0.0,26.0,380.0,20.3,38.0
2023-12-28 14:26:09,0.0,20.0,377.0,20.4,37.0
2023-12-28 14:36:09,0.0,10.0,379.0,20.4,37.0
2023-12-28 14:46:09,0.0,6.0,382.0,20.4,37.0
2023-12-28 14:56:09,0.0,3.0,374.0,20.4,37.0
2023-12-28 15:06:09,0.0,0.0,375.0,20.4,36.0
2023-12-28 15:16:09,0.0,0.0,380.0,20.4,36.0
2023-12-28 15:26:09,0.0,0.0,382.0,20.4,36.0
2023-12-28 15:36:08,0.0,0.0,378.0,20.4,36.0
2023-12-28 15:46:08,0.0,0.0,374.0,20.4,36.0
2023-12-28 15:56:08,0.0,0.0,377.0,20.4,36.0
2023-12-28 16:06:08,0.0,0.0,383.0,20.4,36.0
2023-12-28 16:16:08,0.0,0.0,387.0,20.4,37.0
2023-12-28 16:26:08,0.0,0.0,390.0,20.4,37.0
2023-12-28 16:36:08,0.0,0.0,390.0,20.4,37.0
2023-12-28 16:46:08,0.0,0.0,389.0,20.4,37.0
2023-12-28 16:56:08,0.0,0.0,377.0,20.4,37.0
2023-12-28 17:06:08,0.0,0.0,369.0,20.4,37.0
2023-12-28 17:16:08,0.0,0.0,387.0,20.4,37.0
2023-12-28 17:26:08,0.0,0.0,380.0,20.4,37.0
2023-12-28 17:36:08,0.0,0.0,383.0,20.5,37.0
2023-12-28 17:46:08,0.0,0.0,387.0,20.3,37.0
2023-12-28 17:56:08,0.0,0.0,395.0,20.4,37.0
2023-12-28 18:06:08,0.0,0.0,381.0,20.3,37.0
2023-12-28 18:16:08,0.0,0.0,383.0,20.4,37.0
2023-12-28 18:26:08,0.0,0.0,384.0,20.4,37.0
2023-12-28 18:36:08,0.0,0.0,380.0,20.3,37.0
2023-12-28 18:46:08,0.0,0.0,373.0,20.4,38.0
2023-12-28 18:56:08,0.0,0.0,380.0,20.4,38.0
2023-12-28 19:06:08,0.0,0.0,388.0,20.4,38.0
2023-12-28 19:16:07,0.0,0.0,383.0,20.4,38.0
2023-12-28 19:26:07,0.0,0.0,379.0,20.4,38.0
2023-12-28 19:36:08,0.0,0.0,389.0,20.4,38.0
2023-12-28 19:46:07,0.0,0.0,373.0,20.4,38.0
2023-12-28 19:56:07,0.0,0.0,377.0,20.4,38.0
2023-12-28 20:06:07,0.0,0.0,386.0,20.4,38.0
2023-12-28 20:16:07,0.0,0.0,388.0,20.4,38.0
2023-12-28 20:26:07,0.0,0.0,380.0,20.5,38.0
2023-12-28 20:36:07,0.0,0.0,383.0,20.5,38.0
2023-12-28 20:46:07,0.0,0.0,383.0,20.5,38.0
2023-12-28 20:56:07,0.0,0.0,378.0,20.4,38.0
2023-12-28 21:06:07,0.0,0.0,373.0,20.5,38.0
2023-12-28 21:16:07,0.0,0.0,382.0,20.5,38.0
2023-12-28 21:26:07,0.0,0.0,385.0,20.5,38.0
2023-12-28 21:36:07,0.0,0.0,378.0,20.4,38.0
2023-12-28 21:46:07,0.0,0.0,369.0,20.4,38.0
2023-12-28 21:56:07,0.0,0.0,382.0,20.4,38.0
2023-12-28 22:06:07,0.0,0.0,382.0,20.4,38.0
2023-12-28 22:16:07,0.0,0.0,376.0,20.5,38.0
2023-12-28 22:26:07,0.0,0.0,380.0,20.4,38.0
2023-12-28 22:36:07,0.0,0.0,378.0,20.5,38.0
2023-12-28 22:46:07,0.0,0.0,374.0,20.4,38.0
2023-12-28 22:56:07,0.0,0.0,395.0,20.4,38.0
2023-12-28 23:06:07,0.0,0.0,403.0,20.4,38.0
2023-12-28 23:16:06,0.0,0.0,407.0,20.4,38.0
2023-12-28 23:26:06,0.0,0.0,408.0,20.4,38.0
2023-12-28 23:36:06,0.0,0.0,399.0,20.4,38.0
2023-12-28 23:46:06,0.0,0.0,404.0,20.4,38.0
2023-12-28 23:56:06,0.0,0.0,408.0,20.4,38.0
2023-12-29 00:06:06,0.0,0.0,407.0,20.4,38.0
2023-12-29 00:16:06,0.0,0.0,404.0,20.4,38.0
2023-12-29 00:26:06,0.0,0.0,396.0,20.4,38.0
2023-12-29 00:36:06,0.0,0.0,409.0,20.4,38.0
2023-12-29 00:46:06,0.0,0.0,402.0,20.4,39.0
2023-12-29 00:56:06,0.0,0.0,406.0,20.4,39.0
2023-12-29 01:06:06,0.0,0.0,403.0,20.4,38.0
2023-12-29 01:16:06,0.0,0.0,400.0,20.3,38.0
2023-12-29 01:26:06,0.0,0.0,406.0,20.4,38.0
2023-12-29 01:36:06,0.0,0.0,400.0,20.4,38.0
2023-12-29 01:46:06,0.0,0.0,400.0,20.4,38.0
2023-12-29 01:56:06,0.0,0.0,409.0,20.4,38.0
2023-12-29 02:06:06,0.0,0.0,405.0,20.4,38.0
2023-12-29 02:16:06,0.0,0.0,404.0,20.4,38.0
2023-12-29 02:26:06,0.0,0.0,400.0,20.4,38.0
2023-12-29 02:36:05,0.0,0.0,404.0,20.4,38.0
2023-12-29 02:46:05,0.0,0.0,404.0,20.4,38.0
2023-12-29 02:56:05,0.0,0.0,403.0,20.4,38.0
2023-12-29 03:06:05,0.0,0.0,399.0,20.4,38.0
2023-12-29 03:16:05,0.0,0.0,402.0,20.4,38.0
2023-12-29 03:26:05,0.0,0.0,398.0,20.4,38.0
2023-12-29 03:36:05,0.0,0.0,400.0,20.4,38.0
2023-12-29 03:46:05,0.0,0.0,406.0,20.4,38.0
2023-12-29 03:56:05,0.0,0.0,398.0,20.5,38.0
2023-12-29 04:06:05,0.0,0.0,407.0,20.4,38.0
2023-12-29 04:16:05,0.0,0.0,406.0,20.4,38.0
2023-12-29 04:26:05,0.0,0.0,401.0,20.4,38.0
2023-12-29 04:36:05,0.0,0.0,404.0,20.4,38.0
2023-12-29 04:46:05,0.0,0.0,402.0,20.4,38.0
2023-12-29 04:56:05,0.0,0.0,391.0,20.4,38.0
2023-12-29 05:06:05,0.0,0.0,401.0,20.4,38.0
2023-12-29 05:16:05,0.0,0.0,408.0,20.4,38.0
2023-12-29 05:26:05,0.0,0.0,399.0,20.4,38.0
2023-12-29 05:36:05,0.0,0.0,389.0,20.4,38.0
2023-12-29 05:46:05,0.0,0.0,394.0,20.4,38.0
2023-12-29 05:56:05,0.0,0.0,401.0,20.4,38.0
2023-12-29 06:06:05,0.0,0.0,397.0,20.4,38.0
2023-12-29 06:16:04,0.0,0.0,399.0,20.4,38.0
2023-12-29 06:26:04,0.0,0.0,393.0,20.4,38.0
2023-12-29 06:36:04,0.0,0.0,403.0,20.3,38.0
2023-12-29 06:46:04,0.0,0.0,403.0,20.3,38.0
2023-12-29 06:56:04,0.0,0.0,397.0,20.4,38.0
2023-12-29 07:06:04,0.0,0.0,404.0,20.4,38.0
2023-12-29 07:16:04,0.0,0.0,401.0,20.5,38.0
2023-12-29 07:26:04,0.0,0.0,403.0,20.5,38.0
2023-12-29 07:36:04,0.0,0.0,404.0,20.5,38.0
2023-12-29 07:46:04,0.0,3.0,405.0,20.5,38.0
2023-12-29 07:56:04,0.0,3.0,409.0,20.5,38.0
2023-12-29 08:06:04,0.0,3.0,405.0,20.5,38.0
2023-12-29 08:16:04,0.0,13.0,408.0,20.5,38.0
2023-12-29 08:36:04,0.0,33.0,401.0,20.5,38.0
2023-12-29 08:46:04,0.0,77.0,401.0,20.5,38.0
2023-12-29 08:56:04,0.0,77.0,405.0,20.5,38.0
2023-12-29 09:06:04,0.0,87.0,403.0,20.5,38.0
2023-12-29 09:16:04,0.0,50.0,409.0,20.5,38.0
2023-12-29 09:26:04,0.0,80.0,395.0,20.5,38.0
2023-12-29 09:36:04,0.0,117.0,410.0,20.5,38.0
2023-12-29 09:46:04,0.0,175.0,410.0,20.5,38.0
2023-12-29 09:56:03,0.0,259.0,409.0,20.5,38.0
2023-12-29 10:06:03,0.0,491.0,399.0,20.6,38.0
2023-12-29 10:16:03,0.0,205.0,407.0,20.6,38.0
2023-12-29 10:26:03,0.0,178.0,407.0,20.5,38.0
2023-12-29 10:36:03,0.0,175.0,408.0,20.6,38.0
2023-12-29 10:46:03,0.0,282.0,402.0,20.5,38.0
2023-12-29 10:56:03,0.0,208.0,397.0,20.5,38.0
2023-12-29 11:06:03,0.0,111.0,406.0,20.5,38.0
2023-12-29 11:16:03,0.0,208.0,406.0,20.5,37.0
2023-12-29 11:26:03,0.0,353.0,393.0,20.6,37.0
2023-12-29 11:36:03,0.0,114.0,402.0,20.5,37.0
2023-12-29 11:46:03,0.0,185.0,401.0,20.5,36.0
2023-12-29 11:56:03,0.0,229.0,388.0,20.5,36.0
2023-12-29 12:06:03,0.0,222.0,400.0,20.5,36.0
2023-12-29 12:16:03,0.0,242.0,403.0,20.5,36.0
2023-12-29 12:26:03,0.0,417.0,412.0,20.5,36.0
2023-12-29 12:36:03,0.0,158.0,411.0,20.5,36.0
2023-12-29 12:46:03,0.0,208.0,401.0,20.5,36.0
2023-12-29 13:06:03,0.0,94.0,410.0,20.5,35.0
2023-12-29 13:16:03,0.0,205.0,402.0,20.5,35.0
2023-12-29 13:26:03,0.0,80.0,401.0,20.5,35.0
2023-12-29 13:36:02,0.0,47.0,403.0,20.5,35.0
2023-12-29 13:46:02,0.0,53.0,410.0,20.5,35.0
2023-12-29 13:56:02,0.0,70.0,394.0,20.5,34.0
2023-12-29 14:06:03,0.0,30.0,398.0,20.5,34.0
2023-12-29 14:16:03,0.0,10.0,407.0,20.5,34.0
2023-12-29 14:26:02,0.0,13.0,398.0,20.5,35.0
2023-12-29 14:36:02,0.0,10.0,404.0,20.5,35.0
2023-12-29 14:46:02,0.0,3.0,401.0,20.5,35.0
2023-12-29 14:56:02,0.0,3.0,397.0,20.5,35.0
2023-12-29 15:06:02,0.0,0.0,406.0,20.5,35.0
2023-12-29 15:16:02,0.0,0.0,407.0,20.5,35.0
2023-12-29 15:26:03,0.0,0.0,403.0,20.5,35.0
2023-12-29 15:36:02,0.0,0.0,409.0,20.5,35.0
2023-12-29 15:46:02,0.0,0.0,399.0,20.5,34.0
2023-12-29 15:56:02,0.0,0.0,401.0,20.5,34.0
2023-12-29 16:06:02,0.0,0.0,401.0,20.4,35.0
2023-12-29 16:16:02,0.0,0.0,405.0,20.4,35.0
2023-12-29 16:26:02,0.0,0.0,408.0,20.4,35.0
2023-12-29 16:36:02,0.0,0.0,404.0,20.4,35.0
2023-12-29 16:46:02,0.0,0.0,402.0,20.4,36.0
2023-12-29 16:56:02,0.0,0.0,403.0,20.4,36.0
2023-12-29 17:06:02,0.0,0.0,405.0,20.4,36.0
2023-12-29 17:16:01,0.0,0.0,412.0,20.4,36.0
2023-12-29 17:26:01,0.0,0.0,401.0,20.4,36.0
2023-12-29 17:36:01,0.0,0.0,400.0,20.4,36.0
2023-12-29 17:46:01,0.0,0.0,409.0,20.4,36.0
2023-12-29 17:56:01,0.0,0.0,400.0,20.4,36.0
2023-12-29 18:06:01,0.0,0.0,410.0,20.3,37.0
2023-12-29 18:16:01,0.0,0.0,405.0,20.4,37.0
2023-12-29 18:26:01,0.0,0.0,405.0,20.4,37.0
2023-12-29 18:36:01,0.0,0.0,405.0,20.3,37.0
2023-12-29 18:46:01,0.0,0.0,401.0,20.4,37.0
2023-12-29 18:56:01,0.0,0.0,394.0,20.3,37.0
2023-12-29 19:06:01,0.0,0.0,408.0,20.4,37.0
2023-12-29 19:16:01,0.0,0.0,400.0,20.4,37.0
2023-12-29 19:26:01,0.0,0.0,399.0,20.3,37.0
2023-12-29 19:36:01,0.0,0.0,411.0,20.4,37.0
2023-12-29 19:46:01,0.0,0.0,407.0,20.4,37.0
2023-12-29 19:56:01,0.0,0.0,404.0,20.4,37.0
2023-12-29 20:06:01,0.0,0.0,408.0,20.3,36.0
2023-12-29 20:16:01,0.0,0.0,410.0,20.4,37.0
2023-12-29 20:26:01,0.0,0.0,408.0,20.4,37.0
2023-12-29 20:36:01,0.0,0.0,403.0,20.4,37.0
2023-12-29 20:46:00,0.0,0.0,409.0,20.4,37.0
2023-12-29 20:56:00,0.0,0.0,403.0,20.4,37.0
2023-12-29 21:06:00,0.0,0.0,404.0,20.4,37.0
2023-12-29 21:16:00,0.0,0.0,402.0,20.4,37.0
2023-12-29 21:26:00,0.0,0.0,403.0,20.4,37.0
2023-12-29 21:36:00,0.0,0.0,402.0,20.3,37.0
2023-12-29 21:46:00,0.0,0.0,405.0,20.4,37.0
2023-12-29 21:56:00,0.0,0.0,397.0,20.4,37.0
2023-12-29 22:06:00,0.0,0.0,404.0,20.4,37.0
2023-12-29 22:16:00,0.0,0.0,397.0,20.4,37.0
2023-12-29 22:26:00,0.0,0.0,404.0,20.4,37.0
2023-12-29 22:36:00,0.0,0.0,401.0,20.4,37.0
2023-12-29 22:46:00,0.0,0.0,403.0,20.4,37.0
2023-12-29 22:56:00,0.0,0.0,402.0,20.4,37.0
2023-12-29 23:06:00,0.0,0.0,406.0,20.3,37.0
2023-12-29 23:16:00,0.0,0.0,405.0,20.4,37.0
2023-12-29 23:26:00,0.0,0.0,401.0,20.4,37.0
2023-12-29 23:36:00,0.0,0.0,402.0,20.3,37.0
2023-12-29 23:46:00,0.0,0.0,404.0,20.3,37.0
2023-12-29 23:56:00,0.0,0.0,399.0,20.3,37.0
2023-12-30 00:06:00,0.0,0.0,402.0,20.4,37.0
2023-12-30 00:16:00,0.0,0.0,406.0,20.3,37.0
2023-12-30 00:25:59,0.0,0.0,395.0,20.3,37.0
2023-12-30 00:35:59,0.0,0.0,405.0,20.4,37.0
2023-12-30 00:46:00,0.0,0.0,413.0,20.4,37.0
2023-12-30 00:56:00,0.0,0.0,413.0,20.4,37.0
2023-12-30 01:05:59,0.0,0.0,401.0,20.4,37.0
2023-12-30 01:15:59,0.0,0.0,405.0,20.3,37.0
2023-12-30 01:25:59,0.0,0.0,399.0,20.3,37.0
2023-12-30 01:35:59,0.0,0.0,410.0,20.4,37.0
2023-12-30 01:45:59,0.0,0.0,401.0,20.3,37.0
2023-12-30 01:55:59,0.0,0.0,400.0,20.4,37.0
2023-12-30 02:05:59,0.0,0.0,407.0,20.4,37.0
2023-12-30 02:15:59,0.0,0.0,410.0,20.4,37.0
2023-12-30 02:25:59,0.0,0.0,403.0,20.4,37.0
2023-12-30 02:35:59,0.0,0.0,405.0,20.3,37.0
2023-12-30 02:45:59,0.0,0.0,404.0,20.4,37.0
2023-12-30 02:55:59,0.0,0.0,395.0,20.3,37.0
2023-12-30 03:05:59,0.0,0.0,404.0,20.4,37.0
2023-12-30 03:15:59,0.0,0.0,400.0,20.3,37.0
2023-12-30 03:25:59,0.0,0.0,406.0,20.3,37.0
2023-12-30 03:35:59,0.0,0.0,392.0,20.3,37.0
2023-12-30 03:45:59,0.0,0.0,406.0,20.3,37.0
2023-12-30 03:55:59,0.0,0.0,407.0,20.4,37.0
2023-12-30 04:05:58,0.0,0.0,399.0,20.3,37.0
2023-12-30 04:15:58,0.0,0.0,400.0,20.3,37.0
2023-12-30 04:25:59,0.0,0.0,402.0,20.3,37.0
2023-12-30 04:35:58,0.0,0.0,405.0,20.3,37.0
2023-12-30 04:45:58,0.0,0.0,395.0,20.3,37.0
2023-12-30 04:55:58,0.0,0.0,400.0,20.3,37.0
2023-12-30 05:05:58,0.0,0.0,398.0,20.3,37.0
2023-12-30 05:15:58,0.0,0.0,401.0,20.3,37.0
2023-12-30 05:25:58,0.0,0.0,400.0,20.3,37.0
2023-12-30 05:35:58,0.0,0.0,406.0,20.3,37.0
2023-12-30 05:45:58,0.0,0.0,394.0,20.3,37.0
2023-12-30 05:55:58,0.0,0.0,401.0,20.3,37.0
2023-12-30 06:05:58,0.0,0.0,401.0,20.3,37.0
2023-12-30 06:15:58,0.0,0.0,406.0,20.3,37.0
2023-12-30 06:25:58,0.0,0.0,398.0,20.3,37.0
2023-12-30 06:35:58,0.0,0.0,403.0,20.3,36.0
2023-12-30 06:45:58,0.0,0.0,402.0,20.2,36.0
2023-12-30 06:55:58,0.0,0.0,403.0,20.2,36.0
2023-12-30 07:05:58,0.0,0.0,406.0,20.3,36.0
2023-12-30 07:15:58,0.0,0.0,407.0,20.3,36.0
2023-12-30 07:25:58,0.0,3.0,397.0,20.3,36.0
2023-12-30 07:35:58,0.0,6.0,396.0,20.2,36.0
2023-12-30 07:45:57,0.0,13.0,401.0,20.2,36.0
2023-12-30 07:55:57,0.0,23.0,412.0,20.2,36.0
2023-12-30 08:05:57,0.0,30.0,404.0,20.2,36.0
2023-12-30 08:15:57,0.0,50.0,403.0,20.3,36.0
2023-12-30 08:25:57,0.0,60.0,401.0,20.2,36.0
2023-12-30 08:35:57,0.0,77.0,402.0,20.2,36.0
2023-12-30 08:45:57,0.0,101.0,405.0,20.2,36.0
2023-12-30 08:55:57,0.0,97.0,404.0,20.2,36.0
2023-12-30 09:05:57,0.0,134.0,399.0,20.2,36.0
2023-12-30 09:15:57,0.0,158.0,405.0,20.2,36.0
2023-12-30 09:25:57,0.0,191.0,396.0,20.2,36.0
2023-12-30 09:45:57,0.0,363.0,404.0,20.2,36.0
2023-12-30 09:55:57,0.0,491.0,400.0,20.2,36.0
2023-12-30 10:05:57,0.0,663.0,400.0,20.3,36.0
2023-12-30 10:15:57,0.0,1246.0,400.0,20.6,35.0
2023-12-30 10:25:57,0.0,17239.0,415.0,21.0,35.0
2023-12-30 10:35:57,0.0,1108.0,404.0,20.6,35.0
2023-12-30 10:45:57,0.0,1178.0,412.0,20.6,35.0
2023-12-30 10:55:57,0.0,15316.0,408.0,21.0,35.0
2023-12-30 11:05:57,0.0,1256.0,400.0,20.8,35.0
2023-12-30 11:15:57,0.0,1067.0,407.0,20.7,35.0
2023-12-30 11:25:56,0.0,986.0,402.0,20.6,35.0
2023-12-30 11:35:56,0.0,895.0,402.0,20.6,35.0
2023-12-30 11:45:56,0.0,697.0,396.0,20.6,35.0
2023-12-30 11:55:56,0.0,538.0,403.0,20.5,35.0
2023-12-30 12:05:56,0.0,377.0,404.0,20.5,35.0
2023-12-30 12:15:56,0.0,303.0,409.0,20.4,35.0
2023-12-30 12:25:56,0.0,286.0,401.0,20.4,35.0
2023-12-30 12:35:56,0.0,286.0,402.0,20.4,35.0
2023-12-30 12:45:56,0.0,299.0,396.0,20.4,35.0
2023-12-30 12:55:56,0.0,212.0,400.0,20.3,35.0
2023-12-30 13:05:56,0.0,94.0,399.0,20.3,36.0
2023-12-30 13:15:56,0.0,57.0,398.0,20.3,36.0
2023-12-30 13:25:56,0.0,84.0,407.0,20.3,36.0
2023-12-30 13:35:56,0.0,121.0,398.0,20.3,35.0
2023-12-30 13:45:56,0.0,87.0,403.0,20.3,36.0
2023-12-30 13:55:56,0.0,26.0,406.0,20.3,36.0
2023-12-30 14:05:56,0.0,20.0,404.0,20.3,36.0
2023-12-30 14:15:56,0.0,20.0,412.0,20.2,36.0
2023-12-30 14:25:56,0.0,10.0,406.0,20.2,35.0
2023-12-30 14:35:56,0.0,6.0,405.0,20.3,36.0
2023-12-30 14:45:56,0.0,3.0,402.0,20.3,36.0
2023-12-30 14:55:56,0.0,3.0,401.0,20.3,35.0
2023-12-30 15:05:56,0.0,0.0,409.0,20.2,36.0
2023-12-30 15:15:55,0.0,0.0,405.0,20.2,35.0
2023-12-30 15:25:55,0.0,0.0,408.0,20.2,36.0
2023-12-30 15:35:55,0.0,0.0,403.0,20.2,36.0
2023-12-30 15:45:55,0.0,0.0,403.0,20.2,36.0
2023-12-30 15:55:55,0.0,0.0,406.0,20.2,36.0
2023-12-30 16:05:55,0.0,0.0,404.0,20.2,36.0
2023-12-30 16:15:55,0.0,0.0,402.0,20.2,36.0
2023-12-30 16:25:55,0.0,0.0,404.0,20.2,36.0
2023-12-30 16:35:55,0.0,0.0,401.0,20.2,36.0
2023-12-30 16:45:55,0.0,0.0,416.0,20.2,36.0
2023-12-30 16:55:55,0.0,0.0,402.0,20.2,36.0
2023-12-30 17:05:55,0.0,0.0,404.0,20.2,36.0
2023-12-30 17:15:55,0.0,0.0,408.0,20.2,36.0
2023-12-30 17:25:55,0.0,0.0,407.0,20.2,36.0
2023-12-30 17:35:55,0.0,0.0,407.0,20.2,36.0
2023-12-30 17:45:55,0.0,0.0,407.0,20.1,36.0
2023-12-30 17:55:55,0.0,0.0,406.0,20.2,35.0
2023-12-30 18:05:55,0.0,0.0,406.0,20.2,35.0
2023-12-30 18:15:55,0.0,0.0,407.0,20.2,35.0
2023-12-30 18:25:55,0.0,0.0,410.0,20.2,35.0
2023-12-30 18:35:55,0.0,0.0,407.0,20.2,35.0
2023-12-30 18:45:54,0.0,0.0,402.0,20.2,35.0
2023-12-30 18:55:54,0.0,0.0,401.0,20.2,35.0
2023-12-30 19:05:54,0.0,0.0,402.0,20.2,35.0
2023-12-30 19:15:54,0.0,0.0,408.0,20.3,35.0
2023-12-30 19:25:54,0.0,0.0,403.0,20.3,35.0
2023-12-30 19:35:54,0.0,0.0,410.0,20.2,35.0
2023-12-30 19:45:54,0.0,0.0,406.0,20.2,35.0
2023-12-30 19:55:54,0.0,0.0,414.0,20.3,35.0
2023-12-30 20:05:54,0.0,0.0,402.0,20.3,35.0
2023-12-30 20:15:54,0.0,0.0,407.0,20.4,35.0
2023-12-30 20:25:54,0.0,0.0,411.0,20.3,35.0
2023-12-30 20:35:54,0.0,0.0,401.0,20.3,35.0
2023-12-30 20:45:54,0.0,0.0,400.0,20.3,35.0
2023-12-30 20:55:54,0.0,0.0,410.0,20.3,35.0
2023-12-30 21:05:54,0.0,0.0,405.0,20.3,35.0
2023-12-30 21:15:54,0.0,0.0,414.0,20.3,35.0
2023-12-30 21:25:54,0.0,0.0,406.0,20.3,35.0
2023-12-30 21:35:54,0.0,0.0,404.0,20.3,35.0
2023-12-30 21:45:54,0.0,0.0,404.0,20.3,35.0
2023-12-30 21:55:54,0.0,0.0,414.0,20.3,35.0
2023-12-30 22:05:54,0.0,0.0,404.0,20.3,35.0
2023-12-30 22:15:54,0.0,0.0,402.0,20.3,35.0
2023-12-30 22:25:53,0.0,0.0,406.0,20.3,35.0
2023-12-30 22:35:53,0.0,0.0,405.0,20.3,35.0
2023-12-30 22:45:53,0.0,0.0,399.0,20.3,35.0
2023-12-30 22:55:53,0.0,0.0,403.0,20.3,35.0
2023-12-30 23:05:53,0.0,0.0,403.0,20.3,36.0
2023-12-30 23:15:53,0.0,0.0,401.0,20.3,35.0
2023-12-30 23:25:53,0.0,0.0,401.0,20.3,36.0
2023-12-30 23:35:53,0.0,0.0,408.0,20.3,36.0
2023-12-30 23:45:53,0.0,0.0,405.0,20.2,36.0
2023-12-30 23:55:53,0.0,0.0,402.0,20.3,36.0
2023-12-31 00:05:53,0.0,0.0,401.0,20.3,36.0
2023-12-31 00:15:53,0.0,0.0,400.0,20.2,36.0
2023-12-31 00:25:53,0.0,0.0,416.0,20.2,36.0
2023-12-31 00:35:53,0.0,0.0,406.0,20.3,36.0
2023-12-31 00:45:53,0.0,0.0,401.0,20.2,36.0
2023-12-31 00:55:53,0.0,0.0,399.0,20.3,36.0
2023-12-31 01:05:53,0.0,0.0,401.0,20.2,36.0
2023-12-31 01:15:53,0.0,0.0,405.0,20.3,36.0
2023-12-31 01:25:53,0.0,0.0,403.0,20.3,36.0
2023-12-31 01:35:53,0.0,0.0,403.0,20.3,36.0
2023-12-31 01:45:53,0.0,0.0,405.0,20.3,36.0
2023-12-31 01:55:53,0.0,0.0,407.0,20.3,36.0
2023-12-31 02:05:52,0.0,0.0,402.0,20.3,36.0
2023-12-31 02:15:52,0.0,0.0,401.0,20.3,36.0
2023-12-31 02:25:52,0.0,0.0,404.0,20.3,36.0
2023-12-31 02:35:52,0.0,0.0,410.0,20.3,36.0
2023-12-31 02:45:52,0.0,0.0,407.0,20.3,36.0
2023-12-31 02:55:52,0.0,0.0,406.0,20.3,36.0
2023-12-31 03:05:52,0.0,0.0,405.0,20.3,36.0
2023-12-31 03:15:52,0.0,0.0,399.0,20.3,36.0
2023-12-31 03:25:52,0.0,0.0,407.0,20.3,36.0
2023-12-31 03:35:52,0.0,0.0,407.0,20.3,36.0
2023-12-31 03:45:52,0.0,0.0,404.0,20.3,36.0
2023-12-31 03:55:52,0.0,0.0,405.0,20.3,36.0
2023-12-31 04:05:52,0.0,0.0,404.0,20.3,36.0
2023-12-31 04:15:52,0.0,0.0,404.0,20.3,36.0
2023-12-31 04:25:52,0.0,0.0,411.0,20.3,36.0
2023-12-31 04:35:52,0.0,0.0,415.0,20.3,36.0
2023-12-31 04:45:52,0.0,0.0,414.0,20.2,36.0
2023-12-31 04:55:52,0.0,0.0,410.0,20.3,36.0
2023-12-31 05:05:52,0.0,0.0,409.0,20.3,36.0
2023-12-31 05:15:52,0.0,0.0,410.0,20.3,36.0
2023-12-31 05:25:52,0.0,0.0,406.0,20.3,36.0
2023-12-31 05:35:52,0.0,0.0,406.0,20.3,36.0
2023-12-31 05:45:51,0.0,0.0,400.0,20.3,36.0
2023-12-31 05:55:51,0.0,0.0,410.0,20.3,36.0
2023-12-31 06:05:51,0.0,0.0,396.0,20.2,36.0
2023-12-31 06:15:51,0.0,0.0,401.0,20.3,36.0
2023-12-31 06:25:51,0.0,0.0,405.0,20.2,36.0
2023-12-31 06:35:51,0.0,0.0,403.0,20.2,36.0
2023-12-31 06:45:51,0.0,0.0,401.0,20.2,36.0
2023-12-31 06:55:51,0.0,0.0,407.0,20.3,36.0
2023-12-31 07:05:51,0.0,0.0,412.0,20.2,36.0
2023-12-31 07:15:51,0.0,0.0,406.0,20.2,36.0
2023-12-31 07:25:51,0.0,0.0,406.0,20.2,36.0
2023-12-31 07:35:51,0.0,0.0,404.0,20.2,36.0
2023-12-31 07:45:51,0.0,3.0,409.0,20.3,36.0
2023-12-31 07:55:51,0.0,3.0,401.0,20.2,36.0
2023-12-31 08:05:51,0.0,3.0,411.0,20.2,36.0
2023-12-31 08:15:51,0.0,3.0,416.0,20.2,36.0
2023-12-31 08:25:51,0.0,6.0,410.0,20.3,36.0
2023-12-31 08:35:51,0.0,6.0,406.0,20.2,36.0
2023-12-31 08:45:51,0.0,10.0,407.0,20.2,36.0
2023-12-31 08:55:51,0.0,13.0,406.0,20.2,36.0
2023-12-31 09:05:51,0.0,13.0,407.0,20.2,36.0
2023-12-31 09:15:51,0.0,23.0,405.0,20.2,36.0
2023-12-31 09:25:50,0.0,23.0,409.0,20.1,36.0
2023-12-31 09:35:50,0.0,30.0,408.0,20.2,36.0
2023-12-31 09:45:51,0.0,37.0,397.0,20.2,36.0
2023-12-31 09:55:50,0.0,40.0,407.0,20.2,36.0
2023-12-31 10:05:50,0.0,43.0,408.0,20.2,36.0
2023-12-31 10:15:50,0.0,57.0,410.0,20.2,36.0
2023-12-31 10:25:50,0.0,60.0,405.0,20.2,36.0
2023-12-31 10:35:50,0.0,77.0,400.0,20.2,36.0
2023-12-31 10:45:50,0.0,80.0,405.0,20.2,36.0
2023-12-31 10:55:50,0.0,77.0,404.0,20.2,36.0
2023-12-31 11:05:50,0.0,94.0,412.0,20.2,36.0
2023-12-31 11:15:50,0.0,131.0,409.0,20.2,36.0
2023-12-31 11:25:50,0.0,111.0,406.0,20.2,36.0
2023-12-31 11:35:50,0.0,97.0,409.0,20.2,36.0
2023-12-31 11:45:50,0.0,141.0,409.0,20.2,36.0
2023-12-31 11:55:50,0.0,124.0,405.0,20.2,36.0
2023-12-31 12:05:50,0.0,104.0,406.0,20.2,36.0
2023-12-31 12:15:50,0.0,60.0,411.0,20.2,36.0
2023-12-31 12:25:50,0.0,50.0,408.0,20.2,36.0
2023-12-31 12:35:50,0.0,50.0,401.0,20.2,37.0
2023-12-31 12:45:50,0.0,43.0,402.0,20.2,36.0
2023-12-31 12:55:50,0.0,43.0,402.0,20.2,37.0
2023-12-31 13:05:49,0.0,40.0,412.0,20.2,37.0
2023-12-31 13:15:49,0.0,30.0,409.0,20.2,36.0
2023-12-31 13:25:49,0.0,26.0,408.0,20.1,37.0
2023-12-31 13:35:49,0.0,20.0,409.0,20.2,37.0
2023-12-31 13:45:49,0.0,23.0,410.0,20.1,37.0
2023-12-31 13:55:49,0.0,23.0,403.0,20.2,37.0
2023-12-31 14:05:49,0.0,16.0,408.0,20.1,37.0
2023-12-31 14:15:49,0.0,13.0,409.0,20.2,37.0
2023-12-31 14:25:49,0.0,10.0,412.0,20.1,37.0
2023-12-31 14:35:49,0.0,6.0,414.0,20.1,37.0
2023-12-31 14:45:49,0.0,3.0,414.0,20.1,37.0
2023-12-31 14:55:49,0.0,0.0,405.0,20.2,37.0
2023-12-31 15:05:49,0.0,0.0,413.0,20.2,37.0
2023-12-31 15:15:49,0.0,0.0,413.0,20.2,37.0
2023-12-31 15:25:49,0.0,0.0,412.0,20.1,37.0
2023-12-31 15:35:49,0.0,0.0,415.0,20.1,37.0
2023-12-31 15:45:49,0.0,0.0,415.0,20.2,37.0
2023-12-31 15:55:49,0.0,0.0,409.0,20.2,37.0
2023-12-31 16:05:49,0.0,0.0,408.0,20.2,37.0
2023-12-31 16:15:49,0.0,0.0,409.0,20.1,37.0
2023-12-31 16:25:49,0.0,0.0,407.0,20.1,37.0
2023-12-31 16:35:49,0.0,0.0,402.0,20.1,37.0
2023-12-31 16:45:48,0.0,0.0,403.0,20.1,37.0
2023-12-31 16:55:48,0.0,0.0,409.0,20.1,37.0
2023-12-31 17:05:48,0.0,0.0,411.0,20.1,37.0
2023-12-31 17:15:48,0.0,0.0,406.0,20.1,37.0
2023-12-31 17:25:48,0.0,0.0,413.0,20.1,37.0
2023-12-31 17:35:48,0.0,0.0,417.0,20.1,37.0
2023-12-31 17:45:48,0.0,0.0,411.0,20.1,37.0
2023-12-31 17:55:49,0.0,0.0,403.0,20.1,37.0
2023-12-31 18:05:48,0.0,0.0,414.0,20.1,37.0
2023-12-31 18:15:48,0.0,0.0,408.0,20.2,37.0
2023-12-31 18:25:48,0.0,0.0,412.0,20.1,37.0
2023-12-31 18:35:48,0.0,0.0,408.0,20.1,37.0
2023-12-31 18:45:48,0.0,0.0,409.0,20.1,37.0
2023-12-31 18:55:48,0.0,0.0,409.0,20.1,37.0
2023-12-31 19:05:48,0.0,0.0,412.0,20.2,37.0
2023-12-31 19:15:48,0.0,0.0,411.0,20.2,37.0
2023-12-31 19:25:48,0.0,0.0,410.0,20.2,37.0
2023-12-31 19:35:48,0.0,0.0,402.0,20.2,37.0
2023-12-31 19:45:48,0.0,0.0,411.0,20.2,37.0
2023-12-31 19:55:48,0.0,0.0,412.0,20.2,37.0
2023-12-31 20:05:48,0.0,0.0,413.0,20.2,37.0
2023-12-31 20:15:47,0.0,0.0,405.0,20.2,37.0
2023-12-31 20:25:48,0.0,0.0,420.0,20.2,37.0
2023-12-31 20:35:47,0.0,0.0,409.0,20.2,37.0
2023-12-31 20:45:47,0.0,0.0,412.0,20.1,37.0
2023-12-31 20:55:47,0.0,0.0,410.0,20.2,37.0
2023-12-31 21:05:47,0.0,0.0,407.0,20.2,37.0
2023-12-31 21:15:47,0.0,0.0,410.0,20.2,37.0
2023-12-31 21:25:47,0.0,0.0,407.0,20.2,37.0
2023-12-31 21:35:47,0.0,0.0,403.0,20.2,37.0
2023-12-31 21:45:47,0.0,0.0,403.0,20.1,37.0
2023-12-31 21:55:47,0.0,0.0,409.0,20.1,37.0
2023-12-31 22:05:47,0.0,0.0,411.0,20.2,37.0
2023-12-31 22:15:47,0.0,0.0,405.0,20.2,37.0
2023-12-31 22:25:47,0.0,0.0,402.0,20.1,37.0
2023-12-31 22:35:47,0.0,0.0,411.0,20.2,37.0
2023-12-31 22:45:47,0.0,0.0,401.0,20.2,37.0
2023-12-31 22:55:47,0.0,0.0,412.0,20.1,37.0
2023-12-31 23:05:47,0.0,0.0,408.0,20.1,37.0
2023-12-31 23:15:47,0.0,0.0,408.0,20.1,37.0
2023-12-31 23:25:47,0.0,0.0,405.0,20.2,37.0
2023-12-31 23:35:47,0.0,0.0,401.0,20.1,37.0
2023-12-31 23:45:47,0.0,0.0,404.0,20.2,37.0
2023-12-31 23:55:46,0.0,0.0,412.0,20.1,37.0
2024-01-01 00:05:46,0.0,0.0,405.0,20.1,37.0
2024-01-01 00:15:46,0.0,0.0,405.0,20.1,37.0
2024-01-01 00:25:46,0.0,0.0,411.0,20.2,37.0
2024-01-01 00:35:46,0.0,0.0,404.0,20.1,37.0
2024-01-01 00:45:46,0.0,0.0,414.0,20.2,37.0
2024-01-01 00:55:46,0.0,0.0,412.0,20.2,37.0
2024-01-01 01:05:46,0.0,0.0,407.0,20.2,37.0
2024-01-01 01:15:46,0.0,0.0,402.0,20.1,37.0
2024-01-01 01:25:46,0.0,0.0,412.0,20.2,37.0
2024-01-01 01:35:46,0.0,0.0,401.0,20.1,37.0
2024-01-01 01:45:46,0.0,0.0,412.0,20.2,37.0
2024-01-01 01:55:46,0.0,0.0,406.0,20.2,37.0
2024-01-01 02:05:46,0.0,0.0,405.0,20.1,37.0
2024-01-01 02:15:46,0.0,0.0,405.0,20.1,37.0
2024-01-01 02:25:46,0.0,0.0,404.0,20.2,37.0
2024-01-01 02:35:46,0.0,0.0,403.0,20.2,37.0
2024-01-01 02:45:46,0.0,0.0,415.0,20.1,37.0
2024-01-01 02:55:46,0.0,0.0,412.0,20.2,37.0
2024-01-01 03:05:46,0.0,0.0,403.0,20.2,38.0
2024-01-01 03:15:46,0.0,0.0,403.0,20.2,37.0
2024-01-01 03:25:46,0.0,0.0,401.0,20.2,38.0
2024-01-01 03:35:46,0.0,0.0,401.0,20.2,38.0
2024-01-01 03:45:46,0.0,0.0,412.0,20.1,38.0
2024-01-01 03:55:45,0.0,0.0,405.0,20.2,38.0
2024-01-01 04:05:45,0.0,0.0,413.0,20.1,38.0
2024-01-01 04:15:45,0.0,0.0,401.0,20.2,38.0
2024-01-01 04:25:45,0.0,0.0,407.0,20.2,38.0
2024-01-01 04:35:45,0.0,0.0,401.0,20.2,38.0
2024-01-01 04:45:45,0.0,0.0,409.0,20.1,38.0
2024-01-01 04:55:45,0.0,0.0,400.0,20.1,38.0
2024-01-01 05:05:45,0.0,0.0,411.0,20.2,38.0
2024-01-01 05:25:45,0.0,0.0,413.0,20.2,38.0
2024-01-01 05:35:45,0.0,0.0,405.0,20.2,38.0
2024-01-01 05:45:45,0.0,0.0,411.0,20.2,38.0
2024-01-01 05:55:45,0.0,0.0,402.0,20.2,38.0
2024-01-01 06:05:45,0.0,0.0,408.0,20.2,38.0
2024-01-01 06:15:45,0.0,0.0,405.0,20.2,38.0
2024-01-01 06:25:45,0.0,0.0,399.0,20.2,38.0
2024-01-01 06:35:45,0.0,0.0,410.0,20.1,38.0
2024-01-01 06:45:45,0.0,0.0,411.0,20.2,38.0
2024-01-01 06:55:45,0.0,0.0,409.0,20.1,37.0
2024-01-01 07:05:45,0.0,0.0,410.0,20.2,37.0
2024-01-01 07:15:45,0.0,0.0,412.0,20.2,37.0
2024-01-01 07:25:44,0.0,3.0,411.0,20.3,37.0
2024-01-01 07:35:44,0.0,3.0,412.0,20.3,36.0
2024-01-01 07:45:44,0.0,6.0,407.0,20.3,36.0
2024-01-01 07:55:44,0.0,10.0,409.0,20.3,36.0
2024-01-01 08:05:44,0.0,16.0,416.0,20.3,36.0
2024-01-01 08:15:44,0.0,16.0,420.0,20.4,36.0
2024-01-01 08:25:44,0.0,16.0,408.0,20.3,36.0
2024-01-01 08:35:44,0.0,20.0,415.0,20.3,36.0
2024-01-01 08:45:44,0.0,20.0,417.0,20.3,36.0
2024-01-01 08:55:44,0.0,6.0,421.0,20.4,36.0
2024-01-01 09:05:44,0.0,10.0,410.0,20.3,36.0
2024-01-01 09:15:44,0.0,13.0,406.0,20.3,36.0
2024-01-01 09:25:44,0.0,20.0,408.0,20.3,36.0
2024-01-01 09:35:45,0.0,16.0,412.0,20.3,36.0
2024-01-01 09:45:44,0.0,20.0,416.0,20.3,36.0
2024-01-01 09:55:44,0.0,20.0,415.0,20.4,36.0
2024-01-01 10:05:44,0.0,23.0,408.0,20.4,36.0
2024-01-01 10:15:44,0.0,26.0,418.0,20.3,36.0
2024-01-01 10:25:44,0.0,23.0,417.0,20.3,36.0
2024-01-01 10:35:44,0.0,23.0,412.0,20.3,36.0
2024-01-01 10:45:44,0.0,13.0,410.0,20.3,36.0
2024-01-01 10:55:43,0.0,23.0,415.0,20.4,36.0
2024-01-01 11:05:43,0.0,40.0,417.0,20.4,36.0
2024-01-01 11:15:43,0.0,77.0,420.0,20.4,36.0
2024-01-01 11:25:43,0.0,33.0,415.0,20.3,36.0
2024-01-01 11:35:43,0.0,30.0,408.0,20.4,36.0
2024-01-01 11:45:43,0.0,16.0,416.0,20.3,36.0
2024-01-01 11:55:43,0.0,20.0,408.0,20.3,36.0
2024-01-01 12:05:43,0.0,26.0,416.0,20.4,36.0
2024-01-01 12:15:43,0.0,30.0,421.0,20.4,36.0
2024-01-01 12:25:43,0.0,13.0,411.0,20.4,36.0
2024-01-01 12:35:43,0.0,23.0,417.0,20.4,36.0
2024-01-01 12:45:43,0.0,23.0,419.0,20.4,36.0
2024-01-01 12:55:43,0.0,26.0,415.0,20.4,36.0
2024-01-01 13:05:43,0.0,40.0,417.0,20.4,36.0
2024-01-01 13:15:43,0.0,33.0,416.0,20.4,36.0
2024-01-01 13:25:43,0.0,13.0,415.0,20.4,36.0
2024-01-01 13:35:43,0.0,6.0,416.0,20.4,36.0
2024-01-01 13:45:43,0.0,6.0,413.0,20.4,36.0
2024-01-01 13:55:43,0.0,13.0,409.0,20.4,36.0
2024-01-01 14:05:43,0.0,6.0,410.0,20.3,36.0
2024-01-01 14:15:43,0.0,3.0,408.0,20.3,36.0
2024-01-01 14:25:43,0.0,3.0,410.0,20.4,36.0
2024-01-01 14:35:42,0.0,3.0,417.0,20.4,36.0
2024-01-01 14:45:42,0.0,0.0,406.0,20.4,36.0
2024-01-01 14:55:42,0.0,0.0,415.0,20.4,36.0
2024-01-01 15:05:43,0.0,0.0,423.0,20.3,36.0
2024-01-01 15:15:42,0.0,0.0,419.0,20.4,36.0
2024-01-01 15:25:42,0.0,0.0,412.0,20.4,36.0
2024-01-01 15:35:42,0.0,0.0,408.0,20.4,36.0
2024-01-01 15:45:42,0.0,0.0,411.0,20.4,36.0
2024-01-01 15:55:42,0.0,0.0,413.0,20.4,36.0
2024-01-01 16:05:42,0.0,0.0,415.0,20.4,36.0
2024-01-01 16:15:42,0.0,0.0,411.0,20.4,36.0
2024-01-01 16:25:42,0.0,0.0,411.0,20.3,36.0
2024-01-01 16:35:42,0.0,0.0,416.0,20.2,37.0
2024-01-01 16:45:42,0.0,0.0,403.0,20.3,37.0
2024-01-01 16:55:42,0.0,0.0,408.0,20.2,37.0
2024-01-01 17:05:42,0.0,0.0,417.0,20.3,37.0
2024-01-01 17:15:42,0.0,0.0,409.0,20.3,37.0
2024-01-01 17:25:42,0.0,0.0,410.0,20.2,37.0
2024-01-01 17:35:42,0.0,0.0,411.0,20.2,37.0
2024-01-01 17:45:42,0.0,0.0,408.0,20.2,37.0
2024-01-01 17:55:42,0.0,0.0,414.0,20.2,37.0
2024-01-01 18:05:42,0.0,0.0,414.0,20.3,37.0
2024-01-01 18:15:41,0.0,0.0,418.0,20.2,37.0
2024-01-01 18:25:41,0.0,0.0,411.0,20.2,37.0
2024-01-01 18:35:41,0.0,0.0,414.0,20.3,37.0
2024-01-01 18:45:41,0.0,0.0,408.0,20.3,37.0
2024-01-01 18:55:41,0.0,0.0,412.0,20.2,37.0
2024-01-01 19:05:41,0.0,0.0,404.0,20.3,37.0
2024-01-01 19:15:41,0.0,0.0,420.0,20.2,37.0
2024-01-01 19:25:41,0.0,0.0,407.0,20.2,37.0
2024-01-01 19:35:41,0.0,0.0,417.0,20.3,37.0
2024-01-01 19:45:41,0.0,0.0,410.0,20.3,37.0
2024-01-01 19:55:41,0.0,0.0,421.0,20.3,37.0
2024-01-01 20:05:41,0.0,0.0,402.0,20.3,37.0
2024-01-01 20:15:41,0.0,0.0,413.0,20.3,37.0
2024-01-01 20:25:41,0.0,0.0,410.0,20.3,37.0
2024-01-01 20:35:41,0.0,0.0,406.0,20.3,37.0
2024-01-01 20:45:41,0.0,0.0,403.0,20.3,37.0
2024-01-01 20:55:41,0.0,0.0,411.0,20.3,37.0
2024-01-01 21:05:41,0.0,0.0,411.0,20.3,37.0
2024-01-01 21:15:41,0.0,0.0,420.0,20.3,36.0
2024-01-01 21:25:41,0.0,0.0,409.0,20.3,37.0
2024-01-01 21:35:41,0.0,0.0,406.0,20.3,37.0
2024-01-01 21:45:41,0.0,0.0,414.0,20.3,36.0
2024-01-01 21:55:41,0.0,0.0,404.0,20.3,36.0
2024-01-01 22:05:40,0.0,0.0,407.0,20.3,36.0
2024-01-01 22:15:40,0.0,0.0,408.0,20.3,36.0
2024-01-01 22:25:40,0.0,0.0,407.0,20.3,36.0
2024-01-01 22:35:40,0.0,0.0,416.0,20.3,36.0
2024-01-01 22:45:40,0.0,0.0,406.0,20.4,36.0
2024-01-01 22:55:40,0.0,0.0,408.0,20.3,36.0
2024-01-01 23:05:40,0.0,0.0,408.0,20.3,36.0
2024-01-01 23:15:40,0.0,0.0,409.0,20.3,36.0
2024-01-01 23:25:40,0.0,0.0,409.0,20.3,36.0
2024-01-01 23:35:40,0.0,0.0,414.0,20.2,36.0
2024-01-01 23:45:40,0.0,0.0,408.0,20.3,36.0
2024-01-01 23:55:40,0.0,0.0,408.0,20.3,36.0
2024-01-02 00:05:40,0.0,0.0,412.0,20.3,36.0
2024-01-02 00:15:40,0.0,0.0,409.0,20.3,36.0
2024-01-02 00:25:40,0.0,0.0,414.0,20.2,36.0
2024-01-02 00:35:40,0.0,0.0,407.0,20.3,36.0
2024-01-02 00:45:41,0.0,0.0,408.0,20.2,36.0
2024-01-02 00:55:40,0.0,0.0,420.0,20.3,36.0
2024-01-02 01:05:40,0.0,0.0,405.0,20.3,36.0
2024-01-02 01:15:40,0.0,0.0,409.0,20.2,36.0
2024-01-02 01:25:40,0.0,0.0,404.0,20.3,36.0
2024-01-02 01:35:39,0.0,0.0,406.0,20.2,36.0
2024-01-02 01:45:40,0.0,0.0,402.0,20.2,36.0
2024-01-02 01:55:39,0.0,0.0,402.0,20.2,36.0
2024-01-02 02:05:39,0.0,0.0,403.0,20.2,36.0
2024-01-02 02:15:39,0.0,0.0,403.0,20.2,36.0
2024-01-02 02:25:39,0.0,0.0,411.0,20.2,36.0
2024-01-02 02:35:39,0.0,0.0,408.0,20.2,36.0
2024-01-02 02:45:39,0.0,0.0,404.0,20.2,36.0
2024-01-02 02:55:39,0.0,0.0,411.0,20.2,36.0
2024-01-02 03:05:39,0.0,0.0,406.0,20.1,36.0
2024-01-02 03:15:39,0.0,0.0,403.0,20.2,36.0
2024-01-02 03:25:39,0.0,0.0,408.0,20.1,36.0
2024-01-02 03:35:39,0.0,0.0,407.0,20.1,36.0
2024-01-02 03:45:39,0.0,0.0,399.0,20.1,36.0
2024-01-02 03:55:39,0.0,0.0,398.0,20.2,36.0
2024-01-02 04:05:39,0.0,0.0,396.0,20.1,36.0
2024-01-02 04:15:39,0.0,0.0,405.0,20.1,36.0
2024-01-02 04:25:39,0.0,0.0,403.0,20.1,36.0
2024-01-02 04:35:39,0.0,0.0,402.0,20.1,36.0
2024-01-02 04:45:39,0.0,0.0,411.0,20.2,36.0
2024-01-02 04:55:39,0.0,0.0,404.0,20.1,36.0
2024-01-02 05:05:39,0.0,0.0,414.0,20.1,36.0
2024-01-02 05:15:38,0.0,0.0,403.0,20.1,36.0
2024-01-02 05:25:38,0.0,0.0,413.0,20.1,36.0
2024-01-02 05:35:38,0.0,0.0,410.0,20.1,36.0
2024-01-02 05:45:38,0.0,0.0,396.0,20.1,36.0
2024-01-02 05:55:38,0.0,0.0,409.0,20.1,35.0
2024-01-02 06:05:38,0.0,0.0,401.0,20.0,35.0
2024-01-02 06:15:38,0.0,0.0,402.0,20.1,35.0
2024-01-02 06:25:38,0.0,0.0,405.0,20.0,36.0
2024-01-02 06:35:38,0.0,0.0,409.0,20.0,36.0
2024-01-02 06:45:38,0.0,0.0,404.0,20.0,36.0
2024-01-02 06:55:38,0.0,0.0,410.0,20.0,35.0
2024-01-02 07:05:38,0.0,0.0,406.0,20.1,34.0
2024-01-02 07:15:38,0.0,0.0,405.0,20.1,33.0
2024-01-02 07:25:38,0.0,0.0,410.0,20.1,32.0
2024-01-02 07:35:38,0.0,0.0,413.0,20.1,32.0
2024-01-02 07:45:38,0.0,3.0,418.0,20.1,31.0
2024-01-02 07:55:38,0.0,3.0,412.0,20.1,31.0
2024-01-02 08:05:38,0.0,3.0,413.0,20.1,31.0
2024-01-02 08:15:38,0.0,6.0,412.0,20.1,31.0
2024-01-02 08:25:38,0.0,6.0,414.0,20.1,30.0
2024-01-02 08:35:38,0.0,13.0,414.0,20.1,30.0
2024-01-02 08:45:38,0.0,13.0,413.0,20.1,30.0
2024-01-02 08:55:37,0.0,13.0,411.0,20.1,30.0
2024-01-02 09:05:37,0.0,16.0,420.0,20.1,30.0
2024-01-02 09:15:37,0.0,20.0,418.0,20.1,30.0
2024-01-02 09:25:37,0.0,23.0,418.0,20.0,30.0
2024-01-02 09:35:37,0.0,26.0,415.0,20.1,30.0
2024-01-02 09:45:37,0.0,26.0,419.0,20.1,30.0
2024-01-02 09:55:37,0.0,26.0,411.0,20.1,30.0
2024-01-02 10:05:37,0.0,23.0,421.0,20.1,30.0
2024-01-02 10:15:37,0.0,30.0,415.0,20.1,30.0
2024-01-02 10:25:37,3.0,26.0,428.0,20.2,30.0
2024-01-02 10:35:37,0.0,26.0,415.0,20.1,30.0
2024-01-02 10:45:37,0.0,37.0,418.0,20.1,30.0
2024-01-02 10:55:37,0.0,43.0,416.0,20.1,30.0
2024-01-02 11:05:37,0.0,33.0,419.0,20.2,29.0
2024-01-02 11:15:37,0.0,37.0,421.0,20.1,29.0
2024-01-02 11:25:37,0.0,33.0,420.0,20.1,29.0
2024-01-02 11:35:37,0.0,30.0,427.0,20.1,29.0
2024-01-02 11:45:37,0.0,37.0,420.0,20.1,29.0
2024-01-02 11:55:37,0.0,40.0,431.0,20.1,29.0
2024-01-02 12:05:37,0.0,37.0,425.0,20.1,29.0
2024-01-02 12:15:37,0.0,30.0,414.0,20.2,29.0
2024-01-02 12:25:37,0.0,30.0,414.0,20.1,29.0
2024-01-02 12:35:36,0.0,33.0,423.0,20.1,29.0
2024-01-02 12:45:36,0.0,43.0,420.0,20.2,29.0
2024-01-02 12:55:36,0.0,33.0,424.0,20.1,29.0
2024-01-02 13:05:36,0.0,37.0,425.0,20.1,29.0
2024-01-02 13:15:36,0.0,37.0,435.0,20.2,29.0
2024-01-02 13:25:36,0.0,23.0,421.0,20.1,29.0
2024-01-02 13:35:36,0.0,20.0,425.0,20.1,28.0
2024-01-02 13:45:36,0.0,16.0,427.0,20.1,28.0
2024-01-02 13:55:36,0.0,10.0,431.0,20.1,28.0
2024-01-02 14:05:36,0.0,10.0,423.0,20.1,28.0
2024-01-02 14:15:36,0.0,3.0,425.0,20.1,29.0
2024-01-02 14:25:36,0.0,3.0,429.0,20.1,29.0
2024-01-02 14:35:36,0.0,3.0,418.0,20.1,29.0
2024-01-02 14:45:36,0.0,3.0,426.0,20.1,29.0
2024-01-02 14:55:36,0.0,3.0,420.0,20.1,29.0
2024-01-02 15:05:36,0.0,0.0,426.0,20.1,28.0
2024-01-02 15:15:36,0.0,0.0,425.0,20.1,28.0
2024-01-02 15:25:36,0.0,0.0,425.0,20.1,28.0
2024-01-02 15:35:36,0.0,0.0,423.0,20.1,28.0
2024-01-02 15:45:36,0.0,0.0,422.0,20.1,28.0
2024-01-02 15:55:36,0.0,0.0,420.0,20.0,28.0
2024-01-02 16:05:36,0.0,0.0,436.0,20.0,29.0
2024-01-02 16:15:35,0.0,0.0,492.0,20.0,30.0
2024-01-02 16:25:35,0.0,0.0,518.0,19.9,31.0
2024-01-02 16:35:35,0.0,0.0,530.0,20.0,31.0
2024-01-02 16:45:35,0.0,0.0,540.0,19.9,32.0
2024-01-02 16:55:35,0.0,0.0,547.0,20.0,32.0
2024-01-02 17:05:35,0.0,0.0,550.0,20.0,32.0
2024-01-02 17:15:35,0.0,0.0,554.0,19.9,33.0
2024-01-02 17:25:35,0.0,0.0,542.0,20.0,33.0
2024-01-02 17:35:35,0.0,0.0,550.0,19.9,33.0
2024-01-02 17:45:35,0.0,0.0,546.0,19.9,33.0
2024-01-02 17:55:35,0.0,0.0,537.0,19.9,33.0
2024-01-02 18:05:35,0.0,0.0,538.0,19.9,33.0
2024-01-02 18:15:35,0.0,0.0,545.0,19.9,33.0
2024-01-02 18:25:35,0.0,0.0,526.0,19.9,33.0
2024-01-02 18:35:35,0.0,0.0,533.0,19.9,33.0
2024-01-02 18:45:35,0.0,0.0,522.0,19.9,33.0
2024-01-02 18:55:35,0.0,0.0,538.0,19.9,33.0
2024-01-02 19:05:35,0.0,0.0,519.0,19.9,33.0
2024-01-02 19:15:35,0.0,0.0,521.0,19.9,33.0
2024-01-02 19:25:35,0.0,0.0,518.0,20.0,33.0
2024-01-02 19:35:35,0.0,0.0,519.0,19.9,33.0
2024-01-02 19:45:34,0.0,0.0,514.0,19.9,33.0
2024-01-02 19:55:34,0.0,0.0,509.0,19.9,33.0
2024-01-02 20:05:34,0.0,0.0,512.0,19.9,33.0
2024-01-02 20:15:34,0.0,0.0,512.0,19.9,33.0
2024-01-02 20:25:34,0.0,0.0,514.0,19.9,33.0
2024-01-02 20:35:34,0.0,0.0,489.0,19.8,33.0
2024-01-02 20:45:34,0.0,0.0,493.0,19.9,33.0
2024-01-02 20:55:34,0.0,0.0,493.0,19.9,33.0
2024-01-02 21:05:34,0.0,0.0,493.0,19.9,33.0
2024-01-02 21:15:34,0.0,0.0,485.0,19.8,33.0
2024-01-02 21:25:34,0.0,0.0,479.0,19.8,33.0
2024-01-02 21:35:34,0.0,0.0,484.0,19.8,33.0
2024-01-02 21:45:34,0.0,0.0,473.0,19.9,33.0
2024-01-02 21:55:34,0.0,0.0,475.0,19.8,33.0
2024-01-02 22:05:34,0.0,0.0,478.0,19.8,33.0
2024-01-02 22:15:34,0.0,0.0,482.0,19.8,33.0
2024-01-02 22:25:34,0.0,0.0,470.0,19.8,33.0
2024-01-02 22:35:34,0.0,0.0,453.0,19.8,33.0
2024-01-02 22:45:34,0.0,0.0,465.0,19.8,33.0
2024-01-02 22:55:34,0.0,0.0,458.0,19.8,33.0
2024-01-02 23:05:34,0.0,0.0,453.0,19.8,33.0
2024-01-02 23:15:34,0.0,0.0,466.0,19.8,33.0
2024-01-02 23:25:34,0.0,0.0,463.0,19.8,33.0
2024-01-02 23:35:33,0.0,0.0,458.0,19.7,33.0
2024-01-02 23:45:33,0.0,0.0,457.0,19.8,33.0
2024-01-02 23:55:33,0.0,0.0,454.0,19.7,33.0
2024-01-03 00:05:33,0.0,0.0,451.0,19.7,33.0
2024-01-03 00:15:33,0.0,0.0,454.0,19.7,33.0
2024-01-03 00:25:33,0.0,0.0,454.0,19.7,33.0
2024-01-03 00:35:33,0.0,0.0,445.0,19.7,33.0
2024-01-03 00:45:33,0.0,0.0,451.0,19.7,33.0
2024-01-03 00:55:33,0.0,0.0,451.0,19.7,33.0
2024-01-03 01:05:33,0.0,0.0,444.0,19.7,33.0
2024-01-03 01:15:33,0.0,0.0,438.0,19.7,33.0
2024-01-03 01:25:33,0.0,0.0,437.0,19.6,33.0
2024-01-03 01:35:33,0.0,0.0,442.0,19.7,33.0
2024-01-03 01:45:33,0.0,0.0,434.0,19.7,33.0
2024-01-03 01:55:33,0.0,0.0,437.0,19.7,33.0
2024-01-03 02:05:33,0.0,0.0,436.0,19.7,33.0
2024-01-03 02:15:33,0.0,0.0,428.0,19.7,33.0
2024-01-03 02:25:33,0.0,0.0,430.0,19.7,33.0
2024-01-03 02:35:33,0.0,0.0,434.0,19.7,33.0
2024-01-03 02:45:33,0.0,0.0,429.0,19.7,33.0
2024-01-03 02:55:33,0.0,0.0,435.0,19.7,33.0
2024-01-03 03:05:33,0.0,0.0,434.0,19.7,33.0
2024-01-03 03:15:32,0.0,0.0,424.0,19.7,33.0
2024-01-03 03:25:32,0.0,0.0,430.0,19.6,33.0
2024-01-03 03:35:32,0.0,0.0,431.0,19.6,33.0
2024-01-03 03:45:32,0.0,0.0,425.0,19.6,33.0
2024-01-03 03:55:32,0.0,0.0,427.0,19.6,33.0
2024-01-03 04:05:32,0.0,0.0,432.0,19.6,33.0
2024-01-03 04:15:32,0.0,0.0,417.0,19.6,33.0
2024-01-03 04:25:32,0.0,0.0,418.0,19.6,33.0
2024-01-03 04:35:32,0.0,0.0,428.0,19.6,33.0
2024-01-03 04:45:32,0.0,0.0,414.0,19.6,33.0
2024-01-03 04:55:32,0.0,0.0,422.0,19.6,33.0
2024-01-03 05:05:32,0.0,0.0,426.0,19.7,33.0
2024-01-03 05:15:32,0.0,0.0,421.0,19.6,33.0
2024-01-03 05:25:32,0.0,0.0,417.0,19.6,33.0
2024-01-03 05:35:32,0.0,0.0,419.0,19.6,33.0
2024-01-03 05:45:32,0.0,0.0,421.0,19.6,33.0
2024-01-03 05:55:32,0.0,0.0,410.0,19.7,33.0
2024-01-03 06:05:32,0.0,0.0,410.0,19.6,33.0
2024-01-03 06:15:32,0.0,0.0,413.0,19.6,33.0
2024-01-03 06:25:32,0.0,0.0,416.0,19.6,33.0
2024-01-03 06:35:32,0.0,0.0,416.0,19.5,33.0
2024-01-03 06:45:32,0.0,0.0,424.0,19.5,33.0
2024-01-03 06:55:31,0.0,0.0,419.0,19.5,33.0
2024-01-03 07:05:32,0.0,0.0,412.0,19.5,31.0
2024-01-03 07:15:31,0.0,0.0,410.0,19.6,30.0
2024-01-03 07:25:31,0.0,3.0,407.0,19.6,29.0
2024-01-03 07:35:31,0.0,3.0,406.0,19.6,28.0
2024-01-03 07:45:31,0.0,6.0,404.0,19.6,28.0
2024-01-03 07:55:31,0.0,6.0,407.0,19.6,28.0
2024-01-03 08:05:31,0.0,10.0,416.0,19.6,28.0
2024-01-03 08:15:31,0.0,10.0,409.0,19.5,28.0
2024-01-03 08:25:31,0.0,10.0,418.0,19.6,28.0
2024-01-03 08:35:31,0.0,10.0,410.0,19.6,28.0
2024-01-03 08:45:31,0.0,16.0,405.0,19.6,28.0
2024-01-03 08:55:31,0.0,13.0,412.0,19.6,28.0
2024-01-03 09:05:31,0.0,13.0,416.0,19.6,28.0
2024-01-03 09:15:31,0.0,16.0,411.0,19.6,28.0
2024-01-03 09:25:31,0.0,16.0,408.0,19.6,28.0
2024-01-03 09:35:31,0.0,33.0,416.0,19.6,28.0
2024-01-03 09:45:31,0.0,20.0,417.0,19.6,28.0
2024-01-03 09:55:31,0.0,23.0,423.0,19.6,28.0
2024-01-03 10:05:31,0.0,23.0,413.0,19.7,28.0
2024-01-03 10:15:31,0.0,26.0,416.0,19.6,28.0
2024-01-03 10:25:30,0.0,23.0,407.0,19.7,28.0
2024-01-03 10:35:30,0.0,26.0,419.0,19.7,28.0
2024-01-03 10:45:30,0.0,33.0,417.0,19.7,28.0
2024-01-03 10:55:30,0.0,37.0,418.0,19.6,28.0
2024-01-03 11:05:30,0.0,33.0,416.0,19.7,28.0
2024-01-03 11:15:30,0.0,30.0,417.0,19.7,28.0
2024-01-03 11:25:30,0.0,30.0,425.0,19.7,28.0
2024-01-03 11:35:30,0.0,33.0,421.0,19.7,28.0
2024-01-03 11:45:30,0.0,30.0,426.0,19.6,28.0
2024-01-03 11:55:30,0.0,30.0,422.0,19.6,28.0
2024-01-03 12:05:30,0.0,33.0,425.0,19.7,28.0
2024-01-03 12:15:30,0.0,26.0,418.0,19.6,28.0
2024-01-03 12:25:30,0.0,26.0,426.0,19.7,28.0
2024-01-03 12:35:30,0.0,30.0,417.0,19.6,28.0
2024-01-03 12:45:30,0.0,26.0,414.0,19.7,28.0
2024-01-03 12:55:30,0.0,26.0,417.0,19.7,28.0
2024-01-03 13:05:30,0.0,26.0,423.0,19.7,28.0
2024-01-03 13:15:30,0.0,23.0,415.0,19.6,28.0
2024-01-03 13:25:30,0.0,20.0,414.0,19.7,28.0
2024-01-03 13:35:30,0.0,16.0,422.0,19.6,28.0
2024-01-03 13:45:30,0.0,16.0,418.0,19.6,28.0
2024-01-03 13:55:30,0.0,13.0,413.0,19.7,28.0
2024-01-03 14:05:29,0.0,10.0,416.0,19.6,28.0
2024-01-03 14:15:29,0.0,6.0,416.0,19.7,28.0
2024-01-03 14:25:29,0.0,3.0,414.0,19.7,28.0
2024-01-03 14:35:29,0.0,3.0,418.0,19.6,28.0
2024-01-03 14:45:29,0.0,3.0,420.0,19.7,28.0
2024-01-03 14:55:29,0.0,3.0,418.0,19.6,28.0
2024-01-03 15:05:30,0.0,3.0,421.0,19.6,28.0
2024-01-03 15:15:29,0.0,0.0,415.0,19.7,28.0
2024-01-03 15:25:29,0.0,0.0,412.0,19.6,28.0
2024-01-03 15:35:29,0.0,0.0,417.0,19.7,28.0
2024-01-03 15:45:29,0.0,0.0,416.0,19.6,28.0
2024-01-03 15:55:29,0.0,0.0,422.0,19.6,28.0
2024-01-03 16:05:29,0.0,0.0,425.0,19.7,29.0
2024-01-03 16:15:29,0.0,0.0,458.0,19.6,29.0
2024-01-03 16:25:29,0.0,0.0,469.0,19.5,30.0
2024-01-03 16:35:29,0.0,0.0,474.0,19.5,31.0
2024-01-03 16:45:29,0.0,0.0,475.0,19.5,31.0
2024-01-03 16:55:29,0.0,0.0,474.0,19.5,31.0
2024-01-03 17:05:29,0.0,0.0,476.0,19.5,31.0
2024-01-03 17:15:29,0.0,0.0,479.0,19.4,32.0
2024-01-03 17:25:29,0.0,0.0,490.0,19.5,32.0
2024-01-03 17:35:29,0.0,0.0,475.0,19.5,32.0
2024-01-03 17:45:29,0.0,0.0,470.0,19.5,32.0
2024-01-03 17:55:28,0.0,0.0,478.0,19.5,32.0
2024-01-03 18:05:28,0.0,0.0,465.0,19.4,32.0
2024-01-03 18:15:28,0.0,0.0,462.0,19.5,32.0
2024-01-03 18:25:28,0.0,0.0,452.0,19.5,32.0
2024-01-03 18:35:28,0.0,0.0,452.0,19.5,32.0
2024-01-03 18:45:28,0.0,0.0,458.0,19.4,32.0
2024-01-03 18:55:29,0.0,0.0,455.0,19.4,32.0
2024-01-03 19:05:28,0.0,0.0,453.0,19.5,32.0
2024-01-03 19:15:28,0.0,0.0,443.0,19.5,32.0
2024-01-03 19:25:28,0.0,0.0,444.0,19.5,32.0
2024-01-03 19:35:28,0.0,0.0,441.0,19.5,32.0
2024-01-03 19:45:28,0.0,0.0,443.0,19.5,32.0
2024-01-03 19:55:28,0.0,0.0,441.0,19.5,32.0
2024-01-03 20:05:28,0.0,0.0,440.0,19.5,32.0
2024-01-03 20:15:28,0.0,0.0,434.0,19.4,32.0
2024-01-03 20:25:28,0.0,0.0,430.0,19.5,32.0
2024-01-03 20:35:28,0.0,0.0,431.0,19.5,32.0
2024-01-03 20:45:28,0.0,0.0,434.0,19.5,32.0
2024-01-03 20:55:28,0.0,0.0,438.0,19.5,32.0
2024-01-03 21:05:28,0.0,0.0,437.0,19.5,32.0
2024-01-03 21:15:28,0.0,0.0,428.0,19.5,32.0
2024-01-03 21:25:27,0.0,0.0,427.0,19.5,31.0
2024-01-03 21:35:27,0.0,0.0,417.0,19.4,31.0
2024-01-03 21:45:27,0.0,0.0,425.0,19.5,31.0
2024-01-03 21:55:27,0.0,0.0,420.0,19.5,31.0
2024-01-03 22:05:27,0.0,0.0,421.0,19.5,31.0
2024-01-03 22:15:27,0.0,0.0,420.0,19.5,31.0
2024-01-03 22:25:27,0.0,0.0,421.0,19.4,31.0
2024-01-03 22:35:27,0.0,0.0,422.0,19.4,31.0
2024-01-03 22:45:27,0.0,0.0,418.0,19.4,31.0
2024-01-03 22:55:27,0.0,0.0,410.0,19.5,31.0
2024-01-03 23:05:27,0.0,0.0,417.0,19.5,31.0
2024-01-03 23:15:27,0.0,0.0,418.0,19.4,31.0
2024-01-03 23:25:27,0.0,0.0,414.0,19.4,31.0
2024-01-03 23:35:27,0.0,0.0,415.0,19.5,31.0
2024-01-03 23:45:27,0.0,0.0,412.0,19.5,31.0
2024-01-03 23:55:27,0.0,0.0,412.0,19.4,31.0
2024-01-04 00:05:27,0.0,0.0,416.0,19.4,31.0
2024-01-04 00:15:27,0.0,0.0,414.0,19.4,31.0
2024-01-04 00:25:27,0.0,0.0,409.0,19.4,31.0
2024-01-04 00:35:27,0.0,0.0,416.0,19.4,31.0
2024-01-04 00:45:27,0.0,0.0,412.0,19.4,31.0
2024-01-04 00:55:27,0.0,0.0,409.0,19.4,31.0
2024-01-04 01:05:26,0.0,0.0,416.0,19.4,31.0
2024-01-04 01:15:26,0.0,0.0,408.0,19.5,31.0
2024-01-04 01:25:26,0.0,0.0,407.0,19.4,31.0
2024-01-04 01:35:26,0.0,0.0,412.0,19.4,31.0
2024-01-04 01:45:26,0.0,0.0,412.0,19.4,31.0
2024-01-04 01:55:26,0.0,0.0,405.0,19.4,31.0
2024-01-04 02:05:26,0.0,0.0,412.0,19.4,31.0
2024-01-04 02:15:26,0.0,0.0,401.0,19.4,31.0
2024-01-04 02:25:26,0.0,0.0,405.0,19.4,31.0
2024-01-04 02:35:26,0.0,0.0,411.0,19.4,31.0
2024-01-04 02:45:26,0.0,0.0,409.0,19.4,31.0
2024-01-04 02:55:26,0.0,0.0,412.0,19.4,31.0
2024-01-04 03:05:26,0.0,0.0,407.0,19.4,30.0
2024-01-04 03:15:26,0.0,0.0,404.0,19.4,30.0
2024-01-04 03:25:26,0.0,0.0,399.0,19.4,30.0
2024-01-04 03:35:26,0.0,0.0,412.0,19.3,30.0
2024-01-04 03:45:26,0.0,0.0,402.0,19.4,30.0
2024-01-04 03:55:26,0.0,0.0,419.0,19.4,30.0
2024-01-04 04:05:26,0.0,0.0,403.0,19.4,30.0
2024-01-04 04:15:26,0.0,0.0,407.0,19.4,30.0
2024-01-04 04:25:26,0.0,0.0,404.0,19.4,30.0
2024-01-04 04:35:26,0.0,0.0,407.0,19.4,30.0
2024-01-04 04:45:26,0.0,0.0,410.0,19.3,30.0
2024-01-04 04:55:25,0.0,0.0,406.0,19.4,30.0
2024-01-04 05:05:25,0.0,0.0,405.0,19.4,30.0
2024-01-04 05:15:25,0.0,0.0,404.0,19.5,30.0
2024-01-04 05:25:25,0.0,0.0,406.0,19.4,30.0
2024-01-04 05:35:25,0.0,0.0,406.0,19.5,30.0
2024-01-04 05:45:25,0.0,0.0,400.0,19.4,30.0
2024-01-04 05:55:25,0.0,0.0,396.0,19.3,30.0
2024-01-04 06:05:25,0.0,0.0,403.0,19.4,30.0
2024-01-04 06:15:25,0.0,0.0,402.0,19.4,30.0
2024-01-04 06:25:25,0.0,0.0,396.0,19.3,30.0
2024-01-04 06:35:25,0.0,0.0,402.0,19.2,30.0
2024-01-04 06:45:25,0.0,0.0,399.0,19.3,30.0
2024-01-04 06:55:25,0.0,0.0,400.0,19.3,29.0
2024-01-04 07:05:25,0.0,0.0,407.0,19.3,27.0
2024-01-04 07:15:25,0.0,0.0,403.0,19.4,25.0
2024-01-04 07:25:25,0.0,3.0,401.0,19.4,24.0
2024-01-04 07:35:25,0.0,6.0,402.0,19.4,23.0
2024-01-04 07:45:25,0.0,10.0,405.0,19.5,23.0
2024-01-04 07:55:25,0.0,20.0,408.0,19.4,22.0
2024-01-04 08:05:25,0.0,26.0,406.0,19.4,22.0
2024-01-04 08:15:25,0.0,30.0,407.0,19.4,22.0
2024-01-04 08:25:24,0.0,40.0,400.0,19.4,22.0
2024-01-04 08:35:24,0.0,60.0,408.0,19.5,22.0
2024-01-04 08:45:24,0.0,134.0,408.0,19.5,22.0
2024-01-04 08:55:24,0.0,121.0,415.0,19.5,22.0
2024-01-04 09:05:24,0.0,131.0,408.0,19.4,22.0
2024-01-04 09:15:24,0.0,161.0,414.0,19.5,22.0
2024-01-04 09:25:24,0.0,90.0,411.0,19.4,22.0
2024-01-04 09:35:24,0.0,114.0,405.0,19.5,21.0
2024-01-04 09:45:24,0.0,121.0,416.0,19.5,21.0
2024-01-04 09:55:24,0.0,114.0,415.0,19.5,21.0
2024-01-04 10:05:24,0.0,94.0,404.0,19.5,21.0
2024-01-04 10:15:24,0.0,131.0,411.0,19.5,21.0
2024-01-04 10:25:24,0.0,188.0,409.0,19.6,20.0
2024-01-04 10:35:24,0.0,225.0,409.0,19.6,20.0
2024-01-04 10:45:24,0.0,262.0,418.0,19.6,20.0
2024-01-04 10:55:25,0.0,296.0,408.0,19.6,20.0
2024-01-04 11:05:24,0.0,377.0,412.0,19.6,20.0
2024-01-04 11:15:24,0.0,286.0,410.0,19.6,20.0
2024-01-04 11:25:24,0.0,252.0,414.0,19.6,20.0
2024-01-04 11:35:24,0.0,340.0,417.0,19.6,19.0
2024-01-04 11:45:24,0.0,363.0,416.0,19.6,19.0
2024-01-04 11:55:24,0.0,586.0,411.0,19.6,19.0
2024-01-04 12:05:24,5.0,680.0,479.0,19.7,20.0
2024-01-04 12:15:23,2.0,525.0,562.0,19.8,21.0
2024-01-04 12:25:24,0.0,323.0,599.0,19.9,21.0
2024-01-04 12:35:23,0.0,333.0,593.0,19.8,21.0
2024-01-04 12:45:23,0.0,343.0,606.0,19.8,21.0
2024-01-04 12:55:23,0.0,333.0,596.0,19.8,21.0
2024-01-04 13:05:23,3.0,198.0,593.0,19.7,21.0
2024-01-04 13:15:23,0.0,249.0,588.0,19.8,21.0
2024-01-04 13:25:23,0.0,202.0,585.0,19.8,21.0
2024-01-04 13:35:23,0.0,188.0,587.0,19.8,21.0
2024-01-04 13:45:23,0.0,161.0,586.0,19.8,21.0
2024-01-04 13:55:23,2.0,107.0,603.0,19.8,21.0
2024-01-04 14:05:23,0.0,90.0,589.0,19.8,21.0
2024-01-04 14:15:23,0.0,74.0,594.0,19.8,20.0
2024-01-04 14:25:23,2.0,53.0,592.0,19.8,20.0
2024-01-04 14:35:23,7.0,33.0,572.0,19.8,20.0
2024-01-04 14:45:23,0.0,23.0,495.0,19.7,20.0
2024-01-04 14:55:23,0.0,13.0,458.0,19.6,20.0
2024-01-04 15:05:23,6.0,353.0,542.0,19.6,20.0
2024-01-04 15:15:23,2.0,346.0,634.0,19.9,21.0
2024-01-04 15:25:23,0.0,343.0,678.0,20.0,22.0
2024-01-04 15:35:23,0.0,343.0,696.0,20.0,22.0
2024-01-04 15:45:22,0.0,343.0,703.0,20.0,22.0
2024-01-04 15:55:22,8.0,333.0,752.0,20.0,22.0
2024-01-04 16:05:22,22.0,0.0,763.0,19.9,23.0
2024-01-04 16:15:22,0.0,0.0,735.0,19.7,24.0
2024-01-04 16:25:22,0.0,0.0,726.0,19.6,24.0
2024-01-04 16:35:22,0.0,0.0,713.0,19.6,25.0
2024-01-04 16:45:22,0.0,0.0,720.0,19.6,25.0
2024-01-04 16:55:22,0.0,0.0,707.0,19.5,26.0
2024-01-04 17:05:22,0.0,0.0,712.0,19.5,26.0
2024-01-04 17:15:22,0.0,0.0,708.0,19.5,26.0
2024-01-04 17:25:22,0.0,0.0,700.0,19.5,26.0
2024-01-04 17:35:22,0.0,0.0,700.0,19.5,27.0
2024-01-04 17:45:22,0.0,0.0,692.0,19.5,27.0
2024-01-04 17:55:22,0.0,0.0,696.0,19.5,27.0
2024-01-04 18:05:22,0.0,0.0,690.0,19.5,27.0
2024-01-04 18:15:22,0.0,0.0,690.0,19.5,27.0
2024-01-04 18:25:22,0.0,0.0,692.0,19.5,27.0
2024-01-04 18:35:22,0.0,0.0,684.0,19.5,27.0
2024-01-04 18:45:22,0.0,0.0,686.0,19.5,27.0
2024-01-04 18:55:22,0.0,0.0,671.0,19.4,27.0
2024-01-04 19:05:22,0.0,0.0,666.0,19.4,27.0
2024-01-04 19:15:22,0.0,0.0,650.0,19.4,27.0
2024-01-04 19:25:21,0.0,0.0,643.0,19.4,27.0
2024-01-04 19:35:21,0.0,0.0,621.0,19.5,26.0
2024-01-04 19:45:21,0.0,0.0,619.0,19.5,26.0
2024-01-04 19:55:21,0.0,0.0,606.0,19.5,26.0
2024-01-04 20:05:22,0.0,0.0,603.0,19.5,26.0
2024-01-04 20:15:21,0.0,0.0,591.0,19.5,26.0
2024-01-04 20:25:21,0.0,0.0,597.0,19.5,26.0
2024-01-04 20:35:21,0.0,3.0,593.0,19.5,26.0
2024-01-04 20:45:22,0.0,0.0,580.0,19.5,26.0
2024-01-04 20:55:21,0.0,0.0,576.0,19.4,26.0
2024-01-04 21:05:21,0.0,0.0,579.0,19.4,26.0
2024-01-04 21:15:21,0.0,0.0,567.0,19.4,26.0
2024-01-04 21:25:21,0.0,0.0,572.0,19.4,26.0
2024-01-04 21:35:21,0.0,0.0,559.0,19.5,26.0
2024-01-04 21:45:21,0.0,0.0,562.0,19.4,26.0
2024-01-04 21:55:21,0.0,0.0,559.0,19.5,26.0
2024-01-04 22:05:21,0.0,0.0,559.0,19.4,26.0
2024-01-04 22:15:21,0.0,0.0,556.0,19.4,26.0
2024-01-04 22:25:21,0.0,0.0,560.0,19.4,26.0
2024-01-04 22:35:21,0.0,0.0,555.0,19.5,26.0
2024-01-04 22:45:21,0.0,3.0,549.0,19.4,26.0
2024-01-04 22:55:21,0.0,0.0,548.0,19.4,26.0
2024-01-04 23:05:21,0.0,0.0,558.0,19.4,26.0
2024-01-04 23:15:20,0.0,0.0,555.0,19.4,26.0
2024-01-04 23:25:20,0.0,0.0,562.0,19.4,26.0
2024-01-04 23:35:20,0.0,0.0,564.0,19.4,26.0
2024-01-04 23:45:20,0.0,0.0,565.0,19.4,26.0
2024-01-04 23:55:20,0.0,3.0,563.0,19.4,26.0
2024-01-05 00:05:20,0.0,0.0,569.0,19.4,26.0
2024-01-05 00:15:20,0.0,0.0,570.0,19.4,26.0
2024-01-05 00:25:20,0.0,0.0,574.0,19.4,26.0
2024-01-05 00:35:20,0.0,0.0,578.0,19.3,26.0
2024-01-05 00:45:20,0.0,0.0,580.0,19.4,26.0
2024-01-05 00:55:20,0.0,0.0,585.0,19.4,26.0
2024-01-05 01:05:20,0.0,0.0,588.0,19.4,26.0
2024-01-05 01:15:20,0.0,0.0,580.0,19.4,26.0
2024-01-05 01:25:20,0.0,0.0,585.0,19.4,26.0
2024-01-05 01:35:20,0.0,0.0,590.0,19.3,26.0
2024-01-05 01:45:20,0.0,0.0,578.0,19.4,26.0
2024-01-05 01:55:20,0.0,0.0,579.0,19.3,26.0
2024-01-05 02:05:20,0.0,0.0,580.0,19.3,26.0
2024-01-05 02:15:20,0.0,0.0,578.0,19.3,26.0
2024-01-05 02:25:20,0.0,0.0,589.0,19.3,26.0
2024-01-05 02:35:20,0.0,0.0,574.0,19.3,26.0
2024-01-05 02:45:19,0.0,0.0,584.0,19.3,26.0
2024-01-05 02:55:19,0.0,0.0,581.0,19.3,26.0
2024-01-05 03:05:19,0.0,0.0,587.0,19.3,26.0
2024-01-05 03:15:19,0.0,0.0,582.0,19.3,25.0
2024-01-05 03:25:20,0.0,0.0,577.0,19.3,26.0
2024-01-05 03:35:19,0.0,0.0,586.0,19.3,25.0
2024-01-05 03:45:19,0.0,0.0,576.0,19.3,26.0
2024-01-05 03:55:19,0.0,0.0,577.0,19.3,25.0
2024-01-05 04:05:19,0.0,0.0,570.0,19.3,25.0
2024-01-05 04:15:19,0.0,0.0,573.0,19.3,25.0
2024-01-05 04:25:19,0.0,0.0,565.0,19.2,25.0
2024-01-05 04:35:19,0.0,0.0,563.0,19.2,25.0
2024-01-05 04:45:19,0.0,0.0,561.0,19.2,25.0
2024-01-05 04:55:19,0.0,0.0,558.0,19.2,25.0
2024-01-05 05:05:19,0.0,0.0,561.0,19.2,25.0
2024-01-05 05:15:19,0.0,0.0,567.0,19.2,25.0
2024-01-05 05:25:19,0.0,0.0,559.0,19.2,25.0
2024-01-05 05:35:19,0.0,0.0,549.0,19.2,25.0
2024-01-05 05:45:19,0.0,0.0,553.0,19.2,25.0
2024-01-05 05:55:19,0.0,0.0,547.0,19.2,25.0
2024-01-05 06:05:19,0.0,0.0,551.0,19.2,25.0
2024-01-05 06:15:19,0.0,0.0,556.0,19.2,25.0
2024-01-05 06:25:18,0.0,0.0,578.0,19.2,25.0
2024-01-05 06:35:18,0.0,0.0,577.0,19.2,25.0
2024-01-05 06:45:18,0.0,0.0,582.0,19.2,25.0
2024-01-05 06:55:18,0.0,0.0,581.0,19.2,25.0
2024-01-05 07:05:18,0.0,0.0,524.0,19.2,23.0
2024-01-05 07:15:18,0.0,3.0,461.0,19.2,20.0
2024-01-05 07:25:18,0.0,6.0,447.0,19.2,18.0
2024-01-05 07:35:18,0.0,13.0,426.0,19.3,17.0
2024-01-05 07:45:18,0.0,20.0,420.0,19.2,16.0
2024-01-05 07:55:18,0.0,30.0,425.0,19.2,16.0
2024-01-05 08:05:18,0.0,50.0,416.0,19.2,16.0
2024-01-05 08:15:18,0.0,67.0,415.0,19.2,15.0
2024-01-05 08:25:18,0.0,80.0,418.0,19.3,15.0
2024-01-05 08:35:18,0.0,94.0,423.0,19.3,15.0
2024-01-05 08:45:18,0.0,101.0,419.0,19.3,15.0
2024-01-05 08:55:18,0.0,124.0,418.0,19.3,15.0
2024-01-05 09:05:18,0.0,144.0,422.0,19.3,15.0
2024-01-05 09:15:18,0.0,154.0,418.0,19.3,15.0
2024-01-05 09:25:18,0.0,175.0,423.0,19.3,15.0
2024-01-05 09:35:18,0.0,191.0,411.0,19.3,15.0
2024-01-05 09:45:18,0.0,239.0,422.0,19.3,15.0
2024-01-05 09:55:18,0.0,293.0,416.0,19.3,15.0
2024-01-05 10:05:18,0.0,360.0,425.0,19.4,15.0
2024-01-05 10:15:17,0.0,498.0,427.0,19.4,15.0
2024-01-05 10:25:17,0.0,3930.0,422.0,19.5,15.0
2024-01-05 10:35:17,0.0,670.0,424.0,19.6,15.0
2024-01-05 10:45:17,0.0,528.0,421.0,19.5,15.0
2024-01-05 10:55:17,0.0,1030.0,426.0,19.5,15.0
2024-01-05 11:05:17,0.0,943.0,425.0,19.6,15.0
2024-01-05 11:15:17,0.0,639.0,421.0,19.5,15.0
2024-01-05 11:25:17,0.0,794.0,426.0,19.5,15.0
2024-01-05 11:35:17,0.0,491.0,429.0,19.5,15.0
2024-01-05 11:45:17,0.0,848.0,429.0,19.5,15.0
2024-01-05 11:55:17,0.0,522.0,421.0,19.5,16.0
2024-01-05 12:05:17,0.0,434.0,432.0,19.5,15.0
2024-01-05 12:15:17,0.0,373.0,433.0,19.5,15.0
2024-01-05 12:25:17,0.0,346.0,427.0,19.5,15.0
2024-01-05 12:35:17,0.0,330.0,427.0,19.5,15.0
2024-01-05 12:45:17,0.0,306.0,435.0,19.4,15.0
2024-01-05 12:55:17,0.0,289.0,426.0,19.5,15.0
2024-01-05 13:05:17,0.0,262.0,427.0,19.5,15.0
2024-01-05 13:15:17,0.0,215.0,426.0,19.5,16.0
2024-01-05 13:25:17,0.0,191.0,420.0,19.4,16.0
2024-01-05 13:35:17,0.0,165.0,434.0,19.4,16.0
2024-01-05 13:45:16,0.0,151.0,433.0,19.4,16.0
2024-01-05 13:55:16,0.0,131.0,430.0,19.4,16.0
2024-01-05 14:05:16,0.0,107.0,429.0,19.4,16.0
2024-01-05 14:15:16,0.0,87.0,431.0,19.4,16.0
2024-01-05 14:25:16,0.0,63.0,426.0,19.4,16.0
2024-01-05 14:35:16,0.0,37.0,433.0,19.4,16.0
2024-01-05 14:45:16,0.0,16.0,426.0,19.3,16.0
2024-01-05 14:55:16,0.0,10.0,430.0,19.4,16.0
2024-01-05 15:05:16,0.0,3.0,427.0,19.4,16.0
2024-01-05 15:15:16,0.0,3.0,435.0,19.4,16.0
2024-01-05 15:25:16,0.0,0.0,439.0,19.4,16.0
2024-01-05 15:35:16,0.0,0.0,447.0,19.4,16.0
2024-01-05 15:45:16,0.0,0.0,446.0,19.4,16.0
2024-01-05 15:55:16,0.0,0.0,431.0,19.4,16.0
2024-01-05 16:05:16,0.0,0.0,476.0,19.3,16.0
2024-01-05 16:15:16,0.0,0.0,527.0,19.2,18.0
2024-01-05 16:25:16,0.0,0.0,569.0,19.2,19.0
2024-01-05 16:35:16,0.0,0.0,585.0,19.2,21.0
2024-01-05 16:45:16,0.0,0.0,601.0,19.2,21.0
2024-01-05 16:55:16,0.0,0.0,608.0,19.2,22.0
2024-01-05 17:05:16,0.0,0.0,600.0,19.2,22.0
2024-01-05 17:15:16,0.0,0.0,604.0,19.2,23.0
2024-01-05 17:25:15,0.0,0.0,601.0,19.2,23.0
2024-01-05 17:35:15,0.0,0.0,590.0,19.2,23.0
2024-01-05 17:45:16,0.0,0.0,583.0,19.2,23.0
2024-01-05 17:55:15,0.0,0.0,571.0,19.2,23.0
2024-01-05 18:05:15,0.0,0.0,572.0,19.2,23.0
2024-01-05 18:15:15,0.0,0.0,572.0,19.2,24.0
2024-01-05 18:25:15,0.0,0.0,562.0,19.1,24.0
2024-01-05 18:35:15,0.0,0.0,557.0,19.1,24.0
2024-01-05 18:45:15,0.0,0.0,550.0,19.1,24.0
2024-01-05 18:55:16,0.0,0.0,548.0,19.1,24.0
2024-01-05 19:05:15,0.0,0.0,539.0,19.1,24.0
2024-01-05 19:15:15,0.0,0.0,547.0,19.2,24.0
2024-01-05 19:25:15,0.0,0.0,538.0,19.2,24.0
2024-01-05 19:35:15,0.0,0.0,525.0,19.2,24.0
2024-01-05 19:45:15,0.0,0.0,535.0,19.3,24.0
2024-01-05 19:55:15,0.0,0.0,527.0,19.2,24.0
2024-01-05 20:05:15,0.0,0.0,513.0,19.3,24.0
2024-01-05 20:15:15,0.0,0.0,521.0,19.2,24.0
2024-01-05 20:25:15,0.0,0.0,517.0,19.3,24.0
2024-01-05 20:35:15,0.0,0.0,511.0,19.2,24.0
2024-01-05 20:45:15,0.0,0.0,510.0,19.2,24.0
2024-01-05 20:55:15,0.0,0.0,503.0,19.2,24.0
2024-01-05 21:05:14,0.0,0.0,499.0,19.2,24.0
2024-01-05 21:15:14,0.0,0.0,499.0,19.2,24.0
2024-01-05 21:25:14,0.0,0.0,488.0,19.2,24.0
2024-01-05 21:35:14,0.0,0.0,486.0,19.2,24.0
2024-01-05 21:45:14,0.0,0.0,482.0,19.2,24.0
2024-01-05 21:55:14,0.0,0.0,478.0,19.2,24.0
2024-01-05 22:05:14,0.0,0.0,476.0,19.2,24.0
2024-01-05 22:15:14,0.0,0.0,479.0,19.2,24.0
2024-01-05 22:25:14,0.0,0.0,472.0,19.2,24.0
2024-01-05 22:35:14,0.0,0.0,482.0,19.3,24.0
2024-01-05 22:45:14,0.0,0.0,478.0,19.3,24.0
2024-01-05 22:55:14,0.0,0.0,480.0,19.2,24.0
2024-01-05 23:05:14,0.0,0.0,465.0,19.2,24.0
2024-01-05 23:15:14,0.0,0.0,475.0,19.2,25.0
2024-01-05 23:25:14,0.0,0.0,454.0,19.2,25.0
2024-01-05 23:35:14,0.0,0.0,462.0,19.2,25.0
2024-01-05 23:45:14,0.0,0.0,464.0,19.3,25.0
2024-01-05 23:55:14,0.0,0.0,455.0,19.2,25.0
2024-01-06 00:05:14,0.0,0.0,458.0,19.2,25.0
2024-01-06 00:15:14,0.0,0.0,452.0,19.3,25.0
2024-01-06 00:25:14,0.0,0.0,456.0,19.2,25.0
2024-01-06 00:35:14,0.0,0.0,450.0,19.3,25.0
2024-01-06 00:45:13,0.0,0.0,456.0,19.2,25.0
2024-01-06 00:55:13,0.0,0.0,446.0,19.2,25.0
2024-01-06 01:05:13,0.0,0.0,452.0,19.2,25.0
2024-01-06 01:15:13,0.0,0.0,456.0,19.2,25.0
2024-01-06 01:25:13,0.0,0.0,445.0,19.2,25.0
2024-01-06 01:35:13,0.0,0.0,444.0,19.2,25.0
2024-01-06 01:45:13,0.0,0.0,448.0,19.3,25.0
2024-01-06 01:55:13,0.0,0.0,437.0,19.2,25.0
2024-01-06 02:05:13,0.0,0.0,436.0,19.2,25.0
2024-01-06 02:15:13,0.0,0.0,432.0,19.2,25.0
2024-01-06 02:25:13,0.0,0.0,443.0,19.3,25.0
2024-01-06 02:35:13,0.0,0.0,440.0,19.3,25.0
2024-01-06 02:45:13,0.0,0.0,441.0,19.3,25.0
2024-01-06 02:55:13,0.0,0.0,437.0,19.2,25.0
2024-01-06 03:05:13,0.0,0.0,447.0,19.2,25.0
2024-01-06 03:15:13,0.0,0.0,436.0,19.3,25.0
2024-01-06 03:25:13,0.0,0.0,439.0,19.3,25.0
2024-01-06 03:35:13,0.0,0.0,436.0,19.3,25.0
2024-01-06 03:45:13,0.0,0.0,436.0,19.3,25.0
2024-01-06 03:55:13,0.0,0.0,440.0,19.4,25.0
2024-01-06 04:05:13,0.0,0.0,437.0,19.3,25.0
2024-01-06 04:15:13,0.0,0.0,429.0,19.3,25.0
2024-01-06 04:25:12,0.0,0.0,433.0,19.3,25.0
2024-01-06 04:35:13,0.0,0.0,437.0,19.3,25.0
2024-01-06 04:45:12,0.0,0.0,428.0,19.3,25.0
2024-01-06 04:55:12,0.0,0.0,431.0,19.3,25.0
2024-01-06 05:05:12,0.0,0.0,440.0,19.4,25.0
2024-01-06 05:15:12,0.0,0.0,429.0,19.3,25.0
2024-01-06 05:25:12,0.0,0.0,429.0,19.4,24.0
2024-01-06 05:35:12,0.0,0.0,435.0,19.4,25.0
2024-01-06 05:45:12,0.0,0.0,436.0,19.3,25.0
2024-01-06 05:55:12,0.0,0.0,435.0,19.4,25.0
2024-01-06 06:05:12,0.0,0.0,434.0,19.3,24.0
2024-01-06 06:15:12,0.0,0.0,431.0,19.3,25.0
2024-01-06 06:25:12,0.0,0.0,423.0,19.3,24.0
2024-01-06 06:35:12,0.0,0.0,427.0,19.2,24.0
2024-01-06 06:45:12,0.0,0.0,426.0,19.3,24.0
2024-01-06 06:55:12,0.0,0.0,431.0,19.2,24.0
2024-01-06 07:05:12,0.0,0.0,431.0,19.2,24.0
2024-01-06 07:15:12,0.0,0.0,432.0,19.3,24.0
2024-01-06 07:25:12,0.0,3.0,424.0,19.3,24.0
2024-01-06 07:35:12,0.0,3.0,433.0,19.2,24.0
2024-01-06 07:45:12,0.0,10.0,422.0,19.2,24.0
2024-01-06 07:55:12,0.0,13.0,427.0,19.2,24.0
2024-01-06 08:05:11,0.0,20.0,430.0,19.2,24.0
2024-01-06 08:15:11,0.0,33.0,426.0,19.2,24.0
2024-01-06 08:25:11,0.0,47.0,423.0,19.2,24.0
2024-01-06 08:35:11,0.0,47.0,423.0,19.2,24.0
2024-01-06 08:45:11,0.0,74.0,422.0,19.2,24.0
2024-01-06 08:55:11,0.0,94.0,426.0,19.2,24.0
2024-01-06 09:05:11,0.0,168.0,426.0,19.2,24.0
2024-01-06 09:15:11,0.0,191.0,432.0,19.2,24.0
2024-01-06 09:25:11,0.0,333.0,423.0,19.2,24.0
2024-01-06 09:35:11,0.0,286.0,422.0,19.2,24.0
2024-01-06 09:45:11,0.0,495.0,430.0,19.3,24.0
2024-01-06 09:55:11,0.0,478.0,424.0,19.3,24.0
2024-01-06 10:05:11,0.0,879.0,424.0,19.3,24.0
2024-01-06 10:15:11,0.0,461.0,431.0,19.5,24.0
2024-01-06 10:25:11,13.0,1445.0,422.0,19.8,24.0
2024-01-06 10:35:11,9.0,1168.0,427.0,19.7,24.0
2024-01-06 10:45:11,0.0,650.0,427.0,19.6,24.0
2024-01-06 10:55:11,0.0,1721.0,422.0,19.7,24.0
2024-01-06 11:05:11,11.0,1300.0,422.0,19.8,24.0
2024-01-06 11:15:11,0.0,1013.0,417.0,19.6,24.0
2024-01-06 11:25:11,0.0,1455.0,421.0,19.6,24.0
2024-01-06 11:35:11,0.0,1327.0,428.0,19.6,24.0
2024-01-06 11:45:10,0.0,1222.0,432.0,19.7,24.0
2024-01-06 11:55:10,0.0,906.0,421.0,19.6,24.0
2024-01-06 12:05:10,0.0,1077.0,424.0,19.6,24.0
2024-01-06 12:15:10,0.0,555.0,419.0,19.5,24.0
2024-01-06 12:25:10,0.0,542.0,421.0,19.5,24.0
2024-01-06 12:35:10,0.0,276.0,420.0,19.5,24.0
2024-01-06 12:45:10,0.0,252.0,425.0,19.4,24.0
2024-01-06 12:55:10,0.0,242.0,420.0,19.4,24.0
2024-01-06 13:05:10,0.0,242.0,421.0,19.3,24.0
2024-01-06 13:15:10,0.0,225.0,417.0,19.4,24.0
2024-01-06 13:25:10,0.0,202.0,416.0,19.4,24.0
2024-01-06 13:35:10,0.0,188.0,419.0,19.4,24.0
2024-01-06 13:45:10,0.0,154.0,424.0,19.3,24.0
2024-01-06 13:55:10,0.0,127.0,413.0,19.3,24.0
2024-01-06 14:05:10,0.0,97.0,419.0,19.4,24.0
2024-01-06 14:15:10,0.0,70.0,418.0,19.4,24.0
2024-01-06 14:25:10,0.0,50.0,425.0,19.3,24.0
2024-01-06 14:35:10,0.0,37.0,413.0,19.3,24.0
2024-01-06 14:45:10,0.0,26.0,423.0,19.3,24.0
2024-01-06 14:55:10,0.0,13.0,420.0,19.2,24.0
2024-01-06 15:05:10,0.0,6.0,421.0,19.2,24.0
2024-01-06 15:15:10,0.0,3.0,417.0,19.2,24.0
2024-01-06 15:25:09,0.0,0.0,418.0,19.2,24.0
2024-01-06 15:35:09,0.0,0.0,411.0,19.3,24.0
2024-01-06 15:45:09,0.0,0.0,423.0,19.2,24.0
2024-01-06 15:55:09,0.0,0.0,416.0,19.2,24.0
2024-01-06 16:05:09,0.0,0.0,421.0,19.2,24.0
2024-01-06 16:15:09,0.0,0.0,412.0,19.2,24.0
2024-01-06 16:25:09,0.0,0.0,415.0,19.2,24.0
2024-01-06 16:35:09,0.0,0.0,420.0,19.2,24.0
2024-01-06 16:45:09,0.0,0.0,420.0,19.2,24.0
2024-01-06 16:55:09,0.0,0.0,425.0,19.2,24.0
2024-01-06 17:05:09,0.0,0.0,411.0,19.2,24.0
2024-01-06 17:15:09,0.0,0.0,413.0,19.2,24.0
2024-01-06 17:25:09,0.0,0.0,418.0,19.2,24.0
2024-01-06 17:35:09,0.0,0.0,416.0,19.2,24.0
2024-01-06 17:45:09,0.0,0.0,419.0,19.3,24.0
2024-01-06 17:55:09,0.0,0.0,420.0,19.2,24.0
2024-01-06 18:05:09,0.0,0.0,412.0,19.2,24.0
2024-01-06 18:15:09,0.0,0.0,417.0,19.2,24.0
2024-01-06 18:25:09,0.0,0.0,416.0,19.2,24.0
2024-01-06 18:35:09,0.0,0.0,420.0,19.2,24.0
2024-01-06 18:45:09,0.0,0.0,424.0,19.2,24.0
2024-01-06 18:55:09,0.0,0.0,416.0,19.2,24.0
2024-01-06 19:05:08,0.0,0.0,419.0,19.2,24.0
2024-01-06 19:15:08,0.0,0.0,407.0,19.2,24.0
2024-01-06 19:25:08,0.0,0.0,416.0,19.3,24.0
2024-01-06 19:35:08,0.0,0.0,419.0,19.3,24.0
2024-01-06 19:45:08,0.0,0.0,409.0,19.3,23.0
2024-01-06 19:55:08,0.0,0.0,412.0,19.3,23.0
2024-01-06 20:05:08,0.0,0.0,414.0,19.4,23.0
2024-01-06 20:15:08,0.0,0.0,412.0,19.4,23.0
2024-01-06 20:25:08,0.0,0.0,410.0,19.4,23.0
2024-01-06 20:35:08,0.0,0.0,413.0,19.4,23.0
2024-01-06 20:45:08,0.0,0.0,416.0,19.3,23.0
2024-01-06 20:55:08,0.0,0.0,417.0,19.3,23.0
2024-01-06 21:05:08,0.0,0.0,408.0,19.4,23.0
2024-01-06 21:15:08,0.0,0.0,413.0,19.4,23.0
2024-01-06 21:25:08,0.0,0.0,414.0,19.3,23.0
2024-01-06 21:35:08,0.0,0.0,422.0,19.4,23.0
2024-01-06 21:45:08,0.0,0.0,414.0,19.3,23.0
2024-01-06 21:55:08,0.0,0.0,414.0,19.4,23.0
2024-01-06 22:05:08,0.0,0.0,417.0,19.4,23.0
2024-01-06 22:15:08,0.0,0.0,408.0,19.4,23.0
2024-01-06 22:25:08,0.0,0.0,413.0,19.3,23.0
2024-01-06 22:35:08,0.0,0.0,407.0,19.3,23.0
2024-01-06 22:45:07,0.0,0.0,418.0,19.4,23.0
2024-01-06 22:55:08,0.0,0.0,415.0,19.4,23.0
2024-01-06 23:05:07,0.0,0.0,414.0,19.4,23.0
2024-01-06 23:15:08,0.0,0.0,413.0,19.3,23.0
2024-01-06 23:25:07,0.0,0.0,418.0,19.4,23.0
2024-01-06 23:35:07,0.0,0.0,414.0,19.4,23.0
2024-01-06 23:45:07,0.0,0.0,419.0,19.4,23.0
2024-01-06 23:55:07,0.0,0.0,416.0,19.4,23.0
2024-01-07 00:05:07,0.0,0.0,418.0,19.4,23.0
2024-01-07 00:15:07,0.0,0.0,420.0,19.4,23.0
2024-01-07 00:25:07,0.0,0.0,421.0,19.4,23.0
2024-01-07 00:35:07,0.0,0.0,413.0,19.4,23.0
2024-01-07 00:45:07,0.0,0.0,414.0,19.4,23.0
2024-01-07 00:55:07,0.0,0.0,422.0,19.3,23.0
2024-01-07 01:05:07,0.0,0.0,414.0,19.4,23.0
2024-01-07 01:15:07,0.0,0.0,417.0,19.4,23.0
2024-01-07 01:25:07,0.0,0.0,419.0,19.4,23.0
2024-01-07 01:35:07,0.0,0.0,414.0,19.4,23.0
2024-01-07 01:45:07,0.0,0.0,418.0,19.4,23.0
2024-01-07 01:55:07,0.0,0.0,415.0,19.5,23.0
2024-01-07 02:05:07,0.0,0.0,418.0,19.4,23.0
2024-01-07 02:15:07,0.0,0.0,416.0,19.4,23.0
2024-01-07 02:25:06,0.0,0.0,406.0,19.4,23.0
2024-01-07 02:35:06,0.0,0.0,418.0,19.4,23.0
2024-01-07 02:45:06,0.0,0.0,410.0,19.4,23.0
2024-01-07 02:55:06,0.0,0.0,414.0,19.4,23.0
2024-01-07 03:05:06,0.0,0.0,418.0,19.4,23.0
2024-01-07 03:15:06,0.0,0.0,415.0,19.4,23.0
2024-01-07 03:25:06,0.0,0.0,417.0,19.4,23.0
2024-01-07 03:35:06,0.0,0.0,418.0,19.4,23.0
2024-01-07 03:45:06,0.0,0.0,418.0,19.4,23.0
2024-01-07 03:55:06,0.0,0.0,422.0,19.4,23.0
2024-01-07 04:05:06,0.0,0.0,423.0,19.4,23.0
2024-01-07 04:15:06,0.0,0.0,425.0,19.4,22.0
2024-01-07 04:25:06,0.0,0.0,419.0,19.4,22.0
2024-01-07 04:35:06,0.0,0.0,417.0,19.5,22.0
2024-01-07 04:45:06,0.0,0.0,416.0,19.4,22.0
2024-01-07 04:55:06,0.0,0.0,417.0,19.4,22.0
2024-01-07 05:05:06,0.0,0.0,417.0,19.4,22.0
2024-01-07 05:15:06,0.0,0.0,417.0,19.4,22.0
2024-01-07 05:25:06,0.0,0.0,411.0,19.5,22.0
2024-01-07 05:35:06,0.0,0.0,410.0,19.4,22.0
2024-01-07 05:45:06,0.0,0.0,413.0,19.4,22.0
2024-01-07 05:55:05,0.0,0.0,412.0,19.4,22.0
2024-01-07 06:05:05,0.0,0.0,415.0,19.4,22.0
2024-01-07 06:15:05,0.0,0.0,417.0,19.4,22.0
2024-01-07 06:25:05,0.0,0.0,415.0,19.4,22.0
2024-01-07 06:35:05,0.0,0.0,416.0,19.4,22.0
2024-01-07 06:45:05,0.0,0.0,412.0,19.3,22.0
2024-01-07 06:55:05,0.0,0.0,412.0,19.3,22.0
2024-01-07 07:05:05,0.0,0.0,415.0,19.3,23.0
2024-01-07 07:15:05,0.0,3.0,416.0,19.3,22.0
2024-01-07 07:25:05,0.0,3.0,414.0,19.3,22.0
2024-01-07 07:35:05,0.0,10.0,413.0,19.3,22.0
2024-01-07 07:45:05,0.0,16.0,417.0,19.2,22.0
2024-01-07 07:55:05,0.0,16.0,413.0,19.3,22.0
2024-01-07 08:05:05,0.0,26.0,410.0,19.3,23.0
2024-01-07 08:15:05,0.0,30.0,411.0,19.3,23.0
2024-01-07 08:25:05,0.0,37.0,414.0,19.3,23.0
2024-01-07 08:35:05,0.0,43.0,417.0,19.2,23.0
2024-01-07 08:45:05,0.0,50.0,410.0,19.2,23.0
2024-01-07 08:55:05,0.0,63.0,414.0,19.2,23.0
2024-01-07 09:05:05,0.0,101.0,413.0,19.2,23.0
2024-01-07 09:15:05,0.0,181.0,411.0,19.2,23.0
2024-01-07 09:25:05,0.0,215.0,418.0,19.3,23.0
2024-01-07 09:35:05,0.0,242.0,404.0,19.2,23.0
2024-01-07 09:45:04,0.0,296.0,415.0,19.2,23.0
2024-01-07 09:55:05,0.0,582.0,410.0,19.3,23.0
2024-01-07 10:05:04,0.0,724.0,417.0,19.3,23.0
2024-01-07 10:15:04,0.0,1030.0,414.0,19.4,23.0
2024-01-07 10:25:04,0.0,198.0,416.0,19.4,23.0
2024-01-07 10:35:04,0.0,144.0,416.0,19.3,23.0
2024-01-07 10:45:04,0.0,134.0,415.0,19.2,23.0
2024-01-07 10:55:04,0.0,185.0,423.0,19.2,23.0
2024-01-07 11:05:04,0.0,161.0,412.0,19.2,23.0
2024-01-07 11:15:04,0.0,131.0,415.0,19.2,23.0
2024-01-07 11:25:04,0.0,117.0,415.0,19.2,23.0
2024-01-07 11:35:04,0.0,107.0,422.0,19.2,23.0
2024-01-07 11:45:04,0.0,111.0,420.0,19.2,23.0
2024-01-07 11:55:04,0.0,111.0,416.0,19.1,23.0
2024-01-07 12:05:04,0.0,117.0,419.0,19.2,23.0
2024-01-07 12:15:04,0.0,111.0,410.0,19.2,23.0
2024-01-07 12:25:04,0.0,131.0,414.0,19.2,23.0
2024-01-07 12:35:04,0.0,154.0,415.0,19.2,23.0
2024-01-07 12:45:04,0.0,134.0,424.0,19.2,23.0
2024-01-07 12:55:04,0.0,107.0,416.0,19.2,23.0
2024-01-07 13:05:04,0.0,94.0,419.0,19.1,23.0
2024-01-07 13:15:04,0.0,80.0,427.0,19.1,23.0
2024-01-07 13:25:03,0.0,74.0,420.0,19.1,23.0
2024-01-07 13:35:03,0.0,63.0,423.0,19.2,23.0
2024-01-07 13:45:03,0.0,57.0,423.0,19.2,23.0
2024-01-07 13:55:03,0.0,43.0,421.0,19.2,23.0
2024-01-07 14:05:03,0.0,30.0,418.0,19.2,23.0
2024-01-07 14:15:03,0.0,26.0,423.0,19.2,23.0
2024-01-07 14:25:03,0.0,20.0,425.0,19.2,23.0
2024-01-07 14:35:03,0.0,13.0,419.0,19.2,23.0
2024-01-07 14:45:03,0.0,10.0,421.0,19.2,23.0
2024-01-07 14:55:03,0.0,6.0,411.0,19.2,23.0
2024-01-07 15:05:03,0.0,3.0,422.0,19.2,23.0
2024-01-07 15:15:03,0.0,0.0,417.0,19.2,23.0
2024-01-07 15:25:03,0.0,0.0,418.0,19.2,24.0
2024-01-07 15:35:03,0.0,0.0,426.0,19.2,23.0
2024-01-07 15:45:03,0.0,0.0,425.0,19.2,24.0
2024-01-07 15:55:03,0.0,0.0,421.0,19.2,23.0
2024-01-07 16:05:03,0.0,0.0,418.0,19.1,24.0
2024-01-07 16:15:03,0.0,0.0,418.0,19.2,24.0
2024-01-07 16:25:03,0.0,0.0,416.0,19.2,24.0
2024-01-07 16:35:03,0.0,0.0,420.0,19.1,24.0
2024-01-07 16:45:03,0.0,0.0,419.0,19.2,24.0
2024-01-07 16:55:03,0.0,0.0,422.0,19.1,23.0
2024-01-07 17:05:02,0.0,0.0,418.0,19.1,23.0
2024-01-07 17:15:02,0.0,0.0,419.0,19.2,23.0
2024-01-07 17:25:02,0.0,0.0,420.0,19.1,23.0
2024-01-07 17:35:02,0.0,0.0,420.0,19.1,23.0
2024-01-07 17:45:02,0.0,0.0,422.0,19.2,23.0
2024-01-07 17:55:02,0.0,0.0,417.0,19.1,23.0
2024-01-07 18:05:02,0.0,0.0,413.0,19.1,23.0
2024-01-07 18:15:02,0.0,0.0,413.0,19.1,23.0
2024-01-07 18:25:02,0.0,0.0,417.0,19.1,23.0
2024-01-07 18:35:02,0.0,0.0,407.0,19.2,23.0
2024-01-07 18:45:02,0.0,0.0,425.0,19.1,23.0
2024-01-07 18:55:02,0.0,0.0,416.0,19.1,23.0
2024-01-07 19:05:02,0.0,0.0,417.0,19.2,23.0
2024-01-07 19:15:02,0.0,0.0,418.0,19.2,23.0
2024-01-07 19:25:02,0.0,0.0,422.0,19.3,23.0
2024-01-07 19:35:02,0.0,0.0,412.0,19.3,23.0
2024-01-07 19:45:03,0.0,0.0,411.0,19.3,23.0
2024-01-07 19:55:02,0.0,0.0,419.0,19.3,23.0
2024-01-07 20:05:02,0.0,0.0,423.0,19.2,23.0
2024-01-07 20:15:02,0.0,0.0,418.0,19.3,23.0
2024-01-07 20:25:02,0.0,0.0,420.0,19.4,23.0
2024-01-07 20:35:02,0.0,0.0,423.0,19.4,23.0
2024-01-07 20:45:01,0.0,0.0,419.0,19.3,23.0
2024-01-07 20:55:01,0.0,0.0,411.0,19.4,23.0
2024-01-07 21:05:01,0.0,0.0,421.0,19.4,23.0
2024-01-07 21:15:01,0.0,0.0,417.0,19.3,23.0
2024-01-07 21:25:01,0.0,0.0,418.0,19.3,23.0
2024-01-07 21:35:01,0.0,0.0,420.0,19.4,23.0
2024-01-07 21:45:01,0.0,0.0,423.0,19.4,23.0
2024-01-07 21:55:01,0.0,0.0,411.0,19.4,23.0
2024-01-07 22:05:01,0.0,0.0,420.0,19.4,23.0
2024-01-07 22:15:01,0.0,0.0,418.0,19.4,23.0
2024-01-07 22:25:01,0.0,0.0,418.0,19.4,23.0
2024-01-07 22:35:01,0.0,0.0,413.0,19.4,23.0
2024-01-07 22:45:01,0.0,0.0,420.0,19.4,23.0
2024-01-07 22:55:02,0.0,0.0,419.0,19.4,23.0
2024-01-07 23:05:01,0.0,0.0,424.0,19.4,23.0
2024-01-07 23:15:01,0.0,0.0,405.0,19.4,23.0
2024-01-07 23:25:01,0.0,0.0,416.0,19.5,23.0
2024-01-07 23:35:01,0.0,0.0,418.0,19.4,23.0
2024-01-07 23:45:01,0.0,0.0,417.0,19.4,23.0
2024-01-07 23:55:01,0.0,0.0,417.0,19.4,23.0
2024-01-08 00:05:01,0.0,0.0,414.0,19.4,23.0
2024-01-08 00:15:00,0.0,0.0,422.0,19.4,23.0
2024-01-08 00:25:01,0.0,0.0,414.0,19.5,23.0
2024-01-08 00:35:00,0.0,0.0,422.0,19.5,23.0
2024-01-08 00:45:00,0.0,0.0,412.0,19.5,23.0
2024-01-08 00:55:00,0.0,0.0,416.0,19.4,23.0
2024-01-08 01:05:00,0.0,0.0,414.0,19.4,23.0
2024-01-08 01:15:00,0.0,0.0,412.0,19.4,23.0
2024-01-08 01:25:00,0.0,0.0,421.0,19.4,23.0
2024-01-08 01:35:00,0.0,0.0,413.0,19.4,23.0
2024-01-08 01:45:00,0.0,0.0,416.0,19.4,23.0
2024-01-08 01:55:00,0.0,0.0,415.0,19.4,23.0
2024-01-08 02:05:00,0.0,0.0,419.0,19.4,23.0
2024-01-08 02:15:00,0.0,0.0,416.0,19.4,23.0
2024-01-08 02:25:00,0.0,0.0,416.0,19.4,23.0
2024-01-08 02:35:00,0.0,0.0,412.0,19.4,23.0
2024-01-08 02:45:00,0.0,0.0,411.0,19.5,23.0
2024-01-08 02:55:00,0.0,0.0,428.0,19.5,23.0
2024-01-08 03:05:00,0.0,0.0,410.0,19.5,23.0
2024-01-08 03:15:00,0.0,0.0,417.0,19.5,23.0
2024-01-08 03:25:00,0.0,0.0,415.0,19.5,23.0
2024-01-08 03:35:00,0.0,0.0,412.0,19.5,23.0
2024-01-08 03:45:00,0.0,0.0,422.0,19.5,23.0
2024-01-08 03:54:59,0.0,0.0,415.0,19.5,23.0
2024-01-08 04:04:59,0.0,0.0,418.0,19.6,23.0
2024-01-08 04:14:59,0.0,0.0,419.0,19.6,23.0
2024-01-08 04:24:59,0.0,0.0,414.0,19.5,22.0
2024-01-08 04:34:59,0.0,0.0,417.0,19.6,22.0
2024-01-08 04:44:59,0.0,0.0,418.0,19.6,22.0
2024-01-08 04:54:59,0.0,0.0,410.0,19.6,22.0
2024-01-08 05:04:59,0.0,0.0,412.0,19.6,22.0
2024-01-08 05:14:59,0.0,0.0,417.0,19.6,22.0
2024-01-08 05:24:59,0.0,0.0,418.0,19.6,22.0
2024-01-08 05:34:59,0.0,0.0,416.0,19.6,22.0
2024-01-08 05:44:59,0.0,0.0,421.0,19.6,22.0
2024-01-08 05:54:59,0.0,0.0,412.0,19.6,22.0
2024-01-08 06:04:59,0.0,0.0,422.0,19.6,22.0
2024-01-08 06:14:59,0.0,0.0,419.0,19.6,22.0
2024-01-08 06:24:59,0.0,0.0,415.0,19.5,22.0
2024-01-08 06:34:59,0.0,0.0,418.0,19.5,22.0
2024-01-08 06:44:59,0.0,0.0,425.0,19.5,22.0
2024-01-08 06:54:59,0.0,0.0,424.0,19.4,23.0
2024-01-08 07:04:59,0.0,0.0,425.0,19.5,21.0
2024-01-08 07:14:59,12.0,346.0,478.0,19.6,20.0
2024-01-08 07:24:59,14.0,350.0,612.0,19.6,21.0
2024-01-08 07:34:59,0.0,357.0,503.0,19.6,19.0
2024-01-08 07:44:58,0.0,367.0,475.0,19.7,18.0
2024-01-08 07:54:58,0.0,380.0,448.0,19.8,17.0
2024-01-08 08:04:58,0.0,394.0,442.0,19.7,17.0
2024-01-08 08:14:58,0.0,404.0,439.0,19.7,17.0
2024-01-08 08:24:58,4.0,421.0,454.0,19.7,17.0
2024-01-08 08:34:58,0.0,434.0,440.0,19.7,17.0
2024-01-08 08:44:58,0.0,451.0,448.0,19.7,17.0
2024-01-08 08:54:58,0.0,464.0,450.0,19.6,17.0
2024-01-08 09:04:58,0.0,488.0,436.0,19.7,17.0
2024-01-08 09:14:58,0.0,532.0,451.0,19.7,17.0
2024-01-08 09:24:58,0.0,602.0,446.0,19.7,17.0
2024-01-08 09:34:58,0.0,687.0,436.0,19.7,18.0
2024-01-08 09:44:58,0.0,838.0,444.0,19.8,18.0
2024-01-08 09:54:58,0.0,993.0,444.0,19.9,18.0
2024-01-08 10:04:58,0.0,1158.0,447.0,20.0,18.0
2024-01-08 10:14:58,0.0,1424.0,450.0,20.2,18.0
2024-01-08 10:24:58,0.0,27647.0,434.0,21.2,17.0
2024-01-08 10:34:58,0.0,2010.0,436.0,21.1,17.0
2024-01-08 10:44:58,0.0,1882.0,432.0,20.6,17.0
2024-01-08 10:54:58,0.0,2236.0,432.0,20.7,17.0
2024-01-08 11:04:58,0.0,10058.0,424.0,21.2,17.0
2024-01-08 11:14:57,0.0,2122.0,435.0,20.7,17.0
2024-01-08 11:24:57,0.0,2010.0,428.0,20.7,17.0
2024-01-08 11:34:57,0.0,1909.0,436.0,20.6,18.0
2024-01-08 11:44:57,0.0,1798.0,440.0,20.5,18.0
2024-01-08 11:54:57,0.0,1647.0,433.0,20.5,18.0
2024-01-08 12:04:57,0.0,1421.0,436.0,20.5,18.0
2024-01-08 12:14:57,0.0,1212.0,439.0,20.4,18.0
2024-01-08 12:24:57,0.0,865.0,451.0,20.3,18.0
2024-01-08 12:34:57,0.0,589.0,477.0,20.3,18.0
2024-01-08 12:44:57,0.0,545.0,478.0,20.2,18.0
2024-01-08 12:54:57,0.0,515.0,464.0,20.2,19.0
2024-01-08 13:04:57,0.0,501.0,467.0,20.2,19.0
2024-01-08 13:14:57,0.0,488.0,474.0,20.1,19.0
2024-01-08 13:24:57,0.0,481.0,473.0,20.1,19.0
2024-01-08 13:34:57,0.0,468.0,469.0,20.1,19.0
2024-01-08 13:44:57,0.0,458.0,475.0,20.0,19.0
2024-01-08 13:54:57,0.0,444.0,451.0,20.0,19.0
2024-01-08 14:04:57,0.0,431.0,461.0,20.0,19.0
2024-01-08 14:14:57,0.0,421.0,457.0,20.1,19.0
2024-01-08 14:24:57,0.0,404.0,453.0,20.0,19.0
2024-01-08 14:34:57,0.0,387.0,452.0,20.0,18.0
2024-01-08 14:44:57,0.0,373.0,433.0,20.0,18.0
2024-01-08 14:54:56,0.0,360.0,436.0,20.0,18.0
2024-01-08 15:04:56,0.0,353.0,444.0,20.0,18.0
2024-01-08 15:14:57,0.0,346.0,436.0,19.9,18.0
2024-01-08 15:24:57,0.0,343.0,441.0,20.0,17.0
2024-01-08 15:34:56,0.0,343.0,433.0,19.9,17.0
2024-01-08 15:44:56,0.0,343.0,445.0,20.0,17.0
2024-01-08 15:54:56,0.0,343.0,438.0,20.0,17.0
2024-01-08 16:04:56,0.0,343.0,470.0,20.0,18.0
2024-01-08 16:14:56,0.0,343.0,526.0,19.9,19.0
2024-01-08 16:24:56,0.0,343.0,573.0,19.8,20.0
2024-01-08 16:34:56,0.0,343.0,617.0,19.8,21.0
2024-01-08 16:44:56,0.0,343.0,641.0,19.8,21.0
2024-01-08 16:54:56,0.0,343.0,644.0,19.8,22.0
2024-01-08 17:04:56,0.0,343.0,650.0,19.8,22.0
2024-01-08 17:14:56,0.0,343.0,646.0,19.8,22.0
2024-01-08 17:24:56,0.0,343.0,648.0,19.8,23.0
2024-01-08 17:34:56,0.0,343.0,651.0,19.7,23.0
2024-01-08 17:44:56,0.0,340.0,648.0,19.7,23.0
2024-01-08 17:54:56,0.0,340.0,634.0,19.7,23.0
2024-01-08 18:04:56,0.0,343.0,636.0,19.7,23.0
2024-01-08 18:14:56,0.0,343.0,639.0,19.7,23.0
2024-01-08 18:24:56,0.0,343.0,633.0,19.8,23.0
2024-01-08 18:34:55,0.0,340.0,617.0,19.7,23.0
2024-01-08 18:44:55,0.0,343.0,606.0,19.7,23.0
2024-01-08 18:54:55,1.0,0.0,611.0,19.7,23.0
2024-01-08 19:04:55,0.0,0.0,602.0,19.7,23.0
2024-01-08 19:14:55,0.0,0.0,598.0,19.7,23.0
2024-01-08 19:24:55,0.0,0.0,592.0,19.8,23.0
2024-01-08 19:34:55,0.0,0.0,584.0,19.8,23.0
2024-01-08 19:44:55,0.0,0.0,579.0,19.7,23.0
2024-01-08 19:54:55,0.0,0.0,579.0,19.8,23.0
2024-01-08 20:04:55,0.0,0.0,564.0,19.8,23.0
2024-01-08 20:14:55,0.0,0.0,572.0,19.8,23.0
2024-01-08 20:24:55,0.0,0.0,564.0,19.8,23.0
2024-01-08 20:34:55,0.0,0.0,556.0,19.8,23.0
2024-01-08 20:44:55,0.0,0.0,550.0,19.8,23.0
2024-01-08 20:54:55,0.0,0.0,553.0,19.9,23.0
2024-01-08 21:04:55,0.0,0.0,541.0,19.8,23.0
2024-01-08 21:14:55,0.0,0.0,544.0,19.8,23.0
2024-01-08 21:24:55,0.0,0.0,529.0,19.8,23.0
2024-01-08 21:34:55,0.0,0.0,531.0,19.8,23.0
2024-01-08 21:44:55,0.0,0.0,537.0,19.8,23.0
2024-01-08 21:54:55,0.0,0.0,532.0,19.8,23.0
2024-01-08 22:04:55,0.0,0.0,527.0,19.8,23.0
2024-01-08 22:14:54,0.0,0.0,533.0,19.8,23.0
2024-01-08 22:24:54,0.0,0.0,517.0,19.8,23.0
2024-01-08 22:34:54,0.0,0.0,510.0,19.8,24.0
2024-01-08 22:44:54,0.0,0.0,515.0,19.8,24.0
2024-01-08 22:54:54,0.0,0.0,514.0,19.8,24.0
2024-01-08 23:04:55,0.0,0.0,512.0,19.8,24.0
2024-01-08 23:14:54,0.0,0.0,504.0,19.8,24.0
2024-01-08 23:24:54,0.0,0.0,513.0,19.8,24.0
2024-01-08 23:34:54,0.0,0.0,503.0,19.9,24.0
2024-01-08 23:44:54,0.0,0.0,499.0,19.8,24.0
2024-01-08 23:54:54,0.0,0.0,498.0,19.8,24.0
2024-01-09 00:04:54,0.0,0.0,502.0,19.8,24.0
2024-01-09 00:14:54,0.0,0.0,488.0,19.8,24.0
2024-01-09 00:24:54,0.0,0.0,490.0,19.8,24.0
2024-01-09 00:34:54,0.0,0.0,487.0,19.8,24.0
2024-01-09 00:44:54,0.0,0.0,486.0,19.8,24.0
2024-01-09 00:54:54,0.0,0.0,488.0,19.9,24.0
2024-01-09 01:04:54,0.0,0.0,479.0,19.8,24.0
2024-01-09 01:14:54,0.0,0.0,472.0,19.9,24.0
2024-01-09 01:24:54,0.0,0.0,489.0,19.9,24.0
2024-01-09 01:34:54,0.0,0.0,471.0,19.8,24.0
2024-01-09 01:44:54,0.0,0.0,469.0,19.8,24.0
2024-01-09 01:54:54,0.0,0.0,473.0,19.8,24.0
2024-01-09 02:04:53,0.0,0.0,458.0,19.8,24.0
2024-01-09 02:14:53,0.0,0.0,472.0,19.8,24.0
2024-01-09 02:24:53,0.0,0.0,477.0,19.8,24.0
2024-01-09 02:34:53,0.0,0.0,470.0,19.8,24.0
2024-01-09 02:44:53,0.0,0.0,466.0,19.8,24.0
2024-01-09 02:54:53,0.0,0.0,470.0,19.8,24.0
2024-01-09 03:04:53,0.0,0.0,466.0,19.8,24.0
2024-01-09 03:14:53,0.0,0.0,461.0,19.8,24.0
2024-01-09 03:24:53,0.0,0.0,474.0,19.9,24.0
2024-01-09 03:34:53,0.0,0.0,470.0,19.9,24.0
2024-01-09 03:44:53,0.0,0.0,451.0,19.9,24.0
2024-01-09 03:54:53,0.0,0.0,450.0,19.8,24.0
2024-01-09 04:04:53,0.0,0.0,463.0,19.8,24.0
2024-01-09 04:14:53,0.0,0.0,450.0,19.8,24.0
2024-01-09 04:24:53,0.0,0.0,448.0,19.8,24.0
2024-01-09 04:34:53,0.0,0.0,451.0,19.9,24.0
2024-01-09 04:44:53,0.0,0.0,449.0,19.9,24.0
2024-01-09 04:54:53,0.0,0.0,452.0,19.9,24.0
2024-01-09 05:04:53,0.0,0.0,448.0,19.9,24.0
2024-01-09 05:14:53,0.0,0.0,452.0,19.9,24.0
2024-01-09 05:24:53,0.0,0.0,454.0,19.9,24.0
2024-01-09 05:34:52,0.0,0.0,443.0,19.9,24.0
2024-01-09 05:44:52,0.0,0.0,450.0,19.9,24.0
2024-01-09 05:54:52,0.0,0.0,441.0,19.9,24.0
2024-01-09 06:04:52,0.0,0.0,438.0,19.9,24.0
2024-01-09 06:14:52,0.0,0.0,447.0,19.9,24.0
2024-01-09 06:24:52,0.0,0.0,448.0,19.8,25.0
2024-01-09 06:34:52,0.0,0.0,454.0,19.8,25.0
2024-01-09 06:44:52,0.0,0.0,452.0,19.8,25.0
2024-01-09 06:54:52,0.0,0.0,438.0,19.7,25.0
2024-01-09 07:04:52,0.0,0.0,438.0,19.8,24.0
2024-01-09 07:14:52,0.0,3.0,431.0,19.9,23.0
2024-01-09 07:24:52,0.0,3.0,424.0,19.9,23.0
2024-01-09 07:34:52,0.0,6.0,426.0,20.0,22.0
2024-01-09 07:44:52,0.0,10.0,425.0,20.0,22.0
2024-01-09 07:54:52,0.0,13.0,425.0,20.0,22.0
2024-01-09 08:04:52,0.0,20.0,429.0,20.0,22.0
2024-01-09 08:14:52,0.0,26.0,429.0,20.0,22.0
2024-01-09 08:24:52,0.0,33.0,425.0,19.9,22.0
2024-01-09 08:34:52,0.0,40.0,431.0,20.0,22.0
2024-01-09 08:44:52,0.0,47.0,423.0,19.9,22.0
2024-01-09 08:54:52,0.0,53.0,435.0,19.9,22.0
2024-01-09 09:04:52,0.0,60.0,439.0,19.9,22.0
2024-01-09 09:14:51,0.0,63.0,439.0,20.0,23.0
2024-01-09 09:24:51,0.0,63.0,441.0,20.0,23.0
2024-01-09 09:34:51,0.0,70.0,432.0,20.0,23.0
2024-01-09 09:44:51,0.0,74.0,432.0,20.0,23.0
2024-01-09 09:54:51,0.0,80.0,436.0,20.0,22.0
2024-01-09 10:04:51,0.0,87.0,433.0,20.0,22.0
2024-01-09 10:14:51,0.0,101.0,442.0,20.0,22.0
2024-01-09 10:24:51,0.0,104.0,437.0,20.0,23.0
2024-01-09 10:34:51,0.0,107.0,439.0,20.0,23.0
2024-01-09 10:44:51,0.0,101.0,435.0,20.1,22.0
2024-01-09 10:54:51,0.0,101.0,429.0,20.1,23.0
2024-01-09 11:04:51,0.0,97.0,430.0,20.1,23.0
2024-01-09 11:24:51,0.0,104.0,442.0,20.1,23.0
2024-01-09 11:34:51,0.0,111.0,441.0,20.1,23.0
2024-01-09 11:44:51,0.0,107.0,440.0,20.0,23.0
2024-01-09 11:54:51,0.0,127.0,440.0,20.1,23.0
2024-01-09 12:04:51,0.0,138.0,443.0,20.1,23.0
2024-01-09 12:14:51,0.0,138.0,435.0,20.1,23.0
2024-01-09 12:24:51,0.0,104.0,442.0,20.1,23.0
2024-01-09 12:34:51,0.0,107.0,446.0,20.1,23.0
2024-01-09 12:44:51,0.0,104.0,450.0,20.2,23.0
2024-01-09 12:54:50,0.0,138.0,448.0,20.2,23.0
2024-01-09 13:04:50,0.0,198.0,435.0,20.2,23.0
2024-01-09 13:14:50,0.0,188.0,435.0,20.2,23.0
2024-01-09 13:24:50,0.0,138.0,438.0,20.2,23.0
2024-01-09 13:34:50,0.0,114.0,438.0,20.2,23.0
2024-01-09 13:44:50,0.0,124.0,436.0,20.2,23.0
2024-01-09 13:54:50,0.0,101.0,434.0,20.1,23.0
2024-01-09 14:04:50,0.0,107.0,435.0,20.1,23.0
2024-01-09 14:14:50,0.0,107.0,442.0,20.1,23.0
2024-01-09 14:24:50,0.0,74.0,434.0,20.2,23.0
2024-01-09 14:34:50,0.0,43.0,452.0,20.2,23.0
2024-01-09 14:44:50,0.0,20.0,447.0,20.2,23.0
2024-01-09 14:54:50,0.0,10.0,441.0,20.2,23.0
2024-01-09 15:04:50,0.0,6.0,437.0,20.2,23.0
2024-01-09 15:14:50,0.0,3.0,435.0,20.2,23.0
2024-01-09 15:24:50,0.0,3.0,440.0,20.2,23.0
2024-01-09 15:34:50,0.0,3.0,443.0,20.2,23.0
2024-01-09 15:44:50,0.0,0.0,441.0,20.2,23.0
2024-01-09 15:54:50,0.0,0.0,431.0,20.2,23.0
2024-01-09 16:04:50,0.0,0.0,506.0,20.2,23.0
2024-01-09 16:14:50,0.0,0.0,605.0,20.1,24.0
2024-01-09 16:24:49,0.0,0.0,690.0,20.1,25.0
2024-01-09 16:34:49,0.0,0.0,725.0,20.1,26.0
2024-01-09 16:44:49,0.0,0.0,763.0,20.1,26.0
2024-01-09 16:54:49,0.0,0.0,806.0,20.0,27.0
2024-01-09 17:04:49,0.0,0.0,829.0,20.0,27.0
2024-01-09 17:14:49,0.0,0.0,822.0,20.0,27.0
2024-01-09 17:24:49,0.0,0.0,802.0,20.0,27.0
2024-01-09 17:34:49,0.0,0.0,797.0,20.0,28.0
2024-01-09 17:44:49,0.0,0.0,793.0,20.0,28.0
2024-01-09 17:54:49,0.0,0.0,779.0,20.0,28.0
2024-01-09 18:04:49,0.0,0.0,765.0,20.0,28.0
2024-01-09 18:14:49,0.0,0.0,752.0,20.0,28.0
2024-01-09 18:24:49,0.0,0.0,722.0,20.0,28.0
2024-01-09 18:34:49,0.0,0.0,726.0,19.9,28.0
2024-01-09 18:44:49,0.0,0.0,720.0,20.0,28.0
2024-01-09 18:54:49,0.0,0.0,702.0,19.9,28.0
2024-01-09 19:04:49,0.0,0.0,699.0,20.0,28.0
2024-01-09 19:14:49,0.0,0.0,680.0,20.1,28.0
2024-01-09 19:24:49,0.0,0.0,667.0,20.1,28.0
2024-01-09 19:34:49,0.0,0.0,661.0,20.1,27.0
2024-01-09 19:44:49,0.0,0.0,649.0,20.1,27.0
2024-01-09 19:54:49,0.0,0.0,628.0,20.2,27.0
2024-01-09 20:04:48,0.0,0.0,624.0,20.1,27.0
2024-01-09 20:14:48,0.0,0.0,608.0,20.1,27.0
2024-01-09 20:24:48,0.0,0.0,605.0,20.1,27.0
2024-01-09 20:34:48,0.0,0.0,595.0,20.1,27.0
2024-01-09 20:44:48,0.0,0.0,590.0,20.1,27.0
2024-01-09 20:54:48,0.0,0.0,577.0,20.1,27.0
2024-01-09 21:04:48,0.0,0.0,580.0,20.2,27.0
2024-01-09 21:14:48,0.0,0.0,572.0,20.1,27.0
2024-01-09 21:24:48,0.0,0.0,567.0,20.1,27.0
2024-01-09 21:34:48,0.0,0.0,565.0,20.1,27.0
2024-01-09 21:44:48,0.0,0.0,556.0,20.1,27.0
2024-01-09 21:54:48,0.0,0.0,548.0,20.1,27.0
2024-01-09 22:04:48,0.0,0.0,549.0,20.1,27.0
2024-01-09 22:14:48,0.0,0.0,557.0,20.1,27.0
2024-01-09 22:24:48,0.0,0.0,545.0,20.2,27.0
2024-01-09 22:34:48,0.0,0.0,533.0,20.2,27.0
2024-01-09 22:44:48,0.0,0.0,535.0,20.1,27.0
2024-01-09 22:54:48,0.0,0.0,535.0,20.1,27.0
2024-01-09 23:04:48,0.0,0.0,527.0,20.1,27.0
2024-01-09 23:14:48,0.0,0.0,524.0,20.2,27.0
2024-01-09 23:24:48,0.0,0.0,520.0,20.1,27.0
2024-01-09 23:34:48,0.0,0.0,514.0,20.1,27.0
2024-01-09 23:44:47,0.0,0.0,509.0,20.1,27.0
2024-01-09 23:54:47,0.0,0.0,511.0,20.1,27.0
2024-01-10 00:04:47,0.0,0.0,511.0,20.1,27.0
2024-01-10 00:14:47,0.0,0.0,516.0,20.2,27.0
2024-01-10 00:24:47,0.0,0.0,506.0,20.2,27.0
2024-01-10 00:34:47,0.0,0.0,511.0,20.2,27.0
2024-01-10 00:44:47,0.0,0.0,505.0,20.2,27.0
2024-01-10 00:54:47,0.0,0.0,500.0,20.2,27.0
2024-01-10 01:04:47,0.0,0.0,500.0,20.2,27.0
2024-01-10 01:14:47,0.0,0.0,493.0,20.2,27.0
2024-01-10 01:24:47,0.0,0.0,496.0,20.2,27.0
2024-01-10 01:34:47,0.0,0.0,495.0,20.2,27.0
2024-01-10 01:44:47,0.0,0.0,495.0,20.1,27.0
2024-01-10 01:54:47,0.0,0.0,496.0,20.2,27.0
2024-01-10 02:04:47,0.0,0.0,489.0,20.2,27.0
2024-01-10 02:14:47,0.0,0.0,487.0,20.2,27.0
2024-01-10 02:24:47,0.0,0.0,486.0,20.2,27.0
2024-01-10 02:34:47,0.0,0.0,475.0,20.2,27.0
2024-01-10 02:44:47,0.0,0.0,481.0,20.2,27.0
2024-01-10 02:54:47,0.0,0.0,475.0,20.2,27.0
2024-01-10 03:04:47,0.0,0.0,473.0,20.2,27.0
2024-01-10 03:14:47,0.0,0.0,482.0,20.2,27.0
2024-01-10 03:24:46,0.0,0.0,471.0,20.2,27.0
2024-01-10 03:34:46,0.0,0.0,474.0,20.2,28.0
2024-01-10 03:44:47,0.0,0.0,470.0,20.2,28.0
2024-01-10 03:54:46,0.0,0.0,478.0,20.2,27.0
2024-01-10 04:04:47,0.0,0.0,469.0,20.2,27.0
2024-01-10 04:14:46,0.0,0.0,475.0,20.2,27.0
2024-01-10 04:24:46,0.0,0.0,470.0,20.2,27.0
2024-01-10 04:34:46,0.0,0.0,467.0,20.2,27.0
2024-01-10 04:44:46,0.0,0.0,469.0,20.3,27.0
2024-01-10 04:54:46,0.0,0.0,466.0,20.2,27.0
2024-01-10 05:04:46,0.0,0.0,464.0,20.3,27.0
2024-01-10 05:14:46,0.0,0.0,455.0,20.3,27.0
2024-01-10 05:24:46,0.0,0.0,453.0,20.2,27.0
2024-01-10 05:34:46,0.0,0.0,466.0,20.3,27.0
2024-01-10 05:44:46,0.0,0.0,458.0,20.3,27.0
2024-01-10 05:54:46,0.0,0.0,466.0,20.3,27.0
2024-01-10 06:04:46,0.0,0.0,460.0,20.3,27.0
2024-01-10 06:14:46,0.0,0.0,457.0,20.2,27.0
2024-01-10 06:24:46,0.0,0.0,459.0,20.2,27.0
2024-01-10 06:34:46,0.0,0.0,463.0,20.2,27.0
2024-01-10 06:44:46,0.0,0.0,466.0,20.2,27.0
2024-01-10 06:54:46,0.0,0.0,457.0,20.2,27.0
2024-01-10 07:04:45,0.0,0.0,442.0,20.1,27.0
2024-01-10 07:14:46,0.0,0.0,430.0,20.2,25.0
2024-01-10 07:24:45,0.0,3.0,431.0,20.2,25.0
2024-01-10 07:34:45,0.0,6.0,428.0,20.2,25.0
2024-01-10 07:44:45,0.0,10.0,430.0,20.2,24.0
2024-01-10 07:54:45,0.0,13.0,425.0,20.2,24.0
2024-01-10 08:04:45,0.0,16.0,431.0,20.2,24.0
2024-01-10 08:14:45,0.0,20.0,430.0,20.2,24.0
2024-01-10 08:24:45,0.0,30.0,428.0,20.2,24.0
2024-01-10 08:34:45,0.0,33.0,427.0,20.2,24.0
2024-01-10 08:44:45,0.0,37.0,428.0,20.2,24.0
2024-01-10 08:54:45,0.0,40.0,428.0,20.2,24.0
2024-01-10 09:04:45,0.0,50.0,426.0,20.2,24.0
2024-01-10 09:14:45,0.0,60.0,435.0,20.2,24.0
2024-01-10 09:24:45,0.0,60.0,423.0,20.2,24.0
2024-01-10 09:34:45,0.0,60.0,429.0,20.2,24.0
2024-01-10 09:44:45,0.0,63.0,427.0,20.3,24.0
2024-01-10 09:54:45,0.0,70.0,428.0,20.3,24.0
2024-01-10 10:04:45,0.0,77.0,444.0,20.3,24.0
2024-01-10 10:14:45,0.0,77.0,436.0,20.3,24.0
2024-01-10 10:24:45,0.0,84.0,437.0,20.3,24.0
2024-01-10 10:34:45,0.0,84.0,441.0,20.4,24.0
2024-01-10 10:44:44,0.0,90.0,442.0,20.4,24.0
2024-01-10 10:54:44,0.0,101.0,451.0,20.4,24.0
2024-01-10 11:04:44,0.0,101.0,438.0,20.3,24.0
2024-01-10 11:14:44,0.0,90.0,448.0,20.3,24.0
2024-01-10 11:24:44,1.0,94.0,535.0,20.4,25.0
2024-01-10 11:34:44,0.0,87.0,554.0,20.4,25.0
2024-01-10 11:44:44,0.0,90.0,549.0,20.4,25.0
2024-01-10 11:54:44,0.0,80.0,558.0,20.4,26.0
2024-01-10 12:04:44,0.0,84.0,576.0,20.4,26.0
2024-01-10 12:14:44,0.0,74.0,591.0,20.3,26.0
2024-01-10 12:24:44,0.0,84.0,575.0,20.4,26.0
2024-01-10 12:34:44,0.0,70.0,556.0,20.4,26.0
2024-01-10 12:44:44,0.0,70.0,612.0,20.4,26.0
2024-01-10 12:54:44,1.0,63.0,576.0,20.4,26.0
2024-01-10 13:04:44,0.0,57.0,507.0,20.3,25.0
2024-01-10 13:14:44,0.0,50.0,483.0,20.3,25.0
2024-01-10 13:24:44,0.0,47.0,483.0,20.3,25.0
2024-01-10 13:34:44,0.0,43.0,474.0,20.3,25.0
2024-01-10 13:44:44,0.0,33.0,460.0,20.3,25.0
2024-01-10 13:54:44,0.0,33.0,456.0,20.3,25.0
2024-01-10 14:04:44,0.0,26.0,464.0,20.3,25.0
2024-01-10 14:14:43,0.0,23.0,464.0,20.3,25.0
2024-01-10 14:24:43,0.0,16.0,465.0,20.3,25.0
2024-01-10 14:34:43,0.0,13.0,457.0,20.4,25.0
2024-01-10 14:44:43,0.0,10.0,455.0,20.3,25.0
2024-01-10 14:54:43,0.0,6.0,445.0,20.3,25.0
2024-01-10 15:04:43,0.0,3.0,435.0,20.3,25.0
2024-01-10 15:14:43,0.0,3.0,442.0,20.3,25.0
2024-01-10 15:24:43,0.0,3.0,438.0,20.4,24.0
2024-01-10 15:34:43,0.0,0.0,442.0,20.3,25.0
2024-01-10 15:44:43,0.0,0.0,433.0,20.3,24.0
2024-01-10 15:54:43,0.0,0.0,432.0,20.3,24.0
2024-01-10 16:04:43,0.0,0.0,465.0,20.3,25.0
2024-01-10 16:14:43,0.0,0.0,539.0,20.3,25.0
2024-01-10 16:24:43,0.0,0.0,593.0,20.3,26.0
2024-01-10 16:34:43,0.0,0.0,639.0,20.3,27.0
2024-01-10 16:44:43,0.0,0.0,658.0,20.2,27.0
2024-01-10 16:54:43,0.0,0.0,683.0,20.2,27.0
2024-01-10 17:04:43,0.0,0.0,688.0,20.2,28.0
2024-01-10 17:14:43,0.0,0.0,708.0,20.3,28.0
2024-01-10 17:24:43,0.0,0.0,703.0,20.3,28.0
2024-01-10 17:34:43,0.0,0.0,714.0,20.2,28.0
2024-01-10 17:44:43,0.0,0.0,720.0,20.2,28.0
2024-01-10 17:54:43,0.0,0.0,708.0,20.2,28.0
2024-01-10 18:04:42,0.0,0.0,717.0,20.2,28.0
2024-01-10 18:14:42,0.0,0.0,702.0,20.2,28.0
2024-01-10 18:24:42,0.0,0.0,695.0,20.1,28.0
2024-01-10 18:34:42,0.0,0.0,705.0,20.2,28.0
2024-01-10 18:44:43,0.0,0.0,707.0,20.2,28.0
2024-01-10 18:54:42,0.0,0.0,693.0,20.2,28.0
2024-01-10 19:04:42,0.0,0.0,680.0,20.2,28.0
2024-01-10 19:14:42,0.0,0.0,673.0,20.2,28.0
2024-01-10 19:24:42,0.0,0.0,663.0,20.2,28.0
2024-01-10 19:34:42,0.0,0.0,650.0,20.2,28.0
2024-01-10 19:44:42,0.0,0.0,650.0,20.3,28.0
2024-01-10 19:54:42,0.0,0.0,639.0,20.2,28.0
2024-01-10 20:04:42,0.0,0.0,628.0,20.2,28.0
2024-01-10 20:14:42,0.0,0.0,629.0,20.2,28.0
2024-01-10 20:24:42,0.0,0.0,625.0,20.3,28.0
2024-01-10 20:34:42,0.0,0.0,626.0,20.2,28.0
2024-01-10 20:44:42,0.0,0.0,619.0,20.2,28.0
2024-01-10 20:54:42,0.0,0.0,603.0,20.2,28.0
2024-01-10 21:04:42,0.0,0.0,599.0,20.2,28.0
2024-01-10 21:14:42,0.0,0.0,593.0,20.2,28.0
2024-01-10 21:24:42,0.0,0.0,592.0,20.3,28.0
2024-01-10 21:34:41,0.0,0.0,590.0,20.2,28.0
2024-01-10 21:44:41,0.0,0.0,581.0,20.2,28.0
2024-01-10 21:54:41,0.0,0.0,584.0,20.3,28.0
2024-01-10 22:04:41,0.0,0.0,576.0,20.2,28.0
2024-01-10 22:14:41,0.0,0.0,573.0,20.3,28.0
2024-01-10 22:24:41,0.0,0.0,565.0,20.3,28.0
2024-01-10 22:34:41,0.0,0.0,565.0,20.2,28.0
2024-01-10 22:44:41,0.0,0.0,559.0,20.3,28.0
2024-01-10 22:54:41,0.0,0.0,557.0,20.2,28.0
2024-01-10 23:04:41,0.0,0.0,552.0,20.2,28.0
2024-01-10 23:14:41,0.0,0.0,551.0,20.2,28.0
2024-01-10 23:24:41,0.0,0.0,541.0,20.2,28.0
2024-01-10 23:34:41,0.0,0.0,541.0,20.2,28.0
2024-01-10 23:44:41,0.0,0.0,540.0,20.2,28.0
2024-01-10 23:54:41,0.0,0.0,536.0,20.2,28.0
2024-01-11 00:04:41,0.0,0.0,531.0,20.2,28.0
2024-01-11 00:14:41,0.0,0.0,536.0,20.2,28.0
2024-01-11 00:24:41,0.0,0.0,532.0,20.2,28.0
2024-01-11 00:34:41,0.0,0.0,514.0,20.2,28.0
2024-01-11 00:44:41,0.0,0.0,529.0,20.2,28.0
2024-01-11 00:54:41,0.0,0.0,517.0,20.2,28.0
2024-01-11 01:04:41,0.0,0.0,527.0,20.2,28.0
2024-01-11 01:14:40,0.0,0.0,517.0,20.2,28.0
2024-01-11 01:24:40,0.0,0.0,517.0,20.2,28.0
2024-01-11 01:34:40,0.0,0.0,514.0,20.2,28.0
2024-01-11 01:44:40,0.0,0.0,505.0,20.2,28.0
2024-01-11 01:54:40,0.0,0.0,507.0,20.2,28.0
2024-01-11 02:04:40,0.0,0.0,498.0,20.2,28.0
2024-01-11 02:14:40,0.0,0.0,505.0,20.2,29.0
2024-01-11 02:24:40,0.0,0.0,515.0,20.2,28.0
2024-01-11 02:34:40,0.0,0.0,505.0,20.2,29.0
2024-01-11 02:44:40,0.0,0.0,507.0,20.2,29.0
2024-01-11 02:54:40,0.0,0.0,500.0,20.2,29.0
2024-01-11 03:04:40,0.0,0.0,489.0,20.2,29.0
2024-01-11 03:14:40,0.0,0.0,495.0,20.2,29.0
2024-01-11 03:24:40,0.0,0.0,483.0,20.2,29.0
2024-01-11 03:34:40,0.0,0.0,489.0,20.2,29.0
2024-01-11 03:44:40,0.0,0.0,491.0,20.2,29.0
2024-01-11 03:54:40,0.0,0.0,491.0,20.1,29.0
2024-01-11 04:04:40,0.0,0.0,489.0,20.2,29.0
2024-01-11 04:14:40,0.0,0.0,486.0,20.2,29.0
2024-01-11 04:24:40,0.0,0.0,483.0,20.2,29.0
2024-01-11 04:34:40,0.0,0.0,480.0,20.2,29.0
2024-01-11 04:44:40,0.0,0.0,480.0,20.3,29.0
2024-01-11 04:54:39,0.0,0.0,480.0,20.2,29.0
2024-01-11 05:04:39,0.0,0.0,470.0,20.2,29.0
2024-01-11 05:14:39,0.0,0.0,479.0,20.3,29.0
2024-01-11 05:24:40,0.0,0.0,474.0,20.2,29.0
2024-01-11 05:34:39,0.0,0.0,471.0,20.3,29.0
2024-01-11 05:44:39,0.0,0.0,465.0,20.2,29.0
2024-01-11 05:54:39,0.0,0.0,470.0,20.3,29.0
2024-01-11 06:04:39,0.0,0.0,463.0,20.3,29.0
2024-01-11 06:14:39,0.0,0.0,467.0,20.3,29.0
2024-01-11 06:24:39,0.0,0.0,480.0,20.2,29.0
2024-01-11 06:34:39,0.0,0.0,477.0,20.2,29.0
2024-01-11 06:44:39,0.0,0.0,472.0,20.2,29.0
2024-01-11 06:54:40,0.0,0.0,476.0,20.2,29.0
2024-01-11 07:04:39,0.0,0.0,461.0,20.2,28.0
2024-01-11 07:14:39,0.0,3.0,439.0,20.2,27.0
2024-01-11 07:24:39,0.0,6.0,425.0,20.2,27.0
2024-01-11 07:34:39,0.0,13.0,419.0,20.2,26.0
2024-01-11 07:44:39,0.0,23.0,422.0,20.2,26.0
2024-01-11 07:54:39,0.0,40.0,428.0,20.2,26.0
2024-01-11 08:04:39,0.0,53.0,428.0,20.2,26.0
2024-01-11 08:14:39,0.0,67.0,426.0,20.2,26.0
2024-01-11 08:24:39,0.0,80.0,428.0,20.3,25.0
2024-01-11 08:34:38,0.0,94.0,416.0,20.2,25.0
2024-01-11 08:44:38,0.0,104.0,425.0,20.2,25.0
2024-01-11 08:54:38,0.0,124.0,426.0,20.2,25.0
2024-01-11 09:04:38,0.0,158.0,429.0,20.2,25.0
2024-01-11 09:14:38,0.0,208.0,434.0,20.2,25.0
2024-01-11 09:24:38,11.0,306.0,522.0,20.3,26.0
2024-01-11 09:34:38,2.0,380.0,465.0,20.4,25.0
2024-01-11 09:44:38,0.0,559.0,461.0,20.5,25.0
2024-01-11 09:54:38,0.0,724.0,455.0,20.5,25.0
2024-01-11 10:04:38,0.0,946.0,454.0,20.6,25.0
2024-01-11 10:14:38,0.0,1185.0,469.0,20.7,25.0
2024-01-11 10:24:38,0.0,15727.0,472.0,21.2,25.0
2024-01-11 10:34:38,0.0,3685.0,445.0,21.5,24.0
2024-01-11 10:44:38,0.0,1707.0,459.0,21.1,24.0
2024-01-11 10:54:38,0.0,2135.0,470.0,21.0,25.0
2024-01-11 11:04:38,8.0,21975.0,499.0,21.6,24.0
2024-01-11 11:14:38,1.0,1909.0,511.0,21.2,25.0
2024-01-11 11:24:38,0.0,1576.0,474.0,21.1,25.0
2024-01-11 11:34:38,0.0,1795.0,458.0,21.0,25.0
2024-01-11 11:44:38,0.0,1677.0,446.0,20.9,25.0
2024-01-11 11:54:38,0.0,1711.0,453.0,20.9,25.0
2024-01-11 12:04:38,0.0,1441.0,480.0,20.9,25.0
2024-01-11 12:14:37,0.0,1215.0,475.0,20.9,25.0
2024-01-11 12:24:37,0.0,872.0,472.0,20.9,25.0
2024-01-11 12:34:38,0.0,525.0,469.0,20.8,25.0
2024-01-11 12:44:37,0.0,474.0,474.0,20.7,25.0
2024-01-11 12:54:37,0.0,191.0,480.0,20.7,26.0
2024-01-11 13:04:37,0.0,191.0,478.0,20.6,26.0
2024-01-11 13:14:37,0.0,168.0,501.0,20.6,26.0
2024-01-11 13:24:37,0.0,141.0,502.0,20.5,26.0
2024-01-11 13:34:37,0.0,117.0,491.0,20.6,26.0
2024-01-11 13:44:37,0.0,104.0,482.0,20.5,26.0
2024-01-11 13:54:37,0.0,101.0,489.0,20.5,26.0
2024-01-11 14:04:37,0.0,97.0,476.0,20.5,26.0
2024-01-11 14:14:37,0.0,84.0,471.0,20.5,26.0
2024-01-11 14:24:37,0.0,67.0,471.0,20.6,26.0
2024-01-11 14:34:37,0.0,50.0,470.0,20.5,26.0
2024-01-11 14:44:37,0.0,33.0,473.0,20.5,25.0
2024-01-11 14:54:37,0.0,20.0,464.0,20.5,25.0
2024-01-11 15:04:37,0.0,10.0,473.0,20.5,25.0
2024-01-11 15:14:37,0.0,6.0,470.0,20.5,25.0
2024-01-11 15:24:37,0.0,3.0,457.0,20.5,25.0
2024-01-11 15:34:37,0.0,0.0,463.0,20.5,25.0
2024-01-11 15:44:36,0.0,0.0,465.0,20.5,25.0
2024-01-11 15:54:36,2.0,0.0,559.0,20.5,26.0
2024-01-11 16:04:36,2.0,0.0,532.0,20.5,26.0
2024-01-11 16:14:36,0.0,0.0,531.0,20.5,26.0
2024-01-11 16:24:36,0.0,0.0,544.0,20.5,27.0
2024-01-11 16:34:36,0.0,0.0,531.0,20.4,27.0
2024-01-11 16:44:36,0.0,0.0,527.0,20.5,27.0
2024-01-11 16:54:36,0.0,0.0,520.0,20.4,27.0
2024-01-11 17:04:36,0.0,0.0,523.0,20.4,27.0
2024-01-11 17:14:36,0.0,0.0,507.0,20.5,27.0
2024-01-11 17:24:36,0.0,0.0,512.0,20.5,27.0
2024-01-11 17:34:36,0.0,0.0,505.0,20.4,27.0
2024-01-11 17:44:36,0.0,0.0,495.0,20.5,27.0
2024-01-11 17:54:36,0.0,0.0,498.0,20.4,27.0
2024-01-11 18:04:36,0.0,0.0,491.0,20.4,27.0
2024-01-11 18:14:36,0.0,0.0,488.0,20.5,27.0
2024-01-11 18:24:36,0.0,0.0,479.0,20.4,27.0
2024-01-11 18:34:36,0.0,0.0,480.0,20.4,27.0
2024-01-11 18:44:36,0.0,0.0,473.0,20.4,27.0
2024-01-11 18:54:36,0.0,0.0,472.0,20.4,27.0
2024-01-11 19:04:36,0.0,0.0,472.0,20.4,27.0
2024-01-11 19:14:36,0.0,0.0,467.0,20.4,27.0
2024-01-11 19:24:35,0.0,0.0,473.0,20.4,27.0
2024-01-11 19:34:35,0.0,0.0,478.0,20.4,27.0
2024-01-11 19:44:35,0.0,0.0,468.0,20.4,27.0
2024-01-11 19:54:35,0.0,0.0,469.0,20.4,27.0
2024-01-11 20:04:35,0.0,0.0,474.0,20.4,27.0
2024-01-11 20:14:35,0.0,0.0,467.0,20.4,27.0
2024-01-11 20:24:35,0.0,0.0,483.0,20.4,27.0
2024-01-11 20:34:35,0.0,0.0,485.0,20.4,27.0
2024-01-11 20:44:35,0.0,0.0,490.0,20.5,27.0
2024-01-11 20:54:35,0.0,0.0,486.0,20.4,27.0
2024-01-11 21:04:35,0.0,0.0,482.0,20.4,27.0
2024-01-11 21:14:35,0.0,0.0,485.0,20.4,27.0
2024-01-11 21:24:35,0.0,0.0,480.0,20.4,27.0
2024-01-11 21:34:35,0.0,0.0,481.0,20.4,27.0
2024-01-11 21:44:35,0.0,0.0,480.0,20.4,27.0
2024-01-11 21:54:35,0.0,0.0,473.0,20.4,27.0
2024-01-11 22:04:35,0.0,0.0,490.0,20.3,27.0
2024-01-11 22:14:35,0.0,0.0,479.0,20.3,27.0
2024-01-11 22:24:35,0.0,0.0,492.0,20.3,27.0
2024-01-11 22:34:35,0.0,0.0,477.0,20.4,27.0
2024-01-11 22:44:35,0.0,0.0,493.0,20.3,27.0
2024-01-11 22:54:35,0.0,0.0,503.0,20.3,27.0
2024-01-11 23:04:35,0.0,0.0,498.0,20.3,27.0
2024-01-11 23:14:35,0.0,0.0,499.0,20.3,27.0
2024-01-11 23:24:34,0.0,0.0,494.0,20.3,27.0
2024-01-11 23:34:34,0.0,0.0,500.0,20.3,27.0
2024-01-11 23:44:34,0.0,0.0,506.0,20.3,27.0
2024-01-11 23:54:34,0.0,0.0,504.0,20.3,27.0
2024-01-12 00:04:34,0.0,0.0,504.0,20.3,27.0
2024-01-12 00:14:34,0.0,0.0,493.0,20.3,27.0
2024-01-12 00:24:34,0.0,0.0,503.0,20.3,27.0
2024-01-12 00:34:34,0.0,0.0,495.0,20.3,27.0
2024-01-12 00:44:34,0.0,0.0,509.0,20.3,27.0
2024-01-12 00:54:34,0.0,0.0,496.0,20.3,27.0
2024-01-12 01:04:34,0.0,0.0,501.0,20.3,27.0
2024-01-12 01:14:34,0.0,0.0,498.0,20.3,27.0
2024-01-12 01:24:34,0.0,0.0,487.0,20.3,27.0
2024-01-12 01:34:34,0.0,0.0,488.0,20.2,27.0
2024-01-12 01:44:34,0.0,0.0,495.0,20.3,27.0
2024-01-12 01:54:34,0.0,0.0,496.0,20.2,27.0
2024-01-12 02:04:34,0.0,0.0,491.0,20.2,27.0
2024-01-12 02:14:34,0.0,0.0,496.0,20.2,27.0
2024-01-12 02:24:34,0.0,0.0,488.0,20.3,27.0
2024-01-12 02:34:34,0.0,0.0,486.0,20.2,27.0
2024-01-12 02:44:33,0.0,0.0,488.0,20.2,27.0
2024-01-12 02:54:33,0.0,0.0,491.0,20.2,27.0
2024-01-12 03:04:33,0.0,0.0,489.0,20.2,27.0
2024-01-12 03:14:33,0.0,0.0,484.0,20.2,27.0
2024-01-12 03:24:34,0.0,0.0,493.0,20.2,27.0
2024-01-12 03:34:33,0.0,0.0,485.0,20.2,27.0
2024-01-12 03:44:33,0.0,0.0,483.0,20.2,26.0
2024-01-12 03:54:33,0.0,0.0,485.0,20.2,26.0
2024-01-12 04:04:33,0.0,0.0,483.0,20.2,26.0
2024-01-12 04:14:33,0.0,0.0,485.0,20.2,26.0
2024-01-12 04:24:33,0.0,0.0,479.0,20.2,26.0
2024-01-12 04:34:33,0.0,0.0,481.0,20.2,26.0
2024-01-12 04:44:33,0.0,0.0,474.0,20.2,26.0
2024-01-12 04:54:33,0.0,0.0,474.0,20.2,26.0
2024-01-12 05:04:33,0.0,0.0,470.0,20.2,26.0
2024-01-12 05:14:33,0.0,0.0,475.0,20.2,26.0
2024-01-12 05:24:33,0.0,0.0,476.0,20.2,26.0
2024-01-12 05:34:33,0.0,0.0,477.0,20.2,26.0
2024-01-12 05:44:33,0.0,0.0,476.0,20.2,26.0
2024-01-12 05:54:33,0.0,0.0,474.0,20.2,26.0
2024-01-12 06:04:33,0.0,0.0,477.0,20.2,27.0
2024-01-12 06:14:33,0.0,0.0,471.0,20.1,27.0
2024-01-12 06:24:32,0.0,0.0,472.0,20.1,27.0
2024-01-12 06:34:32,0.0,0.0,477.0,20.1,27.0
2024-01-12 06:44:32,0.0,0.0,477.0,20.1,27.0
2024-01-12 06:54:32,0.0,0.0,481.0,20.1,27.0
2024-01-12 07:04:33,0.0,0.0,465.0,20.1,26.0
2024-01-12 07:14:32,0.0,3.0,454.0,20.1,24.0
2024-01-12 07:24:32,0.0,6.0,440.0,20.1,23.0
2024-01-12 07:34:32,0.0,16.0,443.0,20.2,23.0
2024-01-12 07:44:32,0.0,26.0,437.0,20.1,23.0
2024-01-12 07:54:32,0.0,40.0,432.0,20.1,23.0
2024-01-12 08:04:32,0.0,57.0,436.0,20.1,22.0
2024-01-12 08:14:32,0.0,70.0,443.0,20.1,22.0
2024-01-12 08:24:32,0.0,97.0,448.0,20.1,22.0
2024-01-12 08:34:32,0.0,138.0,434.0,20.1,23.0
2024-01-12 08:44:32,0.0,185.0,440.0,20.1,23.0
2024-01-12 08:54:32,0.0,232.0,433.0,20.1,23.0
2024-01-12 09:04:32,0.0,299.0,436.0,20.2,23.0
2024-01-12 09:14:32,0.0,309.0,436.0,20.2,23.0
2024-01-12 09:24:32,0.0,336.0,439.0,20.2,23.0
2024-01-12 09:34:32,0.0,303.0,441.0,20.3,24.0
2024-01-12 09:44:32,0.0,259.0,436.0,20.2,24.0
2024-01-12 09:54:32,9.0,340.0,460.0,20.2,24.0
2024-01-12 10:04:31,0.0,869.0,446.0,20.2,24.0
2024-01-12 10:14:31,0.0,1195.0,445.0,20.4,24.0
2024-01-12 10:24:31,0.0,6763.0,438.0,21.0,23.0
2024-01-12 10:34:31,3.0,202.0,438.0,21.0,23.0
2024-01-12 10:44:31,0.0,158.0,438.0,20.5,24.0
2024-01-12 10:54:31,0.0,124.0,440.0,20.4,24.0
2024-01-12 11:04:31,0.0,117.0,433.0,20.3,25.0
2024-01-12 11:14:31,1.0,114.0,524.0,20.3,26.0
2024-01-12 11:24:31,0.0,117.0,591.0,20.4,26.0
2024-01-12 11:34:31,4.0,90.0,591.0,20.5,27.0
2024-01-12 11:44:31,0.0,104.0,517.0,20.4,26.0
2024-01-12 11:54:31,0.0,97.0,477.0,20.3,26.0
2024-01-12 12:04:31,0.0,101.0,458.0,20.2,26.0
2024-01-12 12:14:31,0.0,104.0,447.0,20.3,26.0
2024-01-12 12:24:31,0.0,107.0,462.0,20.3,26.0
2024-01-12 12:34:31,0.0,57.0,455.0,20.3,26.0
2024-01-12 12:44:31,0.0,57.0,446.0,20.3,26.0
2024-01-12 12:54:31,0.0,57.0,440.0,20.3,26.0
2024-01-12 13:04:31,0.0,63.0,430.0,20.3,26.0
2024-01-12 13:14:31,0.0,53.0,432.0,20.2,26.0
2024-01-12 13:24:31,0.0,50.0,430.0,20.2,26.0
2024-01-12 13:34:30,0.0,47.0,454.0,20.2,26.0
2024-01-12 13:44:30,0.0,40.0,461.0,20.2,26.0
2024-01-12 13:54:30,0.0,30.0,450.0,20.2,25.0
2024-01-12 14:04:30,0.0,30.0,435.0,20.2,25.0
2024-01-12 14:14:30,0.0,30.0,438.0,20.2,25.0
2024-01-12 14:24:30,0.0,23.0,426.0,20.2,25.0
2024-01-12 14:34:30,0.0,16.0,433.0,20.2,25.0
2024-01-12 14:44:30,0.0,13.0,432.0,20.3,25.0
2024-01-12 14:54:30,0.0,6.0,428.0,20.2,25.0
2024-01-12 15:04:30,0.0,6.0,434.0,20.2,25.0
2024-01-12 15:14:30,0.0,3.0,431.0,20.2,25.0
2024-01-12 15:24:30,0.0,3.0,426.0,20.2,25.0
2024-01-12 15:34:30,0.0,0.0,427.0,20.2,25.0
2024-01-12 15:44:30,0.0,0.0,434.0,20.2,25.0
2024-01-12 15:54:30,0.0,0.0,427.0,20.2,25.0
2024-01-12 16:04:30,0.0,0.0,463.0,20.2,25.0
2024-01-12 16:14:30,0.0,0.0,568.0,20.2,26.0
2024-01-12 16:24:30,0.0,0.0,629.0,20.1,27.0
2024-01-12 16:34:30,0.0,0.0,673.0,20.1,27.0
2024-01-12 16:44:30,0.0,0.0,712.0,20.1,28.0
2024-01-12 16:54:30,0.0,0.0,727.0,20.1,28.0
2024-01-12 17:04:30,0.0,0.0,749.0,20.1,28.0
2024-01-12 17:14:29,0.0,0.0,756.0,20.1,28.0
2024-01-12 17:24:29,0.0,0.0,754.0,20.1,29.0
2024-01-12 17:34:29,0.0,0.0,753.0,20.1,29.0
2024-01-12 17:44:29,0.0,0.0,763.0,20.1,29.0
2024-01-12 17:54:29,0.0,0.0,758.0,20.1,29.0
2024-01-12 18:04:29,0.0,0.0,746.0,20.1,29.0
2024-01-12 18:14:29,0.0,0.0,743.0,20.1,29.0
2024-01-12 18:24:29,0.0,0.0,743.0,20.1,29.0
2024-01-12 18:34:29,0.0,0.0,726.0,20.1,29.0
2024-01-12 18:44:29,0.0,0.0,715.0,20.1,29.0
2024-01-12 18:54:29,0.0,0.0,719.0,20.1,29.0
2024-01-12 19:04:29,0.0,0.0,710.0,20.1,29.0
2024-01-12 19:14:29,0.0,0.0,705.0,20.1,29.0
2024-01-12 19:24:29,0.0,0.0,703.0,20.1,29.0
2024-01-12 19:34:29,0.0,0.0,688.0,20.1,29.0
2024-01-12 19:44:29,0.0,0.0,681.0,20.2,29.0
2024-01-12 19:54:29,0.0,0.0,676.0,20.1,29.0
2024-01-12 20:04:29,0.0,0.0,675.0,20.1,29.0
2024-01-12 20:14:29,0.0,0.0,655.0,20.1,29.0
2024-01-12 20:24:29,0.0,0.0,645.0,20.1,29.0
2024-01-12 20:34:29,0.0,0.0,643.0,20.1,29.0
2024-01-12 20:44:29,0.0,0.0,636.0,20.1,29.0
2024-01-12 20:54:29,0.0,0.0,628.0,20.1,29.0
2024-01-12 21:04:28,0.0,0.0,621.0,20.1,29.0
2024-01-12 21:14:28,0.0,0.0,615.0,20.1,29.0
2024-01-12 21:24:29,0.0,0.0,604.0,20.1,29.0
2024-01-12 21:34:28,0.0,0.0,607.0,20.0,29.0
2024-01-12 21:44:28,0.0,0.0,592.0,20.1,29.0
2024-01-12 21:54:28,0.0,0.0,588.0,20.1,29.0
2024-01-12 22:04:28,0.0,0.0,589.0,20.1,29.0
2024-01-12 22:14:28,0.0,0.0,573.0,20.1,29.0
2024-01-12 22:24:28,0.0,0.0,580.0,20.1,29.0
2024-01-12 22:34:28,0.0,0.0,567.0,20.0,29.0
2024-01-12 22:44:28,0.0,0.0,560.0,20.0,29.0
2024-01-12 22:54:28,0.0,0.0,569.0,20.0,29.0
2024-01-12 23:04:28,0.0,0.0,554.0,20.1,29.0
2024-01-12 23:14:28,0.0,0.0,553.0,20.0,29.0
2024-01-12 23:24:28,0.0,0.0,560.0,20.0,29.0
2024-01-12 23:34:28,0.0,0.0,550.0,20.0,29.0
2024-01-12 23:44:28,0.0,0.0,544.0,20.0,29.0
2024-01-12 23:54:28,0.0,0.0,547.0,20.0,29.0
2024-01-13 00:04:28,0.0,0.0,533.0,20.1,29.0
2024-01-13 00:14:28,0.0,0.0,547.0,20.0,29.0
2024-01-13 00:24:28,0.0,0.0,535.0,20.0,29.0
2024-01-13 00:34:28,0.0,0.0,539.0,20.0,29.0
2024-01-13 00:44:27,0.0,0.0,528.0,20.0,29.0
2024-01-13 00:54:27,0.0,0.0,529.0,20.0,29.0
2024-01-13 01:04:27,0.0,0.0,518.0,20.0,28.0
2024-01-13 01:14:27,0.0,0.0,520.0,20.0,29.0
2024-01-13 01:24:27,0.0,0.0,517.0,20.1,29.0
2024-01-13 01:34:27,0.0,0.0,506.0,20.1,28.0
2024-01-13 01:44:27,0.0,0.0,514.0,20.1,29.0
2024-01-13 01:54:27,0.0,0.0,503.0,20.0,29.0
2024-01-13 02:04:27,0.0,0.0,510.0,20.0,29.0
2024-01-13 02:14:27,0.0,0.0,501.0,20.1,29.0
2024-01-13 02:24:27,0.0,0.0,503.0,20.0,29.0
2024-01-13 02:34:27,0.0,0.0,502.0,20.0,29.0
2024-01-13 02:44:27,0.0,0.0,501.0,20.0,29.0
2024-01-13 02:54:27,0.0,0.0,509.0,20.0,29.0
2024-01-13 03:04:27,0.0,0.0,498.0,20.0,29.0
2024-01-13 03:14:27,0.0,0.0,496.0,20.0,29.0
2024-01-13 03:24:27,0.0,0.0,495.0,20.0,29.0
2024-01-13 03:34:27,0.0,0.0,495.0,19.9,29.0
2024-01-13 03:44:27,0.0,0.0,498.0,20.0,29.0
2024-01-13 03:54:27,0.0,0.0,492.0,20.0,29.0
2024-01-13 04:04:27,0.0,0.0,495.0,20.0,29.0
2024-01-13 04:14:26,0.0,0.0,486.0,20.0,29.0
2024-01-13 04:24:27,0.0,0.0,490.0,20.0,29.0
2024-01-13 04:34:27,0.0,0.0,490.0,20.0,29.0
2024-01-13 04:44:26,0.0,0.0,488.0,20.0,29.0
2024-01-13 04:54:26,0.0,0.0,491.0,20.0,29.0
2024-01-13 05:04:26,0.0,0.0,482.0,20.0,29.0
2024-01-13 05:14:26,0.0,0.0,479.0,20.0,29.0
2024-01-13 05:24:26,0.0,0.0,488.0,19.9,29.0
2024-01-13 05:34:26,0.0,0.0,486.0,19.9,29.0
2024-01-13 05:44:26,0.0,0.0,474.0,19.9,29.0
2024-01-13 05:54:26,0.0,0.0,481.0,20.0,29.0
2024-01-13 06:04:26,0.0,0.0,471.0,19.9,30.0
2024-01-13 06:14:26,0.0,0.0,485.0,19.9,30.0
2024-01-13 06:24:26,0.0,0.0,477.0,19.9,30.0
2024-01-13 06:34:26,0.0,0.0,488.0,19.9,30.0
2024-01-13 06:44:26,0.0,0.0,489.0,20.0,30.0
2024-01-13 06:54:26,0.0,0.0,483.0,19.9,30.0
2024-01-13 07:04:26,0.0,0.0,484.0,19.9,30.0
2024-01-13 07:14:26,0.0,0.0,485.0,19.9,30.0
2024-01-13 07:24:26,0.0,3.0,479.0,19.9,30.0
2024-01-13 07:34:26,0.0,3.0,470.0,19.9,30.0
2024-01-13 07:44:26,0.0,3.0,480.0,19.9,30.0
2024-01-13 07:54:25,0.0,6.0,478.0,19.9,30.0
2024-01-13 08:04:25,0.0,6.0,479.0,19.9,30.0
2024-01-13 08:14:25,0.0,10.0,465.0,19.9,30.0
2024-01-13 08:24:25,0.0,13.0,473.0,19.9,30.0
2024-01-13 08:34:25,0.0,16.0,470.0,19.9,30.0
2024-01-13 08:44:25,0.0,30.0,473.0,19.8,30.0
2024-01-13 08:54:25,0.0,67.0,472.0,19.8,30.0
2024-01-13 09:04:25,0.0,50.0,467.0,19.9,31.0
2024-01-13 09:14:25,0.0,50.0,471.0,19.8,30.0
2024-01-13 09:24:25,0.0,43.0,470.0,19.8,31.0
2024-01-13 09:34:25,0.0,26.0,482.0,19.9,31.0
2024-01-13 09:44:25,0.0,30.0,463.0,19.8,30.0
2024-01-13 09:54:25,0.0,33.0,469.0,19.8,31.0
2024-01-13 10:04:25,0.0,37.0,480.0,19.8,31.0
2024-01-13 10:14:25,0.0,37.0,471.0,19.8,31.0
2024-01-13 10:24:25,0.0,94.0,472.0,19.8,31.0
2024-01-13 10:34:25,0.0,90.0,467.0,19.9,31.0
2024-01-13 10:44:25,0.0,63.0,472.0,19.8,31.0
2024-01-13 10:54:25,0.0,43.0,469.0,19.9,31.0
2024-01-13 11:04:25,0.0,104.0,468.0,19.8,31.0
2024-01-13 11:14:25,0.0,67.0,464.0,19.9,31.0
2024-01-13 11:24:25,0.0,84.0,458.0,19.9,31.0
2024-01-13 11:34:24,0.0,33.0,468.0,19.9,31.0
2024-01-13 11:44:24,0.0,77.0,470.0,19.9,31.0
2024-01-13 11:54:24,0.0,53.0,455.0,19.9,31.0
2024-01-13 12:04:24,0.0,47.0,469.0,19.8,31.0
2024-01-13 12:14:24,0.0,63.0,467.0,19.8,31.0
2024-01-13 12:24:24,0.0,77.0,459.0,19.9,31.0
2024-01-13 12:34:24,0.0,107.0,466.0,19.9,31.0
2024-01-13 12:44:24,0.0,80.0,459.0,19.9,31.0
2024-01-13 12:54:24,0.0,50.0,467.0,19.9,31.0
2024-01-13 13:04:24,0.0,87.0,466.0,19.9,31.0
2024-01-13 13:14:24,0.0,124.0,458.0,19.8,31.0
2024-01-13 13:24:24,0.0,63.0,446.0,19.8,31.0
2024-01-13 13:34:24,0.0,53.0,461.0,19.9,31.0
2024-01-13 13:44:24,0.0,30.0,456.0,19.9,31.0
2024-01-13 13:54:24,0.0,33.0,456.0,19.8,31.0
2024-01-13 14:04:24,0.0,23.0,443.0,19.8,31.0
2024-01-13 14:14:24,0.0,23.0,457.0,19.8,31.0
2024-01-13 14:24:24,0.0,20.0,452.0,19.8,31.0
2024-01-13 14:34:24,0.0,16.0,450.0,19.8,31.0
2024-01-13 14:44:24,0.0,16.0,456.0,19.8,31.0
2024-01-13 14:54:24,0.0,6.0,451.0,19.8,31.0
2024-01-13 15:04:24,0.0,3.0,458.0,19.8,31.0
2024-01-13 15:14:24,0.0,3.0,455.0,19.8,31.0
2024-01-13 15:24:23,0.0,0.0,452.0,19.8,31.0
2024-01-13 15:34:23,0.0,0.0,452.0,19.8,32.0
2024-01-13 15:44:23,0.0,0.0,443.0,19.8,31.0
2024-01-13 15:54:23,0.0,0.0,450.0,19.8,31.0
2024-01-13 16:04:23,0.0,0.0,446.0,19.8,32.0
2024-01-13 16:14:23,0.0,0.0,452.0,19.8,31.0
2024-01-13 16:24:23,0.0,0.0,443.0,19.8,31.0
2024-01-13 16:34:23,0.0,0.0,448.0,19.8,31.0
2024-01-13 16:44:23,0.0,0.0,446.0,19.8,31.0
2024-01-13 16:54:23,0.0,0.0,445.0,19.8,31.0
2024-01-13 17:04:23,0.0,0.0,446.0,19.8,31.0
2024-01-13 17:14:23,0.0,0.0,446.0,19.8,31.0
2024-01-13 17:24:23,0.0,0.0,442.0,19.8,31.0
2024-01-13 17:34:23,0.0,0.0,437.0,19.8,31.0
2024-01-13 17:44:23,0.0,0.0,454.0,19.9,31.0
2024-01-13 17:54:23,0.0,0.0,441.0,19.8,31.0
2024-01-13 18:04:23,0.0,0.0,447.0,19.9,31.0
2024-01-13 18:14:23,0.0,0.0,442.0,19.8,31.0
2024-01-13 18:24:23,0.0,0.0,447.0,19.8,31.0
2024-01-13 18:34:23,0.0,0.0,443.0,19.8,31.0
2024-01-13 18:44:23,0.0,0.0,445.0,19.8,31.0
2024-01-13 18:54:22,0.0,0.0,440.0,19.8,31.0
2024-01-13 19:04:22,0.0,0.0,440.0,19.8,31.0
2024-01-13 19:14:22,0.0,0.0,438.0,19.8,31.0
2024-01-13 19:24:22,0.0,0.0,434.0,19.8,31.0
2024-01-13 19:34:23,0.0,0.0,442.0,19.8,31.0
2024-01-13 19:44:22,0.0,0.0,436.0,19.8,31.0
2024-01-13 19:54:22,0.0,0.0,440.0,19.9,31.0
2024-01-13 20:04:22,0.0,0.0,429.0,19.8,31.0
2024-01-13 20:14:22,0.0,0.0,442.0,19.9,31.0
2024-01-13 20:24:22,0.0,0.0,436.0,19.9,31.0
2024-01-13 20:34:22,0.0,0.0,432.0,19.9,31.0
2024-01-13 20:44:22,0.0,0.0,434.0,19.9,31.0
2024-01-13 20:54:22,0.0,0.0,433.0,19.9,31.0
2024-01-13 21:04:22,0.0,0.0,428.0,19.9,31.0
2024-01-13 21:14:22,0.0,0.0,431.0,19.9,31.0
2024-01-13 21:24:22,0.0,0.0,433.0,19.9,31.0
2024-01-13 21:34:22,0.0,0.0,433.0,19.9,31.0
2024-01-13 21:44:22,0.0,0.0,424.0,19.9,31.0
2024-01-13 21:54:22,0.0,0.0,431.0,19.9,31.0
2024-01-13 22:04:22,0.0,0.0,435.0,19.8,31.0
2024-01-13 22:14:22,0.0,0.0,436.0,19.8,31.0
2024-01-13 22:24:22,0.0,0.0,433.0,19.8,30.0
2024-01-13 22:34:21,0.0,0.0,429.0,19.9,30.0
2024-01-13 22:44:21,0.0,0.0,438.0,19.9,30.0
2024-01-13 22:54:21,0.0,0.0,422.0,19.8,30.0
2024-01-13 23:04:21,0.0,0.0,431.0,19.8,30.0
2024-01-13 23:14:22,0.0,0.0,412.0,19.8,30.0
2024-01-13 23:24:21,0.0,0.0,412.0,19.9,30.0
2024-01-13 23:34:21,0.0,0.0,417.0,19.9,30.0
2024-01-13 23:44:21,0.0,0.0,407.0,19.8,30.0
2024-01-13 23:54:21,0.0,0.0,400.0,19.9,30.0
2024-01-14 00:04:21,0.0,0.0,408.0,19.9,30.0
2024-01-14 00:14:21,0.0,0.0,414.0,19.9,30.0
2024-01-14 00:24:21,0.0,0.0,409.0,19.8,30.0
2024-01-14 00:34:21,0.0,0.0,409.0,19.8,30.0
2024-01-14 00:44:21,0.0,0.0,410.0,19.8,30.0
2024-01-14 00:54:21,0.0,0.0,409.0,19.8,30.0
2024-01-14 01:04:21,0.0,0.0,410.0,19.8,30.0
2024-01-14 01:14:21,0.0,0.0,403.0,19.9,30.0
2024-01-14 01:24:21,0.0,0.0,405.0,19.8,30.0
2024-01-14 01:34:21,0.0,0.0,405.0,19.9,30.0
2024-01-14 01:44:21,0.0,0.0,415.0,19.9,30.0
2024-01-14 01:54:21,0.0,0.0,400.0,19.8,30.0
2024-01-14 02:04:21,0.0,0.0,402.0,19.8,30.0
2024-01-14 02:14:20,0.0,0.0,404.0,19.8,30.0
2024-01-14 02:24:20,0.0,0.0,405.0,19.8,30.0
2024-01-14 02:34:20,0.0,0.0,405.0,19.9,30.0
2024-01-14 02:44:20,0.0,0.0,404.0,19.8,30.0
2024-01-14 02:54:20,0.0,0.0,410.0,19.8,30.0
2024-01-14 03:04:20,0.0,0.0,403.0,19.8,30.0
2024-01-14 03:14:20,0.0,0.0,405.0,19.8,30.0
2024-01-14 03:24:20,0.0,0.0,402.0,19.8,30.0
2024-01-14 03:34:20,0.0,0.0,400.0,19.8,30.0
2024-01-14 03:44:20,0.0,0.0,405.0,19.8,30.0
2024-01-14 03:54:20,0.0,0.0,407.0,19.8,30.0
2024-01-14 04:04:20,0.0,0.0,394.0,19.8,30.0
2024-01-14 04:14:20,0.0,0.0,406.0,19.8,30.0
2024-01-14 04:24:20,0.0,0.0,398.0,19.8,30.0
2024-01-14 04:34:20,0.0,0.0,412.0,19.8,30.0
2024-01-14 04:44:20,0.0,0.0,403.0,19.9,30.0
2024-01-14 04:54:20,0.0,0.0,409.0,19.8,30.0
2024-01-14 05:04:20,0.0,0.0,394.0,19.8,30.0
2024-01-14 05:14:20,0.0,0.0,409.0,19.8,30.0
2024-01-14 05:24:20,0.0,0.0,397.0,19.8,30.0
2024-01-14 05:34:20,0.0,0.0,395.0,19.7,30.0
2024-01-14 05:44:20,0.0,0.0,400.0,19.8,30.0
2024-01-14 05:54:19,0.0,0.0,404.0,19.8,30.0
2024-01-14 06:04:19,0.0,0.0,396.0,19.7,30.0
2024-01-14 06:14:19,0.0,0.0,398.0,19.8,30.0
2024-01-14 06:24:19,0.0,0.0,398.0,19.8,30.0
2024-01-14 06:34:19,0.0,0.0,399.0,19.7,30.0
2024-01-14 06:44:19,0.0,0.0,397.0,19.8,30.0
2024-01-14 06:54:19,0.0,0.0,402.0,19.7,29.0
2024-01-14 07:04:19,0.0,0.0,407.0,19.7,30.0
2024-01-14 07:14:19,0.0,3.0,401.0,19.7,30.0
2024-01-14 07:24:19,0.0,6.0,406.0,19.7,29.0
2024-01-14 07:34:19,0.0,16.0,404.0,19.7,29.0
2024-01-14 07:44:19,0.0,23.0,402.0,19.7,29.0
2024-01-14 07:54:20,0.0,40.0,406.0,19.7,30.0
2024-01-14 08:04:19,0.0,57.0,407.0,19.7,30.0
2024-01-14 08:14:19,0.0,74.0,404.0,19.7,30.0
2024-01-14 08:24:19,0.0,94.0,405.0,19.7,30.0
2024-01-14 08:34:19,0.0,121.0,412.0,19.7,30.0
2024-01-14 08:44:19,0.0,151.0,400.0,19.7,30.0
2024-01-14 08:54:19,0.0,141.0,406.0,19.7,30.0
2024-01-14 09:04:19,0.0,188.0,401.0,19.6,30.0
2024-01-14 09:14:19,0.0,232.0,399.0,19.6,30.0
2024-01-14 09:24:18,0.0,357.0,406.0,19.7,30.0
2024-01-14 09:34:18,0.0,464.0,404.0,19.7,30.0
2024-01-14 09:44:18,0.0,565.0,398.0,19.8,30.0
2024-01-14 09:54:18,0.0,414.0,398.0,19.8,30.0
2024-01-14 10:04:18,0.0,343.0,408.0,19.8,30.0
2024-01-14 10:14:18,0.0,252.0,406.0,19.8,30.0
2024-01-14 10:24:18,0.0,1980.0,396.0,19.8,30.0
2024-01-14 10:34:18,12.0,16387.0,405.0,20.2,29.0
2024-01-14 10:44:18,1.0,1980.0,400.0,20.1,29.0
2024-01-14 10:54:18,0.0,2068.0,408.0,20.1,30.0
2024-01-14 11:04:18,0.0,19890.0,401.0,20.6,29.0
2024-01-14 11:14:18,1.0,2388.0,401.0,20.4,29.0
2024-01-14 11:24:18,0.0,1643.0,403.0,20.3,29.0
2024-01-14 11:34:18,0.0,464.0,405.0,20.1,30.0
2024-01-14 11:44:18,0.0,185.0,398.0,20.0,30.0
2024-01-14 11:54:18,0.0,259.0,401.0,19.9,30.0
2024-01-14 12:04:18,0.0,289.0,410.0,19.8,30.0
2024-01-14 12:14:18,0.0,127.0,407.0,19.9,30.0
2024-01-14 12:24:18,0.0,165.0,401.0,19.8,30.0
2024-01-14 12:34:18,0.0,80.0,408.0,19.8,30.0
2024-01-14 12:44:18,0.0,124.0,397.0,19.8,30.0
2024-01-14 12:54:18,0.0,171.0,403.0,19.8,30.0
2024-01-14 13:04:18,0.0,97.0,396.0,19.8,30.0
2024-01-14 13:14:17,0.0,60.0,400.0,19.8,31.0
2024-01-14 13:24:17,0.0,43.0,402.0,19.8,31.0
2024-01-14 13:34:17,0.0,47.0,408.0,19.8,31.0
2024-01-14 13:44:17,0.0,47.0,401.0,19.8,31.0
2024-01-14 13:54:17,0.0,84.0,412.0,19.8,31.0
2024-01-14 14:04:17,0.0,67.0,402.0,19.7,31.0
2024-01-14 14:14:17,0.0,84.0,399.0,19.8,31.0
2024-01-14 14:24:17,0.0,23.0,404.0,19.7,31.0
2024-01-14 14:34:17,0.0,30.0,400.0,19.7,31.0
2024-01-14 14:44:17,0.0,20.0,402.0,19.7,31.0
2024-01-14 14:54:17,0.0,16.0,401.0,19.8,31.0
2024-01-14 15:04:17,0.0,6.0,402.0,19.7,31.0
2024-01-14 15:14:17,0.0,6.0,402.0,19.7,31.0
2024-01-14 15:24:17,0.0,3.0,395.0,19.7,31.0
2024-01-14 15:34:17,0.0,0.0,405.0,19.7,31.0
2024-01-14 15:44:17,0.0,0.0,399.0,19.7,31.0
2024-01-14 15:54:17,0.0,0.0,411.0,19.7,31.0
2024-01-14 16:04:17,0.0,0.0,395.0,19.6,31.0
2024-01-14 16:14:17,0.0,0.0,403.0,19.7,31.0
2024-01-14 16:24:17,0.0,0.0,402.0,19.7,31.0
2024-01-14 16:34:17,0.0,0.0,405.0,19.7,31.0
2024-01-14 16:44:16,0.0,0.0,404.0,19.7,31.0
2024-01-14 16:54:16,0.0,0.0,401.0,19.6,31.0
2024-01-14 17:04:17,0.0,0.0,403.0,19.7,31.0
2024-01-14 17:14:16,0.0,0.0,406.0,19.7,31.0
2024-01-14 17:24:16,0.0,0.0,402.0,19.7,31.0
2024-01-14 17:34:16,0.0,0.0,396.0,19.7,31.0
2024-01-14 17:44:16,0.0,0.0,397.0,19.7,31.0
2024-01-14 17:54:16,0.0,0.0,402.0,19.7,31.0
2024-01-14 18:04:16,0.0,0.0,398.0,19.7,31.0
2024-01-14 18:14:16,0.0,0.0,406.0,19.7,31.0
2024-01-14 18:24:16,0.0,0.0,405.0,19.7,31.0
2024-01-14 18:34:16,0.0,0.0,403.0,19.7,31.0
2024-01-14 18:44:16,0.0,0.0,395.0,19.7,31.0
2024-01-14 18:54:16,0.0,0.0,395.0,19.6,31.0
2024-01-14 19:04:16,0.0,0.0,405.0,19.7,31.0
2024-01-14 19:14:16,0.0,0.0,392.0,19.6,31.0
2024-01-14 19:24:16,0.0,0.0,402.0,19.7,31.0
2024-01-14 19:34:16,0.0,0.0,401.0,19.7,31.0
2024-01-14 19:44:16,0.0,0.0,400.0,19.7,31.0
2024-01-14 19:54:16,0.0,0.0,400.0,19.7,31.0
2024-01-14 20:04:16,0.0,0.0,393.0,19.7,31.0
2024-01-14 20:14:16,0.0,0.0,402.0,19.6,31.0
2024-01-14 20:24:15,0.0,0.0,398.0,19.7,31.0
2024-01-14 20:34:15,0.0,0.0,403.0,19.7,30.0
2024-01-14 20:44:16,0.0,0.0,400.0,19.8,30.0
2024-01-14 20:54:15,0.0,0.0,399.0,19.7,31.0
2024-01-14 21:04:15,0.0,0.0,398.0,19.6,30.0
2024-01-14 21:14:15,0.0,0.0,397.0,19.7,30.0
2024-01-14 21:24:15,0.0,0.0,394.0,19.7,31.0
2024-01-14 21:34:15,0.0,0.0,401.0,19.7,30.0
2024-01-14 21:44:15,0.0,0.0,385.0,19.6,30.0
2024-01-14 21:54:15,0.0,0.0,395.0,19.7,30.0
2024-01-14 22:04:15,0.0,0.0,396.0,19.6,30.0
2024-01-14 22:14:15,0.0,0.0,392.0,19.7,30.0
2024-01-14 22:24:15,0.0,0.0,396.0,19.7,30.0
2024-01-14 22:34:15,0.0,0.0,391.0,19.7,30.0
2024-01-14 22:44:15,0.0,0.0,390.0,19.7,30.0
2024-01-14 22:54:15,0.0,0.0,391.0,19.7,30.0
2024-01-14 23:04:15,0.0,0.0,394.0,19.7,30.0
2024-01-14 23:14:15,0.0,0.0,394.0,19.6,30.0
2024-01-14 23:24:15,0.0,0.0,389.0,19.6,30.0
2024-01-14 23:34:15,0.0,0.0,395.0,19.6,30.0
2024-01-14 23:44:15,0.0,0.0,393.0,19.6,30.0
2024-01-14 23:54:15,0.0,0.0,391.0,19.6,30.0
2024-01-15 00:04:14,0.0,0.0,394.0,19.6,30.0
2024-01-15 00:14:14,0.0,0.0,393.0,19.6,30.0
2024-01-15 00:24:14,0.0,0.0,388.0,19.6,30.0
2024-01-15 00:34:14,0.0,0.0,388.0,19.6,30.0
2024-01-15 00:44:14,0.0,0.0,393.0,19.6,30.0
2024-01-15 00:54:15,0.0,0.0,393.0,19.6,30.0
2024-01-15 01:04:14,0.0,0.0,384.0,19.6,30.0
2024-01-15 01:14:14,0.0,0.0,397.0,19.6,30.0
2024-01-15 01:24:14,0.0,0.0,389.0,19.6,30.0
2024-01-15 01:34:14,0.0,0.0,389.0,19.6,30.0
2024-01-15 01:44:14,0.0,0.0,385.0,19.6,30.0
2024-01-15 01:54:14,0.0,0.0,387.0,19.6,30.0
2024-01-15 02:04:14,0.0,0.0,384.0,19.6,30.0
2024-01-15 02:14:14,0.0,0.0,392.0,19.6,30.0
2024-01-15 02:24:14,0.0,0.0,384.0,19.6,30.0
2024-01-15 02:34:14,0.0,0.0,384.0,19.6,30.0
2024-01-15 02:44:14,0.0,0.0,395.0,19.6,30.0
2024-01-15 02:54:14,0.0,0.0,387.0,19.6,30.0
2024-01-15 03:04:14,0.0,0.0,391.0,19.6,30.0
2024-01-15 03:14:14,0.0,0.0,380.0,19.6,30.0
2024-01-15 03:24:14,0.0,0.0,391.0,19.6,30.0
2024-01-15 03:34:14,0.0,0.0,390.0,19.6,30.0
2024-01-15 03:44:13,0.0,0.0,387.0,19.6,30.0
2024-01-15 03:54:13,0.0,0.0,389.0,19.6,30.0
2024-01-15 04:04:13,0.0,0.0,385.0,19.5,30.0
2024-01-15 04:14:13,0.0,0.0,385.0,19.6,30.0
2024-01-15 04:24:13,0.0,0.0,388.0,19.6,30.0
2024-01-15 04:34:13,0.0,0.0,381.0,19.5,30.0
2024-01-15 04:44:13,0.0,0.0,393.0,19.5,29.0
2024-01-15 04:54:13,0.0,0.0,384.0,19.6,30.0
2024-01-15 05:04:13,0.0,0.0,385.0,19.5,29.0
2024-01-15 05:14:13,0.0,0.0,387.0,19.6,30.0
2024-01-15 05:24:13,0.0,0.0,387.0,19.6,29.0
2024-01-15 05:34:13,0.0,0.0,382.0,19.5,30.0
2024-01-15 05:44:13,0.0,0.0,385.0,19.6,29.0
2024-01-15 05:54:13,0.0,0.0,387.0,19.6,29.0
2024-01-15 06:04:13,0.0,0.0,386.0,19.6,29.0
2024-01-15 06:14:13,0.0,0.0,388.0,19.6,29.0
2024-01-15 06:24:13,0.0,0.0,388.0,19.5,29.0
2024-01-15 06:44:13,0.0,0.0,385.0,19.5,30.0
2024-01-15 06:54:13,0.0,0.0,388.0,19.5,30.0
2024-01-15 07:04:13,0.0,0.0,391.0,19.5,29.0
2024-01-15 07:14:13,0.0,3.0,388.0,19.6,28.0
2024-01-15 07:24:13,0.0,3.0,390.0,19.5,27.0
2024-01-15 07:34:12,0.0,10.0,391.0,19.6,26.0
2024-01-15 07:44:12,0.0,13.0,386.0,19.6,26.0
2024-01-15 07:54:12,0.0,13.0,386.0,19.6,26.0
2024-01-15 08:04:12,0.0,26.0,382.0,19.5,25.0
2024-01-15 08:14:12,0.0,23.0,395.0,19.6,25.0
2024-01-15 08:24:12,0.0,60.0,384.0,19.5,25.0
2024-01-15 08:34:12,0.0,53.0,387.0,19.5,25.0
2024-01-15 08:44:12,0.0,57.0,393.0,19.5,25.0
2024-01-15 08:54:12,0.0,30.0,386.0,19.5,25.0
2024-01-15 09:04:12,0.0,37.0,401.0,19.6,25.0
2024-01-15 09:14:12,0.0,67.0,396.0,19.6,25.0
2024-01-15 09:24:12,0.0,74.0,399.0,19.6,24.0
2024-01-15 09:34:12,0.0,232.0,399.0,19.6,24.0
2024-01-15 09:44:12,0.0,127.0,403.0,19.6,24.0
2024-01-15 09:54:12,0.0,107.0,403.0,19.5,23.0
2024-01-15 10:04:12,0.0,131.0,412.0,19.6,23.0
2024-01-15 10:14:12,0.0,114.0,417.0,19.6,23.0
2024-01-15 10:24:12,0.0,107.0,423.0,19.6,23.0
2024-01-15 10:34:12,0.0,154.0,408.0,19.6,22.0
2024-01-15 10:44:12,0.0,154.0,413.0,19.6,22.0
2024-01-15 10:54:12,0.0,188.0,399.0,19.6,22.0
2024-01-15 11:04:11,8.0,165.0,517.0,19.7,23.0
2024-01-15 11:14:11,0.0,161.0,609.0,19.9,24.0
2024-01-15 11:24:11,0.0,171.0,629.0,20.0,24.0
2024-01-15 11:34:11,0.0,178.0,639.0,20.0,23.0
2024-01-15 11:44:11,0.0,178.0,649.0,20.0,23.0
2024-01-15 11:54:11,4.0,191.0,638.0,20.0,23.0
2024-01-15 12:04:11,2.0,316.0,637.0,20.0,23.0
2024-01-15 12:14:11,4.0,397.0,602.0,20.0,23.0
2024-01-15 12:24:11,0.0,377.0,619.0,20.0,23.0
2024-01-15 12:34:11,0.0,185.0,631.0,20.1,23.0
2024-01-15 12:44:11,0.0,495.0,645.0,20.1,22.0
2024-01-15 12:54:11,0.0,353.0,646.0,20.1,22.0
2024-01-15 13:04:11,1.0,303.0,664.0,20.1,22.0
2024-01-15 13:14:11,0.0,262.0,647.0,20.1,22.0
2024-01-15 13:24:11,3.0,158.0,639.0,20.1,22.0
2024-01-15 13:34:11,15.0,222.0,686.0,20.1,22.0
2024-01-15 13:44:11,0.0,212.0,657.0,20.1,22.0
2024-01-15 13:54:11,0.0,158.0,646.0,20.1,22.0
2024-01-15 14:04:11,1.0,141.0,628.0,20.1,22.0
2024-01-15 14:14:11,6.0,124.0,521.0,19.7,20.0
2024-01-15 14:24:11,0.0,67.0,584.0,20.0,21.0
2024-01-15 14:34:11,0.0,57.0,641.0,20.3,21.0
2024-01-15 14:44:10,1.0,40.0,675.0,20.3,21.0
2024-01-15 14:54:10,3.0,26.0,694.0,20.2,22.0
2024-01-15 15:04:10,0.0,13.0,729.0,20.1,22.0
2024-01-15 15:14:10,0.0,6.0,679.0,20.0,22.0
2024-01-15 15:24:10,17.0,3.0,665.0,19.9,22.0
2024-01-15 15:34:15,0.0,3.0,534.0,19.8,21.0
2024-01-15 15:44:10,0.0,3.0,474.0,19.8,20.0
2024-01-15 15:54:10,0.0,0.0,452.0,19.9,20.0
2024-01-15 16:04:10,0.0,0.0,473.0,19.8,20.0
2024-01-15 16:14:10,0.0,0.0,526.0,19.7,22.0
2024-01-15 16:24:10,0.0,0.0,581.0,19.6,23.0
2024-01-15 16:34:10,0.0,0.0,614.0,19.6,24.0
2024-01-15 16:44:10,0.0,0.0,654.0,19.6,24.0
2024-01-15 16:54:10,0.0,0.0,662.0,19.5,25.0
2024-01-15 17:04:10,0.0,0.0,686.0,19.5,25.0
2024-01-15 17:14:10,0.0,0.0,697.0,19.6,26.0
2024-01-15 17:24:10,0.0,0.0,702.0,19.6,26.0
2024-01-15 17:34:10,0.0,0.0,714.0,19.6,26.0
2024-01-15 17:44:10,0.0,0.0,711.0,19.5,26.0
2024-01-15 17:54:10,0.0,0.0,710.0,19.5,26.0
2024-01-15 18:04:10,0.0,0.0,708.0,19.5,26.0
2024-01-15 18:14:10,0.0,0.0,694.0,19.5,27.0
2024-01-15 18:24:09,0.0,0.0,686.0,19.5,27.0
2024-01-15 18:34:09,0.0,0.0,684.0,19.5,26.0
2024-01-15 18:44:09,0.0,0.0,679.0,19.5,27.0
2024-01-15 18:54:09,0.0,0.0,679.0,19.4,26.0
2024-01-15 19:04:09,0.0,0.0,663.0,19.5,27.0
2024-01-15 19:14:09,0.0,0.0,656.0,19.5,26.0
2024-01-15 19:24:09,0.0,0.0,654.0,19.4,26.0
2024-01-15 19:34:09,0.0,0.0,645.0,19.4,26.0
2024-01-15 19:44:09,0.0,0.0,629.0,19.4,26.0
2024-01-15 19:54:09,0.0,0.0,628.0,19.4,26.0
2024-01-15 20:04:09,0.0,0.0,611.0,19.5,26.0
2024-01-15 20:14:09,0.0,0.0,603.0,19.4,26.0
2024-01-15 20:24:09,0.0,0.0,595.0,19.4,26.0
2024-01-15 20:34:09,0.0,0.0,588.0,19.4,26.0
2024-01-15 20:44:09,0.0,0.0,581.0,19.4,26.0
2024-01-15 20:54:10,0.0,0.0,579.0,19.4,26.0
2024-01-15 21:04:09,0.0,0.0,572.0,19.4,26.0
2024-01-15 21:14:09,0.0,0.0,566.0,19.4,26.0
2024-01-15 21:24:09,0.0,0.0,554.0,19.4,25.0
2024-01-15 21:34:09,0.0,0.0,535.0,19.3,25.0
2024-01-15 21:44:09,0.0,0.0,529.0,19.4,25.0
2024-01-15 21:54:09,0.0,0.0,529.0,19.4,25.0
2024-01-15 22:04:08,0.0,0.0,530.0,19.4,25.0
2024-01-15 22:14:08,0.0,0.0,533.0,19.4,25.0
2024-01-15 22:24:08,0.0,0.0,520.0,19.3,25.0
2024-01-15 22:34:08,0.0,0.0,516.0,19.3,25.0
2024-01-15 22:44:08,0.0,0.0,509.0,19.3,25.0
2024-01-15 22:54:08,0.0,0.0,504.0,19.4,25.0
2024-01-15 23:04:08,0.0,0.0,503.0,19.3,25.0
2024-01-15 23:14:08,0.0,0.0,503.0,19.3,25.0
2024-01-15 23:24:08,0.0,0.0,506.0,19.3,25.0
2024-01-15 23:34:08,0.0,0.0,496.0,19.3,25.0
2024-01-15 23:44:08,0.0,0.0,500.0,19.4,25.0
2024-01-15 23:54:08,0.0,0.0,493.0,19.3,25.0
2024-01-16 00:04:08,0.0,0.0,495.0,19.3,25.0
2024-01-16 00:14:08,0.0,0.0,496.0,19.3,25.0
2024-01-16 00:24:08,0.0,0.0,495.0,19.3,25.0
2024-01-16 00:34:08,0.0,0.0,487.0,19.3,24.0
2024-01-16 00:44:08,0.0,0.0,487.0,19.3,24.0
2024-01-16 00:54:08,0.0,0.0,479.0,19.2,24.0
2024-01-16 01:04:08,0.0,0.0,471.0,19.3,24.0
2024-01-16 01:14:08,0.0,0.0,473.0,19.2,24.0
2024-01-16 01:24:08,0.0,0.0,481.0,19.3,24.0
2024-01-16 01:34:08,0.0,0.0,471.0,19.3,24.0
2024-01-16 01:44:07,0.0,0.0,471.0,19.2,24.0
2024-01-16 01:54:07,0.0,0.0,472.0,19.3,24.0
2024-01-16 02:04:08,0.0,0.0,468.0,19.2,24.0
2024-01-16 02:14:07,0.0,0.0,464.0,19.2,24.0
2024-01-16 02:24:07,0.0,0.0,462.0,19.2,24.0
2024-01-16 02:34:07,0.0,0.0,469.0,19.2,24.0
2024-01-16 02:44:07,0.0,0.0,462.0,19.2,24.0
2024-01-16 02:54:07,0.0,0.0,463.0,19.2,24.0
2024-01-16 03:04:07,0.0,0.0,468.0,19.2,24.0
2024-01-16 03:14:07,0.0,0.0,467.0,19.2,24.0
2024-01-16 03:24:07,0.0,0.0,463.0,19.2,24.0
2024-01-16 03:34:07,0.0,0.0,455.0,19.2,24.0
2024-01-16 03:44:07,0.0,0.0,452.0,19.2,24.0
2024-01-16 03:54:07,0.0,0.0,459.0,19.2,24.0
2024-01-16 04:04:07,0.0,0.0,451.0,19.2,24.0
2024-01-16 04:14:07,0.0,0.0,456.0,19.2,24.0
2024-01-16 04:24:08,0.0,0.0,451.0,19.2,24.0
2024-01-16 04:34:07,0.0,0.0,454.0,19.2,24.0
2024-01-16 04:44:07,0.0,0.0,454.0,19.2,24.0
2024-01-16 04:54:07,0.0,0.0,452.0,19.2,24.0
2024-01-16 05:04:07,0.0,0.0,455.0,19.2,24.0
2024-01-16 05:14:07,0.0,0.0,449.0,19.2,24.0
2024-01-16 05:24:06,0.0,0.0,453.0,19.2,24.0
2024-01-16 05:34:06,0.0,0.0,444.0,19.2,24.0
2024-01-16 05:44:06,0.0,0.0,446.0,19.1,24.0
2024-01-16 05:54:06,0.0,0.0,446.0,19.1,24.0
2024-01-16 06:04:06,0.0,0.0,453.0,19.1,24.0
2024-01-16 06:14:06,0.0,0.0,447.0,19.1,24.0
2024-01-16 06:24:06,0.0,0.0,452.0,19.2,24.0
2024-01-16 06:34:06,0.0,0.0,457.0,19.1,24.0
2024-01-16 06:44:06,0.0,0.0,459.0,19.1,24.0
2024-01-16 06:54:06,0.0,0.0,448.0,19.1,24.0
2024-01-16 07:04:06,0.0,0.0,449.0,19.1,23.0
2024-01-16 07:14:06,0.0,3.0,426.0,19.1,20.0
2024-01-16 07:24:06,0.0,6.0,416.0,19.2,19.0
2024-01-16 07:34:06,0.0,16.0,413.0,19.2,18.0
2024-01-16 07:44:06,0.0,33.0,412.0,19.2,18.0
2024-01-16 07:54:06,0.0,47.0,404.0,19.2,18.0
2024-01-16 08:04:06,0.0,60.0,400.0,19.2,17.0
2024-01-16 08:14:06,0.0,77.0,397.0,19.2,17.0
2024-01-16 08:24:06,0.0,97.0,408.0,19.2,17.0
2024-01-16 08:34:06,0.0,114.0,403.0,19.2,17.0
2024-01-16 08:44:06,0.0,134.0,404.0,19.2,17.0
2024-01-16 08:54:06,0.0,161.0,412.0,19.2,17.0
2024-01-16 09:04:05,0.0,222.0,422.0,19.2,18.0
2024-01-16 09:14:05,0.0,319.0,412.0,19.3,18.0
2024-01-16 09:24:05,0.0,437.0,415.0,19.3,18.0
2024-01-16 09:34:05,0.0,549.0,414.0,19.4,18.0
2024-01-16 09:44:05,0.0,293.0,416.0,19.4,18.0
2024-01-16 09:54:05,0.0,390.0,419.0,19.4,18.0
2024-01-16 10:04:05,0.0,454.0,426.0,19.4,18.0
2024-01-16 10:14:05,0.0,1007.0,423.0,19.4,18.0
2024-01-16 10:24:05,0.0,1916.0,435.0,19.5,18.0
2024-01-16 10:34:05,0.0,8350.0,425.0,20.4,17.0
2024-01-16 10:44:05,0.0,1990.0,427.0,20.0,18.0
2024-01-16 10:54:05,0.0,2300.0,415.0,19.9,18.0
2024-01-16 11:04:05,0.0,7538.0,418.0,20.3,17.0
2024-01-16 11:14:05,0.0,2081.0,421.0,20.1,17.0
2024-01-16 11:24:05,0.0,2465.0,438.0,20.0,18.0
2024-01-16 11:34:05,0.0,2418.0,439.0,20.1,18.0
2024-01-16 11:44:05,0.0,2341.0,439.0,20.2,18.0
2024-01-16 11:54:05,0.0,2290.0,450.0,20.2,18.0
2024-01-16 12:04:05,0.0,2091.0,455.0,20.2,18.0
2024-01-16 12:14:05,0.0,1866.0,459.0,20.2,18.0
2024-01-16 12:24:05,0.0,1589.0,445.0,20.1,18.0
2024-01-16 12:34:05,0.0,1249.0,440.0,20.0,18.0
2024-01-16 12:44:05,0.0,1007.0,454.0,19.9,18.0
2024-01-16 12:54:04,0.0,262.0,448.0,20.0,18.0
2024-01-16 13:04:04,2.0,218.0,515.0,19.8,19.0
2024-01-16 13:14:04,0.0,262.0,613.0,19.9,20.0
2024-01-16 13:24:04,0.0,191.0,623.0,19.9,20.0
2024-01-16 13:34:04,0.0,161.0,626.0,19.8,20.0
2024-01-16 13:44:04,0.0,195.0,641.0,19.8,20.0
2024-01-16 13:54:04,0.0,127.0,647.0,19.8,21.0
2024-01-16 14:04:04,3.0,134.0,605.0,19.8,21.0
2024-01-16 14:14:04,0.0,144.0,511.0,19.7,20.0
2024-01-16 14:24:04,0.0,111.0,450.0,19.6,19.0
2024-01-16 14:34:04,0.0,94.0,432.0,19.6,19.0
2024-01-16 14:44:04,0.0,67.0,436.0,19.6,19.0
2024-01-16 14:54:04,0.0,40.0,450.0,19.6,20.0
2024-01-16 15:04:04,0.0,16.0,447.0,19.6,20.0
2024-01-16 15:14:04,0.0,10.0,450.0,19.6,20.0
2024-01-16 15:24:04,0.0,3.0,437.0,19.6,20.0
2024-01-16 15:34:04,0.0,3.0,443.0,19.5,20.0
2024-01-16 15:44:04,0.0,3.0,426.0,19.6,20.0
2024-01-16 15:54:04,0.0,0.0,426.0,19.5,20.0
2024-01-16 16:04:04,0.0,0.0,459.0,19.5,20.0
2024-01-16 16:14:03,0.0,0.0,538.0,19.5,22.0
2024-01-16 16:24:03,0.0,0.0,575.0,19.4,23.0
2024-01-16 16:34:03,0.0,0.0,599.0,19.4,23.0
2024-01-16 16:44:03,0.0,0.0,620.0,19.4,24.0
2024-01-16 16:54:03,0.0,0.0,622.0,19.4,24.0
2024-01-16 17:04:03,0.0,0.0,628.0,19.4,24.0
2024-01-16 17:14:03,0.0,0.0,627.0,19.4,24.0
2024-01-16 17:24:03,0.0,0.0,632.0,19.4,25.0
2024-01-16 17:34:03,0.0,0.0,632.0,19.3,25.0
2024-01-16 17:44:03,0.0,0.0,634.0,19.3,25.0
2024-01-16 17:54:03,0.0,0.0,621.0,19.4,25.0
2024-01-16 18:04:03,0.0,0.0,621.0,19.4,25.0
2024-01-16 18:14:03,0.0,0.0,609.0,19.4,26.0
2024-01-16 18:24:03,0.0,0.0,601.0,19.4,26.0
2024-01-16 18:34:03,0.0,0.0,599.0,19.3,26.0
2024-01-16 18:44:03,0.0,0.0,591.0,19.3,26.0
2024-01-16 18:54:03,0.0,0.0,600.0,19.3,26.0
2024-01-16 19:04:03,0.0,0.0,586.0,19.3,26.0
2024-01-16 19:14:03,0.0,0.0,582.0,19.3,26.0
2024-01-16 19:24:03,0.0,0.0,571.0,19.3,26.0
2024-01-16 19:34:03,0.0,0.0,567.0,19.3,26.0
2024-01-16 19:44:03,0.0,0.0,563.0,19.3,26.0
2024-01-16 19:54:03,0.0,0.0,560.0,19.4,26.0
2024-01-16 20:04:02,0.0,0.0,560.0,19.3,26.0
2024-01-16 20:14:02,0.0,0.0,556.0,19.3,26.0
2024-01-16 20:24:02,0.0,0.0,562.0,19.3,26.0
2024-01-16 20:34:02,0.0,0.0,547.0,19.3,26.0
2024-01-16 20:44:02,0.0,0.0,545.0,19.3,26.0
2024-01-16 20:54:02,0.0,0.0,540.0,19.3,26.0
2024-01-16 21:04:02,0.0,0.0,539.0,19.4,26.0
2024-01-16 21:14:02,0.0,0.0,526.0,19.4,26.0
2024-01-16 21:24:02,0.0,0.0,526.0,19.3,26.0
2024-01-16 21:34:02,0.0,0.0,523.0,19.3,26.0
2024-01-16 21:44:02,0.0,0.0,517.0,19.4,27.0
2024-01-16 21:54:02,0.0,0.0,521.0,19.4,27.0
2024-01-16 22:04:02,0.0,0.0,513.0,19.3,27.0
2024-01-16 22:14:02,0.0,0.0,505.0,19.3,27.0
2024-01-16 22:24:02,0.0,0.0,503.0,19.3,27.0
2024-01-16 22:34:02,0.0,0.0,497.0,19.3,27.0
2024-01-16 22:44:02,0.0,0.0,493.0,19.3,27.0
2024-01-16 22:54:02,0.0,0.0,502.0,19.3,27.0
2024-01-16 23:04:02,0.0,0.0,496.0,19.3,27.0
2024-01-16 23:14:02,0.0,0.0,494.0,19.3,27.0
2024-01-16 23:24:02,0.0,0.0,486.0,19.3,27.0
2024-01-16 23:34:01,0.0,0.0,483.0,19.3,27.0
2024-01-16 23:44:01,0.0,0.0,480.0,19.3,27.0
2024-01-16 23:54:01,0.0,0.0,488.0,19.3,27.0
2024-01-17 00:04:01,0.0,0.0,474.0,19.3,27.0
2024-01-17 00:14:01,0.0,0.0,470.0,19.4,27.0
2024-01-17 00:24:01,0.0,0.0,472.0,19.4,27.0
2024-01-17 00:34:01,0.0,0.0,474.0,19.3,27.0
2024-01-17 00:44:01,0.0,0.0,461.0,19.4,27.0
2024-01-17 00:54:01,0.0,0.0,470.0,19.3,27.0
2024-01-17 01:04:01,0.0,0.0,469.0,19.3,27.0
2024-01-17 01:14:01,0.0,0.0,457.0,19.3,27.0
2024-01-17 01:24:01,0.0,0.0,457.0,19.3,27.0
2024-01-17 01:34:01,0.0,0.0,452.0,19.3,27.0
2024-01-17 01:44:01,0.0,0.0,457.0,19.3,27.0
2024-01-17 01:54:01,0.0,0.0,459.0,19.3,27.0
2024-01-17 02:04:01,0.0,0.0,454.0,19.3,27.0
2024-01-17 02:14:01,0.0,0.0,455.0,19.3,27.0
2024-01-17 02:24:01,0.0,0.0,449.0,19.3,27.0
2024-01-17 02:34:01,0.0,0.0,455.0,19.3,27.0
2024-01-17 02:44:01,0.0,0.0,442.0,19.3,27.0
2024-01-17 02:54:01,0.0,0.0,451.0,19.3,27.0
2024-01-17 03:04:01,0.0,0.0,441.0,19.3,27.0
2024-01-17 03:14:00,0.0,0.0,444.0,19.3,27.0
2024-01-17 03:24:00,0.0,0.0,449.0,19.3,27.0
2024-01-17 03:34:00,0.0,0.0,438.0,19.3,27.0
2024-01-17 03:44:00,0.0,0.0,448.0,19.3,27.0
2024-01-17 03:54:00,0.0,0.0,448.0,19.2,27.0
2024-01-17 04:04:00,0.0,0.0,448.0,19.3,27.0
2024-01-17 04:24:00,0.0,0.0,433.0,19.2,27.0
2024-01-17 04:34:00,0.0,0.0,440.0,19.3,27.0
2024-01-17 04:44:00,0.0,0.0,441.0,19.3,27.0
2024-01-17 04:54:00,0.0,0.0,442.0,19.3,27.0
2024-01-17 05:04:00,0.0,0.0,437.0,19.3,27.0
2024-01-17 05:14:00,0.0,0.0,438.0,19.3,27.0
2024-01-17 05:24:00,0.0,0.0,434.0,19.3,27.0
2024-01-17 05:34:00,0.0,0.0,441.0,19.3,27.0
2024-01-17 05:44:00,0.0,0.0,435.0,19.3,28.0
2024-01-17 05:54:00,0.0,0.0,435.0,19.4,28.0
2024-01-17 06:04:00,0.0,0.0,433.0,19.3,27.0
2024-01-17 06:14:00,0.0,0.0,435.0,19.3,28.0
2024-01-17 06:24:00,0.0,3.0,437.0,19.3,28.0
2024-01-17 06:34:00,0.0,0.0,442.0,19.3,28.0
2024-01-17 06:44:00,0.0,0.0,450.0,19.3,28.0
2024-01-17 06:53:59,0.0,0.0,439.0,19.2,28.0
2024-01-17 07:03:59,0.0,0.0,432.0,19.2,28.0
2024-01-17 07:13:59,0.0,3.0,414.0,19.3,27.0
2024-01-17 07:24:00,0.0,3.0,407.0,19.3,26.0
2024-01-17 07:33:59,0.0,3.0,402.0,19.3,26.0
2024-01-17 07:43:59,0.0,3.0,397.0,19.4,25.0
2024-01-17 07:53:59,0.0,6.0,395.0,19.4,25.0
2024-01-17 08:03:59,0.0,10.0,399.0,19.4,25.0
2024-01-17 08:13:59,0.0,13.0,392.0,19.4,25.0
2024-01-17 08:23:59,5.0,363.0,478.0,19.4,27.0
2024-01-17 08:33:59,0.0,363.0,520.0,19.6,28.0
2024-01-17 08:43:59,0.0,373.0,532.0,19.6,28.0
2024-01-17 08:53:59,5.0,383.0,558.0,19.6,28.0
2024-01-17 09:03:59,0.0,397.0,559.0,19.8,28.0
2024-01-17 09:13:59,4.0,414.0,558.0,19.7,28.0
2024-01-17 09:23:59,0.0,458.0,574.0,19.7,28.0
2024-01-17 09:33:59,0.0,444.0,584.0,19.7,27.0
2024-01-17 09:43:59,0.0,441.0,577.0,19.8,27.0
2024-01-17 09:53:59,0.0,447.0,576.0,19.8,27.0
2024-01-17 10:03:59,0.0,518.0,565.0,19.8,27.0
2024-01-17 10:13:59,3.0,485.0,565.0,19.8,27.0
2024-01-17 10:23:59,0.0,555.0,578.0,19.8,26.0
2024-01-17 10:33:58,2.0,579.0,570.0,19.9,26.0
2024-01-17 10:43:58,0.0,798.0,569.0,19.8,26.0
2024-01-17 10:53:58,14.0,643.0,611.0,19.9,27.0
2024-01-17 11:03:59,8.0,340.0,529.0,19.8,26.0
2024-01-17 11:13:58,0.0,185.0,461.0,19.7,26.0
2024-01-17 11:23:58,0.0,138.0,431.0,19.6,25.0
2024-01-17 11:33:58,0.0,131.0,416.0,19.5,25.0
2024-01-17 11:43:58,0.0,107.0,411.0,19.6,25.0
2024-01-17 11:53:58,0.0,90.0,407.0,19.6,25.0
2024-01-17 12:03:58,0.0,90.0,403.0,19.6,25.0
2024-01-17 12:13:58,0.0,74.0,411.0,19.6,25.0
2024-01-17 12:23:58,0.0,67.0,405.0,19.6,25.0
2024-01-17 12:33:58,0.0,74.0,407.0,19.5,25.0
2024-01-17 12:43:58,0.0,90.0,408.0,19.6,25.0
2024-01-17 12:53:58,0.0,87.0,409.0,19.6,25.0
2024-01-17 13:03:58,0.0,141.0,409.0,19.5,25.0
2024-01-17 13:13:58,0.0,111.0,405.0,19.6,25.0
2024-01-17 13:23:58,0.0,80.0,404.0,19.6,25.0
2024-01-17 13:33:58,0.0,57.0,407.0,19.6,25.0
2024-01-17 13:43:58,0.0,74.0,403.0,19.6,25.0
2024-01-17 13:53:58,0.0,70.0,406.0,19.6,25.0
2024-01-17 14:03:58,0.0,77.0,402.0,19.6,25.0
2024-01-17 14:13:57,0.0,53.0,399.0,19.6,25.0
2024-01-17 14:23:57,0.0,53.0,401.0,19.7,25.0
2024-01-17 14:33:57,0.0,40.0,402.0,19.6,25.0
2024-01-17 14:43:57,0.0,37.0,400.0,19.6,25.0
2024-01-17 14:53:57,0.0,20.0,403.0,19.6,25.0
2024-01-17 15:03:57,0.0,13.0,403.0,19.6,25.0
2024-01-17 15:13:57,0.0,6.0,410.0,19.6,25.0
2024-01-17 15:23:57,0.0,3.0,398.0,19.6,25.0
2024-01-17 15:33:57,0.0,3.0,403.0,19.5,25.0
2024-01-17 15:43:57,0.0,0.0,399.0,19.6,25.0
2024-01-17 15:53:57,0.0,0.0,407.0,19.6,25.0
2024-01-17 16:03:57,0.0,0.0,407.0,19.6,25.0
2024-01-17 16:13:57,0.0,0.0,429.0,19.5,25.0
2024-01-17 16:23:57,0.0,0.0,443.0,19.5,26.0
2024-01-17 16:33:57,0.0,0.0,455.0,19.5,26.0
2024-01-17 16:43:57,0.0,0.0,479.0,19.5,27.0
2024-01-17 16:53:57,0.0,0.0,473.0,19.4,27.0
2024-01-17 17:03:57,0.0,0.0,484.0,19.4,27.0
2024-01-17 17:13:57,0.0,0.0,489.0,19.4,27.0
2024-01-17 17:23:57,0.0,0.0,488.0,19.4,28.0
2024-01-17 17:33:57,0.0,0.0,492.0,19.5,28.0
2024-01-17 17:43:57,0.0,0.0,497.0,19.5,28.0
2024-01-17 17:53:56,0.0,0.0,487.0,19.4,28.0
2024-01-17 18:03:57,0.0,0.0,502.0,19.5,28.0
2024-01-17 18:13:56,0.0,0.0,498.0,19.5,28.0
2024-01-17 18:23:56,0.0,0.0,493.0,19.4,28.0
2024-01-17 18:33:56,0.0,0.0,490.0,19.5,28.0
2024-01-17 18:43:56,0.0,0.0,493.0,19.4,28.0
2024-01-17 18:53:56,0.0,0.0,484.0,19.4,28.0
2024-01-17 19:03:56,0.0,0.0,488.0,19.4,28.0
2024-01-17 19:13:56,0.0,0.0,480.0,19.4,28.0
2024-01-17 19:23:56,0.0,0.0,483.0,19.4,28.0
2024-01-17 19:33:56,0.0,0.0,484.0,19.5,28.0
2024-01-17 19:43:56,0.0,0.0,491.0,19.4,28.0
2024-01-17 19:53:56,0.0,0.0,485.0,19.5,28.0
2024-01-17 20:03:56,0.0,0.0,482.0,19.5,28.0
2024-01-17 20:13:56,0.0,0.0,484.0,19.5,28.0
2024-01-17 20:23:56,0.0,0.0,478.0,19.5,28.0
2024-01-17 20:33:56,0.0,0.0,477.0,19.4,28.0
2024-01-17 20:43:56,0.0,0.0,477.0,19.4,28.0
2024-01-17 20:53:56,0.0,0.0,478.0,19.4,28.0
2024-01-17 21:03:56,0.0,0.0,476.0,19.4,28.0
2024-01-17 21:13:56,0.0,0.0,492.0,19.5,28.0
2024-01-17 21:23:56,0.0,0.0,485.0,19.5,28.0
2024-01-17 21:33:55,0.0,0.0,477.0,19.5,28.0
2024-01-17 21:43:55,0.0,0.0,483.0,19.5,28.0
2024-01-17 21:53:55,0.0,0.0,478.0,19.5,28.0
2024-01-17 22:03:55,0.0,0.0,488.0,19.5,28.0
2024-01-17 22:13:55,0.0,0.0,486.0,19.5,28.0
2024-01-17 22:23:55,0.0,0.0,477.0,19.4,28.0
2024-01-17 22:33:55,0.0,0.0,482.0,19.4,28.0
2024-01-17 22:43:55,0.0,0.0,474.0,19.5,28.0
2024-01-17 22:53:55,0.0,0.0,476.0,19.4,28.0
2024-01-17 23:03:55,0.0,0.0,466.0,19.5,28.0
2024-01-17 23:13:55,0.0,0.0,476.0,19.4,28.0
2024-01-17 23:23:55,0.0,0.0,482.0,19.4,28.0
2024-01-17 23:33:55,0.0,0.0,469.0,19.4,28.0
2024-01-17 23:43:55,0.0,0.0,474.0,19.4,28.0
2024-01-17 23:53:55,0.0,0.0,468.0,19.4,28.0
2024-01-18 00:03:55,0.0,0.0,464.0,19.4,28.0
2024-01-18 00:13:55,0.0,0.0,465.0,19.4,28.0
2024-01-18 00:23:55,0.0,0.0,466.0,19.4,28.0
2024-01-18 00:33:55,0.0,0.0,465.0,19.4,28.0
2024-01-18 00:43:55,0.0,0.0,461.0,19.4,28.0
2024-01-18 00:53:55,0.0,0.0,460.0,19.4,28.0
2024-01-18 01:03:55,0.0,0.0,467.0,19.4,28.0
2024-01-18 01:13:54,0.0,0.0,457.0,19.4,28.0
2024-01-18 01:23:54,0.0,0.0,456.0,19.4,28.0
2024-01-18 01:33:54,0.0,0.0,453.0,19.4,28.0
2024-01-18 01:43:54,0.0,0.0,450.0,19.4,28.0
2024-01-18 01:53:54,0.0,0.0,453.0,19.4,28.0
2024-01-18 02:03:55,0.0,0.0,450.0,19.4,28.0
2024-01-18 02:13:54,0.0,0.0,444.0,19.4,28.0
2024-01-18 02:23:54,0.0,0.0,441.0,19.4,28.0
2024-01-18 02:33:54,0.0,0.0,438.0,19.4,28.0
2024-01-18 02:43:54,0.0,0.0,438.0,19.4,28.0
2024-01-18 02:53:54,0.0,0.0,442.0,19.4,28.0
2024-01-18 03:03:54,0.0,0.0,445.0,19.4,28.0
2024-01-18 03:13:54,0.0,0.0,437.0,19.4,28.0
2024-01-18 03:23:54,0.0,0.0,440.0,19.4,28.0
2024-01-18 03:33:54,0.0,0.0,441.0,19.3,28.0
2024-01-18 03:43:54,0.0,0.0,428.0,19.3,28.0
2024-01-18 03:53:54,0.0,0.0,444.0,19.4,28.0
2024-01-18 04:03:54,0.0,0.0,437.0,19.4,28.0
2024-01-18 04:13:54,0.0,0.0,430.0,19.4,28.0
2024-01-18 04:23:54,0.0,0.0,434.0,19.3,28.0
2024-01-18 04:33:54,0.0,0.0,426.0,19.4,28.0
2024-01-18 04:43:54,0.0,0.0,428.0,19.3,28.0
2024-01-18 04:53:53,0.0,0.0,426.0,19.4,28.0
2024-01-18 05:03:53,0.0,0.0,423.0,19.4,28.0
2024-01-18 05:13:54,0.0,0.0,420.0,19.4,28.0
2024-01-18 05:23:53,0.0,0.0,421.0,19.4,28.0
2024-01-18 05:33:53,0.0,0.0,415.0,19.4,27.0
2024-01-18 05:43:53,0.0,0.0,419.0,19.3,27.0
2024-01-18 05:53:53,0.0,0.0,421.0,19.3,27.0
2024-01-18 06:03:53,0.0,0.0,423.0,19.3,27.0
2024-01-18 06:13:53,0.0,0.0,420.0,19.3,27.0
2024-01-18 06:23:53,0.0,0.0,414.0,19.3,27.0
2024-01-18 06:33:53,0.0,3.0,412.0,19.2,27.0
2024-01-18 06:43:53,0.0,0.0,419.0,19.3,27.0
2024-01-18 06:53:53,0.0,0.0,420.0,19.2,27.0
2024-01-18 07:03:53,0.0,3.0,414.0,19.2,26.0
2024-01-18 07:13:53,0.0,3.0,404.0,19.3,24.0
2024-01-18 07:23:53,0.0,10.0,405.0,19.3,23.0
2024-01-18 07:33:53,0.0,13.0,400.0,19.3,22.0
2024-01-18 07:43:53,0.0,23.0,402.0,19.4,22.0
2024-01-18 07:53:53,0.0,30.0,404.0,19.3,22.0
2024-01-18 08:03:53,0.0,40.0,398.0,19.3,22.0
2024-01-18 08:13:53,0.0,60.0,395.0,19.4,22.0
2024-01-18 08:23:53,0.0,70.0,402.0,19.3,22.0
2024-01-18 08:33:52,0.0,127.0,406.0,19.4,22.0
2024-01-18 08:43:52,0.0,208.0,399.0,19.4,22.0
2024-01-18 08:53:53,5.0,421.0,488.0,19.4,23.0
2024-01-18 09:03:52,0.0,424.0,532.0,19.7,24.0
2024-01-18 09:13:52,1.0,471.0,556.0,20.0,24.0
2024-01-18 09:23:52,0.0,757.0,561.0,20.2,24.0
2024-01-18 09:33:52,0.0,515.0,579.0,20.4,24.0
2024-01-18 09:43:52,0.0,582.0,577.0,20.5,24.0
2024-01-18 09:53:52,0.0,559.0,591.0,20.7,24.0
2024-01-18 10:03:52,0.0,818.0,600.0,20.8,24.0
2024-01-18 10:13:52,0.0,751.0,608.0,20.8,24.0
2024-01-18 10:23:52,0.0,2435.0,613.0,21.2,23.0
2024-01-18 10:33:52,0.0,30477.0,607.0,22.4,22.0
2024-01-18 10:43:52,12.0,2489.0,617.0,21.9,23.0
2024-01-18 10:53:53,8.0,2371.0,529.0,21.7,22.0
2024-01-18 11:03:52,0.0,18408.0,457.0,21.8,22.0
2024-01-18 11:13:52,0.0,2768.0,437.0,21.5,21.0
2024-01-18 11:23:52,0.0,2687.0,413.0,21.2,22.0
2024-01-18 11:33:52,0.0,2617.0,407.0,21.1,21.0
2024-01-18 11:43:52,10.0,2620.0,474.0,21.0,23.0
2024-01-18 11:53:52,2.0,2549.0,443.0,21.0,23.0
2024-01-18 12:03:52,6.0,1485.0,542.0,21.2,23.0
2024-01-18 12:13:51,0.0,1374.0,572.0,21.3,23.0
2024-01-18 12:23:51,0.0,1242.0,576.0,21.2,23.0
2024-01-18 12:33:51,0.0,1064.0,605.0,21.2,23.0
2024-01-18 12:43:52,14.0,966.0,599.0,21.0,23.0
2024-01-18 12:53:51,0.0,552.0,505.0,20.8,22.0
2024-01-18 13:03:51,0.0,158.0,450.0,20.7,22.0
2024-01-18 13:13:51,0.0,144.0,441.0,20.6,21.0
2024-01-18 13:23:51,0.0,134.0,435.0,20.7,21.0
2024-01-18 13:33:51,0.0,127.0,421.0,20.6,21.0
2024-01-18 13:43:51,0.0,114.0,419.0,20.5,21.0
2024-01-18 13:53:51,0.0,104.0,417.0,20.4,21.0
2024-01-18 14:03:51,0.0,94.0,424.0,20.4,21.0
2024-01-18 14:13:51,0.0,84.0,423.0,20.3,21.0
2024-01-18 14:23:51,0.0,70.0,425.0,20.3,21.0
2024-01-18 14:33:51,0.0,60.0,429.0,20.2,21.0
2024-01-18 14:43:51,0.0,47.0,414.0,20.2,20.0
2024-01-18 14:53:51,0.0,33.0,408.0,20.2,20.0
2024-01-18 15:03:51,0.0,23.0,411.0,20.3,20.0
2024-01-18 15:13:51,0.0,13.0,411.0,20.2,20.0
2024-01-18 15:23:51,0.0,6.0,413.0,20.2,20.0
2024-01-18 15:33:51,0.0,3.0,417.0,20.2,20.0
2024-01-18 15:43:51,0.0,3.0,407.0,20.2,20.0
2024-01-18 15:53:50,0.0,0.0,404.0,20.1,19.0
2024-01-18 16:03:50,0.0,0.0,431.0,20.1,20.0
2024-01-18 16:13:50,0.0,0.0,524.0,20.1,21.0
2024-01-18 16:23:50,0.0,0.0,571.0,20.1,22.0
2024-01-18 16:33:50,0.0,0.0,606.0,20.1,23.0
2024-01-18 16:43:50,0.0,0.0,618.0,20.1,24.0
2024-01-18 16:53:50,0.0,0.0,631.0,20.0,24.0
2024-01-18 17:03:50,0.0,0.0,645.0,20.1,25.0
2024-01-18 17:13:50,0.0,0.0,645.0,20.1,25.0
2024-01-18 17:23:50,0.0,0.0,655.0,20.0,25.0
2024-01-18 17:33:50,0.0,0.0,653.0,20.0,25.0
2024-01-18 17:43:50,0.0,0.0,655.0,20.0,26.0
2024-01-18 17:53:50,0.0,0.0,659.0,20.0,26.0
2024-01-18 18:03:51,0.0,0.0,659.0,20.0,26.0
2024-01-18 18:23:51,0.0,0.0,641.0,20.0,26.0
2024-01-18 18:53:50,0.0,0.0,619.0,19.9,26.0
2024-01-18 19:03:50,0.0,0.0,622.0,19.9,26.0
2024-01-18 19:13:50,0.0,0.0,615.0,20.0,26.0
2024-01-18 19:23:49,0.0,0.0,594.0,20.0,26.0
2024-01-18 19:33:50,0.0,0.0,598.0,20.0,26.0
2024-01-18 19:43:49,0.0,0.0,580.0,20.0,26.0
2024-01-18 19:53:49,0.0,0.0,562.0,20.0,26.0
2024-01-18 20:03:49,0.0,0.0,565.0,20.0,26.0
2024-01-18 20:13:49,0.0,0.0,558.0,20.1,26.0
2024-01-18 20:23:49,0.0,0.0,559.0,20.0,26.0
2024-01-18 20:33:49,0.0,0.0,547.0,20.0,26.0
2024-01-18 20:43:49,0.0,0.0,539.0,20.0,26.0
2024-01-18 20:53:49,0.0,0.0,537.0,20.0,26.0
2024-01-18 21:03:49,0.0,0.0,531.0,20.0,26.0
2024-01-18 21:13:49,0.0,0.0,524.0,20.1,26.0
2024-01-18 21:23:50,0.0,0.0,512.0,20.0,26.0
2024-01-18 21:33:49,0.0,0.0,513.0,20.1,26.0
2024-01-18 21:43:49,0.0,0.0,502.0,20.0,26.0
2024-01-18 21:53:49,0.0,0.0,493.0,20.0,26.0
2024-01-18 22:03:49,0.0,0.0,506.0,20.0,26.0
2024-01-18 22:13:49,0.0,0.0,505.0,20.0,26.0
2024-01-18 22:23:49,0.0,0.0,503.0,20.0,26.0
2024-01-18 22:33:49,0.0,0.0,502.0,20.1,26.0
2024-01-18 22:43:49,0.0,0.0,491.0,20.0,26.0
2024-01-18 22:53:49,0.0,0.0,487.0,20.0,26.0
2024-01-18 23:03:48,0.0,0.0,490.0,20.1,26.0
2024-01-18 23:13:48,0.0,0.0,479.0,20.0,26.0
2024-01-18 23:23:49,0.0,0.0,476.0,20.0,26.0
2024-01-18 23:33:48,0.0,0.0,474.0,20.0,26.0
2024-01-18 23:43:48,0.0,0.0,487.0,20.0,26.0
2024-01-18 23:53:48,0.0,0.0,479.0,20.0,26.0
2024-01-19 00:03:48,0.0,0.0,475.0,20.0,26.0
2024-01-19 00:13:48,0.0,0.0,468.0,20.0,27.0
2024-01-19 00:23:48,0.0,0.0,468.0,20.0,26.0
2024-01-19 00:33:48,0.0,0.0,472.0,20.0,27.0
2024-01-19 00:43:48,0.0,0.0,462.0,20.0,27.0
2024-01-19 00:53:48,0.0,0.0,460.0,20.0,27.0
2024-01-19 01:03:48,0.0,0.0,452.0,20.0,27.0
2024-01-19 01:13:48,0.0,0.0,459.0,20.0,27.0
2024-01-19 01:23:48,0.0,0.0,449.0,20.0,27.0
2024-01-19 01:33:48,0.0,0.0,448.0,20.0,27.0
2024-01-19 01:43:48,0.0,0.0,448.0,20.0,27.0
2024-01-19 01:53:48,0.0,0.0,450.0,20.0,27.0
2024-01-19 02:03:48,0.0,0.0,446.0,20.0,27.0
2024-01-19 02:13:48,0.0,0.0,450.0,19.9,27.0
2024-01-19 02:23:48,0.0,0.0,452.0,20.0,27.0
2024-01-19 02:33:48,0.0,0.0,438.0,19.9,27.0
2024-01-19 02:43:47,0.0,0.0,446.0,20.0,27.0
2024-01-19 02:53:47,0.0,0.0,438.0,20.0,27.0
2024-01-19 03:03:47,0.0,0.0,440.0,20.0,27.0
2024-01-19 03:13:47,0.0,0.0,441.0,20.0,27.0
2024-01-19 03:23:48,0.0,0.0,437.0,20.0,27.0
2024-01-19 03:33:47,0.0,0.0,436.0,20.0,27.0
2024-01-19 03:43:47,0.0,0.0,429.0,20.0,27.0
2024-01-19 03:53:47,0.0,0.0,442.0,20.0,27.0
2024-01-19 04:03:47,0.0,0.0,438.0,20.0,27.0
2024-01-19 04:13:47,0.0,0.0,433.0,20.1,27.0
2024-01-19 04:23:47,0.0,0.0,436.0,20.0,27.0
2024-01-19 04:33:47,0.0,0.0,431.0,20.0,27.0
2024-01-19 04:43:47,0.0,0.0,435.0,20.1,27.0
2024-01-19 04:53:47,0.0,0.0,431.0,20.0,27.0
2024-01-19 05:03:47,0.0,0.0,431.0,20.0,27.0
2024-01-19 05:13:47,0.0,0.0,432.0,20.0,27.0
2024-01-19 05:23:47,0.0,0.0,433.0,20.0,27.0
2024-01-19 05:33:47,0.0,0.0,431.0,20.0,27.0
2024-01-19 05:43:47,0.0,0.0,431.0,20.0,27.0
2024-01-19 05:53:47,0.0,0.0,432.0,20.0,27.0
2024-01-19 06:03:47,0.0,0.0,436.0,20.1,27.0
2024-01-19 06:13:47,0.0,0.0,426.0,20.0,27.0
2024-01-19 06:23:46,0.0,0.0,439.0,20.1,27.0
2024-01-19 06:33:46,0.0,0.0,429.0,20.0,27.0
2024-01-19 06:43:46,0.0,0.0,434.0,20.0,27.0
2024-01-19 06:53:46,0.0,0.0,438.0,20.0,27.0
2024-01-19 07:03:46,0.0,3.0,415.0,20.0,26.0
2024-01-19 07:13:46,0.0,3.0,414.0,20.0,24.0
2024-01-19 07:23:46,0.0,10.0,402.0,20.0,23.0
2024-01-19 07:33:46,0.0,20.0,401.0,20.0,23.0
2024-01-19 07:43:46,0.0,33.0,404.0,20.0,23.0
2024-01-19 07:53:46,0.0,43.0,394.0,20.0,22.0
2024-01-19 08:03:46,0.0,53.0,399.0,20.0,22.0
2024-01-19 08:13:46,0.0,70.0,395.0,20.0,22.0
2024-01-19 08:23:46,0.0,87.0,402.0,20.0,22.0
2024-01-19 08:33:46,0.0,107.0,400.0,20.0,22.0
2024-01-19 08:43:46,0.0,148.0,400.0,20.0,22.0
2024-01-19 08:53:46,0.0,195.0,401.0,20.0,22.0
2024-01-19 09:03:46,0.0,222.0,401.0,20.0,22.0
2024-01-19 09:13:46,0.0,171.0,397.0,20.0,22.0
2024-01-19 09:23:46,0.0,431.0,399.0,20.1,22.0
2024-01-19 09:33:46,0.0,525.0,405.0,20.2,22.0
2024-01-19 09:43:46,1.0,609.0,436.0,20.3,23.0
2024-01-19 09:53:46,0.0,714.0,455.0,20.4,23.0
2024-01-19 10:03:46,0.0,831.0,467.0,20.5,23.0
2024-01-19 10:13:45,0.0,1077.0,479.0,20.5,23.0
2024-01-19 10:23:45,0.0,1340.0,476.0,20.8,23.0
2024-01-19 10:33:45,0.0,26431.0,492.0,21.2,22.0
2024-01-19 10:43:45,0.0,1468.0,479.0,20.9,23.0
2024-01-19 10:53:45,0.0,1495.0,485.0,20.8,23.0
2024-01-19 11:03:45,0.0,16343.0,491.0,21.1,23.0
2024-01-19 11:13:45,0.0,1788.0,476.0,21.1,23.0
2024-01-19 11:23:45,0.0,1701.0,484.0,21.0,23.0
2024-01-19 11:33:45,1.0,656.0,463.0,20.8,23.0
2024-01-19 11:43:45,0.0,158.0,447.0,20.6,23.0
2024-01-19 11:53:45,0.0,336.0,432.0,20.5,23.0
2024-01-19 12:03:45,0.0,279.0,421.0,20.5,24.0
2024-01-19 12:13:45,0.0,144.0,405.0,20.4,24.0
2024-01-19 12:23:45,0.0,175.0,412.0,20.5,24.0
2024-01-19 12:33:45,0.0,165.0,407.0,20.4,24.0
2024-01-19 12:43:45,0.0,168.0,405.0,20.4,24.0
2024-01-19 12:53:45,0.0,134.0,411.0,20.4,24.0
2024-01-19 13:03:45,3.0,461.0,462.0,20.5,24.0
2024-01-19 13:13:45,0.0,461.0,474.0,20.5,24.0
2024-01-19 13:23:45,0.0,528.0,495.0,20.5,25.0
2024-01-19 13:33:45,0.0,468.0,508.0,20.6,25.0
2024-01-19 13:43:44,0.0,410.0,512.0,20.5,25.0
2024-01-19 13:53:44,0.0,414.0,505.0,20.5,25.0
2024-01-19 14:03:44,2.0,67.0,500.0,20.4,25.0
2024-01-19 14:13:44,0.0,60.0,451.0,20.3,25.0
2024-01-19 14:23:44,0.0,30.0,440.0,20.3,25.0
2024-01-19 14:33:44,0.0,30.0,435.0,20.3,25.0
2024-01-19 14:43:44,0.0,30.0,434.0,20.3,25.0
2024-01-19 14:53:44,0.0,13.0,418.0,20.3,25.0
2024-01-19 15:03:44,0.0,10.0,412.0,20.3,25.0
2024-01-19 15:13:44,0.0,6.0,404.0,20.3,25.0
2024-01-19 15:23:44,0.0,3.0,410.0,20.3,25.0
2024-01-19 15:33:44,0.0,3.0,409.0,20.2,25.0
2024-01-19 15:43:44,0.0,0.0,412.0,20.2,25.0
2024-01-19 15:53:44,0.0,0.0,418.0,20.3,25.0
2024-01-19 16:03:44,0.0,0.0,434.0,20.3,25.0
2024-01-19 16:13:44,0.0,0.0,493.0,20.3,26.0
2024-01-19 16:23:44,0.0,0.0,532.0,20.3,26.0
2024-01-19 16:33:44,0.0,0.0,572.0,20.3,27.0
2024-01-19 16:43:44,0.0,0.0,593.0,20.2,27.0
2024-01-19 16:53:44,0.0,0.0,609.0,20.2,28.0
2024-01-19 17:03:44,0.0,0.0,620.0,20.2,28.0
2024-01-19 17:13:43,0.0,0.0,628.0,20.2,28.0
2024-01-19 17:23:43,0.0,0.0,638.0,20.2,28.0
2024-01-19 17:33:43,0.0,0.0,639.0,20.3,28.0
2024-01-19 17:43:43,0.0,0.0,630.0,20.2,28.0
2024-01-19 17:53:43,0.0,0.0,627.0,20.3,28.0
2024-01-19 18:03:43,0.0,0.0,627.0,20.3,28.0
2024-01-19 18:13:43,0.0,0.0,627.0,20.3,29.0
2024-01-19 18:23:43,0.0,0.0,618.0,20.3,29.0
2024-01-19 18:33:43,0.0,0.0,617.0,20.2,29.0
2024-01-19 18:43:43,0.0,0.0,611.0,20.2,29.0
2024-01-19 18:53:43,0.0,0.0,602.0,20.2,29.0
2024-01-19 19:03:43,0.0,0.0,606.0,20.2,29.0
2024-01-19 19:13:43,0.0,0.0,583.0,20.3,29.0
2024-01-19 19:23:43,0.0,0.0,583.0,20.3,29.0
2024-01-19 19:33:43,0.0,0.0,566.0,20.3,29.0
2024-01-19 19:43:43,0.0,0.0,571.0,20.3,29.0
2024-01-19 19:53:43,0.0,0.0,566.0,20.2,29.0
2024-01-19 20:03:43,0.0,0.0,561.0,20.3,29.0
2024-01-19 20:13:43,0.0,0.0,552.0,20.3,29.0
2024-01-19 20:23:43,0.0,0.0,539.0,20.3,29.0
2024-01-19 20:33:43,0.0,0.0,544.0,20.3,29.0
2024-01-19 20:43:43,0.0,0.0,537.0,20.3,29.0
2024-01-19 20:53:42,0.0,0.0,527.0,20.3,29.0
2024-01-19 21:03:42,0.0,0.0,529.0,20.3,29.0
2024-01-19 21:13:42,0.0,0.0,523.0,20.3,29.0
2024-01-19 21:23:42,0.0,0.0,509.0,20.3,29.0
2024-01-19 21:33:42,0.0,0.0,520.0,20.3,29.0
2024-01-19 21:43:42,0.0,0.0,499.0,20.3,29.0
2024-01-19 21:53:42,0.0,0.0,503.0,20.4,29.0
2024-01-19 22:03:42,0.0,0.0,496.0,20.3,29.0
2024-01-19 22:23:42,0.0,0.0,494.0,20.3,29.0
2024-01-19 22:33:42,0.0,0.0,489.0,20.3,29.0
2024-01-19 22:43:42,0.0,0.0,489.0,20.3,29.0
2024-01-19 22:53:42,0.0,0.0,487.0,20.4,29.0
2024-01-19 23:03:42,0.0,0.0,480.0,20.3,29.0
2024-01-19 23:13:42,0.0,0.0,485.0,20.3,29.0
2024-01-19 23:23:42,0.0,0.0,486.0,20.3,29.0
2024-01-19 23:33:42,0.0,0.0,483.0,20.3,29.0
2024-01-19 23:43:42,0.0,0.0,474.0,20.3,29.0
2024-01-19 23:53:42,0.0,0.0,472.0,20.4,29.0
2024-01-20 00:03:42,0.0,0.0,466.0,20.3,29.0
2024-01-20 00:13:42,0.0,0.0,465.0,20.3,29.0
2024-01-20 00:23:42,0.0,0.0,467.0,20.3,29.0
2024-01-20 00:33:41,0.0,0.0,468.0,20.3,29.0
2024-01-20 00:43:41,0.0,0.0,458.0,20.4,29.0
2024-01-20 00:53:41,0.0,0.0,458.0,20.3,29.0
2024-01-20 01:03:41,0.0,0.0,464.0,20.3,29.0
2024-01-20 01:13:41,0.0,0.0,457.0,20.3,29.0
2024-01-20 01:23:41,0.0,0.0,455.0,20.3,29.0
2024-01-20 01:33:41,0.0,0.0,462.0,20.3,29.0
2024-01-20 01:43:41,0.0,0.0,455.0,20.3,29.0
2024-01-20 01:53:41,0.0,0.0,452.0,20.3,29.0
2024-01-20 02:03:41,0.0,0.0,447.0,20.3,29.0
2024-01-20 02:13:41,0.0,0.0,456.0,20.4,29.0
2024-01-20 02:23:41,0.0,0.0,449.0,20.3,29.0
2024-01-20 02:33:41,0.0,0.0,445.0,20.3,29.0
2024-01-20 02:43:41,0.0,0.0,444.0,20.3,29.0
2024-01-20 02:53:41,0.0,0.0,440.0,20.3,29.0
2024-01-20 03:03:41,0.0,0.0,437.0,20.3,29.0
2024-01-20 03:13:41,0.0,0.0,444.0,20.3,29.0
2024-01-20 03:23:41,0.0,0.0,440.0,20.3,29.0
2024-01-20 03:33:41,0.0,0.0,443.0,20.3,29.0
2024-01-20 03:43:41,0.0,0.0,434.0,20.4,29.0
2024-01-20 03:53:41,0.0,0.0,440.0,20.3,29.0
2024-01-20 04:03:41,0.0,0.0,438.0,20.3,29.0
2024-01-20 04:13:40,0.0,0.0,445.0,20.4,29.0
2024-01-20 04:23:40,0.0,0.0,435.0,20.4,29.0
2024-01-20 04:33:40,0.0,0.0,448.0,20.4,29.0
2024-01-20 04:43:41,0.0,0.0,440.0,20.4,29.0
2024-01-20 05:03:40,0.0,0.0,431.0,20.3,29.0
2024-01-20 05:13:40,0.0,0.0,427.0,20.4,29.0
2024-01-20 05:33:40,0.0,0.0,424.0,20.4,29.0
2024-01-20 05:43:40,0.0,0.0,433.0,20.3,29.0
2024-01-20 05:53:40,0.0,0.0,432.0,20.3,29.0
2024-01-20 06:03:40,0.0,0.0,423.0,20.4,30.0
2024-01-20 06:13:40,0.0,0.0,423.0,20.4,30.0
2024-01-20 06:23:40,0.0,0.0,438.0,20.4,30.0
2024-01-20 06:33:40,0.0,0.0,433.0,20.4,30.0
2024-01-20 06:43:40,0.0,0.0,436.0,20.4,30.0
2024-01-20 06:53:40,0.0,0.0,430.0,20.4,30.0
2024-01-20 07:03:40,0.0,0.0,435.0,20.4,30.0
2024-01-20 07:13:40,0.0,3.0,433.0,20.3,30.0
2024-01-20 07:23:40,0.0,0.0,434.0,20.4,30.0
2024-01-20 07:33:40,0.0,3.0,433.0,20.3,30.0
2024-01-20 07:43:40,0.0,6.0,433.0,20.4,30.0
2024-01-20 07:53:39,0.0,10.0,429.0,20.4,30.0
2024-01-20 08:03:39,0.0,6.0,431.0,20.4,30.0
2024-01-20 08:13:39,0.0,10.0,429.0,20.4,30.0
2024-01-20 08:23:39,0.0,13.0,428.0,20.4,30.0
2024-01-20 08:33:39,0.0,26.0,435.0,20.4,30.0
2024-01-20 08:43:39,0.0,23.0,434.0,20.3,30.0
2024-01-20 08:53:39,0.0,23.0,439.0,20.3,30.0
2024-01-20 09:03:39,0.0,23.0,431.0,20.3,30.0
2024-01-20 09:13:39,0.0,33.0,432.0,20.3,30.0
2024-01-20 09:23:39,0.0,47.0,428.0,20.3,30.0
2024-01-20 09:33:39,0.0,57.0,428.0,20.3,30.0
2024-01-20 09:43:39,0.0,60.0,438.0,20.4,30.0
2024-01-20 09:53:39,0.0,70.0,434.0,20.4,30.0
2024-01-20 10:03:39,0.0,77.0,422.0,20.4,30.0
2024-01-20 10:13:39,0.0,87.0,435.0,20.4,30.0
2024-01-20 10:23:39,0.0,97.0,425.0,20.4,30.0
2024-01-20 10:33:39,0.0,80.0,428.0,20.4,30.0
2024-01-20 10:43:39,0.0,77.0,433.0,20.4,30.0
2024-01-20 10:53:39,0.0,74.0,433.0,20.4,30.0
2024-01-20 11:03:39,0.0,74.0,429.0,20.4,30.0
2024-01-20 11:13:39,0.0,67.0,424.0,20.4,30.0
2024-01-20 11:23:39,0.0,84.0,424.0,20.4,30.0
2024-01-20 11:33:38,0.0,74.0,429.0,20.4,30.0
2024-01-20 11:43:38,0.0,90.0,424.0,20.4,30.0
2024-01-20 11:53:38,0.0,70.0,431.0,20.4,30.0
2024-01-20 12:03:38,0.0,63.0,430.0,20.4,30.0
2024-01-20 12:13:38,0.0,60.0,419.0,20.4,30.0
2024-01-20 12:23:39,0.0,67.0,429.0,20.4,30.0
2024-01-20 12:33:38,0.0,77.0,429.0,20.4,30.0
2024-01-20 12:43:38,0.0,63.0,425.0,20.4,30.0
2024-01-20 12:53:38,0.0,57.0,425.0,20.4,30.0
2024-01-20 13:03:38,0.0,57.0,429.0,20.5,30.0
2024-01-20 13:13:38,0.0,57.0,422.0,20.5,30.0
2024-01-20 13:23:38,0.0,50.0,427.0,20.5,30.0
2024-01-20 13:33:38,0.0,33.0,426.0,20.5,30.0
2024-01-20 13:43:38,0.0,33.0,432.0,20.5,30.0
2024-01-20 13:53:38,0.0,23.0,426.0,20.4,30.0
2024-01-20 14:03:38,0.0,23.0,427.0,20.5,30.0
2024-01-20 14:13:38,0.0,20.0,424.0,20.4,30.0
2024-01-20 14:23:38,0.0,20.0,429.0,20.4,30.0
2024-01-20 14:33:38,0.0,16.0,428.0,20.5,30.0
2024-01-20 14:43:38,0.0,10.0,426.0,20.4,30.0
2024-01-20 14:53:38,0.0,6.0,427.0,20.4,30.0
2024-01-20 15:03:37,0.0,3.0,418.0,20.5,30.0
2024-01-20 15:13:37,0.0,3.0,422.0,20.4,30.0
2024-01-20 15:23:38,0.0,0.0,420.0,20.4,30.0
2024-01-20 15:33:37,0.0,0.0,421.0,20.5,30.0
2024-01-20 15:43:37,0.0,0.0,421.0,20.4,30.0
2024-01-20 15:53:37,0.0,0.0,424.0,20.4,30.0
2024-01-20 16:03:37,0.0,0.0,425.0,20.4,30.0
2024-01-20 16:13:37,0.0,0.0,424.0,20.4,30.0
2024-01-20 16:23:37,0.0,0.0,426.0,20.4,30.0
2024-01-20 16:33:37,0.0,0.0,430.0,20.4,30.0
2024-01-20 16:43:37,0.0,0.0,429.0,20.4,30.0
2024-01-20 16:53:37,0.0,0.0,422.0,20.5,30.0
2024-01-20 17:03:37,0.0,0.0,429.0,20.4,30.0
2024-01-20 17:13:37,0.0,0.0,425.0,20.4,30.0
2024-01-20 17:23:37,0.0,0.0,428.0,20.4,30.0
2024-01-20 17:33:37,0.0,0.0,432.0,20.4,30.0
2024-01-20 17:43:37,0.0,0.0,432.0,20.4,30.0
2024-01-20 17:53:37,0.0,0.0,423.0,20.4,30.0
2024-01-20 18:03:37,0.0,0.0,425.0,20.5,30.0
2024-01-20 18:13:37,0.0,0.0,425.0,20.5,30.0
2024-01-20 18:23:37,0.0,0.0,426.0,20.5,30.0
2024-01-20 18:33:37,0.0,0.0,420.0,20.5,30.0
2024-01-20 18:43:37,0.0,0.0,433.0,20.4,30.0
2024-01-20 18:53:36,0.0,0.0,423.0,20.5,30.0
2024-01-20 19:03:36,0.0,0.0,428.0,20.4,30.0
2024-01-20 19:13:36,0.0,0.0,429.0,20.5,30.0
2024-01-20 19:33:36,0.0,0.0,430.0,20.4,30.0
2024-01-20 19:43:36,0.0,0.0,421.0,20.5,30.0
2024-01-20 19:53:36,0.0,0.0,424.0,20.5,30.0
2024-01-20 20:03:36,0.0,0.0,418.0,20.5,30.0
2024-01-20 20:13:36,0.0,0.0,423.0,20.5,30.0
2024-01-20 20:23:36,0.0,0.0,422.0,20.5,30.0
2024-01-20 20:33:36,0.0,0.0,425.0,20.5,30.0
2024-01-20 20:43:36,0.0,0.0,421.0,20.5,30.0
2024-01-20 20:53:36,0.0,0.0,422.0,20.5,30.0
2024-01-20 21:03:36,0.0,0.0,413.0,20.5,30.0
2024-01-20 21:13:36,0.0,0.0,420.0,20.5,30.0
2024-01-20 21:23:36,0.0,0.0,424.0,20.5,30.0
2024-01-20 21:33:36,0.0,0.0,423.0,20.5,30.0
2024-01-20 21:43:36,0.0,0.0,421.0,20.5,30.0
2024-01-20 21:53:36,0.0,0.0,415.0,20.5,30.0
2024-01-20 22:03:36,0.0,0.0,412.0,20.5,30.0
2024-01-20 22:13:36,0.0,0.0,417.0,20.5,30.0
2024-01-20 22:23:35,0.0,0.0,420.0,20.5,30.0
2024-01-20 22:33:35,0.0,0.0,430.0,20.5,30.0
2024-01-20 22:43:35,0.0,0.0,422.0,20.5,30.0
2024-01-20 22:53:35,0.0,0.0,417.0,20.5,30.0
2024-01-20 23:03:35,0.0,0.0,420.0,20.5,30.0
2024-01-20 23:13:35,0.0,0.0,419.0,20.5,30.0
2024-01-20 23:23:35,0.0,0.0,412.0,20.5,30.0
2024-01-20 23:33:35,0.0,0.0,418.0,20.5,30.0
2024-01-20 23:43:35,0.0,0.0,417.0,20.5,30.0
2024-01-20 23:53:35,0.0,0.0,428.0,20.5,30.0
2024-01-21 00:03:35,0.0,0.0,410.0,20.5,30.0
2024-01-21 00:13:35,0.0,0.0,421.0,20.5,30.0
2024-01-21 00:23:35,0.0,0.0,416.0,20.5,30.0
2024-01-21 00:33:35,0.0,0.0,413.0,20.5,30.0
2024-01-21 00:43:35,0.0,0.0,414.0,20.6,30.0
2024-01-21 00:53:35,0.0,0.0,416.0,20.5,30.0
2024-01-21 01:03:35,0.0,0.0,414.0,20.5,30.0
2024-01-21 01:13:35,0.0,0.0,414.0,20.5,30.0
2024-01-21 01:23:35,0.0,0.0,421.0,20.5,30.0
2024-01-21 01:33:35,0.0,0.0,418.0,20.5,30.0
2024-01-21 01:43:35,0.0,0.0,412.0,20.5,30.0
2024-01-21 01:53:35,0.0,0.0,413.0,20.5,29.0
2024-01-21 02:03:35,0.0,0.0,417.0,20.5,29.0
2024-01-21 02:13:34,0.0,0.0,416.0,20.5,29.0
2024-01-21 02:23:34,0.0,0.0,419.0,20.5,29.0
2024-01-21 02:33:34,0.0,0.0,413.0,20.5,29.0
2024-01-21 02:43:34,0.0,0.0,418.0,20.5,29.0
2024-01-21 02:53:34,0.0,0.0,413.0,20.5,29.0
2024-01-21 03:03:34,0.0,0.0,415.0,20.5,29.0
2024-01-21 03:13:34,0.0,0.0,408.0,20.6,29.0
2024-01-21 03:23:35,0.0,0.0,421.0,20.6,29.0
2024-01-21 03:33:34,0.0,0.0,409.0,20.6,29.0
2024-01-21 03:43:34,0.0,0.0,410.0,20.5,29.0
2024-01-21 03:53:34,0.0,0.0,415.0,20.5,29.0
2024-01-21 04:03:34,0.0,0.0,412.0,20.5,29.0
2024-01-21 04:13:34,0.0,0.0,425.0,20.6,29.0
2024-01-21 04:23:34,0.0,0.0,415.0,20.5,29.0
2024-01-21 04:33:34,0.0,0.0,409.0,20.5,29.0
2024-01-21 04:43:34,0.0,0.0,409.0,20.5,29.0
2024-01-21 04:53:34,0.0,0.0,409.0,20.5,29.0
2024-01-21 05:03:34,0.0,0.0,415.0,20.5,28.0
2024-01-21 05:13:34,0.0,0.0,418.0,20.5,28.0
2024-01-21 05:23:34,0.0,0.0,419.0,20.5,28.0
2024-01-21 05:33:34,0.0,0.0,410.0,20.5,28.0
2024-01-21 05:43:33,0.0,0.0,413.0,20.5,28.0
2024-01-21 05:53:33,0.0,0.0,416.0,20.5,28.0
2024-01-21 06:03:33,0.0,0.0,414.0,20.5,28.0
2024-01-21 06:13:33,0.0,0.0,409.0,20.5,28.0
2024-01-21 06:23:33,0.0,0.0,411.0,20.5,28.0
2024-01-21 06:33:33,0.0,0.0,417.0,20.5,28.0
2024-01-21 06:43:33,0.0,0.0,411.0,20.5,28.0
2024-01-21 06:53:33,0.0,0.0,408.0,20.5,28.0
2024-01-21 07:03:33,0.0,3.0,413.0,20.5,28.0
2024-01-21 07:13:33,0.0,3.0,416.0,20.4,28.0
2024-01-21 07:23:33,0.0,3.0,421.0,20.4,28.0
2024-01-21 07:33:33,0.0,6.0,414.0,20.4,28.0
2024-01-21 07:43:33,0.0,10.0,417.0,20.4,28.0
2024-01-21 07:53:33,0.0,16.0,411.0,20.4,28.0
2024-01-21 08:03:33,0.0,20.0,411.0,20.4,28.0
2024-01-21 08:13:33,0.0,20.0,413.0,20.4,28.0
2024-01-21 08:23:33,0.0,20.0,417.0,20.4,28.0
2024-01-21 08:33:33,0.0,26.0,415.0,20.4,28.0
2024-01-21 08:43:33,0.0,26.0,414.0,20.4,27.0
2024-01-21 08:53:33,0.0,30.0,417.0,20.3,27.0
2024-01-21 09:03:33,0.0,37.0,416.0,20.3,27.0
2024-01-21 09:13:33,0.0,37.0,416.0,20.3,27.0
2024-01-21 09:23:33,0.0,47.0,415.0,20.3,27.0
2024-01-21 09:33:32,0.0,53.0,419.0,20.3,27.0
2024-01-21 09:43:32,0.0,50.0,417.0,20.3,27.0
2024-01-21 10:03:32,0.0,53.0,416.0,20.3,27.0
2024-01-21 10:13:32,0.0,53.0,414.0,20.3,27.0
2024-01-21 10:23:32,0.0,60.0,422.0,20.3,27.0
2024-01-21 10:33:32,0.0,80.0,415.0,20.3,27.0
2024-01-21 10:43:32,0.0,87.0,404.0,20.4,27.0
2024-01-21 10:53:32,0.0,94.0,416.0,20.3,27.0
2024-01-21 11:03:32,0.0,80.0,414.0,20.4,27.0
2024-01-21 11:13:32,0.0,121.0,415.0,20.4,27.0
2024-01-21 11:23:32,0.0,161.0,413.0,20.4,27.0
2024-01-21 11:33:32,0.0,104.0,410.0,20.4,27.0
2024-01-21 11:43:32,0.0,60.0,418.0,20.3,27.0
2024-01-21 11:53:32,0.0,53.0,418.0,20.3,27.0
2024-01-21 12:03:32,0.0,60.0,413.0,20.3,27.0
2024-01-21 12:13:32,0.0,74.0,412.0,20.3,27.0
2024-01-21 12:23:32,0.0,47.0,408.0,20.3,27.0
2024-01-21 12:33:32,0.0,47.0,412.0,20.3,27.0
2024-01-21 12:43:32,0.0,47.0,406.0,20.3,27.0
2024-01-21 12:53:32,0.0,60.0,412.0,20.3,27.0
2024-01-21 13:03:31,0.0,70.0,412.0,20.3,27.0
2024-01-21 13:13:31,0.0,16.0,410.0,20.3,27.0
2024-01-21 13:23:31,0.0,20.0,414.0,20.3,27.0
2024-01-21 13:33:31,0.0,26.0,417.0,20.3,27.0
2024-01-21 13:43:31,0.0,30.0,417.0,20.3,27.0
2024-01-21 13:53:31,0.0,30.0,411.0,20.3,27.0
2024-01-21 14:03:31,0.0,40.0,407.0,20.2,27.0
2024-01-21 14:13:31,0.0,50.0,411.0,20.3,27.0
2024-01-21 14:23:31,0.0,67.0,407.0,20.3,27.0
2024-01-21 14:33:31,0.0,20.0,415.0,20.3,27.0
2024-01-21 14:43:31,0.0,6.0,417.0,20.3,27.0
2024-01-21 14:53:31,0.0,3.0,413.0,20.3,27.0
2024-01-21 15:03:31,0.0,3.0,414.0,20.3,27.0
2024-01-21 15:13:31,0.0,3.0,413.0,20.2,28.0
2024-01-21 15:23:31,0.0,0.0,408.0,20.2,28.0
2024-01-21 15:33:31,0.0,0.0,411.0,20.2,28.0
2024-01-21 15:43:31,0.0,0.0,418.0,20.2,28.0
2024-01-21 15:53:31,0.0,0.0,413.0,20.3,28.0
2024-01-21 16:03:31,0.0,0.0,413.0,20.3,28.0
2024-01-21 16:13:31,0.0,0.0,408.0,20.3,28.0
2024-01-21 16:23:31,0.0,0.0,410.0,20.3,28.0
2024-01-21 16:33:31,0.0,0.0,405.0,20.3,28.0
2024-01-21 16:43:30,0.0,0.0,408.0,20.3,28.0
2024-01-21 16:53:30,0.0,0.0,411.0,20.3,28.0
2024-01-21 17:03:30,0.0,0.0,408.0,20.3,28.0
2024-01-21 17:13:30,0.0,0.0,408.0,20.4,28.0
2024-01-21 17:23:30,0.0,0.0,408.0,20.3,28.0
2024-01-21 17:33:30,0.0,0.0,416.0,20.3,28.0
2024-01-21 17:43:30,0.0,0.0,417.0,20.3,28.0
2024-01-21 17:53:30,0.0,0.0,415.0,20.3,28.0
2024-01-21 18:03:30,0.0,0.0,407.0,20.2,28.0
2024-01-21 18:13:30,0.0,0.0,413.0,20.3,28.0
2024-01-21 18:23:30,0.0,0.0,418.0,20.3,28.0
2024-01-21 18:43:30,0.0,0.0,407.0,20.3,28.0
2024-01-21 18:53:30,0.0,0.0,410.0,20.3,28.0
2024-01-21 19:03:31,0.0,0.0,409.0,20.3,29.0
2024-01-21 19:13:30,0.0,0.0,408.0,20.3,28.0
2024-01-21 19:23:30,0.0,0.0,415.0,20.3,28.0
2024-01-21 19:33:30,0.0,0.0,402.0,20.3,28.0
2024-01-21 19:43:30,0.0,0.0,401.0,20.3,28.0
2024-01-21 19:53:30,0.0,0.0,408.0,20.3,28.0
2024-01-21 20:03:30,0.0,0.0,416.0,20.3,28.0
2024-01-21 20:23:29,0.0,0.0,412.0,20.4,28.0
2024-01-21 20:33:29,0.0,0.0,409.0,20.3,28.0
2024-01-21 20:43:30,0.0,0.0,411.0,20.3,28.0
2024-01-21 20:53:29,0.0,0.0,411.0,20.3,29.0
2024-01-21 21:03:29,0.0,0.0,407.0,20.3,29.0
2024-01-21 21:13:29,0.0,0.0,412.0,20.3,29.0
2024-01-21 21:23:29,0.0,0.0,403.0,20.3,29.0
2024-01-21 21:33:29,0.0,0.0,407.0,20.3,29.0
2024-01-21 21:43:29,0.0,0.0,408.0,20.3,29.0
2024-01-21 21:53:29,0.0,0.0,408.0,20.3,29.0
2024-01-21 22:03:29,0.0,0.0,407.0,20.4,29.0
2024-01-21 22:13:29,0.0,0.0,410.0,20.4,29.0
2024-01-21 22:23:29,0.0,0.0,403.0,20.4,29.0
2024-01-21 22:33:29,0.0,0.0,408.0,20.4,29.0
2024-01-21 22:43:29,0.0,0.0,405.0,20.4,29.0
2024-01-21 22:53:29,0.0,0.0,406.0,20.4,29.0
2024-01-21 23:03:29,0.0,0.0,400.0,20.4,29.0
2024-01-21 23:13:29,0.0,0.0,411.0,20.3,29.0
2024-01-21 23:23:29,0.0,0.0,420.0,20.3,29.0
2024-01-21 23:33:29,0.0,0.0,420.0,20.3,29.0
2024-01-21 23:43:29,0.0,0.0,418.0,20.3,29.0
2024-01-21 23:53:28,0.0,0.0,418.0,20.3,29.0
2024-01-22 00:03:28,0.0,0.0,412.0,20.3,29.0
2024-01-22 00:13:28,0.0,0.0,420.0,20.3,29.0
2024-01-22 00:23:28,0.0,0.0,424.0,20.3,29.0
2024-01-22 00:33:28,0.0,0.0,414.0,20.3,29.0
2024-01-22 00:43:28,0.0,0.0,417.0,20.3,29.0
2024-01-22 00:53:28,0.0,0.0,411.0,20.3,29.0
2024-01-22 01:03:28,0.0,0.0,416.0,20.4,29.0
2024-01-22 01:13:28,0.0,0.0,417.0,20.4,29.0
2024-01-22 01:23:28,0.0,0.0,418.0,20.3,29.0
2024-01-22 01:33:28,0.0,0.0,415.0,20.4,29.0
2024-01-22 01:43:28,0.0,0.0,424.0,20.3,29.0
2024-01-22 01:53:28,0.0,0.0,413.0,20.3,29.0
2024-01-22 02:03:28,0.0,0.0,411.0,20.4,29.0
2024-01-22 02:13:28,0.0,0.0,403.0,20.3,29.0
2024-01-22 02:23:28,0.0,0.0,415.0,20.3,29.0
2024-01-22 02:43:28,0.0,0.0,418.0,20.3,29.0
2024-01-22 02:53:28,0.0,0.0,420.0,20.3,29.0
2024-01-22 03:03:28,0.0,0.0,414.0,20.3,29.0
2024-01-22 03:13:28,0.0,0.0,414.0,20.3,30.0
2024-01-22 03:23:28,0.0,0.0,413.0,20.3,30.0
2024-01-22 03:33:28,0.0,0.0,415.0,20.3,30.0
2024-01-22 03:43:27,0.0,0.0,406.0,20.3,30.0
2024-01-22 03:53:27,0.0,0.0,414.0,20.3,30.0
2024-01-22 04:03:27,0.0,0.0,405.0,20.3,30.0
2024-01-22 04:13:27,0.0,0.0,411.0,20.3,30.0
2024-01-22 04:23:27,0.0,0.0,413.0,20.3,30.0
2024-01-22 04:33:27,0.0,0.0,414.0,20.3,30.0
2024-01-22 04:43:27,0.0,0.0,414.0,20.3,30.0
2024-01-22 04:53:27,0.0,0.0,413.0,20.3,30.0
2024-01-22 05:03:27,0.0,0.0,411.0,20.3,30.0
2024-01-22 05:13:27,0.0,0.0,407.0,20.3,30.0
2024-01-22 05:23:27,0.0,0.0,414.0,20.3,30.0
2024-01-22 05:43:27,0.0,0.0,412.0,20.3,30.0
2024-01-22 05:53:27,0.0,0.0,413.0,20.2,30.0
2024-01-22 06:03:27,0.0,0.0,416.0,20.2,31.0
2024-01-22 06:13:27,0.0,0.0,412.0,20.3,31.0
2024-01-22 06:23:27,0.0,0.0,414.0,20.3,31.0
2024-01-22 06:33:27,0.0,0.0,411.0,20.3,31.0
2024-01-22 06:43:27,0.0,0.0,416.0,20.2,31.0
2024-01-22 06:53:27,0.0,0.0,413.0,20.2,31.0
2024-01-22 07:03:27,0.0,0.0,406.0,20.3,31.0
2024-01-22 07:13:26,0.0,0.0,410.0,20.3,32.0
2024-01-22 07:23:26,0.0,3.0,405.0,20.2,33.0
2024-01-22 07:33:27,0.0,3.0,402.0,20.3,33.0
2024-01-22 07:43:26,0.0,3.0,410.0,20.3,34.0
2024-01-22 07:53:26,0.0,3.0,413.0,20.3,34.0
2024-01-22 08:03:26,0.0,3.0,404.0,20.2,34.0
2024-01-22 08:13:26,0.0,6.0,409.0,20.3,34.0
2024-01-22 08:23:26,0.0,10.0,409.0,20.2,34.0
2024-01-22 08:33:26,0.0,13.0,401.0,20.2,35.0
2024-01-22 08:43:26,0.0,13.0,409.0,20.2,35.0
2024-01-22 08:53:26,0.0,13.0,408.0,20.2,35.0
2024-01-22 09:03:26,0.0,20.0,406.0,20.2,36.0
2024-01-22 09:13:26,0.0,23.0,411.0,20.2,36.0
2024-01-22 09:23:29,0.0,23.0,411.0,20.3,36.0
2024-01-22 09:33:26,0.0,16.0,416.0,20.3,36.0
2024-01-22 09:43:26,0.0,16.0,422.0,20.3,36.0
2024-01-22 09:53:26,0.0,26.0,416.0,20.3,37.0
2024-01-22 10:03:26,0.0,33.0,415.0,20.3,37.0
2024-01-22 10:13:26,0.0,67.0,413.0,20.3,37.0
2024-01-22 10:23:26,0.0,47.0,420.0,20.3,37.0
2024-01-22 10:33:26,0.0,43.0,418.0,20.3,38.0
2024-01-22 10:43:26,0.0,60.0,419.0,20.3,38.0
2024-01-22 10:53:25,0.0,50.0,426.0,20.3,38.0
2024-01-22 11:03:25,0.0,50.0,436.0,20.4,38.0
2024-01-22 11:13:25,0.0,53.0,436.0,20.4,38.0
2024-01-22 11:23:25,0.0,80.0,420.0,20.4,38.0
2024-01-22 11:33:25,0.0,84.0,415.0,20.4,38.0
2024-01-22 11:43:25,0.0,67.0,414.0,20.3,38.0
2024-01-22 11:53:25,0.0,94.0,415.0,20.3,37.0
2024-01-22 12:03:25,0.0,121.0,409.0,20.4,37.0
2024-01-22 12:13:25,0.0,101.0,416.0,20.4,37.0
2024-01-22 12:23:25,0.0,127.0,415.0,20.4,37.0
2024-01-22 12:33:25,0.0,80.0,418.0,20.4,36.0
2024-01-22 12:43:25,0.0,114.0,435.0,20.4,36.0
2024-01-22 12:53:25,0.0,74.0,432.0,20.4,36.0
2024-01-22 13:03:25,0.0,151.0,435.0,20.4,36.0
2024-01-22 13:13:25,0.0,191.0,428.0,20.4,36.0
2024-01-22 13:23:25,0.0,80.0,429.0,20.4,36.0
2024-01-22 13:33:25,0.0,57.0,426.0,20.4,35.0
2024-01-22 13:43:25,0.0,60.0,414.0,20.4,35.0
2024-01-22 13:53:25,0.0,141.0,414.0,20.5,35.0
2024-01-22 14:03:25,0.0,53.0,420.0,20.5,35.0
2024-01-22 14:13:25,0.0,23.0,432.0,20.5,35.0
2024-01-22 14:23:25,2.0,26.0,491.0,20.5,35.0
2024-01-22 14:33:24,2.0,23.0,484.0,20.5,35.0
2024-01-22 14:43:24,0.0,16.0,437.0,20.5,34.0
2024-01-22 14:53:24,0.0,10.0,435.0,20.5,34.0
2024-01-22 15:03:24,0.0,6.0,434.0,20.5,34.0
2024-01-22 15:13:24,0.0,3.0,424.0,20.5,34.0
2024-01-22 15:23:24,0.0,3.0,417.0,20.5,34.0
2024-01-22 15:33:24,2.0,3.0,434.0,20.5,34.0
2024-01-22 15:43:24,0.0,0.0,435.0,20.5,34.0
2024-01-22 15:53:24,0.0,0.0,432.0,20.5,34.0
2024-01-22 16:03:24,0.0,0.0,438.0,20.5,34.0
2024-01-22 16:13:24,0.0,0.0,513.0,20.5,34.0
2024-01-22 16:23:24,0.0,0.0,565.0,20.5,34.0
2024-01-22 16:33:24,0.0,0.0,603.0,20.5,35.0
2024-01-22 16:43:24,0.0,0.0,634.0,20.5,35.0
2024-01-22 16:53:24,0.0,0.0,656.0,20.5,35.0
2024-01-22 17:03:24,0.0,0.0,676.0,20.5,35.0
2024-01-22 17:13:24,0.0,0.0,694.0,20.4,35.0
2024-01-22 17:23:24,0.0,0.0,711.0,20.5,35.0
2024-01-22 17:33:24,0.0,0.0,709.0,20.5,35.0
2024-01-22 17:43:24,0.0,0.0,723.0,20.5,35.0
2024-01-22 17:53:24,0.0,0.0,714.0,20.5,35.0
2024-01-22 18:03:24,0.0,0.0,722.0,20.5,35.0
2024-01-22 18:13:24,0.0,0.0,723.0,20.5,35.0
2024-01-22 18:23:24,0.0,0.0,720.0,20.5,35.0
2024-01-22 18:33:23,0.0,0.0,708.0,20.5,35.0
2024-01-22 18:43:23,0.0,0.0,712.0,20.5,35.0
2024-01-22 18:53:23,0.0,0.0,710.0,20.5,35.0
2024-01-22 19:03:23,0.0,0.0,697.0,20.5,35.0
2024-01-22 19:13:23,0.0,0.0,688.0,20.5,35.0
2024-01-22 19:23:23,0.0,0.0,678.0,20.5,35.0
2024-01-22 19:33:24,0.0,0.0,651.0,20.5,35.0
2024-01-22 19:43:23,0.0,0.0,647.0,20.5,35.0
2024-01-22 19:53:23,0.0,0.0,625.0,20.6,35.0
2024-01-22 20:03:23,0.0,0.0,622.0,20.6,35.0
2024-01-22 20:13:23,0.0,0.0,622.0,20.5,34.0
2024-01-22 20:23:23,0.0,0.0,624.0,20.6,34.0
2024-01-22 20:43:23,0.0,0.0,599.0,20.6,34.0
2024-01-22 20:53:23,0.0,0.0,589.0,20.6,34.0
2024-01-22 21:03:23,0.0,0.0,578.0,20.6,34.0
2024-01-22 21:13:23,0.0,0.0,589.0,20.6,34.0
2024-01-22 21:23:23,0.0,0.0,581.0,20.6,34.0
2024-01-22 21:33:23,0.0,0.0,571.0,20.7,34.0
2024-01-22 21:43:23,0.0,0.0,586.0,20.6,34.0
2024-01-22 21:53:22,0.0,0.0,560.0,20.6,34.0
2024-01-22 22:03:22,0.0,0.0,559.0,20.6,34.0
2024-01-22 22:13:22,0.0,0.0,558.0,20.6,34.0
2024-01-22 22:23:22,0.0,0.0,546.0,20.6,34.0
2024-01-22 22:33:22,0.0,0.0,546.0,20.6,34.0
2024-01-22 22:43:22,0.0,0.0,536.0,20.6,34.0
2024-01-22 22:53:22,0.0,0.0,535.0,20.6,34.0
2024-01-22 23:03:22,0.0,0.0,524.0,20.6,34.0
2024-01-22 23:13:22,0.0,0.0,524.0,20.6,34.0
2024-01-22 23:23:22,0.0,0.0,520.0,20.5,34.0
2024-01-22 23:33:22,0.0,0.0,514.0,20.6,34.0
2024-01-22 23:43:22,0.0,0.0,514.0,20.6,34.0
2024-01-22 23:53:22,0.0,0.0,508.0,20.6,34.0
2024-01-23 00:03:22,0.0,0.0,508.0,20.6,34.0
2024-01-23 00:13:22,0.0,0.0,512.0,20.6,34.0
2024-01-23 00:23:22,0.0,0.0,502.0,20.7,34.0
2024-01-23 00:43:22,0.0,0.0,502.0,20.6,34.0
2024-01-23 00:53:22,0.0,0.0,489.0,20.6,34.0
2024-01-23 01:03:22,0.0,0.0,495.0,20.6,34.0
2024-01-23 01:13:22,0.0,0.0,486.0,20.7,33.0
2024-01-23 01:23:21,0.0,0.0,472.0,20.6,33.0
2024-01-23 01:33:21,0.0,0.0,474.0,20.6,33.0
2024-01-23 01:43:21,0.0,0.0,485.0,20.6,33.0
2024-01-23 01:53:21,0.0,0.0,476.0,20.6,33.0
2024-01-23 02:03:21,0.0,0.0,487.0,20.6,33.0
2024-01-23 02:13:21,0.0,0.0,464.0,20.6,33.0
2024-01-23 02:23:21,0.0,0.0,475.0,20.6,33.0
2024-01-23 02:33:21,0.0,0.0,475.0,20.6,33.0
2024-01-23 02:43:21,0.0,0.0,474.0,20.6,33.0
2024-01-23 02:53:21,0.0,0.0,473.0,20.6,33.0
2024-01-23 03:03:21,0.0,0.0,473.0,20.6,33.0
2024-01-23 03:13:21,0.0,0.0,474.0,20.6,33.0
2024-01-23 03:23:21,0.0,0.0,475.0,20.6,33.0
2024-01-23 03:33:21,0.0,0.0,468.0,20.7,33.0
2024-01-23 03:43:21,0.0,0.0,470.0,20.7,33.0
2024-01-23 03:53:21,0.0,0.0,475.0,20.6,33.0
2024-01-23 04:03:21,0.0,0.0,477.0,20.7,33.0
2024-01-23 04:13:21,0.0,0.0,463.0,20.6,33.0
2024-01-23 04:23:21,0.0,0.0,471.0,20.7,33.0
2024-01-23 04:33:21,0.0,0.0,459.0,20.6,33.0
2024-01-23 04:43:21,0.0,0.0,460.0,20.7,33.0
2024-01-23 04:53:21,0.0,0.0,469.0,20.7,33.0
2024-01-23 05:03:20,0.0,0.0,463.0,20.7,33.0
2024-01-23 05:13:20,0.0,0.0,462.0,20.7,33.0
2024-01-23 05:23:20,0.0,0.0,466.0,20.6,33.0
2024-01-23 05:33:20,0.0,0.0,458.0,20.6,33.0
2024-01-23 05:43:20,0.0,0.0,455.0,20.6,33.0
2024-01-23 05:53:20,0.0,0.0,460.0,20.7,33.0
2024-01-23 06:03:20,0.0,0.0,459.0,20.6,33.0
2024-01-23 06:13:20,0.0,0.0,458.0,20.6,33.0
2024-01-23 06:23:20,0.0,0.0,454.0,20.6,33.0
2024-01-23 06:43:20,0.0,0.0,452.0,20.6,33.0
2024-01-23 06:53:20,0.0,3.0,460.0,20.6,33.0
2024-01-23 07:03:20,0.0,3.0,449.0,20.6,33.0
2024-01-23 07:13:20,0.0,3.0,427.0,20.6,32.0
2024-01-23 07:23:20,0.0,3.0,415.0,20.6,32.0
2024-01-23 07:33:20,0.0,6.0,418.0,20.6,32.0
2024-01-23 07:43:20,0.0,13.0,413.0,20.6,32.0
2024-01-23 08:03:20,0.0,40.0,410.0,20.7,33.0
2024-01-23 08:13:20,0.0,33.0,408.0,20.6,33.0
2024-01-23 08:23:20,0.0,60.0,413.0,20.6,33.0
2024-01-23 08:33:20,0.0,43.0,411.0,20.7,33.0
2024-01-23 08:43:19,0.0,63.0,411.0,20.7,33.0
2024-01-23 08:53:19,0.0,111.0,409.0,20.7,33.0
2024-01-23 09:03:19,0.0,53.0,408.0,20.7,33.0
2024-01-23 09:13:19,0.0,60.0,420.0,20.7,33.0
2024-01-23 09:23:19,0.0,101.0,423.0,20.7,33.0
2024-01-23 09:33:19,0.0,252.0,426.0,20.7,33.0
2024-01-23 09:43:19,2.0,121.0,472.0,20.8,34.0
2024-01-23 09:53:19,0.0,734.0,498.0,20.8,34.0
2024-01-23 10:03:19,0.0,141.0,506.0,20.9,34.0
2024-01-23 10:13:19,0.0,235.0,520.0,20.8,34.0
2024-01-23 10:23:19,0.0,276.0,510.0,20.9,34.0
2024-01-23 10:33:19,1.0,3253.0,509.0,21.0,34.0
2024-01-23 10:43:19,1.0,1606.0,520.0,21.1,33.0
2024-01-23 10:53:19,2.0,336.0,493.0,21.1,33.0
2024-01-23 11:03:19,0.0,805.0,453.0,21.0,33.0
2024-01-23 11:13:19,7.0,1859.0,440.0,21.0,33.0
2024-01-23 11:23:19,0.0,1653.0,435.0,21.1,33.0
2024-01-23 11:33:19,0.0,1525.0,422.0,21.2,32.0
2024-01-23 11:43:19,0.0,1293.0,415.0,21.2,32.0
2024-01-23 11:53:19,0.0,1556.0,419.0,21.3,32.0
2024-01-23 12:03:19,0.0,343.0,417.0,21.4,32.0
2024-01-23 12:13:19,0.0,895.0,422.0,21.2,32.0
2024-01-23 12:23:18,0.0,1310.0,419.0,21.2,32.0
2024-01-23 12:33:18,0.0,390.0,422.0,21.1,32.0
2024-01-23 12:43:18,0.0,104.0,419.0,21.1,32.0
2024-01-23 12:53:19,2.0,148.0,443.0,21.1,32.0
2024-01-23 13:03:18,0.0,185.0,490.0,21.1,33.0
2024-01-23 13:13:18,0.0,168.0,525.0,21.1,33.0
2024-01-23 13:23:18,3.0,80.0,533.0,21.1,33.0
2024-01-23 13:33:18,0.0,360.0,481.0,21.0,33.0
2024-01-23 13:43:18,0.0,202.0,445.0,21.0,33.0
2024-01-23 13:53:18,0.0,168.0,441.0,21.0,32.0
2024-01-23 14:03:18,0.0,131.0,434.0,20.9,32.0
2024-01-23 14:13:18,0.0,111.0,429.0,21.0,32.0
2024-01-23 14:23:18,0.0,67.0,430.0,21.0,31.0
2024-01-23 14:33:18,0.0,47.0,422.0,20.9,31.0
2024-01-23 14:43:18,0.0,37.0,426.0,21.0,31.0
2024-01-23 14:53:18,0.0,30.0,421.0,20.9,31.0
2024-01-23 15:03:18,0.0,16.0,424.0,20.9,31.0
2024-01-23 15:13:18,0.0,6.0,422.0,20.9,31.0
2024-01-23 15:23:18,0.0,6.0,421.0,20.9,31.0
2024-01-23 15:33:18,0.0,3.0,430.0,20.9,31.0
2024-01-23 15:43:18,0.0,3.0,420.0,20.9,31.0
2024-01-23 15:53:18,0.0,0.0,418.0,20.9,31.0
2024-01-23 16:03:17,0.0,0.0,426.0,20.9,31.0
2024-01-23 16:13:17,0.0,0.0,450.0,20.8,31.0
2024-01-23 16:23:17,0.0,0.0,467.0,20.8,32.0
2024-01-23 16:33:17,0.0,0.0,488.0,20.9,32.0
2024-01-23 16:43:17,0.0,0.0,511.0,20.8,32.0
2024-01-23 16:53:17,0.0,0.0,515.0,20.8,32.0
2024-01-23 17:03:17,0.0,0.0,523.0,20.8,33.0
2024-01-23 17:13:18,0.0,0.0,530.0,20.8,33.0
2024-01-23 17:23:17,0.0,0.0,529.0,20.8,33.0
2024-01-23 17:33:17,0.0,0.0,537.0,20.8,33.0
2024-01-23 17:43:17,0.0,0.0,526.0,20.7,33.0
2024-01-23 17:53:17,0.0,0.0,539.0,20.8,33.0
2024-01-23 18:03:17,0.0,0.0,542.0,20.7,33.0
2024-01-23 18:13:17,0.0,0.0,530.0,20.8,33.0
2024-01-23 18:23:17,0.0,0.0,535.0,20.7,33.0
2024-01-23 18:33:17,0.0,0.0,528.0,20.7,33.0
2024-01-23 18:43:17,0.0,0.0,527.0,20.7,34.0
2024-01-23 18:53:17,0.0,0.0,524.0,20.7,33.0
2024-01-23 19:03:17,0.0,0.0,522.0,20.7,33.0
2024-01-23 19:13:17,0.0,0.0,516.0,20.7,33.0
2024-01-23 19:23:17,0.0,0.0,508.0,20.7,33.0
2024-01-23 19:33:17,0.0,0.0,495.0,20.7,33.0
2024-01-23 19:43:16,0.0,0.0,492.0,20.7,33.0
2024-01-23 19:53:16,0.0,0.0,485.0,20.7,33.0
2024-01-23 20:03:16,0.0,0.0,481.0,20.7,33.0
2024-01-23 20:13:16,0.0,0.0,493.0,20.7,33.0
2024-01-23 20:23:16,0.0,0.0,482.0,20.7,33.0
2024-01-23 20:33:16,0.0,0.0,470.0,20.7,33.0
2024-01-23 20:43:16,0.0,0.0,480.0,20.7,33.0
2024-01-23 20:53:16,0.0,0.0,478.0,20.7,33.0
2024-01-23 21:03:16,0.0,0.0,470.0,20.7,33.0
2024-01-23 21:13:16,0.0,0.0,470.0,20.7,33.0
2024-01-23 21:23:16,0.0,0.0,465.0,20.7,33.0
2024-01-23 21:33:16,0.0,0.0,457.0,20.7,33.0
2024-01-23 21:43:16,0.0,0.0,463.0,20.7,33.0
2024-01-23 21:53:16,0.0,0.0,459.0,20.7,33.0
2024-01-23 22:03:16,0.0,0.0,466.0,20.7,33.0
2024-01-23 22:13:16,0.0,0.0,462.0,20.6,33.0
2024-01-23 22:23:16,0.0,0.0,459.0,20.6,33.0
2024-01-23 22:33:16,0.0,0.0,450.0,20.6,33.0
2024-01-23 22:43:16,0.0,0.0,458.0,20.6,33.0
2024-01-23 22:53:16,0.0,0.0,446.0,20.6,33.0
2024-01-23 23:03:16,0.0,0.0,448.0,20.6,33.0
2024-01-23 23:13:15,0.0,0.0,457.0,20.6,33.0
2024-01-23 23:23:15,0.0,0.0,451.0,20.6,33.0
2024-01-23 23:33:16,0.0,0.0,458.0,20.6,33.0
2024-01-23 23:43:15,0.0,0.0,453.0,20.5,33.0
2024-01-23 23:53:15,0.0,0.0,445.0,20.6,33.0
2024-01-24 00:03:15,0.0,0.0,447.0,20.6,33.0
2024-01-24 00:23:15,0.0,0.0,446.0,20.5,34.0
2024-01-24 00:33:15,0.0,0.0,458.0,20.5,34.0
2024-01-24 00:43:15,0.0,0.0,446.0,20.5,33.0
2024-01-24 00:53:15,0.0,0.0,457.0,20.5,34.0
2024-01-24 01:03:15,0.0,0.0,438.0,20.5,34.0
2024-01-24 01:13:15,0.0,0.0,449.0,20.5,34.0
2024-01-24 01:23:15,0.0,0.0,436.0,20.5,34.0
2024-01-24 01:33:15,0.0,0.0,440.0,20.5,34.0
2024-01-24 01:43:15,0.0,0.0,437.0,20.5,34.0
2024-01-24 01:53:15,0.0,0.0,439.0,20.5,34.0
2024-01-24 02:03:15,0.0,0.0,449.0,20.5,34.0
2024-01-24 02:13:15,0.0,0.0,442.0,20.5,34.0
2024-01-24 02:23:15,0.0,0.0,438.0,20.5,34.0
2024-01-24 02:43:15,0.0,0.0,440.0,20.5,34.0
2024-01-24 02:53:14,0.0,0.0,426.0,20.4,34.0
2024-01-24 03:03:14,0.0,0.0,427.0,20.5,34.0
2024-01-24 03:13:14,0.0,0.0,430.0,20.5,34.0
2024-01-24 03:23:14,0.0,0.0,428.0,20.5,34.0
2024-01-24 03:33:14,0.0,0.0,423.0,20.4,34.0
2024-01-24 03:43:14,0.0,0.0,439.0,20.4,35.0
2024-01-24 03:53:14,0.0,0.0,431.0,20.4,35.0
2024-01-24 04:03:14,0.0,0.0,424.0,20.4,35.0
2024-01-24 04:13:14,0.0,0.0,429.0,20.4,35.0
2024-01-24 04:23:14,0.0,0.0,432.0,20.4,35.0
2024-01-24 04:33:14,0.0,0.0,428.0,20.4,35.0
2024-01-24 04:43:14,0.0,0.0,429.0,20.4,35.0
2024-01-24 04:53:14,0.0,0.0,428.0,20.5,35.0
2024-01-24 05:03:14,0.0,0.0,430.0,20.4,35.0
2024-01-24 05:13:14,0.0,0.0,422.0,20.5,35.0
2024-01-24 05:23:14,0.0,0.0,428.0,20.4,35.0
2024-01-24 05:33:14,0.0,0.0,424.0,20.4,35.0
2024-01-24 05:43:14,0.0,0.0,430.0,20.4,35.0
2024-01-24 05:53:14,0.0,0.0,420.0,20.4,35.0
2024-01-24 06:03:14,0.0,0.0,415.0,20.4,36.0
2024-01-24 06:13:14,0.0,0.0,429.0,20.4,36.0
2024-01-24 06:23:19,0.0,0.0,433.0,20.4,36.0
2024-01-24 06:33:20,0.0,0.0,424.0,20.4,36.0
2024-01-24 06:43:13,0.0,0.0,431.0,20.4,36.0
2024-01-24 06:53:13,0.0,0.0,425.0,20.4,36.0
2024-01-24 07:03:13,0.0,0.0,422.0,20.4,36.0
2024-01-24 07:13:13,0.0,3.0,413.0,20.5,37.0
2024-01-24 07:23:13,0.0,3.0,408.0,20.5,37.0
2024-01-24 07:33:13,0.0,3.0,412.0,20.5,37.0
2024-01-24 07:43:13,0.0,6.0,408.0,20.5,38.0
2024-01-24 07:53:13,0.0,16.0,411.0,20.6,37.0
2024-01-24 08:03:13,0.0,6.0,412.0,20.6,37.0
2024-01-24 08:13:13,0.0,13.0,416.0,20.6,37.0
2024-01-24 08:23:13,0.0,20.0,413.0,20.5,37.0
2024-01-24 08:33:13,0.0,26.0,414.0,20.6,37.0
2024-01-24 08:43:13,0.0,40.0,420.0,20.6,37.0
2024-01-24 08:53:13,4.0,47.0,434.0,20.6,37.0
2024-01-24 09:03:13,2.0,370.0,474.0,20.7,38.0
2024-01-24 09:13:13,0.0,370.0,484.0,20.7,38.0
2024-01-24 09:23:13,0.0,380.0,493.0,20.7,38.0
2024-01-24 09:33:13,1.0,363.0,501.0,20.7,38.0
2024-01-24 09:43:13,3.0,370.0,512.0,20.7,38.0
2024-01-24 09:53:13,2.0,377.0,531.0,20.6,38.0
2024-01-24 10:03:13,0.0,367.0,533.0,20.6,38.0
2024-01-24 10:13:13,3.0,404.0,543.0,20.6,38.0
2024-01-24 10:23:12,1.0,400.0,544.0,20.6,38.0
2024-01-24 10:33:12,7.0,387.0,540.0,20.7,39.0
2024-01-24 10:43:13,3.0,377.0,533.0,20.7,38.0
2024-01-24 10:53:12,7.0,26.0,497.0,20.7,38.0
2024-01-24 11:03:12,0.0,33.0,461.0,20.6,38.0
2024-01-24 11:13:12,0.0,60.0,433.0,20.6,38.0
2024-01-24 11:23:12,0.0,37.0,440.0,20.6,38.0
2024-01-24 11:33:12,0.0,26.0,431.0,20.6,38.0
2024-01-24 11:43:12,0.0,23.0,421.0,20.6,38.0
2024-01-24 11:53:12,0.0,30.0,429.0,20.7,38.0
2024-01-24 12:03:12,0.0,23.0,430.0,20.7,37.0
2024-01-24 12:13:12,0.0,23.0,438.0,20.7,38.0
2024-01-24 12:23:12,0.0,26.0,440.0,20.6,38.0
2024-01-24 12:33:12,0.0,40.0,444.0,20.7,38.0
2024-01-24 12:43:12,0.0,74.0,436.0,20.7,38.0
2024-01-24 12:53:12,0.0,47.0,444.0,20.7,38.0
2024-01-24 13:03:12,0.0,26.0,437.0,20.7,38.0
2024-01-24 13:13:12,0.0,33.0,440.0,20.7,38.0
2024-01-24 13:23:12,0.0,50.0,426.0,20.7,38.0
2024-01-24 13:33:12,0.0,43.0,422.0,20.7,37.0
2024-01-24 13:43:12,0.0,26.0,414.0,20.7,37.0
2024-01-24 13:53:12,0.0,30.0,425.0,20.7,37.0
2024-01-24 14:03:11,0.0,33.0,427.0,20.7,37.0
2024-01-24 14:13:11,0.0,23.0,430.0,20.7,37.0
2024-01-24 14:23:11,0.0,16.0,438.0,20.7,37.0
2024-01-24 14:33:12,0.0,23.0,435.0,20.7,37.0
2024-01-24 14:43:11,0.0,16.0,430.0,20.7,37.0
2024-01-24 14:53:11,0.0,10.0,430.0,20.7,37.0
2024-01-24 15:03:11,0.0,6.0,413.0,20.7,37.0
2024-01-24 15:13:11,0.0,6.0,418.0,20.7,37.0
2024-01-24 15:23:11,0.0,3.0,412.0,20.7,37.0
2024-01-24 15:33:11,0.0,3.0,413.0,20.7,37.0
2024-01-24 15:43:11,0.0,3.0,406.0,20.7,37.0
2024-01-24 15:53:11,0.0,3.0,415.0,20.7,37.0
2024-01-24 16:03:11,0.0,0.0,421.0,20.7,37.0
2024-01-24 16:13:11,0.0,0.0,493.0,20.7,38.0
2024-01-24 16:23:11,0.0,0.0,552.0,20.7,38.0
2024-01-24 16:33:11,0.0,0.0,604.0,20.6,38.0
2024-01-24 16:43:11,0.0,0.0,631.0,20.6,38.0
2024-01-24 16:53:11,0.0,0.0,643.0,20.6,38.0
2024-01-24 17:03:11,0.0,0.0,644.0,20.6,38.0
2024-01-24 17:13:11,0.0,0.0,658.0,20.7,38.0
2024-01-24 17:23:11,0.0,0.0,664.0,20.7,38.0
2024-01-24 17:33:10,0.0,0.0,648.0,20.7,38.0
2024-01-24 17:43:10,0.0,0.0,644.0,20.7,38.0
2024-01-24 17:53:10,0.0,0.0,647.0,20.7,38.0
2024-01-24 18:03:10,0.0,0.0,640.0,20.6,38.0
2024-01-24 18:13:10,0.0,0.0,632.0,20.6,38.0
2024-01-24 18:23:10,0.0,0.0,629.0,20.6,38.0
2024-01-24 18:33:10,0.0,0.0,622.0,20.6,38.0
2024-01-24 18:43:10,0.0,0.0,619.0,20.6,38.0
2024-01-24 18:53:10,0.0,0.0,606.0,20.6,37.0
2024-01-24 19:03:10,0.0,0.0,609.0,20.6,37.0
2024-01-24 19:13:10,0.0,0.0,595.0,20.6,37.0
2024-01-24 19:23:10,0.0,0.0,591.0,20.6,37.0
2024-01-24 19:33:10,0.0,0.0,574.0,20.6,37.0
2024-01-24 19:43:10,0.0,0.0,573.0,20.7,37.0
2024-01-24 19:53:10,0.0,0.0,559.0,20.7,37.0
2024-01-24 20:03:10,0.0,0.0,561.0,20.7,37.0
2024-01-24 20:13:10,0.0,0.0,552.0,20.7,37.0
2024-01-24 20:23:10,0.0,0.0,543.0,20.7,37.0
2024-01-24 20:33:10,0.0,0.0,542.0,20.7,37.0
2024-01-24 20:43:11,0.0,0.0,524.0,20.7,37.0
2024-01-24 20:53:10,0.0,0.0,533.0,20.7,37.0
2024-01-24 21:03:10,0.0,0.0,532.0,20.7,37.0
2024-01-24 21:13:09,0.0,0.0,521.0,20.6,36.0
2024-01-24 21:23:09,0.0,0.0,516.0,20.7,37.0
2024-01-24 21:33:09,0.0,0.0,518.0,20.7,36.0
2024-01-24 21:43:09,0.0,0.0,515.0,20.6,36.0
2024-01-24 21:53:09,0.0,0.0,508.0,20.7,36.0
2024-01-24 22:03:09,0.0,0.0,500.0,20.7,36.0
2024-01-24 22:13:09,0.0,0.0,507.0,20.7,36.0
2024-01-24 22:23:09,0.0,0.0,506.0,20.6,36.0
2024-01-24 22:33:09,0.0,0.0,495.0,20.7,36.0
2024-01-24 22:43:09,0.0,0.0,505.0,20.6,36.0
2024-01-24 22:53:09,0.0,0.0,497.0,20.7,36.0
2024-01-24 23:03:09,0.0,0.0,493.0,20.7,36.0
2024-01-24 23:13:09,0.0,0.0,491.0,20.7,36.0
2024-01-24 23:23:09,0.0,0.0,480.0,20.7,36.0
2024-01-24 23:33:09,0.0,0.0,485.0,20.6,36.0
2024-01-24 23:43:09,0.0,0.0,485.0,20.7,36.0
2024-01-24 23:53:09,0.0,0.0,477.0,20.6,36.0
2024-01-25 00:03:09,0.0,0.0,476.0,20.7,36.0
2024-01-25 00:13:09,0.0,0.0,477.0,20.7,36.0
2024-01-25 00:23:09,0.0,0.0,475.0,20.7,36.0
2024-01-25 00:33:09,0.0,0.0,477.0,20.7,36.0
2024-01-25 00:43:08,0.0,0.0,471.0,20.7,36.0
2024-01-25 00:53:08,0.0,0.0,469.0,20.7,36.0
2024-01-25 01:03:08,0.0,0.0,475.0,20.7,36.0
2024-01-25 01:13:08,0.0,0.0,473.0,20.7,36.0
2024-01-25 01:23:08,0.0,0.0,463.0,20.6,36.0
2024-01-25 01:33:08,0.0,0.0,466.0,20.6,36.0
2024-01-25 01:43:08,0.0,0.0,474.0,20.7,36.0
2024-01-25 01:53:08,0.0,0.0,470.0,20.7,36.0
2024-01-25 02:03:08,0.0,0.0,458.0,20.7,36.0
2024-01-25 02:13:08,0.0,0.0,475.0,20.7,36.0
2024-01-25 02:23:08,0.0,0.0,459.0,20.7,36.0
2024-01-25 02:33:08,0.0,0.0,468.0,20.7,35.0
2024-01-25 02:43:08,0.0,0.0,458.0,20.7,35.0
2024-01-25 02:53:08,0.0,0.0,458.0,20.7,35.0
2024-01-25 03:03:08,0.0,0.0,466.0,20.7,35.0
2024-01-25 03:13:08,0.0,0.0,456.0,20.7,35.0
2024-01-25 03:23:08,0.0,0.0,463.0,20.7,35.0
2024-01-25 03:33:08,0.0,0.0,461.0,20.7,35.0
2024-01-25 03:43:08,0.0,0.0,461.0,20.7,35.0
2024-01-25 03:53:08,0.0,0.0,461.0,20.7,35.0
2024-01-25 04:03:08,0.0,0.0,456.0,20.7,35.0
2024-01-25 04:13:08,0.0,0.0,457.0,20.7,35.0
2024-01-25 04:23:08,0.0,0.0,442.0,20.7,35.0
2024-01-25 04:33:07,0.0,0.0,461.0,20.7,35.0
2024-01-25 04:43:07,0.0,0.0,463.0,20.8,35.0
2024-01-25 04:53:08,0.0,0.0,453.0,20.7,35.0
2024-01-25 05:03:07,0.0,0.0,462.0,20.7,35.0
2024-01-25 05:13:07,0.0,0.0,460.0,20.7,35.0
2024-01-25 05:23:07,0.0,0.0,453.0,20.7,35.0
2024-01-25 05:33:07,0.0,0.0,448.0,20.7,35.0
2024-01-25 05:43:07,0.0,0.0,445.0,20.7,35.0
2024-01-25 05:53:07,0.0,0.0,453.0,20.7,35.0
2024-01-25 06:03:07,0.0,0.0,440.0,20.7,35.0
2024-01-25 06:13:07,0.0,0.0,446.0,20.7,35.0
2024-01-25 06:23:07,0.0,0.0,448.0,20.7,35.0
2024-01-25 06:33:07,0.0,0.0,444.0,20.7,35.0
2024-01-25 06:43:07,0.0,0.0,446.0,20.7,35.0
2024-01-25 06:53:07,0.0,3.0,450.0,20.7,35.0
2024-01-25 07:03:07,0.0,3.0,437.0,20.7,34.0
2024-01-25 07:13:07,0.0,6.0,427.0,20.7,33.0
2024-01-25 07:23:07,0.0,10.0,417.0,20.8,32.0
2024-01-25 07:33:07,0.0,20.0,410.0,20.7,32.0
2024-01-25 07:43:07,0.0,30.0,414.0,20.8,31.0
2024-01-25 07:53:07,0.0,43.0,416.0,20.8,31.0
2024-01-25 08:03:07,0.0,53.0,420.0,20.8,31.0
2024-01-25 08:13:06,0.0,63.0,416.0,20.8,31.0
2024-01-25 08:23:06,0.0,77.0,413.0,20.7,31.0
2024-01-25 08:33:06,0.0,101.0,425.0,20.8,31.0
2024-01-25 08:43:06,0.0,134.0,409.0,20.8,31.0
2024-01-25 08:53:06,0.0,212.0,415.0,20.8,31.0
2024-01-25 09:03:06,0.0,252.0,423.0,20.8,31.0
2024-01-25 09:13:06,0.0,340.0,419.0,20.9,31.0
2024-01-25 09:23:06,0.0,441.0,421.0,20.9,31.0
2024-01-25 09:33:06,0.0,569.0,420.0,21.0,31.0
2024-01-25 09:43:06,0.0,650.0,419.0,21.1,30.0
2024-01-25 09:53:06,0.0,757.0,422.0,21.1,30.0
2024-01-25 10:03:06,0.0,879.0,429.0,21.1,30.0
2024-01-25 10:13:06,0.0,1017.0,419.0,21.2,30.0
2024-01-25 10:23:06,0.0,1303.0,422.0,21.4,30.0
2024-01-25 10:33:06,0.0,2101.0,424.0,21.9,29.0
2024-01-25 10:43:06,0.0,1593.0,420.0,21.8,29.0
2024-01-25 10:53:06,0.0,1687.0,428.0,21.7,29.0
2024-01-25 11:03:06,0.0,1515.0,426.0,21.9,29.0
2024-01-25 11:13:06,0.0,1805.0,423.0,22.1,29.0
2024-01-25 11:23:06,0.0,1839.0,427.0,22.0,29.0
2024-01-25 11:33:06,0.0,1960.0,426.0,22.1,29.0
2024-01-25 11:43:05,0.0,1950.0,428.0,22.3,29.0
2024-01-25 11:53:05,0.0,1933.0,421.0,22.4,28.0
2024-01-25 12:03:05,0.0,1899.0,427.0,22.4,28.0
2024-01-25 12:13:05,0.0,1849.0,425.0,22.5,28.0
2024-01-25 12:23:05,0.0,1788.0,424.0,22.5,28.0
2024-01-25 12:33:05,0.0,1684.0,426.0,22.6,28.0
2024-01-25 12:43:05,0.0,1535.0,419.0,22.6,28.0
2024-01-25 12:53:05,0.0,1468.0,422.0,22.6,28.0
2024-01-25 13:03:05,0.0,1192.0,423.0,22.6,28.0
2024-01-25 13:13:05,0.0,1246.0,428.0,22.6,28.0
2024-01-25 13:23:05,0.0,565.0,426.0,22.5,28.0
2024-01-25 13:33:05,0.0,178.0,432.0,22.4,28.0
2024-01-25 13:43:05,0.0,148.0,421.0,22.1,29.0
2024-01-25 13:53:05,0.0,121.0,426.0,22.0,29.0
2024-01-25 14:03:05,0.0,90.0,423.0,22.0,29.0
2024-01-25 14:13:05,0.0,94.0,425.0,22.0,29.0
2024-01-25 14:23:05,0.0,87.0,426.0,22.0,29.0
2024-01-25 14:33:05,0.0,77.0,428.0,21.9,29.0
2024-01-25 14:43:05,0.0,57.0,427.0,21.8,29.0
2024-01-25 14:53:05,0.0,43.0,426.0,21.7,29.0
2024-01-25 15:03:05,0.0,30.0,423.0,21.7,29.0
2024-01-25 15:13:05,0.0,20.0,426.0,21.6,29.0
2024-01-25 15:23:04,0.0,13.0,421.0,21.6,29.0
2024-01-25 15:33:05,0.0,6.0,433.0,21.7,29.0
2024-01-25 15:43:04,0.0,3.0,424.0,21.8,28.0
2024-01-25 15:53:04,0.0,3.0,417.0,21.7,28.0
2024-01-25 16:03:04,0.0,0.0,430.0,21.7,28.0
2024-01-25 16:13:04,0.0,0.0,443.0,21.6,29.0
2024-01-25 16:23:04,0.0,0.0,455.0,21.5,30.0
2024-01-25 16:33:04,0.0,0.0,466.0,21.4,31.0
2024-01-25 16:43:04,0.0,0.0,483.0,21.4,31.0
2024-01-25 16:53:04,0.0,0.0,478.0,21.5,32.0
2024-01-25 17:03:04,0.0,0.0,495.0,21.5,32.0
2024-01-25 17:13:04,0.0,0.0,494.0,21.5,32.0
2024-01-25 17:23:04,0.0,0.0,487.0,21.4,32.0
2024-01-25 17:33:04,0.0,0.0,485.0,21.3,32.0
2024-01-25 17:43:04,0.0,0.0,480.0,21.3,33.0
2024-01-25 17:53:04,0.0,0.0,475.0,21.3,33.0
2024-01-25 18:03:04,0.0,0.0,484.0,21.3,33.0
2024-01-25 18:13:04,0.0,0.0,489.0,21.3,33.0
2024-01-25 18:23:04,0.0,0.0,474.0,21.3,33.0
2024-01-25 18:33:04,0.0,0.0,474.0,21.3,33.0
2024-01-25 18:43:04,0.0,0.0,479.0,21.3,33.0
2024-01-25 18:53:04,0.0,0.0,462.0,21.3,33.0
2024-01-25 19:03:03,0.0,0.0,463.0,21.3,33.0
2024-01-25 19:13:03,0.0,0.0,468.0,21.3,33.0
2024-01-25 19:23:03,0.0,0.0,470.0,21.3,33.0
2024-01-25 19:33:03,0.0,0.0,469.0,21.3,33.0
2024-01-25 19:43:03,0.0,0.0,465.0,21.3,33.0
2024-01-25 19:53:03,0.0,0.0,474.0,21.3,33.0
2024-01-25 20:03:03,0.0,0.0,467.0,21.2,33.0
2024-01-25 20:13:03,0.0,0.0,466.0,21.2,33.0
2024-01-25 20:23:03,0.0,0.0,470.0,21.2,33.0
2024-01-25 20:33:03,0.0,0.0,471.0,21.2,33.0
2024-01-25 20:43:03,0.0,0.0,462.0,21.2,33.0
2024-01-25 20:53:03,0.0,0.0,460.0,21.2,33.0
2024-01-25 21:03:03,0.0,0.0,465.0,21.1,33.0
2024-01-25 21:13:03,0.0,0.0,462.0,21.1,33.0
2024-01-25 21:23:03,0.0,0.0,463.0,21.1,33.0
2024-01-25 21:33:03,0.0,0.0,458.0,21.1,33.0
2024-01-25 21:43:03,0.0,0.0,459.0,21.1,33.0
2024-01-25 21:53:03,0.0,0.0,454.0,21.1,33.0
2024-01-25 22:03:03,0.0,0.0,461.0,21.0,33.0
2024-01-25 22:13:03,0.0,0.0,459.0,21.0,33.0
2024-01-25 22:23:03,0.0,0.0,467.0,21.1,33.0
2024-01-25 22:33:02,0.0,0.0,457.0,21.0,33.0
2024-01-25 22:43:02,0.0,0.0,448.0,21.0,33.0
2024-01-25 22:53:02,0.0,0.0,452.0,21.0,33.0
2024-01-25 23:03:02,0.0,0.0,457.0,21.0,33.0
2024-01-25 23:13:02,0.0,0.0,445.0,21.0,33.0
2024-01-25 23:23:02,0.0,0.0,453.0,21.0,33.0
2024-01-25 23:33:02,0.0,0.0,456.0,21.0,33.0
2024-01-25 23:43:02,0.0,0.0,448.0,21.0,33.0
2024-01-25 23:53:02,0.0,0.0,437.0,21.0,33.0
2024-01-26 00:03:02,0.0,0.0,442.0,21.0,33.0
2024-01-26 00:13:02,0.0,0.0,444.0,21.0,33.0
2024-01-26 00:23:02,0.0,0.0,447.0,20.9,33.0
2024-01-26 00:33:02,0.0,0.0,444.0,21.0,33.0
2024-01-26 00:43:02,0.0,0.0,444.0,20.9,33.0
2024-01-26 00:53:02,0.0,0.0,449.0,20.9,33.0
2024-01-26 01:03:02,0.0,0.0,440.0,20.9,33.0
2024-01-26 01:13:02,0.0,0.0,436.0,20.9,33.0
2024-01-26 01:23:02,0.0,0.0,441.0,20.9,33.0
2024-01-26 01:33:02,0.0,0.0,439.0,20.9,33.0
2024-01-26 01:43:02,0.0,0.0,439.0,20.8,33.0
2024-01-26 01:53:02,0.0,0.0,439.0,20.8,33.0
2024-01-26 02:03:02,0.0,0.0,441.0,20.8,33.0
2024-01-26 02:13:02,0.0,0.0,433.0,20.8,33.0
2024-01-26 02:23:01,0.0,0.0,441.0,20.9,33.0
2024-01-26 02:33:01,0.0,0.0,436.0,20.8,33.0
2024-01-26 02:43:01,0.0,0.0,437.0,20.8,33.0
2024-01-26 02:53:01,0.0,0.0,427.0,20.8,33.0
2024-01-26 03:03:01,0.0,0.0,433.0,20.8,33.0
2024-01-26 03:13:01,0.0,0.0,431.0,20.8,33.0
2024-01-26 03:23:01,0.0,0.0,438.0,20.8,33.0
2024-01-26 03:33:01,0.0,0.0,433.0,20.8,33.0
2024-01-26 03:43:01,0.0,0.0,430.0,20.7,33.0
2024-01-26 03:53:02,0.0,0.0,436.0,20.7,33.0
2024-01-26 04:03:01,0.0,0.0,436.0,20.8,33.0
2024-01-26 04:13:01,0.0,0.0,436.0,20.7,33.0
2024-01-26 04:23:01,0.0,0.0,433.0,20.7,33.0
2024-01-26 04:33:01,0.0,0.0,432.0,20.8,33.0
2024-01-26 04:43:01,0.0,0.0,434.0,20.7,33.0
2024-01-26 04:53:01,0.0,0.0,437.0,20.7,33.0
2024-01-26 05:03:01,0.0,0.0,429.0,20.7,33.0
2024-01-26 05:13:01,0.0,0.0,433.0,20.7,33.0
2024-01-26 05:23:01,0.0,0.0,434.0,20.7,33.0
2024-01-26 05:43:01,0.0,0.0,429.0,20.7,33.0
2024-01-26 05:53:00,0.0,0.0,424.0,20.7,33.0
2024-01-26 06:03:00,0.0,0.0,431.0,20.7,33.0
2024-01-26 06:13:00,0.0,0.0,432.0,20.7,33.0
2024-01-26 06:23:00,0.0,0.0,431.0,20.7,33.0
2024-01-26 06:33:00,0.0,0.0,433.0,20.6,33.0
2024-01-26 06:43:00,0.0,0.0,429.0,20.7,33.0
2024-01-26 06:53:00,0.0,0.0,423.0,20.7,33.0
2024-01-26 07:03:00,0.0,3.0,426.0,20.6,33.0
2024-01-26 07:13:00,0.0,3.0,420.0,20.7,32.0
2024-01-26 07:23:00,0.0,3.0,418.0,20.7,31.0
2024-01-26 07:33:00,0.0,3.0,419.0,20.7,31.0
2024-01-26 07:43:00,0.0,3.0,417.0,20.7,31.0
2024-01-26 07:53:00,0.0,6.0,425.0,20.7,31.0
2024-01-26 08:03:00,0.0,6.0,421.0,20.7,31.0
2024-01-26 08:13:00,3.0,357.0,487.0,20.7,32.0
2024-01-26 08:23:00,6.0,10.0,502.0,20.7,33.0
2024-01-26 08:33:00,4.0,357.0,550.0,20.7,33.0
2024-01-26 08:43:00,6.0,357.0,656.0,20.8,35.0
2024-01-26 08:53:00,11.0,360.0,707.0,20.9,36.0
2024-01-26 09:03:00,0.0,363.0,702.0,20.9,36.0
2024-01-26 09:13:00,3.0,367.0,721.0,20.9,36.0
2024-01-26 09:23:00,4.0,367.0,723.0,21.0,36.0
2024-01-26 09:32:59,3.0,367.0,730.0,20.9,36.0
2024-01-26 09:43:00,1.0,360.0,663.0,20.9,35.0
2024-01-26 09:52:59,1.0,360.0,705.0,20.9,35.0
2024-01-26 10:02:59,5.0,13.0,575.0,20.8,34.0
2024-01-26 10:12:59,0.0,16.0,502.0,20.8,34.0
2024-01-26 10:22:59,0.0,20.0,466.0,20.7,33.0
2024-01-26 10:32:59,0.0,23.0,449.0,20.7,33.0
2024-01-26 10:42:59,0.0,23.0,437.0,20.7,33.0
2024-01-26 10:52:59,0.0,20.0,430.0,20.7,33.0
2024-01-26 11:02:59,0.0,16.0,435.0,20.7,33.0
2024-01-26 11:12:59,0.0,16.0,433.0,20.7,33.0
2024-01-26 11:22:59,0.0,13.0,445.0,20.7,33.0
2024-01-26 11:32:59,0.0,16.0,440.0,20.7,33.0
2024-01-26 11:42:59,0.0,13.0,434.0,20.7,34.0
2024-01-26 11:52:59,0.0,16.0,434.0,20.7,34.0
2024-01-26 12:02:59,0.0,23.0,440.0,20.7,34.0
2024-01-26 12:12:59,0.0,23.0,431.0,20.6,34.0
2024-01-26 12:22:59,0.0,20.0,439.0,20.7,34.0
2024-01-26 12:32:59,0.0,13.0,446.0,20.6,34.0
2024-01-26 12:42:59,0.0,20.0,436.0,20.7,34.0
2024-01-26 12:52:59,0.0,30.0,436.0,20.7,35.0
2024-01-26 13:02:59,0.0,30.0,437.0,20.7,35.0
2024-01-26 13:12:58,0.0,40.0,437.0,20.7,35.0
2024-01-26 13:22:58,0.0,33.0,447.0,20.7,36.0
2024-01-26 13:32:58,0.0,23.0,458.0,20.6,36.0
2024-01-26 13:42:58,6.0,20.0,532.0,20.7,37.0
2024-01-26 13:52:58,0.0,20.0,606.0,20.8,38.0
2024-01-26 14:02:58,5.0,13.0,583.0,20.8,38.0
2024-01-26 14:12:58,0.0,10.0,513.0,20.7,38.0
2024-01-26 14:22:58,0.0,13.0,468.0,20.7,38.0
2024-01-26 14:32:58,0.0,13.0,453.0,20.7,38.0
2024-01-26 14:42:58,2.0,6.0,456.0,20.7,38.0
2024-01-26 14:52:58,0.0,6.0,430.0,20.7,38.0
2024-01-26 15:02:58,0.0,10.0,428.0,20.7,38.0
2024-01-26 15:12:58,0.0,10.0,432.0,20.6,37.0
2024-01-26 15:22:58,0.0,10.0,427.0,20.7,36.0
2024-01-26 15:32:59,0.0,6.0,420.0,20.6,35.0
2024-01-26 15:42:58,0.0,3.0,422.0,20.6,35.0
2024-01-26 15:52:58,0.0,3.0,423.0,20.7,34.0
2024-01-26 16:02:58,0.0,3.0,446.0,20.6,34.0
2024-01-26 16:12:58,0.0,0.0,519.0,20.6,35.0
2024-01-26 16:22:58,0.0,0.0,572.0,20.6,35.0
2024-01-26 16:32:58,0.0,0.0,612.0,20.6,35.0
2024-01-26 16:42:58,0.0,0.0,630.0,20.6,36.0
2024-01-26 16:52:57,0.0,0.0,629.0,20.6,36.0
2024-01-26 17:02:57,0.0,0.0,636.0,20.7,36.0
2024-01-26 17:12:57,0.0,0.0,639.0,20.6,36.0
2024-01-26 17:22:57,0.0,0.0,651.0,20.6,36.0
2024-01-26 17:32:57,0.0,0.0,645.0,20.6,36.0
2024-01-26 17:42:57,0.0,0.0,640.0,20.6,36.0
2024-01-26 17:52:57,0.0,0.0,629.0,20.6,36.0
2024-01-26 18:02:57,0.0,0.0,620.0,20.6,36.0
2024-01-26 18:12:57,0.0,0.0,616.0,20.6,36.0
2024-01-26 18:22:57,0.0,0.0,619.0,20.5,36.0
2024-01-26 18:32:57,0.0,0.0,616.0,20.6,36.0
2024-01-26 18:42:57,0.0,0.0,618.0,20.7,36.0
2024-01-26 18:52:57,0.0,0.0,623.0,20.6,36.0
2024-01-26 19:02:57,0.0,0.0,595.0,20.6,36.0
2024-01-26 19:12:57,0.0,0.0,594.0,20.6,36.0
2024-01-26 19:22:57,0.0,0.0,595.0,20.6,35.0
2024-01-26 19:32:57,0.0,0.0,587.0,20.6,35.0
2024-01-26 19:42:57,0.0,0.0,577.0,20.7,35.0
2024-01-26 19:52:57,0.0,0.0,571.0,20.6,35.0
2024-01-26 20:02:57,0.0,0.0,574.0,20.5,35.0
2024-01-26 20:12:57,0.0,0.0,561.0,20.7,35.0
2024-01-26 20:22:57,0.0,0.0,556.0,20.7,35.0
2024-01-26 20:32:56,0.0,0.0,560.0,20.6,35.0
2024-01-26 20:42:56,0.0,0.0,547.0,20.6,35.0
2024-01-26 20:52:57,0.0,0.0,545.0,20.7,34.0
2024-01-26 21:02:56,0.0,0.0,524.0,20.7,34.0
2024-01-26 21:12:56,0.0,0.0,523.0,20.6,34.0
2024-01-26 21:22:56,0.0,0.0,521.0,20.6,34.0
2024-01-26 21:32:56,0.0,0.0,525.0,20.7,34.0
2024-01-26 21:42:56,0.0,0.0,513.0,20.7,34.0
2024-01-26 21:52:56,0.0,0.0,502.0,20.6,34.0
2024-01-26 22:02:56,0.0,0.0,504.0,20.7,34.0
2024-01-26 22:12:56,0.0,0.0,505.0,20.7,34.0
2024-01-26 22:22:56,0.0,0.0,497.0,20.6,34.0
2024-01-26 22:32:56,0.0,0.0,488.0,20.7,33.0
2024-01-26 22:42:56,0.0,0.0,487.0,20.7,33.0
2024-01-26 22:52:56,0.0,0.0,494.0,20.7,33.0
2024-01-26 23:02:56,0.0,0.0,488.0,20.6,33.0
2024-01-26 23:12:56,0.0,0.0,478.0,20.6,33.0
2024-01-26 23:22:56,0.0,0.0,483.0,20.7,33.0
2024-01-26 23:32:56,0.0,0.0,478.0,20.6,33.0
2024-01-26 23:42:56,0.0,0.0,476.0,20.7,33.0
2024-01-26 23:52:56,0.0,0.0,474.0,20.7,33.0
2024-01-27 00:02:56,0.0,0.0,461.0,20.7,33.0
2024-01-27 00:12:55,0.0,0.0,466.0,20.7,33.0
2024-01-27 00:22:55,0.0,0.0,462.0,20.7,33.0
2024-01-27 00:32:55,0.0,0.0,463.0,20.7,33.0
2024-01-27 00:42:55,0.0,0.0,469.0,20.7,33.0
2024-01-27 00:52:55,0.0,0.0,456.0,20.7,33.0
2024-01-27 01:02:55,0.0,0.0,469.0,20.7,33.0
2024-01-27 01:12:55,0.0,0.0,459.0,20.6,33.0
2024-01-27 01:22:55,0.0,0.0,457.0,20.7,33.0
2024-01-27 01:32:55,0.0,0.0,457.0,20.7,33.0
2024-01-27 01:42:55,0.0,0.0,454.0,20.7,33.0
2024-01-27 01:52:55,0.0,0.0,446.0,20.7,33.0
2024-01-27 02:02:55,0.0,0.0,451.0,20.7,33.0
2024-01-27 02:12:55,0.0,0.0,448.0,20.7,33.0
2024-01-27 02:22:55,0.0,0.0,446.0,20.7,33.0
2024-01-27 02:32:55,0.0,0.0,449.0,20.7,33.0
2024-01-27 02:42:55,0.0,0.0,446.0,20.6,33.0
2024-01-27 02:52:55,0.0,0.0,443.0,20.7,33.0
2024-01-27 03:02:55,0.0,0.0,451.0,20.7,33.0
2024-01-27 03:12:55,0.0,0.0,453.0,20.7,33.0
2024-01-27 03:22:55,0.0,0.0,446.0,20.7,33.0
2024-01-27 03:32:55,0.0,0.0,447.0,20.7,33.0
2024-01-27 03:42:54,0.0,0.0,447.0,20.7,33.0
2024-01-27 03:52:54,0.0,0.0,448.0,20.7,33.0
2024-01-27 04:02:54,0.0,0.0,448.0,20.7,33.0
2024-01-27 04:12:54,0.0,0.0,441.0,20.7,33.0
2024-01-27 04:22:54,0.0,0.0,448.0,20.7,33.0
2024-01-27 04:32:54,0.0,0.0,440.0,20.7,33.0
2024-01-27 04:42:54,0.0,0.0,444.0,20.7,33.0
2024-01-27 04:52:54,0.0,0.0,448.0,20.7,33.0
2024-01-27 05:02:54,0.0,0.0,450.0,20.6,33.0
2024-01-27 05:12:55,0.0,0.0,437.0,20.6,33.0
2024-01-27 05:22:54,0.0,0.0,451.0,20.7,33.0
2024-01-27 05:32:54,0.0,0.0,451.0,20.7,33.0
2024-01-27 05:42:54,0.0,0.0,444.0,20.7,33.0
2024-01-27 05:52:54,0.0,0.0,438.0,20.7,33.0
2024-01-27 06:02:54,0.0,0.0,434.0,20.6,33.0
2024-01-27 06:12:54,0.0,0.0,439.0,20.7,33.0
2024-01-27 06:22:54,0.0,0.0,447.0,20.7,33.0
2024-01-27 06:32:54,0.0,0.0,445.0,20.6,33.0
2024-01-27 06:42:54,0.0,0.0,455.0,20.6,33.0
2024-01-27 06:52:54,0.0,0.0,448.0,20.6,33.0
2024-01-27 07:02:54,0.0,3.0,444.0,20.6,33.0
2024-01-27 07:12:54,0.0,10.0,449.0,20.6,33.0
2024-01-27 07:22:54,0.0,13.0,449.0,20.6,33.0
2024-01-27 07:32:54,0.0,16.0,452.0,20.6,33.0
2024-01-27 07:42:53,0.0,20.0,438.0,20.6,33.0
2024-01-27 07:52:53,0.0,23.0,451.0,20.6,33.0
2024-01-27 08:02:53,0.0,20.0,440.0,20.6,33.0
2024-01-27 08:12:53,0.0,26.0,441.0,20.6,33.0
2024-01-27 08:22:53,0.0,30.0,444.0,20.6,33.0
2024-01-27 08:32:53,0.0,43.0,457.0,20.7,33.0
2024-01-27 08:42:53,0.0,57.0,452.0,20.7,33.0
2024-01-27 08:52:53,0.0,63.0,449.0,20.6,33.0
2024-01-27 09:02:53,0.0,94.0,440.0,20.6,34.0
2024-01-27 09:12:53,0.0,114.0,438.0,20.6,33.0
2024-01-27 09:22:53,0.0,114.0,443.0,20.7,34.0
2024-01-27 09:32:53,0.0,124.0,444.0,20.6,34.0
2024-01-27 09:42:53,0.0,104.0,446.0,20.7,34.0
2024-01-27 09:52:53,0.0,80.0,454.0,20.6,34.0
2024-01-27 10:02:53,0.0,158.0,441.0,20.6,34.0
2024-01-27 10:12:53,0.0,471.0,446.0,20.7,34.0
2024-01-27 10:22:53,0.0,781.0,437.0,20.8,34.0
2024-01-27 10:32:53,0.0,1613.0,446.0,20.8,34.0
2024-01-27 10:42:53,0.0,538.0,441.0,20.9,33.0
2024-01-27 10:52:53,0.0,330.0,436.0,20.8,34.0
2024-01-27 11:02:52,0.0,205.0,442.0,20.8,34.0
2024-01-27 11:12:52,0.0,171.0,446.0,20.7,34.0
2024-01-27 11:22:52,0.0,198.0,435.0,20.7,34.0
2024-01-27 11:32:52,0.0,309.0,441.0,20.7,34.0
2024-01-27 11:42:52,0.0,178.0,437.0,20.7,34.0
2024-01-27 11:52:52,0.0,215.0,439.0,20.7,34.0
2024-01-27 12:02:52,0.0,117.0,442.0,20.7,34.0
2024-01-27 12:12:52,0.0,124.0,446.0,20.7,34.0
2024-01-27 12:22:52,0.0,141.0,442.0,20.7,34.0
2024-01-27 12:32:52,0.0,111.0,432.0,20.7,34.0
2024-01-27 12:42:52,0.0,94.0,439.0,20.6,34.0
2024-01-27 12:52:52,0.0,77.0,437.0,20.7,34.0
2024-01-27 13:02:52,0.0,53.0,437.0,20.7,34.0
2024-01-27 13:12:52,0.0,40.0,439.0,20.6,34.0
2024-01-27 13:32:52,0.0,63.0,444.0,20.7,34.0
2024-01-27 13:42:52,0.0,50.0,440.0,20.7,34.0
2024-01-27 13:52:52,0.0,50.0,430.0,20.7,34.0
2024-01-27 14:02:52,0.0,53.0,444.0,20.7,34.0
2024-01-27 14:12:52,0.0,40.0,436.0,20.7,34.0
2024-01-27 14:22:52,0.0,33.0,446.0,20.7,34.0
2024-01-27 14:32:52,0.0,20.0,442.0,20.7,34.0
2024-01-27 14:42:51,0.0,20.0,454.0,20.7,34.0
2024-01-27 14:52:51,0.0,20.0,431.0,20.7,34.0
2024-01-27 15:02:51,0.0,16.0,436.0,20.7,34.0
2024-01-27 15:12:51,0.0,10.0,437.0,20.7,34.0
2024-01-27 15:22:51,0.0,6.0,446.0,20.7,34.0
2024-01-27 15:32:51,0.0,3.0,434.0,20.7,34.0
2024-01-27 15:42:51,0.0,0.0,436.0,20.7,34.0
2024-01-27 15:52:51,0.0,0.0,437.0,20.7,34.0
2024-01-27 16:02:51,0.0,0.0,440.0,20.7,34.0
2024-01-27 16:12:51,0.0,0.0,433.0,20.7,34.0
2024-01-27 16:22:51,0.0,0.0,440.0,20.7,34.0
2024-01-27 16:32:51,0.0,0.0,441.0,20.7,34.0
2024-01-27 16:42:51,0.0,0.0,426.0,20.7,34.0
2024-01-27 16:52:51,0.0,0.0,435.0,20.7,34.0
2024-01-27 17:02:51,0.0,0.0,430.0,20.7,34.0
2024-01-27 17:12:51,0.0,0.0,440.0,20.7,34.0
2024-01-27 17:22:51,0.0,0.0,439.0,20.7,34.0
2024-01-27 17:32:51,0.0,0.0,440.0,20.7,34.0
2024-01-27 17:42:51,0.0,0.0,441.0,20.7,34.0
2024-01-27 17:52:51,0.0,0.0,429.0,20.7,34.0
2024-01-27 18:02:51,0.0,0.0,428.0,20.7,34.0
2024-01-27 18:12:51,0.0,0.0,439.0,20.7,34.0
2024-01-27 18:22:50,0.0,0.0,433.0,20.7,34.0
2024-01-27 18:32:50,0.0,0.0,440.0,20.7,34.0
2024-01-27 18:42:50,0.0,0.0,433.0,20.7,34.0
2024-01-27 18:52:50,0.0,0.0,430.0,20.7,34.0
2024-01-27 19:02:50,0.0,0.0,434.0,20.7,34.0
2024-01-27 19:12:50,0.0,0.0,432.0,20.8,34.0
2024-01-27 19:22:50,0.0,0.0,433.0,20.8,34.0
2024-01-27 19:32:50,0.0,0.0,431.0,20.8,34.0
2024-01-27 19:42:50,0.0,0.0,432.0,20.7,34.0
2024-01-27 19:52:50,0.0,0.0,433.0,20.8,34.0
2024-01-27 20:02:50,0.0,0.0,433.0,20.8,34.0
2024-01-27 20:12:50,0.0,0.0,428.0,20.8,34.0
2024-01-27 20:22:50,0.0,0.0,430.0,20.8,34.0
2024-01-27 20:32:50,0.0,0.0,432.0,20.8,34.0
2024-01-27 20:42:50,0.0,0.0,431.0,20.8,34.0
2024-01-27 20:52:50,0.0,0.0,427.0,20.8,34.0
2024-01-27 21:02:50,0.0,0.0,426.0,20.8,34.0
2024-01-27 21:12:50,0.0,0.0,429.0,20.8,34.0
2024-01-27 21:22:50,0.0,0.0,438.0,20.8,34.0
2024-01-27 21:32:50,0.0,0.0,433.0,20.8,34.0
2024-01-27 21:42:50,0.0,0.0,426.0,20.8,34.0
2024-01-27 21:52:50,0.0,0.0,424.0,20.8,34.0
2024-01-27 22:02:49,0.0,0.0,429.0,20.8,34.0
2024-01-27 22:12:49,0.0,0.0,431.0,20.8,34.0
2024-01-27 22:22:49,0.0,0.0,431.0,20.8,34.0
2024-01-27 22:32:49,0.0,0.0,423.0,20.8,35.0
2024-01-27 22:42:49,0.0,0.0,430.0,20.8,34.0
2024-01-27 22:52:49,0.0,0.0,429.0,20.8,35.0
2024-01-27 23:02:49,0.0,0.0,429.0,20.8,35.0
2024-01-27 23:12:49,0.0,0.0,430.0,20.8,34.0
2024-01-27 23:22:49,0.0,0.0,426.0,20.8,34.0
2024-01-27 23:32:49,0.0,0.0,425.0,20.8,34.0
2024-01-27 23:42:49,0.0,0.0,428.0,20.8,34.0
2024-01-27 23:52:49,0.0,0.0,430.0,20.8,34.0
2024-01-28 00:02:49,0.0,0.0,428.0,20.8,34.0
2024-01-28 00:12:49,0.0,0.0,433.0,20.8,34.0
2024-01-28 00:22:49,0.0,0.0,431.0,20.8,34.0
2024-01-28 00:32:49,0.0,0.0,431.0,20.8,34.0
2024-01-28 00:42:49,0.0,0.0,424.0,20.8,34.0
2024-01-28 00:52:49,0.0,0.0,428.0,20.8,34.0
2024-01-28 01:02:49,0.0,0.0,429.0,20.9,34.0
2024-01-28 01:12:49,0.0,0.0,430.0,20.8,34.0
2024-01-28 01:22:49,0.0,0.0,423.0,20.8,34.0
2024-01-28 01:32:49,0.0,0.0,429.0,20.8,34.0
2024-01-28 01:42:48,0.0,0.0,425.0,20.8,34.0
2024-01-28 01:52:48,0.0,0.0,421.0,20.8,34.0
2024-01-28 02:02:48,0.0,0.0,429.0,20.9,34.0
2024-01-28 02:12:48,0.0,0.0,422.0,20.8,34.0
2024-01-28 02:22:48,0.0,0.0,426.0,20.8,34.0
2024-01-28 02:32:48,0.0,0.0,425.0,20.8,34.0
2024-01-28 02:42:48,0.0,0.0,433.0,20.8,34.0
2024-01-28 02:52:48,0.0,0.0,425.0,20.8,34.0
2024-01-28 03:02:48,0.0,0.0,422.0,20.8,34.0
2024-01-28 03:12:48,0.0,0.0,434.0,20.8,34.0
2024-01-28 03:22:48,0.0,0.0,422.0,20.8,34.0
2024-01-28 03:32:48,0.0,0.0,426.0,20.8,34.0
2024-01-28 03:42:48,0.0,0.0,423.0,20.8,34.0
2024-01-28 03:52:48,0.0,0.0,424.0,20.8,34.0
2024-01-28 04:02:48,0.0,0.0,420.0,20.8,34.0
2024-01-28 04:12:48,0.0,0.0,422.0,20.8,34.0
2024-01-28 04:22:48,0.0,0.0,419.0,20.8,34.0
2024-01-28 04:32:48,0.0,0.0,421.0,20.8,34.0
2024-01-28 04:42:48,0.0,0.0,429.0,20.8,34.0
2024-01-28 04:52:48,0.0,0.0,431.0,20.8,34.0
2024-01-28 05:02:48,0.0,0.0,425.0,20.8,34.0
2024-01-28 05:12:47,0.0,0.0,425.0,20.8,34.0
2024-01-28 05:22:47,0.0,0.0,431.0,20.8,34.0
2024-01-28 05:32:47,0.0,0.0,424.0,20.7,34.0
2024-01-28 05:42:47,0.0,0.0,422.0,20.7,34.0
2024-01-28 05:52:47,0.0,0.0,436.0,20.8,34.0
2024-01-28 06:02:47,0.0,0.0,425.0,20.7,34.0
2024-01-28 06:12:47,0.0,0.0,426.0,20.8,34.0
2024-01-28 06:22:47,0.0,0.0,426.0,20.7,34.0
2024-01-28 06:32:47,0.0,0.0,423.0,20.8,34.0
2024-01-28 06:42:47,0.0,0.0,426.0,20.8,34.0
2024-01-28 06:52:47,0.0,0.0,424.0,20.8,33.0
2024-01-28 07:02:47,0.0,0.0,426.0,20.7,33.0
2024-01-28 07:12:47,0.0,3.0,431.0,20.7,33.0
2024-01-28 07:22:47,0.0,6.0,420.0,20.7,33.0
2024-01-28 07:32:47,0.0,10.0,425.0,20.7,33.0
2024-01-28 07:42:47,0.0,20.0,420.0,20.8,33.0
2024-01-28 07:52:47,0.0,37.0,421.0,20.8,33.0
2024-01-28 08:02:47,0.0,60.0,424.0,20.8,33.0
2024-01-28 08:12:47,0.0,57.0,433.0,20.8,33.0
2024-01-28 08:22:47,0.0,63.0,427.0,20.8,33.0
2024-01-28 08:32:47,0.0,84.0,426.0,20.7,33.0
2024-01-28 08:42:47,0.0,84.0,423.0,20.7,33.0
2024-01-28 08:52:46,0.0,70.0,421.0,20.7,33.0
2024-01-28 09:02:46,0.0,90.0,432.0,20.7,33.0
2024-01-28 09:12:46,0.0,114.0,419.0,20.7,33.0
2024-01-28 09:22:46,0.0,249.0,422.0,20.7,33.0
2024-01-28 09:32:46,0.0,124.0,428.0,20.7,33.0
2024-01-28 09:42:46,0.0,131.0,423.0,20.7,33.0
2024-01-28 09:52:46,0.0,158.0,421.0,20.7,33.0
2024-01-28 10:02:46,0.0,235.0,431.0,20.8,33.0
2024-01-28 10:12:46,0.0,394.0,427.0,20.8,33.0
2024-01-28 10:22:46,0.0,963.0,428.0,20.9,33.0
2024-01-28 10:32:46,0.0,1249.0,429.0,21.1,33.0
2024-01-28 10:42:46,0.0,933.0,427.0,21.1,33.0
2024-01-28 10:52:46,0.0,1081.0,430.0,21.1,33.0
2024-01-28 11:02:46,0.0,973.0,433.0,21.1,33.0
2024-01-28 11:12:46,0.0,1098.0,430.0,21.1,33.0
2024-01-28 11:22:46,0.0,1071.0,436.0,21.1,33.0
2024-01-28 11:32:46,0.0,1104.0,427.0,21.1,33.0
2024-01-28 11:42:46,0.0,1108.0,423.0,21.2,33.0
2024-01-28 11:52:46,0.0,1020.0,421.0,21.3,33.0
2024-01-28 12:02:46,0.0,976.0,433.0,21.4,32.0
2024-01-28 12:12:46,0.0,1101.0,428.0,21.4,32.0
2024-01-28 12:22:46,0.0,1367.0,430.0,21.4,32.0
2024-01-28 12:32:45,0.0,912.0,429.0,21.4,32.0
2024-01-28 12:42:45,0.0,929.0,429.0,21.4,32.0
2024-01-28 12:52:46,0.0,1475.0,431.0,21.5,32.0
2024-01-28 13:02:45,0.0,1502.0,433.0,21.6,32.0
2024-01-28 13:12:46,0.0,1330.0,434.0,21.7,32.0
2024-01-28 13:22:45,0.0,1108.0,434.0,21.7,32.0
2024-01-28 13:32:45,0.0,538.0,431.0,21.6,32.0
2024-01-28 13:42:45,0.0,232.0,427.0,21.4,32.0
2024-01-28 13:52:45,0.0,195.0,428.0,21.4,32.0
2024-01-28 14:02:45,0.0,161.0,433.0,21.4,32.0
2024-01-28 14:12:45,0.0,134.0,426.0,21.4,32.0
2024-01-28 14:22:45,0.0,111.0,432.0,21.4,32.0
2024-01-28 14:32:45,0.0,94.0,435.0,21.4,32.0
2024-01-28 14:42:45,0.0,70.0,432.0,21.3,33.0
2024-01-28 14:52:45,0.0,57.0,430.0,21.2,33.0
2024-01-28 15:02:45,0.0,37.0,425.0,21.1,33.0
2024-01-28 15:12:45,0.0,23.0,427.0,21.1,33.0
2024-01-28 15:22:45,0.0,13.0,427.0,21.0,33.0
2024-01-28 15:32:45,0.0,10.0,431.0,21.1,33.0
2024-01-28 15:42:45,0.0,3.0,427.0,21.0,33.0
2024-01-28 15:52:45,0.0,3.0,431.0,21.0,33.0
2024-01-28 16:02:45,0.0,0.0,426.0,21.0,33.0
2024-01-28 16:12:44,0.0,0.0,428.0,21.0,33.0
2024-01-28 16:22:44,0.0,0.0,430.0,20.9,32.0
2024-01-28 16:32:44,0.0,0.0,431.0,21.0,32.0
2024-01-28 16:42:44,0.0,0.0,434.0,21.0,32.0
2024-01-28 16:52:44,0.0,0.0,434.0,20.9,32.0
2024-01-28 17:02:44,0.0,0.0,437.0,20.9,32.0
2024-01-28 17:12:44,0.0,0.0,434.0,20.9,32.0
2024-01-28 17:22:44,0.0,0.0,429.0,20.9,32.0
2024-01-28 17:32:44,0.0,0.0,442.0,20.9,32.0
2024-01-28 17:42:44,0.0,0.0,425.0,20.9,32.0
2024-01-28 17:52:44,0.0,0.0,430.0,20.8,32.0
2024-01-28 18:02:44,0.0,0.0,429.0,20.8,32.0
2024-01-28 18:12:44,0.0,0.0,424.0,20.8,32.0
2024-01-28 18:22:44,0.0,0.0,424.0,20.8,32.0
2024-01-28 18:32:44,0.0,0.0,427.0,20.8,32.0
2024-01-28 18:42:44,0.0,0.0,423.0,20.8,32.0
2024-01-28 18:52:44,0.0,0.0,417.0,20.8,32.0
2024-01-28 19:02:44,0.0,0.0,430.0,20.8,32.0
2024-01-28 19:12:44,0.0,0.0,427.0,20.8,32.0
2024-01-28 19:22:44,0.0,0.0,429.0,20.8,32.0
2024-01-28 19:32:44,0.0,0.0,424.0,20.8,32.0
2024-01-28 19:42:44,0.0,0.0,432.0,20.8,32.0
2024-01-28 19:52:43,0.0,0.0,415.0,20.8,32.0
2024-01-28 20:02:43,0.0,0.0,430.0,20.8,32.0
2024-01-28 20:12:43,0.0,0.0,424.0,20.8,32.0
2024-01-28 20:22:43,0.0,0.0,427.0,20.8,32.0
2024-01-28 20:32:43,0.0,0.0,419.0,20.8,32.0
2024-01-28 20:42:43,0.0,0.0,424.0,20.7,32.0
2024-01-28 20:52:43,0.0,0.0,420.0,20.8,32.0
2024-01-28 21:02:43,0.0,0.0,423.0,20.7,32.0
2024-01-28 21:12:44,0.0,0.0,421.0,20.8,32.0
2024-01-28 21:22:43,0.0,0.0,427.0,20.8,32.0
2024-01-28 21:32:43,0.0,0.0,423.0,20.8,32.0
2024-01-28 21:42:43,0.0,0.0,428.0,20.8,32.0
2024-01-28 21:52:43,0.0,0.0,424.0,20.8,32.0
2024-01-28 22:02:43,0.0,0.0,423.0,20.7,32.0
2024-01-28 22:12:43,0.0,0.0,427.0,20.7,32.0
2024-01-28 22:22:43,0.0,0.0,428.0,20.7,32.0
2024-01-28 22:32:43,0.0,0.0,415.0,20.8,32.0
2024-01-28 22:42:43,0.0,0.0,430.0,20.7,32.0
2024-01-28 22:52:43,0.0,0.0,422.0,20.7,32.0
2024-01-28 23:02:43,0.0,0.0,419.0,20.7,32.0
2024-01-28 23:12:43,0.0,0.0,425.0,20.7,32.0
2024-01-28 23:22:43,0.0,0.0,423.0,20.7,32.0
2024-01-28 23:32:43,0.0,0.0,421.0,20.7,32.0
2024-01-28 23:42:42,0.0,0.0,424.0,20.7,32.0
2024-01-28 23:52:42,0.0,0.0,421.0,20.7,32.0
2024-01-29 00:02:42,0.0,0.0,429.0,20.7,32.0
2024-01-29 00:12:42,0.0,0.0,421.0,20.7,32.0
2024-01-29 00:22:42,0.0,0.0,426.0,20.7,32.0
2024-01-29 00:32:42,0.0,0.0,428.0,20.7,32.0
2024-01-29 00:42:42,0.0,0.0,428.0,20.7,32.0
2024-01-29 00:52:42,0.0,0.0,424.0,20.6,32.0
2024-01-29 01:02:42,0.0,0.0,420.0,20.7,32.0
2024-01-29 01:12:42,0.0,0.0,419.0,20.7,32.0
2024-01-29 01:22:42,0.0,0.0,423.0,20.7,32.0
2024-01-29 01:32:42,0.0,0.0,424.0,20.6,32.0
2024-01-29 01:42:42,0.0,0.0,424.0,20.6,32.0
2024-01-29 01:52:42,0.0,0.0,432.0,20.6,32.0
2024-01-29 02:02:42,0.0,0.0,418.0,20.6,32.0
2024-01-29 02:12:42,0.0,0.0,421.0,20.6,32.0
2024-01-29 02:22:42,0.0,0.0,422.0,20.6,32.0
2024-01-29 02:32:42,0.0,0.0,420.0,20.6,32.0
2024-01-29 02:42:42,0.0,0.0,423.0,20.6,32.0
2024-01-29 02:52:42,0.0,0.0,421.0,20.6,32.0
2024-01-29 03:02:42,0.0,0.0,417.0,20.6,32.0
2024-01-29 03:12:41,0.0,0.0,417.0,20.6,32.0
2024-01-29 03:22:41,0.0,0.0,426.0,20.6,32.0
2024-01-29 03:32:41,0.0,0.0,419.0,20.6,32.0
2024-01-29 03:42:41,0.0,0.0,415.0,20.6,32.0
2024-01-29 03:52:41,0.0,0.0,419.0,20.6,32.0
2024-01-29 04:02:41,0.0,0.0,420.0,20.5,32.0
2024-01-29 04:12:41,0.0,0.0,419.0,20.6,32.0
2024-01-29 04:22:41,0.0,0.0,413.0,20.5,32.0
2024-01-29 04:32:41,0.0,0.0,425.0,20.6,32.0
2024-01-29 04:42:41,0.0,0.0,420.0,20.5,32.0
2024-01-29 04:52:41,0.0,0.0,426.0,20.5,32.0
2024-01-29 05:02:41,0.0,0.0,417.0,20.6,32.0
2024-01-29 05:12:41,0.0,0.0,416.0,20.6,32.0
2024-01-29 05:22:41,0.0,0.0,425.0,20.5,32.0
2024-01-29 05:32:41,0.0,0.0,417.0,20.5,32.0
2024-01-29 05:42:41,0.0,0.0,424.0,20.6,32.0
2024-01-29 05:52:41,0.0,0.0,417.0,20.6,32.0
2024-01-29 06:02:41,0.0,0.0,421.0,20.6,32.0
2024-01-29 06:12:41,0.0,0.0,422.0,20.6,32.0
2024-01-29 06:22:41,0.0,0.0,418.0,20.6,31.0
2024-01-29 06:32:41,0.0,0.0,422.0,20.6,32.0
2024-01-29 06:42:40,0.0,0.0,419.0,20.6,31.0
2024-01-29 06:52:40,0.0,3.0,414.0,20.5,31.0
2024-01-29 07:02:40,0.0,3.0,418.0,20.5,31.0
2024-01-29 07:12:40,0.0,10.0,426.0,20.5,28.0
2024-01-29 07:22:40,0.0,16.0,433.0,20.6,27.0
2024-01-29 07:32:40,0.0,26.0,423.0,20.6,27.0
2024-01-29 07:42:40,0.0,40.0,427.0,20.6,26.0
2024-01-29 07:52:40,0.0,53.0,433.0,20.6,26.0
2024-01-29 08:02:40,0.0,63.0,430.0,20.7,26.0
2024-01-29 08:12:40,0.0,80.0,426.0,20.7,26.0
2024-01-29 08:22:40,0.0,97.0,427.0,20.6,26.0
2024-01-29 08:32:40,14.0,117.0,475.0,20.7,28.0
2024-01-29 08:42:40,0.0,138.0,454.0,20.6,27.0
2024-01-29 08:52:40,0.0,205.0,448.0,20.7,27.0
2024-01-29 09:02:40,0.0,272.0,441.0,20.7,27.0
2024-01-29 09:12:40,0.0,340.0,443.0,20.7,26.0
2024-01-29 09:22:40,0.0,447.0,453.0,20.7,26.0
2024-01-29 09:32:40,0.0,535.0,446.0,20.8,26.0
2024-01-29 09:42:40,0.0,528.0,449.0,20.8,26.0
2024-01-29 09:52:40,0.0,680.0,442.0,20.9,26.0
2024-01-29 10:02:40,0.0,862.0,450.0,21.0,26.0
2024-01-29 10:12:40,0.0,943.0,443.0,21.1,26.0
2024-01-29 10:22:40,0.0,1020.0,458.0,21.1,26.0
2024-01-29 10:32:39,0.0,1017.0,458.0,21.2,26.0
2024-01-29 10:42:39,0.0,798.0,451.0,21.2,26.0
2024-01-29 10:52:39,0.0,1091.0,457.0,21.1,26.0
2024-01-29 11:02:39,0.0,1168.0,445.0,21.1,27.0
2024-01-29 11:12:39,0.0,1424.0,453.0,21.1,26.0
2024-01-29 11:22:39,0.0,1552.0,451.0,21.2,26.0
2024-01-29 11:32:39,0.0,1579.0,462.0,21.3,26.0
2024-01-29 11:42:39,0.0,1761.0,466.0,21.3,27.0
2024-01-29 11:52:39,0.0,1997.0,462.0,21.5,27.0
2024-01-29 12:02:39,0.0,1987.0,471.0,21.7,26.0
2024-01-29 12:12:39,13.0,1862.0,591.0,22.0,27.0
2024-01-29 12:22:39,3.0,970.0,650.0,22.2,27.0
2024-01-29 12:32:39,0.0,1121.0,708.0,22.3,28.0
2024-01-29 12:42:39,5.0,616.0,696.0,22.3,28.0
2024-01-29 12:52:39,0.0,606.0,685.0,22.2,28.0
2024-01-29 13:02:39,20.0,794.0,796.0,22.2,29.0
2024-01-29 13:12:39,0.0,838.0,797.0,22.2,29.0
2024-01-29 13:22:39,0.0,346.0,837.0,22.2,29.0
2024-01-29 13:32:39,0.0,175.0,817.0,22.1,30.0
2024-01-29 13:42:39,0.0,161.0,856.0,22.1,30.0
2024-01-29 13:52:39,0.0,161.0,816.0,22.0,30.0
2024-01-29 14:02:38,0.0,151.0,821.0,22.0,30.0
2024-01-29 14:12:38,0.0,131.0,822.0,21.9,30.0
2024-01-29 14:22:38,2.0,114.0,830.0,21.9,30.0
2024-01-29 14:32:38,8.0,87.0,830.0,21.9,30.0
2024-01-29 14:42:38,15.0,67.0,674.0,21.8,29.0
2024-01-29 14:52:38,10.0,404.0,676.0,21.6,29.0
2024-01-29 15:02:38,0.0,387.0,550.0,21.3,28.0
2024-01-29 15:12:38,4.0,373.0,621.0,21.6,28.0
2024-01-29 15:22:38,16.0,353.0,734.0,22.1,29.0
2024-01-29 15:32:38,14.0,353.0,784.0,22.2,29.0
2024-01-29 15:42:38,1.0,346.0,757.0,22.2,29.0
2024-01-29 15:52:38,0.0,346.0,720.0,22.0,29.0
2024-01-29 16:02:38,0.0,343.0,782.0,21.9,30.0
2024-01-29 16:12:38,0.0,343.0,922.0,21.8,31.0
2024-01-29 16:22:38,0.0,343.0,1031.0,21.8,32.0
2024-01-29 16:32:38,25.0,340.0,1195.0,21.8,33.0
2024-01-29 16:42:38,0.0,340.0,1358.0,21.9,35.0
2024-01-29 16:52:38,0.0,343.0,1518.0,22.0,36.0
2024-01-29 17:02:38,0.0,343.0,1668.0,22.1,37.0
2024-01-29 17:12:38,0.0,343.0,1762.0,22.0,38.0
2024-01-29 17:22:38,0.0,340.0,1852.0,22.0,38.0
2024-01-29 17:32:38,34.0,340.0,1818.0,21.9,38.0
2024-01-29 17:42:37,25.0,0.0,1672.0,21.8,38.0
2024-01-29 17:52:37,0.0,0.0,1447.0,21.7,37.0
2024-01-29 18:02:37,0.0,0.0,1296.0,21.7,36.0
2024-01-29 18:12:37,0.0,0.0,1167.0,21.7,35.0
2024-01-29 18:22:37,0.0,0.0,1063.0,21.6,35.0
2024-01-29 18:32:37,0.0,0.0,1008.0,21.5,34.0
2024-01-29 18:42:37,0.0,0.0,927.0,21.4,34.0
2024-01-29 18:52:37,0.0,0.0,871.0,21.4,34.0
2024-01-29 19:02:37,0.0,0.0,837.0,21.4,33.0
2024-01-29 19:12:37,0.0,0.0,808.0,21.4,33.0
2024-01-29 19:22:37,0.0,0.0,809.0,21.4,33.0
2024-01-29 19:32:37,0.0,0.0,785.0,21.4,33.0
2024-01-29 19:42:37,0.0,0.0,783.0,21.3,33.0
2024-01-29 19:52:37,0.0,0.0,768.0,21.3,33.0
2024-01-29 20:02:37,0.0,0.0,757.0,21.3,33.0
2024-01-29 20:12:37,0.0,0.0,736.0,21.3,33.0
2024-01-29 20:22:37,0.0,0.0,726.0,21.2,33.0
2024-01-29 20:32:37,0.0,0.0,721.0,21.3,33.0
2024-01-29 20:42:37,0.0,0.0,711.0,21.2,32.0
2024-01-29 20:52:37,0.0,0.0,695.0,21.2,32.0
2024-01-29 21:02:37,0.0,0.0,698.0,21.2,32.0
2024-01-29 21:12:37,0.0,0.0,687.0,21.2,32.0
2024-01-29 21:22:36,0.0,0.0,683.0,21.2,32.0
2024-01-29 21:32:36,0.0,0.0,666.0,21.2,32.0
2024-01-29 21:42:36,0.0,0.0,671.0,21.1,32.0
2024-01-29 21:52:36,0.0,0.0,670.0,21.1,32.0
2024-01-29 22:12:36,0.0,0.0,654.0,21.2,32.0
2024-01-29 22:22:36,0.0,0.0,649.0,21.1,32.0
2024-01-29 22:32:36,0.0,0.0,647.0,21.1,32.0
2024-01-29 22:42:36,0.0,0.0,636.0,21.1,32.0
2024-01-29 22:52:36,0.0,0.0,628.0,21.1,32.0
2024-01-29 23:02:36,0.0,0.0,627.0,21.1,32.0
2024-01-29 23:12:36,0.0,0.0,632.0,21.0,32.0
2024-01-29 23:22:36,0.0,0.0,610.0,21.0,32.0
2024-01-29 23:32:36,0.0,0.0,607.0,21.0,32.0
2024-01-29 23:42:36,0.0,0.0,607.0,21.0,32.0
2024-01-29 23:52:36,0.0,0.0,604.0,21.0,32.0
2024-01-30 00:02:36,0.0,0.0,596.0,21.0,32.0
2024-01-30 00:12:36,0.0,0.0,584.0,21.0,32.0
2024-01-30 00:22:36,0.0,0.0,595.0,21.0,32.0
2024-01-30 00:32:36,0.0,0.0,582.0,21.0,32.0
2024-01-30 00:42:36,0.0,0.0,579.0,21.0,32.0
2024-01-30 00:52:35,0.0,0.0,575.0,20.9,32.0
2024-01-30 01:02:35,0.0,0.0,568.0,20.9,32.0
2024-01-30 01:12:35,0.0,0.0,576.0,20.9,32.0
2024-01-30 01:22:35,0.0,0.0,564.0,20.9,33.0
2024-01-30 01:32:35,0.0,0.0,563.0,20.9,32.0
2024-01-30 01:42:35,0.0,0.0,558.0,20.9,33.0
2024-01-30 01:52:35,0.0,0.0,545.0,20.9,33.0
2024-01-30 02:02:35,0.0,0.0,552.0,20.9,33.0
2024-01-30 02:12:35,0.0,0.0,551.0,21.0,33.0
2024-01-30 02:22:35,0.0,0.0,545.0,20.9,33.0
2024-01-30 02:32:35,0.0,0.0,543.0,20.9,33.0
2024-01-30 02:42:35,0.0,0.0,542.0,20.9,33.0
2024-01-30 02:52:35,0.0,0.0,542.0,20.9,33.0
2024-01-30 03:02:35,0.0,0.0,528.0,20.8,33.0
2024-01-30 03:12:35,0.0,0.0,532.0,20.9,33.0
2024-01-30 03:22:35,0.0,0.0,535.0,20.9,33.0
2024-01-30 03:32:35,0.0,0.0,527.0,20.8,33.0
2024-01-30 03:42:35,0.0,0.0,517.0,20.8,33.0
2024-01-30 03:52:35,0.0,0.0,524.0,20.8,33.0
2024-01-30 04:02:35,0.0,0.0,532.0,20.8,33.0
2024-01-30 04:12:35,0.0,0.0,522.0,20.9,33.0
2024-01-30 04:22:35,0.0,0.0,524.0,20.8,33.0
2024-01-30 04:32:34,0.0,0.0,525.0,20.8,33.0
2024-01-30 04:42:34,0.0,0.0,521.0,20.9,33.0
2024-01-30 04:52:34,0.0,0.0,509.0,20.8,33.0
2024-01-30 05:02:34,0.0,0.0,514.0,20.8,33.0
2024-01-30 05:12:34,0.0,0.0,510.0,20.8,33.0
2024-01-30 05:22:34,0.0,0.0,508.0,20.8,33.0
2024-01-30 05:32:34,0.0,0.0,493.0,20.8,33.0
2024-01-30 05:42:34,0.0,0.0,494.0,20.8,33.0
2024-01-30 05:52:34,0.0,0.0,517.0,20.8,33.0
2024-01-30 06:02:34,0.0,0.0,510.0,20.8,33.0
2024-01-30 06:12:34,0.0,0.0,488.0,20.8,33.0
2024-01-30 06:32:34,0.0,0.0,493.0,20.8,33.0
2024-01-30 06:42:34,0.0,0.0,494.0,20.7,34.0
2024-01-30 06:52:34,0.0,0.0,495.0,20.7,34.0
2024-01-30 07:02:34,0.0,3.0,477.0,20.8,34.0
2024-01-30 07:12:34,0.0,3.0,472.0,20.9,33.0
2024-01-30 07:22:34,0.0,3.0,457.0,20.8,33.0
2024-01-30 07:32:34,0.0,6.0,450.0,20.8,34.0
2024-01-30 07:42:34,0.0,10.0,444.0,20.9,34.0
2024-01-30 07:52:34,0.0,13.0,459.0,20.8,34.0
2024-01-30 08:02:34,0.0,16.0,446.0,20.8,34.0
2024-01-30 08:12:33,0.0,20.0,438.0,20.8,34.0
2024-01-30 08:22:33,0.0,16.0,446.0,20.8,34.0
2024-01-30 08:32:33,0.0,23.0,449.0,20.8,34.0
2024-01-30 08:42:33,0.0,43.0,434.0,20.8,35.0
2024-01-30 08:52:33,0.0,57.0,435.0,20.8,35.0
2024-01-30 09:02:33,0.0,57.0,439.0,20.8,35.0
2024-01-30 09:12:33,0.0,53.0,448.0,20.8,35.0
2024-01-30 09:22:33,0.0,57.0,446.0,20.8,35.0
2024-01-30 09:32:33,0.0,50.0,454.0,20.8,36.0
2024-01-30 09:42:33,0.0,53.0,463.0,20.8,36.0
2024-01-30 09:52:33,0.0,50.0,464.0,20.8,36.0
2024-01-30 10:02:33,0.0,43.0,453.0,20.8,36.0
2024-01-30 10:12:33,0.0,47.0,452.0,20.8,36.0
2024-01-30 10:22:33,0.0,50.0,455.0,20.8,36.0
2024-01-30 10:32:33,0.0,50.0,455.0,20.8,36.0
2024-01-30 10:42:33,0.0,53.0,453.0,20.9,36.0
2024-01-30 10:52:33,0.0,53.0,446.0,20.8,36.0
2024-01-30 11:02:33,0.0,53.0,463.0,20.8,36.0
2024-01-30 11:12:33,0.0,57.0,462.0,20.8,37.0
2024-01-30 11:22:33,1.0,60.0,520.0,20.8,37.0
2024-01-30 11:32:33,1.0,417.0,509.0,20.9,38.0
2024-01-30 11:42:33,0.0,417.0,526.0,20.9,37.0
2024-01-30 11:52:32,3.0,57.0,509.0,20.9,37.0
2024-01-30 12:02:32,0.0,63.0,491.0,20.9,37.0
2024-01-30 12:12:32,0.0,70.0,478.0,20.8,36.0
2024-01-30 12:22:32,0.0,70.0,480.0,20.9,36.0
2024-01-30 12:32:32,0.0,84.0,490.0,20.8,36.0
2024-01-30 12:42:32,0.0,60.0,489.0,20.9,36.0
2024-01-30 12:52:32,0.0,77.0,487.0,20.9,36.0
2024-01-30 13:02:32,0.0,74.0,477.0,20.8,36.0
2024-01-30 13:12:32,0.0,74.0,457.0,20.9,35.0
2024-01-30 13:22:32,0.0,90.0,461.0,20.8,35.0
2024-01-30 13:32:32,0.0,90.0,461.0,20.8,35.0
2024-01-30 13:42:32,0.0,87.0,464.0,20.9,35.0
2024-01-30 13:52:32,0.0,84.0,467.0,20.9,35.0
2024-01-30 14:02:32,0.0,70.0,453.0,20.9,35.0
2024-01-30 14:12:32,0.0,50.0,442.0,20.8,35.0
2024-01-30 14:22:32,0.0,30.0,445.0,20.9,34.0
2024-01-30 14:32:32,0.0,23.0,450.0,20.8,34.0
2024-01-30 14:42:32,0.0,13.0,453.0,20.8,34.0
2024-01-30 14:52:32,0.0,10.0,461.0,20.9,34.0
2024-01-30 15:02:32,0.0,10.0,470.0,20.8,34.0
2024-01-30 15:12:32,0.0,6.0,457.0,20.8,34.0
2024-01-30 15:22:32,2.0,3.0,473.0,20.8,34.0
2024-01-30 15:32:31,0.0,3.0,448.0,20.8,34.0
2024-01-30 15:42:32,0.0,3.0,446.0,20.8,34.0
2024-01-30 15:52:31,0.0,0.0,442.0,20.8,34.0
2024-01-30 16:02:31,0.0,0.0,450.0,20.8,34.0
2024-01-30 16:12:31,0.0,0.0,558.0,20.8,34.0
2024-01-30 16:22:32,0.0,0.0,640.0,20.8,35.0
2024-01-30 16:32:31,0.0,0.0,696.0,20.8,35.0
2024-01-30 16:42:31,0.0,0.0,741.0,20.8,35.0
2024-01-30 16:52:31,0.0,0.0,755.0,20.8,35.0
2024-01-30 17:02:31,0.0,0.0,787.0,20.9,36.0
2024-01-30 17:12:31,0.0,0.0,786.0,20.8,36.0
2024-01-30 17:22:31,0.0,0.0,790.0,20.8,36.0
2024-01-30 17:32:31,0.0,0.0,794.0,20.8,36.0
2024-01-30 17:42:31,0.0,0.0,788.0,20.8,36.0
2024-01-30 17:52:31,0.0,0.0,788.0,20.8,36.0
2024-01-30 18:02:31,0.0,0.0,794.0,20.8,36.0
2024-01-30 18:12:31,0.0,0.0,787.0,20.8,36.0
2024-01-30 18:22:31,0.0,0.0,795.0,20.8,36.0
2024-01-30 18:32:31,0.0,0.0,792.0,20.8,36.0
2024-01-30 18:42:31,0.0,0.0,782.0,20.8,36.0
2024-01-30 18:52:31,0.0,0.0,773.0,20.8,36.0
2024-01-30 19:02:31,0.0,0.0,757.0,20.8,36.0
2024-01-30 19:12:30,0.0,0.0,765.0,20.8,36.0
2024-01-30 19:22:30,0.0,0.0,752.0,20.8,36.0
2024-01-30 19:32:30,0.0,0.0,746.0,20.8,36.0
2024-01-30 19:42:30,0.0,0.0,753.0,20.8,36.0
2024-01-30 19:52:30,0.0,0.0,729.0,20.8,36.0
2024-01-30 20:02:30,0.0,0.0,733.0,20.8,36.0
2024-01-30 20:12:30,0.0,0.0,731.0,20.8,36.0
2024-01-30 20:22:30,0.0,0.0,724.0,20.7,36.0
2024-01-30 20:32:30,0.0,0.0,720.0,20.8,37.0
2024-01-30 20:42:30,0.0,0.0,718.0,20.8,36.0
2024-01-30 20:52:30,0.0,0.0,707.0,20.8,37.0
2024-01-30 21:02:30,0.0,0.0,700.0,20.8,37.0
2024-01-30 21:12:30,0.0,0.0,685.0,20.8,37.0
2024-01-30 21:22:30,0.0,0.0,686.0,20.8,36.0
2024-01-30 21:32:30,0.0,0.0,680.0,20.8,37.0
2024-01-30 21:42:30,0.0,0.0,674.0,20.8,37.0
2024-01-30 21:52:30,0.0,0.0,667.0,20.8,37.0
2024-01-30 22:02:30,0.0,0.0,670.0,20.8,37.0
2024-01-30 22:12:30,0.0,0.0,667.0,20.8,37.0
2024-01-30 22:22:30,0.0,0.0,655.0,20.8,37.0
2024-01-30 22:32:30,0.0,0.0,643.0,20.8,37.0
2024-01-30 22:42:30,0.0,0.0,637.0,20.8,37.0
2024-01-30 22:52:29,0.0,0.0,649.0,20.8,37.0
2024-01-30 23:02:29,0.0,0.0,631.0,20.8,37.0
2024-01-30 23:12:29,0.0,0.0,628.0,20.8,37.0
2024-01-30 23:22:29,0.0,0.0,634.0,20.8,37.0
2024-01-30 23:32:29,0.0,0.0,625.0,20.8,37.0
2024-01-30 23:42:29,0.0,0.0,623.0,20.8,37.0
2024-01-30 23:52:29,0.0,0.0,615.0,20.8,37.0
2024-01-31 00:02:29,0.0,0.0,617.0,20.8,37.0
2024-01-31 00:12:29,0.0,0.0,616.0,20.8,37.0
2024-01-31 00:22:29,0.0,0.0,614.0,20.8,37.0
2024-01-31 00:32:29,0.0,0.0,612.0,20.9,37.0
2024-01-31 00:42:29,0.0,0.0,606.0,20.8,37.0
2024-01-31 00:52:29,0.0,0.0,606.0,20.9,37.0
2024-01-31 01:02:29,0.0,0.0,606.0,20.8,37.0
2024-01-31 01:12:29,0.0,0.0,610.0,20.9,37.0
2024-01-31 01:22:29,0.0,0.0,596.0,20.8,37.0
2024-01-31 01:32:29,0.0,0.0,588.0,20.8,37.0
2024-01-31 01:42:29,0.0,0.0,589.0,20.8,37.0
2024-01-31 01:52:29,0.0,0.0,585.0,20.9,37.0
2024-01-31 02:02:29,0.0,0.0,588.0,20.8,37.0
2024-01-31 02:12:29,0.0,0.0,573.0,20.9,37.0
2024-01-31 02:22:29,0.0,0.0,570.0,20.9,37.0
2024-01-31 02:32:28,0.0,0.0,570.0,20.9,37.0
2024-01-31 02:42:28,0.0,0.0,562.0,20.9,37.0
2024-01-31 02:52:28,0.0,0.0,569.0,20.9,37.0
2024-01-31 03:02:28,0.0,0.0,556.0,20.9,37.0
2024-01-31 03:12:28,0.0,0.0,553.0,20.9,37.0
2024-01-31 03:22:28,0.0,0.0,555.0,20.9,37.0
2024-01-31 03:32:28,0.0,0.0,542.0,20.9,36.0
2024-01-31 03:42:28,0.0,0.0,554.0,20.9,36.0
2024-01-31 03:52:28,0.0,0.0,543.0,20.9,36.0
2024-01-31 04:02:28,0.0,0.0,537.0,20.9,36.0
2024-01-31 04:12:28,0.0,0.0,531.0,20.9,36.0
2024-01-31 04:22:28,0.0,0.0,537.0,20.9,36.0
2024-01-31 04:32:28,0.0,0.0,537.0,20.9,36.0
2024-01-31 04:42:28,0.0,0.0,528.0,20.9,36.0
2024-01-31 04:52:28,0.0,0.0,525.0,20.9,36.0
2024-01-31 05:02:28,0.0,0.0,525.0,20.9,36.0
2024-01-31 05:12:28,0.0,0.0,523.0,20.9,36.0
2024-01-31 05:22:28,0.0,0.0,522.0,20.9,36.0
2024-01-31 05:32:28,0.0,0.0,512.0,20.9,36.0
2024-01-31 05:42:28,0.0,0.0,507.0,20.9,36.0
2024-01-31 05:52:28,0.0,0.0,510.0,20.9,36.0
2024-01-31 06:02:27,0.0,0.0,505.0,20.9,36.0
2024-01-31 06:12:27,0.0,0.0,510.0,20.9,36.0
2024-01-31 06:22:27,0.0,0.0,507.0,20.9,35.0
2024-01-31 06:32:27,0.0,0.0,502.0,20.9,35.0
2024-01-31 06:42:27,0.0,0.0,510.0,20.8,35.0
2024-01-31 06:52:27,0.0,3.0,502.0,20.9,35.0
2024-01-31 07:02:27,0.0,6.0,479.0,20.8,35.0
2024-01-31 07:12:27,0.0,13.0,450.0,20.9,33.0
2024-01-31 07:22:27,0.0,20.0,431.0,20.9,31.0
2024-01-31 07:32:27,0.0,30.0,415.0,20.9,31.0
2024-01-31 07:42:27,0.0,40.0,414.0,20.9,30.0
2024-01-31 07:52:27,0.0,53.0,416.0,20.9,30.0
2024-01-31 08:02:27,0.0,67.0,410.0,20.9,30.0
2024-01-31 08:12:27,0.0,84.0,411.0,20.9,30.0
2024-01-31 08:22:27,0.0,107.0,425.0,20.9,29.0
2024-01-31 08:32:27,0.0,144.0,420.0,20.9,29.0
2024-01-31 08:42:27,0.0,171.0,421.0,20.9,29.0
2024-01-31 08:52:27,0.0,212.0,418.0,20.9,29.0
2024-01-31 09:02:27,0.0,276.0,424.0,21.0,29.0
2024-01-31 09:12:27,0.0,306.0,425.0,20.9,30.0
2024-01-31 09:22:27,0.0,522.0,419.0,21.0,30.0
2024-01-31 09:32:27,1.0,592.0,420.0,21.1,30.0
2024-01-31 09:42:27,1.0,690.0,430.0,21.1,30.0
2024-01-31 09:52:26,0.0,266.0,430.0,21.1,30.0
2024-01-31 10:02:26,0.0,919.0,434.0,21.2,30.0
2024-01-31 10:12:26,0.0,1182.0,428.0,21.2,30.0
2024-01-31 10:22:26,0.0,1434.0,427.0,21.4,30.0
2024-01-31 10:32:26,0.0,293.0,427.0,21.3,30.0
2024-01-31 10:42:26,0.0,367.0,423.0,21.3,30.0
2024-01-31 10:52:26,0.0,528.0,424.0,21.2,30.0
2024-01-31 11:02:26,0.0,424.0,425.0,21.2,30.0
2024-01-31 11:12:26,0.0,158.0,427.0,21.1,30.0
2024-01-31 11:22:26,0.0,181.0,430.0,21.1,30.0
2024-01-31 11:32:26,0.0,121.0,423.0,21.1,30.0
2024-01-31 11:42:26,0.0,165.0,435.0,21.1,30.0
2024-01-31 11:52:26,0.0,218.0,426.0,21.1,30.0
2024-01-31 12:02:26,0.0,111.0,435.0,21.1,30.0
2024-01-31 12:12:26,0.0,94.0,434.0,21.0,31.0
2024-01-31 12:22:26,0.0,114.0,430.0,21.0,31.0
2024-01-31 12:32:26,0.0,208.0,441.0,21.0,31.0
2024-01-31 12:42:26,0.0,218.0,433.0,21.0,31.0
2024-01-31 12:52:26,0.0,138.0,447.0,21.0,31.0
2024-01-31 13:02:26,0.0,117.0,450.0,21.0,31.0
2024-01-31 13:12:26,0.0,87.0,452.0,20.9,31.0
2024-01-31 13:22:25,0.0,144.0,457.0,21.0,31.0
2024-01-31 13:32:25,0.0,104.0,451.0,21.0,31.0
2024-01-31 13:42:25,0.0,101.0,457.0,21.0,31.0
2024-01-31 13:52:25,0.0,148.0,449.0,21.0,30.0
2024-01-31 14:02:25,0.0,117.0,456.0,21.0,30.0
2024-01-31 14:12:25,0.0,134.0,454.0,20.9,30.0
2024-01-31 14:22:25,0.0,148.0,453.0,20.9,30.0
2024-01-31 14:32:25,0.0,107.0,444.0,20.9,29.0
2024-01-31 14:42:25,0.0,70.0,439.0,20.9,29.0
2024-01-31 14:52:25,0.0,43.0,439.0,20.9,29.0
2024-01-31 15:02:25,0.0,26.0,429.0,20.9,29.0
2024-01-31 15:12:25,0.0,26.0,429.0,20.9,29.0
2024-01-31 15:22:25,0.0,20.0,427.0,20.9,28.0
2024-01-31 15:32:25,0.0,10.0,431.0,20.9,28.0
2024-01-31 15:42:25,0.0,3.0,418.0,20.9,28.0
2024-01-31 15:52:25,0.0,3.0,417.0,20.9,28.0
2024-01-31 16:02:25,0.0,0.0,425.0,20.8,28.0
2024-01-31 16:12:25,0.0,0.0,482.0,20.9,29.0
2024-01-31 16:22:25,0.0,0.0,544.0,20.8,30.0
2024-01-31 16:32:25,0.0,0.0,589.0,20.8,30.0
2024-01-31 16:42:25,0.0,0.0,621.0,20.8,31.0
2024-01-31 16:52:25,0.0,0.0,644.0,20.8,31.0
2024-01-31 17:02:24,0.0,0.0,656.0,20.8,32.0
2024-01-31 17:12:24,0.0,0.0,673.0,20.8,32.0
2024-01-31 17:22:24,0.0,0.0,680.0,20.8,32.0
2024-01-31 17:32:24,0.0,0.0,691.0,20.7,32.0
2024-01-31 17:42:24,0.0,0.0,684.0,20.8,32.0
2024-01-31 17:52:24,0.0,0.0,700.0,20.8,33.0
2024-01-31 18:02:24,0.0,0.0,697.0,20.8,33.0
2024-01-31 18:12:24,0.0,0.0,681.0,20.8,33.0
2024-01-31 18:22:24,0.0,0.0,678.0,20.7,33.0
2024-01-31 18:32:24,0.0,0.0,680.0,20.7,33.0
2024-01-31 18:42:24,0.0,0.0,679.0,20.7,33.0
2024-01-31 18:52:24,0.0,0.0,678.0,20.7,33.0
2024-01-31 19:02:24,0.0,0.0,661.0,20.7,33.0
2024-01-31 19:12:24,0.0,0.0,656.0,20.7,33.0
2024-01-31 19:22:24,0.0,0.0,641.0,20.7,33.0
2024-01-31 19:32:24,0.0,0.0,625.0,20.7,33.0
2024-01-31 19:42:24,0.0,0.0,608.0,20.7,33.0
2024-01-31 19:52:24,0.0,0.0,614.0,20.7,33.0
2024-01-31 20:02:24,0.0,0.0,598.0,20.7,32.0
2024-01-31 20:12:24,0.0,0.0,586.0,20.7,32.0
2024-01-31 20:22:24,0.0,0.0,580.0,20.7,32.0
2024-01-31 20:32:23,0.0,0.0,570.0,20.7,32.0
2024-01-31 20:42:23,0.0,0.0,572.0,20.7,32.0
2024-01-31 20:52:23,0.0,0.0,567.0,20.7,32.0
2024-01-31 21:02:24,0.0,0.0,554.0,20.7,32.0
2024-01-31 21:12:23,0.0,0.0,548.0,20.6,32.0
2024-01-31 21:22:23,0.0,0.0,545.0,20.6,32.0
2024-01-31 21:32:23,0.0,0.0,533.0,20.6,32.0
2024-01-31 21:42:23,0.0,0.0,547.0,20.6,32.0
2024-01-31 21:52:23,0.0,0.0,533.0,20.7,32.0
2024-01-31 22:02:23,0.0,0.0,537.0,20.5,32.0
2024-01-31 22:12:23,0.0,0.0,529.0,20.6,32.0
2024-01-31 22:22:23,0.0,0.0,527.0,20.6,33.0
2024-01-31 22:32:23,0.0,0.0,522.0,20.6,33.0
2024-01-31 22:42:23,0.0,0.0,520.0,20.6,33.0
2024-01-31 22:52:23,0.0,0.0,529.0,20.5,33.0
2024-01-31 23:02:23,0.0,0.0,512.0,20.6,33.0
2024-01-31 23:12:23,0.0,0.0,513.0,20.5,33.0
2024-01-31 23:22:23,0.0,0.0,512.0,20.5,33.0
2024-01-31 23:32:23,0.0,0.0,513.0,20.6,33.0
2024-01-31 23:42:23,0.0,0.0,517.0,20.6,33.0
2024-01-31 23:52:23,0.0,0.0,512.0,20.6,33.0
2024-02-01 00:02:23,0.0,0.0,507.0,20.6,33.0
2024-02-01 00:12:23,0.0,0.0,491.0,20.5,33.0
2024-02-01 00:22:22,0.0,0.0,502.0,20.6,33.0
2024-02-01 00:32:22,0.0,0.0,504.0,20.6,33.0
2024-02-01 00:42:22,0.0,0.0,502.0,20.6,33.0
2024-02-01 00:52:22,0.0,0.0,499.0,20.6,33.0
2024-02-01 01:02:22,0.0,0.0,486.0,20.6,34.0
2024-02-01 01:12:22,0.0,0.0,500.0,20.6,34.0
2024-02-01 01:22:22,0.0,0.0,495.0,20.6,34.0
2024-02-01 01:32:22,0.0,0.0,491.0,20.6,34.0
2024-02-01 01:42:22,0.0,0.0,489.0,20.6,34.0
2024-02-01 01:52:22,0.0,0.0,492.0,20.5,34.0
2024-02-01 02:02:22,0.0,0.0,489.0,20.5,34.0
2024-02-01 02:12:22,0.0,0.0,489.0,20.6,34.0
2024-02-01 02:22:22,0.0,0.0,489.0,20.5,34.0
2024-02-01 02:32:22,0.0,0.0,491.0,20.5,34.0
2024-02-01 02:42:22,0.0,0.0,489.0,20.5,34.0
2024-02-01 02:52:22,0.0,0.0,483.0,20.5,34.0
2024-02-01 03:02:22,0.0,0.0,479.0,20.5,34.0
2024-02-01 03:12:22,0.0,0.0,481.0,20.5,34.0
2024-02-01 03:22:22,0.0,0.0,477.0,20.5,34.0
2024-02-01 03:32:22,0.0,0.0,481.0,20.5,34.0
2024-02-01 03:42:22,0.0,0.0,482.0,20.5,34.0
2024-02-01 03:52:22,0.0,0.0,479.0,20.5,34.0
2024-02-01 04:02:21,0.0,0.0,479.0,20.5,34.0
2024-02-01 04:12:21,0.0,0.0,478.0,20.6,34.0
2024-02-01 04:22:21,0.0,0.0,474.0,20.5,34.0
2024-02-01 04:32:21,0.0,0.0,479.0,20.5,34.0
2024-02-01 04:42:21,0.0,0.0,473.0,20.5,34.0
2024-02-01 04:52:21,0.0,0.0,466.0,20.5,34.0
2024-02-01 05:02:21,0.0,0.0,471.0,20.5,34.0
2024-02-01 05:12:21,0.0,0.0,466.0,20.5,34.0
2024-02-01 05:22:21,0.0,0.0,471.0,20.5,33.0
2024-02-01 05:32:21,0.0,0.0,461.0,20.5,34.0
2024-02-01 05:42:21,0.0,0.0,458.0,20.5,33.0
2024-02-01 05:52:21,0.0,0.0,458.0,20.5,33.0
2024-02-01 06:02:21,0.0,0.0,458.0,20.5,33.0
2024-02-01 06:12:21,0.0,0.0,468.0,20.5,34.0
2024-02-01 06:22:21,0.0,0.0,475.0,20.5,34.0
2024-02-01 06:32:21,0.0,0.0,463.0,20.4,34.0
2024-02-01 06:42:21,0.0,0.0,460.0,20.5,34.0
2024-02-01 06:52:21,0.0,3.0,459.0,20.4,34.0
2024-02-01 07:02:21,0.0,6.0,449.0,20.4,33.0
2024-02-01 07:12:21,0.0,10.0,414.0,20.5,32.0
2024-02-01 07:22:21,0.0,16.0,409.0,20.5,31.0
2024-02-01 07:32:20,0.0,20.0,401.0,20.5,31.0
2024-02-01 07:42:21,0.0,33.0,409.0,20.5,30.0
2024-02-01 07:52:20,0.0,26.0,409.0,20.5,30.0
2024-02-01 08:02:21,0.0,50.0,402.0,20.5,30.0
2024-02-01 08:12:20,0.0,97.0,399.0,20.5,30.0
2024-02-01 08:22:20,0.0,84.0,400.0,20.5,30.0
2024-02-01 08:32:20,0.0,94.0,396.0,20.5,30.0
2024-02-01 08:42:20,0.0,114.0,408.0,20.5,30.0
2024-02-01 08:52:20,0.0,293.0,407.0,20.6,30.0
2024-02-01 09:02:20,0.0,141.0,412.0,20.5,30.0
2024-02-01 09:12:20,0.0,346.0,411.0,20.5,30.0
2024-02-01 09:22:20,0.0,158.0,412.0,20.6,30.0
2024-02-01 09:32:20,0.0,623.0,409.0,20.6,30.0
2024-02-01 09:42:20,0.0,474.0,415.0,20.7,30.0
2024-02-01 09:52:20,0.0,249.0,409.0,20.7,30.0
2024-02-01 10:02:20,0.0,744.0,413.0,20.8,30.0
2024-02-01 10:12:20,0.0,1054.0,423.0,20.9,30.0
2024-02-01 10:22:20,0.0,1279.0,427.0,21.0,29.0
2024-02-01 10:32:20,0.0,1185.0,438.0,21.1,29.0
2024-02-01 10:42:20,0.0,1731.0,438.0,21.1,29.0
2024-02-01 10:52:20,0.0,727.0,430.0,21.2,29.0
2024-02-01 11:02:20,17.0,313.0,810.0,21.5,32.0
2024-02-01 11:12:19,8.0,363.0,909.0,21.6,33.0
2024-02-01 11:22:19,17.0,373.0,766.0,21.5,32.0
2024-02-01 11:32:19,0.0,2081.0,573.0,21.3,31.0
2024-02-01 11:42:19,0.0,2108.0,506.0,21.4,30.0
2024-02-01 11:52:19,0.0,2088.0,464.0,21.4,29.0
2024-02-01 12:02:19,0.0,2014.0,440.0,21.6,29.0
2024-02-01 12:12:19,0.0,1940.0,425.0,21.7,28.0
2024-02-01 12:22:19,0.0,1899.0,420.0,21.8,28.0
2024-02-01 12:32:19,0.0,1906.0,424.0,21.9,27.0
2024-02-01 12:42:19,0.0,1734.0,420.0,22.0,27.0
2024-02-01 12:52:19,0.0,1754.0,438.0,22.0,27.0
2024-02-01 13:02:19,0.0,1707.0,436.0,22.1,27.0
2024-02-01 13:12:19,0.0,1579.0,451.0,22.1,27.0
2024-02-01 13:22:19,0.0,397.0,442.0,22.1,27.0
2024-02-01 13:32:19,0.0,1269.0,439.0,22.0,27.0
2024-02-01 13:42:19,0.0,350.0,436.0,22.0,27.0
2024-02-01 13:52:19,0.0,410.0,441.0,21.8,27.0
2024-02-01 14:02:19,0.0,191.0,430.0,21.7,27.0
2024-02-01 14:12:19,0.0,161.0,440.0,21.6,27.0
2024-02-01 14:22:19,0.0,138.0,439.0,21.5,27.0
2024-02-01 14:32:19,0.0,121.0,428.0,21.5,27.0
2024-02-01 14:42:19,0.0,97.0,438.0,21.6,26.0
2024-02-01 14:52:18,0.0,63.0,429.0,21.5,26.0
2024-02-01 15:02:18,0.0,60.0,417.0,21.4,26.0
2024-02-01 15:12:18,0.0,43.0,418.0,21.4,26.0
2024-02-01 15:22:18,0.0,26.0,415.0,21.2,27.0
2024-02-01 15:32:18,0.0,16.0,421.0,21.3,27.0
2024-02-01 15:42:18,0.0,10.0,417.0,21.2,27.0
2024-02-01 15:52:18,0.0,3.0,417.0,21.2,26.0
2024-02-01 16:02:18,0.0,3.0,421.0,21.3,27.0
2024-02-01 16:12:18,0.0,0.0,476.0,21.5,27.0
2024-02-01 16:22:18,0.0,0.0,533.0,21.4,28.0
2024-02-01 16:32:18,0.0,0.0,569.0,21.2,29.0
2024-02-01 16:42:18,0.0,0.0,613.0,21.1,29.0
2024-02-01 16:52:18,0.0,0.0,627.0,21.1,30.0
2024-02-01 17:02:18,0.0,0.0,652.0,21.1,30.0
2024-02-01 17:12:18,0.0,0.0,671.0,21.2,30.0
2024-02-01 17:22:18,0.0,0.0,678.0,21.1,31.0
2024-02-01 17:32:18,0.0,0.0,682.0,21.1,31.0
2024-02-01 17:42:18,0.0,0.0,682.0,21.1,31.0
2024-02-01 17:52:18,0.0,0.0,687.0,21.0,31.0
2024-02-01 18:02:18,0.0,0.0,692.0,21.0,31.0
2024-02-01 18:12:18,0.0,0.0,685.0,21.0,31.0
2024-02-01 18:22:18,0.0,0.0,686.0,21.0,32.0
2024-02-01 18:32:17,0.0,0.0,672.0,21.0,32.0
2024-02-01 18:42:17,0.0,0.0,667.0,21.0,32.0
2024-02-01 18:52:17,0.0,0.0,672.0,21.0,32.0
2024-02-01 19:02:17,0.0,0.0,654.0,21.0,32.0
2024-02-01 19:12:17,0.0,0.0,648.0,20.9,32.0
2024-02-01 19:22:17,0.0,0.0,634.0,20.9,32.0
2024-02-01 19:32:17,0.0,0.0,622.0,20.9,32.0
2024-02-01 19:42:17,0.0,0.0,610.0,20.9,32.0
2024-02-01 19:52:17,0.0,0.0,611.0,20.9,31.0
2024-02-01 20:02:17,0.0,0.0,597.0,20.9,31.0
2024-02-01 20:22:17,0.0,0.0,588.0,20.9,31.0
2024-02-01 20:32:17,0.0,0.0,580.0,20.9,31.0
2024-02-01 20:42:17,0.0,0.0,577.0,20.8,31.0
2024-02-01 20:52:17,0.0,0.0,576.0,20.9,31.0
2024-02-01 21:02:17,0.0,0.0,566.0,20.8,31.0
2024-02-01 21:12:17,0.0,0.0,564.0,20.8,31.0
2024-02-01 21:22:17,0.0,0.0,566.0,20.8,31.0
2024-02-01 21:32:17,0.0,0.0,552.0,20.8,31.0
2024-02-01 21:42:17,0.0,0.0,550.0,20.8,31.0
2024-02-01 21:52:17,0.0,0.0,546.0,20.8,31.0
2024-02-01 22:02:17,0.0,0.0,539.0,20.8,31.0
2024-02-01 22:12:16,0.0,0.0,537.0,20.7,31.0
2024-02-01 22:22:16,0.0,0.0,537.0,20.8,31.0
2024-02-01 22:32:16,0.0,0.0,537.0,20.8,31.0
2024-02-01 22:42:16,0.0,0.0,524.0,20.8,31.0
2024-02-01 22:52:16,0.0,0.0,533.0,20.8,31.0
2024-02-01 23:02:16,0.0,0.0,526.0,20.8,31.0
2024-02-01 23:12:16,0.0,0.0,521.0,20.8,31.0
2024-02-01 23:22:16,0.0,0.0,515.0,20.7,31.0
2024-02-01 23:32:16,0.0,0.0,504.0,20.7,31.0
2024-02-01 23:42:16,0.0,0.0,516.0,20.7,31.0
2024-02-01 23:52:16,0.0,0.0,512.0,20.7,32.0
2024-02-02 00:02:16,0.0,0.0,507.0,20.7,32.0
2024-02-02 00:12:16,0.0,0.0,513.0,20.7,32.0
2024-02-02 00:22:16,0.0,0.0,500.0,20.8,32.0
2024-02-02 00:32:16,0.0,0.0,496.0,20.7,32.0
2024-02-02 00:42:16,0.0,0.0,498.0,20.7,32.0
2024-02-02 00:52:16,0.0,0.0,500.0,20.7,32.0
2024-02-02 01:02:16,0.0,0.0,497.0,20.7,32.0
2024-02-02 01:12:16,0.0,0.0,495.0,20.7,32.0
2024-02-02 01:22:16,0.0,0.0,493.0,20.7,32.0
2024-02-02 01:32:16,0.0,0.0,492.0,20.7,32.0
2024-02-02 01:42:16,0.0,0.0,500.0,20.6,32.0
2024-02-02 01:52:15,0.0,0.0,481.0,20.6,32.0
2024-02-02 02:02:15,0.0,0.0,487.0,20.7,32.0
2024-02-02 02:12:15,0.0,0.0,491.0,20.7,32.0
2024-02-02 02:22:15,0.0,0.0,475.0,20.7,32.0
2024-02-02 02:32:15,0.0,0.0,485.0,20.6,32.0
2024-02-02 02:42:15,0.0,0.0,481.0,20.7,32.0
2024-02-02 02:52:15,0.0,0.0,477.0,20.6,32.0
2024-02-02 03:02:15,0.0,0.0,474.0,20.7,32.0
2024-02-02 03:12:15,0.0,0.0,469.0,20.7,32.0
2024-02-02 03:22:15,0.0,0.0,481.0,20.6,32.0
2024-02-02 03:32:15,0.0,0.0,468.0,20.7,32.0
2024-02-02 03:42:15,0.0,0.0,471.0,20.7,32.0
2024-02-02 03:52:15,0.0,0.0,477.0,20.6,32.0
2024-02-02 04:02:15,0.0,0.0,474.0,20.7,32.0
2024-02-02 04:12:15,0.0,0.0,464.0,20.6,32.0
2024-02-02 04:22:15,0.0,0.0,463.0,20.6,32.0
2024-02-02 04:32:15,0.0,0.0,462.0,20.6,32.0
2024-02-02 04:42:15,0.0,0.0,463.0,20.6,32.0
2024-02-02 04:52:15,0.0,0.0,469.0,20.6,32.0
2024-02-02 05:02:15,0.0,0.0,461.0,20.5,32.0
2024-02-02 05:12:15,0.0,0.0,460.0,20.6,32.0
2024-02-02 05:22:15,0.0,0.0,451.0,20.6,33.0
2024-02-02 05:32:14,0.0,0.0,463.0,20.5,33.0
2024-02-02 05:42:14,0.0,0.0,459.0,20.6,33.0
2024-02-02 05:52:14,0.0,0.0,452.0,20.6,33.0
2024-02-02 06:02:14,0.0,0.0,459.0,20.5,33.0
2024-02-02 06:12:14,0.0,0.0,467.0,20.5,33.0
2024-02-02 06:22:14,0.0,0.0,466.0,20.5,33.0
2024-02-02 06:32:14,0.0,0.0,457.0,20.5,33.0
2024-02-02 06:42:14,0.0,3.0,468.0,20.5,33.0
2024-02-02 06:52:14,0.0,3.0,465.0,20.5,33.0
2024-02-02 07:02:14,0.0,3.0,450.0,20.5,33.0
2024-02-02 07:12:14,0.0,3.0,421.0,20.6,33.0
2024-02-02 07:22:14,0.0,6.0,415.0,20.6,33.0
2024-02-02 07:32:14,0.0,10.0,412.0,20.6,33.0
2024-02-02 07:42:14,0.0,13.0,417.0,20.6,34.0
2024-02-02 07:52:14,0.0,20.0,406.0,20.6,34.0
2024-02-02 08:02:14,0.0,16.0,408.0,20.5,34.0
2024-02-02 08:12:14,0.0,16.0,419.0,20.6,34.0
2024-02-02 08:22:14,0.0,30.0,416.0,20.6,34.0
2024-02-02 08:32:14,0.0,37.0,414.0,20.5,34.0
2024-02-02 08:42:14,0.0,33.0,420.0,20.6,34.0
2024-02-02 08:52:14,0.0,43.0,416.0,20.6,34.0
2024-02-02 09:02:13,0.0,33.0,411.0,20.6,34.0
2024-02-02 09:12:13,0.0,30.0,402.0,20.6,34.0
2024-02-02 09:22:14,0.0,40.0,412.0,20.6,34.0
2024-02-02 09:32:13,0.0,40.0,426.0,20.5,35.0
2024-02-02 09:42:13,0.0,50.0,430.0,20.6,35.0
2024-02-02 09:52:13,0.0,50.0,423.0,20.6,35.0
2024-02-02 10:02:13,0.0,47.0,429.0,20.6,35.0
2024-02-02 10:12:13,0.0,43.0,422.0,20.5,35.0
2024-02-02 10:22:13,0.0,40.0,419.0,20.5,35.0
2024-02-02 10:32:13,0.0,40.0,420.0,20.6,35.0
2024-02-02 10:42:13,0.0,57.0,417.0,20.6,35.0
2024-02-02 10:52:13,0.0,50.0,430.0,20.6,35.0
2024-02-02 11:02:13,0.0,37.0,437.0,20.6,35.0
2024-02-02 11:12:13,0.0,37.0,427.0,20.6,35.0
2024-02-02 11:22:13,0.0,33.0,432.0,20.6,35.0
2024-02-02 11:32:13,0.0,33.0,426.0,20.6,35.0
2024-02-02 11:42:13,0.0,43.0,417.0,20.6,35.0
2024-02-02 11:52:13,0.0,40.0,430.0,20.5,35.0
2024-02-02 12:02:13,0.0,30.0,426.0,20.6,35.0
2024-02-02 12:12:13,0.0,47.0,421.0,20.5,36.0
2024-02-02 12:22:13,0.0,47.0,422.0,20.6,36.0
2024-02-02 12:32:13,0.0,30.0,419.0,20.5,36.0
2024-02-02 12:42:12,0.0,43.0,422.0,20.5,36.0
2024-02-02 12:52:12,0.0,40.0,419.0,20.5,36.0
2024-02-02 13:02:13,0.0,23.0,430.0,20.6,36.0
2024-02-02 13:12:12,0.0,37.0,430.0,20.6,36.0
2024-02-02 13:22:12,0.0,26.0,440.0,20.5,36.0
2024-02-02 13:32:12,0.0,26.0,429.0,20.5,36.0
2024-02-02 13:42:12,0.0,23.0,422.0,20.6,37.0
2024-02-02 13:52:12,0.0,16.0,415.0,20.6,37.0
2024-02-02 14:02:12,0.0,16.0,421.0,20.6,37.0
2024-02-02 14:12:12,0.0,13.0,423.0,20.6,37.0
2024-02-02 14:22:12,0.0,13.0,427.0,20.6,37.0
2024-02-02 14:32:12,0.0,6.0,423.0,20.6,37.0
2024-02-02 14:42:12,0.0,6.0,429.0,20.6,37.0
2024-02-02 14:52:12,0.0,10.0,439.0,20.6,37.0
2024-02-02 15:02:12,0.0,10.0,430.0,20.6,37.0
2024-02-02 15:12:12,0.0,13.0,441.0,20.6,37.0
2024-02-02 15:22:12,0.0,6.0,431.0,20.6,38.0
2024-02-02 15:32:12,0.0,3.0,433.0,20.7,37.0
2024-02-02 15:42:12,0.0,3.0,423.0,20.6,38.0
2024-02-02 15:52:12,0.0,3.0,431.0,20.6,38.0
2024-02-02 16:02:12,0.0,0.0,420.0,20.6,38.0
2024-02-02 16:12:12,0.0,0.0,514.0,20.5,38.0
2024-02-02 16:22:11,0.0,0.0,577.0,20.6,38.0
2024-02-02 16:32:11,0.0,0.0,626.0,20.5,38.0
2024-02-02 16:42:11,0.0,0.0,650.0,20.6,38.0
2024-02-02 16:52:11,0.0,0.0,679.0,20.5,38.0
2024-02-02 17:02:11,0.0,0.0,698.0,20.5,38.0
2024-02-02 17:12:11,0.0,0.0,701.0,20.6,38.0
2024-02-02 17:22:11,0.0,0.0,707.0,20.6,38.0
2024-02-02 17:32:11,0.0,0.0,720.0,20.6,38.0
2024-02-02 17:42:11,0.0,0.0,729.0,20.5,38.0
2024-02-02 17:52:11,0.0,0.0,720.0,20.5,38.0
2024-02-02 18:02:11,0.0,0.0,717.0,20.6,38.0
2024-02-02 18:12:11,0.0,0.0,720.0,20.6,38.0
2024-02-02 18:22:11,0.0,0.0,706.0,20.6,38.0
2024-02-02 18:32:11,0.0,0.0,702.0,20.5,38.0
2024-02-02 18:42:11,0.0,0.0,690.0,20.6,38.0
2024-02-02 18:52:11,0.0,0.0,695.0,20.6,38.0
2024-02-02 19:02:11,0.0,0.0,687.0,20.6,38.0
2024-02-02 19:12:11,0.0,0.0,675.0,20.6,38.0
2024-02-02 19:22:11,0.0,0.0,667.0,20.6,38.0
2024-02-02 19:32:11,0.0,0.0,654.0,20.5,38.0
2024-02-02 19:42:11,0.0,0.0,635.0,20.6,38.0
2024-02-02 19:52:11,0.0,0.0,626.0,20.6,38.0
2024-02-02 20:02:11,0.0,0.0,629.0,20.6,38.0
2024-02-02 20:12:10,0.0,0.0,623.0,20.6,38.0
2024-02-02 20:22:10,0.0,0.0,617.0,20.6,38.0
2024-02-02 20:32:10,0.0,0.0,600.0,20.6,38.0
2024-02-02 20:42:10,0.0,0.0,589.0,20.6,38.0
2024-02-02 20:52:10,0.0,0.0,583.0,20.6,38.0
2024-02-02 21:02:10,0.0,0.0,578.0,20.6,38.0
2024-02-02 21:12:10,0.0,0.0,575.0,20.6,38.0
2024-02-02 21:22:10,0.0,0.0,570.0,20.6,38.0
2024-02-02 21:32:10,0.0,0.0,570.0,20.7,38.0
2024-02-02 21:42:10,0.0,0.0,561.0,20.6,37.0
2024-02-02 21:52:10,0.0,0.0,552.0,20.7,37.0
2024-02-02 22:02:10,0.0,0.0,549.0,20.7,38.0
2024-02-02 22:12:10,0.0,0.0,544.0,20.6,37.0
2024-02-02 22:22:10,0.0,0.0,538.0,20.7,37.0
2024-02-02 22:32:10,0.0,0.0,540.0,20.6,37.0
2024-02-02 22:42:10,0.0,0.0,538.0,20.6,38.0
2024-02-02 22:52:10,0.0,0.0,532.0,20.7,37.0
2024-02-02 23:02:10,0.0,0.0,523.0,20.6,37.0
2024-02-02 23:12:10,0.0,0.0,513.0,20.7,37.0
2024-02-02 23:22:10,0.0,0.0,516.0,20.6,37.0
2024-02-02 23:32:10,0.0,0.0,511.0,20.7,37.0
2024-02-02 23:42:10,0.0,0.0,510.0,20.7,37.0
2024-02-02 23:52:09,0.0,0.0,510.0,20.7,37.0
2024-02-03 00:02:09,0.0,0.0,509.0,20.7,37.0
2024-02-03 00:12:09,0.0,0.0,497.0,20.7,37.0
2024-02-03 00:22:09,0.0,0.0,502.0,20.7,37.0
2024-02-03 00:32:09,0.0,0.0,503.0,20.7,37.0
2024-02-03 00:42:09,0.0,0.0,491.0,20.7,37.0
2024-02-03 00:52:09,0.0,0.0,498.0,20.7,37.0
2024-02-03 01:12:09,0.0,0.0,493.0,20.7,37.0
2024-02-03 01:22:09,0.0,0.0,482.0,20.7,37.0
2024-02-03 01:32:09,0.0,0.0,476.0,20.7,37.0
2024-02-03 01:42:09,0.0,0.0,493.0,20.7,37.0
2024-02-03 01:52:09,0.0,0.0,476.0,20.7,37.0
2024-02-03 02:02:09,0.0,0.0,477.0,20.7,37.0
2024-02-03 02:12:09,0.0,0.0,469.0,20.7,38.0
2024-02-03 02:22:09,0.0,0.0,470.0,20.7,37.0
2024-02-03 02:32:09,0.0,0.0,470.0,20.7,37.0
2024-02-03 02:42:09,0.0,0.0,472.0,20.7,37.0
2024-02-03 02:52:09,0.0,0.0,475.0,20.7,37.0
2024-02-03 03:02:09,0.0,0.0,470.0,20.7,38.0
2024-02-03 03:12:09,0.0,0.0,468.0,20.7,37.0
2024-02-03 03:22:08,0.0,0.0,470.0,20.7,37.0
2024-02-03 03:32:09,0.0,0.0,468.0,20.7,38.0
2024-02-03 03:42:08,0.0,0.0,465.0,20.7,38.0
2024-02-03 03:52:08,0.0,0.0,468.0,20.7,38.0
2024-02-03 04:02:08,0.0,0.0,460.0,20.7,38.0
2024-02-03 04:12:08,0.0,0.0,455.0,20.7,38.0
2024-02-03 04:22:08,0.0,0.0,459.0,20.7,37.0
2024-02-03 04:32:08,0.0,0.0,461.0,20.7,38.0
2024-02-03 04:42:08,0.0,0.0,458.0,20.7,38.0
2024-02-03 04:52:08,0.0,0.0,453.0,20.7,38.0
2024-02-03 05:02:08,0.0,0.0,457.0,20.7,38.0
2024-02-03 05:12:08,0.0,0.0,451.0,20.7,38.0
2024-02-03 05:22:08,0.0,0.0,449.0,20.7,38.0
2024-02-03 05:32:08,0.0,0.0,450.0,20.7,38.0
2024-02-03 05:42:08,0.0,0.0,447.0,20.7,38.0
2024-02-03 05:52:08,0.0,0.0,452.0,20.7,38.0
2024-02-03 06:02:08,0.0,0.0,449.0,20.7,38.0
2024-02-03 06:12:08,0.0,0.0,449.0,20.7,38.0
2024-02-03 06:22:08,0.0,0.0,452.0,20.8,38.0
2024-02-03 06:32:08,0.0,0.0,449.0,20.8,37.0
2024-02-03 06:42:08,0.0,3.0,447.0,20.8,37.0
2024-02-03 06:52:07,0.0,3.0,447.0,20.7,37.0
2024-02-03 07:02:07,0.0,6.0,448.0,20.8,38.0
2024-02-03 07:12:07,0.0,13.0,452.0,20.8,37.0
2024-02-03 07:22:07,0.0,23.0,452.0,20.7,38.0
2024-02-03 07:32:07,0.0,33.0,450.0,20.8,38.0
2024-02-03 07:42:07,0.0,47.0,453.0,20.7,37.0
2024-02-03 07:52:07,0.0,67.0,452.0,20.8,38.0
2024-02-03 08:02:07,0.0,87.0,448.0,20.7,37.0
2024-02-03 08:12:07,0.0,111.0,452.0,20.8,37.0
2024-02-03 08:22:07,0.0,101.0,453.0,20.8,37.0
2024-02-03 08:32:07,0.0,104.0,444.0,20.8,37.0
2024-02-03 08:42:07,0.0,84.0,441.0,20.8,37.0
2024-02-03 08:52:07,0.0,158.0,439.0,20.8,37.0
2024-02-03 09:02:07,0.0,286.0,457.0,20.9,37.0
2024-02-03 09:12:07,0.0,343.0,446.0,20.8,37.0
2024-02-03 09:22:07,0.0,458.0,449.0,20.9,37.0
2024-02-03 09:32:07,0.0,582.0,443.0,20.9,37.0
2024-02-03 09:42:07,0.0,643.0,446.0,21.0,37.0
2024-02-03 09:52:07,0.0,481.0,444.0,21.0,37.0
2024-02-03 10:02:07,0.0,599.0,452.0,21.1,37.0
2024-02-03 10:12:07,0.0,835.0,439.0,21.1,37.0
2024-02-03 10:22:07,0.0,831.0,446.0,21.2,37.0
2024-02-03 10:32:07,0.0,906.0,444.0,21.2,37.0
2024-02-03 10:42:06,0.0,781.0,452.0,21.2,37.0
2024-02-03 10:52:06,0.0,1003.0,443.0,21.1,37.0
2024-02-03 11:02:06,0.0,313.0,447.0,21.1,37.0
2024-02-03 11:12:06,0.0,407.0,442.0,21.0,37.0
2024-02-03 11:22:07,0.0,613.0,441.0,21.0,37.0
2024-02-03 11:32:06,0.0,653.0,440.0,21.1,37.0
2024-02-03 11:42:06,0.0,559.0,429.0,21.2,36.0
2024-02-03 11:52:06,0.0,801.0,433.0,21.2,36.0
2024-02-03 12:02:06,0.0,2159.0,441.0,21.3,36.0
2024-02-03 12:12:06,0.0,1215.0,440.0,21.6,36.0
2024-02-03 12:22:06,0.0,538.0,427.0,21.7,36.0
2024-02-03 12:32:06,0.0,1785.0,439.0,21.8,36.0
2024-02-03 12:42:06,0.0,1923.0,431.0,21.9,36.0
2024-02-03 12:52:06,0.0,842.0,436.0,22.0,36.0
2024-02-03 13:02:06,0.0,1923.0,433.0,22.1,35.0
2024-02-03 13:12:06,0.0,1983.0,429.0,22.2,36.0
2024-02-03 13:22:06,0.0,660.0,436.0,22.1,35.0
2024-02-03 13:32:06,0.0,1421.0,426.0,22.2,35.0
2024-02-03 13:42:06,0.0,535.0,439.0,22.3,35.0
2024-02-03 13:52:06,0.0,171.0,435.0,22.2,36.0
2024-02-03 14:02:06,0.0,178.0,437.0,22.1,36.0
2024-02-03 14:12:05,0.0,37.0,430.0,21.9,36.0
2024-02-03 14:22:05,0.0,90.0,444.0,21.8,36.0
2024-02-03 14:32:05,0.0,33.0,437.0,21.7,36.0
2024-02-03 14:42:05,0.0,50.0,433.0,21.6,36.0
2024-02-03 14:52:05,0.0,37.0,439.0,21.6,36.0
2024-02-03 15:02:05,0.0,74.0,430.0,21.7,36.0
2024-02-03 15:12:05,0.0,50.0,432.0,21.6,36.0
2024-02-03 15:22:05,0.0,37.0,435.0,21.5,36.0
2024-02-03 15:32:06,0.0,23.0,436.0,21.4,36.0
2024-02-03 15:42:05,0.0,16.0,436.0,21.3,36.0
2024-02-03 15:52:05,0.0,6.0,431.0,21.3,36.0
2024-02-03 16:02:05,0.0,3.0,429.0,21.3,36.0
2024-02-03 16:12:05,0.0,0.0,434.0,21.3,36.0
2024-02-03 16:22:05,0.0,0.0,432.0,21.4,36.0
2024-02-03 16:32:05,0.0,0.0,426.0,21.3,36.0
2024-02-03 16:42:05,0.0,0.0,424.0,21.2,36.0
2024-02-03 16:52:05,0.0,0.0,427.0,21.2,36.0
2024-02-03 17:02:05,0.0,0.0,429.0,21.2,36.0
2024-02-03 17:12:05,0.0,0.0,436.0,21.2,36.0
2024-02-03 17:22:05,0.0,0.0,433.0,21.2,36.0
2024-02-03 17:32:05,0.0,0.0,429.0,21.2,36.0
2024-02-03 17:42:05,0.0,0.0,428.0,21.2,36.0
2024-02-03 17:52:04,0.0,0.0,423.0,21.2,36.0
2024-02-03 18:02:04,0.0,0.0,423.0,21.1,36.0
2024-02-03 18:12:04,0.0,0.0,431.0,21.1,36.0
2024-02-03 18:22:04,0.0,0.0,425.0,21.1,36.0
2024-02-03 18:32:04,0.0,0.0,429.0,21.1,36.0
2024-02-03 18:42:04,0.0,0.0,421.0,21.1,36.0
2024-02-03 18:52:05,0.0,0.0,427.0,21.1,35.0
2024-02-03 19:02:04,0.0,0.0,422.0,21.2,35.0
2024-02-03 19:12:04,0.0,0.0,420.0,21.1,35.0
2024-02-03 19:22:04,0.0,0.0,424.0,21.1,35.0
2024-02-03 19:32:04,0.0,0.0,430.0,21.1,35.0
2024-02-03 19:42:04,0.0,0.0,423.0,21.2,35.0
2024-02-03 19:52:04,0.0,0.0,419.0,21.1,35.0
2024-02-03 20:02:04,0.0,0.0,410.0,21.1,35.0
2024-02-03 20:12:04,0.0,0.0,423.0,21.1,35.0
2024-02-03 20:22:04,0.0,0.0,419.0,21.1,34.0
2024-02-03 20:32:04,0.0,0.0,420.0,21.1,34.0
2024-02-03 20:42:04,0.0,0.0,417.0,21.1,34.0
2024-02-03 20:52:04,0.0,0.0,412.0,21.1,34.0
2024-02-03 21:02:04,0.0,0.0,414.0,21.1,34.0
2024-02-03 21:12:04,0.0,0.0,414.0,21.1,34.0
2024-02-03 21:22:03,0.0,0.0,413.0,21.0,34.0
2024-02-03 21:32:03,0.0,0.0,415.0,21.0,34.0
2024-02-03 21:42:03,0.0,0.0,416.0,21.1,34.0
2024-02-03 21:52:03,0.0,0.0,416.0,21.0,34.0
2024-02-03 22:02:03,0.0,0.0,410.0,21.0,34.0
2024-02-03 22:12:03,0.0,0.0,418.0,21.0,34.0
2024-02-03 22:22:03,0.0,0.0,414.0,21.0,34.0
2024-02-03 22:32:03,0.0,0.0,411.0,21.0,34.0
2024-02-03 22:42:03,0.0,0.0,412.0,20.9,34.0
2024-02-03 22:52:03,0.0,0.0,404.0,20.9,34.0
2024-02-03 23:02:03,0.0,0.0,413.0,20.9,34.0
2024-02-03 23:12:03,0.0,0.0,403.0,21.0,34.0
2024-02-03 23:22:03,0.0,0.0,414.0,20.9,34.0
2024-02-03 23:32:03,0.0,0.0,411.0,20.9,34.0
2024-02-03 23:42:03,0.0,0.0,409.0,20.8,34.0
2024-02-03 23:52:03,0.0,0.0,409.0,20.8,34.0
2024-02-04 00:02:03,0.0,0.0,418.0,20.8,34.0
2024-02-04 00:12:03,0.0,0.0,412.0,20.9,34.0
2024-02-04 00:22:03,0.0,0.0,413.0,20.8,34.0
2024-02-04 00:32:03,0.0,0.0,416.0,20.8,34.0
2024-02-04 00:42:03,0.0,0.0,404.0,20.8,34.0
2024-02-04 00:52:03,0.0,0.0,410.0,20.8,34.0
2024-02-04 01:02:02,0.0,0.0,403.0,20.8,34.0
2024-02-04 01:12:02,0.0,0.0,400.0,20.8,34.0
2024-02-04 01:22:02,0.0,0.0,410.0,20.7,34.0
2024-02-04 01:32:02,0.0,0.0,416.0,20.7,34.0
2024-02-04 01:42:02,0.0,0.0,399.0,20.8,34.0
2024-02-04 01:52:02,0.0,0.0,409.0,20.7,34.0
2024-02-04 02:02:02,0.0,0.0,406.0,20.7,34.0
2024-02-04 02:12:02,0.0,0.0,412.0,20.7,34.0
2024-02-04 02:22:02,0.0,0.0,407.0,20.7,34.0
2024-02-04 02:32:02,0.0,0.0,404.0,20.7,34.0
2024-02-04 02:42:02,0.0,0.0,404.0,20.7,34.0
2024-02-04 02:52:02,0.0,0.0,402.0,20.7,34.0
2024-02-04 03:02:02,0.0,0.0,406.0,20.7,34.0
2024-02-04 03:12:02,0.0,0.0,407.0,20.6,34.0
2024-02-04 03:22:02,0.0,0.0,403.0,20.7,34.0
2024-02-04 03:32:02,0.0,0.0,414.0,20.7,34.0
2024-02-04 03:42:02,0.0,0.0,406.0,20.7,34.0
2024-02-04 03:52:02,0.0,0.0,407.0,20.7,34.0
2024-02-04 04:02:02,0.0,0.0,406.0,20.7,34.0
2024-02-04 04:12:02,0.0,0.0,405.0,20.7,34.0
2024-02-04 04:22:02,0.0,0.0,410.0,20.6,34.0
2024-02-04 04:32:02,0.0,0.0,411.0,20.6,34.0
2024-02-04 04:42:01,0.0,0.0,401.0,20.6,34.0
2024-02-04 04:52:01,0.0,0.0,407.0,20.6,34.0
2024-02-04 05:12:01,0.0,0.0,402.0,20.6,34.0
2024-02-04 05:22:01,0.0,0.0,402.0,20.5,34.0
2024-02-04 05:32:01,0.0,0.0,400.0,20.6,34.0
2024-02-04 05:42:01,0.0,0.0,399.0,20.6,34.0
2024-02-04 05:52:01,0.0,0.0,399.0,20.6,34.0
2024-02-04 06:02:01,0.0,0.0,402.0,20.5,34.0
2024-02-04 06:12:01,0.0,0.0,406.0,20.6,34.0
2024-02-04 06:22:01,0.0,0.0,402.0,20.5,34.0
2024-02-04 06:32:01,0.0,0.0,398.0,20.5,34.0
2024-02-04 06:42:01,0.0,3.0,398.0,20.5,34.0
2024-02-04 06:52:01,0.0,3.0,398.0,20.5,34.0
2024-02-04 07:02:01,0.0,3.0,409.0,20.5,34.0
2024-02-04 07:12:01,0.0,10.0,402.0,20.5,34.0
2024-02-04 07:22:01,0.0,16.0,412.0,20.5,34.0
2024-02-04 07:32:01,0.0,23.0,409.0,20.5,34.0
2024-02-04 07:42:01,0.0,26.0,408.0,20.5,34.0
2024-02-04 07:52:01,0.0,37.0,412.0,20.5,34.0
2024-02-04 08:02:01,0.0,57.0,407.0,20.5,34.0
2024-02-04 08:12:01,0.0,60.0,404.0,20.5,35.0
2024-02-04 08:22:01,0.0,74.0,410.0,20.5,35.0
2024-02-04 08:32:00,0.0,80.0,404.0,20.5,35.0
2024-02-04 08:42:00,0.0,67.0,408.0,20.5,35.0
2024-02-04 08:52:00,0.0,74.0,402.0,20.5,35.0
2024-02-04 09:02:00,0.0,104.0,404.0,20.5,35.0
2024-02-04 09:12:00,0.0,63.0,408.0,20.5,35.0
2024-02-04 09:22:00,0.0,114.0,408.0,20.5,35.0
2024-02-04 09:32:00,0.0,87.0,412.0,20.5,35.0
2024-02-04 09:42:00,0.0,117.0,412.0,20.5,35.0
2024-02-04 09:52:00,0.0,168.0,403.0,20.5,35.0
2024-02-04 10:02:00,0.0,144.0,405.0,20.5,35.0
2024-02-04 10:12:00,0.0,127.0,414.0,20.5,35.0
2024-02-04 10:22:00,0.0,111.0,405.0,20.5,35.0
2024-02-04 10:32:00,0.0,80.0,404.0,20.5,35.0
2024-02-04 10:42:00,0.0,127.0,412.0,20.5,35.0
2024-02-04 10:52:00,0.0,70.0,410.0,20.5,35.0
2024-02-04 11:02:00,0.0,77.0,409.0,20.5,35.0
2024-02-04 11:12:00,0.0,134.0,415.0,20.5,35.0
2024-02-04 11:22:00,0.0,148.0,401.0,20.5,35.0
2024-02-04 11:32:00,0.0,114.0,409.0,20.5,35.0
2024-02-04 11:42:00,0.0,107.0,408.0,20.6,35.0
2024-02-04 11:52:00,0.0,74.0,407.0,20.5,35.0
2024-02-04 12:01:59,0.0,97.0,406.0,20.5,35.0
2024-02-04 12:11:59,0.0,134.0,404.0,20.5,35.0
2024-02-04 12:21:59,0.0,114.0,415.0,20.5,35.0
2024-02-04 12:31:59,0.0,144.0,413.0,20.6,35.0
2024-02-04 12:41:59,0.0,141.0,406.0,20.5,35.0
2024-02-04 12:51:59,0.0,117.0,400.0,20.5,35.0
2024-02-04 13:02:00,0.0,144.0,403.0,20.5,35.0
2024-02-04 13:11:59,0.0,90.0,407.0,20.5,35.0
2024-02-04 13:21:59,0.0,104.0,402.0,20.6,35.0
2024-02-04 13:31:59,0.0,101.0,402.0,20.6,35.0
2024-02-04 13:41:59,0.0,77.0,406.0,20.5,35.0
2024-02-04 13:51:59,0.0,77.0,406.0,20.5,35.0
2024-02-04 14:01:59,0.0,43.0,414.0,20.5,35.0
2024-02-04 14:11:59,0.0,20.0,406.0,20.5,35.0
2024-02-04 14:21:59,0.0,16.0,407.0,20.5,35.0
2024-02-04 14:31:59,0.0,20.0,409.0,20.5,35.0
2024-02-04 14:41:59,0.0,16.0,407.0,20.5,35.0
2024-02-04 14:51:59,0.0,16.0,412.0,20.5,35.0
2024-02-04 15:01:59,0.0,13.0,405.0,20.5,35.0
2024-02-04 15:11:59,0.0,6.0,404.0,20.5,35.0
2024-02-04 15:21:59,0.0,6.0,407.0,20.5,35.0
2024-02-04 15:31:59,0.0,3.0,409.0,20.5,35.0
2024-02-04 15:41:59,0.0,3.0,411.0,20.5,35.0
2024-02-04 15:51:58,0.0,3.0,409.0,20.5,35.0
2024-02-04 16:01:58,0.0,0.0,410.0,20.5,35.0
2024-02-04 16:11:58,0.0,0.0,399.0,20.5,35.0
2024-02-04 16:21:58,0.0,0.0,403.0,20.5,35.0
2024-02-04 16:31:58,0.0,0.0,407.0,20.5,35.0
2024-02-04 16:41:58,0.0,0.0,400.0,20.5,35.0
2024-02-04 16:51:58,0.0,0.0,411.0,20.5,35.0
2024-02-04 17:01:58,0.0,0.0,405.0,20.5,35.0
2024-02-04 17:11:58,0.0,0.0,407.0,20.5,35.0
2024-02-04 17:21:58,0.0,0.0,404.0,20.5,35.0
2024-02-04 17:31:58,0.0,0.0,417.0,20.5,35.0
2024-02-04 17:41:58,0.0,0.0,412.0,20.5,35.0
2024-02-04 17:51:58,0.0,0.0,410.0,20.5,35.0
2024-02-04 18:01:58,0.0,0.0,409.0,20.5,35.0
2024-02-04 18:11:58,0.0,0.0,412.0,20.5,36.0
2024-02-04 18:21:58,0.0,0.0,402.0,20.5,35.0
2024-02-04 18:31:58,0.0,0.0,412.0,20.5,36.0
2024-02-04 18:41:58,0.0,0.0,410.0,20.5,36.0
2024-02-04 18:51:58,0.0,0.0,400.0,20.5,36.0
2024-02-04 19:01:58,0.0,0.0,405.0,20.5,35.0
2024-02-04 19:11:58,0.0,0.0,404.0,20.5,36.0
2024-02-04 19:21:57,0.0,0.0,403.0,20.5,35.0
2024-02-04 19:31:57,0.0,0.0,399.0,20.5,35.0
2024-02-04 19:41:57,0.0,0.0,405.0,20.5,35.0
2024-02-04 19:51:57,0.0,0.0,400.0,20.5,35.0
2024-02-04 20:01:57,0.0,0.0,402.0,20.5,35.0
2024-02-04 20:11:57,0.0,0.0,405.0,20.5,35.0
2024-02-04 20:21:57,0.0,0.0,403.0,20.5,35.0
2024-02-04 20:31:57,0.0,0.0,399.0,20.5,35.0
2024-02-04 20:41:57,0.0,0.0,409.0,20.5,35.0
2024-02-04 20:51:57,0.0,0.0,396.0,20.5,35.0
2024-02-04 21:01:57,0.0,0.0,410.0,20.5,35.0
2024-02-04 21:11:57,0.0,0.0,397.0,20.5,35.0
2024-02-04 21:21:57,0.0,0.0,406.0,20.5,35.0
2024-02-04 21:31:57,0.0,0.0,404.0,20.5,35.0
2024-02-04 21:41:57,0.0,0.0,398.0,20.4,35.0
2024-02-04 21:51:57,0.0,0.0,396.0,20.5,35.0
2024-02-04 22:01:57,0.0,0.0,405.0,20.5,35.0
2024-02-04 22:11:57,0.0,0.0,401.0,20.5,35.0
2024-02-04 22:21:58,0.0,0.0,401.0,20.5,35.0
2024-02-04 22:31:57,0.0,0.0,402.0,20.5,35.0
2024-02-04 22:41:57,0.0,0.0,404.0,20.5,35.0
2024-02-04 22:51:57,0.0,0.0,403.0,20.5,35.0
2024-02-04 23:01:56,0.0,0.0,405.0,20.5,35.0
2024-02-04 23:11:56,0.0,0.0,399.0,20.5,35.0
2024-02-04 23:21:56,0.0,0.0,401.0,20.5,35.0
2024-02-04 23:31:56,0.0,0.0,404.0,20.5,35.0
2024-02-04 23:41:56,0.0,0.0,404.0,20.5,35.0
2024-02-04 23:51:56,0.0,0.0,392.0,20.5,35.0
2024-02-05 00:01:56,0.0,0.0,399.0,20.5,35.0
2024-02-05 00:11:56,0.0,0.0,402.0,20.5,35.0
2024-02-05 00:21:56,0.0,0.0,399.0,20.5,35.0
2024-02-05 00:31:56,0.0,0.0,404.0,20.5,35.0
2024-02-05 00:41:56,0.0,0.0,397.0,20.5,35.0
2024-02-05 00:51:56,0.0,0.0,399.0,20.5,35.0
2024-02-05 01:01:56,0.0,0.0,404.0,20.5,35.0
2024-02-05 01:11:56,0.0,0.0,405.0,20.4,34.0
2024-02-05 01:21:56,0.0,0.0,399.0,20.5,34.0
2024-02-05 01:31:56,0.0,0.0,391.0,20.5,34.0
2024-02-05 01:41:56,0.0,0.0,401.0,20.5,34.0
2024-02-05 01:51:56,0.0,0.0,390.0,20.5,34.0
2024-02-05 02:01:56,0.0,0.0,401.0,20.4,34.0
2024-02-05 02:11:56,0.0,0.0,395.0,20.4,34.0
2024-02-05 02:21:56,0.0,0.0,399.0,20.5,34.0
2024-02-05 02:31:56,0.0,0.0,400.0,20.5,34.0
2024-02-05 02:41:55,0.0,0.0,391.0,20.5,34.0
2024-02-05 02:51:55,0.0,0.0,405.0,20.5,34.0
2024-02-05 03:01:56,0.0,0.0,394.0,20.4,34.0
2024-02-05 03:11:55,0.0,0.0,400.0,20.5,34.0
2024-02-05 03:21:55,0.0,0.0,395.0,20.4,34.0
2024-02-05 03:31:55,0.0,0.0,405.0,20.4,34.0
2024-02-05 03:41:55,0.0,0.0,387.0,20.5,34.0
2024-02-05 03:51:55,0.0,0.0,393.0,20.4,34.0
2024-02-05 04:01:55,0.0,0.0,402.0,20.5,34.0
2024-02-05 04:11:55,0.0,0.0,401.0,20.4,34.0
2024-02-05 04:21:55,0.0,0.0,397.0,20.4,34.0
2024-02-05 04:31:55,0.0,0.0,398.0,20.4,34.0
2024-02-05 04:41:55,0.0,0.0,387.0,20.5,34.0
2024-02-05 04:51:55,0.0,0.0,398.0,20.5,34.0
2024-02-05 05:01:55,0.0,0.0,397.0,20.5,34.0
2024-02-05 05:11:55,0.0,0.0,392.0,20.5,34.0
2024-02-05 05:21:55,0.0,0.0,397.0,20.4,34.0
2024-02-05 05:31:55,0.0,0.0,390.0,20.5,34.0
2024-02-05 05:41:55,0.0,0.0,401.0,20.4,34.0
2024-02-05 05:51:55,0.0,0.0,393.0,20.4,34.0
2024-02-05 06:01:55,0.0,0.0,404.0,20.4,34.0
2024-02-05 06:11:55,0.0,0.0,392.0,20.4,34.0
2024-02-05 06:21:54,0.0,0.0,396.0,20.4,34.0
2024-02-05 06:31:54,0.0,0.0,397.0,20.4,34.0
2024-02-05 06:41:54,0.0,0.0,397.0,20.4,34.0
2024-02-05 06:51:54,0.0,3.0,395.0,20.4,34.0
2024-02-05 07:01:54,0.0,3.0,392.0,20.4,34.0
2024-02-05 07:11:54,0.0,6.0,401.0,20.4,33.0
2024-02-05 07:21:54,0.0,13.0,390.0,20.5,32.0
2024-02-05 07:31:54,0.0,13.0,399.0,20.5,32.0
2024-02-05 07:41:54,0.0,23.0,392.0,20.5,32.0
2024-02-05 07:51:54,0.0,30.0,400.0,20.5,32.0
2024-02-05 08:01:54,0.0,33.0,397.0,20.5,32.0
2024-02-05 08:11:54,0.0,43.0,392.0,20.5,32.0
2024-02-05 08:21:54,0.0,47.0,396.0,20.5,32.0
2024-02-05 08:31:54,0.0,63.0,409.0,20.5,32.0
2024-02-05 08:41:54,0.0,67.0,401.0,20.5,32.0
2024-02-05 08:51:54,0.0,77.0,408.0,20.5,32.0
2024-02-05 09:01:54,0.0,70.0,410.0,20.5,32.0
2024-02-05 09:11:54,0.0,84.0,412.0,20.5,32.0
2024-02-05 09:21:54,0.0,80.0,407.0,20.5,32.0
2024-02-05 09:31:54,0.0,97.0,412.0,20.5,32.0
2024-02-05 09:41:54,0.0,114.0,412.0,20.5,31.0
2024-02-05 09:51:54,0.0,107.0,404.0,20.5,31.0
2024-02-05 10:01:53,0.0,94.0,415.0,20.5,31.0
2024-02-05 10:11:53,0.0,117.0,419.0,20.5,31.0
2024-02-05 10:21:54,0.0,127.0,423.0,20.5,31.0
2024-02-05 10:31:53,0.0,141.0,420.0,20.5,30.0
2024-02-05 10:41:53,0.0,121.0,414.0,20.5,30.0
2024-02-05 10:51:53,0.0,94.0,405.0,20.5,30.0
2024-02-05 11:01:53,0.0,94.0,406.0,20.5,30.0
2024-02-05 11:11:54,0.0,101.0,412.0,20.5,31.0
2024-02-05 11:21:53,0.0,94.0,411.0,20.5,31.0
2024-02-05 11:31:53,0.0,74.0,405.0,20.5,31.0
2024-02-05 11:41:53,0.0,67.0,410.0,20.5,31.0
2024-02-05 11:51:53,0.0,70.0,415.0,20.5,31.0
2024-02-05 12:01:53,0.0,74.0,416.0,20.5,31.0
2024-02-05 12:11:53,0.0,90.0,427.0,20.5,31.0
2024-02-05 12:21:53,0.0,74.0,416.0,20.5,31.0
2024-02-05 12:31:53,0.0,63.0,453.0,20.5,31.0
2024-02-05 12:41:53,0.0,50.0,459.0,20.5,31.0
2024-02-05 12:51:53,0.0,60.0,451.0,20.5,32.0
2024-02-05 13:01:53,0.0,57.0,438.0,20.5,32.0
2024-02-05 13:11:53,0.0,50.0,427.0,20.5,31.0
2024-02-05 13:21:53,0.0,47.0,423.0,20.5,30.0
2024-02-05 13:31:53,0.0,57.0,419.0,20.5,30.0
2024-02-05 13:41:52,10.0,394.0,542.0,20.6,31.0
2024-02-05 13:51:52,0.0,404.0,549.0,20.7,31.0
2024-02-05 14:01:52,0.0,400.0,585.0,20.7,33.0
2024-02-05 14:11:52,0.0,394.0,582.0,20.8,33.0
2024-02-05 14:21:52,0.0,380.0,594.0,20.8,33.0
2024-02-05 14:31:52,0.0,370.0,593.0,20.7,33.0
2024-02-05 14:41:52,0.0,363.0,576.0,20.8,33.0
2024-02-05 14:51:52,3.0,357.0,539.0,20.7,31.0
2024-02-05 15:01:52,0.0,353.0,536.0,20.7,31.0
2024-02-05 15:11:52,0.0,350.0,522.0,20.8,30.0
2024-02-05 15:21:52,4.0,360.0,519.0,20.9,30.0
2024-02-05 15:31:52,1.0,360.0,539.0,21.2,30.0
2024-02-05 15:41:53,1.0,360.0,550.0,21.4,31.0
2024-02-05 15:51:52,0.0,357.0,562.0,21.4,31.0
2024-02-05 16:01:52,4.0,357.0,607.0,21.3,31.0
2024-02-05 16:11:52,0.0,357.0,752.0,21.1,32.0
2024-02-05 16:21:52,1.0,357.0,866.0,21.0,34.0
2024-02-05 16:31:52,0.0,357.0,915.0,21.0,34.0
2024-02-05 16:41:52,0.0,357.0,959.0,20.9,35.0
2024-02-05 16:51:52,20.0,0.0,1004.0,21.1,35.0
2024-02-05 17:01:52,0.0,0.0,920.0,21.1,35.0
2024-02-05 17:11:51,0.0,0.0,851.0,21.0,34.0
2024-02-05 17:21:51,0.0,0.0,807.0,20.8,34.0
2024-02-05 17:31:51,0.0,0.0,780.0,20.7,34.0
2024-02-05 17:41:51,0.0,0.0,758.0,20.8,34.0
2024-02-05 17:51:51,0.0,0.0,743.0,20.8,34.0
2024-02-05 18:01:51,0.0,0.0,742.0,20.8,34.0
2024-02-05 18:11:51,0.0,0.0,736.0,20.7,34.0
2024-02-05 18:21:51,0.0,0.0,733.0,20.6,34.0
2024-02-05 18:31:51,0.0,0.0,710.0,20.7,34.0
2024-02-05 18:41:51,0.0,0.0,708.0,20.7,34.0
2024-02-05 18:51:51,0.0,0.0,706.0,20.6,34.0
2024-02-05 19:01:51,0.0,0.0,700.0,20.6,34.0
2024-02-05 19:11:51,0.0,0.0,686.0,20.6,34.0
2024-02-05 19:21:51,0.0,0.0,689.0,20.6,34.0
2024-02-05 19:31:51,0.0,0.0,675.0,20.6,34.0
2024-02-05 19:41:51,0.0,0.0,672.0,20.6,34.0
2024-02-05 19:51:51,0.0,0.0,654.0,20.6,34.0
2024-02-05 20:01:51,0.0,0.0,664.0,20.6,34.0
2024-02-05 20:11:51,0.0,0.0,654.0,20.5,34.0
2024-02-05 20:21:51,0.0,0.0,651.0,20.5,34.0
2024-02-05 20:31:51,0.0,0.0,644.0,20.5,34.0
2024-02-05 20:41:51,0.0,0.0,630.0,20.6,34.0
2024-02-05 20:51:51,0.0,0.0,640.0,20.5,34.0
2024-02-05 21:01:51,0.0,0.0,631.0,20.5,34.0
2024-02-05 21:11:50,0.0,0.0,626.0,20.5,34.0
2024-02-05 21:21:50,0.0,0.0,618.0,20.5,34.0
2024-02-05 21:31:50,0.0,0.0,610.0,20.5,34.0
2024-02-05 21:41:50,0.0,0.0,599.0,20.5,34.0
2024-02-05 21:51:50,0.0,0.0,597.0,20.5,34.0
2024-02-05 22:01:50,0.0,0.0,602.0,20.5,34.0
2024-02-05 22:11:50,0.0,0.0,595.0,20.5,34.0
2024-02-05 22:21:50,0.0,0.0,590.0,20.5,34.0
2024-02-05 22:31:50,0.0,0.0,588.0,20.6,34.0
2024-02-05 22:41:50,0.0,0.0,579.0,20.5,34.0
2024-02-05 22:51:50,0.0,0.0,577.0,20.5,34.0
2024-02-05 23:01:50,0.0,0.0,577.0,20.5,33.0
2024-02-05 23:11:50,0.0,0.0,560.0,20.5,33.0
2024-02-05 23:21:50,0.0,0.0,564.0,20.5,33.0
2024-02-05 23:31:50,0.0,0.0,556.0,20.4,33.0
2024-02-05 23:41:50,0.0,0.0,557.0,20.5,33.0
2024-02-05 23:51:50,0.0,0.0,554.0,20.4,33.0
2024-02-06 00:01:50,0.0,0.0,542.0,20.4,33.0
2024-02-06 00:11:50,0.0,0.0,538.0,20.5,33.0
2024-02-06 00:21:50,0.0,0.0,535.0,20.4,33.0
2024-02-06 00:31:50,0.0,0.0,537.0,20.4,33.0
2024-02-06 00:41:49,0.0,0.0,521.0,20.4,33.0
2024-02-06 00:51:49,0.0,0.0,522.0,20.4,33.0
2024-02-06 01:01:49,0.0,0.0,520.0,20.4,33.0
2024-02-06 01:11:49,0.0,0.0,518.0,20.4,33.0
2024-02-06 01:21:49,0.0,0.0,517.0,20.4,33.0
2024-02-06 01:31:49,0.0,0.0,514.0,20.4,33.0
2024-02-06 01:41:49,0.0,0.0,503.0,20.4,33.0
2024-02-06 01:51:49,0.0,0.0,504.0,20.3,33.0
2024-02-06 02:01:49,0.0,0.0,500.0,20.3,33.0
2024-02-06 02:11:49,0.0,0.0,503.0,20.3,33.0
2024-02-06 02:21:49,0.0,0.0,498.0,20.3,33.0
2024-02-06 02:31:49,0.0,0.0,499.0,20.3,33.0
2024-02-06 02:41:49,0.0,0.0,496.0,20.3,34.0
2024-02-06 02:51:49,0.0,0.0,489.0,20.4,33.0
2024-02-06 03:01:49,0.0,0.0,482.0,20.3,33.0
2024-02-06 03:11:49,0.0,0.0,484.0,20.3,33.0
2024-02-06 03:21:49,0.0,0.0,481.0,20.3,33.0
2024-02-06 03:31:49,0.0,0.0,475.0,20.3,33.0
2024-02-06 03:41:49,0.0,0.0,480.0,20.3,34.0
2024-02-06 03:51:49,0.0,0.0,468.0,20.3,34.0
2024-02-06 04:01:49,0.0,0.0,466.0,20.3,34.0
2024-02-06 04:11:48,0.0,0.0,474.0,20.3,34.0
2024-02-06 04:21:48,0.0,0.0,457.0,20.3,34.0
2024-02-06 04:31:48,0.0,0.0,462.0,20.2,34.0
2024-02-06 04:41:48,0.0,0.0,467.0,20.2,34.0
2024-02-06 04:51:48,0.0,0.0,461.0,20.2,34.0
2024-02-06 05:01:48,0.0,0.0,461.0,20.2,34.0
2024-02-06 05:11:48,0.0,0.0,466.0,20.2,34.0
2024-02-06 05:21:48,0.0,0.0,461.0,20.2,34.0
2024-02-06 05:31:48,0.0,0.0,453.0,20.2,34.0
2024-02-06 05:41:48,0.0,0.0,448.0,20.2,34.0
2024-02-06 05:51:48,0.0,0.0,446.0,20.2,34.0
2024-02-06 06:01:48,0.0,0.0,455.0,20.3,34.0
2024-02-06 06:11:48,0.0,0.0,447.0,20.3,34.0
2024-02-06 06:21:48,0.0,0.0,449.0,20.2,34.0
2024-02-06 06:31:48,0.0,0.0,460.0,20.2,34.0
2024-02-06 06:41:48,0.0,0.0,444.0,20.2,34.0
2024-02-06 06:51:48,0.0,0.0,441.0,20.2,34.0
2024-02-06 07:01:48,0.0,3.0,439.0,20.2,34.0
2024-02-06 07:11:48,0.0,3.0,413.0,20.3,33.0
2024-02-06 07:21:48,0.0,3.0,407.0,20.2,34.0
2024-02-06 07:31:48,0.0,6.0,397.0,20.3,34.0
2024-02-06 07:41:48,0.0,10.0,405.0,20.2,35.0
2024-02-06 07:51:47,0.0,10.0,392.0,20.2,35.0
2024-02-06 08:01:47,0.0,13.0,394.0,20.2,35.0
2024-02-06 08:11:48,0.0,13.0,399.0,20.2,35.0
2024-02-06 08:21:47,0.0,16.0,398.0,20.2,36.0
2024-02-06 08:31:47,0.0,26.0,392.0,20.2,36.0
2024-02-06 08:41:47,0.0,30.0,399.0,20.2,36.0
2024-02-06 08:51:47,0.0,26.0,401.0,20.1,36.0
2024-02-06 09:01:47,0.0,30.0,393.0,20.2,37.0
2024-02-06 09:11:47,0.0,33.0,404.0,20.2,37.0
2024-02-06 09:21:47,0.0,37.0,411.0,20.2,37.0
2024-02-06 09:31:47,0.0,37.0,407.0,20.2,37.0
2024-02-06 09:41:47,3.0,33.0,490.0,20.2,38.0
2024-02-06 09:51:47,0.0,43.0,536.0,20.3,38.0
2024-02-06 10:01:47,0.0,37.0,549.0,20.3,39.0
2024-02-06 10:11:47,0.0,43.0,555.0,20.3,39.0
2024-02-06 10:21:47,0.0,43.0,549.0,20.3,39.0
2024-02-06 10:31:47,6.0,37.0,550.0,20.3,39.0
2024-02-06 10:41:47,4.0,40.0,485.0,20.2,39.0
2024-02-06 10:51:47,0.0,40.0,454.0,20.2,39.0
2024-02-06 11:01:47,0.0,63.0,421.0,20.2,39.0
2024-02-06 11:11:47,0.0,47.0,411.0,20.3,39.0
2024-02-06 11:21:47,0.0,57.0,402.0,20.2,39.0
2024-02-06 11:31:46,0.0,37.0,409.0,20.2,40.0
2024-02-06 11:41:46,0.0,43.0,408.0,20.2,40.0
2024-02-06 11:51:46,0.0,37.0,408.0,20.2,40.0
2024-02-06 12:01:46,0.0,40.0,402.0,20.2,40.0
2024-02-06 12:11:46,0.0,33.0,405.0,20.2,40.0
2024-02-06 12:21:46,6.0,380.0,476.0,20.2,41.0
2024-02-06 12:31:46,20.0,387.0,595.0,20.4,42.0
2024-02-06 12:41:46,14.0,380.0,634.0,20.5,43.0
2024-02-06 12:51:46,6.0,377.0,678.0,20.6,43.0
2024-02-06 13:01:46,18.0,373.0,715.0,20.5,44.0
2024-02-06 13:11:46,18.0,373.0,733.0,20.5,44.0
2024-02-06 13:21:46,9.0,370.0,733.0,20.5,44.0
2024-02-06 13:31:46,9.0,367.0,692.0,20.6,44.0
2024-02-06 13:41:46,17.0,33.0,681.0,20.7,44.0
2024-02-06 13:51:46,0.0,40.0,562.0,20.6,42.0
2024-02-06 14:01:46,0.0,30.0,504.0,20.5,42.0
2024-02-06 14:11:46,0.0,26.0,473.0,20.4,41.0
2024-02-06 14:21:46,0.0,13.0,441.0,20.4,41.0
2024-02-06 14:31:46,0.0,16.0,440.0,20.4,41.0
2024-02-06 14:41:46,0.0,16.0,433.0,20.4,41.0
2024-02-06 14:51:46,0.0,13.0,431.0,20.4,41.0
2024-02-06 15:01:46,0.0,10.0,430.0,20.4,41.0
2024-02-06 15:11:45,0.0,6.0,427.0,20.3,40.0
2024-02-06 15:21:45,0.0,3.0,420.0,20.3,40.0
2024-02-06 15:31:45,0.0,3.0,430.0,20.3,40.0
2024-02-06 15:41:45,0.0,3.0,415.0,20.4,40.0
2024-02-06 15:51:45,0.0,3.0,417.0,20.4,40.0
2024-02-06 16:01:45,0.0,0.0,411.0,20.4,40.0
2024-02-06 16:21:45,0.0,0.0,560.0,20.3,40.0
2024-02-06 16:31:45,0.0,0.0,606.0,20.3,41.0
2024-02-06 16:41:45,0.0,0.0,639.0,20.3,41.0
2024-02-06 16:51:45,0.0,0.0,653.0,20.3,41.0
2024-02-06 17:01:45,0.0,0.0,672.0,20.3,41.0
2024-02-06 17:11:45,0.0,0.0,676.0,20.3,41.0
2024-02-06 17:21:45,0.0,0.0,682.0,20.3,41.0
2024-02-06 17:31:45,0.0,0.0,689.0,20.3,41.0
2024-02-06 17:41:45,0.0,0.0,682.0,20.3,41.0
2024-02-06 17:51:45,0.0,0.0,684.0,20.3,41.0
2024-02-06 18:01:45,0.0,0.0,667.0,20.3,41.0
2024-02-06 18:11:45,0.0,0.0,681.0,20.3,41.0
2024-02-06 18:21:45,0.0,0.0,660.0,20.3,40.0
2024-02-06 18:31:45,0.0,0.0,664.0,20.3,40.0
2024-02-06 18:41:45,0.0,0.0,665.0,20.3,40.0
2024-02-06 18:51:44,0.0,0.0,660.0,20.2,40.0
2024-02-06 19:01:45,0.0,0.0,644.0,20.3,40.0
2024-02-06 19:11:44,0.0,0.0,639.0,20.3,40.0
2024-02-06 19:21:44,0.0,0.0,645.0,20.3,40.0
2024-02-06 19:31:44,0.0,0.0,630.0,20.3,40.0
2024-02-06 19:41:44,0.0,0.0,621.0,20.3,40.0
2024-02-06 19:51:44,0.0,0.0,610.0,20.3,39.0
2024-02-06 20:01:44,0.0,0.0,605.0,20.3,39.0
2024-02-06 20:11:44,0.0,0.0,612.0,20.3,39.0
2024-02-06 20:21:44,0.0,0.0,588.0,20.3,39.0
2024-02-06 20:31:44,0.0,0.0,587.0,20.3,39.0
2024-02-06 20:41:44,0.0,0.0,579.0,20.3,39.0
2024-02-06 20:51:45,0.0,0.0,582.0,20.3,39.0
2024-02-06 21:01:44,0.0,0.0,567.0,20.3,39.0
2024-02-06 21:11:44,0.0,0.0,571.0,20.3,39.0
2024-02-06 21:21:44,0.0,0.0,564.0,20.3,39.0
2024-02-06 21:31:44,0.0,0.0,562.0,20.3,39.0
2024-02-06 21:41:44,0.0,0.0,556.0,20.3,38.0
2024-02-06 21:51:44,0.0,0.0,560.0,20.4,38.0
2024-02-06 22:01:44,0.0,0.0,552.0,20.3,38.0
2024-02-06 22:11:44,0.0,0.0,555.0,20.4,38.0
2024-02-06 22:21:44,0.0,0.0,533.0,20.3,38.0
2024-02-06 22:31:43,0.0,0.0,543.0,20.3,38.0
2024-02-06 22:41:43,0.0,0.0,539.0,20.3,38.0
2024-02-06 22:51:43,0.0,0.0,531.0,20.3,38.0
2024-02-06 23:01:43,0.0,0.0,529.0,20.3,38.0
2024-02-06 23:11:43,0.0,0.0,533.0,20.3,38.0
2024-02-06 23:21:43,0.0,0.0,523.0,20.3,38.0
2024-02-06 23:31:43,0.0,0.0,521.0,20.3,38.0
2024-02-06 23:41:43,0.0,0.0,526.0,20.3,38.0
2024-02-06 23:51:43,0.0,0.0,523.0,20.3,38.0
2024-02-07 00:01:43,0.0,0.0,520.0,20.2,38.0
2024-02-07 00:11:43,0.0,0.0,515.0,20.3,37.0
2024-02-07 00:21:43,0.0,0.0,517.0,20.3,37.0
2024-02-07 00:31:43,0.0,0.0,502.0,20.3,37.0
2024-02-07 00:41:43,0.0,0.0,507.0,20.2,37.0
2024-02-07 00:51:43,0.0,0.0,499.0,20.2,37.0
2024-02-07 01:01:43,0.0,0.0,496.0,20.2,37.0
2024-02-07 01:11:43,0.0,0.0,499.0,20.2,37.0
2024-02-07 01:21:43,0.0,0.0,504.0,20.2,37.0
2024-02-07 01:31:43,0.0,0.0,493.0,20.2,37.0
2024-02-07 01:41:43,0.0,0.0,496.0,20.2,37.0
2024-02-07 01:51:43,0.0,0.0,491.0,20.1,37.0
2024-02-07 02:01:42,0.0,0.0,487.0,20.2,37.0
2024-02-07 02:11:42,0.0,0.0,481.0,20.2,37.0
2024-02-07 02:21:42,0.0,0.0,475.0,20.2,37.0
2024-02-07 02:31:43,0.0,0.0,467.0,20.2,37.0
2024-02-07 02:41:42,0.0,0.0,471.0,20.2,37.0
2024-02-07 02:51:42,0.0,0.0,473.0,20.2,37.0
2024-02-07 03:01:42,0.0,0.0,471.0,20.2,37.0
2024-02-07 03:11:43,0.0,0.0,474.0,20.2,36.0
2024-02-07 03:21:42,0.0,0.0,469.0,20.2,36.0
2024-02-07 03:31:42,0.0,0.0,466.0,20.2,36.0
2024-02-07 03:41:42,0.0,0.0,466.0,20.2,36.0
2024-02-07 03:51:42,0.0,0.0,466.0,20.2,36.0
2024-02-07 04:01:42,0.0,0.0,458.0,20.2,36.0
2024-02-07 04:11:42,0.0,0.0,466.0,20.2,36.0
2024-02-07 04:21:42,0.0,0.0,461.0,20.1,36.0
2024-02-07 04:31:42,0.0,0.0,454.0,20.1,36.0
2024-02-07 04:41:42,0.0,0.0,455.0,20.1,36.0
2024-02-07 04:51:42,0.0,0.0,457.0,20.1,36.0
2024-02-07 05:01:42,0.0,0.0,458.0,20.1,36.0
2024-02-07 05:11:42,0.0,0.0,454.0,20.2,36.0
2024-02-07 05:21:42,0.0,0.0,451.0,20.1,36.0
2024-02-07 05:31:42,0.0,0.0,454.0,20.1,36.0
2024-02-07 05:41:41,0.0,0.0,447.0,20.1,36.0
2024-02-07 05:51:41,0.0,0.0,453.0,20.1,36.0
2024-02-07 06:01:41,0.0,0.0,443.0,20.1,36.0
2024-02-07 06:11:41,0.0,0.0,447.0,20.1,36.0
2024-02-07 06:21:41,0.0,0.0,452.0,20.1,36.0
2024-02-07 06:31:41,0.0,0.0,448.0,20.2,35.0
2024-02-07 06:41:41,0.0,0.0,443.0,20.1,35.0
2024-02-07 06:51:41,3.0,360.0,458.0,20.1,35.0
2024-02-07 07:01:41,0.0,357.0,444.0,20.1,35.0
2024-02-07 07:11:41,0.0,360.0,423.0,20.2,32.0
2024-02-07 07:21:41,0.0,360.0,413.0,20.2,30.0
2024-02-07 07:31:41,0.0,370.0,407.0,20.1,29.0
2024-02-07 07:41:41,0.0,380.0,406.0,20.2,29.0
2024-02-07 07:51:41,0.0,387.0,406.0,20.2,28.0
2024-02-07 08:01:41,0.0,407.0,408.0,20.2,27.0
2024-02-07 08:11:41,0.0,410.0,396.0,20.2,27.0
2024-02-07 08:21:41,0.0,400.0,408.0,20.2,27.0
2024-02-07 08:31:41,0.0,404.0,410.0,20.2,27.0
2024-02-07 08:41:41,0.0,434.0,409.0,20.2,27.0
2024-02-07 08:51:41,0.0,454.0,401.0,20.2,26.0
2024-02-07 09:01:41,0.0,488.0,408.0,20.2,26.0
2024-02-07 09:11:41,0.0,478.0,399.0,20.2,26.0
2024-02-07 09:21:40,0.0,538.0,402.0,20.2,26.0
2024-02-07 09:31:40,0.0,747.0,405.0,20.2,26.0
2024-02-07 09:41:40,0.0,939.0,409.0,20.3,26.0
2024-02-07 09:51:40,0.0,953.0,416.0,20.3,26.0
2024-02-07 10:01:40,0.0,613.0,411.0,20.4,26.0
2024-02-07 10:11:40,0.0,511.0,405.0,20.4,25.0
2024-02-07 10:21:40,0.0,427.0,413.0,20.3,26.0
2024-02-07 10:31:40,0.0,626.0,407.0,20.3,25.0
2024-02-07 10:41:40,0.0,569.0,416.0,20.3,25.0
2024-02-07 10:51:40,0.0,673.0,414.0,20.3,26.0
2024-02-07 11:01:40,0.0,501.0,421.0,20.3,26.0
2024-02-07 11:11:40,0.0,485.0,422.0,20.3,26.0
2024-02-07 11:21:40,0.0,552.0,428.0,20.3,26.0
2024-02-07 11:31:40,0.0,525.0,423.0,20.3,25.0
2024-02-07 11:41:40,0.0,515.0,420.0,20.3,25.0
2024-02-07 11:51:40,0.0,525.0,419.0,20.3,25.0
2024-02-07 12:01:40,0.0,596.0,419.0,20.3,25.0
2024-02-07 12:11:40,0.0,437.0,414.0,20.3,26.0
2024-02-07 12:21:40,0.0,495.0,420.0,20.3,26.0
2024-02-07 12:31:40,0.0,488.0,415.0,20.3,26.0
2024-02-07 12:41:40,5.0,602.0,438.0,20.4,27.0
2024-02-07 12:51:40,51.0,404.0,557.0,20.6,28.0
2024-02-07 13:01:40,3.0,441.0,466.0,20.4,27.0
2024-02-07 13:11:40,0.0,471.0,433.0,20.3,27.0
2024-02-07 13:21:39,0.0,424.0,425.0,20.3,27.0
2024-02-07 13:31:39,0.0,464.0,429.0,20.3,27.0
2024-02-07 13:41:39,0.0,417.0,414.0,20.3,27.0
2024-02-07 13:51:39,0.0,491.0,416.0,20.3,26.0
2024-02-07 14:01:39,0.0,562.0,417.0,20.3,26.0
2024-02-07 14:11:39,0.0,410.0,408.0,20.3,26.0
2024-02-07 14:21:39,0.0,377.0,413.0,20.3,26.0
2024-02-07 14:31:39,0.0,400.0,420.0,20.3,26.0
2024-02-07 14:41:39,0.0,394.0,415.0,20.2,26.0
2024-02-07 14:51:39,0.0,383.0,410.0,20.3,26.0
2024-02-07 15:01:39,0.0,377.0,414.0,20.3,26.0
2024-02-07 15:11:39,0.0,390.0,420.0,20.3,26.0
2024-02-07 15:21:39,0.0,397.0,426.0,20.3,25.0
2024-02-07 15:31:39,0.0,387.0,436.0,20.3,25.0
2024-02-07 15:41:39,0.0,370.0,434.0,20.3,25.0
2024-02-07 15:51:39,0.0,363.0,434.0,20.2,25.0
2024-02-07 16:01:39,0.0,357.0,433.0,20.3,25.0
2024-02-07 16:11:39,0.0,353.0,563.0,20.3,27.0
2024-02-07 16:21:39,0.0,350.0,623.0,20.2,28.0
2024-02-07 16:31:39,0.0,350.0,681.0,20.2,29.0
2024-02-07 16:41:38,0.0,350.0,728.0,20.2,30.0
2024-02-07 16:51:38,0.0,350.0,756.0,20.2,30.0
2024-02-07 17:01:38,0.0,350.0,757.0,20.2,31.0
2024-02-07 17:11:38,0.0,350.0,770.0,20.2,31.0
2024-02-07 17:21:38,0.0,350.0,778.0,20.2,31.0
2024-02-07 17:31:38,0.0,350.0,780.0,20.2,31.0
2024-02-07 17:41:38,0.0,350.0,794.0,20.2,31.0
2024-02-07 17:51:38,0.0,350.0,783.0,20.3,31.0
2024-02-07 18:01:38,0.0,350.0,784.0,20.2,32.0
2024-02-07 18:11:38,0.0,350.0,769.0,20.3,32.0
2024-02-07 18:21:38,0.0,350.0,772.0,20.2,32.0
2024-02-07 18:31:38,0.0,350.0,780.0,20.2,32.0
2024-02-07 18:41:38,0.0,350.0,768.0,20.2,32.0
2024-02-07 18:51:38,0.0,350.0,749.0,20.2,31.0
2024-02-07 19:01:38,0.0,350.0,731.0,20.2,31.0
2024-02-07 19:11:38,0.0,350.0,721.0,20.2,31.0
2024-02-07 19:21:38,0.0,350.0,705.0,20.2,31.0
2024-02-07 19:31:38,0.0,350.0,687.0,20.2,31.0
2024-02-07 19:41:38,0.0,350.0,675.0,20.2,31.0
2024-02-07 19:51:38,0.0,350.0,670.0,20.2,31.0
2024-02-07 20:01:38,0.0,350.0,654.0,20.2,31.0
2024-02-07 20:11:38,0.0,350.0,654.0,20.2,30.0
2024-02-07 20:21:37,0.0,350.0,634.0,20.2,31.0
2024-02-07 20:31:37,0.0,350.0,644.0,20.1,30.0
2024-02-07 20:41:37,0.0,350.0,623.0,20.2,30.0
2024-02-07 20:51:37,0.0,350.0,610.0,20.2,30.0
2024-02-07 21:01:37,0.0,350.0,622.0,20.2,30.0
2024-02-07 21:11:37,0.0,350.0,613.0,20.1,30.0
2024-02-07 21:21:37,0.0,350.0,617.0,20.1,30.0
2024-02-07 21:31:37,0.0,350.0,598.0,20.1,30.0
2024-02-07 21:41:37,0.0,350.0,587.0,20.1,30.0
2024-02-07 21:51:37,0.0,350.0,583.0,20.1,30.0
2024-02-07 22:01:37,0.0,350.0,571.0,20.1,30.0
2024-02-07 22:11:37,0.0,350.0,574.0,20.1,30.0
2024-02-07 22:21:37,0.0,350.0,571.0,20.1,30.0
2024-02-07 22:31:37,0.0,350.0,560.0,20.1,30.0
2024-02-07 22:41:37,0.0,350.0,558.0,20.1,30.0
2024-02-07 22:51:37,0.0,350.0,559.0,20.0,30.0
2024-02-07 23:01:37,0.0,350.0,555.0,20.1,30.0
2024-02-07 23:11:37,0.0,350.0,545.0,20.1,30.0
2024-02-07 23:21:37,0.0,350.0,548.0,20.1,30.0
2024-02-07 23:31:37,0.0,350.0,536.0,20.0,30.0
2024-02-07 23:41:37,0.0,350.0,537.0,20.0,30.0
2024-02-07 23:51:37,0.0,350.0,540.0,20.0,30.0
2024-02-08 00:01:36,0.0,350.0,526.0,20.1,30.0
2024-02-08 00:11:36,0.0,350.0,525.0,20.1,30.0
2024-02-08 00:21:36,0.0,350.0,530.0,20.0,30.0
2024-02-08 00:31:36,0.0,350.0,532.0,20.0,31.0
2024-02-08 00:41:36,0.0,350.0,520.0,20.0,30.0
2024-02-08 00:51:36,0.0,350.0,514.0,20.0,31.0
2024-02-08 01:01:36,0.0,350.0,508.0,20.0,31.0
2024-02-08 01:11:36,0.0,350.0,511.0,20.0,31.0
2024-02-08 01:21:36,0.0,350.0,506.0,20.0,31.0
2024-02-08 01:31:36,0.0,350.0,497.0,20.0,31.0
2024-02-08 01:41:36,0.0,350.0,490.0,20.0,31.0
2024-02-08 01:51:36,0.0,350.0,497.0,20.0,31.0
2024-02-08 02:01:36,0.0,350.0,476.0,20.0,31.0
2024-02-08 02:11:36,0.0,350.0,485.0,20.0,31.0
2024-02-08 02:21:36,0.0,350.0,481.0,19.9,31.0
2024-02-08 02:31:36,0.0,350.0,471.0,19.9,31.0
2024-02-08 02:41:36,0.0,350.0,467.0,19.9,31.0
2024-02-08 02:51:36,0.0,350.0,473.0,19.9,31.0
2024-02-08 03:01:36,0.0,350.0,465.0,20.0,31.0
2024-02-08 03:11:36,0.0,350.0,467.0,20.0,31.0
2024-02-08 03:21:36,0.0,350.0,463.0,19.9,31.0
2024-02-08 03:31:36,0.0,350.0,464.0,20.0,31.0
2024-02-08 03:41:35,0.0,350.0,456.0,20.0,31.0
2024-02-08 03:51:35,0.0,350.0,464.0,20.0,31.0
2024-02-08 04:01:35,0.0,350.0,466.0,20.0,31.0
2024-02-08 04:11:35,0.0,350.0,457.0,19.9,31.0
2024-02-08 04:21:35,0.0,350.0,460.0,19.9,31.0
2024-02-08 04:31:35,0.0,350.0,451.0,19.9,31.0
2024-02-08 04:41:35,0.0,350.0,461.0,19.9,31.0
2024-02-08 04:51:35,0.0,350.0,451.0,19.9,31.0
2024-02-08 05:01:35,0.0,350.0,448.0,19.9,31.0
2024-02-08 05:11:35,0.0,350.0,454.0,20.0,31.0
2024-02-08 05:21:35,0.0,350.0,447.0,19.9,31.0
2024-02-08 05:31:35,0.0,350.0,445.0,20.0,31.0
2024-02-08 05:41:35,0.0,350.0,453.0,20.0,31.0
2024-02-08 05:51:35,0.0,350.0,444.0,20.0,31.0
2024-02-08 06:01:35,0.0,350.0,440.0,20.0,31.0
2024-02-08 06:11:35,0.0,350.0,449.0,20.0,31.0
2024-02-08 06:21:35,0.0,350.0,441.0,20.0,31.0
2024-02-08 06:31:35,0.0,350.0,446.0,20.0,31.0
2024-02-08 06:41:35,0.0,353.0,445.0,20.0,31.0
2024-02-08 06:51:35,0.0,357.0,441.0,20.0,31.0
2024-02-08 07:01:35,0.0,363.0,436.0,20.0,31.0
2024-02-08 07:11:35,0.0,370.0,420.0,20.1,28.0
2024-02-08 07:21:34,0.0,387.0,407.0,20.1,27.0
2024-02-08 07:31:34,0.0,400.0,399.0,20.1,27.0
2024-02-08 07:41:34,0.0,414.0,400.0,20.1,26.0
2024-02-08 07:51:34,0.0,431.0,409.0,20.0,26.0
2024-02-08 08:01:34,0.0,447.0,401.0,20.0,26.0
2024-02-08 08:11:34,0.0,461.0,408.0,20.0,26.0
2024-02-08 08:21:34,0.0,491.0,402.0,20.1,26.0
2024-02-08 08:31:34,0.0,522.0,403.0,20.0,25.0
2024-02-08 08:41:34,0.0,572.0,409.0,20.1,25.0
2024-02-08 08:51:34,0.0,599.0,409.0,20.1,25.0
2024-02-08 09:01:34,0.0,643.0,405.0,20.1,26.0
2024-02-08 09:11:34,0.0,687.0,404.0,20.2,26.0
2024-02-08 09:21:34,0.0,784.0,408.0,20.2,26.0
2024-02-08 09:31:34,0.0,885.0,401.0,20.3,26.0
2024-02-08 09:41:34,0.0,1013.0,399.0,20.4,26.0
2024-02-08 09:51:34,0.0,1138.0,398.0,20.4,26.0
2024-02-08 10:01:34,0.0,1286.0,403.0,20.5,26.0
2024-02-08 10:11:34,0.0,1471.0,403.0,20.6,26.0
2024-02-08 10:21:34,0.0,1663.0,412.0,20.7,26.0
2024-02-08 10:31:34,0.0,1404.0,405.0,20.8,26.0
2024-02-08 10:41:34,0.0,899.0,408.0,20.9,26.0
2024-02-08 10:51:34,7.0,761.0,503.0,20.8,26.0
2024-02-08 11:01:33,5.0,511.0,793.0,21.0,29.0
2024-02-08 11:11:33,16.0,815.0,763.0,20.9,30.0
2024-02-08 11:21:33,0.0,724.0,589.0,20.7,28.0
2024-02-08 11:31:33,0.0,1266.0,490.0,20.6,27.0
2024-02-08 11:41:33,10.0,2111.0,589.0,20.9,28.0
2024-02-08 11:51:33,3.0,3098.0,619.0,21.2,28.0
2024-02-08 12:01:33,3.0,613.0,591.0,21.3,27.0
2024-02-08 12:11:33,0.0,1162.0,494.0,21.5,26.0
2024-02-08 12:21:33,0.0,2650.0,445.0,21.8,26.0
2024-02-08 12:31:33,0.0,3206.0,424.0,22.0,25.0
2024-02-08 12:41:33,0.0,1020.0,414.0,22.0,25.0
2024-02-08 12:51:33,0.0,3041.0,409.0,22.2,25.0
2024-02-08 13:01:33,5.0,2903.0,470.0,22.5,25.0
2024-02-08 13:11:33,0.0,2711.0,521.0,22.8,25.0
2024-02-08 13:21:33,0.0,633.0,527.0,22.8,25.0
2024-02-08 13:31:33,0.0,2472.0,527.0,22.7,25.0
2024-02-08 13:41:33,0.0,1946.0,526.0,22.7,25.0
2024-02-08 13:51:33,0.0,677.0,546.0,22.7,25.0
2024-02-08 14:01:33,0.0,454.0,564.0,22.5,25.0
2024-02-08 14:11:33,0.0,434.0,574.0,22.2,26.0
2024-02-08 14:21:33,0.0,478.0,581.0,22.1,26.0
2024-02-08 14:31:33,1.0,451.0,584.0,21.9,26.0
2024-02-08 14:41:32,1.0,431.0,596.0,21.8,26.0
2024-02-08 14:51:32,0.0,417.0,595.0,21.7,26.0
2024-02-08 15:01:32,0.0,444.0,601.0,21.6,26.0
2024-02-08 15:11:33,0.0,414.0,590.0,21.6,26.0
2024-02-08 15:21:32,0.0,400.0,587.0,21.5,27.0
2024-02-08 15:31:32,0.0,377.0,584.0,21.4,27.0
2024-02-08 15:41:32,0.0,367.0,585.0,21.4,26.0
2024-02-08 15:51:32,0.0,357.0,585.0,21.4,26.0
2024-02-08 16:01:32,2.0,353.0,584.0,21.3,26.0
2024-02-08 16:11:32,0.0,350.0,696.0,21.4,28.0
2024-02-08 16:21:32,0.0,350.0,783.0,21.3,29.0
2024-02-08 16:31:32,0.0,350.0,841.0,21.4,30.0
2024-02-08 16:41:32,0.0,346.0,898.0,21.4,30.0
2024-02-08 16:51:32,11.0,343.0,925.0,21.3,31.0
2024-02-08 17:01:32,2.0,0.0,891.0,21.3,31.0
2024-02-08 17:11:32,0.0,0.0,808.0,21.1,31.0
2024-02-08 17:21:32,0.0,0.0,757.0,21.0,31.0
2024-02-08 17:31:32,0.0,0.0,704.0,21.0,31.0
2024-02-08 17:41:32,0.0,0.0,683.0,21.0,31.0
2024-02-08 17:51:32,0.0,0.0,667.0,21.0,31.0
2024-02-08 18:01:32,0.0,0.0,644.0,20.9,31.0
2024-02-08 18:11:31,0.0,0.0,628.0,20.9,31.0
2024-02-08 18:21:31,0.0,0.0,625.0,20.9,31.0
2024-02-08 18:31:32,0.0,0.0,600.0,20.9,31.0
2024-02-08 18:41:31,0.0,0.0,604.0,20.8,31.0
2024-02-08 18:51:31,0.0,0.0,598.0,20.8,31.0
2024-02-08 19:01:31,0.0,0.0,602.0,20.7,31.0
2024-02-08 19:11:31,0.0,0.0,594.0,20.7,31.0
2024-02-08 19:21:31,0.0,0.0,584.0,20.7,31.0
2024-02-08 19:31:31,0.0,0.0,583.0,20.7,31.0
2024-02-08 19:41:31,0.0,0.0,577.0,20.6,31.0
2024-02-08 19:51:31,0.0,0.0,573.0,20.6,31.0
2024-02-08 20:01:31,0.0,0.0,563.0,20.7,31.0
2024-02-08 20:11:31,0.0,0.0,566.0,20.6,31.0
2024-02-08 20:21:31,0.0,0.0,565.0,20.6,31.0
2024-02-08 20:31:31,0.0,0.0,555.0,20.6,31.0
2024-02-08 20:41:31,0.0,0.0,556.0,20.6,30.0
2024-02-08 20:51:31,0.0,0.0,554.0,20.5,30.0
2024-02-08 21:01:31,0.0,0.0,546.0,20.5,31.0
2024-02-08 21:11:31,0.0,0.0,546.0,20.5,30.0
2024-02-08 21:21:31,0.0,0.0,545.0,20.5,30.0
2024-02-08 21:31:31,0.0,0.0,536.0,20.5,30.0
2024-02-08 21:41:31,0.0,0.0,534.0,20.5,30.0
2024-02-08 21:51:30,0.0,0.0,526.0,20.5,30.0
2024-02-08 22:01:30,0.0,0.0,529.0,20.5,30.0
2024-02-08 22:11:30,0.0,0.0,531.0,20.4,30.0
2024-02-08 22:21:30,0.0,0.0,524.0,20.5,30.0
2024-02-08 22:31:30,0.0,0.0,526.0,20.4,30.0
2024-02-08 22:41:30,0.0,0.0,526.0,20.4,30.0
2024-02-08 22:51:30,0.0,0.0,518.0,20.4,30.0
2024-02-08 23:01:31,0.0,0.0,505.0,20.4,30.0
2024-02-08 23:11:30,0.0,0.0,512.0,20.4,30.0
2024-02-08 23:21:30,0.0,0.0,510.0,20.4,30.0
2024-02-08 23:31:30,0.0,0.0,515.0,20.4,30.0
2024-02-08 23:41:30,0.0,0.0,507.0,20.3,30.0
2024-02-08 23:51:30,0.0,0.0,503.0,20.3,30.0
2024-02-09 00:01:30,0.0,0.0,504.0,20.3,30.0
2024-02-09 00:11:30,0.0,0.0,499.0,20.3,30.0
2024-02-09 00:21:30,0.0,0.0,508.0,20.3,30.0
2024-02-09 00:31:30,0.0,0.0,495.0,20.3,30.0
2024-02-09 00:41:30,0.0,0.0,487.0,20.4,30.0
2024-02-09 00:51:30,0.0,0.0,485.0,20.3,30.0
2024-02-09 01:01:30,0.0,0.0,484.0,20.3,30.0
2024-02-09 01:11:30,0.0,0.0,488.0,20.2,30.0
2024-02-09 01:21:30,0.0,0.0,485.0,20.3,30.0
2024-02-09 01:31:30,0.0,0.0,493.0,20.2,30.0
2024-02-09 01:41:29,0.0,0.0,487.0,20.2,30.0
2024-02-09 01:51:29,0.0,0.0,489.0,20.2,30.0
2024-02-09 02:01:29,0.0,0.0,483.0,20.2,30.0
2024-02-09 02:11:29,0.0,0.0,490.0,20.2,30.0
2024-02-09 02:21:29,0.0,0.0,474.0,20.1,30.0
2024-02-09 02:31:29,0.0,0.0,473.0,20.2,30.0
2024-02-09 02:41:29,0.0,0.0,465.0,20.2,30.0
2024-02-09 02:51:29,0.0,0.0,467.0,20.1,30.0
2024-02-09 03:01:29,0.0,0.0,466.0,20.1,30.0
2024-02-09 03:11:29,0.0,0.0,468.0,20.2,30.0
2024-02-09 03:21:29,0.0,0.0,469.0,20.2,30.0
2024-02-09 03:31:29,0.0,0.0,462.0,20.1,30.0
2024-02-09 03:41:29,0.0,0.0,464.0,20.1,30.0
2024-02-09 03:51:29,0.0,0.0,468.0,20.1,30.0
2024-02-09 04:01:29,0.0,0.0,463.0,20.1,30.0
2024-02-09 04:11:29,0.0,0.0,461.0,20.1,30.0
2024-02-09 04:21:29,0.0,0.0,458.0,20.1,30.0
2024-02-09 04:31:29,0.0,0.0,458.0,20.1,30.0
2024-02-09 04:41:29,0.0,0.0,458.0,20.0,30.0
2024-02-09 04:51:29,0.0,0.0,451.0,20.0,30.0
2024-02-09 05:01:29,0.0,0.0,454.0,20.0,30.0
2024-02-09 05:11:29,0.0,0.0,449.0,20.1,30.0
2024-02-09 05:21:28,0.0,0.0,454.0,20.0,30.0
2024-02-09 05:31:28,0.0,0.0,457.0,20.0,30.0
2024-02-09 05:41:29,0.0,0.0,451.0,20.1,30.0
2024-02-09 05:51:28,0.0,0.0,447.0,20.1,30.0
2024-02-09 06:01:28,0.0,0.0,451.0,20.1,30.0
2024-02-09 06:11:28,0.0,0.0,457.0,20.1,30.0
2024-02-09 06:21:28,0.0,0.0,461.0,20.1,30.0
2024-02-09 06:31:28,0.0,0.0,460.0,20.0,30.0
2024-02-09 06:41:28,0.0,0.0,459.0,20.0,30.0
2024-02-09 06:51:28,0.0,3.0,466.0,20.0,30.0
2024-02-09 07:01:28,0.0,3.0,440.0,20.0,29.0
2024-02-09 07:11:28,0.0,6.0,428.0,20.0,26.0
2024-02-09 07:21:28,0.0,6.0,409.0,20.0,25.0
2024-02-09 07:31:28,0.0,13.0,403.0,20.0,24.0
2024-02-09 07:41:28,0.0,16.0,400.0,20.0,24.0
2024-02-09 07:51:28,0.0,20.0,411.0,20.0,24.0
2024-02-09 08:01:28,0.0,20.0,404.0,19.9,24.0
2024-02-09 08:11:28,0.0,26.0,403.0,19.9,24.0
2024-02-09 08:21:28,0.0,33.0,404.0,20.0,24.0
2024-02-09 08:31:28,0.0,33.0,405.0,20.0,24.0
2024-02-09 08:41:28,0.0,47.0,403.0,19.9,24.0
2024-02-09 08:51:27,0.0,43.0,403.0,19.9,23.0
2024-02-09 09:01:27,0.0,43.0,406.0,19.9,23.0
2024-02-09 09:11:27,0.0,53.0,411.0,19.9,23.0
2024-02-09 09:21:27,0.0,43.0,413.0,19.9,23.0
2024-02-09 09:31:27,0.0,47.0,411.0,19.9,23.0
2024-02-09 09:41:27,0.0,37.0,420.0,19.9,24.0
2024-02-09 09:51:27,0.0,40.0,407.0,19.9,24.0
2024-02-09 10:01:27,0.0,33.0,411.0,19.9,24.0
2024-02-09 10:11:27,0.0,33.0,415.0,19.9,24.0
2024-02-09 10:21:27,0.0,37.0,426.0,19.9,24.0
2024-02-09 10:31:27,0.0,43.0,426.0,19.9,24.0
2024-02-09 10:41:27,0.0,50.0,422.0,19.9,24.0
2024-02-09 10:51:27,0.0,53.0,420.0,19.9,24.0
2024-02-09 11:01:27,0.0,57.0,431.0,19.9,24.0
2024-02-09 11:11:27,0.0,60.0,413.0,19.9,24.0
2024-02-09 11:21:27,0.0,77.0,420.0,19.9,24.0
2024-02-09 11:31:27,0.0,117.0,422.0,19.9,23.0
2024-02-09 11:41:27,0.0,104.0,422.0,19.9,24.0
2024-02-09 11:51:27,0.0,104.0,424.0,19.8,24.0
2024-02-09 12:01:27,0.0,90.0,424.0,19.8,24.0
2024-02-09 12:11:27,0.0,80.0,429.0,19.8,24.0
2024-02-09 12:21:27,0.0,94.0,434.0,19.8,24.0
2024-02-09 12:31:26,0.0,80.0,447.0,19.8,25.0
2024-02-09 12:41:26,0.0,70.0,450.0,19.8,25.0
2024-02-09 12:51:26,0.0,57.0,429.0,19.8,25.0
2024-02-09 13:01:26,0.0,53.0,430.0,19.8,25.0
