datetime,co2,temperature,humidity
2023-11-01 00:03:43,933.0,25.9,40.62
2023-11-01 00:13:33,921.0,25.9,41.02
2023-11-01 00:23:54,941.0,25.9,41.02
2023-11-01 00:34:01,912.0,25.9,41.02
2023-11-01 00:44:07,890.0,25.8,41.02
2023-11-01 00:53:58,897.0,25.8,41.02
2023-11-01 01:04:20,875.0,25.8,41.02
2023-11-01 01:14:26,855.0,25.8,41.02
2023-11-01 01:24:33,860.0,25.8,41.02
2023-11-01 01:34:35,830.0,25.7,41.02
2023-11-01 01:44:22,807.0,25.8,41.02
2023-11-01 01:54:40,837.0,25.7,41.02
2023-11-01 02:04:43,830.0,25.7,40.62
2023-11-01 02:14:45,841.0,25.7,40.62
2023-11-01 02:24:46,813.0,25.7,40.62
2023-11-01 02:34:49,769.0,25.7,40.62
2023-11-01 02:44:35,836.0,25.7,40.62
2023-11-01 02:54:53,813.0,25.7,40.62
2023-11-01 03:04:56,816.0,25.7,40.62
2023-11-01 03:14:58,822.0,25.7,40.62
2023-11-01 03:25:01,739.0,25.7,40.23
2023-11-01 03:35:03,787.0,25.6,40.23
2023-11-01 03:45:05,816.0,25.6,40.23
2023-11-01 03:55:08,795.0,25.6,40.62
2023-11-01 04:05:10,682.0,25.7,40.23
2023-11-01 04:15:13,808.0,25.7,40.23
2023-11-01 04:25:14,750.0,25.7,40.23
2023-11-01 04:35:16,746.0,25.7,40.23
2023-11-01 04:45:19,759.0,25.7,40.23
2023-11-01 04:55:21,773.0,25.6,40.62
2023-11-01 05:04:51,773.0,25.6,40.62
2023-11-01 05:15:02,717.0,25.7,40.23
2023-11-01 05:25:18,694.0,25.7,40.23
2023-11-01 05:35:34,738.0,25.7,40.23
2023-11-01 05:45:34,743.0,25.7,40.23
2023-11-01 05:55:36,753.0,25.6,40.23
2023-11-01 06:05:39,724.0,25.7,40.23
2023-11-01 06:15:41,799.0,25.6,39.84
2023-11-01 06:25:42,737.0,25.7,39.84
2023-11-01 06:35:45,723.0,25.6,39.84
2023-11-01 06:45:47,777.0,25.7,39.84
2023-11-01 06:55:50,707.0,25.7,39.84
2023-11-01 07:05:52,730.0,25.6,39.84
2023-11-01 07:15:54,759.0,25.6,39.84
2023-11-01 07:25:57,747.0,25.6,39.84
2023-11-01 07:35:59,744.0,25.6,38.28
2023-11-01 07:46:02,678.0,25.6,36.33
2023-11-01 07:56:04,771.0,25.6,36.33
2023-11-01 08:05:54,1094.0,25.6,39.06
2023-11-01 08:16:13,1026.0,25.5,39.06
2023-11-01 08:26:19,1051.0,25.5,39.45
2023-11-01 08:36:26,1194.0,25.6,39.84
2023-11-01 08:46:32,1204.0,25.6,39.45
2023-11-01 08:56:23,1200.0,25.5,39.84
2023-11-01 09:06:45,1229.0,25.5,39.45
2023-11-01 09:16:51,1155.0,25.5,39.06
2023-11-01 09:26:58,1210.0,25.5,38.67
2023-11-01 09:37:04,1321.0,25.5,39.06
2023-11-01 09:47:11,1265.0,25.5,39.06
2023-11-01 09:57:17,1350.0,25.6,39.45
2023-11-01 10:07:23,1332.0,25.5,39.45
2023-11-01 10:17:30,1367.0,25.5,39.45
2023-11-01 10:27:36,1407.0,25.6,39.45
2023-11-01 10:37:43,1452.0,25.5,39.84
2023-11-01 10:47:49,1425.0,25.6,39.45
2023-11-01 10:57:56,1416.0,25.5,38.28
2023-11-01 11:08:02,1439.0,25.5,38.67
2023-11-01 11:18:09,1513.0,25.5,39.84
2023-11-01 11:28:15,1532.0,25.5,39.84
2023-11-01 11:37:49,1532.0,25.5,39.84
2023-11-01 11:48:04,1515.0,25.5,39.84
2023-11-01 11:58:24,1466.0,25.5,39.45
2023-11-01 12:08:44,1645.0,25.5,40.62
2023-11-01 12:18:44,1610.0,25.6,40.62
2023-11-01 12:28:48,1618.0,25.5,41.02
2023-11-01 12:38:52,1602.0,25.6,40.62
2023-11-01 12:48:56,1714.0,25.5,40.62
2023-11-01 12:59:01,1570.0,25.5,39.06
2023-11-01 13:09:05,1703.0,25.5,39.84
2023-11-01 13:19:09,1652.0,25.5,39.84
2023-11-01 13:29:13,1571.0,25.4,38.67
2023-11-01 13:39:17,1621.0,25.5,38.67
2023-11-01 13:49:22,1768.0,25.5,39.45
2023-11-01 13:59:26,1757.0,25.5,39.84
2023-11-01 14:09:30,1717.0,25.4,39.45
2023-11-01 14:19:18,1881.0,25.5,39.45
2023-11-01 14:29:39,1951.0,25.5,39.84
2023-11-01 14:39:44,1782.0,25.4,38.67
2023-11-01 14:49:48,1788.0,25.5,38.67
2023-11-01 14:59:52,1677.0,25.4,38.28
2023-11-01 15:09:56,1642.0,25.5,38.28
2023-11-01 15:20:00,2131.0,25.5,40.23
2023-11-01 15:29:49,2208.0,25.5,41.02
2023-11-01 15:40:11,2159.0,25.5,41.41
2023-11-01 15:50:15,2165.0,25.5,41.41
2023-11-01 16:00:19,2119.0,25.5,41.41
2023-11-01 16:10:23,2146.0,25.5,41.02
2023-11-01 16:20:28,1981.0,25.6,41.02
2023-11-01 16:30:32,2055.0,25.6,41.02
2023-11-01 16:40:36,1942.0,25.6,40.62
2023-11-01 16:50:40,1932.0,25.6,41.02
2023-11-01 17:00:44,1977.0,25.5,40.62
2023-11-01 17:10:49,1881.0,25.5,41.02
2023-11-01 17:20:53,1909.0,25.6,40.62
2023-11-01 17:30:57,1785.0,25.7,40.62
2023-11-01 17:41:01,1753.0,25.7,40.62
2023-11-01 17:51:05,1598.0,25.5,40.23
2023-11-01 18:01:09,1584.0,25.6,40.23
2023-11-01 18:10:42,1584.0,25.6,40.23
2023-11-01 18:20:56,1484.0,25.6,39.84
2023-11-01 18:31:16,1390.0,25.6,39.84
2023-11-01 18:41:32,1346.0,25.6,39.84
2023-11-01 18:51:32,1441.0,25.6,39.84
2023-11-01 19:01:36,1360.0,25.6,39.84
2023-11-01 19:11:41,1387.0,25.6,39.84
2023-11-01 19:21:45,1442.0,25.7,39.84
2023-11-01 19:31:49,1423.0,25.6,39.84
2023-11-01 19:41:53,1316.0,25.6,39.84
2023-11-01 19:51:41,1266.0,25.7,39.84
2023-11-01 20:02:01,1369.0,25.6,39.84
2023-11-01 20:12:05,1252.0,25.6,39.84
2023-11-01 20:22:10,1283.0,25.6,39.84
2023-11-01 20:32:14,1225.0,25.7,39.84
2023-11-01 20:42:18,1345.0,25.6,39.84
2023-11-01 20:52:22,1238.0,25.6,39.84
2023-11-01 21:02:26,1238.0,25.6,40.23
2023-11-01 21:12:14,1186.0,25.5,40.23
2023-11-01 21:22:34,1219.0,25.5,40.23
2023-11-01 21:32:38,1215.0,25.5,40.23
2023-11-01 21:42:43,1145.0,25.5,40.23
2023-11-01 21:52:31,1181.0,25.5,40.23
2023-11-01 22:02:51,1152.0,25.5,40.23
2023-11-01 22:12:55,1105.0,25.5,40.23
2023-11-01 22:22:43,1114.0,25.4,40.23
2023-11-01 22:33:03,1072.0,25.4,40.23
2023-11-01 22:43:07,1036.0,25.4,40.23
2023-11-01 22:53:12,1087.0,25.4,40.23
2023-11-01 23:03:16,954.0,25.4,40.23
2023-11-01 23:13:04,953.0,25.3,40.23
2023-11-01 23:23:24,996.0,25.3,40.23
2023-11-01 23:33:28,1000.0,25.4,40.23
2023-11-01 23:43:32,930.0,25.3,40.23
2023-11-01 23:53:36,957.0,25.3,40.23
2023-11-02 00:03:41,907.0,25.3,40.23
2023-11-02 00:13:45,947.0,25.2,40.62
2023-11-02 00:23:49,885.0,25.1,40.62
2023-11-02 00:33:53,898.0,25.2,40.62
2023-11-02 00:43:25,898.0,25.2,40.62
2023-11-02 00:53:35,836.0,25.1,40.62
2023-11-02 01:03:51,884.0,25.1,40.62
2023-11-02 01:14:08,887.0,25.1,41.02
2023-11-02 01:24:08,903.0,25.1,41.02
2023-11-02 01:34:10,845.0,25.0,41.02
2023-11-02 01:43:56,857.0,25.0,41.02
2023-11-02 01:54:15,834.0,24.9,41.02
2023-11-02 02:04:18,854.0,25.0,41.02
2023-11-02 02:14:20,833.0,24.9,41.02
2023-11-02 02:24:22,811.0,24.9,41.41
2023-11-02 02:34:23,731.0,24.9,41.41
2023-11-02 02:44:26,822.0,24.8,41.41
2023-11-02 02:54:28,804.0,24.8,41.41
2023-11-02 03:04:30,775.0,24.8,41.41
2023-11-02 03:14:33,841.0,24.9,41.41
2023-11-02 03:24:35,762.0,24.9,41.41
2023-11-02 03:34:38,795.0,24.9,41.41
2023-11-02 03:44:40,757.0,24.9,41.41
2023-11-02 03:54:42,850.0,24.9,41.41
2023-11-02 04:04:45,761.0,24.9,41.41
2023-11-02 04:14:47,731.0,24.9,41.41
2023-11-02 04:24:50,825.0,24.8,41.8
2023-11-02 04:34:36,790.0,24.9,41.8
2023-11-02 04:44:54,790.0,24.9,42.19
2023-11-02 04:54:57,782.0,24.8,42.19
2023-11-02 05:04:59,787.0,24.9,42.19
2023-11-02 05:15:02,832.0,24.9,42.19
2023-11-02 05:25:04,780.0,24.9,42.19
2023-11-02 05:35:06,803.0,24.8,42.19
2023-11-02 05:44:53,736.0,24.8,42.19
2023-11-02 05:55:11,731.0,24.9,42.19
2023-11-02 06:05:14,783.0,24.8,42.19
2023-11-02 06:15:16,760.0,24.8,41.8
2023-11-02 06:25:18,726.0,24.9,41.8
2023-11-02 06:35:21,743.0,24.8,41.8
2023-11-02 06:45:23,724.0,24.8,41.8
2023-11-02 06:55:26,748.0,24.8,42.19
2023-11-02 07:05:28,796.0,24.8,42.19
2023-11-02 07:14:58,796.0,24.8,42.19
2023-11-02 07:25:09,762.0,24.8,42.19
2023-11-02 07:35:25,762.0,24.9,42.19
2023-11-02 07:45:41,781.0,24.8,42.19
2023-11-02 07:55:41,819.0,24.8,42.58
2023-11-02 08:05:48,1038.0,24.7,42.97
2023-11-02 08:15:50,974.0,24.7,43.36
2023-11-02 08:25:52,990.0,24.7,43.75
2023-11-02 08:35:57,1028.0,24.6,43.75
2023-11-02 08:46:04,1065.0,24.7,44.14
2023-11-02 08:56:10,1106.0,24.7,44.53
2023-11-02 09:06:17,1058.0,24.6,44.53
2023-11-02 09:16:07,1142.0,24.6,44.92
2023-11-02 09:26:29,1230.0,24.5,44.92
2023-11-02 09:36:36,1128.0,24.6,44.92
2023-11-02 09:46:42,1149.0,24.5,44.92
2023-11-02 09:56:49,1207.0,24.5,45.31
2023-11-02 10:06:55,1174.0,24.4,45.31
2023-11-02 10:17:02,1249.0,24.4,45.31
2023-11-02 10:27:08,1249.0,24.5,45.31
2023-11-02 10:37:13,1308.0,24.5,45.31
2023-11-02 10:47:20,1405.0,24.6,45.31
2023-11-02 10:57:26,1399.0,24.6,45.31
2023-11-02 11:07:17,1413.0,24.4,45.31
2023-11-02 11:17:39,1505.0,24.5,45.7
2023-11-02 11:27:45,1486.0,24.4,45.7
2023-11-02 11:37:52,1522.0,24.5,45.7
2023-11-02 11:48:02,1577.0,24.5,46.09
2023-11-02 11:58:05,1682.0,24.4,46.09
2023-11-02 12:08:07,1662.0,24.4,46.09
2023-11-02 12:18:13,1717.0,24.4,46.48
2023-11-02 12:28:20,1729.0,24.4,46.48
2023-11-02 12:38:26,1768.0,24.4,46.48
2023-11-02 12:48:33,1793.0,24.4,46.48
2023-11-02 12:58:39,1889.0,24.4,46.48
2023-11-02 13:08:45,1721.0,24.4,46.48
2023-11-02 13:18:36,1706.0,24.4,46.48
2023-11-02 13:28:58,1765.0,24.4,46.48
2023-11-02 13:39:05,1695.0,24.3,46.48
2023-11-02 13:48:39,1695.0,24.3,46.48
2023-11-02 13:58:53,1912.0,24.3,46.48
2023-11-02 14:09:14,2018.0,24.3,46.88
2023-11-02 14:19:34,2017.0,24.4,46.88
2023-11-02 14:29:38,1978.0,24.3,46.88
2023-11-02 14:39:44,1791.0,24.3,46.48
2023-11-02 14:49:51,1721.0,24.3,46.09
2023-11-02 14:59:57,1564.0,24.3,46.09
2023-11-02 15:10:04,1518.0,24.3,45.7
2023-11-02 15:20:10,1830.0,24.3,46.09
2023-11-02 15:30:16,1907.0,24.3,46.48
2023-11-02 15:40:23,1983.0,24.3,46.88
2023-11-02 15:50:29,1972.0,24.3,46.88
2023-11-02 16:00:36,1881.0,24.3,46.88
2023-11-02 16:10:42,1870.0,24.4,46.88
2023-11-02 16:20:48,1831.0,24.3,46.88
2023-11-02 16:30:55,1842.0,24.3,46.88
2023-11-02 16:41:01,1919.0,24.4,46.88
2023-11-02 16:51:08,1817.0,24.3,46.48
2023-11-02 17:01:14,1836.0,24.3,46.88
2023-11-02 17:11:21,1809.0,24.3,46.48
2023-11-02 17:21:27,1732.0,24.4,46.48
2023-11-02 17:31:33,1605.0,24.3,46.09
2023-11-02 17:41:40,1538.0,24.3,46.09
2023-11-02 17:51:46,1528.0,24.4,45.7
2023-11-02 18:01:53,1509.0,24.4,45.7
2023-11-02 18:11:59,1414.0,24.4,45.7
2023-11-02 18:22:01,1381.0,24.3,45.7
2023-11-02 18:32:04,1333.0,24.4,45.31
2023-11-02 18:41:54,1291.0,24.2,45.31
2023-11-02 18:52:17,1245.0,24.2,45.31
2023-11-02 19:02:23,1180.0,24.3,45.31
2023-11-02 19:12:30,1246.0,24.2,45.31
2023-11-02 19:22:36,1168.0,24.2,45.31
2023-11-02 19:32:42,1144.0,24.2,45.31
2023-11-02 19:42:49,1056.0,24.2,45.31
2023-11-02 19:52:55,1080.0,24.2,45.31
2023-11-02 20:03:02,1073.0,24.1,45.31
2023-11-02 20:13:08,1110.0,24.1,45.31
2023-11-02 20:22:42,1110.0,24.1,45.31
2023-11-02 20:32:57,1082.0,24.2,45.31
2023-11-02 20:43:17,1132.0,24.1,44.92
2023-11-02 20:53:37,1014.0,24.2,44.92
2023-11-02 21:03:41,972.0,24.1,44.92
2023-11-02 21:13:48,999.0,24.1,44.92
2023-11-02 21:23:54,985.0,24.2,44.92
2023-11-02 21:34:00,1015.0,24.1,44.92
2023-11-02 21:44:07,917.0,24.1,44.92
2023-11-02 21:54:13,1000.0,24.1,44.92
2023-11-02 22:04:20,1004.0,24.2,44.92
2023-11-02 22:14:26,969.0,24.1,44.92
2023-11-02 22:24:32,944.0,24.2,44.92
2023-11-02 22:34:39,965.0,24.1,44.92
2023-11-02 22:44:44,978.0,24.2,44.92
2023-11-02 22:54:51,961.0,24.1,44.92
2023-11-02 23:04:57,913.0,24.1,44.92
2023-11-02 23:15:03,885.0,24.1,44.92
2023-11-02 23:24:54,875.0,24.2,44.92
2023-11-02 23:35:16,866.0,24.1,44.92
2023-11-02 23:45:19,833.0,24.2,44.92
2023-11-02 23:55:21,835.0,24.2,44.92
2023-11-03 00:05:24,822.0,24.2,44.53
2023-11-03 00:15:10,810.0,24.1,44.53
2023-11-03 00:25:28,823.0,24.1,44.53
2023-11-03 00:35:31,825.0,24.2,44.53
2023-11-03 00:45:33,791.0,24.2,44.53
2023-11-03 00:55:36,767.0,24.2,44.53
2023-11-03 01:05:38,833.0,24.3,44.53
2023-11-03 01:15:40,831.0,24.2,44.53
2023-11-03 01:25:43,865.0,24.3,44.53
2023-11-03 01:35:45,771.0,24.2,44.53
2023-11-03 01:45:48,812.0,24.3,44.53
2023-11-03 01:55:50,768.0,24.3,44.53
2023-11-03 02:05:52,789.0,24.4,44.53
2023-11-03 02:15:55,767.0,24.3,44.53
2023-11-03 02:25:57,760.0,24.3,44.53
2023-11-03 02:36:00,802.0,24.3,44.53
2023-11-03 02:46:02,729.0,24.2,44.53
2023-11-03 02:55:32,729.0,24.2,44.53
2023-11-03 03:05:43,710.0,24.3,44.53
2023-11-03 03:15:59,757.0,24.3,44.53
2023-11-03 03:26:15,746.0,24.3,44.53
2023-11-03 03:35:59,757.0,24.3,44.53
2023-11-03 03:46:01,755.0,24.3,44.53
2023-11-03 03:56:20,715.0,24.3,44.53
2023-11-03 04:06:22,814.0,24.3,44.53
2023-11-03 04:16:24,710.0,24.3,44.53
2023-11-03 04:26:27,727.0,24.3,44.53
2023-11-03 04:36:29,734.0,24.3,44.53
2023-11-03 04:46:32,738.0,24.3,44.53
2023-11-03 04:56:34,741.0,24.3,44.53
2023-11-03 05:06:36,717.0,24.3,44.92
2023-11-03 05:16:39,709.0,24.3,44.53
2023-11-03 05:26:41,726.0,24.3,44.53
2023-11-03 05:36:44,709.0,24.3,44.53
2023-11-03 05:46:30,676.0,24.3,44.53
2023-11-03 05:56:48,717.0,24.3,44.53
2023-11-03 06:06:51,700.0,24.4,44.53
2023-11-03 06:16:53,698.0,24.4,44.53
2023-11-03 06:26:56,772.0,24.3,44.53
2023-11-03 06:36:58,719.0,24.4,44.53
2023-11-03 06:46:59,691.0,24.4,44.53
2023-11-03 06:56:46,696.0,24.4,44.53
2023-11-03 07:07:04,708.0,24.4,44.53
2023-11-03 07:17:06,726.0,24.4,44.53
2023-11-03 07:27:09,701.0,24.3,44.53
2023-11-03 07:37:11,774.0,24.3,44.92
2023-11-03 07:46:58,902.0,24.3,44.92
2023-11-03 07:57:00,805.0,24.3,44.92
2023-11-03 08:07:18,868.0,24.2,45.31
2023-11-03 08:17:25,959.0,24.3,45.7
2023-11-03 08:27:27,969.0,24.3,45.31
2023-11-03 08:37:30,985.0,24.2,45.7
2023-11-03 08:47:35,1041.0,24.2,46.09
2023-11-03 08:57:41,1009.0,24.2,46.09
2023-11-03 09:07:48,998.0,24.2,46.09
2023-11-03 09:17:54,998.0,24.2,45.7
2023-11-03 09:27:29,998.0,24.2,45.7
2023-11-03 09:37:43,985.0,24.2,46.09
2023-11-03 09:48:03,1101.0,24.2,45.7
2023-11-03 09:58:23,1091.0,24.2,45.7
2023-11-03 10:08:27,1074.0,24.2,45.31
2023-11-03 10:18:34,1049.0,24.2,44.92
2023-11-03 10:28:40,1061.0,24.1,45.31
2023-11-03 10:38:46,1235.0,24.1,45.31
2023-11-03 10:48:53,1299.0,24.1,45.7
2023-11-03 10:58:59,1354.0,24.1,45.31
2023-11-03 11:09:06,1286.0,24.2,45.31
2023-11-03 11:19:12,1175.0,24.2,44.92
2023-11-03 11:29:19,1208.0,24.1,44.92
2023-11-03 11:39:09,1274.0,24.1,44.92
2023-11-03 11:49:31,1242.0,24.1,44.92
2023-11-03 11:59:38,1205.0,24.2,44.92
2023-11-03 12:09:44,1153.0,24.1,44.92
2023-11-03 12:19:51,1260.0,24.1,44.92
2023-11-03 12:29:57,1238.0,24.0,45.31
2023-11-03 12:40:04,1381.0,24.1,45.7
2023-11-03 12:50:10,1432.0,24.0,45.7
2023-11-03 13:00:16,1538.0,24.0,46.09
2023-11-03 13:10:23,1650.0,24.1,46.48
2023-11-03 13:20:25,1564.0,24.1,46.48
2023-11-03 13:30:28,1576.0,24.1,46.09
2023-11-03 13:40:34,1502.0,24.0,45.7
2023-11-03 13:50:40,1665.0,24.1,46.09
2023-11-03 14:00:47,1729.0,24.0,46.48
2023-11-03 14:10:53,1676.0,24.0,46.48
2023-11-03 14:21:00,1805.0,24.0,46.48
2023-11-03 14:31:06,1780.0,24.1,46.88
2023-11-03 14:41:12,1768.0,24.0,46.88
2023-11-03 14:51:18,1841.0,24.1,46.48
2023-11-03 15:01:24,1864.0,24.1,46.88
2023-11-03 15:11:31,1916.0,24.2,46.88
2023-11-03 15:21:37,2106.0,24.2,46.88
2023-11-03 15:31:43,2273.0,24.3,47.66
2023-11-03 15:41:50,2284.0,24.2,47.66
2023-11-03 15:51:56,2301.0,24.3,47.66
2023-11-03 16:01:31,2301.0,24.3,47.66
2023-11-03 16:11:45,1994.0,24.3,46.48
2023-11-03 16:22:05,1873.0,24.3,45.7
2023-11-03 16:32:25,1880.0,24.3,45.31
2023-11-03 16:42:29,1803.0,24.3,45.7
2023-11-03 16:52:35,1796.0,24.4,45.31
2023-11-03 17:02:41,1745.0,24.4,45.31
2023-11-03 17:12:47,1644.0,24.4,45.31
2023-11-03 17:22:54,1759.0,24.4,45.31
2023-11-03 17:33:00,1578.0,24.4,45.31
2023-11-03 17:43:07,1561.0,24.4,45.31
2023-11-03 17:53:13,1518.0,24.5,44.92
2023-11-03 18:03:03,1417.0,24.5,44.92
2023-11-03 18:13:22,1331.0,24.4,44.92
2023-11-03 18:23:24,1387.0,24.4,44.92
2023-11-03 18:33:31,1301.0,24.5,44.53
2023-11-03 18:43:37,1241.0,24.5,44.53
2023-11-03 18:53:26,1225.0,24.4,44.53
2023-11-03 19:03:49,1159.0,24.4,44.53
2023-11-03 19:13:55,1180.0,24.5,44.53
2023-11-03 19:24:02,1110.0,24.5,44.53
2023-11-03 19:34:08,1076.0,24.4,44.53
2023-11-03 19:44:14,1083.0,24.4,44.14
2023-11-03 19:54:05,1104.0,24.4,44.53
2023-11-03 20:04:27,1102.0,24.5,44.14
2023-11-03 20:14:34,1083.0,24.5,44.14
2023-11-03 20:24:40,1093.0,24.4,44.14
2023-11-03 20:34:47,1010.0,24.4,44.14
2023-11-03 20:44:53,1010.0,24.5,44.14
2023-11-03 20:54:58,999.0,24.5,44.14
2023-11-03 21:05:05,952.0,24.4,44.14
2023-11-03 21:15:11,952.0,24.4,44.14
2023-11-03 21:25:17,952.0,24.4,44.14
2023-11-03 21:35:24,980.0,24.4,44.14
2023-11-03 21:45:30,888.0,24.4,43.75
2023-11-03 21:55:37,890.0,24.4,44.14
2023-11-03 22:05:43,869.0,24.4,43.75
2023-11-03 22:15:50,950.0,24.4,43.75
2023-11-03 22:25:56,917.0,24.4,43.75
2023-11-03 22:35:30,917.0,24.4,43.75
2023-11-03 22:45:45,874.0,24.4,44.14
2023-11-03 22:56:05,926.0,24.4,43.75
2023-11-03 23:06:25,878.0,24.5,43.75
2023-11-03 23:16:25,819.0,24.5,43.75
2023-11-03 23:26:28,835.0,24.4,43.75
2023-11-03 23:36:30,870.0,24.5,43.75
2023-11-03 23:46:32,866.0,24.5,43.75
2023-11-03 23:56:35,825.0,24.5,43.75
2023-11-04 00:06:37,848.0,24.4,43.75
2023-11-04 00:16:40,808.0,24.5,43.75
2023-11-04 00:26:42,826.0,24.5,43.75
2023-11-04 00:36:44,837.0,24.5,43.36
2023-11-04 00:46:47,798.0,24.6,43.36
2023-11-04 00:56:49,792.0,24.6,43.36
2023-11-04 01:06:52,841.0,24.5,43.36
2023-11-04 01:16:54,799.0,24.6,43.36
2023-11-04 01:26:56,779.0,24.6,43.36
2023-11-04 01:36:59,779.0,24.7,43.36
2023-11-04 01:47:01,722.0,24.7,42.97
2023-11-04 01:57:04,833.0,24.7,42.97
2023-11-04 02:07:06,753.0,24.7,42.97
2023-11-04 02:17:08,780.0,24.7,42.97
2023-11-04 02:27:11,726.0,24.8,42.97
2023-11-04 02:37:13,800.0,24.8,42.58
2023-11-04 02:47:16,765.0,24.7,42.58
2023-11-04 02:57:18,791.0,24.8,42.58
2023-11-04 03:07:20,753.0,24.8,42.58
2023-11-04 03:17:23,738.0,24.8,42.58
2023-11-04 03:27:25,726.0,24.8,42.58
2023-11-04 03:37:28,803.0,24.8,42.58
2023-11-04 03:47:30,745.0,24.8,42.58
2023-11-04 03:57:32,734.0,24.8,42.58
2023-11-04 04:07:35,753.0,24.8,42.58
2023-11-04 04:17:37,753.0,25.0,42.58
2023-11-04 04:27:40,695.0,24.8,42.58
2023-11-04 04:37:42,748.0,24.8,42.58
2023-11-04 04:47:44,818.0,24.9,42.58
2023-11-04 04:57:47,811.0,24.8,42.58
2023-11-04 05:07:18,811.0,24.8,42.58
2023-11-04 05:17:27,718.0,24.9,42.58
2023-11-04 05:27:44,786.0,24.9,42.58
2023-11-04 05:38:00,739.0,24.9,42.19
2023-11-04 05:48:00,755.0,25.0,42.58
2023-11-04 05:57:46,714.0,24.9,42.58
2023-11-04 06:08:05,688.0,24.8,42.19
2023-11-04 06:18:07,725.0,24.9,42.19
2023-11-04 06:28:09,723.0,24.9,42.19
2023-11-04 06:38:12,723.0,25.0,42.19
2023-11-04 06:47:58,774.0,25.0,42.19
2023-11-04 06:58:15,737.0,24.9,42.19
2023-11-04 07:08:02,638.0,25.0,42.19
2023-11-04 07:18:20,684.0,25.0,42.19
2023-11-04 07:28:23,758.0,24.9,42.19
2023-11-04 07:38:25,726.0,25.0,42.19
2023-11-04 07:48:27,749.0,25.0,42.19
2023-11-04 07:58:30,782.0,25.0,41.8
2023-11-04 08:08:32,719.0,24.9,41.8
2023-11-04 08:18:34,743.0,25.0,42.19
2023-11-04 08:28:37,743.0,25.0,41.8
2023-11-04 08:38:39,747.0,24.9,41.8
2023-11-04 08:48:42,759.0,25.0,41.8
2023-11-04 08:58:28,796.0,25.0,41.8
2023-11-04 09:08:46,736.0,25.0,41.8
2023-11-04 09:18:49,676.0,25.0,41.8
2023-11-04 09:28:51,670.0,25.0,41.8
2023-11-04 09:38:54,740.0,25.0,41.8
2023-11-04 09:48:56,740.0,25.0,41.8
2023-11-04 09:58:58,728.0,24.9,41.8
2023-11-04 10:09:01,677.0,25.0,41.8
2023-11-04 10:19:03,643.0,25.0,41.8
2023-11-04 10:29:06,687.0,25.1,41.8
2023-11-04 10:39:08,739.0,25.0,41.8
2023-11-04 10:49:10,678.0,25.0,41.8
2023-11-04 10:59:12,716.0,25.0,41.8
2023-11-04 11:09:14,715.0,25.0,41.8
2023-11-04 11:19:16,687.0,25.0,41.8
2023-11-04 11:29:19,680.0,25.0,41.8
2023-11-04 11:38:49,680.0,25.0,41.8
2023-11-04 11:49:00,736.0,25.0,41.8
2023-11-04 11:59:16,767.0,25.0,41.8
2023-11-04 12:09:32,718.0,25.1,41.8
2023-11-04 12:19:32,699.0,25.0,41.8
2023-11-04 12:29:34,788.0,25.1,41.8
2023-11-04 12:39:37,800.0,25.1,41.8
2023-11-04 12:49:39,771.0,25.0,41.8
2023-11-04 12:59:41,727.0,25.0,41.8
2023-11-04 13:09:44,836.0,25.0,41.8
2023-11-04 13:19:46,848.0,25.0,41.8
2023-11-04 13:29:49,755.0,25.0,41.8
2023-11-04 13:39:51,767.0,25.0,41.8
2023-11-04 13:49:53,787.0,25.0,41.8
2023-11-04 13:59:56,830.0,25.0,41.8
2023-11-04 14:09:58,773.0,25.1,41.8
2023-11-04 14:19:45,830.0,25.1,41.8
2023-11-04 14:30:03,798.0,25.0,41.8
2023-11-04 14:40:05,766.0,24.9,41.8
2023-11-04 14:50:08,753.0,24.9,41.8
2023-11-04 15:00:09,788.0,24.9,41.8
2023-11-04 15:10:11,821.0,25.0,41.8
2023-11-04 15:20:14,885.0,25.0,41.8
2023-11-04 15:30:16,791.0,24.9,41.8
2023-11-04 15:40:19,824.0,25.0,41.8
2023-11-04 15:50:21,806.0,24.9,41.8
2023-11-04 16:00:23,845.0,24.9,41.8
2023-11-04 16:10:26,835.0,24.9,41.8
2023-11-04 16:20:28,806.0,24.8,41.8
2023-11-04 16:30:15,792.0,24.8,41.8
2023-11-04 16:40:33,797.0,24.9,41.8
2023-11-04 16:50:35,783.0,24.9,41.8
2023-11-04 17:00:38,822.0,24.9,41.8
2023-11-04 17:10:40,764.0,24.8,41.41
2023-11-04 17:20:43,775.0,24.9,41.8
2023-11-04 17:30:45,797.0,24.9,41.41
2023-11-04 17:40:47,783.0,24.9,41.41
2023-11-04 17:50:50,822.0,24.9,41.8
2023-11-04 18:00:52,747.0,24.8,41.8
2023-11-04 18:10:23,747.0,24.8,41.8
2023-11-04 18:20:33,794.0,24.9,41.41
2023-11-04 18:30:49,684.0,24.9,41.41
2023-11-04 18:41:05,741.0,24.9,41.41
2023-11-04 18:51:05,738.0,24.8,41.41
2023-11-04 19:00:50,696.0,24.9,41.8
2023-11-04 19:11:09,657.0,24.9,41.41
2023-11-04 19:21:11,726.0,24.9,41.41
2023-11-04 19:31:14,619.0,24.9,41.41
2023-11-04 19:41:16,708.0,24.9,41.41
2023-11-04 19:51:18,653.0,24.8,41.41
2023-11-04 20:01:21,713.0,24.8,41.41
2023-11-04 20:11:23,712.0,24.8,41.41
2023-11-04 20:21:26,705.0,24.8,41.41
2023-11-04 20:31:28,653.0,24.8,41.41
2023-11-04 20:41:30,653.0,24.8,41.41
2023-11-04 20:51:33,602.0,24.9,41.41
2023-11-04 21:01:35,653.0,24.8,41.41
2023-11-04 21:11:38,660.0,24.8,41.41
2023-11-04 21:21:40,626.0,24.8,41.41
2023-11-04 21:31:42,630.0,24.8,41.41
2023-11-04 21:41:45,667.0,24.8,41.41
2023-11-04 21:51:47,590.0,24.7,41.41
2023-11-04 22:01:34,618.0,24.8,41.41
2023-11-04 22:11:52,657.0,24.8,41.41
2023-11-04 22:21:54,580.0,24.8,41.41
2023-11-04 22:31:57,631.0,24.7,41.41
2023-11-04 22:41:59,570.0,24.8,41.41
2023-11-04 22:52:02,626.0,24.7,41.41
2023-11-04 23:02:04,683.0,24.7,41.41
2023-11-04 23:12:06,655.0,24.7,41.41
2023-11-04 23:22:09,613.0,24.8,41.41
2023-11-04 23:32:11,578.0,24.8,41.41
2023-11-04 23:42:14,567.0,24.7,41.41
2023-11-04 23:52:16,630.0,24.8,41.41
2023-11-05 00:02:19,595.0,24.8,41.41
2023-11-05 00:12:21,598.0,24.8,41.41
2023-11-05 00:22:23,588.0,24.8,41.41
2023-11-05 00:32:25,626.0,24.8,41.02
2023-11-05 00:41:56,626.0,24.8,41.02
2023-11-05 00:52:06,613.0,24.7,41.02
2023-11-05 01:02:23,590.0,24.7,41.02
2023-11-05 01:12:38,578.0,24.7,41.02
2023-11-05 01:22:38,598.0,24.7,41.02
2023-11-05 01:32:41,635.0,24.8,41.02
2023-11-05 01:42:43,567.0,24.7,41.02
2023-11-05 01:52:46,595.0,24.7,41.02
2023-11-05 02:02:48,570.0,24.8,41.02
2023-11-05 02:12:50,608.0,24.8,41.02
2023-11-05 02:22:53,526.0,24.8,41.02
2023-11-05 02:32:39,573.0,24.8,41.02
2023-11-05 02:42:58,624.0,24.8,41.02
2023-11-05 02:53:00,603.0,24.9,41.02
2023-11-05 03:03:01,558.0,24.8,41.02
2023-11-05 03:13:04,636.0,24.8,41.02
2023-11-05 03:23:06,614.0,24.8,41.02
2023-11-05 03:33:08,586.0,24.8,41.02
2023-11-05 03:43:11,641.0,24.8,41.02
2023-11-05 03:53:13,539.0,24.9,41.02
2023-11-05 04:03:16,580.0,24.8,41.02
2023-11-05 04:13:18,601.0,24.9,41.02
2023-11-05 04:23:04,656.0,24.8,41.02
2023-11-05 04:33:23,604.0,24.9,41.02
2023-11-05 04:43:25,615.0,24.8,41.02
2023-11-05 04:53:28,564.0,24.9,41.02
2023-11-05 05:03:29,622.0,24.8,41.02
2023-11-05 05:13:31,590.0,24.8,41.02
2023-11-05 05:23:34,587.0,24.9,41.02
2023-11-05 05:33:36,638.0,24.9,41.02
2023-11-05 05:43:38,529.0,24.8,41.02
2023-11-05 05:53:41,519.0,24.9,41.02
2023-11-05 06:03:43,583.0,24.9,41.02
2023-11-05 06:13:46,529.0,24.8,41.02
2023-11-05 06:23:48,589.0,24.8,41.02
2023-11-05 06:33:50,564.0,24.8,41.02
2023-11-05 06:43:53,526.0,24.8,41.02
2023-11-05 06:53:55,563.0,24.8,41.02
2023-11-05 07:03:56,566.0,24.8,40.62
2023-11-05 07:13:27,566.0,24.8,40.62
2023-11-05 07:23:37,553.0,24.9,40.62
2023-11-05 07:33:53,581.0,24.9,41.02
2023-11-05 07:44:09,581.0,24.9,41.02
2023-11-05 07:54:09,558.0,24.8,41.02
2023-11-05 08:04:12,596.0,24.8,41.02
2023-11-05 08:13:58,545.0,24.8,40.62
2023-11-05 08:24:17,573.0,24.8,41.02
2023-11-05 08:34:19,568.0,24.8,41.02
2023-11-05 08:44:21,573.0,24.9,40.62
2023-11-05 08:54:24,571.0,24.8,41.02
2023-11-05 09:04:10,558.0,24.8,40.62
2023-11-05 09:14:13,593.0,24.8,40.62
2023-11-05 09:24:31,555.0,24.8,40.62
2023-11-05 09:34:33,550.0,24.9,40.62
2023-11-05 09:44:36,579.0,24.9,40.62
2023-11-05 09:54:38,632.0,24.8,40.62
2023-11-05 10:04:41,566.0,24.9,41.02
2023-11-05 10:14:43,583.0,24.9,40.62
2023-11-05 10:24:45,541.0,24.9,40.62
2023-11-05 10:34:48,547.0,24.8,40.62
2023-11-05 10:44:50,594.0,24.8,40.62
2023-11-05 10:54:37,526.0,24.9,40.62
2023-11-05 11:04:38,513.0,25.0,40.62
2023-11-05 11:14:40,575.0,24.9,41.02
2023-11-05 11:24:43,582.0,25.0,41.02
2023-11-05 11:35:01,537.0,24.9,41.02
2023-11-05 11:45:03,537.0,24.8,41.02
2023-11-05 11:55:06,591.0,24.9,41.02
2023-11-05 12:05:08,659.0,24.8,41.02
2023-11-05 12:14:55,645.0,24.8,41.41
2023-11-05 12:25:13,621.0,24.8,41.41
2023-11-05 12:35:15,670.0,24.8,41.41
2023-11-05 12:45:18,660.0,24.7,41.41
2023-11-05 12:55:21,626.0,24.8,41.8
2023-11-05 13:05:21,649.0,24.8,41.8
2023-11-05 13:15:24,649.0,24.8,41.8
2023-11-05 13:25:26,636.0,24.8,41.8
2023-11-05 13:35:29,707.0,24.8,41.8
2023-11-05 13:44:59,707.0,24.8,41.8
2023-11-05 13:55:09,646.0,24.8,41.8
2023-11-05 14:05:25,696.0,24.8,41.8
2023-11-05 14:15:42,592.0,24.8,41.8
2023-11-05 14:25:42,634.0,24.7,41.8
2023-11-05 14:35:44,674.0,24.8,41.8
2023-11-05 14:45:46,610.0,24.7,41.8
2023-11-05 14:55:49,675.0,24.6,41.8
2023-11-05 15:05:50,612.0,24.7,41.8
2023-11-05 15:15:52,658.0,24.7,41.8
2023-11-05 15:25:55,643.0,24.8,41.8
2023-11-05 15:35:41,639.0,24.6,41.8
2023-11-05 15:46:00,658.0,24.7,41.8
2023-11-05 15:56:02,663.0,24.7,41.8
2023-11-05 16:06:04,672.0,24.7,41.8
2023-11-05 16:16:07,694.0,24.7,42.19
2023-11-05 16:26:09,744.0,24.7,42.19
2023-11-05 16:36:12,769.0,24.8,42.19
2023-11-05 16:46:14,744.0,24.7,42.19
2023-11-05 16:56:16,751.0,24.7,42.19
2023-11-05 17:06:19,770.0,24.6,42.19
2023-11-05 17:16:21,793.0,24.6,42.19
2023-11-05 17:26:24,732.0,24.7,42.19
2023-11-05 17:36:26,713.0,24.7,42.19
2023-11-05 17:46:28,808.0,24.7,42.19
2023-11-05 17:56:31,784.0,24.7,42.19
2023-11-05 18:06:33,639.0,24.6,42.19
2023-11-05 18:16:36,665.0,24.7,42.19
2023-11-05 18:26:38,704.0,24.7,42.19
2023-11-05 18:36:40,598.0,24.7,42.19
2023-11-05 18:46:27,599.0,24.7,42.19
2023-11-05 18:56:45,628.0,24.6,41.8
2023-11-05 19:06:48,609.0,24.6,42.19
2023-11-05 19:16:50,618.0,24.7,41.8
2023-11-05 19:26:52,555.0,24.6,42.19
2023-11-05 19:36:55,601.0,24.7,42.19
2023-11-05 19:46:57,614.0,24.7,41.8
2023-11-05 19:57:00,580.0,24.7,42.19
2023-11-05 20:07:02,534.0,24.7,42.19
2023-11-05 20:16:32,534.0,24.7,42.19
2023-11-05 20:26:43,598.0,24.7,41.8
2023-11-05 20:36:59,581.0,24.7,41.8
2023-11-05 20:47:15,616.0,24.7,41.8
2023-11-05 20:57:15,596.0,24.7,41.8
2023-11-05 21:07:17,581.0,24.7,41.8
2023-11-05 21:17:20,581.0,24.7,41.8
2023-11-05 21:27:06,573.0,24.7,41.8
2023-11-05 21:37:24,534.0,24.6,41.8
2023-11-05 21:47:27,611.0,24.7,41.8
2023-11-05 21:57:30,580.0,24.7,41.8
2023-11-05 22:07:32,560.0,24.7,42.19
2023-11-05 22:17:18,570.0,24.6,42.19
2023-11-05 22:27:36,605.0,24.7,41.8
2023-11-05 22:37:39,571.0,24.7,42.19
2023-11-05 22:47:42,599.0,24.6,42.19
2023-11-05 22:57:44,524.0,24.7,41.8
2023-11-05 23:07:46,536.0,24.7,41.8
2023-11-05 23:17:48,538.0,24.7,41.8
2023-11-05 23:27:51,525.0,24.7,41.8
2023-11-05 23:37:53,578.0,24.8,41.8
2023-11-05 23:47:56,547.0,24.7,41.8
2023-11-05 23:57:58,572.0,24.8,41.8
2023-11-06 00:08:00,582.0,24.8,41.8
2023-11-06 00:18:03,542.0,24.8,41.8
2023-11-06 00:28:05,575.0,24.8,41.8
2023-11-06 00:38:08,582.0,24.8,41.8
2023-11-06 00:48:10,573.0,24.8,41.8
2023-11-06 00:58:12,602.0,24.8,41.8
2023-11-06 01:08:14,563.0,24.7,41.8
2023-11-06 01:18:16,529.0,24.7,41.8
2023-11-06 01:28:18,557.0,24.8,41.8
2023-11-06 01:38:21,543.0,24.8,41.8
2023-11-06 01:48:23,572.0,24.8,41.8
2023-11-06 01:58:26,546.0,24.7,41.8
2023-11-06 02:08:28,546.0,24.8,41.8
2023-11-06 02:18:30,533.0,24.8,41.8
2023-11-06 02:28:33,522.0,24.8,41.8
2023-11-06 02:38:35,580.0,24.8,41.8
2023-11-06 02:48:06,580.0,24.8,41.8
2023-11-06 02:58:16,538.0,24.8,41.8
2023-11-06 03:08:32,602.0,24.9,41.8
2023-11-06 03:18:48,600.0,24.8,41.8
2023-11-06 03:28:48,590.0,24.8,41.8
2023-11-06 03:38:51,504.0,24.8,41.8
2023-11-06 03:48:53,546.0,24.8,41.8
2023-11-06 03:58:55,598.0,24.8,41.8
2023-11-06 04:08:58,590.0,24.9,41.8
2023-11-06 04:19:00,582.0,24.8,41.8
2023-11-06 04:29:03,520.0,24.9,41.8
2023-11-06 04:39:05,585.0,24.8,41.8
2023-11-06 04:48:51,585.0,24.8,41.8
2023-11-06 04:59:10,572.0,24.8,41.8
2023-11-06 05:09:11,561.0,24.8,41.8
2023-11-06 05:19:13,564.0,24.8,41.8
2023-11-06 05:29:16,590.0,24.7,41.8
2023-11-06 05:39:18,557.0,24.8,41.8
2023-11-06 05:49:21,582.0,24.9,41.8
2023-11-06 05:59:23,554.0,24.8,41.8
2023-11-06 06:09:25,628.0,24.8,41.8
2023-11-06 06:19:28,595.0,24.8,41.8
2023-11-06 06:29:30,578.0,24.8,41.8
2023-11-06 06:39:33,542.0,24.8,41.8
2023-11-06 06:49:35,618.0,24.7,41.8
2023-11-06 06:59:37,526.0,24.8,42.19
2023-11-06 07:09:39,582.0,24.8,42.19
2023-11-06 07:19:41,544.0,24.8,42.19
2023-11-06 07:29:43,570.0,24.7,42.19
2023-11-06 07:39:46,607.0,24.7,42.19
2023-11-06 07:49:48,648.0,24.8,42.58
2023-11-06 07:59:51,656.0,24.8,42.58
2023-11-06 08:09:53,722.0,24.7,43.36
2023-11-06 08:19:55,710.0,24.7,43.75
2023-11-06 08:29:58,823.0,24.8,44.14
2023-11-06 08:40:00,819.0,24.7,44.53
2023-11-06 08:50:03,803.0,24.6,44.92
2023-11-06 09:00:05,838.0,24.6,44.92
2023-11-06 09:10:07,910.0,24.6,44.92
2023-11-06 09:19:38,910.0,24.6,44.92
2023-11-06 09:29:50,1012.0,24.6,45.7
2023-11-06 09:40:06,1076.0,24.5,45.7
2023-11-06 09:50:06,1064.0,24.5,45.7
2023-11-06 10:00:10,1220.0,24.5,45.7
2023-11-06 10:10:14,1216.0,24.5,45.7
2023-11-06 10:20:18,1257.0,24.5,45.7
2023-11-06 10:30:23,1397.0,24.4,46.09
2023-11-06 10:40:27,1423.0,24.4,46.09
2023-11-06 10:50:31,1492.0,24.4,46.09
2023-11-06 11:00:35,1481.0,24.4,46.09
2023-11-06 11:10:39,1329.0,24.4,45.7
2023-11-06 11:20:43,1394.0,24.3,45.7
2023-11-06 11:30:47,1419.0,24.3,45.7
2023-11-06 11:40:51,1466.0,24.3,46.09
2023-11-06 11:50:56,1500.0,24.3,46.09
2023-11-06 12:01:00,1484.0,24.3,46.09
2023-11-06 12:11:04,1487.0,24.3,46.48
2023-11-06 12:21:28,1555.0,24.3,46.48
2023-11-06 12:31:30,1471.0,24.2,46.48
2023-11-06 12:41:33,1642.0,24.2,46.48
2023-11-06 12:51:39,1621.0,24.2,46.88
2023-11-06 13:01:46,1592.0,24.2,46.88
2023-11-06 13:11:51,1575.0,24.2,46.88
2023-11-06 13:21:57,1644.0,24.2,46.88
2023-11-06 13:32:04,1568.0,24.1,46.48
2023-11-06 13:42:10,1614.0,24.1,46.48
2023-11-06 13:52:17,1633.0,24.2,46.88
2023-11-06 14:02:23,1772.0,24.1,46.88
2023-11-06 14:12:29,1706.0,24.0,46.88
2023-11-06 14:22:36,1870.0,24.0,46.88
2023-11-06 14:32:42,1867.0,24.0,46.88
2023-11-06 14:42:49,1810.0,24.0,46.88
2023-11-06 14:52:55,1860.0,24.1,47.27
2023-11-06 15:03:01,1874.0,24.0,47.27
2023-11-06 15:13:08,1906.0,24.0,47.27
2023-11-06 15:23:14,1918.0,24.0,47.66
2023-11-06 15:33:21,1968.0,24.0,47.66
2023-11-06 15:43:27,1889.0,24.0,47.27
2023-11-06 15:53:01,1889.0,24.0,47.27
2023-11-06 16:03:16,1797.0,24.1,47.27
2023-11-06 16:13:36,1986.0,24.1,47.27
2023-11-06 16:23:56,1831.0,24.1,47.27
2023-11-06 16:33:44,1866.0,24.1,46.88
2023-11-06 16:44:07,1784.0,24.2,46.88
2023-11-06 16:54:13,1673.0,24.2,46.48
2023-11-06 17:04:19,1686.0,24.2,46.48
2023-11-06 17:14:26,1599.0,24.2,46.09
2023-11-06 17:24:32,1594.0,24.3,46.09
2023-11-06 17:34:23,1519.0,24.4,45.7
2023-11-06 17:44:45,1476.0,24.4,45.7
2023-11-06 17:54:36,1443.0,24.4,45.7
2023-11-06 18:04:54,1410.0,24.4,45.31
2023-11-06 18:14:56,1431.0,24.4,45.31
2023-11-06 18:25:03,1411.0,24.5,45.31
2023-11-06 18:35:09,1388.0,24.5,45.31
2023-11-06 18:45:16,1333.0,24.5,44.92
2023-11-06 18:55:06,1200.0,24.6,44.92
2023-11-06 19:05:28,1206.0,24.6,44.53
2023-11-06 19:15:35,1113.0,24.6,44.53
2023-11-06 19:25:41,1173.0,24.6,44.14
2023-11-06 19:35:48,1128.0,24.5,44.14
2023-11-06 19:45:54,1096.0,24.7,44.14
2023-11-06 19:55:44,1085.0,24.6,43.75
2023-11-06 20:06:07,1129.0,24.7,43.75
2023-11-06 20:16:13,987.0,24.7,43.75
2023-11-06 20:26:20,957.0,24.7,43.75
2023-11-06 20:36:26,977.0,24.6,43.36
2023-11-06 20:46:33,989.0,24.6,43.75
2023-11-06 20:56:39,968.0,24.6,43.36
2023-11-06 21:06:45,946.0,24.7,43.36
2023-11-06 21:16:51,909.0,24.6,43.36
2023-11-06 21:26:57,930.0,24.8,43.36
2023-11-06 21:36:47,988.0,24.6,43.36
2023-11-06 21:47:10,937.0,24.7,42.97
2023-11-06 21:57:16,883.0,24.7,42.97
2023-11-06 22:07:23,926.0,24.7,42.97
2023-11-06 22:17:29,873.0,24.7,42.97
2023-11-06 22:27:04,873.0,24.7,42.97
2023-11-06 22:37:18,857.0,24.7,42.97
2023-11-06 22:47:38,878.0,24.7,42.97
2023-11-06 22:57:58,856.0,24.7,42.97
2023-11-06 23:08:02,887.0,24.7,42.97
2023-11-06 23:18:05,787.0,24.7,42.97
2023-11-06 23:27:51,828.0,24.7,42.97
2023-11-06 23:38:10,865.0,24.8,42.58
2023-11-06 23:48:12,778.0,24.8,42.58
2023-11-06 23:58:14,828.0,24.8,42.97
2023-11-07 00:08:17,799.0,24.8,42.58
2023-11-07 00:18:19,766.0,24.8,42.97
2023-11-07 00:28:22,778.0,24.8,42.58
2023-11-07 00:38:24,798.0,24.8,42.58
2023-11-07 00:48:26,808.0,24.8,42.58
2023-11-07 00:58:29,764.0,24.8,42.58
2023-11-07 01:08:31,778.0,24.8,42.58
2023-11-07 01:18:32,775.0,24.7,42.58
2023-11-07 01:28:35,777.0,24.8,42.58
2023-11-07 01:38:37,668.0,24.7,42.58
2023-11-07 01:48:40,726.0,24.8,42.58
2023-11-07 01:58:42,736.0,24.7,42.58
2023-11-07 02:08:45,773.0,24.8,42.58
2023-11-07 02:18:47,804.0,24.8,42.58
2023-11-07 02:28:49,754.0,24.8,42.58
2023-11-07 02:38:52,749.0,24.8,42.58
2023-11-07 02:48:54,745.0,24.7,42.58
2023-11-07 02:58:56,754.0,24.8,42.58
2023-11-07 03:08:59,757.0,24.8,42.58
2023-11-07 03:19:00,770.0,24.8,42.58
2023-11-07 03:29:02,725.0,24.9,42.58
2023-11-07 03:38:49,741.0,24.8,42.58
2023-11-07 03:49:07,748.0,24.9,42.58
2023-11-07 03:59:10,720.0,24.9,42.58
2023-11-07 04:09:12,731.0,24.8,42.19
2023-11-07 04:19:14,761.0,24.8,42.58
2023-11-07 04:29:17,710.0,24.9,42.97
2023-11-07 04:39:19,745.0,24.9,42.58
2023-11-07 04:49:22,691.0,24.9,42.58
2023-11-07 04:58:52,691.0,24.9,42.58
2023-11-07 05:09:02,670.0,24.9,42.58
2023-11-07 05:19:18,696.0,24.9,42.58
2023-11-07 05:29:18,679.0,24.9,42.58
2023-11-07 05:39:37,707.0,24.9,42.58
2023-11-07 05:49:23,688.0,25.0,42.58
2023-11-07 05:59:42,696.0,24.9,42.58
2023-11-07 06:09:44,650.0,24.9,42.19
2023-11-07 06:19:46,701.0,24.9,42.19
2023-11-07 06:29:49,728.0,25.0,42.19
2023-11-07 06:39:35,689.0,24.9,42.19
2023-11-07 06:49:38,654.0,25.0,42.19
2023-11-07 06:59:56,698.0,24.9,42.19
2023-11-07 07:09:58,662.0,24.9,42.19
2023-11-07 07:20:00,686.0,24.9,42.19
2023-11-07 07:30:02,710.0,24.9,42.19
2023-11-07 07:40:04,771.0,24.8,42.19
2023-11-07 07:50:07,688.0,24.9,42.58
2023-11-07 08:00:09,757.0,24.9,42.58
2023-11-07 08:09:56,830.0,24.9,43.36
2023-11-07 08:20:18,1091.0,24.9,43.75
2023-11-07 08:30:20,1022.0,24.7,43.75
2023-11-07 08:40:23,1098.0,24.7,44.14
2023-11-07 08:50:13,1076.0,24.7,44.14
2023-11-07 09:00:36,1100.0,24.8,44.53
2023-11-07 09:10:42,1141.0,24.8,44.92
2023-11-07 09:20:49,1123.0,24.7,44.92
2023-11-07 09:30:55,1098.0,24.8,44.53
2023-11-07 09:41:01,1182.0,24.7,44.92
2023-11-07 09:51:08,1217.0,24.7,44.92
2023-11-07 10:00:58,1207.0,24.8,44.92
2023-11-07 10:11:21,1324.0,24.7,44.92
2023-11-07 10:21:27,1221.0,24.8,45.31
2023-11-07 10:31:37,1559.0,24.8,45.7
2023-11-07 10:41:40,1653.0,24.7,46.09
2023-11-07 10:51:42,1560.0,24.8,46.09
2023-11-07 11:01:53,1434.0,24.7,45.7
2023-11-07 11:11:55,1535.0,24.8,46.09
2023-11-07 11:21:58,1477.0,24.8,45.7
2023-11-07 11:31:32,1477.0,24.8,45.7
2023-11-07 11:41:46,1490.0,24.7,45.7
2023-11-07 11:52:06,1438.0,24.7,45.7
2023-11-07 12:02:27,1377.0,24.7,45.31
2023-11-07 12:12:31,1452.0,24.6,45.31
2023-11-07 12:22:37,1472.0,24.6,45.7
2023-11-07 12:32:43,1567.0,24.6,45.7
2023-11-07 12:42:46,1506.0,24.5,45.7
2023-11-07 12:52:48,1584.0,24.5,45.7
2023-11-07 13:02:55,1581.0,24.5,46.09
2023-11-07 13:13:01,1673.0,24.5,46.09
2023-11-07 13:23:06,1700.0,24.6,46.48
2023-11-07 13:33:13,1743.0,24.6,46.88
2023-11-07 13:43:19,1806.0,24.5,46.48
2023-11-07 13:53:26,1727.0,24.5,46.48
2023-11-07 14:03:32,1715.0,24.6,46.48
2023-11-07 14:13:38,1731.0,24.6,46.48
2023-11-07 14:23:45,1710.0,24.5,46.09
2023-11-07 14:33:51,1611.0,24.6,46.09
2023-11-07 14:43:58,1487.0,24.5,45.7
2023-11-07 14:54:04,1493.0,24.5,45.7
2023-11-07 15:04:15,1437.0,24.5,45.31
2023-11-07 15:14:17,1364.0,24.5,45.31
2023-11-07 15:24:18,1532.0,24.6,45.31
2023-11-07 15:34:25,1234.0,24.5,44.92
2023-11-07 15:44:31,1375.0,24.5,44.92
2023-11-07 15:54:37,1434.0,24.6,44.92
2023-11-07 16:04:44,1241.0,24.6,44.14
2023-11-07 16:14:51,1282.0,24.6,44.14
2023-11-07 16:24:57,1512.0,24.6,44.92
2023-11-07 16:34:47,1547.0,24.7,45.31
2023-11-07 16:45:13,1846.0,24.6,45.7
2023-11-07 16:55:16,1739.0,24.7,45.7
2023-11-07 17:05:18,1787.0,24.7,45.7
2023-11-07 17:15:25,1761.0,24.7,45.7
2023-11-07 17:25:30,1747.0,24.7,45.7
2023-11-07 17:35:20,1703.0,24.8,45.7
2023-11-07 17:45:43,1678.0,24.8,45.31
2023-11-07 17:55:49,1576.0,24.8,45.31
2023-11-07 18:05:24,1576.0,24.8,45.31
2023-11-07 18:15:38,1476.0,24.8,44.92
2023-11-07 18:25:58,1502.0,24.9,44.92
2023-11-07 18:36:02,1452.0,24.8,44.53
2023-11-07 18:46:25,1323.0,24.9,44.53
2023-11-07 18:56:27,1343.0,24.9,44.53
2023-11-07 19:06:29,1339.0,24.9,44.14
2023-11-07 19:16:36,1231.0,24.8,44.14
2023-11-07 19:26:41,1268.0,24.8,44.14
2023-11-07 19:36:47,1145.0,24.8,43.75
2023-11-07 19:46:54,1084.0,24.9,43.75
2023-11-07 19:56:44,1096.0,24.8,43.75
2023-11-07 20:07:07,1096.0,24.8,43.75
2023-11-07 20:17:13,1098.0,24.9,43.75
2023-11-07 20:27:20,1059.0,24.9,43.75
2023-11-07 20:37:26,1086.0,24.8,43.36
2023-11-07 20:47:32,1010.0,24.9,43.36
2023-11-07 20:57:39,1012.0,24.9,43.36
2023-11-07 21:07:29,942.0,24.9,43.36
2023-11-07 21:17:52,944.0,24.9,43.36
2023-11-07 21:27:58,903.0,24.9,43.36
2023-11-07 21:38:04,921.0,24.9,42.97
2023-11-07 21:48:11,931.0,24.9,42.97
2023-11-07 21:58:17,927.0,25.0,42.97
2023-11-07 22:08:24,876.0,24.9,42.97
2023-11-07 22:18:30,860.0,25.0,42.97
2023-11-07 22:28:37,872.0,24.9,42.97
2023-11-07 22:38:43,864.0,25.0,42.97
2023-11-07 22:48:49,875.0,25.0,42.58
2023-11-07 22:58:56,850.0,24.9,42.97
2023-11-07 23:09:02,802.0,25.0,42.58
2023-11-07 23:19:05,864.0,25.0,42.58
2023-11-07 23:29:07,779.0,24.9,42.58
2023-11-07 23:39:10,797.0,25.0,42.58
2023-11-07 23:49:12,825.0,25.0,42.58
2023-11-07 23:59:14,809.0,25.0,42.58
2023-11-08 00:09:17,838.0,24.9,42.58
2023-11-08 00:19:19,809.0,24.9,42.58
2023-11-08 00:29:22,753.0,24.9,42.58
2023-11-08 00:38:52,753.0,24.9,42.58
2023-11-08 00:49:02,741.0,25.0,42.58
2023-11-08 00:59:18,780.0,24.9,42.19
2023-11-08 01:09:34,759.0,25.0,42.19
2023-11-08 01:19:35,778.0,25.0,42.19
2023-11-08 01:29:20,817.0,25.0,42.19
2023-11-08 01:39:22,789.0,25.0,42.19
2023-11-08 01:49:41,736.0,25.1,42.19
2023-11-08 01:59:43,802.0,24.9,42.19
2023-11-08 02:09:45,722.0,25.0,42.19
2023-11-08 02:19:48,762.0,25.0,42.19
2023-11-08 02:29:50,782.0,24.9,42.19
2023-11-08 02:39:53,713.0,25.0,42.19
2023-11-08 02:49:39,711.0,25.0,42.19
2023-11-08 02:59:57,750.0,24.9,42.19
2023-11-08 03:10:00,762.0,24.9,42.19
2023-11-08 03:20:02,738.0,24.9,42.19
2023-11-08 03:30:03,736.0,25.0,42.19
2023-11-08 03:40:06,746.0,25.0,42.19
2023-11-08 03:50:08,750.0,25.1,42.19
2023-11-08 04:00:11,736.0,25.0,42.19
2023-11-08 04:10:13,736.0,25.0,42.19
2023-11-08 04:20:15,687.0,25.0,42.19
2023-11-08 04:30:18,741.0,25.0,42.19
2023-11-08 04:40:20,753.0,25.0,42.19
2023-11-08 04:50:23,720.0,25.0,42.19
2023-11-08 05:00:25,701.0,25.1,42.19
2023-11-08 05:10:27,704.0,25.0,42.19
2023-11-08 05:20:30,663.0,25.0,42.19
2023-11-08 05:30:32,720.0,25.0,42.19
2023-11-08 05:40:35,746.0,25.0,42.19
2023-11-08 05:50:37,689.0,25.1,42.19
2023-11-08 06:00:39,689.0,25.0,42.19
2023-11-08 06:10:42,711.0,25.1,42.19
2023-11-08 06:20:44,668.0,25.1,41.8
2023-11-08 06:30:47,713.0,25.0,42.19
2023-11-08 06:40:49,717.0,25.0,42.19
2023-11-08 06:50:51,690.0,25.0,42.19
2023-11-08 07:00:54,729.0,25.0,42.19
2023-11-08 07:10:24,729.0,25.0,42.19
2023-11-08 07:20:34,704.0,25.0,42.19
2023-11-08 07:30:51,708.0,24.9,42.19
2023-11-08 07:41:07,643.0,24.9,42.19
2023-11-08 07:51:07,816.0,24.9,42.19
2023-11-08 08:01:09,815.0,25.0,42.58
2023-11-08 08:11:12,818.0,25.0,42.97
2023-11-08 08:21:18,954.0,24.9,44.14
2023-11-08 08:31:20,1005.0,24.9,43.75
2023-11-08 08:41:23,1009.0,25.0,43.36
2023-11-08 08:51:13,956.0,25.0,43.36
2023-11-08 09:01:36,1024.0,24.9,43.36
2023-11-08 09:11:42,1047.0,25.0,43.36
2023-11-08 09:21:49,1051.0,25.0,43.75
2023-11-08 09:31:54,1219.0,25.0,44.14
2023-11-08 09:42:00,1271.0,24.9,44.53
2023-11-08 09:52:07,1315.0,24.9,44.92
2023-11-08 10:02:13,1359.0,24.8,44.92
2023-11-08 10:12:19,1322.0,24.9,44.92
2023-11-08 10:22:26,1313.0,24.7,44.92
2023-11-08 10:32:32,1366.0,24.7,45.31
2023-11-08 10:42:39,1413.0,24.7,45.31
2023-11-08 10:52:45,1380.0,24.7,45.31
2023-11-08 11:02:51,1404.0,24.7,45.31
2023-11-08 11:12:58,1356.0,24.7,44.92
2023-11-08 11:23:04,1274.0,24.6,44.92
2023-11-08 11:33:10,1260.0,24.6,44.92
2023-11-08 11:43:16,1230.0,24.6,44.53
2023-11-08 11:53:22,1264.0,24.7,44.53
2023-11-08 12:03:29,1333.0,24.6,44.92
2023-11-08 12:13:35,1287.0,24.6,45.31
2023-11-08 12:23:42,1397.0,24.6,45.31
2023-11-08 12:33:48,1378.0,24.5,45.31
2023-11-08 12:43:54,1320.0,24.6,44.92
2023-11-08 12:54:01,1330.0,24.5,44.92
2023-11-08 13:04:07,1353.0,24.6,44.92
2023-11-08 13:14:14,1383.0,24.5,44.92
2023-11-08 13:24:20,1375.0,24.5,44.92
2023-11-08 13:34:25,1275.0,24.6,44.53
2023-11-08 13:44:00,1275.0,24.6,44.53
2023-11-08 13:54:14,1282.0,24.5,44.53
2023-11-08 14:04:34,1303.0,24.5,44.14
2023-11-08 14:14:54,1317.0,24.5,44.14
2023-11-08 14:24:58,1302.0,24.5,44.14
2023-11-08 14:35:05,1228.0,24.5,43.75
2023-11-08 14:45:11,1184.0,24.5,43.75
2023-11-08 14:55:02,1094.0,24.5,43.75
2023-11-08 15:05:20,1152.0,24.5,43.36
2023-11-08 15:15:22,1181.0,24.5,43.36
2023-11-08 15:25:29,1237.0,24.4,43.75
2023-11-08 15:35:18,1260.0,24.4,44.14
2023-11-08 15:45:41,1346.0,24.4,44.14
2023-11-08 15:55:47,1210.0,24.4,44.14
2023-11-08 16:05:53,1250.0,24.4,44.14
2023-11-08 16:16:00,1198.0,24.4,44.14
2023-11-08 16:26:06,1183.0,24.5,44.14
2023-11-08 16:36:13,1147.0,24.5,44.14
2023-11-08 16:46:19,1174.0,24.5,43.75
2023-11-08 16:56:25,1161.0,24.6,43.75
2023-11-08 17:06:32,1133.0,24.7,43.75
2023-11-08 17:16:38,1088.0,24.7,43.36
2023-11-08 17:26:45,1063.0,24.7,43.36
2023-11-08 17:36:51,1020.0,24.8,42.97
2023-11-08 17:46:58,991.0,24.8,42.97
2023-11-08 17:57:04,969.0,24.9,42.97
2023-11-08 18:07:10,900.0,24.9,42.97
2023-11-08 18:17:17,903.0,24.9,42.58
2023-11-08 18:27:23,832.0,24.9,42.58
2023-11-08 18:37:26,837.0,25.0,42.58
2023-11-08 18:47:12,820.0,24.9,42.58
2023-11-08 18:57:31,829.0,24.9,42.19
2023-11-08 19:07:33,815.0,24.9,42.19
2023-11-08 19:17:35,815.0,25.0,42.19
2023-11-08 19:27:38,792.0,24.9,42.19
2023-11-08 19:37:40,809.0,25.0,42.19
2023-11-08 19:47:43,816.0,24.9,42.19
2023-11-08 19:57:45,807.0,25.1,42.19
2023-11-08 20:07:47,803.0,25.0,41.8
2023-11-08 20:17:18,803.0,25.0,41.8
2023-11-08 20:27:28,820.0,25.0,41.8
2023-11-08 20:37:44,740.0,25.0,41.8
2023-11-08 20:48:01,747.0,25.1,41.8
2023-11-08 20:58:00,726.0,25.1,41.8
2023-11-08 21:08:03,750.0,25.2,41.8
2023-11-08 21:18:05,738.0,25.1,41.8
2023-11-08 21:28:08,743.0,25.2,41.8
2023-11-08 21:38:10,677.0,25.1,41.41
2023-11-08 21:48:12,762.0,25.2,41.8
2023-11-08 21:58:15,716.0,25.2,41.41
2023-11-08 22:08:01,713.0,25.2,41.41
2023-11-08 22:18:20,685.0,25.2,41.41
2023-11-08 22:28:22,716.0,25.2,41.41
2023-11-08 22:38:24,753.0,25.2,41.41
2023-11-08 22:48:27,676.0,25.2,41.41
2023-11-08 22:58:29,657.0,25.2,41.41
2023-11-08 23:08:32,672.0,25.2,41.41
2023-11-08 23:18:34,683.0,25.3,41.41
2023-11-08 23:28:36,727.0,25.2,41.41
2023-11-08 23:38:38,732.0,25.2,41.41
2023-11-08 23:48:40,648.0,25.2,41.41
2023-11-08 23:58:42,697.0,25.2,41.41
2023-11-09 00:08:29,697.0,25.2,41.41
2023-11-09 00:18:47,651.0,25.2,41.41
2023-11-09 00:28:50,713.0,25.2,41.41
2023-11-09 00:38:52,713.0,25.2,41.41
2023-11-09 00:48:54,646.0,25.1,41.41
2023-11-09 00:58:57,594.0,25.1,41.41
2023-11-09 01:08:59,701.0,25.2,41.41
2023-11-09 01:19:02,645.0,25.2,41.41
2023-11-09 01:29:04,715.0,25.1,41.41
2023-11-09 01:39:06,632.0,25.2,41.41
2023-11-09 01:49:09,703.0,25.1,41.41
2023-11-09 01:59:11,647.0,25.1,41.41
2023-11-09 02:09:14,632.0,25.1,41.41
2023-11-09 02:19:16,581.0,25.1,41.41
2023-11-09 02:29:18,661.0,25.1,41.41
2023-11-09 02:39:21,654.0,25.1,41.41
2023-11-09 02:48:51,654.0,25.1,41.41
2023-11-09 02:59:01,680.0,25.1,41.41
2023-11-09 03:09:18,701.0,25.2,41.41
2023-11-09 03:19:34,650.0,25.1,41.41
2023-11-09 03:29:34,664.0,25.1,41.41
2023-11-09 03:39:36,671.0,25.1,41.41
2023-11-09 03:49:23,637.0,25.2,41.41
2023-11-09 03:59:41,691.0,25.1,41.41
2023-11-09 04:09:43,671.0,25.1,41.41
2023-11-09 04:19:46,699.0,25.1,41.41
2023-11-09 04:29:48,645.0,25.1,41.8
2023-11-09 04:39:34,650.0,25.1,41.8
2023-11-09 04:49:37,657.0,25.2,41.8
2023-11-09 04:59:55,650.0,25.1,41.8
2023-11-09 05:09:58,625.0,25.1,41.8
2023-11-09 05:20:00,647.0,25.1,41.8
2023-11-09 05:30:02,635.0,25.1,41.8
2023-11-09 05:40:05,660.0,25.1,41.8
2023-11-09 05:50:07,646.0,25.1,41.8
2023-11-09 06:00:10,607.0,25.1,41.8
2023-11-09 06:10:12,614.0,25.1,41.41
2023-11-09 06:20:14,632.0,25.1,41.41
2023-11-09 06:30:17,607.0,25.0,41.41
2023-11-09 06:40:19,642.0,25.0,41.41
2023-11-09 06:50:06,644.0,25.0,41.8
2023-11-09 07:00:24,617.0,25.0,41.8
2023-11-09 07:10:26,622.0,25.1,41.8
2023-11-09 07:20:29,593.0,25.0,41.8
2023-11-09 07:30:31,588.0,25.0,41.8
2023-11-09 07:40:18,661.0,24.9,41.8
2023-11-09 07:50:20,697.0,25.0,42.19
2023-11-09 08:00:38,766.0,25.0,42.97
2023-11-09 08:10:41,786.0,25.0,43.36
2023-11-09 08:20:43,799.0,24.9,43.36
2023-11-09 08:30:46,871.0,25.0,44.14
2023-11-09 08:40:52,983.0,24.9,44.53
2023-11-09 08:50:54,1006.0,24.9,44.53
2023-11-09 09:00:57,966.0,24.9,44.53
2023-11-09 09:11:03,1070.0,24.9,44.53
2023-11-09 09:20:38,1070.0,24.9,44.53
2023-11-09 09:30:52,981.0,25.0,44.53
2023-11-09 09:41:12,995.0,24.9,44.14
2023-11-09 09:51:32,1158.0,24.8,44.92
2023-11-09 10:01:36,1196.0,24.8,44.92
2023-11-09 10:11:43,1168.0,24.9,44.92
2023-11-09 10:21:49,1251.0,24.8,45.31
2023-11-09 10:31:56,1282.0,24.8,45.31
2023-11-09 10:42:01,1314.0,24.8,45.31
2023-11-09 10:52:07,1337.0,24.9,45.31
2023-11-09 11:02:14,1388.0,24.8,45.31
2023-11-09 11:12:20,1490.0,24.8,45.7
2023-11-09 11:22:27,1492.0,24.9,45.7
2023-11-09 11:32:33,1407.0,24.8,45.7
2023-11-09 11:42:39,1498.0,24.8,45.7
2023-11-09 11:52:46,1417.0,24.8,45.7
2023-11-09 12:02:52,1392.0,24.9,45.7
2023-11-09 12:12:59,1420.0,24.8,45.31
2023-11-09 12:23:05,1527.0,24.9,45.7
2023-11-09 12:33:11,1454.0,24.8,45.7
2023-11-09 12:43:18,1372.0,24.8,45.7
2023-11-09 12:53:24,1335.0,24.9,45.31
2023-11-09 13:03:31,1450.0,24.8,45.31
2023-11-09 13:13:37,1366.0,24.9,45.31
2023-11-09 13:23:44,1354.0,24.9,45.31
2023-11-09 13:33:50,1510.0,24.8,45.7
2023-11-09 13:43:55,1486.0,24.9,45.7
2023-11-09 13:54:02,1503.0,24.9,45.7
2023-11-09 14:04:08,1478.0,24.8,45.7
2023-11-09 14:14:14,1538.0,24.8,45.7
2023-11-09 14:24:21,1425.0,24.9,45.7
2023-11-09 14:34:27,1312.0,24.9,45.31
2023-11-09 14:44:34,1310.0,24.8,44.92
2023-11-09 14:54:40,1080.0,24.8,44.92
2023-11-09 15:04:47,1152.0,24.8,44.53
2023-11-09 15:14:53,1280.0,24.8,44.92
2023-11-09 15:24:55,1333.0,24.8,44.92
2023-11-09 15:34:58,1304.0,24.8,44.92
2023-11-09 15:45:04,1217.0,24.8,44.92
2023-11-09 15:54:39,1217.0,24.8,44.92
2023-11-09 16:04:53,1362.0,24.9,44.92
2023-11-09 16:15:13,1196.0,24.8,44.92
2023-11-09 16:25:33,1296.0,24.8,44.53
2023-11-09 16:35:37,1205.0,24.8,44.53
2023-11-09 16:45:44,1221.0,24.8,44.53
2023-11-09 16:55:50,1109.0,24.8,44.53
2023-11-09 17:05:57,1162.0,24.8,44.53
2023-11-09 17:16:03,1059.0,24.8,44.53
2023-11-09 17:26:09,1036.0,24.8,44.53
2023-11-09 17:36:16,1030.0,24.8,44.53
2023-11-09 17:46:21,1117.0,24.8,44.53
2023-11-09 17:56:27,1117.0,24.8,44.14
2023-11-09 18:06:34,1075.0,24.8,44.14
2023-11-09 18:16:40,1089.0,24.8,44.14
2023-11-09 18:26:47,1074.0,24.8,44.14
2023-11-09 18:36:53,1029.0,24.8,44.14
2023-11-09 18:46:59,992.0,24.8,44.14
2023-11-09 18:57:06,958.0,24.8,44.14
2023-11-09 19:07:12,947.0,24.7,44.14
2023-11-09 19:17:19,928.0,24.7,44.14
2023-11-09 19:27:25,915.0,24.7,44.14
2023-11-09 19:37:32,869.0,24.7,44.14
2023-11-09 19:47:37,904.0,24.7,43.75
2023-11-09 19:57:43,870.0,24.8,43.75
2023-11-09 20:07:50,856.0,24.8,43.75
2023-11-09 20:17:56,858.0,24.9,43.75
2023-11-09 20:28:03,858.0,24.9,43.36
2023-11-09 20:38:09,859.0,24.9,43.36
2023-11-09 20:48:12,797.0,24.9,43.36
2023-11-09 20:58:14,831.0,25.0,43.36
2023-11-09 21:08:16,796.0,25.0,43.36
2023-11-09 21:18:19,796.0,25.0,43.36
2023-11-09 21:28:21,803.0,25.1,42.97
2023-11-09 21:38:23,788.0,25.0,42.97
2023-11-09 21:48:25,774.0,25.1,42.97
2023-11-09 21:58:27,770.0,25.1,42.97
2023-11-09 22:08:30,793.0,25.1,42.97
2023-11-09 22:18:32,747.0,25.0,42.97
2023-11-09 22:28:02,747.0,25.0,42.97
2023-11-09 22:38:13,818.0,25.1,42.97
2023-11-09 22:48:29,761.0,25.1,42.58
2023-11-09 22:58:45,761.0,25.1,42.58
2023-11-09 23:08:45,741.0,25.2,42.58
2023-11-09 23:18:47,755.0,25.1,42.58
2023-11-09 23:28:34,722.0,25.1,42.58
2023-11-09 23:38:52,731.0,25.1,42.58
2023-11-09 23:48:54,724.0,25.2,42.58
2023-11-09 23:58:57,680.0,25.2,42.58
2023-11-10 00:08:43,712.0,25.2,42.19
2023-11-10 00:19:02,735.0,25.1,42.19
2023-11-10 00:28:48,667.0,25.2,42.19
2023-11-10 00:39:06,653.0,25.2,42.19
2023-11-10 00:49:09,726.0,25.1,42.19
2023-11-10 00:59:12,648.0,25.2,42.19
2023-11-10 01:09:14,686.0,25.2,42.19
2023-11-10 01:19:16,702.0,25.1,42.19
2023-11-10 01:29:02,690.0,25.1,42.19
2023-11-10 01:39:21,702.0,25.2,42.19
2023-11-10 01:49:22,678.0,25.1,41.8
2023-11-10 01:59:24,762.0,25.1,41.8
2023-11-10 02:09:27,683.0,25.1,41.8
2023-11-10 02:19:29,693.0,25.1,41.8
2023-11-10 02:29:32,646.0,25.2,41.8
2023-11-10 02:39:34,693.0,25.2,41.8
2023-11-10 02:49:36,695.0,25.3,41.8
2023-11-10 02:59:39,676.0,25.2,41.8
2023-11-10 03:09:42,692.0,25.2,41.8
2023-11-10 03:19:44,686.0,25.1,41.8
2023-11-10 03:29:46,681.0,25.1,41.8
2023-11-10 03:39:48,646.0,25.2,41.8
2023-11-10 03:49:51,686.0,25.2,41.8
2023-11-10 03:59:53,626.0,25.2,41.8
2023-11-10 04:09:56,638.0,25.1,41.8
2023-11-10 04:19:58,655.0,25.2,42.19
2023-11-10 04:30:00,646.0,25.3,42.19
2023-11-10 04:40:03,599.0,25.2,42.19
2023-11-10 04:50:05,585.0,25.2,42.19
2023-11-10 04:59:36,585.0,25.2,42.19
2023-11-10 05:09:46,657.0,25.2,42.19
2023-11-10 05:20:02,657.0,25.1,42.19
2023-11-10 05:30:18,657.0,25.1,41.8
2023-11-10 05:40:18,595.0,25.2,41.8
2023-11-10 05:50:21,697.0,25.2,41.8
2023-11-10 06:00:23,617.0,25.2,41.8
2023-11-10 06:10:25,626.0,25.1,41.8
2023-11-10 06:20:28,641.0,25.3,41.8
2023-11-10 06:30:30,643.0,25.2,41.8
2023-11-10 06:40:33,648.0,25.2,41.8
2023-11-10 06:50:35,663.0,25.1,41.8
2023-11-10 07:00:37,635.0,25.2,41.8
2023-11-10 07:10:40,670.0,25.2,41.8
2023-11-10 07:20:42,663.0,25.2,41.8
2023-11-10 07:30:45,724.0,25.2,42.58
2023-11-10 07:40:47,696.0,25.2,42.58
2023-11-10 07:50:32,747.0,25.1,42.58
2023-11-10 08:00:35,801.0,25.2,42.97
2023-11-10 08:10:53,900.0,25.1,43.75
2023-11-10 08:20:55,890.0,25.0,43.75
2023-11-10 08:31:02,965.0,25.1,44.14
2023-11-10 08:41:04,1062.0,25.1,44.53
2023-11-10 08:50:51,1156.0,25.0,44.53
2023-11-10 09:01:13,1095.0,25.0,44.14
2023-11-10 09:11:19,1098.0,25.0,43.75
2023-11-10 09:21:26,1166.0,24.9,43.75
2023-11-10 09:31:32,1149.0,25.0,43.75
2023-11-10 09:41:39,1186.0,25.0,43.75
2023-11-10 09:51:45,1220.0,25.0,43.75
2023-11-10 10:01:52,1397.0,25.0,43.75
2023-11-10 10:11:58,1504.0,25.0,44.53
2023-11-10 10:22:04,1502.0,25.0,44.53
2023-11-10 10:32:11,1519.0,25.0,44.92
2023-11-10 10:42:17,1530.0,25.0,44.53
2023-11-10 10:52:24,1442.0,25.1,44.14
2023-11-10 11:02:30,1541.0,25.0,44.14
2023-11-10 11:12:40,1562.0,25.0,44.14
2023-11-10 11:22:43,1530.0,25.0,44.53
2023-11-10 11:32:13,1530.0,25.0,44.53
2023-11-10 11:42:28,1560.0,25.1,44.14
2023-11-10 11:52:48,1475.0,25.1,44.14
2023-11-10 12:03:08,1326.0,25.0,43.36
2023-11-10 12:12:52,1494.0,25.1,43.75
2023-11-10 12:23:10,1295.0,24.9,42.97
2023-11-10 12:33:15,1254.0,25.0,42.58
2023-11-10 12:43:19,1235.0,24.9,42.19
2023-11-10 12:53:23,1304.0,25.0,42.19
2023-11-10 13:03:27,1390.0,25.0,42.19
2023-11-10 13:13:31,1368.0,24.9,42.58
2023-11-10 13:23:35,1514.0,25.0,42.97
2023-11-10 13:33:28,1620.0,24.9,43.36
2023-11-10 13:43:46,1625.0,24.9,43.75
2023-11-10 13:53:47,1662.0,24.9,43.75
2023-11-10 14:03:54,1723.0,25.0,44.14
2023-11-10 14:14:00,1871.0,25.0,44.14
2023-11-10 14:24:07,1859.0,25.0,44.53
2023-11-10 14:34:13,1852.0,25.0,44.14
2023-11-10 14:44:03,1920.0,25.0,44.14
2023-11-10 14:54:26,1955.0,25.0,44.53
2023-11-10 15:04:32,1901.0,25.1,44.14
2023-11-10 15:14:39,1882.0,25.0,44.53
2023-11-10 15:24:45,1986.0,25.0,44.53
2023-11-10 15:34:51,2172.0,25.0,44.92
2023-11-10 15:44:58,2217.0,25.0,44.92
2023-11-10 15:55:04,2131.0,25.1,44.92
2023-11-10 16:05:11,1995.0,25.0,44.92
2023-11-10 16:15:17,1990.0,25.0,44.53
2023-11-10 16:25:08,1981.0,25.0,44.14
2023-11-10 16:35:30,1809.0,25.0,44.14
2023-11-10 16:45:36,1792.0,25.0,43.75
2023-11-10 16:55:43,1677.0,25.0,43.36
2023-11-10 17:05:49,1624.0,25.0,43.36
2023-11-10 17:15:56,1599.0,25.0,43.36
2023-11-10 17:26:02,1541.0,25.0,42.97
2023-11-10 17:36:13,1424.0,25.0,42.97
2023-11-10 17:46:15,1371.0,25.0,42.97
2023-11-10 17:56:21,1303.0,25.0,42.97
2023-11-10 18:05:56,1303.0,25.0,42.97
2023-11-10 18:16:10,1323.0,25.1,42.58
2023-11-10 18:26:30,1283.0,24.9,42.58
2023-11-10 18:36:50,1238.0,25.0,42.58
2023-11-10 18:46:54,1224.0,25.0,42.58
2023-11-10 18:57:01,1212.0,25.0,42.58
2023-11-10 19:07:07,1137.0,25.0,42.19
2023-11-10 19:17:14,1147.0,24.9,42.19
2023-11-10 19:27:20,1127.0,25.0,42.19
2023-11-10 19:37:27,1086.0,25.0,42.19
2023-11-10 19:47:34,1080.0,25.0,42.19
2023-11-10 19:57:40,1036.0,25.0,42.19
2023-11-10 20:07:46,1045.0,24.9,42.19
2023-11-10 20:17:52,1002.0,25.0,42.19
2023-11-10 20:27:59,991.0,25.0,41.8
2023-11-10 20:38:05,911.0,25.0,41.8
2023-11-10 20:48:11,974.0,24.9,41.8
2023-11-10 20:58:18,952.0,24.9,41.8
2023-11-10 21:08:24,940.0,25.0,41.8
2023-11-10 21:18:31,940.0,25.0,41.8
2023-11-10 21:28:37,929.0,25.0,41.8
2023-11-10 21:38:44,907.0,25.0,41.8
2023-11-10 21:48:46,848.0,25.0,41.8
2023-11-10 21:58:49,910.0,24.9,41.8
2023-11-10 22:08:35,892.0,25.0,41.8
2023-11-10 22:18:53,772.0,24.9,41.41
2023-11-10 22:28:56,836.0,25.0,41.41
2023-11-10 22:38:58,797.0,24.9,41.41
2023-11-10 22:49:01,827.0,25.0,41.41
2023-11-10 22:59:03,806.0,24.9,41.41
2023-11-10 23:09:06,827.0,24.9,41.41
2023-11-10 23:19:08,809.0,24.9,41.41
2023-11-10 23:29:10,800.0,24.9,41.41
2023-11-10 23:39:13,815.0,25.0,41.41
2023-11-10 23:49:15,850.0,25.0,41.41
2023-11-10 23:59:16,811.0,24.9,41.41
2023-11-11 00:09:19,795.0,25.0,41.41
2023-11-11 00:19:21,772.0,25.0,41.41
2023-11-11 00:29:23,795.0,25.0,41.41
2023-11-11 00:38:54,795.0,25.0,41.41
2023-11-11 00:49:04,802.0,24.9,41.41
2023-11-11 00:59:20,781.0,25.0,41.41
2023-11-11 01:09:36,806.0,25.0,41.41
2023-11-11 01:19:36,790.0,24.9,41.41
2023-11-11 01:29:23,783.0,24.9,41.41
2023-11-11 01:39:41,816.0,24.9,41.02
2023-11-11 01:49:44,802.0,24.9,41.02
2023-11-11 01:59:46,795.0,25.0,41.02
2023-11-11 02:09:48,790.0,25.0,41.02
2023-11-11 02:19:35,797.0,24.9,41.02
2023-11-11 02:29:37,747.0,25.0,41.02
2023-11-11 02:39:40,783.0,24.9,41.02
2023-11-11 02:49:58,737.0,24.9,41.02
2023-11-11 03:00:00,795.0,25.0,41.02
2023-11-11 03:10:03,740.0,24.9,41.02
2023-11-11 03:20:05,698.0,24.9,41.02
2023-11-11 03:30:08,693.0,25.0,41.02
2023-11-11 03:40:10,702.0,24.9,41.02
2023-11-11 03:50:12,747.0,24.9,41.02
2023-11-11 04:00:15,731.0,25.0,41.02
2023-11-11 04:10:17,703.0,24.9,41.02
2023-11-11 04:20:19,654.0,25.0,41.02
2023-11-11 04:30:22,759.0,24.9,41.02
2023-11-11 04:40:24,698.0,25.0,41.02
2023-11-11 04:50:27,707.0,24.9,41.02
2023-11-11 05:00:29,703.0,24.9,41.02
2023-11-11 05:10:31,709.0,24.9,41.02
2023-11-11 05:20:34,691.0,24.9,41.02
2023-11-11 05:30:36,702.0,24.9,41.02
2023-11-11 05:40:23,686.0,24.9,41.02
2023-11-11 05:50:41,745.0,25.0,41.02
2023-11-11 06:00:43,674.0,24.9,41.02
2023-11-11 06:10:46,674.0,24.8,41.02
2023-11-11 06:20:48,709.0,24.9,40.62
2023-11-11 06:30:51,670.0,25.0,41.02
2023-11-11 06:40:53,682.0,24.9,41.02
2023-11-11 06:50:55,670.0,24.8,41.02
2023-11-11 07:00:58,688.0,24.8,41.02
2023-11-11 07:10:28,688.0,24.8,41.02
2023-11-11 07:20:38,668.0,24.9,41.02
2023-11-11 07:30:55,670.0,24.8,41.02
2023-11-11 07:41:11,701.0,24.8,41.02
2023-11-11 07:50:55,685.0,24.8,40.62
2023-11-11 08:01:12,642.0,25.0,41.02
2023-11-11 08:10:58,623.0,24.9,41.02
2023-11-11 08:21:17,701.0,24.8,41.02
2023-11-11 08:31:19,673.0,24.8,41.02
2023-11-11 08:41:22,699.0,24.9,41.02
2023-11-11 08:51:24,674.0,24.9,41.02
2023-11-11 09:01:11,680.0,24.9,41.02
2023-11-11 09:11:29,632.0,24.9,41.02
2023-11-11 09:21:31,639.0,24.9,40.62
2023-11-11 09:31:34,661.0,24.9,40.62
2023-11-11 09:41:36,688.0,24.9,41.02
2023-11-11 09:51:38,687.0,24.9,41.02
2023-11-11 10:01:41,644.0,24.9,41.02
2023-11-11 10:11:43,608.0,24.9,41.02
2023-11-11 10:21:46,671.0,24.9,41.02
2023-11-11 10:31:48,673.0,24.9,41.02
2023-11-11 10:41:50,607.0,24.8,41.02
2023-11-11 10:51:53,658.0,24.9,41.02
2023-11-11 11:01:39,672.0,24.8,41.02
2023-11-11 11:11:58,640.0,24.8,41.02
2023-11-11 11:22:00,637.0,24.8,41.02
2023-11-11 11:32:02,679.0,24.8,41.02
2023-11-11 11:42:05,618.0,24.7,41.02
2023-11-11 11:52:07,627.0,24.8,41.02
2023-11-11 12:02:10,569.0,24.8,41.02
2023-11-11 12:12:12,600.0,24.8,41.02
2023-11-11 12:22:14,589.0,24.7,41.02
2023-11-11 12:32:17,610.0,24.7,41.02
2023-11-11 12:42:19,584.0,24.7,41.02
2023-11-11 12:52:22,686.0,24.8,41.02
2023-11-11 13:02:24,616.0,24.7,41.02
2023-11-11 13:12:26,569.0,24.8,41.02
2023-11-11 13:22:29,640.0,24.7,41.02
2023-11-11 13:32:31,616.0,24.8,41.02
2023-11-11 13:42:02,616.0,24.8,41.02
2023-11-11 13:52:12,628.0,24.7,41.02
2023-11-11 14:02:28,642.0,24.7,41.02
2023-11-11 14:12:44,575.0,24.8,41.02
2023-11-11 14:22:44,635.0,24.7,41.02
2023-11-11 14:32:47,594.0,24.8,41.02
2023-11-11 14:42:49,614.0,24.8,41.02
2023-11-11 14:52:51,575.0,24.8,40.62
2023-11-11 15:02:54,628.0,24.7,41.02
2023-11-11 15:12:56,585.0,24.8,40.62
2023-11-11 15:22:59,595.0,24.8,40.62
2023-11-11 15:32:45,604.0,24.8,41.02
2023-11-11 15:42:47,607.0,24.7,40.62
2023-11-11 15:53:06,601.0,24.8,41.02
2023-11-11 16:03:08,557.0,24.8,40.62
2023-11-11 16:13:10,584.0,24.8,40.62
2023-11-11 16:23:13,542.0,24.7,40.62
2023-11-11 16:33:15,604.0,24.8,40.62
2023-11-11 16:43:18,643.0,24.8,40.62
2023-11-11 16:53:20,589.0,24.8,40.62
2023-11-11 17:03:22,582.0,24.8,40.62
2023-11-11 17:13:25,604.0,24.8,40.62
2023-11-11 17:23:27,601.0,24.8,40.62
2023-11-11 17:33:30,590.0,24.8,40.62
2023-11-11 17:43:32,565.0,24.7,40.62
2023-11-11 17:53:34,542.0,24.8,40.62
2023-11-11 18:03:37,580.0,24.8,40.62
2023-11-11 18:13:39,537.0,24.8,40.62
2023-11-11 18:23:42,592.0,24.7,40.62
2023-11-11 18:33:44,565.0,24.8,40.62
2023-11-11 18:43:30,554.0,24.8,40.62
2023-11-11 18:53:48,577.0,24.8,40.62
2023-11-11 19:03:50,537.0,24.7,40.62
2023-11-11 19:13:52,547.0,24.7,40.62
2023-11-11 19:23:55,611.0,24.8,40.62
2023-11-11 19:33:57,572.0,24.8,40.62
2023-11-11 19:44:00,549.0,24.7,40.62
2023-11-11 19:54:02,570.0,24.7,40.62
2023-11-11 20:04:04,604.0,24.8,40.62
2023-11-11 20:13:35,604.0,24.8,40.62
2023-11-11 20:23:45,567.0,24.9,40.62
2023-11-11 20:34:01,542.0,24.8,40.62
2023-11-11 20:44:17,584.0,24.8,40.62
2023-11-11 20:54:17,557.0,24.7,40.62
2023-11-11 21:04:04,557.0,24.8,40.62
2023-11-11 21:14:22,562.0,24.8,40.62
2023-11-11 21:24:25,580.0,24.8,40.62
2023-11-11 21:34:27,557.0,24.9,40.62
2023-11-11 21:44:29,532.0,24.7,40.62
2023-11-11 21:54:32,575.0,24.8,40.62
2023-11-11 22:04:17,602.0,24.8,40.62
2023-11-11 22:14:19,547.0,24.8,40.62
2023-11-11 22:24:38,542.0,24.7,40.62
2023-11-11 22:34:40,544.0,24.8,40.62
2023-11-11 22:44:43,572.0,24.9,40.62
2023-11-11 22:54:45,521.0,24.7,40.62
2023-11-11 23:04:31,529.0,24.8,40.62
2023-11-11 23:14:34,539.0,24.7,40.62
2023-11-11 23:24:52,607.0,24.8,40.62
2023-11-11 23:34:55,572.0,24.9,40.62
2023-11-11 23:44:57,561.0,24.8,40.62
2023-11-11 23:54:59,532.0,24.8,40.62
2023-11-12 00:05:02,582.0,24.9,40.62
2023-11-12 00:15:04,577.0,24.8,40.62
2023-11-12 00:25:07,546.0,24.8,40.62
2023-11-12 00:35:09,549.0,24.8,40.23
2023-11-12 00:45:11,539.0,24.8,40.62
2023-11-12 00:55:14,589.0,24.8,40.23
2023-11-12 01:05:16,544.0,24.9,40.23
2023-11-12 01:15:19,536.0,24.8,40.23
2023-11-12 01:25:21,546.0,24.8,40.62
2023-11-12 01:35:23,529.0,24.8,40.62
2023-11-12 01:45:26,577.0,24.9,40.62
2023-11-12 01:55:28,585.0,24.7,40.62
2023-11-12 02:05:31,519.0,24.7,40.62
2023-11-12 02:15:33,549.0,24.7,40.62
2023-11-12 02:25:35,519.0,24.8,40.62
2023-11-12 02:35:38,556.0,24.7,40.62
2023-11-12 02:45:08,556.0,24.7,40.62
2023-11-12 02:55:19,575.0,24.8,40.62
2023-11-12 03:05:35,592.0,24.7,40.62
2023-11-12 03:15:51,580.0,24.8,40.62
2023-11-12 03:25:51,585.0,24.7,40.62
2023-11-12 03:35:53,557.0,24.8,40.62
2023-11-12 03:45:56,486.0,24.7,40.62
2023-11-12 03:55:58,570.0,24.7,40.62
2023-11-12 04:05:59,546.0,24.7,40.62
2023-11-12 04:16:02,599.0,24.8,40.62
2023-11-12 04:26:04,544.0,24.8,40.62
2023-11-12 04:36:06,570.0,24.8,40.23
2023-11-12 04:45:53,561.0,24.8,40.23
2023-11-12 04:56:11,547.0,24.8,40.23
2023-11-12 05:06:14,570.0,24.7,40.62
2023-11-12 05:16:16,600.0,24.7,40.62
2023-11-12 05:26:18,561.0,24.7,40.23
2023-11-12 05:36:05,536.0,24.7,40.23
2023-11-12 05:46:23,526.0,24.8,40.23
2023-11-12 05:56:26,575.0,24.8,40.23
2023-11-12 06:06:27,561.0,24.8,40.23
2023-11-12 06:16:29,602.0,24.8,40.62
2023-11-12 06:26:32,614.0,24.8,41.02
2023-11-12 06:36:34,624.0,24.8,41.02
2023-11-12 06:46:36,659.0,24.8,41.02
2023-11-12 06:56:39,627.0,24.7,41.02
2023-11-12 07:06:41,572.0,24.7,41.02
2023-11-12 07:16:44,590.0,24.7,41.02
2023-11-12 07:26:46,547.0,24.7,40.62
2023-11-12 07:36:48,616.0,24.7,40.62
2023-11-12 07:46:51,582.0,24.8,40.62
2023-11-12 07:56:53,549.0,24.8,40.62
2023-11-12 08:06:54,640.0,24.7,40.62
2023-11-12 08:16:57,570.0,24.8,40.62
2023-11-12 08:26:59,561.0,24.7,40.62
2023-11-12 08:37:02,503.0,24.7,40.62
2023-11-12 08:47:04,595.0,24.7,40.62
2023-11-12 08:57:06,526.0,24.8,40.62
2023-11-12 09:06:53,529.0,24.8,40.62
2023-11-12 09:16:39,529.0,24.8,40.62
2023-11-12 09:26:49,603.0,24.7,40.62
2023-11-12 09:37:06,526.0,24.7,40.62
2023-11-12 09:47:06,549.0,24.8,40.23
2023-11-12 09:57:24,519.0,24.8,40.62
2023-11-12 10:07:26,564.0,24.8,40.23
2023-11-12 10:17:29,552.0,24.7,40.23
2023-11-12 10:27:31,580.0,24.8,40.62
2023-11-12 10:37:34,501.0,24.8,40.62
2023-11-12 10:47:36,582.0,24.8,40.23
2023-11-12 10:57:38,549.0,24.7,40.23
2023-11-12 11:07:41,556.0,24.7,40.62
2023-11-12 11:17:43,496.0,24.7,40.23
2023-11-12 11:27:46,589.0,24.8,40.23
2023-11-12 11:37:48,556.0,24.8,40.62
2023-11-12 11:47:50,527.0,24.7,40.23
2023-11-12 11:57:53,489.0,24.8,40.23
2023-11-12 12:07:38,544.0,24.7,40.23
2023-11-12 12:17:56,527.0,24.8,40.23
2023-11-12 12:27:59,526.0,24.8,40.23
2023-11-12 12:38:01,547.0,24.8,40.23
2023-11-12 12:48:04,549.0,24.8,40.23
2023-11-12 12:58:06,524.0,24.8,40.23
2023-11-12 13:08:09,584.0,24.8,40.23
2023-11-12 13:18:11,516.0,24.8,40.23
2023-11-12 13:28:13,517.0,24.8,40.23
2023-11-12 13:38:16,567.0,24.8,40.23
2023-11-12 13:48:18,534.0,24.8,40.23
2023-11-12 13:58:20,527.0,24.8,40.23
2023-11-12 14:08:22,536.0,24.8,40.23
2023-11-12 14:18:08,483.0,24.8,40.23
2023-11-12 14:28:26,584.0,24.8,40.23
2023-11-12 14:38:29,496.0,24.7,40.23
2023-11-12 14:48:31,491.0,24.8,40.23
2023-11-12 14:58:34,547.0,24.7,40.23
2023-11-12 15:08:36,511.0,24.7,40.23
2023-11-12 15:18:38,532.0,24.8,40.23
2023-11-12 15:28:41,502.0,24.8,40.23
2023-11-12 15:38:43,488.0,24.8,40.23
2023-11-12 15:48:14,488.0,24.8,40.23
2023-11-12 15:58:24,497.0,24.7,40.23
2023-11-12 16:08:40,535.0,24.7,40.23
2023-11-12 16:18:56,518.0,24.7,40.23
2023-11-12 16:28:56,499.0,24.7,40.23
2023-11-12 16:38:59,516.0,24.7,40.23
2023-11-12 16:48:45,525.0,24.8,40.23
2023-11-12 16:59:03,483.0,24.7,40.23
2023-11-12 17:09:06,515.0,24.8,40.23
2023-11-12 17:19:08,543.0,24.8,40.23
2023-11-12 17:28:55,508.0,24.6,40.23
2023-11-12 17:38:57,510.0,24.8,40.23
2023-11-12 17:48:59,533.0,24.7,40.23
2023-11-12 17:59:18,488.0,24.7,40.23
2023-11-12 18:09:19,564.0,24.7,39.84
2023-11-12 18:19:21,515.0,24.7,40.23
2023-11-12 18:29:24,468.0,24.7,39.84
2023-11-12 18:39:26,502.0,24.7,39.84
2023-11-12 18:49:29,472.0,24.7,39.84
2023-11-12 18:59:31,533.0,24.7,40.23
2023-11-12 19:09:33,508.0,24.7,40.23
2023-11-12 19:19:36,513.0,24.7,39.84
2023-11-12 19:29:38,545.0,24.7,40.23
2023-11-12 19:39:41,589.0,24.8,39.84
2023-11-12 19:49:43,460.0,24.7,39.84
2023-11-12 19:59:45,528.0,24.7,39.84
2023-11-12 20:09:48,482.0,24.7,39.84
2023-11-12 20:19:50,536.0,24.7,39.84
2023-11-12 20:29:53,478.0,24.7,39.84
2023-11-12 20:39:55,553.0,24.7,39.84
2023-11-12 20:49:57,498.0,24.7,39.84
2023-11-12 21:00:00,516.0,24.6,39.84
2023-11-12 21:10:02,551.0,24.7,39.84
2023-11-12 21:20:05,490.0,24.7,39.84
2023-11-12 21:30:07,525.0,24.7,39.84
2023-11-12 21:40:09,556.0,24.7,39.84
2023-11-12 21:50:12,531.0,24.7,39.84
2023-11-12 22:00:14,487.0,24.7,39.84
2023-11-12 22:10:15,536.0,24.7,39.84
2023-11-12 22:19:46,536.0,24.7,39.84
2023-11-12 22:29:56,533.0,24.7,39.84
2023-11-12 22:40:12,508.0,24.7,39.84
2023-11-12 22:50:28,543.0,24.7,39.84
2023-11-12 23:00:28,472.0,24.7,39.84
2023-11-12 23:10:31,526.0,24.6,39.84
2023-11-12 23:20:17,528.0,24.7,39.84
2023-11-12 23:30:36,472.0,24.7,39.45
2023-11-12 23:40:38,485.0,24.7,39.45
2023-11-12 23:50:40,579.0,24.7,39.45
2023-11-13 00:00:43,485.0,24.7,39.45
2023-11-13 00:10:29,482.0,24.7,39.45
2023-11-13 00:20:31,480.0,24.7,39.45
2023-11-13 00:30:50,588.0,24.8,39.45
2023-11-13 00:40:52,471.0,24.7,39.45
2023-11-13 00:50:55,528.0,24.7,39.45
2023-11-13 01:00:57,533.0,24.7,39.45
2023-11-13 01:11:00,516.0,24.8,39.45
2023-11-13 01:31:35,498.0,24.7,39.06
2023-11-13 02:01:44,531.0,24.7,39.06
2023-11-13 02:11:47,523.0,24.7,39.06
2023-11-13 02:21:50,505.0,24.7,39.06
2023-11-13 02:31:50,471.0,24.7,39.06
2023-11-13 03:01:56,470.0,24.7,39.06
2023-11-13 04:31:46,447.0,24.8,39.06
2023-11-13 04:41:49,533.0,24.7,39.06
2023-11-13 04:51:19,533.0,24.7,39.06
2023-11-13 05:01:29,510.0,24.7,39.06
2023-11-13 05:11:45,495.0,24.7,39.06
2023-11-13 05:22:02,495.0,24.7,39.06
2023-11-13 05:32:02,495.0,24.7,39.06
2023-11-13 05:41:48,535.0,24.7,39.06
2023-11-13 05:51:50,487.0,24.7,39.06
2023-11-13 06:02:09,515.0,24.6,39.06
2023-11-13 06:12:10,506.0,24.7,39.06
2023-11-13 06:22:12,547.0,24.6,39.06
2023-11-13 06:32:15,562.0,24.6,39.06
2023-11-13 06:42:17,491.0,24.6,39.06
2023-11-13 06:52:20,530.0,24.6,39.06
2023-11-13 07:02:22,496.0,24.6,39.06
2023-11-13 07:12:24,519.0,24.6,39.06
2023-11-13 07:22:27,542.0,24.6,39.06
2023-11-13 07:32:29,543.0,24.6,39.06
2023-11-13 07:42:32,539.0,24.5,39.06
2023-11-13 07:52:34,608.0,24.6,39.06
2023-11-13 08:02:36,579.0,24.6,39.84
2023-11-13 08:12:39,636.0,24.6,39.84
2023-11-13 08:22:41,643.0,24.6,39.84
2023-11-13 08:32:44,673.0,24.6,40.23
2023-11-13 08:42:46,737.0,24.5,40.23
2023-11-13 08:52:48,801.0,24.6,40.62
2023-11-13 09:02:51,855.0,24.6,40.62
2023-11-13 09:12:53,871.0,24.6,41.02
2023-11-13 09:22:56,819.0,24.6,41.02
2023-11-13 09:32:59,866.0,24.6,41.02
2023-11-13 09:43:04,959.0,24.6,41.41
2023-11-13 09:53:07,1103.0,24.5,41.8
2023-11-13 10:03:09,1243.0,24.6,42.58
2023-11-13 10:13:14,1092.0,24.5,42.19
2023-11-13 10:23:21,1088.0,24.6,42.19
2023-11-13 10:33:27,1213.0,24.5,41.8
2023-11-13 10:43:34,1243.0,24.5,42.19
2023-11-13 10:53:40,1217.0,24.6,41.8
2023-11-13 11:03:31,1191.0,24.5,41.41
2023-11-13 11:13:53,1409.0,24.6,41.8
2023-11-13 11:23:27,1409.0,24.6,41.8
2023-11-13 11:33:42,1388.0,24.6,42.19
2023-11-13 11:44:02,1423.0,24.6,41.8
2023-11-13 11:54:22,1423.0,24.7,41.8
2023-11-13 12:04:26,1513.0,24.6,42.19
2023-11-13 12:14:32,1586.0,24.7,42.19
2023-11-13 12:24:35,1591.0,24.7,42.19
2023-11-13 12:34:37,1611.0,24.7,42.19
2023-11-13 12:44:44,1470.0,24.7,41.8
2023-11-13 12:54:50,1611.0,24.8,42.19
2023-11-13 13:04:56,1593.0,24.8,42.19
2023-11-13 13:15:03,1609.0,24.7,42.19
2023-11-13 13:25:09,1677.0,24.8,42.58
2023-11-13 13:35:16,1646.0,24.8,42.58
2023-11-13 13:45:22,1653.0,24.7,42.58
2023-11-13 13:55:29,1685.0,24.8,42.58
2023-11-13 14:05:35,1694.0,24.8,42.97
2023-11-13 14:15:40,1842.0,24.7,42.97
2023-11-13 14:25:47,1813.0,24.8,42.97
2023-11-13 14:35:53,1867.0,24.7,42.97
2023-11-13 14:46:00,1983.0,24.8,43.36
2023-11-13 14:56:06,1947.0,24.7,43.36
2023-11-13 15:06:12,1912.0,24.8,43.36
2023-11-13 15:16:03,1817.0,24.7,43.36
2023-11-13 15:26:25,1836.0,24.8,43.36
2023-11-13 15:36:32,1873.0,24.7,42.97
2023-11-13 15:46:38,1809.0,24.7,42.97
2023-11-13 15:56:44,1717.0,24.7,42.58
2023-11-13 16:06:51,1705.0,24.8,42.58
2023-11-13 16:16:57,1683.0,24.8,42.58
2023-11-13 16:27:04,1667.0,24.7,42.19
2023-11-13 16:37:10,1665.0,24.7,42.19
2023-11-13 16:47:17,1557.0,24.8,41.8
2023-11-13 16:57:23,1537.0,24.8,41.8
2023-11-13 17:07:29,1472.0,24.8,41.41
2023-11-13 17:17:40,1390.0,24.9,41.41
2023-11-13 17:27:42,1359.0,24.8,41.41
2023-11-13 17:37:45,1404.0,24.8,41.41
2023-11-13 17:47:51,1333.0,24.9,41.02
2023-11-13 17:57:25,1333.0,24.9,41.02
2023-11-13 18:07:40,1266.0,24.8,41.02
2023-11-13 18:18:00,1255.0,24.9,41.02
2023-11-13 18:28:20,1191.0,24.8,41.02
2023-11-13 18:38:24,1117.0,24.8,41.02
2023-11-13 18:48:31,1099.0,24.8,40.62
2023-11-13 18:58:37,1130.0,24.9,40.62
2023-11-13 19:08:43,1026.0,24.8,40.62
2023-11-13 19:18:50,1044.0,24.8,40.62
2023-11-13 19:28:56,1011.0,24.7,40.62
2023-11-13 19:39:03,1020.0,24.8,40.62
2023-11-13 19:49:09,1101.0,24.8,40.62
2023-11-13 19:59:15,1074.0,24.8,40.62
2023-11-13 20:09:22,1035.0,24.7,40.62
2023-11-13 20:19:28,1014.0,24.8,40.62
2023-11-13 20:29:35,1001.0,24.7,40.23
2023-11-13 20:39:41,973.0,24.8,40.23
2023-11-13 20:49:48,931.0,24.8,40.23
2023-11-13 20:59:54,906.0,24.8,40.23
2023-11-13 21:10:00,939.0,24.8,40.23
2023-11-13 21:20:07,854.0,24.7,40.23
2023-11-13 21:30:13,947.0,24.7,40.23
2023-11-13 21:40:20,896.0,24.7,40.23
2023-11-13 21:50:22,842.0,24.7,40.23
2023-11-13 22:00:25,868.0,24.8,40.23
2023-11-13 22:10:11,861.0,24.7,40.23
2023-11-13 22:20:28,857.0,24.7,39.84
2023-11-13 22:30:31,807.0,24.7,40.23
2023-11-13 22:40:33,875.0,24.7,40.23
2023-11-13 22:50:35,797.0,24.6,40.23
2023-11-13 23:00:38,828.0,24.7,40.23
2023-11-13 23:10:40,860.0,24.7,39.84
2023-11-13 23:20:43,823.0,24.6,40.23
2023-11-13 23:30:45,748.0,24.7,39.84
2023-11-13 23:40:47,862.0,24.7,39.84
2023-11-13 23:50:50,757.0,24.6,39.84
2023-11-14 00:00:52,771.0,24.6,39.84
2023-11-14 00:10:55,741.0,24.7,39.84
2023-11-14 00:20:57,805.0,24.7,39.84
2023-11-14 00:30:28,805.0,24.7,39.84
2023-11-14 00:40:38,796.0,24.7,39.84
2023-11-14 00:50:54,766.0,24.6,39.84
2023-11-14 01:01:10,717.0,24.7,39.84
2023-11-14 01:11:10,748.0,24.6,39.84
2023-11-14 01:21:12,731.0,24.6,39.84
2023-11-14 01:31:15,741.0,24.7,39.84
2023-11-14 01:41:17,723.0,24.7,39.84
2023-11-14 01:51:20,798.0,24.7,39.84
2023-11-14 02:01:22,738.0,24.7,39.84
2023-11-14 02:11:24,686.0,24.7,39.84
2023-11-14 02:21:27,694.0,24.7,39.45
2023-11-14 02:31:29,700.0,24.6,39.45
2023-11-14 02:41:32,648.0,24.6,39.45
2023-11-14 02:51:34,675.0,24.6,39.45
2023-11-14 03:01:36,670.0,24.7,39.45
2023-11-14 03:11:39,703.0,24.7,39.45
2023-11-14 03:21:41,677.0,24.6,39.45
2023-11-14 03:31:44,649.0,24.6,39.45
2023-11-14 03:41:46,667.0,24.6,39.45
2023-11-14 03:51:48,666.0,24.7,39.45
2023-11-14 04:01:51,706.0,24.6,39.45
2023-11-14 04:11:37,659.0,24.7,39.84
2023-11-14 04:21:56,619.0,24.6,39.84
2023-11-14 04:31:58,645.0,24.6,39.84
2023-11-14 04:42:00,689.0,24.7,39.84
2023-11-14 04:52:03,677.0,24.6,39.45
2023-11-14 05:02:05,670.0,24.6,39.84
2023-11-14 05:12:08,597.0,24.6,39.45
2023-11-14 05:22:10,654.0,24.7,39.45
2023-11-14 05:32:12,633.0,24.6,39.45
2023-11-14 05:42:15,649.0,24.7,39.45
2023-11-14 05:52:17,650.0,24.6,39.45
2023-11-14 06:02:20,628.0,24.6,39.45
2023-11-14 06:12:22,654.0,24.6,39.45
2023-11-14 06:22:23,575.0,24.6,39.45
2023-11-14 06:32:26,645.0,24.6,39.45
2023-11-14 06:42:28,643.0,24.6,39.45
2023-11-14 06:52:30,666.0,24.7,39.84
2023-11-14 07:02:01,666.0,24.7,39.84
2023-11-14 07:12:11,628.0,24.6,39.84
2023-11-14 07:22:27,638.0,24.6,39.45
2023-11-14 07:32:43,625.0,24.6,39.84
2023-11-14 07:42:27,632.0,24.6,39.84
2023-11-14 07:52:30,717.0,24.5,39.84
2023-11-14 08:02:48,870.0,24.6,40.62
2023-11-14 08:12:51,949.0,24.5,41.8
2023-11-14 08:22:52,900.0,24.5,42.19
2023-11-14 08:32:54,947.0,24.5,42.19
2023-11-14 08:43:01,1051.0,24.5,42.97
2023-11-14 08:53:03,1102.0,24.4,43.36
2023-11-14 09:03:05,1150.0,24.5,44.92
2023-11-14 09:13:12,1131.0,24.5,44.53
2023-11-14 09:23:18,1149.0,24.5,44.53
2023-11-14 09:33:25,1192.0,24.5,44.53
2023-11-14 09:43:31,1294.0,24.5,44.92
2023-11-14 09:53:21,1331.0,24.5,44.53
2023-11-14 10:03:44,1242.0,24.5,44.14
2023-11-14 10:13:50,1200.0,24.5,43.75
2023-11-14 10:23:57,1383.0,24.6,43.75
2023-11-14 10:34:03,1459.0,24.6,44.14
2023-11-14 10:44:10,1517.0,24.5,44.14
2023-11-14 10:54:16,1517.0,24.5,43.75
2023-11-14 11:04:22,1446.0,24.5,43.75
2023-11-14 11:14:33,1588.0,24.5,44.14
2023-11-14 11:24:35,1562.0,24.5,43.75
2023-11-14 11:34:38,1601.0,24.6,43.75
2023-11-14 11:44:44,1645.0,24.6,44.14
2023-11-14 11:54:50,1784.0,24.6,44.14
2023-11-14 12:04:57,1780.0,24.5,44.14
2023-11-14 12:15:03,1636.0,24.6,43.75
2023-11-14 12:25:10,1654.0,24.6,43.75
2023-11-14 12:35:16,1721.0,24.6,43.75
2023-11-14 12:45:23,1747.0,24.5,43.75
2023-11-14 12:55:29,1730.0,24.6,43.75
2023-11-14 13:05:35,1667.0,24.6,43.75
2023-11-14 13:15:42,1708.0,24.5,43.75
2023-11-14 13:25:48,1793.0,24.5,43.75
2023-11-14 13:35:23,1793.0,24.5,43.75
2023-11-14 13:45:37,1763.0,24.6,43.75
2023-11-14 13:55:57,1798.0,24.6,43.75
2023-11-14 14:06:17,1680.0,24.6,43.36
2023-11-14 14:16:21,1705.0,24.6,43.36
2023-11-14 14:26:28,1780.0,24.7,43.36
2023-11-14 14:36:18,1739.0,24.6,43.36
2023-11-14 14:46:41,1673.0,24.6,43.36
2023-11-14 14:56:47,1833.0,24.6,43.75
2023-11-14 15:06:54,1773.0,24.6,43.36
2023-11-14 15:17:00,1512.0,24.6,42.19
2023-11-14 15:27:06,1438.0,24.6,41.41
2023-11-14 15:37:09,1434.0,24.6,41.41
2023-11-14 15:47:11,1511.0,24.5,41.41
2023-11-14 15:57:17,1374.0,24.6,41.02
2023-11-14 16:07:24,1500.0,24.6,41.41
2023-11-14 16:17:30,1465.0,24.6,41.41
2023-11-14 16:27:36,1385.0,24.6,41.41
2023-11-14 16:37:42,1319.0,24.7,41.41
2023-11-14 16:47:48,1299.0,24.6,41.41
2023-11-14 16:57:55,1305.0,24.7,41.41
2023-11-14 17:08:01,1494.0,24.6,41.8
2023-11-14 17:18:12,1559.0,24.7,41.8
2023-11-14 17:28:02,1397.0,24.7,41.8
2023-11-14 17:38:20,1362.0,24.7,41.8
2023-11-14 17:48:23,1259.0,24.7,41.41
2023-11-14 17:58:29,1231.0,24.7,41.02
2023-11-14 18:08:36,1193.0,24.8,41.02
2023-11-14 18:18:42,1171.0,24.8,41.02
2023-11-14 18:28:47,1106.0,24.8,40.62
2023-11-14 18:38:54,1270.0,24.8,41.02
2023-11-14 18:49:00,1203.0,24.8,41.02
2023-11-14 18:59:07,1161.0,24.8,41.02
2023-11-14 19:09:13,1171.0,24.8,41.02
2023-11-14 19:19:20,1131.0,24.8,41.02
2023-11-14 19:29:26,1082.0,24.8,41.02
2023-11-14 19:39:32,1137.0,24.8,40.62
2023-11-14 19:49:39,1032.0,24.8,40.62
2023-11-14 19:59:45,1066.0,24.9,40.23
2023-11-14 20:09:20,1066.0,24.9,40.23
2023-11-14 20:19:34,987.0,24.8,40.23
2023-11-14 20:29:54,942.0,24.8,40.23
2023-11-14 20:40:14,957.0,24.9,40.23
2023-11-14 20:50:02,925.0,24.8,39.84
2023-11-14 21:00:25,874.0,24.9,39.84
2023-11-14 21:10:31,878.0,24.8,39.84
2023-11-14 21:20:22,852.0,24.8,39.84
2023-11-14 21:30:24,843.0,24.8,39.84
2023-11-14 21:40:43,852.0,24.8,39.84
2023-11-14 21:50:45,828.0,24.8,39.45
2023-11-14 22:00:31,849.0,24.8,39.45
2023-11-14 22:10:50,782.0,24.8,39.45
2023-11-14 22:20:52,841.0,24.8,39.45
2023-11-14 22:30:53,832.0,24.9,39.84
2023-11-14 22:40:56,766.0,24.9,39.45
2023-11-14 22:50:58,773.0,24.8,39.45
2023-11-14 23:01:01,808.0,24.8,39.45
2023-11-14 23:11:03,742.0,24.8,39.45
2023-11-14 23:21:05,766.0,24.8,39.45
2023-11-14 23:31:08,669.0,24.9,39.45
2023-11-14 23:41:10,751.0,24.8,39.45
2023-11-14 23:51:13,729.0,24.8,39.45
2023-11-15 00:01:15,732.0,24.9,39.06
2023-11-15 00:11:17,683.0,24.9,39.06
2023-11-15 00:21:20,672.0,24.9,39.06
2023-11-15 00:31:21,686.0,24.8,39.06
2023-11-15 00:41:23,696.0,24.8,39.06
2023-11-15 00:51:26,728.0,24.9,39.06
2023-11-15 01:01:12,634.0,24.9,39.06
2023-11-15 01:11:31,660.0,24.8,39.06
2023-11-15 01:21:33,667.0,24.8,39.06
2023-11-15 01:31:35,662.0,24.9,39.06
2023-11-15 01:41:38,679.0,24.9,39.06
2023-11-15 01:51:40,730.0,24.8,39.06
2023-11-15 02:01:43,703.0,24.9,39.06
2023-11-15 02:11:45,652.0,24.9,39.06
2023-11-15 02:21:47,654.0,24.9,39.06
2023-11-15 02:31:50,709.0,24.8,39.06
2023-11-15 02:41:20,709.0,24.8,39.06
2023-11-15 02:51:30,630.0,24.8,39.06
2023-11-15 03:01:46,611.0,24.8,39.06
2023-11-15 03:12:03,654.0,24.9,39.06
2023-11-15 03:21:47,686.0,24.8,38.67
2023-11-15 03:32:05,703.0,24.9,39.06
2023-11-15 03:42:08,660.0,24.9,39.06
2023-11-15 03:52:10,688.0,24.8,38.67
2023-11-15 04:02:12,609.0,24.9,38.67
2023-11-15 04:12:15,710.0,24.8,38.67
2023-11-15 04:22:17,700.0,24.8,39.06
2023-11-15 04:32:18,669.0,24.8,39.06
2023-11-15 04:42:05,689.0,24.8,39.06
2023-11-15 04:52:07,693.0,24.8,39.06
2023-11-15 05:02:25,639.0,24.8,39.06
2023-11-15 05:12:28,621.0,24.8,39.06
2023-11-15 05:22:30,625.0,24.7,39.06
2023-11-15 05:32:33,585.0,24.7,39.06
2023-11-15 05:42:35,580.0,24.7,39.06
2023-11-15 05:52:37,647.0,24.8,39.06
2023-11-15 06:02:40,629.0,24.7,39.06
2023-11-15 06:12:42,676.0,24.7,39.06
2023-11-15 06:22:45,643.0,24.8,38.67
2023-11-15 06:32:47,613.0,24.6,38.67
2023-11-15 06:42:49,590.0,24.6,38.67
2023-11-15 06:52:52,631.0,24.6,38.67
2023-11-15 07:02:54,587.0,24.6,38.67
2023-11-15 07:12:57,579.0,24.7,38.67
2023-11-15 07:22:59,553.0,24.6,38.67
2023-11-15 07:33:01,728.0,24.7,39.45
2023-11-15 07:42:48,685.0,24.7,37.5
2023-11-15 07:53:06,599.0,24.5,35.55
2023-11-15 08:03:09,629.0,24.5,37.11
2023-11-15 08:13:11,762.0,24.5,38.28
2023-11-15 08:23:13,757.0,24.6,39.06
2023-11-15 08:33:15,808.0,24.6,39.45
2023-11-15 08:43:21,1011.0,24.6,40.23
2023-11-15 08:53:24,1062.0,24.6,39.84
2023-11-15 09:03:30,1062.0,24.6,39.84
2023-11-15 09:13:04,1062.0,24.6,39.84
2023-11-15 09:23:19,1017.0,24.5,39.84
2023-11-15 09:33:39,1079.0,24.5,39.84
2023-11-15 09:43:59,1146.0,24.5,40.62
2023-11-15 09:54:03,1126.0,24.5,40.62
2023-11-15 10:04:09,1065.0,24.5,38.67
2023-11-15 10:14:16,1071.0,24.6,38.67
2023-11-15 10:24:22,1259.0,24.6,39.84
2023-11-15 10:34:29,1218.0,24.6,39.84
2023-11-15 10:44:35,1337.0,24.5,39.84
2023-11-15 10:54:41,1355.0,24.6,39.06
2023-11-15 11:04:48,1372.0,24.5,39.06
2023-11-15 11:14:54,1445.0,24.6,39.84
2023-11-15 11:25:01,1510.0,24.5,39.84
2023-11-15 11:35:07,1616.0,24.5,40.23
2023-11-15 11:45:10,1531.0,24.5,39.84
2023-11-15 11:55:16,1434.0,24.6,39.45
2023-11-15 12:05:18,1438.0,24.5,39.84
2023-11-15 12:15:25,1590.0,24.6,40.23
2023-11-15 12:25:28,1502.0,24.6,40.23
2023-11-15 12:35:28,1637.0,24.6,40.23
2023-11-15 12:45:35,1622.0,24.7,40.23
2023-11-15 12:55:25,1629.0,24.6,40.62
2023-11-15 13:05:48,1594.0,24.7,40.23
2023-11-15 13:15:54,1636.0,24.7,40.23
2023-11-15 13:26:00,1692.0,24.6,40.23
2023-11-15 13:36:07,1733.0,24.7,40.23
2023-11-15 13:46:13,1501.0,24.7,39.45
2023-11-15 13:56:20,1594.0,24.8,39.45
2023-11-15 14:06:26,1584.0,24.7,39.84
2023-11-15 14:16:33,1673.0,24.7,39.84
2023-11-15 14:26:39,1682.0,24.8,39.84
2023-11-15 14:36:45,1649.0,24.7,40.23
2023-11-15 14:46:52,1746.0,24.8,40.23
2023-11-15 14:56:58,1760.0,24.8,39.84
2023-11-15 15:07:05,1961.0,24.8,40.62
2023-11-15 15:17:11,1949.0,24.8,40.62
2023-11-15 15:27:18,1825.0,24.8,40.62
2023-11-15 15:37:24,1836.0,24.8,40.23
2023-11-15 15:46:58,1836.0,24.8,40.23
2023-11-15 15:57:13,1778.0,24.8,40.23
2023-11-15 16:07:33,1740.0,24.8,40.23
2023-11-15 16:17:53,1801.0,24.8,40.62
2023-11-15 16:27:57,1876.0,24.8,40.23
2023-11-15 16:38:03,1784.0,24.8,40.23
2023-11-15 16:48:10,1735.0,24.8,40.23
2023-11-15 16:58:16,1708.0,24.9,39.84
2023-11-15 17:08:23,1687.0,24.8,39.84
2023-11-15 17:18:29,1704.0,24.8,39.84
2023-11-15 17:28:36,1677.0,24.9,39.84
2023-11-15 17:38:26,1608.0,24.9,39.84
2023-11-15 17:48:48,1571.0,24.8,39.84
2023-11-15 17:58:39,1641.0,24.9,39.84
2023-11-15 18:09:01,1551.0,24.9,39.84
2023-11-15 18:19:08,1523.0,24.9,39.84
2023-11-15 18:29:14,1405.0,24.9,39.45
2023-11-15 18:39:15,1367.0,24.9,39.06
2023-11-15 18:49:18,1319.0,24.8,39.06
2023-11-15 18:59:24,1231.0,24.9,39.06
2023-11-15 19:09:31,1286.0,24.8,39.06
2023-11-15 19:19:37,1158.0,24.9,38.67
2023-11-15 19:29:43,1182.0,24.8,38.67
2023-11-15 19:39:50,1022.0,24.9,38.67
2023-11-15 19:49:40,998.0,24.9,38.28
2023-11-15 20:00:03,1051.0,24.8,38.28
2023-11-15 20:10:09,1033.0,24.8,38.28
2023-11-15 20:20:15,946.0,24.9,38.28
2023-11-15 20:30:22,962.0,24.8,38.28
2023-11-15 20:40:27,996.0,24.8,38.28
2023-11-15 20:50:34,977.0,24.8,38.28
2023-11-15 21:00:24,916.0,24.9,38.28
2023-11-15 21:10:46,882.0,24.9,38.28
2023-11-15 21:20:53,914.0,24.8,38.28
2023-11-15 21:30:59,901.0,24.9,38.28
2023-11-15 21:41:06,872.0,24.8,37.89
2023-11-15 21:51:12,854.0,24.9,37.89
2023-11-15 22:01:18,852.0,24.8,37.89
2023-11-15 22:11:25,942.0,24.8,38.28
2023-11-15 22:20:59,942.0,24.8,38.28
2023-11-15 22:31:10,821.0,24.8,37.89
2023-11-15 22:41:26,869.0,24.8,37.89
2023-11-15 22:51:42,826.0,24.8,37.89
2023-11-15 23:01:42,782.0,24.8,37.89
2023-11-15 23:11:44,886.0,24.9,37.89
2023-11-15 23:21:47,778.0,24.8,37.89
2023-11-15 23:31:49,758.0,24.8,37.89
2023-11-15 23:41:51,773.0,24.8,37.89
2023-11-15 23:51:54,751.0,24.8,37.89
2023-11-16 00:01:56,717.0,24.8,37.89
2023-11-16 00:11:59,726.0,24.8,37.89
2023-11-16 00:22:01,757.0,24.8,37.89
2023-11-16 00:32:03,789.0,24.8,37.89
2023-11-16 00:42:06,741.0,24.8,37.89
2023-11-16 00:52:08,719.0,24.7,37.89
2023-11-16 01:02:11,717.0,24.8,37.89
2023-11-16 01:12:13,654.0,24.9,37.89
2023-11-16 01:22:15,707.0,24.9,37.89
2023-11-16 01:32:18,696.0,24.8,37.89
2023-11-16 01:42:20,739.0,24.9,37.89
2023-11-16 01:52:23,728.0,24.8,37.89
2023-11-16 02:02:25,730.0,24.8,37.89
2023-11-16 02:12:27,702.0,24.9,37.89
2023-11-16 02:22:30,700.0,24.8,37.89
2023-11-16 02:32:16,726.0,24.8,37.89
2023-11-16 02:42:33,682.0,24.8,37.89
2023-11-16 02:52:36,738.0,24.8,37.89
2023-11-16 03:02:38,698.0,24.9,37.89
2023-11-16 03:12:41,663.0,24.9,37.89
2023-11-16 03:22:27,686.0,24.8,37.89
2023-11-16 03:32:29,670.0,24.8,37.89
2023-11-16 03:42:48,660.0,24.7,37.89
2023-11-16 03:52:50,625.0,24.8,37.5
2023-11-16 04:02:53,649.0,24.8,37.89
2023-11-16 04:12:55,737.0,24.8,38.28
2023-11-16 04:22:57,609.0,24.8,38.28
2023-11-16 04:33:00,679.0,24.8,38.28
2023-11-16 04:43:01,693.0,24.8,38.28
2023-11-16 04:52:31,693.0,24.8,38.28
2023-11-16 05:02:42,621.0,24.7,38.28
2023-11-16 05:12:58,658.0,24.7,38.28
2023-11-16 05:23:14,621.0,24.8,38.28
2023-11-16 05:33:14,663.0,24.7,38.28
2023-11-16 05:43:16,621.0,24.8,37.89
2023-11-16 05:53:19,647.0,24.8,37.89
2023-11-16 06:03:21,652.0,24.8,37.89
2023-11-16 06:13:24,619.0,24.8,37.89
2023-11-16 06:23:26,624.0,24.7,37.89
2023-11-16 06:33:12,571.0,24.7,37.89
2023-11-16 06:43:30,662.0,24.7,37.89
2023-11-16 06:53:32,618.0,24.6,37.89
2023-11-16 07:03:34,631.0,24.7,37.89
2023-11-16 07:13:37,568.0,24.7,38.28
2023-11-16 07:23:39,672.0,24.7,38.28
2023-11-16 07:33:42,705.0,24.7,38.28
2023-11-16 07:43:44,701.0,24.7,38.67
2023-11-16 07:53:46,653.0,24.6,38.28
2023-11-16 08:03:49,666.0,24.7,38.28
2023-11-16 08:13:51,711.0,24.7,38.67
2023-11-16 08:23:54,716.0,24.7,39.06
2023-11-16 08:33:56,676.0,24.7,39.06
2023-11-16 08:43:57,904.0,24.6,39.84
2023-11-16 08:54:00,893.0,24.6,41.02
2023-11-16 09:04:06,980.0,24.6,41.02
2023-11-16 09:14:08,961.0,24.7,41.02
2023-11-16 09:24:11,991.0,24.6,41.41
2023-11-16 09:34:17,924.0,24.6,41.02
2023-11-16 09:44:24,1008.0,24.6,41.41
2023-11-16 09:54:14,1057.0,24.6,41.8
2023-11-16 10:04:37,1071.0,24.6,41.8
2023-11-16 10:14:43,1180.0,24.5,41.8
2023-11-16 10:24:50,1107.0,24.6,41.8
2023-11-16 10:34:56,1052.0,24.6,41.41
2023-11-16 10:45:02,1037.0,24.5,41.02
2023-11-16 10:55:09,1026.0,24.6,41.41
2023-11-16 11:05:15,1103.0,24.5,41.8
2023-11-16 11:15:21,1116.0,24.5,41.8
2023-11-16 11:24:56,1116.0,24.5,41.8
2023-11-16 11:35:10,1085.0,24.6,41.41
2023-11-16 11:45:30,1122.0,24.5,41.41
2023-11-16 11:55:50,1077.0,24.5,41.41
2023-11-16 12:05:55,1084.0,24.5,41.41
2023-11-16 12:16:01,1071.0,24.5,41.02
2023-11-16 12:26:07,991.0,24.4,41.41
2023-11-16 12:36:15,1033.0,24.5,41.02
2023-11-16 12:46:19,991.0,24.4,41.02
2023-11-16 12:56:25,980.0,24.5,41.02
2023-11-16 13:06:32,1025.0,24.4,41.02
2023-11-16 13:16:38,1002.0,24.5,41.02
2023-11-16 13:26:45,1114.0,24.5,41.02
2023-11-16 13:36:51,1130.0,24.5,41.41
2023-11-16 13:46:42,1122.0,24.4,41.41
2023-11-16 13:57:04,1132.0,24.4,41.41
2023-11-16 14:07:10,1129.0,24.4,41.02
2023-11-16 14:17:17,1153.0,24.4,41.41
2023-11-16 14:27:23,1113.0,24.4,41.02
2023-11-16 14:37:30,1101.0,24.4,41.02
2023-11-16 14:47:35,1037.0,24.4,40.23
2023-11-16 14:57:25,899.0,24.4,39.06
2023-11-16 15:07:48,895.0,24.3,38.28
2023-11-16 15:17:54,856.0,24.4,37.5
2023-11-16 15:28:01,884.0,24.3,37.89
2023-11-16 15:38:07,975.0,24.4,38.28
2023-11-16 15:48:09,1000.0,24.3,38.67
2023-11-16 15:58:12,962.0,24.4,39.06
2023-11-16 16:08:18,908.0,24.3,39.45
2023-11-16 16:18:25,979.0,24.3,39.45
2023-11-16 16:28:31,969.0,24.4,39.84
2023-11-16 16:38:37,994.0,24.4,39.84
2023-11-16 16:48:44,962.0,24.3,39.84
2023-11-16 16:58:50,957.0,24.4,39.84
2023-11-16 17:08:57,1008.0,24.4,39.84
2023-11-16 17:19:03,959.0,24.4,39.84
2023-11-16 17:29:09,940.0,24.4,39.84
2023-11-16 17:39:16,927.0,24.3,39.84
2023-11-16 17:49:22,1020.0,24.4,40.23
2023-11-16 17:58:57,1020.0,24.4,40.23
2023-11-16 18:09:11,1055.0,24.3,40.23
2023-11-16 18:19:31,1029.0,24.3,40.23
2023-11-16 18:29:51,1041.0,24.4,40.23
2023-11-16 18:39:55,1002.0,24.3,40.23
2023-11-16 18:50:01,993.0,24.4,40.23
2023-11-16 18:59:51,1014.0,24.3,39.84
2023-11-16 19:09:58,982.0,24.3,39.84
2023-11-16 19:20:20,982.0,24.4,40.23
2023-11-16 19:30:26,927.0,24.3,40.23
2023-11-16 19:40:33,1091.0,24.5,41.02
2023-11-16 19:50:39,928.0,24.4,40.23
2023-11-16 20:00:46,941.0,24.5,40.23
2023-11-16 20:10:52,854.0,24.4,39.84
2023-11-16 20:20:42,904.0,24.5,39.84
2023-11-16 20:31:05,857.0,24.5,39.84
2023-11-16 20:41:07,835.0,24.5,39.45
2023-11-16 20:51:10,868.0,24.4,39.45
2023-11-16 21:01:12,761.0,24.4,39.45
2023-11-16 21:11:15,780.0,24.3,39.45
2023-11-16 21:21:17,808.0,24.4,39.45
2023-11-16 21:31:19,764.0,24.4,39.45
2023-11-16 21:41:22,745.0,24.4,39.06
2023-11-16 21:51:24,812.0,24.4,39.06
2023-11-16 22:01:27,755.0,24.4,39.06
2023-11-16 22:11:29,776.0,24.4,39.06
2023-11-16 22:21:31,720.0,24.4,39.06
2023-11-16 22:31:34,687.0,24.3,39.06
2023-11-16 22:41:36,616.0,24.4,38.67
2023-11-16 22:51:39,671.0,24.3,38.67
2023-11-16 23:01:41,662.0,24.3,38.67
2023-11-16 23:11:44,693.0,24.3,38.67
2023-11-16 23:21:46,646.0,24.3,38.67
2023-11-16 23:31:48,661.0,24.4,38.67
2023-11-16 23:41:51,652.0,24.3,38.67
2023-11-16 23:51:53,684.0,24.3,38.67
2023-11-17 00:01:55,622.0,24.3,38.67
2023-11-17 00:11:58,667.0,24.3,38.67
2023-11-17 00:22:00,619.0,24.3,38.67
2023-11-17 00:31:31,619.0,24.3,38.67
2023-11-17 00:41:41,641.0,24.4,38.67
2023-11-17 00:51:57,596.0,24.3,38.67
2023-11-17 01:02:13,636.0,24.3,38.28
2023-11-17 01:12:13,646.0,24.3,38.28
2023-11-17 01:22:16,592.0,24.2,38.28
2023-11-17 01:32:02,616.0,24.2,38.28
2023-11-17 01:42:20,640.0,24.3,38.28
2023-11-17 01:52:23,599.0,24.2,38.28
2023-11-17 02:02:25,596.0,24.2,38.28
2023-11-17 02:12:28,577.0,24.2,38.28
2023-11-17 02:22:30,647.0,24.3,38.28
2023-11-17 02:32:32,623.0,24.3,38.28
2023-11-17 02:42:35,598.0,24.2,38.28
2023-11-17 02:52:37,573.0,24.3,38.28
2023-11-17 03:02:40,563.0,24.2,38.28
2023-11-17 03:12:42,640.0,24.3,38.28
2023-11-17 03:22:44,602.0,24.3,38.28
2023-11-17 03:32:47,612.0,24.3,38.28
2023-11-17 03:42:49,547.0,24.3,38.28
2023-11-17 03:52:51,612.0,24.3,38.28
2023-11-17 04:02:54,560.0,24.3,38.28
2023-11-17 04:12:56,664.0,24.3,38.28
2023-11-17 04:22:43,637.0,24.3,38.28
2023-11-17 04:33:01,604.0,24.2,38.28
2023-11-17 04:43:03,607.0,24.3,38.28
2023-11-17 04:53:05,595.0,24.3,38.28
2023-11-17 05:03:07,588.0,24.3,38.28
2023-11-17 05:13:09,596.0,24.2,38.28
2023-11-17 05:23:12,595.0,24.3,38.28
2023-11-17 05:32:58,545.0,24.3,38.28
2023-11-17 05:43:17,573.0,24.3,38.28
2023-11-17 05:53:19,610.0,24.2,38.28
2023-11-17 06:03:21,588.0,24.2,38.28
2023-11-17 06:13:24,583.0,24.2,38.28
2023-11-17 06:23:26,601.0,24.2,38.28
2023-11-17 06:33:29,629.0,24.2,38.28
2023-11-17 06:43:31,585.0,24.3,38.28
2023-11-17 06:53:33,603.0,24.1,37.89
2023-11-17 07:03:04,603.0,24.1,37.89
2023-11-17 07:13:14,603.0,24.2,38.28
2023-11-17 07:23:30,522.0,24.2,38.28
2023-11-17 07:33:46,628.0,24.2,38.28
2023-11-17 07:43:30,575.0,24.2,38.28
2023-11-17 07:53:49,649.0,24.2,38.67
2023-11-17 08:03:51,644.0,24.1,38.67
2023-11-17 08:13:54,694.0,24.2,39.06
2023-11-17 08:23:56,717.0,24.2,39.45
2023-11-17 08:33:59,736.0,24.2,39.84
2023-11-17 08:44:01,819.0,24.1,40.23
2023-11-17 08:54:03,821.0,24.2,40.23
2023-11-17 09:04:06,921.0,24.2,40.23
2023-11-17 09:14:08,920.0,24.2,39.84
2023-11-17 09:24:14,986.0,24.2,40.23
2023-11-17 09:34:17,1062.0,24.1,40.23
2023-11-17 09:44:19,1114.0,24.1,40.23
2023-11-17 09:54:10,1058.0,24.1,39.45
2023-11-17 10:04:16,1118.0,24.0,39.45
2023-11-17 10:14:38,1202.0,24.1,40.23
2023-11-17 10:24:45,1334.0,24.1,40.62
2023-11-17 10:34:51,1294.0,24.1,40.62
2023-11-17 10:44:58,1344.0,24.2,40.62
2023-11-17 10:55:03,1443.0,24.1,41.02
2023-11-17 11:05:13,1568.0,24.1,41.02
2023-11-17 11:15:16,1507.0,24.1,41.02
2023-11-17 11:25:18,1450.0,24.1,41.02
2023-11-17 11:35:25,1502.0,24.1,41.02
2023-11-17 11:45:31,1480.0,24.2,41.02
2023-11-17 11:55:37,1515.0,24.2,41.02
2023-11-17 12:05:44,1509.0,24.2,41.02
2023-11-17 12:15:50,1554.0,24.2,41.02
2023-11-17 12:25:57,1540.0,24.2,41.02
2023-11-17 12:36:03,1492.0,24.3,41.02
2023-11-17 12:46:10,1640.0,24.3,41.02
2023-11-17 12:56:16,1649.0,24.2,41.02
2023-11-17 13:06:22,1531.0,24.3,40.62
2023-11-17 13:16:29,1531.0,24.2,40.23
2023-11-17 13:26:35,1490.0,24.2,40.23
2023-11-17 13:36:10,1490.0,24.2,40.23
2023-11-17 13:46:24,1674.0,24.2,40.62
2023-11-17 13:56:44,1670.0,24.3,40.62
2023-11-17 14:06:48,1846.0,24.3,41.02
2023-11-17 14:17:11,1781.0,24.3,40.62
2023-11-17 14:27:01,1853.0,24.2,41.02
2023-11-17 14:37:23,1841.0,24.3,41.02
2023-11-17 14:47:30,1886.0,24.2,41.02
2023-11-17 14:57:20,1890.0,24.3,40.62
2023-11-17 15:07:27,1832.0,24.3,40.62
2023-11-17 15:17:33,1767.0,24.2,40.23
2023-11-17 15:27:56,1704.0,24.2,39.84
2023-11-17 15:38:02,1628.0,24.3,39.84
2023-11-17 15:48:08,1591.0,24.3,39.45
2023-11-17 15:57:59,1740.0,24.2,39.84
2023-11-17 16:08:21,1611.0,24.3,39.45
2023-11-17 16:18:28,1535.0,24.2,39.06
2023-11-17 16:28:34,1627.0,24.3,39.45
2023-11-17 16:38:40,1646.0,24.2,39.84
2023-11-17 16:48:31,1686.0,24.2,39.84
2023-11-17 16:58:53,1644.0,24.1,39.84
2023-11-17 17:09:00,1514.0,24.2,39.45
2023-11-17 17:19:06,1428.0,24.1,39.45
2023-11-17 17:29:09,1412.0,24.2,39.45
2023-11-17 17:39:15,1337.0,24.2,39.06
2023-11-17 17:49:21,1332.0,24.2,39.06
2023-11-17 17:59:28,1232.0,24.1,39.06
2023-11-17 18:09:34,1230.0,24.1,38.67
2023-11-17 18:19:41,1219.0,24.2,39.06
2023-11-17 18:29:47,1226.0,24.2,39.06
2023-11-17 18:39:53,1195.0,24.1,38.67
2023-11-17 18:50:00,1102.0,24.0,38.67
2023-11-17 19:00:06,1028.0,24.1,38.67
2023-11-17 19:10:13,1069.0,24.1,38.67
2023-11-17 19:20:19,1083.0,24.1,38.67
2023-11-17 19:30:26,1019.0,24.1,38.28
2023-11-17 19:40:32,977.0,24.2,38.28
2023-11-17 19:50:38,931.0,24.0,38.28
2023-11-17 20:00:45,962.0,24.1,38.28
2023-11-17 20:10:19,962.0,24.1,38.28
2023-11-17 20:20:33,951.0,24.1,38.28
2023-11-17 20:30:54,895.0,24.1,38.28
2023-11-17 20:41:14,975.0,24.0,38.28
2023-11-17 20:51:18,1081.0,24.1,38.67
2023-11-17 21:01:24,1146.0,24.1,38.67
2023-11-17 21:11:31,1150.0,24.1,38.67
2023-11-17 21:21:37,984.0,24.1,38.28
2023-11-17 21:31:44,1062.0,24.1,38.28
2023-11-17 21:41:50,958.0,24.1,38.28
2023-11-17 21:51:56,958.0,24.1,38.28
2023-11-17 22:02:03,1003.0,24.0,37.89
2023-11-17 22:12:09,962.0,24.1,37.89
2023-11-17 22:22:11,835.0,24.1,37.89
2023-11-17 22:32:13,850.0,24.1,37.89
2023-11-17 22:42:15,839.0,24.1,37.89
2023-11-17 22:52:18,843.0,24.0,37.89
2023-11-17 23:02:19,805.0,24.1,37.89
2023-11-17 23:12:21,800.0,24.1,37.5
2023-11-17 23:22:24,814.0,24.1,37.5
2023-11-17 23:32:26,811.0,24.0,37.5
2023-11-17 23:42:29,728.0,24.1,37.5
2023-11-17 23:52:31,809.0,24.1,37.5
2023-11-18 00:02:33,862.0,24.0,37.5
2023-11-18 00:12:20,719.0,24.0,37.5
2023-11-18 00:22:38,755.0,24.1,37.5
2023-11-18 00:32:41,736.0,24.1,37.11
2023-11-18 00:42:43,712.0,24.0,37.5
2023-11-18 00:52:45,727.0,24.1,37.11
2023-11-18 01:02:47,787.0,24.1,37.11
2023-11-18 01:12:49,706.0,24.0,37.11
2023-11-18 01:22:51,759.0,24.1,37.11
2023-11-18 01:32:54,689.0,24.0,37.11
2023-11-18 01:42:56,691.0,24.1,37.11
2023-11-18 01:52:59,682.0,24.0,37.11
2023-11-18 02:03:01,699.0,24.0,37.11
2023-11-18 02:13:03,717.0,24.0,37.11
2023-11-18 02:22:50,680.0,24.0,37.11
2023-11-18 02:33:08,706.0,24.0,36.72
2023-11-18 02:42:39,706.0,24.0,36.72
2023-11-18 02:52:49,611.0,24.0,36.72
2023-11-18 03:03:05,640.0,24.0,37.11
2023-11-18 03:13:21,655.0,23.9,36.72
2023-11-18 03:23:05,638.0,23.9,36.72
2023-11-18 03:33:24,622.0,24.0,36.72
2023-11-18 03:43:10,601.0,24.0,36.72
2023-11-18 03:53:28,688.0,23.9,36.72
2023-11-18 04:03:31,621.0,23.9,36.72
2023-11-18 04:13:33,638.0,24.0,36.72
2023-11-18 04:23:36,587.0,23.9,36.72
2023-11-18 04:33:22,572.0,23.9,36.72
2023-11-18 04:43:40,652.0,23.9,36.72
2023-11-18 04:53:27,665.0,23.9,36.72
2023-11-18 05:03:44,599.0,23.9,36.33
2023-11-18 05:13:46,656.0,23.9,36.33
2023-11-18 05:23:49,622.0,23.9,36.33
2023-11-18 05:33:51,620.0,23.9,36.33
2023-11-18 05:43:54,589.0,23.9,36.33
2023-11-18 05:53:56,592.0,23.9,36.33
2023-11-18 06:03:58,660.0,23.9,36.33
2023-11-18 06:14:01,684.0,23.9,36.33
2023-11-18 06:24:03,632.0,23.9,36.33
2023-11-18 06:34:06,553.0,23.8,36.33
2023-11-18 06:44:08,549.0,23.8,36.33
2023-11-18 06:54:10,589.0,23.9,35.94
2023-11-18 07:04:12,592.0,23.8,35.94
2023-11-18 07:14:14,597.0,23.7,35.94
2023-11-18 07:24:16,604.0,23.8,35.94
2023-11-18 07:34:19,619.0,23.8,35.94
2023-11-18 07:44:21,607.0,23.8,35.94
2023-11-18 07:54:24,556.0,23.8,35.94
2023-11-18 08:04:26,539.0,23.7,35.94
2023-11-18 08:14:28,591.0,23.7,35.94
2023-11-18 08:24:31,587.0,23.8,35.55
2023-11-18 08:34:33,597.0,23.6,35.55
2023-11-18 08:44:36,539.0,23.7,35.94
2023-11-18 08:54:38,552.0,23.8,35.55
2023-11-18 09:04:40,546.0,23.6,35.55
2023-11-18 09:14:11,546.0,23.6,35.55
2023-11-18 09:24:21,568.0,23.7,35.55
2023-11-18 09:34:37,602.0,23.6,35.55
2023-11-18 09:44:37,527.0,23.7,35.55
2023-11-18 09:54:56,510.0,23.6,35.55
2023-11-18 10:04:58,565.0,23.7,35.55
2023-11-18 10:15:00,510.0,23.6,35.55
2023-11-18 10:25:03,567.0,23.7,35.55
2023-11-18 10:35:05,567.0,23.6,35.55
2023-11-18 10:45:08,594.0,23.6,35.55
2023-11-18 10:55:10,616.0,23.7,35.55
2023-11-18 11:04:55,536.0,23.6,35.55
2023-11-18 11:15:14,541.0,23.6,35.94
2023-11-18 11:25:16,549.0,23.7,35.55
2023-11-18 11:35:18,538.0,23.6,35.55
2023-11-18 11:45:21,518.0,23.6,35.55
2023-11-18 11:55:23,538.0,23.7,35.55
2023-11-18 12:05:26,507.0,23.5,35.55
2023-11-18 12:15:28,541.0,23.6,35.55
2023-11-18 12:25:30,551.0,23.6,35.55
2023-11-18 12:35:33,555.0,23.6,35.55
2023-11-18 12:45:35,502.0,23.5,35.55
2023-11-18 12:55:22,535.0,23.6,35.55
2023-11-18 13:05:39,537.0,23.6,35.55
2023-11-18 13:15:41,486.0,23.6,35.16
2023-11-18 13:25:44,531.0,23.5,35.16
2023-11-18 13:35:46,557.0,23.5,35.16
2023-11-18 13:45:48,537.0,23.6,35.16
2023-11-18 13:55:51,557.0,23.6,35.16
2023-11-18 14:05:53,512.0,23.5,35.16
2023-11-18 14:15:56,522.0,23.5,35.16
2023-11-18 14:25:58,509.0,23.5,35.16
2023-11-18 14:36:00,539.0,23.5,35.16
2023-11-18 14:46:03,504.0,23.6,35.16
2023-11-18 14:56:05,506.0,23.5,35.16
2023-11-18 15:06:08,490.0,23.5,35.16
2023-11-18 15:16:10,571.0,23.6,35.16
2023-11-18 15:26:12,464.0,23.5,35.16
2023-11-18 15:36:15,498.0,23.6,35.16
2023-11-18 15:45:45,498.0,23.6,35.16
2023-11-18 15:55:55,492.0,23.5,34.77
2023-11-18 16:06:12,501.0,23.5,34.77
2023-11-18 16:16:28,556.0,23.5,34.77
2023-11-18 16:26:28,472.0,23.5,34.77
2023-11-18 16:36:14,468.0,23.6,34.77
2023-11-18 16:46:33,539.0,23.5,34.77
2023-11-18 16:56:35,485.0,23.5,34.77
2023-11-18 17:06:36,418.0,23.5,34.77
2023-11-18 17:16:39,511.0,23.5,34.77
2023-11-18 17:26:41,536.0,23.5,34.77
2023-11-18 17:36:43,465.0,23.5,34.77
2023-11-18 17:46:30,454.0,23.5,34.77
2023-11-18 17:56:48,498.0,23.4,34.77
2023-11-18 18:06:51,510.0,23.5,34.77
2023-11-18 18:16:53,455.0,23.5,34.77
2023-11-18 18:26:55,497.0,23.5,34.77
2023-11-18 18:36:58,452.0,23.5,34.77
2023-11-18 18:47:00,470.0,23.4,34.77
2023-11-18 18:57:03,497.0,23.5,34.77
2023-11-18 19:07:04,490.0,23.5,35.16
2023-11-18 19:17:06,501.0,23.4,35.16
2023-11-18 19:27:09,488.0,23.5,35.16
2023-11-18 19:37:11,485.0,23.4,35.16
2023-11-18 19:47:13,472.0,23.5,35.16
2023-11-18 19:57:16,534.0,23.4,35.16
2023-11-18 20:07:18,451.0,23.5,35.16
2023-11-18 20:17:21,485.0,23.4,35.16
2023-11-18 20:27:23,428.0,23.5,35.16
2023-11-18 20:37:09,460.0,23.5,35.55
2023-11-18 20:47:28,478.0,23.5,35.16
2023-11-18 20:57:30,463.0,23.4,35.55
2023-11-18 21:07:33,498.0,23.4,35.55
2023-11-18 21:17:35,468.0,23.4,35.55
2023-11-18 21:27:37,501.0,23.4,35.55
2023-11-18 21:37:40,480.0,23.4,35.55
2023-11-18 21:47:42,455.0,23.4,35.55
2023-11-18 21:57:45,520.0,23.4,35.55
2023-11-18 22:07:47,446.0,23.4,35.55
2023-11-18 22:17:17,446.0,23.4,35.55
2023-11-18 22:27:28,445.0,23.3,35.55
2023-11-18 22:48:00,419.0,23.4,35.55
2023-11-18 22:58:00,484.0,23.4,35.55
2023-11-18 23:08:02,482.0,23.4,35.55
2023-11-18 23:18:05,496.0,23.4,35.55
2023-11-18 23:28:07,453.0,23.4,35.55
2023-11-18 23:38:09,496.0,23.4,35.55
2023-11-18 23:48:12,471.0,23.4,35.55
2023-11-18 23:58:14,499.0,23.4,35.55
2023-11-19 00:08:01,398.0,23.4,35.55
2023-11-19 00:18:03,468.0,23.4,35.55
2023-11-19 00:28:21,424.0,23.4,35.55
2023-11-19 00:38:24,478.0,23.4,35.55
2023-11-19 00:48:26,510.0,23.4,35.55
2023-11-19 00:58:29,469.0,23.4,35.55
2023-11-19 01:08:30,441.0,23.3,35.55
2023-11-19 01:18:32,411.0,23.4,35.94
2023-11-19 01:28:35,463.0,23.4,35.94
2023-11-19 01:38:37,427.0,23.4,35.94
2023-11-19 01:48:39,445.0,23.4,35.94
2023-11-19 01:58:42,461.0,23.4,35.94
2023-11-19 02:08:44,406.0,23.4,35.94
2023-11-19 02:18:47,438.0,23.4,35.94
2023-11-19 02:28:49,433.0,23.4,35.94
2023-11-19 02:38:51,474.0,23.4,35.94
2023-11-19 02:48:54,489.0,23.4,35.94
2023-11-19 02:58:56,491.0,23.3,35.94
2023-11-19 03:08:57,424.0,23.4,35.94
2023-11-19 03:18:44,484.0,23.3,35.94
2023-11-19 03:29:02,481.0,23.4,35.94
2023-11-19 03:39:05,432.0,23.3,35.94
2023-11-19 03:49:07,432.0,23.3,35.94
2023-11-19 03:59:09,472.0,23.4,35.94
2023-11-19 04:09:12,464.0,23.3,35.94
2023-11-19 04:19:14,443.0,23.3,35.94
2023-11-19 04:29:01,469.0,23.3,35.94
2023-11-19 04:39:19,424.0,23.3,35.94
2023-11-19 04:48:49,424.0,23.3,35.94
2023-11-19 04:59:00,461.0,23.4,36.33
2023-11-19 05:09:16,425.0,23.3,36.33
2023-11-19 05:19:32,441.0,23.3,36.33
2023-11-19 05:29:32,432.0,23.3,36.33
2023-11-19 05:39:35,467.0,23.4,36.33
2023-11-19 05:49:37,446.0,23.4,36.33
2023-11-19 05:59:39,443.0,23.3,36.33
2023-11-19 06:09:42,491.0,23.3,36.33
2023-11-19 06:19:44,417.0,23.4,36.33
2023-11-19 06:29:47,410.0,23.3,36.33
2023-11-19 06:39:33,407.0,23.3,36.33
2023-11-19 06:49:35,508.0,23.3,36.33
2023-11-19 06:59:54,423.0,23.3,36.33
2023-11-19 07:09:55,462.0,23.3,36.33
2023-11-19 07:19:57,462.0,23.3,36.33
2023-11-19 07:30:00,495.0,23.3,36.33
2023-11-19 07:40:02,436.0,23.3,36.72
2023-11-19 07:50:04,436.0,23.3,36.72
2023-11-19 08:00:07,481.0,23.3,36.72
2023-11-19 08:10:09,483.0,23.3,36.72
2023-11-19 08:20:12,491.0,23.3,36.72
2023-11-19 08:30:14,426.0,23.2,36.72
2023-11-19 08:40:16,462.0,23.3,36.72
2023-11-19 08:50:19,476.0,23.2,36.72
2023-11-19 09:00:21,473.0,23.3,36.72
2023-11-19 09:10:22,458.0,23.3,36.72
2023-11-19 09:20:25,453.0,23.2,36.72
2023-11-19 09:30:27,478.0,23.3,37.11
2023-11-19 09:40:30,470.0,23.2,36.72
2023-11-19 09:50:32,523.0,23.3,37.11
2023-11-19 10:00:34,460.0,23.3,36.72
2023-11-19 10:10:37,458.0,23.3,36.72
2023-11-19 10:20:39,386.0,23.4,37.11
2023-11-19 10:30:42,444.0,23.2,37.11
2023-11-19 10:40:44,490.0,23.2,37.11
2023-11-19 10:50:46,444.0,23.3,37.11
2023-11-19 11:00:49,486.0,23.3,37.11
2023-11-19 11:10:50,427.0,23.3,37.11
2023-11-19 11:20:20,427.0,23.3,37.11
2023-11-19 11:30:31,453.0,23.3,37.11
2023-11-19 11:40:47,468.0,23.3,37.11
2023-11-19 11:51:03,466.0,23.4,37.11
2023-11-19 12:01:03,462.0,23.3,37.11
2023-11-19 12:10:49,478.0,23.4,37.11
2023-11-19 12:21:08,476.0,23.3,37.11
2023-11-19 12:31:11,504.0,23.3,37.11
2023-11-19 12:41:13,445.0,23.4,37.11
2023-11-19 12:51:15,470.0,23.3,37.11
2023-11-19 13:01:17,476.0,23.3,37.11
2023-11-19 13:11:19,501.0,23.3,37.11
2023-11-19 13:21:21,468.0,23.3,37.11
2023-11-19 13:31:23,480.0,23.3,37.11
2023-11-19 13:41:26,537.0,23.3,37.11
2023-11-19 13:51:28,498.0,23.3,37.11
2023-11-19 14:01:31,495.0,23.3,37.5
2023-11-19 14:11:33,466.0,23.3,37.5
2023-11-19 14:21:35,504.0,23.2,37.11
2023-11-19 14:31:38,509.0,23.4,37.11
2023-11-19 14:41:40,504.0,23.3,37.11
2023-11-19 14:51:43,471.0,23.2,37.11
2023-11-19 15:01:29,491.0,23.3,37.11
2023-11-19 15:11:31,437.0,23.3,37.11
2023-11-19 15:21:50,473.0,23.2,37.11
2023-11-19 15:31:52,462.0,23.2,37.11
2023-11-19 15:41:55,442.0,23.3,37.11
2023-11-19 15:51:57,473.0,23.2,37.11
2023-11-19 16:01:59,397.0,23.2,37.11
2023-11-19 16:12:02,442.0,23.3,37.11
2023-11-19 16:22:04,452.0,23.2,37.11
2023-11-19 16:31:51,444.0,23.4,37.11
2023-11-19 16:42:09,478.0,23.3,37.11
2023-11-19 16:52:11,468.0,23.3,37.11
2023-11-19 17:02:14,444.0,23.2,37.11
2023-11-19 17:12:15,471.0,23.2,37.11
2023-11-19 17:22:17,471.0,23.2,37.11
2023-11-19 17:32:20,529.0,23.3,37.11
2023-11-19 17:42:22,466.0,23.3,37.11
2023-11-19 17:51:53,466.0,23.3,37.11
2023-11-19 18:02:03,460.0,23.3,37.11
2023-11-19 18:12:19,490.0,23.2,37.11
2023-11-19 18:22:35,413.0,23.2,37.11
2023-11-19 18:32:19,437.0,23.3,37.11
2023-11-19 18:42:22,466.0,23.2,37.11
2023-11-19 18:52:40,489.0,23.3,37.11
2023-11-19 19:02:42,466.0,23.2,37.11
2023-11-19 19:12:45,496.0,23.2,37.11
2023-11-19 19:22:47,414.0,23.2,37.5
2023-11-19 19:32:50,424.0,23.2,37.5
2023-11-19 19:42:36,444.0,23.3,37.5
2023-11-19 19:52:54,453.0,23.2,37.11
2023-11-19 20:02:57,463.0,23.2,37.11
2023-11-19 20:12:59,455.0,23.3,37.11
2023-11-19 20:23:02,483.0,23.2,37.5
2023-11-19 20:33:04,445.0,23.2,37.11
2023-11-19 20:43:06,483.0,23.2,37.5
2023-11-19 20:52:53,432.0,23.2,37.11
2023-11-19 21:03:11,452.0,23.3,37.5
2023-11-19 21:13:13,397.0,23.4,37.11
2023-11-19 21:23:16,471.0,23.3,37.11
2023-11-19 21:33:18,468.0,23.4,37.5
2023-11-19 21:43:21,480.0,23.4,37.5
2023-11-19 21:53:07,414.0,23.3,37.11
2023-11-19 22:03:26,437.0,23.3,37.11
2023-11-19 22:13:28,442.0,23.3,37.11
2023-11-19 22:23:30,427.0,23.3,37.11
2023-11-19 22:33:33,413.0,23.2,37.11
2023-11-19 22:43:35,444.0,23.2,37.11
2023-11-19 22:53:37,471.0,23.2,37.11
2023-11-19 23:03:40,434.0,23.2,37.11
2023-11-19 23:13:42,449.0,23.3,37.11
2023-11-19 23:23:45,427.0,23.3,37.5
2023-11-19 23:33:47,471.0,23.4,37.11
2023-11-19 23:43:49,450.0,23.3,37.11
2023-11-19 23:53:52,481.0,23.3,37.11
2023-11-20 00:03:54,437.0,23.3,37.11
2023-11-20 00:13:57,483.0,23.3,37.11
2023-11-20 00:23:27,483.0,23.3,37.11
2023-11-20 00:33:37,380.0,23.3,37.11
2023-11-20 00:43:53,413.0,23.4,37.11
2023-11-20 00:54:10,458.0,23.3,37.11
2023-11-20 01:03:54,432.0,23.3,37.11
2023-11-20 01:14:11,432.0,23.4,37.11
2023-11-20 01:24:13,476.0,23.3,37.11
2023-11-20 01:34:16,481.0,23.3,37.11
2023-11-20 01:44:18,460.0,23.3,37.11
2023-11-20 01:54:20,444.0,23.3,37.11
2023-11-20 02:04:23,427.0,23.4,37.11
2023-11-20 02:14:25,468.0,23.3,37.11
2023-11-20 02:24:12,455.0,23.4,37.11
2023-11-20 02:34:30,476.0,23.3,37.11
2023-11-20 02:44:32,423.0,23.4,37.11
2023-11-20 02:54:35,400.0,23.4,37.11
2023-11-20 03:04:37,426.0,23.3,37.11
2023-11-20 03:14:40,455.0,23.4,37.11
2023-11-20 03:24:42,416.0,23.4,37.11
2023-11-20 03:34:44,424.0,23.3,37.11
2023-11-20 03:44:47,453.0,23.2,37.11
2023-11-20 03:54:49,421.0,23.3,37.11
2023-11-20 04:04:52,455.0,23.3,37.11
2023-11-20 04:14:54,423.0,23.4,37.11
2023-11-20 04:24:56,483.0,23.2,37.11
2023-11-20 04:34:43,463.0,23.2,37.11
2023-11-20 04:45:01,396.0,23.3,37.11
2023-11-20 04:55:04,393.0,23.3,37.11
2023-11-20 05:05:06,414.0,23.4,37.11
2023-11-20 05:15:08,437.0,23.3,37.5
2023-11-20 05:25:11,440.0,23.3,37.11
2023-11-20 05:35:13,427.0,23.3,37.11
2023-11-20 05:45:16,421.0,23.3,37.11
2023-11-20 05:55:18,450.0,23.3,37.11
2023-11-20 06:05:20,371.0,23.2,37.11
2023-11-20 06:15:23,462.0,23.2,37.11
2023-11-20 06:25:25,490.0,23.3,37.11
2023-11-20 06:35:28,407.0,23.2,37.11
2023-11-20 06:45:30,408.0,23.3,37.11
2023-11-20 06:55:00,408.0,23.3,37.11
2023-11-20 07:05:11,403.0,23.3,37.11
2023-11-20 07:15:27,388.0,23.2,37.11
2023-11-20 07:25:43,435.0,23.2,37.11
2023-11-20 07:35:43,445.0,23.3,37.5
2023-11-20 07:45:45,528.0,23.2,37.5
2023-11-20 07:55:32,515.0,23.2,37.89
2023-11-20 08:05:50,527.0,23.2,38.67
2023-11-20 08:15:53,585.0,23.2,39.06
2023-11-20 08:25:55,688.0,23.2,39.06
2023-11-20 08:35:57,676.0,23.2,39.06
2023-11-20 08:46:00,797.0,23.2,39.06
2023-11-20 08:56:02,797.0,23.2,39.06
2023-11-20 09:06:04,862.0,23.3,39.06
2023-11-20 09:16:06,883.0,23.2,39.06
2023-11-20 09:26:08,929.0,23.3,39.45
2023-11-20 09:36:11,945.0,23.3,39.06
2023-11-20 09:46:17,1025.0,23.3,39.84
2023-11-20 09:56:19,1126.0,23.3,40.23
2023-11-20 10:06:26,1251.0,23.4,40.62
2023-11-20 10:16:32,1219.0,23.4,40.23
2023-11-20 10:26:39,1284.0,23.4,40.62
2023-11-20 10:36:45,1284.0,23.5,40.62
2023-11-20 10:46:51,1315.0,23.3,40.62
2023-11-20 10:57:02,1570.0,23.5,40.62
2023-11-20 11:07:04,1478.0,23.4,40.62
2023-11-20 11:17:11,1391.0,23.4,40.23
2023-11-20 11:27:13,1388.0,23.4,40.23
2023-11-20 11:37:15,1347.0,23.5,40.23
2023-11-20 11:47:22,1412.0,23.4,40.23
2023-11-20 11:57:28,1494.0,23.4,40.23
2023-11-20 12:07:39,1763.0,23.4,41.02
2023-11-20 12:17:41,1788.0,23.4,41.02
2023-11-20 12:27:44,1883.0,23.4,41.41
2023-11-20 12:37:50,1839.0,23.4,41.41
2023-11-20 12:47:56,1962.0,23.5,41.8
2023-11-20 12:58:03,2066.0,23.5,42.19
2023-11-20 13:08:09,2040.0,23.5,41.8
2023-11-20 13:18:14,1929.0,23.5,41.8
2023-11-20 13:27:49,1929.0,23.5,41.8
2023-11-20 13:38:03,1842.0,23.5,40.62
2023-11-20 13:48:23,1824.0,23.5,40.62
2023-11-20 13:58:43,1829.0,23.5,40.62
2023-11-20 14:08:32,1827.0,23.6,41.02
2023-11-20 14:18:54,1855.0,23.6,41.02
2023-11-20 14:29:00,1912.0,23.6,41.02
2023-11-20 14:39:07,1841.0,23.6,40.62
2023-11-20 14:49:13,1841.0,23.6,40.62
2023-11-20 14:59:20,1863.0,23.6,40.62
2023-11-20 15:09:10,1884.0,23.7,41.02
2023-11-20 15:19:15,1924.0,23.7,41.02
2023-11-20 15:29:38,1622.0,23.7,39.84
2023-11-20 15:39:28,1410.0,23.7,38.67
2023-11-20 15:49:46,1507.0,23.7,39.06
2023-11-20 15:59:53,1603.0,23.7,39.45
2023-11-20 16:09:55,1687.0,23.8,39.45
2023-11-20 16:19:42,1680.0,23.6,39.84
2023-11-20 16:30:04,1689.0,23.7,39.84
2023-11-20 16:40:11,1744.0,23.6,39.84
2023-11-20 16:50:17,1760.0,23.7,39.84
2023-11-20 17:00:23,1731.0,23.8,39.84
2023-11-20 17:10:30,1605.0,23.7,39.45
2023-11-20 17:20:35,1609.0,23.8,39.45
2023-11-20 17:30:41,1677.0,23.8,39.45
2023-11-20 17:40:48,1598.0,23.8,39.45
2023-11-20 17:50:54,1501.0,23.6,39.45
2023-11-20 18:01:01,1542.0,23.8,39.06
2023-11-20 18:11:07,1476.0,23.7,39.06
2023-11-20 18:21:18,1429.0,23.6,39.06
2023-11-20 18:31:20,1323.0,23.7,38.67
2023-11-20 18:41:22,1335.0,23.7,38.67
2023-11-20 18:51:29,1285.0,23.6,38.67
2023-11-20 19:01:35,1257.0,23.7,38.67
2023-11-20 19:11:42,1232.0,23.6,38.67
2023-11-20 19:21:47,1247.0,23.7,38.67
2023-11-20 19:31:53,1224.0,23.7,38.67
2023-11-20 19:42:00,1167.0,23.7,38.28
2023-11-20 19:52:06,1191.0,23.7,38.28
2023-11-20 20:01:41,1191.0,23.7,38.28
2023-11-20 20:11:55,1185.0,23.7,38.28
2023-11-20 20:22:15,1126.0,23.7,38.28
2023-11-20 20:32:35,1098.0,23.7,38.28
2023-11-20 20:42:39,1036.0,23.7,37.89
2023-11-20 20:52:46,1038.0,23.7,37.89
2023-11-20 21:02:52,1063.0,23.7,37.89
2023-11-20 21:12:58,1087.0,23.8,38.28
2023-11-20 21:23:04,1012.0,23.7,37.89
2023-11-20 21:33:11,938.0,23.8,37.89
2023-11-20 21:43:17,1009.0,23.7,37.89
2023-11-20 21:53:23,980.0,23.7,37.89
2023-11-20 22:03:29,984.0,23.7,37.89
2023-11-20 22:13:36,967.0,23.7,37.89
2023-11-20 22:23:42,973.0,23.7,37.89
2023-11-20 22:33:49,946.0,23.8,37.89
2023-11-20 22:43:55,909.0,23.8,37.89
2023-11-20 22:54:01,969.0,23.7,37.89
2023-11-20 23:04:08,913.0,23.7,37.89
2023-11-20 23:14:14,881.0,23.8,37.89
2023-11-20 23:24:20,876.0,23.8,37.89
2023-11-20 23:34:26,904.0,23.7,37.5
2023-11-20 23:44:32,869.0,23.6,37.5
2023-11-20 23:54:39,919.0,23.7,37.89
2023-11-21 00:04:41,820.0,23.7,37.5
2023-11-21 00:14:44,887.0,23.8,37.5
2023-11-21 00:24:46,876.0,23.7,37.5
2023-11-21 00:34:49,899.0,23.8,37.5
2023-11-21 00:44:51,813.0,23.7,37.5
2023-11-21 00:54:53,833.0,23.8,37.5
2023-11-21 01:04:56,884.0,23.7,37.5
2023-11-21 01:14:58,783.0,23.7,37.5
2023-11-21 01:24:59,815.0,23.8,37.5
2023-11-21 01:35:02,810.0,23.8,37.5
2023-11-21 01:45:04,793.0,23.8,37.5
2023-11-21 01:55:07,744.0,23.6,37.5
2023-11-21 02:05:09,802.0,23.7,37.5
2023-11-21 02:15:11,800.0,23.7,37.11
2023-11-21 02:25:14,750.0,23.8,37.5
2023-11-21 02:34:44,750.0,23.8,37.5
2023-11-21 02:44:54,757.0,23.7,37.11
2023-11-21 02:55:11,790.0,23.8,37.11
2023-11-21 03:05:27,751.0,23.7,37.11
2023-11-21 03:15:27,755.0,23.7,37.11
2023-11-21 03:25:13,783.0,23.8,37.11
2023-11-21 03:35:32,741.0,23.8,37.11
2023-11-21 03:45:34,767.0,23.8,37.11
2023-11-21 03:55:36,762.0,23.8,37.11
2023-11-21 04:05:39,741.0,23.8,37.11
2023-11-21 04:15:41,767.0,23.7,37.11
2023-11-21 04:25:44,732.0,23.8,37.5
2023-11-21 04:35:46,741.0,23.8,37.5
2023-11-21 04:45:48,697.0,23.8,37.5
2023-11-21 04:55:51,716.0,23.8,37.5
2023-11-21 05:05:53,776.0,23.7,37.5
2023-11-21 05:15:56,688.0,23.8,37.5
2023-11-21 05:25:57,711.0,23.7,37.11
2023-11-21 05:35:59,695.0,23.7,37.11
2023-11-21 05:46:02,715.0,23.7,37.11
2023-11-21 05:56:04,716.0,23.7,37.11
2023-11-21 06:06:06,706.0,23.8,37.11
2023-11-21 06:16:09,683.0,23.7,37.11
2023-11-21 06:26:11,723.0,23.8,37.11
2023-11-21 06:36:14,692.0,23.8,37.11
2023-11-21 06:46:00,681.0,23.7,37.11
2023-11-21 06:56:18,674.0,23.8,37.11
2023-11-21 07:06:21,656.0,23.7,37.11
2023-11-21 07:16:23,672.0,23.7,37.11
2023-11-21 07:26:24,737.0,23.7,36.72
2023-11-21 07:36:27,714.0,23.7,37.11
2023-11-21 07:46:14,757.0,23.7,37.5
2023-11-21 07:56:32,784.0,23.7,37.89
2023-11-21 08:06:34,822.0,23.7,38.28
2023-11-21 08:16:36,815.0,23.7,38.28
2023-11-21 08:26:43,961.0,23.7,38.67
2023-11-21 08:36:45,1135.0,23.7,39.06
2023-11-21 08:46:48,1105.0,23.7,39.45
2023-11-21 08:56:54,1107.0,23.7,39.45
2023-11-21 09:06:28,1107.0,23.7,39.45
2023-11-21 09:16:43,1244.0,23.7,40.23
2023-11-21 09:27:03,1206.0,23.6,39.84
2023-11-21 09:37:23,1179.0,23.6,39.84
2023-11-21 09:47:27,1161.0,23.8,39.45
2023-11-21 09:57:33,1120.0,23.7,39.06
2023-11-21 10:07:40,1107.0,23.6,39.06
2023-11-21 10:17:46,1135.0,23.7,38.67
2023-11-21 10:27:53,1246.0,23.6,38.67
2023-11-21 10:37:59,1214.0,23.6,39.06
2023-11-21 10:48:06,1301.0,23.7,39.45
2023-11-21 10:58:12,1309.0,23.6,39.45
2023-11-21 11:08:18,1309.0,23.6,39.45
2023-11-21 11:18:25,1301.0,23.6,39.06
2023-11-21 11:28:30,1301.0,23.6,39.06
2023-11-21 11:38:36,1256.0,23.7,39.06
2023-11-21 11:48:43,1287.0,23.7,39.45
2023-11-21 11:58:49,1437.0,23.6,39.84
2023-11-21 12:08:56,1538.0,23.6,40.23
2023-11-21 12:19:02,1453.0,23.7,39.84
2023-11-21 12:29:09,1487.0,23.7,39.45
2023-11-21 12:39:15,1427.0,23.6,39.84
2023-11-21 12:49:21,1375.0,23.7,39.45
2023-11-21 12:59:28,1444.0,23.8,39.06
2023-11-21 13:09:34,1408.0,23.7,39.06
2023-11-21 13:19:41,1406.0,23.7,39.06
2023-11-21 13:29:46,1428.0,23.7,38.67
2023-11-21 13:39:52,1499.0,23.8,39.06
2023-11-21 13:49:59,1612.0,23.7,39.06
2023-11-21 14:00:01,1677.0,23.7,39.06
2023-11-21 14:10:04,1736.0,23.8,39.45
2023-11-21 14:20:10,1800.0,23.8,39.45
2023-11-21 14:30:16,1829.0,23.7,39.06
2023-11-21 14:40:23,1702.0,23.7,38.67
2023-11-21 14:50:29,1592.0,23.8,37.89
2023-11-21 15:00:36,1857.0,23.8,38.67
2023-11-21 15:10:42,1932.0,23.8,39.45
2023-11-21 15:20:48,1994.0,23.8,39.45
2023-11-21 15:30:55,2016.0,23.8,39.06
2023-11-21 15:40:29,2016.0,23.8,39.06
2023-11-21 15:50:44,2001.0,23.8,39.45
2023-11-21 16:01:04,2015.0,23.7,39.84
2023-11-21 16:11:24,1986.0,23.8,39.84
2023-11-21 16:21:28,1921.0,23.8,39.84
2023-11-21 16:31:34,1819.0,23.8,39.45
2023-11-21 16:41:41,1769.0,23.7,39.45
2023-11-21 16:51:47,1855.0,23.8,39.84
2023-11-21 17:01:54,1818.0,23.8,39.84
2023-11-21 17:12:00,1888.0,23.7,39.84
2023-11-21 17:22:06,1818.0,23.7,39.45
2023-11-21 17:32:13,1710.0,23.7,39.06
2023-11-21 17:42:19,1643.0,23.7,38.67
2023-11-21 17:52:26,1565.0,23.7,38.67
2023-11-21 18:02:32,1503.0,23.7,38.28
2023-11-21 18:12:39,1467.0,23.8,37.89
2023-11-21 18:22:45,1422.0,23.7,37.5
2023-11-21 18:32:47,1503.0,23.7,37.89
2023-11-21 18:42:50,1531.0,23.7,37.89
2023-11-21 18:52:56,1441.0,23.8,37.89
2023-11-21 19:03:03,1423.0,23.7,37.89
2023-11-21 19:13:09,1431.0,23.7,37.89
2023-11-21 19:23:15,1337.0,23.7,37.89
2023-11-21 19:33:06,1336.0,23.6,37.89
2023-11-21 19:43:28,1316.0,23.6,37.89
2023-11-21 19:53:35,1355.0,23.6,37.89
2023-11-21 20:03:41,1252.0,23.6,37.5
2023-11-21 20:13:47,1275.0,23.6,37.5
2023-11-21 20:23:54,1258.0,23.7,37.5
2023-11-21 20:34:00,1105.0,23.7,37.11
2023-11-21 20:44:07,1200.0,23.7,37.11
2023-11-21 20:54:13,1208.0,23.7,37.11
2023-11-21 21:04:20,1080.0,23.6,37.11
2023-11-21 21:14:26,1123.0,23.7,36.72
2023-11-21 21:24:32,1076.0,23.7,36.72
2023-11-21 21:34:39,1047.0,23.7,36.72
2023-11-21 21:44:45,946.0,23.6,36.72
2023-11-21 21:54:52,968.0,23.6,36.72
2023-11-21 22:04:58,981.0,23.6,36.72
2023-11-21 22:14:32,981.0,23.6,36.72
2023-11-21 22:24:47,966.0,23.7,36.33
2023-11-21 22:35:03,836.0,23.6,36.33
2023-11-21 22:45:19,840.0,23.7,36.33
2023-11-21 22:55:19,862.0,23.6,36.33
2023-11-21 23:05:06,854.0,23.7,36.33
2023-11-21 23:15:24,829.0,23.7,35.94
2023-11-21 23:25:26,853.0,23.7,35.94
2023-11-21 23:35:28,823.0,23.6,35.94
2023-11-21 23:45:30,752.0,23.6,35.94
2023-11-21 23:55:32,761.0,23.7,35.94
2023-11-22 00:05:19,798.0,23.7,35.94
2023-11-22 00:15:21,736.0,23.6,35.94
2023-11-22 00:25:40,731.0,23.7,35.55
2023-11-22 00:35:42,771.0,23.7,35.55
2023-11-22 00:45:44,731.0,23.6,35.55
2023-11-22 00:55:47,723.0,23.6,35.55
2023-11-22 01:05:49,679.0,23.6,35.55
2023-11-22 01:15:52,685.0,23.6,35.55
2023-11-22 01:25:54,721.0,23.6,35.55
2023-11-22 01:35:56,730.0,23.6,35.55
2023-11-22 01:45:59,693.0,23.6,35.55
2023-11-22 01:56:01,693.0,23.6,35.55
2023-11-22 02:06:04,713.0,23.6,35.55
2023-11-22 02:16:06,720.0,23.6,35.55
2023-11-22 02:26:08,666.0,23.5,35.16
2023-11-22 02:36:11,704.0,23.6,35.16
2023-11-22 02:46:13,681.0,23.5,35.16
2023-11-22 02:56:16,661.0,23.5,35.16
2023-11-22 03:06:18,674.0,23.6,35.16
2023-11-22 03:16:20,655.0,23.6,35.16
2023-11-22 03:26:23,669.0,23.5,35.16
2023-11-22 03:36:25,605.0,23.5,35.16
2023-11-22 03:46:28,672.0,23.5,35.16
2023-11-22 03:56:30,608.0,23.6,35.16
2023-11-22 04:06:32,632.0,23.5,35.16
2023-11-22 04:16:35,606.0,23.5,35.16
2023-11-22 04:26:37,632.0,23.5,35.16
2023-11-22 04:36:40,685.0,23.5,35.16
2023-11-22 04:46:10,685.0,23.5,35.16
2023-11-22 04:56:20,627.0,23.6,35.16
2023-11-22 05:06:36,646.0,23.6,35.55
2023-11-22 05:16:52,611.0,23.5,35.16
2023-11-22 05:26:37,680.0,23.5,35.16
2023-11-22 05:36:55,644.0,23.6,35.16
2023-11-22 05:46:57,601.0,23.5,35.16
2023-11-22 05:57:00,708.0,23.6,35.16
2023-11-22 06:07:02,632.0,23.5,35.16
2023-11-22 06:17:05,719.0,23.5,34.77
2023-11-22 06:27:07,581.0,23.6,34.77
2023-11-22 06:37:09,601.0,23.5,34.77
2023-11-22 06:47:12,643.0,23.6,34.77
2023-11-22 06:57:14,616.0,23.5,34.77
2023-11-22 07:07:17,652.0,23.6,34.77
2023-11-22 07:17:19,593.0,23.5,34.77
2023-11-22 07:27:21,659.0,23.5,34.77
2023-11-22 07:37:24,662.0,23.5,35.16
2023-11-22 07:47:26,655.0,23.5,35.55
2023-11-22 07:57:29,674.0,23.4,35.94
2023-11-22 08:07:31,768.0,23.5,36.33
2023-11-22 08:17:33,851.0,23.5,36.72
2023-11-22 08:27:40,962.0,23.4,37.5
2023-11-22 08:37:26,1013.0,23.4,37.89
2023-11-22 08:47:45,1059.0,23.3,38.28
2023-11-22 08:57:51,1041.0,23.3,38.28
2023-11-22 09:07:57,1130.0,23.4,38.67
2023-11-22 09:18:04,1159.0,23.4,38.67
2023-11-22 09:28:10,1315.0,23.4,39.06
2023-11-22 09:38:16,1350.0,23.5,39.45
2023-11-22 09:48:22,1304.0,23.4,39.06
2023-11-22 09:58:28,1390.0,23.3,39.45
2023-11-22 10:08:35,1459.0,23.4,39.06
2023-11-22 10:18:41,1510.0,23.4,39.45
2023-11-22 10:28:48,1471.0,23.4,39.45
2023-11-22 10:38:58,1584.0,23.5,39.45
2023-11-22 10:49:00,1573.0,23.5,39.84
2023-11-22 10:59:03,1656.0,23.5,39.84
2023-11-22 11:09:09,1638.0,23.5,39.45
2023-11-22 11:18:44,1638.0,23.5,39.45
2023-11-22 11:28:58,1701.0,23.5,39.45
2023-11-22 11:39:18,1563.0,23.5,38.67
2023-11-22 11:49:38,1526.0,23.5,38.67
2023-11-22 11:59:42,1507.0,23.5,38.67
2023-11-22 12:09:49,1622.0,23.5,38.28
2023-11-22 12:19:55,1499.0,23.4,37.89
2023-11-22 12:30:02,1466.0,23.4,37.5
2023-11-22 12:40:08,1402.0,23.4,37.5
2023-11-22 12:50:10,1493.0,23.4,37.89
2023-11-22 13:00:17,1558.0,23.4,38.28
2023-11-22 13:10:19,1650.0,23.4,38.28
2023-11-22 13:20:22,1827.0,23.4,39.06
2023-11-22 13:30:28,1981.0,23.5,39.45
2023-11-22 13:40:34,1946.0,23.5,39.84
2023-11-22 13:50:41,1802.0,23.5,39.06
2023-11-22 14:00:47,1945.0,23.5,39.45
2023-11-22 14:10:54,1988.0,23.5,39.45
2023-11-22 14:21:00,2340.0,23.5,39.84
2023-11-22 14:31:06,2452.0,23.5,40.23
2023-11-22 14:41:13,2368.0,23.7,40.23
2023-11-22 14:51:19,2167.0,23.6,39.84
2023-11-22 15:01:10,2116.0,23.6,39.45
2023-11-22 15:11:32,2019.0,23.7,39.45
2023-11-22 15:21:23,2069.0,23.7,39.45
2023-11-22 15:31:45,2205.0,23.7,39.45
2023-11-22 15:41:50,2096.0,23.7,39.45
2023-11-22 15:51:57,2097.0,23.6,39.06
2023-11-22 16:02:03,2175.0,23.6,39.45
2023-11-22 16:11:53,2083.0,23.6,38.67
2023-11-22 16:22:16,2088.0,23.6,38.67
2023-11-22 16:32:22,2096.0,23.7,38.28
2023-11-22 16:42:29,1993.0,23.6,38.28
2023-11-22 16:52:35,1986.0,23.6,38.28
2023-11-22 17:02:42,1901.0,23.7,38.28
2023-11-22 17:12:48,1941.0,23.7,37.89
2023-11-22 17:22:54,1804.0,23.6,37.89
2023-11-22 17:33:01,1747.0,23.6,37.5
2023-11-22 17:43:07,1653.0,23.7,37.5
2023-11-22 17:52:42,1653.0,23.7,37.5
2023-11-22 18:02:56,1606.0,23.7,37.11
2023-11-22 18:13:16,1565.0,23.6,37.11
2023-11-22 18:23:36,1530.0,23.6,37.11
2023-11-22 18:33:40,1373.0,23.6,36.72
2023-11-22 18:43:43,1327.0,23.6,36.72
2023-11-22 18:53:45,1286.0,23.6,36.72
2023-11-22 19:03:52,1224.0,23.6,36.72
2023-11-22 19:13:58,1272.0,23.7,36.33
2023-11-22 19:24:04,1270.0,23.7,36.33
2023-11-22 19:33:55,1214.0,23.7,36.33
2023-11-22 19:44:17,1204.0,23.6,36.33
2023-11-22 19:54:24,1119.0,23.7,36.33
2023-11-22 20:04:30,1145.0,23.7,35.94
2023-11-22 20:14:36,1092.0,23.6,35.94
2023-11-22 20:24:43,1086.0,23.7,35.94
2023-11-22 20:34:49,1037.0,23.7,35.94
2023-11-22 20:44:56,1081.0,23.6,35.94
2023-11-22 20:55:02,1006.0,23.6,35.94
2023-11-22 21:05:09,993.0,23.6,35.94
2023-11-22 21:15:15,1006.0,23.6,35.94
2023-11-22 21:25:21,1040.0,23.6,35.94
2023-11-22 21:35:28,963.0,23.7,35.55
2023-11-22 21:45:34,900.0,23.7,35.55
2023-11-22 21:55:25,965.0,23.7,35.94
2023-11-22 22:05:47,902.0,23.7,35.55
2023-11-22 22:15:53,920.0,23.7,35.55
2023-11-22 22:26:00,917.0,23.7,35.55
2023-11-22 22:36:06,924.0,23.7,35.55
2023-11-22 22:46:13,882.0,23.7,35.55
2023-11-22 22:56:03,911.0,23.6,35.55
2023-11-22 23:06:26,913.0,23.7,35.55
2023-11-22 23:16:32,813.0,23.7,35.55
2023-11-22 23:26:35,854.0,23.6,35.55
2023-11-22 23:36:37,893.0,23.6,35.55
2023-11-22 23:46:38,839.0,23.6,35.55
2023-11-22 23:56:41,811.0,23.6,35.55
2023-11-23 00:06:43,875.0,23.6,35.55
2023-11-23 00:16:45,781.0,23.6,35.55
2023-11-23 00:26:16,781.0,23.6,35.55
2023-11-23 00:36:26,818.0,23.7,35.55
2023-11-23 00:46:42,849.0,23.7,35.55
2023-11-23 00:56:58,769.0,23.6,35.55
2023-11-23 01:06:58,828.0,23.6,35.55
2023-11-23 01:16:45,795.0,23.6,35.55
2023-11-23 01:27:03,800.0,23.6,35.55
2023-11-23 01:37:06,802.0,23.7,35.55
2023-11-23 01:47:07,799.0,23.6,35.94
2023-11-23 01:57:09,778.0,23.7,35.94
2023-11-23 02:07:12,774.0,23.6,35.94
2023-11-23 02:17:14,782.0,23.6,35.94
2023-11-23 02:27:00,787.0,23.6,35.94
2023-11-23 02:37:19,798.0,23.5,35.94
2023-11-23 02:47:21,772.0,23.6,36.33
2023-11-23 02:57:24,793.0,23.6,36.33
2023-11-23 03:07:26,768.0,23.5,36.33
2023-11-23 03:17:29,677.0,23.5,36.33
2023-11-23 03:27:31,727.0,23.6,36.33
2023-11-23 03:37:33,810.0,23.5,36.33
2023-11-23 03:47:20,708.0,23.4,36.72
2023-11-23 03:57:38,782.0,23.4,36.72
2023-11-23 04:07:40,719.0,23.5,37.11
2023-11-23 04:17:27,742.0,23.4,37.11
2023-11-23 04:27:45,731.0,23.3,37.11
2023-11-23 04:37:48,715.0,23.3,37.5
2023-11-23 04:47:50,728.0,23.3,37.5
2023-11-23 04:57:52,765.0,23.3,37.5
2023-11-23 05:07:55,660.0,23.3,37.5
2023-11-23 05:17:57,723.0,23.2,37.89
2023-11-23 05:27:43,723.0,23.2,37.89
2023-11-23 05:38:02,666.0,23.2,37.89
2023-11-23 05:48:04,708.0,23.2,37.89
2023-11-23 05:58:07,680.0,23.2,37.89
2023-11-23 06:08:09,727.0,23.2,37.89
2023-11-23 06:18:11,717.0,23.1,38.28
2023-11-23 06:28:14,736.0,23.1,38.28
2023-11-23 06:38:16,648.0,23.1,38.28
2023-11-23 06:48:19,736.0,23.1,38.28
2023-11-23 06:57:49,736.0,23.1,38.28
2023-11-23 07:07:59,705.0,23.1,38.28
2023-11-23 07:18:15,722.0,23.1,38.28
2023-11-23 07:28:32,750.0,23.0,38.28
2023-11-23 07:38:32,745.0,23.0,38.67
2023-11-23 07:48:33,802.0,23.1,39.06
2023-11-23 07:58:19,760.0,23.0,39.84
2023-11-23 08:08:38,856.0,23.0,40.23
2023-11-23 08:18:40,845.0,23.0,40.62
2023-11-23 08:28:42,933.0,23.0,41.41
2023-11-23 08:38:49,1029.0,23.0,42.19
2023-11-23 08:48:51,1074.0,23.0,42.19
2023-11-23 08:58:54,1171.0,23.0,42.58
2023-11-23 09:08:44,1205.0,23.1,43.36
2023-11-23 09:19:07,1251.0,23.2,43.75
2023-11-23 09:29:13,1329.0,23.1,44.53
2023-11-23 09:39:19,1348.0,23.1,44.14
2023-11-23 09:49:26,1407.0,23.3,44.14
2023-11-23 09:59:32,1472.0,23.2,44.14
2023-11-23 10:09:39,1445.0,23.2,44.14
2023-11-23 10:19:45,1549.0,23.3,44.53
2023-11-23 10:29:56,1557.0,23.4,44.53
2023-11-23 10:39:58,1648.0,23.4,44.53
2023-11-23 10:50:00,1646.0,23.4,44.53
2023-11-23 11:00:07,1666.0,23.5,44.53
2023-11-23 11:10:13,1750.0,23.5,44.53
2023-11-23 11:20:19,1679.0,23.6,44.14
2023-11-23 11:30:26,1760.0,23.5,44.53
2023-11-23 11:40:32,1809.0,23.6,44.14
2023-11-23 11:50:38,1687.0,23.6,44.14
2023-11-23 12:00:44,1808.0,23.7,44.53
2023-11-23 12:10:50,1883.0,23.6,44.53
2023-11-23 12:20:57,1758.0,23.6,44.14
2023-11-23 12:31:03,1975.0,23.6,44.53
2023-11-23 12:41:10,1963.0,23.6,44.53
2023-11-23 12:51:16,1881.0,23.6,44.53
2023-11-23 13:01:23,1923.0,23.6,44.53
2023-11-23 13:11:29,2099.0,23.7,44.92
2023-11-23 13:21:35,2102.0,23.7,44.92
2023-11-23 13:31:10,2102.0,23.7,44.92
2023-11-23 13:41:24,2032.0,23.7,44.53
2023-11-23 13:51:44,1832.0,23.7,44.53
2023-11-23 14:02:04,1591.0,23.7,43.75
2023-11-23 14:12:08,1756.0,23.8,43.75
2023-11-23 14:22:15,1836.0,23.7,44.14
2023-11-23 14:32:21,1822.0,23.7,44.14
2023-11-23 14:42:28,1744.0,23.7,44.14
2023-11-23 14:52:34,1963.0,23.7,44.14
2023-11-23 15:02:41,1821.0,23.7,44.14
2023-11-23 15:12:47,1831.0,23.7,43.75
2023-11-23 15:22:53,1782.0,23.7,43.75
2023-11-23 15:33:00,1676.0,23.6,43.36
2023-11-23 15:43:06,1650.0,23.7,43.36
2023-11-23 15:53:11,1576.0,23.6,42.97
2023-11-23 16:03:18,1544.0,23.6,42.58
2023-11-23 16:13:24,1471.0,23.6,42.58
2023-11-23 16:23:31,1493.0,23.6,42.58
2023-11-23 16:33:37,1555.0,23.6,42.19
2023-11-23 16:43:43,1544.0,23.6,42.19
2023-11-23 16:53:50,1443.0,23.6,42.19
2023-11-23 17:03:52,1361.0,23.7,41.8
2023-11-23 17:13:55,1345.0,23.6,41.8
2023-11-23 17:23:45,1365.0,23.7,41.8
2023-11-23 17:34:08,1260.0,23.6,41.8
2023-11-23 17:44:14,1280.0,23.6,41.41
2023-11-23 17:54:19,1278.0,23.6,41.41
2023-11-23 18:04:26,1250.0,23.6,41.41
2023-11-23 18:14:32,1224.0,23.7,41.41
2023-11-23 18:24:39,1226.0,23.7,41.41
2023-11-23 18:34:45,1200.0,23.6,41.02
2023-11-23 18:44:51,1285.0,23.6,41.41
2023-11-23 18:54:58,1237.0,23.6,41.02
2023-11-23 19:05:04,1160.0,23.6,41.02
2023-11-23 19:15:11,1138.0,23.6,41.02
2023-11-23 19:25:17,1113.0,23.6,41.02
2023-11-23 19:35:23,1136.0,23.6,40.62
2023-11-23 19:45:30,1058.0,23.5,40.62
2023-11-23 19:55:35,1107.0,23.6,40.62
2023-11-23 20:05:09,1107.0,23.6,40.62
2023-11-23 20:15:24,1068.0,23.5,40.62
2023-11-23 20:25:44,1091.0,23.6,40.62
2023-11-23 20:36:04,1057.0,23.6,40.62
2023-11-23 20:46:08,1038.0,23.6,40.23
2023-11-23 20:56:15,1122.0,23.6,40.62
2023-11-23 21:06:21,1070.0,23.6,40.62
2023-11-23 21:16:27,1049.0,23.6,40.62
2023-11-23 21:26:34,1122.0,23.6,40.62
2023-11-23 21:36:40,1036.0,23.6,40.23
2023-11-23 21:46:31,1024.0,23.5,40.23
2023-11-23 21:56:52,1032.0,23.5,40.23
2023-11-23 22:06:58,984.0,23.5,39.84
2023-11-23 22:17:05,916.0,23.5,39.84
2023-11-23 22:27:11,956.0,23.5,39.84
2023-11-23 22:37:18,932.0,23.6,39.45
2023-11-23 22:47:24,910.0,23.5,39.84
2023-11-23 22:57:30,889.0,23.6,39.45
2023-11-23 23:07:37,913.0,23.5,39.45
2023-11-23 23:17:43,945.0,23.6,39.06
2023-11-23 23:27:50,858.0,23.5,39.06
2023-11-23 23:37:52,891.0,23.5,38.67
2023-11-23 23:47:54,884.0,23.5,39.06
2023-11-23 23:58:00,874.0,23.5,38.67
2023-11-24 00:08:06,846.0,23.6,38.67
2023-11-24 00:18:09,818.0,23.5,38.67
2023-11-24 00:28:11,798.0,23.5,38.67
2023-11-24 00:38:13,811.0,23.5,38.67
2023-11-24 00:48:16,769.0,23.5,38.67
2023-11-24 00:58:18,763.0,23.5,38.67
2023-11-24 01:08:21,776.0,23.5,38.28
2023-11-24 01:18:23,721.0,23.6,38.28
2023-11-24 01:28:25,763.0,23.5,38.28
2023-11-24 01:38:28,812.0,23.5,38.28
2023-11-24 01:48:30,727.0,23.5,38.28
2023-11-24 01:58:33,734.0,23.6,38.28
2023-11-24 02:08:35,756.0,23.5,38.28
2023-11-24 02:18:37,758.0,23.5,37.89
2023-11-24 02:28:40,747.0,23.4,37.89
2023-11-24 02:38:10,747.0,23.4,37.89
2023-11-24 02:48:20,699.0,23.5,37.89
2023-11-24 02:58:37,728.0,23.5,37.89
2023-11-24 03:08:53,737.0,23.5,37.89
2023-11-24 03:18:53,655.0,23.5,37.89
2023-11-24 03:28:55,756.0,23.5,37.89
2023-11-24 03:38:58,703.0,23.5,37.5
2023-11-24 03:49:00,728.0,23.5,37.5
2023-11-24 03:59:01,779.0,23.5,37.5
2023-11-24 04:09:04,734.0,23.6,37.5
2023-11-24 04:19:06,678.0,23.4,37.5
2023-11-24 04:29:08,758.0,23.5,37.5
2023-11-24 04:39:11,720.0,23.6,37.89
2023-11-24 04:48:57,739.0,23.6,37.89
2023-11-24 04:59:16,713.0,23.6,37.89
2023-11-24 05:09:18,701.0,23.6,37.89
2023-11-24 05:19:20,699.0,23.5,37.5
2023-11-24 05:29:23,709.0,23.6,37.5
2023-11-24 05:39:25,721.0,23.6,37.5
2023-11-24 05:49:28,731.0,23.5,37.5
2023-11-24 05:59:30,719.0,23.5,37.5
2023-11-24 06:09:32,693.0,23.5,37.11
2023-11-24 06:19:35,708.0,23.5,37.11
2023-11-24 06:29:37,700.0,23.6,37.11
2023-11-24 06:39:40,700.0,23.5,37.11
2023-11-24 06:49:42,693.0,23.5,37.11
2023-11-24 06:59:44,710.0,23.4,37.11
2023-11-24 07:09:47,689.0,23.4,37.11
2023-11-24 07:19:49,830.0,23.4,37.11
2023-11-24 07:29:36,926.0,23.5,37.5
2023-11-24 07:39:54,924.0,23.4,37.89
2023-11-24 07:49:44,1007.0,23.4,37.89
2023-11-24 08:00:03,1007.0,23.4,37.89
2023-11-24 08:10:09,1030.0,23.5,38.28
2023-11-24 08:20:16,1022.0,23.4,37.89
2023-11-24 08:30:22,1087.0,23.5,38.67
2023-11-24 08:40:28,1113.0,23.5,39.06
2023-11-24 08:50:35,1105.0,23.5,39.45
2023-11-24 09:00:41,1221.0,23.4,39.84
2023-11-24 09:10:16,1221.0,23.4,39.84
2023-11-24 09:20:30,1248.0,23.4,39.45
2023-11-24 09:30:50,1311.0,23.4,39.84
2023-11-24 09:40:54,1287.0,23.5,39.84
2023-11-24 09:51:01,1447.0,23.4,39.45
2023-11-24 10:01:22,1535.0,23.4,40.23
2023-11-24 10:11:28,1611.0,23.4,40.62
2023-11-24 10:21:31,1698.0,23.4,41.02
2023-11-24 10:31:33,1675.0,23.4,40.62
2023-11-24 10:41:40,1739.0,23.4,40.62
2023-11-24 10:51:46,1673.0,23.5,40.62
2023-11-24 11:01:36,1692.0,23.4,40.62
2023-11-24 11:11:59,1703.0,23.5,41.02
2023-11-24 11:22:05,1789.0,23.4,41.02
2023-11-24 11:32:12,1808.0,23.5,41.02
2023-11-24 11:42:18,1736.0,23.6,41.02
2023-11-24 11:52:24,1665.0,23.5,40.62
2023-11-24 12:02:31,1599.0,23.5,40.23
2023-11-24 12:12:37,1648.0,23.5,40.23
2023-11-24 12:22:44,1800.0,23.5,40.62
2023-11-24 12:32:50,1871.0,23.5,41.02
2023-11-24 12:42:57,1958.0,23.6,40.62
2023-11-24 12:53:03,2001.0,23.6,40.62
2023-11-24 13:03:09,1940.0,23.6,40.62
2023-11-24 13:13:16,2016.0,23.5,40.62
2023-11-24 13:23:06,2041.0,23.6,40.62
2023-11-24 13:33:29,2138.0,23.6,41.02
2023-11-24 13:43:35,2163.0,23.6,41.02
2023-11-24 13:53:41,2186.0,23.6,40.62
2023-11-24 14:03:47,2092.0,23.6,40.23
2023-11-24 14:13:53,2177.0,23.7,40.23
2023-11-24 14:24:00,2192.0,23.7,40.62
2023-11-24 14:34:06,2034.0,23.7,39.84
2023-11-24 14:44:12,2358.0,23.8,40.62
2023-11-24 14:54:19,2496.0,23.8,41.02
2023-11-24 15:04:25,2383.0,23.8,40.62
2023-11-24 15:14:32,2462.0,23.8,41.02
2023-11-24 15:24:38,2489.0,23.8,40.62
2023-11-24 15:34:44,2508.0,23.8,41.02
2023-11-24 15:44:19,2508.0,23.8,41.02
2023-11-24 15:54:33,2579.0,23.9,41.02
2023-11-24 16:04:53,2411.0,23.9,40.62
2023-11-24 16:14:57,2571.0,23.9,41.02
2023-11-24 16:25:04,2441.0,23.9,41.02
2023-11-24 16:35:10,2344.0,23.8,41.02
2023-11-24 16:45:17,2397.0,23.9,40.62
2023-11-24 16:55:35,2308.0,23.8,41.02
2023-11-24 17:05:37,2285.0,23.9,40.62
2023-11-24 17:15:44,2292.0,23.9,40.62
2023-11-24 17:25:50,2189.0,23.8,40.23
2023-11-24 17:35:57,2077.0,23.9,40.23
2023-11-24 17:46:03,2103.0,23.7,40.23
2023-11-24 17:56:10,1886.0,23.8,39.84
2023-11-24 18:06:16,1948.0,23.7,39.84
2023-11-24 18:16:22,1875.0,23.8,39.84
2023-11-24 18:26:29,1834.0,23.7,39.45
2023-11-24 18:36:19,1701.0,23.8,39.45
2023-11-24 18:46:42,1690.0,23.7,39.06
2023-11-24 18:56:48,1651.0,23.7,39.06
2023-11-24 19:06:54,1605.0,23.7,38.67
2023-11-24 19:17:01,1549.0,23.8,38.67
2023-11-24 19:27:07,1494.0,23.7,38.67
2023-11-24 19:37:18,1410.0,23.8,38.28
2023-11-24 19:47:20,1410.0,23.7,38.28
2023-11-24 19:57:22,1358.0,23.7,37.89
2023-11-24 20:07:29,1317.0,23.8,37.89
2023-11-24 20:17:35,1339.0,23.7,37.89
2023-11-24 20:27:42,1265.0,23.8,37.5
2023-11-24 20:37:48,1306.0,23.7,37.5
2023-11-24 20:47:55,1271.0,23.7,37.5
2023-11-24 20:58:01,1225.0,23.7,37.5
2023-11-24 21:08:07,1181.0,23.8,37.11
2023-11-24 21:18:14,1105.0,23.7,37.11
2023-11-24 21:28:20,1148.0,23.7,37.11
2023-11-24 21:38:27,1126.0,23.7,37.11
2023-11-24 21:48:33,1138.0,23.7,37.11
2023-11-24 21:58:40,1128.0,23.6,36.72
2023-11-24 22:08:45,1028.0,23.7,36.72
2023-11-24 22:18:19,1028.0,23.7,36.72
2023-11-24 22:28:33,1006.0,23.7,36.72
2023-11-24 22:38:54,1040.0,23.7,36.72
2023-11-24 22:49:14,988.0,23.7,36.72
2023-11-24 22:59:18,1048.0,23.6,36.72
2023-11-24 23:09:24,942.0,23.7,36.72
2023-11-24 23:19:31,914.0,23.7,36.33
2023-11-24 23:29:37,943.0,23.6,36.33
2023-11-24 23:39:43,975.0,23.6,36.33
2023-11-24 23:49:50,988.0,23.7,36.33
2023-11-24 23:59:56,918.0,23.7,36.33
2023-11-25 00:09:46,869.0,23.7,36.33
2023-11-25 00:20:08,854.0,23.7,36.33
2023-11-25 00:30:14,923.0,23.6,36.33
2023-11-25 00:40:21,854.0,23.6,36.33
2023-11-25 00:50:27,942.0,23.7,36.33
2023-11-25 01:00:34,912.0,23.6,36.33
2023-11-25 01:10:40,934.0,23.7,35.94
2023-11-25 01:20:46,912.0,23.7,35.94
2023-11-25 01:30:33,832.0,23.6,35.94
2023-11-25 01:40:51,818.0,23.6,35.94
2023-11-25 01:50:54,897.0,23.7,35.94
2023-11-25 02:00:56,871.0,23.6,35.94
2023-11-25 02:10:59,858.0,23.7,35.94
2023-11-25 02:21:01,837.0,23.6,35.94
2023-11-25 02:31:03,823.0,23.7,35.94
2023-11-25 02:41:06,845.0,23.6,35.55
2023-11-25 02:51:08,828.0,23.6,35.55
2023-11-25 03:01:11,841.0,23.6,35.55
2023-11-25 03:10:57,781.0,23.6,35.55
2023-11-25 03:21:15,774.0,23.6,35.55
2023-11-25 03:31:02,795.0,23.7,35.55
2023-11-25 03:41:20,821.0,23.6,35.55
2023-11-25 03:51:23,792.0,23.7,35.55
2023-11-25 04:01:25,779.0,23.6,35.55
2023-11-25 04:11:26,802.0,23.6,35.55
2023-11-25 04:21:29,744.0,23.7,35.16
2023-11-25 04:31:31,795.0,23.6,35.55
2023-11-25 04:41:33,832.0,23.7,35.55
2023-11-25 04:51:04,832.0,23.7,35.55
2023-11-25 05:01:14,762.0,23.6,35.55
2023-11-25 05:11:30,814.0,23.6,35.16
2023-11-25 05:21:46,813.0,23.6,35.16
2023-11-25 05:31:30,760.0,23.7,35.55
2023-11-25 05:41:33,765.0,23.7,35.16
2023-11-25 05:51:51,774.0,23.6,35.16
2023-11-25 06:01:54,744.0,23.7,35.16
2023-11-25 06:11:56,827.0,23.7,35.16
2023-11-25 06:21:58,778.0,23.7,35.16
2023-11-25 06:31:45,690.0,23.6,35.16
2023-11-25 06:42:03,809.0,23.7,35.16
2023-11-25 06:52:06,793.0,23.6,35.16
2023-11-25 07:02:08,705.0,23.6,35.16
2023-11-25 07:12:10,749.0,23.6,35.16
2023-11-25 07:22:13,742.0,23.6,35.16
2023-11-25 07:32:15,712.0,23.6,34.77
2023-11-25 07:42:18,738.0,23.6,35.16
2023-11-25 07:52:20,691.0,23.6,35.16
2023-11-25 08:02:22,705.0,23.6,34.77
2023-11-25 08:12:25,722.0,23.6,35.16
2023-11-25 08:22:27,682.0,23.6,34.77
2023-11-25 08:32:30,719.0,23.6,34.77
2023-11-25 08:42:32,761.0,23.6,34.77
2023-11-25 08:52:34,743.0,23.6,34.77
2023-11-25 09:02:37,772.0,23.5,34.77
2023-11-25 09:12:39,689.0,23.6,34.77
2023-11-25 09:22:42,682.0,23.6,34.77
2023-11-25 09:32:44,749.0,23.5,34.77
2023-11-25 09:42:46,704.0,23.5,34.77
2023-11-25 09:52:49,711.0,23.5,34.77
2023-11-25 10:02:51,692.0,23.5,34.77
2023-11-25 10:12:52,702.0,23.6,34.77
2023-11-25 10:22:55,654.0,23.5,34.77
2023-11-25 10:32:57,651.0,23.5,34.77
2023-11-25 10:43:00,669.0,23.5,34.77
2023-11-25 10:53:02,662.0,23.6,34.77
2023-11-25 11:03:04,697.0,23.6,34.77
2023-11-25 11:13:07,692.0,23.5,34.38
2023-11-25 11:22:37,692.0,23.5,34.38
2023-11-25 11:32:47,696.0,23.5,34.38
2023-11-25 11:43:04,704.0,23.5,34.38
2023-11-25 11:53:20,650.0,23.5,34.38
2023-11-25 12:03:20,631.0,23.4,34.38
2023-11-25 12:13:21,671.0,23.5,34.38
2023-11-25 12:23:07,651.0,23.5,34.38
2023-11-25 12:33:26,662.0,23.6,34.38
2023-11-25 12:43:28,650.0,23.5,33.98
2023-11-25 12:53:31,641.0,23.6,33.98
2023-11-25 13:03:33,679.0,23.5,33.98
2023-11-25 13:13:35,650.0,23.6,33.98
2023-11-25 13:23:38,669.0,23.5,33.98
2023-11-25 13:33:40,633.0,23.4,33.98
2023-11-25 13:43:43,607.0,23.4,33.98
2023-11-25 13:53:45,634.0,23.5,33.98
2023-11-25 14:03:47,617.0,23.4,33.98
2023-11-25 14:13:50,624.0,23.5,33.98
2023-11-25 14:23:52,658.0,23.6,33.98
2023-11-25 14:33:55,641.0,23.5,33.98
2023-11-25 14:43:57,655.0,23.5,33.59
2023-11-25 14:53:59,588.0,23.5,33.98
2023-11-25 15:04:02,613.0,23.4,33.98
2023-11-25 15:14:04,573.0,23.5,33.59
2023-11-25 15:24:07,644.0,23.5,33.59
2023-11-25 15:34:09,593.0,23.5,33.59
2023-11-25 15:44:11,563.0,23.4,33.59
2023-11-25 15:54:14,599.0,23.5,33.59
2023-11-25 16:04:16,623.0,23.4,33.59
2023-11-25 16:14:17,625.0,23.4,33.59
2023-11-25 16:24:20,557.0,23.4,33.59
2023-11-25 16:34:22,571.0,23.4,33.59
2023-11-25 16:44:25,609.0,23.4,33.59
2023-11-25 16:54:27,616.0,23.5,33.59
2023-11-25 17:04:29,575.0,23.4,33.59
2023-11-25 17:14:32,559.0,23.3,33.59
2023-11-25 17:24:34,625.0,23.4,33.59
2023-11-25 17:34:37,587.0,23.4,33.2
2023-11-25 17:44:39,544.0,23.3,33.2
2023-11-25 17:54:09,544.0,23.3,33.2
2023-11-25 18:04:20,605.0,23.4,33.2
2023-11-25 18:14:36,600.0,23.4,33.2
2023-11-25 18:24:36,564.0,23.4,33.2
2023-11-25 18:34:54,554.0,23.4,33.2
2023-11-25 18:44:57,541.0,23.4,33.2
2023-11-25 18:54:59,558.0,23.4,33.2
2023-11-25 19:05:01,587.0,23.4,33.2
2023-11-25 19:15:04,525.0,23.4,33.2
2023-11-25 19:25:06,558.0,23.4,33.2
2023-11-25 19:35:09,614.0,23.4,33.2
2023-11-25 19:44:55,632.0,23.4,33.2
2023-11-25 19:55:13,578.0,23.4,33.2
2023-11-25 20:05:16,538.0,23.3,33.2
2023-11-25 20:15:17,554.0,23.4,33.2
2023-11-25 20:25:19,554.0,23.4,33.2
2023-11-25 20:35:22,567.0,23.4,33.2
2023-11-25 20:45:24,526.0,23.4,33.2
2023-11-25 20:55:27,553.0,23.4,32.81
2023-11-25 21:05:29,485.0,23.4,32.81
2023-11-25 21:15:31,510.0,23.3,32.81
2023-11-25 21:25:34,520.0,23.4,32.81
2023-11-25 21:35:36,513.0,23.4,32.81
2023-11-25 21:45:39,556.0,23.4,32.81
2023-11-25 21:55:25,508.0,23.3,32.81
2023-11-25 22:05:43,541.0,23.4,32.81
2023-11-25 22:15:45,493.0,23.3,32.81
2023-11-25 22:25:47,496.0,23.5,32.81
2023-11-25 22:35:49,536.0,23.4,32.81
2023-11-25 22:45:52,511.0,23.3,32.81
2023-11-25 22:55:54,528.0,23.4,32.81
2023-11-25 23:05:57,539.0,23.4,32.81
2023-11-25 23:15:59,528.0,23.3,32.81
2023-11-25 23:26:01,526.0,23.4,32.81
2023-11-25 23:36:04,544.0,23.4,32.42
2023-11-25 23:46:06,474.0,23.4,32.42
2023-11-25 23:56:09,526.0,23.4,32.42
2023-11-26 00:06:11,512.0,23.4,32.42
2023-11-26 00:16:13,456.0,23.3,32.42
2023-11-26 00:25:44,456.0,23.3,32.42
2023-11-26 00:35:54,586.0,23.4,32.42
2023-11-26 00:46:10,499.0,23.4,32.42
2023-11-26 00:56:26,550.0,23.5,32.42
2023-11-26 01:06:26,546.0,23.4,32.42
2023-11-26 01:16:29,500.0,23.3,32.42
2023-11-26 01:26:31,526.0,23.4,32.42
2023-11-26 01:36:34,525.0,23.4,32.42
2023-11-26 01:46:36,537.0,23.4,32.42
2023-11-26 01:56:38,522.0,23.3,32.42
2023-11-26 02:06:41,565.0,23.4,32.42
2023-11-26 02:16:27,492.0,23.4,32.03
2023-11-26 02:26:45,479.0,23.3,32.03
2023-11-26 02:36:48,529.0,23.3,32.03
2023-11-26 02:46:50,534.0,23.3,32.03
2023-11-26 02:56:53,482.0,23.5,32.03
2023-11-26 03:06:55,464.0,23.3,32.03
2023-11-26 03:16:57,554.0,23.4,32.03
2023-11-26 03:27:00,493.0,23.5,32.03
2023-11-26 03:37:02,488.0,23.3,32.03
2023-11-26 03:47:05,500.0,23.3,32.03
2023-11-26 03:57:07,500.0,23.4,32.03
2023-11-26 04:07:09,485.0,23.3,32.03
2023-11-26 04:17:11,534.0,23.3,32.03
2023-11-26 04:27:13,520.0,23.4,32.03
2023-11-26 04:37:15,544.0,23.4,32.03
2023-11-26 04:47:18,510.0,23.4,32.03
2023-11-26 04:57:20,536.0,23.3,32.03
2023-11-26 05:07:23,508.0,23.3,32.03
2023-11-26 05:17:25,496.0,23.3,32.03
2023-11-26 05:27:27,500.0,23.4,32.03
2023-11-26 05:37:30,510.0,23.4,32.03
2023-11-26 05:47:32,513.0,23.3,32.03
2023-11-26 05:57:35,521.0,23.4,32.03
2023-11-26 06:07:37,488.0,23.3,32.03
2023-11-26 06:17:39,464.0,23.3,32.03
2023-11-26 06:27:42,577.0,23.4,32.03
2023-11-26 06:37:44,509.0,23.2,32.03
2023-11-26 06:47:47,478.0,23.3,32.03
2023-11-26 06:57:17,478.0,23.3,32.03
2023-11-26 07:07:27,573.0,23.3,32.03
2023-11-26 07:17:43,507.0,23.3,32.03
2023-11-26 07:28:00,502.0,23.3,32.03
2023-11-26 07:38:00,502.0,23.3,32.03
2023-11-26 07:48:02,520.0,23.2,32.03
2023-11-26 07:58:04,500.0,23.3,32.03
2023-11-26 08:08:07,507.0,23.3,32.03
2023-11-26 08:18:08,505.0,23.3,32.03
2023-11-26 08:28:10,465.0,23.3,32.03
2023-11-26 08:38:13,489.0,23.3,32.03
2023-11-26 08:48:15,443.0,23.3,32.03
2023-11-26 08:58:02,500.0,23.3,32.03
2023-11-26 09:08:20,499.0,23.2,32.03
2023-11-26 09:18:23,499.0,23.2,32.03
2023-11-26 09:28:25,516.0,23.3,32.03
2023-11-26 09:38:27,511.0,23.3,32.03
2023-11-26 09:48:30,532.0,23.3,32.03
2023-11-26 09:58:16,491.0,23.3,32.03
2023-11-26 10:08:34,523.0,23.2,32.03
2023-11-26 10:28:38,516.0,23.2,32.03
2023-11-26 10:38:40,557.0,23.2,32.03
2023-11-26 10:48:43,556.0,23.3,32.03
2023-11-26 10:58:45,459.0,23.2,32.03
2023-11-26 11:08:48,451.0,23.3,32.03
2023-11-26 11:18:50,468.0,23.3,32.03
2023-11-26 11:28:52,483.0,23.2,32.03
2023-11-26 11:38:55,490.0,23.2,32.03
2023-11-26 11:48:57,477.0,23.3,32.03
2023-11-26 11:59:00,506.0,23.3,32.03
2023-11-26 12:09:02,542.0,23.3,32.03
2023-11-26 12:19:04,511.0,23.3,32.03
2023-11-26 12:29:07,478.0,23.3,32.03
2023-11-26 12:39:09,491.0,23.1,32.03
2023-11-26 12:49:12,527.0,23.3,32.03
2023-11-26 12:59:14,514.0,23.3,32.03
2023-11-26 13:09:16,532.0,23.2,32.03
2023-11-26 13:19:19,556.0,23.3,32.03
2023-11-26 13:28:49,556.0,23.3,32.03
2023-11-26 13:38:59,536.0,23.2,32.03
2023-11-26 13:49:16,523.0,23.3,32.03
2023-11-26 13:59:32,455.0,23.2,32.03
2023-11-26 14:09:16,498.0,23.2,32.03
2023-11-26 14:19:33,468.0,23.2,32.03
2023-11-26 14:29:35,486.0,23.2,32.03
2023-11-26 14:39:38,460.0,23.1,32.03
2023-11-26 14:49:40,508.0,23.2,32.03
2023-11-26 14:59:43,522.0,23.2,32.03
2023-11-26 15:09:45,505.0,23.3,32.03
2023-11-26 15:19:47,499.0,23.2,32.03
2023-11-26 15:29:50,508.0,23.2,32.03
2023-11-26 15:39:52,494.0,23.1,32.03
2023-11-26 15:49:55,507.0,23.1,32.03
2023-11-26 15:59:57,498.0,23.2,32.03
2023-11-26 16:09:59,458.0,23.2,32.03
2023-11-26 16:20:02,498.0,23.2,32.03
2023-11-26 16:30:04,437.0,23.1,32.03
2023-11-26 16:40:07,528.0,23.2,32.03
2023-11-26 16:50:09,500.0,23.1,32.03
2023-11-26 17:00:11,472.0,23.2,32.03
2023-11-26 17:09:58,458.0,23.2,32.03
2023-11-26 17:20:00,538.0,23.2,32.03
2023-11-26 17:30:19,480.0,23.2,32.03
2023-11-26 17:40:21,513.0,23.2,31.64
2023-11-26 17:50:23,490.0,23.2,32.03
2023-11-26 18:00:26,434.0,23.1,31.64
2023-11-26 18:10:28,432.0,23.2,31.64
2023-11-26 18:20:31,517.0,23.2,31.64
2023-11-26 18:30:17,531.0,23.2,32.03
2023-11-26 18:40:35,493.0,23.1,31.64
2023-11-26 18:50:38,523.0,23.1,31.64
2023-11-26 19:00:40,507.0,23.2,31.64
2023-11-26 19:10:42,476.0,23.2,32.03
2023-11-26 19:20:45,471.0,23.1,32.03
2023-11-26 19:30:47,489.0,23.2,32.03
2023-11-26 19:40:50,453.0,23.2,32.03
2023-11-26 19:50:52,427.0,23.2,32.03
2023-11-26 20:00:22,427.0,23.2,32.03
2023-11-26 20:10:33,509.0,23.2,32.03
2023-11-26 20:20:49,489.0,23.2,32.03
2023-11-26 20:31:05,501.0,23.1,31.64
2023-11-26 20:41:05,450.0,23.1,32.03
2023-11-26 20:51:07,478.0,23.2,31.64
2023-11-26 21:01:10,478.0,23.2,31.64
2023-11-26 21:10:56,481.0,23.2,31.64
2023-11-26 21:21:15,459.0,23.3,31.64
2023-11-26 21:31:17,501.0,23.2,31.64
2023-11-26 21:41:03,501.0,23.2,31.64
2023-11-26 21:51:22,462.0,23.2,31.64
2023-11-26 22:01:24,501.0,23.3,31.64
2023-11-26 22:11:27,455.0,23.2,31.64
2023-11-26 22:21:28,465.0,23.2,31.64
2023-11-26 22:31:30,435.0,23.2,31.64
2023-11-26 22:41:33,468.0,23.2,31.64
2023-11-26 22:51:35,462.0,23.2,31.64
2023-11-26 23:01:37,546.0,23.2,31.64
2023-11-26 23:11:40,509.0,23.2,31.64
2023-11-26 23:21:42,480.0,23.2,31.64
2023-11-26 23:31:45,488.0,23.2,31.64
2023-11-26 23:41:47,488.0,23.2,31.64
2023-11-26 23:51:49,488.0,23.2,31.64
2023-11-27 00:01:52,501.0,23.3,31.64
2023-11-27 00:11:54,480.0,23.3,31.64
2023-11-27 00:21:55,486.0,23.2,31.64
2023-11-27 00:31:58,511.0,23.3,31.64
2023-11-27 00:42:00,498.0,23.2,31.64
2023-11-27 00:52:03,451.0,23.2,31.64
2023-11-27 01:02:05,486.0,23.2,31.64
2023-11-27 01:12:07,516.0,23.3,31.64
2023-11-27 01:22:10,483.0,23.3,31.64
2023-11-27 01:32:12,514.0,23.2,31.64
2023-11-27 01:42:15,504.0,23.3,31.64
2023-11-27 01:52:17,499.0,23.2,31.64
2023-11-27 02:02:19,488.0,23.2,31.25
2023-11-27 02:12:22,532.0,23.2,31.25
2023-11-27 02:22:23,537.0,23.2,31.25
2023-11-27 02:31:53,537.0,23.2,31.25
2023-11-27 02:42:04,498.0,23.2,31.25
2023-11-27 02:52:20,470.0,23.2,31.25
2023-11-27 03:02:36,488.0,23.2,31.25
2023-11-27 03:12:20,460.0,23.2,31.25
2023-11-27 03:22:39,494.0,23.2,31.25
2023-11-27 03:32:41,504.0,23.2,31.25
2023-11-27 03:42:43,486.0,23.2,31.25
2023-11-27 03:52:46,490.0,23.1,31.25
2023-11-27 04:02:48,473.0,23.2,31.25
2023-11-27 04:12:50,460.0,23.2,31.25
2023-11-27 04:22:53,496.0,23.2,31.25
2023-11-27 04:32:55,499.0,23.1,31.25
2023-11-27 04:42:58,542.0,23.2,31.25
2023-11-27 04:53:00,498.0,23.2,31.25
2023-11-27 05:03:02,496.0,23.2,31.25
2023-11-27 05:13:05,490.0,23.2,31.25
2023-11-27 05:23:07,486.0,23.2,31.25
2023-11-27 05:33:10,501.0,23.2,31.25
2023-11-27 05:43:12,449.0,23.1,31.25
2023-11-27 05:53:14,499.0,23.2,31.25
2023-11-27 06:03:17,486.0,23.2,31.25
2023-11-27 06:13:19,441.0,23.1,31.25
2023-11-27 06:23:22,515.0,23.2,30.86
2023-11-27 06:33:24,479.0,23.1,31.25
2023-11-27 06:43:26,482.0,23.2,30.86
2023-11-27 06:53:29,467.0,23.1,31.25
2023-11-27 07:03:31,464.0,23.1,31.25
2023-11-27 07:13:34,493.0,23.2,31.25
2023-11-27 07:23:20,546.0,23.1,31.25
2023-11-27 07:33:38,528.0,23.1,31.25
2023-11-27 07:43:25,469.0,23.1,31.64
2023-11-27 07:53:43,525.0,23.1,32.03
2023-11-27 08:03:46,551.0,23.1,32.03
2023-11-27 08:13:48,597.0,23.2,32.42
2023-11-27 08:23:50,609.0,23.1,32.81
2023-11-27 08:33:53,628.0,23.1,33.2
2023-11-27 08:43:39,733.0,23.1,33.59
2023-11-27 08:53:58,697.0,23.1,33.59
2023-11-27 09:03:28,697.0,23.1,33.59
2023-11-27 09:13:38,801.0,23.1,33.59
2023-11-27 09:23:54,820.0,23.1,34.38
2023-11-27 09:34:10,868.0,23.0,34.77
2023-11-27 09:44:11,927.0,23.1,35.16
2023-11-27 09:54:17,1012.0,23.0,35.16
2023-11-27 10:04:19,1107.0,23.0,35.55
2023-11-27 10:14:22,1350.0,23.0,36.33
2023-11-27 10:24:28,1216.0,23.1,35.55
2023-11-27 10:34:35,1210.0,23.1,35.55
2023-11-27 10:44:41,1204.0,23.2,35.55
2023-11-27 10:54:47,1244.0,23.1,35.55
2023-11-27 11:04:39,1363.0,23.1,35.94
2023-11-27 11:15:00,1390.0,23.2,35.55
2023-11-27 11:25:07,1416.0,23.2,35.94
2023-11-27 11:35:13,1545.0,23.2,35.94
2023-11-27 11:45:19,1491.0,23.2,35.94
2023-11-27 11:55:30,1647.0,23.2,36.33
2023-11-27 12:05:33,1925.0,23.2,36.72
2023-11-27 12:15:35,1901.0,23.2,36.72
2023-11-27 12:25:40,1821.0,23.2,36.72
2023-11-27 12:35:46,1769.0,23.2,36.33
2023-11-27 12:45:53,1721.0,23.2,36.33
2023-11-27 12:55:59,1719.0,23.2,35.94
2023-11-27 13:06:06,1708.0,23.2,35.94
2023-11-27 13:16:12,1755.0,23.2,36.33
2023-11-27 13:26:18,1567.0,23.2,36.33
2023-11-27 13:36:25,1595.0,23.3,36.33
2023-11-27 13:46:31,1622.0,23.2,36.72
2023-11-27 13:56:38,1771.0,23.2,36.72
2023-11-27 14:06:28,1852.0,23.2,37.11
2023-11-27 14:16:51,1976.0,23.2,37.11
2023-11-27 14:26:56,1943.0,23.2,37.11
2023-11-27 14:37:02,1697.0,23.2,35.55
2023-11-27 14:47:09,1755.0,23.1,35.16
2023-11-27 14:57:15,1836.0,23.2,35.94
2023-11-27 15:07:21,2048.0,23.2,36.33
2023-11-27 15:17:28,2114.0,23.2,36.72
2023-11-27 15:27:34,2118.0,23.3,37.11
2023-11-27 15:37:09,2118.0,23.3,37.11
2023-11-27 15:47:23,2033.0,23.2,36.72
2023-11-27 15:57:43,2116.0,23.1,36.72
2023-11-27 16:08:03,2077.0,23.2,36.72
2023-11-27 16:18:07,2065.0,23.1,36.72
2023-11-27 16:28:14,2012.0,23.2,36.72
2023-11-27 16:38:20,2206.0,23.1,37.11
2023-11-27 16:48:27,2254.0,23.1,37.11
2023-11-27 16:58:33,2181.0,23.1,37.11
2023-11-27 17:08:39,2215.0,23.2,37.11
2023-11-27 17:18:30,2076.0,23.1,37.11
2023-11-27 17:28:52,2168.0,23.1,37.11
2023-11-27 17:38:59,2047.0,23.2,37.11
2023-11-27 17:49:05,2151.0,23.1,37.11
2023-11-27 17:59:12,2020.0,23.1,37.11
2023-11-27 18:09:18,2003.0,23.1,36.33
2023-11-27 18:19:24,1844.0,23.1,35.94
2023-11-27 18:29:30,1719.0,23.1,35.55
2023-11-27 18:39:32,1682.0,23.1,35.16
2023-11-27 18:49:34,1501.0,23.1,35.16
2023-11-27 18:59:41,1548.0,23.1,34.77
2023-11-27 19:09:47,1486.0,23.2,34.77
2023-11-27 19:19:58,1399.0,23.0,34.38
2023-11-27 19:30:00,1296.0,23.1,34.38
2023-11-27 19:40:06,1318.0,23.1,33.98
2023-11-27 19:50:13,1273.0,23.1,33.59
2023-11-27 20:00:19,1214.0,23.1,33.59
2023-11-27 20:10:26,1151.0,23.1,33.59
2023-11-27 20:20:32,1153.0,23.1,33.59
2023-11-27 20:30:37,1088.0,23.2,33.59
2023-11-27 20:40:28,1097.0,23.1,33.2
2023-11-27 20:50:50,1085.0,23.2,33.2
2023-11-27 21:00:57,1060.0,23.1,33.2
2023-11-27 21:11:03,1066.0,23.1,33.2
2023-11-27 21:21:10,1099.0,23.1,33.2
2023-11-27 21:31:16,1028.0,23.1,32.81
2023-11-27 21:41:22,999.0,23.1,32.81
2023-11-27 21:51:29,995.0,23.1,32.81
2023-11-27 22:01:35,1001.0,23.1,32.81
2023-11-27 22:11:10,1001.0,23.1,32.81
2023-11-27 22:21:24,990.0,23.1,32.42
2023-11-27 22:31:44,984.0,23.1,32.42
2023-11-27 22:42:04,918.0,23.1,32.42
2023-11-27 22:52:08,885.0,23.1,32.42
2023-11-27 23:02:15,877.0,23.1,32.42
2023-11-27 23:12:17,820.0,23.1,32.42
2023-11-27 23:22:20,864.0,23.1,32.42
2023-11-27 23:32:22,875.0,23.1,32.42
2023-11-27 23:42:24,909.0,23.0,32.03
2023-11-27 23:52:11,842.0,23.1,32.03
2023-11-28 00:02:13,850.0,23.0,32.03
2023-11-28 00:12:32,883.0,23.1,32.03
2023-11-28 00:22:34,850.0,23.1,32.03
2023-11-28 00:32:35,846.0,23.0,32.03
2023-11-28 00:42:38,815.0,23.0,32.03
2023-11-28 00:52:40,833.0,23.0,31.64
2023-11-28 01:02:42,802.0,23.0,31.64
2023-11-28 01:12:45,760.0,23.1,31.64
2023-11-28 01:22:47,742.0,23.0,31.64
2023-11-28 01:32:50,781.0,23.1,31.64
2023-11-28 01:42:52,763.0,23.1,31.64
2023-11-28 01:52:54,734.0,23.0,31.64
2023-11-28 02:02:57,795.0,23.0,31.64
2023-11-28 02:12:59,793.0,23.0,31.25
2023-11-28 02:23:02,730.0,23.0,31.25
2023-11-28 02:33:04,726.0,23.0,31.25
2023-11-28 02:43:06,731.0,23.0,31.25
2023-11-28 02:53:09,716.0,23.0,31.25
2023-11-28 03:03:11,696.0,23.0,31.25
2023-11-28 03:13:14,695.0,23.0,31.25
2023-11-28 03:23:00,737.0,23.1,31.25
2023-11-28 03:33:18,783.0,23.0,30.86
2023-11-28 03:43:21,694.0,22.9,31.25
2023-11-28 03:53:23,715.0,23.0,31.25
2023-11-28 04:03:26,750.0,23.0,30.86
2023-11-28 04:13:28,731.0,22.9,31.25
2023-11-28 04:23:30,713.0,22.9,31.25
2023-11-28 04:33:33,714.0,23.0,31.25
2023-11-28 04:43:03,714.0,23.0,31.25
2023-11-28 04:53:13,677.0,23.0,31.25
2023-11-28 05:03:30,722.0,23.1,31.25
2023-11-28 05:13:46,675.0,22.9,31.25
2023-11-28 05:23:46,696.0,22.9,31.25
2023-11-28 05:33:48,703.0,23.0,31.25
2023-11-28 05:43:51,653.0,22.9,30.86
2023-11-28 05:53:53,651.0,23.1,30.86
2023-11-28 06:03:55,662.0,22.9,30.86
2023-11-28 06:13:58,665.0,23.0,30.86
2023-11-28 06:23:44,629.0,22.9,30.47
2023-11-28 06:34:01,654.0,23.0,30.47
2023-11-28 06:44:04,643.0,23.0,30.47
2023-11-28 06:54:06,652.0,22.9,30.47
2023-11-28 07:04:09,661.0,22.9,30.47
2023-11-28 07:14:11,704.0,22.8,30.47
2023-11-28 07:24:13,654.0,22.9,30.86
2023-11-28 07:34:00,753.0,22.9,31.25
2023-11-28 07:44:18,774.0,22.9,32.42
2023-11-28 07:54:21,823.0,22.8,32.42
2023-11-28 08:04:23,854.0,22.8,32.81
2023-11-28 08:14:25,849.0,22.9,32.81
2023-11-28 08:24:28,930.0,22.9,33.2
2023-11-28 08:34:33,996.0,22.9,33.2
2023-11-28 08:44:35,996.0,22.8,33.59
2023-11-28 08:54:38,1027.0,22.9,33.2
2023-11-28 09:04:44,1121.0,22.8,33.2
2023-11-28 09:14:51,1084.0,22.9,33.59
2023-11-28 09:24:57,1117.0,22.9,33.59
2023-11-28 09:35:04,1168.0,22.9,33.2
2023-11-28 09:45:10,1273.0,22.9,33.59
2023-11-28 09:55:16,1300.0,22.9,33.59
2023-11-28 10:05:23,1360.0,22.9,33.59
2023-11-28 10:15:29,1294.0,22.9,33.59
2023-11-28 10:25:36,1343.0,22.9,33.59
2023-11-28 10:35:42,1465.0,22.9,33.2
2023-11-28 10:45:48,1503.0,22.9,33.59
2023-11-28 10:55:59,1574.0,22.8,33.59
2023-11-28 11:06:01,1565.0,22.9,33.98
2023-11-28 11:15:36,1565.0,22.9,33.98
2023-11-28 11:25:50,1572.0,22.9,33.98
2023-11-28 11:36:10,1527.0,22.9,33.59
2023-11-28 11:46:30,1514.0,23.0,33.59
2023-11-28 11:56:34,1532.0,23.0,33.59
2023-11-28 12:06:41,1568.0,22.9,33.59
2023-11-28 12:16:47,1605.0,23.0,33.59
2023-11-28 12:26:54,1590.0,22.9,33.59
2023-11-28 12:36:59,1619.0,23.0,33.59
2023-11-28 12:47:05,1706.0,22.9,33.98
2023-11-28 12:57:12,1729.0,23.0,33.98
2023-11-28 13:07:18,1749.0,22.9,33.98
2023-11-28 13:17:25,1790.0,23.0,33.98
2023-11-28 13:27:31,1885.0,22.9,33.98
2023-11-28 13:37:37,1816.0,22.9,34.38
2023-11-28 13:47:44,1917.0,23.0,34.38
2023-11-28 13:57:50,1907.0,23.0,34.38
2023-11-28 14:07:57,2033.0,23.1,34.77
2023-11-28 14:18:03,2021.0,23.0,34.77
2023-11-28 14:28:09,1988.0,23.0,34.38
2023-11-28 14:38:15,2022.0,23.1,34.77
2023-11-28 14:48:21,2090.0,23.1,35.16
2023-11-28 14:58:28,2079.0,23.1,35.16
2023-11-28 15:08:34,2122.0,23.1,34.77
2023-11-28 15:18:40,2105.0,23.1,34.77
2023-11-28 15:28:47,2139.0,23.1,35.16
2023-11-28 15:38:53,2027.0,23.1,34.77
2023-11-28 15:49:00,1923.0,23.1,34.38
2023-11-28 15:59:06,1980.0,23.1,34.38
2023-11-28 16:09:12,1954.0,23.1,34.38
2023-11-28 16:19:19,1983.0,23.2,34.77
2023-11-28 16:29:25,1981.0,23.2,34.77
2023-11-28 16:39:32,1833.0,23.2,34.77
2023-11-28 16:49:38,1641.0,23.2,34.38
2023-11-28 16:59:45,1630.0,23.2,34.38
2023-11-28 17:09:51,1744.0,23.2,34.38
2023-11-28 17:19:57,1715.0,23.2,34.38
2023-11-28 17:30:04,1630.0,23.2,34.38
2023-11-28 17:40:06,1646.0,23.3,33.98
2023-11-28 17:49:37,1646.0,23.3,33.98
2023-11-28 17:59:51,1554.0,23.1,33.98
2023-11-28 18:10:11,1536.0,23.2,33.59
2023-11-28 18:20:31,1502.0,23.3,33.2
2023-11-28 18:30:35,1452.0,23.2,33.2
2023-11-28 18:40:40,1311.0,23.2,32.81
2023-11-28 18:50:43,1291.0,23.2,32.81
2023-11-28 19:00:45,1313.0,23.2,32.42
2023-11-28 19:10:52,1226.0,23.3,32.03
2023-11-28 19:20:58,1248.0,23.2,32.42
2023-11-28 19:31:05,1238.0,23.2,32.03
2023-11-28 19:41:11,1150.0,23.2,32.03
2023-11-28 19:51:17,1120.0,23.2,31.64
2023-11-28 20:01:24,1181.0,23.3,31.64
2023-11-28 20:11:30,1068.0,23.3,31.64
2023-11-28 20:21:37,1078.0,23.1,31.64
2023-11-28 20:31:43,1052.0,23.3,31.25
2023-11-28 20:41:49,960.0,23.2,31.25
2023-11-28 20:51:57,1078.0,23.2,31.25
2023-11-28 21:02:02,973.0,23.3,31.25
2023-11-28 21:12:09,1041.0,23.2,31.25
2023-11-28 21:22:15,1018.0,23.2,31.25
2023-11-28 21:32:22,966.0,23.3,30.86
2023-11-28 21:42:28,962.0,23.3,30.86
2023-11-28 21:52:34,968.0,23.2,30.86
2023-11-28 22:02:41,948.0,23.2,30.86
2023-11-28 22:12:47,1009.0,23.3,30.86
2023-11-28 22:22:54,857.0,23.3,30.86
2023-11-28 22:33:00,889.0,23.2,30.86
2023-11-28 22:43:05,977.0,23.3,30.86
2023-11-28 22:52:56,889.0,23.2,30.86
2023-11-28 23:03:18,876.0,23.3,30.47
2023-11-28 23:13:25,855.0,23.2,30.86
2023-11-28 23:23:31,812.0,23.3,30.47
2023-11-28 23:33:34,877.0,23.3,30.47
2023-11-28 23:43:36,786.0,23.3,30.47
2023-11-28 23:53:38,822.0,23.2,30.47
2023-11-29 00:03:41,793.0,23.2,30.47
2023-11-29 00:13:43,786.0,23.2,30.47
2023-11-29 00:23:14,786.0,23.2,30.47
2023-11-29 00:33:24,798.0,23.2,30.47
2023-11-29 00:43:40,779.0,23.2,30.47
2023-11-29 00:53:56,745.0,23.2,30.47
2023-11-29 01:03:56,826.0,23.2,30.47
2023-11-29 01:13:59,766.0,23.2,30.47
2023-11-29 01:24:01,817.0,23.2,30.08
2023-11-29 01:34:03,764.0,23.2,30.08
2023-11-29 01:44:06,787.0,23.2,30.08
2023-11-29 01:54:08,754.0,23.2,30.08
2023-11-29 02:04:10,757.0,23.2,30.08
2023-11-29 02:14:13,757.0,23.2,30.08
2023-11-29 02:24:15,694.0,23.2,30.08
2023-11-29 02:34:18,729.0,23.2,30.08
2023-11-29 02:44:20,739.0,23.3,30.08
2023-11-29 02:54:22,687.0,23.2,30.08
2023-11-29 03:04:25,734.0,23.2,30.08
2023-11-29 03:14:27,725.0,23.2,30.08
2023-11-29 03:24:30,734.0,23.2,30.08
2023-11-29 03:34:32,706.0,23.2,29.69
2023-11-29 03:44:34,727.0,23.2,29.69
2023-11-29 03:54:37,694.0,23.3,29.69
2023-11-29 04:04:39,661.0,23.2,29.69
2023-11-29 04:14:42,694.0,23.3,29.69
2023-11-29 04:24:44,724.0,23.2,30.08
2023-11-29 04:34:46,695.0,23.2,30.08
2023-11-29 04:44:48,681.0,23.3,30.47
2023-11-29 04:54:50,744.0,23.2,30.08
2023-11-29 05:04:52,698.0,23.3,30.08
2023-11-29 05:14:39,638.0,23.3,30.08
2023-11-29 05:24:41,697.0,23.3,30.08
2023-11-29 05:35:00,714.0,23.2,30.08
2023-11-29 05:45:02,641.0,23.3,29.69
2023-11-29 05:55:04,674.0,23.3,29.69
2023-11-29 06:05:07,644.0,23.2,29.69
2023-11-29 06:15:09,677.0,23.3,29.69
2023-11-29 06:25:12,646.0,23.3,29.3
2023-11-29 06:35:14,611.0,23.2,29.3
2023-11-29 06:45:16,708.0,23.3,29.3
2023-11-29 06:54:47,708.0,23.3,29.3
2023-11-29 07:04:57,659.0,23.2,29.3
2023-11-29 07:15:13,677.0,23.2,29.3
2023-11-29 07:25:29,649.0,23.2,29.3
2023-11-29 07:35:29,666.0,23.2,29.3
2023-11-29 07:45:32,618.0,23.2,29.3
2023-11-29 07:55:18,713.0,23.1,29.69
2023-11-29 08:05:37,788.0,23.2,30.47
2023-11-29 08:15:39,876.0,23.1,31.25
2023-11-29 08:25:41,897.0,23.1,31.64
2023-11-29 08:35:48,1021.0,23.2,32.42
2023-11-29 08:45:49,1050.0,23.1,32.81
2023-11-29 08:55:51,1004.0,23.1,32.42
2023-11-29 09:05:58,1111.0,23.1,32.81
2023-11-29 09:16:04,1206.0,23.1,33.2
2023-11-29 09:26:11,1196.0,23.1,33.2
2023-11-29 09:36:17,1182.0,23.1,33.2
2023-11-29 09:46:24,1228.0,23.2,33.2
2023-11-29 09:56:30,1309.0,23.1,33.2
2023-11-29 10:06:36,1222.0,23.1,33.2
2023-11-29 10:16:43,1309.0,23.1,33.98
2023-11-29 10:26:50,1312.0,23.1,33.98
2023-11-29 10:36:56,1284.0,23.1,33.59
2023-11-29 10:47:01,1249.0,23.1,33.59
2023-11-29 10:57:07,1237.0,23.1,33.59
2023-11-29 11:07:14,1297.0,23.1,33.59
2023-11-29 11:17:20,1371.0,23.1,33.98
2023-11-29 11:27:27,1487.0,23.2,33.98
2023-11-29 11:37:33,1485.0,23.1,34.38
2023-11-29 11:47:43,1555.0,23.1,34.38
2023-11-29 11:57:46,1604.0,23.2,34.77
2023-11-29 12:07:48,1569.0,23.1,34.77
2023-11-29 12:17:55,1590.0,23.2,34.38
2023-11-29 12:28:01,1503.0,23.2,34.38
2023-11-29 12:38:07,1509.0,23.3,34.77
2023-11-29 12:48:13,1677.0,23.2,34.77
2023-11-29 12:58:19,1635.0,23.3,34.77
2023-11-29 13:08:26,1708.0,23.2,34.77
2023-11-29 13:18:32,1681.0,23.2,34.77
2023-11-29 13:28:06,1681.0,23.2,34.77
2023-11-29 13:38:21,1679.0,23.2,34.77
2023-11-29 13:48:41,1763.0,23.3,35.55
2023-11-29 13:59:01,1860.0,23.2,35.16
2023-11-29 14:09:05,1756.0,23.2,35.16
2023-11-29 14:19:11,1800.0,23.2,35.16
2023-11-29 14:29:18,1731.0,23.2,35.16
2023-11-29 14:39:24,1768.0,23.2,35.16
2023-11-29 14:49:31,1596.0,23.2,34.77
2023-11-29 14:59:37,1598.0,23.2,34.38
2023-11-29 15:09:44,1570.0,23.3,34.38
2023-11-29 15:19:50,1620.0,23.3,33.98
2023-11-29 15:29:56,1523.0,23.3,33.98
2023-11-29 15:40:03,1521.0,23.3,33.59
2023-11-29 15:50:09,1452.0,23.3,33.59
2023-11-29 16:00:16,1474.0,23.3,33.2
2023-11-29 16:10:22,1399.0,23.3,33.2
2023-11-29 16:20:24,1390.0,23.2,33.2
2023-11-29 16:30:27,1300.0,23.3,32.81
2023-11-29 16:40:33,1310.0,23.2,32.81
2023-11-29 16:50:40,1292.0,23.3,32.81
2023-11-29 17:00:46,1292.0,23.2,32.42
2023-11-29 17:10:52,1320.0,23.2,32.42
2023-11-29 17:20:59,1227.0,23.2,32.42
2023-11-29 17:30:49,1324.0,23.3,32.81
2023-11-29 17:41:12,1379.0,23.2,32.81
2023-11-29 17:51:18,1323.0,23.3,32.81
2023-11-29 18:01:25,1280.0,23.2,32.81
2023-11-29 18:11:31,1212.0,23.3,32.81
2023-11-29 18:21:21,1202.0,23.2,32.42
2023-11-29 18:31:44,1253.0,23.2,32.42
2023-11-29 18:41:50,1160.0,23.3,32.42
2023-11-29 18:51:55,1132.0,23.2,32.42
2023-11-29 19:02:02,1129.0,23.2,32.42
2023-11-29 19:12:08,1110.0,23.3,32.42
2023-11-29 19:22:15,1096.0,23.2,32.03
2023-11-29 19:32:21,1143.0,23.3,32.03
2023-11-29 19:42:28,1073.0,23.2,32.03
2023-11-29 19:52:34,1063.0,23.3,32.03
2023-11-29 20:02:08,1063.0,23.3,32.03
2023-11-29 20:12:23,1033.0,23.3,32.03
2023-11-29 20:22:43,1034.0,23.2,31.64
2023-11-29 20:33:03,1002.0,23.3,31.64
2023-11-29 20:43:07,953.0,23.2,31.64
2023-11-29 20:53:13,974.0,23.3,31.64
2023-11-29 21:03:20,981.0,23.2,31.64
2023-11-29 21:13:26,898.0,23.2,31.64
2023-11-29 21:23:33,948.0,23.2,31.64
2023-11-29 21:33:39,887.0,23.2,31.64
2023-11-29 21:43:42,812.0,23.3,31.64
2023-11-29 21:53:44,900.0,23.3,31.64
2023-11-29 22:03:31,883.0,23.2,31.64
2023-11-29 22:13:49,845.0,23.2,31.64
2023-11-29 22:23:51,851.0,23.2,31.64
2023-11-29 22:33:54,893.0,23.1,31.64
2023-11-29 22:43:56,856.0,23.2,31.64
2023-11-29 22:53:59,843.0,23.1,31.64
2023-11-29 23:04:01,791.0,23.1,31.64
2023-11-29 23:14:03,829.0,23.1,31.64
2023-11-29 23:24:06,826.0,23.1,31.64
2023-11-29 23:34:08,837.0,23.1,31.64
2023-11-29 23:44:11,784.0,23.1,31.64
2023-11-29 23:54:13,775.0,23.1,31.64
2023-11-30 00:04:15,805.0,23.1,31.64
2023-11-30 00:14:18,757.0,23.1,31.64
2023-11-30 00:24:20,791.0,23.1,31.64
2023-11-30 00:34:23,787.0,23.0,31.64
2023-11-30 00:44:25,733.0,23.0,31.64
2023-11-30 00:54:26,796.0,23.0,31.64
2023-11-30 01:04:29,819.0,23.0,31.64
2023-11-30 01:14:15,782.0,23.1,31.64
2023-11-30 01:24:33,775.0,23.0,31.25
2023-11-30 01:34:36,781.0,23.1,31.25
2023-11-30 01:44:38,786.0,23.0,31.25
2023-11-30 01:54:41,760.0,23.0,31.25
2023-11-30 02:04:43,716.0,23.0,31.25
2023-11-30 02:14:45,716.0,23.0,31.64
2023-11-30 02:24:48,763.0,23.0,31.25
2023-11-30 02:34:18,763.0,23.0,31.25
2023-11-30 02:44:28,697.0,23.1,31.64
2023-11-30 02:54:44,727.0,23.1,31.25
2023-11-30 03:05:01,707.0,23.0,31.64
2023-11-30 03:15:01,687.0,23.1,31.64
2023-11-30 03:24:47,730.0,23.1,31.64
2023-11-30 03:35:05,727.0,23.0,31.64
2023-11-30 03:44:52,711.0,23.0,31.64
2023-11-30 03:55:10,742.0,23.1,31.64
2023-11-30 04:05:13,673.0,23.1,31.25
2023-11-30 04:15:15,713.0,23.1,31.64
2023-11-30 04:25:17,706.0,23.1,31.64
2023-11-30 04:35:04,694.0,23.1,31.64
2023-11-30 04:45:22,687.0,23.0,32.03
2023-11-30 04:55:25,642.0,23.0,32.03
2023-11-30 05:05:27,714.0,23.1,32.03
2023-11-30 05:15:29,714.0,23.1,32.03
2023-11-30 05:25:32,683.0,23.1,32.03
2023-11-30 05:35:34,628.0,23.0,32.03
2023-11-30 05:45:37,714.0,23.0,32.03
2023-11-30 05:55:39,668.0,23.0,31.64
2023-11-30 06:05:41,690.0,23.1,31.64
2023-11-30 06:15:28,645.0,23.0,31.64
2023-11-30 06:25:30,620.0,23.0,31.64
2023-11-30 06:35:49,695.0,23.0,31.64
2023-11-30 06:45:51,682.0,23.1,31.64
2023-11-30 06:55:53,618.0,23.1,31.64
2023-11-30 07:05:56,655.0,23.0,31.64
2023-11-30 07:15:59,731.0,23.0,32.03
2023-11-30 07:25:45,701.0,23.0,32.03
2023-11-30 07:35:47,689.0,23.0,32.42
2023-11-30 07:46:05,741.0,22.9,32.81
2023-11-30 07:56:08,754.0,23.0,32.81
2023-11-30 08:06:10,780.0,23.0,33.2
2023-11-30 08:16:13,813.0,22.9,33.59
2023-11-30 08:26:15,804.0,22.9,33.59
2023-11-30 08:36:17,873.0,22.9,33.98
2023-11-30 08:46:20,866.0,22.9,34.38
2023-11-30 08:56:21,913.0,22.9,34.38
2023-11-30 09:05:51,913.0,22.9,34.38
2023-11-30 09:16:03,961.0,22.9,34.38
2023-11-30 09:26:20,933.0,22.9,34.38
2023-11-30 09:36:20,974.0,23.0,34.38
2023-11-30 09:46:24,1082.0,22.9,34.77
2023-11-30 09:56:28,1072.0,22.9,34.77
2023-11-30 10:06:32,1035.0,23.0,34.77
2023-11-30 10:16:36,1122.0,23.0,35.16
2023-11-30 10:26:40,1218.0,22.9,34.77
2023-11-30 10:36:44,1367.0,23.0,35.55
2023-11-30 10:46:33,1279.0,22.9,35.55
2023-11-30 10:56:53,1285.0,22.9,35.55
2023-11-30 11:06:57,1228.0,23.0,35.16
2023-11-30 11:17:01,1256.0,22.9,35.55
2023-11-30 11:27:05,1328.0,23.0,35.16
2023-11-30 11:37:09,1421.0,22.9,35.16
2023-11-30 11:47:13,1395.0,23.0,35.55
2023-11-30 11:57:17,1414.0,23.0,35.16
2023-11-30 12:07:06,1422.0,23.0,35.16
2023-11-30 12:17:26,1343.0,23.0,35.16
2023-11-30 12:27:30,1314.0,23.0,35.16
2023-11-30 12:37:34,1357.0,23.0,35.16
2023-11-30 12:47:38,1408.0,23.0,35.55
2023-11-30 12:57:42,1463.0,23.0,35.16
2023-11-30 13:07:46,1433.0,23.1,35.16
2023-11-30 13:17:50,1533.0,23.0,35.16
2023-11-30 13:28:15,1638.0,23.0,35.55
2023-11-30 13:38:17,1748.0,23.1,35.94
2023-11-30 13:48:19,1705.0,23.0,35.94
2023-11-30 13:58:26,1716.0,23.1,35.94
2023-11-30 14:08:32,1685.0,23.1,35.94
2023-11-30 14:18:23,1676.0,23.1,35.94
2023-11-30 14:28:45,1656.0,23.1,35.94
2023-11-30 14:38:51,1656.0,23.1,35.94
2023-11-30 14:48:58,1699.0,23.1,35.94
2023-11-30 14:59:04,1661.0,23.1,35.94
2023-11-30 15:09:11,1738.0,23.1,35.94
2023-11-30 15:19:17,1624.0,23.1,35.55
2023-11-30 15:29:24,1639.0,23.1,35.55
2023-11-30 15:38:58,1639.0,23.1,35.55
2023-11-30 15:49:12,1588.0,23.1,35.16
2023-11-30 15:59:33,1538.0,23.1,34.77
2023-11-30 16:09:52,1431.0,23.2,34.77
2023-11-30 16:19:53,1401.0,23.1,34.38
2023-11-30 16:29:57,1293.0,23.1,34.38
2023-11-30 16:40:01,1314.0,23.2,33.98
2023-11-30 16:50:05,1376.0,23.1,33.98
2023-11-30 17:00:09,1293.0,23.2,33.98
2023-11-30 17:10:13,1259.0,23.1,33.59
2023-11-30 17:20:18,1250.0,23.2,33.59
2023-11-30 17:30:22,1192.0,23.2,33.59
2023-11-30 17:40:26,1214.0,23.1,33.98
2023-11-30 17:50:30,1183.0,23.2,33.98
2023-11-30 18:00:34,1204.0,23.1,33.98
2023-11-30 18:10:39,1212.0,23.1,33.98
2023-11-30 18:20:43,1191.0,23.1,33.98
2023-11-30 18:30:47,1131.0,23.2,33.59
2023-11-30 18:40:51,1181.0,23.2,33.59
2023-11-30 18:50:55,1165.0,23.1,33.59
2023-11-30 19:01:00,1063.0,23.1,33.59
2023-11-30 19:11:04,1081.0,23.1,33.59
2023-11-30 19:21:08,1044.0,23.1,33.2
2023-11-30 19:31:12,944.0,23.2,33.2
2023-11-30 19:41:16,984.0,23.1,33.2
2023-11-30 19:51:20,1023.0,23.1,32.81
2023-11-30 20:01:25,1084.0,23.1,32.81
2023-11-30 20:11:29,994.0,23.1,32.81
2023-11-30 20:21:33,1019.0,23.1,32.81
2023-11-30 20:31:37,996.0,23.1,32.81
2023-11-30 20:41:41,901.0,23.2,32.81
2023-11-30 20:51:46,942.0,23.1,32.42
2023-11-30 21:01:50,952.0,23.1,32.42
2023-11-30 21:11:54,883.0,23.1,32.42
2023-11-30 21:21:58,930.0,23.1,32.42
2023-11-30 21:32:02,966.0,23.1,32.42
2023-11-30 21:42:07,848.0,23.1,32.42
2023-11-30 21:52:09,871.0,23.1,32.42
2023-11-30 22:02:12,819.0,23.1,32.42
2023-11-30 22:11:42,819.0,23.1,32.42
2023-11-30 22:21:52,854.0,23.1,32.03
2023-11-30 22:32:08,867.0,23.1,32.03
2023-11-30 22:42:24,819.0,23.1,32.03
2023-11-30 22:52:24,823.0,23.1,32.03
2023-11-30 23:02:26,783.0,23.1,32.03
2023-11-30 23:12:28,828.0,23.1,32.03
2023-11-30 23:22:30,817.0,23.1,32.03
2023-11-30 23:32:33,765.0,23.1,32.03
2023-11-30 23:42:35,826.0,23.1,32.03
2023-11-30 23:52:38,837.0,23.1,32.03
2023-12-01 00:02:40,806.0,23.1,32.03
2023-12-01 00:12:42,815.0,23.1,32.03
2023-12-01 00:22:45,802.0,23.1,31.64
2023-12-01 00:32:47,734.0,23.1,31.64
2023-12-01 00:42:50,810.0,23.0,31.64
2023-12-01 00:52:52,725.0,23.1,31.64
2023-12-01 01:02:53,734.0,23.1,31.64
2023-12-01 01:12:56,743.0,23.0,31.64
2023-12-01 01:22:58,734.0,23.1,31.64
2023-12-01 01:33:00,772.0,23.2,31.64
2023-12-01 01:43:03,730.0,23.1,31.64
2023-12-01 01:52:49,716.0,23.1,31.64
2023-12-01 02:03:08,767.0,23.0,31.64
2023-12-01 02:13:10,744.0,23.0,31.64
2023-12-01 02:23:12,765.0,23.1,31.64
2023-12-01 02:33:15,716.0,23.1,31.64
2023-12-01 02:43:17,716.0,23.1,31.25
2023-12-01 02:53:20,729.0,23.0,31.25
2023-12-01 03:03:06,688.0,23.1,31.64
2023-12-01 03:13:24,734.0,23.0,31.64
2023-12-01 03:23:27,710.0,23.0,31.64
2023-12-01 03:33:29,714.0,23.1,31.64
2023-12-01 03:43:32,722.0,23.0,31.64
2023-12-01 03:53:34,658.0,23.1,31.25
2023-12-01 04:03:36,693.0,23.1,31.64
2023-12-01 04:13:39,745.0,23.1,31.64
2023-12-01 04:23:41,724.0,23.0,31.64
2023-12-01 04:33:44,656.0,23.1,31.64
2023-12-01 04:43:14,656.0,23.1,31.64
2023-12-01 04:53:24,700.0,23.0,31.64
2023-12-01 05:03:40,694.0,23.1,31.64
2023-12-01 05:13:57,630.0,23.0,31.64
2023-12-01 05:23:57,627.0,23.1,31.64
2023-12-01 05:33:43,681.0,23.1,31.64
2023-12-01 05:44:01,647.0,23.1,31.64
2023-12-01 05:54:04,676.0,23.1,31.64
2023-12-01 06:04:06,671.0,23.1,31.64
2023-12-01 06:14:09,641.0,23.1,31.25
2023-12-01 06:24:11,637.0,23.1,31.64
2023-12-01 06:33:57,687.0,23.1,31.64
2023-12-01 06:44:16,665.0,23.0,31.64
2023-12-01 06:54:18,648.0,23.0,31.64
2023-12-01 07:04:19,673.0,23.0,31.64
2023-12-01 07:14:22,679.0,23.0,31.64
2023-12-01 07:24:24,648.0,23.0,31.64
2023-12-01 07:34:27,684.0,23.1,31.64
2023-12-01 07:44:13,622.0,23.0,31.64
2023-12-01 07:54:15,677.0,23.0,32.03
2023-12-01 08:04:34,805.0,23.0,32.81
2023-12-01 08:14:36,868.0,23.0,33.98
2023-12-01 08:24:39,817.0,22.9,33.59
2023-12-01 08:34:41,852.0,22.9,33.98
2023-12-01 08:44:47,1008.0,23.0,34.77
2023-12-01 08:54:50,1119.0,23.0,34.77
2023-12-01 09:04:51,970.0,22.9,33.2
2023-12-01 09:14:57,931.0,23.0,32.42
2023-12-01 09:25:04,993.0,22.9,32.81
2023-12-01 09:35:10,1199.0,22.9,33.98
2023-12-01 09:45:17,1198.0,22.9,34.38
2023-12-01 09:55:23,1013.0,23.0,32.81
2023-12-01 10:05:29,1165.0,22.9,33.2
2023-12-01 10:15:36,1289.0,23.0,34.38
2023-12-01 10:25:42,1419.0,23.0,34.38
2023-12-01 10:35:49,1504.0,23.0,34.77
2023-12-01 10:45:55,1544.0,23.1,35.16
2023-12-01 10:56:06,1615.0,23.0,35.94
2023-12-01 11:06:08,1750.0,23.1,36.33
2023-12-01 11:15:39,1750.0,23.1,36.33
2023-12-01 11:25:53,1752.0,23.1,36.72
2023-12-01 11:36:13,1693.0,23.2,36.72
2023-12-01 11:46:33,1687.0,23.1,36.33
2023-12-01 11:56:37,1735.0,23.1,35.94
2023-12-01 12:06:43,1642.0,23.1,35.55
2023-12-01 12:16:50,1580.0,23.1,35.55
2023-12-01 12:26:56,1638.0,23.2,34.77
2023-12-01 12:37:03,1662.0,23.1,35.16
2023-12-01 12:47:09,1678.0,23.1,34.77
2023-12-01 12:57:16,1656.0,23.1,35.16
2023-12-01 13:07:22,1607.0,23.2,34.77
2023-12-01 13:17:28,1643.0,23.2,35.55
2023-12-01 13:27:35,1701.0,23.2,35.16
2023-12-01 13:37:41,1710.0,23.1,35.16
2023-12-01 13:47:48,1683.0,23.2,34.77
2023-12-01 13:57:54,1672.0,23.1,33.98
2023-12-01 14:08:00,1651.0,23.2,34.38
2023-12-01 14:18:07,1733.0,23.2,34.77
2023-12-01 14:28:13,1710.0,23.2,34.77
2023-12-01 14:38:20,1884.0,23.2,35.16
2023-12-01 14:48:26,1925.0,23.2,35.16
2023-12-01 14:58:33,1863.0,23.2,35.16
2023-12-01 15:08:39,1766.0,23.2,34.38
2023-12-01 15:18:45,1728.0,23.2,33.98
2023-12-01 15:28:52,1711.0,23.2,34.38
2023-12-01 15:38:58,1899.0,23.3,34.77
2023-12-01 15:49:05,1835.0,23.2,34.77
2023-12-01 15:59:11,1780.0,23.3,34.38
2023-12-01 16:09:18,1680.0,23.3,33.59
2023-12-01 16:19:24,1766.0,23.2,33.98
2023-12-01 16:29:30,1768.0,23.2,33.98
2023-12-01 16:39:37,1718.0,23.2,33.98
2023-12-01 16:49:43,1655.0,23.2,33.98
2023-12-01 16:59:50,1629.0,23.2,33.98
2023-12-01 17:09:55,1602.0,23.3,33.98
2023-12-01 17:20:01,1553.0,23.2,33.98
2023-12-01 17:30:08,1495.0,23.2,33.59
2023-12-01 17:40:10,1476.0,23.2,33.59
2023-12-01 17:49:40,1476.0,23.2,33.59
2023-12-01 17:59:53,1448.0,23.2,33.59
2023-12-01 18:10:09,1376.0,23.3,33.59
2023-12-01 18:20:09,1376.0,23.1,33.2
2023-12-01 18:30:13,1351.0,23.1,33.2
2023-12-01 18:40:17,1221.0,23.2,33.2
2023-12-01 18:50:21,1190.0,23.2,33.2
2023-12-01 19:00:25,1260.0,23.2,33.2
2023-12-01 19:10:29,1233.0,23.2,33.2
2023-12-01 19:20:33,1215.0,23.1,32.81
2023-12-01 19:30:38,1111.0,23.2,32.81
2023-12-01 19:40:42,1119.0,23.1,32.81
2023-12-01 19:50:46,1031.0,23.1,32.81
2023-12-01 20:00:50,1095.0,23.2,32.81
2023-12-01 20:10:55,1027.0,23.1,32.42
2023-12-01 20:20:58,1058.0,23.2,32.42
2023-12-01 20:31:02,1029.0,23.1,32.42
2023-12-01 20:41:06,1020.0,23.2,32.42
2023-12-01 20:51:11,982.0,23.2,32.03
2023-12-01 21:01:15,976.0,23.2,32.42
2023-12-01 21:11:19,935.0,23.2,32.03
2023-12-01 21:21:23,867.0,23.3,32.03
2023-12-01 21:31:27,922.0,23.2,32.03
2023-12-01 21:41:31,913.0,23.2,32.03
2023-12-01 21:51:35,852.0,23.1,32.03
2023-12-01 22:01:39,880.0,23.2,32.03
2023-12-01 22:11:44,882.0,23.2,31.64
2023-12-01 22:21:48,869.0,23.2,32.03
2023-12-01 22:32:08,804.0,23.2,32.03
2023-12-01 22:42:10,849.0,23.2,32.03
2023-12-01 22:52:13,806.0,23.3,32.03
2023-12-01 23:02:15,847.0,23.3,31.64
2023-12-01 23:12:18,862.0,23.2,32.03
2023-12-01 23:22:20,876.0,23.3,32.03
2023-12-01 23:32:22,852.0,23.3,31.64
2023-12-01 23:42:25,781.0,23.3,31.64
2023-12-01 23:52:27,849.0,23.3,31.64
2023-12-02 00:02:30,812.0,23.3,31.64
2023-12-02 00:12:32,762.0,23.2,31.64
2023-12-02 00:22:02,762.0,23.2,31.64
2023-12-02 00:32:13,785.0,23.2,31.64
2023-12-02 00:42:29,729.0,23.2,31.64
2023-12-02 00:52:45,797.0,23.2,31.64
2023-12-02 01:02:45,794.0,23.2,31.64
2023-12-02 01:12:31,794.0,23.2,31.64
2023-12-02 01:22:50,788.0,23.2,31.64
2023-12-02 01:32:52,731.0,23.2,31.64
2023-12-02 01:42:55,711.0,23.2,31.64
2023-12-02 01:52:57,725.0,23.2,31.25
2023-12-02 02:02:43,678.0,23.2,31.64
2023-12-02 02:13:02,680.0,23.2,31.25
2023-12-02 02:23:04,668.0,23.2,31.25
2023-12-02 02:33:07,729.0,23.2,31.25
2023-12-02 02:43:09,752.0,23.2,31.25
2023-12-02 02:53:11,717.0,23.2,31.25
2023-12-02 03:03:14,699.0,23.2,31.25
2023-12-02 03:13:15,690.0,23.3,31.25
2023-12-02 03:23:17,697.0,23.2,31.25
2023-12-02 03:33:20,708.0,23.3,31.25
2023-12-02 03:43:22,668.0,23.3,31.25
2023-12-02 03:53:25,697.0,23.3,31.25
2023-12-02 04:03:27,654.0,23.2,31.25
2023-12-02 04:13:13,671.0,23.2,31.25
2023-12-02 04:23:16,639.0,23.2,31.25
2023-12-02 04:33:34,673.0,23.2,31.25
2023-12-02 04:43:37,653.0,23.3,31.25
2023-12-02 04:53:39,643.0,23.1,31.25
2023-12-02 05:03:41,682.0,23.2,31.25
2023-12-02 05:13:44,668.0,23.2,31.25
2023-12-02 05:23:46,631.0,23.3,30.86
2023-12-02 05:33:49,665.0,23.1,31.25
2023-12-02 05:43:51,641.0,23.3,31.25
2023-12-02 05:53:53,631.0,23.2,31.25
2023-12-02 06:03:56,631.0,23.1,30.86
2023-12-02 06:13:58,669.0,23.2,31.25
2023-12-02 06:24:01,675.0,23.1,31.25
2023-12-02 06:34:03,599.0,23.2,31.25
2023-12-02 06:44:05,602.0,23.2,31.25
2023-12-02 06:53:36,602.0,23.2,31.25
2023-12-02 07:03:46,585.0,23.1,31.25
2023-12-02 07:14:02,678.0,23.1,31.25
2023-12-02 07:24:02,630.0,23.1,31.25
2023-12-02 07:34:21,628.0,23.0,31.25
2023-12-02 07:44:23,687.0,23.1,31.25
2023-12-02 07:54:25,585.0,23.1,31.25
2023-12-02 08:04:28,668.0,23.1,31.25
2023-12-02 08:14:30,628.0,23.1,31.25
2023-12-02 08:24:33,642.0,23.1,31.25
2023-12-02 08:34:35,640.0,23.1,31.25
2023-12-02 08:44:37,613.0,23.0,31.25
2023-12-02 08:54:40,649.0,23.1,31.25
2023-12-02 09:04:42,633.0,23.1,31.25
2023-12-02 09:14:45,650.0,23.1,31.25
2023-12-02 09:24:47,656.0,23.1,31.25
2023-12-02 09:34:49,657.0,23.1,31.64
2023-12-02 09:44:52,729.0,23.0,31.64
2023-12-02 09:54:54,669.0,23.1,31.64
2023-12-02 10:04:57,641.0,23.0,31.64
2023-12-02 10:14:59,680.0,23.1,31.64
2023-12-02 10:25:01,704.0,23.1,31.64
2023-12-02 10:35:04,664.0,23.1,31.25
2023-12-02 10:45:06,674.0,23.0,31.25
2023-12-02 10:54:53,695.0,23.0,31.25
2023-12-02 11:05:11,633.0,23.0,31.25
2023-12-02 11:15:13,657.0,23.0,31.25
2023-12-02 11:25:16,674.0,23.0,31.25
2023-12-02 11:35:18,680.0,23.0,31.25
2023-12-02 11:45:21,671.0,23.0,31.25
2023-12-02 11:55:07,604.0,23.1,31.25
2023-12-02 12:05:25,659.0,23.1,31.25
2023-12-02 12:15:28,656.0,23.1,31.25
2023-12-02 12:25:30,602.0,23.2,31.25
2023-12-02 12:35:32,631.0,23.0,30.86
2023-12-02 12:45:35,626.0,23.2,31.25
2023-12-02 12:55:37,656.0,23.0,30.86
2023-12-02 13:05:40,736.0,23.1,31.64
2023-12-02 13:15:42,737.0,23.0,32.03
2023-12-02 13:25:12,737.0,23.0,32.03
2023-12-02 13:35:23,727.0,23.1,32.03
2023-12-02 13:45:39,664.0,23.0,32.03
2023-12-02 13:55:55,774.0,23.1,32.03
2023-12-02 14:05:55,720.0,23.1,31.64
2023-12-02 14:15:56,720.0,23.0,31.64
2023-12-02 14:25:59,695.0,23.1,31.64
2023-12-02 14:36:01,694.0,23.1,31.64
2023-12-02 14:46:03,655.0,23.0,31.25
2023-12-02 14:56:06,677.0,23.1,31.64
2023-12-02 15:06:08,641.0,23.1,31.25
2023-12-02 15:16:10,646.0,23.1,31.25
2023-12-02 15:25:56,677.0,23.1,31.25
2023-12-02 15:36:14,658.0,23.0,31.25
2023-12-02 15:46:17,670.0,23.0,31.25
2023-12-02 15:56:19,665.0,23.0,31.25
2023-12-02 16:06:21,670.0,23.1,31.25
2023-12-02 16:16:24,625.0,23.0,31.25
2023-12-02 16:26:26,577.0,23.1,31.25
2023-12-02 16:36:29,651.0,23.1,31.25
2023-12-02 16:46:31,630.0,23.0,30.86
2023-12-02 16:56:33,615.0,23.1,30.86
2023-12-02 17:06:36,617.0,23.0,30.86
2023-12-02 17:16:37,591.0,23.0,30.86
2023-12-02 17:26:39,601.0,23.1,30.86
2023-12-02 17:36:42,618.0,23.0,30.86
2023-12-02 17:46:45,620.0,23.0,30.86
2023-12-02 17:56:47,600.0,23.0,30.86
2023-12-02 18:06:49,617.0,23.0,30.86
2023-12-02 18:16:51,598.0,23.0,30.86
2023-12-02 18:26:38,612.0,23.1,30.86
2023-12-02 18:36:56,606.0,23.1,30.86
2023-12-02 18:46:59,582.0,23.1,30.86
2023-12-02 18:57:01,523.0,23.1,30.86
2023-12-02 19:07:03,589.0,23.1,30.86
2023-12-02 19:17:05,525.0,23.1,30.86
2023-12-02 19:27:07,567.0,23.1,30.86
2023-12-02 19:37:09,598.0,23.1,30.47
2023-12-02 19:47:12,551.0,23.1,30.47
2023-12-02 19:56:42,551.0,23.1,30.47
2023-12-02 20:06:53,589.0,23.1,30.47
2023-12-02 20:17:09,561.0,23.0,30.47
2023-12-02 20:27:25,564.0,23.0,30.47
2023-12-02 20:37:25,554.0,23.0,30.47
2023-12-02 20:47:27,570.0,23.1,30.47
2023-12-02 20:57:14,533.0,23.0,30.47
2023-12-02 21:07:32,564.0,23.1,30.47
2023-12-02 21:17:34,589.0,23.1,30.47
2023-12-02 21:27:37,525.0,23.1,30.47
2023-12-02 21:37:39,541.0,23.1,30.47
2023-12-02 21:47:26,522.0,23.1,30.47
2023-12-02 21:57:28,587.0,23.1,30.47
2023-12-02 22:07:46,517.0,23.1,30.47
2023-12-02 22:17:49,581.0,23.1,30.47
2023-12-02 22:27:51,541.0,23.1,30.47
2023-12-02 22:37:54,601.0,23.0,30.47
2023-12-02 22:47:56,523.0,23.0,30.47
2023-12-02 22:57:58,546.0,23.1,30.08
2023-12-02 23:08:01,505.0,23.1,30.47
2023-12-02 23:18:03,574.0,23.0,30.47
2023-12-02 23:28:06,505.0,23.1,30.47
2023-12-02 23:38:08,531.0,23.0,30.47
2023-12-02 23:48:10,523.0,23.0,30.47
2023-12-02 23:58:13,579.0,23.0,30.47
2023-12-03 00:08:15,523.0,23.0,30.47
2023-12-03 00:18:18,525.0,23.0,30.47
2023-12-03 00:28:20,508.0,23.1,30.47
2023-12-03 00:38:22,508.0,23.0,30.08
2023-12-03 00:48:25,513.0,23.0,30.08
2023-12-03 00:58:27,513.0,23.0,30.08
2023-12-03 01:08:30,517.0,23.0,30.08
2023-12-03 01:18:31,497.0,23.0,30.08
2023-12-03 01:28:33,527.0,23.0,30.47
2023-12-03 01:38:36,518.0,23.0,30.47
2023-12-03 01:48:38,470.0,23.0,30.08
2023-12-03 01:58:40,507.0,23.0,30.08
2023-12-03 02:08:43,527.0,23.0,30.47
2023-12-03 02:18:45,505.0,23.0,30.47
2023-12-03 02:28:16,505.0,23.0,30.47
2023-12-03 02:38:26,517.0,23.0,30.47
2023-12-03 02:48:42,525.0,23.0,30.08
2023-12-03 02:58:58,494.0,23.0,30.08
2023-12-03 03:08:58,479.0,23.0,30.47
2023-12-03 03:18:45,541.0,23.0,30.08
2023-12-03 03:29:03,523.0,23.0,30.08
2023-12-03 03:38:49,533.0,23.0,30.08
2023-12-03 03:49:08,479.0,23.1,30.08
2023-12-03 03:59:10,527.0,23.0,30.47
2023-12-03 04:08:57,500.0,23.0,30.47
2023-12-03 04:18:59,540.0,23.0,30.47
2023-12-03 04:29:17,489.0,23.0,30.47
2023-12-03 04:39:20,544.0,23.0,30.08
2023-12-03 04:49:22,508.0,23.0,30.08
2023-12-03 04:59:25,498.0,23.0,30.08
2023-12-03 05:09:27,477.0,23.0,30.08
2023-12-03 05:19:29,479.0,23.0,30.08
2023-12-03 05:29:32,480.0,23.0,30.08
2023-12-03 05:39:34,562.0,23.0,30.08
2023-12-03 05:49:36,535.0,23.1,30.08
2023-12-03 05:59:39,543.0,23.0,30.08
2023-12-03 06:09:42,531.0,23.0,30.08
2023-12-03 06:19:28,517.0,23.0,30.08
2023-12-03 06:29:46,518.0,23.0,30.08
2023-12-03 06:39:48,531.0,23.0,30.08
2023-12-03 06:49:51,505.0,23.0,30.08
2023-12-03 06:59:53,543.0,23.0,30.08
2023-12-03 07:09:56,479.0,23.0,30.08
2023-12-03 07:19:58,533.0,23.0,30.08
2023-12-03 07:30:00,478.0,23.0,30.08
2023-12-03 07:40:03,506.0,23.0,30.08
2023-12-03 07:50:05,493.0,23.0,30.08
2023-12-03 08:00:08,497.0,22.9,30.08
2023-12-03 08:10:10,488.0,23.0,30.47
2023-12-03 08:20:12,506.0,23.0,30.47
2023-12-03 08:30:15,522.0,23.0,30.47
2023-12-03 08:40:01,512.0,23.0,30.47
2023-12-03 08:50:20,499.0,23.1,30.47
2023-12-03 08:59:50,499.0,23.1,30.47
2023-12-03 09:10:00,516.0,23.0,30.47
2023-12-03 09:20:16,534.0,23.1,30.47
2023-12-03 09:30:33,516.0,23.1,30.47
2023-12-03 09:40:33,486.0,23.1,30.47
2023-12-03 09:50:35,494.0,23.0,30.47
2023-12-03 10:00:37,479.0,22.9,30.47
2023-12-03 10:10:40,516.0,22.9,30.47
2023-12-03 10:20:42,496.0,22.9,30.47
2023-12-03 10:30:45,464.0,22.9,30.47
2023-12-03 10:40:47,540.0,23.0,30.47
2023-12-03 10:50:49,542.0,23.0,30.47
2023-12-03 11:00:52,507.0,23.0,30.47
2023-12-03 11:10:54,581.0,22.9,30.47
2023-12-03 11:20:57,521.0,23.0,30.47
2023-12-03 11:30:59,489.0,22.9,30.47
2023-12-03 11:41:01,526.0,23.0,30.47
2023-12-03 11:50:48,509.0,22.9,30.47
2023-12-03 12:01:06,542.0,22.9,30.47
2023-12-03 12:11:09,532.0,23.0,30.47
2023-12-03 12:21:11,535.0,23.0,30.47
2023-12-03 12:31:13,496.0,22.9,30.47
2023-12-03 12:41:16,563.0,22.9,30.47
2023-12-03 12:51:02,512.0,23.0,30.47
2023-12-03 13:01:05,568.0,22.9,30.47
2023-12-03 13:11:23,478.0,22.9,30.47
2023-12-03 13:21:24,488.0,23.0,30.47
2023-12-03 13:31:27,542.0,22.9,30.47
2023-12-03 13:41:29,534.0,23.0,30.47
2023-12-03 13:51:31,502.0,23.0,30.47
2023-12-03 14:01:18,514.0,22.9,30.47
2023-12-03 14:11:36,545.0,22.9,30.47
2023-12-03 14:21:39,542.0,22.9,30.47
2023-12-03 14:31:41,550.0,22.9,30.47
2023-12-03 14:41:43,532.0,23.0,30.47
2023-12-03 14:51:46,534.0,22.9,30.47
2023-12-03 15:01:48,516.0,22.9,30.47
2023-12-03 15:11:51,532.0,22.9,30.86
2023-12-03 15:21:53,534.0,23.0,30.47
2023-12-03 15:31:23,534.0,23.0,30.47
2023-12-03 15:41:34,542.0,22.9,30.86
2023-12-03 15:51:50,532.0,23.0,30.47
2023-12-03 16:02:06,552.0,23.0,30.47
2023-12-03 16:12:06,478.0,23.0,30.86
2023-12-03 16:22:08,545.0,22.9,30.47
2023-12-03 16:32:11,499.0,23.0,30.47
2023-12-03 16:42:13,548.0,22.9,30.47
2023-12-03 16:52:16,539.0,23.0,30.47
2023-12-03 17:02:18,548.0,23.0,30.47
2023-12-03 17:12:20,527.0,22.9,30.47
2023-12-03 17:22:22,512.0,23.0,30.47
2023-12-03 17:32:24,583.0,23.0,30.47
2023-12-03 17:42:26,517.0,22.9,30.47
2023-12-03 17:52:29,580.0,22.9,30.47
2023-12-03 18:02:31,576.0,22.9,30.47
2023-12-03 18:12:34,534.0,23.0,30.47
2023-12-03 18:22:36,555.0,23.0,30.47
2023-12-03 18:32:39,571.0,23.0,30.47
2023-12-03 18:42:41,520.0,22.9,30.47
2023-12-03 18:52:43,597.0,23.0,30.47
2023-12-03 19:02:45,496.0,22.9,30.47
2023-12-03 19:12:48,514.0,23.0,30.47
2023-12-03 19:22:50,527.0,22.9,30.47
2023-12-03 19:32:53,535.0,23.0,30.47
2023-12-03 19:42:55,580.0,23.0,30.47
2023-12-03 19:52:57,512.0,23.0,30.47
2023-12-03 20:03:00,548.0,23.0,30.47
2023-12-03 20:13:02,522.0,23.0,30.47
2023-12-03 20:23:05,532.0,23.0,30.47
2023-12-03 20:33:07,512.0,23.0,30.47
2023-12-03 20:43:09,481.0,23.0,30.47
2023-12-03 20:53:12,526.0,23.0,30.47
2023-12-03 21:03:14,514.0,23.0,30.47
2023-12-03 21:13:17,522.0,22.9,30.47
2023-12-03 21:23:18,566.0,23.0,30.47
2023-12-03 21:33:20,514.0,23.0,30.47
2023-12-03 21:43:23,509.0,23.0,30.47
2023-12-03 21:53:25,516.0,23.0,30.47
2023-12-03 22:02:55,516.0,23.0,30.47
2023-12-03 22:13:06,471.0,22.9,30.47
2023-12-03 22:23:22,458.0,22.9,30.08
2023-12-03 22:33:38,493.0,23.0,30.47
2023-12-03 22:43:38,521.0,23.0,30.47
2023-12-03 22:53:40,532.0,23.0,30.47
2023-12-03 23:03:43,497.0,22.9,30.08
2023-12-03 23:13:45,478.0,22.9,30.08
2023-12-03 23:23:48,479.0,23.0,30.47
2023-12-03 23:33:50,543.0,22.9,30.47
2023-12-03 23:43:52,509.0,23.0,30.47
2023-12-03 23:53:39,512.0,23.0,30.47
2023-12-04 00:03:57,535.0,23.0,30.47
2023-12-04 00:14:00,509.0,23.0,30.47
2023-12-04 00:24:02,516.0,23.1,30.47
2023-12-04 00:34:04,443.0,23.0,30.47
2023-12-04 00:44:07,499.0,22.9,30.08
2023-12-04 00:54:09,543.0,23.0,30.47
2023-12-04 01:04:12,506.0,23.0,30.47
2023-12-04 01:14:14,524.0,23.0,30.08
2023-12-04 01:24:16,476.0,23.0,30.08
2023-12-04 01:34:19,447.0,23.0,30.47
2023-12-04 01:44:21,540.0,22.9,30.47
2023-12-04 01:54:08,476.0,23.0,30.47
2023-12-04 02:04:26,499.0,23.0,30.47
2023-12-04 02:14:28,517.0,23.0,30.47
2023-12-04 02:24:31,493.0,23.0,30.47
2023-12-04 02:34:33,496.0,23.0,30.47
2023-12-04 02:44:36,526.0,23.0,30.47
2023-12-04 02:54:38,504.0,23.0,30.47
2023-12-04 03:04:40,527.0,23.0,30.47
2023-12-04 03:14:43,497.0,23.0,30.47
2023-12-04 03:24:44,506.0,23.0,30.47
2023-12-04 03:34:46,517.0,23.0,30.47
2023-12-04 03:44:49,509.0,22.9,30.47
2023-12-04 03:54:51,464.0,23.0,30.47
2023-12-04 04:04:54,530.0,22.9,30.47
2023-12-04 04:14:56,476.0,22.9,30.47
2023-12-04 04:24:58,504.0,23.0,30.47
2023-12-04 04:34:29,504.0,23.0,30.47
2023-12-04 04:44:39,448.0,22.9,30.47
2023-12-04 04:54:55,453.0,23.0,30.47
2023-12-04 05:05:11,506.0,23.0,30.47
2023-12-04 05:15:11,530.0,23.0,30.47
2023-12-04 05:25:13,464.0,23.0,30.47
2023-12-04 05:34:59,476.0,23.0,30.47
2023-12-04 05:45:17,504.0,23.0,30.47
2023-12-04 05:55:20,489.0,23.0,30.47
2023-12-04 06:05:22,507.0,23.0,30.47
2023-12-04 06:15:25,493.0,23.0,30.47
2023-12-04 06:25:11,486.0,23.1,30.47
2023-12-04 06:35:13,460.0,23.0,30.86
2023-12-04 06:45:16,456.0,23.0,30.47
2023-12-04 06:55:34,476.0,23.0,30.86
2023-12-04 07:05:37,468.0,23.0,30.86
2023-12-04 07:15:39,479.0,23.0,30.86
2023-12-04 07:25:41,496.0,23.0,31.25
2023-12-04 07:35:44,504.0,22.9,31.25
2023-12-04 07:45:46,474.0,23.0,31.25
2023-12-04 07:55:49,583.0,23.0,31.64
2023-12-04 08:05:51,535.0,23.0,32.42
2023-12-04 08:15:53,604.0,23.0,32.03
2023-12-04 08:25:56,706.0,22.9,32.81
2023-12-04 08:35:58,740.0,22.9,33.2
2023-12-04 08:46:01,806.0,23.0,33.59
2023-12-04 08:56:03,883.0,23.0,33.2
2023-12-04 09:06:05,824.0,22.9,32.81
2023-12-04 09:16:08,884.0,23.0,32.42
2023-12-04 09:26:10,864.0,23.0,32.03
2023-12-04 09:36:13,938.0,23.0,32.42
2023-12-04 09:46:03,1002.0,23.0,32.03
2023-12-04 09:56:21,964.0,22.9,32.03
2023-12-04 10:06:24,1154.0,23.0,33.2
2023-12-04 10:16:30,1188.0,23.0,33.2
2023-12-04 10:26:37,1213.0,23.1,33.59
2023-12-04 10:36:43,1315.0,23.0,33.98
2023-12-04 10:46:49,1324.0,23.0,33.98
2023-12-04 10:56:56,1280.0,23.1,34.38
2023-12-04 11:06:30,1280.0,23.1,34.38
2023-12-04 11:16:45,1288.0,23.1,34.38
2023-12-04 11:27:05,1361.0,23.1,34.38
2023-12-04 11:37:25,1387.0,23.1,33.98
2023-12-04 11:47:29,1370.0,23.1,33.98
2023-12-04 11:57:35,1372.0,23.0,33.98
2023-12-04 12:07:26,1389.0,23.1,33.98
2023-12-04 12:17:48,1355.0,23.1,33.98
2023-12-04 12:27:55,1320.0,23.1,33.59
2023-12-04 12:38:01,1399.0,23.2,33.59
2023-12-04 12:48:07,1269.0,23.1,32.42
2023-12-04 12:58:14,1267.0,23.1,32.42
2023-12-04 13:08:20,1376.0,23.0,32.81
2023-12-04 13:18:27,1405.0,23.1,33.59
2023-12-04 13:28:33,1612.0,23.0,33.98
2023-12-04 13:38:35,1474.0,23.2,34.38
2023-12-04 13:48:22,1551.0,23.2,34.38
2023-12-04 13:58:44,1653.0,23.1,34.77
2023-12-04 14:08:51,1580.0,23.1,34.77
2023-12-04 14:18:57,1717.0,23.1,34.77
2023-12-04 14:29:03,1757.0,23.3,34.77
2023-12-04 14:39:10,1682.0,23.2,34.77
2023-12-04 14:49:00,1871.0,23.3,34.77
2023-12-04 14:59:07,1913.0,23.3,35.16
2023-12-04 15:09:13,1988.0,23.3,35.16
2023-12-04 15:19:20,1943.0,23.2,35.55
2023-12-04 15:29:42,1955.0,23.3,35.16
2023-12-04 15:39:48,1945.0,23.4,35.16
2023-12-04 15:49:55,1938.0,23.4,35.16
2023-12-04 16:00:01,1834.0,23.4,34.77
2023-12-04 16:10:08,1918.0,23.3,34.77
2023-12-04 16:20:14,1825.0,23.3,34.38
2023-12-04 16:30:21,1813.0,23.4,34.38
2023-12-04 16:40:27,1779.0,23.5,33.98
2023-12-04 16:50:33,1800.0,23.4,34.38
2023-12-04 17:00:40,1814.0,23.5,34.77
2023-12-04 17:10:46,1798.0,23.4,34.38
2023-12-04 17:20:53,1731.0,23.4,34.38
2023-12-04 17:30:59,1699.0,23.4,34.38
2023-12-04 17:40:33,1699.0,23.4,34.38
2023-12-04 17:50:48,1571.0,23.4,33.98
2023-12-04 18:01:08,1650.0,23.4,33.98
2023-12-04 18:11:28,1601.0,23.5,33.98
2023-12-04 18:21:32,1499.0,23.5,33.59
2023-12-04 18:31:39,1486.0,23.3,33.59
2023-12-04 18:41:45,1527.0,23.4,33.59
2023-12-04 18:51:51,1419.0,23.4,33.59
2023-12-04 19:01:54,1451.0,23.4,33.59
2023-12-04 19:11:56,1462.0,23.3,33.59
2023-12-04 19:22:03,1423.0,23.4,33.59
2023-12-04 19:32:08,1364.0,23.3,33.59
2023-12-04 19:42:14,1320.0,23.3,33.59
2023-12-04 19:52:21,1334.0,23.3,33.2
2023-12-04 20:02:27,1287.0,23.4,33.59
2023-12-04 20:12:33,1328.0,23.3,33.2
2023-12-04 20:22:40,1228.0,23.3,33.2
2023-12-04 20:32:46,1158.0,23.4,33.2
2023-12-04 20:42:53,1208.0,23.2,33.2
2023-12-04 20:52:59,1196.0,23.3,33.2
2023-12-04 21:03:06,1182.0,23.2,33.2
2023-12-04 21:13:12,1160.0,23.4,33.2
2023-12-04 21:23:18,1085.0,23.3,33.2
2023-12-04 21:33:24,1125.0,23.3,33.2
2023-12-04 21:43:30,1119.0,23.2,33.2
2023-12-04 21:53:36,1091.0,23.3,32.81
2023-12-04 22:03:43,1103.0,23.2,33.2
2023-12-04 22:13:49,1091.0,23.2,33.2
2023-12-04 22:23:56,1050.0,23.3,33.2
2023-12-04 22:34:02,1087.0,23.2,32.81
2023-12-04 22:43:53,1135.0,23.2,33.2
2023-12-04 22:53:59,1063.0,23.3,33.2
2023-12-04 23:04:21,1115.0,23.2,33.2
2023-12-04 23:14:28,1141.0,23.3,33.2
2023-12-04 23:24:34,1061.0,23.3,33.2
2023-12-04 23:34:39,1050.0,23.2,33.2
2023-12-04 23:44:46,1130.0,23.2,33.2
2023-12-04 23:54:52,1102.0,23.2,33.2
2023-12-05 00:04:59,1006.0,23.2,33.2
2023-12-05 00:14:33,1006.0,23.2,33.2
2023-12-05 00:24:47,1073.0,23.3,33.2
2023-12-05 00:35:08,979.0,23.2,33.2
2023-12-05 00:45:12,1013.0,23.2,33.2
2023-12-05 00:55:34,998.0,23.3,32.81
2023-12-05 01:05:40,1017.0,23.2,32.81
2023-12-05 01:15:47,968.0,23.3,32.81
2023-12-05 01:25:53,973.0,23.3,32.81
2023-12-05 01:35:56,966.0,23.3,32.81
2023-12-05 01:45:58,922.0,23.3,32.81
2023-12-05 01:56:05,943.0,23.2,32.81
2023-12-05 02:05:55,945.0,23.2,32.81
2023-12-05 02:16:17,919.0,23.2,32.81
2023-12-05 02:26:24,867.0,23.2,32.81
2023-12-05 02:36:30,954.0,23.3,32.81
2023-12-05 02:46:37,970.0,23.3,32.81
2023-12-05 02:56:43,889.0,23.2,32.81
2023-12-05 03:06:49,884.0,23.3,32.81
2023-12-05 03:16:56,871.0,23.2,32.81
2023-12-05 03:27:02,863.0,23.2,32.81
2023-12-05 03:37:08,880.0,23.2,32.81
2023-12-05 03:47:14,828.0,23.3,32.81
2023-12-05 03:57:17,815.0,23.3,32.81
2023-12-05 04:07:19,893.0,23.2,32.81
2023-12-05 04:17:21,819.0,23.2,32.81
2023-12-05 04:27:24,909.0,23.2,33.2
2023-12-05 04:37:26,863.0,23.2,33.2
2023-12-05 04:47:29,819.0,23.3,33.59
2023-12-05 04:57:31,808.0,23.2,33.59
2023-12-05 05:07:33,839.0,23.3,33.2
2023-12-05 05:17:36,799.0,23.3,33.2
2023-12-05 05:27:38,891.0,23.2,33.2
2023-12-05 05:37:39,817.0,23.2,33.2
2023-12-05 05:47:42,827.0,23.2,33.2
2023-12-05 05:57:44,821.0,23.3,33.2
2023-12-05 06:07:47,806.0,23.3,33.2
2023-12-05 06:17:49,836.0,23.3,33.2
2023-12-05 06:27:52,843.0,23.3,35.16
2023-12-05 06:37:54,858.0,23.2,35.55
2023-12-05 06:47:24,858.0,23.2,35.55
2023-12-05 06:57:34,776.0,23.2,35.94
2023-12-05 07:07:50,774.0,23.2,35.94
2023-12-05 07:18:07,830.0,23.3,35.94
2023-12-05 07:28:07,832.0,23.3,35.55
2023-12-05 07:38:08,781.0,23.2,35.16
2023-12-05 07:48:10,828.0,23.2,35.16
2023-12-05 07:58:17,1200.0,23.2,35.94
2023-12-05 08:08:19,984.0,23.2,35.94
2023-12-05 08:18:22,959.0,23.2,35.94
2023-12-05 08:28:28,1039.0,23.1,35.94
2023-12-05 08:38:34,1051.0,23.2,35.94
2023-12-05 08:48:41,1104.0,23.1,36.33
2023-12-05 08:58:47,1046.0,23.1,35.94
2023-12-05 09:08:54,1063.0,23.1,35.55
2023-12-05 09:19:00,1063.0,23.1,35.55
2023-12-05 09:29:06,1122.0,23.2,35.55
2023-12-05 09:39:12,1340.0,23.2,36.33
2023-12-05 09:49:18,1484.0,23.1,36.72
2023-12-05 09:59:25,1531.0,23.2,36.72
2023-12-05 10:09:31,1519.0,23.1,36.72
2023-12-05 10:19:41,1614.0,23.1,36.72
2023-12-05 10:29:44,1570.0,23.1,36.72
2023-12-05 10:39:46,1590.0,23.1,36.72
2023-12-05 10:49:53,1643.0,23.3,36.72
2023-12-05 10:59:59,1581.0,23.1,36.72
2023-12-05 11:10:05,1579.0,23.1,36.72
2023-12-05 11:20:12,1451.0,23.2,35.94
2023-12-05 11:30:18,1555.0,23.2,36.33
2023-12-05 11:40:24,1577.0,23.2,36.33
2023-12-05 11:50:30,1634.0,23.2,35.94
2023-12-05 12:00:37,1610.0,23.2,36.33
2023-12-05 12:10:43,1508.0,23.2,35.94
2023-12-05 12:20:49,1506.0,23.2,35.94
2023-12-05 12:30:56,1551.0,23.2,35.55
2023-12-05 12:41:06,1313.0,23.2,34.38
2023-12-05 12:51:08,1329.0,23.2,33.98
2023-12-05 13:01:11,1348.0,23.2,33.98
2023-12-05 13:11:18,1284.0,23.2,34.38
2023-12-05 13:20:52,1284.0,23.2,34.38
2023-12-05 13:31:06,1343.0,23.2,34.38
2023-12-05 13:41:26,1424.0,23.2,34.38
2023-12-05 13:51:46,1332.0,23.2,34.38
2023-12-05 14:01:50,1376.0,23.3,34.38
2023-12-05 14:11:57,1409.0,23.3,34.38
2023-12-05 14:22:03,1449.0,23.3,34.77
2023-12-05 14:32:10,1482.0,23.2,34.77
2023-12-05 14:42:16,1403.0,23.3,34.38
2023-12-05 14:52:22,1190.0,23.2,32.81
2023-12-05 15:02:29,1103.0,23.1,32.03
2023-12-05 15:12:35,1118.0,23.2,31.25
2023-12-05 15:22:42,1004.0,23.2,30.47
2023-12-05 15:32:48,1088.0,23.1,30.08
2023-12-05 15:42:55,1005.0,23.1,29.3
2023-12-05 15:53:01,982.0,23.1,29.3
2023-12-05 16:03:07,1071.0,23.1,30.08
2023-12-05 16:13:14,1061.0,23.1,30.47
2023-12-05 16:23:20,1129.0,23.1,31.64
2023-12-05 16:33:27,1193.0,23.1,31.64
2023-12-05 16:43:33,1244.0,23.1,32.03
2023-12-05 16:53:39,1252.0,23.1,32.42
2023-12-05 17:03:46,1216.0,23.2,32.42
2023-12-05 17:13:52,1240.0,23.3,32.42
2023-12-05 17:23:59,1200.0,23.2,32.42
2023-12-05 17:34:05,1263.0,23.3,32.42
2023-12-05 17:44:12,1149.0,23.3,32.42
2023-12-05 17:54:18,1032.0,23.2,32.42
2023-12-05 18:04:24,1100.0,23.2,32.42
2023-12-05 18:14:31,1083.0,23.2,32.42
2023-12-05 18:24:37,1065.0,23.3,32.42
2023-12-05 18:34:44,1050.0,23.2,32.42
2023-12-05 18:44:50,1118.0,23.2,32.42
2023-12-05 18:54:56,1019.0,23.2,32.42
2023-12-05 19:05:03,1028.0,23.3,32.42
2023-12-05 19:15:09,985.0,23.3,32.42
2023-12-05 19:25:12,1000.0,23.3,32.42
2023-12-05 19:35:14,934.0,23.3,32.42
2023-12-05 19:45:19,896.0,23.3,32.42
2023-12-05 19:54:54,896.0,23.3,32.42
2023-12-05 20:05:08,960.0,23.3,32.42
2023-12-05 20:15:28,927.0,23.3,32.42
2023-12-05 20:25:48,863.0,23.3,32.42
2023-12-05 20:35:52,906.0,23.3,32.42
2023-12-05 20:45:59,880.0,23.3,32.03
2023-12-05 20:56:01,839.0,23.3,32.03
2023-12-05 21:06:04,840.0,23.3,32.03
2023-12-05 21:16:06,869.0,23.3,32.03
2023-12-05 21:26:09,826.0,23.3,32.03
2023-12-05 21:36:11,811.0,23.3,32.03
2023-12-05 21:46:12,886.0,23.3,32.03
2023-12-05 21:56:15,799.0,23.3,32.03
2023-12-05 22:06:17,787.0,23.4,32.03
2023-12-05 22:16:19,871.0,23.3,32.03
2023-12-05 22:26:22,830.0,23.3,32.03
2023-12-05 22:36:24,778.0,23.3,32.03
2023-12-05 22:46:27,796.0,23.4,32.03
2023-12-05 22:56:29,707.0,23.4,32.03
2023-12-05 23:06:31,754.0,23.4,32.03
2023-12-05 23:16:34,724.0,23.4,32.03
2023-12-05 23:26:36,783.0,23.3,32.03
2023-12-05 23:36:39,719.0,23.3,32.03
2023-12-05 23:46:41,731.0,23.3,32.03
2023-12-05 23:56:43,757.0,23.3,32.03
2023-12-06 00:06:46,747.0,23.4,32.03
2023-12-06 00:16:48,741.0,23.3,31.64
2023-12-06 00:26:51,678.0,23.4,32.03
2023-12-06 00:36:53,715.0,23.3,31.64
2023-12-06 00:46:55,682.0,23.3,31.64
2023-12-06 00:56:58,673.0,23.4,31.64
2023-12-06 01:07:00,632.0,23.3,31.64
2023-12-06 01:17:03,635.0,23.3,31.64
2023-12-06 01:27:05,642.0,23.4,31.64
2023-12-06 01:37:07,733.0,23.3,31.64
2023-12-06 01:47:10,671.0,23.4,31.64
2023-12-06 01:57:12,625.0,23.3,31.64
2023-12-06 02:07:15,668.0,23.3,31.64
2023-12-06 02:17:17,623.0,23.3,31.64
2023-12-06 02:26:47,623.0,23.3,31.64
2023-12-06 02:36:58,632.0,23.4,31.64
2023-12-06 02:47:14,660.0,23.4,31.64
2023-12-06 02:57:30,654.0,23.4,31.25
2023-12-06 03:07:30,654.0,23.3,31.64
2023-12-06 03:17:32,668.0,23.3,31.64
2023-12-06 03:27:35,649.0,23.4,31.64
2023-12-06 03:37:37,630.0,23.4,31.25
2023-12-06 03:47:38,656.0,23.4,31.25
2023-12-06 03:57:41,692.0,23.4,31.25
2023-12-06 04:07:43,623.0,23.4,31.25
2023-12-06 04:17:46,627.0,23.3,31.25
2023-12-06 04:27:48,625.0,23.4,31.64
2023-12-06 04:37:50,632.0,23.4,31.64
2023-12-06 04:47:53,622.0,23.4,32.03
2023-12-06 04:57:55,601.0,23.4,32.03
2023-12-06 05:07:58,663.0,23.4,32.03
2023-12-06 05:18:00,603.0,23.4,31.64
2023-12-06 05:28:02,547.0,23.5,31.64
2023-12-06 05:38:05,617.0,23.4,31.64
2023-12-06 05:48:06,630.0,23.4,31.64
2023-12-06 05:58:09,574.0,23.4,31.64
2023-12-06 06:08:11,632.0,23.4,31.64
2023-12-06 06:18:13,563.0,23.4,31.64
2023-12-06 06:28:00,622.0,23.3,31.64
2023-12-06 06:38:18,616.0,23.3,31.64
2023-12-06 06:48:20,613.0,23.3,31.64
2023-12-06 06:58:23,531.0,23.4,31.64
2023-12-06 07:08:25,644.0,23.3,31.64
2023-12-06 07:18:11,634.0,23.4,31.64
2023-12-06 07:28:30,615.0,23.4,31.64
2023-12-06 07:38:32,605.0,23.3,31.25
2023-12-06 07:48:34,659.0,23.3,32.03
2023-12-06 07:58:36,667.0,23.4,32.03
2023-12-06 08:08:38,719.0,23.3,32.81
2023-12-06 08:18:41,857.0,23.3,33.59
2023-12-06 08:28:43,853.0,23.3,33.98
2023-12-06 08:38:34,957.0,23.3,34.38
2023-12-06 08:48:52,979.0,23.2,34.77
2023-12-06 08:58:22,979.0,23.2,34.77
2023-12-06 09:08:37,1022.0,23.3,34.77
2023-12-06 09:18:57,1095.0,23.3,34.77
2023-12-06 09:29:17,1137.0,23.2,35.16
2023-12-06 09:39:21,1183.0,23.2,35.16
2023-12-06 09:49:26,1280.0,23.2,35.55
2023-12-06 09:59:33,1237.0,23.3,35.16
2023-12-06 10:09:39,1235.0,23.3,35.16
2023-12-06 10:19:45,1215.0,23.2,35.16
2023-12-06 10:29:52,1542.0,23.3,35.94
2023-12-06 10:39:58,1568.0,23.3,35.94
2023-12-06 10:49:45,1459.0,23.3,35.94
2023-12-06 11:00:03,1722.0,23.3,36.33
2023-12-06 11:10:10,1665.0,23.3,36.72
2023-12-06 11:20:16,1631.0,23.4,36.33
2023-12-06 11:30:22,1644.0,23.4,36.33
2023-12-06 11:40:29,1622.0,23.3,35.94
2023-12-06 11:50:19,1644.0,23.3,35.94
2023-12-06 12:00:42,1571.0,23.4,35.55
2023-12-06 12:10:48,1673.0,23.4,35.94
2023-12-06 12:20:54,1787.0,23.4,35.94
2023-12-06 12:31:01,1843.0,23.3,36.33
2023-12-06 12:41:07,1895.0,23.4,36.33
2023-12-06 12:51:14,1838.0,23.3,36.33
2023-12-06 13:01:20,1575.0,23.3,34.77
2023-12-06 13:11:31,1391.0,23.3,33.98
2023-12-06 13:21:37,1722.0,23.3,34.38
2023-12-06 13:31:39,1673.0,23.3,34.38
2023-12-06 13:41:42,1666.0,23.3,34.77
2023-12-06 13:51:47,1521.0,23.3,34.38
2023-12-06 14:01:53,1700.0,23.3,34.77
2023-12-06 14:12:00,1711.0,23.4,35.16
2023-12-06 14:22:06,1705.0,23.4,35.16
2023-12-06 14:32:13,1829.0,23.4,35.55
2023-12-06 14:42:19,1573.0,23.4,34.77
2023-12-06 14:52:26,1645.0,23.4,34.77
2023-12-06 15:02:32,1758.0,23.4,35.16
2023-12-06 15:12:38,2084.0,23.4,35.94
2023-12-06 15:22:45,2175.0,23.4,36.33
2023-12-06 15:32:19,2175.0,23.4,36.33
2023-12-06 15:42:33,2042.0,23.4,36.72
2023-12-06 15:52:54,1991.0,23.4,36.33
2023-12-06 16:03:14,1861.0,23.5,35.94
2023-12-06 16:13:18,1840.0,23.4,35.55
2023-12-06 16:23:24,1877.0,23.5,35.55
2023-12-06 16:33:31,1799.0,23.5,35.55
2023-12-06 16:43:37,1787.0,23.5,35.55
2023-12-06 16:53:44,1753.0,23.4,35.16
2023-12-06 17:03:50,1812.0,23.5,35.16
2023-12-06 17:13:56,1764.0,23.5,35.16
2023-12-06 17:24:03,1735.0,23.6,35.16
2023-12-06 17:34:09,1669.0,23.5,35.16
2023-12-06 17:44:16,1589.0,23.5,34.77
2023-12-06 17:54:22,1561.0,23.5,34.77
2023-12-06 18:04:28,1510.0,23.5,34.77
2023-12-06 18:14:35,1540.0,23.5,34.77
2023-12-06 18:24:41,1497.0,23.5,34.38
2023-12-06 18:34:48,1475.0,23.6,34.38
2023-12-06 18:44:54,1382.0,23.5,34.38
2023-12-06 18:54:57,1367.0,23.6,34.38
2023-12-06 19:04:59,1323.0,23.6,33.98
2023-12-06 19:15:05,1233.0,23.5,33.98
2023-12-06 19:24:56,1211.0,23.6,33.98
2023-12-06 19:35:18,1235.0,23.5,33.98
2023-12-06 19:45:25,1142.0,23.6,33.59
2023-12-06 19:55:30,1186.0,23.6,33.59
2023-12-06 20:05:36,1062.0,23.5,33.59
2023-12-06 20:15:43,1107.0,23.6,33.59
2023-12-06 20:25:33,1107.0,23.5,33.59
2023-12-06 20:35:55,1057.0,23.5,33.59
2023-12-06 20:46:02,1045.0,23.6,33.2
2023-12-06 20:56:08,1033.0,23.6,33.2
2023-12-06 21:06:15,1045.0,23.5,33.2
2023-12-06 21:16:21,1057.0,23.5,33.2
2023-12-06 21:26:28,975.0,23.5,33.2
2023-12-06 21:36:34,937.0,23.6,33.2
2023-12-06 21:46:40,907.0,23.5,33.2
2023-12-06 21:56:46,894.0,23.6,33.2
2023-12-06 22:06:20,894.0,23.6,33.2
2023-12-06 22:16:34,894.0,23.5,33.2
2023-12-06 22:26:54,913.0,23.5,32.81
2023-12-06 22:37:15,950.0,23.5,32.81
2023-12-06 22:47:15,843.0,23.6,32.81
2023-12-06 22:57:17,867.0,23.6,32.81
2023-12-06 23:07:04,886.0,23.5,32.81
2023-12-06 23:17:22,913.0,23.5,32.81
2023-12-06 23:27:25,740.0,23.5,32.81
2023-12-06 23:37:27,875.0,23.5,32.81
2023-12-06 23:47:29,846.0,23.5,32.81
2023-12-06 23:57:31,825.0,23.5,32.81
2023-12-07 00:07:33,803.0,23.5,32.81
2023-12-07 00:17:35,823.0,23.5,32.81
2023-12-07 00:27:38,731.0,23.5,32.81
2023-12-07 00:37:40,845.0,23.5,32.42
2023-12-07 00:47:43,801.0,23.5,32.81
2023-12-07 00:57:29,814.0,23.5,32.81
2023-12-07 01:07:47,773.0,23.5,32.42
2023-12-07 01:17:50,752.0,23.5,32.42
2023-12-07 01:27:52,784.0,23.5,32.81
2023-12-07 01:37:55,775.0,23.5,32.42
2023-12-07 01:47:57,763.0,23.5,32.42
2023-12-07 01:57:42,775.0,23.6,32.42
2023-12-07 02:07:45,740.0,23.5,32.42
2023-12-07 02:18:03,696.0,23.5,32.42
2023-12-07 02:28:05,736.0,23.5,32.42
2023-12-07 02:38:08,693.0,23.5,32.42
2023-12-07 02:48:10,745.0,23.5,32.42
2023-12-07 02:58:13,733.0,23.6,32.42
2023-12-07 03:08:15,715.0,23.6,32.42
2023-12-07 03:18:17,764.0,23.6,32.42
2023-12-07 03:28:20,743.0,23.5,32.42
2023-12-07 03:38:22,693.0,23.6,32.42
2023-12-07 03:48:24,741.0,23.5,32.42
2023-12-07 03:58:26,671.0,23.5,32.42
2023-12-07 04:08:28,693.0,23.5,32.42
2023-12-07 04:18:15,735.0,23.5,32.81
2023-12-07 04:28:33,756.0,23.5,32.81
2023-12-07 04:38:03,756.0,23.5,32.81
2023-12-07 04:48:14,687.0,23.5,32.81
2023-12-07 04:58:30,754.0,23.6,32.81
2023-12-07 05:08:46,729.0,23.6,32.81
2023-12-07 05:18:46,700.0,23.5,32.81
2023-12-07 05:28:48,691.0,23.6,33.2
2023-12-07 05:38:35,703.0,23.5,32.81
2023-12-07 05:48:54,726.0,23.5,33.2
2023-12-07 05:58:55,672.0,23.5,33.2
2023-12-07 06:08:58,726.0,23.5,33.2
2023-12-07 06:19:00,704.0,23.5,33.2
2023-12-07 06:29:03,740.0,23.5,33.2
2023-12-07 06:39:06,728.0,23.5,33.2
2023-12-07 06:49:07,744.0,23.5,33.2
2023-12-07 06:59:10,673.0,23.5,32.81
2023-12-07 07:09:12,706.0,23.5,33.2
2023-12-07 07:19:15,716.0,23.5,33.2
2023-12-07 07:29:01,683.0,23.5,33.2
2023-12-07 07:39:19,694.0,23.4,33.2
2023-12-07 07:49:06,705.0,23.4,33.59
2023-12-07 07:59:24,762.0,23.4,35.55
2023-12-07 08:09:27,865.0,23.3,35.55
2023-12-07 08:19:29,820.0,23.3,35.55
2023-12-07 08:29:31,922.0,23.3,35.55
2023-12-07 08:39:34,892.0,23.2,34.77
2023-12-07 08:49:40,1007.0,23.2,35.16
2023-12-07 08:59:43,1049.0,23.2,35.55
2023-12-07 09:09:45,1106.0,23.2,35.94
2023-12-07 09:19:51,1185.0,23.2,36.33
2023-12-07 09:29:58,1218.0,23.2,36.72
2023-12-07 09:40:04,1238.0,23.3,36.72
2023-12-07 09:50:11,1234.0,23.2,36.33
2023-12-07 10:00:16,1271.0,23.2,36.33
2023-12-07 10:10:22,1236.0,23.3,36.72
2023-12-07 10:20:29,1218.0,23.3,36.33
2023-12-07 10:30:35,1339.0,23.3,36.33
2023-12-07 10:40:42,1357.0,23.2,36.72
2023-12-07 10:50:48,1372.0,23.3,36.72
2023-12-07 11:00:54,1398.0,23.2,36.72
2023-12-07 11:10:29,1398.0,23.2,36.72
2023-12-07 11:20:43,1392.0,23.3,36.33
2023-12-07 11:31:03,1381.0,23.3,36.72
2023-12-07 11:41:23,1410.0,23.2,36.72
2023-12-07 11:51:28,1535.0,23.2,36.72
2023-12-07 12:01:33,1488.0,23.3,37.11
2023-12-07 12:11:39,1458.0,23.2,36.72
2023-12-07 12:21:46,1482.0,23.2,36.72
2023-12-07 12:31:52,1502.0,23.3,36.72
2023-12-07 12:41:58,1418.0,23.3,36.72
2023-12-07 12:52:05,1252.0,23.3,35.94
2023-12-07 13:02:11,921.0,23.3,33.59
2023-12-07 13:12:14,848.0,23.3,32.42
2023-12-07 13:22:16,869.0,23.4,32.03
2023-12-07 13:32:19,926.0,23.4,32.03
2023-12-07 13:42:25,1102.0,23.3,32.42
2023-12-07 14:02:30,750.0,23.3,30.86
2023-12-07 14:12:31,914.0,23.4,31.64
2023-12-07 14:22:34,922.0,23.5,31.64
2023-12-07 14:32:40,988.0,23.4,32.03
2023-12-07 14:42:43,1179.0,23.4,32.81
2023-12-07 14:52:45,1149.0,23.5,33.2
2023-12-07 15:02:35,1138.0,23.5,33.2
2023-12-07 15:12:58,1113.0,23.6,33.59
2023-12-07 15:22:48,1208.0,23.6,33.59
2023-12-07 15:33:11,1298.0,23.5,33.98
2023-12-07 15:43:17,1411.0,23.5,34.38
2023-12-07 15:53:23,1465.0,23.6,34.38
2023-12-07 16:03:30,1394.0,23.6,34.38
2023-12-07 16:13:20,1443.0,23.6,34.38
2023-12-07 16:23:43,1306.0,23.6,33.98
2023-12-07 16:33:49,1243.0,23.6,33.59
2023-12-07 16:43:56,1237.0,23.6,33.59
2023-12-07 16:54:02,1255.0,23.7,33.2
2023-12-07 17:04:08,1025.0,23.7,32.03
2023-12-07 17:14:15,820.0,23.5,30.86
2023-12-07 17:24:17,654.0,23.5,30.08
2023-12-07 17:34:20,605.0,23.5,29.69
2023-12-07 17:43:50,605.0,23.5,29.69
2023-12-07 17:54:00,637.0,23.4,29.69
2023-12-07 18:04:17,739.0,23.4,30.47
2023-12-07 18:14:33,736.0,23.5,30.86
2023-12-07 18:24:33,733.0,23.6,30.86
2023-12-07 18:34:35,736.0,23.5,31.25
2023-12-07 18:44:38,810.0,23.5,31.25
2023-12-07 18:54:40,684.0,23.5,31.25
2023-12-07 19:04:42,703.0,23.5,31.64
2023-12-07 19:14:45,745.0,23.6,32.03
2023-12-07 19:24:31,913.0,23.5,32.42
2023-12-07 19:34:34,862.0,23.6,32.81
2023-12-07 19:44:52,862.0,23.6,32.03
2023-12-07 19:54:54,949.0,23.7,33.98
2023-12-07 20:04:57,887.0,23.7,32.81
2023-12-07 20:14:58,876.0,23.6,32.42
2023-12-07 20:25:00,870.0,23.6,32.42
2023-12-07 20:35:03,805.0,23.6,32.42
2023-12-07 20:45:05,821.0,23.6,32.42
2023-12-07 20:55:08,845.0,23.6,32.42
2023-12-07 21:05:10,779.0,23.6,32.42
2023-12-07 21:15:12,753.0,23.6,32.42
2023-12-07 21:24:59,727.0,23.5,32.42
2023-12-07 21:35:17,751.0,23.5,32.42
2023-12-07 21:45:20,800.0,23.6,32.42
2023-12-07 21:55:22,710.0,23.5,32.42
2023-12-07 22:05:24,754.0,23.5,32.42
2023-12-07 22:15:27,803.0,23.5,32.42
2023-12-07 22:25:29,784.0,23.5,32.42
2023-12-07 22:35:31,696.0,23.5,32.42
2023-12-07 22:45:34,733.0,23.4,32.42
2023-12-07 22:55:36,754.0,23.5,32.42
2023-12-07 23:05:39,735.0,23.4,32.42
2023-12-07 23:15:41,715.0,23.4,32.42
2023-12-07 23:25:44,733.0,23.5,32.42
2023-12-07 23:35:46,715.0,23.5,32.42
2023-12-07 23:45:48,672.0,23.4,32.42
2023-12-07 23:55:51,691.0,23.6,32.42
2023-12-08 00:05:53,717.0,23.4,32.42
2023-12-08 00:15:23,717.0,23.4,32.42
2023-12-08 00:25:34,791.0,23.5,32.42
2023-12-08 00:35:50,733.0,23.5,32.42
2023-12-08 00:46:06,750.0,23.4,32.42
2023-12-08 00:55:50,740.0,23.5,32.42
2023-12-08 01:06:08,740.0,23.4,32.42
2023-12-08 01:16:11,729.0,23.5,32.42
2023-12-08 01:26:13,734.0,23.4,32.42
2023-12-08 01:36:16,733.0,23.5,32.42
2023-12-08 01:46:18,725.0,23.4,32.42
2023-12-08 01:56:20,751.0,23.5,32.42
2023-12-08 02:06:23,673.0,23.4,32.42
2023-12-08 02:16:08,671.0,23.5,32.42
2023-12-08 02:26:26,685.0,23.5,32.42
2023-12-08 02:36:29,720.0,23.4,32.42
2023-12-08 02:46:31,686.0,23.5,32.42
2023-12-08 02:56:34,695.0,23.5,32.42
2023-12-08 03:06:36,693.0,23.5,32.42
2023-12-08 03:16:22,643.0,23.5,32.42
2023-12-08 03:26:41,714.0,23.5,32.42
2023-12-08 03:36:43,642.0,23.4,32.42
2023-12-08 03:46:46,695.0,23.5,32.42
2023-12-08 03:56:48,706.0,23.5,32.42
2023-12-08 04:06:50,628.0,23.4,32.42
2023-12-08 04:16:36,641.0,23.4,32.42
2023-12-08 04:26:54,616.0,23.4,32.42
2023-12-08 04:36:56,664.0,23.4,32.42
2023-12-08 04:46:59,673.0,23.5,32.42
2023-12-08 04:57:01,693.0,23.4,32.81
2023-12-08 05:07:04,596.0,23.4,32.81
2023-12-08 05:16:50,706.0,23.5,32.81
2023-12-08 05:27:08,669.0,23.4,32.81
2023-12-08 05:37:11,686.0,23.4,32.81
2023-12-08 05:47:13,673.0,23.4,32.81
2023-12-08 05:57:16,631.0,23.4,32.81
2023-12-08 06:07:18,669.0,23.4,32.81
2023-12-08 06:17:19,635.0,23.4,32.81
2023-12-08 06:27:22,630.0,23.4,32.81
2023-12-08 06:37:24,644.0,23.4,32.81
2023-12-08 06:46:54,644.0,23.4,32.81
2023-12-08 06:57:05,644.0,23.4,32.81
2023-12-08 07:07:21,665.0,23.4,32.81
2023-12-08 07:17:21,663.0,23.4,32.81
2023-12-08 07:27:39,729.0,23.4,33.2
2023-12-08 07:37:26,642.0,23.4,32.42
2023-12-08 07:47:28,663.0,23.4,32.03
2023-12-08 07:57:47,721.0,23.3,32.42
2023-12-08 08:07:49,718.0,23.3,33.2
2023-12-08 08:17:51,789.0,23.3,33.59
2023-12-08 08:27:58,1192.0,23.3,35.16
2023-12-08 08:38:00,1274.0,23.2,35.94
2023-12-08 08:48:03,1235.0,23.2,35.94
2023-12-08 08:58:09,1176.0,23.3,35.94
2023-12-08 09:08:15,1207.0,23.2,35.94
2023-12-08 09:18:22,1249.0,23.3,35.94
2023-12-08 09:28:28,1207.0,23.2,36.33
2023-12-08 09:38:35,1190.0,23.2,36.33
2023-12-08 09:48:41,1231.0,23.3,36.33
2023-12-08 09:58:47,1258.0,23.4,36.33
2023-12-08 10:08:54,1367.0,23.3,36.33
2023-12-08 10:19:00,1362.0,23.3,36.33
2023-12-08 10:29:07,1433.0,23.3,36.72
2023-12-08 10:39:13,1497.0,23.3,36.72
2023-12-08 10:49:08,1555.0,23.3,36.72
2023-12-08 10:59:26,1606.0,23.3,36.72
2023-12-08 11:09:28,1582.0,23.4,36.33
2023-12-08 11:19:35,1575.0,23.4,36.33
2023-12-08 11:29:41,1494.0,23.4,36.33
2023-12-08 11:39:32,1598.0,23.4,36.33
2023-12-08 11:49:54,1483.0,23.3,35.94
2023-12-08 11:59:48,1429.0,23.4,35.94
2023-12-08 12:10:11,1606.0,23.4,35.94
2023-12-08 12:20:13,1598.0,23.3,35.94
2023-12-08 12:30:16,1489.0,23.4,35.94
2023-12-08 12:40:22,1539.0,23.3,35.94
2023-12-08 12:50:29,1712.0,23.4,35.94
2023-12-08 13:00:35,1625.0,23.5,36.33
2023-12-08 13:10:41,1752.0,23.4,36.33
2023-12-08 13:20:16,1752.0,23.4,36.33
2023-12-08 13:30:30,1850.0,23.4,35.94
2023-12-08 13:40:50,1762.0,23.4,35.94
2023-12-08 13:51:10,1912.0,23.5,36.72
2023-12-08 14:01:14,1959.0,23.5,36.72
2023-12-08 14:11:21,1966.0,23.5,37.11
2023-12-08 14:21:27,2165.0,23.6,37.11
2023-12-08 14:31:34,2079.0,23.6,37.11
2023-12-08 14:41:40,2134.0,23.6,37.11
2023-12-08 14:51:47,2126.0,23.6,37.11
2023-12-08 15:01:53,2121.0,23.6,37.11
2023-12-08 15:11:59,2107.0,23.5,37.11
2023-12-08 15:22:06,1978.0,23.5,36.33
2023-12-08 15:32:12,1765.0,23.5,35.55
2023-12-08 15:42:19,1746.0,23.6,35.16
2023-12-08 15:52:25,1633.0,23.6,34.77
2023-12-08 16:02:31,1673.0,23.5,35.16
2023-12-08 16:12:38,1744.0,23.6,35.16
2023-12-08 16:22:43,1705.0,23.5,35.55
2023-12-08 16:32:49,1907.0,23.6,35.94
2023-12-08 16:42:56,2068.0,23.5,36.33
2023-12-08 16:53:02,1972.0,23.5,36.33
2023-12-08 17:03:09,1835.0,23.6,35.94
2023-12-08 17:13:16,1675.0,23.5,35.55
2023-12-08 17:23:22,1628.0,23.5,35.55
2023-12-08 17:33:28,1414.0,23.6,35.16
2023-12-08 17:43:30,1515.0,23.6,35.16
2023-12-08 17:53:33,1371.0,23.5,34.77
2023-12-08 18:03:39,1376.0,23.5,34.77
2023-12-08 18:13:46,1313.0,23.6,34.77
2023-12-08 18:23:52,1244.0,23.6,34.38
2023-12-08 18:33:59,1304.0,23.6,34.38
2023-12-08 18:44:05,1238.0,23.5,34.38
2023-12-08 18:54:11,1185.0,23.5,34.38
2023-12-08 19:04:18,1189.0,23.5,34.38
2023-12-08 19:14:24,1146.0,23.6,33.98
2023-12-08 19:24:31,1098.0,23.5,33.98
2023-12-08 19:34:37,1064.0,23.6,33.98
2023-12-08 19:44:27,1078.0,23.6,33.98
2023-12-08 19:54:18,1078.0,23.6,33.98
2023-12-08 20:04:32,1031.0,23.6,33.98
2023-12-08 20:14:52,1035.0,23.6,33.98
2023-12-08 20:24:56,981.0,23.6,33.98
2023-12-08 20:35:19,979.0,23.6,33.98
2023-12-08 20:45:25,948.0,23.6,33.59
2023-12-08 20:55:32,919.0,23.6,33.59
2023-12-08 21:05:38,979.0,23.5,33.59
2023-12-08 21:15:44,993.0,23.6,33.98
2023-12-08 21:25:51,1003.0,23.6,33.59
2023-12-08 21:35:58,958.0,23.5,33.59
2023-12-08 21:46:04,947.0,23.6,33.59
2023-12-08 21:55:54,948.0,23.6,33.59
2023-12-08 22:06:17,908.0,23.5,33.59
2023-12-08 22:16:23,852.0,23.5,33.59
2023-12-08 22:26:12,962.0,23.6,33.59
2023-12-08 22:36:31,831.0,23.6,33.59
2023-12-08 22:46:33,826.0,23.6,33.59
2023-12-08 22:56:36,846.0,23.6,33.59
2023-12-08 23:06:38,829.0,23.6,33.2
2023-12-08 23:16:40,842.0,23.6,33.2
2023-12-08 23:26:43,779.0,23.6,33.2
2023-12-08 23:36:45,821.0,23.6,33.59
2023-12-08 23:46:48,885.0,23.6,33.2
2023-12-08 23:56:50,834.0,23.5,33.2
2023-12-09 00:06:52,852.0,23.6,33.2
2023-12-09 00:16:55,789.0,23.5,33.2
2023-12-09 00:26:57,787.0,23.6,33.2
2023-12-09 00:37:00,761.0,23.6,33.2
2023-12-09 00:47:02,747.0,23.6,33.2
2023-12-09 00:57:04,778.0,23.5,33.2
2023-12-09 01:07:07,731.0,23.6,33.2
2023-12-09 01:17:09,733.0,23.6,33.2
2023-12-09 01:27:12,733.0,23.6,33.2
2023-12-09 01:37:14,763.0,23.7,32.81
2023-12-09 01:47:16,736.0,23.6,33.2
2023-12-09 01:57:19,665.0,23.6,32.81
2023-12-09 02:07:21,700.0,23.6,32.81
2023-12-09 02:17:24,721.0,23.6,32.81
2023-12-09 02:26:54,721.0,23.6,32.81
2023-12-09 02:37:04,710.0,23.6,32.81
2023-12-09 02:47:20,694.0,23.6,32.81
2023-12-09 02:57:36,729.0,23.5,32.81
2023-12-09 03:07:36,717.0,23.6,32.81
2023-12-09 03:17:39,707.0,23.6,32.81
2023-12-09 03:27:25,719.0,23.6,32.81
2023-12-09 03:37:44,675.0,23.6,32.81
2023-12-09 03:47:46,698.0,23.6,32.81
2023-12-09 03:57:49,707.0,23.6,32.81
2023-12-09 04:07:51,645.0,23.5,32.81
2023-12-09 04:17:53,680.0,23.6,32.81
2023-12-09 04:27:40,712.0,23.5,32.81
2023-12-09 04:37:58,721.0,23.5,32.81
2023-12-09 04:48:00,693.0,23.5,32.81
2023-12-09 04:58:03,722.0,23.5,32.42
2023-12-09 05:08:05,691.0,23.6,32.81
2023-12-09 05:18:08,658.0,23.6,32.81
2023-12-09 05:28:10,623.0,23.6,32.42
2023-12-09 05:38:12,682.0,23.6,32.81
2023-12-09 05:48:15,694.0,23.5,32.81
2023-12-09 05:58:18,680.0,23.7,32.42
2023-12-09 06:08:04,638.0,23.5,32.42
2023-12-09 06:18:22,691.0,23.5,32.81
2023-12-09 06:28:23,627.0,23.6,32.81
2023-12-09 06:38:26,700.0,23.6,32.81
2023-12-09 06:48:28,706.0,23.6,32.81
2023-12-09 06:58:30,690.0,23.6,32.81
2023-12-09 07:08:33,697.0,23.5,32.81
2023-12-09 07:18:35,692.0,23.6,32.81
2023-12-09 07:28:38,690.0,23.5,32.81
2023-12-09 07:38:24,637.0,23.6,32.81
2023-12-09 07:48:26,650.0,23.6,32.81
2023-12-09 07:58:45,718.0,23.5,32.81
2023-12-09 08:08:47,674.0,23.5,32.81
2023-12-09 08:18:50,649.0,23.4,32.81
2023-12-09 08:28:51,680.0,23.5,32.81
2023-12-09 08:38:53,649.0,23.5,32.81
2023-12-09 08:48:56,680.0,23.4,33.2
2023-12-09 08:58:26,680.0,23.4,33.2
2023-12-09 09:08:36,701.0,23.5,33.2
2023-12-09 09:18:52,635.0,23.4,33.2
2023-12-09 09:29:09,690.0,23.4,33.59
2023-12-09 09:39:09,730.0,23.4,33.59
2023-12-09 09:49:11,756.0,23.4,33.59
2023-12-09 09:58:57,730.0,23.4,33.98
2023-12-09 10:09:16,744.0,23.4,33.98
2023-12-09 10:19:18,767.0,23.4,33.98
2023-12-09 10:29:21,756.0,23.4,33.98
2023-12-09 10:39:23,791.0,23.4,33.98
2023-12-09 10:49:25,774.0,23.4,33.98
2023-12-09 10:59:28,769.0,23.4,33.98
2023-12-09 11:09:30,787.0,23.4,33.98
2023-12-09 11:19:33,737.0,23.4,33.98
2023-12-09 11:29:35,826.0,23.3,33.98
2023-12-09 11:39:37,806.0,23.4,33.98
2023-12-09 11:49:24,809.0,23.4,33.98
2023-12-09 11:59:42,797.0,23.4,34.38
2023-12-09 12:09:45,823.0,23.4,33.98
2023-12-09 12:19:47,763.0,23.4,33.98
2023-12-09 12:29:48,797.0,23.4,34.38
2023-12-09 12:39:51,792.0,23.4,33.98
2023-12-09 12:49:53,799.0,23.4,33.98
2023-12-09 12:59:39,806.0,23.3,33.98
2023-12-09 13:09:58,791.0,23.4,33.98
2023-12-09 13:20:00,809.0,23.4,33.98
2023-12-09 13:30:03,787.0,23.4,33.98
2023-12-09 13:40:05,798.0,23.4,34.38
2023-12-09 13:50:07,789.0,23.4,34.38
2023-12-09 14:00:10,721.0,23.4,34.38
2023-12-09 14:10:12,784.0,23.4,33.98
2023-12-09 14:20:15,758.0,23.3,33.98
2023-12-09 14:30:17,756.0,23.4,33.98
2023-12-09 14:40:19,787.0,23.4,33.98
2023-12-09 14:50:22,819.0,23.3,34.38
2023-12-09 15:00:24,806.0,23.4,34.38
2023-12-09 15:10:27,774.0,23.3,34.38
2023-12-09 15:20:29,815.0,23.3,34.38
2023-12-09 15:29:59,815.0,23.3,34.38
2023-12-09 15:40:10,815.0,23.4,34.38
2023-12-09 15:50:26,765.0,23.4,34.38
2023-12-09 16:00:42,754.0,23.4,33.98
2023-12-09 16:10:42,744.0,23.4,33.98
2023-12-09 16:20:44,740.0,23.4,33.98
2023-12-09 16:30:47,686.0,23.4,33.98
2023-12-09 16:40:49,721.0,23.4,33.98
2023-12-09 16:50:52,684.0,23.4,33.98
2023-12-09 17:00:54,719.0,23.3,33.98
2023-12-09 17:10:56,691.0,23.4,33.98
2023-12-09 17:20:59,691.0,23.4,33.98
2023-12-09 17:31:01,655.0,23.3,33.98
2023-12-09 17:41:04,645.0,23.3,33.59
2023-12-09 17:51:06,635.0,23.3,33.59
2023-12-09 18:01:08,647.0,23.3,33.59
2023-12-09 18:11:11,616.0,23.3,33.98
2023-12-09 18:21:13,605.0,23.4,33.98
2023-12-09 18:31:14,562.0,23.3,33.59
2023-12-09 18:41:17,648.0,23.3,33.59
2023-12-09 18:51:19,612.0,23.3,33.98
2023-12-09 19:01:22,626.0,23.3,33.98
2023-12-09 19:11:24,567.0,23.3,33.98
2023-12-09 19:21:10,562.0,23.3,33.98
2023-12-09 19:31:29,571.0,23.3,33.98
2023-12-09 19:41:31,564.0,23.3,33.98
2023-12-09 19:51:34,552.0,23.3,33.59
2023-12-09 20:01:36,578.0,23.4,33.98
2023-12-09 20:11:38,645.0,23.3,33.98
2023-12-09 20:21:41,602.0,23.3,33.98
2023-12-09 20:31:43,571.0,23.3,33.98
2023-12-09 20:41:29,586.0,23.4,33.98
2023-12-09 20:51:48,607.0,23.3,33.98
2023-12-09 21:01:50,571.0,23.3,33.98
2023-12-09 21:11:53,528.0,23.3,33.59
2023-12-09 21:21:55,535.0,23.3,33.98
2023-12-09 21:31:57,502.0,23.4,33.98
2023-12-09 21:41:44,488.0,23.3,33.98
2023-12-09 21:52:02,561.0,23.3,33.98
2023-12-09 22:01:33,561.0,23.3,33.98
2023-12-09 22:11:43,569.0,23.3,33.98
2023-12-09 22:21:59,597.0,23.4,33.98
2023-12-09 22:32:15,550.0,23.4,33.98
2023-12-09 22:42:15,521.0,23.4,33.98
2023-12-09 22:52:18,525.0,23.3,33.98
2023-12-09 23:02:20,519.0,23.3,33.98
2023-12-09 23:12:22,538.0,23.2,33.98
2023-12-09 23:22:25,528.0,23.4,33.98
2023-12-09 23:32:27,525.0,23.3,33.98
2023-12-09 23:42:30,497.0,23.3,33.98
2023-12-09 23:52:32,559.0,23.3,33.98
2023-12-10 00:02:18,550.0,23.3,33.98
2023-12-10 00:12:37,485.0,23.3,33.98
2023-12-10 00:22:39,530.0,23.4,33.98
2023-12-10 00:32:40,522.0,23.4,33.98
2023-12-10 00:42:43,561.0,23.3,33.98
2023-12-10 00:52:29,543.0,23.3,33.98
2023-12-10 01:02:48,550.0,23.3,33.98
2023-12-10 01:12:50,538.0,23.3,33.98
2023-12-10 01:22:52,494.0,23.3,33.98
2023-12-10 01:32:55,540.0,23.4,33.98
2023-12-10 01:42:57,550.0,23.3,33.98
2023-12-10 01:53:00,516.0,23.4,33.98
2023-12-10 02:03:02,554.0,23.2,33.98
2023-12-10 02:13:04,557.0,23.4,33.98
2023-12-10 02:23:07,511.0,23.4,33.98
2023-12-10 02:33:08,506.0,23.4,33.98
2023-12-10 02:43:10,520.0,23.4,33.98
2023-12-10 02:53:13,528.0,23.3,33.98
2023-12-10 03:03:15,447.0,23.4,33.98
2023-12-10 03:13:18,500.0,23.4,33.98
2023-12-10 03:23:20,524.0,23.3,33.98
2023-12-10 03:33:22,465.0,23.4,33.98
2023-12-10 03:43:25,491.0,23.3,33.98
2023-12-10 03:53:27,506.0,23.3,33.98
2023-12-10 04:03:30,470.0,23.3,33.98
2023-12-10 04:13:32,509.0,23.3,33.98
2023-12-10 04:23:34,487.0,23.4,33.98
2023-12-10 04:33:05,487.0,23.4,33.98
2023-12-10 04:43:15,488.0,23.3,33.98
2023-12-10 04:53:31,487.0,23.4,33.98
2023-12-10 05:03:47,504.0,23.3,33.98
2023-12-10 05:13:47,504.0,23.2,33.98
2023-12-10 05:23:50,589.0,23.3,33.98
2023-12-10 05:33:36,509.0,23.2,33.98
2023-12-10 05:43:55,519.0,23.3,33.98
2023-12-10 05:53:57,493.0,23.2,33.98
2023-12-10 06:03:59,457.0,23.3,33.98
2023-12-10 06:14:02,485.0,23.2,33.98
2023-12-10 06:23:48,440.0,23.3,33.98
2023-12-10 06:34:05,478.0,23.3,33.98
2023-12-10 06:44:08,537.0,23.3,33.98
2023-12-10 06:54:10,488.0,23.2,34.38
2023-12-10 07:04:13,524.0,23.2,34.38
2023-12-10 07:14:15,481.0,23.3,34.38
2023-12-10 07:24:17,516.0,23.2,34.38
2023-12-10 07:34:20,577.0,23.3,34.38
2023-12-10 07:44:22,499.0,23.2,34.38
2023-12-10 07:54:25,516.0,23.3,34.38
2023-12-10 08:04:27,488.0,23.3,34.38
2023-12-10 08:14:29,485.0,23.3,34.38
2023-12-10 08:24:16,470.0,23.3,34.38
2023-12-10 08:34:34,530.0,23.3,34.38
2023-12-10 08:44:37,532.0,23.3,34.38
2023-12-10 08:54:39,474.0,23.3,34.38
2023-12-10 09:04:41,510.0,23.3,34.38
2023-12-10 09:14:44,490.0,23.2,34.38
2023-12-10 09:24:30,503.0,23.2,34.38
2023-12-10 09:34:33,487.0,23.3,34.38
2023-12-10 09:44:51,482.0,23.2,34.38
2023-12-10 09:54:53,503.0,23.2,34.38
2023-12-10 10:04:56,518.0,23.2,34.38
2023-12-10 10:14:58,500.0,23.2,34.38
2023-12-10 10:25:01,486.0,23.2,34.38
2023-12-10 10:35:02,499.0,23.3,34.38
2023-12-10 10:45:04,528.0,23.2,34.38
2023-12-10 10:55:07,476.0,23.2,34.38
2023-12-10 11:04:37,476.0,23.2,34.38
2023-12-10 11:14:47,467.0,23.2,34.38
2023-12-10 11:25:03,505.0,23.2,34.38
2023-12-10 11:35:19,453.0,23.2,34.38
2023-12-10 11:45:20,508.0,23.2,34.38
2023-12-10 11:55:22,515.0,23.2,34.38
2023-12-10 12:05:24,477.0,23.2,34.38
2023-12-10 12:15:27,510.0,23.2,34.38
2023-12-10 12:25:29,495.0,23.2,34.38
2023-12-10 12:35:31,482.0,23.2,34.38
2023-12-10 12:45:34,502.0,23.2,34.38
2023-12-10 12:55:36,528.0,23.2,34.38
2023-12-10 13:05:39,467.0,23.2,34.38
2023-12-10 13:15:41,543.0,23.1,34.38
2023-12-10 13:25:43,500.0,23.2,34.38
2023-12-10 13:35:46,526.0,23.2,34.38
2023-12-10 13:45:48,403.0,23.1,34.38
2023-12-10 13:55:51,481.0,23.2,34.38
2023-12-10 14:05:53,487.0,23.2,34.38
2023-12-10 14:15:55,456.0,23.1,34.38
2023-12-10 14:25:58,494.0,23.2,34.38
2023-12-10 14:35:59,492.0,23.1,34.38
2023-12-10 14:46:01,486.0,23.1,34.38
2023-12-10 14:56:04,427.0,23.2,34.38
2023-12-10 15:05:50,455.0,23.2,34.38
2023-12-10 15:16:09,437.0,23.1,34.38
2023-12-10 15:26:11,456.0,23.1,34.38
2023-12-10 15:36:13,476.0,23.2,34.38
2023-12-10 15:46:16,458.0,23.1,34.38
2023-12-10 15:56:02,480.0,23.1,34.38
2023-12-10 16:06:21,433.0,23.2,34.38
2023-12-10 16:16:23,476.0,23.2,34.38
2023-12-10 16:26:25,491.0,23.2,34.38
2023-12-10 16:36:28,476.0,23.2,34.38
2023-12-10 16:46:30,502.0,23.2,34.38
2023-12-10 16:56:33,476.0,23.2,34.38
2023-12-10 17:06:35,455.0,23.2,34.38
2023-12-10 17:16:37,443.0,23.1,34.38
2023-12-10 17:26:40,425.0,23.2,34.38
2023-12-10 17:36:10,425.0,23.2,34.38
2023-12-10 17:46:20,491.0,23.1,34.38
2023-12-10 17:56:37,499.0,23.2,34.38
2023-12-10 18:06:53,435.0,23.1,34.38
2023-12-10 18:16:53,504.0,23.1,34.38
2023-12-10 18:26:55,499.0,23.1,34.38
2023-12-10 18:36:58,483.0,23.2,34.38
2023-12-10 18:47:00,498.0,23.1,34.38
2023-12-10 18:57:02,423.0,23.1,34.38
2023-12-10 19:07:05,461.0,23.1,34.38
2023-12-10 19:17:07,517.0,23.2,34.38
2023-12-10 19:27:10,461.0,23.2,34.38
2023-12-10 19:37:12,494.0,23.2,34.38
2023-12-10 19:47:14,463.0,23.1,34.38
2023-12-10 19:57:17,465.0,23.1,34.38
2023-12-10 20:07:19,493.0,23.2,33.98
2023-12-10 20:17:22,503.0,23.2,33.98
2023-12-10 20:27:24,457.0,23.1,33.98
2023-12-10 20:37:26,481.0,23.1,33.98
2023-12-10 20:47:29,480.0,23.2,33.98
2023-12-10 20:57:31,438.0,23.2,33.98
2023-12-10 21:07:34,483.0,23.2,33.98
2023-12-10 21:17:20,475.0,23.1,33.98
2023-12-10 21:27:38,510.0,23.1,33.98
2023-12-10 21:37:25,454.0,23.1,33.98
2023-12-10 21:47:43,463.0,23.2,33.98
2023-12-10 21:57:47,462.0,23.1,33.98
2023-12-10 22:07:48,453.0,23.2,33.98
2023-12-10 22:17:50,464.0,23.2,33.98
2023-12-10 22:27:37,434.0,23.2,33.98
2023-12-10 22:37:55,435.0,23.1,33.98
2023-12-10 22:47:58,481.0,23.1,33.98
2023-12-10 22:58:00,454.0,23.1,33.98
2023-12-10 23:08:02,467.0,23.1,33.98
2023-12-10 23:18:05,490.0,23.2,33.98
2023-12-10 23:28:07,418.0,23.2,33.98
2023-12-10 23:38:10,474.0,23.2,33.98
2023-12-10 23:48:12,453.0,23.2,33.98
2023-12-10 23:58:14,472.0,23.1,33.98
2023-12-11 00:07:45,472.0,23.1,33.98
2023-12-11 00:17:55,453.0,23.2,33.98
2023-12-11 00:28:11,499.0,23.1,33.98
2023-12-11 00:38:27,408.0,23.1,33.98
2023-12-11 00:48:27,476.0,23.1,33.98
2023-12-11 00:58:30,462.0,23.2,33.98
2023-12-11 01:08:32,457.0,23.2,33.98
2023-12-11 01:18:34,467.0,23.1,33.98
2023-12-11 01:28:37,448.0,23.2,33.98
2023-12-11 01:38:39,456.0,23.2,33.98
2023-12-11 01:48:42,453.0,23.2,33.98
2023-12-11 01:58:44,446.0,23.2,33.98
2023-12-11 02:08:30,474.0,23.1,33.98
2023-12-11 02:18:49,486.0,23.1,33.98
2023-12-11 02:28:51,457.0,23.1,33.98
2023-12-11 02:38:54,413.0,23.1,33.98
2023-12-11 02:48:56,457.0,23.2,33.98
2023-12-11 02:58:58,409.0,23.2,33.98
2023-12-11 03:09:01,409.0,23.1,33.98
2023-12-11 03:19:03,429.0,23.1,33.98
2023-12-11 03:29:06,413.0,23.1,33.98
2023-12-11 03:39:08,406.0,23.1,33.98
2023-12-11 03:48:54,441.0,23.2,33.98
2023-12-11 03:59:13,428.0,23.1,33.98
2023-12-11 04:08:59,480.0,23.1,33.98
2023-12-11 04:19:18,456.0,23.2,33.98
2023-12-11 04:29:20,502.0,23.2,33.98
2023-12-11 04:39:22,402.0,23.2,33.98
2023-12-11 04:49:25,465.0,23.1,33.98
2023-12-11 04:59:27,445.0,23.1,33.98
2023-12-11 05:09:30,468.0,23.1,33.98
2023-12-11 05:19:32,445.0,23.1,33.98
2023-12-11 05:29:34,494.0,23.2,33.98
2023-12-11 05:39:37,501.0,23.1,33.98
2023-12-11 05:49:39,514.0,23.2,33.98
2023-12-11 05:59:42,423.0,23.1,33.98
2023-12-11 06:09:44,371.0,23.1,33.98
2023-12-11 06:19:46,453.0,23.1,33.98
2023-12-11 06:29:49,476.0,23.1,33.98
2023-12-11 06:39:19,476.0,23.1,33.98
2023-12-11 06:49:29,427.0,23.1,34.38
2023-12-11 06:59:46,517.0,23.1,34.38
2023-12-11 07:09:46,455.0,23.1,34.38
2023-12-11 07:20:04,483.0,23.0,34.38
2023-12-11 07:30:06,456.0,23.1,34.38
2023-12-11 07:40:09,512.0,23.0,34.77
2023-12-11 07:49:55,551.0,23.1,35.16
2023-12-11 08:00:14,604.0,23.1,35.16
2023-12-11 08:10:16,599.0,23.1,35.55
2023-12-11 08:20:18,621.0,23.1,35.55
2023-12-11 08:30:21,644.0,23.0,35.55
2023-12-11 08:40:06,631.0,23.1,35.55
2023-12-11 08:50:24,637.0,23.0,35.55
2023-12-11 09:00:27,693.0,23.1,35.94
2023-12-11 09:10:29,705.0,23.1,35.94
2023-12-11 09:20:32,794.0,23.0,36.33
2023-12-11 09:30:34,840.0,23.1,36.72
2023-12-11 09:40:36,851.0,23.2,37.11
2023-12-11 09:50:39,875.0,23.1,37.11
2023-12-11 10:00:41,941.0,23.2,37.5
2023-12-11 10:10:48,955.0,23.2,37.5
2023-12-11 10:20:50,992.0,23.1,37.89
2023-12-11 10:30:52,1042.0,23.1,37.89
2023-12-11 10:40:58,1150.0,23.1,38.28
2023-12-11 10:51:04,1147.0,23.1,38.28
2023-12-11 11:01:11,1225.0,23.2,38.67
2023-12-11 11:11:17,1383.0,23.1,38.67
2023-12-11 11:21:23,1335.0,23.1,38.67
2023-12-11 11:31:30,1394.0,23.1,38.67
2023-12-11 11:41:36,1285.0,23.2,38.67
2023-12-11 11:51:43,1331.0,23.2,38.28
2023-12-11 12:01:49,1404.0,23.2,38.67
2023-12-11 12:11:55,1349.0,23.2,38.28
2023-12-11 12:22:02,1344.0,23.3,38.28
2023-12-11 12:32:08,1365.0,23.2,38.28
2023-12-11 12:42:13,1475.0,23.3,38.28
2023-12-11 12:52:20,1444.0,23.2,38.28
2023-12-11 13:02:26,1467.0,23.3,38.28
2023-12-11 13:12:01,1467.0,23.3,38.28
2023-12-11 13:22:15,1344.0,23.3,37.5
2023-12-11 13:32:35,1191.0,23.3,36.72
2023-12-11 13:42:55,1217.0,23.3,37.11
2023-12-11 13:52:59,1365.0,23.2,37.5
2023-12-11 14:03:06,1332.0,23.3,37.5
2023-12-11 14:13:12,1286.0,23.3,37.5
2023-12-11 14:23:19,1512.0,23.4,37.89
2023-12-11 14:33:25,1511.0,23.3,37.89
2023-12-11 14:43:30,1489.0,23.4,37.89
2023-12-11 14:53:37,1392.0,23.3,37.89
2023-12-11 15:03:43,1613.0,23.4,37.89
2023-12-11 15:13:46,1484.0,23.4,37.5
2023-12-11 15:23:48,1474.0,23.5,37.5
2023-12-11 15:33:58,1353.0,23.5,37.11
2023-12-11 15:44:01,1374.0,23.4,37.11
2023-12-11 15:54:03,1304.0,23.4,36.72
2023-12-11 16:04:10,1205.0,23.5,36.72
2023-12-11 16:14:16,1183.0,23.5,36.33
2023-12-11 16:24:06,1166.0,23.5,36.33
2023-12-11 16:34:29,1112.0,23.4,36.33
2023-12-11 16:44:34,1200.0,23.5,36.33
2023-12-11 16:54:24,1174.0,23.5,36.33
2023-12-11 17:04:31,1390.0,23.5,36.72
2023-12-11 17:14:54,1437.0,23.5,36.72
2023-12-11 17:25:00,1455.0,23.5,37.11
2023-12-11 17:35:06,1498.0,23.5,37.11
2023-12-11 17:45:13,1386.0,23.6,37.11
2023-12-11 17:55:19,1390.0,23.5,37.11
2023-12-11 18:05:26,1378.0,23.5,36.72
2023-12-11 18:15:32,1380.0,23.5,36.72
2023-12-11 18:25:38,1267.0,23.6,36.72
2023-12-11 18:35:45,1336.0,23.6,36.72
2023-12-11 18:45:51,1232.0,23.5,36.72
2023-12-11 18:55:57,1165.0,23.5,36.33
2023-12-11 19:06:04,1138.0,23.6,36.33
2023-12-11 19:16:10,1199.0,23.5,36.33
2023-12-11 19:26:17,1169.0,23.6,36.33
2023-12-11 19:36:23,1168.0,23.6,35.94
2023-12-11 19:45:58,1168.0,23.6,35.94
2023-12-11 19:56:12,1108.0,23.6,35.94
2023-12-11 20:06:32,1091.0,23.6,35.94
2023-12-11 20:16:52,1067.0,23.7,35.94
2023-12-11 20:26:56,1042.0,23.6,35.94
2023-12-11 20:37:03,978.0,23.6,35.55
2023-12-11 20:47:08,1044.0,23.7,35.55
2023-12-11 20:57:14,963.0,23.6,35.55
2023-12-11 21:07:21,1009.0,23.6,35.55
2023-12-11 21:17:27,1038.0,23.7,35.55
2023-12-11 21:27:34,1024.0,23.7,35.55
2023-12-11 21:37:40,978.0,23.6,35.55
2023-12-11 21:47:46,875.0,23.6,35.55
2023-12-11 21:57:53,895.0,23.6,35.55
2023-12-11 22:07:59,938.0,23.6,35.16
2023-12-11 22:18:02,861.0,23.7,35.16
2023-12-11 22:27:48,877.0,23.7,35.16
2023-12-11 22:37:54,942.0,23.7,35.16
2023-12-11 22:48:16,914.0,23.6,35.16
2023-12-11 22:58:22,840.0,23.7,35.16
2023-12-11 23:08:25,812.0,23.6,35.16
2023-12-11 23:18:27,834.0,23.7,35.16
2023-12-11 23:28:29,788.0,23.6,34.77
2023-12-11 23:38:32,855.0,23.6,34.77
2023-12-11 23:48:18,773.0,23.6,34.77
2023-12-11 23:58:37,842.0,23.6,34.77
2023-12-12 00:08:39,790.0,23.6,34.77
2023-12-12 00:18:41,737.0,23.6,34.77
2023-12-12 00:28:44,790.0,23.7,34.77
2023-12-12 00:38:46,805.0,23.7,34.77
2023-12-12 00:48:47,788.0,23.6,34.77
2023-12-12 00:58:34,750.0,23.7,34.77
2023-12-12 01:08:52,694.0,23.6,34.77
2023-12-12 01:18:55,759.0,23.6,34.77
2023-12-12 01:28:57,687.0,23.6,34.77
2023-12-12 01:38:59,728.0,23.6,34.38
2023-12-12 01:49:02,752.0,23.6,34.38
2023-12-12 01:59:04,712.0,23.5,34.38
2023-12-12 02:09:07,708.0,23.6,34.38
2023-12-12 02:18:37,708.0,23.6,34.38
2023-12-12 02:28:47,747.0,23.5,34.38
2023-12-12 02:39:03,681.0,23.6,34.38
2023-12-12 02:49:20,657.0,23.6,34.38
2023-12-12 02:59:20,683.0,23.5,34.38
2023-12-12 03:09:06,686.0,23.6,34.38
2023-12-12 03:19:24,690.0,23.5,34.38
2023-12-12 03:29:27,718.0,23.5,34.38
2023-12-12 03:39:29,718.0,23.6,34.38
2023-12-12 03:49:32,720.0,23.5,34.38
2023-12-12 03:59:18,671.0,23.6,34.38
2023-12-12 04:09:36,700.0,23.5,34.38
2023-12-12 04:19:39,700.0,23.6,34.38
2023-12-12 04:29:41,672.0,23.6,34.77
2023-12-12 04:39:28,683.0,23.6,34.77
2023-12-12 04:49:46,718.0,23.5,34.77
2023-12-12 04:59:48,639.0,23.5,34.77
2023-12-12 05:09:51,688.0,23.5,34.38
2023-12-12 05:19:53,669.0,23.5,34.38
2023-12-12 05:29:56,693.0,23.5,34.38
2023-12-12 05:39:58,601.0,23.5,34.38
2023-12-12 05:50:00,667.0,23.5,34.38
2023-12-12 06:00:03,720.0,23.5,34.38
2023-12-12 06:09:49,690.0,23.5,34.38
2023-12-12 06:20:08,672.0,23.5,33.98
2023-12-12 06:30:10,636.0,23.6,33.98
2023-12-12 06:40:12,631.0,23.5,33.98
2023-12-12 06:50:14,690.0,23.5,33.98
2023-12-12 07:00:16,681.0,23.5,33.98
2023-12-12 07:10:18,670.0,23.4,33.98
2023-12-12 07:20:05,657.0,23.5,33.98
2023-12-12 07:30:23,692.0,23.5,33.98
2023-12-12 07:40:26,618.0,23.5,33.98
2023-12-12 07:50:28,740.0,23.4,34.38
2023-12-12 08:00:30,755.0,23.4,35.16
2023-12-12 08:10:33,812.0,23.4,35.55
2023-12-12 08:20:35,910.0,23.4,35.55
2023-12-12 08:30:38,868.0,23.4,35.55
2023-12-12 08:40:40,906.0,23.4,35.55
2023-12-12 08:50:09,906.0,23.4,35.55
2023-12-12 09:00:19,937.0,23.4,35.55
2023-12-12 09:10:40,956.0,23.4,35.55
2023-12-12 09:20:56,988.0,23.5,35.55
2023-12-12 09:30:56,1001.0,23.5,35.55
2023-12-12 09:41:00,860.0,23.6,35.55
2023-12-12 09:50:48,918.0,23.5,35.16
2023-12-12 10:01:08,955.0,23.5,35.16
2023-12-12 10:11:12,1210.0,23.5,35.94
2023-12-12 10:21:16,1137.0,23.6,35.94
2023-12-12 10:31:21,1133.0,23.5,35.94
2023-12-12 10:41:25,1129.0,23.5,35.94
2023-12-12 10:51:29,1123.0,23.5,35.94
2023-12-12 11:01:33,1097.0,23.5,35.94
2023-12-12 11:11:37,1171.0,23.5,35.94
2023-12-12 11:21:41,1248.0,23.5,35.94
2023-12-12 11:31:45,1209.0,23.5,35.94
2023-12-12 11:41:50,1224.0,23.6,36.33
2023-12-12 11:51:38,1232.0,23.6,36.33
2023-12-12 12:01:58,1335.0,23.6,36.33
2023-12-12 12:12:02,1271.0,23.5,36.33
2023-12-12 12:22:06,1273.0,23.5,36.33
2023-12-12 12:32:10,1312.0,23.6,36.33
2023-12-12 12:42:14,1191.0,23.5,35.94
2023-12-12 12:52:02,1181.0,23.6,35.55
2023-12-12 13:02:23,1207.0,23.6,35.94
2023-12-12 13:12:27,1344.0,23.6,35.94
2023-12-12 13:22:31,956.0,23.5,33.2
2023-12-12 13:32:35,791.0,23.6,31.64
2023-12-12 13:42:42,979.0,23.4,32.03
2023-12-12 13:52:44,988.0,23.5,32.81
2023-12-12 14:02:46,1056.0,23.5,33.59
2023-12-12 14:12:53,1017.0,23.5,33.59
2023-12-12 14:22:59,1115.0,23.5,34.38
2023-12-12 14:33:06,1365.0,23.5,35.16
2023-12-12 14:43:12,1339.0,23.5,35.55
2023-12-12 14:53:19,1289.0,23.4,35.55
2023-12-12 15:03:25,1316.0,23.5,35.55
2023-12-12 15:13:31,1326.0,23.5,35.55
2023-12-12 15:23:06,1326.0,23.5,35.55
2023-12-12 15:33:20,1371.0,23.4,35.55
2023-12-12 15:43:40,1281.0,23.4,35.55
2023-12-12 15:54:00,1213.0,23.5,35.55
2023-12-12 16:04:04,1329.0,23.5,35.55
2023-12-12 16:14:11,1289.0,23.4,35.55
2023-12-12 16:24:17,1303.0,23.5,35.55
2023-12-12 16:34:24,1301.0,23.5,35.55
2023-12-12 16:44:30,1276.0,23.5,35.55
2023-12-12 16:54:35,1211.0,23.5,35.55
2023-12-12 17:04:42,1380.0,23.6,35.55
2023-12-12 17:14:48,1348.0,23.6,35.55
2023-12-12 17:24:55,1238.0,23.5,35.55
2023-12-12 17:35:01,1236.0,23.6,35.16
2023-12-12 17:45:07,1136.0,23.6,35.16
2023-12-12 17:55:14,1132.0,23.7,34.77
2023-12-12 18:05:20,1067.0,23.5,34.77
2023-12-12 18:15:27,1110.0,23.6,34.77
2023-12-12 18:25:33,1036.0,23.6,34.77
2023-12-12 18:35:40,1016.0,23.6,34.38
2023-12-12 18:45:46,951.0,23.6,34.38
2023-12-12 18:55:51,930.0,23.6,33.98
2023-12-12 19:05:58,935.0,23.6,33.98
2023-12-12 19:16:00,843.0,23.7,33.98
2023-12-12 19:26:03,857.0,23.6,33.98
2023-12-12 19:36:05,862.0,23.7,33.59
2023-12-12 19:46:07,775.0,23.7,33.59
2023-12-12 19:56:10,827.0,23.7,33.59
2023-12-12 20:06:12,831.0,23.7,33.59
2023-12-12 20:16:15,784.0,23.7,33.59
2023-12-12 20:26:17,789.0,23.7,33.59
2023-12-12 20:36:19,734.0,23.7,33.59
2023-12-12 20:46:22,824.0,23.7,33.2
2023-12-12 20:56:24,758.0,23.7,33.2
2023-12-12 21:06:27,712.0,23.7,33.2
2023-12-12 21:16:29,735.0,23.7,33.2
2023-12-12 21:26:31,779.0,23.7,33.2
2023-12-12 21:36:34,749.0,23.7,33.2
2023-12-12 21:46:36,783.0,23.7,33.2
2023-12-12 21:56:07,783.0,23.7,33.2
2023-12-12 22:06:17,665.0,23.8,33.2
2023-12-12 22:16:33,768.0,23.7,33.2
2023-12-12 22:26:49,695.0,23.7,33.2
2023-12-12 22:36:49,682.0,23.7,33.2
2023-12-12 22:46:52,695.0,23.7,32.81
2023-12-12 22:56:53,772.0,23.7,32.81
2023-12-12 23:06:55,740.0,23.8,32.81
2023-12-12 23:16:58,709.0,23.8,32.81
2023-12-12 23:27:00,702.0,23.8,32.81
2023-12-12 23:37:02,724.0,23.7,32.81
2023-12-12 23:47:05,780.0,23.8,32.81
2023-12-12 23:57:07,700.0,23.7,32.81
2023-12-13 00:07:10,700.0,23.8,32.81
2023-12-13 00:17:12,656.0,23.7,32.81
2023-12-13 00:27:14,661.0,23.8,32.81
2023-12-13 00:37:17,614.0,23.6,32.81
2023-12-13 00:47:19,708.0,23.6,32.81
2023-12-13 00:57:04,704.0,23.6,32.81
2023-12-13 01:07:23,708.0,23.7,32.81
2023-12-13 01:17:25,690.0,23.7,32.81
2023-12-13 01:27:28,674.0,23.7,32.81
2023-12-13 01:37:30,665.0,23.7,32.81
2023-12-13 01:47:16,614.0,23.6,32.81
2023-12-13 01:57:35,590.0,23.6,32.81
2023-12-13 02:07:37,568.0,23.6,32.81
2023-12-13 02:17:40,591.0,23.5,32.81
2023-12-13 02:27:42,600.0,23.6,32.81
2023-12-13 02:37:44,582.0,23.6,32.81
2023-12-13 02:47:47,601.0,23.5,32.81
2023-12-13 02:57:49,600.0,23.6,32.81
2023-12-13 03:07:52,608.0,23.6,32.81
2023-12-13 03:17:54,565.0,23.5,32.81
2023-12-13 03:27:56,627.0,23.5,32.81
2023-12-13 03:37:59,622.0,23.6,32.81
2023-12-13 03:48:01,613.0,23.6,32.81
2023-12-13 03:58:03,589.0,23.5,32.81
2023-12-13 04:08:06,608.0,23.5,32.81
2023-12-13 04:18:08,586.0,23.5,32.81
2023-12-13 04:27:39,586.0,23.5,32.81
2023-12-13 04:37:49,608.0,23.5,32.81
2023-12-13 04:48:05,594.0,23.5,32.81
2023-12-13 04:58:21,569.0,23.5,33.2
2023-12-13 05:08:21,578.0,23.5,33.2
2023-12-13 05:18:24,569.0,23.5,33.2
2023-12-13 05:28:10,630.0,23.5,33.2
2023-12-13 05:38:28,575.0,23.5,32.81
2023-12-13 05:48:31,600.0,23.5,32.81
2023-12-13 05:58:33,612.0,23.5,32.81
2023-12-13 06:08:36,566.0,23.5,32.81
2023-12-13 06:18:22,607.0,23.4,32.81
2023-12-13 06:28:40,612.0,23.5,32.81
2023-12-13 06:38:27,588.0,23.5,32.81
2023-12-13 06:48:45,585.0,23.4,32.81
2023-12-13 06:58:48,544.0,23.4,32.42
2023-12-13 07:08:50,589.0,23.5,32.81
2023-12-13 07:18:52,625.0,23.4,32.42
2023-12-13 07:28:55,546.0,23.4,32.81
2023-12-13 07:38:57,531.0,23.5,32.81
2023-12-13 07:49:00,573.0,23.4,32.42
2023-12-13 07:59:02,607.0,23.3,32.03
2023-12-13 08:09:04,666.0,23.3,33.2
2023-12-13 08:19:07,788.0,23.3,33.98
2023-12-13 08:29:09,746.0,23.3,33.59
2023-12-13 08:39:12,758.0,23.3,33.98
2023-12-13 08:49:14,807.0,23.2,33.98
2023-12-13 08:59:16,828.0,23.2,33.98
2023-12-13 09:09:19,892.0,23.2,34.38
2023-12-13 09:19:21,844.0,23.2,33.98
2023-12-13 09:29:24,865.0,23.3,34.38
2023-12-13 09:39:27,815.0,23.2,33.98
2023-12-13 09:49:28,912.0,23.3,34.38
2023-12-13 09:59:31,910.0,23.2,34.38
2023-12-13 10:09:37,966.0,23.3,34.38
2023-12-13 10:19:24,964.0,23.3,34.38
2023-12-13 10:29:46,1006.0,23.4,33.98
2023-12-13 10:39:52,1029.0,23.3,34.38
2023-12-13 10:49:59,1074.0,23.4,34.38
2023-12-13 10:59:33,1074.0,23.4,34.38
2023-12-13 11:09:48,1125.0,23.4,34.77
2023-12-13 11:20:08,1193.0,23.4,35.16
2023-12-13 11:30:28,1016.0,23.4,34.77
2023-12-13 11:40:32,1060.0,23.4,33.2
2023-12-13 11:50:37,996.0,23.4,32.03
2023-12-13 12:00:44,1127.0,23.3,32.42
2023-12-13 12:10:50,1170.0,23.4,33.2
2023-12-13 12:20:56,1093.0,23.3,33.2
2023-12-13 12:31:03,1129.0,23.3,33.2
2023-12-13 12:41:09,1074.0,23.3,33.59
2023-12-13 12:51:16,1231.0,23.3,33.98
2023-12-13 13:01:21,1255.0,23.4,34.77
2023-12-13 13:11:27,1347.0,23.3,34.77
2023-12-13 13:21:34,1323.0,23.3,34.77
2023-12-13 13:31:40,1253.0,23.3,33.98
2023-12-13 13:41:47,1204.0,23.3,33.98
2023-12-13 13:51:53,1237.0,23.3,33.59
2023-12-13 14:01:59,1385.0,23.3,34.38
2023-12-13 14:12:06,1476.0,23.4,34.77
2023-12-13 14:22:12,1394.0,23.3,34.77
2023-12-13 14:32:19,1345.0,23.3,34.77
2023-12-13 14:42:25,1441.0,23.4,35.16
2023-12-13 14:52:31,1567.0,23.3,35.16
2023-12-13 15:02:38,1431.0,23.3,34.77
2023-12-13 15:12:40,1416.0,23.4,34.77
2023-12-13 15:22:43,1421.0,23.4,34.77
2023-12-13 15:32:49,1466.0,23.4,34.77
2023-12-13 15:43:00,1613.0,23.5,34.77
2023-12-13 15:52:46,1527.0,23.5,34.77
2023-12-13 16:03:04,1506.0,23.5,34.77
2023-12-13 16:13:11,1601.0,23.4,34.77
2023-12-13 16:23:17,1622.0,23.5,34.77
2023-12-13 16:33:24,1597.0,23.4,34.77
2023-12-13 16:43:30,1551.0,23.5,34.77
2023-12-13 16:53:36,1516.0,23.5,34.77
2023-12-13 17:03:42,1450.0,23.5,34.77
2023-12-13 17:13:52,1364.0,23.6,33.59
2023-12-13 17:23:55,1131.0,23.6,32.03
2023-12-13 17:33:25,1131.0,23.6,32.03
2023-12-13 17:43:39,1113.0,23.5,33.2
2023-12-13 17:53:59,1161.0,23.7,35.55
2023-12-13 18:04:19,1263.0,23.7,34.38
2023-12-13 18:14:24,1186.0,23.8,34.38
2023-12-13 18:24:30,1175.0,23.9,33.98
2023-12-13 18:34:36,1207.0,23.8,33.98
2023-12-13 18:44:43,1183.0,23.8,33.98
2023-12-13 18:54:49,1202.0,23.9,33.59
2023-12-13 19:04:56,1186.0,23.9,33.59
2023-12-13 19:15:02,1147.0,23.8,33.59
2023-12-13 19:25:08,1105.0,23.8,33.59
2023-12-13 19:35:15,1129.0,23.8,33.59
2023-12-13 19:45:21,1117.0,23.7,33.59
2023-12-13 19:55:28,1132.0,23.7,33.59
2023-12-13 20:05:34,1159.0,23.8,33.59
2023-12-13 20:15:41,1138.0,23.7,33.59
2023-12-13 20:25:47,1095.0,23.7,33.59
2023-12-13 20:35:53,1104.0,23.7,33.59
2023-12-13 20:46:00,1115.0,23.8,33.59
2023-12-13 20:56:06,1066.0,23.7,33.59
2023-12-13 21:06:12,1043.0,23.7,33.59
2023-12-13 21:16:18,1080.0,23.6,33.59
2023-12-13 21:26:24,1037.0,23.6,33.59
2023-12-13 21:36:31,1034.0,23.7,33.59
2023-12-13 21:46:37,1077.0,23.7,33.59
2023-12-13 21:56:44,967.0,23.7,33.59
2023-12-13 22:06:50,1046.0,23.7,33.59
2023-12-13 22:16:56,1075.0,23.7,33.59
2023-12-13 22:27:03,1028.0,23.6,33.59
2023-12-13 22:37:09,1001.0,23.6,33.59
2023-12-13 22:47:16,1053.0,23.7,33.59
2023-12-13 22:57:22,933.0,23.6,33.59
2023-12-13 23:07:28,957.0,23.6,33.59
2023-12-13 23:17:35,1009.0,23.6,33.59
2023-12-13 23:27:41,957.0,23.7,33.59
2023-12-13 23:37:48,939.0,23.7,33.59
2023-12-13 23:47:54,976.0,23.6,33.59
2023-12-13 23:57:57,959.0,23.6,33.59
2023-12-14 00:07:27,959.0,23.6,33.59
2023-12-14 00:17:41,989.0,23.6,33.59
2023-12-14 00:28:01,917.0,23.6,33.59
2023-12-14 00:38:21,928.0,23.6,33.59
2023-12-14 00:48:26,906.0,23.7,33.59
2023-12-14 00:58:32,937.0,23.7,33.59
2023-12-14 01:08:37,896.0,23.6,33.59
2023-12-14 01:18:44,865.0,23.6,33.2
2023-12-14 01:28:50,885.0,23.6,33.59
2023-12-14 01:38:57,908.0,23.6,33.59
2023-12-14 01:49:03,950.0,23.6,33.59
2023-12-14 01:59:09,941.0,23.6,33.2
2023-12-14 02:09:16,896.0,23.6,33.59
2023-12-14 02:19:18,825.0,23.6,33.59
2023-12-14 02:29:21,854.0,23.6,33.2
2023-12-14 02:39:23,856.0,23.6,33.2
2023-12-14 02:49:26,926.0,23.6,33.2
2023-12-14 02:59:28,844.0,23.6,33.59
2023-12-14 03:09:30,919.0,23.5,33.59
2023-12-14 03:19:33,844.0,23.7,33.2
2023-12-14 03:29:35,857.0,23.6,33.2
2023-12-14 03:39:38,809.0,23.6,33.2
2023-12-14 03:49:40,781.0,23.7,33.2
2023-12-14 03:59:42,841.0,23.6,33.2
2023-12-14 04:09:45,814.0,23.6,33.2
2023-12-14 04:19:47,824.0,23.6,33.2
2023-12-14 04:29:50,777.0,23.6,33.59
2023-12-14 04:39:52,871.0,23.5,33.2
2023-12-14 04:49:54,820.0,23.6,33.2
2023-12-14 04:59:57,818.0,23.6,33.2
2023-12-14 05:09:58,803.0,23.6,33.2
2023-12-14 05:20:00,790.0,23.5,33.2
2023-12-14 05:30:03,772.0,23.5,33.2
2023-12-14 05:40:05,814.0,23.6,33.2
2023-12-14 05:50:08,749.0,23.6,33.2
2023-12-14 06:00:10,757.0,23.6,33.2
2023-12-14 06:10:12,781.0,23.6,33.2
2023-12-14 06:20:15,783.0,23.5,33.2
2023-12-14 06:30:17,736.0,23.5,33.2
2023-12-14 06:39:47,736.0,23.5,33.2
2023-12-14 06:49:58,789.0,23.5,33.2
2023-12-14 07:00:14,747.0,23.6,33.2
2023-12-14 07:10:30,700.0,23.5,32.81
2023-12-14 07:20:30,732.0,23.5,32.81
2023-12-14 07:30:33,809.0,23.5,32.81
2023-12-14 07:40:19,732.0,23.5,32.81
2023-12-14 07:50:37,735.0,23.5,32.81
2023-12-14 08:00:40,692.0,23.5,32.81
2023-12-14 08:10:42,773.0,23.5,32.81
2023-12-14 08:20:28,709.0,23.5,32.81
2023-12-14 08:30:47,700.0,23.5,32.81
2023-12-14 08:40:33,730.0,23.6,32.81
2023-12-14 08:50:52,728.0,23.6,32.81
2023-12-14 09:00:54,918.0,23.5,33.2
2023-12-14 09:11:00,953.0,23.5,33.2
2023-12-14 09:21:03,953.0,23.6,33.59
2023-12-14 09:31:05,1024.0,23.6,33.98
2023-12-14 09:41:12,1091.0,23.6,33.98
2023-12-14 09:51:18,1145.0,23.5,33.59
2023-12-14 10:01:25,1266.0,23.5,33.98
2023-12-14 10:11:31,1190.0,23.5,33.2
2023-12-14 10:21:37,1351.0,23.5,33.2
2023-12-14 10:31:44,1447.0,23.5,33.59
2023-12-14 10:41:50,1541.0,23.5,33.98
2023-12-14 10:52:01,1688.0,23.5,34.77
2023-12-14 11:02:03,1557.0,23.4,34.38
2023-12-14 11:12:04,1538.0,23.5,34.38
2023-12-14 11:22:11,1640.0,23.5,34.77
2023-12-14 11:32:17,1671.0,23.4,34.77
2023-12-14 11:42:24,1642.0,23.4,33.98
2023-12-14 11:52:30,1549.0,23.4,33.59
2023-12-14 12:02:36,1563.0,23.4,32.81
2023-12-14 12:12:43,1511.0,23.3,32.81
2023-12-14 12:22:53,1434.0,23.3,32.42
2023-12-14 12:32:56,1323.0,23.4,32.03
2023-12-14 12:42:58,1358.0,23.3,31.25
2023-12-14 12:53:04,1228.0,23.4,30.86
2023-12-14 13:03:11,1198.0,23.3,30.86
2023-12-14 13:12:45,1198.0,23.3,30.86
2023-12-14 13:23:00,1366.0,23.3,31.25
2023-12-14 13:33:20,1480.0,23.3,31.64
2023-12-14 13:43:40,1549.0,23.3,32.03
2023-12-14 13:53:44,1521.0,23.3,32.03
2023-12-14 14:03:50,1588.0,23.2,32.03
2023-12-14 14:13:53,1553.0,23.2,32.42
2023-12-14 14:23:55,1537.0,23.2,32.81
2023-12-14 14:34:02,1572.0,23.2,33.2
2023-12-14 14:44:08,1732.0,23.2,33.59
2023-12-14 14:54:14,1757.0,23.2,33.59
2023-12-14 15:04:21,1813.0,23.3,33.98
2023-12-14 15:14:26,1818.0,23.3,34.38
2023-12-14 15:24:16,1813.0,23.2,34.38
2023-12-14 15:34:39,2004.0,23.3,34.77
2023-12-14 15:44:45,1929.0,23.2,35.16
2023-12-14 15:54:52,1960.0,23.2,35.16
2023-12-14 16:04:58,2024.0,23.3,35.55
2023-12-14 16:15:05,2141.0,23.3,35.55
2023-12-14 16:24:55,2104.0,23.3,35.55
2023-12-14 16:35:17,2099.0,23.3,35.55
2023-12-14 16:45:24,2084.0,23.2,35.55
2023-12-14 16:55:30,2107.0,23.3,35.55
2023-12-14 17:05:37,2036.0,23.2,35.55
2023-12-14 17:15:43,1980.0,23.3,35.55
2023-12-14 17:25:49,2004.0,23.3,35.16
2023-12-14 17:35:56,1970.0,23.2,35.16
2023-12-14 17:46:02,1754.0,23.3,35.16
2023-12-14 17:56:09,1793.0,23.3,34.77
2023-12-14 18:06:15,1807.0,23.3,34.77
2023-12-14 18:16:22,1738.0,23.3,34.77
2023-12-14 18:26:12,1584.0,23.3,34.77
2023-12-14 18:36:34,1608.0,23.3,34.38
2023-12-14 18:46:41,1564.0,23.2,34.38
2023-12-14 18:56:47,1564.0,23.3,34.38
2023-12-14 19:06:54,1553.0,23.2,34.38
2023-12-14 19:17:00,1508.0,23.2,33.98
2023-12-14 19:27:10,1440.0,23.2,33.98
2023-12-14 19:37:13,1402.0,23.2,33.59
2023-12-14 19:46:47,1402.0,23.2,33.59
2023-12-14 19:57:02,1287.0,23.3,33.59
2023-12-14 20:07:22,1329.0,23.2,33.59
2023-12-14 20:17:42,1263.0,23.3,33.2
2023-12-14 20:27:46,1207.0,23.3,33.2
2023-12-14 20:37:52,1230.0,23.3,33.2
2023-12-14 20:47:59,1228.0,23.1,33.2
2023-12-14 20:58:05,1137.0,23.2,33.2
2023-12-14 21:08:12,1127.0,23.1,32.81
2023-12-14 21:18:18,1105.0,23.2,32.81
2023-12-14 21:28:24,1139.0,23.2,32.81
2023-12-14 21:38:31,1105.0,23.2,32.81
2023-12-14 21:48:37,1021.0,23.2,32.81
2023-12-14 21:58:44,1042.0,23.2,32.81
2023-12-14 22:08:50,1119.0,23.2,32.81
2023-12-14 22:18:57,1093.0,23.2,32.81
2023-12-14 22:29:03,1037.0,23.2,32.81
2023-12-14 22:39:09,903.0,23.2,32.42
2023-12-14 22:49:16,1019.0,23.1,32.42
2023-12-14 22:59:22,960.0,23.2,32.42
2023-12-14 23:09:29,939.0,23.1,32.81
2023-12-14 23:19:34,920.0,23.2,32.42
2023-12-14 23:29:40,902.0,23.2,32.42
2023-12-14 23:39:47,890.0,23.2,32.42
2023-12-14 23:49:53,911.0,23.1,32.42
2023-12-14 23:59:56,835.0,23.2,32.42
2023-12-15 00:09:58,898.0,23.3,32.42
2023-12-15 00:20:01,844.0,23.2,32.42
2023-12-15 00:30:03,879.0,23.2,32.42
2023-12-15 00:40:06,902.0,23.1,32.42
2023-12-15 00:50:08,844.0,23.2,32.42
2023-12-15 01:00:10,903.0,23.2,32.42
2023-12-15 01:10:12,784.0,23.2,32.42
2023-12-15 01:30:16,829.0,23.2,32.42
2023-12-15 01:40:19,824.0,23.2,32.42
2023-12-15 01:50:21,788.0,23.2,32.42
2023-12-15 02:00:23,757.0,23.2,32.42
2023-12-15 02:10:26,768.0,23.2,32.42
2023-12-15 02:19:56,768.0,23.2,32.42
2023-12-15 02:30:06,766.0,23.2,32.42
2023-12-15 02:40:22,771.0,23.1,32.42
2023-12-15 02:50:39,784.0,23.1,32.42
2023-12-15 03:00:39,757.0,23.1,32.42
2023-12-15 03:10:41,760.0,23.2,32.42
2023-12-15 03:20:27,786.0,23.1,32.42
2023-12-15 03:30:46,716.0,23.1,32.03
2023-12-15 03:40:48,713.0,23.1,32.03
2023-12-15 03:50:51,723.0,23.2,32.03
2023-12-15 04:00:53,775.0,23.1,32.03
2023-12-15 04:10:55,732.0,23.1,32.03
2023-12-15 04:20:42,803.0,23.1,32.42
2023-12-15 04:31:00,766.0,23.1,32.81
2023-12-15 04:41:03,732.0,23.1,32.81
2023-12-15 04:51:05,711.0,23.1,32.81
2023-12-15 05:01:07,751.0,23.1,32.81
2023-12-15 05:10:54,788.0,23.1,32.81
2023-12-15 05:20:56,722.0,23.2,32.81
2023-12-15 05:31:15,695.0,23.1,32.81
2023-12-15 05:41:17,764.0,23.1,32.81
2023-12-15 05:51:19,697.0,23.2,32.81
2023-12-15 06:01:22,771.0,23.2,32.81
2023-12-15 06:11:24,681.0,23.2,32.81
2023-12-15 06:21:27,701.0,23.2,32.81
2023-12-15 06:31:29,704.0,23.1,32.81
2023-12-15 06:41:31,725.0,23.2,32.81
2023-12-15 06:51:34,713.0,23.1,33.2
2023-12-15 07:01:37,727.0,23.2,33.2
2023-12-15 07:11:39,736.0,23.2,33.59
2023-12-15 07:21:41,805.0,23.2,33.59
2023-12-15 07:31:43,823.0,23.2,33.59
2023-12-15 07:41:46,843.0,23.1,33.98
2023-12-15 07:51:48,847.0,23.2,34.38
2023-12-15 08:01:55,955.0,23.1,34.77
2023-12-15 08:11:41,1018.0,23.2,35.16
2023-12-15 08:21:43,991.0,23.1,35.55
2023-12-15 08:32:06,973.0,23.1,35.55
2023-12-15 08:42:12,1123.0,23.1,35.55
2023-12-15 08:51:47,1123.0,23.1,35.55
2023-12-15 09:02:01,1027.0,23.1,35.94
2023-12-15 09:12:21,1089.0,23.0,35.94
2023-12-15 09:22:41,1087.0,23.0,36.33
2023-12-15 09:32:45,1127.0,23.1,36.33
2023-12-15 09:42:52,1193.0,23.1,36.72
2023-12-15 09:52:58,1214.0,23.1,36.72
2023-12-15 10:03:05,1147.0,23.0,36.72
2023-12-15 10:13:11,1201.0,23.1,36.72
2023-12-15 10:23:17,1157.0,23.1,36.72
2023-12-15 10:33:24,1185.0,23.1,36.72
2023-12-15 10:43:30,1239.0,23.0,37.11
2023-12-15 10:53:37,1213.0,23.1,37.11
2023-12-15 11:03:43,1304.0,23.1,37.11
2023-12-15 11:13:50,1203.0,23.1,37.11
2023-12-15 11:23:55,1320.0,23.1,37.5
2023-12-15 11:34:01,1431.0,23.1,37.5
2023-12-15 11:44:08,1418.0,23.1,37.5
2023-12-15 11:54:14,1300.0,23.1,37.5
2023-12-15 12:04:20,1312.0,23.1,37.5
2023-12-15 12:14:27,1281.0,23.1,37.5
2023-12-15 12:24:33,1207.0,23.1,37.5
2023-12-15 12:34:40,1171.0,23.1,37.5
2023-12-15 12:44:47,1212.0,23.1,37.5
2023-12-15 12:54:52,1298.0,23.2,37.89
2023-12-15 13:04:59,1414.0,23.1,38.28
2023-12-15 13:15:05,1378.0,23.2,38.28
2023-12-15 13:25:11,1464.0,23.2,38.28
2023-12-15 13:35:17,1586.0,23.2,38.28
2023-12-15 13:45:19,1640.0,23.2,38.67
2023-12-15 13:55:22,1697.0,23.2,38.67
2023-12-15 14:05:28,1800.0,23.2,38.67
2023-12-15 14:15:35,1659.0,23.3,38.67
2023-12-15 14:25:41,1880.0,23.2,39.45
2023-12-15 14:35:47,2017.0,23.2,39.45
2023-12-15 14:45:54,1802.0,23.3,39.06
2023-12-15 14:56:00,1706.0,23.2,39.06
2023-12-15 15:06:07,1828.0,23.3,39.06
2023-12-15 15:16:13,1898.0,23.2,39.45
2023-12-15 15:25:46,1898.0,23.2,39.45
2023-12-15 15:36:01,1809.0,23.2,39.06
2023-12-15 15:46:21,1789.0,23.3,39.06
2023-12-15 15:56:41,1998.0,23.3,39.45
2023-12-15 16:06:45,2080.0,23.2,39.45
2023-12-15 16:16:51,1940.0,23.2,39.45
2023-12-15 16:26:58,1981.0,23.3,39.45
2023-12-15 16:37:04,1979.0,23.3,39.45
2023-12-15 16:47:11,1983.0,23.3,39.45
2023-12-15 16:57:17,1961.0,23.3,39.06
2023-12-15 17:07:24,1864.0,23.3,39.06
2023-12-15 17:17:30,1859.0,23.3,38.67
2023-12-15 17:27:35,1809.0,23.4,38.67
2023-12-15 17:37:42,1814.0,23.3,38.28
2023-12-15 17:47:48,1726.0,23.3,38.28
2023-12-15 17:57:54,1667.0,23.2,38.28
2023-12-15 18:08:01,1662.0,23.3,38.28
2023-12-15 18:18:07,1613.0,23.2,37.89
2023-12-15 18:28:14,1647.0,23.2,37.89
2023-12-15 18:38:20,1530.0,23.3,37.89
2023-12-15 18:48:27,1466.0,23.2,37.89
2023-12-15 18:58:33,1402.0,23.2,37.5
2023-12-15 19:08:35,1451.0,23.3,37.5
2023-12-15 19:18:38,1347.0,23.2,37.5
2023-12-15 19:28:44,1367.0,23.2,37.5
2023-12-15 19:38:51,1323.0,23.2,37.11
2023-12-15 19:48:57,1251.0,23.3,37.11
2023-12-15 19:59:03,1268.0,23.2,37.11
2023-12-15 20:09:10,1196.0,23.3,36.72
2023-12-15 20:19:16,1217.0,23.2,36.72
2023-12-15 20:29:23,1147.0,23.3,36.72
2023-12-15 20:39:29,1127.0,23.2,36.72
2023-12-15 20:49:36,1078.0,23.3,36.72
2023-12-15 20:59:42,1054.0,23.2,36.72
2023-12-15 21:09:48,1115.0,23.2,36.72
2023-12-15 21:19:55,1086.0,23.3,36.72
2023-12-15 21:30:00,997.0,23.2,36.33
2023-12-15 21:40:06,1018.0,23.2,36.33
2023-12-15 21:50:13,1041.0,23.3,36.33
2023-12-15 21:59:47,1041.0,23.3,36.33
2023-12-15 22:10:02,974.0,23.3,36.33
2023-12-15 22:20:22,961.0,23.3,36.33
2023-12-15 22:30:42,901.0,23.3,36.33
2023-12-15 22:40:46,914.0,23.3,36.33
2023-12-15 22:50:52,923.0,23.3,36.33
2023-12-15 23:00:59,860.0,23.3,36.33
2023-12-15 23:11:05,901.0,23.3,35.94
2023-12-15 23:21:12,937.0,23.3,35.94
2023-12-15 23:31:17,879.0,23.3,35.94
2023-12-15 23:41:23,882.0,23.3,35.94
2023-12-15 23:51:30,882.0,23.3,35.94
2023-12-16 00:01:36,858.0,23.3,35.94
2023-12-16 00:11:42,880.0,23.3,35.94
2023-12-16 00:21:45,847.0,23.3,35.94
2023-12-16 00:31:47,836.0,23.3,35.94
2023-12-16 00:41:50,894.0,23.3,35.94
2023-12-16 00:51:52,821.0,23.3,35.94
2023-12-16 01:01:55,746.0,23.3,35.94
2023-12-16 01:11:57,775.0,23.3,35.94
2023-12-16 01:21:59,783.0,23.4,35.94
2023-12-16 01:32:01,745.0,23.3,35.94
2023-12-16 01:42:03,808.0,23.3,35.94
2023-12-16 01:51:49,783.0,23.4,35.55
2023-12-16 02:02:08,732.0,23.3,35.55
2023-12-16 02:12:10,762.0,23.3,35.55
2023-12-16 02:22:13,676.0,23.3,35.55
2023-12-16 02:32:15,713.0,23.3,35.55
2023-12-16 02:42:17,759.0,23.3,35.55
2023-12-16 02:52:20,775.0,23.3,35.55
2023-12-16 03:02:22,770.0,23.4,35.55
2023-12-16 03:12:25,748.0,23.3,35.55
2023-12-16 03:22:27,704.0,23.3,35.55
2023-12-16 03:32:29,663.0,23.3,35.55
2023-12-16 03:42:32,743.0,23.2,35.55
2023-12-16 03:52:34,712.0,23.3,35.55
2023-12-16 04:02:37,665.0,23.2,35.55
2023-12-16 04:12:39,715.0,23.3,35.55
2023-12-16 04:22:41,709.0,23.3,35.55
2023-12-16 04:32:12,709.0,23.3,35.55
2023-12-16 04:42:22,682.0,23.3,35.55
2023-12-16 04:52:38,674.0,23.3,35.55
2023-12-16 05:02:54,679.0,23.3,35.55
2023-12-16 05:12:54,703.0,23.3,35.55
2023-12-16 05:22:57,696.0,23.2,35.55
2023-12-16 05:32:59,660.0,23.3,35.55
2023-12-16 05:43:02,675.0,23.2,35.55
2023-12-16 05:53:04,696.0,23.3,35.55
2023-12-16 06:03:06,658.0,23.3,35.55
2023-12-16 06:13:09,658.0,23.2,35.55
2023-12-16 06:23:11,695.0,23.2,35.55
2023-12-16 06:33:14,670.0,23.3,35.55
2023-12-16 06:43:16,668.0,23.3,35.55
2023-12-16 06:53:18,724.0,23.2,35.55
2023-12-16 07:03:21,670.0,23.2,35.55
2023-12-16 07:13:23,627.0,23.3,35.94
2023-12-16 07:23:26,572.0,23.3,35.94
2023-12-16 07:33:28,726.0,23.3,35.55
2023-12-16 07:43:30,705.0,23.3,35.94
2023-12-16 07:53:33,693.0,23.3,35.94
2023-12-16 08:03:35,675.0,23.3,35.94
2023-12-16 08:13:38,675.0,23.3,35.94
2023-12-16 08:23:40,693.0,23.3,35.94
2023-12-16 08:33:42,665.0,23.3,35.94
2023-12-16 08:43:45,705.0,23.3,35.94
2023-12-16 08:53:47,717.0,23.3,35.94
2023-12-16 09:03:50,684.0,23.3,35.94
2023-12-16 09:13:52,660.0,23.3,36.33
2023-12-16 09:23:54,635.0,23.3,35.94
2023-12-16 09:33:56,675.0,23.2,36.33
2023-12-16 09:43:58,674.0,23.2,36.33
2023-12-16 09:54:00,707.0,23.3,36.33
2023-12-16 10:04:03,639.0,23.2,36.33
2023-12-16 10:14:05,656.0,23.3,36.33
2023-12-16 10:24:08,628.0,23.2,36.33
2023-12-16 10:34:10,682.0,23.3,36.33
2023-12-16 10:44:12,682.0,23.2,36.33
2023-12-16 10:54:15,665.0,23.2,36.33
2023-12-16 11:03:45,665.0,23.2,36.33
2023-12-16 11:13:55,656.0,23.2,36.33
2023-12-16 11:24:12,637.0,23.3,36.33
2023-12-16 11:34:28,646.0,23.2,36.33
2023-12-16 11:44:28,705.0,23.2,36.33
2023-12-16 11:54:30,647.0,23.2,36.72
2023-12-16 12:04:33,667.0,23.2,36.72
2023-12-16 12:14:35,665.0,23.2,36.72
2023-12-16 12:24:37,615.0,23.2,36.72
2023-12-16 12:34:40,665.0,23.2,36.72
2023-12-16 12:44:42,656.0,23.3,36.72
2023-12-16 12:54:29,696.0,23.3,36.72
2023-12-16 13:04:47,666.0,23.2,36.72
2023-12-16 13:14:49,706.0,23.3,36.72
2023-12-16 13:24:52,647.0,23.2,36.72
2023-12-16 13:34:53,666.0,23.2,36.72
2023-12-16 13:44:55,668.0,23.2,36.72
2023-12-16 13:54:58,657.0,23.2,36.72
2023-12-16 14:05:00,682.0,23.2,36.72
2023-12-16 14:15:03,637.0,23.2,36.72
2023-12-16 14:25:05,694.0,23.3,36.72
2023-12-16 14:35:07,673.0,23.3,36.72
2023-12-16 14:45:10,656.0,23.3,36.72
2023-12-16 14:55:12,637.0,23.3,36.72
2023-12-16 15:04:59,694.0,23.3,36.72
2023-12-16 15:15:17,638.0,23.2,36.72
2023-12-16 15:25:19,595.0,23.2,36.72
2023-12-16 15:35:22,682.0,23.3,36.72
2023-12-16 15:45:24,592.0,23.2,37.11
2023-12-16 15:55:26,638.0,23.2,37.11
2023-12-16 16:05:29,633.0,23.3,37.11
2023-12-16 16:15:15,615.0,23.3,37.11
2023-12-16 16:25:34,673.0,23.3,37.11
2023-12-16 16:35:36,673.0,23.3,37.11
2023-12-16 16:45:38,615.0,23.3,37.11
2023-12-16 16:55:41,638.0,23.3,37.11
2023-12-16 17:05:43,696.0,23.1,37.11
2023-12-16 17:15:46,661.0,23.3,37.11
2023-12-16 17:25:48,586.0,23.3,37.11
2023-12-16 17:35:19,586.0,23.3,37.11
2023-12-16 17:45:29,584.0,23.2,37.11
2023-12-16 17:55:46,644.0,23.2,37.11
2023-12-16 18:06:01,617.0,23.2,37.11
2023-12-16 18:16:01,586.0,23.2,37.11
2023-12-16 18:26:03,646.0,23.3,37.11
2023-12-16 18:36:06,600.0,23.3,37.11
2023-12-16 18:45:52,625.0,23.2,37.5
2023-12-16 18:56:11,668.0,23.2,37.5
2023-12-16 19:06:13,606.0,23.1,37.5
2023-12-16 19:16:15,613.0,23.2,37.5
2023-12-16 19:26:18,648.0,23.2,37.5
2023-12-16 19:36:03,625.0,23.3,37.5
2023-12-16 19:46:21,581.0,23.2,37.5
2023-12-16 19:56:24,537.0,23.2,37.11
2023-12-16 20:06:26,648.0,23.2,37.5
2023-12-16 20:16:29,572.0,23.2,37.5
2023-12-16 20:26:31,565.0,23.2,37.5
2023-12-16 20:36:33,596.0,23.2,37.5
2023-12-16 20:46:36,531.0,23.2,37.5
2023-12-16 20:56:38,634.0,23.1,37.5
2023-12-16 21:06:41,628.0,23.2,37.5
2023-12-16 21:16:43,578.0,23.2,37.5
2023-12-16 21:26:45,605.0,23.2,37.5
2023-12-16 21:36:47,568.0,23.1,37.5
2023-12-16 21:46:49,548.0,23.2,37.5
2023-12-16 21:56:51,564.0,23.2,37.5
2023-12-16 22:06:54,551.0,23.2,37.5
2023-12-16 22:16:56,585.0,23.2,37.5
2023-12-16 22:26:59,593.0,23.1,37.5
2023-12-16 22:36:45,574.0,23.2,37.5
2023-12-16 22:47:03,557.0,23.2,37.5
2023-12-16 22:57:06,487.0,23.2,37.5
2023-12-16 23:07:08,583.0,23.1,37.5
2023-12-16 23:17:11,569.0,23.1,37.5
2023-12-16 23:27:13,561.0,23.1,37.5
2023-12-16 23:37:15,531.0,23.1,37.5
2023-12-16 23:47:18,543.0,23.1,37.5
2023-12-16 23:57:20,548.0,23.1,37.5
2023-12-17 00:06:51,548.0,23.1,37.5
2023-12-17 00:17:01,514.0,23.1,37.5
2023-12-17 00:27:17,510.0,23.1,37.5
2023-12-17 00:37:33,549.0,23.1,37.5
2023-12-17 00:47:17,538.0,23.1,37.5
2023-12-17 01:01:05,536.0,23.2,37.5
2023-12-17 01:11:57,578.0,23.1,37.5
2023-12-17 01:22:13,557.0,23.2,37.5
2023-12-17 01:32:13,541.0,23.2,37.5
2023-12-17 01:42:17,568.0,23.1,37.5
2023-12-17 01:52:21,557.0,23.1,37.5
2023-12-17 02:02:23,561.0,23.1,37.5
2023-12-17 02:12:24,566.0,23.1,37.5
2023-12-17 02:22:26,556.0,23.2,37.5
2023-12-17 02:32:28,533.0,23.1,37.5
2023-12-17 02:42:14,538.0,23.1,37.5
2023-12-17 02:52:33,536.0,23.1,37.5
2023-12-17 03:02:35,576.0,23.2,37.5
2023-12-17 03:12:37,540.0,23.1,37.5
2023-12-17 03:22:40,438.0,23.2,37.5
2023-12-17 03:32:43,548.0,23.1,37.5
2023-12-17 03:42:45,540.0,23.2,37.5
2023-12-17 03:52:47,551.0,23.1,37.5
2023-12-17 04:02:49,530.0,23.1,37.5
2023-12-17 04:12:52,536.0,23.1,37.5
2023-12-17 04:22:54,528.0,23.1,37.5
2023-12-17 04:32:57,520.0,23.1,37.5
2023-12-17 04:42:43,521.0,23.2,37.5
2023-12-17 04:53:01,540.0,23.1,37.5
2023-12-17 05:03:04,541.0,23.2,37.5
2023-12-17 05:13:07,500.0,23.2,37.5
2023-12-17 05:23:09,562.0,23.2,37.5
2023-12-17 05:33:11,531.0,23.2,37.5
2023-12-17 05:42:57,600.0,23.2,37.5
2023-12-17 05:53:16,552.0,23.1,37.5
2023-12-17 06:03:18,493.0,23.1,37.5
2023-12-17 06:13:21,560.0,23.1,37.5
2023-12-17 06:23:23,569.0,23.1,37.5
2023-12-17 06:33:25,537.0,23.2,37.89
2023-12-17 06:43:28,495.0,23.1,37.89
2023-12-17 06:53:30,550.0,23.1,37.89
2023-12-17 07:03:33,589.0,23.1,37.89
2023-12-17 07:13:35,558.0,23.1,37.89
2023-12-17 07:23:05,558.0,23.1,37.89
2023-12-17 07:33:16,534.0,23.2,37.89
2023-12-17 07:43:32,542.0,23.2,38.28
2023-12-17 07:53:48,579.0,23.2,38.28
2023-12-17 08:03:48,569.0,23.2,38.28
2023-12-17 08:13:50,565.0,23.2,38.28
2023-12-17 08:23:53,584.0,23.3,38.28
2023-12-17 08:33:55,581.0,23.2,38.28
2023-12-17 08:43:58,510.0,23.2,38.28
2023-12-17 08:54:00,570.0,23.3,38.28
2023-12-17 09:04:02,529.0,23.2,38.28
2023-12-17 09:14:04,580.0,23.3,38.28
2023-12-17 09:24:06,566.0,23.3,38.28
2023-12-17 09:34:08,535.0,23.2,38.28
2023-12-17 09:44:11,563.0,23.2,38.28
2023-12-17 09:54:13,520.0,23.2,38.28
2023-12-17 10:04:16,532.0,23.3,38.28
2023-12-17 10:14:18,556.0,23.3,38.28
2023-12-17 10:24:20,543.0,23.3,38.28
2023-12-17 10:34:23,484.0,23.2,38.28
2023-12-17 10:44:25,558.0,23.3,38.28
2023-12-17 10:54:28,580.0,23.2,38.28
2023-12-17 11:04:30,550.0,23.3,38.28
2023-12-17 11:14:31,496.0,23.3,38.28
2023-12-17 11:24:34,558.0,23.2,38.28
2023-12-17 11:34:36,553.0,23.2,38.28
2023-12-17 11:44:38,543.0,23.3,38.28
2023-12-17 11:54:41,533.0,23.3,38.28
2023-12-17 12:04:43,535.0,23.2,38.28
2023-12-17 12:14:46,609.0,23.3,38.28
2023-12-17 12:24:32,553.0,23.3,38.28
2023-12-17 12:34:50,525.0,23.3,38.28
2023-12-17 12:44:53,585.0,23.3,38.28
2023-12-17 12:54:55,570.0,23.3,38.28
2023-12-17 13:04:58,656.0,23.2,38.28
2023-12-17 13:14:59,576.0,23.2,38.28
2023-12-17 13:25:01,595.0,23.3,38.67
2023-12-17 13:35:04,619.0,23.2,38.67
2023-12-17 13:45:06,580.0,23.3,38.67
2023-12-17 13:54:36,580.0,23.3,38.67
2023-12-17 14:04:47,559.0,23.3,38.28
2023-12-17 14:15:03,619.0,23.2,38.67
2023-12-17 14:25:19,587.0,23.3,38.67
2023-12-17 14:35:19,607.0,23.3,38.28
2023-12-17 14:45:21,593.0,23.3,38.28
2023-12-17 14:55:08,596.0,23.2,38.67
2023-12-17 15:05:26,634.0,23.3,38.67
2023-12-17 15:15:27,684.0,23.2,38.67
2023-12-17 15:25:30,655.0,23.3,38.67
2023-12-17 15:35:32,598.0,23.3,38.67
2023-12-17 15:45:35,590.0,23.3,38.67
2023-12-17 15:55:37,646.0,23.3,38.67
2023-12-17 16:05:39,626.0,23.3,38.28
2023-12-17 16:15:42,583.0,23.3,38.67
2023-12-17 16:25:44,629.0,23.3,38.67
2023-12-17 16:35:47,698.0,23.3,38.67
2023-12-17 16:45:49,712.0,23.3,38.67
2023-12-17 16:55:35,783.0,23.4,38.67
2023-12-17 17:05:54,719.0,23.4,38.67
2023-12-17 17:15:55,656.0,23.3,38.67
2023-12-17 17:25:57,620.0,23.3,38.28
2023-12-17 17:36:00,678.0,23.3,38.67
2023-12-17 17:46:02,654.0,23.3,38.67
2023-12-17 17:55:49,637.0,23.3,38.28
2023-12-17 18:06:07,647.0,23.4,38.28
2023-12-17 18:16:09,609.0,23.4,38.28
2023-12-17 18:26:12,635.0,23.4,38.67
2023-12-17 18:36:14,628.0,23.4,38.28
2023-12-17 18:46:01,549.0,23.3,38.28
2023-12-17 18:56:19,616.0,23.3,38.28
2023-12-17 19:06:21,580.0,23.3,38.28
2023-12-17 19:16:23,583.0,23.3,38.28
2023-12-17 19:26:25,592.0,23.4,38.28
2023-12-17 19:36:27,580.0,23.3,38.28
2023-12-17 19:46:30,531.0,23.3,38.28
2023-12-17 19:56:32,574.0,23.4,38.28
2023-12-17 20:06:35,608.0,23.3,38.28
2023-12-17 20:16:37,580.0,23.4,38.28
2023-12-17 20:26:07,580.0,23.4,38.28
2023-12-17 20:36:18,597.0,23.3,38.28
2023-12-17 20:46:34,551.0,23.4,38.28
2023-12-17 20:56:50,526.0,23.3,38.28
2023-12-17 21:06:34,544.0,23.4,38.28
2023-12-17 21:16:52,592.0,23.3,38.28
2023-12-17 21:26:55,583.0,23.3,38.28
2023-12-17 21:36:57,531.0,23.3,38.28
2023-12-17 21:47:00,564.0,23.3,38.28
2023-12-17 21:57:02,587.0,23.4,38.28
2023-12-17 22:07:04,583.0,23.3,38.28
2023-12-17 22:17:07,508.0,23.3,38.28
2023-12-17 22:27:09,521.0,23.4,38.28
2023-12-17 22:37:11,559.0,23.4,38.28
2023-12-17 22:47:14,523.0,23.4,37.89
2023-12-17 22:57:16,539.0,23.3,38.28
2023-12-17 23:07:19,533.0,23.3,38.28
2023-12-17 23:17:20,512.0,23.4,38.28
2023-12-17 23:27:22,533.0,23.4,38.28
2023-12-17 23:37:25,543.0,23.3,38.28
2023-12-17 23:47:27,503.0,23.4,38.28
2023-12-17 23:57:30,543.0,23.3,38.28
2023-12-18 00:07:32,553.0,23.5,38.28
2023-12-18 00:17:18,580.0,23.3,37.89
2023-12-18 00:27:37,536.0,23.3,37.89
2023-12-18 00:37:39,536.0,23.4,38.28
2023-12-18 00:47:41,534.0,23.3,38.28
2023-12-18 00:57:44,525.0,23.4,37.89
2023-12-18 01:07:46,523.0,23.4,38.28
2023-12-18 01:17:49,558.0,23.5,38.28
2023-12-18 01:27:35,503.0,23.5,37.89
2023-12-18 01:37:53,522.0,23.4,38.28
2023-12-18 01:47:56,545.0,23.4,37.89
2023-12-18 01:57:58,561.0,23.4,38.28
2023-12-18 02:08:01,507.0,23.4,38.28
2023-12-18 02:18:03,531.0,23.4,38.28
2023-12-18 02:28:05,512.0,23.3,38.28
2023-12-18 02:38:08,469.0,23.3,37.89
2023-12-18 02:48:10,477.0,23.4,37.89
2023-12-18 02:57:41,477.0,23.4,37.89
2023-12-18 03:07:51,533.0,23.4,38.28
2023-12-18 03:18:07,534.0,23.4,38.28
2023-12-18 03:28:23,505.0,23.4,38.28
2023-12-18 03:38:23,493.0,23.5,38.28
2023-12-18 03:48:26,517.0,23.4,38.28
2023-12-18 03:58:12,500.0,23.3,38.28
2023-12-18 04:08:30,521.0,23.4,38.28
2023-12-18 04:18:33,550.0,23.3,38.28
2023-12-18 04:28:35,469.0,23.3,38.28
2023-12-18 04:38:22,550.0,23.4,38.28
2023-12-18 04:48:40,521.0,23.4,38.28
2023-12-18 04:58:42,533.0,23.4,38.28
2023-12-18 05:08:45,480.0,23.4,38.28
2023-12-18 05:18:46,517.0,23.4,38.28
2023-12-18 05:28:48,527.0,23.4,38.28
2023-12-18 05:38:51,517.0,23.3,38.28
2023-12-18 05:48:53,512.0,23.3,38.28
2023-12-18 05:58:56,503.0,23.4,38.28
2023-12-18 06:08:58,498.0,23.4,38.28
2023-12-18 06:19:00,526.0,23.4,38.28
2023-12-18 06:29:03,536.0,23.4,38.28
2023-12-18 06:39:05,551.0,23.4,38.28
2023-12-18 06:48:52,549.0,23.4,38.28
2023-12-18 06:59:10,530.0,23.4,38.28
2023-12-18 07:09:12,513.0,23.4,38.28
2023-12-18 07:19:14,551.0,23.4,38.67
2023-12-18 07:29:16,503.0,23.4,38.28
2023-12-18 07:39:18,515.0,23.4,38.67
2023-12-18 07:49:21,571.0,23.4,39.06
2023-12-18 07:59:23,660.0,23.4,39.45
2023-12-18 08:09:26,660.0,23.4,39.84
2023-12-18 08:19:28,737.0,23.4,40.23
2023-12-18 08:29:30,762.0,23.3,40.23
2023-12-18 08:39:33,773.0,23.4,40.23
2023-12-18 08:49:35,840.0,23.4,40.62
2023-12-18 08:59:38,824.0,23.4,40.62
2023-12-18 09:09:40,837.0,23.4,40.23
2023-12-18 09:19:41,850.0,23.4,40.62
2023-12-18 09:29:12,850.0,23.4,40.62
2023-12-18 09:39:22,907.0,23.3,40.62
2023-12-18 09:49:38,942.0,23.4,41.02
2023-12-18 09:59:58,1038.0,23.4,41.41
2023-12-18 10:09:42,1003.0,23.4,41.41
2023-12-18 10:20:01,1069.0,23.4,41.41
2023-12-18 10:30:05,1137.0,23.3,41.8
2023-12-18 10:40:09,1192.0,23.3,42.19
2023-12-18 10:50:13,1288.0,23.4,42.19
2023-12-18 11:00:17,1321.0,23.4,42.58
2023-12-18 11:10:06,1453.0,23.4,42.58
2023-12-18 11:20:27,1303.0,23.3,42.97
2023-12-18 11:30:15,1402.0,23.4,42.97
2023-12-18 11:40:21,1429.0,23.4,42.97
2023-12-18 11:50:44,1533.0,23.4,43.36
2023-12-18 12:00:52,1561.0,23.4,43.36
2023-12-18 12:10:54,1559.0,23.5,43.36
2023-12-18 12:20:41,1622.0,23.5,43.36
2023-12-18 12:31:03,1690.0,23.6,43.36
2023-12-18 12:41:10,1777.0,23.6,43.36
2023-12-18 12:51:16,1670.0,23.6,43.75
2023-12-18 13:01:23,1686.0,23.6,43.75
2023-12-18 13:11:29,1711.0,23.6,43.75
2023-12-18 13:21:34,1813.0,23.6,43.75
2023-12-18 13:31:41,1767.0,23.6,43.75
2023-12-18 13:41:47,1660.0,23.6,43.75
2023-12-18 13:51:55,1794.0,23.6,43.75
2023-12-18 14:02:00,1944.0,23.6,44.14
2023-12-18 14:12:06,1857.0,23.6,44.14
2023-12-18 14:22:13,1893.0,23.6,43.75
2023-12-18 14:32:19,1895.0,23.6,43.75
2023-12-18 14:42:26,1907.0,23.7,44.14
2023-12-18 14:52:32,1884.0,23.6,43.75
2023-12-18 15:02:38,1854.0,23.7,43.75
2023-12-18 15:12:45,1831.0,23.7,43.75
2023-12-18 15:22:50,1823.0,23.7,43.36
2023-12-18 15:32:56,1942.0,23.8,43.36
2023-12-18 15:43:03,1844.0,23.8,43.75
2023-12-18 15:53:09,1881.0,23.7,43.36
2023-12-18 16:02:44,1881.0,23.7,43.36
2023-12-18 16:12:58,1694.0,23.7,43.36
2023-12-18 16:23:18,1758.0,23.7,43.36
2023-12-18 16:33:38,1703.0,23.7,42.97
2023-12-18 16:43:42,1698.0,23.7,42.97
2023-12-18 16:53:49,1723.0,23.7,42.97
2023-12-18 17:03:55,1629.0,23.8,42.97
2023-12-18 17:14:02,1643.0,23.7,42.58
2023-12-18 17:24:07,1667.0,23.8,42.58
2023-12-18 17:34:13,1580.0,23.7,42.58
2023-12-18 17:44:20,1589.0,23.7,42.58
2023-12-18 17:54:26,1494.0,23.7,42.19
2023-12-18 18:04:33,1483.0,23.7,42.19
2023-12-18 18:14:39,1408.0,23.7,42.19
2023-12-18 18:24:41,1465.0,23.7,42.19
2023-12-18 18:34:44,1440.0,23.7,41.8
2023-12-18 18:44:50,1323.0,23.8,41.8
2023-12-18 18:54:57,1286.0,23.8,41.8
2023-12-18 19:05:07,1739.0,23.7,42.19
2023-12-18 19:15:09,1794.0,23.7,42.58
2023-12-18 19:25:11,1794.0,23.7,42.58
2023-12-18 19:35:17,1845.0,23.7,42.58
2023-12-18 19:45:23,1680.0,23.7,42.19
2023-12-18 19:55:30,1626.0,23.7,42.19
2023-12-18 20:05:20,1547.0,23.7,41.8
2023-12-18 20:15:43,1471.0,23.7,41.8
2023-12-18 20:25:53,1430.0,23.6,41.41
2023-12-18 20:35:56,1334.0,23.7,41.41
2023-12-18 20:45:58,1287.0,23.7,41.41
2023-12-18 20:55:48,1325.0,23.7,41.41
2023-12-18 21:06:11,1228.0,23.8,41.41
2023-12-18 21:16:17,1172.0,23.7,41.02
2023-12-18 21:26:22,1172.0,23.7,41.02
2023-12-18 21:36:29,1113.0,23.8,41.02
2023-12-18 21:46:35,1079.0,23.7,41.02
2023-12-18 21:56:42,1083.0,23.7,40.62
2023-12-18 22:06:48,1072.0,23.7,41.02
2023-12-18 22:16:55,1017.0,23.6,40.62
2023-12-18 22:27:01,1044.0,23.6,40.62
2023-12-18 22:36:35,1044.0,23.6,40.62
2023-12-18 22:46:50,1001.0,23.6,40.62
2023-12-18 22:57:10,946.0,23.6,40.62
2023-12-18 23:07:30,894.0,23.6,40.62
2023-12-18 23:17:34,966.0,23.6,40.62
2023-12-18 23:27:39,881.0,23.5,40.62
2023-12-18 23:37:46,976.0,23.5,40.62
2023-12-18 23:47:52,891.0,23.6,40.62
2023-12-18 23:57:59,899.0,23.6,40.62
2023-12-19 00:08:05,904.0,23.6,40.62
2023-12-19 00:18:08,834.0,23.5,40.62
2023-12-19 00:27:54,821.0,23.5,40.62
2023-12-19 00:38:12,841.0,23.6,40.62
2023-12-19 00:48:15,842.0,23.6,40.62
2023-12-19 00:58:17,822.0,23.5,40.62
2023-12-19 01:08:20,822.0,23.5,40.62
2023-12-19 01:18:22,881.0,23.5,40.62
2023-12-19 01:28:23,764.0,23.5,40.62
2023-12-19 01:38:26,811.0,23.5,40.62
2023-12-19 01:48:28,796.0,23.5,40.62
2023-12-19 01:58:30,815.0,23.5,40.62
2023-12-19 02:08:33,820.0,23.4,40.62
2023-12-19 02:18:35,758.0,23.5,40.62
2023-12-19 02:28:38,751.0,23.5,40.62
2023-12-19 02:38:40,769.0,23.4,40.62
2023-12-19 02:48:42,748.0,23.4,40.62
2023-12-19 02:58:45,790.0,23.4,40.62
2023-12-19 03:08:47,755.0,23.4,40.62
2023-12-19 03:18:50,779.0,23.4,40.62
2023-12-19 03:28:51,735.0,23.5,40.62
2023-12-19 03:38:53,729.0,23.5,40.62
2023-12-19 03:48:56,728.0,23.4,40.62
2023-12-19 03:58:58,755.0,23.5,40.62
2023-12-19 04:09:00,760.0,23.4,40.62
2023-12-19 04:19:03,675.0,23.4,40.62
2023-12-19 04:29:05,740.0,23.5,41.02
2023-12-19 04:39:08,774.0,23.4,41.02
2023-12-19 04:49:10,727.0,23.4,41.02
2023-12-19 04:59:12,748.0,23.4,41.02
2023-12-19 05:08:43,748.0,23.4,41.02
2023-12-19 05:18:53,705.0,23.5,41.02
2023-12-19 05:29:09,700.0,23.5,41.02
2023-12-19 05:39:25,690.0,23.4,41.02
2023-12-19 05:49:25,676.0,23.4,40.62
2023-12-19 05:59:12,760.0,23.4,41.02
2023-12-19 06:09:30,735.0,23.4,41.02
2023-12-19 06:19:32,787.0,23.5,40.62
2023-12-19 06:29:35,719.0,23.4,40.62
2023-12-19 06:39:37,708.0,23.5,40.62
2023-12-19 06:49:40,756.0,23.5,40.62
2023-12-19 06:59:26,695.0,23.5,40.62
2023-12-19 07:09:44,727.0,23.4,40.62
2023-12-19 07:19:47,701.0,23.5,40.62
2023-12-19 07:29:50,681.0,23.5,40.62
2023-12-19 07:39:52,669.0,23.5,40.62
2023-12-19 07:49:54,726.0,23.4,40.62
2023-12-19 07:59:40,759.0,23.5,40.62
2023-12-19 08:09:59,718.0,23.5,41.02
2023-12-19 08:20:01,785.0,23.5,41.02
2023-12-19 08:30:04,800.0,23.6,41.02
2023-12-19 08:40:06,866.0,23.5,41.41
2023-12-19 08:50:08,916.0,23.5,41.41
2023-12-19 09:00:11,881.0,23.5,41.41
2023-12-19 09:09:57,870.0,23.5,41.41
2023-12-19 09:20:16,929.0,23.5,41.41
2023-12-19 09:30:18,922.0,23.5,41.41
2023-12-19 09:40:20,916.0,23.5,41.41
2023-12-19 09:50:23,874.0,23.5,41.41
2023-12-19 10:00:25,906.0,23.6,41.41
2023-12-19 10:10:28,934.0,23.5,41.41
2023-12-19 10:20:30,924.0,23.6,41.41
2023-12-19 10:30:32,839.0,23.5,41.02
2023-12-19 10:40:35,875.0,23.5,41.02
2023-12-19 10:50:37,904.0,23.5,41.02
2023-12-19 11:00:40,823.0,23.5,41.02
2023-12-19 11:10:42,889.0,23.5,41.02
2023-12-19 11:20:48,958.0,23.5,41.41
2023-12-19 11:30:51,1185.0,23.5,42.19
2023-12-19 11:40:21,1185.0,23.5,42.19
2023-12-19 11:50:36,1106.0,23.5,41.8
2023-12-19 12:00:56,1028.0,23.6,41.8
2023-12-19 12:11:16,967.0,23.6,41.41
2023-12-19 12:21:20,958.0,23.5,41.41
2023-12-19 12:31:26,1028.0,23.5,41.41
2023-12-19 12:41:33,1125.0,23.5,41.8
2023-12-19 12:51:39,1110.0,23.5,41.41
2023-12-19 13:01:46,1082.0,23.5,41.8
2023-12-19 13:11:52,1063.0,23.5,41.41
2023-12-19 13:21:58,1175.0,23.5,41.8
2023-12-19 13:32:04,1282.0,23.5,42.19
2023-12-19 13:42:10,1286.0,23.4,42.19
2023-12-19 13:52:16,1260.0,23.5,42.19
2023-12-19 14:02:23,1213.0,23.5,42.19
2023-12-19 14:12:29,1209.0,23.5,42.19
2023-12-19 14:22:36,1237.0,23.6,42.19
2023-12-19 14:32:42,1311.0,23.6,42.58
2023-12-19 14:42:49,1366.0,23.5,42.19
2023-12-19 14:52:55,1333.0,23.6,42.19
2023-12-19 15:03:01,1335.0,23.6,42.19
2023-12-19 15:13:08,1349.0,23.6,42.19
2023-12-19 15:23:14,1382.0,23.6,42.19
2023-12-19 15:33:19,1349.0,23.6,42.19
2023-12-19 15:43:10,1358.0,23.6,42.19
2023-12-19 15:53:32,1360.0,23.6,42.19
2023-12-19 16:03:39,1275.0,23.6,42.19
2023-12-19 16:13:45,1319.0,23.6,42.58
2023-12-19 16:23:52,1365.0,23.6,42.19
2023-12-19 16:33:58,1315.0,23.6,42.19
2023-12-19 16:44:04,1338.0,23.6,41.8
2023-12-19 16:54:11,1222.0,23.6,41.8
2023-12-19 17:04:17,1175.0,23.6,41.8
2023-12-19 17:14:24,1206.0,23.7,41.41
2023-12-19 17:24:30,1136.0,23.6,41.41
2023-12-19 17:34:36,1160.0,23.5,41.41
2023-12-19 17:44:43,1056.0,23.6,41.41
2023-12-19 17:54:49,1052.0,23.6,41.02
2023-12-19 18:04:52,1037.0,23.6,41.02
2023-12-19 18:14:22,1037.0,23.6,41.02
2023-12-19 18:24:36,997.0,23.6,41.02
2023-12-19 18:34:57,986.0,23.6,41.02
2023-12-19 18:45:17,967.0,23.5,40.62
2023-12-19 18:55:21,956.0,23.6,40.62
2023-12-19 19:05:27,899.0,23.5,40.62
2023-12-19 19:15:30,848.0,23.6,40.62
2023-12-19 19:25:32,829.0,23.6,40.62
2023-12-19 19:35:33,868.0,23.6,40.23
2023-12-19 19:45:36,881.0,23.5,40.23
2023-12-19 19:55:38,791.0,23.5,40.23
2023-12-19 20:05:41,787.0,23.5,40.23
2023-12-19 20:15:43,809.0,23.5,40.23
2023-12-19 20:25:48,767.0,23.5,40.23
2023-12-19 20:35:54,799.0,23.4,40.23
2023-12-19 20:45:53,763.0,23.4,40.23
2023-12-19 20:55:59,700.0,23.4,39.84
2023-12-19 21:06:27,721.0,23.5,39.84
2023-12-19 21:16:32,714.0,23.4,39.84
2023-12-19 21:26:07,777.0,23.4,39.84
2023-12-19 21:36:08,769.0,23.4,39.84
2023-12-19 21:46:09,622.0,23.4,39.84
2023-12-19 21:55:59,716.0,23.4,39.84
2023-12-19 22:06:14,671.0,23.4,39.45
2023-12-19 22:16:14,706.0,23.5,39.45
2023-12-19 22:26:20,678.0,23.4,39.45
2023-12-19 22:36:19,659.0,23.4,39.45
2023-12-19 22:46:54,647.0,23.4,39.45
2023-12-19 22:56:26,628.0,23.4,39.45
2023-12-19 23:06:54,671.0,23.4,39.45
2023-12-19 23:16:12,648.0,23.4,39.45
2023-12-19 23:26:29,676.0,23.4,39.06
2023-12-19 23:36:30,667.0,23.5,39.06
2023-12-19 23:46:32,636.0,23.5,39.06
2023-12-19 23:56:35,662.0,23.5,39.06
2023-12-20 00:06:37,648.0,23.5,39.06
2023-12-20 00:16:39,629.0,23.5,39.06
2023-12-20 00:26:42,647.0,23.5,39.06
2023-12-20 00:36:44,582.0,23.5,39.06
2023-12-20 00:46:15,582.0,23.5,39.06
2023-12-20 00:56:25,669.0,23.5,38.67
2023-12-20 01:06:41,559.0,23.4,38.67
2023-12-20 01:16:57,579.0,23.5,39.06
2023-12-20 01:26:57,617.0,23.5,38.67
2023-12-20 01:37:00,619.0,23.5,38.67
2023-12-20 01:47:02,592.0,23.5,38.67
2023-12-20 01:57:04,603.0,23.5,38.67
2023-12-20 02:07:07,575.0,23.5,38.67
2023-12-20 02:17:09,591.0,23.5,38.67
2023-12-20 02:26:56,636.0,23.4,38.67
2023-12-20 02:37:14,587.0,23.5,38.67
2023-12-20 02:47:16,540.0,23.4,38.67
2023-12-20 02:57:19,555.0,23.4,38.67
2023-12-20 03:07:21,603.0,23.5,38.28
2023-12-20 03:17:23,591.0,23.4,38.67
2023-12-20 03:27:26,592.0,23.5,38.67
2023-12-20 03:37:28,580.0,23.4,38.67
2023-12-20 03:47:31,608.0,23.4,38.67
2023-12-20 03:57:33,589.0,23.4,38.28
2023-12-20 04:07:35,580.0,23.4,38.28
2023-12-20 04:17:38,578.0,23.4,38.28
2023-12-20 04:27:40,570.0,23.4,38.28
2023-12-20 04:37:43,545.0,23.4,38.28
2023-12-20 04:47:45,609.0,23.5,38.28
2023-12-20 04:57:47,563.0,23.4,38.67
2023-12-20 05:07:50,580.0,23.4,38.28
2023-12-20 05:17:52,616.0,23.4,38.67
2023-12-20 05:27:55,571.0,23.4,38.28
2023-12-20 05:37:56,613.0,23.3,38.28
2023-12-20 05:47:58,571.0,23.4,38.67
2023-12-20 05:58:01,581.0,23.3,38.28
2023-12-20 06:08:03,515.0,23.4,38.28
2023-12-20 06:18:05,619.0,23.4,38.28
2023-12-20 06:28:08,554.0,23.3,38.28
2023-12-20 06:38:10,560.0,23.4,38.28
2023-12-20 06:48:13,559.0,23.3,38.28
2023-12-20 06:58:15,557.0,23.4,38.28
2023-12-20 07:08:17,546.0,23.4,38.28
2023-12-20 07:17:48,546.0,23.4,38.28
2023-12-20 07:27:58,600.0,23.3,37.89
2023-12-20 07:38:14,583.0,23.3,38.28
2023-12-20 07:48:30,572.0,23.3,38.28
2023-12-20 07:58:30,658.0,23.3,38.67
2023-12-20 08:08:33,697.0,23.3,38.67
2023-12-20 08:18:35,723.0,23.3,39.06
2023-12-20 08:28:38,772.0,23.3,39.84
2023-12-20 08:38:40,802.0,23.3,39.84
2023-12-20 08:48:42,846.0,23.4,39.84
2023-12-20 08:58:45,859.0,23.4,39.84
2023-12-20 09:08:47,877.0,23.4,40.23
2023-12-20 09:18:54,1018.0,23.4,40.62
2023-12-20 09:28:56,1018.0,23.5,40.62
2023-12-20 09:38:58,1015.0,23.4,40.62
2023-12-20 09:49:05,1015.0,23.5,40.62
2023-12-20 09:59:12,1135.0,23.4,41.02
2023-12-20 10:09:02,1161.0,23.5,40.62
2023-12-20 10:19:24,1115.0,23.4,40.62
2023-12-20 10:29:31,1115.0,23.5,40.62
2023-12-20 10:39:37,1202.0,23.4,40.62
2023-12-20 10:49:43,1202.0,23.4,40.62
2023-12-20 10:59:50,1134.0,23.5,40.23
2023-12-20 11:09:56,1122.0,23.4,40.23
2023-12-20 11:20:03,1068.0,23.5,40.62
2023-12-20 11:30:09,1058.0,23.4,40.23
2023-12-20 11:40:14,1144.0,23.4,40.23
2023-12-20 11:50:21,1180.0,23.4,40.23
2023-12-20 12:00:27,1233.0,23.4,40.62
2023-12-20 12:10:38,1956.0,23.4,42.19
2023-12-20 12:20:40,1881.0,23.4,42.58
2023-12-20 12:30:43,1758.0,23.4,42.58
2023-12-20 12:40:49,1710.0,23.5,42.58
2023-12-20 12:50:55,1672.0,23.4,42.58
2023-12-20 13:01:02,1607.0,23.4,42.19
2023-12-20 13:11:08,1477.0,23.4,41.8
2023-12-20 13:21:18,1274.0,23.4,40.23
2023-12-20 13:31:21,1146.0,23.4,38.67
2023-12-20 13:41:23,1346.0,23.4,39.45
2023-12-20 13:50:58,1346.0,23.4,39.45
2023-12-20 14:01:10,1636.0,23.4,40.62
2023-12-20 14:11:26,1684.0,23.4,41.02
2023-12-20 14:21:10,1764.0,23.5,41.41
2023-12-20 14:31:30,1746.0,23.5,41.41
2023-12-20 14:41:34,1660.0,23.4,41.02
2023-12-20 14:51:38,1687.0,23.4,41.02
2023-12-20 15:01:42,1834.0,23.4,41.41
2023-12-20 15:11:47,2034.0,23.4,42.97
2023-12-20 15:21:51,2098.0,23.4,42.58
2023-12-20 15:31:55,2124.0,23.5,42.58
2023-12-20 15:41:59,2078.0,23.4,42.19
2023-12-20 15:52:03,2052.0,23.5,42.19
2023-12-20 16:02:07,1904.0,23.4,42.19
2023-12-20 16:12:11,1915.0,23.4,41.8
2023-12-20 16:22:15,1846.0,23.5,41.8
2023-12-20 16:32:20,1841.0,23.5,41.41
2023-12-20 16:42:24,1726.0,23.5,41.41
2023-12-20 16:52:28,1738.0,23.5,41.02
2023-12-20 17:02:32,1618.0,23.4,41.02
2023-12-20 17:12:36,1642.0,23.4,41.02
2023-12-20 17:22:40,1596.0,23.5,40.62
2023-12-20 17:32:44,1477.0,23.5,40.23
2023-12-20 17:42:52,1404.0,23.4,40.23
2023-12-20 17:52:55,1414.0,23.4,39.84
2023-12-20 18:03:17,1311.0,23.4,39.84
2023-12-20 18:13:24,1276.0,23.3,39.45
2023-12-20 18:23:30,1229.0,23.4,39.45
2023-12-20 18:33:36,1145.0,23.3,39.06
2023-12-20 18:43:43,1149.0,23.3,39.06
2023-12-20 18:53:49,1045.0,23.3,39.06
2023-12-20 19:03:56,995.0,23.3,38.67
2023-12-20 19:14:02,1028.0,23.4,38.67
2023-12-20 19:24:09,971.0,23.3,38.67
2023-12-20 19:34:15,986.0,23.3,38.28
2023-12-20 19:44:20,889.0,23.3,38.67
2023-12-20 19:54:27,901.0,23.4,38.28
2023-12-20 20:04:33,910.0,23.4,38.28
2023-12-20 20:14:39,898.0,23.3,38.28
2023-12-20 20:24:14,898.0,23.3,38.28
2023-12-20 20:34:24,826.0,23.4,37.89
2023-12-20 20:44:40,883.0,23.3,37.89
2023-12-20 20:54:56,803.0,23.3,37.89
2023-12-20 21:04:56,818.0,23.4,37.89
2023-12-20 21:14:59,848.0,23.4,37.89
2023-12-20 21:24:45,783.0,23.4,37.5
2023-12-20 21:35:04,775.0,23.5,37.5
2023-12-20 21:45:05,759.0,23.4,37.5
2023-12-20 21:55:08,805.0,23.3,37.5
2023-12-20 22:05:10,778.0,23.4,37.5
2023-12-20 22:15:12,773.0,23.4,37.5
2023-12-20 22:24:59,698.0,23.4,37.5
2023-12-20 22:35:17,699.0,23.4,37.11
2023-12-20 22:45:19,729.0,23.4,37.11
2023-12-20 22:55:22,706.0,23.3,37.11
2023-12-20 23:05:24,764.0,23.4,37.11
2023-12-20 23:15:10,745.0,23.4,37.11
2023-12-20 23:25:29,755.0,23.4,37.11
2023-12-20 23:35:31,733.0,23.4,37.11
2023-12-20 23:45:33,706.0,23.4,37.11
2023-12-20 23:55:35,734.0,23.4,37.11
2023-12-21 00:05:37,713.0,23.4,37.11
2023-12-21 00:15:40,684.0,23.3,36.72
2023-12-21 00:25:26,748.0,23.4,36.72
2023-12-21 00:35:44,750.0,23.3,36.72
2023-12-21 00:45:47,727.0,23.4,36.72
2023-12-21 00:55:49,678.0,23.3,36.72
2023-12-21 01:05:52,713.0,23.4,36.72
2023-12-21 01:15:38,706.0,23.3,36.72
2023-12-21 01:25:56,687.0,23.4,36.72
2023-12-21 01:35:59,701.0,23.3,36.72
2023-12-21 01:46:01,668.0,23.4,36.72
2023-12-21 01:56:04,693.0,23.3,36.72
2023-12-21 02:06:06,693.0,23.3,36.72
2023-12-21 02:16:08,650.0,23.3,36.72
2023-12-21 02:26:11,715.0,23.3,36.72
2023-12-21 02:36:13,677.0,23.3,36.72
2023-12-21 02:46:16,658.0,23.4,36.72
2023-12-21 02:55:46,658.0,23.4,36.72
2023-12-21 03:05:56,641.0,23.3,36.72
2023-12-21 03:16:12,670.0,23.4,36.33
2023-12-21 03:26:29,688.0,23.4,36.72
2023-12-21 03:36:29,677.0,23.3,36.72
2023-12-21 03:46:30,626.0,23.3,36.33
2023-12-21 03:56:16,674.0,23.3,36.33
2023-12-21 04:06:35,645.0,23.4,36.33
2023-12-21 04:16:37,670.0,23.4,36.33
2023-12-21 04:26:39,688.0,23.4,36.33
2023-12-21 04:36:26,674.0,23.3,36.72
2023-12-21 04:46:28,627.0,23.3,36.72
2023-12-21 04:56:47,670.0,23.4,36.72
2023-12-21 05:06:49,665.0,23.4,36.72
2023-12-21 05:16:51,600.0,23.4,36.72
2023-12-21 05:26:54,693.0,23.3,36.72
2023-12-21 05:36:56,617.0,23.4,36.72
2023-12-21 05:46:57,627.0,23.3,36.72
2023-12-21 05:57:00,610.0,23.3,36.72
2023-12-21 06:07:02,670.0,23.4,36.72
2023-12-21 06:17:05,674.0,23.4,36.33
2023-12-21 06:27:07,626.0,23.4,36.33
2023-12-21 06:37:09,684.0,23.3,36.72
2023-12-21 06:47:12,670.0,23.3,36.72
2023-12-21 06:57:14,663.0,23.4,36.72
2023-12-21 07:07:17,616.0,23.3,36.72
2023-12-21 07:17:19,682.0,23.4,36.72
2023-12-21 07:27:21,697.0,23.4,37.11
2023-12-21 07:37:24,706.0,23.3,37.5
2023-12-21 07:47:26,763.0,23.4,37.5
2023-12-21 07:57:29,822.0,23.3,37.89
2023-12-21 08:07:32,834.0,23.3,37.89
2023-12-21 08:17:33,803.0,23.3,38.28
2023-12-21 08:27:36,864.0,23.3,38.67
2023-12-21 08:37:38,870.0,23.2,39.06
2023-12-21 08:47:41,897.0,23.3,39.06
2023-12-21 08:57:43,925.0,23.2,39.45
2023-12-21 09:07:49,1002.0,23.2,39.45
2023-12-21 09:17:52,979.0,23.3,39.45
2023-12-21 09:27:23,979.0,23.3,39.45
2023-12-21 09:37:36,916.0,23.2,39.45
2023-12-21 09:47:57,1025.0,23.3,39.84
2023-12-21 09:58:17,998.0,23.2,39.84
2023-12-21 10:08:21,960.0,23.2,39.84
2023-12-21 10:18:27,1038.0,23.2,39.84
2023-12-21 10:28:34,1000.0,23.3,39.84
2023-12-21 10:38:40,1027.0,23.2,39.84
2023-12-21 10:48:47,968.0,23.2,39.84
2023-12-21 10:58:53,1011.0,23.2,39.84
2023-12-21 11:08:59,1025.0,23.2,39.84
2023-12-21 11:19:06,973.0,23.2,40.23
2023-12-21 11:29:12,1025.0,23.2,40.23
2023-12-21 11:39:19,1048.0,23.2,40.23
2023-12-21 11:49:24,1021.0,23.2,40.23
2023-12-21 11:59:31,1091.0,23.2,40.23
2023-12-21 12:09:37,937.0,23.2,39.84
2023-12-21 12:19:43,1005.0,23.2,39.84
2023-12-21 12:29:50,997.0,23.3,39.84
2023-12-21 12:39:56,990.0,23.2,40.23
2023-12-21 12:50:02,1038.0,23.2,40.23
2023-12-21 13:00:09,1058.0,23.2,40.62
2023-12-21 13:10:15,1060.0,23.1,40.23
2023-12-21 13:20:22,1056.0,23.1,40.23
2023-12-21 13:30:28,1126.0,23.3,40.62
2023-12-21 13:40:34,1048.0,23.3,40.62
2023-12-21 13:50:41,1105.0,23.2,40.23
2023-12-21 14:00:47,1105.0,23.3,40.23
2023-12-21 14:10:54,1103.0,23.2,40.23
2023-12-21 14:21:00,1058.0,23.2,39.84
2023-12-21 14:31:07,1023.0,23.2,39.84
2023-12-21 14:41:13,1000.0,23.2,39.45
2023-12-21 14:51:19,962.0,23.2,39.45
2023-12-21 15:01:26,953.0,23.2,39.45
2023-12-21 15:11:32,953.0,23.2,39.45
2023-12-21 15:21:39,1010.0,23.2,39.45
2023-12-21 15:31:45,1071.0,23.3,39.45
2023-12-21 15:41:52,936.0,23.2,39.45
2023-12-21 15:51:54,991.0,23.2,39.06
2023-12-21 16:01:24,991.0,23.2,39.06
2023-12-21 16:11:39,936.0,23.2,39.06
2023-12-21 16:21:59,907.0,23.2,39.06
2023-12-21 16:32:19,884.0,23.2,38.67
2023-12-21 16:42:23,899.0,23.2,38.67
2023-12-21 16:52:29,901.0,23.2,38.67
2023-12-21 17:02:36,870.0,23.2,38.67
2023-12-21 17:12:38,821.0,23.1,38.67
2023-12-21 17:22:41,841.0,23.2,38.67
2023-12-21 17:32:43,862.0,23.2,38.67
2023-12-21 17:42:30,789.0,23.3,38.28
2023-12-21 17:52:47,813.0,23.2,38.28
2023-12-21 18:02:49,766.0,23.2,38.28
2023-12-21 18:12:52,852.0,23.2,38.28
2023-12-21 18:22:54,733.0,23.2,37.89
2023-12-21 18:32:56,751.0,23.1,38.28
2023-12-21 18:42:59,674.0,23.2,37.89
2023-12-21 18:53:01,726.0,23.3,37.89
2023-12-21 19:03:04,674.0,23.2,37.89
2023-12-21 19:13:06,661.0,23.2,37.89
2023-12-21 19:23:08,712.0,23.2,38.28
2023-12-21 19:33:11,726.0,23.2,37.89
2023-12-21 19:43:14,745.0,23.2,38.28
2023-12-21 19:53:16,675.0,23.2,37.89
2023-12-21 20:03:18,656.0,23.2,37.89
2023-12-21 20:13:20,651.0,23.1,37.89
2023-12-21 20:23:23,681.0,23.2,37.89
2023-12-21 20:33:25,632.0,23.1,37.89
2023-12-21 20:43:27,661.0,23.1,37.5
2023-12-21 20:53:30,658.0,23.2,37.5
2023-12-21 21:03:32,596.0,23.2,37.89
2023-12-21 21:13:35,655.0,23.2,37.5
2023-12-21 21:23:37,644.0,23.2,37.5
2023-12-21 21:33:39,625.0,23.2,37.5
2023-12-21 21:43:42,603.0,23.1,37.5
2023-12-21 21:53:43,653.0,23.2,37.5
2023-12-21 22:03:45,627.0,23.1,37.5
2023-12-21 22:13:48,589.0,23.2,37.5
2023-12-21 22:23:50,590.0,23.2,37.5
2023-12-21 22:33:21,590.0,23.2,37.5
2023-12-21 22:43:31,574.0,23.1,37.5
2023-12-21 22:53:47,602.0,23.2,37.11
2023-12-21 23:04:03,576.0,23.1,37.11
2023-12-21 23:13:47,559.0,23.2,37.11
2023-12-21 23:24:06,554.0,23.1,37.11
2023-12-21 23:34:08,541.0,23.1,37.11
2023-12-21 23:44:10,597.0,23.1,37.11
2023-12-21 23:54:13,515.0,23.2,37.11
2023-12-22 00:04:15,538.0,23.2,37.11
2023-12-22 00:14:18,564.0,23.1,37.11
2023-12-22 00:24:20,495.0,23.1,36.72
2023-12-22 00:34:22,564.0,23.2,36.72
2023-12-22 00:44:25,549.0,23.1,36.72
2023-12-22 00:54:27,522.0,23.1,36.72
2023-12-22 01:04:30,536.0,23.2,36.72
2023-12-22 01:14:32,541.0,23.2,36.72
2023-12-22 01:24:18,518.0,23.1,36.33
2023-12-22 01:34:37,531.0,23.2,36.33
2023-12-22 01:44:39,583.0,23.1,36.33
2023-12-22 01:54:40,530.0,23.1,36.33
2023-12-22 02:04:43,527.0,23.1,36.33
2023-12-22 02:14:45,527.0,23.2,36.33
2023-12-22 02:24:32,536.0,23.2,36.33
2023-12-22 02:34:34,533.0,23.1,36.33
2023-12-22 02:44:52,487.0,23.2,36.33
2023-12-22 02:54:55,580.0,23.2,36.33
2023-12-22 03:04:57,540.0,23.2,35.94
2023-12-22 03:15:00,522.0,23.0,36.33
2023-12-22 03:25:02,549.0,23.1,36.33
2023-12-22 03:35:04,505.0,23.1,36.33
2023-12-22 03:45:07,568.0,23.2,35.94
2023-12-22 03:55:08,485.0,23.2,35.94
2023-12-22 04:05:10,511.0,23.1,35.94
2023-12-22 04:15:13,529.0,23.1,35.94
2023-12-22 04:25:15,540.0,23.2,35.94
2023-12-22 04:35:18,517.0,23.1,35.94
2023-12-22 04:45:20,560.0,23.1,35.94
2023-12-22 04:55:22,542.0,23.1,35.94
2023-12-22 05:04:53,542.0,23.1,35.94
2023-12-22 05:15:03,491.0,23.1,35.55
2023-12-22 05:25:19,522.0,23.1,35.55
2023-12-22 05:35:19,489.0,23.1,35.55
2023-12-22 05:45:38,517.0,23.1,35.55
2023-12-22 05:55:24,535.0,23.1,35.55
2023-12-22 06:05:42,539.0,23.1,35.55
2023-12-22 06:15:45,468.0,23.1,35.55
2023-12-22 06:25:47,539.0,23.0,35.55
2023-12-22 06:35:50,491.0,23.1,35.16
2023-12-22 06:45:36,514.0,23.1,35.55
2023-12-22 06:55:38,496.0,23.1,35.55
2023-12-22 07:05:57,471.0,23.1,35.16
2023-12-22 07:15:59,545.0,23.1,35.16
2023-12-22 07:26:02,483.0,23.1,35.16
2023-12-22 07:36:04,484.0,23.1,35.16
2023-12-22 07:46:06,493.0,23.0,35.16
2023-12-22 07:55:52,540.0,23.0,35.16
2023-12-22 08:06:10,527.0,23.1,35.16
2023-12-22 08:15:56,473.0,23.1,35.16
2023-12-22 08:26:15,463.0,23.0,35.16
2023-12-22 08:36:17,547.0,23.1,35.55
2023-12-22 08:46:20,589.0,23.0,35.94
2023-12-22 08:56:22,646.0,23.0,35.94
2023-12-22 09:06:24,530.0,23.0,35.94
2023-12-22 09:16:27,558.0,23.0,35.94
2023-12-22 09:26:29,587.0,23.1,35.94
2023-12-22 09:36:32,576.0,23.0,35.94
2023-12-22 09:46:34,560.0,23.0,35.94
2023-12-22 09:56:36,602.0,23.0,35.94
2023-12-22 10:06:39,653.0,23.0,35.94
2023-12-22 10:16:41,618.0,23.1,35.94
2023-12-22 10:26:44,649.0,23.0,35.55
2023-12-22 10:36:46,577.0,23.0,35.55
2023-12-22 10:46:48,594.0,23.0,35.55
2023-12-22 10:56:51,611.0,23.0,35.55
2023-12-22 11:06:53,547.0,23.1,35.16
2023-12-22 11:16:56,555.0,23.0,35.16
2023-12-22 11:26:58,641.0,23.0,35.16
2023-12-22 11:36:28,641.0,23.0,35.16
2023-12-22 11:46:39,659.0,23.0,35.55
2023-12-22 11:56:55,700.0,23.0,35.55
2023-12-22 12:07:11,694.0,23.0,35.94
2023-12-22 12:17:11,680.0,23.0,35.55
2023-12-22 12:27:13,691.0,23.0,35.94
2023-12-22 12:37:16,784.0,23.1,35.94
2023-12-22 12:47:18,752.0,23.1,35.55
2023-12-22 12:57:21,798.0,23.0,35.55
2023-12-22 13:07:23,701.0,23.0,35.55
2023-12-22 13:17:09,770.0,23.1,35.55
2023-12-22 13:27:28,802.0,23.0,35.55
2023-12-22 13:37:30,752.0,23.0,35.55
2023-12-22 13:47:33,728.0,23.0,35.55
2023-12-22 13:57:35,764.0,23.0,35.16
2023-12-22 14:07:37,757.0,23.0,35.16
2023-12-22 14:17:40,693.0,23.0,35.16
2023-12-22 14:27:42,721.0,23.0,35.16
2023-12-22 14:37:45,665.0,23.0,34.77
2023-12-22 14:47:47,682.0,23.1,34.77
2023-12-22 14:57:49,669.0,23.0,34.77
2023-12-22 15:07:52,679.0,23.0,34.77
2023-12-22 15:17:54,662.0,23.0,34.77
2023-12-22 15:27:57,645.0,23.0,34.38
2023-12-22 15:37:59,633.0,23.0,34.38
2023-12-22 15:48:01,650.0,23.0,34.38
2023-12-22 15:58:04,581.0,23.0,34.38
2023-12-22 16:08:06,629.0,23.0,34.38
2023-12-22 16:18:09,626.0,22.9,34.38
2023-12-22 16:28:11,547.0,23.0,34.38
2023-12-22 16:38:13,578.0,23.0,34.38
2023-12-22 16:48:16,559.0,23.0,34.38
2023-12-22 16:58:18,544.0,22.9,33.98
2023-12-22 17:08:21,531.0,23.0,33.98
2023-12-22 17:18:23,528.0,23.0,34.38
2023-12-22 17:28:25,583.0,22.9,33.98
2023-12-22 17:38:28,529.0,23.0,33.98
2023-12-22 17:48:30,578.0,22.9,33.98
2023-12-22 17:58:31,472.0,22.9,33.98
2023-12-22 18:08:02,472.0,22.9,33.98
2023-12-22 18:18:12,474.0,23.1,33.98
2023-12-22 18:28:28,541.0,23.1,33.98
2023-12-22 18:38:44,470.0,23.0,33.98
2023-12-22 18:48:28,488.0,23.1,33.98
2023-12-22 18:58:47,493.0,23.0,33.98
2023-12-22 19:08:49,503.0,23.1,33.59
2023-12-22 19:18:51,485.0,23.0,33.98
2023-12-22 19:28:54,460.0,22.9,33.98
2023-12-22 19:38:56,488.0,23.1,33.59
2023-12-22 19:48:43,536.0,23.0,33.59
2023-12-22 19:59:00,492.0,23.1,33.59
2023-12-22 20:09:02,482.0,23.0,33.59
2023-12-22 20:19:05,457.0,22.9,33.59
2023-12-22 20:29:07,439.0,23.0,33.59
2023-12-22 20:39:09,446.0,22.9,33.59
2023-12-22 20:49:12,450.0,22.9,33.59
2023-12-22 20:58:58,442.0,23.0,33.59
2023-12-22 21:09:17,500.0,22.9,33.59
2023-12-22 21:19:19,482.0,22.9,33.59
2023-12-22 21:29:21,460.0,23.0,33.59
2023-12-22 21:39:24,450.0,22.9,33.2
2023-12-22 21:49:26,454.0,23.1,33.2
2023-12-22 21:59:13,479.0,22.9,33.2
2023-12-22 22:09:31,470.0,23.0,33.2
2023-12-22 22:19:33,467.0,22.9,33.2
2023-12-22 22:29:36,507.0,23.0,33.2
2023-12-22 22:39:38,467.0,23.0,33.2
2023-12-22 22:49:41,485.0,22.9,33.2
2023-12-22 22:59:43,467.0,23.0,33.2
2023-12-22 23:09:45,482.0,23.0,33.2
2023-12-22 23:19:48,485.0,22.9,33.2
2023-12-22 23:29:50,437.0,23.0,33.2
2023-12-22 23:39:53,518.0,23.0,33.2
2023-12-22 23:49:55,450.0,22.9,32.81
2023-12-22 23:59:56,437.0,23.0,32.81
2023-12-23 00:09:59,488.0,23.0,32.81
2023-12-23 00:20:01,411.0,23.0,33.2
2023-12-23 00:30:03,490.0,23.0,32.81
2023-12-23 00:39:34,490.0,23.0,32.81
2023-12-23 00:49:44,462.0,23.0,32.81
2023-12-23 01:00:01,452.0,23.0,32.81
2023-12-23 01:10:16,480.0,23.1,32.81
2023-12-23 01:20:16,488.0,22.9,32.81
2023-12-23 01:30:03,470.0,23.1,32.81
2023-12-23 01:40:21,447.0,22.9,32.81
2023-12-23 01:50:24,467.0,22.9,32.81
2023-12-23 02:00:26,433.0,23.0,32.81
2023-12-23 02:10:28,455.0,22.9,32.81
2023-12-23 02:20:31,454.0,22.9,32.81
2023-12-23 02:30:17,444.0,22.9,32.81
2023-12-23 02:40:36,475.0,23.0,32.81
2023-12-23 02:50:38,408.0,23.0,32.81
2023-12-23 03:00:40,428.0,23.0,32.81
2023-12-23 03:10:43,426.0,23.0,32.81
2023-12-23 03:20:45,447.0,23.0,32.81
2023-12-23 03:30:48,480.0,23.0,32.81
2023-12-23 03:40:50,428.0,22.9,32.81
2023-12-23 03:50:52,408.0,23.0,32.81
2023-12-23 04:00:54,462.0,22.9,32.42
2023-12-23 04:10:56,411.0,23.0,32.81
2023-12-23 04:20:58,439.0,22.9,32.42
2023-12-23 04:31:01,415.0,23.0,32.42
2023-12-23 04:40:47,475.0,23.0,32.42
2023-12-23 04:51:06,464.0,22.9,32.81
2023-12-23 05:01:08,415.0,23.0,32.81
2023-12-23 05:11:10,428.0,23.1,32.42
2023-12-23 05:21:13,498.0,23.0,32.81
2023-12-23 05:31:15,421.0,23.0,32.42
2023-12-23 05:41:18,450.0,23.0,32.42
2023-12-23 05:51:20,437.0,22.9,32.81
2023-12-23 06:01:21,493.0,23.1,32.81
2023-12-23 06:11:24,513.0,23.0,32.42
2023-12-23 06:21:26,479.0,23.1,32.81
2023-12-23 06:31:28,442.0,22.9,32.42
2023-12-23 06:41:31,410.0,23.0,32.42
2023-12-23 06:51:33,381.0,22.9,32.42
2023-12-23 07:01:36,474.0,23.0,32.42
2023-12-23 07:11:06,474.0,23.0,32.42
2023-12-23 07:21:16,424.0,23.0,32.42
2023-12-23 07:31:32,450.0,23.0,32.42
2023-12-23 07:41:48,388.0,23.0,32.42
2023-12-23 07:51:33,467.0,23.0,32.42
2023-12-23 08:01:51,426.0,22.9,32.42
2023-12-23 08:11:53,437.0,22.9,32.81
2023-12-23 08:21:56,462.0,23.0,32.81
2023-12-23 08:31:58,421.0,23.0,32.81
2023-12-23 08:42:01,384.0,23.0,32.42
2023-12-23 08:52:03,463.0,23.0,32.81
2023-12-23 09:02:05,433.0,23.0,32.81
2023-12-23 09:12:08,464.0,23.0,32.81
2023-12-23 09:22:10,479.0,23.0,32.81
2023-12-23 09:32:13,397.0,23.0,32.81
2023-12-23 09:42:15,467.0,23.0,32.81
2023-12-23 09:52:17,428.0,23.0,32.81
2023-12-23 10:02:19,447.0,22.9,32.81
2023-12-23 10:12:05,418.0,23.0,32.81
2023-12-23 10:22:23,460.0,22.9,32.81
2023-12-23 10:32:26,437.0,23.0,32.81
2023-12-23 10:42:28,435.0,22.9,32.42
2023-12-23 10:52:31,449.0,23.0,32.81
2023-12-23 11:02:33,428.0,23.0,32.81
2023-12-23 11:12:19,464.0,23.0,32.81
2023-12-23 11:22:38,442.0,22.9,32.42
2023-12-23 11:32:40,457.0,23.0,32.81
2023-12-23 11:42:43,446.0,22.9,32.81
2023-12-23 11:52:45,447.0,22.9,32.81
2023-12-23 12:02:47,450.0,23.0,32.81
2023-12-23 12:12:50,397.0,23.0,32.81
2023-12-23 12:22:52,420.0,22.9,32.81
2023-12-23 12:32:54,426.0,22.9,32.81
2023-12-23 12:42:57,482.0,23.0,32.81
2023-12-23 12:52:59,443.0,22.9,32.81
2023-12-23 13:03:02,445.0,23.0,32.81
2023-12-23 13:13:04,473.0,23.0,32.81
2023-12-23 13:23:06,409.0,23.0,32.81
2023-12-23 13:33:09,464.0,22.9,32.81
2023-12-23 13:42:39,464.0,22.9,32.81
2023-12-23 13:52:50,459.0,22.9,32.81
2023-12-23 14:03:06,445.0,22.9,32.81
2023-12-23 14:13:22,436.0,22.9,32.81
2023-12-23 14:23:22,436.0,22.8,32.81
2023-12-23 14:33:08,454.0,22.9,32.81
2023-12-23 14:43:27,451.0,22.9,32.81
2023-12-23 14:53:29,415.0,22.9,32.81
2023-12-23 15:03:31,399.0,22.8,32.81
2023-12-23 15:13:34,456.0,22.9,32.81
2023-12-23 15:23:36,507.0,22.9,32.81
2023-12-23 15:33:23,436.0,22.9,32.81
2023-12-23 15:43:41,409.0,22.9,32.81
2023-12-23 15:53:43,423.0,22.9,32.81
2023-12-23 16:03:45,443.0,22.9,32.81
2023-12-23 16:13:47,433.0,22.9,32.81
2023-12-23 16:23:49,461.0,22.9,32.81
2023-12-23 16:33:52,419.0,22.9,32.81
2023-12-23 16:43:54,427.0,22.9,32.81
2023-12-23 16:53:57,435.0,23.0,32.81
2023-12-23 17:03:59,459.0,23.0,32.81
2023-12-23 17:14:01,442.0,23.0,32.81
2023-12-23 17:24:04,423.0,22.9,32.81
2023-12-23 17:34:06,474.0,23.0,32.81
2023-12-23 17:44:09,446.0,22.9,32.81
2023-12-23 17:54:11,465.0,22.9,32.42
2023-12-23 18:04:13,454.0,22.9,32.42
2023-12-23 18:14:16,420.0,23.0,32.42
2023-12-23 18:24:18,427.0,23.0,32.42
2023-12-23 18:34:21,447.0,23.0,32.42
2023-12-23 18:44:23,433.0,22.9,32.42
2023-12-23 18:54:25,518.0,23.0,32.42
2023-12-23 19:04:28,433.0,22.9,32.42
2023-12-23 19:14:30,416.0,23.0,32.42
2023-12-23 19:24:33,442.0,23.0,32.42
2023-12-23 19:34:35,460.0,23.0,32.42
2023-12-23 19:44:37,457.0,23.0,32.42
2023-12-23 19:54:40,452.0,23.0,32.42
2023-12-23 20:04:42,442.0,22.9,32.42
2023-12-23 20:14:13,442.0,22.9,32.42
2023-12-23 20:24:23,418.0,23.0,32.42
2023-12-23 20:34:39,492.0,22.9,32.42
2023-12-23 20:44:55,420.0,23.0,32.42
2023-12-23 20:54:55,465.0,23.0,32.42
2023-12-23 21:04:58,442.0,23.0,32.42
2023-12-23 21:14:44,410.0,23.0,32.42
2023-12-23 21:25:02,429.0,23.0,32.42
2023-12-23 21:35:05,455.0,23.0,32.42
2023-12-23 21:45:07,424.0,23.0,32.42
2023-12-23 21:55:10,416.0,23.0,32.42
2023-12-23 22:05:11,457.0,23.0,32.42
2023-12-23 22:14:57,420.0,23.0,32.42
2023-12-23 22:25:16,467.0,23.0,32.42
2023-12-23 22:35:18,479.0,23.0,32.42
2023-12-23 22:45:20,439.0,23.0,32.03
2023-12-23 22:55:23,439.0,22.9,32.03
2023-12-23 23:05:25,452.0,22.9,32.03
2023-12-23 23:15:28,480.0,22.9,32.03
2023-12-23 23:25:30,408.0,23.0,32.03
2023-12-23 23:35:32,428.0,23.0,32.03
2023-12-23 23:45:35,462.0,23.0,32.03
2023-12-23 23:55:37,475.0,23.0,32.03
2023-12-24 00:05:40,416.0,22.9,32.03
2023-12-24 00:15:42,446.0,23.0,32.03
2023-12-24 00:25:44,411.0,23.0,32.03
2023-12-24 00:35:47,411.0,23.0,32.03
2023-12-24 00:45:49,411.0,23.0,32.03
2023-12-24 00:55:52,429.0,23.0,32.03
2023-12-24 01:05:54,439.0,22.9,32.03
2023-12-24 01:15:40,416.0,23.0,32.03
2023-12-24 01:25:59,464.0,23.0,32.03
2023-12-24 01:36:01,442.0,22.9,32.03
2023-12-24 01:46:03,462.0,22.9,32.03
2023-12-24 01:56:06,464.0,23.0,32.03
2023-12-24 02:06:07,433.0,23.0,32.03
2023-12-24 02:16:10,480.0,23.0,32.03
2023-12-24 02:26:12,475.0,23.0,32.03
2023-12-24 02:36:14,457.0,23.0,32.03
2023-12-24 02:45:45,457.0,23.0,32.03
2023-12-24 02:55:55,437.0,22.9,32.03
2023-12-24 03:06:11,460.0,23.0,32.03
2023-12-24 03:16:27,479.0,23.0,32.03
2023-12-24 03:26:27,439.0,23.0,32.03
2023-12-24 03:36:30,488.0,23.0,32.03
2023-12-24 03:46:32,411.0,22.9,32.03
2023-12-24 03:56:34,410.0,23.0,32.03
2023-12-24 04:06:36,462.0,23.0,32.03
2023-12-24 04:16:38,480.0,23.0,32.03
2023-12-24 04:26:40,439.0,23.0,32.03
2023-12-24 04:36:43,408.0,23.0,32.03
2023-12-24 04:46:29,436.0,23.0,32.03
2023-12-24 04:56:48,439.0,22.9,32.03
2023-12-24 05:06:50,467.0,22.9,32.03
2023-12-24 05:16:52,442.0,23.0,32.03
2023-12-24 05:26:55,446.0,23.0,32.03
2023-12-24 05:36:41,410.0,23.0,32.03
2023-12-24 05:47:00,460.0,22.9,32.03
2023-12-24 05:57:02,467.0,23.0,32.03
2023-12-24 06:07:05,454.0,23.0,32.03
2023-12-24 06:17:07,436.0,23.0,32.03
2023-12-24 06:27:09,434.0,22.9,32.03
2023-12-24 06:37:12,452.0,22.9,32.03
2023-12-24 06:47:14,362.0,23.0,32.03
2023-12-24 06:57:16,442.0,23.0,32.03
2023-12-24 07:07:19,439.0,23.0,32.03
2023-12-24 07:17:21,391.0,23.0,32.42
2023-12-24 07:27:24,444.0,22.9,32.03
2023-12-24 07:37:26,411.0,22.9,32.42
2023-12-24 07:47:12,482.0,22.9,32.42
2023-12-24 07:57:31,415.0,23.0,32.42
2023-12-24 08:07:32,405.0,23.0,32.42
2023-12-24 08:17:34,397.0,23.0,32.42
2023-12-24 08:27:37,407.0,22.9,32.42
2023-12-24 08:37:40,442.0,23.0,32.42
2023-12-24 08:47:42,420.0,22.9,32.42
2023-12-24 08:57:44,443.0,22.9,32.42
2023-12-24 09:07:46,410.0,22.9,32.42
2023-12-24 09:17:17,410.0,22.9,32.42
2023-12-24 09:27:27,445.0,22.9,32.81
2023-12-24 09:37:43,469.0,22.9,32.81
2023-12-24 09:47:59,445.0,22.9,32.81
2023-12-24 09:57:43,415.0,22.9,32.81
2023-12-24 10:07:45,449.0,22.9,32.81
2023-12-24 10:18:03,461.0,22.9,32.81
2023-12-24 10:28:05,459.0,22.9,32.81
2023-12-24 10:38:08,388.0,22.9,32.81
2023-12-24 10:48:10,415.0,22.9,32.81
2023-12-24 10:57:57,404.0,22.9,32.81
2023-12-24 11:08:15,464.0,22.9,32.81
2023-12-24 11:18:17,461.0,22.8,33.2
2023-12-24 11:28:20,463.0,22.8,33.2
2023-12-24 11:38:22,425.0,22.9,32.81
2023-12-24 11:48:25,376.0,22.9,33.2
2023-12-24 11:58:27,406.0,22.9,33.2
2023-12-24 12:08:28,464.0,22.8,33.2
2023-12-24 12:18:31,406.0,22.8,33.2
2023-12-24 12:28:33,427.0,22.8,33.2
2023-12-24 12:38:35,435.0,22.8,33.2
2023-12-24 12:48:38,404.0,22.8,33.2
2023-12-24 12:58:40,433.0,22.8,33.2
2023-12-24 13:08:43,423.0,22.8,33.2
2023-12-24 13:18:29,498.0,22.8,33.2
2023-12-24 13:28:47,379.0,22.8,33.2
2023-12-24 13:38:50,414.0,22.8,33.2
2023-12-24 13:48:52,453.0,22.8,33.2
2023-12-24 13:58:55,456.0,22.8,33.2
2023-12-24 14:08:56,420.0,22.8,33.59
2023-12-24 14:18:58,456.0,22.8,33.59
2023-12-24 14:29:01,427.0,22.9,33.59
2023-12-24 14:39:03,454.0,22.8,33.59
2023-12-24 14:49:05,393.0,22.9,33.59
2023-12-24 14:59:08,410.0,22.9,33.59
2023-12-24 15:09:10,466.0,22.8,33.59
2023-12-24 15:19:13,461.0,22.8,33.59
2023-12-24 15:29:15,451.0,22.8,33.59
2023-12-24 15:39:17,371.0,22.9,33.98
2023-12-24 15:48:48,371.0,22.9,33.98
2023-12-24 15:58:58,415.0,22.8,33.98
2023-12-24 16:09:14,417.0,22.8,33.98
2023-12-24 16:19:30,471.0,22.9,33.98
2023-12-24 16:29:30,396.0,22.9,33.98
2023-12-24 16:39:33,463.0,22.8,33.98
2023-12-24 16:49:19,407.0,22.9,33.98
2023-12-24 16:59:38,469.0,22.9,34.38
2023-12-24 17:09:40,451.0,22.9,34.38
2023-12-24 17:19:42,451.0,22.9,34.38
2023-12-24 17:29:45,435.0,22.8,34.38
2023-12-24 17:39:47,474.0,22.8,34.38
2023-12-24 17:49:50,427.0,22.9,34.38
2023-12-24 17:59:52,438.0,22.9,34.38
2023-12-24 18:09:54,427.0,22.8,34.77
2023-12-24 18:19:57,427.0,22.9,34.77
2023-12-24 18:29:59,432.0,22.9,34.77
2023-12-24 18:40:02,451.0,22.9,34.77
2023-12-24 18:50:04,453.0,22.9,34.77
2023-12-24 19:00:06,481.0,22.9,34.77
2023-12-24 19:10:09,438.0,22.8,34.77
2023-12-24 19:20:11,463.0,22.9,34.77
2023-12-24 19:29:58,390.0,22.9,34.77
2023-12-24 19:40:00,433.0,22.9,34.77
2023-12-24 19:50:18,441.0,22.9,34.77
2023-12-24 20:00:21,419.0,22.9,34.77
2023-12-24 20:10:23,409.0,22.9,34.77
2023-12-24 20:20:26,453.0,22.9,34.77
2023-12-24 20:30:28,410.0,22.8,34.77
2023-12-24 20:40:30,473.0,22.9,34.77
2023-12-24 20:50:33,453.0,22.9,34.77
2023-12-24 21:00:35,443.0,22.8,35.16
2023-12-24 21:10:38,417.0,22.8,35.16
2023-12-24 21:20:40,396.0,22.9,35.16
2023-12-24 21:30:42,428.0,22.9,35.16
2023-12-24 21:40:45,441.0,23.0,35.16
2023-12-24 21:50:47,459.0,23.0,35.16
2023-12-24 22:00:49,438.0,22.9,35.16
2023-12-24 22:10:52,406.0,22.9,35.16
2023-12-24 22:20:22,406.0,22.9,35.16
2023-12-24 22:30:33,446.0,22.9,35.16
2023-12-24 22:40:49,428.0,22.9,35.16
2023-12-24 22:51:05,433.0,22.9,35.16
2023-12-24 23:01:05,472.0,22.9,35.16
2023-12-24 23:11:07,418.0,23.0,35.16
2023-12-24 23:21:10,397.0,23.0,35.16
2023-12-24 23:31:12,418.0,23.0,35.16
2023-12-24 23:41:14,442.0,22.9,35.16
2023-12-24 23:51:17,439.0,22.9,35.16
2023-12-25 00:01:19,429.0,23.0,35.16
2023-12-25 00:11:06,384.0,22.9,35.16
2023-12-25 00:21:24,424.0,23.0,35.16
2023-12-25 00:31:26,418.0,23.0,35.16
2023-12-25 00:41:30,402.0,23.0,35.16
2023-12-25 00:51:31,389.0,23.0,35.16
2023-12-25 01:01:34,454.0,23.0,35.16
2023-12-25 01:11:35,508.0,23.0,35.16
2023-12-25 01:21:37,449.0,23.0,35.16
2023-12-25 01:31:40,440.0,23.0,35.55
2023-12-25 01:41:42,474.0,23.0,35.55
2023-12-25 01:51:44,456.0,22.9,35.55
2023-12-25 02:01:47,485.0,23.0,35.55
2023-12-25 02:11:48,419.0,23.0,35.55
2023-12-25 02:21:50,456.0,22.9,35.55
2023-12-25 02:31:54,446.0,22.9,35.55
2023-12-25 02:41:55,466.0,22.9,35.55
2023-12-25 02:51:58,430.0,23.0,35.55
2023-12-25 03:02:00,432.0,22.9,35.55
2023-12-25 03:12:02,477.0,23.0,35.55
2023-12-25 03:22:05,475.0,22.9,35.55
2023-12-25 03:32:08,454.0,22.9,35.55
2023-12-25 03:42:10,480.0,22.9,35.55
2023-12-25 03:52:12,472.0,23.0,35.55
2023-12-25 04:02:14,446.0,23.0,35.55
2023-12-25 04:12:17,484.0,22.9,35.55
2023-12-25 04:22:19,467.0,23.0,35.55
2023-12-25 04:32:22,492.0,23.0,35.55
2023-12-25 04:42:24,480.0,23.0,35.55
2023-12-25 04:51:55,480.0,23.0,35.55
2023-12-25 05:02:05,405.0,23.0,35.55
2023-12-25 05:12:21,454.0,22.9,35.55
2023-12-25 05:22:37,466.0,23.0,35.55
2023-12-25 05:32:37,492.0,22.9,35.55
2023-12-25 05:42:39,471.0,22.9,35.55
2023-12-25 05:52:26,484.0,22.9,35.55
2023-12-25 06:02:44,445.0,23.0,35.55
2023-12-25 06:12:47,480.0,23.0,35.55
2023-12-25 06:22:49,440.0,23.0,35.55
2023-12-25 06:32:51,426.0,23.0,35.55
2023-12-25 06:42:54,426.0,22.9,35.55
2023-12-25 06:52:56,467.0,22.9,35.55
2023-12-25 07:02:59,419.0,22.9,35.55
2023-12-25 07:13:01,492.0,23.0,35.16
2023-12-25 07:23:03,454.0,22.9,35.55
2023-12-25 07:33:06,458.0,22.9,35.16
2023-12-25 07:43:08,453.0,22.9,35.16
2023-12-25 07:53:11,428.0,23.0,35.55
2023-12-25 08:03:13,448.0,23.0,35.55
2023-12-25 08:13:15,476.0,22.9,35.16
2023-12-25 08:23:18,491.0,22.9,35.16
2023-12-25 08:33:20,493.0,23.0,35.55
2023-12-25 08:43:23,528.0,22.9,35.94
2023-12-25 08:53:09,517.0,22.9,35.94
2023-12-25 09:03:11,500.0,22.9,35.94
2023-12-25 09:13:30,521.0,22.9,35.94
2023-12-25 09:23:32,510.0,22.9,35.94
2023-12-25 09:33:35,531.0,22.9,35.55
2023-12-25 09:43:37,538.0,23.0,35.55
2023-12-25 09:53:23,526.0,23.0,35.55
2023-12-25 10:03:42,538.0,23.0,35.55
2023-12-25 10:13:44,517.0,22.9,35.55
2023-12-25 10:23:46,508.0,23.0,35.55
2023-12-25 10:33:49,490.0,22.9,35.55
2023-12-25 10:43:51,495.0,22.9,35.55
2023-12-25 10:53:54,512.0,23.0,35.55
2023-12-25 11:03:56,482.0,22.9,35.55
2023-12-25 11:13:58,500.0,23.0,35.55
2023-12-25 11:23:29,500.0,23.0,35.55
2023-12-25 11:33:39,495.0,22.9,35.16
2023-12-25 11:43:55,508.0,23.0,35.16
2023-12-25 11:54:11,466.0,22.9,35.16
2023-12-25 12:04:11,484.0,22.9,35.16
2023-12-25 12:14:14,513.0,22.9,35.16
2023-12-25 12:24:16,445.0,23.0,35.16
2023-12-25 12:34:19,510.0,23.0,35.16
2023-12-25 12:44:21,490.0,23.0,35.16
2023-12-25 12:54:23,436.0,22.9,35.16
2023-12-25 13:04:26,467.0,22.9,35.16
2023-12-25 13:14:28,484.0,23.0,35.16
2023-12-25 13:24:31,475.0,22.9,35.16
2023-12-25 13:34:32,472.0,23.0,35.16
2023-12-25 13:44:34,484.0,23.0,35.16
2023-12-25 13:54:37,475.0,23.0,35.16
2023-12-25 14:04:39,467.0,22.9,35.16
2023-12-25 14:14:24,512.0,22.9,35.16
2023-12-25 14:24:43,523.0,22.9,35.16
2023-12-25 14:34:45,449.0,22.9,35.16
2023-12-25 14:44:47,453.0,23.0,35.16
2023-12-25 14:54:50,503.0,22.9,35.16
2023-12-25 15:04:52,498.0,22.9,35.16
2023-12-25 15:14:39,467.0,22.9,35.16
2023-12-25 15:24:57,500.0,23.0,35.16
2023-12-25 15:34:59,503.0,23.0,35.16
2023-12-25 15:45:02,493.0,23.0,35.16
2023-12-25 15:55:04,436.0,22.9,34.77
2023-12-25 16:05:07,458.0,22.9,34.77
2023-12-25 16:15:08,477.0,22.9,34.77
2023-12-25 16:24:54,482.0,22.9,34.77
2023-12-25 16:34:57,490.0,22.9,34.77
2023-12-25 16:45:15,467.0,22.9,34.77
2023-12-25 16:55:17,438.0,22.9,34.77
2023-12-25 17:05:20,466.0,22.9,34.77
2023-12-25 17:15:22,485.0,23.0,34.77
2023-12-25 17:25:25,502.0,23.0,34.77
2023-12-25 17:35:27,485.0,22.9,34.77
2023-12-25 17:45:29,523.0,23.0,34.77
2023-12-25 17:55:00,523.0,23.0,34.77
2023-12-25 18:05:10,449.0,22.9,34.77
2023-12-25 18:15:26,520.0,23.0,34.77
2023-12-25 18:25:42,421.0,23.0,34.77
2023-12-25 18:35:42,505.0,22.9,34.77
2023-12-25 18:45:45,453.0,23.0,34.77
2023-12-25 18:55:47,472.0,23.0,34.77
2023-12-25 19:05:50,454.0,22.9,34.77
2023-12-25 19:15:52,448.0,23.0,34.77
2023-12-25 19:25:54,454.0,23.0,34.77
2023-12-25 19:35:41,480.0,23.0,34.77
2023-12-25 19:45:43,506.0,23.0,34.77
2023-12-25 19:56:02,503.0,23.0,34.77
2023-12-25 20:06:04,465.0,23.0,34.77
2023-12-25 20:16:06,506.0,23.0,34.77
2023-12-25 20:26:09,503.0,23.0,34.77
2023-12-25 20:36:11,485.0,23.0,34.77
2023-12-25 20:46:14,509.0,23.0,34.77
2023-12-25 20:56:00,478.0,23.0,34.77
2023-12-25 21:06:18,446.0,23.0,34.77
2023-12-25 21:16:21,449.0,23.1,34.77
2023-12-25 21:26:23,459.0,23.0,34.77
2023-12-25 21:36:26,493.0,23.0,34.77
2023-12-25 21:46:28,481.0,23.0,34.77
2023-12-25 21:56:14,499.0,23.1,34.77
2023-12-25 22:06:33,489.0,23.1,34.38
2023-12-25 22:16:35,476.0,23.1,34.38
2023-12-25 22:26:37,493.0,23.1,34.38
2023-12-25 22:36:40,472.0,23.1,34.38
2023-12-25 22:46:26,494.0,23.0,34.38
2023-12-25 22:56:45,486.0,23.1,34.38
2023-12-25 23:06:47,495.0,23.1,34.38
2023-12-25 23:16:49,450.0,23.1,34.38
2023-12-25 23:26:52,466.0,23.1,34.38
2023-12-25 23:36:54,474.0,23.2,34.38
2023-12-25 23:46:57,482.0,23.0,34.38
2023-12-25 23:56:59,434.0,23.1,34.38
2023-12-26 00:07:01,487.0,23.0,34.38
2023-12-26 00:17:03,514.0,23.1,34.38
2023-12-26 00:26:34,514.0,23.1,34.38
2023-12-26 00:36:43,510.0,23.1,34.38
2023-12-26 00:47:00,482.0,23.1,34.38
2023-12-26 00:57:16,507.0,23.1,34.38
2023-12-26 01:07:16,468.0,23.1,34.38
2023-12-26 01:17:18,445.0,23.1,34.38
2023-12-26 01:27:20,500.0,23.1,33.98
2023-12-26 01:37:23,494.0,23.1,34.38
2023-12-26 01:47:25,455.0,23.1,34.38
2023-12-26 01:57:28,500.0,23.1,34.38
2023-12-26 02:07:30,520.0,23.1,34.38
2023-12-26 02:17:32,486.0,23.1,33.98
2023-12-26 02:27:18,482.0,23.1,33.98
2023-12-26 02:37:36,458.0,23.2,33.98
2023-12-26 02:47:38,424.0,23.1,34.38
2023-12-26 02:57:41,501.0,23.1,33.98
2023-12-26 03:07:43,522.0,23.1,34.38
2023-12-26 03:17:46,505.0,23.1,34.38
2023-12-26 03:27:48,493.0,23.1,34.38
2023-12-26 03:37:50,467.0,23.1,34.38
2023-12-26 03:47:53,491.0,23.1,33.98
2023-12-26 03:57:55,468.0,23.2,34.38
2023-12-26 04:07:58,458.0,23.2,34.38
2023-12-26 04:18:00,462.0,23.2,34.38
2023-12-26 04:28:02,468.0,23.2,34.38
2023-12-26 04:38:05,466.0,23.1,34.38
2023-12-26 04:48:07,538.0,23.1,34.38
2023-12-26 04:58:10,456.0,23.1,34.38
2023-12-26 05:08:12,486.0,23.1,34.38
2023-12-26 05:18:14,474.0,23.2,34.38
2023-12-26 05:28:17,473.0,23.1,34.38
2023-12-26 05:38:19,497.0,23.2,34.38
2023-12-26 05:48:22,455.0,23.1,34.77
2023-12-26 05:58:24,486.0,23.1,34.77
2023-12-26 06:08:26,482.0,23.0,34.77
2023-12-26 06:18:29,456.0,23.1,34.77
2023-12-26 06:28:31,519.0,23.0,34.77
2023-12-26 06:38:34,465.0,23.0,34.77
2023-12-26 06:48:37,475.0,23.0,35.16
2023-12-26 06:58:06,475.0,23.0,35.16
2023-12-26 07:08:17,455.0,23.0,35.16
2023-12-26 07:18:33,527.0,23.0,35.16
2023-12-26 07:28:49,455.0,23.0,35.16
2023-12-26 07:38:33,501.0,23.1,35.16
2023-12-26 07:48:51,446.0,23.1,35.55
2023-12-26 07:58:54,486.0,23.0,35.16
2023-12-26 08:08:56,460.0,23.0,35.55
2023-12-26 08:18:57,521.0,23.1,35.16
2023-12-26 08:29:00,513.0,23.0,35.55
2023-12-26 08:39:02,494.0,23.0,35.55
2023-12-26 08:49:05,503.0,22.9,35.55
2023-12-26 08:59:07,444.0,23.0,35.55
2023-12-26 09:09:09,481.0,23.0,35.55
2023-12-26 09:19:12,513.0,22.9,35.16
2023-12-26 09:29:14,491.0,23.0,35.16
2023-12-26 09:39:17,439.0,23.0,35.16
2023-12-26 09:49:03,509.0,23.0,35.16
2023-12-26 09:59:21,431.0,23.0,35.16
2023-12-26 10:09:24,522.0,23.0,35.16
2023-12-26 10:19:25,514.0,23.0,35.16
2023-12-26 10:29:27,518.0,23.0,35.16
2023-12-26 10:39:30,493.0,23.0,35.16
2023-12-26 10:49:32,472.0,23.0,35.16
2023-12-26 10:59:19,519.0,23.0,35.16
2023-12-26 11:09:37,519.0,23.1,35.16
2023-12-26 11:19:39,474.0,23.1,35.16
2023-12-26 11:29:42,495.0,23.1,35.16
2023-12-26 11:39:44,512.0,23.1,35.16
2023-12-26 11:49:47,522.0,23.1,35.16
2023-12-26 11:59:49,510.0,23.1,35.16
2023-12-26 12:09:51,512.0,23.2,35.16
2023-12-26 12:19:53,497.0,23.1,35.16
2023-12-26 12:29:55,506.0,23.2,35.16
2023-12-26 12:39:58,539.0,23.1,35.16
2023-12-26 12:50:00,466.0,23.1,35.16
2023-12-26 13:00:02,465.0,23.2,35.16
2023-12-26 13:10:05,492.0,23.2,35.16
2023-12-26 13:20:07,510.0,23.1,35.16
2023-12-26 13:29:37,510.0,23.1,35.16
2023-12-26 13:39:48,477.0,23.1,35.16
2023-12-26 13:50:04,494.0,23.1,35.16
2023-12-26 14:00:20,492.0,23.1,35.16
2023-12-26 14:10:20,540.0,23.1,35.16
2023-12-26 14:20:21,479.0,23.2,35.16
2023-12-26 14:30:08,504.0,23.1,35.16
2023-12-26 14:40:26,469.0,23.2,35.16
2023-12-26 14:50:28,519.0,23.1,34.77
2023-12-26 15:00:31,464.0,23.1,35.16
2023-12-26 15:10:33,504.0,23.1,34.77
2023-12-26 15:20:20,460.0,23.1,35.16
2023-12-26 15:30:38,468.0,23.1,34.77
2023-12-26 15:40:40,487.0,23.0,34.77
2023-12-26 15:50:43,542.0,23.1,35.16
2023-12-26 16:00:45,510.0,23.1,35.16
2023-12-26 16:10:48,463.0,23.1,35.16
2023-12-26 16:20:50,476.0,23.0,35.16
2023-12-26 16:30:52,509.0,23.1,35.16
2023-12-26 16:40:55,524.0,23.0,34.77
2023-12-26 16:50:57,527.0,23.0,34.77
2023-12-26 17:01:00,519.0,23.0,34.77
2023-12-26 17:11:02,499.0,23.0,34.77
2023-12-26 17:20:48,531.0,23.0,34.77
2023-12-26 17:30:51,539.0,23.0,34.77
2023-12-26 17:41:09,489.0,23.0,34.77
2023-12-26 17:51:12,501.0,23.0,34.77
2023-12-26 18:01:14,476.0,23.0,34.77
2023-12-26 18:11:16,437.0,23.1,34.77
2023-12-26 18:21:18,465.0,23.0,34.77
2023-12-26 18:31:04,509.0,23.1,34.77
2023-12-26 18:41:23,521.0,23.0,34.77
2023-12-26 18:51:25,483.0,23.1,34.77
2023-12-26 19:01:27,557.0,23.0,34.77
2023-12-26 19:11:30,486.0,23.0,34.77
2023-12-26 19:21:32,547.0,23.1,34.77
2023-12-26 19:31:34,475.0,23.0,34.77
2023-12-26 19:41:37,506.0,23.1,34.77
2023-12-26 19:51:39,454.0,23.1,34.77
2023-12-26 20:01:09,454.0,23.1,34.77
2023-12-26 20:11:21,503.0,23.0,34.77
2023-12-26 20:21:36,519.0,23.0,34.77
2023-12-26 20:31:52,466.0,23.0,34.77
2023-12-26 20:41:36,497.0,23.1,34.77
2023-12-26 20:51:38,474.0,23.1,34.77
2023-12-26 21:01:57,446.0,23.0,34.77
2023-12-26 21:11:59,477.0,23.1,34.77
2023-12-26 21:22:02,514.0,23.1,34.77
2023-12-26 21:32:04,482.0,23.1,34.77
2023-12-26 21:42:06,500.0,23.0,34.77
2023-12-26 21:51:53,500.0,23.1,34.38
2023-12-26 22:02:11,410.0,23.1,34.38
2023-12-26 22:12:14,502.0,23.1,34.38
2023-12-26 22:21:59,538.0,23.0,34.77
2023-12-26 22:32:17,487.0,23.0,34.38
2023-12-26 22:42:20,530.0,23.1,34.38
2023-12-26 22:52:22,494.0,23.0,34.77
2023-12-26 23:02:24,525.0,23.0,34.77
2023-12-26 23:12:27,501.0,23.1,34.38
2023-12-26 23:22:29,500.0,23.0,34.38
2023-12-26 23:32:32,461.0,23.1,34.77
2023-12-26 23:42:34,468.0,23.0,34.77
2023-12-26 23:52:20,474.0,23.0,34.38
2023-12-27 00:02:39,497.0,23.1,34.38
2023-12-27 00:12:41,507.0,23.1,34.38
2023-12-27 00:22:44,456.0,23.0,34.38
2023-12-27 00:32:46,484.0,23.1,34.38
2023-12-27 00:42:48,466.0,23.1,34.38
2023-12-27 00:52:51,492.0,23.0,34.38
2023-12-27 01:02:53,507.0,23.1,34.38
2023-12-27 01:12:56,458.0,23.1,34.38
2023-12-27 01:22:58,504.0,23.1,34.38
2023-12-27 01:33:00,469.0,23.1,34.38
2023-12-27 01:43:03,455.0,23.1,34.38
2023-12-27 01:52:49,473.0,23.1,34.38
2023-12-27 02:03:08,458.0,23.2,34.38
2023-12-27 02:13:10,464.0,23.1,34.38
2023-12-27 02:23:11,487.0,23.1,34.38
2023-12-27 02:32:42,487.0,23.1,34.38
2023-12-27 02:42:52,495.0,23.1,34.38
2023-12-27 02:53:08,520.0,23.1,34.38
2023-12-27 03:03:24,469.0,23.1,34.38
2023-12-27 03:13:24,482.0,23.1,34.38
2023-12-27 03:23:27,461.0,23.1,34.38
2023-12-27 03:33:29,525.0,23.1,34.38
2023-12-27 03:43:31,473.0,23.1,34.38
2023-12-27 03:53:34,522.0,23.1,34.38
2023-12-27 04:03:36,451.0,23.1,34.38
2023-12-27 04:13:39,497.0,23.1,34.38
2023-12-27 04:23:41,482.0,23.0,34.38
2023-12-27 04:33:43,484.0,23.0,34.38
2023-12-27 04:43:46,512.0,23.0,34.38
2023-12-27 04:53:48,482.0,23.1,34.38
2023-12-27 05:03:51,477.0,23.1,34.38
2023-12-27 05:13:53,487.0,23.1,34.38
2023-12-27 05:23:55,520.0,23.0,33.98
2023-12-27 05:33:58,479.0,23.1,33.98
2023-12-27 05:44:00,523.0,23.1,33.98
2023-12-27 05:54:03,476.0,23.2,33.98
2023-12-27 06:04:05,456.0,23.1,33.98
2023-12-27 06:14:07,491.0,23.1,33.98
2023-12-27 06:23:54,499.0,23.0,33.98
2023-12-27 06:33:56,485.0,23.0,33.98
2023-12-27 06:44:15,454.0,23.0,33.98
2023-12-27 06:54:17,493.0,23.0,33.98
2023-12-27 07:04:19,481.0,23.0,33.98
2023-12-27 07:14:22,491.0,23.0,33.98
2023-12-27 07:24:08,499.0,23.0,33.98
2023-12-27 07:34:27,465.0,23.0,33.98
2023-12-27 07:44:29,504.0,23.1,33.98
2023-12-27 07:54:31,460.0,23.0,33.98
2023-12-27 08:04:34,534.0,23.0,33.98
2023-12-27 08:14:36,504.0,23.0,33.98
2023-12-27 08:24:39,493.0,23.1,33.98
2023-12-27 08:34:41,460.0,23.0,33.98
2023-12-27 08:44:43,521.0,23.1,33.98
2023-12-27 08:54:46,491.0,23.0,33.98
2023-12-27 09:04:16,491.0,23.0,33.98
2023-12-27 09:14:26,500.0,23.0,33.98
2023-12-27 09:24:42,484.0,23.0,33.98
2023-12-27 09:34:59,477.0,23.0,33.98
2023-12-27 09:44:43,472.0,23.0,33.98
2023-12-27 09:54:45,477.0,22.9,33.98
2023-12-27 10:05:03,518.0,23.0,33.98
2023-12-27 10:15:06,510.0,23.0,33.98
2023-12-27 10:25:07,493.0,22.9,33.98
2023-12-27 10:35:09,505.0,22.9,33.98
2023-12-27 10:45:12,505.0,23.0,33.98
2023-12-27 10:55:14,474.0,22.9,33.59
2023-12-27 11:05:01,474.0,22.9,33.98
2023-12-27 11:15:19,462.0,23.0,33.98
2023-12-27 11:25:21,508.0,23.0,33.98
2023-12-27 11:35:24,490.0,23.0,33.98
2023-12-27 11:45:26,510.0,22.9,33.98
2023-12-27 11:55:13,512.0,23.0,33.59
2023-12-27 12:05:31,503.0,22.9,33.98
2023-12-27 12:15:33,495.0,22.9,33.98
2023-12-27 12:25:36,411.0,22.9,33.98
2023-12-27 12:35:38,492.0,22.9,33.98
2023-12-27 12:45:41,467.0,22.9,33.98
2023-12-27 12:55:27,523.0,22.9,33.98
2023-12-27 13:05:45,521.0,23.0,33.59
2023-12-27 13:15:48,466.0,22.9,33.59
2023-12-27 13:25:50,490.0,22.9,33.59
2023-12-27 13:35:53,502.0,22.9,33.59
2023-12-27 13:45:55,459.0,22.9,33.59
2023-12-27 13:55:41,449.0,23.0,33.59
2023-12-27 14:05:44,474.0,22.9,33.59
2023-12-27 14:16:02,493.0,22.9,33.59
2023-12-27 14:26:03,454.0,22.9,33.59
2023-12-27 14:36:06,498.0,22.9,33.59
2023-12-27 14:46:08,471.0,22.9,33.59
2023-12-27 14:56:11,459.0,22.9,33.59
2023-12-27 15:06:13,490.0,22.9,33.59
2023-12-27 15:16:15,443.0,22.9,33.59
2023-12-27 15:26:18,462.0,22.9,33.59
2023-12-27 15:35:48,462.0,22.9,33.59
2023-12-27 15:45:58,508.0,22.9,33.59
2023-12-27 15:56:15,466.0,22.9,33.59
2023-12-27 16:06:31,512.0,22.9,33.59
2023-12-27 16:16:31,518.0,22.9,33.59
2023-12-27 16:26:17,474.0,22.9,33.59
2023-12-27 16:36:36,440.0,22.9,33.59
2023-12-27 16:46:38,510.0,22.9,33.59
2023-12-27 16:56:40,484.0,22.9,33.59
2023-12-27 17:06:43,462.0,22.9,33.59
2023-12-27 17:16:45,467.0,23.0,33.59
2023-12-27 17:26:48,458.0,22.9,33.59
2023-12-27 17:36:34,550.0,22.9,33.59
2023-12-27 17:46:52,500.0,23.0,33.59
2023-12-27 17:56:55,493.0,22.9,33.59
2023-12-27 18:06:57,490.0,23.0,33.59
2023-12-27 18:17:00,480.0,22.9,33.59
2023-12-27 18:27:02,459.0,22.9,33.59
2023-12-27 18:36:48,513.0,22.9,33.59
2023-12-27 18:47:07,474.0,22.9,33.59
2023-12-27 18:57:09,518.0,22.9,33.59
2023-12-27 19:07:12,520.0,22.9,33.59
2023-12-27 19:16:58,548.0,22.9,33.59
2023-12-27 19:27:00,546.0,23.0,33.59
2023-12-27 19:37:19,513.0,22.9,33.59
2023-12-27 19:47:21,517.0,22.9,33.59
2023-12-27 19:57:24,501.0,23.0,33.59
2023-12-27 20:07:26,521.0,23.0,33.59
2023-12-27 20:17:28,500.0,22.9,33.59
2023-12-27 20:27:30,531.0,23.0,33.59
2023-12-27 20:37:32,495.0,23.0,33.59
2023-12-27 20:47:18,529.0,23.0,33.59
2023-12-27 20:57:37,531.0,23.0,33.59
2023-12-27 21:07:39,485.0,22.9,33.59
2023-12-27 21:17:42,565.0,23.0,33.59
2023-12-27 21:27:44,522.0,23.0,33.59
2023-12-27 21:37:46,564.0,22.9,33.59
2023-12-27 21:47:49,504.0,23.0,33.59
2023-12-27 21:57:51,494.0,23.0,33.59
2023-12-27 22:07:22,494.0,23.0,33.59
2023-12-27 22:17:32,496.0,23.0,33.59
2023-12-27 22:27:48,503.0,22.9,33.59
2023-12-27 22:38:04,509.0,22.9,33.59
2023-12-27 22:48:04,527.0,22.9,33.59
2023-12-27 22:58:07,531.0,23.0,33.59
2023-12-27 23:08:09,527.0,23.0,33.59
2023-12-27 23:17:55,534.0,23.0,33.59
2023-12-27 23:28:14,518.0,23.0,33.59
2023-12-27 23:38:16,486.0,23.0,33.59
2023-12-27 23:48:18,499.0,23.0,33.59
2023-12-27 23:58:21,496.0,23.0,33.59
2023-12-28 00:08:07,486.0,23.0,33.59
2023-12-28 00:18:26,519.0,23.0,33.59
2023-12-28 00:28:27,430.0,23.0,33.59
2023-12-28 00:38:29,459.0,23.0,33.59
2023-12-28 00:48:32,444.0,23.0,33.59
2023-12-28 00:58:34,489.0,23.1,33.98
2023-12-28 01:08:37,475.0,23.0,33.98
2023-12-28 01:18:39,501.0,22.9,33.98
2023-12-28 01:28:41,472.0,23.0,33.98
2023-12-28 01:38:44,524.0,22.9,33.98
2023-12-28 01:48:30,501.0,22.9,33.98
2023-12-28 01:58:33,529.0,22.9,33.98
2023-12-28 02:08:51,527.0,23.0,33.98
2023-12-28 02:18:53,465.0,23.0,33.98
2023-12-28 02:28:55,467.0,22.9,33.98
2023-12-28 02:38:57,511.0,22.9,33.98
2023-12-28 02:48:59,478.0,22.9,33.98
2023-12-28 02:59:02,472.0,23.1,33.98
2023-12-28 03:09:04,489.0,23.0,33.98
2023-12-28 03:19:06,481.0,23.0,33.98
2023-12-28 03:29:09,454.0,22.9,33.98
2023-12-28 03:39:11,508.0,23.0,33.98
2023-12-28 03:49:14,472.0,22.9,33.98
2023-12-28 03:59:16,495.0,23.0,33.98
2023-12-28 04:09:18,453.0,23.0,33.98
2023-12-28 04:19:21,437.0,23.0,33.98
2023-12-28 04:29:23,421.0,23.0,33.98
2023-12-28 04:38:54,421.0,23.0,33.98
2023-12-28 04:49:04,492.0,23.0,33.98
2023-12-28 04:59:20,502.0,22.9,33.98
2023-12-28 05:09:36,454.0,23.0,33.98
2023-12-28 05:19:36,505.0,22.9,33.98
2023-12-28 05:29:23,471.0,23.0,33.98
2023-12-28 05:39:41,485.0,22.9,33.98
2023-12-28 05:49:43,503.0,23.0,33.98
2023-12-28 05:59:46,467.0,22.9,33.98
2023-12-28 06:09:48,474.0,22.9,33.98
2023-12-28 06:19:51,418.0,23.0,34.38
2023-12-28 06:29:36,410.0,23.0,34.38
2023-12-28 06:39:54,472.0,22.9,34.38
2023-12-28 06:49:57,485.0,22.9,34.38
2023-12-28 06:59:59,477.0,23.0,34.38
2023-12-28 07:10:01,495.0,23.0,34.38
2023-12-28 07:20:04,458.0,23.0,34.38
2023-12-28 07:29:50,498.0,22.9,34.38
2023-12-28 07:40:09,453.0,23.0,34.77
2023-12-28 07:50:11,462.0,23.0,34.77
2023-12-28 08:00:13,488.0,23.0,34.77
2023-12-28 08:10:16,505.0,23.0,34.77
2023-12-28 08:20:18,493.0,22.9,34.77
2023-12-28 08:30:21,510.0,23.0,34.77
2023-12-28 08:40:23,521.0,22.9,34.77
2023-12-28 08:50:25,474.0,22.9,34.77
2023-12-28 09:00:28,471.0,22.9,34.77
2023-12-28 09:10:30,474.0,22.9,35.16
2023-12-28 09:20:33,493.0,22.9,34.77
2023-12-28 09:30:35,477.0,23.0,35.16
2023-12-28 09:40:37,456.0,23.0,35.16
2023-12-28 09:50:24,526.0,22.9,35.16
2023-12-28 10:00:42,472.0,22.9,35.16
2023-12-28 10:10:45,513.0,22.9,35.16
2023-12-28 10:20:47,521.0,23.0,35.16
2023-12-28 10:30:48,475.0,23.0,35.16
2023-12-28 10:40:51,484.0,23.0,35.16
2023-12-28 10:50:53,445.0,22.9,35.16
2023-12-28 11:00:55,480.0,23.0,35.16
2023-12-28 11:10:26,480.0,23.0,35.16
2023-12-28 11:20:36,459.0,22.9,35.55
2023-12-28 11:30:52,446.0,23.0,35.16
2023-12-28 11:41:08,435.0,22.9,35.55
2023-12-28 11:51:08,438.0,22.9,35.55
2023-12-28 12:01:11,438.0,22.9,35.55
2023-12-28 12:11:13,484.0,22.9,35.55
2023-12-28 12:21:16,505.0,22.9,35.55
2023-12-28 12:31:17,502.0,22.9,35.55
2023-12-28 12:41:19,562.0,22.9,35.55
2023-12-28 12:51:22,489.0,22.9,35.55
2023-12-28 13:01:24,457.0,22.9,35.55
2023-12-28 13:11:26,465.0,22.9,35.55
2023-12-28 13:21:29,492.0,22.9,35.55
2023-12-28 13:31:31,470.0,22.9,35.55
2023-12-28 13:41:34,479.0,22.9,35.55
2023-12-28 13:51:36,447.0,22.9,35.55
2023-12-28 14:01:38,489.0,22.9,35.94
2023-12-28 14:11:41,491.0,22.8,35.94
2023-12-28 14:21:43,425.0,22.8,35.94
2023-12-28 14:31:46,447.0,23.0,35.94
2023-12-28 14:41:48,425.0,22.8,35.94
2023-12-28 14:51:50,479.0,22.8,35.94
2023-12-28 15:01:53,457.0,22.9,35.94
2023-12-28 15:11:55,511.0,22.8,35.94
2023-12-28 15:21:58,509.0,22.9,35.94
2023-12-28 15:32:00,489.0,22.9,35.94
2023-12-28 15:42:02,497.0,22.8,35.94
2023-12-28 15:52:05,499.0,22.9,35.94
2023-12-28 16:02:07,512.0,22.8,35.94
2023-12-28 16:11:54,452.0,22.8,35.94
2023-12-28 16:22:12,474.0,22.9,35.94
2023-12-28 16:32:13,492.0,22.9,35.94
2023-12-28 16:42:16,495.0,22.9,35.94
2023-12-28 16:52:18,453.0,22.9,35.94
2023-12-28 17:02:20,520.0,22.9,35.94
2023-12-28 17:12:23,528.0,22.9,35.94
2023-12-28 17:22:25,462.0,22.9,35.94
2023-12-28 17:32:28,500.0,23.0,35.94
2023-12-28 17:41:58,500.0,23.0,35.94
2023-12-28 17:52:08,493.0,22.9,35.94
2023-12-28 18:02:24,512.0,22.9,35.94
2023-12-28 18:12:40,435.0,23.0,35.94
2023-12-28 18:22:41,540.0,22.9,35.94
2023-12-28 18:32:44,475.0,23.0,35.94
2023-12-28 18:42:29,502.0,23.0,35.94
2023-12-28 18:52:48,467.0,22.9,35.94
2023-12-28 19:02:50,520.0,23.0,35.94
2023-12-28 19:12:53,464.0,23.0,35.94
2023-12-28 19:22:39,472.0,23.0,35.94
2023-12-28 19:32:41,493.0,23.0,35.94
2023-12-28 19:43:00,493.0,23.0,35.94
2023-12-28 19:53:02,501.0,23.0,35.94
2023-12-28 20:03:04,449.0,23.0,35.94
2023-12-28 20:13:07,539.0,23.0,35.94
2023-12-28 20:23:09,454.0,23.0,35.94
2023-12-28 20:33:12,519.0,23.0,35.94
2023-12-28 20:43:14,489.0,23.0,35.94
2023-12-28 20:53:16,527.0,23.0,35.94
2023-12-28 21:03:19,486.0,23.0,35.94
2023-12-28 21:13:21,481.0,23.1,35.94
2023-12-28 21:23:24,475.0,23.0,35.94
2023-12-28 21:33:26,506.0,23.0,35.94
2023-12-28 21:43:28,486.0,23.1,35.94
2023-12-28 21:53:31,503.0,23.0,35.94
2023-12-28 22:03:33,459.0,23.1,35.94
2023-12-28 22:13:36,514.0,23.0,35.94
2023-12-28 22:23:38,472.0,23.0,35.94
2023-12-28 22:33:39,499.0,23.0,35.94
2023-12-28 22:43:42,431.0,23.0,36.33
2023-12-28 22:53:44,504.0,23.0,36.33
2023-12-28 23:03:46,459.0,23.0,35.94
2023-12-28 23:13:49,501.0,23.1,36.33
2023-12-28 23:23:51,510.0,23.0,35.94
2023-12-28 23:33:54,461.0,23.1,35.94
2023-12-28 23:43:56,487.0,23.1,35.94
2023-12-28 23:53:59,469.0,23.1,35.94
2023-12-29 00:04:01,523.0,23.0,36.33
2023-12-29 00:13:31,523.0,23.0,36.33
2023-12-29 00:23:42,492.0,23.1,36.33
2023-12-29 00:33:58,487.0,23.0,36.33
2023-12-29 00:44:14,448.0,23.1,36.33
2023-12-29 00:54:14,494.0,23.1,36.33
2023-12-29 01:04:16,474.0,23.1,36.33
2023-12-29 01:14:19,460.0,23.0,36.33
2023-12-29 01:24:21,445.0,23.1,36.33
2023-12-29 01:34:23,505.0,23.1,36.33
2023-12-29 01:44:26,474.0,23.1,36.33
2023-12-29 01:54:28,469.0,23.1,36.33
2023-12-29 02:04:31,495.0,23.1,36.33
2023-12-29 02:14:33,500.0,23.1,36.33
2023-12-29 02:24:37,497.0,23.1,36.33
2023-12-29 02:34:37,451.0,23.1,36.33
2023-12-29 02:44:39,500.0,23.0,36.33
2023-12-29 02:54:41,468.0,23.1,36.33
2023-12-29 03:04:44,486.0,23.1,36.33
2023-12-29 03:14:46,473.0,23.2,36.33
2023-12-29 03:24:49,473.0,23.2,36.33
2023-12-29 03:34:51,505.0,23.1,36.33
2023-12-29 03:44:53,477.0,23.1,36.33
2023-12-29 03:54:58,445.0,23.1,36.33
2023-12-29 04:04:44,479.0,23.1,36.33
2023-12-29 04:15:03,476.0,23.1,36.33
2023-12-29 04:25:05,507.0,23.1,36.33
2023-12-29 04:35:08,474.0,23.1,36.33
2023-12-29 04:45:10,468.0,23.1,36.33
2023-12-29 04:55:12,497.0,23.1,36.33
2023-12-29 05:04:59,538.0,23.1,36.33
2023-12-29 05:15:17,512.0,23.1,36.33
2023-12-29 05:25:20,492.0,23.1,36.33
2023-12-29 05:35:22,504.0,23.1,36.33
2023-12-29 05:45:24,458.0,23.2,36.33
2023-12-29 05:55:27,525.0,23.1,36.33
2023-12-29 06:05:29,497.0,23.2,36.33
2023-12-29 06:15:32,447.0,23.1,36.33
2023-12-29 06:25:34,505.0,23.1,36.33
2023-12-29 06:35:35,487.0,23.1,36.33
2023-12-29 06:45:06,487.0,23.1,36.33
2023-12-29 06:55:16,460.0,23.2,36.33
2023-12-29 07:05:32,528.0,23.1,36.33
2023-12-29 07:15:48,450.0,23.1,36.33
2023-12-29 07:25:48,487.0,23.1,36.72
2023-12-29 07:35:35,532.0,23.1,36.72
2023-12-29 07:45:37,468.0,23.1,36.72
2023-12-29 07:55:55,461.0,23.1,36.72
2023-12-29 08:05:58,474.0,23.1,36.72
2023-12-29 08:16:00,530.0,23.1,36.72
2023-12-29 08:26:03,530.0,23.1,36.72
2023-12-29 08:36:04,500.0,23.1,36.72
2023-12-29 08:45:50,510.0,23.1,36.72
2023-12-29 08:55:53,456.0,23.1,36.72
2023-12-29 09:06:11,456.0,23.1,36.72
2023-12-29 09:16:13,432.0,23.2,36.72
2023-12-29 09:26:16,461.0,23.1,36.72
2023-12-29 09:36:18,431.0,23.1,36.72
2023-12-29 09:46:21,510.0,23.1,36.72
2023-12-29 09:56:23,482.0,23.1,36.72
2023-12-29 10:06:25,447.0,23.1,36.72
2023-12-29 10:16:28,505.0,23.1,36.72
2023-12-29 10:26:30,494.0,23.1,36.33
2023-12-29 10:36:32,550.0,23.1,36.33
2023-12-29 10:46:35,474.0,23.1,36.33
2023-12-29 10:56:37,466.0,23.2,36.33
2023-12-29 11:06:40,496.0,23.1,36.33
2023-12-29 11:16:42,514.0,23.2,36.72
2023-12-29 11:26:44,540.0,23.1,36.33
2023-12-29 11:36:47,512.0,23.1,36.33
2023-12-29 11:46:33,504.0,23.2,36.33
2023-12-29 11:56:52,482.0,23.2,36.33
2023-12-29 12:06:54,504.0,23.2,36.33
2023-12-29 12:16:56,492.0,23.1,36.33
2023-12-29 12:26:59,434.0,23.1,36.33
2023-12-29 12:37:01,512.0,23.1,36.33
2023-12-29 12:47:04,507.0,23.1,36.33
2023-12-29 12:57:06,515.0,23.1,36.33
2023-12-29 13:07:08,458.0,23.2,36.33
2023-12-29 13:16:39,458.0,23.2,36.33
2023-12-29 13:26:50,500.0,23.1,36.33
2023-12-29 13:37:05,530.0,23.1,36.33
2023-12-29 13:47:21,495.0,23.1,36.33
2023-12-29 13:57:05,500.0,23.1,36.33
2023-12-29 14:07:24,487.0,23.1,36.33
2023-12-29 14:17:26,484.0,23.1,36.33
2023-12-29 14:27:29,492.0,23.2,36.33
2023-12-29 14:37:30,525.0,23.1,36.33
2023-12-29 14:47:32,515.0,23.2,36.33
2023-12-29 14:57:35,484.0,23.1,36.33
2023-12-29 15:07:37,514.0,23.1,36.33
2023-12-29 15:17:39,505.0,23.1,36.33
2023-12-29 15:27:42,540.0,23.1,36.33
2023-12-29 15:37:44,469.0,23.1,36.33
2023-12-29 15:47:47,514.0,23.1,36.33
2023-12-29 15:57:49,532.0,23.1,36.33
2023-12-29 16:07:51,552.0,23.1,36.33
2023-12-29 16:17:38,490.0,23.1,36.33
2023-12-29 16:27:56,484.0,23.1,36.33
2023-12-29 16:37:57,530.0,23.1,36.33
2023-12-29 16:48:00,502.0,23.1,36.33
2023-12-29 16:58:02,497.0,23.1,36.33
2023-12-29 17:08:05,490.0,23.1,36.33
2023-12-29 17:18:07,492.0,23.1,36.33
2023-12-29 17:28:09,473.0,23.1,36.33
2023-12-29 17:38:12,512.0,23.1,35.94
2023-12-29 17:48:14,505.0,23.1,36.33
2023-12-29 17:58:17,515.0,23.1,36.33
2023-12-29 18:08:19,482.0,23.1,36.33
2023-12-29 18:18:05,504.0,23.1,36.33
2023-12-29 18:28:24,532.0,23.1,36.33
2023-12-29 18:38:25,519.0,23.1,36.33
2023-12-29 18:48:27,524.0,23.1,36.33
2023-12-29 18:58:30,537.0,23.0,36.33
2023-12-29 19:08:32,521.0,23.0,36.33
2023-12-29 19:18:35,560.0,23.1,36.33
2023-12-29 19:28:37,487.0,23.1,36.33
2023-12-29 19:38:39,522.0,23.1,36.33
2023-12-29 19:48:10,522.0,23.1,36.33
2023-12-29 19:58:20,535.0,23.1,36.33
2023-12-29 20:08:36,421.0,23.1,36.33
2023-12-29 20:18:52,512.0,23.0,36.33
2023-12-29 20:28:52,468.0,23.1,36.33
2023-12-29 20:38:55,533.0,23.1,36.33
2023-12-29 20:48:57,490.0,23.0,36.33
2023-12-29 20:59:00,487.0,23.1,36.33
2023-12-29 21:09:02,497.0,23.1,35.94
2023-12-29 21:19:04,497.0,23.1,36.33
2023-12-29 21:29:07,519.0,23.1,35.94
2023-12-29 21:39:09,530.0,23.1,35.94
2023-12-29 21:48:56,547.0,23.1,36.33
2023-12-29 21:59:14,494.0,23.1,36.33
2023-12-29 22:09:16,474.0,23.1,35.94
2023-12-29 22:19:19,532.0,23.1,35.94
2023-12-29 22:29:21,504.0,23.1,36.33
2023-12-29 22:39:08,532.0,23.1,35.94
2023-12-29 22:49:26,535.0,23.1,36.33
2023-12-29 22:59:28,487.0,23.1,35.94
2023-12-29 23:09:31,477.0,23.1,35.94
2023-12-29 23:19:33,448.0,23.1,35.94
2023-12-29 23:29:36,510.0,23.1,35.94
2023-12-29 23:39:38,540.0,23.1,35.94
2023-12-29 23:49:40,501.0,23.1,35.94
2023-12-29 23:59:43,515.0,23.2,35.94
2023-12-30 00:09:45,511.0,23.1,35.94
2023-12-30 00:19:48,485.0,23.1,35.94
2023-12-30 00:29:50,523.0,23.1,35.94
2023-12-30 00:39:51,493.0,23.1,35.94
2023-12-30 00:49:54,516.0,23.1,35.94
2023-12-30 00:59:40,503.0,23.2,35.94
2023-12-30 01:09:58,541.0,23.1,35.94
2023-12-30 01:20:01,523.0,23.1,35.94
2023-12-30 01:30:03,501.0,23.2,35.94
2023-12-30 01:40:06,456.0,23.1,35.94
2023-12-30 01:50:08,539.0,23.1,35.94
2023-12-30 02:00:10,520.0,23.2,35.94
2023-12-30 02:10:13,487.0,23.2,35.94
2023-12-30 02:19:43,487.0,23.2,35.94
2023-12-30 02:29:53,487.0,23.1,35.94
2023-12-30 02:40:09,459.0,23.1,35.94
2023-12-30 02:50:26,529.0,23.1,35.94
2023-12-30 03:00:26,501.0,23.1,35.94
2023-12-30 03:10:28,495.0,23.1,35.94
2023-12-30 03:20:30,553.0,23.2,35.94
2023-12-30 03:30:33,523.0,23.1,35.94
2023-12-30 03:40:35,480.0,23.2,35.94
2023-12-30 03:50:38,425.0,23.2,35.94
2023-12-30 04:00:40,511.0,23.1,35.94
2023-12-30 04:10:42,539.0,23.2,35.94
2023-12-30 04:20:45,488.0,23.2,35.94
2023-12-30 04:30:47,496.0,23.3,35.94
2023-12-30 04:40:50,495.0,23.2,35.94
2023-12-30 04:50:52,470.0,23.1,35.94
2023-12-30 05:00:54,536.0,23.2,35.94
2023-12-30 05:10:57,515.0,23.2,35.94
2023-12-30 05:20:43,487.0,23.1,35.94
2023-12-30 05:31:02,452.0,23.1,35.94
2023-12-30 05:41:04,511.0,23.1,35.94
2023-12-30 05:51:06,551.0,23.2,35.94
2023-12-30 06:01:09,541.0,23.2,35.94
2023-12-30 06:11:11,515.0,23.2,35.94
2023-12-30 06:21:14,469.0,23.2,35.94
2023-12-30 06:31:16,461.0,23.2,35.94
2023-12-30 06:41:17,469.0,23.1,35.94
2023-12-30 06:51:20,533.0,23.2,35.94
2023-12-30 07:01:22,491.0,23.1,35.94
2023-12-30 07:11:24,506.0,23.1,35.94
2023-12-30 07:21:11,458.0,23.2,35.94
2023-12-30 07:31:13,478.0,23.1,35.94
2023-12-30 07:41:32,539.0,23.1,35.94
2023-12-30 07:51:34,516.0,23.2,35.94
2023-12-30 08:01:36,465.0,23.1,35.94
2023-12-30 08:11:39,473.0,23.1,35.94
2023-12-30 08:21:41,487.0,23.1,35.94
2023-12-30 08:31:44,519.0,23.1,35.94
2023-12-30 08:41:45,520.0,23.1,35.94
2023-12-30 08:51:15,520.0,23.1,35.94
2023-12-30 09:01:25,502.0,23.2,35.94
2023-12-30 09:11:42,512.0,23.1,35.94
2023-12-30 09:21:58,500.0,23.1,35.94
2023-12-30 09:31:58,476.0,23.2,35.94
2023-12-30 09:42:00,500.0,23.1,35.55
2023-12-30 09:52:03,510.0,23.2,35.94
2023-12-30 10:02:05,515.0,23.1,35.94
2023-12-30 10:12:07,519.0,23.1,35.94
2023-12-30 10:22:10,470.0,23.1,35.55
2023-12-30 10:32:12,507.0,23.1,35.55
2023-12-30 10:41:59,479.0,23.1,35.55
2023-12-30 10:52:17,468.0,23.1,35.55
2023-12-30 11:02:19,464.0,23.1,35.94
2023-12-30 11:12:22,460.0,23.1,35.55
2023-12-30 11:22:24,552.0,23.2,35.55
2023-12-30 11:32:27,528.0,23.1,35.55
2023-12-30 11:42:29,515.0,23.1,35.55
2023-12-30 11:52:31,474.0,23.1,35.55
2023-12-30 12:02:34,544.0,23.2,35.55
2023-12-30 12:12:36,482.0,23.2,35.55
2023-12-30 12:22:39,520.0,23.1,35.55
2023-12-30 12:32:41,490.0,23.1,35.55
2023-12-30 12:42:42,502.0,23.1,35.55
2023-12-30 12:52:45,494.0,23.2,35.55
2023-12-30 13:02:47,520.0,23.1,35.55
2023-12-30 13:12:49,523.0,23.1,35.55
2023-12-30 13:22:52,460.0,23.1,35.55
2023-12-30 13:32:54,487.0,23.1,35.55
2023-12-30 13:42:57,520.0,23.1,35.55
2023-12-30 13:52:59,476.0,23.1,35.55
2023-12-30 14:03:01,507.0,23.1,35.55
2023-12-30 14:13:04,500.0,23.2,35.55
2023-12-30 14:23:06,492.0,23.1,35.55
2023-12-30 14:33:09,500.0,23.1,35.55
2023-12-30 14:43:11,510.0,23.1,35.55
2023-12-30 14:53:13,497.0,23.1,35.55
2023-12-30 15:03:16,540.0,23.1,35.55
2023-12-30 15:13:18,505.0,23.2,35.55
2023-12-30 15:22:49,505.0,23.2,35.55
2023-12-30 15:32:59,542.0,23.1,35.55
2023-12-30 15:43:15,504.0,23.1,35.55
2023-12-30 15:53:31,542.0,23.1,35.55
2023-12-30 16:03:31,510.0,23.1,35.55
2023-12-30 16:13:34,468.0,23.1,35.55
2023-12-30 16:23:20,533.0,23.1,35.55
2023-12-30 16:33:38,512.0,23.1,35.55
2023-12-30 16:43:41,519.0,23.1,35.55
2023-12-30 16:53:43,514.0,23.1,35.55
2023-12-30 17:03:46,523.0,23.1,35.55
2023-12-30 17:13:32,512.0,23.1,35.55
2023-12-30 17:23:50,504.0,23.1,35.55
2023-12-30 17:33:53,587.0,23.1,35.55
2023-12-30 17:43:55,490.0,23.1,35.55
2023-12-30 17:53:57,507.0,23.1,35.55
2023-12-30 18:04:00,550.0,23.1,35.16
2023-12-30 18:14:02,515.0,23.0,35.55
2023-12-30 18:24:05,487.0,23.0,35.55
2023-12-30 18:34:07,456.0,23.1,35.16
2023-12-30 18:44:08,492.0,23.1,35.16
2023-12-30 18:54:11,548.0,23.1,35.16
2023-12-30 19:04:13,468.0,23.1,35.16
2023-12-30 19:14:15,532.0,23.0,35.16
2023-12-30 19:24:18,542.0,23.1,35.16
2023-12-30 19:34:04,486.0,23.0,35.16
2023-12-30 19:44:07,504.0,23.0,35.16
2023-12-30 19:54:25,490.0,23.1,35.16
2023-12-30 20:04:27,500.0,23.1,35.16
2023-12-30 20:14:14,474.0,23.1,35.16
2023-12-30 20:24:16,538.0,23.1,35.16
2023-12-30 20:34:35,487.0,23.1,35.16
2023-12-30 20:44:37,484.0,23.1,35.16
2023-12-30 20:54:39,476.0,23.1,35.16
2023-12-30 21:04:42,520.0,23.1,35.16
2023-12-30 21:14:44,451.0,23.1,35.16
2023-12-30 21:24:31,528.0,23.1,35.16
2023-12-30 21:34:33,500.0,23.1,35.16
2023-12-30 21:44:51,502.0,23.1,34.77
2023-12-30 21:54:22,502.0,23.1,34.77
2023-12-30 22:04:32,568.0,23.2,35.16
2023-12-30 22:14:48,528.0,23.1,35.16
2023-12-30 22:25:04,476.0,23.1,35.16
2023-12-30 22:35:04,519.0,23.1,35.16
2023-12-30 22:45:07,484.0,23.1,35.16
2023-12-30 22:55:09,547.0,23.1,35.16
2023-12-30 23:05:12,500.0,23.1,35.16
2023-12-30 23:15:14,473.0,23.1,35.16
2023-12-30 23:25:16,494.0,23.1,35.16
2023-12-30 23:35:03,458.0,23.1,34.77
2023-12-30 23:45:21,442.0,23.1,35.16
2023-12-30 23:55:24,494.0,23.1,35.16
2023-12-31 00:05:26,515.0,23.1,34.77
2023-12-31 00:15:28,508.0,23.1,34.77
2023-12-31 00:25:31,520.0,23.1,34.77
2023-12-31 00:35:33,524.0,23.2,34.77
2023-12-31 00:45:34,495.0,23.2,34.77
2023-12-31 00:55:37,531.0,23.2,34.77
2023-12-31 01:05:39,501.0,23.1,34.77
2023-12-31 01:15:42,520.0,23.1,34.77
2023-12-31 01:25:44,493.0,23.2,35.16
2023-12-31 01:35:46,506.0,23.1,34.77
2023-12-31 01:45:49,521.0,23.2,35.16
2023-12-31 01:55:35,521.0,23.2,34.77
2023-12-31 02:05:54,461.0,23.2,34.77
2023-12-31 02:15:56,485.0,23.2,34.77
2023-12-31 02:25:58,520.0,23.2,34.77
2023-12-31 02:36:01,557.0,23.2,34.77
2023-12-31 02:46:03,508.0,23.2,34.77
2023-12-31 02:56:06,561.0,23.2,34.77
2023-12-31 03:06:08,474.0,23.2,34.77
2023-12-31 03:16:10,531.0,23.2,34.77
2023-12-31 03:26:13,498.0,23.2,34.77
2023-12-31 03:36:15,537.0,23.2,34.77
2023-12-31 03:46:18,487.0,23.2,34.77
2023-12-31 03:56:20,549.0,23.2,34.77
2023-12-31 04:06:22,517.0,23.3,34.77
2023-12-31 04:16:25,494.0,23.3,34.77
2023-12-31 04:25:56,494.0,23.3,34.77
2023-12-31 04:36:05,499.0,23.2,34.77
2023-12-31 04:46:22,488.0,23.3,34.77
2023-12-31 04:56:38,552.0,23.3,34.77
2023-12-31 05:06:38,499.0,23.4,34.77
2023-12-31 05:16:40,502.0,23.3,34.77
2023-12-31 05:26:43,527.0,23.3,34.77
2023-12-31 05:36:45,479.0,23.3,34.77
2023-12-31 05:46:47,542.0,23.3,34.77
2023-12-31 05:56:50,512.0,23.3,34.77
2023-12-31 06:06:52,516.0,23.2,34.77
2023-12-31 06:16:55,468.0,23.3,34.77
2023-12-31 06:26:41,479.0,23.2,34.77
2023-12-31 06:36:43,517.0,23.3,34.77
2023-12-31 06:47:02,506.0,23.2,35.16
2023-12-31 06:57:04,530.0,23.2,34.77
2023-12-31 07:07:06,552.0,23.2,34.77
2023-12-31 07:17:09,512.0,23.2,35.16
2023-12-31 07:27:11,537.0,23.2,35.16
2023-12-31 07:37:14,534.0,23.3,35.16
2023-12-31 07:47:16,489.0,23.3,35.16
2023-12-31 07:57:18,506.0,23.3,35.16
2023-12-31 08:07:21,527.0,23.2,35.16
2023-12-31 08:17:23,549.0,23.2,35.16
2023-12-31 08:27:26,583.0,23.3,35.16
2023-12-31 08:47:30,532.0,23.2,35.16
2023-12-31 08:57:33,458.0,23.2,35.16
2023-12-31 09:07:35,499.0,23.3,35.16
2023-12-31 09:17:38,487.0,23.3,35.16
2023-12-31 09:27:40,499.0,23.3,35.16
2023-12-31 09:37:42,525.0,23.2,35.16
2023-12-31 09:47:45,494.0,23.2,35.55
2023-12-31 09:57:47,507.0,23.2,35.16
2023-12-31 10:07:50,479.0,23.2,35.16
2023-12-31 10:17:52,527.0,23.2,35.16
2023-12-31 10:27:54,526.0,23.3,35.55
2023-12-31 10:37:57,540.0,23.3,35.55
2023-12-31 10:47:59,512.0,23.3,35.55
2023-12-31 10:57:28,512.0,23.3,35.55
2023-12-31 11:07:39,497.0,23.3,35.55
2023-12-31 11:17:55,489.0,23.3,35.55
2023-12-31 11:28:11,545.0,23.3,35.55
2023-12-31 11:37:55,516.0,23.3,35.55
2023-12-31 11:48:13,507.0,23.4,35.55
2023-12-31 11:58:16,515.0,23.3,35.55
2023-12-31 12:08:18,484.0,23.2,35.55
2023-12-31 12:18:21,494.0,23.2,35.55
2023-12-31 12:28:23,486.0,23.3,35.55
2023-12-31 12:38:25,507.0,23.3,35.55
2023-12-31 12:48:28,474.0,23.3,35.55
2023-12-31 12:58:30,471.0,23.3,35.55
2023-12-31 13:08:33,476.0,23.2,35.55
2023-12-31 13:18:35,478.0,23.3,35.55
2023-12-31 13:28:37,530.0,23.2,35.55
2023-12-31 13:38:40,486.0,23.3,35.55
2023-12-31 13:48:26,522.0,23.2,35.55
2023-12-31 13:58:45,555.0,23.2,35.55
2023-12-31 14:08:47,532.0,23.2,35.55
2023-12-31 14:18:49,537.0,23.2,35.55
2023-12-31 14:28:52,487.0,23.3,35.55
2023-12-31 14:38:54,549.0,23.3,35.55
2023-12-31 14:48:57,514.0,23.3,35.55
2023-12-31 14:58:59,537.0,23.2,35.55
2023-12-31 15:09:01,543.0,23.2,35.55
2023-12-31 15:19:04,504.0,23.3,35.55
2023-12-31 15:29:06,498.0,23.2,35.94
2023-12-31 15:39:09,551.0,23.2,35.55
2023-12-31 15:49:11,506.0,23.3,35.55
2023-12-31 15:59:13,506.0,23.2,35.55
2023-12-31 16:09:16,505.0,23.3,35.55
2023-12-31 16:19:18,553.0,23.3,35.55
2023-12-31 16:29:21,502.0,23.3,35.55
2023-12-31 16:39:23,541.0,23.3,35.55
2023-12-31 16:49:25,513.0,23.2,35.55
2023-12-31 16:59:27,533.0,23.2,35.55
2023-12-31 17:09:29,554.0,23.2,35.94
2023-12-31 17:19:31,452.0,23.3,35.94
2023-12-31 17:29:02,452.0,23.3,35.94
2023-12-31 17:39:12,539.0,23.2,35.94
2023-12-31 17:49:28,515.0,23.3,35.94
2023-12-31 17:59:44,580.0,23.3,35.94
2023-12-31 18:09:44,521.0,23.2,35.94
2023-12-31 18:19:31,549.0,23.3,35.94
2023-12-31 18:29:49,548.0,23.2,35.94
2023-12-31 18:39:52,523.0,23.2,35.94
2023-12-31 18:49:54,520.0,23.3,35.94
2023-12-31 18:59:56,521.0,23.3,35.94
2023-12-31 19:09:59,505.0,23.3,35.94
2023-12-31 19:20:01,483.0,23.2,35.94
2023-12-31 19:30:04,542.0,23.3,35.94
2023-12-31 19:39:50,521.0,23.2,35.94
2023-12-31 19:50:08,540.0,23.2,35.55
2023-12-31 20:00:11,542.0,23.2,35.94
2023-12-31 20:10:13,549.0,23.3,35.94
2023-12-31 20:20:15,486.0,23.2,35.94
2023-12-31 20:30:18,527.0,23.3,35.94
2023-12-31 20:40:20,532.0,23.2,35.94
2023-12-31 20:50:23,530.0,23.2,35.94
2023-12-31 21:00:25,524.0,23.3,35.94
2023-12-31 21:10:11,488.0,23.2,35.55
2023-12-31 21:20:30,502.0,23.3,35.94
2023-12-31 21:30:32,525.0,23.3,35.94
2023-12-31 21:40:35,476.0,23.3,35.55
2023-12-31 21:50:37,504.0,23.2,35.94
2023-12-31 22:00:39,452.0,23.2,35.55
2023-12-31 22:10:42,524.0,23.3,35.94
2023-12-31 22:20:44,514.0,23.4,35.55
2023-12-31 22:30:47,512.0,23.3,35.55
2023-12-31 22:40:49,514.0,23.3,35.55
2023-12-31 22:50:51,521.0,23.3,35.55
2023-12-31 23:00:54,567.0,23.2,35.55
2023-12-31 23:10:56,524.0,23.2,35.55
2023-12-31 23:20:59,525.0,23.2,35.55
2023-12-31 23:31:01,534.0,23.2,35.55
2023-12-31 23:41:03,502.0,23.2,35.55
2023-12-31 23:51:06,496.0,23.2,35.55
2024-01-01 00:00:36,496.0,23.2,35.55
2024-01-01 00:10:46,460.0,23.3,35.55
2024-01-01 00:21:03,506.0,23.4,35.94
2024-01-01 00:31:19,527.0,23.2,35.55
2024-01-01 00:41:03,488.0,23.3,35.55
2024-01-01 00:51:21,504.0,23.2,35.94
2024-01-01 01:01:22,478.0,23.3,35.55
2024-01-01 01:11:25,516.0,23.3,35.94
2024-01-01 01:21:27,521.0,23.3,35.55
2024-01-01 01:31:30,487.0,23.2,35.55
2024-01-01 01:41:32,503.0,23.3,35.94
2024-01-01 01:51:34,539.0,23.2,35.94
2024-01-01 02:01:37,526.0,23.2,35.94
2024-01-01 02:11:39,526.0,23.2,35.94
2024-01-01 02:21:42,501.0,23.2,35.94
2024-01-01 02:31:44,501.0,23.2,35.94
2024-01-01 02:41:46,493.0,23.2,35.94
2024-01-01 02:51:49,526.0,23.2,35.94
2024-01-01 03:01:51,478.0,23.1,35.94
2024-01-01 03:11:54,543.0,23.2,35.94
2024-01-01 03:21:56,498.0,23.2,35.94
2024-01-01 03:31:58,491.0,23.2,35.94
2024-01-01 03:42:01,487.0,23.2,35.94
2024-01-01 03:51:47,498.0,23.1,35.94
2024-01-01 04:01:50,531.0,23.1,35.94
2024-01-01 04:12:08,508.0,23.1,35.94
2024-01-01 04:22:10,543.0,23.1,35.94
2024-01-01 04:32:13,511.0,23.2,35.94
2024-01-01 04:42:15,541.0,23.1,35.94
2024-01-01 04:52:02,516.0,23.2,35.94
2024-01-01 05:02:20,520.0,23.2,35.94
2024-01-01 05:12:22,511.0,23.1,35.94
2024-01-01 05:22:25,523.0,23.3,35.94
2024-01-01 05:32:27,506.0,23.3,35.94
2024-01-01 05:42:30,511.0,23.1,35.94
2024-01-01 05:52:32,521.0,23.1,35.94
2024-01-01 06:02:34,457.0,23.1,35.94
2024-01-01 06:12:37,506.0,23.1,35.94
2024-01-01 06:22:39,488.0,23.1,35.94
2024-01-01 06:32:09,488.0,23.1,35.94
2024-01-01 06:42:20,540.0,23.1,35.94
2024-01-01 06:52:36,490.0,23.1,35.94
2024-01-01 07:02:52,528.0,23.1,35.94
2024-01-01 07:12:52,473.0,23.1,35.94
2024-01-01 07:22:54,492.0,23.1,36.33
2024-01-01 07:32:57,533.0,23.1,36.33
2024-01-01 07:42:59,514.0,23.1,36.33
2024-01-01 07:53:02,497.0,23.1,36.33
2024-01-01 08:03:04,530.0,23.2,36.33
2024-01-01 08:13:06,450.0,23.1,36.33
2024-01-01 08:22:53,510.0,23.1,36.33
2024-01-01 08:33:11,520.0,23.1,36.33
2024-01-01 08:43:14,515.0,23.1,35.94
2024-01-01 08:53:16,540.0,23.1,36.33
2024-01-01 09:03:17,473.0,23.1,36.33
2024-01-01 09:13:20,492.0,23.1,36.33
2024-01-01 09:23:06,587.0,23.1,36.33
2024-01-01 09:33:24,502.0,23.1,36.33
2024-01-01 09:43:27,510.0,23.1,36.33
2024-01-01 09:53:29,487.0,23.1,36.33
2024-01-01 10:03:32,500.0,23.1,36.33
2024-01-01 10:13:34,505.0,23.1,36.33
2024-01-01 10:23:36,565.0,23.1,36.33
2024-01-01 10:33:39,515.0,23.1,36.33
2024-01-01 10:43:41,538.0,23.1,36.33
2024-01-01 10:53:44,507.0,23.2,36.33
2024-01-01 11:03:45,507.0,23.1,36.33
2024-01-01 11:13:47,497.0,23.1,36.33
2024-01-01 11:23:50,574.0,23.2,36.33
2024-01-01 11:33:36,490.0,23.1,36.33
2024-01-01 11:43:38,507.0,23.1,36.33
2024-01-01 11:53:57,431.0,23.1,36.33
2024-01-01 12:03:59,565.0,23.1,36.33
2024-01-01 12:14:02,548.0,23.1,36.33
2024-01-01 12:24:04,548.0,23.1,36.33
2024-01-01 12:34:06,532.0,23.1,36.33
2024-01-01 12:44:09,532.0,23.1,36.33
2024-01-01 12:54:11,571.0,23.1,36.33
2024-01-01 13:03:40,571.0,23.1,36.33
2024-01-01 13:13:51,533.0,23.1,36.33
2024-01-01 13:24:07,515.0,23.0,36.33
2024-01-01 13:34:23,461.0,23.0,36.33
2024-01-01 13:44:23,482.0,23.1,36.33
2024-01-01 13:54:25,473.0,23.1,36.33
2024-01-01 14:04:28,504.0,23.1,36.33
2024-01-01 14:14:30,528.0,23.1,36.33
2024-01-01 14:24:33,504.0,23.1,36.33
2024-01-01 14:34:35,487.0,23.0,36.33
2024-01-01 14:44:37,555.0,23.0,36.33
2024-01-01 14:54:24,490.0,23.1,36.33
2024-01-01 15:04:41,538.0,23.0,36.33
2024-01-01 15:14:44,532.0,23.0,36.33
2024-01-01 15:24:46,523.0,23.0,36.33
2024-01-01 15:34:48,499.0,23.0,36.33
2024-01-01 15:44:51,481.0,23.0,36.33
2024-01-01 15:54:53,504.0,23.1,36.33
2024-01-01 16:04:55,499.0,23.0,36.33
2024-01-01 16:14:58,483.0,23.0,36.33
2024-01-01 16:25:00,513.0,23.1,36.33
2024-01-01 16:35:03,532.0,23.0,36.33
2024-01-01 16:45:05,527.0,23.0,36.33
2024-01-01 16:54:51,514.0,23.0,36.33
2024-01-01 17:04:53,511.0,23.0,36.33
2024-01-01 17:15:11,514.0,23.1,36.33
2024-01-01 17:25:13,509.0,23.0,36.33
2024-01-01 17:35:16,546.0,23.0,36.33
2024-01-01 17:45:18,509.0,23.0,36.33
2024-01-01 17:55:21,494.0,23.1,36.33
2024-01-01 18:05:07,521.0,23.1,36.33
2024-01-01 18:15:25,504.0,23.0,36.33
2024-01-01 18:25:28,494.0,23.0,36.33
2024-01-01 18:35:30,496.0,23.0,36.33
2024-01-01 18:45:33,583.0,23.1,36.33
2024-01-01 18:55:35,499.0,23.0,36.33
2024-01-01 19:05:37,496.0,23.0,36.33
2024-01-01 19:15:40,529.0,23.0,36.33
2024-01-01 19:25:42,491.0,23.0,36.33
2024-01-01 19:35:13,491.0,23.0,36.33
2024-01-01 19:45:23,532.0,23.0,36.33
2024-01-01 19:55:39,519.0,23.0,36.33
2024-01-01 20:05:55,524.0,23.0,36.33
2024-01-01 20:15:55,494.0,23.0,36.33
2024-01-01 20:25:42,518.0,23.0,36.33
2024-01-01 20:36:00,494.0,23.0,36.33
2024-01-01 20:46:02,505.0,23.1,36.33
2024-01-01 20:56:05,569.0,23.0,36.33
2024-01-01 21:06:07,456.0,23.0,36.33
2024-01-01 21:16:10,525.0,23.0,36.33
2024-01-01 21:25:56,533.0,23.0,36.33
2024-01-01 21:35:58,520.0,23.0,36.33
2024-01-01 21:46:17,552.0,23.1,36.33
2024-01-01 21:56:19,477.0,23.0,36.33
2024-01-01 22:06:22,510.0,23.1,36.33
2024-01-01 22:16:24,535.0,23.0,36.33
2024-01-01 22:26:26,495.0,23.2,36.33
2024-01-01 22:36:29,532.0,23.0,36.33
2024-01-01 22:46:31,512.0,23.1,36.33
2024-01-01 22:56:34,535.0,23.0,35.94
2024-01-01 23:06:35,525.0,23.0,35.94
2024-01-01 23:16:37,505.0,23.0,35.94
2024-01-01 23:26:24,482.0,23.2,35.94
2024-01-01 23:36:42,495.0,23.2,35.94
2024-01-01 23:46:44,543.0,23.1,35.94
2024-01-01 23:56:47,502.0,23.1,35.94
2024-01-02 00:06:49,566.0,23.2,35.94
2024-01-02 00:16:52,494.0,23.0,35.94
2024-01-02 00:26:54,504.0,23.1,35.94
2024-01-02 00:36:40,538.0,23.1,35.94
2024-01-02 00:46:59,497.0,23.2,35.94
2024-01-02 00:56:45,492.0,23.1,35.94
2024-01-02 01:07:04,507.0,23.1,35.94
2024-01-02 01:17:06,489.0,23.1,35.94
2024-01-02 01:27:08,510.0,23.1,35.94
2024-01-02 01:37:11,499.0,23.1,35.94
2024-01-02 01:47:13,485.0,23.1,35.94
2024-01-02 01:57:16,514.0,23.1,35.94
2024-01-02 02:06:46,514.0,23.1,35.94
2024-01-02 02:16:57,527.0,23.1,35.94
2024-01-02 02:27:12,515.0,23.1,35.94
2024-01-02 02:37:28,499.0,23.1,35.55
2024-01-02 02:47:29,527.0,23.1,35.55
2024-01-02 02:57:31,492.0,23.1,35.55
2024-01-02 03:07:32,525.0,23.1,35.55
2024-01-02 03:17:35,518.0,23.1,35.55
2024-01-02 03:27:37,487.0,23.1,35.55
2024-01-02 03:37:39,530.0,23.1,35.55
2024-01-02 03:47:26,499.0,23.1,35.55
2024-01-02 03:57:44,492.0,23.1,35.55
2024-01-02 04:07:46,523.0,23.1,35.55
2024-01-02 04:17:49,566.0,23.0,35.55
2024-01-02 04:27:51,502.0,23.1,35.55
2024-01-02 04:37:54,537.0,23.2,35.55
2024-01-02 04:47:56,472.0,23.1,35.55
2024-01-02 04:57:42,500.0,23.1,35.55
2024-01-02 05:08:01,495.0,23.1,35.55
2024-01-02 05:18:03,515.0,23.1,35.55
2024-01-02 05:28:06,472.0,23.0,35.55
2024-01-02 05:38:08,490.0,23.1,35.55
2024-01-02 05:48:10,479.0,23.0,35.55
2024-01-02 05:57:57,453.0,23.1,35.55
2024-01-02 06:08:15,482.0,23.1,35.55
2024-01-02 06:18:18,444.0,23.1,35.55
2024-01-02 06:28:20,462.0,23.0,35.16
2024-01-02 06:38:22,513.0,23.1,35.55
2024-01-02 06:48:25,480.0,23.0,35.55
2024-01-02 06:58:27,467.0,23.0,35.55
2024-01-02 07:08:30,471.0,23.1,35.55
2024-01-02 07:18:32,470.0,23.1,35.55
2024-01-02 07:28:34,494.0,23.0,35.55
2024-01-02 07:38:37,553.0,23.1,35.16
2024-01-02 07:48:39,524.0,23.0,35.55
2024-01-02 07:58:42,514.0,23.1,35.55
2024-01-02 08:08:44,451.0,23.1,35.55
2024-01-02 08:18:46,467.0,23.0,35.55
2024-01-02 08:28:49,473.0,23.0,35.55
2024-01-02 08:38:19,473.0,23.0,35.55
2024-01-02 08:48:29,563.0,23.1,35.55
2024-01-02 08:58:46,519.0,23.0,35.94
2024-01-02 09:09:02,598.0,23.1,35.94
2024-01-02 09:19:02,486.0,23.0,35.94
2024-01-02 09:29:04,534.0,23.0,35.55
2024-01-02 09:38:51,547.0,23.0,35.55
2024-01-02 09:49:09,550.0,23.0,35.94
2024-01-02 09:59:11,603.0,23.0,35.94
2024-01-02 10:09:14,863.0,23.0,36.72
2024-01-02 10:19:00,855.0,23.0,37.11
2024-01-02 10:29:19,748.0,23.0,36.72
2024-01-02 10:39:21,790.0,23.0,36.72
2024-01-02 10:49:23,831.0,23.0,37.11
2024-01-02 10:59:26,852.0,23.0,37.11
2024-01-02 11:09:27,783.0,23.0,37.11
2024-01-02 11:19:29,790.0,23.0,36.72
2024-01-02 11:29:32,761.0,23.0,36.33
2024-01-02 11:39:34,723.0,22.9,36.33
2024-01-02 11:49:21,728.0,23.1,36.33
2024-01-02 11:59:39,705.0,22.9,35.94
2024-01-02 12:09:41,723.0,22.9,35.94
2024-01-02 12:19:44,704.0,23.1,35.94
2024-01-02 12:29:30,723.0,23.0,35.94
2024-01-02 12:39:53,981.0,22.9,36.72
2024-01-02 12:49:55,1000.0,23.0,36.72
2024-01-02 12:59:57,935.0,22.9,36.33
2024-01-02 13:10:04,923.0,22.9,36.33
2024-01-02 13:20:10,816.0,23.0,36.33
2024-01-02 13:30:13,902.0,23.0,36.33
2024-01-02 13:40:15,904.0,23.0,36.33
2024-01-02 13:50:02,810.0,22.9,36.33
2024-01-02 14:00:20,836.0,23.0,36.33
2024-01-02 14:10:22,847.0,23.0,36.33
2024-01-02 14:20:25,858.0,22.9,36.33
2024-01-02 14:30:27,830.0,23.0,36.33
2024-01-02 14:40:30,862.0,22.9,35.94
2024-01-02 14:50:36,961.0,23.0,36.33
2024-01-02 15:00:38,948.0,22.9,36.33
2024-01-02 15:10:08,948.0,22.9,36.33
2024-01-02 15:20:22,930.0,22.9,36.72
2024-01-02 15:30:42,899.0,22.9,36.33
2024-01-02 15:41:02,923.0,22.9,36.33
2024-01-02 15:51:06,934.0,22.9,36.33
2024-01-02 16:01:13,1140.0,22.9,36.72
2024-01-02 16:11:19,1526.0,22.9,37.5
2024-01-02 16:21:26,1496.0,22.9,37.5
2024-01-02 16:31:32,1450.0,23.0,37.89
2024-01-02 16:41:38,1416.0,23.0,37.89
2024-01-02 16:51:45,1325.0,23.0,37.89
2024-01-02 17:01:51,1383.0,23.0,37.5
2024-01-02 17:11:56,1298.0,23.0,37.89
2024-01-02 17:22:03,1217.0,23.0,37.5
2024-01-02 17:32:09,1178.0,23.0,37.11
2024-01-02 17:42:16,1134.0,23.0,36.72
2024-01-02 17:52:22,1087.0,23.0,36.33
2024-01-02 18:02:29,1022.0,23.1,36.33
2024-01-02 18:12:35,936.0,23.1,35.94
2024-01-02 18:22:41,921.0,23.1,35.55
2024-01-02 18:32:48,855.0,23.1,35.55
2024-01-02 18:42:54,981.0,23.1,35.94
2024-01-02 18:53:01,1043.0,23.1,35.94
2024-01-02 19:03:07,1070.0,23.1,35.94
2024-01-02 19:13:12,957.0,23.2,35.94
2024-01-02 19:23:19,942.0,23.2,35.94
2024-01-02 19:33:25,977.0,23.2,35.94
2024-01-02 19:43:32,933.0,23.1,35.55
2024-01-02 19:53:34,828.0,23.2,35.55
2024-01-02 20:03:37,839.0,23.2,35.16
2024-01-02 20:13:23,824.0,23.1,35.16
2024-01-02 20:23:41,749.0,23.2,35.16
2024-01-02 20:33:44,745.0,23.2,34.77
2024-01-02 20:43:46,743.0,23.1,34.77
2024-01-02 20:53:49,708.0,23.1,34.77
2024-01-02 21:03:51,688.0,23.2,34.77
2024-01-02 21:13:52,677.0,23.1,34.38
2024-01-02 21:23:55,639.0,23.2,34.38
2024-01-02 21:33:57,612.0,23.1,34.38
2024-01-02 21:43:27,612.0,23.1,34.38
2024-01-02 21:53:38,708.0,23.2,34.77
2024-01-02 22:03:54,756.0,23.1,35.16
2024-01-02 22:14:10,775.0,23.1,35.16
2024-01-02 22:24:10,705.0,23.1,35.16
2024-01-02 22:34:12,770.0,23.1,35.16
2024-01-02 22:44:15,675.0,23.1,35.16
2024-01-02 22:54:17,729.0,23.1,35.16
2024-01-02 23:04:20,742.0,23.1,35.16
2024-01-02 23:14:21,763.0,23.2,35.16
2024-01-02 23:24:23,791.0,23.1,35.16
2024-01-02 23:34:26,762.0,23.1,35.16
2024-01-02 23:44:28,725.0,23.1,35.16
2024-01-02 23:54:14,688.0,23.1,34.77
2024-01-03 00:04:33,656.0,23.1,34.77
2024-01-03 00:14:35,620.0,23.0,34.38
2024-01-03 00:24:38,675.0,23.1,34.38
2024-01-03 00:34:40,680.0,23.0,34.38
2024-01-03 00:44:42,640.0,23.0,34.38
2024-01-03 00:54:45,574.0,23.0,34.38
2024-01-03 01:04:47,599.0,23.0,34.38
2024-01-03 01:14:48,552.0,23.1,33.98
2024-01-03 01:24:51,550.0,23.1,33.98
2024-01-03 01:34:53,570.0,23.1,33.98
2024-01-03 01:44:40,578.0,23.0,33.98
2024-01-03 01:54:58,501.0,23.1,33.98
2024-01-03 02:05:00,619.0,23.0,33.98
2024-01-03 02:15:03,536.0,23.0,33.98
2024-01-03 02:25:05,546.0,23.0,33.98
2024-01-03 02:35:08,501.0,23.1,33.98
2024-01-03 02:45:10,506.0,23.0,33.59
2024-01-03 02:55:12,563.0,23.1,33.98
2024-01-03 03:05:15,596.0,23.0,33.98
2024-01-03 03:15:16,514.0,23.0,33.59
2024-01-03 03:25:18,517.0,23.0,33.59
2024-01-03 03:35:21,506.0,23.0,33.59
2024-01-03 03:45:23,514.0,23.1,33.59
2024-01-03 03:55:26,534.0,23.1,33.98
2024-01-03 04:05:28,542.0,23.1,33.59
2024-01-03 04:14:58,542.0,23.1,33.59
2024-01-03 04:25:09,601.0,23.0,33.98
2024-01-03 04:35:25,619.0,23.1,33.59
2024-01-03 04:45:41,562.0,23.0,33.98
2024-01-03 04:55:41,522.0,23.1,33.59
2024-01-03 05:05:43,591.0,23.0,33.59
2024-01-03 05:15:46,534.0,23.0,33.59
2024-01-03 05:25:48,542.0,23.0,33.59
2024-01-03 05:35:50,509.0,23.1,33.59
2024-01-03 05:45:53,537.0,23.0,33.59
2024-01-03 05:55:55,563.0,23.0,33.59
2024-01-03 06:05:58,552.0,23.0,33.59
2024-01-03 06:16:00,575.0,23.1,33.59
2024-01-03 06:26:02,565.0,23.1,33.59
2024-01-03 06:36:05,533.0,23.1,33.59
2024-01-03 06:46:07,480.0,22.9,33.59
2024-01-03 06:56:10,559.0,23.1,33.59
2024-01-03 07:06:12,545.0,23.0,33.59
2024-01-03 07:16:14,513.0,23.0,33.59
2024-01-03 07:26:17,533.0,22.9,33.59
2024-01-03 07:36:19,574.0,22.9,33.59
2024-01-03 07:46:22,543.0,22.9,33.59
2024-01-03 07:56:24,521.0,23.0,33.59
2024-01-03 08:06:26,480.0,23.0,33.59
2024-01-03 08:16:13,536.0,23.0,33.59
2024-01-03 08:26:31,585.0,22.9,33.59
2024-01-03 08:36:34,525.0,22.9,33.59
2024-01-03 08:46:36,532.0,23.0,33.59
2024-01-03 08:56:38,502.0,22.9,33.59
2024-01-03 09:06:25,527.0,22.9,33.98
2024-01-03 09:16:43,534.0,23.0,33.59
2024-01-03 09:26:46,512.0,22.8,33.59
2024-01-03 09:36:48,527.0,23.0,33.98
2024-01-03 09:46:50,561.0,22.9,33.59
2024-01-03 09:56:53,514.0,22.9,33.98
2024-01-03 10:06:55,563.0,23.0,33.98
2024-01-03 10:16:58,525.0,22.9,33.59
2024-01-03 10:27:00,548.0,22.8,33.59
2024-01-03 10:37:02,563.0,22.8,33.59
2024-01-03 10:46:33,563.0,22.8,33.59
2024-01-03 10:56:43,539.0,22.9,33.59
2024-01-03 11:06:59,560.0,22.8,33.59
2024-01-03 11:17:15,608.0,22.9,33.98
2024-01-03 11:27:15,566.0,22.9,33.59
2024-01-03 11:37:18,544.0,22.9,33.59
2024-01-03 11:47:04,550.0,22.8,33.59
2024-01-03 11:57:23,527.0,22.8,33.59
2024-01-03 12:07:25,544.0,22.9,33.59
2024-01-03 12:17:27,576.0,22.9,33.98
2024-01-03 12:27:30,627.0,22.8,33.59
2024-01-03 12:37:32,581.0,22.9,33.59
2024-01-03 12:47:19,608.0,22.8,33.59
2024-01-03 12:57:37,623.0,22.8,33.59
2024-01-03 13:07:39,540.0,22.8,33.59
2024-01-03 13:17:41,578.0,22.8,33.59
2024-01-03 13:27:43,584.0,22.9,33.59
2024-01-03 13:37:45,599.0,22.8,33.98
2024-01-03 13:47:48,632.0,22.9,33.98
2024-01-03 13:57:50,634.0,22.8,33.98
2024-01-03 14:07:53,654.0,22.8,33.59
2024-01-03 14:17:55,570.0,22.9,33.98
2024-01-03 14:27:57,615.0,22.8,33.98
2024-01-03 14:38:00,581.0,22.9,33.59
2024-01-03 14:48:02,607.0,22.9,33.59
2024-01-03 14:58:05,556.0,22.9,33.59
2024-01-03 15:08:07,609.0,22.8,33.59
2024-01-03 15:18:09,617.0,22.8,33.59
2024-01-03 15:28:12,628.0,22.8,33.98
2024-01-03 15:37:58,557.0,22.9,33.59
2024-01-03 15:48:17,575.0,22.8,33.59
2024-01-03 15:58:19,593.0,22.9,33.98
2024-01-03 16:08:21,572.0,22.8,33.59
2024-01-03 16:18:24,598.0,22.9,33.59
2024-01-03 16:28:26,577.0,22.9,33.59
2024-01-03 16:38:28,578.0,22.8,33.59
2024-01-03 16:48:31,549.0,22.8,33.59
2024-01-03 16:58:33,552.0,22.9,33.59
2024-01-03 17:08:36,593.0,22.8,33.59
2024-01-03 17:18:05,593.0,22.8,33.59
2024-01-03 17:28:15,560.0,22.8,33.59
2024-01-03 17:38:31,538.0,22.8,33.59
2024-01-03 17:48:47,533.0,22.8,33.2
2024-01-03 17:58:47,567.0,22.8,33.59
2024-01-03 18:08:34,529.0,22.9,33.2
2024-01-03 18:18:36,552.0,22.9,33.2
2024-01-03 18:28:55,513.0,22.8,33.2
2024-01-03 18:38:57,539.0,22.9,33.2
2024-01-03 18:48:59,519.0,22.8,33.2
2024-01-03 18:59:02,491.0,22.8,33.2
2024-01-03 19:09:04,493.0,22.9,33.2
2024-01-03 19:19:06,521.0,22.9,33.2
2024-01-03 19:29:08,523.0,22.7,33.2
2024-01-03 19:39:10,493.0,22.8,33.2
2024-01-03 19:49:13,510.0,22.9,33.2
2024-01-03 19:59:15,543.0,22.8,33.2
2024-01-03 20:09:17,485.0,22.8,33.2
2024-01-03 20:19:20,495.0,22.9,32.81
2024-01-03 20:29:22,513.0,22.8,32.81
2024-01-03 20:39:25,527.0,22.9,32.81
2024-01-03 20:49:27,461.0,22.8,32.81
2024-01-03 20:59:29,513.0,22.8,32.81
2024-01-03 21:09:16,495.0,22.8,32.81
2024-01-03 21:19:17,512.0,22.8,32.81
2024-01-03 21:29:36,492.0,22.9,32.81
2024-01-03 21:39:38,460.0,22.9,32.81
2024-01-03 21:49:40,487.0,22.9,32.81
2024-01-03 21:59:43,403.0,22.9,32.81
2024-01-03 22:09:29,533.0,22.8,32.81
2024-01-03 22:19:47,483.0,22.9,32.81
2024-01-03 22:29:34,514.0,22.8,32.42
2024-01-03 22:39:52,526.0,22.9,32.42
2024-01-03 22:49:55,460.0,22.8,32.42
2024-01-03 22:59:57,474.0,22.8,32.42
2024-01-03 23:09:59,482.0,22.8,32.42
2024-01-03 23:20:02,478.0,22.8,32.42
2024-01-03 23:30:04,494.0,22.8,32.42
2024-01-03 23:40:07,513.0,22.8,32.42
2024-01-03 23:49:37,513.0,22.8,32.42
2024-01-03 23:59:47,437.0,22.9,32.42
2024-01-04 00:10:03,476.0,22.8,32.42
2024-01-04 00:20:20,460.0,22.8,32.42
2024-01-04 00:30:04,486.0,22.9,32.42
2024-01-04 00:40:06,424.0,22.8,32.42
2024-01-04 00:50:24,468.0,22.8,32.42
2024-01-04 01:00:27,426.0,22.9,32.42
2024-01-04 01:10:29,469.0,22.9,32.42
2024-01-04 01:20:30,487.0,22.9,32.03
2024-01-04 01:30:33,453.0,22.9,32.03
2024-01-04 01:40:19,482.0,22.8,32.03
2024-01-04 01:50:22,468.0,22.9,32.03
2024-01-04 02:00:40,514.0,22.9,32.03
2024-01-04 02:10:42,432.0,22.9,32.03
2024-01-04 02:20:45,421.0,22.8,32.03
2024-01-04 02:30:47,497.0,22.9,32.03
2024-01-04 02:40:50,489.0,22.9,32.03
2024-01-04 02:50:52,450.0,22.8,32.03
2024-01-04 03:00:54,476.0,22.8,32.03
2024-01-04 03:10:57,476.0,22.9,32.03
2024-01-04 03:20:59,487.0,22.8,32.03
2024-01-04 03:31:02,520.0,22.8,32.03
2024-01-04 03:41:04,460.0,22.8,31.64
2024-01-04 03:51:06,486.0,22.9,32.03
2024-01-04 04:01:09,478.0,22.9,31.64
2024-01-04 04:11:11,487.0,22.9,32.03
2024-01-04 04:21:14,471.0,22.8,31.64
2024-01-04 04:31:16,482.0,22.8,31.64
2024-01-04 04:41:18,517.0,22.8,31.64
2024-01-04 04:51:21,474.0,22.9,31.64
2024-01-04 05:01:23,502.0,22.9,31.64
2024-01-04 05:11:26,465.0,22.9,31.64
2024-01-04 05:21:28,507.0,22.8,31.64
2024-01-04 05:31:30,506.0,22.9,31.64
2024-01-04 05:41:33,502.0,22.9,31.25
2024-01-04 05:51:35,442.0,22.9,31.25
2024-01-04 06:01:38,514.0,22.9,31.25
2024-01-04 06:11:40,465.0,22.9,31.25
2024-01-04 06:21:10,465.0,22.9,31.25
2024-01-04 06:31:21,461.0,22.8,31.25
2024-01-04 06:41:37,439.0,22.9,31.25
2024-01-04 06:51:53,433.0,22.9,31.25
2024-01-04 07:01:53,465.0,22.9,31.25
2024-01-04 07:11:55,464.0,22.9,31.25
2024-01-04 07:21:57,439.0,22.9,31.25
2024-01-04 07:31:59,442.0,22.9,31.25
2024-01-04 07:42:01,488.0,22.8,31.25
2024-01-04 07:52:04,452.0,22.7,31.25
2024-01-04 08:02:06,477.0,22.7,31.25
2024-01-04 08:12:09,510.0,22.8,31.64
2024-01-04 08:22:11,567.0,22.8,32.03
2024-01-04 08:32:13,549.0,22.8,30.86
2024-01-04 08:42:16,561.0,22.7,28.52
2024-01-04 08:52:18,565.0,22.6,27.34
2024-01-04 09:02:21,598.0,22.5,26.56
2024-01-04 09:12:23,634.0,22.5,26.17
2024-01-04 09:22:09,644.0,22.6,27.34
2024-01-04 09:32:12,690.0,22.6,28.12
2024-01-04 09:42:30,734.0,22.7,28.91
2024-01-04 09:52:33,731.0,22.8,29.3
2024-01-04 10:02:35,775.0,22.8,29.69
2024-01-04 10:12:22,745.0,22.8,30.47
2024-01-04 10:22:40,774.0,22.8,30.86
2024-01-04 10:32:42,850.0,22.8,31.25
2024-01-04 10:42:44,903.0,22.9,31.25
2024-01-04 10:52:51,953.0,22.9,31.64
2024-01-04 11:02:53,969.0,22.9,32.03
2024-01-04 11:12:56,958.0,22.9,31.64
2024-01-04 11:22:45,969.0,22.9,32.03
2024-01-04 11:33:07,1086.0,22.9,32.03
2024-01-04 11:43:14,1074.0,23.0,32.03
2024-01-04 11:53:20,1043.0,22.9,32.03
2024-01-04 12:03:27,1001.0,22.9,31.64
2024-01-04 12:13:33,1003.0,23.0,31.64
2024-01-04 12:23:39,1090.0,22.9,31.64
2024-01-04 12:33:46,1098.0,23.0,31.64
2024-01-04 12:43:52,1042.0,23.0,32.03
2024-01-04 12:53:27,1042.0,23.0,32.03
2024-01-04 13:03:41,1008.0,22.9,32.03
2024-01-04 13:14:01,1132.0,23.0,32.42
2024-01-04 13:24:21,1197.0,22.9,32.81
2024-01-04 13:34:25,1181.0,23.0,32.81
2024-01-04 13:44:32,1140.0,22.9,32.81
2024-01-04 13:54:38,1328.0,22.9,32.81
2024-01-04 14:04:45,1350.0,23.0,32.81
2024-01-04 14:14:51,1317.0,22.9,33.2
2024-01-04 14:24:57,1466.0,22.9,33.2
2024-01-04 14:35:04,1377.0,22.9,33.2
2024-01-04 14:45:10,1437.0,22.8,33.2
2024-01-04 14:55:17,1329.0,22.8,33.2
2024-01-04 15:05:23,1253.0,22.9,33.2
2024-01-04 15:15:30,1284.0,22.9,33.2
2024-01-04 15:25:36,1304.0,22.8,32.81
2024-01-04 15:35:42,1194.0,22.9,32.42
2024-01-04 15:45:49,1202.0,22.9,32.03
2024-01-04 15:55:55,1109.0,22.9,32.03
2024-01-04 16:06:02,1125.0,22.9,31.64
2024-01-04 16:16:08,1119.0,22.9,32.03
2024-01-04 16:26:14,1072.0,22.8,31.64
2024-01-04 16:36:21,1070.0,22.9,31.64
2024-01-04 16:46:28,1014.0,22.9,31.25
2024-01-04 16:56:34,940.0,22.9,31.25
2024-01-04 17:06:40,925.0,22.9,31.25
2024-01-04 17:16:47,1079.0,22.9,31.25
2024-01-04 17:26:53,1050.0,22.9,31.25
2024-01-04 17:36:55,1000.0,22.9,31.25
2024-01-04 17:46:58,998.0,22.9,31.25
2024-01-04 17:57:04,946.0,22.9,31.25
2024-01-04 18:07:11,1014.0,22.8,31.25
2024-01-04 18:17:17,999.0,22.9,31.25
2024-01-04 18:27:23,978.0,22.9,30.86
2024-01-04 18:37:30,959.0,22.9,30.86
2024-01-04 18:47:36,841.0,23.0,30.86
2024-01-04 18:57:39,872.0,22.8,30.47
2024-01-04 19:07:41,764.0,23.0,30.47
2024-01-04 19:17:44,751.0,22.9,30.47
2024-01-04 19:27:14,751.0,22.9,30.47
2024-01-04 19:37:25,774.0,22.9,30.47
2024-01-04 19:47:40,802.0,22.9,30.08
2024-01-04 19:57:57,721.0,22.9,29.69
2024-01-04 20:07:57,735.0,22.9,29.69
2024-01-04 20:17:59,760.0,23.0,29.69
2024-01-04 20:27:45,718.0,23.0,29.69
2024-01-04 20:38:04,688.0,22.9,29.69
2024-01-04 20:48:06,735.0,23.0,29.69
2024-01-04 20:58:09,702.0,22.9,29.69
2024-01-04 21:07:55,714.0,22.9,29.69
2024-01-04 21:17:57,688.0,22.9,29.69
2024-01-04 21:28:15,718.0,22.9,29.69
2024-01-04 21:38:17,735.0,23.0,29.69
2024-01-04 21:48:19,605.0,22.9,29.3
2024-01-04 21:58:22,654.0,23.0,29.3
2024-01-04 22:08:24,669.0,22.9,29.3
2024-01-04 22:18:27,630.0,23.0,29.3
2024-01-04 22:28:13,587.0,22.9,29.3
2024-01-04 22:38:31,588.0,23.0,29.3
2024-01-04 22:48:34,574.0,23.0,29.3
2024-01-04 22:58:36,605.0,23.0,29.3
2024-01-04 23:08:23,654.0,23.0,29.3
2024-01-04 23:18:25,599.0,22.9,29.3
2024-01-04 23:28:43,616.0,22.9,29.3
2024-01-04 23:38:46,595.0,22.9,28.91
2024-01-04 23:48:48,607.0,22.9,28.91
2024-01-04 23:58:51,558.0,23.0,28.91
2024-01-05 00:08:53,630.0,23.0,29.3
2024-01-05 00:18:55,599.0,22.9,28.91
2024-01-05 00:28:58,553.0,22.9,28.91
2024-01-05 00:38:44,640.0,22.9,28.91
2024-01-05 00:49:03,626.0,22.9,28.91
2024-01-05 00:59:05,567.0,22.9,28.91
2024-01-05 01:09:07,600.0,22.9,28.91
2024-01-05 01:19:10,580.0,23.0,28.91
2024-01-05 01:29:12,551.0,23.0,28.91
2024-01-05 01:39:15,571.0,22.9,28.52
2024-01-05 01:49:17,585.0,22.9,28.52
2024-01-05 01:58:47,585.0,22.9,28.52
2024-01-05 02:08:58,558.0,22.9,28.52
2024-01-05 02:19:14,559.0,23.0,28.91
2024-01-05 02:29:30,554.0,22.9,28.52
2024-01-05 02:39:30,540.0,23.0,28.52
2024-01-05 02:49:32,541.0,22.9,28.52
2024-01-05 02:59:35,541.0,23.0,28.52
2024-01-05 03:09:37,577.0,23.0,28.52
2024-01-05 03:19:40,571.0,22.9,28.52
2024-01-05 03:29:41,621.0,22.9,28.52
2024-01-05 03:39:43,562.0,22.9,28.52
2024-01-05 03:49:30,533.0,22.9,28.52
2024-01-05 03:59:48,533.0,22.9,28.52
2024-01-05 04:09:50,561.0,23.0,28.52
2024-01-05 04:19:53,544.0,22.9,28.52
2024-01-05 04:29:55,595.0,22.9,28.52
2024-01-05 04:39:58,551.0,22.9,28.52
2024-01-05 04:50:00,549.0,23.0,28.52
2024-01-05 05:00:02,488.0,22.9,28.52
2024-01-05 05:10:05,542.0,23.0,28.52
2024-01-05 05:20:07,598.0,22.9,28.52
2024-01-05 05:30:08,571.0,22.9,28.52
2024-01-05 05:40:11,576.0,22.9,28.52
2024-01-05 05:50:13,524.0,22.9,28.12
2024-01-05 06:00:16,540.0,22.9,28.12
2024-01-05 06:10:18,550.0,22.9,28.12
2024-01-05 06:20:20,534.0,22.9,28.12
2024-01-05 06:30:23,524.0,22.9,28.12
2024-01-05 06:40:25,496.0,22.8,28.12
2024-01-05 06:50:28,570.0,22.8,28.12
2024-01-05 07:00:30,547.0,22.9,28.12
2024-01-05 07:10:32,493.0,22.8,28.12
2024-01-05 07:20:35,531.0,22.8,28.12
2024-01-05 07:30:36,565.0,22.8,28.12
2024-01-05 07:40:38,539.0,22.8,28.12
2024-01-05 07:50:41,519.0,22.8,28.12
2024-01-05 08:00:43,565.0,22.8,28.12
2024-01-05 08:10:46,565.0,22.8,28.52
2024-01-05 08:20:48,557.0,22.8,28.52
2024-01-05 08:30:18,557.0,22.8,28.52
2024-01-05 08:40:29,562.0,22.8,28.91
2024-01-05 08:50:45,643.0,22.8,29.3
2024-01-05 09:01:01,643.0,22.7,29.3
2024-01-05 09:11:01,664.0,22.7,29.3
2024-01-05 09:20:47,773.0,22.8,30.08
2024-01-05 09:31:06,841.0,22.8,30.47
2024-01-05 09:40:52,886.0,22.8,30.86
2024-01-05 09:51:11,807.0,22.8,30.86
2024-01-05 10:01:13,812.0,22.8,31.25
2024-01-05 10:11:15,782.0,22.8,30.86
2024-01-05 10:21:18,838.0,22.8,30.86
2024-01-05 10:31:20,851.0,22.8,30.86
2024-01-05 10:41:22,908.0,22.9,30.86
2024-01-05 10:51:25,926.0,22.8,30.86
2024-01-05 11:01:31,1112.0,22.9,31.25
2024-01-05 11:11:34,1248.0,22.8,31.64
2024-01-05 11:21:36,1256.0,22.8,31.25
2024-01-05 11:31:41,1305.0,22.8,31.64
2024-01-05 11:41:48,1281.0,22.8,31.64
2024-01-05 11:51:54,1297.0,22.8,31.64
2024-01-05 12:02:01,1369.0,22.8,31.64
2024-01-05 12:12:07,1369.0,22.8,31.64
2024-01-05 12:22:14,1464.0,22.8,32.03
2024-01-05 12:32:20,1365.0,22.8,31.64
2024-01-05 12:42:26,1373.0,22.8,31.64
2024-01-05 12:52:33,1326.0,22.8,31.25
2024-01-05 13:02:39,1297.0,22.8,30.86
2024-01-05 13:12:45,1318.0,22.8,31.25
2024-01-05 13:22:52,1318.0,22.8,31.25
2024-01-05 13:32:58,1369.0,22.8,31.25
2024-01-05 13:43:05,1494.0,22.8,31.64
2024-01-05 13:53:11,1520.0,22.9,31.64
2024-01-05 14:03:22,1631.0,22.8,32.03
2024-01-05 14:13:24,1567.0,22.9,32.03
2024-01-05 14:23:30,1709.0,22.8,32.42
2024-01-05 14:33:37,1709.0,22.9,32.81
2024-01-05 14:43:43,1740.0,22.8,32.42
2024-01-05 14:53:50,1747.0,22.8,32.42
2024-01-05 15:03:24,1747.0,22.8,32.42
2024-01-05 15:13:38,1747.0,22.8,32.42
2024-01-05 15:23:58,1638.0,22.7,32.42
2024-01-05 15:34:19,1569.0,22.8,32.42
2024-01-05 15:44:23,1512.0,22.9,32.03
2024-01-05 15:54:29,1451.0,22.8,31.64
2024-01-05 16:04:36,1411.0,22.8,31.25
2024-01-05 16:14:38,1332.0,22.8,30.86
2024-01-05 16:24:40,1285.0,22.8,30.86
2024-01-05 16:34:47,1181.0,22.8,30.86
2024-01-05 16:44:37,1175.0,22.8,30.47
2024-01-05 16:55:00,1169.0,22.8,30.47
2024-01-05 17:05:06,1096.0,22.7,30.47
2024-01-05 17:15:12,1040.0,22.8,30.08
2024-01-05 17:25:19,1058.0,22.8,30.08
2024-01-05 17:35:25,998.0,22.7,30.08
2024-01-05 17:45:32,974.0,22.7,29.69
2024-01-05 17:55:22,958.0,22.7,29.69
2024-01-05 18:05:45,922.0,22.8,29.69
2024-01-05 18:15:51,860.0,22.8,29.69
2024-01-05 18:25:58,841.0,22.7,29.3
2024-01-05 18:36:00,897.0,22.8,29.3
2024-01-05 18:46:02,834.0,22.8,29.3
2024-01-05 18:55:49,851.0,22.8,29.3
2024-01-05 19:05:51,830.0,22.8,29.3
2024-01-05 19:16:10,807.0,22.8,29.3
2024-01-05 19:26:12,759.0,22.8,29.3
2024-01-05 19:36:13,758.0,22.8,28.91
2024-01-05 19:46:16,784.0,22.8,28.91
2024-01-05 19:56:18,744.0,22.8,28.91
2024-01-05 20:06:20,681.0,22.8,28.91
2024-01-05 20:16:23,735.0,22.8,28.91
2024-01-05 20:26:25,754.0,22.7,28.52
2024-01-05 20:36:28,745.0,22.8,28.52
2024-01-05 20:46:30,693.0,22.8,28.52
2024-01-05 20:56:32,628.0,22.7,28.52
2024-01-05 21:06:35,744.0,22.7,28.12
2024-01-05 21:16:37,648.0,22.8,28.12
2024-01-05 21:26:40,631.0,22.8,28.12
2024-01-05 21:36:09,631.0,22.8,28.12
2024-01-05 21:46:19,616.0,22.8,28.12
2024-01-05 21:56:35,695.0,22.8,28.12
2024-01-05 22:06:35,679.0,22.7,28.12
2024-01-05 22:16:54,634.0,22.7,28.12
2024-01-05 22:26:56,657.0,22.7,28.12
2024-01-05 22:36:59,655.0,22.7,28.12
2024-01-05 22:47:01,638.0,22.7,28.12
2024-01-05 22:57:03,665.0,22.7,28.12
2024-01-05 23:07:06,634.0,22.8,27.73
2024-01-05 23:17:08,595.0,22.8,28.12
2024-01-05 23:26:54,605.0,22.7,28.12
2024-01-05 23:37:12,619.0,22.7,27.73
2024-01-05 23:47:14,598.0,22.7,28.12
2024-01-05 23:57:17,634.0,22.7,27.73
2024-01-06 00:07:19,544.0,22.8,27.73
2024-01-06 00:17:21,586.0,22.7,27.73
2024-01-06 00:27:24,641.0,22.7,27.73
2024-01-06 00:37:10,557.0,22.7,27.73
2024-01-06 00:47:28,598.0,22.8,27.73
2024-01-06 00:57:31,603.0,22.7,27.73
2024-01-06 01:07:33,600.0,22.7,27.73
2024-01-06 01:17:36,588.0,22.8,27.73
2024-01-06 01:27:39,539.0,22.7,27.73
2024-01-06 01:37:40,556.0,22.7,27.73
2024-01-06 01:47:43,577.0,22.7,27.73
2024-01-06 01:57:45,559.0,22.7,27.73
2024-01-06 02:07:48,575.0,22.7,27.73
2024-01-06 02:17:50,547.0,22.8,27.34
2024-01-06 02:27:52,516.0,22.7,27.73
2024-01-06 02:37:55,552.0,22.7,27.73
2024-01-06 02:47:57,580.0,22.7,27.73
2024-01-06 02:58:00,583.0,22.7,27.73
2024-01-06 03:08:02,585.0,22.7,27.73
2024-01-06 03:18:04,580.0,22.7,27.73
2024-01-06 03:28:07,583.0,22.7,27.34
2024-01-06 03:38:08,590.0,22.7,27.73
2024-01-06 03:48:10,597.0,22.7,27.34
2024-01-06 03:58:13,539.0,22.8,27.34
2024-01-06 04:07:43,539.0,22.8,27.34
2024-01-06 04:17:54,556.0,22.8,27.34
2024-01-06 04:28:10,516.0,22.7,27.34
2024-01-06 04:38:26,506.0,22.8,27.34
2024-01-06 04:48:26,557.0,22.8,27.34
2024-01-06 04:58:28,560.0,22.7,27.34
2024-01-06 05:08:31,541.0,22.8,27.34
2024-01-06 05:18:33,544.0,22.8,27.34
2024-01-06 05:28:35,565.0,22.7,27.34
2024-01-06 05:38:38,560.0,22.8,27.34
2024-01-06 05:48:40,506.0,22.7,27.34
2024-01-06 05:58:43,538.0,22.8,27.34
2024-01-06 06:08:29,523.0,22.7,27.34
2024-01-06 06:18:47,506.0,22.7,26.95
2024-01-06 06:28:50,516.0,22.7,27.34
2024-01-06 06:38:52,524.0,22.8,27.34
2024-01-06 06:48:55,524.0,22.6,27.34
2024-01-06 06:58:57,569.0,22.7,27.34
2024-01-06 07:08:59,558.0,22.7,27.34
2024-01-06 07:18:46,546.0,22.7,27.73
2024-01-06 07:29:04,569.0,22.8,27.73
2024-01-06 07:39:07,537.0,22.7,27.34
2024-01-06 07:49:09,550.0,22.7,27.73
2024-01-06 07:58:55,555.0,22.8,27.34
2024-01-06 08:09:14,543.0,22.8,27.73
2024-01-06 08:19:16,606.0,22.7,28.12
2024-01-06 08:29:19,584.0,22.6,28.52
2024-01-06 08:39:21,561.0,22.8,28.52
2024-01-06 08:49:23,550.0,22.7,28.12
2024-01-06 08:59:26,559.0,22.7,28.12
2024-01-06 09:09:28,571.0,22.6,28.12
2024-01-06 09:19:31,568.0,22.7,28.12
2024-01-06 09:29:33,546.0,22.7,28.12
2024-01-06 09:39:35,500.0,22.8,27.73
2024-01-06 09:49:38,568.0,22.8,27.73
2024-01-06 09:59:40,522.0,22.7,27.73
2024-01-06 10:09:43,533.0,22.7,27.73
2024-01-06 10:19:45,538.0,22.7,27.73
2024-01-06 10:29:47,555.0,22.7,27.34
2024-01-06 10:39:18,555.0,22.7,27.34
2024-01-06 10:49:28,491.0,22.7,27.73
2024-01-06 10:59:44,544.0,22.6,27.34
2024-01-06 11:10:00,570.0,22.8,27.73
2024-01-06 11:20:00,557.0,22.8,27.73
2024-01-06 11:29:47,552.0,22.7,27.34
2024-01-06 11:39:48,501.0,22.7,27.34
2024-01-06 11:50:06,523.0,22.7,27.34
2024-01-06 12:00:09,495.0,22.7,27.34
2024-01-06 12:10:11,526.0,22.8,27.34
2024-01-06 12:20:14,523.0,22.7,27.34
2024-01-06 12:30:00,488.0,22.8,27.34
2024-01-06 12:40:02,501.0,22.7,27.34
2024-01-06 12:50:21,526.0,22.7,27.34
2024-01-06 13:00:23,547.0,22.8,27.34
2024-01-06 13:10:25,529.0,22.7,27.34
2024-01-06 13:20:28,516.0,22.6,27.34
2024-01-06 13:30:30,529.0,22.6,27.34
2024-01-06 13:40:32,532.0,22.7,27.34
2024-01-06 13:50:34,465.0,22.7,27.34
2024-01-06 14:00:36,504.0,22.7,26.95
2024-01-06 14:10:39,551.0,22.7,27.34
2024-01-06 14:20:41,515.0,22.7,27.34
2024-01-06 14:30:44,497.0,22.7,27.34
2024-01-06 14:40:46,502.0,22.7,26.95
2024-01-06 14:50:48,525.0,22.6,26.95
2024-01-06 15:00:51,480.0,22.7,26.95
2024-01-06 15:10:53,487.0,22.7,26.95
2024-01-06 15:20:55,510.0,22.7,26.95
2024-01-06 15:30:58,502.0,22.6,26.95
2024-01-06 15:41:00,554.0,22.6,26.95
2024-01-06 15:51:03,532.0,22.6,26.95
2024-01-06 16:01:05,521.0,22.6,26.95
2024-01-06 16:11:08,504.0,22.6,26.95
2024-01-06 16:21:10,517.0,22.5,26.95
2024-01-06 16:31:12,522.0,22.6,26.95
2024-01-06 16:41:15,493.0,22.6,26.95
2024-01-06 16:51:17,466.0,22.6,26.95
2024-01-06 17:01:19,491.0,22.6,26.95
2024-01-06 17:10:50,491.0,22.6,26.95
2024-01-06 17:21:00,504.0,22.6,26.95
2024-01-06 17:31:16,509.0,22.6,26.95
2024-01-06 17:41:32,521.0,22.6,26.95
2024-01-06 17:51:16,481.0,22.6,26.56
2024-01-06 18:01:35,567.0,22.6,26.56
2024-01-06 18:11:37,504.0,22.6,26.56
2024-01-06 18:21:40,455.0,22.6,26.56
2024-01-06 18:31:42,521.0,22.5,26.56
2024-01-06 18:41:44,483.0,22.5,26.56
2024-01-06 18:51:31,449.0,22.6,26.56
2024-01-06 19:01:49,504.0,22.6,26.56
2024-01-06 19:11:52,531.0,22.6,26.56
2024-01-06 19:21:54,508.0,22.6,26.56
2024-01-06 19:31:56,491.0,22.5,26.56
2024-01-06 19:41:59,517.0,22.6,26.56
2024-01-06 19:52:01,501.0,22.6,26.56
2024-01-06 20:02:04,476.0,22.6,26.56
2024-01-06 20:12:06,453.0,22.5,26.56
2024-01-06 20:22:08,466.0,22.6,26.56
2024-01-06 20:32:11,453.0,22.5,26.56
2024-01-06 20:42:13,499.0,22.5,26.17
2024-01-06 20:52:16,465.0,22.6,26.17
2024-01-06 21:02:18,473.0,22.5,26.17
2024-01-06 21:12:20,519.0,22.6,26.17
2024-01-06 21:22:23,524.0,22.5,26.17
2024-01-06 21:32:25,489.0,22.6,26.17
2024-01-06 21:42:26,491.0,22.5,26.17
2024-01-06 21:52:29,466.0,22.5,26.17
2024-01-06 22:02:31,455.0,22.5,26.17
2024-01-06 22:12:18,491.0,22.6,26.17
2024-01-06 22:22:20,418.0,22.6,26.17
2024-01-06 22:32:38,462.0,22.5,26.17
2024-01-06 22:42:41,484.0,22.6,26.17
2024-01-06 22:52:43,484.0,22.5,26.17
2024-01-06 23:02:46,458.0,22.6,26.17
2024-01-06 23:12:48,489.0,22.5,26.17
2024-01-06 23:22:50,496.0,22.5,26.17
2024-01-06 23:32:53,463.0,22.6,26.17
2024-01-06 23:42:23,463.0,22.6,26.17
2024-01-06 23:52:33,450.0,22.5,26.17
2024-01-07 00:02:50,475.0,22.6,26.17
2024-01-07 00:13:06,489.0,22.5,26.17
2024-01-07 00:23:06,447.0,22.6,26.17
2024-01-07 00:33:08,439.0,22.6,26.17
2024-01-07 00:43:11,440.0,22.6,26.17
2024-01-07 00:53:13,491.0,22.6,26.17
2024-01-07 01:03:16,444.0,22.5,26.17
2024-01-07 01:13:18,466.0,22.5,26.17
2024-01-07 01:23:20,517.0,22.5,25.78
2024-01-07 01:33:23,514.0,22.6,26.17
2024-01-07 01:43:09,440.0,22.6,26.17
2024-01-07 01:53:11,493.0,22.5,25.78
2024-01-07 02:03:30,468.0,22.6,25.78
2024-01-07 02:13:32,445.0,22.5,26.17
2024-01-07 02:23:34,465.0,22.6,25.78
2024-01-07 02:33:37,473.0,22.6,25.78
2024-01-07 02:43:39,512.0,22.6,25.78
2024-01-07 02:53:42,465.0,22.6,25.78
2024-01-07 03:03:44,447.0,22.6,25.78
2024-01-07 03:13:46,491.0,22.5,25.78
2024-01-07 03:23:49,457.0,22.5,25.78
2024-01-07 03:33:51,445.0,22.6,25.78
2024-01-07 03:43:54,462.0,22.6,25.78
2024-01-07 03:53:56,473.0,22.5,25.78
2024-01-07 04:03:58,471.0,22.5,25.78
2024-01-07 04:14:01,476.0,22.6,25.78
2024-01-07 04:24:03,483.0,22.5,25.78
2024-01-07 04:34:06,455.0,22.6,25.78
2024-01-07 04:44:08,462.0,22.6,25.78
2024-01-07 04:54:10,514.0,22.5,25.78
2024-01-07 05:04:13,473.0,22.5,25.78
2024-01-07 05:14:15,484.0,22.5,25.78
2024-01-07 05:24:18,465.0,22.5,25.78
2024-01-07 05:34:20,440.0,22.5,25.78
2024-01-07 05:44:22,483.0,22.6,25.78
2024-01-07 05:54:25,434.0,22.5,25.78
2024-01-07 06:04:27,431.0,22.5,25.78
2024-01-07 06:13:58,431.0,22.5,25.78
2024-01-07 06:24:08,475.0,22.6,25.78
2024-01-07 06:34:24,476.0,22.5,25.39
2024-01-07 06:44:40,483.0,22.5,25.78
2024-01-07 06:54:24,521.0,22.5,25.78
2024-01-07 07:04:43,440.0,22.5,25.78
2024-01-07 07:14:45,401.0,22.6,25.39
2024-01-07 07:24:47,437.0,22.6,25.78
2024-01-07 07:34:50,494.0,22.5,25.78
2024-01-07 07:44:51,418.0,22.5,25.78
2024-01-07 07:54:53,449.0,22.5,25.78
2024-01-07 08:04:56,462.0,22.4,25.78
2024-01-07 08:14:58,475.0,22.4,25.78
2024-01-07 08:25:01,466.0,22.5,25.78
2024-01-07 08:35:03,512.0,22.4,25.78
2024-01-07 08:45:05,468.0,22.5,25.78
2024-01-07 08:55:08,514.0,22.5,25.78
2024-01-07 09:05:10,481.0,22.5,25.78
2024-01-07 09:15:13,501.0,22.4,25.78
2024-01-07 09:25:15,481.0,22.4,25.78
2024-01-07 09:35:17,444.0,22.5,25.78
2024-01-07 09:45:19,486.0,22.4,25.78
2024-01-07 09:55:21,480.0,22.5,25.78
2024-01-07 10:05:23,498.0,22.4,25.78
2024-01-07 10:15:10,443.0,22.4,25.78
2024-01-07 10:25:28,507.0,22.4,25.78
2024-01-07 10:35:31,453.0,22.4,25.78
2024-01-07 10:45:33,480.0,22.4,25.78
2024-01-07 10:55:35,495.0,22.5,25.78
2024-01-07 11:05:38,430.0,22.5,25.78
2024-01-07 11:15:40,507.0,22.4,25.78
2024-01-07 11:25:43,508.0,22.5,25.78
2024-01-07 11:35:45,458.0,22.4,25.78
2024-01-07 11:45:46,513.0,22.4,25.78
2024-01-07 11:55:49,500.0,22.4,25.78
2024-01-07 12:05:51,461.0,22.4,25.78
2024-01-07 12:15:53,495.0,22.5,25.78
2024-01-07 12:25:56,464.0,22.4,25.78
2024-01-07 12:35:58,474.0,22.4,25.78
2024-01-07 12:45:29,474.0,22.4,25.78
2024-01-07 12:55:39,485.0,22.4,25.78
2024-01-07 13:05:55,446.0,22.4,25.78
2024-01-07 13:16:11,548.0,22.4,25.78
2024-01-07 13:26:11,470.0,22.4,25.78
2024-01-07 13:36:14,475.0,22.4,25.78
2024-01-07 13:46:15,513.0,22.5,25.78
2024-01-07 13:56:17,454.0,22.4,25.78
2024-01-07 14:06:20,500.0,22.4,25.78
2024-01-07 14:16:22,502.0,22.4,25.78
2024-01-07 14:26:24,490.0,22.4,25.78
2024-01-07 14:36:27,485.0,22.4,25.78
2024-01-07 14:46:13,492.0,22.5,25.78
2024-01-07 14:56:32,488.0,22.4,25.78
2024-01-07 15:06:34,436.0,22.4,25.78
2024-01-07 15:16:36,492.0,22.4,25.78
2024-01-07 15:26:39,495.0,22.5,25.78
2024-01-07 15:36:41,443.0,22.4,25.78
2024-01-07 15:46:44,478.0,22.4,25.78
2024-01-07 15:56:46,490.0,22.4,25.78
2024-01-07 16:06:48,448.0,22.4,25.78
2024-01-07 16:16:51,467.0,22.4,25.78
2024-01-07 16:26:53,467.0,22.4,25.78
2024-01-07 16:36:56,475.0,22.4,25.78
2024-01-07 16:46:58,500.0,22.4,25.78
2024-01-07 16:57:00,508.0,22.4,25.78
2024-01-07 17:07:03,488.0,22.4,25.78
2024-01-07 17:17:05,462.0,22.4,25.78
2024-01-07 17:27:08,518.0,22.4,25.78
2024-01-07 17:37:10,465.0,22.4,25.78
2024-01-07 17:47:11,443.0,22.4,25.78
2024-01-07 17:57:14,467.0,22.5,25.78
2024-01-07 18:07:16,516.0,22.4,25.78
2024-01-07 18:17:18,433.0,22.3,25.78
2024-01-07 18:27:21,444.0,22.4,25.78
2024-01-07 18:37:23,480.0,22.4,25.78
2024-01-07 18:47:26,516.0,22.4,25.78
2024-01-07 18:57:28,474.0,22.3,25.78
2024-01-07 19:07:30,492.0,22.4,25.78
2024-01-07 19:17:01,492.0,22.4,25.78
2024-01-07 19:27:11,464.0,22.4,25.78
2024-01-07 19:37:27,467.0,22.4,25.78
2024-01-07 19:47:43,454.0,22.3,25.78
2024-01-07 19:57:44,462.0,22.4,25.78
2024-01-07 20:07:46,462.0,22.4,25.78
2024-01-07 20:17:32,444.0,22.4,25.78
2024-01-07 20:27:50,480.0,22.4,25.78
2024-01-07 20:37:53,435.0,22.4,25.78
2024-01-07 20:47:55,454.0,22.4,25.78
2024-01-07 20:57:58,513.0,22.4,25.39
2024-01-07 21:07:44,448.0,22.4,25.78
2024-01-07 21:18:02,449.0,22.5,25.39
2024-01-07 21:28:05,500.0,22.4,25.39
2024-01-07 21:38:07,465.0,22.4,25.39
2024-01-07 21:48:10,488.0,22.4,25.39
2024-01-07 21:58:12,462.0,22.5,25.39
2024-01-07 22:08:14,526.0,22.4,25.39
2024-01-07 22:18:17,454.0,22.4,25.39
2024-01-07 22:28:19,462.0,22.4,25.39
2024-01-07 22:38:22,488.0,22.5,25.39
2024-01-07 22:48:24,467.0,22.4,25.39
2024-01-07 22:58:26,466.0,22.4,25.39
2024-01-07 23:08:29,482.0,22.4,25.39
2024-01-07 23:18:15,420.0,22.5,25.39
2024-01-07 23:28:34,511.0,22.4,25.39
2024-01-07 23:38:36,450.0,22.5,25.39
2024-01-07 23:48:37,495.0,22.5,25.39
2024-01-07 23:58:40,449.0,22.4,25.39
2024-01-08 00:08:42,449.0,22.5,25.39
2024-01-08 00:18:45,508.0,22.4,25.39
2024-01-08 00:28:47,527.0,22.4,25.39
2024-01-08 00:38:49,417.0,22.4,25.39
2024-01-08 00:48:52,483.0,22.4,25.39
2024-01-08 00:58:54,492.0,22.5,25.39
2024-01-08 01:08:56,472.0,22.4,25.39
2024-01-08 01:18:59,488.0,22.4,25.39
2024-01-08 01:29:01,447.0,22.5,25.39
2024-01-08 01:39:04,500.0,22.4,25.39
2024-01-08 01:48:33,500.0,22.4,25.39
2024-01-08 01:58:43,488.0,22.5,25.39
2024-01-08 02:08:59,431.0,22.5,25.39
2024-01-08 02:19:15,466.0,22.4,25.39
2024-01-08 02:29:15,466.0,22.4,25.39
2024-01-08 02:39:02,513.0,22.5,25.39
2024-01-08 02:49:20,420.0,22.4,25.39
2024-01-08 02:59:23,466.0,22.4,25.39
2024-01-08 03:09:25,455.0,22.4,25.39
2024-01-08 03:19:27,480.0,22.5,25.39
2024-01-08 03:29:14,483.0,22.5,25.39
2024-01-08 03:39:16,420.0,22.4,25.39
2024-01-08 03:49:33,511.0,22.4,25.39
2024-01-08 03:59:36,499.0,22.4,25.39
2024-01-08 04:09:38,503.0,22.4,25.39
2024-01-08 04:19:41,466.0,22.4,25.39
2024-01-08 04:29:43,466.0,22.5,25.39
2024-01-08 04:39:46,457.0,22.5,25.39
2024-01-08 04:49:48,458.0,22.5,25.39
2024-01-08 04:59:50,426.0,22.5,25.39
2024-01-08 05:09:53,484.0,22.4,25.39
2024-01-08 05:19:55,453.0,22.5,25.39
2024-01-08 05:29:41,504.0,22.5,25.39
2024-01-08 05:39:44,471.0,22.4,25.39
2024-01-08 05:49:46,455.0,22.5,25.39
2024-01-08 06:00:05,483.0,22.5,25.39
2024-01-08 06:10:07,509.0,22.5,25.39
2024-01-08 06:20:09,493.0,22.5,25.39
2024-01-08 06:30:12,511.0,22.5,25.39
2024-01-08 06:40:14,440.0,22.4,25.39
2024-01-08 06:50:17,462.0,22.4,25.39
2024-01-08 07:00:19,480.0,22.5,25.39
2024-01-08 07:10:21,480.0,22.4,25.39
2024-01-08 07:20:24,488.0,22.4,25.78
2024-01-08 07:30:26,456.0,22.5,25.78
2024-01-08 07:40:29,566.0,22.4,25.39
2024-01-08 07:50:30,554.0,22.4,25.78
2024-01-08 08:00:32,583.0,22.4,26.17
2024-01-08 08:10:35,574.0,22.3,26.56
2024-01-08 08:20:05,574.0,22.3,26.56
2024-01-08 08:30:15,624.0,22.4,26.56
2024-01-08 08:40:32,624.0,22.4,25.78
2024-01-08 08:50:47,656.0,22.3,26.56
2024-01-08 09:00:48,745.0,22.3,26.56
2024-01-08 09:10:50,754.0,22.3,27.34
2024-01-08 09:20:52,834.0,22.4,27.73
2024-01-08 09:30:55,825.0,22.4,28.12
2024-01-08 09:40:57,872.0,22.4,28.52
2024-01-08 09:50:58,891.0,22.4,28.52
2024-01-08 10:01:01,949.0,22.4,28.91
2024-01-08 10:11:07,1025.0,22.4,28.91
2024-01-08 10:21:10,1030.0,22.5,28.91
2024-01-08 10:31:12,1007.0,22.4,28.91
2024-01-08 10:41:18,1176.0,22.5,28.91
2024-01-08 10:51:25,1166.0,22.5,28.91
2024-01-08 11:01:31,1272.0,22.5,28.91
2024-01-08 11:11:22,1267.0,22.6,28.91
2024-01-08 11:21:44,1262.0,22.6,28.91
2024-01-08 11:31:50,1224.0,22.5,28.52
2024-01-08 11:41:57,1269.0,22.7,28.52
2024-01-08 11:52:02,1194.0,22.6,28.91
2024-01-08 12:02:09,1292.0,22.7,28.52
2024-01-08 12:12:15,1282.0,22.6,28.91
2024-01-08 12:22:21,1374.0,22.6,29.3
2024-01-08 12:32:28,1385.0,22.6,28.91
2024-01-08 12:42:34,1474.0,22.7,29.3
2024-01-08 12:52:41,1521.0,22.6,29.69
2024-01-08 13:02:47,1508.0,22.7,29.69
2024-01-08 13:12:57,1639.0,22.7,30.08
2024-01-08 13:22:44,1714.0,22.7,30.47
2024-01-08 13:33:02,1689.0,22.6,30.47
2024-01-08 13:43:09,1627.0,22.7,29.69
2024-01-08 13:53:14,1602.0,22.6,29.69
2024-01-08 14:03:20,1563.0,22.7,30.08
2024-01-08 14:13:27,1624.0,22.6,29.69
2024-01-08 14:23:33,1638.0,22.7,30.08
2024-01-08 14:33:24,1638.0,22.6,30.08
2024-01-08 14:43:46,1763.0,22.7,30.47
2024-01-08 14:53:20,1763.0,22.7,30.47
2024-01-08 15:03:35,1669.0,22.6,30.86
2024-01-08 15:13:55,1763.0,22.6,31.25
2024-01-08 15:24:15,1705.0,22.6,30.47
2024-01-08 15:34:19,1728.0,22.7,30.47
2024-01-08 15:44:26,1637.0,22.8,30.08
2024-01-08 15:54:31,1628.0,22.7,30.08
2024-01-08 16:04:37,1588.0,22.8,30.08
2024-01-08 16:14:44,1657.0,22.7,30.08
2024-01-08 16:24:50,1606.0,22.6,29.69
2024-01-08 16:34:56,1485.0,22.8,29.69
2024-01-08 16:45:03,1455.0,22.7,29.69
2024-01-08 16:55:09,1389.0,22.7,29.3
2024-01-08 17:05:12,1314.0,22.6,29.3
2024-01-08 17:15:18,1376.0,22.7,28.91
2024-01-08 17:25:25,1319.0,22.6,28.91
2024-01-08 17:35:31,1211.0,22.6,28.52
2024-01-08 17:45:37,1219.0,22.7,28.52
2024-01-08 17:55:43,1241.0,22.6,28.52
2024-01-08 18:05:49,1135.0,22.6,28.52
2024-01-08 18:15:55,1146.0,22.7,28.52
2024-01-08 18:26:02,1144.0,22.7,28.12
2024-01-08 18:36:08,1059.0,22.7,28.12
2024-01-08 18:46:15,1094.0,22.7,28.12
2024-01-08 18:56:21,1068.0,22.7,28.12
2024-01-08 19:06:28,1018.0,22.6,28.12
2024-01-08 19:16:34,962.0,22.7,27.73
2024-01-08 19:26:40,914.0,22.6,27.34
2024-01-08 19:36:47,957.0,22.7,27.34
2024-01-08 19:46:53,888.0,22.7,27.34
2024-01-08 19:57:00,874.0,22.7,26.95
2024-01-08 20:06:51,854.0,22.7,26.95
2024-01-08 20:17:12,852.0,22.7,26.95
2024-01-08 20:27:19,873.0,22.7,26.95
2024-01-08 20:37:25,854.0,22.7,26.95
2024-01-08 20:47:32,780.0,22.7,26.95
2024-01-08 20:57:34,798.0,22.7,26.56
2024-01-08 21:07:37,807.0,22.7,26.56
2024-01-08 21:17:39,751.0,22.8,26.56
2024-01-08 21:27:09,751.0,22.8,26.56
2024-01-08 21:37:20,765.0,22.7,26.56
2024-01-08 21:47:36,742.0,22.8,26.56
2024-01-08 21:57:52,758.0,22.8,26.17
2024-01-08 22:07:52,695.0,22.7,26.56
2024-01-08 22:17:54,770.0,22.7,26.56
2024-01-08 22:27:57,705.0,22.7,26.56
2024-01-08 22:37:59,719.0,22.7,26.56
2024-01-08 22:48:02,686.0,22.8,26.56
2024-01-08 22:58:04,679.0,22.8,26.56
2024-01-08 23:08:06,695.0,22.7,26.56
2024-01-08 23:17:53,700.0,22.7,26.17
2024-01-08 23:28:11,709.0,22.7,26.17
2024-01-08 23:38:14,700.0,22.8,26.56
2024-01-08 23:48:16,702.0,22.8,26.17
2024-01-08 23:58:17,631.0,22.8,26.17
2024-01-09 00:08:20,648.0,22.8,26.17
2024-01-09 00:18:22,679.0,22.8,26.17
2024-01-09 00:28:24,672.0,22.7,26.17
2024-01-09 00:38:27,636.0,22.8,26.17
2024-01-09 00:48:29,631.0,22.8,26.17
2024-01-09 00:58:32,652.0,22.7,26.17
2024-01-09 01:08:34,614.0,22.8,26.17
2024-01-09 01:18:36,605.0,22.7,26.17
2024-01-09 01:28:39,624.0,22.8,26.17
2024-01-09 01:38:41,616.0,22.7,26.17
2024-01-09 01:48:44,617.0,22.7,26.17
2024-01-09 01:58:45,616.0,22.8,26.17
2024-01-09 02:08:47,586.0,22.8,26.17
2024-01-09 02:18:50,622.0,22.7,26.17
2024-01-09 02:28:52,607.0,22.8,26.17
2024-01-09 02:38:54,622.0,22.8,26.17
2024-01-09 02:48:57,539.0,22.7,26.17
2024-01-09 02:58:59,600.0,22.8,26.17
2024-01-09 03:09:02,575.0,22.8,26.56
2024-01-09 03:19:04,634.0,22.7,26.56
2024-01-09 03:29:06,616.0,22.7,26.17
2024-01-09 03:39:09,605.0,22.8,26.17
2024-01-09 03:49:11,586.0,22.8,26.17
2024-01-09 03:58:42,586.0,22.8,26.17
2024-01-09 04:08:52,578.0,22.7,26.17
2024-01-09 04:19:08,575.0,22.7,26.17
2024-01-09 04:29:24,597.0,22.8,26.17
2024-01-09 04:39:24,628.0,22.7,26.17
2024-01-09 04:49:27,595.0,22.7,26.17
2024-01-09 04:59:29,597.0,22.8,26.17
2024-01-09 05:09:31,575.0,22.8,26.17
2024-01-09 05:19:34,615.0,22.9,26.17
2024-01-09 05:29:36,589.0,22.8,26.17
2024-01-09 05:39:39,552.0,22.7,26.17
2024-01-09 05:49:25,556.0,22.8,26.17
2024-01-09 05:59:43,523.0,22.8,26.17
2024-01-09 06:09:46,570.0,22.8,26.17
2024-01-09 06:19:48,588.0,22.7,26.56
2024-01-09 06:29:51,556.0,22.8,26.56
2024-01-09 06:39:53,578.0,22.8,26.56
2024-01-09 06:49:55,575.0,22.8,26.56
2024-01-09 06:59:58,547.0,22.8,26.95
2024-01-09 07:10:00,543.0,22.7,26.95
2024-01-09 07:20:03,612.0,22.7,26.95
2024-01-09 07:30:05,646.0,22.8,26.95
2024-01-09 07:40:07,609.0,22.8,27.34
2024-01-09 07:50:10,580.0,22.7,27.73
2024-01-09 07:59:55,730.0,22.7,30.47
2024-01-09 08:10:13,763.0,22.8,30.86
2024-01-09 08:20:16,765.0,22.7,30.86
2024-01-09 08:30:18,905.0,22.7,31.25
2024-01-09 08:40:21,870.0,22.7,31.25
2024-01-09 08:50:23,938.0,22.7,31.25
2024-01-09 09:00:13,957.0,22.6,31.25
2024-01-09 09:10:32,925.0,22.7,31.25
2024-01-09 09:20:34,1041.0,22.7,31.25
2024-01-09 09:30:41,962.0,22.6,31.25
2024-01-09 09:40:47,1036.0,22.6,31.25
2024-01-09 09:50:53,1064.0,22.7,31.25
2024-01-09 10:01:00,1057.0,22.7,31.25
2024-01-09 10:11:06,1030.0,22.7,30.86
2024-01-09 10:21:13,1043.0,22.7,30.47
2024-01-09 10:30:47,1043.0,22.7,30.47
2024-01-09 10:41:01,884.0,22.8,30.08
2024-01-09 10:51:21,1015.0,22.7,30.08
2024-01-09 11:01:42,917.0,22.8,30.08
2024-01-09 11:11:30,958.0,22.8,30.47
2024-01-09 11:21:52,985.0,22.8,30.47
2024-01-09 11:31:59,1033.0,22.8,30.47
2024-01-09 11:42:05,1095.0,22.7,30.47
2024-01-09 11:52:11,1108.0,22.7,30.47
2024-01-09 12:02:01,1106.0,22.7,30.47
2024-01-09 12:12:23,1151.0,22.7,30.47
2024-01-09 12:22:13,1236.0,22.7,30.86
2024-01-09 12:32:36,1087.0,22.7,30.86
2024-01-09 12:42:42,1087.0,22.8,30.47
2024-01-09 12:52:49,1087.0,22.8,30.08
2024-01-09 13:02:55,1159.0,22.8,30.47
2024-01-09 13:13:02,1237.0,22.8,30.86
2024-01-09 13:22:52,1225.0,22.8,30.86
2024-01-09 13:33:14,1333.0,22.8,31.25
2024-01-09 13:43:21,1329.0,22.9,31.25
2024-01-09 13:53:27,1306.0,22.8,31.25
2024-01-09 14:03:18,1296.0,22.9,31.25
2024-01-09 14:13:40,1272.0,22.8,31.25
2024-01-09 14:23:31,1341.0,22.9,31.25
2024-01-09 14:33:53,1368.0,22.9,31.25
2024-01-09 14:43:43,1397.0,22.9,31.25
2024-01-09 14:54:06,1414.0,22.9,31.64
2024-01-09 15:04:12,1489.0,22.8,32.03
2024-01-09 15:14:19,1487.0,22.9,31.64
2024-01-09 15:24:09,1414.0,22.9,32.03
2024-01-09 15:34:31,1433.0,22.8,31.64
2024-01-09 15:44:34,1408.0,22.9,32.03
2024-01-09 15:54:36,1402.0,22.8,32.03
2024-01-09 16:04:41,1361.0,22.9,32.03
2024-01-09 16:14:48,1361.0,22.8,32.03
2024-01-09 16:24:54,1277.0,22.8,31.64
2024-01-09 16:35:01,1284.0,22.9,31.25
2024-01-09 16:45:07,1239.0,22.8,30.86
2024-01-09 16:55:14,1202.0,22.9,30.86
2024-01-09 17:04:48,1202.0,22.9,30.86
2024-01-09 17:15:02,1143.0,22.8,30.86
2024-01-09 17:25:22,1168.0,22.9,30.47
2024-01-09 17:35:42,1176.0,22.9,30.47
2024-01-09 17:45:47,1103.0,22.8,30.08
2024-01-09 17:55:53,1074.0,22.9,30.08
2024-01-09 18:05:58,1049.0,22.8,30.08
2024-01-09 18:16:05,1020.0,22.8,30.08
2024-01-09 18:26:11,964.0,22.9,29.69
2024-01-09 18:36:18,967.0,22.9,29.69
2024-01-09 18:46:24,892.0,22.9,29.69
2024-01-09 18:56:27,839.0,22.9,29.69
2024-01-09 19:06:29,909.0,22.9,29.69
2024-01-09 19:16:32,894.0,22.9,29.3
2024-01-09 19:26:34,853.0,22.8,29.3
2024-01-09 19:36:36,842.0,23.0,29.3
2024-01-09 19:46:39,814.0,22.9,29.3
2024-01-09 19:56:41,791.0,23.0,28.91
2024-01-09 20:06:26,791.0,23.0,28.91
2024-01-09 20:16:45,714.0,22.9,28.52
2024-01-09 20:26:47,707.0,22.9,28.52
2024-01-09 20:36:49,726.0,23.0,28.52
2024-01-09 20:46:52,727.0,23.0,28.12
2024-01-09 20:56:38,803.0,22.9,28.52
2024-01-09 21:06:57,797.0,23.0,28.91
2024-01-09 21:16:59,848.0,23.0,28.91
2024-01-09 21:27:01,804.0,22.9,28.52
2024-01-09 21:37:04,778.0,23.0,28.91
2024-01-09 21:47:06,792.0,23.0,28.91
2024-01-09 21:57:08,771.0,23.0,28.91
2024-01-09 22:06:55,776.0,22.9,28.91
2024-01-09 22:17:13,686.0,23.0,28.52
2024-01-09 22:27:16,743.0,22.9,28.52
2024-01-09 22:37:18,757.0,22.9,28.52
2024-01-09 22:47:20,719.0,23.0,28.52
2024-01-09 22:57:23,762.0,23.0,28.52
2024-01-09 23:07:25,651.0,22.9,28.52
2024-01-09 23:17:28,698.0,23.0,28.52
2024-01-09 23:27:30,768.0,23.0,28.52
2024-01-09 23:37:00,768.0,23.0,28.52
2024-01-09 23:47:11,656.0,23.0,28.52
2024-01-09 23:57:27,698.0,23.0,28.52
2024-01-10 00:07:43,655.0,23.0,28.52
2024-01-10 00:17:43,677.0,23.0,28.52
2024-01-10 00:27:45,636.0,23.0,28.52
2024-01-10 00:37:48,674.0,23.0,28.12
2024-01-10 00:47:50,689.0,23.0,28.52
2024-01-10 00:57:53,679.0,23.1,28.12
2024-01-10 01:07:55,705.0,23.1,28.12
2024-01-10 01:17:41,706.0,23.1,28.12
2024-01-10 01:28:00,636.0,23.1,28.12
2024-01-10 01:38:02,635.0,23.0,28.12
2024-01-10 01:48:05,611.0,23.1,28.12
2024-01-10 01:58:07,673.0,23.0,28.12
2024-01-10 02:08:08,643.0,23.1,28.12
2024-01-10 02:18:11,590.0,23.0,28.12
2024-01-10 02:28:13,619.0,23.0,28.12
2024-01-10 02:38:15,605.0,23.0,28.12
2024-01-10 02:48:18,636.0,23.0,28.12
2024-01-10 02:58:20,621.0,23.1,28.12
2024-01-10 03:08:23,588.0,23.1,28.12
2024-01-10 03:18:25,621.0,23.1,28.52
2024-01-10 03:28:27,638.0,23.0,28.12
2024-01-10 03:38:30,628.0,23.0,28.52
2024-01-10 03:48:32,597.0,23.1,28.52
2024-01-10 03:58:35,624.0,23.1,28.52
2024-01-10 04:08:36,636.0,23.0,28.52
2024-01-10 04:18:38,636.0,23.1,28.52
2024-01-10 04:28:41,571.0,23.0,28.12
2024-01-10 04:38:43,640.0,23.0,28.12
2024-01-10 04:48:45,577.0,23.1,28.12
2024-01-10 04:58:48,587.0,23.0,28.52
2024-01-10 05:08:50,592.0,23.0,28.52
2024-01-10 05:18:53,588.0,23.0,28.52
2024-01-10 05:28:55,619.0,23.1,28.52
2024-01-10 05:38:57,586.0,23.0,28.52
2024-01-10 05:49:00,593.0,23.1,28.52
2024-01-10 05:59:02,668.0,23.0,28.12
2024-01-10 06:08:33,668.0,23.0,28.12
2024-01-10 06:18:43,563.0,23.1,28.12
2024-01-10 06:28:59,600.0,23.1,28.52
2024-01-10 06:39:15,595.0,23.0,28.52
2024-01-10 06:48:59,607.0,23.0,28.52
2024-01-10 06:59:18,585.0,23.0,28.52
2024-01-10 07:09:20,614.0,23.0,28.52
2024-01-10 07:19:22,616.0,23.0,28.52
2024-01-10 07:29:25,569.0,23.0,28.52
2024-01-10 07:39:27,620.0,23.0,28.91
2024-01-10 07:49:30,661.0,23.0,29.3
2024-01-10 07:59:16,685.0,23.0,29.69
2024-01-10 08:09:17,687.0,22.9,30.08
2024-01-10 08:19:36,764.0,23.0,30.47
2024-01-10 08:29:38,753.0,22.9,30.86
2024-01-10 08:39:40,731.0,22.9,31.25
2024-01-10 08:49:43,755.0,22.9,32.03
2024-01-10 08:59:45,826.0,22.9,33.98
2024-01-10 09:09:48,801.0,22.9,35.55
2024-01-10 09:19:50,877.0,22.9,35.16
2024-01-10 09:29:52,815.0,22.9,34.38
2024-01-10 09:39:55,860.0,22.9,33.98
2024-01-10 09:49:57,911.0,22.9,33.2
2024-01-10 10:00:00,934.0,22.8,33.59
2024-01-10 10:10:05,954.0,22.8,33.98
2024-01-10 10:20:07,1102.0,22.8,34.38
2024-01-10 10:30:10,1016.0,22.8,33.98
2024-01-10 10:40:16,1038.0,22.9,34.38
2024-01-10 10:50:22,1161.0,23.0,34.38
2024-01-10 11:00:29,1248.0,22.9,35.16
2024-01-10 11:10:35,1387.0,22.8,35.55
2024-01-10 11:20:42,1343.0,23.0,35.16
2024-01-10 11:30:48,1323.0,22.9,34.77
2024-01-10 11:40:55,1270.0,23.0,34.38
2024-01-10 11:51:01,1331.0,22.9,34.38
2024-01-10 12:01:07,1253.0,23.0,33.98
2024-01-10 12:11:14,1263.0,22.9,33.98
2024-01-10 12:21:20,1219.0,23.0,33.2
2024-01-10 12:31:27,1170.0,22.9,33.2
2024-01-10 12:41:01,1170.0,22.9,33.2
2024-01-10 12:51:15,1264.0,23.0,32.81
2024-01-10 13:01:35,1286.0,22.9,33.2
2024-01-10 13:11:40,1270.0,23.0,32.81
2024-01-10 13:22:02,1266.0,22.9,32.81
2024-01-10 13:32:08,1264.0,23.0,32.81
2024-01-10 13:41:59,1218.0,22.9,32.81
2024-01-10 13:52:21,1350.0,23.0,32.81
2024-01-10 14:02:28,1406.0,23.0,33.2
2024-01-10 14:12:34,1368.0,23.1,33.2
2024-01-10 14:22:24,1345.0,23.0,33.2
2024-01-10 14:32:47,1294.0,23.1,32.81
2024-01-10 14:42:53,1318.0,23.0,32.81
2024-01-10 14:53:00,1333.0,23.1,32.42
2024-01-10 15:03:06,1356.0,23.0,32.81
2024-01-10 15:13:13,1410.0,23.1,32.81
2024-01-10 15:23:19,1616.0,23.0,33.59
2024-01-10 15:33:21,1674.0,23.1,33.2
2024-01-10 15:43:28,1568.0,23.1,33.2
2024-01-10 15:53:38,1427.0,23.0,32.81
2024-01-10 16:03:41,1435.0,23.1,32.42
2024-01-10 16:13:43,1368.0,23.1,32.03
2024-01-10 16:23:49,1352.0,23.0,32.42
2024-01-10 16:33:56,1379.0,23.0,32.42
2024-01-10 16:44:02,1359.0,23.1,32.42
2024-01-10 16:54:09,1384.0,23.1,32.42
2024-01-10 17:04:15,1295.0,23.2,32.03
2024-01-10 17:14:22,1301.0,23.0,32.03
2024-01-10 17:24:28,1301.0,23.1,32.03
2024-01-10 17:34:34,1336.0,23.1,32.03
2024-01-10 17:44:25,1388.0,23.2,32.42
2024-01-10 17:54:47,1319.0,23.2,32.03
2024-01-10 18:04:54,1289.0,23.1,32.03
2024-01-10 18:14:59,1287.0,23.1,32.03
2024-01-10 18:25:05,1266.0,23.1,32.03
2024-01-10 18:35:12,1281.0,23.1,32.03
2024-01-10 18:45:18,1232.0,23.1,31.64
2024-01-10 18:55:25,1183.0,23.1,31.64
2024-01-10 19:05:31,1163.0,23.1,31.64
2024-01-10 19:15:05,1163.0,23.1,31.64
2024-01-10 19:25:20,1165.0,23.1,31.64
2024-01-10 19:35:40,1077.0,23.1,31.25
2024-01-10 19:46:00,1142.0,23.2,31.25
2024-01-10 19:56:04,1044.0,23.2,31.25
2024-01-10 20:05:54,1085.0,23.0,31.25
2024-01-10 20:16:17,1073.0,23.1,30.86
2024-01-10 20:26:23,1015.0,23.2,30.86
2024-01-10 20:36:30,1013.0,23.1,30.86
2024-01-10 20:46:36,977.0,23.2,30.86
2024-01-10 20:56:27,992.0,23.1,30.47
2024-01-10 21:06:49,962.0,23.1,30.47
2024-01-10 21:16:39,942.0,23.1,30.47
2024-01-10 21:27:02,937.0,23.1,30.47
2024-01-10 21:37:08,920.0,23.1,30.47
2024-01-10 21:46:59,868.0,23.2,30.47
2024-01-10 21:57:21,883.0,23.1,30.47
2024-01-10 22:07:11,855.0,23.1,30.47
2024-01-10 22:17:34,924.0,23.1,30.47
2024-01-10 22:27:40,892.0,23.1,30.08
2024-01-10 22:37:43,865.0,23.1,30.08
2024-01-10 22:47:45,822.0,23.0,30.08
2024-01-10 22:57:48,872.0,23.1,30.08
2024-01-10 23:07:50,855.0,23.0,30.08
2024-01-10 23:17:36,848.0,23.0,30.08
2024-01-10 23:27:55,820.0,23.1,30.08
2024-01-10 23:37:57,859.0,23.1,30.08
2024-01-10 23:48:00,892.0,23.1,30.08
2024-01-10 23:58:02,844.0,23.0,30.08
2024-01-11 00:08:04,778.0,23.1,30.08
2024-01-11 00:17:50,801.0,23.1,30.08
2024-01-11 00:28:08,843.0,23.1,30.08
2024-01-11 00:38:10,815.0,23.1,30.08
2024-01-11 00:48:13,755.0,23.1,30.08
2024-01-11 00:58:15,787.0,23.1,30.08
2024-01-11 01:08:18,773.0,23.1,30.08
2024-01-11 01:18:20,733.0,23.1,30.08
2024-01-11 01:28:22,754.0,23.1,30.08
2024-01-11 01:38:25,778.0,23.0,29.69
2024-01-11 01:47:55,778.0,23.0,29.69
2024-01-11 01:58:05,752.0,23.1,29.69
2024-01-11 02:08:22,761.0,23.1,29.69
2024-01-11 02:18:38,773.0,23.1,29.69
2024-01-11 02:28:38,741.0,23.0,29.69
2024-01-11 02:38:40,831.0,23.1,29.69
2024-01-11 02:48:27,698.0,23.1,29.69
2024-01-11 02:58:45,804.0,23.0,29.69
2024-01-11 03:08:47,705.0,23.1,30.08
2024-01-11 03:18:50,724.0,23.0,29.69
2024-01-11 03:28:52,743.0,23.0,29.69
2024-01-11 03:38:55,747.0,23.1,29.69
2024-01-11 03:48:41,727.0,23.0,29.69
2024-01-11 03:58:59,694.0,23.1,29.69
2024-01-11 04:09:02,677.0,23.0,29.69
2024-01-11 04:19:04,743.0,23.1,29.69
2024-01-11 04:29:07,686.0,23.1,29.69
2024-01-11 04:39:09,663.0,23.0,29.69
2024-01-11 04:48:55,776.0,23.0,29.69
2024-01-11 04:59:14,670.0,23.1,29.69
2024-01-11 05:09:16,718.0,23.1,29.69
2024-01-11 05:19:19,659.0,23.1,29.69
2024-01-11 05:29:21,650.0,23.1,29.69
2024-01-11 05:39:23,745.0,23.1,29.69
2024-01-11 05:49:10,693.0,23.0,29.69
2024-01-11 05:59:28,688.0,23.0,29.69
2024-01-11 06:09:31,662.0,23.1,29.69
2024-01-11 06:19:32,777.0,23.1,29.69
2024-01-11 06:29:34,686.0,23.1,29.69
2024-01-11 06:39:37,694.0,23.1,29.69
2024-01-11 06:49:39,681.0,23.1,29.69
2024-01-11 06:59:41,659.0,23.1,29.69
2024-01-11 07:09:44,712.0,23.1,29.69
2024-01-11 07:19:47,735.0,23.1,30.08
2024-01-11 07:29:49,714.0,23.1,30.08
2024-01-11 07:39:51,707.0,23.1,30.08
2024-01-11 07:49:53,707.0,23.1,30.08
2024-01-11 07:59:56,772.0,23.0,30.47
2024-01-11 08:09:58,793.0,23.1,31.25
2024-01-11 08:19:27,793.0,23.1,31.25
2024-01-11 08:29:38,917.0,23.0,31.64
2024-01-11 08:39:54,851.0,23.1,31.64
2024-01-11 08:50:10,936.0,23.0,32.03
2024-01-11 09:00:14,1116.0,23.0,33.2
2024-01-11 09:10:16,1066.0,23.0,33.2
2024-01-11 09:20:03,1108.0,23.0,33.2
2024-01-11 09:30:25,1163.0,23.0,33.2
2024-01-11 09:40:32,1156.0,23.0,33.59
2024-01-11 09:50:38,1156.0,23.0,33.59
2024-01-11 10:00:44,1238.0,23.0,33.59
2024-01-11 10:10:51,1307.0,23.1,33.59
2024-01-11 10:20:41,1311.0,23.1,33.59
2024-01-11 10:31:04,1388.0,23.1,33.59
2024-01-11 10:41:10,1396.0,23.1,33.59
2024-01-11 10:51:17,1324.0,23.1,32.81
2024-01-11 11:01:23,1430.0,23.1,33.2
2024-01-11 11:11:29,1536.0,23.1,33.59
2024-01-11 11:21:24,1651.0,23.1,33.59
2024-01-11 11:31:42,1559.0,23.1,33.59
2024-01-11 11:41:45,1667.0,23.1,33.59
2024-01-11 11:51:51,1620.0,23.1,33.59
2024-01-11 12:01:57,1735.0,23.2,33.98
2024-01-11 12:12:04,1664.0,23.2,33.59
2024-01-11 12:22:09,1650.0,23.1,33.59
2024-01-11 12:32:16,1697.0,23.1,33.59
2024-01-11 12:42:22,1824.0,23.2,33.98
2024-01-11 12:52:28,1966.0,23.2,33.98
2024-01-11 13:02:35,1848.0,23.1,33.98
2024-01-11 13:12:41,1834.0,23.2,33.98
2024-01-11 13:22:32,1709.0,23.2,33.98
2024-01-11 13:32:54,1833.0,23.1,34.38
2024-01-11 13:43:00,1813.0,23.2,34.38
2024-01-11 13:53:07,1861.0,23.2,34.38
2024-01-11 14:03:13,1864.0,23.2,35.16
2024-01-11 14:13:20,1854.0,23.1,34.38
2024-01-11 14:23:25,1718.0,23.2,33.59
2024-01-11 14:33:31,1698.0,23.1,33.2
2024-01-11 14:43:38,1931.0,23.1,33.98
2024-01-11 14:53:12,1931.0,23.1,33.98
2024-01-11 15:03:26,2024.0,23.1,33.98
2024-01-11 15:13:47,1928.0,23.1,33.98
2024-01-11 15:24:07,1919.0,23.2,33.59
2024-01-11 15:34:11,2012.0,23.1,33.98
2024-01-11 15:44:01,2029.0,23.1,33.98
2024-01-11 15:54:08,1904.0,23.2,33.59
2024-01-11 16:04:30,1800.0,23.1,33.59
2024-01-11 16:14:37,1890.0,23.2,33.59
2024-01-11 16:24:27,1879.0,23.1,33.59
2024-01-11 16:34:49,1840.0,23.1,33.2
2024-01-11 16:44:56,1865.0,23.1,33.2
2024-01-11 16:55:02,1807.0,23.2,33.2
2024-01-11 17:05:09,1759.0,23.1,32.81
2024-01-11 17:15:15,1667.0,23.1,32.81
2024-01-11 17:25:21,1572.0,23.2,32.81
2024-01-11 17:35:28,1553.0,23.1,32.42
2024-01-11 17:45:18,1660.0,23.2,32.42
2024-01-11 17:55:41,1609.0,23.2,32.42
2024-01-11 18:05:43,1480.0,23.2,32.42
2024-01-11 18:15:45,1540.0,23.1,32.42
2024-01-11 18:25:51,1469.0,23.1,32.03
2024-01-11 18:35:57,1450.0,23.1,32.03
2024-01-11 18:46:08,1443.0,23.1,32.03
2024-01-11 18:56:10,1418.0,23.1,32.03
2024-01-11 19:06:12,1397.0,23.1,32.03
2024-01-11 19:16:19,1310.0,23.1,32.03
2024-01-11 19:26:26,1316.0,23.1,31.64
2024-01-11 19:36:32,1231.0,23.1,31.64
2024-01-11 19:46:38,1229.0,23.2,31.25
2024-01-11 19:56:28,1168.0,23.2,31.25
2024-01-11 20:06:51,1147.0,23.2,30.86
2024-01-11 20:16:57,1190.0,23.2,30.86
2024-01-11 20:27:04,1069.0,23.2,30.86
2024-01-11 20:37:10,1034.0,23.2,30.47
2024-01-11 20:47:17,1101.0,23.2,30.47
2024-01-11 20:57:23,1080.0,23.2,30.47
2024-01-11 21:07:29,1092.0,23.3,30.47
2024-01-11 21:17:36,1005.0,23.3,30.47
2024-01-11 21:27:10,1005.0,23.3,30.47
2024-01-11 21:37:25,1017.0,23.2,30.47
2024-01-11 21:47:45,1032.0,23.2,30.47
2024-01-11 21:57:49,996.0,23.2,30.08
2024-01-11 22:08:11,1002.0,23.2,30.47
2024-01-11 22:18:18,894.0,23.2,30.47
2024-01-11 22:28:23,1017.0,23.2,30.08
2024-01-11 22:38:29,1005.0,23.2,30.08
2024-01-11 22:48:36,949.0,23.2,30.08
2024-01-11 22:58:26,904.0,23.2,30.08
2024-01-11 23:08:49,932.0,23.2,30.08
2024-01-11 23:18:39,971.0,23.2,30.08
2024-01-11 23:29:01,890.0,23.2,30.08
2024-01-11 23:39:08,930.0,23.2,30.08
2024-01-11 23:49:14,897.0,23.2,30.08
2024-01-11 23:59:21,949.0,23.2,30.08
2024-01-12 00:09:11,944.0,23.2,30.08
2024-01-12 00:19:33,937.0,23.3,30.08
2024-01-12 00:29:24,918.0,23.2,29.69
2024-01-12 00:39:46,897.0,23.2,29.69
2024-01-12 00:49:53,864.0,23.1,29.69
2024-01-12 00:59:43,881.0,23.2,29.69
2024-01-12 01:09:50,870.0,23.3,29.69
2024-01-12 01:20:08,842.0,23.2,29.69
2024-01-12 01:30:11,818.0,23.2,29.69
2024-01-12 01:40:13,866.0,23.2,29.69
2024-01-12 01:50:15,896.0,23.2,29.3
2024-01-12 02:00:18,835.0,23.1,29.69
2024-01-12 02:10:20,855.0,23.2,29.69
2024-01-12 02:20:22,869.0,23.2,29.3
2024-01-12 02:30:09,829.0,23.2,29.69
2024-01-12 02:40:11,855.0,23.1,29.3
2024-01-12 02:50:30,844.0,23.2,29.3
2024-01-12 03:00:32,785.0,23.3,29.3
2024-01-12 03:10:34,825.0,23.2,29.69
2024-01-12 03:20:37,869.0,23.2,29.3
2024-01-12 03:30:39,777.0,23.1,29.3
2024-01-12 03:40:42,823.0,23.3,29.3
2024-01-12 03:50:44,867.0,23.1,29.69
2024-01-12 04:00:14,867.0,23.1,29.69
2024-01-12 04:10:25,856.0,23.2,29.69
2024-01-12 04:20:41,818.0,23.2,29.3
2024-01-12 04:30:57,793.0,23.2,29.3
2024-01-12 04:40:57,834.0,23.2,29.3
2024-01-12 04:50:59,784.0,23.2,29.3
2024-01-12 05:01:02,777.0,23.2,29.3
2024-01-12 05:11:04,793.0,23.2,29.3
2024-01-12 05:21:07,774.0,23.3,29.3
2024-01-12 05:31:09,763.0,23.2,29.3
2024-01-12 05:41:11,769.0,23.2,29.3
2024-01-12 05:51:14,812.0,23.2,29.3
2024-01-12 06:01:00,779.0,23.2,29.3
2024-01-12 06:11:19,756.0,23.2,29.3
2024-01-12 06:21:21,739.0,23.2,29.3
2024-01-12 06:31:22,804.0,23.2,29.3
2024-01-12 06:41:25,742.0,23.2,29.3
2024-01-12 06:51:27,823.0,23.1,29.3
2024-01-12 07:01:13,736.0,23.1,29.3
2024-01-12 07:11:32,754.0,23.1,29.69
2024-01-12 07:21:34,783.0,23.1,29.69
2024-01-12 07:31:37,804.0,23.1,29.69
2024-01-12 07:41:39,790.0,23.1,29.69
2024-01-12 07:51:41,713.0,23.1,29.69
2024-01-12 08:01:44,855.0,23.1,30.47
2024-01-12 08:11:50,1051.0,23.1,31.64
2024-01-12 08:21:53,1076.0,23.1,31.64
2024-01-12 08:31:55,1080.0,23.1,31.64
2024-01-12 08:42:01,1164.0,23.0,32.03
2024-01-12 08:52:08,1117.0,23.1,32.03
2024-01-12 09:02:14,1206.0,23.1,32.42
2024-01-12 09:12:21,1253.0,23.0,32.42
2024-01-12 09:22:27,1284.0,23.1,32.81
2024-01-12 09:32:34,1241.0,23.0,32.81
2024-01-12 09:42:41,1318.0,23.0,32.81
2024-01-12 09:52:46,1294.0,23.0,32.81
2024-01-12 10:02:53,1312.0,23.1,32.81
2024-01-12 10:12:59,1274.0,23.1,32.81
2024-01-12 10:23:06,1272.0,23.0,32.81
2024-01-12 10:32:40,1272.0,23.0,32.81
2024-01-12 10:42:54,1416.0,23.1,33.2
2024-01-12 10:53:14,1452.0,23.0,33.59
2024-01-12 11:03:35,1521.0,23.0,33.59
2024-01-12 11:13:39,1557.0,23.0,33.98
2024-01-12 11:23:41,1603.0,23.1,33.98
2024-01-12 11:33:44,1595.0,23.0,33.98
2024-01-12 11:43:50,1575.0,23.1,33.59
2024-01-12 11:53:56,1453.0,23.0,33.2
2024-01-12 12:04:03,1479.0,23.0,32.81
2024-01-12 12:14:13,1388.0,23.1,32.81
2024-01-12 12:24:20,1575.0,23.1,33.59
2024-01-12 12:34:06,1688.0,23.1,33.59
2024-01-12 12:44:24,1713.0,23.1,33.59
2024-01-12 12:54:31,1575.0,23.1,33.59
2024-01-12 13:04:37,1723.0,23.1,33.98
2024-01-12 13:14:44,1761.0,23.1,33.98
2024-01-12 13:15:17,5651.0,421.8,10.55
2024-01-12 13:15:50,5651.0,421.8,10.55
2024-01-12 13:16:23,5651.0,421.8,10.55
2024-01-12 13:24:54,1671.0,23.2,33.98
2024-01-12 13:34:44,1687.0,23.2,33.98
2024-01-12 13:45:07,1748.0,23.1,33.59
2024-01-12 13:55:13,1840.0,23.1,33.98
2024-01-12 14:05:19,2053.0,23.1,34.77
2024-01-12 14:15:26,2192.0,23.1,34.77
2024-01-12 14:25:32,2120.0,23.2,34.77
2024-01-12 14:35:23,2184.0,23.1,34.77
2024-01-12 14:45:45,2050.0,23.1,35.16
2024-01-12 14:55:51,2094.0,23.1,35.16
2024-01-12 15:05:58,2009.0,23.1,35.16
2024-01-12 15:16:04,1968.0,23.2,35.16
2024-01-12 15:26:11,1925.0,23.1,35.16
2024-01-12 15:36:17,2002.0,23.2,35.55
2024-01-12 15:46:08,2041.0,23.2,35.16
2024-01-12 15:56:30,1922.0,23.1,34.77
2024-01-12 16:06:36,1917.0,23.1,34.77
2024-01-12 16:16:43,1919.0,23.2,34.77
2024-01-12 16:26:49,1783.0,23.2,34.77
2024-01-12 16:36:56,1864.0,23.2,34.38
2024-01-12 16:47:02,1778.0,23.1,34.38
2024-01-12 16:57:08,1726.0,23.2,33.98
2024-01-12 17:07:15,1686.0,23.2,33.98
2024-01-12 17:16:49,1686.0,23.2,33.98
2024-01-12 17:27:04,1644.0,23.2,33.59
2024-01-12 17:37:24,1635.0,23.2,33.59
2024-01-12 17:47:28,1573.0,23.2,33.59
2024-01-12 17:57:50,1558.0,23.2,33.2
2024-01-12 18:07:41,1450.0,23.2,33.2
2024-01-12 18:17:47,1493.0,23.2,33.2
2024-01-12 18:28:09,1416.0,23.2,33.2
2024-01-12 18:38:12,1478.0,23.2,33.2
2024-01-12 18:48:14,1437.0,23.2,32.81
2024-01-12 18:58:21,1408.0,23.2,32.81
2024-01-12 19:08:27,1339.0,23.2,32.81
2024-01-12 19:18:34,1314.0,23.2,32.81
2024-01-12 19:28:40,1263.0,23.1,32.42
2024-01-12 19:38:46,1210.0,23.2,32.42
2024-01-12 19:48:53,1178.0,23.2,32.03
2024-01-12 19:58:43,1210.0,23.2,32.03
2024-01-12 20:09:06,1241.0,23.2,32.03
2024-01-12 20:19:12,1247.0,23.2,32.03
2024-01-12 20:29:18,1176.0,23.2,32.03
2024-01-12 20:39:25,1129.0,23.2,31.64
2024-01-12 20:49:31,1143.0,23.1,31.64
2024-01-12 20:59:38,1082.0,23.1,31.64
2024-01-12 21:09:44,1063.0,23.2,31.64
2024-01-12 21:19:51,1034.0,23.2,31.64
2024-01-12 21:29:57,1023.0,23.2,31.64
2024-01-12 21:50:10,1005.0,23.2,31.25
2024-01-12 22:00:16,958.0,23.2,31.25
2024-01-12 22:10:23,931.0,23.3,31.25
2024-01-12 22:20:29,953.0,23.2,31.25
2024-01-12 22:30:35,938.0,23.2,30.86
2024-01-12 22:40:41,910.0,23.1,31.25
2024-01-12 22:50:47,929.0,23.1,31.25
2024-01-12 23:00:54,907.0,23.1,30.86
2024-01-12 23:11:00,866.0,23.1,31.25
2024-01-12 23:21:06,858.0,23.1,30.86
2024-01-12 23:31:13,904.0,23.1,30.86
2024-01-12 23:41:19,888.0,23.2,30.86
2024-01-12 23:50:54,888.0,23.2,30.86
2024-01-13 00:01:04,842.0,23.1,30.86
2024-01-13 00:11:20,855.0,23.2,30.86
2024-01-13 00:21:36,909.0,23.2,30.86
2024-01-13 00:31:36,881.0,23.2,30.86
2024-01-13 00:41:37,884.0,23.2,30.86
2024-01-13 00:51:40,858.0,23.2,30.86
2024-01-13 01:01:42,829.0,23.2,30.86
2024-01-13 01:11:45,855.0,23.2,30.47
2024-01-13 01:21:47,819.0,23.2,30.47
2024-01-13 01:31:33,789.0,23.2,30.47
2024-01-13 01:41:52,857.0,23.2,30.47
2024-01-13 01:51:54,813.0,23.2,30.47
2024-01-13 02:01:57,868.0,23.2,30.86
2024-01-13 02:11:59,865.0,23.2,30.47
2024-01-13 02:22:01,857.0,23.2,30.47
2024-01-13 02:32:04,828.0,23.2,30.47
2024-01-13 02:42:05,874.0,23.2,30.47
2024-01-13 02:52:07,857.0,23.2,30.47
2024-01-13 03:02:10,815.0,23.2,30.47
2024-01-13 03:12:12,777.0,23.3,30.47
2024-01-13 03:22:15,792.0,23.2,30.47
2024-01-13 03:32:17,777.0,23.1,30.47
2024-01-13 03:42:19,729.0,23.2,30.47
2024-01-13 03:52:22,773.0,23.2,30.47
2024-01-13 04:02:24,817.0,23.3,30.47
2024-01-13 04:22:29,798.0,23.3,30.47
2024-01-13 04:32:31,787.0,23.3,30.47
2024-01-13 04:42:18,750.0,23.2,30.47
2024-01-13 04:52:36,762.0,23.3,30.47
2024-01-13 05:02:39,763.0,23.2,30.47
2024-01-13 05:12:41,753.0,23.2,30.47
2024-01-13 05:22:43,765.0,23.2,30.47
2024-01-13 05:32:46,749.0,23.2,30.47
2024-01-13 05:42:48,700.0,23.2,30.47
2024-01-13 05:52:51,730.0,23.2,30.47
2024-01-13 06:02:53,698.0,23.2,30.47
2024-01-13 06:12:55,747.0,23.1,30.47
2024-01-13 06:22:26,747.0,23.1,30.47
2024-01-13 06:32:36,724.0,23.2,30.47
2024-01-13 06:42:52,762.0,23.1,30.47
2024-01-13 06:53:08,699.0,23.0,30.47
2024-01-13 07:03:08,727.0,23.1,30.47
2024-01-13 07:12:55,764.0,23.1,30.47
2024-01-13 07:23:13,743.0,23.2,30.86
2024-01-13 07:33:16,755.0,23.1,31.25
2024-01-13 07:43:18,797.0,23.1,31.25
2024-01-13 07:53:20,712.0,23.1,31.25
2024-01-13 08:03:23,738.0,23.1,31.25
2024-01-13 08:13:25,764.0,23.1,31.25
2024-01-13 08:23:11,801.0,23.1,31.25
2024-01-13 08:33:30,764.0,23.1,31.25
2024-01-13 08:43:32,748.0,23.1,31.25
2024-01-13 08:53:35,783.0,23.1,31.25
2024-01-13 09:03:37,752.0,23.1,31.25
2024-01-13 09:13:39,766.0,23.1,31.25
2024-01-13 09:23:42,787.0,23.0,31.25
2024-01-13 09:33:44,708.0,23.0,31.25
2024-01-13 09:43:47,744.0,23.1,31.25
2024-01-13 09:53:49,781.0,23.0,31.25
2024-01-13 10:03:51,693.0,23.0,31.25
2024-01-13 10:13:38,681.0,23.0,31.25
2024-01-13 10:23:56,705.0,23.0,31.64
2024-01-13 10:33:59,737.0,23.1,31.64
2024-01-13 10:44:01,707.0,23.0,31.64
2024-01-13 10:54:03,732.0,23.1,31.25
2024-01-13 11:04:06,695.0,23.0,31.25
2024-01-13 11:14:08,697.0,23.1,31.25
2024-01-13 11:23:55,732.0,23.1,31.64
2024-01-13 11:34:13,704.0,23.0,31.64
2024-01-13 11:44:15,742.0,23.1,31.64
2024-01-13 11:54:18,685.0,23.0,31.64
2024-01-13 12:04:20,712.0,23.1,31.64
2024-01-13 12:14:23,688.0,23.0,31.64
2024-01-13 12:24:25,647.0,23.1,31.64
2024-01-13 12:34:27,687.0,23.0,31.64
2024-01-13 12:44:29,684.0,23.1,31.64
2024-01-13 12:53:59,684.0,23.1,31.64
2024-01-13 13:04:09,690.0,23.1,31.64
2024-01-13 13:14:25,720.0,23.1,31.64
2024-01-13 13:24:42,673.0,23.0,31.64
2024-01-13 13:34:42,637.0,23.0,31.64
2024-01-13 13:44:44,680.0,22.9,31.64
2024-01-13 13:54:30,682.0,23.1,31.64
2024-01-13 14:04:49,623.0,22.9,31.64
2024-01-13 14:14:51,690.0,22.9,31.64
2024-01-13 14:24:54,642.0,23.0,31.64
2024-01-13 14:34:56,675.0,23.0,31.64
2024-01-13 14:44:42,642.0,23.0,31.64
2024-01-13 14:55:01,654.0,23.0,31.64
2024-01-13 15:05:03,649.0,23.0,31.64
2024-01-13 15:15:06,644.0,22.9,31.64
2024-01-13 15:25:08,637.0,23.0,31.64
2024-01-13 15:35:10,654.0,23.0,31.64
2024-01-13 15:45:13,617.0,23.0,31.64
2024-01-13 15:55:15,646.0,23.0,31.64
2024-01-13 16:05:18,675.0,23.0,31.64
2024-01-13 16:15:20,672.0,22.9,31.64
2024-01-13 16:25:22,656.0,23.0,31.64
2024-01-13 16:35:25,625.0,22.9,31.64
2024-01-13 16:45:27,675.0,23.0,31.64
2024-01-13 16:55:30,677.0,23.0,31.64
2024-01-13 17:05:32,647.0,22.9,31.64
2024-01-13 17:15:34,634.0,22.9,31.64
2024-01-13 17:25:37,610.0,22.9,31.64
2024-01-13 17:35:39,642.0,22.9,31.64
2024-01-13 17:45:42,618.0,23.0,31.64
2024-01-13 17:55:44,658.0,22.9,31.64
2024-01-13 18:05:46,634.0,22.9,31.64
2024-01-13 18:15:49,608.0,22.9,31.64
2024-01-13 18:25:51,612.0,22.9,31.64
2024-01-13 18:35:54,607.0,22.9,31.64
2024-01-13 18:45:56,605.0,22.9,31.64
2024-01-13 18:55:58,657.0,22.9,31.64
2024-01-13 19:06:01,583.0,22.9,31.64
2024-01-13 19:16:03,646.0,23.0,31.64
2024-01-13 19:25:33,646.0,23.0,31.64
2024-01-13 19:35:44,578.0,22.9,31.64
2024-01-13 19:46:00,568.0,22.9,31.64
2024-01-13 19:56:16,623.0,23.0,31.64
2024-01-13 20:06:16,617.0,22.9,31.64
2024-01-13 20:16:18,561.0,22.9,31.64
2024-01-13 20:26:21,594.0,23.0,31.64
2024-01-13 20:36:23,587.0,22.9,31.64
2024-01-13 20:46:25,553.0,22.9,31.64
2024-01-13 20:56:27,560.0,23.0,31.64
2024-01-13 21:06:29,558.0,22.9,31.64
2024-01-13 21:16:32,558.0,23.0,31.25
2024-01-13 21:26:18,589.0,22.9,31.25
2024-01-13 21:46:39,581.0,23.0,31.25
2024-01-13 21:56:41,570.0,22.9,31.25
2024-01-13 22:06:44,558.0,22.9,31.25
2024-01-13 22:16:46,534.0,22.9,31.25
2024-01-13 22:26:48,573.0,22.9,31.25
2024-01-13 22:36:51,563.0,23.0,31.25
2024-01-13 22:46:53,568.0,22.9,31.25
2024-01-13 23:06:58,535.0,23.0,31.25
2024-01-13 23:17:00,608.0,23.0,31.25
2024-01-13 23:27:02,570.0,22.9,31.25
2024-01-13 23:37:03,524.0,22.9,31.25
2024-01-13 23:47:11,542.0,23.0,31.25
2024-01-13 23:57:03,563.0,23.0,31.25
2024-01-14 00:07:27,578.0,23.0,31.25
2024-01-14 00:17:35,544.0,22.9,31.25
2024-01-14 00:27:43,496.0,23.0,31.25
2024-01-14 00:37:52,570.0,23.0,31.25
2024-01-14 00:48:02,527.0,22.9,31.25
2024-01-14 00:58:08,615.0,23.1,31.25
2024-01-14 01:08:16,532.0,22.9,30.86
2024-01-14 01:18:24,545.0,23.1,30.86
2024-01-14 01:28:32,579.0,23.0,31.25
2024-01-14 01:38:40,553.0,23.0,30.86
2024-01-14 01:48:51,573.0,22.9,30.86
2024-01-14 01:58:56,615.0,23.0,31.25
2024-01-14 02:09:04,522.0,23.0,30.86
2024-01-14 02:19:13,579.0,22.9,30.86
2024-01-14 02:29:21,570.0,23.0,30.86
2024-01-14 02:39:29,568.0,23.0,30.86
2024-01-14 02:49:30,545.0,22.9,30.86
2024-01-14 02:59:31,542.0,22.9,30.86
2024-01-14 03:09:34,525.0,23.0,30.86
2024-01-14 03:19:36,514.0,22.9,30.86
2024-01-14 03:29:38,496.0,22.9,30.86
2024-01-14 03:39:41,511.0,23.0,30.86
2024-01-14 03:49:43,558.0,22.9,30.86
2024-01-14 03:59:46,499.0,23.0,30.86
2024-01-14 04:09:48,576.0,22.9,30.86
2024-01-14 04:19:50,552.0,23.0,30.86
2024-01-14 04:29:53,578.0,23.0,30.86
2024-01-14 04:39:55,553.0,23.0,30.86
2024-01-14 04:49:58,545.0,22.9,30.86
2024-01-14 04:59:28,545.0,22.9,30.86
2024-01-14 05:09:38,527.0,22.9,30.86
2024-01-14 05:19:54,542.0,23.0,30.86
2024-01-14 05:30:10,579.0,22.9,30.86
2024-01-14 05:40:11,568.0,23.0,30.86
2024-01-14 05:50:13,499.0,22.9,30.86
2024-01-14 06:00:15,591.0,22.9,30.86
2024-01-14 06:10:02,494.0,22.9,30.86
2024-01-14 06:20:20,514.0,22.9,30.86
2024-01-14 06:30:23,558.0,22.9,30.86
2024-01-14 06:40:25,539.0,23.0,30.86
2024-01-14 06:50:10,517.0,23.0,30.86
2024-01-14 07:00:29,524.0,23.0,30.86
2024-01-14 07:10:31,539.0,23.0,30.86
2024-01-14 07:20:33,527.0,22.9,30.86
2024-01-14 07:30:36,522.0,23.0,30.86
2024-01-14 07:40:38,578.0,22.9,30.86
2024-01-14 07:50:41,522.0,22.9,30.86
2024-01-14 08:00:43,607.0,23.0,30.86
2024-01-14 08:10:45,560.0,23.0,30.86
2024-01-14 08:20:48,570.0,22.9,30.86
2024-01-14 08:30:50,562.0,23.0,30.86
2024-01-14 08:40:53,507.0,23.0,30.86
2024-01-14 08:50:54,586.0,22.9,30.86
2024-01-14 09:00:40,560.0,22.8,30.86
2024-01-14 09:10:59,578.0,22.9,30.86
2024-01-14 09:21:01,565.0,22.8,30.86
2024-01-14 09:31:03,510.0,22.8,30.86
2024-01-14 09:41:06,523.0,22.9,30.86
2024-01-14 09:51:08,491.0,22.9,30.86
2024-01-14 10:01:11,569.0,22.9,30.86
2024-01-14 10:11:13,541.0,22.8,30.86
2024-01-14 10:21:15,523.0,22.9,30.86
2024-01-14 10:31:18,538.0,22.9,30.86
2024-01-14 10:41:20,510.0,22.9,30.86
2024-01-14 10:51:23,503.0,22.8,30.86
2024-01-14 11:01:25,565.0,22.9,30.86
2024-01-14 11:11:27,498.0,22.9,30.86
2024-01-14 11:21:30,562.0,22.9,30.86
2024-01-14 11:31:00,562.0,22.9,30.86
2024-01-14 11:41:10,538.0,22.9,30.86
2024-01-14 11:51:26,552.0,22.9,30.86
2024-01-14 12:01:43,543.0,22.9,30.86
2024-01-14 12:11:43,531.0,22.9,30.86
2024-01-14 12:21:45,562.0,22.9,30.86
2024-01-14 12:31:47,505.0,22.8,30.86
2024-01-14 12:41:50,559.0,22.9,30.86
2024-01-14 12:51:52,549.0,22.9,31.25
2024-01-14 13:01:55,526.0,22.8,30.86
2024-01-14 13:11:57,530.0,22.8,30.86
2024-01-14 13:21:59,543.0,22.9,30.86
2024-01-14 13:32:02,543.0,22.9,30.86
2024-01-14 13:42:04,561.0,22.9,30.86
2024-01-14 13:52:07,532.0,22.8,30.86
2024-01-14 14:02:09,504.0,22.8,31.25
2024-01-14 14:12:11,513.0,22.8,30.86
2024-01-14 14:22:14,520.0,22.8,30.86
2024-01-14 14:32:16,537.0,22.8,31.25
2024-01-14 14:42:19,551.0,22.8,31.25
2024-01-14 14:52:20,512.0,22.8,31.25
2024-01-14 15:02:22,525.0,22.8,31.25
2024-01-14 15:12:25,490.0,22.8,31.25
2024-01-14 15:22:27,543.0,22.8,31.25
2024-01-14 15:32:29,509.0,22.9,31.25
2024-01-14 15:42:32,505.0,22.8,31.25
2024-01-14 15:52:34,548.0,22.8,31.25
2024-01-14 16:02:37,469.0,22.8,31.25
2024-01-14 16:12:40,525.0,22.7,31.25
2024-01-14 16:22:25,569.0,22.8,31.25
2024-01-14 16:32:44,523.0,22.8,31.25
2024-01-14 16:42:30,497.0,22.8,31.25
2024-01-14 16:52:47,589.0,22.8,31.25
2024-01-14 17:02:50,546.0,22.8,31.25
2024-01-14 17:12:52,523.0,22.8,31.25
2024-01-14 17:22:55,523.0,22.8,31.25
2024-01-14 17:32:57,492.0,22.8,31.25
2024-01-14 17:42:59,456.0,22.8,31.25
2024-01-14 17:53:02,518.0,22.8,31.25
2024-01-14 18:02:32,518.0,22.8,31.25
2024-01-14 18:12:42,505.0,22.8,31.25
2024-01-14 18:22:59,454.0,22.8,31.25
2024-01-14 18:33:15,515.0,22.8,31.25
2024-01-14 18:43:15,454.0,22.8,31.25
2024-01-14 18:53:16,515.0,22.8,31.25
2024-01-14 19:03:18,494.0,22.7,31.25
2024-01-14 19:13:21,512.0,22.8,31.25
2024-01-14 19:23:23,528.0,22.8,31.25
2024-01-14 19:33:26,485.0,22.8,31.25
2024-01-14 19:43:28,485.0,22.8,31.25
2024-01-14 19:53:14,537.0,22.8,31.25
2024-01-14 20:03:33,505.0,22.8,31.25
2024-01-14 20:13:35,435.0,22.9,31.25
2024-01-14 20:23:38,530.0,22.8,30.86
2024-01-14 20:33:40,538.0,22.8,30.86
2024-01-14 20:43:42,523.0,22.8,31.25
2024-01-14 20:53:44,485.0,22.8,30.86
2024-01-14 21:03:46,482.0,22.8,30.86
2024-01-14 21:13:48,523.0,22.7,30.86
2024-01-14 21:23:51,467.0,22.7,30.86
2024-01-14 21:33:53,494.0,22.8,30.86
2024-01-14 21:43:56,512.0,22.8,30.86
2024-01-14 21:53:58,473.0,22.8,30.86
2024-01-14 22:04:00,498.0,22.8,30.86
2024-01-14 22:14:03,506.0,22.8,30.86
2024-01-14 22:24:05,491.0,22.8,30.86
2024-01-14 22:34:08,503.0,22.8,30.86
2024-01-14 22:44:10,436.0,22.9,30.86
2024-01-14 22:54:12,475.0,22.9,30.86
2024-01-14 23:04:15,467.0,22.8,30.86
2024-01-14 23:14:17,520.0,22.9,30.86
2024-01-14 23:24:20,486.0,22.8,30.86
2024-01-14 23:34:22,529.0,22.8,30.86
2024-01-14 23:44:24,478.0,22.9,30.86
2024-01-14 23:54:27,464.0,22.8,30.86
2024-01-15 00:04:29,446.0,22.9,30.86
2024-01-15 00:14:32,459.0,22.9,30.86
2024-01-15 00:24:34,464.0,22.8,30.86
2024-01-15 00:34:04,464.0,22.8,30.86
2024-01-15 00:44:15,503.0,22.8,30.86
2024-01-15 00:54:31,495.0,22.8,30.86
2024-01-15 01:04:47,547.0,22.8,30.86
2024-01-15 01:14:31,460.0,22.8,30.86
2024-01-15 01:24:49,505.0,22.9,30.86
2024-01-15 01:34:36,459.0,22.9,30.86
2024-01-15 01:44:54,452.0,22.8,30.86
2024-01-15 01:54:57,477.0,22.9,30.86
2024-01-15 02:04:59,483.0,22.8,30.86
2024-01-15 02:15:01,511.0,22.8,30.47
2024-01-15 02:25:04,503.0,22.9,30.86
2024-01-15 02:35:06,510.0,22.9,30.86
2024-01-15 02:44:53,519.0,22.8,30.47
2024-01-15 02:55:12,496.0,22.9,30.86
2024-01-15 03:05:14,478.0,22.9,30.86
2024-01-15 03:15:17,460.0,22.9,30.47
2024-01-15 03:25:19,465.0,22.9,30.47
2024-01-15 03:35:21,496.0,22.9,30.86
2024-01-15 03:45:24,485.0,22.8,30.47
2024-01-15 03:55:26,483.0,22.8,30.47
2024-01-15 04:05:29,511.0,22.8,30.47
2024-01-15 04:15:31,465.0,22.8,30.47
2024-01-15 04:25:33,442.0,22.8,30.47
2024-01-15 04:35:36,503.0,22.8,30.47
2024-01-15 04:45:38,478.0,22.8,30.47
2024-01-15 04:55:39,488.0,22.8,30.47
2024-01-15 05:05:42,475.0,22.8,30.47
2024-01-15 05:15:44,491.0,22.8,30.47
2024-01-15 05:25:47,465.0,22.8,30.47
2024-01-15 05:35:33,436.0,22.8,30.47
2024-01-15 05:45:51,468.0,22.9,30.47
2024-01-15 05:55:54,467.0,22.8,30.47
2024-01-15 06:05:56,485.0,22.9,30.47
2024-01-15 06:15:59,451.0,22.8,30.47
2024-01-15 06:26:01,420.0,22.8,30.47
2024-01-15 06:36:03,470.0,22.8,30.47
2024-01-15 06:46:06,446.0,22.9,30.47
2024-01-15 06:56:07,474.0,22.9,30.86
2024-01-15 07:05:37,474.0,22.9,30.86
2024-01-15 07:15:48,459.0,22.8,30.86
2024-01-15 07:26:04,542.0,22.8,30.47
2024-01-15 07:36:20,450.0,22.8,30.47
2024-01-15 07:46:20,482.0,22.7,30.47
2024-01-15 07:56:22,512.0,22.7,30.86
2024-01-15 08:06:25,484.0,22.7,30.86
2024-01-15 08:16:27,523.0,22.8,30.86
2024-01-15 08:26:30,494.0,22.8,31.25
2024-01-15 08:36:32,587.0,22.8,32.03
2024-01-15 08:46:34,722.0,22.8,32.42
2024-01-15 08:56:37,783.0,22.7,32.81
2024-01-15 09:06:39,797.0,22.7,33.2
2024-01-15 09:16:42,840.0,22.7,33.2
2024-01-15 09:26:44,790.0,22.8,33.2
2024-01-15 09:36:46,840.0,22.7,33.2
2024-01-15 09:46:49,912.0,22.7,33.2
2024-01-15 09:56:35,874.0,22.7,33.2
2024-01-15 10:06:58,1011.0,22.8,33.59
2024-01-15 10:17:00,990.0,22.8,33.98
2024-01-15 10:27:06,999.0,22.7,33.59
2024-01-15 10:37:13,1015.0,22.7,33.98
2024-01-15 10:47:19,1139.0,22.7,33.98
2024-01-15 10:57:25,1049.0,22.7,33.98
2024-01-15 11:07:15,1207.0,22.8,33.98
2024-01-15 11:17:37,1347.0,22.7,34.77
2024-01-15 11:27:44,1431.0,22.7,34.77
2024-01-15 11:37:50,1356.0,22.8,34.77
2024-01-15 11:47:57,1395.0,22.9,34.77
2024-01-15 11:57:47,1379.0,22.8,35.16
2024-01-15 12:07:53,1384.0,22.8,34.38
2024-01-15 12:18:16,1314.0,22.8,33.59
2024-01-15 12:28:22,1412.0,22.8,33.98
2024-01-15 12:38:30,1410.0,22.8,33.98
2024-01-15 12:48:35,1436.0,22.8,34.38
2024-01-15 12:58:40,1503.0,22.9,34.38
2024-01-15 13:08:47,1436.0,22.8,34.38
2024-01-15 13:18:53,1443.0,22.9,34.38
2024-01-15 13:28:28,1571.0,22.8,34.77
2024-01-15 13:38:28,1571.0,22.8,34.77
2024-01-15 13:48:40,1509.0,22.9,33.98
2024-01-15 13:58:40,1567.0,23.0,33.98
2024-01-15 14:08:44,1684.0,22.9,34.38
2024-01-15 14:19:24,1645.0,22.9,35.16
2024-01-15 14:28:54,1847.0,22.9,35.16
2024-01-15 14:38:59,1903.0,23.0,35.55
2024-01-15 14:49:03,1933.0,22.9,35.55
2024-01-15 14:59:08,2024.0,23.0,35.94
2024-01-15 15:09:11,1868.0,22.9,34.77
2024-01-15 15:19:15,1488.0,22.9,31.64
2024-01-15 15:29:39,1311.0,22.9,31.25
2024-01-15 15:39:58,1438.0,22.9,32.03
2024-01-15 15:50:04,1505.0,22.8,32.42
2024-01-15 16:00:14,1569.0,22.9,32.81
2024-01-15 16:10:21,1434.0,22.8,32.42
2024-01-15 16:20:23,1462.0,22.8,32.81
2024-01-15 16:30:26,1449.0,22.9,32.81
2024-01-15 16:40:32,1546.0,22.8,32.81
2024-01-15 16:50:39,1460.0,22.8,32.81
2024-01-15 17:00:45,1415.0,22.9,32.42
2024-01-15 17:10:51,1351.0,22.9,32.42
2024-01-15 17:20:58,1357.0,22.9,32.03
2024-01-15 17:31:04,1373.0,22.8,32.03
2024-01-15 17:41:11,1361.0,22.9,32.03
2024-01-15 17:51:17,1310.0,22.9,32.03
2024-01-15 18:01:23,1273.0,22.9,32.03
2024-01-15 18:11:30,1196.0,22.9,31.64
2024-01-15 18:21:36,1217.0,22.9,31.64
2024-01-15 18:31:43,1193.0,22.8,31.64
2024-01-15 18:41:33,1153.0,22.9,31.64
2024-01-15 18:51:40,1091.0,22.9,31.25
2024-01-15 19:02:02,1142.0,22.9,31.25
2024-01-15 19:12:08,1148.0,22.9,31.25
2024-01-15 19:22:15,1113.0,22.9,30.86
2024-01-15 19:32:21,1229.0,23.0,31.25
2024-01-15 19:42:12,1257.0,22.9,31.25
2024-01-15 19:52:34,1176.0,23.0,31.25
2024-01-15 20:02:40,1143.0,23.0,30.86
2024-01-15 20:12:15,1143.0,23.0,30.86
2024-01-15 20:22:29,1194.0,23.0,30.86
2024-01-15 20:32:49,1085.0,23.0,30.47
2024-01-15 20:43:09,1052.0,23.0,30.47
2024-01-15 20:53:14,1039.0,23.0,30.47
2024-01-15 21:03:20,1010.0,23.0,30.08
2024-01-15 21:13:27,1033.0,23.0,30.08
2024-01-15 21:23:33,939.0,23.0,30.08
2024-01-15 21:33:39,960.0,23.1,30.08
2024-01-15 21:43:46,987.0,23.0,29.69
2024-01-15 21:53:48,845.0,23.0,29.69
2024-01-15 22:03:51,917.0,23.0,29.69
2024-01-15 22:13:37,937.0,23.0,29.69
2024-01-15 22:23:55,845.0,23.0,29.3
2024-01-15 22:33:58,873.0,23.0,29.3
2024-01-15 22:44:00,873.0,23.0,29.3
2024-01-15 22:54:03,820.0,22.9,29.3
2024-01-15 23:04:04,852.0,22.9,29.3
2024-01-15 23:14:06,819.0,23.0,29.3
2024-01-15 23:24:09,814.0,23.0,29.3
2024-01-15 23:34:11,816.0,22.9,29.3
2024-01-15 23:44:13,816.0,22.9,29.3
2024-01-15 23:54:16,786.0,23.0,28.91
2024-01-16 00:04:18,800.0,23.0,28.91
2024-01-16 00:14:21,786.0,22.9,28.91
2024-01-16 00:24:23,761.0,23.0,28.91
2024-01-16 00:34:25,803.0,23.0,28.91
2024-01-16 00:44:28,727.0,23.0,28.91
2024-01-16 00:54:30,720.0,23.0,28.52
2024-01-16 01:04:33,788.0,22.9,28.52
2024-01-16 01:14:35,704.0,22.9,28.52
2024-01-16 01:24:21,766.0,22.9,28.52
2024-01-16 01:34:40,717.0,22.9,28.52
2024-01-16 01:44:42,734.0,22.9,28.52
2024-01-16 01:54:45,762.0,23.0,28.52
2024-01-16 02:04:47,697.0,22.9,28.52
2024-01-16 02:14:49,745.0,23.0,28.52
2024-01-16 02:24:52,724.0,22.8,28.12
2024-01-16 02:34:54,712.0,22.9,28.12
2024-01-16 02:44:25,712.0,22.9,28.12
2024-01-16 02:54:35,721.0,22.9,28.12
2024-01-16 03:04:51,674.0,22.9,28.12
2024-01-16 03:15:07,710.0,22.9,28.12
2024-01-16 03:25:07,721.0,22.9,28.12
2024-01-16 03:35:10,689.0,22.9,28.12
2024-01-16 03:45:12,751.0,22.8,28.52
2024-01-16 03:54:58,695.0,22.9,28.52
2024-01-16 04:05:17,758.0,22.8,28.12
2024-01-16 04:15:19,738.0,22.9,28.52
2024-01-16 04:25:06,714.0,22.9,28.12
2024-01-16 04:35:08,705.0,22.9,28.12
2024-01-16 04:45:10,726.0,22.9,28.12
2024-01-16 04:55:29,730.0,22.8,28.12
2024-01-16 05:05:31,671.0,22.9,28.12
2024-01-16 05:15:34,702.0,22.8,28.12
2024-01-16 05:25:36,681.0,22.8,27.73
2024-01-16 05:35:38,662.0,22.8,27.73
2024-01-16 05:45:41,684.0,22.9,27.73
2024-01-16 05:55:43,665.0,22.8,27.73
2024-01-16 06:05:46,683.0,22.8,27.73
2024-01-16 06:15:48,676.0,22.9,27.73
2024-01-16 06:25:50,670.0,22.8,27.73
2024-01-16 06:35:53,709.0,22.8,27.73
2024-01-16 06:45:55,661.0,22.8,27.73
2024-01-16 06:55:57,671.0,22.8,27.73
2024-01-16 07:06:00,664.0,22.8,27.73
2024-01-16 07:16:02,651.0,22.8,27.73
2024-01-16 07:26:05,633.0,22.7,27.73
2024-01-16 07:36:07,616.0,22.8,27.73
2024-01-16 07:46:10,627.0,22.8,27.73
2024-01-16 07:56:12,702.0,22.7,27.73
2024-01-16 08:06:14,670.0,22.7,28.52
2024-01-16 08:16:17,757.0,22.8,28.91
2024-01-16 08:26:19,786.0,22.7,29.3
2024-01-16 08:36:21,822.0,22.8,30.08
2024-01-16 08:46:24,916.0,22.8,30.08
2024-01-16 08:56:26,938.0,22.7,30.08
2024-01-16 09:05:57,1047.0,22.8,30.47
2024-01-16 09:15:57,1047.0,22.8,30.47
2024-01-16 09:26:09,1152.0,22.8,30.86
2024-01-16 09:36:09,1204.0,22.8,31.25
2024-01-16 09:46:13,1148.0,22.8,31.25
2024-01-16 09:56:17,1172.0,22.7,31.64
2024-01-16 10:06:21,1251.0,22.8,32.03
2024-01-16 10:16:25,1273.0,22.7,32.42
2024-01-16 10:26:29,1257.0,22.8,32.42
2024-01-16 10:36:34,1331.0,22.7,32.42
2024-01-16 10:46:38,1310.0,22.8,32.42
2024-01-16 10:56:42,1294.0,22.7,32.03
2024-01-16 11:06:46,1249.0,22.7,31.64
2024-01-16 11:16:50,1280.0,22.7,31.64
2024-01-16 11:26:54,1241.0,22.8,31.64
2024-01-16 11:36:58,1192.0,22.8,31.25
2024-01-16 11:47:02,1207.0,22.9,30.86
2024-01-16 11:57:07,1172.0,22.8,30.86
2024-01-16 12:07:11,1136.0,22.8,30.86
2024-01-16 12:17:15,1159.0,22.8,30.86
2024-01-16 12:27:19,1195.0,22.8,30.47
2024-01-16 12:37:23,1230.0,22.8,30.47
2024-01-16 12:47:27,1240.0,22.8,30.86
2024-01-16 12:57:31,1295.0,22.9,30.86
2024-01-16 13:08:12,1293.0,22.8,30.86
2024-01-16 13:17:42,1375.0,22.9,31.25
2024-01-16 13:27:46,1419.0,22.8,31.25
2024-01-16 13:37:50,1507.0,22.8,31.64
2024-01-16 13:47:54,1471.0,22.9,30.86
2024-01-16 13:57:58,1009.0,22.8,27.73
2024-01-16 14:08:03,1202.0,22.8,28.12
2024-01-16 14:18:07,1268.0,22.8,29.3
2024-01-16 14:28:11,1391.0,22.8,29.69
2024-01-16 14:38:15,1368.0,22.8,29.69
2024-01-16 14:48:19,1372.0,22.8,30.08
2024-01-16 14:58:23,1354.0,22.8,30.08
2024-01-16 15:08:27,1368.0,22.8,30.47
2024-01-16 15:18:31,1410.0,22.8,30.86
2024-01-16 15:28:36,1483.0,22.8,30.86
2024-01-16 15:39:16,1491.0,22.8,31.25
2024-01-16 15:48:46,1491.0,22.8,31.25
2024-01-16 15:58:56,1468.0,22.8,31.25
2024-01-16 16:08:56,1474.0,22.8,31.64
2024-01-16 16:19:01,1410.0,22.8,32.03
2024-01-16 16:29:05,1478.0,22.8,31.64
2024-01-16 16:39:09,1383.0,22.8,31.64
2024-01-16 16:49:13,1331.0,22.7,31.25
2024-01-16 16:59:17,1284.0,22.8,30.86
2024-01-16 17:09:21,1160.0,22.7,30.86
2024-01-16 17:19:25,1190.0,22.8,30.47
2024-01-16 17:29:29,1196.0,22.7,30.47
2024-01-16 17:39:34,1180.0,22.9,30.08
2024-01-16 17:49:38,1036.0,22.8,30.08
2024-01-16 17:59:42,1101.0,22.7,29.69
2024-01-16 18:09:46,990.0,22.7,29.69
2024-01-16 18:19:50,1024.0,22.8,29.69
2024-01-16 18:29:54,944.0,22.7,29.69
2024-01-16 18:39:58,1017.0,22.8,29.69
2024-01-16 18:50:02,957.0,22.8,29.69
2024-01-16 19:00:07,953.0,22.7,29.69
2024-01-16 19:10:11,923.0,22.7,29.69
2024-01-16 19:20:15,912.0,22.8,29.69
2024-01-16 19:30:19,851.0,22.8,29.69
2024-01-16 19:40:23,853.0,22.8,29.3
2024-01-16 19:50:59,844.0,22.8,29.3
2024-01-16 20:01:02,872.0,22.8,29.3
2024-01-16 20:11:04,870.0,22.7,29.3
2024-01-16 20:21:07,844.0,22.8,29.3
2024-01-16 20:31:09,840.0,22.8,29.3
2024-01-16 20:41:11,824.0,22.7,29.3
2024-01-16 20:51:14,793.0,22.8,29.3
2024-01-16 21:01:16,774.0,22.8,29.3
2024-01-16 21:11:19,813.0,22.8,29.3
2024-01-16 21:21:21,730.0,22.8,29.3
2024-01-16 21:31:23,788.0,22.7,29.3
2024-01-16 21:41:26,769.0,22.8,29.3
2024-01-16 21:51:28,751.0,22.8,28.91
2024-01-16 22:01:31,764.0,22.8,28.91
2024-01-16 22:11:33,750.0,22.8,28.91
2024-01-16 22:21:03,750.0,22.8,28.91
2024-01-16 22:31:14,715.0,22.7,28.91
2024-01-16 22:41:30,723.0,22.8,28.91
2024-01-16 22:51:30,771.0,22.7,28.91
2024-01-16 23:01:48,725.0,22.7,28.91
2024-01-16 23:11:51,744.0,22.8,28.91
2024-01-16 23:21:53,673.0,22.7,28.91
2024-01-16 23:31:55,692.0,22.8,28.91
2024-01-16 23:41:58,690.0,22.7,28.91
2024-01-16 23:52:00,715.0,22.8,28.91
2024-01-17 00:02:03,713.0,22.8,28.91
2024-01-17 00:11:49,625.0,22.8,28.91
2024-01-17 00:22:07,701.0,22.7,28.91
2024-01-17 00:32:10,711.0,22.7,28.91
2024-01-17 00:42:12,683.0,22.8,28.91
2024-01-17 00:52:15,664.0,22.7,28.91
2024-01-17 01:02:17,656.0,22.7,28.91
2024-01-17 01:12:19,682.0,22.7,28.91
2024-01-17 01:22:22,678.0,22.7,28.91
2024-01-17 01:32:24,627.0,22.7,28.91
2024-01-17 01:42:27,651.0,22.7,28.91
2024-01-17 01:52:29,625.0,22.7,28.91
2024-01-17 02:02:31,663.0,22.7,28.91
2024-01-17 02:12:34,683.0,22.7,28.91
2024-01-17 02:22:36,642.0,22.8,28.91
2024-01-17 02:32:39,579.0,22.8,28.91
2024-01-17 02:42:41,623.0,22.8,28.91
2024-01-17 02:52:43,633.0,22.7,28.91
2024-01-17 03:02:46,654.0,22.7,28.91
2024-01-17 03:12:47,685.0,22.8,28.91
2024-01-17 03:22:49,695.0,22.8,29.3
2024-01-17 03:32:52,597.0,22.7,28.91
2024-01-17 03:42:54,647.0,22.8,28.91
2024-01-17 03:52:57,663.0,22.9,28.91
2024-01-17 04:02:59,582.0,22.8,29.3
2024-01-17 04:13:01,683.0,22.9,28.91
2024-01-17 04:23:04,605.0,22.8,28.91
2024-01-17 04:33:06,660.0,22.8,28.91
2024-01-17 04:43:09,595.0,22.8,28.91
2024-01-17 04:52:39,595.0,22.8,28.91
2024-01-17 05:02:49,652.0,22.8,28.91
2024-01-17 05:13:05,628.0,22.9,29.3
2024-01-17 05:23:21,626.0,22.9,28.91
2024-01-17 05:33:21,597.0,22.9,28.91
2024-01-17 05:43:24,614.0,22.9,28.91
2024-01-17 05:53:26,612.0,22.8,28.91
2024-01-17 06:03:29,614.0,22.9,28.91
2024-01-17 06:13:31,629.0,22.9,28.91
2024-01-17 06:23:33,713.0,22.8,28.91
2024-01-17 06:33:20,591.0,22.9,29.3
2024-01-17 06:43:38,625.0,22.9,29.3
2024-01-17 06:53:41,608.0,22.9,29.3
2024-01-17 07:03:43,642.0,22.9,29.3
2024-01-17 07:13:45,666.0,22.9,29.3
2024-01-17 07:23:48,635.0,22.9,29.3
2024-01-17 07:33:34,627.0,22.9,29.69
2024-01-17 07:43:53,641.0,22.9,29.69
2024-01-17 07:53:55,631.0,22.9,29.69
2024-01-17 08:03:57,648.0,22.9,29.69
2024-01-17 08:14:00,642.0,22.9,30.08
2024-01-17 08:24:02,654.0,23.0,30.08
2024-01-17 08:33:49,684.0,22.9,30.08
2024-01-17 08:44:07,830.0,22.9,30.86
2024-01-17 08:54:09,779.0,22.9,31.25
2024-01-17 09:04:12,817.0,22.9,31.25
2024-01-17 09:14:14,851.0,22.9,31.25
2024-01-17 09:24:17,871.0,22.8,31.25
2024-01-17 09:34:19,843.0,22.9,31.25
2024-01-17 09:44:21,812.0,22.9,30.86
2024-01-17 09:54:24,780.0,22.9,30.86
2024-01-17 10:04:26,751.0,22.9,30.86
2024-01-17 10:14:29,814.0,22.9,30.86
2024-01-17 10:24:31,803.0,22.9,31.25
2024-01-17 10:34:33,763.0,22.8,31.25
2024-01-17 10:44:40,974.0,22.8,31.64
2024-01-17 10:54:42,1044.0,22.9,31.64
2024-01-17 11:04:45,1064.0,22.8,32.03
2024-01-17 11:14:50,1016.0,22.8,32.03
2024-01-17 11:24:24,1016.0,22.8,32.03
2024-01-17 11:34:39,995.0,22.9,31.64
2024-01-17 11:44:59,976.0,22.8,31.64
2024-01-17 11:55:19,935.0,22.8,31.64
2024-01-17 12:05:23,932.0,22.9,31.64
2024-01-17 12:15:29,936.0,22.8,31.25
2024-01-17 12:25:36,861.0,22.8,31.25
2024-01-17 12:35:42,872.0,22.8,31.25
2024-01-17 12:45:45,842.0,22.7,30.86
2024-01-17 12:55:47,868.0,22.9,30.86
2024-01-17 13:05:50,816.0,22.9,30.86
2024-01-17 13:15:36,850.0,22.9,30.86
2024-01-17 13:25:54,890.0,22.8,30.86
2024-01-17 13:35:57,903.0,22.9,31.25
2024-01-17 13:45:47,957.0,22.8,31.25
2024-01-17 13:56:06,945.0,22.9,31.64
2024-01-17 14:06:08,1004.0,22.9,31.64
2024-01-17 14:16:14,1006.0,22.8,31.64
2024-01-17 14:26:21,952.0,22.8,31.25
2024-01-17 14:36:27,937.0,22.8,31.25
2024-01-17 14:46:34,921.0,22.8,30.86
2024-01-17 14:56:40,932.0,22.9,30.86
2024-01-17 15:06:47,852.0,22.8,30.86
2024-01-17 15:16:53,840.0,22.9,30.86
2024-01-17 15:26:56,863.0,22.8,30.86
2024-01-17 15:36:58,832.0,22.9,30.86
2024-01-17 15:47:00,924.0,22.8,30.86
2024-01-17 15:57:03,876.0,22.8,30.86
2024-01-17 16:07:05,855.0,22.9,30.47
2024-01-17 16:17:07,894.0,22.8,30.47
2024-01-17 16:27:10,800.0,22.9,30.47
2024-01-17 16:37:16,1064.0,22.8,31.25
2024-01-17 16:47:19,1052.0,22.8,31.25
2024-01-17 16:57:21,982.0,22.8,31.25
2024-01-17 17:07:28,983.0,22.8,31.25
2024-01-17 17:17:34,998.0,22.8,31.25
2024-01-17 17:27:40,923.0,22.9,31.25
2024-01-17 17:37:47,946.0,22.8,30.86
2024-01-17 17:47:53,928.0,22.8,30.86
2024-01-17 17:57:28,928.0,22.8,30.86
2024-01-17 18:07:42,928.0,22.8,30.86
2024-01-17 18:18:02,937.0,22.9,30.86
2024-01-17 18:28:22,897.0,22.9,30.86
2024-01-17 18:38:26,902.0,22.9,30.86
2024-01-17 18:48:33,908.0,22.8,30.86
2024-01-17 18:58:35,787.0,22.9,30.86
2024-01-17 19:08:38,849.0,22.8,30.86
2024-01-17 19:18:39,886.0,22.9,30.47
2024-01-17 19:28:41,840.0,22.8,30.47
2024-01-17 19:38:44,759.0,22.8,30.47
2024-01-17 19:48:30,773.0,22.9,30.47
2024-01-17 19:58:49,780.0,22.9,30.47
2024-01-17 20:08:51,695.0,22.8,30.08
2024-01-17 20:18:53,672.0,22.8,30.47
2024-01-17 20:28:56,744.0,22.9,30.08
2024-01-17 20:38:58,751.0,22.9,30.08
2024-01-17 20:49:00,709.0,22.9,30.08
2024-01-17 20:59:03,709.0,22.8,30.08
2024-01-17 21:09:05,695.0,22.8,30.08
2024-01-17 21:19:07,742.0,22.9,30.08
2024-01-17 21:29:09,730.0,22.9,30.08
2024-01-17 21:39:11,693.0,22.8,30.08
2024-01-17 21:49:14,702.0,22.9,30.08
2024-01-17 21:59:00,752.0,22.8,30.08
2024-01-17 22:09:18,780.0,22.8,30.08
2024-01-17 22:19:21,695.0,22.9,30.08
2024-01-17 22:29:23,733.0,22.9,30.08
2024-01-17 22:39:26,768.0,22.8,29.69
2024-01-17 22:49:28,742.0,22.9,29.69
2024-01-17 22:59:30,653.0,22.8,29.69
2024-01-17 23:09:33,676.0,22.9,29.69
2024-01-17 23:19:34,607.0,22.9,29.69
2024-01-17 23:29:37,671.0,22.9,29.69
2024-01-17 23:39:39,598.0,22.9,29.69
2024-01-17 23:49:41,631.0,22.9,29.69
2024-01-17 23:59:44,676.0,23.0,29.69
2024-01-18 00:09:46,633.0,22.8,29.69
2024-01-18 00:19:48,664.0,22.8,29.69
2024-01-18 00:29:19,664.0,22.8,29.69
2024-01-18 00:39:29,676.0,22.9,29.3
2024-01-18 00:49:45,645.0,22.9,29.69
2024-01-18 01:00:01,614.0,22.9,29.3
2024-01-18 01:10:01,633.0,22.9,29.3
2024-01-18 01:20:03,589.0,22.9,29.3
2024-01-18 01:30:05,602.0,22.9,29.3
2024-01-18 01:40:07,618.0,22.9,29.3
2024-01-18 01:50:10,633.0,22.9,29.3
2024-01-18 02:00:12,618.0,22.9,29.3
2024-01-18 02:10:15,501.0,22.9,29.3
2024-01-18 02:20:01,565.0,22.9,29.3
2024-01-18 02:30:19,611.0,22.9,29.3
2024-01-18 02:40:22,573.0,22.9,29.3
2024-01-18 02:50:25,565.0,22.9,28.91
2024-01-18 03:00:27,563.0,22.9,28.91
2024-01-18 03:10:13,608.0,22.8,28.91
2024-01-18 03:20:31,594.0,22.9,28.91
2024-01-18 03:30:34,604.0,22.8,28.91
2024-01-18 03:40:36,604.0,22.9,28.91
2024-01-18 03:50:39,552.0,22.9,28.91
2024-01-18 04:00:41,592.0,22.9,28.91
2024-01-18 04:10:43,557.0,22.9,28.91
2024-01-18 04:20:46,552.0,22.9,28.91
2024-01-18 04:30:48,611.0,22.8,28.91
2024-01-18 04:40:51,568.0,22.9,28.91
2024-01-18 04:50:37,578.0,22.8,28.91
2024-01-18 05:00:55,578.0,22.9,28.91
2024-01-18 05:10:58,583.0,22.8,28.91
2024-01-18 05:21:00,555.0,22.9,28.52
2024-01-18 05:31:03,542.0,22.8,28.52
2024-01-18 05:41:05,542.0,22.9,28.52
2024-01-18 05:51:07,558.0,22.9,28.52
2024-01-18 06:01:10,550.0,22.8,28.52
2024-01-18 06:11:12,560.0,22.9,28.52
2024-01-18 06:21:15,537.0,22.8,28.52
2024-01-18 06:31:17,565.0,22.8,28.52
2024-01-18 06:41:19,565.0,22.8,28.91
2024-01-18 06:51:22,577.0,22.8,28.91
2024-01-18 07:00:52,577.0,22.8,28.91
2024-01-18 07:11:02,563.0,22.8,28.91
2024-01-18 07:21:19,521.0,22.8,28.91
2024-01-18 07:31:35,573.0,22.9,28.91
2024-01-18 07:41:35,539.0,22.8,28.52
2024-01-18 07:51:37,531.0,22.9,28.91
2024-01-18 08:01:40,574.0,22.8,28.52
2024-01-18 08:11:42,607.0,22.7,28.52
2024-01-18 08:21:44,582.0,22.7,28.52
2024-01-18 08:31:47,620.0,22.8,28.52
2024-01-18 08:41:49,670.0,22.7,28.91
2024-01-18 08:51:52,668.0,22.8,29.3
2024-01-18 09:01:54,692.0,22.7,29.3
2024-01-18 09:11:56,692.0,22.8,29.69
2024-01-18 09:21:58,706.0,22.8,29.69
2024-01-18 09:32:00,656.0,22.7,30.08
2024-01-18 09:42:02,692.0,22.8,29.69
2024-01-18 09:52:05,718.0,22.8,30.08
2024-01-18 10:02:07,689.0,22.8,30.08
2024-01-18 10:12:10,718.0,22.8,30.47
2024-01-18 10:22:12,759.0,22.8,30.47
2024-01-18 10:32:14,767.0,22.9,30.47
2024-01-18 10:42:17,843.0,22.9,30.86
2024-01-18 10:52:03,902.0,22.8,31.25
2024-01-18 11:02:06,947.0,22.8,31.25
2024-01-18 11:12:24,936.0,22.8,31.64
2024-01-18 11:22:25,912.0,22.9,31.25
2024-01-18 11:32:28,834.0,22.9,30.86
2024-01-18 11:42:30,886.0,22.9,30.86
2024-01-18 11:52:32,866.0,22.9,30.86
2024-01-18 12:02:39,967.0,22.9,31.25
2024-01-18 12:12:41,943.0,22.9,31.25
2024-01-18 12:22:44,991.0,23.0,31.25
2024-01-18 12:32:50,985.0,22.9,30.86
2024-01-18 12:42:56,919.0,22.9,30.86
2024-01-18 12:53:03,919.0,23.0,30.86
2024-01-18 13:03:09,939.0,22.9,30.86
2024-01-18 13:13:16,932.0,23.0,30.86
2024-01-18 13:23:21,1142.0,22.9,31.64
2024-01-18 13:32:55,1142.0,22.9,31.64
2024-01-18 13:43:10,1237.0,22.9,31.64
2024-01-18 13:53:30,1226.0,22.9,31.64
2024-01-18 14:03:50,1287.0,22.9,32.03
2024-01-18 14:13:38,1341.0,22.8,32.03
2024-01-18 14:24:00,1365.0,22.9,32.42
2024-01-18 14:34:07,1353.0,22.8,32.42
2024-01-18 14:44:13,1372.0,22.9,32.42
2024-01-18 14:54:20,1416.0,22.9,32.81
2024-01-18 15:04:26,1429.0,22.9,32.81
2024-01-18 15:14:32,1464.0,22.9,32.81
2024-01-18 15:24:38,1440.0,22.9,32.81
2024-01-18 15:34:28,1511.0,22.8,32.81
2024-01-18 15:44:51,1406.0,22.8,32.42
2024-01-18 15:54:57,1310.0,22.9,32.03
2024-01-18 16:04:47,1331.0,22.8,32.03
2024-01-18 16:15:10,1285.0,22.8,31.64
2024-01-18 16:25:16,1289.0,22.8,31.64
2024-01-18 16:35:23,1349.0,22.9,32.03
2024-01-18 16:45:29,1283.0,22.8,32.03
2024-01-18 16:55:35,1349.0,22.8,32.03
2024-01-18 17:05:42,1331.0,22.9,32.03
2024-01-18 17:15:48,1267.0,22.8,31.64
2024-01-18 17:25:54,1208.0,22.8,31.64
2024-01-18 17:36:00,1236.0,22.8,31.64
2024-01-18 17:46:06,1206.0,22.8,31.25
2024-01-18 17:56:13,1092.0,22.9,31.25
2024-01-18 18:06:19,1125.0,22.8,30.86
2024-01-18 18:16:26,1092.0,22.9,30.86
2024-01-18 18:46:41,971.0,22.9,30.47
2024-01-18 18:56:42,943.0,22.9,30.47
2024-01-18 19:06:47,917.0,22.9,30.47
2024-01-18 19:16:59,912.0,22.9,30.47
2024-01-18 19:27:05,915.0,22.8,30.08
2024-01-18 19:37:17,851.0,22.8,30.08
2024-01-18 19:47:29,864.0,22.8,30.08
2024-01-18 19:57:42,821.0,22.9,29.69
2024-01-18 20:07:50,843.0,22.8,29.69
2024-01-18 20:17:58,820.0,22.8,29.69
2024-01-18 20:27:50,771.0,22.8,29.69
2024-01-18 20:38:14,831.0,22.8,29.69
2024-01-18 20:48:22,699.0,22.8,29.69
2024-01-18 20:58:30,699.0,22.8,29.3
2024-01-18 21:08:39,713.0,22.8,29.3
2024-01-18 21:18:47,725.0,22.9,29.3
2024-01-18 21:28:48,724.0,22.8,29.3
2024-01-18 21:38:56,689.0,22.8,29.3
2024-01-18 21:49:04,747.0,22.8,29.3
2024-01-18 21:59:13,684.0,22.9,29.3
2024-01-18 22:09:21,681.0,22.9,29.3
2024-01-18 22:19:22,703.0,22.9,29.3
2024-01-18 22:29:23,698.0,22.8,28.91
2024-01-18 22:39:26,653.0,22.8,28.91
2024-01-18 22:48:56,653.0,22.8,28.91
2024-01-18 22:59:06,682.0,22.8,28.91
2024-01-18 23:09:22,679.0,22.8,28.91
2024-01-18 23:19:38,689.0,22.7,28.91
2024-01-18 23:29:39,713.0,22.8,28.91
2024-01-18 23:39:41,659.0,22.8,28.91
2024-01-18 23:49:27,653.0,22.8,28.91
2024-01-18 23:59:46,682.0,22.8,28.91
2024-01-19 00:09:48,639.0,22.9,28.91
2024-01-19 00:19:51,699.0,22.8,28.91
2024-01-19 00:29:53,661.0,22.8,28.91
2024-01-19 00:39:55,633.0,22.8,28.91
2024-01-19 00:49:58,654.0,22.9,28.91
2024-01-19 01:00:00,626.0,22.8,28.91
2024-01-19 01:10:02,606.0,22.8,28.91
2024-01-19 01:20:05,594.0,22.9,28.91
2024-01-19 01:30:06,606.0,22.8,28.91
2024-01-19 01:40:09,616.0,22.8,28.91
2024-01-19 01:50:11,558.0,22.9,28.91
2024-01-19 02:00:13,625.0,22.9,28.91
2024-01-19 02:10:16,647.0,22.9,28.91
2024-01-19 02:20:18,621.0,22.8,28.91
2024-01-19 02:30:21,579.0,22.9,28.91
2024-01-19 02:40:24,631.0,22.8,28.91
2024-01-19 02:50:26,586.0,22.8,28.91
2024-01-19 03:00:12,607.0,22.8,28.91
2024-01-19 03:10:30,624.0,22.8,28.91
2024-01-19 03:20:32,572.0,22.8,28.91
2024-01-19 03:30:34,603.0,22.8,28.91
2024-01-19 03:40:36,595.0,22.9,28.91
2024-01-19 03:50:39,572.0,22.8,28.91
2024-01-19 04:00:41,588.0,22.9,28.91
2024-01-19 04:10:43,572.0,22.8,28.91
2024-01-19 04:20:46,624.0,22.8,29.3
2024-01-19 04:30:48,598.0,22.8,29.3
2024-01-19 04:40:50,564.0,22.8,29.3
2024-01-19 04:50:53,612.0,22.8,29.3
2024-01-19 05:00:55,601.0,22.8,29.3
2024-01-19 05:10:58,565.0,22.8,29.3
2024-01-19 05:20:28,565.0,22.8,29.3
2024-01-19 05:30:38,567.0,22.8,29.3
2024-01-19 05:40:54,562.0,22.8,28.91
2024-01-19 05:51:11,591.0,22.8,28.91
2024-01-19 06:01:11,567.0,22.8,28.91
2024-01-19 06:11:13,591.0,22.8,28.91
2024-01-19 06:21:15,574.0,22.8,28.91
2024-01-19 06:31:18,551.0,22.8,28.91
2024-01-19 06:41:20,586.0,22.9,28.91
2024-01-19 06:51:23,556.0,22.8,29.3
2024-01-19 07:01:09,576.0,22.8,29.3
2024-01-19 07:11:27,531.0,22.8,29.3
2024-01-19 07:21:30,557.0,22.8,29.3
2024-01-19 07:31:32,548.0,22.8,29.3
2024-01-19 07:41:34,615.0,22.8,29.3
2024-01-19 07:51:36,582.0,22.8,29.69
2024-01-19 08:01:38,650.0,22.7,30.08
2024-01-19 08:11:41,738.0,22.8,30.86
2024-01-19 08:21:43,780.0,22.8,31.25
2024-01-19 08:31:45,839.0,22.8,31.25
2024-01-19 08:41:48,848.0,22.8,31.64
2024-01-19 08:51:50,905.0,22.7,32.03
2024-01-19 09:01:53,942.0,22.7,32.42
2024-01-19 09:11:43,955.0,22.8,32.42
2024-01-19 09:22:01,987.0,22.8,32.42
2024-01-19 09:32:04,1052.0,22.8,32.81
2024-01-19 09:42:09,1060.0,22.8,32.81
2024-01-19 09:52:16,1008.0,22.8,32.81
2024-01-19 10:02:22,1087.0,22.8,32.81
2024-01-19 10:12:12,1136.0,22.7,32.81
2024-01-19 10:22:35,1097.0,22.9,32.42
2024-01-19 10:32:41,1184.0,22.8,32.42
2024-01-19 10:42:48,1160.0,22.8,32.42
2024-01-19 10:52:54,1187.0,22.9,32.03
2024-01-19 11:03:00,1160.0,22.7,32.03
2024-01-19 11:13:07,1098.0,22.8,32.03
2024-01-19 11:23:13,1163.0,22.8,32.42
2024-01-19 11:33:20,1253.0,22.8,32.81
2024-01-19 11:43:27,1300.0,22.8,32.81
2024-01-19 11:53:00,1300.0,22.8,32.81
2024-01-19 12:03:15,1357.0,22.9,32.81
2024-01-19 12:13:35,1444.0,22.9,32.81
2024-01-19 12:23:55,1343.0,22.8,33.2
2024-01-19 12:33:43,1389.0,22.9,33.2
2024-01-19 12:44:06,1376.0,22.8,33.2
2024-01-19 12:54:12,1406.0,22.9,33.59
2024-01-19 13:04:18,1438.0,22.8,33.59
2024-01-19 13:14:09,1538.0,22.8,33.59
2024-01-19 13:24:31,1613.0,22.9,33.98
2024-01-19 13:34:38,1194.0,22.9,32.03
2024-01-19 13:44:39,1066.0,22.8,31.25
2024-01-19 13:54:41,1023.0,22.8,31.25
2024-01-19 14:04:48,1085.0,22.9,31.25
2024-01-19 14:14:54,1173.0,22.8,31.64
2024-01-19 14:25:01,1320.0,22.9,32.03
2024-01-19 14:35:07,1343.0,22.9,32.03
2024-01-19 14:45:13,1265.0,22.9,32.42
2024-01-19 14:55:04,1206.0,22.9,32.03
2024-01-19 15:05:26,1175.0,22.9,32.03
2024-01-19 15:15:33,1265.0,22.9,32.42
2024-01-19 15:25:39,1308.0,22.8,32.42
2024-01-19 15:35:45,1321.0,22.9,32.81
2024-01-19 15:45:51,1348.0,23.0,32.81
2024-01-19 15:55:57,1430.0,22.9,32.81
2024-01-19 16:06:04,1166.0,22.9,31.25
2024-01-19 16:16:10,1278.0,22.9,31.25
2024-01-19 16:26:16,1266.0,22.9,31.64
2024-01-19 16:36:23,1292.0,22.9,32.03
2024-01-19 16:46:13,1348.0,22.9,32.03
2024-01-19 16:56:36,1264.0,22.9,32.03
2024-01-19 17:06:42,1201.0,22.9,32.03
2024-01-19 17:16:48,1269.0,23.0,31.64
2024-01-19 17:26:55,1185.0,23.0,31.64
2024-01-19 17:37:01,1206.0,22.9,31.64
2024-01-19 17:47:08,1220.0,22.9,31.64
2024-01-19 17:57:14,1112.0,22.9,31.25
2024-01-19 18:07:20,1078.0,23.0,31.25
2024-01-19 18:17:27,1046.0,22.9,31.25
2024-01-19 18:27:01,1046.0,22.9,31.25
2024-01-19 18:37:16,1080.0,23.0,31.25
2024-01-19 18:47:36,1047.0,23.0,31.25
2024-01-19 18:57:56,1013.0,23.0,31.25
2024-01-19 19:08:00,1022.0,23.0,31.25
2024-01-19 19:18:06,1000.0,23.0,31.25
2024-01-19 19:28:13,962.0,23.1,30.86
2024-01-19 19:38:19,972.0,23.0,30.86
2024-01-19 19:48:26,936.0,23.1,30.86
2024-01-19 19:58:32,896.0,23.1,30.47
2024-01-19 20:08:38,871.0,23.1,30.47
2024-01-19 20:18:41,896.0,23.0,30.47
2024-01-19 20:28:43,869.0,23.1,30.47
2024-01-19 20:38:50,852.0,23.1,30.47
2024-01-19 20:48:56,865.0,23.1,30.47
2024-01-19 20:59:03,926.0,23.0,30.47
2024-01-19 21:09:09,808.0,23.1,30.08
2024-01-19 21:19:12,802.0,23.1,30.08
2024-01-19 21:29:14,781.0,23.1,30.08
2024-01-19 21:39:16,781.0,23.1,30.08
2024-01-19 21:49:18,784.0,23.1,30.08
2024-01-19 21:59:20,793.0,23.1,30.08
2024-01-19 22:09:22,721.0,23.1,30.08
2024-01-19 22:19:09,737.0,23.1,30.08
2024-01-19 22:29:11,755.0,23.1,30.08
2024-01-19 22:39:30,756.0,23.1,30.08
2024-01-19 22:49:32,721.0,23.1,30.08
2024-01-19 22:59:34,725.0,23.1,30.08
2024-01-19 23:09:37,755.0,23.1,30.08
2024-01-19 23:19:39,727.0,23.1,30.08
2024-01-19 23:29:26,777.0,23.0,30.08
2024-01-19 23:39:44,734.0,23.0,30.47
2024-01-19 23:49:46,706.0,23.1,30.47
2024-01-19 23:59:49,743.0,23.0,30.47
2024-01-20 00:09:51,712.0,23.0,30.47
2024-01-20 00:19:54,762.0,23.0,30.47
2024-01-20 00:29:56,755.0,23.0,30.47
2024-01-20 00:39:58,708.0,23.0,30.47
2024-01-20 00:50:02,666.0,23.0,30.47
2024-01-20 00:59:31,666.0,23.0,30.47
2024-01-20 01:09:41,708.0,23.0,30.47
2024-01-20 01:19:58,656.0,23.0,30.47
2024-01-20 01:29:58,691.0,22.9,30.47
2024-01-20 01:40:00,637.0,23.0,30.47
2024-01-20 01:50:01,665.0,23.0,30.47
2024-01-20 02:00:04,695.0,22.9,30.47
2024-01-20 02:10:22,655.0,22.9,30.47
2024-01-20 02:20:24,686.0,23.0,30.47
2024-01-20 02:30:27,672.0,22.9,30.47
2024-01-20 02:40:29,652.0,22.9,30.47
2024-01-20 02:50:32,697.0,22.9,30.47
2024-01-20 03:00:34,683.0,22.9,30.47
2024-01-20 03:10:36,670.0,22.9,30.47
2024-01-20 03:20:39,636.0,22.9,30.47
2024-01-20 03:30:41,695.0,23.0,30.47
2024-01-20 03:40:44,707.0,22.9,30.47
2024-01-20 03:50:45,674.0,22.9,30.47
2024-01-20 04:00:31,643.0,23.0,30.47
2024-01-20 04:10:50,660.0,23.0,30.47
2024-01-20 04:20:52,595.0,22.9,30.86
2024-01-20 04:30:54,677.0,22.9,30.47
2024-01-20 04:40:57,662.0,22.9,30.47
2024-01-20 04:50:43,693.0,22.9,30.86
2024-01-20 05:01:02,684.0,22.9,30.47
2024-01-20 05:11:04,629.0,22.9,30.86
2024-01-20 05:21:06,641.0,22.9,30.86
2024-01-20 05:31:09,653.0,23.0,30.86
2024-01-20 05:41:11,648.0,23.0,30.86
2024-01-20 05:51:12,667.0,22.9,30.86
2024-01-20 06:01:15,637.0,23.0,30.86
2024-01-20 06:11:17,637.0,22.9,30.86
2024-01-20 06:21:20,587.0,22.9,30.86
2024-01-20 06:31:22,628.0,22.8,30.86
2024-01-20 06:41:24,566.0,22.9,30.86
2024-01-20 06:51:27,616.0,22.9,30.86
2024-01-20 07:01:29,659.0,22.9,31.25
2024-01-20 07:11:32,661.0,22.8,31.25
2024-01-20 07:21:34,616.0,22.8,31.25
2024-01-20 07:31:04,616.0,22.8,31.25
2024-01-20 07:41:15,644.0,22.9,31.25
2024-01-20 07:51:32,683.0,22.9,31.25
2024-01-20 08:01:47,628.0,22.9,31.25
2024-01-20 08:11:47,626.0,22.9,31.25
2024-01-20 08:21:49,676.0,22.9,31.25
2024-01-20 08:31:52,634.0,23.0,31.25
2024-01-20 08:41:54,609.0,22.9,31.25
2024-01-20 08:51:57,653.0,22.9,31.25
2024-01-20 09:01:59,616.0,22.9,31.25
2024-01-20 09:12:01,613.0,22.9,31.64
2024-01-20 09:22:04,621.0,22.9,31.64
2024-01-20 09:32:06,613.0,22.9,31.64
2024-01-20 09:42:09,637.0,22.9,31.25
2024-01-20 09:52:10,628.0,22.9,31.64
2024-01-20 10:02:12,652.0,22.9,31.64
2024-01-20 10:12:15,633.0,22.9,31.25
2024-01-20 10:22:17,692.0,23.0,31.64
2024-01-20 10:32:19,641.0,23.0,31.25
2024-01-20 10:42:22,643.0,22.9,31.25
2024-01-20 10:52:24,617.0,22.9,31.25
2024-01-20 11:02:27,634.0,22.9,31.25
2024-01-20 11:12:29,629.0,22.9,31.25
2024-01-20 11:22:31,638.0,22.9,31.25
2024-01-20 11:32:34,633.0,22.9,31.25
2024-01-20 11:42:36,683.0,23.0,31.25
2024-01-20 11:52:38,600.0,22.9,31.25
2024-01-20 12:02:40,578.0,22.9,31.25
2024-01-20 12:12:42,600.0,22.9,31.25
2024-01-20 12:22:45,619.0,22.9,31.25
2024-01-20 12:32:31,626.0,22.9,31.25
2024-01-20 12:52:52,660.0,22.9,31.25
2024-01-20 13:02:54,643.0,22.9,31.25
2024-01-20 13:12:57,619.0,22.9,31.25
2024-01-20 13:22:59,609.0,23.0,31.25
2024-01-20 13:33:01,624.0,22.9,31.25
2024-01-20 13:42:48,627.0,23.0,31.25
2024-01-20 13:53:06,652.0,22.9,31.25
2024-01-20 14:02:37,652.0,22.9,31.25
2024-01-20 14:12:47,614.0,22.9,31.25
2024-01-20 14:23:03,600.0,23.0,31.25
2024-01-20 14:33:19,605.0,22.9,31.25
2024-01-20 14:43:19,576.0,22.9,31.25
2024-01-20 14:53:21,612.0,22.9,31.25
2024-01-20 15:03:24,578.0,23.0,31.25
2024-01-20 15:13:26,626.0,22.9,31.25
2024-01-20 15:23:29,543.0,23.0,31.25
2024-01-20 15:33:31,600.0,22.9,31.25
2024-01-20 15:43:33,561.0,23.0,31.25
2024-01-20 15:53:36,584.0,23.0,31.25
2024-01-20 16:03:38,627.0,23.0,31.25
2024-01-20 16:13:41,564.0,23.0,31.25
2024-01-20 16:23:43,569.0,22.9,31.25
2024-01-20 16:33:45,612.0,22.9,31.25
2024-01-20 16:43:48,627.0,22.9,31.25
2024-01-20 16:53:50,569.0,23.0,31.25
2024-01-20 17:03:53,648.0,22.9,31.25
2024-01-20 17:13:55,633.0,22.9,31.25
2024-01-20 17:23:57,627.0,22.9,31.25
2024-01-20 17:34:00,595.0,22.9,31.25
2024-01-20 17:44:02,564.0,22.9,31.25
2024-01-20 17:54:05,643.0,22.9,31.25
2024-01-20 18:04:07,626.0,22.9,31.25
2024-01-20 18:14:09,595.0,22.9,31.25
2024-01-20 18:24:12,617.0,23.0,31.25
2024-01-20 18:34:14,584.0,23.0,31.25
2024-01-20 18:44:17,525.0,22.9,31.25
2024-01-20 18:54:19,579.0,23.0,31.25
2024-01-20 19:04:21,556.0,22.9,31.25
2024-01-20 19:14:24,574.0,23.0,31.25
2024-01-20 19:24:26,551.0,22.9,31.25
2024-01-20 19:34:29,542.0,23.0,31.25
2024-01-20 19:44:31,589.0,23.0,31.25
2024-01-20 19:54:32,572.0,23.1,31.25
2024-01-20 20:04:35,542.0,23.0,30.86
2024-01-20 20:14:37,582.0,23.0,30.86
2024-01-20 20:24:39,589.0,23.1,30.86
2024-01-20 20:34:10,589.0,23.1,30.86
2024-01-20 20:44:20,585.0,23.0,30.86
2024-01-20 20:54:36,604.0,23.1,30.86
2024-01-20 21:04:52,565.0,23.0,30.86
2024-01-20 21:14:52,525.0,23.0,30.86
2024-01-20 21:24:39,610.0,23.1,30.86
2024-01-20 21:34:57,551.0,23.1,30.86
2024-01-20 21:45:00,580.0,23.1,30.86
2024-01-20 21:55:02,506.0,23.0,30.86
2024-01-20 22:05:04,587.0,23.1,30.86
2024-01-20 22:14:51,559.0,23.1,30.86
2024-01-20 22:24:53,544.0,23.0,30.86
2024-01-20 22:35:12,539.0,23.0,30.86
2024-01-20 22:45:14,508.0,23.0,30.86
2024-01-20 22:55:16,547.0,23.1,30.86
2024-01-20 23:05:19,565.0,23.0,30.86
2024-01-20 23:15:21,572.0,23.0,30.86
2024-01-20 23:25:24,523.0,23.0,30.86
2024-01-20 23:35:26,549.0,23.0,30.86
2024-01-20 23:45:28,577.0,22.9,30.86
2024-01-20 23:55:30,508.0,23.0,30.86
2024-01-21 00:05:32,591.0,23.0,30.86
2024-01-21 00:15:34,567.0,23.0,30.86
2024-01-21 00:25:37,575.0,23.0,30.86
2024-01-21 00:35:39,498.0,23.1,30.86
2024-01-21 00:45:42,547.0,23.1,30.86
2024-01-21 00:55:44,579.0,23.0,30.86
2024-01-21 01:05:46,567.0,23.1,30.86
2024-01-21 01:25:51,541.0,23.1,30.86
2024-01-21 01:35:54,582.0,23.1,30.86
2024-01-21 01:45:40,523.0,23.0,30.86
2024-01-21 01:55:58,539.0,23.0,30.86
2024-01-21 02:06:01,567.0,23.0,30.86
2024-01-21 02:16:03,562.0,23.0,30.86
2024-01-21 02:26:06,580.0,23.1,30.86
2024-01-21 02:36:08,601.0,23.0,30.86
2024-01-21 02:46:10,582.0,23.1,30.86
2024-01-21 02:56:13,552.0,23.0,30.86
2024-01-21 03:05:43,552.0,23.0,30.86
2024-01-21 03:15:53,562.0,23.0,30.86
2024-01-21 03:26:09,503.0,23.0,30.86
2024-01-21 03:36:26,533.0,23.0,30.86
2024-01-21 03:46:26,582.0,23.0,30.86
2024-01-21 03:56:11,560.0,23.0,30.47
2024-01-21 04:06:29,580.0,23.0,30.47
2024-01-21 04:16:16,508.0,23.1,30.47
2024-01-21 04:26:34,589.0,23.0,30.47
2024-01-21 04:36:37,547.0,23.1,30.47
2024-01-21 04:46:23,552.0,23.0,30.47
2024-01-21 04:56:25,542.0,23.0,30.47
2024-01-21 05:06:44,570.0,23.0,30.47
2024-01-21 05:16:46,547.0,23.0,30.47
2024-01-21 05:26:49,577.0,23.1,30.47
2024-01-21 05:36:51,541.0,23.0,30.47
2024-01-21 05:46:53,570.0,23.0,30.47
2024-01-21 05:56:55,557.0,23.0,30.47
2024-01-21 06:06:41,570.0,23.0,30.47
2024-01-21 06:16:43,568.0,23.0,30.08
2024-01-21 06:27:02,572.0,23.1,30.47
2024-01-21 06:37:04,542.0,23.0,30.47
2024-01-21 06:47:07,565.0,23.0,30.47
2024-01-21 06:56:53,538.0,23.0,30.47
2024-01-21 07:07:11,547.0,23.0,30.47
2024-01-21 07:17:14,539.0,23.0,30.47
2024-01-21 07:27:16,618.0,23.0,30.47
2024-01-21 07:37:18,585.0,23.0,30.86
2024-01-21 07:47:21,572.0,23.1,31.25
2024-01-21 07:57:23,562.0,23.0,31.25
2024-01-21 08:07:26,630.0,23.0,31.25
2024-01-21 08:17:28,594.0,23.1,31.64
2024-01-21 08:27:30,568.0,23.0,31.25
2024-01-21 08:37:33,644.0,23.1,31.25
2024-01-21 08:47:35,596.0,23.1,31.25
2024-01-21 08:57:38,590.0,22.9,31.25
2024-01-21 09:07:40,550.0,23.0,31.25
2024-01-21 09:17:42,598.0,22.9,31.25
2024-01-21 09:27:45,524.0,23.0,30.86
2024-01-21 09:37:15,524.0,23.0,30.86
2024-01-21 09:47:26,598.0,22.9,31.25
2024-01-21 09:57:42,543.0,23.0,30.86
2024-01-21 10:07:58,590.0,22.9,30.86
2024-01-21 10:17:58,569.0,23.0,30.86
2024-01-21 10:28:00,564.0,22.9,30.86
2024-01-21 10:38:03,519.0,22.9,30.86
2024-01-21 10:48:05,497.0,22.9,30.86
2024-01-21 10:58:07,605.0,22.9,30.47
2024-01-21 11:08:10,579.0,22.9,30.47
2024-01-21 11:18:12,551.0,22.9,30.47
2024-01-21 11:27:59,543.0,22.9,30.47
2024-01-21 11:38:17,528.0,23.0,30.47
2024-01-21 11:48:19,519.0,22.9,30.47
2024-01-21 11:58:21,561.0,22.9,30.47
2024-01-21 12:08:23,527.0,22.9,30.08
2024-01-21 12:18:25,563.0,23.0,30.47
2024-01-21 12:28:28,499.0,22.9,30.08
2024-01-21 12:38:30,527.0,22.9,30.08
2024-01-21 12:48:17,524.0,22.9,30.47
2024-01-21 12:58:35,558.0,22.9,30.08
2024-01-21 13:08:37,550.0,22.9,30.08
2024-01-21 13:18:40,557.0,22.8,30.08
2024-01-21 13:28:26,550.0,22.8,30.08
2024-01-21 13:38:45,547.0,22.8,30.08
2024-01-21 13:48:47,536.0,22.9,30.08
2024-01-21 13:58:49,542.0,22.9,30.08
2024-01-21 14:08:52,552.0,22.8,30.08
2024-01-21 14:18:54,568.0,22.9,30.08
2024-01-21 14:28:57,563.0,22.8,30.08
2024-01-21 14:38:43,558.0,22.8,30.08
2024-01-21 14:49:01,531.0,22.8,30.08
2024-01-21 14:59:04,577.0,22.8,30.08
2024-01-21 15:09:06,506.0,22.8,30.08
2024-01-21 15:19:09,539.0,22.8,30.08
2024-01-21 15:29:11,565.0,22.8,30.08
2024-01-21 15:39:13,542.0,22.9,30.08
2024-01-21 15:49:16,521.0,22.8,30.08
2024-01-21 15:59:17,547.0,22.8,30.08
2024-01-21 16:08:47,547.0,22.8,30.08
2024-01-21 16:18:58,549.0,22.9,30.08
2024-01-21 16:29:14,521.0,22.8,30.08
2024-01-21 16:39:30,537.0,22.8,30.08
2024-01-21 16:49:30,499.0,22.8,30.08
2024-01-21 16:59:32,521.0,22.8,30.08
2024-01-21 17:09:35,542.0,22.8,30.08
2024-01-21 17:19:37,549.0,22.8,30.08
2024-01-21 17:29:40,549.0,22.9,30.08
2024-01-21 17:39:42,518.0,22.9,30.08
2024-01-21 17:49:44,549.0,22.9,30.08
2024-01-21 17:59:46,555.0,22.8,30.08
2024-01-21 18:09:48,566.0,22.8,30.08
2024-01-21 18:19:50,555.0,22.9,30.08
2024-01-21 18:29:53,547.0,22.8,30.08
2024-01-21 18:39:55,560.0,22.9,30.08
2024-01-21 18:49:58,523.0,22.8,30.08
2024-01-21 18:59:44,494.0,22.9,30.08
2024-01-21 19:10:02,485.0,22.9,30.08
2024-01-21 19:20:05,513.0,22.9,30.08
2024-01-21 19:30:07,461.0,22.9,30.08
2024-01-21 19:40:10,542.0,22.8,30.08
2024-01-21 19:50:12,566.0,22.8,30.08
2024-01-21 19:59:57,519.0,22.9,30.08
2024-01-21 20:10:16,555.0,22.9,30.08
2024-01-21 20:20:02,503.0,22.9,30.08
2024-01-21 20:30:20,485.0,22.8,30.08
2024-01-21 20:40:23,565.0,22.9,30.08
2024-01-21 20:50:25,496.0,22.8,30.08
2024-01-21 21:00:12,537.0,22.8,30.08
2024-01-21 21:10:14,509.0,22.9,30.08
2024-01-21 21:20:32,483.0,22.9,30.08
2024-01-21 21:30:35,568.0,22.9,30.08
2024-01-21 21:40:37,490.0,22.9,30.08
2024-01-21 21:50:40,500.0,22.9,30.08
2024-01-21 22:00:41,500.0,22.9,30.08
2024-01-21 22:10:43,551.0,23.0,30.08
2024-01-21 22:20:46,486.0,22.9,30.08
2024-01-21 22:30:48,520.0,22.9,30.08
2024-01-21 22:40:19,520.0,22.9,30.08
2024-01-21 22:50:29,502.0,23.0,30.08
2024-01-21 23:00:45,530.0,23.0,30.08
2024-01-21 23:11:01,504.0,22.9,30.08
2024-01-21 23:21:01,510.0,22.9,30.08
2024-01-21 23:31:03,504.0,22.9,30.08
2024-01-21 23:41:06,486.0,22.9,30.08
2024-01-21 23:51:08,532.0,22.9,30.08
2024-01-22 00:01:09,538.0,22.9,30.08
2024-01-22 00:11:12,537.0,22.9,30.08
2024-01-22 00:21:14,466.0,23.0,30.08
2024-01-22 00:31:17,524.0,23.0,30.08
2024-01-22 00:41:19,561.0,22.9,30.08
2024-01-22 00:51:21,492.0,22.9,30.08
2024-01-22 01:01:24,494.0,22.9,30.08
2024-01-22 01:11:26,474.0,22.9,30.08
2024-01-22 01:21:29,467.0,22.9,30.08
2024-01-22 01:31:15,533.0,22.9,30.08
2024-01-22 01:41:33,522.0,23.0,30.08
2024-01-22 01:51:36,525.0,23.0,30.08
2024-01-22 02:01:37,500.0,23.0,30.08
2024-01-22 02:11:40,502.0,22.9,30.08
2024-01-22 02:21:42,564.0,22.9,30.08
2024-01-22 02:31:44,476.0,23.0,30.08
2024-01-22 02:41:47,541.0,22.9,30.47
2024-01-22 02:51:49,507.0,22.9,30.47
2024-01-22 03:01:51,520.0,22.9,30.08
2024-01-22 03:11:54,512.0,22.9,30.47
2024-01-22 03:21:56,525.0,22.9,30.47
2024-01-22 03:31:59,479.0,22.9,30.47
2024-01-22 03:42:01,528.0,23.0,30.47
2024-01-22 03:52:03,487.0,22.9,30.47
2024-01-22 04:02:05,487.0,23.0,30.47
2024-01-22 04:12:07,532.0,22.9,30.47
2024-01-22 04:22:09,492.0,23.0,30.47
2024-01-22 04:32:12,528.0,22.9,30.47
2024-01-22 04:42:14,510.0,22.9,30.47
2024-01-22 04:52:17,525.0,22.9,30.47
2024-01-22 05:02:19,522.0,22.9,30.47
2024-01-22 05:11:49,522.0,22.9,30.47
2024-01-22 05:22:00,524.0,22.9,30.47
2024-01-22 05:32:16,515.0,22.9,30.86
2024-01-22 05:42:32,524.0,22.8,30.86
2024-01-22 05:52:32,497.0,23.0,30.86
2024-01-22 06:02:35,503.0,22.8,30.86
2024-01-22 06:12:37,529.0,22.9,30.86
2024-01-22 06:22:39,501.0,23.0,30.86
2024-01-22 06:32:41,475.0,22.8,30.86
2024-01-22 06:42:44,521.0,22.8,30.86
2024-01-22 06:52:46,539.0,22.8,30.86
2024-01-22 07:02:33,458.0,22.9,30.86
2024-01-22 07:12:51,490.0,22.8,31.25
2024-01-22 07:22:53,499.0,22.8,31.25
2024-01-22 07:32:56,514.0,22.9,31.64
2024-01-22 07:42:58,577.0,22.8,32.03
2024-01-22 07:53:01,592.0,22.8,32.42
2024-01-22 08:03:03,540.0,22.8,32.81
2024-01-22 08:13:05,545.0,22.8,32.81
2024-01-22 08:23:08,651.0,22.9,33.2
2024-01-22 08:33:10,682.0,22.9,33.59
2024-01-22 08:43:13,720.0,22.9,33.59
2024-01-22 08:53:15,699.0,22.8,33.98
2024-01-22 09:03:17,767.0,22.9,34.38
2024-01-22 09:13:20,818.0,22.8,34.77
2024-01-22 09:23:22,855.0,22.8,35.16
2024-01-22 09:33:25,912.0,22.8,35.16
2024-01-22 09:43:31,965.0,22.9,35.55
2024-01-22 09:53:33,936.0,22.9,35.55
2024-01-22 10:03:35,1116.0,22.9,35.94
2024-01-22 10:13:41,1120.0,22.9,36.33
2024-01-22 10:23:48,1230.0,22.9,36.33
2024-01-22 10:33:54,1353.0,22.9,36.72
2024-01-22 10:44:00,1314.0,22.9,36.72
2024-01-22 10:54:07,1334.0,22.8,36.72
2024-01-22 11:04:13,1384.0,22.9,37.11
2024-01-22 11:14:20,1373.0,23.0,37.11
2024-01-22 11:24:26,1268.0,22.9,37.11
2024-01-22 11:34:32,1314.0,23.0,37.11
2024-01-22 11:44:07,1314.0,23.0,37.11
2024-01-22 11:54:21,1302.0,23.0,36.72
2024-01-22 12:04:41,1224.0,23.0,36.72
2024-01-22 12:15:01,1212.0,23.0,36.33
2024-01-22 12:25:06,1210.0,23.1,36.33
2024-01-22 12:35:12,1165.0,23.0,36.33
2024-01-22 12:45:18,1133.0,23.1,35.94
2024-01-22 12:55:25,1251.0,23.0,36.33
2024-01-22 13:05:31,1293.0,23.0,36.33
2024-01-22 13:15:38,1302.0,23.0,36.72
2024-01-22 13:25:44,1308.0,23.0,36.72
2024-01-22 13:35:50,1375.0,23.0,36.33
2024-01-22 13:45:57,1514.0,23.0,36.72
2024-01-22 13:56:03,1501.0,23.0,36.72
2024-01-22 14:06:09,1477.0,23.1,37.11
2024-01-22 14:16:15,1490.0,23.1,37.11
2024-01-22 14:26:22,1538.0,23.1,37.11
2024-01-22 14:36:12,1562.0,23.0,36.72
2024-01-22 14:46:30,1592.0,23.0,37.11
2024-01-22 14:56:33,1541.0,23.1,37.11
2024-01-22 15:06:39,1616.0,23.0,37.11
2024-01-22 15:16:45,1585.0,23.0,37.11
2024-01-22 15:26:52,1512.0,23.0,36.72
2024-01-22 15:37:02,1446.0,23.0,36.33
2024-01-22 15:47:05,1298.0,23.0,35.94
2024-01-22 15:57:07,1241.0,23.1,35.94
2024-01-22 16:07:13,1266.0,23.1,35.55
2024-01-22 16:17:20,1304.0,23.0,35.94
2024-01-22 16:27:26,1279.0,23.2,35.55
2024-01-22 16:37:17,1393.0,23.1,35.94
2024-01-22 16:47:39,1431.0,23.1,36.33
2024-01-22 16:57:46,1462.0,23.1,36.33
2024-01-22 17:07:52,1402.0,23.1,35.94
2024-01-22 17:17:58,1445.0,23.1,35.94
2024-01-22 17:28:05,1334.0,23.0,35.94
2024-01-22 17:38:11,1381.0,23.0,35.94
2024-01-22 17:48:18,1217.0,23.0,35.55
2024-01-22 17:58:24,1223.0,23.1,35.55
2024-01-22 18:08:30,1258.0,23.1,35.16
2024-01-22 18:18:05,1258.0,23.1,35.16
2024-01-22 18:28:19,1231.0,23.0,35.16
2024-01-22 18:38:39,1142.0,23.0,35.16
2024-01-22 18:49:00,1176.0,23.0,35.16
2024-01-22 18:59:04,1037.0,23.0,34.77
2024-01-22 19:09:10,995.0,23.0,34.77
2024-01-22 19:19:16,1076.0,23.1,34.77
2024-01-22 19:29:23,995.0,23.0,34.77
2024-01-22 19:39:29,1078.0,23.0,34.38
2024-01-22 19:49:36,995.0,23.1,34.38
2024-01-22 19:59:42,961.0,23.0,34.38
2024-01-22 20:09:47,989.0,23.1,34.38
2024-01-22 20:19:38,946.0,23.0,34.38
2024-01-22 20:30:00,935.0,23.1,34.38
2024-01-22 20:39:51,957.0,23.1,33.98
2024-01-22 20:50:13,896.0,23.0,33.98
2024-01-22 21:00:19,931.0,23.1,33.98
2024-01-22 21:10:26,904.0,23.1,33.98
2024-01-22 21:20:32,907.0,23.1,33.98
2024-01-22 21:30:23,876.0,23.1,33.98
2024-01-22 21:40:25,835.0,23.0,33.98
2024-01-22 21:50:44,904.0,23.0,33.98
2024-01-22 22:00:46,865.0,23.0,33.98
2024-01-22 22:10:47,859.0,23.1,33.59
2024-01-22 22:20:50,786.0,23.1,33.59
2024-01-22 22:30:52,894.0,23.1,33.59
2024-01-22 22:40:54,783.0,23.1,33.59
2024-01-22 22:50:57,786.0,23.1,33.59
2024-01-22 23:00:59,804.0,23.1,33.59
2024-01-22 23:11:02,781.0,23.0,33.59
2024-01-22 23:21:04,802.0,23.1,33.59
2024-01-22 23:30:50,770.0,23.1,33.59
2024-01-22 23:41:09,742.0,23.2,33.59
2024-01-22 23:51:11,735.0,23.1,33.59
2024-01-23 00:01:14,716.0,23.1,33.2
2024-01-23 00:11:15,753.0,23.1,33.2
2024-01-23 00:21:17,755.0,23.1,33.2
2024-01-23 00:31:20,776.0,23.2,33.2
2024-01-23 00:41:22,721.0,23.1,33.2
2024-01-23 00:50:52,721.0,23.1,33.2
2024-01-23 01:01:03,718.0,23.1,33.2
2024-01-23 01:11:19,718.0,23.1,33.2
2024-01-23 01:21:35,746.0,23.1,33.2
2024-01-23 01:31:35,686.0,23.1,33.2
2024-01-23 01:41:21,723.0,23.2,33.2
2024-01-23 01:51:40,709.0,23.1,33.2
2024-01-23 02:01:42,742.0,23.1,33.2
2024-01-23 02:11:45,742.0,23.1,33.2
2024-01-23 02:21:47,723.0,23.1,33.2
2024-01-23 02:31:49,728.0,23.2,33.2
2024-01-23 02:41:52,706.0,23.2,33.2
2024-01-23 02:51:54,692.0,23.1,33.2
2024-01-23 03:01:57,753.0,23.1,33.2
2024-01-23 03:11:59,666.0,23.1,33.2
2024-01-23 03:22:01,718.0,23.0,33.2
2024-01-23 03:32:04,716.0,23.2,33.2
2024-01-23 03:42:06,704.0,23.1,33.2
2024-01-23 03:52:09,645.0,23.2,33.2
2024-01-23 04:02:11,657.0,23.1,33.2
2024-01-23 04:12:13,693.0,23.1,32.81
2024-01-23 04:22:16,699.0,23.1,32.81
2024-01-23 04:32:18,697.0,23.1,32.81
2024-01-23 04:42:21,663.0,23.1,32.81
2024-01-23 04:52:23,717.0,23.1,32.81
2024-01-23 05:02:26,643.0,23.1,32.81
2024-01-23 05:12:28,662.0,23.1,32.81
2024-01-23 05:22:30,650.0,23.1,32.81
2024-01-23 05:32:33,686.0,23.1,32.81
2024-01-23 05:42:35,567.0,23.2,32.81
2024-01-23 05:52:37,665.0,23.2,32.81
2024-01-23 06:02:40,656.0,23.1,32.81
2024-01-23 06:12:41,629.0,23.1,32.81
2024-01-23 06:22:43,654.0,23.2,32.81
2024-01-23 06:32:46,609.0,23.2,32.81
2024-01-23 06:42:48,664.0,23.1,32.81
2024-01-23 06:52:51,672.0,23.1,32.81
2024-01-23 07:02:53,600.0,23.1,32.81
2024-01-23 07:12:55,645.0,23.1,32.81
2024-01-23 07:22:26,645.0,23.1,32.81
2024-01-23 07:32:36,664.0,23.2,32.81
2024-01-23 07:42:52,662.0,23.1,32.81
2024-01-23 07:53:08,659.0,23.1,33.2
2024-01-23 08:03:08,686.0,23.2,33.59
2024-01-23 08:13:10,746.0,23.2,33.59
2024-01-23 08:22:56,734.0,23.2,33.98
2024-01-23 08:33:14,713.0,23.1,33.98
2024-01-23 08:43:17,753.0,23.0,33.98
2024-01-23 08:53:19,683.0,23.1,33.98
2024-01-23 09:03:22,693.0,23.1,33.98
2024-01-23 09:13:24,835.0,23.1,34.38
2024-01-23 09:23:26,896.0,23.1,34.77
2024-01-23 09:33:29,848.0,23.1,34.77
2024-01-23 09:43:31,877.0,23.1,34.77
2024-01-23 09:53:34,843.0,23.1,34.77
2024-01-23 10:03:36,843.0,23.2,34.77
2024-01-23 10:13:37,891.0,23.1,34.38
2024-01-23 10:23:40,811.0,23.2,34.38
2024-01-23 10:33:42,824.0,23.1,34.38
2024-01-23 10:43:44,797.0,23.1,34.38
2024-01-23 10:53:47,774.0,23.2,34.38
2024-01-23 11:03:49,736.0,23.1,33.98
2024-01-23 11:13:36,725.0,23.1,33.98
2024-01-23 11:23:54,857.0,23.2,34.38
2024-01-23 11:33:56,879.0,23.2,34.38
2024-01-23 11:44:03,975.0,23.2,34.77
2024-01-23 11:54:05,994.0,23.2,34.77
2024-01-23 12:03:51,984.0,23.1,34.77
2024-01-23 12:14:13,971.0,23.2,34.77
2024-01-23 12:24:03,912.0,23.1,34.77
2024-01-23 12:34:26,892.0,23.2,34.77
2024-01-23 12:44:32,956.0,23.2,34.38
2024-01-23 12:54:38,886.0,23.2,34.38
2024-01-23 13:04:29,899.0,23.2,34.38
2024-01-23 13:14:51,866.0,23.1,34.77
2024-01-23 13:24:58,1045.0,23.2,34.77
2024-01-23 13:35:04,1050.0,23.2,35.16
2024-01-23 13:45:11,1109.0,23.2,35.16
2024-01-23 13:54:45,1109.0,23.2,35.16
2024-01-23 14:04:59,1181.0,23.2,35.55
2024-01-23 14:15:19,1183.0,23.2,35.55
2024-01-23 14:25:39,1161.0,23.3,35.16
2024-01-23 14:35:44,1081.0,23.2,35.16
2024-01-23 14:45:50,1143.0,23.3,35.16
2024-01-23 14:55:56,1036.0,23.2,35.16
2024-01-23 15:06:03,1024.0,23.3,35.16
2024-01-23 15:16:09,1045.0,23.2,34.77
2024-01-23 15:26:16,1025.0,23.1,34.77
2024-01-23 15:36:22,985.0,23.1,35.16
2024-01-23 15:46:28,1026.0,23.2,35.16
2024-01-23 15:56:35,1046.0,23.3,35.16
2024-01-23 16:06:41,1063.0,23.3,34.77
2024-01-23 16:16:47,1067.0,23.3,34.77
2024-01-23 16:26:53,1079.0,23.3,34.77
2024-01-23 16:36:59,1052.0,23.3,34.77
2024-01-23 16:47:06,995.0,23.3,34.77
2024-01-23 16:57:12,978.0,23.2,34.77
2024-01-23 17:07:19,972.0,23.3,34.77
2024-01-23 17:17:25,993.0,23.4,34.38
2024-01-23 17:27:31,913.0,23.3,34.38
2024-01-23 17:37:34,836.0,23.3,34.38
2024-01-23 17:47:36,911.0,23.4,33.98
2024-01-23 17:57:39,821.0,23.4,33.98
2024-01-23 18:07:41,852.0,23.3,33.98
2024-01-23 18:17:43,862.0,23.3,33.98
2024-01-23 18:27:45,817.0,23.4,33.98
2024-01-23 18:37:47,770.0,23.3,33.59
2024-01-23 18:47:50,790.0,23.3,33.59
2024-01-23 18:57:52,787.0,23.3,33.59
2024-01-23 19:07:54,806.0,23.3,33.59
2024-01-23 19:17:57,745.0,23.4,33.59
2024-01-23 19:27:59,731.0,23.3,33.59
2024-01-23 19:38:02,745.0,23.4,33.59
2024-01-23 19:48:04,746.0,23.4,33.59
2024-01-23 19:58:06,729.0,23.3,33.2
2024-01-23 20:08:09,736.0,23.4,33.2
2024-01-23 20:18:11,727.0,23.4,33.2
2024-01-23 20:27:42,727.0,23.4,33.2
2024-01-23 20:37:52,661.0,23.3,33.2
2024-01-23 20:48:08,727.0,23.4,33.2
2024-01-23 20:58:24,652.0,23.3,33.2
2024-01-23 21:08:24,682.0,23.3,33.2
2024-01-23 21:18:11,650.0,23.3,33.2
2024-01-23 21:28:29,605.0,23.4,33.2
2024-01-23 21:38:31,689.0,23.4,33.2
2024-01-23 21:48:34,632.0,23.4,33.2
2024-01-23 21:58:36,683.0,23.3,33.2
2024-01-23 22:08:39,640.0,23.4,32.81
2024-01-23 22:18:41,640.0,23.3,33.2
2024-01-23 22:28:43,618.0,23.3,33.2
2024-01-23 22:38:46,692.0,23.4,32.81
2024-01-23 22:48:48,642.0,23.4,33.2
2024-01-23 22:58:51,634.0,23.4,33.2
2024-01-23 23:08:53,708.0,23.3,32.81
2024-01-23 23:18:55,647.0,23.3,32.81
2024-01-23 23:28:58,652.0,23.3,32.81
2024-01-23 23:39:00,676.0,23.3,32.81
2024-01-23 23:49:03,642.0,23.3,32.81
2024-01-23 23:59:05,632.0,23.4,32.81
2024-01-24 00:09:07,635.0,23.3,32.81
2024-01-24 00:19:09,586.0,23.4,32.81
2024-01-24 00:29:11,652.0,23.4,32.81
2024-01-24 00:39:13,654.0,23.4,32.81
2024-01-24 00:49:16,659.0,23.4,32.81
2024-01-24 00:59:18,590.0,23.4,32.81
2024-01-24 01:09:21,673.0,23.4,32.81
2024-01-24 01:19:23,585.0,23.4,32.81
2024-01-24 01:29:25,620.0,23.4,32.81
2024-01-24 01:39:28,663.0,23.4,32.81
2024-01-24 01:49:30,658.0,23.5,32.81
2024-01-24 01:59:33,621.0,23.3,32.81
2024-01-24 02:09:35,628.0,23.4,32.81
2024-01-24 02:19:36,555.0,23.4,32.81
2024-01-24 02:29:39,547.0,23.4,32.81
2024-01-24 02:39:41,596.0,23.4,32.81
2024-01-24 02:49:43,606.0,23.5,32.81
2024-01-24 02:59:14,606.0,23.5,32.81
2024-01-24 03:09:24,632.0,23.3,32.81
2024-01-24 03:19:40,644.0,23.4,32.81
2024-01-24 03:29:56,620.0,23.4,32.81
2024-01-24 03:39:56,687.0,23.3,33.2
2024-01-24 03:49:43,565.0,23.4,33.2
2024-01-24 04:00:01,562.0,23.5,33.2
2024-01-24 04:10:04,633.0,23.3,33.2
2024-01-24 04:20:05,572.0,23.5,33.2
2024-01-24 04:30:07,609.0,23.3,33.2
2024-01-24 04:40:10,599.0,23.5,33.2
2024-01-24 04:49:56,611.0,23.4,33.2
2024-01-24 05:00:14,630.0,23.4,33.2
2024-01-24 05:10:17,599.0,23.4,33.2
2024-01-24 05:20:19,631.0,23.4,33.2
2024-01-24 05:30:22,581.0,23.4,33.59
2024-01-24 05:40:24,627.0,23.3,33.59
2024-01-24 05:50:27,586.0,23.3,33.59
2024-01-24 06:00:29,619.0,23.4,33.59
2024-01-24 06:10:31,544.0,23.4,33.59
2024-01-24 06:20:32,592.0,23.3,33.59
2024-01-24 06:31:05,582.0,23.3,33.59
2024-01-24 06:40:37,626.0,23.3,33.98
2024-01-24 06:50:24,649.0,23.3,33.98
2024-01-24 07:00:42,632.0,23.3,35.55
2024-01-24 07:10:45,689.0,23.3,34.77
2024-01-24 07:20:47,716.0,23.3,34.77
2024-01-24 07:30:49,709.0,23.3,34.77
2024-01-24 07:40:52,745.0,23.4,34.77
2024-01-24 07:50:38,761.0,23.3,34.77
2024-01-24 08:00:56,724.0,23.3,35.16
2024-01-24 08:10:59,798.0,23.3,35.55
2024-01-24 08:21:00,846.0,23.2,35.55
2024-01-24 08:31:02,779.0,23.3,35.94
2024-01-24 08:41:05,786.0,23.3,35.94
2024-01-24 08:51:07,809.0,23.3,35.94
2024-01-24 09:01:14,1008.0,23.3,36.33
2024-01-24 09:11:16,1207.0,23.3,37.11
2024-01-24 09:21:18,1349.0,23.4,37.89
2024-01-24 09:30:53,1349.0,23.4,37.89
2024-01-24 09:41:07,1248.0,23.4,37.5
2024-01-24 09:51:27,1351.0,23.3,37.5
2024-01-24 10:01:47,1256.0,23.3,37.5
2024-01-24 10:11:51,1182.0,23.3,37.5
2024-01-24 10:21:57,1177.0,23.2,37.5
2024-01-24 10:32:03,1227.0,23.2,37.5
2024-01-24 10:42:10,1354.0,23.3,37.89
2024-01-24 10:52:16,1385.0,23.2,37.89
2024-01-24 11:02:22,1290.0,23.3,37.89
2024-01-24 11:12:29,1278.0,23.2,37.89
2024-01-24 11:22:35,1274.0,23.3,37.89
2024-01-24 11:32:42,1251.0,23.3,37.89
2024-01-24 11:42:48,1203.0,23.2,37.89
2024-01-24 11:52:54,1153.0,23.3,37.5
2024-01-24 12:03:01,1189.0,23.3,37.5
2024-01-24 12:13:07,1112.0,23.3,37.5
2024-01-24 12:23:13,1118.0,23.3,37.5
2024-01-24 12:33:19,1112.0,23.2,37.5
2024-01-24 12:43:25,1187.0,23.2,37.89
2024-01-24 12:53:32,1211.0,23.2,37.89
2024-01-24 13:03:38,1331.0,23.3,37.89
2024-01-24 13:13:45,1315.0,23.3,37.89
2024-01-24 13:23:51,1292.0,23.3,37.89
2024-01-24 13:33:57,1302.0,23.3,37.89
2024-01-24 13:44:04,1588.0,23.3,38.28
2024-01-24 13:54:06,1597.0,23.2,38.67
2024-01-24 14:04:13,1046.0,23.3,37.5
2024-01-24 14:14:15,1105.0,23.2,37.5
2024-01-24 14:24:16,1145.0,23.2,37.89
2024-01-24 14:34:23,1133.0,23.2,37.89
2024-01-24 14:44:29,1179.0,23.3,38.28
2024-01-24 14:54:36,1338.0,23.3,38.28
2024-01-24 15:04:42,1367.0,23.3,38.28
2024-01-24 15:14:48,1331.0,23.4,38.28
2024-01-24 15:24:55,1292.0,23.3,38.28
2024-01-24 15:35:01,1338.0,23.2,38.28
2024-01-24 15:45:08,1348.0,23.3,38.28
2024-01-24 15:55:14,1375.0,23.4,38.28
2024-01-24 16:04:48,1375.0,23.4,38.28
2024-01-24 16:15:03,1294.0,23.3,38.28
2024-01-24 16:25:23,1225.0,23.3,37.89
2024-01-24 16:35:43,1205.0,23.2,37.89
2024-01-24 16:45:47,1195.0,23.2,37.5
2024-01-24 16:55:54,1168.0,23.2,37.5
2024-01-24 17:06:00,1136.0,23.2,37.5
2024-01-24 17:16:06,1089.0,23.3,37.5
2024-01-24 17:26:13,1111.0,23.3,37.5
2024-01-24 17:36:19,1039.0,23.2,37.11
2024-01-24 17:46:26,1127.0,23.3,37.11
2024-01-24 17:56:32,1031.0,23.2,37.11
2024-01-24 18:06:38,1115.0,23.3,37.11
2024-01-24 18:16:45,1023.0,23.3,36.72
2024-01-24 18:26:51,1015.0,23.3,36.72
2024-01-24 18:36:58,953.0,23.3,36.72
2024-01-24 18:47:04,1002.0,23.2,36.72
2024-01-24 18:57:10,942.0,23.3,36.72
2024-01-24 19:07:17,940.0,23.2,36.33
2024-01-24 19:17:23,910.0,23.3,36.33
2024-01-24 19:27:30,949.0,23.2,36.72
2024-01-24 19:37:36,901.0,23.3,36.33
2024-01-24 19:47:43,903.0,23.3,36.33
2024-01-24 19:57:49,890.0,23.3,36.33
2024-01-24 20:07:55,892.0,23.3,36.33
2024-01-24 20:18:02,851.0,23.3,36.33
2024-01-24 20:28:04,840.0,23.3,35.94
2024-01-24 20:38:07,859.0,23.2,35.94
2024-01-24 20:48:09,849.0,23.3,35.94
2024-01-24 20:58:12,765.0,23.2,35.94
2024-01-24 21:08:14,784.0,23.4,35.94
2024-01-24 21:18:16,784.0,23.3,35.94
2024-01-24 21:28:03,800.0,23.3,35.55
2024-01-24 21:38:21,820.0,23.3,35.55
2024-01-24 21:48:24,747.0,23.3,35.55
2024-01-24 21:58:26,798.0,23.3,35.55
2024-01-24 22:08:28,803.0,23.2,35.55
2024-01-24 22:18:31,775.0,23.2,35.55
2024-01-24 22:28:33,758.0,23.3,35.55
2024-01-24 22:38:04,758.0,23.3,35.55
2024-01-24 22:48:14,800.0,23.2,35.55
2024-01-24 22:58:30,766.0,23.3,35.55
2024-01-24 23:08:46,744.0,23.3,35.55
2024-01-24 23:18:46,735.0,23.3,35.55
2024-01-24 23:28:49,719.0,23.3,35.16
2024-01-24 23:38:51,738.0,23.3,35.16
2024-01-24 23:48:53,716.0,23.4,35.16
2024-01-24 23:58:56,721.0,23.2,35.16
2024-01-25 00:08:58,709.0,23.3,35.16
2024-01-25 00:18:45,700.0,23.3,35.16
2024-01-25 00:28:47,756.0,23.4,35.16
2024-01-25 00:38:49,744.0,23.3,35.16
2024-01-25 00:48:52,702.0,23.3,35.16
2024-01-25 00:59:10,717.0,23.3,35.16
2024-01-25 01:09:13,740.0,23.3,35.16
2024-01-25 01:19:15,702.0,23.4,35.16
2024-01-25 01:29:16,696.0,23.3,35.16
2024-01-25 01:39:19,705.0,23.3,35.16
2024-01-25 01:49:21,705.0,23.3,34.77
2024-01-25 01:59:23,705.0,23.3,34.77
2024-01-25 02:09:26,689.0,23.3,34.77
2024-01-25 02:19:28,668.0,23.3,34.77
2024-01-25 02:29:29,668.0,23.3,34.77
2024-01-25 02:39:16,682.0,23.3,34.77
2024-01-25 02:49:34,658.0,23.3,34.77
2024-01-25 02:59:37,630.0,23.3,34.77
2024-01-25 03:09:39,706.0,23.3,34.77
2024-01-25 03:19:41,657.0,23.3,34.77
2024-01-25 03:29:44,630.0,23.3,34.77
2024-01-25 03:39:46,711.0,23.2,34.77
2024-01-25 03:49:49,623.0,23.2,34.77
2024-01-25 03:59:51,669.0,23.3,34.77
2024-01-25 04:09:53,645.0,23.2,34.77
2024-01-25 04:19:56,718.0,23.2,34.77
2024-01-25 04:29:57,656.0,23.2,34.77
2024-01-25 04:39:59,685.0,23.2,34.77
2024-01-25 04:50:02,711.0,23.2,34.77
2024-01-25 05:00:04,645.0,23.3,34.77
2024-01-25 05:09:35,645.0,23.3,34.77
2024-01-25 05:19:45,659.0,23.3,34.77
2024-01-25 05:30:01,657.0,23.2,34.77
2024-01-25 05:40:17,671.0,23.3,34.77
2024-01-25 05:50:17,664.0,23.3,34.38
2024-01-25 06:00:20,619.0,23.3,34.38
2024-01-25 06:10:22,669.0,23.2,34.38
2024-01-25 06:20:24,631.0,23.3,34.38
2024-01-25 06:30:27,626.0,23.2,34.38
2024-01-25 06:40:29,674.0,23.3,34.38
2024-01-25 06:50:32,623.0,23.3,34.38
2024-01-25 07:00:34,607.0,23.2,34.38
2024-01-25 07:10:36,669.0,23.2,34.38
2024-01-25 07:20:39,657.0,23.3,34.38
2024-01-25 07:30:41,590.0,23.2,34.38
2024-01-25 07:40:44,649.0,23.2,34.38
2024-01-25 07:50:46,661.0,23.2,34.38
2024-01-25 08:00:48,650.0,23.2,34.38
2024-01-25 08:10:51,688.0,23.3,34.38
2024-01-25 08:30:56,792.0,23.2,35.16
2024-01-25 08:40:58,890.0,23.3,35.55
2024-01-25 08:51:00,849.0,23.3,35.94
2024-01-25 09:01:03,872.0,23.3,35.94
2024-01-25 09:11:09,1068.0,23.3,36.72
2024-01-25 09:21:12,1245.0,23.3,39.45
2024-01-25 09:31:14,1184.0,23.4,39.84
2024-01-25 09:41:20,1119.0,23.3,39.45
2024-01-25 09:51:27,1216.0,23.3,39.45
2024-01-25 10:01:33,1214.0,23.3,39.45
2024-01-25 10:11:40,1228.0,23.3,38.67
2024-01-25 10:21:46,1102.0,23.3,38.28
2024-01-25 10:31:52,1169.0,23.3,38.28
2024-01-25 10:41:59,1151.0,23.3,38.28
2024-01-25 10:52:05,1181.0,23.4,38.28
2024-01-25 11:02:12,1151.0,23.4,38.28
2024-01-25 11:12:18,1173.0,23.3,37.89
2024-01-25 11:22:24,1239.0,23.4,37.89
2024-01-25 11:32:31,1197.0,23.4,37.5
2024-01-25 11:42:05,1197.0,23.4,37.5
2024-01-25 11:52:20,1194.0,23.4,37.5
2024-01-25 12:02:40,1152.0,23.4,37.11
2024-01-25 12:13:00,1125.0,23.4,37.11
2024-01-25 12:23:04,1136.0,23.4,37.11
2024-01-25 12:33:10,1082.0,23.5,37.11
2024-01-25 12:43:16,1107.0,23.5,37.11
2024-01-25 12:53:06,1137.0,23.5,36.72
2024-01-25 13:03:12,1086.0,23.5,36.72
2024-01-25 13:13:19,1092.0,23.5,36.72
2024-01-25 13:23:26,1132.0,23.4,36.33
2024-01-25 13:33:48,1121.0,23.5,35.94
2024-01-25 13:43:54,1183.0,23.4,35.94
2024-01-25 13:54:01,1237.0,23.5,35.94
2024-01-25 14:04:07,1255.0,23.5,35.94
2024-01-25 14:13:57,997.0,23.5,34.77
2024-01-25 14:24:20,914.0,23.4,33.59
2024-01-25 14:34:10,882.0,23.3,33.2
2024-01-25 14:44:29,810.0,23.4,33.2
2024-01-25 14:54:31,838.0,23.4,33.59
2024-01-25 15:04:34,913.0,23.4,33.59
2024-01-25 15:14:36,832.0,23.4,33.59
2024-01-25 15:24:38,895.0,23.4,33.59
2024-01-25 15:34:41,858.0,23.3,33.59
2024-01-25 15:44:43,794.0,23.4,33.59
2024-01-25 15:54:46,788.0,23.4,33.59
2024-01-25 16:04:48,817.0,23.5,33.59
2024-01-25 16:14:50,849.0,23.4,33.59
2024-01-25 16:24:53,760.0,23.4,33.59
2024-01-25 16:34:55,785.0,23.4,33.59
2024-01-25 16:44:42,810.0,23.4,33.59
2024-01-25 16:55:00,778.0,23.4,33.59
2024-01-25 17:05:02,752.0,23.4,33.59
2024-01-25 17:15:05,729.0,23.3,33.59
2024-01-25 17:25:07,717.0,23.4,33.59
2024-01-25 17:35:10,717.0,23.5,33.59
2024-01-25 17:45:12,692.0,23.4,33.2
2024-01-25 17:55:14,755.0,23.4,33.2
2024-01-25 18:05:17,682.0,23.4,33.2
2024-01-25 18:14:47,682.0,23.4,33.2
2024-01-25 18:24:57,676.0,23.4,33.2
2024-01-25 18:35:14,713.0,23.4,33.2
2024-01-25 18:45:30,658.0,23.3,33.2
2024-01-25 18:55:30,703.0,23.4,33.2
2024-01-25 19:05:32,709.0,23.4,33.2
2024-01-25 19:15:35,687.0,23.4,33.2
2024-01-25 19:25:37,689.0,23.3,33.2
2024-01-25 19:35:39,673.0,23.4,33.2
2024-01-25 19:45:42,682.0,23.3,33.2
2024-01-25 19:55:44,671.0,23.4,33.2
2024-01-25 20:05:47,673.0,23.3,33.2
2024-01-25 20:15:49,611.0,23.3,33.2
2024-01-25 20:25:51,689.0,23.3,33.2
2024-01-25 20:35:54,613.0,23.3,33.2
2024-01-25 20:45:56,658.0,23.4,33.2
2024-01-25 20:55:59,605.0,23.3,33.2
2024-01-25 21:06:01,659.0,23.3,33.2
2024-01-25 21:16:03,633.0,23.4,33.2
2024-01-25 21:26:06,610.0,23.4,32.81
2024-01-25 21:36:08,669.0,23.4,32.81
2024-01-25 21:46:10,631.0,23.4,32.81
2024-01-25 21:56:13,624.0,23.3,32.81
2024-01-25 22:06:15,624.0,23.3,32.81
2024-01-25 22:16:02,689.0,23.4,32.81
2024-01-25 22:26:20,662.0,23.3,32.81
2024-01-25 22:36:22,660.0,23.3,32.81
2024-01-25 22:46:24,610.0,23.4,32.81
2024-01-25 22:56:26,610.0,23.4,32.81
2024-01-25 23:06:28,608.0,23.4,32.42
2024-01-25 23:16:15,652.0,23.3,32.42
2024-01-25 23:26:17,619.0,23.4,32.42
2024-01-25 23:36:36,599.0,23.4,32.42
2024-01-25 23:46:38,649.0,23.3,32.42
2024-01-25 23:56:40,654.0,23.4,32.42
2024-01-26 00:06:43,574.0,23.4,32.42
2024-01-26 00:16:45,593.0,23.4,32.42
2024-01-26 00:26:48,613.0,23.4,32.42
2024-01-26 00:36:50,614.0,23.3,32.42
2024-01-26 00:46:21,614.0,23.3,32.42
2024-01-26 00:56:31,611.0,23.4,32.42
2024-01-26 01:06:47,586.0,23.4,32.42
2024-01-26 01:17:03,640.0,23.4,32.42
2024-01-26 01:27:03,488.0,23.3,32.42
2024-01-26 01:37:05,513.0,23.4,32.42
2024-01-26 01:47:08,553.0,23.4,32.42
2024-01-26 01:57:10,581.0,23.4,32.42
2024-01-26 02:07:13,480.0,23.4,32.42
2024-01-26 02:17:15,562.0,23.4,32.42
2024-01-26 02:27:17,521.0,23.3,32.42
2024-01-26 02:37:04,564.0,23.4,32.42
2024-01-26 02:47:05,556.0,23.3,32.42
2024-01-26 02:57:07,500.0,23.4,32.42
2024-01-26 03:07:26,514.0,23.4,32.42
2024-01-26 03:17:28,566.0,23.4,32.42
2024-01-26 03:27:31,607.0,23.3,32.42
2024-01-26 03:37:33,583.0,23.3,32.42
2024-01-26 03:47:35,571.0,23.3,32.42
2024-01-26 03:57:22,493.0,23.4,32.42
2024-01-26 04:07:40,503.0,23.4,32.42
2024-01-26 04:17:43,525.0,23.4,32.42
2024-01-26 04:27:45,593.0,23.3,32.42
2024-01-26 04:37:31,508.0,23.3,32.42
2024-01-26 04:47:50,556.0,23.3,32.42
2024-01-26 04:57:52,520.0,23.3,32.81
2024-01-26 05:07:55,536.0,23.3,32.42
2024-01-26 05:17:57,512.0,23.4,32.42
2024-01-26 05:27:59,543.0,23.3,32.81
2024-01-26 05:38:02,513.0,23.3,32.42
2024-01-26 05:47:48,534.0,23.3,32.42
2024-01-26 05:58:07,606.0,23.3,32.42
2024-01-26 06:08:09,560.0,23.2,32.42
2024-01-26 06:18:11,524.0,23.2,32.42
2024-01-26 06:28:14,522.0,23.3,32.42
2024-01-26 06:38:16,546.0,23.2,32.42
2024-01-26 06:48:19,544.0,23.3,32.42
2024-01-26 06:58:21,487.0,23.2,32.42
2024-01-26 07:08:23,482.0,23.2,32.42
2024-01-26 07:17:54,482.0,23.2,32.42
2024-01-26 07:28:04,513.0,23.2,32.42
2024-01-26 07:38:20,524.0,23.2,32.42
2024-01-26 07:48:36,511.0,23.1,32.81
2024-01-26 07:58:36,535.0,23.2,32.81
2024-01-26 08:08:39,586.0,23.2,33.2
2024-01-26 08:18:41,617.0,23.2,33.59
2024-01-26 08:28:44,675.0,23.2,33.98
2024-01-26 08:38:46,650.0,23.2,34.38
2024-01-26 08:48:48,736.0,23.1,34.77
2024-01-26 08:58:51,764.0,23.1,34.77
2024-01-26 09:08:37,786.0,23.1,35.16
2024-01-26 09:18:56,832.0,23.1,35.16
2024-01-26 09:28:58,799.0,23.1,35.55
2024-01-26 09:39:00,860.0,23.1,35.55
2024-01-26 09:49:03,848.0,23.2,35.55
2024-01-26 09:59:05,872.0,23.1,35.16
2024-01-26 10:09:08,945.0,23.1,35.55
2024-01-26 10:19:14,1029.0,23.1,35.55
2024-01-26 10:29:16,979.0,23.1,35.55
2024-01-26 10:39:19,1053.0,23.2,35.94
2024-01-26 10:49:24,1076.0,23.2,35.94
2024-01-26 10:59:30,1078.0,23.2,35.94
2024-01-26 11:09:37,1029.0,23.3,35.94
2024-01-26 11:19:43,1184.0,23.2,35.94
2024-01-26 11:29:50,1140.0,23.2,35.94
2024-01-26 11:39:56,1099.0,23.2,35.94
2024-01-26 11:50:02,1087.0,23.3,35.94
2024-01-26 12:00:09,1040.0,23.2,35.94
2024-01-26 12:09:59,1060.0,23.3,36.33
2024-01-26 12:20:22,1140.0,23.2,36.72
2024-01-26 12:30:28,1290.0,23.3,37.11
2024-01-26 12:40:35,1298.0,23.2,37.11
2024-01-26 12:50:41,1348.0,23.2,37.5
2024-01-26 13:00:47,1493.0,23.2,37.5
2024-01-26 13:10:54,1501.0,23.3,37.89
2024-01-26 13:21:04,1583.0,23.4,38.28
2024-01-26 13:31:07,1556.0,23.3,37.89
2024-01-26 13:41:09,1589.0,23.3,37.89
2024-01-26 13:50:43,1589.0,23.3,37.89
2024-01-26 14:00:58,1496.0,23.3,37.89
2024-01-26 14:11:18,1474.0,23.3,38.28
2024-01-26 14:21:38,1489.0,23.4,38.28
2024-01-26 14:31:42,1540.0,23.4,38.28
2024-01-26 14:41:49,1464.0,23.4,38.28
2024-01-26 14:51:54,1647.0,23.4,38.67
2024-01-26 15:02:00,1654.0,23.3,38.67
2024-01-26 15:12:07,1615.0,23.4,38.67
2024-01-26 15:22:13,1496.0,23.4,38.28
2024-01-26 15:32:19,1436.0,23.4,38.28
2024-01-26 15:42:22,1314.0,23.4,37.89
2024-01-26 15:52:24,1345.0,23.3,37.89
2024-01-26 16:02:31,1248.0,23.3,37.5
2024-01-26 16:12:37,1207.0,23.3,37.11
2024-01-26 16:22:43,1235.0,23.3,37.11
2024-01-26 16:32:50,1229.0,23.4,37.11
2024-01-26 16:42:56,1172.0,23.4,37.11
2024-01-26 16:53:03,1223.0,23.3,36.72
2024-01-26 17:03:09,1117.0,23.3,36.72
2024-01-26 17:13:16,1103.0,23.4,36.72
2024-01-26 17:23:22,1081.0,23.3,36.33
2024-01-26 17:33:28,1017.0,23.4,36.33
2024-01-26 17:43:35,1054.0,23.3,36.33
2024-01-26 17:53:41,951.0,23.3,35.94
2024-01-26 18:03:48,1044.0,23.4,35.94
2024-01-26 18:13:54,995.0,23.3,35.94
2024-01-26 18:24:00,1007.0,23.4,35.55
2024-01-26 18:34:07,978.0,23.4,35.55
2024-01-26 18:44:13,1001.0,23.4,35.55
2024-01-26 18:54:19,955.0,23.3,35.55
2024-01-26 19:04:25,949.0,23.4,35.55
2024-01-26 19:14:31,893.0,23.4,35.55
2024-01-26 19:24:38,897.0,23.3,35.16
2024-01-26 19:34:44,928.0,23.4,35.16
2024-01-26 19:44:51,858.0,23.3,35.16
2024-01-26 19:54:57,827.0,23.4,35.16
2024-01-26 20:05:00,827.0,23.4,35.16
2024-01-26 20:15:02,810.0,23.5,34.77
2024-01-26 20:24:33,810.0,23.5,34.77
2024-01-26 20:34:43,830.0,23.4,34.77
2024-01-26 20:44:59,852.0,23.5,34.77
2024-01-26 20:55:15,851.0,23.5,34.77
2024-01-26 21:05:15,847.0,23.4,34.77
2024-01-26 21:15:17,784.0,23.5,34.77
2024-01-26 21:25:20,819.0,23.4,34.77
2024-01-26 21:35:22,760.0,23.3,34.38
2024-01-26 21:45:25,836.0,23.4,34.77
2024-01-26 21:55:27,805.0,23.5,34.38
2024-01-26 22:05:29,792.0,23.3,34.38
2024-01-26 22:15:32,803.0,23.4,34.38
2024-01-26 22:25:18,806.0,23.4,34.38
2024-01-26 22:35:37,770.0,23.4,34.38
2024-01-26 22:45:39,683.0,23.5,34.38
2024-01-26 22:55:40,773.0,23.4,33.98
2024-01-26 23:05:43,736.0,23.4,33.98
2024-01-26 23:15:45,733.0,23.4,33.98
2024-01-26 23:25:47,713.0,23.4,33.98
2024-01-26 23:35:50,729.0,23.4,33.98
2024-01-26 23:45:52,703.0,23.4,33.98
2024-01-26 23:55:55,711.0,23.4,33.98
2024-01-27 00:05:57,741.0,23.3,33.98
2024-01-27 00:15:59,704.0,23.4,33.98
2024-01-27 00:26:02,720.0,23.4,33.98
2024-01-27 00:36:04,700.0,23.3,33.98
2024-01-27 00:46:07,644.0,23.3,33.98
2024-01-27 00:56:09,693.0,23.4,33.98
2024-01-27 01:06:11,736.0,23.3,33.98
2024-01-27 01:16:14,666.0,23.3,33.98
2024-01-27 01:26:16,722.0,23.3,33.98
2024-01-27 01:36:19,700.0,23.2,33.59
2024-01-27 01:46:21,671.0,23.2,33.59
2024-01-27 01:56:23,692.0,23.2,33.59
2024-01-27 02:06:26,662.0,23.2,33.59
2024-01-27 02:16:28,665.0,23.2,33.59
2024-01-27 02:26:31,629.0,23.2,33.59
2024-01-27 02:36:33,613.0,23.3,33.59
2024-01-27 02:46:35,676.0,23.3,33.59
2024-01-27 02:56:06,676.0,23.3,33.59
2024-01-27 03:06:16,681.0,23.2,33.59
2024-01-27 03:16:32,623.0,23.2,33.59
2024-01-27 03:26:48,637.0,23.3,33.59
2024-01-27 03:36:32,653.0,23.2,33.59
2024-01-27 03:46:35,636.0,23.2,33.59
2024-01-27 03:56:53,636.0,23.2,33.59
2024-01-27 04:06:55,610.0,23.3,33.59
2024-01-27 04:16:58,630.0,23.2,33.59
2024-01-27 04:27:00,648.0,23.3,33.59
2024-01-27 04:37:03,570.0,23.2,33.59
2024-01-27 04:46:49,658.0,23.3,33.59
2024-01-27 04:57:07,632.0,23.2,33.59
2024-01-27 05:07:11,606.0,23.2,33.59
2024-01-27 05:17:12,606.0,23.3,33.59
2024-01-27 05:27:15,657.0,23.2,33.59
2024-01-27 05:37:17,606.0,23.1,33.2
2024-01-27 05:47:19,632.0,23.3,33.2
2024-01-27 05:57:22,611.0,23.3,33.59
2024-01-27 06:07:24,610.0,23.3,33.59
2024-01-27 06:17:27,660.0,23.2,33.59
2024-01-27 06:27:29,639.0,23.2,33.59
2024-01-27 06:37:31,639.0,23.3,33.59
2024-01-27 06:47:34,570.0,23.3,33.59
2024-01-27 07:07:39,592.0,23.2,33.59
2024-01-27 07:17:41,612.0,23.2,33.59
2024-01-27 07:27:43,550.0,23.1,33.59
2024-01-27 07:37:46,609.0,23.2,33.59
2024-01-27 07:47:48,609.0,23.1,33.59
2024-01-27 07:57:51,613.0,23.2,33.59
2024-01-27 08:07:53,697.0,23.3,33.59
2024-01-27 08:17:55,594.0,23.2,33.59
2024-01-27 08:27:58,584.0,23.3,33.59
2024-01-27 08:38:00,636.0,23.3,33.59
2024-01-27 08:48:03,575.0,23.2,33.59
2024-01-27 08:58:04,589.0,23.3,33.59
2024-01-27 09:08:06,587.0,23.2,33.59
2024-01-27 09:18:09,618.0,23.3,33.59
2024-01-27 09:27:39,618.0,23.3,33.59
2024-01-27 09:37:49,630.0,23.3,33.59
2024-01-27 09:48:05,592.0,23.3,33.59
2024-01-27 09:58:21,584.0,23.2,33.59
2024-01-27 10:08:22,594.0,23.3,33.59
2024-01-27 10:18:24,551.0,23.2,33.59
2024-01-27 10:28:26,584.0,23.3,33.59
2024-01-27 10:38:29,587.0,23.3,33.59
2024-01-27 10:48:31,551.0,23.2,33.59
2024-01-27 10:58:34,592.0,23.3,33.59
2024-01-27 11:08:36,589.0,23.3,33.59
2024-01-27 11:18:22,613.0,23.3,33.59
2024-01-27 11:28:25,587.0,23.3,33.59
2024-01-27 11:38:43,602.0,23.3,33.59
2024-01-27 11:48:46,606.0,23.2,33.59
2024-01-27 11:58:48,549.0,23.3,33.59
2024-01-27 12:08:50,639.0,23.3,33.59
2024-01-27 12:18:53,536.0,23.3,33.59
2024-01-27 12:28:55,609.0,23.3,33.59
2024-01-27 12:38:58,598.0,23.3,33.59
2024-01-27 12:49:00,579.0,23.3,33.59
2024-01-27 12:59:02,599.0,23.3,33.59
2024-01-27 13:09:05,587.0,23.3,33.59
2024-01-27 13:19:07,544.0,23.3,33.59
2024-01-27 13:29:10,515.0,23.3,33.59
2024-01-27 13:39:12,553.0,23.3,33.59
2024-01-27 13:49:14,539.0,23.3,33.59
2024-01-27 13:59:17,507.0,23.2,33.59
2024-01-27 14:09:19,598.0,23.3,33.59
2024-01-27 14:19:21,551.0,23.3,33.59
2024-01-27 14:29:24,565.0,23.2,33.59
2024-01-27 14:39:26,534.0,23.3,33.59
2024-01-27 14:49:29,543.0,23.3,33.98
2024-01-27 14:59:31,565.0,23.2,33.59
2024-01-27 15:09:33,558.0,23.2,33.59
2024-01-27 15:19:36,594.0,23.3,33.98
2024-01-27 15:29:38,534.0,23.2,33.98
2024-01-27 15:39:41,499.0,23.2,33.59
2024-01-27 15:49:43,563.0,23.2,33.98
2024-01-27 15:59:13,563.0,23.2,33.98
2024-01-27 16:09:24,499.0,23.2,33.98
2024-01-27 16:19:40,539.0,23.2,33.98
2024-01-27 16:29:56,579.0,23.2,33.98
2024-01-27 16:39:56,579.0,23.2,33.98
2024-01-27 16:49:58,536.0,23.3,33.98
2024-01-27 17:00:00,589.0,23.2,33.98
2024-01-27 17:10:02,582.0,23.2,33.98
2024-01-27 17:20:04,543.0,23.3,33.98
2024-01-27 17:30:07,524.0,23.2,33.98
2024-01-27 17:40:09,606.0,23.2,33.98
2024-01-27 17:50:12,545.0,23.3,33.98
2024-01-27 17:59:58,572.0,23.2,33.98
2024-01-27 18:10:16,569.0,23.2,33.98
2024-01-27 18:20:19,511.0,23.2,33.98
2024-01-27 18:30:21,543.0,23.1,33.98
2024-01-27 18:40:24,509.0,23.2,33.98
2024-01-27 18:50:26,542.0,23.2,33.98
2024-01-27 19:00:28,533.0,23.2,33.98
2024-01-27 19:10:31,564.0,23.2,33.98
2024-01-27 19:20:33,552.0,23.2,33.98
2024-01-27 19:30:36,488.0,23.2,33.98
2024-01-27 19:40:38,483.0,23.2,33.98
2024-01-27 19:50:24,522.0,23.2,33.98
2024-01-27 20:00:27,499.0,23.2,33.98
2024-01-27 20:10:45,563.0,23.2,33.98
2024-01-27 20:20:48,549.0,23.2,33.59
2024-01-27 20:30:50,551.0,23.3,33.98
2024-01-27 20:40:52,479.0,23.2,33.98
2024-01-27 20:50:39,476.0,23.3,33.98
2024-01-27 21:00:57,565.0,23.2,33.59
2024-01-27 21:11:00,561.0,23.3,33.98
2024-01-27 21:21:02,553.0,23.3,33.59
2024-01-27 21:31:04,565.0,23.3,33.59
2024-01-27 21:41:07,525.0,23.2,33.59
2024-01-27 21:51:09,515.0,23.3,33.59
2024-01-27 22:01:12,527.0,23.2,33.59
2024-01-27 22:11:14,568.0,23.2,33.59
2024-01-27 22:21:16,522.0,23.3,33.59
2024-01-27 22:30:47,522.0,23.3,33.59
2024-01-27 22:40:57,525.0,23.3,33.59
2024-01-27 22:51:13,530.0,23.2,33.59
2024-01-27 23:01:29,532.0,23.2,33.59
2024-01-27 23:11:29,470.0,23.3,33.59
2024-01-27 23:21:32,555.0,23.2,33.59
2024-01-27 23:31:18,522.0,23.2,33.59
2024-01-27 23:41:37,544.0,23.3,33.59
2024-01-27 23:51:39,525.0,23.3,33.59
2024-01-28 00:01:41,489.0,23.2,33.59
2024-01-28 00:11:44,478.0,23.2,33.59
2024-01-28 00:21:30,555.0,23.2,33.59
2024-01-28 00:31:49,515.0,23.3,33.59
2024-01-28 00:41:51,517.0,23.3,33.59
2024-01-28 00:51:53,505.0,23.3,33.59
2024-01-28 01:01:55,546.0,23.2,33.59
2024-01-28 01:11:57,525.0,23.3,33.59
2024-01-28 01:21:59,502.0,23.3,33.59
2024-01-28 01:31:46,530.0,23.2,33.59
2024-01-28 01:42:04,525.0,23.2,33.59
2024-01-28 01:52:07,496.0,23.2,33.59
2024-01-28 02:02:09,541.0,23.3,33.59
2024-01-28 02:12:11,549.0,23.2,33.59
2024-01-28 02:21:58,572.0,23.3,33.59
2024-01-28 02:32:16,502.0,23.2,33.59
2024-01-28 02:42:19,494.0,23.2,33.59
2024-01-28 02:52:21,502.0,23.2,33.59
2024-01-28 03:02:23,505.0,23.2,33.59
2024-01-28 03:12:26,536.0,23.3,33.59
2024-01-28 03:22:28,513.0,23.2,33.59
2024-01-28 03:32:30,530.0,23.2,33.59
2024-01-28 03:42:33,570.0,23.3,33.59
2024-01-28 03:52:35,563.0,23.2,33.59
2024-01-28 04:02:38,470.0,23.3,33.59
2024-01-28 04:12:40,525.0,23.2,33.59
2024-01-28 04:22:42,543.0,23.3,33.59
2024-01-28 04:32:45,512.0,23.4,33.59
2024-01-28 04:42:47,520.0,23.2,33.59
2024-01-28 04:52:50,524.0,23.2,33.59
2024-01-28 05:02:19,524.0,23.2,33.59
2024-01-28 05:12:29,525.0,23.3,33.59
2024-01-28 05:22:45,544.0,23.3,33.59
2024-01-28 05:33:01,440.0,23.2,33.59
2024-01-28 05:43:01,532.0,23.2,33.59
2024-01-28 05:53:04,486.0,23.3,33.59
2024-01-28 06:03:06,551.0,23.2,33.59
2024-01-28 06:13:09,512.0,23.3,33.59
2024-01-28 06:23:11,496.0,23.3,33.2
2024-01-28 06:33:13,484.0,23.3,33.59
2024-01-28 06:43:16,520.0,23.2,33.2
2024-01-28 06:53:18,555.0,23.2,33.2
2024-01-28 07:03:21,543.0,23.3,33.2
2024-01-28 07:13:23,482.0,23.2,33.2
2024-01-28 07:23:25,513.0,23.3,33.2
2024-01-28 07:33:28,499.0,23.2,33.2
2024-01-28 07:43:30,543.0,23.2,33.2
2024-01-28 07:53:33,560.0,23.2,33.2
2024-01-28 08:03:19,484.0,23.3,33.2
2024-01-28 08:13:37,536.0,23.2,33.2
2024-01-28 08:23:40,558.0,23.2,33.2
2024-01-28 08:33:42,483.0,23.3,33.2
2024-01-28 08:43:45,476.0,23.2,33.59
2024-01-28 08:53:47,494.0,23.3,33.2
2024-01-28 09:03:33,522.0,23.2,33.59
2024-01-28 09:13:52,536.0,23.2,33.59
2024-01-28 09:23:54,486.0,23.2,33.59
2024-01-28 09:33:57,536.0,23.2,33.59
2024-01-28 09:43:59,568.0,23.2,33.59
2024-01-28 09:54:01,525.0,23.2,33.98
2024-01-28 10:03:48,532.0,23.2,33.98
2024-01-28 10:14:06,525.0,23.3,33.98
2024-01-28 10:24:09,515.0,23.2,33.98
2024-01-28 10:34:11,549.0,23.2,33.59
2024-01-28 10:44:14,544.0,23.2,33.59
2024-01-28 10:54:16,468.0,23.2,33.59
2024-01-28 11:04:18,525.0,23.3,33.59
2024-01-28 11:14:21,563.0,23.3,33.59
2024-01-28 11:24:23,549.0,23.2,33.59
2024-01-28 11:33:53,549.0,23.2,33.59
2024-01-28 11:44:04,527.0,23.3,33.59
2024-01-28 11:54:20,510.0,23.2,33.59
2024-01-28 12:04:20,510.0,23.3,33.59
2024-01-28 12:14:38,512.0,23.2,33.59
2024-01-28 12:24:41,544.0,23.3,33.59
2024-01-28 12:34:43,524.0,23.2,33.59
2024-01-28 12:44:45,525.0,23.2,33.59
2024-01-28 12:54:48,536.0,23.3,33.59
2024-01-28 13:04:50,524.0,23.2,33.2
2024-01-28 13:14:53,525.0,23.3,33.2
2024-01-28 13:24:39,544.0,23.3,33.2
2024-01-28 13:34:57,551.0,23.2,33.2
2024-01-28 13:44:44,524.0,23.3,33.2
2024-01-28 13:55:02,496.0,23.4,33.2
2024-01-28 14:05:05,504.0,23.3,33.2
2024-01-28 14:15:07,499.0,23.2,33.2
2024-01-28 14:25:09,484.0,23.3,33.2
2024-01-28 14:35:12,513.0,23.3,33.2
2024-01-28 14:44:58,502.0,23.3,33.2
2024-01-28 14:55:17,513.0,23.2,33.2
2024-01-28 15:05:18,558.0,23.3,33.2
2024-01-28 15:15:20,520.0,23.2,33.2
2024-01-28 15:25:23,517.0,23.3,33.2
2024-01-28 15:35:09,467.0,23.2,33.2
2024-01-28 15:45:27,520.0,23.3,33.2
2024-01-28 15:55:30,491.0,23.2,33.2
2024-01-28 16:05:32,452.0,23.2,33.2
2024-01-28 16:15:35,503.0,23.2,33.2
2024-01-28 16:25:37,495.0,23.3,33.2
2024-01-28 16:35:39,531.0,23.2,33.2
2024-01-28 16:45:42,540.0,23.2,33.2
2024-01-28 16:55:44,491.0,23.3,33.2
2024-01-28 17:05:45,535.0,23.2,33.2
2024-01-28 17:15:48,506.0,23.2,33.2
2024-01-28 17:25:50,526.0,23.1,33.2
2024-01-28 17:35:53,516.0,23.2,33.2
2024-01-28 17:45:39,543.0,23.2,33.2
2024-01-28 17:55:58,493.0,23.2,33.2
2024-01-28 18:05:28,493.0,23.2,33.2
2024-01-28 18:15:38,574.0,23.2,32.81
2024-01-28 18:25:54,496.0,23.2,33.2
2024-01-28 18:36:10,440.0,23.2,32.81
2024-01-28 18:46:10,519.0,23.2,33.2
2024-01-28 18:55:57,521.0,23.1,32.81
2024-01-28 19:05:59,478.0,23.1,32.81
2024-01-28 19:16:18,496.0,23.2,32.81
2024-01-28 19:26:20,473.0,23.1,33.2
2024-01-28 19:36:22,491.0,23.2,33.2
2024-01-28 19:46:25,564.0,23.2,33.2
2024-01-28 19:56:27,550.0,23.1,32.81
2024-01-28 20:06:30,511.0,23.2,33.2
2024-01-28 20:16:32,519.0,23.1,32.81
2024-01-28 20:26:34,533.0,23.2,32.81
2024-01-28 20:36:37,478.0,23.2,32.81
2024-01-28 20:46:39,526.0,23.1,32.81
2024-01-28 20:56:42,524.0,23.1,32.81
2024-01-28 21:06:43,523.0,23.2,32.81
2024-01-28 21:16:45,511.0,23.2,32.81
2024-01-28 21:26:48,482.0,23.2,32.81
2024-01-28 21:36:50,475.0,23.2,32.81
2024-01-28 21:46:52,519.0,23.3,32.81
2024-01-28 21:56:55,524.0,23.2,32.81
2024-01-28 22:06:57,559.0,23.2,32.81
2024-01-28 22:17:00,538.0,23.1,32.81
2024-01-28 22:27:02,559.0,23.2,32.81
2024-01-28 22:37:04,478.0,23.1,32.81
2024-01-28 22:47:07,496.0,23.2,32.42
2024-01-28 22:57:09,503.0,23.3,32.81
2024-01-28 23:07:10,493.0,23.2,32.81
2024-01-28 23:17:13,477.0,23.2,32.81
2024-01-28 23:27:15,419.0,23.2,32.81
2024-01-28 23:37:18,452.0,23.2,32.42
2024-01-28 23:47:20,523.0,23.3,32.81
2024-01-28 23:57:22,538.0,23.3,32.42
2024-01-29 00:07:09,498.0,23.2,32.42
2024-01-29 00:17:27,483.0,23.2,32.42
2024-01-29 00:27:30,485.0,23.2,32.42
2024-01-29 00:37:00,485.0,23.2,32.42
2024-01-29 00:47:10,478.0,23.2,32.42
2024-01-29 00:57:26,504.0,23.3,32.42
2024-01-29 01:07:43,450.0,23.2,32.42
2024-01-29 01:17:43,506.0,23.2,32.42
2024-01-29 01:27:45,503.0,23.2,32.42
2024-01-29 01:37:48,524.0,23.2,32.42
2024-01-29 01:47:50,419.0,23.2,32.42
2024-01-29 01:57:52,501.0,23.3,32.42
2024-01-29 02:07:54,506.0,23.2,32.42
2024-01-29 02:17:57,465.0,23.1,32.42
2024-01-29 02:27:43,491.0,23.1,32.42
2024-01-29 02:37:46,442.0,23.2,32.42
2024-01-29 02:48:04,524.0,23.2,32.42
2024-01-29 02:58:06,523.0,23.2,32.42
2024-01-29 03:08:09,511.0,23.2,32.42
2024-01-29 03:18:11,572.0,23.3,32.42
2024-01-29 03:28:14,477.0,23.2,32.42
2024-01-29 03:38:16,464.0,23.2,32.42
2024-01-29 03:48:18,432.0,23.1,32.03
2024-01-29 03:58:21,464.0,23.2,32.42
2024-01-29 04:08:23,496.0,23.2,32.42
2024-01-29 04:18:26,491.0,23.2,32.03
2024-01-29 04:28:12,486.0,23.2,32.03
2024-01-29 04:38:14,472.0,23.2,32.03
2024-01-29 04:48:33,526.0,23.2,32.03
2024-01-29 04:58:35,504.0,23.2,32.03
2024-01-29 05:08:36,436.0,23.1,32.03
2024-01-29 05:18:39,501.0,23.2,32.03
2024-01-29 05:28:41,449.0,23.1,32.03
2024-01-29 05:38:44,476.0,23.1,32.03
2024-01-29 05:48:46,477.0,23.2,32.03
2024-01-29 05:58:48,512.0,23.1,32.03
2024-01-29 06:08:51,475.0,23.2,32.03
2024-01-29 06:18:53,472.0,23.1,32.03
2024-01-29 06:28:56,482.0,23.1,32.03
2024-01-29 06:38:58,518.0,23.2,32.03
2024-01-29 06:49:00,472.0,23.1,32.03
2024-01-29 06:59:03,481.0,23.2,32.03
2024-01-29 07:08:32,481.0,23.2,32.03
2024-01-29 07:28:58,534.0,23.1,32.03
2024-01-29 07:39:15,559.0,23.1,32.03
2024-01-29 07:49:15,487.0,23.2,32.03
2024-01-29 07:59:17,556.0,23.0,32.42
2024-01-29 08:09:04,586.0,23.2,33.2
2024-01-29 08:19:22,656.0,23.2,33.2
2024-01-29 08:29:24,720.0,23.2,33.59
2024-01-29 08:39:27,698.0,23.2,34.38
2024-01-29 08:49:29,797.0,23.2,34.38
2024-01-29 08:59:15,810.0,23.2,34.77
2024-01-29 09:09:33,927.0,23.1,34.38
2024-01-29 09:19:35,931.0,23.2,34.38
2024-01-29 09:29:41,1002.0,23.2,34.77
2024-01-29 09:39:44,1043.0,23.2,34.38
2024-01-29 09:49:46,1042.0,23.2,34.38
2024-01-29 09:59:53,1109.0,23.3,34.38
2024-01-29 10:09:59,1168.0,23.3,34.77
2024-01-29 10:20:05,1244.0,23.2,34.77
2024-01-29 10:30:12,1214.0,23.2,35.16
2024-01-29 10:40:18,1255.0,23.2,35.16
2024-01-29 10:50:25,1290.0,23.3,35.16
2024-01-29 11:00:31,1388.0,23.2,35.55
2024-01-29 11:10:20,1416.0,23.2,35.55
2024-01-29 11:20:43,1405.0,23.3,35.55
2024-01-29 11:30:49,1488.0,23.4,35.55
2024-01-29 11:40:56,1470.0,23.4,35.55
2024-01-29 11:51:02,1479.0,23.3,35.16
2024-01-29 12:01:08,1531.0,23.4,35.55
2024-01-29 12:11:15,1474.0,23.3,35.55
2024-01-29 12:21:21,1497.0,23.4,35.16
2024-01-29 12:31:28,1480.0,23.4,34.38
2024-01-29 12:41:34,1431.0,23.5,35.16
2024-01-29 12:51:45,1584.0,23.5,35.16
2024-01-29 13:01:48,1604.0,23.4,35.16
2024-01-29 13:11:48,1715.0,23.4,35.16
2024-01-29 13:21:55,1713.0,23.4,35.16
2024-01-29 13:32:01,1743.0,23.5,35.16
2024-01-29 13:41:35,1743.0,23.5,35.16
2024-01-29 13:51:50,1679.0,23.5,34.38
2024-01-29 14:02:10,1634.0,23.5,34.38
2024-01-29 14:12:30,1697.0,23.4,34.38
2024-01-29 14:22:34,1665.0,23.4,34.77
2024-01-29 14:32:41,1555.0,23.5,34.77
2024-01-29 14:42:47,1571.0,23.4,34.77
2024-01-29 14:52:53,1649.0,23.4,34.77
2024-01-29 15:03:00,1640.0,23.5,34.77
2024-01-29 15:13:05,1649.0,23.5,34.38
2024-01-29 15:23:11,1567.0,23.5,34.77
2024-01-29 15:33:18,1516.0,23.5,33.98
2024-01-29 15:43:24,1425.0,23.5,33.98
2024-01-29 15:53:27,1462.0,23.5,33.98
2024-01-29 16:03:29,1517.0,23.4,33.98
2024-01-29 16:13:40,1663.0,23.5,35.55
2024-01-29 16:23:26,1719.0,23.5,35.16
2024-01-29 16:33:44,1716.0,23.5,35.16
2024-01-29 16:43:35,1600.0,23.5,34.77
2024-01-29 16:53:57,1619.0,23.5,34.38
2024-01-29 17:04:04,1564.0,23.5,34.38
2024-01-29 17:14:10,1502.0,23.6,34.38
2024-01-29 17:24:16,1617.0,23.5,34.38
2024-01-29 17:34:23,1564.0,23.5,34.38
2024-01-29 17:44:29,1481.0,23.6,34.38
2024-01-29 17:54:36,1468.0,23.6,33.98
2024-01-29 18:04:46,1440.0,23.6,33.98
2024-01-29 18:14:48,1470.0,23.6,33.98
2024-01-29 18:24:51,1475.0,23.6,33.98
2024-01-29 18:34:57,1275.0,23.7,33.98
2024-01-29 18:45:04,1384.0,23.6,33.98
2024-01-29 18:55:10,1371.0,23.5,33.98
2024-01-29 19:05:17,1345.0,23.6,33.98
2024-01-29 19:15:22,1320.0,23.6,33.98
2024-01-29 19:25:28,1216.0,23.6,33.59
2024-01-29 19:35:35,1171.0,23.6,33.59
2024-01-29 19:45:41,1189.0,23.6,33.59
2024-01-29 19:55:47,1240.0,23.6,33.59
2024-01-29 20:05:54,1159.0,23.5,33.59
2024-01-29 20:15:28,1159.0,23.5,33.59
2024-01-29 20:25:43,1210.0,23.5,33.59
2024-01-29 20:36:03,1107.0,23.5,33.2
2024-01-29 20:46:23,1095.0,23.5,33.2
2024-01-29 20:56:27,1044.0,23.4,33.2
2024-01-29 21:06:33,1079.0,23.4,33.2
2024-01-29 21:16:39,1079.0,23.5,33.2
2024-01-29 21:26:45,1029.0,23.4,33.2
2024-01-29 21:36:51,1022.0,23.4,32.81
2024-01-29 21:46:58,958.0,23.5,33.2
2024-01-29 21:57:04,973.0,23.4,32.81
2024-01-29 22:07:11,960.0,23.4,32.81
2024-01-29 22:17:17,956.0,23.5,32.81
2024-01-29 22:27:23,926.0,23.4,32.81
2024-01-29 22:37:30,900.0,23.5,32.81
2024-01-29 22:47:37,929.0,23.4,32.81
2024-01-29 22:57:43,875.0,23.5,32.81
2024-01-29 23:07:49,858.0,23.4,32.42
2024-01-29 23:17:56,878.0,23.4,32.42
2024-01-29 23:28:02,917.0,23.5,32.42
2024-01-29 23:38:05,812.0,23.4,32.42
2024-01-29 23:48:07,867.0,23.5,32.42
2024-01-29 23:58:09,816.0,23.4,32.42
2024-01-30 00:08:12,771.0,23.4,32.42
2024-01-30 00:18:14,838.0,23.4,32.42
2024-01-30 00:28:17,799.0,23.4,32.42
2024-01-30 00:38:19,782.0,23.5,32.42
2024-01-30 00:48:21,812.0,23.5,32.42
2024-01-30 00:58:24,793.0,23.5,32.42
2024-01-30 01:08:27,768.0,23.4,32.42
2024-01-30 01:18:30,786.0,23.4,32.42
2024-01-30 01:28:32,771.0,23.4,32.42
2024-01-30 01:38:35,762.0,23.5,32.42
2024-01-30 01:48:37,762.0,23.4,32.42
2024-01-30 01:58:39,792.0,23.4,32.42
2024-01-30 02:08:42,779.0,23.5,32.42
2024-01-30 02:18:44,806.0,23.5,32.03
2024-01-30 02:28:46,768.0,23.4,32.42
2024-01-30 02:38:49,747.0,23.5,32.42
2024-01-30 02:48:19,747.0,23.5,32.42
2024-01-30 02:58:29,751.0,23.4,32.42
2024-01-30 03:08:45,770.0,23.4,32.42
2024-01-30 03:19:02,733.0,23.4,32.42
2024-01-30 03:29:02,753.0,23.4,32.03
2024-01-30 03:38:48,729.0,23.4,32.42
2024-01-30 03:48:50,736.0,23.5,32.42
2024-01-30 03:59:09,671.0,23.5,32.42
2024-01-30 04:09:11,755.0,23.5,32.03
2024-01-30 04:19:14,722.0,23.4,32.42
2024-01-30 04:29:00,673.0,23.4,32.42
2024-01-30 04:39:18,674.0,23.4,32.42
2024-01-30 04:49:21,697.0,23.4,32.42
2024-01-30 04:59:23,710.0,23.4,32.42
2024-01-30 05:09:26,742.0,23.4,32.42
2024-01-30 05:19:28,755.0,23.4,32.42
2024-01-30 05:29:30,687.0,23.4,32.42
2024-01-30 05:39:33,703.0,23.4,32.42
2024-01-30 05:49:35,671.0,23.4,32.42
2024-01-30 05:59:38,692.0,23.4,32.42
2024-01-30 06:09:40,655.0,23.4,32.42
2024-01-30 06:19:42,683.0,23.4,32.42
2024-01-30 06:29:45,678.0,23.3,32.42
2024-01-30 06:39:47,701.0,23.4,32.42
2024-01-30 06:49:50,659.0,23.4,32.42
2024-01-30 06:59:52,688.0,23.4,32.42
2024-01-30 07:09:54,688.0,23.4,32.81
2024-01-30 07:19:57,709.0,23.4,32.81
2024-01-30 07:29:59,709.0,23.4,32.81
2024-01-30 07:39:46,692.0,23.3,32.81
2024-01-30 07:49:48,752.0,23.3,33.2
2024-01-30 08:00:06,780.0,23.3,33.59
2024-01-30 08:10:09,887.0,23.3,34.77
2024-01-30 08:20:15,972.0,23.4,36.33
2024-01-30 08:30:18,878.0,23.4,36.33
2024-01-30 08:40:20,1005.0,23.4,36.33
2024-01-30 08:50:26,1007.0,23.4,36.33
2024-01-30 09:00:34,1015.0,23.3,36.33
2024-01-30 09:10:39,1159.0,23.4,36.33
2024-01-30 09:20:14,1159.0,23.4,36.33
2024-01-30 09:30:28,1200.0,23.4,36.33
2024-01-30 09:40:48,1181.0,23.4,36.33
2024-01-30 09:51:08,1257.0,23.5,36.33
2024-01-30 10:01:12,1520.0,23.4,37.11
2024-01-30 10:11:19,1436.0,23.3,37.11
2024-01-30 10:21:25,1439.0,23.4,37.11
2024-01-30 10:31:32,1599.0,23.5,37.89
2024-01-30 10:41:34,1649.0,23.5,37.89
2024-01-30 10:51:36,1600.0,23.4,37.89
2024-01-30 11:01:27,1587.0,23.4,37.89
2024-01-30 11:11:49,1518.0,23.5,37.5
2024-01-30 11:21:54,1502.0,23.5,37.5
2024-01-30 11:32:01,1597.0,23.6,37.89
2024-01-30 11:42:07,1780.0,23.6,38.28
2024-01-30 11:52:14,1754.0,23.5,38.28
2024-01-30 12:02:20,1779.0,23.6,38.28
2024-01-30 12:12:27,1737.0,23.5,38.28
2024-01-30 12:22:33,1772.0,23.5,38.67
2024-01-30 12:32:39,1944.0,23.4,38.67
2024-01-30 12:42:46,1834.0,23.4,38.67
2024-01-30 12:52:52,1837.0,23.5,38.67
2024-01-30 13:02:59,1811.0,23.4,38.67
2024-01-30 13:13:05,1795.0,23.4,38.28
2024-01-30 13:23:11,1656.0,23.5,38.28
2024-01-30 13:33:18,1746.0,23.5,38.28
2024-01-30 13:43:24,1737.0,23.6,38.28
2024-01-30 13:53:31,1675.0,23.5,38.28
2024-01-30 14:03:37,1663.0,23.4,38.28
2024-01-30 14:13:44,1746.0,23.5,38.67
2024-01-30 14:23:50,1948.0,23.5,38.67
2024-01-30 14:33:56,1888.0,23.5,38.67
2024-01-30 14:44:03,1895.0,23.4,38.67
2024-01-30 14:54:09,1932.0,23.5,38.67
2024-01-30 15:04:16,1652.0,23.5,37.89
2024-01-30 15:14:22,1693.0,23.5,37.5
2024-01-30 15:24:27,1623.0,23.5,37.5
2024-01-30 15:34:34,1690.0,23.4,37.5
2024-01-30 15:44:40,2022.0,23.5,38.28
2024-01-30 15:54:15,2022.0,23.5,38.28
2024-01-30 16:04:29,2327.0,23.4,39.06
2024-01-30 16:14:49,2075.0,23.5,38.67
2024-01-30 16:25:09,1883.0,23.4,38.67
2024-01-30 16:34:57,1844.0,23.4,38.28
2024-01-30 16:45:20,1764.0,23.4,37.89
2024-01-30 16:55:26,1699.0,23.5,37.89
2024-01-30 17:05:32,1618.0,23.5,37.5
2024-01-30 17:15:35,1538.0,23.5,37.11
2024-01-30 17:25:37,1475.0,23.5,37.11
2024-01-30 17:35:44,1458.0,23.6,37.11
2024-01-30 17:45:34,1529.0,23.5,37.11
2024-01-30 17:55:40,1574.0,23.5,37.11
2024-01-30 18:06:03,1612.0,23.5,37.11
2024-01-30 18:16:09,1509.0,23.6,37.11
2024-01-30 18:26:16,1554.0,23.6,37.11
2024-01-30 18:36:26,1427.0,23.5,36.72
2024-01-30 18:46:29,1361.0,23.5,36.72
2024-01-30 18:56:31,1244.0,23.5,36.33
2024-01-30 19:06:37,1277.0,23.5,36.33
2024-01-30 19:16:44,1226.0,23.5,36.33
2024-01-30 19:26:49,1273.0,23.5,36.33
2024-01-30 19:36:55,1251.0,23.5,36.33
2024-01-30 19:47:02,1175.0,23.4,35.94
2024-01-30 19:57:08,1139.0,23.5,35.94
2024-01-30 20:07:15,1119.0,23.5,35.94
2024-01-30 20:17:21,1101.0,23.6,35.55
2024-01-30 20:27:27,1038.0,23.6,35.94
2024-01-30 20:37:34,1074.0,23.5,35.55
2024-01-30 20:47:40,982.0,23.5,35.94
2024-01-30 20:57:47,1025.0,23.4,35.55
2024-01-30 21:07:53,996.0,23.5,35.55
2024-01-30 21:18:00,1046.0,23.5,35.55
2024-01-30 21:28:06,944.0,23.4,35.55
2024-01-30 21:38:12,1013.0,23.6,35.55
2024-01-30 21:48:19,943.0,23.5,35.55
2024-01-30 21:58:25,916.0,23.4,35.55
2024-01-30 22:08:32,997.0,23.6,35.55
2024-01-30 22:18:38,928.0,23.5,35.55
2024-01-30 22:28:12,928.0,23.5,35.55
2024-01-30 22:38:27,905.0,23.5,35.55
2024-01-30 22:48:47,907.0,23.5,35.55
2024-01-30 22:59:07,877.0,23.5,35.55
2024-01-30 23:09:11,922.0,23.5,35.55
2024-01-30 23:19:18,890.0,23.5,35.55
2024-01-30 23:29:23,857.0,23.4,35.55
2024-01-30 23:39:29,903.0,23.4,35.16
2024-01-30 23:49:36,887.0,23.5,35.55
2024-01-30 23:59:38,831.0,23.4,35.55
2024-01-31 00:09:41,802.0,23.5,35.16
2024-01-31 00:19:27,911.0,23.5,35.16
2024-01-31 00:29:29,804.0,23.5,35.16
2024-01-31 00:39:48,868.0,23.5,35.55
2024-01-31 00:49:50,837.0,23.5,35.55
2024-01-31 00:59:53,794.0,23.5,35.16
2024-01-31 01:09:55,793.0,23.5,35.16
2024-01-31 01:19:57,813.0,23.5,35.16
2024-01-31 01:30:00,794.0,23.5,35.16
2024-01-31 01:40:02,772.0,23.5,35.16
2024-01-31 01:50:05,794.0,23.5,35.16
2024-01-31 02:00:07,780.0,23.5,35.16
2024-01-31 02:10:09,761.0,23.5,35.16
2024-01-31 02:19:56,761.0,23.5,35.16
2024-01-31 02:30:14,756.0,23.5,35.55
2024-01-31 02:40:17,783.0,23.5,35.16
2024-01-31 02:50:19,740.0,23.5,35.16
2024-01-31 03:00:21,790.0,23.4,35.16
2024-01-31 03:10:24,775.0,23.4,35.16
2024-01-31 03:20:10,733.0,23.4,35.55
2024-01-31 03:30:13,730.0,23.4,35.16
2024-01-31 03:40:31,731.0,23.4,35.16
2024-01-31 03:50:33,709.0,23.4,35.16
2024-01-31 04:00:36,681.0,23.4,35.16
2024-01-31 04:10:38,710.0,23.5,35.16
2024-01-31 04:20:41,762.0,23.4,35.16
2024-01-31 04:30:43,740.0,23.4,35.16
2024-01-31 04:40:45,702.0,23.4,35.16
2024-01-31 04:50:48,698.0,23.5,35.16
2024-01-31 05:00:18,698.0,23.5,35.16
2024-01-31 05:10:28,720.0,23.5,35.16
2024-01-31 05:20:45,700.0,23.4,35.16
2024-01-31 05:31:01,744.0,23.5,35.16
2024-01-31 05:41:01,709.0,23.5,35.16
2024-01-31 05:50:47,674.0,23.4,35.16
2024-01-31 06:01:06,720.0,23.5,35.16
2024-01-31 06:11:08,653.0,23.4,35.16
2024-01-31 06:21:10,649.0,23.5,35.16
2024-01-31 06:31:13,714.0,23.5,34.77
2024-01-31 06:41:15,710.0,23.4,34.77
2024-01-31 06:51:18,700.0,23.5,34.77
2024-01-31 07:01:20,698.0,23.4,34.77
2024-01-31 07:11:22,654.0,23.5,34.77
2024-01-31 07:21:25,693.0,23.5,34.77
2024-01-31 07:31:27,653.0,23.4,34.77
2024-01-31 07:41:30,675.0,23.4,34.77
2024-01-31 07:51:32,674.0,23.5,34.77
2024-01-31 08:01:34,670.0,23.5,33.98
2024-01-31 08:11:37,699.0,23.3,33.59
2024-01-31 08:21:39,729.0,23.4,33.59
2024-01-31 08:31:42,933.0,23.3,33.98
2024-01-31 08:41:44,652.0,23.2,32.03
2024-01-31 08:51:46,709.0,23.0,32.03
2024-01-31 09:01:49,903.0,22.8,33.98
2024-01-31 09:11:55,1056.0,22.7,34.38
2024-01-31 09:21:57,924.0,22.4,34.38
2024-01-31 09:32:00,852.0,22.3,34.38
2024-01-31 09:42:07,694.0,22.2,33.2
2024-01-31 09:52:13,993.0,22.0,36.33
2024-01-31 10:02:16,478.0,21.8,32.42
2024-01-31 10:12:02,414.0,21.5,33.2
2024-01-31 10:22:20,366.0,21.2,32.42
2024-01-31 10:32:23,330.0,21.1,32.42
2024-01-31 10:42:25,345.0,20.9,32.42
2024-01-31 10:52:28,247.0,20.8,32.81
2024-01-31 11:02:30,287.0,20.6,32.81
2024-01-31 11:12:32,409.0,20.3,33.2
2024-01-31 11:22:35,378.0,19.9,33.2
2024-01-31 11:32:04,378.0,19.9,33.2
2024-01-31 11:42:14,397.0,19.8,33.59
2024-01-31 11:52:30,389.0,19.7,35.94
2024-01-31 12:02:46,472.0,20.1,34.77
2024-01-31 12:12:47,431.0,20.8,33.98
2024-01-31 12:22:49,611.0,21.3,33.59
2024-01-31 12:32:51,639.0,21.7,33.2
2024-01-31 12:42:54,626.0,21.9,32.81
2024-01-31 12:52:56,639.0,22.3,32.81
2024-01-31 13:02:59,674.0,22.5,32.42
2024-01-31 13:13:01,594.0,22.7,32.42
2024-01-31 13:23:03,675.0,22.7,32.03
2024-01-31 13:32:49,685.0,22.9,32.03
2024-01-31 13:43:07,692.0,23.1,32.03
2024-01-31 13:53:10,715.0,23.2,32.03
2024-01-31 14:03:12,667.0,23.2,31.64
2024-01-31 14:13:14,689.0,23.3,31.64
2024-01-31 14:23:17,683.0,23.4,31.64
2024-01-31 14:33:19,684.0,23.4,31.64
2024-01-31 14:43:21,674.0,23.5,31.64
2024-01-31 14:53:24,685.0,23.6,31.64
2024-01-31 15:03:26,727.0,23.5,31.64
2024-01-31 15:13:29,691.0,23.6,31.64
2024-01-31 15:23:31,761.0,23.5,31.64
2024-01-31 15:33:36,1408.0,23.5,34.38
2024-01-31 15:43:39,1493.0,23.4,34.77
2024-01-31 15:53:41,1501.0,23.4,35.16
2024-01-31 16:03:47,1492.0,23.4,35.16
2024-01-31 16:13:54,1472.0,23.5,34.77
2024-01-31 16:24:00,1430.0,23.5,34.77
2024-01-31 16:34:07,1390.0,23.3,34.77
2024-01-31 16:44:13,1392.0,23.3,34.77
2024-01-31 16:54:19,1388.0,23.4,35.16
2024-01-31 17:04:26,1424.0,23.4,35.16
2024-01-31 17:14:32,1329.0,23.4,35.55
2024-01-31 17:24:39,1452.0,23.3,35.16
2024-01-31 17:34:45,1406.0,23.3,35.16
2024-01-31 17:44:52,1334.0,23.4,35.16
2024-01-31 17:54:58,1291.0,23.3,35.16
2024-01-31 18:04:32,1291.0,23.3,35.16
2024-01-31 18:14:47,1278.0,23.4,35.16
2024-01-31 18:25:07,1205.0,23.3,35.16
2024-01-31 18:35:27,1190.0,23.3,34.77
2024-01-31 18:45:31,1143.0,23.3,34.77
2024-01-31 18:55:37,1126.0,23.3,34.77
2024-01-31 19:05:44,1155.0,23.3,34.77
2024-01-31 19:15:34,1124.0,23.2,34.77
2024-01-31 19:25:41,1134.0,23.3,34.77
2024-01-31 19:36:03,1037.0,23.4,34.77
2024-01-31 19:46:10,993.0,23.3,34.77
2024-01-31 19:56:16,1045.0,23.3,34.77
2024-01-31 20:06:22,1016.0,23.3,34.38
2024-01-31 20:16:13,962.0,23.3,34.38
2024-01-31 20:26:35,981.0,23.3,34.38
2024-01-31 20:36:42,915.0,23.3,34.38
2024-01-31 20:46:48,919.0,23.4,34.38
2024-01-31 20:56:38,886.0,23.4,34.38
2024-01-31 21:06:45,915.0,23.3,34.38
2024-01-31 21:17:07,884.0,23.3,34.38
2024-01-31 21:27:14,852.0,23.4,33.98
2024-01-31 21:37:19,887.0,23.3,33.98
2024-01-31 21:47:22,830.0,23.3,33.98
2024-01-31 21:57:24,849.0,23.3,33.98
2024-01-31 22:07:26,834.0,23.3,33.98
2024-01-31 22:17:13,852.0,23.3,33.98
2024-01-31 22:27:31,808.0,23.3,33.98
2024-01-31 22:37:34,830.0,23.4,33.98
2024-01-31 22:47:36,884.0,23.3,33.98
2024-01-31 22:57:38,773.0,23.3,33.98
2024-01-31 23:07:41,780.0,23.3,33.98
2024-01-31 23:17:43,760.0,23.2,33.98
2024-01-31 23:27:46,791.0,23.3,33.98
2024-01-31 23:37:47,777.0,23.2,33.98
2024-01-31 23:47:49,777.0,23.3,33.98
2024-01-31 23:57:52,756.0,23.3,33.98
2024-02-01 00:07:54,791.0,23.4,33.98
2024-02-01 00:17:56,777.0,23.3,33.98
2024-02-01 00:27:43,679.0,23.4,33.59
2024-02-01 00:37:29,679.0,23.4,33.59
2024-02-01 00:47:39,760.0,23.3,33.98
2024-02-01 00:57:56,715.0,23.3,33.98
2024-02-01 01:08:12,693.0,23.3,33.98
2024-02-01 01:18:12,693.0,23.3,33.98
2024-02-01 01:28:14,738.0,23.3,33.98
2024-02-01 01:38:17,696.0,23.4,33.98
2024-02-01 01:48:19,729.0,23.3,33.98
2024-02-01 01:58:21,712.0,23.3,33.98
2024-02-01 02:08:24,686.0,23.3,33.98
2024-02-01 02:18:10,686.0,23.4,33.98
2024-02-01 02:28:29,698.0,23.4,33.98
2024-02-01 02:38:15,682.0,23.3,33.59
2024-02-01 02:48:34,700.0,23.4,33.59
2024-02-01 02:58:36,673.0,23.3,33.59
2024-02-01 03:08:38,663.0,23.3,33.59
2024-02-01 03:18:40,659.0,23.3,33.98
2024-02-01 03:28:43,682.0,23.3,33.59
2024-02-01 03:38:45,649.0,23.4,33.59
2024-02-01 03:48:48,638.0,23.4,33.98
2024-02-01 03:58:50,644.0,23.3,33.59
2024-02-01 04:08:52,630.0,23.3,33.98
2024-02-01 04:18:55,673.0,23.4,33.59
2024-02-01 04:28:41,604.0,23.4,33.59
2024-02-01 04:39:00,701.0,23.3,33.59
2024-02-01 04:49:02,619.0,23.3,33.98
2024-02-01 04:59:04,652.0,23.4,33.98
2024-02-01 05:09:07,658.0,23.4,33.59
2024-02-01 05:19:09,654.0,23.4,33.59
2024-02-01 05:29:12,707.0,23.3,33.59
2024-02-01 05:39:13,595.0,23.3,33.59
2024-02-01 05:49:15,630.0,23.3,33.59
2024-02-01 05:59:18,574.0,23.3,33.59
2024-02-01 06:09:20,637.0,23.3,33.59
2024-02-01 06:19:22,646.0,23.3,33.59
2024-02-01 06:29:25,610.0,23.3,33.59
2024-02-01 06:39:11,606.0,23.3,33.59
2024-02-01 06:49:30,599.0,23.3,33.2
2024-02-01 06:59:32,582.0,23.2,33.59
2024-02-01 07:09:02,582.0,23.2,33.59
2024-02-01 07:19:13,629.0,23.2,33.59
2024-02-01 07:29:29,555.0,23.3,33.59
2024-02-01 07:39:45,558.0,23.2,33.59
2024-02-01 07:49:45,601.0,23.2,33.59
2024-02-01 07:59:47,620.0,23.2,33.59
2024-02-01 08:09:50,669.0,23.3,33.98
2024-02-01 08:19:52,789.0,23.2,34.38
2024-02-01 08:29:55,864.0,23.2,35.16
2024-02-01 08:39:57,876.0,23.2,35.16
2024-02-01 08:49:59,860.0,23.2,35.16
2024-02-01 09:00:02,900.0,23.2,35.16
2024-02-01 09:10:09,970.0,23.2,35.55
2024-02-01 09:20:11,999.0,23.3,35.94
2024-02-01 09:30:13,1113.0,23.3,36.33
2024-02-01 09:40:18,1134.0,23.2,36.33
2024-02-01 09:50:25,1115.0,23.3,36.33
2024-02-01 10:00:31,1075.0,23.2,35.55
2024-02-01 10:10:38,1075.0,23.2,35.55
2024-02-01 10:20:44,1220.0,23.2,35.94
2024-02-01 10:30:50,1141.0,23.3,35.94
2024-02-01 10:40:57,1177.0,23.4,35.94
2024-02-01 10:51:03,1076.0,23.4,35.55
2024-02-01 11:01:10,1114.0,23.3,35.16
2024-02-01 11:11:16,1130.0,23.3,35.55
2024-02-01 11:21:22,1256.0,23.3,35.55
2024-02-01 11:31:29,1356.0,23.4,35.94
2024-02-01 11:41:35,1395.0,23.3,35.94
2024-02-01 11:51:42,1506.0,23.3,35.94
2024-02-01 12:01:48,1447.0,23.3,35.94
2024-02-01 12:11:54,1470.0,23.3,35.94
2024-02-01 12:22:01,1496.0,23.3,36.33
2024-02-01 12:32:11,1610.0,23.5,36.33
2024-02-01 12:42:14,1684.0,23.4,36.72
2024-02-01 12:52:16,1639.0,23.4,36.72
2024-02-01 13:02:23,1561.0,23.4,36.72
2024-02-01 13:12:30,1554.0,23.4,36.33
2024-02-01 13:22:35,1642.0,23.4,36.33
2024-02-01 13:32:42,1616.0,23.4,36.33
2024-02-01 13:42:15,1616.0,23.4,36.33
2024-02-01 13:52:29,1678.0,23.4,36.72
2024-02-01 14:02:49,1725.0,23.4,36.72
2024-02-01 14:13:10,1561.0,23.4,35.94
2024-02-01 14:23:14,1478.0,23.4,35.55
2024-02-01 14:33:04,1323.0,23.4,34.38
2024-02-01 14:43:23,1346.0,23.3,34.38
2024-02-01 14:53:25,1341.0,23.3,34.38
2024-02-01 15:03:31,1394.0,23.4,34.38
2024-02-01 15:13:38,1446.0,23.3,34.38
2024-02-01 15:23:44,1424.0,23.3,34.77
2024-02-01 15:33:39,1585.0,23.3,35.16
2024-02-01 15:43:41,1585.0,23.3,35.55
2024-02-01 15:53:59,1575.0,23.3,35.55
2024-02-01 16:04:06,1507.0,23.3,35.55
2024-02-01 16:14:12,1492.0,23.2,35.16
2024-02-01 16:24:23,1436.0,23.3,35.16
2024-02-01 16:34:09,1367.0,23.2,34.77
2024-02-01 16:44:27,1350.0,23.3,34.77
2024-02-01 16:54:34,1308.0,23.2,34.77
2024-02-01 17:04:40,1256.0,23.2,34.77
2024-02-01 17:14:47,1223.0,23.2,34.77
2024-02-01 17:24:53,1164.0,23.3,34.38
2024-02-01 17:35:00,1174.0,23.3,34.38
2024-02-01 17:45:06,1140.0,23.2,34.38
2024-02-01 17:55:12,1158.0,23.2,34.38
2024-02-01 18:05:19,1047.0,23.3,34.38
2024-02-01 18:15:25,1029.0,23.2,34.38
2024-02-01 18:25:32,1043.0,23.3,33.98
2024-02-01 18:35:38,1043.0,23.2,33.98
2024-02-01 18:45:44,1025.0,23.2,33.98
2024-02-01 18:55:51,969.0,23.3,33.98
2024-02-01 19:05:57,901.0,23.3,33.98
2024-02-01 19:16:04,1045.0,23.2,33.98
2024-02-01 19:26:10,948.0,23.2,33.98
2024-02-01 19:36:17,914.0,23.2,33.98
2024-02-01 19:46:23,907.0,23.1,33.59
2024-02-01 19:56:29,956.0,23.1,33.59
2024-02-01 20:06:36,883.0,23.2,33.59
2024-02-01 20:16:10,883.0,23.2,33.59
2024-02-01 20:26:24,925.0,23.2,33.59
2024-02-01 20:36:45,935.0,23.2,33.59
2024-02-01 20:47:05,883.0,23.2,33.59
2024-02-01 20:57:05,791.0,23.2,33.59
2024-02-01 21:06:51,838.0,23.2,33.59
2024-02-01 21:17:10,801.0,23.2,33.59
2024-02-01 21:27:12,810.0,23.2,33.59
2024-02-01 21:37:15,830.0,23.1,33.59
2024-02-01 21:47:17,795.0,23.2,33.2
2024-02-01 21:57:20,823.0,23.2,33.2
2024-02-01 22:07:06,823.0,23.2,33.2
2024-02-01 22:17:24,795.0,23.2,33.59
2024-02-01 22:27:27,815.0,23.1,33.2
2024-02-01 22:37:29,749.0,23.1,33.2
2024-02-01 22:47:31,839.0,23.2,33.2
2024-02-01 22:57:34,795.0,23.2,33.2
2024-02-01 23:07:36,751.0,23.2,33.2
2024-02-01 23:17:39,729.0,23.1,33.2
2024-02-01 23:27:41,740.0,23.2,33.2
2024-02-01 23:37:43,698.0,23.2,33.2
2024-02-01 23:47:46,780.0,23.1,33.2
2024-02-01 23:57:48,745.0,23.1,33.2
2024-02-02 00:07:51,726.0,23.1,33.2
2024-02-02 00:17:53,738.0,23.1,33.2
2024-02-02 00:27:55,727.0,23.2,33.2
2024-02-02 00:37:58,729.0,23.1,33.2
2024-02-02 00:48:00,698.0,23.2,33.2
2024-02-02 00:58:01,710.0,23.2,33.2
2024-02-02 01:08:04,698.0,23.2,33.2
2024-02-02 01:18:06,745.0,23.2,32.81
2024-02-02 01:28:09,706.0,23.2,33.2
2024-02-02 01:38:11,733.0,23.2,32.81
2024-02-02 01:48:13,719.0,23.1,32.81
2024-02-02 01:58:16,659.0,23.2,32.81
2024-02-02 02:08:18,715.0,23.2,32.81
2024-02-02 02:18:21,657.0,23.2,32.81
2024-02-02 02:28:23,661.0,23.2,33.2
2024-02-02 02:38:25,715.0,23.2,33.2
2024-02-02 02:47:56,715.0,23.2,33.2
2024-02-02 02:58:06,657.0,23.1,32.81
2024-02-02 03:08:22,666.0,23.2,33.2
2024-02-02 03:18:38,652.0,23.2,33.2
2024-02-02 03:28:38,708.0,23.2,32.81
2024-02-02 03:38:41,642.0,23.1,33.2
2024-02-02 03:48:43,664.0,23.1,33.2
2024-02-02 03:58:46,649.0,23.1,33.2
2024-02-02 04:08:48,638.0,23.1,32.81
2024-02-02 04:18:50,684.0,23.1,33.2
2024-02-02 04:28:53,622.0,23.2,33.2
2024-02-02 04:38:55,678.0,23.2,33.2
2024-02-02 04:48:42,671.0,23.1,33.2
2024-02-02 04:59:00,638.0,23.2,33.2
2024-02-02 05:09:02,605.0,23.1,33.2
2024-02-02 05:19:05,646.0,23.2,33.2
2024-02-02 05:29:07,617.0,23.2,33.2
2024-02-02 05:39:10,642.0,23.2,33.2
2024-02-02 05:49:11,647.0,23.1,33.2
2024-02-02 05:59:13,635.0,23.1,33.2
2024-02-02 06:09:16,596.0,23.2,33.2
2024-02-02 06:19:18,670.0,23.2,33.2
2024-02-02 06:29:20,674.0,23.1,33.2
2024-02-02 06:39:23,684.0,23.2,33.59
2024-02-02 06:49:25,716.0,23.2,33.59
2024-02-02 06:59:28,679.0,23.1,33.59
2024-02-02 07:09:30,578.0,23.1,33.59
2024-02-02 07:19:32,688.0,23.1,33.59
2024-02-02 07:29:35,648.0,23.1,33.59
2024-02-02 07:39:21,634.0,23.1,33.59
2024-02-02 07:49:40,669.0,23.2,33.98
2024-02-02 07:59:26,663.0,23.1,34.38
2024-02-02 08:09:44,725.0,23.1,34.77
2024-02-02 08:19:47,798.0,23.1,35.55
2024-02-02 08:29:49,859.0,23.1,35.94
2024-02-02 08:39:56,984.0,23.2,36.33
2024-02-02 08:49:58,991.0,23.0,36.33
2024-02-02 09:00:00,1009.0,23.1,36.72
2024-02-02 09:10:07,1017.0,23.1,36.72
2024-02-02 09:19:41,1017.0,23.1,36.72
2024-02-02 09:29:55,1064.0,23.1,36.72
2024-02-02 09:40:16,1099.0,23.1,36.72
2024-02-02 09:50:36,1184.0,23.1,37.11
2024-02-02 10:00:40,1056.0,23.0,37.11
2024-02-02 10:10:46,998.0,23.2,37.11
2024-02-02 10:20:53,1045.0,23.0,37.11
2024-02-02 10:30:59,1076.0,23.1,37.11
2024-02-02 10:41:05,1182.0,23.0,37.5
2024-02-02 10:51:12,1237.0,23.0,37.89
2024-02-02 11:01:18,1233.0,23.1,37.89
2024-02-02 11:11:25,1217.0,23.1,37.89
2024-02-02 11:21:31,1258.0,23.0,37.89
2024-02-02 11:31:38,1299.0,23.1,37.89
2024-02-02 11:41:44,1195.0,23.1,37.5
2024-02-02 11:51:49,1237.0,23.2,37.5
2024-02-02 12:01:56,1188.0,23.1,37.5
2024-02-02 12:12:02,1225.0,23.2,37.5
2024-02-02 12:22:09,1260.0,23.1,37.5
2024-02-02 12:32:15,1283.0,23.1,37.5
2024-02-02 12:42:21,1301.0,23.1,37.89
2024-02-02 12:52:28,1339.0,23.1,37.89
2024-02-02 13:02:34,1310.0,23.1,37.89
2024-02-02 13:12:41,1375.0,23.1,38.28
2024-02-02 13:22:47,1412.0,23.1,38.28
2024-02-02 13:32:53,1479.0,23.1,38.28
2024-02-02 13:43:00,1372.0,23.1,38.28
2024-02-02 13:53:06,1337.0,23.1,38.28
2024-02-02 14:03:13,1386.0,23.2,38.67
2024-02-02 14:13:19,1507.0,23.2,38.67
2024-02-02 14:23:25,1456.0,23.2,38.67
2024-02-02 14:33:16,1554.0,23.2,39.06
2024-02-02 14:43:34,1557.0,23.2,38.67
2024-02-02 14:53:37,1547.0,23.2,38.67
2024-02-02 15:03:43,1631.0,23.3,38.67
2024-02-02 15:13:50,1643.0,23.3,38.67
2024-02-02 15:23:56,1608.0,23.4,38.67
2024-02-02 15:34:02,1594.0,23.3,38.67
2024-02-02 15:44:09,1581.0,23.3,38.67
2024-02-02 15:53:43,1581.0,23.3,38.67
2024-02-02 16:03:57,1658.0,23.3,38.67
2024-02-02 16:14:18,1611.0,23.4,38.67
2024-02-02 16:24:22,1646.0,23.3,38.67
2024-02-02 16:34:28,1469.0,23.4,38.28
2024-02-02 16:44:51,1493.0,23.4,38.28
2024-02-02 16:54:57,1416.0,23.3,38.28
2024-02-02 17:04:59,1320.0,23.3,37.89
2024-02-02 17:15:02,1277.0,23.3,37.89
2024-02-02 17:25:08,1255.0,23.2,37.89
2024-02-02 17:35:15,1171.0,23.3,37.5
2024-02-02 17:45:21,1187.0,23.2,37.5
2024-02-02 17:55:26,1087.0,23.2,37.5
2024-02-02 18:05:33,1075.0,23.2,37.5
2024-02-02 18:15:39,1003.0,23.2,37.5
2024-02-02 18:25:45,1015.0,23.2,37.11
2024-02-02 18:35:52,1058.0,23.3,37.11
2024-02-02 18:45:58,976.0,23.2,37.11
2024-02-02 18:56:05,959.0,23.2,37.11
2024-02-02 19:06:11,999.0,23.2,37.11
2024-02-02 19:16:18,981.0,23.2,37.11
2024-02-02 19:26:24,933.0,23.2,37.11
2024-02-02 19:36:30,965.0,23.2,37.11
2024-02-02 19:46:21,905.0,23.2,36.72
2024-02-02 19:56:27,859.0,23.2,36.72
2024-02-02 20:06:50,935.0,23.2,36.72
2024-02-02 20:16:56,890.0,23.2,36.72
2024-02-02 20:27:02,885.0,23.2,36.72
2024-02-02 20:37:09,822.0,23.2,36.72
2024-02-02 20:47:12,816.0,23.2,36.72
2024-02-02 20:57:14,827.0,23.2,36.72
2024-02-02 21:07:16,802.0,23.3,36.72
2024-02-02 21:17:19,752.0,23.2,36.72
2024-02-02 21:27:21,809.0,23.2,36.72
2024-02-02 21:37:24,752.0,23.2,36.72
2024-02-02 21:47:26,714.0,23.3,36.72
2024-02-02 21:57:27,759.0,23.2,36.72
2024-02-02 22:07:30,710.0,23.2,36.72
2024-02-02 22:17:32,719.0,23.2,36.72
2024-02-02 22:27:02,719.0,23.2,36.72
2024-02-02 22:37:13,772.0,23.2,36.72
2024-02-02 22:47:29,684.0,23.2,36.72
2024-02-02 22:57:45,714.0,23.2,36.72
2024-02-02 23:07:45,779.0,23.2,36.72
2024-02-02 23:17:31,746.0,23.2,36.72
2024-02-02 23:27:50,707.0,23.2,36.72
2024-02-02 23:37:52,702.0,23.2,36.72
2024-02-02 23:47:55,688.0,23.2,36.33
2024-02-02 23:57:57,695.0,23.2,36.72
2024-02-03 00:07:59,685.0,23.2,36.33
2024-02-03 00:17:46,702.0,23.2,36.33
2024-02-03 00:28:05,669.0,23.2,36.72
2024-02-03 00:38:06,707.0,23.2,36.33
2024-02-03 00:48:09,671.0,23.2,36.33
2024-02-03 00:58:11,686.0,23.2,36.33
2024-02-03 01:08:14,648.0,23.2,36.33
2024-02-03 01:18:16,672.0,23.2,36.33
2024-02-03 01:28:18,825.0,23.2,36.33
2024-02-03 01:38:21,806.0,23.2,36.33
2024-02-03 01:48:24,766.0,23.2,36.33
2024-02-03 01:58:26,806.0,23.2,36.33
2024-02-03 02:08:12,744.0,23.3,36.33
2024-02-03 02:18:14,789.0,23.2,36.33
2024-02-03 02:28:33,803.0,23.2,36.72
2024-02-03 02:38:35,832.0,23.2,36.33
2024-02-03 02:48:38,773.0,23.2,36.33
2024-02-03 02:58:40,794.0,23.2,36.72
2024-02-03 03:08:42,803.0,23.2,36.33
2024-02-03 03:18:29,801.0,23.2,36.33
2024-02-03 03:28:47,789.0,23.3,36.33
2024-02-03 03:38:50,825.0,23.3,36.72
2024-02-03 03:48:52,803.0,23.3,36.33
2024-02-03 03:58:54,766.0,23.3,36.72
2024-02-03 04:08:56,747.0,23.3,36.33
2024-02-03 04:18:58,776.0,23.2,36.33
2024-02-03 04:29:00,747.0,23.3,36.33
2024-02-03 04:38:47,732.0,23.2,36.33
2024-02-03 04:49:05,697.0,23.2,36.33
2024-02-03 04:58:36,697.0,23.2,36.33
2024-02-03 05:08:46,811.0,23.2,36.33
2024-02-03 05:19:02,764.0,23.2,36.33
2024-02-03 05:29:18,790.0,23.2,36.33
2024-02-03 05:39:18,752.0,23.2,36.33
2024-02-03 05:49:05,725.0,23.2,36.33
2024-02-03 05:59:06,775.0,23.2,36.33
2024-02-03 06:09:24,735.0,23.2,36.33
2024-02-03 06:19:27,753.0,23.2,36.33
2024-02-03 06:29:29,760.0,23.3,36.33
2024-02-03 06:39:15,774.0,23.2,36.72
2024-02-03 06:49:18,798.0,23.1,36.72
2024-02-03 06:59:36,784.0,23.2,36.72
2024-02-03 07:09:39,751.0,23.3,36.72
2024-02-03 07:19:41,743.0,23.2,36.72
2024-02-03 07:29:43,763.0,23.2,36.72
2024-02-03 07:39:46,803.0,23.1,36.72
2024-02-03 07:49:48,746.0,23.2,36.72
2024-02-03 07:59:49,789.0,23.1,36.72
2024-02-03 08:09:52,753.0,23.2,36.72
2024-02-03 08:19:54,750.0,23.1,36.72
2024-02-03 08:29:57,746.0,23.3,36.72
2024-02-03 08:39:59,763.0,23.3,36.72
2024-02-03 08:49:45,768.0,23.2,36.72
2024-02-03 09:00:04,789.0,23.2,36.72
2024-02-03 09:10:06,784.0,23.2,36.72
2024-02-03 09:20:09,713.0,23.2,36.72
2024-02-03 09:30:11,727.0,23.2,36.33
2024-02-03 09:40:13,779.0,23.2,36.72
2024-02-03 09:50:16,743.0,23.1,36.33
2024-02-03 10:00:02,707.0,23.2,36.33
2024-02-03 10:10:21,725.0,23.2,36.33
2024-02-03 10:20:23,758.0,23.2,36.33
2024-02-03 10:30:25,691.0,23.2,36.33
2024-02-03 10:40:28,741.0,23.3,36.33
2024-02-03 10:50:30,731.0,23.2,36.33
2024-02-03 11:00:33,762.0,23.2,36.33
2024-02-03 11:10:35,772.0,23.2,36.33
2024-02-03 11:20:37,717.0,23.3,36.33
2024-02-03 11:30:08,717.0,23.3,36.33
2024-02-03 11:40:18,739.0,23.2,36.33
2024-02-03 11:50:34,724.0,23.3,36.33
2024-02-03 12:00:50,693.0,23.1,36.33
2024-02-03 12:10:50,743.0,23.3,36.33
2024-02-03 12:20:53,739.0,23.2,36.33
2024-02-03 12:30:55,720.0,23.2,36.33
2024-02-03 12:40:58,766.0,23.1,36.33
2024-02-03 12:51:00,711.0,23.2,36.33
2024-02-03 13:01:02,675.0,23.1,36.33
2024-02-03 13:11:05,714.0,23.2,36.33
2024-02-03 13:21:07,742.0,23.2,36.33
2024-02-03 13:31:10,725.0,23.2,36.33
2024-02-03 13:41:12,733.0,23.2,36.33
2024-02-03 13:51:14,687.0,23.3,36.33
2024-02-03 14:00:47,753.0,23.3,35.94
2024-02-03 14:04:33,753.0,23.3,35.94
2024-02-03 14:14:49,660.0,23.3,35.94
2024-02-03 14:24:49,725.0,23.3,36.33
2024-02-03 14:34:52,785.0,23.3,35.94
2024-02-03 14:44:54,723.0,23.2,36.33
2024-02-03 14:54:56,741.0,23.2,35.94
2024-02-03 15:04:59,667.0,23.2,35.94
2024-02-03 15:15:01,677.0,23.2,35.94
2024-02-03 15:25:04,691.0,23.2,35.94
2024-02-03 15:35:06,649.0,23.3,35.94
2024-02-03 15:45:08,672.0,23.3,35.94
2024-02-03 15:55:11,669.0,23.2,35.94
2024-02-03 16:05:13,707.0,23.2,35.94
2024-02-03 16:15:16,665.0,23.2,35.94
2024-02-03 16:25:18,695.0,23.3,35.94
2024-02-03 16:35:20,667.0,23.2,35.94
2024-02-03 16:45:23,659.0,23.2,35.94
2024-02-03 16:55:25,695.0,23.2,35.94
2024-02-03 17:05:28,701.0,23.1,35.94
2024-02-03 17:15:30,664.0,23.1,35.94
2024-02-03 17:25:32,684.0,23.1,35.94
2024-02-03 17:35:19,674.0,23.1,35.94
2024-02-03 17:45:37,734.0,23.1,35.94
2024-02-03 17:55:40,691.0,23.1,35.94
2024-02-03 18:05:42,662.0,23.2,35.94
2024-02-03 18:15:43,707.0,23.1,35.55
2024-02-03 18:25:46,648.0,23.2,35.55
2024-02-03 18:35:48,700.0,23.1,35.55
2024-02-03 18:45:50,711.0,23.1,35.55
2024-02-03 18:55:53,645.0,23.2,35.55
2024-02-03 19:05:55,719.0,23.2,35.55
2024-02-03 19:15:58,638.0,23.1,35.55
2024-02-03 19:26:00,655.0,23.1,35.55
2024-02-03 19:36:02,659.0,23.1,35.55
2024-02-03 19:46:05,665.0,23.1,35.55
2024-02-03 19:56:07,648.0,23.1,35.55
2024-02-03 20:06:10,714.0,23.1,35.55
2024-02-03 20:15:39,714.0,23.1,35.55
2024-02-03 20:25:49,679.0,23.1,35.55
2024-02-03 20:36:05,681.0,23.2,35.55
2024-02-03 20:46:21,675.0,23.2,35.16
2024-02-03 20:56:22,705.0,23.1,35.55
2024-02-03 21:06:08,645.0,23.1,35.16
2024-02-03 21:16:26,692.0,23.2,35.16
2024-02-03 21:26:29,679.0,23.1,35.16
2024-02-03 21:36:31,661.0,23.2,35.16
2024-02-03 21:46:33,648.0,23.2,35.16
2024-02-03 21:56:36,700.0,23.1,35.16
2024-02-03 22:06:22,685.0,23.1,35.16
2024-02-03 22:16:39,668.0,23.2,35.16
2024-02-03 22:26:42,664.0,23.1,35.16
2024-02-03 22:36:44,643.0,23.1,34.77
2024-02-03 22:46:47,655.0,23.1,34.77
2024-02-03 22:56:49,678.0,23.1,34.77
2024-02-03 23:06:51,681.0,23.1,34.77
2024-02-03 23:16:54,621.0,23.1,34.77
2024-02-03 23:26:56,645.0,23.1,34.77
2024-02-03 23:36:59,601.0,23.2,34.77
2024-02-03 23:47:01,617.0,23.1,34.77
2024-02-03 23:57:03,723.0,23.2,34.77
2024-02-04 00:06:50,640.0,23.2,34.77
2024-02-04 00:16:51,635.0,23.2,34.77
2024-02-04 00:27:09,647.0,23.1,34.77
2024-02-04 00:37:12,592.0,23.1,34.77
2024-02-04 00:47:14,640.0,23.1,34.77
2024-02-04 00:57:17,661.0,23.2,34.77
2024-02-04 01:07:03,622.0,23.2,34.77
2024-02-04 01:17:22,647.0,23.1,34.77
2024-02-04 01:27:24,635.0,23.0,34.77
2024-02-04 01:37:26,611.0,23.2,34.77
2024-02-04 01:47:29,676.0,23.0,34.77
2024-02-04 01:57:31,622.0,23.1,34.77
2024-02-04 02:07:33,640.0,23.2,34.38
2024-02-04 02:17:36,594.0,23.1,34.38
2024-02-04 02:27:38,642.0,23.1,34.38
2024-02-04 02:37:40,611.0,23.1,34.38
2024-02-04 02:47:11,611.0,23.1,34.38
2024-02-04 02:57:21,633.0,23.1,34.38
2024-02-04 03:07:37,668.0,23.0,34.38
2024-02-04 03:17:53,628.0,23.1,34.38
2024-02-04 03:27:53,590.0,23.1,34.38
2024-02-04 03:37:56,593.0,23.1,34.38
2024-02-04 03:47:58,629.0,23.1,34.38
2024-02-04 03:58:01,663.0,23.0,34.38
2024-02-04 04:08:03,649.0,23.0,34.38
2024-02-04 04:18:04,633.0,23.1,34.38
2024-02-04 04:28:07,598.0,23.0,34.38
2024-02-04 04:38:09,663.0,23.1,34.38
2024-02-04 04:47:55,580.0,23.1,34.38
2024-02-04 04:58:14,654.0,23.0,34.38
2024-02-04 05:08:16,611.0,23.1,34.38
2024-02-04 05:18:19,618.0,23.1,34.38
2024-02-04 05:28:21,615.0,23.0,34.38
2024-02-04 05:38:23,644.0,23.1,34.38
2024-02-04 05:48:26,603.0,23.0,34.38
2024-02-04 05:58:28,652.0,23.0,34.38
2024-02-04 06:08:31,620.0,23.1,34.38
2024-02-04 06:18:32,600.0,23.0,34.38
2024-02-04 06:28:34,596.0,23.0,34.38
2024-02-04 06:38:37,603.0,23.0,34.38
2024-02-04 06:48:39,624.0,23.0,34.38
2024-02-04 06:58:41,626.0,23.0,34.38
2024-02-04 07:08:44,626.0,23.1,34.38
2024-02-04 07:18:46,617.0,23.0,34.38
2024-02-04 07:28:49,680.0,23.0,34.38
2024-02-04 07:38:35,595.0,23.0,34.38
2024-02-04 07:48:37,589.0,23.0,34.38
2024-02-04 07:58:56,599.0,23.0,34.38
2024-02-04 08:08:58,636.0,23.0,34.38
2024-02-04 08:18:59,636.0,23.1,34.77
2024-02-04 08:29:02,607.0,23.1,34.38
2024-02-04 08:39:04,674.0,23.0,34.38
2024-02-04 08:49:07,652.0,23.0,34.38
2024-02-04 08:59:09,672.0,23.0,34.38
2024-02-04 09:09:11,646.0,23.0,34.77
2024-02-04 09:18:42,646.0,23.0,34.77
2024-02-04 09:28:52,648.0,23.0,34.77
2024-02-04 09:39:08,700.0,23.0,34.77
2024-02-04 09:49:24,629.0,23.0,34.77
2024-02-04 09:59:24,667.0,23.0,34.77
2024-02-04 10:09:27,674.0,23.0,34.77
2024-02-04 10:19:29,654.0,23.0,34.77
2024-02-04 10:29:32,649.0,22.9,34.77
2024-02-04 10:39:34,582.0,23.0,34.77
2024-02-04 10:49:36,619.0,23.0,34.77
2024-02-04 10:59:39,662.0,23.0,34.77
2024-02-04 11:09:41,628.0,23.0,34.77
2024-02-04 11:19:28,569.0,23.0,34.77
2024-02-04 11:29:46,705.0,23.1,34.77
2024-02-04 11:39:48,635.0,23.1,34.77
2024-02-04 11:49:51,659.0,23.0,34.77
2024-02-04 11:59:53,607.0,23.0,34.77
2024-02-04 12:09:56,619.0,23.1,34.77
2024-02-04 12:19:57,632.0,23.0,34.77
2024-02-04 12:29:59,592.0,23.0,34.77
2024-02-04 12:40:02,626.0,23.0,34.77
2024-02-04 12:50:04,609.0,23.0,34.77
2024-02-04 13:00:07,620.0,23.0,34.77
2024-02-04 13:10:09,610.0,23.1,34.77
2024-02-04 13:20:11,652.0,23.0,34.77
2024-02-04 13:30:14,638.0,22.9,34.77
2024-02-04 13:40:16,599.0,23.0,34.77
2024-02-04 13:50:18,663.0,23.0,34.77
2024-02-04 14:00:21,665.0,23.0,34.77
2024-02-04 14:10:23,587.0,23.0,34.77
2024-02-04 14:20:26,637.0,23.0,34.77
2024-02-04 14:30:28,602.0,23.0,34.77
2024-02-04 14:40:30,607.0,23.1,34.77
2024-02-04 14:50:33,645.0,23.0,34.77
2024-02-04 15:00:35,597.0,23.0,34.77
2024-02-04 15:10:38,600.0,23.0,34.77
2024-02-04 15:20:40,690.0,23.0,34.77
2024-02-04 15:30:43,587.0,23.0,34.77
2024-02-04 15:40:45,605.0,23.0,34.77
2024-02-04 15:50:15,605.0,23.0,34.77
2024-02-04 16:00:25,651.0,23.0,34.77
2024-02-04 16:10:42,617.0,23.0,34.77
2024-02-04 16:20:58,599.0,22.9,34.77
2024-02-04 16:30:58,610.0,23.0,34.77
2024-02-04 16:40:44,635.0,22.9,34.77
2024-02-04 16:51:03,645.0,22.9,34.77
2024-02-04 17:01:05,617.0,23.0,34.77
2024-02-04 17:11:07,627.0,22.9,34.77
2024-02-04 17:21:10,582.0,23.0,34.77
2024-02-04 17:31:12,614.0,22.9,34.77
2024-02-04 17:40:59,635.0,22.9,34.77
2024-02-04 17:51:01,673.0,22.9,34.77
2024-02-04 18:01:19,646.0,23.0,34.77
2024-02-04 18:11:22,643.0,22.9,34.77
2024-02-04 18:21:23,623.0,22.9,34.77
2024-02-04 18:31:25,620.0,22.9,34.77
2024-02-04 18:41:12,615.0,22.9,34.77
2024-02-04 18:51:30,592.0,22.9,34.77
2024-02-04 19:01:33,590.0,22.9,34.77
2024-02-04 19:11:35,632.0,22.9,34.77
2024-02-04 19:21:37,628.0,23.0,34.77
2024-02-04 19:31:40,625.0,22.9,34.77
2024-02-04 19:41:26,579.0,22.9,34.77
2024-02-04 19:51:29,619.0,22.9,34.77
2024-02-04 20:01:47,582.0,23.0,35.16
2024-02-04 20:11:49,597.0,23.0,34.77
2024-02-04 20:21:52,574.0,22.9,35.16
2024-02-04 20:31:54,638.0,23.0,35.16
2024-02-04 20:41:56,623.0,23.0,35.16
2024-02-04 20:51:59,590.0,23.0,35.16
2024-02-04 21:02:01,610.0,22.9,35.16
2024-02-04 21:12:04,579.0,22.9,35.16
2024-02-04 21:22:06,572.0,22.9,35.16
2024-02-04 21:32:08,602.0,23.0,35.16
2024-02-04 21:42:11,572.0,23.0,35.16
2024-02-04 21:52:13,615.0,22.9,34.77
2024-02-04 22:02:16,636.0,22.9,35.16
2024-02-04 22:12:18,605.0,22.9,34.77
2024-02-04 22:21:47,605.0,22.9,34.77
2024-02-04 22:31:58,571.0,23.0,35.16
2024-02-04 22:42:14,609.0,23.0,35.16
2024-02-04 22:52:30,628.0,23.0,34.77
2024-02-04 23:02:30,599.0,23.0,34.77
2024-02-04 23:12:17,610.0,22.9,34.77
2024-02-04 23:22:19,609.0,22.9,34.77
2024-02-04 23:32:37,632.0,22.9,35.16
2024-02-04 23:42:39,592.0,23.0,35.16
2024-02-04 23:52:42,541.0,23.0,34.77
2024-02-05 00:02:44,589.0,23.0,34.77
2024-02-05 00:12:47,605.0,23.0,34.77
2024-02-05 00:22:49,570.0,23.0,34.77
2024-02-05 00:32:51,616.0,23.1,34.77
2024-02-05 00:42:54,523.0,23.0,34.77
2024-02-05 00:52:56,603.0,23.0,34.77
2024-02-05 01:02:59,626.0,23.0,34.77
2024-02-05 01:12:45,615.0,23.0,34.77
2024-02-05 01:23:03,624.0,23.1,34.77
2024-02-05 01:33:06,626.0,23.0,34.77
2024-02-05 01:43:08,626.0,23.0,34.77
2024-02-05 01:53:11,610.0,23.0,34.77
2024-02-05 02:03:13,649.0,23.0,34.77
2024-02-05 02:12:59,606.0,23.1,34.77
2024-02-05 02:23:18,626.0,23.0,34.77
2024-02-05 02:33:20,601.0,23.0,34.77
2024-02-05 02:43:23,573.0,23.1,34.77
2024-02-05 02:53:25,573.0,23.0,34.77
2024-02-05 03:03:27,590.0,23.1,34.77
2024-02-05 03:13:30,615.0,23.0,34.77
2024-02-05 03:23:32,570.0,23.0,34.38
2024-02-05 03:33:35,542.0,23.0,34.38
2024-02-05 03:43:37,610.0,22.9,34.77
2024-02-05 03:53:39,634.0,23.0,34.38
2024-02-05 04:03:42,588.0,23.0,34.38
2024-02-05 04:13:44,600.0,23.0,34.38
2024-02-05 04:23:45,600.0,23.0,34.38
2024-02-05 04:33:48,559.0,23.0,34.38
2024-02-05 04:43:50,633.0,23.0,34.38
2024-02-05 04:53:21,633.0,23.0,34.38
2024-02-05 05:03:31,572.0,22.9,34.38
2024-02-05 05:13:47,572.0,23.0,34.38
2024-02-05 05:24:03,610.0,22.9,34.38
2024-02-05 05:34:03,586.0,23.1,34.38
2024-02-05 05:43:50,615.0,22.9,34.38
2024-02-05 05:54:08,615.0,22.9,34.38
2024-02-05 06:04:10,614.0,22.9,34.38
2024-02-05 06:14:13,607.0,23.0,34.38
2024-02-05 06:24:14,577.0,23.1,34.38
2024-02-05 06:34:16,577.0,23.1,34.38
2024-02-05 06:44:03,561.0,22.9,34.38
2024-02-05 06:54:05,600.0,23.0,34.38
2024-02-05 07:04:24,619.0,23.0,34.38
2024-02-05 07:14:26,620.0,23.0,34.38
2024-02-05 07:34:31,602.0,22.9,34.77
2024-02-05 07:44:33,627.0,22.9,34.77
2024-02-05 07:54:36,615.0,22.9,35.16
2024-02-05 08:04:38,671.0,22.9,35.55
2024-02-05 08:14:40,692.0,22.9,35.55
2024-02-05 08:24:43,736.0,22.9,35.94
2024-02-05 08:34:29,738.0,22.9,36.33
2024-02-05 08:44:48,827.0,22.9,36.33
2024-02-05 08:54:50,895.0,22.9,36.33
2024-02-05 09:04:52,830.0,22.9,36.33
2024-02-05 09:14:55,896.0,22.9,36.33
2024-02-05 09:24:57,917.0,23.0,36.33
2024-02-05 09:35:04,1014.0,23.1,36.72
2024-02-05 09:45:06,1049.0,23.1,36.72
2024-02-05 09:54:52,1029.0,23.1,36.33
2024-02-05 10:05:15,1085.0,23.1,36.33
2024-02-05 10:15:21,1107.0,23.0,36.33
2024-02-05 10:25:26,1136.0,23.1,36.33
2024-02-05 10:35:33,1136.0,23.0,36.33
2024-02-05 10:45:39,1193.0,23.2,36.33
2024-02-05 10:55:46,1226.0,23.2,36.33
2024-02-05 11:05:52,1211.0,23.2,36.33
2024-02-05 11:15:59,1205.0,23.2,36.33
2024-02-05 11:25:33,1205.0,23.2,36.33
2024-02-05 11:35:47,1232.0,23.2,36.72
2024-02-05 11:46:07,1224.0,23.1,36.72
2024-02-05 11:56:27,1224.0,23.1,36.72
2024-02-05 12:06:32,1294.0,23.1,36.72
2024-02-05 12:16:38,1308.0,23.2,36.72
2024-02-05 12:26:43,1377.0,23.2,36.72
2024-02-05 12:36:50,1363.0,23.2,36.72
2024-02-05 12:46:56,1271.0,23.2,36.33
2024-02-05 12:57:03,1220.0,23.2,35.55
2024-02-05 13:07:09,1357.0,23.2,35.94
2024-02-05 13:17:15,1239.0,23.2,35.94
2024-02-05 13:27:22,1379.0,23.2,35.94
2024-02-05 13:37:28,1458.0,23.2,36.33
2024-02-05 13:47:35,1496.0,23.2,36.33
2024-02-05 13:57:41,1578.0,23.3,36.33
2024-02-05 14:07:43,1567.0,23.2,35.94
2024-02-05 14:17:46,1507.0,23.2,35.55
2024-02-05 14:27:52,1543.0,23.2,35.94
2024-02-05 14:37:59,1605.0,23.2,36.33
2024-02-05 14:48:05,1593.0,23.3,36.33
2024-02-05 14:58:11,1733.0,23.3,36.72
2024-02-05 15:08:18,1800.0,23.3,36.72
2024-02-05 15:18:08,1735.0,23.2,36.72
2024-02-05 15:28:15,1814.0,23.3,36.72
2024-02-05 15:38:21,1800.0,23.2,36.72
2024-02-05 15:48:44,1760.0,23.3,36.72
2024-02-05 15:58:50,1820.0,23.3,36.72
2024-02-05 16:08:56,1695.0,23.3,36.72
2024-02-05 16:19:03,1687.0,23.3,36.33
2024-02-05 16:28:53,1570.0,23.2,36.33
2024-02-05 16:39:16,1480.0,23.3,35.94
2024-02-05 16:49:22,1470.0,23.3,35.55
2024-02-05 16:59:32,1433.0,23.3,35.55
2024-02-05 17:09:35,1387.0,23.3,35.55
2024-02-05 17:19:37,1426.0,23.2,35.55
2024-02-05 17:29:44,1449.0,23.3,35.55
2024-02-05 17:39:50,1462.0,23.3,35.55
2024-02-05 17:49:57,1538.0,23.3,35.94
2024-02-05 17:59:31,1538.0,23.3,35.94
2024-02-05 18:09:45,1437.0,23.3,35.94
2024-02-05 18:20:05,1514.0,23.3,35.94
2024-02-05 18:30:26,1462.0,23.3,35.94
2024-02-05 18:40:30,1416.0,23.2,35.94
2024-02-05 18:50:36,1474.0,23.3,35.94
2024-02-05 19:00:42,1430.0,23.3,35.94
2024-02-05 19:10:49,1381.0,23.3,35.94
2024-02-05 19:20:55,1385.0,23.3,35.94
2024-02-05 19:31:02,1344.0,23.3,35.94
2024-02-05 19:41:08,1320.0,23.3,35.94
2024-02-05 19:51:15,1233.0,23.3,35.94
2024-02-05 20:01:21,1275.0,23.3,35.94
2024-02-05 20:11:27,1279.0,23.3,37.5
2024-02-05 20:21:34,1242.0,23.3,36.33
2024-02-05 20:31:40,1258.0,23.3,35.94
2024-02-05 20:41:47,1198.0,23.3,35.94
2024-02-05 20:51:53,1206.0,23.3,35.94
2024-02-05 21:01:59,1122.0,23.3,35.94
2024-02-05 21:12:06,1153.0,23.3,35.55
2024-02-05 21:22:12,1132.0,23.4,35.55
2024-02-05 21:32:19,1082.0,23.3,35.55
2024-02-05 21:42:25,1067.0,23.4,35.55
2024-02-05 21:52:32,1082.0,23.3,35.55
2024-02-05 22:02:38,993.0,23.4,35.55
2024-02-05 22:12:44,1004.0,23.3,35.16
2024-02-05 22:22:51,974.0,23.4,35.16
2024-02-05 22:32:56,978.0,23.4,35.16
2024-02-05 22:43:02,975.0,23.3,35.16
2024-02-05 22:53:09,953.0,23.3,35.16
2024-02-05 23:03:15,950.0,23.4,34.77
2024-02-05 23:13:22,946.0,23.4,34.77
2024-02-05 23:23:28,952.0,23.3,34.77
2024-02-05 23:33:34,900.0,23.3,34.77
2024-02-05 23:43:37,906.0,23.4,34.77
2024-02-05 23:53:23,904.0,23.3,34.77
2024-02-06 00:03:46,895.0,23.3,34.77
2024-02-06 00:13:52,900.0,23.3,34.77
2024-02-06 00:23:59,915.0,23.3,34.77
2024-02-06 00:33:32,915.0,23.3,34.77
2024-02-06 00:43:42,825.0,23.3,34.38
2024-02-06 00:53:58,786.0,23.2,34.38
2024-02-06 01:04:14,893.0,23.3,34.38
2024-02-06 01:14:14,826.0,23.3,34.38
2024-02-06 01:24:17,831.0,23.3,34.38
2024-02-06 01:34:19,888.0,23.3,34.38
2024-02-06 01:44:22,868.0,23.3,34.38
2024-02-06 01:54:24,815.0,23.3,34.38
2024-02-06 02:04:26,790.0,23.3,34.38
2024-02-06 02:14:29,829.0,23.3,34.38
2024-02-06 02:24:31,811.0,23.2,33.98
2024-02-06 02:34:16,811.0,23.4,33.98
2024-02-06 02:44:35,773.0,23.2,33.98
2024-02-06 02:54:37,831.0,23.2,33.98
2024-02-06 03:04:40,782.0,23.3,33.98
2024-02-06 03:14:42,771.0,23.3,33.98
2024-02-06 03:24:28,792.0,23.2,34.38
2024-02-06 03:34:47,744.0,23.3,33.98
2024-02-06 03:44:49,789.0,23.3,33.98
2024-02-06 03:54:52,789.0,23.2,33.98
2024-02-06 04:04:54,752.0,23.2,33.98
2024-02-06 04:14:56,799.0,23.3,33.98
2024-02-06 04:24:59,728.0,23.3,33.98
2024-02-06 04:34:44,751.0,23.2,33.98
2024-02-06 04:45:02,771.0,23.3,33.98
2024-02-06 04:55:05,782.0,23.3,33.98
2024-02-06 05:05:07,687.0,23.3,33.98
2024-02-06 05:15:10,737.0,23.3,33.98
2024-02-06 05:25:12,763.0,23.3,33.98
2024-02-06 05:35:14,799.0,23.2,33.98
2024-02-06 05:45:17,744.0,23.2,33.98
2024-02-06 05:55:19,806.0,23.3,33.98
2024-02-06 06:05:22,761.0,23.2,33.59
2024-02-06 06:15:24,773.0,23.3,33.59
2024-02-06 06:25:26,734.0,23.2,33.59
2024-02-06 06:35:28,744.0,23.3,33.98
2024-02-06 06:45:30,758.0,23.2,33.98
2024-02-06 06:55:32,772.0,23.3,33.59
2024-02-06 07:05:03,772.0,23.3,33.59
2024-02-06 07:15:13,717.0,23.2,33.98
2024-02-06 07:25:29,724.0,23.2,33.98
2024-02-06 07:35:29,755.0,23.2,33.98
2024-02-06 07:45:48,758.0,23.3,33.98
2024-02-06 07:55:50,750.0,23.2,34.38
2024-02-06 08:05:52,810.0,23.2,34.77
2024-02-06 08:15:55,891.0,23.2,35.16
2024-02-06 08:25:57,837.0,23.2,35.94
2024-02-06 08:36:04,985.0,23.2,36.33
2024-02-06 08:45:50,1079.0,23.1,36.72
2024-02-06 08:56:08,1087.0,23.1,37.11
2024-02-06 09:06:15,1148.0,23.1,37.5
2024-02-06 09:16:21,1174.0,23.1,38.28
2024-02-06 09:26:28,1265.0,23.1,38.28
2024-02-06 09:36:34,1307.0,23.1,38.28
2024-02-06 09:46:41,1159.0,23.2,38.28
2024-02-06 09:56:47,1142.0,23.1,38.28
2024-02-06 10:06:53,1297.0,23.0,38.28
2024-02-06 10:17:00,1348.0,23.1,38.67
2024-02-06 10:27:07,1266.0,23.1,38.28
2024-02-06 10:37:12,1264.0,23.2,38.28
2024-02-06 10:47:18,1402.0,23.2,38.67
2024-02-06 10:57:08,1505.0,23.2,38.67
2024-02-06 11:07:35,1560.0,23.2,39.06
2024-02-06 11:17:37,1518.0,23.2,39.06
2024-02-06 11:27:39,1520.0,23.3,39.06
2024-02-06 11:37:46,1510.0,23.2,39.06
2024-02-06 11:47:52,1526.0,23.3,38.67
2024-02-06 11:57:59,1486.0,23.3,38.67
2024-02-06 12:08:05,1456.0,23.3,38.67
2024-02-06 12:18:12,1473.0,23.3,38.67
2024-02-06 12:28:02,1473.0,23.4,38.67
2024-02-06 12:38:28,1401.0,23.3,38.67
2024-02-06 12:48:31,1463.0,23.4,39.06
2024-02-06 12:58:33,1529.0,23.4,39.45
2024-02-06 13:18:46,1510.0,23.4,39.84
2024-02-06 13:28:20,1555.0,23.4,39.84
2024-02-06 13:38:20,1555.0,23.4,39.84
2024-02-06 13:48:33,1535.0,23.4,39.84
2024-02-06 13:58:33,1450.0,23.4,39.84
2024-02-06 14:09:13,1257.0,23.3,39.84
2024-02-06 14:19:13,1180.0,23.4,39.84
2024-02-06 14:29:17,1134.0,23.4,39.84
2024-02-06 14:39:21,1300.0,23.3,39.84
2024-02-06 14:49:25,1290.0,23.3,39.84
2024-02-06 14:59:30,1324.0,23.3,39.45
2024-02-06 15:09:34,1389.0,23.3,39.84
2024-02-06 15:19:38,1400.0,23.4,39.45
2024-02-06 15:29:26,1364.0,23.3,39.45
2024-02-06 15:39:49,1342.0,23.3,39.45
2024-02-06 15:49:53,1243.0,23.3,39.45
2024-02-06 15:59:57,1323.0,23.3,39.06
2024-02-06 16:10:01,1210.0,23.3,39.06
2024-02-06 16:19:49,1202.0,23.3,39.06
2024-02-06 16:30:12,1210.0,23.4,39.06
2024-02-06 16:40:16,1214.0,23.4,38.67
2024-02-06 16:50:20,1267.0,23.4,38.67
2024-02-06 17:00:24,1151.0,23.3,38.67
2024-02-06 17:10:29,1111.0,23.3,38.67
2024-02-06 17:20:33,1169.0,23.3,38.28
2024-02-06 17:30:21,1188.0,23.3,38.28
2024-02-06 17:40:43,1103.0,23.4,38.28
2024-02-06 17:50:47,1120.0,23.3,37.89
2024-02-06 18:00:52,1060.0,23.3,37.89
2024-02-06 18:10:56,1073.0,23.3,37.89
2024-02-06 18:21:00,1058.0,23.3,37.89
2024-02-06 18:31:04,1069.0,23.3,37.5
2024-02-06 18:41:08,1062.0,23.3,37.89
2024-02-06 18:51:13,961.0,23.3,37.5
2024-02-06 19:01:17,1051.0,23.4,37.5
2024-02-06 19:11:21,1008.0,23.3,37.5
2024-02-06 19:21:25,1041.0,23.3,37.5
2024-02-06 19:31:29,997.0,23.3,37.5
2024-02-06 19:41:34,1008.0,23.3,37.5
2024-02-06 19:51:38,988.0,23.3,37.11
2024-02-06 20:01:42,955.0,23.3,37.11
2024-02-06 20:11:14,955.0,23.3,37.11
2024-02-06 20:21:29,955.0,23.3,37.11
2024-02-06 20:31:49,902.0,23.3,37.11
2024-02-06 20:42:09,919.0,23.3,37.11
2024-02-06 20:52:09,919.0,23.3,37.11
2024-02-06 21:02:13,898.0,23.3,36.72
2024-02-06 21:12:17,935.0,23.3,36.72
2024-02-06 21:22:21,942.0,23.3,36.72
2024-02-06 21:32:26,924.0,23.3,36.72
2024-02-06 21:42:30,861.0,23.3,36.72
2024-02-06 21:52:34,921.0,23.3,36.72
2024-02-06 22:02:22,944.0,23.4,36.72
2024-02-06 22:12:45,893.0,23.3,36.72
2024-02-06 22:22:49,863.0,23.2,36.72
2024-02-06 22:32:53,862.0,23.2,36.72
2024-02-06 22:42:57,888.0,23.3,36.33
2024-02-06 22:53:01,832.0,23.2,36.33
2024-02-06 23:03:04,804.0,23.2,36.33
2024-02-06 23:13:06,824.0,23.2,36.33
2024-02-06 23:23:09,839.0,23.2,36.33
2024-02-06 23:33:11,848.0,23.2,36.33
2024-02-06 23:43:13,760.0,23.3,36.33
2024-02-06 23:53:16,793.0,23.2,36.33
2024-02-07 00:03:02,817.0,23.2,36.33
2024-02-07 00:13:21,837.0,23.2,35.94
2024-02-07 00:23:23,782.0,23.2,35.94
2024-02-07 00:33:25,817.0,23.2,35.94
2024-02-07 00:43:27,770.0,23.2,35.94
2024-02-07 00:53:29,758.0,23.2,35.94
2024-02-07 01:03:32,784.0,23.2,35.94
2024-02-07 01:13:34,779.0,23.2,35.94
2024-02-07 01:23:36,817.0,23.1,35.94
2024-02-07 01:33:39,772.0,23.2,35.94
2024-02-07 01:43:41,754.0,23.1,35.94
2024-02-07 01:53:43,754.0,23.1,35.94
2024-02-07 02:03:46,719.0,23.2,35.94
2024-02-07 02:13:48,750.0,23.2,35.55
2024-02-07 02:23:51,773.0,23.1,35.55
2024-02-07 02:33:53,738.0,23.1,35.55
2024-02-07 02:43:22,738.0,23.1,35.55
2024-02-07 02:53:33,778.0,23.2,35.55
2024-02-07 03:03:49,700.0,23.1,35.55
2024-02-07 03:13:49,749.0,23.1,35.55
2024-02-07 03:24:07,759.0,23.1,35.55
2024-02-07 03:34:10,726.0,23.2,35.55
2024-02-07 03:44:12,721.0,23.1,35.55
2024-02-07 03:54:14,664.0,23.1,35.55
2024-02-07 04:04:17,754.0,23.1,35.55
2024-02-07 04:14:19,742.0,23.1,35.55
2024-02-07 04:24:21,790.0,23.1,35.55
2024-02-07 04:34:24,735.0,23.1,35.55
2024-02-07 04:44:09,740.0,23.0,35.55
2024-02-07 04:54:28,754.0,23.1,35.16
2024-02-07 05:04:30,706.0,23.1,35.16
2024-02-07 05:14:32,723.0,23.1,35.16
2024-02-07 05:24:35,731.0,23.1,35.16
2024-02-07 05:34:37,731.0,23.1,35.16
2024-02-07 05:44:40,704.0,23.1,35.16
2024-02-07 05:54:42,694.0,23.1,35.16
2024-02-07 06:04:44,689.0,23.1,35.16
2024-02-07 06:14:47,710.0,23.1,35.16
2024-02-07 06:24:33,734.0,23.0,34.77
2024-02-07 06:34:51,732.0,23.1,34.77
2024-02-07 06:44:54,686.0,23.0,34.77
2024-02-07 06:54:56,667.0,23.1,34.77
2024-02-07 07:04:59,667.0,23.0,34.77
2024-02-07 07:15:01,693.0,23.1,34.77
2024-02-07 07:25:03,652.0,23.1,34.38
2024-02-07 07:35:06,677.0,23.1,34.77
2024-02-07 07:44:52,781.0,23.0,35.16
2024-02-07 07:55:11,713.0,23.1,33.2
2024-02-07 08:05:13,728.0,22.9,30.08
2024-02-07 08:15:15,764.0,22.9,30.47
2024-02-07 08:25:18,864.0,22.9,31.64
2024-02-07 08:35:20,944.0,23.0,32.42
2024-02-07 08:45:27,1022.0,23.0,33.2
2024-02-07 08:55:29,1074.0,22.9,34.38
2024-02-07 09:05:31,1134.0,22.9,34.38
2024-02-07 09:15:06,1134.0,22.9,34.38
2024-02-07 09:25:20,1076.0,22.9,33.98
2024-02-07 09:35:40,1071.0,23.0,33.59
2024-02-07 09:46:00,1063.0,22.9,33.2
2024-02-07 09:56:05,1130.0,22.9,32.81
2024-02-07 10:06:11,1031.0,22.9,32.03
2024-02-07 10:16:17,1018.0,22.9,32.03
2024-02-07 10:26:24,1144.0,22.9,32.81
2024-02-07 10:36:30,1174.0,22.9,33.2
2024-02-07 10:46:35,1300.0,22.9,33.98
2024-02-07 10:56:42,1290.0,23.0,33.98
2024-02-07 11:06:48,1281.0,23.0,33.98
2024-02-07 11:16:55,1414.0,22.9,34.38
2024-02-07 11:27:01,1373.0,23.0,34.38
2024-02-07 11:37:07,1430.0,23.0,34.38
2024-02-07 11:47:14,1354.0,23.0,34.77
2024-02-07 11:57:20,1541.0,23.0,35.16
2024-02-07 12:07:27,1444.0,23.0,34.38
2024-02-07 12:17:33,1496.0,23.0,34.77
2024-02-07 12:27:40,1680.0,23.1,35.16
2024-02-07 12:37:42,1662.0,23.1,35.16
2024-02-07 12:47:43,1598.0,23.1,34.77
2024-02-07 12:57:50,1748.0,23.0,35.94
2024-02-07 13:07:56,1620.0,23.0,35.16
2024-02-07 13:18:02,1668.0,23.2,35.55
2024-02-07 13:28:09,1694.0,23.1,35.55
2024-02-07 13:38:15,1737.0,23.1,35.16
2024-02-07 13:48:22,1706.0,23.2,35.55
2024-02-07 13:58:28,1773.0,23.1,35.55
2024-02-07 14:08:35,1903.0,23.1,35.94
2024-02-07 14:18:41,1864.0,23.1,35.94
2024-02-07 14:28:47,1901.0,23.1,35.94
2024-02-07 14:38:54,1882.0,23.1,35.94
2024-02-07 14:49:00,1917.0,23.1,36.33
2024-02-07 14:59:07,2040.0,23.2,36.72
2024-02-07 15:09:13,2019.0,23.1,37.11
2024-02-07 15:19:19,1963.0,23.2,36.72
2024-02-07 15:29:26,2043.0,23.1,37.11
2024-02-07 15:39:32,1965.0,23.1,37.11
2024-02-07 15:49:07,1965.0,23.1,37.11
2024-02-07 15:59:21,1910.0,23.1,36.72
2024-02-07 16:09:41,1859.0,23.1,36.72
2024-02-07 16:20:01,1755.0,23.1,35.94
2024-02-07 16:30:05,1646.0,23.1,35.94
2024-02-07 16:40:12,1679.0,23.1,35.55
2024-02-07 16:50:17,1591.0,23.1,35.55
2024-02-07 17:00:23,1603.0,23.1,35.16
2024-02-07 17:10:30,1553.0,23.0,35.16
2024-02-07 17:20:36,1609.0,23.0,35.16
2024-02-07 17:30:27,1529.0,23.1,35.16
2024-02-07 17:40:49,1481.0,23.1,34.77
2024-02-07 17:50:56,1441.0,23.0,34.77
2024-02-07 18:00:58,1487.0,23.0,34.77
2024-02-07 18:11:00,1476.0,23.1,34.77
2024-02-07 18:21:07,1377.0,23.1,34.77
2024-02-07 18:31:13,1435.0,23.0,34.77
2024-02-07 18:41:20,1340.0,23.1,34.77
2024-02-07 18:51:25,1373.0,23.1,34.38
2024-02-07 19:01:15,1330.0,23.1,34.38
2024-02-07 19:11:38,1290.0,23.1,34.38
2024-02-07 19:21:44,1314.0,23.1,34.38
2024-02-07 19:31:50,1269.0,23.1,34.38
2024-02-07 19:41:57,1302.0,23.0,34.38
2024-02-07 19:52:03,1195.0,23.1,34.38
2024-02-07 20:02:10,1169.0,23.1,34.38
2024-02-07 20:12:16,1183.0,23.1,34.38
2024-02-07 20:22:23,1129.0,23.1,33.98
2024-02-07 20:32:29,1111.0,23.1,33.98
2024-02-07 20:42:35,1084.0,23.1,33.98
2024-02-07 20:52:26,1078.0,23.1,33.98
2024-02-07 21:02:48,1086.0,23.1,33.98
2024-02-07 21:12:55,1032.0,23.1,33.59
2024-02-07 21:23:01,1063.0,23.1,33.59
2024-02-07 21:33:07,958.0,23.1,33.59
2024-02-07 21:43:14,923.0,23.1,33.59
2024-02-07 21:53:20,1000.0,23.1,33.2
2024-02-07 22:03:27,919.0,23.1,33.2
2024-02-07 22:13:33,916.0,23.1,33.2
2024-02-07 22:23:08,916.0,23.1,33.2
2024-02-07 22:33:22,1004.0,23.1,33.2
2024-02-07 22:43:43,916.0,23.1,33.2
2024-02-07 22:54:02,918.0,23.0,33.2
2024-02-07 23:03:50,916.0,23.0,33.2
2024-02-07 23:14:13,892.0,23.1,32.81
2024-02-07 23:24:19,899.0,23.1,32.81
2024-02-07 23:34:25,886.0,23.1,33.2
2024-02-07 23:44:16,886.0,23.1,32.81
2024-02-07 23:54:35,848.0,23.0,32.81
2024-02-08 00:04:37,886.0,23.1,32.81
2024-02-08 00:14:39,886.0,23.1,32.81
2024-02-08 00:24:42,879.0,23.1,32.81
2024-02-08 00:34:28,832.0,23.1,32.81
2024-02-08 00:44:31,888.0,23.0,32.81
2024-02-08 00:54:49,839.0,23.0,32.81
2024-02-08 01:04:35,881.0,23.1,32.81
2024-02-08 01:14:38,809.0,23.0,32.81
2024-02-08 01:24:56,842.0,23.0,32.42
2024-02-08 01:34:58,808.0,23.0,32.81
2024-02-08 01:45:01,756.0,23.0,32.81
2024-02-08 01:55:03,826.0,23.0,32.81
2024-02-08 02:04:50,780.0,23.0,32.81
2024-02-08 02:15:08,801.0,23.0,32.81
2024-02-08 02:24:54,810.0,23.1,32.81
2024-02-08 02:35:13,849.0,23.0,32.81
2024-02-08 02:45:15,829.0,23.0,32.81
2024-02-08 02:55:17,875.0,23.0,32.81
2024-02-08 03:05:19,762.0,23.1,32.42
2024-02-08 03:15:21,806.0,23.0,32.42
2024-02-08 03:25:08,772.0,23.0,32.42
2024-02-08 03:35:26,748.0,23.0,32.42
2024-02-08 03:45:28,759.0,23.0,32.42
2024-02-08 03:55:31,779.0,23.0,32.81
2024-02-08 04:05:33,800.0,23.0,32.42
2024-02-08 04:15:36,709.0,22.9,32.81
2024-02-08 04:25:38,760.0,22.9,32.81
2024-02-08 04:35:40,786.0,23.0,32.81
2024-02-08 04:45:43,772.0,22.9,32.81
2024-02-08 04:55:12,772.0,22.9,32.81
2024-02-08 05:05:23,690.0,22.9,32.81
2024-02-08 05:15:38,752.0,22.9,32.81
2024-02-08 05:25:55,767.0,22.9,32.81
2024-02-08 05:35:55,709.0,22.9,32.42
2024-02-08 05:45:41,749.0,23.0,32.81
2024-02-08 05:55:43,740.0,22.9,32.42
2024-02-08 06:06:02,730.0,22.9,32.42
2024-02-08 06:16:04,730.0,23.0,32.42
2024-02-08 06:26:07,766.0,22.9,32.42
2024-02-08 06:36:09,684.0,22.9,32.42
2024-02-08 06:45:55,737.0,22.9,32.03
2024-02-08 06:56:14,718.0,22.9,32.42
2024-02-08 07:06:16,716.0,22.9,32.03
2024-02-08 07:16:19,728.0,22.9,32.42
2024-02-08 07:26:21,735.0,22.9,32.42
2024-02-08 07:36:23,761.0,22.9,32.81
2024-02-08 07:46:26,785.0,22.9,33.2
2024-02-08 07:56:28,862.0,22.9,33.2
2024-02-08 08:06:31,946.0,22.9,33.59
2024-02-08 08:16:37,959.0,22.8,33.59
2024-02-08 08:26:39,997.0,22.9,33.98
2024-02-08 08:36:26,1047.0,22.9,34.38
2024-02-08 08:46:48,1062.0,22.9,34.38
2024-02-08 08:56:38,1047.0,22.9,34.77
2024-02-08 09:07:00,1170.0,22.9,34.77
2024-02-08 09:17:06,1152.0,22.8,34.77
2024-02-08 09:27:13,1189.0,22.9,34.77
2024-02-08 09:37:19,1177.0,22.9,35.16
2024-02-08 09:47:26,1201.0,22.9,34.77
2024-02-08 09:57:32,1173.0,22.9,34.77
2024-02-08 10:07:38,1181.0,22.9,34.38
2024-02-08 10:17:45,1140.0,22.9,34.77
2024-02-08 10:27:51,1217.0,22.9,34.77
2024-02-08 10:37:58,1201.0,22.8,34.77
2024-02-08 10:48:04,1181.0,22.9,34.77
2024-02-08 10:58:09,1226.0,22.8,34.77
2024-02-08 11:08:16,1331.0,22.9,34.77
2024-02-08 11:18:22,1348.0,22.8,34.77
2024-02-08 11:27:57,1348.0,22.8,34.77
2024-02-08 11:38:11,1248.0,22.9,34.38
2024-02-08 11:48:31,1246.0,22.8,34.38
2024-02-08 11:58:51,1217.0,22.9,34.38
2024-02-08 12:08:55,1360.0,22.9,34.38
2024-02-08 12:18:46,1455.0,22.9,34.77
2024-02-08 12:29:08,1484.0,22.9,34.77
2024-02-08 12:39:14,1444.0,22.9,34.38
2024-02-08 12:49:21,1362.0,22.9,34.38
2024-02-08 12:59:26,1316.0,23.0,33.98
2024-02-08 13:09:33,1345.0,22.9,33.98
2024-02-08 13:19:39,1292.0,23.0,33.59
2024-02-08 13:29:45,1349.0,22.9,33.59
2024-02-08 13:39:52,1536.0,22.9,34.38
2024-02-08 13:49:58,1574.0,23.0,34.38
2024-02-08 14:00:01,1599.0,22.9,34.77
2024-02-08 14:10:03,1601.0,23.0,34.77
2024-02-08 14:20:09,1692.0,23.0,35.16
2024-02-08 14:30:16,1781.0,23.0,35.16
2024-02-08 14:40:22,1780.0,23.0,35.55
2024-02-08 14:50:29,1906.0,23.0,35.55
2024-02-08 15:00:35,1859.0,23.0,35.55
2024-02-08 15:10:42,1871.0,23.0,35.55
2024-02-08 15:20:48,1805.0,23.0,35.94
2024-02-08 15:30:54,1796.0,23.0,35.55
2024-02-08 15:41:01,1807.0,23.0,35.55
2024-02-08 15:51:07,1906.0,23.1,35.55
2024-02-08 16:01:14,1818.0,23.0,35.55
2024-02-08 16:11:20,1806.0,22.9,35.16
2024-02-08 16:21:26,1779.0,23.0,35.16
2024-02-08 16:31:33,1608.0,23.0,34.77
2024-02-08 16:41:39,1608.0,23.0,34.77
2024-02-08 16:51:46,1558.0,23.0,34.77
2024-02-08 17:01:51,1574.0,23.0,34.77
2024-02-08 17:11:57,1511.0,23.0,34.77
2024-02-08 17:22:08,1444.0,23.0,34.77
2024-02-08 17:32:10,1397.0,23.0,34.77
2024-02-08 17:42:13,1395.0,22.9,34.38
2024-02-08 17:52:19,1333.0,22.9,34.38
2024-02-08 18:01:53,1333.0,22.9,34.38
2024-02-08 18:12:08,1315.0,23.0,34.38
2024-02-08 18:22:28,1305.0,23.0,34.38
2024-02-08 18:32:48,1295.0,23.0,34.38
2024-02-08 18:42:52,1239.0,23.0,34.38
2024-02-08 18:52:58,1249.0,23.0,33.98
2024-02-08 19:03:05,1245.0,22.9,33.98
2024-02-08 19:13:11,1221.0,23.0,33.98
2024-02-08 19:23:18,1159.0,22.9,34.38
2024-02-08 19:33:24,1237.0,23.0,33.98
2024-02-08 19:43:31,1174.0,22.9,33.98
2024-02-08 19:53:37,1161.0,23.0,33.98
2024-02-08 20:03:43,1116.0,22.9,33.98
2024-02-08 20:13:50,1105.0,22.9,33.98
2024-02-08 20:23:56,1141.0,23.0,33.98
2024-02-08 20:34:03,1097.0,22.9,33.59
2024-02-08 20:44:09,1084.0,23.0,33.98
2024-02-08 20:54:15,1082.0,23.0,33.59
2024-02-08 21:04:21,1084.0,22.9,33.59
2024-02-08 21:14:27,1113.0,22.9,33.59
2024-02-08 21:24:34,1067.0,23.0,33.59
2024-02-08 21:34:40,1056.0,22.9,33.59
2024-02-08 21:44:46,1021.0,22.9,33.59
2024-02-08 21:54:53,989.0,22.9,33.59
2024-02-08 22:04:59,993.0,23.0,33.59
2024-02-08 22:15:06,998.0,22.9,33.59
2024-02-08 22:25:12,998.0,22.9,33.59
2024-02-08 22:35:18,991.0,23.0,33.59
2024-02-08 22:45:25,1034.0,23.0,33.59
2024-02-08 22:55:31,938.0,23.0,33.59
2024-02-08 23:05:38,956.0,22.9,33.59
2024-02-08 23:15:44,897.0,22.9,33.59
2024-02-08 23:25:51,1002.0,22.9,33.59
2024-02-08 23:35:57,976.0,23.0,33.59
2024-02-08 23:46:03,976.0,22.9,33.59
2024-02-08 23:56:10,921.0,22.9,33.59
2024-02-09 00:06:12,976.0,22.9,33.59
2024-02-09 00:16:15,930.0,22.9,33.59
2024-02-09 00:26:21,1004.0,22.9,33.59
2024-02-09 00:35:55,1004.0,22.9,33.59
2024-02-09 00:46:10,897.0,22.9,33.59
2024-02-09 00:56:30,949.0,23.0,33.59
2024-02-09 01:06:46,835.0,23.0,33.59
2024-02-09 01:16:46,870.0,23.0,33.59
2024-02-09 01:26:33,914.0,23.0,33.59
2024-02-09 01:36:51,874.0,23.0,33.59
2024-02-09 01:46:53,917.0,22.9,33.59
2024-02-09 01:56:56,844.0,22.9,33.59
2024-02-09 02:06:58,830.0,22.9,33.59
2024-02-09 02:17:01,849.0,22.9,33.59
2024-02-09 02:26:47,846.0,22.9,33.59
2024-02-09 02:37:05,908.0,23.0,33.59
2024-02-09 02:46:52,837.0,22.9,33.59
2024-02-09 02:57:10,864.0,22.9,33.59
2024-02-09 03:07:13,826.0,22.9,33.59
2024-02-09 03:17:15,840.0,22.9,33.59
2024-02-09 03:27:17,864.0,22.9,33.59
2024-02-09 03:37:20,833.0,23.0,33.59
2024-02-09 03:47:22,798.0,22.9,33.59
2024-02-09 03:57:25,892.0,22.9,33.59
2024-02-09 04:07:27,843.0,22.9,33.59
2024-02-09 04:17:29,838.0,22.9,33.59
2024-02-09 04:27:16,833.0,22.9,33.59
2024-02-09 04:37:34,817.0,22.8,33.59
2024-02-09 04:47:37,847.0,22.9,33.59
2024-02-09 04:57:39,759.0,22.9,33.2
2024-02-09 05:07:40,834.0,22.9,33.2
2024-02-09 05:17:43,806.0,22.9,33.2
2024-02-09 05:27:45,789.0,22.9,33.2
2024-02-09 05:37:47,833.0,22.8,33.2
2024-02-09 05:47:50,798.0,22.9,33.2
2024-02-09 05:57:52,780.0,22.8,33.2
2024-02-09 06:07:55,787.0,22.9,33.2
2024-02-09 06:17:57,737.0,22.9,33.2
2024-02-09 06:27:59,808.0,22.9,33.2
2024-02-09 06:38:02,805.0,22.9,32.81
2024-02-09 06:48:04,801.0,22.9,32.81
2024-02-09 06:58:07,777.0,22.9,32.81
2024-02-09 07:07:37,777.0,22.9,32.81
2024-02-09 07:17:47,789.0,22.8,32.81
2024-02-09 07:28:03,754.0,22.9,32.81
2024-02-09 07:38:20,715.0,22.9,32.81
2024-02-09 07:48:20,707.0,22.9,32.81
2024-02-09 07:58:22,804.0,22.9,32.81
2024-02-09 08:08:24,858.0,22.9,32.81
2024-02-09 08:18:27,875.0,22.9,33.2
2024-02-09 08:28:29,907.0,22.9,33.59
2024-02-09 08:38:32,948.0,22.9,33.59
2024-02-09 08:48:38,997.0,22.8,33.98
2024-02-09 08:58:40,1062.0,22.8,34.38
2024-02-09 09:08:42,1133.0,22.8,34.38
2024-02-09 09:18:48,1113.0,22.8,34.38
2024-02-09 09:28:54,1199.0,22.8,34.38
2024-02-09 09:39:01,1220.0,22.9,34.77
2024-02-09 09:49:07,1386.0,22.9,34.77
2024-02-09 09:59:14,1409.0,22.8,35.16
2024-02-09 10:09:04,1482.0,22.8,35.55
2024-02-09 10:19:31,1659.0,22.8,35.94
2024-02-09 10:29:33,1701.0,22.9,35.94
2024-02-09 10:39:35,1633.0,22.9,35.55
2024-02-09 10:49:42,1578.0,22.8,34.77
2024-02-09 10:59:32,1584.0,22.9,34.77
2024-02-09 11:09:53,1550.0,22.9,33.98
2024-02-09 11:20:00,1646.0,22.8,34.38
2024-02-09 11:30:06,1563.0,22.9,34.38
2024-02-09 11:40:13,1611.0,22.9,34.38
2024-02-09 11:50:19,1600.0,23.0,34.38
2024-02-09 12:00:25,1464.0,23.0,34.38
2024-02-09 12:10:16,1575.0,23.0,34.38
2024-02-09 12:20:38,1628.0,23.0,34.38
2024-02-09 12:30:45,1705.0,23.0,34.77
2024-02-09 12:40:51,1805.0,22.9,34.77
2024-02-09 12:50:58,1870.0,23.0,34.77
2024-02-09 13:01:04,1743.0,23.0,34.77
2024-02-09 13:11:10,1732.0,23.0,34.77
